COD_ACIDENTE;DIA;MES;ANO;HORA;INTERSECAO;LOG1;LOG2;LOG3;NUMERO;REFERENCIA;NATUREZA;ILUMINACAO;TEMPO;SUPERFICIEPISTA;TIPOCRUZAMENTO;CONTROLETRAFEGO;USOSOLO;MORTOS;FERIDOS;ILESOS;AUTOMOVEL;ONIBUS;BICICLETA;CAMINHAO;MICROONIBUS;CICLOMOTOR;MOTOCICLETA;TRACAOANIMAL;TREM;LONG;LAT
277977;5;1;2016;14:05;0;AV SEN CARLOS JEREISSATI (AEROPORTO);;;;;Colisão;Luz do Dia;;;Meio de Quadra;;;0;0;2;0;0;0;0;0;0;0;0;0;;
277980;5;1;2016;15:29;0;AV SEN CARLOS JEREISSATI (AEROPORTO);;;;;Colisão;Luz do Dia;;;Meio de Quadra;;;0;0;2;0;0;0;0;0;0;0;0;0;;
277984;5;1;2016;16:19;24226;RUA FAUSTO CABRAL;RUA DES WALDETARIO P MOTA;;;;Colisão;Luz do Dia;;;Cruz;Pare;Lazer;0;0;2;0;0;0;0;0;0;0;0;0;-38,478283;-3,733093
277988;5;1;2016;17:17;7850;RUA CEL ALVES TEIXEIRA;RUA JOSE VILAR;;;;Colisão;Anoitecer;;;Cruz;Pare;Residencial;0;0;2;1;0;0;0;0;0;0;0;0;-38,508198;-3,746707
277992;5;1;2016;18:29;19611;RUA NEREU RAMOS;AV GODOFREDO MACIEL;;;;Colisão;Anoitecer;;;T;Semáforo;Residencial;0;0;2;0;0;0;0;0;0;0;0;0;-38,566802;-3,78725
277995;5;1;2016;18:40;0;AV GAL OSORIO DE PAIVA;;;1821;;Colisão;;;;Meio de Quadra;;;0;0;2;0;0;0;0;0;0;0;0;0;-38,578554;-3,783254
275584;5;1;2016;09:27;0;RD BR 116;;;5000;KM-05;Queda;Luz do Dia;;;Meio de Quadra;;;0;2;0;0;0;0;0;0;0;1;0;0;-38,506787;-3,796502
275601;5;1;2016;19:50;0;RD BR 116;;;3000;KM-03;Colisão Lateral;;Bom;Seca;Meio de Quadra;;Rural;0;1;1;1;0;0;1;0;0;0;0;0;-38,514372;-3,779838
278005;5;1;2016;20:23;0;RUA EVILASIO A MIRANDA;;;;;Colisão;;;;Meio de Quadra;;;0;0;2;0;0;0;0;0;0;0;0;0;;
278006;5;1;2016;20:32;0;RUA PIAUI;;;;;Choque c/ Obstáculo Fixo;;;;Meio de Quadra;;;0;1;0;0;0;0;0;0;0;0;0;0;;
278013;5;1;2016;23:21;17513;AV ABOLICAO;RUA MANUEL JACARE;;;;Colisão;;;;;;;0;0;2;0;0;0;0;0;0;0;0;0;-38,487572;-3,726087
278014;5;1;2016;01:40;12426;AV SEN FERNANDES TAVORA;RUA RIBEIRO LEITAO;;;;Colisão;;;;Cruz;Pare;Residencial;0;0;2;0;0;0;0;0;0;0;0;0;-38,578199;-3,764304
278009;5;1;2016;20:34;13191;AV E CJ JOSE WALTER;AV JOAO DE ARAUJO LIMA;;;;Colisão;;;;;;;0;0;2;0;0;0;0;0;0;0;0;0;-38,560664;-3,833289
276460;5;1;2016;18:50;0;AV DEP PAULINO ROCHA;;;;;Colisão;;;;Meio de Quadra;;;0;1;1;1;0;0;0;0;0;1;0;0;;
276468;5;1;2016;19:52;0;AV DR THEBERGE;;;869;;Queda;;;;Meio de Quadra;;;0;1;0;0;0;0;0;0;0;1;0;0;-38,563719;-3,710908
275943;5;1;2016;01:17;0;RUA SAO FELIPE D71;;;744;;Queda;;;;Meio de Quadra;;;0;1;0;0;0;0;0;0;0;1;0;0;;
275946;5;1;2016;01:38;0;AV DR SILAS MUNGUBA;;;36;;Atropelamento;;;;Meio de Quadra;;;0;2;0;0;0;0;0;0;0;1;0;0;;
275947;5;1;2016;02:01;0;AV MR HULL;;;5136;;Queda;;;;Meio de Quadra;;;0;2;0;0;0;0;0;0;0;1;0;0;-38,590345;-3,739487
275949;5;1;2016;02:01;0;AV MR HULL;;;;;Colisão;;;;Meio de Quadra;;;0;1;1;1;0;0;0;0;0;1;0;0;;
275950;5;1;2016;02:08;0;AV OLIVEIRA PAIVA;;;;;Queda;;;;Meio de Quadra;;;0;1;0;0;0;0;0;0;0;1;0;0;;
275849;5;1;2016;08:00;0;RD BR 222;;;500;KM-02;Colisão Lateral;Luz do Dia;Bom;Seca;Meio de Quadra;;;0;1;1;1;0;0;0;0;0;1;0;0;-38,58704;-3,739009
275850;5;1;2016;08:45;0;RD BR 222;;;;KM-03;Colisão Lateral;Luz do Dia;Bom;Seca;Meio de Quadra;;;0;0;2;1;1;0;0;0;0;0;0;0;-38,595941;-3,740301
275974;5;1;2016;05:17;9617;RUA ARI MAIA;RUA DR FERNANDO AUGUSTO;;;;Atropelamento;Amanhecer;;;;;;0;1;1;0;0;0;0;0;0;1;0;0;-38,622349;-3,787008
275977;5;1;2016;13:03;15751;RUA CESARIO LANGE;RUA DR JOAQUIM BENTO;;;;Colisão;Luz do Dia;;;T;Pare;Rural;0;0;2;1;0;0;0;0;0;0;0;0;-38,490403;-3,829292
275978;5;1;2016;06:29;0;AV GODOFREDO MACIEL;;;4739;;Queda;Luz do Dia;;;Meio de Quadra;;;0;1;1;0;0;0;0;0;0;1;0;0;-38,574582;-3,816977
275980;5;1;2016;06:47;0;AV CASTANHOLEIRAS;;;405;;Colisão;Luz do Dia;;;Meio de Quadra;;;0;1;0;0;0;0;0;0;0;0;0;0;-38,468534;-3,752996
275951;5;1;2016;02:22;0;RUA POMPILIO GOMES;;;542;;Choque c/ Obstáculo Fixo;;;;Meio de Quadra;;;0;1;2;1;0;0;0;0;0;1;0;0;;
275952;5;1;2016;02:36;0;RUA PERGENTINO MAIA;;;364;;Atropelamento;;;;Meio de Quadra;;;0;1;1;0;0;0;0;0;0;1;0;0;;
275989;5;1;2016;02:49;0;AV ODILON GUIMARAES;;;1280;;Colisão;;;;Meio de Quadra;;;0;1;1;1;0;0;0;0;0;1;0;0;;
275991;5;1;2016;07:39;0;RUA SERIDIAO MONTENEGRO;;;111;;Queda;Luz do Dia;;;Meio de Quadra;;;0;2;0;0;0;0;0;0;0;1;0;0;;
275997;5;1;2016;09:03;9197;RUA JAIME BENEVOLO;RUA COSTA ARAUJO;;;;Colisão;Luz do Dia;;;Cruz;Pare;Residencial;0;1;1;1;0;0;0;0;0;1;0;0;-38,53042;-3,747162
275999;5;1;2016;10:46;0;RUA EMILIO DE MENESES;;;1130;;Colisão;Luz do Dia;;;;;;0;1;1;0;0;0;0;0;0;1;0;0;-38,59167;-3,780545
276000;5;1;2016;11:35;1522;RUA EDUARDO GARCIA;RUA CEL JUCA;;;;Colisão;Luz do Dia;;;Cruz;Pare;Residencial;0;1;1;1;0;0;0;0;0;1;0;0;-38,492166;-3,740419
276001;5;1;2016;11:47;0;AV GODOFREDO MACIEL;;;4848;;Colisão;Luz do Dia;;;Meio de Quadra;;;0;0;2;0;0;0;0;0;0;0;0;0;-38,575665;-3,818343
276005;5;1;2016;11:53;0;AV ENG HUMBERTO MONTE;;;;;Colisão;Luz do Dia;;;Meio de Quadra;;;0;1;1;1;0;0;0;0;0;1;0;0;;
276014;5;1;2016;13:01;12685;AV CEL CARVALHO;AV DA INDEPENDENCIA;;;;Colisão;Luz do Dia;;;Cruz;Semáforo;Comercial;0;1;1;1;0;0;0;0;0;1;0;0;-38,584952;-3,728711
276016;5;1;2016;13:02;0;RUA CON DE CASTRO;;;6015;;Colisão;Luz do Dia;;;Meio de Quadra;;;0;2;0;1;0;0;0;0;0;1;0;0;-38,599336;-3,815337
276028;5;1;2016;14:03;0;AV GODOFREDO MACIEL;;;;;Colisão;Luz do Dia;;;Meio de Quadra;;;0;1;1;1;0;0;0;0;0;1;0;0;;
276030;5;1;2016;14:23;0;AV HERACLITO GRACA;;;895;;Atropelamento;Luz do Dia;;;Meio de Quadra;;;0;2;1;0;0;0;0;0;0;1;0;0;-38,516748;-3,736001
276033;5;1;2016;14:36;0;RUA CON DE CASTRO;;;8739;;Queda;Luz do Dia;;;Meio de Quadra;;;0;1;1;0;0;0;0;0;0;1;0;0;-38,604346;-3,821617
276035;5;1;2016;14:37;0;RUA JOAO CORDEIRO;;;1732;;Atropelamento;Luz do Dia;;;Meio de Quadra;;;0;1;1;1;0;0;0;0;0;0;0;0;-38,516344;-3,735917
276038;5;1;2016;14:44;0;AV PRS CASTELO BRANCO;;;5595;;Queda;Luz do Dia;;;Meio de Quadra;;;0;1;0;0;0;0;0;0;0;1;0;0;-38,580929;-3,703239
276041;5;1;2016;15:28;0;RUA PAURILO BARROSO;;;307;;Colisão;Luz do Dia;;;Meio de Quadra;;;0;1;1;1;0;0;0;0;0;1;0;0;-38,569498;-3,800329
276249;5;1;2016;16:15;0;AV SEN CARLOS JEREISSATI (AEROPORTO);;;;KM 02;Colisão;Luz do Dia;;Molhada;Meio de Quadra;;;0;0;2;1;0;0;0;0;0;0;0;0;-38,535424;-3,782194
276244;5;1;2016;11:20;0;RD CE-040;;;;KM-09;Colisão;Luz do Dia;;Molhada;Meio de Quadra;;;0;0;2;1;0;0;0;0;0;0;0;0;-38,481538;-3,825516
276268;5;1;2016;17:00;0;RD CE-040;;;;KM-04;Colisão;Anoitecer;Bom;Seca;Meio de Quadra;;;0;1;2;1;0;0;0;0;0;0;0;0;-38,481084;-3,782614
276054;5;1;2016;15:31;0;RUA EUCLIDES PAULINO BARROSO;;;529;;Colisão;Luz do Dia;;;Meio de Quadra;;;0;1;1;1;0;0;0;0;0;1;0;0;;
276055;5;1;2016;16:56;0;AV BEZERRA DE MENEZES;;;;;Atropelamento;Luz do Dia;;;Meio de Quadra;;;0;1;1;1;0;0;0;0;0;0;0;0;;
272761;5;1;2016;15:10;19561;AV GODOFREDO MACIEL;RUA ANTONIO BANDEIRA D41;;;;Colisão Traseira;Luz do Dia;Bom;Seca;T;Semáforo;Comercial;0;0;2;1;0;0;0;0;0;0;0;0;-38,565838;-3,783278
272759;5;1;2016;14:15;9197;RUA JAIME BENEVOLO;RUA COSTA ARAUJO;;;;Colisão;Luz do Dia;Bom;Seca;Cruz;Pare;Residencial;0;1;1;1;0;0;0;0;0;1;0;0;-38,53042;-3,747162
272764;5;1;2016;08:06;15141;AV MON TABOSA;RUA CARLOS VASCONCELOS;;;;Colisão Lateral;Luz do Dia;Bom;Seca;Cruz;Gesto;Misto;0;0;2;1;1;0;0;0;0;0;0;0;-38,507985;-3,724289
272720;5;1;2016;21:00;22297;AV BEZERRA DE MENEZES;RUA PDE ANCHIETA;;;;Colisão Traseira;Via Iluminada;Bom;Seca;Cruz;Semáforo;Comercial;0;0;2;1;0;0;0;0;0;0;0;0;-38,552298;-3,733155
272738;5;1;2016;11:00;22294;RUA SOARES BULCAO;RUA ANTONINA DO NORTE;;;;Colisão;Luz do Dia;Bom;Seca;Cruz;Pare;Residencial;0;0;2;0;0;0;0;0;0;0;0;0;-38,553581;-3,731642
272733;5;1;2016;11:00;23468;RUA ESV PINHEIRO;RUA CRUZ ABREU;;;;Colisão Traseira;Luz do Dia;Bom;Seca;Cruz;Pare;Residencial;0;0;2;0;0;0;0;0;0;0;0;0;-38,50784;-3,757508
272723;5;1;2016;20:40;14680;AV OLIVEIRA PAIVA;RUA LIDIA BRIGIDO;;;;Colisão Traseira;Via Iluminada;Bom;Seca;Cruz;Semáforo;Comercial;0;0;2;1;0;0;0;0;0;0;0;0;-38,484139;-3,796087
272725;5;1;2016;22:20;4530;AV DEP PAULINO ROCHA;RUA TEN TITO BARROS;;;;Colisão;Via Iluminada;Bom;Seca;Cruz;Pare;Residencial;0;1;1;1;0;0;0;0;0;1;0;0;-38,507311;-3,801032
272727;5;1;2016;18:45;5473;AV HERACLITO GRACA;RUA JOAO CORDEIRO;;;;Atropelamento;;Bom;Seca;T;Não Há Controle;Residencial;0;2;1;0;0;0;0;0;0;1;0;0;;
272707;5;1;2016;21:00;19366;RUA GERMANO FRANCK;AV DR SILAS MUNGUBA;;;;Colisão;Via Iluminada;Bom;Seca;Cruz;Semáforo;Comercial;0;0;2;1;0;0;0;0;0;0;0;0;-38,562004;-3,777251
272709;5;1;2016;09:30;8951;RUA ANTONIO POMPEU;RUA RUBIA SAMPAIO;;;;Colisão Transversal;Luz do Dia;Bom;Seca;Cruz;Pare;Comercial;0;0;2;1;0;0;0;0;0;0;0;0;-38,540544;-3,731652
272640;5;1;2016;15:00;13602;AV ROGACIANO LEITE;RUA DR THOMPSON BULCAO;;;;Colisão Traseira;Luz do Dia;Bom;Seca;Cruz;Semáforo Intermitente;Comercial;0;0;2;1;0;0;0;0;0;0;0;0;-38,496968;-3,767788
272688;5;1;2016;08:30;0;RUA NEREU RAMOS;;;206;;Colisão Traseira;Luz do Dia;Chuva;Molhada;Meio de Quadra;Não Há Controle;Comercial;0;0;2;1;0;0;0;0;0;0;0;0;-38,568807;-3,786525
272692;5;1;2016;17:00;0;AV 13 DE MAIO;;;927;;Colisão;Anoitecer;Bom;Seca;Meio de Quadra;Semáforo;Comercial;0;0;2;1;0;0;0;0;0;0;0;0;-38,527751;-3,750675
272694;5;1;2016;17:47;5761;RUA PEDRO FIRMEZA;RUA VIS BARBACENA D61;;;;Colisão;Anoitecer;Bom;Seca;Cruz;Pare;Escola;0;0;2;1;0;0;0;0;0;0;0;0;-38,489353;-3,798153
272697;5;1;2016;11:15;0;RUA SEN POMPEU;;;1020;;Colisão Transversal;Luz do Dia;Bom;Seca;Meio de Quadra;Não Há Controle;;0;0;2;1;0;0;0;0;0;1;0;0;-38,529562;-3,726719
272700;5;1;2016;14:30;185;RUA BALDUINO FREIRE;AV ENG SERRAINE;;;;Colisão;Luz do Dia;Bom;Seca;Cruz;Pare;Comercial;0;0;2;1;0;0;0;0;0;0;0;0;-38,585511;-3,735387
272590;5;1;2016;12:30;0;AV SEN CARLOS JEREISSATI (AEROPORTO);;;3000;AEROPORTO;Colisão Transversal;Luz do Dia;Bom;Seca;Meio de Quadra;Semáforo;Outros;0;0;2;1;0;0;0;0;0;0;0;0;-38,541414;-3,780382
272593;5;1;2016;14:30;0;RUA ANTONIO COSTA MENDES (PQ SÃO JOSÉ);;;;;Colisão Lateral;Luz do Dia;Bom;Seca;Meio de Quadra;Pare;Residencial;0;0;2;1;1;0;0;0;0;0;0;0;;
272597;5;1;2016;22:30;13659;RUA REV BOLIVAR P BANDEIRA;RUA DR THOMPSON BULCAO;;;;Colisão Transversal;Via Iluminada;Bom;Seca;Cruz;;Residencial;0;0;2;1;0;0;0;0;0;0;0;0;-38,492006;-3,770002
272600;5;1;2016;09:00;0;AV OLIVEIRA PAIVA;;;;;Colisão Traseira;Luz do Dia;Bom;Seca;Meio de Quadra;Semáforo;Comercial;0;0;2;1;0;0;0;0;0;0;0;0;;
272602;5;1;2016;10:00;15584;RUA ALVES RIBEIRO;RUA LOPES TROVAO;;;;Colisão Lateral;Luz do Dia;Bom;Seca;Cruz;Não Há Controle;Residencial;0;0;2;0;0;0;1;0;0;0;0;0;-38,501838;-3,82274
272606;5;1;2016;08:30;5076;RUA SEN POMPEU;RUA DR JOAO MOREIRA;;;;Colisão Traseira;Luz do Dia;Bom;Seca;Cruz;Semáforo;Comercial;0;0;2;1;0;0;0;0;0;0;0;0;-38,528275;-3,7224
272610;5;1;2016;19:45;15343;RUA PEREIRA FILGUEIRAS;RUA NUNES VALENTE;;;;Colisão Transversal;Via Iluminada;Bom;Seca;Cruz;Semáforo;Comercial;0;0;2;1;0;0;0;0;0;0;0;0;-38,50231;-3,731786
272614;5;1;2016;16:40;19683;RUA AZEVEDO BOLAO;RUA PRO JOSE DE BARCELOS;;;;Colisão Lateral;Luz do Dia;Bom;Seca;Cruz;Gesto;Comercial;0;0;2;1;0;0;0;0;0;0;0;0;-38,55061;-3,735196
272749;6;1;2016;21:30;0;AV BAR STUDART;;;;;Colisão Lateral;;;;Meio de Quadra;;;0;0;2;1;1;0;0;0;0;0;0;0;;
272763;6;1;2016;;15136;AV MON TABOSA;RUA ANTONIO AUGUSTO;;;;Colisão Lateral;;;;Cruz;Pare;Comercial;0;0;2;1;0;0;0;0;0;0;0;0;-38,511469;-3,724092
272768;6;1;2016;11:10;15271;RUA PEREIRA FILGUEIRAS;RUA ILDEFONSO ALBANO;;;;Colisão Transversal;Luz do Dia;;;Cruz;Semáforo;Misto;0;0;2;1;0;0;1;0;0;0;0;0;-38,511864;-3,728706
277077;6;1;2016;02:36;0;RUA DES OTACILIO PEIXOTO;;;;;Colisão;;;;Meio de Quadra;;;0;1;2;1;0;0;0;0;0;1;0;0;;
277078;6;1;2016;03:05;348;RUA PRO LINO ENCARNACAO;RUA CESAR FONTENELE;;;;Colisão;;;;Cruz;Pare;Misto;0;1;1;1;0;0;0;0;0;1;0;0;-38,559596;-3,746359
277082;6;1;2016;04:52;1358;AV SANTOS DUMONT;AV DES MOREIRA;;;;Colisão;;;;Cruz;Semáforo;Comercial;0;1;1;1;0;0;0;0;0;1;0;0;-38,498365;-3,736226
277084;6;1;2016;05:07;84;AV MR HULL;RUA PDE PERDIGAO SAMPAIO;;;;Queda;Amanhecer;;;;;;0;1;0;0;0;0;0;0;0;1;0;0;-38,594635;-3,740113
277099;6;1;2016;08:18;0;RUA BERNARDO MANUEL;;;;;Queda;Luz do Dia;;;Meio de Quadra;;;0;1;0;0;0;0;0;0;0;1;0;0;;
277101;6;1;2016;08:29;0;AV PERIMETRAL;;;;;Colisão;Luz do Dia;;;Meio de Quadra;;;0;1;1;1;0;0;0;0;0;1;0;0;;
277110;6;1;2016;08:30;0;RUA LUIS VIEIRA;;;;;Atropelamento;Luz do Dia;;;Meio de Quadra;;;0;1;1;0;0;0;0;0;0;1;0;0;;
277113;6;1;2016;09:44;0;AV VIS RIO BRANCO;;;;;Colisão;Luz do Dia;;;Meio de Quadra;;;0;1;1;1;0;0;0;0;0;1;0;0;;
277115;6;1;2016;10:14;0;AV JOSE BASTOS;;;4438;;Colisão;Luz do Dia;;;Meio de Quadra;;;0;1;1;1;0;0;0;0;0;1;0;0;-38,555827;-3,755362
277116;6;1;2016;10:47;0;AV DIOGUINHO;;;977;;Colisão;Luz do Dia;;;Meio de Quadra;;;0;1;0;0;0;0;0;0;0;0;0;0;;
277119;6;1;2016;11:27;10005;RUA DUAS NACOES;RUA TAQUARI;;;;Colisão;Luz do Dia;;;Cruz;Pare;Residencial;0;1;1;1;0;0;0;0;0;1;0;0;-38,601822;-3,776149
277121;6;1;2016;11:29;0;AV JOAO PESSOA;;;6358;;Colisão;Luz do Dia;;;Meio de Quadra;;;0;1;0;0;0;0;0;0;0;0;0;0;-38,559288;-3,765975
277122;6;1;2016;13:41;0;RUA TIBURCIO CAVALCANTE;;;2860;;Colisão;Luz do Dia;;;Meio de Quadra;;;0;1;1;1;0;0;0;0;0;1;0;0;;
277123;6;1;2016;14:01;0;RUA ANARIO BRAGA;;;326;;Atropelamento;Luz do Dia;;;Meio de Quadra;;;0;1;1;0;0;0;0;0;0;1;0;0;-38,589571;-3,73792
277124;6;1;2016;14:13;0;AV WASHINGTON SOARES;;;46;;Colisão;Luz do Dia;;;Meio de Quadra;;;0;1;1;1;0;0;0;0;0;0;0;0;;
277125;6;1;2016;14:25;0;AV PERIMETRAL;;;;;Colisão;Luz do Dia;;;Meio de Quadra;;;0;1;0;0;0;0;0;0;0;0;0;0;;
277133;6;1;2016;14:42;0;AV TEN LISBOA;;;;;Colisão;Luz do Dia;;;Meio de Quadra;;;0;1;0;0;0;0;0;0;0;0;0;0;;
277134;6;1;2016;15:23;0;AV MR HULL;;;;;Atropelamento;Luz do Dia;;;Meio de Quadra;;;0;1;1;0;0;0;0;0;0;1;0;0;;
277135;6;1;2016;15:25;0;RUA GAL RABELO;;;152;;Colisão;Luz do Dia;;;Meio de Quadra;;;0;2;1;1;0;0;0;0;0;1;0;0;-38,604651;-3,804636
276274;6;1;2016;08:45;0;RD CE-040;;;;KM-07;Colisão;Luz do Dia;;Seca;Meio de Quadra;;;0;1;1;1;0;0;0;0;0;0;0;0;-38,478733;-3,809597
276470;6;1;2016;01:33;0;RUA ANTONIO ROCHA;;;650;;Colisão;;;;Meio de Quadra;;;0;1;1;1;0;0;0;0;0;1;0;0;-38,49909;-3,778687
276472;6;1;2016;01:41;0;AV SGT HERMINIO SAMPAIO;;;1197;;Colisão;;;;Meio de Quadra;;;0;1;1;1;0;0;0;0;0;1;0;0;-38,55116;-3,724704
276444;6;1;2016;22:00;7694;RUA RIO GRANDE DO SUL;RUA RIO GRANDE DO NORTE;;;;Colisão;;;;Cruz;Pare;Residencial;0;0;1;0;0;0;0;0;0;0;0;0;-38,567559;-3,758617
276426;6;1;2016;17:20;0;RD CE-040;;;;KM-07;Colisão;Anoitecer;;;Meio de Quadra;;;0;1;1;1;0;0;0;0;0;1;0;0;-38,478733;-3,809597
276427;6;1;2016;17:50;0;AV SEN CARLOS JEREISSATI (AEROPORTO);;;;KM 01;Colisão;Anoitecer;;Seca;Meio de Quadra;;;0;0;2;1;0;0;0;0;0;0;0;0;-38,52685;-3,783753
276428;6;1;2016;20:00;0;RD CE-025;;;;KM-01;Choque c/ Obstáculo Fixo;Via Iluminada;;Seca;Meio de Quadra;;;0;0;1;1;0;0;0;0;0;0;0;0;-38,470049;-3,807811
273248;6;1;2016;17:00;0;AV JOAO PESSOA;;;6217;;Colisão Transversal;Anoitecer;;;Meio de Quadra;;;0;1;1;0;1;0;0;0;0;1;0;0;-38,558711;-3,764566
276276;6;1;2016;12:00;0;RD CE-060;;;;KM-01;Colisão;Luz do Dia;;Seca;Meio de Quadra;;;0;0;2;0;1;0;1;0;0;0;0;0;-38,58015;-3,828411
276357;6;1;2016;14:10;0;RD CE-040;;;;KM-05;Colisão;Luz do Dia;Bom;Seca;Meio de Quadra;;;0;0;2;1;1;0;0;0;0;0;0;0;-38,480331;-3,791613
276403;6;1;2016;09:20;348;RUA CESAR FONTENELE;RUA PRO LINO ENCARNACAO;;;;Colisão;Luz do Dia;;;Cruz;Pare;Misto;0;1;1;0;0;0;1;0;0;1;0;0;-38,559596;-3,746359
272896;6;1;2016;12:45;7775;AV ANTONIO SALES;AV BAR STUDART;;;;Colisão Lateral;Luz do Dia;;;Cruz;Semáforo;Comercial;0;0;2;1;0;0;0;0;0;0;0;0;-38,509378;-3,743288
272933;6;1;2016;08:40;0;RUA DES OTACILIO PEIXOTO;;;200;;Colisão;Luz do Dia;;;Meio de Quadra;;;0;1;1;1;0;0;0;0;0;1;0;0;;
273006;6;1;2016;15:40;0;AV GOV RAUL BARBOSA;;;1100;;Colisão Lateral;Luz do Dia;;;Meio de Quadra;;;0;0;2;1;0;0;1;0;0;0;0;0;;
273011;6;1;2016;12:30;26198;RUA BAR AQUIRAZ;RUA FREDERICO FELIX;;;;Colisão Transversal;Luz do Dia;;;Com Via Férrea;Pare;Comercial;0;0;2;1;0;0;0;0;0;0;0;0;;
273029;6;1;2016;13:50;0;RUA DR JOAQUIM BENTO;;;;;Colisão Lateral;Luz do Dia;;;Meio de Quadra;;;0;0;2;0;1;0;1;0;0;0;0;0;;
273040;6;1;2016;17:55;0;AV BEZERRA DE MENEZES;;;;;Colisão Lateral;Anoitecer;;;Meio de Quadra;;;0;1;1;1;1;0;0;0;0;0;0;0;;
273046;6;1;2016;15:00;0;AV CESAR CALS;;;97;;Colisão;Luz do Dia;;;Meio de Quadra;;;0;1;1;1;0;0;0;0;0;1;0;0;;
273083;6;1;2016;18:55;0;RUA CON DE CASTRO;;;3336;;Colisão Traseira;;;;Meio de Quadra;;;0;0;1;1;0;0;0;0;0;0;0;0;-38,584913;-3,797405
273100;6;1;2016;20:30;0;RUA GAL RABELO;;;150;;;;;;Meio de Quadra;;;0;1;1;1;0;0;0;0;0;1;0;0;-38,604637;-3,80462
273117;6;1;2016;07:20;0;RUA ANTONIO ROCHA;;;640;;Colisão Transversal;Luz do Dia;;;Meio de Quadra;;;0;1;1;1;0;0;0;0;0;1;0;0;-38,499108;-3,77859
273125;6;1;2016;18:00;0;AV SANTOS DUMONT;;;1150;;Colisão Transversal;Anoitecer;;;Meio de Quadra;;;0;0;2;1;0;0;0;0;0;0;0;0;-38,513654;-3,731247
273133;6;1;2016;09:20;1243;RUA PEREIRA FILGUEIRAS;RUA DR JOSE LOURENCO;;;;Colisão;Luz do Dia;;;Cruz;Pare;Comercial;0;1;1;0;0;0;0;0;0;1;0;0;-38,50647;-3,730449
273157;6;1;2016;19:00;10955;RUA ALM RUBIM;RUA LIVINO DE CARVALHO;;;;Colisão Traseira;;;;T;Pare;Comercial;0;0;2;1;0;0;0;0;0;0;0;0;-38,55688;-3,771576
273160;6;1;2016;19:00;9191;RUA MARIO MAMEDE;RUA MARTINHO RODRIGUES;;;;Tombamento;;;;Cruz;Pare;Residencial;0;0;3;1;0;0;0;0;0;0;0;0;-38,526088;-3,753845
278015;6;1;2016;03:37;3859;RUA JUVENAL GALENO;AV DA UNIVERSIDADE;;;;Colisão;;;;Cruz;Semáforo;Comercial;0;0;2;0;0;0;0;0;0;0;0;0;-38,538143;-3,739893
278017;6;1;2016;07:14;0;AV VIS RIO BRANCO;;;;;Colisão;Luz do Dia;;;Meio de Quadra;;;0;0;2;0;0;0;0;0;0;0;0;0;;
278029;6;1;2016;08:34;23373;RUA OSVALDO CRUZ (ALDEOTA);RUA CAP TIBURCIO DA FROTA;;;;Colisão;Luz do Dia;;;Cruz;Pare;Misto;0;0;2;1;0;0;0;0;0;0;0;0;-38,506329;-3,754269
278032;6;1;2016;08:39;6823;RUA DR RIBAMAR LOBO;RUA DR GILBERTO STUDART;;;;Colisão;Luz do Dia;;;;;;0;0;2;0;0;0;0;0;0;0;0;0;-38,468361;-3,747662
278035;6;1;2016;08:40;0;RUA DRAGAO DO MAR;;;505;;Colisão;Luz do Dia;;;Meio de Quadra;;;0;0;2;0;0;0;0;0;0;0;0;0;-38,516404;-3,72179
278037;6;1;2016;09:20;22082;RUA CAP FRANCISCO PEDRO;RUA ALEXANDRE BARAUNA;;;;Colisão;Luz do Dia;;;;Não Há Controle;Comercial;0;0;2;0;0;0;0;0;0;0;0;0;-38,550539;-3,74902
278043;6;1;2016;10:07;0;RUA JOSE AVELINO;;;303;;Colisão;Luz do Dia;;;Meio de Quadra;;;0;0;2;0;0;0;0;0;0;0;0;0;-38,520716;-3,722306
278051;6;1;2016;12:23;1601;RUA VIS MAUA;RUA PDE VALDEVINO;;;;Colisão;Luz do Dia;;;Cruz;Pare;Comercial;0;0;2;0;0;0;0;0;0;0;0;0;-38,501876;-3,743773
278059;6;1;2016;12:52;0;RUA SAO PAULO;;;;;Colisão;Luz do Dia;;;Meio de Quadra;;;0;0;2;0;0;0;0;0;0;0;0;0;;
278061;6;1;2016;12:57;5318;RUA PDE IBIAPINA;RUA GAL CLARINDO DE QUEIROZ;;;;Colisão;Luz do Dia;;;Cruz;Pare;Comercial;0;0;2;0;0;0;0;0;0;0;0;0;-38,540084;-3,729518
278062;6;1;2016;13:00;0;RUA LUIS VIEIRA;;;203;;Colisão;Luz do Dia;;;Meio de Quadra;;;0;0;2;0;0;0;0;0;0;0;0;0;-38,586377;-3,796555
278047;6;1;2016;12:14;0;RUA DOIS;;;909;;Colisão;Luz do Dia;;;Meio de Quadra;;;0;0;2;0;0;0;0;0;0;0;0;0;;
278073;6;1;2016;13:46;5711;AV OLIVEIRA PAIVA;RUA CHICO LEMOS;;;;Colisão;Luz do Dia;;;Cruz;Semáforo;Comercial;0;0;2;0;0;0;0;0;0;0;0;0;-38,497091;-3,795857
278095;6;1;2016;14:14;7813;RUA JULIO SIQUEIRA;RUA TIBURCIO CAVALCANTE;;;;Colisão;Luz do Dia;;;Cruz;Pare;Misto;0;0;2;0;0;0;1;0;0;0;0;0;-38,507128;-3,750135
278096;6;1;2016;14:26;0;AV OLIVEIRA PAIVA;;;;;Colisão;Luz do Dia;;;Meio de Quadra;;;0;0;2;1;0;0;0;0;0;0;0;0;;
278099;6;1;2016;17:37;0;RUA ALBERTO FEITOSA LIMA;;;;;Colisão;Anoitecer;;;Meio de Quadra;;;0;0;2;0;0;0;0;0;0;0;0;0;;
278102;6;1;2016;14:49;0;AV GAL OSORIO DE PAIVA;;;;;Choque c/ Obstáculo Fixo;Luz do Dia;;;Meio de Quadra;;;0;0;1;0;0;0;0;0;0;0;0;0;;