COD_ACIDENTE;DIA;MES;ANO;HORA;INTERSECAO;LOG1;LOG2;LOG3;NUMERO;REFERENCIA;NATUREZA;ILUMINACAO;TEMPO;SUPERFICIEPISTA;TIPOCRUZAMENTO;CONTROLETRAFEGO;USOSOLO;MORTOS;FERIDOS;ILESOS;AUTOMOVEL;ONIBUS;BICICLETA;CAMINHAO;MICROONIBUS;CICLOMOTOR;MOTOCICLETA;TRACAOANIMAL;TREM;LONG;LAT
278103;6;1;2016;15:04;502;RUA PRO VIRGILIO DE MORAIS;AV SEN FERNANDES TAVORA;;;;Colisão;Luz do Dia;;;Cruz;Semáforo;Comercial;0;2;0;0;0;0;0;0;0;0;0;0;-38,597421;-3,755286
278107;6;1;2016;15:55;0;AV 13 DE MAIO;;;;;Colisão;Luz do Dia;;;Meio de Quadra;;;0;0;2;1;0;0;0;0;0;0;0;0;;
278123;6;1;2016;16:18;19006;RUA JULIO AZEVEDO;AV ENG ALBERTO SA;;;;Colisão;Luz do Dia;;;Cruz;Pare;Residencial;0;0;2;0;0;0;0;0;0;0;0;0;-38,476848;-3,734278
278124;6;1;2016;16:27;7860;AV SEN VIRGILIO TAVORA;AV ANTONIO SALES;;;;Colisão;Luz do Dia;;;Cruz;Semáforo;Comercial;0;0;2;0;0;0;0;0;0;0;0;0;-38,4965;-3,747279
278129;6;1;2016;17:53;0;RUA CON DE CASTRO;;;;;Colisão;Anoitecer;;;Meio de Quadra;;;0;0;2;0;0;0;0;0;0;0;0;0;;
278131;6;1;2016;18:15;0;RUA TIBURCIO CAVALCANTE;;;2855;;Colisão;Anoitecer;;;Meio de Quadra;;;0;0;2;0;0;0;0;0;0;0;0;0;-38,507103;-3,750057
278134;6;1;2016;18:57;0;AV CEL CARVALHO;;;;;Colisão;;;;Meio de Quadra;;;0;0;2;0;0;0;0;0;0;0;0;0;;
278140;6;1;2016;22:11;9174;AV 13 DE MAIO;RUA DEP OSWALDO STUDART;;;;Colisão;;;;Cruz;Semáforo Intermitente;Comercial;0;0;2;0;0;0;0;0;0;0;0;0;-38,526507;-3,751738
278141;6;1;2016;22:25;6756;AV ANTONIO SALES;AV ENG SANTANA JUNIOR;;;;Colisão;;;;Outros;Não Há Controle;Comercial;0;0;2;0;0;0;0;0;0;0;0;0;-38,490039;-3,749257
275605;6;1;2016;17:40;0;RD BR 116;;;100;KM-13;Colisão Lateral;Anoitecer;Bom;Seca;Meio de Quadra;;Rural;0;0;2;1;0;0;1;0;0;0;0;0;-38,49773912;-3,865784711
278149;7;1;2016;04:35;0;AV CARNEIRO DE MENDONCA;;;;;Colisão;;;;Meio de Quadra;;;0;0;2;0;0;0;0;0;0;0;0;0;;
278150;7;1;2016;06:39;12954;AV PRS COSTA E SILVA;AV DOS EXPEDICIONARIOS;;;;Colisão;Luz do Dia;;;;;;0;0;2;0;0;0;0;0;0;0;0;0;;
278152;7;1;2016;07:20;0;AV JOSE BASTOS;;;;;Colisão;Luz do Dia;;;Meio de Quadra;;;0;0;2;0;0;0;0;0;0;0;0;0;;
278155;7;1;2016;07:21;6738;RUA DES WALDETARIO P MOTA;RUA VILEBALDO AGUIAR;;;;Colisão;Luz do Dia;;;Cruz;Pare;Residencial;0;0;2;1;0;0;0;0;0;1;0;0;-38,483787;-3,741853
278168;7;1;2016;08:24;0;AV TRISTAO GONCALVES;;;262;IGREJA UNIVERSAL;Colisão;Luz do Dia;;;Meio de Quadra;;;0;0;2;0;0;0;0;0;0;0;0;0;;
278132;7;1;2016;14:25;20042;AV ALBERTO CRAVEIRO;AV DEP PAULINO ROCHA;;;;Colisão;Luz do Dia;;;;;;0;0;2;0;0;0;0;0;0;0;0;0;-38,524782;-3,807229
274083;7;1;2016;10:45;5213;RUA CONDE D´EU;RUA SAO PAULO;;;;Colisão Traseira;Luz do Dia;Chuva;Molhada;Cruz;Gesto;Comercial;0;0;2;1;0;0;0;0;0;0;0;0;-38,525915;-3,726579
274085;7;1;2016;15:50;2669;RUA DAS CARAVELAS;RUA SEN ROBERT KENNEDY;;;;Colisão Lateral;Luz do Dia;Bom;Molhada;T;Não Há Controle;Misto;0;0;2;1;0;0;0;0;0;1;0;0;-38,57631;-3,69829
274087;7;1;2016;22:30;0;RUA BERNARDO MANUEL;;;8259;;Colisão Lateral;Via Iluminada;Chuva;Molhada;Meio de Quadra;Não Há Controle;Comercial;0;1;1;1;0;0;0;0;0;1;0;0;-38,549248;-3,791601
274088;7;1;2016;07:10;0;AV PRS COSTA E SILVA;;;2382;;Colisão Lateral;Luz do Dia;Chuva;Molhada;Meio de Quadra;Outros;Residencial;0;0;2;1;0;0;1;0;0;0;0;0;-38,560535;-3,820054
278179;7;1;2016;09:24;23483;RUA CARVALHO JUNIOR;RUA BELISARIO TAVORA;;;;Colisão;Luz do Dia;;;;;;0;0;2;0;0;0;0;0;0;0;0;0;;
278186;7;1;2016;10:32;17398;RUA VICENTE SPINDOLA;RUA ANTONIO CORREIA LIMA;;;;Colisão;Luz do Dia;;;Cruz;Pare;Residencial;0;0;2;0;0;0;0;0;0;0;0;0;-38,543475;-3,767488
278194;7;1;2016;11:34;12875;AV DOMINGOS OLIMPIO;RUA COS TRISTAO;;;;Colisão;Luz do Dia;;;T;Não Há Controle;Misto;0;0;2;0;0;0;0;0;0;0;0;0;-38,526351;-3,738077
278212;7;1;2016;11:42;5359;RUA METON DE ALENCAR;RUA TEREZA CRISTINA;;;;Colisão;Luz do Dia;;;Cruz;Não Há Controle;Comercial;0;0;2;0;0;0;0;0;0;0;0;0;-38,538031;-3,731262
278213;7;1;2016;11:43;7992;AV JOAO PESSOA;RUA ANA NERY;;;;Colisão;Luz do Dia;;;Cruz;Não Há Controle;Comercial;0;0;2;0;0;0;0;0;0;0;0;0;-38,546781;-3,74946
278214;7;1;2016;12:40;0;AV 13 DE MAIO;;;;;Colisão;Luz do Dia;;;Meio de Quadra;;;0;0;2;0;0;0;0;0;0;0;0;0;;
278230;7;1;2016;20:17;0;AV ALBERTO CRAVEIRO;;;466;;Colisão;;;;Meio de Quadra;;;0;0;2;0;0;0;0;0;0;0;0;0;-38,51656;-3,782812
278239;7;1;2016;14:50;0;AV DR SILAS MUNGUBA;;;;;Colisão;Luz do Dia;;;Meio de Quadra;;;0;0;2;0;0;0;0;0;0;0;0;0;;
278240;7;1;2016;14:51;0;AV DR SILAS MUNGUBA;;;;;Colisão;Luz do Dia;;;Meio de Quadra;;;0;0;2;0;0;0;1;0;0;0;0;0;;
278241;7;1;2016;15:41;1716;AV GOV RAUL BARBOSA;RUA CAP ARAGAO;;;;Colisão;Luz do Dia;;;;;;0;0;2;0;0;0;0;0;0;0;0;0;-38,508802;-3,763977
278242;7;1;2016;16:04;0;RUA EDILSON GOMES;;;;;Colisão;Luz do Dia;;;Meio de Quadra;;;0;0;2;0;0;0;0;0;0;0;0;0;;
278258;7;1;2016;19:30;0;RUA CARLOS JEREISSATI (PICI);;;;;Colisão;;;;Meio de Quadra;;;0;0;2;1;0;0;1;0;0;0;0;0;;
278263;7;1;2016;19:51;19133;AV ENG SANTANA JUNIOR;RUA PEREIRA DE MIRANDA;;;;Colisão;;;;T;Pare;Residencial;0;0;2;0;0;0;0;0;0;0;0;0;-38,484204;-3,739031
278254;7;1;2016;17:54;19783;RUA ARMANDO OLIVEIRA;RUA AZEVEDO BOLAO;;;;Colisão;Anoitecer;;;Cruz;Pare;Residencial;0;0;2;0;0;0;0;0;0;0;0;0;-38,567475;-3,738662
278256;7;1;2016;18:25;0;RUA EDUARDO PERDIGAO;;;;;Colisão;Anoitecer;;;Meio de Quadra;;;0;0;2;0;0;0;0;0;0;0;0;0;;
278269;7;1;2016;19:56;15139;RUA BAR ARACATI;AV MON TABOSA;;;;Colisão;;;;Cruz;Pare;Comercial;0;0;2;0;0;0;0;0;0;0;0;0;-38,509158;-3,724226
278271;7;1;2016;20:37;12867;RUA JOAQUIM MAGALHAES;RUA JAIME BENEVOLO;;;;Colisão;;;;Cruz;Pare;Comercial;0;0;2;0;0;0;0;0;0;0;0;0;-38,527961;-3,739942
278272;7;1;2016;20:39;0;AV PRS COSTA E SILVA;;;;;Colisão;;;;Meio de Quadra;;;0;0;2;0;0;0;0;0;0;0;0;0;;
278274;7;1;2016;20:58;0;RUA AMELIA BENEBIEN;;;333;;Colisão;;;;Meio de Quadra;;;0;0;2;0;0;0;0;0;0;0;0;0;;
278279;7;1;2016;22:25;0;AV SGT HERMINIO SAMPAIO;;;3244;;Colisão;;;;Meio de Quadra;;;0;0;2;0;0;0;0;0;0;0;0;0;-38,569752;-3,728011
278280;7;1;2016;23:04;3767;AV IMPERADOR;AV DOMINGOS OLIMPIO;;;;Colisão;;;;Cruz;Semáforo;Comercial;0;0;2;0;0;0;0;0;0;1;0;0;-38,536697;-3,73479
273562;7;1;2016;10:30;19676;AV BEZERRA DE MENEZES;RUA PEDRO DE QUEIROZ;;;;Colisão Lateral;Luz do Dia;Nublado;Molhada;Cruz;Não Há Controle;Comercial;0;0;2;1;0;0;1;0;0;0;0;0;-38,560822;-3,734912
273566;7;1;2016;08:30;19732;RUA GUSTAVO SAMPAIO;RUA TIP SALES;;;;Colisão Transversal;Luz do Dia;Bom;Seca;Cruz;Pare;Residencial;0;1;1;1;0;0;0;0;0;1;0;0;-38,564917;-3,737013
273568;7;1;2016;11:00;0;AV JOVITA FEITOSA;;;1086;;Colisão Traseira;Luz do Dia;Chuva;Molhada;Meio de Quadra;Semáforo;Residencial;0;1;1;1;1;0;0;0;0;0;0;0;-38,553877;-3,739343
273572;7;1;2016;14:20;0;AV AGUANAMBI;RD BR 116;;;ROTATÓRIA;Colisão Traseira;Luz do Dia;Bom;Seca;Meio de Quadra;Semáforo;Comercial;0;0;2;1;0;0;0;0;0;0;0;0;;
273580;7;1;2016;18:30;0;AV JOVITA FEITOSA;;;2988;;Colisão Traseira;Anoitecer;Bom;Seca;Meio de Quadra;Não Há Controle;Misto;0;0;2;1;0;0;0;0;0;0;0;0;-38,564398;-3,741478
273583;7;1;2016;15:10;15357;RUA PEREIRA VALENTE;RUA LEONARDO MOTA;;;;Colisão Transversal;Luz do Dia;Bom;Seca;Cruz;Pare;Residencial;0;0;2;1;0;0;0;0;0;0;0;0;-38,495134;-3,732885
273592;7;1;2016;21:50;24956;AV ALM HENRIQUE SABOIA;RUA TAVARES COUTINHO;;;;Colisão Transversal;Via Iluminada;Chuva;Molhada;Cruz;Semáforo;Residencial;0;0;2;1;0;0;1;0;0;0;0;0;-38,48289;-3,732499
273595;7;1;2016;20:00;0;AV WENEFRIDO MELO;;;394;;Engavetamento;Via Iluminada;Bom;Seca;Meio de Quadra;Não Há Controle;Outros;0;0;3;1;0;0;1;0;0;0;0;0;-38,575476;-3,811098
273597;7;1;2016;16:00;0;RUA DOM EXPEDITO LOPES;;;;;Colisão Transversal;Luz do Dia;Bom;Seca;Meio de Quadra;Pare;Residencial;0;0;2;1;0;0;0;0;0;0;0;0;;
273669;7;1;2016;20:35;0;RUA BENTO ALBUQUERQUE;;;1450;;Colisão Traseira;Via Iluminada;Bom;Seca;Meio de Quadra;Pare;Residencial;0;0;2;1;0;0;0;0;0;0;0;0;-38,476883;-3,745776
273672;7;1;2016;14:30;0;RUA BENTO ALBUQUERQUE;;;1450;;Colisão Traseira;Luz do Dia;Chuva;Molhada;Meio de Quadra;Pare;Residencial;0;1;1;0;1;0;0;0;0;1;0;0;-38,476883;-3,745776
273675;7;1;2016;21:40;24939;AV BEZERRA DE MENEZES;RUA CEL MOZART GONDIM;;;;Colisão Lateral;;Nublado;Molhada;Cruz;Semáforo;Comercial;0;0;2;1;0;0;0;0;0;0;0;0;-38,558651;-3,734449
273663;7;1;2016;19:50;19115;AV ENG SANTANA JUNIOR;RUA LAURO NOGUEIRA;;;;Colisão Lateral;Via Iluminada;Chuva;Molhada;T;Pare;Comercial;0;0;2;1;0;0;0;0;0;0;0;0;-38,483756;-3,738325
273665;7;1;2016;20:30;9257;AV AGUANAMBI;RUA CEL PERGENTINO FERREIRA;;;;Colisão Traseira;Via Iluminada;Bom;Seca;Cruz;Semáforo;Misto;0;0;2;1;0;0;1;0;0;0;0;0;-38,524049;-3,748634
273677;7;1;2016;16:00;6809;RUA BENTO ALBUQUERQUE;RUA CESAR FONSECA;;;;Colisão Transversal;Luz do Dia;Nublado;Seca;Cruz;Pare;Residencial;0;0;2;1;0;0;0;0;0;0;0;0;-38,47409;-3,746679
273679;7;1;2016;15:00;0;AV PRS JUSCELINO KUBITSCHEK (PASSARÉ);;;;ROTATÓRIA CASTELÃO;Colisão Lateral;Luz do Dia;Nublado;Seca;Meio de Quadra;Pare;Residencial;0;0;2;1;0;0;1;0;0;0;0;0;;
273682;7;1;2016;11:00;17379;RUA EDITE BRAGA;RUA TEN MOACIR MATOS;;;;Colisão Lateral;Luz do Dia;Nublado;;Cruz;Pare;Residencial;0;1;1;1;0;0;0;0;0;0;0;0;-38,552921;-3,766915
277174;7;1;2016;06:00;0;AV PRS CASTELO BRANCO;;;3100;;Atropelamento;Luz do Dia;;;Meio de Quadra;;;0;0;2;0;0;0;0;0;0;1;0;0;-38,557253;-3,711624
277175;7;1;2016;06:11;0;AV JOVITA FEITOSA;;;1074;;Colisão;Luz do Dia;;;Meio de Quadra;;;0;0;2;1;1;0;0;0;0;0;0;0;-38,553669;-3,739302
277176;7;1;2016;06:30;1534;RUA EDUARDO GARCIA;RUA MON CATAO;;;;Colisão;Luz do Dia;;;Cruz;Pare;Residencial;0;1;1;0;0;0;0;0;0;1;0;0;-38,491196;-3,740726
277177;7;1;2016;07:08;0;AV MAJ ASSIS;;;;;Colisão;Luz do Dia;;;Meio de Quadra;;;0;0;2;1;0;0;0;0;0;1;0;0;;
277178;7;1;2016;07:29;0;RUA EDITE BRAGA;;;2150;;Colisão;Luz do Dia;;;Meio de Quadra;;;0;1;1;1;0;0;0;0;0;0;0;0;-38,552867;-3,766852
277183;7;1;2016;09:25;0;RUA DNA MENDINHA;;;286;;Atropelamento;Luz do Dia;;;Meio de Quadra;;;1;0;1;0;0;0;0;0;0;1;0;0;-38,569073;-3,705342
277184;7;1;2016;09:56;0;AV WASHINGTON SOARES;;;;;Colisão;Luz do Dia;;;Meio de Quadra;;;0;1;1;1;0;0;0;0;0;1;0;0;;
277180;7;1;2016;08:03;12875;AV DOMINGOS OLIMPIO;RUA COS TRISTAO;;;;Queda;Luz do Dia;;;T;Não Há Controle;Misto;0;1;0;0;0;0;0;0;0;1;0;0;-38,526351;-3,738077
277181;7;1;2016;08:34;0;AV J CJ CEARA;;;2624;;Queda;Luz do Dia;;;Meio de Quadra;;;0;1;0;0;0;0;0;0;0;1;0;0;-38,618933;-3,772225
277200;7;1;2016;10:30;19789;RUA DOM MANUEL DE MEDEIROS;RUA ERICO MOTA;;;;Queda;Luz do Dia;;;Cruz;Pare;Residencial;0;1;0;0;0;0;0;0;0;1;0;0;-38,5623;-3,738739
277201;7;1;2016;10:58;10977;RUA JULIO VERNE;RUA OUTONO;;;;Colisão;Luz do Dia;;;Cruz;Pare;Comercial;0;1;1;0;0;0;1;0;0;1;0;0;-38,554348;-3,77493
277203;7;1;2016;11:16;0;AV PRS CASTELO BRANCO;;;;;Atropelamento;Luz do Dia;;;Meio de Quadra;;;0;1;1;0;0;0;0;0;0;1;0;0;;
277208;7;1;2016;13:59;0;AV JOAO PESSOA;;;;;Colisão;Luz do Dia;;;Meio de Quadra;;;0;1;1;1;0;0;1;0;0;0;0;0;;
277212;7;1;2016;14:33;0;RUA SAO JOSE D22;;;;;Colisão;Luz do Dia;;;Meio de Quadra;;;0;1;0;0;0;0;0;0;0;0;0;0;;
277213;7;1;2016;14:34;0;AV DR SILAS MUNGUBA;;;;;Queda;Luz do Dia;;;Meio de Quadra;;;0;1;0;0;0;0;0;0;0;1;0;0;;
277214;7;1;2016;15:10;2742;RUA OSCAR ARARIPE;RUA MARIA JULIA;;;;Colisão;Luz do Dia;;;Cruz;Semáforo;Comercial;0;1;1;0;0;0;0;0;0;1;0;0;-38,599484;-3,79113
277215;7;1;2016;15:43;5709;AV OLIVEIRA PAIVA;AV DES GONZAGA;;;;Queda;Luz do Dia;;;Cruz;Semáforo;Comercial;0;1;0;0;0;0;0;0;0;1;0;0;;
277216;7;1;2016;16:01;0;RUA OSVALDO CRUZ;;;196;;Colisão;Luz do Dia;;;Meio de Quadra;;;0;1;2;1;0;0;0;0;0;1;0;0;;
277218;7;1;2016;17:28;0;RUA FREDERICO BORGES;;;;;Colisão;Anoitecer;;;Meio de Quadra;;;0;1;1;1;0;0;0;0;0;1;0;0;;
277219;7;1;2016;17:41;4114;AV PRS CASTELO BRANCO;RUA LUCAS PINTO;;;;Colisão;Anoitecer;;;Duplo T;Semáforo;Comercial;0;1;1;1;0;0;0;0;0;1;0;0;-38,558025;-3,711416
277220;7;1;2016;17:49;25210;AV BEIRA MAR;RUA FRE MANSUETO;;;;Atropelamento;Anoitecer;;;T;Pare;Residencial;0;1;1;1;0;0;0;0;0;0;0;0;-38,489755;-3,724071
277221;7;1;2016;19:05;25003;AV SGT HERMINIO SAMPAIO;AV DR THEBERGE;;;;Colisão;;;;Cruz;Semáforo;Misto;0;1;0;0;0;0;0;0;0;0;0;0;-38,569276;-3,727916
277222;7;1;2016;19:31;0;AV JOVITA FEITOSA;;;673;;Queda;;;;Meio de Quadra;;;0;1;0;0;0;0;0;0;0;1;0;0;-38,549852;-3,738498
277206;7;1;2016;13:17;0;AV DR SILAS MUNGUBA;;;894;;Colisão;Luz do Dia;;;Meio de Quadra;;;0;1;1;0;0;0;0;0;0;1;0;0;-38,557835;-3,781071
273259;7;1;2016;11:30;0;AV 13 DE MAIO;;;465;;Engavetamento;Luz do Dia;Chuva;Molhada;Meio de Quadra;Outros;Misto;0;0;5;1;0;0;0;0;0;0;0;0;-38,525563;-3,752537
273296;7;1;2016;14:00;19776;RUA AZEVEDO BOLAO;RUA MOREIRA DE SOUSA;;;;Colisão Lateral;Luz do Dia;Nublado;Molhada;Cruz;Pare;Outros;0;0;2;1;0;0;0;0;0;0;0;0;-38,566735;-3,738489
273299;7;1;2016;14:00;0;AV ANTONIO SALES;;;3410;;Colisão Transversal;Luz do Dia;Bom;Seca;Meio de Quadra;Semáforo;Comercial;0;0;2;1;0;0;0;0;0;0;0;0;-38,494494;-3,747916
273319;7;1;2016;13:00;0;AV ALBERTO CRAVEIRO;;;466;;Colisão Traseira;Luz do Dia;;;Meio de Quadra;;;0;1;2;1;0;0;0;0;0;1;0;0;-38,51656;-3,782812
273326;7;1;2016;13:30;25143;AV AUGUSTO DOS ANJOS;AV MON SALVIANO;;;;Colisão Lateral;Luz do Dia;Bom;Seca;Cruz;Pare;Comercial;0;0;2;0;0;0;0;0;0;1;0;0;-38,572836;-3,773094
273557;7;1;2016;16:30;0;AV JOAO PESSOA;;;5455;;Colisão Traseira;Luz do Dia;Bom;Seca;Meio de Quadra;Não Há Controle;Residencial;0;2;1;1;0;0;1;0;0;0;0;0;-38,555585;-3,759265
276430;7;1;2016;13:15;0;RD CE-040;;;;KM-02;Choque c/ Obstáculo Fixo;Luz do Dia;Bom;Seca;Meio de Quadra;;;0;0;1;1;0;0;0;0;0;0;0;0;-38,482583;-3,76465
276433;7;1;2016;14:35;0;RD CE-040;;;;KM-09;Colisão;Luz do Dia;Bom;Seca;Meio de Quadra;;;0;0;2;0;1;0;0;0;0;0;0;0;-38,481538;-3,825516
276473;7;1;2016;19:20;0;RD CE-040;;;;KM-07;Colisão;Via Iluminada;;Seca;Meio de Quadra;;;0;0;2;1;0;0;0;0;0;0;0;0;-38,478733;-3,809597
276009;7;1;2016;22:27;5075;RUA ALM JACEGUAI;RUA JOSE AVELINO;;;;Colisão;;;;Cruz;Pare;Comercial;0;0;2;1;0;0;0;0;0;0;0;0;-38,519311;-3,722395
275983;7;1;2016;12:20;15346;RUA VIS MAUA;RUA PEREIRA VALENTE;;;;Colisão;Luz do Dia;;;Cruz;Pare;Residencial;0;0;2;1;0;0;0;0;0;0;0;0;-38,498067;-3,731927
275981;7;1;2016;06:00;5086;RUA PDE MORORO;RUA SAO PAULO;;;;Colisão;Luz do Dia;;;Cruz;Semáforo;Misto;0;0;2;1;0;0;0;0;0;0;0;0;-38,536741;-3,722996
277157;7;1;2016;01:21;7747;AV CARNEIRO DE MENDONCA;RUA ESTADO DO RIO;;;;Colisão;;;;T;Pare;Misto;0;1;1;1;0;0;0;0;0;1;0;0;-38,57239;-3,761099
277159;7;1;2016;02:35;0;RUA OSCAR FRANCA;;;246;;Colisão;;;;Meio de Quadra;;;0;1;1;1;0;0;0;0;0;1;0;0;-38,594755;-3,793508
277161;7;1;2016;02:42;6738;RUA DES WALDETARIO P MOTA;RUA VILEBALDO AGUIAR;;;;Colisão;;;;Cruz;Pare;Residencial;0;1;1;1;0;0;0;0;0;1;0;0;-38,483787;-3,741853
277165;7;1;2016;02:47;0;RUA NEREU RAMOS;;;431;;Queda;;;;Meio de Quadra;;;0;1;0;0;0;0;0;0;0;1;0;0;-38,570535;-3,785884
277166;7;1;2016;03:19;0;RUA GERMANO FRANCK;;;277;;Colisão;;;;Meio de Quadra;;;0;1;1;1;0;0;0;0;0;1;0;0;-38,559238;-3,774909
277163;7;1;2016;02:46;0;AV BEZERRA DE MENEZES;;;211;;Colisão;;;;Meio de Quadra;;;0;1;1;0;0;0;0;0;0;1;0;0;-38,546814;-3,732005
277171;7;1;2016;05:40;0;RUA DES LEITE ALBUQUERQUE;;;;;Colisão;Amanhecer;;;;;;0;1;1;1;0;0;0;0;0;1;0;0;-38,488443;-3,740544
275851;7;1;2016;11:40;0;RD BR 222;;;300;KM-02;Colisão Traseira;Luz do Dia;Chuva;Molhada;Meio de Quadra;;;0;0;2;1;0;0;0;1;0;0;0;0;-38,58704;-3,739009
273970;7;1;2016;11:30;1566;RUA PDE VALDEVINO;RUA SILVA PAULET;;;;Colisão Transversal;Luz do Dia;Chuva;Molhada;Cruz;Pare;Comercial;0;1;1;1;0;0;0;0;0;1;0;0;-38,507851;-3,741957
273971;7;1;2016;10:30;9156;AV LUCIANO CARNEIRO;RUA MIN JOAQUIM BASTOS D14;;;;Colisão Transversal;Luz do Dia;Chuva;Molhada;T;Semáforo;Misto;0;0;2;1;0;0;0;0;0;0;0;0;-38,53222;-3,750348
273973;7;1;2016;13:15;0;AV PRS CASTELO BRANCO;;;2419;;Colisão Lateral;Luz do Dia;Bom;Seca;Meio de Quadra;Não Há Controle;Misto;0;0;2;1;0;0;0;0;0;0;0;0;-38,549555;-3,713424
273977;7;1;2016;20:00;0;AV MON TABOSA;;;1152;;Colisão Lateral;Via Iluminada;Chuva;Molhada;Meio de Quadra;Semáforo;Outros;0;0;2;0;0;0;1;0;0;0;0;0;-38,508763;-3,724248
275852;8;1;2016;23:50;0;RD BR 222;;;300;KM-02;Atropelamento;;;;Meio de Quadra;;;0;3;1;1;0;0;0;0;0;0;0;0;-38,58704;-3,739009
278304;8;1;2016;09:09;3299;AV GAL OSORIO DE PAIVA;RUA COSMONAUTAS D34;;;;Colisão;Luz do Dia;;;T;Pare;Comercial;0;0;2;0;0;0;0;0;0;0;0;0;-38,586704;-3,788924
278312;8;1;2016;09:38;0;RUA PRO GOMES BRASIL;;;200;;Colisão;Luz do Dia;;;Meio de Quadra;;;0;0;2;0;0;0;0;0;0;0;0;0;-38,567652;-3,774031
278313;8;1;2016;09:59;0;RUA RECANTO VERDE;;;1362;;Colisão;Luz do Dia;;;Meio de Quadra;;;0;0;2;0;0;0;0;0;0;0;0;0;-38,511368;-3,837907
278328;8;1;2016;10:02;23567;AV GOV RAUL BARBOSA;RUA ESV PINHEIRO;;;;Colisão;Luz do Dia;;;Duplo T;Pare;Residencial;0;0;2;0;0;0;0;0;0;0;0;0;-38,507767;-3,761659
278330;8;1;2016;10:09;0;AV BEZERRA DE MENEZES;;;;;Colisão;Luz do Dia;;;Meio de Quadra;;;0;0;2;0;0;0;0;0;0;0;0;0;;
278333;8;1;2016;10:41;0;RUA DR CONDES SANDOVAL;;;155;;Colisão;Luz do Dia;;;Meio de Quadra;;;0;0;2;0;0;0;0;0;0;0;0;0;-38,523122;-3,843385
278336;8;1;2016;11:08;15292;AV ANTONIO JUSTA;RUA FRE MANSUETO;;;;Colisão;Luz do Dia;;;Cruz;Pare;Residencial;0;0;2;0;0;0;0;0;0;0;0;0;-38,48895;-3,729381
278339;8;1;2016;11:53;7951;AV PONTES VIEIRA;RUA OSVALDO CRUZ (ALDEOTA);;;;Colisão;Luz do Dia;;;Cruz;Semáforo;Comercial;0;0;2;0;0;0;0;0;0;0;0;0;-38,505539;-3,751781
278341;8;1;2016;;0;RUA CASTRO E SILVA;;;;;Colisão;;;;Meio de Quadra;;;0;0;2;0;0;0;0;0;0;0;0;0;;
278345;8;1;2016;14:26;15372;AV DOM LUIS;RUA CEL JUCA;;;;Colisão;Luz do Dia;;;Cruz;Semáforo;Comercial;0;0;2;0;0;0;0;0;0;0;0;0;-38,490579;-3,735452
278351;8;1;2016;15:14;5170;RUA SOBRAL D03;RUA SAO JOSE D03;;;;Colisão;Luz do Dia;;;Cruz;Semáforo;Comercial;0;0;2;0;0;0;0;0;0;0;0;0;-38,523726;-3,725302
278359;8;1;2016;15:23;0;AV EDUARDO GIRAO;;;;;Colisão;Luz do Dia;;;Meio de Quadra;;;0;0;2;0;0;0;0;0;0;0;0;0;;
278368;8;1;2016;15:25;0;AV B CJ JOSE WALTER;;;221;;Colisão;Luz do Dia;;;Meio de Quadra;;;0;0;2;0;0;0;0;0;0;0;0;0;-38,553385;-3,827253
278373;8;1;2016;16:21;5159;AV IMPERADOR;RUA GUILHERME ROCHA;;;;Colisão;Luz do Dia;;;Cruz;Semáforo;Comercial;0;0;2;0;0;0;0;0;0;0;0;0;-38,533829;-3,725081
278379;8;1;2016;16:37;3975;RUA ALBERTO MAGNO;RUA PRO COSTA MENDES;;;;Colisão;Luz do Dia;;;Cruz;Semáforo;Residencial;0;0;2;1;0;0;0;0;0;0;0;0;-38,543548;-3,757528
278384;8;1;2016;17:13;0;AV ALBERTO CRAVEIRO;;;507;MAKRO;Colisão;Anoitecer;;;Meio de Quadra;;;0;0;2;0;0;0;0;0;0;0;0;0;-38,51591;-3,781154
278400;8;1;2016;18:16;0;AV AUGUSTO DOS ANJOS;;;512;;Colisão;Anoitecer;;;Meio de Quadra;;;0;0;2;0;0;0;0;0;0;0;0;0;-38,573032;-3,773293
278409;8;1;2016;18:27;0;AV AGUANAMBI;;;;;Colisão;Anoitecer;;;Meio de Quadra;;;0;0;2;1;0;0;0;1;0;0;0;0;;
278411;8;1;2016;18:43;0;AV AUGUSTO DOS ANJOS;;;124;;Colisão;;;;Meio de Quadra;;;0;0;2;0;0;0;0;0;0;0;0;0;;
278419;8;1;2016;19:02;19533;RUA NEREU RAMOS;AV GAL OSORIO DE PAIVA;;;;Colisão;;;;Cruz;Semáforo;Comercial;0;0;2;0;0;0;0;0;0;0;0;0;-38,576828;-3,782196
278422;8;1;2016;19:03;0;AV C CJ CEARA;;;1820;;Colisão;;;;Meio de Quadra;;;0;0;2;0;0;0;0;0;0;0;0;0;;
278425;8;1;2016;19:23;0;AV COSTA OESTE;;;5144;;Colisão;;;;Meio de Quadra;;;0;0;2;0;0;0;0;0;0;0;0;0;;
276015;8;1;2016;16:47;0;AV IMPERADOR;;;;;Colisão;Luz do Dia;;;Meio de Quadra;;;0;0;2;0;0;0;0;0;0;1;0;0;;
276022;8;1;2016;18:24;19328;RUA CON DE CASTRO;RUA EDUARDO PERDIGAO;;;;Colisão;Anoitecer;;;Cruz;Não Há Controle;Comercial;0;0;2;1;1;0;0;0;0;0;0;0;-38,564769;-3,775579
276451;8;1;2016;21:00;1253;AV SANTOS DUMONT;RUA CARLOS VASCONCELOS;;;;Colisão;;;;Cruz;Semáforo;Comercial;0;0;1;1;0;0;0;0;0;0;0;0;-38,510558;-3,732252
276532;8;1;2016;07:10;0;AV SEN CARLOS JEREISSATI (AEROPORTO);;;;KM 01;Colisão;Luz do Dia;Bom;Seca;Meio de Quadra;;;0;0;2;1;0;0;0;0;0;0;0;0;-38,52685;-3,783753