COD_ACIDENTE;DIA;MES;ANO;HORA;INTERSECAO;LOG1;LOG2;LOG3;NUMERO;REFERENCIA;NATUREZA;ILUMINACAO;TEMPO;SUPERFICIEPISTA;TIPOCRUZAMENTO;CONTROLETRAFEGO;USOSOLO;MORTOS;FERIDOS;ILESOS;AUTOMOVEL;ONIBUS;BICICLETA;CAMINHAO;MICROONIBUS;CICLOMOTOR;MOTOCICLETA;TRACAOANIMAL;TREM;LONG;LAT
276534;8;1;2016;08:20;0;AV SEN CARLOS JEREISSATI (AEROPORTO);;;;KM 02;Colisão;Luz do Dia;Bom;Seca;Meio de Quadra;;;0;0;2;1;0;0;0;0;0;0;0;0;-38,535424;-3,782194
276536;8;1;2016;08:40;0;AV MIN JOSE AMERICO;;;;;Colisão;Luz do Dia;Bom;Seca;Meio de Quadra;;;0;1;1;1;0;1;0;0;0;0;0;0;;
276541;8;1;2016;18:40;0;RD CE-060;;;;KM-03;Colisão;;Nublado;Molhada;Meio de Quadra;;;0;0;2;1;0;0;0;0;0;0;0;0;-38,585024;-3,843072
273161;8;1;2016;17:20;0;AV DOMINGOS OLIMPIO;;;1608;;Colisão Traseira;Anoitecer;;;Meio de Quadra;;;0;0;2;1;0;0;0;0;0;0;0;0;-38,537208;-3,734631
273162;8;1;2016;06:10;0;AV GODOFREDO MACIEL;;;2020;;Colisão Lateral;Luz do Dia;;;Meio de Quadra;;;0;1;1;1;0;0;0;0;0;1;0;0;-38,569046;-3,793889
273163;8;1;2016;09:00;0;RUA RAIMUNDO NERY;;;561;;Colisão Traseira;Luz do Dia;;;Meio de Quadra;;;0;1;1;0;1;0;0;0;0;1;0;0;-38,586965;-3,792877
273164;8;1;2016;19:30;6750;RUA BATISTA DE OLIVEIRA;RUA VILEBALDO AGUIAR;;;;Colisão Lateral;;;;Cruz;Não Há Controle;Residencial;0;0;2;1;0;0;0;0;0;0;0;0;-38,480134;-3,743019
273165;8;1;2016;21:00;5372;RUA PINTO MADEIRA;RUA DNA LEOPOLDINA;;;;Colisão Lateral;;;;Cruz;Gesto;Comercial;0;0;2;1;0;0;0;0;0;0;0;0;-38,519664;-3,73165
273166;8;1;2016;21:30;22051;RUA CAP FRANCISCO PEDRO;RUA PRO JOAO BOSCO;;;;Colisão Transversal;;;;;;;0;0;3;1;0;0;0;0;0;0;0;0;-38,543795;-3,741524
273167;8;1;2016;15:06;15263;RUA JULIO IBIAPINA;RUA BARBALHA D19;;;;Colisão Lateral;Luz do Dia;;;;;;0;0;2;1;1;0;0;0;0;0;0;0;-38,490895;-3,728396
273168;8;1;2016;19:00;19657;AV BEZERRA DE MENEZES;RUA PRO RAIMUNDO ARRUDA;;;;Outros;;;;Cruz;Semáforo;Comercial;0;0;2;1;0;0;0;0;0;0;0;0;-38,552148;-3,733126
273169;8;1;2016;11:45;0;RUA PDE GUERRA;;;1128;;Colisão Transversal;Luz do Dia;;;;;;0;1;1;1;0;0;0;0;0;1;0;0;-38,554614;-3,73833
273170;8;1;2016;08:30;10005;RUA DUAS NACOES;RUA TAQUARI;;;;Colisão Transversal;Luz do Dia;;;Cruz;Pare;Residencial;0;0;2;1;1;0;0;0;0;0;0;0;-38,601822;-3,776149
273171;8;1;2016;19:50;5096;RUA GUILHERME ROCHA;RUA COS ESTELITA;;;;Colisão;;;;Cruz;Pare;Comercial;0;2;1;1;0;0;0;0;0;0;0;0;-38,539177;-3,723347
273134;8;1;2016;20:00;0;AV AUGUSTO DOS ANJOS;;;2016;;Colisão Transversal;;;;Meio de Quadra;;;0;0;2;1;1;0;0;0;0;0;0;0;-38,581841;-3,78325
273136;8;1;2016;18:20;0;RUA BAR ARATANHA;;;1276;;Colisão Lateral;Anoitecer;;;Meio de Quadra;;;0;0;2;1;0;0;0;0;0;0;0;0;-38,530071;-3,743939
273140;8;1;2016;15:30;25476;AV JOSE LEON;RUA CHICO LEMOS;;;;Colisão Lateral;Luz do Dia;;;T;Não Há Controle;Comercial;0;1;1;1;0;0;0;0;0;1;0;0;-38,50054;-3,788133
273144;8;1;2016;16:00;0;RUA PINTO MADEIRA;;;539;;Colisão Transversal;Luz do Dia;;;Meio de Quadra;;;0;0;2;1;0;0;0;0;0;0;0;0;-38,520226;-3,731486
273151;8;1;2016;18:40;0;RUA GOV JOAO CARLOS;;;950;;Colisão Traseira;;;;;;;0;0;2;1;0;0;0;0;0;0;0;0;-38,553835;-3,783764
273129;8;1;2016;07:40;3196;RUA EMILIO DE MENESES;RUA TAMIARANA;;;;Colisão Transversal;Luz do Dia;;;Cruz;Pare;Comercial;0;1;2;0;0;0;0;0;0;1;0;0;-38,591749;-3,780523
273122;8;1;2016;19:40;13534;AV SORIANO ALBUQUERQUE;RUA JOAO CORDEIRO;;;;Colisão Transversal;;;;Cruz;Pare;Residencial;0;0;2;1;0;0;0;0;0;0;0;0;-38,519458;-3,747871
273103;8;1;2016;12:00;10784;RUA PORTO VELHO;RUA TERESINA;;;;Colisão;Luz do Dia;;;Cruz;Não Há Controle;Residencial;0;2;1;1;0;0;0;0;0;1;0;0;-38,593428;-3,762585
273105;8;1;2016;11:30;25345;RUA PORTO VELHO;RUA VITORIA (AV. PERIMETRAL);;;;Colisão Traseira;Luz do Dia;;;Cruz;Semáforo;Residencial;0;0;2;1;0;0;0;0;0;1;0;0;-38,588528;-3,76517
273112;8;1;2016;10:00;0;AV PASTEUR;;;1157;;Colisão Lateral;Luz do Dia;;;Meio de Quadra;;;0;1;2;0;1;0;1;0;0;1;0;0;-38,560457;-3,716
273084;8;1;2016;19:30;0;AV PRS JUSCELINO KUBITSCHEK (PASSARÉ);;;;ROTATÓRIA CASTELÃO;Colisão Traseira;;;;Meio de Quadra;;;0;0;2;1;0;0;0;0;0;0;0;0;;
273071;8;1;2016;10:20;8930;AV DOMINGOS OLIMPIO;RUA JUSTINIANO DE SERPA;;;;Colisão Transversal;Luz do Dia;;;Outros;Semáforo;Residencial;0;1;1;1;0;0;0;0;0;1;0;0;-38,542468;-3,733011
273081;8;1;2016;19:30;7479;AV ALBERTO CRAVEIRO;RUA PEDRO DANTAS;;;;Colisão Traseira;;;;T;Semáforo;Comercial;0;0;2;1;0;0;0;0;0;0;0;0;-38,51722;-3,786753
273041;8;1;2016;15:00;13161;AV D CJ JOSE WALTER;RUA 69 CJ JOSE WALTER;;;;Colisão Transversal;Luz do Dia;;;T;Não Há Controle;Comercial;0;1;1;1;0;0;0;0;0;0;0;0;-38,555098;-3,831825
273030;8;1;2016;07:30;19587;AV GODOFREDO MACIEL;RUA PRIMEIRO DE JANEIRO;;;;Colisão Lateral;Luz do Dia;;;T;Outros;Comercial;0;0;2;0;1;0;0;1;0;0;0;0;;
273019;8;1;2016;10:00;0;RUA BAR ARATANHA;;;;;Colisão Lateral;Luz do Dia;;;Meio de Quadra;;;0;0;2;1;0;0;0;0;0;0;0;0;;
273023;8;1;2016;13:40;0;AV CARAPINIMA;;;;;Colisão Lateral;Luz do Dia;;;Meio de Quadra;;;0;0;2;1;0;0;1;0;0;0;0;0;;
273026;8;1;2016;19:20;1661;RUA JOAQUIM NABUCO;RUA VICENTE LINHARES;;;;Colisão Traseira;;;;Cruz;Pare;Comercial;0;0;2;1;0;0;0;0;0;0;0;0;-38,50318;-3,741195
273627;8;1;2016;18:30;0;AV ENG LUIS VIEIRA;;;;;Choque c/ Obstáculo Fixo;Anoitecer;;;Meio de Quadra;;;0;1;0;1;0;0;0;0;0;0;0;0;;
273628;8;1;2016;12:10;0;RUA FRANCISCO JOSE A PEREIRA;;;930;;Colisão Lateral;Luz do Dia;;;Meio de Quadra;;;0;0;2;1;0;0;0;0;0;0;0;0;;
273629;8;1;2016;15:00;0;AV BENJAMIM BRASIL;;;261;;Colisão;Luz do Dia;;;Meio de Quadra;;;0;1;1;0;0;0;0;0;0;1;0;0;-38,570922;-3,803603
273630;8;1;2016;16:30;15374;AV DOM LUIS;RUA FREDERICO BORGES;;;;Colisão Lateral;Luz do Dia;;;Cruz;Semáforo;Comercial;0;0;2;1;1;0;0;0;0;0;0;0;-38,489136;-3,73589
273631;8;1;2016;17:10;0;AV AGUANAMBI;;;90;;Colisão Traseira;Anoitecer;;;Meio de Quadra;;;0;1;3;1;0;0;0;0;0;0;0;0;-38,524261;-3,737723
273633;8;1;2016;13:30;15399;AV FRE CIRILO;RUA ALMEIDA REGO;;;;Colisão Lateral;Luz do Dia;;;Cruz;Semáforo;Comercial;0;0;2;1;0;0;0;0;0;0;0;0;-38,498444;-3,814967
273634;8;1;2016;08:50;0;AV DOS EXPEDICIONARIOS;;;4444;EXTRA;Colisão Traseira;Luz do Dia;;;Meio de Quadra;;;0;0;2;1;0;0;0;0;0;0;0;0;-38,538495;-3,756084
273636;8;1;2016;11:40;17899;AV SGT HERMINIO SAMPAIO;RUA EVANDRO LUZ;;;;Colisão Lateral;Luz do Dia;;;T;Pare;Comercial;0;1;2;1;0;0;0;0;0;1;0;0;-38,577549;-3,730841
273640;8;1;2016;09:00;0;RUA ANTONIO ARRUDA;;;1650;;Atropelamento;Luz do Dia;;;Meio de Quadra;;;1;0;1;0;0;0;0;0;0;1;0;0;-38,594378;-3,721419
273645;8;1;2016;10:21;0;AV SEN FERNANDES TAVORA;;;44;EXTRA;Outros;Luz do Dia;;;Meio de Quadra;;;0;1;0;0;0;0;0;0;0;1;0;0;-38,571286;-3,768776
277374;8;1;2016;11:54;0;AV MAJ ASSIS;;;1282;;Colisão;Luz do Dia;;;Meio de Quadra;;;0;1;2;1;0;0;0;0;0;1;0;0;-38,59066;-3,723179
277395;8;1;2016;13:05;0;RUA VITAL BRASIL;;;1552;;Colisão;Luz do Dia;;;Meio de Quadra;;;0;1;1;1;0;0;0;0;0;1;0;0;-38,594734;-3,778938
277403;8;1;2016;13:17;0;AV PRS CASTELO BRANCO;;;;;Queda;Luz do Dia;;;Meio de Quadra;;;0;1;1;0;0;0;0;0;0;1;0;0;;
277407;8;1;2016;14:07;0;AV ABOLICAO;;;4140;;Colisão;Luz do Dia;;;Meio de Quadra;;;0;1;1;1;0;0;0;0;0;1;0;0;;
277408;8;1;2016;14:15;13466;RUA PINHO PESSOA;RUA GONCALVES LEDO;;;;Queda;Luz do Dia;;;Cruz;Pare;Residencial;0;1;0;0;0;0;0;0;0;1;0;0;-38,519773;-3,744325
277430;8;1;2016;15:01;0;AV GOV RAUL BARBOSA;;;;;Colisão;Luz do Dia;;;Meio de Quadra;;;0;1;0;0;0;0;0;0;0;0;0;0;;
277431;8;1;2016;15:13;0;RUA HERMINIA BONAVIDES;;;;;Choque c/ Obstáculo Fixo;Luz do Dia;;;Meio de Quadra;;;0;1;1;1;0;0;0;0;0;0;0;0;;
277432;8;1;2016;16:12;0;AV CEL CARVALHO;;;321;;Queda;Luz do Dia;;;Meio de Quadra;;;0;1;1;0;0;0;0;0;0;1;0;0;;
277435;8;1;2016;16:26;0;RUA CEL MATOS DOURADO;;;;;Queda;Luz do Dia;;;Meio de Quadra;;;0;0;1;0;0;0;0;0;0;1;0;0;;
277436;8;1;2016;16:51;0;RUA CAP ARAGAO;;;427;;Atropelamento;Luz do Dia;;;Meio de Quadra;;;0;1;1;0;1;0;0;0;0;0;0;0;-38,514203;-3,765085
277428;8;1;2016;14:45;0;AV WASHINGTON SOARES;;;;;Queda;Luz do Dia;;;Meio de Quadra;;;0;1;0;0;0;0;0;0;0;1;0;0;;
277439;8;1;2016;18:25;0;AV H CJ CEARA;;;;;Queda;Anoitecer;;;Meio de Quadra;;;0;1;0;0;0;0;0;0;0;1;0;0;;
277443;8;1;2016;19:34;6425;AV G CJ CEARA;AV B CJ CEARA;;;;Colisão;;;;T;Pare;Residencial;0;2;0;0;0;0;0;0;0;0;0;0;-38,611556;-3,772599
277445;8;1;2016;19:41;0;AV CASTELO DE CASTRO;;;1140;;Atropelamento de Animal;;;;Meio de Quadra;;;0;1;1;0;0;0;0;0;0;1;0;0;-38,521749;-3,839052
277455;8;1;2016;19:44;0;RUA 24 DE OUTUBRO;;;216;;Atropelamento;;;;Meio de Quadra;;;0;2;0;0;0;0;0;0;0;1;0;0;-38,602434;-3,750775
277456;8;1;2016;20:50;0;AV MR HULL;;;5108;;Colisão;;;;Meio de Quadra;;;0;1;2;1;0;0;0;0;0;0;0;0;-38,590085;-3,739449
277284;8;1;2016;00:18;0;RUA DO CORRENTE;;;191;;Queda;;;;Meio de Quadra;;;0;1;0;0;0;1;0;0;0;0;0;0;-38,476401;-3,776686
277285;8;1;2016;01:36;0;AV GODOFREDO MACIEL;;;181;;Colisão;;;;Meio de Quadra;;;0;1;2;1;0;0;0;0;0;1;0;0;-38,564294;-3,77813
277294;8;1;2016;01:37;0;RUA CON DE CASTRO;;;8486;;Colisão;;;;Meio de Quadra;;;0;1;0;0;0;0;0;0;0;1;1;0;-38,602537;-3,819251
277298;8;1;2016;02:23;0;RUA EMILIO DE MENESES;;;1125;;Colisão;;;;Meio de Quadra;;;0;1;2;1;0;0;0;0;0;1;0;0;-38,591634;-3,780555
277300;8;1;2016;02:31;0;RUA ANTONIO ARRUDA;;;1;;Atropelamento;;;;Meio de Quadra;;;0;2;0;0;0;0;0;0;0;1;0;0;;
277303;8;1;2016;02:35;0;RUA BETEL;;;;;Atropelamento;;;;Meio de Quadra;;;0;1;1;1;0;0;0;0;0;0;0;0;;
277324;8;1;2016;02:54;0;AV 13 DE MAIO;;;;;Queda;;;;Meio de Quadra;;;0;1;0;0;0;0;0;0;0;1;0;0;;
277327;8;1;2016;03:11;0;AV PERIMETRAL;;;558;;Colisão;;;;Meio de Quadra;;;0;1;0;0;0;0;0;0;0;0;0;0;;
277328;8;1;2016;03:35;0;AV MIN JOSE AMERICO;;;1360;;Atropelamento;;;;Meio de Quadra;;;0;2;0;1;0;0;0;0;0;0;0;0;;
277341;8;1;2016;04:03;0;RUA PRO GOMES BRASIL;;;201;;Colisão;;;;Meio de Quadra;;;0;1;1;1;0;0;0;0;0;1;0;0;-38,567652;-3,774031
277344;8;1;2016;04:32;0;AV GOV RAUL BARBOSA;;;4262;;Queda;;;;Meio de Quadra;;;0;1;0;0;0;0;0;0;0;1;0;0;-38,507689;-3,761633
277345;8;1;2016;05:00;0;AV SGT HERMINIO SAMPAIO;;;4201;;Colisão;Amanhecer;;;Meio de Quadra;;;0;1;2;1;0;0;0;0;0;1;0;0;-38,577625;-3,73087
277350;8;1;2016;06:15;0;RUA CUIABA;;;193;;Queda;Luz do Dia;;;Meio de Quadra;;;0;1;0;0;0;0;0;0;0;1;0;0;-38,57595;-3,770603
277351;8;1;2016;07:01;0;RUA PORTO VELHO;;;;;Colisão;Luz do Dia;;;Meio de Quadra;;;0;1;2;1;0;0;0;0;0;1;0;0;;
277356;8;1;2016;09:51;0;AV BORGES DE MELO;;;;;Queda;Luz do Dia;;;Meio de Quadra;;;0;1;0;0;0;0;0;0;0;1;0;0;;
277359;8;1;2016;10:26;0;AV BENJAMIM BRASIL;;;260;;Colisão;Luz do Dia;;;Meio de Quadra;;;0;1;0;0;0;0;0;0;0;0;0;0;-38,570993;-3,803581
277362;8;1;2016;11:06;18756;RUA VALPARAISO;AV B CJ HAB ST SAO JOAO;;;;Colisão;Luz do Dia;;;Cruz;Pare;Residencial;0;1;0;0;0;0;0;0;0;0;0;0;-38,517719;-3,846515
277363;8;1;2016;11:21;0;RUA ALBERTO MAGNO;;;542;;Queda;Luz do Dia;;;Meio de Quadra;;;0;1;0;0;0;0;0;0;0;1;0;0;-38,546178;-3,760521
277372;8;1;2016;11:46;0;RUA VALPARAISO;;;1457;;Colisão;Luz do Dia;;;Meio de Quadra;;;0;1;1;1;0;0;0;0;0;1;0;0;-38,533032;-3,838261
278282;8;1;2016;01:50;1364;RUA JOSE VILAR;RUA TORRES CAMARA;;;;Choque c/ Obstáculo Fixo;;;;Cruz;Semáforo;Comercial;0;0;2;0;0;0;0;0;0;0;0;0;-38,50484;-3,736301
278284;8;1;2016;07:47;0;AV JOAO PESSOA;;;4495;;Colisão;Luz do Dia;;;Meio de Quadra;;;0;0;3;1;0;0;0;0;0;0;0;0;-38,549386;-3,752333
278290;8;1;2016;08:02;735;AV TEN LISBOA;AV DR THEBERGE;;;;Colisão;Luz do Dia;;;Cruz;Pare;Comercial;0;0;2;0;0;0;0;0;0;0;0;0;-38,566942;-3,720711
278295;8;1;2016;08:13;3769;AV DOMINGOS OLIMPIO;RUA SEN POMPEU;;;;Colisão;Luz do Dia;;;Cruz;Semáforo;Comercial;0;0;2;0;0;0;0;0;0;0;0;0;-38,532455;-3,736254
275608;9;1;2016;09:00;0;RD BR 116;;;5000;KM-05;Colisão Traseira;Luz do Dia;;;Meio de Quadra;;;0;0;4;1;0;0;0;0;0;0;0;0;-38,506787;-3,796502
277457;9;1;2016;01:50;11057;AV DR SILAS MUNGUBA;AV DOS EXPEDICIONARIOS;;;;Colisão;;;;Cruz;Cancela;Comercial;0;1;1;1;0;0;0;0;0;1;0;0;;
277460;9;1;2016;02:07;0;RUA AZEVEDO BOLAO;;;1928;;Colisão;;;;Meio de Quadra;;;0;1;1;1;0;0;0;0;0;0;0;0;-38,562041;-3,737554
277463;9;1;2016;03:06;23769;RUA COSTA FREIRE;TR SAO BALBINO;;;;Colisão;;;;;;;0;1;1;1;0;0;0;0;0;1;0;0;-38,578022;-3,785021
277465;9;1;2016;03:08;3336;RUA VIRIATO RIBEIRO;RUA RIO GRANDE DO SUL;;;;Colisão;;;;Cruz;Pare;Residencial;0;0;2;1;1;0;0;0;0;0;0;0;-38,561355;-3,750184
277467;9;1;2016;06:13;0;AV ABOLICAO;;;4010;;Queda;Luz do Dia;;;Meio de Quadra;;;0;1;0;0;0;0;0;0;0;1;0;0;-38,482865;-3,724753
277473;9;1;2016;08:49;0;RUA OSVALDO CRUZ;;;1258;;Colisão;Luz do Dia;;;Meio de Quadra;;;0;1;1;1;0;0;0;0;0;1;0;0;;
273667;9;1;2016;00:30;15322;RUA CANUTO DE AGUIAR;RUA BARBOSA DE FREITAS;;;;Colisão Transversal;Via Iluminada;Bom;Seca;Cruz;Pare;Comercial;0;0;2;1;0;0;0;0;0;0;0;0;-38,495453;-3,730624
276544;9;1;2016;07:40;0;RD CE-040;;;;KM-07;Colisão;Luz do Dia;Nublado;Molhada;Meio de Quadra;;;0;0;2;1;0;0;0;0;0;0;0;0;-38,478733;-3,809597
276546;9;1;2016;08:00;0;RD CE-060;;;;KM-03;Colisão;Luz do Dia;Nublado;Molhada;Meio de Quadra;;;0;0;2;1;0;0;0;0;0;0;0;0;-38,585024;-3,843072
276549;9;1;2016;16:20;0;RD CE-040;;;;KM-05;Colisão;Luz do Dia;Nublado;Molhada;Meio de Quadra;;;0;0;2;1;1;0;0;0;0;0;0;0;-38,480331;-3,791613
276552;9;1;2016;18:00;0;RD CE-060;;;;KM-02;Choque c/ Obstáculo Fixo;Anoitecer;Bom;Seca;Meio de Quadra;;;0;0;1;1;0;0;0;0;0;0;0;0;-38,582918;-3,836668
276452;9;1;2016;18:00;0;RUA ALUISIO AZEVEDO;;;333;;Colisão;Anoitecer;;;Meio de Quadra;;;0;1;1;0;0;0;0;0;0;1;0;0;-38,575914;-3,771936
273349;9;1;2016;22:30;0;RUA A PQ SAO JOAO;;;310;;Colisão Transversal;;;;Meio de Quadra;;;0;2;0;1;0;0;0;0;0;1;0;0;;
273387;9;1;2016;14:20;0;AV PERIMETRAL;;;1052;;Colisão Traseira;Luz do Dia;;;Meio de Quadra;;;0;2;1;1;0;0;0;0;0;1;0;0;-38,589968;-3,785367
273414;9;1;2016;09:00;0;RUA CEL FRANCISCO PEREIRA (MESSEJANA);;;210;;Outros;Luz do Dia;;;Meio de Quadra;;;0;0;1;1;0;0;0;0;0;0;0;0;;
273447;9;1;2016;08:40;19540;RUA JULIO GASPAR;RUA CASIMIRO DE ABREU;;;;Colisão Lateral;Luz do Dia;;;Cruz;Pare;Residencial;0;1;2;0;0;1;0;0;0;0;0;0;-38,563108;-3,782426
273484;9;1;2016;07:40;3336;RUA VIRIATO RIBEIRO;RUA RIO GRANDE DO SUL;;;;Colisão Lateral;Luz do Dia;;;Cruz;Pare;Residencial;0;0;3;1;1;0;0;0;0;0;0;0;-38,561355;-3,750184
273498;9;1;2016;03:40;1437;RUA JOAO CARVALHO;RUA SILVA PAULET;;;;Colisão Transversal;;;;Cruz;Pare;Comercial;0;1;1;1;0;0;0;0;0;0;0;0;-38,506557;-3,737966
273304;9;1;2016;21:00;0;RUA BERNARDO MANUEL;;;8259;;Colisão Transversal;;;;Meio de Quadra;;;0;1;1;1;0;0;0;0;0;1;0;0;-38,549248;-3,791601
273504;9;1;2016;23:00;25970;RUA DES OTACILIO PEIXOTO;RUA ANTONIO ALEXANDRINO DOS REIS;;;;Colisão Transversal;;;;Cruz;Pare;Residencial;0;0;2;1;0;0;0;0;0;0;0;0;;
273506;9;1;2016;17:03;3778;AV DA UNIVERSIDADE;RUA ANTONIO POMPEU;;;;Colisão Lateral;Anoitecer;;;Cruz;Semáforo;Comercial;0;0;2;1;1;0;0;0;0;0;0;0;-38,532908;-3,734083
273509;9;1;2016;10:40;5450;RUA ANTONIO POMPEU;RUA MAJ FACUNDO;;;;Colisão Transversal;Luz do Dia;;;Cruz;Pare;Comercial;0;0;2;1;1;0;0;0;0;0;0;0;-38,530216;-3,734923
273512;9;1;2016;04:22;21544;RUA TULIPA NEGRA;RUA LUIS GUEDES;;;;Colisão Transversal;;;;;;;0;1;1;1;1;0;0;0;0;0;0;0;-38,59884;-3,818603
303893;9;1;2016;14:55;0;RUA PDE ANCHIETA;;;1405;;Colisão;Luz do Dia;Bom;Seca;Meio de Quadra;Semáforo Intermitente;Comercial;0;2;0;1;0;0;0;0;0;0;0;0;;
303916;9;1;2016;23:00;0;AV GAL OSORIO DE PAIVA;;;7632;;Atropelamento;Anoitecer;Chuva;Molhada;Meio de Quadra;Não Há Controle;Residencial;0;2;0;1;0;0;0;0;0;0;0;0;;
278442;9;1;2016;03:35;0;AV ABOLICAO;;;;;Choque c/ Obstáculo Fixo;;;;Meio de Quadra;;;0;0;1;0;0;0;0;0;0;0;0;0;;
278461;9;1;2016;08:01;5099;AV TRISTAO GONCALVES;RUA SEN ALENCAR;;;;Colisão;Luz do Dia;;;Cruz;Pare;Comercial;0;0;2;1;1;0;0;0;0;0;0;0;-38,532122;-3,723524
278462;9;1;2016;08:43;0;RUA ALCANTARA BILHAR;;;;;Outros;Luz do Dia;;;Meio de Quadra;;;0;0;2;0;0;0;0;0;0;0;0;0;;
278463;9;1;2016;08:58;0;AV DOMINGOS OLIMPIO;;;1053;;Colisão;Luz do Dia;;;Meio de Quadra;;;0;0;2;0;0;0;0;0;0;0;0;0;-38,533181;-3,735908
278466;9;1;2016;10:44;0;AV LINEU MACHADO;;;;;Colisão;Luz do Dia;;;Meio de Quadra;;;0;0;2;0;0;0;0;0;0;0;0;0;;
278467;9;1;2016;10:48;0;RUA 41 CJ JOSE WALTER;;;;;Colisão;Luz do Dia;;;Meio de Quadra;;;0;0;2;0;0;0;0;0;0;0;0;0;;
278468;9;1;2016;11:11;0;AV JOR THOMAZ COELHO;;;;;Colisão;Luz do Dia;;;Meio de Quadra;;;0;0;2;0;0;0;0;0;0;0;0;0;;
278469;9;1;2016;11:20;0;AV AGUANAMBI;;;;;Colisão;Luz do Dia;;;Meio de Quadra;;;0;0;2;0;0;0;0;0;0;0;0;0;;
278471;9;1;2016;11:53;15328;RUA LEONARDO MOTA;RUA CANUTO DE AGUIAR;;;;Colisão;Luz do Dia;;;Cruz;Semáforo;Residencial;0;0;2;0;0;0;0;0;0;0;0;0;-38,49451;-3,730931
278473;9;1;2016;12:19;25149;RUA MON CATAO;AV DOM LUIS;;;;Colisão;Luz do Dia;;;Duplo T;Pare;Comercial;0;0;2;0;0;0;0;0;0;0;0;0;-38,489602;-3,735758
278477;9;1;2016;13:22;0;RUA OLIVEIRA SOBRINHO;;;123;;Colisão;Luz do Dia;;;Meio de Quadra;;;0;0;2;0;0;0;0;0;0;0;0;0;-38,583504;-3,783565
278480;9;1;2016;15:19;0;AV CASTELO DE CASTRO;;;230;;Colisão;Luz do Dia;;;Meio de Quadra;;;0;0;2;0;0;0;0;0;0;0;0;0;-38,521498;-3,831027
278487;9;1;2016;16:59;0;AV GODOFREDO MACIEL;;;4000;;Colisão;Luz do Dia;;;Meio de Quadra;;;0;0;2;0;0;0;0;0;0;0;0;0;-38,573939;-3,809372
278488;9;1;2016;17:15;5106;RUA AGAPITO DOS SANTOS;RUA GUILHERME ROCHA;;;;Colisão;Anoitecer;;;Cruz;Pare;Residencial;0;0;2;0;0;0;0;0;0;0;0;0;-38,538124;-3,723675
278482;9;1;2016;15:32;0;RUA NOVA CONQUISTA (GRANJA LISBOA);;;;;Colisão;Luz do Dia;;;Meio de Quadra;;;0;0;2;0;0;0;0;0;0;0;0;0;;
278485;9;1;2016;16:39;0;RUA MONTE PASCOAL;;;;;Colisão;Luz do Dia;;;Meio de Quadra;;;0;0;2;0;0;0;0;0;0;0;0;0;;
278491;9;1;2016;18:21;0;AV GODOFREDO MACIEL;;;;;Choque c/ Obstáculo Fixo;Anoitecer;;;Meio de Quadra;;;0;0;2;0;0;0;0;0;0;0;0;0;;
278496;9;1;2016;19:18;0;AV CONTORNO NORTE D71;;;1395;;Colisão;;;;Meio de Quadra;;;0;0;2;0;0;0;0;0;0;0;0;0;-38,589431;-3,81185
278497;9;1;2016;19:20;0;RUA GERMANO FRANCK;;;1691;;Colisão;;;;Meio de Quadra;;;0;0;2;0;0;0;0;0;0;0;0;0;;
278499;9;1;2016;19:24;9153;RUA PAULA RODRIGUES;AV 13 DE MAIO;;;;Colisão;;;;T;Semáforo;Comercial;0;0;2;0;0;0;0;0;0;0;0;0;-38,525876;-3,752271
278500;9;1;2016;20:28;0;LOGRADOURO SEM NOME;;;;;Choque c/ Obstáculo Fixo;;;;Meio de Quadra;;;0;0;2;0;0;0;0;0;0;0;0;0;;
278502;9;1;2016;20:29;0;AV A CJ CEARA;;;713;;Colisão;;;;Meio de Quadra;;;0;0;2;0;0;0;0;0;0;0;0;0;-38,602714;-3,767629
278504;9;1;2016;21:35;0;AV GODOFREDO MACIEL;;;;;Colisão;;;;Meio de Quadra;;;0;2;0;0;0;0;0;0;0;0;0;0;;
278505;9;1;2016;21:38;0;RUA SAO JOAO D20;;;266;;Colisão;;;;Meio de Quadra;;;0;0;2;0;0;0;0;0;0;0;0;0;;
278494;9;1;2016;19:06;0;AV ENG HUMBERTO MONTE;;;;;Colisão;;;;Meio de Quadra;;;0;0;2;0;0;0;0;0;0;0;0;0;;
278514;9;1;2016;23:13;5247;AV IMPERADOR;RUA PEDRO PEREIRA;;;;Colisão;;;;Cruz;Semáforo;Comercial;0;0;2;0;0;0;0;0;0;0;0;0;-38,534609;-3,727714
278512;9;1;2016;22:20;15152;AV BAR STUDART;AV ABOLICAO;;;;Colisão;;;;;Semáforo;Comercial;0;0;2;0;0;0;0;0;0;0;0;0;-38,503445;-3,724762
277519;9;1;2016;16:55;0;RUA GERMANO FRANCK;;;1691;;Colisão;Luz do Dia;;;Meio de Quadra;;;0;1;1;1;0;0;0;0;0;1;0;0;;
277520;9;1;2016;16:58;0;RUA RUBI;;;1692;;Colisão;Luz do Dia;;;Meio de Quadra;;;0;1;1;1;0;0;0;0;0;1;0;0;;
277521;9;1;2016;17:59;0;RUA 2 PLANALTO ITAPERI;;;256;;Colisão;Anoitecer;;;Meio de Quadra;;;0;1;1;0;0;0;0;0;0;1;0;0;;
277522;9;1;2016;18:43;0;AV DOS EXPEDICIONARIOS;;;;;Colisão;;;;Meio de Quadra;;;0;1;0;0;0;0;0;0;0;0;0;0;;
277523;9;1;2016;22:18;15246;RUA CARLOS VASCONCELOS;RUA TEN BENEVOLO;;;;Colisão;;;;Cruz;Semáforo;Comercial;0;2;0;0;0;0;0;0;0;0;0;0;-38,509174;-3,727989
277524;9;1;2016;19:17;0;RUA PORTO FELIZ;;;415;;Queda;;;;Meio de Quadra;;;0;1;0;0;0;0;0;0;0;1;0;0;;
277525;9;1;2016;19:51;0;RUA 5 PQ BUATAN;;;1068;;Atropelamento;;;;Meio de Quadra;;;0;1;0;0;0;0;0;0;0;0;0;0;;
277526;9;1;2016;20:01;0;AV GODOFREDO MACIEL;;;;;Colisão;;;;Meio de Quadra;;;0;1;1;1;0;0;0;0;0;1;0;0;;