COD_ACIDENTE;DIA;MES;ANO;HORA;INTERSECAO;LOG1;LOG2;LOG3;NUMERO;REFERENCIA;NATUREZA;ILUMINACAO;TEMPO;SUPERFICIEPISTA;TIPOCRUZAMENTO;CONTROLETRAFEGO;USOSOLO;MORTOS;FERIDOS;ILESOS;AUTOMOVEL;ONIBUS;BICICLETA;CAMINHAO;MICROONIBUS;CICLOMOTOR;MOTOCICLETA;TRACAOANIMAL;TREM;LONG;LAT
277527;9;1;2016;20:05;0;RUA SAO JOAO D20;;;312;;Colisão;;;;Meio de Quadra;;;0;3;0;0;0;0;0;0;0;0;0;0;;
277528;9;1;2016;21:15;12745;RUA ANA NERY;RUA JULIO CESAR D12;;;;Colisão;;;;Cruz;Pare;Misto;0;2;2;1;0;0;0;0;0;0;0;0;-38,544349;-3,751712
277529;9;1;2016;21:38;0;AV WASHINGTON SOARES;;;8601;;Atropelamento;;;;Meio de Quadra;;;1;0;1;1;0;0;0;0;0;0;0;0;-38,481815;-3,826648
277530;9;1;2016;21:59;0;AV WASHINGTON SOARES;;;8776;;Colisão;;;;Meio de Quadra;;;0;1;1;1;0;0;0;0;0;1;0;0;-38,482186;-3,827931
277498;9;1;2016;11:24;0;AV JOR THOMAZ COELHO;;;;;Colisão;Luz do Dia;;;Meio de Quadra;;;0;1;1;1;0;0;0;0;0;1;0;0;;
277499;9;1;2016;12:35;9893;RUA SGT JOAO PINHEIRO;RUA NOVA CONQUISTA (BONSUCESSO);;;;Colisão;Luz do Dia;;;Cruz;Não Há Controle;Residencial;0;1;2;1;0;0;0;0;0;1;0;0;-38,624233;-3,787995
277500;9;1;2016;13:35;0;AV PRO GOMES DE MATOS;;;1966;;Colisão;Luz do Dia;;;Meio de Quadra;;;0;1;1;1;0;0;0;0;0;1;0;0;-38,55171;-3,768239
277491;9;1;2016;11:01;0;RUA CEL MANUEL ALBANO;;;267;;Colisão;Luz do Dia;;;Meio de Quadra;;;0;1;1;1;0;1;0;0;0;0;0;0;;
277486;9;1;2016;10:21;0;AV GAL OSORIO DE PAIVA;;;2443;;Queda;Luz do Dia;;;Meio de Quadra;;;0;1;0;0;0;0;0;0;0;1;0;0;-38,584033;-3,786743
277488;9;1;2016;10:27;0;RUA ROBERTO SILVA;;;261;;Atropelamento;Luz do Dia;;;Meio de Quadra;;;0;1;1;0;0;0;0;0;0;1;0;0;-38,474055;-3,772471
277502;9;1;2016;16:27;0;AV DR THEBERGE;;;2486;;Colisão;Luz do Dia;;;Meio de Quadra;;;0;1;1;1;0;0;0;0;0;1;0;0;-38,567994;-3,723944
277504;9;1;2016;16:38;0;AV GAL OSORIO DE PAIVA;;;2380;;Colisão;Luz do Dia;;;Meio de Quadra;;;0;1;1;1;0;0;0;0;0;1;0;0;-38,583094;-3,786144
277505;9;1;2016;16:41;0;AV PRS COSTA E SILVA;;;477;;Colisão;Luz do Dia;;;Meio de Quadra;;;0;1;1;1;0;0;0;0;0;1;0;0;;
277545;10;1;2016;03:26;0;RUA CEL FABRICIANO;;;3161;;Colisão;;;;Meio de Quadra;;;0;1;1;1;0;0;0;0;0;1;0;0;-38,616381;-3,780413
277537;10;1;2016;02:58;0;RUA SEN JAGUARIBE;;;;;Colisão;;;;Meio de Quadra;;;0;1;1;1;0;0;0;0;0;1;0;0;;
277551;10;1;2016;04:00;22055;AV CARAPINIMA;AV JOSE BASTOS;;;;Colisão;;;;;;;0;1;1;0;0;0;0;0;0;1;0;0;-38,543126;-3,742736
277558;10;1;2016;05:36;13091;AV L CJ JOSE WALTER;AV C CJ JOSE WALTER;;;;Colisão;Amanhecer;;;Rotatória;Dê Preferência;Outros;0;1;1;1;0;0;0;0;0;1;0;0;-38,556737;-3,828424
277556;10;1;2016;04:15;0;RUA JUVENAL GALENO;;;60;;Queda;;;;Meio de Quadra;;;0;1;0;0;0;0;0;0;0;1;0;0;-38,536525;-3,74126
277561;10;1;2016;06:10;0;RUA JORGE DUMAR;;;1926;;Queda;Luz do Dia;;;Meio de Quadra;;;0;1;0;0;0;0;0;0;0;1;0;0;-38,539398;-3,752823
277562;10;1;2016;06:34;0;RUA RAIMUNDO ARISTIDES;;;452;;Queda;Luz do Dia;;;Meio de Quadra;;;0;2;0;0;0;0;0;0;0;1;0;0;-38,590409;-3,81929
277569;10;1;2016;06:55;0;RUA MARIA QUINTELA;;;359;;Colisão;Luz do Dia;;;Meio de Quadra;;;0;1;1;1;0;0;0;0;0;1;0;0;-38,584027;-3,777028
277570;10;1;2016;07:10;0;AV GAL OSORIO DE PAIVA;;;1127;;Queda;Luz do Dia;;;Meio de Quadra;;;0;1;0;0;0;0;0;0;0;1;0;0;-38,57209;-3,779151
277574;10;1;2016;08:12;0;RUA JARDIM FLUMINENSE;;;349;;Colisão;Luz do Dia;;;Meio de Quadra;;;0;1;1;1;0;0;0;0;0;1;0;0;;
277628;10;1;2016;15:00;0;AV D CJ CEARA;;;965;;Colisão;Luz do Dia;;;Meio de Quadra;;;0;1;1;1;0;0;0;0;0;1;0;0;-38,603556;-3,760431
277585;10;1;2016;13:59;0;RUA ESTEVAO DE CAMPOS;;;1121;;Queda;Luz do Dia;;;Meio de Quadra;;;0;1;0;0;0;1;0;0;0;0;0;0;-38,58497;-3,702574
277576;10;1;2016;09:59;0;AV PERIMETRAL;;;;;Colisão;Luz do Dia;;;Meio de Quadra;;;0;1;0;0;0;0;0;0;0;0;0;0;;
277577;10;1;2016;10:48;0;AV MAE LISBOA;;;;;Queda;Luz do Dia;;;Meio de Quadra;;;0;1;0;0;0;0;0;0;0;1;0;0;;
277579;10;1;2016;11:55;0;AV WASHINGTON SOARES;;;;;Queda;Luz do Dia;;;Meio de Quadra;;;0;1;0;0;0;0;0;0;0;1;0;0;;
277580;10;1;2016;11:58;0;AV MAJ ASSIS;;;2633;;Colisão;Luz do Dia;;;Meio de Quadra;;;0;0;2;1;0;0;0;0;0;1;0;0;-38,603932;-3,719628
277581;10;1;2016;12:37;0;RUA JOSE ARISTOTELES GONDIM;;;558;;Colisão;Luz do Dia;;;Meio de Quadra;;;0;1;0;0;0;0;0;0;0;0;0;0;-38,586042;-3,782689
277582;10;1;2016;13:00;0;AV RAD JOSE LIMA VERDE;;;540;;Atropelamento;Luz do Dia;;;Meio de Quadra;;;0;1;1;1;0;0;0;0;0;0;0;0;-38,586407;-3,696343
277654;10;1;2016;19:16;2729;RUA CEL VIRGILIO NOGUEIRA (BOM JARDIM);RUA CEL JOAO CORREIA;;;;Colisão;;;;Cruz;Não Há Controle;Residencial;0;2;0;0;0;0;0;0;0;0;0;0;;
277656;10;1;2016;20:40;0;AV PERIMETRAL;;;5183;;Colisão;;;;Meio de Quadra;;;0;1;0;0;0;0;0;0;0;0;0;0;;
277650;10;1;2016;17:58;0;AV PERIMETRAL;;;;;Colisão;Anoitecer;;;Meio de Quadra;;;0;2;0;0;0;0;0;0;0;0;0;0;;
277640;10;1;2016;16:52;0;RUA PRO GOMES BRASIL;;;323;;Colisão;Luz do Dia;;;Meio de Quadra;;;0;0;1;0;0;0;0;0;0;0;0;0;-38,568297;-3,773043
277641;10;1;2016;17:03;0;AV GAL OSORIO DE PAIVA;;;5035;;Colisão;Anoitecer;;;Meio de Quadra;;;0;3;0;0;0;0;0;0;0;0;0;0;-38,599744;-3,802334
277636;10;1;2016;15:26;0;RUA DOIS;;;630;;Atropelamento;Luz do Dia;;;Meio de Quadra;;;0;3;0;0;0;0;0;0;0;0;0;0;;
277632;10;1;2016;15:20;0;RUA JOSE MOREIRA;;;1598;;Colisão;Luz do Dia;;;Meio de Quadra;;;0;1;0;0;0;0;0;0;0;0;0;0;;
277531;10;1;2016;01:43;0;AV CASTELO DE CASTRO;;;;;Capotamento;;;;Meio de Quadra;;;0;1;0;1;0;0;0;0;0;0;0;0;;
277532;10;1;2016;02:18;0;AV H CJ CEARA;;;1250;;Queda;;;;Meio de Quadra;;;0;1;0;0;0;0;0;0;0;1;0;0;-38,609291;-3,775692
277533;10;1;2016;02:38;1297;RUA JOSE VILAR;AV SANTOS DUMONT;;;;Colisão;;;;Cruz;Semáforo;Comercial;0;1;1;1;0;0;0;0;0;1;0;0;-38,504194;-3,734337
278527;10;1;2016;01:04;0;RUA CON DE CASTRO;;;190;;Colisão;;;;Meio de Quadra;;;0;0;2;0;0;0;0;0;0;0;0;0;-38,56522;-3,776063
278529;10;1;2016;01:44;0;AV DR SILAS MUNGUBA;;;;;Colisão;;;;Meio de Quadra;;;0;0;2;0;0;0;0;0;0;0;0;0;;
278543;10;1;2016;05:11;18977;AV CASTELO DE CASTRO;RUA MODESTA;;;;Colisão;Amanhecer;;;;;;0;0;2;0;0;0;0;0;0;0;0;0;-38,521526;-3,843767
278555;10;1;2016;10:46;0;AV ABOLICAO;;;;;Outros;Luz do Dia;;;Meio de Quadra;;;0;0;2;0;0;0;0;0;0;0;0;0;;
278566;10;1;2016;12:20;0;AV CESAR CALS;;;100;;Colisão Lateral;Luz do Dia;Nublado;Molhada;Meio de Quadra;;;1;0;1;0;1;0;0;0;1;0;0;0;-38,465523;-3,718731
278569;10;1;2016;12:44;12457;AV SEN FERNANDES TAVORA;RUA PRO GOMES BRASIL;;;;Colisão;Luz do Dia;;;;;;0;0;2;0;0;0;0;0;0;0;0;0;-38,570427;-3,770153
278571;10;1;2016;13:20;0;AV CONTORNO SUL;;;;;Colisão;Luz do Dia;;;Meio de Quadra;;;0;0;2;0;0;0;0;0;0;0;0;0;;
278574;10;1;2016;13:34;0;RUA FAUSTO CABRAL;;;312;;Atropelamento;Luz do Dia;;;Meio de Quadra;;;0;1;1;0;0;0;0;0;0;0;0;0;-38,479094;-3,732873
278588;10;1;2016;18:10;0;AV N CJ JOSE WALTER;;;;POSTO HORIZONTE;Colisão;Anoitecer;;;Meio de Quadra;;;0;0;2;0;0;0;0;0;0;0;0;0;;
278603;10;1;2016;19:03;17315;RUA DES PRAXEDES;RUA PDE JOAO PIAMARTA;;;;Colisão;;;;Cruz;Pare;Residencial;0;0;2;0;0;0;0;0;0;0;0;0;-38,543546;-3,762866
278604;10;1;2016;19:19;0;AV PRS COSTA E SILVA;;;;;Colisão;;;;Meio de Quadra;;;0;0;2;0;0;0;0;0;0;0;0;0;;
278613;10;1;2016;19:42;0;RUA ROSINHA SAMPAIO;;;;;Colisão Frontal;;;;Meio de Quadra;;;0;0;2;0;0;0;0;0;0;0;0;0;;
278617;10;1;2016;20:41;5454;RUA METON DE ALENCAR;RUA JAIME BENEVOLO;;;;Atropelamento;;;;Cruz;Semáforo Danificado;Comercial;0;1;1;0;0;0;0;0;0;0;0;0;-38,526349;-3,735065
278662;10;1;2016;20:43;0;AV PERIMETRAL;;;;;Colisão;;;;Meio de Quadra;;;0;0;2;0;0;0;0;0;0;0;0;0;;
278672;10;1;2016;23:27;183;RUA DEMETRIO MENEZES;AV CEL CARVALHO;;;;Colisão;;;;;;;0;0;2;0;0;0;0;0;0;0;0;0;-38,584591;-3,731488
273527;10;1;2016;18:35;5728;AV DES GONZAGA;RUA ANTONIO DE CASTRO;;;;Colisão Frontal;Via Iluminada;Nublado;Outros;Cruz;Pare;Comercial;0;1;1;1;0;0;0;0;0;1;0;0;-38,500858;-3,795148
273502;10;1;2016;20:00;7903;AV ANTONIO SALES;RUA CEL LINHARES;;;;Engavetamento;Via Iluminada;Bom;Seca;Cruz;Pare;Residencial;0;0;3;1;0;0;0;0;0;0;0;0;-38,497481;-3,746964
273559;10;1;2016;14:15;5381;AV IMPERADOR;RUA METON DE ALENCAR;;;;Colisão Frontal;Luz do Dia;Chuva;Molhada;Cruz;Semáforo;Escola;0;0;2;1;0;0;0;0;0;0;0;0;-38,535869;-3,731966
273538;10;1;2016;22:08;22352;AV BEZERRA DE MENEZES;RUA ESTEFANIA M MOTA;;;;Colisão Traseira;Via Iluminada;Bom;Seca;Cruz;Pare;Residencial;0;0;2;1;0;0;0;0;0;1;0;0;-38,555714;-3,733857
276453;10;1;2016;00:00;0;RUA BELA VISTA;;;1080;;Choque c/ Obstáculo Fixo;;;;Meio de Quadra;;;0;1;0;1;0;0;0;0;0;0;0;0;;
276454;10;1;2016;08:00;1297;AV SANTOS DUMONT;RUA JOSE VILAR;;;;Colisão;Luz do Dia;;;Cruz;Semáforo;Comercial;0;1;0;1;0;0;0;0;0;1;0;0;-38,504194;-3,734337
276554;10;1;2016;14:00;0;RD CE-025;;;;KM-01;Colisão;Luz do Dia;Bom;Seca;Meio de Quadra;;;0;1;1;0;0;0;0;0;1;0;0;0;-38,470049;-3,807811
276635;10;1;2016;14:45;0;AV SEN CARLOS JEREISSATI (AEROPORTO);;;;KM 02;Colisão;Luz do Dia;Bom;Seca;Meio de Quadra;;;0;0;2;1;0;0;0;0;0;0;0;0;-38,535424;-3,782194
273700;10;1;2016;20:00;0;RUA 02 UI 413;LOGRADOURO SEM NOME;;;;Atropelamento;Mal Iluminada;Nublado;Molhada;;Não Há Controle;Residencial;0;3;0;0;0;0;0;0;0;1;0;0;;
273681;10;1;2016;21:20;0;RUA CEL VIRGILIO NOGUEIRA (BOM JARDIM);;;1560;;Colisão Frontal;Mal Iluminada;Bom;Seca;Meio de Quadra;Não Há Controle;Residencial;0;1;1;1;0;0;0;0;0;0;0;0;;
273695;10;1;2016;08:20;1219;RUA COSTA BARROS;RUA JOAO CORDEIRO;;;;Colisão Lateral Sentido Oposto;Amanhecer;Nublado;Molhada;Cruz;Semáforo;Misto;0;0;2;1;0;0;0;0;0;0;0;0;-38,514331;-3,729449
273766;10;1;2016;01:00;0;RUA DR JUSTA ARAUJO D45;;;697;;Colisão Lateral;Via Iluminada;Chuva;Molhada;;;;0;0;2;1;0;0;0;0;0;0;0;0;-38,552249;-3,781691
273732;10;1;2016;10:40;0;LOGRADOURO SEM NOME;;;;;Colisão Transversal;Luz do Dia;Nublado;Seca;Meio de Quadra;Não Há Controle;Residencial;0;2;1;1;0;0;0;0;0;1;0;0;;
273650;10;1;2016;07:30;5224;RUA PEREIRA FILGUEIRAS;RUA DOM JOAQUIM;;;;Colisão Lateral;Luz do Dia;Nublado;Molhada;Cruz;Pare;Residencial;0;1;1;1;0;0;0;0;0;1;0;0;-38,517098;-3,72699
273662;10;1;2016;19:00;0;RUA JOAQUIM ALVES;;;169;;Colisão Lateral;;;;Meio de Quadra;;;0;0;2;1;0;0;0;0;0;0;0;0;-38,511492;-3,722335
273617;10;1;2016;20:20;19269;RUA PRO GOMES BRASIL;RUA MARACANA;;;;Colisão Transversal;Mal Iluminada;Nublado;Seca;Rotatória;Pare;Comercial;0;2;1;1;0;0;0;0;0;1;0;0;-38,568438;-3,77284
273637;10;1;2016;01:30;25053;AV ODILON GUIMARAES;AV PRO JOSE ARTHUR CARVALHO;;;;Colisão Transversal;Mal Iluminada;Chuva;Molhada;Y;Pare;Residencial;2;0;1;1;0;0;0;0;0;1;0;0;-38,47936;-3,825468
273632;10;1;2016;11:30;22296;RUA PDE ANCHIETA;RUA SOARES BULCAO;;;;Colisão Transversal;Luz do Dia;Bom;Seca;Cruz;Pare;Comercial;0;1;1;0;0;1;0;0;0;0;0;0;-38,552133;-3,731832
273596;10;1;2016;14:15;3461;AV CAP WALDEMAR PAULA LIMA;RUA CAP HUGO BEZERRA;;;;Colisão Transversal;Luz do Dia;Nublado;Molhada;Cruz;Não Há Controle;Comercial;0;0;2;1;0;0;0;0;0;0;0;0;-38,508562;-3,820835
273606;10;1;2016;09:00;3809;AV CARAPINIMA;RUA PDE FRANCISCO PINTO;;;;Colisão Lateral;Luz do Dia;Bom;Seca;Cruz;Semáforo;Misto;0;0;2;1;0;0;0;0;0;1;0;0;-38,541958;-3,741723
273564;10;1;2016;16:35;9133;RUA DEP JOAO PONTES;RUA COS TRISTAO;;;;Colisão Lateral;Luz do Dia;Chuva;Molhada;Meio de Quadra;Não Há Controle;Residencial;0;0;3;1;0;0;0;0;0;0;0;0;;
273769;10;1;2016;07:30;5051;RUA SEN POMPEU;RUA SEN JAGUARIBE;;;;Colisão Lateral;Luz do Dia;Nublado;Molhada;Cruz;Pare;Outros;0;1;1;1;0;0;0;0;0;1;0;0;-38,528055;-3,721667
275616;10;1;2016;08:30;0;RD BR 116;;;15000;KM-15;Colisão Traseira;Luz do Dia;;;Meio de Quadra;;;0;1;4;1;0;0;0;0;0;0;0;0;-38,501113;-3,882329
273771;11;1;2016;09:00;0;RUA JOAQUIM CORREIA;;;;;Colisão Lateral;Luz do Dia;;;Meio de Quadra;;;0;0;2;1;0;0;0;0;0;0;0;0;;
273778;11;1;2016;19:30;22072;RUA JOSE FACANHA;RUA FRE MARCELINO;;;;Colisão Transversal;;;;T;Pare;Residencial;0;0;2;1;0;0;0;0;0;0;0;0;-38,558786;-3,750761
273781;11;1;2016;16:00;0;RUA BENTO ALBUQUERQUE;;;2626;;Colisão Lateral;Luz do Dia;;;Meio de Quadra;;;0;0;2;1;0;0;0;0;0;0;0;0;;
273792;11;1;2016;18:40;15292;RUA FRE MANSUETO;AV ANTONIO JUSTA;;;;Colisão Transversal;;;;Cruz;Pare;Residencial;0;0;2;1;0;0;0;0;0;0;0;0;-38,48895;-3,729381
273799;11;1;2016;08:20;0;RUA CEL FRANCISCO PEREIRA (MESSEJANA);;;63;;Colisão Traseira;Luz do Dia;;;Meio de Quadra;;;0;1;1;0;1;0;0;0;0;1;0;0;-38,492611;-3,829463
273698;11;1;2016;13:55;15301;RUA TEN BENEVOLO;RUA SILVA PAULET;;;;Colisão Lateral;Luz do Dia;;;Cruz;Pare;Comercial;0;0;2;1;0;0;0;0;0;0;0;0;-38,503888;-3,729724
273576;11;1;2016;18:00;23653;AV OLAVO BILAC;RUA BAR CRATO;;;;Colisão Lateral Sentido Oposto;Anoitecer;;;T;Pare;Comercial;0;1;1;1;0;0;0;0;0;1;0;0;-38,56637;-3,723036
273591;11;1;2016;19:15;0;AV JOVITA FEITOSA;;;3074;;Colisão Traseira;;;;Meio de Quadra;;;0;0;3;1;0;0;0;0;0;0;0;0;-38,565193;-3,741641
273605;11;1;2016;22:00;7420;RUA MON HIPOLITO BRASIL;RUA CEL MATOS DOURADO;;;;Colisão Transversal;;;;Cruz;Pare;Residencial;0;0;2;1;0;0;0;0;0;1;0;0;-38,583823;-3,756247
273621;11;1;2016;18:00;0;AV DUQ CAXIAS;;;808;;Atropelamento;Anoitecer;;;Meio de Quadra;;;1;1;0;0;0;0;0;0;0;1;0;0;-38,531951;-3,73112
273626;11;1;2016;20:00;25013;RUA TEODOMIRO DE CASTRO;RUA ADOLFO B DE MENEZES;;;;Colisão Transversal;;;;Cruz;Pare;Residencial;0;1;1;1;0;0;0;0;0;1;0;0;-38,577425;-3,716619
273643;11;1;2016;14:30;0;RUA VALPARAISO;;;153;;Colisão Transversal;Luz do Dia;;;Meio de Quadra;;;0;1;2;0;0;0;1;0;0;1;0;0;;
273615;11;1;2016;10:00;0;RUA GERMANO FRANCK;;;567;;Colisão Lateral;Luz do Dia;;;Meio de Quadra;;;0;0;2;1;0;0;0;0;0;1;0;0;-38,561751;-3,777031
273654;11;1;2016;20:00;0;AV PRS COSTA E SILVA;;;151;;Colisão Traseira;;;;Meio de Quadra;;;0;1;1;1;0;0;0;0;0;1;0;0;;
273692;11;1;2016;08:50;3863;AV 13 DE MAIO;AV DOS EXPEDICIONARIOS;;;;Colisão Transversal;Luz do Dia;;;;;;0;0;3;1;1;0;0;0;0;1;0;0;;
273694;11;1;2016;11:10;0;AV JOVITA FEITOSA;;;3147;;Colisão Transversal;Luz do Dia;;;Meio de Quadra;;;0;0;3;1;0;0;0;0;0;0;0;0;-38,565948;-3,741811
273678;11;1;2016;20:00;0;RUA JOCKEY CLUBE;;;68;;Colisão Lateral;;;;Meio de Quadra;;;0;0;2;1;1;0;0;0;0;0;0;0;-38,576351;-3,764002
276637;11;1;2016;05:00;0;AV MIN JOSE AMERICO;;;;;Colisão;Amanhecer;Bom;Seca;Meio de Quadra;;;0;1;1;1;1;0;0;0;0;0;0;0;;
276639;11;1;2016;13:00;0;AV WASHINGTON SOARES;;;6257;;Colisão;Luz do Dia;Bom;Seca;Meio de Quadra;;;0;1;2;1;1;0;0;0;0;0;0;0;-38,480349;-3,813728
276642;11;1;2016;14:20;0;AV SEN CARLOS JEREISSATI (AEROPORTO);;;;KM 03;Colisão;Luz do Dia;Bom;Seca;Meio de Quadra;;;0;0;2;1;0;0;0;0;0;1;0;0;-38,544038;-3,779641
276651;11;1;2016;23:30;0;AV SEN CARLOS JEREISSATI (AEROPORTO);;;;KM 03;Queda;;Bom;Seca;Meio de Quadra;;;0;1;0;0;0;0;0;0;0;1;0;0;-38,544038;-3,779641
276716;11;1;2016;19:30;0;AV ALBERTO CRAVEIRO;;;;;Colisão;;;;Meio de Quadra;;;0;1;1;0;0;0;0;1;0;1;0;0;;
278707;11;1;2016;10:46;0;AV HIS RAIMUNDO GIRAO;;;;;Choque c/ Obstáculo Fixo;Luz do Dia;;;Meio de Quadra;;;0;0;1;0;0;0;0;0;0;0;0;0;;
278715;11;1;2016;11:13;0;AV MAJ ASSIS;;;1579;;Colisão;Luz do Dia;;;Meio de Quadra;;;0;0;2;0;0;0;0;0;0;0;0;0;-38,593462;-3,722371
278718;11;1;2016;11:14;0;AV 13 DE MAIO;;;;;Colisão;Luz do Dia;;;Meio de Quadra;;;0;0;2;0;0;0;0;0;0;0;0;0;;
278723;11;1;2016;11:39;0;RUA 10 DE JANEIRO UI 308;;;560;;Colisão;Luz do Dia;;;Meio de Quadra;;;0;0;2;0;0;0;0;0;0;0;0;0;;
278727;11;1;2016;11:41;0;AV OLIVEIRA PAIVA;;;;;Colisão;Luz do Dia;;;Meio de Quadra;;;0;0;2;0;0;0;0;0;0;0;0;0;;
278732;11;1;2016;11:46;1333;RUA BARBOSA DE FREITAS;RUA MARIA TOMASIA;;;;Colisão;Luz do Dia;;;Cruz;Gesto;Comercial;0;0;2;0;0;0;0;0;0;0;0;0;-38,497042;-3,735546
278742;11;1;2016;12:35;0;AV ALM BARROSO;;;823;;Choque c/ Obstáculo Fixo;Luz do Dia;;;Meio de Quadra;;;0;0;2;0;0;0;0;0;0;0;0;0;-38,515733;-3,720258
278752;11;1;2016;13:00;13145;AV D CJ JOSE WALTER;AV L CJ JOSE WALTER;;;;Colisão;Luz do Dia;;;Cruz;Não Há Controle;Comercial;0;0;2;0;0;0;0;0;0;0;0;0;-38,557526;-3,831074
278754;11;1;2016;13:13;13592;AV PONTES VIEIRA;RUA PRO CARVALHO;;;;Colisão;Luz do Dia;;;Cruz;Semáforo;Comercial;0;0;2;0;0;0;0;0;0;0;0;0;-38,514949;-3,75289
278764;11;1;2016;16:55;0;AV CARAPINIMA;;;;;Colisão;Luz do Dia;;;Meio de Quadra;;;0;0;2;0;0;0;0;0;0;0;0;0;;
278768;11;1;2016;17:41;0;AV CARAPINIMA;;;1772;;Colisão;Anoitecer;;;Meio de Quadra;;;0;0;2;0;0;0;0;0;0;0;0;0;-38,537365;-3,737219
278766;11;1;2016;17:37;4319;AV JOSE SABOIA;AV VICENTE DE CASTRO;;;;Colisão;Anoitecer;;;Cruz;Pare;Comercial;0;0;2;0;0;0;0;0;0;0;0;0;-38,4732;-3,713785
278782;11;1;2016;18:14;0;RUA ESTADO DO RIO;;;1150;;Colisão;Anoitecer;;;Meio de Quadra;;;0;0;2;0;0;0;0;0;0;0;0;0;-38,572335;-3,760985
278783;11;1;2016;18:48;0;AV SANTOS DUMONT;;;2122;;Colisão;;;;Meio de Quadra;;;0;0;2;0;0;0;0;0;0;0;0;0;-38,505116;-3,734031
278797;11;1;2016;19:43;0;AV TEN LISBOA;;;;;Colisão;;;;Meio de Quadra;;;0;0;2;0;0;0;0;0;0;0;0;0;;
278803;11;1;2016;20:26;0;AV GAL OSORIO DE PAIVA;;;;;Colisão;;;;Meio de Quadra;;;0;0;2;0;0;0;0;0;0;0;0;0;;
278805;11;1;2016;21:09;5448;RUA BAR ARATANHA;RUA METON DE ALENCAR;;;;Colisão;;;;Cruz;Pare;Comercial;0;0;2;0;0;0;0;0;0;0;0;0;-38,527028;-3,734847
273541;11;1;2016;10:00;15227;AV ABOLICAO;AV DES MOREIRA;;;;Colisão Lateral;Luz do Dia;;;Cruz;Semáforo;Comercial;0;0;2;1;1;0;0;0;0;0;0;0;-38,495474;-3,727331
273556;11;1;2016;15:30;0;AV 13 DE MAIO;;;2400;;Colisão Traseira;Luz do Dia;;;Meio de Quadra;;;0;0;3;1;0;0;0;0;0;0;0;0;-38,537898;-3,741992
273537;11;1;2016;10:20;12882;RUA CARLOS GOMES;RUA COS TRISTAO;;;;Colisão Traseira;Luz do Dia;;;Cruz;Pare;Residencial;0;0;2;1;0;0;0;0;0;0;0;0;-38,527443;-3,741253
278674;11;1;2016;06:10;0;RUA COS LAFAYETE;;;190;;Choque c/ Obstáculo Fixo;Luz do Dia;;;Meio de Quadra;;;0;0;1;0;0;0;0;0;0;0;0;0;;
278677;11;1;2016;06:41;0;AV L CJ JOSE WALTER;;;780;;Choque c/ Obstáculo Fixo;Luz do Dia;;;Meio de Quadra;;;0;0;2;0;0;0;0;0;0;0;0;0;-38,557627;-3,831423
278678;11;1;2016;06:42;0;RUA CARLOS VASCONCELOS;;;;;Colisão;Luz do Dia;;;Meio de Quadra;;;0;0;2;0;0;0;0;0;0;0;0;0;;
278679;11;1;2016;07:42;7245;RUA WALTER POMPEU;RUA ALVES LIMA;;;;Colisão;Luz do Dia;;;Cruz;Pare;Residencial;0;0;2;0;0;0;0;0;0;0;0;0;-38,569653;-3,711413
278694;11;1;2016;10:24;5302;AV TRISTAO GONCALVES;RUA PEDRO I;;;;Colisão;Luz do Dia;;;Cruz;Semáforo;Comercial;0;0;2;0;0;0;0;0;0;0;0;0;-38,533927;-3,729523
273952;11;1;2016;11:07;18280;AV ALM BARROSO;RUA TREMEMBES;;;;Choque c/ Obstáculo Fixo;Luz do Dia;;;T;Não Há Controle;Comercial;0;0;1;0;0;0;1;0;0;0;0;0;-38,516088;-3,720313
273955;11;1;2016;13:00;0;AV PONTES VIEIRA;;;692;;Colisão Traseira;Luz do Dia;;;Meio de Quadra;;;0;0;2;1;0;0;0;0;0;0;0;0;-38,514669;-3,752858
273960;11;1;2016;09:00;0;AV FRANCISCO SA;;;5991;;Atropelamento;Luz do Dia;;;Meio de Quadra;;;0;1;1;1;0;0;0;0;0;0;0;0;-38,578603;-3,710119
273948;11;1;2016;09:37;25443;RUA NOGUEIRA ACIOLI;RUA ROCHA LIMA;;;;Colisão Lateral;Luz do Dia;;;Cruz;Pare;Comercial;0;0;2;1;0;0;0;0;0;0;0;0;-38,519293;-3,737351
273803;11;1;2016;10:00;23433;RUA PRO CARVALHO;RUA MON SALAZAR;;;;Colisão Lateral;Luz do Dia;;;Cruz;Pare;Residencial;0;0;2;1;0;0;0;0;0;0;0;0;-38,514308;-3,756146
273826;11;1;2016;20:00;17940;RUA GAL GOIS MONTEIRO;RUA GUATEMALA;;;;Colisão Transversal;;;;Cruz;Pare;Residencial;0;0;2;1;0;0;0;0;0;0;0;0;-38,583378;-3,734408
273853;11;1;2016;13:00;25970;RUA ANTONIO ALEXANDRINO DOS REIS;RUA DES OTACILIO PEIXOTO;;;;Colisão Transversal;Luz do Dia;;;Cruz;Pare;Residencial;0;1;1;1;0;0;0;0;0;1;0;0;;
277657;11;1;2016;00:48;5696;RUA CHICO LEMOS;RUA ESV AZEVEDO;;;;Colisão;;;;Cruz;Pare;Residencial;0;1;0;0;0;0;0;0;0;0;0;0;-38,498429;-3,792866
277660;11;1;2016;01:20;0;AV ALM HENRIQUE SABOIA;;;;;Colisão;;;;Meio de Quadra;;;0;2;0;0;0;0;0;0;0;1;0;0;;
277661;11;1;2016;01:21;0;RD BR 116;;;5000;KM-05;Colisão;;;;Meio de Quadra;;;0;1;1;1;0;1;0;0;0;0;0;0;-38,506787;-3,796502