COD_ACIDENTE;DIA;MES;ANO;HORA;INTERSECAO;LOG1;LOG2;LOG3;NUMERO;REFERENCIA;NATUREZA;ILUMINACAO;TEMPO;SUPERFICIEPISTA;TIPOCRUZAMENTO;CONTROLETRAFEGO;USOSOLO;MORTOS;FERIDOS;ILESOS;AUTOMOVEL;ONIBUS;BICICLETA;CAMINHAO;MICROONIBUS;CICLOMOTOR;MOTOCICLETA;TRACAOANIMAL;TREM;LONG;LAT
277663;11;1;2016;01:27;0;AV J CJ JOSE WALTER;;;780;;Colisão;;;;Meio de Quadra;;;0;1;0;0;0;0;0;0;0;0;0;0;-38,555943;-3,831949
277664;11;1;2016;01:31;0;AV SEN CARLOS JEREISSATI (AEROPORTO);;;;;Colisão;;;;Meio de Quadra;;;0;1;1;0;0;0;0;0;0;1;0;0;;
277714;11;1;2016;12:26;0;RUA BOM PRINCIPIO;;;60;;Queda;Luz do Dia;;;Meio de Quadra;;;0;1;0;0;0;1;0;0;0;0;0;0;-38,509818;-3,78489
277684;11;1;2016;01:49;7773;RUA JOAQUIM NABUCO;RUA DOM EXPEDITO LOPES;;;;Colisão;;;;Cruz;Pare;Residencial;0;1;1;1;0;0;0;0;0;1;0;0;-38,504144;-3,744118
277716;11;1;2016;13:02;0;AV ALBERTO CRAVEIRO;;;430;;Colisão;Luz do Dia;;;Meio de Quadra;;;0;1;1;1;0;0;0;0;0;1;0;0;-38,516505;-3,782668
277717;11;1;2016;13:10;0;AV PERIMETRAL;;;;;Colisão;Luz do Dia;;;Meio de Quadra;;;0;1;1;1;0;0;0;0;0;1;0;0;;
277718;11;1;2016;13:17;0;AV WASHINGTON SOARES;;;;;Queda;Luz do Dia;;;Meio de Quadra;;;0;1;0;0;0;1;0;0;0;0;0;0;;
277692;11;1;2016;03:48;0;RUA MOURA MATOS;;;1288;;Colisão;;;;Meio de Quadra;;;0;1;1;1;0;0;0;0;0;1;0;0;-38,540343;-3,815266
277693;11;1;2016;04:08;0;AV JOSE BASTOS;;;;;Atropelamento;;;;Meio de Quadra;;;0;1;1;0;0;0;0;0;0;1;0;0;;
277694;11;1;2016;04:11;4612;AV WASHINGTON SOARES;AV OLIVEIRA PAIVA;;;;Colisão;;;;;;;0;1;1;1;0;0;0;0;0;1;0;0;-38,479908;-3,795695
277707;11;1;2016;09:07;0;RUA TORRES PORTUGAL;;;284;;Atropelamento;Luz do Dia;;;Meio de Quadra;;;0;1;1;1;0;0;0;0;0;0;0;0;-38,545634;-3,736993
277708;11;1;2016;11:42;0;AV IMPERADOR;;;1772;;Colisão;Luz do Dia;;;Meio de Quadra;;;0;1;1;1;0;0;0;0;0;1;0;0;-38,537342;-3,736961
277681;11;1;2016;01:32;0;RUA BENJAMIN BARRETO;;;712;;Colisão;;;;Meio de Quadra;;;0;1;2;1;0;0;0;0;0;1;0;0;;
277686;11;1;2016;02:04;0;AV ROGACIANO LEITE;;;;;Queda;;;;Meio de Quadra;;;0;1;0;0;0;0;0;0;0;1;0;0;;
277687;11;1;2016;02:17;0;AV WASHINGTON SOARES;;;6260;;Queda;;;;Meio de Quadra;;;0;1;0;0;0;0;0;0;0;1;0;0;-38,48047;-3,813842
277688;11;1;2016;03:04;0;RUA DR CORREIA LIMA;;;1700;;Atropelamento;;;;Meio de Quadra;;;0;1;1;0;0;0;1;0;0;0;0;0;;
277696;11;1;2016;06:18;0;RUA BERNARDO MANUEL;;;;;Colisão;Luz do Dia;;;Meio de Quadra;;;0;1;1;1;0;0;0;0;0;1;0;0;;
277697;11;1;2016;06:20;0;AV DOS EXPEDICIONARIOS;;;927;;Colisão;Luz do Dia;;;Meio de Quadra;;;0;1;1;1;0;0;0;0;0;1;0;0;;
277698;11;1;2016;06:27;0;AV GAL OSORIO DE PAIVA;;;2319;;Colisão;Luz do Dia;;;Meio de Quadra;;;0;1;1;1;0;0;0;0;0;1;0;0;-38,582955;-3,786056
277699;11;1;2016;07:19;0;RUA TEODORO DE PAIVA;;;120;;Queda;Luz do Dia;;;Meio de Quadra;;;0;1;0;0;0;0;0;0;0;1;0;0;;
277700;11;1;2016;07:34;0;AV PRS CASTELO BRANCO;;;;;Atropelamento;Luz do Dia;;;Meio de Quadra;;;0;1;1;0;1;0;0;0;0;0;0;0;;
277736;11;1;2016;16:19;0;AV WASHINGTON SOARES;;;3660;;Atropelamento;Luz do Dia;;;Meio de Quadra;;;0;1;1;1;0;0;0;0;0;0;0;0;-38,480655;-3,78751
277737;11;1;2016;17:06;0;AV LINEU MACHADO;;;805;;Queda;Anoitecer;;;Meio de Quadra;;;0;1;0;0;0;0;0;0;0;1;0;0;-38,577587;-3,76722
277739;11;1;2016;17:37;6721;AV ENG SANTANA JUNIOR;RUA BENTO ALBUQUERQUE;;;;Atropelamento;Anoitecer;;;Cruz;Semáforo;Misto;0;1;1;0;0;0;0;0;0;0;0;0;-38,486538;-3,742678
277746;11;1;2016;17:42;0;AV SEN CARLOS JEREISSATI (AEROPORTO);;;;;Queda;Anoitecer;;;Meio de Quadra;;;0;1;0;0;0;0;0;0;0;1;0;0;;
277747;11;1;2016;18:00;0;AV MAJ ASSIS;;;1564;;Queda;Anoitecer;;;Meio de Quadra;;;0;1;0;0;0;0;0;0;0;1;0;0;-38,593389;-3,722392
277734;11;1;2016;14:32;0;AV GAL OSORIO DE PAIVA;;;;;Colisão;Luz do Dia;;;Meio de Quadra;;;0;1;1;1;0;0;0;0;0;1;0;0;;
277721;11;1;2016;13:28;0;RD BR 116;;;16000;KM-16;Colisão;Luz do Dia;;;Meio de Quadra;;;0;1;0;0;0;0;0;0;0;0;0;0;;
277722;11;1;2016;13:32;0;AV TEN LISBOA;;;;;Colisão;Luz do Dia;;;Meio de Quadra;;;0;1;1;1;0;0;0;0;0;1;0;0;;
277724;11;1;2016;13:46;5448;RUA BAR ARATANHA;RUA METON DE ALENCAR;;;;Colisão;Luz do Dia;;;Cruz;Pare;Comercial;0;2;0;0;0;0;0;0;0;0;0;0;-38,527028;-3,734847
277767;12;1;2016;01:14;5045;AV FILOMENO GOMES;RUA SAO PAULO;;;;Queda;;;;Cruz;Semáforo;Residencial;0;1;0;0;0;0;0;0;0;1;0;0;-38,5412;-3,721539
277768;12;1;2016;01:18;0;AV DR SILAS MUNGUBA;;;;;Queda;;;;Meio de Quadra;;;0;1;0;0;0;0;0;0;0;1;0;0;;
277769;12;1;2016;01:27;0;AV SGT HERMINIO SAMPAIO;;;769;;Colisão;;;;Meio de Quadra;;;0;1;2;1;0;0;0;0;0;1;0;0;-38,547518;-3,724565
277770;12;1;2016;03:25;0;AV SEN FERNANDES TAVORA;;;3225;;Colisão;;;;Meio de Quadra;;;0;2;0;0;0;0;0;0;0;1;0;0;-38,600896;-3,754644
277771;12;1;2016;05:24;0;AV PONTES VIEIRA;;;2491;;Colisão;Amanhecer;;;Meio de Quadra;;;0;1;2;1;0;0;0;0;0;1;0;0;-38,49934;-3,75107
277772;12;1;2016;05:46;0;RUA GUILHERME MENDES;;;299;;Colisão;Amanhecer;;;Meio de Quadra;;;0;1;1;0;0;0;0;0;0;1;0;0;-38,581509;-3,721169
277773;12;1;2016;06:00;0;RUA PAPI JUNIOR;;;;;Colisão;Luz do Dia;;;Meio de Quadra;;;0;1;0;0;0;0;0;0;0;0;0;0;;
277765;12;1;2016;00:48;0;RUA OTO DE ALENCAR;;;48;;Colisão;;;;Meio de Quadra;;;0;1;1;1;0;0;0;0;0;1;0;0;-38,539984;-3,722756
277786;12;1;2016;08:23;0;RUA CON DE CASTRO;;;5739;;Colisão;Luz do Dia;;;Meio de Quadra;;;0;1;1;1;0;0;0;0;0;1;0;0;-38,598378;-3,813792
277788;12;1;2016;08:51;0;RUA OSCAR ARARIPE;;;1699;;Colisão;Luz do Dia;;;Meio de Quadra;;;0;1;1;1;0;0;0;0;0;1;0;0;-38,606688;-3,788834
277794;12;1;2016;10:16;0;RUA TOME DE SOUZA;;;538;;Atropelamento;Luz do Dia;;;Meio de Quadra;;;0;1;1;0;0;0;0;0;0;1;0;0;-38,486069;-3,827739
277795;12;1;2016;10:55;19743;RUA AZEVEDO BOLAO;RUA PRO LINO ENCARNACAO;;;;Colisão;Luz do Dia;;;Cruz;Pare;Residencial;0;1;1;1;0;0;0;0;0;1;0;0;-38,56143;-3,737419
277796;12;1;2016;11:04;0;AV DEP PAULINO ROCHA;;;1903;;Queda;Luz do Dia;;;Meio de Quadra;;;0;1;0;0;0;0;0;0;0;1;0;0;-38,514699;-3,811296
277797;12;1;2016;11:16;0;RUA EMILIO DE MENESES;;;386;;Colisão;Luz do Dia;;;Meio de Quadra;;;0;1;1;1;0;0;0;0;0;1;0;0;-38,585283;-3,782357
277798;12;1;2016;11:21;0;AV GODOFREDO MACIEL;;;6368;;Colisão;Luz do Dia;;;Meio de Quadra;;;0;1;1;1;0;1;0;0;0;0;0;0;-38,581359;-3,832233
277799;12;1;2016;12:29;17297;AV PRO GOMES DE MATOS;RUA EDUARDO ANGELIM;;;;Colisão;Luz do Dia;;;Cruz;Pare;Comercial;0;1;1;1;0;0;0;0;0;1;0;0;-38,547809;-3,763719
277800;12;1;2016;12:40;0;AV ALBERTO CRAVEIRO;;;3535;;Queda;Luz do Dia;;;Meio de Quadra;;;0;1;0;0;0;0;0;0;0;1;0;0;;
277801;12;1;2016;13:15;5099;AV TRISTAO GONCALVES;RUA SEN ALENCAR;;;;Colisão;Luz do Dia;;;Cruz;Pare;Comercial;0;1;1;1;0;1;0;0;0;0;0;0;-38,532122;-3,723524
277802;12;1;2016;13:19;0;AV GAL OSORIO DE PAIVA;;;2450;;Colisão;Luz do Dia;;;Meio de Quadra;;;0;1;1;0;0;0;0;0;0;1;0;0;-38,584193;-3,786846
277803;12;1;2016;13:30;0;AV FRANCISCO SA;;;5426;;Colisão;Luz do Dia;;;Meio de Quadra;;;0;1;0;0;0;0;0;0;0;0;0;0;-38,572352;-3,712282
277804;12;1;2016;13:40;0;RUA IRACEMA (JANGURUSSU);;;173;;Queda;Luz do Dia;;;Meio de Quadra;;;0;1;0;0;0;0;0;0;0;1;0;0;;
277775;12;1;2016;06:38;0;AV PRS COSTA E SILVA;;;;;Colisão;Luz do Dia;;;Meio de Quadra;;;0;1;1;1;0;0;0;0;0;1;0;0;;
277776;12;1;2016;07:30;0;AV SEN CARLOS JEREISSATI (AEROPORTO);;;;;Colisão;Luz do Dia;;;Meio de Quadra;;;0;1;1;1;0;0;0;0;0;1;0;0;;
277777;12;1;2016;07:47;0;AV DUQ CAXIAS;;;1326;;Colisão;Luz do Dia;;;Meio de Quadra;;;0;1;1;0;0;0;0;0;0;1;0;0;-38,535945;-3,729836
277823;12;1;2016;16:05;0;AV JOAO PESSOA;;;1064;;Colisão;Luz do Dia;;;Meio de Quadra;;;0;1;1;0;0;0;0;0;0;1;0;0;;
277824;12;1;2016;19:08;0;AV ABOLICAO;;;2380;;Queda;;;;Meio de Quadra;;;0;1;0;0;0;0;0;0;0;1;0;0;-38,497704;-3,726606
277820;12;1;2016;14:23;0;AV GAL OSORIO DE PAIVA;;;;;Atropelamento;Luz do Dia;;;Meio de Quadra;;;0;2;1;0;0;0;0;0;0;1;0;0;;
277821;12;1;2016;14:45;5332;RUA SEN POMPEU;RUA PEDRO I;;;;Queda;Luz do Dia;;;Cruz;Semáforo;Comercial;0;1;0;0;0;0;0;0;0;1;0;0;-38,530728;-3,730553
277790;12;1;2016;10:15;0;RUA GUILHERME PESSOA;;;594;;Colisão;Luz do Dia;;;Meio de Quadra;;;0;1;0;0;0;0;0;0;0;0;0;0;;
274307;12;1;2016;14:00;13304;AV I CJ JOSE WALTER;AV G CJ JOSE WALTER;;;;Colisão Transversal;Luz do Dia;;;T;Pare;Residencial;0;0;2;0;0;0;1;0;0;0;0;0;-38,554956;-3,839061
274309;12;1;2016;10:00;0;AV DR SILAS MUNGUBA;;;4845;;Colisão Traseira;Luz do Dia;;;Meio de Quadra;;;0;0;2;1;0;0;0;0;0;0;0;0;-38,532641;-3,795463
274312;12;1;2016;10:50;12511;AV LINEU MACHADO;RUA DES GOMES PARENTE;;;;Colisão Frontal;Luz do Dia;;;Cruz;Pare;Misto;0;0;2;1;0;0;0;0;0;1;0;0;-38,580327;-3,772496
274317;12;1;2016;07:40;7650;AV CARNEIRO DE MENDONCA;RUA BELO HORIZONTE;;;;Colisão Lateral;Luz do Dia;;;Cruz;Pare;Misto;0;0;2;1;0;0;0;1;0;0;0;0;-38,567567;-3,763666
274321;12;1;2016;13:00;17316;RUA TEN MOACIR MATOS;RUA ZACARIAS GONDIM;;;;Colisão Lateral;Luz do Dia;;;;Pare;Residencial;0;0;2;1;0;0;0;0;0;1;0;0;-38,556819;-3,764447
274324;12;1;2016;14:20;17317;AV JOAO PESSOA;RUA TEN MOACIR MATOS;;;;Colisão Lateral;Luz do Dia;;;T;Pare;Comercial;0;0;2;1;1;0;0;0;0;0;0;0;-38,558316;-3,763615
274327;12;1;2016;09:45;0;AV JOVITA FEITOSA;;;579;;Colisão Lateral;Luz do Dia;;;Meio de Quadra;;;0;0;2;1;0;0;0;0;0;0;0;0;-38,549177;-3,738352
274331;12;1;2016;19:00;15360;AV DES MOREIRA;AV DOM LUIS;;;;Colisão Lateral;;;;Rotatória;Não Há Controle;Comercial;0;0;2;1;1;0;0;0;0;0;0;0;-38,497383;-3,733239
274334;12;1;2016;13:15;0;AV GOV RAUL BARBOSA;;;;;Colisão Lateral;Luz do Dia;;;Meio de Quadra;;;0;0;2;1;0;0;0;0;0;0;0;0;;
274338;12;1;2016;15:30;15293;AV BAR STUDART;RUA TEN BENEVOLO;;;;Colisão;Luz do Dia;;;Cruz;Semáforo;Comercial;0;0;2;1;1;0;0;0;0;0;0;0;-38,504908;-3,72939
274345;12;1;2016;18:50;9169;AV LUCIANO CARNEIRO;RUA DR ALFREDO WEYNE D14;;;;Colisão Traseira;;;;;Não Há Controle;Comercial;0;1;1;1;0;0;0;0;0;1;0;0;-38,533556;-3,754682
303876;12;1;2016;13:46;1456;AV SANTOS DUMONT;RUA CEL JUCA;;;;Colisão Transversal;Luz do Dia;Bom;Seca;Cruz;Semáforo;Comercial;0;0;2;1;0;0;0;0;0;0;0;0;;
274530;12;1;2016;10:45;1580;RUA PDE VALDEVINO;RUA NUNES VALENTE;;;;Colisão Transversal;Luz do Dia;;;Cruz;Pare;Comercial;0;0;2;1;0;0;0;0;0;0;0;0;-38,505782;-3,742608
274532;12;1;2016;10:45;0;AV PONTES VIEIRA;;;2511;;Colisão Lateral;Luz do Dia;;;Meio de Quadra;;;0;1;2;1;0;0;0;0;0;1;0;0;-38,49914;-3,751044
274536;12;1;2016;07:00;0;AV ALM HENRIQUE SABOIA;;;200;;Colisão Traseira;Luz do Dia;;;Meio de Quadra;;;0;0;2;1;0;0;0;0;0;0;0;0;-38,48048;-3,724401
274538;12;1;2016;16:45;5369;RUA ASSUNCAO;RUA PEDRO I;;;;Atropelamento;Luz do Dia;;;T;Pare;Comercial;0;1;1;0;1;0;0;0;0;0;0;0;-38,527661;-3,731527
274542;12;1;2016;10:40;19306;AV GAL OSORIO DE PAIVA;RUA EDUARDO PERDIGAO;;;;Colisão Traseira;Luz do Dia;;;Cruz;Semáforo;Comercial;0;0;2;1;0;0;0;0;0;0;0;0;-38,565454;-3,774747
274547;12;1;2016;16:00;0;AV ABOLICAO;;;;;Colisão Traseira;Luz do Dia;;;Meio de Quadra;;;0;0;2;1;0;0;1;0;0;0;0;0;;
274551;12;1;2016;16:00;5159;AV IMPERADOR;RUA GUILHERME ROCHA;;;;Colisão Lateral;Luz do Dia;;;Cruz;Semáforo;Comercial;0;0;2;1;0;0;0;0;0;0;0;0;-38,533829;-3,725081
274556;12;1;2016;17:30;12871;RUA BAR ARATANHA;RUA JOAQUIM MAGALHAES;;;;Outros;Anoitecer;;;Cruz;Pare;Residencial;0;0;2;1;0;0;0;0;0;0;0;0;-38,528666;-3,739716
274419;12;1;2016;18:50;11736;RUA JULIO BRAGA;RUA ELISEU VIANA;;;;Colisão Lateral;;;;;;;0;1;1;1;0;0;0;0;0;1;0;0;-38,587072;-3,773944
274428;12;1;2016;07:10;0;AV DES GONZAGA;;;1680;;Colisão Lateral;Luz do Dia;;;Meio de Quadra;Pare;Residencial;0;0;2;1;0;0;0;0;0;0;0;0;;
274445;12;1;2016;16:30;12867;RUA JAIME BENEVOLO;RUA JOAQUIM MAGALHAES;;;;Colisão Lateral;Luz do Dia;;;Cruz;Pare;Comercial;0;1;1;1;0;0;0;0;0;0;0;0;-38,527961;-3,739942
274450;12;1;2016;08:50;6721;RUA BENTO ALBUQUERQUE;AV ENG SANTANA JUNIOR;;;;Colisão Traseira;Luz do Dia;;;Cruz;Semáforo;Misto;0;0;3;1;0;0;0;0;0;0;0;0;-38,486538;-3,742678
274459;12;1;2016;17:00;0;RUA SEN ALENCAR;;;934;;Colisão Lateral;Anoitecer;;;Meio de Quadra;;;0;0;2;1;0;0;1;0;0;0;0;0;-38,534278;-3,722852
274456;12;1;2016;15:09;5395;RUA ANTONIO POMPEU;RUA TEREZA CRISTINA;;;;Colisão Transversal;Luz do Dia;;;Cruz;Pare;Comercial;0;0;2;1;1;0;0;0;0;0;0;0;-38,538356;-3,73234
274467;12;1;2016;18:40;17294;RUA CEL ALEXANDRINO;RUA JOAO FIRMINO;;;;Colisão Transversal;;;;Cruz;Pare;Comercial;0;0;2;1;0;0;0;0;0;0;0;0;-38,554922;-3,763514
274469;12;1;2016;13:40;7914;AV ANTONIO SALES;RUA LEONARDO MOTA;;;;Colisão Lateral;Luz do Dia;;;Cruz;Semáforo;Misto;0;0;2;1;0;0;1;0;0;0;0;0;-38,499442;-3,746358
274471;12;1;2016;12:00;13452;AV RUI BARBOSA;RUA ROBERIO TAVORA;;;;Choque c/ Obstáculo Fixo;Luz do Dia;;;Meio de Quadra;Pare;Misto;0;0;1;1;0;0;0;0;0;0;0;0;-38,511882;-3,743579
274472;12;1;2016;13:45;15302;RUA PEREIRA FILGUEIRAS;RUA MON BRUNO;;;;Colisão Transversal;Luz do Dia;;;;Pare;Residencial;0;0;2;1;0;0;0;0;0;0;0;0;-38,50858;-3,729763
274526;12;1;2016;21:00;8025;AV JOAO PESSOA;RUA PRO COSTA MENDES;;;;Colisão Lateral Sentido Oposto;;;;Cruz;Semáforo;Comercial;0;0;2;0;0;1;1;0;0;0;0;0;-38,549441;-3,752393
274527;12;1;2016;07:40;0;RUA PASSEIO DOS CAJUEIROS;;;362;;Colisão Transversal;Luz do Dia;;;Meio de Quadra;;;0;0;2;1;0;0;0;0;0;1;0;0;;
273560;12;1;2016;20:30;7329;RUA MANAUS;RUA PRO PAULO LOPES;;;;Colisão Lateral;;;;Cruz;Pare;Residencial;0;3;2;1;0;0;0;0;0;0;0;0;-38,591163;-3,753573
278812;12;1;2016;08:06;0;RUA SAO PAULO;;;;;Colisão;Luz do Dia;;;Meio de Quadra;;;0;0;2;0;0;0;0;0;0;0;0;0;;
278813;12;1;2016;08:29;0;AV CEL CARVALHO;;;2872;;Colisão;Luz do Dia;;;Meio de Quadra;;;0;0;2;0;0;0;0;0;0;0;0;0;-38,585031;-3,728395
278807;12;1;2016;03:15;5090;RUA GUILHERME ROCHA;RUA OTO DE ALENCAR;;;;Colisão;;;;Cruz;Semáforo;Comercial;0;0;2;0;0;0;0;0;0;0;0;0;-38,540079;-3,723058
278808;12;1;2016;06:56;0;AV AUGUSTO DOS ANJOS;;;1865;;Colisão;Luz do Dia;;;Meio de Quadra;;;0;0;2;0;0;0;0;0;0;0;0;0;-38,580894;-3,78216
278817;12;1;2016;09:12;0;RUA ESPERANTO D14;;;1417;;Colisão;Luz do Dia;;;Meio de Quadra;;;0;0;2;0;0;0;0;0;0;0;0;0;-38,540106;-3,766416
278825;12;1;2016;09:53;19144;RUA DES WALDETARIO P MOTA;RUA PEREIRA DE MIRANDA;;;;Colisão;Luz do Dia;;;Cruz;Pare;Residencial;0;0;2;0;0;0;0;0;0;0;0;0;-38,482385;-3,739627
278833;12;1;2016;11:25;22147;RUA PAPI JUNIOR;RUA GUSTAVO BRAGA;;;;Colisão;Luz do Dia;;;Cruz;Pare;Residencial;0;0;2;0;0;0;0;0;0;0;0;0;-38,554656;-3,749148
278834;12;1;2016;11:28;12643;RUA GUILHERME MENDES;RUA ALBERTO FERREIRA;;;;Colisão;Luz do Dia;;;Cruz;Pare;Residencial;0;0;2;0;0;0;0;0;0;0;0;0;-38,583132;-3,721019
278835;12;1;2016;11:33;3869;RUA MAL DEODORO;RUA JOAQUIM MAGALHAES;;;;Colisão;Luz do Dia;;;Cruz;Pare;Residencial;0;0;2;0;0;0;0;0;0;0;0;0;-38,534258;-3,737883
278837;12;1;2016;12:01;19714;RUA ERICO MOTA;RUA GUSTAVO SAMPAIO;;;;Colisão;Luz do Dia;;;Cruz;Pare;Residencial;0;0;2;0;0;0;0;0;0;0;0;0;-38,562743;-3,73656
278839;12;1;2016;12:17;0;AV JOSE BASTOS;;;;;Colisão;Luz do Dia;;;Meio de Quadra;;;0;0;2;0;0;0;0;0;0;0;0;0;;
278840;12;1;2016;12:47;0;RUA CESAR FONSECA;;;;;Colisão;Luz do Dia;;;Meio de Quadra;;;0;0;2;0;0;0;0;0;0;0;0;0;;
278842;12;1;2016;12:49;0;AV FRE CIRILO;;;;;Colisão;Luz do Dia;;;Meio de Quadra;;;0;0;2;0;0;0;0;0;0;0;0;0;;
278848;12;1;2016;13:42;1718;RUA CAP ARAGAO;RUA PILOTO D46;;;;Colisão;Luz do Dia;;;Cruz;Pare;Comercial;0;0;2;0;0;0;0;0;0;0;0;0;-38,510665;-3,76444
278860;12;1;2016;14:19;5431;RUA GAL CLARINDO DE QUEIROZ;RUA BAR ARATANHA;;;;Colisão;Luz do Dia;;;Cruz;Não Há Controle;Comercial;0;0;2;0;0;0;0;0;0;0;0;0;-38,526693;-3,733844
278863;12;1;2016;15:00;0;AV IMPERADOR;;;;;Colisão;Luz do Dia;;;Meio de Quadra;;;0;0;2;0;0;0;0;0;0;0;0;0;;
276657;12;1;2016;13:00;0;AV SEN CARLOS JEREISSATI (AEROPORTO);;;;KM 02;Colisão;Luz do Dia;Bom;Seca;Meio de Quadra;;;0;1;1;1;0;0;0;0;0;1;0;0;-38,535424;-3,782194
276663;12;1;2016;10:10;0;RD CE-060;;;;KM-02;Queda;Luz do Dia;Bom;Seca;Meio de Quadra;;;0;1;0;0;0;0;0;0;0;1;0;0;-38,582918;-3,836668
276666;12;1;2016;20:30;0;AV SEN CARLOS JEREISSATI (AEROPORTO);;;;KM 03;Colisão;Via Iluminada;Bom;Seca;Meio de Quadra;;;0;0;2;1;0;0;0;0;0;0;0;0;-38,544038;-3,779641
276669;12;1;2016;21:10;0;RD CE-060;;;;KM-03;Colisão;Via Iluminada;Bom;Seca;Meio de Quadra;;;0;0;3;1;0;0;0;1;0;0;0;0;-38,585024;-3,843072
278871;12;1;2016;15:32;17365;RUA TEN MOACIR MATOS;RUA EUZEBIO DE QUEIROS;;;;Colisão;Luz do Dia;;;Cruz;Pare;Residencial;0;0;2;0;0;0;0;0;0;0;0;0;-38,553728;-3,76639
278883;12;1;2016;15:48;0;AV BEZERRA DE MENEZES;;;;;Colisão;Luz do Dia;;;Meio de Quadra;;;0;0;2;0;0;0;0;0;0;0;0;0;;
278884;12;1;2016;16:04;2884;RUA MARIA JULIA;RUA MARTINS CARVALHO;;;;Colisão;Luz do Dia;;;;;;0;0;2;0;0;0;0;0;0;0;0;0;-38,600949;-3,796333
278887;12;1;2016;16:08;0;ET SIQUEIRA;;;;;Colisão;Luz do Dia;;;Meio de Quadra;;;0;0;2;0;0;0;0;0;0;0;0;0;;
278893;12;1;2016;19:46;0;RUA AMERICO VESPUCIO;;;;;Colisão;;;;Meio de Quadra;;;0;0;2;1;0;0;0;0;0;0;0;0;;
278890;12;1;2016;16:27;5084;RUA SEN ALENCAR;RUA PRC ISABEL;;;;Colisão;Luz do Dia;;;Cruz;Pare;Comercial;0;0;2;0;0;0;0;0;0;0;0;0;-38,534356;-3,722828
278900;12;1;2016;16:56;0;AV GODOFREDO MACIEL;;;;;Colisão;Luz do Dia;;;Meio de Quadra;;;0;0;2;0;0;0;0;0;0;0;0;0;;
278907;12;1;2016;17:17;0;AV GODOFREDO MACIEL;;;;;Colisão;Anoitecer;;;Meio de Quadra;;;0;0;2;0;0;0;0;0;0;0;0;0;;
278929;12;1;2016;17:19;19713;RUA AZEVEDO BOLAO;RUA DOM LINO;;;;Colisão;Anoitecer;;;Cruz;Pare;Comercial;0;0;2;0;0;0;0;0;0;0;0;0;-38,557088;-3,736529
278964;12;1;2016;18:36;6732;RUA ANDRADE FURTADO;RUA JULIO AZEVEDO;;;;Colisão;;;;Cruz;Pare;Residencial;0;0;2;1;0;0;0;0;0;0;0;0;-38,483306;-3,744567
279031;12;1;2016;12:58;19360;AV GODOFREDO MACIEL;RUA EDUARDO PERDIGAO;;;;Colisão;Luz do Dia;;;Cruz;Pare;Comercial;0;0;2;0;0;0;0;0;0;0;0;0;-38,563845;-3,776654
273767;12;1;2016;16:00;25854;AV EDILSON B SOARES;RUA ANIBAL F BONAVIDES;;;;Colisão Traseira;Luz do Dia;;;Cruz;Pare;Residencial;0;1;1;1;0;0;0;0;0;0;0;0;-38,475387;-3,789009
273608;12;1;2016;15:10;0;RUA ESTEFANIA M MOTA;;;700;;Colisão Traseira;Luz do Dia;;;Meio de Quadra;;;0;0;2;1;0;0;0;0;0;0;0;0;-38,556034;-3,731974
273600;12;1;2016;07:40;15195;AV ABOLICAO;RUA JOSE NAPOLEAO;;;;Colisão;Luz do Dia;;;Cruz;Semáforo Manual;Comercial;0;1;1;1;0;1;0;0;0;0;0;0;-38,490302;-3,726523
273589;12;1;2016;07:00;14434;AV SGT HERMINIO SAMPAIO;RUA CEL RIBEIRO DA SILVA;;;;Colisão Traseira;Luz do Dia;;;T;Pare;Residencial;0;0;2;1;0;0;0;0;0;1;0;0;-38,547436;-3,724573
273569;12;1;2016;19:30;5200;RUA TEN BENEVOLO;RUA GONCALVES LEDO;;;;Colisão Lateral;;;;Cruz;Pare;Residencial;0;0;2;1;0;0;0;0;0;0;0;0;-38,514537;-3,726183
274214;12;1;2016;16:00;0;RUA TEN JURANDIR ALENCAR;;;26;;Colisão Traseira;Luz do Dia;;;Meio de Quadra;;;0;0;3;1;1;0;1;0;0;0;0;0;-38,495085;-3,831666
274215;12;1;2016;16:00;17686;RUA MAJ TELESFORO;RUA C CJ JD PRIMAVERA;;;;Colisão Lateral;Luz do Dia;;;;;;0;0;2;1;0;0;0;0;0;0;0;0;-38,548704;-3,798855
275617;13;1;2016;17:00;0;RD BR 116;;;500;KM-13;Colisão Lateral;Anoitecer;;;Meio de Quadra;;;0;1;1;0;0;0;0;0;0;1;0;0;-38,49773912;-3,865784711
277997;13;1;2016;16:36;0;AV MR HULL;;;;;Queda;Luz do Dia;;;Meio de Quadra;;;0;1;0;0;0;0;0;0;0;1;0;0;;
277986;13;1;2016;14:35;0;RUA COM JOSE PEQUENO;;;50;;Colisão;Luz do Dia;;;Meio de Quadra;;;0;1;1;0;0;0;0;0;0;1;0;0;-38,515314;-3,720665
277987;13;1;2016;14:52;0;AV AUGUSTO DOS ANJOS;;;866;;Colisão;Luz do Dia;;;Meio de Quadra;;;0;1;1;1;0;0;0;0;0;1;0;0;-38,574969;-3,775421
277989;13;1;2016;15:45;0;RUA FRE ODILON;;;98;;Colisão;Luz do Dia;;;Meio de Quadra;;;0;1;1;0;0;0;0;0;0;1;0;0;;
277982;13;1;2016;14:33;0;RUA PERNAMBUCO;;;521;;Colisão;Luz do Dia;;;Meio de Quadra;;;0;1;1;1;0;0;0;0;0;1;0;0;;
277971;13;1;2016;14:08;0;AV BEZERRA DE MENEZES;;;520;;Colisão;Luz do Dia;;;Meio de Quadra;;;0;1;1;1;0;0;0;0;0;1;0;0;-38,549704;-3,732607
278026;13;1;2016;21:05;0;AV PRS CASTELO BRANCO;;;6033;;Colisão;;;;Meio de Quadra;;;0;1;0;0;0;0;0;0;0;0;0;0;-38,58434;-3,701651