COD_ACIDENTE;DIA;MES;ANO;HORA;INTERSECAO;LOG1;LOG2;LOG3;NUMERO;REFERENCIA;NATUREZA;ILUMINACAO;TEMPO;SUPERFICIEPISTA;TIPOCRUZAMENTO;CONTROLETRAFEGO;USOSOLO;MORTOS;FERIDOS;ILESOS;AUTOMOVEL;ONIBUS;BICICLETA;CAMINHAO;MICROONIBUS;CICLOMOTOR;MOTOCICLETA;TRACAOANIMAL;TREM;LONG;LAT
278027;13;1;2016;22:08;18756;RUA VALPARAISO;AV B CJ HAB ST SAO JOAO;;;;Colisão;;;;Cruz;Pare;Residencial;0;1;0;0;0;0;0;0;0;0;0;0;-38,517719;-3,846515
278018;13;1;2016;19:01;0;AV DR THEBERGE;;;2854;;Atropelamento;;;;Meio de Quadra;;;0;1;1;1;0;0;0;0;0;0;0;0;-38,569047;-3,727228
278020;13;1;2016;19:30;0;RUA MARIA JOSE DE SOUSA;;;170;;Colisão;;;;Meio de Quadra;;;0;1;1;1;0;0;0;0;0;1;0;0;;
278001;13;1;2016;18:05;23448;RUA ALVARO BOMILCAR;RUA PAULO FIRMEZA;;;;Colisão;Anoitecer;;;Cruz;Pare;Residencial;0;1;1;0;0;0;0;0;0;1;0;0;-38,509917;-3,756867
273696;13;1;2016;19:30;0;AV AGUANAMBI;;;1518;;Colisão Traseira;;;;Meio de Quadra;;;0;0;2;1;0;0;0;0;0;0;0;0;-38,523716;-3,749999
273697;13;1;2016;15:40;9156;AV LUCIANO CARNEIRO;RUA MIN JOAQUIM BASTOS D14;;;;Colisão Traseira;Luz do Dia;;;T;Semáforo;Outros;0;0;2;1;0;0;0;0;0;0;0;0;-38,53222;-3,750348
273735;13;1;2016;21:30;0;RUA AMARO JOSE DE SOUZA;;;136;;Colisão Frontal;;;;Meio de Quadra;;;0;1;1;1;0;0;0;0;0;1;0;0;-38,564408;-3,827425
273736;13;1;2016;18:20;0;RUA CAP GUSTAVO;;;3552;;Colisão Traseira;Anoitecer;;;Meio de Quadra;;;0;0;3;1;0;0;0;0;0;0;0;0;-38,517318;-3,752176
273739;13;1;2016;13:30;0;AV GODOFREDO MACIEL;;;;;Colisão Traseira;Luz do Dia;;;Meio de Quadra;;;0;0;2;1;0;0;0;1;0;0;0;0;;
273740;13;1;2016;14:30;0;RUA BERNARDO MANUEL;;;8693;;Colisão Traseira;Luz do Dia;;;Meio de Quadra;;;0;1;2;1;0;0;0;0;0;1;0;0;-38,550496;-3,795674
273742;13;1;2016;15:00;17378;RUA ALBERTO MAGNO;RUA ROMEU MARTINS;;;;Colisão Transversal;Luz do Dia;;;Cruz;Pare;Comercial;0;1;1;1;0;0;0;0;0;1;0;0;-38,551758;-3,766914
273745;13;1;2016;07:00;0;RUA BETEL;;;300;;Colisão Transversal;Luz do Dia;;;Meio de Quadra;;;0;1;1;1;0;0;0;0;0;1;0;0;;
273747;13;1;2016;00:15;19669;RUA PRO RAIMUNDO ARRUDA;RUA GUSTAVO SAMPAIO;;;;Colisão Transversal;;;;Cruz;Pare;Residencial;0;0;2;0;0;0;0;0;0;0;0;0;-38,551915;-3,734328
273749;13;1;2016;19:10;0;AV DR SILAS MUNGUBA;;;2249;;Colisão Traseira;;;;;;;0;0;2;1;0;0;0;0;0;0;0;0;-38,551278;-3,785812
273750;13;1;2016;18:00;7650;AV CARNEIRO DE MENDONCA;RUA BELO HORIZONTE;;;;Colisão Transversal;Anoitecer;;;Cruz;Pare;Misto;0;1;1;1;0;1;0;0;0;0;0;0;-38,567567;-3,763666
273751;13;1;2016;17:20;0;AV 13 DE MAIO;;;1024;;Colisão Transversal;Anoitecer;;;Meio de Quadra;;;0;0;2;0;1;0;0;0;0;0;0;0;-38,528429;-3,750094
273755;13;1;2016;09:40;22127;RUA GUSTAVO BRAGA;RUA MAJ PEDRO SAMPAIO;;;;Colisão Lateral;Luz do Dia;;;Cruz;Pare;Residencial;0;0;2;1;0;0;0;0;0;0;0;0;-38,555389;-3,748479
273757;13;1;2016;11:40;5357;RUA MAJ FACUNDO;RUA PEDRO I;;;;Colisão Lateral;Luz do Dia;;;Cruz;Pare;Comercial;0;1;1;1;0;0;0;0;0;1;0;0;-38,52899;-3,731113
273676;13;1;2016;07:15;26230;AV PRS CASTELO BRANCO;RUA BORIS;;;;Colisão Traseira;Luz do Dia;;;Cruz;Não Há Controle;Comercial;0;3;0;0;0;0;0;0;0;1;0;0;-38,521056;-3,723228
273701;13;1;2016;11:20;21520;RUA FRANCISCO ALMEIDA;RUA GETULIO VARGAS  D-71;;;;Colisão Transversal;Luz do Dia;;;Cruz;Não Há Controle;Comercial;0;1;1;0;1;0;0;0;0;1;0;0;;
273702;13;1;2016;15:00;7758;RUA SILVA PAULET;RUA DOM EXPEDITO LOPES;;;;Colisão Lateral Sentido Oposto;Luz do Dia;;;Cruz;Pare;Residencial;0;1;1;1;0;0;0;0;0;0;0;0;-38,508134;-3,742826
273706;13;1;2016;16:30;0;AV AGUANAMBI;;;;ROTATÓRIA;Colisão Lateral;Luz do Dia;;;Meio de Quadra;;;0;0;2;1;0;0;1;0;0;0;0;0;;
273707;13;1;2016;08:40;0;RUA MON LIBERATO;;;1851;;Colisão Lateral;Luz do Dia;;;Meio de Quadra;;;0;1;1;1;0;0;0;0;0;1;0;0;-38,530549;-3,749493
273711;13;1;2016;17:30;25108;AV BEZERRA DE MENEZES;RUA BRAZ DE FRANCESCO;;;;Colisão Transversal;Anoitecer;;;Cruz;Semáforo;Comercial;0;1;1;0;1;0;0;0;0;1;0;0;-38,567363;-3,736282
273714;13;1;2016;16:30;0;RUA MIN JOAQUIM BASTOS D14;;;383;;Colisão Lateral;Luz do Dia;;;Meio de Quadra;;;0;0;2;1;0;0;0;0;0;0;0;0;-38,528843;-3,753231
273718;13;1;2016;09:30;0;RUA LUIS GUIMARAES;;;;;Colisão Transversal;Luz do Dia;;;Meio de Quadra;Pare;Residencial;0;1;1;1;0;0;0;0;0;1;0;0;;
273719;13;1;2016;19:30;0;AV JOSE BASTOS;;;4440;;Colisão Traseira;;;;Meio de Quadra;;;0;0;2;1;0;0;0;0;0;0;0;0;-38,555845;-3,755379
273721;13;1;2016;20:15;19592;RUA NEREU RAMOS;RUA DINAMARCA;;;;Colisão Transversal;;;;;Não Há Controle;Residencial;0;1;2;1;0;0;0;0;0;0;0;0;-38,571301;-3,785606
273722;13;1;2016;15:00;5369;RUA ASSUNCAO;RUA PEDRO I;;;;Colisão Lateral;Luz do Dia;;;T;Pare;Comercial;0;0;2;1;0;0;0;0;0;0;0;0;-38,527661;-3,731527
273727;13;1;2016;15:30;24955;AV ALM HENRIQUE SABOIA;AV ANTONIO JUSTA;;;;Colisão Lateral;Luz do Dia;;;T;Pare;Residencial;0;0;2;0;0;0;0;0;0;0;0;0;-38,48235;-3,731616
273731;13;1;2016;16:00;0;AV PDE ANTONIO TOMAS;;;2073;;Colisão Lateral;Luz do Dia;;;Meio de Quadra;;;0;0;2;1;0;0;0;0;0;1;0;0;-38,493849;-3,742051
279038;13;1;2016;12:59;598;AV DR THEBERGE;RUA FERREIRA DOS SANTOS;;;;Colisão;Luz do Dia;;;;;;0;0;2;0;0;0;0;0;0;0;0;0;-38,566155;-3,718296
279042;13;1;2016;13:01;1308;AV BAR STUDART;RUA EDUARDO SALGADO;;;;Colisão;Luz do Dia;;;Cruz;Pare;Comercial;0;0;2;0;0;0;0;0;0;0;0;0;-38,506655;-3,734692
279048;13;1;2016;13:43;0;AV C CJ JOSE WALTER;;;;;Colisão;Luz do Dia;;;Meio de Quadra;;;0;0;2;0;0;0;0;0;0;0;0;0;;
279050;13;1;2016;13:52;0;RUA SAO FRANCISCO D21;;;1150;;Colisão;Luz do Dia;;;Meio de Quadra;;;0;0;2;0;0;0;0;0;0;0;0;0;;
279007;13;1;2016;11:10;0;AV GAL OSORIO DE PAIVA;;;446;;Colisão;Luz do Dia;;;Meio de Quadra;;;0;0;2;0;0;0;0;0;0;0;0;0;;
279008;13;1;2016;11:27;0;AV PERIMETRAL;;;;;Colisão;Luz do Dia;;;Meio de Quadra;;;0;0;2;0;0;0;0;0;0;0;0;0;;
279019;13;1;2016;11:47;15365;AV SEN VIRGILIO TAVORA;RUA PEREIRA VALENTE;;;;Colisão;Luz do Dia;;;Cruz;Semáforo;Comercial;0;0;2;0;0;0;0;0;0;0;0;0;-38,492193;-3,733834
279029;13;1;2016;12:23;19721;RUA AMADEU FURTADO;RUA GUSTAVO SAMPAIO;;;;Colisão;Luz do Dia;;;Cruz;Pare;Residencial;0;0;2;0;0;0;0;0;0;0;0;0;-38,563828;-3,736786
278974;13;1;2016;01:16;0;RUA JOAO CORDEIRO;;;735;;Colisão;;;;Meio de Quadra;;;0;0;2;0;0;0;0;0;0;0;0;0;-38,51352;-3,726832
278980;13;1;2016;06:54;19611;RUA NEREU RAMOS;AV GODOFREDO MACIEL;;;;Colisão;Luz do Dia;;;T;Semáforo;Residencial;0;0;2;0;0;0;0;0;0;0;0;0;-38,566802;-3,78725
278983;13;1;2016;07:25;0;RUA JOSE HIPOLITO;;;;;Colisão;Luz do Dia;;;Meio de Quadra;;;0;0;2;0;0;0;0;0;0;0;0;0;;
278986;13;1;2016;08:01;0;RUA MAJ WEYNE;;;;;Colisão;Luz do Dia;;;Meio de Quadra;;;0;0;2;0;0;0;0;0;0;0;0;0;;
278988;13;1;2016;08:03;0;RUA BAR IBIAPABA;;;;;Colisão;Luz do Dia;;;Meio de Quadra;;;0;0;2;0;0;0;0;0;0;0;0;0;;
278989;13;1;2016;09:06;0;AV ENG LEAL LIMA VERDE (SAPIRANGA/COITE);;;573;;Colisão;Luz do Dia;;;Meio de Quadra;;;0;0;2;0;0;0;0;0;0;0;0;0;-38,475913;-3,793212
278993;13;1;2016;09:37;0;RUA PRO EDGAR DE ARRUDA;;;268;;Colisão;Luz do Dia;;;Meio de Quadra;;;0;0;2;0;0;0;0;0;0;0;0;0;;
278994;13;1;2016;09:37;1472;AV PDE ANTONIO TOMAS;RUA TIBURCIO CAVALCANTE;;;;Colisão;Luz do Dia;;;Cruz;Semáforo;Comercial;0;0;2;0;0;0;0;0;0;0;0;0;-38,503547;-3,73895
279002;13;1;2016;10:30;9034;AV AGUANAMBI;RUA CEL SOLON;;;;Colisão;Luz do Dia;;;Cruz;Semáforo;Comercial;0;0;2;0;0;0;0;0;0;0;0;0;-38,525818;-3,742854
279054;13;1;2016;13:52;0;AV PRS CASTELO BRANCO;;;5920;;Colisão;Luz do Dia;;;Meio de Quadra;;;0;1;1;0;0;0;0;0;0;0;0;0;-38,58335;-3,702115
279046;13;1;2016;10:03;13430;RUA ADOLFO SIQUEIRA;RUA JOAO CORDEIRO;;;;Colisão;Luz do Dia;;;Cruz;Pare;Residencial;0;0;2;0;0;0;0;0;0;0;0;0;-38,518694;-3,742579
279060;13;1;2016;14:23;0;AV JOSE BASTOS;;;2876;;Colisão;Luz do Dia;;;Meio de Quadra;;;0;0;2;0;0;0;0;0;0;0;0;0;;
279077;13;1;2016;15:11;15743;RUA MANUEL ARRUDA;RUA HERBENE;;;;Colisão;Luz do Dia;;;Cruz;Pare;Comercial;0;0;2;0;0;0;0;0;0;0;0;0;-38,504019;-3,828948
279078;13;1;2016;15:16;0;AV DOM MANUEL;;;;;Colisão;Luz do Dia;;;Meio de Quadra;;;0;0;2;0;0;0;0;0;0;0;0;0;;
279080;13;1;2016;15:22;17378;RUA ALBERTO MAGNO;RUA ROMEU MARTINS;;;;Colisão;Luz do Dia;;;Cruz;Pare;Comercial;0;0;2;0;0;0;0;0;0;0;0;0;-38,551758;-3,766914
279086;13;1;2016;16:42;0;AV CHANC EDSON QUEIROZ;;;;;Colisão;Luz do Dia;;;Meio de Quadra;;;0;0;2;0;0;0;0;0;0;0;0;0;;
279092;13;1;2016;17:08;23380;RUA NUNES VALENTE;RUA CAP TIBURCIO DA FROTA;;;;Colisão;Anoitecer;;;Cruz;Pare;Residencial;0;0;2;1;0;0;0;0;0;0;0;0;-38,509109;-3,754506
276713;13;1;2016;16:03;0;AV PRS COSTA E SILVA;;;;;Engavetamento;Luz do Dia;;;Meio de Quadra;;;0;0;5;1;0;0;0;0;0;0;0;0;;
276723;13;1;2016;10:00;9034;AV AGUANAMBI;RUA CEL SOLON;;;;Colisão;Luz do Dia;;;Cruz;Semáforo;Comercial;0;0;2;1;0;0;1;0;0;0;0;0;-38,525818;-3,742854
276729;13;1;2016;17:30;8384;RUA EDMAR VILLAR QUEIROZ;RUA H CJ DO IPASE;;;;Colisão;Anoitecer;;;T;Não Há Controle;Residencial;0;0;2;0;1;0;0;0;0;0;0;0;-38,477757;-3,77362
276751;13;1;2016;06:50;0;RD CE-040;;;;KM-07;Colisão;Luz do Dia;Bom;Seca;Meio de Quadra;;;0;0;2;1;0;0;1;0;0;0;0;0;-38,478733;-3,809597
276756;13;1;2016;09:15;0;RD CE-040;;;;KM-07;Colisão;Luz do Dia;Bom;Seca;Meio de Quadra;;;0;1;1;1;0;0;0;0;0;0;0;0;-38,478733;-3,809597
279104;13;1;2016;17:41;0;RUA PERNAMBUCO;;;;;Colisão;Anoitecer;;;Meio de Quadra;;;0;0;2;0;0;0;0;0;0;0;0;0;;
279105;13;1;2016;17:42;0;AV DR SILAS MUNGUBA;;;;;Colisão;Anoitecer;;;Meio de Quadra;;;0;0;2;0;0;0;0;0;0;0;0;0;;
279097;13;1;2016;17:12;0;AV GAL OSORIO DE PAIVA;;;;;Colisão;Anoitecer;;;Meio de Quadra;;;0;0;2;0;0;0;0;0;0;0;0;0;;
276489;13;1;2016;10:35;0;RUA PRO EDGAR DE ARRUDA;;;;;Colisão;Luz do Dia;;;Meio de Quadra;;;0;0;2;0;0;0;1;0;0;0;0;0;;
276491;13;1;2016;11:38;0;AV GAL OSORIO DE PAIVA;;;;;Colisão;Luz do Dia;;;Meio de Quadra;;;0;0;2;1;0;0;1;0;0;0;0;0;;
303930;13;1;2016;23:50;25970;RUA DES OTACILIO PEIXOTO;RUA ANTONIO ALEXANDRINO DOS REIS;;;;;Via Iluminada;Bom;Seca;Cruz;Pare;Residencial;0;0;2;1;0;0;0;0;0;0;0;0;;
277834;13;1;2016;01:51;0;AV PRS CASTELO BRANCO;;;;;Colisão;;;;Meio de Quadra;;;0;1;1;0;0;0;0;0;0;1;0;0;;
277836;13;1;2016;01:57;0;AV PRS COSTA E SILVA;;;;;Colisão;;;;Meio de Quadra;;;0;1;1;1;0;0;0;0;0;1;0;0;;
277837;13;1;2016;02:05;0;RD BR 116;;;2000;KM-02;Colisão;;;;Meio de Quadra;;;0;1;1;1;0;0;0;0;0;1;0;0;-38,51678;-3,771391
277825;13;1;2016;01:36;9154;AV 13 DE MAIO;RUA DOM SEBASTIAO LEME;;;;Queda;;;;;;;0;1;0;0;0;0;0;0;0;1;0;0;-38,525221;-3,752832
277826;13;1;2016;01:43;0;AV G CJ CEARA;;;;;Colisão;;;;Meio de Quadra;;;0;1;1;1;0;0;0;0;0;1;0;0;;
277847;13;1;2016;03:41;0;AV WASHINGTON SOARES;;;6260;;Colisão;;;;Meio de Quadra;;;0;1;1;1;0;0;0;0;0;0;0;0;-38,48047;-3,813842
277848;13;1;2016;04:40;3172;RUA FRANCISCO DOMINGOS;RUA JOSE ARISTOTELES GONDIM;;;;Colisão;;;;;;;0;1;1;1;0;0;0;0;0;1;0;0;-38,585128;-3,779379
277851;13;1;2016;04:49;0;RUA CHICO LEMOS;;;;;Colisão;;;;Meio de Quadra;;;0;1;1;1;0;0;0;0;0;1;0;0;;
277839;13;1;2016;02:07;4194;AV FRANCISCO SA;AV TEN LISBOA;;;;Colisão;;;;Cruz;Não Há Controle;Comercial;0;1;1;1;0;0;0;0;0;1;0;0;-38,555953;-3,717874
277841;13;1;2016;02:15;25509;RUA ANTONIO DIVINO;RUA HOLANDA;;;;Colisão;;;;Cruz;Pare;Residencial;0;1;2;1;0;0;0;0;0;1;0;0;-38,55949;-3,803674
277889;13;1;2016;13:59;0;AV DR SILAS MUNGUBA;;;835;;Colisão;Luz do Dia;;;Meio de Quadra;;;0;1;1;0;0;0;1;0;0;1;0;0;-38,558088;-3,780933
277885;13;1;2016;13:58;0;RUA CAP PORFIRIO;;;650;;Colisão;Luz do Dia;;;Meio de Quadra;;;0;1;1;0;0;0;0;0;0;1;0;0;;
277877;13;1;2016;12:29;0;AV PRS CASTELO BRANCO;;;;;Colisão;Luz do Dia;;;Meio de Quadra;;;0;1;1;1;0;1;0;0;0;0;0;0;;
277881;13;1;2016;13:34;0;RUA BARBACENA D68;;;;;Queda;Luz do Dia;;;Meio de Quadra;;;0;1;0;0;0;1;0;0;0;0;0;0;;
277864;13;1;2016;06:18;0;RD BR 116;;;3315;KM-13;Colisão;Luz do Dia;;;Meio de Quadra;;;0;1;1;1;0;0;0;0;0;1;0;0;-38,49773912;-3,865784711
277865;13;1;2016;09:27;0;RUA JOAO CORDEIRO;;;2454;;Colisão;Luz do Dia;;;Meio de Quadra;;;0;1;1;1;0;1;0;0;0;0;0;0;-38,518448;-3,74183
277866;13;1;2016;10:28;0;AV PRS CASTELO BRANCO;;;5818;;Colisão;Luz do Dia;;;Meio de Quadra;;;0;1;1;1;0;1;0;0;0;0;0;0;-38,582394;-3,702572
277867;13;1;2016;10:54;0;AV JOSE BASTOS;;;2876;;Colisão;Luz do Dia;;;Meio de Quadra;;;0;1;1;1;0;0;0;0;0;1;0;0;;
277870;13;1;2016;11:11;24886;AV MAJ ASSIS;AV MOZART PINHEIRO DE LUCENA;;;;Colisão;Luz do Dia;;;Cruz;Semáforo;Residencial;0;1;1;1;0;0;0;0;0;1;0;0;;
277871;13;1;2016;11:50;17359;AV PRO GOMES DE MATOS;RUA IRM BAZET;;;;Colisão;Luz do Dia;;;Cruz;Pare;Comercial;0;1;1;1;0;0;0;0;0;1;0;0;-38,54981;-3,766045
277872;13;1;2016;12:05;0;RUA JOSE VILAR;;;1294;;Colisão;Luz do Dia;;;Meio de Quadra;;;0;1;1;1;0;0;0;0;0;1;0;0;;
273833;13;1;2016;15:00;7851;AV PONTES VIEIRA;RUA JOSE VILAR;;;;Colisão;Luz do Dia;;;Cruz;Semáforo;Comercial;0;1;1;1;0;0;0;0;0;1;0;0;-38,51003;-3,752317
273834;13;1;2016;15:40;0;AV PONTES VIEIRA;;;1275;;Colisão;Luz do Dia;;;Meio de Quadra;;;0;1;1;1;0;0;0;0;0;1;0;0;-38,510145;-3,752331
273835;13;1;2016;10:40;0;RUA GAL TERTULIANO POTYGUARA;;;700;;Colisão Lateral;Luz do Dia;;;Meio de Quadra;;;0;0;2;0;0;0;0;0;0;1;0;0;-38,498547;-3,743787
273836;13;1;2016;06:40;25267;RUA GAL BERNARDO FIGUEIREDO;RUA FRANCISCA CLOTILDE;;;;Colisão Transversal;Luz do Dia;;;Cruz;Pare;Residencial;0;1;1;1;0;0;0;0;0;0;0;0;-38,549779;-3,739248
273837;13;1;2016;17:00;0;AV DR SILAS MUNGUBA;;;6070;;Colisão Lateral;Anoitecer;;;Meio de Quadra;;;0;1;1;1;0;0;0;0;0;1;0;0;-38,526502;-3,805396
273805;14;1;2016;09:21;0;RUA URUCUTUBA;;;2169;;Colisão Transversal;Luz do Dia;Bom;Seca;Meio de Quadra;Não Há Controle;Comercial;0;1;1;0;0;0;0;1;0;1;0;0;-38,616389;-3,798733
273810;14;1;2016;17:00;15216;AV ABOLICAO;RUA VIS MAUA;;;;Colisão Lateral;Luz do Dia;Bom;Seca;Cruz;Pare;Comercial;0;0;3;1;0;0;0;0;0;0;0;0;-38,496477;-3,727006
273818;14;1;2016;10:30;0;RUA JOAO CORDEIRO;;;;;Colisão;Luz do Dia;Bom;Seca;Meio de Quadra;Pare;Residencial;0;0;3;1;0;0;0;0;0;0;0;0;;
273828;14;1;2016;09:50;12838;RUA SEN POMPEU;RUA SILVA JARDIM;;;;Colisão Lateral;Luz do Dia;Nublado;Seca;T;Pare;Residencial;0;0;2;1;0;0;0;0;0;0;0;0;-38,533702;-3,740379
273831;14;1;2016;18:50;0;RUA ASP MENDES;;;;;Colisão Lateral;Via Iluminada;Bom;Seca;Meio de Quadra;Não Há Controle;Residencial;0;0;2;1;0;0;1;0;0;0;0;0;;
273839;14;1;2016;09:00;7913;RUA VIS MAUA;AV ANTONIO SALES;;;;Colisão Transversal;Luz do Dia;Nublado;Seca;Cruz;Pare;Residencial;0;1;1;0;0;0;1;0;0;0;0;0;-38,50242;-3,745429
273868;14;1;2016;11:20;15139;AV MON TABOSA;RUA BAR ARACATI;;;;Colisão Lateral;Luz do Dia;Nublado;Seca;Cruz;Pare;Comercial;0;1;1;0;0;0;1;0;0;1;0;0;-38,509158;-3,724226
273874;14;1;2016;19:00;8643;AV ENG LEAL LIMA VERDE (SAPIRANGA/COITE);AV EDILSON B SOARES;;;;Colisão Transversal;Via Iluminada;Bom;Seca;Cruz;Pare;Residencial;0;0;3;1;0;0;0;0;0;0;0;0;-38,476215;-3,789082
273878;14;1;2016;04:30;18659;RUA EVALDO BRAGA;AV IRACEMA (CJ PALMEIRAS);;;;Colisão;Mal Iluminada;Bom;Seca;Cruz;Não Há Controle;Residencial;0;1;1;0;1;0;0;0;0;0;0;0;-38,528262;-3,844629
273882;14;1;2016;07:15;7634;AV CARNEIRO DE MENDONCA;RUA MINAS GERAIS;;;;Colisão Lateral;Luz do Dia;;;Cruz;Pare;Residencial;0;1;1;1;0;0;0;0;0;1;0;0;-38,5692;-3,762798
273890;14;1;2016;09:30;13432;AV ANTONIO SALES;AV RUI BARBOSA;;;;Colisão Lateral;Luz do Dia;Nublado;Seca;Cruz;Semáforo;Comercial;0;0;2;1;0;0;0;0;0;0;0;0;-38,511569;-3,742611
273936;14;1;2016;11:45;7782;RUA OSVALDO CRUZ (ALDEOTA);RUA JULIO SIQUEIRA;;;;Colisão Lateral;Luz do Dia;Nublado;Seca;Cruz;Pare;Residencial;0;1;1;0;0;0;0;0;1;0;0;0;-38,5052;-3,75074
273906;14;1;2016;13:15;0;AV 13 DE MAIO;;;;;Colisão;Luz do Dia;Bom;Seca;Meio de Quadra;;Residencial;0;0;2;1;0;0;0;0;0;0;0;0;;
273844;14;1;2016;18:00;0;AV ALBERTO CRAVEIRO;;;;;Colisão Traseira;;Bom;Seca;Meio de Quadra;Pare;Outros;0;0;2;1;0;0;0;0;0;0;0;0;;
273921;14;1;2016;10:50;15789;RUA CEL DIONISIO ALENCAR;RUA JOAQUIM FELICIO;;;;Colisão Transversal;Luz do Dia;Nublado;Seca;Cruz;Não Há Controle;Misto;0;0;2;1;0;0;0;0;0;0;0;0;-38,487369;-3,830711
273849;14;1;2016;17:20;1716;AV GAL MURILO BORGES;AV GOV RAUL BARBOSA;;;;Colisão Traseira;Anoitecer;Bom;Seca;Cruz;Semáforo Danificado;Comercial;0;0;2;1;0;0;0;0;0;0;0;0;-38,508802;-3,763977
273946;14;1;2016;10:50;8934;AV DOMINGOS OLIMPIO;RUA PDE MORORO;;;;Colisão Transversal;Luz do Dia;;;Cruz;Pare;Residencial;0;0;2;1;0;0;0;0;0;0;0;0;-38,539949;-3,733752
273972;14;1;2016;11:00;9154;AV 13 DE MAIO;RUA MARTINHO RODRIGUES;;;;Colisão Transversal;Luz do Dia;Nublado;Seca;Cruz;Pare;Comercial;0;0;2;1;0;0;0;0;0;0;0;0;-38,525221;-3,752832
273980;14;1;2016;11:50;0;AV PRS CASTELO BRANCO;;;;;Engavetamento;Luz do Dia;Bom;Seca;;;;0;0;3;1;0;0;0;0;0;0;0;0;;
273985;14;1;2016;21:30;24244;RUA FAUSTO CABRAL;RUA SOLON ONOFRE;;;;Colisão Transversal;Via Iluminada;Bom;Seca;Cruz;Pare;Residencial;0;1;1;1;0;0;0;0;0;1;0;0;-38,472778;-3,734718
273968;14;1;2016;09:10;0;RUA METON DE ALENCAR;;;1697;;Atropelamento;Luz do Dia;Nublado;Seca;Meio de Quadra;Não Há Controle;Comercial;0;1;1;1;0;0;0;0;0;0;0;0;-38,538069;-3,731248
273989;14;1;2016;18:30;11161;RUA JULIO GASPAR;RUA MANUEL TEOFILO;;;;Colisão Transversal;Via Iluminada;Bom;Seca;Cruz;Pare;Residencial;0;0;2;1;0;0;0;0;0;0;0;0;-38,561561;-3,783745
273993;14;1;2016;21:30;17429;RUA RAUL CABRAL;RUA MIMOSA;;;;Colisão Lateral;Via Iluminada;Bom;Seca;Cruz;Pare;Residencial;0;1;1;1;0;0;0;0;0;0;0;0;-38,545143;-3,76862
273999;14;1;2016;13:40;22297;AV BEZERRA DE MENEZES;RUA PDE ANCHIETA;;;;Engavetamento;Luz do Dia;Nublado;Seca;;Não Há Controle;Comercial;0;0;3;1;0;0;0;0;0;0;0;0;-38,552298;-3,733155
274000;14;1;2016;20:30;6837;AV ANTONIO SALES;RUA SAO GABRIEL (COCO);;;;Colisão Transversal;Via Iluminada;Bom;Seca;T;Não Há Controle;Comercial;0;0;2;1;0;0;0;0;0;0;0;0;;
303919;14;1;2016;17:30;0;AV DR SILAS MUNGUBA;;;4997;;Colisão Lateral;Anoitecer;Bom;Seca;Meio de Quadra;Semáforo;Comercial;0;0;2;0;0;0;0;0;0;1;0;0;;
276856;14;1;2016;10:30;0;RUA MARIA PERDIGAO;;;385;;Atropelamento de Animal;Luz do Dia;;;Meio de Quadra;;;0;0;1;0;0;0;0;0;0;0;0;0;-38,508179;-3,824277
276862;14;1;2016;15:00;2479;AV CEL CARVALHO;RUA FLORENCIO ALENCAR;;;;Choque c/ Obstáculo Fixo;Luz do Dia;;;Cruz;Não Há Controle;;0;1;0;1;0;0;0;0;0;0;0;0;;
279138;14;1;2016;08:49;0;RUA HOLANDA;;;;;Colisão;Luz do Dia;;;Meio de Quadra;;;0;0;2;0;0;0;0;0;0;0;0;0;;
279141;14;1;2016;09:54;0;RUA VILEBALDO AGUIAR;;;;;Colisão;Luz do Dia;;;Meio de Quadra;;;0;0;2;0;0;0;0;0;0;0;0;0;;
279142;14;1;2016;08:49;0;RUA HOLANDA;;;191;;Colisão;Luz do Dia;;;Meio de Quadra;;;0;0;2;0;0;0;0;0;0;0;0;0;;
279146;14;1;2016;10:18;17447;RUA PERU;AV SEN CARLOS JEREISSATI (AEROPORTO);;;;Colisão;Luz do Dia;;;T;Pare;Residencial;0;0;2;0;0;0;0;0;0;0;0;0;;
279148;14;1;2016;10:36;5116;AV MON TABOSA;RUA GONCALVES LEDO;;;;Colisão;Luz do Dia;;;Cruz;Pare;Comercial;0;0;2;0;0;0;0;0;0;0;0;0;-38,513833;-3,723922
279158;14;1;2016;13:08;8050;AV JOAO PESSOA;RUA DONDON FEITOSA;;;;Colisão;Luz do Dia;;;T;Não Há Controle;Comercial;0;0;2;0;0;0;0;0;0;0;0;0;-38,551359;-3,754529
279154;14;1;2016;11:33;12892;RUA BAR RIO BRANCO;AV DOMINGOS OLIMPIO;;;;Colisão;Luz do Dia;;;Cruz;Semáforo;Comercial;0;0;2;0;0;0;0;0;0;0;0;0;-38,531494;-3,736579
279164;14;1;2016;14:13;0;RUA CEL MANUEL ANTONIO LEITE;;;;;Colisão;Luz do Dia;;;;;;0;0;2;0;0;0;0;0;0;0;0;0;;
279166;14;1;2016;14:27;0;RUA SABIAGUABA;;;;;Colisão;Luz do Dia;;;Meio de Quadra;;;0;0;2;0;0;0;0;0;0;0;0;0;;
279169;14;1;2016;15:02;0;AV SEN VIRGILIO TAVORA;;;318;;Colisão;Luz do Dia;;;Meio de Quadra;;;0;0;2;0;0;0;0;0;0;0;0;0;-38,491464;-3,731548
279170;14;1;2016;15:30;4259;RUA NAT FEIJO;RUA PLACIDO CARVALHO;;;;Colisão;Luz do Dia;;;Cruz;Pare;Residencial;0;0;2;0;0;0;0;0;0;0;0;0;-38,555624;-3,721655
279173;14;1;2016;15:53;0;AV GOV RAUL BARBOSA;;;;;Colisão;Luz do Dia;;;Meio de Quadra;;;0;0;2;0;0;0;0;0;0;0;0;0;;