COD_ACIDENTE;DIA;MES;ANO;HORA;INTERSECAO;LOG1;LOG2;LOG3;NUMERO;REFERENCIA;NATUREZA;ILUMINACAO;TEMPO;SUPERFICIEPISTA;TIPOCRUZAMENTO;CONTROLETRAFEGO;USOSOLO;MORTOS;FERIDOS;ILESOS;AUTOMOVEL;ONIBUS;BICICLETA;CAMINHAO;MICROONIBUS;CICLOMOTOR;MOTOCICLETA;TRACAOANIMAL;TREM;LONG;LAT
279176;14;1;2016;16:05;0;AV DOS EXPEDICIONARIOS;;;4598;;Colisão;Luz do Dia;;;Meio de Quadra;;;0;0;2;0;0;0;0;0;0;0;0;0;-38,539235;-3,758511
279180;14;1;2016;17:41;0;RUA CEL JUCA;;;1367;;Colisão;Anoitecer;;;Meio de Quadra;;;0;0;2;0;0;0;0;0;0;0;0;0;-38,493139;-3,743467
279183;14;1;2016;17:47;3177;RUA ANSELMO NOGUEIRA;RUA CARLOS CHAGAS;;;;Colisão;Anoitecer;;;Cruz;Pare;Residencial;0;0;2;0;0;0;0;0;0;0;0;0;-38,586797;-3,779698
279185;14;1;2016;17:55;19377;RUA GERMANO FRANCK;RUA EDUARDO PERDIGAO;;;;Colisão;Anoitecer;;;Cruz;Semáforo;Residencial;0;0;2;0;0;0;0;0;0;0;0;0;-38,562542;-3,777704
279193;14;1;2016;18:41;0;AV PRS CASTELO BRANCO;;;;;Colisão;;;;Meio de Quadra;;;0;0;2;0;0;0;0;0;0;0;0;0;;
279194;14;1;2016;19:04;0;RUA 301 CJ CEARA;;;120;;Colisão;;;;Meio de Quadra;;;0;0;2;0;0;0;0;0;0;0;0;0;-38,611569;-3,775444
279195;14;1;2016;19:44;183;RUA DEMETRIO MENEZES;AV SGT HERMINIO SAMPAIO;;;;Colisão;;;;;;;0;0;2;0;0;0;0;0;0;0;0;0;-38,584316;-3,733867
279203;14;1;2016;21:09;17434;RUA EDITE BRAGA;RUA CESAR ROSSAS;;;;Atropelamento;;;;Cruz;Pare;Residencial;0;1;1;0;0;0;0;0;0;0;0;0;-38,553869;-3,768906
279216;14;1;2016;20:33;12550;AV MAJ ASSIS;AV HILDEBRANDO DE MELO;;;;Colisão;;;;Rotatória;Pare;Residencial;0;0;2;0;0;0;0;0;0;0;0;0;-38,589101;-3,723609
276759;14;1;2016;15:40;0;RD CE-025;;;;KM-03;Tombamento;Luz do Dia;Bom;Seca;Meio de Quadra;;;0;1;0;0;0;0;0;0;0;1;0;0;-38,452247;-3,805889
276760;14;1;2016;19:20;0;RD CE-040;;;;KM-08;Colisão;Via Iluminada;Bom;Seca;Meio de Quadra;;;0;0;2;0;1;0;0;0;0;1;0;0;-38,483033;-3,817159
276850;14;1;2016;00:00;7171;AV PRS CASTELO BRANCO;RUA ALVES LIMA;;;;Colisão;;;;Meio de Quadra;Não Há Controle;Residencial;0;1;1;0;0;0;0;0;0;0;0;0;-38,568601;-3,708328
273798;14;1;2016;13:35;15301;RUA TEN BENEVOLO;RUA SILVA PAULET;;;;Colisão Lateral;Luz do Dia;Nublado;Seca;T;Pare;Residencial;0;0;2;1;0;0;0;0;0;0;0;0;-38,503888;-3,729724
273785;14;1;2016;14:00;0;RUA DONDON FEITOSA;;;;;Colisão Frontal;Luz do Dia;Nublado;Seca;Meio de Quadra;Não Há Controle;Residencial;0;0;3;1;0;0;0;0;0;0;0;0;;
273780;14;1;2016;14:31;7762;AV ANTONIO SALES;RUA NUNES VALENTE;;;;Outros;Luz do Dia;Bom;Seca;Cruz;Pare;Comercial;0;1;1;1;0;0;0;0;0;1;0;0;-38,506314;-3,744237
273775;14;1;2016;15:55;5036;RUA PESSOA ANTA;RUA BORIS;;;;Colisão Lateral;Luz do Dia;Bom;Seca;Cruz;Outros;Comercial;0;1;1;1;0;0;0;0;0;1;0;0;-38,521017;-3,720976
278028;14;1;2016;02:12;0;AV PERIMETRAL;;;1736;;Atropelamento;;;;Meio de Quadra;;;0;2;1;0;0;0;0;0;0;1;0;0;;
278031;14;1;2016;02:15;0;AV WASHINGTON SOARES;;;;;Colisão;;;;Meio de Quadra;;;0;1;0;0;0;0;0;0;0;0;0;0;;
278038;14;1;2016;02:49;0;AV DES MOREIRA;;;1800;;Queda;;;;Meio de Quadra;;;0;1;0;0;0;0;0;0;0;1;0;0;-38,500228;-3,742075
278039;14;1;2016;02:59;0;AV CARNEIRO DE MENDONCA;;;1127;;Colisão;;;;Meio de Quadra;;;0;1;1;1;0;0;0;0;0;1;0;0;-38,569128;-3,762836
278040;14;1;2016;03:57;0;RUA RIO GRANDE DO NORTE;;;11;;Colisão;;;;Meio de Quadra;;;0;1;1;1;0;0;0;0;0;1;0;0;-38,570098;-3,756984
278033;14;1;2016;02:30;24717;AV MOZART PINHEIRO DE LUCENA;RUA PARAMBU;;;;Colisão;;;;T;Pare;Comercial;0;1;1;1;0;0;0;0;0;0;0;0;-38,594805;-3,715163
278050;14;1;2016;05:57;0;AV H CJ CEARA;;;1600;;Colisão;Amanhecer;;;Meio de Quadra;;;0;1;1;1;0;0;0;0;0;1;0;0;-38,612462;-3,776077
278072;14;1;2016;16:35;0;AV ZEZE DIOGO;;;2355;;Queda;Luz do Dia;;;Meio de Quadra;;;0;1;0;0;0;0;0;0;0;1;0;0;;
278048;14;1;2016;05:23;0;AV SEN CARLOS JEREISSATI (AEROPORTO);;;1108;;Colisão;Amanhecer;;;Meio de Quadra;;;0;2;0;0;0;0;0;0;0;0;0;0;;
278056;14;1;2016;13:15;0;AV MAE LISBOA;;;;;Queda;Luz do Dia;;;;;;0;1;0;0;0;0;0;0;0;1;0;0;;
278057;14;1;2016;13:39;0;RUA ALBERTO MAGNO;;;;;Colisão;Luz do Dia;;;Meio de Quadra;;;0;1;1;1;0;0;0;0;0;1;0;0;;
278058;14;1;2016;13:47;0;AV DR SILAS MUNGUBA;;;2800;;Colisão;Luz do Dia;;;Meio de Quadra;;;0;1;1;1;0;0;0;0;0;1;0;0;-38,548557;-3,787232
278080;14;1;2016;17:58;0;AV F CJ JOSE WALTER;;;161;;Atropelamento;Anoitecer;;;Meio de Quadra;;;0;1;1;1;0;0;0;0;0;0;0;0;-38,555608;-3,836306
278081;14;1;2016;18:54;0;AV IRACEMA (CJ PALMEIRAS);;;991;;Colisão;;;;Meio de Quadra;;;0;1;0;0;0;0;0;0;0;0;0;0;;
278082;14;1;2016;19:20;0;RUA URUCUTUBA;;;2169;;Colisão;;;;Meio de Quadra;;;0;1;0;0;0;0;0;0;0;0;0;0;-38,616389;-3,798733
278083;14;1;2016;19:27;0;AV MAJ ASSIS;;;1113;;Colisão;;;;Meio de Quadra;;;0;1;2;1;0;0;0;0;0;1;0;0;-38,589241;-3,723579
278063;14;1;2016;13:48;12746;RUA DELMIRO FARIAS;RUA WALDERY UCHOA;;;;Colisão;Luz do Dia;;;;;;0;1;1;1;0;0;0;0;0;1;0;0;-38,545891;-3,751758
278064;14;1;2016;13:57;0;AV MAE LISBOA;;;;;Colisão;Luz do Dia;;;Meio de Quadra;;;0;1;1;1;0;0;0;0;0;1;0;0;;
278065;14;1;2016;14:13;0;RUA PAULO FIRMEZA;;;711;;Queda;Luz do Dia;;;Meio de Quadra;;;0;1;0;0;0;0;0;0;0;1;0;0;-38,513468;-3,757168
278066;14;1;2016;14:55;0;AV JOSE BASTOS;;;3878;;Colisão;Luz do Dia;;;Meio de Quadra;;;0;1;1;1;0;0;0;0;0;0;0;0;-38,552712;-3,752255
278067;14;1;2016;15:11;0;RUA CARLOS CHAGAS;;;755;;Colisão;Luz do Dia;;;Meio de Quadra;;;0;1;0;0;0;0;0;0;0;0;0;0;;
278068;14;1;2016;15:28;0;AV ENG HUMBERTO MONTE;;;;;Atropelamento;Luz do Dia;;;Meio de Quadra;;;0;2;1;1;0;0;0;0;0;0;0;0;;
278069;14;1;2016;16:01;0;RUA AMERICO ROCHA LIMA;;;544;;Colisão;Luz do Dia;;;Meio de Quadra;;;0;1;1;1;0;0;0;0;0;1;0;0;-38,580068;-3,799008
278052;14;1;2016;06:02;0;AV JOAO PESSOA;;;6943;;Colisão;Luz do Dia;;;Meio de Quadra;;;0;1;1;1;0;0;0;0;0;1;0;0;-38,561064;-3,77028
278046;14;1;2016;05:12;0;AV PRS CASTELO BRANCO;;;31;;Queda;Amanhecer;;;Meio de Quadra;;;0;1;0;0;0;0;0;0;0;1;0;0;;
278084;15;1;2016;00:17;0;RUA SERRA AZUL;;;1030;;Queda;;;;Meio de Quadra;;;0;1;0;0;0;0;0;0;0;1;0;0;;
278085;15;1;2016;00:48;0;RUA VIRGILIO NOGUEIRA PAES;;;783;;Queda;;;;Meio de Quadra;;;0;1;0;0;0;0;0;0;0;1;0;0;-38,609298;-3,790489
278086;15;1;2016;01:32;0;RD BR 116;;;;;Colisão;;;;Meio de Quadra;;;0;1;1;1;0;0;0;0;0;1;0;0;;
278087;15;1;2016;01:33;19686;RUA ERICO MOTA;AV BEZERRA DE MENEZES;;;;Queda;;;;T;Semáforo;Comercial;0;1;0;0;0;0;0;0;0;1;0;0;-38,562991;-3,735357
278088;15;1;2016;01:51;0;RUA BERNARDO MANUEL;;;7167;;Queda;;;;Meio de Quadra;;;0;1;0;0;0;0;0;0;0;1;0;0;-38,545851;-3,780503
278089;15;1;2016;02:14;0;AV BEZERRA DE MENEZES;;;;;Colisão;;;;Meio de Quadra;;;0;1;1;1;0;0;0;0;0;1;0;0;;
278090;15;1;2016;02:37;0;RUA ARMANDO MONTEIRO;;;;;Queda;;;;Meio de Quadra;;;0;1;0;0;0;0;0;0;0;1;0;0;;
278118;15;1;2016;04:12;0;RUA JULIO CESAR D12;;;1480;;Colisão;;;;Meio de Quadra;;;0;1;1;1;0;0;0;0;0;1;0;0;-38,547348;-3,755223
278119;15;1;2016;04:20;0;AV DOM LUIS;;;;;Colisão;;;;Meio de Quadra;;;0;1;1;1;0;0;0;0;0;0;0;0;;
278115;15;1;2016;02:47;0;RUA CON DE CASTRO;;;;;Colisão;;;;Meio de Quadra;;;0;1;1;0;0;0;0;0;0;1;0;0;;
278111;15;1;2016;02:41;0;RUA TEREZA CRISTINA;;;328;;Colisão;;;;Meio de Quadra;;;0;1;2;1;0;0;0;0;0;1;0;0;-38,535712;-3,723434
278173;15;1;2016;12:12;0;AV JOR THOMAZ COELHO;;;5;;Atropelamento;Luz do Dia;;;Meio de Quadra;;;0;1;1;0;1;0;0;0;0;0;0;0;;
278176;15;1;2016;12:32;0;AV ALBERTO CRAVEIRO;;;2341;;Colisão;Luz do Dia;;;Meio de Quadra;;;0;1;1;1;0;0;0;0;0;1;0;0;-38,520658;-3,802105
278178;15;1;2016;12:41;0;RD BR 116;;;6000;KM-06;Atropelamento;Luz do Dia;;;Meio de Quadra;;;0;1;1;1;0;0;0;0;0;0;0;0;-38,503053;-3,804691
278154;15;1;2016;11:54;21485;AV MIN JOSE AMERICO;AV FRE CIRILO;;;;Atropelamento;Luz do Dia;;;Cruz;Semáforo;;0;1;1;0;0;0;0;0;0;1;0;0;-38,4995;-3,812905
278137;15;1;2016;07:53;23433;RUA MON SALAZAR;RUA PRO CARVALHO;;;;Colisão;Luz do Dia;;;Cruz;Pare;Residencial;0;1;1;1;0;0;0;0;0;1;0;0;-38,514308;-3,756146
278138;15;1;2016;08:10;6751;RUA PRO OTAVIO LOBO;RUA VILEBALDO AGUIAR;;;;Colisão;Luz do Dia;;;Cruz;Pare;Residencial;0;2;0;0;0;0;0;0;0;0;0;0;-38,478303;-3,743596
278147;15;1;2016;09:38;0;RUA LAGO DAS ORQUIDEAS;;;1023;;Queda;Luz do Dia;;;Meio de Quadra;;;0;1;0;0;0;0;0;0;0;1;0;0;;
275633;15;1;2016;11:45;0;RD BR 116;;;3000;KM-03;Colisão Lateral;Luz do Dia;Bom;Seca;Meio de Quadra;;;0;2;0;1;0;0;1;0;0;0;0;0;-38,514372;-3,779838
275635;15;1;2016;18:20;0;RD BR 116;;;6000;KM-06;Atropelamento;Anoitecer;;;Meio de Quadra;;;0;1;1;1;0;0;0;0;0;0;0;0;-38,503053;-3,804691
278216;15;1;2016;18:03;0;AV RAD JOSE LIMA VERDE;;;997;;Atropelamento;Anoitecer;;;Meio de Quadra;;;0;1;1;0;0;0;0;0;0;1;0;0;-38,588996;-3,700864
278217;15;1;2016;18:27;0;RUA GASPAR LEMOS;;;398;;Colisão;Anoitecer;;;Meio de Quadra;;;0;1;1;1;0;0;0;0;0;1;0;0;;
278218;15;1;2016;19:42;0;RD BR 116;;;6789;;Queda;;;;Meio de Quadra;;;0;1;0;0;0;0;0;0;0;1;0;0;;
278204;15;1;2016;13:19;0;AV WASHINGTON SOARES;;;;;Colisão;Luz do Dia;;;Meio de Quadra;;;0;1;1;1;0;0;0;0;0;1;0;0;;
278207;15;1;2016;14:53;25227;AV A CJ CEARA;AV I CJ CEARA;;;;Colisão;Luz do Dia;;;;;;0;1;1;1;0;0;0;0;0;1;0;0;-38,601152;-3,766922
278209;15;1;2016;17:08;0;AV GAL OSORIO DE PAIVA;;;;;Colisão;Anoitecer;;;Meio de Quadra;;;0;1;0;0;0;0;0;0;0;0;0;0;;
278183;15;1;2016;12:48;0;AV N CJ JOSE WALTER;;;1561;;Colisão;Luz do Dia;;;Meio de Quadra;;;0;1;1;0;0;0;0;0;0;1;0;0;;
278184;15;1;2016;12:48;0;AV GAL OSORIO DE PAIVA;;;;;Colisão;Luz do Dia;;;Meio de Quadra;;;0;1;1;0;0;0;0;0;0;1;0;0;;
276762;15;1;2016;08:00;0;AV SEN CARLOS JEREISSATI (AEROPORTO);;;;KM 02;Colisão;Luz do Dia;Bom;Seca;Meio de Quadra;;;0;0;2;1;1;0;0;0;0;0;0;0;-38,535424;-3,782194
276763;15;1;2016;11:15;0;RD CE-060;;;;KM-02;Atropelamento;Luz do Dia;Bom;Seca;Meio de Quadra;;;0;2;0;0;0;0;0;0;0;0;0;0;-38,582918;-3,836668
279217;15;1;2016;01:10;0;AV SEN CARLOS JEREISSATI (AEROPORTO);;;;;Colisão;;;;Meio de Quadra;;;0;0;2;1;0;0;0;0;0;0;0;0;;
279226;15;1;2016;05:35;17468;AV BEIRA MAR;RUA TEREZA HINKO;;;;Colisão;Amanhecer;;;T;Pare;Residencial;0;0;2;0;0;0;0;0;0;0;0;0;-38,484246;-3,723235
279230;15;1;2016;07:45;0;AV DEP PAULINO ROCHA;;;;;Colisão;Luz do Dia;;;Meio de Quadra;;;0;0;2;0;0;0;0;0;0;0;0;0;;
279231;15;1;2016;07:46;0;RUA NOGUEIRA ACIOLI;;;367;;Colisão;Luz do Dia;;;Meio de Quadra;;;0;0;2;0;0;0;0;0;0;0;0;0;-38,515974;-3,727125
279232;15;1;2016;07:52;8949;AV BEZERRA DE MENEZES;RUA JUSTINIANO DE SERPA;;;;Colisão;Luz do Dia;;;Cruz;Semáforo Intermitente;Comercial;0;0;2;0;0;0;0;0;0;0;0;0;-38,542857;-3,731156
279241;15;1;2016;09:04;17373;AV PRO GOMES DE MATOS;RUA CEL ALEXANDRINO;;;;Colisão;Luz do Dia;;;Cruz;Pare;Comercial;0;0;2;1;0;0;0;0;0;0;0;0;-38,550403;-3,766732
279242;15;1;2016;09:09;22155;RUA ALEXANDRE BARAUNA;RUA PAPI JUNIOR;;;;Colisão;Luz do Dia;;;Cruz;Pare;Comercial;0;0;2;0;0;0;0;0;0;0;0;0;-38,55276;-3,747022
279245;15;1;2016;09:52;0;AV LUCIANO CARNEIRO;;;2120;;Colisão;Luz do Dia;;;Meio de Quadra;;;0;0;2;0;0;0;0;0;0;0;0;0;-38,537219;-3,766658
279256;15;1;2016;12:13;0;AV SANTOS DUMONT;;;5150;;Colisão;Luz do Dia;;;Meio de Quadra;;;0;0;2;0;0;0;0;0;0;0;0;0;-38,485326;-3,740445
279258;15;1;2016;12:26;0;RUA DEMETRIO MENEZES;;;;;Colisão;Luz do Dia;;;Meio de Quadra;;;0;0;2;0;0;0;0;0;0;0;0;0;;
279266;15;1;2016;13:06;1590;RUA JOAQUIM NABUCO;RUA PDE VALDEVINO;;;;Colisão;Luz do Dia;;;Cruz;Semáforo;Residencial;0;0;2;0;0;0;0;0;0;0;0;0;-38,503847;-3,743222
279270;15;1;2016;13:13;0;RUA CEL MOZART GONDIM;;;2311;;Colisão;Luz do Dia;;;Meio de Quadra;;;0;0;2;0;0;0;0;0;0;0;0;0;;
279278;15;1;2016;15:24;7760;AV ANTONIO SALES;RUA SILVA PAULET;;;;Colisão;Luz do Dia;;;Cruz;Pare;Misto;0;0;2;0;0;0;0;0;0;0;0;0;-38,508383;-3,743595
279280;15;1;2016;15:24;0;RUA LAURO NOGUEIRA;;;855;;Colisão;Luz do Dia;;;Meio de Quadra;;;0;0;2;0;0;0;0;0;0;0;0;0;;
279281;15;1;2016;15:26;22176;AV JOSE BASTOS;AV ENG HUMBERTO MONTE;;;;Colisão;Luz do Dia;;;T;Semáforo;Comercial;0;0;2;0;0;0;0;0;0;0;0;0;-38,555455;-3,754966
279286;15;1;2016;15:41;17294;RUA JOAO FIRMINO;RUA CEL ALEXANDRINO;;;;Colisão;Luz do Dia;;;Cruz;Pare;Residencial;0;0;2;1;0;0;0;0;0;0;0;0;-38,554922;-3,763514
279287;15;1;2016;15:47;1599;AV SEN VIRGILIO TAVORA;RUA VICENTE LINHARES;;;;Colisão;Luz do Dia;;;Cruz;Semáforo;Comercial;0;0;2;0;0;0;0;0;0;0;0;0;-38,49537;-3,743743
279288;15;1;2016;16:09;3896;AV EDUARDO GIRAO;RUA CARLOS CAMARA;;;;Colisão;Luz do Dia;;;Cruz;Pare;Comercial;0;0;2;0;0;0;0;0;0;0;0;0;-38,543106;-3,747043
279289;15;1;2016;16:11;0;AV CARAPINIMA;;;;;Colisão;Luz do Dia;;;Meio de Quadra;;;0;0;2;0;0;0;0;0;0;0;0;0;;
279295;15;1;2016;16:43;5246;RUA PEREIRA FILGUEIRAS;RUA GONCALVES LEDO;;;;Colisão;Luz do Dia;;;Cruz;Pare;Comercial;0;0;2;0;0;0;0;0;0;0;0;0;-38,515004;-3,727667
279297;15;1;2016;16:45;19366;RUA GERMANO FRANCK;AV DR SILAS MUNGUBA;;;;Colisão;Luz do Dia;;;Cruz;Semáforo;Comercial;0;0;2;0;0;0;0;0;0;0;0;0;-38,562004;-3,777251
279299;15;1;2016;17:04;0;RUA CEL MATOS DOURADO;;;;;Colisão;Anoitecer;;;Meio de Quadra;;;0;0;2;0;0;0;0;0;0;0;0;0;;
279300;15;1;2016;17:12;0;AV ENG HUMBERTO MONTE;;;;;Colisão;Anoitecer;;;;;;0;0;2;0;0;0;0;0;0;0;0;0;;
279308;15;1;2016;17:17;3219;RUA EMILIO DE MENESES;RUA ANSELMO NOGUEIRA;;;;Colisão;Anoitecer;;;Cruz;Semáforo;Residencial;0;0;2;0;0;0;0;0;0;0;0;0;-38,587374;-3,78176
279309;15;1;2016;17:28;0;AV FELINO BARROSO;;;;;Colisão;Anoitecer;;;Meio de Quadra;;;0;0;2;0;0;0;0;0;0;0;0;0;;
279356;15;1;2016;17:29;111;RUA DR CATUNDA GONDIM;RUA CAP BRASIL;;;;Colisão;Anoitecer;;;T;Pare;Comercial;0;0;2;0;0;0;0;0;0;0;0;0;-38,586326;-3,737649
279358;15;1;2016;18:04;0;AV DR SILAS MUNGUBA;;;;;Colisão;Anoitecer;;;Meio de Quadra;;;0;0;2;0;0;0;0;0;0;0;0;0;;
279362;15;1;2016;18:18;2842;AV GAL OSORIO DE PAIVA;RUA GERALDO BARBOSA;;;;Colisão;Anoitecer;;;T;Não Há Controle;Residencial;0;0;2;0;0;0;0;0;0;0;0;0;-38,592712;-3,794993
279364;15;1;2016;18:20;7714;AV CARNEIRO DE MENDONCA;RUA CORREIA LIMA D39;;;;Colisão;Anoitecer;;;T;Pare;Comercial;0;0;2;0;0;0;0;0;0;0;0;0;-38,563013;-3,765889
279365;15;1;2016;18:29;0;AV FRE CIRILO;;;;;Colisão;Anoitecer;;;Meio de Quadra;;;0;0;2;0;0;0;0;0;0;0;0;0;;
279367;15;1;2016;18:43;0;AV GODOFREDO MACIEL;;;3407;;Colisão;;;;Meio de Quadra;;;0;0;2;0;0;0;0;0;0;0;0;0;-38,572597;-3,805055
279370;15;1;2016;19:00;0;RUA DR JOAQUIM BENTO;;;744;;Colisão;;;;Meio de Quadra;;;0;0;2;0;0;0;0;0;0;0;0;0;;
279379;15;1;2016;20:11;17424;RUA TRES MARIAS D39 (MONTESE);RUA ANTONIO FIUZA;;;;Colisão;;;;Cruz;Semáforo;Comercial;0;0;2;0;0;0;0;0;0;0;0;0;-38,551577;-3,768452
279387;15;1;2016;20:49;0;AV JOVITA FEITOSA;;;;;Colisão;;;;Meio de Quadra;;;0;0;2;0;0;0;0;0;0;0;0;0;;
279403;15;1;2016;22:34;18387;AV SGT HERMINIO SAMPAIO;AV OLAVO BILAC;;;;Colisão;;;;Cruz;Semáforo;Residencial;0;0;2;0;0;0;0;0;0;0;0;0;-38,56508;-3,727179
279399;15;1;2016;22:31;0;AV RAD JOSE LIMA VERDE;;;;;Colisão;;;;Meio de Quadra;;;0;0;2;0;0;0;0;0;0;0;0;0;;
276997;15;1;2016;16:00;0;AV JOSE BASTOS;;;3390;HEMOCE;Colisão;Luz do Dia;;;Meio de Quadra;;;0;1;0;1;0;0;0;0;0;0;0;0;-38,54963;-3,749136
273924;15;1;2016;09:05;0;AV PRS CASTELO BRANCO;;;3100;;Colisão Lateral;Luz do Dia;;;Meio de Quadra;;;0;0;2;1;0;0;0;0;0;0;0;0;-38,557253;-3,711624
273935;15;1;2016;17:30;5191;AV DOM MANUEL;RUA PEREIRA FILGUEIRAS;;;;Colisão Traseira;Anoitecer;;;Cruz;Semáforo;Comercial;0;1;1;0;0;0;0;0;0;1;0;0;-38,520338;-3,725943
273845;15;1;2016;11:40;0;RUA G ESPL CASTELAO;;;;;Colisão Transversal;Luz do Dia;;;Meio de Quadra;;;0;0;2;1;0;0;0;0;0;0;0;0;;
273846;15;1;2016;16:00;0;RUA PDE PEDRO DE ALENCAR;;;;;Colisão Lateral;Luz do Dia;;;Meio de Quadra;;;0;0;3;1;0;0;0;0;0;0;0;0;;
273907;15;1;2016;10:40;24990;AV PRS COSTA E SILVA;AV PRS JUSCELINO KUBITSCHEK (PASSARÉ);;;;Colisão Traseira;Luz do Dia;;;T;Semáforo;Residencial;0;1;1;1;0;0;0;0;0;1;0;0;-38,539516;-3,825648
273910;15;1;2016;08:10;24372;AV LUCIANO CARNEIRO;RUA ALM RUFINO;;;;Colisão Lateral;Luz do Dia;;;Cruz;Semáforo;Comercial;0;0;2;0;1;0;0;0;0;0;0;0;-38,537195;-3,76658
273912;15;1;2016;08:00;5097;RUA SAO PAULO;RUA TEREZA CRISTINA;;;;Colisão Transversal;Luz do Dia;;;Cruz;Pare;Residencial;0;2;1;1;0;0;0;0;0;1;0;0;-38,535693;-3,723354
273916;15;1;2016;14:10;6721;AV ENG SANTANA JUNIOR;RUA BENTO ALBUQUERQUE;;;;Colisão Traseira;Luz do Dia;;;Cruz;Semáforo;Misto;0;0;2;1;0;0;0;0;0;0;0;0;-38,486538;-3,742678
273920;15;1;2016;15:59;19152;RUA LAURO NOGUEIRA;RUA BATISTA DE OLIVEIRA;;;;Colisão Lateral;Luz do Dia;;;Cruz;Pare;Misto;0;0;2;0;1;0;0;0;0;0;0;0;-38,478301;-3,740086
273940;15;1;2016;17:40;0;AV AGUANAMBI;;;;ROTATÓRIA;Colisão Lateral;Anoitecer;;;Meio de Quadra;;;0;1;1;1;0;0;0;0;1;0;0;0;;
273943;15;1;2016;17:15;8050;AV JOAO PESSOA;RUA DONDON FEITOSA;;;;Colisão Lateral;Anoitecer;;;T;Pare;Comercial;0;1;1;1;0;0;0;0;0;1;0;0;-38,551359;-3,754529
273945;15;1;2016;13:39;5741;AV OLIVEIRA PAIVA;RUA VICENTE LOPES;;;;Colisão Lateral;Luz do Dia;;;T;Pare;Comercial;0;1;1;1;0;0;0;0;0;1;0;0;-38,495183;-3,795397
273949;15;1;2016;;15336;RUA JOAQUIM NABUCO;RUA PEREIRA VALENTE;;;;Colisão Lateral;;;;Cruz;Pare;Residencial;0;0;2;0;0;0;0;0;0;0;0;0;-38,500013;-3,731296
273894;15;1;2016;20:20;25227;AV A CJ CEARA;AV D CJ CEARA;;;;Colisão Transversal;;;;;;;0;1;1;1;0;0;0;0;0;1;0;0;-38,601152;-3,766922
273896;15;1;2016;20:00;0;AV GAL OSORIO DE PAIVA;;;;;Colisão Lateral;;;;Outros;Pare;Misto;0;1;1;0;1;0;0;0;0;1;0;0;;
273900;15;1;2016;08:00;0;RUA MAL DEODORO;;;1365;;Colisão Traseira;Luz do Dia;;;Meio de Quadra;;;0;0;2;1;0;0;0;0;0;0;0;0;-38,538457;-3,747256
273903;15;1;2016;19:30;9136;RUA MON OTAVIO CASTRO;RUA BONFIM SOBRINHO;;;;Colisão Lateral;;;;T;Semáforo;Comercial;0;0;2;1;1;0;0;0;0;0;0;0;-38,526287;-3,751367
273904;15;1;2016;22:00;3998;RUA ALBERTO MAGNO;RUA SAMUEL UCHOA;;;;Colisão Transversal;;;;Cruz;Pare;Comercial;0;0;2;1;0;0;0;0;0;0;0;0;-38,542824;-3,756713
273883;15;1;2016;07:00;3767;AV DOMINGOS OLIMPIO;AV IMPERADOR;;;;Colisão Traseira;Luz do Dia;;;Cruz;Semáforo;Comercial;0;0;2;1;0;0;0;0;0;0;0;0;-38,536697;-3,73479
273884;15;1;2016;12:25;0;RUA BENI DE CARVALHO;;;487;;Colisão Traseira;Luz do Dia;;;Meio de Quadra;;;0;0;2;1;0;0;0;0;0;0;0;0;;
273888;15;1;2016;19:05;0;AV DOMINGOS OLIMPIO;;;918;;Colisão Traseira;;;;Meio de Quadra;;;0;0;2;1;0;0;0;0;0;0;0;0;-38,532299;-3,736305
273879;15;1;2016;19:00;0;RUA EUDES CARDOSO;;;741;;Choque c/ Obstáculo Fixo;;;;Meio de Quadra;;;1;0;0;1;0;0;0;0;0;1;0;0;-38,486611;-3,826223
273880;15;1;2016;11:45;0;AV FRE CIRILO;;;;;Colisão Traseira;Luz do Dia;;;Meio de Quadra;;;0;0;2;1;0;0;0;0;0;0;0;0;;
273881;15;1;2016;17:00;8000;AV JOAO PESSOA;RUA DELMIRO FARIAS;;;;Colisão Frontal;Anoitecer;;;Cruz;Pare;Comercial;0;0;2;1;0;0;0;0;0;0;0;0;-38,547538;-3,750275
273876;15;1;2016;16:45;9287;AV BORGES DE MELO;AV DOS EXPEDICIONARIOS;;;;Colisão Lateral;Luz do Dia;;;Cruz;Semáforo;Comercial;0;0;2;1;1;0;0;0;0;0;0;0;-38,537674;-3,753391
273877;15;1;2016;10:45;25419;RUA JULIO ABREU;AV ALM HENRIQUE SABOIA;;;;Colisão Traseira;Luz do Dia;;;Cruz;Semáforo;Comercial;0;0;2;1;0;0;0;0;0;0;0;0;-38,485245;-3,736144
273840;15;1;2016;15:20;7758;RUA SILVA PAULET;RUA DOM EXPEDITO LOPES;;;;Colisão Transversal;Luz do Dia;;;Cruz;Pare;Residencial;0;1;1;1;0;0;0;0;0;1;0;0;-38,508134;-3,742826
273842;15;1;2016;11:40;0;AV FRE CIRILO;;;4340;;Colisão Traseira;Luz do Dia;;;Meio de Quadra;;;0;0;2;1;0;0;0;0;0;0;0;0;-38,495294;-3,822182
273855;15;1;2016;14:10;26208;RUA GEORGE ROCHA;RUA PRO EDGAR DE ARRUDA;;;;Colisão Transversal;Luz do Dia;;;;;;0;1;1;1;0;0;0;0;0;1;0;0;;
273858;15;1;2016;12:45;0;AV BORGES DE MELO;;;1196;;Colisão Traseira;Luz do Dia;;;Meio de Quadra;;;0;0;2;1;0;0;0;0;0;0;0;0;-38,530403;-3,759636
273862;15;1;2016;12:20;22200;AV SGT HERMINIO SAMPAIO;RUA CEL MOZART GONDIM;;;;Colisão Transversal;Luz do Dia;;;;;;0;1;1;1;0;0;0;0;0;1;0;0;-38,561327;-3,726516
273838;15;1;2016;06:20;0;AV FRANCISCO SA;;;;;Colisão Transversal;Luz do Dia;;;Meio de Quadra;;;0;0;1;1;0;0;0;0;0;0;0;0;;