COD_ACIDENTE;DIA;MES;ANO;HORA;INTERSECAO;LOG1;LOG2;LOG3;NUMERO;REFERENCIA;NATUREZA;ILUMINACAO;TEMPO;SUPERFICIEPISTA;TIPOCRUZAMENTO;CONTROLETRAFEGO;USOSOLO;MORTOS;FERIDOS;ILESOS;AUTOMOVEL;ONIBUS;BICICLETA;CAMINHAO;MICROONIBUS;CICLOMOTOR;MOTOCICLETA;TRACAOANIMAL;TREM;LONG;LAT
273962;16;1;2016;06:00;11339;AV GODOFREDO MACIEL;AV BENJAMIM BRASIL;;;;Colisão Lateral;Luz do Dia;;;Cruz;Semáforo;Comercial;0;0;2;1;0;0;0;0;0;0;0;0;-38,57204;-3,803264
274001;16;1;2016;06:00;15373;AV DOM LUIS;RUA FRE MANSUETO;;;;Colisão Traseira;Luz do Dia;;;Cruz;Semáforo;Comercial;0;0;2;1;0;0;0;0;0;0;0;0;-38,488626;-3,735861
273986;16;1;2016;11:15;7975;RUA CARLOS CAMARA;RUA ALVARO MARTINS;;;;Colisão Lateral;Luz do Dia;;;Cruz;Pare;Residencial;0;1;1;1;0;0;0;0;0;1;0;0;-38,543554;-3,74755
274036;16;1;2016;16:00;0;AV AUGUSTO DOS ANJOS;;;220;;Colisão Transversal;Luz do Dia;;;Meio de Quadra;;;0;1;1;1;0;0;0;0;0;1;0;0;-38,571122;-3,771276
278307;16;1;2016;17:53;1393;RUA JOAO CARVALHO;AV RUI BARBOSA;;;;Colisão;Anoitecer;;;Cruz;Semáforo;Residencial;0;1;0;0;0;0;0;0;0;0;0;0;-38,509731;-3,736928
278308;16;1;2016;19:01;1522;RUA EDUARDO GARCIA;RUA CEL JUCA;;;;Colisão;;;;Cruz;Pare;Residencial;0;1;2;1;0;0;0;0;0;0;0;0;-38,492166;-3,740419
278303;16;1;2016;16:28;0;AV LINEU MACHADO;;;1074;;Atropelamento;Luz do Dia;;;Meio de Quadra;;;0;1;1;0;0;0;0;0;0;0;0;0;-38,578584;-3,769107
278317;16;1;2016;19:32;0;RUA PDE PEDRO DE ALENCAR;;;;;Colisão;;;;Meio de Quadra;;;0;2;0;0;0;0;0;0;0;0;0;0;;
278318;16;1;2016;19:42;0;AV SEN FERNANDES TAVORA;;;2305;;Colisão;;;;Meio de Quadra;;;0;1;0;0;0;0;0;0;0;0;0;0;-38,592673;-3,75658
278320;16;1;2016;20:04;0;RUA JOSE MARTINS;;;473;;Queda;;;;Meio de Quadra;;;0;1;0;0;0;1;0;0;0;0;0;0;;
278315;16;1;2016;19:25;23728;RUA LEBOM MAIA;RUA MON AGOSTINHO;;;;Colisão;;;;Cruz;Não Há Controle;Misto;0;1;1;1;0;0;0;0;0;1;0;0;-38,579197;-3,785799
277087;16;1;2016;23:41;0;AV DOS EXPEDICIONARIOS;;;;;Colisão;;;;Meio de Quadra;;;0;0;2;1;0;0;0;0;0;0;0;0;;
303965;16;1;2016;16:00;15359;RUA PEREIRA VALENTE;RUA VICENTE LEITE;;;;;Luz do Dia;Bom;Seca;Cruz;Pare;Residencial;0;3;0;1;0;0;0;0;0;0;0;0;;
303991;16;1;2016;16:17;0;AV DR SILAS MUNGUBA;;;4850;;Colisão Lateral;Luz do Dia;Bom;Seca;Meio de Quadra;Outros;Residencial;0;2;0;0;0;0;1;0;0;1;0;0;;
279419;16;1;2016;05:25;0;AV DOM LUIS;;;;;Colisão;Amanhecer;;;Meio de Quadra;;;0;0;2;0;0;0;0;0;0;0;0;0;;
279420;16;1;2016;05:27;0;RUA FARIAS LEMOS;;;800;;Colisão;Amanhecer;;;Meio de Quadra;;;0;0;2;0;0;0;0;0;0;0;0;0;;
279426;16;1;2016;05:28;0;AV ENG HUMBERTO MONTE;;;;;Colisão;Amanhecer;;;Meio de Quadra;;;0;0;2;0;0;0;0;0;0;0;0;0;;
279433;16;1;2016;06:32;0;RUA ALMEIDA REGO;;;544;;Colisão;Luz do Dia;;;Meio de Quadra;;;0;0;2;0;0;0;0;0;0;0;0;0;-38,493904;-3,812933
279453;16;1;2016;07:35;0;AV DES MOREIRA;;;;;Colisão;Luz do Dia;;;Meio de Quadra;;;0;0;2;0;0;0;0;0;0;0;0;0;;
279460;16;1;2016;07:50;0;RUA PRO LINO ENCARNACAO;;;1240;;Colisão;Luz do Dia;;;Meio de Quadra;;;0;0;2;0;0;0;0;0;0;0;0;0;-38,55958;-3,74644
279461;16;1;2016;07:52;24133;RUA PIN ANTONIO BANDEIRA;RUA HERMINIA BONAVIDES;;;;Colisão;Luz do Dia;;;Cruz;Pare;Rural;0;0;2;0;0;0;0;0;0;0;0;0;-38,461171;-3,730144
279462;16;1;2016;08:40;5126;RUA RUFINO DE ALENCAR;AV DOM MANUEL;;;;Colisão;Luz do Dia;;;Com Via Férrea;Outros;Comercial;0;0;2;0;0;0;0;0;0;0;0;0;-38,519754;-3,724114
279468;16;1;2016;09:27;0;RUA PDE PEDRO DE ALENCAR;;;2310;;Colisão;Luz do Dia;;;Meio de Quadra;;;0;0;2;0;0;0;0;0;0;0;0;0;-38,494803;-3,848328
279490;16;1;2016;09:48;6389;RUA 761 CJ CEARA;RUA 763 CJ CEARA;;;;Atropelamento;Luz do Dia;;;;;;0;1;1;0;0;0;0;0;0;0;0;0;-38,599267;-3,771878
279491;16;1;2016;10:25;0;AV LUCIANO CARNEIRO;;;;;Colisão;Luz do Dia;;;Meio de Quadra;;;0;0;2;0;0;0;0;0;0;0;0;0;;
279493;16;1;2016;12:21;0;AV PERIMETRAL;;;;;Colisão;Luz do Dia;;;Meio de Quadra;;;0;0;2;0;0;0;0;0;0;0;0;0;;
279494;16;1;2016;12:22;0;RUA BERNARDO MANUEL;;;;;Colisão;Luz do Dia;;;Meio de Quadra;;;0;0;2;0;0;0;0;0;0;0;0;0;;
279497;16;1;2016;12:33;9597;RUA LONDRINA;RUA JOSE TORRES;;;;Colisão;Luz do Dia;;;Cruz;Não Há Controle;Rural;0;0;2;0;0;0;0;0;0;0;0;0;-38,607258;-3,779916
279498;16;1;2016;13:56;6756;AV ANTONIO SALES;AV ENG SANTANA JUNIOR;;;;Colisão;Luz do Dia;;;Outros;Não Há Controle;Comercial;0;0;2;0;0;0;0;0;0;0;0;0;-38,490039;-3,749257
279500;16;1;2016;13:58;0;RUA VITAL BRASIL;;;714;;Colisão;Luz do Dia;;;Meio de Quadra;;;0;0;2;0;0;0;0;0;0;0;0;0;-38,58726;-3,78105
279501;16;1;2016;14:00;24177;RUA PRO HERACLITO;AV ENG SANTANA JUNIOR;;;;Colisão;Luz do Dia;;;;;;0;0;2;0;0;0;0;0;0;0;0;0;-38,479398;-3,731393
279508;16;1;2016;16:23;2412;AV FRANCISCO SA;RUA IRAPUA;;;;Colisão;Luz do Dia;;;Cruz;Não Há Controle;Residencial;0;0;2;0;0;0;0;0;0;0;0;0;-38,586099;-3,706356
279511;16;1;2016;16:28;5281;RUA PEDRO PEREIRA;RUA GAL SAMPAIO;;;;Colisão;Luz do Dia;;;Cruz;Semáforo;Comercial;0;0;2;0;0;0;0;0;0;0;0;0;-38,531335;-3,728779
279512;16;1;2016;18:27;0;RUA MARIA GOMES DE SA;;;2000;;Colisão;Anoitecer;;;Meio de Quadra;;;0;0;2;0;0;0;0;0;0;0;0;0;-38,585453;-3,821618
279515;16;1;2016;17:24;14585;AV EDILSON B SOARES;RUA NUBIA BARROCAS;;;;Colisão;Anoitecer;;;Cruz;Pare;Residencial;0;0;2;0;0;0;0;0;0;0;0;0;-38,482203;-3,78959
279516;16;1;2016;18:18;22036;RUA TIRADENTES;RUA CAP FRANCISCO PEDRO;;;;Colisão;Anoitecer;;;T;Pare;Residencial;0;0;2;0;0;0;0;0;0;0;0;0;-38,546446;-3,744485
279519;16;1;2016;18:39;1439;RUA FONSECA LOBO;RUA MARIA TOMASIA;;;;Colisão;;;;Cruz;Pare;Residencial;0;0;2;0;0;0;0;0;0;0;0;0;-38,48929;-3,738057
279520;16;1;2016;19:22;0;RUA 448 E CJ CEARA;;;277;;Colisão;;;;Meio de Quadra;;;0;0;2;0;0;0;0;0;0;0;0;0;-38,605763;-3,761551
279521;16;1;2016;20:04;330;AV ENG HUMBERTO MONTE;RUA DAMIAO FERNANDES;;;;Colisão;;;;T;;Escola;0;0;2;0;0;0;0;0;0;0;0;0;-38,563832;-3,745082
279522;16;1;2016;20:48;0;AV N CJ JOSE WALTER;;;261;;Colisão;;;;Meio de Quadra;;;0;0;2;0;0;0;0;0;0;0;0;0;;
279523;16;1;2016;20:52;0;RUA RUI MONTE;;;;;Colisão;;;;Meio de Quadra;;;0;0;2;0;0;0;0;0;0;0;0;0;;
279525;16;1;2016;20:59;24272;RUA TAVARES COUTINHO;RUA DR ALOISIO MAMEDE;;;;Colisão;;;;Cruz;Pare;Comercial;0;0;2;0;0;0;0;0;0;0;0;0;-38,483864;-3,732445
279526;16;1;2016;22:07;1393;RUA JOAO CARVALHO;AV RUI BARBOSA;;;;Colisão;;;;Cruz;Semáforo;Residencial;0;0;2;0;0;0;0;0;0;0;0;0;-38,509731;-3,736928
279528;16;1;2016;22:20;19599;RUA NEREU RAMOS;RUA MONACO;;;;Colisão;;;;Cruz;Pare;Residencial;0;0;2;0;0;0;0;0;0;0;0;0;-38,569609;-3,786229
279530;16;1;2016;22:45;15277;AV ANTONIO JUSTA;AV SEN VIRGILIO TAVORA;;;;Colisão;;;;;;;0;0;2;0;0;0;0;0;0;0;0;0;-38,490692;-3,728875
279532;16;1;2016;22:53;15397;RUA FAUSTO AGUIAR;RUA HOMEM DE MELO;;;;Colisão;;;;T;Pare;Residencial;0;0;2;0;0;0;0;0;0;0;0;0;-38,492437;-3,814719
279534;16;1;2016;23:06;12884;RUA COS TRISTAO;RUA MES ROSA;;;;Colisão;;;;Cruz;Pare;Residencial;0;0;2;0;0;0;0;0;0;0;0;0;-38,527652;-3,74186
279538;16;1;2016;23:55;0;AV DOS EXPEDICIONARIOS;;;3442;;Colisão;;;;Meio de Quadra;;;0;0;2;0;0;0;0;0;0;0;0;0;-38,536199;-3,748631
276764;16;1;2016;04:30;0;RD CE-040;;;;KM-01;Outros;Via Iluminada;Bom;Seca;Meio de Quadra;;;0;0;1;1;0;0;0;0;0;0;0;0;-38,48666;-3,758119
276765;16;1;2016;19:50;0;AV SEN CARLOS JEREISSATI (AEROPORTO);;;2000;KM 02;Colisão;Via Iluminada;Bom;Seca;Meio de Quadra;;;0;1;1;0;0;0;0;0;0;1;0;0;-38,535424;-3,782194
276724;16;1;2016;09:31;0;RUA CEL ALUISIO BORBA;;;708;;Colisão;Luz do Dia;;;Meio de Quadra;;;0;0;2;1;0;0;1;0;0;0;0;0;;
276726;16;1;2016;13:17;6756;AV ENG SANTANA JUNIOR;AV ANTONIO SALES;;;;Colisão;Luz do Dia;;;Outros;Não Há Controle;Comercial;0;0;2;1;0;0;0;0;0;0;0;0;-38,490039;-3,749257
291457;16;1;2016;14:10;0;AV CARAPINIMA;;;2306;;Colisão Traseira;Luz do Dia;Bom;Seca;Meio de Quadra;Não Há Controle;Comercial;0;0;2;1;0;0;0;0;0;1;0;0;-38,540353;-3,740113
278270;16;1;2016;10:04;0;AV C CJ JOSE WALTER;;;20;;Colisão;Luz do Dia;;;Meio de Quadra;;;0;1;1;1;0;0;0;0;0;1;0;0;-38,552335;-3,829766
278257;16;1;2016;05:58;0;AV PERIMETRAL;;;1153;;Colisão;Amanhecer;;;Meio de Quadra;;;0;1;1;1;0;0;0;0;0;1;0;0;-38,590158;-3,78608
278264;16;1;2016;08:00;1826;RUA MARIA QUINTINO;TR JOAO CRISPIM 65;;;;Colisão;Luz do Dia;;;;;;0;1;1;1;0;0;0;0;0;1;0;0;-38,500902;-3,855959
278266;16;1;2016;08:58;22298;RUA JOSE CANDIDO D08;AV BEZERRA DE MENEZES;;;;Colisão;Luz do Dia;;;T;Não Há Controle;Comercial;0;1;1;1;0;0;0;0;0;1;0;0;-38,551501;-3,732988
278267;16;1;2016;09:17;0;AV GODOFREDO MACIEL;;;973;;Queda;Luz do Dia;;;Meio de Quadra;;;0;1;0;0;0;0;0;0;0;1;0;0;;
278268;16;1;2016;09:49;22849;RUA CON LIMA SUCUPIRA;RUA DR JUSTA ARAUJO D45;;;;Colisão;Luz do Dia;;;Cruz;Pare;Misto;0;1;2;1;0;0;0;0;0;1;0;0;-38,550832;-3,778167
278259;16;1;2016;06:06;0;RUA CON DE CASTRO;;;4591;;Colisão;Luz do Dia;;;Meio de Quadra;;;0;1;1;0;0;0;0;0;0;1;0;0;;
278260;16;1;2016;06:28;0;AV JOAO PESSOA;;;;;Colisão;Luz do Dia;;;Meio de Quadra;;;0;1;0;0;0;0;0;0;0;0;0;0;;
278262;16;1;2016;06:30;0;AV WASHINGTON SOARES;;;;;Colisão;Luz do Dia;;;Meio de Quadra;;;0;1;1;1;0;0;0;0;0;1;0;0;;
278234;16;1;2016;02:35;0;RUA PRO LINO ENCARNACAO;;;1240;;Colisão;;;;Meio de Quadra;;;0;1;1;1;0;1;0;0;0;0;0;0;-38,55958;-3,74644
278250;16;1;2016;04:14;0;RUA JUNIOR ROCHA;;;1160;;Queda;;;;Meio de Quadra;;;0;1;0;0;0;0;0;0;0;1;0;0;-38,48799;-3,793948
278251;16;1;2016;04:27;0;AV WASHINGTON SOARES;;;6257;;Queda;;;;Meio de Quadra;;;1;0;0;0;0;0;0;0;0;1;0;0;-38,480349;-3,813728
278252;16;1;2016;04:55;0;AV PRS CASTELO BRANCO;;;;;Queda;;;;Meio de Quadra;;;0;1;0;0;0;0;0;0;0;1;0;0;;
278231;16;1;2016;01:38;2758;RUA MARIA JULIA;RUA OSCAR FRANCA;;;;Colisão;;;;Cruz;Pare;Residencial;0;1;1;1;0;0;0;0;0;1;0;0;-38,599725;-3,79189
278232;16;1;2016;02:00;0;RUA NELSON COELHO;;;515;;Colisão;;;;Meio de Quadra;;;0;1;0;0;0;0;0;0;0;0;0;0;;
278227;16;1;2016;00:52;0;RUA PDE ANCHIETA;;;696;;Colisão;;;;Meio de Quadra;;;0;1;1;0;0;0;0;0;0;1;0;0;-38,55141;-3,72614
278228;16;1;2016;01:00;0;AV DR SILAS MUNGUBA;;;4820;;Colisão;;;;Meio de Quadra;;;0;1;1;1;0;0;0;0;0;1;0;0;-38,532654;-3,795451
278298;16;1;2016;14:39;0;RUA CEL MATOS DOURADO;;;1291;;Queda;Luz do Dia;;;Meio de Quadra;;;0;1;0;0;0;0;0;0;0;1;0;0;-38,583703;-3,751054
278299;16;1;2016;15:18;0;RUA CESAR FONTENELE;;;;;Queda;Luz do Dia;;;Meio de Quadra;;;0;1;0;0;0;1;0;0;0;0;0;0;;
278289;16;1;2016;11:38;5281;RUA GAL SAMPAIO;RUA PEDRO PEREIRA;;;;Colisão;Luz do Dia;;;Cruz;Semáforo;Comercial;0;1;2;0;0;0;0;0;0;1;0;0;-38,531335;-3,728779
278294;16;1;2016;14:06;0;AV ENG HUMBERTO MONTE;;;1864;;Atropelamento;Luz do Dia;;;Meio de Quadra;;;0;1;1;0;0;0;0;0;0;1;0;0;-38,563882;-3,745016
278291;16;1;2016;11:39;0;RUA MANUEL DA NOBREGA;;;354;;Queda;Luz do Dia;;;Meio de Quadra;;;0;1;0;0;0;1;0;0;0;0;0;0;-38,583974;-3,799174
278292;16;1;2016;12:40;0;RUA DOM XISTO ALBANO;;;1907;;Colisão;Luz do Dia;;;Meio de Quadra;;;0;1;1;1;0;0;0;0;0;1;0;0;-38,587844;-3,799493
278286;16;1;2016;10:45;0;AV ENG HUMBERTO MONTE;;;;;Colisão;Luz do Dia;;;Meio de Quadra;;;0;1;1;1;0;0;0;0;0;1;0;0;;
278301;16;1;2016;15:36;0;RUA TAVARES COUTINHO;;;2250;;Colisão;Luz do Dia;;;Meio de Quadra;;;0;1;1;1;0;0;0;0;0;1;0;0;;
274089;16;1;2016;10:05;0;RUA PEDRO I;;;;;Colisão Traseira;Luz do Dia;;;Meio de Quadra;;;0;0;2;1;0;0;0;0;0;0;0;0;;
274092;16;1;2016;13:15;0;RUA GERMANO FRANCK;;;136;;Colisão Traseira;Luz do Dia;;;Meio de Quadra;;;0;0;2;1;0;0;0;0;0;1;0;0;-38,558375;-3,774165
274122;16;1;2016;05:00;7183;AV PASTEUR;RUA NOSSA SRA DAS GRACAS;;;;Capotamento;Amanhecer;;;Cruz;Pare;Residencial;0;1;1;1;0;0;0;0;0;1;0;0;-38,558168;-3,708729
274117;16;1;2016;02:20;184;RUA CAP BRASIL;RUA BALDUINO FREIRE;;;;Colisão Traseira;;;;Cruz;Semáforo Intermitente;Residencial;0;0;2;1;0;0;0;0;0;0;0;0;-38,586378;-3,735496
274084;16;1;2016;13:50;3419;AV JOAO PESSOA;RUA MIGUEL GONCALVES;;;;Colisão;Luz do Dia;;;Cruz;Pare;Residencial;0;1;1;0;1;1;0;0;0;0;0;0;-38,55508;-3,75871
274049;16;1;2016;09:50;0;RUA 7 DE SETEMBRO;;;206;;Colisão Lateral;Luz do Dia;;;Meio de Quadra;;;0;0;2;1;0;0;0;0;0;0;0;0;-38,564062;-3,774545
274069;16;1;2016;10:20;12009;RUA JOSE HIPOLITO;RUA CEL FRANCISCO ALVES RIBEIRO;;;;Colisão Lateral;Luz do Dia;;;T;Não Há Controle;Comercial;0;2;1;0;1;0;0;0;0;1;0;0;;
274070;16;1;2016;04:50;17420;RUA ANTONIO FIUZA;RUA AQUILES BORIS;;;;Colisão Transversal;;;;;;;0;1;1;1;0;0;0;0;1;0;0;0;-38,551533;-3,768325
274071;16;1;2016;12:15;0;AV PRS CASTELO BRANCO;;;1215;;Colisão Traseira;Luz do Dia;;;Meio de Quadra;;;0;0;2;1;0;0;0;0;0;0;0;0;-38,535102;-3,718235
274072;16;1;2016;05:30;5723;AV OLIVEIRA PAIVA;RUA MON ANTERO;;;;Colisão Lateral;Amanhecer;;;T;Semáforo;Comercial;0;0;2;1;0;0;0;0;0;1;0;0;-38,493198;-3,795604
274073;16;1;2016;09:34;0;RUA PRO NOGUEIRA;;;383;;Colisão Lateral;Luz do Dia;;;Meio de Quadra;;;0;0;2;1;0;0;1;0;0;0;0;0;-38,549465;-3,735233
274239;17;1;2016;01:05;19783;RUA AZEVEDO BOLAO;RUA ARMANDO OLIVEIRA;;;;Colisão Transversal;Via Iluminada;Bom;Seca;Cruz;Pare;Residencial;0;0;2;1;0;0;0;0;0;0;0;0;-38,567475;-3,738662
277959;17;1;2016;18:14;0;AV SEN CARLOS JEREISSATI (AEROPORTO);;;3000;AEROPORTO;Colisão;Anoitecer;;;Meio de Quadra;;;0;0;2;1;0;0;0;0;0;0;0;0;-38,541414;-3,780382
277964;17;1;2016;18:57;0;AV GAL OSORIO DE PAIVA;;;4422;;Atropelamento;;;;Meio de Quadra;;;0;1;1;0;0;0;0;0;0;0;0;0;-38,594649;-3,797067
277966;17;1;2016;19:00;0;RUA ANGELICA GURGEL;;;270;;Colisão;;;;Meio de Quadra;;;0;0;3;1;0;0;0;0;0;0;0;0;-38,499065;-3,834871
277981;17;1;2016;20:44;0;RUA ISAIE BORIS;;;371;;Colisão;;;;Meio de Quadra;;;0;0;2;0;0;0;0;0;0;0;0;0;;
277973;17;1;2016;19:16;15269;AV RUI BARBOSA;RUA TEN BENEVOLO;;;;Colisão;;;;Cruz;Semáforo;Residencial;0;0;2;0;0;0;0;0;0;0;0;0;-38,507048;-3,728685
277983;17;1;2016;22:03;0;AV AGUANAMBI;;;;ROTATÓRIA;Colisão;;;;Meio de Quadra;;;0;0;2;0;0;0;0;0;0;0;0;0;;
277985;17;1;2016;22:36;7940;RUA CEL ALVES TEIXEIRA;RUA VIS MAUA;;;;Choque c/ Obstáculo Fixo;;;;Cruz;Pare;Residencial;0;0;1;0;0;0;0;0;0;0;0;0;-38,503223;-3,74797
277990;17;1;2016;23:37;0;AV FRANCISCO SA;;;2293;;Colisão;;;;Meio de Quadra;;;0;0;2;0;0;0;0;0;0;0;0;0;;
277955;17;1;2016;18:01;0;AV CASTELO DE CASTRO;;;1552;JANGURUSSU;Colisão;Anoitecer;;;Meio de Quadra;;;0;0;2;0;0;0;0;0;0;0;0;0;-38,521563;-3,84329
277949;17;1;2016;17:54;0;AV J CJ JOSE WALTER;;;1657;;Choque c/ Obstáculo Fixo;Anoitecer;;;Meio de Quadra;;;0;0;1;0;0;0;0;0;0;0;0;0;-38,558198;-3,839399
277952;17;1;2016;17:55;0;AV GAL OSORIO DE PAIVA;;;2487;;Colisão;Anoitecer;;;Meio de Quadra;;;0;0;2;0;0;0;0;0;0;0;0;0;-38,585419;-3,787692
277941;17;1;2016;16:15;0;RUA FLORO BARTOLOMEU;;;580;;Atropelamento;Luz do Dia;;;Meio de Quadra;;;0;1;1;1;0;0;0;0;0;0;0;0;-38,509129;-3,760012
277943;17;1;2016;17:31;23514;RUA ANA GONCALVES;RUA CAP MELO;;;;Colisão;Anoitecer;;;Cruz;Pare;Residencial;0;0;2;0;0;0;0;0;0;0;0;0;-38,512491;-3,759519
277939;17;1;2016;15:50;0;RUA PRO OTAVIO LOBO;;;;HGF;Colisão;Luz do Dia;;;Meio de Quadra;;;0;0;2;1;0;0;1;0;0;0;0;0;;
277946;17;1;2016;17:52;0;AV PRS COSTA E SILVA;;;;JOSE WALTER;Atropelamento;Anoitecer;;;Meio de Quadra;;;0;1;1;0;0;0;0;0;0;0;0;0;;
282286;17;1;2016;01:00;24911;RUA ROSINHA SAMPAIO;RUA EMILIA GONCALVES;;;;Choque c/ Obstáculo Fixo;Via Iluminada;Bom;Seca;T;Pare;Comercial;0;0;2;1;0;0;1;0;0;0;0;0;-38,596399;-3,724518
276766;17;1;2016;19:30;0;RD CE-040;;;;KM-09;Colisão;Mal Iluminada;Nublado;Molhada;Meio de Quadra;;;0;0;2;1;0;0;0;0;0;0;0;0;-38,481538;-3,825516
276220;17;1;2016;21:00;22662;AV COS GOMES DE FREITAS (SAPIRANGA/COITE);RUA SALVADOR CORREIA SA;;;;Colisão Transversal;;;;;;;0;1;1;1;0;0;0;0;0;1;0;0;-38,47486;-3,795259
277003;17;1;2016;00:01;0;RUA FAUSTO AGUIAR;;;969;;Colisão Lateral;;;;Meio de Quadra;;;0;0;2;1;0;0;0;0;0;0;0;0;;
277005;17;1;2016;01:40;0;RUA ANA BILHAR;;;1421;;Colisão Lateral;;;;Meio de Quadra;;;0;0;2;0;0;0;0;0;0;0;0;0;-38,487548;-3,731521
278459;17;1;2016;15:02;13576;AV RUI BARBOSA;RUA FRE BERNARDINO;;;;Queda;Luz do Dia;;;Outros;Pare;Residencial;0;1;0;0;0;0;0;0;0;1;0;0;-38,514146;-3,750601
278460;17;1;2016;15:30;4612;AV COS GOMES DE FREITAS (SAPIRANGA/COITE);AV OLIVEIRA PAIVA;;;;Colisão;Luz do Dia;;;;;;0;1;1;1;0;0;0;0;0;1;0;0;-38,479908;-3,795695
278454;17;1;2016;12:31;0;AV GAL OSORIO DE PAIVA;;;;;Atropelamento;Luz do Dia;;;Meio de Quadra;;;0;1;1;1;0;0;0;0;0;0;0;0;;
278455;17;1;2016;12:57;19177;RUA BATISTA DE OLIVEIRA;RUA JOAQUIM LIMA;;;;Atropelamento;Luz do Dia;;;Cruz;Pare;Misto;0;1;1;1;0;0;0;0;0;0;0;0;-38,479209;-3,741498
278456;17;1;2016;13:52;0;RUA MARCILIO DIAS;;;993;;Queda;Luz do Dia;;;Meio de Quadra;;;0;1;0;0;0;0;0;0;0;1;0;0;-38,554741;-3,71048
278457;17;1;2016;14:52;0;AV GAL OSORIO DE PAIVA;;;4819;;Colisão;Luz do Dia;;;Meio de Quadra;;;0;1;1;1;0;0;0;0;0;1;0;0;-38,598526;-3,801072
278431;17;1;2016;11:27;0;AV PERIMETRAL;;;;;Colisão;Luz do Dia;;;Meio de Quadra;;;0;1;0;0;0;0;0;0;0;0;0;0;;
278423;17;1;2016;11:26;0;AV CASTELO DE CASTRO;;;257;;Colisão;Luz do Dia;;;Meio de Quadra;;;0;1;1;1;0;0;0;0;0;1;0;0;;
278415;17;1;2016;08:39;0;AV ZEZE DIOGO;;;;;Queda;Luz do Dia;;;Meio de Quadra;;;0;1;0;0;0;0;0;0;0;1;0;0;;
278412;17;1;2016;07:56;0;AV PONTES VIEIRA;;;1455;;Colisão;Luz do Dia;;;Meio de Quadra;;;0;1;0;0;0;0;0;0;0;0;0;0;-38,508475;-3,75213
278413;17;1;2016;08:33;9896;RUA SGT JOAO PINHEIRO;RUA OSCAR FRANCA;;;;Queda;Luz do Dia;;;Cruz;Pare;Misto;0;1;0;0;0;0;0;0;0;1;0;0;-38,623274;-3,784538
278404;17;1;2016;07:05;0;AV N CJ JOSE WALTER;;;1472;;Capotamento;Luz do Dia;;;Meio de Quadra;;;0;1;0;1;0;0;0;0;0;0;0;0;;
278405;17;1;2016;07:07;0;AV MR HULL;;;5506;;Colisão;Luz do Dia;;;Meio de Quadra;;;0;1;1;0;0;0;0;0;0;1;0;0;-38,59379;-3,739985
278387;17;1;2016;05:33;0;RUA STA ROSA D20/21 (JACARECANGA);;;2914;;Colisão;Amanhecer;;;Meio de Quadra;;;0;1;0;0;0;0;0;0;0;0;0;0;;
278388;17;1;2016;05:43;0;RUA JOAQUIM ALFREDO;;;761;;Atropelamento;Amanhecer;;;Meio de Quadra;;;0;1;1;0;0;0;0;0;0;1;0;0;-38,58669;-3,805234
278381;17;1;2016;05:08;0;RUA MINAS GERAIS;;;1152;;Atropelamento;Amanhecer;;;Meio de Quadra;;;0;1;1;0;0;0;0;0;0;1;0;0;;
278377;17;1;2016;03:11;0;AV PERIMETRAL;;;213;;Colisão;;;;Meio de Quadra;;;0;1;0;0;0;0;0;0;0;0;0;0;;
278378;17;1;2016;04:05;0;AV SANTOS DUMONT;;;;;Queda;;;;Meio de Quadra;;;0;1;0;0;0;1;0;0;0;0;0;0;;
278367;17;1;2016;02:59;0;AV GODOFREDO MACIEL;;;4076;;Colisão;;;;Meio de Quadra;;;0;1;1;1;0;0;0;0;0;1;0;0;-38,574445;-3,810887
278370;17;1;2016;03:08;0;RUA CON DE CASTRO;;;;;Queda;;;;Meio de Quadra;;;0;1;0;0;0;0;0;0;0;1;0;0;;
278353;17;1;2016;02:45;0;AV CEL CARVALHO;;;;;Queda;;;;Meio de Quadra;;;0;1;0;0;0;0;0;0;0;1;0;0;;
278347;17;1;2016;02:29;0;AV DR SILAS MUNGUBA;;;1199;;Colisão;;;;Meio de Quadra;;;0;1;2;1;0;0;0;0;0;1;0;0;-38,555361;-3,782416
278350;17;1;2016;02:39;0;RUA DNA LUCIA PINHEIRO (QUINTINO CUNHA);;;32;;Queda;;;;Meio de Quadra;;;0;2;0;0;0;0;0;0;0;1;0;0;-38,597092;-3,732226
278323;17;1;2016;00:33;0;RUA BERNARDO MANUEL;;;7815;;Queda;;;;Meio de Quadra;;;0;1;0;0;0;1;0;0;0;0;0;0;-38,547351;-3,7855
278324;17;1;2016;00:35;0;RUA PRO ALVARO COSTA;;;590;;Queda;;;;Meio de Quadra;;;0;1;0;0;0;0;0;0;0;1;0;0;;
278325;17;1;2016;01:37;0;AV N CJ JOSE WALTER;;;1491;;Colisão;;;;Meio de Quadra;;;0;1;0;0;0;0;0;0;0;0;0;0;;
278326;17;1;2016;01:38;0;AV FRANCISCO SA;;;6077;;Queda;;;;Meio de Quadra;;;0;1;0;0;0;0;0;0;0;1;0;0;-38,579974;-3,709661
278327;17;1;2016;01:47;0;AV OLIVEIRA PAIVA;;;1264;;Colisão;;;;Meio de Quadra;;;0;1;0;0;0;0;0;0;0;0;0;0;-38,4951;-3,795403
278513;17;1;2016;16:48;0;RUA L CJ VILA VELHA;;;954;;Queda;Luz do Dia;;;Meio de Quadra;;;0;1;0;0;0;1;0;0;0;0;0;0;;
278516;17;1;2016;17:03;0;RUA CON DE CASTRO;;;4240;;Colisão;Anoitecer;;;Meio de Quadra;;;0;1;1;1;0;0;0;0;0;1;0;0;-38,5901;-3,802932
278519;17;1;2016;17:12;5325;AV SANTOS DUMONT;RUA NOGUEIRA ACIOLI;;;;Queda;Anoitecer;;;Cruz;Não Há Controle;Comercial;0;1;0;0;0;0;0;0;0;1;0;0;-38,516924;-3,730201
278510;17;1;2016;15:47;0;RD BR 116;;;6363;KM-02;Atropelamento;Luz do Dia;;;Meio de Quadra;;;0;1;1;0;1;0;0;0;0;0;0;0;-38,515205;-3,776951