COD_ACIDENTE;DIA;MES;ANO;HORA;INTERSECAO;LOG1;LOG2;LOG3;NUMERO;REFERENCIA;NATUREZA;ILUMINACAO;TEMPO;SUPERFICIEPISTA;TIPOCRUZAMENTO;CONTROLETRAFEGO;USOSOLO;MORTOS;FERIDOS;ILESOS;AUTOMOVEL;ONIBUS;BICICLETA;CAMINHAO;MICROONIBUS;CICLOMOTOR;MOTOCICLETA;TRACAOANIMAL;TREM;LONG;LAT
278511;17;1;2016;15:58;0;RUA DOIS;;;638;;Colisão;Luz do Dia;;;Meio de Quadra;;;0;1;1;0;0;0;0;0;0;1;0;0;;
278507;17;1;2016;15:44;0;RUA PERDIGAO DE OLIVEIRA;;;477;;Atropelamento;Luz do Dia;;;Meio de Quadra;;;0;2;0;0;0;0;0;0;0;1;0;0;-38,57388;-3,775663
274002;17;1;2016;17:29;25794;AV GAL OSORIO DE PAIVA;RUA ARRUDA CAMARA;;;;Colisão;Anoitecer;;;T;Pare;Misto;0;0;2;0;1;0;0;0;0;0;0;0;-38,585476;-3,78775
274003;17;1;2016;18:00;15189;AV ABOLICAO;RUA FRE MANSUETO;;;;Colisão Lateral;Anoitecer;;;Cruz;Semáforo;Comercial;0;0;2;1;1;0;0;0;0;0;0;0;-38,489324;-3,726368
274004;17;1;2016;20:00;15322;RUA BARBOSA DE FREITAS;RUA CANUTO DE AGUIAR;;;;Colisão Lateral;;;;Cruz;Pare;Comercial;0;1;1;1;0;0;0;0;0;1;0;0;-38,495453;-3,730624
274005;17;1;2016;04:40;22353;AV BEZERRA DE MENEZES;RUA AMADEU FURTADO;;;;Colisão Traseira;;;;Cruz;Semáforo;Comercial;1;1;1;0;1;0;0;0;0;1;0;0;-38,564079;-3,735591
274006;17;1;2016;05:08;22167;AV JOSE BASTOS;RUA TAVARES IRACEMA;;;;Colisão Lateral;Amanhecer;;;T;Não Há Controle;Comercial;0;0;2;0;0;0;1;0;0;0;0;0;-38,55277;-3,752313
274007;17;1;2016;16:30;15269;AV RUI BARBOSA;RUA TEN BENEVOLO;;;;Colisão Lateral;Luz do Dia;;;Cruz;Semáforo;Residencial;0;1;1;1;0;0;0;0;0;1;0;0;-38,507048;-3,728685
274008;17;1;2016;18:16;1601;RUA PDE VALDEVINO;RUA VIS MAUA;;;;Colisão Lateral;Anoitecer;;;Cruz;Pare;Misto;0;0;2;1;0;0;0;0;0;0;0;0;-38,501876;-3,743773
274010;17;1;2016;19:10;9220;AV 13 DE MAIO;RUA NAPOLEAO LAUREANO;;;;Engavetamento;;;;Cruz;Semáforo;Comercial;0;0;3;1;1;0;0;0;0;0;0;0;-38,528825;-3,749758
274012;17;1;2016;09:46;10044;RUA EMILIO DE MENESES;RUA ANTONIO NERY;;;;Colisão Lateral;Luz do Dia;;;Cruz;Pare;Comercial;0;0;2;1;0;0;0;0;0;0;0;0;-38,600204;-3,778162
274015;17;1;2016;20:30;19611;RUA NEREU RAMOS;AV GODOFREDO MACIEL;;;;Colisão Traseira;;;;T;Semáforo;Residencial;0;0;2;1;0;0;0;0;0;0;0;0;-38,566802;-3,78725
273963;17;1;2016;12:41;0;AV DR SILAS MUNGUBA;;;610;;Colisão Traseira;Luz do Dia;;;Meio de Quadra;;;0;1;1;1;0;0;0;0;0;1;0;0;;
273964;17;1;2016;04:17;19539;AV DR SILAS MUNGUBA;RUA EQUADOR;;;;Colisão Lateral;;;;Cruz;Semáforo;Comercial;0;1;1;1;0;0;0;0;0;1;0;0;-38,555434;-3,782377
273966;17;1;2016;00:30;1522;RUA CEL JUCA;RUA EDUARDO GARCIA;;;;Colisão Transversal;;;;Cruz;Pare;Residencial;0;0;2;0;0;0;0;0;0;0;0;0;-38,492166;-3,740419
273967;17;1;2016;14:37;0;RUA JOSE LUCAS;;;1150;;Colisão Lateral;Luz do Dia;;;Meio de Quadra;;;0;0;2;1;0;0;0;0;0;0;0;0;;
273953;17;1;2016;19:18;25769;AV DR SILAS MUNGUBA;RUA CORUMBA;;;;Colisão Transversal;Anoitecer;;;;Gesto;Comercial;0;0;2;1;0;0;0;0;0;0;0;0;-38,530014;-3,801188
273961;17;1;2016;00:18;15144;AV MON TABOSA;AV RUI BARBOSA;;;;Colisão Traseira;;;;Cruz;Pare;Comercial;0;0;2;1;0;0;0;0;0;0;0;0;-38,505696;-3,724441
273958;17;1;2016;12:40;0;AV CEL CARVALHO;;;3625;;Colisão Traseira;Luz do Dia;;;Meio de Quadra;;;0;0;2;1;0;0;0;0;0;0;0;0;;
273950;17;1;2016;20:30;2356;RUA SEN ROBERT KENNEDY;RUA ESTEVAO DE CAMPOS;;;;Colisão Transversal;;;;Cruz;Pare;Residencial;0;1;1;1;0;0;0;0;0;0;0;0;-38,579516;-3,705131
273951;17;1;2016;11:33;15301;RUA TEN BENEVOLO;RUA SILVA PAULET;;;;Colisão Transversal;Luz do Dia;;;T;Pare;Residencial;0;1;1;1;0;0;0;0;0;0;0;0;-38,503888;-3,729724
277677;17;1;2016;14:56;22159;AV JOSE BASTOS;RUA PRO COSTA MENDES;;;;Colisão;Luz do Dia;;;Cruz;Pare;Comercial;0;0;2;0;0;0;0;0;0;0;0;0;-38,551247;-3,750784
277675;17;1;2016;14:56;0;AV ZEZE DIOGO;;;;VILA GALE;Choque c/ Obstáculo Fixo;Luz do Dia;;;Meio de Quadra;;;0;1;0;0;0;0;0;0;0;0;0;0;;
277667;17;1;2016;13:19;0;RUA ENG PLACIDO C JUNIOR D56;;;;;Colisão;Luz do Dia;;;Meio de Quadra;;;0;0;2;0;0;0;0;0;0;0;0;0;;
277644;17;1;2016;12:39;24035;AV DOLOR BARREIRA;AV AREIA BRANCA;;;;Colisão;Luz do Dia;;;T;Pare;Comercial;0;2;0;1;0;0;0;0;0;1;0;0;-38,473174;-3,728097
277645;17;1;2016;12:40;0;AV SORIANO ALBUQUERQUE;;;53;;Colisão;Luz do Dia;;;Meio de Quadra;;;0;0;2;0;0;0;0;0;0;0;0;0;-38,521603;-3,747577
277595;17;1;2016;03:45;0;AV VIENA WEYNE;;;390;;Colisão;;;;Meio de Quadra;;;0;0;2;0;0;0;0;0;0;0;0;0;-38,490717;-3,801331
277601;17;1;2016;06:10;0;AV PRS CASTELO BRANCO;;;;;Colisão;Luz do Dia;;;Meio de Quadra;;;0;0;2;0;0;0;0;0;0;0;0;0;;
277559;17;1;2016;06:23;0;RUA LEBOM MAIA;;;448;;Atropelamento;Luz do Dia;;;Meio de Quadra;;;0;1;1;0;0;0;0;0;0;0;0;0;-38,579643;-3,785364
278523;18;1;2016;01:20;0;RUA SOUSA CARVALHO;;;849;;Colisão;;;;Meio de Quadra;;;0;1;0;0;0;0;0;0;0;0;0;0;-38,592459;-3,782527
278524;18;1;2016;01:42;0;AV 13 DE MAIO;;;1043;;Colisão;;;;Meio de Quadra;;;0;1;1;1;0;0;0;0;0;1;0;0;-38,528537;-3,750001
278544;18;1;2016;04:10;0;RUA JOSE TORRES;;;855;;Atropelamento;;;;Meio de Quadra;;;0;1;1;1;0;0;0;0;0;0;0;0;-38,606898;-3,778638
278535;18;1;2016;02:34;0;AV PRO JOSE ARTHUR CARVALHO;;;;;Colisão;;;;Meio de Quadra;;;0;1;1;1;0;0;0;0;0;1;0;0;;
278537;18;1;2016;02:37;0;RUA JOAQUIM DOS ANJOS;;;1125;;Colisão;;;;Meio de Quadra;;;0;1;1;1;0;0;0;0;0;1;0;0;-38,571308;-3,830154
278538;18;1;2016;03:37;0;AV WASHINGTON SOARES;;;6270;;Colisão;;;;Meio de Quadra;;;0;1;1;1;0;0;0;0;0;1;0;0;-38,480608;-3,813999
278530;18;1;2016;02:13;9034;RUA CEL SOLON;AV AGUANAMBI;;;;Queda;;;;Cruz;Semáforo;Comercial;0;1;0;0;0;0;0;0;0;1;0;0;-38,525818;-3,742854
278531;18;1;2016;02:14;0;AV WASHINGTON SOARES;;;;;Queda;;;;Meio de Quadra;;;0;1;0;0;0;0;0;0;0;1;0;0;;
278532;18;1;2016;02:16;0;RUA CON DE CASTRO;;;1045;;Colisão;;;;Meio de Quadra;;;0;1;1;1;0;0;0;0;0;1;0;0;-38,570643;-3,781974
278528;18;1;2016;02:05;5442;RUA GAL CLARINDO DE QUEIROZ;AV VIS RIO BRANCO;;;;Colisão;;;;Cruz;Semáforo;Comercial;0;1;1;1;0;0;0;0;0;1;0;0;-38,524385;-3,734584
278526;18;1;2016;02:04;0;AV GAL OSORIO DE PAIVA;;;5265;;Colisão;;;;Meio de Quadra;;;0;2;2;0;0;0;0;0;0;1;0;0;-38,60096;-3,80358
278556;18;1;2016;05:42;0;RD BR 116;;;13000;KM-13;Colisão;Amanhecer;;;Meio de Quadra;;;0;1;1;1;0;0;0;0;0;1;0;0;-38,497727;-3,86467
278541;18;1;2016;03:42;0;RUA GERMANO FRANCK;;;1731;;Colisão;;;;Meio de Quadra;;;0;1;1;1;0;0;0;0;0;1;0;0;;
278542;18;1;2016;03:53;0;AV PASTEUR;;;810;;Colisão;;;;Meio de Quadra;;;0;1;1;1;0;0;0;0;0;1;0;0;-38,559707;-3,713814
278648;18;1;2016;14:16;0;RUA COMERCIO D57;;;377;;Colisão;Luz do Dia;;;Meio de Quadra;;;0;1;1;1;0;0;0;0;0;1;0;0;-38,471711;-3,771984
278685;18;1;2016;18:30;0;AV DR THEBERGE;;;1005;;Queda;Anoitecer;;;Meio de Quadra;;;0;1;0;0;0;0;0;0;0;1;0;0;-38,563827;-3,711238
278691;18;1;2016;19:17;0;RUA PLACIDO DE CASTRO;;;2834;;Colisão;;;;Meio de Quadra;;;0;2;0;0;0;0;0;0;0;1;0;0;;
278650;18;1;2016;14:33;6345;AV A CJ CEARA;RUA 101 CJ CEARA;;;;Colisão;Luz do Dia;;;;;;0;1;1;0;0;0;0;0;0;1;0;0;-38,604856;-3,771239
278651;18;1;2016;15:17;0;RUA RIO BRANCO;;;2480;;Colisão;Luz do Dia;;;Meio de Quadra;;;0;1;1;1;0;0;0;0;0;1;0;0;;
278652;18;1;2016;15:39;22143;RUA ANTONIO MARTINS;RUA PAPI JUNIOR;;;;Colisão;Luz do Dia;;;Cruz;Pare;Residencial;0;1;1;1;0;0;0;0;0;1;0;0;-38,556608;-3,751375
278654;18;1;2016;16:11;0;AV WASHINGTON SOARES;;;6284;;Colisão;Luz do Dia;;;Meio de Quadra;;;0;1;2;1;0;0;0;0;0;1;0;0;-38,480787;-3,814229
278655;18;1;2016;16:12;0;RUA GERMANO FRANCK;;;395;;Colisão;Luz do Dia;;;Meio de Quadra;;;0;1;1;1;0;0;0;0;0;1;0;0;-38,560581;-3,776027
278656;18;1;2016;16:51;0;RUA DEP MATOSO FILHO;;;1192;;Atropelamento;Luz do Dia;;;Meio de Quadra;;;0;1;1;0;0;0;0;0;0;1;0;0;-38,59423;-3,733942
278657;18;1;2016;16:53;6969;AV F CJ ESPERANCA;AV B CJ ESPERANCA;;;;Colisão;Luz do Dia;;;Cruz;Pare;Misto;0;1;1;1;0;0;0;0;0;1;0;0;-38,588467;-3,817486
278642;18;1;2016;07:23;0;RUA GERMANO FRANCK;;;24;;Atropelamento;Luz do Dia;;;Meio de Quadra;;;0;1;1;0;0;0;0;0;0;1;0;0;-38,557471;-3,773259
278643;18;1;2016;10:04;0;RUA CEL DIONISIO ALENCAR;;;16;;Colisão;Luz do Dia;;;Meio de Quadra;;;0;1;0;0;0;0;0;0;0;0;0;0;;
278644;18;1;2016;10:06;0;AV DR SILAS MUNGUBA;;;835;;Colisão;Luz do Dia;;;Meio de Quadra;;;0;1;2;1;0;0;0;0;0;1;0;0;-38,558088;-3,780933
278645;18;1;2016;12:32;0;AV PERIMETRAL;;;;;Colisão;Luz do Dia;;;Meio de Quadra;;;0;1;1;0;0;0;0;0;0;1;0;0;;
278693;18;1;2016;21:51;0;RUA MONTE LIBANO;;;441;;Colisão;;;;Meio de Quadra;;;0;1;1;0;0;0;0;0;0;1;0;0;-38,561746;-3,824465
278329;18;1;2016;15:19;0;RUA 105 CJ NOVO MONDUBIM;;;12;;;Luz do Dia;;;Meio de Quadra;;;0;0;2;1;0;0;0;0;0;1;0;0;-38,587931;-3,807969
278343;18;1;2016;15:47;0;AV DES GONZAGA;;;192;;Colisão;Luz do Dia;;;Meio de Quadra;;;0;0;2;0;0;0;0;0;0;0;0;0;-38,503766;-3,788756
278340;18;1;2016;15:42;0;RUA MON DANTAS;;;100;;Colisão;Luz do Dia;;;Meio de Quadra;;;0;2;0;1;0;0;0;0;0;1;0;0;;
278358;18;1;2016;17:57;0;AV GOV RAUL BARBOSA;;;;;Colisão;Anoitecer;;;Meio de Quadra;;;0;0;2;0;0;0;0;0;0;0;0;0;;
278372;18;1;2016;18:24;0;AV DOM MANUEL;;;30;;Colisão;Anoitecer;;;Meio de Quadra;;;0;0;2;1;0;0;1;0;0;0;0;0;;
278382;18;1;2016;18:50;0;AV ALM HENRIQUE SABOIA;;;;;Colisão;;;;Meio de Quadra;;;0;0;2;0;1;0;0;0;0;0;0;0;;
278393;18;1;2016;20:14;0;AV ALBERTO CRAVEIRO;;;;;Colisão;;;;Meio de Quadra;;;0;0;2;0;0;0;0;0;0;0;0;0;;
278395;18;1;2016;20:37;0;RUA CACILDA BECKER;;;436;;Colisão;;;;Meio de Quadra;;;0;0;2;0;0;0;0;0;0;0;0;0;-38,589056;-3,77153
278306;18;1;2016;15:18;19313;RUA GERMANO FRANCK;RUA CON LIMA SUCUPIRA;;;;Colisão;Luz do Dia;;;Cruz;Pare;Residencial;0;0;2;0;0;0;0;0;0;0;0;0;-38,559584;-3,775196
275853;18;1;2016;07:30;0;RD BR 222;;;600;KM-01;Colisão Traseira;Luz do Dia;Bom;Seca;Meio de Quadra;;;0;1;1;1;0;0;0;0;0;1;0;0;-38,578147;-3,737698
275855;18;1;2016;15:00;0;RD BR 222;;;100;;Colisão Lateral;Luz do Dia;Bom;Seca;Meio de Quadra;;;0;1;1;0;0;0;0;1;0;1;0;0;;
277017;18;1;2016;18:20;0;AV PRS CASTELO BRANCO;;;5115;;Atropelamento;Anoitecer;;;Meio de Quadra;;;0;1;1;0;1;0;0;0;0;0;0;0;-38,57722;-3,704959
276767;18;1;2016;17:00;0;AV MIN JOSE AMERICO;;;;;Colisão;Anoitecer;Nublado;Molhada;Meio de Quadra;;;0;1;1;1;0;0;0;0;0;1;0;0;;
276768;18;1;2016;19:15;0;AV SEN CARLOS JEREISSATI (AEROPORTO);;;;KM 03;Colisão;Via Iluminada;Bom;Seca;Meio de Quadra;;;0;0;2;1;0;0;0;0;0;0;0;0;-38,544038;-3,779641
278706;18;1;2016;22:07;0;AV PRS COSTA E SILVA;;;1578;;Queda;;;;Meio de Quadra;;;0;1;0;0;0;0;0;0;0;1;0;0;;
277996;18;1;2016;06:38;5405;RUA GAL CLARINDO DE QUEIROZ;RUA BAR RIO BRANCO;;;;Colisão;Luz do Dia;;;Cruz;Semáforo;Comercial;0;0;2;0;0;0;0;0;0;0;0;0;-38,530239;-3,732679
275643;18;1;2016;13:45;0;RD BR 116;;;200;KM-07;Colisão Frontal;Luz do Dia;Nublado;Seca;Meio de Quadra;;;0;2;0;1;0;0;0;0;0;1;0;0;-38,50135403;-3,814567428
278153;18;1;2016;10:15;0;AV PRS COSTA E SILVA;;;;BALAO DO MONDUBIM;Colisão;Luz do Dia;;;Meio de Quadra;;;0;0;2;0;0;0;0;0;0;0;0;0;;
278174;18;1;2016;12:51;0;AV DR SILAS MUNGUBA;;;858;;Colisão;Luz do Dia;;;Meio de Quadra;;;0;0;2;0;0;0;0;0;0;0;0;0;-38,558088;-3,780933
278170;18;1;2016;12:17;0;RUA CEL DIONISIO ALENCAR;;;16;;Atropelamento;Luz do Dia;;;Meio de Quadra;;;0;1;1;0;0;0;0;0;0;0;0;0;;
278158;18;1;2016;11:00;0;AV JOVITA FEITOSA;;;3110;;Colisão;Luz do Dia;;;Meio de Quadra;;;0;0;2;0;0;0;0;0;0;0;0;0;-38,565703;-3,741754
278162;18;1;2016;11:14;15696;RUA GUILHERME PESSOA;RUA TOME DE SOUZA;;;;Colisão;Luz do Dia;;;Cruz;Pare;Residencial;0;0;2;0;0;0;0;0;0;0;0;0;-38,486033;-3,827336
278135;18;1;2016;09:38;0;AV AGUANAMBI;;;;ROTATÓRIA;Colisão;Luz do Dia;;;Meio de Quadra;;;0;0;2;0;0;0;0;0;0;0;0;0;;
278128;18;1;2016;09:21;0;AV ALBERTO CRAVEIRO;;;2770;CASTELAO;Colisão;Luz do Dia;;;Meio de Quadra;;;0;0;2;0;0;0;0;0;0;0;0;0;-38,523255;-3,805335
278003;18;1;2016;08:19;8930;AV DOMINGOS OLIMPIO;RUA JUSTINIANO DE SERPA;;;;Colisão;Luz do Dia;;;Outros;Semáforo;Residencial;0;0;2;0;0;0;0;0;0;0;0;0;-38,542468;-3,733011
277994;18;1;2016;06:17;0;AV GAL OSORIO DE PAIVA;;;5271;;Colisão;Luz do Dia;;;Meio de Quadra;;;0;0;2;0;0;0;0;0;0;0;0;0;-38,601014;-3,803639
278000;18;1;2016;07:39;0;RUA JOAQUIM DOS ANJOS;;;280;;Colisão;Luz do Dia;;;Meio de Quadra;;;0;0;2;0;0;0;0;0;0;0;0;0;;
274242;18;1;2016;09:48;0;AV MON TABOSA;;;1181;;Colisão Traseira;Luz do Dia;Nublado;Seca;Meio de Quadra;;Comercial;0;0;2;1;0;0;0;0;0;0;0;0;-38,508442;-3,724266
274232;18;1;2016;08:00;3788;RUA WALDERY UCHOA;RUA PDE FRANCISCO PINTO;;;;Colisão Transversal;Luz do Dia;;;Cruz;Pare;Residencial;0;0;2;1;0;0;0;0;0;0;0;0;-38,539138;-3,744299
274234;18;1;2016;09:38;0;AV 13 DE MAIO;RUA PAULA RODRIGUES;;;;Colisão Traseira;Luz do Dia;Nublado;Seca;;;;0;0;2;1;0;0;0;0;0;0;0;0;-38,525876;-3,752271
274236;18;1;2016;16:30;15104;AV HIS RAIMUNDO GIRAO;RUA ILDEFONSO ALBANO;;;;Colisão Lateral;Luz do Dia;Bom;Seca;Cruz;Semáforo;Outros;0;0;2;1;0;0;1;0;0;0;0;0;-38,509542;-3,721603
274216;18;1;2016;13:45;9155;AV LUCIANO CARNEIRO;AV EDUARDO GIRAO;;;;Colisão Lateral;Luz do Dia;Bom;Seca;Cruz;Semáforo;Comercial;0;0;2;1;0;0;0;0;0;0;0;0;-38,532811;-3,752275
274217;18;1;2016;10:15;12863;AV DOMINGOS OLIMPIO;RUA FLORIANO PEIXOTO;;;;Colisão Transversal;Luz do Dia;Nublado;Seca;Cruz;Não Há Controle;Comercial;0;0;2;1;0;0;0;0;0;0;0;0;-38,530313;-3,736976
274221;18;1;2016;06:55;19650;RUA CON DE CASTRO;RUA AFRANIO PEIXOTO;;;;Colisão Lateral;Luz do Dia;Nublado;Molhada;T;Pare;Comercial;0;2;0;1;0;0;0;0;0;1;0;0;-38,570588;-3,781914
274219;18;1;2016;08:20;0;AV JOR THOMAZ COELHO;;;;;Colisão Lateral;Luz do Dia;Nublado;Seca;Meio de Quadra;Não Há Controle;Comercial;0;0;2;1;0;0;1;0;0;0;0;0;;
274193;18;1;2016;16:00;13416;RUA JOAO BRIGIDO;AV RUI BARBOSA;;;;Colisão;Luz do Dia;Bom;Seca;Cruz;Pare;Comercial;0;0;2;1;0;0;0;0;0;0;0;0;-38,511369;-3,741995
274199;18;1;2016;08:30;0;AV PDE ANTONIO TOMAS;;;;;Choque c/ Obstáculo Fixo;Luz do Dia;Nublado;Seca;Meio de Quadra;Semáforo;Comercial;0;0;1;1;0;0;0;0;0;0;0;0;;
274201;18;1;2016;05:30;19686;AV BEZERRA DE MENEZES;RUA ERICO MOTA;;;;Colisão Lateral;Amanhecer;Nublado;Seca;T;Semáforo;Comercial;0;0;2;1;0;0;0;1;0;0;0;0;-38,562991;-3,735357
274086;18;1;2016;10:20;13383;AV ANTONIO SALES;RUA GONCALVES LEDO;;;;Outros;Luz do Dia;Bom;Seca;Cruz;Pare;Comercial;0;1;1;1;0;0;0;0;0;1;0;0;-38,519165;-3,740227
274078;18;1;2016;14:40;0;AV CARNEIRO DE MENDONCA;;;555;;Colisão Transversal;Luz do Dia;Nublado;Seca;Meio de Quadra;Não Há Controle;Residencial;0;2;1;1;0;0;0;0;0;1;0;0;-38,564471;-3,76527
274079;18;1;2016;14:30;0;AV GOV RAUL BARBOSA;AV GAL MURILO BORGES;;;;Colisão Lateral;Luz do Dia;Nublado;Outros;;;;0;0;2;1;0;0;0;0;0;1;0;0;-38,508802;-3,763977
274080;18;1;2016;14:30;0;AV BEZERRA DE MENEZES;;;785;;Colisão Lateral;Luz do Dia;Bom;Seca;Meio de Quadra;Não Há Controle;Residencial;0;0;2;1;0;0;1;0;0;0;0;0;-38,551961;-3,733085
274082;18;1;2016;15:00;5394;AV TRISTAO GONCALVES;RUA METON DE ALENCAR;;;;Outros;Luz do Dia;Bom;Molhada;Cruz;Não Há Controle;Comercial;0;0;2;1;0;0;0;0;0;0;0;0;-38,534777;-3,732327
274119;18;1;2016;08:20;22162;AV JOSE BASTOS;RUA PORFIRIO SAMPAIO;;;;Colisão Traseira;Luz do Dia;Nublado;Seca;Cruz;Semáforo;Comercial;0;0;2;1;1;0;0;0;0;0;0;0;-38,546271;-3,745851
274120;18;1;2016;14:10;0;RUA GUSTAVO BARROSO;;;;;Colisão Frontal;Luz do Dia;Bom;Seca;Meio de Quadra;Não Há Controle;Comercial;0;0;2;1;0;0;0;1;0;0;0;0;;
274135;18;1;2016;19:54;13938;RUA VER PEDRO PAULO MOREIRA;RUA JUNIOR ROCHA;;;;Colisão Transversal;Via Iluminada;Bom;Seca;Cruz;Pare;Residencial;0;0;2;1;0;0;0;0;0;0;0;0;-38,487345;-3,787178
274138;18;1;2016;12:55;0;RUA PDE IBIAPINA;;;;;Colisão Lateral;Luz do Dia;Bom;;Meio de Quadra;Outros;Comercial;0;0;2;1;0;0;0;0;0;0;0;0;;
274127;18;1;2016;11:51;0;AV IMPERADOR;;;1458;;Engavetamento;Luz do Dia;Bom;Seca;Meio de Quadra;Não Há Controle;Comercial;0;0;3;1;0;0;0;0;0;0;0;0;-38,536439;-3,733939
274096;18;1;2016;10:17;4777;RUA MONTE PASCOAL;RUA SAO TEMOTEO;;;;Colisão Lateral;Luz do Dia;Nublado;Molhada;Cruz;Não Há Controle;Residencial;0;0;2;1;0;0;0;0;0;1;0;0;-38,598139;-3,805558
274105;18;1;2016;10:16;0;AV BEZERRA DE MENEZES;;;;;Colisão Traseira;Luz do Dia;Chuva;Molhada;Outros;Não Há Controle;Comercial;0;0;2;1;0;0;0;0;0;0;0;0;;
274112;18;1;2016;11:00;13158;AV JOAO DE ARAUJO LIMA;VL JOAO GUALBERTO;;;;Colisão Traseira;Luz do Dia;Bom;Seca;Cruz;Não Há Controle;Comercial;0;0;2;1;0;0;0;0;0;0;0;0;-38,560305;-3,831651
274091;18;1;2016;14:00;17389;RUA ISAIE BORIS;RUA IRM BAZET;;;;Outros;Luz do Dia;Bom;Seca;Cruz;Não Há Controle;Comercial;0;1;2;1;0;0;0;0;0;1;0;0;-38,548585;-3,767093
274148;18;1;2016;17:15;12919;AV AGUANAMBI;TR JOSE GOMES DE MOURA;;;;Colisão Lateral;Luz do Dia;Bom;Seca;T;Gesto;Comercial;0;0;2;1;0;0;0;0;0;0;0;0;-38,524097;-3,737244
274149;18;1;2016;14:56;0;AV ALM HENRIQUE SABOIA;;;;;Engavetamento;Luz do Dia;Bom;Seca;Meio de Quadra;Não Há Controle;Comercial;0;0;4;1;0;0;0;0;0;0;0;0;;
274154;18;1;2016;13:40;6818;RUA DR GILBERTO STUDART;RUA FRANCISCO MATOS;;;;Colisão Transversal;Luz do Dia;Bom;Seca;Cruz;Pare;Residencial;0;0;2;1;0;0;0;0;0;0;0;0;-38,470191;-3,747084
274157;18;1;2016;12:27;9176;AV EDUARDO GIRAO;AV AGUANAMBI;;;;Colisão Lateral;Luz do Dia;Nublado;Seca;Rotatória;Cancela;Comercial;0;0;1;1;0;0;0;0;0;1;0;0;-38,523564;-3,756564
274160;18;1;2016;12:10;8643;AV EDILSON B SOARES;AV ENG LEAL LIMA VERDE (SAPIRANGA/COITE);;;;Colisão Transversal;Luz do Dia;;;Cruz;Pare;Residencial;0;0;2;1;0;0;0;0;0;1;0;0;-38,476215;-3,789082
274175;18;1;2016;12:00;0;AV PRS COSTA E SILVA;;;1720;;Colisão Traseira;Luz do Dia;;;Meio de Quadra;;;0;1;1;1;0;0;0;0;0;1;0;0;-38,566971;-3,816838
274179;18;1;2016;16:36;5692;RUA MARGARIDA DE QUEIROZ;AV DES GONZAGA;;;;Colisão Transversal;Luz do Dia;Bom;Seca;Cruz;Pare;Comercial;0;0;2;1;0;0;0;0;0;1;0;0;-38,501753;-3,793168
274184;18;1;2016;18:06;5436;RUA JAIME BENEVOLO;RUA GAL CLARINDO DE QUEIROZ;;;;Colisão Transversal;Anoitecer;Bom;Seca;Cruz;Pare;Residencial;0;0;2;1;0;0;0;1;0;0;0;0;-38,526017;-3,73406
278288;18;1;2016;14:59;0;AV GAL OSORIO DE PAIVA;;;2182;;Colisão;Luz do Dia;;;Meio de Quadra;;;0;0;2;0;0;0;0;0;0;0;0;0;;
278188;18;1;2016;13:47;0;AV FLAMBOYANTS;;;75;;Colisão;Luz do Dia;;;Meio de Quadra;;;0;0;2;0;0;0;0;0;0;0;0;0;-38,474802;-3,748035
278189;18;1;2016;13:51;9198;RUA BAR ARATANHA;RUA COSTA ARAUJO;;;;Colisão;Luz do Dia;;;Cruz;Pare;Comercial;0;0;2;0;0;0;0;0;0;0;0;0;-38,531099;-3,746946
278180;18;1;2016;12:54;0;RUA VILEBALDO AGUIAR;;;2000;;Choque c/ Obstáculo Fixo;Luz do Dia;;;Meio de Quadra;;;0;0;1;0;0;0;0;0;0;0;0;0;-38,471999;-3,745652
274170;19;1;2016;08:20;1716;AV GOV RAUL BARBOSA;AV GAL MURILO BORGES;;;;Colisão Traseira;Luz do Dia;;;;;;0;0;2;1;0;0;1;0;0;0;0;0;-38,508802;-3,763977
274171;19;1;2016;07:40;1716;AV GAL MURILO BORGES;AV GOV RAUL BARBOSA;;;;Colisão Traseira;Luz do Dia;;;;;;0;0;2;1;0;0;0;0;0;0;0;0;-38,508802;-3,763977
274174;19;1;2016;06:33;11836;RUA JACINTO MATOS;RUA MON DANTAS;;;;Colisão Transversal;Luz do Dia;;;Cruz;Pare;Comercial;0;1;1;1;0;0;0;0;0;0;0;0;-38,5468;-3,719714
274176;19;1;2016;15:15;0;AV PRO GOMES DE MATOS;;;1825;;Colisão Traseira;Luz do Dia;;;Meio de Quadra;;;0;0;2;1;0;0;0;0;0;0;0;0;-38,550894;-3,767297
274177;19;1;2016;08:13;5440;AV HERACLITO GRACA;RUA RODRIGUES JUNIOR;;;;Colisão Lateral;Luz do Dia;;;Cruz;Não Há Controle;Comercial;0;0;2;1;0;0;0;0;0;0;0;0;-38,521831;-3,734374
274162;19;1;2016;12:49;0;AV DR SILAS MUNGUBA;;;565;;Colisão Frontal;Luz do Dia;;;Meio de Quadra;;;0;0;2;1;1;0;0;0;0;0;0;0;;
274168;19;1;2016;14:46;22991;RUA VILA RICA;RUA BERNARDO MANUEL;;;;Colisão Lateral;Luz do Dia;;;Cruz;Pare;;0;0;2;1;1;0;0;0;0;0;0;0;-38,547746;-3,786824
274048;19;1;2016;15:31;0;AV ROGACIANO LEITE;;;1709;;Atropelamento;Luz do Dia;Nublado;Molhada;Meio de Quadra;;;1;0;1;0;1;0;0;0;0;0;0;0;-38,497673;-3,769405