COD_ACIDENTE;DIA;MES;ANO;HORA;INTERSECAO;LOG1;LOG2;LOG3;NUMERO;REFERENCIA;NATUREZA;ILUMINACAO;TEMPO;SUPERFICIEPISTA;TIPOCRUZAMENTO;CONTROLETRAFEGO;USOSOLO;MORTOS;FERIDOS;ILESOS;AUTOMOVEL;ONIBUS;BICICLETA;CAMINHAO;MICROONIBUS;CICLOMOTOR;MOTOCICLETA;TRACAOANIMAL;TREM;LONG;LAT
274159;19;1;2016;09:17;25006;RUA LEONARDO MOTA;RUA BENI DE CARVALHO;;;;Colisão Lateral;Luz do Dia;;;Cruz;Semáforo;Residencial;0;0;2;1;0;0;0;0;0;0;0;0;-38,498931;-3,744739
274156;19;1;2016;08:30;9132;AV 13 DE MAIO;RUA JAIME BENEVOLO;;;;Colisão Lateral;Luz do Dia;;;Cruz;Semáforo;Comercial;0;0;2;1;0;0;0;0;0;0;0;0;-38,530741;-3,748122
274141;19;1;2016;06:45;0;RUA EUSEBIO DE SOUZA;;;;;Colisão Lateral;Luz do Dia;;;Meio de Quadra;;;0;0;2;1;0;0;0;0;0;0;0;0;;
274142;19;1;2016;00:06;0;RUA PAULO MORAIS;;;720;;Colisão Frontal;;;;Meio de Quadra;;;0;0;2;1;0;0;0;0;0;0;0;0;;
274143;19;1;2016;18:54;0;AV HERACLITO GRACA;;;;;Colisão;Anoitecer;;;Meio de Quadra;;;0;0;2;1;1;0;0;0;0;0;0;0;;
274144;19;1;2016;06:15;3788;RUA PDE FRANCISCO PINTO;RUA WALDERY UCHOA;;;;Colisão Transversal;Luz do Dia;;;Cruz;Pare;Residencial;0;0;2;1;0;0;0;0;0;0;0;0;-38,539138;-3,744299
274145;19;1;2016;07:31;0;AV ALBERTO CRAVEIRO;;;2611;;Colisão Traseira;Luz do Dia;;;Meio de Quadra;;;0;1;1;1;0;0;0;0;0;1;0;0;-38,521431;-3,803073
274146;19;1;2016;12:35;0;RUA BENI DE CARVALHO;;;660;;Colisão Traseira;Luz do Dia;;;Meio de Quadra;;;0;1;1;1;0;0;0;0;0;1;0;0;-38,494298;-3,746229
274147;19;1;2016;13:41;1451;RUA ANTONIO AUGUSTO;RUA ROCHA LIMA;;;;Colisão Lateral;Luz do Dia;;;Cruz;Pare;Residencial;0;1;1;1;0;0;0;0;0;1;0;0;-38,516207;-3,738344
274074;19;1;2016;12:53;3868;RUA SEN POMPEU;RUA JOAQUIM MAGALHAES;;;;Colisão Transversal;Luz do Dia;;;Cruz;Não Há Controle;Comercial;0;0;2;1;0;0;0;0;0;0;0;0;-38,533066;-3,738281
274075;19;1;2016;10:04;12818;RUA ALBERTO MAGNO;RUA ANDRE CHAVES;;;;Colisão Traseira;Luz do Dia;;;Cruz;Pare;Comercial;0;0;2;1;0;0;0;0;0;0;0;0;-38,54223;-3,756035
274076;19;1;2016;15:13;9102;RUA GRACILIANO RAMOS;RUA MARTINHO RODRIGUES;;;;Colisão Transversal;Luz do Dia;;;;;;0;0;2;1;0;0;0;0;0;0;0;0;-38,527688;-3,75571
274077;19;1;2016;12:45;0;RUA IEDA PEREIRA;;;177;;Colisão Lateral;Luz do Dia;;;Meio de Quadra;;;0;0;2;1;0;0;0;0;0;0;0;0;;
274226;19;1;2016;18:56;1243;RUA DR JOSE LOURENCO;RUA PEREIRA FILGUEIRAS;;;;Colisão Lateral;;;;Cruz;Pare;Comercial;0;1;1;1;0;0;0;0;1;0;0;0;-38,50647;-3,730449
275645;19;1;2016;19:30;0;RD BR 116;;;4000;KM-04;Atropelamento;;;;Meio de Quadra;;;0;2;0;0;0;0;0;0;0;1;0;0;-38,510646;-3,788331
278739;19;1;2016;02:20;21602;RUA STA LIDUINA D42;RUA CON DE CASTRO;;;;Queda;;;;;;;0;1;0;0;0;0;0;0;0;1;0;0;-38,584986;-3,797482
278746;19;1;2016;02:21;0;RUA BAR AQUIRAZ;;;1335;;Colisão;;;;Meio de Quadra;;;0;1;0;0;0;0;0;0;0;0;0;0;;
278713;19;1;2016;00:40;0;RUA CON DE CASTRO;;;5445;;Choque c/ Obstáculo Fixo;;;;Meio de Quadra;;;0;1;0;1;0;0;0;0;0;0;0;0;-38,596551;-3,810494
278735;19;1;2016;01:48;0;AV BAR STUDART;;;2626;;Queda;;;;Meio de Quadra;;;0;1;1;0;0;0;0;0;0;1;0;0;-38,510393;-3,746478
278845;19;1;2016;16:08;12648;RUA RIO ARAGUAIA;RUA MARIA CLARA;;;;Atropelamento;Luz do Dia;;;Cruz;Pare;Residencial;0;1;1;1;0;0;0;0;0;0;0;0;-38,582119;-3,725741
278819;19;1;2016;10:24;0;RUA LICURGO MONTENEGRO;;;25;COLEGIO STA ISABEL;Queda;Luz do Dia;;;Meio de Quadra;;;0;1;0;0;0;0;0;0;0;1;0;0;;
278822;19;1;2016;12:27;0;RD BR 116;;;4000;KM-04;Colisão;Luz do Dia;;;Meio de Quadra;;;0;2;0;0;0;0;0;0;0;0;0;0;-38,510646;-3,788331
278823;19;1;2016;15:06;2797;RUA MARIA JULIA;RUA CEL JOAO CORREIA;;;;Colisão;Luz do Dia;;;;;Residencial;0;1;1;1;0;0;0;0;0;1;0;0;-38,600165;-3,793274
278824;19;1;2016;15:27;19611;AV GODOFREDO MACIEL;RUA NEREU RAMOS;;;;Colisão;Luz do Dia;;;T;Semáforo;Residencial;0;1;2;1;0;0;0;0;0;1;0;0;-38,566802;-3,78725
278787;19;1;2016;02:46;0;AV WASHINGTON SOARES;;;10507;;Colisão;;;;Meio de Quadra;;;0;2;1;1;0;0;0;0;0;1;0;0;;
278790;19;1;2016;05:22;0;RUA JOAO CORDEIRO;;;2551;;Queda;Amanhecer;;;Meio de Quadra;;;0;1;0;0;0;0;0;0;0;1;0;0;-38,51872;-3,742657
278780;19;1;2016;02:26;0;AV GOV RAUL BARBOSA;;;7152;;Colisão;;;;Meio de Quadra;;;0;1;1;1;0;0;0;0;0;1;0;0;-38,512998;-3,775271
276805;19;1;2016;08:10;0;RD CE-040;;;10215;TAPIOQUEIRAS;Colisão;Luz do Dia;Nublado;Molhada;Meio de Quadra;;;0;2;0;0;0;0;0;0;1;1;0;0;-38,479914;-3,839927
276812;19;1;2016;08:00;0;RD CE-040;;;;KM-07;Colisão;Luz do Dia;Bom;Seca;Meio de Quadra;;;0;0;3;1;0;0;0;0;0;0;0;0;-38,478733;-3,809597
276822;19;1;2016;15:00;0;RD CE-040;;;;KM-07;Colisão;Luz do Dia;Bom;Seca;Meio de Quadra;;;0;0;3;1;0;0;1;0;0;0;0;0;-38,478733;-3,809597
278847;19;1;2016;16:46;0;RUA LUIS GUEDES;;;;;Queda;Luz do Dia;;;Meio de Quadra;;;0;1;0;0;0;0;0;0;0;1;0;0;;
277018;19;1;2016;00:01;5965;AV F CJ CEARA;AV C CJ CEARA;;;;Colisão;;;;T;Pare;Misto;0;1;1;1;0;0;0;0;0;1;0;0;;
278426;19;1;2016;08:21;0;AV JOAO PESSOA;;;3713;;Colisão;Luz do Dia;;;Meio de Quadra;;;0;0;2;0;0;0;0;0;0;0;0;0;-38,544459;-3,746868
278432;19;1;2016;09:16;0;AV PRS COSTA E SILVA;;;2382;JOSE WALTER;Colisão;Luz do Dia;;;Meio de Quadra;;;0;0;2;0;0;0;0;0;0;0;0;0;-38,560535;-3,820054
278437;19;1;2016;10:49;15283;RUA PEREIRA FILGUEIRAS;RUA BAR ARACATI;;;;Colisão;Luz do Dia;;;Cruz;Pare;Comercial;0;0;2;0;0;0;0;0;0;0;0;0;-38,510707;-3,729076
278438;19;1;2016;11:29;0;RUA BAR SOBRAL;;;1333;;Colisão;Luz do Dia;;;Meio de Quadra;;;0;0;2;0;0;0;0;0;0;0;0;0;-38,56022;-3,76356
278440;19;1;2016;11:58;0;AV PRS COSTA E SILVA;;;825;;Colisão;Luz do Dia;;;Meio de Quadra;;;0;0;2;0;0;0;0;0;0;0;0;0;-38,572294;-3,812622
278441;19;1;2016;12:43;0;AV TRISTAO GONCALVES;;;338;;Colisão;Luz do Dia;;;Meio de Quadra;;;0;0;2;1;0;0;0;0;0;0;0;0;-38,532508;-3,724795
278472;19;1;2016;14:03;14412;RUA AMARO CAVALCANTI;RUA GERSON FARIAS;;;;Colisão;Luz do Dia;;;Cruz;Pare;Comercial;0;2;0;0;0;0;0;0;0;1;0;0;-38,552779;-3,724241
278470;19;1;2016;13:10;7758;RUA DOM EXPEDITO LOPES;RUA SILVA PAULET;;;;Colisão;Luz do Dia;;;Cruz;Pare;Residencial;0;0;2;1;0;0;0;0;0;0;0;0;-38,508134;-3,742826
278489;19;1;2016;15:43;24991;AV GAL OSORIO DE PAIVA;RUA ABEL RIBEIRO;;;;Colisão;Luz do Dia;;;Cruz;Pare;Comercial;0;0;2;0;0;0;0;0;0;0;0;0;-38,576252;-3,781799
278490;19;1;2016;15:43;19108;RUA PRO SILAS RIBEIRO;RUA DES WALDETARIO P MOTA;;;;Colisão;Luz do Dia;;;T;Não Há Controle;Residencial;0;0;2;0;0;0;0;0;0;0;0;0;-38,481383;-3,738034
278521;19;1;2016;22:02;0;AV FRE CIRILO;;;;;Colisão;;;;Meio de Quadra;;;0;0;2;0;0;0;0;0;0;0;0;0;;
278525;19;1;2016;23:30;5385;RUA GAL SAMPAIO;RUA GAL CLARINDO DE QUEIROZ;;;;Colisão;;;;Cruz;Semáforo;Comercial;0;0;2;0;0;0;0;0;0;0;0;0;-38,532308;-3,732028
278508;19;1;2016;19:35;17739;RUA 112 CJ TUPAN MIRIM;RUA 107 CJ TUPAN MIRIM;;;;Colisão;;;;;;;0;0;2;0;0;0;0;0;0;0;0;0;-38,546186;-3,801767
278495;19;1;2016;18:36;12834;RUA ANTONIO POMPEU;RUA BAR RIO BRANCO;;;;Colisão;;;;Cruz;Semáforo;Comercial;0;0;2;0;0;0;0;0;0;0;0;0;-38,530891;-3,734707
273965;19;1;2016;14:28;0;AV AMERICO BARREIRA;;;6046;;Colisão Traseira;Luz do Dia;;;Meio de Quadra;;;0;0;2;1;0;0;0;0;0;0;0;0;;
274018;19;1;2016;18:14;15280;RUA DR JOSE LOURENCO;RUA TEN BENEVOLO;;;;Colisão Transversal;Anoitecer;;;Cruz;Pare;Comercial;0;1;1;1;0;0;0;0;0;1;0;0;-38,50601;-3,729029
274022;19;1;2016;17:30;1316;AV SANTOS DUMONT;RUA TIBURCIO CAVALCANTE;;;;Colisão Lateral;Anoitecer;;;Cruz;Semáforo;Comercial;0;0;2;0;1;0;1;0;0;0;0;0;-38,502259;-3,734979
274025;19;1;2016;14:56;1516;AV PDE ANTONIO TOMAS;AV DES MOREIRA;;;;Choque c/ Obstáculo Fixo;Luz do Dia;;;Cruz;Semáforo;Comercial;0;1;0;1;0;0;0;0;0;0;0;0;-38,499616;-3,740161
274029;19;1;2016;07:05;19437;AV DR SILAS MUNGUBA;RUA CASIMIRO DE ABREU;;;;Colisão Lateral;Luz do Dia;;;T;Semáforo;Misto;0;0;2;1;1;0;0;0;0;0;0;0;-38,560637;-3,779395
274032;19;1;2016;10:21;5287;RUA COSTA BARROS;TR CASTRO ALVES;;;;Colisão Traseira;Luz do Dia;;;T;Cancela Danificada;Misto;0;0;2;1;0;0;1;0;0;0;0;0;-38,515944;-3,72888
274035;19;1;2016;18:20;0;AV AGUANAMBI;;;;ROTATÓRIA;Colisão Lateral;Luz do Dia;Chuva;Molhada;Meio de Quadra;Dê Preferência;Comercial;0;0;2;1;0;0;1;0;0;0;0;0;;
274037;19;1;2016;14:26;5121;RUA PDE MORORO;RUA GUILHERME ROCHA;;;;Colisão Lateral;Luz do Dia;;;Cruz;Semáforo;Comercial;0;0;2;0;1;0;0;0;0;0;0;0;-38,537045;-3,724033
274044;19;1;2016;08:00;6750;RUA VILEBALDO AGUIAR;RUA BATISTA DE OLIVEIRA;;;;Colisão Transversal;Luz do Dia;;;Cruz;Não Há Controle;Residencial;0;3;0;1;0;0;0;0;0;1;0;0;-38,480134;-3,743019
278536;20;1;2016;08:09;0;RUA ANTONIO FARIAS;;;62;;Colisão;Luz do Dia;;;Meio de Quadra;;;0;0;2;0;0;0;0;0;0;0;0;0;-38,527719;-3,800781
278559;20;1;2016;13:48;5053;RUA SEN ALENCAR;RUA AGAPITO DOS SANTOS;;;;Colisão;Luz do Dia;;;Cruz;Não Há Controle;Residencial;0;2;0;1;0;0;0;0;0;1;0;0;-38,537552;-3,721799
278563;20;1;2016;10:40;7733;RUA BAR SOBRAL;AV JOAO PESSOA;;;;Colisão;Luz do Dia;;;T;Semáforo;Comercial;0;1;1;0;0;0;0;0;0;1;0;0;;
278565;20;1;2016;10:43;0;AV AGUANAMBI;;;;;Colisão;Luz do Dia;;;Meio de Quadra;;;0;0;2;0;0;0;0;0;0;0;0;0;;
278554;20;1;2016;09:37;0;AV SGT HERMINIO SAMPAIO;;;1416;;Colisão;Luz do Dia;;;;;;0;0;2;0;0;0;0;0;0;0;0;0;-38,553212;-3,725042
278573;20;1;2016;10:48;3771;AV DOMINGOS OLIMPIO;AV DA UNIVERSIDADE;;;;Colisão;Luz do Dia;;;Cruz;Semáforo;Comercial;0;0;2;0;0;0;0;0;0;0;0;0;-38,534216;-3,735594
278595;20;1;2016;12:10;0;AV PONTES VIEIRA;;;;;Colisão;Luz do Dia;;;Meio de Quadra;;;0;0;2;0;0;0;0;0;0;0;0;0;;
278597;20;1;2016;12:11;0;RUA WALTER POMPEU;;;789;;Colisão;Luz do Dia;;;Meio de Quadra;;;0;0;2;0;0;0;0;0;0;0;0;0;-38,568801;-3,711725
278600;20;1;2016;12:20;12925;AV DOMINGOS OLIMPIO;AV AGUANAMBI;;;;Colisão;Luz do Dia;;;;;;0;0;2;0;0;0;0;0;0;0;0;0;-38,524628;-3,738683
278625;20;1;2016;15:07;15292;RUA FRE MANSUETO;AV ANTONIO JUSTA;;;;Colisão;Luz do Dia;;;Cruz;Pare;Residencial;0;0;2;0;0;0;0;0;0;0;0;0;-38,48895;-3,729381
278627;20;1;2016;15:25;9132;AV 13 DE MAIO;RUA JAIME BENEVOLO;;;;Colisão;Luz do Dia;;;Cruz;Semáforo;Comercial;0;0;2;0;0;0;0;0;0;0;0;0;-38,530741;-3,748122
278631;20;1;2016;16:30;0;AV DEP PAULINO ROCHA;;;;;Colisão;Luz do Dia;;;Meio de Quadra;;;0;1;1;0;0;0;0;0;0;0;0;0;;
278623;20;1;2016;15:05;7758;RUA SILVA PAULET;RUA DOM EXPEDITO LOPES;;;;Colisão;Luz do Dia;;;Cruz;Pare;Residencial;0;0;2;0;0;0;0;0;0;0;0;0;-38,508134;-3,742826
278611;20;1;2016;13:11;26210;AV MIGUEL DIAS;AV CHANC EDSON QUEIROZ;;;;Colisão;Luz do Dia;;;Cruz;Semáforo;Comercial;0;0;2;0;0;0;0;0;0;0;0;0;;
278612;20;1;2016;14:11;7773;RUA DOM EXPEDITO LOPES;RUA JOAQUIM NABUCO;;;;Colisão;Luz do Dia;;;Cruz;Pare;Residencial;0;0;2;0;0;0;0;0;0;0;0;0;-38,504144;-3,744118
278607;20;1;2016;13:09;0;AV GAL OSORIO DE PAIVA;;;125;;Colisão;Luz do Dia;;;Meio de Quadra;;;0;0;2;0;0;0;0;0;0;0;0;0;;
278658;20;1;2016;18:36;0;RUA RAIMUNDO NERY;;;1124;;Colisão;;;;Meio de Quadra;;;0;0;2;0;0;0;0;0;0;0;0;0;;
278659;20;1;2016;18:45;0;AV 13 DE MAIO;;;623;IGREJA NOSSA SENHORA DE FATIMA;Colisão;;;;Meio de Quadra;;;0;0;2;0;0;0;0;0;0;0;0;0;-38,526219;-3,751983
278660;20;1;2016;18:47;0;RUA IRINEU DE SOUZA;;;680;;Colisão;;;;Meio de Quadra;;;0;0;2;0;0;0;0;0;0;0;0;0;;
278661;20;1;2016;19:10;0;RUA ALBERTO MAGNO;;;1374;;Colisão;;;;Meio de Quadra;;;0;1;1;1;0;0;0;0;0;1;0;0;;
278664;20;1;2016;19:41;0;RUA VITAL BRASIL;;;1758;;Colisão;;;;Meio de Quadra;;;0;0;2;0;0;0;0;0;0;0;0;0;-38,596555;-3,778417
278665;20;1;2016;19:42;0;RUA PDE MORORO;;;2066;;Colisão;;;;Meio de Quadra;;;0;2;1;1;0;0;0;0;0;1;0;0;-38,540212;-3,734646
278688;20;1;2016;23:04;16057;AV GODOFREDO MACIEL;AV WENEFRIDO MELO;;;;Colisão;;;;;;;0;0;2;0;0;0;0;0;0;0;0;0;-38,574739;-3,811743
278676;20;1;2016;21:54;0;RUA OSCAR ARARIPE;;;174;;Atropelamento;;;;Meio de Quadra;;;0;1;1;0;0;0;0;0;0;0;0;0;-38,592932;-3,793238
278682;20;1;2016;22:54;20042;AV DEP PAULINO ROCHA;AV ALBERTO CRAVEIRO;;;;Colisão;;;;;;;0;0;2;1;0;0;1;0;0;0;0;0;-38,524782;-3,807229
274342;20;1;2016;08:07;0;AV 13 DE MAIO;;;865;;Colisão Traseira;Luz do Dia;;;Meio de Quadra;;;0;0;2;1;0;0;0;0;0;0;0;0;-38,527394;-3,750981
274335;20;1;2016;08:07;0;AV 13 DE MAIO;;;853;;Colisão Traseira;Luz do Dia;;;Meio de Quadra;;;0;1;2;1;0;0;0;0;0;0;0;0;-38,527312;-3,751051
274354;20;1;2016;15:03;0;AV CARNEIRO DE MENDONCA;;;426;;Colisão Lateral;Luz do Dia;;;Meio de Quadra;;;0;0;2;1;0;0;1;0;0;0;0;0;-38,563083;-3,765859
274357;20;1;2016;20:11;0;RUA DES LEITE ALBUQUERQUE;;;833;;Colisão Lateral;Anoitecer;;;Meio de Quadra;;;0;0;2;1;0;0;0;0;0;0;0;0;-38,497609;-3,737566
274360;20;1;2016;19:40;0;RUA STA ROSA D65 (COAÇU);;;103;;Colisão Frontal;;;;Meio de Quadra;;;0;1;1;0;1;0;0;0;1;0;0;0;;
274365;20;1;2016;08:48;0;AV JOAO PESSOA;;;5700;;Colisão Traseira;Luz do Dia;;;Meio de Quadra;;;0;0;2;0;0;0;0;0;0;1;0;0;-38,556474;-3,760267
274330;20;1;2016;22:01;0;AV DOM LUIS;;;;;Colisão Transversal;;;;Meio de Quadra;;;0;0;2;1;0;0;0;0;0;0;0;0;;
274300;20;1;2016;17:22;3347;AV ENG HUMBERTO MONTE;RUA GOIAS;;;;Colisão Transversal;Anoitecer;;;T;Pare;Comercial;0;1;1;0;0;0;0;0;0;1;0;0;-38,559425;-3,750494
274301;20;1;2016;13:45;0;AV DOMINGOS OLIMPIO;;;;;Colisão Frontal;Luz do Dia;;;Meio de Quadra;;;0;0;2;1;1;0;0;0;0;0;0;0;;
274291;20;1;2016;07:27;3900;RUA JORGE DUMAR;RUA MAL DEODORO;;;;Colisão Lateral;Luz do Dia;;;;;;0;0;2;1;1;0;0;0;0;0;0;0;-38,538626;-3,747628
274295;20;1;2016;18:25;0;AV DR SILAS MUNGUBA;;;2686;;Colisão Traseira;Anoitecer;;;Meio de Quadra;;;0;0;2;1;0;0;0;0;0;1;0;0;-38,549737;-3,786619
274297;20;1;2016;21:15;0;AV DOM LUIS;;;;;Colisão Transversal;;;;Meio de Quadra;;;0;0;2;1;1;0;0;0;0;0;0;0;;
274260;20;1;2016;21:17;0;AV PRS COSTA E SILVA;;;2637;;Colisão Traseira;;;;Meio de Quadra;;;0;0;2;1;0;0;0;0;0;0;0;0;;
274272;20;1;2016;14:20;26250;RUA MARVIN;RUA VER PEDRO PAULO MOREIRA;;;;Colisão Transversal;Luz do Dia;;;;;;0;2;2;1;0;0;0;0;0;1;0;0;-38,484055;-3,787224
274277;20;1;2016;07:16;0;AV DIOGUINHO;;;6290;;Colisão Lateral;Luz do Dia;;;;;;0;2;1;1;0;0;0;0;0;1;0;0;;
274281;20;1;2016;15:15;0;AV HERACLITO GRACA;RUA BAR ARACATI;;;;Colisão Traseira;Luz do Dia;;;;;;0;0;2;1;0;0;0;0;0;0;0;0;-38,513289;-3,737147
274287;20;1;2016;09:50;0;AV AGUANAMBI;;;;;Colisão Lateral;Luz do Dia;;;;;;0;0;2;1;0;0;1;0;0;0;0;0;;
274288;20;1;2016;16:24;12925;AV AGUANAMBI;AV DOMINGOS OLIMPIO;;;;Colisão Traseira;Luz do Dia;;;;;;0;1;1;1;0;0;0;0;0;0;0;0;-38,524628;-3,738683
275777;20;1;2016;23:34;8930;AV DOMINGOS OLIMPIO;RUA JUSTINIANO DE SERPA;;;;Colisão Transversal;Via Iluminada;Chuva;Molhada;Cruz;Semáforo;Residencial;0;0;2;1;0;0;0;0;0;0;0;0;-38,542468;-3,733011
275778;20;1;2016;21:26;0;AV OLIVEIRA PAIVA;;;435;;Colisão Lateral;Anoitecer;Chuva;Molhada;Meio de Quadra;Pare;Residencial;0;1;1;1;0;0;0;0;0;1;0;0;-38,501323;-3,797789
275705;20;1;2016;20:00;0;RD BR 116;;;3000;KM-03;Colisão Traseira;;;;Meio de Quadra;;;0;1;5;1;1;0;0;0;0;0;0;0;-38,514372;-3,779838
277102;20;1;2016;17:09;13021;AV I CJ JOSE WALTER;AV A CJ JOSE WALTER;;;;Colisão;Anoitecer;;;Cruz;Pare;Residencial;0;0;2;1;0;0;0;0;0;0;0;0;-38,550935;-3,825834
277100;20;1;2016;09:55;0;AV FRE CIRILO;;;;;Colisão;Luz do Dia;;;Meio de Quadra;;;0;0;2;1;0;0;0;0;0;0;0;0;;
274933;20;1;2016;07:30;10595;RUA ATILANO MOURA;AV CEL GUSTAVO A LIMA;;;;Colisão Transversal;Luz do Dia;Bom;Seca;Com Via Férrea;Pare;Residencial;0;0;2;1;0;0;0;0;0;1;0;0;-38,489587;-3,762166
278870;20;1;2016;05:52;0;AV PRS COSTA E SILVA;;;;;Colisão;Amanhecer;;;Meio de Quadra;;;0;1;1;1;0;0;0;0;0;1;0;0;;
278867;20;1;2016;05:25;0;AV PRS COSTA E SILVA;;;5297;;Colisão;Amanhecer;;;Meio de Quadra;;;0;1;1;1;0;0;0;0;0;1;0;0;-38,533096;-3,828174
278868;20;1;2016;05:36;0;AV AUGUSTO DOS ANJOS;;;1410;;Colisão;Amanhecer;;;Meio de Quadra;;;0;1;1;1;0;0;0;0;0;1;0;0;-38,578128;-3,779001
278894;20;1;2016;09:19;0;RUA ROSINHA SAMPAIO;;;2310;;Colisão;Luz do Dia;;;Meio de Quadra;;;0;1;1;1;0;0;0;0;0;1;0;0;-38,599108;-3,723718
278908;20;1;2016;12:12;1312;RUA LEONARDO MOTA;AV DOM LUIS;;;;Atropelamento;Luz do Dia;;;Cruz;;Comercial;0;1;0;0;0;0;0;0;0;0;0;0;-38,495445;-3,733872
278909;20;1;2016;12:41;0;AV DR SILAS MUNGUBA;;;2670;;Colisão;Luz do Dia;;;Meio de Quadra;;;0;0;1;0;0;0;0;0;0;0;0;0;;
278912;20;1;2016;12:57;0;AV GAL OSORIO DE PAIVA;;;;;Colisão;Luz do Dia;;;Meio de Quadra;;;0;1;1;1;0;1;0;0;0;0;0;0;;
278902;20;1;2016;09:49;0;TR MURITIBA;;;;;Queda;Luz do Dia;;;Meio de Quadra;;;0;1;0;0;0;1;0;0;0;0;0;0;;
278892;20;1;2016;08:18;0;TR JARDIM SILVEIRA;;;602;;Colisão;Luz do Dia;;;Meio de Quadra;;;0;1;1;1;0;0;0;0;0;1;0;0;;
278906;20;1;2016;12:02;0;RUA ALAN KARDEC;;;1175;;Colisão;Luz do Dia;;;Meio de Quadra;;;0;1;0;0;0;0;0;0;0;0;0;0;-38,547516;-3,76677
278931;20;1;2016;13:13;0;AV LUCIANO CARNEIRO;;;2090;;Queda;Luz do Dia;;;Meio de Quadra;;;0;1;0;0;0;0;0;0;0;1;0;0;-38,537152;-3,766443
278936;20;1;2016;14:52;0;AV CASTELO DE CASTRO;;;1249;;Colisão;Luz do Dia;;;Meio de Quadra;;;0;2;0;0;0;0;0;0;0;0;0;0;;
278937;20;1;2016;15:44;0;AV JOVITA FEITOSA;;;999;;Atropelamento;Luz do Dia;;;Meio de Quadra;;;0;1;1;0;0;0;0;0;0;1;0;0;-38,551997;-3,73896
278934;20;1;2016;13:39;0;RUA STA ROSA D20/21 (JACARECANGA);;;72;;Colisão;Luz do Dia;;;Meio de Quadra;;;0;1;0;0;0;0;0;0;0;0;0;0;-38,552817;-3,709622
278865;20;1;2016;05:23;0;AV PERIMETRAL;;;5514;;Colisão;Amanhecer;;;Meio de Quadra;;;0;1;1;1;0;0;0;0;0;1;0;0;;
278857;20;1;2016;01:50;1716;AV GOV RAUL BARBOSA;AV GAL MURILO BORGES;;;;Queda;;;;;;;0;1;0;0;0;0;0;0;0;1;0;0;-38,508802;-3,763977
275646;20;1;2016;09:00;0;RD BR 116;;;16000;KM-16;Colisão Lateral;Luz do Dia;;;Meio de Quadra;;;0;0;2;1;0;0;1;0;0;0;0;0;;
274205;20;1;2016;21:21;246;AV JOVITA FEITOSA;RUA DOM LINO;;;;Colisão Traseira;;;;Cruz;Semáforo;Residencial;0;0;2;1;0;0;0;0;0;0;0;0;-38,556413;-3,73985
274238;20;1;2016;22:45;0;AV PRS COSTA E SILVA;AV I CJ JOSE WALTER;;131;;Colisão Traseira;;;;Meio de Quadra;;;0;2;1;0;0;0;1;0;0;1;0;0;;
274131;20;1;2016;21:39;0;RUA CARLOS VASCONCELOS;;;1774;;Colisão Lateral;;;;Meio de Quadra;;;0;0;2;1;0;0;0;0;0;0;0;0;-38,512176;-3,73726
274140;20;1;2016;06:52;1716;AV GAL MURILO BORGES;RUA CAP ARAGAO;;;;Colisão Transversal;Luz do Dia;;;;;;0;2;1;0;0;0;1;0;1;0;0;0;-38,508802;-3,763977
274158;20;1;2016;13:04;26077;AV JOSE JATAHY;AV DUQ CAXIAS;;;;Colisão Lateral;Luz do Dia;;;T;Pare;Comercial;0;0;2;1;0;0;0;0;0;0;0;0;;
274178;20;1;2016;16:11;5146;RUA PRC ISABEL;RUA GUILHERME ROCHA;;;;Colisão Transversal;Luz do Dia;;;Cruz;Pare;Comercial;0;1;1;1;0;0;0;0;1;0;0;0;-38,534931;-3,72472
274180;20;1;2016;08:14;15187;RUA ANTONIO LIMA;RUA TOMAS POMPEU;;;;Colisão Traseira;Luz do Dia;;;T;Pare;Residencial;0;0;2;1;0;1;0;0;0;0;0;0;;
274181;20;1;2016;09:08;7840;AV BAR STUDART;AV SORIANO ALBUQUERQUE;;;;Colisão Traseira;Luz do Dia;;;Cruz;Semáforo;Misto;0;1;1;1;0;0;0;0;0;0;0;0;-38,511573;-3,750183
274188;20;1;2016;17:40;0;AV JOAO PESSOA;;;6745;;Engavetamento;Anoitecer;;;Meio de Quadra;;;0;0;3;1;0;0;0;0;0;1;0;0;-38,561031;-3,770199
274173;20;1;2016;14:45;14455;RUA PDE FROTA;RUA DEMOCRITO ROCHA;;;;Colisão Transversal;Luz do Dia;;;Cruz;Pare;Residencial;0;1;1;0;0;0;0;0;0;1;0;0;-38,548242;-3,726455
274133;21;1;2016;07:50;0;AV PRS COSTA E SILVA;;;2503;;Colisão Transversal;Luz do Dia;Chuva;Molhada;Meio de Quadra;Não Há Controle;Comercial;0;1;1;0;0;0;1;0;0;1;0;0;-38,559687;-3,820467
274134;21;1;2016;09:55;3854;RUA DOM JERONIMO D06;RUA LUIS DE MIRANDA;;;;Colisão Lateral;Luz do Dia;Chuva;Molhada;T;Pare;Comercial;0;0;2;1;0;0;1;0;0;0;0;0;;
275533;21;1;2016;13:25;4016;RUA JULIO CESAR D12;RUA PRO COSTA MENDES;;;;Colisão Lateral;Luz do Dia;Chuva;Molhada;Cruz;Pare;Residencial;0;0;2;1;0;0;0;0;0;0;0;0;-38,546911;-3,754698
275541;21;1;2016;09:35;3772;AV DOMINGOS OLIMPIO;RUA VINTE E QUATRO DE MAIO;;;;Colisão Lateral;Luz do Dia;Chuva;Molhada;T;Não Há Controle;Comercial;0;0;2;1;0;0;0;0;0;0;0;0;-38,535219;-3,735278
275544;21;1;2016;20:38;0;RUA CEL DIONISIO ALENCAR;;;2393;;Colisão Transversal;Mal Iluminada;Bom;Seca;Meio de Quadra;Não Há Controle;Residencial;0;0;3;1;0;0;0;0;0;1;0;0;;