COD_ACIDENTE;DIA;MES;ANO;HORA;INTERSECAO;LOG1;LOG2;LOG3;NUMERO;REFERENCIA;NATUREZA;ILUMINACAO;TEMPO;SUPERFICIEPISTA;TIPOCRUZAMENTO;CONTROLETRAFEGO;USOSOLO;MORTOS;FERIDOS;ILESOS;AUTOMOVEL;ONIBUS;BICICLETA;CAMINHAO;MICROONIBUS;CICLOMOTOR;MOTOCICLETA;TRACAOANIMAL;TREM;LONG;LAT
275529;21;1;2016;15:53;0;AV FRANCISCO SA;;;7200;;Colisão Lateral;Luz do Dia;Nublado;Inundada;Meio de Quadra;Outros;Outros;0;1;2;1;0;0;0;0;0;1;0;0;-38,584;-3,707598
275521;21;1;2016;10:32;16452;AV BENJAMIM BRASIL;RUA 26 BATALHAO;;;;Colisão Transversal;Luz do Dia;Chuva;Inundada;Cruz;Pare;Residencial;0;0;2;1;1;0;0;0;0;0;0;0;-38,567669;-3,804601
275463;21;1;2016;16:47;0;RUA UMARIZEIRA;;;753;;Colisão Traseira;Luz do Dia;Nublado;Molhada;Meio de Quadra;Pare;Escola;0;0;2;1;0;0;0;0;0;0;0;0;;
275590;21;1;2016;18:44;1716;AV GAL MURILO BORGES;AV GOV RAUL BARBOSA;;;;Colisão Traseira;Via Iluminada;Nublado;Outros;Cruz;Semáforo;Comercial;0;0;2;1;0;0;0;0;0;0;0;0;-38,508802;-3,763977
278852;21;1;2016;18:24;0;RUA TEODOMIRO DE CASTRO;;;4585;;Colisão;Anoitecer;;;Meio de Quadra;;;0;0;2;0;0;0;0;0;0;0;0;0;-38,573432;-3,718175
278836;21;1;2016;15:50;25331;AV BENJAMIM BRASIL;ET PAVUNA;;;;Colisão;Luz do Dia;;;Duplo T;Não Há Controle;Residencial;0;0;2;0;0;0;0;0;0;0;0;0;-38,556174;-3,809073
278830;21;1;2016;14:17;0;AV ENG ALBERTO SA;;;1140;;Colisão;Luz do Dia;;;Meio de Quadra;;;0;1;1;1;0;0;0;0;0;1;0;0;-38,472901;-3,73539
278832;21;1;2016;14:39;13233;AV L CJ JOSE WALTER;AV F CJ JOSE WALTER;;;;Colisão;Luz do Dia;;;Cruz;Pare;Residencial;0;0;2;0;0;0;0;0;0;0;0;0;-38,558805;-3,835328
278733;21;1;2016;12:41;0;RUA OSCAR FRANCA;;;3119;;Colisão;Luz do Dia;;;Meio de Quadra;;;0;1;1;1;1;0;0;0;0;0;0;0;-38,61878;-3,785808
278725;21;1;2016;10:33;0;RUA PEDRO I;;;1247;;Colisão;Luz do Dia;;;Meio de Quadra;;;0;0;2;0;0;0;0;0;0;0;0;0;-38,535534;-3,729006
278720;21;1;2016;10:26;0;AV ENG SANTANA JUNIOR;;;;TERMINAL DO PAPICU;Colisão;Luz do Dia;;;Meio de Quadra;;;0;0;2;0;0;0;0;0;0;0;0;0;;
278716;21;1;2016;10:11;8933;RUA RUBIA SAMPAIO;AV DOMINGOS OLIMPIO;;;;Colisão;Luz do Dia;;;Cruz;Pare;Residencial;0;0;2;0;0;0;0;0;0;0;0;0;-38,541015;-3,733409
278709;21;1;2016;09:36;0;AV ALM HENRIQUE SABOIA;;;;;Colisão;Luz do Dia;;;Meio de Quadra;;;0;0;2;0;0;0;0;0;0;0;0;0;;
278704;21;1;2016;09:20;19696;RUA GUSTAVO SAMPAIO;RUA DOM JOSE LOURENCO  D27;;;;Colisão;Luz do Dia;;;Cruz;Pare;Comercial;0;0;2;0;0;0;0;0;0;0;0;0;-38,559501;-3,73588
278740;21;1;2016;12:43;0;AV GAL OSORIO DE PAIVA;;;6297;;Colisão;Luz do Dia;;;Meio de Quadra;;;0;0;2;0;0;0;0;0;0;0;0;0;-38,607921;-3,810793
278741;21;1;2016;17:29;9675;RUA OSCAR ARARIPE;RUA GUARAREMA;;;;Colisão;Anoitecer;;;Cruz;Pare;Misto;0;2;0;1;0;1;0;0;0;0;0;0;-38,618664;-3,785079
278753;21;1;2016;13:32;13594;RUA CAP GUSTAVO;AV PONTES VIEIRA;;;;Colisão;Luz do Dia;;;Cruz;Semáforo;Comercial;0;0;2;0;0;0;0;0;0;0;0;0;-38,517125;-3,753153
278757;21;1;2016;14:01;0;AV GAL OSORIO DE PAIVA;;;;;Colisão;Luz do Dia;;;Meio de Quadra;;;0;0;2;1;0;0;0;0;0;0;0;0;;
278758;21;1;2016;14:04;0;RUA DR PEDRO BORGES;;;;;Colisão;Luz do Dia;;;Meio de Quadra;;;0;0;2;0;0;0;1;0;0;0;0;0;;
276832;21;1;2016;00:55;0;RD CE-040;;;;KM-02;Colisão;Via Iluminada;Nublado;Molhada;Meio de Quadra;;;0;0;2;1;0;0;0;0;0;0;0;0;-38,482583;-3,76465
276840;21;1;2016;12:00;0;RD CE-040;;;;KM-03;Colisão;Luz do Dia;Nublado;Molhada;Meio de Quadra;;;0;0;2;1;0;0;0;0;0;0;0;0;-38,481799;-3,773616
276846;21;1;2016;17:10;0;RD CE-040;;;;KM-07;Colisão;Anoitecer;Bom;Seca;Meio de Quadra;;;0;0;2;1;0;0;0;0;0;0;0;0;-38,478733;-3,809597
276847;21;1;2016;22:00;0;AV WASHINGTON SOARES;;;6257;;Queda;Via Iluminada;Bom;Seca;Meio de Quadra;;;0;2;0;0;0;0;0;0;0;1;0;0;-38,480349;-3,813728
278944;21;1;2016;00:53;0;RUA OSCAR ARARIPE;;;2232;;Queda;;;;Meio de Quadra;;;0;1;0;0;0;0;0;0;0;1;0;0;-38,611291;-3,787335
278946;21;1;2016;01:24;0;AV BORGES DE MELO;;;;;Colisão;;;;Meio de Quadra;;;0;1;1;1;0;0;0;0;0;1;0;0;;
278949;21;1;2016;02:06;21529;RUA EDUARDO ARAUJO;RUA ANTONIO MONTEIRO;;;;Colisão;;;;;;;0;1;1;0;0;0;0;0;0;1;0;0;-38,596146;-3,818684
278950;21;1;2016;02:23;0;AV PERIMETRAL;;;;;Colisão;;;;Meio de Quadra;;;0;1;0;0;0;0;0;0;0;0;0;0;;
278951;21;1;2016;03:25;0;RD BR 116;;;10000;KM-10;Queda;;;;Meio de Quadra;;;0;1;0;0;0;0;0;0;0;1;0;0;-38,503373;-3,834435
278874;21;1;2016;21:06;0;RUA PRO FRANCISCO GONCALVES;;;1300;;Colisão;;;;Meio de Quadra;;;0;0;2;0;0;0;0;0;0;0;0;0;-38,492362;-3,749689
278876;21;1;2016;22:32;0;AV GAL OSORIO DE PAIVA;;;2955;;Colisão;;;;Meio de Quadra;;;0;0;2;0;0;0;0;0;0;0;0;0;-38,587085;-3,789314
279004;21;1;2016;13:07;0;AV ALBERTO CRAVEIRO;;;;;Colisão;Luz do Dia;;;Meio de Quadra;;;0;1;0;0;0;0;0;0;0;0;0;0;;
278995;21;1;2016;10:30;0;RUA JULIO IBIAPINA;;;265;;Colisão;Luz do Dia;;;Meio de Quadra;;;0;1;1;1;0;0;0;0;0;1;0;0;;
278990;21;1;2016;07:17;0;AV DIOGUINHO;;;3700;;Colisão;Luz do Dia;;;Meio de Quadra;;;0;1;1;1;0;0;0;0;0;1;0;0;;
278991;21;1;2016;08:19;0;AV ALM HENRIQUE SABOIA;;;;;Queda;Luz do Dia;;;Meio de Quadra;;;0;1;0;0;0;0;0;0;0;1;0;0;;
278992;21;1;2016;09:38;0;RUA PDE PEDRO DE ALENCAR;;;2363;;Queda;Luz do Dia;;;Meio de Quadra;;;0;1;0;0;0;0;0;0;0;1;0;0;;
278972;21;1;2016;04:09;0;RD BR 116;;;;;Colisão;;;;Meio de Quadra;;;0;3;0;0;0;0;0;0;0;0;0;0;;
278975;21;1;2016;06:21;0;AV ABOLICAO;;;;;Colisão;Luz do Dia;;;Meio de Quadra;;;0;2;0;0;0;0;0;0;0;0;0;0;;
279021;21;1;2016;21:27;9664;RUA OSCAR FRANCA;RUA SGT BARBOSA;;;;Atropelamento;;;;Cruz;Não Há Controle;Misto;0;1;1;0;0;0;0;0;0;1;0;0;-38,620326;-3,785378
279022;21;1;2016;21:39;0;AV WASHINGTON SOARES;;;;;Queda;;;;Meio de Quadra;;;0;1;0;0;0;0;0;0;0;1;0;0;;
279026;21;1;2016;21:43;25253;AV WASHINGTON SOARES;RUA VALMIR PONTES;;;;Colisão;;;;Cruz;Semáforo;Comercial;0;1;1;1;0;1;0;0;0;0;0;0;-38,482016;-3,771482
279028;21;1;2016;23:20;0;AV AGUANAMBI;;;1803;;Colisão;;;;Meio de Quadra;;;0;1;1;1;0;0;0;0;0;1;0;0;-38,523413;-3,752972
279014;21;1;2016;13:42;0;RUA LEANDRO HENRIQUE;;;1160;;Colisão;Luz do Dia;;;Meio de Quadra;;;0;1;1;1;0;0;0;0;0;1;0;0;;
279016;21;1;2016;18:57;0;ET DO ANCURI;;;2397;;Colisão;;;;Meio de Quadra;;;0;1;1;1;0;0;0;0;0;1;0;0;-38,523248;-3,868361
277104;21;1;2016;00:00;0;RUA JOSE AGOSTINHO;;;;;Colisão;;;;Meio de Quadra;;;0;0;2;1;0;0;1;0;0;0;0;0;;
275724;21;1;2016;14:40;0;RUA EDUARDO SABOIA;;;295;;Colisão Traseira;Luz do Dia;Chuva;Molhada;;;;0;3;2;0;1;0;0;0;0;0;0;0;;
275779;21;1;2016;14:16;0;AV DR SILAS MUNGUBA;;;;;Colisão Traseira;Luz do Dia;Chuva;Molhada;Meio de Quadra;;Comercial;0;0;2;1;0;0;0;0;0;0;0;0;;
275782;21;1;2016;20:12;0;AV DEP PAULINO ROCHA;;;1981;;Colisão Traseira;Anoitecer;Nublado;Seca;Meio de Quadra;Outros;Residencial;0;0;2;0;0;0;0;0;0;0;0;0;;
275783;21;1;2016;16:52;13470;RUA PDE ANTONIINO D13;RUA PINHO PESSOA;;;;Colisão Lateral;Luz do Dia;Bom;Seca;Cruz;Pare;Comercial;0;0;2;1;0;0;0;0;0;0;0;0;-38,520432;-3,744361
275784;21;1;2016;00:00;0;RUA VITAL BRASIL;RUA BRAGANCA;;;;Colisão Transversal;Via Iluminada;Bom;Seca;;;;0;1;1;1;0;0;0;0;0;1;0;0;-38,595995;-3,77858
275785;21;1;2016;08:21;11981;AV CASTELO DE CASTRO;AV CONTORNO NORTE (SAO CRSITOVAO);;;;Colisão Transversal;Luz do Dia;Chuva;Molhada;Cruz;Não Há Controle;Comercial;0;1;1;1;0;0;0;0;0;1;0;0;-38,521519;-3,831735
275786;21;1;2016;17:43;7869;RUA FRANCISCO HOLANDA;RUA BARBOSA DE FREITAS;;;;Colisão Transversal;Anoitecer;Bom;Seca;Cruz;Pare;Residencial;0;0;2;0;0;0;0;0;0;0;0;0;-38,501555;-3,749671
275804;21;1;2016;19:01;0;RUA DES MANUEL DE SALES ANDRADE;;;100;;Colisão Traseira;Via Iluminada;Nublado;;Meio de Quadra;;Residencial;0;0;2;1;0;0;0;0;0;0;0;0;-38,482807;-3,766619
275799;21;1;2016;20:16;577;AV DR THEBERGE;AV FRANCISCO SA;;;;Colisão Lateral;Via Iluminada;Chuva;Molhada;Cruz;Semáforo;Comercial;0;0;2;1;1;0;0;0;0;0;0;0;-38,565016;-3,714822
275796;21;1;2016;20:35;17609;AV JOSE BASTOS;RUA AMAZONAS;;;;Colisão Lateral;Via Iluminada;Nublado;Molhada;Cruz;Semáforo;Comercial;0;2;0;0;0;0;0;0;0;1;0;0;-38,559071;-3,757183
275788;21;1;2016;13:18;0;AV ABOLICAO;;;2900;;Engavetamento;Luz do Dia;Chuva;Molhada;Meio de Quadra;Semáforo;Comercial;0;1;1;0;1;0;0;0;0;0;0;0;-38,493317;-3,726989
275793;21;1;2016;23:08;0;AV JOSE BASTOS;;;3509;;Colisão Traseira;Via Iluminada;Bom;Seca;Meio de Quadra;Não Há Controle;Comercial;0;0;2;1;0;0;0;0;0;0;0;0;;
275857;21;1;2016;09:40;0;RD BR 222;;;;KM-02;Colisão Lateral;Luz do Dia;Bom;Seca;Meio de Quadra;;;0;0;2;0;1;0;0;0;0;0;0;0;-38,58704;-3,739009
278695;21;1;2016;08:39;15180;RUA JOSE AGOSTINHO;RUA ANTONIO AUGUSTO;;;;Colisão;Luz do Dia;;;;;;0;0;2;0;0;0;0;0;0;0;0;0;-38,512044;-3,725866
284017;21;1;2016;01:31;0;AV PRS CASTELO BRANCO;;;282;;Colisão;;;;Meio de Quadra;;;0;1;1;0;0;0;0;0;0;1;0;0;;
275763;22;1;2016;18:55;0;RD BR 020;;;500;KM 426;Colisão Traseira;;Bom;Seca;Meio de Quadra;;;0;1;1;1;0;0;0;0;0;1;0;0;;
275733;22;1;2016;17:40;0;RD BR 116;;;500;KM-05;Colisão Traseira;Anoitecer;Nublado;Seca;Meio de Quadra;;;0;1;1;1;0;0;0;0;0;1;0;0;-38,50617967;-3,797701134
275707;22;1;2016;17:10;0;RD BR 116;;;200;KM-01;Colisão Traseira;Anoitecer;Bom;Seca;Meio de Quadra;;;0;1;1;1;0;0;0;0;0;0;0;0;-38,51861693;-3,7628504
274289;22;1;2016;11:42;3820;AV 13 DE MAIO;AV CARAPINIMA;;;;Colisão Traseira;Luz do Dia;Bom;Seca;Cruz;Semáforo;Comercial;0;0;2;1;0;0;0;0;0;0;0;0;-38,540239;-3,740001
274282;22;1;2016;11:40;0;AV JOSE BASTOS;;;3770;;Colisão Traseira;Luz do Dia;Bom;Seca;Meio de Quadra;Outros;Comercial;0;0;2;1;0;0;0;0;0;0;0;0;-38,551867;-3,751411
274283;22;1;2016;14:24;0;AV DR THEBERGE;;;1799;;Colisão Traseira;Luz do Dia;Bom;Seca;Meio de Quadra;Não Há Controle;Residencial;0;0;2;0;0;0;0;0;0;0;0;0;-38,565777;-3,717132
274278;22;1;2016;08:57;9028;RUA DEP JOAO PONTES;RUA SOLON PINHEIRO;;;;Colisão Lateral;Luz do Dia;Bom;Seca;Cruz;Pare;Residencial;0;0;2;1;0;0;0;0;0;0;0;0;-38,531463;-3,745689
274274;22;1;2016;07:40;0;AV BORGES DE MELO;RUA DEP OSWALDO STUDART;;;;Colisão Lateral;Luz do Dia;Bom;Seca;;;;0;1;1;1;0;0;0;0;0;1;0;0;-38,532143;-3,758147
274268;22;1;2016;07:35;5182;RUA PEREIRA FILGUEIRAS;RUA VINTE E CINCO DE MARCO;;;;Outros;Luz do Dia;Bom;Seca;Cruz;Pare;Comercial;0;0;2;1;0;0;0;0;0;0;0;0;-38,521316;-3,725608
274261;22;1;2016;15:35;15291;AV ANTONIO JUSTA;RUA FREDERICO BORGES;;;;Colisão Lateral;Luz do Dia;Bom;Seca;T;Pare;Comercial;0;1;1;1;0;0;0;0;0;1;0;0;-38,489427;-3,729283
274257;22;1;2016;09:42;1399;RUA FRE MANSUETO;RUA MARCOS MACEDO;;;;Colisão Transversal;Luz do Dia;Bom;Seca;Cruz;Pare;Comercial;0;0;2;1;0;0;0;0;0;0;0;0;-38,488546;-3,737071
274259;22;1;2016;06:52;25697;RUA ROCHA LIMA;RUA JOAO CORDEIRO;;;;Colisão Transversal;Luz do Dia;Bom;Seca;Cruz;Pare;Residencial;0;1;1;1;0;0;0;0;0;1;0;0;-38,517275;-3,738
274292;22;1;2016;12:07;1716;AV GOV RAUL BARBOSA;AV GAL MURILO BORGES;;;;Colisão Lateral;Luz do Dia;Nublado;Seca;Cruz;Semáforo;Comercial;0;1;1;1;0;0;0;0;0;1;0;0;-38,508802;-3,763977
274286;22;1;2016;13:17;22082;RUA ALEXANDRE BARAUNA;RUA CAP FRANCISCO PEDRO;;;;Colisão Lateral;Luz do Dia;Bom;Seca;;Não Há Controle;Comercial;0;0;2;1;0;0;0;0;0;1;0;0;-38,550539;-3,74902
277032;22;1;2016;15:17;19732;RUA GUSTAVO SAMPAIO;RUA TIP SALES;;;;Colisão;Luz do Dia;;;Cruz;Pare;Residencial;0;1;1;1;0;0;0;0;0;1;0;0;-38,564917;-3,737013
277034;22;1;2016;18:46;17427;RUA AQUILES BORIS;RUA PERU;;;;Colisão;Anoitecer;;;Cruz;Semáforo;;0;1;1;1;0;0;0;0;0;1;0;0;-38,549523;-3,768524
279017;22;1;2016;18:41;577;AV FRANCISCO SA;AV DR THEBERGE;;;;Colisão;;;;Cruz;Semáforo;Comercial;0;0;2;0;0;0;0;0;0;0;0;0;-38,565016;-3,714822
279018;22;1;2016;18:44;0;RUA ENF JOAQUIM PINTO;;;149;;Colisão;;;;Meio de Quadra;;;0;0;2;0;0;0;0;0;0;0;0;0;;
279009;22;1;2016;17:55;22147;RUA PAPI JUNIOR;RUA GUSTAVO BRAGA;;;;Colisão;Anoitecer;;;Cruz;Pare;Residencial;0;0;2;0;0;0;0;0;0;0;0;0;-38,554656;-3,749148
279030;22;1;2016;19:22;6756;AV ANTONIO SALES;AV ENG SANTANA JUNIOR;;;;Colisão;;;;Outros;Não Há Controle;Comercial;0;0;2;0;0;0;0;0;0;0;0;0;-38,490039;-3,749257
279020;22;1;2016;18:45;5079;RUA AGAPITO DOS SANTOS;RUA SAO PAULO;;;;Atropelamento;;;;Cruz;Não Há Controle;Residencial;0;1;1;1;0;0;0;0;0;0;0;0;-38,537811;-3,72265
279051;22;1;2016;23:02;15317;RUA NUNES VALENTE;RUA TEN BENEVOLO;;;;Colisão;;;;Cruz;Pare;Comercial;0;0;2;0;0;0;0;0;0;0;0;0;-38,501859;-3,730365
279040;22;1;2016;19:32;0;AV EDILSON B SOARES;;;1570;;Colisão;;;;Meio de Quadra;;;0;0;2;0;0;0;0;0;0;0;0;0;-38,471926;-3,788711
279036;22;1;2016;01:42;4250;RUA PDE ANCHIETA;AV FRANCISCO SA;;;;Colisão;;;;Cruz;Semáforo;Comercial;0;1;1;0;0;0;0;0;0;1;0;0;-38,549538;-3,719988
279037;22;1;2016;19:26;25972;RUA JOAO FIRMINO;RUA DES PRAXEDES;;;;Colisão;;;;Outros;Pare;Comercial;0;1;1;0;0;0;0;0;0;0;0;0;-38,550793;-3,758781
279032;22;1;2016;00:28;0;AV GAL OSORIO DE PAIVA;;;;;Atropelamento;;;;Meio de Quadra;;;0;1;1;0;0;0;0;0;0;1;0;0;;
279033;22;1;2016;00:41;0;AV GAL OSORIO DE PAIVA;;;;;Colisão;;;;Meio de Quadra;;;0;1;1;1;0;0;0;0;0;1;0;0;;
279034;22;1;2016;19:26;0;AV PRS COSTA E SILVA;;;;FROTINHA DE MESSEJANA;Colisão;;;;Meio de Quadra;;;0;0;2;0;0;0;0;0;0;0;0;0;;
278970;22;1;2016;12:16;0;AV ENG HUMBERTO MONTE;;;;;Colisão;Luz do Dia;;;Meio de Quadra;;;0;0;2;0;0;0;0;0;0;0;0;0;;
278985;22;1;2016;15:28;10234;RUA BOA ESPERANCA D73;LOGRADOURO SEM NOME;;;;Colisão;Luz do Dia;;;;;;0;1;1;0;0;0;0;0;0;0;0;0;-38,604633;-3,754765
278987;22;1;2016;15:37;0;RUA PRO GOMES BRASIL;;;515;TERMINAL LAGOA;Colisão;Luz do Dia;;;Meio de Quadra;;;0;0;2;0;0;0;0;0;0;0;0;0;-38,569848;-3,771052
278996;22;1;2016;16:12;0;AV PRS JUSCELINO KUBITSCHEK (PASSARÉ);;;3730;;Colisão;Luz do Dia;;;Meio de Quadra;;;0;0;2;0;0;0;0;0;0;0;0;0;;
279005;22;1;2016;17:27;0;RUA DR ESTENIO GOMES;;;1260;;Colisão;Anoitecer;;;Meio de Quadra;;;0;0;2;0;0;0;0;0;0;0;0;0;-38,585397;-3,794345
278998;22;1;2016;16:23;0;RUA VALPARAISO;;;160;EMEIF MARIETA CALS;Colisão;Luz do Dia;;;Meio de Quadra;;;0;0;2;1;0;0;1;0;0;0;0;0;-38,52356;-3,845773
278999;22;1;2016;16:35;0;AV BEIRA MAR;;;4400;;Colisão;Luz do Dia;;;Meio de Quadra;;;0;0;2;0;0;0;0;0;0;0;0;0;-38,481728;-3,7226
279000;22;1;2016;16:42;0;AV DEP PAULINO ROCHA;;;1334;;Colisão;Luz do Dia;;;Meio de Quadra;;;0;0;2;0;0;0;0;0;0;0;0;0;;
278877;22;1;2016;00:27;8115;RUA HOLANDA;AV DOS EXPEDICIONARIOS;;;;Colisão;;;;Cruz;Pare;Misto;0;1;1;1;0;0;0;0;0;1;0;0;;
278881;22;1;2016;06:53;23045;AV DR SILAS MUNGUBA;RUA MALMEQUER;;;;Colisão;Luz do Dia;;;Cruz;Semáforo;Comercial;0;0;2;1;0;0;0;0;1;0;0;0;-38,538571;-3,79098
278895;22;1;2016;11:13;0;RUA 41 CJ JOSE WALTER;;;511;;Colisão;Luz do Dia;;;Meio de Quadra;;;0;0;2;0;0;0;0;0;0;0;0;0;-38,557553;-3,829568
278896;22;1;2016;11:23;19787;RUA PDE GUERRA;RUA DOM LINO;;;;Colisão;Luz do Dia;;;Cruz;Pare;Residencial;0;2;0;1;0;0;0;0;0;1;0;0;-38,556643;-3,738718
278888;22;1;2016;09:07;15836;RUA CEL GUILHERME ALENCAR;RUA GURGEL DO AMARAL;;;;Colisão;Luz do Dia;;;Cruz;Pare;Residencial;0;0;2;0;0;0;0;0;0;0;0;0;;
278889;22;1;2016;09:39;7760;AV ANTONIO SALES;RUA SILVA PAULET;;;;Colisão;Luz do Dia;;;Cruz;Pare;Misto;0;0;2;0;0;0;0;0;0;0;0;0;-38,508383;-3,743595
278901;22;1;2016;11:50;0;RUA JOSE HIPOLITO;;;277;;Colisão;Luz do Dia;;;Meio de Quadra;;;0;0;2;0;0;0;0;0;0;0;0;0;-38,492776;-3,832908
279091;22;1;2016;02:41;1522;RUA EDUARDO GARCIA;RUA CEL JUCA;;;;Colisão;;;;Cruz;Pare;Residencial;0;1;1;1;0;0;0;0;0;1;0;0;-38,492166;-3,740419
279089;22;1;2016;02:09;0;AV DR SILAS MUNGUBA;;;3912;;Colisão;;;;Meio de Quadra;;;0;1;1;1;0;0;0;0;0;1;0;0;-38,538732;-3,790924
279045;22;1;2016;20:20;0;AV GAL OSORIO DE PAIVA;;;7812;;Colisão;;;;Meio de Quadra;;;0;0;2;0;0;0;0;0;0;0;0;0;-38,617361;-3,820503
279047;22;1;2016;20:52;13735;RUA CAIO CID;RUA NELSON STUDART;;;;Colisão;;;;Cruz;Pare;Misto;0;0;2;0;0;0;0;0;0;0;0;0;-38,484694;-3,773571
279069;22;1;2016;01:46;0;AV J CJ CEARA;;;1012;;Colisão;;;;Meio de Quadra;;;0;1;1;1;0;0;0;0;0;1;0;0;;
276849;22;1;2016;15:00;0;RD CE-040;;;;KM-05;Colisão;Luz do Dia;Bom;Seca;Meio de Quadra;;;0;1;1;1;0;0;0;0;0;0;0;0;-38,480331;-3,791613
279210;22;1;2016;18:45;0;RUA GONCALVES DIAS;;;;;Colisão;;;;Meio de Quadra;;;0;0;2;0;0;0;0;0;0;1;0;0;;
279211;22;1;2016;19:11;0;AV CASTELO DE CASTRO;;;;;Colisão;;;;Meio de Quadra;;;0;0;2;1;0;0;0;0;0;1;0;0;;
279212;22;1;2016;20:31;0;RUA FONSECA LOBO;;;;;Colisão;;;;Meio de Quadra;;;0;0;2;0;0;0;0;0;0;0;0;0;;
279213;22;1;2016;20:53;0;AV WASHINGTON SOARES;;;;;Queda;;;;Meio de Quadra;;;0;0;1;0;0;0;0;0;0;1;0;0;;
279128;22;1;2016;15:43;0;AV GAL OSORIO DE PAIVA;;;5914;;Colisão;Luz do Dia;;;Meio de Quadra;;;0;1;0;0;0;0;0;0;0;0;0;0;-38,605305;-3,808073
279129;22;1;2016;16:26;0;RUA DR FERNANDO AUGUSTO;;;534;;Queda;Luz do Dia;;;Meio de Quadra;;;0;1;0;0;0;1;0;0;0;0;0;0;-38,598611;-3,794527
279096;22;1;2016;02:51;11657;AV E CJ CEARA;AV C CJ CEARA;;;;Colisão;;;;Cruz;Não Há Controle;Residencial;0;1;1;0;0;0;1;0;0;1;0;0;;
279119;22;1;2016;14:02;0;AV SEN FERNANDES TAVORA;;;;;Colisão;Luz do Dia;;;Meio de Quadra;;;0;1;1;1;0;0;0;0;0;1;0;0;;
279121;22;1;2016;14:33;0;RUA PEDESTRE XIV;;;103;;Atropelamento;Luz do Dia;;;Meio de Quadra;;;0;1;1;0;0;0;0;0;0;1;0;0;;
279125;22;1;2016;14:46;21081;RUA ALAGOAS;RUA STO AMARO DO PICI;;;;Colisão;Luz do Dia;;;Cruz;Pare;Residencial;0;1;1;1;0;0;0;0;0;1;0;0;;
279126;22;1;2016;15:38;0;RUA ALM JACEGUAI;;;;;Queda;Luz do Dia;;;Meio de Quadra;;;0;1;0;0;0;1;0;0;0;0;0;0;;
279098;22;1;2016;03:41;0;AV PERIMETRAL;;;;;Atropelamento;;;;Meio de Quadra;;;0;1;1;0;0;0;0;0;0;1;0;0;;
279099;22;1;2016;07:24;0;RUA RIO GRANDE DO SUL;;;1907;;Queda;Luz do Dia;;;Meio de Quadra;;;0;1;0;0;0;0;0;0;0;1;0;0;-38,571252;-3,764519
279115;22;1;2016;13:37;0;AV OLIVEIRA PAIVA;;;223;;Colisão;Luz do Dia;;;Meio de Quadra;;;0;1;0;0;0;0;0;0;0;0;0;0;-38,503005;-3,79856
279106;22;1;2016;09:56;0;RUA STA TEREZINHA UI 806;;;;;Queda;Luz do Dia;;;Meio de Quadra;;;0;1;0;0;0;0;0;0;0;1;0;0;;
274192;22;1;2016;17:19;3768;AV DOMINGOS OLIMPIO;AV TRISTAO GONCALVES;;;;Colisão Traseira;Anoitecer;Bom;Seca;Cruz;Semáforo;Comercial;0;0;2;1;1;0;0;0;0;0;0;0;-38,535613;-3,735133
274182;22;1;2016;07:55;5415;RUA GAL CLARINDO DE QUEIROZ;RUA FLORIANO PEIXOTO;;;;Colisão Transversal;Luz do Dia;Bom;Seca;Cruz;Pare;Comercial;0;0;2;1;0;0;0;0;0;0;0;0;-38,529027;-3,733049
274169;22;1;2016;14:20;15317;RUA TEN BENEVOLO;RUA NUNES VALENTE;;;;Choque c/ Obstáculo Fixo;Luz do Dia;Nublado;Seca;Cruz;Pare;Residencial;0;0;2;0;1;0;0;0;0;1;0;0;-38,501859;-3,730365
274161;22;1;2016;18:39;15391;RUA ARAUJO TORREAO;RUA ALMEIDA REGO;;;;Colisão Transversal;Anoitecer;Bom;Seca;Cruz;Pare;Residencial;0;1;2;1;0;0;0;0;0;1;0;0;-38,496403;-3,814052
274150;22;1;2016;06:10;19409;AV AUGUSTO DOS ANJOS;RUA FRE SERAFIM;;;;Colisão Lateral;Luz do Dia;Bom;Seca;T;Pare;Comercial;0;1;1;1;0;0;0;0;0;1;0;0;-38,5779;-3,778743
274241;22;1;2016;18:00;0;RUA PDE PEDRO DE ALENCAR;;;;;Colisão Transversal;Via Iluminada;Bom;Seca;Meio de Quadra;Não Há Controle;Residencial;0;0;2;1;0;0;0;0;0;0;0;0;;
274243;22;1;2016;23:50;7907;AV PONTES VIEIRA;RUA VICENTE LEITE;;;;Colisão Transversal;Via Iluminada;Bom;Molhada;Cruz;Semáforo;Comercial;0;1;1;1;0;0;0;0;0;1;0;0;;
274237;22;1;2016;17:01;9282;AV AGUANAMBI;RD BR 116;;;;Colisão Lateral;Anoitecer;Bom;Seca;Rotatória;Semáforo;Comercial;0;0;2;0;1;0;0;1;0;0;0;0;-38,5232;-3,755351
274230;22;1;2016;12:41;5561;AV CASTANHOLEIRAS;AL ELIANE LUCIA;;;;Colisão Transversal;Luz do Dia;Bom;Seca;Cruz;Não Há Controle;Residencial;0;1;1;1;0;0;0;0;1;0;0;0;-38,467732;-3,750448
274231;22;1;2016;07:10;0;AV FRE CIRILO;;;4331;;Engavetamento;Luz do Dia;Bom;Seca;Meio de Quadra;Outros;Comercial;0;1;4;1;0;0;0;0;0;0;0;0;-38,495339;-3,822076
274197;22;1;2016;13:26;1517;RUA JOAQUIM NABUCO;RUA CAROLINA SUCUPIRA;;;;Colisão Transversal;Luz do Dia;Nublado;Seca;Cruz;Pare;Residencial;0;0;2;1;0;0;0;0;0;0;0;0;-38,502885;-3,740218
274227;22;1;2016;14:35;0;AV PRS JUSCELINO KUBITSCHEK (PASSARÉ);;;;;Colisão Traseira;Luz do Dia;Bom;Seca;Meio de Quadra;Não Há Controle;Comercial;0;0;2;1;0;0;0;0;0;1;0;0;;