COD_ACIDENTE;DIA;MES;ANO;HORA;INTERSECAO;LOG1;LOG2;LOG3;NUMERO;REFERENCIA;NATUREZA;ILUMINACAO;TEMPO;SUPERFICIEPISTA;TIPOCRUZAMENTO;CONTROLETRAFEGO;USOSOLO;MORTOS;FERIDOS;ILESOS;AUTOMOVEL;ONIBUS;BICICLETA;CAMINHAO;MICROONIBUS;CICLOMOTOR;MOTOCICLETA;TRACAOANIMAL;TREM;LONG;LAT
274220;22;1;2016;16:00;0;AV DES MOREIRA;AV ABOLICAO;;;;Colisão Traseira;Luz do Dia;Bom;Seca;;;;0;0;2;1;1;0;0;0;0;0;0;0;-38,495474;-3,727331
274203;22;1;2016;12:00;13542;AV SORIANO ALBUQUERQUE;RUA BAR ARACATI;;;;Colisão Lateral;Luz do Dia;Nublado;Seca;Cruz;Pare;Comercial;0;0;2;1;0;0;0;0;0;0;0;0;-38,51703;-3,748453
274225;22;1;2016;08:08;8953;AV BEZERRA DE MENEZES;RUA TEOFILO GURGEL;;;;Colisão Transversal;Luz do Dia;Bom;Seca;Cruz;Pare;Comercial;1;0;1;0;1;0;0;0;0;1;0;0;-38,546109;-3,731856
274222;22;1;2016;20:54;5086;RUA PDE MORORO;RUA SAO PAULO;;;;Colisão Lateral;Via Iluminada;Bom;Seca;Cruz;Semáforo;Misto;0;1;1;0;1;0;0;0;0;1;0;0;-38,536741;-3,722996
274223;22;1;2016;14:06;16043;RUA 26 BATALHAO;RUA DR MANOEL MOREIRA;;;;Colisão Lateral;Luz do Dia;Bom;Seca;T;Pare;Residencial;0;1;1;0;1;0;0;0;1;0;0;0;-38,569397;-3,80974
274218;22;1;2016;11:42;0;AV 13 DE MAIO;AV CARAPINIMA;;;;Colisão Traseira;Luz do Dia;Bom;Seca;Meio de Quadra;;;0;1;1;0;0;0;0;0;0;1;0;0;-38,540239;-3,740001
282357;22;1;2016;20:00;10404;AV D CJ CEARA;AV E CJ CEARA;;;;Colisão Lateral;Via Iluminada;Bom;Seca;Cruz;;Residencial;0;0;2;1;0;0;0;0;0;1;0;0;-38,603746;-3,75993
274198;23;1;2016;07:43;1510;RUA JOSE VILAR;AV JULIO VENTURA;;;;Colisão Lateral;Luz do Dia;;;Cruz;Semáforo;Comercial;0;1;1;1;0;0;0;0;0;1;0;0;-38,506014;-3,739985
274195;23;1;2016;12:36;0;AV JOR THOMAZ COELHO;;;2812;;Colisão Traseira;Luz do Dia;;;Meio de Quadra;;;0;1;1;0;1;0;0;0;1;0;0;0;-38,519999;-3,828469
274196;23;1;2016;12:50;0;AV JOR THOMAZ COELHO;;;2846;;Colisão Traseira;Luz do Dia;;;Meio de Quadra;;;0;0;2;1;0;0;0;0;0;1;0;0;-38,520375;-3,828517
274202;23;1;2016;08:30;0;RUA TABAJARAS;;;538;;Colisão;Luz do Dia;;;Meio de Quadra;;;0;0;2;1;0;0;0;0;0;0;0;0;-38,515053;-3,719547
274200;23;1;2016;01:00;13432;AV ANTONIO SALES;AV RUI BARBOSA;;;;Capotamento;;;;Cruz;Semáforo;Comercial;0;1;1;1;0;0;0;0;0;0;0;0;-38,511569;-3,742611
274206;23;1;2016;08:00;3820;AV 13 DE MAIO;AV CARAPINIMA;;;;Colisão Traseira;Luz do Dia;;;Cruz;Semáforo;Comercial;0;1;1;1;0;0;0;0;0;1;0;0;-38,540239;-3,740001
274207;23;1;2016;09:00;20042;AV DEP PAULINO ROCHA;AV PRS JUSCELINO KUBITSCHEK (PASSARÉ);;;;Colisão Lateral;Luz do Dia;;;;;;0;0;2;1;0;0;0;0;0;0;0;0;-38,524782;-3,807229
274208;23;1;2016;07:10;0;AV 13 DE MAIO;AV DA UNIVERSIDADE;;;;Choque c/ Obstáculo Fixo;Luz do Dia;;;;;;0;0;1;1;0;0;0;0;0;0;0;0;-38,539107;-3,740962
274209;23;1;2016;08:17;5235;RUA PRC ISABEL;RUA PEDRO PEREIRA;;;;Colisão Transversal;Luz do Dia;;;Cruz;Pare;Comercial;0;0;2;1;0;0;0;0;0;0;0;0;-38,535705;-3,727353
274210;23;1;2016;08:41;12843;RUA JAIME BENEVOLO;RUA MES ROSA;;;;Colisão;Luz do Dia;;;Cruz;Pare;Residencial;0;1;1;1;0;0;0;0;0;1;0;0;-38,528645;-3,741987
274211;23;1;2016;04:59;15360;AV DOM LUIS;AV DES MOREIRA;;;;Choque c/ Obstáculo Fixo;;;;Rotatória;Não Há Controle;Comercial;0;0;1;1;0;0;0;0;0;0;0;0;-38,497383;-3,733239
274183;23;1;2016;05:40;0;AV ABOLICAO;RUA MANUEL JACARE;;3659;;Choque c/ Obstáculo Fixo;Amanhecer;;;;;;0;0;1;0;0;0;0;0;0;0;0;0;-38,486693;-3,725923
274189;23;1;2016;16:00;9024;RUA DOM SEBASTIAO LEME;RUA DR JOAO DE DEUS D11;;;;Colisão Lateral;Luz do Dia;;;Cruz;Pare;Misto;0;0;2;1;0;0;0;0;0;0;0;0;-38,526391;-3,745333
274191;23;1;2016;09:02;15699;RUA MEM DE SA;RUA GUILHERME PESSOA;;;;Colisão Transversal;Luz do Dia;;;Cruz;Pare;Residencial;0;1;1;1;0;0;0;0;0;0;0;0;-38,485338;-3,827417
274185;23;1;2016;09:12;1307;AV SANTOS DUMONT;RUA NUNES VALENTE;;;;Colisão Transversal;Luz do Dia;;;Cruz;Pare;Comercial;0;1;1;1;1;0;0;0;0;0;0;0;-38,503229;-3,734663
274186;23;1;2016;16:32;5120;AV MON TABOSA;RUA JOAO CORDEIRO;;;;Colisão Transversal;Luz do Dia;;;Cruz;Semáforo;Comercial;0;2;0;1;0;0;0;0;0;0;0;0;-38,512635;-3,724009
279214;23;1;2016;00:47;0;RUA MARIA CLARA;;;;;Atropelamento;;;;Meio de Quadra;;;0;1;1;1;0;0;0;0;0;0;0;0;;
279218;23;1;2016;01:18;0;RUA SAO GABRIEL D56;;;;;Atropelamento;;;;Meio de Quadra;;;0;1;1;1;0;0;0;0;0;0;0;0;;
279219;23;1;2016;01:12;0;AV DOM LUIS;;;;;Colisão;;;;Meio de Quadra;;;0;0;2;0;0;0;0;0;0;0;0;0;;
279220;23;1;2016;01:25;1498;RUA SILVA PAULET;AV JULIO VENTURA;;;;Queda;;;;Cruz;Semáforo;Comercial;0;1;0;0;0;0;0;0;0;1;0;0;-38,5071;-3,73964
279267;23;1;2016;16:07;0;AV SEN FERNANDES TAVORA;;;3392;;Colisão;Luz do Dia;;;Meio de Quadra;;;0;0;2;0;0;0;0;0;0;0;0;0;;
279262;23;1;2016;09:04;0;RUA 8 DE DEZEMBRO;;;201;;Colisão;Luz do Dia;;;Meio de Quadra;;;0;0;2;0;0;0;0;0;0;0;0;0;;
279264;23;1;2016;10:17;0;AV IMPERADOR;;;351;;Colisão;Luz do Dia;;;Meio de Quadra;;;0;0;2;0;0;0;0;0;0;0;0;0;;
279265;23;1;2016;10:50;0;RUA CASTRO E SILVA;;;610;;Colisão;Luz do Dia;;;Meio de Quadra;;;0;0;2;0;0;0;0;0;0;0;0;0;-38,531444;-3,722437
279248;23;1;2016;08:58;0;RUA BERNARDO MANUEL;;;7604;;Colisão;Luz do Dia;;;Meio de Quadra;;;0;0;2;0;0;0;0;0;0;0;0;0;-38,547158;-3,784848
279239;23;1;2016;08:28;0;RUA BENTO ALBUQUERQUE;;;2010;;Colisão;Luz do Dia;;;Meio de Quadra;;;0;0;3;0;0;0;0;0;0;0;0;0;-38,471828;-3,747405
279234;23;1;2016;08:19;0;AV ALM BARROSO;;;600;;Colisão;Luz do Dia;;;Meio de Quadra;;;0;0;2;0;0;0;0;0;0;0;0;0;-38,517776;-3,720538
279198;23;1;2016;07:46;0;RUA PLANALTINA (PL AYRTON SENNA);;;1791;;Choque c/ Obstáculo Fixo;Luz do Dia;;;Meio de Quadra;;;0;0;1;0;0;0;0;0;0;0;0;0;;
279471;23;1;2016;16:50;0;RUA DR JOSE FURTADO;;;;;Colisão;Luz do Dia;;;Meio de Quadra;;;0;1;1;1;0;0;0;0;0;1;0;0;;
279472;23;1;2016;17:02;0;RUA DIOGO CORREIA;;;;;Colisão;Anoitecer;;;Meio de Quadra;;;0;1;1;1;0;0;0;0;0;1;0;0;;
279473;23;1;2016;18:27;7712;AV CARNEIRO DE MENDONCA;RUA JOAO CAPOTE;;;;Colisão;Anoitecer;;;Cruz;Pare;Residencial;0;0;2;0;0;0;0;0;0;0;0;0;-38,561662;-3,766458
279474;23;1;2016;18:38;0;AV ROGACIANO LEITE;;;;;Atropelamento;;;;Meio de Quadra;;;0;1;1;1;0;0;0;0;0;0;0;0;;
279475;23;1;2016;21:00;0;RUA EUCLIDES O DE SOUSA;;;;;Colisão;;;;Meio de Quadra;;;0;0;2;0;0;0;0;0;0;0;0;0;;
279476;23;1;2016;21:30;0;AV PRS CASTELO BRANCO;;;;;Atropelamento;;;;Meio de Quadra;;;0;1;1;1;0;0;0;0;0;0;0;0;;
279477;23;1;2016;21:33;0;AV WASHINGTON SOARES;;;;;Atropelamento;;;;Meio de Quadra;;;0;1;1;1;0;0;0;0;0;0;0;0;;
279463;23;1;2016;16:32;0;RUA BERNARDO MANUEL;;;;;Atropelamento;Luz do Dia;;;Meio de Quadra;;;0;2;0;0;0;0;0;0;0;1;0;0;;
279456;23;1;2016;15:19;0;RUA PERNAMBUCO;;;;;Colisão;Luz do Dia;;;Meio de Quadra;;;0;3;0;0;0;0;0;0;0;1;0;0;;
279457;23;1;2016;15:39;0;RUA FRANCISCO GLICERIO;;;;;Queda;Luz do Dia;;;Meio de Quadra;;;0;1;0;0;0;0;0;0;0;1;0;0;;
279454;23;1;2016;14:41;20005;RUA DES OTACILIO PEIXOTO;AV DR SILAS MUNGUBA;;;;Colisão;Luz do Dia;;;T;Semáforo;Misto;0;0;2;0;0;0;0;0;0;0;0;0;-38,530329;-3,800419
279451;23;1;2016;13:47;0;AV DOMINGOS OLIMPIO;;;;;Atropelamento;Luz do Dia;;;Meio de Quadra;;;0;1;1;1;0;0;0;0;0;0;0;0;;
279452;23;1;2016;14:36;0;AV GAL OSORIO DE PAIVA;;;;;Colisão;Luz do Dia;;;Meio de Quadra;;;0;0;2;0;0;0;0;0;0;0;0;0;;
279440;23;1;2016;11:27;0;AV DES MOREIRA;;;;;Colisão;Luz do Dia;;;Meio de Quadra;;;0;1;1;1;0;0;0;0;0;1;0;0;;
279448;23;1;2016;13:05;0;RUA PORTO VELHO;;;;;Colisão;Luz do Dia;;;Meio de Quadra;;;0;1;1;1;0;1;0;0;0;0;0;0;;
279449;23;1;2016;13:10;0;RUA PORTO VELHO;;;;;Colisão;Luz do Dia;;;Meio de Quadra;;;0;1;1;1;0;0;0;0;0;1;0;0;;
279434;23;1;2016;10:42;0;AV CEL CARVALHO;;;;;Colisão;Luz do Dia;;;Meio de Quadra;;;0;1;1;1;0;0;0;0;0;1;0;0;;
279269;23;1;2016;11:19;0;RUA SAO PAULO;;;579;;Atropelamento;Luz do Dia;;;Meio de Quadra;;;0;1;1;1;0;0;0;0;0;0;0;0;-38,531179;-3,724819
279432;23;1;2016;10:12;0;AV PERIMETRAL;;;;;Queda;Luz do Dia;;;Meio de Quadra;;;0;1;0;0;0;0;0;0;0;1;0;0;;
279427;23;1;2016;07:53;0;AV PRS CASTELO BRANCO;;;;;Atropelamento;Luz do Dia;;;Meio de Quadra;;;0;1;1;0;0;0;0;0;0;0;0;0;;
279429;23;1;2016;08:15;0;AV ALBERTO CRAVEIRO;;;;;Colisão;Luz do Dia;;;Meio de Quadra;;;0;0;2;0;0;0;0;0;0;0;0;0;;
279436;23;1;2016;11:17;0;RUA PDE PEDRO DE ALENCAR;;;;;Colisão;Luz do Dia;;;Meio de Quadra;;;0;0;2;0;0;0;0;0;0;0;0;0;;
279437;23;1;2016;11:25;0;AV SEN FERNANDES TAVORA;;;;;Queda;Luz do Dia;;;Meio de Quadra;;;0;1;0;0;0;0;0;0;0;1;0;0;;
279442;23;1;2016;11:43;0;RUA VERBENA;;;;;Colisão;Luz do Dia;;;Meio de Quadra;;;0;1;1;1;0;0;0;0;0;1;0;0;;
279443;23;1;2016;12:33;0;AV GAL OSORIO DE PAIVA;;;;;Colisão;Luz do Dia;;;Meio de Quadra;;;0;0;2;0;0;0;0;0;0;0;0;0;;
279444;23;1;2016;12:45;0;AV GAL OSORIO DE PAIVA;;;;;Colisão;Luz do Dia;;;Meio de Quadra;;;0;1;1;1;0;0;0;0;0;1;0;0;;
279445;23;1;2016;12:45;0;AV GAL OSORIO DE PAIVA;;;;;Colisão;Luz do Dia;;;Meio de Quadra;;;0;1;1;1;0;0;0;0;0;1;0;0;;
279422;23;1;2016;07:22;0;AV PERIMETRAL;;;;;Atropelamento de Animal;Luz do Dia;;;Meio de Quadra;;;0;1;0;0;0;0;0;0;0;1;0;0;;
279424;23;1;2016;07:43;0;AV CASTELO DE CASTRO;;;;;Atropelamento;Luz do Dia;;;Meio de Quadra;;;0;1;1;1;0;0;0;0;0;0;0;0;;
279401;23;1;2016;05:58;0;RUA CHILE;;;;;Queda;Amanhecer;;;Meio de Quadra;;;0;1;0;0;0;0;0;0;0;1;0;0;;
279416;23;1;2016;07:16;0;AV SEN FERNANDES TAVORA;;;;;Atropelamento;Luz do Dia;;;Meio de Quadra;;;0;1;1;1;0;0;0;0;0;0;0;0;;
279404;23;1;2016;06:24;0;AV MIN JOSE AMERICO;;;;;Colisão;Luz do Dia;;;Meio de Quadra;;;0;1;1;1;0;0;0;0;0;1;0;0;;
279405;23;1;2016;22:33;0;AV BEIRA MAR;;;;;Colisão;;;;Meio de Quadra;;;0;0;2;0;0;0;0;0;0;0;0;0;;
279409;23;1;2016;22:54;0;AV ABOLICAO;;;4140;;Colisão;;;;Meio de Quadra;;;0;0;2;0;0;0;0;0;0;0;0;0;;
279410;23;1;2016;06:41;0;AV PERIMETRAL;;;;;Colisão;Luz do Dia;;;Meio de Quadra;;;0;1;1;1;0;0;0;0;0;1;0;0;;
279411;23;1;2016;23:30;25063;AV DOS EXPEDICIONARIOS;RUA ARMANDO MONTEIRO;;;;Colisão;;;;Cruz;Pare;Misto;0;0;2;0;0;0;0;0;0;0;0;0;-38,540372;-3,76223
279353;23;1;2016;20:40;0;AV DOS EXPEDICIONARIOS;;;;;Atropelamento;;;;Meio de Quadra;;;0;1;1;0;0;0;0;0;0;0;0;0;;
279354;23;1;2016;20:41;0;RUA EDUARDO PERDIGAO;;;120;;Colisão;;;;Meio de Quadra;;;0;0;2;0;0;0;0;0;0;0;0;0;-38,564714;-3,775641
279322;23;1;2016;13:13;0;RUA EMILIO DE MENESES;;;1129;;Colisão;Luz do Dia;;;Meio de Quadra;;;0;0;2;0;0;0;0;0;0;0;0;0;-38,59167;-3,780545
279335;23;1;2016;16:52;0;RUA BOM JESUS (GRANJA LISBOA);;;2400;;Colisão;Luz do Dia;;;Meio de Quadra;;;0;0;2;0;0;0;0;0;0;0;0;0;-38,614011;-3,790267
279336;23;1;2016;17:27;25334;AV B CJ CEARA;AV D CJ CEARA;;;;Colisão;Anoitecer;;;T;Pare;Misto;0;0;2;0;0;0;0;0;0;0;0;0;-38,602328;-3,763611
279332;23;1;2016;16:51;5209;RUA TEN BENEVOLO;RUA JOAO CORDEIRO;;;;Colisão;Luz do Dia;;;Cruz;;Residencial;0;0;2;0;0;0;0;0;0;0;0;0;-38,513424;-3,726514
279344;23;1;2016;18:46;0;AV JOSE BASTOS;;;5760;;Colisão;;;;Meio de Quadra;;;0;0;2;0;0;0;0;0;0;0;0;0;-38,565514;-3,762166
279347;23;1;2016;19:16;0;RUA PRO COSTA MENDES;;;1586;;Colisão;;;;Meio de Quadra;;;0;0;2;0;0;0;0;0;0;0;0;0;-38,55265;-3,749496
279351;23;1;2016;20:14;0;RUA BAR ARACATI;;;484;;Colisão;;;;Meio de Quadra;;;0;0;2;0;0;0;0;0;0;0;0;0;-38,509622;-3,725638
279302;23;1;2016;01:32;5290;AV DUQ CAXIAS;RUA PDE MORORO;;;;Colisão;;;;Cruz;Semáforo;Comercial;0;1;1;1;0;1;0;0;0;0;0;0;-38,538552;-3,728983
279303;23;1;2016;01:36;0;AV WASHINGTON SOARES;;;;;Atropelamento;;;;Meio de Quadra;;;0;1;1;1;0;0;0;0;0;0;0;0;;
279304;23;1;2016;02:13;26091;AV 13 DE MAIO;AV JOVITA FEITOSA;;;;Colisão;;;;;;;0;1;1;1;0;0;0;0;0;1;0;0;-38,543936;-3,737273
279305;23;1;2016;02:28;5235;RUA PEDRO PEREIRA;RUA PRC ISABEL;;;;Colisão;;;;Cruz;Pare;Misto;0;1;1;1;0;0;0;0;0;1;0;0;-38,535705;-3,727353
279306;23;1;2016;03:04;22176;AV JOSE BASTOS;AV ENG HUMBERTO MONTE;;;;Queda;;;;T;Semáforo;Comercial;0;1;0;0;0;0;0;0;0;1;0;0;-38,555455;-3,754966
279307;23;1;2016;04:01;0;AV GAL OSORIO DE PAIVA;;;;;Colisão;;;;Meio de Quadra;;;0;2;1;1;0;0;0;0;0;1;0;0;;
279311;23;1;2016;04:12;0;AV WASHINGTON SOARES;;;;;Queda;;;;Meio de Quadra;;;0;1;0;0;0;1;0;0;0;0;0;0;;
279312;23;1;2016;05:41;0;RUA VINTE E QUATRO DE MAIO;;;;;Atropelamento;Amanhecer;;;Meio de Quadra;;;0;1;1;0;0;0;0;0;0;0;0;0;;
279317;23;1;2016;12:49;0;RUA 4 DE OUTUBRO;;;239;;Colisão;Luz do Dia;;;Meio de Quadra;;;0;0;2;0;0;0;0;0;0;0;0;0;-38,584778;-3,762283
279319;23;1;2016;12:50;2326;AV PRS CASTELO BRANCO;RUA SEN ROBERT KENNEDY;;;;Colisão;Luz do Dia;;;Cruz;Semáforo;Residencial;0;0;2;0;0;0;0;0;0;0;0;0;-38,579042;-3,704117
279290;23;1;2016;12:44;5450;RUA MAJ FACUNDO;RUA ANTONIO POMPEU;;;;Colisão;Luz do Dia;;;Cruz;Pare;Comercial;0;0;2;0;0;0;0;0;0;0;0;0;-38,530216;-3,734923
279291;23;1;2016;12:46;0;AV 13 DE MAIO;;;2311;PRACA GENTILANDIA;Colisão;Luz do Dia;;;Meio de Quadra;;;0;0;2;0;0;0;0;0;0;0;0;0;-38,536723;-3,743007
279282;23;1;2016;12:39;9017;RUA ASSUNCAO;RUA DEP JOAO PONTES;;;;Colisão;Luz do Dia;;;Cruz;Pare;Residencial;0;0;2;0;0;0;0;0;0;0;0;0;-38,532319;-3,745409
279279;23;1;2016;12:38;0;RUA ANTONIO POMPEU;;;2051;;Colisão;Luz do Dia;;;Meio de Quadra;;;0;0;2;0;0;0;0;0;0;0;0;0;-38,542591;-3,732016
279275;23;1;2016;12:37;0;AV GOV RAUL BARBOSA;;;5332;;Colisão;Luz do Dia;;;Meio de Quadra;;;0;0;2;0;0;0;0;0;0;0;0;0;-38,508993;-3,766199
278750;23;1;2016;07:00;0;AV DR THEBERGE;;;399;;Atropelamento;Luz do Dia;Nublado;Molhada;Meio de Quadra;;;1;1;0;0;0;0;0;0;0;1;0;0;-38,562696;-3,707819
277039;23;1;2016;19:54;13111;RUA 69 CJ JOSE WALTER;AV C CJ JOSE WALTER;;;;Colisão;;;;Duplo T;Não Há Controle;Residencial;0;1;1;0;1;0;0;0;0;1;0;0;-38,554291;-3,829164
277037;23;1;2016;19:00;0;AV DOMINGOS OLIMPIO;;;1608;;Atropelamento;;;;Meio de Quadra;;;0;1;1;1;0;0;0;0;0;0;0;0;-38,537208;-3,734631
276893;23;1;2016;08:31;0;RD CE-040;;;;KM-07;Queda;Luz do Dia;Bom;Seca;Meio de Quadra;;;0;2;0;0;0;0;0;0;0;1;0;0;-38,478733;-3,809597
276900;23;1;2016;12:30;0;AV MIN JOSE AMERICO;;;100;;Colisão;Luz do Dia;Bom;Seca;Meio de Quadra;;;0;2;1;1;0;0;0;0;0;1;0;0;-38,498848;-3,81261
276911;23;1;2016;05:50;0;RD CE-040;;;;KM-02;Colisão;Amanhecer;Bom;Seca;Meio de Quadra;;;0;1;1;1;0;0;0;0;0;1;0;0;-38,482583;-3,76465
275736;23;1;2016;13:20;0;RD BR 116;;;200;KM-07;Choque c/ Obstáculo Fixo;Luz do Dia;Bom;Seca;Meio de Quadra;;;0;0;1;0;0;0;1;0;0;0;0;0;-38,50135403;-3,814567428
274267;24;1;2016;07:34;0;AV PRS COSTA E SILVA;;;4165;;Choque c/ Obstáculo Fixo;Luz do Dia;;;Meio de Quadra;;;0;0;1;1;0;0;0;0;0;0;0;0;-38,543067;-3,82482
274264;24;1;2016;21:00;0;RUA PDE BARBOSA DE JESUS;;;;;Colisão Transversal;;;;Meio de Quadra;;;0;1;1;0;0;0;0;0;0;1;0;0;;
274265;24;1;2016;12:00;0;AV DR SILAS MUNGUBA;;;3297;;Colisão Transversal;Luz do Dia;;;Meio de Quadra;;;0;1;1;1;0;0;0;0;0;1;0;0;-38,544262;-3,78902
274258;24;1;2016;21:01;0;AV PRS JUSCELINO KUBITSCHEK (PASSARÉ);;;4500;SARA KUBSTSCHEK;Colisão Traseira;;;;Meio de Quadra;;;0;1;1;1;0;0;0;0;0;1;0;0;-38,533326;-3,818562
274246;24;1;2016;14:30;0;RUA DR MARLIO FERNANDES;;;80;;Colisão Transversal;Luz do Dia;;;Meio de Quadra;;;0;0;2;1;0;0;0;0;0;0;0;0;-38,48484;-3,758688
274247;24;1;2016;14:10;23364;RUA EDUARDO BEZERRA;RUA CAP GUSTAVO;;;;Colisão Transversal;Luz do Dia;;;Cruz;Semáforo Intermitente;Residencial;0;0;2;1;0;0;0;0;0;0;0;0;-38,516951;-3,754148
274248;24;1;2016;01:02;0;AV FRE CIRILO;;;3930;;Colisão Lateral;;;;Meio de Quadra;;;0;1;1;1;0;0;0;0;0;1;0;0;-38,496896;-3,818496
274249;24;1;2016;03:10;12404;AV LINEU MACHADO;AV SEN FERNANDES TAVORA;;;;Colisão Traseira;;;;Cruz;Não Há Controle;Comercial;0;1;2;1;0;0;0;0;0;1;0;0;-38,57654;-3,765199
274250;24;1;2016;21:30;6750;RUA VILEBALDO AGUIAR;RUA BATISTA DE OLIVEIRA;;;;Colisão Transversal;;;;Cruz;Não Há Controle;Residencial;0;0;2;1;0;0;0;0;0;0;0;0;-38,480134;-3,743019
274251;24;1;2016;20:51;0;AV AGUANAMBI;;;;ROTATÓRIA;Colisão Lateral;;;;Meio de Quadra;;;0;0;2;1;0;0;0;0;0;0;0;0;;
274252;24;1;2016;07:04;0;AV I CJ JOSE WALTER;AV G CJ JOSE WALTER;;1630;;Colisão Lateral;Luz do Dia;;;;;;0;0;2;1;0;0;0;0;0;0;0;0;-38,554728;-3,838293
274253;24;1;2016;07:07;0;RUA MIGUEL ARAGAO;;;1115;;Colisão Frontal;Luz do Dia;;;Meio de Quadra;;;0;0;2;1;0;0;0;0;0;0;0;0;-38,590324;-3,831112
274254;24;1;2016;16:15;0;AV DOMINGOS OLIMPIO;;;1765;;Engavetamento;Luz do Dia;;;Meio de Quadra;;;0;0;4;1;0;0;0;0;0;0;0;0;-38,538986;-3,734054
274255;24;1;2016;14:25;24296;RUA DELMIRO GOUVEIA;RUA ANA BILHAR;;;;Colisão Traseira;Luz do Dia;;;Cruz;Outros;Comercial;0;0;2;1;0;0;0;0;0;0;0;0;-38,488283;-3,731542
274256;24;1;2016;08:46;5051;RUA SEN POMPEU;RUA SEN JAGUARIBE;;;;Colisão Transversal;Luz do Dia;;;Cruz;Pare;Outros;0;0;2;1;0;0;0;0;0;0;0;0;-38,528055;-3,721667
274269;24;1;2016;20:48;5258;RUA PDE MORORO;RUA PEDRO I;;;;Colisão Transversal;;;;Cruz;Pare;Comercial;0;0;2;1;0;0;0;0;0;0;0;0;-38,53829;-3,728123
274270;24;1;2016;20:09;22158;AV JOSE BASTOS;RUA GUSTAVO BRAGA;;;;Colisão Traseira;;;;T;Não Há Controle;Comercial;0;0;2;1;0;0;0;0;0;0;0;0;-38,551989;-3,751535
275858;24;1;2016;20:10;0;RD BR 222;;;700;KM-01;Colisão Traseira;;Nublado;Molhada;Meio de Quadra;;;0;0;3;1;0;0;0;0;0;0;0;0;-38,578147;-3,737698
277172;24;1;2016;22:32;0;RUA GUARUJA;RUA PDE PEDRO DE ALENCAR;;;;Colisão;;;;;;;0;0;2;0;1;0;0;0;0;0;0;0;-38,494118;-3,834885
279478;24;1;2016;00:04;0;AV DOS EXPEDICIONARIOS;;;;;Colisão;;;;Meio de Quadra;;;0;0;2;0;0;0;0;0;0;0;0;0;;
279479;24;1;2016;00:16;0;AV JOSE BASTOS;;;4700;INCRA;Colisão;;;;Meio de Quadra;;;0;1;1;1;0;0;0;0;0;1;0;0;-38,570184;-3,769039
279480;24;1;2016;00:26;0;AV WASHINGTON SOARES;;;;;Queda;;;;Meio de Quadra;;;0;1;0;0;0;0;0;0;0;1;0;0;;
279481;24;1;2016;01:18;10863;RUA PRO HERIBALDO COSTA;RUA PORTO VELHO;;;;Colisão;;;;Cruz;Semáforo;Comercial;0;2;0;0;0;0;0;0;0;1;0;0;-38,587014;-3,765974
279482;24;1;2016;02:44;0;RUA BETSAIDA D45;;;;;Queda;;;;Meio de Quadra;;;0;1;0;0;0;0;0;0;0;1;0;0;;
279483;24;1;2016;02:49;0;AV MR HULL;;;3300;;Queda;;;;Meio de Quadra;;;0;1;0;0;0;0;0;0;0;1;0;0;-38,57488;-3,737371
279485;24;1;2016;04:27;0;AV AUGUSTO DOS ANJOS;;;;;Colisão;;;;Meio de Quadra;;;0;2;0;0;0;0;0;0;0;1;0;0;;
279486;24;1;2016;05:51;0;ET DO JATOBA;;;;;Queda;Amanhecer;;;Meio de Quadra;;;0;1;0;0;0;0;0;0;0;1;0;0;;
279487;24;1;2016;06:30;0;AV AUGUSTO DOS ANJOS;;;;;Queda;Luz do Dia;;;Meio de Quadra;;;0;1;0;0;0;0;0;0;0;1;0;0;;
279488;24;1;2016;07:09;0;AV WASHINGTON SOARES;;;;;Colisão;Luz do Dia;;;Meio de Quadra;;;0;1;1;1;0;0;0;0;0;1;0;0;;
279556;24;1;2016;08:45;0;AV DR SILAS MUNGUBA;;;;;Colisão;Luz do Dia;;;Meio de Quadra;;;0;1;1;1;0;0;0;0;0;1;0;0;;
279557;24;1;2016;09:11;0;AV CESAR CALS;;;;;Colisão;Luz do Dia;;;Meio de Quadra;;;0;1;1;1;0;0;0;0;0;1;0;0;;
279564;24;1;2016;11:19;3209;RUA VITAL BRASIL;RUA ANSELMO NOGUEIRA;;;;Colisão;Luz do Dia;;;Cruz;Semáforo;Residencial;0;1;1;1;0;0;0;0;0;1;0;0;-38,587181;-3,781072
279565;24;1;2016;11:25;0;AV JOSE BASTOS;;;;;Atropelamento;Luz do Dia;;;Meio de Quadra;;;0;1;1;1;0;0;0;0;0;0;0;0;;
279566;24;1;2016;12:16;0;RUA AMARAL PEIXOTO;;;;;Queda;Luz do Dia;;;Meio de Quadra;;;0;1;0;0;0;1;0;0;0;0;0;0;;
279568;24;1;2016;12:47;0;AV CARAPINIMA;;;;;Colisão;Luz do Dia;;;Meio de Quadra;;;0;1;1;0;0;0;0;0;0;0;0;0;;
279569;24;1;2016;13:11;0;AV MR HULL;;;;;Colisão;Luz do Dia;;;Meio de Quadra;;;0;0;2;1;1;0;0;0;0;0;0;0;;
279570;24;1;2016;13:12;25375;RUA ANTONINA DO NORTE;RUA LEIRIA DE ANDRADE;;;;Choque c/ Obstáculo Fixo;Luz do Dia;;;;;;0;0;2;0;0;0;0;0;0;0;0;0;;
279571;24;1;2016;13:23;9207;RUA CAROLINO DE AQUINO;RUA CEL PERGENTINO FERREIRA;;;;Queda;Luz do Dia;;;Cruz;Pare;Rural;0;0;1;0;0;0;0;0;0;1;0;0;-38,527323;-3,749034
279562;24;1;2016;09:52;0;AV SGT HERMINIO SAMPAIO;;;;;Colisão;Luz do Dia;;;Meio de Quadra;;;0;0;2;0;0;0;0;0;0;0;0;0;;
279573;24;1;2016;13:42;0;RUA SEN MENEZES PIMENTEL;;;;;Atropelamento;Luz do Dia;;;Meio de Quadra;;;0;1;1;0;0;0;0;0;0;0;0;0;;