COD_ACIDENTE;DIA;MES;ANO;HORA;INTERSECAO;LOG1;LOG2;LOG3;NUMERO;REFERENCIA;NATUREZA;ILUMINACAO;TEMPO;SUPERFICIEPISTA;TIPOCRUZAMENTO;CONTROLETRAFEGO;USOSOLO;MORTOS;FERIDOS;ILESOS;AUTOMOVEL;ONIBUS;BICICLETA;CAMINHAO;MICROONIBUS;CICLOMOTOR;MOTOCICLETA;TRACAOANIMAL;TREM;LONG;LAT
279581;24;1;2016;13:50;11253;AV GODOFREDO MACIEL;RUA EMILIO SA;;;;Colisão;Luz do Dia;;;T;Outros;Comercial;0;1;1;1;0;0;0;0;0;1;0;0;-38,571541;-3,801663
279583;24;1;2016;13:53;0;AV GODOFREDO MACIEL;;;;;Queda;Luz do Dia;;;Meio de Quadra;;;0;1;0;0;0;0;0;0;0;1;0;0;;
279587;24;1;2016;13:59;0;AV PRS CASTELO BRANCO;;;;;Colisão;Luz do Dia;;;;;;0;1;1;1;0;0;0;0;0;1;0;0;;
279588;24;1;2016;14:24;0;RUA NOSSA SRA DAS GRACAS;;;;;Atropelamento;Luz do Dia;;;Meio de Quadra;;;0;1;1;0;0;0;0;0;0;0;0;0;;
279590;24;1;2016;14:25;0;AV MAJ ASSIS;;;;;Atropelamento;Luz do Dia;;;Meio de Quadra;;;0;1;1;1;0;0;0;0;0;0;0;0;;
279591;24;1;2016;16:30;0;AV RAD JOSE LIMA VERDE;;;;;Colisão;Luz do Dia;;;Meio de Quadra;;;0;0;2;0;0;0;0;0;0;0;0;0;;
279592;24;1;2016;17:39;0;RUA LUCIANO MAGALHAES;;;;;Colisão;Anoitecer;;;Meio de Quadra;;;0;2;0;0;0;0;0;0;0;1;0;0;;
279594;24;1;2016;18:12;0;RUA PDE MAXIMO FEITOSA;;;;;Queda;Anoitecer;;;Meio de Quadra;;;0;1;0;0;0;0;0;0;0;1;0;0;;
279596;24;1;2016;19:30;0;RUA PDE PERDIGAO SAMPAIO;;;;;Colisão;;;;Meio de Quadra;;;0;0;2;0;0;0;0;0;0;0;0;0;;
279597;24;1;2016;20:31;0;AV AUGUSTO DOS ANJOS;;;;;Colisão;;;;Meio de Quadra;;;0;0;2;0;0;0;0;0;0;0;0;0;;
279706;24;1;2016;00:18;0;RUA TEN JAIME ANDRADE;;;133;;Colisão;;;;Meio de Quadra;;;0;0;2;0;0;0;0;0;0;0;0;0;-38,514998;-3,771488
279719;24;1;2016;02:51;12457;AV SEN FERNANDES TAVORA;AV AUGUSTO DOS ANJOS;;;;Choque c/ Obstáculo Fixo;;;;;;;0;0;1;0;0;0;0;0;0;0;0;0;-38,570427;-3,770153
280019;24;1;2016;12:56;2462;AV CEL CARVALHO;RUA 01 UI 901;;;;Colisão;Luz do Dia;;;T;Pare;Comercial;0;0;2;0;0;0;0;0;0;0;0;0;-38,590388;-3,707878
280022;24;1;2016;15:57;0;RUA SEIS COMPANHEIROS;;;204;;Colisão;Luz do Dia;;;Meio de Quadra;;;0;0;2;0;0;0;0;0;0;0;0;0;-38,575714;-3,702006
280034;24;1;2016;17:10;0;AV PRS CASTELO BRANCO;;;3879;;Colisão;Anoitecer;;;Meio de Quadra;;;0;0;2;0;0;0;0;0;0;0;0;0;-38,567137;-3,708846
280046;24;1;2016;18:56;7130;RUA NOSSA SRA DAS GRACAS;AV DR THEBERGE;;;;Atropelamento;;;;Cruz;Não Há Controle;Residencial;0;1;1;0;0;0;0;0;0;1;0;0;-38,562576;-3,70742
280050;24;1;2016;19:41;17921;RUA PDE GUILHERME;RUA SEN ALVARO ADOLFO;;;;Colisão;;;;;;;0;0;2;0;0;0;0;0;0;0;0;0;-38,578264;-3,733086
280057;24;1;2016;19:49;12614;AV CEL CARVALHO;RUA COS LAFAYETE;;;;Colisão;;;;;;;0;0;2;0;0;0;0;0;0;0;0;0;-38,587938;-3,717512
280067;24;1;2016;20:23;21617;RUA COM GARCIA;RUA BERNARDINO CAMPOS;;;;Colisão;;;;Cruz;Pare;Residencial;0;0;2;0;0;0;0;0;0;0;0;0;-38,589799;-3,800497
280070;24;1;2016;20:37;8790;RUA CRISANTO M DA ROCHA;RUA ELISEU ORIA;;;;Colisão;;;;;;;0;0;2;0;0;0;0;0;0;0;0;0;-38,477633;-3,792999
280088;24;1;2016;21:38;0;RUA UM (MONDUBIM);;;812;;Colisão;;;;Meio de Quadra;;;0;1;1;0;0;0;0;0;0;0;0;0;;
280090;24;1;2016;21:41;15909;RUA PDE PEDRO DE ALENCAR;RUA VENEZA;;;;Colisão;;;;Duplo T;Pare;Residencial;0;0;2;0;0;0;0;0;0;0;0;0;-38,494157;-3,836296
274212;24;1;2016;20:22;9188;RUA PDE BARBOSA DE JESUS;RUA NAPOLEAO LAUREANO;;;;Colisão Transversal;;;;Cruz;Pare;Residencial;0;0;2;1;0;0;0;0;0;0;0;0;-38,52854;-3,748917
274213;24;1;2016;09:10;12892;AV DOMINGOS OLIMPIO;RUA BAR RIO BRANCO;;;;Colisão Transversal;Luz do Dia;;;Cruz;Semáforo;Comercial;0;0;2;1;0;0;0;0;0;0;0;0;-38,531494;-3,736579
274244;24;1;2016;07:31;1601;RUA PDE VALDEVINO;RUA VIS MAUA;;;;Colisão Transversal;Luz do Dia;;;Cruz;Pare;Misto;0;1;1;1;0;0;0;0;0;1;0;0;-38,501876;-3,743773
274245;24;1;2016;12:00;0;AV GOV PARSIFAL BARROSO;;;;;Colisão Traseira;Luz do Dia;;;Meio de Quadra;;;0;0;2;1;0;0;0;0;0;0;0;0;;
274240;25;1;2016;09:15;7633;RUA RIO GRANDE DO SUL;AV CARNEIRO DE MENDONCA;;;;Engavetamento;Luz do Dia;Bom;Seca;Cruz;Semáforo;Misto;0;0;3;1;0;0;0;0;0;0;0;0;-38,570011;-3,762374
274233;25;1;2016;08:20;0;AV DEP PAULINO ROCHA;;;277;;Colisão Traseira;Luz do Dia;Chuva;Molhada;Meio de Quadra;Dê Preferência;Comercial;0;0;2;1;0;0;0;0;0;0;0;0;-38,507978;-3,804453
274235;25;1;2016;10:50;12863;AV DOMINGOS OLIMPIO;RUA FLORIANO PEIXOTO;;;;Colisão Transversal;Luz do Dia;Nublado;Seca;Cruz;Não Há Controle;Comercial;0;1;1;1;0;0;0;0;0;1;0;0;-38,530313;-3,736976
274224;25;1;2016;15:00;0;RUA PORTO VELHO;;;366;;Colisão Traseira;Luz do Dia;Bom;Seca;Meio de Quadra;;;0;1;1;1;0;0;0;0;0;0;0;0;-38,583845;-3,767689
274228;25;1;2016;07:24;26225;RUA LICURGO MONTENEGRO;RUA FRE ODILON;;;;Colisão Traseira;Luz do Dia;Chuva;Molhada;T;Não Há Controle;Residencial;0;0;2;1;0;0;0;0;0;0;0;0;-38,572366;-3,735009
274229;25;1;2016;21:00;0;AV ENG SANTANA JUNIOR;;;1901;;Colisão Lateral;Anoitecer;Bom;Seca;Meio de Quadra;Não Há Controle;Comercial;0;0;2;1;0;0;0;0;0;0;0;0;-38,486235;-3,742276
277190;25;1;2016;16:35;17934;RUA GAL GOIS MONTEIRO;RUA BANVAR BEZERRA;;;;Colisão;Luz do Dia;;;Cruz;Pare;Residencial;0;0;2;1;0;0;0;0;0;0;0;0;-38,580171;-3,733945
277191;25;1;2016;17:45;9228;TR ANA CARTAXO;RUA JAIME BENEVOLO;;;;Colisão;Anoitecer;;;T;Pare;Residencial;0;0;2;1;0;0;0;0;0;0;0;0;-38,531173;-3,748664
277194;25;1;2016;18:54;0;AV GOV RAUL BARBOSA;AV GAL MURILO BORGES;;;;Colisão;;;;;;;0;0;2;1;0;0;1;0;0;0;0;0;-38,508802;-3,763977
280094;25;1;2016;00:02;8025;RUA PRO COSTA MENDES;AV JOAO PESSOA;;;;Colisão;;;;Cruz;Semáforo;Comercial;0;0;2;0;0;0;0;0;0;0;0;0;-38,549441;-3,752393
280095;25;1;2016;00:27;5322;AV IMPERADOR;AV DUQ CAXIAS;;;;Colisão;;;;Cruz;Semáforo;Comercial;0;0;2;0;0;0;0;0;0;0;0;0;-38,535297;-3,730048
280098;25;1;2016;07:22;24886;AV MAJ ASSIS;AV MOZART PINHEIRO DE LUCENA;;;;Colisão;Luz do Dia;;;Cruz;Semáforo;Residencial;0;0;2;0;0;0;0;0;0;0;0;0;;
280171;25;1;2016;07:53;5269;AV DUQ CAXIAS;RUA PDE IBIAPINA;;;;Colisão;Luz do Dia;;;Cruz;Semáforo;Comercial;0;0;2;0;0;0;0;0;0;0;0;0;-38,540226;-3,728446
280179;25;1;2016;08:46;0;AV BEZERRA DE MENEZES;;;2992;;Colisão;Luz do Dia;;;Meio de Quadra;;;0;1;1;0;0;0;0;0;0;0;0;0;;
280200;25;1;2016;11:54;15298;RUA ANA BILHAR;RUA BARBOSA DE FREITAS;;;;Colisão;Luz do Dia;;;Cruz;Pare;Residencial;0;0;2;0;0;0;0;0;0;0;0;0;-38,495143;-3,729646
280201;25;1;2016;11:58;0;RUA MON SALAZAR;;;416;;Colisão;Luz do Dia;;;Meio de Quadra;;;0;2;0;0;0;0;0;0;0;0;0;0;-38,516029;-3,756316
280203;25;1;2016;12:29;17613;RUA PIAUI;RUA ACRE;;;;Colisão;Luz do Dia;;;;;;0;0;2;0;0;0;0;0;0;0;0;0;-38,564044;-3,758417
280205;25;1;2016;12:50;5300;RUA PEDRO PEREIRA;RUA BAR RIO BRANCO;;;;Colisão;Luz do Dia;;;Duplo T;Semáforo;Comercial;0;0;2;0;0;0;0;0;0;0;0;0;-38,529219;-3,729457
280207;25;1;2016;13:32;0;AV DUQ CAXIAS;;;430;;Colisão;Luz do Dia;;;Meio de Quadra;;;0;0;2;0;0;0;0;0;0;0;0;0;-38,528462;-3,732252
280210;25;1;2016;14:36;9141;RUA GUILHERME MOREIRA;AV FELINO BARROSO;;;;Colisão;Luz do Dia;;;Outros;Pare;Comercial;0;0;2;0;0;0;0;0;0;0;0;0;-38,527823;-3,750336
280212;25;1;2016;14:38;1539;RUA VIS MAUA;RUA CAROLINA SUCUPIRA;;;;Colisão;Luz do Dia;;;Cruz;Pare;Residencial;0;0;2;0;0;0;0;0;0;0;0;0;-38,50093;-3,740868
280217;25;1;2016;15:18;5096;RUA COS ESTELITA;RUA GUILHERME ROCHA;;;;Colisão;Luz do Dia;;;Cruz;Pare;Comercial;0;0;2;0;0;0;0;0;0;0;0;0;-38,539177;-3,723347
280220;25;1;2016;15:49;0;AV ABOLICAO;;;4813;IATE CLUBE;Colisão;Luz do Dia;;;Meio de Quadra;;;0;0;2;0;0;0;0;0;0;0;0;0;-38,477727;-3,720806
280222;25;1;2016;15:50;0;RUA CEL MATOS DOURADO;;;500;;Colisão;Luz do Dia;;;Meio de Quadra;;;0;0;2;1;0;0;0;0;0;0;0;0;;
280225;25;1;2016;16:16;19210;RUA FRANCISCO MATOS;RUA PEREIRA DE MIRANDA;;;;Colisão;Luz do Dia;;;T;Outros;Residencial;0;0;2;0;0;0;0;0;0;0;0;0;-38,469154;-3,74388
280237;25;1;2016;16:54;0;AV DR THEBERGE;;;;;Colisão;Luz do Dia;;;Meio de Quadra;;;0;0;2;0;0;0;0;0;0;0;0;0;;
280245;25;1;2016;16:57;0;RUA MIGUEL ARAGAO;;;1219;;Colisão;Luz do Dia;;;Meio de Quadra;;;0;1;1;0;0;0;0;0;0;0;0;0;-38,589808;-3,831473
279641;25;1;2016;11:06;0;RUA AMERICO FACO;;;;;Colisão;Luz do Dia;;;Meio de Quadra;;;0;0;2;0;0;0;0;0;0;0;0;0;;
279642;25;1;2016;11:17;0;AV PRS CASTELO BRANCO;;;;;Colisão;Luz do Dia;;;Meio de Quadra;;;0;1;1;1;0;0;0;0;0;1;0;0;;
279643;25;1;2016;11:18;0;RUA MIGUEL ARAGAO;;;;;Colisão;Luz do Dia;;;Meio de Quadra;;;0;1;1;1;0;0;0;0;0;1;0;0;;
279644;25;1;2016;11:49;0;RUA VALPARAISO;;;156;;Colisão;Luz do Dia;;;Meio de Quadra;;;0;1;1;1;0;0;0;0;0;1;0;0;;
279646;25;1;2016;13:16;0;AV PRS CASTELO BRANCO;;;;;Atropelamento;Luz do Dia;;;Meio de Quadra;;;0;1;1;0;0;0;0;0;0;1;0;0;;
279647;25;1;2016;13:45;0;AV AUGUSTO DOS ANJOS;;;;;Colisão;Luz do Dia;;;Meio de Quadra;;;0;1;1;1;0;0;0;0;0;1;0;0;;
279648;25;1;2016;14:21;11722;RUA JULIO BRAGA;RUA GUARANI D35 (JOAO XXIII);;;;Colisão;Luz do Dia;;;Outros;Pare;Residencial;0;1;1;1;0;0;0;0;0;1;0;0;-38,585105;-3,773151
279649;25;1;2016;15:10;0;RUA OSCAR ARARIPE;;;;;Atropelamento;Luz do Dia;;;Meio de Quadra;;;0;1;1;0;0;0;0;0;0;1;0;0;;
279650;25;1;2016;15:42;0;AV SIQUEIRA CAMPOS;;;1189;;Colisão;Luz do Dia;;;Meio de Quadra;;;0;1;1;1;0;0;0;0;0;1;0;0;-38,626789;-3,814651
279651;25;1;2016;15:47;0;RUA MIN ALBUQUERQUE LIMA;;;;;Colisão;Luz do Dia;;;Meio de Quadra;;;0;0;2;1;0;0;0;0;0;1;0;0;;
279652;25;1;2016;17:35;0;RUA ALBERTO MAGNO;;;;;Atropelamento;Anoitecer;;;Meio de Quadra;;;0;1;1;0;0;0;0;0;0;1;0;0;;
279653;25;1;2016;18:02;0;AV PAROARAS;;;;;Colisão;Anoitecer;;;Meio de Quadra;;;0;2;0;0;0;0;0;0;0;1;0;0;;
279598;25;1;2016;00:51;0;AV GODOFREDO MACIEL;;;;;Colisão;;;;Meio de Quadra;;;0;1;1;1;0;0;0;0;0;1;0;0;;
279599;25;1;2016;00:52;0;AV SEN FERNANDES TAVORA;;;;;Colisão;;;;Meio de Quadra;;;0;1;1;1;0;0;0;0;0;1;0;0;;
279600;25;1;2016;00:58;8930;AV DOMINGOS OLIMPIO;RUA JUSTINIANO DE SERPA;;;;Queda;;;;Outros;Semáforo;Residencial;0;1;0;0;0;0;0;0;0;1;0;0;-38,542468;-3,733011
279605;25;1;2016;01:39;0;RUA NEREU RAMOS;;;;;Colisão;;;;Meio de Quadra;;;0;0;2;0;0;0;0;0;0;0;0;0;;
279607;25;1;2016;01:51;0;RUA DAS PITANGUEIRAS;;;;;Colisão;;;;Meio de Quadra;;;0;0;2;0;0;0;0;0;0;0;0;0;;
279609;25;1;2016;02:19;0;RUA CON DE CASTRO;;;;;Queda;;;;Meio de Quadra;;;0;1;0;0;0;0;0;0;0;1;0;0;;
279610;25;1;2016;02:34;0;RUA CON DE CASTRO;;;;;Colisão;;;;Meio de Quadra;;;0;0;2;0;0;0;0;0;0;1;0;0;;
279613;25;1;2016;02:44;0;AV 13 DE MAIO;;;;;Queda;;;;Meio de Quadra;;;0;1;0;0;0;0;0;0;0;1;0;0;;
279626;25;1;2016;06:55;0;RUA WALDIR DIOGO;;;;;Colisão;Luz do Dia;;;Meio de Quadra;;;0;1;1;1;0;0;0;0;0;1;0;0;;
279627;25;1;2016;08:59;0;RUA PORTO VELHO;;;;;Colisão;Luz do Dia;;;Meio de Quadra;;;0;0;2;1;0;0;0;0;0;0;0;0;;
279628;25;1;2016;09:48;0;AV ABOLICAO;;;;;Atropelamento;Luz do Dia;;;Meio de Quadra;;;0;1;1;0;1;0;0;0;0;0;0;0;;
279629;25;1;2016;10:26;0;AV JOSE BASTOS;;;;;Queda;Luz do Dia;;;Meio de Quadra;;;0;1;0;0;0;0;0;0;0;1;0;0;;
279623;25;1;2016;04:44;0;AV DES GONZAGA;;;;;Colisão;;;;Meio de Quadra;;;0;0;2;0;0;0;0;0;0;0;0;0;;
279624;25;1;2016;06:52;0;AV ABOLICAO;;;;;Colisão;Luz do Dia;;;Meio de Quadra;;;0;1;1;1;0;0;0;0;0;1;0;0;;
279631;25;1;2016;10:27;0;AV JOSE BASTOS;;;;;Atropelamento;Luz do Dia;;;Meio de Quadra;;;0;1;1;0;0;0;0;0;0;1;0;0;;
279635;25;1;2016;11:05;6749;RUA BATISTA DE OLIVEIRA;RUA DR GILBERTO STUDART;;;;Colisão;Luz do Dia;;;Cruz;Pare;Residencial;0;1;1;1;0;0;0;0;0;1;0;0;-38,480581;-3,743734
277044;25;1;2016;22:00;0;AV ABOLICAO;;;2550;;Atropelamento;;;;Meio de Quadra;;;0;1;0;0;1;0;0;0;0;0;0;0;;
276912;25;1;2016;11:15;0;AV MIN JOSE AMERICO;;;;;Colisão;Luz do Dia;Bom;Seca;Meio de Quadra;;;0;0;2;1;0;0;1;0;0;0;0;0;;
276915;25;1;2016;13:30;0;RD CE-040;;;;KM-03;Colisão;Luz do Dia;Bom;Seca;Meio de Quadra;;;0;0;2;0;1;0;0;0;0;0;0;0;-38,481799;-3,773616
276916;25;1;2016;15:40;0;RD CE-040;;;;KM-05;Colisão;Luz do Dia;Bom;Seca;Meio de Quadra;;;0;0;2;1;0;0;0;0;0;0;0;0;-38,480331;-3,791613
274963;25;1;2016;09:50;0;AV PRS CASTELO BRANCO;;;2032;;Colisão Lateral;Luz do Dia;Bom;Seca;Meio de Quadra;Não Há Controle;Comercial;0;0;2;0;0;0;0;0;0;0;0;0;;
274966;25;1;2016;11:00;0;AV DES GONZAGA;;;240;;Colisão Lateral;Luz do Dia;Bom;Seca;Meio de Quadra;Não Há Controle;Residencial;0;1;1;0;0;0;1;0;0;1;0;0;-38,503615;-3,789088
280251;25;1;2016;18:05;0;RUA ESTEFANIA M MOTA;;;567;;Colisão;Anoitecer;;;Meio de Quadra;;;0;0;2;1;0;0;0;0;0;0;0;0;;
280256;25;1;2016;18:20;0;AV GODOFREDO MACIEL;;;5833;;Colisão;Anoitecer;;;Meio de Quadra;;;0;0;2;0;0;0;0;0;0;0;0;0;-38,579182;-3,825483
280302;25;1;2016;21:07;5473;AV HERACLITO GRACA;RUA JOAO CORDEIRO;;;;Colisão;;;;T;Não Há Controle;Residencial;0;0;2;0;0;0;0;0;0;0;0;0;;
274519;25;1;2016;07:47;21604;RUA DOM XISTO ALBANO;RUA DARCY VARGAS;;;;Colisão Transversal;Luz do Dia;Chuva;Molhada;Cruz;Pare;Comercial;0;2;0;0;0;0;0;0;0;1;0;0;-38,586618;-3,798206
274513;25;1;2016;22:00;9132;AV 13 DE MAIO;RUA JAIME BENEVOLO;;;;Colisão Traseira;;Nublado;;Cruz;Semáforo;Comercial;0;0;2;1;0;0;0;0;0;0;0;0;-38,530741;-3,748122
274517;25;1;2016;07:20;19561;AV GODOFREDO MACIEL;RUA ANTONIO BANDEIRA D41;;;;Colisão;Luz do Dia;Bom;Molhada;T;Semáforo;Comercial;0;0;3;1;0;0;0;0;0;0;0;0;-38,565838;-3,783278
274492;25;1;2016;11:00;20129;RUA POMPILIO GOMES;AV DEP PAULINO ROCHA;;;;Colisão Lateral;Luz do Dia;Bom;Seca;T;Pare;Comercial;0;1;1;1;0;0;0;0;0;0;0;0;-38,519652;-3,810076
274494;25;1;2016;11:10;14680;RUA LIDIA BRIGIDO;AV OLIVEIRA PAIVA;;;;Colisão Lateral;Luz do Dia;Bom;Seca;Cruz;Semáforo;Comercial;0;1;1;0;0;0;0;0;0;1;0;0;-38,484139;-3,796087
274504;25;1;2016;20:10;26099;RUA MIN ALBUQUERQUE LIMA;AV I CJ CEARA;;;;Colisão Transversal;Via Iluminada;Nublado;Seca;T;Pare;Comercial;0;1;1;0;0;0;0;0;0;1;0;0;-38,597489;-3,769977
274489;25;1;2016;19:40;0;AV AUGUSTO DOS ANJOS;;;240;;Colisão Transversal;Via Iluminada;Bom;Seca;Meio de Quadra;Semáforo;Comercial;0;1;1;0;0;0;0;0;0;1;0;0;-38,571264;-3,771423
274464;25;1;2016;08:30;0;AV 13 DE MAIO;;;2286;;Colisão Lateral;Luz do Dia;Bom;Seca;Meio de Quadra;Outros;Comercial;0;1;1;1;0;0;0;0;0;1;0;0;-38,537015;-3,742751
274451;25;1;2016;10:00;975;AV AGUANAMBI;RUA PRO GUILHON;;;;Colisão Lateral;Luz do Dia;Bom;Seca;Cruz;Não Há Controle;Outros;0;0;2;0;0;0;0;0;0;0;0;0;-38,523763;-3,759753
274439;25;1;2016;12:10;24331;AV LUCIANO CARNEIRO;RUA ARMANDO MONTEIRO;;;;Colisão;Luz do Dia;Bom;Seca;Duplo T;Pare;Comercial;0;0;2;1;0;0;0;0;0;0;0;0;-38,536219;-3,763454
274432;25;1;2016;11:54;15394;RUA ALMEIDA REGO;RUA DOMINGOS RAIOL;;;;Atropelamento;Luz do Dia;Bom;Seca;Cruz;Pare;Residencial;0;1;1;1;0;0;0;0;0;0;0;0;-38,497417;-3,814505
274434;25;1;2016;09:35;0;AV SANTOS DUMONT;;;2811;;Colisão Traseira;Luz do Dia;Bom;Seca;Meio de Quadra;Semáforo;Comercial;0;0;2;1;0;0;0;0;0;0;0;0;-38,499514;-3,735863
275861;25;1;2016;08:30;0;RD BR 222;;;;;Colisão Traseira;Luz do Dia;Bom;Seca;Meio de Quadra;;;0;2;1;1;0;0;0;0;0;1;0;0;;
274284;25;1;2016;06:39;0;AV SEN FERNANDES TAVORA;;;;;Colisão Transversal;Luz do Dia;Nublado;Molhada;Meio de Quadra;Não Há Controle;Comercial;0;1;2;1;0;0;0;0;0;1;0;0;;
274263;25;1;2016;07:45;0;AV CARAPINIMA;;;2673;;Colisão Traseira;Luz do Dia;Bom;Molhada;Outros;Não Há Controle;Residencial;0;0;2;1;1;0;0;0;0;0;0;0;-38,542336;-3,742236
274266;25;1;2016;16:20;255;RUA GAL BERNARDO FIGUEIREDO;RUA PEDRO DE QUEIROZ;;;;Colisão Transversal;Luz do Dia;Bom;Seca;Cruz;Pare;Residencial;0;0;2;1;0;0;0;0;0;0;0;0;-38,559509;-3,741235
274323;25;1;2016;16:10;3768;AV DOMINGOS OLIMPIO;AV TRISTAO GONCALVES;;;;Colisão Traseira;Luz do Dia;Bom;Seca;Cruz;Semáforo;Comercial;0;0;2;1;0;0;0;0;0;1;0;0;-38,535613;-3,735133
274294;25;1;2016;10:45;19596;RUA NEREU RAMOS;RUA TCHECOSLOVAQUIA;;;;Colisão Transversal;Luz do Dia;Nublado;Seca;Cruz;Pare;Comercial;0;0;2;1;0;0;0;0;0;1;0;0;-38,570458;-3,785913
274280;25;1;2016;03:52;15339;RUA ANA BILHAR;RUA FRE MANSUETO;;;;Colisão Transversal;Luz do Dia;Nublado;Molhada;Cruz;Semáforo;Residencial;0;1;1;0;0;0;0;0;0;1;0;0;-38,488841;-3,731552
274370;25;1;2016;10:30;0;AV PRS CASTELO BRANCO;;;1000;;Colisão Traseira;Luz do Dia;Chuva;Molhada;Meio de Quadra;Não Há Controle;Residencial;0;1;1;0;0;0;0;0;0;1;0;0;;
274355;25;1;2016;15:00;0;RUA COS ALVARO DE OLIVEIRA;;;;;Colisão Transversal;Luz do Dia;Bom;Seca;Meio de Quadra;Pare;Residencial;0;0;4;1;0;0;0;0;0;0;0;0;;
274337;25;1;2016;14:20;0;RUA MIN ABNER VASCONCELOS;;;503;;Colisão Lateral;Luz do Dia;Bom;Seca;Meio de Quadra;Não Há Controle;Comercial;0;0;2;0;0;0;1;0;0;0;0;0;;
274339;25;1;2016;15:42;0;AV AGUANAMBI;;;;ROTATÓRIA;Colisão Transversal;Luz do Dia;Bom;Seca;Meio de Quadra;Semáforo;Outros;0;0;2;1;0;0;1;0;0;0;0;0;;
274343;25;1;2016;18:50;0;AV OLIVEIRA PAIVA;;;223;;Engavetamento;Via Iluminada;Bom;Seca;Meio de Quadra;Não Há Controle;Comercial;0;0;3;1;0;0;0;0;0;0;0;0;-38,503005;-3,79856
274348;25;1;2016;20:15;0;RUA TEODOMIRO DE CASTRO;;;4334;;Colisão Lateral;Via Iluminada;Bom;Seca;Meio de Quadra;Não Há Controle;Residencial;0;1;1;1;0;0;0;0;0;1;0;0;-38,571796;-3,719027
274373;25;1;2016;18:00;0;AV AGUANAMBI;;;570;;Colisão Frontal;Anoitecer;Bom;Seca;Meio de Quadra;;Comercial;0;0;2;0;1;0;0;0;0;0;0;0;-38,525959;-3,741823
274378;25;1;2016;07:30;0;RUA PRC ISABEL;RUA METON DE ALENCAR;;;;Colisão Lateral;Luz do Dia;Chuva;Molhada;;;;0;0;2;1;0;0;0;0;0;0;0;0;-38,536973;-3,731614
274402;25;1;2016;08:55;0;AV CARAPINIMA;;;;;Colisão Traseira;Luz do Dia;Nublado;Molhada;Meio de Quadra;Semáforo;Comercial;0;1;1;1;0;0;0;0;0;1;0;0;;
274399;25;1;2016;07:39;0;RUA VINTE QUATRO DE MAIO;;;;;Colisão;Luz do Dia;Chuva;Molhada;Meio de Quadra;;Industrial;0;0;2;1;1;0;0;0;0;0;0;0;;
274398;26;1;2016;07:20;0;RUA MON CATAO;AV PDE ANTONIO TOMAS;;;;Colisão Lateral;Luz do Dia;Bom;Seca;;;;0;0;2;1;0;0;1;0;0;0;0;0;-38,491843;-3,742708
274403;26;1;2016;09:40;0;RUA BERNARDO MANUEL;;;3241;;Colisão Traseira;Luz do Dia;Bom;Seca;Meio de Quadra;Não Há Controle;Comercial;0;0;2;0;0;0;0;1;0;1;0;0;;
274382;26;1;2016;12:00;25102;AV FILOMENO GOMES;AV FRANCISCO SA;;;;Colisão Lateral;Luz do Dia;Bom;Seca;Cruz;Semáforo;Comercial;0;0;2;1;0;0;0;0;0;0;0;0;;
274376;26;1;2016;19:52;1649;RUA GAL TERTULIANO POTYGUARA;RUA CEL JUCA;;;;Colisão Transversal;;Bom;Seca;Cruz;Pare;Residencial;0;0;2;1;0;0;0;0;0;0;0;0;-38,493766;-3,745325
274389;26;1;2016;22:20;22990;AV DR SILAS MUNGUBA;RUA AMERICO VESPUCIO;;;;Colisão Frontal;Luz do Dia;Bom;Seca;Cruz;Não Há Controle;Comercial;0;1;1;0;0;0;0;0;0;1;0;0;;
274394;26;1;2016;14:20;0;AV FRANCISCO SA;;;5665;;Colisão;Luz do Dia;Nublado;Seca;Meio de Quadra;Não Há Controle;Comercial;0;0;2;1;0;0;1;0;0;0;0;0;-38,575319;-3,711273
274349;26;1;2016;09:00;22069;AV ENG HUMBERTO MONTE;RUA PAPI JUNIOR;;;;Colisão Transversal;Luz do Dia;Bom;Seca;Cruz;Pare;Residencial;0;0;2;1;0;0;0;0;0;0;0;0;-38,557697;-3,752552
274352;26;1;2016;10:15;0;AV AGUANAMBI;;;2280;;Colisão Traseira;Luz do Dia;Bom;Seca;Meio de Quadra;Dê Preferência;Escola;0;0;2;0;1;0;0;0;0;0;0;0;-38,52354;-3,757408
274346;26;1;2016;08:40;0;RUA 729 CJ CEARA;;;330;;Colisão Lateral;Luz do Dia;Nublado;Seca;Meio de Quadra;Não Há Controle;Residencial;0;0;2;1;0;0;0;0;0;0;0;0;-38,603791;-3,772312
274340;26;1;2016;18:30;18528;AV ENG HUMBERTO MONTE;AV BEZERRA DE MENEZES;;;;Colisão Lateral;Anoitecer;Bom;Seca;Cruz;Semáforo Intermitente;Comercial;0;1;1;0;0;0;0;0;0;1;0;0;-38,569025;-3,736609
274333;26;1;2016;10:39;19561;AV GODOFREDO MACIEL;RUA ANTONIO BANDEIRA D41;;;;Colisão Traseira;Luz do Dia;Bom;Seca;T;Semáforo;Comercial;0;0;2;1;0;0;0;0;0;0;0;0;-38,565838;-3,783278
274336;26;1;2016;09:40;0;AV DR SILAS MUNGUBA;;;3859;;Colisão Traseira;Luz do Dia;Bom;Seca;Meio de Quadra;Semáforo;Misto;0;0;2;1;0;0;0;0;0;1;0;0;-38,539368;-3,790708
274356;26;1;2016;14:46;0;RUA SALDANHA MARINHO;;;;;Colisão Lateral;Luz do Dia;Bom;Seca;Meio de Quadra;Não Há Controle;Residencial;0;0;2;1;0;0;1;0;0;0;0;0;;
274362;26;1;2016;18:46;12855;RUA MAJ FACUNDO;RUA CARLOS GOMES;;;;Colisão Transversal;Anoitecer;;;Cruz;Pare;Residencial;0;0;2;1;0;0;0;0;0;1;0;0;-38,531802;-3,739845