COD_ACIDENTE;DIA;MES;ANO;HORA;INTERSECAO;LOG1;LOG2;LOG3;NUMERO;REFERENCIA;NATUREZA;ILUMINACAO;TEMPO;SUPERFICIEPISTA;TIPOCRUZAMENTO;CONTROLETRAFEGO;USOSOLO;MORTOS;FERIDOS;ILESOS;AUTOMOVEL;ONIBUS;BICICLETA;CAMINHAO;MICROONIBUS;CICLOMOTOR;MOTOCICLETA;TRACAOANIMAL;TREM;LONG;LAT
274369;26;1;2016;18:32;0;AV BORGES DE MELO;;;;;Colisão Traseira;Anoitecer;Bom;Seca;Meio de Quadra;Semáforo;Outros;0;0;2;1;1;0;0;0;0;0;0;0;;
274276;26;1;2016;07:50;0;AV ENG HUMBERTO MONTE;;;2820;;Colisão;Luz do Dia;Nublado;Molhada;Meio de Quadra;;Residencial;0;2;0;1;0;0;0;0;0;1;0;0;-38,568942;-3,738874
274298;26;1;2016;11:15;0;RUA BERNARDO MANUEL;;;;;Colisão;Luz do Dia;Bom;Seca;Meio de Quadra;Semáforo;Comercial;0;1;1;0;0;0;1;0;0;1;0;0;;
274296;26;1;2016;20:37;19759;RUA AZEVEDO BOLAO;RUA AMADEU FURTADO;;;;Colisão Transversal;Anoitecer;Bom;Seca;Cruz;Pare;Residencial;0;1;1;0;0;0;0;0;0;1;0;0;-38,563588;-3,737863
274308;26;1;2016;18:10;0;AV PRS COSTA E SILVA;;;2410;;Queda;Anoitecer;Bom;Seca;Meio de Quadra;Não Há Controle;Comercial;1;1;0;0;0;0;0;0;0;1;0;0;-38,560339;-3,820149
274313;26;1;2016;18:04;0;AV CASTELO DE CASTRO;;;;;Colisão Transversal;Anoitecer;Bom;Seca;Meio de Quadra;Semáforo;Comercial;0;1;1;1;0;0;0;0;0;1;0;0;;
274310;26;1;2016;18:36;12440;AV AUGUSTO DOS ANJOS;RUA ARARIPE PRATA;;;;Colisão Lateral;Via Iluminada;Bom;Seca;Cruz;Pare;Comercial;0;0;2;1;1;0;0;0;0;0;0;0;-38,571749;-3,771936
274311;26;1;2016;22:00;17436;RUA EQUADOR;RUA TRES MARIAS D39 (MONTESE);;;;Colisão Transversal;Via Iluminada;Bom;Seca;Cruz;Semáforo;Comercial;0;1;1;1;0;0;0;0;0;1;0;0;-38,550757;-3,768994
274320;26;1;2016;16:19;8955;RUA DOM JERONIMO D06;AV BEZERRA DE MENEZES;;;;Choque c/ Obstáculo Fixo;Luz do Dia;Bom;Seca;Outros;Outros;Lazer;0;0;2;1;0;0;1;0;0;0;0;0;-38,543817;-3,731375
274322;26;1;2016;14:15;5063;AV PRS CASTELO BRANCO;RUA BAR RIO BRANCO;;;;Outros;Luz do Dia;Bom;Seca;;Cancela;Comercial;0;0;2;1;0;0;1;0;0;0;0;0;-38,526642;-3,721459
274316;26;1;2016;07:40;1242;RUA COSTA BARROS;RUA DR JOSE LOURENCO;;;;Colisão Transversal;Luz do Dia;Bom;Seca;Cruz;Pare;Comercial;0;0;2;1;0;0;0;0;0;0;0;0;-38,506927;-3,73187
274318;26;1;2016;10:00;0;RUA SILVA PAULET;;;;;Colisão Traseira;Luz do Dia;Bom;Seca;Meio de Quadra;Pare;Residencial;0;0;2;1;0;0;0;0;0;0;0;0;;
274329;26;1;2016;14:20;22162;AV JOSE BASTOS;RUA PORFIRIO SAMPAIO;;;;Colisão Traseira;Luz do Dia;Bom;Seca;T;Semáforo;Comercial;0;0;2;1;0;0;0;0;0;0;0;0;-38,546271;-3,745851
274325;26;1;2016;14:50;5421;AV VIS RIO BRANCO;AV HERACLITO GRACA;;;;Colisão Traseira;Luz do Dia;Bom;Seca;Cruz;Semáforo;Comercial;0;0;2;1;0;0;0;0;0;0;0;0;-38,524603;-3,733481
274285;26;1;2016;17:19;4114;AV PRS CASTELO BRANCO;RUA LUCAS PINTO;;;;Colisão Transversal;Anoitecer;Bom;Seca;Cruz;Não Há Controle;Residencial;0;0;2;1;0;0;0;0;0;1;0;0;-38,558025;-3,711416
274290;26;1;2016;07:15;22081;RUA GUSTAVO BRAGA;RUA CAP FRANCISCO PEDRO;;;;Colisão;Luz do Dia;Bom;Molhada;Cruz;Pare;Comercial;0;0;2;1;0;0;0;0;0;0;0;0;-38,552452;-3,751155
274279;26;1;2016;17:09;17416;RUA EDITE BRAGA;RUA ELVIRA PINHO;;;;Colisão Transversal;Anoitecer;Bom;Seca;Cruz;Pare;Residencial;0;0;2;1;0;0;0;0;0;0;0;0;-38,553552;-3,768064
275737;26;1;2016;16:00;0;RD BR 116;;;12000;KM-12;Colisão Lateral;Luz do Dia;Bom;Seca;Meio de Quadra;;;0;0;2;1;0;0;1;0;0;0;0;0;-38,496066;-3,85574
274435;26;1;2016;16:35;3820;AV 13 DE MAIO;AV CARAPINIMA;;;;Colisão Traseira;Luz do Dia;Nublado;Seca;Cruz;Semáforo;Comercial;0;0;2;1;0;0;0;0;0;0;0;0;-38,540239;-3,740001
274437;26;1;2016;07:50;5728;AV DES GONZAGA;RUA ANTONIO DE CASTRO;;;;Colisão Transversal;Luz do Dia;Nublado;Seca;Cruz;Pare;Comercial;0;0;2;1;0;0;0;0;0;0;0;0;-38,500858;-3,795148
274427;26;1;2016;12:00;0;RUA PEDRO MACHADO;;;570;;Colisão Lateral;Luz do Dia;Nublado;Molhada;Meio de Quadra;Pare;Residencial;0;0;2;1;0;0;0;0;0;0;0;0;;
274431;26;1;2016;19:32;0;RUA SEN POMPEU;;;232;;Colisão Traseira;Via Iluminada;Bom;Seca;Meio de Quadra;Outros;Residencial;0;2;0;1;0;0;0;0;0;0;0;0;;
274440;26;1;2016;16:00;17579;RUA PIAUI;RUA ESPIRITO SANTO;;;;Colisão Transversal;Luz do Dia;Bom;Seca;Cruz;Pare;Misto;0;0;2;1;0;0;0;0;0;0;0;0;;
274441;26;1;2016;19:38;0;RUA TEN JOSE NEWTON;;;;;Colisão Traseira;Via Iluminada;Bom;Seca;Meio de Quadra;;;0;0;2;0;0;0;0;1;0;0;0;0;;
274429;26;1;2016;16:00;0;AV TRISTAO GONCALVES;;;;;Colisão Frontal;Luz do Dia;Bom;;;;;0;1;1;1;0;1;0;0;0;0;0;0;;
274423;26;1;2016;19:02;15347;AV DOM LUIS;RUA TIBURCIO CAVALCANTE;;;;Colisão Lateral;Via Iluminada;Bom;Seca;T;Semáforo;Comercial;0;0;2;1;1;0;0;0;0;0;0;0;-38,501313;-3,732021
274425;26;1;2016;09:25;0;RUA STA LIDUINA D42;;;104;;Colisão Lateral;Luz do Dia;Nublado;Molhada;Meio de Quadra;Não Há Controle;Residencial;0;0;2;1;0;0;1;0;0;0;0;0;-38,585062;-3,798812
274420;26;1;2016;19:20;0;AV ALM BARROSO;;;600;SECRETÁRIA DE SAÚDE;Colisão Traseira;Via Iluminada;Bom;Seca;Meio de Quadra;;Comercial;0;1;1;1;0;0;0;0;0;1;0;0;-38,517776;-3,720538
274418;26;1;2016;08:20;10793;RUA PRO HERIBALDO COSTA;RUA PORTO ALEGRE;;;;Colisão Traseira;Luz do Dia;Nublado;Molhada;Cruz;Pare;;0;0;2;1;0;0;0;0;0;0;0;0;-38,585433;-3,762997
280396;26;1;2016;09:22;0;AV BEZERRA DE MENEZES;;;2450;;Colisão;Luz do Dia;;;Meio de Quadra;;;0;0;2;0;0;0;0;0;0;0;0;0;-38,566326;-3,736062
280406;26;1;2016;10:10;5496;RUA PDE VALDEVINO;RUA DNA LEOPOLDINA;;;;Colisão;Luz do Dia;;;Cruz;Semáforo;Misto;0;0;2;0;0;0;0;0;0;0;0;0;-38,521753;-3,737577
280409;26;1;2016;10:12;0;RUA DR ESTENIO GOMES;;;390;;Colisão;Luz do Dia;;;Meio de Quadra;;;0;0;2;0;0;0;0;0;0;0;0;0;-38,58001;-3,788431
280426;26;1;2016;10:44;5186;RUA SEN ALMIR PINTO;RUA CONDE D´EU;;;;Colisão;Luz do Dia;;;T;Pare;Comercial;0;0;2;0;0;0;0;0;0;0;0;0;-38,525618;-3,72588
280465;26;1;2016;16:07;0;AV DOM MANUEL;RUA PINTO MADEIRA;;;;Colisão;Luz do Dia;;;;Semáforo;Comercial;0;0;2;0;0;0;0;0;0;0;0;0;-38,521957;-3,730964
280724;26;1;2016;17:25;1358;AV SANTOS DUMONT;AV DES MOREIRA;;;;Colisão;Anoitecer;;;Cruz;Semáforo;Comercial;0;0;2;0;0;0;0;0;0;0;0;0;-38,498365;-3,736226
280729;26;1;2016;18:03;0;AV HIS RAIMUNDO GIRAO;;;835;;Colisão;Anoitecer;;;Meio de Quadra;;;0;0;2;0;0;0;0;0;0;0;0;0;;
280734;26;1;2016;18:50;19411;AV GAL OSORIO DE PAIVA;RUA JULIO BRAGA;;;;Colisão;;;;T;Semáforo;Comercial;0;0;2;1;0;0;0;0;0;0;0;0;-38,571513;-3,77879
276917;26;1;2016;09:20;0;RD CE-040;;;;KM-09;Colisão;Luz do Dia;Bom;Seca;Meio de Quadra;;;0;1;1;0;0;0;1;0;0;0;0;0;-38,481538;-3,825516
279654;26;1;2016;01:14;0;AV AMERICO BARREIRA;;;;;Colisão;;;;Meio de Quadra;;;0;1;1;1;0;0;0;0;0;1;0;0;;
279726;26;1;2016;01:39;1508;RUA TIBURCIO CAVALCANTE;RUA CATAO MAMEDE;;;;Queda;;;;Cruz;Pare;Comercial;0;1;0;0;0;0;0;0;0;1;0;0;-38,503842;-3,739901
279729;26;1;2016;01:46;0;AV PERIMETRAL;;;;;Colisão;;;;Meio de Quadra;;;0;1;1;1;0;0;0;0;0;1;0;0;;
279734;26;1;2016;03:40;0;RUA PDE RODOLFO;;;;;Queda;;;;Meio de Quadra;;;0;1;0;0;0;0;0;0;0;1;0;0;;
279736;26;1;2016;04:15;0;AV BEZERRA DE MENEZES;;;;;Colisão;;;;Meio de Quadra;;;0;0;2;0;0;0;0;0;0;0;0;0;;
279737;26;1;2016;05:06;0;RUA BAR ARATANHA;;;;;Colisão;Amanhecer;;;Meio de Quadra;;;0;1;1;1;0;1;0;0;0;0;0;0;;
279732;26;1;2016;02:46;0;RUA PDE GUERRA;;;;;Queda;;;;Meio de Quadra;;;0;1;0;0;0;0;0;0;0;1;0;0;;
279739;26;1;2016;05:14;0;RUA PORTO VELHO;;;;;Colisão;Amanhecer;;;Meio de Quadra;;;0;1;1;1;0;0;0;0;0;1;0;0;;
279742;26;1;2016;06:14;0;AV DOS EXPEDICIONARIOS;;;;;Colisão;Luz do Dia;;;Meio de Quadra;;;0;1;1;0;0;0;0;0;0;1;0;0;;
279744;26;1;2016;07:15;0;RUA BAR AQUIRAZ;;;;;Colisão;Luz do Dia;;;Meio de Quadra;;;0;1;1;1;0;0;0;0;0;1;0;0;;
279791;26;1;2016;08:48;2706;RUA CEL VIRGILIO NOGUEIRA (BOM JARDIM);RUA OSCAR FRANCA;;;;Colisão;Luz do Dia;;;Cruz;Pare;Residencial;0;0;3;0;0;0;0;0;0;0;0;0;;
279805;26;1;2016;09:42;0;AV PRS CASTELO BRANCO;;;;;Colisão;Luz do Dia;;;Meio de Quadra;;;0;1;1;1;0;1;0;0;0;0;0;0;;
279806;26;1;2016;09:46;91;RUA TOMAS RODRIGUES;RUA PRS PRUDENTE;;;;Colisão;Luz do Dia;;;Cruz;;Residencial;0;2;0;0;0;0;0;0;0;1;0;0;-38,594205;-3,738023
279802;26;1;2016;09:26;0;AV PRS CASTELO BRANCO;;;;;Atropelamento;Luz do Dia;;;Meio de Quadra;;;0;2;0;0;0;0;0;0;0;1;0;0;;
279812;26;1;2016;10:34;19068;AV ENG SANTANA JUNIOR;RUA PRO SILAS RIBEIRO;;;;Colisão;Luz do Dia;;;Cruz;Semáforo Intermitente;Comercial;0;1;1;1;0;0;0;0;0;1;0;0;-38,482901;-3,736968
279838;26;1;2016;14:44;19759;RUA AMADEU FURTADO;RUA AZEVEDO BOLAO;;;;Colisão;Luz do Dia;;;Cruz;Pare;Residencial;0;1;1;1;0;0;0;0;0;1;0;0;-38,563588;-3,737863
279839;26;1;2016;14:44;0;RD CE-025;;;;;Colisão;Luz do Dia;;;Meio de Quadra;;;0;0;2;1;0;0;0;0;0;0;0;0;;
279840;26;1;2016;17:53;0;AV DR SILAS MUNGUBA;;;;;Colisão;Anoitecer;;;Meio de Quadra;;;0;0;2;0;0;0;0;0;0;1;0;0;;
279827;26;1;2016;10:49;0;AV TRISTAO GONCALVES;;;;;Colisão;Luz do Dia;;;Meio de Quadra;;;0;0;2;1;0;1;0;0;0;0;0;0;;
279828;26;1;2016;11:27;0;AV PRS COSTA E SILVA;;;2067;CIALNE;Queda;Luz do Dia;;;Meio de Quadra;;;0;0;1;0;0;0;0;0;0;1;0;0;-38,534167;-3,827947
279829;26;1;2016;11:32;0;RUA PDE PEDRO DE ALENCAR;;;;;Colisão;Luz do Dia;;;Meio de Quadra;;;0;1;1;1;0;0;0;0;0;1;0;0;;
279830;26;1;2016;11:36;0;AV ALM HENRIQUE SABOIA;;;;;Atropelamento;Luz do Dia;;;Meio de Quadra;;;0;1;1;1;0;0;0;0;0;0;0;0;;
279831;26;1;2016;12:06;0;AV CASTELO DE CASTRO;;;;;Colisão;Luz do Dia;;;Meio de Quadra;;;0;1;1;1;0;0;0;0;0;1;0;0;;
279832;26;1;2016;12:58;0;AV BORGES DE MELO;;;;;Colisão;Luz do Dia;;;Meio de Quadra;;;0;1;1;1;0;0;0;0;0;1;0;0;;
279833;26;1;2016;13:39;0;AV C CJ CEARA;;;;;Queda;Luz do Dia;;;Meio de Quadra;;;0;1;0;0;0;0;0;0;0;1;0;0;;
279834;26;1;2016;14:09;0;RUA PEDRO DE SOUZA;;;;;Colisão;Luz do Dia;;;Meio de Quadra;;;0;1;1;1;0;0;0;0;0;1;0;0;;
279835;26;1;2016;14:11;0;RUA PESSOA ANTA;;;;;Colisão;Luz do Dia;;;Meio de Quadra;;;0;1;1;1;0;0;0;0;0;1;0;0;;
279836;26;1;2016;14:11;0;RUA PESSOA ANTA;;;;;Colisão;Luz do Dia;;;Meio de Quadra;;;0;1;1;1;0;0;0;0;0;1;0;0;;
279841;27;1;2016;01:31;5122;AV IMPERADOR;RUA SAO PAULO;;;;Colisão;;;;Cruz;Semáforo;Comercial;0;0;2;1;0;0;0;0;0;1;0;0;-38,533522;-3,724049
279842;27;1;2016;01:36;0;AV MR HULL;;;;;Colisão;;;;Meio de Quadra;;;0;1;1;1;0;0;0;0;0;1;0;0;;
279843;27;1;2016;01:40;0;AV JOVITA FEITOSA;;;;;Colisão;;;;Meio de Quadra;;;0;0;2;0;0;0;0;0;0;1;0;0;;
279844;27;1;2016;01:49;19604;RUA TCHECOSLOVAQUIA;RUA GAGO COUTINHO;;;;Colisão;;;;;;;0;1;1;1;0;0;0;0;0;1;0;0;-38,570657;-3,786636
279845;27;1;2016;02:34;0;RUA DOM HENRIQUE;;;;;Colisão;;;;Meio de Quadra;;;0;0;2;1;0;0;0;0;0;1;0;0;;
279846;27;1;2016;02:35;0;RUA ANSELMO NOGUEIRA;;;278;;Colisão;;;;Meio de Quadra;;;0;1;1;1;0;0;0;0;0;1;0;0;-38,587044;-3,780584
279847;27;1;2016;02:37;0;AV BORGES DE MELO;;;;;Atropelamento;;;;Meio de Quadra;;;0;2;0;0;0;0;0;0;0;1;0;0;;
279848;27;1;2016;02:40;0;AV FRANCISCO SA;;;;;Queda;;;;Meio de Quadra;;;0;1;0;0;0;0;0;0;0;1;0;0;;
279849;27;1;2016;03:07;0;AV WASHINGTON SOARES;;;;;Colisão;;;;Meio de Quadra;;;0;1;1;1;0;0;0;0;0;1;0;0;;
279850;27;1;2016;04:38;5711;RUA CHICO LEMOS;AV OLIVEIRA PAIVA;;;;Colisão;;;;Cruz;Semáforo;Comercial;0;0;2;1;0;0;1;0;0;0;0;0;-38,497091;-3,795857
279851;27;1;2016;05:53;0;RUA BERNARDO MANUEL;;;;;Queda;Amanhecer;;;Meio de Quadra;;;0;0;1;0;0;0;0;0;0;1;0;0;;
279852;27;1;2016;06:26;5364;AV TRISTAO GONCALVES;RUA GAL CLARINDO DE QUEIROZ;;;;Colisão;Luz do Dia;;;Cruz;Não Há Controle;Comercial;0;2;0;0;0;0;0;0;0;1;0;0;-38,534472;-3,731314
279853;27;1;2016;07:24;0;RUA OSCAR ARARIPE;;;;;Colisão;Luz do Dia;;;Meio de Quadra;;;0;1;1;1;0;0;0;0;0;1;0;0;;
279854;27;1;2016;08:21;0;AV GAL OSORIO DE PAIVA;;;;;Colisão;Luz do Dia;;;Meio de Quadra;;;0;0;2;0;0;0;0;0;0;0;0;0;;
279855;27;1;2016;08:23;7718;AV JOSE BASTOS;AV CARNEIRO DE MENDONCA;;;;Colisão;Luz do Dia;;;Cruz;Semáforo;Comercial;0;1;1;1;0;0;0;0;0;1;0;0;-38,566759;-3,764109
279856;27;1;2016;08:26;9553;RUA CEL FABRICIANO;RUA BARRA VERMELHA;;;;Colisão;Luz do Dia;;;;;Residencial;0;1;1;0;0;0;0;0;0;1;0;0;-38,612963;-3,781357
279857;27;1;2016;11:21;0;AV JOSE BASTOS;;;;;Colisão;Luz do Dia;;;Meio de Quadra;;;0;1;1;1;0;0;0;0;0;1;0;0;;
279858;27;1;2016;11:54;5415;RUA GAL CLARINDO DE QUEIROZ;RUA FLORIANO PEIXOTO;;;;Colisão;Luz do Dia;;;Cruz;Pare;Comercial;0;1;1;1;0;0;0;0;0;1;0;0;-38,529027;-3,733049
279859;27;1;2016;11:57;0;ET PAVUNA;;;;;Colisão;Luz do Dia;;;Meio de Quadra;;;0;0;2;0;0;0;0;0;0;0;0;0;;
279860;27;1;2016;12:47;0;RD BR 116;;;6000;KM-06;Colisão;Luz do Dia;;;Meio de Quadra;;;0;0;2;0;0;0;0;0;0;0;0;0;-38,503053;-3,804691
279861;27;1;2016;13:06;0;RUA NAT FEIJO;;;410;;Colisão;Luz do Dia;;;Meio de Quadra;;;0;1;1;1;0;0;0;0;0;1;0;0;-38,552479;-3,722368
279862;27;1;2016;13:38;0;RUA WALDIR DIOGO;;;;;Colisão;Luz do Dia;;;Meio de Quadra;;;0;1;1;1;0;0;0;0;0;1;0;0;;
279863;27;1;2016;09:21;0;AV SEN FERNANDES TAVORA;;;3250;;Colisão;Luz do Dia;;;Meio de Quadra;;;0;1;1;0;0;0;0;0;0;0;0;0;-38,600903;-3,754643
279864;27;1;2016;14:14;0;RUA TIBURCIO CAVALCANTE;;;;;Capotamento;Luz do Dia;;;Meio de Quadra;;;0;0;1;0;0;0;0;0;0;0;0;0;;
279865;27;1;2016;14:21;0;AV GAL OSORIO DE PAIVA;;;2380;;Atropelamento;Luz do Dia;;;Meio de Quadra;;;0;1;1;0;1;0;0;0;0;0;0;0;-38,583094;-3,786144
279866;27;1;2016;14:35;0;RUA CON DE CASTRO;;;;;Atropelamento;Luz do Dia;;;Meio de Quadra;;;0;1;1;0;1;0;0;0;0;0;0;0;;
279867;27;1;2016;15:21;0;AV ENG HUMBERTO MONTE;;;;;Colisão;Luz do Dia;;;Meio de Quadra;;;0;0;2;0;0;0;0;0;0;0;0;0;;
279868;27;1;2016;18:43;0;RUA FLORIANO PEIXOTO;;;;;Colisão;;;;;;;0;1;1;1;0;0;0;0;0;1;0;0;;
276918;27;1;2016;08:20;0;RD CE-040;;;;KM-11;Outros;Luz do Dia;Bom;Molhada;Meio de Quadra;;;0;1;0;0;0;0;0;0;1;0;0;0;-38,480883;-3,842577
276919;27;1;2016;15:45;0;RD CE-040;;;;KM-06;Colisão;Luz do Dia;Bom;Seca;Meio de Quadra;;;0;0;2;1;0;0;0;0;0;0;0;0;-38,479535;-3,800596
280790;27;1;2016;06:12;5122;AV IMPERADOR;RUA SAO PAULO;;;;Atropelamento;Luz do Dia;;;Cruz;Semáforo;Comercial;0;1;1;0;0;0;0;0;0;1;0;0;-38,533522;-3,724049
280852;27;1;2016;08:10;0;RUA PDE ANTONINO;;;916;;Colisão;Luz do Dia;;;Meio de Quadra;;;0;0;2;0;0;0;0;0;0;0;0;0;-38,520383;-3,748388
280853;27;1;2016;08:19;1596;RUA PDE VALDEVINO;RUA OSVALDO CRUZ (ALDEOTA);;;;Colisão;Luz do Dia;;;Cruz;Pare;Residencial;0;0;2;0;0;0;0;0;0;0;0;0;-38,502862;-3,743492
280859;27;1;2016;08:42;17378;RUA ALBERTO MAGNO;RUA ROMEU MARTINS;;;;Colisão;Luz do Dia;;;Cruz;Pare;Comercial;0;0;2;1;0;0;0;0;0;0;0;0;-38,551758;-3,766914
280856;27;1;2016;08:29;3347;AV ENG HUMBERTO MONTE;RUA GOIAS;;;;Colisão;Luz do Dia;;;T;Pare;Residencial;0;0;2;0;0;0;0;0;0;0;0;0;-38,559425;-3,750494
280874;27;1;2016;09:31;0;AV DOM MANUEL;;;998;;Colisão;Luz do Dia;;;Meio de Quadra;;;0;0;2;0;0;0;0;0;0;0;0;0;-38,522573;-3,732865
280876;27;1;2016;09:46;0;RUA CEL GUILHERME ALENCAR;;;296;;Colisão;Luz do Dia;;;Meio de Quadra;;;0;0;2;0;0;0;0;0;0;0;0;0;;
280897;27;1;2016;11:10;0;RUA PDE PEDRO DE ALENCAR;;;280;;Colisão;Luz do Dia;;;Meio de Quadra;;;0;0;2;0;0;0;0;0;0;0;0;0;-38,493811;-3,830128
280903;27;1;2016;11:26;13659;RUA DR THOMPSON BULCAO;RUA REV BOLIVAR P BANDEIRA;;;;Colisão;Luz do Dia;;;Cruz;;Residencial;0;0;2;0;0;0;0;0;0;0;0;0;-38,492006;-3,770002
280913;27;1;2016;12:31;0;AV ODILON GUIMARAES;;;2200;;Colisão;Luz do Dia;;;Meio de Quadra;;;0;0;2;0;0;0;0;0;0;0;0;0;-38,475006;-3,819356
280910;27;1;2016;12:07;0;AV PRS COSTA E SILVA;;;;JOSE WALTER;Colisão;Luz do Dia;;;Meio de Quadra;;;0;0;2;0;0;0;0;0;0;0;0;0;;
281043;27;1;2016;14:45;0;RUA PDE VALDEVINO;;;225;;Colisão;Luz do Dia;;;Meio de Quadra;;;0;0;2;0;0;0;0;0;0;0;0;0;-38,521831;-3,737553
281049;27;1;2016;14:08;1566;RUA SILVA PAULET;RUA PDE VALDEVINO;;;;Colisão;Luz do Dia;;;Cruz;Pare;Residencial;0;0;2;0;0;0;0;0;0;0;0;0;-38,507851;-3,741957
274411;27;1;2016;08:28;11836;RUA JACINTO MATOS;RUA MON DANTAS;;;;Colisão Transversal;Luz do Dia;;;Cruz;Pare;Comercial;0;2;0;0;0;0;0;0;0;1;0;0;-38,5468;-3,719714
274412;27;1;2016;07:49;4018;RUA DES PRAXEDES;RUA JULIO CESAR D12;;;;Colisão Transversal;Luz do Dia;;;T;Pare;Residencial;0;0;2;1;0;0;0;0;0;0;0;0;;
274414;27;1;2016;05:46;17326;RUA ALBERTO MAGNO;RUA ALAN KARDEC;;;;Colisão Frontal;Amanhecer;;;Cruz;Pare;Comercial;0;1;1;1;0;0;0;0;0;1;0;0;-38,549918;-3,764796
274415;27;1;2016;08:10;7633;AV CARNEIRO DE MENDONCA;RUA RIO GRANDE DO SUL;;;;Colisão Lateral;Luz do Dia;;;Cruz;Semáforo;Misto;0;1;1;1;0;0;0;0;0;1;0;0;-38,570011;-3,762374
274416;27;1;2016;08:15;11191;AV DR SILAS MUNGUBA;RUA JOSE MENELEU D41;;;;Colisão Traseira;Luz do Dia;;;T;Semáforo;Comercial;0;0;2;1;0;0;0;0;0;0;0;0;-38,558016;-3,780972
274417;27;1;2016;18:52;0;RUA SALDANHA MARINHO;;;515;;Colisão Lateral;;;;;;;0;0;2;1;0;0;1;0;0;0;0;0;-38,529072;-3,74302
274408;27;1;2016;11:30;19377;RUA EDUARDO PERDIGAO;RUA GERMANO FRANCK;;;;Colisão Lateral;Luz do Dia;;;Cruz;Semáforo;Residencial;0;0;2;1;1;0;0;0;0;0;0;0;-38,562542;-3,777704
274409;27;1;2016;08:34;14967;AV GODOFREDO MACIEL;RUA JULIO ALCIDES;;;;Colisão Frontal;Luz do Dia;;;T;Outros;Comercial;0;1;1;1;0;0;0;0;0;1;0;0;-38,566785;-3,787856
274470;27;1;2016;08:30;0;RUA JOSE TORRES;;;1175;;Colisão Lateral;Luz do Dia;;;Meio de Quadra;;;0;1;1;1;0;0;0;1;0;0;0;0;;
274468;27;1;2016;13:00;7718;AV JOSE BASTOS;AV CARNEIRO DE MENDONCA;;;;Colisão Traseira;Luz do Dia;;;Cruz;Semáforo;Comercial;0;1;3;1;0;0;0;0;0;1;0;0;-38,566759;-3,764109
274474;27;1;2016;18:15;0;RUA CON DE CASTRO;;;3608;;Atropelamento;Anoitecer;;;Meio de Quadra;;;0;1;1;0;1;0;0;0;0;0;0;0;-38,586245;-3,798827
274475;27;1;2016;20:50;0;AV GODOFREDO MACIEL;;;3319;;Colisão Transversal;;;;Meio de Quadra;;;0;2;0;0;0;0;0;0;0;1;0;0;-38,572418;-3,804481
274466;27;1;2016;15:30;17418;RUA ISAIE BORIS;RUA ANTONIO FIUZA;;;;Colisão Lateral;Luz do Dia;;;;;;0;0;2;1;0;0;0;0;0;0;0;0;-38,551478;-3,768198
281061;27;1;2016;15:28;0;AV 13 DE MAIO;;;406;;Colisão;Luz do Dia;;;Meio de Quadra;;;0;0;2;0;0;0;0;0;0;0;0;0;-38,525158;-3,752886
281064;27;1;2016;15:29;0;RUA PRO GOMES BRASIL;;;555;SUPERMERCADO LAGOA;Colisão;Luz do Dia;;;Meio de Quadra;;;0;0;2;0;0;0;0;0;0;0;0;0;-38,567868;-3,773773
281083;27;1;2016;17:04;0;AV DR SILAS MUNGUBA;;;3253;;Colisão;Anoitecer;;;Meio de Quadra;;;0;0;2;0;0;0;0;0;0;0;0;0;-38,544706;-3,788839
281087;27;1;2016;17:07;5625;AV DES GONZAGA;AV ROGACIANO LEITE;;;;Colisão;Anoitecer;;;T;Dê Preferência;Residencial;0;0;2;0;0;0;0;0;0;0;0;0;-38,503866;-3,788545
281097;27;1;2016;17:46;0;AV DOM MANUEL;;;299;;Colisão;Anoitecer;;;Meio de Quadra;;;0;0;2;0;0;0;0;0;0;0;0;0;-38,520619;-3,726826
281154;27;1;2016;19:41;0;AV ENG SANTANA JUNIOR;;;;;Colisão;;;;Meio de Quadra;;;0;0;2;0;0;0;0;0;0;0;0;0;;
281162;27;1;2016;20:47;0;RUA DOM JERONIMO D06;;;339;;Colisão;;;;Meio de Quadra;;;0;0;2;0;0;0;0;0;0;0;0;0;-38,54297;-3,735626
281168;27;1;2016;23:32;0;RUA PRIMEIRO DE ABRIL;;;87;;Colisão;;;;Meio de Quadra;;;0;0;2;0;0;0;0;0;0;0;0;0;;
275742;27;1;2016;15:50;0;RD BR 116;;;800;KM-05;Colisão Traseira;Luz do Dia;Bom;Seca;Meio de Quadra;;;0;0;2;1;0;0;0;0;0;0;0;0;-38,50847;-3,793082
275739;27;1;2016;09:30;0;RD BR 116;;;800;KM-04;Colisão Traseira;Luz do Dia;;;Meio de Quadra;;;0;1;1;0;0;0;0;0;0;0;0;0;-38,50847;-3,793082
275740;27;1;2016;10:50;0;RD BR 116;;;5000;KM-05;Colisão Traseira;Luz do Dia;Bom;Seca;Meio de Quadra;;;0;0;2;1;0;0;0;0;0;0;0;0;-38,506787;-3,796502
274275;27;1;2016;09:15;9287;AV BORGES DE MELO;AV DOS EXPEDICIONARIOS;;;;Colisão Lateral;Luz do Dia;;;Cruz;Semáforo;Comercial;0;0;2;0;1;0;1;0;0;0;0;0;-38,537674;-3,753391
274273;27;1;2016;02:02;19693;RUA GUSTAVO SAMPAIO;RUA GAL PIRAGIBE;;;;Colisão Transversal;Luz do Dia;;;Cruz;Pare;Residencial;0;1;1;1;0;0;0;0;0;1;0;0;-38,558398;-3,735661
274351;27;1;2016;07:50;0;AV ANTONIO SALES;;;3145;;Engavetamento;Luz do Dia;;;Meio de Quadra;;;0;0;4;1;0;0;0;0;0;0;0;0;-38,495982;-3,747443
274366;27;1;2016;22:00;17426;RUA ALBERTO MAGNO;RUA ELVIRA PINHO;;;;Colisão Lateral;;;;Cruz;Semáforo;Comercial;0;1;1;1;0;0;0;0;0;1;0;0;-38,552656;-3,768489