COD_ACIDENTE;DIA;MES;ANO;HORA;INTERSECAO;LOG1;LOG2;LOG3;NUMERO;REFERENCIA;NATUREZA;ILUMINACAO;TEMPO;SUPERFICIEPISTA;TIPOCRUZAMENTO;CONTROLETRAFEGO;USOSOLO;MORTOS;FERIDOS;ILESOS;AUTOMOVEL;ONIBUS;BICICLETA;CAMINHAO;MICROONIBUS;CICLOMOTOR;MOTOCICLETA;TRACAOANIMAL;TREM;LONG;LAT
274367;27;1;2016;18:00;0;RUA JOAQUIM NABUCO;;;1871;;Colisão Traseira;Anoitecer;;;Meio de Quadra;;;0;0;2;1;0;0;0;0;0;0;0;0;-38,503193;-3,741234
274368;27;1;2016;18:30;23342;RUA EDUARDO BEZERRA;RUA TIBURCIO CAVALCANTE;;;;Capotamento;Anoitecer;;;Cruz;Pare;Residencial;0;0;2;1;0;0;0;0;0;0;0;0;-38,508145;-3,753329
274363;27;1;2016;10:45;3768;AV DOMINGOS OLIMPIO;AV TRISTAO GONCALVES;;;;Colisão Lateral;Luz do Dia;;;Cruz;Semáforo;Comercial;0;0;2;1;0;0;0;0;0;0;0;0;-38,535613;-3,735133
274361;27;1;2016;16:40;0;AV JOSE BASTOS;;;6262;;Queda;Luz do Dia;;;Meio de Quadra;;;0;2;0;0;0;0;0;0;0;1;0;0;-38,568562;-3,766487
274358;27;1;2016;12:29;25003;AV DR THEBERGE;AV SGT HERMINIO SAMPAIO;;;;Colisão Lateral;Luz do Dia;;;Cruz;Semáforo;Residencial;0;2;0;0;0;0;0;0;0;1;0;0;-38,569276;-3,727916
274359;27;1;2016;16:00;0;AV JOAO DE ARAUJO LIMA;;;370;;Colisão Transversal;Luz do Dia;;;Meio de Quadra;;;0;1;1;1;0;0;0;0;0;1;0;0;-38,558822;-3,824448
274387;27;1;2016;18:27;15347;RUA TIBURCIO CAVALCANTE;AV DOM LUIS;;;;Colisão Traseira;Anoitecer;;;T;Semáforo;Comercial;0;0;2;1;0;0;0;0;0;0;0;0;-38,501313;-3,732021
274388;27;1;2016;07:37;0;AV DUQ CAXIAS;;;1787;;Colisão Lateral;Luz do Dia;;;Meio de Quadra;;;0;0;2;1;1;0;0;0;0;0;0;0;-38,540062;-3,728498
274390;27;1;2016;14:08;0;AV PRS CASTELO BRANCO;;;2923;;Colisão Lateral;Luz do Dia;;;Meio de Quadra;;;0;1;1;1;0;0;0;0;0;1;0;0;-38,554336;-3,712095
274391;27;1;2016;20:35;22719;AV ENG LEAL LIMA VERDE (SAPIRANGA/COITE);RUA EUCLIDES O DE SOUSA;;;;Colisão Transversal;;;;Cruz;Pare;Residencial;0;0;2;1;0;0;0;0;0;0;0;0;-38,475497;-3,797866
274372;27;1;2016;11:59;7781;AV ANTONIO SALES;AV DES MOREIRA;;;;Colisão Transversal;Luz do Dia;;;Cruz;Semáforo;Comercial;0;0;2;1;0;0;0;0;0;0;0;0;-38,50141;-3,745744
274384;27;1;2016;14:06;9111;AV EDUARDO GIRAO;RUA DEP OSWALDO STUDART;;;;Colisão Transversal;Luz do Dia;;;Cruz;Outros;;0;0;2;1;0;0;0;0;0;0;0;0;-38,529775;-3,755323
274404;27;1;2016;09:52;5307;RUA PRC ISABEL;AV DUQ CAXIAS;;;;Colisão Lateral;Luz do Dia;;;Cruz;Semáforo;Misto;0;0;2;1;0;0;0;0;0;0;0;0;-38,536407;-3,729687
274405;27;1;2016;12:46;5748;RUA CHICO LEMOS;RUA JULIO LIMA;;;;Atropelamento;Luz do Dia;;;Cruz;Não Há Controle;Residencial;0;1;1;1;0;0;0;0;0;0;0;0;-38,497545;-3,794838
274406;27;1;2016;06:55;336;RUA PRO LINO ENCARNACAO;RUA CON PENAFORT;;;;Colisão Transversal;Luz do Dia;;;Cruz;Pare;Residencial;0;1;1;1;0;0;0;0;0;0;0;0;-38,559749;-3,74565
274396;27;1;2016;18:00;1350;RUA SILVA PAULET;RUA TORRES CAMARA;;;;Colisão Transversal;Anoitecer;;;Cruz;Pare;Comercial;0;0;2;1;0;0;0;0;0;0;0;0;-38,505905;-3,735958
275843;27;1;2016;15:20;0;RD BR 020;;;700;KM 428;Colisão Lateral;Luz do Dia;;;Meio de Quadra;;;0;0;2;1;0;0;1;0;0;0;0;0;;
274381;28;1;2016;19:31;0;AV BORGES DE MELO;;;;;Colisão Lateral;;;;Meio de Quadra;;;0;0;2;1;1;0;0;0;0;0;0;0;;
274374;28;1;2016;08:00;0;AV PRS CASTELO BRANCO;;;765;;Colisão Lateral;Luz do Dia;Bom;Seca;Meio de Quadra;Não Há Controle;Residencial;0;1;1;1;0;0;0;0;0;1;0;0;-38,529136;-3,720706
274395;28;1;2016;12:20;0;AV ANTONIO SALES;;;1540;;Colisão Lateral;Luz do Dia;Bom;Seca;Meio de Quadra;Não Há Controle;Comercial;0;0;2;1;1;0;0;0;0;0;0;0;-38,509456;-3,743264
274364;28;1;2016;09:00;1358;AV SANTOS DUMONT;AV DES MOREIRA;;;;Colisão Lateral;Luz do Dia;Bom;Seca;Cruz;Semáforo;Comercial;0;1;2;1;1;0;0;0;0;0;0;0;-38,498365;-3,736226
274341;28;1;2016;19:23;0;RUA VITAL BRASIL;;;967;;Colisão Lateral;Via Iluminada;Bom;Seca;Meio de Quadra;Não Há Controle;Residencial;0;1;1;1;0;0;0;0;0;1;0;0;-38,589757;-3,78034
274347;28;1;2016;20:10;25036;RUA EDUARDO BEZERRA;RUA CAP MELO;;;;Colisão Transversal;Via Iluminada;Bom;Seca;Cruz;Semáforo;Residencial;0;0;2;1;0;0;0;0;0;0;0;0;-38,513607;-3,753803
274344;28;1;2016;19:59;4114;AV PRS CASTELO BRANCO;RUA LUCAS PINTO;;;;Colisão Lateral;Via Iluminada;Bom;Seca;Cruz;Pare;Comercial;0;1;1;1;0;0;1;0;0;0;0;0;-38,558025;-3,711416
274353;28;1;2016;18:45;0;AV A CJ CEARA;;;1025;;Colisão Lateral;Mal Iluminada;Bom;Seca;Meio de Quadra;Outros;Outros;0;0;2;1;0;0;0;0;0;1;0;0;;
274350;28;1;2016;14:42;15832;RUA PDE PEDRO DE ALENCAR;RUA TEN JURANDIR ALENCAR;;;;Colisão Lateral;Luz do Dia;Bom;Seca;Cruz;Semáforo;Comercial;0;0;2;0;1;0;0;0;0;0;0;0;-38,493981;-3,831674
274326;28;1;2016;07:30;15226;AV ABOLICAO;AV ANTONIO JUSTA;;;;Colisão Lateral;Luz do Dia;Bom;Seca;Y;Semáforo;Residencial;0;0;2;1;1;0;0;0;0;0;0;0;-38,495474;-3,727331
274328;28;1;2016;12:04;17412;RUA ALBERTO MAGNO;RUA BAR SOBRAL;;;;Colisão Lateral;Luz do Dia;Bom;Seca;Cruz;Semáforo;Comercial;0;1;1;0;1;0;0;0;0;1;0;0;-38,552417;-3,767991
274332;28;1;2016;17:10;0;AV AGUANAMBI;;;384;;Colisão Traseira;Luz do Dia;Bom;Seca;Meio de Quadra;Não Há Controle;Comercial;0;3;2;1;0;0;0;1;0;0;0;0;-38,525015;-3,740372
274319;28;1;2016;09:45;1603;RUA VICENTE LINHARES;RUA PRO DIAS DA ROCHA;;;;Colisão;Luz do Dia;Bom;Seca;Cruz;Pare;Residencial;0;0;2;1;0;0;0;0;0;0;0;0;-38,494402;-3,744049
274314;28;1;2016;18:30;0;AV BORGES DE MELO;;;2896;;Colisão Lateral;Anoitecer;Bom;Seca;Meio de Quadra;Não Há Controle;Comercial;0;0;2;1;1;0;0;0;0;0;0;0;;
274299;28;1;2016;13:40;4319;AV VICENTE DE CASTRO;AV JOSE SABOIA;;;;Colisão Lateral;Luz do Dia;Bom;Seca;Cruz;Pare;Comercial;0;0;2;0;0;0;1;0;0;0;0;0;-38,4732;-3,713785
275741;28;1;2016;14:10;0;RD BR 116;;;600;KM-11;Colisão Frontal;Luz do Dia;Bom;Seca;Meio de Quadra;;;0;1;1;0;0;0;0;0;0;1;0;0;-38,49672673;-3,848173913
275756;28;1;2016;23:50;0;RD BR 116;;;100;KM-04;Colisão Traseira;Via Iluminada;Bom;Seca;Meio de Quadra;;;0;1;1;1;0;0;0;0;0;0;0;0;-38,51003863;-3,789525584
274401;28;1;2016;20:00;0;AV BORGES DE MELO;;;1001;;Capotamento;;;;Meio de Quadra;;;0;1;0;1;0;0;0;0;0;0;0;0;-38,528561;-3,760414
281200;28;1;2016;07:03;0;AV DEP PAULINO ROCHA;;;;;Colisão;Luz do Dia;;;Meio de Quadra;;;0;0;2;0;0;0;0;0;0;0;0;0;;
274444;28;1;2016;18:25;9027;RUA SOLON PINHEIRO;RUA PDE ROMA;;;;Colisão Transversal;Anoitecer;Bom;Seca;Cruz;Pare;Residencial;0;1;1;1;0;0;0;0;0;1;0;0;-38,531103;-3,744648
274455;28;1;2016;07:50;0;AV JOAO PESSOA;;;5570;;Colisão Lateral;Luz do Dia;Nublado;Seca;Meio de Quadra;Não Há Controle;Residencial;0;0;3;1;0;1;0;0;0;1;0;0;;
274422;28;1;2016;09:50;0;RUA FONSECA LOBO;;;170;;Colisão Transversal;Luz do Dia;Bom;Seca;Outros;;Residencial;0;0;2;1;0;0;0;0;0;0;0;0;-38,489519;-3,738803
274426;28;1;2016;10:30;0;RUA ALBERTO MAGNO;;;;;Colisão Traseira;Luz do Dia;Bom;Seca;Meio de Quadra;Semáforo;Comercial;0;0;2;0;1;0;0;0;0;0;0;0;;
274442;28;1;2016;08:23;0;AV GODOFREDO MACIEL;;;;;Colisão Traseira;Luz do Dia;Bom;Seca;Meio de Quadra;Não Há Controle;Comercial;0;1;1;0;0;0;0;0;0;1;0;0;;
274448;28;1;2016;12:06;23749;RUA CON DE CASTRO;RUA LINS DO REGO;;;;Colisão Transversal;Luz do Dia;Bom;Seca;T;Não Há Controle;Comercial;0;1;1;0;0;0;0;0;0;1;0;0;-38,573794;-3,785389
274449;28;1;2016;07:00;5235;RUA PEDRO PEREIRA;RUA PRC ISABEL;;;;Colisão Transversal;Luz do Dia;Bom;Seca;Cruz;Pare;Misto;0;0;2;1;0;0;0;0;0;0;0;0;-38,535705;-3,727353
274433;28;1;2016;06:18;1666;AV BORGES DE MELO;RUA CAP VASCONCELOS D46;;;;Colisão Lateral;Luz do Dia;Nublado;Molhada;Outros;Pare;Comercial;0;0;2;1;0;0;0;0;0;0;0;0;-38,517782;-3,761585
274436;28;1;2016;23:00;0;RUA FLORIANO PEIXOTO;;;2183;;Colisão Transversal;Via Iluminada;Bom;Seca;Meio de Quadra;Outros;Residencial;0;1;2;1;0;0;0;0;0;1;0;0;-38,531719;-3,741192
277046;28;1;2016;15:30;0;RD CE-040;;;;KM-06;Outros;Luz do Dia;Bom;Seca;Meio de Quadra;;;0;0;2;1;1;0;0;0;0;0;0;0;-38,479535;-3,800596
277050;28;1;2016;17:35;0;RD CE-040;;;;KM-07;Colisão;Anoitecer;Bom;Seca;Meio de Quadra;;;0;0;2;0;1;0;0;0;0;0;0;0;-38,478733;-3,809597
277027;28;1;2016;09:35;0;RD CE-040;;;;KM-11;Colisão;Luz do Dia;Bom;Seca;Meio de Quadra;;;0;0;2;0;0;0;0;0;0;1;0;0;-38,480883;-3,842577
281282;28;1;2016;12:25;0;RUA ANDRE REBOUCAS;;;225;;Colisão;Luz do Dia;;;Meio de Quadra;;;0;0;2;0;0;0;0;0;0;0;0;0;-38,590282;-3,775226
281286;28;1;2016;13:16;0;RUA BAR RIO BRANCO;;;818;;Colisão;Luz do Dia;;;Meio de Quadra;;;0;0;2;0;0;0;0;0;0;0;0;0;-38,527979;-3,725577
281296;28;1;2016;13:47;0;AV AUGUSTO DOS ANJOS;;;2029;;Colisão;Luz do Dia;;;Meio de Quadra;;;0;0;2;0;0;0;0;0;0;0;0;0;;
281304;28;1;2016;14:13;8125;RUA BENTO ALBUQUERQUE;RUA MANUEL DE QUEIROZ;;;;Colisão;Luz do Dia;;;Cruz;;Misto;0;0;2;1;0;0;0;0;0;0;0;0;-38,467393;-3,748837
281312;28;1;2016;14:41;0;RUA MAJ FACUNDO;;;1361;;Colisão;Luz do Dia;;;Meio de Quadra;;;0;0;2;0;0;0;0;0;0;0;0;0;-38,530192;-3,734845
281316;28;1;2016;15:10;3767;AV DOMINGOS OLIMPIO;AV IMPERADOR;;;;Colisão;Luz do Dia;;;Cruz;Semáforo;Comercial;0;0;2;0;0;0;0;0;0;0;0;0;-38,536697;-3,73479
281318;28;1;2016;15:11;15298;RUA ANA BILHAR;RUA BARBOSA DE FREITAS;;;;Colisão;Luz do Dia;;;Cruz;Pare;Residencial;0;0;2;0;0;0;0;0;0;0;0;0;-38,495143;-3,729646
281325;28;1;2016;15:25;25497;RUA CAP MELO;RUA CAP TIBURCIO DA FROTA;;;;Colisão;Luz do Dia;;;Cruz;Dê Preferência;Residencial;0;0;2;0;0;0;0;0;0;0;0;0;-38,513386;-3,754915
281331;28;1;2016;16:13;0;RUA CON DE CASTRO;;;3834;;Colisão;Luz do Dia;;;Meio de Quadra;;;0;0;2;0;0;0;0;0;0;0;0;0;-38,587533;-3,800196
281337;28;1;2016;17:23;0;AV C CJ JOSE WALTER;;;;;Colisão;Anoitecer;;;Meio de Quadra;;;0;0;2;0;0;0;0;0;0;0;0;0;;
281340;28;1;2016;18:16;1332;RUA CEL LINHARES;AV DOM LUIS;;;;Colisão;Anoitecer;;;Cruz;Pare;Comercial;0;0;2;1;0;0;0;0;0;0;0;0;-38,493503;-3,734513
281346;28;1;2016;18:34;0;RUA BERNARDO MANUEL;;;8231;;Colisão;;;;Meio de Quadra;;;0;0;2;0;0;0;0;0;0;0;0;0;-38,549248;-3,791601
281355;28;1;2016;18:49;15227;AV ABOLICAO;AV DES MOREIRA;;;;Colisão;;;;Cruz;Semáforo;Comercial;0;0;2;0;1;0;0;0;0;0;0;0;-38,495474;-3,727331
281495;28;1;2016;23:08;6788;RUA DES WALDETARIO P MOTA;AV SANTOS DUMONT;;;;Colisão;;;;Cruz;Semáforo;Misto;0;0;2;0;0;0;0;0;0;0;0;0;-38,483309;-3,741093
279938;28;1;2016;01:30;0;RUA MACIEL LUZ;;;187;;Colisão;;;;Meio de Quadra;;;0;1;1;1;0;0;0;0;0;1;0;0;;
279948;28;1;2016;02:16;5182;RUA VINTE E CINCO DE MARCO;RUA PEREIRA FILGUEIRAS;;;;Colisão;;;;Cruz;Pare;Comercial;0;1;1;1;0;0;0;0;0;1;0;0;-38,521316;-3,725608
279949;28;1;2016;02:25;0;AV PRS CASTELO BRANCO;;;765;;Colisão;;;;Meio de Quadra;;;0;1;1;1;0;0;0;0;0;1;0;0;-38,529136;-3,720706
279950;28;1;2016;02:40;0;RUA MACIEL LUZ;;;175;;Queda;;;;Meio de Quadra;;;0;1;0;0;0;0;0;0;0;1;0;0;;
279946;28;1;2016;02:13;0;AV LINEU MACHADO;;;1465;;Colisão;;;;Meio de Quadra;;;0;1;1;0;0;0;0;0;0;1;0;0;;
279955;28;1;2016;02:49;7623;RUA PERNAMBUCO;RUA RIO GRANDE DO SUL;;;;Colisão;;;;Cruz;Pare;Comercial;0;1;1;1;0;0;0;0;0;1;0;0;-38,568467;-3,760011
279958;28;1;2016;03:04;0;AV GODOFREDO MACIEL;;;3570;;Colisão;;;;Meio de Quadra;;;0;1;1;1;0;0;0;0;0;1;0;0;-38,573043;-3,806491
279962;28;1;2016;04:07;0;RUA CON DE CASTRO;;;1596;;Colisão;;;;Meio de Quadra;;;0;1;1;1;0;0;0;0;0;1;0;0;-38,57374;-3,785327
279968;28;1;2016;04:13;23749;RUA LINS DO REGO;RUA CON DE CASTRO;;;;Colisão;;;;T;Não Há Controle;Comercial;0;1;1;1;0;0;0;0;0;1;0;0;-38,573794;-3,785389
279969;28;1;2016;05:51;15328;RUA LEONARDO MOTA;RUA CANUTO DE AGUIAR;;;;Colisão;Amanhecer;;;Cruz;Semáforo;Residencial;0;1;0;0;0;0;0;0;0;0;0;0;-38,49451;-3,730931
279970;28;1;2016;06:41;0;AV GAL OSORIO DE PAIVA;;;;;Queda;Luz do Dia;;;Meio de Quadra;;;0;1;1;0;0;0;0;0;0;1;0;0;;
279960;28;1;2016;03:54;0;AV GAL OSORIO DE PAIVA;;;7761;;Colisão;;;;Meio de Quadra;;;0;1;1;1;0;1;0;0;0;0;0;0;-38,617221;-3,820363
279973;28;1;2016;07:35;0;RUA PEDRO DANTAS;;;134;;Colisão;Luz do Dia;;;Meio de Quadra;;;0;1;1;0;0;0;0;0;0;1;0;0;-38,518867;-3,786452
279983;28;1;2016;08:30;0;RD BR 116;;;12000;KM-12;Colisão;Luz do Dia;;;Meio de Quadra;;;0;1;1;1;0;0;0;0;0;1;0;0;-38,496066;-3,85574
279984;28;1;2016;08:41;22055;AV JOSE BASTOS;RUA PDE CICERO;;;;Colisão;Luz do Dia;;;T;Pare;Comercial;0;1;0;0;0;0;0;0;0;0;0;0;-38,544887;-3,744462
279988;28;1;2016;09:18;5693;RUA CON BRAVEZA;RUA MARGARIDA DE QUEIROZ;;;;Colisão;Luz do Dia;;;Cruz;Pare;Residencial;0;1;1;1;0;0;0;0;0;1;0;0;-38,500225;-3,792488
279989;28;1;2016;09:42;0;RUA UNIFLOR;;;191;;Atropelamento;Luz do Dia;;;Meio de Quadra;;;0;1;1;0;0;0;0;0;0;1;0;0;;
279990;28;1;2016;11:30;0;AV GAL OSORIO DE PAIVA;;;1372;;Colisão;Luz do Dia;;;Meio de Quadra;;;0;1;1;1;0;1;0;0;0;0;0;0;-38,57366;-3,780117
280049;28;1;2016;17:18;1826;RUA MARIA QUINTINO;TR JOAO CRISPIM 65;;;;Atropelamento;Anoitecer;;;;;;0;1;1;0;0;0;0;0;0;0;0;0;-38,500902;-3,855959
280051;28;1;2016;17:35;3199;RUA VERBENA;RUA VITAL BRASIL;;;;Colisão;Anoitecer;;;Cruz;Semáforo;Comercial;0;0;2;1;1;0;0;0;0;0;0;0;-38,58865;-3,780666
280045;28;1;2016;16:30;0;RUA JOSE DUTRA;;;120;;Colisão;Luz do Dia;;;Meio de Quadra;;;0;1;1;1;0;0;0;0;0;1;0;0;;
280030;28;1;2016;12:12;0;AV WASHINGTON SOARES;;;;;Colisão;Luz do Dia;;;Meio de Quadra;;;0;0;1;0;0;0;0;0;0;0;0;0;;
280031;28;1;2016;12:18;0;AV JOSE BASTOS;;;3834;;Colisão;Luz do Dia;;;Meio de Quadra;;;0;1;2;1;0;0;0;0;0;1;0;0;-38,552392;-3,751939
280040;28;1;2016;13:40;0;RUA VITAL BRASIL;;;1001;;Queda;Luz do Dia;;;Meio de Quadra;;;0;1;0;0;0;0;0;0;0;1;0;0;;
280035;28;1;2016;12:29;14341;RUA SEN POMPEU;AV PRS CASTELO BRANCO;;;;Atropelamento;Luz do Dia;;;T;Não Há Controle;Comercial;0;1;1;1;0;0;0;0;0;0;0;0;-38,527917;-3,72107
280037;28;1;2016;13:37;4189;AV PRS CASTELO BRANCO;RUA FRANCISCO CORDEIRO;;;;Atropelamento;Luz do Dia;;;Cruz;Pare;Comercial;0;1;1;0;0;0;0;0;0;1;0;0;-38,550593;-3,713113
280028;28;1;2016;11:59;0;AV BEIRA MAR;;;4400;;Colisão;Luz do Dia;;;Meio de Quadra;;;0;1;1;1;0;0;0;0;0;1;0;0;-38,481728;-3,7226
277231;28;1;2016;23:06;3211;RUA VERBENA;RUA EMILIO DE MENESES;;;;Colisão Transversal;Via Iluminada;Bom;Seca;Cruz;Semáforo;Residencial;1;1;0;1;1;0;0;0;0;0;0;0;-38,588838;-3,781344
275113;28;1;2016;06:58;23450;RUA PAULO FIRMEZA;RUA HERMINIO BARROSO;;;;Colisão Transversal;Luz do Dia;;;Cruz;Pare;Residencial;0;0;2;1;0;0;0;0;0;0;0;0;-38,51102;-3,756959
291573;28;1;2016;10:30;15207;RUA DEP MOREIRA DA ROCHA;AV RUI BARBOSA;;;;Colisão Traseira;Luz do Dia;Bom;Seca;Cruz;Semáforo Intermitente;Residencial;0;0;2;1;0;0;0;0;0;0;0;0;-38,506454;-3,726748
277256;29;1;2016;18:03;0;AV JOSE BASTOS;;;2426;;Colisão;Anoitecer;;;Meio de Quadra;;;0;0;2;1;1;0;0;0;0;0;0;0;-38,543333;-3,742853
280092;29;1;2016;05:27;0;RUA ROTARY;;;1001;;Colisão;Amanhecer;;;;;;0;1;1;1;0;0;0;0;0;1;0;0;-38,563377;-3,74352
280089;29;1;2016;05:01;15227;AV ABOLICAO;AV DES MOREIRA;;;;Colisão;Amanhecer;;;Cruz;Semáforo;Comercial;0;1;1;1;0;0;0;0;0;1;0;0;-38,495474;-3,727331
280085;29;1;2016;04:43;0;RUA VALMIR PONTES;;;1321;;Colisão;;;;Meio de Quadra;;;0;1;1;1;0;0;0;0;0;1;0;0;;
280074;29;1;2016;02:02;0;RUA PERNAMBUCO;;;1721;;Colisão;;;;Meio de Quadra;;;0;1;1;1;0;0;0;0;0;1;0;0;-38,573118;-3,756719
280078;29;1;2016;02:07;0;RUA FLORIANO PEIXOTO;;;2593;;Colisão;;;;Meio de Quadra;;;0;1;1;1;0;0;0;0;0;1;0;0;-38,533071;-3,74527
280081;29;1;2016;02:51;0;RD BR 116;;;;;Colisão;;;;Meio de Quadra;;;0;1;1;1;0;0;0;0;0;1;0;0;;
280083;29;1;2016;04:05;0;RUA BERNARDO MANUEL;;;10201;;Colisão;;;;Meio de Quadra;;;0;1;1;1;0;0;0;0;0;0;0;0;-38,554326;-3,808199
280059;29;1;2016;00:54;0;AV WASHINGTON SOARES;;;2000;;Colisão;;;;Meio de Quadra;;;0;1;1;1;0;0;0;0;0;1;0;0;-38,481598;-3,776479
280061;29;1;2016;01:10;0;AV SGT HERMINIO SAMPAIO;AV ENG SERRAINE;;5171;;Colisão;;;;;;;0;1;1;1;0;0;0;0;0;1;0;0;-38,585703;-3,73414
280157;29;1;2016;17:47;0;RUA COM GARCIA;;;2120;;Colisão;Anoitecer;;;Meio de Quadra;;;0;1;1;0;0;0;0;0;0;1;0;0;-38,589993;-3,800714
280145;29;1;2016;16:08;0;RUA ROBERTO SILVA;;;372;;Queda;Luz do Dia;;;Meio de Quadra;;;0;1;0;0;0;1;0;0;0;0;0;0;-38,47311;-3,772366
280155;29;1;2016;17:46;0;AV 13 DE MAIO;;;;;Atropelamento;Anoitecer;;;Meio de Quadra;;;0;1;1;1;0;0;0;0;0;0;0;0;;
280159;29;1;2016;18:14;0;RUA DRAGAO DO MAR;;;;;Queda;Anoitecer;;;Meio de Quadra;;;0;1;0;0;0;1;0;0;0;0;0;0;;
280105;29;1;2016;06:41;22822;RUA FRANCISCA BEZERRA;AV MAE LISBOA;;;;Colisão;Luz do Dia;;;;;;0;1;0;0;0;0;0;0;0;0;0;0;-38,460339;-3,807429
280108;29;1;2016;06:53;0;AV PRS CASTELO BRANCO;;;2531;;Colisão;Luz do Dia;;;Meio de Quadra;;;0;1;1;0;0;0;0;0;0;1;0;0;;
280109;29;1;2016;08:05;839;AV GOV RAUL BARBOSA;RUA MAJ JOSE ARAUJO AGUIAR;;;;Colisão;Luz do Dia;;;T;Pare;Comercial;0;1;1;1;0;0;0;0;0;1;0;0;-38,51302;-3,775451
280111;29;1;2016;14:07;5313;RUA VINTE E QUATRO DE MAIO;RUA PEDRO I;;;;Colisão Frontal;Luz do Dia;;;Cruz;Pare;Comercial;0;2;0;0;0;0;0;0;0;0;0;0;-38,532952;-3,72983
280112;29;1;2016;08:53;0;RUA ANTONIO ARRUDA;;;;;Colisão;Luz do Dia;;;Meio de Quadra;;;0;1;1;0;0;0;0;0;0;1;0;0;;
280117;29;1;2016;10:05;0;AV DOS EXPEDICIONARIOS;;;3160;;Colisão;Luz do Dia;;;Meio de Quadra;;;0;2;0;0;0;0;0;0;0;0;0;0;-38,53556;-3,746441
280122;29;1;2016;12:16;12836;AV DOMINGOS OLIMPIO;RUA BAR ARATANHA;;;;Colisão;Luz do Dia;;;Cruz;Semáforo;Comercial;0;1;0;0;0;0;0;0;0;0;0;0;-38,527953;-3,737562
280124;29;1;2016;12:52;0;RUA MOREIRA DA ROCHA;;;;;Colisão;Luz do Dia;;;Meio de Quadra;;;0;1;1;1;0;0;0;0;0;0;0;0;;
280127;29;1;2016;14:48;0;RUA LAGOA DO ABAETE;;;152;;Queda;Luz do Dia;;;Meio de Quadra;;;0;1;0;0;0;1;0;0;0;0;0;0;;
280129;29;1;2016;14:47;1716;AV GOV RAUL BARBOSA;RUA CAP ARAGAO;;;;Atropelamento;Luz do Dia;;;;;;0;1;1;0;0;0;0;0;0;1;0;0;-38,508802;-3,763977
280132;29;1;2016;15:35;0;AV A CJ CEARA;;;1250;;Colisão;Luz do Dia;;;Meio de Quadra;;;0;1;2;1;0;0;0;0;0;1;0;0;-38,605131;-3,772259
280134;29;1;2016;15:55;0;AV PASTEUR;;;;;Colisão;Luz do Dia;;;Meio de Quadra;;;0;1;0;0;0;0;0;0;0;0;0;0;;
280148;29;1;2016;16:36;0;AV MACIEL BEZERRA;;;1900;;Colisão;Luz do Dia;;;Meio de Quadra;;;0;1;1;0;0;0;0;0;0;1;0;0;;
280150;29;1;2016;17:43;8000;AV JOAO PESSOA;RUA DELMIRO FARIAS;;;;Colisão;Anoitecer;;;Cruz;Pare;Comercial;0;1;1;1;1;0;0;0;0;0;0;0;-38,547538;-3,750275
281496;29;1;2016;03:09;0;AV 13 DE MAIO;;;;;Colisão;;;;Meio de Quadra;;;0;0;2;0;0;0;0;0;0;0;0;0;;
281501;29;1;2016;07:05;0;AV GAL OSORIO DE PAIVA;;;476;;Colisão;Luz do Dia;;;Meio de Quadra;;;0;0;2;0;1;0;0;0;0;0;0;0;;
281502;29;1;2016;07:37;8125;RUA BENTO ALBUQUERQUE;RUA MANUEL DE QUEIROZ;;;;Colisão;Luz do Dia;;;Cruz;;Misto;0;0;2;1;0;0;0;0;0;0;0;0;-38,467393;-3,748837
281505;29;1;2016;08:11;0;RUA JOSE VILAR;;;965;;Colisão;Luz do Dia;;;Meio de Quadra;;;0;0;3;0;0;0;0;0;0;0;0;0;-38,504111;-3,734075
281508;29;1;2016;08:59;25661;RUA JOAO CAMINHA MUNIZ;RUA PDE VALDEVINO;;;;Colisão;Luz do Dia;;;Cruz;Semáforo;Comercial;0;0;2;0;0;0;0;0;0;0;0;0;-38,517015;-3,739059
281510;29;1;2016;09:03;9014;RUA FLORIANO PEIXOTO;RUA DEP JOAO PONTES;;;;Colisão;Luz do Dia;;;Cruz;Pare;Comercial;0;0;2;1;0;0;0;0;0;0;0;0;-38,533045;-3,745192
281512;29;1;2016;09:05;0;AV BORGES DE MELO;;;576;;Colisão;Luz do Dia;;;Meio de Quadra;;;0;1;1;0;0;0;0;0;0;0;0;0;-38,523961;-3,760919
281513;29;1;2016;09:41;0;RUA FRANCISCO HOLANDA;;;2612;;Colisão;Luz do Dia;;;Meio de Quadra;;;0;1;1;0;0;0;0;0;0;1;0;0;;
281514;29;1;2016;10:11;0;AV AGUANAMBI;;;945;;Colisão;Luz do Dia;;;Meio de Quadra;;;0;0;2;0;0;0;0;0;0;0;0;0;-38,525457;-3,745142
281519;29;1;2016;15:54;0;AV GAL OSORIO DE PAIVA;;;600;;Colisão;Luz do Dia;;;Meio de Quadra;;;0;0;2;0;0;0;0;0;0;0;0;0;-38,567831;-3,776469
281517;29;1;2016;10:41;24982;AV ALM HENRIQUE SABOIA;RUA CAROLINA SUCUPIRA;;;;Colisão;Luz do Dia;;;T;Semáforo;Residencial;0;0;2;0;0;0;0;0;0;0;0;0;-38,490003;-3,744387
281541;29;1;2016;11:28;25091;AV JOAO PESSOA;RUA TELES DE SOUZA;;;;Colisão;Luz do Dia;;;T;Semáforo;Comercial;0;0;2;0;0;0;0;0;0;0;0;0;-38,556423;-3,760203
281544;29;1;2016;14:29;0;RUA DEMETRIO MENEZES;;;1861;TERM. ANTONIO BEZERRA;Colisão;Luz do Dia;;;Meio de Quadra;;;0;0;2;0;0;0;0;0;0;0;0;0;-38,584051;-3,736655