COD_ACIDENTE;DIA;MES;ANO;HORA;INTERSECAO;LOG1;LOG2;LOG3;NUMERO;REFERENCIA;NATUREZA;ILUMINACAO;TEMPO;SUPERFICIEPISTA;TIPOCRUZAMENTO;CONTROLETRAFEGO;USOSOLO;MORTOS;FERIDOS;ILESOS;AUTOMOVEL;ONIBUS;BICICLETA;CAMINHAO;MICROONIBUS;CICLOMOTOR;MOTOCICLETA;TRACAOANIMAL;TREM;LONG;LAT
281548;29;1;2016;12:26;6723;AV ENG SANTANA JUNIOR;RUA VILEBALDO AGUIAR;;;;Colisão;Luz do Dia;;;T;Pare;Comercial;0;1;1;1;0;0;0;0;0;1;0;0;-38,485608;-3,741266
281552;29;1;2016;13:10;0;AV JOSE BASTOS;;;5244;;Colisão;Luz do Dia;;;Meio de Quadra;;;0;0;2;0;0;0;0;0;0;0;0;0;-38,562924;-3,758305
281559;29;1;2016;14:24;0;AV BEIRA MAR;;;4050;;Colisão;Luz do Dia;;;Meio de Quadra;;;0;1;1;1;0;0;0;0;0;1;0;0;-38,484328;-3,723239
281560;29;1;2016;14:25;0;RUA VIRIATO RIBEIRO;;;839;;Colisão;Luz do Dia;;;Meio de Quadra;;;0;0;2;0;0;0;0;0;0;0;0;0;-38,561296;-3,750241
281561;29;1;2016;14:43;11017;RUA LIVINO DE CARVALHO;TR IPIRANGA D39;;;;Colisão;Luz do Dia;;;Cruz;Não Há Controle;Residencial;0;0;2;0;0;0;0;0;0;0;0;0;-38,551895;-3,773591
281562;29;1;2016;14:44;24331;AV LUCIANO CARNEIRO;RUA ARMANDO MONTEIRO;;;;Colisão;Luz do Dia;;;Cruz;Pare;Comercial;0;1;1;1;0;0;0;0;0;0;0;0;-38,536219;-3,763454
281563;29;1;2016;15:10;0;RUA SILVA JATAHY;;;608;;Colisão;Luz do Dia;;;Meio de Quadra;;;0;0;2;0;0;0;0;0;0;0;0;0;;
281555;29;1;2016;14:05;0;RUA CAP OLAVO;;;1482;;Colisão;Luz do Dia;;;Meio de Quadra;;;0;0;2;0;0;0;0;0;0;0;0;0;-38,513815;-3,775563
281565;29;1;2016;15:11;5345;AV VIS RIO BRANCO;RUA PEDRO PEREIRA;;;;Colisão;Luz do Dia;;;;;;0;0;2;0;0;0;0;0;0;0;0;0;-38,525198;-3,730803
281574;29;1;2016;15:55;1295;RUA JOAQUIM NABUCO;RUA MARIA TOMASIA;;;;Colisão;Luz do Dia;;;Cruz;Pare;Comercial;0;0;2;1;0;0;0;0;0;0;0;0;-38,500962;-3,734264
281575;29;1;2016;15:56;0;AV DOS EXPEDICIONARIOS;;;2030;23-BC;Colisão;Luz do Dia;;;Meio de Quadra;;;0;1;1;0;1;0;0;0;0;1;0;0;-38,535977;-3,747893
281588;29;1;2016;17:15;0;AV OLIVEIRA PAIVA;;;2797;;Colisão;Anoitecer;;;Meio de Quadra;;;0;0;2;0;0;0;0;0;0;0;0;0;-38,482564;-3,795949
281589;29;1;2016;17:16;5159;AV IMPERADOR;RUA GUILHERME ROCHA;;;;Colisão;Anoitecer;;;Cruz;Semáforo;Comercial;0;1;1;1;0;0;0;0;0;1;0;0;-38,533829;-3,725081
281590;29;1;2016;17:47;0;AV CARAPINIMA;;;;;Colisão;Anoitecer;;;Meio de Quadra;;;0;0;2;0;0;0;0;0;0;0;0;0;;
281586;29;1;2016;17:10;10936;RUA ZACARIAS GONDIM;RUA ELCIAS LOPES;;;;Colisão;Anoitecer;;;;;;0;0;2;0;0;0;0;0;0;0;0;0;-38,559103;-3,769876
281592;29;1;2016;17:52;0;AV PRS COSTA E SILVA;;;2570;BALAO DO MONDUBIM;Colisão;Anoitecer;;;Meio de Quadra;;;0;0;2;1;0;0;0;0;0;0;0;0;-38,559224;-3,820692
281597;29;1;2016;18:51;0;RUA DEP MOREIRA DA ROCHA;;;;;Colisão;;;;Meio de Quadra;;;0;0;2;0;0;0;0;0;0;0;0;0;;
281594;29;1;2016;18:00;15367;RUA PEREIRA VALENTE;RUA CEL JUCA;;;;Colisão;Anoitecer;;;Cruz;Pare;Misto;0;0;2;0;0;0;0;0;0;0;0;0;-38,490267;-3,734439
281707;29;1;2016;18:57;15763;RUA TAQUATIARA;RUA HERBENE;;;;Colisão;;;;Cruz;Pare;Comercial;0;0;2;0;0;0;0;0;0;0;0;0;-38,504232;-3,829826
281708;29;1;2016;19:04;7809;RUA FRANCISCO HOLANDA;RUA VIS MAUA;;;;Colisão;;;;Cruz;Não Há Controle;Comercial;0;0;2;0;0;0;0;0;0;0;0;0;-38,503561;-3,749029
281709;29;1;2016;19:11;1432;AV SANTOS DUMONT;AV SEN VIRGILIO TAVORA;;;;Colisão;;;;Cruz;Semáforo;Comercial;0;0;2;0;0;0;0;0;0;0;0;0;-38,493482;-3,737828
281710;29;1;2016;19:20;0;AV LUCIANO CARNEIRO;;;1450;;Colisão;;;;Meio de Quadra;;;0;0;2;0;0;0;0;0;0;0;0;0;-38,535798;-3,762024
281711;29;1;2016;19:31;0;RUA SEN POMPEU;;;2607;;Colisão;;;;Meio de Quadra;;;0;0;2;1;0;0;0;0;0;0;0;0;-38,533965;-3,741253
281715;29;1;2016;20:10;0;AV DOS EXPEDICIONARIOS;;;7867;;Colisão;;;;Meio de Quadra;;;0;0;2;0;0;0;0;0;0;0;0;0;;
281716;29;1;2016;20:13;0;AV ALBERTO CRAVEIRO;;;2222;FAZENDA UIARAPURU;Colisão;;;;Meio de Quadra;;;0;0;2;1;0;0;0;0;0;0;0;0;-38,518629;-3,798007
281717;29;1;2016;20:31;0;RUA DES JOSE GIL DE CARVALHO;;;377;;Colisão;;;;Meio de Quadra;;;0;0;2;0;0;0;0;0;0;0;0;0;-38,490796;-3,802053
281720;29;1;2016;20:33;0;AV LINEU MACHADO;;;265;;Colisão;;;;Meio de Quadra;;;0;0;2;0;0;0;0;0;0;0;0;0;;
281722;29;1;2016;20:54;5062;RUA GAL SAMPAIO;RUA DR JOAO MOREIRA;;;;Colisão;;;;Cruz;Semáforo;Comercial;0;0;2;0;1;0;0;0;0;0;0;0;-38,529364;-3,72203
281725;29;1;2016;20:56;24978;AV ALM HENRIQUE SABOIA;RUA ISRAEL BEZERRA;;;;Colisão;;;;T;Não Há Controle;Misto;0;0;2;0;0;0;0;0;0;0;0;0;-38,494433;-3,75016
281728;29;1;2016;21:06;14583;AV EDILSON B SOARES;RUA REPUBLICA ARMENIA;;;;Colisão;;;;Cruz;Pare;Misto;0;0;2;0;0;0;0;0;0;0;0;0;-38,481363;-3,789517
281730;29;1;2016;21:08;7196;AV PASTEUR;RUA MARCILIO DIAS;;;;Colisão;;;;Cruz;Não Há Controle;Residencial;0;1;1;0;0;0;0;0;0;0;0;0;-38,558403;-3,709544
281731;29;1;2016;21:29;7642;RUA ESTADO DO RIO;RUA RIO GRANDE DO NORTE;;;;Colisão;;;;Cruz;Pare;Comercial;0;0;2;0;0;0;0;0;0;0;0;0;-38,569969;-3,757063
281734;29;1;2016;21:30;0;RUA ALBERTO MAGNO;;;75;;Colisão;;;;Meio de Quadra;;;0;0;4;1;0;0;0;0;0;0;0;0;-38,542022;-3,755833
281737;29;1;2016;22:02;189;AV CEL CARVALHO;RUA GAL GOIS MONTEIRO;;;;Colisão;;;;T;Não Há Controle;Comercial;0;0;2;0;0;0;0;0;0;0;0;0;;
281741;29;1;2016;22:43;5709;AV DES GONZAGA;AV OLIVEIRA PAIVA;;;;Colisão;;;;Cruz;Semáforo;Lazer;0;0;2;0;0;0;0;0;0;0;0;0;-38,499953;-3,797165
281745;29;1;2016;22:44;22665;AV ENG LEAL LIMA VERDE (SAPIRANGA/COITE);AV COS GOMES DE FREITAS (SAPIRANGA/COITE);;;;Colisão;;;;Rotatória;Dê Preferência;Comercial;0;0;2;0;0;0;0;0;0;0;0;0;-38,475739;-3,795341
277052;29;1;2016;10:30;4733;AV MIN JOSE AMERICO;AV WASHINGTON SOARES;;;;Colisão;Luz do Dia;Bom;Seca;;Dê Preferência;Outros;0;0;2;1;0;0;0;0;0;0;0;0;-38,479419;-3,81265
275757;29;1;2016;09:40;0;RD BR 116;;;3000;KM-03;Colisão Traseira;Luz do Dia;Bom;Seca;Meio de Quadra;;;0;1;2;1;0;0;0;0;0;1;0;0;-38,514372;-3,779838
274371;29;1;2016;04:00;0;AV ABOLICAO;RUA MANUEL JESUINO;;3855;;Tombamento;;;;;;;0;0;1;0;0;0;0;0;0;0;0;0;-38,484938;-3,725504
283779;30;1;2016;22:55;22928;RUA MAGNOLIA;RUA DR JUSTA ARAUJO D45;;;;Colisão;;;;Cruz;Não Há Controle;Residencial;0;0;2;0;0;0;0;0;0;1;0;0;-38,552922;-3,783361
277053;30;1;2016;09:15;0;RD CE-040;;;;KM-07;Colisão;Luz do Dia;Bom;Seca;Meio de Quadra;;;0;1;3;1;0;0;0;0;0;0;0;0;-38,478733;-3,809597
277055;30;1;2016;08:30;0;RD CE-025;;;;KM-02;Colisão;Luz do Dia;Bom;Seca;Meio de Quadra;;;0;1;1;0;0;0;0;0;0;1;0;0;-38,461085;-3,807635
277057;30;1;2016;12:40;0;AV SEN CARLOS JEREISSATI (AEROPORTO);;;;KM 03;Colisão;Luz do Dia;Bom;Seca;Meio de Quadra;;;0;0;2;0;0;0;0;0;0;0;0;0;-38,544038;-3,779641
281752;30;1;2016;02:39;1225;RUA ILDEFONSO ALBANO;RUA COSTA BARROS;;;;Colisão;;;;Cruz;Semáforo;Comercial;0;0;2;0;0;0;0;0;0;0;0;0;-38,512227;-3,730135
281763;30;1;2016;06:48;0;AV DOS EXPEDICIONARIOS;;;7148;AEROPORTO;Colisão;Luz do Dia;;;Meio de Quadra;;;0;0;2;0;0;0;0;0;0;0;0;0;-38,543014;-3,770965
281765;30;1;2016;07:31;0;AV BORGES DE MELO;;;;;Choque c/ Obstáculo Fixo;Luz do Dia;;;Meio de Quadra;;;0;0;1;1;0;0;0;0;0;0;0;0;;
281781;30;1;2016;07:51;1394;RUA TIBURCIO CAVALCANTE;RUA TORRES CAMARA;;;;Colisão;Luz do Dia;;;Cruz;;Residencial;0;0;2;0;0;0;0;0;0;0;0;0;-38,502906;-3,736933
281785;30;1;2016;08:27;12849;RUA SALDANHA MARINHO;RUA ASSUNCAO;;;;Colisão;Luz do Dia;;;Cruz;Pare;Misto;0;0;2;1;0;0;0;0;0;1;0;0;-38,531231;-3,742314
281792;30;1;2016;08:40;5504;RUA JOAO CORDEIRO;RUA PDE VALDEVINO;;;;Colisão;Luz do Dia;;;Cruz;Semáforo;Residencial;0;0;2;1;0;0;0;0;0;0;0;0;-38,51755;-3,738896
281896;30;1;2016;10:15;0;RUA CEL GUILHERME ALENCAR;;;249;;Colisão;Luz do Dia;;;Meio de Quadra;;;0;0;2;0;0;0;0;0;0;0;0;0;-38,491893;-3,832429
281897;30;1;2016;10:16;23591;RUA ISRAEL BEZERRA;AV ENG SANTANA JUNIOR;;;;Colisão;Luz do Dia;;;T;Pare;Comercial;0;0;2;0;0;0;0;0;0;0;0;0;-38,490505;-3,751428
281899;30;1;2016;10:19;5328;AV DUQ CAXIAS;AV TRISTAO GONCALVES;;;;Colisão;Luz do Dia;;;Cruz;Semáforo;Comercial;0;0;2;0;0;0;0;0;0;0;0;0;-38,534196;-3,7304
281900;30;1;2016;10:20;0;AV GAL OSORIO DE PAIVA;;;3446;;Colisão;Luz do Dia;;;Meio de Quadra;;;0;0;2;0;0;0;0;0;0;0;0;0;-38,589057;-3,791345
281901;30;1;2016;11:09;0;AV CEL CARVALHO;;;;;Colisão;Luz do Dia;;;Meio de Quadra;;;0;1;1;0;0;0;0;0;0;0;0;0;;
281903;30;1;2016;11:27;0;RUA EMILIO DE MENESES;;;750;;Colisão;Luz do Dia;;;Meio de Quadra;;;0;0;2;0;0;0;0;0;0;0;0;0;-38,588338;-3,781486
281904;30;1;2016;11:47;10405;RUA JOSE MENDONCA;AV GENIBAU;;;;Colisão;Luz do Dia;;;T;Pare;Residencial;0;1;1;1;0;0;0;0;0;1;0;0;-38,602771;-3,760237
281906;30;1;2016;12:37;0;RUA GUILHERME ALMEIDA;;;266;;Colisão;Luz do Dia;;;Meio de Quadra;;;0;0;2;0;0;0;0;0;0;0;0;0;;
281907;30;1;2016;12:42;0;AV AGUANAMBI;;;1565;;Colisão;Luz do Dia;;;Meio de Quadra;;;0;0;3;1;0;0;0;0;0;0;0;0;-38,523564;-3,750958
281909;30;1;2016;12:55;1453;AV RUI BARBOSA;AV HERACLITO GRACA;;;;Colisão;Luz do Dia;;;Cruz;Semáforo;Comercial;0;0;3;0;0;0;0;0;0;0;0;0;-38,510199;-3,738357
281911;30;1;2016;13:17;0;AV CEL CARVALHO;;;2158;;Colisão;Luz do Dia;;;Meio de Quadra;;;0;0;2;0;1;0;0;0;0;0;0;0;-38,586904;-3,721351
281929;30;1;2016;13:55;26077;AV DUQ CAXIAS;AV JOSE JATAHY;;;;Colisão;Luz do Dia;;;T;Pare;Comercial;0;0;2;0;0;0;0;0;0;0;0;0;;
281934;30;1;2016;14:00;21345;RUA DOM MANUEL DE MEDEIROS;RUA JOSE SOMBRA;;;;Colisão;Luz do Dia;;;Cruz;Pare;Residencial;0;0;2;1;0;0;0;0;0;0;0;0;-38,54678;-3,735546
281941;30;1;2016;14:37;743;AV PASTEUR;AV PRS CASTELO BRANCO;;;;Colisão;Luz do Dia;;;Cruz;Semáforo;Comercial;0;0;2;1;0;0;0;0;0;0;0;0;-38,558856;-3,711181
281946;30;1;2016;15:55;0;AV H CJ CEARA;;;2202;;Colisão;Luz do Dia;;;Meio de Quadra;;;0;0;2;0;0;0;0;0;0;0;0;0;-38,617985;-3,776667
281949;30;1;2016;16:19;18387;AV OLAVO BILAC;AV SGT HERMINIO SAMPAIO;;;;Colisão;Luz do Dia;;;Cruz;Semáforo;Residencial;0;0;1;0;0;0;0;0;0;0;0;0;-38,56508;-3,727179
281974;30;1;2016;17:06;0;RUA PAULO RIBEIRO;;;185;;Colisão;Anoitecer;;;Meio de Quadra;;;0;0;2;0;0;0;0;0;0;0;0;0;;
281977;30;1;2016;17:15;15194;RUA DEP MOREIRA DA ROCHA;RUA ILDEFONSO ALBANO;;;;Colisão;Anoitecer;;;Cruz;Pare;Residencial;0;1;1;1;0;0;0;0;0;1;0;0;-38,511072;-3,72648
281980;30;1;2016;17:28;1219;RUA COSTA BARROS;RUA JOAO CORDEIRO;;;;Colisão;Anoitecer;;;Cruz;Semáforo;Residencial;0;0;2;0;0;0;0;0;0;0;0;0;-38,514331;-3,729449
281981;30;1;2016;17:42;0;RUA FRE ODILON;;;624;;Colisão;Anoitecer;;;Meio de Quadra;;;0;0;2;0;0;0;0;0;0;0;0;0;;
281983;30;1;2016;17:51;0;AV N CJ JOSE WALTER;;;;;Colisão;Anoitecer;;;Meio de Quadra;;;0;1;1;0;0;0;0;0;0;0;0;0;;
281987;30;1;2016;18:27;18299;RUA JOSE AVELINO;RUA SEN ALMINO;;;;Colisão;Anoitecer;;;Cruz;Pare;Comercial;0;0;2;1;0;0;0;0;0;0;0;0;-38,517954;-3,722476
282033;30;1;2016;19:52;0;VL DO MAR;;;1337;;Colisão;;;;Meio de Quadra;;;0;0;2;0;0;0;0;0;0;0;0;0;;
282034;30;1;2016;19:54;0;AV SEN CARLOS JEREISSATI (AEROPORTO);;;513;;Colisão;;;;Meio de Quadra;;;0;0;2;0;0;0;0;0;0;0;0;0;;
282035;30;1;2016;20:49;0;RUA MARIA GOMES DE SA;;;;;Colisão;;;;Meio de Quadra;;;0;0;2;0;0;0;0;0;0;0;0;0;;
282046;30;1;2016;21:18;3863;AV 13 DE MAIO;AV DOS EXPEDICIONARIOS;;;;Colisão;;;;;;;0;0;2;0;0;0;0;0;0;0;0;0;;
282051;30;1;2016;21:26;12495;RUA ERNESTO PEDRO SANTOS;AV CARNEIRO DE MENDONCA;;;;Colisão;;;;Cruz;Pare;Residencial;0;0;2;0;0;0;0;0;0;0;0;0;-38,574887;-3,760006
282053;30;1;2016;21:28;1307;AV SANTOS DUMONT;RUA NUNES VALENTE;;;;Colisão;;;;Cruz;Pare;Comercial;0;0;2;0;0;0;0;0;0;0;0;0;-38,503229;-3,734663
282057;30;1;2016;21:36;0;AV HIS RAIMUNDO GIRAO;;;885;;Colisão;;;;Meio de Quadra;;;0;0;2;0;0;0;0;0;0;0;0;0;;
282065;30;1;2016;23:36;21204;RUA ESPIRITO SANTO;RUA PERNAMBUCO;;;;Colisão;;;;T;Pare;Residencial;0;0;2;0;0;0;0;0;0;0;0;0;-38,571345;-3,758113
282067;30;1;2016;23:46;15327;RUA ANA BILHAR;AV SEN VIRGILIO TAVORA;;;;Colisão;;;;Cruz;Semáforo;Residencial;0;0;2;0;0;0;0;0;0;0;0;0;-38,491262;-3,730893
280306;30;1;2016;11:33;0;RUA POMPILIO GOMES;;;1735;;Atropelamento;Luz do Dia;;;Meio de Quadra;;;0;1;1;0;0;0;0;0;0;1;0;0;-38,521206;-3,826962
280280;30;1;2016;10:03;0;AV MON AMARILIO RODRIGUES;;;116;;Choque c/ Obstáculo Fixo;Luz do Dia;;;Meio de Quadra;;;0;1;0;0;0;0;0;0;0;0;0;0;;
280281;30;1;2016;10:10;0;AV JOR THOMAZ COELHO;;;;;Colisão;Luz do Dia;;;Meio de Quadra;;;0;1;2;1;0;0;0;0;0;1;0;0;;
280266;30;1;2016;08:52;12871;RUA BAR ARATANHA;RUA JOAQUIM MAGALHAES;;;;Colisão;Luz do Dia;;;Cruz;Pare;Residencial;0;1;1;1;0;0;0;0;0;1;0;0;-38,528666;-3,739716
280267;30;1;2016;09:14;0;AV PRO GOMES DE MATOS;;;1181;;Colisão;Luz do Dia;;;Meio de Quadra;;;0;1;1;1;0;0;0;0;0;1;0;0;-38,547075;-3,762864
280268;30;1;2016;09:17;0;RUA SAO DOMINGOS;;;478;;Colisão;Luz do Dia;;;Meio de Quadra;;;0;1;0;0;0;0;0;0;0;0;0;0;;
280278;30;1;2016;09:36;0;RUA DO POENTE;;;444;;Colisão;Luz do Dia;;;Meio de Quadra;;;0;1;1;1;0;0;0;0;0;1;0;0;-38,580307;-3,697719
280283;30;1;2016;10:13;0;AV PRS COSTA E SILVA;;;2474;;Colisão;Luz do Dia;;;Meio de Quadra;;;0;1;1;1;0;0;0;0;0;1;0;0;-38,559893;-3,820366
280284;30;1;2016;10:24;0;AV GAL OSORIO DE PAIVA;;;6120;;Atropelamento;Luz do Dia;;;Meio de Quadra;;;0;1;1;1;0;0;0;0;0;0;0;0;-38,606905;-3,809751
280285;30;1;2016;10:45;0;RUA CON DE CASTRO;;;1160;;Colisão;Luz do Dia;;;Meio de Quadra;;;0;1;1;1;0;0;0;0;0;1;0;0;-38,571096;-3,782469
280286;30;1;2016;11:00;0;AV PRS COSTA E SILVA;;;1747;;Atropelamento;Luz do Dia;;;Meio de Quadra;;;0;1;1;0;0;0;0;0;0;0;0;0;;
280287;30;1;2016;11:31;0;AV CASTELO DE CASTRO;;;1723;;Colisão;Luz do Dia;;;Meio de Quadra;;;0;2;0;0;0;0;0;0;0;0;0;0;;
280316;30;1;2016;13:56;0;AV J CJ CEARA;;;2050;;Colisão;Luz do Dia;;;Meio de Quadra;;;0;1;1;1;0;0;0;0;0;1;0;0;;
280317;30;1;2016;14:00;0;AV N CJ CEARA;;;2140;;Colisão;Luz do Dia;;;Meio de Quadra;;;0;1;1;1;0;0;0;0;0;1;0;0;;
280318;30;1;2016;14:12;0;RUA TOMAS EDSON;;;831;;Engavetamento;Luz do Dia;;;Meio de Quadra;;;0;1;1;1;0;0;0;0;0;1;0;0;;
280319;30;1;2016;14:26;0;RUA PORTO VELHO;RUA MACEIO;;1126;;Colisão;Luz do Dia;;;;;;0;3;0;0;0;0;0;0;0;0;0;0;-38,590257;-3,764212
280320;30;1;2016;14:54;0;RUA BRUNO VALENTE;;;364;;Queda;Luz do Dia;;;Meio de Quadra;;;0;1;0;0;0;1;0;0;0;0;0;0;-38,538984;-3,787496
280321;30;1;2016;15:04;0;AV WASHINGTON SOARES;;;261;;Queda;Luz do Dia;;;Meio de Quadra;;;0;1;0;0;0;0;0;0;0;1;0;0;;
280322;30;1;2016;15:15;0;AV OLAVO BILAC;;;77;;Atropelamento;Luz do Dia;;;Meio de Quadra;;;0;1;1;0;0;0;0;0;0;1;0;0;-38,566758;-3,721946
280311;30;1;2016;13:05;0;RUA ILDEFONSO ALBANO;;;270;;Colisão;Luz do Dia;;;Meio de Quadra;;;0;1;1;1;0;0;0;0;0;1;0;0;;
280312;30;1;2016;13:30;5224;RUA PEREIRA FILGUEIRAS;RUA DOM JOAQUIM;;;;Colisão;Luz do Dia;;;Cruz;Pare;Residencial;0;1;1;1;0;0;0;0;0;1;0;0;-38,517098;-3,72699
280313;30;1;2016;13:31;0;AV PRS COSTA E SILVA;;;3448;;Colisão;Luz do Dia;;;Meio de Quadra;;;0;1;2;0;1;0;1;0;1;0;0;0;;
280308;30;1;2016;11:56;0;AV AUGUSTO DOS ANJOS;;;898;;Colisão;Luz do Dia;;;Meio de Quadra;;;0;1;1;0;0;0;0;0;0;1;0;0;-38,575202;-3,775681
280309;30;1;2016;12:53;5460;RUA NOGUEIRA ACIOLI;AV HERACLITO GRACA;;;;Atropelamento;Luz do Dia;;;Duplo T;Semáforo;Comercial;0;1;1;1;0;0;0;0;0;0;0;0;;
280324;30;1;2016;15:35;0;RUA RICARDO PONTES;;;998;;Colisão;Luz do Dia;;;Meio de Quadra;;;0;1;1;1;0;0;0;0;0;1;0;0;;
280336;30;1;2016;16:01;0;RUA GEORGE CAVALCANTE;;;671;;Colisão;Luz do Dia;;;Meio de Quadra;;;0;1;1;1;0;1;0;0;0;0;0;0;;
280341;30;1;2016;16:02;0;RUA URUCUTUBA;;;2016;;Atropelamento;Luz do Dia;;;Meio de Quadra;;;0;1;1;1;0;0;0;0;0;0;0;0;-38,614811;-3,798596
280345;30;1;2016;16:19;0;AV WASHINGTON SOARES;;;6284;;Colisão;Luz do Dia;;;Meio de Quadra;;;0;1;0;0;0;0;0;0;0;0;0;0;-38,480787;-3,814229
280254;30;1;2016;03:28;0;AV MAE LISBOA;;;;;Colisão;;;;Meio de Quadra;;;0;1;1;1;0;0;0;0;0;1;0;0;;
280255;30;1;2016;04:01;0;AV JOSE BASTOS;;;;;Colisão;;;;Meio de Quadra;;;0;1;2;1;0;0;0;0;0;1;0;0;;
280252;30;1;2016;03:27;0;RUA PDE PEDRO DE ALENCAR;;;2201;;Colisão;;;;Meio de Quadra;;;0;1;1;0;0;0;1;0;0;1;0;0;-38,494799;-3,848292
280260;30;1;2016;06:33;0;AV CEL CARVALHO;;;597;;Colisão;Luz do Dia;;;Meio de Quadra;;;0;1;0;0;0;0;0;0;0;0;0;0;;
280261;30;1;2016;06:37;0;RUA MARIA JULIA;RUA PEDRO MARTINS;;1610;;Colisão;Luz do Dia;;;;;;0;1;1;1;0;0;0;0;0;1;0;0;-38,601893;-3,799171
280262;30;1;2016;06:54;0;RUA MIGUEL GURGEL;;;;;Colisão;Luz do Dia;;;Meio de Quadra;;;0;1;1;1;0;0;0;0;0;1;0;0;;
280258;30;1;2016;04:49;0;AV 20 DE JANEIRO;;;2234;;Colisão;;;;Meio de Quadra;;;0;1;1;1;0;0;0;0;0;1;0;0;-38,585936;-3,703433
280264;30;1;2016;08:15;23407;RUA CAP TIBURCIO DA FROTA;RUA BARROS LEAL;;;;Colisão;Luz do Dia;;;Cruz;Pare;Residencial;0;1;1;1;0;0;0;0;0;1;0;0;;
280393;30;1;2016;22:05;5112;RUA CASTRO E SILVA;RUA BAR RIO BRANCO;;;;Colisão;;;;Cruz;Semáforo;Comercial;0;1;0;0;0;0;0;0;0;0;0;0;-38,527429;-3,723847
280384;30;1;2016;22:01;0;RUA MARCILIO DIAS;;;692;;Colisão;;;;Meio de Quadra;;;0;1;1;0;0;0;0;0;0;1;0;0;-38,551943;-3,711388
280385;30;1;2016;22:04;15320;RUA ANA BILHAR;RUA CEL LINHARES;;;;Colisão;;;;Cruz;Pare;Residencial;0;1;1;1;0;0;0;0;0;0;0;0;-38,492228;-3,730568
280381;30;1;2016;21:50;0;AV SEN FERNANDES TAVORA;;;1599;;Colisão;;;;Meio de Quadra;;;0;1;1;1;0;0;0;0;0;1;0;0;-38,586858;-3,759677
280354;30;1;2016;16:41;0;RUA JOSE MENELEU D41;;;268;;Colisão;Luz do Dia;;;Meio de Quadra;;;0;1;0;0;0;0;0;0;0;0;0;0;-38,559385;-3,78265
280356;30;1;2016;16:52;0;RUA ANDRE REBOUCAS;;;305;;Colisão;Luz do Dia;;;Meio de Quadra;;;0;1;1;0;0;0;0;0;0;0;0;0;;
280357;30;1;2016;16:54;0;AV IMPERADOR;;;679;;Colisão;Luz do Dia;;;Meio de Quadra;;;0;2;1;0;0;0;0;0;0;1;0;0;-38,534488;-3,727305
280368;30;1;2016;17:00;25070;AV DOS EXPEDICIONARIOS;RUA ALM RUFINO;;;;Colisão;Anoitecer;;;Cruz;Semáforo Intermitente;Comercial;0;1;1;0;0;0;0;0;0;0;0;0;-38,541286;-3,765289
280369;30;1;2016;17:16;0;AV SGT HERMINIO SAMPAIO;;;4143;;Queda;Anoitecer;;;Meio de Quadra;;;0;1;0;0;0;0;0;0;0;1;0;0;-38,57715;-3,73069
280370;30;1;2016;17:48;2980;RUA MARIA JULIA;RUA MARANGUAPE D50;;;;Queda;Anoitecer;;;;;;0;1;0;0;0;1;0;0;0;0;0;0;-38,602951;-3,801463
280371;30;1;2016;18:06;0;AV ODILON GUIMARAES;;;2567;;Queda;Anoitecer;;;Meio de Quadra;;;0;1;0;0;0;0;0;0;0;1;0;0;-38,472654;-3,817331
280372;30;1;2016;19:11;0;AV PRS COSTA E SILVA;;;;;Colisão;;;;Meio de Quadra;;;0;1;1;0;1;1;0;0;0;0;0;0;;
280373;30;1;2016;19:33;0;AV CEL CARVALHO;;;;;Colisão;;;;Meio de Quadra;;;0;1;0;0;0;0;0;0;0;0;0;0;;
280375;30;1;2016;20:34;0;RUA DNA MENDINHA;;;760;;Colisão;;;;Meio de Quadra;;;0;1;1;1;0;0;0;0;0;1;0;0;-38,570031;-3,709414
280376;30;1;2016;21:21;0;AV MIGUEL DIAS;;;;;Colisão;;;;Meio de Quadra;;;0;1;2;1;0;0;0;0;0;1;0;0;;
280565;30;1;2016;07:36;0;AV GAL OSORIO DE PAIVA;;;8500;;Choque c/ Obstáculo Fixo;Luz do Dia;;;;;;0;1;0;0;0;0;0;0;0;1;0;0;-38,62417;-3,827455
280160;30;1;2016;00:49;0;RUA FRANCISCANO;;;;;Queda;;;;Meio de Quadra;;;0;1;0;0;0;0;0;0;0;1;0;0;;
280166;30;1;2016;01:04;19683;RUA PRO JOSE DE BARCELOS;RUA AZEVEDO BOLAO;;;;Queda;;;;Cruz;Gesto;Comercial;0;1;0;0;0;0;0;0;0;1;0;0;-38,55061;-3,735196
280169;30;1;2016;01:13;0;RUA CEL FABRICIANO;;;1323;;Queda;;;;Meio de Quadra;;;0;1;0;0;0;0;0;0;0;1;0;0;-38,603728;-3,783908
280181;30;1;2016;01:20;0;RUA SAMUEL WAYNE;;;;;Capotamento;;;;Meio de Quadra;;;0;1;1;1;0;0;0;0;0;0;0;0;;
280182;30;1;2016;01:27;10963;RUA 15 DE NOVEMBRO;RUA ANTONIO FIUZA;;;;Colisão;;;;Cruz;Semáforo;Residencial;0;2;0;1;0;0;0;0;0;0;0;0;-38,552228;-3,770252
280190;30;1;2016;01:37;0;AV A CJ JOSE WALTER;;;;;Queda;;;;Meio de Quadra;;;0;1;0;0;0;0;0;0;0;1;0;0;;
280192;30;1;2016;01:42;0;AV AGUANAMBI;;;1470;;Colisão;;;;Meio de Quadra;;;0;1;1;1;0;0;0;0;0;0;0;0;-38,523763;-3,749716
280194;30;1;2016;01:53;25931;RUA STO AMARO DO PICI;RUA SAO FRANCISCO DO PICI;;;;Queda;;;;;;;0;1;1;0;0;0;0;0;0;1;0;0;;
280195;30;1;2016;01:56;0;AV CONTORNO SUL;;;10;;Colisão;;;;Meio de Quadra;;;0;2;0;0;0;0;0;0;0;0;0;0;-38,515157;-3,835521
280196;30;1;2016;01:58;0;RUA VALPARAISO;;;;;Colisão;;;;Meio de Quadra;;;0;1;1;1;0;0;0;0;0;1;0;0;;