COD_ACIDENTE;DIA;MES;ANO;HORA;INTERSECAO;LOG1;LOG2;LOG3;NUMERO;REFERENCIA;NATUREZA;ILUMINACAO;TEMPO;SUPERFICIEPISTA;TIPOCRUZAMENTO;CONTROLETRAFEGO;USOSOLO;MORTOS;FERIDOS;ILESOS;AUTOMOVEL;ONIBUS;BICICLETA;CAMINHAO;MICROONIBUS;CICLOMOTOR;MOTOCICLETA;TRACAOANIMAL;TREM;LONG;LAT
280213;30;1;2016;02:01;0;AV CARAPINIMA;;;;;Queda;;;;Meio de Quadra;;;0;1;0;0;0;0;0;0;0;1;0;0;;
280214;30;1;2016;02:32;10596;RUA ATILANO MOURA;RUA FRANCISCO F FILHO;;;;Colisão;;;;T;Pare;Comercial;0;1;1;1;0;1;0;0;0;0;0;0;-38,488752;-3,762899
280215;30;1;2016;02:51;0;AV MR HULL;;;;;Colisão;;;;Meio de Quadra;;;0;1;1;1;0;0;0;0;0;1;0;0;;
280216;30;1;2016;03:12;0;RUA CARNAUBAL;RUA RIO PARAGUAI;;557;;Colisão;;;;Meio de Quadra;;;0;4;1;1;0;0;0;0;0;0;0;0;-38,583347;-3,722512
285423;30;1;2016;12:40;0;AV SEN CARLOS JEREISSATI (AEROPORTO);;;733;PASSARELA;Choque c/ Obstáculo Fixo;Luz do Dia;;;Meio de Quadra;;;1;1;1;0;1;0;0;0;0;0;0;0;-38,523786;-3,783081
277261;30;1;2016;20:57;0;VL STA ELISA D04;;;;;Colisão;;;;Meio de Quadra;;;0;0;2;1;1;0;0;0;0;0;0;0;;
282081;31;1;2016;09:51;9222;RUA GRACILIANO RAMOS;RUA GAL SILVA JUNIOR;;;;Colisão;Luz do Dia;;;Cruz;Pare;Residencial;0;1;1;1;1;0;0;0;0;0;0;0;-38,530158;-3,753567
282077;31;1;2016;06:57;0;RUA INES DANTAS DE MENEZES;;;29;;Colisão;Luz do Dia;;;Meio de Quadra;;;0;0;2;0;0;0;0;0;0;0;0;0;;
282078;31;1;2016;07:09;15269;AV RUI BARBOSA;RUA TEN BENEVOLO;;;;Colisão;Luz do Dia;;;Cruz;Semáforo;Residencial;0;1;1;1;1;0;0;0;0;0;0;0;-38,507048;-3,728685
282084;31;1;2016;08:06;0;AV DR SILAS MUNGUBA;;;1700;UECE;Choque c/ Obstáculo Fixo;Luz do Dia;;;Meio de Quadra;;;0;0;1;0;0;0;0;0;0;0;0;0;-38,552146;-3,785318
282087;31;1;2016;10:27;13592;RUA PRO CARVALHO;AV PONTES VIEIRA;;;;Colisão;Luz do Dia;;;Cruz;Semáforo;Comercial;0;0;2;0;0;0;0;0;0;0;0;0;-38,514949;-3,75289
282089;31;1;2016;10:40;15175;AV ABOLICAO;RUA NUNES VALENTE;;;;Colisão;Luz do Dia;;;Cruz;Pare;Misto;0;0;2;0;0;0;0;0;0;0;0;0;-38,500384;-3,72575
282094;31;1;2016;11:12;0;AV PRS COSTA E SILVA;;;;JOSE WALTER;Colisão;Luz do Dia;;;Meio de Quadra;;;0;0;2;0;0;0;0;0;0;0;0;0;;
282100;31;1;2016;11:21;0;RUA CEL FRANCISCO ALVES RIBEIRO;;;241;;Colisão;Luz do Dia;;;Meio de Quadra;;;0;0;2;0;0;0;0;0;0;0;0;0;-38,509654;-3,831917
282106;31;1;2016;13:12;4875;RUA CON DE CASTRO;RUA JARDIM FLUMINENSE;;;;Colisão;Luz do Dia;;;T;Semáforo;Residencial;0;0;2;0;0;0;0;0;0;0;0;0;-38,597948;-3,812831
282107;31;1;2016;14:09;25729;AV TRISTAO GONCALVES;RUA ANTONIO POMPEU;;;;Colisão;Luz do Dia;;;Cruz;Semáforo;Comercial;0;0;2;0;0;0;0;0;0;0;0;0;-38,535088;-3,733388
282109;31;1;2016;14:31;0;RUA H ESPL CASTELAO;;;230;;Colisão;Luz do Dia;;;Meio de Quadra;;;0;0;2;0;0;0;0;1;0;0;0;0;;
282110;31;1;2016;14:51;15141;AV MON TABOSA;RUA CARLOS VASCONCELOS;;;;Colisão;Luz do Dia;;;Cruz;Semáforo;Comercial;0;0;2;0;0;0;0;0;0;0;0;0;-38,507985;-3,724289
282112;31;1;2016;15:07;1585;RUA PDE VALDEVINO;RUA TIBURCIO CAVALCANTE;;;;Colisão;Luz do Dia;;;Cruz;Semáforo;Residencial;0;0;2;0;0;0;0;0;0;0;0;0;-38,504815;-3,742915
282114;31;1;2016;15:55;7957;AV PONTES VIEIRA;AV BAR STUDART;;;;Colisão;Luz do Dia;;;T;Semáforo;Comercial;0;0;2;0;0;0;0;0;0;0;0;0;-38,512361;-3,75259
282116;31;1;2016;16:33;9246;RUA BAR RIO BRANCO;AV 13 DE MAIO;;;;Colisão;Luz do Dia;;;Cruz;Semáforo;Comercial;0;0;2;0;0;0;0;0;0;0;0;0;-38,534255;-3,745129
282119;31;1;2016;16:44;0;AV JOAO PESSOA;;;4680;COLEGIO GUSTAVO BRAGA;Colisão;Luz do Dia;;;Meio de Quadra;;;0;0;2;0;0;0;0;0;0;0;0;0;-38,549874;-3,752883
282125;31;1;2016;17:30;15170;AV ABOLICAO;RUA JOSE VILAR;;;;Colisão;Anoitecer;;;Cruz;Pare;Residencial;0;0;2;0;0;0;0;0;0;0;0;0;-38,501373;-3,725435
282131;31;1;2016;18:18;0;AV PRS JUSCELINO KUBITSCHEK (PASSARÉ);;;;ROTATÓRIA CASTELÃO;Colisão;Anoitecer;;;Meio de Quadra;;;0;0;2;0;0;0;0;0;0;0;0;0;;
282132;31;1;2016;19:18;7926;AV ANTONIO SALES;RUA BARBOSA DE FREITAS;;;;Colisão;;;;Cruz;Semáforo;Residencial;0;0;2;0;0;0;0;0;0;0;0;0;-38,500407;-3,746051
282133;31;1;2016;19:39;0;AV BENJAMIM BRASIL;;;626;;Colisão;;;;Meio de Quadra;;;0;0;2;0;0;0;0;0;0;0;0;0;-38,567642;-3,804619
282140;31;1;2016;20:57;0;RUA NAT FEIJO;;;297;;Colisão;;;;Meio de Quadra;;;0;0;2;0;0;0;0;0;0;0;0;0;-38,551502;-3,722612
282141;31;1;2016;21:26;1382;AV BAR STUDART;RUA AFONSO CELSO;;;;Colisão;;;;Cruz;Não Há Controle;Comercial;0;0;2;1;0;0;0;0;0;0;0;0;-38,507303;-3,736782
280570;31;1;2016;09:15;0;AV WASHINGTON SOARES;;;;;Queda;Luz do Dia;;;Meio de Quadra;;;0;1;1;0;0;0;0;0;0;1;0;0;;
280571;31;1;2016;09:43;0;AV CASTELO DE CASTRO;;;2496;;Queda;Luz do Dia;;;Meio de Quadra;;;0;1;0;0;0;1;0;0;0;0;0;0;-38,522796;-3,849366
280572;31;1;2016;09:48;0;RUA MARIO FILHO;;;42;;Colisão;Luz do Dia;;;Meio de Quadra;;;0;1;1;1;0;0;0;0;0;1;0;0;-38,581134;-3,809682
280575;31;1;2016;11:10;0;RUA EMILIO DE MENESES;;;;;Colisão;Luz do Dia;;;Meio de Quadra;;;0;1;2;1;0;0;0;0;0;1;0;0;;
280578;31;1;2016;13:06;0;RUA SILVIO ROMERO;;;59;;Queda;Luz do Dia;;;Meio de Quadra;;;0;1;0;0;0;0;0;0;0;1;0;0;;
280580;31;1;2016;13:18;0;RUA PEDRO AMERICO;;;49;;Colisão;Luz do Dia;;;Meio de Quadra;;;0;1;0;0;0;0;0;0;0;0;0;0;-38,565671;-3,709698
280559;31;1;2016;07:15;0;AV LUCIANO CARNEIRO;;;;;Queda;Luz do Dia;;;Meio de Quadra;;;0;1;0;0;0;0;0;0;0;1;0;0;;
280587;31;1;2016;13:39;0;RUA APOCALIPSE (MONDUBIM);;;725;;Queda;Luz do Dia;;;Meio de Quadra;;;0;1;0;0;0;0;0;0;0;1;0;0;;
280588;31;1;2016;13:42;0;RD BR 116;;;;;Colisão;Luz do Dia;;;Meio de Quadra;;;0;1;0;0;0;0;0;0;0;0;0;0;;
280591;31;1;2016;13:55;0;RUA COM GARCIA;;;2160;;Colisão;Luz do Dia;;;Meio de Quadra;;;0;1;1;1;0;0;0;0;0;1;0;0;-38,590248;-3,800996
280592;31;1;2016;14:40;0;AV COSTA OESTE;;;225;;Colisão;Luz do Dia;;;Meio de Quadra;;;0;1;1;1;0;0;0;0;0;1;0;0;;
280593;31;1;2016;15:25;0;RUA VALPARAISO;;;2020;;Queda;Luz do Dia;;;Meio de Quadra;;;0;0;1;0;0;0;0;0;0;1;0;0;-38,519966;-3,846398
280601;31;1;2016;16:13;0;RUA CANDIDO MAIA;;;294;;Atropelamento;Luz do Dia;;;Meio de Quadra;;;0;1;1;1;0;0;0;0;0;0;0;0;;
280602;31;1;2016;16:20;0;AV PERIMETRAL;;;160;;Queda;Luz do Dia;;;;;;0;1;0;0;0;0;0;0;0;1;0;0;;
280619;31;1;2016;16:30;0;AV PRS CASTELO BRANCO;;;4300;;Colisão;Luz do Dia;;;Meio de Quadra;;;0;1;1;1;0;0;0;0;0;1;0;0;-38,570575;-3,707613
280620;31;1;2016;17:27;0;RUA CON DE CASTRO;;;8724;;Colisão;Anoitecer;;;;;;0;1;1;0;0;0;0;0;0;1;0;0;-38,604223;-3,821354
280625;31;1;2016;17:39;0;RUA NELSON COELHO;;;587;;Colisão;Anoitecer;;;Meio de Quadra;;;0;1;0;0;0;0;0;0;0;0;0;0;-38,462794;-3,830191
280629;31;1;2016;19:04;0;AV ROGACIANO LEITE;;;2728;;Queda;;;;Meio de Quadra;;;0;1;0;0;0;0;0;0;0;1;0;0;-38,502073;-3,782259
280633;31;1;2016;19:42;0;RUA NEREU RAMOS;AV GODOFREDO MACIEL;;160;;Colisão;;;;;;;0;1;2;1;0;0;0;0;0;1;0;0;-38,56811;-3,786772
280634;31;1;2016;19:56;0;AV CASTELO DE CASTRO;;;;;Colisão;;;;Meio de Quadra;;;0;1;1;1;0;0;0;0;0;1;0;0;;
280636;31;1;2016;21:14;0;AV GAL OSORIO DE PAIVA;;;5030;;Colisão;;;;Meio de Quadra;;;0;1;0;0;0;0;0;0;0;0;0;0;-38,599944;-3,802542
280637;31;1;2016;21:31;0;AV ROGACIANO LEITE;;;2278;;Queda;;;;Meio de Quadra;;;0;1;1;0;0;0;0;0;0;1;0;0;-38,500163;-3,775465
280394;31;1;2016;00:30;0;RUA CEL TIBURCIO;;;;;Colisão;;;;Meio de Quadra;;;0;1;1;1;0;0;0;0;0;1;0;0;;
280395;31;1;2016;00:56;0;RUA NENEN GONCALVES;;;83;;Atropelamento;;;;Meio de Quadra;;;0;1;1;0;0;0;0;0;0;1;0;0;;
280441;31;1;2016;02:30;0;RUA VALPARAISO;;;;;Choque c/ Obstáculo Fixo;;Chuva;Molhada;Meio de Quadra;;Industrial;1;0;0;0;0;0;0;0;0;1;0;0;-38,536237;-3,836131
280408;31;1;2016;01:48;0;AV DR SILAS MUNGUBA;;;4956;;Colisão;;;;Meio de Quadra;;;0;1;0;1;0;0;0;0;0;0;0;0;;
280400;31;1;2016;01:11;0;AV DR SILAS MUNGUBA;;;;;Colisão;;;;Meio de Quadra;;;0;0;1;0;0;0;0;0;0;0;0;0;;
280401;31;1;2016;01:39;0;AV PRS CASTELO BRANCO;;;5525;;Colisão;;;;Meio de Quadra;;;0;2;0;0;0;0;0;0;0;1;0;0;-38,580459;-3,703459
280398;31;1;2016;00:58;25458;AV AUGUSTO DOS ANJOS;RUA DOM HENRIQUE;;;;Atropelamento;;;;T;Não Há Controle;Comercial;0;1;0;0;0;0;0;0;0;0;0;0;-38,583695;-3,785447
280467;31;1;2016;02:37;0;AV BEZERRA DE MENEZES;;;1680;;Colisão;;;;Meio de Quadra;;;0;1;0;0;0;0;0;0;0;0;0;0;-38,559641;-3,734657
280444;31;1;2016;02:10;0;RUA BRAGANCA;;;713;;Colisão;;;;Meio de Quadra;;;0;1;2;0;0;0;0;0;0;1;0;0;-38,596186;-3,779357
280454;31;1;2016;02:12;0;AV LAURO VIEIRA CHAVES;;;1030;;Queda;;;;Meio de Quadra;;;0;1;0;0;0;0;0;0;0;1;0;0;-38,534964;-3,771899
280455;31;1;2016;02:17;0;RUA MARIA JULIA;;;708;;Colisão;;;;Meio de Quadra;;;0;1;1;0;0;0;0;0;0;1;0;0;;
280456;31;1;2016;02:23;0;AV LINEU MACHADO;;;;;Colisão;;;;Meio de Quadra;;;0;1;0;1;0;0;0;0;0;0;0;0;;
280522;31;1;2016;02:54;0;AV PRS COSTA E SILVA;;;1578;;Colisão;;;;Meio de Quadra;;;0;1;0;0;0;0;0;0;0;0;0;0;;
280523;31;1;2016;02:56;0;AV AGUANAMBI;;;94;;Colisão;;;;Meio de Quadra;;;0;1;0;1;0;0;0;0;0;0;0;0;-38,524263;-3,737727
280525;31;1;2016;03:08;0;RUA TEN MOACIR MATOS;RUA ZACARIAS GONDIM;;200;;Queda;;;;;;;0;1;0;0;0;0;0;0;0;1;0;0;-38,55671;-3,764511
280526;31;1;2016;03:16;0;AV ABOLICAO;;;;;Queda;;;;Meio de Quadra;;;0;1;0;0;0;0;0;0;0;1;0;0;;
280528;31;1;2016;03:18;0;AV N CJ JOSE WALTER;;;284;;Queda;;;;Meio de Quadra;;;0;1;0;0;0;0;0;0;0;1;0;0;;
280529;31;1;2016;03:27;0;RUA DES PRAXEDES;;;559;;Colisão;;;;Meio de Quadra;;;0;1;1;1;0;0;0;0;0;1;0;0;-38,548504;-3,759738
280530;31;1;2016;03:28;0;RUA BERNARDO MANUEL;;;;;Queda;;;;Meio de Quadra;;;0;1;0;0;0;0;0;0;0;1;0;0;;
280532;31;1;2016;03:42;0;AV DR SILAS MUNGUBA;;;4717;;Colisão;;;;Meio de Quadra;;;0;1;1;1;0;0;0;0;0;1;0;0;-38,533649;-3,794533
280542;31;1;2016;06:32;0;RUA MAL BITENCOURT;;;100;;Colisão;Luz do Dia;;;Meio de Quadra;;;0;2;1;1;0;0;0;0;0;1;0;0;-38,528414;-3,786222
275758;31;1;2016;17:30;0;RD BR 116;;;500;KM-01;Colisão Traseira;Anoitecer;Bom;Seca;Meio de Quadra;;;0;1;1;0;1;0;0;0;0;0;0;0;-38,51861693;-3,7628504
275844;31;1;2016;04:00;0;RD BR 020;;;;KM 431;Colisão Frontal;;Bom;Seca;Meio de Quadra;;;0;2;1;1;0;0;0;0;0;1;0;0;;
275845;31;1;2016;19:45;0;RD BR 020;;;;KM 426;Colisão Frontal;;Nublado;Molhada;Meio de Quadra;;;0;2;1;1;0;0;0;0;0;0;0;0;;
275862;31;1;2016;09:00;0;RD BR 222;;;800;KM-03;Queda;Luz do Dia;Nublado;Seca;Meio de Quadra;;;0;2;0;0;0;0;0;0;0;1;0;0;-38,595941;-3,740301
275883;1;2;2016;10:15;0;RD BR 116;;;200;KM-07;Colisão Traseira;Luz do Dia;Nublado;Seca;Meio de Quadra;;;0;0;2;1;0;0;0;0;0;0;0;0;-38,50135403;-3,814567428
275884;1;2;2016;15:30;0;RD BR 116;;;300;KM-01;Colisão Traseira;Luz do Dia;Chuva;Molhada;Meio de Quadra;;;0;0;3;1;0;0;0;0;0;0;0;0;-38,51861693;-3,7628504
274392;1;2;2016;16:00;0;AV AGUANAMBI;;;674;;Queda;Luz do Dia;;;Meio de Quadra;;;0;1;0;0;0;0;0;0;0;1;0;0;-38,525831;-3,742773
274393;1;2;2016;20:40;0;RUA PDE VALDEVINO;;;2547;;Colisão Traseira;;;;Meio de Quadra;;;0;1;1;0;0;0;0;0;0;1;0;0;-38,501954;-3,743748
274386;1;2;2016;19:30;24955;AV ANTONIO JUSTA;AV ALM HENRIQUE SABOIA;;;;Colisão Lateral;;;;T;Pare;Residencial;0;0;2;1;0;0;0;1;0;0;0;0;-38,48235;-3,731616
274400;1;2;2016;16:00;19130;RUA DES WALDETARIO P MOTA;RUA LAURO NOGUEIRA;;;;Colisão Transversal;Luz do Dia;;;Cruz;Pare;Residencial;0;0;2;1;0;0;0;0;0;0;0;0;-38,48194;-3,738921
274407;1;2;2016;09:50;3771;AV DA UNIVERSIDADE;AV DOMINGOS OLIMPIO;;;;Colisão Traseira;Luz do Dia;;;Cruz;Semáforo;Comercial;0;0;2;1;0;0;0;0;0;1;0;0;-38,534216;-3,735594
274438;1;2;2016;18:35;0;AV JOR THOMAZ COELHO;;;;;Colisão Traseira;;;;Meio de Quadra;;;0;0;3;1;0;0;0;0;0;0;0;0;;
274447;1;2;2016;07:20;0;RUA ESPIRITO SANTO;;;111;;Colisão Traseira;Luz do Dia;;;Meio de Quadra;;;0;0;2;1;0;0;0;0;0;1;0;0;-38,566257;-3,749953
274443;1;2;2016;09:00;7758;RUA SILVA PAULET;RUA DOM EXPEDITO LOPES;;;;Colisão Transversal;Luz do Dia;;;Cruz;Pare;Residencial;0;0;2;1;0;0;0;0;0;0;0;0;-38,508134;-3,742826
274430;1;2;2016;19:20;13474;RUA DR JOSE LOURENCO;RUA TOMAS ACIOLI;;;;Colisão Transversal;;;;Cruz;Pare;Comercial;0;0;2;1;0;0;0;0;0;0;0;0;-38,510934;-3,744447
274421;1;2;2016;06:45;0;RUA AUGUSTA BENEVIDES;;;999;;Colisão Lateral;Luz do Dia;;;Meio de Quadra;;;0;1;1;1;0;0;0;0;0;1;0;0;;
274413;1;2;2016;07:50;22990;AV DR SILAS MUNGUBA;RUA AMERICO VESPUCIO;;;;Colisão Transversal;Luz do Dia;;;Cruz;Não Há Controle;Comercial;0;0;2;1;0;0;0;0;0;0;0;0;;
274410;1;2;2016;08:15;5662;AV JOSE LEON;RUA VICENTE LOPES;;;;Colisão Transversal;Luz do Dia;;;Cruz;Pare;Comercial;0;0;1;1;0;0;0;0;0;0;0;0;-38,494897;-3,789544
274465;1;2;2016;10:30;7415;RUA PRO EDGAR DE ARRUDA;RUA STA FILOMENA;;;;Colisão Traseira;Luz do Dia;;;Cruz;Não Há Controle;Residencial;0;1;1;0;0;0;0;0;0;1;0;0;-38,588475;-3,756267
274457;1;2;2016;09:30;19805;AV ENG HUMBERTO MONTE;RUA JOSE PONTES;;;;Colisão Lateral;Luz do Dia;;;Cruz;Semáforo;Comercial;0;0;2;1;0;0;0;0;0;0;0;0;-38,568553;-3,739413
274505;1;2;2016;05:50;0;AV DR SILAS MUNGUBA;;;3484;;Atropelamento de Animal;Amanhecer;;;Meio de Quadra;;;0;1;0;0;0;0;0;0;0;1;0;0;-38,542838;-3,789525
274508;1;2;2016;12:05;930;AV AGUANAMBI;AV BORGES DE MELO;;;;Colisão Lateral;Luz do Dia;;;Cruz;Não Há Controle;Misto;0;0;2;0;1;0;0;0;0;0;0;0;-38,52388;-3,760928
274514;1;2;2016;14:00;0;RUA EDUARDO PERDIGAO;;;300;;Colisão Lateral;Luz do Dia;;;Meio de Quadra;;;0;0;2;0;1;0;0;0;0;0;0;0;;
274552;1;2;2016;19:30;5108;RUA PRC ISABEL;RUA SAO PAULO;;;;Colisão Transversal;;;;Cruz;Pare;Comercial;0;0;2;1;0;0;0;0;0;0;0;0;-38,534619;-3,723679
274531;1;2;2016;17:30;0;AV PRS JUSCELINO KUBITSCHEK (PASSARÉ);;;4454;CEMITÉRIO PARQUE DA PAZ;Colisão Lateral;Anoitecer;;;Meio de Quadra;;;0;1;1;1;0;0;0;0;0;1;0;0;-38,531681;-3,816373
274567;1;2;2016;19:00;0;AV PRS CASTELO BRANCO;;;2944;;Outros;;;;Meio de Quadra;;;0;2;2;0;0;1;0;0;0;1;0;0;-38,554955;-3,711963
277059;1;2;2016;00:30;0;RD CE-060;;;;KM-02;Outros;Via Iluminada;Bom;Seca;Meio de Quadra;;;0;1;0;1;0;0;0;0;0;0;0;0;-38,582918;-3,836668
277365;1;2;2016;17:05;13107;AV C CJ JOSE WALTER;AV J CJ JOSE WALTER;;;;Colisão;Anoitecer;;;Rotatória;Pare;Misto;0;0;2;1;0;0;0;0;0;0;0;0;-38,555025;-3,828939
275464;1;2;2016;02:02;0;RUA OSCAR BENEVIDES;;;999;;Colisão;;;;Meio de Quadra;;;0;1;0;1;0;0;0;0;0;1;0;0;;
275457;1;2;2016;00:06;0;RUA CON DE CASTRO;;;1926;COELCE;Queda;;;;Meio de Quadra;;;0;1;0;0;0;1;0;0;0;0;0;0;-38,57587;-3,78765
275469;1;2;2016;02:03;0;RUA AUGUSTO J BENEVIDES;;;999;;Colisão;;;;Meio de Quadra;;;0;1;0;1;0;0;0;0;0;1;0;0;;
275477;1;2;2016;03:23;0;RUA JOSE VILAR;;;2960;;Colisão;;;;Meio de Quadra;;;0;1;0;1;0;0;0;0;0;1;0;0;-38,508861;-3,748728
275474;1;2;2016;03:20;0;AV FRANCISCO SA;;;5240;;Colisão;;;;Meio de Quadra;;;0;1;1;1;0;0;0;0;0;1;0;0;-38,57116;-3,712692
275466;1;2;2016;02:02;0;AV CARNEIRO DE MENDONCA;;;1159;;Colisão;;;;Meio de Quadra;;;0;1;0;1;0;0;0;0;0;1;0;0;-38,569345;-3,762727
275472;1;2;2016;02:46;0;RUA PDE PAULINO;;;330;;Atropelamento;;;;Meio de Quadra;;;0;1;0;0;0;0;0;0;0;1;0;0;-38,508534;-3,797906
275487;1;2;2016;04:12;7415;RUA STA FILOMENA;RUA PRO EDGAR DE ARRUDA;;;;Colisão;;;;Cruz;Não Há Controle;Residencial;0;1;0;1;0;0;0;0;0;1;0;0;-38,588475;-3,756267
275481;1;2;2016;03:48;738;AV FRANCISCO SA;RUA DNA MENDINHA;;;;Colisão;;;;Cruz;Pare;Misto;0;3;1;1;0;0;0;0;0;1;0;0;-38,571238;-3,712666
275459;1;2;2016;01:44;0;AV DR SILAS MUNGUBA;;;3497;MULTIPOSTO;Colisão;;;;Meio de Quadra;;;0;1;0;0;0;0;0;0;0;1;0;0;-38,542126;-3,789763
275460;1;2;2016;01:48;0;RUA JORGE ACURCIO;;;435;;Queda;;;;Meio de Quadra;;;0;3;0;0;0;0;0;0;0;1;0;0;-38,531045;-3,763991
275461;1;2;2016;01:52;0;RUA ABELARDO MARINHO;;;109;;Queda;;;;Meio de Quadra;;;0;1;0;0;0;0;0;0;0;1;0;0;-38,531228;-3,764018
275522;1;2;2016;12:22;0;RUA JOSE TORRES;;;;;Colisão;Luz do Dia;;;Meio de Quadra;;;0;1;0;1;0;0;0;0;0;1;0;0;;
275519;1;2;2016;10:49;0;AV AGUANAMBI;;;674;;Queda;Luz do Dia;;;Meio de Quadra;;;0;1;0;0;0;0;0;0;0;1;0;0;-38,525831;-3,742773
275525;1;2;2016;12:48;0;RUA PORTO VELHO;;;1832;;Queda;Luz do Dia;;;Meio de Quadra;;;0;1;0;0;0;0;0;0;0;1;0;0;-38,594642;-3,761985
275531;1;2;2016;13:16;0;AV PRS JUSCELINO KUBITSCHEK (PASSARÉ);;;4500;SARA KUBSTSCHEK;Colisão;Luz do Dia;;;Meio de Quadra;;;0;1;0;1;0;0;0;0;0;1;0;0;-38,533326;-3,818562
275536;1;2;2016;13:20;0;AV JOAO PESSOA;;;4343;;Queda;Luz do Dia;;;Meio de Quadra;;;0;1;0;0;0;0;0;0;0;1;0;0;-38,548449;-3,751292
275492;1;2;2016;05:28;0;AV MR HULL;;;4442;TERMINAL ANTONIO BEZERRA;Colisão;Amanhecer;;;Meio de Quadra;;;0;1;1;0;0;0;1;0;0;1;0;0;-38,584585;-3,738616
275494;1;2;2016;06:41;10615;RUA JUSTINO CAFE NETO;RUA ALBERT SABIN;;;;Colisão;Luz do Dia;;;;;;0;1;0;1;0;0;0;0;0;1;0;0;-38,490164;-3,75891
275495;1;2;2016;07:19;23636;RUA GONCALO DE LAGOS;RUA CAP NESTOR GOIS;;;;Colisão;Luz do Dia;;;;;;0;1;0;1;0;0;0;0;0;1;0;0;-38,561131;-3,723956
275496;1;2;2016;07:21;0;AV PRS CASTELO BRANCO;;;749;PEFOCE;Colisão;Luz do Dia;;;Meio de Quadra;;;0;1;0;1;0;0;0;0;0;1;0;0;-38,535806;-3,718066
275509;1;2;2016;07:54;0;RUA ALAN KARDEC;;;676;;Colisão;Luz do Dia;;;Meio de Quadra;;;0;2;1;1;0;0;0;0;0;1;0;0;-38,551194;-3,76387
275513;1;2;2016;08:14;0;RUA 10 CJ JOSE WALTER;;;80;;Queda;Luz do Dia;;;Meio de Quadra;;;0;1;0;0;0;0;0;0;0;1;0;0;-38,55786;-3,822528
275516;1;2;2016;10:24;0;RUA TEN MARQUES;;;399;;Colisão;Luz do Dia;;;Meio de Quadra;;;0;1;0;0;0;0;0;0;0;0;0;0;-38,57321;-3,735105
275517;1;2;2016;10:36;0;RUA CAP OLAVO;;;870;;Colisão;Luz do Dia;;;Meio de Quadra;;;0;1;0;1;0;0;0;0;0;1;0;0;-38,515163;-3,76978
275542;1;2;2016;14:30;9240;RUA MARIO MAMEDE;RUA DEP OSWALDO STUDART;;;;Colisão;Luz do Dia;;;Cruz;Semáforo;Residencial;0;1;1;1;0;0;0;0;0;1;0;0;-38,527367;-3,752752
275550;1;2;2016;16:06;0;AV WASHINGTON SOARES;;;6284;;Colisão;Luz do Dia;;;Meio de Quadra;;;0;0;1;1;0;0;0;0;0;1;0;0;-38,480787;-3,814229
275551;1;2;2016;16:54;0;RUA MARTINS DE CASTRO;;;482;;Queda;Luz do Dia;;;Meio de Quadra;;;0;2;0;0;0;0;0;0;0;1;0;0;;
275552;1;2;2016;17:10;0;AV ALM BARROSO;;;600;SECRETÁRIA DE SAÚDE;Colisão;Anoitecer;;;Meio de Quadra;;;0;2;0;0;0;0;0;0;0;1;0;0;-38,517776;-3,720538
275553;1;2;2016;17:38;0;ET DO FIO (MESSEJANA);;;;;Atropelamento;Anoitecer;;;Meio de Quadra;;;0;1;0;1;0;0;0;0;0;0;0;0;;
275540;1;2;2016;13:28;0;RUA HUMBERTO DE CAMPOS;;;2944;;Colisão;Luz do Dia;;;Meio de Quadra;;;0;1;1;1;0;0;0;0;0;1;0;0;;
275538;1;2;2016;13:23;0;RUA QUINZE (CANINDEZINHO);;;;;Atropelamento;Luz do Dia;;;Meio de Quadra;;;0;1;0;0;0;0;0;0;0;1;0;0;;
275547;1;2;2016;14:55;6545;AV A CJ CEARA;AV H CJ CEARA;;;;Colisão;Luz do Dia;;;;;;0;1;0;0;0;0;0;0;0;1;0;0;-38,605924;-3,775146
279953;1;2;2016;13:12;0;AV DA INDEPENDENCIA;;;542;;Colisão;Luz do Dia;;;Meio de Quadra;;;0;0;2;0;0;0;0;0;0;0;0;0;-38,585607;-3,7285
279871;1;2;2016;18:51;21894;RUA DEP MATOSO FILHO;RUA XXIX CIDADE OESTE;;;;Colisão;;;;Cruz;Pare;Residencial;0;0;2;0;0;0;0;0;0;0;0;0;-38,594094;-3,73388
279878;1;2;2016;19:38;9168;AV LUCIANO CARNEIRO;AV BORGES DE MELO;;;;Colisão;;;;Cruz;Semáforo;Residencial;0;0;2;0;0;0;0;0;0;0;0;0;-38,534097;-3,756465
279815;1;2;2016;15:53;3860;AV 13 DE MAIO;AV DA UNIVERSIDADE;;;;Colisão;Luz do Dia;;;Cruz;Semáforo;Comercial;0;0;1;0;0;0;0;0;0;0;0;0;-38,539107;-3,740962
279803;1;2;2016;08:58;9186;RUA NAPOLEAO LAUREANO;RUA MIN JOAQUIM BASTOS D14;;;;Colisão;Luz do Dia;;;Cruz;Pare;Residencial;0;0;2;0;0;0;0;0;0;0;0;0;-38,530508;-3,751813
279807;1;2;2016;12:26;15301;RUA SILVA PAULET;RUA TEN BENEVOLO;;;;Colisão;Luz do Dia;;;T;Pare;Residencial;0;0;2;0;0;0;0;0;0;0;0;0;-38,503888;-3,729724
279808;1;2;2016;13:25;12875;AV DOMINGOS OLIMPIO;RUA COS TRISTAO;;;;Colisão;Luz do Dia;;;T;Não Há Controle;Misto;0;0;1;0;0;0;0;0;0;0;0;0;-38,526351;-3,738077
279809;1;2;2016;14:53;0;RUA CON DE CASTRO;;;4537;;Colisão;Luz do Dia;;;Meio de Quadra;;;0;0;1;0;0;0;0;0;0;0;0;0;-38,591807;-3,804897
279817;1;2;2016;16:05;0;AV A CJ JOSE WALTER;;;340;;Colisão;Luz do Dia;;;Meio de Quadra;;;0;0;1;0;0;0;0;0;0;0;0;0;-38,553612;-3,825021
279819;1;2;2016;16:06;5215;RUA PDE MORORO;RUA PEDRO PEREIRA;;;;Colisão;Luz do Dia;;;Cruz;Semáforo;Comercial;0;0;1;0;0;0;0;0;0;0;0;0;-38,537843;-3,726667