COD_ACIDENTE;DIA;MES;ANO;HORA;INTERSECAO;LOG1;LOG2;LOG3;NUMERO;REFERENCIA;NATUREZA;ILUMINACAO;TEMPO;SUPERFICIEPISTA;TIPOCRUZAMENTO;CONTROLETRAFEGO;USOSOLO;MORTOS;FERIDOS;ILESOS;AUTOMOVEL;ONIBUS;BICICLETA;CAMINHAO;MICROONIBUS;CICLOMOTOR;MOTOCICLETA;TRACAOANIMAL;TREM;LONG;LAT
279820;1;2;2016;16:20;0;AV AGUANAMBI;;;674;;Colisão;Luz do Dia;;;Meio de Quadra;;;0;0;1;0;0;0;0;0;0;0;0;0;-38,525831;-3,742773
279822;1;2;2016;16:46;0;AV CARAPINIMA;;;1976;;Colisão;Luz do Dia;;;Meio de Quadra;;;0;0;1;0;0;0;0;0;0;0;0;0;-38,538227;-3,738196
279823;1;2;2016;17:04;7948;AV PONTES VIEIRA;RUA JOAQUIM NABUCO;;;;Colisão;Anoitecer;;;Cruz;Semáforo Intermitente;Comercial;0;0;1;0;0;0;0;0;0;0;0;0;-38,506628;-3,751917
279824;1;2;2016;17:45;0;AV GODOFREDO MACIEL;;;86;;Colisão;Anoitecer;;;Meio de Quadra;;;0;0;1;0;0;0;0;0;0;0;0;0;-38,564654;-3,779317
279825;1;2;2016;18:20;0;RUA DEMETRIO MENEZES;;;;;Colisão;Anoitecer;;;Meio de Quadra;;;0;0;1;0;0;0;0;0;0;0;0;0;;
279826;1;2;2016;18:47;9044;RUA MAJ FACUNDO;RUA PDE MIGUELINHO;;;;Colisão;;;;Cruz;Pare;Residencial;0;0;1;0;0;0;0;0;0;0;0;0;-38,532782;-3,742966
279228;1;2;2016;18:13;0;RUA SENA MADUREIRA;;;1257;;Colisão;Anoitecer;;;Meio de Quadra;;;0;0;2;0;0;0;1;0;0;0;0;0;;
279229;1;2;2016;19:00;9240;RUA MARIO MAMEDE;RUA DEP OSWALDO STUDART;;;;Colisão;;;;Cruz;Semáforo;Residencial;0;2;0;0;0;0;0;0;0;1;0;0;-38,527367;-3,752752
279255;1;2;2016;08:40;0;AV ALBERTO CRAVEIRO;;;2770;CASTELAO;Colisão;Luz do Dia;;;Meio de Quadra;;;0;0;2;0;1;0;0;0;0;0;0;0;-38,523255;-3,805335
279222;1;2;2016;13:19;0;AV LUCIANO CARNEIRO;;;;;Colisão;Luz do Dia;;;Meio de Quadra;;;0;0;2;0;0;0;0;0;0;0;0;0;;
279143;1;2;2016;06:37;0;AV DOS EXPEDICIONARIOS;;;3498;;Colisão;Luz do Dia;;;Meio de Quadra;;;0;0;2;0;0;0;0;0;0;0;0;0;-38,536391;-3,74924
274580;1;2;2016;18:50;14967;AV GODOFREDO MACIEL;RUA JULIO ALCIDES;;;;Colisão Transversal;;;;T;Outros;Comercial;0;0;2;1;0;0;0;0;0;0;0;0;-38,566785;-3,787856
274607;1;2;2016;13:30;0;RUA CARLOS AMORA;;;170;;Colisão Lateral;Luz do Dia;;;Meio de Quadra;;;0;0;2;1;0;0;1;0;0;0;0;0;;
274610;1;2;2016;21:20;15114;AV HIS RAIMUNDO GIRAO;RUA CAMOCIM;;;;Colisão Lateral;;;;T;;Residencial;0;0;2;1;0;0;0;0;0;1;0;0;-38,506776;-3,722904
274614;1;2;2016;16:00;17399;RUA ISAIE BORIS;RUA PERU;;;;Colisão Transversal;Luz do Dia;;;;;;0;1;1;1;0;0;0;0;0;0;0;0;-38,549634;-3,767501
274576;2;2;2016;14:00;0;AV FRANCISCO SA;;;;;Colisão Lateral;Luz do Dia;Nublado;Molhada;Meio de Quadra;Não Há Controle;Comercial;0;0;2;1;1;0;0;0;0;0;0;0;;
274577;2;2;2016;14:15;5322;AV IMPERADOR;AV DUQ CAXIAS;;;;Colisão Lateral;Luz do Dia;Nublado;Seca;Cruz;Semáforo;Comercial;0;0;2;0;1;0;0;0;0;0;0;0;-38,535297;-3,730048
279883;2;2;2016;07:31;7923;AV GOV RAUL BARBOSA;AV DES MOREIRA;;;;Colisão;Luz do Dia;;;;;;0;0;2;0;0;0;0;0;0;0;0;0;-38,503726;-3,753019
279890;2;2;2016;09:03;0;AV GODOFREDO MACIEL;;;2563;;Colisão;Luz do Dia;;;Meio de Quadra;;;0;0;2;0;0;0;0;0;0;0;0;0;-38,570425;-3,798125
279895;2;2;2016;09:33;0;AV DEP PAULINO ROCHA;;;3131;CASTELAO;Colisão;Luz do Dia;;;Meio de Quadra;;;0;0;2;0;0;0;0;0;0;0;0;0;-38,523807;-3,808405
279908;2;2;2016;11:04;12508;AV LINEU MACHADO;RUA ALUISIO AZEVEDO;;;;Colisão;Luz do Dia;;;Cruz;Semáforo;Residencial;0;0;2;0;0;0;0;0;0;0;0;0;-38,579184;-3,770212
279956;2;2;2016;12:40;0;RUA JOSE MENDONCA;;;534;;Colisão;Luz do Dia;;;Meio de Quadra;;;0;0;2;0;0;0;0;0;0;0;0;0;-38,602306;-3,757779
279918;2;2;2016;11:17;0;RUA VALPARAISO;;;1396;;Colisão;Luz do Dia;;;Meio de Quadra;;;0;0;2;0;0;0;0;0;0;0;0;0;-38,534032;-3,837444
279992;2;2;2016;16:28;7758;RUA SILVA PAULET;RUA DOM EXPEDITO LOPES;;;;Colisão;Luz do Dia;;;Cruz;Pare;Residencial;0;0;2;0;0;0;0;0;0;0;0;0;-38,508134;-3,742826
279993;2;2;2016;16:47;0;RUA ADOLFO QUIXADA;;;;;Colisão;Luz do Dia;;;Meio de Quadra;;;0;0;2;0;0;0;0;0;0;0;0;0;;
279994;2;2;2016;16:49;0;RUA CAP VASCONCELOS D46;;;;;Colisão;Luz do Dia;;;Meio de Quadra;;;0;0;2;0;0;0;0;0;0;0;0;0;;
279999;2;2;2016;20:05;2422;RUA TAMBAU;AV PRS CASTELO BRANCO;;;;Colisão;;;;;;;0;0;2;0;0;0;0;0;0;0;0;0;-38,573663;-3,706484
280001;2;2;2016;21:10;22923;RUA GUERRA JUNQUEIRO;RUA FRE ALEMAO;;;;Colisão;;;;;;;0;0;2;0;0;0;0;0;0;0;0;0;-38,543225;-3,78303
280002;2;2;2016;22:45;1316;RUA TIBURCIO CAVALCANTE;AV SANTOS DUMONT;;;;Colisão;;;;Cruz;Semáforo;Comercial;0;0;2;0;0;0;0;0;0;0;0;0;-38,502259;-3,734979
279974;2;2;2016;14:16;0;RUA MARTINHO RODRIGUES;;;46;;Colisão;Luz do Dia;;;Meio de Quadra;;;0;0;2;0;0;0;0;0;0;0;0;0;-38,525499;-3,753158
279961;2;2;2016;12:41;11852;AV FRANCISCO SA;RUA ADRIANISTA;;;;Colisão;Luz do Dia;;;T;Pare;Residencial;0;0;2;0;0;0;0;0;0;0;0;0;-38,546023;-3,721126
279976;2;2;2016;14:30;22209;AV SGT HERMINIO SAMPAIO;RUA ARISTIDES B NETO;;;;Colisão;Luz do Dia;;;Duplo T;Não Há Controle;Comercial;0;0;2;0;0;0;0;0;0;0;0;0;-38,55582;-3,725509
279978;2;2;2016;14:39;0;AV DOS EXPEDICIONARIOS;;;9981;TEXTIL;Colisão;Luz do Dia;;;Meio de Quadra;;;0;0;2;0;0;0;0;0;0;0;0;0;-38,553473;-3,805651
279979;2;2;2016;15:58;0;RUA ALM RUFINO;;;1691;;Colisão;Luz do Dia;;;Meio de Quadra;;;0;0;2;0;0;0;0;0;0;0;0;0;-38,54428;-3,764361
279972;2;2;2016;13:43;0;RUA EMILIO DE MENESES;;;42;;Colisão;Luz do Dia;;;Meio de Quadra;;;0;0;2;0;0;0;0;0;0;0;0;0;-38,581975;-3,78329
279963;2;2;2016;12:48;0;AV AGUANAMBI;;;;;Colisão;Luz do Dia;;;Meio de Quadra;;;0;0;2;0;0;0;0;0;0;0;0;0;;
279310;2;2;2016;17:58;5499;RUA PDE VALDEVINO;RUA J DA PENHA;;;;;Anoitecer;;;Cruz;Pare;Comercial;0;0;2;0;1;0;0;0;0;0;0;0;-38,520695;-3,737911
279996;2;2;2016;17:09;0;RUA PERGENTINO MAIA;;;;;Colisão;Anoitecer;;;Meio de Quadra;;;0;0;2;0;0;0;0;0;0;0;0;0;;
279997;2;2;2016;18:49;3423;AV JOAO PESSOA;RUA ALVARO FERNANDES;;;;Colisão;;;;Cruz;Semáforo;Comercial;0;0;2;0;0;0;0;0;0;0;0;0;-38,555648;-3,759317
275576;2;2;2016;06:14;0;AV FRANCISCO SA;;;2321;;Colisão;Luz do Dia;;;Meio de Quadra;;;0;1;1;1;0;0;0;0;0;1;0;0;-38,546254;-3,721053
275574;2;2;2016;11:28;0;RUA OLIMPIO LEITE;;;649;;Colisão;Luz do Dia;;;Meio de Quadra;;;1;0;1;0;1;0;0;0;0;1;0;0;-38,475712;-3,79064
275572;2;2;2016;03:20;12431;RUA RIO GRANDE DO SUL;RUA MARIO DA SILVEIRA;;;;Colisão;;;;Cruz;Pare;Comercial;0;1;0;0;0;0;0;0;0;1;0;0;-38,57164;-3,765984
275566;2;2;2016;01:52;9055;AV VIS RIO BRANCO;RUA CEL ALVES TEIXEIRA;;;;Colisão;;;;;;;0;1;0;1;0;0;0;0;0;1;0;0;-38,522164;-3,745349
275562;2;2;2016;00:59;0;RUA 1 LT ARVOREDO;;;888;;Colisão;;;;Meio de Quadra;;;0;0;1;1;0;0;0;0;0;1;0;0;;
275563;2;2;2016;01:05;10789;AV SEN FERNANDES TAVORA;RUA LUCIANO DE QUEIROS;;;;Colisão;;;;T;Outros;Misto;0;1;0;1;0;0;0;0;0;1;0;0;-38,58104;-3,762786
275558;2;2;2016;17:57;9597;RUA LONDRINA;RUA JOSE TORRES;;;;Queda;Anoitecer;;;Cruz;Não Há Controle;Rural;0;1;0;0;0;0;0;0;0;1;0;0;-38,607258;-3,779916
275559;2;2;2016;00:57;0;AV SEN CARLOS JEREISSATI (AEROPORTO);;;3000;AEROPORTO;Colisão;;;;Meio de Quadra;;;0;1;0;1;0;0;0;0;0;1;0;0;-38,541414;-3,780382
275582;2;2;2016;06:26;0;RUA DEP MARTINS RODRIGUES;;;58;;Colisão;Luz do Dia;;;Meio de Quadra;;;0;1;0;1;0;0;0;0;0;1;0;0;-38,482513;-3,759539
275589;2;2;2016;10:19;5135;RUA SAO PAULO;AV TRISTAO GONCALVES;;;;Atropelamento;Luz do Dia;;;Cruz;Semáforo;Comercial;0;1;1;1;0;0;0;0;0;0;0;0;-38,532395;-3,724419
275594;2;2;2016;11:19;0;RUA CEL FRANCISCO PEREIRA (MESSEJANA);;;241;;Colisão;Luz do Dia;;;Meio de Quadra;;;0;1;0;1;0;0;0;0;0;1;0;0;;
275586;2;2;2016;08:41;0;RUA BERNARDO MANUEL;;;9970;;Colisão;Luz do Dia;;;Meio de Quadra;;;0;1;0;0;0;0;0;0;0;1;0;0;-38,553161;-3,804543
275609;2;2;2016;16:03;0;RUA TERTULIANO SALES;;;544;;Colisão;Luz do Dia;;;Meio de Quadra;;;0;1;0;1;0;0;0;0;0;0;0;0;;
275612;2;2;2016;17:07;0;RUA 27 DE JULHO;;;1321;;Atropelamento;Anoitecer;;;Meio de Quadra;;;0;1;0;1;0;0;0;0;0;0;0;0;;
275606;2;2;2016;14:27;0;AV PRS JUSCELINO KUBITSCHEK (PASSARÉ);;;;;Atropelamento;Luz do Dia;;;Meio de Quadra;;;0;1;0;0;0;0;0;0;0;1;0;0;;
275603;2;2;2016;13:01;0;RUA LINEU JUCA;;;62;;Queda;Luz do Dia;;;Meio de Quadra;;;0;1;0;0;0;1;0;0;0;0;0;0;-38,531697;-3,769481
275604;2;2;2016;13:30;0;AV DIOGUINHO;;;619;;Queda;Luz do Dia;;;Meio de Quadra;;;0;1;0;0;0;0;0;0;0;1;0;0;;
275598;2;2;2016;12:50;0;AV COSTA OESTE;;;;;Colisão;Luz do Dia;;;Meio de Quadra;;;0;3;0;0;0;0;0;0;0;0;0;0;;
277366;2;2;2016;11:46;0;AV LINEU MACHADO;;;;;Colisão;Luz do Dia;;;Meio de Quadra;;;0;0;3;1;0;0;0;0;0;0;0;0;;
277369;2;2;2016;16:06;3767;AV IMPERADOR;AV DOMINGOS OLIMPIO;;;;Colisão;Luz do Dia;;;Cruz;Semáforo;Comercial;0;0;2;1;0;0;0;0;0;0;0;0;-38,536697;-3,73479
277371;2;2;2016;21:39;0;AV WASHINGTON SOARES;;;;;Colisão;;;;Meio de Quadra;;;0;0;2;1;0;0;1;0;0;0;0;0;;
277287;2;2;2016;07:01;0;AV SEN CARLOS JEREISSATI (AEROPORTO);;;2078;;Colisão;Luz do Dia;Bom;Seca;Meio de Quadra;;;0;1;1;1;0;0;0;0;0;1;0;0;;
274568;2;2;2016;08:45;15875;RUA ANGELICA GURGEL;RUA GUARUJA;;;;Colisão Lateral;Luz do Dia;Bom;Seca;Cruz;Pare;Escola;0;0;2;1;1;0;0;0;0;0;0;0;-38,499064;-3,834789
274564;2;2;2016;08:20;0;RUA JOSE HIPOLITO;;;;;Colisão Lateral;Luz do Dia;Bom;Seca;Meio de Quadra;Não Há Controle;Residencial;0;0;2;1;1;0;0;0;0;0;0;0;;
274570;2;2;2016;16:10;12794;RUA JORGE DUMAR;AV PRO GOMES DE MATOS;;;;Colisão Traseira;Luz do Dia;Nublado;Seca;Y;Pare;Misto;0;0;2;1;0;0;0;0;0;0;0;0;-38,539734;-3,754269
274573;2;2;2016;13:30;0;AV JOSE BASTOS;;;;;Colisão Transversal;Luz do Dia;Nublado;Seca;Meio de Quadra;Não Há Controle;Comercial;0;0;2;1;0;0;0;0;0;1;0;0;;
274537;2;2;2016;09:00;6757;AV ENG SANTANA JUNIOR;RUA HENRIQUETA GALENO;;;;Colisão Lateral;Luz do Dia;Bom;Seca;T;Pare;Residencial;0;0;1;1;0;0;0;0;0;0;0;0;-38,489826;-3,748298
274534;2;2;2016;11:59;4114;AV PRS CASTELO BRANCO;RUA LUCAS PINTO;;;;Outros;Luz do Dia;Nublado;Seca;Duplo T;Semáforo;Comercial;0;0;2;1;0;0;1;0;0;0;0;0;-38,558025;-3,711416
274535;2;2;2016;18:20;4531;AV DEP PAULINO ROCHA;RUA ENF JOAQUIM PINTO;;;;Colisão Transversal;Mal Iluminada;Chuva;Molhada;T;Pare;Residencial;0;1;2;1;0;0;0;0;0;1;0;0;-38,507774;-3,803203
274544;2;2;2016;10:30;5723;AV OLIVEIRA PAIVA;RUA MON ANTERO;;;;Colisão Traseira;Luz do Dia;Nublado;Seca;Cruz;Semáforo;Comercial;0;0;2;1;0;0;0;0;0;0;0;0;-38,493198;-3,795604
274545;2;2;2016;07:30;9018;RUA SALDANHA MARINHO;RUA SOLON PINHEIRO;;;;Colisão Transversal;Luz do Dia;Bom;Seca;Cruz;Pare;Residencial;0;0;2;1;0;0;0;0;0;0;0;0;-38,530406;-3,742594
274546;2;2;2016;12:40;1521;RUA DES LEITE ALBUQUERQUE;RUA MAL RONDON;;;;Colisão Transversal;Luz do Dia;Nublado;Molhada;Cruz;Pare;Residencial;0;1;2;1;0;0;0;0;0;1;0;0;-38,488952;-3,740372
274540;2;2;2016;08:40;0;AV ALBERTO CRAVEIRO;;;;;Queda;Luz do Dia;Nublado;Seca;Meio de Quadra;Semáforo;Comercial;0;1;0;0;0;0;0;0;0;1;0;0;;
274541;2;2;2016;08:00;0;AV N CJ JOSE WALTER;;;;;Colisão Traseira;Luz do Dia;Nublado;Seca;Meio de Quadra;Semáforo;Comercial;0;1;1;1;0;0;0;0;0;1;0;0;;
274548;2;2;2016;21:00;11981;AV CASTELO DE CASTRO;AV CONTORNO NORTE (SAO CRSITOVAO);;;;Colisão Transversal;Via Iluminada;Bom;Seca;Cruz;Semáforo;Comercial;0;1;1;1;0;0;0;0;0;1;0;0;-38,521519;-3,831735
274549;2;2;2016;21:00;0;RUA ADOLFO CAMINHA;;;;;Colisão Lateral;Via Iluminada;Bom;Material Derrapante;Meio de Quadra;Não Há Controle;Comercial;0;0;2;1;0;0;1;0;0;0;0;0;;
274558;2;2;2016;14:30;1282;AV BAR STUDART;AV SANTOS DUMONT;;;;Colisão Lateral;Luz do Dia;Nublado;Seca;Cruz;Semáforo;Comercial;0;0;2;0;1;0;0;0;0;0;0;0;-38,506304;-3,733642
274561;2;2;2016;07:00;5098;RUA CASTRO E SILVA;RUA SEN POMPEU;;;;Colisão Transversal;Luz do Dia;Bom;Seca;Cruz;Semáforo;Comercial;0;1;1;1;0;0;0;0;0;1;0;0;-38,528597;-3,723468
274555;2;2;2016;21:40;2328;AV CEL CARVALHO;AV FRANCISCO SA;;;;Colisão Transversal;Via Iluminada;Bom;Seca;T;Pare;Comercial;0;1;2;1;0;0;0;0;0;1;0;0;-38,591542;-3,703499
274510;2;2;2016;03:00;15138;AV HIS RAIMUNDO GIRAO;RUA ANTONIO LIMA;;;;Colisão;Via Iluminada;Nublado;Molhada;Duplo T;Não Há Controle;Misto;0;1;1;1;0;0;0;0;0;0;0;0;-38,504023;-3,724196
274528;2;2;2016;19:20;19224;RUA FRANCISCO MATOS;AV SANTOS DUMONT;;;;Colisão Transversal;Via Iluminada;Nublado;Molhada;Cruz;Semáforo;Comercial;0;2;0;1;0;0;0;0;0;0;0;0;-38,469675;-3,745497
274529;2;2;2016;13:30;25025;RUA EMILIO DE MENESES;AV AUGUSTO DOS ANJOS;;;;Colisão Frontal;;Bom;Seca;T;Semáforo;Residencial;0;0;2;1;0;0;0;0;0;1;0;0;-38,581896;-3,783313
274503;2;2;2016;08:00;25519;AV ALM HENRIQUE SABOIA;AV GOV RAUL BARBOSA;;;;Colisão Lateral;Luz do Dia;Bom;Seca;Y;Não Há Controle;Residencial;0;1;1;1;0;0;0;0;0;1;0;0;-38,50458;-3,758466
274493;2;2;2016;08:30;1578;RUA OSVALDO CRUZ (ALDEOTA);RUA GAL TERTULIANO POTYGUARA;;;;Colisão;Luz do Dia;Nublado;Seca;Cruz;Pare;Comercial;0;1;1;1;0;0;0;0;0;0;0;0;-38,502538;-3,74248
274497;2;2;2016;19:15;0;RUA PERGENTINO MAIA;;;;;Colisão;Luz do Dia;Bom;Seca;Cruz;Pare;Comercial;0;0;2;0;0;0;0;0;0;1;0;0;;
274499;2;2;2016;17:40;0;RUA PERGENTINO MAIA;;;;;Colisão Transversal;Via Iluminada;Bom;Seca;Cruz;Pare;Residencial;0;0;2;1;0;0;0;0;0;0;0;0;;
274458;2;2;2016;12:10;19709;RUA AZEVEDO BOLAO;RUA COS ALVARO DE OLIVEIRA;;;;Colisão;Luz do Dia;Nublado;Seca;Cruz;Pare;Misto;0;0;2;1;0;0;1;0;0;0;0;0;-38,556093;-3,736329
274454;2;2;2016;09:45;5361;RUA FLORIANO PEIXOTO;RUA PEDRO I;;;;Colisão Transversal;Luz do Dia;Nublado;Seca;Cruz;Pare;Comercial;0;1;2;1;0;0;0;0;0;1;0;0;-38,528436;-3,731284
274460;2;2;2016;13:20;23453;RUA PAULO FIRMEZA;RUA CAP MELO;;;;Colisão Transversal;Luz do Dia;Nublado;Seca;Cruz;Pare;Residencial;0;0;2;1;0;0;0;0;0;0;0;0;-38,512966;-3,757131
274462;2;2;2016;10:10;1337;AV SANTOS DUMONT;RUA OSVALDO CRUZ (ALDEOTA);;;;Colisão Lateral;Luz do Dia;Nublado;Seca;Cruz;Semáforo;Comercial;0;0;2;1;1;0;0;0;0;0;0;0;-38,500317;-3,735602
274476;2;2;2016;17:30;17375;RUA ISAIE BORIS;RUA ALAN KARDEC;;;;Colisão Lateral Sentido Oposto;Via Iluminada;Bom;Molhada;Outros;Pare;Comercial;0;0;2;1;0;0;0;0;0;0;0;0;-38,547462;-3,766831
274479;2;2;2016;19:00;0;AV CARNEIRO DE MENDONCA;;;;;Colisão Traseira;Via Iluminada;Bom;Seca;Meio de Quadra;Não Há Controle;Residencial;0;0;2;1;0;0;0;0;0;0;0;0;;
274490;2;2;2016;17:10;24956;RUA TAVARES COUTINHO;AV ALM HENRIQUE SABOIA;;;;Colisão Lateral;Via Iluminada;Chuva;Molhada;Cruz;Semáforo;Comercial;0;0;2;0;0;0;0;0;0;1;0;0;-38,48289;-3,732499
274473;2;2;2016;18:40;0;RUA ESTADO DO RIO;;;;;Colisão;Via Iluminada;Nublado;Molhada;Meio de Quadra;Não Há Controle;Residencial;0;1;1;0;1;0;0;0;0;0;0;0;;
275863;2;2;2016;17:10;0;RD BR 020;;;;KM 426;Colisão Traseira;Anoitecer;Nublado;Seca;Meio de Quadra;;;0;1;1;1;0;0;0;0;1;0;0;0;;
284411;2;2;2016;19:30;4087;RUA LUCAS PINTO;AV FRANCISCO SA;;;;Colisão;;;;Cruz;Pare;Comercial;0;0;2;0;1;0;0;0;0;0;0;0;-38,559268;-3,716763
284414;3;2;2016;07:55;4086;RUA ALVARO DE ALENCAR;RUA 11 DE JULHO;;;;Colisão;Luz do Dia;;;;;;0;0;2;1;0;0;1;0;0;0;0;0;-38,558073;-3,716156
275870;3;2;2016;18:20;0;RD BR 020;;;;KM 426;Colisão Traseira;Anoitecer;Bom;Seca;Meio de Quadra;;;0;2;1;1;0;0;0;0;0;0;0;0;;
275652;3;2;2016;05:03;0;RUA JORGE DUMAR;;;2063;;Colisão;Amanhecer;;;Meio de Quadra;;;0;1;0;1;0;0;0;0;0;1;0;0;-38,539664;-3,753968
275669;3;2;2016;10:19;0;RUA MON HIPOLITO BRASIL;;;42;;Colisão;Luz do Dia;;;Meio de Quadra;;;0;1;0;0;0;0;0;0;0;0;0;0;;
275671;3;2;2016;10:27;3373;RUA MARIO DE ANDRADE;RUA PAPI JUNIOR;;;;Colisão;Luz do Dia;;;Cruz;Pare;Misto;0;1;0;1;0;0;0;0;0;1;0;0;-38,558885;-3,753737
275672;3;2;2016;12:11;0;AV SEN FERNANDES TAVORA;;;2991;;Atropelamento;Luz do Dia;;;Meio de Quadra;;;0;1;0;1;0;0;0;0;0;0;0;0;-38,599787;-3,754848
275673;3;2;2016;12:13;0;AV PERIMETRAL;;;713;;Atropelamento;Luz do Dia;;;Meio de Quadra;;;0;1;1;0;0;0;0;0;0;1;0;0;;
275659;3;2;2016;06:10;4082;RUA CEARA;AV JOAO PESSOA;;;;Colisão;Luz do Dia;;;T;Semáforo;Comercial;0;3;0;0;0;0;0;0;0;0;0;0;-38,558244;-3,763434
275661;3;2;2016;06:36;0;AV WASHINGTON SOARES;;;9340;;Atropelamento;Luz do Dia;;;Meio de Quadra;;;0;1;0;1;0;0;0;0;0;0;0;0;-38,48251;-3,832622
275664;3;2;2016;08:06;0;AV DR SILAS MUNGUBA;;;3059;;Atropelamento;Luz do Dia;;;Meio de Quadra;;;0;1;0;0;0;0;0;0;0;1;0;0;-38,546038;-3,788379
275667;3;2;2016;09:14;5402;RUA VINTE E QUATRO DE MAIO;RUA METON DE ALENCAR;;;;Colisão;Luz do Dia;;;Cruz;Pare;Escola;0;1;0;1;0;0;0;0;0;1;0;0;-38,533848;-3,732626
275686;3;2;2016;16:13;0;AV MAE LISBOA;;;800;;Queda;Luz do Dia;;;Meio de Quadra;;;0;1;0;0;0;1;0;0;0;0;0;0;-38,474739;-3,807878
275684;3;2;2016;16:05;0;RUA JUSTINIANO DE SERPA;;;694;;Colisão;Luz do Dia;;;Meio de Quadra;;;0;1;0;0;0;0;0;0;0;0;0;0;;
275676;3;2;2016;12:23;0;RUA DR MARLIO FERNANDES;;;80;;Colisão;Luz do Dia;;;Meio de Quadra;;;0;1;0;1;0;0;0;0;0;1;0;0;-38,48484;-3,758688
275679;3;2;2016;12:51;0;AV PRS COSTA E SILVA;;;3298;;Colisão;Luz do Dia;;;Meio de Quadra;;;0;1;0;1;0;0;0;0;0;1;0;0;;
275680;3;2;2016;13:27;16294;RUA CEL QUEIROZ;RUA LUCAS AVELINO;;;;Colisão;Luz do Dia;;;;;;0;1;0;0;0;0;0;0;0;1;0;0;-38,564343;-3,835331
275681;3;2;2016;13:35;15190;AV ABOLICAO;RUA JOAQUIM NABUCO;;;;Queda;Luz do Dia;;;Cruz;Semáforo;Comercial;0;1;0;0;0;0;0;0;0;1;0;0;-38,498436;-3,726373
275695;3;2;2016;16:25;0;AV GAL OSORIO DE PAIVA;;;1127;;Atropelamento;Luz do Dia;;;Meio de Quadra;;;0;1;1;0;0;0;0;0;0;1;0;0;-38,57209;-3,779151
274484;3;2;2016;06:50;0;AV ROGACIANO LEITE;;;2527;;Queda;Luz do Dia;Chuva;Molhada;Meio de Quadra;Não Há Controle;Residencial;0;1;0;0;0;0;0;0;0;1;0;0;-38,501372;-3,779441
274491;3;2;2016;17:30;0;AV CEL CARVALHO;;;1230;;Colisão Traseira;Via Iluminada;Bom;Seca;Meio de Quadra;;Comercial;0;0;3;1;0;0;0;0;0;0;0;0;;
274486;3;2;2016;09:00;1661;RUA JOAQUIM NABUCO;RUA VICENTE LINHARES;;;;Colisão Transversal;Luz do Dia;Chuva;Molhada;Cruz;Pare;Comercial;0;0;2;1;0;0;0;0;0;1;0;0;-38,50318;-3,741195
274463;3;2;2016;09:11;17366;RUA ROMEU MARTINS;RUA EDITE BRAGA;;;;Colisão Lateral;Luz do Dia;Nublado;Seca;Cruz;Pare;Residencial;0;1;1;1;0;0;0;0;0;1;0;0;-38,552486;-3,766408
274507;3;2;2016;20:30;5352;AV DOM MANUEL;RUA PINTO MADEIRA;;;;Colisão Lateral;Via Iluminada;Bom;Seca;Cruz;Semáforo;Comercial;0;0;2;1;0;0;0;0;0;0;0;0;-38,521957;-3,730964
274509;3;2;2016;07:20;0;RUA NEREU RAMOS;;;1025;;Colisão Lateral;Luz do Dia;Nublado;Molhada;Meio de Quadra;Não Há Controle;Residencial;0;0;2;1;0;0;0;0;0;0;0;0;-38,575604;-3,7831
274502;3;2;2016;08:00;5295;AV IMPERADOR;RUA PEDRO I;;;;Colisão Traseira;Luz do Dia;Chuva;Molhada;Cruz;Semáforo;Comercial;0;1;1;1;0;0;0;0;0;1;0;0;-38,535035;-3,729161
274563;3;2;2016;06:30;1350;RUA TORRES CAMARA;RUA SILVA PAULET;;;;Colisão Transversal;Luz do Dia;Chuva;Molhada;Cruz;Pare;Comercial;0;0;2;1;0;0;0;0;0;0;0;0;-38,505905;-3,735958
274560;3;2;2016;21:10;0;RUA DOM JOAQUIM;;;16;;Colisão Lateral;Via Iluminada;Bom;Seca;Outros;Não Há Controle;Comercial;0;0;2;1;0;0;0;0;0;0;0;0;-38,516177;-3,723847
274557;3;2;2016;14:25;19753;RUA AZEVEDO BOLAO;RUA ERICO MOTA;;;;Colisão Lateral;Luz do Dia;Bom;Seca;Cruz;Pare;Residencial;0;0;2;1;0;0;0;0;0;0;0;0;-38,562522;-3,737645
274550;3;2;2016;20:20;26207;AV SEN FERNANDES TAVORA;RUA GEORGE ROCHA;;;;Colisão Lateral;Via Iluminada;Bom;Seca;T;Pare;Comercial;0;0;2;1;0;0;0;0;0;0;0;0;;
274512;3;2;2016;10:50;0;AV JOAO PESSOA;;;6111;;Colisão Traseira;Luz do Dia;Bom;Molhada;Meio de Quadra;Semáforo;Comercial;0;0;3;1;1;0;0;0;0;0;0;0;-38,558348;-3,76369
274554;3;2;2016;18:00;6724;AV SANTOS DUMONT;AV ENG SANTANA JUNIOR;;;;Colisão Lateral;Anoitecer;Bom;Seca;Outros;Pare;Comercial;0;0;2;1;1;0;0;0;0;0;0;0;-38,485132;-3,740506
274539;3;2;2016;18:50;0;RUA DR JOSE FURTADO;;;1480;;Colisão Traseira;Via Iluminada;Bom;Seca;Meio de Quadra;Não Há Controle;Comercial;0;0;2;1;0;0;0;0;0;0;0;0;-38,488121;-3,796283
274543;3;2;2016;18:50;0;AV ALBERTO CRAVEIRO;;;2770;CASTELAO;Colisão Transversal;Via Iluminada;Bom;Seca;Meio de Quadra;Dê Preferência;Residencial;0;0;2;1;0;0;0;0;0;0;0;0;-38,523255;-3,805335
274533;3;2;2016;09:55;0;AV EDUARDO GIRAO;;;;;Colisão Traseira;Luz do Dia;Bom;Seca;Meio de Quadra;Não Há Controle;Comercial;0;0;3;1;0;0;0;0;0;0;0;0;;