COD_ACIDENTE;DIA;MES;ANO;HORA;INTERSECAO;LOG1;LOG2;LOG3;NUMERO;REFERENCIA;NATUREZA;ILUMINACAO;TEMPO;SUPERFICIEPISTA;TIPOCRUZAMENTO;CONTROLETRAFEGO;USOSOLO;MORTOS;FERIDOS;ILESOS;AUTOMOVEL;ONIBUS;BICICLETA;CAMINHAO;MICROONIBUS;CICLOMOTOR;MOTOCICLETA;TRACAOANIMAL;TREM;LONG;LAT
274569;3;2;2016;20:30;0;RUA JUSTINIANO DE SERPA;;;;;Colisão Lateral;Anoitecer;Bom;Seca;Meio de Quadra;Semáforo;Residencial;0;0;2;0;1;0;0;0;0;1;0;0;;
280298;3;2;2016;13:48;20221;AV 02 DE MAIO UI 503;AV CENTRAL UI 503;;;;Colisão;Luz do Dia;;;T;Pare;Residencial;0;0;2;0;0;0;0;0;0;0;0;0;-38,537352;-3,814193
277295;3;2;2016;01:15;1073;AV MAE LISBOA;RUA BILL CARTAXO;;;;Choque c/ Obstáculo Fixo;Via Iluminada;Bom;Seca;;;;0;2;0;1;0;0;0;0;0;0;0;0;-38,472933;-3,807779
277292;3;2;2016;11:30;0;RD CE-040;;;;KM-10;Atropelamento;Luz do Dia;Bom;Seca;Meio de Quadra;;;0;1;1;0;0;0;0;0;0;0;0;0;-38,482466;-3,834451
275649;3;2;2016;04:34;0;RUA MARIA DE JESUS;;;467;;Colisão;;;;Meio de Quadra;;;0;1;1;1;0;0;0;0;0;1;0;0;;
275628;3;2;2016;02:09;0;RUA BERNARDO MANUEL;;;9962;;Colisão;;;;Meio de Quadra;;;0;1;0;0;0;0;0;0;0;1;0;0;-38,553129;-3,804438
275626;3;2;2016;02:00;5225;RUA PEDRO PEREIRA;RUA TEREZA CRISTINA;;;;Colisão;;;;Cruz;Pare;Comercial;0;1;0;1;0;0;0;0;0;1;0;0;-38,53676;-3,727019
275619;3;2;2016;00:43;15194;RUA DEP MOREIRA DA ROCHA;RUA ILDEFONSO ALBANO;;;;Capotamento;;;;Cruz;Pare;Residencial;0;1;0;1;0;0;0;0;0;0;0;0;-38,511072;-3,72648
275614;3;2;2016;00:05;0;AV WASHINGTON SOARES;;;6330;;Queda;;;;Meio de Quadra;;;0;1;0;0;0;0;0;0;0;1;0;0;-38,481022;-3,814534
275624;3;2;2016;01:33;0;RUA AMERICO VESPUCIO;;;328;;Colisão;;;;Meio de Quadra;;;0;1;0;1;0;0;0;0;0;1;0;0;-38,548247;-3,781193
280009;3;2;2016;08:24;12457;AV AUGUSTO DOS ANJOS;RUA PRO GOMES BRASIL;;;;Colisão;Luz do Dia;;;;;;0;0;2;0;0;0;0;0;0;0;0;0;-38,570427;-3,770153
280013;3;2;2016;10:35;0;AV DEP PAULINO ROCHA;;;3131;CASTELAO;Atropelamento de Animal;Luz do Dia;;;Meio de Quadra;;;0;0;2;0;0;0;0;0;0;0;0;0;-38,523807;-3,808405
280014;3;2;2016;11:03;24969;AV PDE ANTONIO TOMAS;AV ALM HENRIQUE SABOIA;;;;Colisão;Luz do Dia;;;Cruz;Semáforo;Comercial;0;0;2;0;0;0;0;0;0;0;0;0;-38,489455;-3,743493
280038;3;2;2016;12:29;0;RUA PEREIRA DE MIRANDA;;;1490;;Colisão;Luz do Dia;;;Meio de Quadra;;;0;0;2;0;0;0;0;0;0;0;0;0;-38,472021;-3,742972
280044;3;2;2016;12:34;8955;AV BEZERRA DE MENEZES;RUA DOM JERONIMO D06;;;;Colisão;Luz do Dia;;;Outros;Outros;Lazer;0;0;2;0;0;0;0;0;0;0;0;0;-38,543817;-3,731375
280048;3;2;2016;13:28;743;AV PRS CASTELO BRANCO;AV PASTEUR;;;;Colisão;Luz do Dia;;;Cruz;Semáforo;Comercial;0;0;2;0;0;0;0;0;0;0;0;0;-38,558856;-3,711181
280052;3;2;2016;13:58;0;RUA PDE IBIAPINA;;;1576;;Colisão;Luz do Dia;;;Meio de Quadra;Semáforo;Comercial;0;0;2;0;0;0;0;0;0;0;0;0;-38,540176;-3,728817
280055;3;2;2016;14:06;1364;RUA TORRES CAMARA;RUA JOSE VILAR;;;;Colisão;Luz do Dia;;;Cruz;Semáforo;Comercial;0;0;2;0;0;0;0;0;0;0;0;0;-38,50484;-3,736301
280058;3;2;2016;14:32;0;RUA ALFREDO MAMEDE;;;;;Colisão;Luz do Dia;;;Meio de Quadra;;;0;0;2;0;0;0;0;0;0;0;0;0;;
280079;3;2;2016;17:03;0;RUA BERNARDO MANUEL;;;;;Colisão;Anoitecer;;;Meio de Quadra;;;0;0;2;0;0;0;0;0;0;0;0;0;;
280076;3;2;2016;18:25;0;AV PDE ANTONIO TOMAS;;;605;;Colisão;Anoitecer;;;Meio de Quadra;;;0;0;2;0;0;0;0;0;0;0;0;0;-38,498006;-3,740697
280071;3;2;2016;14:47;5045;AV FILOMENO GOMES;RUA SAO PAULO;;;;Colisão;Luz do Dia;;;Cruz;Semáforo;Residencial;0;0;2;0;0;0;0;0;0;0;0;0;-38,5412;-3,721539
280073;3;2;2016;16:07;19360;AV GODOFREDO MACIEL;RUA EDUARDO PERDIGAO;;;;Colisão;Luz do Dia;;;Cruz;Pare;Comercial;0;0;2;0;0;0;0;0;0;0;0;0;-38,563845;-3,776654
280102;3;2;2016;17:14;5111;AV MON TABOSA;RUA DOM JOAQUIM;;;;Colisão;Anoitecer;;;T;Semáforo;Comercial;0;0;2;0;0;0;0;0;0;0;0;0;-38,516158;-3,723778
280147;3;2;2016;18:46;15190;RUA JOAQUIM NABUCO;AV ABOLICAO;;;;Colisão;;;;Cruz;Semáforo;Comercial;0;0;2;0;0;0;0;0;0;0;0;0;-38,498436;-3,726373
280143;3;2;2016;18:22;0;AV PRS COSTA E SILVA;;;;;Colisão;Anoitecer;;;Meio de Quadra;;;0;0;2;0;0;0;0;0;0;0;0;0;;
280135;3;2;2016;17:47;0;RUA VERBENA;;;713;;Atropelamento;Anoitecer;;;Meio de Quadra;;;0;1;1;0;0;0;0;0;0;0;0;0;-38,589385;-3,783319
280138;3;2;2016;18:11;13393;RUA JOAQUIM TORRES;RUA HENRIQUE RABELO;;;;Colisão;Anoitecer;;;Cruz;Pare;Misto;0;0;2;0;0;0;0;0;0;0;0;0;-38,521515;-3,740897
280130;3;2;2016;17:31;19177;RUA JOAQUIM LIMA;RUA BATISTA DE OLIVEIRA;;;;Colisão;Anoitecer;;;Cruz;Pare;Misto;0;0;2;0;0;0;0;0;0;0;0;0;-38,479209;-3,741498
280131;3;2;2016;17:41;0;AV PRO GOMES DE MATOS;;;;;Colisão;Anoitecer;;;Meio de Quadra;;;0;0;2;0;0;0;0;0;0;0;0;0;;
280120;3;2;2016;17:30;13410;RUA JOAQUIM TORRES;RUA ANTONIO AUGUSTO;;;;Colisão;Anoitecer;;;Cruz;Pare;Residencial;0;0;2;0;0;0;0;0;0;0;0;0;-38,517263;-3,741755
280118;3;2;2016;17:15;0;RUA PEDRO C FERNANDES;;;2938;;Colisão;Anoitecer;;;Meio de Quadra;;;0;0;2;0;0;0;0;0;0;0;0;0;;
280202;3;2;2016;21:02;0;AV DR SILAS MUNGUBA;;;5130;CASTELÃO;Colisão;;;;Meio de Quadra;;;0;0;2;0;0;0;0;0;0;0;0;0;-38,531205;-3,798197
280198;3;2;2016;19:18;0;AV ALBERTO NEPOMUCENO;;;;;Colisão;;;;Meio de Quadra;;;0;0;2;0;0;0;0;0;0;0;0;0;;
280165;3;2;2016;19:07;0;AV PERIMETRAL;;;800;;Colisão;;;;Meio de Quadra;;;0;0;2;0;0;0;0;0;0;0;0;0;;
279320;3;2;2016;16:04;0;RUA GERMANO FRANCK;;;439;;;Luz do Dia;;;Meio de Quadra;Semáforo;Comercial;0;0;2;0;1;0;0;0;0;0;0;0;-38,561219;-3,776575
279321;3;2;2016;16:47;4080;AV JOSE BASTOS;RUA CEARA;;;;;Luz do Dia;;;Cruz;Pare;;0;0;1;0;0;0;0;0;0;0;0;0;-38,564112;-3,760008
279318;3;2;2016;13:53;0;AV 13 DE MAIO;;;1312;;Colisão;Luz do Dia;;;Meio de Quadra;;;0;0;2;1;0;0;0;0;0;0;0;0;-38,530612;-3,748226
279313;3;2;2016;07:50;1350;RUA TORRES CAMARA;RUA SILVA PAULET;;;;Colisão;Luz do Dia;;;Cruz;Pare;Comercial;0;0;2;0;0;0;0;0;0;0;0;0;-38,505905;-3,735958
279314;3;2;2016;07:51;0;RUA BERNARDO MANUEL;;;9954;;Colisão;Luz do Dia;;;Meio de Quadra;;;0;0;2;0;0;0;0;0;0;1;0;0;-38,553097;-3,804333
279315;3;2;2016;09:25;21979;RUA GAL BERNARDO FIGUEIREDO;RUA PRO RAIMUNDO ARRUDA;;;;;Luz do Dia;;;Cruz;Pare;Residencial;0;0;2;0;0;0;0;0;0;0;0;0;-38,55084;-3,739476
279324;3;2;2016;18:10;19899;RUA STA QUITERIA;RUA TIANGUA;;;;Colisão;Anoitecer;;;Cruz;Pare;Residencial;0;0;2;0;0;0;0;0;0;0;0;0;-38,538768;-3,759489
280003;3;2;2016;01:24;0;RUA BRAZ DE FRANCESCO;;;475;;Colisão;;;;Meio de Quadra;;;0;0;2;0;0;0;0;0;0;0;0;0;-38,567336;-3,735007
280005;3;2;2016;08:06;0;RUA 110 CJ ESPERANCA;;;1341;;Colisão;Luz do Dia;;;Meio de Quadra;;;0;0;2;0;0;0;0;0;0;0;0;0;;
274578;3;2;2016;19:00;17529;RUA CANINDE D48;RUA DR JOSE FROTA;;;;Colisão Lateral;Via Iluminada;Bom;Seca;Cruz;Não Há Controle;Residencial;0;0;2;1;0;0;0;0;0;0;0;0;-38,482046;-3,727984
274574;3;2;2016;06:20;7328;RUA PRO EDGAR DE ARRUDA;RUA MANAUS;;;;Colisão Transversal;Luz do Dia;Chuva;Molhada;Cruz;Pare;Residencial;0;0;2;1;0;0;0;0;0;0;0;0;-38,591676;-3,754542
274584;3;2;2016;20:10;0;RUA BAR AQUIRAZ;;;1999;;Atropelamento;Via Iluminada;Bom;Seca;Meio de Quadra;Não Há Controle;Residencial;0;1;1;0;1;0;0;0;0;0;0;0;-38,481723;-3,844286
274608;3;2;2016;08:00;25095;AV ENG LEAL LIMA VERDE (SAPIRANGA/COITE);AV MAE LISBOA;;;;Colisão Traseira;Luz do Dia;Nublado;Seca;Cruz;Pare;Residencial;0;0;2;1;1;0;0;0;0;0;0;0;-38,474657;-3,807871
274600;3;2;2016;11:05;0;RUA PEDRO I;;;;;Colisão Traseira;Luz do Dia;Nublado;Seca;Meio de Quadra;Cancela Danificada;Comercial;0;0;2;0;1;0;0;0;0;1;0;0;;
274588;3;2;2016;20:15;3768;AV DOMINGOS OLIMPIO;AV TRISTAO GONCALVES;;;;Colisão Lateral;Via Iluminada;Bom;Seca;Cruz;Semáforo;Comercial;0;1;1;0;1;1;0;0;0;0;0;0;-38,535613;-3,735133
274591;3;2;2016;10:00;0;RUA JORGE ACURCIO;;;1455;;Colisão Lateral;Luz do Dia;Bom;Seca;Meio de Quadra;Não Há Controle;Comercial;0;0;2;1;0;0;1;0;0;0;0;0;;
274597;3;2;2016;07:50;12837;AV DOMINGOS OLIMPIO;RUA JAIME BENEVOLO;;;;Colisão Traseira;Luz do Dia;Nublado;Molhada;Cruz;Semáforo;Comercial;0;0;2;1;0;0;0;0;0;0;0;0;-38,527245;-3,73778
274777;3;2;2016;09:00;25455;RUA PEDRO LAZAR;AV ENG JOSÉ GUIMARÃES;;;;Colisão Transversal;Luz do Dia;Nublado;Seca;Cruz;Pare;Residencial;0;0;2;1;0;0;0;0;0;0;0;0;;
274780;3;2;2016;06:40;0;AV I CJ JOSE WALTER;;;870;;Colisão Traseira;Luz do Dia;Chuva;Molhada;Meio de Quadra;Outros;Residencial;0;0;3;1;0;0;1;0;0;0;0;0;-38,552772;-3,831841
274590;4;2;2016;12:40;99;RUA MARTINS NETO;RUA TOMAS RODRIGUES;;;;Colisão Lateral;Luz do Dia;;;Cruz;Pare;Misto;0;0;3;0;0;0;1;0;0;0;0;0;-38,593771;-3,741063
274596;4;2;2016;06:10;22092;AV JOSE BASTOS;RUA VALDEMIRO CAVALCANTE;;;;Colisão Traseira;Luz do Dia;;;;;;0;0;2;1;1;0;0;0;0;0;0;0;-38,5534;-3,752938
274594;4;2;2016;07:40;14619;AV JOSE LEON;RUA JUNIOR ROCHA;;;;Colisão Transversal;Luz do Dia;;;T;Pare;Misto;0;0;2;1;0;0;0;0;0;0;0;0;;
274585;4;2;2016;21:20;3788;RUA WALDERY UCHOA;RUA PDE FRANCISCO PINTO;;;;Colisão Transversal;;;;Cruz;Pare;Residencial;0;0;2;1;0;0;0;0;0;0;0;0;-38,539138;-3,744299
274586;4;2;2016;14:30;0;AV CARNEIRO DE MENDONCA;;;1592;;Colisão Lateral;Luz do Dia;;;Meio de Quadra;;;0;0;2;1;0;0;0;0;0;0;0;0;-38,572586;-3,761022
274581;4;2;2016;18:00;4618;RUA CRISANTO M DA ROCHA;RUA JONAS T. CARNEIRO;;;;Colisão Transversal;Anoitecer;;;Cruz;Pare;Comercial;0;0;2;1;0;0;0;0;0;0;0;0;-38,480624;-3,798445
274582;4;2;2016;07:30;0;AV BENJAMIM BRASIL;;;2116;;Colisão Lateral;Luz do Dia;;;Meio de Quadra;;;0;0;2;1;0;0;0;0;0;0;0;0;-38,558194;-3,808305
274583;4;2;2016;09:00;0;RUA CARNAUBAS;;;600;;Colisão Lateral;Luz do Dia;;;Meio de Quadra;;;0;0;2;1;0;0;0;0;0;0;0;0;;
274599;4;2;2016;12:30;0;AV DUQ CAXIAS;;;550;;Colisão Traseira;Luz do Dia;;;Meio de Quadra;;;0;0;2;1;1;0;0;0;0;0;0;0;-38,529363;-3,731955
279377;4;2;2016;06:59;12837;AV DOMINGOS OLIMPIO;RUA JAIME BENEVOLO;;;;Colisão;Luz do Dia;;;Cruz;Semáforo;Comercial;0;0;2;0;0;0;0;0;0;0;0;0;-38,527245;-3,73778
279378;4;2;2016;08:27;0;RUA GAL CLARINDO DE QUEIROZ;;;414;;Colisão;Luz do Dia;;;Meio de Quadra;;;0;0;2;1;1;0;0;0;0;0;0;0;-38,527916;-3,733437
279382;4;2;2016;09:11;23372;AV PONTES VIEIRA;RUA FRE VIDAL;;;;Colisão;Luz do Dia;;;;Não Há Controle;Comercial;0;0;2;0;0;0;0;0;0;0;0;0;-38,518209;-3,753282
279383;4;2;2016;10:15;15501;AV FRE CIRILO;RUA FREDERICO SEVERO;;;;Colisão;Luz do Dia;;;T;Pare;Residencial;0;0;2;0;0;0;0;0;0;0;0;0;-38,496307;-3,81987
279393;4;2;2016;11:25;10935;RUA BAR CANINDE;RUA ELCIAS LOPES;;;;Colisão;Luz do Dia;;;Cruz;Pare;Residencial;0;0;2;0;0;0;0;0;0;1;0;0;-38,557426;-3,770473
279394;4;2;2016;20:03;3302;AV GAL OSORIO DE PAIVA;RUA LUIS VIEIRA;;;;Colisão;;;;Cruz;Semáforo Intermitente;Comercial;0;0;1;0;0;0;0;0;0;0;0;0;-38,588616;-3,790879
280206;4;2;2016;06:10;0;AV GODOFREDO MACIEL;;;3524;;Colisão;Luz do Dia;;;Meio de Quadra;;;0;0;2;0;0;0;0;0;0;0;0;0;-38,572885;-3,805984
280204;4;2;2016;05:33;0;AV PRS JUSCELINO KUBITSCHEK (PASSARÉ);;;4555;;Colisão;Amanhecer;;;Meio de Quadra;;;0;0;2;0;0;0;0;0;0;0;0;0;-38,533667;-3,819068
280211;4;2;2016;07:34;0;AV AGUANAMBI;;;1534;;Colisão;Luz do Dia;;;Meio de Quadra;;;0;0;2;0;0;0;0;0;0;0;0;0;-38,523599;-3,750743
280223;4;2;2016;09:44;9174;AV 13 DE MAIO;RUA DEP OSWALDO STUDART;;;;Colisão;Luz do Dia;;;Cruz;Semáforo Intermitente;Comercial;0;0;2;0;0;0;0;0;0;0;0;0;-38,526507;-3,751738
280221;4;2;2016;09:44;0;AV PRS CASTELO BRANCO;;;;;;Luz do Dia;;;Meio de Quadra;;;0;0;2;0;0;0;0;0;0;0;0;0;;
280219;4;2;2016;09:19;0;AV DOM LUIS;;;;;Colisão;Luz do Dia;;;Meio de Quadra;;;0;0;2;0;0;0;0;0;0;0;0;0;;
280227;4;2;2016;11:07;24982;RUA CAROLINA SUCUPIRA;AV ALM HENRIQUE SABOIA;;;;Colisão;Luz do Dia;;;T;Semáforo;Residencial;0;0;2;0;0;0;0;0;0;0;0;0;-38,490003;-3,744387
277299;4;2;2016;11:00;0;RD CE-040;;;;KM-07;Colisão;Luz do Dia;Bom;Seca;Meio de Quadra;;;0;0;2;0;1;0;0;0;0;0;0;0;-38,478733;-3,809597
277309;4;2;2016;14:15;0;RD CE-040;;;;KM-02;Colisão;Luz do Dia;Bom;Seca;Meio de Quadra;;;0;1;1;1;1;0;0;0;0;0;0;0;-38,482583;-3,76465
277311;4;2;2016;16:00;0;RD CE-040;;;;KM-08;Colisão;Luz do Dia;Bom;Seca;Meio de Quadra;;;0;2;0;0;0;0;0;0;0;1;0;0;-38,483033;-3,817159
277313;4;2;2016;17:50;0;AV SEN CARLOS JEREISSATI (AEROPORTO);;;;KM 02;Colisão;Anoitecer;Bom;Seca;Meio de Quadra;;;0;0;2;1;0;0;0;0;0;0;0;0;-38,535424;-3,782194
280293;4;2;2016;13:08;0;AV DOM MANUEL;;;103;;Colisão;Luz do Dia;;;Meio de Quadra;;;0;0;2;0;0;0;0;0;0;0;0;0;-38,520076;-3,725123
280294;4;2;2016;13:09;0;AV SANTOS DUMONT;;;6945;;Colisão;Luz do Dia;;;Meio de Quadra;;;0;0;2;0;0;0;0;0;0;0;0;0;-38,470832;-3,745116
280269;4;2;2016;12:46;0;RUA NOGUEIRA ACIOLI;;;496;;Colisão;Luz do Dia;;;Meio de Quadra;;;0;0;2;0;0;0;0;0;0;0;0;0;-38,516156;-3,727739
280275;4;2;2016;12:47;12871;RUA BAR ARATANHA;RUA JOAQUIM MAGALHAES;;;;Colisão;Luz do Dia;;;Cruz;Pare;Residencial;0;0;2;0;0;0;0;0;0;0;0;0;-38,528666;-3,739716
280296;4;2;2016;13:16;0;LOGRADOURO SEM NOME;;;;;Colisão;Luz do Dia;;;Meio de Quadra;;;0;0;2;0;0;0;0;0;0;0;0;0;;
280323;4;2;2016;14:19;1408;RUA DR JOSE LOURENCO;RUA JOAO CARVALHO;;;;Colisão;Luz do Dia;;;Cruz;Pare;Rural;0;0;2;0;0;0;0;0;0;0;0;0;-38,508643;-3,737289
280265;4;2;2016;12:27;0;AV ENG HUMBERTO MONTE;;;971;;Colisão;Luz do Dia;;;Meio de Quadra;;;0;0;2;0;0;0;0;0;0;0;0;0;-38,559474;-3,750427
280259;4;2;2016;11:19;0;RUA DES WALDETARIO P MOTA;;;722;;Colisão;Luz do Dia;;;Meio de Quadra;;;0;0;2;0;0;0;0;0;0;0;0;0;-38,47997;-3,73579
280263;4;2;2016;12:21;0;RUA MACHADO DE ASSIS;;;514;;Colisão;Luz do Dia;;;Meio de Quadra;;;0;0;2;0;0;0;0;0;0;0;0;0;-38,549247;-3,750502
274506;4;2;2016;08:30;0;AV 13 DE MAIO;;;465;;Colisão Traseira;Luz do Dia;;;Meio de Quadra;;;0;0;3;1;0;0;0;0;0;0;0;0;-38,525563;-3,752537
274500;4;2;2016;10:00;13390;RUA JOAO BRIGIDO;RUA ILDEFONSO ALBANO;;;;Outros;Luz do Dia;;;Cruz;Semáforo;Comercial;0;0;1;0;0;0;1;0;0;0;0;0;-38,51575;-3,740605
274501;4;2;2016;08:30;7773;RUA JOAQUIM NABUCO;RUA DOM EXPEDITO LOPES;;;;Colisão Lateral Sentido Oposto;Luz do Dia;;;Cruz;Pare;Residencial;0;0;2;1;0;0;0;0;0;0;0;0;-38,504144;-3,744118
274498;4;2;2016;22:00;0;RUA DEP MOREIRA DA ROCHA;;;827;;Colisão Lateral;;;;Meio de Quadra;;;0;0;2;1;0;0;0;0;0;0;0;0;;
274495;4;2;2016;15:00;8361;RUA ROBERTO SILVA;RUA OTAVIO ROCHA;;;;Atropelamento;Luz do Dia;;;;;;0;2;0;0;0;0;0;0;0;1;0;0;-38,474268;-3,77246
274496;4;2;2016;07:40;3788;RUA WALDERY UCHOA;RUA PDE FRANCISCO PINTO;;;;Colisão Transversal;Luz do Dia;;;Cruz;Pare;Residencial;0;0;2;1;0;0;0;0;0;0;0;0;-38,539138;-3,744299
274520;4;2;2016;10:15;22008;RUA PDE CICERO;RUA FRANCISCA CLOTILDE;;;;Colisão Lateral;Luz do Dia;;;Cruz;Pare;Residencial;0;0;2;1;0;0;0;0;0;0;0;0;-38,550121;-3,739665
274521;4;2;2016;14:05;22194;AV SGT HERMINIO SAMPAIO;RUA CAP NESTOR GOIS;;;;Queda;Luz do Dia;;;;;;0;1;0;0;0;0;0;0;0;1;0;0;-38,560489;-3,726371
274522;4;2;2016;19:30;1611;RUA VICENTE LINHARES;RUA CEL JUCA;;;;Colisão Lateral;;;;Cruz;Pare;Residencial;0;0;2;1;0;0;0;0;0;0;0;0;-38,49343;-3,744356
274523;4;2;2016;19:40;15360;AV DES MOREIRA;AV DOM LUIS;;;;Colisão Lateral;;;;Rotatória;Não Há Controle;Comercial;0;0;2;1;0;0;0;0;0;0;0;0;-38,497383;-3,733239
274524;4;2;2016;17:00;0;RUA PORTO VELHO;;;533;;Colisão Transversal;Anoitecer;;;Meio de Quadra;;;0;1;1;1;0;0;0;0;0;1;0;0;-38,585793;-3,76662
274525;4;2;2016;10:00;15501;AV FRE CIRILO;RUA FREDERICO SEVERO;;;;Colisão Transversal;Luz do Dia;;;T;Pare;Residencial;0;0;2;1;0;0;0;0;0;0;0;0;-38,496307;-3,81987
274511;4;2;2016;08:00;0;AV PRS CASTELO BRANCO;;;600;;Colisão Traseira;Luz do Dia;;;Meio de Quadra;;;0;3;0;0;0;0;0;0;0;1;0;0;;
274518;4;2;2016;09:10;22002;RUA FRANCISCA CLOTILDE;RUA ANA NERY;;;;Colisão Lateral;Luz do Dia;;;T;Não Há Controle;Residencial;0;1;1;0;0;0;0;0;0;1;0;0;-38,553484;-3,743376
274515;4;2;2016;08:00;0;AV PRS CASTELO BRANCO;;;600;;Colisão Traseira;Luz do Dia;;;Meio de Quadra;;;0;0;2;1;0;0;0;0;0;0;0;0;;
274516;4;2;2016;08:20;7871;RUA PRO FRANCISCO GONCALVES;RUA LEONARDO MOTA;;;;Colisão Transversal;Luz do Dia;;;Cruz;Pare;Comercial;0;1;1;1;0;0;0;0;0;1;0;0;-38,499748;-3,747308
274487;4;2;2016;07:00;10697;RUA MON HIPOLITO BRASIL;RUA JOAQUIM M DE MACEDO;;;;Colisão Transversal;Luz do Dia;;;T;Pare;Comercial;0;1;1;0;0;0;0;0;0;1;0;0;-38,581469;-3,757485
274488;4;2;2016;11:50;17403;RUA BAR CANINDE;RUA PRO TEODORICO;;;;Colisão Transversal;Luz do Dia;;;Cruz;Não Há Controle;Residencial;0;0;2;1;0;0;0;0;0;0;0;0;-38,556436;-3,767686
274485;4;2;2016;21:10;5134;RUA GUILHERME ROCHA;RUA TEREZA CRISTINA;;;;Colisão Transversal;;;;Cruz;Pare;Residencial;0;1;1;1;0;0;0;0;0;1;0;0;-38,535981;-3,724385
274480;4;2;2016;16:30;0;RUA BAR ARACATI;;;1291;;Outros;Luz do Dia;;;Meio de Quadra;;;0;0;2;1;0;0;0;0;0;0;0;0;-38,511995;-3,733078
274481;4;2;2016;02:00;0;AV EDUARDO GIRAO;;;3514;;Choque c/ Obstáculo Fixo;;;;Meio de Quadra;;;0;1;0;1;0;0;0;0;0;0;0;0;;
274482;4;2;2016;05:10;0;AV GODOFREDO MACIEL;;;3800;;Colisão Traseira;Amanhecer;;;Meio de Quadra;;;0;1;1;1;0;0;0;0;0;0;0;0;-38,573641;-3,808424
274483;4;2;2016;18:30;12866;RUA SOLON PINHEIRO;RUA JOAQUIM MAGALHAES;;;;Colisão Transversal;Anoitecer;;;Cruz;Pare;Residencial;0;1;2;1;0;0;0;0;0;1;0;0;-38,529352;-3,73949
274477;4;2;2016;15:00;0;RUA MARCONDES PEREIRA;;;;;Outros;Luz do Dia;;;Meio de Quadra;;;0;0;3;1;0;0;0;0;0;0;0;0;;
274478;4;2;2016;20:10;3860;AV 13 DE MAIO;AV DA UNIVERSIDADE;;;;Colisão Traseira;;;;Cruz;Semáforo;Comercial;0;0;2;1;0;0;0;0;0;0;0;0;-38,539107;-3,740962
280524;4;2;2016;20:21;0;AV 13 DE MAIO;;;525;SHOPPING BENFICA;Colisão;;;;Meio de Quadra;;;0;0;2;0;0;0;0;0;0;0;0;0;-38,540664;-3,739637
280479;4;2;2016;19:08;6749;RUA BATISTA DE OLIVEIRA;RUA DR GILBERTO STUDART;;;;Colisão;;;;Cruz;Pare;Residencial;0;0;2;0;0;0;0;0;0;0;0;0;-38,480581;-3,743734
280471;4;2;2016;17:34;0;RUA ANTENOR FROTA WANDERLEY;;;;;Colisão;Anoitecer;;;Meio de Quadra;;;0;0;2;0;0;0;0;0;0;0;0;0;;
280520;4;2;2016;20:12;129;RUA CEL MATOS DOURADO;AV MR HULL;;;;Colisão;;;;Cruz;Não Há Controle;Comercial;0;0;2;0;0;0;0;0;0;0;0;0;-38,585377;-3,738743
280449;4;2;2016;17:33;26262;AV CASTANHOLEIRAS;RUA ANDRADE FURTADO;;;;Colisão;Anoitecer;;;;;;0;0;2;0;0;0;0;0;0;0;0;0;-38,467499;-3,749688
280474;4;2;2016;18:03;19331;AV GAL OSORIO DE PAIVA;RUA PRO GOMES BRASIL;;;;Colisão;Anoitecer;;;Cruz;Semáforo;Comercial;0;0;2;0;0;0;0;0;0;0;0;0;-38,566451;-3,775618
280492;4;2;2016;19:39;0;AV ALM HENRIQUE SABOIA;;;;;Colisão;;;;Meio de Quadra;;;0;0;2;0;0;0;0;0;0;0;0;0;;
280405;4;2;2016;14:23;2412;AV FRANCISCO SA;RUA IRAPUA;;;;Colisão;Luz do Dia;;;Cruz;Não Há Controle;Residencial;0;0;2;0;0;0;0;0;0;0;0;0;-38,586099;-3,706356
280414;4;2;2016;14:27;5490;AV DOM MANUEL;RUA PDE VALDEVINO;;;;Colisão;Luz do Dia;;;;;;0;0;2;0;0;0;0;0;0;0;0;0;-38,523967;-3,736873
280439;4;2;2016;17:25;11849;AV FRANCISCO SA;AV JOSE BASTOS;;;;Colisão;Anoitecer;;;Cruz;Semáforo;Residencial;0;0;2;0;0;0;0;0;0;0;0;0;;
280435;4;2;2016;16:14;0;AV AGUANAMBI;;;899;;Colisão;Luz do Dia;;;Meio de Quadra;;;0;0;2;0;0;0;0;0;0;0;0;0;-38,525537;-3,744619
280436;4;2;2016;16:14;0;AV FELINO BARROSO;;;25;;Colisão;Luz do Dia;;;Meio de Quadra;;;0;0;2;0;0;0;0;0;0;0;0;0;;
280437;4;2;2016;17:22;5078;RUA SEN ALENCAR;RUA TEREZA CRISTINA;;;;;Anoitecer;;;Cruz;Pare;Residencial;0;0;2;0;0;0;0;0;0;0;0;0;-38,535439;-3,722485
280432;4;2;2016;16:02;0;AV ALM HENRIQUE SABOIA;;;2009;;Colisão;Luz do Dia;;;Meio de Quadra;;;0;0;2;0;0;0;0;0;0;0;0;0;;
280557;4;2;2016;21:56;0;AV JOAO PESSOA;;;6931;;Colisão;;;;Meio de Quadra;;;0;0;2;0;0;0;0;0;0;0;0;0;-38,561093;-3,770351
280548;4;2;2016;20:21;19062;RUA PAULO MORAIS;RUA DES WALDETARIO P MOTA;;;;Colisão;;;;Cruz;Pare;Comercial;0;0;2;0;0;0;0;0;0;0;0;0;-38,480491;-3,736632
275697;4;2;2016;01:09;0;AV MR HULL;;;5634;;Colisão;;;;Meio de Quadra;;;0;1;1;1;0;0;0;0;0;1;0;0;-38,594812;-3,740139
275700;4;2;2016;01:45;0;AV PERIMETRAL;;;144;CSU;Colisão;;;;Meio de Quadra;;;0;1;0;0;0;0;0;0;0;0;0;0;-38,58238;-3,753308