COD_ACIDENTE;DIA;MES;ANO;HORA;INTERSECAO;LOG1;LOG2;LOG3;NUMERO;REFERENCIA;NATUREZA;ILUMINACAO;TEMPO;SUPERFICIEPISTA;TIPOCRUZAMENTO;CONTROLETRAFEGO;USOSOLO;MORTOS;FERIDOS;ILESOS;AUTOMOVEL;ONIBUS;BICICLETA;CAMINHAO;MICROONIBUS;CICLOMOTOR;MOTOCICLETA;TRACAOANIMAL;TREM;LONG;LAT
275701;4;2;2016;01:47;22717;RUA BILL CARTAXO;RUA EUCLIDES O DE SOUSA;;;;Colisão;;;;Cruz;Pare;Escola;0;1;0;1;0;0;0;0;0;1;0;0;-38,473793;-3,79771
275708;4;2;2016;02:06;0;AV PONTES VIEIRA;;;267;;Colisão;;;;Meio de Quadra;;;0;1;0;1;0;0;0;0;0;1;0;0;-38,518127;-3,753272
275709;4;2;2016;02:36;0;AV PRS CASTELO BRANCO;;;600;IGREJA STA. EDWIRGES;Colisão;;;;Meio de Quadra;;;0;1;0;0;0;0;0;0;0;1;0;0;-38,532562;-3,719097
275728;4;2;2016;07:19;0;RUA ANTERO QUENTAL;;;60;;Colisão;Luz do Dia;;;Meio de Quadra;;;0;1;0;0;0;0;0;0;0;0;0;0;;
275720;4;2;2016;06:39;10935;RUA ELCIAS LOPES;RUA BAR CANINDE;;;;Colisão;Luz do Dia;;;Cruz;Pare;Residencial;0;1;0;1;0;0;0;0;0;1;0;0;-38,557426;-3,770473
275721;4;2;2016;07:15;0;RD BR 116;;;11000;KM-11;Colisão;Luz do Dia;;;Meio de Quadra;;;0;1;0;0;0;0;0;0;0;0;0;0;-38,497176;-3,84716
275718;4;2;2016;04:41;9174;AV 13 DE MAIO;RUA DEP OSWALDO STUDART;;;;Colisão;;;;;;;0;1;0;1;0;0;0;0;0;1;0;0;-38,526507;-3,751738
275711;4;2;2016;02:47;0;RUA PDE ANCHIETA;;;342;;Colisão;;;;Meio de Quadra;;;0;1;0;1;0;0;0;0;0;1;0;0;-38,550524;-3,723015
275743;4;2;2016;09:52;7662;RUA RIO GRANDE DO NORTE;RUA MINAS GERAIS;;;;Colisão;Luz do Dia;;;Rotatória;Gesto;Residencial;0;1;0;1;0;0;0;0;0;1;0;0;;
275749;4;2;2016;12:48;3771;AV DOMINGOS OLIMPIO;AV DA UNIVERSIDADE;;;;Colisão;Luz do Dia;;;Cruz;Semáforo;Comercial;0;1;0;1;0;0;0;0;0;1;0;0;-38,534216;-3,735594
275745;4;2;2016;10:13;0;AV FRANCISCO SA;;;7630;;Colisão;Luz do Dia;;;;;;0;1;0;1;0;0;0;0;0;1;0;0;-38,586168;-3,706312
275792;4;2;2016;15:12;0;AV CENTRAL CJ CEARA;;;283;;Colisão;Luz do Dia;;;Meio de Quadra;;;0;1;0;0;0;0;0;0;0;1;0;0;;
275797;4;2;2016;16:07;0;AV PRS CASTELO BRANCO;;;3127;;Colisão;Luz do Dia;;;Meio de Quadra;;;0;1;0;1;0;0;0;0;0;1;0;0;-38,557946;-3,711438
275795;4;2;2016;15:15;0;AV PRS CASTELO BRANCO;;;3113;;Colisão;Luz do Dia;;;Meio de Quadra;;;0;1;0;1;0;0;0;0;0;1;0;0;-38,557658;-3,711519
275800;4;2;2016;17:36;10408;AV GENIBAU;RUA HUMAITA D73;;;;Colisão;Anoitecer;;;Cruz;Pare;Comercial;0;3;0;1;0;0;0;0;0;1;0;0;-38,600613;-3,760652
275805;4;2;2016;17:45;0;RUA CANDIDO MAIA;;;294;;Colisão;Anoitecer;;;Meio de Quadra;;;0;1;0;1;0;0;0;0;0;1;0;0;;
275808;4;2;2016;18:42;0;AV PRO GOMES DE MATOS;;;173;;Colisão;;;;Meio de Quadra;;;0;1;1;1;0;0;0;0;0;1;0;0;-38,541189;-3,755989
275747;4;2;2016;12:16;0;AV WASHINGTON SOARES;;;;;Colisão;Luz do Dia;;;Meio de Quadra;;;0;1;0;0;0;0;0;0;0;0;0;0;;
275755;4;2;2016;15:11;0;RUA MIN ALBUQUERQUE LIMA;;;283;;Atropelamento;Luz do Dia;;;Meio de Quadra;;;0;1;1;0;0;0;0;0;0;1;0;0;-38,608635;-3,767941
275812;4;2;2016;19:07;0;AV JOAO PESSOA;;;6754;SESI;Colisão;;;;Meio de Quadra;;;0;2;0;1;0;0;0;0;0;1;0;0;-38,560544;-3,769014
275820;5;2;2016;00:38;0;RUA CEL MATOS DOURADO;;;540;;Queda;;;;Meio de Quadra;;;0;1;0;0;0;0;0;0;0;1;0;0;-38,585025;-3,74346
275822;5;2;2016;01:10;0;RD BR 116;;;13000;KM-13;Capotamento;;Chuva;Molhada;Meio de Quadra;;;0;1;1;1;0;0;0;0;0;0;0;0;-38,497727;-3,86467
275825;5;2;2016;01:19;0;AV GAL OSORIO DE PAIVA;;;2095;;Colisão;;;;Meio de Quadra;;;0;2;0;1;0;0;0;0;0;1;0;0;-38,580521;-3,784506
275826;5;2;2016;01:48;0;AV TEN LISBOA;;;1750;;Queda;;;;Meio de Quadra;;;0;1;0;0;0;0;0;0;0;1;0;0;;
275829;5;2;2016;01:55;0;AV DES GONZAGA;;;;;Colisão;;;;Meio de Quadra;;;0;1;0;1;0;0;0;0;0;1;0;0;;
275834;5;2;2016;02:22;0;RUA 818 CJ CEARA;;;;;Atropelamento;;;;Meio de Quadra;;;0;1;0;1;0;0;0;0;0;0;0;0;;
275832;5;2;2016;02:17;0;AV DR SILAS MUNGUBA;;;;;Colisão;;;;Meio de Quadra;;;0;1;0;1;0;0;0;0;0;1;0;0;;
275871;5;2;2016;07:20;0;RUA BERNARDO MANUEL;;;9360;;Colisão;Luz do Dia;;;Meio de Quadra;;;0;1;0;1;0;0;1;0;0;0;0;0;-38,552393;-3,801985
275872;5;2;2016;07:43;0;RUA ROCHA LIMA;;;630;;Colisão;Luz do Dia;;;Meio de Quadra;;;0;1;1;1;0;0;0;0;0;1;0;0;-38,518661;-3,737555
275874;5;2;2016;08:13;0;RUA ESPIRITO SANTO;;;22;;Atropelamento;Luz do Dia;;;Meio de Quadra;;;0;1;0;0;0;0;0;0;0;1;0;0;-38,565815;-3,749259
275878;5;2;2016;08:17;0;AV AGUANAMBI;;;1637;;Atropelamento;Luz do Dia;;;Meio de Quadra;;;0;1;1;0;0;0;0;0;0;0;0;0;-38,523538;-3,75112
275879;5;2;2016;08:45;4830;RUA DAS PITANGUEIRAS;RUA ITATIAIA;;;;Colisão;Luz do Dia;;;Cruz;Não Há Controle;Residencial;0;1;1;0;0;0;1;0;0;1;0;0;-38,602538;-3,808917
275865;5;2;2016;06:28;0;RUA JARDIM FLUMINENSE;;;1550;;Colisão;Luz do Dia;;;Meio de Quadra;;;0;1;0;1;0;0;0;0;0;1;0;0;-38,602699;-3,809898
275866;5;2;2016;07:05;0;AV ODILON GUIMARAES;;;;YPIOCA;Colisão;Luz do Dia;;;Meio de Quadra;;;0;1;0;0;0;0;0;0;0;0;0;0;;
275868;5;2;2016;07:15;0;RUA PRO GOMES BRASIL;;;144;;Atropelamento;Luz do Dia;;;Meio de Quadra;;;0;1;0;0;0;0;0;0;0;1;0;0;-38,56741;-3,774339
275882;5;2;2016;08:52;3859;RUA JUVENAL GALENO;AV DA UNIVERSIDADE;;;;Colisão;Luz do Dia;;;Cruz;Semáforo;Comercial;0;1;0;1;0;0;0;0;0;1;0;0;-38,538143;-3,739893
275859;5;2;2016;06:17;0;RUA CASTRO DE ALENCAR;;;530;;Colisão;Luz do Dia;;;Meio de Quadra;;;0;1;0;1;0;0;0;0;0;1;0;0;;
275860;5;2;2016;06:21;23358;RUA PRO CARVALHO;RUA EDUARDO BEZERRA;;;;Atropelamento;Luz do Dia;;;T;Pare;Residencial;0;1;0;0;0;0;0;0;0;1;0;0;-38,51474;-3,753921
275856;5;2;2016;04:53;0;RUA PERU;;;1855;;Colisão;;;;Meio de Quadra;;;0;1;0;1;0;0;0;0;0;1;0;0;;
275839;5;2;2016;02:24;0;AV FRANCISCO SA;;;7540;;Colisão;;;;Meio de Quadra;;;0;2;1;1;0;0;0;0;0;1;0;0;-38,586029;-3,706398
275841;5;2;2016;03:17;1351;RUA TIBURCIO CAVALCANTE;RUA DES LEITE ALBUQUERQUE;;;;Colisão;;;;Cruz;Pare;Residencial;0;1;0;1;0;0;0;0;0;1;0;0;-38,502587;-3,735956
275842;5;2;2016;03:49;329;RUA FRANCISCA CLOTILDE;RUA ALEXANDRE BARAUNA;;;;Queda;;;;Cruz;Pare;Residencial;0;1;0;0;0;0;0;0;0;1;0;0;-38,554975;-3,745033
275885;5;2;2016;10:10;10695;RUA PRO HERIBALDO COSTA;RUA MON HIPOLITO BRASIL;;;;Colisão;Luz do Dia;;;Cruz;Pare;Comercial;0;1;0;1;0;0;0;0;0;1;0;0;-38,582275;-3,757069
275886;5;2;2016;11:47;5402;RUA METON DE ALENCAR;RUA VINTE E QUATRO DE MAIO;;;;Colisão;Luz do Dia;;;Cruz;Pare;Escola;0;1;0;1;0;0;0;0;0;1;0;0;-38,533848;-3,732626
275891;5;2;2016;12:24;0;AV PRS CASTELO BRANCO;;;;;Colisão;Luz do Dia;;;Meio de Quadra;;;0;1;0;1;0;0;0;0;0;1;0;0;;
275901;5;2;2016;16:50;0;RD BR 116;;;14000;KM-14;Colisão Traseira;Luz do Dia;Bom;Seca;Meio de Quadra;;;0;1;1;1;1;0;0;0;0;0;0;0;-38,499242;-3,873523
275902;5;2;2016;16:40;0;RD BR 116;;;14000;KM-14;Colisão Lateral;Luz do Dia;Bom;Seca;Meio de Quadra;;;0;0;2;1;0;0;1;0;0;0;0;0;-38,499242;-3,873523
275894;5;2;2016;13:14;26122;AV MAJ ASSIS;AV J CJ POLAR;;;;Queda;Luz do Dia;;;T;Pare;Residencial;0;1;0;0;0;1;0;0;0;0;0;0;-38,599604;-3,720828
275931;5;2;2016;21:46;0;AV PRS COSTA E SILVA;;;865;;Colisão;;;;Meio de Quadra;;;0;1;0;1;0;0;0;0;0;1;0;0;-38,571484;-3,812878
275925;5;2;2016;21:38;9672;RUA GUARAREMA;RUA BOM JESUS (GRANJA LISBOA);;;;Atropelamento;;;;;;;0;1;0;0;0;0;0;0;0;0;0;0;-38,61964;-3,788544
275926;5;2;2016;21:42;0;AV CEL CARVALHO;;;210;TERMINAL ANTONIO BEZERRA;Colisão;;;;Meio de Quadra;;;0;1;0;1;0;0;0;0;0;1;0;0;-38,591232;-3,704697
275904;5;2;2016;13:39;5263;RUA BAR RIO BRANCO;RUA LIBERATO BARROSO;;;;Atropelamento;Luz do Dia;;;;Semáforo;Comercial;0;1;0;1;0;0;0;0;0;0;0;0;;
275905;5;2;2016;13:40;0;AV WASHINGTON SOARES;;;85;IGUATEMI;Atropelamento;Luz do Dia;;;Meio de Quadra;;;0;1;1;0;1;0;0;0;0;0;0;0;-38,488583;-3,757674
275907;5;2;2016;13:44;0;RUA FRE ODILON;;;1660;;Colisão;Luz do Dia;;;Meio de Quadra;;;0;1;0;1;0;0;0;0;0;1;0;0;-38,572413;-3,734602
275908;5;2;2016;15:55;0;RUA EMILIO DE MENESES;;;1521;;Queda;Luz do Dia;;;Meio de Quadra;;;0;1;0;0;0;0;0;0;0;1;0;0;-38,594772;-3,779674
275910;5;2;2016;16:52;0;AV ABOLICAO;;;4010;;Atropelamento;Luz do Dia;;;Meio de Quadra;;;0;1;1;1;0;0;0;0;0;0;0;0;-38,482865;-3,724753
275911;5;2;2016;16:56;0;AV FRANCISCO SA;;;3401;;Colisão;Luz do Dia;;;Meio de Quadra;;;0;1;1;1;0;0;0;0;0;1;0;0;;
275912;5;2;2016;16:57;0;AV OLIVEIRA PAIVA;;;202;VIADUTO - BR-116;Colisão;Luz do Dia;;;Meio de Quadra;;;0;1;0;1;0;0;0;0;0;1;0;0;-38,503354;-3,798688
275913;5;2;2016;17:05;0;RUA DOMINGOS DA VEIGA;;;166;;Atropelamento;Anoitecer;;;Meio de Quadra;;;0;1;0;0;0;0;0;0;0;1;0;0;;
275914;5;2;2016;17:49;17251;RUA EUGENIO GADELHA;RUA BAR CANINDE;;;;Colisão;Anoitecer;;;Cruz;Pare;Residencial;0;1;0;0;0;0;0;0;0;1;0;0;-38,551248;-3,76098
275915;5;2;2016;17:58;0;AV DEP PAULINO ROCHA;;;236;VIADUTO;Colisão;Anoitecer;;;Meio de Quadra;;;0;1;0;1;0;0;0;0;0;1;0;0;-38,505463;-3,799693
275933;5;2;2016;22:47;0;AV ABOLICAO;;;3207;;Colisão;;;;Meio de Quadra;;;0;1;0;1;0;0;0;0;0;1;0;0;-38,491062;-3,726643
275934;5;2;2016;22:51;9612;RUA OSCAR ARARIPE;RUA SGT JOAO PINHEIRO;;;;Colisão;;;;Cruz;Pare;Comercial;0;1;0;1;0;0;0;0;0;1;0;0;-38,623073;-3,783833
275917;5;2;2016;18:11;0;AV JOSE BASTOS;;;1599;;Colisão;Anoitecer;;;Meio de Quadra;;;0;1;0;0;0;0;0;0;0;1;0;0;;
275918;5;2;2016;19:02;2755;RUA CEL VIRGILIO NOGUEIRA (BOM JARDIM);RUA BOM JESUS (GRANJA LISBOA);;;;Colisão;;;;Cruz;Cancela;Misto;0;1;0;1;0;0;0;0;0;1;0;0;;
275920;5;2;2016;21:10;0;AV ROGACIANO LEITE;;;1020;;Colisão;;;;Meio de Quadra;;;0;1;0;1;0;0;0;0;0;1;0;0;-38,496477;-3,766691
280605;5;2;2016;07:14;0;AV DES GONZAGA;;;;;Colisão;Luz do Dia;;;Meio de Quadra;;;0;0;2;0;0;0;0;0;0;0;0;0;;
280607;5;2;2016;09:14;7946;RUA JOSE VILAR;RUA ISAC AMARAL;;;;Colisão;Luz do Dia;;;Cruz;Pare;Misto;0;0;2;0;0;0;0;0;0;0;0;0;-38,509702;-3,751295
280599;5;2;2016;04:51;0;AV GAL OSORIO DE PAIVA;;;360;;Atropelamento;;;;Meio de Quadra;;;0;1;1;0;0;0;0;0;0;0;0;0;-38,565948;-3,775271
280589;5;2;2016;01:16;0;RUA CEL MATOS DOURADO;;;180;VIADUTO ANT.BEZERRA;Colisão;;;;Meio de Quadra;;;0;0;2;0;0;0;0;0;0;0;0;0;-38,585272;-3,740157
280628;5;2;2016;10:50;0;AV DOM LUIS;;;;;Colisão;Luz do Dia;;;Meio de Quadra;;;0;0;2;0;0;0;0;0;0;0;0;0;;
280642;5;2;2016;11:47;0;AV 13 DE MAIO;;;901;PANIFICADORA ROMANA;Colisão;Luz do Dia;;;Meio de Quadra;;;0;0;2;0;0;0;0;0;0;0;0;0;-38,527808;-3,750629
280648;5;2;2016;15:53;0;AV DEP PAULINO ROCHA;;;;SEMAM;Colisão;Luz do Dia;;;Meio de Quadra;;;0;0;2;0;0;0;0;0;0;0;0;0;;
280659;5;2;2016;15:19;0;AV CEL CARVALHO;;;2896;;Colisão;Luz do Dia;;;Meio de Quadra;;;0;0;2;0;0;0;0;0;0;0;0;0;-38,585031;-3,728395
280672;5;2;2016;13:11;13239;AV J CJ JOSE WALTER;AV F CJ JOSE WALTER;;;;Colisão;Luz do Dia;;;;;;0;0;2;0;0;0;0;0;0;0;0;0;-38,557143;-3,835833
281041;5;2;2016;21:46;246;AV JOVITA FEITOSA;RUA DOM LINO;;;;Atropelamento;;;;Cruz;Semáforo;Residencial;0;1;1;0;0;0;0;0;0;0;0;0;-38,556413;-3,73985
280979;5;2;2016;20:50;0;RUA ANTONIO ALEXANDRINO DOS REIS;;;272;DRAGÃO DO MAR;Colisão;;;;Meio de Quadra;;;0;0;2;0;0;0;0;0;0;0;0;0;;
280980;5;2;2016;21:30;0;AV C CJ ESPERANCA;;;535;;Atropelamento;;;;Meio de Quadra;;;0;1;1;0;0;0;0;0;0;0;0;0;;
280912;5;2;2016;19:58;16023;RUA JOAQUIM JERONIMO;AV BENJAMIM BRASIL;;;;Colisão;;;;T;Não Há Controle;Residencial;0;0;2;0;0;0;0;0;0;0;0;0;-38,565006;-3,805487
280848;5;2;2016;18:28;9287;AV BORGES DE MELO;AV DOS EXPEDICIONARIOS;;;;Colisão;Anoitecer;;;Cruz;Semáforo;Comercial;0;0;2;0;0;0;0;0;0;0;0;0;-38,537674;-3,753391
280844;5;2;2016;18:21;0;RUA BERNARDO MANUEL;;;;;Colisão;Anoitecer;;;Meio de Quadra;;;0;0;2;0;0;0;0;0;0;0;0;0;;
280839;5;2;2016;17:24;0;AV BEZERRA DE MENEZES;;;;;Colisão;Anoitecer;;;Meio de Quadra;;;0;0;2;0;0;0;0;0;0;0;0;0;;
280793;5;2;2016;16:00;10792;RUA MACEIO;RUA CUIABA;;;;Colisão;Luz do Dia;;;Cruz;Pare;Rural;0;0;2;0;0;0;0;0;0;0;0;0;-38,590211;-3,762964
280795;5;2;2016;16:04;15144;AV MON TABOSA;AV RUI BARBOSA;;;;Choque c/ Obstáculo Fixo;Luz do Dia;;;Cruz;Semáforo;Residencial;0;0;1;0;0;0;0;0;0;0;0;0;-38,505696;-3,724441
280797;5;2;2016;16:06;0;AV AGUANAMBI;;;1909;POSTO SOBRAL E PALÁCIO;Colisão;Luz do Dia;;;Meio de Quadra;;;0;0;2;0;0;0;0;0;0;0;0;0;-38,523488;-3,754125
280804;5;2;2016;16:25;19366;AV DR SILAS MUNGUBA;RUA GERMANO FRANCK;;;;Colisão;Luz do Dia;;;Cruz;Semáforo;Comercial;0;0;2;0;0;0;0;0;0;0;0;0;-38,562004;-3,777251
280806;5;2;2016;16:54;0;AV FRE CIRILO;;;4799;LAGOA;Colisão;Luz do Dia;;;Meio de Quadra;;;0;0;2;0;0;0;0;0;0;0;0;0;-38,493429;-3,827276
280813;5;2;2016;16:58;0;RUA SOUSA GIRAO;;;725;;Colisão;Luz do Dia;;;Meio de Quadra;;;0;0;2;0;0;0;0;0;0;0;0;0;-38,524338;-3,746602
280820;5;2;2016;16:58;9257;RUA CEL PERGENTINO FERREIRA;AV AGUANAMBI;;;;Colisão;Luz do Dia;;;Cruz;Semáforo;Comercial;0;0;2;0;0;0;0;0;0;0;0;0;-38,524049;-3,748634
280829;5;2;2016;17:36;26263;RUA MARIA ALICE FERRAZ;RUA LUIZA MIRANDA COELHO;;;;Colisão;Anoitecer;;;;;;0;0;2;0;0;0;0;0;0;0;0;0;-38,491232;-3,773756
280832;5;2;2016;17:38;0;RUA JOAQUIM LIMA;;;679;;Colisão;Anoitecer;;;Meio de Quadra;;;0;0;2;0;0;0;0;0;0;0;0;0;-38,480923;-3,740948
280732;5;2;2016;13:21;7875;AV PONTES VIEIRA;AV SEN VIRGILIO TAVORA;;;;Colisão;Luz do Dia;;;Cruz;Semáforo Intermitente;Residencial;0;0;2;0;0;0;0;0;0;0;0;0;-38,497652;-3,750886
280749;5;2;2016;13:46;0;AV JOSE JATAHY;;;;;Colisão;Luz do Dia;;;Meio de Quadra;;;0;0;2;0;0;0;0;0;0;0;0;0;;
280750;5;2;2016;14:02;0;RUA JUVENAL GALENO;;;180;;Colisão;Luz do Dia;;;Meio de Quadra;;;0;0;2;0;0;0;0;0;0;0;0;0;-38,537362;-3,740563
280747;5;2;2016;13:32;1583;RUA LEONARDO MOTA;RUA VICENTE LINHARES;;;;Colisão;Luz do Dia;;;Cruz;Semáforo;Residencial;0;0;2;0;0;0;0;0;0;0;0;0;-38,498309;-3,742785
280772;5;2;2016;14:10;0;AV LUCIANO CARNEIRO;;;;;Colisão;Luz do Dia;;;Meio de Quadra;;;0;0;2;0;0;0;0;0;0;0;0;0;;
280776;5;2;2016;14:46;23380;RUA NUNES VALENTE;RUA CAP TIBURCIO DA FROTA;;;;Colisão;Luz do Dia;;;Cruz;Pare;Residencial;0;0;2;0;0;0;0;0;0;0;0;0;-38,509109;-3,754506
280784;5;2;2016;15:46;0;RUA LAURO NOGUEIRA;;;1863;;Colisão;Luz do Dia;;;Meio de Quadra;;;0;0;2;0;0;0;0;0;0;0;0;0;;
280780;5;2;2016;15:17;3769;RUA SEN POMPEU;AV DOMINGOS OLIMPIO;;;;Colisão;Luz do Dia;;;Cruz;Semáforo;Comercial;0;0;2;0;0;0;0;0;0;0;0;0;-38,532455;-3,736254
274565;5;2;2016;06:00;5725;RUA MARGARIDA DE QUEIROZ;RUA TEOFREDO GOIANA;;;;Colisão Lateral;Luz do Dia;Bom;Seca;Cruz;Pare;Residencial;0;1;1;1;0;0;0;0;0;1;0;0;-38,503091;-3,793757
274572;5;2;2016;07:40;3219;RUA EMILIO DE MENESES;RUA ANSELMO NOGUEIRA;;;;Colisão Lateral;Luz do Dia;Bom;Seca;Cruz;Semáforo;Comercial;0;0;2;1;0;0;1;0;0;0;0;0;-38,587374;-3,78176
275953;5;2;2016;20:35;0;RD BR 116;;;5000;KM-05;Colisão Traseira;Via Iluminada;Bom;Seca;Meio de Quadra;;;0;2;0;1;0;0;0;0;0;1;0;0;-38,506787;-3,796502
274553;5;2;2016;14:20;7420;RUA CEL MATOS DOURADO;RUA MON HIPOLITO BRASIL;;;;Colisão Transversal;Luz do Dia;Bom;Seca;Cruz;Pare;Residencial;0;1;1;1;0;0;1;0;0;0;0;0;-38,583823;-3,756247
277319;5;2;2016;10:30;0;RD CE-040;;;;KM-07;Colisão;Luz do Dia;Bom;Seca;Meio de Quadra;;;0;0;2;0;1;0;0;0;0;0;0;0;-38,478733;-3,809597
277320;5;2;2016;11:00;0;RD CE-040;;;;KM-09;Colisão;Luz do Dia;Bom;Seca;Meio de Quadra;;;0;0;2;1;0;0;0;0;0;0;0;0;-38,481538;-3,825516
277409;5;2;2016;22:40;3819;AV CARAPINIMA;RUA JUVENAL GALENO;;;;Colisão;;;;Cruz;Semáforo;Comercial;0;0;2;1;0;0;0;0;0;0;0;0;-38,539176;-3,738998
277404;5;2;2016;15:00;7634;RUA MINAS GERAIS;AV CARNEIRO DE MENDONCA;;;;Colisão;Luz do Dia;;;Cruz;Pare;Residencial;0;0;2;1;0;0;0;0;0;0;0;0;-38,5692;-3,762798
277400;5;2;2016;12:05;0;RUA MON HIPOLITO BRASIL;;;;;Colisão;Luz do Dia;;;Meio de Quadra;;;0;0;3;1;1;0;0;0;0;0;0;0;;
277401;5;2;2016;12:55;0;RUA GUILHERME ROCHA;;;;;Colisão;Luz do Dia;;;Meio de Quadra;;;0;0;2;1;0;0;0;0;0;0;0;0;;
277406;5;2;2016;16:10;0;RUA TAB JOAQUIM COELHO;;;;;Colisão;Luz do Dia;;;Meio de Quadra;;;0;0;2;1;0;0;1;0;0;0;0;0;;
279446;5;2;2016;20:14;0;RUA GERMANO FRANCK;;;860;;;;;;Meio de Quadra;;;0;0;2;0;0;0;0;0;0;0;0;0;-38,563808;-3,77875
279438;5;2;2016;18:43;0;RUA TIBURCIO CAVALCANTE;;;1710;;Colisão;;;;Meio de Quadra;;;0;0;2;0;0;0;0;0;0;0;0;0;-38,503817;-3,739823
274579;5;2;2016;06:50;17365;RUA TEN MOACIR MATOS;RUA EUZEBIO DE QUEIROS;;;;Atropelamento;Luz do Dia;Bom;Seca;Cruz;Pare;Residencial;0;2;1;1;0;0;0;0;0;1;0;0;-38,553728;-3,76639
274595;5;2;2016;10:40;15141;AV MON TABOSA;RUA CARLOS VASCONCELOS;;;;Colisão Lateral;Luz do Dia;Bom;Seca;Cruz;Semáforo;Comercial;0;0;2;1;0;0;0;0;0;1;0;0;-38,507985;-3,724289
274592;5;2;2016;15:30;0;RUA PRO RAIMUNDO VITOR;;;;;Colisão Lateral;Luz do Dia;Bom;Seca;Meio de Quadra;Não Há Controle;Residencial;0;0;2;1;0;0;0;0;0;0;0;0;;
274589;5;2;2016;21:00;5307;AV DUQ CAXIAS;RUA PRC ISABEL;;;;Colisão Transversal;Via Iluminada;Bom;Seca;Cruz;Semáforo;Comercial;0;0;2;1;0;0;0;0;0;0;0;0;-38,536407;-3,729687
274603;5;2;2016;17:30;24990;AV PRS JUSCELINO KUBITSCHEK (PASSARÉ);AV PRS COSTA E SILVA;;;;Colisão Traseira;Via Iluminada;Bom;Seca;T;Semáforo;Residencial;0;0;2;1;0;0;0;0;0;0;0;0;-38,539516;-3,825648
274609;5;2;2016;09:50;24970;RUA VICENTE LEITE;AV ALM HENRIQUE SABOIA;;;;Colisão Transversal;Luz do Dia;Bom;Seca;Outros;Não Há Controle;Residencial;0;0;2;1;0;0;1;0;0;0;0;0;-38,499821;-3,752102
274611;5;2;2016;20:25;2356;RUA SEN ROBERT KENNEDY;RUA ESTEVAO DE CAMPOS;;;;Colisão Transversal;Via Iluminada;Bom;Seca;Cruz;Pare;Residencial;0;1;1;1;0;0;0;0;0;1;0;0;-38,579516;-3,705131
274618;5;2;2016;14:40;0;RUA ALMEIDA REGO;;;;;Colisão Lateral;Luz do Dia;Bom;Seca;Meio de Quadra;Não Há Controle;Comercial;0;0;2;1;0;0;0;0;0;0;0;0;;
274625;5;2;2016;08:10;0;RUA CIRO MONTEIRO;;;;;Colisão Transversal;Luz do Dia;Bom;Seca;Meio de Quadra;Não Há Controle;Residencial;0;0;2;1;0;0;0;0;0;0;0;0;;
274629;5;2;2016;19:00;4167;AV FRANCISCO SA;RUA PLACIDO CARVALHO;;;;Colisão Transversal;Via Iluminada;Bom;Seca;T;Não Há Controle;Comercial;0;0;2;0;0;0;0;0;0;1;0;0;-38,555342;-3,718081
274632;5;2;2016;07:25;6738;RUA VILEBALDO AGUIAR;RUA DES WALDETARIO P MOTA;;;;Colisão Transversal;Luz do Dia;Bom;Seca;Cruz;Pare;Residencial;0;1;1;1;0;0;0;0;0;1;0;0;-38,483787;-3,741853
274633;5;2;2016;08:20;24969;AV PDE ANTONIO TOMAS;AV ALM HENRIQUE SABOIA;;;;Colisão Traseira;Luz do Dia;Bom;;Cruz;Semáforo;Residencial;0;0;2;1;0;0;0;0;0;0;0;0;-38,489455;-3,743493
274644;5;2;2016;17:30;25159;AV ALM MAXIMIANO DA FONSECA;AV MIGUEL DIAS;;;;Colisão Transversal;Via Iluminada;Bom;Seca;Cruz;Pare;Residencial;0;0;2;1;0;0;0;0;0;0;0;0;-38,487945;-3,770833
274649;5;2;2016;19:30;20042;AV DEP PAULINO ROCHA;AV ALBERTO CRAVEIRO;;;;Colisão Traseira;Via Iluminada;Bom;Seca;Rotatória;Dê Preferência;Comercial;0;0;2;1;0;0;0;0;0;0;0;0;-38,524782;-3,807229
274651;5;2;2016;20:00;0;AV DEP PAULINO ROCHA;;;3131;CASTELAO;Colisão Lateral;Via Iluminada;Bom;Seca;Meio de Quadra;Não Há Controle;Comercial;0;1;1;0;0;0;0;0;0;1;0;0;-38,523807;-3,808405
274652;5;2;2016;17:20;5263;RUA BAR RIO BRANCO;RUA LIBERATO BARROSO;;;;Atropelamento;Luz do Dia;Bom;Seca;;Semáforo;Comercial;0;1;1;1;0;0;0;0;0;0;0;0;;
274654;5;2;2016;12:30;0;RUA BONFIM SOBRINHO;;;;;Colisão Lateral;Luz do Dia;Bom;Seca;Meio de Quadra;Não Há Controle;Residencial;0;0;2;1;0;0;0;0;0;0;0;0;;
274655;5;2;2016;11:59;0;RUA JOAO AMORA;;;;;Colisão Traseira;Luz do Dia;Bom;Seca;Meio de Quadra;Não Há Controle;Residencial;0;0;2;0;0;0;0;0;0;1;0;0;;
274658;5;2;2016;09:55;7650;AV CARNEIRO DE MENDONCA;RUA BELO HORIZONTE;;;;Colisão Transversal;Luz do Dia;Bom;Seca;Cruz;Pare;Comercial;0;1;1;1;0;0;0;0;0;1;0;0;-38,567567;-3,763666
274659;5;2;2016;14:10;3767;AV DOMINGOS OLIMPIO;AV IMPERADOR;;;;Colisão Lateral;Luz do Dia;Bom;Seca;Cruz;Semáforo;Comercial;0;0;2;1;0;0;1;0;0;0;0;0;-38,536697;-3,73479
274660;5;2;2016;;26236;RUA BERNARDO MANUEL;AV DR SILAS MUNGUBA;;;;Colisão Transversal;Luz do Dia;Bom;Seca;Cruz;Semáforo;Comercial;0;0;2;1;0;0;1;0;0;0;0;0;-38,54796;-3,787538
274664;5;2;2016;07:30;19721;RUA AMADEU FURTADO;RUA GUSTAVO SAMPAIO;;;;Colisão Transversal;Luz do Dia;Bom;Seca;Cruz;Pare;Residencial;0;1;1;1;0;0;0;0;0;1;0;0;-38,563828;-3,736786