COD_ACIDENTE;DIA;MES;ANO;HORA;INTERSECAO;LOG1;LOG2;LOG3;NUMERO;REFERENCIA;NATUREZA;ILUMINACAO;TEMPO;SUPERFICIEPISTA;TIPOCRUZAMENTO;CONTROLETRAFEGO;USOSOLO;MORTOS;FERIDOS;ILESOS;AUTOMOVEL;ONIBUS;BICICLETA;CAMINHAO;MICROONIBUS;CICLOMOTOR;MOTOCICLETA;TRACAOANIMAL;TREM;LONG;LAT
274665;5;2;2016;08:10;0;RUA OSVALDO CRUZ;;;;;Colisão Transversal;Luz do Dia;Bom;Seca;Meio de Quadra;Pare;Residencial;0;0;2;1;0;0;1;0;0;0;0;0;;
274667;5;2;2016;21:00;5423;RUA SOLON PINHEIRO;RUA GAL CLARINDO DE QUEIROZ;;;;Colisão Transversal;Via Iluminada;Bom;Seca;Cruz;Semáforo;Comercial;0;0;2;1;1;0;0;0;0;0;0;0;-38,527353;-3,733626
274669;5;2;2016;10:00;0;RUA EQUADOR;;;;;Colisão Lateral;Luz do Dia;Nublado;Seca;Outros;Cancela Danificada;Residencial;0;0;2;1;1;0;0;0;0;0;0;0;;
274670;5;2;2016;20:50;0;RUA DR FERNANDO AUGUSTO;;;1264;;Atropelamento;Mal Iluminada;Bom;Seca;Meio de Quadra;Não Há Controle;Residencial;1;0;1;0;0;0;0;0;0;1;0;0;-38,603692;-3,792888
274672;5;2;2016;10:45;7875;AV SEN VIRGILIO TAVORA;AV PONTES VIEIRA;;;;Colisão Transversal;Luz do Dia;Bom;Seca;Cruz;Semáforo;Comercial;0;1;1;1;0;0;0;0;0;0;0;0;-38,497652;-3,750886
274678;6;2;2016;08:00;0;RUA BERNARDO MANUEL;;;8259;;Colisão Lateral;Luz do Dia;Bom;Seca;Meio de Quadra;Não Há Controle;Residencial;0;1;1;1;0;0;0;0;0;1;0;0;-38,549248;-3,791601
274692;6;2;2016;17:30;0;RUA VICENTE LEITE;;;497;;Choque c/ Obstáculo Fixo;Anoitecer;Bom;Seca;Meio de Quadra;Não Há Controle;Residencial;0;0;2;1;0;0;0;0;0;0;0;0;-38,49324;-3,730339
274693;6;2;2016;12:50;19667;AV BEZERRA DE MENEZES;RUA ERETIDES MARTINS;;;;Engavetamento;Luz do Dia;Bom;Seca;Cruz;Semáforo;Comercial;0;0;3;1;0;0;0;0;0;0;0;0;-38,557568;-3,734232
274694;6;2;2016;16:00;0;RUA BAR ARACATI;;;;;Colisão Traseira;Luz do Dia;Bom;Seca;Meio de Quadra;Pare;Comercial;0;0;3;1;0;0;0;0;0;0;0;0;;
274695;6;2;2016;08:30;5421;AV DUQ CAXIAS;AV VIS RIO BRANCO;;;;Colisão Traseira;Luz do Dia;Bom;Seca;Cruz;Semáforo;Escola;0;0;2;1;0;0;0;0;0;0;0;0;-38,524603;-3,733481
274690;6;2;2016;11:00;7813;RUA JULIO SIQUEIRA;RUA TIBURCIO CAVALCANTE;;;;Colisão Transversal;Luz do Dia;Bom;Seca;Cruz;Pare;Misto;0;1;1;1;0;0;0;0;0;0;0;0;-38,507128;-3,750135
274698;6;2;2016;14:10;26227;RUA AGAMENON;AV GAL OSORIO DE PAIVA;;;;Colisão Lateral;Luz do Dia;Bom;Seca;Cruz;Semáforo;Comercial;0;0;2;1;0;0;0;0;0;0;0;0;;
274699;6;2;2016;19:30;10943;RUA ZACARIAS GONDIM;RUA DOM CARLOTO TAVORA;;;;Colisão Transversal;Mal Iluminada;Bom;Seca;Cruz;Pare;Residencial;0;0;2;1;0;0;0;0;0;0;0;0;-38,558785;-3,768945
274680;6;2;2016;08:50;1321;RUA VICENTE LEITE;RUA MARCOS MACEDO;;;;Colisão Transversal;Luz do Dia;Bom;Molhada;Cruz;Pare;Comercial;0;0;2;1;0;0;0;0;0;0;0;0;-38,494787;-3,735201
274701;6;2;2016;19:00;6817;RUA BENTO ALBUQUERQUE;RUA FRANCISCO MATOS;;;;Colisão Transversal;Via Iluminada;Bom;Seca;Cruz;Pare;Residencial;0;0;2;1;0;0;0;0;0;0;0;0;-38,470436;-3,747862
274702;6;2;2016;10:40;15269;AV RUI BARBOSA;RUA TEN BENEVOLO;;;;Colisão Transversal;Luz do Dia;Bom;Seca;Cruz;Semáforo;Residencial;0;1;1;1;0;0;0;0;0;0;0;0;-38,507048;-3,728685
274703;6;2;2016;13:00;0;AV GAL OSORIO DE PAIVA;;;5940;;Colisão Traseira;Luz do Dia;Bom;Seca;Meio de Quadra;Semáforo;Comercial;0;0;2;1;0;0;0;0;0;0;0;0;-38,605717;-3,80851
274704;6;2;2016;20:00;5415;RUA GAL CLARINDO DE QUEIROZ;RUA FLORIANO PEIXOTO;;;;Colisão Transversal;Via Iluminada;Bom;Seca;Cruz;Pare;Comercial;0;0;2;1;0;0;0;0;0;0;0;0;-38,529027;-3,733049
274705;6;2;2016;12:40;0;AV GAL OSORIO DE PAIVA;;;6020;;Colisão Transversal;Luz do Dia;Bom;Seca;Meio de Quadra;Não Há Controle;Comercial;0;1;1;0;0;0;0;0;0;1;0;0;-38,605698;-3,80849
274707;6;2;2016;16:55;25025;AV AUGUSTO DOS ANJOS;RUA EMILIO DE MENESES;;;;Colisão Transversal;Luz do Dia;Bom;Seca;T;Semáforo;Residencial;0;1;1;0;1;0;0;0;0;1;0;0;-38,581896;-3,783313
274708;6;2;2016;11:30;5030;AV ALM BARROSO;RUA ALM JACEGUAI;;;;Colisão Traseira;Luz do Dia;Bom;Seca;T;Semáforo;Comercial;0;0;2;1;0;0;1;0;0;0;0;0;-38,519363;-3,720749
279458;6;2;2016;08:11;19230;AV SANTOS DUMONT;RUA DR RIBAMAR LOBO;;;;Colisão;Luz do Dia;;;Duplo T;Não Há Controle;Misto;0;0;2;0;0;0;0;0;0;0;0;0;-38,467858;-3,74606
275954;6;2;2016;08:00;0;RD BR 116;;;800;KM-03;Atropelamento;Luz do Dia;Bom;Seca;Meio de Quadra;;;0;1;1;1;0;0;0;0;0;0;0;0;-38,50847;-3,793082
275955;6;2;2016;21:30;0;RD BR 116;;;500;KM-03;Choque c/ Obstáculo Fixo;Via Iluminada;Bom;Seca;Meio de Quadra;;;0;1;0;1;0;0;0;0;0;0;0;0;-38,51386954;-3,781255671
275975;6;2;2016;03:05;19230;AV SANTOS DUMONT;RUA DR RIBAMAR LOBO;;;;Colisão;;;;Duplo T;Não Há Controle;Misto;0;1;0;1;0;0;0;0;0;1;0;0;-38,467858;-3,74606
275962;6;2;2016;01:59;0;RUA 448 CJ CEARA;;;180;;Queda;;;;Meio de Quadra;;;0;1;0;0;0;0;0;0;0;1;0;0;-38,606438;-3,762126
276029;6;2;2016;13:07;0;AV ALBERTO CRAVEIRO;;;507;MAKRO;Colisão;Luz do Dia;;;Meio de Quadra;;;0;1;0;0;0;0;0;0;0;0;0;0;-38,51591;-3,781154
276018;6;2;2016;12:18;0;AV AUGUSTO DOS ANJOS;;;2016;;Colisão;Luz do Dia;;;Meio de Quadra;;;0;1;0;0;0;0;0;0;0;0;0;0;-38,581841;-3,78325
276020;6;2;2016;12:38;0;AV AGUANAMBI;;;1000;;Atropelamento;Luz do Dia;;;Meio de Quadra;;;0;1;1;1;0;0;0;0;0;0;0;0;-38,525432;-3,745305
276042;6;2;2016;15:16;12424;RUA DIAMANTINA;RUA GOIAS;;;;Colisão;Luz do Dia;;;;;;0;1;0;0;0;0;0;0;0;0;0;0;-38,568893;-3,764193
276032;6;2;2016;13:17;0;RUA APOCALIPSE (MONDUBIM);;;530;;Colisão;Luz do Dia;;;Meio de Quadra;;;0;1;0;1;0;0;0;0;0;1;0;0;;
276036;6;2;2016;14:34;0;RUA JOSE TEIXEIRA REGO;;;878;;Colisão;Luz do Dia;;;Meio de Quadra;;;0;1;0;0;0;0;0;0;0;1;0;0;;
276046;6;2;2016;16:31;0;AV RAD JOSE LIMA VERDE;;;235;;Queda;Luz do Dia;;;Meio de Quadra;;;0;1;0;0;0;0;0;0;0;1;0;0;;
276047;6;2;2016;16:38;0;RD BR 116;;;4000;KM-04;Colisão;Luz do Dia;;;Meio de Quadra;;;0;1;0;1;0;0;0;0;0;0;0;0;-38,510646;-3,788331
276048;6;2;2016;17:11;0;RD BR 116;;;;;Colisão;Anoitecer;;;Meio de Quadra;;;0;1;0;1;0;0;0;0;0;0;0;0;;
276049;6;2;2016;17:16;0;RUA LEITAO CERQUEIRA;;;251;;Colisão;Anoitecer;;;Meio de Quadra;;;0;1;0;0;0;0;0;0;0;0;0;0;;
276050;6;2;2016;17:18;7329;RUA MANAUS;RUA PRO PAULO LOPES;;;;Colisão;Anoitecer;;;Cruz;Pare;Residencial;0;1;0;1;0;0;0;0;0;1;0;0;-38,591163;-3,753573
276044;6;2;2016;16:21;0;RUA QUINZE (CANINDEZINHO);;;;;Colisão;Luz do Dia;;;Meio de Quadra;;;0;1;0;0;0;0;0;0;0;0;0;0;;
276053;6;2;2016;17:33;0;RUA CRISTAIS PAULISTA;;;;;Colisão;Anoitecer;;;Meio de Quadra;;;0;1;1;1;0;0;0;0;0;1;0;0;;
276006;6;2;2016;09:33;0;AV WASHINGTON SOARES;;;1721;;Colisão;Luz do Dia;;;Meio de Quadra;;;0;1;0;0;0;0;0;0;0;0;0;0;;
276008;6;2;2016;10:53;0;AV ALBERTO CRAVEIRO;;;2692;CASTELAO;Queda;Luz do Dia;;;Meio de Quadra;;;0;1;0;0;0;0;0;0;0;1;0;0;-38,521679;-3,80338
276013;6;2;2016;10:55;0;RUA STA ELISA D21;;;1010;;Colisão;Luz do Dia;;;Meio de Quadra;;;0;2;0;1;0;0;0;0;0;1;0;0;;
276002;6;2;2016;09:26;22979;RUA FRE ALEMAO;RUA MAD ELISA BALDO;;;;Queda;Luz do Dia;;;Cruz;Pare;Residencial;0;1;0;0;0;0;0;0;0;1;0;0;-38,544056;-3,785835
275984;6;2;2016;05:40;0;AV RAD JOSE LIMA VERDE;;;770;VIADUTO;Colisão;Amanhecer;;;Meio de Quadra;;;0;1;0;1;0;0;0;0;0;1;0;0;-38,587838;-3,699581
275985;6;2;2016;05:52;0;RUA MARIA GOMES DE SA;;;2150;;Colisão;Amanhecer;;;Meio de Quadra;;;0;1;1;1;0;0;0;0;0;1;0;0;-38,586467;-3,820332
275988;6;2;2016;06:12;0;AV IMPERADOR;;;351;;Colisão;Luz do Dia;;;Meio de Quadra;;;0;1;0;1;0;0;0;0;0;1;0;0;;
275995;6;2;2016;07:35;0;AV JOSE BASTOS;;;4454;;Queda;Luz do Dia;;;Meio de Quadra;;;0;3;0;0;0;0;0;0;0;1;0;0;-38,555968;-3,755498
275996;6;2;2016;08:27;0;AV GAL OSORIO DE PAIVA;;;6036;;Colisão;Luz do Dia;;;Meio de Quadra;;;0;1;0;1;0;0;0;0;0;1;0;0;-38,60677;-3,809615
275992;6;2;2016;06:30;3814;RUA PAULINO NOGUEIRA;RUA WALDERY UCHOA;;;;Colisão;Luz do Dia;;;Cruz;Pare;Residencial;0;1;0;1;0;0;0;0;0;1;0;0;-38,538372;-3,743449
275993;6;2;2016;06:59;0;AV GAL OSORIO DE PAIVA;;;6016;;Colisão;Luz do Dia;;;Meio de Quadra;;;0;1;4;1;0;0;0;0;0;1;0;0;-38,605699;-3,808491
276067;6;2;2016;17:37;7329;RUA MANAUS;RUA PRO PAULO LOPES;;;;Colisão;Anoitecer;;;Cruz;Pare;Residencial;0;1;1;1;0;0;0;0;0;1;0;0;-38,591163;-3,753573
276068;6;2;2016;17:47;0;AV COS GOMES DE FREITAS (SAPIRANGA/COITE);;;4160;;Colisão;Anoitecer;;;Meio de Quadra;;;0;1;0;1;0;0;0;0;0;0;0;0;-38,469716;-3,794842
276070;6;2;2016;18:36;0;AV DR SILAS MUNGUBA;;;5130;CASTELÃO;Queda;;;;Meio de Quadra;;;0;1;0;0;0;0;0;0;0;1;0;0;-38,531205;-3,798197
276071;6;2;2016;18:40;20042;AV ALBERTO CRAVEIRO;AV DR SILAS MUNGUBA;;;;Queda;;;;;;;0;2;0;0;0;0;0;0;0;1;0;0;-38,524782;-3,807229
281044;6;2;2016;07:52;0;AV N CJ JOSE WALTER;;;;;Colisão;Luz do Dia;;;Meio de Quadra;;;0;0;2;0;0;0;0;0;0;0;0;0;;
281089;6;2;2016;22:16;7329;RUA PRO PAULO LOPES;RUA MANAUS;;;;Colisão;;;;Cruz;Pare;Residencial;0;0;2;0;0;0;0;0;0;0;0;0;-38,591163;-3,753573
281060;6;2;2016;08:52;0;RUA ALBERTO MAGNO;;;127;;Colisão;Luz do Dia;;;Meio de Quadra;;;0;0;2;0;0;0;0;0;0;0;0;0;-38,543366;-3,757324
281084;6;2;2016;17:42;0;AV ALBERTO CRAVEIRO;;;507;MAKRO;Colisão;Anoitecer;;;Meio de Quadra;;;0;0;2;0;0;0;0;0;0;0;0;0;-38,51591;-3,781154
281076;6;2;2016;17:19;0;AV AGUANAMBI;;;;EXTRA;Colisão;Anoitecer;;;Meio de Quadra;;;0;0;2;0;0;0;0;0;0;0;0;0;;
281067;6;2;2016;11:28;0;RUA CON DE CASTRO;;;4579;;Colisão;Luz do Dia;;;Meio de Quadra;;;0;0;2;0;0;0;0;0;0;0;0;0;-38,592102;-3,805216
281068;6;2;2016;11:30;0;RUA PEREIRA FILGUEIRAS;;;;;Colisão;Luz do Dia;;;Meio de Quadra;;;0;0;2;0;0;0;0;0;0;0;0;0;;
281071;6;2;2016;15:42;15717;RUA DR JOAQUIM BENTO;RUA TOME DE SOUZA;;;;Colisão;Luz do Dia;;;T;;Comercial;0;0;2;0;0;0;0;0;0;0;0;0;-38,486128;-3,828285
303254;6;2;2016;07:00;1716;AV GOV RAUL BARBOSA;AV GAL MURILO BORGES;;0;;Colisão Transversal;Luz do Dia;Nublado;Seca;Rotatória;Dê Preferência;Residencial;0;0;2;1;0;0;0;0;0;1;0;0;-38,508802;-3,763977
275936;6;2;2016;00:45;0;RUA BARBARA DE ALENCAR;;;940;;Queda;;;;Meio de Quadra;;;0;1;0;0;0;0;0;0;0;1;0;0;-38,516255;-3,737277
275945;6;2;2016;01:56;0;AV FRANCISCO SA;;;280;;Colisão;;;;Meio de Quadra;;;0;0;1;1;0;0;0;0;0;0;0;0;;
275939;6;2;2016;01:01;0;RUA DOM HELIO CAMPOS D21;;;;;Queda;;;;Meio de Quadra;;;0;1;0;0;0;0;0;0;0;1;0;0;;
281093;7;2;2016;13:31;0;AV ALM HENRIQUE SABOIA;;;1300;TERMINAL DO PAPICU;Colisão;Luz do Dia;;;Meio de Quadra;;;0;0;2;0;0;0;0;0;0;0;0;0;-38,48594;-3,737974
281099;7;2;2016;15:14;0;AV DIOGUINHO;;;2849;;Colisão;Luz do Dia;;;Meio de Quadra;;;0;0;2;0;0;0;0;0;0;0;0;0;;
281105;7;2;2016;16:45;6488;AV 1000 UI 709;AV J CJ CEARA;;;;;Luz do Dia;;;;;;0;0;2;0;0;0;0;0;0;0;0;0;-38,619861;-3,773989
281133;7;2;2016;18:15;0;RUA PRO HERIBALDO COSTA;;;618;;Colisão;Anoitecer;;;Meio de Quadra;;;0;0;2;0;0;0;0;0;0;0;0;0;;
276073;7;2;2016;00:26;0;AV MR HULL;;;2836;RABBIB`S;Atropelamento;;;;Meio de Quadra;;;0;1;0;1;0;0;0;0;0;0;0;0;-38,568894;-3,736554
276074;7;2;2016;00:27;0;RUA BERNARDO MANUEL;;;1150;;Atropelamento;;;;Meio de Quadra;;;0;2;0;0;0;0;0;0;0;1;0;0;;
276076;7;2;2016;00:31;18528;AV ENG HUMBERTO MONTE;AV BEZERRA DE MENEZES;;;;Atropelamento;;;;;;;0;1;0;0;0;0;0;0;0;0;0;0;-38,569025;-3,736609
276077;7;2;2016;04:56;12577;AV MAJ ASSIS;RUA PDE TEODORO (QUNTINO CUNHA);;;;Colisão Transversal;;;;Cruz;Pare;;1;0;1;0;1;0;0;0;0;1;0;0;-38,590526;-3,723221
276078;7;2;2016;02:04;0;RUA MISERICORDIA;;;44;;Colisão;;;;Meio de Quadra;;;0;1;0;1;0;0;0;0;0;1;0;0;;
276081;7;2;2016;02:22;0;AV GOV RAUL BARBOSA;;;7502;VIADUTO BR-116;Queda;;;;Meio de Quadra;;;0;1;0;0;0;0;0;0;0;1;0;0;-38,514557;-3,779288
276084;7;2;2016;04:17;0;RUA MANOEL DE CASTRO (SIQUEIRA);;;;;Colisão;;;;Meio de Quadra;;;0;1;0;1;0;0;0;0;0;1;0;0;;
276087;7;2;2016;05:26;0;AV CEL CARVALHO;;;;;Colisão;Amanhecer;;;Meio de Quadra;;;0;1;0;1;0;1;0;0;0;0;0;0;;
276088;7;2;2016;08:50;0;AV ENG SANTANA JUNIOR;;;1203;;Colisão;Luz do Dia;;;Meio de Quadra;;;0;1;0;1;0;1;0;0;0;0;0;0;-38,483583;-3,738054
276090;7;2;2016;08:59;8930;AV DOMINGOS OLIMPIO;RUA JUSTINIANO DE SERPA;;;;Queda;Luz do Dia;;;Outros;Semáforo;Residencial;0;2;0;0;0;0;0;0;0;1;0;0;-38,542468;-3,733011
276091;7;2;2016;10:16;0;AV PRS COSTA E SILVA;;;1578;;Atropelamento;Luz do Dia;;;Meio de Quadra;;;0;1;0;0;0;0;0;0;0;1;0;0;;
276095;7;2;2016;10:43;0;AV GODOFREDO MACIEL;;;100;;Colisão;Luz do Dia;;;Meio de Quadra;;;0;1;0;1;0;0;0;0;0;1;0;0;;
276098;7;2;2016;11:14;0;AV J CJ CEARA;;;2954;;Colisão;Luz do Dia;;;Meio de Quadra;;;0;1;1;1;0;0;0;0;0;1;0;0;-38,619897;-3,774063
276101;7;2;2016;11:35;0;AV GAL OSORIO DE PAIVA;;;7313;;Atropelamento;Luz do Dia;;;Meio de Quadra;;;0;1;1;0;0;0;0;0;0;1;0;0;;
276102;7;2;2016;11:36;0;RUA JARDIM FLUMINENSE;;;1728;;Colisão;Luz do Dia;;;Meio de Quadra;;;0;1;0;0;0;0;0;0;0;1;0;0;-38,603942;-3,809094
276105;7;2;2016;12:20;13414;AV ANTONIO SALES;RUA CARLOS VASCONCELOS;;;;Colisão;Luz do Dia;;;Cruz;Semáforo Intermitente;Comercial;0;1;0;1;0;0;0;0;0;0;0;0;-38,513726;-3,741942
276106;7;2;2016;12:44;19787;RUA PDE GUERRA;RUA DOM LINO;;;;Colisão;Luz do Dia;;;Cruz;Pare;Residencial;0;1;0;1;0;0;0;0;0;1;0;0;-38,556643;-3,738718
276107;7;2;2016;13:00;11668;RUA PRO HERIBALDO COSTA;RUA CACILDA BECKER;;;;Colisão;Luz do Dia;;;Cruz;Pare;Residencial;0;1;1;0;0;0;0;0;0;1;0;0;-38,589464;-3,770715
276110;7;2;2016;13:10;0;AV D CJ JOSE WALTER;;;440;;Queda;Luz do Dia;;;Meio de Quadra;;;0;1;0;0;0;1;0;0;0;0;0;0;;
276111;7;2;2016;13:34;2758;RUA MARIA JULIA;RUA OSCAR FRANCA;;;;Colisão;Luz do Dia;;;Cruz;Pare;Residencial;0;1;0;0;0;0;0;0;0;0;0;0;-38,599725;-3,79189
276112;7;2;2016;13:59;9702;RUA OSCAR FRANCA;RUA BARRA VERMELHA;;;;Colisão;Luz do Dia;;;;;;0;2;1;1;0;0;0;0;0;1;0;0;-38,614651;-3,78704
276114;7;2;2016;14:18;0;AV PERIMETRAL;;;1900;MOTEL LE BARON;Colisão;Luz do Dia;;;Meio de Quadra;;;0;1;0;0;0;0;0;0;0;0;0;0;-38,512641;-3,828754
276116;7;2;2016;14:21;0;AV ENG LEAL LIMA VERDE (SAPIRANGA/COITE);;;1671;;Colisão;Luz do Dia;;;Meio de Quadra;;;0;1;1;1;0;0;0;0;0;1;0;0;;
276122;7;2;2016;15:35;0;RUA STA RITA D30;;;267;;Queda;Luz do Dia;;;Meio de Quadra;;;0;1;0;0;0;0;0;0;0;1;0;0;;
276123;7;2;2016;15:51;0;AV DOS EXPEDICIONARIOS;;;10970;;Colisão;Luz do Dia;;;Meio de Quadra;;;0;1;1;1;0;0;0;0;0;1;0;0;;
276126;7;2;2016;16:06;0;AV PERIMETRAL;;;2230;;Queda;Luz do Dia;;;Meio de Quadra;;;0;1;0;0;0;0;0;0;0;1;0;0;;
276128;7;2;2016;16:08;0;RUA MANOEL B DOS SANTOS;;;28;;Atropelamento;Luz do Dia;;;Meio de Quadra;;;0;1;0;1;0;0;0;0;0;0;0;0;;
276130;7;2;2016;16:25;0;RUA MAJ CELESTINO;;;720;;Queda;Luz do Dia;;;Meio de Quadra;;;0;1;0;0;0;1;0;0;0;0;0;0;;
276135;7;2;2016;17:59;0;RUA ODORICO DE MORAIS;;;175;;Queda;Anoitecer;;;Meio de Quadra;;;0;1;0;0;0;0;0;0;0;1;0;0;-38,553108;-3,715409
276136;7;2;2016;18:21;0;AV FRANCISCO SA;;;4114;;Colisão;Anoitecer;;;Meio de Quadra;;;0;1;0;1;0;0;0;0;0;1;0;0;-38,561784;-3,715913
276138;7;2;2016;18:42;0;RUA BERNARDO MANUEL;;;654;;Colisão;;;;Meio de Quadra;;;0;1;0;1;0;0;0;0;0;1;0;0;;
276140;7;2;2016;19:49;0;RUA L CJ VILA VELHA;;;1240;;Colisão;;;;Meio de Quadra;;;0;2;0;1;0;0;0;0;0;0;0;0;;
276142;7;2;2016;22:44;0;AV PERIMETRAL;;;3471;;Atropelamento;;;;Meio de Quadra;;;1;1;0;0;0;0;0;0;0;1;0;0;-38,582036;-3,747221
279506;7;2;2016;23:41;26083;AV BEZERRA DE MENEZES;AV JOSE JATAHY;;;;Colisão;;;;Cruz;Pare;Comercial;0;0;1;0;0;0;0;0;0;0;0;0;;
274681;7;2;2016;20:30;0;RUA DR JUSTA ARAUJO D45;;;185;;Colisão Traseira;;;;Meio de Quadra;;;0;0;2;1;0;0;0;0;0;0;0;0;-38,550706;-3,777848
274671;7;2;2016;16:50;22020;RUA DELMIRO FARIAS;RUA FRE MARCELINO;;;;Colisão Lateral;Luz do Dia;;;Cruz;Pare;Residencial;0;0;2;1;0;0;0;0;0;0;0;0;-38,553483;-3,744887
274668;7;2;2016;06:10;9081;AV 13 DE MAIO;AV AGUANAMBI;;;;Capotamento;Luz do Dia;;;T;Pare;Comercial;0;0;1;1;0;0;0;0;0;0;0;0;-38,523451;-3,753844
274666;7;2;2016;10:25;22653;AV COS GOMES DE FREITAS (SAPIRANGA/COITE);RUA SAO JOAO DEL REY;;;;Choque c/ Obstáculo Fixo;Luz do Dia;;;;;;0;1;0;1;0;0;0;0;0;0;0;0;-38,469799;-3,794849
274662;7;2;2016;20:30;3188;RUA EMILIO DE MENESES;RUA LUZIA MOREIRA;;;;Atropelamento;;;;Cruz;;Residencial;1;2;0;1;0;0;0;0;0;1;0;0;-38,593217;-3,780117
274691;7;2;2016;17:08;0;AV ANTONIO SALES;;;935;;Outros;Anoitecer;;;Meio de Quadra;;;0;1;2;1;0;0;0;0;0;0;0;0;-38,513384;-3,742046
274679;7;2;2016;10:00;17763;RUA 102 CJ TUPAN MIRIM;RUA 107 CJ TUPAN MIRIM;;;;Colisão Transversal;Luz do Dia;;;;;;0;1;1;0;1;0;0;0;0;0;0;0;;
274688;7;2;2016;13:20;2955;RUA MARIA JULIA;RUA SAO FRANCISCO D21;;;;Colisão Transversal;Luz do Dia;;;Cruz;Pare;Comercial;0;1;2;1;0;0;0;0;0;1;0;0;-38,601633;-3,798608
274689;7;2;2016;10:48;0;RUA CARNAUBAS;;;140;;Colisão Frontal;Luz do Dia;;;Meio de Quadra;;;0;0;2;1;0;0;0;0;0;0;0;0;;
274675;7;2;2016;18:40;0;AV MR HULL;;;;;Colisão Lateral;;;;Meio de Quadra;;;0;0;2;0;1;0;0;0;0;0;0;0;;
274676;7;2;2016;15:30;17474;AV ABOLICAO;RUA JUVENCIO VASCONCELOS;;;;Colisão Traseira;Luz do Dia;;;Cruz;Semáforo;Comercial;0;2;1;1;0;0;0;0;0;1;0;0;-38,481815;-3,724048
274630;7;2;2016;16:30;22099;AV JOSE BASTOS;RUA JOSE FACANHA;;;;Colisão Lateral;Luz do Dia;;;T;Semáforo;Comercial;0;0;2;1;0;0;0;0;0;1;0;0;-38,554822;-3,754359
274622;7;2;2016;09:00;1329;RUA CARLOS VASCONCELOS;RUA AFONSO CELSO;;;;Colisão Transversal;Luz do Dia;;;Cruz;Pare;Comercial;0;0;2;1;1;0;0;0;0;0;0;0;-38,51158;-3,735409
274626;7;2;2016;23:00;15194;RUA ILDEFONSO ALBANO;RUA DEP MOREIRA DA ROCHA;;;;Colisão Transversal;;;;Cruz;Pare;Residencial;0;3;0;1;0;0;0;0;0;1;0;0;-38,511072;-3,72648
274627;7;2;2016;10:40;0;RUA JOR ANTONIO P TAVARES;;;900;;Choque c/ Obstáculo Fixo;Luz do Dia;;;Meio de Quadra;;;0;0;2;1;0;0;0;0;0;0;0;0;-38,511269;-3,81178
274628;7;2;2016;21:10;0;RUA JOAO CORDEIRO;;;219;;Colisão Transversal;;;;Meio de Quadra;;;0;0;2;1;0;0;0;0;0;0;0;0;;
274620;7;2;2016;15:40;0;RUA GUILHERME PESSOA;;;;;Colisão Transversal;Luz do Dia;;;Meio de Quadra;;;0;0;2;1;0;0;0;0;0;0;0;0;;
277322;7;2;2016;12:10;0;RD CE-025;;;;KM-06;Colisão;Luz do Dia;Bom;Seca;Meio de Quadra;;;0;0;2;1;0;0;0;0;0;0;0;0;-38,427081;-3,810983
277410;8;2;2016;12:56;0;AV GODOFREDO MACIEL;;;;;Outros;Luz do Dia;;;Meio de Quadra;;;0;0;1;0;0;0;0;0;0;0;0;0;;
274575;8;2;2016;09:50;10392;RUA STA ADELIA;RUA JOSE MENDONCA;;;;Colisão Transversal;Luz do Dia;;;Cruz;Não Há Controle;Residencial;0;0;3;1;0;0;0;0;0;1;0;0;-38,602545;-3,759043
274639;8;2;2016;08:40;0;RUA NEREU RAMOS;;;60;;Colisão Traseira;Luz do Dia;;;Meio de Quadra;;;0;0;2;1;0;0;0;0;0;0;0;0;-38,56749;-3,786999
274640;8;2;2016;20:25;24236;AV ENG ALBERTO SA;RUA DES WALDETARIO P MOTA;;;;Colisão Transversal;;;;Cruz;Semáforo Intermitente;Comercial;0;2;0;1;0;0;0;0;0;0;0;0;-38,47869;-3,733736
274641;8;2;2016;18:30;18028;AV DIOGUINHO;RUA RENATO BRAGA;;;;Colisão;Anoitecer;;;Cruz;Semáforo;Comercial;0;2;1;1;0;0;0;0;0;1;0;0;-38,458889;-3,731428
274642;8;2;2016;19:30;24392;AV LUCIANO CARNEIRO;RUA LIV GUALTER;;;;Colisão Transversal;;;;;;;0;0;2;1;0;0;0;0;0;0;0;0;-38,53762;-3,767956
274643;8;2;2016;12:50;0;RUA LAURO MAIA;;;155;;Choque c/ Obstáculo Fixo;Luz do Dia;;;Meio de Quadra;;;0;0;1;1;0;0;0;0;0;0;0;0;-38,524059;-3,741797
274650;8;2;2016;13:40;1351;RUA DES LEITE ALBUQUERQUE;RUA TIBURCIO CAVALCANTE;;;;Colisão Transversal;Luz do Dia;;;Cruz;Pare;Residencial;0;0;2;1;0;0;0;0;0;0;0;0;-38,502587;-3,735956
274645;8;2;2016;09:30;0;AV ENG HUMBERTO MONTE;;;1933;;Colisão Traseira;Luz do Dia;;;Meio de Quadra;;;0;1;1;1;0;0;0;0;0;1;0;0;-38,56456;-3,744172
274646;8;2;2016;13:00;0;RUA BAR AQUIRAZ;;;1836;;Colisão Traseira;Luz do Dia;;;Meio de Quadra;;;0;0;2;1;0;0;0;0;0;0;0;0;-38,483016;-3,842918
274647;8;2;2016;17:46;14588;AV EDILSON B SOARES;RUA JOAO REGINO;;;;Colisão;Anoitecer;;;Cruz;Pare;Misto;0;1;1;1;0;0;0;0;0;1;0;0;-38,483001;-3,789663
274648;8;2;2016;11:50;24968;AV ALM HENRIQUE SABOIA;RUA VILEBALDO AGUIAR;;;;Colisão Lateral;Luz do Dia;;;Cruz;Não Há Controle;Residencial;0;0;2;1;1;0;0;0;0;0;0;0;-38,487544;-3,740626
279541;8;2;2016;14:48;21996;RUA CAP FRANCISCO PEDRO;RUA PORFIRIO SAMPAIO;;;;Colisão;Luz do Dia;;;Cruz;Pare;Residencial;0;0;2;0;0;0;0;0;0;0;0;0;-38,547055;-3,745136