COD_ACIDENTE;DIA;MES;ANO;HORA;INTERSECAO;LOG1;LOG2;LOG3;NUMERO;REFERENCIA;NATUREZA;ILUMINACAO;TEMPO;SUPERFICIEPISTA;TIPOCRUZAMENTO;CONTROLETRAFEGO;USOSOLO;MORTOS;FERIDOS;ILESOS;AUTOMOVEL;ONIBUS;BICICLETA;CAMINHAO;MICROONIBUS;CICLOMOTOR;MOTOCICLETA;TRACAOANIMAL;TREM;LONG;LAT
276148;8;2;2016;00:20;0;RUA JOAO EVANGELISTA;;;108;;Queda;;;;Meio de Quadra;;;0;1;0;0;0;1;0;0;0;0;0;0;;
276150;8;2;2016;00:41;0;AV PONTES VIEIRA;;;2000;;Atropelamento;;;;Meio de Quadra;;;0;1;1;1;0;0;0;0;0;0;0;0;-38,503335;-3,751536
276151;8;2;2016;01:58;5098;RUA CASTRO E SILVA;RUA SEN POMPEU;;;;Colisão;;;;Cruz;Semáforo;Comercial;0;1;0;1;0;0;0;0;0;1;0;0;-38,528597;-3,723468
276155;8;2;2016;02:06;0;AV ODILON GUIMARAES;;;3875;;Queda;;;;Meio de Quadra;;;0;1;0;0;0;0;0;0;0;1;0;0;-38,466334;-3,814212
276162;8;2;2016;03:28;0;AV PERIMETRAL;;;213;;Colisão;;;;Meio de Quadra;;;0;1;0;0;0;0;0;0;0;0;0;0;;
276168;8;2;2016;07:55;0;RUA JOSE ACIOLY;;;177;;Colisão;Luz do Dia;;;Meio de Quadra;;;0;1;0;0;0;0;0;0;0;0;0;0;-38,585932;-3,732078
276169;8;2;2016;09:50;0;RUA RAIMUNDO FROTA;;;56;;Colisão;Luz do Dia;;;Meio de Quadra;;;0;1;0;1;0;0;0;0;0;1;0;0;-38,581703;-3,71521
276170;8;2;2016;10:25;0;RUA DR QUIXADA FELICIO;;;618;;Queda;Luz do Dia;;;Meio de Quadra;;;0;1;0;0;0;1;0;0;0;0;0;0;;
276173;8;2;2016;12:06;12863;AV DOMINGOS OLIMPIO;RUA FLORIANO PEIXOTO;;;;Atropelamento;Luz do Dia;;;Cruz;Pare;Misto;0;1;0;0;1;0;0;0;0;0;0;0;-38,530313;-3,736976
276174;8;2;2016;12:10;0;AV FILOMENO GOMES;;;30;MARINHA;Atropelamento;Luz do Dia;;;Meio de Quadra;;;0;1;0;1;0;0;0;0;0;0;0;0;-38,54182;-3,717258
276175;8;2;2016;12:32;0;RUA CAP HUGO BEZERRA;;;816;;Queda;Luz do Dia;;;Meio de Quadra;;;0;1;0;0;0;0;0;0;0;1;0;0;-38,510495;-3,820649
276164;8;2;2016;03:47;0;RUA JOSE MENDONCA;;;420;;Colisão;;;;Meio de Quadra;;;0;3;1;1;0;0;0;0;0;1;0;0;-38,602507;-3,758843
276165;8;2;2016;06:33;0;AV CEL CARVALHO;;;2309;;Colisão;Luz do Dia;;;Meio de Quadra;;;0;1;0;0;0;0;0;0;0;0;0;0;-38,58652;-3,722785
276177;8;2;2016;12:38;0;AV PRS CASTELO BRANCO;;;1287;MARINHA;Atropelamento;Luz do Dia;;;Meio de Quadra;;;0;1;1;1;0;0;0;0;0;0;0;0;-38,543758;-3,714914
276179;8;2;2016;12:55;0;RUA CHICO MENDES;;;1220;;Atropelamento;Luz do Dia;;;Meio de Quadra;;;0;1;0;1;0;0;0;0;0;0;0;0;;
276186;8;2;2016;15:18;0;RUA OTAVIO PARANHOS;;;215;;Queda;Luz do Dia;;;Meio de Quadra;;;0;1;0;0;0;0;0;0;0;1;0;0;-38,585855;-3,719693
276187;8;2;2016;15:57;0;RUA VALPARAISO;;;700;;Colisão;Luz do Dia;;;Meio de Quadra;;;0;1;0;1;0;0;0;0;0;1;0;0;-38,526346;-3,843757
276188;8;2;2016;16:57;22928;RUA DR JUSTA ARAUJO D45;RUA MAGNOLIA;;;;Colisão;Luz do Dia;;;T;Não Há Controle;Residencial;0;1;0;0;0;0;0;0;0;0;0;0;-38,552922;-3,783361
276189;8;2;2016;17:01;0;RUA MACIEL LUZ;;;2051;;Colisão;Anoitecer;;;Meio de Quadra;;;0;1;0;0;0;0;0;0;0;1;0;0;;
276190;8;2;2016;17:03;7782;RUA OSVALDO CRUZ (ALDEOTA);RUA JULIO SIQUEIRA;;;;Colisão;Anoitecer;;;Cruz;Pare;Residencial;0;1;0;0;0;0;0;0;0;0;0;0;-38,5052;-3,75074
276184;8;2;2016;14:29;0;AV ZEZE DIOGO;;;601;;Colisão;Luz do Dia;;;Meio de Quadra;;;0;1;0;0;0;0;0;0;0;1;0;0;-38,466939;-3,712158
276192;8;2;2016;17:09;0;AV PRS JUSCELINO KUBITSCHEK (PASSARÉ);;;;;Colisão;Anoitecer;;;Meio de Quadra;;;0;1;1;0;0;0;0;0;0;1;0;0;;
274571;8;2;2016;13:00;5254;RUA JOAO CORDEIRO;RUA PEREIRA FILGUEIRAS;;;;Colisão Lateral;Luz do Dia;;;Cruz;Semáforo;Residencial;0;0;2;1;0;0;0;0;0;0;0;0;-38,513877;-3,728001
274566;8;2;2016;09:30;15357;RUA LEONARDO MOTA;RUA PEREIRA VALENTE;;;;Colisão Lateral;Luz do Dia;;;Cruz;Pare;Residencial;0;0;2;1;0;0;0;0;0;0;0;0;-38,495134;-3,732885
274562;8;2;2016;08:30;22055;AV JOSE BASTOS;RUA PDE CICERO;;;;Colisão Lateral;Luz do Dia;;;T;Pare;Comercial;1;0;1;0;1;1;0;0;0;0;0;0;-38,544887;-3,744462
281205;8;2;2016;13:55;0;RUA CANDIDO MAIA;;;;;Colisão;Luz do Dia;;;Meio de Quadra;;;0;0;2;0;0;0;0;0;0;0;0;0;;
281179;8;2;2016;12:27;1331;RUA CEL LINHARES;RUA MARCOS MACEDO;;;;Colisão;Luz do Dia;;;Cruz;Pare;Residencial;0;0;2;0;0;0;0;0;0;0;0;0;-38,493827;-3,735526
281189;8;2;2016;12:53;1489;AV SANTOS DUMONT;RUA FRE MANSUETO;;;;Colisão;Luz do Dia;;;T;Semáforo;Comercial;0;0;2;0;0;0;0;0;0;0;0;0;-38,48846;-3,739432
281141;8;2;2016;07:30;0;AV H CJ CEARA;;;1466;;Capotamento;Luz do Dia;;;Meio de Quadra;;;0;0;2;0;0;0;0;0;0;0;0;0;-38,611264;-3,775953
281236;8;2;2016;17:23;0;AV PRS CASTELO BRANCO;;;;;Colisão;Anoitecer;;;Meio de Quadra;;;0;0;2;0;0;0;0;0;0;0;0;0;;
281234;8;2;2016;16:38;0;RUA GAL CLARINDO DE QUEIROZ;;;56;COL. CEARENSE;Colisão;Luz do Dia;;;Meio de Quadra;;;0;0;2;0;0;0;0;0;0;0;0;0;-38,52496;-3,734392
282060;8;2;2016;10:40;671;AV DR THEBERGE;RUA GOMES PASSOS;;;;Colisão Lateral;Luz do Dia;;;T;Não Há Controle;Comercial;0;0;2;1;0;0;0;0;0;0;0;0;-38,563561;-3,710415
281245;9;2;2016;10:57;0;RUA DNA MENDINHA;;;1760;;Colisão;Luz do Dia;;;Meio de Quadra;;;0;0;2;0;0;0;0;0;0;0;0;0;;
281250;9;2;2016;15:07;0;RUA PERU;;;1075;;;Luz do Dia;;;Meio de Quadra;;;0;0;2;0;0;0;0;0;0;0;0;0;;
281252;9;2;2016;19:33;25102;AV FRANCISCO SA;AV FILOMENO GOMES;;;;Colisão;;;;Cruz;Semáforo;Comercial;0;0;2;0;0;0;0;0;0;0;0;0;;
276198;9;2;2016;01:28;0;RUA WASHINGTON DE MORAIS;;;415;;Queda;;;;Meio de Quadra;;;0;1;0;0;0;0;0;0;0;1;0;0;;
276199;9;2;2016;01:41;0;RUA PRO VIRGILIO DE MORAIS;;;653;;Queda;;;;Meio de Quadra;;;0;1;0;0;0;0;0;0;0;1;0;0;;
276194;9;2;2016;00:49;0;RUA ILDEFONSO ALBANO;;;419;;Colisão;;;;Meio de Quadra;;;0;1;0;1;0;0;0;0;0;0;0;0;-38,510474;-3,724587
276195;9;2;2016;01:20;0;RUA WASHINGTON DE MORAIS;;;405;;Queda;;;;Meio de Quadra;;;0;1;0;0;0;0;0;0;0;1;0;0;;
276203;9;2;2016;02:39;1338;AV BAR STUDART;RUA TORRES CAMARA;;;;Colisão;;;;Cruz;Semáforo;Comercial;0;1;0;1;0;0;0;0;0;1;0;0;-38,506944;-3,735624
276205;9;2;2016;03:03;0;RUA STA HELENA D29;;;40;;Queda;;;;Meio de Quadra;;;0;1;0;0;0;0;0;0;0;1;0;0;;
276206;9;2;2016;04:39;569;RUA FRANCISCO CALACA;RUA COELHO NETO;;;;Colisão;;;;Cruz;Pare;Residencial;0;1;1;1;0;0;0;0;0;1;0;0;-38,573999;-3,716762
276207;9;2;2016;05:31;0;RUA 1040 CJ CEARA;;;176;;Queda;Amanhecer;;;Meio de Quadra;;;0;1;0;0;0;1;0;0;0;0;0;0;;
276212;9;2;2016;08:14;0;RUA SEIS COMPANHEIROS;;;709;;Queda;Luz do Dia;;;Meio de Quadra;;;0;1;0;0;0;1;0;0;0;0;0;0;-38,577814;-3,706603
276213;9;2;2016;08:18;0;RUA SEIS COMPANHEIROS;;;74;;Queda;Luz do Dia;;;Meio de Quadra;;;0;1;0;0;0;1;0;0;0;0;0;0;;
276214;9;2;2016;16:24;18552;RUA CEREJEIRAS;RUA OSORIO CORREIA;;;;Colisão;Luz do Dia;;;Cruz;Não Há Controle;Residencial;1;0;1;1;0;0;0;0;0;1;0;0;-38,599378;-3,821969
276232;9;2;2016;15:45;10045;RUA EMILIO DE MENESES;RUA TAUBATE;;;;Atropelamento;Luz do Dia;;;Cruz;Pare;Misto;0;1;0;1;0;0;0;0;0;0;0;0;-38,598188;-3,778717
276217;9;2;2016;12:00;0;RUA CAR ARCO VERDE;;;1231;;Queda;Luz do Dia;;;Meio de Quadra;;;0;1;0;0;0;0;0;0;0;1;0;0;;
276218;9;2;2016;12:33;0;RUA ERICO MOTA;;;123;;Colisão;Luz do Dia;;;Meio de Quadra;;;0;1;0;1;0;0;0;0;0;1;0;0;-38,562727;-3,736641
276229;9;2;2016;14:19;0;RUA GERMANO FRANCK;;;720;;Colisão;Luz do Dia;;;Meio de Quadra;;;0;1;0;1;0;0;0;0;0;1;0;0;-38,562071;-3,777298
276230;9;2;2016;15:10;0;RUA STO ANTONIO D12;;;;;Atropelamento;Luz do Dia;;;Meio de Quadra;;;0;1;0;1;0;0;0;0;0;0;0;0;;
276226;9;2;2016;12:58;0;RUA APOSTOLO PAULO;;;192;;Atropelamento;Luz do Dia;;;Meio de Quadra;;;0;1;0;1;0;0;0;0;0;0;0;0;;
276245;9;2;2016;19:41;5366;AV DUQ CAXIAS;RUA SEN POMPEU;;;;Atropelamento;;;;Cruz;Semáforo;Comercial;0;1;0;0;0;0;0;0;0;0;0;0;-38,530994;-3,73143
276246;9;2;2016;20:04;0;AV CEL CARVALHO;;;88;;Queda;;;;Meio de Quadra;;;0;1;0;0;0;0;0;0;0;1;0;0;-38,591521;-3,703579
276241;9;2;2016;18:39;0;RUA CEL VIRGILIO NOGUEIRA (BOM JARDIM);;;1077;;Atropelamento;;;;Meio de Quadra;;;0;1;0;1;0;0;0;0;0;0;0;0;;
276234;9;2;2016;15:53;0;AV GAL OSORIO DE PAIVA;;;;;Queda;Luz do Dia;;;Meio de Quadra;;;0;1;0;0;0;0;0;0;0;1;0;0;;
276236;9;2;2016;15:56;0;AV WASHINGTON SOARES;;;1433;FORUM CLÓVIS BEVILÁCQUA;Colisão;Luz do Dia;;;Meio de Quadra;;;0;1;0;1;0;0;0;0;0;0;0;0;-38,481837;-3,773683
276237;9;2;2016;17:02;0;RUA DO GUAJIRU D56;;;185;;Atropelamento;Anoitecer;;;Meio de Quadra;;;0;1;0;0;0;0;0;0;0;1;0;0;-38,508483;-3,781205
276238;9;2;2016;17:32;1603;RUA VICENTE LINHARES;RUA PRO DIAS DA ROCHA;;;;Colisão;Anoitecer;;;Cruz;Pare;Residencial;0;1;0;1;0;0;0;0;0;1;0;0;-38,494402;-3,744049
276239;9;2;2016;18:35;0;RUA MARIA GOMES DE SA;;;2150;;Queda;;;;Meio de Quadra;;;0;1;0;0;0;0;0;0;0;1;0;0;-38,586467;-3,820332
279543;9;2;2016;08:30;1338;AV BAR STUDART;RUA TORRES CAMARA;;;;Colisão;Luz do Dia;;;Cruz;Semáforo;Comercial;0;0;2;0;0;0;0;0;0;0;0;0;-38,506944;-3,735624
274587;9;2;2016;18:50;0;AV MON TABOSA;;;;;Colisão Traseira;Via Iluminada;Bom;Seca;Meio de Quadra;Não Há Controle;Comercial;0;0;2;1;0;0;0;0;0;0;0;0;;
274601;9;2;2016;16:10;6725;RUA BENTO ALBUQUERQUE;RUA JULIO AZEVEDO;;;;Colisão Transversal;Luz do Dia;Bom;Seca;Cruz;Pare;Residencial;0;1;1;0;1;0;0;0;0;1;0;0;-38,482854;-3,743861
274593;9;2;2016;21:00;0;RUA TEN BENEVOLO;;;;;Colisão Lateral;Via Iluminada;Bom;Seca;Meio de Quadra;Outros;Residencial;0;0;2;1;1;0;0;0;0;0;0;0;;
274790;9;2;2016;12:10;0;AV ROGACIANO LEITE;;;;;Colisão Lateral;Luz do Dia;Bom;Seca;Meio de Quadra;Semáforo;Residencial;0;0;2;1;0;0;0;0;0;0;0;0;;
274793;9;2;2016;16:30;19714;RUA GUSTAVO SAMPAIO;RUA ERICO MOTA;;;;Colisão Transversal;Luz do Dia;Bom;Seca;Cruz;Pare;Residencial;0;1;1;1;0;0;0;0;0;1;0;0;-38,562743;-3,73656
274795;9;2;2016;20:15;0;RUA MAJ FACUNDO;;;;;Atropelamento;;Bom;Seca;Meio de Quadra;Gesto;Comercial;0;2;0;0;0;0;0;0;0;1;0;0;;
274796;9;2;2016;14:00;0;AV CARAPINIMA;;;;;Colisão Traseira;Luz do Dia;Bom;Seca;Meio de Quadra;Semáforo;Comercial;0;0;2;1;0;0;0;0;0;0;0;0;;
274798;9;2;2016;13:00;23416;RUA TIBURCIO CAVALCANTE;RUA MON SALAZAR;;;;Colisão Traseira;Luz do Dia;Bom;Seca;T;Pare;Residencial;0;0;2;1;0;0;0;0;0;0;0;0;-38,508238;-3,755564
274799;9;2;2016;20:30;19805;AV ENG HUMBERTO MONTE;RUA JOSE PONTES;;;;Colisão Lateral;Via Iluminada;Bom;Seca;Cruz;Semáforo;Comercial;0;1;2;1;0;0;0;0;0;1;0;0;-38,568553;-3,739413
274801;9;2;2016;18:15;1564;RUA LEONARDO MOTA;RUA CAROLINA SUCUPIRA;;;;Colisão Lateral;Via Iluminada;Bom;Seca;Cruz;Pare;Rural;0;1;1;1;0;0;0;0;0;1;0;0;-38,497995;-3,741825
277340;9;2;2016;19:41;0;AV WASHINGTON SOARES;;;1850;;Colisão;Via Iluminada;Bom;Seca;Meio de Quadra;;;0;2;0;0;0;0;0;0;0;0;0;0;-38,481738;-3,774842
277353;10;2;2016;16:30;0;RD CE-040;;;;KM-09;Colisão;Luz do Dia;Bom;Seca;Meio de Quadra;;;0;0;2;1;0;0;0;0;0;0;0;0;-38,481538;-3,825516
277348;10;2;2016;12:40;0;RD CE-060;;;;KM-01;Colisão;Luz do Dia;Bom;Seca;Meio de Quadra;;;0;1;2;1;0;0;0;0;0;0;0;0;-38,58015;-3,828411
277412;10;2;2016;00:00;0;AV GAL OSORIO DE PAIVA;;;;;Colisão;;;;Meio de Quadra;;;0;0;2;1;0;0;1;0;0;0;0;0;;
274604;10;2;2016;16:00;0;RUA OSCAR FRANCA;;;3379;;Choque c/ Obstáculo Fixo;Luz do Dia;;;Meio de Quadra;;;0;0;1;1;0;0;0;0;0;0;0;0;-38,62172;-3,784984
274605;10;2;2016;13:00;19278;RUA 7 DE SETEMBRO;RUA CAIO PRADO;;;;Colisão Lateral;Luz do Dia;;;Cruz;Semáforo;Comercial;0;1;1;0;0;0;0;0;0;1;0;0;-38,563028;-3,773724
274606;10;2;2016;12:15;0;AV JOSE BASTOS;;;;;Engavetamento;Luz do Dia;;;Meio de Quadra;;;0;2;1;0;0;0;0;0;0;1;0;0;;
274602;10;2;2016;14:00;25863;AV CESAR CALS;RUA VIS CAIRU;;;;Colisão Transversal;Luz do Dia;;;Cruz;Pare;Residencial;0;1;1;1;0;0;0;0;0;1;0;0;-38,462102;-3,725548
274612;10;2;2016;12:00;15204;AV ABOLICAO;RUA JULIO IBIAPINA;;;;Colisão Lateral;Luz do Dia;;;Cruz;Semáforo;Comercial;0;0;2;1;0;0;0;0;0;0;0;0;-38,49129;-3,726679
274613;10;2;2016;17:30;10999;RUA 15 DE NOVEMBRO;RUA ALBERTO MAGNO;;;;Colisão Transversal;Anoitecer;;;Cruz;Pare;Residencial;0;0;2;1;0;0;0;0;0;0;0;0;-38,553169;-3,769909
274621;10;2;2016;12:55;0;RUA CEL JUCA;;;1275;;Colisão Traseira;Luz do Dia;;;Meio de Quadra;;;0;1;1;1;0;0;0;0;0;1;0;0;-38,492827;-3,74247
274619;10;2;2016;19:10;0;AV DEP PAULINO ROCHA;;;2175;;Colisão Traseira;;;;Meio de Quadra;;;0;0;2;1;1;0;0;0;0;0;0;0;-38,516602;-3,810831
274615;10;2;2016;12:00;8930;RUA JUSTINIANO DE SERPA;AV DOMINGOS OLIMPIO;;;;Colisão Traseira;Luz do Dia;;;Outros;Semáforo;Residencial;0;0;2;0;0;0;0;0;0;0;0;0;-38,542468;-3,733011
274616;10;2;2016;15:30;1605;AV DES MOREIRA;RUA BENI DE CARVALHO;;;;Colisão Lateral;Luz do Dia;;;;;;0;1;1;1;0;0;0;0;0;1;0;0;-38,500877;-3,744098
274617;10;2;2016;11:15;15104;AV HIS RAIMUNDO GIRAO;RUA ILDEFONSO ALBANO;;;;Colisão Lateral;Luz do Dia;;;Cruz;Semáforo;Outros;0;0;2;1;0;0;1;0;0;0;0;0;-38,509542;-3,721603
274634;10;2;2016;15:00;15192;RUA JOSE VILAR;RUA SILVA JATAHY;;;;Colisão Lateral Sentido Oposto;Luz do Dia;;;Cruz;Pare;Residencial;0;0;2;1;0;0;0;0;0;0;0;0;-38,5017;-3,726429
274635;10;2;2016;17:15;20042;AV DEP PAULINO ROCHA;AV ALBERTO CRAVEIRO;;;;Colisão Traseira;Anoitecer;;;;;;0;1;2;1;0;0;0;0;0;1;0;0;-38,524782;-3,807229
274636;10;2;2016;15:00;0;RUA SALDANHA MARINHO;;;515;;Colisão;Luz do Dia;;;Meio de Quadra;;;0;0;2;1;0;0;0;0;0;0;0;0;-38,529072;-3,74302
274637;10;2;2016;13:55;15832;RUA EDUARDO PORTO;RUA PDE PEDRO DE ALENCAR;;;;Colisão Traseira;Luz do Dia;;;;;;0;0;2;1;0;0;1;0;0;0;0;0;-38,494029;-3,832741
274638;10;2;2016;01:38;1716;AV GOV RAUL BARBOSA;RUA CAP ARAGAO;;;;Colisão Transversal;;;;;;;0;1;1;0;0;0;0;0;0;1;0;0;-38,508802;-3,763977
274623;10;2;2016;14:00;1373;RUA MARIA TOMASIA;RUA CEL LINHARES;;;;Colisão Transversal;Luz do Dia;;;Cruz;Pare;Comercial;0;0;2;1;0;0;0;0;0;0;0;0;-38,494134;-3,736485
274624;10;2;2016;15:00;0;AV GODOFREDO MACIEL;;;2939;;Colisão Traseira;Luz do Dia;;;Meio de Quadra;;;0;0;2;1;0;0;0;0;0;0;0;0;-38,571468;-3,801428
274631;10;2;2016;12:40;13345;AV H CJ JOSE WALTER;AV J CJ JOSE WALTER;;;;Colisão Frontal;Luz do Dia;;;T;Pare;Residencial;0;0;2;1;0;0;0;0;0;0;0;0;-38,558743;-3,841244
279611;10;2;2016;18:59;0;AV DEP PAULINO ROCHA;;;2175;;Colisão;;;;Meio de Quadra;;;0;0;2;0;0;0;0;0;0;0;0;0;-38,516602;-3,810831
276247;10;2;2016;01:31;0;RUA COM FCO FRANCESCO ANGELO;;;360;;Atropelamento;;;;Meio de Quadra;;;0;1;0;0;0;0;0;0;0;1;0;0;;
276250;10;2;2016;01:41;0;AV SGT HERMINIO SAMPAIO;;;2350;;Colisão;;;;Meio de Quadra;;;0;1;0;0;0;0;0;0;0;0;0;0;;
276273;10;2;2016;20:39;0;RUA BOM JESUS (GRANJA LISBOA);;;3232;;Colisão;;;;Meio de Quadra;;;0;1;0;1;0;0;0;0;0;1;0;0;-38,622649;-3,787682
276252;10;2;2016;03:44;4024;TR TIBIRICA;RUA CEARA;;;;Queda;;;;;;;0;1;0;0;0;0;0;0;0;1;0;0;-38,563612;-3,760334
276253;10;2;2016;05:42;0;AV LUCIANO CARNEIRO;;;841;;Colisão;Amanhecer;;;Meio de Quadra;;;0;1;0;1;0;0;0;0;0;1;0;0;-38,53358;-3,75476
276269;10;2;2016;17:15;0;RUA PDE PEDRO DE ALENCAR;;;1620;;Colisão;Anoitecer;;;Meio de Quadra;;;0;1;0;1;0;0;0;0;0;1;0;0;-38,494326;-3,842333
276270;10;2;2016;17:48;4016;RUA JULIO CESAR D12;RUA PRO COSTA MENDES;;;;Colisão;Anoitecer;;;Cruz;Pare;Residencial;0;1;0;0;0;0;0;0;0;0;0;0;-38,546911;-3,754698
276271;10;2;2016;19:13;24748;AV WASHINGTON LUIS;RUA ANTONIO ARRUDA;;;;Queda;;;;Cruz;;Residencial;0;2;0;0;0;0;0;0;0;1;0;0;-38,59295;-3,716519
276255;10;2;2016;06:31;0;RUA BAR AQUIRAZ;;;1000;;Colisão;Luz do Dia;;;Meio de Quadra;;;0;1;0;0;0;0;1;0;0;1;0;0;-38,487948;-3,837508
276256;10;2;2016;06:44;183;AV CEL CARVALHO;AV SGT HERMINIO SAMPAIO;;;;Queda;Luz do Dia;;;;;;0;1;0;0;0;0;0;0;0;1;0;0;;
276257;10;2;2016;08:19;0;AV GODOFREDO MACIEL;;;4315;;Colisão;Luz do Dia;;;Meio de Quadra;;;0;1;0;1;0;0;0;0;0;0;0;0;-38,575068;-3,81271
276258;10;2;2016;09:21;5394;AV TRISTAO GONCALVES;RUA METON DE ALENCAR;;;;Atropelamento;Luz do Dia;;;Cruz;Não Há Controle;Comercial;0;1;0;0;1;0;0;0;0;0;0;0;-38,534777;-3,732327
276259;10;2;2016;09:33;7529;RUA PEDRO DANTAS;RUA CHICO MOTA;;;;Colisão;Luz do Dia;;;Cruz;Pare;Residencial;0;1;0;1;0;0;0;0;0;1;0;0;-38,521908;-3,785914
276260;10;2;2016;10:02;0;RD BR 116;;;13000;KM-13;Queda;Luz do Dia;;;Meio de Quadra;;;0;1;0;0;0;0;0;0;0;1;0;0;-38,497727;-3,86467
276261;10;2;2016;10:50;0;AV SGT HERMINIO SAMPAIO;;;2755;;Colisão;Luz do Dia;;;Meio de Quadra;;;0;1;0;1;0;0;0;0;0;1;0;0;-38,564626;-3,727104
276263;10;2;2016;13:11;0;RUA URUCUTUBA;;;;;Colisão;Luz do Dia;;;Meio de Quadra;;;0;2;0;1;0;0;0;0;0;1;0;0;;
276264;10;2;2016;14:55;0;AV CEL CARVALHO;;;1094;;Atropelamento;Luz do Dia;;;Meio de Quadra;;;0;3;0;0;0;0;0;0;0;1;0;0;-38,58939;-3,711648
276265;10;2;2016;16:23;0;AV FLAMBOYANTS;;;;;Colisão;Luz do Dia;;;Meio de Quadra;;;0;1;0;0;0;0;0;0;0;0;0;0;;
276266;10;2;2016;16:45;0;AV MOZART PINHEIRO DE LUCENA;;;2990;;Colisão;Luz do Dia;;;Meio de Quadra;;;0;1;0;0;0;0;0;0;0;0;0;0;-38,599267;-3,730868
276267;10;2;2016;16:53;0;AV BEZERRA DE MENEZES;;;2450;NORTH SHOPPING;Atropelamento;Luz do Dia;;;Meio de Quadra;;;0;1;0;0;1;0;0;0;0;0;0;0;-38,566142;-3,736024
276275;10;2;2016;20:58;0;AV N CJ JOSE WALTER;;;664;;Queda;;;;Meio de Quadra;;;0;1;0;0;0;0;0;0;0;1;0;0;;
275956;10;2;2016;04:40;0;RD BR 116;;;6000;KM-06;Queda;Via Iluminada;Bom;Seca;Meio de Quadra;;;0;1;0;0;0;0;0;0;0;1;0;0;-38,503053;-3,804691
281269;10;2;2016;00:26;22353;AV BEZERRA DE MENEZES;AV OLAVO BILAC;;;;Colisão;;;;Cruz;Semáforo;Comercial;0;0;2;0;0;0;0;0;0;0;0;0;-38,564151;-3,735601
281271;10;2;2016;01:05;19686;AV BEZERRA DE MENEZES;RUA ERICO MOTA;;;;Choque c/ Obstáculo Fixo;;;;T;Semáforo;Comercial;0;0;1;0;0;0;0;0;0;0;0;0;-38,562991;-3,735357
281290;10;2;2016;13:23;0;RUA NATAL;;;297;;Colisão;Luz do Dia;;;Meio de Quadra;;;0;0;2;0;0;0;0;0;0;0;0;0;;
281284;10;2;2016;12:01;5421;AV VIS RIO BRANCO;AV HERACLITO GRACA;;;;Colisão;Luz do Dia;;;;;;0;0;2;0;0;0;0;0;0;0;0;0;-38,524603;-3,733481
281278;10;2;2016;09:32;0;AV JOR THOMAZ COELHO;;;773;LAGOA DA MESSEJANA;Colisão;Luz do Dia;;;Meio de Quadra;;;0;0;2;0;0;0;0;0;0;0;0;0;;
281279;10;2;2016;11:24;0;RUA BAR AQUIRAZ;;;1000;TAPIOQUEIRAS;Colisão;Luz do Dia;;;Meio de Quadra;;;0;0;2;0;0;0;0;0;0;0;0;0;-38,487948;-3,837508
281281;10;2;2016;11:53;8930;RUA JUSTINIANO DE SERPA;AV DOMINGOS OLIMPIO;;;;Colisão;Luz do Dia;;;Outros;Semáforo;Residencial;0;0;2;0;0;0;0;0;0;0;0;0;-38,542468;-3,733011
281332;10;2;2016;19:16;0;RUA VITAL BRASIL;;;1911;;Colisão;;;;Meio de Quadra;;;0;0;2;0;0;0;0;0;0;0;0;0;-38,597916;-3,778033
281335;10;2;2016;19:40;0;AV MOZART PINHEIRO DE LUCENA;;;1911;;Colisão;;;;Meio de Quadra;;;0;0;2;0;0;0;0;0;0;0;0;0;-38,595937;-3,719154
281323;10;2;2016;17:22;15803;RUA PDE PEDRO DE ALENCAR;RUA CEL JOAQUIM BEZERRA;;;;Colisão;Anoitecer;;;T;Pare;Comercial;0;0;2;0;0;0;0;0;0;0;0;0;-38,493968;-3,831384
281319;10;2;2016;17:04;0;AV GAL OSORIO DE PAIVA;;;7001;;Colisão;Anoitecer;;;Meio de Quadra;;;0;0;2;0;0;0;0;0;0;0;0;0;-38,611416;-3,814354
281321;10;2;2016;17:19;0;AV PRS CASTELO BRANCO;;;;;Colisão;Anoitecer;;;Meio de Quadra;;;0;0;2;0;0;0;0;0;0;0;0;0;;
281301;10;2;2016;14:57;7762;RUA NUNES VALENTE;AV ANTONIO SALES;;;;Colisão;Luz do Dia;;;Cruz;Pare;Comercial;0;0;2;0;0;0;0;0;0;0;0;0;-38,506314;-3,744237
281307;10;2;2016;15:22;19179;AV SANTOS DUMONT;RUA JULIO AZEVEDO;;;;Colisão;Luz do Dia;;;;Não Há Controle;Comercial;0;0;2;0;0;0;0;0;0;0;0;0;-38,481471;-3,741662
281309;10;2;2016;16:39;20398;RUA CEL GUILHERME ALENCAR;RUA CLEMENTE PEREIRA;;;;Colisão;Luz do Dia;;;;;;0;0;2;0;0;0;0;0;0;0;0;0;-38,493257;-3,841859
281353;11;2;2016;11:55;24993;AV DOM MANUEL;RUA ROCHA LIMA;;;;Colisão;Luz do Dia;;;Cruz;Semáforo;Comercial;0;0;2;0;0;0;0;0;0;0;0;0;-38,523587;-3,735959
281344;11;2;2016;10:30;0;RUA MAJ FACUNDO;;;1385;;Colisão;Luz do Dia;;;Meio de Quadra;;;0;0;2;0;0;0;0;0;0;0;0;0;-38,530241;-3,735001
281345;11;2;2016;11:09;0;RUA BAR ARACATI;;;1110;;Colisão;Luz do Dia;;;Meio de Quadra;;;0;0;2;0;0;0;0;0;0;0;0;0;-38,511436;-3,731356
281363;11;2;2016;13:23;0;RUA EMILIO DE MENESES;;;668;;Colisão;Luz do Dia;;;Meio de Quadra;;;0;0;2;0;0;0;0;0;0;0;0;0;;
281364;11;2;2016;14:11;5060;AV IMPERADOR;RUA CASTRO E SILVA;;;;Colisão;Luz do Dia;;;Cruz;Semáforo;Comercial;0;0;2;0;0;0;0;0;0;0;0;0;-38,532916;-3,722013