COD_ACIDENTE;DIA;MES;ANO;HORA;INTERSECAO;LOG1;LOG2;LOG3;NUMERO;REFERENCIA;NATUREZA;ILUMINACAO;TEMPO;SUPERFICIEPISTA;TIPOCRUZAMENTO;CONTROLETRAFEGO;USOSOLO;MORTOS;FERIDOS;ILESOS;AUTOMOVEL;ONIBUS;BICICLETA;CAMINHAO;MICROONIBUS;CICLOMOTOR;MOTOCICLETA;TRACAOANIMAL;TREM;LONG;LAT
281366;11;2;2016;14:26;0;RUA EMILIO DE MENESES;;;863;;Colisão;Luz do Dia;;;Meio de Quadra;;;0;0;2;0;0;0;0;0;0;0;0;0;-38,588968;-3,781311
281373;11;2;2016;16:46;5464;RUA GONCALVES LEDO;AV HERACLITO GRACA;;;;Colisão;Luz do Dia;;;T;Pare;Comercial;0;0;2;0;0;0;0;0;0;0;0;0;;
281374;11;2;2016;17:56;0;RUA EDUARDO SABOIA;;;480;;Colisão;Anoitecer;;;Meio de Quadra;;;0;0;2;0;0;0;0;0;0;0;0;0;;
281375;11;2;2016;17:59;3985;RUA ALBERTO MAGNO;RUA AFRODISIO GONDIM;;;;Colisão;Anoitecer;;;Cruz;Pare;Comercial;0;0;2;0;0;0;0;0;0;0;0;0;-38,544286;-3,75837
281376;11;2;2016;18:05;0;AV LINEU MACHADO;;;1255;;Colisão;Anoitecer;;;Meio de Quadra;;;0;0;2;0;0;0;0;0;0;0;0;0;-38,579481;-3,770835
281377;11;2;2016;18:23;0;AV IMPERADOR;;;182;;Colisão;Anoitecer;;;Meio de Quadra;;;0;0;2;0;0;0;0;0;0;0;0;0;-38,533172;-3,722881
281378;11;2;2016;18:47;0;RUA NETUNO;;;1;;Colisão;;;;Meio de Quadra;;;0;0;2;0;0;0;0;0;0;0;0;0;-38,571553;-3,761444
281379;11;2;2016;19:07;0;RUA MATOS VASCONCELOS;;;;;Atropelamento;;;;Meio de Quadra;;;0;1;1;0;0;0;0;0;0;0;0;0;;
281368;11;2;2016;14:34;15340;RUA CANUTO DE AGUIAR;RUA CEL LINHARES;;;;Colisão;Luz do Dia;;;Cruz;Pare;Residencial;0;0;2;0;0;0;0;0;0;0;0;0;-38,492546;-3,731563
281385;11;2;2016;19:33;17179;RUA 4 DE OUTUBRO;RUA NOSSA SRA APARECIDA;;;;Colisão;;;;;;;0;0;2;0;0;0;0;0;0;0;0;0;-38,58846;-3,835877
275395;11;2;2016;11:00;0;RUA PORTO VELHO;;;1700;;Colisão Traseira;Luz do Dia;;;Meio de Quadra;;;0;1;1;0;1;0;0;0;0;0;0;0;-38,593867;-3,762372
275383;11;2;2016;10:00;5235;RUA PEDRO PEREIRA;RUA PRC ISABEL;;;;Colisão Transversal;Luz do Dia;;;Cruz;Pare;Misto;0;0;2;1;0;0;0;0;0;0;0;0;-38,535705;-3,727353
275384;11;2;2016;17:00;24924;AV SGT HERMINIO SAMPAIO;RUA VIANA DE CARVALHO;;;;Colisão;Anoitecer;;;T;Pare;Misto;0;1;1;1;0;0;0;0;0;1;0;0;-38,554694;-3,725309
275278;11;2;2016;19:30;0;AV JOSE BASTOS;;;;;Colisão;;;;Meio de Quadra;;;0;1;0;1;0;0;0;0;0;1;0;0;;
275286;11;2;2016;08:10;22159;RUA PRO COSTA MENDES;AV JOSE BASTOS;;;;Colisão Lateral;Luz do Dia;;;Cruz;Pare;Comercial;0;0;2;1;0;0;0;0;0;0;0;0;-38,551247;-3,750784
275288;11;2;2016;15:10;5333;RUA PRC ISABEL;RUA GAL CLARINDO DE QUEIROZ;;;;Colisão Transversal;Luz do Dia;;;Cruz;Pare;Comercial;0;0;2;0;0;0;0;0;0;1;0;0;-38,536711;-3,730592
275292;11;2;2016;11:30;5269;RUA PDE IBIAPINA;AV DUQ CAXIAS;;;;Colisão Lateral;Luz do Dia;;;Cruz;Semáforo;Comercial;0;0;2;0;1;0;0;0;0;0;0;0;-38,540226;-3,728446
275295;11;2;2016;22:00;13161;AV D CJ JOSE WALTER;RUA 69 CJ JOSE WALTER;;;;Colisão Transversal;;;;T;Não Há Controle;Comercial;0;0;2;1;0;0;0;1;0;0;0;0;-38,555098;-3,831825
275303;11;2;2016;14:00;0;RUA VINTE E CINCO DE MARCO;;;882;;Colisão Transversal;Luz do Dia;;;Meio de Quadra;;;0;0;2;1;0;0;0;0;0;0;0;0;-38,523267;-3,731723
275305;11;2;2016;;0;AV PRS CASTELO BRANCO;;;901;;Colisão Lateral;;;;Meio de Quadra;;;0;0;2;1;1;0;0;0;0;0;0;0;-38,531398;-3,7197
275314;11;2;2016;13:00;4531;AV DEP PAULINO ROCHA;RUA ENF JOAQUIM PINTO;;;;Colisão Traseira;Luz do Dia;;;T;Pare;Residencial;0;0;3;1;0;0;1;0;0;0;0;0;-38,507774;-3,803203
275317;11;2;2016;17:00;17395;RUA ALBERTO MAGNO;RUA TEN MOACIR MATOS;;;;Colisão;Anoitecer;;;Cruz;Pare;Comercial;0;1;1;1;0;0;0;0;0;1;0;0;-38,552117;-3,767411
275321;11;2;2016;06:30;0;AV PRO JOSE ARTHUR CARVALHO;;;1100;;Colisão Traseira;Luz do Dia;;;Meio de Quadra;;;0;0;2;0;0;0;0;0;0;0;0;0;-38,469724;-3,827132
275324;11;2;2016;11:30;0;AV ABOLICAO;;;4022;;Colisão;Luz do Dia;;;Meio de Quadra;;;0;2;1;0;1;0;0;0;0;1;0;0;-38,482277;-3,724355
279614;11;2;2016;07:23;0;AV GAL OSORIO DE PAIVA;;;1770;;Colisão;Luz do Dia;;;Meio de Quadra;;;0;0;2;0;1;0;0;0;0;0;0;0;-38,577575;-3,782674
279638;11;2;2016;12:56;0;AV GOV RAUL BARBOSA;;;;;Colisão;Luz do Dia;;;Meio de Quadra;;;0;0;2;0;0;0;0;0;0;0;0;0;;
279632;11;2;2016;08:36;11607;AV JOSE LEON;AV DR JOAO MACIEL FILHO;;;;Colisão;Luz do Dia;;;Cruz;Pare;Comercial;0;0;2;0;0;0;0;0;0;0;0;0;-38,496603;-3,78913
279634;11;2;2016;08:55;0;AV BENJAMIM BRASIL;;;2358;;Colisão;Luz do Dia;;;Meio de Quadra;;;0;1;1;0;1;0;0;0;0;1;0;0;-38,555912;-3,809254
279625;11;2;2016;08:12;0;RUA GREGORIO FRANCA;;;374;;Colisão;Luz do Dia;;;Meio de Quadra;;;0;0;2;0;0;0;0;0;0;0;0;0;-38,503909;-3,804908
279630;11;2;2016;08:24;0;AV FRE CIRILO;;;3770;;Colisão;Luz do Dia;;;Meio de Quadra;;;0;1;1;0;1;0;0;0;0;1;0;0;-38,497494;-3,817114
279616;11;2;2016;08:05;0;AV SGT HERMINIO SAMPAIO;;;1511;;Colisão;Luz do Dia;;;Meio de Quadra;;;0;0;1;1;0;0;0;0;0;0;0;0;-38,554043;-3,725198
279619;11;2;2016;08:08;22087;RUA PRO COSTA MENDES;RUA CAP FRANCISCO PEDRO;;;;Colisão;Luz do Dia;;;Cruz;Semáforo;Comercial;0;0;2;0;0;0;0;0;0;0;0;0;-38,551734;-3,750337
279622;11;2;2016;08:10;0;AV FRE CIRILO;;;;;Colisão;Luz do Dia;;;Meio de Quadra;;;0;0;2;0;0;0;0;0;0;0;0;0;;
279668;11;2;2016;13:57;15195;AV ABOLICAO;RUA JOSE NAPOLEAO;;;;Colisão;Luz do Dia;;;Cruz;Semáforo Manual;Residencial;0;0;2;0;0;0;0;0;0;0;0;0;-38,490302;-3,726523
279670;11;2;2016;15:32;0;AV SEN FERNANDES TAVORA;;;2543;;Colisão;Luz do Dia;;;Meio de Quadra;;;0;0;2;0;0;0;1;0;0;1;0;0;-38,596688;-3,755422
279677;11;2;2016;17:21;1378;RUA OSVALDO CRUZ (ALDEOTA);RUA DES LEITE ALBUQUERQUE;;;;Colisão;Anoitecer;;;Cruz;Pare;Comercial;0;0;2;1;0;0;0;0;0;0;0;0;-38,50064;-3,736598
274661;11;2;2016;16:30;0;AV CASTELO DE CASTRO;;;1829;;Colisão;Luz do Dia;;;Meio de Quadra;;;0;1;1;1;0;0;0;0;0;1;0;0;;
274656;11;2;2016;08:50;0;AV OLIVEIRA PAIVA;;;;;Colisão;Luz do Dia;;;Meio de Quadra;;;0;0;2;1;0;0;0;0;0;1;0;0;;
274657;11;2;2016;18:15;0;AV PRS JUSCELINO KUBITSCHEK (PASSARÉ);;;4555;;Colisão Transversal;Anoitecer;;;Meio de Quadra;;;0;1;2;1;1;0;0;0;0;0;0;0;-38,533667;-3,819068
274677;11;2;2016;13:01;0;AV GOV RAUL BARBOSA;;;1330;;Colisão Transversal;Luz do Dia;;;Meio de Quadra;;;0;0;2;1;0;0;1;0;0;0;0;0;;
274674;11;2;2016;10:10;0;AV GOV RAUL BARBOSA;;;5350;;Choque c/ Obstáculo Fixo;Luz do Dia;;;Meio de Quadra;;;0;1;0;1;0;0;0;0;0;0;0;0;-38,508993;-3,766367
274663;11;2;2016;07:20;0;AV ABOLICAO;;;3810;;Colisão Traseira;Luz do Dia;;;Meio de Quadra;;;0;0;2;1;0;0;0;0;0;0;0;0;-38,485368;-3,725611
274682;11;2;2016;07:05;7710;AV CARNEIRO DE MENDONCA;RUA PEDRO MUNIZ;;;;Colisão Transversal;Luz do Dia;;;Cruz;Pare;Comercial;0;1;1;1;0;0;0;0;0;1;0;0;-38,563646;-3,765627
274683;11;2;2016;12:00;14718;RUA FRANCISCO GLICERIO;RUA DELTA;;;;Colisão Transversal;Luz do Dia;;;;;;0;1;1;1;0;0;0;0;0;1;0;0;-38,577174;-3,794782
274684;11;2;2016;11:50;0;AV RUI BARBOSA;;;503;;Colisão Lateral;Luz do Dia;;;Meio de Quadra;;;0;1;1;1;0;0;0;0;0;1;0;0;;
274685;11;2;2016;19:40;19675;RUA GUSTAVO SAMPAIO;RUA CRUZ SALDANHA;;;;Colisão Transversal;;;;Cruz;Não Há Controle;Residencial;0;0;2;1;0;0;0;1;0;0;0;0;-38,554069;-3,734763
274686;11;2;2016;18:00;14589;AV EDILSON B SOARES;RUA MARVIN;;;;Colisão Lateral;Anoitecer;;;Cruz;Pare;Comercial;0;1;1;1;0;0;0;0;0;1;0;0;-38,483855;-3,789736
274687;11;2;2016;19:00;25140;AV ALM MAXIMIANO DA FONSECA;RUA CAIO CID;;;;Colisão Lateral;;;;T;Semáforo;Escola;0;0;2;1;1;0;0;0;0;0;0;0;-38,484125;-3,77158
276280;11;2;2016;00:01;0;AV DOS EXPEDICIONARIOS;;;674;;Colisão;;;;Meio de Quadra;;;0;1;0;0;0;0;0;0;0;0;0;0;;
276283;11;2;2016;01:32;0;RUA ALMEIDA PRADO;;;398;;Colisão;;;;Meio de Quadra;;;0;1;0;1;0;0;0;0;0;1;0;0;;
276285;11;2;2016;01:53;0;RUA LAURO NOGUEIRA;;;1106;;Queda;;;;Meio de Quadra;;;0;1;0;0;0;1;0;0;0;0;0;0;;
276286;11;2;2016;02:28;0;AV WASHINGTON SOARES;;;5552;;Colisão;;;;Meio de Quadra;;;0;1;0;1;0;0;0;0;0;1;0;0;;
276289;11;2;2016;02:29;0;AV SGT HERMINIO SAMPAIO;;;1115;;Colisão;;;;Meio de Quadra;;;0;1;0;1;0;0;0;0;0;1;0;0;-38,550648;-3,724659
276290;11;2;2016;02:33;0;AV FRE CIRILO;;;3770;;Colisão;;;;Meio de Quadra;;;0;1;0;1;0;0;0;0;0;1;0;0;-38,497494;-3,817114
276291;11;2;2016;02:38;0;AV FRE CIRILO;;;4454;SEMINARIO SERAFICO;Queda;;;;Meio de Quadra;;;0;1;0;0;0;1;0;0;0;0;0;0;-38,495229;-3,822332
276293;11;2;2016;03:24;0;AV BENJAMIM BRASIL;;;2350;;Colisão;;;;Meio de Quadra;;;0;1;0;1;0;0;0;0;0;1;0;0;-38,556106;-3,80912
276294;11;2;2016;04:19;0;AV B CJ CEARA;;;1147;;Colisão;;;;Meio de Quadra;;;0;1;0;0;0;0;0;0;0;1;0;0;;
276295;11;2;2016;04:52;3316;RUA CHILE;RUA VIRIATO RIBEIRO;;;;Colisão;;;;Cruz;Pare;Residencial;0;1;0;1;0;0;0;0;0;1;0;0;-38,565276;-3,746178
276296;11;2;2016;06:41;25636;RUA PORTO VELHO;RUA SAO LUIS D30;;;;Colisão;Luz do Dia;;;Cruz;Outros;Residencial;0;1;1;1;1;0;0;0;0;0;0;0;;
276297;11;2;2016;07:14;0;AV AGUANAMBI;;;1827;;Queda;Luz do Dia;;;Meio de Quadra;;;0;1;0;0;0;0;0;0;0;1;0;0;-38,523423;-3,753197
276299;11;2;2016;07:23;0;AV DOM MANUEL;;;395;;Colisão;Luz do Dia;;;;;;0;1;0;1;0;0;0;0;0;1;0;0;-38,520874;-3,727624
276300;11;2;2016;08:34;3482;RUA MANUEL FIGUEIREDO;RUA CAP HUGO BEZERRA;;;;Colisão;Luz do Dia;;;;;;0;1;0;1;0;0;0;0;0;1;0;0;-38,510266;-3,820674
276303;11;2;2016;09:58;0;RUA CEL FABRICIANO;;;2309;;Colisão;Luz do Dia;;;Meio de Quadra;;;0;1;0;1;0;0;0;0;0;1;0;0;-38,611453;-3,781769
276304;11;2;2016;10:56;0;AV CONTORNO SUL;;;29;;Atropelamento;Luz do Dia;;;Meio de Quadra;;;0;1;0;0;0;0;0;0;0;1;0;0;-38,515047;-3,835472
276309;11;2;2016;12:34;0;AV SEN FERNANDES TAVORA;;;2543;;Colisão;Luz do Dia;;;Meio de Quadra;;;0;1;0;1;0;0;0;0;0;1;0;0;-38,596688;-3,755422
276310;11;2;2016;12:36;0;RUA PRO GOMES BRASIL;;;515;TERMINAL LAGOA;Atropelamento;Luz do Dia;;;Meio de Quadra;;;0;1;0;0;1;0;0;0;0;0;0;0;-38,569848;-3,771052
276311;11;2;2016;13:22;0;RUA JOCKEY CLUBE;;;414;;Colisão;Luz do Dia;;;Meio de Quadra;;;0;1;0;1;0;0;0;0;0;1;0;0;-38,579162;-3,762512
276312;11;2;2016;13:27;0;AV DOMINGOS OLIMPIO;;;1607;;Colisão;Luz do Dia;;;Meio de Quadra;;;0;1;0;1;0;0;0;0;0;1;0;0;;
276306;11;2;2016;10:57;0;RUA JOSE ONOFRE;;;;;Atropelamento;Luz do Dia;;;Meio de Quadra;;;0;1;0;0;0;0;0;0;0;1;0;0;;
276307;11;2;2016;11:52;0;RUA CHICO XAVIER;;;179;;Colisão;Luz do Dia;;;Meio de Quadra;;;0;2;0;0;0;0;0;0;0;1;0;0;;
276314;11;2;2016;13:28;0;AV PONTES VIEIRA;;;669;;Colisão;Luz do Dia;;;Meio de Quadra;;;0;1;1;1;0;0;0;0;0;1;0;0;-38,515135;-3,752917
276316;11;2;2016;13:32;12862;RUA MAJ FACUNDO;AV DOMINGOS OLIMPIO;;;;Colisão;Luz do Dia;;;Cruz;Não Há Controle;Comercial;0;1;0;1;0;0;0;0;0;1;0;0;-38,530827;-3,736813
276320;11;2;2016;14:01;5235;RUA PRC ISABEL;RUA PEDRO PEREIRA;;;;Queda;Luz do Dia;;;Cruz;Pare;Misto;0;1;0;0;0;0;0;0;0;1;0;0;-38,535705;-3,727353
276330;11;2;2016;16:07;0;RUA CASTRO E SILVA;;;1154;;Atropelamento;Luz do Dia;;;Meio de Quadra;;;0;1;0;0;0;0;0;0;0;1;0;0;-38,535468;-3,721176
276331;11;2;2016;18:50;0;RUA COM GARCIA;;;842;;Atropelamento;Luz do Dia;;;Meio de Quadra;;;1;0;1;0;0;0;0;0;0;1;0;0;-38,581817;-3,791616
276332;11;2;2016;17:33;0;AV GAL OSORIO DE PAIVA;;;6023;;Colisão;Anoitecer;;;Meio de Quadra;;;0;1;0;0;0;0;0;0;0;0;0;0;;
276333;11;2;2016;18:16;0;AV DEP PAULINO ROCHA;;;1091;;Colisão;Anoitecer;;;Meio de Quadra;;;0;1;0;0;0;0;0;0;0;0;0;0;;
276334;11;2;2016;18:30;0;RD BR 116;;;10000;KM-10;Colisão;Anoitecer;;;Meio de Quadra;;;0;1;0;1;0;1;0;0;0;0;0;0;-38,503373;-3,834435
276335;11;2;2016;18:48;0;AV GAL OSORIO DE PAIVA;;;5830;IGREJA DO CANINDEZINHO;Colisão;;;;Meio de Quadra;;;0;1;0;0;0;0;0;0;0;0;0;0;-38,604645;-3,807372
276336;11;2;2016;21:49;0;RUA NELSON COELHO;;;291;;Atropelamento;;;;Meio de Quadra;;;0;1;0;0;0;0;0;0;0;1;0;0;-38,463794;-3,828068
276323;11;2;2016;14:46;19081;RUA EDUARDO SABOIA;RUA DES WALDETARIO P MOTA;;;;Colisão;Luz do Dia;;;Cruz;Pare;Comercial;0;1;1;1;0;0;0;0;0;1;0;0;-38,480948;-3,737338
276324;11;2;2016;14:52;0;RUA SAO JOAO DEL REY;;;1691;;Queda;Luz do Dia;;;Meio de Quadra;;;0;1;0;0;0;0;0;0;0;1;0;0;;
276325;11;2;2016;15:06;0;RUA NICOLAU COELHO;;;250;;Colisão;Luz do Dia;;;Meio de Quadra;;;0;1;0;1;0;0;0;0;0;1;0;0;;
276328;11;2;2016;15:45;0;AV PRS JUSCELINO KUBITSCHEK (PASSARÉ);;;4555;;Colisão;Luz do Dia;;;Meio de Quadra;;;0;1;1;1;1;0;0;0;0;0;0;0;-38,533667;-3,819068
276339;11;2;2016;22:36;2775;RUA MARIA JULIA;RUA GERALDO BARBOSA;;;;Colisão;;;;Cruz;Pare;Rural;0;1;0;0;0;0;0;0;0;1;0;0;-38,599942;-3,792568
277414;11;2;2016;05:10;0;RUA EDUARDO PERDIGAO;;;;;Colisão;Amanhecer;;;Meio de Quadra;;;0;0;2;1;0;0;1;0;0;0;0;0;;
277376;11;2;2016;11:00;0;RD CE-040;;;;KM-04;Colisão;Luz do Dia;Bom;Seca;Meio de Quadra;;;0;0;2;1;0;0;0;0;0;0;0;0;-38,481084;-3,782614
275491;11;2;2016;20:30;10005;RUA DUAS NACOES;RUA TAQUARI;;;;Colisão Lateral Sentido Oposto;;;;Cruz;Pare;Residencial;0;1;1;0;1;0;0;0;0;1;0;0;-38,601822;-3,776149
275453;11;2;2016;16:00;15258;RUA PEREIRA FILGUEIRAS;RUA ANTONIO AUGUSTO;;;;Colisão Transversal;Luz do Dia;;;Cruz;Pare;Comercial;0;0;2;1;0;0;0;0;0;0;0;0;-38,512866;-3,72838
275489;11;2;2016;17:15;9246;AV 13 DE MAIO;RUA BAR RIO BRANCO;;;;Colisão Traseira;Anoitecer;;;Cruz;Semáforo;Comercial;0;0;2;1;0;0;0;1;0;0;0;0;-38,534255;-3,745129
275484;11;2;2016;13:20;0;RUA JOAQUIM NABUCO;;;;;Colisão Transversal;Luz do Dia;;;Meio de Quadra;;;0;0;2;1;0;0;0;0;0;0;0;0;;
275485;11;2;2016;14:30;15195;AV ABOLICAO;RUA JOSE NAPOLEAO;;;;Colisão Transversal;Luz do Dia;;;Cruz;Semáforo Manual;Residencial;0;0;2;1;0;0;0;0;0;0;0;0;-38,490302;-3,726523
275486;11;2;2016;16:20;0;AV PONTES VIEIRA;;;;;Queda;Luz do Dia;;;Meio de Quadra;;;0;1;0;0;0;0;0;0;0;1;0;0;;
275475;11;2;2016;12:00;17265;RUA ALBERTO MAGNO;RUA SATIRO DIAS;;;;Colisão Transversal;Luz do Dia;;;Cruz;Pare;Comercial;0;1;1;1;0;0;0;0;0;1;0;0;-38,547531;-3,762063
275478;11;2;2016;12:00;17265;RUA ALBERTO MAGNO;RUA SATIRO DIAS;;;;Colisão Lateral;Luz do Dia;;;Cruz;Pare;Comercial;0;1;1;1;0;0;0;0;0;1;0;0;-38,547531;-3,762063
275479;11;2;2016;18:00;23557;AV GOV RAUL BARBOSA;RUA BELISARIO TAVORA;;;;Colisão Lateral;Anoitecer;;;T;Pare;Comercial;0;0;2;1;0;0;0;1;0;0;0;0;-38,505537;-3,761108
275470;11;2;2016;15:20;0;AV SANTOS DUMONT;;;165;;;Luz do Dia;;;Meio de Quadra;;;0;0;2;1;0;0;0;0;0;0;0;0;-38,521772;-3,728606
275471;11;2;2016;06:30;0;AV WASHINGTON LUIS;;;268;;Colisão Traseira;Luz do Dia;;;Meio de Quadra;;;0;0;2;1;0;0;0;0;0;0;0;0;-38,591442;-3,71696
277377;12;2;2016;01:30;0;RD CE-065;;;;KM-03;Choque c/ Obstáculo Fixo;Via Iluminada;Bom;Seca;Meio de Quadra;;;0;1;0;1;0;0;0;0;0;0;0;0;-38,613541;-3,816607
277378;12;2;2016;18:50;0;RD CE-040;;;;KM-10;Colisão;Via Iluminada;Bom;Seca;Meio de Quadra;;;0;1;1;1;0;0;0;0;0;1;0;0;-38,482466;-3,834451
277415;12;2;2016;19:56;0;RUA ROMEU MARTINS;;;;;Colisão;;;;Meio de Quadra;;;0;0;2;1;0;0;1;0;0;0;0;0;;
277417;12;2;2016;19:59;0;AV ANTONIO SALES;;;;;Colisão;;;;Meio de Quadra;;;0;0;2;1;1;0;0;0;0;0;0;0;;
276340;12;2;2016;00:34;0;AV GAL OSORIO DE PAIVA;;;6120;;Choque c/ Obstáculo Fixo;;;;Meio de Quadra;;;0;1;0;1;0;0;0;0;0;0;0;0;-38,606905;-3,809751
276346;12;2;2016;01:45;0;RUA DEP MATOSO FILHO;;;385;;Colisão;;;;Meio de Quadra;;;0;1;0;1;0;0;0;0;0;1;0;0;-38,588252;-3,73148
276342;12;2;2016;01:25;0;AV CASTELO DE CASTRO;;;326;;Colisão;;;;Meio de Quadra;;;0;1;1;1;0;0;0;0;0;1;0;0;-38,521521;-3,831843
276343;12;2;2016;01:30;744;AV PASTEUR;AV TEN LISBOA;;;;Atropelamento;;;;Com Via Férrea;Pare;Residencial;0;1;0;0;0;0;0;0;0;0;0;0;-38,561572;-3,719333
276344;12;2;2016;01:43;0;AV SEN CARLOS JEREISSATI (AEROPORTO);;;430;RETORNO - MAKRO;Colisão;;;;Meio de Quadra;;;0;1;0;1;0;0;0;0;0;1;0;0;-38,52654;-3,783503
276353;12;2;2016;02:54;581;AV FRANCISCO SA;AV PASTEUR;;;;Colisão;;;;Cruz;;Comercial;0;1;0;1;0;0;0;0;0;1;0;0;-38,560567;-3,716325
276348;12;2;2016;01:54;0;AV PRS CASTELO BRANCO;;;479;;Atropelamento;;;;Meio de Quadra;;;0;1;0;0;0;0;0;0;0;1;0;0;;
276349;12;2;2016;02:34;0;RUA ANDRADE FURTADO;;;1918;;Colisão;;;;Meio de Quadra;;;0;1;0;0;0;0;0;0;0;0;0;0;;
276350;12;2;2016;02:46;0;AV PASTEUR;;;3964;;Colisão;;;;Meio de Quadra;;;0;1;1;1;0;0;0;0;0;1;0;0;;
276351;12;2;2016;02:49;1324;RUA TORRES CAMARA;RUA DR JOSE LOURENCO;;;;Colisão;;;;Cruz;Pare;Comercial;0;1;0;1;0;0;0;0;0;1;0;0;-38,508053;-3,735281
276360;12;2;2016;04:11;0;RUA RUI MONTE;;;313;;Colisão;;;;Meio de Quadra;;;0;1;0;1;0;0;0;0;0;1;0;0;-38,587361;-3,741928
276362;12;2;2016;04:29;25159;AV MIGUEL DIAS;AV ALM MAXIMIANO DA FONSECA;;;;Colisão;;;;Cruz;Pare;Residencial;0;1;0;1;0;0;0;0;0;1;0;0;-38,487945;-3,770833
276363;12;2;2016;04:33;0;RUA OLIVEIRA FILHO;;;1700;;Colisão;;;;Meio de Quadra;;;0;1;0;1;0;0;0;0;0;1;0;0;;
276364;12;2;2016;06:43;0;AV SEN FERNANDES TAVORA;;;966;;Colisão;Luz do Dia;;;Meio de Quadra;;;0;1;0;1;0;0;0;0;0;1;0;0;-38,581769;-3,762401
276366;12;2;2016;06:45;10780;RUA PDE SA LEITAO;AV SEN FERNANDES TAVORA;;;;Colisão;Luz do Dia;;;Cruz;Pare;Misto;0;1;0;1;0;0;0;0;0;1;0;0;-38,581677;-3,762452
276367;12;2;2016;06:55;0;AV LUCIANO CARNEIRO;;;2090;;Colisão;Luz do Dia;;;;;;0;1;0;0;0;0;0;0;0;0;0;0;-38,537152;-3,766443
276368;12;2;2016;08:43;0;AV N CJ JOSE WALTER;;;326;;Colisão;Luz do Dia;;;Meio de Quadra;;;0;1;0;0;0;0;0;0;0;0;0;0;;
276404;12;2;2016;16:48;0;AV AGUANAMBI;;;1827;HOSPITAL ANTONIO PRUDENTE;Queda;Luz do Dia;;;Meio de Quadra;;;0;1;0;0;0;1;0;0;0;0;0;0;-38,523421;-3,753592
276405;12;2;2016;17:21;0;AV ALBERTO CRAVEIRO;;;1181;;Queda;Anoitecer;;;Meio de Quadra;;;0;1;0;0;0;0;0;0;0;1;0;0;;
276406;12;2;2016;17:26;0;AV CASTELO DE CASTRO;;;692;;Colisão;Anoitecer;;;Meio de Quadra;;;0;1;0;0;0;0;0;0;0;0;0;0;-38,521647;-3,835563
276397;12;2;2016;14:06;0;AV WASHINGTON SOARES;;;1155;POSTO SHELL;Colisão;Luz do Dia;;;Meio de Quadra;;;0;1;0;1;0;0;0;0;0;1;0;0;-38,480021;-3,795297
276398;12;2;2016;14:44;0;RUA PORTO VELHO;;;1530;;Colisão;Luz do Dia;;;Meio de Quadra;;;0;1;0;0;0;0;0;0;0;1;0;0;-38,592411;-3,763081
276399;12;2;2016;15:22;23716;RUA ARRUDA CAMARA;RUA COSTA FREIRE;;;;Colisão;Luz do Dia;;;Cruz;Não Há Controle;Residencial;0;1;1;1;0;0;0;0;0;1;0;0;-38,582846;-3,790225
276388;12;2;2016;11:41;0;RUA PRO GOMES BRASIL;;;515;TERMINAL LAGOA;Colisão;Luz do Dia;;;Meio de Quadra;;;0;1;0;0;0;0;0;0;0;1;0;0;-38,569848;-3,771052
276390;12;2;2016;12:19;0;AV CESAR CALS;;;929;;Colisão;Luz do Dia;;;Meio de Quadra;;;0;1;0;1;0;0;0;0;0;1;0;0;-38,462062;-3,72562
276392;12;2;2016;13:20;0;RUA CON DE CASTRO;;;30150;;Colisão;Luz do Dia;;;Meio de Quadra;;;0;1;0;1;0;0;0;0;0;1;0;0;;
276395;12;2;2016;14:00;0;AV J CJ CEARA;;;2258;;Queda;Luz do Dia;;;Meio de Quadra;;;0;1;0;0;0;1;0;0;0;0;0;0;-38,617436;-3,769707
276373;12;2;2016;08:59;13408;AV ANTONIO SALES;RUA BAR ARACATI;;;;Colisão;Luz do Dia;;;Cruz;Pare;Comercial;0;1;0;1;0;0;0;0;0;1;0;0;-38,514894;-3,741563
276356;12;2;2016;03:14;0;RUA 416 CJ SAO CRISTOVAO;;;92;;Colisão;;;;Meio de Quadra;;;0;1;0;1;0;0;0;0;0;1;0;0;-38,517481;-3,832329
276376;12;2;2016;09:17;0;AV CONTORNO NORTE (SAO CRSITOVAO);;;33;;Colisão;Luz do Dia;;;Meio de Quadra;;;0;1;1;0;0;0;0;0;0;1;0;0;;
276378;12;2;2016;09:31;0;AV PRS COSTA E SILVA;;;;JOSE WALTER;Outros;Luz do Dia;;;Meio de Quadra;;;0;1;0;0;0;0;0;0;0;1;0;0;;
276380;12;2;2016;09:34;15668;RUA MUNIZ FREIRE;RUA EUDES CARDOSO;;;;Queda;Luz do Dia;;;Cruz;Pare;Residencial;0;1;0;0;0;0;0;0;0;1;0;0;-38,488468;-3,825952
276383;12;2;2016;09:59;0;RUA MENINO JESUS DE PRAGA (PASSARÉ);;;69;;Colisão;Luz do Dia;;;Meio de Quadra;;;0;1;0;0;0;0;0;0;0;0;0;0;;
276385;12;2;2016;10:37;23378;RUA TIBURCIO CAVALCANTE;RUA CAP TIBURCIO DA FROTA;;;;Colisão;Luz do Dia;;;T;Pare;Residencial;0;1;0;0;0;0;0;0;0;1;0;0;;
274724;12;2;2016;09:10;1324;RUA DR JOSE LOURENCO;RUA TORRES CAMARA;;;;Colisão Transversal;Luz do Dia;;;Cruz;Pare;Residencial;0;1;1;0;0;0;0;0;0;1;0;0;-38,508053;-3,735281
274709;12;2;2016;21:00;3405;RUA MIGUEL GONCALVES;RUA MON FURTADO;;;;Colisão Frontal;;;;Cruz;Pare;Residencial;0;1;1;1;0;0;0;0;0;1;0;0;-38,558114;-3,756171