COD_ACIDENTE;DIA;MES;ANO;HORA;INTERSECAO;LOG1;LOG2;LOG3;NUMERO;REFERENCIA;NATUREZA;ILUMINACAO;TEMPO;SUPERFICIEPISTA;TIPOCRUZAMENTO;CONTROLETRAFEGO;USOSOLO;MORTOS;FERIDOS;ILESOS;AUTOMOVEL;ONIBUS;BICICLETA;CAMINHAO;MICROONIBUS;CICLOMOTOR;MOTOCICLETA;TRACAOANIMAL;TREM;LONG;LAT
274710;12;2;2016;10:30;0;RUA BAR ARACATI;;;;;Colisão Transversal;Luz do Dia;;;Meio de Quadra;;;0;0;2;1;0;0;0;0;0;0;0;0;;
274711;12;2;2016;08:15;0;AV 13 DE MAIO;;;1776;;Colisão Traseira;Luz do Dia;;;Meio de Quadra;;;0;0;2;1;0;0;0;0;0;0;0;0;-38,533607;-3,745675
274712;12;2;2016;07:00;15909;RUA PDE PEDRO DE ALENCAR;RUA VENEZA;;;;Colisão;Luz do Dia;;;Duplo T;Pare;Residencial;0;0;2;1;0;0;0;0;0;1;0;0;-38,494157;-3,836296
274714;12;2;2016;08:00;21915;RUA PDE PERDIGAO SAMPAIO;RUA DEP MATOSO FILHO;;;;Colisão Transversal;Luz do Dia;;;;;;0;1;1;1;0;0;0;0;0;1;0;0;-38,595821;-3,734677
274715;12;2;2016;20:15;0;RUA PRO HENRIQUE FIRMEZA;;;827;;Colisão Transversal;;;;Meio de Quadra;;;0;0;2;1;0;0;0;0;0;1;0;0;;
274716;12;2;2016;09:40;24988;RUA FRE MANSUETO;RUA TAVARES COUTINHO;;;;Colisão Transversal;Luz do Dia;;;Cruz;Semáforo Intermitente;Comercial;0;1;1;1;0;0;0;0;0;1;0;0;-38,488784;-3,732638
274717;12;2;2016;20:30;0;AV ALM HENRIQUE SABOIA;;;350;;Colisão Traseira;;;;Meio de Quadra;;;0;1;1;0;1;0;0;0;0;1;0;0;-38,480545;-3,725023
274720;12;2;2016;08:40;0;RUA METON DE ALENCAR;;;790;;Colisão Traseira;Luz do Dia;;;Meio de Quadra;;;0;0;2;1;0;0;0;0;0;0;0;0;-38,530783;-3,733628
274722;12;2;2016;21:30;11932;AV CASTELO DE CASTRO;AV PRS COSTA E SILVA;;;;Colisão Transversal;;;;Cruz;Semáforo;Misto;0;0;2;1;0;0;0;0;0;0;0;0;;
274653;12;2;2016;13:20;25114;AV JOAO PESSOA;RUA IRM BAZET;;;;Colisão Traseira;Luz do Dia;;;T;Semáforo;Comercial;0;0;2;1;0;0;0;0;0;0;0;0;-38,556566;-3,760376
276402;12;2;2016;15:57;0;RUA PRO HENRIQUE FIRMEZA;;;57;;Atropelamento;Luz do Dia;;;Meio de Quadra;;;0;1;0;1;0;0;0;0;0;0;0;0;;
276411;12;2;2016;19:03;0;RUA SEN ROBERT KENNEDY;;;;;Queda;;;;Meio de Quadra;;;0;1;0;0;0;1;0;0;0;0;0;0;;
276412;12;2;2016;20:05;0;AV DR THEBERGE;;;1298;;Colisão;;;;Meio de Quadra;;;0;1;0;1;0;0;0;0;0;1;0;0;-38,564643;-3,713683
276408;12;2;2016;18:52;0;AV 13 DE MAIO;;;2311;PRACA GENTILANDIA;Atropelamento;;;;Meio de Quadra;;;0;1;0;1;0;0;0;0;0;0;0;0;-38,536723;-3,743007
276409;12;2;2016;18:53;26077;AV JOSE JATAHY;AV DUQ CAXIAS;;;;Colisão;;;;T;Pare;Comercial;0;1;0;1;0;0;0;0;0;1;0;0;;
279688;12;2;2016;06:13;20129;RUA POMPILIO GOMES;AV DEP PAULINO ROCHA;;;;Colisão;Luz do Dia;;;T;Pare;Comercial;0;0;1;0;0;0;0;0;0;0;0;0;-38,519652;-3,810076
279689;12;2;2016;06:24;15123;AV RUI BARBOSA;AV BEIRA MAR;;;;Colisão;Luz do Dia;;;Cruz;Não Há Controle;Comercial;0;0;1;0;0;0;0;0;0;0;0;0;-38,505212;-3,723039
279708;12;2;2016;16:01;23378;RUA TIBURCIO CAVALCANTE;RUA CAP TIBURCIO DA FROTA;;;;Colisão;Luz do Dia;;;T;Pare;Residencial;0;2;0;0;0;0;0;0;1;1;0;0;;
279703;12;2;2016;13:41;9153;RUA PAULA RODRIGUES;AV 13 DE MAIO;;;;Colisão;Luz do Dia;;;T;Semáforo;Comercial;0;0;2;0;0;0;0;0;0;0;0;0;-38,525876;-3,752271
279710;12;2;2016;19:25;0;AV SEN FERNANDES TAVORA;;;;;Colisão;;;;Meio de Quadra;;;0;0;2;0;0;0;0;0;0;0;0;0;;
279714;12;2;2016;21:02;0;AV ALBERTO CRAVEIRO;;;1341;;Colisão;;;;Meio de Quadra;;;0;0;1;0;0;0;0;0;0;1;0;0;-38,517394;-3,792122
279694;12;2;2016;08:40;0;AV ALBERTO CRAVEIRO;;;175;;Colisão;Luz do Dia;;;Meio de Quadra;;;0;0;2;0;0;0;0;0;0;0;0;0;;
279698;12;2;2016;10:32;0;RUA OLIVEIRA FILHO;;;1700;;Colisão;Luz do Dia;;;Meio de Quadra;;;0;0;2;0;0;0;0;0;0;0;0;0;;
279700;12;2;2016;11:46;5382;RUA PINTO MADEIRA;RUA J DA PENHA;;;;Colisão;Luz do Dia;;;Cruz;Pare;Residencial;0;0;2;0;0;0;1;0;0;0;0;0;-38,518623;-3,731966
274739;12;2;2016;14:40;0;RUA ANTENOR ROCHA ALEXANDRE;;;190;;Colisão Traseira;Luz do Dia;;;Meio de Quadra;;;0;0;2;1;0;0;0;0;0;0;0;0;-38,485299;-3,792404
274741;12;2;2016;14:50;0;AV JOR THOMAZ COELHO;;;;;Colisão Traseira;Luz do Dia;;;Meio de Quadra;;;0;0;2;1;0;0;0;0;0;0;0;0;;
274743;12;2;2016;20:40;22089;RUA FRE MARCELINO;RUA GUSTAVO BRAGA;;;;Colisão Transversal;;;;;;;0;0;2;1;0;0;0;0;0;0;0;0;-38,556125;-3,747811
274747;12;2;2016;15:30;0;AV PRS CASTELO BRANCO;;;2310;;Colisão Traseira;Luz do Dia;;;Meio de Quadra;;;0;0;2;1;0;0;0;0;0;0;0;0;-38,548552;-3,713722
274745;12;2;2016;07:28;0;AV PRS CASTELO BRANCO;;;4227;;Colisão Lateral;Luz do Dia;;;Meio de Quadra;;;0;0;2;1;1;0;0;0;0;0;0;0;-38,570335;-3,707701
281392;12;2;2016;07:28;0;RUA CANDIDO CASTELO BRANCO;;;4707;;Atropelamento;Luz do Dia;;;Meio de Quadra;;;0;1;1;0;0;0;0;0;0;0;0;0;;
281406;12;2;2016;07:31;0;AV DA UNIVERSIDADE;;;;;Colisão;Luz do Dia;;;Meio de Quadra;;;0;0;2;0;0;0;0;0;0;0;0;0;;
281407;12;2;2016;08:22;0;RUA ANDRADE FURTADO;;;1918;;Atropelamento;Luz do Dia;;;Meio de Quadra;;;0;1;1;0;0;0;0;0;0;0;0;0;;
281419;12;2;2016;08:43;0;AV FRANCISCO SA;;;3907;BANCO DO BRASIL;Colisão;Luz do Dia;;;Meio de Quadra;;;0;0;2;0;0;0;0;0;0;0;0;0;-38,560005;-3,71651
281426;12;2;2016;13:09;0;RUA JOAQUIM NABUCO;;;970;;Colisão;Luz do Dia;;;Meio de Quadra;;;0;0;2;0;0;0;0;0;0;0;0;0;-38,500887;-3,734034
281428;12;2;2016;13:10;24372;AV LUCIANO CARNEIRO;RUA ALM RUFINO;;;;;Luz do Dia;;;Cruz;Semáforo;Comercial;0;0;2;0;0;0;0;0;0;0;0;0;-38,537195;-3,76658
281436;12;2;2016;13:26;15227;AV DES MOREIRA;AV ABOLICAO;;;;Colisão;Luz do Dia;;;Cruz;Semáforo;Comercial;0;0;2;0;0;0;0;0;0;0;0;0;-38,495474;-3,727331
281452;12;2;2016;14:03;0;AV JOSE BASTOS;;;4700;INCRA;Atropelamento;Luz do Dia;;;Meio de Quadra;;;0;1;1;0;0;0;0;0;0;0;0;0;-38,570184;-3,769039
281460;12;2;2016;14:31;0;AV FRE CIRILO;;;4000;CENTER BOX;Colisão;Luz do Dia;;;Meio de Quadra;;;0;0;2;0;0;0;0;0;0;0;0;0;-38,496644;-3,819105
281461;12;2;2016;15:16;0;AV AUGUSTO DOS ANJOS;;;520;PAGUE MENOS;Colisão;Luz do Dia;;;Meio de Quadra;;;0;0;2;0;0;0;0;0;0;0;0;0;-38,573109;-3,773378
281520;12;2;2016;19:00;0;AV PRS CASTELO BRANCO;;;610;VIADUTO/ALBERTO NEPOMUCENO;Colisão;;;;Meio de Quadra;;;0;0;2;0;0;0;0;0;0;0;0;0;-38,523857;-3,722425
281527;12;2;2016;21:03;24969;AV ALM HENRIQUE SABOIA;AV PDE ANTONIO TOMAS;;;;Colisão;;;;Cruz;Semáforo;Comercial;0;0;2;0;0;0;0;0;0;0;0;0;-38,489455;-3,743493
281528;12;2;2016;21:37;0;AV JOSE LEON;;;;;Colisão;;;;Meio de Quadra;;;0;0;2;0;0;0;0;0;0;0;0;0;;
281515;12;2;2016;17:21;100;RUA TOMAS RODRIGUES;AV MR HULL;;;;Colisão;Anoitecer;;;Cruz;Semáforo;Comercial;0;0;2;0;0;0;0;0;0;0;0;0;-38,593915;-3,740004
281503;12;2;2016;17:16;7650;AV CARNEIRO DE MENDONCA;RUA BELO HORIZONTE;;;;Colisão;Anoitecer;;;Cruz;Pare;Misto;0;0;2;0;0;0;0;0;0;0;0;0;-38,567567;-3,763666
281486;12;2;2016;15:41;0;RUA VALMIR PONTES;;;;;Colisão;Luz do Dia;;;Meio de Quadra;;;0;0;2;0;0;0;0;0;0;0;0;0;;
281488;12;2;2016;16:22;1358;AV DES MOREIRA;AV SANTOS DUMONT;;;;Colisão;Luz do Dia;;;Cruz;Semáforo;Comercial;0;0;2;0;0;0;0;0;0;0;0;0;-38,498365;-3,736226
281490;12;2;2016;16:29;25253;RUA VALMIR PONTES;AV WASHINGTON SOARES;;;;Colisão;Luz do Dia;;;Cruz;Semáforo;Comercial;0;0;2;0;0;0;0;0;0;0;0;0;-38,482016;-3,771482
281532;13;2;2016;08:48;0;RUA BAR CRATO;;;1415;;Colisão;Luz do Dia;;;Meio de Quadra;;;0;0;2;0;0;0;0;0;0;0;0;0;-38,561854;-3,721852
281538;13;2;2016;09:13;13132;AV JOAO DE ARAUJO LIMA;AV D CJ JOSE WALTER;;;;Colisão;Luz do Dia;;;Cruz;Semáforo;Comercial;0;0;2;0;0;0;0;0;0;0;0;0;-38,560009;-3,830303
281553;13;2;2016;15:57;0;RUA DOM HELIO CAMPOS D21;;;463;;Colisão;Luz do Dia;;;Meio de Quadra;;;0;0;2;0;0;0;0;0;0;0;0;0;;
281554;13;2;2016;15:58;5462;RUA SOLON PINHEIRO;RUA ANTONIO POMPEU;;;;Colisão;Luz do Dia;;;Cruz;Semáforo;Comercial;0;0;2;0;0;0;0;0;0;0;0;0;-38,528028;-3,735609
281549;13;2;2016;13:44;0;AV PRS COSTA E SILVA;;;3457;MOTEL3000;Colisão;Luz do Dia;;;Meio de Quadra;;;0;0;2;0;0;0;0;0;0;0;0;0;;
281545;13;2;2016;13:38;0;AV ENG SANTANA JUNIOR;;;999;HIPER BOM PREÇO;Colisão;Luz do Dia;;;Meio de Quadra;;;0;0;2;0;0;0;0;0;0;0;0;0;-38,482858;-3,736898
281546;13;2;2016;13:42;0;RUA SGT NERI;;;1024;;Colisão;Luz do Dia;;;Meio de Quadra;;;0;0;2;0;0;0;0;0;0;0;0;0;;
281542;13;2;2016;12:39;1705;RUA TEN ROMA;RUA CAP VASCONCELOS D46;;;;Colisão;Luz do Dia;;;Cruz;Pare;Residencial;0;0;2;0;0;0;0;0;0;0;0;0;-38,516588;-3,768197
281543;13;2;2016;13:24;0;AV DOM MANUEL;;;3;;Colisão;Luz do Dia;;;Meio de Quadra;;;0;0;2;0;0;0;0;0;0;0;0;0;-38,519601;-3,723615
281540;13;2;2016;12:15;0;AV 13 DE MAIO;;;1119;;Colisão;Luz do Dia;;;Meio de Quadra;;;0;0;2;0;0;0;0;0;0;0;0;0;-38,529205;-3,749429
281598;13;2;2016;22:00;0;RUA ALMEIDA REGO;;;772;;Colisão;;;;Meio de Quadra;;;0;0;2;0;0;0;0;0;0;0;0;0;;
281587;13;2;2016;19:30;0;RUA GERMANO FRANCK;;;720;TERMINAL PARANGABA;Colisão;;;;Meio de Quadra;;;0;0;2;0;0;0;0;0;0;0;0;0;-38,562071;-3,777298
281573;13;2;2016;19:23;0;RUA GERMANO FRANCK;;;1705;;Colisão;;;;Meio de Quadra;;;0;0;2;0;0;0;0;0;0;0;0;0;;
281556;13;2;2016;16:21;0;AV DEP PAULINO ROCHA;;;;;Colisão;Luz do Dia;;;Meio de Quadra;;;0;0;2;0;0;0;0;0;0;0;0;0;;
281568;13;2;2016;18:36;0;AV AGUANAMBI;;;1827;HOSPITAL ANTONIO PRUDENTE;;;;;Meio de Quadra;;;0;0;2;0;0;0;0;0;0;0;0;0;-38,523421;-3,753592
281570;13;2;2016;18:52;0;RUA ENG LUIS MONTENEGRO;;;;;;;;;Meio de Quadra;;;0;0;2;0;0;0;0;0;0;0;0;0;;
275958;13;2;2016;19:30;0;RD BR 116;;;6000;KM-06;Colisão Frontal;Via Iluminada;Bom;Seca;Meio de Quadra;;;0;0;2;1;0;0;0;0;0;0;0;0;-38,503053;-3,804691
274756;13;2;2016;12:00;9227;RUA JAIME BENEVOLO;RUA MARIO MAMEDE;;;;Engavetamento;Luz do Dia;;;Cruz;Semáforo;Residencial;0;0;3;1;0;0;0;0;0;0;0;0;-38,531586;-3,749153
274754;13;2;2016;13:15;0;RUA SEN POMPEU;;;2324;;Colisão Traseira;Luz do Dia;;;Meio de Quadra;;;0;2;1;1;0;0;0;0;0;1;0;0;-38,533249;-3,738874
274744;13;2;2016;13:35;0;RUA DEMETRIO MENEZES;;;;;Colisão Traseira;Luz do Dia;;;Meio de Quadra;;;0;0;3;1;0;0;0;0;0;0;0;0;;
274740;13;2;2016;09:30;0;RUA BERNARDO MANUEL;;;7600;;Colisão Traseira;Luz do Dia;;;Meio de Quadra;;;0;0;2;1;0;0;0;0;0;0;0;0;-38,547111;-3,78469
274735;13;2;2016;09:40;14434;AV SGT HERMINIO SAMPAIO;RUA CEL RIBEIRO DA SILVA;;;;Atropelamento;Luz do Dia;;;T;Pare;Residencial;0;1;1;1;0;0;0;0;0;0;0;0;-38,547436;-3,724573
274731;13;2;2016;19:45;0;RUA MON CATAO;;;1093;;Colisão Lateral;;;;Meio de Quadra;;;0;0;2;0;1;0;0;0;0;0;0;0;;
274733;13;2;2016;19:30;0;RUA JOAQUIM FROTA;;;;;Colisão Transversal;;;;Meio de Quadra;;;0;0;2;1;0;0;0;0;0;0;0;0;;
274782;13;2;2016;08:45;0;RUA TORRES CAMARA;;;644;;Colisão Traseira;Luz do Dia;;;Meio de Quadra;;;0;1;1;0;0;0;0;0;0;1;0;0;-38,505538;-3,736075
274783;13;2;2016;08:30;0;AV BEZERRA DE MENEZES;;;1258;IG SAO GERARDO;Atropelamento;Luz do Dia;;;Meio de Quadra;;;0;1;1;0;1;0;0;0;0;0;0;0;-38,556758;-3,734069
274776;13;2;2016;18:30;0;AV GODOFREDO MACIEL;;;3382;;Colisão Frontal;Anoitecer;;;Meio de Quadra;;;0;1;1;1;0;0;0;0;0;0;0;0;-38,572506;-3,804763
274779;13;2;2016;21:00;0;RUA JOAO CORDEIRO;;;488;;Colisão Lateral;;;;Meio de Quadra;;;0;0;2;1;0;0;0;0;0;0;0;0;-38,512807;-3,724556
274737;13;2;2016;09:00;0;RUA ANGELICA GURGEL;;;157;LAGOA DA MESSEJANA;Colisão Lateral;Luz do Dia;;;Meio de Quadra;;;0;0;2;1;0;0;0;0;0;0;0;0;-38,499046;-3,833766
274771;13;2;2016;17:50;0;AV OLIVEIRA PAIVA;;;2155;;Colisão Traseira;Anoitecer;;;Meio de Quadra;;;0;0;2;1;0;0;0;0;0;0;0;0;-38,487325;-3,796288
274773;13;2;2016;19:45;0;RUA SEN ROBERT KENNEDY;;;754;;Colisão Transversal;;;;Meio de Quadra;;;0;0;2;1;0;0;0;0;0;0;0;0;-38,580266;-3,706704
279738;13;2;2016;09:07;0;AV ABOLICAO;;;;;Colisão;Luz do Dia;;;Meio de Quadra;;;0;0;2;1;0;0;0;0;0;0;0;0;;
276419;13;2;2016;03:05;0;AV PRS COSTA E SILVA;;;;;Colisão;;;;Meio de Quadra;;;0;1;1;1;0;0;0;0;0;1;0;0;;
276421;13;2;2016;03:06;0;AV I CJ JOSE WALTER;;;1640;;Colisão;;;;Meio de Quadra;;;0;1;0;1;0;0;0;0;0;1;0;0;-38,554776;-3,838449
276422;13;2;2016;04:49;0;AV SGT HERMINIO SAMPAIO;;;769;;Colisão;;;;Meio de Quadra;;;0;1;0;1;0;0;0;0;0;0;0;0;-38,547518;-3,724565
276423;13;2;2016;05:24;0;AV ZEZE DIOGO;;;659;;Atropelamento;Amanhecer;;;Meio de Quadra;;;0;1;0;0;0;0;0;0;0;1;0;0;-38,466934;-3,71217
276413;13;2;2016;00:01;0;AV FILOMENO GOMES;;;30;MARINHA;Atropelamento;;;;Meio de Quadra;;;0;1;0;0;0;0;0;0;0;1;0;0;-38,54182;-3,717258
276415;13;2;2016;02:30;0;RUA FRANCISCO MATIAS;;;359;;Queda;;;;Meio de Quadra;;;0;1;0;0;0;0;0;0;0;1;0;0;;
276416;13;2;2016;02:36;0;AV HIS RAIMUNDO GIRAO;;;;SECRETARIA DE SAUDE;Colisão;;;;Meio de Quadra;;;0;1;0;1;0;0;0;0;0;1;0;0;;
276425;13;2;2016;05:48;0;RUA VIRGILIO BRIGIDO;;;743;;Queda;Amanhecer;;;Meio de Quadra;;;0;1;0;0;0;0;0;0;0;1;0;0;-38,568946;-3,723383
276429;13;2;2016;09:19;0;AV PERIMETRAL;;;424;IGREJA UNIVERSAL;Colisão;Luz do Dia;;;Meio de Quadra;;;0;1;0;1;0;0;0;0;0;0;0;0;;
276435;13;2;2016;10:22;0;RUA ESTEVAO DE CAMPOS;;;1005;;Colisão;Luz do Dia;;;Meio de Quadra;;;0;1;0;1;0;0;0;0;0;1;0;0;;
276436;13;2;2016;10:26;0;RD BR 116;;;1894;KM-06;Queda;Luz do Dia;;;Meio de Quadra;;;0;1;0;0;0;0;0;0;0;1;0;0;-38,504356;-3,801742
276437;13;2;2016;10:35;0;AV CONTORNO SUL;;;104;;Colisão;Luz do Dia;;;Meio de Quadra;;;0;2;0;0;0;0;0;0;0;1;0;0;-38,491117;-3,857839
276439;13;2;2016;10:55;0;AV PRS CASTELO BRANCO;;;1287;MARINHA;Queda;Luz do Dia;;;Meio de Quadra;;;0;1;0;0;0;0;0;0;0;1;0;0;-38,543758;-3,714914
276440;13;2;2016;11:31;0;AV CASTELO DE CASTRO;;;;;Queda;Luz do Dia;;;Meio de Quadra;;;0;1;0;0;0;0;0;0;0;1;0;0;;
276441;13;2;2016;11:42;0;AV DEP PAULINO ROCHA;;;1001;;Colisão;Luz do Dia;;;Meio de Quadra;;;0;1;0;0;0;0;1;0;0;1;0;0;;
276461;13;2;2016;15:55;0;RUA PRO HERIBALDO COSTA;;;173;;Queda;Luz do Dia;;;Meio de Quadra;;;0;1;0;0;0;1;0;0;0;0;0;0;;
276462;13;2;2016;16:33;0;AV GAL OSORIO DE PAIVA;;;3103;;Queda;Luz do Dia;;;Meio de Quadra;;;0;1;0;0;0;0;0;0;0;1;0;0;-38,587427;-3,78966
276432;13;2;2016;09:33;0;AV DUQ CAXIAS;;;2265;CRASA;Queda;Luz do Dia;;;Meio de Quadra;;;0;2;0;0;0;0;0;0;0;1;0;0;-38,544314;-3,727085
276443;13;2;2016;11:43;0;AV WASHINGTON SOARES;;;;;Colisão;Luz do Dia;;;Meio de Quadra;;;0;1;0;1;0;0;0;0;0;1;0;0;;
276445;13;2;2016;12:02;0;AV DEP PAULINO ROCHA;;;1285;;Colisão;Luz do Dia;;;Meio de Quadra;;;0;1;0;1;0;0;0;0;0;1;0;0;-38,508509;-3,80795
276447;13;2;2016;12:06;7888;AV DES MOREIRA;RUA TOMAS ACIOLI;;;;Colisão;Luz do Dia;;;Cruz;;Comercial;0;1;0;1;0;0;0;0;0;1;0;0;-38,501963;-3,747526
276450;13;2;2016;14:09;25780;AV GAL OSORIO DE PAIVA;RUA ENG LUIS MONTENEGRO;;;;Queda;Luz do Dia;;;;;;0;1;0;0;0;0;0;0;0;1;0;0;;
276474;13;2;2016;18:03;0;AV PRS CASTELO BRANCO;;;;;Colisão;Anoitecer;;;Meio de Quadra;;;0;1;0;1;0;0;0;0;0;1;0;0;;
276457;13;2;2016;14:16;0;AV AGUANAMBI;;;1827;HOSPITAL ANTONIO PRUDENTE;Atropelamento;Luz do Dia;;;Meio de Quadra;;;0;1;1;1;0;0;0;0;0;0;0;0;-38,523421;-3,753592
276458;13;2;2016;14:23;4875;RUA CON DE CASTRO;RUA JARDIM FLUMINENSE;;;;Atropelamento;Luz do Dia;;;T;Semáforo;Residencial;0;1;0;1;0;0;0;0;0;0;0;0;-38,597948;-3,812831
276459;13;2;2016;15:25;0;AV SEN CARLOS JEREISSATI (AEROPORTO);;;;HIPERMERCADO ATACADÃO;Colisão;Luz do Dia;;;Meio de Quadra;;;0;1;0;1;0;0;0;0;0;1;0;0;-38,539618;-3,781034
276464;13;2;2016;16:39;0;RUA ARARIPE PRATA;;;105;;Colisão;Luz do Dia;;;;;;0;1;0;1;0;0;0;0;0;1;0;0;-38,568504;-3,775873
276465;13;2;2016;16:42;0;RUA ANTERO QUENTAL;;;;;Atropelamento;Luz do Dia;;;Meio de Quadra;;;0;1;0;0;0;0;0;0;0;0;0;0;;
276469;13;2;2016;17:34;0;RUA PDE GUERRA;;;595;;Atropelamento;Anoitecer;;;Meio de Quadra;;;0;1;0;0;0;0;0;0;0;1;0;0;-38,549426;-3,737232
276467;13;2;2016;17:28;0;RUA JOAO CORDEIRO;;;540;;Colisão;Anoitecer;;;Meio de Quadra;;;0;2;0;1;0;0;0;0;0;0;0;0;-38,513008;-3,725163
276477;13;2;2016;19:45;14680;AV OLIVEIRA PAIVA;RUA LIDIA BRIGIDO;;;;Colisão;;;;Cruz;Semáforo;Comercial;0;2;0;1;0;0;0;0;1;0;0;0;-38,484139;-3,796087
276479;13;2;2016;20:27;0;RUA ROMEU MARTINS;;;718;;Colisão;;;;Meio de Quadra;;;0;1;0;1;0;0;0;0;0;1;0;0;;
274700;13;2;2016;13:00;0;AV DOM LUIS;;;502;PRACA PORTUGAL;Colisão Lateral;Luz do Dia;;;Meio de Quadra;;;0;0;2;1;1;0;0;0;0;0;0;0;-38,497304;-3,733243
274696;13;2;2016;18:10;0;AV LUCIANO CARNEIRO;;;869;;Colisão Traseira;Anoitecer;;;Meio de Quadra;;;0;0;2;1;0;0;0;0;0;0;0;0;-38,534074;-3,756386
274697;13;2;2016;18:40;0;RUA ALM RUBIM;;;1505;;Colisão Lateral;;;;Meio de Quadra;;;0;0;2;1;0;0;0;0;0;0;0;0;;
274718;13;2;2016;14:05;12903;RUA BAR ARATANHA;RUA CARLOS GOMES;;;;Colisão Traseira;Luz do Dia;;;Cruz;Não Há Controle;Residencial;0;0;2;1;0;0;0;0;0;1;0;0;-38,52902;-3,740756
274713;13;2;2016;10:30;11307;TR IRACEMA;RUA CLOVIS METON;;;;Colisão Lateral;Luz do Dia;;;Cruz;Pare;Residencial;0;0;2;1;0;0;0;0;0;1;0;0;;
274725;13;2;2016;07:00;0;AV ALM BARROSO;;;701;;Colisão Transversal;Luz do Dia;;;Meio de Quadra;;;0;1;1;1;0;0;0;0;0;1;0;0;;
277379;13;2;2016;14:00;0;RD CE-040;;;;KM-05;Colisão;Luz do Dia;Bom;Seca;Meio de Quadra;;;0;0;2;1;0;0;0;0;0;0;0;0;-38,480331;-3,791613
277380;14;2;2016;12:00;0;RD CE-040;;;;KM-10;Colisão;Luz do Dia;Bom;Seca;Meio de Quadra;;;0;0;2;1;0;0;0;0;0;0;0;0;-38,482466;-3,834451
274726;14;2;2016;14:00;25902;RUA LUIS VIEIRA;RUA ECA DE QUEIROZ;;;;Choque c/ Obstáculo Fixo;Luz do Dia;Bom;Seca;Cruz;Pare;Comercial;0;0;1;1;0;0;0;0;0;0;0;0;;
274727;14;2;2016;01:30;15383;RUA ALMEIDA REGO;RUA FARIAS LEMOS;;;;Colisão Transversal;Via Iluminada;Bom;Seca;Cruz;Não Há Controle;Residencial;0;0;2;1;0;0;0;0;0;1;0;0;-38,494338;-3,81311
274728;14;2;2016;12:20;0;RUA JOSE HIPOLITO;;;1055;;Colisão Lateral;Luz do Dia;Bom;Seca;Meio de Quadra;;Residencial;0;2;1;1;0;0;0;0;0;1;0;0;-38,486819;-3,835359
274723;14;2;2016;07:00;25345;RUA PORTO VELHO;RUA VITORIA (AV. PERIMETRAL);;;;Colisão Transversal;Luz do Dia;Bom;Seca;Cruz;Semáforo;Residencial;0;2;1;0;1;0;0;0;0;0;0;0;-38,588528;-3,76517
274721;14;2;2016;08:00;12682;AV CEL CARVALHO;RUA DEP MATOSO FILHO;;;;Colisão Transversal;Luz do Dia;Bom;Seca;Cruz;Pare;Comercial;0;0;2;0;0;0;0;0;0;1;0;0;-38,58478;-3,729932
276492;14;2;2016;02:57;0;AV GAL OSORIO DE PAIVA;;;1844;;Queda;;;;Meio de Quadra;;;0;1;0;0;0;0;0;0;0;1;0;0;-38,578096;-3,782985
276493;14;2;2016;03:28;3010;RUA URUCUTUBA;RUA CEL VIRGILIO NOGUEIRA (BOM JARDIM);;;;Queda;;;;Cruz;Não Há Controle;Comercial;0;1;0;0;0;0;0;0;0;1;0;0;;
276495;14;2;2016;04:02;0;RUA DOM HELIO CAMPOS D21;;;501;;Atropelamento;;;;Meio de Quadra;;;0;1;0;0;0;0;0;0;0;1;0;0;-38,555555;-3,71341
276497;14;2;2016;04:15;0;AV HIS RAIMUNDO GIRAO;;;;;Colisão;;;;Meio de Quadra;;;0;1;0;1;0;0;0;0;0;1;0;0;;
276498;14;2;2016;06:31;0;RUA CANDIDO MAIA;;;294;FROTINHA ANT. BEZERRA;Queda;Luz do Dia;;;Meio de Quadra;;;0;1;0;0;0;0;0;0;0;1;0;0;;
276488;14;2;2016;02:17;0;RUA ANTONIO COSTA MENDES (PQ SÃO JOSÉ);;;1070;;Queda;;;;Meio de Quadra;;;0;1;0;0;0;0;0;0;0;1;0;0;;
276482;14;2;2016;01:25;0;RUA MARIA GOMES DE SA;;;1995;;Queda;;;;Meio de Quadra;;;0;1;0;0;0;0;0;0;0;1;0;0;-38,585504;-3,821552
276500;14;2;2016;06:58;0;ET DO FIO (MESSEJANA);;;1055;;Colisão;Luz do Dia;;;Meio de Quadra;;;0;1;0;1;0;0;0;0;0;1;0;0;;
276502;14;2;2016;09:32;0;AV OLIVEIRA PAIVA;;;2515;;Colisão;Luz do Dia;;;Meio de Quadra;;;0;1;0;1;0;0;0;0;0;1;0;0;-38,483995;-3,796073
276504;14;2;2016;10:22;10021;RUA BRAGANCA;RUA SOUSA CARVALHO;;;;Colisão;Luz do Dia;;;Cruz;;Residencial;0;2;0;1;0;0;0;0;0;1;0;0;-38,596732;-3,781357
276506;14;2;2016;10:53;0;RUA MIN ALBUQUERQUE LIMA;;;334;;Colisão;Luz do Dia;;;Meio de Quadra;;;0;1;0;0;0;0;0;0;0;1;0;0;-38,608182;-3,768247
276507;14;2;2016;10:59;0;RUA SGT BARBOSA;;;4114;;Queda;Luz do Dia;;;Meio de Quadra;;;0;1;0;0;0;1;0;0;0;0;0;0;;
276509;14;2;2016;11:58;0;AV BENJAMIM BRASIL;;;;;Colisão;Luz do Dia;;;Meio de Quadra;;;0;1;0;1;0;0;0;0;0;1;0;0;;
276510;14;2;2016;13:23;0;AV DR SILAS MUNGUBA;;;49;;Colisão;Luz do Dia;;;Meio de Quadra;;;0;1;0;1;0;0;0;0;0;1;0;0;;
276515;14;2;2016;17:40;0;RUA CAP BRASIL;;;651;;Colisão;Anoitecer;;;Meio de Quadra;;;0;1;0;1;0;0;0;0;0;1;0;0;-38,586326;-3,737567
276513;14;2;2016;17:25;98;AV MR HULL;RUA SALGADO FILHO;;;;Queda;Anoitecer;;;;;;0;3;0;0;0;0;0;0;0;1;0;0;-38,59534;-3,740213