COD_ACIDENTE;DIA;MES;ANO;HORA;INTERSECAO;LOG1;LOG2;LOG3;NUMERO;REFERENCIA;NATUREZA;ILUMINACAO;TEMPO;SUPERFICIEPISTA;TIPOCRUZAMENTO;CONTROLETRAFEGO;USOSOLO;MORTOS;FERIDOS;ILESOS;AUTOMOVEL;ONIBUS;BICICLETA;CAMINHAO;MICROONIBUS;CICLOMOTOR;MOTOCICLETA;TRACAOANIMAL;TREM;LONG;LAT
274774;14;2;2016;06:00;0;AV PRS JUSCELINO KUBITSCHEK (PASSARÉ);;;356;;Colisão Lateral;Luz do Dia;Bom;Seca;Meio de Quadra;Não Há Controle;Comercial;0;1;1;0;1;0;0;1;0;0;0;0;;
274775;14;2;2016;20:00;15125;RUA ILDEFONSO ALBANO;RUA DR ATUALPA BARBOSA LIMA (P. IRACEMA);;;;Colisão Lateral;Luz do Dia;Bom;Seca;Cruz;Pare;Residencial;0;0;2;1;0;0;0;0;0;0;0;0;-38,510128;-3,723503
274772;14;2;2016;09:00;0;AV PRS COSTA E SILVA;;;896;;Colisão Transversal;Luz do Dia;;Seca;Meio de Quadra;Semáforo;;0;1;1;1;0;0;0;0;0;1;0;0;-38,571243;-3,812958
274770;14;2;2016;21:50;0;RUA MON CATAO;;;157;;Colisão Lateral;Via Iluminada;Bom;Seca;Meio de Quadra;Não Há Controle;Comercial;0;0;3;1;1;0;0;0;0;0;0;0;-38,489838;-3,73649
274768;14;2;2016;19:54;5030;AV ALM BARROSO;RUA ALM JACEGUAI;;;;Colisão Traseira;;Bom;Seca;T;Semáforo;Comercial;0;0;2;1;0;0;0;0;0;0;0;0;-38,519363;-3,720749
274786;14;2;2016;18:40;0;RUA OSCAR FRANCA;;;1480;;Colisão Traseira;Via Iluminada;Nublado;Seca;Meio de Quadra;Não Há Controle;Residencial;0;1;1;1;0;0;0;0;0;0;0;0;-38,604748;-3,790228
274788;14;2;2016;08:00;24296;RUA ANA BILHAR;RUA DELMIRO GOUVEIA;;;;Colisão Lateral;Luz do Dia;Bom;Seca;Cruz;Outros;Comercial;0;0;2;1;0;0;1;0;0;0;0;0;-38,488283;-3,731542
274734;14;2;2016;08:16;24289;RUA JULIO ABREU;RUA 8 DE SETEMBRO;;;;Colisão Frontal;Luz do Dia;Bom;Seca;Cruz;Gesto;Comercial;0;1;1;1;0;1;0;0;0;0;0;0;-38,487006;-3,735884
274732;14;2;2016;23:52;111;RUA CAP BRASIL;RUA DR CATUNDA GONDIM;;;;Colisão;Via Iluminada;Bom;Seca;T;Pare;Comercial;0;1;1;0;1;1;0;0;0;0;0;0;-38,586326;-3,737649
274736;14;2;2016;16:00;1510;AV JULIO VENTURA;RUA JOSE VILAR;;;;Colisão Frontal;Luz do Dia;Bom;Seca;Cruz;Semáforo;Comercial;0;1;2;0;0;0;0;0;0;1;0;0;-38,506014;-3,739985
274742;14;2;2016;10:45;12440;AV AUGUSTO DOS ANJOS;RUA ARARIPE PRATA;;;;Colisão Traseira;Luz do Dia;Bom;Seca;Cruz;Pare;Comercial;0;0;2;0;0;0;0;0;0;1;0;0;-38,571749;-3,771936
274748;14;2;2016;10:30;183;RUA DEMETRIO MENEZES;AV SGT HERMINIO SAMPAIO;;;;Colisão Traseira;Luz do Dia;Bom;Seca;Cruz;Semáforo;Comercial;0;0;2;1;0;0;0;0;0;0;0;0;-38,584316;-3,733867
274749;14;2;2016;10:30;25923;RUA VITAL BRASIL;AV H CJ CEARA;;;;Colisão Transversal;Luz do Dia;Bom;Seca;Cruz;Pare;Comercial;0;0;2;1;0;0;0;0;0;0;0;0;-38,60712;-3,775373
274750;14;2;2016;06:00;0;AV DR SILAS MUNGUBA;;;;;Choque c/ Obstáculo Fixo;Luz do Dia;Bom;Seca;Meio de Quadra;Outros;Comercial;0;1;0;1;0;0;0;0;0;0;0;0;;
274762;14;2;2016;09:00;1378;RUA DES LEITE ALBUQUERQUE;RUA OSVALDO CRUZ (ALDEOTA);;;;Colisão Transversal;Luz do Dia;Bom;Seca;Cruz;Pare;Comercial;0;0;2;1;0;0;0;0;0;0;0;0;-38,50064;-3,736598
274764;14;2;2016;21:10;5331;RUA GONCALVES LEDO;AV SANTOS DUMONT;;;;Colisão Transversal;Via Iluminada;Bom;Seca;Cruz;Pare;Comercial;0;0;2;1;0;0;0;0;0;0;0;0;-38,515848;-3,730535
274746;14;2;2016;08:59;12758;RUA DELMIRO FARIAS;RUA JULIO CESAR D12;;;;Colisão Transversal;Luz do Dia;Bom;Seca;Cruz;Pare;Residencial;0;0;2;1;0;0;0;0;0;0;0;0;-38,54507;-3,752508
274752;14;2;2016;09:50;0;RUA ELISEU ORIA;;;;;Colisão Lateral;Luz do Dia;Bom;Seca;Meio de Quadra;;Residencial;0;0;2;1;0;0;0;0;0;0;0;0;;
274729;14;2;2016;17:00;10427;RUA ALVES BATISTA;RUA 30 DE MAIO D73;;;;Colisão Transversal;Anoitecer;;Seca;Cruz;Não Há Controle;Residencial;0;1;1;1;0;0;0;0;0;1;0;0;-38,601748;-3,762797
274730;14;2;2016;14:30;25467;AV BENJAMIM BRASIL;RUA LEON GRADVOHL;;;;Colisão Lateral;Luz do Dia;;Seca;T;Não Há Controle;Comercial;0;1;1;0;1;0;0;0;0;1;0;0;-38,569567;-3,804034
274861;14;2;2016;09:30;3883;AV DOS EXPEDICIONARIOS;RUA COSTA SOUZA;;;;Colisão Transversal;Luz do Dia;Bom;Seca;Cruz;Pare;Comercial;0;0;2;1;0;0;0;0;0;0;0;0;-38,535932;-3,747745
281601;14;2;2016;04:53;9031;RUA JAIME BENEVOLO;RUA PDE ROMA;;;;Colisão;;;;Cruz;Pare;Residencial;0;0;2;0;0;0;0;0;0;0;0;0;-38,529716;-3,74509
281605;14;2;2016;08:28;24913;AV MOZART PINHEIRO DE LUCENA;AV DA INDEPENDENCIA;;;;;Luz do Dia;;;Cruz;Semáforo Intermitente;Misto;0;0;2;0;0;0;0;0;0;0;0;0;-38,597615;-3,724957
281606;14;2;2016;08:51;18320;AV HIS RAIMUNDO GIRAO;RUA ARARIUS;;;;Colisão;Luz do Dia;;;Cruz;Semáforo;Residencial;0;0;2;0;0;0;0;0;0;0;0;0;-38,513581;-3,720447
281607;14;2;2016;09:05;0;AV DA INDEPENDENCIA;;;973;;;Luz do Dia;;;Meio de Quadra;;;0;0;2;0;0;0;0;0;0;0;0;0;-38,589387;-3,727361
281608;14;2;2016;12:31;19179;AV SANTOS DUMONT;RUA JULIO AZEVEDO;;;;Colisão;Luz do Dia;;;;Não Há Controle;Comercial;0;0;2;0;0;0;0;0;0;0;0;0;-38,481471;-3,741662
281603;14;2;2016;06:59;0;AV PRO JOSE ARTHUR CARVALHO;;;1633;;Colisão;Luz do Dia;;;Meio de Quadra;;;0;0;2;0;0;0;0;0;0;0;0;0;-38,46497;-3,826258
281610;14;2;2016;12:46;0;AV MON AMARILIO RODRIGUES;;;;;Choque c/ Obstáculo Fixo;Luz do Dia;;;Meio de Quadra;;;0;0;2;0;0;0;0;0;0;0;0;0;;
281612;14;2;2016;13:18;0;RUA PLACIDO CARVALHO;;;245;;;Luz do Dia;;;Meio de Quadra;;;0;0;2;0;0;0;0;0;0;0;0;0;-38,555538;-3,720603
281614;14;2;2016;14:53;0;RUA AUZIR SAMPAIO;;;266;;Colisão;Luz do Dia;;;Meio de Quadra;;;0;0;2;0;0;0;0;0;0;0;0;0;-38,571357;-3,727087
281616;14;2;2016;15:14;0;AV OLIVEIRA PAIVA;;;25;;Colisão;Luz do Dia;;;Meio de Quadra;;;0;0;2;0;0;0;0;0;0;0;0;0;;
281617;14;2;2016;16:04;0;AV OLIVEIRA PAIVA;;;2515;;Colisão;Luz do Dia;;;Meio de Quadra;;;0;0;2;0;0;0;0;0;0;0;0;0;-38,483995;-3,796073
281625;14;2;2016;16:06;0;AV RAD JOSE LIMA VERDE;;;540;;Colisão;Luz do Dia;;;Meio de Quadra;;;0;0;2;0;0;0;0;0;0;0;0;0;-38,586407;-3,696343
281630;14;2;2016;18:37;0;AV AGUANAMBI;;;;;Atropelamento;;;;Meio de Quadra;;;0;1;1;0;0;0;0;0;0;0;0;0;;
281641;15;2;2016;05:06;0;RUA DOM EXPEDITO LOPES;;;1956;;Colisão;Amanhecer;;;Meio de Quadra;;;0;0;2;0;0;0;0;0;0;0;0;0;-38,507778;-3,742942
281646;15;2;2016;07:09;0;AV LINEU MACHADO;;;908;;Colisão;Luz do Dia;;;Meio de Quadra;;;0;0;2;0;0;0;0;0;0;0;0;0;-38,577883;-3,767764
281655;15;2;2016;07:16;0;AV PERIMETRAL;;;760;TERMINAL ANTONIO BEZERRA;Colisão;Luz do Dia;;;Meio de Quadra;;;0;0;2;0;0;0;0;0;0;0;0;0;;
281657;15;2;2016;07:34;0;AV EDILSON B SOARES;;;1160;;Colisão;Luz do Dia;;;Meio de Quadra;;;0;0;2;0;0;0;0;0;0;0;0;0;-38,475831;-3,789045
281666;15;2;2016;10:57;7774;AV ANTONIO SALES;RUA JOAQUIM NABUCO;;;;Colisão;Luz do Dia;;;Cruz;;Comercial;0;0;2;0;0;0;0;0;0;0;0;0;-38,504371;-3,744832
281669;15;2;2016;11:00;0;AV AUGUSTO DOS ANJOS;;;2160;;Colisão;Luz do Dia;;;Meio de Quadra;;;0;0;2;0;0;0;0;0;0;0;0;0;-38,583173;-3,784798
281673;15;2;2016;14:09;0;AV DR SILAS MUNGUBA;;;5571;IGREJA CANAÃ;Colisão;Luz do Dia;;;Meio de Quadra;;;0;0;2;0;0;0;0;0;0;0;0;0;-38,529978;-3,801262
281675;15;2;2016;15:37;0;AV MON TABOSA;;;1381;IDEAL CLUBE;Colisão;Luz do Dia;;;Meio de Quadra;;;0;0;2;0;0;0;0;0;0;0;0;0;-38,505778;-3,724437
281677;15;2;2016;15:58;17429;RUA RAUL CABRAL;RUA MIMOSA;;;;Colisão;Luz do Dia;;;Cruz;Pare;Residencial;0;0;2;0;0;0;0;0;0;0;0;0;-38,545143;-3,76862
281678;15;2;2016;17:00;0;AV PRS JUSCELINO KUBITSCHEK (PASSARÉ);;;;ROTATÓRIA CASTELÃO;Colisão;Anoitecer;;;Meio de Quadra;;;0;0;2;0;0;0;0;0;0;0;0;0;;
281681;15;2;2016;17:30;25065;RUA JULIO DA SILVEIRA;AV DOS EXPEDICIONARIOS;;;;Colisão;Anoitecer;;;Cruz;Pare;Misto;0;0;2;0;0;0;0;0;0;0;0;0;-38,539181;-3,758331
281683;15;2;2016;17:32;8698;RUA RANGEL PESTANA;AV ENG LEAL LIMA VERDE (SAPIRANGA/COITE);;;;Colisão;Anoitecer;;;;;;0;0;2;0;0;0;0;0;0;0;0;0;-38,476147;-3,790357
277608;15;2;2016;14:25;3057;RUA MARIA QUINTELA;RUA VERBENA;;;;Colisão;Luz do Dia;;;Cruz;Não Há Controle;Residencial;0;0;2;0;0;0;0;1;0;0;0;0;-38,587908;-3,7755
277891;15;2;2016;16:25;0;RUA TIBURCIO PEREIRA;;;;;Colisão;Luz do Dia;;;Meio de Quadra;;;0;0;2;1;0;0;0;0;0;0;0;0;;
274874;15;2;2016;05:40;19081;RUA DES WALDETARIO P MOTA;RUA EDUARDO SABOIA;;;;Colisão Transversal;Amanhecer;;;Cruz;Pare;Comercial;0;0;2;1;0;0;0;0;0;1;0;0;-38,480948;-3,737338
274875;15;2;2016;14:30;3820;AV CARAPINIMA;AV 13 DE MAIO;;;;Colisão Transversal;Luz do Dia;;;Cruz;Semáforo;Comercial;0;1;1;1;0;0;0;0;0;0;0;0;-38,540239;-3,740001
274871;15;2;2016;17:00;0;AV DOLOR BARREIRA;;;510;;Outros;Anoitecer;;;Meio de Quadra;;;0;1;1;0;1;1;0;0;0;0;0;0;-38,472565;-3,729376
274872;15;2;2016;09:50;1737;RUA CAP ARAGAO;RUA ALECRIN;;;;Colisão Transversal;Luz do Dia;;;Cruz;Pare;Misto;0;0;2;1;0;0;0;0;0;0;0;0;-38,509505;-3,764185
274879;15;2;2016;12:10;26251;AV AMERICO BARREIRA;RUA CEARA;;;;Colisão Transversal;Luz do Dia;;;;;;0;1;1;0;0;0;0;0;0;1;0;0;;
274880;15;2;2016;09:20;0;AV ALM HENRIQUE SABOIA;;;3485;;Colisão Lateral;Luz do Dia;;;Meio de Quadra;;;0;0;2;1;1;0;0;0;0;0;0;0;;
274882;15;2;2016;08:00;0;RUA ILDEFONSO ALBANO;;;1029;;Colisão Lateral;Luz do Dia;;;Meio de Quadra;;;0;0;2;1;0;0;0;0;0;0;0;0;-38,512202;-3,730056
274883;15;2;2016;11:00;22159;AV JOSE BASTOS;RUA PRO COSTA MENDES;;;;Colisão Traseira;Luz do Dia;;;Cruz;Pare;Comercial;0;0;2;1;0;0;0;0;0;1;0;0;-38,551247;-3,750784
274885;15;2;2016;12:10;12065;AV MON AMARILIO RODRIGUES;RUA 212 CJ SAO CRISTOVAO;;;;Colisão Transversal;Luz do Dia;;;;;;0;0;2;1;0;0;0;0;0;0;0;0;-38,523677;-3,835137
274887;15;2;2016;12:45;15849;RUA INACIO ORIA;RUA MANUEL CASTELO BRANCO;;;;Colisão Lateral;Luz do Dia;;;;;;0;0;2;1;0;0;0;0;0;0;0;0;-38,484544;-3,83355
276580;15;2;2016;17:52;0;AV MR HULL;;;3835;COLÉGIO DA POLÍCIA MILITAR;Colisão;Anoitecer;;;Meio de Quadra;;;0;1;0;0;0;0;0;0;0;0;0;0;-38,578514;-3,737822
276582;15;2;2016;18:49;0;RUA CON DE CASTRO;;;1378;ESTACAO DA VILA PERY;Colisão;;;;Meio de Quadra;;;0;1;0;0;0;0;0;0;0;0;0;0;-38,572336;-3,783814
276584;15;2;2016;19:45;12685;AV CEL CARVALHO;AV DA INDEPENDENCIA;;;;Colisão;;;;Cruz;Semáforo;Comercial;0;1;0;1;0;1;0;0;0;0;0;0;-38,584952;-3,728711
276586;15;2;2016;20:39;0;AV CASTELO DE CASTRO;;;;;Queda;;;;Meio de Quadra;;;0;1;0;0;0;0;0;0;0;1;0;0;;
276588;15;2;2016;21:38;0;AV BEZERRA DE MENEZES;;;571;ASSAI;Queda;;;;Meio de Quadra;;;0;1;0;0;0;0;0;0;0;1;0;0;-38,541187;-3,730806
276592;15;2;2016;22:38;3903;AV DA UNIVERSIDADE;AV JOAO PESSOA;;;;Queda;;;;;;;0;1;0;0;0;0;0;0;0;1;0;0;-38,543442;-3,745741
276593;15;2;2016;22:44;0;AV SANTOS DUMONT;;;6910;;Colisão;;;;Meio de Quadra;;;0;1;0;1;0;0;0;0;0;1;0;0;-38,471424;-3,744921
276590;15;2;2016;22:36;13257;AV I CJ JOSE WALTER;AV F CJ JOSE WALTER;;;;Queda;;;;Cruz;Pare;Rural;0;1;0;0;0;0;0;0;0;1;0;0;-38,554243;-3,836727
274753;15;2;2016;14:30;0;RUA VIS MAUA;;;;;Colisão Lateral;Luz do Dia;;;Meio de Quadra;;;0;0;2;1;0;0;1;0;0;0;0;0;;
274757;15;2;2016;12:40;0;AV ANTONIO SALES;;;598;;Colisão Transversal;Luz do Dia;;;Meio de Quadra;;;0;0;2;1;1;0;0;0;0;0;0;0;-38,516349;-3,741118
274758;15;2;2016;13:13;14369;RUA DEMOSTENES CARVALHO;RUA DR ATUALPA (V. ELERY);;;;Colisão Frontal;Luz do Dia;;;;;;0;1;1;0;1;0;0;0;0;1;0;0;-38,560019;-3,722499
274759;15;2;2016;17:30;20212;AV PRS JUSCELINO KUBITSCHEK (PASSARÉ);RUA SAO TOMAZ DE AQUINO;;;;Colisão Transversal;Anoitecer;;;Cruz;Outros;Residencial;0;1;1;1;0;0;0;0;1;0;0;0;-38,529791;-3,813772
274760;15;2;2016;07:30;0;RUA SEN POMPEU;;;2874;;Colisão Transversal;Luz do Dia;;;Meio de Quadra;;;0;0;2;1;0;0;0;0;0;0;0;0;-38,534761;-3,743865
274761;15;2;2016;09:00;0;RUA RIO GRANDE DO SUL;;;2180;;Colisão Traseira;Luz do Dia;;;Meio de Quadra;;;0;0;2;1;0;0;0;0;0;0;0;0;-38,5719;-3,76705
274765;15;2;2016;15:20;2523;AV FRANCISCO SA;RUA TULIPA;;;;Colisão Transversal;Luz do Dia;;;T;Pare;Comercial;0;1;1;0;0;0;0;0;0;1;0;0;-38,577954;-3,710359
274766;15;2;2016;16:15;0;AV VIS RIO BRANCO;;;3151;;Colisão Traseira;Luz do Dia;;;Meio de Quadra;;;0;0;2;1;0;0;0;0;0;0;0;0;-38,521461;-3,748645
274767;15;2;2016;00:45;25203;AV MAJ ASSIS;RUA L CJ VILA VELHA;;;;Colisão Transversal;;;;Cruz;Não Há Controle;Residencial;0;1;1;1;0;0;0;0;0;1;0;0;;
274763;15;2;2016;09:40;19271;AV GAL OSORIO DE PAIVA;RUA CAIO PRADO;;;;Colisão Lateral;Luz do Dia;;;Cruz;Pare;Comercial;0;1;1;0;0;0;0;1;0;1;0;0;-38,563447;-3,77319
274755;15;2;2016;10:00;0;RUA TAQUATIARA;;;;TERMINAL DE MESSEJANA;Colisão Transversal;Luz do Dia;;;Meio de Quadra;;;0;0;2;1;0;0;0;0;0;0;0;0;;
274751;15;2;2016;13:30;10998;RUA ALBERTO MAGNO;RUA DOM CARLOTO TAVORA;;;;Colisão Transversal;Luz do Dia;;;Cruz;Pare;Residencial;0;1;1;1;0;0;0;0;0;1;0;0;-38,553495;-3,770832
274802;15;2;2016;07:00;9174;AV 13 DE MAIO;RUA DEP OSWALDO STUDART;;;;Tombamento;Luz do Dia;;;;;;0;2;0;0;0;0;0;0;0;1;0;0;-38,526507;-3,751738
274769;15;2;2016;13:00;1527;RUA OSVALDO CRUZ (ALDEOTA);RUA CAROLINA SUCUPIRA;;;;Colisão Transversal;Luz do Dia;;;Cruz;Pare;Misto;0;0;2;1;0;0;0;0;0;0;0;0;-38,501914;-3,740552
274807;15;2;2016;07:05;3336;RUA VIRIATO RIBEIRO;RUA RIO GRANDE DO SUL;;;;Colisão Traseira;Luz do Dia;;;Cruz;Pare;Residencial;0;0;2;1;0;0;0;0;0;0;0;0;-38,561355;-3,750184
274808;15;2;2016;09:25;22158;AV JOSE BASTOS;RUA GUSTAVO BRAGA;;;;Colisão Lateral;Luz do Dia;;;T;Não Há Controle;Comercial;0;2;1;1;0;0;0;0;0;1;0;0;-38,551989;-3,751535
274810;15;2;2016;18:40;0;AV AGUANAMBI;;;1370;;Colisão Traseira;;;;Meio de Quadra;;;0;0;2;1;0;0;0;0;0;1;0;0;-38,524083;-3,748559
274815;15;2;2016;13:30;839;AV GOV RAUL BARBOSA;RUA MAJ JOSE ARAUJO AGUIAR;;;;Colisão Frontal;Luz do Dia;;;T;Pare;Comercial;0;1;1;1;0;0;0;0;1;0;0;0;-38,51302;-3,775451
274818;15;2;2016;14:35;1712;RUA CAP OLAVO;RUA DJALMA PETIT;;;;Colisão Transversal;Luz do Dia;;;Cruz;Pare;Residencial;0;1;1;0;0;0;0;0;0;1;0;0;-38,515806;-3,766206
274819;15;2;2016;12:00;0;AV GAL OSORIO DE PAIVA;;;;;Colisão Traseira;Luz do Dia;;;Meio de Quadra;;;0;0;2;1;0;0;0;0;0;0;0;0;;
274827;15;2;2016;18:45;6738;RUA DES WALDETARIO P MOTA;RUA VILEBALDO AGUIAR;;;;Colisão Transversal;;;;Cruz;Pare;Residencial;0;0;2;1;0;0;0;0;0;0;0;0;-38,483787;-3,741853
274833;15;2;2016;07:00;5122;AV IMPERADOR;RUA SAO PAULO;;;;Colisão Transversal;Luz do Dia;;;Cruz;Semáforo;Comercial;0;3;0;0;0;0;0;0;0;1;0;0;-38,533522;-3,724049
274835;15;2;2016;08:10;23342;RUA TIBURCIO CAVALCANTE;RUA EDUARDO BEZERRA;;;;Colisão Transversal;Luz do Dia;;;Cruz;Pare;Residencial;0;1;2;1;0;0;0;0;0;1;0;0;-38,508145;-3,753329
274839;15;2;2016;15:45;3788;RUA PDE FRANCISCO PINTO;RUA WALDERY UCHOA;;;;Colisão Transversal;Luz do Dia;;;Cruz;Pare;Residencial;0;0;2;1;0;0;0;0;0;0;0;0;-38,539138;-3,744299
276519;15;2;2016;01:03;0;AV N CJ JOSE WALTER;;;;;Queda;;;;Meio de Quadra;;;0;1;0;0;0;0;0;0;0;1;0;0;;
276521;15;2;2016;01:19;0;RUA CEL VIRGILIO NOGUEIRA (BOM JARDIM);;;;;Colisão;;;;Meio de Quadra;;;0;1;0;1;0;0;0;0;0;1;0;0;;
276524;15;2;2016;01:23;0;RUA UM (MONDUBIM);;;330;;Colisão;;;;Meio de Quadra;;;0;1;0;1;0;0;0;0;0;1;0;0;;
276535;15;2;2016;02:20;0;RUA PIAUI;;;1110;MERCANTIL PINHEIRO;Colisão;;;;Meio de Quadra;;;0;1;0;0;0;0;0;0;0;0;0;0;-38,569157;-3,755163
276526;15;2;2016;01:44;0;RUA DEMETRIO MENEZES;;;462;;Queda;;;;Meio de Quadra;;;0;1;0;0;0;0;0;0;0;1;0;0;;
276527;15;2;2016;01:47;0;AV JOVITA FEITOSA;;;591;;Colisão;;;;Meio de Quadra;;;0;1;0;1;0;0;0;0;0;1;0;0;-38,549263;-3,738371
276529;15;2;2016;02:02;0;RUA AMADEU FURTADO;;;110;;Colisão;;;;Meio de Quadra;;;0;1;0;1;0;0;0;0;0;1;0;0;-38,563888;-3,736492
276553;15;2;2016;07:50;0;AV ENG HUMBERTO MONTE;;;1010;;Colisão;Luz do Dia;;;Meio de Quadra;;;0;1;0;0;0;0;0;0;0;1;0;0;-38,55974;-3,750099
276531;15;2;2016;02:11;26118;AV ALM MAXIMIANO DA FONSECA;RUA JOSE B PARENTE D59;;;;Colisão;;;;T;Pare;Residencial;0;1;0;1;0;0;0;0;0;1;0;0;-38,4851;-3,771301
276551;15;2;2016;07:28;0;AV GAL OSORIO DE PAIVA;;;2261;;Colisão;Luz do Dia;;;Meio de Quadra;;;0;1;0;0;0;0;1;0;0;1;0;0;-38,582007;-3,785458
276547;15;2;2016;06:11;0;AV D CJ JOSE WALTER;;;331;;Queda;Luz do Dia;;;Meio de Quadra;;;0;1;0;0;0;0;0;0;0;1;0;0;-38,556009;-3,831541
276548;15;2;2016;06:17;0;RUA VALPARAISO;;;147;;Colisão;Luz do Dia;;;Meio de Quadra;;;0;1;0;1;0;0;0;0;0;1;0;0;-38,521854;-3,846227
276545;15;2;2016;05:35;5448;RUA BAR ARATANHA;RUA METON DE ALENCAR;;;;Colisão;Amanhecer;;;Cruz;Pare;Comercial;0;1;0;1;0;0;0;0;0;1;0;0;-38,527028;-3,734847
276542;15;2;2016;05:11;0;AV 13 DE MAIO;;;2358;REITORIA;Atropelamento;Amanhecer;;;Meio de Quadra;;;0;1;0;0;0;0;0;0;0;1;0;0;-38,539082;-3,740984
276537;15;2;2016;02:45;0;RUA CON DE CASTRO;;;862;;Colisão;;;;Meio de Quadra;;;0;1;0;0;0;0;0;0;0;0;0;0;-38,569634;-3,780882
276539;15;2;2016;03:07;23342;RUA EDUARDO BEZERRA;RUA TIBURCIO CAVALCANTE;;;;Colisão;;;;Cruz;Pare;Residencial;0;1;0;1;0;0;0;0;0;1;0;0;-38,508145;-3,753329
276540;15;2;2016;03:29;0;AV JOAO PESSOA;;;6754;;Colisão;;;;Meio de Quadra;;;0;1;0;1;0;0;0;0;0;1;0;0;-38,560524;-3,768965
276516;15;2;2016;00:58;0;RUA QUINZE (CANINDEZINHO);;;;;Atropelamento;;;;Meio de Quadra;;;0;1;0;1;0;0;0;0;0;0;0;0;;
276569;15;2;2016;12:46;0;RUA STA RITA;;;110;;Queda;Luz do Dia;;;Meio de Quadra;;;0;1;0;0;0;1;0;0;0;0;0;0;;
276576;15;2;2016;17:17;0;AV ODILON GUIMARAES;;;4577;;Colisão;Anoitecer;;;Meio de Quadra;;;0;1;0;1;0;0;0;0;0;1;0;0;-38,461688;-3,808073
276577;15;2;2016;17:45;19809;RUA PRO LINO ENCARNACAO;RUA PDE GUERRA;;;;Colisão;Anoitecer;;;Cruz;Pare;Residencial;0;1;0;0;0;0;0;0;0;1;0;0;-38,56098;-3,739571
276579;15;2;2016;17:47;0;RUA DR ATUALPA BARBOSA LIMA (P. IRACEMA);;;125;;Atropelamento;Anoitecer;;;Meio de Quadra;;;0;1;1;1;0;0;0;0;0;0;0;0;;
276556;15;2;2016;07:53;0;AV ABOLICAO;;;2066;;Atropelamento;Luz do Dia;;;Meio de Quadra;;;0;1;0;1;0;0;0;0;0;0;0;0;-38,500462;-3,725725
276571;15;2;2016;13:30;0;TR CAP ARAGAO;;;630;;Atropelamento;Luz do Dia;;;Meio de Quadra;;;0;1;0;0;0;0;0;0;0;1;0;0;;
276572;15;2;2016;14:36;0;AV DOLOR BARREIRA;;;510;;Colisão;Luz do Dia;;;Meio de Quadra;;;0;1;0;0;0;0;0;0;0;0;0;0;-38,472565;-3,729376
276573;15;2;2016;14:43;0;AV PRS JUSCELINO KUBITSCHEK (PASSARÉ);;;3600;;Colisão;Luz do Dia;;;Meio de Quadra;;;0;1;0;1;0;0;0;0;0;1;0;0;-38,529743;-3,813706
276574;15;2;2016;15:29;12745;RUA JULIO CESAR D12;RUA ANA NERY;;;;Colisão;Luz do Dia;;;Cruz;Pare;Misto;0;1;0;0;0;0;0;0;0;0;0;0;-38,544349;-3,751712
276558;15;2;2016;08:01;0;AV LUCIANO CARNEIRO;;;2560;;Colisão;Luz do Dia;;;Meio de Quadra;;;0;1;0;1;0;0;0;0;0;1;0;0;-38,538472;-3,770763
276559;15;2;2016;08:30;0;RUA ALBERTO MAGNO;;;688;;Colisão;Luz do Dia;;;Meio de Quadra;;;0;1;0;1;0;0;0;0;0;0;0;0;-38,547093;-3,761569
276560;15;2;2016;09:18;0;RUA DEMOSTENES CARVALHO;;;396;;Colisão;Luz do Dia;;;Meio de Quadra;;;0;1;0;1;0;0;0;0;0;1;0;0;;
276561;15;2;2016;10:28;0;RUA OSCAR ARARIPE;;;907;;Colisão;Luz do Dia;;;Meio de Quadra;;;0;1;0;0;0;0;0;0;0;1;0;0;;
276562;15;2;2016;11:56;0;AV AUGUSTO DOS ANJOS;;;1599;;Colisão;Luz do Dia;;;Meio de Quadra;;;0;1;0;1;0;0;0;0;0;1;0;0;-38,57946;-3,780508
276563;15;2;2016;12:13;0;AV FRANCISCO SA;;;5928;;Colisão;Luz do Dia;;;Meio de Quadra;;;0;1;0;1;0;0;0;0;0;1;0;0;-38,57776;-3,710423
279790;15;2;2016;15:25;25343;AV AUGUSTO DOS ANJOS;RUA NEREU RAMOS;;;;Colisão;Luz do Dia;;;Cruz;Semáforo;Comercial;0;0;2;0;0;0;0;0;0;0;0;0;-38,579407;-3,780445
279793;15;2;2016;15:56;0;AV GAL OSORIO DE PAIVA;;;;;Colisão;Luz do Dia;;;Meio de Quadra;;;0;0;2;0;1;0;0;0;0;0;0;0;;
279796;15;2;2016;17:14;24113;AV DOLOR BARREIRA;RUA DA FEDERACAO;;;;Colisão;Anoitecer;;;;;;0;1;1;0;1;1;0;0;0;0;0;0;-38,472429;-3,729661
279797;15;2;2016;17:16;12745;RUA ANA NERY;RUA JULIO CESAR D12;;;;Colisão;Anoitecer;;;Cruz;Pare;Misto;0;0;2;0;0;0;0;0;0;0;0;0;-38,544349;-3,751712
279778;15;2;2016;12:41;0;AV GAL OSORIO DE PAIVA;;;;;Colisão;Luz do Dia;;;Meio de Quadra;;;0;0;3;0;0;0;0;0;0;0;0;0;;
279763;15;2;2016;07:01;25307;AV JOSE LEON;AV DES GONZAGA;;;;Colisão;Luz do Dia;;;Outros;Não Há Controle;Misto;0;0;2;0;0;0;0;0;0;0;0;0;-38,504513;-3,78708
279764;15;2;2016;07:49;0;RUA PIAUI;;;1330;;Colisão;Luz do Dia;;;Meio de Quadra;;;0;0;1;0;0;0;0;0;0;0;0;0;-38,57064;-3,754009