COD_ACIDENTE;DIA;MES;ANO;HORA;INTERSECAO;LOG1;LOG2;LOG3;NUMERO;REFERENCIA;NATUREZA;ILUMINACAO;TEMPO;SUPERFICIEPISTA;TIPOCRUZAMENTO;CONTROLETRAFEGO;USOSOLO;MORTOS;FERIDOS;ILESOS;AUTOMOVEL;ONIBUS;BICICLETA;CAMINHAO;MICROONIBUS;CICLOMOTOR;MOTOCICLETA;TRACAOANIMAL;TREM;LONG;LAT
279765;15;2;2016;08:29;12479;AV AUGUSTO DOS ANJOS;RUA PERDIGAO DE OLIVEIRA;;;;Colisão;Luz do Dia;;;Cruz;Semáforo;Comercial;0;0;2;0;1;0;0;0;0;0;0;0;-38,574712;-3,775131
279769;15;2;2016;10:23;0;AV PRS COSTA E SILVA;;;;;;Luz do Dia;;;Meio de Quadra;;;0;0;2;1;0;0;0;0;0;0;0;0;;
279773;15;2;2016;12:15;4080;RUA CEARA;AV JOSE BASTOS;;;;Colisão;Luz do Dia;;;Cruz;Pare;;0;0;2;0;0;0;0;0;0;0;0;0;-38,564112;-3,760008
279799;15;2;2016;17:33;7957;AV PONTES VIEIRA;AV BAR STUDART;;;;Colisão;Anoitecer;;;T;Semáforo;Comercial;0;0;2;1;0;0;0;0;0;0;0;0;-38,512361;-3,75259
277381;15;2;2016;19:00;0;RD CE-040;;;;KM-12;Colisão;Via Iluminada;Bom;Seca;Meio de Quadra;;;0;0;2;0;0;0;0;0;0;0;0;0;-38,47607;-3,849626
277420;15;2;2016;00:00;0;AV GAL OSORIO DE PAIVA;;;;;Colisão;;;;Meio de Quadra;;;0;0;2;1;0;0;1;0;0;0;0;0;;
278104;15;2;2016;17:30;15821;RUA ANGELICA GURGEL;AV JOR THOMAZ COELHO;;;;Colisão;Anoitecer;;;T;Pare;Comercial;0;0;2;1;1;0;0;0;0;0;0;0;-38,499058;-3,8324
278106;16;2;2016;08:34;0;AV ANTONIO SALES;;;;;Colisão;Luz do Dia;;;Meio de Quadra;;;0;0;2;1;0;0;0;0;0;0;0;0;;
278112;16;2;2016;17:22;0;RUA CARLOS AMORA;;;;;Colisão;Anoitecer;;;Meio de Quadra;;;0;0;2;1;0;0;1;0;0;0;0;0;;
278109;16;2;2016;16:39;0;AV MON TABOSA;;;;;Colisão;Luz do Dia;;;Meio de Quadra;;;0;0;2;1;0;0;0;0;0;0;0;0;;
277454;16;2;2016;17:40;0;RD CE-040;;;;KM-10;Colisão;Anoitecer;Bom;Seca;Meio de Quadra;;;0;0;2;1;0;0;1;0;0;0;0;0;-38,482466;-3,834451
277382;16;2;2016;18:00;0;AV SEN CARLOS JEREISSATI (AEROPORTO);;;;KM 03;Colisão;Anoitecer;Bom;Seca;Meio de Quadra;;;0;0;2;1;0;0;1;0;0;0;0;0;-38,544038;-3,779641
279667;16;2;2016;18:58;0;AV GAL OSORIO DE PAIVA;;;7530;;Colisão;;;;Meio de Quadra;;;0;0;2;0;0;0;0;0;0;0;0;0;-38,614823;-3,817881
279673;16;2;2016;21:32;25814;RUA JORGE ACURCIO;RUA 13 DE ABRIL;;;;Colisão;;;;T;Pare;Residencial;0;0;2;0;0;0;0;0;0;0;0;0;;
279640;16;2;2016;15:47;577;AV DR THEBERGE;AV FRANCISCO SA;;;;Colisão;Luz do Dia;;;Cruz;Semáforo;Comercial;0;0;2;0;0;0;0;0;0;0;0;0;-38,565016;-3,714822
279664;16;2;2016;18:25;23343;AV PONTES VIEIRA;RUA TIBURCIO CAVALCANTE;;;;Colisão;Anoitecer;;;Cruz;Semáforo Intermitente;Comercial;0;0;2;0;0;0;0;0;0;0;0;0;-38,507749;-3,752053
279657;16;2;2016;16:44;5111;AV MON TABOSA;RUA DOM JOAQUIM;;;;Colisão;Luz do Dia;;;T;Semáforo;Comercial;0;0;2;0;0;0;0;0;0;0;0;0;-38,516158;-3,723778
279658;16;2;2016;17:00;5403;RUA GONCALVES LEDO;RUA PINTO MADEIRA;;;;Colisão;Anoitecer;;;Cruz;Pare;Misto;0;0;2;0;0;0;0;0;0;0;0;0;-38,516497;-3,732626
279660;16;2;2016;17:15;0;RUA PRO COSTA MENDES;;;;;Colisão;Anoitecer;;;Meio de Quadra;;;0;0;2;0;0;0;0;0;0;0;0;0;;
279661;16;2;2016;17:19;0;RUA COM GARCIA;;;872;;Colisão;Anoitecer;;;Meio de Quadra;;;0;0;2;0;0;0;0;0;0;0;0;0;-38,582041;-3,791865
279662;16;2;2016;18:07;0;RUA VER PEDRO PAULO MOREIRA;;;1692;;Colisão;Anoitecer;;;Meio de Quadra;;;0;0;2;0;0;0;0;0;0;0;0;0;;
279655;16;2;2016;16:28;9072;AV PONTES VIEIRA;AV VIS RIO BRANCO;;;;Colisão;Luz do Dia;;;Cruz;Semáforo;Residencial;0;0;2;0;0;0;0;0;0;0;0;0;-38,520486;-3,753544
279636;16;2;2016;13:56;3010;RUA URUCUTUBA;RUA CEL VIRGILIO NOGUEIRA (BOM JARDIM);;;;Colisão;Luz do Dia;;;Cruz;Não Há Controle;Comercial;0;0;2;0;0;0;0;0;0;0;0;0;;
279615;16;2;2016;12:47;7694;RUA RIO GRANDE DO SUL;RUA RIO GRANDE DO NORTE;;;;Colisão;Luz do Dia;;;Cruz;Pare;Residencial;0;0;2;0;0;0;0;0;0;0;0;0;-38,567559;-3,758617
279608;16;2;2016;12:32;0;RUA PEREIRA COUTINHO;;;;;Colisão;Luz do Dia;;;Meio de Quadra;;;0;0;1;0;0;0;0;0;0;0;0;0;;
279606;16;2;2016;12:30;0;AV OLIVEIRA PAIVA;;;;;Colisão;Luz do Dia;;;Meio de Quadra;;;0;0;2;0;0;0;0;0;0;0;0;0;;
279601;16;2;2016;11:54;0;RUA BERNARDO MANUEL;;;;;Colisão;Luz do Dia;;;Meio de Quadra;;;0;0;2;0;0;0;0;0;0;0;0;0;;
279602;16;2;2016;11:55;15327;AV SEN VIRGILIO TAVORA;RUA ANA BILHAR;;;;Colisão;Luz do Dia;;;Cruz;Semáforo;Residencial;0;0;2;0;0;0;0;0;0;0;0;0;-38,491262;-3,730893
279603;16;2;2016;11:56;24293;RUA DELMIRO GOUVEIA;RUA JULIO ABREU;;;;Colisão;Luz do Dia;;;Cruz;Pare;Comercial;0;1;1;1;1;0;0;0;0;0;0;0;-38,488072;-3,7359
279585;16;2;2016;11:51;3819;AV CARAPINIMA;RUA JUVENAL GALENO;;;;Colisão;Luz do Dia;;;Cruz;Semáforo;Comercial;0;0;2;0;0;0;0;0;0;0;0;0;-38,539176;-3,738998
279577;16;2;2016;11:08;1295;RUA MARIA TOMASIA;RUA JOAQUIM NABUCO;;;;Colisão;Luz do Dia;;;Cruz;Pare;Comercial;0;0;2;0;0;0;0;0;0;0;0;0;-38,500962;-3,734264
279578;16;2;2016;11:15;15293;RUA TEN BENEVOLO;AV BAR STUDART;;;;Colisão;Luz do Dia;;;Cruz;Semáforo;Comercial;0;0;2;0;0;0;0;0;0;0;0;0;-38,504908;-3,72939
279579;16;2;2016;11:43;7850;RUA JOSE VILAR;RUA CEL ALVES TEIXEIRA;;;;Colisão;Luz do Dia;;;Cruz;Pare;Residencial;0;0;2;0;0;0;0;0;0;0;0;0;-38,508198;-3,746707
279563;16;2;2016;09:29;10695;RUA PRO HERIBALDO COSTA;RUA MON HIPOLITO BRASIL;;;;Colisão;Luz do Dia;;;Cruz;Pare;Comercial;0;0;2;0;0;0;0;0;0;0;0;0;-38,582275;-3,757069
279572;16;2;2016;09:35;15808;AV JOR THOMAZ COELHO;RUA STA CLARA DE ASSIS;;;;Colisão;Luz do Dia;;;T;Não Há Controle;Comercial;0;0;2;0;0;0;0;0;0;0;0;0;-38,502808;-3,831579
279560;16;2;2016;08:45;0;RUA ESPIRITO SANTO;;;665;;Colisão;Luz do Dia;;;Meio de Quadra;;;0;0;2;0;0;0;0;0;0;0;0;0;-38,569065;-3,754348
279561;16;2;2016;08:46;0;AV GODOFREDO MACIEL;;;918;;Atropelamento;Luz do Dia;;;Meio de Quadra;;;0;1;1;0;0;0;0;0;0;0;0;0;-38,566259;-3,784682
279544;16;2;2016;07:30;19275;RUA MARACANA;RUA LEONEL CHAVES;;;;Colisão;Luz do Dia;;;Cruz;Pare;Residencial;0;0;2;0;0;0;0;0;0;0;0;0;-38,569163;-3,773382
279549;16;2;2016;07:43;4018;RUA DES PRAXEDES;RUA JULIO CESAR D12;;;;Colisão;Luz do Dia;;;T;Pare;Residencial;0;0;2;0;0;0;0;0;0;0;0;0;;
279551;16;2;2016;07:52;0;AV BORGES DE MELO;;;;;Colisão;Luz do Dia;;;Meio de Quadra;;;0;0;2;0;0;0;0;0;0;0;0;0;;
279553;16;2;2016;08:41;7884;AV ANTONIO SALES;RUA VICENTE LEITE;;;;Colisão;Luz do Dia;;;Cruz;Pare;Comercial;0;0;2;0;0;0;0;0;0;0;0;0;-38,498468;-3,746656
274842;16;2;2016;12:40;15369;RUA PEREIRA VALENTE;RUA FRE MANSUETO;;;;Colisão Lateral;Luz do Dia;;;Cruz;Pare;Comercial;0;0;2;1;0;0;0;0;0;0;0;0;-38,488673;-3,734827
274847;16;2;2016;19:00;0;RUA CEL FABRICIANO;;;2402;;Atropelamento;;;;Meio de Quadra;;;0;1;1;0;0;0;0;0;0;1;0;0;-38,612559;-3,781468
274848;16;2;2016;12:44;0;AV 13 DE MAIO;;;1232;;;Luz do Dia;;;Meio de Quadra;;;0;0;2;1;1;0;0;0;0;0;0;0;;
274822;16;2;2016;18:40;0;AV DR SILAS MUNGUBA;;;;;Colisão Traseira;;;;Meio de Quadra;Não Há Controle;Outros;0;0;2;1;0;0;0;0;0;0;0;0;;
274826;16;2;2016;15:40;10740;RUA PORTO ALEGRE;RUA AUDISIO PINHEIRO;;;;Colisão Lateral;Luz do Dia;;;Cruz;Pare;Residencial;0;0;2;1;0;0;0;1;0;0;0;0;-38,589942;-3,760602
274785;16;2;2016;13:20;0;AV GAL OSORIO DE PAIVA;;;6700;;Choque c/ Obstáculo Fixo;Luz do Dia;;;Meio de Quadra;;;0;1;0;1;0;0;0;0;0;0;0;0;-38,609563;-3,812482
274806;16;2;2016;07:45;9200;RUA DEP JOAO PONTES;RUA JAIME BENEVOLO;;;;Colisão Transversal;Luz do Dia;;;Cruz;Pare;Misto;0;0;2;1;0;0;0;0;0;1;0;0;-38,530076;-3,74614
274803;16;2;2016;;15121;RUA JOAO CORDEIRO;RUA DR ATUALPA BARBOSA LIMA (P. IRACEMA);;;;Colisão Transversal;;;;Cruz;Pare;Residencial;0;0;2;1;0;0;0;0;0;0;0;0;-38,512434;-3,723378
274791;16;2;2016;19:30;0;RUA PDE PEDRO DE ALENCAR;;;689;;Colisão Lateral;;;;Meio de Quadra;;;0;0;3;1;1;0;0;0;0;0;0;0;-38,494085;-3,833989
276603;16;2;2016;05:37;0;RUA BERNARDO MANUEL;;;9964;;Colisão;Amanhecer;;;Meio de Quadra;;;0;1;0;0;0;0;0;0;0;1;0;0;-38,553137;-3,804464
276605;16;2;2016;07:46;0;AV PRO JOSE ARTHUR CARVALHO;;;1621;;Atropelamento;Luz do Dia;;;Meio de Quadra;;;0;1;0;0;0;0;0;0;0;1;0;0;-38,465063;-3,826291
276606;16;2;2016;08:49;0;AV FRANCISCO SA;;;4275;;Colisão;Luz do Dia;;;Meio de Quadra;;;0;1;0;1;0;0;0;0;0;1;0;0;-38,562956;-3,715522
276607;16;2;2016;11:19;0;AV ANTONIO JUSTA;;;3175;;Colisão;Luz do Dia;;;Meio de Quadra;;;0;1;0;1;0;0;0;0;0;0;0;0;-38,492505;-3,728304
276610;16;2;2016;11:42;0;AV DEP PAULINO ROCHA;;;3131;CASTELAO;Queda;Luz do Dia;;;Meio de Quadra;;;0;1;0;0;0;1;0;0;0;0;0;0;-38,523807;-3,808405
276612;16;2;2016;11:49;0;AV GAL OSORIO DE PAIVA;;;7530;;Atropelamento;Luz do Dia;;;Meio de Quadra;;;0;1;1;1;0;0;0;0;0;0;0;0;-38,614823;-3,817881
276613;16;2;2016;12:04;0;RUA MON CARNEIRO DA CUNHA;;;264;;Atropelamento;Luz do Dia;;;Meio de Quadra;;;0;1;0;0;0;0;0;0;0;1;0;0;;
276594;16;2;2016;01:11;0;RUA ULISSES MAGALHAES;;;;;Atropelamento;;;;Meio de Quadra;;;0;1;0;1;0;0;0;0;0;0;0;0;;
276595;16;2;2016;01:15;0;AV GODOFREDO MACIEL;;;4442;;Colisão;;;;Meio de Quadra;;;0;1;0;1;0;0;0;0;0;1;0;0;-38,575281;-3,813663
276596;16;2;2016;01:21;0;AV GOV RAUL BARBOSA;;;6290;;Queda;;;;Meio de Quadra;;;0;1;0;0;0;0;0;0;0;1;0;0;-38,511094;-3,771227
276599;16;2;2016;01:55;0;AV N CJ JOSE WALTER;;;;;Colisão;;;;Meio de Quadra;;;0;1;0;1;0;0;0;0;0;1;0;0;;
276600;16;2;2016;01:58;0;AV BORGES DE MELO;;;822;POLICIA FEDERAL;Colisão;;;;Meio de Quadra;;;0;1;0;0;0;0;0;0;0;1;0;0;-38,526568;-3,760611
276601;16;2;2016;02:28;0;RUA PRO HERIBALDO COSTA;;;481;;Colisão;;;;Meio de Quadra;;;0;2;0;0;0;0;0;0;0;1;0;0;;
274854;16;2;2016;17:15;25186;RUA VER PEDRO PAULO MOREIRA;RUA REPUBLICA ARMENIA;;;;Colisão Traseira;Anoitecer;;;Cruz;Pare;Comercial;0;0;2;1;0;0;0;0;0;0;0;0;-38,48156;-3,787002
276621;16;2;2016;15:38;0;RUA CON DE CASTRO;;;3918;CENTERBOX;Queda;Luz do Dia;;;Meio de Quadra;;;0;1;0;0;0;0;0;0;0;1;0;0;-38,587871;-3,800511
276622;16;2;2016;15:54;0;RUA CEL VIRGILIO NOGUEIRA (BOM JARDIM);;;1292;;Colisão;Luz do Dia;;;Meio de Quadra;;;0;1;0;1;0;0;0;0;0;1;0;0;;
276618;16;2;2016;12:05;0;RUA CEL FABRICIANO;;;2416;;Colisão;Luz do Dia;;;Meio de Quadra;;;0;1;0;1;0;0;0;0;0;1;0;0;-38,612721;-3,781423
276619;16;2;2016;13:40;11676;RUA VIS CAUIPE;RUA ANTONIO IVO;;;;Colisão;Luz do Dia;;;;;;0;1;0;1;0;1;0;0;0;0;0;0;-38,586994;-3,771049
274989;16;2;2016;13:40;0;RUA MAL DEODORO;;;55;;Colisão Transversal;Luz do Dia;;;Meio de Quadra;;;0;0;2;1;0;0;0;0;0;1;0;0;-38,533392;-3,735922
274991;16;2;2016;;0;AV SGT HERMINIO SAMPAIO;;;264;;Atropelamento;;;;Meio de Quadra;;;0;1;1;0;0;0;0;0;0;1;0;0;;
274993;16;2;2016;14:30;0;AV CAP GUTEMBERG BAUN;;;1545;;;Luz do Dia;;;Meio de Quadra;;;0;0;2;1;0;0;1;0;0;0;0;0;;
274995;16;2;2016;12:00;23372;AV PONTES VIEIRA;RUA FRE VIDAL;;;;Colisão Transversal;Luz do Dia;;;;Não Há Controle;Comercial;0;0;2;1;1;0;0;0;0;0;0;0;-38,518209;-3,753282
274997;16;2;2016;12:00;4021;AV PRO GOMES DE MATOS;RUA DES PRAXEDES;;;;Colisão;Luz do Dia;;;Cruz;Semáforo;Comercial;0;0;2;1;0;0;1;0;0;0;0;0;-38,546229;-3,761872
274999;16;2;2016;08:00;25962;RUA PRO HERIBALDO COSTA;RUA PRO MIRAMAR DA PONTE;;;;Colisão Lateral;Luz do Dia;;;T;Pare;Residencial;0;2;0;0;0;0;0;0;0;1;0;0;-38,582069;-3,754784
275001;16;2;2016;19:00;1332;AV DOM LUIS;RUA CEL LINHARES;;;;Colisão Lateral;;;;Cruz;Pare;Misto;0;0;2;1;0;0;0;0;0;0;0;0;-38,493503;-3,734513
275003;16;2;2016;18:00;15264;AV ANTONIO JUSTA;RUA PAULA BARROS;;;;Colisão Traseira;Anoitecer;;;T;Pare;Residencial;0;1;1;1;0;0;0;0;0;1;0;0;-38,492035;-3,728451
275005;16;2;2016;16:30;5433;RUA MAJ FACUNDO;RUA METON DE ALENCAR;;;;Colisão Lateral;Luz do Dia;;;Cruz;Pare;Comercial;0;0;2;0;0;0;0;0;0;0;0;0;-38,529899;-3,733917
274956;16;2;2016;09:00;8025;AV JOAO PESSOA;RUA PRO COSTA MENDES;;;;Colisão Traseira;Luz do Dia;;;Cruz;Semáforo;Comercial;0;0;3;1;0;0;0;0;0;0;0;0;-38,549441;-3,752393
274959;16;2;2016;10:25;0;AV PRS COSTA E SILVA;;;265;;Colisão Traseira;Luz do Dia;;;Meio de Quadra;;;0;1;1;0;0;0;1;0;0;1;0;0;;
274982;16;2;2016;10:40;0;AV LINEU MACHADO;;;338;;Colisão Traseira;Luz do Dia;;;Meio de Quadra;;;0;0;2;0;0;0;0;0;0;0;0;0;-38,575518;-3,763282
274985;16;2;2016;08:00;735;AV DR THEBERGE;AV TEN LISBOA;;;;Colisão Lateral;Luz do Dia;;;T;Pare;Comercial;0;1;1;1;0;1;0;0;0;0;0;0;-38,566942;-3,720711
274914;16;2;2016;19:00;25136;AV ENG HUMBERTO MONTE;RUA CHILE;;;;Colisão Lateral;;;;T;Não Há Controle;Residencial;0;0;2;1;0;0;0;0;0;0;0;0;-38,563951;-3,744928
274936;16;2;2016;17:10;0;AV PRS COSTA E SILVA;;;600;;Colisão Traseira;Anoitecer;;;Meio de Quadra;;;0;1;1;0;0;0;0;0;0;1;0;0;-38,573779;-3,812137
274941;16;2;2016;12:50;5082;RUA BAR RIO BRANCO;RUA DR JOAO MOREIRA;;;;Colisão;Luz do Dia;;;Cruz;Não Há Controle;Comercial;0;0;2;0;0;0;0;0;1;0;0;0;-38,527092;-3,722797
274946;16;2;2016;07:15;19275;RUA MARACANA;RUA LEONEL CHAVES;;;;Colisão Lateral;Luz do Dia;;;Cruz;Pare;Residencial;0;0;2;1;0;0;0;0;0;0;0;0;-38,569163;-3,773382
275960;16;2;2016;13:40;0;RD BR 116;;;2000;KM-02;Colisão Traseira;Luz do Dia;Bom;Seca;Meio de Quadra;;;0;2;0;1;0;0;0;0;0;1;0;0;-38,51678;-3,771391
275961;16;2;2016;18:40;0;RD BR 116;;;300;KM-05;Colisão Traseira;Via Iluminada;Bom;Seca;Meio de Quadra;;;0;0;2;1;1;0;0;0;0;0;0;0;-38,50617967;-3,797701134
275964;17;2;2016;08:00;0;RD BR 116;;;200;KM-03;Colisão Traseira;Luz do Dia;Bom;Seca;Meio de Quadra;;;0;1;2;0;0;0;0;0;0;0;0;0;-38,51386954;-3,781255671
275965;17;2;2016;17:00;0;RD BR 116;;;600;KM-02;Colisão Traseira;Anoitecer;Bom;Seca;Meio de Quadra;;;0;1;1;1;0;0;0;0;0;0;0;0;-38,5163975;-3,772578051
275967;17;2;2016;19:30;0;RD BR 116;;;200;KM-11;Colisão Traseira;Via Iluminada;Bom;Seca;Meio de Quadra;;;0;1;1;1;0;0;0;0;0;0;0;0;-38,49672673;-3,848173913
274950;17;2;2016;10:50;25032;AV BAR STUDART;RUA JOAO BRIGIDO;;;;Colisão Traseira;Luz do Dia;Bom;Seca;Cruz;Semáforo;Comercial;0;0;3;1;0;0;0;0;0;0;0;0;;
274913;17;2;2016;20:50;25137;RUA BARBOSA DE FREITAS;RUA BENI DE CARVALHO;;;;Colisão Transversal;;Bom;Seca;Cruz;Semáforo;Residencial;0;0;2;1;0;0;0;0;0;0;0;0;-38,49989;-3,744414
274987;17;2;2016;07:40;5318;RUA GAL CLARINDO DE QUEIROZ;RUA PDE IBIAPINA;;;;Colisão Transversal;Luz do Dia;Bom;Seca;Cruz;Pare;Comercial;0;0;2;1;1;0;0;0;0;0;0;0;-38,540084;-3,729518
274981;17;2;2016;18:41;0;RUA MACHADO DE ASSIS;;;800;;Colisão Transversal;Via Iluminada;Bom;Seca;Meio de Quadra;Pare;Residencial;0;0;2;1;0;0;0;0;0;0;0;0;-38,550965;-3,752385
274971;17;2;2016;16:43;5213;RUA SAO PAULO;RUA CONDE D´EU;;;;Colisão Traseira;Luz do Dia;Bom;Seca;Cruz;Gesto;Comercial;0;0;2;1;0;0;0;0;0;0;0;0;-38,525915;-3,726579
274974;17;2;2016;10:02;26133;AV ALBERTO CRAVEIRO;RUA 30 DE ABRIL;;;;Colisão Lateral;Luz do Dia;Bom;Seca;T;Não Há Controle;Comercial;0;1;1;1;0;0;0;0;1;0;0;0;;
274978;17;2;2016;19:20;0;RUA LUIS GUIMARAES;;;;;Colisão Lateral Sentido Oposto;;Bom;Seca;;;;0;0;2;1;0;0;0;0;0;1;0;0;;
274961;17;2;2016;11:29;0;AV OLIVEIRA PAIVA;;;202;VIADUTO - BR-116;Outros;Luz do Dia;Bom;Seca;Outros;Não Há Controle;Comercial;0;1;1;0;0;0;0;0;0;1;0;0;-38,503354;-3,798688
274958;17;2;2016;11:20;5434;AV DOM MANUEL;AV HERACLITO GRACA;;;;Outros;Luz do Dia;Bom;Seca;Cruz;Semáforo;Comercial;0;0;2;1;0;0;0;0;0;0;0;0;-38,522952;-3,734013
275023;17;2;2016;12:00;11981;AV CASTELO DE CASTRO;AV CONTORNO NORTE (SAO CRSITOVAO);;;;Colisão Lateral;Luz do Dia;Bom;Seca;Cruz;Semáforo;Comercial;0;0;2;1;0;0;0;0;0;1;0;0;-38,521519;-3,831735
275004;17;2;2016;11:40;0;RUA CHICO LEMOS;;;1299;;Colisão Lateral;Luz do Dia;Bom;Seca;Meio de Quadra;Não Há Controle;Residencial;0;0;2;0;0;0;0;0;0;0;0;0;-38,495686;-3,79896
274998;17;2;2016;06:35;7856;AV SEN VIRGILIO TAVORA;RUA HENRIQUETA GALENO;;;;Colisão Traseira;Luz do Dia;Bom;Seca;T;Pare;Comercial;0;0;3;1;1;0;0;0;0;0;0;0;-38,496211;-3,746365
274996;17;2;2016;23:10;0;RUA PDE PEDRO DE ALENCAR;;;1900;;Colisão Lateral;Via Iluminada;Bom;Seca;Meio de Quadra;Não Há Controle;Comercial;0;0;2;1;0;0;1;0;0;0;0;0;-38,494432;-3,844564
274994;17;2;2016;07:00;0;RUA 103 CJ SAO CRISTOVAO;;;249;;Capotamento;Luz do Dia;;Seca;Meio de Quadra;Outros;Residencial;0;2;0;1;0;0;0;0;0;0;0;0;;
275029;17;2;2016;18:30;0;RUA 69 CJ JOSE WALTER;;;191;;Colisão Transversal;Anoitecer;Bom;Seca;Meio de Quadra;;;1;2;0;0;0;0;0;0;0;1;0;0;-38,554606;-3,83019
275040;17;2;2016;15:40;0;AV MOZART PINHEIRO DE LUCENA;;;1580;;Colisão Transversal;Luz do Dia;Bom;Seca;Meio de Quadra;Não Há Controle;Comercial;0;0;2;1;0;0;0;0;0;0;0;0;-38,595178;-3,71646
275044;17;2;2016;16:10;9129;AV 13 DE MAIO;RUA FLORIANO PEIXOTO;;;;Colisão Traseira;Luz do Dia;Bom;Seca;T;Pare;Comercial;0;0;2;1;0;0;0;0;0;0;0;0;-38,533303;-3,745924
275050;17;2;2016;19:00;13233;AV F CJ JOSE WALTER;AV L CJ JOSE WALTER;;;;Colisão Transversal;;;Seca;Cruz;Pare;Residencial;0;1;1;1;0;0;0;0;0;1;0;0;-38,558805;-3,835328
275053;17;2;2016;18:00;0;AV GAL OSORIO DE PAIVA;;;7480;;Colisão Lateral;Anoitecer;Bom;Seca;Meio de Quadra;Não Há Controle;Comercial;0;0;2;0;1;0;1;0;0;0;0;0;-38,614329;-3,817371
275060;17;2;2016;08:22;1272;AV DOM LUIS;RUA JOAQUIM NABUCO;;;;Colisão Transversal;Luz do Dia;Bom;Seca;Cruz;Semáforo;Comercial;0;0;2;1;0;0;0;0;0;1;0;0;-38,500333;-3,732301
277534;17;2;2016;09:30;0;RD CE-040;;;;KM-04;Colisão;Luz do Dia;Bom;Seca;Meio de Quadra;;;0;2;0;0;1;0;0;0;0;0;0;0;-38,481084;-3,782614
275875;17;2;2016;07:15;0;RD BR 020;;;900;KM 423;Colisão Frontal;Luz do Dia;Bom;Seca;Meio de Quadra;;;0;1;1;1;0;0;0;0;0;1;0;0;;
276626;17;2;2016;02:17;1272;RUA JOAQUIM NABUCO;AV DOM LUIS;;;;Colisão;;;;Cruz;Semáforo;Comercial;0;1;0;1;0;0;0;0;0;1;0;0;-38,500333;-3,732301
276627;17;2;2016;02:20;0;RUA JOSE PEDRA;;;96;;Colisão;;;;Meio de Quadra;;;0;1;0;1;0;0;0;0;0;1;0;0;-38,54767;-3,788923
276623;17;2;2016;01:20;0;AV GAL OSORIO DE PAIVA;;;5883;;Queda;;;;Meio de Quadra;;;0;1;0;0;0;0;0;0;0;1;0;0;-38,605198;-3,807958
276624;17;2;2016;02:13;0;AV SANTOS DUMONT;;;101;;Colisão;;;;Meio de Quadra;;;0;1;0;1;0;0;0;0;0;0;0;0;-38,52271;-3,728311
276629;17;2;2016;03:07;5366;RUA SEN POMPEU;AV DUQ CAXIAS;;;;Colisão;;;;Cruz;Semáforo;Comercial;0;1;0;0;0;0;0;0;0;1;0;0;-38,530994;-3,73143
276633;17;2;2016;05:37;0;AV PERIMETRAL;;;48;CAIXA ECONÔMICA;Colisão;Amanhecer;;;Meio de Quadra;;;0;1;0;0;0;0;0;0;0;1;0;0;;
276634;17;2;2016;07:34;0;RUA 20 DE JANEIRO;;;2040;;Queda;Luz do Dia;;;Meio de Quadra;;;0;1;0;0;0;0;0;0;0;1;0;0;;
276653;17;2;2016;13:13;0;AV DOS EXPEDICIONARIOS;;;2030;23-BC;Colisão;Luz do Dia;;;Meio de Quadra;;;0;1;0;1;0;0;0;0;0;1;0;0;-38,535977;-3,747893
276647;17;2;2016;11:44;15136;AV MON TABOSA;RUA ANTONIO AUGUSTO;;;;Colisão;Luz do Dia;;;Cruz;Pare;Comercial;0;1;0;1;0;0;0;0;0;1;0;0;-38,511469;-3,724092
276649;17;2;2016;12:18;0;RD BR 116;;;12000;KM-12;Colisão;Luz do Dia;;;Meio de Quadra;;;0;2;0;0;0;0;1;0;0;1;0;0;-38,496066;-3,85574
276650;17;2;2016;13:12;0;AV DOS EXPEDICIONARIOS;;;3130;;Queda;Luz do Dia;;;Meio de Quadra;;;0;1;0;0;0;0;0;0;0;1;0;0;-38,535449;-3,74605
276644;17;2;2016;09:29;0;AV FRANCISCO SA;;;6367;;Queda;Luz do Dia;;;Meio de Quadra;;;0;2;0;0;0;0;0;0;0;1;0;0;-38,581349;-3,709167
276645;17;2;2016;10:26;0;AV MR HULL;;;3220;;Colisão;Luz do Dia;;;Meio de Quadra;;;0;1;0;1;0;0;0;0;0;1;0;0;-38,574093;-3,737274
276641;17;2;2016;08:56;0;AV FRANCISCO SA;;;429;;Colisão;Luz do Dia;;;Meio de Quadra;;;0;2;0;1;0;0;0;0;0;1;0;0;;
276658;17;2;2016;13:37;0;RUA 69 CJ JOSE WALTER;;;;;Colisão;Luz do Dia;;;Meio de Quadra;;;0;3;0;1;0;0;0;0;0;1;0;0;;
276656;17;2;2016;13:36;0;RUA ESPIRITO SANTO;;;532;;Atropelamento;Luz do Dia;;;Meio de Quadra;;;0;1;0;0;0;0;0;0;0;1;0;0;-38,568073;-3,752787
276661;17;2;2016;15:26;5322;AV DUQ CAXIAS;AV IMPERADOR;;;;Colisão;Luz do Dia;;;Cruz;Semáforo;Comercial;0;1;0;1;0;0;0;0;0;1;0;0;-38,535297;-3,730048
276662;17;2;2016;18:33;0;RUA SETE BARRA;;;;;Atropelamento;;;;Meio de Quadra;;;0;1;0;1;0;0;0;0;0;0;0;0;;
274853;17;2;2016;16:30;5331;AV SANTOS DUMONT;RUA GONCALVES LEDO;;;;Colisão Lateral;Luz do Dia;Bom;Seca;Cruz;Pare;Comercial;0;0;2;1;0;0;0;0;0;0;0;0;-38,515848;-3,730535
274794;17;2;2016;14:40;1389;RUA DES LEITE ALBUQUERQUE;RUA VIS MAUA;;;;Colisão Lateral;Luz do Dia;Bom;;Cruz;Gesto;Comercial;0;0;2;1;0;0;0;0;0;0;0;0;-38,499699;-3,736886