COD_ACIDENTE;DIA;MES;ANO;HORA;INTERSECAO;LOG1;LOG2;LOG3;NUMERO;REFERENCIA;NATUREZA;ILUMINACAO;TEMPO;SUPERFICIEPISTA;TIPOCRUZAMENTO;CONTROLETRAFEGO;USOSOLO;MORTOS;FERIDOS;ILESOS;AUTOMOVEL;ONIBUS;BICICLETA;CAMINHAO;MICROONIBUS;CICLOMOTOR;MOTOCICLETA;TRACAOANIMAL;TREM;LONG;LAT
274816;17;2;2016;07:00;1280;RUA PINTO MADEIRA;RUA ILDEFONSO ALBANO;;;;Colisão Transversal;Luz do Dia;Bom;Seca;Cruz;Semáforo;Residencial;0;0;3;1;0;0;0;0;0;0;0;0;-38,513317;-3,73361
274825;17;2;2016;08:10;577;AV FRANCISCO SA;AV DR THEBERGE;;;;Colisão Lateral;Luz do Dia;Bom;Seca;Cruz;Semáforo;Comercial;0;0;2;1;0;0;1;0;0;0;0;0;-38,565016;-3,714822
274850;17;2;2016;19:50;12479;AV AUGUSTO DOS ANJOS;RUA PERDIGAO DE OLIVEIRA;;;;Colisão Lateral;Via Iluminada;Bom;Seca;Cruz;Semáforo;Comercial;0;0;2;1;1;0;0;0;0;0;0;0;-38,574712;-3,775131
274851;17;2;2016;08:20;5675;RUA CHICO LEMOS;RUA ALICE;;;;Colisão Lateral;Luz do Dia;Bom;Seca;Cruz;Pare;Residencial;0;0;2;1;0;0;0;1;0;0;0;0;-38,499726;-3,790026
274843;17;2;2016;17:00;0;AV GOV RAUL BARBOSA;;;;;Colisão;Anoitecer;Bom;Seca;Meio de Quadra;Não Há Controle;Residencial;0;0;2;0;0;0;1;0;0;1;0;0;;
274840;17;2;2016;12:20;24308;RUA ALFREDO LADISLAU;RUA DELMIRO GOUVEIA;;;;Colisão Transversal;Luz do Dia;Bom;Seca;Cruz;Pare;Residencial;0;0;3;1;0;0;0;0;0;0;0;0;-38,487986;-3,738147
274830;17;2;2016;07:40;0;RUA STA ELISA D21;;;1051;;Colisão Lateral;Luz do Dia;Bom;Seca;Meio de Quadra;Não Há Controle;Lazer;0;0;2;1;1;0;0;0;0;0;0;0;-38,5623;-3,705429
279684;17;2;2016;07:43;0;AV BORGES DE MELO;;;;;Colisão;Luz do Dia;;;Meio de Quadra;;;0;0;2;0;0;0;0;0;0;0;0;0;;
279691;17;2;2016;10:28;7926;RUA BARBOSA DE FREITAS;AV ANTONIO SALES;;;;Colisão;Luz do Dia;;;Cruz;Semáforo;Residencial;0;0;2;1;0;0;0;0;0;0;0;0;-38,500407;-3,746051
279692;17;2;2016;10:42;0;RUA CEL SOLON;;;433;;Colisão;Luz do Dia;;;Meio de Quadra;;;0;0;2;0;0;0;0;0;0;0;0;0;-38,527949;-3,743082
279713;17;2;2016;13:10;12464;RUA PERDIGAO DE OLIVEIRA;RUA MELO DE OLIVEIRA;;;;Colisão;Luz do Dia;;;Cruz;Pare;Residencial;0;1;1;0;1;0;0;0;0;0;0;0;-38,579129;-3,774265
279731;17;2;2016;16:41;0;AV JOSE BASTOS;;;;;Colisão;Luz do Dia;;;Meio de Quadra;;;0;0;2;0;0;0;0;0;0;0;0;0;;
279720;17;2;2016;14:19;0;AV ENG SANTANA JUNIOR;;;;;Colisão;Luz do Dia;;;Meio de Quadra;;;0;0;2;0;0;0;0;0;0;0;0;0;;
279722;17;2;2016;14:29;0;AV PRS CASTELO BRANCO;;;3042;;Colisão;Luz do Dia;;;Meio de Quadra;;;0;0;2;0;0;0;0;0;0;0;0;0;-38,556469;-3,711739
279723;17;2;2016;14:54;0;AV BORGES DE MELO;;;1094;;Colisão;Luz do Dia;;;Meio de Quadra;;;0;0;2;0;0;0;0;0;0;0;0;0;;
279724;17;2;2016;15:00;19689;RUA DOM LINO;RUA GUSTAVO SAMPAIO;;;;Colisão;Luz do Dia;;;Cruz;Pare;Residencial;0;0;2;0;0;0;0;0;0;0;0;0;-38,557313;-3,735435
279725;17;2;2016;15:06;1324;RUA DR JOSE LOURENCO;RUA TORRES CAMARA;;;;Colisão;Luz do Dia;;;Cruz;Pare;Comercial;0;0;2;0;0;0;0;0;0;0;0;0;-38,508053;-3,735281
279686;17;2;2016;07:51;5100;AV MON TABOSA;AV DOM MANUEL;;;;Colisão;Luz do Dia;;;Cruz;Semáforo;Comercial;0;0;2;0;0;0;0;0;0;0;0;0;;
279702;17;2;2016;11:27;0;RUA JUVENCIO BARROSO;;;;;Colisão;Luz do Dia;;;Meio de Quadra;;;0;0;2;0;0;0;0;0;0;0;0;0;;
279696;17;2;2016;11:01;5434;AV HERACLITO GRACA;AV DOM MANUEL;;;;Colisão;Luz do Dia;;;Cruz;Semáforo;Comercial;0;0;2;0;0;0;0;0;0;0;0;0;-38,522952;-3,734013
279715;17;2;2016;13:30;0;AV JOSE BASTOS;;;3950;;Colisão;Luz do Dia;;;Meio de Quadra;;;0;0;2;0;0;0;0;0;0;0;0;0;-38,553342;-3,75288
279704;17;2;2016;12:10;0;RUA CHICO LEMOS;;;299;;Colisão;Luz do Dia;;;Meio de Quadra;;;0;0;2;0;0;0;0;0;0;0;0;0;-38,499351;-3,79083
279705;17;2;2016;12:30;5504;RUA PDE VALDEVINO;RUA JOAO CORDEIRO;;;;Colisão;Luz do Dia;;;Cruz;Semáforo;Residencial;0;0;2;0;0;0;0;0;0;0;0;0;-38,51755;-3,738896
279766;17;2;2016;20:11;0;RUA TRES MARIAS;;;;;Colisão;;;;;;;0;0;2;0;0;0;0;0;0;0;0;0;;
279767;17;2;2016;20:21;0;AV MON TABOSA;;;;;Colisão;;;;Meio de Quadra;;;0;0;2;0;0;0;0;0;0;0;0;0;;
279759;17;2;2016;18:39;0;RUA ESPIRITO SANTO;;;548;;Colisão;;;;;;;0;0;2;0;0;0;0;0;0;0;0;0;-38,568178;-3,75295
279760;17;2;2016;18:45;0;RUA PDE PEDRO DE ALENCAR;;;2399;;Colisão;;;;Meio de Quadra;;;0;0;2;0;0;0;0;0;0;0;0;0;;
279761;17;2;2016;19:11;0;AV OLIVEIRA PAIVA;;;;;Atropelamento;;;;Meio de Quadra;;;0;1;1;0;0;0;0;0;0;0;0;0;;
279750;17;2;2016;18:00;0;AV 13 DE MAIO;;;;;Colisão;Anoitecer;;;Meio de Quadra;;;0;0;2;0;0;0;0;0;0;0;0;0;;
279747;17;2;2016;17:06;0;AV 13 DE MAIO;;;;;Colisão;Anoitecer;;;Meio de Quadra;;;0;0;2;0;0;0;0;0;0;0;0;0;;
279748;17;2;2016;17:45;0;AV PERIMETRAL;;;;;Colisão;Anoitecer;;;Meio de Quadra;;;0;0;2;0;0;0;0;0;0;0;0;0;;
279755;17;2;2016;18:36;0;AV PRS CASTELO BRANCO;;;199;;Colisão;;;;Meio de Quadra;;;0;0;2;0;0;0;0;0;0;0;0;0;;
277462;17;2;2016;11:30;0;RD CE-040;;;;KM-07;Colisão;Luz do Dia;Bom;Seca;Meio de Quadra;;;0;0;2;1;0;0;0;0;0;0;0;0;-38,478733;-3,809597
277470;17;2;2016;08:00;0;RD CE-040;;;;KM-06;Colisão;Luz do Dia;Bom;Seca;Meio de Quadra;;;0;0;2;1;0;0;0;0;0;1;0;0;-38,479535;-3,800596
275063;17;2;2016;08:00;0;AV DOMINGOS OLIMPIO;;;;;Colisão Transversal;Luz do Dia;Bom;Seca;Meio de Quadra;Pare;Residencial;0;0;2;1;1;0;0;0;0;0;0;0;;
299450;17;2;2016;01:17;0;AV DR SILAS MUNGUBA;;;4997;;Queda;;;;Meio de Quadra;;;0;1;0;0;0;0;0;0;0;1;0;0;-38,531647;-3,797068
299470;17;2;2016;10:15;0;AV DO VAQUEIRO;;;620;;Choque c/ Obstáculo Fixo;Luz do Dia;;;Meio de Quadra;;;0;2;0;0;0;0;0;0;0;1;0;0;-38,502557;-3,861443
299897;17;2;2016;21:15;18825;RUA 24 CJ HAB ST S JOAO;RUA 44 CJ HAB ST S JOAO;;;;Colisão;;;;;;;0;1;1;1;0;1;0;0;0;0;0;0;-38,514665;-3,852284
278114;17;2;2016;10:11;0;AV DOM MANUEL;;;;;Colisão;Luz do Dia;;;Meio de Quadra;;;0;0;2;1;0;0;0;0;0;0;0;0;;
278117;17;2;2016;13:07;0;RUA PDE VALDEVINO;;;;;Colisão;Luz do Dia;;;Meio de Quadra;;;0;0;2;1;1;0;0;0;0;0;0;0;;
278127;18;2;2016;12:50;0;AV PRS COSTA E SILVA;;;;;Colisão;Luz do Dia;;;Meio de Quadra;;;0;0;2;1;0;0;0;0;0;0;0;0;;
278130;18;2;2016;11:55;10406;RUA PERILIO TEIXEIRA;AV GENIBAU;;;;Colisão;Luz do Dia;;;Cruz;Pare;Comercial;0;0;2;1;0;0;0;0;0;1;0;0;-38,60205;-3,760373
279776;18;2;2016;07:04;0;AV FRANCISCO SA;;;3787;;Colisão;Luz do Dia;;;Meio de Quadra;;;0;0;1;0;0;0;0;0;0;0;0;0;-38,558734;-3,716941
279770;18;2;2016;06:05;0;RUA ALM JACEGUAI;;;;;Colisão;Luz do Dia;;;Meio de Quadra;;;0;0;2;0;0;0;0;0;0;0;0;0;;
279784;18;2;2016;07:06;0;RUA PDE JANUARIO CAMPOS;;;;;Colisão;Luz do Dia;;;Meio de Quadra;;;0;0;2;0;0;0;0;0;0;0;0;0;;
279798;18;2;2016;08:03;12835;AV DOMINGOS OLIMPIO;RUA SOLON PINHEIRO;;;;Colisão;Luz do Dia;;;Cruz;Semáforo;Comercial;0;0;2;0;0;0;0;0;0;0;0;0;-38,52865;-3,737409
279795;18;2;2016;07:37;0;TR CAP VASCONCELOS D46;;;;;Colisão;Luz do Dia;;;;;;0;0;2;0;0;0;0;0;0;0;0;0;;
279789;18;2;2016;07:17;25447;RUA HOLANDA;RUA FRANCISCO GLICERIO;;;;Colisão;Luz do Dia;;;T;Não Há Controle;Comercial;0;0;2;0;0;0;0;0;0;0;0;0;-38,562214;-3,798266
279792;18;2;2016;07:36;0;AV BEZERRA DE MENEZES;;;;;Colisão;Luz do Dia;;;Meio de Quadra;;;0;0;2;0;0;0;0;0;0;0;0;0;;
279821;18;2;2016;08:58;19759;RUA AZEVEDO BOLAO;RUA AMADEU FURTADO;;;;Colisão;Luz do Dia;;;Cruz;Pare;Residencial;0;0;2;0;0;0;0;0;0;0;0;0;-38,563588;-3,737863
279818;18;2;2016;08:42;0;RUA PESSOA ANTA;;;157;;Colisão;Luz do Dia;;;Meio de Quadra;;;0;0;2;0;0;0;0;0;0;0;0;0;-38,521546;-3,721048
279816;18;2;2016;09:39;0;AV PRS JUSCELINO KUBITSCHEK (PASSARÉ);;;;;Colisão;Luz do Dia;;;;;;0;0;2;0;0;0;0;0;0;0;0;0;-38,530912;-3,815311
279877;18;2;2016;10:40;0;RUA GAL SAMPAIO;;;2600;;Colisão;Luz do Dia;;;Meio de Quadra;;;0;0;2;0;0;0;0;0;0;0;0;0;;
279880;18;2;2016;11:13;25223;RUA G CJ VILA VELHA;RUA L CJ VILA VELHA;;;;Colisão;Luz do Dia;;;Cruz;Não Há Controle;Residencial;0;0;2;0;0;0;0;0;0;0;0;0;;
279874;18;2;2016;10:15;0;AV GODOFREDO MACIEL;;;;;Colisão;Luz do Dia;;;Meio de Quadra;;;0;0;2;1;0;0;0;0;0;0;0;0;;
279837;18;2;2016;09:16;25041;RUA BAR AQUIRAZ;RUA JOSE HIPOLITO;;;;Colisão;Luz do Dia;;;Cruz;Semáforo;Comercial;0;0;2;0;0;0;0;0;0;0;0;0;-38,489933;-3,833725
279909;18;2;2016;13:04;0;RUA GERMANO FRANCK;;;;;Colisão;Luz do Dia;;;Meio de Quadra;;;0;0;2;0;0;0;0;0;0;0;0;0;;
279901;18;2;2016;12:25;0;AV PRO GOMES DE MATOS;;;;;Colisão;Luz do Dia;;;Meio de Quadra;;;0;0;2;0;0;0;0;0;0;0;0;0;;
279896;18;2;2016;11:56;11700;RUA MON VICENTE MARTINS;RUA DES GOMES PARENTE;;;;Colisão;Luz do Dia;;;Cruz;Não Há Controle;Residencial;0;0;2;0;0;0;0;0;0;0;0;0;-38,581189;-3,772059
279897;18;2;2016;12:01;0;RUA PDE IBIAPINA;;;1400;;Colisão;Luz do Dia;;;Meio de Quadra;;;0;0;2;0;0;0;0;0;0;0;0;0;-38,540394;-3,727404
279893;18;2;2016;11:48;0;AV JOR THOMAZ COELHO;;;;;Colisão;Luz do Dia;;;Meio de Quadra;;;0;0;2;0;0;0;0;0;0;0;0;0;;
279995;18;2;2016;18:50;15134;AV BEIRA MAR;AV BAR STUDART;;;;Colisão;;;;T;Pare;Lazer;0;0;2;0;0;0;0;0;0;0;0;0;-38,503156;-3,723916
279985;18;2;2016;17:53;0;AV OLAVO BILAC;;;91;;Colisão;Anoitecer;;;Meio de Quadra;;;0;0;2;0;0;0;0;0;0;0;0;0;-38,566693;-3,722124
279981;18;2;2016;20:19;12395;RUA CUIABA;AV LINEU MACHADO;;;;Colisão;;;;Cruz;Pare;Comercial;0;0;2;0;0;0;0;0;0;0;0;0;-38,57862;-3,769181
279975;18;2;2016;15:54;0;AV RUI BARBOSA;;;732;;Colisão;Luz do Dia;;;Meio de Quadra;;;0;0;2;0;0;0;0;0;0;0;0;0;-38,507281;-3,729352
279917;18;2;2016;13:42;0;AV LUCIANO CARNEIRO;;;;;Colisão;Luz do Dia;;;Meio de Quadra;;;0;0;2;0;0;0;0;0;0;0;0;0;;
279913;18;2;2016;13:39;7884;AV ANTONIO SALES;RUA VICENTE LEITE;;;;Colisão;Luz do Dia;;;Cruz;Pare;Comercial;0;0;2;0;0;0;0;0;0;0;0;0;-38,498468;-3,746656
279915;18;2;2016;13:41;0;RUA VALPARAISO;;;;;Colisão;Luz do Dia;;;Meio de Quadra;;;0;0;2;0;0;0;0;0;0;0;0;0;;
279925;18;2;2016;13:46;0;RUA NEREU RAMOS;;;150;;Colisão;Luz do Dia;;;Meio de Quadra;;;0;0;3;0;0;0;0;0;0;0;0;0;-38,567961;-3,78683
279931;18;2;2016;14:08;0;AV AGUANAMBI;;;1213;;Colisão;Luz do Dia;;;Meio de Quadra;;;0;0;2;0;0;0;0;0;0;0;0;0;-38,524652;-3,747387
279947;18;2;2016;15:11;9142;RUA GUILHERME MOREIRA;RUA MON OTAVIO CASTRO;;;;Colisão;Luz do Dia;;;Cruz;Pare;Residencial;0;0;2;0;0;0;0;0;0;0;0;0;-38,526504;-3,750182
279987;18;2;2016;18:12;0;AV CARAPINIMA;;;2608;;Colisão;Anoitecer;;;Meio de Quadra;;;0;0;2;0;0;0;0;0;0;0;0;0;-38,542097;-3,741855
274831;18;2;2016;18:30;15362;RUA PEREIRA VALENTE;RUA CEL LINHARES;;;;Outros;Anoitecer;Nublado;Seca;Cruz;Pare;Residencial;0;1;1;1;0;0;0;1;0;0;0;0;-38,493183;-3,733517
274828;18;2;2016;07:30;17516;RUA MANUEL JESUINO;RUA CEL JOAO ARRUDA;;;;Colisão Transversal;Luz do Dia;Nublado;Seca;Cruz;Pare;Residencial;0;0;2;1;0;0;0;0;0;0;0;0;-38,484701;-3,726312
274841;18;2;2016;09:20;12674;AV CEL CARVALHO;RUA GUILHERME MENDES;;;;Outros;Luz do Dia;Bom;Seca;Cruz;Pare;Comercial;0;2;1;1;0;0;0;0;0;1;0;0;-38,587094;-3,720651
274845;18;2;2016;12:00;0;AV FRANCISCO SA;;;5156;;Colisão Lateral;Luz do Dia;Chuva;Inundada;Meio de Quadra;;Residencial;0;1;1;0;0;0;0;0;0;1;0;0;-38,5704;-3,712953
274849;18;2;2016;14:20;19820;AV JOVITA FEITOSA;RUA GAL PIRAGIBE;;;;Colisão Transversal;Luz do Dia;Chuva;Molhada;Cruz;Semáforo;Comercial;0;1;2;1;0;0;0;0;0;1;0;0;-38,557484;-3,740049
274820;18;2;2016;14:50;0;AV DOMINGOS OLIMPIO;;;;;Colisão Traseira;Luz do Dia;Chuva;Molhada;Meio de Quadra;;Comercial;0;0;3;1;0;0;0;0;0;0;0;0;;
274812;18;2;2016;14:00;6821;RUA DR RIBAMAR LOBO;RUA VILEBALDO AGUIAR;;;;Colisão Transversal;Luz do Dia;Chuva;Molhada;Cruz;Pare;Residencial;0;0;2;0;0;0;1;0;0;0;0;0;-38,468111;-3,746893
274813;18;2;2016;12:15;0;AV AGUANAMBI;;;1637;;Colisão Lateral;Luz do Dia;Chuva;Molhada;Meio de Quadra;Não Há Controle;Comercial;0;0;2;1;0;0;0;0;0;0;0;0;-38,523538;-3,75112
274792;18;2;2016;08:50;0;RUA BENI DE CARVALHO;;;419;;Colisão Traseira;Luz do Dia;Bom;Seca;;;;0;0;2;1;0;0;0;0;0;1;0;0;-38,497071;-3,745326
274789;18;2;2016;07:00;0;AV PASTEUR;;;993;;Colisão Transversal;Luz do Dia;Chuva;Molhada;Meio de Quadra;Não Há Controle;Comercial;0;0;2;1;0;0;0;0;0;0;0;0;;
274787;18;2;2016;08:30;0;RUA VINTE E QUATRO DE MAIO;;;164;;Atropelamento;Luz do Dia;Bom;Seca;Meio de Quadra;Não Há Controle;Comercial;0;1;1;1;0;0;0;0;0;0;0;0;-38,530798;-3,723188
274800;18;2;2016;13:30;1405;AV SANTOS DUMONT;RUA VICENTE LEITE;;;;Colisão Lateral;Luz do Dia;Chuva;Molhada;Cruz;Semáforo;Comercial;0;0;2;1;0;0;0;0;0;0;0;0;-38,495419;-3,737173
274797;18;2;2016;09:30;5455;RUA ANTONIO POMPEU;RUA FLORIANO PEIXOTO;;;;Colisão Transversal;Luz do Dia;Bom;Seca;Cruz;Pare;Comercial;0;0;2;1;0;0;0;0;0;0;0;0;-38,529685;-3,735086
274784;18;2;2016;19:36;7694;RUA RIO GRANDE DO NORTE;RUA RIO GRANDE DO SUL;;;;Colisão Transversal;Via Iluminada;Bom;Seca;Cruz;Pare;Residencial;0;1;1;1;0;0;0;0;0;0;0;0;-38,567559;-3,758617
274857;18;2;2016;16:25;935;AV BORGES DE MELO;TR GRAVATAI;;;;Colisão Lateral;Luz do Dia;Bom;Seca;Cruz;Semáforo;Escola;0;0;2;0;0;0;1;0;0;0;0;0;-38,520855;-3,761261
274862;18;2;2016;16:45;0;AV GOV RAUL BARBOSA;;;7134;;Colisão Lateral;Luz do Dia;Bom;Seca;Meio de Quadra;Semáforo;Comercial;0;1;1;0;1;0;0;0;0;1;0;0;-38,512963;-3,775049
274865;18;2;2016;07:05;25964;AV GOV PARSIFAL BARROSO;RUA LICURGO MONTENEGRO;;;;Colisão Lateral;Luz do Dia;Bom;Seca;;Não Há Controle;Comercial;0;0;2;1;0;0;1;0;0;0;0;0;-38,5689;-3,73441
274859;18;2;2016;17:30;12509;AV LINEU MACHADO;RUA ARARIPE MACEDO;;;;Colisão;Via Iluminada;Nublado;Seca;Cruz;Pare;Comercial;0;0;2;1;0;0;0;0;0;1;0;0;-38,579672;-3,771235
274869;18;2;2016;06:30;10943;RUA ZACARIAS GONDIM;RUA DOM CARLOTO TAVORA;;;;Outros;Luz do Dia;Bom;Seca;Cruz;Pare;Comercial;0;0;2;1;0;0;1;0;0;0;0;0;-38,558785;-3,768945
274891;18;2;2016;17:45;0;AV WASHINGTON SOARES;;;;;Colisão Transversal;Luz do Dia;Bom;Seca;Meio de Quadra;Pare;Comercial;0;0;2;1;0;0;0;0;0;0;0;0;;
274886;18;2;2016;14:16;4633;RUA PEDRO LAZAR;AV VIENA WEYNE;;;;Colisão Lateral;Luz do Dia;Nublado;Molhada;;Não Há Controle;Comercial;0;0;2;1;0;0;0;0;0;0;0;0;-38,488662;-3,801201
276670;18;2;2016;01:33;0;AV FRANCISCO SA;;;3787;;Colisão;;;;Meio de Quadra;;;0;1;0;0;0;0;0;0;0;0;0;0;-38,558734;-3,716941
276671;18;2;2016;01:51;12465;AV LINEU MACHADO;RUA PERDIGAO DE OLIVEIRA;;;;Colisão;;;;Cruz;Pare;Residencial;0;2;1;0;0;0;1;0;0;1;0;0;-38,580786;-3,773406
276672;18;2;2016;02:39;0;RUA HOLANDA;;;980;;Colisão;;;;Meio de Quadra;;;0;1;0;0;0;0;0;0;0;0;0;0;-38,561518;-3,80011
276665;18;2;2016;01:18;0;RUA GERMANO FRANCK;;;395;;Queda;;;;Meio de Quadra;;;0;1;0;0;0;0;0;0;0;1;0;0;-38,560581;-3,776027
276668;18;2;2016;01:30;0;RUA CON DE CASTRO;;;4569;;Colisão;;;;Meio de Quadra;;;0;2;0;1;0;0;0;0;0;1;0;0;-38,592031;-3,80514
276674;18;2;2016;02:42;0;AV GAL MURILO BORGES;;;;;Colisão;;;;Meio de Quadra;;;0;1;0;1;0;0;0;0;0;1;0;0;;
276676;18;2;2016;02:56;0;RUA BRI TORRES;;;1378;;Queda;;;;Meio de Quadra;;;0;1;0;0;0;0;0;0;0;1;0;0;-38,582091;-3,769826
276679;18;2;2016;03:16;0;RUA AMADEU FURTADO;;;310;;Colisão;;;;Meio de Quadra;;;0;1;0;1;0;0;0;0;0;1;0;0;-38,563516;-3,738236
276689;18;2;2016;03:37;0;RUA TIJUBANA;;;521;;Queda;;;;Meio de Quadra;;;0;1;0;0;0;0;0;0;0;1;0;0;-38,540747;-3,720243
276690;18;2;2016;09:56;12483;AV AUGUSTO DOS ANJOS;RUA DES GOMES PARENTE;;;;Colisão;Luz do Dia;;;Cruz;Pare;Residencial;0;2;0;1;0;0;0;0;0;1;0;0;-38,574025;-3,774371
276733;18;2;2016;13:58;0;AV AGUANAMBI;;;1588;;Colisão;Luz do Dia;;;Meio de Quadra;;;0;1;0;1;0;0;0;0;0;1;0;0;-38,523564;-3,750958
276737;18;2;2016;14:15;0;AV MAJ ASSIS;;;1276;;Atropelamento;Luz do Dia;;;;;;0;1;1;0;0;0;0;0;0;1;0;0;-38,590604;-3,723197
276740;18;2;2016;14:27;0;AV MAJ ASSIS;;;1276;;Atropelamento;Luz do Dia;;;Meio de Quadra;;;0;1;0;0;0;0;0;0;0;1;0;0;-38,590604;-3,723197
276744;18;2;2016;15:16;0;AV PRS COSTA E SILVA;;;;;Atropelamento;Luz do Dia;;;Meio de Quadra;;;0;1;0;1;0;0;0;0;0;0;0;0;;
276747;18;2;2016;19:36;0;AV ALBERTO NEPOMUCENO;;;339;;Colisão;;;;Meio de Quadra;;;0;1;0;0;0;0;0;0;0;0;0;0;-38,524775;-3,724035
276725;18;2;2016;11:57;3998;RUA ALBERTO MAGNO;RUA SAMUEL UCHOA;;;;Colisão;Luz do Dia;;;Cruz;Pare;Comercial;0;1;0;1;0;0;0;0;0;1;0;0;-38,542824;-3,756713
276728;18;2;2016;13:27;0;AV LINEU MACHADO;;;2868;;Colisão;Luz do Dia;;;Meio de Quadra;;;0;3;0;1;0;0;0;0;0;1;0;0;;
276714;18;2;2016;11:12;0;RUA DOM LINO;;;;;Queda;Luz do Dia;;;Meio de Quadra;;;0;1;0;0;0;0;0;0;0;1;0;0;;
276711;18;2;2016;10:32;0;RUA LUIS GUIMARAES;;;670;EMPRESA URUBURETAMA;Colisão;Luz do Dia;;;Meio de Quadra;;;0;1;0;0;0;0;0;0;0;0;0;0;;
276712;18;2;2016;10:34;0;AV DR SILAS MUNGUBA;;;4241;;Colisão;Luz do Dia;;;Meio de Quadra;;;0;1;0;0;0;0;0;0;0;0;0;0;-38,537743;-3,79127
276687;18;2;2016;03:31;0;RUA BAR AQUIRAZ;;;643;;Colisão;;;;Meio de Quadra;;;0;1;0;1;0;0;0;0;0;1;0;0;-38,489449;-3,834889
276694;18;2;2016;06:52;0;RUA 31 CJ NOVA ASSUNCAO;;;;;Atropelamento;Luz do Dia;;;Meio de Quadra;;;0;1;0;0;0;0;0;0;0;1;0;0;;
276697;18;2;2016;07:14;11700;RUA MON VICENTE MARTINS;RUA DES GOMES PARENTE;;;;Colisão;Luz do Dia;;;Cruz;Não Há Controle;Residencial;0;1;0;1;0;0;0;0;0;1;0;0;-38,581189;-3,772059
276698;18;2;2016;07:26;0;AV PRO JOSE ARTHUR CARVALHO;;;1540;;Atropelamento;Luz do Dia;;;Meio de Quadra;;;0;1;0;0;1;0;0;0;0;0;0;0;-38,465492;-3,826441
276706;18;2;2016;08:08;0;AV PRO GOMES DE MATOS;;;530;;Colisão;Luz do Dia;;;Meio de Quadra;;;0;1;0;1;0;0;0;0;0;1;0;0;-38,543251;-3,758399
276708;18;2;2016;08:22;0;RUA FRANCISCO JOSE A PEREIRA;;;;;Colisão;Luz do Dia;;;Meio de Quadra;;;0;1;0;1;0;0;0;0;0;1;0;0;;
277535;18;2;2016;07:30;0;AV SEN CARLOS JEREISSATI (AEROPORTO);;;;KM 02;Choque c/ Obstáculo Fixo;Luz do Dia;Bom;Seca;Meio de Quadra;;;0;0;2;1;0;0;0;0;0;0;0;0;-38,535424;-3,782194
277536;18;2;2016;08:45;0;AV MAE LISBOA;;;2001;;Colisão;Luz do Dia;Bom;Seca;Meio de Quadra;;;0;2;0;0;0;0;0;0;1;0;0;0;;
277610;18;2;2016;11:20;0;RD CE-040;;;;KM-02;Colisão;Luz do Dia;Bom;Seca;Meio de Quadra;;;0;0;2;1;0;0;0;0;0;0;0;0;-38,482583;-3,76465
277616;18;2;2016;17:15;0;RD CE-040;;;;KM-11;Colisão;Anoitecer;Bom;Seca;Meio de Quadra;;;0;0;3;1;0;0;0;0;0;0;0;0;-38,480883;-3,842577
274921;18;2;2016;17:45;0;AV DEP PAULINO ROCHA;;;;;Colisão Traseira;Via Iluminada;Bom;Seca;;;;0;1;1;1;0;0;0;0;0;1;0;0;;
274934;18;2;2016;07:15;12465;AV LINEU MACHADO;RUA PERDIGAO DE OLIVEIRA;;;;Colisão Transversal;Luz do Dia;Bom;Seca;Cruz;Pare;Residencial;0;2;1;0;0;0;0;0;0;1;0;0;-38,580786;-3,773406
274930;18;2;2016;09:35;6730;RUA DES WALDETARIO P MOTA;RUA ANDRADE FURTADO;;;;Colisão Transversal;Luz do Dia;Bom;Seca;Cruz;Semáforo;Residencial;0;0;2;1;0;0;0;0;0;0;0;0;-38,48515;-3,744025
274953;18;2;2016;18:00;10880;RUA CUIABA;RUA LUCIANO DE QUEIROS;;;;Colisão Transversal;Anoitecer;Bom;Seca;Cruz;Não Há Controle;Residencial;0;0;2;0;0;0;0;0;0;0;0;0;-38,583114;-3,766777
274948;18;2;2016;14:00;0;AV PALESTINA D68;;;189;;Colisão Lateral;Luz do Dia;Nublado;Seca;Meio de Quadra;Não Há Controle;Comercial;0;0;2;1;0;0;0;0;0;0;0;0;;
274944;18;2;2016;14:30;23377;AV PONTES VIEIRA;RUA BARROS LEAL;;;;Colisão Traseira;Luz do Dia;Chuva;Molhada;T;Pare;Comercial;0;0;2;1;0;0;0;0;0;0;0;0;-38,519369;-3,753412
274940;18;2;2016;09:00;14680;RUA LIDIA BRIGIDO;AV OLIVEIRA PAIVA;;;;Colisão Lateral;Luz do Dia;Bom;Seca;Cruz;Semáforo;Comercial;0;0;2;1;0;0;0;0;0;0;0;0;-38,484139;-3,796087
274912;18;2;2016;15:00;0;AV ALBERTO CRAVEIRO;;;2770;CASTELAO;Colisão Lateral;Luz do Dia;Nublado;Molhada;Meio de Quadra;Pare;Outros;0;0;2;1;0;0;0;0;0;1;0;0;-38,523255;-3,805335
274910;18;2;2016;19:00;15194;RUA ILDEFONSO ALBANO;RUA DEP MOREIRA DA ROCHA;;;;Colisão Lateral;Anoitecer;Bom;Seca;Cruz;Pare;Residencial;0;0;2;1;0;0;0;0;0;0;0;0;-38,511072;-3,72648
274896;18;2;2016;10:00;0;RUA PDE PEDRO DE ALENCAR;;;;;Colisão Traseira;Luz do Dia;Bom;Seca;Meio de Quadra;Não Há Controle;Comercial;0;0;3;0;1;0;1;0;0;0;0;0;;
274898;18;2;2016;21:46;25796;AV H CJ CEARA;RUA SGT JOAO PINHEIRO;;;;Colisão Transversal;Via Iluminada;Bom;Seca;Cruz;Não Há Controle;Residencial;0;0;2;1;0;0;0;0;0;1;0;0;;
274899;18;2;2016;11:10;5459;RUA METON DE ALENCAR;RUA COS TRISTAO;;;;Colisão Transversal;Luz do Dia;Bom;Seca;Cruz;Pare;Residencial;0;0;2;1;0;0;0;0;0;0;0;0;-38,525394;-3,735373