COD_ACIDENTE;DIA;MES;ANO;HORA;INTERSECAO;LOG1;LOG2;LOG3;NUMERO;REFERENCIA;NATUREZA;ILUMINACAO;TEMPO;SUPERFICIEPISTA;TIPOCRUZAMENTO;CONTROLETRAFEGO;USOSOLO;MORTOS;FERIDOS;ILESOS;AUTOMOVEL;ONIBUS;BICICLETA;CAMINHAO;MICROONIBUS;CICLOMOTOR;MOTOCICLETA;TRACAOANIMAL;TREM;LONG;LAT
274901;18;2;2016;14:40;17359;AV PRO GOMES DE MATOS;RUA IRM BAZET;;;;Colisão Transversal;Luz do Dia;Nublado;Molhada;Cruz;Pare;Comercial;0;0;2;1;0;0;0;0;0;0;0;0;-38,54981;-3,766045
274903;18;2;2016;12:10;0;AV SANTOS DUMONT;;;3384;;Colisão Traseira;Luz do Dia;Chuva;Molhada;Meio de Quadra;Não Há Controle;Comercial;0;0;2;0;0;0;0;0;0;0;0;0;-38,494527;-3,737465
276864;19;2;2016;19:21;0;AV PERIMETRAL;;;1630;FROTINHA DA MESSEJANA;Colisão;;;;Meio de Quadra;;;0;1;0;1;0;0;0;0;0;0;0;0;-38,508998;-3,829913
276865;19;2;2016;19:22;0;AV DEP PAULINO ROCHA;;;2520;;Queda;;;;Meio de Quadra;;;0;1;0;0;0;0;0;0;0;1;0;0;-38,518469;-3,810367
276866;19;2;2016;19:41;0;AV GODOFREDO MACIEL;;;472;;Queda;;;;Meio de Quadra;;;0;1;0;0;0;0;0;0;0;1;0;0;-38,564926;-3,78024
275968;19;2;2016;10:10;0;RD BR 116;;;12000;KM-12;Atropelamento;Luz do Dia;Bom;Seca;Meio de Quadra;;;0;1;1;0;0;0;0;0;0;0;0;0;-38,496066;-3,85574
275976;19;2;2016;22:40;0;RD BR 116;;;1000;KM-01;Colisão Traseira;Via Iluminada;Nublado;Seca;Meio de Quadra;;;0;0;2;1;0;0;0;0;0;0;0;0;-38,518702;-3,762554
275971;19;2;2016;18:45;0;RD BR 116;;;500;KM-01;Colisão Traseira;Via Iluminada;Bom;Seca;Meio de Quadra;;;0;2;1;1;0;0;0;0;0;1;0;0;-38,51861693;-3,7628504
277629;19;2;2016;15:00;0;RD CE-040;;;;KM-01;Colisão;Luz do Dia;Bom;Seca;Meio de Quadra;;;0;0;2;1;0;0;0;0;0;0;0;0;-38,48666;-3,758119
277630;19;2;2016;18:00;0;RD CE-025;;;;KM-02;Colisão;Anoitecer;Bom;Seca;Meio de Quadra;;;0;0;2;1;0;0;0;0;0;0;0;0;-38,461085;-3,807635
277626;19;2;2016;15:00;0;RD CE-040;;;;KM-05;Colisão;Luz do Dia;Bom;Seca;Meio de Quadra;;;0;1;1;1;0;0;0;0;0;1;0;0;-38,480331;-3,791613
277619;19;2;2016;08:50;0;RD CE-040;;;;KM-01;Colisão;Luz do Dia;Bom;Seca;Meio de Quadra;;;0;0;3;1;0;0;1;0;0;0;0;0;-38,48666;-3,758119
277623;19;2;2016;13:00;0;AV SEN CARLOS JEREISSATI (AEROPORTO);;;;KM 03;Colisão;Luz do Dia;Bom;Seca;Meio de Quadra;;;0;1;1;1;0;0;0;0;0;0;0;0;-38,544038;-3,779641
278696;19;2;2016;00:00;1525;RUA BARBOSA DE FREITAS;AV PDE ANTONIO TOMAS;;;;Colisão;;;;Cruz;Semáforo Intermitente;Misto;0;0;3;1;0;0;0;0;0;0;0;0;-38,498619;-3,740495
276769;19;2;2016;00:50;0;RUA DR RIBAMAR LOBO;;;407;;Queda;;;;Meio de Quadra;;;0;2;0;0;0;0;0;0;0;1;0;0;;
276761;19;2;2016;00:45;0;AV OLAVO BILAC;;;3000;;Colisão;;;;Meio de Quadra;;;0;1;0;0;0;0;0;0;0;0;0;0;;
276757;19;2;2016;00:42;0;AV DEP PAULINO ROCHA;;;1333;;Colisão;;;;Meio de Quadra;;;0;1;0;0;0;0;0;0;0;1;0;0;-38,50873;-3,809115
276843;19;2;2016;19:13;0;AV PRS COSTA E SILVA;;;;;Colisão;;;;Meio de Quadra;;;0;2;0;1;0;0;0;0;0;0;0;0;;
276833;19;2;2016;16:51;0;AV DR SILAS MUNGUBA;;;;;Atropelamento;Luz do Dia;;;Meio de Quadra;;;0;1;1;0;0;0;0;0;0;1;0;0;;
276830;19;2;2016;15:11;0;AV GODOFREDO MACIEL;;;5750;;Atropelamento;Luz do Dia;;;Meio de Quadra;;;0;2;0;1;0;0;0;0;0;0;0;0;-38,57898;-3,824903
276831;19;2;2016;16:48;0;AV GODOFREDO MACIEL;;;4190;;Atropelamento;Luz do Dia;;;Meio de Quadra;;;1;0;1;0;0;0;0;0;0;1;0;0;-38,5747;-3,811298
276835;19;2;2016;16:57;0;AV FRANCISCO SA;;;2812;;Colisão;Luz do Dia;;;Meio de Quadra;;;0;2;0;1;0;0;0;0;0;1;0;0;-38,550737;-3,719602
276836;19;2;2016;18:24;0;AV AGUANAMBI;;;70;;Atropelamento;Anoitecer;;;Meio de Quadra;;;0;1;1;0;0;1;0;0;0;0;0;0;-38,524251;-3,737694
276837;19;2;2016;18:52;0;AV CEL CARVALHO;;;1586;;Colisão;;;;Meio de Quadra;;;0;2;0;1;0;0;0;0;0;1;0;0;-38,588159;-3,716645
276823;19;2;2016;14:29;0;RUA MONTE LIBANO;;;;;Colisão;Luz do Dia;;;Meio de Quadra;;;0;1;0;1;0;0;0;0;0;1;0;0;;
276821;19;2;2016;14:14;23468;RUA ESV PINHEIRO;RUA CRUZ ABREU;;;;Atropelamento;Luz do Dia;;;Cruz;Pare;Residencial;0;1;1;1;0;0;0;0;0;0;0;0;-38,50784;-3,757508
276825;19;2;2016;14:30;0;AV PERIMETRAL;;;;;Queda;Luz do Dia;;;Meio de Quadra;;;0;1;0;0;0;0;0;0;0;1;0;0;;
276826;19;2;2016;14:49;0;AV DR SILAS MUNGUBA;;;1700;UECE;Queda;Luz do Dia;;;Meio de Quadra;;;0;1;1;0;0;1;0;0;0;0;0;0;-38,552146;-3,785318
276828;19;2;2016;14:51;0;AV BENJAMIM BRASIL;;;1585;POSTO RODÃO;Queda;Luz do Dia;;;Meio de Quadra;;;0;1;0;0;0;0;0;0;0;1;0;0;-38,561447;-3,806695
276813;19;2;2016;11:43;0;RUA TRES (DIAS MACEDO);;;88;;Queda;Luz do Dia;;;Meio de Quadra;;;0;1;0;0;0;0;0;0;0;1;0;0;;
276811;19;2;2016;11:40;7650;AV CARNEIRO DE MENDONCA;RUA BELO HORIZONTE;;;;Colisão;Luz do Dia;;;Cruz;Pare;Misto;0;1;1;1;0;0;0;0;0;0;0;0;-38,567567;-3,763666
276815;19;2;2016;12:04;0;RUA STA RITA D30;;;770;;Queda;Luz do Dia;;;Meio de Quadra;;;0;1;0;0;0;0;0;0;0;1;0;0;;
276816;19;2;2016;12:15;0;ET PICI;;;;;Queda;Luz do Dia;;;Meio de Quadra;;;0;1;0;0;0;0;0;0;0;1;0;0;;
276817;19;2;2016;13:06;0;AV GAL MURILO BORGES;;;;;Colisão;Luz do Dia;;;Meio de Quadra;;;0;1;0;1;0;0;0;0;0;1;0;0;;
276818;19;2;2016;13:26;0;AV SEN FERNANDES TAVORA;;;2976;;Colisão;Luz do Dia;;;Meio de Quadra;;;0;2;0;1;0;0;0;0;0;1;0;0;-38,598191;-3,755142
276806;19;2;2016;10:46;1510;AV JULIO VENTURA;RUA JOSE VILAR;;;;Colisão;Luz do Dia;;;Cruz;Semáforo;Comercial;0;2;0;0;0;0;0;0;0;1;0;0;-38,506014;-3,739985
276809;19;2;2016;11:12;0;AV WASHINGTON SOARES;;;;PATIO AGUA FRIA;Colisão;Luz do Dia;;;Meio de Quadra;;;0;1;0;1;0;0;0;0;0;1;0;0;-38,480449;-3,791999
276803;19;2;2016;08:48;3360;RUA MINAS GERAIS;RUA DOS ESTADOS;;;;Colisão;Luz do Dia;;;;;;0;4;0;0;0;0;0;0;0;0;0;0;-38,562835;-3,752753
276787;19;2;2016;04:27;0;AV GAL OSORIO DE PAIVA;;;4617;;Colisão;;;;Meio de Quadra;;;0;1;0;1;0;0;0;0;0;1;0;0;-38,596697;-3,799201
276793;19;2;2016;11:02;0;AV PDE ANTONIO TOMAS;;;3380;;Atropelamento;Luz do Dia;;;Meio de Quadra;;;1;0;1;0;0;0;1;0;0;0;0;0;-38,481725;-3,745974
276795;19;2;2016;06:22;13390;RUA JOAO BRIGIDO;RUA ILDEFONSO ALBANO;;;;Colisão;Luz do Dia;;;Cruz;Semáforo;Comercial;0;1;0;1;0;0;0;0;0;1;0;0;-38,51575;-3,740605
276796;19;2;2016;06:39;1601;RUA PDE VALDEVINO;RUA VIS MAUA;;;;Queda;Luz do Dia;;;Cruz;Pare;Comercial;0;1;0;0;0;0;0;0;0;1;0;0;-38,501876;-3,743773
276798;19;2;2016;08:11;0;RUA HERMINIO BARROSO;;;749;;Colisão;Luz do Dia;;;Meio de Quadra;;;0;1;0;1;0;0;0;0;0;1;0;0;;
276774;19;2;2016;01:02;0;AV ALM HENRIQUE SABOIA;;;3637;;Outros;;;;Meio de Quadra;;;0;2;0;0;0;0;0;0;0;1;0;0;;
276780;19;2;2016;01:06;0;RUA CON DE CASTRO;;;4138;;Colisão;;;;Meio de Quadra;;;0;1;1;1;0;0;0;0;0;1;0;0;-38,589394;-3,802103
276781;19;2;2016;02:33;0;ET DO FIO (MESSEJANA);;;177;;Colisão;;;;Meio de Quadra;;;0;2;0;0;0;0;0;0;0;1;0;0;;
276782;19;2;2016;02:53;25307;AV JOSE LEON;AV DES GONZAGA;;;;Colisão;;;;Outros;Não Há Controle;Misto;0;1;1;1;0;0;0;0;0;1;0;0;-38,504513;-3,78708
276755;19;2;2016;00:38;0;AV 13 DE MAIO;;;2358;REITORIA;Colisão;;;;Meio de Quadra;;;0;1;0;1;0;0;0;0;0;0;0;0;-38,539082;-3,740984
276789;19;2;2016;04:32;0;RUA CON DE CASTRO;;;39;;Queda;;;;Meio de Quadra;;;0;1;0;0;0;0;0;0;0;1;0;0;-38,564317;-3,775109
278697;19;2;2016;13:29;0;RUA DR JOSE LOURENCO;;;;;Colisão;Luz do Dia;;;Meio de Quadra;;;0;0;2;1;0;0;0;0;0;0;0;0;;
278699;19;2;2016;16:20;0;AV JOR THOMAZ COELHO;;;;;Colisão;Luz do Dia;;;Meio de Quadra;;;0;0;2;1;0;0;1;0;0;0;0;0;;
278703;19;2;2016;18:17;7884;AV ANTONIO SALES;RUA VICENTE LEITE;;;;Colisão;Anoitecer;;;Cruz;Pare;Comercial;0;0;2;1;0;0;0;0;0;0;0;0;-38,498468;-3,746656
274860;19;2;2016;21:20;4251;AV FRANCISCO SA;RUA MARIO STUDART;;;;Colisão Transversal;Via Iluminada;Bom;Seca;T;Pare;Comercial;0;0;2;1;0;0;0;0;0;0;0;0;-38,550501;-3,71968
274867;19;2;2016;15:50;25006;RUA BENI DE CARVALHO;RUA LEONARDO MOTA;;;;Colisão Lateral;Luz do Dia;Bom;Seca;Cruz;Semáforo;Comercial;0;0;2;1;1;0;0;0;0;0;0;0;-38,498931;-3,744739
274858;19;2;2016;17:50;5160;RUA TEN BENEVOLO;RUA SEN ALMINO;;;;Colisão Frontal;Anoitecer;Bom;Seca;T;Pare;Residencial;0;0;2;1;0;0;0;0;0;1;0;0;-38,518077;-3,7251
274855;19;2;2016;10:00;0;AV DA INDEPENDENCIA;;;1594;;Atropelamento;Luz do Dia;Bom;Seca;Meio de Quadra;Não Há Controle;Escola;0;1;1;1;0;0;0;0;0;0;0;0;-38,594978;-3,725735
274856;19;2;2016;16:30;0;AV DOMINGOS OLIMPIO;;;513;;Colisão Traseira;Luz do Dia;Bom;Seca;Meio de Quadra;Semáforo;Comercial;0;0;2;1;0;0;0;0;0;0;0;0;-38,528033;-3,737545
274781;19;2;2016;11:00;6729;RUA DES WALDETARIO P MOTA;RUA BENTO ALBUQUERQUE;;;;Colisão Lateral;Luz do Dia;Bom;;Cruz;Semáforo Intermitente;Residencial;0;0;2;1;0;0;1;0;0;0;0;0;-38,484685;-3,743274
274778;19;2;2016;09:30;0;AV JOSE BASTOS;;;;;Atropelamento;Luz do Dia;Chuva;Molhada;Outros;Semáforo Intermitente;Comercial;0;1;1;0;0;0;0;0;0;1;0;0;;
274804;19;2;2016;10:30;0;AV GAL OSORIO DE PAIVA;;;4617;;Colisão Traseira;Luz do Dia;Nublado;Molhada;Outros;Pare;Misto;0;1;1;0;0;0;0;0;0;1;0;0;-38,596697;-3,799201
274805;19;2;2016;11:50;577;AV FRANCISCO SA;AV DR THEBERGE;;;;Engavetamento;Luz do Dia;Bom;Seca;Cruz;Semáforo;Comercial;0;3;0;1;1;0;0;0;0;0;0;0;-38,565016;-3,714822
274817;19;2;2016;07:40;0;AV PRS COSTA E SILVA;;;;;Colisão Traseira;Luz do Dia;Bom;Molhada;Meio de Quadra;Semáforo;Comercial;0;1;1;0;0;0;0;0;0;1;0;0;;
274809;19;2;2016;19:30;0;AV BENJAMIM BRASIL;;;400;;Outros;Via Iluminada;Chuva;Molhada;Meio de Quadra;Semáforo;Residencial;0;1;1;0;0;0;0;0;0;1;0;0;-38,569645;-3,80401
274821;19;2;2016;11:50;0;AV AUGUSTO DOS ANJOS;;;1792;;Engavetamento;Luz do Dia;Nublado;Seca;Meio de Quadra;Pare;Comercial;0;0;2;1;0;0;0;0;0;0;0;0;-38,580445;-3,781637
274823;19;2;2016;06:50;1374;RUA SILVA PAULET;RUA ARGEMIRO VALENTE;;;;Colisão Lateral;Luz do Dia;Bom;Seca;T;Pare;Comercial;0;0;2;1;0;0;0;0;0;0;0;0;-38,506093;-3,736537
274852;19;2;2016;18:30;0;RUA 1058 CJ CEARA;;;;;Colisão Transversal;Anoitecer;Bom;Seca;Meio de Quadra;;Residencial;0;0;2;1;0;0;0;1;0;0;0;0;;
274846;19;2;2016;07:00;15185;AV BEIRA MAR;AV DES MOREIRA;;;;Colisão Transversal;Luz do Dia;Bom;Seca;T;Pare;Comercial;0;0;2;1;0;0;0;0;0;0;0;0;-38,4951;-3,726073
274844;19;2;2016;11:00;6723;RUA VILEBALDO AGUIAR;AV ENG SANTANA JUNIOR;;;;Colisão Lateral;Luz do Dia;Bom;Seca;T;Pare;Comercial;0;0;2;1;0;0;0;0;0;0;0;0;-38,485608;-3,741266
274836;19;2;2016;04:30;10999;RUA 15 DE NOVEMBRO;RUA ALBERTO MAGNO;;;;Colisão Lateral;Amanhecer;Nublado;Molhada;Cruz;Pare;Residencial;0;0;2;1;0;0;0;0;0;0;0;0;-38,553169;-3,769909
274829;19;2;2016;06:30;25096;RUA RODRIGUES JUNIOR;RUA ROCHA LIMA;;;;Colisão Lateral;Luz do Dia;Bom;Seca;Cruz;Pare;Residencial;0;0;2;1;0;0;1;0;0;0;0;0;-38,522475;-3,73632
274832;19;2;2016;11:30;5203;RUA AGAPITO DOS SANTOS;RUA PEDRO PEREIRA;;;;Colisão Traseira;Luz do Dia;Bom;Seca;Cruz;Pare;Comercial;0;0;2;1;0;0;0;0;0;0;0;0;-38,538907;-3,726324
284866;19;2;2016;12:30;26270;AV NORTE;RUA CAIO CID;;;;;Luz do Dia;;;;;;0;0;2;1;0;0;0;0;0;0;0;0;;
280024;19;2;2016;09:41;0;AV 13 DE MAIO;;;;;Colisão;Luz do Dia;;;Meio de Quadra;;;0;0;2;0;0;0;0;0;0;0;0;0;;
280010;19;2;2016;07:37;4054;AV JOSE BASTOS;RUA MARANHAO;;;;Colisão;Luz do Dia;;;Cruz;Pare;Comercial;0;0;2;0;0;0;0;0;0;0;0;0;-38,562353;-3,757818
279998;19;2;2016;00:10;0;AV SANTOS DUMONT;;;;;Colisão;;;;Meio de Quadra;;;0;0;2;0;0;0;0;0;0;0;0;0;;
280053;19;2;2016;12:14;0;RUA SHIRLEY;;;286;;Colisão;Luz do Dia;;;Meio de Quadra;;;0;0;2;0;0;0;0;0;0;0;0;0;;
280043;19;2;2016;11:18;1649;RUA GAL TERTULIANO POTYGUARA;RUA CEL JUCA;;;;Colisão;Luz do Dia;;;Cruz;Pare;Residencial;0;0;2;0;0;0;0;0;0;0;0;0;-38,493766;-3,745325
280103;19;2;2016;19:12;0;AV DES MOREIRA;;;;;Colisão;;;;Meio de Quadra;;;0;0;2;0;0;0;0;0;0;0;0;0;;
280104;19;2;2016;16:47;0;AV DOS EXPEDICIONARIOS;;;10546;;Colisão;Luz do Dia;;;Meio de Quadra;;;0;0;2;0;0;0;0;0;0;0;0;0;;
280096;19;2;2016;15:44;0;AV JOR THOMAZ COELHO;;;;;Colisão;Luz do Dia;;;Meio de Quadra;;;0;0;2;0;0;0;0;0;0;0;0;0;;
280097;19;2;2016;16:12;5389;AV DUQ CAXIAS;RUA FLORIANO PEIXOTO;;;;Colisão;Luz do Dia;;;Cruz;Pare;Comercial;0;0;2;0;0;0;0;0;0;0;0;0;-38,528731;-3,732162
280093;19;2;2016;15:39;0;AV JOVITA FEITOSA;;;2996;;Colisão;Luz do Dia;;;Meio de Quadra;;;0;0;2;0;0;0;0;0;0;0;0;0;-38,564491;-3,741497
280077;19;2;2016;14:29;0;AV AGUANAMBI;;;;;Colisão;Luz do Dia;;;Meio de Quadra;;;0;0;2;0;0;0;0;0;0;0;0;0;;
280080;19;2;2016;14:37;0;RUA VITAL BRASIL;;;2788;;Colisão;Luz do Dia;;;Meio de Quadra;;;0;0;2;0;0;0;0;0;0;0;0;0;-38,604115;-3,776273
280084;19;2;2016;14:59;1510;RUA JOSE VILAR;AV JULIO VENTURA;;;;Colisão;Luz do Dia;;;Cruz;Semáforo;Comercial;0;0;2;0;0;0;0;0;0;0;0;0;-38,506014;-3,739985
280062;19;2;2016;13:46;0;AV ABOLICAO;;;3273;;Colisão;Luz do Dia;;;Meio de Quadra;;;0;0;2;0;0;0;0;0;0;0;0;0;-38,49022;-3,726509
280068;19;2;2016;13:48;0;RUA JOAQUIM NABUCO;;;2424;;Colisão;Luz do Dia;;;Meio de Quadra;;;0;0;2;0;0;0;0;0;0;0;0;0;-38,504906;-3,74654
280065;19;2;2016;13:47;7869;RUA BARBOSA DE FREITAS;RUA FRANCISCO HOLANDA;;;;Colisão;Luz do Dia;;;Cruz;Pare;Residencial;0;0;2;0;0;0;0;0;0;0;0;0;-38,501555;-3,749671
280128;19;2;2016;18:05;0;AV CESAR CALS;;;2255;;Colisão;Anoitecer;;;Meio de Quadra;;;0;0;2;0;0;0;0;0;0;0;0;0;;
280139;19;2;2016;18:09;0;RUA EDUARDO PORTO;;;;;Colisão;Anoitecer;;;Meio de Quadra;;;0;0;2;0;0;0;0;0;0;0;0;0;;
280144;19;2;2016;18:29;0;AV PERIMETRAL;;;540;;Colisão;Anoitecer;;;Meio de Quadra;;;0;0;2;0;0;0;0;0;0;0;0;0;;
280141;19;2;2016;18:10;13416;AV RUI BARBOSA;RUA JOAO BRIGIDO;;;;Colisão;Anoitecer;;;Cruz;Pare;Comercial;0;0;2;0;0;0;0;0;0;0;0;0;-38,511369;-3,741995
280151;19;2;2016;19:39;6721;AV ENG SANTANA JUNIOR;RUA BENTO ALBUQUERQUE;;;;Colisão;;;;Cruz;Semáforo;Misto;0;0;2;0;0;0;0;0;0;0;0;0;-38,486538;-3,742678
280156;19;2;2016;21:02;0;RUA PRO GOMES BRASIL;;;;;Colisão;;;;Meio de Quadra;;;0;0;2;0;0;0;0;0;0;0;0;0;;
280158;19;2;2016;21:33;0;AV PERIMETRAL;;;3280;;Colisão;;;;Meio de Quadra;;;0;0;2;0;0;0;0;0;0;0;0;0;;
280006;19;2;2016;07:06;18387;AV SGT HERMINIO SAMPAIO;AV OLAVO BILAC;;;;Colisão;Luz do Dia;;;Cruz;Semáforo;Residencial;0;0;2;0;0;0;0;0;0;0;0;0;-38,56508;-3,727179
280007;19;2;2016;07:18;0;AV OLAVO BILAC;;;431;;Colisão;Luz do Dia;;;Meio de Quadra;;;0;1;1;1;0;0;0;0;0;1;0;0;-38,565652;-3,725022
280008;19;2;2016;07:25;3994;RUA SAMUEL UCHOA;RUA AQUIRAZ;;;;Colisão;Luz do Dia;;;;;;0;0;2;0;0;0;0;0;0;0;0;0;-38,544979;-3,755006
280004;19;2;2016;06:47;24990;AV PRS COSTA E SILVA;AV PRS JUSCELINO KUBITSCHEK (PASSARÉ);;;;Colisão;Luz do Dia;;;T;Semáforo;Residencial;0;0;2;0;0;0;0;0;0;0;0;0;-38,539516;-3,825648
274598;19;2;2016;17:00;15316;RUA REPUBLICA DO LIBANO;RUA JOAQUIM NABUCO;;;;Colisão Lateral;Via Iluminada;Nublado;Molhada;Cruz;Pare;Residencial;0;0;2;1;0;0;0;0;0;0;0;0;-38,4997;-3,730318
280170;20;2;2016;07:39;16051;AV GODOFREDO MACIEL;RUA OSCAR BENEVIDES;;;;Colisão;Luz do Dia;;;Outros;Não Há Controle;Residencial;0;0;2;0;0;0;0;0;0;0;0;0;-38,574179;-3,810087
280172;20;2;2016;08:19;12068;AV MON AMARILIO RODRIGUES;AV CASTELO DE CASTRO;;;;Colisão;Luz do Dia;;;Cruz;Semáforo;Comercial;0;0;2;0;0;0;0;0;0;0;0;0;-38,521635;-3,835217
280174;20;2;2016;08:58;0;RUA ARACA;;;180;;Colisão;Luz do Dia;;;Meio de Quadra;;;0;0;2;0;0;0;0;0;0;0;0;0;-38,583206;-3,7793
280175;20;2;2016;09:10;7479;RUA PEDRO DANTAS;AV ALBERTO CRAVEIRO;;;;Colisão;Luz do Dia;;;T;Semáforo;Comercial;0;0;2;0;0;0;0;0;0;0;0;0;-38,51722;-3,786753
280162;20;2;2016;06:44;0;RUA SUICA;;;;;Colisão;Luz do Dia;;;Meio de Quadra;;;0;0;2;1;0;0;0;0;0;0;0;0;;
280163;20;2;2016;06:49;0;AV ROGACIANO LEITE;;;1860;;Colisão;Luz do Dia;;;Meio de Quadra;;;0;0;2;0;0;0;0;0;0;0;0;0;-38,498148;-3,770811
280180;20;2;2016;10:28;0;RUA SAO BENTO;;;619;;Outros;Luz do Dia;;;Meio de Quadra;;;0;0;2;0;0;0;0;0;0;0;0;0;;
280187;20;2;2016;10:59;0;AV ALBERTO CRAVEIRO;;;466;;Colisão;Luz do Dia;;;Meio de Quadra;;;0;0;2;0;0;0;0;0;0;0;0;0;-38,51656;-3,782812
280229;20;2;2016;11:11;4189;AV PRS CASTELO BRANCO;RUA FRANCISCO CORDEIRO;;;;Colisão;Luz do Dia;;;Cruz;Pare;Comercial;0;0;2;0;0;0;0;0;0;0;0;0;-38,550593;-3,713113
280231;20;2;2016;11:12;0;RUA DEMETRIO MENEZES;;;;;Colisão;Luz do Dia;;;Meio de Quadra;;;0;0;2;0;0;0;0;0;0;0;0;0;;
280233;20;2;2016;11:14;0;RUA JOAQUIM NABUCO;;;1550;;Colisão;Luz do Dia;;;Meio de Quadra;;;0;0;2;0;0;0;0;0;0;0;0;0;-38,502544;-3,739144
280226;20;2;2016;11:07;0;AV DOS EXPEDICIONARIOS;;;;;Colisão;Luz do Dia;;;Meio de Quadra;;;0;0;2;0;0;0;0;0;0;0;0;0;;
280199;20;2;2016;11:05;13659;RUA DR THOMPSON BULCAO;RUA REV BOLIVAR P BANDEIRA;;;;Colisão;Luz do Dia;;;Cruz;;Residencial;0;0;2;0;0;0;0;0;0;0;0;0;-38,492006;-3,770002
280238;20;2;2016;11:50;6733;AV ENG SANTANA JUNIOR;RUA ANDRADE FURTADO;;;;Colisão;Luz do Dia;;;T;Pare;Misto;0;0;2;0;0;0;0;0;0;0;0;0;-38,487269;-3,743312
280235;20;2;2016;11:30;0;AV 13 DE MAIO;;;793;;Colisão;Luz do Dia;;;Meio de Quadra;;;0;0;2;0;0;0;0;0;0;0;0;0;-38,526969;-3,75134
280240;20;2;2016;12:48;0;AV PRS COSTA E SILVA;;;2660;;Colisão;Luz do Dia;;;Meio de Quadra;;;0;0;2;0;0;0;0;0;0;0;0;0;;
280242;20;2;2016;12:50;9240;RUA DEP OSWALDO STUDART;RUA MARIO MAMEDE;;;;Colisão;Luz do Dia;;;Cruz;Semáforo;Residencial;0;0;2;0;0;0;0;0;0;0;0;0;-38,527367;-3,752752
274870;20;2;2016;13:30;4613;RUA TAB JOAQUIM COELHO;AV WASHINGTON SOARES;;;;Colisão Traseira;Luz do Dia;Bom;Seca;T;Pare;Comercial;0;0;2;1;0;0;0;0;0;0;0;0;-38,479883;-3,796971
274876;20;2;2016;10:05;21395;RUA CON BRAVEZA;RUA MAL LOTT;;;;Colisão Lateral;Luz do Dia;Chuva;Molhada;Cruz;Pare;Residencial;0;0;2;1;0;0;0;0;0;0;0;0;-38,49624;-3,801369
274878;20;2;2016;19:10;18453;AV OLAVO BILAC;RUA SAO JUDAS TADEU D08;;;;Colisão Transversal;Via Iluminada;Bom;Seca;T;Pare;Residencial;0;0;2;0;0;0;0;0;0;1;0;0;-38,564759;-3,729948
274884;20;2;2016;11:30;0;AV ALBERTO CRAVEIRO;;;;;Colisão Traseira;Luz do Dia;Nublado;Seca;Meio de Quadra;Não Há Controle;Comercial;0;0;2;1;0;0;1;0;0;0;0;0;;
274881;20;2;2016;13:35;0;AV ALBERTO CRAVEIRO;;;;;Colisão Traseira;Luz do Dia;Bom;Seca;Meio de Quadra;Não Há Controle;Comercial;0;0;3;1;0;0;0;0;0;0;0;0;;
274873;20;2;2016;11:30;25351;RUA MARINHO E SILVA;AV PRS JUSCELINO KUBITSCHEK (PASSARÉ);;;;Colisão Transversal;Luz do Dia;Nublado;Seca;Duplo T;Não Há Controle;Comercial;0;1;1;1;0;0;0;0;0;0;0;0;;
274892;20;2;2016;11:25;0;RUA JOSE HIPOLITO;;;1159;;Colisão Traseira;Luz do Dia;Nublado;Seca;Meio de Quadra;Não Há Controle;Comercial;0;0;2;1;0;0;0;0;0;0;0;0;-38,485329;-3,836101
274889;20;2;2016;22:50;1230;RUA BAR ARACATI;RUA COSTA BARROS;;;;Colisão Lateral;Via Iluminada;Bom;Seca;Cruz;Pare;Comercial;0;0;2;1;0;0;0;0;0;0;0;0;-38,511153;-3,730488
274890;20;2;2016;20:50;0;RUA GUARUJA;;;326;;Colisão Traseira;Via Iluminada;Bom;Seca;Meio de Quadra;Não Há Controle;Residencial;0;0;2;1;0;0;0;0;0;0;0;0;;
278705;20;2;2016;;0;AV GAL OSORIO DE PAIVA;;;;;Colisão;;;;Meio de Quadra;;;0;0;2;1;0;0;0;0;0;0;0;0;;
278708;20;2;2016;13:36;0;AV PRS COSTA E SILVA;;;;;Colisão;Luz do Dia;;;Meio de Quadra;;;0;0;2;0;0;0;1;0;0;0;0;0;;
278710;20;2;2016;16:38;0;RUA TORRES CAMARA;;;;;Colisão;Luz do Dia;;;Meio de Quadra;;;0;0;2;1;0;0;0;0;0;0;0;0;;
278712;20;2;2016;20:43;19469;AV AUGUSTO DOS ANJOS;AV GAL OSORIO DE PAIVA;;;;Colisão;;;;Outros;Pare;Misto;0;0;2;0;1;0;0;0;0;0;0;0;-38,584939;-3,787349
278717;20;2;2016;22:20;0;AV GAL OSORIO DE PAIVA;;;;;Colisão;;;;Meio de Quadra;;;0;0;2;1;0;0;0;0;0;0;0;0;;
277634;20;2;2016;19:45;0;RD CE-040;;;8494;KM-09;Colisão;Via Iluminada;Bom;Seca;Meio de Quadra;;;0;4;0;0;0;1;0;0;0;1;0;0;-38,481538;-3,825516
277635;20;2;2016;21:30;0;RD CE-040;;;;KM-07;Colisão;Via Iluminada;Bom;Seca;Meio de Quadra;;;0;2;1;0;0;0;0;0;0;1;0;0;-38,478733;-3,809597
280257;20;2;2016;13:36;4007;RUA ALBERTO MAGNO;RUA DES PRAXEDES;;;;Colisão;Luz do Dia;;;Cruz;Semáforo;Comercial;0;0;2;0;0;0;0;0;0;0;0;0;-38,546795;-3,76123
280325;20;2;2016;16:33;11661;RUA ARARIPE MACEDO;RUA BRI TORRES;;;;Colisão;Luz do Dia;;;;;;0;0;2;0;0;0;0;0;0;0;0;0;-38,582315;-3,77025