COD_ACIDENTE;DIA;MES;ANO;HORA;INTERSECAO;LOG1;LOG2;LOG3;NUMERO;REFERENCIA;NATUREZA;ILUMINACAO;TEMPO;SUPERFICIEPISTA;TIPOCRUZAMENTO;CONTROLETRAFEGO;USOSOLO;MORTOS;FERIDOS;ILESOS;AUTOMOVEL;ONIBUS;BICICLETA;CAMINHAO;MICROONIBUS;CICLOMOTOR;MOTOCICLETA;TRACAOANIMAL;TREM;LONG;LAT
280310;20;2;2016;14:55;0;AV MON TABOSA;;;115;;Colisão;Luz do Dia;;;Meio de Quadra;;;0;0;2;0;0;0;0;0;0;0;0;0;-38,518117;-3,723656
280314;20;2;2016;15:01;0;RUA WASHINGTON DE MORAIS;;;1110;;Colisão;Luz do Dia;;;Meio de Quadra;;;0;0;2;0;0;0;0;0;0;0;0;0;;
280315;20;2;2016;15:34;0;AV GAL OSORIO DE PAIVA;;;3494;;Colisão;Luz do Dia;;;Meio de Quadra;;;0;0;2;0;0;0;0;0;0;0;0;0;-38,589458;-3,791766
280327;20;2;2016;16:35;0;RUA TORRES CAMARA;;;;;Colisão;Luz do Dia;;;Meio de Quadra;;;0;0;2;0;0;0;0;0;0;0;0;0;;
280328;20;2;2016;16:54;0;AV VIS RIO BRANCO;;;3081;;Colisão;Luz do Dia;;;Meio de Quadra;;;0;0;2;0;0;0;0;0;0;0;0;0;-38,521598;-3,747987
280271;20;2;2016;13:49;0;AV JOSE BASTOS;;;;;Colisão;Luz do Dia;;;Meio de Quadra;;;0;0;2;1;0;0;0;0;0;0;0;0;;
280279;20;2;2016;14:01;4447;AV LEITE BARBOSA;RUA CONEFOR;;;;Colisão;Luz do Dia;;;;;;0;0;2;0;0;0;0;0;0;0;0;0;-38,468726;-3,709938
280303;20;2;2016;14:51;743;AV PASTEUR;AV PRS CASTELO BRANCO;;;;Colisão;Luz do Dia;;;Cruz;Semáforo;Comercial;0;0;2;0;0;0;0;0;0;0;0;0;-38,558856;-3,711181
280282;20;2;2016;14:32;0;RUA DOM MANUEL DE MEDEIROS;;;2782;;Colisão;Luz do Dia;;;Meio de Quadra;;;0;0;2;0;0;0;0;0;0;0;0;0;;
280289;20;2;2016;14:37;0;RUA JOR ANTONIO P TAVARES;;;;;Colisão;Luz do Dia;;;Meio de Quadra;;;0;0;2;0;0;0;0;0;0;0;0;0;;
280418;20;2;2016;23:07;0;AV LINEU MACHADO;;;;;Colisão;;;;;;;0;0;2;0;0;0;0;0;0;0;0;0;;
280419;20;2;2016;23:19;10859;RUA JULIO MACIEL D35;RUA PORTO ALEGRE;;;;Colisão;;;;;;;0;0;2;0;0;0;0;0;0;0;0;0;-38,579716;-3,765825
280415;20;2;2016;23:06;0;AV ENG LEAL LIMA VERDE (SAPIRANGA/COITE);;;;;Colisão;;;;Meio de Quadra;;;0;0;2;0;0;0;0;0;0;0;0;0;;
280412;20;2;2016;22:04;0;AV GAL OSORIO DE PAIVA;;;4855;;Colisão;;;;Meio de Quadra;;;0;0;2;0;0;0;0;0;0;0;0;0;-38,598746;-3,801299
280410;20;2;2016;21:27;0;AV BEZERRA DE MENEZES;;;;;Colisão;;;;Meio de Quadra;;;0;0;2;0;0;0;0;0;0;0;0;0;;
280407;20;2;2016;21:23;0;AV OLIVEIRA PAIVA;;;;;Colisão;;;;Meio de Quadra;;;0;0;2;0;0;0;0;0;0;0;0;0;;
280404;20;2;2016;20:30;10863;RUA PORTO VELHO;RUA PRO HERIBALDO COSTA;;;;Colisão;;;;Cruz;Semáforo;Comercial;0;0;2;0;0;0;0;0;0;0;0;0;-38,587014;-3,765974
280402;20;2;2016;20:27;9614;RUA SGT JOAO PINHEIRO;RUA MARTINS CARVALHO;;;;Colisão;;;;Cruz;Pare;Residencial;0;0;2;0;0;0;0;0;0;0;0;0;-38,624612;-3,78937
280397;20;2;2016;20:10;19469;AV AUGUSTO DOS ANJOS;AV GAL OSORIO DE PAIVA;;;;Colisão;;;;Outros;Pare;Misto;0;0;2;0;0;0;0;0;0;0;0;0;-38,584939;-3,787349
280391;20;2;2016;20:01;0;AV CEL CARVALHO;;;1145;;Colisão;;;;Meio de Quadra;;;0;0;2;0;0;0;0;0;0;0;0;0;-38,589154;-3,712517
280382;20;2;2016;19:41;3820;AV 13 DE MAIO;AV CARAPINIMA;;;;Colisão;;;;Cruz;Semáforo;Comercial;0;0;2;1;0;0;0;0;0;0;0;0;-38,540239;-3,740001
280367;20;2;2016;18:54;12426;AV SEN FERNANDES TAVORA;RUA RIBEIRO LEITAO;;;;Colisão;;;;Cruz;Pare;Residencial;0;0;2;0;0;0;0;0;0;0;0;0;-38,578199;-3,764304
280387;20;2;2016;19:45;0;RUA ALVES LIMA;;;;;Colisão;;;;Meio de Quadra;;;0;0;2;0;0;0;0;0;0;0;0;0;;
280377;20;2;2016;19:11;0;AV LINEU MACHADO;;;;;Colisão;;;;;;;0;0;2;0;0;0;0;0;0;0;0;0;;
280378;20;2;2016;19:27;3860;AV DA UNIVERSIDADE;AV 13 DE MAIO;;;;Colisão;;;;Cruz;Semáforo;Comercial;0;0;2;0;0;0;0;0;0;0;0;0;-38,539107;-3,740962
280374;20;2;2016;18:54;12426;AV SEN FERNANDES TAVORA;RUA RIBEIRO LEITAO;;;;Colisão;;;;Cruz;Pare;Residencial;0;0;2;0;0;0;0;0;0;0;0;0;-38,578199;-3,764304
280358;20;2;2016;18:00;0;RUA CARLOS RIBEIRO;;;;;Colisão;Anoitecer;;;Meio de Quadra;;;0;0;2;0;0;0;0;0;0;0;0;0;;
280350;20;2;2016;17:22;0;AV 13 DE MAIO;;;1251;;Colisão;Anoitecer;;;Meio de Quadra;;;0;0;2;0;0;0;0;0;0;0;0;0;-38,530043;-3,748709
276868;20;2;2016;01:11;0;RUA BAR SOBRAL;;;491;;Colisão;;;;Meio de Quadra;;;0;1;0;1;0;0;0;0;0;0;0;0;-38,553351;-3,767483
276873;20;2;2016;01:23;0;AV GODOFREDO MACIEL;;;4035;;Colisão;;;;Meio de Quadra;;;0;1;0;1;0;0;0;0;0;1;0;0;-38,574205;-3,810165
276874;20;2;2016;01:27;12685;AV CEL CARVALHO;AV DA INDEPENDENCIA;;;;Colisão;;;;Cruz;Semáforo;Comercial;0;1;0;1;0;0;0;0;0;1;0;0;-38,584952;-3,728711
276875;20;2;2016;01:30;0;AV GOV RAUL BARBOSA;;;6324;;Queda;;;;Meio de Quadra;;;0;1;0;0;0;0;0;0;0;1;0;0;-38,511347;-3,771593
276876;20;2;2016;02:11;0;AV PRS CASTELO BRANCO;;;400;MARINA PARK;Queda;;;;Meio de Quadra;;;0;1;0;0;0;0;0;0;0;1;0;0;-38,530144;-3,720316
276877;20;2;2016;03:33;0;AV DR SILAS MUNGUBA;;;2620;;Colisão;;;;Meio de Quadra;;;0;1;0;1;0;0;0;0;0;1;0;0;-38,550019;-3,786471
276878;20;2;2016;04:29;0;AV MR HULL;;;4442;TERMINAL ANTONIO BEZERRA;Atropelamento;;;;Meio de Quadra;;;0;1;0;0;0;0;0;0;0;1;0;0;-38,584585;-3,738616
276879;20;2;2016;04:51;0;RUA PINTO MADEIRA;;;500;;Colisão;;;;Meio de Quadra;;;0;1;0;1;0;0;0;0;0;1;0;0;-38,520558;-3,731391
276885;20;2;2016;07:17;2614;AV CEL CARVALHO;RUA DES HERMES PARAHYBA;;;;Colisão;Luz do Dia;;;Cruz;Semáforo;Misto;0;1;0;1;0;0;0;0;0;1;0;0;-38,58883;-3,713855
276886;20;2;2016;08:20;8934;AV DOMINGOS OLIMPIO;RUA PDE MORORO;;;;Colisão;Luz do Dia;;;Cruz;Pare;Residencial;0;1;0;1;0;0;0;0;0;1;0;0;-38,539949;-3,733752
276887;20;2;2016;08:39;0;AV A CJ JOSE WALTER;;;481;;Queda;Luz do Dia;;;Meio de Quadra;;;0;1;0;0;0;1;0;0;0;0;0;0;-38,554838;-3,824646
276888;20;2;2016;08:54;5235;RUA PEDRO PEREIRA;RUA PRC ISABEL;;;;Colisão;Luz do Dia;;;Cruz;Pare;Misto;0;1;1;1;0;0;0;0;0;1;0;0;-38,535705;-3,727353
276889;20;2;2016;09:47;0;AV EDILSON B SOARES;;;1264;;Queda;Luz do Dia;;;Meio de Quadra;;;0;1;0;0;0;0;0;0;0;1;0;0;;
276890;20;2;2016;10:13;0;AV NORTE;;;1890;;Queda;Luz do Dia;;;Meio de Quadra;;;0;1;0;0;0;0;0;0;0;1;0;0;;
276891;20;2;2016;10:31;0;RUA RIO ARAGUAIA;;;300;;Queda;Luz do Dia;;;Meio de Quadra;;;0;1;0;0;0;1;0;0;0;0;0;0;-38,581567;-3,71957
276921;20;2;2016;15:33;0;RD BR 116;;;6520;VIADUTO BORGES MELO;Colisão;Luz do Dia;;;Meio de Quadra;;;0;1;0;0;0;0;0;0;0;0;0;0;-38,514887;-3,778333
276922;20;2;2016;16:48;0;AV WASHINGTON SOARES;;;5050;JACAUNA;Colisão;Luz do Dia;;;Meio de Quadra;;;0;1;1;1;0;0;0;0;0;1;0;0;-38,479293;-3,803414
276923;20;2;2016;17:39;0;AV PERIMETRAL;;;469;;Queda;Anoitecer;;;Meio de Quadra;;;0;1;0;0;0;0;0;0;0;1;0;0;;
276913;20;2;2016;14:53;9614;RUA SGT JOAO PINHEIRO;RUA MARTINS CARVALHO;;;;Colisão;Luz do Dia;;;Cruz;Pare;Residencial;0;1;0;0;0;0;0;0;0;0;0;0;-38,624612;-3,78937
276907;20;2;2016;13:49;0;RUA CEL JUSTINO F RAMOS;;;487;;Colisão;Luz do Dia;;;Meio de Quadra;;;0;2;0;0;0;0;0;0;0;0;0;0;;
276908;20;2;2016;13:58;0;RUA LINDOLFO FREIRE;;;68;;Queda;Luz do Dia;;;Meio de Quadra;;;0;1;0;0;0;1;0;0;0;0;0;0;-38,587614;-3,728379
276894;20;2;2016;10:37;0;AV DUQ CAXIAS;;;251;IGREJA CORACAO DE JESUS;Atropelamento;Luz do Dia;;;Meio de Quadra;;;0;1;0;0;0;0;0;0;0;1;0;0;-38,526451;-3,732869
276895;20;2;2016;10:49;0;AV GODOFREDO MACIEL;;;;;Queda;Luz do Dia;;;Meio de Quadra;;;0;1;0;0;0;0;0;0;0;1;0;0;;
276881;20;2;2016;05:07;0;AV PRS CASTELO BRANCO;;;2546;;Colisão;Amanhecer;;;Meio de Quadra;;;0;1;0;1;0;0;0;0;0;1;0;0;-38,550734;-3,713068
276882;20;2;2016;05:30;0;AV PRS JUSCELINO KUBITSCHEK (PASSARÉ);;;4454;;Colisão;Amanhecer;;;Meio de Quadra;;;0;1;0;1;0;0;0;0;0;1;0;0;-38,531681;-3,816373
276883;20;2;2016;06:52;0;RUA CARLOS MAGNO;;;1011;;Atropelamento;Luz do Dia;;;Meio de Quadra;;;0;1;0;0;0;0;0;0;0;1;0;0;;
276871;20;2;2016;01:14;0;RUA MIGUEL ARAGAO;;;107;;Queda;;;;Meio de Quadra;;;0;1;0;0;0;0;0;0;0;1;0;0;;
276897;20;2;2016;10:56;348;RUA PRO LINO ENCARNACAO;RUA CESAR FONTENELE;;;;Atropelamento;Luz do Dia;;;Cruz;Pare;Misto;0;1;0;0;0;0;0;0;0;1;0;0;-38,559596;-3,746359
276898;20;2;2016;11:03;0;RUA MARIA GOMES DE SA;;;29;;Colisão;Luz do Dia;;;Meio de Quadra;;;0;1;0;0;0;0;0;0;0;1;0;0;;
276899;20;2;2016;11:10;348;RUA PRO LINO ENCARNACAO;RUA CESAR FONTENELE;;;;Colisão;Luz do Dia;;;Cruz;Pare;Misto;0;1;0;1;0;0;0;0;0;1;0;0;-38,559596;-3,746359
276902;20;2;2016;12:47;0;AV OLAVO BILAC;;;1056;;Colisão;Luz do Dia;;;Meio de Quadra;;;0;1;0;1;0;0;0;0;0;1;0;0;-38,564748;-3,73003
276903;20;2;2016;12:59;0;AV H CJ CEARA;;;1416;;Queda;Luz do Dia;;;Meio de Quadra;;;0;1;0;0;0;0;0;0;0;1;0;0;-38,61068;-3,775865
276904;20;2;2016;13:06;9304;RUA TULIPA;RUA GAL MARIO HERMES;;;;Colisão;Luz do Dia;;;T;Pare;Residencial;0;1;1;0;0;0;0;0;0;1;0;0;-38,579159;-3,713445
276905;20;2;2016;13:16;7223;RUA IRINEU DE SOUZA;RUA ALVES LIMA;;;;Colisão;Luz do Dia;;;Cruz;Pare;Residencial;0;1;0;0;0;0;0;0;0;0;0;0;-38,569298;-3,710391
274900;20;2;2016;01:30;24970;AV ALM HENRIQUE SABOIA;RUA VICENTE LEITE;;;;Engavetamento;Via Iluminada;Bom;Seca;Outros;Não Há Controle;Residencial;0;0;3;1;0;0;0;0;0;0;0;0;-38,499821;-3,752102
274897;20;2;2016;12:50;3820;AV 13 DE MAIO;AV CARAPINIMA;;;;Colisão Transversal;Luz do Dia;Nublado;Seca;Cruz;Semáforo;Comercial;0;0;2;1;1;0;0;0;0;0;0;0;-38,540239;-3,740001
274911;20;2;2016;05:30;17400;RUA EDITE BRAGA;RUA BAR SOBRAL;;;;Colisão Transversal;Amanhecer;Chuva;Inundada;Cruz;Pare;Residencial;0;0;2;1;0;0;0;0;0;0;0;0;-38,553278;-3,767521
274905;20;2;2016;13:00;2614;AV CEL CARVALHO;RUA DES HERMES PARAHYBA;;;;Colisão Transversal;Luz do Dia;Bom;Seca;Cruz;Semáforo;Misto;0;2;0;0;0;0;0;0;0;1;0;0;-38,58883;-3,713855
274908;20;2;2016;00:00;0;AV ENG HUMBERTO MONTE;;;;;Colisão Traseira;Via Iluminada;Bom;Seca;Meio de Quadra;Não Há Controle;Residencial;0;0;2;1;0;0;0;0;0;0;0;0;;
274909;20;2;2016;08:15;342;AV ENG HUMBERTO MONTE;RUA TIP SALES;;;;Outros;Luz do Dia;Chuva;Molhada;T;Semáforo;Comercial;0;0;1;1;0;0;0;0;0;0;0;0;-38,563123;-3,745968
274895;20;2;2016;08:00;17265;RUA ALBERTO MAGNO;RUA SATIRO DIAS;;;;Colisão Transversal;Via Iluminada;Bom;Seca;Cruz;Pare;Comercial;0;0;2;1;0;0;0;0;0;0;0;0;-38,547531;-3,762063
274928;20;2;2016;16:40;0;AV BEZERRA DE MENEZES;;;;;Colisão Traseira;Luz do Dia;Bom;Seca;Meio de Quadra;Não Há Controle;Comercial;0;0;2;1;0;0;0;0;0;0;0;0;;
274923;20;2;2016;10:30;7479;AV ALBERTO CRAVEIRO;RUA PEDRO DANTAS;;;;Colisão Traseira;Luz do Dia;Chuva;Molhada;T;Semáforo;Comercial;0;2;1;1;0;0;0;0;0;0;0;0;-38,51722;-3,786753
274924;20;2;2016;23:30;0;RUA ALUISIO AZEVEDO;;;;;;;;;Meio de Quadra;;;0;0;1;1;0;0;0;0;0;0;0;0;;
274926;20;2;2016;23:30;0;RUA ALUISIO AZEVEDO;;;;;Colisão Traseira;Via Iluminada;Bom;Seca;Meio de Quadra;Pare;Comercial;0;0;4;1;0;0;0;0;0;0;0;0;;
274920;20;2;2016;06:30;1566;RUA PDE VALDEVINO;RUA SILVA PAULET;;;;Colisão Transversal;Luz do Dia;Chuva;Molhada;Cruz;Pare;Comercial;0;0;2;1;0;0;0;0;0;1;0;0;-38,507851;-3,741957
274915;20;2;2016;21:25;0;AV EDILSON B SOARES;;;1838;;Colisão Transversal;Via Iluminada;Bom;Seca;Meio de Quadra;;;0;2;0;1;0;0;0;0;0;1;0;0;-38,469356;-3,78849
274917;20;2;2016;17:45;0;AV DES MOREIRA;;;;;Colisão Traseira;Via Iluminada;Bom;Seca;Meio de Quadra;Não Há Controle;Comercial;0;0;2;1;0;0;0;0;0;0;0;0;;
276925;20;2;2016;18:35;17957;RUA ALCANTARA BILHAR;RUA JOAQUIM ALBANO;;;;Colisão;;;;Cruz;Pare;Comercial;0;3;0;1;0;0;0;0;0;1;0;0;-38,58213;-3,735593
276926;20;2;2016;22:40;0;RUA CON DE CASTRO;;;7140;;Colisão;;;;Meio de Quadra;;;1;1;0;0;0;0;0;0;0;1;0;0;-38,600725;-3,817226
276927;20;2;2016;18:51;0;RUA QUINZE (CANINDEZINHO);;;;;Colisão;;;;Meio de Quadra;;;0;1;0;0;0;0;0;0;0;0;0;0;;
276928;21;2;2016;00:13;0;AV JOSE BASTOS;;;6510;;Colisão;;;;Meio de Quadra;;;0;1;0;0;0;0;0;0;0;0;0;0;-38,569576;-3,767391
276934;21;2;2016;03:30;3820;AV CARAPINIMA;AV 13 DE MAIO;;;;Queda;;;;Cruz;Semáforo;Comercial;0;1;0;0;0;0;0;0;0;1;0;0;-38,540239;-3,740001
276935;21;2;2016;03:38;19109;RUA PAULO MORAIS;RUA JULIO AZEVEDO;;;;Colisão;;;;Outros;Pare;Residencial;0;1;0;1;0;0;0;0;0;1;0;0;-38,479186;-3,738042
276936;21;2;2016;03:51;19109;RUA JULIO AZEVEDO;RUA PAULO MORAIS;;;;Colisão;;;;Outros;Pare;Residencial;0;3;1;1;0;0;0;0;0;0;0;0;-38,479186;-3,738042
276938;21;2;2016;03:55;0;AV ROGACIANO LEITE;;;2850;;Colisão;;;;Meio de Quadra;;;0;1;0;0;0;0;0;0;0;0;0;0;-38,502518;-3,783683
276939;21;2;2016;04:16;0;RUA JOAQUIM FROTA;;;1400;;Colisão;;;;Meio de Quadra;;;0;1;0;1;0;1;0;0;0;0;0;0;-38,465971;-3,800792
276940;21;2;2016;05:40;0;RUA PRO COSTA MENDES;;;936;;Colisão;Amanhecer;;;Meio de Quadra;;;0;1;0;1;0;0;0;0;0;0;0;0;-38,54834;-3,753407
276941;21;2;2016;06:55;0;RUA PRO GOMES BRASIL;;;512;LAGOA DA PARANGABA;Queda;Luz do Dia;;;Meio de Quadra;;;0;1;0;0;0;0;0;0;0;1;0;0;-38,569998;-3,770822
276931;21;2;2016;02:42;0;AV PERIMETRAL;;;1425;;Colisão;;;;Meio de Quadra;;;0;1;0;1;0;0;0;0;0;1;0;0;;
276943;21;2;2016;09:29;8949;AV BEZERRA DE MENEZES;RUA JUSTINIANO DE SERPA;;;;Queda;Luz do Dia;;;Cruz;Semáforo Intermitente;Comercial;0;1;0;0;0;1;0;0;0;0;0;0;-38,542857;-3,731156
276944;21;2;2016;09:42;0;RD BR 116;;;13000;KM-13;Colisão;Luz do Dia;;;Meio de Quadra;;;0;1;0;0;0;0;0;0;0;0;0;0;-38,497727;-3,86467
276946;21;2;2016;11:47;0;AV PRS CASTELO BRANCO;;;4048;;Colisão;Luz do Dia;;;Meio de Quadra;;;0;1;0;1;0;0;0;0;0;1;0;0;-38,568678;-3,7083
276947;21;2;2016;12:05;0;RUA B C CAMARA;;;49;;Queda;Luz do Dia;;;Meio de Quadra;;;0;1;0;0;0;0;0;0;0;1;0;0;;
276948;21;2;2016;12:19;0;RUA NAT FEIJO;;;490;;Atropelamento;Luz do Dia;;;Meio de Quadra;;;0;1;0;1;0;0;0;0;0;0;0;0;-38,553294;-3,722245
276949;21;2;2016;12:23;12674;AV CEL CARVALHO;RUA GUILHERME MENDES;;;;Colisão;Luz do Dia;;;Cruz;Pare;Misto;0;1;1;1;0;0;0;0;0;1;0;0;-38,587094;-3,720651
276950;21;2;2016;12:26;14421;AV SGT HERMINIO SAMPAIO;RUA PDE ANCHIETA;;;;Colisão;Luz do Dia;;;Cruz;Semáforo;Comercial;0;1;0;0;0;0;0;0;0;0;0;0;-38,551079;-3,724693
276963;21;2;2016;14:33;0;AV JOAO PESSOA;;;;;Colisão;Luz do Dia;;;Meio de Quadra;;;0;1;0;1;0;0;0;0;0;1;0;0;;
276964;21;2;2016;14:41;0;RUA ARRUDA CAMARA;;;152;;Atropelamento;Luz do Dia;;;Meio de Quadra;;;0;1;0;0;0;0;0;0;0;1;0;0;-38,581539;-3,791427
276965;21;2;2016;14:42;0;AV GODOFREDO MACIEL;;;991;;Colisão;Luz do Dia;;;Meio de Quadra;;;0;1;0;1;0;0;0;0;0;1;0;0;-38,566324;-3,784899
276966;21;2;2016;15:22;0;AV ALBERTO CRAVEIRO;;;2770;CASTELAO;Colisão;Luz do Dia;;;Meio de Quadra;;;0;1;0;0;0;0;0;0;0;1;0;0;-38,523255;-3,805335
276967;21;2;2016;15:23;0;AV WASHINGTON SOARES;;;;;Atropelamento;Luz do Dia;;;Meio de Quadra;;;0;1;0;0;0;0;0;0;0;0;0;0;;
276968;21;2;2016;15:28;0;RD BR 116;;;;VIADUTO AEROLANDIA;Colisão;Luz do Dia;;;Meio de Quadra;;;0;1;0;1;0;1;0;0;0;0;0;0;-38,500482;-3,810825
276957;21;2;2016;13:02;0;AV PRS CASTELO BRANCO;;;2165;;Atropelamento;Luz do Dia;;;Meio de Quadra;;;0;1;0;0;1;0;0;0;0;0;0;0;-38,547347;-3,71414
276958;21;2;2016;13:33;0;RUA SGT JOAO PINHEIRO;;;488;;Colisão;Luz do Dia;;;Meio de Quadra;;;0;1;0;0;0;0;0;0;0;0;0;0;-38,621746;-3,779044
276959;21;2;2016;13:54;0;RD BR 116;;;9701;VIADUTO MESSEJANA;Queda;Luz do Dia;;;Meio de Quadra;;;0;1;0;0;0;0;0;0;0;1;0;0;-38,504803;-3,831154
276960;21;2;2016;14:07;0;AV ZEZE DIOGO;;;833;;Colisão;Luz do Dia;;;Meio de Quadra;;;0;1;0;0;0;0;0;0;0;0;0;0;;
276954;21;2;2016;12:44;0;RUA MOURA MATOS;;;1399;;Colisão;Luz do Dia;;;Meio de Quadra;;;0;1;0;0;0;0;0;0;0;0;0;0;-38,541514;-3,814236
276971;21;2;2016;15:55;0;RD BR 116;;;13000;KM-13;Colisão;Luz do Dia;;;Meio de Quadra;;;0;1;0;1;0;1;0;0;0;0;0;0;-38,497727;-3,86467
276973;21;2;2016;16:11;0;RUA LONDRINA;;;1453;;Queda;Luz do Dia;;;Meio de Quadra;;;0;1;0;0;0;0;0;0;0;1;0;0;-38,604321;-3,780734
276974;21;2;2016;16:21;0;RUA JORGE FIGUEIREDO (ANCURI);;;2368;;Queda;Luz do Dia;;;Meio de Quadra;;;0;1;0;0;0;0;0;0;0;1;0;0;;
276975;21;2;2016;16:22;0;AV PLACIDO CASTELO;;;269;;Colisão;Luz do Dia;;;Meio de Quadra;;;0;1;1;1;0;0;0;0;0;1;0;0;-38,50962;-3,784315
276976;21;2;2016;17:03;0;RUA BAR AQUIRAZ;;;970;;Colisão;Anoitecer;;;Meio de Quadra;;;0;2;0;1;0;0;0;0;0;1;0;0;-38,488197;-3,837154
276978;21;2;2016;17:06;0;RUA PDE MANUEL PRIMO;;;63;;Queda;Anoitecer;;;Meio de Quadra;;;0;1;0;0;0;1;0;0;0;0;0;0;-38,591966;-3,72762
276979;21;2;2016;17:26;0;RUA BETEL;;;53;;Queda;Anoitecer;;;Meio de Quadra;;;0;1;0;0;0;1;0;0;0;0;0;0;;
276981;21;2;2016;17:53;2698;RUA EDSON MARTINS;RUA ZACARIAS FLORINDO;;;;Colisão;Anoitecer;;;;Outros;;0;1;0;0;0;0;0;0;0;0;0;0;-38,606531;-3,788085
276982;21;2;2016;18:39;0;AV DIOGUINHO;;;;;Colisão;;;;Meio de Quadra;;;0;1;0;0;0;0;0;0;0;0;0;0;;
274906;21;2;2016;19:00;16979;RUA MARIA GOMES DE SA;RUA ALAN CASTELO;;;;Colisão Lateral;Via Iluminada;Bom;Seca;Cruz;Pare;Comercial;0;1;1;1;0;0;0;0;0;1;0;0;-38,580609;-3,826546
274904;21;2;2016;09:50;9170;AV EDUARDO GIRAO;RUA GAL SILVA JUNIOR;;;;Colisão Transversal;Luz do Dia;Bom;Seca;Cruz;Semáforo;Residencial;0;1;1;1;0;0;0;0;0;0;0;0;-38,530785;-3,754309
274902;21;2;2016;07:30;25345;RUA PORTO VELHO;RUA VITORIA (AV. PERIMETRAL);;;;Colisão Transversal;Luz do Dia;Bom;Seca;Cruz;Semáforo;Residencial;0;1;1;1;0;0;0;0;0;1;0;0;-38,588528;-3,76517
287331;21;2;2016;14:37;0;AV DR SILAS MUNGUBA;;;4629;;Atropelamento;Luz do Dia;;;Meio de Quadra;;;1;0;1;0;0;0;0;0;0;1;0;0;-38,534271;-3,793945
280422;21;2;2016;05:29;0;AV PRS CASTELO BRANCO;;;;;Colisão;Amanhecer;;;Meio de Quadra;;;0;0;2;0;0;0;0;0;0;0;0;0;;
280438;21;2;2016;07:41;24886;AV MOZART PINHEIRO DE LUCENA;AV MAJ ASSIS;;;;Colisão;Luz do Dia;;;Cruz;Semáforo;Residencial;0;0;2;0;0;0;0;0;0;0;0;0;;
280440;21;2;2016;08:53;0;RUA JOAQUIM FROTA;;;;;Colisão;Luz do Dia;;;Meio de Quadra;;;0;0;2;0;0;0;0;0;0;0;0;0;;
280442;21;2;2016;09:17;0;AV ROGACIANO LEITE;;;;;Colisão;Luz do Dia;;;Meio de Quadra;;;0;0;2;0;0;0;0;0;0;0;0;0;;
280494;21;2;2016;18:23;17294;RUA JOAO FIRMINO;RUA CEL ALEXANDRINO;;;;Colisão;Anoitecer;;;Cruz;Pare;Residencial;0;0;2;1;0;0;0;0;0;1;0;0;-38,554922;-3,763514
280495;21;2;2016;18:32;0;AV ODILON GUIMARAES;;;;;Colisão;;;;Meio de Quadra;;;0;0;2;0;0;0;0;0;0;0;0;0;;
280475;21;2;2016;14:41;0;RUA RAUL CABRAL;;;800;;Colisão;Luz do Dia;;;Meio de Quadra;;;0;0;2;0;0;0;0;0;0;0;0;0;-38,546229;-3,76791
280476;21;2;2016;14:49;0;AV MOZART PINHEIRO DE LUCENA;;;1100;;Colisão;Luz do Dia;;;Meio de Quadra;;;0;0;2;0;0;0;0;0;0;0;0;0;-38,593973;-3,712325
280477;21;2;2016;15:04;2652;RUA RAIMUNDO FROTA;RUA AMOR PERFEITO;;;;Colisão;Luz do Dia;;;Cruz;Não Há Controle;Residencial;0;0;2;0;0;0;0;0;0;0;0;0;-38,582332;-3,715156
280464;21;2;2016;13:40;12620;RUA TULIPA;RUA COS LAFAYETE;;;;Colisão;Luz do Dia;;;Cruz;Pare;Residencial;0;0;2;0;0;0;0;0;0;0;0;0;-38,580936;-3,718159
280470;21;2;2016;14:34;19596;RUA TCHECOSLOVAQUIA;RUA NEREU RAMOS;;;;Colisão;Luz do Dia;;;Cruz;Pare;Comercial;0;0;2;0;0;0;0;0;0;0;0;0;-38,570458;-3,785913
280445;21;2;2016;09:29;0;RUA JABORANDI;;;1702;;Colisão;Luz do Dia;;;Meio de Quadra;;;0;0;2;0;0;0;0;0;0;0;0;0;-38,517788;-3,841576
280457;21;2;2016;10:52;5134;RUA GUILHERME ROCHA;RUA TEREZA CRISTINA;;;;Colisão;Luz do Dia;;;Cruz;Pare;Residencial;0;0;2;0;0;0;0;0;0;0;0;0;-38,535981;-3,724385
280458;21;2;2016;12:43;0;AV JOSE BASTOS;;;;;Colisão;Luz do Dia;;;Meio de Quadra;;;0;0;2;0;0;0;0;0;0;0;0;0;;
280518;21;2;2016;22:21;1649;RUA CEL JUCA;RUA GAL TERTULIANO POTYGUARA;;;;Colisão;;;;Cruz;Pare;Residencial;0;0;2;0;0;0;0;0;0;0;0;0;-38,493766;-3,745325
280513;21;2;2016;21:31;0;LOGRADOURO SEM NOME;;;;;Colisão;;;;Meio de Quadra;;;0;0;2;0;0;0;0;0;0;0;0;0;;
280515;21;2;2016;21:44;0;RUA TIJIPIO;;;;;Colisão;;;;Meio de Quadra;;;0;0;2;0;0;0;0;0;0;0;0;0;;
280516;21;2;2016;21:51;15169;RUA JOAQUIM NABUCO;AV BEIRA MAR;;;;Colisão;;;;T;Pare;Outros;0;0;2;0;0;0;0;0;0;0;0;0;-38,49812;-3,725387
280505;21;2;2016;20:06;0;AV PLACIDO CASTELO;;;15;;Colisão;;;;Meio de Quadra;;;0;0;2;0;0;0;0;0;0;0;0;0;;
280482;21;2;2016;15:30;0;RUA AQUIRAZ;;;1530;;Colisão;Luz do Dia;;;Meio de Quadra;;;0;0;2;0;0;0;0;0;0;0;0;0;;
280484;21;2;2016;16:46;0;RUA NAT FEIJO;;;490;;Colisão;Luz do Dia;;;Meio de Quadra;;;0;0;2;0;0;0;0;0;0;0;0;0;-38,553294;-3,722245
280488;21;2;2016;16:56;0;RUA MOURA MATOS;;;1400;;Colisão;Luz do Dia;;;Meio de Quadra;;;0;0;2;0;0;0;0;0;0;0;0;0;-38,541519;-3,814231