COD_ACIDENTE;DIA;MES;ANO;HORA;INTERSECAO;LOG1;LOG2;LOG3;NUMERO;REFERENCIA;NATUREZA;ILUMINACAO;TEMPO;SUPERFICIEPISTA;TIPOCRUZAMENTO;CONTROLETRAFEGO;USOSOLO;MORTOS;FERIDOS;ILESOS;AUTOMOVEL;ONIBUS;BICICLETA;CAMINHAO;MICROONIBUS;CICLOMOTOR;MOTOCICLETA;TRACAOANIMAL;TREM;LONG;LAT
280489;21;2;2016;16:58;13602;AV ROGACIANO LEITE;RUA DR THOMPSON BULCAO;;;;Colisão;Luz do Dia;;;Cruz;Semáforo Intermitente;Comercial;0;0;2;0;0;0;0;0;0;0;0;0;-38,496968;-3,767788
280490;21;2;2016;17:24;13602;AV ROGACIANO LEITE;AV GAL MURILO BORGES;;;;Colisão;Anoitecer;;;;;;0;0;2;0;0;0;0;0;0;0;0;0;-38,496968;-3,767788
280491;21;2;2016;17:44;0;RUA SGT JOAO PINHEIRO;;;488;;Colisão;Anoitecer;;;Meio de Quadra;;;0;0;2;0;0;0;0;0;0;0;0;0;-38,621746;-3,779044
281020;21;2;2016;07:10;0;AV DOMINGOS OLIMPIO;;;;;Colisão;Luz do Dia;;;Meio de Quadra;;;0;0;2;0;0;0;0;0;0;0;0;0;;
281080;21;2;2016;12:27;0;AV D CJ CEARA;;;1264;;Colisão;Luz do Dia;;;Meio de Quadra;;;0;0;2;0;0;0;0;0;0;0;0;0;-38,602467;-3,763262
278721;21;2;2016;05:43;0;AV PRS COSTA E SILVA;;;;;Colisão;Amanhecer;;;Meio de Quadra;;;0;0;2;1;1;0;0;0;0;0;0;0;;
278724;21;2;2016;17:56;15429;RUA HOMEM DE MELO;RUA DOMINGOS RAIOL;;;;Colisão;Anoitecer;;;Cruz;Pare;Residencial;0;0;2;1;0;0;0;0;0;0;0;0;-38,496508;-3,816531
274888;21;2;2016;18:50;356;RUA FRANCISCA CLOTILDE;RUA GUSTAVO BRAGA;;;;Colisão Transversal;Via Iluminada;Nublado;Molhada;Cruz;Pare;Comercial;0;0;2;1;0;0;0;0;0;0;0;0;-38,556863;-3,747141
274893;21;2;2016;07:30;23023;RUA CARAMURU D45 (ITAPERI);RUA LIBANIA (SERRINHA);;;;Colisão Transversal;Luz do Dia;Bom;Seca;Cruz;Não Há Controle;Residencial;0;1;1;1;0;0;0;0;0;1;0;0;-38,541074;-3,788882
274894;21;2;2016;;24606;AV MOZART PINHEIRO DE LUCENA;RUA DES HERMES PARAHYBA;;;;Colisão Transversal;Via Iluminada;Bom;Seca;Cruz;Não Há Controle;Residencial;0;0;2;1;0;0;0;0;0;0;0;0;-38,593995;-3,712404
285427;21;2;2016;01:00;0;RD BR 116;;;11777;KM-11;Atropelamento;;;;Meio de Quadra;;;1;0;1;1;0;0;0;0;0;0;0;0;-38,49672673;-3,848173913
275069;21;2;2016;07:00;0;RUA DR GILBERTO STUDART;;;2251;;Colisão Frontal;Luz do Dia;Bom;Seca;Meio de Quadra;Pare;Residencial;0;0;2;1;0;0;0;0;0;1;0;0;;
275073;21;2;2016;10:00;15289;AV DES MOREIRA;RUA ANA BILHAR;;;;Colisão Transversal;Luz do Dia;Bom;Seca;Cruz;Semáforo;Comercial;0;0;2;0;0;0;0;0;0;1;0;0;-38,496113;-3,729331
275077;21;2;2016;20:21;3769;AV DOMINGOS OLIMPIO;RUA SEN POMPEU;;;;Colisão Traseira;Via Iluminada;Bom;Seca;Cruz;Semáforo;Comercial;0;0;2;1;1;0;0;0;0;0;0;0;-38,532455;-3,736254
275081;21;2;2016;19:40;0;RUA BERNARDO MANUEL;;;;;Colisão Traseira;Via Iluminada;Bom;Seca;Meio de Quadra;Não Há Controle;Comercial;0;0;2;1;0;0;0;0;0;0;0;0;;
275105;21;2;2016;;0;AV ROGACIANO LEITE;;;2850;;Choque c/ Obstáculo Fixo;Luz do Dia;Bom;Seca;Meio de Quadra;Pare;Residencial;0;1;0;0;0;0;0;0;0;0;0;0;-38,502518;-3,783683
275106;21;2;2016;09:30;0;AV CASTELO DE CASTRO;;;1324;;Colisão Traseira;Luz do Dia;Bom;Seca;Meio de Quadra;Não Há Controle;Residencial;0;2;0;0;0;0;0;0;0;0;0;0;-38,521756;-3,841008
275091;21;2;2016;20:20;0;RUA BAR AQUIRAZ;;;;;Colisão Transversal;Via Iluminada;Bom;Seca;Meio de Quadra;Pare;Residencial;0;1;1;1;0;0;0;0;0;1;0;0;;
275142;21;2;2016;00:15;0;AV DR SILAS MUNGUBA;;;3950;;Atropelamento;Via Iluminada;Bom;Seca;Meio de Quadra;Outros;Comercial;0;1;1;1;0;0;0;0;0;0;0;0;-38,538441;-3,791022
275147;21;2;2016;19:00;23896;RUA ANTONIO CARNEIRO;AV CESAR CALS;;;;Choque c/ Obstáculo Fixo;Via Iluminada;Bom;Seca;Duplo T;Pare;Misto;0;1;0;1;0;0;0;0;0;0;0;0;-38,462577;-3,724681
275152;21;2;2016;15:50;0;AV ENG SANTANA JUNIOR;;;1259;;Colisão Traseira;Luz do Dia;Bom;Seca;Meio de Quadra;Não Há Controle;Comercial;0;0;2;1;0;0;0;0;0;0;0;0;-38,484158;-3,738963
275158;21;2;2016;13:20;0;AV CEL CARVALHO;;;;;Colisão Lateral;Luz do Dia;Bom;Seca;Meio de Quadra;Semáforo;Residencial;0;0;2;1;0;0;0;0;0;1;0;0;;
275166;21;2;2016;15:10;0;AV DOM LUIS;;;;;Colisão Lateral;Luz do Dia;Bom;Seca;Meio de Quadra;;Comercial;0;0;2;1;1;0;0;0;0;0;0;0;;
275174;21;2;2016;13:50;735;AV DR THEBERGE;AV TEN LISBOA;;;;Colisão Lateral;Luz do Dia;Bom;Seca;Cruz;Pare;Comercial;0;1;1;1;0;0;0;0;0;1;0;0;-38,566942;-3,720711
275184;21;2;2016;19:10;15126;AV HIS RAIMUNDO GIRAO;AV RUI BARBOSA;;;;Colisão;Via Iluminada;Bom;Seca;Cruz;Semáforo;Comercial;0;0;2;1;0;0;0;0;0;0;0;0;-38,505405;-3,723546
275193;22;2;2016;22:30;1649;RUA CEL JUCA;RUA GAL TERTULIANO POTYGUARA;;;;Colisão Transversal;Via Iluminada;;Seca;Cruz;Pare;Residencial;0;1;1;1;0;0;0;0;0;1;0;0;-38,493766;-3,745325
275196;22;2;2016;21:50;0;AV FRANCISCO SA;;;7630;;Colisão Traseira;Via Iluminada;Bom;Seca;Meio de Quadra;;Residencial;0;4;2;1;0;0;0;0;0;0;0;0;-38,586168;-3,706312
275200;22;2;2016;06:25;1657;RUA BENI DE CARVALHO;RUA CEL JUCA;;;;Colisão;Via Iluminada;Bom;Seca;;Não Há Controle;Residencial;0;0;2;1;0;0;0;0;0;0;0;0;-38,49407;-3,746301
275202;22;2;2016;12:00;19759;RUA AMADEU FURTADO;RUA AZEVEDO BOLAO;;;;Colisão Transversal;Luz do Dia;Bom;Seca;Cruz;Pare;Residencial;0;1;2;1;0;0;0;0;0;1;0;0;-38,563588;-3,737863
275221;22;2;2016;10:20;13491;RUA JOAO CORDEIRO;RUA CEL ALVES TEIXEIRA;;;;Colisão Transversal;Luz do Dia;Nublado;Molhada;Cruz;Pare;Residencial;0;0;2;1;0;0;0;0;0;0;0;0;-38,519336;-3,745411
282365;22;2;2016;15:15;23041;AV DR SILAS MUNGUBA;RUA BRUNO VALENTE;;;;Colisão Traseira;Luz do Dia;Chuva;Molhada;Cruz;Pare;Comercial;0;0;1;0;0;0;0;0;0;0;0;0;-38,540009;-3,790483
278726;22;2;2016;08:32;0;RUA ALM RUBIM;;;;;Colisão;Luz do Dia;;;Meio de Quadra;;;0;0;2;1;0;0;0;0;0;0;0;0;;
278728;22;2;2016;12:09;26252;RUA ANTONIO BARROS;RUA PERGENTINO MAIA;;;;Colisão;Luz do Dia;;;Cruz;Pare;Comercial;0;0;2;0;1;0;0;0;0;1;0;0;;
278734;22;2;2016;17:20;12457;AV AUGUSTO DOS ANJOS;RUA PRO GOMES BRASIL;;;;Colisão;Anoitecer;;;;;;0;0;2;0;1;0;0;0;0;0;0;0;-38,570427;-3,770153
280769;22;2;2016;23:07;1649;RUA GAL TERTULIANO POTYGUARA;RUA CEL JUCA;;;;Colisão;;;;Cruz;Pare;Residencial;0;0;2;0;0;0;0;0;0;0;0;0;-38,493766;-3,745325
280771;22;2;2016;23:31;12457;AV AUGUSTO DOS ANJOS;AV SEN FERNANDES TAVORA;;;;Choque c/ Obstáculo Fixo;;;;;;;0;0;2;0;0;0;0;0;0;0;0;0;-38,570427;-3,770153
280759;22;2;2016;22:16;0;AV BENJAMIM BRASIL;;;2350;;Colisão;;;;Meio de Quadra;;;0;0;2;0;0;0;0;0;0;0;0;0;-38,556106;-3,80912
280755;22;2;2016;22:16;12508;RUA ALUISIO AZEVEDO;AV LINEU MACHADO;;;;Colisão;;;;Cruz;Semáforo;Residencial;0;0;2;0;0;0;0;0;0;0;0;0;-38,579184;-3,770212
280731;22;2;2016;21:02;0;RUA PDE VALDEVINO;;;109;;Colisão;;;;Meio de Quadra;;;0;0;2;0;0;0;0;0;0;0;0;0;-38,523112;-3,737147
280765;22;2;2016;23:06;1657;RUA CEL JUCA;RUA BENI DE CARVALHO;;;;Colisão;;;;;Não Há Controle;Residencial;0;0;2;0;0;0;0;0;0;0;0;0;-38,49407;-3,746301
280751;22;2;2016;21:42;0;AV MOZART PINHEIRO DE LUCENA;;;;;Queda;;;;Meio de Quadra;;;0;0;2;0;0;0;0;0;0;0;0;0;;
280733;22;2;2016;21:03;12863;AV DOMINGOS OLIMPIO;RUA FLORIANO PEIXOTO;;;;Colisão;;;;Cruz;Pare;Misto;0;1;1;1;0;0;0;0;0;0;0;0;-38,530313;-3,736976
280721;22;2;2016;20:38;0;RUA OSVALDO CRUZ;;;;;Colisão;;;;Meio de Quadra;;;0;0;2;0;0;0;0;0;0;0;0;0;;
280712;22;2;2016;19:42;9750;RUA CEL FABRICIANO;RUA SAO LUIZ DO OESTE;;;;Colisão;;;;Cruz;Pare;Comercial;0;0;2;0;0;0;0;0;0;0;0;0;-38,610116;-3,782125
280713;22;2;2016;20:32;0;AV JOR THOMAZ COELHO;;;;;Colisão;;;;Meio de Quadra;;;0;0;2;0;0;0;0;0;0;0;0;0;;
280527;22;2;2016;01:07;0;RUA ALAGOAS;;;1414;;Colisão;;;;Meio de Quadra;;;0;0;2;0;0;0;0;0;0;0;0;0;-38,570477;-3,759728
280531;22;2;2016;06:39;0;RUA GUSTAVO SAMPAIO;;;64;;Colisão;Luz do Dia;;;Meio de Quadra;;;0;0;2;0;0;0;0;0;0;0;0;0;-38,545154;-3,732902
280536;22;2;2016;06:39;0;RUA GUSTAVO SAMPAIO;;;64;;Colisão;Luz do Dia;;;Meio de Quadra;;;0;0;2;0;0;0;0;0;0;0;0;0;-38,545154;-3,732902
280537;22;2;2016;07:17;6545;AV A CJ CEARA;AV H CJ CEARA;;;;Colisão;Luz do Dia;;;;;;0;0;2;1;0;0;0;0;0;0;0;0;-38,605924;-3,775146
280665;22;2;2016;19:02;0;AV CASTELO DE CASTRO;;;100;;Colisão;;;;Meio de Quadra;;;0;0;2;0;0;0;0;0;0;0;0;0;-38,52146;-3,82987
280650;22;2;2016;17:07;7923;AV GOV RAUL BARBOSA;RUA ISAC AMARAL;;;;Colisão;Anoitecer;;;;;;0;0;2;0;0;0;0;0;0;0;0;0;-38,503726;-3,753019
280651;22;2;2016;18:02;7403;AV SEN FERNANDES TAVORA;RUA ARACAJU;;;;Colisão;Anoitecer;;;Cruz;Outros;Comercial;0;0;2;0;0;0;0;0;0;0;0;0;-38,587377;-3,759398
280652;22;2;2016;18:14;0;AV DR SILAS MUNGUBA;;;4195;;Colisão;Anoitecer;;;Meio de Quadra;;;0;0;2;0;0;0;0;0;0;0;0;0;-38,537981;-3,791179
280653;22;2;2016;18:25;0;AV GAL OSORIO DE PAIVA;;;1854;;Colisão;Anoitecer;;;Meio de Quadra;;;0;0;2;0;0;0;0;0;0;0;0;0;-38,578167;-3,783027
280632;22;2;2016;16:04;8949;RUA JUSTINIANO DE SERPA;AV BEZERRA DE MENEZES;;;;Colisão;Luz do Dia;;;Cruz;Semáforo Intermitente;Comercial;0;0;3;0;1;0;0;0;0;0;0;0;-38,542857;-3,731156
280644;22;2;2016;17:05;13436;RUA DR JOSE LOURENCO;AV ANTONIO SALES;;;;Colisão;Anoitecer;;;Cruz;Semáforo;Comercial;0;0;2;0;0;0;0;0;0;0;0;0;-38,51045;-3,742954
280638;22;2;2016;16:41;16971;RUA JOSE DUTRA;AV WENEFRIDO MELO;;;;Colisão;Luz do Dia;;;T;Pare;Comercial;0;0;2;1;0;0;0;0;0;0;0;0;-38,575417;-3,811155
280639;22;2;2016;16:50;271;AV JOVITA FEITOSA;RUA AMADEU FURTADO;;;;Colisão;Luz do Dia;;;Cruz;Semáforo;Residencial;0;0;2;0;0;0;0;0;0;0;0;0;-38,562915;-3,741173
280630;22;2;2016;15:41;0;AV AGUANAMBI;;;1000;;Colisão;Luz do Dia;;;Meio de Quadra;;;0;0;2;0;0;0;1;0;0;0;0;0;-38,525432;-3,745305
280626;22;2;2016;15:27;3336;RUA RIO GRANDE DO SUL;RUA VIRIATO RIBEIRO;;;;Colisão;Luz do Dia;;;Cruz;Pare;Residencial;0;0;2;1;0;0;0;0;0;0;0;0;-38,561355;-3,750184
280627;22;2;2016;15:31;15372;AV DOM LUIS;RUA CEL JUCA;;;;Colisão;Luz do Dia;;;Cruz;Semáforo;Comercial;0;0;2;0;0;0;0;0;0;0;0;0;-38,490579;-3,735452
280577;22;2;2016;09:07;7819;RUA JOAQUIM NABUCO;RUA FRANCISCO HOLANDA;;;;Colisão;Luz do Dia;;;Cruz;Pare;Residencial;0;0;2;0;0;0;0;0;0;0;0;0;-38,505505;-3,748406
280621;22;2;2016;14:24;15005;AV GODOFREDO MACIEL;RUA SUICA;;;;Colisão;Luz do Dia;;;T;Não Há Controle;Comercial;0;0;2;0;0;0;0;0;0;0;0;0;-38,568361;-3,792859
280622;22;2;2016;14:50;12954;RUA BERNARDO MANUEL;AV PRS COSTA E SILVA;;;;Colisão;Luz do Dia;;;Cruz;Semáforo;Comercial;0;0;2;1;0;0;0;0;0;0;0;0;-38,558276;-3,821079
280623;22;2;2016;15:29;0;AV SANTOS DUMONT;;;3715;;Colisão;Luz do Dia;;;Meio de Quadra;;;0;0;2;0;0;0;0;0;0;0;0;0;-38,490314;-3,738827
280613;22;2;2016;12:28;0;RUA FLORIANO PEIXOTO;;;752;;Colisão;Luz do Dia;;;Meio de Quadra;;;0;0;2;0;0;0;0;0;0;0;0;0;-38,527659;-3,728935
280614;22;2;2016;12:29;13771;RUA LUIZA MIRANDA COELHO;AV PINTO BANDEIRA D56;;;;Colisão;Luz do Dia;;;Cruz;Pare;Residencial;0;0;2;1;0;0;0;0;0;0;0;0;-38,487283;-3,774929
280615;22;2;2016;13:23;0;AV ALBERTO CRAVEIRO;;;494;;Colisão;Luz do Dia;;;Meio de Quadra;;;0;0;3;0;0;0;0;0;0;0;0;0;-38,516604;-3,782923
280545;22;2;2016;07:33;0;AV GAL OSORIO DE PAIVA;;;6395;;Colisão;Luz do Dia;;;Meio de Quadra;;;0;1;1;1;0;0;0;0;0;1;0;0;-38,608152;-3,811033
280555;22;2;2016;07:53;11932;AV CASTELO DE CASTRO;AV PRS COSTA E SILVA;;;;Colisão;Luz do Dia;;;Cruz;Semáforo;Misto;0;0;2;0;0;0;1;0;0;0;0;0;;
280556;22;2;2016;07:58;5962;AV C CJ CEARA;RUA 1157 CJ CEARA;;;;Colisão;Luz do Dia;;;;;;0;0;2;0;0;0;0;0;0;0;0;0;-38,60985;-3,762594
280560;22;2;2016;08:00;0;AV I CJ JOSE WALTER;;;10;;Colisão;Luz do Dia;;;Meio de Quadra;;;0;0;2;1;0;0;0;0;0;1;0;0;-38,550255;-3,823573
280584;22;2;2016;09:39;0;RUA PEREIRA FILGUEIRAS;;;1615;;Colisão;Luz do Dia;;;Meio de Quadra;;;0;0;2;0;0;0;0;0;0;0;0;0;;
280579;22;2;2016;09:11;0;RUA VALPARAISO;;;1603;;Choque c/ Obstáculo Fixo;Luz do Dia;;;Meio de Quadra;;;0;1;0;0;0;0;0;0;0;1;0;0;-38,531513;-3,839504
280573;22;2;2016;10:07;24956;AV ENG ALBERTO SA;AV ALM HENRIQUE SABOIA;;;;Colisão;Luz do Dia;;;Cruz;Semáforo;Comercial;0;0;2;0;0;0;1;0;0;0;0;0;-38,48289;-3,732499
280566;22;2;2016;08:31;0;RUA ESTADO DO RIO;;;880;;Colisão;Luz do Dia;;;Meio de Quadra;;;0;0;2;0;0;0;0;0;0;0;0;0;-38,571095;-3,758846
275982;22;2;2016;12:40;0;RD BR 116;;;200;KM-02;Colisão Traseira;Luz do Dia;Bom;Seca;Meio de Quadra;;;0;1;1;1;0;0;0;0;0;1;0;0;-38,5163975;-3,772578051
277004;22;2;2016;04:21;0;RUA VALPARAISO;;;21;;Colisão;;;;Meio de Quadra;;;0;1;0;0;0;0;0;0;0;0;0;0;;
276996;22;2;2016;03:49;0;AV GAL OSORIO DE PAIVA;;;6391;;Colisão;;;;Meio de Quadra;;;0;1;0;1;0;0;0;0;0;1;0;0;-38,608035;-3,810912
276998;22;2;2016;03:53;0;RUA 21 DE ABRIL D27;;;337;;Colisão;;;;Meio de Quadra;;;0;1;0;1;0;0;0;0;0;1;0;0;;
276999;22;2;2016;03:55;7645;RUA ESTADO DO RIO;RUA PERNAMBUCO;;;;Colisão;;;;Cruz;Pare;Misto;0;1;0;1;0;0;0;0;0;1;0;0;-38,570848;-3,758439
276984;22;2;2016;00:19;7628;RUA RIO GRANDE DO SUL;RUA ALAGOAS;;;;Colisão;;;;Cruz;Não Há Controle;Residencial;0;2;0;0;0;0;0;0;0;1;0;0;-38,568934;-3,760762
276985;22;2;2016;02:30;0;RUA JOSE TORRES;;;1534;;Colisão;;;;Meio de Quadra;;;0;1;0;1;0;0;0;0;0;1;0;0;;
276987;22;2;2016;02:31;19721;RUA GUSTAVO SAMPAIO;RUA AMADEU FURTADO;;;;Queda;;;;Cruz;;Residencial;0;1;0;0;0;0;0;0;0;1;0;0;-38,563828;-3,736786
276988;22;2;2016;02:50;0;AV I CJ JOSE WALTER;;;10;;Colisão;;;;Meio de Quadra;;;0;1;0;1;0;0;0;0;0;1;0;0;-38,550255;-3,823573
276990;22;2;2016;03:01;0;RUA CON DE CASTRO;;;3517;;Colisão;;;;Meio de Quadra;;;0;1;0;0;0;0;0;0;0;0;0;0;-38,585786;-3,798346
276991;22;2;2016;07:12;21883;RUA DEP MATOSO FILHO;RUA EMILIA GONCALVES;;;;Colisão Transversal;Luz do Dia;;;Cruz;Pare;Residencial;1;0;1;1;0;0;0;0;0;1;0;0;-38,592575;-3,7334
276992;22;2;2016;03:08;0;AV C CJ CEARA;;;1157;;Atropelamento;;;;Meio de Quadra;;;0;1;0;0;0;0;0;0;0;1;0;0;-38,613063;-3,768715
276993;22;2;2016;03:11;0;RUA NEREU RAMOS;;;488;;Atropelamento;;;;Meio de Quadra;;;0;1;0;1;0;0;0;0;0;0;0;0;-38,571223;-3,785634
276994;22;2;2016;03:32;0;RUA VALPARAISO;;;910;;Colisão;;;;Meio de Quadra;;;0;1;0;1;0;0;0;0;0;1;0;0;-38,527429;-3,842875
277038;22;2;2016;19:42;5434;AV HERACLITO GRACA;AV DOM MANUEL;;;;Colisão;;;;Cruz;Semáforo;Comercial;0;1;1;1;0;0;0;0;0;1;0;0;-38,522952;-3,734013
277028;22;2;2016;14:42;0;AV DR SILAS MUNGUBA;;;4195;;Colisão;Luz do Dia;;;Meio de Quadra;;;0;1;0;1;0;0;0;0;0;1;0;0;-38,537981;-3,791179
277029;22;2;2016;15:20;0;RUA EUCLIDES O DE SOUSA;;;1462;;Colisão;Luz do Dia;;;Meio de Quadra;;;0;2;0;0;0;0;0;0;0;1;0;0;-38,46664;-3,797111
277030;22;2;2016;15:27;0;RUA ARUEIRAS;;;130;;Colisão;Luz do Dia;;;Meio de Quadra;;;0;2;0;0;0;0;0;0;0;1;0;0;;
277031;22;2;2016;16:39;0;RUA CEL FABRICIANO;;;2132;;Colisão;Luz do Dia;;;Meio de Quadra;;;0;1;0;1;0;0;0;0;0;1;0;0;;
277006;22;2;2016;06:45;0;AV WASHINGTON SOARES;;;3636;;Colisão;Luz do Dia;;;Meio de Quadra;;;0;1;0;1;0;0;0;0;0;1;0;0;-38,480691;-3,787049
277026;22;2;2016;13:51;731;RUA PEDRO AMERICO;RUA IRINEU DE SOUZA;;;;Colisão;Luz do Dia;;;Cruz;Pare;Residencial;0;1;0;0;0;0;0;0;0;1;0;0;-38,566244;-3,711438
277040;22;2;2016;19:56;0;AV BENJAMIM BRASIL;;;1585;POSTO RODÃO;Colisão;;;;Meio de Quadra;;;0;1;0;1;0;0;0;0;0;1;0;0;-38,561447;-3,806695
277041;22;2;2016;19:59;0;RUA PRO GOMES BRASIL;;;295;;Queda;;;;Meio de Quadra;;;0;1;0;0;0;0;0;0;0;1;0;0;-38,568152;-3,773253
277035;22;2;2016;18:15;20289;RUA ELDORADO;RUA 10 JD CASTELAO;;;;Atropelamento;Anoitecer;;;;;;0;1;0;0;0;0;0;0;0;0;0;0;-38,530105;-3,817291
277036;22;2;2016;19:20;25084;AV BENJAMIM BRASIL;RUA BERNARDO MANUEL;;;;Colisão;;;;T;Semáforo;Comercial;0;1;0;1;0;0;0;0;0;1;0;0;-38,554874;-3,81006
277033;22;2;2016;17:56;0;AV DOMINGOS OLIMPIO;;;675;5-BPM;Atropelamento;Anoitecer;;;Meio de Quadra;;;0;1;0;1;0;0;0;0;0;0;0;0;-38,529788;-3,737127
277019;22;2;2016;12:53;0;AV PRS COSTA E SILVA;;;;;Colisão;Luz do Dia;;;Meio de Quadra;;;0;1;0;1;0;0;0;0;0;0;0;0;;
277022;22;2;2016;13:42;13436;AV ANTONIO SALES;RUA DR JOSE LOURENCO;;;;Atropelamento;Luz do Dia;;;Cruz;Semáforo;Comercial;0;1;0;1;0;0;0;0;0;0;0;0;-38,51045;-3,742954
277008;22;2;2016;08:23;0;RUA FLORIANO PEIXOTO;;;748;;Colisão;Luz do Dia;;;Meio de Quadra;;;0;1;0;1;0;0;0;0;0;1;0;0;-38,527646;-3,728894
277009;22;2;2016;08:58;0;AV GODOFREDO MACIEL;;;2727;;Colisão;Luz do Dia;;;Meio de Quadra;;;0;1;0;1;0;0;0;0;0;1;0;0;-38,570785;-3,799296
277010;22;2;2016;09:22;0;RUA JOAO GENTIL;;;2741;;Colisão;Luz do Dia;;;Meio de Quadra;;;0;1;0;0;0;0;0;0;0;1;0;0;;
277012;22;2;2016;10:57;0;AV GODOFREDO MACIEL;;;2106;COLEGIO PROVECTO;Colisão;Luz do Dia;;;Meio de Quadra;;;0;1;0;0;0;0;0;0;0;0;0;0;-38,569022;-3,793838
277013;22;2;2016;12:27;0;RUA CEL FRANCISCO PEREIRA (MESSEJANA);;;400;;Colisão;Luz do Dia;;;Meio de Quadra;;;0;1;0;1;0;0;0;0;0;1;0;0;;
277014;22;2;2016;12:37;0;RUA JOSE HIPOLITO;;;220;;Colisão;Luz do Dia;;;Meio de Quadra;;;0;1;0;0;0;0;1;0;0;1;0;0;-38,493254;-3,832841
277639;22;2;2016;07:30;0;RD CE-040;;;;KM-10;Colisão;Luz do Dia;Bom;Seca;Meio de Quadra;;;0;0;2;1;0;0;0;0;0;0;0;0;-38,482466;-3,834451
277648;22;2;2016;11:00;0;RD CE-040;;;;KM-04;Colisão;Luz do Dia;Bom;Seca;Meio de Quadra;;;0;0;2;1;0;0;0;0;0;1;0;0;-38,481084;-3,782614
275355;22;2;2016;13:35;0;RUA CEL MATOS DOURADO;;;294;;Colisão Transversal;Luz do Dia;Bom;Molhada;Outros;Outros;Outros;0;1;1;0;0;0;0;1;0;1;0;0;-38,58518;-3,741377
275359;22;2;2016;16:57;0;AV GOV RAUL BARBOSA;;;;;;Luz do Dia;Bom;Seca;Meio de Quadra;Outros;Comercial;0;0;2;1;0;0;1;0;0;0;0;0;;
275342;22;2;2016;16:30;16971;AV WENEFRIDO MELO;RUA JOSE DUTRA;;;;Colisão Transversal;Luz do Dia;Bom;Seca;T;Pare;Comercial;0;0;2;1;0;0;1;0;0;0;0;0;-38,575417;-3,811155
275349;22;2;2016;00:10;0;RUA JUSTINIANO DE SERPA;;;899;;Colisão Transversal;Via Iluminada;Bom;Seca;Meio de Quadra;Semáforo;Residencial;0;1;1;0;1;0;0;0;0;1;0;0;;
275235;22;2;2016;12:45;0;AV FRANCISCO SA;;;3405;;Colisão Lateral;Luz do Dia;Bom;Seca;Outros;;Comercial;0;1;2;1;0;0;0;0;0;1;0;0;-38,555419;-3,718052
275237;22;2;2016;11:40;0;RUA SEN POMPEU;;;1140;;Colisão Traseira;Luz do Dia;Bom;Seca;Meio de Quadra;Semáforo;Residencial;0;0;2;0;1;0;0;0;0;0;0;0;-38,530037;-3,728293
275240;22;2;2016;10:53;0;AV SGT HERMINIO SAMPAIO;;;2000;;Atropelamento;Luz do Dia;Nublado;Seca;Meio de Quadra;Não Há Controle;Comercial;0;2;0;0;0;0;0;0;0;1;0;0;-38,558196;-3,725945
275242;22;2;2016;08:00;9169;AV LUCIANO CARNEIRO;RUA DR ALFREDO WEYNE D14;;;;Colisão;Luz do Dia;Nublado;Seca;T;Pare;Comercial;0;0;2;1;0;0;0;0;0;1;0;0;-38,533556;-3,754682
275250;22;2;2016;16:40;9132;AV 13 DE MAIO;RUA JAIME BENEVOLO;;;;Colisão Transversal;Luz do Dia;Bom;Seca;Cruz;Semáforo;Comercial;0;1;1;0;0;0;0;0;0;1;0;0;-38,530741;-3,748122
275267;22;2;2016;08:50;1324;RUA DR JOSE LOURENCO;RUA TORRES CAMARA;;;;Colisão Transversal;Luz do Dia;Chuva;Molhada;Cruz;Pare;Comercial;0;3;1;1;0;0;0;0;0;1;0;0;-38,508053;-3,735281
275876;22;2;2016;06:40;0;RD BR 020;;;;KM 422;Colisão Frontal;Luz do Dia;Bom;Seca;Meio de Quadra;;;0;2;0;0;0;0;0;0;0;1;0;0;;
275372;23;2;2016;08:00;0;AV JOAO DE ARAUJO LIMA;;;545;;Colisão Lateral;Luz do Dia;Chuva;Molhada;Meio de Quadra;Não Há Controle;Comercial;0;0;2;1;0;0;0;0;0;0;0;0;-38,559077;-3,826418
277649;23;2;2016;08:10;0;RD CE-040;;;;KM-01;Engavetamento;Luz do Dia;Bom;Seca;Meio de Quadra;;;0;0;3;1;0;0;0;0;0;0;0;0;-38,48666;-3,758119
277750;23;2;2016;15:20;0;RD CE-040;;;;KM-11;Colisão;Luz do Dia;Bom;Seca;Meio de Quadra;;;0;0;2;0;0;0;1;0;0;0;0;0;-38,480883;-3,842577
277753;23;2;2016;17:30;0;RD CE-040;;;;KM-13;Colisão;Anoitecer;Bom;Seca;Meio de Quadra;;;0;0;2;1;0;0;1;0;0;0;0;0;;
277045;23;2;2016;01:16;0;AV ABOLICAO;;;2480;;Atropelamento;;;;Meio de Quadra;;;0;1;0;0;0;0;0;0;0;1;0;0;-38,496555;-3,726981
277047;23;2;2016;01:24;0;AV JOR JOAO RAMOS;;;1623;;Colisão;;;;Meio de Quadra;;;0;1;0;1;0;0;0;0;0;1;0;0;-38,571836;-3,842298
277048;23;2;2016;01:49;0;AV ALBERTO CRAVEIRO;;;2644;;Colisão;;;;Meio de Quadra;;;0;1;0;0;0;0;0;0;0;1;0;0;-38,521448;-3,803094
277049;23;2;2016;01:58;0;AV ENG HUMBERTO MONTE;;;2000;;Colisão;;;;Meio de Quadra;;;0;1;0;1;0;0;0;0;0;1;0;0;-38,564876;-3,74373