COD_ACIDENTE;DIA;MES;ANO;HORA;INTERSECAO;LOG1;LOG2;LOG3;NUMERO;REFERENCIA;NATUREZA;ILUMINACAO;TEMPO;SUPERFICIEPISTA;TIPOCRUZAMENTO;CONTROLETRAFEGO;USOSOLO;MORTOS;FERIDOS;ILESOS;AUTOMOVEL;ONIBUS;BICICLETA;CAMINHAO;MICROONIBUS;CICLOMOTOR;MOTOCICLETA;TRACAOANIMAL;TREM;LONG;LAT
277058;23;2;2016;04:56;0;AV GODOFREDO MACIEL;;;3888;;Colisão;;;;Meio de Quadra;;;0;1;0;1;0;0;0;0;0;1;0;0;-38,573867;-3,809132
277056;23;2;2016;04:54;0;AV DOM LUIS;;;760;;Queda;;;;Meio de Quadra;;;0;1;0;0;0;0;0;0;0;1;0;0;;
277054;23;2;2016;02:32;0;AV SGT HERMINIO SAMPAIO;;;715;;Queda;;;;Meio de Quadra;;;0;1;0;0;0;0;0;0;0;1;0;0;-38,547127;-3,724593
277051;23;2;2016;02:20;0;AV SGT HERMINIO SAMPAIO;;;1416;;Queda;;;;Meio de Quadra;;;0;1;0;0;0;0;0;0;0;1;0;0;-38,553212;-3,725042
277060;23;2;2016;05:50;0;RUA DOM HELIO CAMPOS D21;;;80;;Atropelamento;Amanhecer;;;Meio de Quadra;;;0;1;0;1;0;0;0;0;0;0;0;0;;
277061;23;2;2016;06:41;348;RUA PRO LINO ENCARNACAO;RUA CESAR FONTENELE;;;;Colisão;Luz do Dia;;;Cruz;Pare;Misto;0;1;1;1;0;0;0;0;0;1;0;0;-38,559596;-3,746359
277043;23;2;2016;01:11;0;RUA VALPARAISO;;;;;Colisão;;;;Meio de Quadra;;;0;2;0;1;0;0;0;0;0;0;0;0;;
277063;23;2;2016;07:31;0;AV TEN LISBOA;;;1673;;Atropelamento;Luz do Dia;;;Meio de Quadra;;;0;1;1;0;0;0;0;0;0;0;0;1;;
277064;23;2;2016;08:19;0;AV PRS COSTA E SILVA;;;5536;;Colisão;Luz do Dia;;;Meio de Quadra;;;0;1;0;0;0;0;0;0;0;1;0;0;-38,531176;-3,828581
277065;23;2;2016;09:36;0;AV BORGES DE MELO;;;;;Queda;Luz do Dia;;;Meio de Quadra;;;0;1;0;0;0;0;0;0;0;1;0;0;;
277066;23;2;2016;10:46;0;AV JOSE BASTOS;;;624;;Colisão;Luz do Dia;;;Meio de Quadra;;;0;2;0;1;0;0;0;0;0;1;0;0;;
277067;23;2;2016;12:29;0;AV GAL MURILO BORGES;;;;;Colisão;Luz do Dia;;;Meio de Quadra;;;0;2;0;1;0;0;0;0;0;1;0;0;;
277068;23;2;2016;12:31;0;RD DR MENDEL STEINBRUCH;;;1000;;Queda;Luz do Dia;;;Meio de Quadra;;;0;2;0;0;0;0;0;0;0;1;0;0;;
277069;23;2;2016;15:33;0;RD BR 116;;;7000;KM-07;Atropelamento;Luz do Dia;;;Meio de Quadra;;;0;1;0;1;0;0;0;0;0;0;0;0;-38,501101;-3,813246
277080;23;2;2016;16:13;0;AV MAJ ASSIS;;;2555;;Colisão;Luz do Dia;;;Meio de Quadra;;;0;1;0;0;0;0;0;0;0;0;0;0;-38,603142;-3,71986
277085;23;2;2016;19:22;0;AV BEZERRA DE MENEZES;;;502;HIPER BOMPREÇO;Colisão;;;;Meio de Quadra;;;0;1;0;0;0;0;0;0;0;0;0;0;-38,545483;-3,731725
277083;23;2;2016;17:04;16280;RUA LEITAO CERQUEIRA;RUA ANTONIO BARBOSA;;;;Colisão;Anoitecer;;;Cruz;Pare;Residencial;0;1;0;0;0;0;0;0;0;0;0;0;-38,563988;-3,829333
274918;23;2;2016;16:50;0;AV 13 DE MAIO;;;797;;Colisão Lateral;Luz do Dia;;;Meio de Quadra;;;0;0;2;0;1;0;0;0;0;0;0;0;-38,526977;-3,751333
274919;23;2;2016;08:30;5436;RUA GAL CLARINDO DE QUEIROZ;RUA JAIME BENEVOLO;;;;Colisão Lateral;Luz do Dia;;;Cruz;Pare;Residencial;0;1;1;1;0;0;0;0;0;0;0;0;-38,526017;-3,73406
274916;23;2;2016;11:35;25069;AV DOS EXPEDICIONARIOS;RUA RAUL CABRAL;;;;Colisão Transversal;Luz do Dia;;;Cruz;Semáforo;Comercial;0;0;2;1;0;0;0;0;0;1;0;0;-38,542595;-3,769605
274922;23;2;2016;09:50;0;AV CARAPINIMA;;;;;Colisão Traseira;Luz do Dia;;;Meio de Quadra;;;0;0;2;1;1;0;0;0;0;0;0;0;;
274927;23;2;2016;17:50;13594;AV PONTES VIEIRA;RUA CAP GUSTAVO;;;;Colisão Traseira;Anoitecer;;;Cruz;Semáforo;Comercial;0;0;2;1;0;0;0;0;0;0;0;0;-38,517125;-3,753153
274925;23;2;2016;19:30;7816;RUA TIBURCIO CAVALCANTE;RUA MARCONDES PEREIRA;;;;Colisão Frontal;;;;Cruz;Pare;Residencial;0;1;1;1;0;0;0;0;0;1;0;0;-38,506903;-3,749447
274931;23;2;2016;20:35;1649;RUA CEL JUCA;RUA GAL TERTULIANO POTYGUARA;;;;Colisão Lateral;;;;Cruz;Pare;Residencial;0;0;2;1;0;0;0;0;0;0;0;0;-38,493766;-3,745325
274935;23;2;2016;07:15;26262;RUA ANDRADE FURTADO;AV CASTANHOLEIRAS;;;;Colisão Lateral;Luz do Dia;;;;;;0;1;1;1;0;0;0;0;0;1;0;0;-38,467499;-3,749688
274937;23;2;2016;07:40;0;AV GODOFREDO MACIEL;;;2905;;Colisão Traseira;Luz do Dia;;;Meio de Quadra;;;0;1;1;1;0;0;0;0;1;0;0;0;-38,571277;-3,800806
274939;23;2;2016;08:45;0;RUA JOSE RANGEL;;;179;;Colisão Lateral;Luz do Dia;;;Meio de Quadra;;;0;0;2;1;1;0;0;0;0;0;0;0;;
274945;23;2;2016;19:30;3998;RUA ALBERTO MAGNO;RUA SAMUEL UCHOA;;;;Colisão;;;;Cruz;Pare;Comercial;0;1;1;1;0;0;0;0;0;1;0;0;-38,542824;-3,756713
274942;23;2;2016;10:30;0;AV GOV RAUL BARBOSA;;;4262;;Colisão Lateral;Luz do Dia;;;Meio de Quadra;;;0;0;2;1;0;0;0;0;0;0;0;0;-38,507689;-3,761633
274949;23;2;2016;11:06;13234;AV I CJ JOSE WALTER;AV E CJ JOSE WALTER;;;;Colisão Transversal;Luz do Dia;;;;;;0;0;2;0;0;0;1;0;0;0;0;0;-38,553829;-3,835398
274965;23;2;2016;09:45;0;AV JOAO PESSOA;;;3835;;Colisão Traseira;Luz do Dia;;;Meio de Quadra;Semáforo;Misto;0;0;2;1;0;0;0;0;0;0;0;0;-38,545389;-3,747902
274967;23;2;2016;13:00;10614;RUA JUSTINO CAFE NETO;RUA PRO JACINTO BOTELHO;;;;Colisão Transversal;Luz do Dia;;;Cruz;Pare;Residencial;0;0;2;1;0;0;0;0;0;1;0;0;-38,490636;-3,758929
274962;23;2;2016;21:00;11761;AV PRS CASTELO BRANCO;RUA JACINTO MATOS;;;;Colisão Lateral;;;;T;Semáforo;Residencial;0;0;2;1;1;0;0;0;0;0;0;0;-38,546333;-3,71463
274957;23;2;2016;09:00;7813;RUA TIBURCIO CAVALCANTE;RUA JULIO SIQUEIRA;;;;Colisão Transversal;Luz do Dia;;;Cruz;Pare;Misto;0;0;2;1;0;0;0;0;0;0;0;0;-38,507128;-3,750135
274952;23;2;2016;17:40;12521;AV AUGUSTO DOS ANJOS;RUA JULIO BRAGA;;;;Colisão Lateral;Anoitecer;;;Duplo T;Não Há Controle;Comercial;0;0;2;1;1;0;0;0;0;0;0;0;-38,576193;-3,776779
274955;23;2;2016;10:45;5410;RUA GAL CLARINDO DE QUEIROZ;RUA MAJ FACUNDO;;;;Colisão Lateral;Luz do Dia;;;Outros;Não Há Controle;Comercial;0;0;2;1;0;0;1;0;0;0;0;0;-38,529587;-3,732895
275986;23;2;2016;20:20;0;RD BR 116;;;100;KM-07;Colisão;Via Iluminada;Bom;Seca;Meio de Quadra;;;0;1;1;1;0;1;0;0;0;0;0;0;-38,50135403;-3,814567428
280837;23;2;2016;07:57;19366;RUA GERMANO FRANCK;AV DR SILAS MUNGUBA;;;;Colisão;Luz do Dia;;;Cruz;Semáforo;Comercial;0;0;2;0;0;0;0;0;0;0;0;0;-38,562004;-3,777251
280845;23;2;2016;10:45;1456;RUA CEL JUCA;AV SANTOS DUMONT;;;;Colisão;Luz do Dia;;;Cruz;Semáforo;Comercial;0;0;2;0;0;0;0;0;0;0;0;0;-38,49153;-3,738438
280846;23;2;2016;10:53;0;AV GODOFREDO MACIEL;;;3888;;Colisão;Luz do Dia;;;Meio de Quadra;;;0;0;2;0;0;0;0;0;0;0;0;0;-38,573867;-3,809132
280847;23;2;2016;10:54;15360;AV DOM LUIS;AV DES MOREIRA;;;;Colisão;Luz do Dia;;;Rotatória;Não Há Controle;Comercial;0;0;2;0;0;0;0;0;0;0;0;0;-38,497383;-3,733239
280851;23;2;2016;11:09;0;RUA DOM HELIO CAMPOS D21;;;80;;Colisão;Luz do Dia;;;Meio de Quadra;;;0;0;2;0;0;0;0;0;0;0;0;0;;
280981;23;2;2016;19:05;25107;RUA DEMETRIO MENEZES;RUA JOAQUIM ALBANO;;;;Colisão;;;;Duplo T;Pare;Comercial;0;0;2;0;0;0;0;0;0;0;0;0;-38,584096;-3,73591
280982;23;2;2016;20:21;0;AV FRE CIRILO;;;;;Colisão;;;;Meio de Quadra;;;0;0;2;0;0;0;0;0;0;0;0;0;;
280972;23;2;2016;17:26;25108;AV BEZERRA DE MENEZES;RUA BRAZ DE FRANCESCO;;;;Colisão;Anoitecer;;;Cruz;Semáforo;Comercial;0;0;2;0;0;0;0;0;0;0;0;0;-38,567363;-3,736282
280975;23;2;2016;17:43;0;AV GOV PARSIFAL BARROSO;;;1201;PRAÇA;Colisão;Anoitecer;;;Meio de Quadra;;;0;0;2;0;0;0;0;0;0;0;0;0;-38,568882;-3,734119
280976;23;2;2016;17:43;0;RUA PDE ANCHIETA;;;;;Colisão;Anoitecer;;;Meio de Quadra;;;0;0;2;0;0;0;0;0;0;0;0;0;;
280966;23;2;2016;17:05;0;RUA CAP GUSTAVO;;;3358;;Colisão;Anoitecer;;;Meio de Quadra;;;0;0;2;0;0;0;0;0;0;0;0;0;-38,517607;-3,750685
281004;23;2;2016;23:32;0;RUA PLACIDO DE CASTRO;;;;;Colisão;;;;Meio de Quadra;;;0;0;2;0;0;0;0;0;0;0;0;0;;
280934;23;2;2016;12:43;0;AV PRS COSTA E SILVA;;;;;Colisão;Luz do Dia;;;Meio de Quadra;;;0;0;2;0;0;0;0;0;0;0;0;0;;
280936;23;2;2016;12:44;6564;AV H CJ CEARA;AV G CJ CEARA;;;;Colisão;Luz do Dia;;;T;Pare;Misto;0;0;2;0;0;0;0;0;0;0;0;0;;
280930;23;2;2016;11:47;0;AV AGUANAMBI;;;;;Colisão;Luz do Dia;;;Meio de Quadra;;;0;0;2;0;0;0;0;0;0;0;0;0;;
280931;23;2;2016;13:59;13721;RUA CAIO CID;RUA MARIANA F LEITE;;;;Colisão;Luz do Dia;;;T;;;0;0;2;0;0;0;0;0;0;0;0;0;-38,484412;-3,772584
280944;23;2;2016;13:39;0;AV DR SILAS MUNGUBA;;;;;Colisão;Luz do Dia;;;Meio de Quadra;;;0;0;2;0;0;0;0;0;0;0;0;0;;
280946;23;2;2016;13:41;0;RUA MAL DEODORO;;;;;Colisão;Luz do Dia;;;Meio de Quadra;;;0;0;2;0;0;0;0;0;0;0;0;0;;
280952;23;2;2016;14:08;0;AV AREIA BRANCA;;;187;;Colisão;Luz do Dia;;;Meio de Quadra;;;0;0;2;0;0;0;0;0;0;0;0;0;-38,474594;-3,728305
280953;23;2;2016;14:23;9155;AV LUCIANO CARNEIRO;AV EDUARDO GIRAO;;;;Colisão;Luz do Dia;;;Cruz;;Residencial;0;0;2;0;0;0;0;0;0;0;0;0;-38,532811;-3,752275
280961;23;2;2016;16:52;0;RUA MONACO;;;320;;Colisão;Luz do Dia;;;Meio de Quadra;;;0;0;2;0;0;0;0;0;0;0;0;0;-38,569012;-3,784552
280855;23;2;2016;11:13;0;RUA GERMANO FRANCK;;;;;Colisão;Luz do Dia;;;Meio de Quadra;;;0;0;2;0;0;0;0;0;0;0;0;0;;
278748;23;2;2016;13:06;0;RUA MARIANA F LEITE;;;;;Colisão;Luz do Dia;;;Meio de Quadra;;;0;0;2;1;1;0;0;0;0;0;0;0;;
278751;24;2;2016;12:15;0;AV ABOLICAO;;;2308;;Colisão;Luz do Dia;;;Meio de Quadra;;;0;0;2;1;1;0;0;0;0;0;0;0;-38,498357;-3,726398
279093;24;2;2016;16:58;0;AV GOV RAUL BARBOSA;;;4210;;Colisão;Luz do Dia;;;Meio de Quadra;;;0;0;2;1;0;0;1;0;0;0;0;0;-38,507185;-3,76152
281007;24;2;2016;06:05;0;AV SGT HERMINIO SAMPAIO;;;4017;;Colisão;Luz do Dia;;;Meio de Quadra;;;0;0;2;0;0;0;0;0;0;0;0;0;-38,576765;-3,730539
281011;24;2;2016;06:42;0;AV JOSE BASTOS;;;6510;;Colisão;Luz do Dia;;;Meio de Quadra;;;0;0;2;0;0;0;0;0;0;0;0;0;-38,569576;-3,767391
281015;24;2;2016;06:45;25307;AV DES GONZAGA;AV JOSE LEON;;;;Colisão;Luz do Dia;;;Outros;Não Há Controle;Misto;0;0;2;1;0;0;0;0;0;0;0;0;-38,504513;-3,78708
281047;24;2;2016;09:08;0;AV SGT HERMINIO SAMPAIO;;;873;;Colisão;Luz do Dia;;;Meio de Quadra;;;0;0;2;0;1;0;0;0;0;0;0;0;-38,548642;-3,724537
281048;24;2;2016;09:27;6752;AV SANTOS DUMONT;RUA PRO OTAVIO LOBO;;;;Colisão;Luz do Dia;;;Cruz;Semáforo;Residencial;0;0;2;1;0;0;0;0;0;0;0;0;-38,477829;-3,742845
281051;24;2;2016;09:52;0;AV PRS COSTA E SILVA;;;151;;Colisão Traseira;Luz do Dia;Bom;Seca;Outros;Não Há Controle;Residencial;0;0;5;1;0;0;0;0;0;0;0;0;;
281081;24;2;2016;12:29;0;RUA PRO HERIBALDO COSTA;;;2037;;Colisão;Luz do Dia;;;Meio de Quadra;;;0;0;2;0;0;0;0;0;0;0;0;0;-38,588653;-3,769193
281077;24;2;2016;11:57;0;AV DEP PAULINO ROCHA;;;;;Colisão;Luz do Dia;;;Meio de Quadra;;;0;0;2;0;0;0;0;0;0;0;0;0;;
281078;24;2;2016;11:59;0;AV H CJ CEARA;;;1466;;Colisão;Luz do Dia;;;Meio de Quadra;;;0;0;2;0;0;0;0;0;0;0;0;0;-38,611264;-3,775953
281098;24;2;2016;13:49;14994;RUA ITALIA D43;RUA LUIS TORRES;;;;Colisão;Luz do Dia;;;;;;0;0;2;0;0;0;0;0;0;0;0;0;-38,564615;-3,792495
281072;24;2;2016;11:26;14733;RUA MAJ MONTENEGRO;RUA SAO MANUEL;;;;Colisão;Luz do Dia;;;Cruz;Pare;Residencial;0;0;2;0;0;0;0;0;0;0;0;0;-38,58055;-3,796457
281074;24;2;2016;11:50;9198;RUA BAR ARATANHA;RUA COSTA ARAUJO;;;;Colisão;Luz do Dia;;;Cruz;Pare;Comercial;0;0;2;0;0;0;0;0;0;0;0;0;-38,531099;-3,746946
281075;24;2;2016;11:55;2743;RUA CEL JOAO CORREIA;LOGRADOURO SEM NOME;;;;Colisão;Luz do Dia;;;;;;0;0;2;0;0;0;0;0;0;0;0;0;;
281069;24;2;2016;11:23;0;AV OLIVEIRA PAIVA;;;;;Colisão;Luz do Dia;;;Meio de Quadra;;;0;0;2;0;0;0;0;0;0;0;0;0;;
281065;24;2;2016;10:19;17326;RUA ALBERTO MAGNO;RUA ALAN KARDEC;;;;Colisão;Luz do Dia;;;Cruz;Pare;Comercial;0;0;2;0;0;0;0;0;0;0;0;0;-38,549918;-3,764796
281062;24;2;2016;10:15;5338;RUA PINTO MADEIRA;RUA VINTE E CINCO DE MARCO;;;;Colisão;Luz do Dia;;;Cruz;Pare;Residencial;0;0;2;1;0;0;0;0;0;0;0;0;-38,522925;-3,730648
281054;24;2;2016;10:04;0;RUA CON DE CASTRO;;;4662;;Colisão;Luz do Dia;;;Meio de Quadra;;;0;0;2;0;0;0;0;0;0;0;0;0;-38,593213;-3,806407
281106;24;2;2016;14:03;6752;RUA PRO OTAVIO LOBO;AV SANTOS DUMONT;;;;Colisão;Luz do Dia;;;Cruz;Semáforo;Residencial;0;0;2;0;0;0;0;0;0;0;0;0;-38,477829;-3,742845
281092;24;2;2016;13:22;0;RUA SENA MADUREIRA;;;900;;Colisão;Luz do Dia;;;Meio de Quadra;;;0;0;2;0;0;0;0;0;0;0;0;0;;
281109;24;2;2016;14:20;7906;RUA BARBOSA DE FREITAS;RUA PRO FRANCISCO GONCALVES;;;;Colisão;Luz do Dia;;;T;Pare;Comercial;0;0;2;0;0;0;0;0;0;0;0;0;-38,500705;-3,746993
281114;24;2;2016;14:23;12862;AV DOMINGOS OLIMPIO;RUA MAJ FACUNDO;;;;Colisão;Luz do Dia;;;Cruz;Não Há Controle;Comercial;0;0;2;0;0;0;0;0;0;0;0;0;-38,530827;-3,736813
281157;24;2;2016;15:43;8125;RUA BENTO ALBUQUERQUE;RUA MANUEL DE QUEIROZ;;;;Colisão;Luz do Dia;;;Cruz;;Misto;0;0;2;0;0;0;0;0;0;0;0;0;-38,467393;-3,748837
281163;24;2;2016;16:04;1531;RUA PDE VALDEVINO;RUA MON BRUNO;;;;Colisão;Luz do Dia;;;Cruz;Pare;Residencial;0;0;2;0;0;0;0;0;0;0;0;0;-38,512104;-3,740621
281164;24;2;2016;16:20;0;AV PRS CASTELO BRANCO;;;;;Colisão;Luz do Dia;;;Meio de Quadra;;;0;0;2;0;0;0;0;0;0;0;0;0;;
281171;24;2;2016;16:21;0;AV CEL CARVALHO;;;;;Colisão;Luz do Dia;;;Meio de Quadra;;;0;0;2;0;0;0;0;0;0;0;0;0;;
281195;24;2;2016;16:45;0;RUA PDE LEOPOLDO FERNANDES;;;33;;Colisão;Luz do Dia;;;Meio de Quadra;;;0;0;2;0;0;0;0;0;0;0;0;0;;
281186;24;2;2016;16:24;0;RUA OSCAR FRANCA;;;3073;;Colisão;Luz do Dia;;;Meio de Quadra;;;0;0;2;0;0;0;0;0;0;0;0;0;-38,618308;-3,785938
281202;24;2;2016;17:19;0;RUA AFONSO HENRIQUE;;;646;;Colisão;Anoitecer;;;Meio de Quadra;;;0;0;2;0;0;0;0;0;0;0;0;0;-38,487138;-3,825081
281197;24;2;2016;16:53;13471;RUA PINHO PESSOA;RUA HENRIQUE RABELO;;;;Colisão;Luz do Dia;;;Cruz;Pare;Misto;0;0;2;0;0;0;0;0;0;0;0;0;-38,521309;-3,744389
281211;24;2;2016;18:52;3376;RUA CEL NUNES DE MELO;AV ENG HUMBERTO MONTE;;;;Colisão;;;;Cruz;Gesto;Residencial;0;0;2;0;0;0;0;0;0;0;0;0;-38,55694;-3,753384
281207;24;2;2016;18:14;0;AV GAL OSORIO DE PAIVA;;;5081;;Colisão;Anoitecer;;;Meio de Quadra;;;0;0;2;0;0;0;0;0;0;0;0;0;-38,600237;-3,802845
274960;24;2;2016;05:30;25521;RUA WALDIR DIOGO;RUA CON DE CASTRO;;;;Colisão Transversal;Amanhecer;Bom;Seca;T;Outros;Misto;0;1;1;1;1;0;0;0;0;0;0;0;-38,589176;-3,801878
274968;24;2;2016;19:30;25046;RUA FERNANDO FARIAS DE MELO (MANUEL SÁTIRO);RUA AMERICO ROCHA LIMA;;;;Colisão Transversal;Via Iluminada;Bom;Seca;Cruz;Pare;Residencial;0;1;1;1;0;0;0;0;0;0;0;0;-38,578449;-3,79908
274969;24;2;2016;15:18;12520;AV AUGUSTO DOS ANJOS;RUA ALUISIO AZEVEDO;;;;Atropelamento;Luz do Dia;Bom;Seca;Duplo T;Semáforo;Outros;0;1;1;0;1;0;0;0;0;0;0;0;;
274970;24;2;2016;16:00;0;AV BAR STUDART;;;;;Choque c/ Obstáculo Fixo;Luz do Dia;Bom;Seca;Meio de Quadra;Semáforo;Comercial;0;0;2;0;1;0;1;0;0;0;0;0;;
274964;24;2;2016;20:00;5112;RUA BAR RIO BRANCO;RUA CASTRO E SILVA;;;;Colisão Lateral;Via Iluminada;Bom;Seca;Cruz;Semáforo;Comercial;0;1;1;0;1;0;0;0;0;1;0;0;-38,527429;-3,723847
274973;24;2;2016;22:00;15195;AV ABOLICAO;RUA JOSE NAPOLEAO;;;;Colisão Transversal;Via Iluminada;Bom;Seca;Cruz;Semáforo Manual;Residencial;0;0;2;1;0;0;0;0;0;1;0;0;-38,490302;-3,726523
274977;24;2;2016;18:40;0;AV GODOFREDO MACIEL;;;767;;Colisão Frontal;Anoitecer;Bom;Seca;Meio de Quadra;Não Há Controle;Comercial;0;1;1;1;0;0;0;0;0;1;0;0;-38,565717;-3,782872
274975;24;2;2016;09:50;1242;RUA COSTA BARROS;RUA DR JOSE LOURENCO;;;;Colisão Transversal;Luz do Dia;Bom;Seca;Cruz;Pare;Comercial;0;1;1;0;0;0;0;0;0;1;0;0;-38,506927;-3,73187
274980;24;2;2016;15:10;1432;AV SANTOS DUMONT;AV SEN VIRGILIO TAVORA;;;;Outros;Luz do Dia;Bom;Seca;Cruz;Semáforo;Comercial;0;0;2;1;1;0;0;0;0;0;0;0;-38,493482;-3,737828
274983;24;2;2016;14:30;13372;RUA NOGUEIRA ACIOLI;RUA JOAO BRIGIDO;;;;Colisão Lateral;Luz do Dia;Bom;Seca;Cruz;Semáforo;Residencial;0;0;2;1;0;0;0;0;0;0;0;0;-38,520044;-3,739259
274988;24;2;2016;07:20;0;AV JOSE BASTOS;;;3194;;Colisão Traseira;Luz do Dia;Bom;Seca;Meio de Quadra;Gesto;Residencial;0;0;2;1;0;0;0;0;0;1;0;0;-38,548344;-3,74788
274947;24;2;2016;07:40;0;AV SGT HERMINIO SAMPAIO;;;1520;;Colisão Traseira;Luz do Dia;Bom;Seca;Meio de Quadra;Não Há Controle;Comercial;0;0;2;1;0;0;0;0;0;0;0;0;-38,554236;-3,725233
274954;24;2;2016;15:30;8125;RUA BENTO ALBUQUERQUE;RUA MANUEL DE QUEIROZ;;;;Colisão Lateral;Luz do Dia;Bom;Seca;Cruz;;Misto;0;0;3;1;0;0;0;0;0;0;0;0;-38,467393;-3,748837
274951;24;2;2016;13:50;0;AV SANTOS DUMONT;;;6060;;Colisão Lateral;Luz do Dia;Bom;Seca;Meio de Quadra;Não Há Controle;Residencial;0;0;2;1;0;0;1;0;0;0;0;0;-38,477907;-3,742821
274943;24;2;2016;07:00;11035;RUA GERMANO FRANCK;RUA JULIO VERNE;;;;Colisão Lateral;Luz do Dia;Bom;Seca;Cruz;Não Há Controle;Residencial;0;0;2;1;0;0;0;0;0;1;0;0;;
275034;24;2;2016;16:00;8834;AV DES FLORIANO BENEVIDES;RUA B CJ LUSTOSA PALMARES;;;;Colisão Lateral;Luz do Dia;Bom;Seca;T;Pare;Comercial;0;0;2;1;0;0;0;0;0;1;0;0;;
275037;24;2;2016;18:00;0;AV BENJAMIM BRASIL;;;2390;;Colisão Traseira;Via Iluminada;Bom;Seca;Outros;;Residencial;0;0;2;1;0;0;0;0;0;0;0;0;-38,555187;-3,809852
275032;24;2;2016;06:40;0;RUA PDE ANTONINO;;;47;;Colisão Transversal;Luz do Dia;Bom;Seca;Meio de Quadra;Não Há Controle;Residencial;0;0;2;1;0;0;0;0;0;0;0;0;;
275025;24;2;2016;05:50;0;AV SGT HERMINIO SAMPAIO;;;;;Atropelamento;Luz do Dia;Bom;Seca;Meio de Quadra;Semáforo;Comercial;0;1;1;0;0;0;0;0;0;1;0;0;;
275027;24;2;2016;13:30;1485;RUA ANTONIO AUGUSTO;RUA PDE VALDEVINO;;;;Colisão Transversal;Luz do Dia;Bom;Seca;Cruz;Pare;Residencial;0;0;2;1;0;0;1;0;0;0;0;0;-38,516489;-3,739239
275000;24;2;2016;16:20;0;AV PRO JOSE ARTHUR CARVALHO;;;1540;;Colisão Lateral;Luz do Dia;Bom;Seca;Meio de Quadra;Pare;Escola;0;1;2;1;0;0;0;0;0;1;0;0;-38,465492;-3,826441
275020;24;2;2016;19:40;12641;RUA RIO PARAGUAI;RUA MARIA CLARA;;;;Colisão Transversal;Luz do Dia;Bom;Seca;Cruz;Pare;Misto;0;1;1;1;0;0;0;0;0;0;0;0;-38,584245;-3,725526
275015;24;2;2016;09:00;0;AV FRANCISCO SA;;;3175;;Colisão Traseira;Luz do Dia;Bom;Seca;Meio de Quadra;Semáforo;Comercial;0;1;2;1;0;0;0;0;0;1;0;0;-38,555264;-3,718106
275017;24;2;2016;17:15;0;AV ALBERTO CRAVEIRO;;;;;Colisão Traseira;Luz do Dia;Bom;Seca;Meio de Quadra;Não Há Controle;Comercial;0;0;3;1;0;0;1;0;0;0;0;0;;
275012;24;2;2016;07:40;0;AV DR THEBERGE;;;2650;;Colisão Traseira;Luz do Dia;Bom;Seca;Meio de Quadra;Semáforo;Residencial;0;1;1;1;0;0;0;0;0;1;0;0;-38,568558;-3,725679
277089;24;2;2016;01:15;0;AV SGT HERMINIO SAMPAIO;;;4017;;Atropelamento;;;;Meio de Quadra;;;0;2;0;0;0;0;0;0;0;1;0;0;-38,576765;-3,730539
277091;24;2;2016;01:40;11568;RUA BARRA NOVA;RUA ASA BRANCA;;;;Colisão;;;;;;;0;2;0;0;0;0;0;0;0;1;0;0;-38,505991;-3,786058
277094;24;2;2016;02:16;0;RUA JOSE SETUBAL PESSOA;;;310;;Colisão;;;;Meio de Quadra;;;0;1;0;1;0;0;0;0;0;1;0;0;;
277095;24;2;2016;02:20;0;AV CEL CARVALHO;;;210;TERMINAL ANTONIO BEZERRA;Queda;;;;Meio de Quadra;;;0;1;0;0;0;0;0;0;0;1;0;0;-38,591232;-3,704697
277096;24;2;2016;02:36;0;AV WASHINGTON SOARES;;;11100;;Colisão;;;;Meio de Quadra;;;0;2;0;0;0;0;0;0;0;0;0;0;-38,479793;-3,845296
277098;24;2;2016;02:51;0;AV WASHINGTON SOARES;;;9160;;Colisão;;;;Meio de Quadra;;;0;1;0;1;0;0;0;0;0;1;0;0;-38,482417;-3,831687
277105;24;2;2016;03:07;0;AV SGT HERMINIO SAMPAIO;;;873;;Colisão;;;;Meio de Quadra;;;0;1;0;0;0;0;0;0;0;0;0;0;-38,548642;-3,724537
277106;24;2;2016;03:08;0;RUA CON DE CASTRO;;;4661;;Colisão;;;;Meio de Quadra;;;0;1;0;0;0;0;0;0;0;0;0;0;-38,593016;-3,806197
277114;24;2;2016;05:50;0;AV H CJ CEARA;;;1456;;Queda;Amanhecer;;;Meio de Quadra;;;0;1;0;0;0;0;0;0;0;1;0;0;-38,611148;-3,775933
277128;24;2;2016;07:44;0;RUA BERNARDO MANUEL;;;;;Colisão;Luz do Dia;;;Meio de Quadra;;;0;1;0;1;0;0;0;0;0;0;0;0;;
277129;24;2;2016;08:04;19611;RUA NEREU RAMOS;AV GODOFREDO MACIEL;;;;Colisão;Luz do Dia;;;T;Semáforo;Residencial;0;1;0;1;0;0;0;0;0;1;0;0;-38,566802;-3,78725
277130;24;2;2016;08:12;11668;RUA CACILDA BECKER;RUA PRO HERIBALDO COSTA;;;;Atropelamento;Luz do Dia;;;Cruz;Pare;Residencial;0;1;0;0;0;0;0;0;0;1;0;0;-38,589464;-3,770715
277126;24;2;2016;07:19;0;RUA CANDIDO MAIA;;;;FROTINHA ANT. BEZERRA;Colisão;Luz do Dia;;;Meio de Quadra;;;0;1;0;0;0;0;0;0;0;1;0;0;;
277120;24;2;2016;06:52;0;AV PRS CASTELO BRANCO;;;129;;Queda;Luz do Dia;;;Meio de Quadra;;;0;3;0;0;0;0;0;0;0;1;0;0;;
277112;24;2;2016;05:02;0;TR MAJ MONTENEGRO;;;1637;;Colisão;Amanhecer;;;Meio de Quadra;;;0;3;0;0;0;0;0;0;0;1;0;0;;
277118;24;2;2016;06:27;0;RUA CEL JOAO CORREIA;;;4002;;Colisão;Luz do Dia;;;Meio de Quadra;;;0;1;0;1;0;0;0;0;0;1;0;0;;