COD_ACIDENTE;DIA;MES;ANO;HORA;INTERSECAO;LOG1;LOG2;LOG3;NUMERO;REFERENCIA;NATUREZA;ILUMINACAO;TEMPO;SUPERFICIEPISTA;TIPOCRUZAMENTO;CONTROLETRAFEGO;USOSOLO;MORTOS;FERIDOS;ILESOS;AUTOMOVEL;ONIBUS;BICICLETA;CAMINHAO;MICROONIBUS;CICLOMOTOR;MOTOCICLETA;TRACAOANIMAL;TREM;LONG;LAT
277137;24;2;2016;11:11;0;AV RECREIO D64;;;235;;Colisão;Luz do Dia;;;Meio de Quadra;;;0;2;0;1;0;0;0;0;0;1;0;0;;
277138;24;2;2016;11:17;9676;RUA OSCAR FRANCA;RUA GUARAREMA;;;;Colisão;Luz do Dia;;;;;;0;1;0;0;0;0;0;0;0;0;0;0;-38,61886;-3,785787
277139;24;2;2016;11:39;15643;RUA CAPANEMA;RUA AFONSO HENRIQUE;;;;Colisão;Luz do Dia;;;;;;0;1;0;1;0;0;0;0;0;1;0;0;-38,487682;-3,82503
277140;24;2;2016;12:10;0;RUA VINTE E QUATRO DE MAIO;;;859;;Atropelamento;Luz do Dia;;;Meio de Quadra;;;0;1;1;0;0;0;0;0;0;1;0;0;-38,532797;-3,729354
277142;24;2;2016;13:42;25046;RUA FERNANDO FARIAS DE MELO (MANUEL SÁTIRO);RUA AMERICO ROCHA LIMA;;;;Colisão;Luz do Dia;;;Cruz;Pare;Residencial;0;2;0;1;0;0;0;0;0;0;0;0;-38,578449;-3,79908
277143;24;2;2016;14:06;0;AV AGUANAMBI;;;1827;HOSPITAL ANTONIO PRUDENTE;Colisão;Luz do Dia;;;Meio de Quadra;;;0;1;0;0;0;0;0;0;0;0;0;0;-38,523421;-3,753592
277144;24;2;2016;14:21;12712;RUA MAJ WEYNE;RUA JULIO CESAR D12;;;;Atropelamento;Luz do Dia;;;Cruz;Pare;Residencial;0;1;0;0;0;0;0;0;0;1;0;0;-38,542813;-3,750019
277146;24;2;2016;15:08;0;RUA AQUIRAZ;;;477;;Queda;Luz do Dia;;;Meio de Quadra;;;0;1;0;0;0;0;0;0;0;1;0;0;-38,547406;-3,758295
281253;24;2;2016;21:16;0;RUA GERMANO FRANCK;;;;;Colisão;;;;Meio de Quadra;;;0;0;2;0;0;0;0;0;0;0;0;0;;
281244;24;2;2016;20:31;0;AV JOAO PESSOA;;;;;Colisão;;;;Meio de Quadra;;;0;0;2;0;0;0;0;0;0;0;0;0;;
277754;24;2;2016;08:25;0;AV WASHINGTON SOARES;;;9160;;Colisão;Luz do Dia;Bom;Seca;Meio de Quadra;;;0;1;1;1;0;0;0;0;0;1;0;0;-38,482417;-3,831687
277755;24;2;2016;13:00;0;RD CE-040;;;;KM-01;Colisão;Luz do Dia;Bom;Seca;Meio de Quadra;;;0;1;1;1;0;0;0;0;0;1;0;0;-38,48666;-3,758119
277756;24;2;2016;12:45;0;RD CE-040;;;;KM-09;Colisão;Luz do Dia;Bom;Seca;Meio de Quadra;;;0;0;2;1;0;0;0;0;0;0;0;0;-38,481538;-3,825516
275880;24;2;2016;19:00;0;RD BR 020;;;;KM 428;Tombamento;;Bom;Seca;Meio de Quadra;;;0;0;1;0;0;0;1;0;0;0;0;0;;
277757;25;2;2016;07:50;0;RD CE-040;;;;KM-01;Colisão;Luz do Dia;Bom;Seca;Meio de Quadra;;;0;0;2;1;1;0;0;0;0;0;0;0;-38,48666;-3,758119
277758;25;2;2016;17:00;0;RD CE-040;;;;KM-12;Colisão;Anoitecer;Bom;Seca;Meio de Quadra;;;0;0;2;1;0;0;0;0;0;0;0;0;-38,47607;-3,849626
277164;25;2;2016;05:14;0;AV MR HULL;;;168;;Colisão;Amanhecer;;;Meio de Quadra;;;0;2;0;0;0;0;0;0;0;1;0;0;;
277169;25;2;2016;06:48;0;AV PLACIDO CASTELO;;;431;;Colisão;Luz do Dia;;;Meio de Quadra;;;0;1;0;1;0;0;0;0;0;1;0;0;-38,508314;-3,783545
277170;25;2;2016;09:02;0;RUA 20 DE JANEIRO;;;1773;;Atropelamento;Luz do Dia;;;Meio de Quadra;;;0;1;0;0;0;0;0;0;0;1;0;0;;
277167;25;2;2016;05:29;0;AV 13 DE MAIO;;;623;IGREJA NOSSA SENHORA DE FATIMA;Atropelamento;Amanhecer;;;Meio de Quadra;;;0;1;0;1;0;0;0;0;0;0;0;0;-38,526219;-3,751983
277160;25;2;2016;04:22;0;AV BAR STUDART;;;2405;;Atropelamento;;;;Meio de Quadra;;;0;1;0;0;0;0;0;0;0;0;0;0;-38,509645;-3,744135
277158;25;2;2016;03:25;0;RUA DES LEITE ALBUQUERQUE;;;1258;;Colisão;;;;Meio de Quadra;;;0;2;0;1;0;0;0;0;0;1;0;0;-38,491011;-3,73971
277155;25;2;2016;02:45;0;AV WASHINGTON SOARES;;;;;Colisão;;;;Meio de Quadra;;;0;1;0;1;0;0;0;0;0;1;0;0;;
281254;25;2;2016;05:17;0;RUA RAIMUNDO FROTA;;;549;;Colisão;Amanhecer;;;Meio de Quadra;;;0;0;2;0;0;0;0;0;0;0;0;0;-38,586753;-3,714735
281256;25;2;2016;06:53;0;RUA TEBAS;;;684;;Colisão;Luz do Dia;;;Meio de Quadra;;;0;0;2;0;0;0;0;0;0;0;0;0;;
281264;25;2;2016;07:17;0;RUA DEP MATOSO FILHO;;;;;Colisão;Luz do Dia;;;Meio de Quadra;;;0;0;2;0;0;0;0;0;0;0;0;0;;
281267;25;2;2016;07:39;0;RUA 1 CJ PEQ MONDUBIM;;;;;Colisão;Luz do Dia;;;Meio de Quadra;;;0;0;2;0;0;0;0;0;0;0;0;0;;
281275;25;2;2016;08:20;0;RUA TERTULIANO SALES;;;585;;Colisão;Luz do Dia;;;Meio de Quadra;;;0;0;2;0;0;0;0;0;0;0;0;0;;
281297;25;2;2016;11:25;0;AV AUGUSTO DOS ANJOS;;;252;;Colisão;Luz do Dia;;;Meio de Quadra;;;0;0;2;0;0;0;0;0;0;0;0;0;-38,571396;-3,771565
281298;25;2;2016;11:40;0;AV GAL OSORIO DE PAIVA;;;1850;;Colisão;Luz do Dia;;;Meio de Quadra;;;0;0;2;0;0;0;0;0;0;0;0;0;-38,578139;-3,78301
281292;25;2;2016;11:01;0;RUA VALMIR PONTES;;;;;Colisão;Luz do Dia;;;Meio de Quadra;;;0;0;2;0;0;0;0;0;0;0;0;0;;
281294;25;2;2016;11:23;0;RUA ANTONIO COSTA MENDES;;;500;;Colisão;Luz do Dia;;;Meio de Quadra;;;0;0;2;0;0;0;0;0;0;0;0;0;;
277148;25;2;2016;01:48;0;RUA DEP MATOSO FILHO;;;;;Queda;;;;Meio de Quadra;;;0;2;0;0;0;0;0;0;0;1;0;0;;
277150;25;2;2016;01:49;0;RUA COM GARCIA;;;1623;;Colisão;;;;Meio de Quadra;;;0;1;0;1;0;1;0;0;0;0;0;0;;
277151;25;2;2016;02:02;0;RUA MANUEL JESUINO;;;370;;Colisão;;;;Meio de Quadra;;;0;1;0;1;0;0;0;0;0;1;0;0;-38,485114;-3,728832
277152;25;2;2016;02:30;9126;RD BR 116;AV VIS RIO BRANCO;;;;Colisão;;;;T;Não Há Controle;Residencial;0;1;0;1;0;0;0;0;0;1;0;0;-38,519417;-3,758673
277153;25;2;2016;02:36;0;AV GODOFREDO MACIEL;;;2400;;Colisão;;;;Meio de Quadra;;;0;1;0;1;0;0;0;0;0;1;0;0;-38,569776;-3,796044
275011;25;2;2016;22:15;0;AV CARAPINIMA;;;;;Queda;Não Iluminada;Bom;Seca;Meio de Quadra;Não Há Controle;Residencial;0;1;0;0;0;0;0;0;0;1;0;0;;
275014;25;2;2016;12:15;0;AV DOM LUIS;;;200;;Colisão Lateral;Luz do Dia;Bom;Seca;Meio de Quadra;Não Há Controle;Comercial;0;0;2;1;0;0;0;0;0;0;0;0;-38,499887;-3,73244
275018;25;2;2016;14:00;0;AV ENG SANTANA JUNIOR;;;906;;Colisão Traseira;Luz do Dia;Bom;Seca;Meio de Quadra;Não Há Controle;Residencial;0;0;2;1;1;0;0;0;0;0;0;0;-38,482178;-3,735823
275021;25;2;2016;22:00;13749;RUA MON CARNEIRO DA CUNHA;RUA TEODORO DE PAIVA;;;;Outros;Via Iluminada;Bom;Seca;Cruz;Pare;Residencial;0;0;2;1;0;0;0;0;0;0;0;0;-38,495784;-3,774193
275024;25;2;2016;14:00;5318;RUA PDE IBIAPINA;RUA GAL CLARINDO DE QUEIROZ;;;;Colisão Transversal;Luz do Dia;Bom;Seca;Cruz;Pare;Comercial;0;1;1;1;1;0;0;0;0;0;0;0;-38,540084;-3,729518
275002;25;2;2016;20:15;0;AV DOM LUIS;;;251;;Colisão Traseira;Via Iluminada;Bom;Seca;Meio de Quadra;Não Há Controle;Comercial;0;0;2;1;0;0;0;0;0;0;0;0;-38,499105;-3,732694
274992;25;2;2016;07:10;7403;AV SEN FERNANDES TAVORA;RUA ARACAJU;;;;Colisão Transversal;Luz do Dia;Bom;Seca;Cruz;Outros;Comercial;0;1;1;1;0;0;0;0;0;0;0;0;-38,587377;-3,759398
274990;25;2;2016;13:20;9227;RUA MARIO MAMEDE;RUA JAIME BENEVOLO;;;;Colisão Traseira;Luz do Dia;Bom;Seca;Cruz;Semáforo;Residencial;0;0;2;1;0;0;0;1;0;0;0;0;-38,531586;-3,749153
275028;25;2;2016;12:00;0;AV PRS COSTA E SILVA;;;978;;Colisão Traseira;Luz do Dia;Bom;Seca;Meio de Quadra;Semáforo;Residencial;0;0;2;1;0;0;0;0;0;0;0;0;-38,570633;-3,813161
275035;25;2;2016;08:00;0;AV BORGES DE MELO;;;1014;;Colisão Traseira;Luz do Dia;Bom;Seca;Meio de Quadra;Não Há Controle;Residencial;0;0;2;1;0;0;0;0;0;0;0;0;-38,528561;-3,760414
275031;25;2;2016;10:00;3969;RUA PRO COSTA MENDES;RUA FRE ORLANDO;;;;Colisão Transversal;Luz do Dia;Bom;Seca;Cruz;Pare;Comercial;0;1;1;0;0;0;1;0;1;0;0;0;-38,546297;-3,755259
275039;25;2;2016;07:40;7496;RUA PEDRO DANTAS;RUA JOAO FONSECA;;;;Colisão Transversal;Luz do Dia;Bom;Seca;Cruz;Pare;Comercial;0;1;2;1;0;0;0;0;0;1;0;0;-38,522903;-3,785733
275054;25;2;2016;16:00;1420;RUA CEL LINHARES;AV SANTOS DUMONT;;;;Colisão Transversal;Luz do Dia;Bom;Seca;Cruz;Pare;Comercial;0;0;2;1;0;0;0;0;0;0;0;0;-38,494449;-3,737489
275056;25;2;2016;16:30;0;AV JOSE SABOIA;;;905;;Colisão Transversal;Luz do Dia;Bom;Seca;Meio de Quadra;Não Há Controle;Industrial;0;0;4;0;0;0;1;0;0;0;0;0;;
275051;25;2;2016;19:00;0;ET DO ANCURI;;;2555;;Colisão Frontal;Via Iluminada;Bom;Seca;Meio de Quadra;Não Há Controle;Rural;0;1;1;1;0;0;0;0;0;1;0;0;-38,52449;-3,869042
275049;25;2;2016;14:00;8050;AV JOAO PESSOA;RUA DONDON FEITOSA;;;;Colisão Lateral;Luz do Dia;Bom;Seca;T;Não Há Controle;Comercial;0;1;1;1;0;0;0;0;0;1;0;0;-38,551359;-3,754529
275046;25;2;2016;09:00;0;RUA 7 DE SETEMBRO;;;199;;Colisão Lateral;Luz do Dia;Bom;Seca;Meio de Quadra;Não Há Controle;Comercial;0;0;2;1;1;0;0;0;0;0;0;0;-38,564008;-3,774494
274986;25;2;2016;08:20;0;AV DA UNIVERSIDADE;;;3165;;Colisão Traseira;Luz do Dia;Bom;Seca;Meio de Quadra;Não Há Controle;Residencial;0;0;2;1;0;0;0;0;0;1;0;0;-38,54129;-3,743362
274984;25;2;2016;14:30;0;RUA DIOGO CORREIA;;;218;;Colisão Lateral;Luz do Dia;Bom;Seca;Meio de Quadra;Pare;Comercial;0;0;2;1;0;0;1;0;0;0;0;0;;
274976;25;2;2016;09:00;24452;AV LAURO VIEIRA CHAVES;AV LUCIANO CARNEIRO;;;;Colisão Lateral;Luz do Dia;Bom;Seca;T;Pare;Comercial;0;0;2;1;0;0;1;0;0;0;0;0;-38,538894;-3,772172
274972;25;2;2016;08:25;0;RUA JOAQUIM NABUCO;;;3197;;Colisão Traseira;Luz do Dia;Bom;Seca;Meio de Quadra;Semáforo;Residencial;0;0;2;1;0;0;0;0;0;0;0;0;-38,50705;-3,753039
274979;25;2;2016;13:00;5215;RUA PDE MORORO;RUA PEDRO PEREIRA;;;;Colisão Transversal;Luz do Dia;Bom;Seca;Cruz;Semáforo;Comercial;0;1;1;1;0;0;0;0;0;0;0;0;-38,537843;-3,726667
281403;25;2;2016;21:44;0;AV JOSE BASTOS;;;3250;;Colisão;;;;Meio de Quadra;;;0;0;2;0;0;0;0;0;0;0;0;0;-38,549161;-3,748698
281404;25;2;2016;22:33;0;AV CARAPINIMA;;;;;Colisão;;;;Meio de Quadra;;;0;0;2;0;0;0;0;0;0;0;0;0;;
281395;25;2;2016;20:59;24328;RUA ARMANDO MONTEIRO;RUA VICENTE PADILHA;;;;Colisão;;;;Cruz;Pare;Residencial;0;0;2;0;0;0;0;0;0;0;0;0;-38,536911;-3,76326
281397;25;2;2016;21:09;0;RUA OSCAR ARARIPE;;;3037;;Colisão;;;;Meio de Quadra;;;0;0;2;0;0;0;0;0;0;0;0;0;-38,617858;-3,785306
281370;25;2;2016;17:03;5134;RUA GUILHERME ROCHA;RUA TEREZA CRISTINA;;;;Colisão;Anoitecer;;;Cruz;Pare;Residencial;0;0;2;0;0;0;0;0;0;0;0;0;-38,535981;-3,724385
281371;25;2;2016;17:11;18404;AV GOV PARSIFAL BARROSO;AV SGT HERMINIO SAMPAIO;;;;Colisão;Anoitecer;;;Cruz;Semáforo;Comercial;0;0;2;0;0;0;0;0;0;0;0;0;-38,569276;-3,727916
281372;25;2;2016;17:48;3433;RUA ARGENTINA;RUA ESPIRITO SANTO;;;;Colisão;Anoitecer;;;;;;0;0;2;0;0;0;0;0;0;0;0;0;;
281367;25;2;2016;16:13;0;RUA ELCIAS LOPES;;;521;;Colisão;Luz do Dia;;;Meio de Quadra;;;0;0;2;0;0;0;0;0;0;1;0;0;-38,555558;-3,771142
281358;25;2;2016;14:30;11615;RUA CIDADE RIO BRANCO;RUA PRO HERIBALDO COSTA;;;;Colisão;Luz do Dia;;;Cruz;Não Há Controle;Residencial;0;0;2;0;0;0;0;0;0;0;0;0;-38,587531;-3,766979
281339;25;2;2016;13:26;17288;RUA ALBERTO MAGNO;RUA EDUARDO ANGELIM;;;;Colisão;Luz do Dia;;;Cruz;Pare;Residencial;0;0;2;0;0;0;0;0;0;0;0;0;-38,548491;-3,763194
281289;25;2;2016;10:19;1250;AV BAR STUDART;RUA COSTA BARROS;;;;Colisão;Luz do Dia;;;Cruz;Semáforo;Comercial;0;0;2;0;0;0;0;0;0;0;0;0;-38,505837;-3,732231
281305;25;2;2016;12:08;0;RUA PRO HERIBALDO COSTA;;;1757;;Colisão;Luz do Dia;;;Meio de Quadra;;;0;0;2;0;0;0;0;0;0;0;0;0;-38,587587;-3,767089
281306;25;2;2016;12:11;0;RUA SEN POMPEU;;;;;Colisão;Luz do Dia;;;Meio de Quadra;;;0;0;2;0;0;0;0;0;0;0;0;0;;
281348;25;2;2016;13:53;0;RUA VERBENA;;;160;;Colisão;Luz do Dia;;;Meio de Quadra;;;0;0;2;0;0;0;0;0;0;0;0;0;-38,587901;-3,777224
281341;25;2;2016;13:29;0;AV AGUANAMBI;;;880;;Colisão;Luz do Dia;;;Meio de Quadra;;;0;0;2;0;0;0;0;0;0;0;0;0;;
285417;25;2;2016;00:20;0;AV CONTORNO OESTE D71;;;43;;Atropelamento;;;;Meio de Quadra;;;1;0;1;0;0;0;0;0;0;0;0;0;-38,592638;-3,809783
277185;25;2;2016;10:00;0;AV JOAO PESSOA;;;4820;;Colisão;Luz do Dia;;;Meio de Quadra;;;0;1;0;1;0;0;0;0;0;1;0;0;-38,551131;-3,754275
277186;25;2;2016;10:21;0;RUA DNA LEOPOLDINA;;;;;Colisão;Luz do Dia;;;;;;0;0;2;0;0;0;0;0;0;1;0;0;;
277229;25;2;2016;17:05;0;AV GAL OSORIO DE PAIVA;;;1127;FROTINHA DA PARANGABA;Colisão;Anoitecer;;;Meio de Quadra;;;0;1;0;1;0;0;0;0;0;1;0;0;-38,572016;-3,779137
277207;25;2;2016;13:57;0;RUA CEL DIONISIO ALENCAR;;;2500;;Colisão;Luz do Dia;;;Meio de Quadra;;;0;1;0;1;0;0;0;0;0;1;0;0;;
277199;25;2;2016;12:25;5134;RUA GUILHERME ROCHA;RUA TEREZA CRISTINA;;;;Colisão;Luz do Dia;;;Cruz;Pare;Residencial;0;2;0;1;0;0;0;0;0;1;0;0;-38,535981;-3,724385
277209;25;2;2016;15:02;0;RUA MIGUEL ARAGAO;;;;;Colisão;Luz do Dia;;;Meio de Quadra;;;0;1;0;1;0;0;0;0;0;1;0;0;;
277210;25;2;2016;20:08;0;RUA VALPARAISO;;;;;Choque c/ Obstáculo Fixo;Anoitecer;;;Meio de Quadra;;;1;0;1;0;0;0;1;0;0;1;0;0;-38,536237;-3,836131
277202;25;2;2016;13:33;0;AV SIQUEIRA CAMPOS;;;894;;Colisão;Luz do Dia;;;Meio de Quadra;;;0;1;0;0;0;0;0;0;0;0;0;0;-38,622995;-3,817509
275092;25;2;2016;13:00;12926;RUA JOAO BRIGIDO;AV VIS RIO BRANCO;;;;Colisão Traseira;Luz do Dia;Bom;Seca;Cruz;Semáforo;Outros;0;0;2;1;0;0;0;0;0;0;0;0;;
275080;25;2;2016;18:00;0;RUA PRO OTAVIO LOBO;;;590;;Colisão Lateral;Anoitecer;Bom;Seca;Outros;Outros;Residencial;0;0;2;1;0;0;0;0;0;0;0;0;-38,478713;-3,74425
275094;25;2;2016;08:15;1378;RUA OSVALDO CRUZ (ALDEOTA);RUA DES LEITE ALBUQUERQUE;;;;Colisão Transversal;Luz do Dia;Bom;Seca;Cruz;Pare;Comercial;0;1;1;1;0;0;0;0;0;1;0;0;-38,50064;-3,736598
275098;25;2;2016;07:15;15372;AV DOM LUIS;RUA CEL JUCA;;;;Colisão Traseira;Luz do Dia;Bom;Seca;Cruz;Semáforo;Comercial;0;1;1;1;0;0;0;0;0;1;0;0;-38,490579;-3,735452
275100;25;2;2016;17:50;0;RUA ESPIRITO SANTO;;;;;Colisão Lateral Sentido Oposto;Anoitecer;Bom;Seca;Meio de Quadra;Não Há Controle;Residencial;0;0;2;1;1;0;0;0;0;0;0;0;;
275101;25;2;2016;16:00;0;RUA VASCO DE ATAIDE;;;;;Colisão Transversal;Luz do Dia;Bom;Seca;Meio de Quadra;Pare;Residencial;0;1;1;1;0;0;0;0;0;1;0;0;;
275127;25;2;2016;18:30;1555;RUA OSVALDO CRUZ (ALDEOTA);RUA VICENTE LINHARES;;;;Colisão Traseira;Via Iluminada;Bom;Seca;Cruz;Pare;Comercial;0;0;2;1;0;0;0;0;0;0;0;0;-38,502221;-3,741502
275121;25;2;2016;16:00;0;RUA TUPI D35;;;416;;Colisão Lateral;Via Iluminada;Bom;Seca;Meio de Quadra;Pare;Residencial;0;0;2;1;0;0;0;0;0;0;0;0;-38,579772;-3,761873
275086;25;2;2016;22:35;3213;RUA VITAL BRASIL;RUA JOSE ARISTOTELES GONDIM;;;;Colisão;;;;Cruz;Pare;Misto;0;0;2;1;0;0;0;0;0;0;0;0;-38,58572;-3,781497
275076;25;2;2016;20:00;0;AV DES GONZAGA;;;;;Colisão Traseira;Via Iluminada;Bom;Seca;Meio de Quadra;Não Há Controle;Lazer;0;0;2;1;0;0;0;0;0;0;0;0;;
275071;25;2;2016;13:30;0;RUA BAR RIO BRANCO;;;1698;;Colisão Lateral;Luz do Dia;Bom;Seca;Meio de Quadra;Não Há Controle;Comercial;0;0;2;1;0;0;0;0;0;0;0;0;-38,530375;-3,733102
275067;25;2;2016;12:10;17605;RUA ACRE;RUA MARANHAO;;;;Colisão Frontal;Luz do Dia;Bom;Seca;Cruz;Pare;Residencial;0;0;2;1;0;0;0;0;0;0;0;0;-38,563292;-3,757241
277234;25;2;2016;17:26;0;AV CENTRAL;;;979;;Atropelamento;Anoitecer;;;Meio de Quadra;;;0;2;0;0;0;0;0;0;0;1;0;0;;
277236;25;2;2016;18:08;0;RUA OSCAR ARARIPE;;;3037;;Colisão;Anoitecer;;;Meio de Quadra;;;0;1;0;1;0;0;0;0;0;1;0;0;-38,617858;-3,785306
277237;25;2;2016;19:22;0;AV JOSE BASTOS;;;;;Queda;;;;Meio de Quadra;;;0;1;0;0;0;0;0;0;0;1;0;0;;
277240;26;2;2016;00:02;22353;AV BEZERRA DE MENEZES;AV OLAVO BILAC;;;;Queda;;;;Cruz;Semáforo;Comercial;0;1;0;0;0;0;0;0;0;1;0;0;-38,564151;-3,735601
277241;26;2;2016;00:32;0;RUA BARRA VERMELHA;;;902;;Colisão;;;;Meio de Quadra;;;0;1;0;0;0;0;0;0;0;0;0;0;;
277242;26;2;2016;01:05;0;AV PERIMETRAL;;;3000;MOTEL 3000;Colisão;;;;Meio de Quadra;;;0;1;0;0;0;0;0;0;0;0;0;0;-38,521973;-3,828854
277243;26;2;2016;01:14;0;RD BR 116;;;13000;KM-13;Colisão;;;;Meio de Quadra;;;0;1;0;0;0;0;0;0;0;0;0;0;-38,497727;-3,86467
277245;26;2;2016;01:20;0;AV LINEU MACHADO;;;1176;;Colisão;;;;Meio de Quadra;;;0;1;0;1;0;0;0;0;0;0;0;0;-38,579144;-3,770139
277246;26;2;2016;02:08;0;RUA ANDRE REBOUCAS;;;67;;Colisão;;;;Meio de Quadra;;;0;1;0;1;0;0;0;0;0;1;0;0;-38,588807;-3,774158
277247;26;2;2016;02:25;0;AV PERIMETRAL;;;200;MULTIPOSTO;Colisão;;;;Meio de Quadra;;;0;1;0;1;0;0;0;0;0;1;0;0;-38,580452;-3,807287
277249;26;2;2016;04:05;0;AV GAL OSORIO DE PAIVA;;;1524;;Colisão;;;;Meio de Quadra;;;0;1;0;1;0;0;0;0;0;1;0;0;-38,575336;-3,781222
277257;26;2;2016;09:01;0;RUA TUPA;;;354;;Queda;Luz do Dia;;;Meio de Quadra;;;0;1;0;0;0;0;0;0;0;1;0;0;;
277260;26;2;2016;09:12;0;RUA SEN POMPEU;;;1950;;Queda;Luz do Dia;;;Meio de Quadra;;;0;1;0;0;0;0;0;0;0;1;0;0;-38,532204;-3,735439
277251;26;2;2016;06:41;25063;RUA ARMANDO MONTEIRO;AV DOS EXPEDICIONARIOS;;;;Colisão;Luz do Dia;;;Cruz;Pare;Misto;0;1;1;1;0;0;0;0;0;1;0;0;-38,540372;-3,76223
277252;26;2;2016;08:19;0;AV SEN FERNANDES TAVORA;;;2500;;Atropelamento;Luz do Dia;;;Meio de Quadra;;;0;1;0;0;0;0;0;0;0;1;0;0;;
277254;26;2;2016;08:30;5406;RUA PRC ISABEL;RUA ANTONIO POMPEU;;;;Colisão;Luz do Dia;;;Cruz;Pare;Comercial;0;1;1;1;0;0;0;0;0;1;0;0;-38,537283;-3,732693
277263;26;2;2016;09:39;5424;RUA METON DE ALENCAR;RUA BAR RIO BRANCO;;;;Queda;Luz do Dia;;;Cruz;Pare;Comercial;0;1;0;0;0;0;0;0;0;1;0;0;-38,530563;-3,733701
277264;26;2;2016;10:15;0;AV GOV RAUL BARBOSA;;;5680;;Atropelamento;Luz do Dia;;;Meio de Quadra;;;0;1;0;0;0;0;0;0;0;0;0;0;-38,509857;-3,768347
277265;26;2;2016;10:18;5424;RUA METON DE ALENCAR;RUA BAR RIO BRANCO;;;;Atropelamento;Luz do Dia;;;Cruz;Pare;Comercial;0;1;0;0;0;0;0;0;0;1;0;0;-38,530563;-3,733701
277269;26;2;2016;10:53;0;RUA PRO HERIBALDO COSTA;;;2131;;Colisão;Luz do Dia;;;Meio de Quadra;;;0;1;1;0;1;0;0;0;0;1;0;0;-38,589156;-3,77017
277270;26;2;2016;12:49;0;AV PRS CASTELO BRANCO;;;73;;Colisão;Luz do Dia;;;Meio de Quadra;;;0;1;0;0;1;0;0;0;0;0;0;0;;
277271;26;2;2016;12:54;0;RUA HERMINIO BARROSO;;;705;;Atropelamento;Luz do Dia;;;Meio de Quadra;;;0;1;0;1;0;0;0;0;0;0;0;0;;
277291;26;2;2016;16:58;3177;RUA ANSELMO NOGUEIRA;RUA CARLOS CHAGAS;;;;Colisão;Luz do Dia;;;Cruz;Pare;Residencial;0;2;1;1;0;0;0;0;0;1;0;0;-38,586797;-3,779698
277288;26;2;2016;15:12;0;RD BR 020;;;;;Atropelamento;Luz do Dia;;;Meio de Quadra;;;0;1;0;1;0;0;0;0;0;0;0;0;;
277289;26;2;2016;16:07;0;AV FRANCISCO SA;;;4378;;Atropelamento;Luz do Dia;;;Meio de Quadra;;;0;1;0;0;0;0;0;0;0;1;0;0;-38,563847;-3,715216
277283;26;2;2016;14:27;0;AV PONTES VIEIRA;;;247;;Atropelamento;Luz do Dia;;;Meio de Quadra;;;0;1;0;1;0;0;0;0;0;0;0;0;-38,51829;-3,753291
277275;26;2;2016;13:07;0;RUA SGT JOAO PINHEIRO;;;439;;Atropelamento;Luz do Dia;;;Meio de Quadra;;;0;1;0;0;0;0;0;0;0;1;0;0;;
277276;26;2;2016;13:09;0;RD CE-040;;;2926;;Colisão;Luz do Dia;;;Meio de Quadra;;;0;1;0;0;0;0;0;0;0;0;0;0;;
277278;26;2;2016;13:22;0;RUA BOM JESUS (GRANJA LISBOA);;;1748;;Colisão;Luz do Dia;;;Meio de Quadra;;;0;1;0;0;0;0;0;0;0;0;0;0;-38,607947;-3,792248
277280;26;2;2016;14:13;0;RUA VITAL BRASIL;;;826;;Queda;Luz do Dia;;;Meio de Quadra;;;0;1;0;0;0;0;0;0;0;1;0;0;-38,588571;-3,780688
275068;26;2;2016;17:30;26252;RUA PERGENTINO MAIA;RUA ANTONIO BARROS;;;;Colisão Transversal;Anoitecer;;;;;;0;1;1;0;1;0;0;0;1;0;0;0;;
275066;26;2;2016;14:10;25138;AV 13 DE MAIO;AV FELINO BARROSO;;;;Colisão Traseira;Luz do Dia;;;T;Outros;Comercial;0;0;2;1;0;0;0;0;0;0;0;0;;
275064;26;2;2016;18:30;5030;RUA ALM JACEGUAI;AV ALM BARROSO;;;;Colisão Lateral;Anoitecer;;;T;Semáforo;Comercial;0;0;2;1;1;0;0;0;0;0;0;0;-38,519363;-3,720749
275072;26;2;2016;19:30;25601;AV PRS JUSCELINO KUBITSCHEK (PASSARÉ);RUA CACHOEIRINHA;;;;Colisão Transversal;;;;Cruz;Pare;;0;1;1;1;0;0;0;0;1;0;0;0;-38,528666;-3,812182
275075;26;2;2016;19:00;0;AV PRS CASTELO BRANCO;;;;;Colisão;;;;Meio de Quadra;;;0;1;1;0;0;0;0;0;0;1;0;0;;
275078;26;2;2016;12:00;5283;AV DOM MANUEL;AV SANTOS DUMONT;;;;Colisão Traseira;Luz do Dia;;;Cruz;Semáforo;Comercial;0;0;2;1;0;0;0;0;0;0;0;0;-38,52125;-3,728774
275087;26;2;2016;12:45;0;RUA JOAQUIM DE FIGUEIREDO FILHO;;;22;;Colisão Lateral;Luz do Dia;;;Meio de Quadra;;;0;0;2;1;0;0;0;0;0;0;0;0;;
275082;26;2;2016;15:25;0;RUA BERNARDO MANUEL;;;7200;;Colisão Traseira;Luz do Dia;;;Meio de Quadra;;;0;0;2;1;0;0;0;0;0;0;0;0;-38,546051;-3,781188
275083;26;2;2016;15:30;14665;RUA PDE JANUARIO CAMPOS;RUA DES AVELAR;;;;Colisão Transversal;Luz do Dia;;;Cruz;Pare;Residencial;0;1;1;1;0;0;0;0;0;1;0;0;;
275108;26;2;2016;11:00;0;RUA VALMIR PONTES;;;1321;;Colisão Lateral;Luz do Dia;;;Meio de Quadra;;;0;0;2;1;0;0;0;0;0;0;0;0;;