COD_ACIDENTE;DIA;MES;ANO;HORA;INTERSECAO;LOG1;LOG2;LOG3;NUMERO;REFERENCIA;NATUREZA;ILUMINACAO;TEMPO;SUPERFICIEPISTA;TIPOCRUZAMENTO;CONTROLETRAFEGO;USOSOLO;MORTOS;FERIDOS;ILESOS;AUTOMOVEL;ONIBUS;BICICLETA;CAMINHAO;MICROONIBUS;CICLOMOTOR;MOTOCICLETA;TRACAOANIMAL;TREM;LONG;LAT
275109;26;2;2016;15:15;13592;AV PONTES VIEIRA;RUA PRO CARVALHO;;;;Colisão;Luz do Dia;;;Cruz;Semáforo;Comercial;0;0;3;1;0;0;0;0;0;0;0;0;-38,514949;-3,75289
275110;26;2;2016;14:00;0;AV JOSE BASTOS;;;3786;;Colisão Traseira;Luz do Dia;;;Meio de Quadra;;;0;1;1;0;0;0;0;0;0;1;0;0;-38,552047;-3,751593
281405;26;2;2016;05:06;0;AV PRS COSTA E SILVA;;;;;Colisão;Amanhecer;;;Meio de Quadra;;;0;0;2;0;0;0;0;0;0;0;0;0;;
281410;26;2;2016;06:34;0;AV SGT HERMINIO SAMPAIO;;;3200;;Colisão;Luz do Dia;;;Meio de Quadra;;;0;0;2;0;0;0;0;0;0;0;0;0;-38,569356;-3,727933
281417;26;2;2016;07:41;5249;RUA COSTA BARROS;RUA RODRIGUES JUNIOR;;;;Colisão;Luz do Dia;;;;;;0;0;2;1;0;0;0;0;0;0;0;0;-38,519688;-3,727742
281412;26;2;2016;07:29;0;RUA OSCAR FRANCA;;;87;;Colisão;Luz do Dia;;;Meio de Quadra;;;0;0;2;0;0;0;0;0;0;0;0;0;;
281450;26;2;2016;10:26;0;TR AMANCIO VALENTE;;;;;Colisão;Luz do Dia;;;Meio de Quadra;;;0;0;2;0;0;0;0;0;0;0;0;0;;
281451;26;2;2016;10:29;0;RUA ALM JACEGUAI;;;;;Colisão;Luz do Dia;;;Meio de Quadra;;;0;0;2;0;0;0;0;0;0;0;0;0;;
281445;26;2;2016;08:22;0;RUA EQUADOR;;;314;;Colisão;Luz do Dia;;;Meio de Quadra;;;0;0;2;1;0;0;0;0;0;0;0;0;-38,551622;-3,771421
281446;26;2;2016;08:41;10999;RUA 15 DE NOVEMBRO;RUA ALBERTO MAGNO;;;;Colisão;Luz do Dia;;;Cruz;Pare;Residencial;0;0;2;0;0;0;0;0;0;0;0;0;-38,553169;-3,769909
281448;26;2;2016;09:37;0;RUA AUGUSTA BENEVIDES;;;16;;Colisão;Luz do Dia;;;Meio de Quadra;;;0;0;2;0;0;0;0;0;0;0;0;0;;
281437;26;2;2016;07:46;3030;RUA ANDRE REBOUCAS;RUA DIOGO CORREIA;;;;Colisão;Luz do Dia;;;Cruz;Semáforo;Comercial;0;1;1;1;0;0;0;0;0;1;0;0;-38,588606;-3,774008
281441;26;2;2016;07:52;0;AV PRS COSTA E SILVA;;;2581;;Colisão;Luz do Dia;;;Meio de Quadra;;;0;0;2;0;0;0;0;0;0;0;0;0;-38,559141;-3,820732
281443;26;2;2016;08:12;0;AV PRS COSTA E SILVA;;;;;Colisão;Luz do Dia;;;Meio de Quadra;;;0;0;2;0;0;0;0;0;0;0;0;0;;
281638;26;2;2016;17:10;0;AV PRS JUSCELINO KUBITSCHEK (PASSARÉ);;;3700;;Colisão;Anoitecer;;;Meio de Quadra;;;0;0;2;0;0;0;0;0;0;0;0;0;-38,529839;-3,813838
281633;26;2;2016;16:19;0;RUA CAIO CID;;;1351;;Colisão;Luz do Dia;;;Meio de Quadra;;;0;0;2;0;0;0;0;0;0;0;0;0;;
281634;26;2;2016;16:58;0;AV 13 DE MAIO;;;2286;;Colisão;Luz do Dia;;;Meio de Quadra;;;0;0;2;0;0;0;0;0;0;0;0;0;-38,537015;-3,742751
281631;26;2;2016;16:17;24786;RUA PALMACIA;RUA GEORGE CAVALCANTE;;;;Colisão;Luz do Dia;;;;;;0;0;2;0;0;0;0;0;0;0;0;0;-38,591143;-3,717812
281629;26;2;2016;15:58;5108;RUA PRC ISABEL;RUA SAO PAULO;;;;Colisão;Luz do Dia;;;Cruz;Pare;Comercial;0;0;3;1;0;0;0;0;0;0;0;0;-38,534619;-3,723679
281623;26;2;2016;14:10;1601;RUA PDE VALDEVINO;RUA VIS MAUA;;;;Colisão;Luz do Dia;;;Cruz;Pare;Comercial;0;0;2;0;0;0;0;0;0;0;0;0;-38,501876;-3,743773
281624;26;2;2016;14:53;12834;RUA ANTONIO POMPEU;RUA BAR RIO BRANCO;;;;Colisão;Luz do Dia;;;Cruz;Semáforo;Comercial;0;0;2;0;0;0;0;0;0;0;0;0;-38,530891;-3,734707
281613;26;2;2016;13:26;13393;RUA HENRIQUE RABELO;RUA JOAQUIM TORRES;;;;Colisão;Luz do Dia;;;Cruz;Pare;Misto;0;0;2;0;0;0;0;0;0;0;0;0;-38,521515;-3,740897
281609;26;2;2016;12:26;0;AV SORIANO ALBUQUERQUE;;;843;;Colisão;Luz do Dia;;;Meio de Quadra;;;0;0;2;0;0;0;0;0;0;0;0;0;;
281602;26;2;2016;12:25;1578;RUA GAL TERTULIANO POTYGUARA;RUA OSVALDO CRUZ (ALDEOTA);;;;Colisão;Luz do Dia;;;Cruz;Pare;Comercial;0;0;2;0;0;0;0;0;0;0;0;0;-38,502538;-3,74248
281569;26;2;2016;10:50;0;RUA VICENTE LOPES;;;334;;Colisão;Luz do Dia;;;Meio de Quadra;;;0;0;2;0;0;0;0;0;0;0;0;0;;
281567;26;2;2016;10:49;0;RUA AMERICO ROCHA LIMA;;;;;Colisão;Luz do Dia;;;;;;0;0;2;0;0;0;0;0;0;0;0;0;;
281579;26;2;2016;11:44;5331;AV SANTOS DUMONT;RUA GONCALVES LEDO;;;;Colisão;Luz do Dia;;;Cruz;Pare;Comercial;0;0;2;0;0;0;0;0;0;0;0;0;-38,515848;-3,730535
281580;26;2;2016;11:45;0;RUA PERGENTINO MAIA;;;1276;;Colisão;Luz do Dia;;;Meio de Quadra;;;0;0;2;0;0;0;0;0;0;0;0;0;-38,484548;-3,832022
281459;26;2;2016;10:32;0;RUA AMADEU FURTADO;;;1038;;Colisão;Luz do Dia;;;Meio de Quadra;;;0;0;2;0;0;0;0;0;0;0;0;0;-38,562253;-3,744388
281682;26;2;2016;22:26;0;RUA HIPOLITO PAMPLONA;;;740;;Colisão;;;;Meio de Quadra;;;0;0;2;0;0;0;0;0;0;0;0;0;-38,595773;-3,747558
281676;26;2;2016;21:22;10843;RUA CIDADE RIO BRANCO;RUA MACEIO;;;;Colisão;;;;;;;0;0;2;0;0;0;0;0;0;0;0;0;-38,591252;-3,765008
281674;26;2;2016;20:35;0;AV AGUANAMBI;;;1170;;Colisão;;;;Meio de Quadra;;;0;0;2;0;0;0;0;0;0;0;0;0;-38,5251;-3,746455
281670;26;2;2016;19:52;0;RUA SGT JOAO PINHEIRO;;;445;;Colisão;;;;Meio de Quadra;;;0;1;1;0;0;0;0;0;0;1;0;0;-38,621746;-3,779044
281671;26;2;2016;20:27;23372;AV PONTES VIEIRA;RUA FRE VIDAL;;;;Colisão;;;;;Não Há Controle;Comercial;0;0;2;0;0;0;0;0;0;0;0;0;-38,518209;-3,753282
281663;26;2;2016;19:37;0;RUA BOM JESUS (GRANJA LISBOA);;;1748;;Colisão;;;;Meio de Quadra;;;0;0;2;0;0;0;0;0;0;0;0;0;-38,607947;-3,792248
281658;26;2;2016;18:48;0;AV AGUANAMBI;;;;;Colisão;;;;Meio de Quadra;;;0;0;2;0;0;0;0;0;0;0;0;0;;
281660;26;2;2016;19:37;0;RUA CEL FABRICIANO;;;486;;Colisão;;;;Meio de Quadra;;;0;0;2;0;0;0;0;0;0;0;0;0;-38,594496;-3,786637
281647;26;2;2016;17:30;8647;RUA PRO SOLON FARIAS;AV EDILSON B SOARES;;;;Colisão;Anoitecer;;;Cruz;Pare;Residencial;0;0;2;0;0;0;0;0;0;0;0;0;-38,477116;-3,789155
281648;26;2;2016;17:47;0;RUA CARLOS AMORA;;;;;Colisão;Anoitecer;;;Meio de Quadra;;;0;0;2;0;0;0;0;0;0;0;0;0;;
281651;26;2;2016;17:59;0;AV GODOFREDO MACIEL;;;4190;;Colisão;Anoitecer;;;Meio de Quadra;;;0;0;2;0;0;0;0;0;0;0;0;0;;
281644;26;2;2016;17:29;0;AV CEL CARVALHO;;;;;Colisão;Anoitecer;;;Meio de Quadra;;;0;0;2;0;0;0;0;0;0;0;0;0;;
274907;26;2;2016;22:40;22318;AV BENJAMIM BARROSO;RUA CASIMIRO MONTENEGRO;;;;Colisão Transversal;Via Iluminada;Bom;Seca;Cruz;Pare;Residencial;0;0;2;0;0;0;0;0;0;1;0;0;-38,55039;-3,7306
275048;26;2;2016;17:20;0;AV PRS JUSCELINO KUBITSCHEK (PASSARÉ);;;3600;;Colisão Lateral;Anoitecer;;;Meio de Quadra;;;0;1;1;1;0;0;0;0;0;1;0;0;-38,529743;-3,813706
275061;26;2;2016;22:00;0;AV DUQ CAXIAS;;;;;Colisão Traseira;;;;Meio de Quadra;;;0;0;2;1;0;0;0;0;0;0;0;0;;
275041;26;2;2016;06:30;12508;AV LINEU MACHADO;RUA ALUISIO AZEVEDO;;;;Colisão Transversal;Luz do Dia;;;Cruz;Semáforo;Residencial;0;1;1;1;0;0;0;0;0;0;0;0;-38,579184;-3,770212
275036;26;2;2016;13:35;0;AV ENG ALBERTO SA;;;535;;Colisão Traseira;Luz do Dia;;;Meio de Quadra;;;0;0;2;1;0;0;0;0;0;0;0;0;-38,475585;-3,734635
275038;26;2;2016;15:30;0;AV DOM LUIS;;;502;PRACA PORTUGAL;Colisão Traseira;Luz do Dia;;;Meio de Quadra;;;0;0;2;1;1;0;0;0;0;0;0;0;-38,497304;-3,733243
275026;26;2;2016;07:47;1563;RUA VIS MAUA;RUA VICENTE LINHARES;;;;Colisão Traseira;Luz do Dia;;;Cruz;Pare;Comercial;0;0;2;1;0;0;0;0;0;0;0;0;-38,501243;-3,741828
275033;26;2;2016;19:05;7762;AV ANTONIO SALES;RUA NUNES VALENTE;;;;Colisão Transversal;;;;Cruz;Pare;Comercial;0;0;2;1;0;0;0;0;0;0;0;0;-38,506314;-3,744237
275030;26;2;2016;10:30;1451;RUA ROCHA LIMA;RUA ANTONIO AUGUSTO;;;;Colisão Transversal;Luz do Dia;;;Cruz;Pare;Residencial;0;0;2;1;0;0;0;0;0;0;0;0;-38,516207;-3,738344
275022;26;2;2016;16:40;5180;RUA TEN BENEVOLO;RUA DOM JOAQUIM;;;;Colisão Transversal;Luz do Dia;;;Cruz;Pare;Residencial;0;0;2;1;1;0;0;0;0;0;0;0;-38,51667;-3,725524
275019;26;2;2016;07:30;19656;AV BEZERRA DE MENEZES;RUA PRO JOSE DE BARCELOS;;;;Colisão Transversal;Luz do Dia;;;T;Semáforo;Comercial;0;0;2;0;1;0;0;0;0;0;0;0;-38,551066;-3,732898
275016;26;2;2016;21:00;0;AV EDILSON B SOARES;;;;;Choque c/ Obstáculo Fixo;;;;Meio de Quadra;;;0;0;1;1;0;0;0;0;0;0;0;0;;
275013;26;2;2016;17:00;0;AV CONTORNO SUL;;;;;Colisão Transversal;Anoitecer;;;Meio de Quadra;;;0;0;2;1;0;0;0;0;0;0;0;0;;
275009;26;2;2016;23:00;1583;RUA LEONARDO MOTA;RUA VICENTE LINHARES;;;;Colisão Lateral;;;;Cruz;Semáforo;Residencial;0;0;2;1;0;0;0;0;0;0;0;0;-38,498309;-3,742785
275058;26;2;2016;05:45;5362;AV VIS RIO BRANCO;VL ROMERO;;;;Colisão Traseira;Amanhecer;;;;;;0;1;2;1;0;0;0;0;0;0;0;0;-38,525055;-3,731291
275987;26;2;2016;07:30;0;RD BR 116;;;2000;KM-02;Colisão Traseira;Luz do Dia;Bom;Seca;Meio de Quadra;;;0;1;1;1;0;0;0;0;0;1;0;0;-38,51678;-3,771391
277759;26;2;2016;14:00;0;RD CE-040;;;;KM-10;Colisão;Luz do Dia;Bom;Seca;Meio de Quadra;;;0;0;2;1;0;0;1;0;0;0;0;0;-38,482466;-3,834451
277760;26;2;2016;04:30;0;RD CE-040;;;;KM-08;Outros;Via Iluminada;Bom;Seca;Meio de Quadra;;;0;1;0;1;0;0;0;0;0;0;0;0;-38,483033;-3,817159
275881;26;2;2016;18:00;0;RD BR 020;;;700;KM 426;Colisão Traseira;Anoitecer;Bom;Seca;Meio de Quadra;;;0;2;1;1;0;0;1;0;0;0;0;0;;
277761;27;2;2016;10:30;0;AV WASHINGTON SOARES;;;4775;;Colisão;Luz do Dia;Bom;Seca;Meio de Quadra;;;0;1;1;1;0;0;0;0;0;1;0;0;-38,479487;-3,801207
277762;27;2;2016;12:30;0;AV SEN CARLOS JEREISSATI (AEROPORTO);;;;KM 01;Colisão;Luz do Dia;Bom;Seca;Meio de Quadra;;;0;0;2;1;0;0;0;0;0;0;0;0;-38,52685;-3,783753
275059;27;2;2016;08:50;0;AV 13 DE MAIO;;;756;;Colisão Traseira;Luz do Dia;Bom;Seca;Outros;Semáforo Intermitente;Comercial;0;0;2;1;0;0;0;0;0;0;0;0;;
275010;27;2;2016;05:20;10963;RUA 15 DE NOVEMBRO;RUA ANTONIO FIUZA;;;;Colisão Transversal;Amanhecer;;;Cruz;Semáforo;Residencial;0;2;2;1;0;0;1;0;0;0;0;0;-38,552228;-3,770252
275006;27;2;2016;14:00;0;AV CASTELO DE CASTRO;;;342;;Colisão Traseira;Luz do Dia;;;Meio de Quadra;;;0;0;2;0;1;0;0;0;0;0;0;0;-38,521528;-3,832059
275007;27;2;2016;05:40;2822;AV GAL OSORIO DE PAIVA;RUA OSCAR ARARIPE;;;;Colisão Traseira;Amanhecer;;;T;Semáforo;Comercial;0;1;2;1;0;0;0;0;0;1;0;0;-38,591823;-3,794165
275045;27;2;2016;17:00;0;AV PRS COSTA E SILVA;;;556;JOSE WALTER;Colisão Transversal;Anoitecer;;;Meio de Quadra;;;0;0;3;0;1;0;0;0;0;1;0;0;;
281703;27;2;2016;08:49;0;AV MOZART PINHEIRO DE LUCENA;;;;;Colisão;Luz do Dia;;;Meio de Quadra;;;0;0;2;0;0;0;0;0;0;0;0;0;;
281704;27;2;2016;09:37;17292;RUA SATIRO DIAS;RUA QUEIROZ RIBEIRO;;;;Colisão;Luz do Dia;;;Cruz;Pare;Comercial;0;0;2;0;0;0;0;0;0;0;0;0;-38,546118;-3,763284
281696;27;2;2016;05:08;7781;AV DES MOREIRA;AV ANTONIO SALES;;;;Colisão;Amanhecer;;;Cruz;Semáforo;Comercial;0;1;1;1;0;0;0;0;0;1;0;0;-38,50141;-3,745744
281691;27;2;2016;00:21;0;RUA RIO BRANCO;;;3134;;Colisão;;;;Meio de Quadra;;;0;0;2;1;0;0;1;0;0;0;0;0;;
281793;27;2;2016;15:19;3121;AV LINEU MACHADO;RUA MARIA QUINTELA;;;;Colisão;Luz do Dia;;;;;;0;0;2;0;0;0;0;0;0;0;0;0;-38,583045;-3,777615
281794;27;2;2016;15:48;0;AV ENG ALBERTO SA;;;100;;Colisão;Luz do Dia;;;Meio de Quadra;;;0;0;2;0;0;0;0;0;0;0;0;0;-38,482028;-3,732849
281787;27;2;2016;14:18;0;AV GAL OSORIO DE PAIVA;;;5431;;Colisão;Luz do Dia;;;Meio de Quadra;;;0;0;2;0;0;0;0;0;0;0;0;0;-38,601913;-3,804567
281789;27;2;2016;15:16;0;AV CEL CARVALHO;;;3070;;Colisão;Luz do Dia;;;Meio de Quadra;;;0;0;2;0;0;0;0;0;0;0;0;0;-38,584717;-3,730421
281776;27;2;2016;13:59;0;RUA MAJ FACUNDO;;;;;Colisão;Luz do Dia;;;Meio de Quadra;Semáforo;Misto;0;0;2;0;0;0;0;0;0;0;0;0;;
281801;27;2;2016;17:07;0;AV PRS CASTELO BRANCO;;;;;Colisão;Anoitecer;;;Meio de Quadra;;;0;0;2;0;0;0;0;0;0;0;0;0;;
281803;27;2;2016;18:02;0;AV SGT HERMINIO SAMPAIO;;;4819;;Colisão;Anoitecer;;;Meio de Quadra;;;0;1;1;1;0;0;0;0;0;1;0;0;;
281804;27;2;2016;18:04;0;AV ROGACIANO LEITE;;;2671;;Colisão;Anoitecer;;;Meio de Quadra;;;0;0;2;0;0;0;0;0;0;0;0;0;-38,501969;-3,781878
281806;27;2;2016;18:41;10645;RUA ALBERTO FEITOSA LIMA;LOGRADOURO SEM NOME;;;;Colisão;;;;;;;0;0;2;0;0;0;0;0;0;0;0;0;;
281807;27;2;2016;18:42;0;AV BAR STUDART;;;1020;;Colisão;;;;Meio de Quadra;;;0;0;2;0;0;0;0;0;0;0;0;0;-38,506159;-3,733204
281809;27;2;2016;19:01;0;RUA ORIENTE D21;;;574;;Colisão;;;;Meio de Quadra;;;0;0;2;0;0;0;0;0;0;0;0;0;;
281810;27;2;2016;19:04;0;AV OLIVEIRA PAIVA;;;;;Colisão;;;;Meio de Quadra;;;0;0;2;0;0;0;0;0;0;0;0;0;;
281797;27;2;2016;16:05;0;RUA PORTO VELHO;;;741;;Colisão;Luz do Dia;;;Meio de Quadra;;;0;0;2;0;0;0;0;0;0;1;0;0;-38,587671;-3,765627
281798;27;2;2016;16:46;0;RUA DEMETRIO MENEZES;;;;;Colisão;Luz do Dia;;;Meio de Quadra;;;0;0;2;0;0;0;0;0;0;0;0;0;;
281799;27;2;2016;17:03;5436;RUA JAIME BENEVOLO;RUA GAL CLARINDO DE QUEIROZ;;;;Colisão;Anoitecer;;;Cruz;Pare;Comercial;0;0;2;0;0;0;0;0;0;0;0;0;-38,526017;-3,73406
281814;27;2;2016;20:15;0;AV DES FAUSTINO ALBUQUERQUE;;;602;;Colisão;;;;Meio de Quadra;;;0;0;2;0;0;0;0;0;0;0;0;0;-38,499198;-3,784991
281815;27;2;2016;20:20;0;RUA CEL RIBEIRO DA SILVA;;;205;;Colisão;;;;Meio de Quadra;;;0;1;2;0;0;0;0;0;0;0;0;0;-38,547674;-3,726322
281816;27;2;2016;20:50;0;AV DOM MANUEL;;;472;;Colisão;;;;Meio de Quadra;;;0;0;2;0;0;0;0;0;0;0;0;0;-38,521128;-3,728407
281817;27;2;2016;20:54;0;AV OLIVEIRA PAIVA;;;;;Colisão;;;;Meio de Quadra;;;0;0;2;0;0;0;0;0;0;0;0;0;;
281767;27;2;2016;11:08;0;RUA MAD ELISA BALDO;;;;;Colisão;Luz do Dia;;;Meio de Quadra;;;0;0;2;0;0;0;0;0;0;0;0;0;;
281769;27;2;2016;11:28;0;AV SANTOS DUMONT;;;5600;;Colisão;Luz do Dia;;;Meio de Quadra;;;0;0;2;0;0;0;0;0;0;0;0;0;-38,482006;-3,741505
281770;27;2;2016;11:44;25519;AV ALM HENRIQUE SABOIA;AV GOV RAUL BARBOSA;;;;Colisão;Luz do Dia;;;;Não Há Controle;Comercial;0;0;2;0;0;0;0;0;0;0;0;0;-38,50458;-3,758466
281771;27;2;2016;12:01;0;AV PRS CASTELO BRANCO;;;;;Colisão;Luz do Dia;;;Meio de Quadra;;;0;0;2;0;0;0;0;0;0;0;0;0;;
281772;27;2;2016;13:14;0;AV SEN FERNANDES TAVORA;;;;;Colisão;Luz do Dia;;;Meio de Quadra;;;0;0;2;0;0;0;0;0;0;0;0;0;;
281764;27;2;2016;10:58;0;RUA JORGE ACURCIO;;;706;;Colisão;Luz do Dia;;;Meio de Quadra;;;0;0;2;0;0;0;0;0;0;0;0;0;-38,532153;-3,766252
281761;27;2;2016;10:55;0;RUA HERMINIA BONAVIDES;;;1500;;Colisão;Luz do Dia;;;Meio de Quadra;;;0;0;2;0;0;0;0;0;0;0;0;0;;
281762;27;2;2016;10:56;0;RUA BAR AQUIRAZ;;;1770;;Colisão;Luz do Dia;;;Meio de Quadra;;;0;0;2;0;0;0;0;0;0;0;0;0;-38,483605;-3,842295
281755;27;2;2016;10:53;5255;AV TRISTAO GONCALVES;RUA PEDRO PEREIRA;;;;Colisão;Luz do Dia;;;Cruz;Semáforo;Comercial;0;0;2;0;0;0;0;0;0;0;0;0;-38,533489;-3,728075
281744;27;2;2016;09:50;0;RUA ROSA CORDEIRO;;;121;;Colisão;Luz do Dia;;;Meio de Quadra;;;0;0;2;0;0;0;0;0;0;0;0;0;;
281751;27;2;2016;10:36;0;AV DEP PAULINO ROCHA;;;48;;Colisão;Luz do Dia;;;Meio de Quadra;;;0;0;2;1;0;0;0;0;0;0;0;0;-38,507503;-3,801819
281746;27;2;2016;10:18;7851;RUA JOSE VILAR;AV PONTES VIEIRA;;;;Colisão;Luz do Dia;;;Cruz;Semáforo;Comercial;0;0;2;0;0;0;0;0;0;0;0;0;-38,51003;-3,752317
281748;27;2;2016;10:34;12457;AV AUGUSTO DOS ANJOS;RUA PRO GOMES BRASIL;;;;Colisão;Luz do Dia;;;;;;0;0;2;0;0;0;0;0;0;0;0;0;-38,570427;-3,770153
281749;27;2;2016;10:34;0;RUA DONATILHA CARVALHO;;;27;;Colisão;Luz do Dia;;;Meio de Quadra;;;0;0;2;0;0;0;0;0;0;0;0;0;-38,557177;-3,733318
281819;27;2;2016;21:15;0;RUA PDE PEDRO DE ALENCAR;;;150;;Colisão;;;;Meio de Quadra;;;0;0;2;0;0;0;0;0;0;0;0;0;-38,493643;-3,828982
281783;27;2;2016;14:00;0;RUA COSTA BARROS;;;1693;;Colisão;Luz do Dia;;;Meio de Quadra;;;0;0;2;0;0;0;0;0;0;0;0;0;-38,508961;-3,731208
281822;27;2;2016;21:40;0;RUA ADOLFO MARINHO (VILA VELHA);;;1463;;Colisão;;;;Meio de Quadra;;;0;0;2;0;0;0;0;0;0;0;0;0;;
281823;27;2;2016;22:47;1561;AV PDE ANTONIO TOMAS;AV SEN VIRGILIO TAVORA;;;;Colisão;;;;Outros;Semáforo Intermitente;Comercial;0;0;2;0;0;0;0;0;0;0;0;0;-38,494749;-3,74176
281824;27;2;2016;22:51;0;AV COSTA OESTE;;;;;Colisão;;;;Meio de Quadra;;;0;0;2;0;0;0;0;0;0;0;0;0;;
281825;27;2;2016;22:57;0;RUA JULIO BRAGA;;;1052;;Colisão;;;;Meio de Quadra;;;0;0;2;0;0;0;0;0;0;0;0;0;-38,580567;-3,775581
281826;27;2;2016;23:10;0;AV CARNEIRO DE MENDONCA;;;1955;;Colisão;;;;Meio de Quadra;;;0;0;2;0;0;0;0;0;0;0;0;0;-38,575629;-3,759652
275099;27;2;2016;18:10;0;RUA CAP ARAGAO;;;175;;Colisão Lateral;Anoitecer;;;Meio de Quadra;;;0;1;1;1;0;0;0;0;0;1;0;0;-38,516284;-3,76541
275095;27;2;2016;02:15;3820;AV CARAPINIMA;AV 13 DE MAIO;;;;Colisão Traseira;;;;Cruz;Semáforo;Comercial;0;0;2;1;0;0;0;0;0;0;0;0;-38,540239;-3,740001
275090;27;2;2016;21:00;23433;RUA MON SALAZAR;RUA PRO CARVALHO;;;;Colisão Transversal;;;;Cruz;Pare;Residencial;0;1;1;1;0;0;0;0;0;1;0;0;-38,514308;-3,756146
275131;27;2;2016;04:00;0;AV JOR THOMAZ COELHO;;;602;;Colisão Frontal;;;;Meio de Quadra;;;0;1;1;1;0;0;0;0;0;0;0;0;;
275084;27;2;2016;08:20;15823;RUA MANUEL CASTELO BRANCO;RUA CEL ERNESTO MATOS;;;;Colisão Traseira;Luz do Dia;;;Cruz;Semáforo;Comercial;0;0;2;1;0;0;0;0;0;0;0;0;-38,490083;-3,832449
275079;27;2;2016;21:30;6756;AV ENG SANTANA JUNIOR;AV ANTONIO SALES;;;;Colisão;;;;Outros;Não Há Controle;Comercial;0;0;2;1;1;0;0;0;0;0;0;0;-38,490039;-3,749257
275074;27;2;2016;19:30;0;RUA STA LIDUINA D42;;;501;;Colisão Lateral;Anoitecer;;;Meio de Quadra;;;0;0;2;1;0;0;0;0;0;0;0;0;-38,585296;-3,802536
275188;27;2;2016;10:25;24967;AV SANTOS DUMONT;AV ALM HENRIQUE SABOIA;;;;Colisão Traseira;Luz do Dia;;;Outros;Não Há Controle;Comercial;0;0;3;1;1;0;0;0;0;0;0;0;;
275171;27;2;2016;13:10;0;AV BEZERRA DE MENEZES;;;2210;;Colisão Traseira;Luz do Dia;;;Meio de Quadra;;;0;0;3;1;0;0;0;0;0;0;0;0;-38,564353;-3,735645
275165;27;2;2016;09:00;0;AV ALM HENRIQUE SABOIA;;;2151;;Colisão Lateral;Luz do Dia;;;Meio de Quadra;;;0;1;1;0;0;0;1;0;0;0;0;0;-38,481183;-3,729744
275162;27;2;2016;07:10;0;AV GAL MURILO BORGES;;;;;Colisão Lateral;Luz do Dia;;;Meio de Quadra;;;0;0;2;1;0;0;0;0;0;1;0;0;;
275146;27;2;2016;07:50;1578;RUA OSVALDO CRUZ (ALDEOTA);RUA GAL TERTULIANO POTYGUARA;;;;Colisão Transversal;Luz do Dia;;;Cruz;Pare;Comercial;0;1;1;1;0;0;0;0;0;1;0;0;-38,502538;-3,74248
275156;27;2;2016;15:00;0;RUA DEMETRIO MENEZES;;;3700;;Colisão Lateral;Luz do Dia;;;Meio de Quadra;;;0;0;2;0;1;0;0;0;0;0;0;0;-38,584088;-3,735992
275153;27;2;2016;01:49;18108;AV SANTOS DUMONT;AV DIOGUINHO;;;;Choque c/ Obstáculo Fixo;;;;Cruz;Semáforo;Comercial;0;0;1;1;0;0;0;0;0;0;0;0;-38,450425;-3,747029
275149;27;2;2016;13:50;0;AV GAL MURILO BORGES;;;;;Colisão Lateral;Luz do Dia;;;Meio de Quadra;;;0;0;2;1;0;0;0;0;0;0;0;0;;
275104;27;2;2016;00:38;0;RUA LAURO MAIA;;;75;;Colisão Lateral;;;;Meio de Quadra;;;0;0;2;1;0;0;0;0;0;0;0;0;-38,52425;-3,740844
275140;27;2;2016;06:40;1503;AV SEN VIRGILIO TAVORA;RUA EDUARDO GARCIA;;;;Colisão Transversal;Luz do Dia;;;Cruz;Semáforo;Comercial;0;0;2;1;0;0;0;0;0;0;0;0;-38,494102;-3,739797
277297;27;2;2016;01:16;0;RD CE-040;;;;KM-08;Colisão;;;;Meio de Quadra;;;0;1;0;0;0;0;0;0;0;0;0;0;-38,483033;-3,817159
277293;27;2;2016;00:58;0;AV JOR THOMAZ COELHO;;;300;;Colisão;;;;Meio de Quadra;;;0;3;0;0;0;0;0;0;0;0;0;0;;
277301;27;2;2016;01:24;10963;RUA 15 DE NOVEMBRO;RUA ANTONIO FIUZA;;;;Colisão;;;;Cruz;Semáforo;Residencial;0;1;0;1;0;0;1;0;0;0;0;0;-38,552228;-3,770252
277305;27;2;2016;01:28;0;AV DES MOREIRA;;;2283;;Colisão;;;;Meio de Quadra;;;0;1;0;0;0;0;0;0;0;0;0;0;-38,501386;-3,745666
277306;27;2;2016;01:35;0;RUA CAIO PRADO;;;41;;Colisão;;;;Meio de Quadra;;;0;1;0;1;0;0;0;0;0;1;0;0;-38,563545;-3,773059
277307;27;2;2016;01:42;6545;AV A CJ CEARA;AV H CJ CEARA;;;;Atropelamento;;;;;;;0;1;0;1;0;0;0;0;0;0;0;0;-38,605924;-3,775146
277308;27;2;2016;01:50;0;AV GAL OSORIO DE PAIVA;;;2955;TERMINAL SIQUEIRA;Colisão;;;;Meio de Quadra;;;0;1;0;1;0;0;0;0;0;1;0;0;-38,587333;-3,78959
277343;27;2;2016;05:25;0;RUA COM GARCIA;;;1695;;Queda;Amanhecer;;;Meio de Quadra;;;0;1;0;0;0;0;0;0;0;1;0;0;-38,587131;-3,797498
277385;27;2;2016;09:51;0;AV MOZART PINHEIRO DE LUCENA;;;1960;;Atropelamento;Luz do Dia;;;Meio de Quadra;;;0;1;0;0;0;0;0;0;0;1;0;0;-38,596045;-3,719513
277386;27;2;2016;10:09;10863;RUA PORTO VELHO;RUA PRO HERIBALDO COSTA;;;;Colisão;Luz do Dia;;;Cruz;Semáforo;Comercial;0;1;0;1;0;0;0;0;0;1;0;0;-38,587014;-3,765974
277387;27;2;2016;11:24;0;AV SGT HERMINIO SAMPAIO;;;4819;;Colisão;Luz do Dia;;;Meio de Quadra;;;0;1;0;1;0;0;0;0;0;1;0;0;;