COD_ACIDENTE;DIA;MES;ANO;HORA;INTERSECAO;LOG1;LOG2;LOG3;NUMERO;REFERENCIA;NATUREZA;ILUMINACAO;TEMPO;SUPERFICIEPISTA;TIPOCRUZAMENTO;CONTROLETRAFEGO;USOSOLO;MORTOS;FERIDOS;ILESOS;AUTOMOVEL;ONIBUS;BICICLETA;CAMINHAO;MICROONIBUS;CICLOMOTOR;MOTOCICLETA;TRACAOANIMAL;TREM;LONG;LAT
277388;27;2;2016;12:05;0;AV DR SILAS MUNGUBA;;;2995;;Colisão;Luz do Dia;;;Meio de Quadra;;;0;1;0;1;0;0;0;0;0;1;0;0;-38,54661;-3,788178
277389;27;2;2016;12:19;0;RUA PRO OTAVIO LOBO;;;2000;;Colisão;Luz do Dia;;;Meio de Quadra;;;0;1;0;0;0;0;0;0;0;0;0;0;;
277349;27;2;2016;06:29;0;RUA CEARA;;;1326;;Colisão;Luz do Dia;;;Meio de Quadra;;;0;1;0;0;0;0;0;0;0;0;0;0;;
277354;27;2;2016;06:51;5076;RUA SEN POMPEU;RUA DR JOAO MOREIRA;;;;Colisão;Luz do Dia;;;Cruz;Semáforo;Comercial;0;1;0;0;0;0;0;0;0;0;0;0;-38,528275;-3,7224
277355;27;2;2016;07:06;0;AV DR SILAS MUNGUBA;;;1199;;Colisão;Luz do Dia;;;Meio de Quadra;;;0;2;0;1;0;0;0;0;0;1;0;0;-38,555361;-3,782416
277367;27;2;2016;09:26;0;RUA NEREU RAMOS;;;2824;;Colisão;Luz do Dia;;;Meio de Quadra;;;0;1;0;1;0;0;0;0;0;0;0;0;;
277364;27;2;2016;08:44;0;RUA VIRGILIO B SANTOS;;;62;;Queda;Luz do Dia;;;Meio de Quadra;;;0;1;0;0;0;1;0;0;0;0;0;0;-38,493854;-3,768737
277360;27;2;2016;07:58;0;RUA URUCUTUBA;;;1586;;Colisão;Luz do Dia;;;Meio de Quadra;;;0;2;0;0;0;0;0;0;0;1;0;0;-38,610266;-3,79791
277326;27;2;2016;04:24;0;AV ALM HENRIQUE SABOIA;;;1102;VIADUTO;Colisão;;;;Meio de Quadra;;;0;1;0;1;0;0;1;0;0;0;0;0;-38,485152;-3,736032
277346;27;2;2016;06:17;0;RUA PINTO MADEIRA;;;1148;;Atropelamento;Luz do Dia;;;Meio de Quadra;;;0;1;0;1;0;0;0;0;0;0;0;0;-38,515054;-3,733073
277347;27;2;2016;06:18;0;AV SEN FERNANDES TAVORA;;;;;Colisão;Luz do Dia;;;Meio de Quadra;;;0;1;0;0;0;0;0;0;0;0;0;0;;
277330;27;2;2016;04:35;24372;AV LUCIANO CARNEIRO;RUA ALM RUFINO;;;;Colisão;;;;Cruz;Semáforo;Comercial;0;1;0;1;0;1;0;0;0;0;0;0;-38,537195;-3,76658
277335;27;2;2016;04:46;0;AV WASHINGTON SOARES;;;;ASSAI;Colisão;;;;Meio de Quadra;;;0;1;0;1;0;0;0;0;0;1;0;0;-38,479529;-3,800305
277337;27;2;2016;04:51;0;AV OLIVEIRA PAIVA;;;;;Colisão;;;;Meio de Quadra;;;0;1;0;1;0;0;0;0;0;0;0;0;;
277338;27;2;2016;05:18;0;RUA MAD ELISA BALDO;;;26;;Colisão;Amanhecer;;;Meio de Quadra;;;0;1;0;1;0;0;0;0;0;1;0;0;;
277339;27;2;2016;05:24;0;RUA PORTO VELHO;;;52;;Atropelamento;Amanhecer;;;Meio de Quadra;;;0;1;0;0;0;0;0;0;0;1;0;0;-38,580815;-3,76931
277323;27;2;2016;04:04;0;RUA ROSA CORDEIRO;;;129;;Colisão;;;;Meio de Quadra;;;0;1;0;1;0;0;0;0;0;1;0;0;;
277314;27;2;2016;01:53;0;AV MR HULL;;;4965;CARTORIO ALENCAR ARARIPE;Colisão;;;;Meio de Quadra;;;0;1;0;1;0;0;0;0;0;1;0;0;-38,588584;-3,739225
277316;27;2;2016;03:10;0;AV DR SILAS MUNGUBA;;;5255;;Colisão;;;;Meio de Quadra;;;0;1;0;0;0;0;0;0;0;0;0;0;-38,530721;-3,79941
277317;27;2;2016;03:11;0;AV MOZART PINHEIRO DE LUCENA;;;1807;;Colisão;;;;Meio de Quadra;;;0;1;1;1;0;0;0;0;0;1;0;0;-38,595728;-3,718404
277466;27;2;2016;20:56;17428;RUA CESAR ROSSAS;RUA ALBERTO MAGNO;;;;Colisão;;;;Cruz;Semáforo;Comercial;0;1;0;1;0;0;0;0;0;0;0;0;-38,552686;-3,768561
277459;27;2;2016;20:06;0;AV CARNEIRO DE MENDONCA;;;1989;;Atropelamento;;;;Meio de Quadra;;;0;1;0;0;0;0;0;0;0;1;0;0;-38,575786;-3,759568
277451;27;2;2016;18:24;0;RUA FIS VIEIRA;;;3426;;Queda;Anoitecer;;;Meio de Quadra;;;0;1;0;0;0;0;0;0;0;1;0;0;-38,516333;-3,751361
277452;27;2;2016;18:33;0;RUA FRANCISCO CORDEIRO;;;48;;Queda;;;;Meio de Quadra;;;0;1;0;0;0;0;0;0;0;1;0;0;-38,550268;-3,711653
277453;27;2;2016;19:29;0;AV PERIMETRAL;;;484;;Colisão;;;;Meio de Quadra;;;0;1;0;1;0;0;0;0;0;1;0;0;;
277461;27;2;2016;20:47;0;AV DOS EXPEDICIONARIOS;;;3406;;Colisão;;;;Meio de Quadra;;;0;2;0;0;0;0;0;0;0;0;0;0;-38,536079;-3,748238
277446;27;2;2016;16:59;2475;TR ARATANHA;AV FRANCISCO SA;;;;Queda;Luz do Dia;;;;;;0;1;0;0;0;1;0;0;0;0;0;0;-38,582182;-3,708679
277448;27;2;2016;17:22;0;RUA ROSA CORDEIRO;;;498;;Queda;Anoitecer;;;Meio de Quadra;;;0;1;0;0;0;1;0;0;0;0;0;0;-38,465609;-3,773797
277449;27;2;2016;17:41;0;RUA PERDIGAO DE OLIVEIRA;;;415;;Colisão;Anoitecer;;;Meio de Quadra;;;0;1;0;0;0;0;0;0;0;0;0;0;-38,573418;-3,775938
277444;27;2;2016;15:28;0;AV DES FAUSTINO ALBUQUERQUE;;;602;;Atropelamento;Luz do Dia;;;Meio de Quadra;;;0;1;0;0;0;0;0;0;0;1;0;0;-38,499198;-3,784991
277441;27;2;2016;14:07;0;AV PRO JOSE ARTHUR CARVALHO;;;2211;;Colisão;Luz do Dia;;;Meio de Quadra;;;0;1;0;1;0;0;0;0;0;1;0;0;-38,459305;-3,824528
277442;27;2;2016;14:53;0;RUA CEL RIBEIRO DA SILVA;;;205;;Atropelamento;Luz do Dia;;;Meio de Quadra;;;0;1;0;1;0;0;0;0;0;0;0;0;-38,547674;-3,726322
277429;27;2;2016;12:30;0;TR CAP ARAGAO;;;173;;Colisão;Luz do Dia;;;Meio de Quadra;;;0;1;0;1;0;0;0;0;0;1;0;0;;
277437;27;2;2016;12:49;0;RUA EVILASIO A MIRANDA;;;917;;Colisão;Luz do Dia;;;Meio de Quadra;;;0;1;2;1;0;1;0;0;0;0;0;0;;
277438;27;2;2016;13:03;0;RUA JOSE MARTINS;;;42;;Atropelamento;Luz do Dia;;;Meio de Quadra;;;0;1;0;1;0;0;0;0;0;0;0;0;;
277425;27;2;2016;12:20;22742;RUA DR JURANDYR NUNES;RUA WALDEMAR ALCANTARA;;;;Atropelamento;Luz do Dia;;;;;;0;1;0;0;0;0;0;0;0;1;0;0;-38,472849;-3,79885
277427;27;2;2016;12:28;0;RUA ALBERTO FEITOSA LIMA;;;180;;Colisão;Luz do Dia;;;Meio de Quadra;;;0;1;0;1;0;0;0;0;0;1;0;0;;
277375;27;2;2016;09:46;0;AV MR HULL;;;4442;TERMINAL ANTONIO BEZERRA;Queda;Luz do Dia;;;Meio de Quadra;;;0;1;0;0;0;0;0;0;0;1;0;0;-38,584585;-3,738616
279152;27;2;2016;17:25;8643;AV ENG LEAL LIMA VERDE (SAPIRANGA/COITE);AV EDILSON B SOARES;;;;Colisão;Anoitecer;;;Cruz;Pare;Residencial;0;0;2;1;0;0;0;0;0;0;0;0;-38,476215;-3,789082
279153;27;2;2016;17:30;0;RUA JOAQUIM ALBANO;;;;;Colisão;Anoitecer;;;Meio de Quadra;;;0;0;2;1;1;0;0;0;0;0;0;0;;
277468;28;2;2016;01:26;0;AV ABOLICAO;;;2667;;Queda;;;;Meio de Quadra;;;0;1;0;0;0;0;0;0;0;1;0;0;-38,495858;-3,7272
277469;28;2;2016;01:31;0;AV CEL CARVALHO;;;3303;GUARARAPES;Queda;;;;Meio de Quadra;;;0;1;0;0;0;0;0;0;0;1;0;0;-38,584571;-3,731421
277474;28;2;2016;01:36;0;AV AUGUSTO DOS ANJOS;;;1640;;Colisão;;;;Meio de Quadra;;;0;2;0;0;0;0;0;0;0;0;0;0;-38,57946;-3,780508
277475;28;2;2016;02:00;0;RUA HOLANDA;;;1885;;Colisão;;;;Meio de Quadra;;;0;1;0;0;0;0;0;0;0;0;0;0;-38,556054;-3,808129
277476;28;2;2016;02:01;0;RD BR 116;;;10000;KM-10;Queda;;;;Meio de Quadra;;;0;1;0;0;0;0;0;0;0;1;0;0;-38,503373;-3,834435
277478;28;2;2016;02:13;0;ET DO FIO (MESSEJANA);;;1460;;Colisão;;;;Meio de Quadra;;;0;1;0;1;0;0;0;0;0;1;0;0;;
277480;28;2;2016;02:16;0;AV GODOFREDO MACIEL;;;1753;LAGOA DA MARAPONGA;Queda;;;;Meio de Quadra;;;0;1;0;0;0;0;0;0;0;1;0;0;-38,566763;-3,788335
277481;28;2;2016;02:18;0;AV GODOFREDO MACIEL;;;;;Queda;;;;Meio de Quadra;;;0;1;0;0;0;0;0;0;0;1;0;0;;
277482;28;2;2016;02:25;0;AV PERIMETRAL;;;;;Queda;;;;Meio de Quadra;;;0;1;0;0;0;0;0;0;0;1;0;0;;
277483;28;2;2016;02:26;0;AV DEP PAULINO ROCHA;;;6070;;Colisão;;;;Meio de Quadra;;;0;1;0;1;0;0;0;0;0;0;0;0;;
275130;28;2;2016;05:00;0;AV G CJ JOSE WALTER;;;;;Outros;Amanhecer;Bom;Seca;Meio de Quadra;Pare;Residencial;0;1;0;1;0;0;0;0;0;0;0;0;;
275085;28;2;2016;21:30;0;RUA CEL FRANCISCO ALVES RIBEIRO;;;;;Colisão Frontal;Via Iluminada;Bom;Seca;Meio de Quadra;;;0;0;2;1;0;0;0;0;0;0;0;0;;
275088;28;2;2016;13:40;0;RUA JOSE VILAR;;;975;;Colisão Traseira;Luz do Dia;Bom;Seca;Meio de Quadra;Não Há Controle;Comercial;0;0;2;1;0;0;0;0;0;0;0;0;-38,504169;-3,734258
275065;28;2;2016;19:45;0;RUA JOSE HIPOLITO;;;1099;;Colisão Traseira;Via Iluminada;Bom;Seca;Meio de Quadra;Pare;Residencial;0;0;2;1;0;0;0;0;0;0;0;0;-38,486344;-3,835606
275062;28;2;2016;07:00;0;AV LUCIANO CARNEIRO;;;;;Choque c/ Obstáculo Fixo;Luz do Dia;Bom;Seca;Outros;Semáforo Intermitente;Comercial;0;0;1;0;0;0;0;0;0;0;0;0;;
275132;28;2;2016;20:00;0;TR SAO JOSE;;;;;Choque c/ Obstáculo Fixo;Não Iluminada;Bom;Seca;Meio de Quadra;Não Há Controle;Comercial;0;1;0;1;0;0;0;0;0;0;0;0;;
275107;28;2;2016;18:40;1343;AV SEN VIRGILIO TAVORA;RUA MARCOS MACEDO;;;;Colisão Traseira;Via Iluminada;Bom;Seca;Cruz;Pare;Comercial;0;0;2;1;0;0;0;0;0;0;0;0;-38,492845;-3,735843
275114;28;2;2016;18:00;9155;AV EDUARDO GIRAO;AV LUCIANO CARNEIRO;;;;Choque c/ Obstáculo Fixo;Via Iluminada;Bom;Material Derrapante;Cruz;;Residencial;0;0;1;1;0;0;0;0;0;0;0;0;-38,532811;-3,752275
275115;28;2;2016;08:40;0;RUA ATILANO MOURA;;;515;;Capotamento;Luz do Dia;;;Meio de Quadra;;;0;0;1;1;0;0;0;0;0;0;0;0;;
275118;28;2;2016;08:15;1231;RUA CARLOS VASCONCELOS;RUA COSTA BARROS;;;;Colisão Transversal;Luz do Dia;;;Cruz;Semáforo;Comercial;0;0;2;1;0;0;0;0;0;0;0;0;-38,510095;-3,730831
275093;28;2;2016;07:30;24956;AV ALM HENRIQUE SABOIA;AV ENG ALBERTO SA;;;;Colisão Lateral;Luz do Dia;Bom;Seca;Cruz;Semáforo;Comercial;0;0;3;1;0;0;0;0;0;0;0;0;-38,48289;-3,732499
275097;28;2;2016;12:00;12867;RUA JOAQUIM MAGALHAES;RUA JAIME BENEVOLO;;;;Colisão Transversal;Luz do Dia;Bom;Seca;Cruz;Pare;Comercial;0;1;1;1;0;0;0;0;0;0;0;0;-38,527961;-3,739942
275111;28;2;2016;18:52;5134;RUA GUILHERME ROCHA;RUA TEREZA CRISTINA;;;;Colisão Transversal;;;;Cruz;Pare;Residencial;0;1;1;1;0;0;0;1;0;0;0;0;-38,535981;-3,724385
275112;28;2;2016;07:18;0;RUA DA SAUDADE;;;300;;Engavetamento;Luz do Dia;;;Meio de Quadra;;;0;0;3;1;1;0;0;0;0;0;0;0;;
275102;28;2;2016;01:00;1353;AV RUI BARBOSA;RUA AFONSO CELSO;;;;Choque c/ Obstáculo Fixo;Via Iluminada;Bom;Seca;Cruz;Pare;Comercial;0;1;0;0;0;0;0;0;0;0;0;0;-38,50945;-3,736087
275103;28;2;2016;20:00;0;AV CASTELO DE CASTRO;;;;;Colisão Traseira;Via Iluminada;Bom;Seca;Meio de Quadra;Outros;Comercial;0;0;2;1;0;0;0;0;0;0;0;0;;
281827;28;2;2016;00:21;0;RUA NEREU RAMOS;;;;;Colisão;;;;Meio de Quadra;;;0;0;2;0;0;0;0;0;0;0;0;0;;
281828;28;2;2016;00:57;0;AV BEZERRA DE MENEZES;;;188;;Colisão;;;;Meio de Quadra;;;0;0;2;0;0;0;0;0;0;0;0;0;-38,547326;-3,732111
281830;28;2;2016;04:00;0;RUA HOLANDA;;;1979;;Choque c/ Obstáculo Fixo;;;;Meio de Quadra;;;0;0;1;0;0;0;0;0;0;0;0;0;;
281831;28;2;2016;04:05;15327;AV SEN VIRGILIO TAVORA;RUA ANA BILHAR;;;;Colisão;;;;Cruz;Semáforo;Residencial;0;0;2;0;0;0;0;0;0;0;0;0;-38,491262;-3,730893
281832;28;2;2016;05:17;9131;AV LUCIANO CARNEIRO;AV 13 DE MAIO;;;;Colisão;Amanhecer;;;;;;0;0;2;0;0;0;0;0;0;0;0;0;-38,531331;-3,747615
281834;28;2;2016;05:29;5490;AV DOM MANUEL;RUA PDE VALDEVINO;;;;Colisão;Amanhecer;;;;;;0;0;2;0;0;0;0;0;0;0;0;0;-38,523967;-3,736873
281835;28;2;2016;05:42;0;AV DEP PAULINO ROCHA;;;;;Colisão;Amanhecer;;;Meio de Quadra;;;0;0;2;0;0;0;0;0;0;0;0;0;;
281836;28;2;2016;05:44;0;AV JOSE BASTOS;;;5572;;Colisão;Amanhecer;;;Meio de Quadra;;;0;0;2;0;0;0;0;0;0;0;0;0;-38,564431;-3,760494
281837;28;2;2016;05:48;15170;AV ABOLICAO;RUA JOSE VILAR;;;;Colisão;Amanhecer;;;Cruz;Pare;Residencial;0;0;2;0;0;0;0;0;0;0;0;0;-38,501373;-3,725435
281838;28;2;2016;07:28;10780;AV SEN FERNANDES TAVORA;RUA PDE SA LEITAO;;;;Colisão;Luz do Dia;;;Cruz;Pare;Misto;0;0;2;0;0;0;0;0;0;0;0;0;-38,581677;-3,762452
281842;28;2;2016;08:32;0;RUA RIO VENTURA;;;567;;Colisão;Luz do Dia;;;Meio de Quadra;;;0;0;2;0;0;0;0;0;0;0;0;0;;
281844;28;2;2016;10:52;0;RUA MANUEL CASTELO BRANCO;;;459;;Colisão;Luz do Dia;;;Meio de Quadra;;;0;0;2;0;0;0;0;0;0;0;0;0;-38,490513;-3,83232
281845;28;2;2016;10:55;7357;RUA RUI MONTE;RUA CEL MATOS DOURADO;;;;Colisão;Luz do Dia;;;Cruz;Não Há Controle;Residencial;0;0;2;0;0;0;0;0;0;0;0;0;-38,584714;-3,749047
281848;28;2;2016;11:48;10045;RUA EMILIO DE MENESES;RUA TAUBATE;;;;Colisão;Luz do Dia;;;Cruz;Pare;Misto;0;0;2;0;0;0;0;0;0;0;0;0;-38,598188;-3,778717
281850;28;2;2016;12:28;0;RUA CRISANTO M DA ROCHA;;;;;Colisão;Luz do Dia;;;Meio de Quadra;;;0;0;2;0;0;0;0;0;0;0;0;0;;
281852;28;2;2016;12:48;5163;RUA AGAPITO DOS SANTOS;RUA LIBERATO BARROSO;;;;Colisão;Luz do Dia;;;Cruz;Pare;Residencial;0;0;2;0;0;0;0;0;0;0;0;0;-38,538561;-3,725165
281854;28;2;2016;13:34;0;AV HILDEBRANDO POMPEU;;;343;;Colisão;Luz do Dia;;;Meio de Quadra;;;0;0;2;0;0;0;0;0;0;0;0;0;;
281855;28;2;2016;13:57;0;RUA RICARDO PONTES;;;739;;Colisão;Luz do Dia;;;Meio de Quadra;;;0;0;2;0;0;0;0;0;0;0;0;0;;
281856;28;2;2016;14:00;0;LOGRADOURO SEM NOME;;;1045;;Colisão;Luz do Dia;;;Meio de Quadra;;;0;0;2;0;0;0;0;0;0;0;0;0;;
281857;28;2;2016;19:08;0;RUA FRANCISCO ALMEIDA;;;552;;Colisão;;;;Meio de Quadra;;;0;0;2;0;0;0;0;0;0;0;0;0;-38,592277;-3,819374
281863;28;2;2016;16:35;0;AV H CJ CEARA;;;1376;;Colisão;Luz do Dia;;;Meio de Quadra;;;0;0;2;0;0;0;0;0;0;0;0;0;;
281864;28;2;2016;17:14;0;RUA 114 CJ TUPAN MIRIM;;;;;Colisão;Anoitecer;;;Meio de Quadra;;;0;0;2;0;0;0;0;0;0;0;0;0;;
281865;28;2;2016;17:45;12833;AV EDUARDO GIRAO;RUA DAMASCENO GIRAO;;;;Colisão;Anoitecer;;;Cruz;Semáforo;Comercial;0;0;2;0;0;0;0;0;0;0;0;0;-38,539292;-3,749257
281866;28;2;2016;20:58;1787;RUA PEDRO DE SOUZA;RUA HONORINA MAIA;;;;Colisão;;;;Cruz;Pare;Comercial;0;0;2;0;0;0;0;0;0;0;0;0;-38,501717;-3,851997
281867;28;2;2016;18:21;0;AV DR SILAS MUNGUBA;;;645;;Colisão;Anoitecer;;;Meio de Quadra;;;0;0;2;0;0;0;0;0;0;0;0;0;;
281869;28;2;2016;19:32;0;AV ENG HUMBERTO MONTE;;;1958;;Colisão;;;;Meio de Quadra;;;0;0;2;0;0;0;0;0;0;0;0;0;;
281871;28;2;2016;20:05;0;RUA MANGUESAIS;;;;;Colisão;;;;Meio de Quadra;;;0;0;2;0;0;0;0;0;0;0;0;0;;
281872;28;2;2016;20:31;0;AV CASTELO DE CASTRO;;;681;;Colisão;;;;Meio de Quadra;;;0;0;2;0;0;0;0;0;0;0;0;0;-38,521641;-3,835387
281873;28;2;2016;20:32;0;AV CEL CARVALHO;;;1097;;Colisão;;;;Meio de Quadra;;;0;0;2;0;0;0;0;0;0;0;0;0;;
281874;28;2;2016;21:41;0;AV MOZART PINHEIRO DE LUCENA;;;1357;;Colisão;;;;Meio de Quadra;;;0;0;2;0;0;0;0;0;0;0;0;0;-38,594642;-3,714608
281875;28;2;2016;21:57;0;RUA DR MANOEL MOREIRA;;;;;Colisão;;;;Meio de Quadra;;;0;0;2;0;0;0;0;0;0;0;0;0;;
281860;28;2;2016;15:49;0;RUA ROSINHA SAMPAIO;;;1080;;Colisão;Luz do Dia;;;Meio de Quadra;;;0;1;1;0;0;0;0;0;0;1;0;0;-38,588557;-3,726647
281861;28;2;2016;15:59;25158;AV ALM MAXIMIANO DA FONSECA;AV WASHINGTON SOARES;;;;Colisão;Luz do Dia;;;Cruz;Semáforo;Escola;0;0;2;0;0;0;0;0;0;0;0;0;-38,482016;-3,771482
275047;28;2;2016;06:50;1432;AV SANTOS DUMONT;AV SEN VIRGILIO TAVORA;;;;Colisão Transversal;Luz do Dia;Nublado;Seca;Cruz;Semáforo;Comercial;0;1;2;1;1;0;0;0;0;0;0;0;-38,493482;-3,737828
275052;28;2;2016;10:50;5750;RUA JULIO LIMA;RUA CON BRAVEZA;;;;Colisão Transversal;Luz do Dia;Bom;Seca;Cruz;Pare;Rural;0;0;2;1;0;0;0;0;0;0;0;0;-38,49891;-3,795454
275057;28;2;2016;09:50;0;AV AGUANAMBI;;;1729;;Colisão Lateral;Luz do Dia;Nublado;Seca;Outros;Outros;Comercial;0;0;2;1;0;0;0;0;0;1;0;0;-38,523386;-3,752151
275055;28;2;2016;13:45;0;LOGRADOURO SEM NOME;;;;;Colisão Traseira;Luz do Dia;Bom;Seca;Meio de Quadra;Não Há Controle;Comercial;0;0;2;1;0;0;0;0;0;1;0;0;;
275042;28;2;2016;21:30;7625;RUA PERNAMBUCO;RUA PARANA;;;;Colisão Transversal;Anoitecer;Bom;Seca;Cruz;Pare;Residencial;0;1;1;1;0;0;0;0;0;0;0;0;-38,569646;-3,759225
275990;28;2;2016;22:15;0;RD BR 116;;;9000;KM-09;Colisão Transversal;Via Iluminada;Bom;Seca;Meio de Quadra;;;0;1;1;1;0;0;0;0;1;0;0;0;-38,504865;-3,830837
277763;28;2;2016;07:15;0;RD CE-060;;;;KM-01;Colisão;Luz do Dia;Bom;Seca;Meio de Quadra;;;0;0;2;1;0;0;0;0;0;0;0;0;-38,58015;-3,828411
277764;28;2;2016;15:40;0;RD CE-040;;;;KM-02;Colisão;Luz do Dia;Bom;Seca;Meio de Quadra;;;0;0;3;1;0;0;0;0;0;0;0;0;-38,482583;-3,76465
277503;28;2;2016;05:04;0;RUA SAO LAZARO;;;;;Queda;Amanhecer;;;Meio de Quadra;;;0;1;0;0;0;0;0;0;0;1;0;0;;
277538;28;2;2016;18:59;0;AV GAL OSORIO DE PAIVA;;;4378;;Choque c/ Obstáculo Fixo;Luz do Dia;;;Meio de Quadra;;;1;3;0;1;0;0;0;0;0;0;0;0;-38,593639;-3,796026
277539;28;2;2016;14:07;0;AV PERIMETRAL;;;1900;MOTEL LE BARON;Colisão;Luz do Dia;;;Meio de Quadra;;;0;1;0;0;0;0;0;0;0;0;0;0;-38,512641;-3,828754
277540;28;2;2016;16:45;0;AV GAL OSORIO DE PAIVA;;;2955;TERMINAL SIQUEIRA;Colisão;Luz do Dia;;;Meio de Quadra;;;0;1;0;1;0;0;0;0;0;1;0;0;-38,587333;-3,78959
277506;28;2;2016;05:24;0;AV PRO JOSE ARTHUR CARVALHO;;;2204;;Colisão;Amanhecer;;;Meio de Quadra;;;0;1;0;1;0;0;0;0;0;1;0;0;-38,45962;-3,824574
277508;28;2;2016;05:57;0;RUA BAR AQUIRAZ;;;1539;;Queda;Amanhecer;;;Meio de Quadra;;;0;1;0;0;0;0;0;0;0;1;0;0;;
277509;28;2;2016;09:02;12682;AV CEL CARVALHO;RUA DEP MATOSO FILHO;;;;Queda;Luz do Dia;;;Cruz;Pare;Comercial;0;1;0;0;0;0;0;0;0;1;0;0;-38,58478;-3,729932
277511;28;2;2016;09:19;0;RUA ROSINHA SAMPAIO;;;1031;;Atropelamento;Luz do Dia;;;Meio de Quadra;;;0;2;0;0;0;0;0;0;0;1;0;0;-38,588324;-3,72667
277512;28;2;2016;09:52;0;RUA ESTEVAO T DE MIRANDA;;;;;Colisão;Luz do Dia;;;Meio de Quadra;;;0;1;0;0;0;0;0;0;0;0;0;0;;
277513;28;2;2016;10:26;0;RUA SELENE;;;318;;Colisão;Luz do Dia;;;Meio de Quadra;;;0;1;0;0;0;0;0;0;0;0;0;0;-38,569565;-3,707446
277514;28;2;2016;11:31;0;AV PRS COSTA E SILVA;;;1578;;Queda;Luz do Dia;;;Meio de Quadra;;;0;1;0;0;0;0;0;0;0;1;0;0;;
277515;28;2;2016;12:11;0;RUA TEN BENEVOLO;;;425;;Atropelamento;Luz do Dia;;;Meio de Quadra;;;0;1;0;0;0;0;0;0;0;1;0;0;-38,51678;-3,725489
277487;28;2;2016;02:31;0;AV GOV PARSIFAL BARROSO;;;1300;COLÉGIO STA. ISABEL;Queda;;;;Meio de Quadra;;;0;1;0;0;0;0;0;0;0;1;0;0;-38,569071;-3,736214
277485;28;2;2016;02:28;0;RUA CAP BRASIL;;;;TERMINAL ANTONIO BEZERRA;Queda;;;;Meio de Quadra;;;0;1;0;0;0;0;0;0;0;1;0;0;;
277492;28;2;2016;02:41;0;AV SEN VIRGILIO TAVORA;;;;;Colisão;;;;Meio de Quadra;;;0;2;0;1;1;0;0;0;0;0;0;0;;
277490;28;2;2016;06:50;10780;RUA PDE SA LEITAO;AV SEN FERNANDES TAVORA;;;;Colisão;Luz do Dia;;;Cruz;Pare;Misto;1;1;0;0;0;0;0;0;0;1;0;0;-38,581677;-3,762452
277497;28;2;2016;03:11;8025;AV JOAO PESSOA;RUA PRO COSTA MENDES;;;;Queda;;;;Cruz;Semáforo;Comercial;0;1;0;0;0;0;0;0;0;1;0;0;-38,549441;-3,752393
277546;29;2;2016;00:28;10043;RUA VITAL BRASIL;RUA ANTONIO NERY;;;;Colisão;;;;T;Pare;Comercial;0;1;0;0;0;0;0;0;0;0;0;0;-38,600013;-3,777451
277547;29;2;2016;00:42;0;RUA IRINEU DE SOUZA;;;800;;Queda;;;;Meio de Quadra;;;0;1;0;0;0;0;0;0;0;1;0;0;;
277549;29;2;2016;01:06;7633;AV CARNEIRO DE MENDONCA;RUA RIO GRANDE DO SUL;;;;Colisão;;;;Cruz;Semáforo;Misto;0;1;0;0;0;0;0;0;0;1;0;0;-38,570011;-3,762374
277552;29;2;2016;01:46;3961;RUA EDITE BRAGA;RUA RAUL UCHOA;;;;Queda;;;;Cruz;Pare;Residencial;0;1;0;0;0;1;0;0;0;0;0;0;-38,546584;-3,759629
277624;29;2;2016;04:51;0;AV SGT HERMINIO SAMPAIO;;;3920;;Colisão;;;;Meio de Quadra;;;0;1;0;1;0;0;0;0;0;1;0;0;-38,575622;-3,730097
277627;29;2;2016;05:00;0;AV ALBERTO CRAVEIRO;;;1081;;Colisão;Amanhecer;;;Meio de Quadra;;;0;2;0;1;0;0;0;0;0;1;0;0;;
277617;29;2;2016;03:13;1267;RUA COSTA BARROS;RUA NUNES VALENTE;;;;Atropelamento;;;;Cruz;Gesto;Residencial;0;1;0;0;0;0;0;0;0;0;0;0;-38,502761;-3,733224
277618;29;2;2016;03:29;0;AV ALBERTO CRAVEIRO;;;507;MAKRO;Colisão;;;;Meio de Quadra;;;0;1;0;0;0;0;0;0;0;0;0;0;-38,51591;-3,781154
277612;29;2;2016;02:51;0;AV MR HULL;;;4442;TERMINAL ANTONIO BEZERRA;Queda;;;;Meio de Quadra;;;0;1;0;0;0;0;0;0;0;1;0;0;-38,584585;-3,738616
277642;29;2;2016;07:20;0;RUA CON DE CASTRO;;;4500;;Colisão;Luz do Dia;;;Meio de Quadra;;;0;1;0;0;0;0;0;0;0;0;0;0;-38,591738;-3,804822
277622;29;2;2016;04:29;26189;AV JOSE LEON;RUA 4 UI 307;;;;Colisão;;;;Cruz;Pare;Residencial;0;1;0;0;0;0;0;0;0;0;0;0;;
277653;29;2;2016;07:21;0;RUA CON DE CASTRO;;;4591;;Colisão;Luz do Dia;;;Meio de Quadra;;;0;1;0;0;0;0;0;0;0;0;0;0;;
277669;29;2;2016;09:56;0;RUA TEN JAIME ANDRADE;;;214;;Colisão;Luz do Dia;;;Meio de Quadra;;;0;1;0;1;0;0;0;0;0;1;0;0;-38,51456;-3,771407
277670;29;2;2016;10:33;0;RUA DEP OSWALDO STUDART;;;;RODOVIÁRIA;Colisão;Luz do Dia;;;Meio de Quadra;;;0;1;0;0;0;0;0;0;0;0;0;0;;
277671;29;2;2016;10:51;0;RUA CASTRO E SILVA;;;394;;Atropelamento;Luz do Dia;;;Meio de Quadra;;;0;1;0;0;1;0;0;0;0;0;0;0;;
277662;29;2;2016;08:47;12892;RUA BAR RIO BRANCO;AV DOMINGOS OLIMPIO;;;;Atropelamento;Luz do Dia;;;Cruz;Semáforo;Comercial;0;1;0;1;0;0;0;0;0;0;0;0;-38,531494;-3,736579
277658;29;2;2016;07:36;0;AV MAE LISBOA;;;3555;;Colisão;Luz do Dia;;;Meio de Quadra;;;0;1;0;1;0;0;0;0;0;1;0;0;-38,448181;-3,805437
277659;29;2;2016;08:41;0;RD BR 116;;;700;;Queda;Luz do Dia;;;Meio de Quadra;;;0;1;0;0;0;0;0;0;0;1;0;0;;