COD_ACIDENTE;DIA;MES;ANO;HORA;INTERSECAO;LOG1;LOG2;LOG3;NUMERO;REFERENCIA;NATUREZA;ILUMINACAO;TEMPO;SUPERFICIEPISTA;TIPOCRUZAMENTO;CONTROLETRAFEGO;USOSOLO;MORTOS;FERIDOS;ILESOS;AUTOMOVEL;ONIBUS;BICICLETA;CAMINHAO;MICROONIBUS;CICLOMOTOR;MOTOCICLETA;TRACAOANIMAL;TREM;LONG;LAT
277678;29;2;2016;11:04;12864;AV DOMINGOS OLIMPIO;RUA ASSUNCAO;;;;Atropelamento;Luz do Dia;;;Cruz;Semáforo;Residencial;0;1;1;0;0;0;0;0;0;1;0;0;-38,529548;-3,737192
277679;29;2;2016;11:19;0;AV DR THEBERGE;;;569;;Queda;Luz do Dia;;;Meio de Quadra;;;0;1;0;0;0;0;0;0;0;1;0;0;-38,563063;-3,708927
277682;29;2;2016;11:38;0;AV DA INDEPENDENCIA;;;622;;Colisão;Luz do Dia;;;Meio de Quadra;;;0;1;0;0;0;0;0;0;0;0;0;0;-38,586011;-3,728378
277683;29;2;2016;11:54;3767;AV IMPERADOR;AV DOMINGOS OLIMPIO;;;;Colisão;Luz do Dia;;;Cruz;Semáforo;Comercial;0;1;0;0;0;0;0;0;0;0;0;0;-38,536697;-3,73479
277689;29;2;2016;12:18;7694;RUA RIO GRANDE DO SUL;RUA RIO GRANDE DO NORTE;;;;Colisão;Luz do Dia;;;Cruz;Pare;Residencial;0;1;1;1;0;0;0;0;0;1;0;0;-38,567559;-3,758617
277690;29;2;2016;12:42;0;AV JOAO PESSOA;;;637;;Colisão;Luz do Dia;;;Meio de Quadra;;;0;1;0;0;0;0;0;0;0;0;0;0;;
277701;29;2;2016;14:19;348;RUA CESAR FONTENELE;RUA PRO LINO ENCARNACAO;;;;Colisão;Luz do Dia;;;Cruz;Pare;Misto;0;1;1;1;0;0;0;0;0;1;0;0;-38,559596;-3,746359
277702;29;2;2016;14:24;0;AV PRS CASTELO BRANCO;;;3789;;Colisão;Luz do Dia;;;Meio de Quadra;;;0;1;0;0;0;0;0;0;0;0;0;0;-38,56595;-3,709245
277703;29;2;2016;14:31;0;AV ABOLICAO;;;3690;;Colisão;Luz do Dia;;;Meio de Quadra;;;0;1;0;1;0;0;0;0;0;1;0;0;-38,486532;-3,72589
277705;29;2;2016;15:14;841;RUA MAJ JOSE ARAUJO AGUIAR;RUA CAP OLAVO;;;;Colisão;Luz do Dia;;;;;;0;1;1;1;0;0;0;0;0;1;0;0;-38,513793;-3,775642
277706;29;2;2016;15:26;24215;AV ENG SANTANA JUNIOR;RUA FAUSTO CABRAL;;;;Colisão;Luz do Dia;;;Cruz;Pare;Residencial;0;1;0;1;0;0;0;0;0;1;0;0;-38,48015;-3,732588
277709;29;2;2016;15:41;12614;AV WASHINGTON LUIS;AV CEL CARVALHO;;;;Colisão;Luz do Dia;;;;;;0;1;0;1;0;0;0;0;0;1;0;0;;
277710;29;2;2016;16:04;0;RUA OSCAR ARARIPE;;;885;;Queda;Luz do Dia;;;Meio de Quadra;;;0;1;0;0;0;0;0;0;0;1;0;0;-38,599348;-3,791174
277711;29;2;2016;16:12;0;RUA PRO HERIBALDO COSTA;;;687;;Colisão;Luz do Dia;;;Meio de Quadra;;;0;2;0;0;0;0;0;0;0;1;0;0;;
277695;29;2;2016;14:16;0;RUA ANTONIO DRUMONT;;;194;;Atropelamento;Luz do Dia;;;Meio de Quadra;;;0;1;0;0;0;0;0;0;0;0;0;0;;
277720;29;2;2016;16:56;0;RUA OSCAR ARARIPE;;;877;;Queda;Luz do Dia;;;Meio de Quadra;;;0;1;0;0;0;0;0;0;0;1;0;0;-38,59927;-3,791199
277715;29;2;2016;16:23;0;AV CEL CARVALHO;;;88;;Queda;Luz do Dia;;;Meio de Quadra;;;0;1;0;0;0;0;0;0;0;1;0;0;-38,591521;-3,703579
277832;29;2;2016;13:15;0;AV MIN JOSE AMERICO;;;;;Colisão;Luz do Dia;Bom;Seca;Meio de Quadra;;;0;1;3;1;0;0;0;0;0;1;0;0;;
275994;29;2;2016;05:40;0;RD BR 116;;;1000;KM-01;Colisão Traseira;Amanhecer;;;Meio de Quadra;;;0;2;1;1;1;0;0;0;0;1;0;0;-38,518702;-3,762554
280361;29;2;2016;18:28;0;RUA CEL JOAO OLIVEIRA;;;120;;Colisão;Anoitecer;;;Meio de Quadra;;;0;1;1;1;0;0;0;0;0;0;0;0;-38,492735;-3,822363
281880;29;2;2016;06:20;0;AV AGUANAMBI;;;;;Colisão;Luz do Dia;;;Meio de Quadra;;;0;0;2;0;0;0;0;0;0;0;0;0;;
281881;29;2;2016;06:42;0;AV DR SILAS MUNGUBA;;;6447;;Colisão;Luz do Dia;;;Meio de Quadra;;;0;0;3;0;1;0;0;0;0;0;0;0;;
281895;29;2;2016;10:12;0;RUA GERMANO FRANCK;;;300;;Colisão;Luz do Dia;;;Meio de Quadra;;;0;0;2;0;0;0;0;0;0;0;0;0;-38,561044;-3,776426
281883;29;2;2016;06:44;8020;RUA ALEXANDRE BARAUNA;RUA CARLOS CAMARA;;;;Colisão;Luz do Dia;;;Cruz;Pare;Residencial;0;0;2;1;0;0;0;0;0;0;0;0;-38,547441;-3,75184
281884;29;2;2016;06:59;0;RUA JOSE HIPOLITO;;;;;Colisão;Luz do Dia;;;Meio de Quadra;;;0;0;2;0;0;0;0;0;0;0;0;0;;
281886;29;2;2016;07:29;24896;AV MOZART PINHEIRO DE LUCENA;RUA CECIL SALGADO;;;;Colisão;Luz do Dia;;;T;Outros;Residencial;0;0;2;0;0;0;0;0;0;0;0;0;-38,596826;-3,722157
281887;29;2;2016;07:41;3961;RUA EDITE BRAGA;RUA RAUL UCHOA;;;;Colisão;Luz do Dia;;;Cruz;Pare;Residencial;0;0;2;0;0;0;0;0;0;0;0;0;-38,546584;-3,759629
281890;29;2;2016;07:46;7776;RUA BARBOSA DE FREITAS;RUA HENRIQUETA GALENO;;;;Colisão;Luz do Dia;;;;;;0;0;2;0;0;0;0;0;0;0;0;0;-38,500101;-3,74511
281891;29;2;2016;09:32;5668;AV JOSE LEON;RUA 3 UI 307;;;;Colisão;Luz do Dia;;;;;;0;0;2;1;0;0;0;0;0;1;0;0;-38,502231;-3,787712
281915;29;2;2016;11:01;0;AV PRS COSTA E SILVA;;;5193;;Colisão;Luz do Dia;;;Meio de Quadra;;;0;0;2;0;0;0;0;0;0;0;0;0;-38,534067;-3,827995
281916;29;2;2016;11:03;0;RUA ARUEIRAS;;;;;Colisão;Luz do Dia;;;Meio de Quadra;;;0;0;2;0;0;0;0;0;0;0;0;0;;
281917;29;2;2016;11:07;6721;AV ENG SANTANA JUNIOR;RUA BENTO ALBUQUERQUE;;;;Colisão;Luz do Dia;;;Cruz;Semáforo;Misto;0;0;2;0;0;0;0;0;0;0;0;0;-38,486538;-3,742678
281908;29;2;2016;10:39;0;AV PRS COSTA E SILVA;;;;;Colisão;Luz do Dia;;;Meio de Quadra;;;0;0;2;0;0;0;0;0;0;0;0;0;;
281959;29;2;2016;17:54;0;AV ALBERTO CRAVEIRO;;;;;Colisão;Anoitecer;;;Meio de Quadra;;;0;0;2;0;0;0;0;0;0;0;0;0;;
281960;29;2;2016;17:56;0;AV DEP PAULINO ROCHA;;;;;Colisão;Anoitecer;;;Meio de Quadra;;;0;0;2;0;0;0;0;0;0;0;0;0;;
281961;29;2;2016;18:15;24215;AV ENG SANTANA JUNIOR;RUA FAUSTO CABRAL;;;;Colisão;Anoitecer;;;Cruz;Pare;Residencial;0;0;2;0;0;0;0;0;0;0;0;0;-38,48015;-3,732588
281962;29;2;2016;18:53;23009;RUA ANITA GARIBALDI;RUA BRUNO VALENTE;;;;Colisão;;;;Cruz;Pare;Residencial;0;0;2;0;0;0;0;0;0;0;0;0;-38,539228;-3,788221
281963;29;2;2016;18:53;7860;AV ANTONIO SALES;AV SEN VIRGILIO TAVORA;;;;Colisão;;;;Cruz;Semáforo;Comercial;0;0;2;0;0;0;0;0;0;0;0;0;-38,4965;-3,747279
281964;29;2;2016;18:54;19261;RUA MON LEOPOLDO FEITOSA;AV GAL OSORIO DE PAIVA;;;;Colisão;;;;Cruz;Pare;Residencial;0;0;2;0;0;0;0;0;0;0;0;0;-38,562208;-3,771715
281965;29;2;2016;16:30;22257;RUA CEL MOZART GONDIM;RUA HERACLITO DOMINGOS;;;;Colisão;Luz do Dia;;;Cruz;Pare;Residencial;0;1;1;1;0;0;0;0;0;1;0;0;-38,559494;-3,732288
281966;29;2;2016;19:41;3376;AV ENG HUMBERTO MONTE;RUA CEL NUNES DE MELO;;;;Colisão;;;;Cruz;Gesto;Residencial;0;0;2;0;0;0;0;0;0;0;0;0;-38,55694;-3,753384
281967;29;2;2016;20:07;10726;RUA PRO HERIBALDO COSTA;RUA CURITIBA;;;;Colisão;;;;Cruz;Outros;Residencial;0;0;2;0;0;0;0;0;0;0;0;0;-38,583853;-3,759992
281968;29;2;2016;21:36;0;AV JOSE BASTOS;;;;;Colisão;;;;Meio de Quadra;;;0;0;2;0;0;0;0;0;0;0;0;0;;
281950;29;2;2016;16:17;0;AV ABOLICAO;;;3000;;Colisão;Luz do Dia;;;Meio de Quadra;;;0;0;2;0;0;0;0;0;0;0;0;0;-38,492394;-3,726843
281951;29;2;2016;16:29;0;RUA MIGUEL GURGEL;;;340;;Colisão;Luz do Dia;;;Meio de Quadra;;;0;0;2;0;0;0;0;0;0;0;0;0;;
281952;29;2;2016;16:44;1337;RUA OSVALDO CRUZ (ALDEOTA);AV SANTOS DUMONT;;;;Colisão;Luz do Dia;;;Cruz;Semáforo;Comercial;0;0;2;0;0;0;0;0;0;0;0;0;-38,500317;-3,735602
281953;29;2;2016;16:45;0;AV DOM MANUEL;;;;;Colisão;Luz do Dia;;;Meio de Quadra;;;0;0;2;0;0;0;0;0;0;0;0;0;;
281954;29;2;2016;17:35;5420;RUA SEN POMPEU;RUA METON DE ALENCAR;;;;Colisão;Anoitecer;;;Cruz;Semáforo;Comercial;0;0;3;1;0;0;0;0;0;0;0;0;-38,531575;-3,733376
281955;29;2;2016;17:49;0;AV ABOLICAO;;;;;Colisão;Anoitecer;;;Meio de Quadra;;;0;0;2;0;0;0;0;0;0;0;0;0;;
281956;29;2;2016;17:50;0;RUA DEMETRIO MENEZES;;;;;Colisão;Anoitecer;;;Meio de Quadra;;;0;0;2;0;0;0;0;0;0;0;0;0;;
281947;29;2;2016;16:15;0;RUA PDE PEDRO DE ALENCAR;;;;;Colisão;Luz do Dia;;;Meio de Quadra;;;0;0;2;0;0;0;0;0;0;0;0;0;;
281944;29;2;2016;15:52;0;RUA FRE MANSUETO;;;;;Colisão;Luz do Dia;;;Meio de Quadra;;;0;0;2;0;0;0;0;0;0;0;0;0;;
281945;29;2;2016;16:03;0;RUA TORRES CAMARA;;;330;;Colisão;Luz do Dia;;;Meio de Quadra;;;0;0;2;0;0;0;0;0;0;1;0;0;-38,508131;-3,735255
281936;29;2;2016;14:23;6721;AV ENG SANTANA JUNIOR;RUA BENTO ALBUQUERQUE;;;;Colisão;Luz do Dia;;;Cruz;Semáforo;Misto;0;0;2;0;0;0;0;0;0;0;0;0;-38,486538;-3,742678
281938;29;2;2016;14:48;0;AV JOSE BASTOS;;;4438;;Colisão;Luz do Dia;;;Meio de Quadra;;;0;0;2;0;0;0;0;0;0;0;0;0;-38,555827;-3,755362
281940;29;2;2016;14:58;15360;AV DOM LUIS;AV DES MOREIRA;;;;Colisão;Luz do Dia;;;Rotatória;Não Há Controle;Comercial;0;0;2;1;0;0;0;0;0;0;0;0;-38,497383;-3,733239
281931;29;2;2016;13:54;0;RUA STA ROSA (Q. CUNHA);;;407;;Colisão;Luz do Dia;;;Meio de Quadra;;;0;0;2;0;0;0;0;0;0;0;0;0;;
281933;29;2;2016;14:15;0;AV DEP PAULINO ROCHA;;;46;;Colisão;Luz do Dia;;;Meio de Quadra;;;0;0;2;0;0;0;0;0;0;0;0;0;-38,507467;-3,801657
281913;29;2;2016;10:57;16281;RUA ANTONIO PEREIRA;RUA ANTONIO BARBOSA;;;;Colisão;Luz do Dia;;;Cruz;Pare;Residencial;0;0;2;1;0;0;0;0;0;0;0;0;-38,565289;-3,832952
281919;29;2;2016;11:22;15104;RUA ILDEFONSO ALBANO;AV HIS RAIMUNDO GIRAO;;;;Colisão;Luz do Dia;;;Cruz;Semáforo;Outros;0;1;1;1;0;0;0;0;0;0;0;0;-38,509542;-3,721603
281920;29;2;2016;11:32;0;TR CAP VASCONCELOS D46;;;225;;Colisão;Luz do Dia;;;Meio de Quadra;;;0;1;1;0;1;0;0;0;0;1;0;0;;
281921;29;2;2016;11:45;0;AV PRS CASTELO BRANCO;;;2465;;Colisão;Luz do Dia;;;Meio de Quadra;;;0;0;2;0;0;0;0;0;0;0;0;0;-38,549971;-3,7133
281922;29;2;2016;12:13;12685;AV CEL CARVALHO;AV DA INDEPENDENCIA;;;;Colisão;Luz do Dia;;;Cruz;Semáforo;Comercial;0;0;2;0;0;0;0;0;0;0;0;0;-38,584952;-3,728711
281924;29;2;2016;12:48;23406;RUA CAP TIBURCIO DA FROTA;RUA CAP GUSTAVO;;;;Colisão;Luz do Dia;;;Cruz;Pare;Residencial;0;0;2;0;0;0;0;0;0;0;0;0;-38,516738;-3,755243
281925;29;2;2016;13:33;0;RUA NELSON MACHADO;;;1068;;Colisão;Luz do Dia;;;Meio de Quadra;;;0;0;2;0;0;0;0;0;0;0;0;0;-38,562453;-3,744065
281926;29;2;2016;13:41;0;RUA DEP OSWALDO STUDART;;;;;Colisão;Luz do Dia;;;Meio de Quadra;;;0;0;2;0;1;0;0;0;0;0;0;0;;
281927;29;2;2016;13:50;7190;AV DR THEBERGE;RUA CAMELIA;;;;Colisão;Luz do Dia;;;Cruz;Dê Preferência;Residencial;0;0;2;0;0;0;0;0;0;0;0;0;-38,563147;-3,709175
281928;29;2;2016;13:52;0;RUA CASTRO E SILVA;;;374;;Colisão;Luz do Dia;;;Meio de Quadra;;;0;0;2;0;0;0;0;0;0;0;0;0;;
275119;29;2;2016;02:00;10043;RUA VITAL BRASIL;RUA ANTONIO NERY;;;;Choque c/ Obstáculo Fixo;;;;T;Pare;Comercial;0;1;0;1;0;0;0;0;0;0;0;0;-38,600013;-3,777451
275120;29;2;2016;01:00;3820;AV 13 DE MAIO;AV CARAPINIMA;;;;Colisão Traseira;;;;Cruz;Semáforo;Comercial;0;0;2;1;0;0;0;0;0;0;0;0;-38,540239;-3,740001
276790;29;2;2016;05:49;0;RUA PEDRO SAMPAIO;;;1114;;Colisão;Amanhecer;;;Meio de Quadra;;;0;1;1;0;1;0;0;0;0;1;0;0;;
279159;1;3;2016;11:44;20042;AV DEP PAULINO ROCHA;AV ALBERTO CRAVEIRO;;;;Colisão;Luz do Dia;;;;;;0;0;2;1;0;0;0;0;0;0;0;0;-38,524782;-3,807229
279162;1;3;2016;12:41;11338;RUA FRANCISCO GLICERIO;AV GODOFREDO MACIEL;;;;Colisão;Luz do Dia;;;Cruz;Semáforo;Comercial;0;0;2;1;0;0;0;0;0;0;0;0;-38,569757;-3,795981
279215;1;3;2016;15:10;0;AV FRE CIRILO;;;4561;DETRAN;Colisão;Luz do Dia;;;Meio de Quadra;;;0;0;2;1;1;0;0;0;0;0;0;0;-38,49458;-3,823774
279246;1;3;2016;20:28;19366;AV DR SILAS MUNGUBA;RUA GERMANO FRANCK;;;;Colisão;;;;Cruz;Semáforo;Comercial;0;0;2;1;1;0;0;0;0;0;0;0;-38,562004;-3,777251
279243;1;3;2016;17:30;183;RUA DEMETRIO MENEZES;AV SGT HERMINIO SAMPAIO;;;;Colisão;Anoitecer;;;;;;0;0;2;0;0;0;1;0;0;1;0;0;-38,584316;-3,733867
275123;1;3;2016;21:50;1450;RUA JOSE VILAR;RUA JOAO CARVALHO;;;;Colisão Transversal;;;;Cruz;Semáforo;Residencial;0;2;0;0;0;0;0;0;0;1;0;0;-38,505477;-3,738318
275124;1;3;2016;21:39;5395;RUA ANTONIO POMPEU;RUA TEREZA CRISTINA;;;;Colisão Transversal;;;;Cruz;Pare;Comercial;0;0;2;1;0;0;0;0;0;0;0;0;-38,538356;-3,73234
275125;1;3;2016;14:30;5499;RUA PDE VALDEVINO;RUA J DA PENHA;;;;Colisão Transversal;Luz do Dia;;;Cruz;Pare;Comercial;0;1;1;0;1;0;0;0;0;1;0;0;-38,520695;-3,737911
275126;1;3;2016;21:30;3188;RUA EMILIO DE MENESES;RUA LUZIA MOREIRA;;;;Colisão Traseira;;;;Cruz;;Residencial;0;1;1;1;0;0;0;0;0;1;0;0;-38,593217;-3,780117
275128;1;3;2016;20:50;24441;AV LUCIANO CARNEIRO;RUA RAUL CABRAL;;;;Colisão Lateral;;;;Cruz;Pare;Residencial;0;1;1;1;0;0;0;0;0;1;0;0;-38,538495;-3,770842
275129;1;3;2016;10:00;19805;AV ENG HUMBERTO MONTE;RUA JOSE PONTES;;;;Colisão Lateral;Luz do Dia;;;Cruz;Semáforo;Comercial;0;1;1;1;0;0;0;0;0;1;0;0;-38,568553;-3,739413
275134;1;3;2016;18:00;24990;AV PRS COSTA E SILVA;AV PRS JUSCELINO KUBITSCHEK (PASSARÉ);;;;Engavetamento;Anoitecer;;;T;Semáforo;Residencial;0;0;3;1;0;0;0;0;0;0;0;0;-38,539516;-3,825648
275141;1;3;2016;10:50;0;AV 13 DE MAIO;;;228;;Colisão Traseira;Luz do Dia;;;Meio de Quadra;;;0;1;1;1;0;0;0;0;1;0;0;0;;
275144;1;3;2016;21:00;12405;AV LINEU MACHADO;RUA JOCKEY CLUBE;;;;Colisão Transversal;;;;Outros;Outros;Residencial;0;2;1;1;0;0;0;0;0;1;0;0;-38,576001;-3,764186
275148;1;3;2016;18:00;0;RUA VITAL BRASIL;;;898;;Colisão Transversal;Anoitecer;;;Meio de Quadra;;;0;0;2;1;0;0;1;0;0;0;0;0;-38,589056;-3,780541
275154;1;3;2016;19:21;5124;RUA RUFINO DE ALENCAR;RUA PEDRO ANGELO;;;;Colisão;;;;;;;0;1;1;1;0;1;0;0;0;0;0;0;-38,52187;-3,724097
275151;1;3;2016;08:30;183;RUA DEMETRIO MENEZES;AV CEL CARVALHO;;;;Colisão Lateral;Luz do Dia;;;;;;0;0;2;1;0;0;1;0;0;0;0;0;-38,584591;-3,731488
275159;1;3;2016;15:00;5357;RUA PEDRO I;RUA MAJ FACUNDO;;;;Colisão Lateral;Luz do Dia;;;Cruz;Pare;Comercial;0;0;2;1;0;0;0;0;0;0;0;0;-38,52899;-3,731113
275170;1;3;2016;16:00;0;RUA CARLOS VASCONCELOS;;;735;;Colisão Traseira;Luz do Dia;;;Meio de Quadra;;;0;0;2;0;0;0;0;0;0;1;0;0;-38,509286;-3,728352
275168;1;3;2016;09:00;1307;AV SANTOS DUMONT;RUA NUNES VALENTE;;;;Colisão Traseira;Luz do Dia;;;Cruz;Pare;Comercial;0;0;2;1;0;0;0;0;0;0;0;0;-38,503229;-3,734663
275161;1;3;2016;07:30;13602;AV ROGACIANO LEITE;RUA DR THOMPSON BULCAO;;;;Colisão Traseira;Luz do Dia;;;Cruz;Semáforo Intermitente;Comercial;0;1;1;1;0;0;0;0;0;1;0;0;-38,496968;-3,767788
275164;1;3;2016;16:30;21397;AV DES GONZAGA;RUA JOAOZITO ARRUDA;;;;Colisão Lateral;Luz do Dia;;;Cruz;Pare;Rural;0;0;2;1;0;0;0;0;0;0;0;0;-38,496964;-3,801496
275185;1;3;2016;10:00;0;RUA CESAR ROSSAS;;;43;;Colisão Lateral;Luz do Dia;;;Meio de Quadra;;;0;1;1;1;0;0;0;0;0;1;0;0;-38,552119;-3,768408
275183;1;3;2016;09:40;10417;RUA LUIZ MARIANO;RUA ALVES BATISTA;;;;Colisão Transversal;Luz do Dia;;;;;;0;1;1;1;0;0;0;0;0;1;0;0;-38,601534;-3,761666
275187;1;3;2016;07:50;0;AV DA UNIVERSIDADE;;;3148;;Colisão Lateral;Luz do Dia;;;Meio de Quadra;;;0;1;2;0;0;0;0;0;0;1;0;0;-38,54118;-3,743241
275175;1;3;2016;17:05;7623;RUA RIO GRANDE DO SUL;RUA PERNAMBUCO;;;;Colisão Frontal;Anoitecer;;;Cruz;Pare;Comercial;0;1;1;1;0;0;0;0;0;1;0;0;-38,568467;-3,760011
275176;1;3;2016;13:40;181;AV CEL CARVALHO;RUA BALDUINO FREIRE;;;;Colisão Transversal;Luz do Dia;;;Cruz;Pare;Comercial;0;0;2;1;0;0;0;0;0;1;0;0;;
275177;1;3;2016;18:30;9146;RUA DOM SEBASTIAO LEME;RUA BONFIM SOBRINHO;;;;Colisão Lateral;Anoitecer;;;Cruz;Pare;Residencial;0;0;2;1;1;0;0;0;0;0;0;0;-38,525404;-3,751258
275178;1;3;2016;09:30;0;AV PRS COSTA E SILVA;;;4165;;Colisão Traseira;Luz do Dia;;;Meio de Quadra;;;0;0;2;1;0;0;0;0;0;0;0;0;-38,543067;-3,82482
275179;1;3;2016;07:10;0;RUA MARIA GOMES DE SA;;;100;;Colisão Traseira;Luz do Dia;;;Meio de Quadra;;;0;0;2;1;0;0;0;0;0;0;0;0;;
275180;1;3;2016;13:00;19323;RUA CARLOS AMORA;AV DR SILAS MUNGUBA;;;;Colisão Lateral;Luz do Dia;;;;;;0;1;1;1;0;0;0;0;0;1;0;0;-38,563495;-3,775394
275191;1;3;2016;11:30;0;AV MON TABOSA;;;212;;Engavetamento;Luz do Dia;;;Meio de Quadra;;;0;0;3;1;0;0;0;0;0;0;0;0;-38,517539;-3,723697
275206;1;3;2016;18:00;0;RUA BAR ARATANHA;;;80;;Colisão Lateral;Anoitecer;;;Meio de Quadra;;;0;0;2;1;0;0;0;0;0;0;0;0;-38,526614;-3,733612
282134;1;3;2016;07:21;0;RUA PRO EDGAR DE ARRUDA;;;134;;Colisão;Luz do Dia;;;Meio de Quadra;;;0;0;2;0;0;0;0;0;0;0;0;0;-38,577066;-3,762365
282136;1;3;2016;07:34;19712;AV BEZERRA DE MENEZES;RUA JOSE PONTES;;;;Colisão;Luz do Dia;;;T;Pare;Comercial;0;0;2;0;0;0;0;0;0;0;0;0;-38,568324;-3,736463
282163;1;3;2016;12:15;0;RUA ANA BILHAR;;;170;;Colisão;Luz do Dia;;;Meio de Quadra;;;0;0;2;1;0;0;0;0;0;0;0;0;-38,498169;-3,728674
282170;1;3;2016;15:01;1277;RUA TIBURCIO CAVALCANTE;RUA COSTA BARROS;;;;Colisão;Luz do Dia;;;T;Não Há Controle;Misto;0;0;1;1;1;0;0;0;0;0;0;0;-38,501794;-3,733549
278021;1;3;2016;16:30;0;RD CE-040;;;;KM-02;Colisão;Luz do Dia;Bom;Seca;Meio de Quadra;;;0;0;2;0;1;0;0;0;0;0;0;0;-38,482583;-3,76465
278019;1;3;2016;07:00;0;RD CE-040;;;;KM-06;Colisão;Luz do Dia;Bom;Seca;Meio de Quadra;;;0;0;2;1;0;0;0;0;0;0;0;0;-38,479535;-3,800596
278025;1;3;2016;17:20;0;RD CE-040;;;;KM-10;Colisão;Anoitecer;Bom;Seca;Meio de Quadra;;;0;0;2;1;0;0;0;0;0;0;0;0;-38,482466;-3,834451
276003;1;3;2016;07:40;0;RD BR 020;;;;KM 428;Colisão Traseira;Luz do Dia;Bom;Seca;Meio de Quadra;;;0;0;2;0;0;0;1;0;0;0;0;0;;
276010;1;3;2016;21:10;0;RD BR 020;;;200;KM 431;Capotamento;Via Iluminada;Nublado;Seca;Meio de Quadra;;;0;4;0;0;0;0;0;0;0;0;0;0;;
276007;1;3;2016;12:00;0;RD BR 020;;;200;KM 430;Colisão Lateral;Luz do Dia;Bom;Seca;Meio de Quadra;;;0;1;2;1;0;0;0;0;0;1;0;0;;
277833;1;3;2016;12:07;8935;AV DOMINGOS OLIMPIO;RUA TEREZA CRISTINA;;;;Colisão;Luz do Dia;;;Cruz;Semáforo;Residencial;0;1;1;0;0;0;0;0;0;1;0;0;-38,538883;-3,734086
277835;1;3;2016;12:53;0;AV GENIBAU;;;146;;Colisão;Luz do Dia;;;Meio de Quadra;;;0;1;0;1;0;0;0;0;0;1;0;0;-38,596225;-3,761519
277828;1;3;2016;11:19;0;AV GAL OSORIO DE PAIVA;;;;;Colisão;Luz do Dia;;;Meio de Quadra;;;0;1;0;0;0;0;0;0;0;1;0;0;;
277829;1;3;2016;11:46;0;AV N CJ JOSE WALTER;;;751;;Atropelamento;Luz do Dia;;;Meio de Quadra;;;0;1;0;1;0;0;0;0;0;0;0;0;;
277831;1;3;2016;12:05;0;RUA OSCAR ARARIPE;;;830;;Colisão;Luz do Dia;;;Meio de Quadra;;;0;1;0;1;0;0;0;0;0;1;0;0;-38,598874;-3,791329
277845;1;3;2016;15:14;0;RUA PRO EDGAR DE ARRUDA;;;1965;;Colisão;Luz do Dia;;;Meio de Quadra;;;0;1;0;0;0;0;0;0;0;0;0;0;-38,592084;-3,754318
277854;1;3;2016;16:53;25237;RUA EMIDIO LOBO;RUA PRISCO BEZERRA;;;;Colisão;Luz do Dia;;;Cruz;Não Há Controle;Residencial;0;1;0;1;0;0;0;0;0;1;0;0;-38,470085;-3,738255
277751;1;3;2016;03:32;0;AV PRO GOMES DE MATOS;;;1748;;Colisão;;;;Meio de Quadra;;;0;1;0;1;0;1;0;0;0;0;0;0;-38,550349;-3,76667
277752;1;3;2016;03:49;25003;AV DR THEBERGE;AV SGT HERMINIO SAMPAIO;;;;Colisão;;;;Cruz;Semáforo;Misto;0;1;0;1;0;0;0;0;0;1;0;0;-38,569276;-3,727916
277745;1;3;2016;02:03;0;AV ALBERTO CRAVEIRO;;;507;MAKRO;Colisão;;;;Meio de Quadra;;;0;1;0;1;0;0;0;0;0;1;0;0;-38,51591;-3,781154
277727;1;3;2016;01:20;0;AV PRS JUSCELINO KUBITSCHEK (PASSARÉ);;;3300;;Colisão;;;;Meio de Quadra;;;0;1;0;1;0;0;0;0;0;1;0;0;;
277729;1;3;2016;01:20;0;RUA PRO VIRGILIO DE MORAIS;;;646;;Colisão;;;;Meio de Quadra;;;0;2;0;1;0;0;0;0;0;1;0;0;;
277735;1;3;2016;01:25;2573;AV FRANCISCO SA;RUA GRACA ARANHA;;;;Colisão;;;;Cruz;Pare;Residencial;0;1;0;1;0;1;0;0;0;0;0;0;-38,574359;-3,711611
277748;1;3;2016;02:22;17365;RUA TEN MOACIR MATOS;RUA EUZEBIO DE QUEIROS;;;;Colisão;;;;Cruz;Pare;Residencial;0;1;1;1;0;0;0;0;0;1;0;0;-38,553728;-3,76639
277749;1;3;2016;02:30;23607;RUA BAR CRATO;RUA CAP NESTOR GOIS;;;;Colisão;;;;Cruz;Pare;Misto;0;1;0;0;0;0;0;0;0;1;0;0;-38,561703;-3,721812
277743;1;3;2016;01:49;24195;AV ENG SANTANA JUNIOR;RUA PASCOAL CASTRO ALVES;;;;Colisão;;;;Cruz;Pare;Residencial;0;1;0;1;0;1;0;0;0;0;0;0;-38,479778;-3,731999
277782;1;3;2016;04:31;0;RUA ALBERTO MAGNO;;;228;;Colisão;;;;Meio de Quadra;;;0;1;0;1;0;0;0;0;0;1;0;0;;
277783;1;3;2016;05:22;0;RUA BARBOSA DE FREITAS;;;2530;;Colisão;Amanhecer;;;Meio de Quadra;;;0;1;0;0;0;0;0;0;0;1;0;0;-38,501349;-3,748999
277784;1;3;2016;05:29;0;AV GAL OSORIO DE PAIVA;;;7734;;Queda;Amanhecer;;;Meio de Quadra;;;0;1;0;0;0;0;0;0;0;1;0;0;-38,617144;-3,820286
277785;1;3;2016;05:48;0;RD BR 116;;;10000;;Queda;Amanhecer;;;Meio de Quadra;;;0;1;0;0;0;0;0;0;0;1;0;0;;
277789;1;3;2016;05:58;0;RUA PDE VALDEVINO;;;352;;Colisão;Amanhecer;;;Meio de Quadra;;;0;1;0;0;0;0;0;0;0;0;0;0;-38,520772;-3,737883
277807;1;3;2016;06:28;0;AV 13 DE MAIO;;;623;IGREJA NOSSA SENHORA DE FATIMA;Atropelamento;Luz do Dia;;;Meio de Quadra;;;0;1;0;1;0;0;0;0;0;0;0;0;-38,526219;-3,751983