COD_ACIDENTE;DIA;MES;ANO;HORA;INTERSECAO;LOG1;LOG2;LOG3;NUMERO;REFERENCIA;NATUREZA;ILUMINACAO;TEMPO;SUPERFICIEPISTA;TIPOCRUZAMENTO;CONTROLETRAFEGO;USOSOLO;MORTOS;FERIDOS;ILESOS;AUTOMOVEL;ONIBUS;BICICLETA;CAMINHAO;MICROONIBUS;CICLOMOTOR;MOTOCICLETA;TRACAOANIMAL;TREM;LONG;LAT
277808;1;3;2016;06:57;17306;RUA ALM RUFINO;AV JOSE DO PATROCINIO;;;;Colisão;Luz do Dia;;;Cruz;Pare;Misto;0;1;0;1;0;0;0;0;0;1;0;0;-38,545044;-3,764152
277787;1;3;2016;05:51;7948;RUA JOAQUIM NABUCO;AV PONTES VIEIRA;;;;Colisão;Amanhecer;;;Cruz;Semáforo Intermitente;Comercial;0;1;0;0;0;0;0;0;0;1;0;0;-38,506628;-3,751917
277766;1;3;2016;03:52;1585;RUA TIBURCIO CAVALCANTE;RUA PDE VALDEVINO;;;;Colisão;;;;Cruz;Semáforo;Residencial;0;1;0;1;0;0;0;0;0;1;0;0;-38,504815;-3,742915
277819;1;3;2016;10:34;13594;AV PONTES VIEIRA;RUA CAP GUSTAVO;;;;Colisão;Luz do Dia;;;Cruz;Semáforo;Comercial;0;1;0;1;0;0;0;0;0;1;0;0;-38,517125;-3,753153
277810;1;3;2016;07:21;15700;RUA VICENTE NOBRE MACEDO;RUA GUILHERME PESSOA;;;;Colisão;Luz do Dia;;;Cruz;Pare;Residencial;0;1;1;1;0;0;0;0;0;1;0;0;-38,484654;-3,827498
277812;1;3;2016;07:58;13635;RUA ALBERTO FEITOSA LIMA;RUA JOSE ALVES DE MORAES;;;;Colisão;Luz do Dia;;;;;;0;1;0;1;0;0;0;0;0;1;0;0;-38,484227;-3,7695
277814;1;3;2016;09:10;0;AV ROGACIANO LEITE;;;2206;;Queda;Luz do Dia;;;Meio de Quadra;;;0;2;0;0;0;0;0;0;0;1;0;0;-38,499681;-3,774746
277863;2;3;2016;01:43;9755;RUA TRES CORACOES;RUA EDSON MARTINS;;;;Colisão;;;;;;;0;2;0;0;0;0;0;0;0;1;0;0;-38,609844;-3,787046
277860;2;3;2016;01:28;0;AV GOV RAUL BARBOSA;;;4262;;Colisão;;;;Meio de Quadra;;;0;2;0;0;0;0;0;0;0;0;0;0;-38,507689;-3,761633
277892;2;3;2016;04:18;11675;RUA DIOGO CORREIA;RUA PRO HERIBALDO COSTA;;;;Colisão;;;;Cruz;Pare;Residencial;0;2;1;0;0;0;1;0;0;1;0;0;-38,590102;-3,770996
277893;2;3;2016;04:56;9168;AV BORGES DE MELO;AV LUCIANO CARNEIRO;;;;Queda;;;;Cruz;Semáforo;Residencial;0;1;0;0;0;0;0;0;0;1;0;0;-38,534097;-3,756465
277894;2;3;2016;05:28;0;RUA PEDRO LAZAR;;;1280;;Colisão;Amanhecer;;;Meio de Quadra;;;0;2;0;1;0;0;0;0;0;1;0;0;;
277895;2;3;2016;05:48;0;AV JOSE LEON;;;1111;;Colisão;Amanhecer;;;Meio de Quadra;;;0;1;0;1;0;0;0;0;0;1;0;0;;
277897;2;3;2016;08:16;0;AV JOVITA FEITOSA;;;185;;Colisão;Luz do Dia;;;Meio de Quadra;;;0;1;0;1;0;0;0;0;0;1;0;0;-38,545574;-3,737603
277898;2;3;2016;08:20;0;AV N CJ JOSE WALTER;;;1900;;Colisão;Luz do Dia;;;Meio de Quadra;;;0;1;0;0;0;0;0;0;0;1;0;0;;
277874;2;3;2016;02:09;0;RUA PDE PERDIGAO SAMPAIO;;;385;;Colisão;;;;Meio de Quadra;;;0;1;0;1;0;0;0;0;0;1;0;0;-38,595787;-3,734752
277875;2;3;2016;02:13;577;AV DR THEBERGE;AV FRANCISCO SA;;;;Colisão;;;;Cruz;Semáforo;Comercial;0;1;1;0;1;0;0;0;0;1;0;0;-38,565016;-3,714822
277876;2;3;2016;02:25;25334;AV B CJ CEARA;AV D CJ CEARA;;;;Colisão;;;;T;Pare;Misto;0;1;0;0;0;0;0;0;0;0;0;0;-38,602328;-3,763611
277869;2;3;2016;02:00;0;RD BR 116;;;1000;KM-01;Queda;;;;Meio de Quadra;;;0;1;0;0;0;0;0;0;0;1;0;0;-38,518702;-3,762554
277882;2;3;2016;04:14;5366;AV DUQ CAXIAS;RUA SEN POMPEU;;;;Queda;;;;Cruz;Semáforo;Comercial;0;1;0;0;0;0;0;0;0;1;0;0;-38,530994;-3,73143
277879;2;3;2016;04:12;0;AV DR SILAS MUNGUBA;;;2800;;Colisão;;;;Meio de Quadra;;;0;1;0;1;0;0;0;0;0;1;0;0;-38,548557;-3,787232
275261;2;3;2016;07:30;0;RUA DUARTE PIMENTEL;;;976;;Outros;Luz do Dia;Bom;Seca;Meio de Quadra;Não Há Controle;Residencial;0;0;2;1;0;0;0;0;0;0;0;0;-38,542337;-3,781473
275264;2;3;2016;13:10;13325;AV I CJ JOSE WALTER;RUA 66 CJ JOSE WALTER;;;;Colisão Transversal;Luz do Dia;Bom;Seca;T;Não Há Controle;Comercial;0;0;2;1;0;0;0;0;0;0;0;0;-38,555304;-3,840228
275265;2;3;2016;17:00;0;RUA LEONARDO MOTA;;;2215;;Colisão Traseira;Anoitecer;Bom;Seca;Meio de Quadra;Pare;Residencial;0;0;2;0;0;0;0;0;0;0;0;0;-38,498955;-3,744818
275251;2;3;2016;07:10;25140;RUA CAIO CID;AV ALM MAXIMIANO DA FONSECA;;;;Colisão Lateral;Luz do Dia;Bom;Seca;T;Semáforo;Comercial;0;0;2;1;1;0;0;0;0;0;0;0;-38,484125;-3,77158
275247;2;3;2016;19:10;5433;RUA MAJ FACUNDO;RUA METON DE ALENCAR;;;;Colisão Transversal;Via Iluminada;Bom;Seca;Cruz;Pare;Comercial;0;2;1;1;0;0;0;0;0;1;0;0;-38,529899;-3,733917
275243;2;3;2016;20:20;12002;AV CASTELO DE CASTRO;RUA 404 CJ SAO CRISTOVAO;;;;Colisão Transversal;Via Iluminada;Bom;Seca;Cruz;Pare;Residencial;0;1;2;1;0;0;0;0;0;1;0;0;-38,521546;-3,832675
275255;2;3;2016;19:00;3831;AV 13 DE MAIO;RUA MAL DEODORO;;;;Colisão Traseira;Via Iluminada;Bom;Seca;Cruz;Semáforo;Comercial;0;0;2;1;1;0;0;0;0;0;0;0;-38,536588;-3,743122
275258;2;3;2016;07:00;22886;RUA BERNARDO MANUEL;RUA INACIO PARENTE;;;;Colisão Transversal;Luz do Dia;Bom;Seca;Cruz;Semáforo;Comercial;0;0;2;1;0;0;0;0;0;0;0;0;-38,546074;-3,781268
275239;2;3;2016;07:00;1230;RUA COSTA BARROS;RUA BAR ARACATI;;;;Colisão Transversal;Luz do Dia;Bom;Seca;Cruz;Pare;Residencial;0;0;3;1;0;0;0;0;0;0;0;0;-38,511153;-3,730488
275234;2;3;2016;09:15;0;RUA JOAQUIM NABUCO;;;190;;Colisão Transversal;Luz do Dia;Bom;Seca;Meio de Quadra;Pare;Residencial;0;0;2;1;0;0;0;0;0;0;0;0;-38,498636;-3,726997
282863;2;3;2016;08:49;5281;RUA PEDRO PEREIRA;RUA GAL SAMPAIO;;;;Colisão;Luz do Dia;;;Cruz;Semáforo;Comercial;0;0;2;0;0;0;0;0;0;0;0;0;-38,531335;-3,728779
282875;2;3;2016;10:43;0;AV SGT HERMINIO SAMPAIO;;;1581;;Colisão;Luz do Dia;;;Meio de Quadra;;;0;0;2;0;0;0;0;0;0;0;0;0;-38,55483;-3,725327
282880;2;3;2016;12:17;11675;RUA PRO HERIBALDO COSTA;RUA DIOGO CORREIA;;;;Colisão;Luz do Dia;;;Cruz;Pare;Residencial;0;0;2;1;0;0;0;0;0;1;0;0;-38,590102;-3,770996
282881;2;3;2016;12:29;0;AV PRS CASTELO BRANCO;;;;;Colisão;Luz do Dia;;;Meio de Quadra;;;0;0;2;0;0;0;0;0;0;0;0;0;;
282878;2;3;2016;10:59;0;RUA PEDRO LAZAR;;;;;Colisão;Luz do Dia;;;Meio de Quadra;;;0;0;2;0;0;0;0;0;0;0;0;0;;
282889;2;3;2016;13:09;0;AV N CJ JOSE WALTER;;;;;Colisão;Luz do Dia;;;Meio de Quadra;;;0;0;2;0;0;0;0;0;0;0;0;0;;
282893;2;3;2016;13:48;0;RUA MON HIPOLITO BRASIL;;;1348;;Colisão;Luz do Dia;;;Meio de Quadra;;;0;0;2;0;0;0;0;0;0;0;0;0;;
282894;2;3;2016;14:12;19037;AV ENG ALBERTO SA;AV DOLOR BARREIRA;;;;Outros;Luz do Dia;;;;;;0;0;2;0;0;0;0;0;0;0;0;0;;
282895;2;3;2016;14:17;13463;AV RUI BARBOSA;RUA TOMAS ACIOLI;;;;Colisão;Luz do Dia;;;Cruz;Pare;Rural;0;0;2;0;0;0;0;0;0;0;0;0;-38,512063;-3,74414
282899;2;3;2016;14:32;0;RUA GERMANO FRANCK;;;;;Colisão;Luz do Dia;;;Meio de Quadra;;;0;0;2;0;0;0;0;0;0;0;0;0;;
282905;2;3;2016;15:53;0;AV PONTES VIEIRA;;;277;;Colisão;Luz do Dia;;;Meio de Quadra;;;0;0;2;0;0;0;0;0;0;0;0;0;-38,518024;-3,753259
282909;2;3;2016;16:11;19759;RUA AZEVEDO BOLAO;RUA AMADEU FURTADO;;;;Colisão;Luz do Dia;;;Cruz;Pare;Residencial;0;0;2;0;0;0;0;0;0;0;0;0;-38,563588;-3,737863
282916;2;3;2016;16:14;1572;RUA VICENTE LINHARES;AV DES MOREIRA;;;;Colisão;Luz do Dia;;;Cruz;Semáforo;;0;0;2;0;0;0;0;0;0;0;0;0;-38,500253;-3,742153
282914;2;3;2016;16:12;0;AV PRS CASTELO BRANCO;;;4746;;Colisão;Luz do Dia;;;Meio de Quadra;;;0;0;2;0;0;0;0;0;0;0;0;0;-38,574492;-3,706169
275655;2;3;2016;06:05;0;RUA ANTERO QUENTAL;;;315;;Queda;Luz do Dia;;;Meio de Quadra;;;0;1;0;0;0;0;0;0;0;1;0;0;;
276024;2;3;2016;08:00;0;RD BR 116;;;300;KM-01;Colisão Lateral;Luz do Dia;Bom;Seca;Meio de Quadra;;;0;1;1;1;0;0;0;0;0;1;0;0;-38,51861693;-3,7628504
276025;2;3;2016;07:30;0;RD BR 116;;;800;KM-05;Colisão Traseira;Luz do Dia;Bom;Seca;Meio de Quadra;;;0;1;1;1;0;0;0;0;0;0;0;0;-38,50847;-3,793082
276026;2;3;2016;18:50;0;RD BR 116;;;11000;KM-11;Atropelamento;Via Iluminada;Bom;Seca;Meio de Quadra;;;0;2;0;0;0;0;0;0;0;0;0;0;-38,497176;-3,84716
276153;2;3;2016;07:00;0;RD BR 222;;;;;Colisão Lateral;Luz do Dia;Bom;Seca;Meio de Quadra;;;0;1;1;0;0;0;0;1;0;1;0;0;;
276154;2;3;2016;13:10;0;RD BR 222;;;400;KM-03;Colisão;Luz do Dia;Bom;Molhada;Meio de Quadra;;;0;2;0;0;0;1;0;0;0;1;0;0;-38,595941;-3,740301
278034;2;3;2016;06:50;0;AV SEN CARLOS JEREISSATI (AEROPORTO);;;;KM 02;Engavetamento;Luz do Dia;Bom;Seca;Meio de Quadra;;;0;0;3;1;0;0;0;0;0;0;0;0;-38,535424;-3,782194
278049;2;3;2016;20:10;0;RD CE-025;;;;KM-03;Colisão;Via Iluminada;Bom;Seca;Meio de Quadra;;;0;1;1;0;1;0;0;0;1;0;0;0;-38,452247;-3,805889
277904;2;3;2016;09:57;0;AV PRS COSTA E SILVA;;;5550;;Colisão;Luz do Dia;;;Meio de Quadra;;;0;1;0;0;0;0;0;0;0;1;0;0;;
277905;2;3;2016;10:04;0;RUA GERMANO FRANCK;;;106;;Colisão;Luz do Dia;;;Meio de Quadra;;;0;1;0;0;0;0;0;0;0;0;0;0;-38,558209;-3,774023
277906;2;3;2016;12:15;1467;AV SANTOS DUMONT;RUA MON CATAO;;;;Colisão;Luz do Dia;;;Cruz;Semáforo;Comercial;0;1;1;1;0;0;0;0;0;1;0;0;-38,490564;-3,738745
277909;2;3;2016;12:21;1572;AV DES MOREIRA;RUA VICENTE LINHARES;;;;Colisão;Luz do Dia;;;Cruz;Semáforo;;0;2;0;1;0;0;0;0;0;1;0;0;-38,500253;-3,742153
277960;2;3;2016;20:36;0;RUA BARCA VELHA;;;69;;Queda;;;;Meio de Quadra;;;0;1;0;0;0;0;0;0;0;1;0;0;-38,599182;-3,733528
277948;2;3;2016;19:52;0;RUA EDUARDO PERDIGAO;;;231;TERM. PARANGABA;Atropelamento;;;;Meio de Quadra;;;0;1;0;0;0;0;0;0;0;0;0;0;-38,563919;-3,776553
277899;2;3;2016;09:01;0;RUA BETEL;;;;;Atropelamento;Luz do Dia;;;Meio de Quadra;;;0;1;0;1;0;0;0;0;0;0;0;0;;
277944;2;3;2016;18:47;0;AV JOR JOAO RAMOS;;;1583;;Colisão;;;;Meio de Quadra;;;0;1;0;0;0;0;0;0;0;0;0;0;-38,571204;-3,842462
277953;2;3;2016;20:24;0;RUA TEBAS;;;442;;Colisão;;;;Meio de Quadra;;;0;1;0;0;0;0;0;0;0;1;0;0;;
277951;2;3;2016;19:59;0;RUA OITICICAS;;;333;;Colisão;;;;Meio de Quadra;;;0;1;0;1;0;0;0;0;0;1;0;0;-38,536039;-3,806155
277934;2;3;2016;17:02;0;AV MAE LISBOA;;;2279;;Colisão;Anoitecer;;;Meio de Quadra;;;0;1;0;0;0;0;0;0;0;0;0;0;-38,459389;-3,807236
277935;2;3;2016;18:30;0;RUA SANDRA GENTIL;;;40;;Colisão;Anoitecer;;;Meio de Quadra;;;0;1;0;0;0;0;0;0;0;0;0;0;;
277938;2;3;2016;20:19;0;AV MAE LISBOA;;;1221;;Capotamento;;;;Meio de Quadra;;;0;3;0;1;0;0;0;0;0;0;0;0;-38,4687;-3,807916
277926;2;3;2016;16:35;0;RUA NOSSA SRA DE FATIMA;;;40;;Colisão;Luz do Dia;;;Meio de Quadra;;;0;1;0;0;0;0;0;0;0;0;0;0;-38,491427;-3,820903
277927;2;3;2016;16:56;0;RUA TARCISIO PEIXOTO;;;1056;;Colisão;Luz do Dia;;;Meio de Quadra;;;0;2;0;1;0;0;0;0;0;1;0;0;;
277913;2;3;2016;13:31;0;AV FILOMENO GOMES;;;337;;Colisão;Luz do Dia;;;Meio de Quadra;;;0;1;0;1;0;0;0;0;0;1;0;0;-38,541706;-3,717858
277915;2;3;2016;13:33;0;AV ABOLICAO;;;2480;;Atropelamento;Luz do Dia;;;Meio de Quadra;;;0;1;0;0;0;0;0;0;0;1;0;0;-38,496555;-3,726981
277916;2;3;2016;15:38;5100;AV DOM MANUEL;AV MON TABOSA;;;;Colisão;Luz do Dia;;;Cruz;Semáforo;Comercial;0;1;1;1;0;0;0;0;0;1;0;0;;
277918;2;3;2016;16:14;0;AV PRS COSTA E SILVA;;;4449;;Colisão;Luz do Dia;;;Meio de Quadra;;;0;1;0;0;0;0;0;0;0;0;0;0;-38,540169;-3,825502
277919;2;3;2016;16:23;0;AV PRO GOMES DE MATOS;;;1617;;Colisão;Luz do Dia;;;Meio de Quadra;;;0;1;0;1;0;0;0;0;0;1;0;0;-38,549658;-3,765861
277911;2;3;2016;12:52;20149;RUA REGINA DE FATIMA;RUA MARIA AMALIA;;;;Colisão;Luz do Dia;;;;;;0;1;1;1;0;0;0;0;0;1;0;0;-38,52515;-3,811203
277901;2;3;2016;09:24;0;RUA ROSINHA SAMPAIO;;;1022;;Queda;Luz do Dia;;;Meio de Quadra;;;0;1;0;0;0;1;0;0;0;0;0;0;;
277902;2;3;2016;09:48;43;RUA PEDRO MELO;RUA SALGADO FILHO;;;;Colisão;Luz do Dia;;;;;;0;1;1;1;0;0;0;0;0;1;0;0;-38,594715;-3,744583
282925;2;3;2016;17:18;0;AV HIS RAIMUNDO GIRAO;;;412;;Colisão;Anoitecer;;;Meio de Quadra;;;0;0;2;0;0;0;0;0;0;0;0;0;-38,512135;-3,720734
282927;2;3;2016;17:19;0;RUA MEM DE SA;;;;;Colisão;Anoitecer;;;Meio de Quadra;;;0;0;2;0;0;0;0;0;0;0;0;0;;
282929;2;3;2016;17:22;0;RUA RIO GRANDE DO SUL;;;308;;Colisão;Anoitecer;;;Meio de Quadra;;;0;0;2;0;0;0;0;0;0;0;0;0;-38,563372;-3,752116
282930;2;3;2016;17:22;0;RUA FRE ALEMAO;;;310;;Colisão;Anoitecer;;;Meio de Quadra;;;0;0;2;0;0;0;0;0;0;0;0;0;-38,544032;-3,785755
282931;2;3;2016;18:33;12348;RUA DIAMANTINA;RUA MINAS GERAIS;;;;Colisão;;;;Cruz;Pare;Residencial;0;0;2;0;0;0;0;0;0;0;0;0;-38,569703;-3,763776
282934;2;3;2016;19:52;0;AV PRS COSTA E SILVA;;;4449;;Colisão;;;;Meio de Quadra;;;0;0;1;0;0;0;0;0;0;0;0;0;-38,540169;-3,825502
282935;2;3;2016;19:53;26257;AV FRE CIRILO;RUA BADY MIGUEL;;;;Colisão;;;;;;;0;0;2;0;0;0;0;0;0;0;0;0;;
282936;2;3;2016;20:10;0;AV PRO GOMES DE MATOS;;;1617;;Colisão;;;;Meio de Quadra;;;0;0;2;0;0;0;0;0;0;0;0;0;-38,549658;-3,765861
282938;2;3;2016;20:48;0;AV DR SILAS MUNGUBA;;;;;Colisão;;;;Meio de Quadra;;;0;0;2;0;0;0;0;0;0;0;0;0;;
275199;2;3;2016;15:35;5090;RUA GUILHERME ROCHA;RUA OTO DE ALENCAR;;;;Colisão Transversal;Luz do Dia;Bom;Seca;Cruz;Semáforo;Comercial;0;0;2;1;0;0;0;0;0;0;0;0;-38,540079;-3,723058
275220;2;3;2016;14:40;12068;AV CASTELO DE CASTRO;AV MON AMARILIO RODRIGUES;;;;Colisão Lateral;Luz do Dia;Bom;Seca;Cruz;Semáforo;Comercial;0;1;1;1;0;0;0;0;1;0;0;0;-38,521635;-3,835217
275223;2;3;2016;08:10;0;AV PRS CASTELO BRANCO;;;3139;;Colisão Traseira;Luz do Dia;Bom;Seca;Meio de Quadra;Não Há Controle;Residencial;0;1;1;0;1;0;0;0;0;1;0;0;-38,558402;-3,711305
275225;2;3;2016;17:10;11451;AV DES FAUSTINO ALBUQUERQUE;RUA PDE FRANCISCO PITA;;;;Colisão Transversal;Luz do Dia;Bom;Seca;Cruz;Pare;Residencial;0;1;1;1;0;0;0;0;0;1;0;0;-38,498345;-3,781966
275231;2;3;2016;14:30;15227;AV ABOLICAO;AV DES MOREIRA;;;;Colisão Transversal;Luz do Dia;Bom;Seca;Cruz;Semáforo;Comercial;0;0;2;1;0;0;0;0;0;0;0;0;-38,495474;-3,727331
275227;2;3;2016;07:40;0;RUA CEL MATOS DOURADO;;;1349;;Colisão Traseira;Luz do Dia;Bom;Seca;Meio de Quadra;Semáforo;Escola;0;0;2;1;0;0;0;0;0;1;0;0;;
275229;2;3;2016;18:00;0;AV BEZERRA DE MENEZES;;;944;;Choque c/ Obstáculo Fixo;Anoitecer;Bom;Seca;Meio de Quadra;Semáforo;Comercial;0;0;1;1;0;0;0;0;0;0;0;0;-38,553318;-3,733367
275194;2;3;2016;16:35;0;AV DES FAUSTINO ALBUQUERQUE;;;511;;Colisão Lateral;Luz do Dia;Bom;Seca;;;;0;1;1;1;0;0;0;0;0;1;0;0;;
275190;2;3;2016;18:45;5307;AV DUQ CAXIAS;RUA PRC ISABEL;;;;Colisão Lateral;Via Iluminada;Bom;Seca;Cruz;Semáforo;Comercial;0;0;2;1;0;0;1;0;0;0;0;0;-38,536407;-3,729687
275173;2;3;2016;10:20;9080;AV 13 DE MAIO;RUA JOAO LOBO FILHO;;;;Colisão Traseira;Luz do Dia;Bom;Seca;;Não Há Controle;Comercial;0;1;1;1;0;0;0;0;0;1;0;0;-38,522342;-3,753753
275182;2;3;2016;17:55;8953;AV BEZERRA DE MENEZES;RUA TEOFILO GURGEL;;;;Colisão Frontal;Via Iluminada;Bom;Seca;Outros;Pare;Comercial;0;0;2;1;0;0;0;0;0;1;0;0;-38,546109;-3,731856
275167;2;3;2016;13:00;2830;AV GAL OSORIO DE PAIVA;RUA OSCAR FRANCA;;;;Colisão Transversal;Luz do Dia;Bom;Seca;T;Semáforo;Residencial;0;2;0;0;0;1;0;0;0;1;0;0;-38,592113;-3,794473
275157;2;3;2016;21:00;1538;RUA LEONARDO MOTA;AV PDE ANTONIO TOMAS;;;;Colisão Transversal;Via Iluminada;Bom;Seca;Cruz;Semáforo;Residencial;0;1;1;1;0;0;0;0;0;1;0;0;-38,497662;-3,740811
275145;2;3;2016;15:00;0;AV BEZERRA DE MENEZES;;;368;;Colisão Traseira;Luz do Dia;Bom;Seca;Meio de Quadra;Pare;Comercial;0;0;2;1;0;0;0;0;0;0;0;0;-38,547792;-3,732209
275136;2;3;2016;20:21;24968;AV ALM HENRIQUE SABOIA;RUA VILEBALDO AGUIAR;;;;Colisão;Via Iluminada;Bom;Seca;Cruz;Não Há Controle;Residencial;0;0;2;1;1;0;0;0;0;0;0;0;-38,487544;-3,740626
275138;2;3;2016;12:00;0;RUA BERNARDO MANUEL;;;7969;;Colisão Traseira;Luz do Dia;Bom;Seca;Meio de Quadra;Não Há Controle;Residencial;0;0;3;1;0;0;0;0;0;0;0;0;-38,54849;-3,789105
279250;2;3;2016;11:18;0;AV GODOFREDO MACIEL;;;;;Outros;Luz do Dia;;;Meio de Quadra;;;0;0;1;0;0;0;0;0;0;0;0;0;;
279251;2;3;2016;13:40;10701;RUA MON HIPOLITO BRASIL;RUA NOEL ROSA;;;;Colisão;Luz do Dia;;;;;;0;0;2;1;1;0;0;0;0;0;0;0;-38,580851;-3,75782
279252;2;3;2016;14:23;0;AV ODILON GUIMARAES;;;;;Colisão;Luz do Dia;;;Meio de Quadra;;;0;0;3;1;0;0;0;0;0;0;0;0;;
279504;2;3;2016;17:51;3354;RUA RIO GRANDE DO SUL;RUA DOS ESTADOS;;;;Colisão;Anoitecer;;;Cruz;Pare;Residencial;0;0;2;1;0;0;0;0;0;1;0;0;-38,563429;-3,752175
279391;2;3;2016;17:10;0;RUA DOM EXPEDITO LOPES;;;;;Colisão;Anoitecer;;;Meio de Quadra;;;0;0;2;0;0;0;1;0;0;0;0;0;;
279388;2;3;2016;15:59;1559;RUA MON CATAO;RUA PAULA NEI;;;;Colisão;Luz do Dia;;;Cruz;Gesto;Residencial;0;0;2;1;0;0;0;0;0;0;0;0;-38,49151;-3,741704
279389;2;3;2016;16:09;0;AV PRS CASTELO BRANCO;;;;;Colisão;Luz do Dia;;;Meio de Quadra;;;0;0;2;1;0;0;0;1;0;0;0;0;;
285332;2;3;2016;17:40;2062;RUA DOS ABOLICIONISTAS;RUA DOS SEIXAS;;;;Colisão;Anoitecer;;;;;;0;1;1;1;0;0;0;0;0;1;0;0;-38,57893;-3,698617
279505;3;3;2016;15:29;0;RUA MIN ALBUQUERQUE LIMA;;;;;Colisão;Luz do Dia;;;Meio de Quadra;;;0;0;2;1;0;0;0;1;0;0;0;0;;
279507;3;3;2016;17:53;2738;RUA ITU;RUA OSCAR FRANCA;;;;Colisão;Anoitecer;;;Cruz;Não Há Controle;Residencial;0;0;2;1;0;0;0;0;0;1;0;0;-38,602642;-3,790923
279509;3;3;2016;19:58;99;RUA MARTINS NETO;RUA TOMAS RODRIGUES;;;;Colisão;;;;Cruz;Pare;Misto;0;0;2;1;1;0;0;0;0;0;0;0;-38,593771;-3,741063
279681;3;3;2016;22:45;4612;AV COS GOMES DE FREITAS (SAPIRANGA/COITE);AV WASHINGTON SOARES;;;;Colisão;;;;;;;0;0;2;1;1;0;0;0;0;0;0;0;-38,479908;-3,795695
275139;3;3;2016;02:30;0;RUA FRE MANSUETO;;;;;Colisão Lateral;Via Iluminada;Bom;Seca;Meio de Quadra;Semáforo;Residencial;0;0;2;1;0;0;0;0;0;0;0;0;;
275143;3;3;2016;14:00;65;RUA MARTINS NETO;RUA HUGO VITOR;;;;Colisão Transversal;Luz do Dia;Bom;Seca;Cruz;Pare;Comercial;0;1;2;1;0;0;0;0;0;0;0;0;-38,591458;-3,740726
275155;3;3;2016;19:30;0;AV CEL CARVALHO;;;2151;;Colisão Lateral;Luz do Dia;Bom;Seca;Meio de Quadra;Não Há Controle;Misto;0;0;2;1;1;0;0;0;0;0;0;0;-38,586986;-3,721043
275150;3;3;2016;19:30;12925;AV AGUANAMBI;AV DOMINGOS OLIMPIO;;;;Colisão Lateral;Via Iluminada;Bom;Seca;;Semáforo;Comercial;0;0;2;1;0;0;0;0;0;1;0;0;-38,524628;-3,738683
275160;3;3;2016;13:15;0;RUA BERNARDO PORTO;;;470;;Colisão Lateral;Luz do Dia;Bom;Seca;Meio de Quadra;Outros;Residencial;0;0;2;1;0;0;0;0;0;0;0;0;;
275163;3;3;2016;18:30;0;AV FRANCISCO SA;;;;;Colisão Lateral;Via Iluminada;Bom;Seca;Meio de Quadra;Faixa de pedestre;Residencial;0;0;2;1;0;0;0;0;0;1;0;0;;
275169;3;3;2016;19:00;13564;RUA CASTRO ALVES;RUA CAP GUSTAVO;;;;Colisão;Via Iluminada;Nublado;Seca;Cruz;Pare;Residencial;0;0;2;1;0;1;0;0;0;0;0;0;-38,517747;-3,749887
275172;3;3;2016;07:40;0;AV A CJ POLAR;;;;;Colisão Lateral;Luz do Dia;Bom;Seca;Outros;Gesto;Comercial;0;0;2;1;0;0;0;0;0;0;0;0;;
275186;3;3;2016;09:00;12863;AV DOMINGOS OLIMPIO;RUA FLORIANO PEIXOTO;;;;Colisão Lateral;Luz do Dia;Bom;Seca;Cruz;Pare;Comercial;1;0;2;1;0;0;1;0;0;1;0;0;-38,530313;-3,736976
275181;3;3;2016;08:30;0;AV DEP PAULINO ROCHA;;;1285;;Colisão Lateral;Luz do Dia;Bom;Seca;Meio de Quadra;Não Há Controle;Comercial;0;1;3;1;0;0;0;0;0;1;0;0;-38,508509;-3,80795
275198;3;3;2016;18:30;1604;RUA VICENTE LEITE;RUA GAL TERTULIANO POTYGUARA;;;;Colisão Transversal;Via Iluminada;Bom;Seca;Cruz;Pare;Residencial;0;1;1;0;0;0;0;0;0;1;0;0;-38,497657;-3,744078
275204;3;3;2016;18:20;7875;AV SEN VIRGILIO TAVORA;AV PONTES VIEIRA;;;;Colisão Traseira;Anoitecer;Bom;Seca;Cruz;Semáforo Intermitente;Residencial;0;0;3;1;0;0;0;0;0;0;0;0;-38,497652;-3,750886
275192;3;3;2016;14:30;0;RUA PDE VALDEVINO;;;;;Colisão Traseira;Luz do Dia;Bom;Seca;Meio de Quadra;Não Há Controle;Comercial;0;0;2;1;0;0;0;0;0;0;0;0;;
275189;3;3;2016;15:30;0;AV VIS RIO BRANCO;;;3133;;Colisão Lateral;Luz do Dia;Nublado;Seca;Meio de Quadra;Não Há Controle;Residencial;0;0;2;1;0;0;0;0;0;0;0;0;;
275230;3;3;2016;16:50;18282;RUA TABAJARAS;RUA TREMEMBES;;;;Choque c/ Obstáculo Fixo;Luz do Dia;Bom;Seca;T;Pare;Comercial;0;0;1;1;0;0;0;0;0;0;0;0;-38,515945;-3,719381
275228;3;3;2016;11:50;15317;RUA NUNES VALENTE;RUA TEN BENEVOLO;;;;Colisão Transversal;Luz do Dia;Bom;Seca;Cruz;Pare;Comercial;0;0;3;0;0;0;0;0;0;1;0;0;-38,501859;-3,730365
275226;3;3;2016;13:50;0;AV ALBERTO CRAVEIRO;;;;;Colisão Traseira;Luz do Dia;Bom;Seca;Meio de Quadra;Outros;Comercial;0;0;2;1;0;0;0;0;0;0;0;0;;
275224;3;3;2016;09:00;14353;RUA BAR CRATO;RUA DEMOSTENES CARVALHO;;;;Colisão Lateral;Luz do Dia;Bom;Seca;Cruz;Pare;Residencial;0;1;1;1;0;0;0;0;0;1;0;0;-38,560305;-3,721441
275222;3;3;2016;20:00;0;AV PRS COSTA E SILVA;;;;;Colisão Frontal;Mal Iluminada;Bom;Molhada;Meio de Quadra;Outros;Residencial;0;0;2;1;0;0;0;0;0;0;0;0;;