COD_ACIDENTE;DIA;MES;ANO;HORA;INTERSECAO;LOG1;LOG2;LOG3;NUMERO;REFERENCIA;NATUREZA;ILUMINACAO;TEMPO;SUPERFICIEPISTA;TIPOCRUZAMENTO;CONTROLETRAFEGO;USOSOLO;MORTOS;FERIDOS;ILESOS;AUTOMOVEL;ONIBUS;BICICLETA;CAMINHAO;MICROONIBUS;CICLOMOTOR;MOTOCICLETA;TRACAOANIMAL;TREM;LONG;LAT
275207;3;3;2016;07:40;1743;RUA CAP ARAGAO;RUA TEN BARBOSA D46;;;;Colisão Transversal;Luz do Dia;Bom;Seca;Cruz;Pare;Residencial;0;0;3;0;0;0;0;0;0;1;0;0;-38,51204;-3,76473
282940;3;3;2016;05:15;0;AV CEL CARVALHO;;;;;Choque c/ Obstáculo Fixo;Amanhecer;;;Meio de Quadra;;;0;0;2;0;0;0;0;0;0;0;0;0;;
282949;3;3;2016;07:21;0;AV HIS RAIMUNDO GIRAO;;;304;;Colisão;Luz do Dia;;;Meio de Quadra;;;0;0;2;0;0;0;0;0;0;0;0;0;;
282952;3;3;2016;07:44;8025;AV JOAO PESSOA;RUA PRO COSTA MENDES;;;;Colisão;Luz do Dia;;;Cruz;Semáforo;Comercial;0;0;2;1;0;0;0;0;0;0;0;0;-38,549441;-3,752393
282957;3;3;2016;08:28;25457;RUA ALBERTO FEITOSA LIMA;AV ALM MAXIMIANO DA FONSECA;;;;Colisão;Luz do Dia;;;T;Não Há Controle;Outros;0;0;4;1;0;0;0;0;0;0;0;0;-38,484423;-3,771502
282964;3;3;2016;10:28;0;AV ZEZE DIOGO;;;5295;;Colisão;Luz do Dia;;;Meio de Quadra;;;0;1;1;0;0;0;0;0;0;1;0;0;;
282969;3;3;2016;10:43;0;RUA DNA LEOPOLDINA;;;1549;;Colisão;Luz do Dia;;;Meio de Quadra;;;0;0;2;0;0;0;0;0;0;0;0;0;-38,522163;-3,738574
282981;3;3;2016;10:52;0;AV FRANCISCO SA;;;;;Colisão;Luz do Dia;;;Meio de Quadra;;;0;0;2;0;0;0;0;0;0;0;0;0;;
282942;3;3;2016;06:58;0;AV ALM HENRIQUE SABOIA;;;3957;;Colisão;Luz do Dia;;;Meio de Quadra;;;0;0;2;1;0;0;0;0;0;0;0;0;-38,489563;-3,74367
282943;3;3;2016;07:04;6743;RUA ALMEIDA PRADO;AV SANTOS DUMONT;;;;;Luz do Dia;;;Cruz;Semáforo;Comercial;0;0;2;0;0;0;0;0;0;0;0;0;-38,475153;-3,743712
282944;3;3;2016;07:18;0;RUA BERNARDO MANUEL;;;9970;;Colisão;Luz do Dia;;;Meio de Quadra;;;0;0;2;0;0;0;0;0;0;0;0;0;-38,553161;-3,804543
278193;3;3;2016;13:12;0;RUA PRO MOREIRA DE SOUSA (PASSARE);;;461;;Colisão;Luz do Dia;;;Meio de Quadra;;;0;1;0;0;0;0;0;0;0;1;0;0;;
278190;3;3;2016;12:51;0;AV SEN FERNANDES TAVORA;;;44;EXTRA;Colisão;Luz do Dia;;;Meio de Quadra;;;0;1;0;1;0;0;0;0;0;1;0;0;-38,571286;-3,768776
278196;3;3;2016;13:14;0;RUA GAL RABELO;;;447;;Colisão;Luz do Dia;;;Meio de Quadra;;;0;1;0;1;0;0;0;0;0;1;0;0;-38,606536;-3,806856
278198;3;3;2016;13:21;0;AV ENG LEAL LIMA VERDE (SAPIRANGA/COITE);;;2130;;Colisão;Luz do Dia;;;Meio de Quadra;;;0;1;0;1;0;0;0;0;0;1;0;0;-38,474726;-3,807035
278210;3;3;2016;14:28;0;AV ALBERTO CRAVEIRO;;;2505;;Colisão;Luz do Dia;;;Meio de Quadra;;;0;1;1;1;0;0;0;0;0;1;0;0;-38,520758;-3,802234
278200;3;3;2016;13:56;0;AV AGUANAMBI;;;;;Colisão;Luz do Dia;;;Meio de Quadra;;;0;1;0;1;0;0;0;0;0;1;0;0;;
278219;3;3;2016;15:14;0;RUA FRE ODILON;;;1670;;Queda;Luz do Dia;;;Meio de Quadra;;;0;2;0;0;0;0;0;0;0;1;0;0;;
278223;3;3;2016;16:08;0;AV PERIMETRAL;;;144;CSU;Queda;Luz do Dia;;;Meio de Quadra;;;0;1;0;0;0;0;0;0;0;1;0;0;-38,58238;-3,753308
278225;3;3;2016;17:42;0;AV DOLOR BARREIRA;;;380;;Queda;Anoitecer;;;Meio de Quadra;;;0;1;0;0;0;0;0;0;0;1;0;0;-38,473209;-3,728023
282983;3;3;2016;10:55;0;RUA VALPARAISO;;;1064;;Colisão;Luz do Dia;;;Meio de Quadra;;;0;1;1;1;0;0;0;0;0;1;0;0;-38,528472;-3,842016
282991;3;3;2016;11:19;3820;AV 13 DE MAIO;AV CARAPINIMA;;;;Colisão;Luz do Dia;;;Cruz;Semáforo;Comercial;0;0;2;0;0;0;0;0;0;0;0;0;-38,540239;-3,740001
282992;3;3;2016;11:21;0;AV DR SILAS MUNGUBA;;;6453;;Colisão;Luz do Dia;;;Meio de Quadra;;;0;0;2;0;0;0;0;0;0;0;0;0;;
282993;3;3;2016;11:25;0;RUA 20 DE ABRIL;;;1350;;Colisão;Luz do Dia;;;Meio de Quadra;;;0;0;2;0;0;0;0;0;0;0;0;0;;
282994;3;3;2016;11:25;0;RUA 20 DE ABRIL;;;1350;;Colisão;Luz do Dia;;;Meio de Quadra;;;0;0;2;0;0;0;0;0;0;0;0;0;;
282996;3;3;2016;11:40;15334;RUA CANUTO DE AGUIAR;RUA VICENTE LEITE;;;;Colisão;Luz do Dia;;;Cruz;Não Há Controle;Residencial;0;0;2;0;0;0;0;0;0;0;0;0;-38,493529;-3,731247
282989;3;3;2016;11:07;12697;RUA RAIMUNDO FROTA;AV CEL CARVALHO;;;;Colisão;Luz do Dia;;;Duplo T;Pare;Comercial;0;0;2;0;0;0;0;0;0;0;0;0;-38,588657;-3,714552
283001;3;3;2016;11:42;0;RUA PAISAGISTA;;;100;;Choque c/ Obstáculo Fixo;Luz do Dia;;;Meio de Quadra;;;0;0;1;0;0;0;0;0;0;0;0;0;;
283006;3;3;2016;11:47;0;AV PRS CASTELO BRANCO;;;;;Colisão;Luz do Dia;;;Meio de Quadra;;;0;0;2;0;0;0;0;0;0;0;0;0;;
283013;3;3;2016;11:59;0;AV BEZERRA DE MENEZES;;;100;;Colisão;Luz do Dia;;;Meio de Quadra;;;0;0;2;0;0;0;0;0;0;0;0;0;-38,546029;-3,73184
283019;3;3;2016;12:05;0;AV JOSE BASTOS;;;3506;;Colisão;Luz do Dia;;;Meio de Quadra;;;0;0;2;0;0;0;0;0;0;0;0;0;-38,550011;-3,749549
283021;3;3;2016;12:25;0;RUA PRO HERIBALDO COSTA;;;591;;Colisão;Luz do Dia;;;Meio de Quadra;;;0;0;2;0;0;0;0;0;0;0;0;0;-38,582664;-3,757769
283026;3;3;2016;13:28;5256;RUA DNA LEOPOLDINA;RUA COSTA BARROS;;;;Colisão;Luz do Dia;;;Cruz;Gesto;Residencial;0;0;2;0;0;0;0;0;0;0;0;0;-38,5186;-3,728094
283027;3;3;2016;13:34;25457;AV ALM MAXIMIANO DA FONSECA;RUA ALBERTO FEITOSA LIMA;;;;Colisão;Luz do Dia;;;T;Não Há Controle;Outros;0;0;2;0;0;0;0;0;0;0;0;0;-38,484423;-3,771502
283034;3;3;2016;14:13;0;AV ROGACIANO LEITE;;;409;;Colisão Traseira;Luz do Dia;;;Meio de Quadra;;;0;0;2;0;0;0;0;0;0;0;0;0;;
283040;3;3;2016;14:56;12757;RUA MAJ WEYNE;RUA DAMASCENO GIRAO;;;;Colisão;Luz do Dia;;;;;;0;0;2;0;0;0;0;0;0;0;0;0;-38,540018;-3,752487
283037;3;3;2016;14:34;0;RUA CON DE CASTRO;;;1780;;Colisão;Luz do Dia;;;Meio de Quadra;;;0;0;2;0;0;0;0;0;0;0;0;0;-38,574697;-3,786383
283038;3;3;2016;14:53;15305;RUA SILVA JATAHY;AV SEN VIRGILIO TAVORA;;;;Colisão;Luz do Dia;;;Cruz;Pare;Comercial;0;0;3;0;0;0;0;0;0;0;0;0;-38,490954;-3,729898
283051;3;3;2016;15:52;0;RUA TOMAS CAVALCANTE;;;;;Colisão;Luz do Dia;;;Meio de Quadra;;;0;0;2;0;0;0;0;0;0;0;0;0;;
283052;3;3;2016;16:08;0;RUA PDE PEDRO DE ALENCAR;;;;;Colisão;Luz do Dia;;;Meio de Quadra;;;0;0;2;0;0;0;0;0;0;0;0;0;;
283053;3;3;2016;16:21;0;RUA MON CATAO;;;1463;;Colisão;Luz do Dia;;;Meio de Quadra;;;0;0;2;0;0;0;0;0;0;0;0;0;;
283054;3;3;2016;17:00;3785;RUA ADOLFO HERBSTER;RUA WALDERY UCHOA;;;;Engavetamento;Anoitecer;;;Cruz;Pare;Residencial;0;0;2;0;0;0;0;0;0;0;0;0;-38,539914;-3,745159
283055;3;3;2016;17:14;7839;RUA ASSIS CHATEAUBRIAND;RUA OSVALDO CRUZ (ALDEOTA);;;;Colisão;Anoitecer;;;Cruz;Não Há Controle;Rural;0;0;2;0;0;0;0;0;0;0;0;0;-38,503671;-3,745999
283057;3;3;2016;17:14;17440;RUA ANTONIO FIUZA;RUA PRO TEODORICO;;;;Colisão;Anoitecer;;;Cruz;Pare;Residencial;0;0;2;0;0;0;0;0;0;0;0;0;-38,551898;-3,769303
283058;3;3;2016;17:15;0;AV DR SILAS MUNGUBA;;;;;Colisão;Anoitecer;;;Meio de Quadra;;;0;0;2;0;0;0;0;0;0;0;0;0;;
283059;3;3;2016;17:57;2738;RUA OSCAR FRANCA;RUA ITU;;;;Colisão;Anoitecer;;;Cruz;Não Há Controle;Residencial;0;0;2;0;0;0;0;0;0;0;0;0;-38,602642;-3,790923
283060;3;3;2016;18:21;0;RUA CAP GUSTAVO;;;;;Colisão;Anoitecer;;;;;;0;0;2;0;0;0;0;0;0;0;0;0;;
283061;3;3;2016;18:27;0;RUA BAR AQUIRAZ;;;;;Colisão;Anoitecer;;;Meio de Quadra;;;0;0;2;0;0;0;0;0;0;0;0;0;;
283063;3;3;2016;18:31;0;RUA VALPARAISO;;;;;Choque c/ Obstáculo Fixo;;;;Meio de Quadra;;;0;0;2;0;0;0;0;0;0;0;0;0;;
283066;3;3;2016;19:11;0;AV AGUANAMBI;;;;;Colisão;;;;Meio de Quadra;;;0;0;2;0;0;0;0;0;0;0;0;0;;
283067;3;3;2016;19:19;25097;AV ENG LEAL LIMA VERDE (SAPIRANGA/COITE);RUA EGIDIO DE OLIVEIRA;;;;Colisão;;;;Cruz;Não Há Controle;Residencial;0;0;2;0;0;0;0;0;0;0;0;0;-38,474438;-3,810421
283078;3;3;2016;19:51;17375;RUA ALAN KARDEC;AV JOSE DO PATROCINIO;;;;Colisão;;;;;;;0;0;2;0;0;0;0;0;0;0;0;0;-38,547462;-3,766831
277962;3;3;2016;01:04;0;RUA ANA BEZERRA;;;28;;Atropelamento;;;;Meio de Quadra;;;0;1;0;1;0;0;0;0;0;0;0;0;-38,516207;-3,748968
277976;3;3;2016;01:44;0;AV ALBERTO CRAVEIRO;;;2770;CASTELAO;Queda;;;;Meio de Quadra;;;0;2;0;0;0;0;0;0;0;1;0;0;-38,523255;-3,805335
277993;3;3;2016;02:22;5318;RUA PDE IBIAPINA;RUA GAL CLARINDO DE QUEIROZ;;;;Colisão;;;;Cruz;Pare;Comercial;0;1;0;0;0;0;0;0;0;1;0;0;-38,540084;-3,729518
277991;3;3;2016;01:53;0;AV SANTOS DUMONT;;;633;;Colisão;;;;Meio de Quadra;;;0;1;0;1;0;0;0;0;0;1;0;0;-38,517958;-3,729872
278074;3;3;2016;06:08;0;RUA JOAQUIM FELICIO;;;764;;Colisão;Luz do Dia;;;Meio de Quadra;;;0;1;0;1;0;0;0;0;0;1;0;0;-38,488074;-3,830609
278045;3;3;2016;05:16;0;AV DOS EXPEDICIONARIOS;;;8319;;Queda;Amanhecer;;;Meio de Quadra;;;0;1;0;0;0;0;0;0;0;1;0;0;;
278053;3;3;2016;18:30;0;AV SEN CARLOS JEREISSATI (AEROPORTO);;;;KM 02;Colisão;Anoitecer;Bom;Seca;Meio de Quadra;;;0;3;0;0;0;0;0;0;0;1;0;0;-38,535424;-3,782194
278054;3;3;2016;05:35;0;RUA FRANCISCO CALACA;;;385;;Colisão;Amanhecer;;;Meio de Quadra;;;0;1;1;1;0;0;0;0;0;1;0;0;-38,569595;-3,705258
278055;3;3;2016;22:25;0;RD CE-040;;;;KM-08;Colisão;Via Iluminada;Bom;Seca;Meio de Quadra;;;0;0;2;1;0;0;0;0;0;1;0;0;-38,483033;-3,817159
278070;3;3;2016;05:45;0;RUA VALPARAISO;;;1064;;Colisão;Amanhecer;;;Meio de Quadra;;;0;1;0;1;0;0;0;0;0;1;0;0;-38,528472;-3,842016
278071;3;3;2016;05:46;0;RUA FERREIRA LIMA;;;40;;Queda;Amanhecer;;;Meio de Quadra;;;0;1;0;0;0;0;0;0;0;1;0;0;;
278036;3;3;2016;05:13;0;AV DIOGUINHO;;;4189;HOTEL VILLA GALÉ;Colisão;Amanhecer;;;Meio de Quadra;;;0;1;0;1;0;0;0;0;0;1;0;0;-38,448646;-3,75036
278042;3;3;2016;05:14;0;AV SGT HERMINIO SAMPAIO;;;1047;;Colisão;Amanhecer;;;Meio de Quadra;;;0;1;0;1;0;0;0;0;0;1;0;0;-38,550068;-3,724618
278023;3;3;2016;03:56;0;RUA DEMOSTENES CARVALHO;;;272;;Colisão;;;;Meio de Quadra;;;0;1;0;1;0;0;0;0;0;1;0;0;-38,56014;-3,722057
278024;3;3;2016;04:05;0;AV DOMINGOS OLIMPIO;;;725;;Colisão;;;;Meio de Quadra;;;0;1;1;0;0;0;1;0;0;1;0;0;-38,530235;-3,737001
278010;3;3;2016;03:27;0;RUA PRO JOSE LEITE GONDIM;;;524;;Atropelamento;;;;Meio de Quadra;;;0;1;0;0;0;0;0;0;0;1;0;0;;
278011;3;3;2016;03:54;0;AV FRANCISCO SA;;;7200;;Colisão;;;;Meio de Quadra;;;0;1;0;1;0;0;0;0;0;1;0;0;-38,584;-3,707598
278004;3;3;2016;02:31;0;AV JOAO PESSOA;;;1630;;Colisão;;;;Meio de Quadra;;;0;1;1;1;0;0;0;0;0;1;0;0;;
278007;3;3;2016;03:22;9553;RUA CEL FABRICIANO;RUA BARRA VERMELHA;;;;Colisão;;;;;;Residencial;0;1;0;0;0;0;0;0;0;0;0;0;-38,612963;-3,781357
278122;3;3;2016;09:00;0;AV ROGACIANO LEITE;;;409;;Colisão;Luz do Dia;;;Meio de Quadra;;;0;1;0;1;0;0;0;0;0;0;0;0;;
278116;3;3;2016;07:14;0;RUA PRO HERIBALDO COSTA;;;672;;Colisão;Luz do Dia;;;Meio de Quadra;;;0;2;0;1;0;0;0;0;0;1;0;0;;
278110;3;3;2016;07:13;0;AV JOSE BASTOS;;;3506;;Colisão;Luz do Dia;;;Meio de Quadra;;;0;2;0;0;0;0;1;0;0;1;0;0;-38,550011;-3,749549
278076;3;3;2016;06:14;0;AV DR SILAS MUNGUBA;;;5454;;Atropelamento;Luz do Dia;;;Meio de Quadra;;;0;1;1;0;0;0;0;0;0;1;0;0;;
278100;3;3;2016;06:22;15334;RUA CANUTO DE AGUIAR;RUA VICENTE LEITE;;;;Colisão;Luz do Dia;;;Cruz;Não Há Controle;Residencial;0;1;0;1;0;0;0;0;0;1;0;0;-38,493529;-3,731247
278164;3;3;2016;11:53;0;RUA URUCUTUBA;;;2550;;Colisão;Luz do Dia;;;Meio de Quadra;;;0;1;0;1;0;0;0;0;0;1;0;0;-38,621331;-3,798966
278169;3;3;2016;12:24;0;RUA BAR AQUIRAZ;;;643;;Colisão;Luz do Dia;;;Meio de Quadra;;;0;1;0;1;0;0;0;0;0;1;0;0;-38,489449;-3,834889
278166;3;3;2016;11:55;22981;AV DR SILAS MUNGUBA;RUA ANTONIO BOTELHO;;;;Colisão;Luz do Dia;;;T;Não Há Controle;Outros;0;1;0;1;0;0;0;0;0;1;0;0;-38,550933;-3,786011
278167;3;3;2016;11:58;0;RD BR 116;;;10000;KM-10;Atropelamento;Luz do Dia;;;Meio de Quadra;;;0;1;0;1;0;0;0;0;0;0;0;0;-38,503373;-3,834435
278171;3;3;2016;12:35;0;RUA VALPARAISO;;;;;Colisão;Luz do Dia;;;Meio de Quadra;;;0;1;0;0;0;0;0;0;0;0;0;0;;
278160;3;3;2016;11:52;0;RUA FRE VICENTE SALVADOR;;;1428;;Colisão;Luz do Dia;;;Meio de Quadra;;;0;1;0;1;0;0;0;0;0;1;0;0;-38,543194;-3,768999
278177;3;3;2016;12:43;0;RUA GAL POTIGUARA;;;1935;;Colisão;Luz do Dia;;;Meio de Quadra;;;0;1;0;1;0;0;0;0;0;1;0;0;;
278151;3;3;2016;11:39;0;RUA 2 CJ T JEREISSATI;;;618;;Colisão;Luz do Dia;;;Meio de Quadra;;;0;1;0;0;0;0;0;0;0;0;0;0;-38,504401;-3,776354
278146;3;3;2016;11:09;0;AV MR HULL;;;4224;IGREJA CATOLICA;Colisão;Luz do Dia;;;Meio de Quadra;;;0;1;0;0;0;0;0;0;0;0;0;0;-38,582227;-3,738293
278157;3;3;2016;11:40;0;RUA BOM JESUS (GRANJA LISBOA);;;3077;;Queda;Luz do Dia;;;Meio de Quadra;;;0;1;0;0;0;0;0;0;0;1;0;0;;
278148;3;3;2016;11:20;0;RUA PDE IBIAPINA;;;1387;;Atropelamento;Luz do Dia;;;Meio de Quadra;;;0;1;0;1;0;0;0;0;0;0;0;0;-38,540394;-3,727404
278143;3;3;2016;09:44;12757;RUA MAJ WEYNE;RUA DAMASCENO GIRAO;;;;Colisão;Luz do Dia;;;;;;0;1;0;1;0;0;0;0;0;1;0;0;-38,540018;-3,752487
278144;3;3;2016;10:14;0;RUA PDE MORORO;;;1297;;Colisão;Luz do Dia;;;Meio de Quadra;;;0;2;0;1;0;0;0;0;0;1;0;0;-38,538266;-3,728044
276027;3;3;2016;06:50;0;RD BR 116;;;800;KM-01;Colisão Lateral;Luz do Dia;Bom;Seca;Meio de Quadra;;;0;2;0;1;0;0;0;0;0;1;0;0;-38,50847;-3,793082
276034;3;3;2016;15:00;0;RD BR 116;;;300;KM-02;Atropelamento;Luz do Dia;Bom;Seca;Meio de Quadra;;;1;0;1;1;0;0;0;0;0;0;0;0;-38,5163975;-3,772578051
275232;3;3;2016;20:50;3219;RUA EMILIO DE MENESES;RUA ANSELMO NOGUEIRA;;;;Colisão Transversal;Via Iluminada;Chuva;Molhada;Cruz;Semáforo;Residencial;0;0;2;0;0;0;0;0;0;0;0;0;-38,587374;-3,78176
275233;4;3;2016;18:00;0;AV JOR THOMAZ COELHO;;;;;Colisão Transversal;Anoitecer;;;Meio de Quadra;Pare;Comercial;0;0;2;1;0;0;1;0;0;0;0;0;;
275260;4;3;2016;15:45;1482;AV RUI BARBOSA;RUA BARBARA DE ALENCAR;;;;Colisão Transversal;Luz do Dia;;;Cruz;Pare;Comercial;0;1;1;1;0;0;0;0;1;0;0;0;-38,51046;-3,739191
275256;4;3;2016;15:00;25107;RUA DEMETRIO MENEZES;RUA JOAQUIM ALBANO;;;;Colisão Traseira;Luz do Dia;;;Duplo T;Pare;Comercial;0;0;3;1;1;0;0;1;0;0;0;0;-38,584096;-3,73591
275253;4;3;2016;18:00;0;AV GAL OSORIO DE PAIVA;;;412;;Colisão Traseira;Anoitecer;;;Meio de Quadra;;;0;0;2;1;1;0;0;0;0;0;0;0;-38,566378;-3,775582
275248;4;3;2016;15:24;0;RUA BAR RIO BRANCO;;;1330;;Colisão Lateral;Luz do Dia;;;Meio de Quadra;;;0;1;1;1;0;0;0;0;0;1;0;0;-38,529366;-3,729911
275268;4;3;2016;12:50;9126;AV VIS RIO BRANCO;RD BR 116;;;;Colisão Traseira;Luz do Dia;;;T;Não Há Controle;Residencial;0;0;2;1;0;0;0;0;0;1;0;0;-38,519417;-3,758673
275271;4;3;2016;12:00;17315;RUA DES PRAXEDES;RUA PDE JOAO PIAMARTA;;;;Colisão Transversal;Luz do Dia;;;Cruz;Pare;Residencial;0;2;1;1;0;0;0;0;0;1;0;0;-38,543546;-3,762866
275273;4;3;2016;08:00;0;RUA JOSE CARLOS GURGEL NOGUEIRA;;;;;;Luz do Dia;;;Meio de Quadra;;;0;0;2;1;0;0;0;0;0;0;0;0;;
275263;4;3;2016;14:58;0;RUA BENTO ALBUQUERQUE;;;50;;Colisão Lateral;Luz do Dia;;;Meio de Quadra;;;0;0;2;1;0;0;1;0;0;0;0;0;-38,488013;-3,742188
275276;4;3;2016;10:00;5468;RUA ANTONIO POMPEU;RUA BAR ARATANHA;;;;Colisão Transversal;Luz do Dia;;;Cruz;Semáforo;Residencial;0;0;2;1;0;0;0;0;0;0;0;0;-38,527351;-3,735826
275396;4;3;2016;19:40;0;AV PRO GOMES DE MATOS;;;2097;;Colisão Transversal;;;;Meio de Quadra;;;0;0;2;1;1;0;0;0;0;0;0;0;;
275392;4;3;2016;16:00;0;RUA BOTELHO MAGALHAES;;;65;;Colisão Lateral;Luz do Dia;;;Meio de Quadra;;;0;0;2;1;0;0;0;0;0;0;0;0;-38,491158;-3,795946
275393;4;3;2016;09:00;26077;AV JOSE JATAHY;AV DUQ CAXIAS;;;;Colisão Lateral;Luz do Dia;;;T;Pare;Comercial;0;0;2;1;0;0;1;0;0;0;0;0;;
275394;4;3;2016;16:00;0;AV BORGES DE MELO;;;889;;Colisão Lateral;Luz do Dia;;;Meio de Quadra;;;0;2;1;1;0;0;0;0;0;1;0;0;-38,526967;-3,760587
275373;4;3;2016;14:00;0;RUA CARNAUBAL;;;351;;Colisão Transversal;Luz do Dia;;;Meio de Quadra;;;0;0;2;1;0;0;1;0;0;0;0;0;;
275376;4;3;2016;10:10;0;AV CONTORNO (CASTELÃO);;;;;Colisão Lateral;Luz do Dia;;;Meio de Quadra;;;0;0;2;0;0;0;1;0;0;1;0;0;;
275389;4;3;2016;08:00;11285;RUA FRANCISCO GLICERIO;RUA CARLOS STUDART;;;;Colisão Transversal;Luz do Dia;;;Cruz;Pare;Comercial;0;1;1;0;0;0;0;0;0;1;0;0;-38,5689;-3,796234
275390;4;3;2016;16:50;0;AV PRS COSTA E SILVA;;;;;Colisão Lateral;Luz do Dia;;;Meio de Quadra;;;0;0;2;1;0;0;0;0;0;0;0;0;;
275354;4;3;2016;08:30;0;AV EDILSON B SOARES;;;1955;;Colisão Traseira;Luz do Dia;;;Meio de Quadra;;;0;0;3;1;0;0;0;0;0;0;0;0;-38,468515;-3,788418
275361;4;3;2016;11:00;0;AV EDILSON B SOARES;;;1520;;Colisão Traseira;Luz do Dia;;;Meio de Quadra;;;0;2;1;1;0;0;0;0;0;0;0;0;-38,472722;-3,788775
275364;4;3;2016;10:00;0;AV PRS COSTA E SILVA;;;6941;;Colisão Lateral;Luz do Dia;;;Meio de Quadra;;;0;1;1;0;1;0;0;0;0;1;0;0;;
275368;4;3;2016;09:30;1285;AV DOM LUIS;RUA VIS MAUA;;;;Colisão Lateral;Luz do Dia;;;Cruz;Pare;Comercial;0;0;2;1;1;0;0;0;0;0;0;0;-38,49839;-3,732923
275347;4;3;2016;07:45;1658;RUA MON CATAO;RUA BENI DE CARVALHO;;;;Colisão Frontal;Luz do Dia;;;Cruz;Pare;Comercial;0;0;2;1;0;0;0;0;0;0;0;0;-38,493113;-3,746618
275323;4;3;2016;11:50;0;AV ROGACIANO LEITE;;;2001;APAE;Atropelamento;Luz do Dia;;;Meio de Quadra;;;0;2;0;0;0;0;0;0;0;1;0;0;-38,498551;-3,772065
275340;4;3;2016;11:30;1441;AV SANTOS DUMONT;RUA PRO DIAS DA ROCHA;;;;Colisão Transversal;Luz do Dia;;;Cruz;Pare;Comercial;0;0;2;1;0;0;0;0;0;0;0;0;-38,492502;-3,738113
275326;4;3;2016;10:00;25125;RUA DNA LEOPOLDINA;RUA ROCHA LIMA;;;;Colisão Transversal;Luz do Dia;;;Cruz;Pare;Residencial;0;0;2;1;0;0;0;0;0;0;0;0;-38,521427;-3,736665
275313;4;3;2016;19:40;9240;RUA MARIO MAMEDE;RUA DEP OSWALDO STUDART;;;;Colisão Traseira;;;;Cruz;Semáforo;Residencial;0;1;1;1;0;1;0;0;0;0;0;0;-38,527367;-3,752752
275315;4;3;2016;09:00;5191;AV DOM MANUEL;RUA PEREIRA FILGUEIRAS;;;;Colisão;Luz do Dia;;;Cruz;Semáforo;Comercial;0;1;1;1;0;0;0;0;1;0;0;0;-38,520338;-3,725943
275307;4;3;2016;18:15;24287;RUA TAVARES COUTINHO;RUA CASTRO MONTE;;;;Colisão Transversal;Anoitecer;;;Cruz;Pare;Residencial;0;0;2;1;0;0;0;0;1;0;0;0;-38,486062;-3,732564
275310;4;3;2016;19:30;263;RUA GAL PIRAGIBE;RUA ABILIO MARTINS;;;;Colisão Transversal;;;;Cruz;Pare;Residencial;0;0;2;1;0;0;0;0;0;0;0;0;-38,557198;-3,741488
275299;4;3;2016;;2614;AV CEL CARVALHO;RUA DES HERMES PARAHYBA;;;;Colisão Transversal;;;;Cruz;Semáforo;Misto;0;0;2;1;0;0;0;0;0;0;0;0;-38,58883;-3,713855
275293;4;3;2016;22:00;15359;RUA PEREIRA VALENTE;RUA VICENTE LEITE;;;;Colisão;;;;Cruz;Pare;Comercial;0;0;2;1;0;0;0;0;0;0;0;0;-38,494152;-3,733201
275284;4;3;2016;08:45;0;RUA 15 DE NOVEMBRO;;;923;;Colisão Lateral;Luz do Dia;;;Meio de Quadra;;;0;0;2;0;1;0;0;0;0;1;0;0;-38,552051;-3,770314
278314;4;3;2016;07:44;0;AV DES MOREIRA;;;1500;HOSPITAL DO EXERCITO;Colisão;Luz do Dia;;;Meio de Quadra;;;0;1;0;1;0;0;0;0;0;1;0;0;-38,499189;-3,738888
278311;4;3;2016;07:03;9126;AV VIS RIO BRANCO;RD BR 116;;;;Colisão;Luz do Dia;;;T;Não Há Controle;Residencial;0;1;0;1;0;0;0;0;0;1;0;0;-38,519417;-3,758673
278322;4;3;2016;09:53;0;RD BR 116;;;7000;KM-07;Colisão;Luz do Dia;;;Meio de Quadra;;;0;1;0;1;0;1;0;0;0;0;0;0;-38,501101;-3,813246
278302;4;3;2016;06:44;0;AV MR HULL;;;4510;VIADUTO;Queda;Luz do Dia;;;Meio de Quadra;;;0;1;0;0;0;0;0;0;0;1;0;0;-38,585443;-3,738726
278376;4;3;2016;16:45;22019;RUA PAPI JUNIOR;RUA TIRADENTES;;;;Queda;Luz do Dia;;;;;;0;1;0;0;0;0;0;0;0;1;0;0;-38,548661;-3,742487
278371;4;3;2016;16:11;0;RUA AMBROSIO DE CARVALHO;;;776;;Queda;Luz do Dia;;;Meio de Quadra;;;0;1;0;0;0;0;0;0;0;1;0;0;;
278366;4;3;2016;15:56;0;AV SEN FERNANDES TAVORA;;;751;;Queda;Luz do Dia;;;Meio de Quadra;;;0;1;0;0;0;0;0;0;0;1;0;0;-38,579707;-3,763502
278364;4;3;2016;15:43;0;RUA NOSSA SRA DAS GRACAS;;;1113;;Colisão;Luz do Dia;;;Meio de Quadra;;;0;2;0;1;0;0;0;0;0;1;0;0;-38,559513;-3,708345
278360;4;3;2016;14:36;0;RUA EVILASIO A MIRANDA;;;1571;;Atropelamento;Luz do Dia;;;Meio de Quadra;;;0;1;0;0;0;0;0;0;0;1;0;0;;
278332;4;3;2016;10:39;0;RUA BERNARDO MANUEL;;;8297;;Queda;Luz do Dia;;;Meio de Quadra;;;0;1;0;0;0;0;0;0;0;1;0;0;-38,549248;-3,791601
278348;4;3;2016;11:45;3324;RUA VIRIATO RIBEIRO;RUA URUGUAI;;;;Colisão;Luz do Dia;;;Cruz;Pare;Residencial;0;1;0;1;0;0;0;0;0;1;0;0;-38,563322;-3,748176
278354;4;3;2016;12:13;0;AV DR SILAS MUNGUBA;;;269;;Atropelamento;Luz do Dia;;;Meio de Quadra;;;0;1;0;0;0;0;0;0;0;0;0;0;-38,561779;-3,777602
278357;4;3;2016;14:20;0;AV N (CJ VILA VELHA);;;450;;Colisão;Luz do Dia;;;Meio de Quadra;;;0;1;0;0;0;0;0;0;0;0;0;0;;
278338;4;3;2016;11:42;23276;RUA GAL RABELO;RUA DIVINA;;;;Colisão;Luz do Dia;;;;;;0;2;0;1;0;0;0;0;0;1;0;0;-38,607438;-3,807898