COD_ACIDENTE;DIA;MES;ANO;HORA;INTERSECAO;LOG1;LOG2;LOG3;NUMERO;REFERENCIA;NATUREZA;ILUMINACAO;TEMPO;SUPERFICIEPISTA;TIPOCRUZAMENTO;CONTROLETRAFEGO;USOSOLO;MORTOS;FERIDOS;ILESOS;AUTOMOVEL;ONIBUS;BICICLETA;CAMINHAO;MICROONIBUS;CICLOMOTOR;MOTOCICLETA;TRACAOANIMAL;TREM;LONG;LAT
278334;4;3;2016;11:17;0;AV GAL OSORIO DE PAIVA;;;1127;FROTINHA DA PARANGABA;Colisão;Luz do Dia;;;Meio de Quadra;;;0;1;2;0;0;0;0;0;0;1;0;0;-38,572016;-3,779137
278335;4;3;2016;11:32;0;AV BORGES DE MELO;;;889;;Colisão;Luz do Dia;;;Meio de Quadra;;;0;1;0;1;0;0;0;0;0;1;0;0;-38,526967;-3,760587
276037;4;3;2016;04:30;0;RD BR 116;;;800;KM-01;Colisão Traseira;Via Iluminada;Bom;Seca;Meio de Quadra;;;0;1;1;1;0;0;0;0;0;0;0;0;-38,50847;-3,793082
276040;4;3;2016;16:35;0;RD BR 116;;;6000;KM-06;Colisão Frontal;Luz do Dia;Bom;Seca;Meio de Quadra;;;0;1;1;0;1;0;0;0;0;0;0;0;-38,503053;-3,804691
276156;4;3;2016;13:10;0;RD BR 222;;;;KM-05;Colisão Transversal;Luz do Dia;Bom;Seca;Meio de Quadra;;;0;2;1;1;0;0;0;0;0;1;0;0;;
278075;4;3;2016;12:00;0;AV SEN CARLOS JEREISSATI (AEROPORTO);;;;KM 02;Tombamento;Luz do Dia;Bom;Seca;Meio de Quadra;;;0;1;0;0;0;0;0;0;0;1;0;0;-38,535424;-3,782194
275397;4;3;2016;21:00;23791;RUA COSTA FREIRE;RUA RAIMUNDO NERY;;;;Colisão Transversal;;;;Cruz;Pare;Residencial;0;1;1;0;1;0;0;0;0;1;0;0;-38,586423;-3,794144
275401;4;3;2016;07:35;1536;AV SEN VIRGILIO TAVORA;RUA PAULA NEI;;;;Colisão Lateral;Luz do Dia;;;;Pare;;0;0;2;0;0;0;0;0;0;0;0;0;-38,494423;-3,740746
275399;4;3;2016;10:50;0;AV SANTOS DUMONT;;;5229;;Colisão Traseira;Luz do Dia;;;Meio de Quadra;;;0;0;3;1;0;0;0;0;0;0;0;0;-38,484972;-3,740555
283080;4;3;2016;04:36;0;AV DES MOREIRA;;;1500;;Choque c/ Obstáculo Fixo;;;;Meio de Quadra;;;0;0;1;0;0;0;0;0;0;0;0;0;-38,499189;-3,738888
283081;4;3;2016;07:32;0;RUA JULIO BRAGA;;;;;Colisão;Luz do Dia;;;Meio de Quadra;;;0;0;1;0;0;0;0;0;0;0;0;0;;
283083;4;3;2016;07:53;25008;RUA TEODOMIRO DE CASTRO;RUA SILVIO ROMERO;;;;Colisão;Luz do Dia;;;Cruz;Pare;Residencial;0;0;2;0;0;0;0;0;0;0;0;0;-38,570794;-3,719538
283089;4;3;2016;10:15;0;AV EDILSON B SOARES;;;;;Colisão;Luz do Dia;;;Meio de Quadra;;;0;0;2;0;0;0;0;0;0;0;0;0;;
283090;4;3;2016;10:17;0;LOGRADOURO SEM NOME;;;;;Colisão;Luz do Dia;;;Meio de Quadra;;;0;0;2;0;0;0;0;0;0;0;0;0;;
283093;4;3;2016;11:01;0;RUA ALBERTO MAGNO;;;597;;Colisão;Luz do Dia;;;Meio de Quadra;;;0;0;2;1;0;0;0;0;0;0;0;0;-38,546498;-3,76089
283096;4;3;2016;11:29;0;AV SEN FERNANDES TAVORA;;;;;Colisão;Luz do Dia;;;Meio de Quadra;;;0;0;2;0;0;0;0;0;0;0;0;0;;
283097;4;3;2016;11:43;13602;AV ROGACIANO LEITE;RUA DR THOMPSON BULCAO;;;;Colisão;Luz do Dia;;;Cruz;Semáforo Intermitente;Comercial;0;0;2;0;0;0;0;0;0;0;0;0;-38,496968;-3,767788
283098;4;3;2016;11:58;0;RUA PDE PERDIGAO SAMPAIO;;;;;Colisão;Luz do Dia;;;Meio de Quadra;;;0;0;2;0;0;0;0;0;0;0;0;0;;
283099;4;3;2016;11:59;0;RUA VINTE E QUATRO DE MAIO;;;;;Colisão;Luz do Dia;;;Meio de Quadra;;;0;0;2;0;0;0;0;0;0;0;0;0;;
283101;4;3;2016;13:00;13594;RUA CAP GUSTAVO;AV PONTES VIEIRA;;;;Colisão;Luz do Dia;;;Cruz;Semáforo;Comercial;0;0;2;0;0;0;0;0;0;0;0;0;-38,517125;-3,753153
283102;4;3;2016;13:43;0;AV VIS RIO BRANCO;;;2421;;Colisão;Luz do Dia;;;Meio de Quadra;;;0;0;2;0;0;0;0;0;0;0;0;0;-38,522838;-3,742139
283104;4;3;2016;14:34;0;AV FRANCISCO SA;;;;;Colisão;Luz do Dia;;;Meio de Quadra;;;0;0;2;0;0;0;0;0;0;0;0;0;;
283105;4;3;2016;15:01;0;RUA CEL MATOS DOURADO;;;;;Colisão;Luz do Dia;;;Meio de Quadra;;;0;0;2;0;0;0;0;0;0;0;0;0;;
283112;4;3;2016;15:32;0;AV SEN FERNANDES TAVORA;;;;;Colisão;Luz do Dia;;;Meio de Quadra;;;0;0;2;0;0;0;0;0;0;0;0;0;;
283114;4;3;2016;15:54;23372;AV PONTES VIEIRA;RUA FRE VIDAL;;;;Colisão;Luz do Dia;;;;Não Há Controle;Comercial;0;0;2;0;0;0;0;0;0;0;0;0;-38,518209;-3,753282
283115;4;3;2016;15:55;0;RUA RIO BRANCO;;;1330;;Colisão;Luz do Dia;;;Meio de Quadra;;;0;0;2;0;0;0;0;0;0;0;0;0;-38,56262;-3,757557
283130;4;3;2016;16:22;0;AV ENG SANTANA JUNIOR;;;3700;;Colisão;Luz do Dia;;;Meio de Quadra;;;0;0;2;0;0;0;0;0;0;0;0;0;-38,490056;-3,749337
283132;4;3;2016;16:22;5051;RUA SEN JAGUARIBE;RUA SEN POMPEU;;;;Colisão;Luz do Dia;;;Cruz;Pare;Outros;0;0;2;0;0;0;0;0;0;0;0;0;-38,528055;-3,721667
283133;4;3;2016;16:53;0;LOGRADOURO SEM NOME;;;120;;Colisão;Luz do Dia;;;Meio de Quadra;;;0;0;2;0;0;0;0;0;0;0;0;0;;
283145;4;3;2016;17:08;0;AV JOR THOMAZ COELHO;;;;;Colisão;Anoitecer;;;Meio de Quadra;;;0;0;2;0;0;0;0;0;0;0;0;0;;
283146;4;3;2016;17:29;0;RUA POE MARIO LINHARES (J.WALTER);;;;;Colisão;Anoitecer;;;Meio de Quadra;;;0;0;2;0;0;0;0;0;0;0;0;0;;
283147;4;3;2016;17:59;25107;RUA DEMETRIO MENEZES;RUA JOAQUIM ALBANO;;;;Colisão;Anoitecer;;;Duplo T;Pare;Comercial;0;0;2;0;0;0;0;0;0;0;0;0;-38,584096;-3,73591
283153;4;3;2016;18:28;13521;AV RUI BARBOSA;RUA MARCONDES PEREIRA;;;;Colisão;Anoitecer;;;T;Pare;Residencial;0;0;2;0;0;0;0;0;0;0;0;0;;
283154;4;3;2016;18:59;3324;RUA VIRIATO RIBEIRO;RUA URUGUAI;;;;Colisão;;;;Cruz;Pare;Residencial;0;0;2;0;0;0;0;0;0;0;0;0;-38,563322;-3,748176
278229;4;3;2016;00:11;0;RUA AVILA GOULART;;;900;;Colisão;;;;Meio de Quadra;;;0;1;0;0;0;0;0;0;0;0;0;0;;
278233;4;3;2016;01:06;0;RD BR 116;;;;;Capotamento;;;;Meio de Quadra;;;0;2;0;1;0;0;0;0;0;0;0;0;;
278235;4;3;2016;01:43;0;RUA TEODOMIRO DE CASTRO;;;41;;Colisão;;;;Meio de Quadra;;;0;1;0;0;0;0;0;0;0;0;0;0;;
278244;4;3;2016;01:55;0;RUA JULIO BRAGA;;;881;;Colisão;;;;Meio de Quadra;;;0;1;0;1;0;0;0;0;0;1;0;0;-38,579069;-3,775942
278245;4;3;2016;02:07;0;AV PERIMETRAL;;;;VIADUTO ANTONIO BEZERRA;Colisão;;;;Meio de Quadra;;;0;1;0;0;0;0;0;0;0;0;0;0;;
278246;4;3;2016;02:23;0;AV CARNEIRO DE MENDONCA;;;;;Colisão;;;;Meio de Quadra;;;0;1;0;0;0;0;0;0;0;0;0;0;;
278281;4;3;2016;05:19;21770;AV GODOFREDO PIMENTEL;RUA JOAO TINOCO;;;;Colisão;Amanhecer;;;;;;0;1;0;1;0;1;0;0;0;0;0;0;-38,5905;-3,729093
278287;4;3;2016;05:42;0;RUA VALPARAISO;;;11;;Colisão;Amanhecer;;;Meio de Quadra;;;0;1;0;1;0;1;0;0;0;0;0;0;;
278293;4;3;2016;05:58;0;AV SEN CARLOS JEREISSATI (AEROPORTO);;;;;Queda;Amanhecer;;;Meio de Quadra;;;0;1;0;0;0;0;0;0;0;1;0;0;;
283167;4;3;2016;19:05;0;RUA MIN ALBUQUERQUE LIMA;;;1541;;Colisão;;;;Meio de Quadra;;;0;0;2;0;0;0;0;0;0;0;0;0;;
283180;4;3;2016;19:20;0;AV DR SILAS MUNGUBA;;;;;Colisão;;;;Meio de Quadra;;;0;0;2;0;0;0;0;0;0;0;0;0;;
283198;4;3;2016;19:53;0;AV PRO GOMES DE MATOS;;;2097;;Colisão;;;;Meio de Quadra;;;0;0;2;0;0;0;0;0;0;0;0;0;;
283200;4;3;2016;19:57;278;RUA GAL PIRAGIBE;RUA ROTARY;;;;;;;;Cruz;Pare;Residencial;0;0;2;0;0;0;0;0;0;0;0;0;-38,557053;-3,742184
283208;4;3;2016;20:23;0;RUA POMAR CARIOCA;;;;;Colisão;;;;Meio de Quadra;;;0;0;2;0;0;0;0;0;0;0;0;0;;
283209;4;3;2016;17:55;0;AV SEN FERNANDES TAVORA;;;;;Colisão;Anoitecer;;;Meio de Quadra;;;0;0;2;0;0;0;0;0;0;0;0;0;;
283212;4;3;2016;23:40;15309;RUA JOSE VILAR;RUA TEN BENEVOLO;;;;Colisão;;;;Cruz;Semáforo;Residencial;0;0;2;0;0;0;0;0;0;0;0;0;-38,502809;-3,730049
275195;4;3;2016;21:10;23772;RUA COSTA FREIRE;RUA ARAPONGA;;;;Colisão Lateral;;;;Cruz;Pare;Residencial;0;0;2;1;0;0;0;0;0;0;0;0;-38,577606;-3,784514
275197;4;3;2016;18:30;5052;RUA GAL SAMPAIO;RUA SEN JAGUARIBE;;;;Colisão Transversal;Anoitecer;;;Cruz;Pare;Comercial;0;2;1;1;0;1;0;0;0;0;0;0;-38,529141;-3,721297
275205;4;3;2016;16:40;0;AV JOAO PESSOA;;;3737;;Colisão Traseira;Luz do Dia;;;Meio de Quadra;;;0;0;2;1;0;0;0;0;0;0;0;0;-38,544658;-3,747085
275203;4;3;2016;15:00;0;AV DOMINGOS OLIMPIO;;;681;;Colisão Traseira;Luz do Dia;;;Meio de Quadra;;;0;0;2;1;0;0;0;0;0;0;0;0;-38,529842;-3,737113
275201;4;3;2016;20:30;5415;RUA GAL CLARINDO DE QUEIROZ;RUA FLORIANO PEIXOTO;;;;Colisão Lateral;;;;Cruz;Pare;Comercial;0;0;2;1;0;0;0;0;0;0;0;0;-38,529027;-3,733049
279683;4;3;2016;08:16;0;RUA STA MARIA GORETE;;;;;Colisão;Luz do Dia;;;Meio de Quadra;;;0;0;2;0;1;0;0;1;0;0;0;0;;
279876;5;3;2016;12:12;0;AV CASTELO DE CASTRO;;;;;Colisão;Luz do Dia;;;Meio de Quadra;;;0;0;2;1;0;0;1;0;0;0;0;0;;
279881;5;3;2016;12:13;0;AV HIS RAIMUNDO GIRAO;;;;;Colisão;Luz do Dia;;;Meio de Quadra;;;0;0;2;1;0;0;0;0;0;0;0;0;;
279870;5;3;2016;07:44;0;RUA CARLOS VASCONCELOS;;;;;Colisão;Luz do Dia;;;Meio de Quadra;;;0;0;2;1;0;0;0;0;0;0;0;0;;
275208;5;3;2016;16:20;0;AV DEP PAULINO ROCHA;;;3131;CASTELAO;Colisão Lateral;Luz do Dia;;;Meio de Quadra;;;0;1;1;1;0;0;0;0;0;1;0;0;-38,523807;-3,808405
275209;5;3;2016;07:30;23433;RUA MON SALAZAR;RUA PRO CARVALHO;;;;Colisão Transversal;Luz do Dia;;;Cruz;Pare;Residencial;0;0;2;1;0;0;0;0;0;0;0;0;-38,514308;-3,756146
275210;5;3;2016;15:00;0;AV JOVITA FEITOSA;;;3184;;Colisão Traseira;Luz do Dia;;;Meio de Quadra;;;0;0;2;1;0;0;0;0;0;0;0;0;-38,566292;-3,741898
275211;5;3;2016;17:00;15107;AV HIS RAIMUNDO GIRAO;RUA VIRGILIO VASCONCELOS;;;;Colisão Lateral;Anoitecer;;;T;Não Há Controle;Residencial;0;0;2;1;0;0;0;0;0;0;0;0;-38,507972;-3,722335
275212;5;3;2016;20:40;0;RUA MANUEL CASTELO BRANCO;;;357;;Colisão Lateral;;;;Meio de Quadra;;;0;0;2;1;0;0;0;0;0;0;0;0;-38,49191;-3,831922
275213;5;3;2016;09:00;0;AV PRS JUSCELINO KUBITSCHEK (PASSARÉ);;;4555;;Colisão Lateral;Luz do Dia;;;Meio de Quadra;;;0;0;2;1;0;0;1;0;0;0;0;0;-38,533667;-3,819068
275214;5;3;2016;07:50;5098;RUA SEN POMPEU;RUA CASTRO E SILVA;;;;Colisão Lateral;Luz do Dia;;;Cruz;Semáforo;Comercial;0;2;1;1;0;0;0;0;1;0;0;0;-38,528597;-3,723468
275215;5;3;2016;06:55;25043;AV CEL CARVALHO;RUA RIO TAPAJOS;;;;Colisão Lateral;Luz do Dia;;;T;Pare;Comercial;0;1;1;0;0;0;1;0;1;0;0;0;-38,590312;-3,708154
275216;5;3;2016;14:04;0;AV HERACLITO GRACA;;;148;;Colisão Traseira;Luz do Dia;;;Meio de Quadra;;;0;0;2;1;1;0;0;0;0;0;0;0;-38,52303;-3,733988
275217;5;3;2016;13:10;5460;AV HERACLITO GRACA;RUA NOGUEIRA ACIOLI;;;;Colisão Transversal;Luz do Dia;;;Cruz;Semáforo Intermitente;Comercial;0;0;2;1;0;0;0;0;0;0;0;0;;
275218;5;3;2016;15:00;12892;RUA BAR RIO BRANCO;AV DOMINGOS OLIMPIO;;;;Colisão Transversal;Luz do Dia;;;Cruz;Semáforo;Comercial;0;1;1;1;0;0;0;0;0;1;0;0;-38,531494;-3,736579
275219;5;3;2016;14:00;5283;AV SANTOS DUMONT;AV DOM MANUEL;;;;Colisão Lateral;Luz do Dia;;;Cruz;Semáforo;Comercial;0;2;1;1;0;0;1;0;0;0;0;0;-38,52125;-3,728774
285518;5;3;2016;06:30;21282;RUA FRANCISCO CORDEIRO;RUA MARCILIO DIAS;;;;Colisão;Luz do Dia;;;;;;1;0;1;1;0;0;0;0;0;1;0;0;-38,550353;-3,7119
283217;5;3;2016;06:24;0;RUA PRO COSTA MENDES;;;;;Colisão;Luz do Dia;;;Meio de Quadra;;;0;0;2;0;0;0;0;0;0;0;0;0;;
283218;5;3;2016;06:30;12954;RUA BERNARDO MANUEL;AV PRS COSTA E SILVA;;;;Colisão;Luz do Dia;;;Cruz;Semáforo;Comercial;0;0;2;0;0;0;0;0;0;0;0;0;-38,558276;-3,821079
283215;5;3;2016;05:44;0;AV SEN CARLOS JEREISSATI (AEROPORTO);;;;;Colisão;Amanhecer;;;Meio de Quadra;;;0;0;2;0;0;0;0;0;0;0;0;0;;
283223;5;3;2016;08:49;16081;RUA VALDEMAR FIGUEIREDO;RUA GODOFREDO OLIVEIRA;;;;Colisão;Luz do Dia;;;;;;0;0;2;0;0;0;0;0;0;0;0;0;-38,560587;-3,811753
283224;5;3;2016;09:05;0;AV A CJ CEARA;;;1273;;Colisão;Luz do Dia;;;Meio de Quadra;;;0;0;2;0;0;0;0;0;0;0;0;0;-38,605182;-3,772449
283226;5;3;2016;20:30;5112;RUA BAR RIO BRANCO;RUA CASTRO E SILVA;;;;Colisão;Luz do Dia;;;Cruz;Semáforo;Comercial;1;0;1;1;0;0;0;0;0;1;0;0;-38,527429;-3,723847
283230;5;3;2016;09:29;0;AV DOS EXPEDICIONARIOS;;;;;Colisão;Luz do Dia;;;Meio de Quadra;;;0;0;2;0;0;0;0;0;0;0;0;0;;
283232;5;3;2016;09:35;9572;RUA OLIVEIRA SOBRINHO;RUA JOSE TORRES;;;;Colisão;Luz do Dia;;;Cruz;Pare;Residencial;0;0;2;0;0;0;0;0;0;0;0;0;-38,606477;-3,777129
283235;5;3;2016;09:49;0;AV PRS CASTELO BRANCO;;;;;Colisão;Luz do Dia;;;Meio de Quadra;;;0;0;2;0;0;0;0;0;0;1;0;0;;
283236;5;3;2016;10:07;0;RUA RIO TOCANTINS;;;;;Colisão;Luz do Dia;;;Meio de Quadra;;;0;0;2;0;0;0;0;0;0;0;0;0;;
283239;5;3;2016;10:08;0;RUA JOSE NAPOLEAO;;;3450;;Colisão;Luz do Dia;;;Meio de Quadra;;;0;0;2;0;0;0;0;0;0;0;0;0;;
283244;5;3;2016;10:36;0;RUA CEL MATOS DOURADO;;;;;Colisão;Luz do Dia;;;Meio de Quadra;;;0;0;2;0;0;0;0;0;0;0;0;0;;
283247;5;3;2016;10:42;0;AV GOV RAUL BARBOSA;;;;;Colisão;Luz do Dia;;;Meio de Quadra;;;0;0;2;0;0;0;0;0;0;0;0;0;;
283249;5;3;2016;10:48;10430;RUA PERILIO TEIXEIRA;AV D CJ CEARA;;;;Colisão;Luz do Dia;;;T;Pare;Residencial;0;0;2;0;0;0;0;0;0;0;0;0;-38,602498;-3,763186
283254;5;3;2016;10:49;24226;RUA FAUSTO CABRAL;RUA DES WALDETARIO P MOTA;;;;Colisão;Luz do Dia;;;Cruz;Pare;Lazer;0;0;2;0;0;0;0;0;0;0;0;0;-38,478283;-3,733093
283256;5;3;2016;11:10;0;AV OLIVEIRA PAIVA;;;444;;Colisão;Luz do Dia;;;Meio de Quadra;;;0;0;2;0;0;0;0;0;0;0;0;0;-38,501296;-3,797777
283259;5;3;2016;11:13;25420;AV ALM HENRIQUE SABOIA;RUA PRO SILAS RIBEIRO;;;;Colisão;Luz do Dia;;;T;Semáforo Intermitente;Comercial;0;0;2;0;0;0;0;0;0;0;0;0;;
283261;5;3;2016;11:29;15165;AV HIS RAIMUNDO GIRAO;AV ABOLICAO;;;;Colisão;Luz do Dia;;;Cruz;Semáforo;Misto;0;0;2;0;0;0;0;0;0;0;0;0;-38,502412;-3,725111
283267;5;3;2016;12:46;4080;AV JOSE BASTOS;RUA CEARA;;;;Colisão;Luz do Dia;;;Cruz;Pare;;0;0;2;0;0;0;0;0;0;0;0;0;-38,564112;-3,760008
283271;5;3;2016;12:51;0;AV CASTELO DE CASTRO;;;201;;Colisão;Luz do Dia;;;Meio de Quadra;;;0;0;2;0;0;0;0;0;0;0;0;0;;
283272;5;3;2016;12:53;0;RUA SEN POMPEU;;;;;Colisão;Luz do Dia;;;Meio de Quadra;;;0;0;2;0;0;0;0;0;0;0;0;0;;
283274;5;3;2016;12:55;0;AV EDILSON B SOARES;;;;;Colisão;Luz do Dia;;;Meio de Quadra;;;0;0;2;0;0;0;0;0;0;0;0;0;;
283275;5;3;2016;13:10;0;AV DR THEBERGE;;;;;Colisão;Luz do Dia;;;Meio de Quadra;;;0;0;2;0;0;0;0;0;0;0;0;0;;
283281;5;3;2016;14:54;0;AV JOR THOMAZ COELHO;;;;;Colisão;Luz do Dia;;;Meio de Quadra;;;0;0;2;0;0;0;0;0;0;0;0;0;;
283282;5;3;2016;15:44;6733;AV ENG SANTANA JUNIOR;RUA ANDRADE FURTADO;;;;Colisão;Luz do Dia;;;T;Pare;Misto;0;0;2;0;0;0;0;0;0;0;0;0;-38,487269;-3,743312
283283;5;3;2016;15:56;0;AV ISABEL BEZERRA;;;;;Colisão;Luz do Dia;;;Meio de Quadra;;;0;0;2;0;0;0;0;0;0;0;0;0;;
283279;5;3;2016;14:37;0;AV DA INDEPENDENCIA;;;;;Colisão;Luz do Dia;;;Meio de Quadra;;;0;0;2;0;0;0;0;0;0;0;0;0;;
283300;5;3;2016;18:29;12631;AV CEL CARVALHO;RUA ABELARDO FERREIRA;;;;Colisão;Anoitecer;;;Outros;Outros;Residencial;0;0;2;0;0;0;0;0;0;0;0;0;-38,587509;-3,719122
283301;5;3;2016;18:39;0;AV GOV RAUL BARBOSA;;;;;Colisão;;;;Meio de Quadra;;;0;0;2;0;0;0;0;0;0;0;0;0;;
283303;5;3;2016;19:23;0;RUA TIBURCIO PEREIRA;;;420;;Colisão;;;;Meio de Quadra;;;0;0;2;0;0;0;0;0;0;0;0;0;-38,507601;-3,798842
283307;5;3;2016;19:41;0;RUA DEMETRIO MENEZES;;;;;Colisão;;;;Meio de Quadra;;;0;0;2;0;0;0;0;0;0;0;0;0;;
283309;5;3;2016;19:57;0;RUA ALAN KARDEC;;;698;;Colisão;;;;Meio de Quadra;;;0;0;2;0;0;0;0;0;0;0;0;0;-38,550997;-3,76401
283312;5;3;2016;20:55;0;RUA CON DE CASTRO;;;;;Colisão;;;;Meio de Quadra;;;0;0;2;0;0;0;0;0;0;0;0;0;;
283313;5;3;2016;20:57;0;RUA ADOLFO HERBSTER;;;;;Colisão;;;;Meio de Quadra;;;0;0;2;0;0;0;0;0;0;0;0;0;;
283314;5;3;2016;20:58;7913;AV ANTONIO SALES;RUA VIS MAUA;;;;Colisão;;;;Cruz;Pare;Comercial;0;0;2;0;0;0;0;0;0;0;0;0;-38,50242;-3,745429
278077;5;3;2016;09:10;0;RD CE-040;;;;KM-08;Colisão;Luz do Dia;Bom;Seca;Meio de Quadra;;;0;0;2;0;0;0;1;0;0;0;0;0;-38,483033;-3,817159
278408;5;3;2016;01:31;0;RUA 1020 CJ CEARA;;;;;Queda;;;;Meio de Quadra;;;0;2;0;0;0;0;0;0;0;1;0;0;;
278434;5;3;2016;03:08;0;AV ZEZE DIOGO;;;615;;Colisão;;;;Meio de Quadra;;;0;0;1;1;0;0;0;0;0;1;0;0;-38,466938;-3,712161
278436;5;3;2016;03:26;0;AV DR SILAS MUNGUBA;;;5006;;Queda;;;;Meio de Quadra;;;0;1;0;0;0;0;0;0;0;1;0;0;-38,531608;-3,797167
278447;5;3;2016;03:37;0;AV MACIEL BEZERRA;;;1990;;Atropelamento;;;;Meio de Quadra;;;0;1;0;0;0;0;0;0;0;1;0;0;;
278448;5;3;2016;03:38;7650;AV CARNEIRO DE MENDONCA;RUA BELO HORIZONTE;;;;Colisão;;;;Cruz;Pare;Misto;0;2;0;0;0;0;0;0;0;0;0;0;-38,567567;-3,763666
278449;5;3;2016;04:58;1370;RUA MARCOS MACEDO;RUA CEL JUCA;;;;Colisão;;;;Cruz;Pare;Misto;0;1;1;1;0;0;0;0;0;1;0;0;-38,490901;-3,736456
278450;5;3;2016;05:27;0;AV LINEU MACHADO;;;783;;Colisão;Amanhecer;;;Meio de Quadra;;;0;1;0;1;0;0;0;0;0;1;0;0;-38,577458;-3,766967
278451;5;3;2016;05:29;0;AV A CJ CEARA;;;;;Colisão;Amanhecer;;;Meio de Quadra;;;0;2;0;1;0;0;0;0;0;1;0;0;;
278418;5;3;2016;02:29;0;AV RAD JOSE LIMA VERDE;;;1268;;Colisão;;;;Meio de Quadra;;;0;1;0;1;0;0;0;0;0;1;0;0;-38,591564;-3,70342
278421;5;3;2016;03:03;0;RUA NEREU RAMOS;;;90;;Queda;;;;Meio de Quadra;;;0;1;0;0;0;0;0;0;0;1;0;0;-38,567807;-3,786887
278414;5;3;2016;02:18;0;AV PERIMETRAL;;;2410;;Colisão;;;;Meio de Quadra;;;0;1;0;1;0;0;0;0;0;1;0;0;;
278587;5;3;2016;15:27;0;RUA GERMANO FRANCK;;;375;;Colisão;Luz do Dia;;;Meio de Quadra;;;0;1;0;1;0;0;0;0;0;1;0;0;-38,559647;-3,775249
278608;5;3;2016;13:23;0;RUA ANTONIO POMPEU;;;410;;Colisão;Luz do Dia;;;Meio de Quadra;;;0;1;0;0;0;0;0;0;0;0;0;0;-38,527723;-3,735708
278610;5;3;2016;20:17;0;RUA JUVENAL GALENO;;;;;Colisão;;;;Meio de Quadra;;;0;2;0;0;0;0;0;0;0;0;0;0;;
278606;5;3;2016;17:45;0;RUA 2 CJ T JEREISSATI;;;638;;Queda;Anoitecer;;;Meio de Quadra;;;0;1;0;0;0;0;0;0;0;1;0;0;;
278615;5;3;2016;20:21;0;RUA CEL JOAO CORREIA;;;2228;;Colisão;;;;Meio de Quadra;;;0;1;0;1;0;0;0;0;0;1;0;0;-38,612105;-3,789342
278616;5;3;2016;20:41;0;RUA COLETORA A (MONDUBIM);;;303;;Queda;;;;Meio de Quadra;;;0;1;0;0;0;1;0;0;0;0;0;0;;
278619;5;3;2016;21:12;0;RUA FRANCISCO RAMOS;;;358;;Colisão;;;;Meio de Quadra;;;0;1;0;0;0;0;0;0;0;0;0;0;;
278596;5;3;2016;16:14;0;AV ALBERTO CRAVEIRO;;;507;MAKRO;Colisão;Luz do Dia;;;Meio de Quadra;;;0;1;0;1;0;0;0;0;0;1;0;0;-38,51591;-3,781154
278578;5;3;2016;14:45;0;AV CARAPINIMA;;;2018;;Atropelamento;Luz do Dia;;;Meio de Quadra;;;0;1;1;0;0;0;0;0;0;1;0;0;-38,538855;-3,738754
278572;5;3;2016;14:40;3236;RUA ACACIAS D34;RUA SOUSA CARVALHO;;;;Queda;Luz do Dia;;;;;;0;1;0;0;0;0;0;0;0;1;0;0;-38,59085;-3,782992
278570;5;3;2016;14:21;0;AV ALM MAXIMIANO DA FONSECA;;;1918;;Colisão;Luz do Dia;;;Meio de Quadra;;;0;1;0;1;0;0;0;0;0;1;0;0;;
278567;5;3;2016;12:56;10795;RUA TUPI D35;AV SEN FERNANDES TAVORA;;;;Colisão;Luz do Dia;;;Cruz;Semáforo;Misto;0;1;0;0;0;0;0;0;0;0;0;0;-38,58041;-3,76313
278568;5;3;2016;14:04;0;AV B CJ HAB ST SAO JOAO;;;171;;Colisão;Luz do Dia;;;Meio de Quadra;;;0;1;0;0;0;0;0;0;0;1;0;0;-38,518328;-3,848068
278561;5;3;2016;12:28;9567;RUA SGT JOAO PINHEIRO;RUA CEL FABRICIANO;;;;Colisão;Luz do Dia;;;Cruz;Não Há Controle;Residencial;0;1;0;1;0;0;0;0;0;1;0;0;-38,621724;-3,778965
278562;5;3;2016;12:32;0;AV ISABEL BEZERRA;;;420;;Atropelamento;Luz do Dia;;;Meio de Quadra;;;0;1;0;0;0;0;0;0;0;0;0;0;;
278540;5;3;2016;07:30;6958;RUA ALFREDO MAMEDE;ET SIQUEIRA;;;;Colisão;Luz do Dia;;;;;;0;2;0;0;1;0;0;0;0;0;0;0;-38,584762;-3,814
278546;5;3;2016;07:45;0;AV BENJAMIM BRASIL;;;1380;;Colisão;Luz do Dia;;;Meio de Quadra;;;0;2;0;1;0;0;0;0;0;0;0;0;-38,562804;-3,806241
278547;5;3;2016;09:09;0;AV SGT HERMINIO SAMPAIO;;;2180;;Colisão;Luz do Dia;;;Meio de Quadra;;;0;1;0;0;0;0;0;0;0;0;0;0;-38,560408;-3,726358
278549;5;3;2016;09:46;0;AV SEN CARLOS JEREISSATI (AEROPORTO);;;3000;AEROPORTO;Colisão;Luz do Dia;;;Meio de Quadra;;;0;1;0;1;0;1;0;0;0;0;0;0;-38,541414;-3,780382
278551;5;3;2016;11:11;0;AV CASTELO DE CASTRO;;;261;;Colisão;Luz do Dia;;;Meio de Quadra;;;0;1;0;1;0;0;0;0;0;1;0;0;;
278553;5;3;2016;11:57;0;RUA DR QUIXADA FELICIO;;;300;;Colisão;Luz do Dia;;;Meio de Quadra;;;0;1;0;0;0;0;0;0;0;0;0;0;;
278533;5;3;2016;06:08;0;RUA JOSE MENDONCA;;;100;;Colisão;Luz do Dia;;;Meio de Quadra;;;0;1;0;1;0;0;0;0;0;1;0;0;-38,602963;-3,761269
278534;5;3;2016;07:23;0;RUA SULAMITA PORTELA;;;226;;Colisão;Luz do Dia;;;Meio de Quadra;;;0;1;0;0;0;0;0;0;0;1;0;0;;
275294;5;3;2016;08:00;1250;AV BAR STUDART;RUA COSTA BARROS;;;;Colisão Lateral;Luz do Dia;;;Cruz;Semáforo;Comercial;0;0;2;1;0;0;0;0;0;0;0;0;-38,505837;-3,732231
275291;5;3;2016;13:00;0;AV OLIVEIRA PAIVA;;;2939;;Colisão Lateral;Luz do Dia;;;Meio de Quadra;;;0;0;2;1;1;0;0;0;0;0;0;0;-38,481169;-3,795829
275300;5;3;2016;08:05;23867;AV CESAR CALS;AV PRO MURILO DA SILVEIRA;;;;Colisão Transversal;Luz do Dia;;;Cruz;Não Há Controle;Residencial;0;1;1;1;0;0;0;0;0;1;0;0;;