COD_ACIDENTE;DIA;MES;ANO;HORA;INTERSECAO;LOG1;LOG2;LOG3;NUMERO;REFERENCIA;NATUREZA;ILUMINACAO;TEMPO;SUPERFICIEPISTA;TIPOCRUZAMENTO;CONTROLETRAFEGO;USOSOLO;MORTOS;FERIDOS;ILESOS;AUTOMOVEL;ONIBUS;BICICLETA;CAMINHAO;MICROONIBUS;CICLOMOTOR;MOTOCICLETA;TRACAOANIMAL;TREM;LONG;LAT
275301;5;3;2016;21:45;6818;RUA FRANCISCO MATOS;RUA DR GILBERTO STUDART;;;;Colisão;;;;Cruz;Pare;Residencial;0;1;2;1;0;0;0;0;0;0;0;0;-38,470191;-3,747084
275304;5;3;2016;12:10;0;AV BENJAMIM BRASIL;;;1426;;Colisão Traseira;Luz do Dia;;;Meio de Quadra;;;0;1;1;0;0;0;0;0;0;0;0;0;-38,562701;-3,806277
275297;5;3;2016;17:50;22167;AV JOSE BASTOS;RUA TAVARES IRACEMA;;;;Colisão Transversal;Anoitecer;;;T;Não Há Controle;Comercial;0;0;2;1;0;0;0;0;0;0;0;0;-38,55277;-3,752313
275309;5;3;2016;05:10;5091;RUA GAL SAMPAIO;RUA CASTRO E SILVA;;;;Colisão Lateral;Amanhecer;;;Cruz;Semáforo;Comercial;0;2;0;1;0;0;0;0;0;0;0;0;-38,52967;-3,723098
275306;5;3;2016;15:30;0;AV SANTOS DUMONT;;;6200;;Colisão Traseira;Luz do Dia;;;Meio de Quadra;;;0;0;2;1;0;0;0;0;0;0;0;0;-38,475998;-3,743439
275318;5;3;2016;10:10;0;RUA ANA GONCALVES;;;843;;Atropelamento;Luz do Dia;;;Meio de Quadra;;;0;1;1;1;0;0;0;0;0;0;0;0;-38,508573;-3,75918
275320;5;3;2016;10:45;0;AV ANTONIO JUSTA;;;3431;;Colisão Frontal;Luz do Dia;;;Meio de Quadra;;;0;0;2;1;0;0;0;0;0;0;0;0;;
275327;5;3;2016;20:00;13771;RUA LUIZA MIRANDA COELHO;AV PINTO BANDEIRA D56;;;;Colisão Transversal;;;;Cruz;Pare;Residencial;0;0;2;1;0;0;0;0;1;0;0;0;-38,487283;-3,774929
275328;5;3;2016;22:00;3819;AV CARAPINIMA;RUA JUVENAL GALENO;;;;Atropelamento;;;;Cruz;Semáforo;Comercial;1;1;0;0;0;0;0;0;0;1;0;0;-38,539176;-3,738998
275329;5;3;2016;02:40;0;RUA BERNARDO MANUEL;;;10738;;Colisão Traseira;;;;Meio de Quadra;;;0;0;2;1;0;0;0;0;0;0;0;0;-38,555854;-3,813236
275325;5;3;2016;13:00;22194;AV SGT HERMINIO SAMPAIO;RUA ERETIDES MARTINS;;;;Colisão Transversal;Luz do Dia;;;;;;0;2;0;0;0;0;0;0;0;1;0;0;-38,560489;-3,726371
275269;6;3;2016;19:30;0;RUA ANDRADE FURTADO;;;;;Colisão Lateral;Via Iluminada;Bom;Seca;Meio de Quadra;Não Há Controle;Residencial;0;0;3;1;0;0;0;0;0;0;0;0;;
275270;6;3;2016;17:30;0;RUA VALPARAISO;;;1198;;Colisão Lateral;Via Iluminada;Bom;Seca;Meio de Quadra;Não Há Controle;Residencial;0;1;1;1;0;0;0;0;0;0;0;0;-38,529349;-3,841288
275266;6;3;2016;23:10;3368;RUA AMAZONAS;RUA RIO GRANDE DO SUL;;;;Colisão Transversal;Via Iluminada;Bom;Seca;Cruz;Pare;Comercial;0;2;0;1;0;0;0;0;0;0;0;0;-38,564164;-3,753306
275262;6;3;2016;19:00;0;RUA CEL LINHARES;;;;;Colisão Lateral;Via Iluminada;Bom;Seca;Meio de Quadra;Não Há Controle;Residencial;0;1;1;0;0;0;0;0;0;1;0;0;;
275249;6;3;2016;06:15;7211;AV PRS CASTELO BRANCO;AV DR THEBERGE;;;;Colisão Transversal;Luz do Dia;Bom;Seca;Cruz;Semáforo;Comercial;0;1;1;1;0;0;0;0;0;0;0;0;-38,563456;-3,710079
275252;6;3;2016;09:30;0;RUA ABELARDO FERREIRA;;;;;Colisão Transversal;Luz do Dia;Bom;Seca;Meio de Quadra;Pare;Residencial;0;1;1;1;0;0;0;0;0;1;0;0;;
275244;6;3;2016;18:00;0;TR IDELFONSO;;;;;Colisão Traseira;Via Iluminada;Bom;Seca;Meio de Quadra;;Escola;0;0;2;0;0;0;0;0;0;0;0;0;;
275245;6;3;2016;19:00;25018;RUA TEODOMIRO DE CASTRO;RUA FRANCISCO CALACA;;;;Colisão Frontal;Via Iluminada;Bom;Seca;T;Pare;Comercial;0;1;1;0;0;0;0;0;0;1;0;0;-38,57438;-3,717748
275246;6;3;2016;18:50;0;RUA POMPILIO GOMES;;;1829;;Colisão Transversal;Via Iluminada;Bom;Seca;Meio de Quadra;Pare;Comercial;0;1;1;1;0;0;0;0;0;1;0;0;-38,521232;-3,827836
275254;6;3;2016;07:50;0;RUA METON DE ALENCAR;;;1757;;Colisão Lateral;;Bom;;Meio de Quadra;;Comercial;0;0;2;1;0;0;0;0;0;1;0;0;-38,539293;-3,730845
275257;6;3;2016;04:50;17308;RUA ALM RUFINO;RUA ARTUR FERREIRA;;;;Colisão Transversal;Amanhecer;Bom;Seca;Cruz;Pare;;0;0;2;1;0;0;0;0;0;0;0;0;-38,544716;-3,764223
275259;6;3;2016;16:20;0;AV PRO JOSE ARTHUR CARVALHO;;;1750;;Colisão Traseira;Luz do Dia;Bom;Seca;Meio de Quadra;Não Há Controle;Escola;0;1;1;0;0;0;1;0;0;1;0;0;-38,464078;-3,825955
275236;6;3;2016;10:19;0;RUA FRANCISCO TEIXEIRA DE ALCANTARA;;;;;Outros;Luz do Dia;Bom;Seca;Meio de Quadra;Não Há Controle;Comercial;0;0;2;1;0;0;0;0;0;1;0;0;;
275241;6;3;2016;06:45;24969;AV ALM HENRIQUE SABOIA;AV PDE ANTONIO TOMAS;;;;Colisão Transversal;Luz do Dia;Bom;Seca;Cruz;Semáforo;Residencial;0;2;0;0;0;0;0;0;1;1;0;0;-38,489455;-3,743493
275238;6;3;2016;09:00;10050;RUA VITAL BRASIL;RUA BRAGANCA;;;;Colisão Traseira;Luz do Dia;Bom;Seca;Com Via Férrea;Pare;Misto;0;0;2;1;0;0;0;0;0;1;0;0;-38,595995;-3,77858
278620;6;3;2016;00:35;0;RUA GABRIEL FIUZA;;;280;;Atropelamento;;;;Meio de Quadra;;;0;1;0;0;0;0;0;0;0;0;0;0;-38,579214;-3,787719
278624;6;3;2016;00:37;0;RUA DIOGO CORREIA;;;329;;Colisão;;;;Meio de Quadra;;;0;1;0;1;0;0;0;0;0;1;0;0;-38,590069;-3,771071
278632;6;3;2016;00:56;7211;AV PRS CASTELO BRANCO;AV DR THEBERGE;;;;Colisão;;;;Cruz;Semáforo;Comercial;0;2;0;1;0;0;0;0;0;1;0;0;-38,563456;-3,710079
278633;6;3;2016;01:20;0;AV SANTOS DUMONT;;;7000;;Queda;;;;Meio de Quadra;;;0;2;0;0;0;0;0;0;0;1;0;0;-38,470056;-3,745371
278626;6;3;2016;00:49;0;RUA MARIA TOMASIA;;;;;Colisão;;;;Meio de Quadra;;;0;1;0;1;0;0;0;0;0;0;0;0;;
278646;6;3;2016;02:02;0;AV JOSE BASTOS;;;5000;TERMINAL LAGOA;Colisão;;;;Meio de Quadra;;;0;1;0;0;0;0;0;0;0;0;0;0;-38,570573;-3,770531
278647;6;3;2016;02:08;0;RUA SATIRO DIAS;;;179;;Colisão;;;;Meio de Quadra;;;0;2;0;1;0;0;0;0;0;0;0;0;-38,546369;-3,763066
278636;6;3;2016;01:26;0;AV CEL CARVALHO;;;;;Colisão;;;;Meio de Quadra;;;0;1;0;1;0;0;0;0;0;1;0;0;;
278637;6;3;2016;01:34;26236;AV DR SILAS MUNGUBA;RUA BERNARDO MANUEL;;;;Colisão;;;;Cruz;Semáforo;Comercial;0;1;0;1;0;0;0;0;0;1;0;0;-38,54796;-3,787538
278638;6;3;2016;01:36;0;AV DR THEBERGE;;;;;Colisão;;;;Meio de Quadra;;;0;1;0;1;0;0;0;0;0;1;0;0;;
278639;6;3;2016;01:38;0;AV GAL OSORIO DE PAIVA;;;6700;;Atropelamento;;;;Meio de Quadra;;;1;0;1;1;0;0;0;0;0;0;0;0;-38,609563;-3,812482
278640;6;3;2016;01:39;0;AV D CJ JOSE WALTER;;;541;;Colisão;;;;Meio de Quadra;;;0;1;0;1;0;0;0;0;0;1;0;0;-38,557745;-3,831006
278641;6;3;2016;01:43;0;AV DR SILAS MUNGUBA;;;1297;;Atropelamento;;;;Meio de Quadra;;;0;2;1;1;0;0;0;0;0;0;0;0;-38,55466;-3,782923
278686;6;3;2016;05:59;0;AV PRS COSTA E SILVA;;;4587;;Colisão;Amanhecer;;;Meio de Quadra;;;0;2;0;0;0;0;0;0;0;0;0;0;-38,539331;-3,825712
278687;6;3;2016;08:28;0;AV GAL OSORIO DE PAIVA;;;8299;;Colisão;Luz do Dia;;;Meio de Quadra;;;0;1;0;0;0;0;0;0;0;1;0;0;-38,620468;-3,823676
278689;6;3;2016;08:42;0;AV PONTES VIEIRA;;;340;;Colisão;Luz do Dia;;;Meio de Quadra;;;0;1;1;1;0;0;0;0;0;1;0;0;-38,517206;-3,753162
278683;6;3;2016;05:15;0;RUA PRO GOMES BRASIL;;;201;;Colisão;Amanhecer;;;Meio de Quadra;;;0;1;0;1;0;0;0;0;0;1;0;0;-38,567652;-3,774031
278649;6;3;2016;02:11;0;AV JOAO PESSOA;;;6933;;Colisão;;;;Meio de Quadra;;;0;1;0;1;0;0;0;0;0;1;0;0;-38,561088;-3,770339
278666;6;3;2016;03:36;0;AV WASHINGTON SOARES;;;85;IGUATEMI;Queda;;;;Meio de Quadra;;;0;1;0;0;0;1;0;0;0;0;0;0;-38,488583;-3,757674
278668;6;3;2016;03:39;0;RUA OTAVIO PARANHOS;;;180;;Colisão;;;;Meio de Quadra;;;0;1;0;0;0;0;0;0;0;0;0;0;-38,585821;-3,719329
278671;6;3;2016;05:00;0;RUA PERNAMBUCO;;;2931;;Colisão;Amanhecer;;;Meio de Quadra;;;0;2;0;1;0;0;0;0;0;1;0;0;-38,579523;-3,749933
278653;6;3;2016;02:29;0;RUA VITAL BRASIL;;;1856;;Queda;;;;Meio de Quadra;;;0;1;0;0;0;0;0;0;0;1;0;0;-38,597398;-3,778176
276043;6;3;2016;18:30;0;RD BR 116;;;;;Colisão Traseira;Anoitecer;Bom;Seca;Meio de Quadra;;;0;0;3;1;0;0;0;0;0;0;0;0;;
283351;6;3;2016;00:40;0;RUA PESSOA ANTA;;;531;;Colisão;;;;Meio de Quadra;;;0;0;2;0;0;0;0;0;0;0;0;0;;
283356;6;3;2016;02:23;1333;RUA BARBOSA DE FREITAS;RUA MARIA TOMASIA;;;;Colisão;;;;Cruz;Gesto;Comercial;0;0;2;0;0;0;0;0;0;0;0;0;-38,497042;-3,735546
283357;6;3;2016;03:21;0;AV SANTOS DUMONT;;;7000;;Colisão;;;;Meio de Quadra;;;0;0;2;0;0;0;0;0;0;0;0;0;-38,470056;-3,745371
283358;6;3;2016;05:45;0;AV JOSE BASTOS;;;;;Colisão;Amanhecer;;;Meio de Quadra;;;0;0;2;0;0;0;0;0;0;0;0;0;;
283359;6;3;2016;05:45;0;AV JOAO PESSOA;;;6933;;Colisão;Amanhecer;;;Meio de Quadra;;;0;0;2;0;0;0;0;0;0;0;0;0;-38,561088;-3,770339
283361;6;3;2016;06:30;0;AV MOZART PINHEIRO DE LUCENA;;;;;Colisão;Luz do Dia;;;Meio de Quadra;;;0;0;2;0;0;0;0;0;0;0;0;0;;
283363;6;3;2016;06:34;12521;AV AUGUSTO DOS ANJOS;RUA JULIO BRAGA;;;;Colisão;Luz do Dia;;;Cruz;Semáforo;Comercial;0;0;2;0;0;0;0;0;0;0;0;0;-38,576193;-3,776779
283372;6;3;2016;09:03;0;RUA PAISAGISTA;;;;;Outros;Luz do Dia;;;Meio de Quadra;;;0;0;2;0;0;0;0;0;0;0;0;0;;
283383;6;3;2016;10:35;0;RUA PERNAMBUCO;;;2981;;Colisão;Luz do Dia;;;Meio de Quadra;;;0;0;2;1;0;0;0;0;0;0;0;0;-38,579774;-3,749661
283385;6;3;2016;10:46;0;RUA PRO HERIBALDO COSTA;;;1659;;Colisão;Luz do Dia;;;Meio de Quadra;;;0;0;2;0;0;0;0;0;0;0;0;0;-38,587121;-3,766178
283387;6;3;2016;11:03;0;RUA PRO GOMES BRASIL;;;;;Colisão;Luz do Dia;;;Meio de Quadra;;;0;0;2;0;0;0;0;0;0;0;0;0;;
283389;6;3;2016;11:43;17563;RUA ESPIRITO SANTO;RUA AMAZONAS;;;;Colisão;Luz do Dia;;;Cruz;Pare;Residencial;0;0;2;0;0;0;0;0;0;0;0;0;-38,567217;-3,751391
283394;6;3;2016;11:45;19367;RUA STA LIGIA;RUA JULIO BRAGA;;;;Colisão;Luz do Dia;;;Cruz;Pare;Residencial;0;0;2;0;0;0;0;0;0;0;0;0;-38,574892;-3,777294
283410;6;3;2016;14:19;14994;RUA ITALIA D43;RUA LUIS TORRES;;;;Colisão;Luz do Dia;;;;;;0;0;2;0;0;0;0;0;0;0;0;0;-38,564615;-3,792495
283412;6;3;2016;14:23;0;AV PRS CASTELO BRANCO;;;;;Colisão;Luz do Dia;;;Meio de Quadra;;;0;0;2;0;0;0;0;0;0;0;0;0;;
283438;6;3;2016;15:12;0;RUA OSCAR ARARIPE;;;;;Choque c/ Obstáculo Fixo;Luz do Dia;;;Meio de Quadra;;;0;0;1;0;0;0;0;0;0;0;0;0;;
283445;6;3;2016;16:26;0;AV FRE CIRILO;;;;;Colisão;Luz do Dia;;;Meio de Quadra;;;0;0;2;0;0;0;0;0;0;0;0;0;;
283452;6;3;2016;17:25;0;LOGRADOURO SEM NOME;;;;;Colisão;Anoitecer;;;Meio de Quadra;;;0;0;2;0;0;0;0;0;0;0;0;0;;
283463;6;3;2016;18:36;9081;AV 13 DE MAIO;AV AGUANAMBI;;;;Colisão;;;;Outros;Semáforo;Comercial;0;0;2;0;0;0;0;0;0;0;0;0;-38,523451;-3,753844
283475;6;3;2016;19:11;24983;RUA ANDRADE FURTADO;AV ALM HENRIQUE SABOIA;;;;Choque c/ Obstáculo Fixo;;;;Cruz;Semáforo;Residencial;0;0;1;0;0;0;0;0;0;0;0;0;-38,488984;-3,742752
283478;6;3;2016;20:16;3232;RUA PRIMEIRO DE MAIO D34;RUA VERBENA;;;;Colisão;;;;;;;0;0;2;0;0;0;0;0;0;0;0;0;-38,589205;-3,782693
279885;6;3;2016;07:25;0;AV MOZART PINHEIRO DE LUCENA;;;;;Colisão;Luz do Dia;;;Meio de Quadra;;;0;0;2;1;0;0;0;1;0;0;0;0;;
279887;6;3;2016;16:34;0;AV FRE CIRILO;;;;;Colisão;Luz do Dia;;;Meio de Quadra;;;0;0;2;1;0;0;0;0;0;0;0;0;;
285321;6;3;2016;02:21;0;AV BENJAMIM BRASIL;;;20;;;;;;Meio de Quadra;;;0;0;2;0;0;0;0;0;0;1;0;0;;
285444;6;3;2016;20:29;0;AV DOLOR BARREIRA;;;985;;Atropelamento;;;;Meio de Quadra;;;0;1;1;0;0;0;0;0;0;1;0;0;;
278749;6;3;2016;16:17;0;AV CASTELO DE CASTRO;;;1829;;Colisão;Luz do Dia;;;Meio de Quadra;;;0;1;0;0;0;0;0;0;0;0;0;0;;
278760;6;3;2016;16:53;0;RUA TEODOMIRO DE CASTRO;;;1944;;Colisão;Luz do Dia;;;Meio de Quadra;;;0;1;0;1;0;0;0;0;0;1;0;0;;
278755;6;3;2016;16:31;24414;RUA JOAO CAMARA;RUA LINEU JUCA;;;;Queda;Luz do Dia;;;;;;0;1;0;0;0;0;0;0;0;1;0;0;-38,532188;-3,769301
278762;6;3;2016;17:55;238;RUA GONCALVES DIAS;RUA GAL BERNARDO FIGUEIREDO;;;;Atropelamento;Anoitecer;;;Cruz;Pare;Comercial;0;1;0;1;0;0;0;0;0;0;0;0;-38,552444;-3,739793
278769;6;3;2016;18:44;0;RUA DES PRAXEDES;;;700;;Colisão;;;;Meio de Quadra;;;0;1;0;0;0;0;0;0;0;0;0;0;;
278767;6;3;2016;18:28;5431;RUA GAL CLARINDO DE QUEIROZ;RUA BAR ARATANHA;;;;Atropelamento;Anoitecer;;;Cruz;Não Há Controle;Comercial;0;1;0;1;0;0;0;0;0;0;0;0;-38,526693;-3,733844
278778;6;3;2016;19:26;0;RUA ULLISSES GUIMARAES;;;;;Colisão;;;;Meio de Quadra;;;0;2;0;1;0;0;0;0;0;1;0;0;;
278773;6;3;2016;19:05;0;RUA JATOBA D64;;;2691;;Colisão;;;;Meio de Quadra;;;0;1;0;0;0;0;0;0;0;1;0;0;;
278737;6;3;2016;12:00;0;RUA SAUDARIA;;;1080;;Atropelamento;Luz do Dia;;;Meio de Quadra;;;0;1;0;0;0;0;0;0;0;1;0;0;;
278722;6;3;2016;11:59;0;AV RECREIO D64;;;1803;;Colisão;Luz do Dia;;;Meio de Quadra;;;0;1;0;1;0;0;0;0;0;1;0;0;;
278719;6;3;2016;10:30;0;RUA LEAO VELOSO;;;375;;Queda;Luz do Dia;;;Meio de Quadra;;;0;1;0;0;0;0;0;0;0;1;0;0;;
278714;6;3;2016;10:10;0;AV GAL OSORIO DE PAIVA;;;5354;;Colisão;Luz do Dia;;;Meio de Quadra;;;0;1;0;1;0;0;0;0;0;1;0;0;-38,60145;-3,804063
278702;6;3;2016;10:01;8356;RUA LUCAS FRANCISCO ANTONIO;RUA ROBERTO SILVA;;;;Colisão;Luz do Dia;;;;;;0;2;0;0;0;0;0;0;0;1;0;0;-38,47253;-3,772289
278700;6;3;2016;09:32;0;AV GAL OSORIO DE PAIVA;;;4795;;Colisão;Luz do Dia;;;Meio de Quadra;;;0;1;0;1;0;0;0;0;0;1;0;0;-38,598379;-3,800921
278698;6;3;2016;09:13;0;RUA MARIA MIRIAN F  DE SOUZA;;;255;;Colisão;Luz do Dia;;;Meio de Quadra;;;0;1;0;1;0;0;0;0;0;1;0;0;-38,56762;-3,733506
278784;6;3;2016;20:09;19611;RUA NEREU RAMOS;AV GODOFREDO MACIEL;;;;Queda;;;;T;Semáforo;Residencial;0;1;0;0;0;0;0;0;0;1;0;0;-38,566802;-3,78725
278788;6;3;2016;20:14;0;AV MAJ ASSIS;;;1288;;Atropelamento;;;;Meio de Quadra;;;0;1;0;0;0;0;0;0;0;0;0;0;-38,590717;-3,723162
278798;6;3;2016;21:17;0;RUA DEP JOEL MARQUES;;;340;;Queda;;;;Meio de Quadra;;;0;1;0;0;0;0;0;0;0;1;0;0;;
278794;6;3;2016;20:37;0;RUA HOMEM DE MELO;;;110;;Queda;;;;Meio de Quadra;;;0;1;0;0;0;1;0;0;0;0;0;0;-38,496582;-3,816565
278804;7;3;2016;01:10;0;AV MR HULL;;;;;Queda;;;;Meio de Quadra;;;0;1;0;0;0;0;0;0;0;1;0;0;;
278809;7;3;2016;01:29;0;AV SANTOS DUMONT;;;3060;DETRAN;Colisão;;;;Meio de Quadra;;;0;1;0;1;0;0;0;0;0;1;0;0;-38,497441;-3,736525
278811;7;3;2016;01:56;25116;AV ROGACIANO LEITE;RUA PDE FRANCISCO PITA;;;;Colisão;;;;Cruz;Pare;Comercial;0;1;0;1;0;0;0;0;0;1;0;0;-38,501766;-3,78096
278806;7;3;2016;01:24;0;AV ALBERTO CRAVEIRO;;;3300;;Colisão;;;;Meio de Quadra;;;0;1;0;0;0;0;0;0;0;0;0;0;;
278816;7;3;2016;03:25;0;RUA RUBI;;;216;;Queda;;;;Meio de Quadra;;;0;1;0;0;0;1;0;0;0;0;0;0;;
278818;7;3;2016;03:40;0;RUA CON DE CASTRO;;;26;;Colisão;;;;Meio de Quadra;;;0;2;0;1;0;0;0;0;0;1;0;0;;
278841;7;3;2016;03:50;5187;RUA BAR RIO BRANCO;RUA SAO PAULO;;;;Colisão;;;;Cruz;Semáforo;Comercial;0;1;0;1;0;0;0;0;0;1;0;0;-38,528071;-3,725856
278853;7;3;2016;08:03;0;RUA PRO HERIBALDO COSTA;;;521;;Queda;Luz do Dia;;;Meio de Quadra;;;0;1;0;0;0;0;0;0;0;1;0;0;;
278854;7;3;2016;08:29;0;AV GAL OSORIO DE PAIVA;;;7970;;Atropelamento;Luz do Dia;;;Meio de Quadra;;;0;1;1;0;0;0;0;0;0;0;0;0;-38,617977;-3,82113
278856;7;3;2016;09:05;0;RUA FRANCISCO MATOS;;;7000;;Colisão;Luz do Dia;;;Meio de Quadra;;;0;1;0;1;0;0;0;0;0;1;0;0;;
278846;7;3;2016;04:21;0;RUA JOSE VILAR;;;1585;;Colisão;;;;Meio de Quadra;;;0;1;0;1;0;0;0;0;0;1;0;0;;
278844;7;3;2016;03:52;0;RUA HELVECIO MONTE;;;632;;Colisão;;;;Meio de Quadra;;;0;1;0;0;0;0;0;0;0;1;0;0;-38,533811;-3,767129
278858;7;3;2016;09:33;19445;AV GODOFREDO MACIEL;RUA BANDEIRANTES;;;;Colisão;Luz do Dia;;;Y;Semáforo;Comercial;0;1;0;1;0;0;0;0;0;1;0;0;-38,564745;-3,77965
278859;7;3;2016;10:31;0;AV AUGUSTO DOS ANJOS;;;749;;Colisão;Luz do Dia;;;Meio de Quadra;;;0;1;0;1;0;0;0;0;0;1;0;0;;
278851;7;3;2016;05:28;0;AV DR THEBERGE;;;2225;TRILHO;Atropelamento;Amanhecer;;;Meio de Quadra;;;0;1;1;0;0;0;0;0;0;0;0;1;-38,566918;-3,720631
278866;7;3;2016;12:26;22979;RUA FRE ALEMAO;RUA MAD ELISA BALDO;;;;Atropelamento;Luz do Dia;;;Cruz;Pare;Residencial;0;1;0;0;0;0;0;0;0;1;0;0;-38,544056;-3,785835
278864;7;3;2016;11:44;26077;AV DUQ CAXIAS;AV JOSE JATAHY;;;;Colisão;Luz do Dia;;;T;Pare;Comercial;0;1;0;1;0;0;0;0;0;1;0;0;;
278913;7;3;2016;14:43;5433;RUA METON DE ALENCAR;RUA MAJ FACUNDO;;;;Colisão;Luz do Dia;;;Cruz;Pare;Comercial;0;2;0;1;0;0;0;0;0;1;0;0;-38,529899;-3,733917
278886;7;3;2016;13:20;0;AV WASHINGTON SOARES;;;4075;EXTRA;Atropelamento;Luz do Dia;;;Meio de Quadra;;;0;2;0;0;0;0;0;0;0;0;0;0;-38,480149;-3,793114
278899;7;3;2016;14:03;0;AV JOAO PESSOA;;;4110;;Colisão;Luz do Dia;;;Meio de Quadra;;;0;1;0;1;0;0;0;0;0;1;0;0;-38,547021;-3,749718
278869;7;3;2016;12:41;0;AV SGT HERMINIO SAMPAIO;;;11;;Colisão;Luz do Dia;;;Meio de Quadra;;;0;1;0;1;0;0;0;0;0;1;0;0;;
278938;7;3;2016;17:07;0;RUA RUBIA SAMPAIO;;;;;Colisão;Anoitecer;;;Meio de Quadra;;;0;1;0;0;0;0;0;0;0;0;0;0;;
278932;7;3;2016;16:25;0;AV VIENA WEYNE;;;6030;;Atropelamento;Luz do Dia;;;Meio de Quadra;;;0;1;0;1;0;0;0;0;0;0;0;0;;
278917;7;3;2016;14:47;15181;AV RUI BARBOSA;RUA TOMAS POMPEU;;;;Colisão;Luz do Dia;;;Cruz;Pare;Residencial;0;1;0;0;0;0;0;0;0;0;0;0;-38,50616;-3,725871
278918;7;3;2016;16:06;0;AV PERIMETRAL;;;588;;Colisão;Luz do Dia;;;Meio de Quadra;;;0;1;0;1;0;0;0;0;0;1;0;0;;
278971;7;3;2016;18:44;0;AV PRS CASTELO BRANCO;;;;;Queda;;;;Meio de Quadra;;;0;1;0;0;0;1;0;0;0;0;0;0;;
278965;7;3;2016;17:19;5402;RUA VINTE E QUATRO DE MAIO;RUA METON DE ALENCAR;;;;Colisão Transversal;Anoitecer;;;Cruz;Pare;Escola;0;1;1;1;0;0;0;0;0;1;0;0;-38,533848;-3,732626
278968;7;3;2016;17:47;5177;RUA SAO PAULO;RUA SEN POMPEU;;;;Colisão;Anoitecer;;;Cruz;Não Há Controle;Comercial;0;1;0;0;0;0;0;0;0;0;0;0;-38,529196;-3,725486
279903;7;3;2016;10:37;0;RUA TEN JURANDIR ALENCAR;;;;;Colisão;Luz do Dia;;;Meio de Quadra;;;0;0;3;1;1;0;0;0;0;0;0;0;;
279911;7;3;2016;18:39;0;RUA OMAR PAIVA;;;;;Colisão;;;;Meio de Quadra;;;0;0;2;1;0;0;0;0;0;0;0;0;;
278078;7;3;2016;17:25;0;AV SEN CARLOS JEREISSATI (AEROPORTO);;;;KM 01;Colisão;Anoitecer;Bom;Seca;Meio de Quadra;;;0;0;2;1;0;0;0;0;0;0;0;0;-38,52685;-3,783753
275400;7;3;2016;16:00;22340;RUA SOARES BULCAO;AV BENJAMIM BARROSO;;;;Colisão Frontal;Luz do Dia;Bom;Seca;T;Pare;Residencial;0;1;1;1;0;0;0;0;0;1;0;0;-38,55057;-3,732029
275412;7;3;2016;09:30;0;AV AGUANAMBI;;;;;Colisão Lateral;Luz do Dia;Bom;Seca;Meio de Quadra;Outros;Comercial;0;0;2;1;0;0;1;0;0;0;0;0;;
275415;7;3;2016;08:10;0;RUA JOAO CORDEIRO;;;;;Colisão Traseira;Luz do Dia;Bom;Seca;Meio de Quadra;Não Há Controle;Residencial;0;0;3;1;0;0;0;0;0;0;0;0;;
275418;7;3;2016;20:00;0;RUA GAL TERTULIANO POTYGUARA;;;;;Outros;Anoitecer;Bom;Seca;Outros;Pare;Escola;0;0;3;1;0;0;0;0;0;1;0;0;;
275455;7;3;2016;00:00;1359;RUA CARLOS VASCONCELOS;RUA JOAO CARVALHO;;;;Colisão Transversal;Via Iluminada;Bom;Seca;Cruz;Pare;Residencial;0;1;1;0;0;0;0;0;0;1;0;0;-38,511844;-3,736251
275439;7;3;2016;12:25;0;AV JOSE BASTOS;;;4350;;Colisão Traseira;Luz do Dia;Bom;Seca;Meio de Quadra;Não Há Controle;Comercial;0;0;3;1;0;0;0;0;0;0;0;0;-38,554835;-3,754377
275447;7;3;2016;21:00;0;RUA VITORIA (AV. PERIMETRAL);;;;;Colisão Lateral;Via Iluminada;Bom;Seca;Meio de Quadra;Pare;Residencial;0;1;1;1;0;0;0;0;0;1;0;0;;
275450;7;3;2016;18:00;0;RUA VIRGILIO NOGUEIRA PAES;;;1159;;Colisão Traseira;Via Iluminada;Bom;Seca;Meio de Quadra;Não Há Controle;Residencial;0;0;2;1;0;0;0;0;0;0;0;0;-38,610489;-3,794164
275432;7;3;2016;06:40;23653;AV OLAVO BILAC;RUA BAR CRATO;;;;Colisão Transversal;Luz do Dia;Bom;Seca;T;Pare;Residencial;0;0;2;1;0;0;0;0;0;1;0;0;-38,56637;-3,723036
275452;7;3;2016;16:30;9072;AV PONTES VIEIRA;AV VIS RIO BRANCO;;;;Colisão Lateral;Luz do Dia;Bom;Seca;Cruz;Semáforo;Residencial;0;0;2;1;0;0;0;0;0;0;0;0;-38,520486;-3,753544
275443;7;3;2016;08:40;12835;AV DOMINGOS OLIMPIO;RUA SOLON PINHEIRO;;;;Colisão Lateral;Luz do Dia;Bom;Seca;Cruz;Semáforo;Comercial;0;0;2;1;1;0;0;0;0;0;0;0;-38,52865;-3,737409
275436;7;3;2016;08:00;0;AV OLIVEIRA PAIVA;;;233;;Colisão Traseira;Luz do Dia;Bom;Seca;Meio de Quadra;Não Há Controle;Comercial;0;0;2;1;0;0;0;0;0;0;0;0;-38,502852;-3,798488
275429;7;3;2016;09:30;675;AV PASTEUR;RUA CRUZEIRO DO SUL;;;;Colisão Transversal;Luz do Dia;Bom;Seca;Cruz;Pare;Residencial;1;1;1;1;0;0;0;0;0;1;0;0;-38,559749;-3,713904
283496;7;3;2016;00:57;0;AV PRS CASTELO BRANCO;;;;;Colisão;Luz do Dia;;;Meio de Quadra;;;0;0;2;0;0;0;0;0;0;0;0;0;;
283503;7;3;2016;06:47;0;AV PRS JUSCELINO KUBITSCHEK (PASSARÉ);;;;;Colisão;Luz do Dia;;;Meio de Quadra;;;0;0;2;0;0;0;0;0;0;0;0;0;;
283506;7;3;2016;07:02;0;AV SANTOS DUMONT;;;3993;;Colisão;Luz do Dia;;;Meio de Quadra;;;0;0;2;0;0;0;0;0;0;0;0;0;-38,488914;-3,739271