COD_ACIDENTE;DIA;MES;ANO;HORA;INTERSECAO;LOG1;LOG2;LOG3;NUMERO;REFERENCIA;NATUREZA;ILUMINACAO;TEMPO;SUPERFICIEPISTA;TIPOCRUZAMENTO;CONTROLETRAFEGO;USOSOLO;MORTOS;FERIDOS;ILESOS;AUTOMOVEL;ONIBUS;BICICLETA;CAMINHAO;MICROONIBUS;CICLOMOTOR;MOTOCICLETA;TRACAOANIMAL;TREM;LONG;LAT
283516;7;3;2016;08:08;19061;RUA TARCISIO BONFIM;RUA JOSE CARLOS GURGEL NOGUEIRA;;;;Colisão;Luz do Dia;;;Cruz;Pare;Residencial;0;0;2;0;0;0;0;0;0;0;0;0;-38,476135;-3,736621
283524;7;3;2016;09:04;0;RUA CON DE CASTRO;;;1038;;Colisão;Luz do Dia;;;Meio de Quadra;;;0;0;2;0;0;0;0;0;0;0;0;0;;
283527;7;3;2016;09:52;1457;RUA CARLOS VASCONCELOS;RUA BARBARA DE ALENCAR;;;;Colisão;Luz do Dia;;;Cruz;Pare;Residencial;0;0;2;0;0;0;0;0;0;0;0;0;-38,512584;-3,738487
283529;7;3;2016;10:10;0;AV PONTES VIEIRA;;;2031;;Colisão;Luz do Dia;;;Meio de Quadra;;;0;0;2;0;0;0;0;0;0;0;0;0;;
283533;7;3;2016;10:44;10453;AV I CJ CEARA;AV D CJ CEARA;;;;Colisão;Luz do Dia;;;Cruz;Gesto;;0;0;2;0;0;0;0;0;0;0;0;0;-38,601152;-3,766922
283534;7;3;2016;11:04;0;AV ENG SANTANA JUNIOR;;;2760;;Colisão;Luz do Dia;;;Meio de Quadra;;;0;0;2;0;0;0;0;0;0;0;0;0;-38,489224;-3,745604
283536;7;3;2016;11:09;10943;RUA DOM CARLOTO TAVORA;RUA ZACARIAS GONDIM;;;;Colisão;Luz do Dia;;;Cruz;Pare;Comercial;0;0;2;0;0;0;0;0;0;1;0;0;-38,558785;-3,768945
283540;7;3;2016;11:43;0;RUA ALBERTO MAGNO;;;;;Colisão;Luz do Dia;;;Meio de Quadra;;;0;0;2;0;0;0;0;0;0;0;0;0;;
283542;7;3;2016;11:49;0;AV AUGUSTO DOS ANJOS;;;1444;;Colisão;Luz do Dia;;;;;;0;0;2;0;0;0;1;0;0;0;0;0;-38,578424;-3,779331
283547;7;3;2016;12:01;0;AV ALBERTO CRAVEIRO;;;;;Colisão;Luz do Dia;;;Meio de Quadra;;;0;0;2;0;0;0;0;0;0;0;0;0;;
283548;7;3;2016;12:19;5415;RUA GAL CLARINDO DE QUEIROZ;RUA FLORIANO PEIXOTO;;;;Colisão;Luz do Dia;;;Cruz;Pare;Comercial;0;0;2;0;0;0;0;0;0;0;0;0;-38,529027;-3,733049
283550;7;3;2016;12:46;11339;AV GODOFREDO MACIEL;AV BENJAMIM BRASIL;;;;Colisão;Luz do Dia;;;Cruz;Semáforo;Comercial;0;0;2;0;0;0;0;0;0;0;0;0;-38,57204;-3,803264
283558;7;3;2016;15:37;15328;RUA LEONARDO MOTA;RUA CANUTO DE AGUIAR;;;;Colisão;Luz do Dia;;;Cruz;Semáforo;Residencial;0;0;2;0;0;0;0;0;0;0;0;0;-38,49451;-3,730931
283555;7;3;2016;14:22;0;RUA BENTO ALBUQUERQUE;;;;;Colisão;Luz do Dia;;;Meio de Quadra;;;0;0;2;0;0;0;0;0;0;0;0;0;;
283556;7;3;2016;14:28;0;RUA FRANCISCO MATOS;;;700;;Colisão;Luz do Dia;;;Meio de Quadra;;;0;0;2;0;0;0;0;0;0;0;0;0;-38,470663;-3,748609
283568;7;3;2016;16:05;0;AV PERIMETRAL;;;;;Colisão;Luz do Dia;;;Meio de Quadra;;;0;0;2;0;0;0;0;0;0;0;0;0;;
283575;7;3;2016;16:31;22108;RUA VALDEMIRO CAVALCANTE;RUA MON FURTADO;;;;Colisão;Luz do Dia;;;;;;0;0;2;0;0;0;0;0;0;0;0;0;-38,554507;-3,751943
283587;7;3;2016;17:08;0;AV SEN VIRGILIO TAVORA;;;1146;;Colisão;Anoitecer;;;Meio de Quadra;;;0;0;2;0;0;0;0;0;0;0;0;0;-38,493204;-3,736965
283588;7;3;2016;18:00;0;RUA TAVARES COUTINHO;;;;;Colisão;Anoitecer;;;Meio de Quadra;Semáforo Intermitente;Comercial;0;0;2;0;0;0;0;0;0;0;0;0;;
283590;7;3;2016;18:31;17387;RUA ZACARIAS GONDIM;RUA PRO TEODORICO;;;;Colisão;;;;Cruz;Pare;Misto;0;0;2;0;0;0;0;0;0;0;0;0;-38,558121;-3,76708
283584;7;3;2016;16:38;26077;AV JOSE JATAHY;AV DUQ CAXIAS;;;;Colisão;Luz do Dia;;;T;Pare;Comercial;0;0;2;0;0;0;0;0;0;0;0;0;;
283593;7;3;2016;18:33;4018;RUA DES PRAXEDES;RUA JULIO CESAR D12;;;;Colisão;;;;T;Pare;Residencial;0;0;2;0;0;0;0;0;0;0;0;0;;
283595;7;3;2016;18:35;0;AV JOAO PESSOA;;;4091;;Colisão;;;;Meio de Quadra;;;0;0;2;0;0;0;0;0;0;0;0;0;-38,546877;-3,749563
283621;7;3;2016;20:13;0;AV BENJAMIM BRASIL;;;;;Colisão;;;;Meio de Quadra;;;0;0;2;0;0;0;0;0;0;0;0;0;;
283628;7;3;2016;22:17;0;RUA GERMANO FRANCK;;;88;;Colisão;;;;Meio de Quadra;;;0;0;2;0;0;0;0;0;0;0;0;0;-38,55811;-3,773938
275275;7;3;2016;09:30;577;AV DR THEBERGE;AV FRANCISCO SA;;;;Colisão Lateral;Luz do Dia;Bom;Seca;Cruz;Semáforo;Comercial;0;0;2;1;0;0;1;0;0;0;0;0;-38,565016;-3,714822
275319;7;3;2016;16:20;15353;RUA PEREIRA VALENTE;RUA BARBOSA DE FREITAS;;;;Colisão Traseira;Luz do Dia;Bom;Seca;Cruz;Pare;Residencial;0;0;2;1;0;0;0;0;0;0;0;0;-38,49608;-3,732578
275336;7;3;2016;08:00;0;AV WENEFRIDO MELO;;;290;;Colisão Lateral;Luz do Dia;Bom;Seca;Meio de Quadra;Pare;Residencial;0;0;2;1;0;0;1;0;0;0;0;0;-38,576614;-3,810045
275334;7;3;2016;16:00;0;AV BEIRA MAR;;;1020;;Colisão Frontal;Luz do Dia;Bom;Seca;Meio de Quadra;Gesto;Lazer;0;3;0;1;0;0;0;0;0;1;0;0;-38,510589;-3,720476
275350;7;3;2016;07:00;0;AV PRUDENTE BRASIL;;;1064;;Colisão Traseira;Luz do Dia;Bom;Seca;Meio de Quadra;Outros;Comercial;0;0;2;1;0;0;1;0;0;0;0;0;-38,535001;-3,811417
275344;7;3;2016;14:20;1601;RUA PDE VALDEVINO;RUA VIS MAUA;;;;Colisão Transversal;Luz do Dia;Bom;Seca;Cruz;Pare;Comercial;0;0;2;1;0;0;0;0;0;0;0;0;-38,501876;-3,743773
275312;7;3;2016;11:00;15331;RUA PEREIRA FILGUEIRAS;RUA SILVA PAULET;;;;Colisão Lateral;Luz do Dia;Bom;Seca;Cruz;Pare;Comercial;0;0;2;1;0;0;0;0;0;0;0;0;-38,504338;-3,731144
275290;7;3;2016;20:20;1236;RUA COSTA BARROS;AV RUI BARBOSA;;;;Colisão Traseira;Via Iluminada;Bom;Seca;Cruz;Semáforo;Comercial;0;0;2;1;0;0;0;0;0;0;0;0;-38,507984;-3,731526
275285;7;3;2016;10:30;25159;AV ALM MAXIMIANO DA FONSECA;AV MIGUEL DIAS;;;;Colisão;Luz do Dia;Bom;Seca;Cruz;Pare;Residencial;0;0;2;1;0;0;0;0;0;0;0;0;-38,487945;-3,770833
275287;7;3;2016;11:00;0;RUA TUPI D35;;;537;;Colisão Lateral;Luz do Dia;Bom;Seca;Meio de Quadra;Pare;Residencial;0;0;2;1;0;0;0;0;0;0;0;0;-38,580373;-3,763057
275279;7;3;2016;16:00;4087;AV FRANCISCO SA;RUA LUCAS PINTO;;;;Colisão Lateral;Luz do Dia;Bom;Seca;Cruz;Pare;Comercial;0;0;2;1;0;0;1;0;0;0;0;0;-38,559268;-3,716763
275281;7;3;2016;20:30;5200;RUA TEN BENEVOLO;RUA GONCALVES LEDO;;;;Colisão Transversal;Via Iluminada;Bom;Seca;Cruz;Pare;Residencial;0;2;1;1;0;0;0;0;0;1;0;0;-38,514537;-3,726183
275366;7;3;2016;19:00;0;AV ENG SANTANA JUNIOR;;;;;Colisão Lateral;Via Iluminada;Bom;Seca;Meio de Quadra;;;0;0;2;0;1;0;0;0;0;0;0;0;;
275362;7;3;2016;20:30;15217;RUA TIBURCIO CAVALCANTE;RUA SILVA JATAHY;;;;Colisão Transversal;Via Iluminada;Bom;Seca;Cruz;Pare;Residencial;0;0;2;1;0;0;0;0;0;0;0;0;-38,499732;-3,727071
275353;7;3;2016;21:00;0;AV ABOLICAO;;;3450;;Choque c/ Obstáculo Fixo;Via Iluminada;Bom;Seca;Meio de Quadra;Não Há Controle;Comercial;0;0;2;1;0;0;0;0;0;1;0;0;-38,488671;-3,726258
275339;7;3;2016;18:15;19540;RUA JULIO GASPAR;RUA CASIMIRO DE ABREU;;;;Colisão;Mal Iluminada;Bom;Seca;Cruz;Pare;Residencial;0;1;1;0;1;0;0;0;0;1;0;0;-38,563108;-3,782426
275391;7;3;2016;10:00;0;RUA JORGE ACURCIO;;;1108;;Colisão Lateral;Luz do Dia;Bom;Seca;Meio de Quadra;Não Há Controle;Residencial;0;0;2;1;0;0;1;0;0;0;0;0;-38,533636;-3,77
275386;7;3;2016;17:30;0;RUA JORGE ACURCIO;;;1407;;Colisão;Luz do Dia;Bom;Seca;Meio de Quadra;;;0;1;1;1;0;0;0;0;0;1;0;0;;
275387;7;3;2016;19:30;15181;AV RUI BARBOSA;RUA TOMAS POMPEU;;;;Colisão;Via Iluminada;Bom;Seca;Cruz;Pare;Residencial;1;0;1;1;0;1;0;0;0;0;0;0;-38,50616;-3,725871
275381;7;3;2016;09:30;19061;RUA JOSE CARLOS GURGEL NOGUEIRA;RUA TARCISIO BONFIM;;;;Colisão Lateral;Luz do Dia;Bom;Seca;Cruz;Pare;Residencial;0;0;2;1;0;0;0;1;0;0;0;0;-38,476135;-3,736621
275379;7;3;2016;19:00;14367;RUA NAT FEIJO;RUA GERSON FARIAS;;;;Colisão Transversal;Via Iluminada;Bom;Seca;Cruz;Pare;Residencial;0;1;1;1;0;0;0;0;0;1;0;0;-38,552399;-3,722386
275374;7;3;2016;16:30;3769;AV DOMINGOS OLIMPIO;RUA SEN POMPEU;;;;Colisão Traseira;Luz do Dia;Bom;Seca;Cruz;Semáforo;Comercial;0;2;0;1;0;0;0;0;0;1;0;0;-38,532455;-3,736254
275358;7;3;2016;22:40;5177;RUA SEN POMPEU;RUA SAO PAULO;;;;Colisão Transversal;Via Iluminada;Bom;Seca;Cruz;Semáforo;Comercial;0;0;2;1;0;0;0;0;0;0;0;0;-38,529196;-3,725486
275371;7;3;2016;11:45;0;AV ANTONIO SALES;;;256;;Colisão;Luz do Dia;Bom;Seca;Meio de Quadra;Não Há Controle;Comercial;0;1;1;0;0;0;0;0;0;1;0;0;-38,519059;-3,740262
275370;8;3;2016;15:45;24348;RUA ARMANDO MONTEIRO;RUA JORGE ACURCIO;;;;Colisão Transversal;Luz do Dia;Bom;Seca;Cruz;Pare;Residencial;0;2;1;1;0;0;0;0;0;1;0;0;-38,531744;-3,765184
275352;8;3;2016;13:30;5436;RUA GAL CLARINDO DE QUEIROZ;RUA JAIME BENEVOLO;;;;Colisão Lateral;Luz do Dia;Bom;Seca;Cruz;Pare;Comercial;0;0;2;1;0;0;0;1;0;0;0;0;-38,526017;-3,73406
275360;8;3;2016;17:34;5345;AV VIS RIO BRANCO;RUA PINTO MADEIRA;;;;Colisão Lateral;Luz do Dia;Bom;Seca;Duplo T;Não Há Controle;Comercial;0;0;2;1;0;0;0;0;0;0;0;0;-38,525198;-3,730803
275363;8;3;2016;14:00;0;RUA ABELARDO MARINHO;;;10;;Colisão;;Bom;Seca;Meio de Quadra;;Misto;0;0;2;1;0;0;0;0;0;0;0;0;-38,530501;-3,764252
275367;8;3;2016;09:30;1527;RUA CAROLINA SUCUPIRA;RUA OSVALDO CRUZ (ALDEOTA);;;;Colisão Transversal;Luz do Dia;Bom;Seca;Cruz;Pare;Comercial;0;1;1;1;0;0;0;0;0;1;0;0;-38,501914;-3,740552
275282;8;3;2016;08:15;9099;AV EDUARDO GIRAO;RUA FRANCOIS T MENEZES;;;;Colisão Traseira;Luz do Dia;Bom;Seca;Cruz;Pare;Residencial;0;0;2;1;0;0;1;0;0;0;0;0;-38,525973;-3,7557
275283;8;3;2016;08:50;19454;AV AUGUSTO DOS ANJOS;RUA ABEL RIBEIRO;;;;Colisão Lateral;Luz do Dia;Bom;Seca;T;Pare;Comercial;0;0;2;0;0;0;0;0;0;1;0;0;-38,57903;-3,78003
275280;8;3;2016;20:30;3975;RUA ALBERTO MAGNO;RUA PRO COSTA MENDES;;;;Atropelamento;Via Iluminada;Bom;Seca;Cruz;Semáforo;Comercial;0;1;1;0;1;0;0;0;0;0;0;0;-38,543548;-3,757528
275289;8;3;2016;09:37;5675;RUA ALICE;RUA CHICO LEMOS;;;;Colisão Transversal;Luz do Dia;Bom;;Cruz;Pare;Residencial;0;0;2;1;0;0;0;0;0;0;0;0;-38,499726;-3,790026
275296;8;3;2016;07:45;0;AV ALM HENRIQUE SABOIA;;;2270;;Colisão;Luz do Dia;Bom;Seca;Meio de Quadra;;;0;0;2;1;0;0;0;0;0;1;0;0;-38,481694;-3,730576
275311;8;3;2016;13:30;0;RUA DR JOAQUIM BENTO;;;;;Colisão Lateral;Luz do Dia;Bom;Seca;Meio de Quadra;;Comercial;0;0;2;1;0;0;0;0;0;0;0;0;;
275308;8;3;2016;02:00;10052;RUA BRAGANCA;RUA OLIVEIRA SOBRINHO;;;;Colisão Lateral;Luz do Dia;Bom;Seca;Cruz;Pare;Residencial;0;1;1;1;0;0;0;0;0;1;0;0;-38,596353;-3,779965
275298;8;3;2016;13:00;6744;RUA BENTO ALBUQUERQUE;RUA BATISTA DE OLIVEIRA;;;;Capotamento;Luz do Dia;Bom;Seca;Cruz;Semáforo;Residencial;0;0;2;1;0;0;0;0;0;0;0;0;-38,481027;-3,744448
275302;8;3;2016;23:00;25279;AV ROGACIANO LEITE;RUA DES WALDEMAR ALVES PEREIRA;;;;Colisão;Via Iluminada;Bom;Seca;Cruz;Não Há Controle;Comercial;0;1;1;0;0;0;0;0;1;0;0;0;;
275345;8;3;2016;10:00;1445;RUA VICENTE LEITE;RUA DES LEITE ALBUQUERQUE;;;;Colisão Transversal;Luz do Dia;Bom;Seca;Cruz;Pare;Comercial;0;0;2;1;0;0;0;0;0;0;0;0;-38,495734;-3,738178
275348;8;3;2016;16:00;0;AV GODOFREDO MACIEL;;;1152;;Colisão Traseira;Luz do Dia;Bom;Seca;Meio de Quadra;Não Há Controle;Comercial;0;1;1;1;0;1;0;0;0;0;0;0;-38,566551;-3,785651
275335;8;3;2016;10:00;0;AV DR THEBERGE;;;2854;;Choque c/ Obstáculo Fixo;Luz do Dia;Bom;Molhada;Meio de Quadra;Semáforo;Residencial;0;0;3;1;0;0;0;0;0;0;0;0;-38,569047;-3,727228
275333;8;3;2016;16:30;0;AV ROGACIANO LEITE;;;1800;;Colisão Lateral;Anoitecer;Bom;Seca;Meio de Quadra;Semáforo;Comercial;0;0;2;1;1;0;0;0;0;0;0;0;-38,49804;-3,770479
275337;8;3;2016;16:20;3420;AV JOAO PESSOA;RUA DES PRAXEDES;;;;Colisão;Luz do Dia;Bom;Seca;Cruz;Cancela Danificada;Comercial;0;0;2;1;0;0;0;0;0;0;0;0;-38,553504;-3,756946
275338;8;3;2016;15:00;1381;RUA ILDEFONSO ALBANO;AV HERACLITO GRACA;;;;Colisão;Luz do Dia;Bom;Seca;Duplo T;Semáforo;Comercial;0;0;2;1;0;0;0;0;0;0;0;0;;
275341;8;3;2016;17:40;0;AV AGUANAMBI;;;;;Colisão;Anoitecer;Bom;Seca;Meio de Quadra;Não Há Controle;Comercial;0;0;2;1;0;0;0;0;0;0;0;0;;
275316;8;3;2016;07:40;4088;AV FRANCISCO SA;RUA ALVARO DE ALENCAR;;;;Colisão Lateral;Luz do Dia;Bom;Seca;Cruz;Pare;Comercial;0;0;2;1;0;0;0;0;0;0;0;0;-38,558237;-3,717106
275322;8;3;2016;07:30;15654;RUA VICENTE NOBRE MACEDO;RUA AFONSO HENRIQUE;;;;Colisão Lateral;Luz do Dia;Bom;Seca;Cruz;Pare;Comercial;0;0;2;1;0;0;0;0;0;0;0;0;-38,484383;-3,825453
275331;8;3;2016;09:50;26271;RUA LOURDES VIDAL ALVES;AV PRO JOSE ARTHUR CARVALHO;;;;Colisão;Luz do Dia;Bom;Seca;;;;0;0;2;1;0;0;0;0;0;0;0;0;-38,473498;-3,826479
275277;8;3;2016;14:30;5130;RUA CASTRO E SILVA;RUA FLORIANO PEIXOTO;;;;Colisão Transversal;Luz do Dia;Bom;Seca;Duplo T;Pare;Comercial;0;0;1;0;0;0;0;0;0;0;0;0;-38,52611;-3,724272
275274;8;3;2016;06:40;5725;RUA TEOFREDO GOIANA;RUA MARGARIDA DE QUEIROZ;;;;Colisão Transversal;Luz do Dia;Bom;Seca;Cruz;Pare;Residencial;0;0;4;0;0;0;0;0;0;1;0;0;-38,503091;-3,793757
275272;8;3;2016;16:45;1272;AV DOM LUIS;RUA JOAQUIM NABUCO;;;;Colisão;Luz do Dia;Bom;Seca;Cruz;Semáforo;Comercial;0;0;2;1;0;0;0;0;0;0;0;0;-38,500333;-3,732301
283750;8;3;2016;17:47;14421;AV SGT HERMINIO SAMPAIO;RUA PDE ANCHIETA;;;;Colisão;Anoitecer;;;Cruz;Semáforo;Comercial;0;0;2;0;0;0;0;0;0;0;0;0;-38,551079;-3,724693
283746;8;3;2016;17:44;0;AV SANTOS DUMONT;;;;;Colisão;Anoitecer;;;Meio de Quadra;;;0;0;2;0;0;0;0;0;0;0;0;0;;
283739;8;3;2016;17:39;0;RUA SEN POMPEU;;;;;Colisão;Anoitecer;;;Meio de Quadra;;;0;0;2;0;0;0;0;0;0;0;0;0;;
283773;8;3;2016;21:26;5294;AV SANTOS DUMONT;RUA RODRIGUES JUNIOR;;;;Colisão;;;;Cruz;Pare;Comercial;0;0;2;0;0;0;0;0;0;0;0;0;-38,520153;-3,729144
283753;8;3;2016;17:48;1709;RUA CAP OLAVO;RUA CAP ARAGAO;;;;Colisão;Anoitecer;;;Cruz;Pare;Comercial;0;0;2;0;0;0;0;0;0;0;0;0;-38,515937;-3,765348
283756;8;3;2016;18:45;19151;RUA ALMEIDA PRADO;RUA RIACHUELO;;;;Colisão;;;;T;Pare;Comercial;0;0;2;0;0;0;0;0;0;0;0;0;-38,473969;-3,740002
283763;8;3;2016;18:48;5490;RUA ANTONIO POMPEU;AV AGUANAMBI;;;;Colisão;;;;;;;0;0;2;0;0;0;0;0;0;0;0;0;-38,523967;-3,736873
283766;8;3;2016;19:36;0;AV DR SILAS MUNGUBA;;;;;Colisão;;;;Meio de Quadra;;;0;0;2;0;0;0;0;0;0;0;0;0;;
276052;8;3;2016;11:00;0;RD BR 116;;;200;;Colisão Traseira;Luz do Dia;Bom;Seca;Meio de Quadra;;;0;1;2;1;0;0;0;0;0;0;0;0;;
276011;8;3;2016;16:50;0;RD BR 020;;;900;KM 416;Colisão Lateral;Luz do Dia;Bom;Seca;Meio de Quadra;;;0;1;1;1;0;0;0;0;0;1;0;0;;
283631;8;3;2016;06:49;0;AV BEZERRA DE MENEZES;;;1384;;Colisão;Luz do Dia;;;Meio de Quadra;;;0;0;2;0;0;0;0;0;0;0;0;0;-38,557151;-3,734147
283660;8;3;2016;09:54;5209;RUA DEP MOREIRA DA ROCHA;RUA JOAO CORDEIRO;;;;Colisão;Luz do Dia;;;;;;0;0;2;0;0;0;0;0;0;0;0;0;-38,513424;-3,726514
283665;8;3;2016;11:01;0;AV AGUANAMBI;;;;;Colisão;Luz do Dia;;;Meio de Quadra;;;0;0;2;0;0;0;0;0;0;0;0;0;;
283672;8;3;2016;11:44;0;RUA ADRIANO MARTINS;;;436;;Colisão;Luz do Dia;;;Meio de Quadra;;;0;0;2;0;0;0;0;0;0;0;0;0;;
283677;8;3;2016;11:58;2490;RUA CESAR CORREIA;RUA IRINEU DE SOUZA;;;;Colisão;Luz do Dia;;;Cruz;Pare;Residencial;0;0;2;0;0;0;0;0;0;0;0;0;-38,572377;-3,709333
283683;8;3;2016;12:11;21485;AV FRE CIRILO;AV MIN JOSE AMERICO;;;;Colisão;Luz do Dia;;;Cruz;Semáforo;;0;0;2;0;0;0;0;0;0;0;0;0;-38,4995;-3,812905
283688;8;3;2016;13:02;8934;AV DOMINGOS OLIMPIO;RUA PDE MORORO;;;;Colisão;Luz do Dia;;;Cruz;Pare;Residencial;0;0;2;0;0;0;0;0;0;0;0;0;-38,539949;-3,733752
283693;8;3;2016;14:26;6721;RUA BENTO ALBUQUERQUE;AV ENG SANTANA JUNIOR;;;;Colisão;Luz do Dia;;;Cruz;Semáforo;Misto;0;0;2;0;0;0;0;0;0;0;0;0;-38,486538;-3,742678
283695;8;3;2016;14:36;5130;RUA CASTRO E SILVA;RUA FLORIANO PEIXOTO;;;;Colisão;Luz do Dia;;;Duplo T;Pare;Comercial;0;0;3;0;1;0;0;0;0;0;0;0;-38,52611;-3,724272
283698;8;3;2016;15:37;4250;AV FRANCISCO SA;RUA PDE ANCHIETA;;;;Colisão;Luz do Dia;;;Cruz;Semáforo;Comercial;0;0;2;0;0;0;0;0;0;0;0;0;-38,549538;-3,719988
283703;8;3;2016;16:12;348;RUA PRO LINO ENCARNACAO;RUA CESAR FONTENELE;;;;Colisão;Luz do Dia;;;Cruz;Pare;Misto;0;0;2;0;0;0;0;0;0;0;0;0;-38,559596;-3,746359
283705;8;3;2016;16:17;0;AV MIGUEL DIAS;;;1115;;Colisão;Luz do Dia;;;Meio de Quadra;;;0;0;2;0;0;0;0;0;0;0;0;0;;
283708;8;3;2016;16:31;0;RUA 8 DE SETEMBRO;;;;;Colisão;Luz do Dia;;;;;;0;0;2;0;0;0;0;0;0;0;0;0;;
278091;8;3;2016;07:30;0;AV SEN CARLOS JEREISSATI (AEROPORTO);;;;KM 01;Colisão;Luz do Dia;Bom;Seca;Meio de Quadra;;;0;0;3;1;1;0;0;0;0;0;0;0;-38,52685;-3,783753
278092;8;3;2016;09:40;0;AV SEN CARLOS JEREISSATI (AEROPORTO);;;;KM 01;Colisão;Luz do Dia;Bom;Seca;Meio de Quadra;;;0;0;2;1;0;0;1;0;0;0;0;0;-38,52685;-3,783753
278093;8;3;2016;17:30;0;RD CE-040;;;;KM-12;Colisão;Anoitecer;Bom;;Meio de Quadra;;;0;0;2;1;0;0;1;0;0;0;0;0;-38,47607;-3,849626
278094;8;3;2016;20:05;0;AV SEN CARLOS JEREISSATI (AEROPORTO);;;;KM 01;Colisão;Via Iluminada;Bom;;Meio de Quadra;;;0;1;1;1;0;0;0;0;0;1;0;0;-38,52685;-3,783753
279928;8;3;2016;16:27;0;RUA CESAR FONTENELE;;;;;Colisão;Luz do Dia;;;Meio de Quadra;;;0;0;2;0;0;0;1;0;0;0;0;0;;
279924;8;3;2016;16:20;0;RUA BAR RIO BRANCO;;;;;Colisão;Luz do Dia;;;Meio de Quadra;;;0;0;2;0;0;0;0;0;0;0;0;0;;
279163;8;3;2016;16:18;0;AV PRO JOSE ARTHUR CARVALHO;;;2819;;Colisão;Luz do Dia;;;Meio de Quadra;;;0;2;0;0;0;0;0;0;0;1;0;0;-38,453759;-3,823192
279155;8;3;2016;16:03;25279;RUA DES WALDEMAR ALVES PEREIRA;AV ROGACIANO LEITE;;;;Colisão;Luz do Dia;;;Cruz;Não Há Controle;Comercial;0;1;0;1;0;0;0;0;0;1;0;0;;
279156;8;3;2016;16:06;0;AV N CJ JOSE WALTER;;;1010;;Colisão;Luz do Dia;Bom;Seca;Meio de Quadra;Não Há Controle;Comercial;1;3;0;1;0;0;0;0;0;1;0;0;-38,561381;-3,840848
279150;8;3;2016;15:45;7631;RUA ALAGOAS;RUA PARANA;;;;Colisão;Luz do Dia;;;Cruz;Outros;Residencial;0;1;0;0;0;0;0;0;0;1;0;0;-38,570138;-3,759958
279145;8;3;2016;15:25;0;AV N CJ JOSE WALTER;;;;;Queda;Luz do Dia;;;Meio de Quadra;;;0;2;0;0;0;0;0;0;0;1;0;0;;
279139;8;3;2016;14:51;0;AV ALBERTO CRAVEIRO;;;1083;;Colisão;Luz do Dia;;;Meio de Quadra;;;0;1;0;0;0;0;0;0;0;0;0;0;;
279140;8;3;2016;15:00;0;AV MR HULL;;;5141;;Atropelamento;Luz do Dia;;;Meio de Quadra;;;0;1;0;0;0;0;0;0;0;0;0;0;-38,590551;-3,739517
279135;8;3;2016;13:31;0;AV ALBERTO CRAVEIRO;;;507;MAKRO;Colisão;Luz do Dia;;;Meio de Quadra;;;0;1;0;0;0;0;0;0;0;0;0;0;-38,51591;-3,781154
279136;8;3;2016;13:51;0;RUA FERNANDO BENEVIDES;;;1355;;Queda;Luz do Dia;;;Meio de Quadra;;;0;1;0;0;0;0;0;0;0;1;0;0;;
279137;8;3;2016;14:02;14665;RUA PDE JANUARIO CAMPOS;RUA DES AVELAR;;;;Colisão;Luz do Dia;;;Cruz;Pare;Residencial;0;1;0;0;0;0;0;0;0;0;0;0;;
278976;8;3;2016;01:19;0;RUA MARGARIDA DE QUEIROZ;;;497;;Colisão;;;;Meio de Quadra;;;0;1;0;0;0;0;0;0;0;1;0;0;-38,503165;-3,793791
278979;8;3;2016;01:23;2967;RUA PEDRO MARTINS;TR RAIMUNDO PINHEIRO;;;;Colisão;;;;;;;0;1;0;1;0;0;0;0;0;1;0;0;-38,600555;-3,799869
278984;8;3;2016;01:50;0;RUA JOAO EMIDIO SILVEIRA;;;;;Queda;;;;Meio de Quadra;;;0;1;0;0;0;0;0;0;0;1;0;0;;
278981;8;3;2016;01:33;14576;RUA JUNIOR ROCHA;RUA DR JOSE PERDIGAO;;;;Colisão;;;;;;;0;2;0;1;0;0;0;0;0;1;0;0;-38,487596;-3,789169
279001;8;3;2016;02:13;0;AV DES GONZAGA;;;861;;Colisão;;;;Meio de Quadra;;;0;1;0;1;0;0;0;0;0;1;0;0;-38,500891;-3,795072
279006;8;3;2016;02:26;15214;AV ABOLICAO;RUA LEONARDO MOTA;;;;Colisão;;;;T;Pare;Comercial;0;1;0;1;0;0;0;0;0;1;0;0;-38,493236;-3,726977
278997;8;3;2016;01:53;0;RUA WALDIR DIOGO;;;455;;Atropelamento;;;;Meio de Quadra;;;0;1;0;0;0;0;0;0;0;1;0;0;-38,582056;-3,806498
279035;8;3;2016;04:19;0;AV CEL CARVALHO;;;2697;;Atropelamento;;;;Meio de Quadra;;;0;1;0;0;0;0;0;0;0;1;0;0;-38,585433;-3,726858
279039;8;3;2016;04:28;0;RUA JOSE EUCLIDES F GOMES;;;96;;Atropelamento;;;;Meio de Quadra;;;0;1;0;0;0;0;1;0;0;0;0;0;;
279041;8;3;2016;04:56;0;AV COS GOMES DE FREITAS (SAPIRANGA/COITE);;;4353;;Colisão;;;;Meio de Quadra;;;0;1;0;1;0;0;0;0;0;1;0;0;;
279044;8;3;2016;05:56;0;RUA JOAO CORDEIRO;;;2631;;Queda;Amanhecer;;;Meio de Quadra;;;0;1;0;0;0;0;0;0;0;1;0;0;-38,518993;-3,743471
279052;8;3;2016;06:11;0;AV B CJ HAB ST SAO JOAO;;;141;;Atropelamento;Luz do Dia;;;Meio de Quadra;;;0;1;0;0;1;0;0;0;0;0;0;0;-38,517754;-3,846588
279010;8;3;2016;02:56;0;RUA GENTILANDIA;;;129;;Colisão;;;;Meio de Quadra;;;0;1;0;0;0;0;0;0;0;1;0;0;-38,501125;-3,841567
279085;8;3;2016;12:33;0;AV FRE CIRILO;;;666;;Queda;Luz do Dia;;;Meio de Quadra;;;0;1;0;0;0;0;0;0;0;1;0;0;;
279090;8;3;2016;13:07;0;AV HERACLITO GRACA;;;500;;Atropelamento;Luz do Dia;;;Meio de Quadra;;;0;1;0;0;0;0;0;0;0;0;0;0;-38,519817;-3,735019