COD_ACIDENTE;DIA;MES;ANO;HORA;INTERSECAO;LOG1;LOG2;LOG3;NUMERO;REFERENCIA;NATUREZA;ILUMINACAO;TEMPO;SUPERFICIEPISTA;TIPOCRUZAMENTO;CONTROLETRAFEGO;USOSOLO;MORTOS;FERIDOS;ILESOS;AUTOMOVEL;ONIBUS;BICICLETA;CAMINHAO;MICROONIBUS;CICLOMOTOR;MOTOCICLETA;TRACAOANIMAL;TREM;LONG;LAT
279068;8;3;2016;10:53;0;AV DA INDEPENDENCIA;;;630;;Colisão;Luz do Dia;;;Meio de Quadra;;;0;1;0;1;0;0;0;0;0;1;0;0;-38,586113;-3,728345
279075;8;3;2016;12:09;0;RUA ALBERTO MAGNO;;;239;;Atropelamento;Luz do Dia;;;Meio de Quadra;;;0;1;0;0;1;0;0;0;0;0;0;0;;
279076;8;3;2016;12:27;0;RUA ALMEIDA PRADO;;;420;;Colisão;Luz do Dia;;;Meio de Quadra;;;0;1;1;1;0;0;0;0;0;1;0;0;;
279079;8;3;2016;12:28;15323;RUA OSVALDO CRUZ (ALDEOTA);RUA REPUBLICA DO LIBANO;;;;Colisão;Luz do Dia;;;Cruz;Pare;Residencial;0;1;0;1;0;0;0;0;0;1;0;0;-38,498717;-3,730644
279070;8;3;2016;11:12;0;AV BEZERRA DE MENEZES;;;2450;;Atropelamento;Luz do Dia;;;Meio de Quadra;;;0;2;0;0;0;0;0;0;0;1;0;0;-38,566326;-3,736062
279063;8;3;2016;10:05;0;RUA DOS ABOLICIONISTAS;;;50;;Colisão;Luz do Dia;;;Meio de Quadra;;;0;1;1;1;0;0;0;0;0;1;0;0;;
279065;8;3;2016;10:13;0;AV PERIMETRAL;;;4677;CHESF;Colisão;Luz do Dia;;;Meio de Quadra;;;0;1;0;1;0;0;0;0;0;1;0;0;-38,539371;-3,825728
279066;8;3;2016;10:19;3420;AV JOAO PESSOA;RUA DES PRAXEDES;;;;Colisão;Luz do Dia;;;Cruz;Semáforo;Comercial;0;1;0;0;0;0;0;0;0;0;0;0;-38,553504;-3,756946
279061;8;3;2016;09:44;18404;AV SGT HERMINIO SAMPAIO;AV GOV PARSIFAL BARROSO;;;;Queda;Luz do Dia;;;Cruz;Semáforo;Comercial;0;1;0;0;0;0;0;0;0;1;0;0;-38,569276;-3,727916
279056;8;3;2016;06:55;0;RUA RAIMUNDO MAGALHAES;;;69;;Colisão;Luz do Dia;;;Meio de Quadra;;;0;1;0;1;0;1;0;0;0;0;0;0;-38,562639;-3,708982
279057;8;3;2016;09:18;0;AV FRANCISCO SA;;;6468;;Queda;Luz do Dia;;;Meio de Quadra;;;0;1;0;0;0;0;0;0;0;1;0;0;-38,582291;-3,708612
279058;8;3;2016;09:23;0;RD BR 116;;;3000;KM-03;Atropelamento;Luz do Dia;;;Meio de Quadra;;;0;1;0;1;0;0;0;0;0;0;0;0;-38,514372;-3,779838
279095;8;3;2016;13:31;0;AV ALBERTO CRAVEIRO;;;507;MAKRO;Colisão;Luz do Dia;;;Meio de Quadra;;;0;0;1;0;0;0;0;0;0;0;0;0;-38,51591;-3,781154
285346;8;3;2016;12:50;0;AV FRANCISCO SA;;;1600;QUARTEL DOS BOMBEIROS;Atropelamento;Luz do Dia;;;Meio de Quadra;;;0;2;0;1;0;0;0;0;0;0;0;0;-38,54;-3,723054
279165;9;3;2016;01:22;0;AV PERIMETRAL;;;144;CSU;Queda;;;;Meio de Quadra;;;0;1;0;0;0;0;0;0;0;1;0;0;-38,58238;-3,753308
279244;9;3;2016;16:41;0;AV CEL CARVALHO;;;1151;;Atropelamento;Luz do Dia;;;Meio de Quadra;;;0;1;0;0;0;0;0;0;0;1;0;0;-38,589145;-3,712551
279240;9;3;2016;15:04;1487;RUA MAL RONDON;AV SANTOS DUMONT;;;;Colisão;Luz do Dia;;;T;Gesto;Comercial;0;2;0;1;0;0;0;0;0;1;0;0;-38,488638;-3,739368
279201;9;3;2016;11:15;14421;AV SGT HERMINIO SAMPAIO;RUA PDE ANCHIETA;;;;Colisão;Luz do Dia;;;Cruz;Semáforo;Comercial;0;1;0;1;0;0;0;0;0;1;0;0;-38,551079;-3,724693
279235;9;3;2016;14:02;0;RUA PINDORAMA;;;231;;Colisão;Luz do Dia;;;;;;0;2;0;1;0;0;0;0;0;1;0;0;;
279237;9;3;2016;14:56;0;RUA CEL ERNESTO MATOS;;;227;;Colisão;Luz do Dia;;;Meio de Quadra;;;0;1;0;1;0;0;0;0;0;1;0;0;-38,489294;-3,827178
279204;9;3;2016;12:00;0;AV PERIMETRAL;;;5445;;Colisão;Luz do Dia;;;Meio de Quadra;;;0;1;0;0;0;0;0;0;0;0;0;0;;
279206;9;3;2016;12:14;0;AV COSTA OESTE;;;105;;Colisão;Luz do Dia;;;Meio de Quadra;;;0;1;0;1;0;0;0;0;0;1;0;0;;
279207;9;3;2016;12:16;0;AV MIN JOSE AMERICO;;;1960;;Queda;Luz do Dia;;;Meio de Quadra;;;0;1;0;0;0;0;0;0;0;1;0;0;;
279208;9;3;2016;13:12;0;AV DR SILAS MUNGUBA;;;4549;;Atropelamento;Luz do Dia;;;Meio de Quadra;;;0;3;0;0;0;0;0;0;0;1;0;0;-38,534792;-3,793367
279209;9;3;2016;13:46;0;AV AUGUSTO DOS ANJOS;;;354;;Colisão;Luz do Dia;;;Meio de Quadra;;;0;1;0;1;0;0;0;0;0;1;0;0;-38,57182;-3,772013
279196;9;3;2016;11:05;0;AV JOAO PESSOA;;;5219;;Queda;Luz do Dia;;;Meio de Quadra;;;0;1;0;0;0;0;0;0;0;1;0;0;-38,553702;-3,757168
279186;9;3;2016;04:54;0;RUA JOSE VILAR;;;1320;;Colisão;;;;Meio de Quadra;;;0;1;0;1;0;0;0;0;0;1;0;0;-38,504815;-3,736222
279187;9;3;2016;05:49;0;RUA JOSE ALVES CAMPOS;;;169;;Colisão;Amanhecer;;;Meio de Quadra;;;0;1;1;0;0;0;0;0;0;0;0;0;-38,491429;-3,759708
279188;9;3;2016;07:33;0;AV JOSE JATAHY;;;105;;Queda;Luz do Dia;;;Meio de Quadra;;;0;2;0;0;0;0;0;0;0;1;0;0;-38,543171;-3,740217
279191;9;3;2016;09:54;0;AV RAD JOSE LIMA VERDE;;;;;Queda;Luz do Dia;;;Meio de Quadra;;;0;1;0;0;0;1;0;0;0;0;0;0;;
279192;9;3;2016;10:32;0;AV ANTONIO SALES;;;1453;;Colisão;Luz do Dia;;;Meio de Quadra;;;0;1;0;0;0;0;0;0;0;0;0;0;-38,510778;-3,742852
279184;9;3;2016;03:58;0;RUA JOSE JUSTA;;;4620;;Queda;;;;Meio de Quadra;;;0;1;0;0;0;1;0;0;0;0;0;0;;
279181;9;3;2016;03:49;0;AV FRE CIRILO;;;4080;;Colisão;;;;Meio de Quadra;;;0;1;0;0;0;0;0;0;0;1;0;0;-38,49634;-3,819795
279177;9;3;2016;02:02;0;AV JOAO PESSOA;;;6094;;Colisão;;;;Meio de Quadra;;;0;1;0;1;0;0;0;0;0;1;0;0;-38,558348;-3,76369
279175;9;3;2016;01:38;0;AV ZEZE DIOGO;;;;;Queda;;;;Meio de Quadra;;;0;1;0;0;0;0;0;0;0;1;0;0;;
279171;9;3;2016;01:28;0;AV DIOGUINHO;;;4056;;Colisão;;;;Meio de Quadra;;;0;1;0;0;0;0;0;0;0;0;0;0;;
279934;9;3;2016;15:40;1564;RUA LEONARDO MOTA;RUA CAROLINA SUCUPIRA;;;;Colisão;Luz do Dia;;;Cruz;Pare;Rural;0;0;2;1;0;0;0;0;0;0;0;0;-38,497995;-3,741825
279939;9;3;2016;17:22;0;RUA MANUEL FIGUEIREDO;;;;;Colisão;Anoitecer;;;Meio de Quadra;;;0;0;2;0;0;0;1;0;0;0;0;0;;
275430;9;3;2016;12:00;0;AV DR SILAS MUNGUBA;;;1357;;Colisão Lateral;Luz do Dia;;;Meio de Quadra;;;0;3;1;1;0;0;0;0;0;1;0;0;-38,554336;-3,783334
275427;9;3;2016;16:10;0;AV ANTONIO SALES;;;1453;;Colisão Lateral;Luz do Dia;;;Meio de Quadra;;;0;1;2;1;0;0;0;0;0;1;0;0;-38,510778;-3,742852
275434;9;3;2016;15:20;0;RUA VIRIATO RIBEIRO;;;749;;Choque c/ Obstáculo Fixo;Luz do Dia;;;Meio de Quadra;;;0;0;1;0;0;0;0;0;0;0;0;0;-38,560259;-3,751289
275435;9;3;2016;08:40;26253;RUA VIA LACTEA;RUA URANO;;;;Colisão Lateral;Luz do Dia;;;;;;0;0;2;1;0;0;1;0;0;0;0;0;;
275504;9;3;2016;15:40;13233;AV L CJ JOSE WALTER;AV F CJ JOSE WALTER;;;;Colisão Transversal;Luz do Dia;;;Cruz;Pare;Residencial;0;1;1;1;0;0;0;0;0;1;0;0;-38,558805;-3,835328
275505;9;3;2016;14:30;25986;RUA PDE PEDRO DE ALENCAR;RUA MANOEL VIRINO;;;;Colisão Traseira;Luz do Dia;;;Cruz;Não Há Controle;Comercial;0;0;2;1;0;0;0;0;0;0;0;0;-38,494812;-3,848501
275507;9;3;2016;06:00;9168;AV BORGES DE MELO;AV LUCIANO CARNEIRO;;;;Colisão Transversal;Luz do Dia;;;Cruz;Semáforo;Residencial;0;1;1;1;0;0;0;0;0;1;0;0;-38,534097;-3,756465
275518;9;3;2016;09:00;5473;AV HERACLITO GRACA;RUA JOAO CORDEIRO;;;;Colisão Traseira;Luz do Dia;;;T;Não Há Controle;Residencial;0;0;2;1;0;0;1;0;0;0;0;0;;
275514;9;3;2016;09:05;9143;RUA JUVENAL DE CARVALHO;RUA DR JOSE VITOR;;;;Colisão Lateral;Luz do Dia;;;Cruz;Pare;Residencial;0;2;1;1;0;0;0;0;0;1;0;0;-38,525101;-3,747585
275511;9;3;2016;09:30;9169;AV LUCIANO CARNEIRO;RUA DR ALFREDO WEYNE D14;;;;Colisão Transversal;Luz do Dia;;;T;Pare;Comercial;0;2;1;1;0;0;0;0;0;1;0;0;-38,533556;-3,754682
275537;9;3;2016;23:50;15312;RUA SILVA JATAHY;RUA PRO DIAS DA ROCHA;;;;Colisão Lateral;;;;Cruz;Pare;Comercial;0;0;2;1;0;0;0;0;0;1;0;0;-38,489982;-3,730205
275535;9;3;2016;17:30;0;VL DO MAR;;;109;;Colisão Lateral Sentido Oposto;Anoitecer;;;Meio de Quadra;;;0;1;1;1;0;0;0;0;0;1;0;0;;
275526;9;3;2016;16:00;16039;AV PRS COSTA E SILVA;RUA CEL TIBURCIO;;;;Colisão Lateral;Luz do Dia;;;Cruz;Semáforo;Outros;0;0;2;1;0;0;0;0;0;1;0;0;-38,573703;-3,812167
275523;9;3;2016;19:00;15322;RUA CANUTO DE AGUIAR;RUA BARBOSA DE FREITAS;;;;Colisão Lateral;;;;Cruz;Pare;Comercial;0;1;1;1;0;0;0;0;0;1;0;0;-38,495453;-3,730624
275417;9;3;2016;12:40;0;AV DES MOREIRA;;;790;PRAÇA PORTUGAL;Colisão Lateral;Luz do Dia;;;Meio de Quadra;;;0;0;2;1;0;0;0;0;0;0;0;0;-38,497371;-3,733118
275402;9;3;2016;14:00;19721;RUA GUSTAVO SAMPAIO;RUA AMADEU FURTADO;;;;Colisão Lateral;Luz do Dia;;;Cruz;Pare;Residencial;0;1;1;0;0;0;0;0;0;1;0;0;-38,563828;-3,736786
275403;9;3;2016;14:00;0;RUA MAL RONDON;;;281;;Colisão Lateral;Luz do Dia;;;Meio de Quadra;;;0;0;2;1;0;0;0;0;0;0;0;0;-38,489442;-3,741918
275405;9;3;2016;08:00;3324;RUA VIRIATO RIBEIRO;RUA URUGUAI;;;;Colisão Transversal;Luz do Dia;;;Cruz;Pare;Residencial;0;0;2;1;0;0;0;0;0;0;0;0;-38,563322;-3,748176
275406;9;3;2016;09:50;0;AV BEZERRA DE MENEZES;;;;;Colisão;Luz do Dia;;;Meio de Quadra;;;0;0;2;1;0;0;0;0;0;0;0;0;;
275407;9;3;2016;10:10;0;AV N CJ JOSE WALTER;;;;;Colisão Lateral;Luz do Dia;;;Meio de Quadra;;;0;0;2;1;0;0;0;0;0;0;0;0;;
278199;9;3;2016;09:20;0;RD CE-040;;;;KM-08;Colisão;Luz do Dia;Bom;Seca;Meio de Quadra;;;0;1;1;0;0;0;0;0;0;1;0;0;-38,483033;-3,817159
278197;9;3;2016;14:00;0;RD CE-040;;;;;Colisão;Luz do Dia;Bom;Seca;Meio de Quadra;;;0;0;2;1;0;0;0;0;0;1;0;0;;
278195;9;3;2016;10:30;0;AV SEN CARLOS JEREISSATI (AEROPORTO);;;;KM 01;Colisão;Luz do Dia;Bom;Seca;Meio de Quadra;;;0;0;2;1;0;0;0;0;0;0;0;0;-38,52685;-3,783753
278191;9;3;2016;07:27;0;AV SEN CARLOS JEREISSATI (AEROPORTO);;;;KM 01;Colisão;Luz do Dia;Bom;Seca;Meio de Quadra;;;0;1;1;1;0;0;0;0;0;0;0;0;-38,52685;-3,783753
278192;9;3;2016;07:55;0;AV SEN CARLOS JEREISSATI (AEROPORTO);;;;KM 01;Colisão;Luz do Dia;Bom;Seca;Meio de Quadra;;;0;0;2;1;0;0;0;0;0;1;0;0;-38,52685;-3,783753
283008;9;3;2016;10:20;0;RUA MIN ALBUQUERQUE LIMA;;;280;;Colisão;Luz do Dia;;;Meio de Quadra;Semáforo;Comercial;0;1;1;1;0;0;1;0;0;0;0;0;-38,608653;-3,76793
276056;9;3;2016;05:55;0;RD BR 116;;;14000;KM-14;Colisão Traseira;Amanhecer;Bom;Seca;Meio de Quadra;;;0;2;1;1;0;1;0;0;0;0;0;0;-38,499242;-3,873523
283790;9;3;2016;06:29;0;AV DIOGUINHO;;;;;Colisão;Luz do Dia;;;Meio de Quadra;;;0;0;2;0;0;0;0;0;0;0;0;0;;
283793;9;3;2016;07:23;17428;RUA ALBERTO MAGNO;RUA CESAR ROSSAS;;;;Colisão;Luz do Dia;;;Cruz;Semáforo;Comercial;0;0;3;0;0;0;0;0;0;0;0;0;-38,552686;-3,768561
283808;9;3;2016;09:22;0;RUA FRANCISCO VILELA;;;240;;Colisão;Luz do Dia;;;Meio de Quadra;;;0;0;2;0;0;0;0;0;0;0;0;0;;
283814;9;3;2016;09:16;0;RUA VIA LACTEA;;;186;;Colisão;Luz do Dia;;;Meio de Quadra;;;0;1;1;1;0;0;0;0;0;0;0;0;;
283819;9;3;2016;10:27;0;AV PRS CASTELO BRANCO;;;;;Colisão;Luz do Dia;;;Meio de Quadra;;;0;0;2;1;0;0;0;0;0;0;0;0;;
283834;9;3;2016;12:32;0;AV 13 DE MAIO;;;;;Colisão;Luz do Dia;;;Meio de Quadra;;;0;0;2;0;1;0;0;0;0;0;0;0;;
283836;9;3;2016;13:39;4269;AV PRS CASTELO BRANCO;RUA ALVARO DE ALENCAR;;;;Colisão;Luz do Dia;;;Cruz;Pare;Rural;0;0;2;1;0;0;0;0;0;0;0;0;-38,55723;-3,711624
283843;9;3;2016;14:41;1564;RUA LEONARDO MOTA;RUA CAROLINA SUCUPIRA;;;;Colisão;Luz do Dia;;;Cruz;Pare;Residencial;0;0;2;0;0;0;0;0;0;0;0;0;-38,497995;-3,741825
283844;9;3;2016;14:58;0;RUA VIRIATO RIBEIRO;;;750;;Colisão;Luz do Dia;;;Meio de Quadra;;;0;0;1;0;0;0;0;0;0;0;0;0;;
283846;9;3;2016;15:48;0;AV EDILSON B SOARES;;;;;Colisão;Luz do Dia;;;Meio de Quadra;;;0;0;2;0;0;0;0;0;0;0;0;0;;
283848;9;3;2016;15:49;12925;AV AGUANAMBI;AV DOMINGOS OLIMPIO;;;;Colisão;Luz do Dia;;;;;;0;0;2;0;0;0;0;0;0;0;0;0;-38,524628;-3,738683
283852;9;3;2016;16:34;0;RUA CEL LINHARES;;;930;;Colisão;Luz do Dia;;;Meio de Quadra;;;0;0;2;0;0;0;0;0;0;0;0;0;-38,494157;-3,736564
283865;9;3;2016;21:39;0;RUA JULIO BRAGA;;;;;Colisão;;;;Meio de Quadra;;;0;0;2;0;0;0;0;0;0;0;0;0;;
283861;9;3;2016;18:02;0;AV DEP PAULINO ROCHA;;;2183;;Colisão;Anoitecer;;;Meio de Quadra;;;0;0;2;1;0;0;0;0;0;0;0;0;-38,516874;-3,810762
275332;9;3;2016;20:45;0;AV DA INDEPENDENCIA;;;1136;;Atropelamento;Mal Iluminada;Bom;Seca;Meio de Quadra;Não Há Controle;Residencial;0;3;1;0;0;0;0;0;0;1;0;0;-38,590913;-3,726927
275330;9;3;2016;19:00;2378;AV FRANCISCO SA;RUA 01 UI 901;;;;Colisão Transversal;;;;T;Não Há Controle;Residencial;0;1;1;1;0;0;0;0;0;1;0;0;-38,587394;-3,705552
275351;9;3;2016;05:15;5091;RUA CASTRO E SILVA;RUA GAL SAMPAIO;;;;Colisão Transversal;Amanhecer;;;Cruz;Semáforo;Comercial;0;0;2;1;0;0;0;0;0;0;0;0;-38,52967;-3,723098
275346;9;3;2016;06:00;15255;RUA TEN BENEVOLO;RUA MON BRUNO;;;;Colisão Transversal;Luz do Dia;;;Cruz;Pare;Residencial;0;0;2;0;1;0;0;0;0;0;0;0;-38,508124;-3,728332
275343;9;3;2016;17:00;22081;RUA CAP FRANCISCO PEDRO;RUA GUSTAVO BRAGA;;;;Colisão Transversal;Anoitecer;;;Cruz;Pare;Comercial;0;0;2;1;0;0;0;0;0;0;0;0;-38,552452;-3,751155
275369;9;3;2016;07:20;4082;AV JOAO PESSOA;RUA CEARA;;;;Colisão Transversal;Luz do Dia;;;T;Semáforo;Comercial;0;2;0;0;0;0;0;0;0;1;0;0;-38,558244;-3,763434
275365;9;3;2016;17:30;0;RUA JOAQUIM PINTO;;;1171;;Colisão Traseira;Anoitecer;;;Meio de Quadra;;;0;0;2;1;0;0;0;0;0;0;0;0;;
275357;9;3;2016;14:15;7648;AV CARNEIRO DE MENDONCA;RUA PAULO DE FRONTIM;;;;Colisão;Luz do Dia;;;Cruz;Não Há Controle;Comercial;0;0;2;1;0;0;0;0;0;0;0;0;-38,570794;-3,761949
275380;10;3;2016;16:00;10716;RUA PRO HERIBALDO COSTA;RUA PRO EDGAR DE ARRUDA;;;;Colisão Transversal;Luz do Dia;Bom;Seca;T;Pare;Residencial;0;0;2;1;0;0;0;0;0;0;0;0;-38,583335;-3,759016
275378;10;3;2016;08:10;3419;AV JOAO PESSOA;RUA MIGUEL GONCALVES;;;;Colisão Transversal;Luz do Dia;Chuva;Molhada;Cruz;Pare;Comercial;0;1;1;0;0;0;1;0;0;1;0;0;-38,55508;-3,75871
275382;10;3;2016;00:00;20117;RUA PRO JOSE SILVEIRA;RUA REGINA DE FATIMA;;;;Colisão Transversal;Via Iluminada;Bom;Seca;Cruz;Pare;Residencial;0;0;3;1;0;0;0;0;0;0;0;0;-38,524013;-3,809617
275385;10;3;2016;09:00;5692;AV DES GONZAGA;RUA MARGARIDA DE QUEIROZ;;;;Colisão Transversal;Luz do Dia;Bom;Seca;Cruz;Pare;Comercial;0;1;1;1;0;0;0;0;0;1;0;0;-38,501753;-3,793168
283877;10;3;2016;08:32;930;AV AGUANAMBI;AV BORGES DE MELO;;;;Colisão;Luz do Dia;;;Cruz;Não Há Controle;Misto;0;0;2;0;0;0;0;0;0;0;0;0;-38,52388;-3,760928
283870;10;3;2016;05:54;0;RUA JULIO CESAR D04;;;920;;Colisão;Amanhecer;;;Meio de Quadra;;;0;0;2;0;0;0;0;0;0;0;0;0;;
284004;10;3;2016;17:35;0;AV AGUANAMBI;;;1760;;Colisão;Anoitecer;;;Meio de Quadra;;;0;0;2;0;0;0;0;0;0;0;0;0;-38,523395;-3,752061
284006;10;3;2016;17:36;0;AV N CJ JOSE WALTER;;;;;Colisão;Anoitecer;;;Meio de Quadra;;;0;0;2;0;0;0;0;0;0;0;0;0;;
284007;10;3;2016;17:50;0;RUA PDE ANCHIETA;;;438;;Colisão;Anoitecer;;;Meio de Quadra;;;0;0;2;0;0;0;0;0;0;0;0;0;-38,550795;-3,723848
284012;10;3;2016;18:09;6765;AV PDE ANTONIO TOMAS;RUA VER PAULO MAMEDE;;;;Colisão;Anoitecer;;;T;Outros;Residencial;0;0;2;0;0;0;0;0;0;0;0;0;-38,480486;-3,746376
284013;10;3;2016;18:33;0;LOGRADOURO SEM NOME;;;645;;Colisão;;;;Meio de Quadra;;;0;0;2;0;0;0;0;0;0;0;0;0;;
284025;10;3;2016;19:35;15245;RUA LEONARDO MOTA;AV ANTONIO JUSTA;;;;Colisão;;;;Cruz;Pare;Comercial;0;0;2;0;0;0;0;0;0;0;0;0;-38,493542;-3,727945
284026;10;3;2016;19:42;6756;AV ANTONIO SALES;AV ENG SANTANA JUNIOR;;;;Colisão;;;;Outros;Não Há Controle;Comercial;0;0;2;0;0;0;0;0;0;0;0;0;-38,490039;-3,749257
284030;10;3;2016;21:07;13060;AV J CJ JOSE WALTER;RUA 28 CJ JOSE WALTER;;;;Colisão;;;;;;;0;0;2;0;0;0;0;0;0;0;0;0;-38,554511;-3,827165
283972;10;3;2016;15:50;15329;RUA REPUBLICA DO LIBANO;RUA VIS MAUA;;;;Colisão;Luz do Dia;;;Cruz;Pare;Residencial;0;0;2;0;0;0;0;0;0;0;0;0;-38,49775;-3,73096
283964;10;3;2016;14:43;0;RUA ROSA CORDEIRO;;;;;Colisão;Luz do Dia;;;Meio de Quadra;;;0;0;2;0;0;0;0;0;0;0;0;0;;
283985;10;3;2016;17:03;9243;AV DOS EXPEDICIONARIOS;AV EDUARDO GIRAO;;;;Colisão;Anoitecer;;;;Não Há Controle;Outros;0;0;1;0;0;0;0;0;0;0;0;0;-38,536849;-3,750712
283986;10;3;2016;17:09;0;AV DR THEBERGE;;;2370;;Colisão;Anoitecer;;;Meio de Quadra;;;0;0;2;0;0;0;0;0;0;0;0;0;-38,567508;-3,722444
284001;10;3;2016;17:33;0;AV AGUANAMBI;;;;;Colisão;Anoitecer;;;Meio de Quadra;;;0;0;2;0;0;0;0;0;0;0;0;0;;
283890;10;3;2016;09:49;0;AV GAL OSORIO DE PAIVA;;;1841;;Colisão;Luz do Dia;;;Meio de Quadra;;;0;0;2;0;0;0;0;0;0;0;0;0;-38,578827;-3,783383
283901;10;3;2016;11:10;1333;RUA BARBOSA DE FREITAS;RUA MARIA TOMASIA;;;;Colisão;Luz do Dia;;;Cruz;Gesto;Comercial;0;0;2;0;0;0;0;0;0;0;0;0;-38,497042;-3,735546
283903;10;3;2016;11:45;1534;RUA EDUARDO GARCIA;RUA MON CATAO;;;;;Luz do Dia;;;Cruz;Pare;Residencial;0;0;2;0;0;0;0;0;0;0;0;0;-38,491196;-3,740726
283907;10;3;2016;11:47;0;AV GAL OSORIO DE PAIVA;;;4807;;Colisão;Luz do Dia;;;Meio de Quadra;;;0;0;2;0;0;0;0;0;0;0;0;0;-38,598452;-3,800996
283921;10;3;2016;12:11;6721;AV ENG SANTANA JUNIOR;RUA BENTO ALBUQUERQUE;;;;Colisão;Luz do Dia;;;Cruz;Semáforo;Misto;0;0;2;0;0;0;0;0;0;0;0;0;-38,486538;-3,742678
283933;10;3;2016;12:15;0;RUA VINTE E QUATRO DE MAIO;;;130;;Colisão;Luz do Dia;;;Meio de Quadra;;;0;0;2;0;0;0;0;0;0;0;0;0;-38,530679;-3,722824
283942;10;3;2016;13:33;23618;AV SGT HERMINIO SAMPAIO;RUA PRO JOAQUIM ANTONIO;;;;Colisão;Luz do Dia;;;Cruz;Pare;Misto;0;0;2;0;0;0;1;0;0;0;0;0;-38,563905;-3,726971
276057;10;3;2016;22:10;0;RD BR 116;;;700;KM-02;Colisão;Via Iluminada;Bom;Seca;Meio de Quadra;;;0;2;0;0;0;1;0;0;0;1;0;0;-38,5091;-3,791713
276159;10;3;2016;18:00;0;RD BR 222;;;;KM-01;Atropelamento;Anoitecer;Bom;Seca;Meio de Quadra;;;0;1;1;0;0;0;0;0;0;1;0;0;-38,578147;-3,737698
303267;10;3;2016;08:53;0;AV DOM MANUEL;;;123;;Engavetamento;Luz do Dia;Nublado;Molhada;Meio de Quadra;Semáforo;Comercial;0;0;3;1;0;0;0;0;0;0;0;0;-38,520134;-3,725304
278202;10;3;2016;14:50;0;AV SEN CARLOS JEREISSATI (AEROPORTO);;;;KM 03;Colisão;Luz do Dia;Bom;Seca;Meio de Quadra;;;0;0;2;1;0;0;0;0;0;0;0;0;-38,544038;-3,779641
278203;10;3;2016;08:40;0;RD CE-040;;;;KM-06;Colisão;Luz do Dia;Bom;Seca;Meio de Quadra;;;0;1;1;1;0;0;0;0;0;1;0;0;-38,479535;-3,800596
278205;10;3;2016;16:27;0;RD CE-040;;;;KM-03;Colisão;Luz do Dia;Bom;Seca;Meio de Quadra;;;0;0;2;1;0;0;0;0;0;1;0;0;-38,481799;-3,773616
275408;10;3;2016;20:10;0;LOGRADOURO SEM NOME;;;;;Colisão Lateral;Via Iluminada;Bom;Seca;Meio de Quadra;Pare;Residencial;0;0;2;0;1;0;0;0;0;0;0;0;;
275409;10;3;2016;17:15;0;AV DOM MANUEL;;;;;Colisão Lateral;Mal Iluminada;Bom;Seca;Meio de Quadra;Semáforo;Lazer;0;0;2;1;0;0;0;0;0;0;0;0;;
275410;10;3;2016;01:20;24970;AV ALM HENRIQUE SABOIA;RUA VICENTE LEITE;;;;Colisão Traseira;Via Iluminada;Bom;Seca;Outros;Não Há Controle;Residencial;0;0;3;1;0;0;0;0;0;0;0;0;-38,499821;-3,752102
275411;10;3;2016;09:00;26227;AV GAL OSORIO DE PAIVA;RUA AGAMENON;;;;Colisão Traseira;Luz do Dia;Bom;Seca;Cruz;Semáforo;Comercial;0;1;1;1;0;0;0;0;0;1;0;0;;
275416;10;3;2016;15:30;14635;RUA LIDIA BRIGIDO;RUA ANGRA DOS REIS;;;;Colisão Lateral;Luz do Dia;Bom;Seca;Cruz;;Residencial;0;0;2;1;0;0;1;0;0;0;0;0;;
275413;10;3;2016;10:50;0;AV GODOFREDO MACIEL;;;4000;;Colisão Traseira;Luz do Dia;Bom;Seca;Meio de Quadra;Outros;Comercial;0;0;2;1;0;0;0;0;0;0;0;0;-38,573939;-3,809372
275414;10;3;2016;09:50;16557;RUA MIRTYL MEYER;AV GODOFREDO MACIEL;;;;Colisão Lateral;Luz do Dia;Bom;Seca;Cruz;Outros;Residencial;0;0;2;1;0;0;0;0;0;0;0;0;-38,573893;-3,809211
275398;10;3;2016;14:00;24955;AV ALM HENRIQUE SABOIA;AV ANTONIO JUSTA;;;;Colisão Lateral;Luz do Dia;Bom;Seca;T;Pare;Residencial;0;0;2;1;0;0;1;0;0;0;0;0;-38,48235;-3,731616
275524;10;3;2016;08:15;309;AV ENG HUMBERTO MONTE;RUA ROTARY;;;;Colisão Lateral;Luz do Dia;Nublado;Seca;Cruz;Pare;Comercial;0;2;0;0;0;0;0;0;0;1;0;0;-38,564784;-3,743862
275528;10;3;2016;09:00;0;AV DOMINGOS OLIMPIO;;;1250;;Colisão Lateral;Luz do Dia;Bom;Seca;Meio de Quadra;Não Há Controle;Comercial;0;0;2;1;1;0;0;0;0;0;0;0;-38,535141;-3,735303
275520;10;3;2016;13:20;7762;AV ANTONIO SALES;RUA NUNES VALENTE;;;;Colisão Transversal;Luz do Dia;Bom;Seca;Cruz;Pare;Comercial;0;0;2;1;0;0;0;0;0;0;0;0;-38,506314;-3,744237
275532;10;3;2016;17:05;0;AV AGUANAMBI;;;;;Colisão Traseira;Anoitecer;Bom;Seca;Meio de Quadra;Semáforo;Comercial;0;0;2;1;1;0;0;0;0;0;0;0;;
275530;10;3;2016;07:40;0;RUA JOAQUIM MAGALHAES;;;440;;Colisão Lateral;Luz do Dia;Bom;Seca;Meio de Quadra;;Comercial;0;0;2;1;0;0;0;0;0;0;0;0;-38,531682;-3,738723
275512;10;3;2016;09:00;0;AV AGUANAMBI;;;;;Colisão Traseira;Luz do Dia;Bom;Seca;Meio de Quadra;Semáforo;Outros;0;0;3;1;0;0;1;0;0;0;0;0;;
275510;10;3;2016;13:10;18743;RUA VALPARAISO;RUA CATOLE;;;;Colisão Lateral;Luz do Dia;Bom;Seca;Cruz;Pare;Comercial;0;0;2;1;0;0;0;0;0;0;0;0;-38,520171;-3,846407