COD_ACIDENTE;DIA;MES;ANO;HORA;INTERSECAO;LOG1;LOG2;LOG3;NUMERO;REFERENCIA;NATUREZA;ILUMINACAO;TEMPO;SUPERFICIEPISTA;TIPOCRUZAMENTO;CONTROLETRAFEGO;USOSOLO;MORTOS;FERIDOS;ILESOS;AUTOMOVEL;ONIBUS;BICICLETA;CAMINHAO;MICROONIBUS;CICLOMOTOR;MOTOCICLETA;TRACAOANIMAL;TREM;LONG;LAT
275508;10;3;2016;16:00;0;RUA CEL SOLON;;;380;;Colisão Lateral;Luz do Dia;Bom;Seca;Meio de Quadra;Não Há Controle;Residencial;0;2;1;1;0;0;0;0;0;1;0;0;-38,527628;-3,743047
275493;10;3;2016;15:20;0;AV ALBERTO CRAVEIRO;;;2571;;Colisão Traseira;Luz do Dia;Bom;Seca;Meio de Quadra;Não Há Controle;Comercial;0;1;1;1;0;0;0;0;0;1;0;0;-38,521176;-3,802757
275543;10;3;2016;13:30;15343;RUA NUNES VALENTE;RUA PEREIRA FILGUEIRAS;;;;Colisão Transversal;Luz do Dia;Bom;Seca;Cruz;Semáforo;Misto;0;0;2;1;1;0;0;0;0;0;0;0;-38,50231;-3,731786
275549;10;3;2016;20:00;0;AV ANTONIO SALES;;;;;Colisão Traseira;Via Iluminada;Bom;Seca;Meio de Quadra;Não Há Controle;Comercial;0;0;3;1;0;0;0;0;0;0;0;0;;
275506;10;3;2016;17:00;19611;AV GODOFREDO MACIEL;RUA NEREU RAMOS;;;;Colisão Traseira;Luz do Dia;Bom;Seca;T;Semáforo;Residencial;0;1;1;1;0;0;1;0;0;0;0;0;-38,566802;-3,78725
275488;10;3;2016;11:40;0;RUA SENA MADUREIRA;;;795;;Colisão Transversal;Luz do Dia;Bom;Seca;Meio de Quadra;Outros;Comercial;0;0;2;1;0;0;0;0;0;1;0;0;-38,525858;-3,728021
275468;10;3;2016;10:45;5434;AV DOM MANUEL;AV HERACLITO GRACA;;;;Colisão Traseira;Luz do Dia;Bom;Seca;Cruz;Semáforo;Comercial;0;2;1;1;0;0;0;0;0;1;0;0;-38,522952;-3,734013
275458;10;3;2016;14:00;0;AV DOLOR BARREIRA;;;;;Colisão Lateral;Luz do Dia;Bom;Seca;Outros;Pare;Residencial;0;0;2;1;0;0;0;0;0;0;0;0;;
275465;10;3;2016;15:30;0;RUA SILVA PAULET;;;789;;Colisão Traseira;Luz do Dia;Bom;Seca;Meio de Quadra;Não Há Controle;Residencial;0;1;1;1;0;0;0;0;0;0;0;0;-38,50459;-3,731928
275480;10;3;2016;16:00;1275;RUA JOSE VILAR;RUA CARVALHO LIMA D09;;;;Colisão Traseira;Luz do Dia;Bom;Seca;Cruz;Pare;Misto;0;0;2;1;0;0;0;0;0;0;0;0;-38,503879;-3,733342
275437;10;3;2016;20:20;25963;RUA CON DE CASTRO;RUA EUCLIDES PAULINO BARROSO;;;;Colisão Transversal;Via Iluminada;Bom;Seca;Cruz;Pare;Comercial;1;0;1;0;0;0;0;0;0;1;0;0;-38,604444;-3,8225
275444;10;3;2016;08:40;0;AV ALM HENRIQUE SABOIA;;;700;;Colisão Traseira;Luz do Dia;Bom;Seca;Meio de Quadra;Não Há Controle;Residencial;0;0;2;0;0;0;0;0;0;0;0;0;;
275446;10;3;2016;07:10;0;AV PRS COSTA E SILVA;;;3631;;Colisão Traseira;Luz do Dia;Bom;Seca;Meio de Quadra;Semáforo;Residencial;0;0;2;1;0;0;0;0;0;0;0;0;;
275428;10;3;2016;11:35;0;AV SEN FERNANDES TAVORA;;;99;;Colisão Traseira;Luz do Dia;Bom;Seca;Meio de Quadra;;Residencial;0;1;3;0;1;0;1;0;0;0;0;0;-38,572626;-3,767952
275431;10;3;2016;10:00;24347;AV LUCIANO CARNEIRO;RUA DES PRAXEDES;;;;Colisão Transversal;Luz do Dia;Bom;Seca;Cruz;Semáforo;Comercial;0;1;1;1;0;0;0;0;0;1;0;0;-38,536679;-3,764934
275420;10;3;2016;14:30;0;AV GODOFREDO MACIEL;;;427;;Colisão Traseira;Luz do Dia;Bom;Seca;Meio de Quadra;Semáforo;Comercial;0;0;2;1;0;0;0;0;0;0;0;0;-38,564959;-3,780348
275451;10;3;2016;21:30;26207;AV SEN FERNANDES TAVORA;RUA GEORGE ROCHA;;;;Colisão Lateral;Via Iluminada;Bom;Seca;T;;Comercial;0;0;2;1;0;0;0;0;0;0;0;0;;
275448;10;3;2016;15:50;12535;AV MAJ ASSIS;RUA ROSA LEITE OLIVEIRA;;;;Colisão Lateral;Luz do Dia;Bom;Seca;Cruz;Pare;Residencial;0;1;1;1;0;0;0;0;0;1;0;0;-38,586944;-3,723727
275449;10;3;2016;08:50;0;AV AGUANAMBI;;;;;Colisão Traseira;Luz do Dia;Bom;Seca;Meio de Quadra;Não Há Controle;Comercial;0;0;2;1;0;0;1;0;0;0;0;0;;
275440;10;3;2016;15:00;5561;AV CASTANHOLEIRAS;AL ELIANE LUCIA;;;;Colisão Lateral;Luz do Dia;Bom;Seca;Cruz;Gesto;Residencial;0;0;3;0;0;0;0;0;0;1;0;0;-38,467732;-3,750448
275456;10;3;2016;07:40;0;AV PRS COSTA E SILVA;;;;;Engavetamento;Luz do Dia;Bom;Seca;Meio de Quadra;Outros;Comercial;0;0;3;1;0;0;0;0;0;0;0;0;;
275454;10;3;2016;10:00;23707;AV GAL OSORIO DE PAIVA;RUA ARARAQUARA;;;;Colisão Lateral;;Bom;Seca;Duplo T;Pare;Comercial;0;0;2;1;0;0;0;0;0;0;0;0;-38,578753;-3,783347
275462;10;3;2016;19:00;11607;AV DR JOAO MACIEL FILHO;AV JOSE LEON;;;;Colisão Transversal;Luz do Dia;Bom;Seca;Cruz;Pare;Comercial;0;0;2;1;0;0;0;0;0;0;0;0;-38,496603;-3,78913
279941;10;3;2016;16:00;15347;AV DOM LUIS;RUA TIBURCIO CAVALCANTE;;;;Colisão;Luz do Dia;;;T;Semáforo;Comercial;0;0;2;1;1;0;0;0;0;0;0;0;-38,501313;-3,732021
279326;10;3;2016;17:20;0;AV MAE LISBOA;;;2429;;Atropelamento;Anoitecer;;;Meio de Quadra;;;1;0;1;0;0;0;0;0;0;1;0;0;-38,458202;-3,806957
279328;10;3;2016;14:25;0;RUA IRACEMA D71;;;;;Atropelamento;Luz do Dia;;;Meio de Quadra;;;0;1;0;0;0;0;0;0;0;1;0;0;;
279329;10;3;2016;14:28;0;AV CEL CARVALHO;;;2923;;Colisão;Luz do Dia;;;Meio de Quadra;;;0;1;0;1;0;0;0;0;0;1;0;0;;
279331;10;3;2016;14:32;0;AV N CJ JOSE WALTER;;;1766;;Colisão;Luz do Dia;;;Meio de Quadra;;;0;1;0;1;0;0;0;0;0;1;0;0;;
279337;10;3;2016;16:12;0;AV GAL OSORIO DE PAIVA;;;2955;TERMINAL SIQUEIRA;Colisão;Luz do Dia;;;Meio de Quadra;;;0;2;0;0;0;0;0;0;0;1;0;0;-38,587333;-3,78959
279338;10;3;2016;16:27;0;AV JOAO PESSOA;;;264;;Colisão;Luz do Dia;;;Meio de Quadra;;;0;1;0;0;0;0;0;0;0;0;0;0;;
279340;10;3;2016;17:19;0;RUA PRO GOMES BRASIL;;;240;;Atropelamento;Anoitecer;;;Meio de Quadra;;;0;1;0;0;0;0;0;0;0;1;0;0;-38,567866;-3,773728
279342;10;3;2016;17:44;0;AV MR HULL;;;;;Atropelamento;Anoitecer;;;Meio de Quadra;;;0;1;0;0;0;0;0;0;0;1;0;0;;
279352;10;3;2016;19:29;0;AV PRS CASTELO BRANCO;;;6417;CUCA CHE GUEVARA;Colisão;;;;Meio de Quadra;;;0;1;0;1;0;1;0;0;0;0;0;0;-38,586864;-3,700439
279350;10;3;2016;19:16;0;AV J CJ JOSE WALTER;;;111;;Atropelamento;;;;Meio de Quadra;;;0;1;0;1;0;0;0;0;0;0;0;0;-38,554165;-3,82604
279345;10;3;2016;18:10;0;RD BR 020;;;;;Colisão;Anoitecer;;;Meio de Quadra;;;0;1;0;1;0;0;0;0;0;1;0;0;;
279346;10;3;2016;18:50;0;RUA CON DE CASTRO;;;8826;;Colisão;;;;Meio de Quadra;;;0;1;0;1;0;0;0;0;0;1;0;0;;
279333;10;3;2016;15:22;0;AV BEZERRA DE MENEZES;;;;;Atropelamento;Luz do Dia;;;Meio de Quadra;;;0;1;1;0;0;0;0;0;0;1;0;0;;
279363;10;3;2016;20:17;0;RD BR 116;;;2000;KM-02;Colisão;;;;Meio de Quadra;;;0;2;0;0;0;0;0;0;0;0;0;0;-38,51678;-3,771391
279360;10;3;2016;20:01;0;RD BR 116;;;4000;KM-04;Atropelamento;;;;Meio de Quadra;;;0;2;0;0;0;0;0;0;0;1;0;0;-38,510646;-3,788331
279361;10;3;2016;20:12;0;AV PRS CASTELO BRANCO;;;700;BOMBEIROS;Queda;;;;Meio de Quadra;;;0;1;0;0;0;1;0;0;0;0;0;0;-38,535392;-3,718146
279366;10;3;2016;20:48;0;RUA PAULO FIRMEZA;;;60;;Colisão;;;;Meio de Quadra;;;0;1;0;0;0;0;0;0;0;0;0;0;-38,519043;-3,757681
279301;10;3;2016;16:49;10169;RUA MARIA JULIA;RUA BRAGANCA;;;;Atropelamento;Luz do Dia;;;;;;0;1;1;0;1;0;0;0;0;0;0;0;-38,597824;-3,785602
279276;10;3;2016;09:59;0;AV CONTORNO SUL;;;241;;Colisão;Luz do Dia;;;Meio de Quadra;;;0;1;1;0;0;0;1;0;0;1;0;0;;
279283;10;3;2016;10:02;0;AV PRS COSTA E SILVA;;;1578;;Colisão;Luz do Dia;;;Meio de Quadra;;;0;1;0;1;0;0;0;0;0;1;0;0;;
279285;10;3;2016;10:22;0;AV DOS EXPEDICIONARIOS;;;4880;;Queda;Luz do Dia;;;Meio de Quadra;;;0;1;0;0;0;0;0;0;0;1;0;0;-38,540329;-3,762091
279292;10;3;2016;10:55;0;RUA CEL JOAO OLIVEIRA;;;;;Colisão;Luz do Dia;;;Meio de Quadra;;;0;1;0;0;0;0;0;0;0;1;0;0;;
279298;10;3;2016;12:34;0;AV MAJ ASSIS;;;911;;Colisão;Luz do Dia;;;Meio de Quadra;;;0;2;0;1;0;0;0;0;0;1;0;0;-38,586862;-3,723733
279296;10;3;2016;12:05;12673;RUA ANA BATISTA;RUA CARNAUBAL;;;;Colisão;Luz do Dia;;;;;;0;2;0;0;0;0;0;0;0;1;0;0;;
279253;10;3;2016;00:05;0;AV C CJ CEARA;;;187;;Queda;;;;Meio de Quadra;;;0;1;0;0;0;0;0;0;0;1;0;0;-38,608626;-3,760327
279254;10;3;2016;01:17;0;RUA JULIO CESAR D12;;;920;;Queda;;;;Meio de Quadra;;;0;2;0;0;0;0;0;0;0;1;0;0;-38,544293;-3,75165
279259;10;3;2016;02:35;0;AV ENG HUMBERTO MONTE;;;1945;;Colisão;;;;Meio de Quadra;;;0;3;0;1;0;0;0;0;0;1;0;0;-38,564653;-3,744054
279261;10;3;2016;03:20;0;AV WASHINGTON SOARES;;;;;Colisão;;;;Meio de Quadra;;;0;1;0;1;0;0;0;0;0;1;0;0;;
279268;10;3;2016;06:02;5434;AV HERACLITO GRACA;AV DOM MANUEL;;;;Colisão;Luz do Dia;;;Cruz;Semáforo;Comercial;0;2;0;0;0;0;0;0;0;1;0;0;-38,522952;-3,734013
279271;10;3;2016;07:26;0;AV GAL OSORIO DE PAIVA;;;4807;;Colisão;Luz do Dia;;;Meio de Quadra;;;0;1;0;1;0;0;0;0;0;1;0;0;-38,598452;-3,800996
279368;11;3;2016;01:20;0;RUA NOSSA SRA APARECIDA;;;245;;Queda;;;;Meio de Quadra;;;0;1;0;0;0;0;0;0;0;1;0;0;;
279369;11;3;2016;01:35;0;AV DES GONZAGA;;;532;;Colisão;;;;Meio de Quadra;;;0;1;0;1;0;1;0;0;0;0;0;0;-38,50256;-3,791415
279371;11;3;2016;01:49;5051;RUA SEN POMPEU;RUA SEN JAGUARIBE;;;;Colisão;;;;Cruz;Pare;Outros;0;1;0;1;0;0;0;0;0;1;0;0;-38,528055;-3,721667
279373;11;3;2016;02:08;0;AV JOVITA FEITOSA;;;2816;;Queda;;;;Meio de Quadra;;;0;1;0;0;0;0;0;0;0;1;0;0;-38,56281;-3,741149
279375;11;3;2016;02:34;0;RD BR 116;;;;;Colisão;;;;Meio de Quadra;;;0;1;0;1;0;0;0;0;0;1;0;0;;
279376;11;3;2016;02:53;0;AV PRO GOMES DE MATOS;;;1919;;Colisão;;;;Meio de Quadra;;;0;2;0;1;0;0;0;0;0;1;0;0;-38,551328;-3,767801
279390;11;3;2016;08:59;0;AV SGT HERMINIO SAMPAIO;;;2688;;Atropelamento;Luz do Dia;;;Meio de Quadra;;;0;1;0;0;0;0;0;0;0;1;0;0;;
279380;11;3;2016;05:10;13592;AV PONTES VIEIRA;RUA PRO CARVALHO;;;;Colisão;Amanhecer;;;Cruz;Semáforo;Comercial;0;1;0;1;0;0;0;0;0;1;0;0;-38,514949;-3,75289
279381;11;3;2016;05:35;0;AV AGUANAMBI;;;1953;;Colisão;Amanhecer;;;Meio de Quadra;;;0;1;0;0;0;0;0;0;0;1;0;0;-38,52347;-3,754034
279392;11;3;2016;10:36;0;RUA MIGUEL ARAGAO;;;1160;;Colisão;Luz do Dia;;;Meio de Quadra;;;0;1;0;0;0;0;0;0;0;0;0;0;;
279385;11;3;2016;08:04;0;AV HIS RAIMUNDO GIRAO;;;91;;Colisão;Luz do Dia;;;Meio de Quadra;;;0;1;0;1;0;0;0;0;0;1;0;0;;
279395;11;3;2016;12:23;0;AV WENEFRIDO MELO;;;888;;Queda;Luz do Dia;;;Meio de Quadra;;;0;1;0;0;0;1;0;0;0;0;0;0;;
279397;11;3;2016;12:25;0;RD QUARTO ANEL VIARIO;;;;HANGAR;Colisão;Luz do Dia;;;Meio de Quadra;;;0;1;0;1;0;0;0;0;0;1;0;0;;
279412;11;3;2016;14:03;1574;RUA PDE VALDEVINO;RUA JOSE VILAR;;;;Colisão;Luz do Dia;;;Cruz;Semáforo;Comercial;0;2;0;0;0;0;0;0;0;1;0;0;-38,506779;-3,7423
279406;11;3;2016;13:06;25796;AV H CJ CEARA;RUA SGT JOAO PINHEIRO;;;;Colisão;Luz do Dia;;;Cruz;Não Há Controle;Residencial;0;1;0;1;0;0;0;0;0;1;0;0;;
279417;11;3;2016;14:42;0;AV DR THEBERGE;;;1050;;Atropelamento;Luz do Dia;;;Meio de Quadra;;;0;1;1;1;0;0;0;0;0;0;0;0;;
279402;11;3;2016;12:56;0;RUA EDUARDO PERDIGAO;;;231;TERM. PARANGABA;Colisão;Luz do Dia;;;Meio de Quadra;;;0;1;0;0;0;0;0;0;0;0;0;0;-38,563919;-3,776553
279425;11;3;2016;15:02;12863;AV DOMINGOS OLIMPIO;RUA FLORIANO PEIXOTO;;;;Colisão;Luz do Dia;;;Cruz;Pare;Misto;0;1;0;1;0;0;0;0;0;1;0;0;-38,530313;-3,736976
279421;11;3;2016;14:55;0;AV JOR THOMAZ COELHO;;;245;TERM. MESSEJANA;Queda;Luz do Dia;;;Meio de Quadra;;;0;1;0;0;0;0;0;0;0;1;0;0;-38,502049;-3,831867
279441;11;3;2016;20:17;3820;AV CARAPINIMA;AV 13 DE MAIO;;;;Colisão;;;;Cruz;Semáforo;Comercial;0;1;0;0;0;0;0;0;0;0;0;0;-38,540239;-3,740001
279439;11;3;2016;19:36;0;AV DES GONZAGA;;;384;;Colisão;;;;Meio de Quadra;;;0;1;0;1;0;0;0;0;0;1;0;0;-38,503325;-3,789757
279431;11;3;2016;16:21;0;AV LINEU MACHADO;;;419;JOCKEY CLUBE;Queda;Luz do Dia;;;Meio de Quadra;;;0;1;0;0;0;0;0;0;0;1;0;0;-38,576251;-3,764716
279428;11;3;2016;16:11;12804;RUA JORGE DUMAR;RUA PRE NOVE;;;;Queda;Luz do Dia;;;Cruz;Pare;Comercial;0;1;0;0;0;0;0;0;0;1;0;0;-38,539818;-3,754631
279435;11;3;2016;16:45;0;RUA CON DE CASTRO;;;5680;;Colisão;Luz do Dia;;;Meio de Quadra;;;0;2;0;1;0;0;0;0;0;1;0;0;-38,598192;-3,813368
275554;11;3;2016;18:30;0;AV EDILSON B SOARES;;;;;Colisão Transversal;Anoitecer;;;Meio de Quadra;;;0;0;2;1;0;0;0;0;0;1;0;0;;
275548;11;3;2016;17:50;0;AV DES GONZAGA;;;1630;;Colisão Traseira;Anoitecer;;;Meio de Quadra;;;0;0;2;1;0;0;0;0;0;1;0;0;;
275564;11;3;2016;12:05;0;AV GOV RAUL BARBOSA;;;;;Colisão;Luz do Dia;;;;;;0;0;2;1;0;0;1;0;0;0;0;0;;
275557;11;3;2016;05:00;15253;RUA JOSE NAPOLEAO;RUA BARBALHA D19;;;;Colisão;Amanhecer;;;Cruz;Pare;Residencial;0;0;3;1;0;0;0;0;0;0;0;0;-38,489979;-3,728242
275648;11;3;2016;19:50;0;RUA FLORENCIO COELHO HOLANDA;;;502;;Colisão Traseira;;;;Meio de Quadra;;;0;0;2;1;0;0;0;0;0;0;0;0;;
275651;11;3;2016;16:30;0;AV DR THEBERGE;;;2502;;Colisão Traseira;Luz do Dia;;;Meio de Quadra;;;0;0;2;1;0;0;0;0;0;0;0;0;-38,568045;-3,724101
275578;11;3;2016;;0;RUA PDE VALDEVINO;;;1584;;Colisão Transversal;;;;Meio de Quadra;;;0;0;2;1;0;0;1;0;0;0;0;0;-38,510765;-3,741045
278211;11;3;2016;17:20;0;RD CE-040;;;;KM-07;Colisão;Anoitecer;Bom;Seca;Meio de Quadra;;;0;1;1;1;0;0;0;0;0;0;0;0;-38,478733;-3,809597
278208;11;3;2016;14:00;0;RD CE-040;;;;KM-05;Colisão;Luz do Dia;Bom;Seca;Meio de Quadra;;;0;0;2;1;0;0;0;0;0;0;0;0;-38,480331;-3,791613
276160;11;3;2016;12:20;0;RD BR 222;;;100;KM-02;Colisão Traseira;Luz do Dia;Bom;Seca;Meio de Quadra;;;0;2;1;0;0;0;0;0;0;1;0;0;-38,58704;-3,739009
276163;11;3;2016;17:10;0;RD BR 222;;;;KM-03;Colisão;Anoitecer;;;Meio de Quadra;;;0;1;1;0;1;1;0;0;0;0;0;0;-38,595941;-3,740301
276017;11;3;2016;17:00;0;RD BR 020;;;;KM 426;Colisão Transversal;Anoitecer;Bom;Seca;Meio de Quadra;;;0;1;1;1;0;0;0;0;0;1;0;0;;
284048;11;3;2016;08:11;0;AV JOVITA FEITOSA;;;1086;;Colisão;Luz do Dia;;;Meio de Quadra;;;0;0;2;0;0;0;0;0;0;0;0;0;-38,553877;-3,739343
284051;11;3;2016;09:47;1516;AV DES MOREIRA;AV PDE ANTONIO TOMAS;;;;Colisão;Luz do Dia;;;Cruz;Semáforo;Comercial;0;0;2;0;0;0;0;0;0;0;0;0;-38,499616;-3,740161
284053;11;3;2016;09:50;17433;RUA CESAR ROSSAS;RUA PRO TEODORICO;;;;Colisão;Luz do Dia;;;Y;Gesto;Comercial;0;0;2;1;0;0;0;0;0;0;0;0;-38,553473;-3,76877
284056;11;3;2016;10:22;0;AV GOV RAUL BARBOSA;;;3033;;Colisão;Luz do Dia;;;Meio de Quadra;;;0;0;2;0;0;0;0;0;0;0;0;0;-38,504006;-3,7537
284058;11;3;2016;11:16;0;RUA DR THOMPSON BULCAO;;;1028;;Colisão;Luz do Dia;;;Meio de Quadra;;;0;0;2;0;0;0;0;0;0;0;0;0;;
284059;11;3;2016;11:27;7774;AV ANTONIO SALES;RUA JOAQUIM NABUCO;;;;Colisão;Luz do Dia;;;Cruz;;Comercial;0;0;2;0;0;0;0;0;0;0;0;0;-38,504371;-3,744832
284060;11;3;2016;12:05;0;RUA JOSE CARVALHO;;;;;Colisão;Luz do Dia;;;;;;0;0;2;0;0;0;0;0;0;0;0;0;;
284062;11;3;2016;12:21;0;RUA JOAQUIM FELICIO;;;320;;Colisão;Luz do Dia;;;Meio de Quadra;;;0;0;2;0;0;0;0;0;0;0;0;0;-38,492186;-3,829998
284063;11;3;2016;12:22;0;AV SANTOS DUMONT;;;;;Colisão;Luz do Dia;;;;;;0;0;2;0;0;0;0;0;0;0;0;0;;
284064;11;3;2016;12:24;0;RUA RIO GRANDE DO SUL;;;1228;;Colisão;Luz do Dia;;;Meio de Quadra;;;0;0;2;0;0;0;0;0;0;0;0;0;;
284065;11;3;2016;13:36;0;AV HIS RAIMUNDO GIRAO;;;91;;Colisão;Luz do Dia;;;Meio de Quadra;;;0;0;2;0;0;0;0;0;0;0;0;0;;
284066;11;3;2016;13:37;17298;RUA ALBERTO MAGNO;RUA ALFREDO DE CASTRO;;;;Colisão;Luz do Dia;;;Cruz;Pare;Residencial;0;0;2;0;0;0;0;0;0;0;0;0;-38,548952;-3,763729
284070;11;3;2016;14:11;0;RUA FONSECA LOBO;;;120;;Colisão;Luz do Dia;;;Meio de Quadra;;;0;0;2;0;0;0;0;0;0;0;0;0;-38,489409;-3,738463
284081;11;3;2016;15:56;0;AV GOV RAUL BARBOSA;;;5598;;Colisão;Luz do Dia;;;Meio de Quadra;;;0;0;2;0;0;0;0;0;0;0;0;0;-38,509516;-3,767705
284087;11;3;2016;16:35;0;AV GOV RAUL BARBOSA;;;5660;;Colisão;Luz do Dia;;;Meio de Quadra;;;0;0;2;0;0;0;0;0;0;0;0;0;-38,509774;-3,76819
284095;11;3;2016;17:09;15360;AV DES MOREIRA;AV DOM LUIS;;;;Colisão;Anoitecer;;;Rotatória;Não Há Controle;Comercial;0;0;2;0;0;0;0;0;0;0;0;0;-38,497383;-3,733239
284096;11;3;2016;17:20;0;AV ENG HUMBERTO MONTE;;;;;Colisão;Anoitecer;;;Meio de Quadra;;;0;0;2;0;0;0;0;0;0;0;0;0;;
284097;11;3;2016;17:22;1307;AV SANTOS DUMONT;RUA NUNES VALENTE;;;;Colisão;Anoitecer;;;Cruz;Pare;Comercial;0;0;2;0;0;0;0;0;0;0;0;0;-38,503229;-3,734663
284084;11;3;2016;16:01;15208;RUA TOMAS POMPEU;RUA SILVA PAULET;;;;Capotamento;Luz do Dia;;;Cruz;Pare;Residencial;0;0;2;0;0;0;0;0;0;0;0;0;-38,502944;-3,726755
284085;11;3;2016;16:22;0;AV DOM MANUEL;;;526;;Colisão;Luz do Dia;;;Meio de Quadra;;;0;0;2;0;0;0;0;0;0;0;0;0;;
284104;11;3;2016;17:23;12843;RUA JAIME BENEVOLO;RUA MES ROSA;;;;Colisão;Anoitecer;;;Cruz;Pare;Residencial;0;0;2;0;0;0;0;0;0;0;0;0;-38,528645;-3,741987
284109;11;3;2016;17:28;0;RUA PDE PEDRO DE ALENCAR;;;587;;Colisão;Anoitecer;;;Meio de Quadra;;;0;0;2;0;0;0;0;0;0;0;0;0;-38,494044;-3,833088
284118;11;3;2016;17:28;7177;RUA MARCILIO DIAS;AV DR THEBERGE;;;;Colisão;Anoitecer;;;;;;0;0;2;0;0;0;0;0;0;0;0;0;-38,562921;-3,708514
284129;11;3;2016;19:11;0;RUA ELISARIO MENDES;;;;;Colisão;;;;;;;0;0;2;1;0;0;0;0;0;0;0;0;;
284131;11;3;2016;19:32;0;AV J CJ CEARA;;;2233;;Colisão;;;;Meio de Quadra;;;0;0;2;0;0;0;0;0;0;0;0;0;-38,617314;-3,769542
284135;11;3;2016;19:51;12757;RUA DAMASCENO GIRAO;AV BORGES DE MELO;;;;Colisão;;;;;;;0;0;2;0;0;0;0;0;0;0;0;0;;
284141;11;3;2016;21:43;0;RUA BAR ARACATI;;;;;Colisão;;;;Meio de Quadra;;;0;0;2;0;0;0;0;0;0;0;0;0;;
284148;11;3;2016;22:32;0;RUA WALDIR DIOGO;;;246;;Colisão;;;;Meio de Quadra;;;0;0;2;0;0;0;0;0;0;0;0;0;-38,58097;-3,807126
275657;11;3;2016;19:30;0;AV AGUANAMBI;;;358;;Colisão Traseira;;;;Meio de Quadra;;;0;1;1;1;0;0;0;0;0;1;0;0;-38,524974;-3,740213
275658;11;3;2016;16:00;7762;AV ANTONIO SALES;RUA NUNES VALENTE;;;;Colisão;Luz do Dia;;;Cruz;Pare;Comercial;0;0;2;1;0;0;0;0;0;1;0;0;-38,506314;-3,744237
275653;11;3;2016;19:52;12863;AV DOMINGOS OLIMPIO;RUA FLORIANO PEIXOTO;;;;Colisão;;;;Cruz;Pare;Comercial;0;1;1;1;0;0;0;0;0;1;0;0;-38,530313;-3,736976
275762;11;3;2016;10:00;0;RUA EDSON MARTINS;;;630;;Colisão;Luz do Dia;;;Meio de Quadra;;;0;0;2;1;0;0;0;0;0;0;0;0;-38,597549;-3,791014
275759;11;3;2016;07:30;0;AV FRANCISCO SA;;;3457;;Colisão Transversal;Luz do Dia;;;Meio de Quadra;;;0;1;1;1;0;0;0;0;0;1;0;0;-38,55635;-3,717737
275760;11;3;2016;02:00;0;AV DR SILAS MUNGUBA;;;3590;;Choque c/ Obstáculo Fixo;;;;Meio de Quadra;;;0;0;1;0;0;0;0;0;0;0;0;0;-38,54172;-3,789897
275764;11;3;2016;05:50;25103;AV PONTES VIEIRA;RUA SABINO MONTE;;;;Colisão Transversal;Amanhecer;;;T;Pare;Comercial;0;0;2;1;1;0;0;0;0;0;0;0;-38,512577;-3,752611
275765;11;3;2016;23:45;5803;AV DES GONZAGA;AV A UI 307;;;;Colisão Lateral;;;;;;;0;1;1;1;0;0;0;0;1;0;0;0;-38,503046;-3,790373
275766;11;3;2016;10:00;14858;RUA WALDIR DIOGO;TR JOAQUIM ALFREDO;;;;Colisão Lateral;Luz do Dia;;;Cruz;;;0;0;2;1;0;0;1;0;0;0;0;0;-38,581689;-3,806735
275767;11;3;2016;13:21;19009;RUA DES WALDETARIO P MOTA;RUA AVILA GOULART;;;;Outros;Luz do Dia;;;Cruz;Semáforo;Residencial;0;0;2;0;0;0;0;0;0;1;0;0;-38,47916;-3,734478
275768;11;3;2016;16:00;22981;AV DR SILAS MUNGUBA;RUA ANTONIO BOTELHO;;;;Colisão Traseira;Luz do Dia;;;T;Não Há Controle;Outros;0;0;2;1;0;0;0;0;0;0;0;0;-38,550933;-3,786011
275769;11;3;2016;06:35;1709;RUA CAP ARAGAO;RUA CAP OLAVO;;;;Colisão Lateral;Luz do Dia;;;Cruz;Pare;Comercial;0;2;0;0;0;0;0;0;0;1;0;0;-38,515937;-3,765348
275770;11;3;2016;08:10;5048;RUA PDE MORORO;RUA TIJUBANA;;;;Colisão Traseira;Luz do Dia;;;Cruz;Pare;Rural;0;0;2;1;0;0;0;0;0;0;0;0;-38,536313;-3,721662
275699;11;3;2016;00:20;1243;RUA DR JOSE LOURENCO;RUA PEREIRA FILGUEIRAS;;;;Colisão Transversal;;;;Cruz;Pare;Comercial;0;1;2;1;0;0;0;0;0;0;0;0;-38,50647;-3,730449
275703;11;3;2016;20:10;7672;AV JOSE BASTOS;RUA SERGIPE;;;;Colisão;;;;T;Pare;Residencial;0;0;2;1;0;0;0;1;0;0;0;0;-38,566521;-3,763729
275696;11;3;2016;18:30;24331;AV LUCIANO CARNEIRO;RUA ARMANDO MONTEIRO;;;;Colisão;Anoitecer;;;Duplo T;Pare;Comercial;0;0;2;1;0;0;0;0;0;0;0;0;-38,536219;-3,763454
275682;11;3;2016;13:00;0;AV ABOLICAO;;;2645;;Colisão;Luz do Dia;;;Meio de Quadra;;;0;1;1;1;0;0;0;0;0;1;0;0;-38,496139;-3,727107
275677;11;3;2016;17:30;0;RUA JOAO CORDEIRO;;;1888;;Colisão Traseira;Anoitecer;;;Meio de Quadra;;;0;0;2;1;0;0;0;0;0;0;0;0;-38,516892;-3,736736
275690;11;3;2016;15:00;0;AV CEL CARVALHO;;;237;;Colisão Lateral;Luz do Dia;;;Meio de Quadra;;;0;1;1;0;0;0;0;0;0;1;0;0;-38,591138;-3,705064
275668;11;3;2016;20:11;0;RUA JORGE DUMAR;;;2097;;Queda;;;;Meio de Quadra;;;0;2;0;0;0;0;0;0;0;1;0;0;-38,539717;-3,754197
275665;11;3;2016;19:50;0;RUA PRO COSTA MENDES;;;1258;;Colisão Lateral;;;;Meio de Quadra;;;0;0;2;1;0;0;0;0;0;0;0;0;-38,550602;-3,751366