COD_ACIDENTE;DIA;MES;ANO;HORA;INTERSECAO;LOG1;LOG2;LOG3;NUMERO;REFERENCIA;NATUREZA;ILUMINACAO;TEMPO;SUPERFICIEPISTA;TIPOCRUZAMENTO;CONTROLETRAFEGO;USOSOLO;MORTOS;FERIDOS;ILESOS;AUTOMOVEL;ONIBUS;BICICLETA;CAMINHAO;MICROONIBUS;CICLOMOTOR;MOTOCICLETA;TRACAOANIMAL;TREM;LONG;LAT
280183;15;3;2016;15:32;0;AV IMPERADOR;;;626;;Atropelamento;Luz do Dia;;;Meio de Quadra;;;0;1;0;0;0;0;0;0;0;1;0;0;-38,534339;-3,726794
280184;15;3;2016;15:55;0;RUA JAIME BENEVOLO;;;671;;Colisão;Luz do Dia;;;Meio de Quadra;;;0;1;0;0;0;0;0;0;0;0;0;0;;
280185;15;3;2016;16:07;1657;RUA BENI DE CARVALHO;RUA CEL JUCA;;;;Colisão;Luz do Dia;;;;Não Há Controle;Residencial;0;1;0;1;0;0;0;0;0;1;0;0;-38,49407;-3,746301
280164;15;3;2016;12:37;0;RUA COSTA BARROS;;;1669;;Colisão;Luz do Dia;;;Meio de Quadra;;;0;1;1;1;0;1;0;0;0;0;0;0;-38,509118;-3,731156
280177;15;3;2016;12:41;0;AV DUQ CAXIAS;;;1797;;Colisão;Luz do Dia;;;Meio de Quadra;;;0;1;0;1;0;0;0;0;0;1;0;0;-38,540147;-3,728471
280152;15;3;2016;12:02;12826;RUA ANDRE CHAVES;AV DOS EXPEDICIONARIOS;;;;Colisão;Luz do Dia;;;Cruz;Pare;Residencial;0;2;0;1;0;0;0;0;0;1;0;0;-38,538903;-3,757345
280125;15;3;2016;11:38;0;AV SGT HERMINIO SAMPAIO;;;2038;;Colisão;Luz do Dia;;;Meio de Quadra;;;0;1;0;0;0;0;0;0;0;0;0;0;-38,559149;-3,72613
280126;15;3;2016;11:50;0;RUA ROSINHA SAMPAIO;;;1865;;Colisão;Luz do Dia;;;Meio de Quadra;;;0;2;0;1;0;0;0;0;0;1;0;0;-38,595296;-3,724838
280121;15;3;2016;11:19;7733;AV JOAO PESSOA;RUA BAR SOBRAL;;;;Colisão;Luz do Dia;;;T;Semáforo;Comercial;0;1;1;1;0;0;0;0;0;1;0;0;;
280123;15;3;2016;11:26;1579;RUA BARBOSA DE FREITAS;RUA VICENTE LINHARES;;;;Colisão;Luz do Dia;;;Cruz;Semáforo;Residencial;0;1;0;1;0;0;0;0;0;1;0;0;-38,499256;-3,742487
280119;15;3;2016;11:14;0;AV GOV RAUL BARBOSA;;;7413;;Colisão;Luz do Dia;;;Meio de Quadra;;;0;1;0;1;0;0;0;0;0;1;0;0;-38,513164;-3,776414
280066;15;3;2016;07:01;0;AV MON HELIO CAMPOS D22;;;;IGREJA DO CRISTO REDENTOR;Colisão;Luz do Dia;;;Meio de Quadra;;;0;2;0;1;0;0;0;0;0;1;0;0;;
280064;15;3;2016;06:39;9094;AV VIS RIO BRANCO;AV SORIANO ALBUQUERQUE;;;;Queda;Luz do Dia;;;;;;0;1;0;0;0;0;0;0;0;1;0;0;-38,521682;-3,747601
280072;15;3;2016;07:08;0;RUA PEDRO DANTAS;;;224;;Queda;Luz do Dia;;;Meio de Quadra;;;0;1;0;0;0;0;0;0;0;1;0;0;-38,519389;-3,786363
280091;15;3;2016;09:57;0;RUA RAQUEL HOLANDA;;;308;;Colisão;Luz do Dia;;;Meio de Quadra;;;0;2;0;1;0;0;0;0;0;1;0;0;;
280054;15;3;2016;06:19;0;AV JOSE LEON;;;2135;;Colisão;Luz do Dia;;;Meio de Quadra;;;0;1;1;1;0;0;0;0;0;1;0;0;-38,492269;-3,790085
280023;15;3;2016;04:37;0;AV JOSE LEON;;;1841;;Colisão;;;;Meio de Quadra;;;0;1;1;1;0;1;0;0;0;0;0;0;-38,495954;-3,789283
280029;15;3;2016;04:45;0;RUA RIO VENTURA;;;479;;Colisão;;;;Meio de Quadra;;;0;2;0;1;0;0;0;0;0;1;0;0;;
279923;15;3;2016;01:22;0;AV CEL CARVALHO;;;3625;;Choque c/ Obstáculo Fixo;;;;Meio de Quadra;;;0;1;0;1;0;0;0;0;0;0;0;0;;
279940;15;3;2016;02:08;0;RUA NOSSA SRA DAS GRACAS;;;420;;Colisão;;;;Meio de Quadra;;;0;2;0;1;0;0;0;0;0;0;0;0;-38,552123;-3,71063
279926;15;3;2016;01:25;0;RUA FRANCOIS T MENEZES;;;1029;;Colisão;;;;Meio de Quadra;;;0;1;0;1;0;0;0;0;0;0;0;0;;
279935;15;3;2016;01:44;9108;RUA BARTOLOMEU DE GUSMAO;RUA FRANCOIS T MENEZES;;;;Colisão Traseira;;;;Cruz;Gesto;Residencial;0;1;0;1;0;0;0;0;0;0;0;0;-38,526108;-3,757998
279936;15;3;2016;01:49;0;AV WASHINGTON SOARES;;;8223;;Colisão;;;;Meio de Quadra;;;0;1;0;1;0;0;0;0;0;0;0;0;-38,481343;-3,823756
279937;15;3;2016;01:51;0;AV JOAO DE ARAUJO LIMA;;;1092;;Colisão;;;;Meio de Quadra;;;0;1;0;1;0;0;0;0;0;0;0;0;;
279945;15;3;2016;02:18;24990;AV PRS COSTA E SILVA;AV PRS JUSCELINO KUBITSCHEK (PASSARÉ);;;;Tombamento;;;;T;Semáforo;Residencial;1;1;1;1;0;1;0;0;0;0;0;0;-38,539516;-3,825648
279957;15;3;2016;02:42;0;AV DES GONZAGA;;;200;;Colisão;;;;Meio de Quadra;;;0;1;0;1;0;0;0;0;0;0;0;0;-38,50374;-3,788811
279986;15;3;2016;02:59;0;AV CONTORNO NORTE D71;;;225;;Colisão;;;;Meio de Quadra;;;0;1;0;1;0;0;0;0;0;0;0;0;;
279977;15;3;2016;02:52;0;RUA CEL JOAO CORREIA;;;728;;Colisão;;;;Meio de Quadra;;;0;1;0;1;0;0;0;0;0;0;0;0;-38,599688;-3,793424
285503;15;3;2016;09:30;0;RUA ADOLFO PINHEIRO;;;420;;Atropelamento;Luz do Dia;;;Meio de Quadra;;;1;0;0;1;0;0;0;0;0;0;0;0;-38,510321;-3,751023
284551;15;3;2016;06:22;0;AV ABOLICAO;;;4782;;Colisão;Luz do Dia;;;Meio de Quadra;;;0;0;2;0;0;0;0;0;0;0;0;0;-38,478819;-3,721631
284560;15;3;2016;07:29;0;RUA MURILO BORGES;;;;;Colisão;Luz do Dia;;;Meio de Quadra;;;0;0;2;0;0;0;0;0;0;0;0;0;;
284563;15;3;2016;07:48;0;RUA ANA BILHAR;;;491;;Colisão;Luz do Dia;;;Meio de Quadra;;;0;0;2;0;0;0;0;0;0;0;0;0;-38,496034;-3,729356
284570;15;3;2016;08:09;0;RUA NOSSA SRA DAS GRACAS;;;;;Colisão;Luz do Dia;;;Meio de Quadra;;;0;0;2;0;0;0;0;0;0;0;0;0;;
284567;15;3;2016;08:06;9175;RUA BARTOLOMEU DE GUSMAO;AV AGUANAMBI;;;;Colisão;Luz do Dia;;;T;Não Há Controle;Comercial;0;0;2;0;0;0;0;0;0;0;0;0;-38,523534;-3,757128
284577;15;3;2016;08:25;0;AV OLIVEIRA PAIVA;;;;;Colisão;Luz do Dia;;;Meio de Quadra;;;0;0;2;0;0;0;0;0;0;0;0;0;;
284581;15;3;2016;08:28;266;RUA ERICO MOTA;AV JOVITA FEITOSA;;;;Colisão;Luz do Dia;;;Cruz;Semáforo;Comercial;0;0;2;0;0;0;0;0;0;0;0;0;-38,56185;-3,740938
284597;15;3;2016;09:09;23041;RUA BRUNO VALENTE;AV DR SILAS MUNGUBA;;;;Colisão;Luz do Dia;;;Cruz;Pare;Comercial;0;0;2;0;0;0;0;0;0;0;0;0;-38,540009;-3,790483
284598;15;3;2016;17:25;0;AV GODOFREDO MACIEL;;;1725;;Colisão;Anoitecer;;;Meio de Quadra;;;0;0;2;0;1;0;0;0;0;0;0;0;-38,569125;-3,794052
284599;15;3;2016;09:16;0;AV PRS JUSCELINO KUBITSCHEK (PASSARÉ);;;;;Colisão;Luz do Dia;;;Meio de Quadra;;;0;0;2;0;0;0;0;0;0;0;0;0;;
284613;15;3;2016;10:31;0;AV PRO GOMES DE MATOS;;;303;;Colisão;Luz do Dia;;;Meio de Quadra;;;0;0;2;0;0;0;0;0;0;0;0;0;-38,54191;-3,756841
284615;15;3;2016;10:48;14668;RUA JUNIOR ROCHA;RUA DES AVELAR;;;;Choque c/ Obstáculo Fixo;Luz do Dia;;;Cruz;Não Há Controle;Misto;0;0;2;0;0;0;0;0;0;0;0;0;;
284623;15;3;2016;11:26;0;RUA CEL MATOS DOURADO;;;;;Colisão;Luz do Dia;;;;;;0;0;2;0;0;0;0;0;0;0;0;0;;
284624;15;3;2016;11:35;0;AV B CJ CEARA;;;382;;Colisão;Luz do Dia;;;Meio de Quadra;;;0;0;2;0;0;0;0;0;0;0;0;0;;
284625;15;3;2016;12:46;1587;RUA PRO DIAS DA ROCHA;RUA CAROLINA SUCUPIRA;;;;Colisão;Luz do Dia;;;Cruz;Pare;Misto;0;0;1;0;0;0;0;0;0;0;0;0;-38,494095;-3,743072
284626;15;3;2016;12:47;0;RUA JOSE VILAR;;;1682;;Colisão;Luz do Dia;;;Meio de Quadra;;;0;0;2;0;0;0;0;0;0;0;0;0;;
284627;15;3;2016;12:48;0;RUA PEDRO DANTAS;;;224;;Colisão;Luz do Dia;;;Meio de Quadra;;;0;0;2;0;0;0;0;0;0;0;0;0;-38,519389;-3,786363
284628;15;3;2016;13:28;1578;RUA GAL TERTULIANO POTYGUARA;RUA OSVALDO CRUZ (ALDEOTA);;;;Colisão;Luz do Dia;;;Cruz;Pare;Comercial;0;0;2;0;0;0;0;0;0;0;0;0;-38,502538;-3,74248
284639;15;3;2016;13:45;0;AV JOAO DE ARAUJO LIMA;;;591;;Colisão;Luz do Dia;;;Meio de Quadra;;;0;0;2;0;0;0;0;0;0;0;0;0;-38,559309;-3,827375
284640;15;3;2016;14:03;0;RUA DA ZAMBAIA;;;30;;Colisão;Luz do Dia;;;Meio de Quadra;;;0;0;2;0;0;0;0;0;0;0;0;0;;
284642;15;3;2016;14:16;11870;RUA CARIRIACU;RUA JOSE PINTO DO CARMO;;;;Outros;Luz do Dia;;;;;;0;0;2;0;0;0;0;0;0;0;0;0;-38,545744;-3,722338
284643;15;3;2016;14:16;17298;RUA ALBERTO MAGNO;RUA ALFREDO DE CASTRO;;;;Colisão;Luz do Dia;;;Cruz;Pare;Residencial;0;0;2;0;0;0;0;0;0;0;0;0;-38,548952;-3,763729
284650;15;3;2016;15:00;0;AV BEZERRA DE MENEZES;;;981;;Colisão;Luz do Dia;;;Meio de Quadra;;;0;0;2;0;0;0;0;0;0;0;0;0;-38,553318;-3,733367
284653;15;3;2016;15:03;0;RUA ALVES RIBEIRO;;;;;Colisão;Luz do Dia;;;Meio de Quadra;;;0;0;2;0;0;0;0;0;0;0;0;0;;
284658;15;3;2016;15:49;7818;RUA TIBURCIO CAVALCANTE;RUA FRANCISCO HOLANDA;;;;Colisão;Luz do Dia;;;Cruz;Pare;Residencial;0;0;2;0;0;0;0;0;0;0;0;0;-38,506474;-3,74809
284659;15;3;2016;15:50;0;RUA RAQUEL HOLANDA;;;;;Colisão;Luz do Dia;;;Meio de Quadra;;;0;0;2;0;0;0;0;0;0;0;0;0;;
284660;15;3;2016;16:05;0;AV BORGES DE MELO;;;;;Colisão;Luz do Dia;;;Meio de Quadra;;;0;0;2;0;0;0;0;0;0;0;0;0;;
284661;15;3;2016;10:30;0;RUA SEN POMPEU;;;2290;;Atropelamento;Luz do Dia;;;Meio de Quadra;;;0;1;1;0;1;0;0;0;0;0;0;0;-38,533161;-3,738591
284662;15;3;2016;16:34;0;AV GAL OSORIO DE PAIVA;;;7970;;Colisão;Luz do Dia;;;Meio de Quadra;;;0;0;2;0;0;0;0;0;0;0;0;0;-38,617977;-3,82113
284663;15;3;2016;17:16;0;RUA ANTONIO MARTINS;;;777;;Colisão;Anoitecer;;;Meio de Quadra;;;0;0;2;0;0;0;0;0;0;0;0;0;-38,557582;-3,750498
284665;15;3;2016;17:25;0;AV GOV RAUL BARBOSA;;;7414;;Colisão;Anoitecer;;;Meio de Quadra;;;0;0;2;0;0;0;0;0;0;0;0;0;-38,513174;-3,776458
284666;15;3;2016;17:25;770;RUA CAP VASCONCELOS D46;RUA TEN WILSON  D46;;;;Colisão;Anoitecer;;;Cruz;Pare;Residencial;0;0;1;0;0;0;0;0;0;0;0;0;-38,516286;-3,76988
284671;15;3;2016;18:15;0;RUA GERMANO FRANCK;;;;;Colisão;Anoitecer;;;Meio de Quadra;;;0;0;2;0;0;0;0;0;0;0;0;0;;
284672;15;3;2016;19:01;0;AV ENG SANTANA JUNIOR;;;;;Colisão;;;;Meio de Quadra;;;0;0;2;0;0;0;0;0;0;0;0;0;;
284673;15;3;2016;19:02;9170;AV EDUARDO GIRAO;RUA GAL SILVA JUNIOR;;;;Colisão;;;;Cruz;Semáforo;Residencial;0;0;2;0;0;0;0;0;0;0;0;0;-38,530785;-3,754309
284674;15;3;2016;19:02;5269;AV DUQ CAXIAS;RUA PDE IBIAPINA;;;;Colisão;;;;Cruz;Semáforo;Comercial;0;0;2;0;0;0;0;0;0;0;0;0;-38,540226;-3,728446
284677;15;3;2016;20:01;129;RUA CEL MATOS DOURADO;AV MR HULL;;;;Outros;;;;Cruz;Não Há Controle;Comercial;0;0;2;0;0;0;0;0;0;0;0;0;-38,585377;-3,738743
284681;15;3;2016;22:09;0;AV AGUANAMBI;;;;;Colisão;;;;Meio de Quadra;;;0;0;2;0;0;0;0;0;0;0;0;0;;
284683;15;3;2016;22:28;15269;RUA TEN BENEVOLO;AV RUI BARBOSA;;;;Colisão;;;;Cruz;Semáforo;Residencial;0;0;2;0;0;0;0;0;0;0;0;0;-38,507048;-3,728685
275813;15;3;2016;09:45;0;AV PRO GOMES DE MATOS;;;303;;Colisão Traseira;Luz do Dia;;;Meio de Quadra;;;0;0;2;1;0;0;0;0;0;0;0;0;-38,54191;-3,756841
275824;15;3;2016;07:45;20451;RUA STA LUCRECIA;RUA CEL LUIS FIDELIS;;;;Colisão Transversal;Luz do Dia;;;;;;0;0;2;1;0;0;0;0;0;0;0;0;-38,482891;-3,85081
275827;15;3;2016;16:20;0;AV SGT HERMINIO SAMPAIO;;;2046;;Colisão Lateral;Luz do Dia;;;Meio de Quadra;;;0;1;1;0;1;0;0;0;0;1;0;0;-38,559189;-3,726137
275835;15;3;2016;08:45;24990;AV PRS COSTA E SILVA;AV PRS JUSCELINO KUBITSCHEK (PASSARÉ);;;;Colisão;Luz do Dia;;;T;Semáforo;Residencial;0;1;1;0;0;1;1;0;0;0;0;0;-38,539516;-3,825648
275837;15;3;2016;14:15;7760;AV ANTONIO SALES;RUA SILVA PAULET;;;;Colisão Traseira;Luz do Dia;;;Cruz;Pare;Misto;0;0;2;1;0;0;0;0;0;0;0;0;-38,508383;-3,743595
278385;15;3;2016;17:45;0;AV SEN CARLOS JEREISSATI (AEROPORTO);;;;KM 02;Colisão;Anoitecer;Bom;Seca;Meio de Quadra;;;0;0;3;1;0;0;0;0;0;0;0;0;-38,535424;-3,782194
278380;15;3;2016;09:40;0;RD CE-040;;;;KM-07;Colisão;Luz do Dia;Bom;Seca;Meio de Quadra;;;0;0;2;1;0;0;1;0;0;0;0;0;-38,478733;-3,809597
275790;15;3;2016;16:00;0;AV BORGES DE MELO;;;201;BASE AEREA;Colisão Transversal;Luz do Dia;;;Meio de Quadra;;;0;1;1;0;0;0;0;0;0;1;0;0;-38,519958;-3,761351
275787;15;3;2016;09:40;1360;RUA DES LEITE ALBUQUERQUE;RUA JOAQUIM NABUCO;;;;Colisão;Luz do Dia;;;Cruz;Pare;Comercial;0;0;2;1;0;0;0;0;0;0;0;0;-38,501621;-3,736273
275781;15;3;2016;00:00;12457;RUA PRO GOMES BRASIL;AV AUGUSTO DOS ANJOS;;;;Colisão Transversal;;;;;;;0;0;2;1;1;0;0;0;0;0;0;0;-38,570427;-3,770153
275803;15;3;2016;15:30;0;RUA BELO HORIZONTE;;;;;Colisão Lateral;Luz do Dia;;;Meio de Quadra;;;0;0;2;1;0;0;0;0;0;0;0;0;;
275774;15;3;2016;09:00;24990;AV PRS COSTA E SILVA;AV PRS JUSCELINO KUBITSCHEK (PASSARÉ);;;;Colisão Traseira;Luz do Dia;;;T;Semáforo;Residencial;0;1;1;1;0;0;0;0;0;1;0;0;-38,539516;-3,825648
276176;15;3;2016;08:00;0;RD BR 222;;;600;KM-01;Atropelamento;Luz do Dia;Bom;Seca;Meio de Quadra;;;0;2;0;0;0;0;0;0;0;1;0;0;-38,578147;-3,737698
276109;15;3;2016;05:30;21582;RUA LUIS VIEIRA;RUA COSTA FREIRE;;;;Colisão Transversal;Amanhecer;;;Cruz;Pare;Residencial;0;1;1;1;0;0;0;0;0;1;0;0;-38,587064;-3,79485
276072;15;3;2016;09:20;1242;RUA COSTA BARROS;RUA DR JOSE LOURENCO;;;;Colisão Transversal;Luz do Dia;;;Cruz;Pare;Comercial;0;0;2;1;0;0;0;0;0;0;0;0;-38,506927;-3,73187
276092;15;3;2016;22:00;0;AV AGUANAMBI;;;;ROTATÓRIA;Colisão Traseira;;;;Meio de Quadra;;;0;0;2;1;0;0;0;0;0;0;0;0;;
276089;15;3;2016;20:20;708;AV DR THEBERGE;RUA CRUZ E SOUSA D21;;;;Colisão Traseira;;;;T;Pare;Comercial;0;0;2;1;0;0;0;0;0;0;0;0;-38,566456;-3,719218
276085;15;3;2016;14:30;10863;RUA PRO HERIBALDO COSTA;RUA PORTO VELHO;;;;Colisão Lateral;Luz do Dia;;;Cruz;Semáforo;Comercial;0;0;2;1;0;0;1;0;0;0;0;0;-38,587014;-3,765974
276082;15;3;2016;12:00;23752;RUA SEIFERT;RUA LEAO DO NORTE;;;;Colisão Lateral;Luz do Dia;;;;;;0;0;2;1;0;0;1;0;0;0;0;0;-38,576301;-3,784595
276066;15;3;2016;14:40;0;AV MON TABOSA;;;467;;Colisão;Luz do Dia;;;Meio de Quadra;;;0;0;3;1;0;0;0;0;0;0;0;0;-38,515132;-3,72384
276080;15;3;2016;09:00;5123;RUA CASTRO E SILVA;RUA MAJ FACUNDO;;;;Colisão Transversal;Luz do Dia;;;Cruz;Semáforo;Comercial;0;0;2;0;0;0;0;0;0;0;0;0;-38,526703;-3,724082
276117;15;3;2016;15:10;0;AV DEP PAULINO ROCHA;;;47;;Colisão Traseira;Luz do Dia;;;Meio de Quadra;;;0;0;2;1;0;0;0;0;0;1;0;0;-38,507467;-3,801657
276119;15;3;2016;06:40;0;RUA CARLOS AMORA;;;150;;Colisão Lateral;Luz do Dia;;;Meio de Quadra;;;0;0;2;1;0;0;1;0;0;0;0;0;-38,563653;-3,775187
276120;15;3;2016;09:30;11700;RUA MON VICENTE MARTINS;RUA DES GOMES PARENTE;;;;Colisão Transversal;Luz do Dia;;;Cruz;Não Há Controle;Residencial;0;1;1;1;0;0;0;0;0;1;0;0;-38,581189;-3,772059
276100;15;3;2016;15:10;0;AV PRS COSTA E SILVA;;;859;;Colisão Transversal;Luz do Dia;;;Meio de Quadra;;;0;0;2;1;0;0;0;0;0;1;0;0;-38,571914;-3,812746
276104;15;3;2016;08:30;0;RUA PRO SILAS RIBEIRO;;;125;;Colisão Traseira;Luz do Dia;;;Meio de Quadra;;;0;0;2;1;0;0;0;0;0;0;0;0;-38,484029;-3,736608
276113;15;3;2016;09:20;0;AV PRS COSTA E SILVA;;;4165;;Colisão Traseira;Luz do Dia;;;Meio de Quadra;;;0;0;2;1;0;0;0;0;0;0;0;0;-38,543067;-3,82482
276094;15;3;2016;14:00;25509;RUA HOLANDA;RUA ANTONIO DIVINO;;;;Colisão Transversal;Luz do Dia;;;Cruz;Pare;Residencial;0;1;1;1;0;0;0;0;1;0;0;0;-38,55949;-3,803674
276097;15;3;2016;16:00;13239;AV J CJ JOSE WALTER;AV F CJ JOSE WALTER;;;;Colisão Transversal;Luz do Dia;;;;;;0;0;2;1;0;0;0;0;0;0;0;0;-38,557143;-3,835833
276210;15;3;2016;15:20;8280;RUA DR HERMES LIMA;RUA PRO JURACI DE OLIVEIRA;;;;Colisão Transversal;Luz do Dia;;;;;;0;0;2;1;0;0;0;0;0;0;0;0;-38,482314;-3,757485
276197;15;3;2016;10:10;15141;AV MON TABOSA;RUA CARLOS VASCONCELOS;;;;Colisão Traseira;Luz do Dia;;;Cruz;Semáforo;Comercial;0;0;2;0;0;0;0;0;0;0;0;0;-38,507985;-3,724289
276211;16;3;2016;08:00;0;RUA CON DE CASTRO;;;;;Colisão Lateral;Luz do Dia;Bom;Molhada;Meio de Quadra;Não Há Controle;Residencial;0;1;1;1;0;0;0;0;0;1;0;0;;
280253;16;3;2016;17:57;0;AV PDE ANTONIO TOMAS;;;;;Colisão;Anoitecer;;;Meio de Quadra;;;0;0;2;1;1;0;0;0;0;0;0;0;;
280274;16;3;2016;06:24;0;RUA SATIRO DIAS;;;367;;Colisão;Luz do Dia;;;Meio de Quadra;;;0;1;0;1;0;0;0;0;0;1;0;0;-38,547592;-3,762008
280277;16;3;2016;06:59;0;RUA OSCAR ARARIPE;;;640;;Queda;Luz do Dia;;;Meio de Quadra;;;0;1;0;0;0;0;0;0;0;1;0;0;-38,597138;-3,791888
280288;16;3;2016;07:10;2755;RUA CEL VIRGILIO NOGUEIRA (BOM JARDIM);RUA BOM JESUS (GRANJA LISBOA);;;;Colisão;Luz do Dia;;;Cruz;Cancela;Misto;0;1;0;1;0;0;0;0;0;1;0;0;;
280270;16;3;2016;05:43;0;RUA MARCILIO DIAS;;;2101;;Queda;Amanhecer;;;Meio de Quadra;;;0;1;0;0;0;1;0;0;0;0;0;0;-38,56501;-3,708053
280330;16;3;2016;07:19;0;RUA BETEL;;;1545;;Queda;Luz do Dia;;;Meio de Quadra;;;0;1;0;0;0;0;0;0;0;1;0;0;;
280331;16;3;2016;19:29;5126;RUA RUFINO DE ALENCAR;AV DOM MANUEL;;;;Colisão;;;;Com Via Férrea;Outros;Comercial;0;0;2;1;0;0;1;0;0;0;0;0;-38,519754;-3,724114
280334;16;3;2016;07:55;0;AV WASHINGTON SOARES;;;;;Colisão;Luz do Dia;;;Meio de Quadra;;;0;2;0;1;0;0;0;0;0;1;0;0;;
280338;16;3;2016;09:01;12864;AV DOMINGOS OLIMPIO;RUA ASSUNCAO;;;;Colisão;Luz do Dia;;;Cruz;Semáforo;Residencial;0;1;0;1;0;0;0;0;0;1;0;0;-38,529548;-3,737192
280344;16;3;2016;10:23;0;RUA AMADEU FURTADO;;;110;;Queda;Luz do Dia;;;Meio de Quadra;;;0;1;0;0;0;0;0;0;0;1;0;0;-38,563888;-3,736492
280342;16;3;2016;09:24;22127;RUA GUSTAVO BRAGA;RUA MAJ PEDRO SAMPAIO;;;;Colisão;Luz do Dia;;;Cruz;Pare;Residencial;0;2;0;1;0;0;0;0;0;1;0;0;-38,555389;-3,748479
280347;16;3;2016;10:41;0;AV ALM HENRIQUE SABOIA;;;;;Colisão;Luz do Dia;;;Meio de Quadra;;;0;1;0;1;0;0;0;0;0;1;0;0;;
280348;16;3;2016;10:42;0;RUA FRANCISCO MATOS;;;588;;Colisão;Luz do Dia;;;Meio de Quadra;;;0;1;0;1;0;0;0;0;0;1;0;0;;
280349;16;3;2016;11:30;6817;RUA BENTO ALBUQUERQUE;RUA FRANCISCO MATOS;;;;Colisão;Luz do Dia;;;Cruz;Pare;Residencial;0;1;0;0;0;0;1;0;0;1;0;0;-38,470436;-3,747862
276096;16;3;2016;16:05;17294;RUA JOAO FIRMINO;RUA CEL ALEXANDRINO;;;;Colisão Transversal;Luz do Dia;Bom;Seca;Cruz;Pare;Residencial;0;1;2;1;0;0;0;0;0;1;0;0;-38,554922;-3,763514
276103;16;3;2016;10:40;13594;AV PONTES VIEIRA;RUA CAP GUSTAVO;;;;Engavetamento;Luz do Dia;Bom;Seca;Cruz;Semáforo;Comercial;0;0;3;1;0;0;0;0;0;0;0;0;-38,517125;-3,753153
276099;16;3;2016;16:30;0;AV 13 DE MAIO;;;;;Colisão Lateral;Luz do Dia;Bom;Seca;Meio de Quadra;Outros;Comercial;0;0;2;1;0;0;0;0;0;0;0;0;;
276108;16;3;2016;09:00;10920;RUA CEL MATOS DOURADO;RUA FRANCO ROCHA;;;;Colisão Traseira;Luz do Dia;Bom;Seca;;Pare;Comercial;1;1;1;0;0;0;1;0;0;1;0;0;-38,582309;-3,753427
276115;16;3;2016;10:00;7747;AV CARNEIRO DE MENDONCA;RUA ESTADO DO RIO;;;;Colisão Transversal;Luz do Dia;Nublado;Seca;T;Pare;Misto;0;0;2;1;0;0;0;0;0;0;0;0;-38,57239;-3,761099
276121;16;3;2016;09:00;0;AV DR THEBERGE;;;;;Atropelamento;Luz do Dia;Bom;Seca;Meio de Quadra;Não Há Controle;Residencial;0;1;1;0;0;0;0;0;0;1;0;0;;
276118;16;3;2016;14:20;5706;RUA CON BRAVEZA;RUA ANTONIO DE CASTRO;;;;Colisão Lateral;Luz do Dia;Bom;Seca;Cruz;Pare;Residencial;0;0;2;1;0;0;1;0;0;0;0;0;-38,499347;-3,794459
276125;16;3;2016;06:22;0;AV JOVITA FEITOSA;;;;;Colisão Traseira;Luz do Dia;Nublado;Seca;Meio de Quadra;Não Há Controle;Residencial;0;0;2;1;0;0;0;0;0;0;0;0;;
276083;16;3;2016;07:30;0;AV PRS COSTA E SILVA;;;;;Colisão Transversal;Luz do Dia;Bom;Seca;Meio de Quadra;Pare;Comercial;0;0;2;0;0;0;1;0;0;1;0;0;;
276079;16;3;2016;07:30;0;AV PRS COSTA E SILVA;;;;;Colisão Traseira;Luz do Dia;Bom;Seca;Meio de Quadra;Outros;Comercial;0;0;2;1;0;0;0;0;0;0;0;0;;
276093;16;3;2016;16:10;1429;RUA NUNES VALENTE;RUA AFONSO CELSO;;;;Colisão Traseira;Luz do Dia;Bom;Seca;Cruz;Pare;Residencial;0;0;2;1;0;0;0;0;0;0;0;0;-38,504234;-3,737785
276075;16;3;2016;06:20;0;AV ENG SANTANA JUNIOR;;;;;Atropelamento;Luz do Dia;Bom;Seca;Meio de Quadra;Não Há Controle;Comercial;0;1;1;1;0;0;0;0;0;0;0;0;;
276069;16;3;2016;08:00;15160;AV ABOLICAO;RUA SILVA PAULET;;;;Colisão Lateral;Luz do Dia;Bom;Seca;T;Não Há Controle;Misto;0;0;2;1;0;0;0;0;0;0;0;0;-38,502412;-3,725111
276063;16;3;2016;10:30;13239;AV J CJ JOSE WALTER;AV F CJ JOSE WALTER;;;;Colisão Frontal;;;;;;;0;0;2;1;0;0;0;0;0;0;0;0;-38,557143;-3,835833
276064;16;3;2016;07:35;0;RUA EMILIO DE MENESES;;;;;Colisão Lateral;Luz do Dia;Bom;Seca;Meio de Quadra;Outros;Misto;0;0;2;1;0;0;1;0;0;0;0;0;;
276065;16;3;2016;09:10;9995;RUA EMILIO DE MENESES;RUA AIRES DA CUNHA;;;;Colisão Lateral;Luz do Dia;Bom;Seca;Cruz;Outros;Residencial;0;1;1;0;0;0;0;0;0;1;0;0;-38,604241;-3,777019
276183;16;3;2016;14:00;22127;RUA GUSTAVO BRAGA;RUA MAJ PEDRO SAMPAIO;;;;Colisão Lateral;Luz do Dia;Bom;Seca;Cruz;Pare;Residencial;0;0;2;1;0;0;0;0;0;1;0;0;-38,555389;-3,748479
276167;16;3;2016;21:00;5625;AV DES GONZAGA;AV ROGACIANO LEITE;;;;Colisão Traseira;Via Iluminada;Bom;Seca;T;Dê Preferência;Residencial;0;0;1;1;0;0;0;0;0;0;0;0;-38,503866;-3,788545
276193;16;3;2016;12:20;0;RUA BERNARDO MANUEL;;;9360;;Colisão Traseira;Luz do Dia;Bom;Seca;Meio de Quadra;Semáforo;Comercial;0;1;0;1;0;0;0;0;0;1;0;0;-38,552393;-3,801985
276185;16;3;2016;07:10;1534;RUA MON CATAO;RUA EDUARDO GARCIA;;;;Colisão Lateral;Luz do Dia;Bom;Seca;Cruz;Pare;Residencial;0;0;2;1;0;0;0;0;0;0;0;0;-38,491196;-3,740726