COD_ACIDENTE;DIA;MES;ANO;HORA;INTERSECAO;LOG1;LOG2;LOG3;NUMERO;REFERENCIA;NATUREZA;ILUMINACAO;TEMPO;SUPERFICIEPISTA;TIPOCRUZAMENTO;CONTROLETRAFEGO;USOSOLO;MORTOS;FERIDOS;ILESOS;AUTOMOVEL;ONIBUS;BICICLETA;CAMINHAO;MICROONIBUS;CICLOMOTOR;MOTOCICLETA;TRACAOANIMAL;TREM;LONG;LAT
276191;16;3;2016;16:00;22353;AV BEZERRA DE MENEZES;AV OLAVO BILAC;;;;Colisão Traseira;Luz do Dia;Bom;Seca;Cruz;Semáforo;Comercial;0;0;2;1;0;0;0;0;0;0;0;0;-38,564151;-3,735601
276215;16;3;2016;16:00;17435;RUA ALBERTO MAGNO;RUA PRO TEODORICO;;;;Colisão Transversal;Luz do Dia;Bom;Seca;Cruz;Pare;Comercial;0;1;1;1;0;0;0;0;0;1;0;0;-38,552834;-3,768977
276208;16;3;2016;21:30;23707;AV GAL OSORIO DE PAIVA;RUA ARARAQUARA;;;;Colisão Lateral;Luz do Dia;Bom;Seca;Duplo T;Pare;Comercial;0;0;2;1;0;0;0;0;0;0;0;0;-38,578753;-3,783347
276204;16;3;2016;06:20;0;AV BENJAMIM BRASIL;;;1585;;Colisão Frontal;Luz do Dia;Chuva;Molhada;Meio de Quadra;Outros;Residencial;0;1;1;0;0;1;0;0;0;0;0;0;-38,561447;-3,806695
276196;16;3;2016;10:20;15312;RUA SILVA JATAHY;RUA PRO DIAS DA ROCHA;;;;Colisão Lateral;Via Iluminada;Bom;;Cruz;Pare;Comercial;0;0;2;1;1;0;0;0;0;0;0;0;-38,489982;-3,730205
276201;16;3;2016;18:50;5322;AV DUQ CAXIAS;AV IMPERADOR;;;;Colisão Frontal;Via Iluminada;Bom;Seca;Cruz;Semáforo;Comercial;0;1;1;0;0;0;1;0;0;1;0;0;-38,535297;-3,730048
276202;16;3;2016;13:15;19703;RUA PEDRO DE QUEIROZ;RUA GUSTAVO SAMPAIO;;;;Colisão Traseira;Luz do Dia;Bom;Seca;Cruz;Pare;Residencial;0;0;2;0;0;0;0;0;0;0;0;0;-38,560577;-3,736097
276172;16;3;2016;19:05;0;AV DES MOREIRA;;;;;Colisão Lateral;Via Iluminada;Bom;Seca;Meio de Quadra;Não Há Controle;Comercial;0;0;2;1;0;0;0;0;0;0;0;0;;
276161;16;3;2016;12:50;15820;AV JOR THOMAZ COELHO;RUA GRANJA CASTELO;;;;Colisão Lateral;Luz do Dia;Bom;Seca;T;Semáforo;Comercial;0;1;1;1;0;0;0;0;0;1;0;0;-38,500218;-3,832383
276158;16;3;2016;07:50;0;RUA CAP OLAVO;;;;;Colisão Traseira;Luz do Dia;Bom;Seca;Meio de Quadra;Não Há Controle;Residencial;0;0;2;1;0;0;0;0;0;0;0;0;;
276152;16;3;2016;06:20;0;RUA BERNARDO MANUEL;;;;;Engavetamento;Luz do Dia;Chuva;Molhada;Meio de Quadra;Não Há Controle;Comercial;0;0;3;1;0;0;0;0;0;0;0;0;;
276149;16;3;2016;16:00;0;AV EDUARDO GIRAO;;;;;Colisão Lateral;Luz do Dia;Bom;Seca;T;Gesto;Residencial;0;0;2;1;0;0;1;0;0;0;0;0;;
276139;16;3;2016;08:00;7897;RUA MON CATAO;RUA HENRIQUETA GALENO;;;;Colisão Lateral;Luz do Dia;Nublado;Seca;Cruz;Pare;Comercial;0;0;2;1;0;0;0;0;0;1;0;0;-38,493338;-3,747287
276133;16;3;2016;13:15;19904;RUA ARMANDO MONTEIRO;RUA FRE VICENTE SALVADOR;;;;Colisão Lateral;Luz do Dia;Bom;Seca;Cruz;Pare;Residencial;0;0;2;1;0;0;0;0;0;0;0;0;-38,54107;-3,762014
280363;16;3;2016;13:39;25038;RUA JOSE HIPOLITO;RUA PDE PEDRO DE ALENCAR;;;;Colisão;Luz do Dia;;;Cruz;Semáforo;Comercial;0;1;0;0;0;0;1;0;0;1;0;0;-38,494029;-3,832741
280353;16;3;2016;13:21;17294;RUA CEL ALEXANDRINO;RUA JOAO FIRMINO;;;;Colisão;Luz do Dia;;;Cruz;Pare;Residencial;0;1;0;0;0;0;0;0;0;0;0;0;-38,554922;-3,763514
280380;16;3;2016;13:49;0;RUA ADOLFO CAMINHA;;;400;;Colisão;Luz do Dia;;;Meio de Quadra;;;0;1;0;0;0;0;0;0;0;0;0;0;-38,526138;-3,720866
280388;16;3;2016;18:55;0;RUA JULIO BRAGA;;;1338;;Colisão;;;;Meio de Quadra;;;0;1;0;1;0;0;0;0;0;1;0;0;-38,582877;-3,774539
280389;16;3;2016;19:29;0;RUA BERNARDO MANUEL;;;9981;;Colisão;;;;Meio de Quadra;;;0;1;0;0;0;0;0;0;0;1;0;0;-38,553019;-3,804076
280390;16;3;2016;19:54;13239;AV F CJ JOSE WALTER;AV J CJ JOSE WALTER;;;;Colisão;;;;;;;0;1;0;1;0;0;0;0;0;0;0;0;-38,557143;-3,835833
280365;16;3;2016;13:46;0;AV PERIMETRAL;;;1138;;Colisão;Luz do Dia;;;Meio de Quadra;;;0;2;0;0;0;0;1;0;0;1;0;0;-38,590144;-3,786021
280386;16;3;2016;18:54;0;AV DES GONZAGA;;;166;;Colisão;;;;Meio de Quadra;;;0;1;0;1;0;0;0;0;0;1;0;0;;
280403;16;3;2016;21:21;0;RUA 23 DE JUNHO;;;539;;Colisão;;;;Meio de Quadra;;;0;1;0;0;0;0;0;0;0;1;0;0;-38,596983;-3,785048
280399;16;3;2016;20:20;0;AV MR HULL;;;;;Colisão;;;;Meio de Quadra;;;0;1;1;1;0;0;0;0;0;1;0;0;;
278402;16;3;2016;16:39;0;RD CE-040;;;;KM-08;Colisão;Luz do Dia;Bom;Seca;Meio de Quadra;;;0;0;2;1;0;0;1;0;0;0;0;0;-38,483033;-3,817159
278394;16;3;2016;11:30;0;RD CE-040;;;;KM-11;Colisão;Luz do Dia;Bom;Seca;Meio de Quadra;;;0;2;1;1;0;0;0;0;0;1;0;0;-38,480883;-3,842577
278390;16;3;2016;08:00;4622;AV WASHINGTON SOARES;RUA WALDEMAR ALCANTARA;;;;Colisão;Luz do Dia;Bom;Seca;;;;0;0;2;1;0;0;0;0;0;0;0;0;-38,479636;-3,799478
284377;16;3;2016;22:06;7479;AV ALBERTO CRAVEIRO;RUA PEDRO DANTAS;;;;Outros;;;;T;Semáforo;Comercial;0;0;1;0;0;0;0;0;0;0;0;0;-38,51722;-3,786753
284335;16;3;2016;21:09;0;RUA JULIO BRAGA;;;1338;;Outros;;;;Meio de Quadra;;;0;0;2;0;0;0;0;0;0;0;0;0;-38,582877;-3,774539
284333;16;3;2016;20:52;0;RUA MARTINS CARVALHO;;;4575;;Outros;;;;Meio de Quadra;;;0;0;2;0;0;0;0;0;0;0;0;0;;
284321;16;3;2016;12:37;26262;RUA ANDRADE FURTADO;AV CASTANHOLEIRAS;;;;Colisão;Luz do Dia;;;;;;0;0;2;0;0;0;0;0;0;0;0;0;-38,467499;-3,749688
284322;16;3;2016;14:02;266;AV JOVITA FEITOSA;RUA ERICO MOTA;;;;Colisão;Luz do Dia;;;Cruz;Semáforo;Comercial;0;0;2;0;0;0;0;0;0;0;0;0;-38,56185;-3,740938
284324;16;3;2016;14:07;0;RUA BAR ARACATI;;;1712;;Colisão;Luz do Dia;;;Meio de Quadra;;;0;0;2;0;0;0;0;0;0;0;0;0;;
284330;16;3;2016;19:54;25583;RUA VALMIR PONTES;RUA HIL MORAES;;;;Colisão;;;;Outros;Pare;;0;0;2;0;0;0;0;0;0;0;0;0;;
284326;16;3;2016;16:45;0;AV PRS COSTA E SILVA;;;;;Outros;Luz do Dia;;;Meio de Quadra;;;0;0;2;0;0;0;0;0;0;0;0;0;;
284328;16;3;2016;17:20;0;RUA ROSA CORDEIRO;;;283;;Outros;Anoitecer;;;Meio de Quadra;;;0;0;2;0;0;0;0;0;0;0;0;0;-38,467693;-3,773571
284319;16;3;2016;11:06;12404;AV LINEU MACHADO;AV SEN FERNANDES TAVORA;;;;Colisão;Luz do Dia;;;Cruz;Não Há Controle;Comercial;0;0;2;0;0;0;0;0;0;0;0;0;-38,57654;-3,765199
284302;16;3;2016;08:34;0;AV ANTONIO SALES;;;3443;;Atropelamento;Luz do Dia;;;Meio de Quadra;;;0;1;1;0;0;0;0;0;0;0;0;0;-38,492473;-3,748486
284303;16;3;2016;09:46;12286;RUA LUCIANO ALVES;RUA NUNES FEIJO;;;;Outros;Luz do Dia;;;;;;0;0;2;0;0;0;0;0;0;0;0;0;-38,509431;-3,845352
284304;16;3;2016;09:50;0;AV DR THEBERGE;;;399;;Outros;Luz do Dia;;;Meio de Quadra;;;0;0;2;0;0;0;0;0;0;0;0;0;-38,562696;-3,707819
284306;16;3;2016;10:26;14396;RUA JOSE O FIGUEIREDO;RUA FERNANDO WEYNE;;;;Colisão;Luz do Dia;;;;;;0;0;2;0;0;0;0;0;0;0;0;0;-38,553396;-3,72368
284297;16;3;2016;07:27;0;AV ENG SANTANA JUNIOR;;;;;Colisão;Luz do Dia;;;Meio de Quadra;;;0;0;2;0;0;0;0;0;0;0;0;0;;
284291;16;3;2016;07:10;0;RUA JOSE HIPOLITO;;;;;Colisão;Luz do Dia;;;Meio de Quadra;;;0;0;2;0;0;0;0;0;0;0;0;0;;
284285;16;3;2016;07:08;0;RUA CEL VIRGILIO NOGUEIRA (BOM JARDIM);;;1070;;Choque c/ Obstáculo Fixo;Luz do Dia;;;Meio de Quadra;;;0;0;1;0;0;0;0;0;0;0;0;0;;
285349;16;3;2016;14:05;25000;AV DOM MANUEL;RUA COSTA BARROS;;;;Colisão;Luz do Dia;;;Cruz;Semáforo;Residencial;0;0;2;1;0;0;0;0;0;0;0;0;-38,520793;-3,727381
279964;16;3;2016;14:06;9155;AV EDUARDO GIRAO;AV LUCIANO CARNEIRO;;;;Colisão;Luz do Dia;;;Cruz;;Residencial;0;0;2;1;0;0;1;0;0;0;0;0;-38,532811;-3,752275
279966;16;3;2016;15:20;0;AV AGUANAMBI;;;;;Colisão;Luz do Dia;;;Meio de Quadra;;;0;0;2;1;0;0;0;0;0;0;0;0;;
279959;16;3;2016;08:44;0;AV DES FLORIANO BENEVIDES;;;;;Colisão;Luz do Dia;;;Meio de Quadra;;;0;0;2;1;1;0;0;0;0;0;0;0;;
276371;16;3;2016;21:30;13239;AV F CJ JOSE WALTER;AV J CJ JOSE WALTER;;;;Colisão Transversal;;Bom;Seca;Cruz;;Misto;0;1;2;1;0;0;0;0;0;0;0;0;-38,557143;-3,835833
280189;16;3;2016;01:03;26236;AV DR SILAS MUNGUBA;RUA BERNARDO MANUEL;;;;Colisão;;;;Cruz;Semáforo;Comercial;0;1;0;0;0;0;0;0;0;1;0;0;-38,54796;-3,787538
280197;16;3;2016;01:21;0;RUA CEL VIRGILIO NOGUEIRA (BOM JARDIM);;;1070;;Queda;;;;Meio de Quadra;;;0;1;0;0;0;0;0;0;0;1;0;0;;
280193;16;3;2016;01:15;0;AV WASHINGTON SOARES;;;;;Atropelamento;;;;Meio de Quadra;;;0;1;0;1;0;0;0;0;0;0;0;0;;
280191;16;3;2016;01:05;0;AV BEZERRA DE MENEZES;;;;;Queda;;;;Meio de Quadra;;;0;1;0;0;0;0;0;0;0;1;0;0;;
280236;16;3;2016;04:12;7130;AV DR THEBERGE;RUA NOSSA SRA DAS GRACAS;;;;Atropelamento;;;;Cruz;Não Há Controle;Residencial;0;1;0;0;0;0;0;0;0;1;0;0;-38,562576;-3,70742
280246;16;3;2016;04:43;12826;AV DOS EXPEDICIONARIOS;RUA ANDRE CHAVES;;;;Colisão;;;;Cruz;Pare;Residencial;0;2;0;1;0;0;0;0;0;1;0;0;-38,538903;-3,757345
280208;16;3;2016;01:23;0;RUA CON DE CASTRO;;;646;;Colisão;;;;Meio de Quadra;;;0;1;0;1;0;0;0;0;0;1;0;0;-38,568139;-3,779208
280209;16;3;2016;01:25;15367;RUA PEREIRA VALENTE;RUA CEL JUCA;;;;Colisão;;;;Cruz;Pare;Misto;0;2;0;1;0;0;0;0;0;1;0;0;-38,490267;-3,734439
280234;16;3;2016;02:15;0;AV PRS COSTA E SILVA;;;1578;;Colisão;;;;Meio de Quadra;;;0;1;0;0;0;0;0;0;0;0;0;0;;
280232;16;3;2016;01:53;0;AV JOAO PESSOA;;;5453;;Colisão;;;;Meio de Quadra;;;0;1;0;0;0;0;0;0;0;0;0;0;-38,555134;-3,758771
280230;16;3;2016;01:52;5711;AV OLIVEIRA PAIVA;RUA CHICO LEMOS;;;;Colisão;;;;Cruz;Semáforo;Comercial;0;1;0;1;0;1;0;0;0;0;0;0;-38,497091;-3,795857
283240;16;3;2016;21:08;5625;AV ROGACIANO LEITE;AV DES GONZAGA;;;;Colisão;;;;T;Dê Preferência;Residencial;0;0;2;0;0;0;0;0;0;0;0;0;-38,503866;-3,788545
283206;16;3;2016;08:28;11508;AV DES FELICIANO DE ATAIDE (JD DAS OLIVEIRAS);AV DES FAUSTINO ALBUQUERQUE;;;;Colisão;Luz do Dia;;;;;;0;0;2;0;0;0;0;0;0;0;0;0;;
283202;16;3;2016;08:25;11836;RUA JACINTO MATOS;RUA MON DANTAS;;;;Colisão;Luz do Dia;;;Cruz;Pare;Residencial;0;0;2;0;0;0;1;0;0;0;0;0;-38,5468;-3,719714
283189;16;3;2016;07:25;0;AV LINEU MACHADO;;;548;;Colisão;Luz do Dia;;;Meio de Quadra;;;0;0;3;1;0;0;0;0;0;0;0;0;-38,576502;-3,765126
283362;17;3;2016;11:41;0;RUA BAR AQUIRAZ;;;1458;;Colisão;Luz do Dia;;;Meio de Quadra;;;0;0;2;1;0;0;0;0;0;0;0;0;-38,485443;-3,840373
283353;17;3;2016;11:29;5433;RUA METON DE ALENCAR;RUA MAJ FACUNDO;;;;Colisão;Luz do Dia;;;Cruz;Pare;Residencial;0;0;2;0;0;0;0;0;0;0;0;0;-38,529899;-3,733917
283336;17;3;2016;09:52;0;AV PRS CASTELO BRANCO;;;400;MARINA PARK;Colisão;Luz do Dia;;;Meio de Quadra;;;0;0;2;0;0;0;0;0;0;0;0;0;-38,530144;-3,720316
283339;17;3;2016;09:57;0;RUA BAR RIO BRANCO;;;780;;Colisão;Luz do Dia;;;Meio de Quadra;;;0;0;2;0;0;0;0;0;0;0;0;0;-38,527866;-3,72523
283345;17;3;2016;10:22;3768;AV DOMINGOS OLIMPIO;AV TRISTAO GONCALVES;;;;;Luz do Dia;;;Cruz;Semáforo;Comercial;0;0;2;1;0;0;0;0;0;0;0;0;-38,535613;-3,735133
276372;17;3;2016;18:30;0;AV CASTELO DE CASTRO;;;1126;;Colisão Traseira;Anoitecer;;;Meio de Quadra;;;0;0;2;1;0;0;0;0;0;0;0;0;-38,521746;-3,838891
276375;17;3;2016;17:00;0;AV GAL OSORIO DE PAIVA;;;3444;;Colisão Lateral;Anoitecer;;;Meio de Quadra;;;0;0;2;1;1;0;0;0;0;0;0;0;-38,589042;-3,791328
276384;17;3;2016;08:00;24369;RUA DOMINGOS JAGUARIBE;RUA ALBERTO MONTEZUMA;;;;Colisão Transversal;Luz do Dia;;;Cruz;Pare;Residencial;0;1;1;1;0;0;0;0;0;1;0;0;-38,533453;-3,766452
276389;17;3;2016;09:30;0;AV LUCIANO CARNEIRO;;;;;Colisão Traseira;Luz do Dia;;;Meio de Quadra;;;0;0;2;1;0;0;0;0;0;0;0;0;;
276400;17;3;2016;12:30;26073;AV FRANCISCO SA;AV JOSE JATAHY;;;;Colisão Lateral;Luz do Dia;;;Cruz;Semáforo;Comercial;0;1;1;1;0;0;0;0;0;1;0;0;;
276354;17;3;2016;00:10;0;AV SEN FERNANDES TAVORA;;;1506;;Colisão Traseira;;;;Meio de Quadra;;;0;1;1;0;0;0;0;0;0;1;0;0;-38,586172;-3,760049
276347;17;3;2016;18:04;26255;AV HIS RAIMUNDO GIRAO;RUA HIS GUARINO ALVES;;;;Colisão Transversal;Anoitecer;;;;;;0;1;1;1;0;0;0;0;0;1;0;0;;
276327;17;3;2016;15:00;13594;AV PONTES VIEIRA;RUA CAP GUSTAVO;;;;Colisão Traseira;Luz do Dia;;;Cruz;Semáforo;Comercial;0;1;1;1;0;0;0;0;0;1;0;0;-38,517125;-3,753153
276338;17;3;2016;07:30;10622;RUA FRANCISCO XEREZ;RUA OLIMPIO GALDINO DE SOUSA;;;;Colisão Lateral;Luz do Dia;;;;;;0;0;2;1;0;0;0;0;0;0;0;0;-38,485601;-3,759541
276278;17;3;2016;06:50;22297;AV BEZERRA DE MENEZES;RUA PDE ANCHIETA;;;;Colisão Transversal;Luz do Dia;;;;Não Há Controle;Comercial;1;0;1;0;1;0;0;0;0;1;0;0;-38,552298;-3,733155
276288;17;3;2016;15:00;12867;RUA JOAQUIM MAGALHAES;RUA JAIME BENEVOLO;;;;Colisão Transversal;Luz do Dia;;;Cruz;Pare;Comercial;0;0;2;1;0;0;0;0;0;0;0;0;-38,527961;-3,739942
276321;17;3;2016;16:20;5402;RUA METON DE ALENCAR;RUA VINTE E QUATRO DE MAIO;;;;Colisão Lateral;Luz do Dia;;;Cruz;Pare;Escola;0;0;2;1;0;0;0;0;0;0;0;0;-38,533848;-3,732626
276317;17;3;2016;08:00;0;AV AGUANAMBI;;;1837;;Colisão Traseira;Luz do Dia;;;Meio de Quadra;;;0;0;2;1;0;0;1;0;0;0;0;0;-38,523427;-3,753291
276517;17;3;2016;15:15;19721;RUA AMADEU FURTADO;RUA GUSTAVO SAMPAIO;;;;;Luz do Dia;;;Cruz;Pare;Residencial;0;0;2;1;0;0;0;0;0;0;0;0;-38,563828;-3,736786
276511;17;3;2016;08:00;0;AV DR THEBERGE;;;2222;;Colisão Lateral;Luz do Dia;;;Meio de Quadra;;;0;0;2;1;1;0;0;0;0;0;0;0;;
276505;17;3;2016;12:30;1441;AV SANTOS DUMONT;RUA PRO DIAS DA ROCHA;;;;Colisão Transversal;Luz do Dia;;;Cruz;Pare;Comercial;0;1;2;1;0;0;0;0;0;1;0;0;-38,492502;-3,738113
276483;17;3;2016;17:15;9169;AV LUCIANO CARNEIRO;RUA DR ALFREDO WEYNE D14;;;;Colisão Lateral;Anoitecer;;;T;Pare;Comercial;0;0;2;1;1;0;0;0;0;0;0;0;-38,533556;-3,754682
276481;17;3;2016;13:18;6716;AV PDE ANTONIO TOMAS;RUA ALUYSIO SORIANO ADERALDO;;;;Colisão Frontal;Luz do Dia;;;Y;Não Há Controle;Residencial;0;0;2;1;0;0;0;0;0;0;0;0;;
276490;17;3;2016;20:20;0;RUA NOGUEIRA ACIOLI;;;482;;Colisão Lateral;;;;Meio de Quadra;;;0;0;2;1;0;0;0;0;0;0;0;0;-38,516053;-3,727411
276499;17;3;2016;14:17;0;LOGRADOURO SEM NOME;;;;;Colisão Transversal;Luz do Dia;;;Meio de Quadra;;;0;0;2;1;0;0;0;0;0;0;0;0;;
276496;17;3;2016;10:56;19664;RUA PRO JOSE DE BARCELOS;RUA GUSTAVO SAMPAIO;;;;Colisão Lateral;Luz do Dia;;;Cruz;Pare;Residencial;0;0;2;1;0;0;0;0;0;0;0;0;-38,550829;-3,734101
276525;17;3;2016;15:55;0;AV SGT HERMINIO SAMPAIO;;;3800;;Colisão Traseira;Luz do Dia;;;Meio de Quadra;;;0;0;2;1;0;0;0;0;0;0;0;0;-38,574555;-3,729681
276522;17;3;2016;22:30;0;AV AGUANAMBI;;;;ROTATÓRIA;Colisão Lateral;;;;Meio de Quadra;;;0;0;2;1;0;0;0;0;0;0;0;0;;
276476;17;3;2016;19:00;21260;RUA NOSSA SRA DAS GRACAS;RUA DOM HELIO CAMPOS D21;;;;Colisão;;;;T;Não Há Controle;Comercial;0;1;1;0;0;0;0;0;0;1;0;0;-38,554477;-3,709776
284379;17;3;2016;06:34;0;RUA JOAQUIM FROTA;;;;;Choque c/ Obstáculo Fixo;Luz do Dia;;;Meio de Quadra;;;0;0;1;0;0;0;0;0;0;0;0;0;;
284538;17;3;2016;23:12;0;AV DR SILAS MUNGUBA;;;4392;;Outros;;;;Meio de Quadra;;;0;0;2;0;0;0;0;0;0;0;0;0;-38,535227;-3,79289
284504;17;3;2016;22:10;5284;RUA PRC ISABEL;RUA PEDRO I;;;;Outros;;;;Cruz;;Comercial;0;0;2;0;0;0;0;0;0;0;0;0;-38,536144;-3,728809
284497;17;3;2016;21:51;0;RUA GAL JOAO COUTO;;;165;;Colisão;;;;Meio de Quadra;;;0;0;2;0;0;0;0;0;0;0;0;0;-38,58903;-3,728699
284476;17;3;2016;21:21;0;RUA BENTO ALBUQUERQUE;;;2500;;Colisão;;;;Meio de Quadra;;;0;0;2;0;0;0;0;0;0;0;0;0;-38,468534;-3,748446
284460;17;3;2016;17:34;9169;AV LUCIANO CARNEIRO;RUA DR ALFREDO WEYNE D14;;;;Colisão;Anoitecer;;;T;Pare;Comercial;0;0;2;0;0;0;0;0;0;0;0;0;-38,533556;-3,754682
284466;17;3;2016;19:53;0;AV JOVITA FEITOSA;;;776;;Outros;;;;Meio de Quadra;;;0;0;2;0;0;0;0;0;0;0;0;0;-38,550917;-3,738724
284468;17;3;2016;20:59;0;AV OLIVEIRA PAIVA;;;1704;;Choque c/ Obstáculo Fixo;;;;Meio de Quadra;;;0;0;2;0;0;0;0;0;0;0;0;0;-38,491233;-3,795837
284463;17;3;2016;19:01;0;AV DOS EXPEDICIONARIOS;;;3442;;Colisão;;;;Meio de Quadra;;;0;0;2;0;0;0;0;0;0;0;0;0;-38,536199;-3,748631
284445;17;3;2016;14:56;0;AV LUCIANO CARNEIRO;;;721;;Colisão;Luz do Dia;;;Meio de Quadra;;;0;0;2;0;0;0;0;0;0;0;0;0;;
284446;17;3;2016;15:17;0;RUA STA ROSA D20/21 (JACARECANGA);;;770;;Colisão;Luz do Dia;;;Meio de Quadra;;;0;0;2;0;0;0;0;0;0;0;0;0;-38,553729;-3,715895
284447;17;3;2016;15:36;15169;RUA JOAQUIM NABUCO;AV BEIRA MAR;;;;Colisão;Luz do Dia;;;T;Pare;Outros;0;0;2;0;0;0;0;0;0;0;0;0;-38,49812;-3,725387
284450;17;3;2016;17:03;0;RUA NAT FEIJO;;;318;;Colisão;Anoitecer;;;Meio de Quadra;;;0;0;2;0;0;0;0;0;0;0;0;0;;
284451;17;3;2016;16:33;25154;RUA BENI DE CARVALHO;RUA VICENTE LEITE;;;;Colisão;Luz do Dia;;;Cruz;Pare;Residencial;0;0;2;0;0;0;0;0;0;0;0;0;-38,497966;-3,745037
284452;17;3;2016;17:12;3767;AV DOMINGOS OLIMPIO;AV IMPERADOR;;;;Colisão;Anoitecer;;;Cruz;Semáforo;Comercial;0;0;2;0;0;0;0;0;0;0;0;0;-38,536697;-3,73479
284455;17;3;2016;17:15;2494;RUA GRACA ARANHA;AV 20 DE JANEIRO;;;;Outros;Anoitecer;;;;;;0;0;2;0;0;0;0;0;0;0;0;0;-38,573603;-3,709479
284458;17;3;2016;17:16;0;AV DR THEBERGE;;;1358;;Colisão;Anoitecer;;;Meio de Quadra;;;0;0;2;0;0;0;0;0;0;0;0;0;-38,564903;-3,714486
284425;17;3;2016;11:18;0;RUA CON DE CASTRO;;;;;Colisão;Luz do Dia;;;Meio de Quadra;;;0;0;2;0;0;0;0;0;0;0;0;0;;
284426;17;3;2016;12:27;0;AV DR ALDY MENTOR;;;;;Colisão;Luz do Dia;;;Meio de Quadra;;;0;0;2;0;0;0;0;0;0;0;0;0;;
284422;17;3;2016;11:17;6745;RUA PRO OTAVIO LOBO;RUA BENTO ALBUQUERQUE;;;;Colisão;Luz do Dia;;;Cruz;Semáforo;Residencial;0;0;2;0;0;0;0;0;0;0;0;0;-38,479196;-3,745035
284438;17;3;2016;14:50;0;RUA ARAQUEM SILVA;;;167;;Colisão;Luz do Dia;;;Meio de Quadra;;;0;0;2;0;0;0;0;0;0;0;0;0;-38,500312;-3,750703
284383;17;3;2016;07:12;0;AV PERIMETRAL;;;;;Colisão;Luz do Dia;;;Meio de Quadra;;;0;0;2;0;0;0;0;0;0;0;0;0;;
284404;17;3;2016;09:30;23515;RUA ANA GONCALVES;RUA PRO CARVALHO;;;;Colisão;Luz do Dia;;;Cruz;Pare;Comercial;0;0;2;0;0;0;0;0;0;0;0;0;-38,513598;-3,75962
284402;17;3;2016;09:25;0;RUA TARCISIO BONFIM;;;315;;Colisão;Luz do Dia;;;Meio de Quadra;;;0;0;2;0;0;0;0;0;0;0;0;0;;
284418;17;3;2016;10:49;0;RUA PDE FRANCISCO ARAQUEM;;;240;;Outros;Luz do Dia;;;Meio de Quadra;;;0;0;2;0;0;0;0;0;0;0;0;0;;
284420;17;3;2016;11:16;26269;AV DR ALDY MENTOR;AV DIOGUINHO;;;;Choque c/ Obstáculo Fixo;Luz do Dia;;;;;;0;0;2;0;0;0;0;0;0;0;0;0;;
278410;17;3;2016;08:05;0;RD CE-040;;;;KM-08;Colisão;Luz do Dia;Nublado;Molhada;Meio de Quadra;;;0;0;3;1;0;0;0;0;0;0;0;0;-38,483033;-3,817159
278417;17;3;2016;18:20;0;RD CE-040;;;;KM-08;Colisão;Anoitecer;Bom;Seca;Meio de Quadra;;;0;0;2;1;0;0;0;1;0;0;0;0;-38,483033;-3,817159
278428;17;3;2016;23:00;0;AV SEN CARLOS JEREISSATI (AEROPORTO);;;;KM 03;Colisão;Via Iluminada;Nublado;Molhada;Meio de Quadra;;;0;0;3;0;0;0;0;0;0;1;0;0;-38,544038;-3,779641
280411;17;3;2016;00:52;0;RUA PESSOA ANTA;;;465;;Atropelamento;;;;Meio de Quadra;;;0;1;0;1;0;0;0;0;0;0;0;0;;
280417;17;3;2016;02:17;0;AV AGUANAMBI;;;888;;Colisão;;;;Meio de Quadra;;;0;1;0;1;0;1;0;0;0;0;0;0;-38,525614;-3,74412
280443;17;3;2016;05:09;641;RUA COS GOUVEIA;RUA CRUZEIRO DO SUL;;;;Colisão;Amanhecer;;;Cruz;Pare;Residencial;0;2;0;0;0;0;0;0;0;1;0;0;-38,563131;-3,716811
280425;17;3;2016;02:28;0;RUA QUINZE (CANINDEZINHO);;;;;Atropelamento;;;;Meio de Quadra;;;0;1;0;0;0;0;0;0;0;1;0;0;;
280433;17;3;2016;04:26;0;RUA TAVARES IRACEMA;;;;;Colisão;;;;Meio de Quadra;;;0;1;0;1;0;0;0;0;0;1;0;0;;
280430;17;3;2016;02:58;245;RUA DOM LINO;RUA GAL BERNARDO FIGUEIREDO;;;;Colisão;;;;Cruz;Outros;Residencial;0;1;0;1;0;0;0;0;0;1;0;0;-38,556267;-3,740582
280538;17;3;2016;11:51;1716;RUA CAP ARAGAO;AV GOV RAUL BARBOSA;;;;Queda;Luz do Dia;;;;;;0;1;0;0;0;0;0;0;0;1;0;0;-38,508802;-3,763977
280539;17;3;2016;12:42;0;AV MR HULL;;;4965;;Queda;Luz do Dia;;;Meio de Quadra;;;0;1;0;0;0;0;0;0;0;1;0;0;;
280534;17;3;2016;11:35;0;RUA FLORENCIO ALENCAR;;;223;;Colisão;Luz do Dia;;;Meio de Quadra;;;0;2;0;1;0;0;0;0;0;1;0;0;;
280535;17;3;2016;11:43;0;AV MR HULL;;;;;Atropelamento;Luz do Dia;;;Meio de Quadra;;;0;1;0;0;0;0;0;0;0;1;0;0;;
280514;17;3;2016;08:33;0;RUA DEMETRIO MENEZES;;;3622;;Colisão;Luz do Dia;;;Meio de Quadra;;;0;1;0;1;0;0;0;0;0;1;0;0;-38,584166;-3,735123
280519;17;3;2016;10:24;0;RUA WALDIR DIOGO;;;108;;Queda;Luz do Dia;;;Meio de Quadra;;;0;1;0;0;0;0;0;0;0;1;0;0;-38,57927;-3,807819
280521;17;3;2016;10:59;0;AV CARNEIRO DE MENDONCA;;;750;;Colisão;Luz do Dia;;;Meio de Quadra;;;0;1;0;1;0;0;0;0;0;1;0;0;-38,566687;-3,764148
280459;17;3;2016;05:39;0;RUA MARIO MAMEDE;;;853;;Queda;Amanhecer;;;Meio de Quadra;;;0;1;0;0;0;0;0;0;0;1;0;0;-38,528125;-3,75211