COD_ACIDENTE;DIA;MES;ANO;HORA;INTERSECAO;LOG1;LOG2;LOG3;NUMERO;REFERENCIA;NATUREZA;ILUMINACAO;TEMPO;SUPERFICIEPISTA;TIPOCRUZAMENTO;CONTROLETRAFEGO;USOSOLO;MORTOS;FERIDOS;ILESOS;AUTOMOVEL;ONIBUS;BICICLETA;CAMINHAO;MICROONIBUS;CICLOMOTOR;MOTOCICLETA;TRACAOANIMAL;TREM;LONG;LAT
280461;17;3;2016;05:50;0;RUA FAUSTO CABRAL;;;1021;;Queda;Amanhecer;;;Meio de Quadra;;;0;1;0;0;0;0;0;0;0;1;0;0;-38,47141;-3,735117
280463;17;3;2016;06:43;8979;AV DUQ CAXIAS;RUA JUSTINIANO DE SERPA;;;;Colisão;Luz do Dia;;;Outros;Pare;Comercial;0;1;0;1;0;0;0;0;0;1;0;0;-38,542701;-3,727637
280468;17;3;2016;07:24;0;AV GAL OSORIO DE PAIVA;;;4951;;Colisão;Luz do Dia;;;Meio de Quadra;;;0;1;0;1;0;0;0;0;0;1;0;0;-38,599023;-3,801585
280469;17;3;2016;07:50;0;AV 13 DE MAIO;;;7799;;Colisão;Luz do Dia;;;Meio de Quadra;;;0;1;0;0;0;0;0;0;0;1;0;0;;
280452;17;3;2016;05:19;0;RUA FRE MANSUETO;;;909;;Atropelamento;Amanhecer;;;Meio de Quadra;;;0;1;1;1;0;0;0;0;0;0;0;0;-38,488788;-3,732555
280511;17;3;2016;08:10;0;RUA GAL CLARINDO DE QUEIROZ;;;;;Colisão;Luz do Dia;;;Meio de Quadra;;;0;1;0;1;0;0;0;0;0;1;0;0;;
280546;17;3;2016;17:40;0;AV DR SILAS MUNGUBA;;;4392;;Colisão;Anoitecer;;;Meio de Quadra;;;0;1;0;1;0;0;0;0;0;1;0;0;-38,535227;-3,79289
280549;17;3;2016;17:42;0;RUA CEL MATOS DOURADO;;;665;;Atropelamento;Anoitecer;;;Meio de Quadra;;;0;1;0;1;0;0;0;0;0;0;0;0;-38,584873;-3,744877
276216;17;3;2016;07:50;0;AV TRISTAO GONCALVES;;;1615;;Colisão Lateral;Luz do Dia;;;Meio de Quadra;;;0;1;1;1;0;0;0;0;0;1;0;0;;
280335;17;3;2016;15:19;0;RUA JUNIOR ROCHA;;;;;Colisão;Luz do Dia;;;Meio de Quadra;;;0;0;2;1;1;0;0;0;0;0;0;0;;
276222;17;3;2016;17:30;7850;RUA JOSE VILAR;RUA CEL ALVES TEIXEIRA;;;;Colisão Transversal;Anoitecer;;;Cruz;Pare;Residencial;0;0;2;1;0;0;0;0;0;0;0;0;-38,508198;-3,746707
276221;18;3;2016;20:50;0;AV FRANCISCO SA;;;;;Colisão Lateral;Anoitecer;Bom;Seca;Meio de Quadra;Pare;Comercial;0;0;2;1;0;0;0;0;0;0;0;0;;
276219;18;3;2016;12:45;0;AV DR SILAS MUNGUBA;;;;;Colisão Lateral;Luz do Dia;Bom;Seca;Meio de Quadra;;Escola;0;0;2;1;0;0;0;0;0;0;0;0;;
276227;18;3;2016;10:20;5077;AV PRS CASTELO BRANCO;AV ALBERTO NEPOMUCENO;;;;Colisão Traseira;Luz do Dia;Bom;Seca;T;Não Há Controle;Outros;0;0;2;1;0;0;0;0;0;0;0;0;-38,523857;-3,722425
276225;18;3;2016;09:55;0;AV DES GONZAGA;;;;;Colisão Traseira;Luz do Dia;Bom;Seca;Cruz;Semáforo;Residencial;0;0;2;1;0;0;0;0;0;0;0;0;;
276231;18;3;2016;19:00;0;AV DOMINGOS OLIMPIO;;;;;Colisão Traseira;Anoitecer;Bom;Seca;Meio de Quadra;Não Há Controle;Comercial;0;0;2;1;0;0;0;0;0;0;0;0;;
276251;18;3;2016;14:30;23041;AV DR SILAS MUNGUBA;RUA BRUNO VALENTE;;;;Colisão Traseira;Luz do Dia;Bom;Seca;Cruz;Pare;Comercial;0;0;3;1;0;0;0;0;0;0;0;0;-38,540009;-3,790483
276243;18;3;2016;10:45;0;RUA BENTO ALBUQUERQUE;;;;;Colisão Traseira;Luz do Dia;Bom;Seca;Meio de Quadra;Não Há Controle;Residencial;0;0;2;1;0;0;0;0;0;0;0;0;;
276248;18;3;2016;23:10;0;RUA BERNARDO MANUEL;;;8798;;Colisão;Via Iluminada;Bom;Seca;Meio de Quadra;Não Há Controle;Comercial;0;1;1;1;0;0;0;0;0;1;0;0;-38,550776;-3,796602
276235;18;3;2016;06:40;0;RUA MANUEL JACARE;;;;;Colisão Traseira;Luz do Dia;Bom;Seca;Meio de Quadra;Outros;Residencial;0;0;2;1;0;0;0;0;0;0;0;0;;
276272;18;3;2016;13:00;7873;AV PONTES VIEIRA;RUA BARBOSA DE FREITAS;;;;Colisão Traseira;Luz do Dia;Bom;Seca;Cruz;Semáforo;Comercial;0;0;3;1;0;0;0;0;0;0;0;0;-38,502094;-3,751381
276254;18;3;2016;19:23;12849;RUA ASSUNCAO;RUA SALDANHA MARINHO;;;;Colisão Transversal;Via Iluminada;Bom;Seca;Cruz;Pare;Residencial;0;1;1;1;0;0;0;0;0;0;0;0;-38,531231;-3,742314
280337;18;3;2016;20:53;0;AV AGUANAMBI;;;;;Colisão;;;;Meio de Quadra;;;0;0;2;1;0;0;0;0;0;0;0;0;;
276060;18;3;2016;07:20;0;RD BR 116;;;4000;KM-04;Atropelamento;Luz do Dia;Bom;Seca;Meio de Quadra;;;0;3;0;0;0;0;0;0;1;0;0;0;-38,510646;-3,788331
276021;18;3;2016;12:35;0;RD BR 020;;;;KM 424;Colisão Frontal;Luz do Dia;Bom;Seca;Meio de Quadra;;;0;4;0;1;0;0;1;0;0;0;0;0;;
280558;18;3;2016;01:26;24941;AV CEL CARVALHO;RUA RAIMUNDO GOMES;;;;Colisão;Anoitecer;;;Cruz;Não Há Controle;Residencial;0;1;0;0;0;0;0;0;0;0;0;0;-38,588617;-3,714758
280568;18;3;2016;01:28;0;RUA DAURA;;;187;;Colisão;;;;Meio de Quadra;;;0;1;0;1;0;0;0;0;0;1;0;0;-38,504506;-3,823034
280616;18;3;2016;07:54;19436;AV AUGUSTO DOS ANJOS;RUA SEIXAS CORREIA;;;;Colisão;Luz do Dia;;;Cruz;Semáforo;Comercial;0;1;0;1;0;0;0;0;0;1;0;0;-38,578496;-3,779412
280604;18;3;2016;03:56;0;AV DOS EXPEDICIONARIOS;;;5151;;Atropelamento;;;;Meio de Quadra;;;0;1;0;1;0;0;0;0;0;0;0;0;-38,541332;-3,765446
280606;18;3;2016;05:02;0;AV BORGES DE MELO;;;;;Colisão;Amanhecer;;;Meio de Quadra;;;0;2;0;1;0;0;0;0;0;1;0;0;;
280608;18;3;2016;06:24;0;AV GAL OSORIO DE PAIVA;;;;;Colisão;Luz do Dia;;;Meio de Quadra;;;0;1;0;0;0;0;0;0;0;0;0;0;;
280609;18;3;2016;06:58;0;AV ENG HUMBERTO MONTE;;;;;Queda;Luz do Dia;;;Meio de Quadra;;;0;2;0;0;0;0;0;0;0;1;0;0;;
280610;18;3;2016;07:53;0;AV SEN CARLOS JEREISSATI (AEROPORTO);;;1400;;Colisão;Luz do Dia;;;Meio de Quadra;;;0;1;0;0;0;0;0;0;0;0;0;0;;
280595;18;3;2016;02:10;0;RUA GAL SILVA JUNIOR;;;797;;Colisão;;;;Meio de Quadra;;;0;1;0;1;0;0;0;0;0;1;0;0;-38,533123;-3,757089
280597;18;3;2016;02:17;0;AV PRS COSTA E SILVA;;;1578;;Colisão;;;;Meio de Quadra;;;0;1;0;1;0;0;0;0;0;1;0;0;;
280598;18;3;2016;02:55;18468;RUA PDE MAXIMO FEITOSA;RUA HAROLDO TORRES;;;;Colisão;;;;Cruz;Pare;Residencial;0;1;0;0;0;0;0;0;0;1;0;0;-38,574547;-3,73083
280631;18;3;2016;07:58;0;AV PRS CASTELO BRANCO;;;2455;;Colisão;Luz do Dia;;;Meio de Quadra;;;0;1;0;1;0;0;0;0;0;1;0;0;-38,54988;-3,713327
280655;18;3;2016;08:31;0;AV JOSE BASTOS;;;3610;;Queda;Luz do Dia;;;Meio de Quadra;;;0;1;0;0;0;0;0;0;0;1;0;0;-38,551154;-3,750691
280668;18;3;2016;08:59;0;AV WASHINGTON SOARES;;;4335;SHOPPING VIA SUL;Colisão;Luz do Dia;;;Meio de Quadra;;;0;0;2;0;0;0;1;0;0;1;0;0;-38,479961;-3,794925
280703;18;3;2016;09:03;0;AV JOSE BASTOS;;;;;Queda;Luz do Dia;;;Meio de Quadra;;;0;1;0;0;0;0;0;0;0;1;0;0;;
280704;18;3;2016;09:05;8949;AV BEZERRA DE MENEZES;RUA JUSTINIANO DE SERPA;;;;Colisão;Luz do Dia;;;Cruz;Semáforo Intermitente;Comercial;0;1;0;0;0;0;0;0;0;0;0;0;-38,542857;-3,731156
280705;18;3;2016;10:17;0;RUA MAL DEODORO;;;1301;;Queda;Luz do Dia;;;Meio de Quadra;;;0;1;0;0;0;0;0;0;0;1;0;0;-38,538245;-3,74678
280710;18;3;2016;10:18;0;RUA CON DE CASTRO;;;4500;;Queda;Luz do Dia;;;Meio de Quadra;;;0;1;0;0;0;0;0;0;0;1;0;0;-38,591738;-3,804822
280854;18;3;2016;16:35;3819;AV CARAPINIMA;RUA JUVENAL GALENO;;;;Atropelamento;Luz do Dia;;;Cruz;Semáforo;Comercial;0;1;1;0;0;0;0;0;0;0;0;0;-38,539176;-3,738998
280838;18;3;2016;15:52;0;RUA SEN POMPEU;;;1379;;Atropelamento;Luz do Dia;;;Meio de Quadra;;;0;1;0;0;0;0;0;0;0;1;0;0;-38,530775;-3,730705
280836;18;3;2016;15:35;0;AV CASTELO DE CASTRO;;;232;;Colisão;Luz do Dia;;;Meio de Quadra;;;0;1;0;1;0;0;0;0;0;1;0;0;-38,521498;-3,831049
280841;18;3;2016;16:07;0;AV GAL OSORIO DE PAIVA;;;3432;;Colisão;Luz do Dia;;;Meio de Quadra;;;0;1;0;0;0;0;0;0;0;0;0;0;-38,588949;-3,791231
280843;18;3;2016;16:20;15437;AV FRE CIRILO;RUA HOMEM DE MELO;;;;Colisão;Luz do Dia;;;Duplo T;Pare;Comercial;0;1;0;1;0;0;0;0;0;1;0;0;-38,497528;-3,817039
280872;18;3;2016;20:34;0;AV GAL OSORIO DE PAIVA;;;1854;;Colisão;;;;Meio de Quadra;;;0;1;0;1;0;0;0;0;0;1;0;0;-38,578167;-3,783027
280857;18;3;2016;17:08;581;AV FRANCISCO SA;AV PASTEUR;;;;Colisão;Anoitecer;;;Cruz;;Comercial;0;1;0;1;0;0;0;0;0;0;0;0;-38,560567;-3,716325
280858;18;3;2016;17:36;0;AV OLAVO BILAC;;;;;Colisão;Anoitecer;;;Meio de Quadra;;;0;1;0;0;0;0;0;0;0;0;0;0;;
280860;18;3;2016;17:53;0;AV M CJ JOSE WALTER;;;;;Queda;Anoitecer;;;Meio de Quadra;;;0;1;0;0;0;0;0;0;0;1;0;0;;
280862;18;3;2016;18:06;0;RUA RAIMUNDO RIBEIRO;;;2233;;Atropelamento;Anoitecer;;;Meio de Quadra;;;0;1;0;0;0;0;0;0;0;0;0;0;;
280864;18;3;2016;18:15;5084;RUA PRC ISABEL;RUA SEN ALENCAR;;;;Colisão;Anoitecer;;;Cruz;Pare;Comercial;0;1;0;1;0;0;0;0;0;1;0;0;-38,534356;-3,722828
280834;18;3;2016;15:19;0;AV PRS CASTELO BRANCO;;;2719;;Atropelamento;Luz do Dia;;;Meio de Quadra;;;0;1;1;0;0;0;0;0;0;0;0;0;-38,552105;-3,712672
280830;18;3;2016;14:54;0;RUA DIADEMA;;;;;Queda;Luz do Dia;;;Meio de Quadra;;;0;1;0;0;0;0;0;0;0;1;0;0;;
280823;18;3;2016;14:05;0;RUA TAMIARANA;;;150;;Colisão;Luz do Dia;;;Meio de Quadra;;;0;1;0;0;0;0;0;0;0;0;0;0;-38,591792;-3,780682
280826;18;3;2016;14:33;0;RUA GABRIEL FIUZA;;;415;;Colisão;Luz do Dia;;;Meio de Quadra;;;0;1;0;0;0;0;0;0;0;0;0;0;-38,579937;-3,787039
280817;18;3;2016;13:35;0;RUA MACIEL LUZ;;;173;;Colisão;Luz do Dia;;;Meio de Quadra;;;0;1;0;0;0;0;0;0;0;0;0;0;;
280811;18;3;2016;13:34;21376;AV JOVITA FEITOSA;RUA PRO NOGUEIRA;;;;Colisão;Luz do Dia;;;Cruz;Pare;Comercial;0;1;0;1;0;0;0;0;0;1;0;0;-38,548839;-3,73828
280798;18;3;2016;13:20;0;AV WASHINGTON SOARES;;;1200;;Colisão;Luz do Dia;;;Meio de Quadra;;;0;2;0;0;0;0;0;0;0;1;0;0;;
280726;18;3;2016;10:28;0;AV FRANCISCO SA;;;;;Colisão;Luz do Dia;;;Meio de Quadra;;;0;1;0;0;0;0;0;0;0;0;0;0;;
280752;18;3;2016;11:36;0;AV JOAO PESSOA;;;6943;;Colisão;Luz do Dia;;;Meio de Quadra;;;0;2;0;1;0;0;0;0;0;1;0;0;-38,561064;-3,77028
280743;18;3;2016;10:51;0;AV SANTOS DUMONT;;;6021;;Colisão;Luz do Dia;;;Meio de Quadra;;;0;2;0;1;0;0;0;0;0;1;0;0;-38,477907;-3,742821
280745;18;3;2016;11:20;0;AV CEL CARVALHO;;;2173;;Colisão;Luz do Dia;;;Meio de Quadra;;;0;1;0;1;0;0;0;0;0;1;0;0;-38,586902;-3,721357
280767;18;3;2016;12:53;7922;RUA ISAC AMARAL;RUA VIS MAUA;;;;Atropelamento;Luz do Dia;;;T;Pare;Residencial;0;1;0;0;0;0;0;0;0;1;0;0;;
280763;18;3;2016;12:45;26075;AV SGT HERMINIO SAMPAIO;AV JOSE JATAHY;;;;Colisão;Luz do Dia;;;;;;0;1;0;1;0;0;0;0;0;1;0;0;;
280761;18;3;2016;12:30;0;RUA ASSUNCAO;;;1440;;Colisão;Luz do Dia;;;Meio de Quadra;;;0;2;0;1;0;0;0;0;0;0;0;0;-38,53125;-3,742314
280756;18;3;2016;11:46;0;AV SEN FERNANDES TAVORA;;;200;;Colisão;Luz do Dia;;;Meio de Quadra;;;0;1;0;0;0;0;0;0;0;0;0;0;;
280782;18;3;2016;13:05;0;AV GODOFREDO MACIEL;;;6400;;Colisão;Luz do Dia;;;Meio de Quadra;;;0;1;0;0;0;0;0;0;0;0;0;0;-38,581509;-3,8327
278452;18;3;2016;22:30;0;RD CE-040;;;;KM-05;Colisão;Via Iluminada;Bom;Seca;Meio de Quadra;;;0;1;1;1;0;0;0;0;0;0;0;0;-38,480331;-3,791613
278444;18;3;2016;14:50;0;RD CE-040;;;;KM-04;Colisão;Luz do Dia;Bom;Seca;Meio de Quadra;;;0;0;3;1;0;0;1;0;0;1;0;0;-38,481084;-3,782614
278445;18;3;2016;18:50;0;RD CE-040;;;;KM-04;Outros;Anoitecer;Bom;Seca;Meio de Quadra;;;0;1;0;1;0;0;0;0;0;0;0;0;-38,481084;-3,782614
278446;18;3;2016;19:30;0;AV SEN CARLOS JEREISSATI (AEROPORTO);;;;KM 03;Colisão;Anoitecer;Bom;Seca;Meio de Quadra;;;0;0;2;1;0;0;0;0;0;0;0;0;-38,544038;-3,779641
284685;18;3;2016;13:40;5265;RUA PEDRO PEREIRA;RUA VINTE E QUATRO DE MAIO;;;;Colisão;Luz do Dia;;;Cruz;Pare;Comercial;0;0;2;0;0;0;0;0;0;0;0;0;-38,532486;-3,7284
284689;18;3;2016;14:03;5496;RUA PDE VALDEVINO;RUA DNA LEOPOLDINA;;;;Colisão;Luz do Dia;;;Cruz;Semáforo;Comercial;0;0;2;0;0;0;0;0;0;0;0;0;-38,521753;-3,737577
284690;18;3;2016;14:14;12404;AV LINEU MACHADO;AV SEN FERNANDES TAVORA;;;;Colisão;Luz do Dia;;;Cruz;Não Há Controle;Comercial;0;0;2;0;0;0;0;0;0;0;0;0;-38,57654;-3,765199
284699;18;3;2016;15:00;9088;RUA SOUSA GIRAO;RUA DR JOSE VITOR;;;;Colisão;Luz do Dia;;;T;Não Há Controle;Residencial;0;0;2;0;0;0;0;0;0;0;0;0;-38,524193;-3,747502
284667;18;3;2016;12:44;0;AV GOV PARSIFAL BARROSO;;;1300;COLÉGIO STA. ISABEL;Outros;Luz do Dia;;;Meio de Quadra;;;0;0;2;0;0;0;0;0;0;0;0;0;-38,569071;-3,736214
284670;18;3;2016;13:34;0;AV PRS CASTELO BRANCO;;;436;ENTRADA-7º DISTRITO;Outros;Luz do Dia;;;Meio de Quadra;;;0;0;2;0;0;0;0;0;0;0;0;0;;
284716;18;3;2016;16:20;15203;RUA DEP MOREIRA DA ROCHA;RUA MON BRUNO;;;;Outros;Luz do Dia;;;Cruz;Pare;Residencial;0;0;2;0;0;0;0;0;0;0;0;0;-38,507591;-3,726659
284717;18;3;2016;16:38;0;AV SANTOS DUMONT;;;6060;;Outros;Luz do Dia;;;Meio de Quadra;;;0;0;2;0;0;0;0;0;0;0;0;0;-38,477907;-3,742821
284719;18;3;2016;16:40;6738;RUA DES WALDETARIO P MOTA;RUA VILEBALDO AGUIAR;;;;Outros;Luz do Dia;;;Cruz;Pare;Residencial;0;0;2;0;0;0;0;0;0;0;0;0;-38,483787;-3,741853
284725;18;3;2016;17:33;0;RUA FRE ODILON;;;162;;Outros;Anoitecer;;;Meio de Quadra;;;0;0;2;0;0;0;0;0;0;0;0;0;;
284726;18;3;2016;18:19;0;RUA ISAC AMARAL;;;280;;Atropelamento;Anoitecer;;;Meio de Quadra;;;0;1;1;0;0;0;0;0;0;0;0;0;;
284727;18;3;2016;18:53;0;RUA MACIEL LUZ;;;137;;Colisão;;;;Meio de Quadra;;;0;0;2;0;0;0;0;0;0;0;0;0;;
284721;18;3;2016;17:19;12457;AV SEN FERNANDES TAVORA;AV AUGUSTO DOS ANJOS;;;;Atropelamento;Anoitecer;;;;;;0;1;1;0;0;0;0;0;0;0;0;0;-38,570427;-3,770153
284732;18;3;2016;19:13;0;AV PINTO BANDEIRA D56;;;320;;Colisão;;;;Meio de Quadra;;;0;0;2;0;0;0;0;0;0;0;0;0;;
284739;18;3;2016;19:33;2896;RUA BOM JESUS (GRANJA LISBOA);AV GAL OSORIO DE PAIVA;;;;Colisão;;;;T;Não Há Controle;Comercial;0;0;2;0;0;0;0;0;0;0;0;0;-38,594321;-3,796709
284641;18;3;2016;12:43;0;AV EDUARDO BRIGIDO MONTEIRO;;;;;Colisão;Luz do Dia;;;Meio de Quadra;;;0;0;2;0;0;0;0;0;0;0;0;0;;
284637;18;3;2016;12:05;5162;RUA GAL SAMPAIO;RUA SAO PAULO;;;;Outros;Luz do Dia;;;Cruz;Semáforo;Comercial;0;0;2;0;0;0;0;0;0;0;0;0;-38,530266;-3,725134
284638;18;3;2016;12:41;0;AV DA INDEPENDENCIA;;;1868;;Colisão;Luz do Dia;;;Meio de Quadra;;;0;0;3;1;0;0;0;0;0;1;0;0;-38,596789;-3,725194
284630;18;3;2016;11:29;4020;AV PRO GOMES DE MATOS;RUA SAMUEL UCHOA;;;;Outros;Luz do Dia;;;Cruz;Pare;Comercial;0;0;2;0;0;0;0;0;0;0;0;0;-38,542215;-3,757193
284631;18;3;2016;13:02;0;RUA FRE MANSUETO;;;886;;Colisão;Luz do Dia;;;Meio de Quadra;;;0;0;2;0;0;0;0;0;0;0;0;0;-38,48882;-3,731941
284633;18;3;2016;11:49;25821;RUA EMILIANO DE ALMEIDA BRAGA;RUA ESMERALDA (CJ HAB NOVO BARROSO);;;;Colisão;Luz do Dia;;;;;;0;0;2;0;0;0;0;0;0;0;0;0;;
284620;18;3;2016;11:20;0;RUA PRC ISABEL;;;1274;;Colisão;Luz do Dia;;;Meio de Quadra;;;0;0;2;0;0;0;0;0;0;0;0;0;-38,537029;-3,731801
284609;18;3;2016;11:17;0;AV AGUANAMBI;;;;;Colisão;Luz do Dia;;;Meio de Quadra;;;0;0;2;0;0;0;0;0;0;0;0;0;;
284603;18;3;2016;07:00;24941;AV CEL CARVALHO;RUA RAIMUNDO GOMES;;;;Colisão;Luz do Dia;;;Cruz;Não Há Controle;Residencial;0;0;2;0;0;0;0;0;0;0;0;0;-38,588617;-3,714758
284606;18;3;2016;08:29;9192;RUA MARIO MAMEDE;RUA PAULA RODRIGUES;;;;Colisão;Luz do Dia;;;Cruz;Semáforo;Residencial;0;0;2;0;0;0;0;0;0;0;0;0;-38,526739;-3,753285
284580;18;3;2016;06:06;0;AV DOS EXPEDICIONARIOS;;;3442;;Colisão;Luz do Dia;;;Meio de Quadra;;;0;0;2;0;0;0;0;0;0;0;0;0;-38,536199;-3,748631
284734;18;3;2016;19:14;0;RUA IPIRANGA D29;;;170;;Choque c/ Obstáculo Fixo;;;;Meio de Quadra;;;0;0;2;0;0;0;0;0;0;0;0;0;;
284765;18;3;2016;20:09;0;AV PRS CASTELO BRANCO;;;2719;;Atropelamento;;;;Meio de Quadra;;;0;1;1;0;0;0;0;0;0;0;0;0;-38,552105;-3,712672
276319;18;3;2016;20:30;0;RUA SEN POMPEU;;;;;Atropelamento;Via Iluminada;Bom;Seca;Meio de Quadra;Semáforo;Comercial;0;1;1;0;0;0;0;0;0;1;0;0;;
276322;18;3;2016;15:40;0;AV AGUANAMBI;;;;ROTATÓRIA;Colisão Lateral;Luz do Dia;Bom;Seca;Meio de Quadra;Outros;Outros;0;0;2;1;0;0;1;0;0;0;0;0;;
276315;18;3;2016;19:10;0;AV DR SILAS MUNGUBA;;;;;Colisão Traseira;Via Iluminada;Bom;Seca;Meio de Quadra;Dê Preferência;Misto;0;0;2;1;0;0;0;0;0;0;0;0;;
276308;18;3;2016;08:45;10200;RUA DAS PEDRINHAS;RUA ALTO DAS PEDRINHAS;;;;Colisão Lateral;Luz do Dia;Nublado;Seca;Cruz;Não Há Controle;Residencial;0;0;2;1;0;0;0;0;0;1;0;0;;
276337;18;3;2016;13:25;19436;AV AUGUSTO DOS ANJOS;RUA SEIXAS CORREIA;;;;Colisão Lateral;Luz do Dia;Bom;Seca;Cruz;Semáforo;Comercial;0;1;1;1;0;0;0;0;0;1;0;0;-38,578496;-3,779412
276313;18;3;2016;09:40;0;RUA CAP AFRANIO;;;;;Colisão Lateral;Luz do Dia;Bom;Seca;Meio de Quadra;Não Há Controle;Rural;0;0;2;1;0;0;0;0;0;0;0;0;;
276305;18;3;2016;08:30;0;RUA TEREZA CRISTINA;;;;;Colisão Lateral;Luz do Dia;Bom;Seca;Meio de Quadra;Não Há Controle;Comercial;0;0;2;1;0;0;0;0;0;0;0;0;;
276301;18;3;2016;18:50;15216;AV ABOLICAO;RUA VIS MAUA;;;;Atropelamento;Via Iluminada;Bom;Seca;Cruz;Pare;Comercial;0;2;0;0;0;0;0;0;0;1;0;0;-38,496477;-3,727006
276298;18;3;2016;08:30;0;RUA ISAC AMARAL;;;;;Colisão Lateral;Luz do Dia;Bom;Seca;Outros;Semáforo Intermitente;Residencial;0;0;2;1;0;0;0;0;0;0;0;0;;
276292;18;3;2016;14:37;7783;RUA OSVALDO CRUZ (ALDEOTA);RUA LIVIO BARRETO;;;;Colisão Transversal;Luz do Dia;Bom;Seca;Cruz;Pare;Misto;0;0;2;1;0;0;0;0;0;0;0;0;-38,505488;-3,751627
276281;18;3;2016;10:30;978;AV BORGES DE MELO;RD BR 116;;;;Colisão;Luz do Dia;Bom;Seca;Outros;Pare;Comercial;0;1;1;1;0;0;0;0;0;1;0;0;-38,518888;-3,761468
276287;18;3;2016;13:35;1584;RUA GAL TERTULIANO POTYGUARA;RUA VIS MAUA;;;;Colisão Lateral;Luz do Dia;Bom;Seca;Cruz;Pare;Misto;0;1;1;1;0;0;0;0;0;1;0;0;-38,501576;-3,742796
276279;18;3;2016;21:00;19587;RUA PRIMEIRO DE JANEIRO;AV GODOFREDO MACIEL;;;;Colisão Lateral;Via Iluminada;Bom;Seca;;;Comercial;0;2;2;0;0;0;0;0;0;1;0;0;;
276277;18;3;2016;18:30;0;AV PERIMETRAL;;;;;Colisão Traseira;;Bom;Seca;Meio de Quadra;Não Há Controle;Comercial;0;0;1;0;0;0;0;0;0;0;0;0;;
276329;18;3;2016;12:00;24236;RUA DES WALDETARIO P MOTA;AV ENG ALBERTO SA;;;;Colisão Lateral;Luz do Dia;Bom;Seca;Cruz;Semáforo;Residencial;0;1;1;0;0;0;0;0;0;1;0;0;-38,47869;-3,733736
276326;18;3;2016;10:30;0;RUA ILDEFONSO ALBANO;;;1558;;Colisão Lateral;Luz do Dia;Bom;Seca;Meio de Quadra;;Comercial;0;1;1;1;0;0;0;0;0;1;0;0;-38,513646;-3,734643
276341;18;3;2016;14:50;3881;RUA MAL DEODORO;RUA ADOLFO HERBSTER;;;;Colisão Lateral;Luz do Dia;Bom;Seca;T;Não Há Controle;Residencial;0;1;1;1;0;0;0;0;0;1;0;0;-38,538213;-3,746705
276345;18;3;2016;10:40;0;RUA PEDRO I;;;;;Colisão Lateral;Luz do Dia;Bom;Seca;Meio de Quadra;Não Há Controle;Comercial;0;0;2;1;1;0;0;0;0;0;0;0;;
276355;18;3;2016;17:30;10405;RUA JOSE MENDONCA;AV GENIBAU;;;;Colisão Traseira;Luz do Dia;Bom;Seca;T;Pare;Residencial;0;1;1;0;0;0;0;0;0;1;0;0;-38,602771;-3,760237
276358;18;3;2016;07:15;26223;AV CHANC EDSON QUEIROZ;RUA ALBERTO FEITOSA LIMA;;;;Colisão Transversal;Luz do Dia;Bom;Seca;Cruz;Pare;Misto;0;0;3;1;0;0;0;0;0;0;0;0;;
276359;18;3;2016;08:20;0;RUA JULIO BRAGA;;;;;Colisão Lateral;Luz do Dia;Bom;Seca;Meio de Quadra;Dê Preferência;Residencial;0;0;2;1;0;0;1;0;0;0;0;0;;
276352;18;3;2016;10:00;25003;AV DR THEBERGE;AV SGT HERMINIO SAMPAIO;;;;Colisão Lateral;Luz do Dia;Bom;Seca;Cruz;Semáforo;Misto;0;1;1;0;0;0;0;0;0;1;0;0;-38,569276;-3,727916
276369;18;3;2016;21:45;0;LOGRADOURO SEM NOME;;;;;Colisão Lateral;Via Iluminada;Bom;Seca;Meio de Quadra;Pare;Lazer;0;0;2;0;1;0;0;0;0;0;0;0;;
276370;18;3;2016;20:02;23727;RUA GABRIEL FIUZA;RUA MON AGOSTINHO;;;;Colisão Lateral;Via Iluminada;Bom;Seca;Cruz;Pare;Residencial;0;1;1;0;0;0;0;0;0;1;0;0;-38,580412;-3,786587
276365;18;3;2016;09:00;0;RUA PDE MAXIMO FEITOSA;;;;;Colisão Frontal;Luz do Dia;Bom;Seca;Meio de Quadra;Não Há Controle;Residencial;0;1;1;0;0;0;0;0;0;1;0;0;;
284783;18;3;2016;20:14;15260;RUA JOAQUIM NABUCO;RUA ANA BILHAR;;;;Choque c/ Obstáculo Fixo;;;;Cruz;Semáforo;Residencial;0;0;2;0;0;0;0;0;0;0;0;0;-38,499077;-3,728382
284806;18;3;2016;20:24;3768;AV DOMINGOS OLIMPIO;AV TRISTAO GONCALVES;;;;Colisão;;;;Cruz;Semáforo;Comercial;0;0;2;0;0;0;0;0;0;0;0;0;-38,535613;-3,735133
284808;18;3;2016;20:43;0;AV FRE CIRILO;;;;;Outros;;;;Meio de Quadra;;;0;0;2;0;0;0;0;0;0;0;0;0;;
284817;18;3;2016;20:46;19366;RUA GERMANO FRANCK;AV DR SILAS MUNGUBA;;;;Colisão;;;;Cruz;Semáforo;Comercial;0;0;2;0;0;0;0;0;0;0;0;0;-38,562004;-3,777251
284862;18;3;2016;21:59;7708;AV CARNEIRO DE MENDONCA;RUA RODRIGUES ANDRADE;;;;Colisão;;;;T;Não Há Controle;Comercial;0;0;2;0;0;0;0;0;0;0;0;0;-38,565006;-3,765021
284856;18;3;2016;21:32;0;RUA JUVENAL DE CARVALHO;;;560;;Colisão;;;;Meio de Quadra;;;0;0;2;0;0;0;0;0;0;0;0;0;-38,525137;-3,747343
283466;18;3;2016;15:57;0;AV AUGUSTO DOS ANJOS;;;1865;;Colisão;Luz do Dia;;;Meio de Quadra;;;0;0;4;0;0;0;1;0;0;0;0;0;-38,580894;-3,78216