COD_ACIDENTE;DIA;MES;ANO;HORA;INTERSECAO;LOG1;LOG2;LOG3;NUMERO;REFERENCIA;NATUREZA;ILUMINACAO;TEMPO;SUPERFICIEPISTA;TIPOCRUZAMENTO;CONTROLETRAFEGO;USOSOLO;MORTOS;FERIDOS;ILESOS;AUTOMOVEL;ONIBUS;BICICLETA;CAMINHAO;MICROONIBUS;CICLOMOTOR;MOTOCICLETA;TRACAOANIMAL;TREM;LONG;LAT
283469;18;3;2016;16:41;0;RUA CARLOS CHAGAS;;;213;;Colisão;Luz do Dia;;;Meio de Quadra;;;0;0;2;1;0;0;0;0;0;0;0;0;-38,582224;-3,780991
283487;18;3;2016;18:08;0;RUA GERMANO FRANCK;;;720;TERMINAL PARANGABA;Colisão;Anoitecer;;;Meio de Quadra;;;0;0;2;0;1;0;0;0;0;0;0;0;-38,562071;-3,777298
283492;18;3;2016;18:32;0;AV PERIMETRAL;;;390;;;;;;Meio de Quadra;;;0;0;1;0;0;0;0;0;0;0;0;0;;
277230;19;3;2016;19:40;7976;RUA MAJ WEYNE;AV JOAO PESSOA;;;;Colisão Transversal;;Bom;Seca;Cruz;;Residencial;0;0;2;1;0;0;0;0;0;0;0;0;-38,545334;-3,747841
284878;19;3;2016;06:14;0;AV JOR THOMAZ COELHO;;;;;Colisão;Luz do Dia;;;Meio de Quadra;;;0;0;2;0;0;0;0;0;0;0;0;0;;
284879;19;3;2016;09:13;0;RUA CARLOS WALRAVEN;;;268;;Choque c/ Obstáculo Fixo;Luz do Dia;;;Meio de Quadra;;;0;0;1;0;0;0;0;0;0;0;0;0;-38,59118;-3,720024
284875;19;3;2016;02:58;9897;RUA SGT JOAO PINHEIRO;RUA CEL JOAO CORREIA;;;;Outros;;;;Cruz;Não Há Controle;Residencial;0;0;2;0;0;0;0;0;0;0;0;0;-38,623658;-3,785923
284888;19;3;2016;20:58;17591;RUA PARANA;RUA PIAUI;;;;Atropelamento;;;;T;Pare;Residencial;0;1;1;0;0;0;0;0;0;0;0;0;-38,567638;-3,756094
284931;19;3;2016;09:13;23804;AV GAL OSORIO DE PAIVA;RUA RAIMUNDO NERY;;;;Outros;Luz do Dia;;;Cruz;Semáforo;Comercial;0;0;2;0;0;0;0;0;0;0;0;0;-38,588065;-3,790306
284933;19;3;2016;09:25;0;AV PASTEUR;;;1338;;Outros;Luz do Dia;;;Meio de Quadra;;;0;0;2;0;0;0;0;0;0;0;0;0;-38,560995;-3,717593
284936;19;3;2016;10:51;14786;RUA JOAO AMORA;RUA STA LIDUINA D42;;;;Colisão;Luz do Dia;;;Cruz;Pare;Residencial;0;0;2;0;0;0;0;0;0;0;0;0;-38,585104;-3,799663
284939;19;3;2016;10:59;0;AV DES GONZAGA;;;350;;Colisão;Luz do Dia;;;Meio de Quadra;;;0;0;2;0;0;0;0;0;0;0;0;0;-38,503325;-3,789757
284942;19;3;2016;12:01;15354;RUA CANUTO DE AGUIAR;RUA FREDERICO BORGES;;;;Colisão;Luz do Dia;;;Cruz;Não Há Controle;Comercial;0;0;2;0;0;0;0;0;0;0;0;0;-38,489246;-3,732629
284956;19;3;2016;12:50;0;RUA ARAUJO TORREAO;;;280;;Colisão;Luz do Dia;;;Meio de Quadra;;;0;0;2;0;0;0;0;0;0;0;0;0;-38,49584;-3,815318
285020;19;3;2016;12:52;0;AV ANTONIO SALES;;;3401;;Colisão;Luz do Dia;;;Meio de Quadra;;;0;0;2;0;0;0;0;0;0;0;0;0;-38,493793;-3,748129
285021;19;3;2016;13:26;5433;RUA MAJ FACUNDO;RUA METON DE ALENCAR;;;;Colisão;Luz do Dia;;;Cruz;Pare;Residencial;0;0;2;0;0;0;0;0;0;0;0;0;-38,529899;-3,733917
285028;19;3;2016;14:31;20084;AV PAROARAS;RUA 6 GLEBA 5S;;;;Colisão;Luz do Dia;;;;;;0;0;2;0;0;0;0;0;0;0;0;0;-38,543861;-3,808669
285029;19;3;2016;14:32;0;AV PRS COSTA E SILVA;;;712;;Colisão;Luz do Dia;;;Meio de Quadra;;;0;0;2;0;0;0;0;0;0;0;0;0;-38,573047;-3,812378
285030;19;3;2016;15:09;0;RUA BAR AQUIRAZ;;;1409;;Outros;Luz do Dia;;;Meio de Quadra;;;0;0;2;0;0;0;0;0;0;0;0;0;-38,485533;-3,840288
285025;19;3;2016;14:02;0;AV CONTORNO SUL;;;190;;Colisão;Luz do Dia;;;Meio de Quadra;;;0;0;2;0;0;0;0;0;0;0;0;0;-38,515642;-3,835521
285026;19;3;2016;14:14;0;RUA JOSE HIPOLITO;;;1238;;Colisão;Luz do Dia;;;Meio de Quadra;;;0;0;2;0;0;0;0;0;0;0;0;0;-38,485183;-3,836172
285035;19;3;2016;15:41;19367;RUA JULIO BRAGA;RUA STA LIGIA;;;;Colisão;Luz do Dia;;;Cruz;Pare;Residencial;0;0;2;0;0;0;0;0;0;0;0;0;-38,574892;-3,777294
285041;19;3;2016;18:13;0;AV GODOFREDO MACIEL;;;5618;;Outros;Anoitecer;;;Meio de Quadra;;;0;0;2;0;0;0;0;0;0;0;0;0;-38,578749;-3,82424
285043;19;3;2016;18:16;0;AV C CJ CEARA;;;;;Choque c/ Obstáculo Fixo;Anoitecer;;;Meio de Quadra;;;0;0;1;0;0;0;0;0;0;0;0;0;;
285060;19;3;2016;19:43;5293;RUA PEDRO PEREIRA;RUA SEN POMPEU;;;;Outros;;;;Cruz;Semáforo;Comercial;0;0;2;0;0;0;0;0;0;0;0;0;-38,530289;-3,729114
285091;19;3;2016;20:48;25084;AV BENJAMIM BRASIL;RUA BERNARDO MANUEL;;;;Colisão;;;;T;Semáforo;Comercial;0;0;2;0;0;0;0;0;0;0;0;0;-38,554874;-3,81006
285121;19;3;2016;20:50;0;RUA ALBERTO MAGNO;;;2003;;Colisão;;;;Meio de Quadra;;;0;0;2;0;0;0;0;0;0;0;0;0;;
285124;19;3;2016;21:12;0;AV MAJ ASSIS;;;;;Outros;;;;Meio de Quadra;;;0;0;2;0;0;0;0;0;0;0;0;0;;
285131;19;3;2016;21:34;0;RUA BAR CRATO;;;777;;Colisão;;;;Meio de Quadra;;;0;0;2;0;0;0;0;0;0;0;0;0;;
285133;19;3;2016;21:37;0;RUA CON DE CASTRO;;;7158;;Colisão;;;;Meio de Quadra;;;0;0;2;0;0;0;0;0;0;0;0;0;-38,600839;-3,817374
285134;19;3;2016;22:21;0;RUA DR GILBERTO STUDART;;;1470;;Colisão;;;;Meio de Quadra;;;0;0;2;0;0;0;0;0;0;0;0;0;;
285172;19;3;2016;22:24;5405;RUA BAR RIO BRANCO;RUA GAL CLARINDO DE QUEIROZ;;;;Colisão;;;;Cruz;Semáforo;Comercial;0;0;2;0;0;0;0;0;0;0;0;0;-38,530239;-3,732679
276401;19;3;2016;15:30;0;AV COS GOMES DE FREITAS (SAPIRANGA/COITE);;;;;Colisão Lateral;Luz do Dia;Bom;Seca;;;;0;0;2;1;0;0;1;0;0;0;0;0;;
276407;19;3;2016;08:40;0;AV GAL OSORIO DE PAIVA;;;6652;;Colisão Transversal;Luz do Dia;Bom;Seca;Meio de Quadra;Outros;Comercial;0;1;1;1;0;0;0;0;0;0;0;0;-38,608787;-3,811682
276391;19;3;2016;07:40;0;AV VIS RIO BRANCO;;;;;Colisão Traseira;Luz do Dia;Bom;Seca;Meio de Quadra;Não Há Controle;Residencial;0;0;2;1;0;0;0;0;0;0;0;0;;
276396;19;3;2016;13:20;0;RUA JOSE HIPOLITO;;;1238;;Colisão Lateral;Luz do Dia;Bom;Seca;Meio de Quadra;Outros;Comercial;0;1;1;1;0;0;0;0;0;1;0;0;-38,485183;-3,836172
276394;19;3;2016;16:25;0;RUA MON HIPOLITO BRASIL;;;1483;;Colisão Traseira;Luz do Dia;Bom;Seca;Meio de Quadra;Outros;Residencial;0;2;2;1;0;0;0;0;0;1;0;0;;
276386;19;3;2016;08:20;245;RUA DOM LINO;RUA GAL BERNARDO FIGUEIREDO;;;;Queda;Luz do Dia;Chuva;Molhada;Cruz;Outros;Residencial;0;0;1;0;0;0;0;0;0;1;0;0;-38,556267;-3,740582
276387;19;3;2016;08:00;0;AV IMPERADOR;;;478;;Atropelamento;Luz do Dia;Bom;Seca;Meio de Quadra;Outros;Comercial;0;1;1;1;0;0;0;0;0;0;0;0;-38,533953;-3,725498
276382;19;3;2016;06:20;0;RUA PRO GOMES BRASIL;;;;;Colisão Traseira;Luz do Dia;Chuva;Molhada;Meio de Quadra;Pare;Misto;0;0;2;0;1;0;0;0;0;0;0;0;;
276379;19;3;2016;22:50;1307;AV SANTOS DUMONT;RUA NUNES VALENTE;;;;Colisão Transversal;;;;Cruz;Pare;Comercial;0;1;1;0;0;0;0;0;0;1;0;0;-38,503229;-3,734663
276377;19;3;2016;13:40;6798;RUA JULIO AZEVEDO;RUA VILEBALDO AGUIAR;;;;Colisão Transversal;Luz do Dia;Bom;Seca;Cruz;Pare;Residencial;0;0;2;1;1;0;0;0;0;0;0;0;-38,481957;-3,74244
276374;19;3;2016;19:00;0;RUA ESMERALDA (CJ HAB NOVO BARROSO);;;;;Colisão Lateral;;Bom;Seca;Cruz;;Residencial;0;0;2;1;0;0;0;0;0;0;0;0;;
276480;19;3;2016;20:30;0;AV BEIRA MAR;;;;;Colisão Traseira;;Bom;Seca;Meio de Quadra;Não Há Controle;Comercial;0;0;2;1;0;0;0;0;0;0;0;0;;
276478;19;3;2016;02:30;12521;AV AUGUSTO DOS ANJOS;RUA JULIO BRAGA;;;;Colisão Transversal;Via Iluminada;Bom;Seca;Duplo T;Não Há Controle;Comercial;0;0;2;1;0;0;0;0;0;0;0;0;-38,576193;-3,776779
276466;19;3;2016;10:30;0;AV GAL OSORIO DE PAIVA;;;;;Choque c/ Obstáculo Fixo;Luz do Dia;Bom;Seca;Meio de Quadra;Não Há Controle;Comercial;0;0;1;1;0;0;0;0;0;0;0;0;;
276475;19;3;2016;00:10;15359;RUA VICENTE LEITE;RUA PEREIRA VALENTE;;;;Colisão Transversal;Mal Iluminada;Bom;Seca;Cruz;Pare;Residencial;0;0;2;1;0;0;0;0;0;0;0;0;-38,494152;-3,733201
276446;19;3;2016;17:00;19899;RUA STA QUITERIA;RUA TIANGUA;;;;Colisão;Anoitecer;Bom;Seca;Cruz;Pare;Residencial;0;0;2;1;0;0;0;0;0;0;0;0;-38,538768;-3,759489
276434;19;3;2016;15:10;0;AV BEIRA MAR;;;;;Colisão Lateral;Luz do Dia;Bom;Molhada;Meio de Quadra;Semáforo;Comercial;0;0;2;1;0;0;0;0;0;0;0;0;;
276463;19;3;2016;06:15;0;AV ALBERTO NEPOMUCENO;;;;;Colisão Lateral;Luz do Dia;Bom;Seca;Meio de Quadra;Não Há Controle;Industrial;0;0;2;1;1;0;0;0;0;0;0;0;;
276455;19;3;2016;20:00;0;AV AGUANAMBI;;;;;Outros;Via Iluminada;Bom;Seca;Meio de Quadra;Outros;Misto;0;0;3;1;0;0;0;0;0;0;0;0;;
276442;19;3;2016;12:50;8054;AV JOAO PESSOA;RUA APOLO;;;;Colisão Transversal;Luz do Dia;Bom;Seca;T;Pare;Comercial;0;0;2;1;1;0;0;0;0;0;0;0;-38,5518;-3,755045
276438;19;3;2016;20:00;12674;AV CEL CARVALHO;RUA GUILHERME MENDES;;;;Colisão;;Bom;Seca;Cruz;Pare;Misto;0;1;1;0;0;0;0;0;0;1;0;0;-38,587094;-3,720651
276431;19;3;2016;15:50;0;AV CEL CARVALHO;;;2559;;Atropelamento;Luz do Dia;;Seca;Meio de Quadra;Não Há Controle;Misto;0;1;1;0;0;0;0;0;0;1;0;0;-38,585864;-3,72521
276417;19;3;2016;19:00;5377;RUA GONCALVES LEDO;RUA PDE LUIS FIGUEIRA;;;;Colisão Transversal;Mal Iluminada;Bom;Seca;Cruz;Não Há Controle;Residencial;0;0;2;1;0;0;0;0;0;0;0;0;-38,516251;-3,731811
276418;19;3;2016;15:35;12925;AV DOMINGOS OLIMPIO;AV AGUANAMBI;;;;Colisão Traseira;Luz do Dia;Bom;Seca;Cruz;Semáforo;Comercial;0;0;2;1;1;0;0;0;0;0;0;0;-38,524628;-3,738683
276414;19;3;2016;04:30;8025;RUA PRO COSTA MENDES;AV JOAO PESSOA;;;;Colisão Transversal;;Bom;Seca;Cruz;Semáforo;Comercial;0;0;2;1;0;0;0;0;0;0;0;0;-38,549441;-3,752393
276424;19;3;2016;12:30;12833;AV EDUARDO GIRAO;RUA DAMASCENO GIRAO;;;;Colisão Lateral;Luz do Dia;Bom;Seca;Cruz;Semáforo;Comercial;0;0;2;1;0;0;0;0;0;0;0;0;-38,539292;-3,749257
276420;19;3;2016;14:15;0;LOGRADOURO SEM NOME;;;;;Colisão Lateral;Luz do Dia;;;Meio de Quadra;;;0;0;2;1;1;0;0;0;0;0;0;0;;
276410;19;3;2016;02:10;7930;RUA OSVALDO CRUZ (ALDEOTA);RUA DOM EXPEDITO LOPES;;;;Choque c/ Obstáculo Fixo;Via Iluminada;Bom;Seca;Cruz;Pare;Residencial;0;0;1;0;0;0;0;0;0;0;0;0;;
276484;19;3;2016;23:30;9174;AV 13 DE MAIO;RUA DEP OSWALDO STUDART;;;;Colisão Lateral;Via Iluminada;Bom;Seca;Cruz;Semáforo Intermitente;Comercial;0;0;2;1;0;0;0;0;0;0;0;0;-38,526507;-3,751738
276487;19;3;2016;02:00;0;AV PDE ANTONIO TOMAS;;;3855;;Colisão Traseira;Via Iluminada;Bom;Seca;Meio de Quadra;Não Há Controle;Residencial;0;2;0;1;0;0;0;0;0;0;0;0;-38,478564;-3,746981
278453;19;3;2016;20:50;0;RD CE-040;;;;KM-02;Colisão;Via Iluminada;Bom;Seca;Meio de Quadra;;;0;1;1;1;0;0;0;0;0;0;0;0;-38,482583;-3,76465
278579;19;3;2016;19:00;0;RD CE-040;;;;KM-05;Colisão;Via Iluminada;Bom;Seca;Meio de Quadra;;;0;0;3;1;0;0;0;0;0;0;0;0;-38,480331;-3,791613
278582;19;3;2016;19:30;0;RD CE-040;;;;KM-06;Colisão;Via Iluminada;Bom;Seca;Meio de Quadra;;;0;0;2;1;0;0;0;0;0;0;0;0;-38,479535;-3,800596
278575;19;3;2016;05:00;0;RD CE-040;;;;KM-09;Colisão;Amanhecer;Bom;Seca;Meio de Quadra;;;0;1;1;1;0;0;0;0;0;1;0;0;-38,481538;-3,825516
278577;19;3;2016;16:20;0;RD CE-040;;;;KM-07;Colisão;Luz do Dia;Bom;Seca;Meio de Quadra;;;0;0;2;1;1;0;0;0;0;0;0;0;-38,478733;-3,809597
281053;19;3;2016;17:24;0;AV CASTELO DE CASTRO;;;907;;Colisão;Anoitecer;;;Meio de Quadra;;;0;1;0;1;0;1;0;0;0;0;0;0;-38,521702;-3,837344
281050;19;3;2016;16:36;9415;RUA CARNAUBAL;RUA RIO SOLIMOES;;;;Atropelamento;Luz do Dia;;;;;;0;1;1;1;0;0;0;0;0;0;0;0;-38,579638;-3,722854
281042;19;3;2016;15:45;0;RD DR MENDEL STEINBRUCH;;;1614;;Colisão;Luz do Dia;;;Meio de Quadra;;;0;2;0;0;0;0;0;0;0;0;0;0;;
281028;19;3;2016;14:49;0;RUA CEL FABRICIANO;;;1550;;Queda;Luz do Dia;;;Meio de Quadra;;;0;1;0;0;0;1;0;0;0;0;0;0;-38,60593;-3,783297
281032;19;3;2016;14:59;6968;AV A CJ ESPERANCA;AV F CJ ESPERANCA;;;;Queda;Luz do Dia;;;Cruz;Semáforo;Residencial;0;1;0;0;0;0;0;0;0;1;0;0;-38,58885;-3,817893
281017;19;3;2016;13:39;5658;RUA MANUEL MONTEIRO;AV JOSE LEON;;;;Colisão;Luz do Dia;;;Cruz;Gesto;Residencial;0;1;0;1;0;0;0;0;0;1;0;0;-38,493971;-3,789742
281012;19;3;2016;11:56;171;AV SGT HERMINIO SAMPAIO;RUA DR JOAO GUILHERME;;;;Queda;Luz do Dia;;;;;;0;1;0;0;0;1;0;0;0;0;0;0;-38,588672;-3,733942
281014;19;3;2016;12:13;0;RUA JOSE ACIOLY;;;373;;Colisão;Luz do Dia;;;Meio de Quadra;;;0;1;0;0;0;0;0;0;0;0;0;0;-38,587584;-3,732796
281021;19;3;2016;13:50;0;RUA DOM JERONIMO D06;;;216;;Colisão;Luz do Dia;;;Meio de Quadra;;;0;2;0;1;0;0;0;0;0;1;0;0;-38,54343;-3,733328
281010;19;3;2016;11:48;0;RUA 19 CJ NOVA ASSUNCAO;;;1010;;Queda;Luz do Dia;;;Meio de Quadra;;;0;1;0;0;0;0;0;0;0;1;0;0;;
281025;19;3;2016;14:05;0;RUA PDE PEDRO DE ALENCAR;;;636;;Queda;Luz do Dia;;;Meio de Quadra;;;0;1;0;0;0;1;0;0;0;0;0;0;-38,494038;-3,832972
280985;19;3;2016;10:35;0;RUA JOSE HIPOLITO;;;1251;;Colisão;Luz do Dia;;;Meio de Quadra;;;0;1;0;1;0;0;0;0;0;1;0;0;-38,485183;-3,836172
280988;19;3;2016;10:39;0;RUA BAR AQUIRAZ;;;1409;;Colisão;Luz do Dia;;;Meio de Quadra;;;0;1;0;1;0;0;0;0;0;1;0;0;-38,485533;-3,840288
280989;19;3;2016;11:25;0;RUA HOLANDA;;;1718;;Colisão;Luz do Dia;;;Meio de Quadra;;;0;1;0;1;0;0;0;0;0;1;0;0;-38,559048;-3,804417
280967;19;3;2016;08:22;0;RUA DR VALE COSTA;;;;;Colisão;Luz do Dia;;;Meio de Quadra;;;0;1;0;0;0;0;0;0;0;1;0;0;;
280958;19;3;2016;07:32;0;AV PRS CASTELO BRANCO;;;2715;;Colisão;Luz do Dia;;;Meio de Quadra;;;0;1;0;1;0;0;0;0;0;1;0;0;-38,552074;-3,712681
280969;19;3;2016;08:51;5965;AV C CJ CEARA;AV F CJ CEARA;;;;Colisão;Luz do Dia;;;T;Pare;Misto;0;1;0;0;0;0;0;0;0;1;0;0;;
280971;19;3;2016;09:05;0;AV JOAO PESSOA;;;4960;;Colisão;Luz do Dia;;;Meio de Quadra;;;0;2;0;0;0;0;0;0;0;0;0;0;-38,551854;-3,755106
280977;19;3;2016;09:45;4269;AV PRS CASTELO BRANCO;RUA ALVARO DE ALENCAR;;;;Colisão;Luz do Dia;;;Cruz;Pare;Rural;0;1;0;1;0;0;0;0;0;0;0;0;-38,55723;-3,711624
280983;19;3;2016;10:15;0;AV PRS CASTELO BRANCO;;;3100;;Colisão;Luz do Dia;;;Meio de Quadra;;;0;1;1;1;0;0;0;0;0;1;0;0;-38,557253;-3,711624
280909;19;3;2016;01:33;0;RUA SGT JOAO PINHEIRO;;;1403;;Colisão;;;;Meio de Quadra;;;0;2;0;1;0;0;0;0;0;1;0;0;-38,623506;-3,785377
280911;19;3;2016;02:17;0;RUA LUCIANO DE QUEIROS;;;381;;Queda;;;;Meio de Quadra;;;0;1;0;0;0;1;0;0;0;0;0;0;-38,58032;-3,761398
280914;19;3;2016;02:25;7141;AV PRS CASTELO BRANCO;RUA FRANCISCO CALACA;;;;Atropelamento;;;;Cruz;Pare;Residencial;0;1;1;0;0;0;0;0;0;1;0;0;-38,570498;-3,707642
280915;19;3;2016;02:51;0;AV JOSE BASTOS;;;;;Queda;;;;Meio de Quadra;;;0;1;0;0;0;0;0;0;0;1;0;0;;
280916;19;3;2016;02:57;0;AV WASHINGTON SOARES;;;11140;;Colisão;;;;Meio de Quadra;;;0;1;0;0;0;0;0;0;0;0;0;0;-38,479606;-3,845462
280883;19;3;2016;00:08;0;AV OLIVEIRA PAIVA;;;1862;;Colisão;;;;Meio de Quadra;;;0;1;0;0;0;0;0;0;0;0;0;0;-38,489727;-3,796009
280899;19;3;2016;00:49;0;AV ENG HUMBERTO MONTE;;;;;Queda;;;;Meio de Quadra;;;0;1;0;0;0;0;0;0;0;1;0;0;;
280962;19;3;2016;07:40;0;AV JOAO DE ARAUJO LIMA;;;48;;Queda;Luz do Dia;;;Meio de Quadra;;;0;1;0;0;0;0;0;0;0;1;0;0;;
280964;19;3;2016;08:16;6573;AV C CJ CEARA;AV H CJ CEARA;;;;Colisão;Luz do Dia;;;Cruz;Não Há Controle;Residencial;0;1;0;0;0;0;0;0;0;1;0;0;;
280955;19;3;2016;06:29;7957;AV BAR STUDART;AV PONTES VIEIRA;;;;Colisão;Luz do Dia;;;T;Semáforo;Comercial;0;1;0;1;0;1;0;0;0;0;0;0;-38,512361;-3,75259
280945;19;3;2016;06:14;0;RUA CATOLE;;;268;;Colisão;Luz do Dia;;;Meio de Quadra;;;0;1;0;0;0;0;0;0;0;1;0;0;;
280941;19;3;2016;06:02;0;AV GAL OSORIO DE PAIVA;;;44431;;Colisão;Luz do Dia;;;Meio de Quadra;;;0;1;0;0;0;0;0;0;0;0;0;0;;
280932;19;3;2016;04:51;0;AV GAL OSORIO DE PAIVA;;;;;Colisão;;;;Meio de Quadra;;;0;1;0;0;0;0;0;0;0;0;0;0;;
280923;19;3;2016;02:59;15189;RUA FRE MANSUETO;AV ABOLICAO;;;;Atropelamento;;;;Cruz;Semáforo;Comercial;0;1;0;1;0;0;0;0;0;0;0;0;-38,489324;-3,726368
280926;19;3;2016;03:50;0;AV IMPERADOR;;;;;Atropelamento;;;;Meio de Quadra;;;0;1;0;1;0;0;0;0;0;0;0;0;;
280927;19;3;2016;04:38;23804;AV GAL OSORIO DE PAIVA;RUA RAIMUNDO NERY;;;;Colisão;;;;Cruz;Semáforo;Comercial;0;1;0;0;0;0;0;0;0;1;0;0;-38,588065;-3,790306
280937;19;3;2016;05:46;0;AV CONTORNO NORTE D71;;;1800;;Atropelamento;Amanhecer;;;Meio de Quadra;;;0;1;0;0;0;0;0;0;0;1;0;0;;
280935;19;3;2016;05:24;3844;RUA JOAO GENTIL;RUA ADOLFO HERBSTER;;;;Colisão;Amanhecer;;;Cruz;Pare;Residencial;0;1;0;0;0;0;0;0;0;1;0;0;-38,539577;-3,745475
280929;19;3;2016;04:49;581;AV FRANCISCO SA;AV PASTEUR;;;;Colisão;;;;Cruz;;Comercial;0;1;0;1;0;0;0;0;0;1;0;0;-38,560567;-3,716325
276061;19;3;2016;03:00;0;RD BR 116;;;5000;KM-05;Colisão Traseira;Via Iluminada;Bom;Seca;Meio de Quadra;;;0;3;0;1;0;0;0;0;0;0;0;0;-38,506787;-3,796502
280339;19;3;2016;20:02;0;RUA JULIO LIMA;;;501;;Colisão;;;;Meio de Quadra;;;0;0;2;1;0;0;0;0;0;0;0;0;-38,500551;-3,796209
281055;19;3;2016;17:30;0;AV WASHINGTON SOARES;;;6623;;Atropelamento;Anoitecer;;;Meio de Quadra;;;0;2;0;1;0;0;0;0;0;0;0;0;-38,482441;-3,816268
281057;19;3;2016;18:08;0;RUA QUINZE (CANINDEZINHO);;;;;Queda;Anoitecer;;;Meio de Quadra;;;0;1;0;0;0;0;0;0;0;1;0;0;;
281058;19;3;2016;18:13;0;RUA MIGUEL GURGEL;;;;;Queda;Anoitecer;;;Meio de Quadra;;;0;1;0;0;0;1;0;0;0;0;0;0;;
281059;19;3;2016;18:25;0;RUA ALBERTO MAGNO;;;2003;;Colisão;Anoitecer;;;;;;0;2;0;0;0;0;0;0;0;0;0;0;;
281066;19;3;2016;19:26;12514;RUA JULIO BRAGA;AV LINEU MACHADO;;;;Colisão;;;;Cruz;Semáforo;Comercial;0;1;0;0;0;0;0;0;0;0;0;0;-38,58179;-3,775335
281070;19;3;2016;19:38;24480;AV MOZART PINHEIRO DE LUCENA;RUA 2 CJ POLAR;;;;Colisão;;;;Duplo T;Não Há Controle;Rural;0;2;0;0;0;0;0;0;0;0;0;0;-38,592666;-3,707906
281086;19;3;2016;21:23;0;AV OLIVEIRA PAIVA;;;2000;;Colisão;;;;Meio de Quadra;;;0;1;0;0;0;0;0;0;0;0;0;0;-38,488305;-3,79618
281079;19;3;2016;19:57;0;AV GAL OSORIO DE PAIVA;;;5103;;Colisão;;;;Meio de Quadra;;;0;1;0;1;0;0;0;0;0;1;0;0;-38,600449;-3,803064
281095;20;3;2016;00:17;0;RUA BERNARDO MANUEL;;;7646;;Atropelamento;;;;Meio de Quadra;;;0;1;0;1;0;0;0;0;0;0;0;0;-38,547246;-3,785144
281096;20;3;2016;01:15;0;RUA ARARIBOIA;;;227;;Queda;;;;Meio de Quadra;;;0;2;0;0;0;0;0;0;0;1;0;0;;
281134;20;3;2016;03:56;0;RUA EMILIO DE MENESES;;;1784;;Colisão;;;;Meio de Quadra;;;0;1;0;1;0;0;0;0;0;1;0;0;-38,59716;-3,779
281136;20;3;2016;04:34;0;RUA NEREU RAMOS;;;;;Queda;;;;Meio de Quadra;;;0;1;0;0;0;0;0;0;0;1;0;0;;
281125;20;3;2016;01:29;9617;RUA ARI MAIA;RUA DR FERNANDO AUGUSTO;;;;Colisão;;;;;;;0;2;0;0;0;0;0;0;0;0;0;0;-38,622349;-3,787008
281212;20;3;2016;18:44;3990;AV PRO GOMES DE MATOS;RUA PRO COSTA MENDES;;;;Colisão;;;;Cruz;Semáforo;Comercial;0;1;0;1;0;0;0;0;0;1;0;0;-38,542936;-3,758035
281216;20;3;2016;19:18;23890;RUA PRO ALVARO COSTA;AV TRAJANO DE MEDEIROS;;;;Atropelamento;;;;;;;0;1;0;0;0;0;0;0;0;1;0;0;-38,467582;-3,724557
281218;20;3;2016;19:40;0;RUA GUSTAVO BRAGA;;;695;;Colisão;;;;Meio de Quadra;;;0;1;0;0;0;0;0;0;0;0;0;0;;
281219;20;3;2016;20:16;0;AV GODOFREDO MACIEL;;;2533;;Colisão;;;;Meio de Quadra;;;0;3;0;0;0;0;0;0;0;0;0;0;-38,570171;-3,797287
281220;20;3;2016;20:46;0;AV RAD JOSE LIMA VERDE;;;88;;Queda;;;;Meio de Quadra;;;0;1;0;0;0;0;0;0;0;1;0;0;;
281221;20;3;2016;21:00;0;AV CEL CARVALHO;;;88;;Queda;;;;Meio de Quadra;;;0;1;0;0;0;0;0;0;0;1;0;0;-38,591521;-3,703579
281201;20;3;2016;16:34;18555;RUA ANTONIO MONTEIRO;RUA OSORIO CORREIA;;;;Atropelamento;Luz do Dia;;;Cruz;Não Há Controle;Rural;0;1;0;1;0;0;0;0;0;0;0;0;-38,598701;-3,82243
281178;20;3;2016;13:35;25024;RUA COSTA BARROS;RUA VINTE E CINCO DE MARCO;;;;Atropelamento;Luz do Dia;;;Cruz;Semáforo;Comercial;0;1;0;0;0;0;0;0;0;0;0;0;-38,521787;-3,727056
281187;20;3;2016;14:21;0;RUA OSCAR FRANCA;;;3075;;Queda;Luz do Dia;;;Meio de Quadra;;;0;1;0;0;0;0;0;0;0;1;0;0;-38,618329;-3,785932
281192;20;3;2016;15:55;0;AV ABOLICAO;;;;;Colisão;Luz do Dia;;;Meio de Quadra;;;0;1;0;0;0;0;0;0;0;0;0;0;;
281165;20;3;2016;12:26;0;AV COSTA OESTE;;;1533;;Queda;Luz do Dia;;;Meio de Quadra;;;0;1;0;0;0;0;0;0;0;1;0;0;;
281166;20;3;2016;12:58;0;RUA PILOTO D46;;;818;;Atropelamento;Luz do Dia;;;Meio de Quadra;;;0;1;0;0;0;0;0;0;0;1;0;0;;
281167;20;3;2016;13:10;0;RUA EMILIO DE MENESES;;;;;Colisão;Luz do Dia;;;;;;0;2;0;0;0;0;0;0;0;1;0;0;;
281169;20;3;2016;13:31;0;AV DR SILAS MUNGUBA;;;953;;Colisão;Luz do Dia;;;Meio de Quadra;;;0;2;0;1;0;0;0;0;0;1;0;0;-38,557195;-3,781419
281139;20;3;2016;04:40;0;AV PRS COSTA E SILVA;;;;;Atropelamento;;;;Meio de Quadra;;;0;1;0;1;0;0;0;0;0;0;0;0;;
281181;20;3;2016;13:40;0;AV C CJ CEARA;;;1125;;Queda;Luz do Dia;;;Meio de Quadra;;;0;1;0;0;0;0;0;0;0;1;0;0;-38,61287;-3,768493
281182;20;3;2016;13:43;0;RUA MINAS GERAIS;;;1773;;Colisão;Luz do Dia;;;Meio de Quadra;;;0;1;0;1;0;0;0;0;0;1;0;0;;
281184;20;3;2016;14:01;0;AV PERIMETRAL;;;;;Queda;Luz do Dia;;;Meio de Quadra;;;0;2;0;0;0;0;0;0;0;1;0;0;;