COD_ACIDENTE;DIA;MES;ANO;HORA;INTERSECAO;LOG1;LOG2;LOG3;NUMERO;REFERENCIA;NATUREZA;ILUMINACAO;TEMPO;SUPERFICIEPISTA;TIPOCRUZAMENTO;CONTROLETRAFEGO;USOSOLO;MORTOS;FERIDOS;ILESOS;AUTOMOVEL;ONIBUS;BICICLETA;CAMINHAO;MICROONIBUS;CICLOMOTOR;MOTOCICLETA;TRACAOANIMAL;TREM;LONG;LAT
281158;20;3;2016;10:27;19331;RUA PRO GOMES BRASIL;AV GAL OSORIO DE PAIVA;;;;Queda;Luz do Dia;;;Cruz;Semáforo;Comercial;0;1;0;0;0;1;0;0;0;0;0;0;-38,566451;-3,775618
281159;20;3;2016;10:38;5269;RUA PDE IBIAPINA;AV DUQ CAXIAS;;;;Colisão;Luz do Dia;;;Cruz;Semáforo;Comercial;0;1;0;1;0;0;0;0;0;1;0;0;-38,540226;-3,728446
281160;20;3;2016;11:09;26246;RUA JOSE ABILIO;RUA ANTONIO NERY;;;;Colisão;Luz do Dia;;;;;;0;1;0;1;0;0;0;0;0;1;0;0;;
281161;20;3;2016;11:45;0;AV DR SILAS MUNGUBA;;;4700;;Colisão;Luz do Dia;;;Meio de Quadra;;;0;1;0;0;0;0;0;0;0;0;0;0;-38,533387;-3,794778
281155;20;3;2016;09:16;24015;RUA PRC ISABEL;RUA AIRTON SENNA;;;;Colisão;Luz do Dia;;;;;;0;1;0;0;0;0;0;0;0;1;0;0;;
281156;20;3;2016;09:55;0;AV CEL CARVALHO;;;537;;Queda;Luz do Dia;;;Meio de Quadra;;;0;1;0;0;0;0;0;0;0;1;0;0;;
281152;20;3;2016;06:49;0;RUA FRANCISCO XAVIER;;;;;Queda;Luz do Dia;;;Meio de Quadra;;;0;1;0;0;0;0;0;0;0;1;0;0;;
281153;20;3;2016;09:15;0;AV SIQUEIRA CAMPOS;;;1123;;Queda;Luz do Dia;;;Meio de Quadra;;;0;1;0;0;0;0;0;0;0;1;0;0;-38,625997;-3,815245
281142;20;3;2016;04:50;0;RUA JORGE ACURCIO;;;823;;Atropelamento;;;;Meio de Quadra;;;0;1;0;1;0;0;0;0;0;0;0;0;-38,532781;-3,767817
280343;20;3;2016;18:40;0;AV PRS COSTA E SILVA;;;;;Colisão;;;;Meio de Quadra;;;0;0;2;1;0;0;0;0;0;0;0;0;;
276062;20;3;2016;00:15;0;RD BR 116;;;15000;KM-15;Atropelamento;Via Iluminada;Bom;Seca;Meio de Quadra;;;0;2;0;1;0;0;0;0;0;0;0;0;-38,501113;-3,882329
278584;20;3;2016;12:00;0;RD CE-040;;;;KM-02;Colisão;Luz do Dia;Bom;Seca;Meio de Quadra;;;0;1;1;1;0;0;0;0;0;1;0;0;-38,482583;-3,76465
278586;20;3;2016;20:10;0;RD CE-040;;;;KM-03;Colisão;Via Iluminada;Bom;Seca;Meio de Quadra;;;0;0;2;1;0;0;0;0;0;0;0;0;-38,481799;-3,773616
276494;20;3;2016;13:00;24331;AV LUCIANO CARNEIRO;RUA ARMANDO MONTEIRO;;;;Colisão Transversal;Luz do Dia;Bom;Seca;Cruz;Pare;Comercial;0;0;2;1;0;0;0;0;0;0;0;0;-38,536219;-3,763454
276508;20;3;2016;16:30;24637;RUA GAMA;AV L CJ DOS BANCARIOS;;;;Colisão Transversal;Luz do Dia;Bom;Seca;T;Pare;Residencial;0;1;1;0;0;0;0;0;0;1;0;0;-38,599911;-3,713121
276503;20;3;2016;20:10;15184;AV ABOLICAO;RUA TIBURCIO CAVALCANTE;;;;Colisão Traseira;Via Iluminada;Bom;Seca;Cruz;Semáforo;Comercial;0;0;2;1;0;0;0;0;0;0;0;0;-38,499409;-3,726066
276501;20;3;2016;09:30;0;RUA CHILE;;;;;Choque c/ Obstáculo Fixo;Luz do Dia;Bom;Seca;Meio de Quadra;Pare;Residencial;0;0;1;0;0;0;0;0;0;0;0;0;;
276512;20;3;2016;08:15;0;AV CARAPINIMA;;;;;Colisão Traseira;Luz do Dia;Bom;Seca;Meio de Quadra;Não Há Controle;Misto;0;0;2;1;0;0;1;0;0;0;0;0;;
276518;20;3;2016;18:30;5082;RUA DR JOAO MOREIRA;RUA BAR RIO BRANCO;;;;Colisão Lateral;Via Iluminada;Bom;Seca;Cruz;Semáforo;Comercial;0;0;2;1;0;0;0;0;0;0;0;0;-38,527092;-3,722797
276523;20;3;2016;07:30;0;AV DA UNIVERSIDADE;;;2514;;Colisão Lateral;Luz do Dia;Bom;Seca;Meio de Quadra;Pare;Comercial;0;1;1;1;0;0;0;0;0;1;0;0;-38,537333;-3,739004
276520;20;3;2016;17:15;0;AV ODILON GUIMARAES;;;;;Colisão Frontal;;Bom;Seca;Meio de Quadra;Não Há Controle;Residencial;0;0;2;1;0;0;0;0;0;1;0;0;;
276514;20;3;2016;21:30;5415;RUA GAL CLARINDO DE QUEIROZ;RUA FLORIANO PEIXOTO;;;;Colisão Transversal;Via Iluminada;Bom;Seca;Cruz;Pare;Comercial;0;0;2;1;0;0;0;0;0;1;0;0;-38,529027;-3,733049
276530;20;3;2016;13:00;19570;RUA NEREU RAMOS;RUA ESPANHA;;;;Colisão Transversal;Luz do Dia;Bom;Seca;Cruz;Pare;Residencial;0;1;1;1;0;0;0;0;0;1;0;0;-38,574434;-3,783961
276528;20;3;2016;15:20;0;RUA PAULINO ROCHA D32;;;;;Colisão Traseira;Luz do Dia;Bom;Seca;Meio de Quadra;Pare;Residencial;0;0;2;1;0;0;0;0;0;0;0;0;;
276533;20;3;2016;09:20;0;AV SGT HERMINIO SAMPAIO;;;1511;;Colisão Lateral;Luz do Dia;Bom;Seca;Meio de Quadra;Outros;Comercial;0;1;1;1;0;0;0;0;0;1;0;0;-38,554043;-3,725198
276538;20;3;2016;10:50;0;RUA PRO COSTA MENDES;;;;;Colisão Traseira;Luz do Dia;Bom;Seca;Meio de Quadra;Semáforo;Residencial;0;0;2;1;0;0;0;0;0;1;0;0;;
276543;20;3;2016;06:30;5460;AV HERACLITO GRACA;RUA NOGUEIRA ACIOLI;;;;Colisão Transversal;Luz do Dia;Bom;Seca;Duplo T;Semáforo;Comercial;0;0;2;1;1;0;0;0;0;0;0;0;;
276550;20;3;2016;03:00;15435;RUA FARIAS LEMOS;RUA FREDERICO SEVERO;;;;Colisão Transversal;Via Iluminada;Bom;Seca;Cruz;Pare;Residencial;0;1;1;0;0;0;0;0;0;1;0;0;-38,492707;-3,816836
276564;20;3;2016;15:30;5269;AV DUQ CAXIAS;RUA PDE IBIAPINA;;;;Colisão Frontal;Luz do Dia;Bom;Seca;Cruz;Semáforo;Comercial;0;1;1;1;0;0;0;0;0;1;0;0;-38,540226;-3,728446
276565;20;3;2016;13:30;0;RUA OSCAR ARARIPE;;;1980;;Colisão Traseira;Luz do Dia;Bom;Seca;Meio de Quadra;Não Há Controle;Comercial;0;0;2;1;0;0;0;0;0;0;0;0;-38,608733;-3,78816
276566;20;3;2016;07:00;13735;RUA CAIO CID;RUA NELSON STUDART;;;;Colisão Transversal;Luz do Dia;Bom;Seca;Cruz;Pare;Misto;0;0;2;1;0;0;0;0;0;0;0;0;-38,484694;-3,773571
276567;20;3;2016;11:30;25729;RUA ANTONIO POMPEU;AV TRISTAO GONCALVES;;;;Colisão Transversal;Luz do Dia;Bom;Seca;Cruz;Semáforo;Comercial;0;0;2;1;1;0;0;0;0;0;0;0;-38,535088;-3,733388
276568;20;3;2016;16:30;7183;RUA NOSSA SRA DAS GRACAS;AV PASTEUR;;;;Colisão Transversal;Luz do Dia;Bom;Seca;Cruz;Pare;Residencial;0;0;2;1;0;0;0;0;0;1;0;0;-38,558168;-3,708729
276575;20;3;2016;19:40;0;AV MOZART PINHEIRO DE LUCENA;;;1070;;Atropelamento;Via Iluminada;Bom;Seca;Meio de Quadra;Pare;Residencial;0;1;1;0;0;0;0;0;0;1;0;0;-38,593887;-3,712028
276557;20;3;2016;19:00;0;TR 25 DE MARCO UI 806;;;;;Atropelamento;Via Iluminada;Bom;Seca;Meio de Quadra;Semáforo;Comercial;0;1;1;0;0;0;0;0;0;0;0;0;;
276555;20;3;2016;09:40;13439;RUA BAR ARACATI;RUA TOMAS ACIOLI;;;;Colisão Transversal;Luz do Dia;Bom;Seca;Cruz;Pare;Residencial;0;0;2;1;0;0;0;0;0;0;0;0;-38,515339;-3,743056
276570;20;3;2016;18:00;0;RUA LUIZ AZEVEDO;;;100;;Colisão Lateral;Anoitecer;Bom;Seca;Meio de Quadra;Pare;Residencial;0;0;2;1;0;0;0;0;0;0;0;0;;
285174;20;3;2016;03:32;25136;AV ENG HUMBERTO MONTE;RUA CHILE;;;;Choque c/ Obstáculo Fixo;;;;T;Não Há Controle;Residencial;0;0;2;0;0;0;0;0;0;0;0;0;-38,563951;-3,744928
285175;20;3;2016;06:25;0;RUA PDE PEDRO DE ALENCAR;;;1412;;Colisão;Luz do Dia;;;Meio de Quadra;;;0;0;2;0;0;0;0;0;0;0;0;0;-38,494256;-3,840466
285177;20;3;2016;08:33;6745;RUA BENTO ALBUQUERQUE;RUA PRO OTAVIO LOBO;;;;Outros;Luz do Dia;;;Cruz;Semáforo;Residencial;0;0;2;0;0;0;0;0;0;0;0;0;-38,479196;-3,745035
285183;20;3;2016;14:38;0;LOGRADOURO SEM NOME;;;;;Outros;Luz do Dia;;;Meio de Quadra;;;0;0;2;0;0;0;0;0;0;0;0;0;;
285184;20;3;2016;15:43;0;RUA 4 DE OUTUBRO;;;;;Colisão;Luz do Dia;;;Meio de Quadra;;;0;0;2;0;0;0;0;0;0;0;0;0;;
285179;20;3;2016;09:14;0;RUA EMILIO DE MENESES;;;1784;;Outros;Luz do Dia;;;Meio de Quadra;;;0;0;2;0;0;0;0;0;0;0;0;0;-38,59716;-3,779
285181;20;3;2016;11:29;0;AV GAL OSORIO DE PAIVA;;;4000;;Outros;Luz do Dia;;;Meio de Quadra;;;0;0;2;0;0;0;0;0;0;0;0;0;-38,590219;-3,792549
285188;20;3;2016;15:59;26246;RUA JOSE ABILIO;RUA ANTONIO NERY;;;;Outros;Luz do Dia;;;;;;0;0;2;0;0;0;0;0;0;0;0;0;;
285192;20;3;2016;16:46;23002;RUA VILA RICA;RUA PRA HELOISA F LIMA;;;;Colisão;Luz do Dia;;;Cruz;Pare;Outros;0;0;2;0;0;0;0;0;0;0;0;0;-38,545724;-3,787573
285195;20;3;2016;17:18;0;AV PRS JUSCELINO KUBITSCHEK (PASSARÉ);;;4454;CEMITÉRIO PARQUE DA PAZ;Outros;Anoitecer;;;Meio de Quadra;;;0;0;2;0;0;0;0;0;0;0;0;0;-38,531681;-3,816373
285197;20;3;2016;18:09;0;RUA SGT JOAO PINHEIRO;;;439;;Colisão;Anoitecer;;;Meio de Quadra;;;0;0;2;0;0;0;0;0;0;0;0;0;;
285202;20;3;2016;18:35;12421;RUA MINAS GERAIS;RUA BENTO LOUSADO;;;;Outros;;;;Cruz;Pare;Residencial;0;0;2;0;0;0;0;0;0;0;0;0;-38,570299;-3,765287
285206;20;3;2016;18:38;18985;RUA VALPARAISO;RUA EDILSON CANDEIAS;;;;Colisão;;;;Cruz;Pare;Misto;0;0;2;0;0;0;0;0;0;0;0;0;-38,525655;-3,844311
285207;20;3;2016;18:56;0;RUA COM GARCIA;;;2059;;Colisão;;;;Meio de Quadra;;;0;0;2;0;0;0;0;0;0;0;0;0;-38,58967;-3,800349
285208;20;3;2016;19:22;0;RUA OSCAR FRANCA;;;3091;;Outros;;;;Meio de Quadra;;;0;0;2;0;0;0;0;0;0;0;0;0;-38,618493;-3,785887
285292;20;3;2016;22:49;0;AV GODOFREDO MACIEL;;;2640;;Choque c/ Obstáculo Fixo;;;;Meio de Quadra;;;0;0;2;0;0;0;0;0;0;0;0;0;-38,570546;-3,798534
285211;20;3;2016;19:59;0;AV AUGUSTO DOS ANJOS;;;1452;;Outros;;;;Meio de Quadra;;;0;0;2;0;0;0;0;0;0;0;0;0;-38,578556;-3,77948
285212;20;3;2016;20:00;0;AV DR SILAS MUNGUBA;;;3740;FARMÁCIA PAGUE MENOS;Colisão;;;;Meio de Quadra;;;0;0;2;0;0;0;0;0;0;0;0;0;-38,540254;-3,7904
285214;20;3;2016;22:38;19533;RUA NEREU RAMOS;AV GAL OSORIO DE PAIVA;;;;Colisão;;;;Cruz;Semáforo;Comercial;0;0;2;0;0;0;0;0;0;0;0;0;-38,576828;-3,782196
285258;20;3;2016;22:48;0;AV GODOFREDO MACIEL;;;1170;;Capotamento;;;;Meio de Quadra;;;0;0;1;0;0;0;0;0;0;0;0;0;-38,566568;-3,785705
283551;20;3;2016;17:32;0;AV ODILON GUIMARAES;;;1762;;Colisão;Anoitecer;;;Meio de Quadra;;;0;0;2;1;0;0;0;0;0;0;0;0;-38,477229;-3,822459
275539;20;3;2016;17:00;0;AV PRS COSTA E SILVA;;;;;Colisão Traseira;Luz do Dia;Bom;Seca;Meio de Quadra;Não Há Controle;Misto;0;0;3;1;0;0;0;0;0;1;0;0;;
283570;21;3;2016;08:53;0;RUA DEMETRIO MENEZES;;;505;;Colisão;Luz do Dia;;;Meio de Quadra;;;0;0;2;0;0;0;0;0;0;0;0;0;;
283563;21;3;2016;07:42;0;AV ENG SANTANA JUNIOR;;;;;Colisão;Luz do Dia;;;Meio de Quadra;;;0;0;2;0;0;0;0;0;0;0;0;0;;
283567;21;3;2016;08:30;0;AV C CJ CEARA;;;1889;;Colisão;Luz do Dia;;;Meio de Quadra;;;0;0;2;0;0;0;0;0;0;0;0;0;-38,616016;-3,775035
283620;21;3;2016;21:22;3860;AV 13 DE MAIO;AV DA UNIVERSIDADE;;;;Choque c/ Obstáculo Fixo;;;;;Não Há Controle;Escola;0;0;1;0;0;0;0;0;0;0;0;0;-38,539107;-3,740962
283583;21;3;2016;11:35;13161;AV D CJ JOSE WALTER;RUA 69 CJ JOSE WALTER;;;;Colisão;Luz do Dia;;;T;Não Há Controle;Comercial;0;0;2;0;0;0;0;0;0;0;0;0;-38,555098;-3,831825
283572;21;3;2016;08:58;0;AV SGT HERMINIO SAMPAIO;;;4143;;Colisão;Luz do Dia;;;Meio de Quadra;;;0;0;2;1;0;0;0;0;0;1;0;0;-38,57715;-3,73069
283597;21;3;2016;11:42;0;LOGRADOURO SEM NOME;;;342;;Colisão;Luz do Dia;;;Meio de Quadra;;;0;0;2;0;0;0;0;0;0;0;0;0;;
283608;21;3;2016;14:00;17573;RUA ESTADO DO RIO;RUA MARANHAO;;;;Colisão;Luz do Dia;;;;;;0;0;2;0;0;0;0;0;0;0;0;0;-38,568106;-3,754149
285305;21;3;2016;07:24;3233;RUA EMILIO DE MENESES;RUA ARACA;;;;Colisão;Luz do Dia;;;Cruz;Pare;Comercial;0;0;2;0;0;0;0;0;0;0;0;0;-38,584038;-3,782708
285314;21;3;2016;10:31;1032;RUA JOAQUIM FROTA;AV ENG LEAL LIMA VERDE (SAPIRANGA/COITE);;;;Colisão;Luz do Dia;;;Rotatória;Dê Preferência;Residencial;0;0;2;0;0;0;0;0;0;0;0;0;-38,475166;-3,801619
285318;21;3;2016;12:09;9243;AV EDUARDO GIRAO;AV DOS EXPEDICIONARIOS;;;;Colisão;Luz do Dia;;;;Não Há Controle;Outros;0;0;2;0;0;0;0;0;0;0;0;0;-38,536849;-3,750712
285351;21;3;2016;18:45;0;AV FRANCISCO SA;;;4600;;Colisão;;;;Meio de Quadra;;;0;0;2;0;0;0;0;0;0;0;0;0;-38,565763;-3,714558
285336;21;3;2016;17:39;25279;AV ROGACIANO LEITE;RUA DES WALDEMAR ALVES PEREIRA;;;;Colisão;Anoitecer;;;Cruz;Não Há Controle;Comercial;0;0;2;0;0;0;0;0;0;0;0;0;;
285343;21;3;2016;18:07;0;AV DR SILAS MUNGUBA;;;;;Colisão;Anoitecer;;;Meio de Quadra;;;0;0;2;0;0;0;0;0;0;0;0;0;;
285354;21;3;2016;18:50;5824;RUA HENRIQUE JUSTA;RUA ALBERTO LEAL;;;;Colisão;;;;;;;0;0;2;0;0;0;0;0;0;0;0;0;-38,495965;-3,795207
285329;21;3;2016;17:08;0;AV DEP PAULINO ROCHA;;;2031;;Colisão;Anoitecer;;;Meio de Quadra;;;0;0;2;0;0;0;0;0;0;0;0;0;;
285323;21;3;2016;13:22;19366;AV DR SILAS MUNGUBA;RUA GERMANO FRANCK;;;;Queda;Luz do Dia;;;Cruz;Semáforo;Comercial;0;0;2;0;0;0;0;0;0;0;0;0;-38,562004;-3,777251
285324;21;3;2016;13:48;0;AV SGT HERMINIO SAMPAIO;;;33;;Colisão;Luz do Dia;;;Meio de Quadra;;;0;0;2;0;0;0;0;0;0;0;0;0;;
285325;21;3;2016;14:01;0;RUA MAJ FACUNDO;;;1739;;Colisão;Luz do Dia;;;Meio de Quadra;;;0;0;2;0;0;0;0;0;0;0;0;0;-38,531441;-3,738717
285326;21;3;2016;15:02;0;RUA STA LIDUINA D42;;;80;;Colisão;Luz do Dia;;;Meio de Quadra;;;0;0;2;0;0;0;0;0;0;0;0;0;-38,585052;-3,798627
285327;21;3;2016;16:53;7809;RUA VIS MAUA;RUA FRANCISCO HOLANDA;;;;Colisão;Luz do Dia;;;Cruz;Não Há Controle;Comercial;0;0;2;0;0;0;0;0;0;0;0;0;-38,503561;-3,749029
285320;21;3;2016;12:20;1483;AV SANTOS DUMONT;RUA FREDERICO BORGES;;;;Colisão;Luz do Dia;;;T;Não Há Controle;Comercial;0;0;2;0;0;0;0;0;0;0;0;0;-38,488992;-3,739244
285339;21;3;2016;18:00;0;AV DEP PAULINO ROCHA;;;3131;CASTELAO;Colisão;Anoitecer;;;Meio de Quadra;;;0;0;2;0;0;0;0;0;0;0;0;0;-38,523807;-3,808405
285340;21;3;2016;18:00;0;AV PRS COSTA E SILVA;;;;;Outros;Anoitecer;;;Meio de Quadra;;;0;0;2;0;0;0;0;0;0;0;0;0;;
285369;21;3;2016;21:03;9004;AV BEZERRA DE MENEZES;AV JOSE BASTOS;;;;Colisão;;;;Cruz;Não Há Controle;Comercial;0;0;2;0;0;0;0;0;0;0;0;0;;
284917;21;3;2016;12:48;0;LOGRADOURO SEM NOME;;;;;Atropelamento;Luz do Dia;;;Meio de Quadra;;;0;1;1;0;0;0;0;0;0;0;0;0;;
276700;21;3;2016;04:00;0;AV DR SILAS MUNGUBA;;;4861;;Choque c/ Obstáculo Fixo;Via Iluminada;Bom;Seca;Meio de Quadra;Não Há Controle;Residencial;0;4;0;1;0;0;0;0;0;0;0;0;-38,532528;-3,795566
276701;21;3;2016;14:00;0;RUA BENTO ALBUQUERQUE;;;;;Colisão Traseira;Luz do Dia;Bom;Seca;Meio de Quadra;Semáforo;Misto;0;0;2;1;0;0;0;0;0;0;0;0;;
276703;21;3;2016;17:20;0;AV CONTORNO (CASTELÃO);;;;;Colisão Lateral;Via Iluminada;Bom;Seca;Meio de Quadra;Dê Preferência;Comercial;0;0;2;1;0;0;0;0;0;0;0;0;;
276686;21;3;2016;17:50;0;LOGRADOURO SEM NOME;;;;;Colisão Traseira;Anoitecer;Bom;Seca;Meio de Quadra;Dê Preferência;Lazer;0;0;2;0;0;0;1;0;0;0;0;0;;
276696;21;3;2016;17:30;25283;RUA LIV LUIZ MAIA;RUA DES WALDEMAR ALVES PEREIRA;;;;Colisão Transversal;Via Iluminada;Bom;Seca;Cruz;Pare;Residencial;0;0;2;1;0;0;0;0;0;0;0;0;;
276705;21;3;2016;08:00;22719;AV ENG LEAL LIMA VERDE (SAPIRANGA/COITE);RUA EUCLIDES O DE SOUSA;;;;Colisão Transversal;Luz do Dia;Bom;Seca;Cruz;Pare;Residencial;0;0;2;1;0;0;0;0;0;0;0;0;-38,475497;-3,797866
276617;21;3;2016;11:15;0;AV N CJ JOSE WALTER;;;1584;;Colisão Lateral;Luz do Dia;Bom;Seca;Meio de Quadra;;;0;1;1;1;0;0;0;0;0;1;0;0;;
276615;21;3;2016;16:00;5442;AV VIS RIO BRANCO;RUA GAL CLARINDO DE QUEIROZ;;;;Colisão Lateral;Luz do Dia;Bom;Seca;Cruz;Semáforo;Comercial;0;0;2;1;0;0;0;0;0;0;0;0;-38,524385;-3,734584
276611;21;3;2016;09:45;5269;AV DUQ CAXIAS;RUA PDE IBIAPINA;;;;Colisão Lateral;Luz do Dia;Bom;Seca;Cruz;Semáforo;Comercial;0;0;2;1;1;0;0;0;0;0;0;0;-38,540226;-3,728446
276608;21;3;2016;08:10;5053;RUA SEN ALENCAR;RUA AGAPITO DOS SANTOS;;;;Colisão Transversal;Luz do Dia;Bom;Seca;Cruz;Não Há Controle;Residencial;0;1;1;1;0;0;0;0;0;1;0;0;-38,537552;-3,721799
276604;21;3;2016;17:07;738;AV FRANCISCO SA;RUA DNA MENDINHA;;;;Colisão Transversal;Anoitecer;Bom;Seca;Cruz;Pare;Residencial;0;0;2;1;0;0;0;0;0;0;0;0;-38,571238;-3,712666
276591;21;3;2016;20:00;0;RUA CASTELO DE CASTRO (PICI);;;2375;;Colisão Traseira;;Bom;Seca;Meio de Quadra;;;0;1;1;0;1;0;0;0;0;1;0;0;;
276597;21;3;2016;10:50;0;RUA EDUARDO BEZERRA;;;;;Colisão Transversal;Luz do Dia;Bom;Seca;Cruz;Pare;Residencial;0;0;1;1;0;0;0;0;0;0;0;0;;
276598;21;3;2016;07:50;0;AV GOV PARSIFAL BARROSO;;;;;Colisão Lateral;Luz do Dia;Bom;Seca;Meio de Quadra;Não Há Controle;Residencial;0;0;4;1;0;0;1;0;0;0;0;0;;
276589;21;3;2016;20:35;1423;RUA OSVALDO CRUZ (ALDEOTA);RUA TORRES CAMARA;;;;Colisão Transversal;Via Iluminada;Bom;Seca;Cruz;Semáforo;Residencial;0;1;1;1;0;0;0;0;0;1;0;0;-38,500953;-3,737574
276587;21;3;2016;22:40;24969;AV ALM HENRIQUE SABOIA;AV PDE ANTONIO TOMAS;;;;Colisão Transversal;Via Iluminada;Bom;Seca;Cruz;Semáforo;Comercial;0;1;1;1;0;0;0;0;0;1;0;0;-38,489455;-3,743493
276585;21;3;2016;14:00;0;AV JOAO DE ARAUJO LIMA;;;551;DELEGACIA DO 8 DP;Colisão Traseira;Luz do Dia;Bom;Seca;Meio de Quadra;Semáforo;Comercial;0;0;2;1;0;0;0;0;0;0;0;0;-38,559062;-3,826455
276583;21;3;2016;16:00;0;RUA NUBIA BARROCAS;;;;;Colisão Transversal;Luz do Dia;Bom;Seca;Meio de Quadra;Não Há Controle;Comercial;0;0;2;1;0;0;0;0;0;1;0;0;;
276692;21;3;2016;18:40;4530;AV DEP PAULINO ROCHA;RUA TEN TITO BARROS;;;;Colisão Transversal;Via Iluminada;Bom;Seca;Cruz;Pare;Residencial;0;0;2;1;0;0;0;0;0;0;0;0;-38,507311;-3,801032
276682;21;3;2016;10:00;5397;AV DUQ CAXIAS;RUA ASSUNCAO;;;;Colisão Lateral;Luz do Dia;Bom;Seca;Cruz;Semáforo;Comercial;0;0;2;1;1;0;0;0;0;0;0;0;-38,527952;-3,732405
276684;21;3;2016;08:30;0;AV H CJ CEARA;;;2193;;Colisão Transversal;Luz do Dia;Bom;Seca;Meio de Quadra;;;0;1;1;1;0;0;0;0;0;1;0;0;;
276680;21;3;2016;18:15;0;LOGRADOURO SEM NOME;;;;;Colisão Transversal;Via Iluminada;Bom;Seca;Meio de Quadra;Pare;Outros;0;0;3;1;1;0;0;0;0;0;0;0;;
276677;21;3;2016;11:00;15832;RUA PDE PEDRO DE ALENCAR;RUA TEN JURANDIR ALENCAR;;;;Colisão Lateral;;Bom;Seca;Cruz;Semáforo;Comercial;0;0;2;1;1;0;0;0;0;0;0;0;-38,493981;-3,831674
276675;21;3;2016;07:00;0;RUA FRANCISCO BENTO;;;;;Colisão Lateral;Luz do Dia;Bom;Seca;Meio de Quadra;Não Há Controle;Comercial;0;0;2;1;0;0;0;0;0;0;0;0;;
276667;21;3;2016;13:00;18298;AV ALM BARROSO;RUA CARIRIS;;;;Engavetamento;Luz do Dia;Bom;Seca;T;Semáforo;Comercial;0;0;3;1;0;0;0;0;0;0;0;0;-38,517341;-3,720485
276655;21;3;2016;07:30;6724;AV SANTOS DUMONT;AV ENG SANTANA JUNIOR;;;;Colisão Traseira;Luz do Dia;Bom;Molhada;T;Não Há Controle;Comercial;0;0;2;1;1;0;0;0;0;0;0;0;-38,485132;-3,740506
276659;21;3;2016;15:00;7790;AV PONTES VIEIRA;AV DES MOREIRA;;;;Colisão Lateral;Luz do Dia;Bom;Seca;Cruz;Semáforo;Comercial;0;0;2;1;1;0;0;0;0;0;0;0;-38,503254;-3,751526
276632;21;3;2016;12:40;0;RUA CEL JUCA;;;;;Colisão Lateral;Luz do Dia;Bom;Seca;Meio de Quadra;Não Há Controle;Comercial;0;0;2;1;0;0;0;0;0;0;0;0;;
276640;21;3;2016;09:00;5100;AV MON TABOSA;AV DOM MANUEL;;;;Colisão Lateral;Luz do Dia;Bom;Seca;Cruz;Semáforo;Comercial;0;0;2;1;0;0;0;0;0;0;0;0;;
276643;21;3;2016;15:25;21996;RUA CAP FRANCISCO PEDRO;RUA PORFIRIO SAMPAIO;;;;Colisão Frontal;Luz do Dia;Bom;Seca;Cruz;Pare;Residencial;0;1;2;0;0;0;1;0;0;1;0;0;-38,547055;-3,745136
276648;21;3;2016;11:30;5771;RUA JOAQUIM VIANA BARBOSA;RUA VIRGILIO PAES;;;;Colisão Transversal;Luz do Dia;Bom;Seca;Cruz;Pare;Residencial;0;0;2;1;0;0;0;0;0;0;0;0;-38,490247;-3,797004
276652;21;3;2016;07:40;0;AV GODOFREDO MACIEL;;;396;;Colisão Lateral;Luz do Dia;Bom;Seca;Meio de Quadra;Não Há Controle;Comercial;0;0;2;1;0;0;0;0;0;0;0;0;-38,564776;-3,779754
276636;21;3;2016;18:00;0;RUA TIBURCIO PEREIRA;;;;;Colisão Lateral;;Bom;Seca;Meio de Quadra;Não Há Controle;Residencial;0;0;2;1;0;0;0;0;0;0;0;0;;
276625;21;3;2016;07:30;5160;RUA TEN BENEVOLO;RUA SEN ALMINO;;;;Colisão Traseira;Luz do Dia;Bom;Seca;T;Pare;Residencial;0;0;2;1;0;0;0;0;0;0;0;0;-38,518077;-3,7251
276628;21;3;2016;09:50;1510;AV JULIO VENTURA;RUA JOSE VILAR;;;;Colisão Traseira;Luz do Dia;Bom;Seca;Cruz;Semáforo;Comercial;0;0;2;0;0;0;0;0;0;1;0;0;-38,506014;-3,739985
276620;21;3;2016;18:50;1592;RUA CEL JUCA;RUA CAROLINA SUCUPIRA;;;;Colisão Lateral;Anoitecer;Bom;Seca;Cruz;Pare;Residencial;0;0;2;1;0;0;0;0;0;0;0;0;-38,493114;-3,743389
278589;21;3;2016;02:10;0;RD CE-060;;;;KM-01;Atropelamento de Animal;Via Iluminada;Bom;Seca;Meio de Quadra;;;0;1;0;0;0;0;0;0;0;1;0;0;-38,58015;-3,828411
278591;21;3;2016;18:35;0;RD CE-025;;;;KM-01;Capotamento;Luz do Dia;Bom;Seca;Meio de Quadra;;;0;0;1;1;0;0;0;0;0;0;0;0;-38,470049;-3,807811
280346;21;3;2016;10:55;0;RUA MAJ JOSE ARAUJO AGUIAR;;;;;Colisão;Luz do Dia;;;Meio de Quadra;;;0;0;2;1;0;0;0;0;0;0;0;0;;
280359;21;3;2016;19:47;0;RUA ANTONIO COSTA MENDES (PQ SÃO JOSÉ);;;;;Colisão;;;;Meio de Quadra;;;0;0;2;0;1;0;0;0;0;1;0;0;;
281222;21;3;2016;21:34;25445;RUA NELSON COELHO;AV PRO JOSE ARTHUR CARVALHO;;;;Queda;;;;Cruz;Não Há Controle;Residencial;0;1;0;0;0;0;0;0;0;1;0;0;-38,464629;-3,826139