COD_ACIDENTE;DIA;MES;ANO;HORA;INTERSECAO;LOG1;LOG2;LOG3;NUMERO;REFERENCIA;NATUREZA;ILUMINACAO;TEMPO;SUPERFICIEPISTA;TIPOCRUZAMENTO;CONTROLETRAFEGO;USOSOLO;MORTOS;FERIDOS;ILESOS;AUTOMOVEL;ONIBUS;BICICLETA;CAMINHAO;MICROONIBUS;CICLOMOTOR;MOTOCICLETA;TRACAOANIMAL;TREM;LONG;LAT
281138;21;3;2016;04:35;0;AV ALBERTO CRAVEIRO;;;1800;;Queda;;;;Meio de Quadra;;;0;1;0;0;0;0;0;0;0;1;0;0;;
281425;21;3;2016;18:00;1423;RUA TORRES CAMARA;RUA OSVALDO CRUZ (ALDEOTA);;;;Colisão;Anoitecer;;;Cruz;Semáforo;Residencial;0;1;0;1;0;0;0;0;0;1;0;0;-38,500953;-3,737574
281444;21;3;2016;19:10;0;AV IMPERADOR;;;665;;Atropelamento;Anoitecer;;;;;;0;1;1;0;0;0;0;0;0;1;0;0;-38,534459;-3,727204
281439;21;3;2016;18:20;25896;RUA GARDENIA;RUA BAR AQUIRAZ;;;;Atropelamento;Anoitecer;;;T;Não Há Controle;Rural;0;1;0;1;0;0;0;0;0;0;0;0;-38,488394;-3,836863
281447;21;3;2016;20:16;0;AV SGT HERMINIO SAMPAIO;;;4259;;Colisão;;;;Meio de Quadra;;;0;2;0;0;0;0;0;0;0;1;0;0;-38,578434;-3,731193
281415;21;3;2016;17:19;0;AV CASTELO DE CASTRO;;;2291;;Colisão;Anoitecer;;;Meio de Quadra;;;0;1;0;0;0;0;0;0;0;0;0;0;-38,522126;-3,846921
281416;21;3;2016;17:22;0;RUA MARIO CAMPOS;;;636;;Atropelamento;Anoitecer;;;Meio de Quadra;;;0;1;1;0;0;0;0;0;0;0;0;0;;
281411;21;3;2016;16:58;0;AV PERIMETRAL;;;;;Colisão;Luz do Dia;;;Meio de Quadra;;;0;1;0;1;0;0;0;0;0;1;0;0;;
281349;21;3;2016;14:12;15252;RUA FRE MANSUETO;RUA BARBALHA D19;;;;Colisão;Luz do Dia;;;Cruz;Pare;Rural;0;1;0;0;0;0;0;0;0;0;0;0;-38,489017;-3,728096
281303;21;3;2016;13:40;0;RUA DA LIBERDADE;;;133;;Colisão;Luz do Dia;;;Meio de Quadra;;;0;1;0;0;0;0;0;0;0;0;0;0;;
281356;21;3;2016;14:39;0;AV GAL MURILO BORGES;;;14;;Colisão;Luz do Dia;;;Meio de Quadra;;;0;1;0;1;0;0;0;0;0;1;0;0;;
281357;21;3;2016;15:31;0;AV JOAO PESSOA;;;6754;;Atropelamento;Luz do Dia;;;Meio de Quadra;;;0;1;0;0;0;1;0;0;0;0;0;0;-38,560524;-3,768965
281359;21;3;2016;15:44;0;AV PRS COSTA E SILVA;;;751;;Colisão;Luz do Dia;;;Meio de Quadra;;;0;1;0;0;0;0;0;0;0;0;0;0;-38,572946;-3,812411
281388;21;3;2016;16:07;0;RUA CON DE CASTRO;;;4126;;Colisão;Luz do Dia;;;Meio de Quadra;;;0;1;0;0;0;0;0;0;0;0;0;0;-38,589346;-3,802053
281389;21;3;2016;16:33;0;AV MAE LISBOA;;;802;;Capotamento;Luz do Dia;;;Meio de Quadra;;;0;1;0;1;0;0;0;0;0;0;0;0;;
281295;21;3;2016;12:51;0;RUA LOURIVAL C PINHO;;;149;;Colisão;Luz do Dia;;;Meio de Quadra;;;0;1;0;1;0;0;0;0;0;1;0;0;-38,481468;-3,793323
281291;21;3;2016;12:43;21996;RUA PORFIRIO SAMPAIO;RUA CAP FRANCISCO PEDRO;;;;Colisão;Luz do Dia;;;Cruz;Pare;Residencial;0;1;0;0;0;0;0;0;0;0;0;0;-38,547055;-3,745136
281288;21;3;2016;11:41;0;AV GAL OSORIO DE PAIVA;;;;;Atropelamento;Luz do Dia;;;Meio de Quadra;;;0;1;1;1;0;0;0;0;0;0;0;0;;
281285;21;3;2016;11:39;5468;RUA ANTONIO POMPEU;RUA BAR ARATANHA;;;;Atropelamento;Luz do Dia;;;Cruz;Semáforo;Residencial;0;1;0;0;0;0;0;0;0;0;0;0;-38,527351;-3,735826
281258;21;3;2016;12:40;0;RUA 2 CJ PEQ MONDUBIM;;;887;;Atropelamento;Luz do Dia;;;Meio de Quadra;;;1;0;1;0;0;0;0;0;0;0;0;0;-38,496183;-3,742402
281262;21;3;2016;09:54;0;AV DR SILAS MUNGUBA;;;409;;Queda;Luz do Dia;;;Meio de Quadra;;;0;1;0;0;0;0;0;0;0;1;0;0;-38,561629;-3,777873
281263;21;3;2016;10:29;0;AV JOSE BASTOS;;;;;Colisão;Luz do Dia;;;Meio de Quadra;;;0;1;0;0;0;0;0;0;0;1;0;0;;
281272;21;3;2016;10:46;3354;RUA DOS ESTADOS;RUA RIO GRANDE DO SUL;;;;Colisão;Luz do Dia;;;Cruz;Pare;Residencial;0;2;0;0;0;0;0;0;0;1;0;0;-38,563429;-3,752175
281274;21;3;2016;11:00;0;AV DR SILAS MUNGUBA;;;;;Colisão;Luz do Dia;;;Meio de Quadra;;;0;1;0;0;0;0;0;0;0;1;0;0;;
281246;21;3;2016;08:35;0;RUA DR ATUALPA BARBOSA LIMA (P. IRACEMA);;;500;;Colisão;Luz do Dia;;;Meio de Quadra;;;0;1;0;1;0;0;0;0;0;1;0;0;-38,508186;-3,723678
281235;21;3;2016;02:47;16423;AV JOR JOAO RAMOS;RUA LUIZA NOBRE;;;;Colisão;;;;;;;0;1;0;1;0;0;0;0;0;1;0;0;-38,5781;-3,840729
281238;21;3;2016;03:16;0;RUA DOM XISTO ALBANO;;;1362;;Atropelamento;;;;Meio de Quadra;;;0;1;0;0;0;0;0;0;0;1;0;0;-38,584664;-3,796049
281239;21;3;2016;07:08;6743;RUA ALMEIDA PRADO;AV SANTOS DUMONT;;;;Colisão;Luz do Dia;;;Cruz;Semáforo;Comercial;0;1;0;0;0;0;0;0;0;0;0;0;-38,475153;-3,743712
281240;21;3;2016;07:27;0;AV JOSE BASTOS;;;6256;;Colisão;Luz do Dia;;;Meio de Quadra;;;0;1;0;1;0;0;0;0;0;1;0;0;-38,568524;-3,76646
281241;21;3;2016;07:34;0;AV SGT HERMINIO SAMPAIO;;;1740;;Colisão;Luz do Dia;;;Meio de Quadra;;;0;1;0;1;0;0;0;0;0;1;0;0;;
281243;21;3;2016;07:36;0;AV N CJ JOSE WALTER;;;1561;;Colisão;Luz do Dia;;;Meio de Quadra;;;0;1;0;1;0;0;0;0;0;1;0;0;;
281227;21;3;2016;01:26;0;AV GODOFREDO MACIEL;;;4745;;Queda;;;;Meio de Quadra;;;0;1;0;0;0;0;0;0;0;1;0;0;-38,574601;-3,817087
281230;21;3;2016;01:32;0;RUA SEIS COMPANHEIROS;;;101;;Queda;;;;Meio de Quadra;;;0;1;0;0;0;1;0;0;0;0;0;0;;
281449;22;3;2016;01:39;0;AV GAL OSORIO DE PAIVA;;;;;Colisão;;;;Meio de Quadra;;;0;1;0;0;0;0;1;0;0;1;0;0;;
281454;22;3;2016;02:34;0;AV BORGES DE MELO;;;;;Colisão;;;;Meio de Quadra;;;0;1;0;1;0;0;0;0;0;1;0;0;;
281457;22;3;2016;03:09;0;RUA ILDEFONSO ALBANO;;;;;Colisão;;;;Meio de Quadra;;;0;2;0;1;0;0;0;0;0;1;0;0;;
281487;22;3;2016;06:45;0;RUA JAIME VASCONCELOS;;;457;;Colisão;Luz do Dia;;;Meio de Quadra;;;0;1;0;1;0;0;0;0;0;1;0;0;-38,482404;-3,730189
281491;22;3;2016;09:55;0;AV JOR THOMAZ COELHO;;;3000;;Colisão;Luz do Dia;;;Meio de Quadra;;;0;1;0;1;0;0;0;0;0;1;0;0;-38,521968;-3,828868
281489;22;3;2016;08:01;0;RUA JOSE MENDONCA;;;163;;Colisão;Luz do Dia;;;Meio de Quadra;;;0;1;0;0;0;0;0;0;0;1;0;0;-38,602785;-3,760318
281477;22;3;2016;03:10;0;RUA MIGUEL ARAGAO;;;825;;Colisão;;;;Meio de Quadra;;;0;2;0;1;0;0;0;0;0;1;0;0;-38,587288;-3,833352
281504;22;3;2016;12:33;0;AV BENJAMIM BRASIL;;;400;;Atropelamento;Luz do Dia;;;Meio de Quadra;;;0;1;0;1;0;0;0;0;0;0;0;0;-38,569645;-3,80401
281497;22;3;2016;12:02;0;RUA ALBERTO MAGNO;;;781;;Colisão;Luz do Dia;;;Meio de Quadra;;;0;2;0;0;0;0;0;0;1;1;0;0;-38,547973;-3,762587
281498;22;3;2016;12:08;0;AV AGUANAMBI;;;540;;Colisão;Luz do Dia;;;Meio de Quadra;;;0;1;0;1;0;0;0;0;0;1;0;0;-38,525881;-3,741588
281499;22;3;2016;12:25;0;RUA CAETANO SILVA (PASSARÉ);;;51;;Colisão;Luz do Dia;;;Meio de Quadra;;;0;1;0;0;0;0;0;0;0;0;0;0;;
281509;22;3;2016;14:35;0;AV WASHINGTON SOARES;;;4718;;Atropelamento;Luz do Dia;;;Meio de Quadra;;;0;1;0;1;0;0;0;0;0;0;0;0;;
281506;22;3;2016;12:44;0;RUA JOAO CORDEIRO;;;2818;;Colisão;Luz do Dia;;;Meio de Quadra;;;0;1;0;1;0;0;0;0;0;1;0;0;-38,519329;-3,745289
281507;22;3;2016;13:20;0;AV SGT HERMINIO SAMPAIO;;;3648;;Atropelamento;Luz do Dia;;;Meio de Quadra;;;0;1;0;0;1;0;0;0;0;0;0;0;-38,573048;-3,729066
281525;22;3;2016;16:29;0;RD BR 116;;;;SVO (KM-07);Atropelamento;Luz do Dia;;;Meio de Quadra;;;0;1;0;1;0;0;0;0;0;0;0;0;-38,501596;-3,815542
281518;22;3;2016;15:41;0;RUA BRAGANCA;;;1098;;Atropelamento;Luz do Dia;;;Meio de Quadra;;;0;1;0;1;0;0;0;0;0;0;0;0;-38,597434;-3,784071
281522;22;3;2016;15:48;0;AV JOSE BASTOS;;;5748;;Colisão;Luz do Dia;;;Meio de Quadra;;;0;1;0;0;0;0;0;0;0;1;0;0;;
280360;22;3;2016;07:20;0;AV PRS COSTA E SILVA;;;;;Colisão;Luz do Dia;;;Meio de Quadra;;;0;0;2;1;0;0;1;0;0;0;0;0;;
280364;22;3;2016;13:59;0;AV ENG LEAL LIMA VERDE (SAPIRANGA/COITE);;;;;Colisão;Luz do Dia;;;Meio de Quadra;;;0;0;2;1;0;0;0;0;0;1;0;0;;
276127;22;3;2016;20:50;0;RD BR 116;;;900;KM-15;Tombamento;Via Iluminada;Bom;Seca;Meio de Quadra;;;0;2;0;0;0;0;0;0;0;1;0;0;-38,50122404;-3,883427193
278592;22;3;2016;09:00;0;RD CE-040;;;;KM-06;Colisão;Luz do Dia;Bom;Seca;Meio de Quadra;;;0;1;1;1;0;0;0;0;0;0;0;0;-38,479535;-3,800596
278593;22;3;2016;12:30;0;RD CE-040;;;;KM-08;Colisão;Luz do Dia;Bom;Seca;Meio de Quadra;;;0;0;2;0;0;0;1;0;0;0;0;0;-38,483033;-3,817159
278598;22;3;2016;20:15;0;RD CE-040;;;;KM-05;Atropelamento;Via Iluminada;Bom;Seca;Meio de Quadra;;;0;1;1;0;0;0;0;0;0;0;0;0;-38,480331;-3,791613
276638;22;3;2016;08:10;15227;AV ABOLICAO;AV DES MOREIRA;;;;Colisão Lateral;Luz do Dia;;;Cruz;Semáforo;Comercial;0;0;2;0;1;0;0;0;0;0;0;0;-38,495474;-3,727331
276630;22;3;2016;19:01;0;RUA JOAO CORDEIRO;;;2860;;Colisão Lateral;;;;Meio de Quadra;;;0;1;1;1;0;0;0;0;0;1;0;0;;
276654;22;3;2016;19:30;7990;RUA CARLOS CAMARA;RUA JOAO SORONGO;;;;Colisão Lateral;;;;Cruz;Pare;Comercial;0;0;2;1;0;0;0;0;0;0;0;0;-38,545224;-3,749406
276646;22;3;2016;23:10;26209;AV ROGACIANO LEITE;AV CHANC EDSON QUEIROZ;;;;Colisão Traseira;;;;;;;0;0;2;1;0;0;0;0;0;0;0;0;;
276660;22;3;2016;18:00;0;AV AGUANAMBI;;;1170;;Colisão Lateral;Anoitecer;;;Meio de Quadra;;;0;1;1;0;0;0;0;0;0;1;0;0;-38,5251;-3,746455
276664;22;3;2016;14:10;19935;RUA FRANCISCO LORDA;RUA JORGE ACURCIO;;;;Outros;Luz do Dia;;;Cruz;Pare;Residencial;0;0;2;1;0;0;0;0;0;0;0;0;-38,530533;-3,762325
276673;22;3;2016;11:05;6969;AV F CJ ESPERANCA;AV B CJ ESPERANCA;;;;Outros;Luz do Dia;;;Cruz;Pare;Misto;0;0;2;1;0;0;0;0;0;0;0;0;-38,588467;-3,817486
276678;22;3;2016;13:40;0;AV FRANCISCO SA;;;4212;;Outros;Luz do Dia;;;Meio de Quadra;;;0;0;2;1;0;0;0;0;0;0;0;0;-38,56243;-3,715689
276681;22;3;2016;16:30;0;RUA PDE VALDEVINO;;;1688;;Colisão Transversal;Luz do Dia;;;Meio de Quadra;;;0;0;2;1;1;0;0;0;0;0;0;0;-38,509849;-3,741331
276685;22;3;2016;08:15;23343;AV PONTES VIEIRA;RUA TIBURCIO CAVALCANTE;;;;Colisão Lateral;Luz do Dia;;;Cruz;Semáforo Intermitente;Comercial;0;0;2;1;0;0;0;0;0;0;0;0;-38,507749;-3,752053
276683;22;3;2016;15:30;1488;RUA CARLOS VASCONCELOS;RUA ROCHA LIMA;;;;Colisão Traseira;Luz do Dia;;;Cruz;Pare;Residencial;0;0;2;1;0;0;0;0;0;0;0;0;-38,512902;-3,739419
276693;22;3;2016;06:00;631;RUA GOMES PASSOS;RUA COELHO DA FONSECA;;;;Colisão Transversal;Luz do Dia;;;Cruz;Não Há Controle;Residencial;0;3;0;0;0;0;0;0;0;1;0;0;-38,561401;-3,711137
276602;22;3;2016;19:30;26256;AV SGT HERMINIO SAMPAIO;RUA PLANALTO (PRES. KENNEDY);;;;Atropelamento;;;;;;;1;0;1;0;1;0;0;0;0;0;0;0;-38,573011;-3,729043
276609;22;3;2016;16:00;0;AV BEZERRA DE MENEZES;;;1001;;Colisão Traseira;Luz do Dia;;;Meio de Quadra;;;0;0;3;1;0;0;0;0;0;0;0;0;-38,553777;-3,733456
276614;22;3;2016;03:00;5364;AV TRISTAO GONCALVES;RUA GAL CLARINDO DE QUEIROZ;;;;Colisão Transversal;;;;Cruz;Não Há Controle;Comercial;0;1;1;0;0;0;0;0;0;1;0;0;-38,534472;-3,731314
276616;22;3;2016;13:20;0;AV GAL MURILO BORGES;;;;;Engavetamento;Luz do Dia;;;Meio de Quadra;;;0;0;4;1;0;0;1;0;0;0;0;0;;
276727;22;3;2016;14:40;2107;RUA CECI;TR SEN VIRGILIO TAVORA;;;;Colisão Transversal;Luz do Dia;;;;;;0;0;2;1;0;0;0;0;0;0;0;0;-38,585571;-3,699662
276718;22;3;2016;21:30;0;RUA DR JOSE LOURENCO;;;1891;;Colisão Lateral;;;;Meio de Quadra;;;0;0;2;1;0;0;0;0;1;0;0;0;-38,509489;-3,739973
276699;22;3;2016;07:15;3998;RUA ALBERTO MAGNO;RUA SAMUEL UCHOA;;;;Colisão Transversal;Luz do Dia;;;Cruz;Pare;Comercial;0;0;2;1;0;0;0;0;0;1;0;0;-38,542824;-3,756713
276695;22;3;2016;09:30;3582;RUA AUGUSTO CALHEIROS;RUA MUCAMBINHO (MESSEJANA);;;;Colisão Lateral;Luz do Dia;;;;;;0;0;2;1;0;0;0;0;0;0;0;0;-38,506523;-3,827375
276688;22;3;2016;18:40;1441;AV SANTOS DUMONT;RUA PRO DIAS DA ROCHA;;;;Colisão Transversal;;;;Cruz;Pare;Comercial;0;0;2;1;0;0;0;0;0;0;0;0;-38,492502;-3,738113
276704;22;3;2016;08:50;0;RUA LUIS VIEIRA;;;381;;Colisão Traseira;Luz do Dia;;;Meio de Quadra;;;0;0;2;1;0;0;0;0;0;0;0;0;-38,587033;-3,794926
276702;22;3;2016;18:40;13437;RUA ILDEFONSO ALBANO;RUA ADOLFO SIQUEIRA;;;;Colisão Lateral;;;;;;;0;1;1;1;0;0;0;0;0;1;0;0;-38,516488;-3,743003
276707;22;3;2016;14:00;0;RUA METON DE ALENCAR;;;1316;;Engavetamento;Luz do Dia;;;Meio de Quadra;;;0;0;3;1;0;0;0;0;0;0;0;0;-38,53562;-3,732046
276753;22;3;2016;10:30;23433;RUA MON SALAZAR;RUA PRO CARVALHO;;;;Colisão Transversal;Luz do Dia;;;Cruz;Pare;Residencial;0;0;2;1;0;0;0;0;0;0;0;0;-38,514308;-3,756146
276746;22;3;2016;12:50;389;RUA VIRGILIO BRANDAO;AV LIBERDADE;;;;Colisão Transversal;Luz do Dia;;;;;;0;2;0;0;0;0;0;0;0;1;0;0;-38,595637;-3,749649
276750;22;3;2016;15:50;0;RUA AFRANIO PEIXOTO;;;235;;Colisão Transversal;Luz do Dia;;;Meio de Quadra;;;0;2;0;1;0;0;0;0;0;1;0;0;-38,572371;-3,780817
276742;22;3;2016;16:40;23447;RUA PAULO FIRMEZA;RUA JOSE JUSTA;;;;Colisão Transversal;Luz do Dia;;;Cruz;Pare;Rural;0;0;2;1;0;0;0;0;0;1;0;0;-38,508816;-3,756776
276735;22;3;2016;10:30;0;AV AGUANAMBI;;;;ROTATÓRIA;Engavetamento;Luz do Dia;;;Meio de Quadra;;;0;0;3;0;1;0;1;0;0;1;0;0;;
276731;22;3;2016;15:30;15227;AV ABOLICAO;AV DES MOREIRA;;;;Colisão Lateral;Luz do Dia;;;Cruz;Semáforo;Comercial;0;0;2;1;0;0;1;0;0;0;0;0;-38,495474;-3,727331
276791;22;3;2016;18:00;15349;RUA VICENTE LEITE;RUA REPUBLICA DO LIBANO;;;;Colisão Transversal;Anoitecer;;;Cruz;Pare;Residencial;0;0;2;1;0;0;0;0;0;0;0;0;-38,493841;-3,732224
276786;22;3;2016;09:10;12855;RUA CARLOS GOMES;RUA MAJ FACUNDO;;;;Colisão Transversal;Luz do Dia;;;Cruz;Pare;Residencial;0;0;4;1;0;0;0;0;0;0;0;0;-38,531802;-3,739845
276778;22;3;2016;13:00;25630;RUA ANDRADE FURTADO;RUA SANTIAGO VASQUES FILHO;;;;Colisão Frontal;Luz do Dia;;;T;Pare;Residencial;0;0;2;1;0;0;0;0;0;0;0;0;-38,478147;-3,746228
276776;22;3;2016;16:00;26257;AV FRE CIRILO;RUA BADY MIGUEL;;;;Colisão Frontal;Luz do Dia;;;;;;0;0;2;1;0;0;0;0;0;0;0;0;;
276804;22;3;2016;11:40;0;AV 13 DE MAIO;;;2661;;Colisão Transversal;Luz do Dia;;;Meio de Quadra;;;0;0;2;1;1;0;0;0;0;0;0;0;;
276800;22;3;2016;04:30;0;AV GAL OSORIO DE PAIVA;;;7457;;Colisão Traseira;Luz do Dia;;;Meio de Quadra;;;0;1;1;0;0;0;0;0;0;1;0;0;-38,613946;-3,816967
276808;22;3;2016;14:10;24360;RUA ALM RUFINO;RUA SAO MATEUS D14;;;;Colisão Transversal;Luz do Dia;;;Cruz;Pare;Residencial;0;0;2;1;0;0;0;0;0;0;0;0;-38,539211;-3,76593
276829;22;3;2016;18:00;0;RUA ALBERTO MAGNO;;;788;;Colisão Traseira;Anoitecer;;;Meio de Quadra;;;0;0;2;0;1;0;0;0;0;1;0;0;-38,547953;-3,762563
276820;22;3;2016;21:00;25261;AV LINEU MACHADO;RUA DR SULIANO;;;;Colisão Transversal;;;;Cruz;Pare;Comercial;0;2;1;1;0;0;0;0;0;1;0;0;;
284918;22;3;2016;22:03;24967;AV ALM HENRIQUE SABOIA;AV SANTOS DUMONT;;;;Colisão;;;;Cruz;Pare;Comercial;0;0;2;0;0;0;0;0;0;0;0;0;;
285421;22;3;2016;08:02;25943;RUA PDE IBIAPINA;RUA CARNEIRO DA CUNHA (JACARECANGA);;;;Colisão;Luz do Dia;;;;;;0;0;2;0;0;0;0;0;0;0;0;0;-38,540752;-3,724914
285425;22;3;2016;08:37;13495;RUA CEL ALVES TEIXEIRA;RUA ILDEFONSO ALBANO;;;;Outros;Luz do Dia;;;Cruz;Pare;Residencial;0;0;2;0;0;0;0;0;0;0;0;0;-38,517296;-3,74559
285406;22;3;2016;07:23;0;AV GAL OSORIO DE PAIVA;;;2955;TERMINAL SIQUEIRA;Colisão;Luz do Dia;;;Meio de Quadra;;;0;0;2;0;0;0;0;0;0;0;0;0;-38,587333;-3,78959
285411;22;3;2016;09:24;0;AV PRS COSTA E SILVA;;;3621;;Colisão Lateral;Luz do Dia;;;Meio de Quadra;;;1;0;2;0;0;1;1;0;0;0;0;0;-38,541627;-3,825151
285495;22;3;2016;14:17;242;RUA GAL BERNARDO FIGUEIREDO;RUA COS ALVARO DE OLIVEIRA;;;;Colisão;Luz do Dia;;;;;;0;0;2;0;0;0;0;0;0;0;0;0;-38,555261;-3,740373
285505;22;3;2016;15:08;10695;RUA PRO HERIBALDO COSTA;RUA MON HIPOLITO BRASIL;;;;Outros;Luz do Dia;;;Cruz;Pare;Comercial;0;0;2;0;0;0;0;0;0;0;0;0;-38,582275;-3,757069
285493;22;3;2016;14:44;25095;AV ENG LEAL LIMA VERDE (SAPIRANGA/COITE);AV MAE LISBOA;;;;Colisão;Luz do Dia;;;Cruz;Pare;Residencial;0;0;2;0;0;0;0;0;0;0;0;0;-38,474657;-3,807871
285497;22;3;2016;14:19;0;AV DR SILAS MUNGUBA;;;4410;SUPER DO POVO;Colisão;Luz do Dia;;;Meio de Quadra;;;0;0;2;0;0;0;0;0;0;0;0;0;-38,535173;-3,792948
285498;22;3;2016;14:38;0;AV PRS COSTA E SILVA;;;3000;;Colisão;Luz do Dia;;;Meio de Quadra;;;0;0;2;0;0;0;0;0;0;0;0;0;;
285499;22;3;2016;15:00;0;RUA ALBERTO MAGNO;;;;;Colisão;Luz do Dia;;;Meio de Quadra;;;0;0;2;0;0;0;0;0;0;0;0;0;;
285500;22;3;2016;15:08;0;RUA ARAUJO TORREAO;;;279;;Colisão;Luz do Dia;;;Meio de Quadra;;;0;0;2;0;0;0;0;0;0;0;0;0;-38,495846;-3,815304
285485;22;3;2016;12:46;1257;RUA COSTA BARROS;RUA SILVA PAULET;;;;Colisão;Luz do Dia;;;;Pare;Comercial;0;0;2;0;0;0;0;0;0;0;0;0;-38,504799;-3,732565
285439;22;3;2016;11:05;0;AV K CJ JOSE WALTER;;;131;;Colisão;Luz do Dia;;;Meio de Quadra;;;0;0;2;0;0;0;0;0;0;0;0;0;-38,55354;-3,82268
285458;22;3;2016;11:10;0;AV ENG HUMBERTO MONTE;;;1080;;Colisão;Luz do Dia;;;Meio de Quadra;;;0;0;2;0;0;0;0;0;0;0;0;0;-38,560178;-3,7495
285461;22;3;2016;11:18;19152;RUA BATISTA DE OLIVEIRA;RUA LAURO NOGUEIRA;;;;Colisão;Luz do Dia;;;Cruz;Pare;Residencial;0;0;2;0;0;0;0;0;0;0;0;0;-38,478301;-3,740086
285472;22;3;2016;11:35;21383;AV JOVITA FEITOSA;AV JOSE BASTOS;;;;Colisão;Luz do Dia;;;Cruz;Pare;Comercial;0;0;2;0;0;0;0;0;0;0;0;0;;
285509;22;3;2016;15:08;13635;RUA ALBERTO FEITOSA LIMA;RUA GERALDO MAGALHAES;;;;Colisão;Luz do Dia;;;;;;0;0;2;0;0;0;0;0;0;0;0;0;;
285512;22;3;2016;15:08;12818;RUA ALBERTO MAGNO;RUA ANDRE CHAVES;;;;Outros;Luz do Dia;;;Cruz;Pare;Comercial;0;0;2;0;0;0;0;0;0;0;0;0;-38,54223;-3,756035
283630;22;3;2016;18:48;25467;AV BENJAMIM BRASIL;RUA LEON GRADVOHL;;;;Atropelamento;;;;T;Não Há Controle;Comercial;0;1;1;1;0;0;0;0;0;0;0;0;-38,569567;-3,804034
285520;22;3;2016;15:08;0;RUA PDE PEDRO DE ALENCAR;;;1450;;Choque c/ Obstáculo Fixo;Luz do Dia;;;Meio de Quadra;;;0;0;1;0;0;0;0;0;0;0;0;0;-38,494267;-3,840892
285522;22;3;2016;15:08;0;AV GAL OSORIO DE PAIVA;;;;GINASIO POLIESPORTIVO;Outros;Luz do Dia;;;Meio de Quadra;;;0;0;2;0;0;0;0;0;0;0;0;0;;
285528;23;3;2016;15:08;0;RUA TABAJARAS;;;;;Colisão;Luz do Dia;;;Meio de Quadra;;;0;0;2;0;0;0;0;0;0;0;0;0;;
285529;23;3;2016;15:08;0;AV L CJ JOSE WALTER;;;360;;Capotamento;Luz do Dia;;;Meio de Quadra;;;0;0;2;0;0;0;0;0;0;0;0;0;-38,556581;-3,827906
285552;23;3;2016;15:08;25000;RUA COSTA BARROS;AV DOM MANUEL;;;;Colisão;Luz do Dia;;;Cruz;Semáforo;Residencial;0;0;2;0;0;0;0;0;0;0;0;0;-38,520793;-3,727381
285554;23;3;2016;15:08;0;LOGRADOURO SEM NOME;;;;;Outros;Luz do Dia;;;Meio de Quadra;;;0;0;2;0;0;0;0;0;0;0;0;0;;
285571;23;3;2016;15:08;15101;RUA JOAQUIM ALVES;AV HIS RAIMUNDO GIRAO;;;;Colisão;Luz do Dia;;;T;Não Há Controle;;0;0;2;0;0;0;0;0;0;0;0;0;-38,511073;-3,720943
285572;23;3;2016;15:08;0;AV SEN CARLOS JEREISSATI (AEROPORTO);;;3000;AEROPORTO;Colisão;Luz do Dia;;;Meio de Quadra;;;0;0;2;0;0;0;0;0;0;0;0;0;-38,541414;-3,780382
285573;23;3;2016;15:08;0;TR ITAPAJE;;;56;;Colisão;Luz do Dia;;;Meio de Quadra;;;0;0;2;0;0;0;0;0;0;0;0;0;-38,539053;-3,731595
285574;23;3;2016;15:08;0;AV AGUANAMBI;;;;ROTATÓRIA;Outros;Luz do Dia;;;Meio de Quadra;;;0;0;2;0;0;0;0;0;0;0;0;0;;
285569;23;3;2016;15:08;0;RUA VALPARAISO;;;;;Colisão;Luz do Dia;;;Meio de Quadra;;;0;0;2;0;0;0;0;0;0;0;0;0;;
285576;23;3;2016;15:08;0;RUA BAIXA DO MILAGRE;;;3490;;Colisão;Luz do Dia;;;Meio de Quadra;;;0;0;2;0;0;0;0;0;0;0;0;0;-38,602142;-3,732652
285580;23;3;2016;15:08;0;AV FELINO BARROSO;;;376;;Colisão;Luz do Dia;;;Meio de Quadra;;;0;0;2;0;0;0;0;0;0;0;0;0;-38,528268;-3,746385
285586;23;3;2016;15:08;1516;AV DES MOREIRA;AV PDE ANTONIO TOMAS;;;;Colisão;Luz do Dia;;;Cruz;Semáforo;Comercial;0;0;2;0;0;0;0;0;0;0;0;0;-38,499616;-3,740161
285588;23;3;2016;15:08;13404;RUA CARLOS VASCONCELOS;RUA JOAO BRIGIDO;;;;Colisão;Luz do Dia;;;Cruz;Semáforo Intermitente;Residencial;0;0;2;0;0;0;0;0;0;0;0;0;-38,513526;-3,741327
285589;23;3;2016;;10014;RUA TEODORO DE CASTRO;RUA DUAS NACOES;;;;Colisão;;;;;;;0;0;2;0;0;0;0;0;0;0;0;0;-38,602981;-3,780321
285592;23;3;2016;;348;RUA CESAR FONTENELE;RUA PRO LINO ENCARNACAO;;;;Colisão;;;;Cruz;Pare;Misto;0;0;2;0;0;0;0;0;0;0;0;0;-38,559596;-3,746359
285593;23;3;2016;;0;AV ROGACIANO LEITE;;;520;;Choque c/ Obstáculo Fixo;;;;Meio de Quadra;;;0;0;2;0;0;0;0;0;0;0;0;0;-38,494132;-3,762933
285594;23;3;2016;;0;AV SANTOS DUMONT;;;4060;;Colisão;;;;Meio de Quadra;;;0;0;2;0;0;0;0;0;0;0;0;0;-38,488036;-3,739566
285596;23;3;2016;;0;AV ALBERTO CRAVEIRO;;;6500;;Colisão;;;;Meio de Quadra;;;0;0;1;0;0;0;0;0;0;0;0;0;;
285597;23;3;2016;;0;AV GAL OSORIO DE PAIVA;;;281;;Colisão;;;;Meio de Quadra;;;0;0;2;0;0;0;0;0;0;0;0;0;;
285608;23;3;2016;;0;RUA CEL GUILHERME ALENCAR;;;71;;Colisão;;;;Meio de Quadra;;;0;0;2;0;0;0;0;0;0;0;0;0;;
285616;23;3;2016;;0;AV DR SILAS MUNGUBA;;;;SUPER DO POVO;Colisão;;;;Meio de Quadra;;;0;0;2;0;0;0;0;0;0;0;0;0;;