COD_ACIDENTE;DIA;MES;ANO;HORA;INTERSECAO;LOG1;LOG2;LOG3;NUMERO;REFERENCIA;NATUREZA;ILUMINACAO;TEMPO;SUPERFICIEPISTA;TIPOCRUZAMENTO;CONTROLETRAFEGO;USOSOLO;MORTOS;FERIDOS;ILESOS;AUTOMOVEL;ONIBUS;BICICLETA;CAMINHAO;MICROONIBUS;CICLOMOTOR;MOTOCICLETA;TRACAOANIMAL;TREM;LONG;LAT
285617;23;3;2016;;0;AV DES MOREIRA;;;1000;;Colisão;;;;Meio de Quadra;;;0;0;2;0;0;0;0;0;0;0;0;0;-38,497736;-3,734322
285649;23;3;2016;11:09;8654;RUA MIN ABNER VASCONCELOS;AV EDILSON B SOARES;;;;;Luz do Dia;;;T;Pare;Comercial;0;0;2;0;0;0;0;0;0;0;0;0;-38,479613;-3,78938
285650;23;3;2016;16:40;5060;RUA CASTRO E SILVA;AV IMPERADOR;;;;Colisão;Luz do Dia;;;Cruz;Semáforo;Comercial;0;0;2;0;0;0;0;0;0;0;0;0;-38,532916;-3,722013
285654;23;3;2016;17:15;1358;AV SANTOS DUMONT;AV DES MOREIRA;;;;Colisão;Anoitecer;;;Cruz;Semáforo;Comercial;0;0;2;0;0;0;0;0;0;0;0;0;-38,498365;-3,736226
283706;23;3;2016;09:46;0;RUA CARLOS AMORA;;;;IGREJA DA PARANGABA;Colisão;Luz do Dia;;;Meio de Quadra;;;0;0;2;0;0;0;0;0;0;0;0;0;;
283710;23;3;2016;09:54;0;AV DUQ CAXIAS;;;138;;Colisão;Luz do Dia;;;Meio de Quadra;;;0;0;2;0;0;0;0;0;0;0;0;0;;
283716;23;3;2016;13:51;11030;RUA 15 DE NOVEMBRO;RUA CESAR ROSSAS;;;;Colisão;Luz do Dia;;;Outros;Semáforo;Comercial;0;1;1;1;0;0;0;0;0;0;0;0;-38,555011;-3,769241
283721;23;3;2016;15:24;7633;AV CARNEIRO DE MENDONCA;RUA RIO GRANDE DO SUL;;;;Colisão;Luz do Dia;;;Cruz;Semáforo;Misto;0;1;2;1;0;0;1;0;0;1;0;0;-38,570011;-3,762374
283691;23;3;2016;09:38;0;RUA EDUARDO PORTO;;;123;;Colisão;Luz do Dia;;;Meio de Quadra;;;0;0;2;0;0;0;0;0;0;0;0;0;-38,494941;-3,832716
283702;23;3;2016;09:45;26118;AV ALM MAXIMIANO DA FONSECA;RUA JOSE B PARENTE D59;;;;Colisão;Luz do Dia;;;T;Pare;Residencial;0;0;2;0;1;0;0;0;0;0;0;0;-38,4851;-3,771301
283696;23;3;2016;09:44;9072;AV PONTES VIEIRA;AV VIS RIO BRANCO;;;;Colisão;Luz do Dia;;;;;;0;0;2;0;0;0;0;0;0;0;0;0;-38,520486;-3,753544
283694;23;3;2016;09:43;0;AV CEL CARVALHO;;;1761;;Colisão;Luz do Dia;;;Meio de Quadra;;;0;0;2;0;0;0;0;0;0;0;0;0;-38,587852;-3,717857
283681;23;3;2016;08:06;0;AV PRS COSTA E SILVA;;;;;Colisão;Luz do Dia;;;Meio de Quadra;;;0;0;2;0;0;0;0;0;0;0;0;0;;
283670;23;3;2016;07:53;19684;RUA GUSTAVO SAMPAIO;RUA COS ALVARO DE OLIVEIRA;;;;Colisão;Luz do Dia;;;Cruz;Pare;Residencial;0;0;2;0;0;0;0;0;0;0;0;0;-38,556318;-3,735235
293554;23;3;2016;09:07;12863;AV DOMINGOS OLIMPIO;RUA FLORIANO PEIXOTO;;;;Colisão;Luz do Dia;;;Cruz;Não Há Controle;Comercial;0;1;1;1;0;0;0;0;0;1;0;0;-38,530313;-3,736976
284919;23;3;2016;20:22;0;RUA ABEL RIBEIRO;;;472;;Atropelamento;;;;Meio de Quadra;;;0;1;1;0;0;0;0;0;0;0;0;0;-38,578164;-3,78058
276802;23;3;2016;21:15;0;AV BEZERRA DE MENEZES;;;25;;Colisão Traseira;Via Iluminada;Bom;Seca;Meio de Quadra;Semáforo;;0;0;2;0;1;0;0;1;0;0;0;0;-38,540053;-3,730562
276810;23;3;2016;16:30;0;RUA SEN POMPEU;;;;;Colisão Traseira;Via Iluminada;Bom;Seca;Meio de Quadra;Outros;Comercial;0;0;2;1;0;0;0;0;0;0;0;0;;
276807;23;3;2016;20:20;7903;AV ANTONIO SALES;RUA CEL LINHARES;;;;Colisão Traseira;Via Iluminada;Bom;Seca;Cruz;Pare;Comercial;0;0;3;1;0;0;0;0;0;0;0;0;-38,497481;-3,746964
276799;23;3;2016;15:48;5292;RUA COSTA BARROS;RUA GONCALVES LEDO;;;;Colisão Lateral;Luz do Dia;Bom;Seca;Cruz;Pare;Comercial;0;0;2;1;0;0;0;0;0;0;0;0;-38,515426;-3,729088
276797;23;3;2016;19:30;15227;AV ABOLICAO;AV DES MOREIRA;;;;Colisão Lateral;Via Iluminada;Bom;Seca;Cruz;Semáforo;Comercial;0;0;2;1;0;0;0;0;0;0;0;0;-38,495474;-3,727331
276794;23;3;2016;07:55;16557;AV GODOFREDO MACIEL;RUA MIRTYL MEYER;;;;Colisão Transversal;Luz do Dia;Bom;Seca;Cruz;Pare;Comercial;0;0;2;1;1;0;0;0;0;0;0;0;-38,573893;-3,809211
276788;23;3;2016;06:40;22176;AV ENG HUMBERTO MONTE;AV JOSE BASTOS;;;;Outros;Luz do Dia;Bom;Seca;T;Semáforo;Comercial;0;0;2;1;0;0;0;0;0;1;0;0;-38,555455;-3,754966
276777;23;3;2016;07:00;4429;AV CESAR CALS;RUA ISMAEL PORDEUS;;;;Colisão Lateral;Luz do Dia;Bom;Seca;Cruz;Não Há Controle;Residencial;0;0;2;1;0;0;0;0;0;1;0;0;-38,464577;-3,720638
276775;23;3;2016;19:40;22029;RUA TIRADENTES;RUA FRE MARCELINO;;;;Colisão Transversal;Anoitecer;Bom;Seca;Cruz;Pare;Residencial;0;0;2;1;0;0;0;0;0;0;0;0;-38,550132;-3,74113
276783;23;3;2016;18:20;0;AV PRS COSTA E SILVA;;;;;Choque c/ Obstáculo Fixo;Não Iluminada;Bom;Seca;Meio de Quadra;Não Há Controle;Comercial;0;0;1;1;0;0;0;0;0;0;0;0;;
276779;23;3;2016;07:00;0;AV PRS CASTELO BRANCO;;;;;Colisão Traseira;Luz do Dia;Bom;Seca;Meio de Quadra;Não Há Controle;Residencial;0;0;2;1;0;0;0;0;0;0;0;0;;
276792;23;3;2016;07:50;0;AV PRS COSTA E SILVA;;;;;Colisão Lateral;Luz do Dia;Bom;Seca;Meio de Quadra;Pare;Residencial;0;0;2;1;0;0;0;0;0;0;0;0;;
276732;23;3;2016;18:39;0;AV OLIVEIRA PAIVA;;;;;Colisão Traseira;Anoitecer;Bom;Seca;Meio de Quadra;Pare;Escola;0;0;3;1;0;0;0;0;1;0;0;0;;
276734;23;3;2016;09:00;0;RUA PEDRO I;;;;;Colisão Lateral;Luz do Dia;Bom;Seca;Cruz;Outros;Comercial;0;0;2;1;0;0;0;0;0;0;0;0;;
276736;23;3;2016;10:20;7650;AV CARNEIRO DE MENDONCA;RUA BELO HORIZONTE;;;;Colisão Lateral;Luz do Dia;Bom;Seca;Cruz;Pare;Misto;0;0;2;1;0;0;0;0;0;0;0;0;-38,567567;-3,763666
276738;23;3;2016;21:00;0;AV ALM HENRIQUE SABOIA;;;;;Colisão Lateral;Via Iluminada;Bom;Seca;Meio de Quadra;Não Há Controle;Comercial;0;0;3;1;0;0;1;0;0;0;0;0;;
276739;23;3;2016;19:30;24226;RUA FAUSTO CABRAL;RUA DES WALDETARIO P MOTA;;;;Colisão Transversal;Via Iluminada;Bom;Seca;Cruz;Pare;Lazer;0;0;2;1;0;0;0;0;0;0;0;0;-38,478283;-3,733093
276743;23;3;2016;06:40;22651;AV COS GOMES DE FREITAS (SAPIRANGA/COITE);RUA SANDRA GENTIL;;;;Colisão Transversal;Luz do Dia;Bom;Seca;Cruz;Pare;Residencial;0;0;2;1;0;0;1;0;0;0;0;0;-38,468962;-3,794777
276741;23;3;2016;16:40;15144;AV MON TABOSA;AV RUI BARBOSA;;;;Colisão Traseira;Luz do Dia;Bom;Seca;Cruz;Semáforo;Residencial;0;0;2;1;0;0;0;0;0;1;0;0;-38,505696;-3,724441
276748;23;3;2016;09:30;0;AV ALM HENRIQUE SABOIA;;;;;Colisão Traseira;Luz do Dia;Bom;Seca;Meio de Quadra;Não Há Controle;Misto;0;0;2;1;0;0;0;0;0;0;0;0;;
276749;23;3;2016;08:10;23509;RUA ANA GONCALVES;RUA JOSE JUSTA;;;;Atropelamento;Luz do Dia;Bom;Seca;Cruz;Pare;Misto;0;1;1;1;0;0;0;0;0;0;0;0;-38,508492;-3,759173
276745;23;3;2016;07:15;0;RUA DA SAUDADE;;;;;Colisão Traseira;Luz do Dia;Bom;Molhada;Meio de Quadra;Não Há Controle;Comercial;0;0;2;1;0;0;0;0;0;0;0;0;;
276754;23;3;2016;17:00;0;AV COS GOMES DE FREITAS (SAPIRANGA/COITE);;;;;Colisão Lateral;Luz do Dia;Bom;Seca;Meio de Quadra;Pare;Residencial;0;0;2;1;0;0;0;0;0;1;0;0;;
276758;23;3;2016;14:00;25601;AV PRS JUSCELINO KUBITSCHEK (PASSARÉ);RUA CACHOEIRINHA;;;;Colisão Traseira;Luz do Dia;Bom;Seca;Cruz;Pare;Residencial;0;1;1;1;0;0;0;0;0;0;0;0;-38,528666;-3,812182
276771;23;3;2016;20:20;15973;AV GODOFREDO MACIEL;RUA GAL ONOFRE;;;;Colisão Frontal;Via Iluminada;Bom;Seca;T;Não Há Controle;Comercial;0;0;3;1;0;0;0;0;0;0;0;0;-38,573268;-3,807218
276773;23;3;2016;20:45;19669;RUA PRO RAIMUNDO ARRUDA;RUA GUSTAVO SAMPAIO;;;;Colisão Transversal;Via Iluminada;Bom;Seca;Cruz;Pare;Misto;0;1;1;1;0;0;0;0;0;1;0;0;-38,551915;-3,734328
276709;23;3;2016;19:40;15142;AV MON TABOSA;RUA MON BRUNO;;;;Colisão Transversal;;Bom;;Cruz;Pare;;0;1;1;0;0;0;0;0;0;1;0;0;-38,506833;-3,724369
276710;23;3;2016;07:40;5259;RUA SENA MADUREIRA;RUA POCINHO;;;;Colisão Lateral;Luz do Dia;Bom;Seca;Duplo T;Semáforo;Comercial;0;0;2;1;0;0;0;0;0;1;0;0;-38,525841;-3,728162
276719;23;3;2016;19:00;5374;AV DUQ CAXIAS;RUA BAR RIO BRANCO;;;;Colisão Transversal;Anoitecer;Bom;Seca;Cruz;Semáforo;Comercial;0;0;2;1;0;0;0;0;0;0;0;0;-38,529947;-3,731774
276722;23;3;2016;17:50;9147;RUA DOM SEBASTIAO LEME;RUA CARLOS RIBEIRO;;;;Colisão Transversal;Anoitecer;Bom;Seca;Cruz;Pare;Residencial;0;0;2;1;0;0;0;0;0;0;0;0;-38,526198;-3,7465
276717;23;3;2016;09:30;0;RUA VALPARAISO;;;;;Choque c/ Obstáculo Fixo;Luz do Dia;Bom;Seca;Meio de Quadra;Outros;Industrial;1;0;0;0;0;0;0;0;1;0;0;0;-38,53657;-3,836072
276730;23;3;2016;09:10;0;RUA CEL MATOS DOURADO;;;228;;Choque c/ Obstáculo Fixo;Luz do Dia;Bom;Seca;Meio de Quadra;Pare;Comercial;0;0;1;0;0;0;0;0;0;1;0;0;-38,585213;-3,740878
278599;23;3;2016;16:12;0;RD CE-040;;;;KM-14;Colisão;Luz do Dia;Bom;Seca;Meio de Quadra;;;0;0;2;1;0;0;1;0;0;0;0;0;;
278601;23;3;2016;18:30;0;AV SEN CARLOS JEREISSATI (AEROPORTO);;;;KM 01;Colisão;Anoitecer;Bom;Seca;Meio de Quadra;;;0;0;2;1;0;0;0;0;0;0;0;0;-38,52685;-3,783753
283735;23;3;2016;18:22;0;AV FRE CIRILO;;;3500;HOSPITAL CORACAO;Colisão;Anoitecer;;;Meio de Quadra;;;0;0;2;0;0;0;0;0;0;0;0;0;-38,498483;-3,814894
276129;23;3;2016;19:30;0;RD BR 116;;;500;KM-07;Colisão;Via Iluminada;Bom;Seca;Meio de Quadra;;;1;0;1;0;0;1;0;0;0;0;0;0;-38,50135403;-3,814567428
280392;23;3;2016;07:56;1586;RUA FONSECA LOBO;AV PDE ANTONIO TOMAS;;;;Colisão;Luz do Dia;;;Cruz;Pare;Residencial;0;0;2;1;1;0;0;0;0;0;0;0;-38,490871;-3,743025
280497;23;3;2016;14:09;0;RUA CESAR FONTENELE;;;;;Colisão;Luz do Dia;;;Meio de Quadra;;;0;0;2;1;0;0;1;0;0;0;0;0;;
280498;23;3;2016;16:03;0;AV EDILSON B SOARES;;;;;Colisão;Luz do Dia;;;Meio de Quadra;;;0;0;2;1;0;0;0;0;0;0;0;0;;
280500;23;3;2016;17:41;0;AV PRS CASTELO BRANCO;;;;;Colisão;Anoitecer;;;Meio de Quadra;;;0;0;2;1;0;0;0;0;0;0;0;0;;
281535;23;3;2016;00:34;0;AV DES GONZAGA;;;774;;Queda;;;;Meio de Quadra;;;0;1;0;0;0;1;0;0;0;0;0;0;;
281536;23;3;2016;00:57;0;AV ZEZE DIOGO;;;487;;Queda;;;;Meio de Quadra;;;0;1;0;0;0;0;0;0;0;1;0;0;-38,467232;-3,71154
281547;23;3;2016;01:34;25000;AV DOM MANUEL;RUA COSTA BARROS;;;;Colisão;;;;Cruz;Semáforo;Residencial;0;1;0;1;0;0;0;0;0;1;0;0;-38,520793;-3,727381
281581;23;3;2016;03:07;0;AV DOS EXPEDICIONARIOS;;;8792;;Capotamento;;;;Meio de Quadra;;;0;1;0;1;0;0;0;0;0;0;0;0;;
281571;23;3;2016;02:23;19684;RUA GUSTAVO SAMPAIO;RUA COS ALVARO DE OLIVEIRA;;;;Colisão;;;;Cruz;Pare;Residencial;0;1;0;1;0;0;0;0;0;1;0;0;-38,556318;-3,735235
281558;23;3;2016;02:02;0;AV CESAR CALS;;;280;;Colisão;;;;Meio de Quadra;;;0;1;0;1;0;0;0;0;0;1;0;0;-38,464611;-3,720563
281593;23;3;2016;08:36;0;RUA TEBAS;;;5;;Queda;Luz do Dia;;;Meio de Quadra;;;0;2;0;0;0;1;0;0;0;0;0;0;;
281599;23;3;2016;10:14;7633;AV CARNEIRO DE MENDONCA;RUA RIO GRANDE DO SUL;;;;Colisão;Luz do Dia;;;Cruz;Semáforo;Misto;0;1;0;0;0;0;0;0;0;0;0;0;-38,570011;-3,762374
281591;23;3;2016;07:57;0;RUA BAIXA DO MILAGRE;;;3490;;Colisão;Luz do Dia;;;Meio de Quadra;;;0;1;0;1;0;0;0;0;0;1;0;0;-38,602142;-3,732652
281578;23;3;2016;02:56;0;RUA PEDRO DANTAS;;;586;;Colisão;;;;Meio de Quadra;;;0;1;0;1;0;0;0;0;0;1;0;0;;
281583;23;3;2016;04:00;0;AV PERIMETRAL;;;228;;Queda;;;;Meio de Quadra;;;0;1;0;0;0;0;0;0;0;1;0;0;;
281584;23;3;2016;07:10;0;AV AGUANAMBI;;;;;Colisão;Luz do Dia;;;Meio de Quadra;;;0;2;0;1;0;0;0;0;0;1;0;0;;
281604;23;3;2016;10:32;0;AV PRS JUSCELINO KUBITSCHEK (PASSARÉ);;;3500;;Colisão;Luz do Dia;;;Meio de Quadra;;;0;1;0;1;0;0;0;0;0;1;0;0;;
281619;23;3;2016;11:14;25237;RUA PRISCO BEZERRA;RUA EMIDIO LOBO;;;;Capotamento;Luz do Dia;;;Cruz;Não Há Controle;Residencial;0;1;0;1;0;0;0;0;0;0;0;0;-38,470085;-3,738255
281620;23;3;2016;11:25;0;AV E CJ CEARA;;;268;;Colisão;Luz do Dia;;;Meio de Quadra;;;0;1;0;0;0;0;0;0;0;0;0;0;-38,606246;-3,759202
281627;23;3;2016;12:00;26265;TV MELUSA;RUA JUVENCIO VASCONCELOS;;;;Colisão;Luz do Dia;;;;;;0;2;0;1;0;0;0;0;0;1;0;0;;
281622;23;3;2016;11:42;0;AV EDUARDO GIRAO;;;199;;Colisão;Luz do Dia;;;Meio de Quadra;;;0;1;0;1;0;0;0;0;0;1;0;0;-38,536874;-3,750696
281632;23;3;2016;12:55;0;AV MAE LISBOA;;;1510;;Atropelamento;Luz do Dia;;;Meio de Quadra;;;0;1;0;1;0;0;0;0;0;0;0;0;-38,465625;-3,807923
281636;23;3;2016;13:51;0;RUA AZEVEDO BOLAO;;;401;;Colisão;Luz do Dia;;;Meio de Quadra;;;0;1;0;0;0;0;0;0;0;0;0;0;-38,548513;-3,734767
281637;23;3;2016;14:32;0;RUA NOSSA SRA DAS GRACAS;;;45;;Atropelamento;Luz do Dia;;;Meio de Quadra;;;0;2;0;0;0;0;0;0;0;1;0;0;-38,548843;-3,711862
281639;23;3;2016;14:33;0;RUA GUILHERME PESSOA;;;807;;Queda;Luz do Dia;;;Meio de Quadra;;;0;1;0;0;0;0;0;0;0;1;0;0;;
281640;23;3;2016;15:24;0;RUA JOSE FACANHA;;;648;;Queda;Luz do Dia;;;Meio de Quadra;;;0;1;0;0;0;0;0;0;0;1;0;0;-38,557178;-3,752216
281642;23;3;2016;15:45;0;RUA OSCAR ARARIPE;;;2319;;Colisão;Luz do Dia;;;Meio de Quadra;;;0;1;0;0;0;0;0;0;0;1;0;0;-38,611882;-3,787152
281643;23;3;2016;15:54;0;RUA SAO FRANCISCO D34;;;971;;Colisão;Luz do Dia;;;Meio de Quadra;;;0;1;0;1;0;0;0;0;0;1;0;0;;
281652;23;3;2016;17:58;0;RUA ARMANDO MONTEIRO;;;1427;;Colisão;Anoitecer;;;Meio de Quadra;;;0;1;0;1;0;0;0;0;0;1;0;0;;
281653;23;3;2016;18:21;0;RUA EUCLIDES O DE SOUSA;;;923;;Colisão;Anoitecer;;;Meio de Quadra;;;0;1;0;1;0;0;0;0;0;1;0;0;;
281649;23;3;2016;16:59;0;RUA PORTO VELHO;;;398;;Colisão;Luz do Dia;;;Meio de Quadra;;;0;2;0;1;0;0;0;0;0;1;0;0;-38,584373;-3,767398
281654;24;3;2016;01:34;0;AV OLIVEIRA PAIVA;;;;;Colisão;;;;Meio de Quadra;;;0;1;0;1;0;0;0;0;0;1;0;0;;
281661;24;3;2016;01:41;0;RUA DA SAUDADE (MONTESE);;;122;;Colisão;;;;Meio de Quadra;;;0;1;0;0;0;0;0;0;0;0;0;0;-38,543824;-3,770398
281662;24;3;2016;02:17;0;RUA PERU;;;370;;Colisão;;;;Meio de Quadra;;;0;1;0;0;0;0;0;0;0;0;0;0;-38,550348;-3,770836
281664;24;3;2016;02:48;0;AV ALBERTO CRAVEIRO;;;2505;;Colisão;;;;Meio de Quadra;;;0;1;0;1;0;0;0;0;0;1;0;0;-38,520758;-3,802234
281665;24;3;2016;03:18;0;RUA PIRAJUI;;;992;;Colisão;;;;Meio de Quadra;;;0;1;0;0;0;0;0;0;0;0;0;0;;
281667;24;3;2016;03:22;0;RUA CON DE CASTRO;;;4500;;Colisão;;;;Meio de Quadra;;;0;1;0;1;0;0;0;0;0;1;0;0;-38,591738;-3,804822
281672;24;3;2016;03:57;5328;AV DUQ CAXIAS;AV TRISTAO GONCALVES;;;;Colisão;;;;Cruz;Semáforo;Comercial;0;1;0;0;0;0;0;0;0;0;0;0;-38,534196;-3,7304
281688;24;3;2016;04:08;0;AV JOR THOMAZ COELHO;;;35;;Colisão;;;;Meio de Quadra;;;0;2;0;0;0;0;0;0;0;0;0;0;;
281689;24;3;2016;04:40;0;RUA CON DE CASTRO;;;1500;;Atropelamento;;;;Meio de Quadra;;;0;1;0;0;0;0;0;0;0;1;0;0;;
281690;24;3;2016;06:57;0;AV PERIMETRAL;;;531;;Colisão;Luz do Dia;;;Meio de Quadra;;;0;1;2;1;0;0;0;0;0;1;0;0;;
281694;24;3;2016;07:21;0;AV DOMINGOS OLIMPIO;;;1637;;Colisão;Luz do Dia;;;Meio de Quadra;;;0;1;0;1;0;0;0;0;0;1;0;0;-38,538082;-3,734345
281695;24;3;2016;07:24;0;RUA ANTONIO COSTA MENDES;;;531;;Colisão;Luz do Dia;;;Meio de Quadra;;;0;1;0;1;0;0;0;0;0;1;0;0;;
281701;24;3;2016;08:08;20037;RUA OITICICAS;AV PALESTINA D68;;;;Colisão;Luz do Dia;;;Cruz;Pare;Residencial;0;1;0;1;0;0;0;0;0;1;0;0;-38,536013;-3,806077
281702;24;3;2016;09:36;0;RUA 23 DE JUNHO;;;188;;Colisão;Luz do Dia;;;Meio de Quadra;;;0;1;0;0;0;0;0;0;0;1;0;0;;
281697;24;3;2016;07:28;14449;RUA DEMOCRITO ROCHA;RUA JOSE CANDIDO D08;;;;Colisão;Luz do Dia;;;Cruz;Pare;Residencial;0;1;0;1;0;0;0;0;0;1;0;0;-38,550628;-3,726149
281699;24;3;2016;07:55;0;RUA JOSE MOREIRA;;;25;;Colisão;Luz do Dia;;;Meio de Quadra;;;0;1;0;0;0;0;0;0;0;0;0;0;;
281705;24;3;2016;10:17;0;RUA VALPARAISO;;;715;;Colisão;Luz do Dia;;;Meio de Quadra;;;0;1;0;0;0;0;0;0;0;0;0;0;-38,526468;-3,843658
281714;24;3;2016;11:57;0;AV JOR THOMAZ COELHO;;;;;Atropelamento;Luz do Dia;;;Meio de Quadra;;;0;1;0;0;0;0;0;0;0;1;0;0;;
281729;24;3;2016;12:29;19673;RUA PRO ANACLETO;RUA GUSTAVO SAMPAIO;;;;Colisão;Luz do Dia;;;Cruz;Não Há Controle;Residencial;0;1;0;1;0;0;0;0;0;1;0;0;-38,55299;-3,734546
281726;24;3;2016;11:59;7776;RUA BARBOSA DE FREITAS;RUA HENRIQUETA GALENO;;;;Colisão;Luz do Dia;;;;;;0;1;0;1;0;0;0;0;0;1;0;0;-38,500101;-3,74511
281753;24;3;2016;15:00;5965;AV C CJ CEARA;AV F CJ CEARA;;;;Colisão;Luz do Dia;;;T;Pare;Misto;0;1;0;1;0;0;0;0;0;1;0;0;;
281743;24;3;2016;14:56;0;RUA CIDADE ECOLOGICA;;;;;Colisão;Luz do Dia;;;Meio de Quadra;;;0;1;0;1;0;0;0;0;0;1;0;0;;
281735;24;3;2016;14:09;11339;AV BENJAMIM BRASIL;AV GODOFREDO MACIEL;;;;Colisão;Luz do Dia;;;Cruz;Semáforo;Comercial;0;1;0;1;0;0;0;0;0;1;0;0;-38,57204;-3,803264
281736;24;3;2016;14:20;0;AV GODOFREDO MACIEL;;;;;Colisão;Luz do Dia;;;Meio de Quadra;;;0;1;0;1;0;0;0;0;0;1;0;0;;
281757;24;3;2016;15:48;0;RUA STA LUCRECIA;;;1489;;Queda;Luz do Dia;;;Meio de Quadra;;;0;1;0;0;0;0;0;0;0;1;0;0;;
281758;24;3;2016;16:07;2730;RUA OSCAR FRANCA;RUA VALVERDE;;;;Colisão;Luz do Dia;;;Cruz;Não Há Controle;Residencial;0;1;0;1;0;0;0;0;0;1;0;0;-38,604089;-3,790445
281759;24;3;2016;16:24;18874;AV C CJ HAB ST SAO JOAO;RUA 42 CJ HAB ST S JOAO;;;;Colisão Transversal;Luz do Dia;;;;;;1;1;0;0;0;0;0;0;0;1;0;0;-38,513522;-3,851035
281760;24;3;2016;16:51;0;RUA ANA NERY;;;222;;Colisão;Luz do Dia;;;Meio de Quadra;;;0;1;0;1;0;0;0;0;0;1;0;0;-38,541776;-3,754041
281773;24;3;2016;18:23;0;RD BR 116;;;9701;VIADUTO MESSEJANA;Colisão;Anoitecer;;;Meio de Quadra;;;0;1;0;1;0;0;0;0;0;1;0;0;-38,504803;-3,831154
281775;24;3;2016;18:51;738;RUA DNA MENDINHA;AV FRANCISCO SA;;;;Colisão;;;;Cruz;Pare;Residencial;0;2;0;1;0;0;0;0;0;1;0;0;-38,571238;-3,712666
281768;24;3;2016;17:27;0;AV CASTELO DE CASTRO;;;;;Atropelamento;Anoitecer;;;Meio de Quadra;;;0;1;0;0;0;0;0;0;0;1;0;0;;
281766;24;3;2016;17:09;12558;RUA ANTONIO ARRUDA;RUA CARLOS GONDIM;;;;Colisão;Anoitecer;;;Cruz;;Residencial;0;1;0;1;0;0;0;0;0;1;0;0;-38,593953;-3,719958
281777;24;3;2016;19:03;0;AV SEN FERNANDES TAVORA;;;2433;;Queda;;;;Meio de Quadra;;;0;1;0;0;0;0;0;0;0;1;0;0;-38,594468;-3,755837
281778;24;3;2016;19:06;10053;RUA OLIVEIRA SOBRINHO;RUA TAUBATE;;;;Colisão;;;;Cruz;Não Há Controle;Residencial;0;1;0;1;0;0;0;0;0;1;0;0;-38,598381;-3,779404
281779;24;3;2016;19:07;0;RUA URUCUTUBA;;;1268;;Queda;;;;Meio de Quadra;;;0;1;0;0;0;0;0;0;0;1;0;0;-38,605944;-3,797294
281782;24;3;2016;19:19;0;RUA DO GUAJIRU D56;;;190;;Queda;;;;Meio de Quadra;;;0;2;0;0;0;0;0;0;0;1;0;0;-38,508483;-3,781205
276852;24;3;2016;00:45;8014;RUA PRO COSTA MENDES;RUA MACHADO DE ASSIS;;;;Colisão Frontal;Via Iluminada;Bom;Seca;Cruz;Semáforo;Residencial;0;0;2;1;0;0;0;0;0;0;0;0;-38,550288;-3,751652
276854;24;3;2016;14:10;0;AV ENG ALBERTO SA;;;;;Colisão Traseira;Luz do Dia;Bom;Seca;Meio de Quadra;Pare;Comercial;0;0;3;1;0;0;0;0;0;0;0;0;;
276857;24;3;2016;14:00;25519;AV GOV RAUL BARBOSA;AV ALM HENRIQUE SABOIA;;;;Colisão Traseira;Luz do Dia;Bom;Seca;;Não Há Controle;Comercial;0;0;2;1;0;0;0;0;0;0;0;0;-38,50458;-3,758466
276858;24;3;2016;06:25;0;AV FRE CIRILO;;;4561;;Colisão Traseira;;Bom;Seca;Meio de Quadra;Não Há Controle;Residencial;0;1;1;1;0;0;0;0;0;1;0;0;-38,494733;-3,82347
276859;24;3;2016;14:04;0;AV OLIVEIRA PAIVA;;;;;Colisão Transversal;Luz do Dia;Bom;Seca;Meio de Quadra;Semáforo;Comercial;0;0;2;1;0;0;0;0;0;1;0;0;;
276860;24;3;2016;09:40;0;RUA ANTONIO POMPEU;;;;;Colisão Lateral;Luz do Dia;Bom;Seca;Meio de Quadra;Não Há Controle;Comercial;0;0;2;1;0;0;1;0;0;0;0;0;;
276869;24;3;2016;09:40;6727;RUA DES WALDETARIO P MOTA;RUA DR GILBERTO STUDART;;;;Colisão Lateral;Luz do Dia;Bom;Seca;Cruz;Pare;Residencial;0;1;1;0;0;0;0;0;0;1;0;0;-38,484239;-3,742559
276870;24;3;2016;12:10;0;AV PRS CASTELO BRANCO;;;;;Colisão Traseira;Luz do Dia;Bom;Seca;Meio de Quadra;Outros;Residencial;0;0;2;1;0;0;0;0;0;0;0;0;;
276863;24;3;2016;14:30;5081;RUA CASTRO E SILVA;RUA VINTE E QUATRO DE MAIO;;;;Colisão Transversal;Luz do Dia;Bom;Seca;Cruz;Não Há Controle;Comercial;0;1;1;0;1;0;0;0;0;1;0;0;-38,530653;-3,722746
276867;24;3;2016;14:20;5338;RUA PINTO MADEIRA;RUA VINTE E CINCO DE MARCO;;;;Outros;Luz do Dia;Bom;Seca;Cruz;Pare;Residencial;0;0;2;1;0;0;0;0;0;0;0;0;-38,522925;-3,730648
276872;24;3;2016;15:00;0;AV DEP PAULINO ROCHA;;;;;Colisão Lateral;Luz do Dia;Bom;Seca;Meio de Quadra;Não Há Controle;Comercial;0;0;2;0;1;0;0;0;0;0;0;0;;
276884;24;3;2016;14:20;19721;RUA AMADEU FURTADO;RUA GUSTAVO SAMPAIO;;;;Colisão Lateral;Luz do Dia;Bom;Seca;Cruz;;Residencial;0;0;2;1;0;0;0;0;0;0;0;0;-38,563828;-3,736786
280501;24;3;2016;15:30;0;RUA TEN BENEVOLO;;;;;Colisão;Luz do Dia;;;Meio de Quadra;;;0;0;2;1;0;0;0;0;0;0;0;0;;
280503;24;3;2016;10:10;0;TR ALBERTO MAGNO;;;;;Colisão;Luz do Dia;;;Meio de Quadra;;;0;0;2;1;0;0;0;0;0;0;0;0;;