COD_ACIDENTE;DIA;MES;ANO;HORA;INTERSECAO;LOG1;LOG2;LOG3;NUMERO;REFERENCIA;NATUREZA;ILUMINACAO;TEMPO;SUPERFICIEPISTA;TIPOCRUZAMENTO;CONTROLETRAFEGO;USOSOLO;MORTOS;FERIDOS;ILESOS;AUTOMOVEL;ONIBUS;BICICLETA;CAMINHAO;MICROONIBUS;CICLOMOTOR;MOTOCICLETA;TRACAOANIMAL;TREM;LONG;LAT
276132;24;3;2016;15:40;0;RD BR 116;;;4000;KM-04;Colisão;Luz do Dia;Bom;Seca;Meio de Quadra;;;0;0;2;0;1;0;0;0;0;0;0;0;-38,510646;-3,788331
276178;24;3;2016;07:30;0;RD BR 222;;;800;KM-02;Colisão Traseira;Luz do Dia;Bom;Seca;Meio de Quadra;;;0;0;3;1;1;0;0;0;0;0;0;0;-38,58704;-3,739009
276134;24;3;2016;19:50;0;RD BR 116;;;400;KM-15;Atropelamento;Via Iluminada;Bom;Seca;Meio de Quadra;;;0;1;1;1;0;0;0;0;0;0;0;0;-38,50122404;-3,883427193
276137;24;3;2016;22:20;0;RD BR 116;;;7000;KM-07;Colisão Frontal;Via Iluminada;Bom;Seca;Meio de Quadra;;;0;2;1;1;0;0;0;0;0;1;0;0;-38,501101;-3,813246
283831;24;3;2016;20:46;0;RUA GERMANO FRANCK;;;267;;;;;;Meio de Quadra;;;0;0;2;0;1;0;0;0;0;0;0;0;-38,559139;-3,774825
283799;24;3;2016;14:45;0;AV PERIMETRAL;;;1740;;Colisão;Luz do Dia;;;Meio de Quadra;;;0;0;2;0;0;0;0;0;0;0;0;0;;
283778;24;3;2016;08:07;0;AV AUGUSTO DOS ANJOS;;;220;;Colisão;Luz do Dia;;;Meio de Quadra;;;0;0;3;0;0;0;0;0;0;0;0;0;-38,571122;-3,771276
276824;24;3;2016;09:40;0;RUA DR JUSTA ARAUJO D45;;;;;Colisão;Luz do Dia;Bom;Seca;Meio de Quadra;;Residencial;0;0;2;1;0;0;0;0;0;0;0;0;;
276814;24;3;2016;10:10;0;AV VIS RIO BRANCO;;;;;Colisão Lateral;Luz do Dia;Bom;Seca;Meio de Quadra;Semáforo;Comercial;0;0;2;1;0;0;0;0;0;0;0;0;;
276819;24;3;2016;04:20;0;AV BEIRA MAR;;;;;Colisão Traseira;Via Iluminada;Bom;Seca;Meio de Quadra;Não Há Controle;Residencial;0;0;2;1;0;0;1;0;0;0;0;0;;
276839;24;3;2016;10:30;0;AV JOSE BASTOS;;;;;Atropelamento;Luz do Dia;Bom;Seca;Meio de Quadra;Não Há Controle;Comercial;0;1;1;0;0;0;0;0;0;1;0;0;;
276834;24;3;2016;15:00;5436;RUA GAL CLARINDO DE QUEIROZ;RUA JAIME BENEVOLO;;;;Colisão Transversal;Luz do Dia;Bom;Seca;Cruz;Pare;Comercial;0;1;1;0;0;0;0;0;0;1;0;0;-38,526017;-3,73406
276841;24;3;2016;09:50;0;RUA TEN JURANDIR ALENCAR;;;;;Atropelamento;Luz do Dia;Bom;Seca;Meio de Quadra;Não Há Controle;Comercial;0;1;1;0;0;0;0;0;0;1;0;0;;
276845;24;3;2016;12:40;23045;RUA MALMEQUER;AV DR SILAS MUNGUBA;;;;Colisão Transversal;Luz do Dia;Bom;Seca;Cruz;Semáforo;Comercial;0;1;1;1;0;0;0;0;0;1;0;0;-38,538571;-3,79098
276848;24;3;2016;11:50;0;AV ENG HUMBERTO MONTE;;;2677;;Colisão Lateral;Luz do Dia;Bom;Seca;Outros;;Comercial;0;2;0;0;0;0;0;0;0;1;0;0;;
276851;24;3;2016;08:15;19583;RUA CON DE CASTRO;RUA NEREU RAMOS;;;;Colisão Lateral;Luz do Dia;Bom;Seca;Cruz;Pare;Comercial;0;0;2;1;0;0;0;0;0;1;0;0;-38,573285;-3,78482
284920;24;3;2016;09:39;0;RUA JURANDIR L ALENCAR;;;;;Atropelamento;Luz do Dia;;;Meio de Quadra;;;0;1;1;0;0;0;0;0;0;0;0;0;;
284921;24;3;2016;15:58;16282;RUA ANTONIO BARBOSA;RUA CEL QUEIROZ;;;;Atropelamento;Luz do Dia;;;;;;0;1;1;0;0;0;0;0;0;0;0;0;-38,565918;-3,83477
284922;24;3;2016;19:20;21801;RUA GONCALO BEZERRA;RUA DEP MATOSO FILHO;;;;Atropelamento;;;;Cruz;Pare;Residencial;0;1;1;0;0;0;0;0;0;0;0;0;-38,585256;-3,73014
291100;24;3;2016;22:15;5135;RUA SAO PAULO;AV TRISTAO GONCALVES;;;;Colisão Frontal;Via Iluminada;Bom;Seca;Cruz;Semáforo;Comercial;0;0;2;1;0;0;0;0;0;0;0;0;-38,532395;-3,724419
276844;25;3;2016;19:30;0;RUA EMILIO DE MENESES;;;727;;Choque c/ Obstáculo Fixo;;;;Meio de Quadra;;;0;0;2;1;0;0;0;0;0;0;0;0;-38,588155;-3,781539
276785;25;3;2016;01:30;0;AV PRS COSTA E SILVA;;;;CHESF;Capotamento;Não Iluminada;Bom;Seca;Meio de Quadra;Não Há Controle;Comercial;0;1;1;1;0;0;0;0;0;1;0;0;;
283838;25;3;2016;18:01;0;AV PRS COSTA E SILVA;;;;CHESF;Choque c/ Obstáculo Fixo;Anoitecer;;;Meio de Quadra;;;0;0;1;0;0;0;0;0;0;0;0;0;;
278618;25;3;2016;13:30;0;RD CE-040;;;;KM-10;Colisão;Luz do Dia;Bom;Seca;Meio de Quadra;;;0;0;2;1;0;0;1;0;0;0;0;0;-38,482466;-3,834451
278621;25;3;2016;17:10;0;RD CE-040;;;;KM-10;Queda;Anoitecer;Bom;Seca;Meio de Quadra;;;0;1;1;0;0;0;0;0;0;1;0;0;-38,482466;-3,834451
280504;25;3;2016;11:22;0;AV ABOLICAO;;;;;Colisão;Luz do Dia;;;Meio de Quadra;;;0;0;2;1;0;0;0;0;0;0;0;0;;
280711;25;3;2016;11:31;0;RUA URUCUTUBA;;;2012;;Colisão;Luz do Dia;;;Meio de Quadra;;;0;1;1;1;0;0;0;0;0;1;0;0;-38,614768;-3,798593
280692;25;3;2016;07:11;9567;RUA SGT JOAO PINHEIRO;RUA CEL FABRICIANO;;;;Colisão;Luz do Dia;;;Cruz;Não Há Controle;Residencial;0;1;1;1;0;0;0;0;0;1;0;0;-38,621724;-3,778965
280706;25;3;2016;08:43;9805;RUA TUCUNDURA;RUA SGT BARBOSA;;;;Queda;Luz do Dia;;;;;;0;1;0;0;0;0;0;0;0;1;0;0;-38,62214;-3,792969
280707;25;3;2016;09:37;0;RUA RIO TOCANTINS;;;1046;;Colisão;Luz do Dia;;;Meio de Quadra;;;0;1;1;1;0;0;0;0;0;1;0;0;-38,581334;-3,724865
280708;25;3;2016;11:00;0;AV PERIMETRAL;;;;;Colisão;Luz do Dia;;;Meio de Quadra;;;0;1;2;1;0;0;0;0;0;0;0;0;;
280709;25;3;2016;11:13;0;RD DR MENDEL STEINBRUCH;;;;;Colisão;Luz do Dia;;;Meio de Quadra;;;0;1;2;1;0;0;0;0;0;1;0;0;;
280694;25;3;2016;08:40;0;RUA FRANCISCO GLICERIO;;;749;;Colisão;Luz do Dia;;;Meio de Quadra;;;0;2;0;0;0;0;0;0;0;0;0;0;-38,568822;-3,796258
280675;25;3;2016;00:38;0;AV D CJ JOSE WALTER;;;;;Colisão;;;;Meio de Quadra;;;0;1;2;1;0;0;0;0;0;1;0;0;;
280677;25;3;2016;01:39;0;AV BEZERRA DE MENEZES;;;2152;;Colisão;;;;Meio de Quadra;;;0;1;1;1;0;0;0;0;0;1;0;0;-38,563968;-3,735565
280685;25;3;2016;04:44;0;RUA BERNARDO MANUEL;;;4508;;Colisão;;;;Meio de Quadra;;;0;1;1;1;0;0;0;0;0;1;0;0;;
280687;25;3;2016;05:32;0;AV ABOLICAO;;;;;Colisão;Amanhecer;;;Meio de Quadra;;;0;1;1;1;0;0;0;0;0;1;0;0;;
280682;25;3;2016;02:41;3364;RUA VIRIATO RIBEIRO;RUA PAPI JUNIOR;;;;Colisão;;;;Cruz;Pare;Residencial;0;1;1;0;0;0;0;0;0;1;0;0;-38,55836;-3,753212
280690;25;3;2016;06:09;0;RUA VENEZUELA;;;37;;Queda;Luz do Dia;;;Meio de Quadra;;;0;1;0;0;0;0;0;0;0;1;0;0;-38,548286;-3,764794
280746;25;3;2016;16:59;0;RUA LONDRINA;;;950;;Colisão;Luz do Dia;;;Meio de Quadra;;;0;1;1;1;0;0;0;0;0;1;0;0;-38,59961;-3,782041
280744;25;3;2016;16:55;0;RUA LUCIOLA;;;313;;Queda;Luz do Dia;;;Meio de Quadra;;;0;1;0;0;0;0;0;0;0;1;0;0;;
280730;25;3;2016;14:59;0;AV FRE CIRILO;;;;;Colisão;Luz do Dia;;;Meio de Quadra;;;0;0;2;1;0;0;0;0;0;1;0;0;;
280741;25;3;2016;16:03;0;RUA MARIA CLARA;;;597;;Choque c/ Obstáculo Fixo;Luz do Dia;;;Meio de Quadra;;;0;1;0;0;0;0;0;0;0;0;0;0;-38,583997;-3,725548
280720;25;3;2016;13:11;0;RD BR 116;;;13000;KM-13;Colisão;Luz do Dia;;;Meio de Quadra;;;0;1;0;0;0;0;0;0;0;0;0;0;-38,497727;-3,86467
280728;25;3;2016;14:37;0;RUA BERNARDO MANUEL;;;1431;;Colisão;Luz do Dia;;;Meio de Quadra;;;0;1;0;0;0;0;0;0;0;0;0;0;;
280722;25;3;2016;13:12;206;RUA PDE PERDIGAO SAMPAIO;RUA TEN QUEIROZ;;;;Colisão;Luz do Dia;;;;;;0;1;1;0;0;0;0;0;0;1;0;0;-38,593846;-3,745568
280725;25;3;2016;14:36;10409;RUA DAS PEDRINHAS;AV GENIBAU;;;;Colisão;Luz do Dia;;;Cruz;Pare;Residencial;0;1;1;1;0;0;0;0;0;1;0;0;-38,599888;-3,760779
280714;25;3;2016;11:58;16983;RUA MARIA GOMES DE SA;RUA AURELIANO LEAL;;;;Colisão;Luz do Dia;;;Cruz;Pare;Misto;0;0;2;1;0;0;0;0;0;1;0;0;-38,584124;-3,823255
280716;25;3;2016;12:24;0;AV PRS COSTA E SILVA;;;;;Queda;Luz do Dia;;;Meio de Quadra;;;0;1;0;0;0;0;0;0;0;1;0;0;;
280717;25;3;2016;12:39;0;RUA TAQUARA D72;;;143;;Queda;Luz do Dia;;;Meio de Quadra;;;0;1;0;0;0;0;0;0;0;1;0;0;-38,562617;-3,839326
280718;25;3;2016;12:54;0;RUA ITAMARATI;;;318;;Colisão;Luz do Dia;;;Meio de Quadra;;;0;1;0;0;0;0;0;0;0;0;0;0;;
276855;25;3;2016;20:30;0;AV DEP PAULINO ROCHA;;;3003;;Colisão;;;;Meio de Quadra;;;0;1;1;1;0;1;0;0;0;0;0;0;;
276880;25;3;2016;15:20;2573;AV FRANCISCO SA;RUA GRACA ARANHA;;;;Colisão Transversal;Luz do Dia;;;Cruz;Pare;Residencial;0;2;0;0;0;0;0;0;0;1;0;0;-38,574359;-3,711611
276853;25;3;2016;17:30;0;AV SGT HERMINIO SAMPAIO;;;4270;;Atropelamento;Anoitecer;;;Meio de Quadra;;;0;1;1;1;0;0;0;0;0;0;0;0;-38,578291;-3,731137
277015;25;3;2016;15:15;11285;RUA FRANCISCO GLICERIO;RUA CARLOS STUDART;;;;Colisão Transversal;Luz do Dia;;;Cruz;Pare;Comercial;0;1;1;1;0;0;0;0;0;0;0;0;-38,5689;-3,796234
277021;25;3;2016;19:10;0;RUA PEDRO AGUIAR;;;354;;Colisão Lateral;;;;Meio de Quadra;;;0;0;2;1;0;0;0;0;0;0;0;0;-38,546515;-3,797648
276989;25;3;2016;11:30;0;RUA JARDIM FLUMINENSE;;;21;;Colisão Traseira;Luz do Dia;;;Meio de Quadra;;;0;0;2;1;0;0;0;0;0;0;0;0;;
277000;25;3;2016;00:40;0;RUA TORRES CAMARA;;;314;;Choque c/ Obstáculo Fixo;;;;Meio de Quadra;;;0;1;0;1;0;0;0;0;0;0;0;0;-38,508333;-3,735188
277002;25;3;2016;09:37;0;AV PRS JUSCELINO KUBITSCHEK (PASSARÉ);;;3740;;Colisão Traseira;Luz do Dia;;;Meio de Quadra;;;0;2;1;1;0;0;0;0;1;0;0;0;;
276983;25;3;2016;13:20;329;RUA ALEXANDRE BARAUNA;RUA FRANCISCA CLOTILDE;;;;Colisão Transversal;Luz do Dia;;;Cruz;Pare;Residencial;0;1;1;1;0;1;0;0;0;0;0;0;-38,554975;-3,745033
276977;25;3;2016;15:40;0;RUA CEL MATOS DOURADO;;;416;;Colisão Traseira;Luz do Dia;;;Meio de Quadra;;;0;0;2;1;0;0;0;0;0;0;0;0;-38,585089;-3,742567
276961;25;3;2016;15:05;7976;AV JOAO PESSOA;RUA MAJ WEYNE;;;;Colisão Transversal;Luz do Dia;;;Cruz;Semáforo;Misto;0;0;2;1;0;0;0;0;0;0;0;0;-38,545334;-3,747841
276955;26;3;2016;19:00;17462;AV ABOLICAO;AV BEIRA MAR;;;;Colisão Lateral;Luz do Dia;Bom;Seca;Cruz;Semáforo;Comercial;0;0;2;1;0;0;1;0;0;0;0;0;-38,478759;-3,721576
276956;26;3;2016;19:30;3779;RUA ANTONIO POMPEU;RUA VINTE E QUATRO DE MAIO;;;;Colisão Transversal;Via Iluminada;Bom;Seca;Cruz;Pare;Comercial;0;1;1;1;0;0;0;0;0;0;0;0;-38,534186;-3,733667
276951;26;3;2016;10:15;13777;RUA LUIZA MIRANDA COELHO;RUA CAIO CID;;;;Queda;Luz do Dia;Bom;Seca;Cruz;Pare;Residencial;0;1;1;0;0;0;0;0;0;1;0;0;-38,485263;-3,775516
276952;26;3;2016;08:00;10819;RUA PRO HERIBALDO COSTA;RUA GOIANIA;;;;Colisão Transversal;Luz do Dia;Nublado;Seca;Cruz;Pare;Escola;0;2;0;0;0;0;0;0;0;1;0;0;-38,585962;-3,763983
276953;26;3;2016;15:50;64;RUA MARTINS NETO;RUA PDE PERDIGAO SAMPAIO;;;;Colisão Lateral;Luz do Dia;Bom;Seca;Cruz;Pare;Comercial;0;1;1;0;0;0;1;0;0;1;0;0;-38,594477;-3,741162
276945;26;3;2016;20:10;1566;RUA SILVA PAULET;RUA PDE VALDEVINO;;;;Colisão Traseira;Via Iluminada;Bom;Seca;Cruz;Pare;Residencial;0;0;2;1;0;0;0;0;0;0;0;0;-38,507851;-3,741957
276932;26;3;2016;12:00;5490;AV VIS RIO BRANCO;RUA PDE VALDEVINO;;;;Colisão Traseira;Luz do Dia;Bom;Seca;Cruz;Semáforo;Comercial;0;0;2;1;0;0;0;0;0;0;0;0;-38,523967;-3,736873
276933;26;3;2016;12:00;1490;RUA CEL JUCA;RUA DES LEITE ALBUQUERQUE;;;;Colisão Transversal;Luz do Dia;Bom;Seca;Cruz;Pare;Residencial;0;0;2;1;0;0;0;0;0;0;0;0;-38,491875;-3,739434
276942;26;3;2016;21:50;0;AV BEZERRA DE MENEZES;;;;;Atropelamento;Via Iluminada;Bom;Seca;Meio de Quadra;Não Há Controle;Comercial;0;1;1;0;0;0;0;0;0;1;0;0;;
276937;26;3;2016;16:10;1219;RUA COSTA BARROS;RUA JOAO CORDEIRO;;;;Colisão Transversal;Luz do Dia;Bom;Seca;Cruz;Semáforo;Residencial;0;0;2;1;0;0;0;0;0;0;0;0;-38,514331;-3,729449
276930;26;3;2016;20:50;9359;RUA RIO TOCANTINS;RUA COS LAFAYETE;;;;Colisão Transversal;Via Iluminada;Bom;Seca;Cruz;Não Há Controle;Residencial;0;0;2;0;0;1;0;0;0;1;0;0;-38,580697;-3,718186
276892;26;3;2016;08:42;15211;RUA PAULA BARROS;AV ABOLICAO;;;;Colisão Traseira;;Bom;Seca;;Pare;Comercial;0;0;2;1;0;0;0;0;0;0;0;0;-38,492313;-3,726831
276896;26;3;2016;10:30;5045;RUA SAO PAULO;AV FILOMENO GOMES;;;;Colisão Lateral;Luz do Dia;Nublado;Seca;Cruz;Semáforo;Residencial;0;0;2;1;0;0;0;0;0;0;0;0;-38,5412;-3,721539
276906;26;3;2016;11:30;1394;RUA TORRES CAMARA;RUA TIBURCIO CAVALCANTE;;;;Colisão Transversal;Luz do Dia;Bom;Seca;Cruz;;Residencial;0;1;2;1;0;0;0;0;0;0;0;0;-38,502906;-3,736933
276901;26;3;2016;13:00;0;AV 13 DE MAIO;;;;;Colisão Traseira;Luz do Dia;Bom;Seca;Meio de Quadra;Semáforo;Comercial;0;0;2;1;0;0;0;0;0;1;0;0;;
276914;26;3;2016;07:30;17415;RUA RAUL CABRAL;RUA VENEZUELA;;;;Colisão Transversal;Luz do Dia;Chuva;Molhada;Cruz;Semáforo;Misto;0;0;3;1;0;0;0;0;0;0;0;0;-38,546018;-3,768051
276924;26;3;2016;21:00;0;AV CONTORNO (CASTELÃO);;;;;Colisão Transversal;Via Iluminada;Bom;Seca;Meio de Quadra;Pare;Residencial;0;0;2;1;0;0;0;0;0;0;0;0;;
276920;26;3;2016;10:30;6818;RUA FRANCISCO MATOS;RUA DR GILBERTO STUDART;;;;Colisão Lateral;Luz do Dia;Bom;Seca;Cruz;Pare;Residencial;0;1;1;1;1;0;0;0;0;0;0;0;-38,470191;-3,747084
280785;26;3;2016;06:07;0;RUA VIRIATO RIBEIRO;;;174;;Queda;Luz do Dia;;;Meio de Quadra;;;0;1;0;0;0;1;0;0;0;0;0;0;-38,557064;-3,754515
280778;26;3;2016;02:40;0;RD BR 116;;;3000;KM-03;Queda;;;;Meio de Quadra;;;0;1;0;0;0;0;0;0;0;1;0;0;-38,514372;-3,779838
280779;26;3;2016;03:04;0;AV DOS EXPEDICIONARIOS;;;;;Colisão;;;;Meio de Quadra;;;0;1;1;0;0;0;0;0;0;1;0;0;;
280757;26;3;2016;00:55;0;RUA 69 CJ JOSE WALTER;;;;;Colisão;;;;Meio de Quadra;;;0;1;1;0;0;0;0;0;0;1;0;0;;
280758;26;3;2016;01:58;0;AV CEL CARVALHO;;;100;;Queda;;;;Meio de Quadra;;;0;1;0;0;0;0;0;0;0;1;0;0;-38,591492;-3,703689
280760;26;3;2016;02:33;2320;RUA DOMINGOS DA VEIGA;RUA SEIS COMPANHEIROS;;;;Colisão;;;;Duplo T;Não Há Controle;Residencial;0;1;1;1;0;0;0;0;0;1;0;0;;
280791;26;3;2016;06:39;1394;RUA TIBURCIO CAVALCANTE;RUA TORRES CAMARA;;;;Colisão;Luz do Dia;;;Cruz;;Residencial;0;1;1;1;0;0;0;0;0;0;0;0;-38,502906;-3,736933
280808;26;3;2016;10:44;13285;AV G CJ JOSE WALTER;AV J CJ JOSE WALTER;;;;Queda;Luz do Dia;;;;;;0;1;0;0;0;0;0;0;0;1;0;0;-38,557818;-3,838159
280800;26;3;2016;07:22;0;RUA NUNES FEIJO;;;1534;;Choque c/ Obstáculo Fixo;Luz do Dia;;;Meio de Quadra;;;0;1;1;0;0;0;0;0;0;1;0;0;;
280801;26;3;2016;09:10;0;AV PRS CASTELO BRANCO;;;5892;;Queda;Luz do Dia;;;Meio de Quadra;;;0;1;0;0;0;1;0;0;0;0;0;0;-38,583173;-3,702204
280802;26;3;2016;10:05;0;AV CASTELO DE CASTRO;;;1600;;Colisão;Luz do Dia;;;Meio de Quadra;;;0;2;0;1;0;0;0;0;0;0;0;0;;
280812;26;3;2016;11:07;0;AV GAL OSORIO DE PAIVA;;;100;;Queda;Luz do Dia;;;Meio de Quadra;;;0;1;0;0;0;0;0;0;0;1;0;0;-38,563323;-3,773087
280814;26;3;2016;11:17;0;AV PRS COSTA E SILVA;;;;;Colisão;Luz do Dia;;;Meio de Quadra;;;0;1;1;0;0;0;0;0;0;1;0;0;;
280818;26;3;2016;11:46;0;RUA 1 LT ARVOREDO;;;163;;Colisão;Luz do Dia;;;Meio de Quadra;;;0;1;0;0;0;0;0;0;0;0;0;0;;
280869;26;3;2016;12:18;15315;AV DES MOREIRA;RUA CANUTO DE AGUIAR;;;;Queda;Luz do Dia;;;Cruz;Semáforo;Residencial;0;1;0;0;0;1;0;0;0;0;0;0;-38,496432;-3,730308
280870;26;3;2016;12:20;0;AV C CJ CEARA;;;40;;Colisão;Luz do Dia;;;Meio de Quadra;;;0;1;1;1;0;0;0;0;0;1;0;0;;
280810;26;3;2016;10:53;0;AV ALM TAMANDARE;;;204;;Queda;Luz do Dia;;;Meio de Quadra;;;0;1;1;0;0;0;0;0;0;1;0;0;-38,519898;-3,720064
280900;26;3;2016;17:01;0;AV CEL CARVALHO;;;1236;;Colisão;Anoitecer;;;Meio de Quadra;;;0;1;1;1;0;0;0;0;0;1;0;0;-38,588994;-3,713176
280901;26;3;2016;17:07;0;RUA SERENO;;;115;;Colisão;Anoitecer;;;Meio de Quadra;;;0;0;2;0;0;0;0;0;0;1;0;0;;
280902;26;3;2016;17:13;0;AV CEL CARVALHO;;;1954;;Queda;Anoitecer;;;Meio de Quadra;;;0;1;1;0;0;0;0;0;0;1;0;0;-38,58737;-3,719636
280890;26;3;2016;14:26;0;AV JANGADEIROS (MUCURIPE);;;820;;Colisão;Luz do Dia;;;Meio de Quadra;;;0;1;1;0;0;0;0;0;0;1;0;0;-38,478414;-3,725486
280894;26;3;2016;15:41;0;AV CONTORNO SUL;;;542;;Colisão;Luz do Dia;;;Meio de Quadra;;;0;1;1;1;0;0;0;0;0;1;0;0;;
280884;26;3;2016;14:18;0;RUA 23 DE JUNHO;;;997;;Atropelamento;Luz do Dia;;;Meio de Quadra;;;0;1;1;0;0;0;0;0;0;1;0;0;-38,600637;-3,784025
280885;26;3;2016;14:26;5235;RUA PEDRO PEREIRA;RUA PRC ISABEL;;;;Colisão;Luz do Dia;;;Cruz;Pare;Misto;0;1;1;1;0;0;0;0;0;1;0;0;-38,535705;-3,727353
280879;26;3;2016;13:29;0;RUA MARTINS CARVALHO;;;4398;;Colisão;Luz do Dia;;;;;;0;1;1;1;0;0;0;0;0;1;0;0;-38,62802;-3,788407
280880;26;3;2016;13:38;24369;RUA DOMINGOS JAGUARIBE;RUA ALBERTO MONTEZUMA;;;;Colisão;Luz do Dia;;;Cruz;Pare;Residencial;0;2;1;0;0;0;0;0;0;1;0;0;-38,533453;-3,766452
280882;26;3;2016;14:13;0;AV SIQUEIRA CAMPOS;;;356;;Colisão;Luz do Dia;;;Meio de Quadra;;;0;1;1;1;0;0;0;0;0;1;0;0;-38,62106;-3,81943
280907;26;3;2016;19:19;0;RUA PDE ANTONINO;;;57;;Queda;;;;Meio de Quadra;;;0;1;0;0;0;1;0;0;0;0;0;0;;
280905;26;3;2016;18:00;0;AV MAE LISBOA;;;;;Queda;Anoitecer;;;Meio de Quadra;;;0;1;0;0;0;0;0;0;0;1;0;0;;
280898;26;3;2016;16:18;9359;RUA RIO TOCANTINS;RUA COS LAFAYETE;;;;Colisão;Luz do Dia;;;Cruz;Não Há Controle;Residencial;0;1;0;0;0;0;0;0;0;0;0;0;-38,580697;-3,718186
276141;26;3;2016;04:00;0;RD BR 116;;;500;KM-06;Choque c/ Obstáculo Fixo;Via Iluminada;Chuva;Molhada;Meio de Quadra;;;0;0;1;1;0;0;0;0;0;0;0;0;-38,50238198;-3,805924279
276143;26;3;2016;12:45;0;RD BR 116;;;13000;KM-13;Colisão Traseira;Luz do Dia;Bom;Seca;Meio de Quadra;;;0;0;3;1;0;0;0;0;0;0;0;0;-38,497727;-3,86467
276180;26;3;2016;13:40;0;RD BR 222;;;900;KM-02;Colisão Lateral;Luz do Dia;Bom;Seca;Meio de Quadra;;;0;0;2;1;0;0;0;0;0;0;0;0;-38,58704;-3,739009
278622;26;3;2016;10:00;0;RD CE-040;;;;KM-10;Colisão;Luz do Dia;Bom;Seca;Meio de Quadra;;;0;0;2;1;0;0;0;0;0;0;0;0;-38,482466;-3,834451
278628;26;3;2016;10:30;0;RD CE-025;;;;KM-08;Colisão;Luz do Dia;Bom;Seca;Meio de Quadra;;;0;0;3;1;0;0;0;0;0;0;0;0;-38,418615;-3,82468
284928;26;3;2016;18:12;0;RUA CARLOS WALRAVEN;;;277;;Atropelamento;Anoitecer;;;Meio de Quadra;;;0;1;1;0;0;0;0;0;0;0;0;0;-38,591209;-3,720016
285392;26;3;2016;22:00;26176;AV ODILON GUIMARAES;RUA AFONSO HENRIQUE;;;;Colisão;;;;T;Pare;Comercial;0;1;1;0;1;0;0;0;0;0;0;0;-38,48033;-3,82672
278630;27;3;2016;09:40;1125;AV WASHINGTON SOARES;RUA CLODOALDO ARRUDA;;;;Colisão;Luz do Dia;Bom;Seca;T;Pare;Comercial;0;1;1;0;0;0;0;0;0;1;0;0;-38,48029;-3,813672
278634;27;3;2016;21:50;0;AV SEN CARLOS JEREISSATI (AEROPORTO);;;;KM 02;Colisão;Via Iluminada;Bom;Seca;Meio de Quadra;;;0;0;2;1;0;0;0;0;0;0;0;0;-38,535424;-3,782194
276182;27;3;2016;23:30;0;RD BR 222;;;800;KM-02;Colisão Traseira;Via Iluminada;Chuva;Molhada;Meio de Quadra;;;0;1;2;1;0;0;0;0;0;1;0;0;-38,58704;-3,739009
280908;27;3;2016;00:05;7718;AV CARNEIRO DE MENDONCA;AV JOSE BASTOS;;;;Queda;;;;Cruz;Semáforo;Comercial;0;1;0;0;0;1;0;0;0;0;0;0;-38,566759;-3,764109
280917;27;3;2016;00:36;0;AV BEZERRA DE MENEZES;;;2495;;Queda;;;;Meio de Quadra;;;0;1;0;0;0;0;0;0;0;1;0;0;-38,566827;-3,736168
280984;27;3;2016;04:07;0;RUA MAD ELISA BALDO;;;548;;Queda;;;;Meio de Quadra;;;0;1;0;0;0;0;0;0;0;1;0;0;-38,544133;-3,785807
280978;27;3;2016;03:56;1125;RUA CLODOALDO ARRUDA;AV WASHINGTON SOARES;;;;Colisão;;;;T;Pare;Comercial;0;1;1;1;0;0;0;0;0;1;0;0;-38,48029;-3,813672
280970;27;3;2016;03:53;26150;RUA CRISTAIS PAULISTA;RUA AMANCIO PEREIRA;;;;Queda;;;;Cruz;Pare;Comercial;0;1;0;0;0;0;0;0;0;1;0;0;-38,52386;-3,818428
280959;27;3;2016;00:57;0;RUA CEL FRANCISCO ALVES RIBEIRO;;;157;;Queda;;;;Meio de Quadra;;;0;1;0;0;0;0;0;0;0;1;0;0;-38,509371;-3,830753
280960;27;3;2016;01:23;0;AV 13 DE MAIO;;;540;;Colisão;;;;Meio de Quadra;;;0;1;0;0;0;0;0;0;0;0;0;0;;
280968;27;3;2016;03:00;0;AV AUGUSTO DOS ANJOS;;;930;;Queda;;;;Meio de Quadra;;;0;1;0;0;0;0;0;0;0;1;0;0;-38,575344;-3,775835
280991;27;3;2016;05:38;8625;RUA EVILASIO A MIRANDA;AV EDILSON B SOARES;;;;Colisão;Amanhecer;;;T;Pare;Residencial;0;1;1;1;0;1;0;0;0;0;0;0;;
280993;27;3;2016;05:43;0;RUA JOSE FACANHA;;;725;;Queda;Amanhecer;;;Meio de Quadra;;;0;1;0;0;0;0;0;0;0;1;0;0;-38,557723;-3,751718
280995;27;3;2016;05:57;17370;RUA BAR SOBRAL;RUA ALM RUBIM;;;;Colisão;Amanhecer;;;Cruz;Pare;Misto;0;1;1;1;0;0;0;0;0;1;0;0;-38,554972;-3,766572
280997;27;3;2016;06:48;0;AV N CJ JOSE WALTER;;;1254;;Colisão;Luz do Dia;;;Meio de Quadra;;;0;1;2;1;0;0;0;0;0;0;0;0;;
281000;27;3;2016;07:36;0;RUA BERNARDO MANUEL;;;7179;;Colisão;Luz do Dia;;;Meio de Quadra;;;0;0;2;1;0;0;0;0;0;1;0;0;-38,545951;-3,780835
281001;27;3;2016;07:55;0;RUA URUCUTUBA;;;1956;;Colisão;Luz do Dia;;;Meio de Quadra;;;0;1;2;1;0;0;0;0;0;1;0;0;-38,61415;-3,798516
281026;27;3;2016;09:13;0;AV PRS CASTELO BRANCO;;;;;Atropelamento;Luz do Dia;;;Meio de Quadra;;;0;1;1;1;0;0;0;0;0;0;0;0;;
281033;27;3;2016;10:05;0;RUA CEARA;;;521;;Colisão;Luz do Dia;;;Meio de Quadra;;;0;1;1;0;0;0;0;0;0;1;0;0;-38,562336;-3,76119