COD_ACIDENTE;DIA;MES;ANO;HORA;INTERSECAO;LOG1;LOG2;LOG3;NUMERO;REFERENCIA;NATUREZA;ILUMINACAO;TEMPO;SUPERFICIEPISTA;TIPOCRUZAMENTO;CONTROLETRAFEGO;USOSOLO;MORTOS;FERIDOS;ILESOS;AUTOMOVEL;ONIBUS;BICICLETA;CAMINHAO;MICROONIBUS;CICLOMOTOR;MOTOCICLETA;TRACAOANIMAL;TREM;LONG;LAT
281034;27;3;2016;10:44;0;AV DIOGUINHO;;;5447;;Atropelamento;Luz do Dia;;;Meio de Quadra;;;0;1;1;0;0;0;0;0;0;0;0;0;;
281036;27;3;2016;10:45;0;RUA NELSON COELHO;;;665;;Colisão;Luz do Dia;;;Meio de Quadra;;;0;1;1;1;0;0;0;0;0;1;0;0;;
281040;27;3;2016;10:57;0;RUA DES FELISMINO;;;25;;Colisão;Luz do Dia;;;Meio de Quadra;;;0;1;0;0;0;0;0;0;0;0;0;0;;
281029;27;3;2016;09:15;17412;RUA ALBERTO MAGNO;RUA BAR SOBRAL;;;;Colisão;Luz do Dia;;;Cruz;Semáforo;Comercial;0;1;0;0;0;0;0;0;0;0;0;0;-38,552417;-3,767991
281031;27;3;2016;09:53;0;AV DR SILAS MUNGUBA;;;4813;;Colisão;Luz do Dia;;;Meio de Quadra;;;0;1;0;0;0;0;0;0;0;0;0;0;-38,532867;-3,795257
281113;27;3;2016;14:53;0;RUA BAR AQUIRAZ;;;1682;;Colisão;Luz do Dia;;;Meio de Quadra;;;0;1;1;1;0;0;0;0;0;1;0;0;-38,48413;-3,84173
281120;27;3;2016;15:55;0;AV PRS COSTA E SILVA;;;;;Colisão;Luz do Dia;;;Meio de Quadra;;;0;1;0;0;0;0;0;0;0;1;0;0;;
281121;27;3;2016;15:57;0;AV ALBERTO CRAVEIRO;;;;;Atropelamento;Luz do Dia;;;Meio de Quadra;;;0;1;1;1;0;0;0;0;0;0;0;0;;
281123;27;3;2016;16:01;10418;AV D CJ CEARA;RUA JOSE MENDONCA;;;;Colisão;Luz do Dia;;;Y;Pare;Comercial;0;1;1;1;0;0;0;0;0;1;0;0;-38,603056;-3,761731
281129;27;3;2016;16:46;10634;AV WASHINGTON SOARES;AV MIGUEL DIAS;;;;Colisão;Luz do Dia;;;T;Semáforo;Comercial;0;1;1;1;0;0;0;0;0;1;0;0;-38,488341;-3,757742
281117;27;3;2016;15:36;0;AV MR HULL;;;;;Colisão;Luz do Dia;;;Meio de Quadra;;;0;1;1;1;0;0;0;0;0;1;0;0;;
281111;27;3;2016;14:33;0;AV DIOGUINHO;;;5914;;Colisão;Luz do Dia;;;Meio de Quadra;;;0;1;1;0;0;0;0;0;0;1;0;0;-38,441118;-3,765813
281108;27;3;2016;13:58;0;AV N CJ JOSE WALTER;;;1237;;Colisão;Luz do Dia;;;Meio de Quadra;;;0;1;0;0;0;0;0;0;0;0;0;0;;
281102;27;3;2016;13:16;0;AV PRS CASTELO BRANCO;;;4435;;Colisão;Luz do Dia;;;Meio de Quadra;;;0;1;1;1;0;0;0;0;0;1;0;0;-38,572384;-3,706953
281104;27;3;2016;13:57;0;AV DR THEBERGE;;;155;;Atropelamento;Luz do Dia;;;Meio de Quadra;;;0;1;1;0;0;0;0;0;0;0;0;0;-38,562194;-3,706284
281147;27;3;2016;16:50;0;RUA PERGENTINO MAIA;;;813;;Colisão;Luz do Dia;;;Meio de Quadra;;;0;1;2;1;0;0;0;0;0;1;0;0;-38,487792;-3,83155
281148;27;3;2016;17:11;0;RUA JULIO SILVA;;;;;Atropelamento;Anoitecer;;;Meio de Quadra;;;0;1;1;0;1;0;0;0;0;0;0;0;;
276969;27;3;2016;06:50;3831;AV 13 DE MAIO;RUA MAL DEODORO;;;;Colisão Transversal;Luz do Dia;Nublado;Seca;Cruz;Semáforo;Misto;0;1;2;1;0;0;0;0;0;1;0;0;-38,536588;-3,743122
276970;27;3;2016;16:10;12895;AV AGUANAMBI;RUA ABAIARA;;;;Colisão Traseira;Luz do Dia;Bom;Seca;;Não Há Controle;Comercial;0;0;4;1;0;0;0;0;0;0;0;0;-38,524994;-3,740293
276972;27;3;2016;13:00;19833;AV ENG HUMBERTO MONTE;AV JOVITA FEITOSA;;;;Colisão Traseira;Luz do Dia;Bom;Seca;Cruz;Semáforo;Comercial;0;1;1;1;0;0;0;0;0;0;0;0;-38,566544;-3,741963
276962;27;3;2016;07:40;0;AV JOR THOMAZ COELHO;;;;;Colisão Traseira;Luz do Dia;Nublado;Seca;Meio de Quadra;Não Há Controle;Comercial;0;0;2;1;0;0;1;0;0;0;0;0;;
276980;27;3;2016;13:40;0;RUA BERNARDO MANUEL;;;1111;;Colisão Traseira;;Bom;Seca;Meio de Quadra;;Comercial;0;1;1;1;0;0;0;0;0;0;0;0;;
277001;27;3;2016;12:25;12954;AV PRS COSTA E SILVA;RUA BERNARDO MANUEL;;;;Engavetamento;Luz do Dia;Bom;Seca;Cruz;Semáforo;Comercial;0;0;3;1;0;0;0;0;0;0;0;0;-38,558276;-3,821079
276986;27;3;2016;12:20;0;AV C CJ JOSE WALTER;;;;;Colisão Traseira;Luz do Dia;Bom;Seca;T;Semáforo;Residencial;0;0;4;1;0;0;0;0;0;0;0;0;;
276995;27;3;2016;09:20;3975;RUA PRO COSTA MENDES;RUA ALBERTO MAGNO;;;;Colisão Transversal;Luz do Dia;Bom;Seca;Cruz;Semáforo;Residencial;0;0;2;1;0;0;0;0;0;0;0;0;-38,543548;-3,757528
277007;27;3;2016;10:30;19454;AV AUGUSTO DOS ANJOS;RUA ABEL RIBEIRO;;;;Colisão Lateral Sentido Oposto;Luz do Dia;Bom;Seca;T;Não Há Controle;Residencial;0;0;2;1;0;0;0;0;0;0;0;0;-38,57903;-3,78003
277042;27;3;2016;19:00;22089;RUA GUSTAVO BRAGA;RUA FRE MARCELINO;;;;Colisão Transversal;Via Iluminada;Bom;Seca;Cruz;Não Há Controle;Residencial;0;1;1;1;0;0;0;0;0;1;0;0;-38,556125;-3,747811
277016;27;3;2016;12:30;0;AV DES GONZAGA;;;;;Colisão Transversal;Luz do Dia;Bom;Seca;Meio de Quadra;Não Há Controle;Residencial;0;1;1;1;0;0;0;0;0;1;0;0;;
277011;27;3;2016;15:00;17412;RUA ALBERTO MAGNO;RUA BAR SOBRAL;;;;Colisão Transversal;Luz do Dia;Bom;Seca;Cruz;Semáforo;Comercial;0;1;2;1;0;0;0;0;0;0;0;0;-38,552417;-3,767991
277023;27;3;2016;09:00;26252;RUA ANTONIO BARROS;RUA PERGENTINO MAIA;;;;Colisão Transversal;Luz do Dia;Bom;Seca;Cruz;Pare;Comercial;0;0;2;0;0;0;0;0;0;1;0;0;;
277024;27;3;2016;12:00;18161;AV ZEZE DIOGO;RUA EMBRATEL;;;;Colisão Lateral;Luz do Dia;Bom;Seca;Cruz;Não Há Controle;Residencial;0;0;2;1;0;0;0;0;0;0;0;0;-38,443445;-3,758505
277025;27;3;2016;18:00;5177;RUA SEN POMPEU;RUA SAO PAULO;;;;Colisão Transversal;Via Iluminada;Bom;Seca;Cruz;Não Há Controle;Comercial;0;0;2;1;0;0;0;0;0;0;0;0;-38,529196;-3,725486
277020;27;3;2016;01:00;0;RUA GAL CLARINDO DE QUEIROZ;;;;;Choque c/ Obstáculo Fixo;Via Iluminada;Nublado;Seca;Meio de Quadra;Não Há Controle;Residencial;0;0;1;1;0;0;0;0;0;0;0;0;;
277070;27;3;2016;07:45;0;AV CASTELO DE CASTRO;;;;;Colisão Lateral;Luz do Dia;Nublado;Seca;Meio de Quadra;;;0;1;1;0;0;0;0;0;0;1;0;0;;
277062;27;3;2016;18:00;0;AV JOSE BASTOS;;;298;;Colisão Traseira;Via Iluminada;Bom;Seca;Meio de Quadra;Não Há Controle;Comercial;0;1;1;1;0;0;0;0;0;1;0;0;;
277076;28;3;2016;06:40;0;AV JOR THOMAZ COELHO;;;2293;;Colisão Transversal;Luz do Dia;;;Meio de Quadra;;;0;1;1;1;0;0;0;0;0;1;0;0;-38,516735;-3,828127
277073;28;3;2016;13:10;1490;RUA CEL JUCA;RUA DES LEITE ALBUQUERQUE;;;;Colisão Transversal;Luz do Dia;;;Cruz;Pare;Residencial;0;0;2;1;0;0;0;0;0;0;0;0;-38,491875;-3,739434
281231;28;3;2016;06:22;0;RUA PEDRO MARTINS;;;157;;Colisão;Luz do Dia;;;Meio de Quadra;;;0;1;2;1;0;0;0;0;0;1;0;0;-38,59952;-3,800327
281228;28;3;2016;05:44;0;AV WASHINGTON SOARES;;;8901;;Atropelamento;Amanhecer;;;Meio de Quadra;;;0;0;2;0;0;0;0;0;0;1;0;0;-38,482292;-3,829069
277173;28;3;2016;17:45;0;AV DIOGUINHO;;;2800;;Atropelamento;Anoitecer;;;Meio de Quadra;;;0;2;1;0;0;0;0;0;0;1;0;0;;
281225;28;3;2016;05:11;0;AV GODOFREDO MACIEL;;;;;Queda;Amanhecer;;;;;;0;1;0;0;0;0;0;0;0;1;0;0;;
277132;28;3;2016;08:45;25640;RUA 13 DE ABRIL;RUA VIA LACTEA;;;;Outros;Luz do Dia;;;T;Não Há Controle;Misto;0;0;2;1;0;0;0;0;0;0;0;0;;
277156;28;3;2016;18:00;0;AV PRS COSTA E SILVA;;;;;Colisão;Anoitecer;;;Meio de Quadra;;;0;1;1;1;0;0;0;0;0;1;0;0;;
277162;28;3;2016;07:00;0;RUA JOSE MENELEU D41;;;34;;Colisão Lateral;Luz do Dia;;;Meio de Quadra;;;0;0;2;1;0;0;0;0;0;0;0;0;-38,558068;-3,781035
281248;28;3;2016;08:00;0;RUA CARLOS CHAGAS;;;;;Queda;Luz do Dia;;;Meio de Quadra;;;0;1;0;0;0;1;0;0;0;0;0;0;;
281249;28;3;2016;08:12;0;RUA DAS PITANGUEIRAS;;;97;;Colisão;Luz do Dia;;;Meio de Quadra;;;0;1;0;0;0;0;0;0;0;0;0;0;;
281255;28;3;2016;08:27;0;RUA BERNARDO MANUEL;;;9978;;Colisão;Luz do Dia;;;Meio de Quadra;;;0;1;1;1;0;0;0;0;0;1;0;0;;
281260;28;3;2016;09:23;0;RUA CLOVIS FONTENELE D22;;;;;Colisão;Luz do Dia;;;Meio de Quadra;;;0;1;0;0;0;0;0;0;0;0;0;0;;
281276;28;3;2016;09:35;1927;AV ISABEL BEZERRA;RUA MARIA QUINTINO;;;;Colisão;Luz do Dia;;;Cruz;Pare;Residencial;0;1;1;1;0;0;0;0;0;1;0;0;-38,50073;-3,855018
281277;28;3;2016;09:48;0;RUA PDE PEDRO DE ALENCAR;;;;;Queda;Luz do Dia;;;Meio de Quadra;;;0;1;0;0;0;0;0;0;0;1;0;0;;
277147;28;3;2016;13:50;0;RUA CESAR ROSSAS;;;27;;Engavetamento;Luz do Dia;;;Meio de Quadra;;;0;0;4;1;0;0;0;0;0;0;0;0;-38,551873;-3,768352
277109;28;3;2016;09:00;0;AV PONTES VIEIRA;;;85;;Atropelamento;Luz do Dia;;;Meio de Quadra;;;0;1;1;1;0;0;0;0;0;0;0;0;-38,519287;-3,753402
277090;28;3;2016;16:30;2765;RUA OSCAR ARARIPE;RUA MON SABINO FEIJAO;;;;Outros;Luz do Dia;;;Cruz;Pare;Residencial;0;1;1;0;0;0;0;0;0;1;0;0;-38,596202;-3,792186
281308;28;3;2016;13:51;25229;AV DR THEBERGE;AV OLAVO BILAC;;;;Colisão;Luz do Dia;;;Y;Pare;Misto;0;1;1;1;0;0;0;0;0;1;0;0;-38,567102;-3,721012
281313;28;3;2016;01:19;2726;RUA ITU;RUA OSCAR ARARIPE;;;;Colisão;;;;Cruz;Pare;Residencial;0;1;1;1;0;0;0;0;0;1;0;0;-38,602413;-3,790208
281149;28;3;2016;00:13;0;AV ENG HUMBERTO MONTE;;;;;Colisão;;;;Meio de Quadra;;;0;1;0;1;0;0;0;0;0;0;0;0;;
281150;28;3;2016;01:04;0;RUA JOSE TORRES;;;1868;;Queda;;;;Meio de Quadra;;;0;1;0;0;0;0;0;0;0;1;0;0;;
281151;28;3;2016;01:10;0;AV DR SILAS MUNGUBA;;;2964;;Colisão;;;;Meio de Quadra;;;0;1;0;0;0;0;0;0;0;0;0;0;-38,547069;-3,788016
281177;28;3;2016;04:12;0;AV WASHINGTON SOARES;;;;;Colisão;;;;Meio de Quadra;;;0;1;1;1;0;0;0;0;0;1;0;0;;
276144;28;3;2016;07:10;0;RD BR 116;;;9000;KM-09;Colisão Lateral;Luz do Dia;Bom;Seca;Meio de Quadra;;;0;0;2;1;0;0;1;0;0;0;0;0;-38,504865;-3,830837
276145;28;3;2016;18:09;0;RD BR 116;;;1000;KM-01;Colisão Frontal;Anoitecer;;;Meio de Quadra;;;0;1;4;1;0;0;0;0;0;0;0;0;-38,518702;-3,762554
278635;28;3;2016;10:30;0;RD CE-040;;;;KM-09;Colisão;Luz do Dia;Bom;Seca;Meio de Quadra;;;0;0;4;0;0;0;1;0;0;0;0;0;-38,481538;-3,825516
283905;28;3;2016;07:51;0;RUA GERMANO FRANCK;;;1630;;Colisão;Luz do Dia;;;Meio de Quadra;;;0;0;2;0;1;0;0;0;0;0;0;0;;
283885;28;3;2016;07:19;9131;AV LUCIANO CARNEIRO;AV 13 DE MAIO;;;;Colisão;Luz do Dia;;;;;;0;0;2;0;0;0;0;0;0;0;0;0;-38,531331;-3,747615
278774;28;3;2016;01:15;0;RD CE-040;;;;KM-10;Outros;Via Iluminada;Bom;Seca;Meio de Quadra;;;0;1;0;1;0;0;0;0;0;0;0;0;-38,482466;-3,834451
278770;28;3;2016;15:35;0;RD CE-040;;;;KM-02;Colisão;Luz do Dia;Bom;Seca;Meio de Quadra;;;0;1;1;1;0;0;0;0;0;1;0;0;-38,482583;-3,76465
278772;28;3;2016;17:15;0;RD CE-040;;;;KM-07;Atropelamento;Anoitecer;Bom;Seca;Meio de Quadra;;;0;2;0;0;0;0;0;0;0;1;0;0;-38,478733;-3,809597
277232;28;3;2016;16:50;0;AV GOV RAUL BARBOSA;;;5276;;Colisão Traseira;Luz do Dia;;;Meio de Quadra;;;0;0;2;1;0;0;1;0;0;0;0;0;-38,508988;-3,765675
277224;28;3;2016;19:00;0;RUA CEL ALVES TEIXEIRA;;;650;;Colisão Lateral;;;;Meio de Quadra;;;0;2;1;0;0;0;0;0;0;1;0;0;-38,516697;-3,745658
277204;28;3;2016;18:40;0;AV ANTONIO SALES;;;1885;;Colisão Traseira;;;;Meio de Quadra;;;0;0;2;1;0;0;0;0;0;0;0;0;-38,507238;-3,743949
277193;28;3;2016;07:05;0;AV DR SILAS MUNGUBA;;;2943;;Colisão Lateral;Luz do Dia;;;Meio de Quadra;;;0;1;3;0;1;0;1;0;1;0;0;0;-38,547433;-3,787847
277197;28;3;2016;19:40;1462;RUA JOAO CARVALHO;RUA NUNES VALENTE;;;;Colisão Transversal;;;;Cruz;Pare;Comercial;0;0;2;1;0;0;0;0;0;0;0;0;-38,504491;-3,738599
277189;28;3;2016;22:20;0;AV 13 DE MAIO;;;1776;;Colisão Traseira;;;;Meio de Quadra;;;0;0;2;1;0;0;0;0;0;1;0;0;-38,533607;-3,745675
277182;28;3;2016;16:10;7762;AV ANTONIO SALES;RUA NUNES VALENTE;;;;Colisão Traseira;Luz do Dia;;;Cruz;Pare;Comercial;0;0;2;0;0;0;0;0;0;0;0;0;-38,506314;-3,744237
277312;28;3;2016;18:30;0;RUA BERNARDO MANUEL;;;9978;;Colisão Transversal;Anoitecer;;;Meio de Quadra;;;0;1;1;1;0;0;0;0;0;1;0;0;;
277321;28;3;2016;13:40;25041;RUA JOSE HIPOLITO;RUA BAR AQUIRAZ;;;;Colisão;Luz do Dia;;;Cruz;Semáforo;Comercial;0;1;1;0;0;0;0;0;0;1;0;0;-38,489933;-3,833725
277329;28;3;2016;17:20;5761;RUA PEDRO FIRMEZA;RUA VIS BARBACENA D61;;;;Colisão Transversal;Anoitecer;;;Cruz;Pare;Escola;0;0;2;1;0;0;0;0;0;0;0;0;-38,489353;-3,798153
277336;28;3;2016;15:50;0;AV ANTONIO SALES;;;2005;;Colisão Traseira;Luz do Dia;;;Meio de Quadra;;;0;0;2;1;0;0;0;0;0;1;0;0;-38,506135;-3,744292
277332;28;3;2016;22:10;14679;AV OLIVEIRA PAIVA;RUA PDE JANUARIO CAMPOS;;;;Colisão Transversal;;;;T;Semáforo;Comercial;0;1;1;0;0;1;0;0;0;0;0;0;-38,489646;-3,796018
277304;28;3;2016;15:00;0;RUA STA CATARINA (BELA VISTA / PAN AMERICANO);;;13;;Colisão Lateral;Luz do Dia;;;Meio de Quadra;;;0;0;2;1;0;0;1;0;0;0;0;0;-38,564669;-3,752757
277279;28;3;2016;10:20;1529;RUA JOSE VILAR;RUA BARBARA DE ALENCAR;;;;Colisão Transversal;Luz do Dia;;;Cruz;Pare;Misto;0;0;2;1;0;0;0;0;0;0;0;0;-38,506213;-3,740591
277274;28;3;2016;09:00;15126;AV HIS RAIMUNDO GIRAO;AV RUI BARBOSA;;;;Colisão Transversal;Luz do Dia;;;Cruz;Semáforo;Comercial;0;0;2;1;1;0;0;0;0;0;0;0;-38,505405;-3,723546
277290;28;3;2016;14:10;0;AV DEP PAULINO ROCHA;;;;ROTATÓRIA;Colisão Traseira;Luz do Dia;;;Meio de Quadra;;;0;0;2;1;0;0;0;0;0;0;0;0;;
277272;28;3;2016;11:15;17359;AV PRO GOMES DE MATOS;RUA IRM BAZET;;;;Colisão Traseira;Luz do Dia;;;Cruz;Pare;Comercial;0;1;1;0;0;0;0;0;0;1;0;0;-38,54981;-3,766045
277266;28;3;2016;07:00;26259;RUA BRAGANCA;RUA JOSE ABILIO;;;;Colisão Lateral;Luz do Dia;;;;;;0;1;1;0;1;0;0;0;0;1;0;0;;
277255;28;3;2016;08:00;25968;RUA AZEVEDO BOLAO;RUA DR ABDENAGO;;;;Colisão Transversal;Luz do Dia;;;Outros;Pare;Comercial;0;0;2;0;1;0;0;0;0;0;0;0;;
277259;28;3;2016;10:30;0;AV CEL CARVALHO;;;968;;Outros;Luz do Dia;;;Meio de Quadra;;;0;0;3;1;0;0;0;0;0;0;0;0;-38,589612;-3,710798
277228;28;3;2016;13:30;0;RUA EMILIANO DE ALMEIDA BRAGA;;;;;Colisão Transversal;Luz do Dia;;;Meio de Quadra;;;0;0;2;0;0;0;0;0;0;1;0;0;;
277239;28;3;2016;17:30;24991;AV GAL OSORIO DE PAIVA;RUA ABEL RIBEIRO;;;;Colisão Transversal;Anoitecer;;;Cruz;Pare;Comercial;0;0;2;1;1;0;0;0;0;0;0;0;-38,576252;-3,781799
277248;28;3;2016;12:10;6727;RUA DR GILBERTO STUDART;RUA DES WALDETARIO P MOTA;;;;Colisão Lateral;Luz do Dia;;;Cruz;Pare;Residencial;0;0;2;1;0;0;1;0;0;0;0;0;-38,484239;-3,742559
277187;29;3;2016;13:15;282;RUA ERICO MOTA;RUA ABILIO MARTINS;;;;Colisão;Luz do Dia;Chuva;Molhada;Cruz;Pare;Misto;0;1;1;0;0;1;0;0;0;0;0;0;-38,561548;-3,742376
277188;29;3;2016;18:20;23952;AV CESAR CALS;RUA MIGUEL CALMON;;;;Colisão Transversal;Via Iluminada;Bom;Seca;Cruz;Não Há Controle;Comercial;0;1;1;1;0;0;0;0;0;1;0;0;-38,461558;-3,726534
277179;29;3;2016;16:30;0;RUA JUSTINIANO DE SERPA;;;;;Colisão Traseira;Luz do Dia;Chuva;Molhada;Meio de Quadra;Não Há Controle;Residencial;0;0;2;1;0;0;0;0;0;0;0;0;;
277198;29;3;2016;07:25;7733;AV JOAO PESSOA;RUA BAR SOBRAL;;;;Colisão Lateral;Luz do Dia;Bom;Seca;T;Semáforo;Comercial;0;0;2;0;1;0;1;0;0;0;0;0;;
277195;29;3;2016;14:30;24346;RUA ARMANDO MONTEIRO;RUA ALBERTO MONTEZUMA;;;;Colisão Frontal;Luz do Dia;Bom;Seca;Cruz;Pare;;0;0;2;0;0;0;0;0;0;1;0;0;-38,532797;-3,764787
277196;29;3;2016;08:20;15792;RUA PERGENTINO MAIA;RUA CEL FRANCISCO PEREIRA (MESSEJANA);;;;Colisão Lateral;Luz do Dia;Bom;Seca;Cruz;Pare;Comercial;0;1;1;1;0;0;0;0;0;1;0;0;-38,492803;-3,830868
277192;29;3;2016;17:40;19152;RUA LAURO NOGUEIRA;RUA BATISTA DE OLIVEIRA;;;;Colisão Transversal;Via Iluminada;Nublado;Molhada;Cruz;Pare;Residencial;0;0;2;1;0;0;0;0;0;0;0;0;-38,478301;-3,740086
277205;29;3;2016;10:10;0;AV JOSE BASTOS;;;5130;;Colisão Lateral;Luz do Dia;Bom;Seca;Meio de Quadra;Outros;Escola;0;1;3;1;0;0;0;0;0;1;0;0;-38,562297;-3,757774
277211;29;3;2016;20:20;9257;AV AGUANAMBI;RUA CEL PERGENTINO FERREIRA;;;;Colisão Traseira;Luz do Dia;Bom;Seca;Cruz;Semáforo;Comercial;0;0;2;1;0;0;0;0;0;1;0;0;-38,524049;-3,748634
277225;29;3;2016;20:00;11668;RUA PRO HERIBALDO COSTA;RUA CACILDA BECKER;;;;Capotamento;Via Iluminada;Bom;Seca;Cruz;Não Há Controle;Residencial;0;1;1;1;0;0;0;0;0;0;0;0;-38,589464;-3,770715
277226;29;3;2016;08:20;19721;RUA AMADEU FURTADO;RUA GUSTAVO SAMPAIO;;;;Colisão Transversal;Luz do Dia;Bom;Seca;Cruz;Pare;Residencial;0;1;1;1;0;0;0;0;0;1;0;0;-38,563828;-3,736786
277223;29;3;2016;11:00;0;AV ALBERTO CRAVEIRO;;;2222;;Colisão;Luz do Dia;Bom;Molhada;Meio de Quadra;;Residencial;0;1;1;0;1;1;0;0;0;0;0;0;-38,518779;-3,798682
278786;29;3;2016;13:45;0;RD CE-040;;;;KM-08;Choque c/ Obstáculo Fixo;Luz do Dia;Bom;Seca;Meio de Quadra;;;0;0;1;0;0;0;0;0;0;0;0;0;-38,483033;-3,817159
278775;29;3;2016;07:50;0;RD CE-040;;;;KM-09;Colisão;Luz do Dia;Bom;Seca;Meio de Quadra;;;0;1;3;1;0;0;0;0;0;0;0;0;-38,481538;-3,825516
278776;29;3;2016;12:50;0;RD CE-040;;;;KM-01;Colisão;Luz do Dia;Bom;Seca;Meio de Quadra;;;0;1;1;1;0;0;0;0;0;1;0;0;-38,48666;-3,758119
278779;29;3;2016;11:10;0;RD CE-040;;;;KM-03;Colisão;Luz do Dia;Bom;Seca;Meio de Quadra;;;0;0;2;1;0;0;0;0;0;0;0;0;-38,481799;-3,773616
284024;29;3;2016;13:34;0;AV LUCIANO CARNEIRO;;;840;;Colisão;Luz do Dia;;;Meio de Quadra;;;0;0;2;0;0;0;0;0;0;0;0;0;;
280507;29;3;2016;08:34;0;AV AGUANAMBI;;;;;Colisão;Luz do Dia;;;Meio de Quadra;;;0;0;2;1;1;0;0;0;0;0;0;0;;
280508;29;3;2016;17:37;0;RUA TOMAS ACIOLI;;;;;Colisão;Anoitecer;;;Meio de Quadra;;;0;0;2;1;0;0;0;0;0;0;0;0;;
281387;29;3;2016;03:12;0;AV PRS COSTA E SILVA;;;651;;Colisão;;;;Meio de Quadra;;;0;1;1;1;0;0;0;0;0;1;0;0;;
281381;29;3;2016;02:38;0;RUA MON CATAO;;;;;Colisão;;;;Meio de Quadra;;;0;1;1;1;0;0;0;0;0;1;0;0;;
281383;29;3;2016;02:55;0;AV SANTOS DUMONT;;;3637;;Colisão;;;;Meio de Quadra;;;0;1;1;1;0;1;0;0;0;0;0;0;-38,491608;-3,738413
281352;29;3;2016;01:35;10681;RUA FIRMINO ROCHA AGUIAR;AV MIGUEL DIAS;;;;Queda;;;;;;;0;1;1;0;0;1;0;0;0;0;0;0;-38,487708;-3,763517
281408;29;3;2016;12:15;0;AV PRO JOSE ARTHUR CARVALHO;;;1775;;Queda;Luz do Dia;;;Meio de Quadra;;;0;1;0;0;0;1;0;0;0;0;0;0;;
281409;29;3;2016;12:28;0;RUA NEREU RAMOS;;;431;;Colisão;Luz do Dia;;;Meio de Quadra;;;0;1;1;1;0;0;0;0;0;1;0;0;-38,570535;-3,785884
281398;29;3;2016;08:47;0;RUA JOSE ALVES CAVALCANTE;;;;;Colisão;Luz do Dia;;;Meio de Quadra;;;0;1;1;1;0;0;0;0;0;1;0;0;;
281399;29;3;2016;09:09;0;RUA PDE PEDRO DE ALENCAR;;;1620;;Colisão;Luz do Dia;;;Meio de Quadra;;;0;1;1;1;0;0;0;0;0;1;0;0;-38,494326;-3,842333
281400;29;3;2016;10:23;0;RUA SOLON PINHEIRO;;;701;;Queda;Luz do Dia;;;;;;0;1;0;0;0;0;0;0;0;1;0;0;-38,528316;-3,73645
281401;29;3;2016;11:32;0;AV SGT HERMINIO SAMPAIO;;;;;Colisão;Luz do Dia;;;Meio de Quadra;;;0;1;1;1;0;0;0;0;0;1;0;0;;
281396;29;3;2016;08:04;0;RUA SEBASTIAO DE ABREU;;;;;Colisão;Luz do Dia;;;Meio de Quadra;;;0;1;1;1;0;0;0;0;0;1;0;0;;
281393;29;3;2016;04:03;0;AV AUGUSTO DOS ANJOS;;;150;;Colisão;;;;Meio de Quadra;;;0;1;1;0;0;0;0;0;0;1;0;0;-38,570454;-3,77023
281394;29;3;2016;07:03;0;RUA OSVALDO CRUZ;;;2464;;Colisão;Luz do Dia;;;Meio de Quadra;;;0;2;1;1;0;0;0;0;0;1;0;0;;
281413;29;3;2016;14:07;0;AV 13 DE MAIO;;;;;Colisão;Luz do Dia;;;Meio de Quadra;;;0;1;1;1;0;0;0;0;0;1;0;0;;
281414;29;3;2016;16:28;0;AV FRE CIRILO;;;3481;;Colisão;Luz do Dia;;;Meio de Quadra;;;0;1;2;1;0;0;0;0;0;1;0;0;-38,49841;-3,815042
281418;29;3;2016;17:14;0;AV PRS CASTELO BRANCO;;;5921;;Atropelamento;Anoitecer;;;Meio de Quadra;;;0;1;1;0;0;0;0;0;0;1;0;0;-38,583382;-3,7021
277092;29;3;2016;10:50;0;AV GODOFREDO MACIEL;;;;;Colisão Traseira;Luz do Dia;Bom;Seca;Meio de Quadra;Não Há Controle;Comercial;0;0;2;0;0;0;0;0;0;0;0;0;;
277097;29;3;2016;08:40;0;AV PRS COSTA E SILVA;;;;;Colisão Traseira;Luz do Dia;Bom;Seca;Meio de Quadra;Pare;Comercial;0;0;2;1;0;0;0;0;0;0;0;0;;
277079;29;3;2016;10:50;23591;AV ENG SANTANA JUNIOR;RUA ISRAEL BEZERRA;;;;Colisão Lateral;Luz do Dia;Bom;Seca;T;Pare;Comercial;0;0;2;0;0;0;0;0;0;0;0;0;-38,490505;-3,751428
277086;29;3;2016;07:10;1303;AV DOM LUIS;RUA BARBOSA DE FREITAS;;;;Colisão Lateral;Luz do Dia;Bom;Seca;Cruz;Semáforo;Comercial;0;0;2;1;0;0;0;0;0;0;0;0;-38,496396;-3,733564
277088;29;3;2016;08:00;0;AV PRS COSTA E SILVA;;;;;Colisão Lateral;Luz do Dia;Bom;Seca;Meio de Quadra;Não Há Controle;Comercial;0;0;2;1;0;0;0;0;0;1;0;0;;
277117;29;3;2016;08:30;5415;RUA GAL CLARINDO DE QUEIROZ;RUA FLORIANO PEIXOTO;;;;Colisão Transversal;Luz do Dia;Bom;Seca;Cruz;Pare;Comercial;0;0;2;0;0;0;0;0;0;1;0;0;-38,529027;-3,733049
277103;29;3;2016;20:00;3187;RUA EMILIO DE MENESES;VL NADIR;;;;Colisão Lateral;Via Iluminada;Bom;Seca;Cruz;Pare;Comercial;0;1;1;1;0;0;0;0;0;1;0;0;-38,593436;-3,780054
277111;29;3;2016;11:45;7837;RUA OSVALDO CRUZ (ALDEOTA);RUA TOMAS ACIOLI;;;;Colisão Transversal;Luz do Dia;Bom;Seca;Cruz;Pare;Residencial;0;2;2;1;0;0;0;0;0;1;0;0;-38,50397;-3,746886