COD_ACIDENTE;DIA;MES;ANO;HORA;INTERSECAO;LOG1;LOG2;LOG3;NUMERO;REFERENCIA;NATUREZA;ILUMINACAO;TEMPO;SUPERFICIEPISTA;TIPOCRUZAMENTO;CONTROLETRAFEGO;USOSOLO;MORTOS;FERIDOS;ILESOS;AUTOMOVEL;ONIBUS;BICICLETA;CAMINHAO;MICROONIBUS;CICLOMOTOR;MOTOCICLETA;TRACAOANIMAL;TREM;LONG;LAT
277149;29;3;2016;14:00;15360;AV DOM LUIS;AV DES MOREIRA;;;;Colisão Lateral;Luz do Dia;Nublado;Molhada;Rotatória;Não Há Controle;Comercial;0;0;2;1;0;0;1;0;0;0;0;0;-38,497383;-3,733239
277154;29;3;2016;20:10;11191;AV DR SILAS MUNGUBA;RUA JOSE MENELEU D41;;;;Colisão Traseira;Via Iluminada;Nublado;Seca;T;Semáforo;Comercial;0;0;2;1;1;0;0;0;0;0;0;0;-38,558016;-3,780972
277145;29;3;2016;14:45;9243;AV DOS EXPEDICIONARIOS;AV EDUARDO GIRAO;;;;Colisão Traseira;Luz do Dia;Chuva;Molhada;;Não Há Controle;Outros;0;0;2;1;0;0;0;0;0;0;0;0;-38,536849;-3,750712
277141;29;3;2016;12:00;0;AV BORGES DE MELO;;;280;;Colisão Lateral;Luz do Dia;Bom;Seca;Meio de Quadra;Pare;Residencial;0;2;0;0;1;1;0;0;0;0;0;0;-38,521637;-3,761171
277127;29;3;2016;13:40;1269;RUA PINTO MADEIRA;RUA ANTONIO AUGUSTO;;;;Colisão Transversal;Luz do Dia;Chuva;Molhada;Cruz;Pare;Comercial;0;0;2;1;0;0;0;0;0;0;0;0;-38,51439;-3,733285
277131;29;3;2016;15:00;1332;AV DOM LUIS;RUA CEL LINHARES;;;;Colisão Transversal;Luz do Dia;Chuva;Molhada;Cruz;Pare;Comercial;0;0;4;1;1;0;0;0;0;0;0;0;-38,493503;-3,734513
277136;29;3;2016;20:40;15367;RUA PEREIRA VALENTE;RUA CEL JUCA;;;;Colisão Transversal;Via Iluminada;Bom;Seca;Cruz;Pare;Misto;0;0;2;1;0;0;0;0;0;0;0;0;-38,490267;-3,734439
277168;29;3;2016;09:00;13505;RUA CEL ALVES TEIXEIRA;AV RUI BARBOSA;;;;Colisão Lateral;Luz do Dia;Bom;Seca;Cruz;Pare;Comercial;0;0;2;1;0;0;0;0;0;0;0;0;-38,512684;-3,746112
277074;29;3;2016;15:30;0;AV PRO GOMES DE MATOS;;;;;Colisão;Luz do Dia;Chuva;Molhada;Meio de Quadra;;;0;0;2;0;1;0;0;0;0;0;0;0;;
277075;29;3;2016;09:00;7888;AV DES MOREIRA;RUA TOMAS ACIOLI;;;;Colisão Transversal;Luz do Dia;Bom;Seca;Cruz;Semáforo;Comercial;0;0;2;0;0;0;0;0;0;1;0;0;-38,501963;-3,747526
277071;29;3;2016;01:30;0;AV ENG SANTANA JUNIOR;;;;;Choque c/ Obstáculo Fixo;Via Iluminada;Bom;Seca;Meio de Quadra;Pare;Residencial;0;0;1;0;0;0;1;0;0;0;0;0;;
277072;29;3;2016;11:20;5742;AV OLIVEIRA PAIVA;RUA MANUEL MONTEIRO;;;;Colisão Transversal;Luz do Dia;Bom;;Cruz;Semáforo;Comercial;0;0;2;1;0;0;0;0;0;0;0;0;-38,49414;-3,795496
281427;30;3;2016;05:20;25198;RUA MIGUEL GURGEL;RUA BAR AQUIRAZ;;;;Queda;Amanhecer;;;T;Não Há Controle;Comercial;0;1;0;0;0;0;0;0;0;1;0;0;-38,48355;-3,842357
281429;30;3;2016;06:05;0;AV CARAPINIMA;;;2415;;Colisão;Luz do Dia;;;Meio de Quadra;;;0;1;1;1;0;0;0;0;0;1;0;0;-38,540886;-3,740648
281430;30;3;2016;08:43;0;AV MAE LISBOA;;;931;;Colisão;Luz do Dia;;;Meio de Quadra;;;0;1;1;1;0;0;0;0;0;1;0;0;;
281432;30;3;2016;09:30;17571;RUA RIO GRANDE DO SUL;RUA REX;;;;Atropelamento;Luz do Dia;;;;;;0;1;1;1;0;0;0;0;0;0;0;0;-38,564619;-3,754021
281433;30;3;2016;09:54;0;RUA BARRA NOVA;;;1000;;Atropelamento;Luz do Dia;;;Meio de Quadra;;;0;1;1;1;0;0;0;0;0;0;0;0;;
281434;30;3;2016;10:11;0;AV ALM BARROSO;;;111;;Colisão;Luz do Dia;;;Meio de Quadra;;;0;1;1;0;0;0;0;0;0;1;0;0;;
281435;30;3;2016;10:12;0;RUA CEL DIONISIO ALENCAR;;;1200;;Atropelamento;Luz do Dia;;;Meio de Quadra;;;0;1;1;0;0;0;0;0;0;1;0;0;;
281420;30;3;2016;00:19;0;AV ROGACIANO LEITE;;;2176;;Queda;;;;Meio de Quadra;;;0;1;0;0;0;0;0;0;0;1;0;0;-38,499236;-3,774111
281422;30;3;2016;01:03;0;AV CARAPINIMA;;;;;Colisão;;;;Meio de Quadra;;;0;1;1;1;0;0;0;0;0;1;0;0;;
281423;30;3;2016;01:11;0;RD BR 116;;;13000;KM-13;Queda;;;;Meio de Quadra;;;0;1;0;0;0;0;0;0;0;1;0;0;-38,497727;-3,86467
281424;30;3;2016;01:35;0;AV ALM MAXIMIANO DA FONSECA;;;;;Colisão;;;;Meio de Quadra;;;0;1;1;1;0;0;0;0;0;1;0;0;;
281455;30;3;2016;13:23;0;RUA JOSE AVELINO;;;206;;Atropelamento;Luz do Dia;;;Meio de Quadra;;;0;1;1;1;0;0;0;0;0;0;0;0;-38,521644;-3,72224
281453;30;3;2016;12:43;0;AV BEZERRA DE MENEZES;;;;;Atropelamento;Luz do Dia;;;Meio de Quadra;;;0;2;1;0;0;0;0;0;0;1;0;0;;
281440;30;3;2016;11:08;0;RUA PEREIRA DE MIRANDA;;;;;Atropelamento;Luz do Dia;;;Meio de Quadra;;;0;1;1;0;1;0;0;0;0;0;0;0;;
281438;30;3;2016;11:02;0;AV A CJ CEARA;;;;;Colisão;Luz do Dia;;;Meio de Quadra;;;0;1;1;1;0;0;0;0;0;1;0;0;;
281442;30;3;2016;11:12;0;TERM TERMINAL PAPICU;;;;;Atropelamento;Luz do Dia;;;Meio de Quadra;;;0;1;1;0;1;0;0;0;0;0;0;0;;
276146;30;3;2016;06:40;0;RD BR 116;;;200;KM-03;Tombamento;Luz do Dia;Chuva;Molhada;Meio de Quadra;;;0;2;2;1;0;0;0;0;0;1;0;0;-38,51386954;-3,781255671
276147;30;3;2016;17:50;0;RD BR 116;;;5000;KM-05;Colisão Traseira;Anoitecer;Bom;Seca;Meio de Quadra;;;0;0;3;1;0;0;0;0;0;0;0;0;-38,506787;-3,796502
284050;30;3;2016;08:12;0;AV GODOFREDO MACIEL;;;2947;DETRAN;Colisão;Luz do Dia;;;Meio de Quadra;;;0;0;2;0;0;0;0;0;0;0;0;0;-38,571377;-3,801128
284201;30;3;2016;17:42;9155;AV EDUARDO GIRAO;AV LUCIANO CARNEIRO;;;;;Anoitecer;;;Cruz;;Residencial;0;0;2;1;0;0;0;0;0;0;0;0;-38,532811;-3,752275
284079;30;3;2016;09:13;0;AV AGUANAMBI;;;;ROTATÓRIA;Colisão;Luz do Dia;;;Meio de Quadra;;;0;0;2;1;0;0;0;0;0;0;0;0;;
278789;30;3;2016;15:00;0;RD CE-025;;;;KM-03;Colisão;Luz do Dia;Bom;Seca;Meio de Quadra;;;0;1;1;0;0;0;0;0;0;1;0;0;-38,452247;-3,805889
278791;30;3;2016;18:15;0;RD CE-040;;;;KM-05;Colisão;Anoitecer;Bom;Seca;Meio de Quadra;;;0;0;3;1;0;0;0;0;0;0;0;0;-38,480331;-3,791613
278793;30;3;2016;17:40;0;RD CE-040;;;;KM-05;Colisão;Anoitecer;Bom;Seca;Meio de Quadra;;;0;1;1;0;0;0;0;0;0;1;0;0;-38,480331;-3,791613
278796;30;3;2016;19:30;0;RD CE-025;;;;KM-05;Colisão;Via Iluminada;Bom;Seca;Meio de Quadra;;;0;0;2;1;0;0;0;0;0;0;0;0;-38,435948;-3,809574
284925;30;3;2016;08:19;0;AV ALM MAXIMIANO DA FONSECA;;;1175;;Colisão;Luz do Dia;;;Meio de Quadra;;;0;0;2;0;0;0;0;0;0;0;0;0;-38,485178;-3,771278
277250;30;3;2016;08:30;7185;AV DR THEBERGE;RUA RAIMUNDO MAGALHAES;;;;Colisão Lateral;Luz do Dia;Nublado;Molhada;Cruz;Não Há Controle;Residencial;0;0;2;1;0;0;0;0;0;1;0;0;-38,563017;-3,708795
277244;30;3;2016;07:00;0;RUA JULIO CESAR D04;;;;;Colisão Transversal;Amanhecer;Nublado;Molhada;Meio de Quadra;Não Há Controle;Residencial;0;0;2;1;0;0;1;0;0;0;0;0;;
277238;30;3;2016;11:40;0;RUA PDE PEDRO DE ALENCAR;;;;;Colisão Lateral;Luz do Dia;Nublado;Molhada;Meio de Quadra;Semáforo;Misto;0;0;2;1;0;0;0;0;0;1;0;0;;
277235;30;3;2016;13:10;0;RUA SEN ALENCAR;;;;;Colisão Traseira;Luz do Dia;Nublado;;Meio de Quadra;Semáforo;Misto;0;0;2;1;0;0;0;0;0;0;0;0;;
277258;30;3;2016;15:00;0;AV ALBERTO CRAVEIRO;;;;;Engavetamento;;Bom;Seca;Meio de Quadra;;Comercial;0;0;3;1;0;0;0;0;0;0;0;0;;
277268;30;3;2016;18:00;23338;RUA EDUARDO BEZERRA;RUA OSVALDO CRUZ (ALDEOTA);;;;Colisão Frontal;Anoitecer;Bom;Seca;Cruz;Pare;Residencial;0;1;2;1;0;0;0;0;0;1;0;0;-38,505966;-3,753129
277273;30;3;2016;18:40;21898;RUA PDE PERDIGAO SAMPAIO;RUA ALINE VIEIRA COLARES;;;;Colisão Traseira;Via Iluminada;Bom;Seca;T;Pare;Residencial;0;0;2;1;0;0;1;0;0;0;0;0;-38,596101;-3,734053
277286;30;3;2016;10:00;0;AV OLIVEIRA PAIVA;;;;;Colisão Lateral;Luz do Dia;Chuva;Molhada;Meio de Quadra;Outros;Comercial;0;0;2;1;0;0;0;0;0;0;0;0;;
277281;30;3;2016;20:30;20037;AV PALESTINA D68;RUA OITICICAS;;;;Colisão Transversal;Via Iluminada;Bom;Seca;Cruz;Pare;Residencial;0;0;1;1;0;0;0;0;0;0;0;0;-38,536013;-3,806077
277282;30;3;2016;18:30;0;AV ALBERTO CRAVEIRO;;;;;Colisão Lateral;Anoitecer;Bom;Seca;Meio de Quadra;Não Há Controle;Comercial;0;0;2;1;0;0;1;0;0;0;0;0;;
277277;30;3;2016;08:00;24211;RUA DES WALDETARIO P MOTA;RUA PASCOAL CASTRO ALVES;;;;Colisão Transversal;Luz do Dia;Chuva;Molhada;Cruz;Pare;Residencial;0;0;2;1;0;0;0;0;0;0;0;0;-38,477913;-3,732487
277262;30;3;2016;17:10;0;AV AGUANAMBI;;;;;Engavetamento;Luz do Dia;Nublado;Seca;Meio de Quadra;Não Há Controle;Comercial;0;0;4;1;0;0;1;0;0;0;0;0;;
277302;30;3;2016;12:00;271;AV JOVITA FEITOSA;RUA AMADEU FURTADO;;;;Colisão Traseira;Luz do Dia;Chuva;Molhada;Cruz;Semáforo;Residencial;0;0;2;0;0;0;0;0;0;1;0;0;-38,562915;-3,741173
277296;30;3;2016;07:00;0;AV PDE ANTONIO TOMAS;;;;;Colisão Traseira;Luz do Dia;Chuva;Molhada;Meio de Quadra;Outros;Comercial;0;0;2;1;0;0;0;0;0;0;0;0;;
277333;30;3;2016;22:00;1437;RUA JOAO CARVALHO;RUA SILVA PAULET;;;;Colisão Lateral;Via Iluminada;Bom;Seca;Cruz;Pare;Comercial;0;0;2;1;0;0;0;0;0;0;0;0;-38,506557;-3,737966
277334;30;3;2016;09:30;340;RUA DOM JOSE LOURENCO  D27;RUA CESAR FONTENELE;;;;Colisão Transversal;Luz do Dia;Chuva;Molhada;Cruz;Pare;Misto;0;0;2;1;0;0;0;0;0;0;0;0;-38,557429;-3,745892
277331;30;3;2016;19:36;0;AV MON TABOSA;;;;;Engavetamento;Via Iluminada;Bom;Seca;Meio de Quadra;Semáforo;Comercial;0;0;3;1;0;0;0;0;0;0;0;0;;
277342;30;3;2016;16:00;1544;RUA PRO DIAS DA ROCHA;RUA PAULA NEI;;;;Colisão Transversal;Luz do Dia;Nublado;Seca;Cruz;Pare;Residencial;0;0;2;1;0;0;0;0;0;0;0;0;-38,493448;-3,741062
277325;30;3;2016;21:40;19667;AV BEZERRA DE MENEZES;RUA ERETIDES MARTINS;;;;Colisão Transversal;Via Iluminada;Bom;Seca;Cruz;Semáforo;Comercial;0;1;1;0;0;0;0;0;0;1;0;0;-38,557568;-3,734232
277310;30;3;2016;13:15;0;AV TRISTAO GONCALVES;;;;;Colisão Traseira;Luz do Dia;Bom;Seca;Meio de Quadra;Semáforo;Escola;0;0;2;1;0;0;0;0;0;0;0;0;;
277318;30;3;2016;11:00;0;AV ABOLICAO;;;;;Colisão Traseira;Luz do Dia;Chuva;Molhada;Meio de Quadra;Semáforo;Comercial;0;0;3;1;0;0;0;0;0;0;0;0;;
277315;30;3;2016;08:30;25068;RUA STA QUITERIA;AV DOS EXPEDICIONARIOS;;;;Colisão Lateral;Luz do Dia;Chuva;Molhada;Rotatória;Semáforo;Misto;0;0;2;1;0;0;0;0;0;1;0;0;-38,539477;-3,759299
277370;30;3;2016;07:30;12846;RUA SALDANHA MARINHO;RUA BAR RIO BRANCO;;;;Colisão Transversal;;Chuva;Molhada;T;;Comercial;0;0;2;1;0;0;0;0;0;0;0;0;-38,533128;-3,741709
277357;30;3;2016;18:00;832;RUA DR PEDRO ROCHA;RUA DR AMADEU SA;;;;Colisão Lateral;Via Iluminada;Bom;Seca;;Não Há Controle;Comercial;0;0;2;0;0;0;1;0;0;0;0;0;-38,517396;-3,775019
277390;30;3;2016;14:30;12925;AV DOMINGOS OLIMPIO;AV ANTONIO SALES;;;;Colisão Transversal;Luz do Dia;Bom;Seca;Cruz;Semáforo;Comercial;0;0;2;1;1;0;0;0;0;0;0;0;-38,523589;-3,738574
277392;30;3;2016;19:00;0;AV ABOLICAO;;;;;Colisão Lateral;Via Iluminada;Nublado;Seca;Meio de Quadra;Não Há Controle;Comercial;0;0;2;0;0;0;1;0;0;0;0;0;;
277393;30;3;2016;20:30;24397;RUA ALM RUFINO;RUA JORGE ACURCIO;;;;Colisão Lateral;Anoitecer;Bom;Seca;Cruz;Pare;Residencial;0;0;2;1;0;0;0;0;0;0;0;0;-38,532951;-3,768224
277396;30;3;2016;21:00;0;RUA PRO JOSE BONIFACIO;;;;;Colisão Traseira;;Bom;Seca;Meio de Quadra;Não Há Controle;Comercial;0;0;2;1;0;0;0;0;0;0;0;0;;
277398;30;3;2016;18:10;0;AV A CJ CEARA;;;;;Colisão Lateral;;Bom;;Meio de Quadra;;Comercial;0;0;2;1;0;0;0;0;0;1;0;0;;
277405;30;3;2016;15:05;5077;AV ALBERTO NEPOMUCENO;AV PRS CASTELO BRANCO;;;;Colisão Lateral;Luz do Dia;;Seca;T;Não Há Controle;Outros;0;0;2;1;0;0;1;0;0;0;0;0;-38,523857;-3,722425
277419;30;3;2016;12:10;0;RUA SEIS COMPANHEIROS;;;;;Colisão Lateral;Luz do Dia;Bom;Seca;Meio de Quadra;Pare;Residencial;0;0;2;0;0;0;1;0;0;0;0;0;;
277422;30;3;2016;06:20;9094;AV SORIANO ALBUQUERQUE;RUA CEL PERGENTINO FERREIRA;;;;Colisão Transversal;Luz do Dia;Chuva;Molhada;Cruz;Pare;Misto;0;0;2;1;0;0;0;0;0;0;0;0;-38,521682;-3,747601
277416;30;3;2016;10:30;0;AV EDUARDO GIRAO;;;;;Colisão Traseira;Luz do Dia;Chuva;Molhada;Meio de Quadra;Semáforo;Comercial;0;0;2;1;0;0;0;0;0;0;0;0;;
277413;30;3;2016;16:10;0;AV DOM MANUEL;;;;;Colisão Lateral;Luz do Dia;Bom;Seca;Meio de Quadra;Não Há Controle;Residencial;0;0;2;1;0;0;0;0;0;1;0;0;;
277384;30;3;2016;08:40;7849;RUA JOSE VILAR;RUA FRANCISCO HOLANDA;;;;Colisão Transversal;Luz do Dia;Bom;;Cruz;Pare;Residencial;0;0;2;1;0;0;0;0;0;0;0;0;-38,508441;-3,747448
277418;31;3;2016;16:45;1461;AV BAR STUDART;RUA CATAO MAMEDE;;;;Colisão Lateral;Luz do Dia;;;Cruz;Não Há Controle;Comercial;0;0;2;1;1;0;0;0;0;0;0;0;-38,50787;-3,738583
277423;31;3;2016;22:00;25419;AV ALM HENRIQUE SABOIA;RUA JULIO ABREU;;;;Colisão Traseira;;;;Cruz;Semáforo;Comercial;0;0;3;1;0;0;0;0;0;0;0;0;-38,485245;-3,736144
277421;31;3;2016;10:00;0;AV JOAO DE ARAUJO LIMA;;;635;;Colisão Traseira;Luz do Dia;;;Meio de Quadra;;;0;0;2;1;0;0;0;0;0;0;0;0;-38,559387;-3,82769
277426;31;3;2016;11:00;12445;AV SEN FERNANDES TAVORA;TR HELENA DE MARIA;;;;Colisão Traseira;Luz do Dia;;;Cruz;Não Há Controle;Comercial;0;0;2;1;0;0;0;0;0;0;0;0;-38,574916;-3,766094
277411;31;3;2016;13:20;23453;RUA PAULO FIRMEZA;RUA CAP MELO;;;;Colisão Transversal;Luz do Dia;;;Cruz;Pare;Residencial;0;0;2;1;0;0;0;0;0;0;0;0;-38,512966;-3,757131
277399;31;3;2016;19:50;1572;AV DES MOREIRA;RUA VICENTE LINHARES;;;;Outros;;;;Cruz;Semáforo;;0;1;1;0;0;0;0;0;0;1;0;0;-38,500253;-3,742153
277397;31;3;2016;10:30;25027;AV DR SILAS MUNGUBA;RUA PRA STELLA COCHRANE;;;;Colisão Traseira;Luz do Dia;;;Cruz;Semáforo;Comercial;0;0;3;1;0;0;0;0;0;1;0;0;-38,535043;-3,79309
277394;31;3;2016;;0;AV PRS CASTELO BRANCO;;;2988;;Colisão Traseira;;;;Meio de Quadra;;;0;0;2;1;1;0;0;0;0;0;0;0;-38,555634;-3,71186
277433;31;3;2016;17:00;0;RUA ILDEFONSO ALBANO;;;447;;Colisão Lateral;Anoitecer;;;Meio de Quadra;;;0;0;2;1;0;0;0;0;0;0;0;0;-38,510544;-3,724803
277440;31;3;2016;00:30;0;AV SANTOS DUMONT;;;6610;;Choque c/ Obstáculo Fixo;;;;Meio de Quadra;;;0;1;0;0;0;0;0;0;0;0;0;0;-38,473485;-3,744255
277450;31;3;2016;11:00;17310;RUA ALVARO FERNANDES;RUA ALBERTO MAGNO;;;;Colisão Transversal;Luz do Dia;Nublado;Seca;Cruz;Semáforo;Comercial;0;0;2;0;1;0;0;0;0;0;0;0;-38,549422;-3,764244
277447;31;3;2016;11:30;0;AV SANTOS DUMONT;;;5150;;Colisão Traseira;Luz do Dia;;;Meio de Quadra;;;0;0;2;1;0;0;1;0;0;0;0;0;-38,485326;-3,740445
277458;31;3;2016;13:30;5099;AV TRISTAO GONCALVES;RUA SEN ALENCAR;;;;Colisão Lateral;Luz do Dia;Bom;Seca;Cruz;Pare;Comercial;0;0;2;1;1;0;0;0;0;0;0;0;-38,532122;-3,723524
277464;31;3;2016;10:00;0;AV PRS CASTELO BRANCO;;;;;Colisão Traseira;Luz do Dia;Chuva;Molhada;Meio de Quadra;Semáforo;Residencial;0;0;3;1;0;0;1;0;0;0;0;0;;
277472;31;3;2016;11:00;26261;RUA O (SAO BENTO);RUA E (SAO BENTO);;;;Colisão Transversal;Luz do Dia;Bom;Seca;Cruz;Pare;Residencial;0;0;2;1;0;0;0;0;0;1;0;0;;
277391;31;3;2016;14:00;1569;AV PDE ANTONIO TOMAS;RUA PRO DIAS DA ROCHA;;;;Colisão Traseira;Luz do Dia;;;Cruz;Não Há Controle;Comercial;0;0;3;1;0;0;1;0;0;0;0;0;-38,493771;-3,742076
277373;31;3;2016;09:30;0;AV JOVITA FEITOSA;;;3107;;Colisão Traseira;Luz do Dia;;;Meio de Quadra;;;0;0;2;1;0;0;0;0;0;0;0;0;-38,565476;-3,741704
277383;31;3;2016;09:00;6721;AV ENG SANTANA JUNIOR;RUA BENTO ALBUQUERQUE;;;;Colisão Lateral;Luz do Dia;;;Cruz;Semáforo;Misto;0;0;2;1;0;0;0;0;0;0;0;0;-38,486538;-3,742678
277352;31;3;2016;07:30;25127;AV ENG HUMBERTO MONTE;RUA BOLIVIA;;;;Colisão Transversal;Luz do Dia;;;Cruz;Pare;Comercial;0;1;1;1;0;0;0;0;0;1;0;0;-38,564826;-3,743796
277361;31;3;2016;09:30;9220;AV 13 DE MAIO;RUA NAPOLEAO LAUREANO;;;;Colisão Lateral;Luz do Dia;;;Cruz;Semáforo;Comercial;0;0;3;1;0;0;0;0;0;0;0;0;-38,528825;-3,749758
284963;31;3;2016;11:43;0;RUA JOSE MENDONCA;;;427;;Outros;Luz do Dia;;;Meio de Quadra;;;0;0;2;0;0;0;0;0;0;0;0;0;-38,602466;-3,758629
284974;31;3;2016;12:26;0;RUA VIS CAIRU;;;438;;Outros;Luz do Dia;;;Meio de Quadra;;;0;0;2;0;0;0;0;0;0;0;0;0;;
285016;31;3;2016;22:01;23424;RUA HERMINIO BARROSO;RUA MON SALAZAR;;;;Colisão;;;;Cruz;Pare;Comercial;0;0;2;0;0;0;0;0;0;0;0;0;-38,51116;-3,755854
285017;31;3;2016;23:27;25345;RUA PORTO VELHO;RUA VITORIA (AV. PERIMETRAL);;;;Colisão;;;;Cruz;Semáforo;Residencial;0;0;2;0;0;0;0;0;0;0;0;0;-38,588528;-3,76517
284981;31;3;2016;12:27;15832;RUA PDE PEDRO DE ALENCAR;RUA EDUARDO PORTO;;;;Colisão;Luz do Dia;;;;;;0;0;2;0;0;0;0;0;0;0;0;0;-38,494029;-3,832741
284995;31;3;2016;12:59;0;AV DR THEBERGE;;;3100;;Colisão;Luz do Dia;;;Meio de Quadra;;;0;0;2;0;0;0;0;0;0;0;0;0;;
284996;31;3;2016;13:12;19108;RUA DES WALDETARIO P MOTA;RUA PRO SILAS RIBEIRO;;;;Colisão;Luz do Dia;;;T;Não Há Controle;Residencial;0;0;2;0;0;0;0;0;0;0;0;0;-38,481383;-3,738034
284997;31;3;2016;13:19;0;RUA MON SALAZAR;;;744;;Colisão;Luz do Dia;;;Meio de Quadra;;;0;0;2;0;0;0;0;0;0;0;0;0;;
284992;31;3;2016;12:29;0;RUA TEODOMIRO DE CASTRO;;;4220;;Colisão;Luz do Dia;;;Meio de Quadra;;;0;0;2;0;0;0;0;0;0;0;0;0;-38,571715;-3,719067
285000;31;3;2016;15:01;0;RUA PEREIRA VALENTE;;;1401;;Colisão;Luz do Dia;;;Meio de Quadra;;;0;0;2;0;0;0;0;0;0;0;0;0;-38,488042;-3,734811
285003;31;3;2016;17:09;17347;RUA ALBERTO MAGNO;RUA IRM BAZET;;;;Outros;Anoitecer;;;Cruz;Pare;Comercial;0;0;2;0;0;0;0;0;0;0;0;0;-38,550525;-3,765502
285005;31;3;2016;17:37;23453;RUA CAP MELO;RUA PAULO FIRMEZA;;;;Colisão;Anoitecer;;;Cruz;Pare;Residencial;0;0;2;0;0;0;0;0;0;0;0;0;-38,512966;-3,757131
285009;31;3;2016;17:51;1509;RUA BARBARA DE ALENCAR;AV BAR STUDART;;;;Colisão;Anoitecer;;;;Não Há Controle;Comercial;0;0;2;0;0;0;0;0;0;0;0;0;-38,508303;-3,739913
285010;31;3;2016;18:10;0;AV I CJ JOSE WALTER;;;;;Colisão;Anoitecer;;;Meio de Quadra;;;0;0;2;0;0;0;0;0;0;0;0;0;;
285007;31;3;2016;17:38;0;AV ENG SANTANA JUNIOR;;;;;Colisão;Anoitecer;;;Meio de Quadra;;;0;0;2;0;0;0;0;0;0;0;0;0;;
284880;31;3;2016;01:06;5335;RUA GOV SAMPAIO;RUA PINTO MADEIRA;;;;Choque c/ Obstáculo Fixo;;;;;;;0;0;1;0;0;0;0;0;0;0;0;0;-38,523908;-3,730631
284881;31;3;2016;11:18;0;AV SANTOS DUMONT;;;515;;Colisão;Luz do Dia;;;Meio de Quadra;;;0;0;2;0;0;0;0;0;0;0;0;0;-38,518748;-3,729605
284882;31;3;2016;11:19;0;AV PONTES VIEIRA;;;430;;Colisão;Luz do Dia;;;Meio de Quadra;;;0;0;2;0;0;0;0;0;0;0;0;0;-38,516749;-3,753106
284253;31;3;2016;07:23;9189;RUA MARIO MAMEDE;RUA CAMPO AMOR ROCHA;;;;Colisão;Luz do Dia;;;Cruz;Outros;Residencial;0;0;2;1;0;0;0;0;0;0;0;0;-38,525444;-3,754388
284279;31;3;2016;16:43;5346;RUA JOAO CORDEIRO;AV SANTOS DUMONT;;;;Colisão;Luz do Dia;;;Cruz;Semáforo;Comercial;0;0;2;1;0;0;1;0;0;0;0;0;-38,514781;-3,730878
284249;31;3;2016;07:21;0;AV FRANCISCO SA;;;3990;PRAÇA DO CARLITO;Colisão;Luz do Dia;;;Meio de Quadra;;;0;0;3;1;0;0;0;0;0;0;0;0;-38,560609;-3,716311
277778;31;3;2016;22:04;0;TR CASTELO;;;459;;Colisão;;;;Meio de Quadra;;;0;0;2;0;0;0;0;0;0;0;0;0;;
277779;31;3;2016;22:34;0;RUA ANTONIO AUGUSTO;;;630;;Colisão;;;;Meio de Quadra;;;0;0;2;0;0;0;0;0;0;0;0;0;-38,512095;-3,726031
281456;31;3;2016;03:40;25084;RUA BERNARDO MANUEL;AV BENJAMIM BRASIL;;;;Choque c/ Obstáculo Fixo;;;;T;Semáforo;Comercial;1;0;0;0;0;0;0;0;0;1;0;0;-38,554874;-3,81006
281458;31;3;2016;01:05;0;RUA PRIMEIRO DE MAIO D34;;;380;;Atropelamento;;;;Meio de Quadra;;;1;0;1;1;0;0;0;0;0;0;0;0;-38,585824;-3,783652
281462;31;3;2016;01:15;0;AV ENG HUMBERTO MONTE;;;1933;;Colisão;;;;Meio de Quadra;;;0;1;1;1;0;0;0;0;0;1;0;0;-38,56456;-3,744172
281465;31;3;2016;01:20;0;RUA MARIO MAMEDE;;;130;;Colisão;;;;Meio de Quadra;;;0;1;1;1;0;0;0;0;0;1;0;0;-38,524367;-3,755306
281466;31;3;2016;04:56;0;AV PERIMETRAL;;;;;Colisão;;;;Meio de Quadra;;;0;1;2;0;0;0;0;0;0;1;0;0;;
281467;31;3;2016;06:48;0;RUA CARIUS;;;438;;Colisão;Luz do Dia;;;Meio de Quadra;;;0;1;1;1;0;0;0;0;0;1;0;0;;
281468;31;3;2016;07:03;0;ET DO FIO (MESSEJANA);;;1525;;Colisão;Luz do Dia;;;Meio de Quadra;;;0;1;1;1;0;0;0;0;0;1;0;0;;
281469;31;3;2016;07:25;0;RUA CON DE CASTRO;;;4180;;Colisão;Luz do Dia;;;;;;0;1;1;0;0;0;1;0;0;1;0;0;-38,589565;-3,802279
281470;31;3;2016;07:36;0;RUA VITAL BRASIL;;;;;Colisão;Luz do Dia;;;Meio de Quadra;;;0;1;1;1;0;0;0;0;0;1;0;0;;
281471;31;3;2016;10:13;0;RUA ROSINHA SAMPAIO;;;98;;Queda;Luz do Dia;;;Meio de Quadra;;;0;1;0;0;0;0;0;0;0;1;0;0;;
281472;31;3;2016;10:19;25013;RUA ADOLFO B DE MENEZES;RUA TEODOMIRO DE CASTRO;;;;Colisão;Luz do Dia;;;Cruz;Pare;Residencial;0;1;1;1;0;0;0;0;0;1;0;0;-38,577425;-3,716619
281473;31;3;2016;10:43;17347;RUA ALBERTO MAGNO;RUA IRM BAZET;;;;Colisão;Luz do Dia;;;Cruz;Pare;Comercial;0;1;1;1;0;0;0;0;0;1;0;0;-38,550525;-3,765502
281474;31;3;2016;10:55;0;RUA CARLOS VASCONCELOS;;;977;;Colisão;Luz do Dia;;;;;;0;1;1;0;0;0;0;0;0;1;0;0;-38,509959;-3,730402