COD_ACIDENTE;DIA;MES;ANO;HORA;INTERSECAO;LOG1;LOG2;LOG3;NUMERO;REFERENCIA;NATUREZA;ILUMINACAO;TEMPO;SUPERFICIEPISTA;TIPOCRUZAMENTO;CONTROLETRAFEGO;USOSOLO;MORTOS;FERIDOS;ILESOS;AUTOMOVEL;ONIBUS;BICICLETA;CAMINHAO;MICROONIBUS;CICLOMOTOR;MOTOCICLETA;TRACAOANIMAL;TREM;LONG;LAT
281475;31;3;2016;11:47;0;AV GAL OSORIO DE PAIVA;;;842;;Atropelamento;Luz do Dia;;;Meio de Quadra;;;0;0;2;0;0;0;0;0;0;0;0;0;-38,56968;-3,777632
281478;31;3;2016;12:31;25119;RUA BAR AQUIRAZ;RUA MIGUEL COUTO;;;;Colisão;Luz do Dia;;;Cruz;Pare;Residencial;0;1;1;1;0;0;0;0;0;1;0;0;-38,487996;-3,837441
281479;31;3;2016;12:51;0;RUA DES HERMES PARAHYBA;;;1017;;Queda;Luz do Dia;;;Meio de Quadra;;;0;1;0;0;0;0;0;0;0;1;0;0;-38,593114;-3,712656
281480;31;3;2016;13:12;0;RUA OSCAR ARARIPE;;;1473;;Queda;Luz do Dia;;;Meio de Quadra;;;0;1;0;0;0;1;0;0;0;0;0;0;-38,604457;-3,789554
281481;31;3;2016;14:19;0;RUA BIAS MENDES;;;1523;;Colisão;Luz do Dia;;;Meio de Quadra;;;0;1;1;1;0;0;0;0;0;1;0;0;;
281482;31;3;2016;14:21;0;RUA BIAS MENDES;;;1517;;Atropelamento;Luz do Dia;;;Meio de Quadra;;;0;1;1;0;0;0;0;0;0;1;0;0;;
281484;31;3;2016;14:51;0;AV DUQ CAXIAS;;;738;;Colisão;Luz do Dia;;;Meio de Quadra;;;0;1;1;1;0;0;0;0;0;1;0;0;-38,531072;-3,731403
281485;31;3;2016;15:13;0;RUA PORTO VELHO;;;;;Colisão;Luz do Dia;;;Meio de Quadra;;;0;1;1;0;0;0;0;0;0;1;0;0;;
280517;1;4;2016;10:20;9952;RUA JOSE TORRES;RUA EMILIO DE MENESES;;;;Colisão;Luz do Dia;;;Cruz;Pare;Comercial;0;0;2;1;0;0;0;0;0;0;0;0;-38,606283;-3,776425
280541;1;4;2016;19:42;0;AV DR SILAS MUNGUBA;;;3666;;Colisão;;;;Meio de Quadra;;;0;0;2;1;0;0;0;0;0;0;0;0;-38,540801;-3,790219
277805;1;4;2016;13:23;24229;AV ENG SANTANA JUNIOR;AV ENG ALBERTO SA;;;;Colisão Lateral;Luz do Dia;;;Cruz;Semáforo;Comercial;0;0;2;0;0;0;0;0;0;0;0;0;-38,480624;-3,733357
277816;1;4;2016;10:20;1325;RUA JOAQUIM NABUCO;AV SANTOS DUMONT;;;;;Luz do Dia;;;Cruz;Semáforo;Comercial;0;0;1;1;0;0;0;0;0;0;0;0;-38,501285;-3,735295
277838;1;4;2016;07:50;3401;AV JOSE BASTOS;RUA VIRIATO RIBEIRO;;;;Colisão;Luz do Dia;;;;Não Há Controle;Comercial;0;1;2;0;0;0;0;0;0;1;0;0;-38,556028;-3,755554
277685;1;4;2016;02:45;22886;RUA INACIO PARENTE;RUA BERNARDO MANUEL;;;;Colisão Lateral;Luz do Dia;;;Cruz;Semáforo;Comercial;0;1;1;1;0;0;0;0;0;1;0;0;-38,546074;-3,781268
277665;1;4;2016;08:00;5420;RUA METON DE ALENCAR;RUA SEN POMPEU;;;;Colisão Lateral;Luz do Dia;;;Cruz;Semáforo;Comercial;0;0;3;1;0;0;0;0;0;0;0;0;-38,531575;-3,733376
277676;1;4;2016;10:04;7857;RUA HENRIQUETA GALENO;RUA PRO DIAS DA ROCHA;;;;Colisão Traseira;Luz do Dia;;;Cruz;Pare;Misto;0;0;2;1;0;0;0;0;0;0;0;0;-38,495244;-3,746681
277651;1;4;2016;21:10;9075;AV AGUANAMBI;RUA CEL JOSE EUCLIDES;;;;Colisão Lateral;;;;T;Outros;Comercial;0;0;2;1;0;0;0;0;0;0;0;0;-38,523383;-3,752233
277611;1;4;2016;04:30;11675;RUA DIOGO CORREIA;RUA PRO HERIBALDO COSTA;;;;Colisão Transversal;;;;Cruz;Pare;Residencial;0;1;1;1;1;0;0;0;0;0;0;0;-38,590102;-3,770996
277620;1;4;2016;11:10;1611;RUA CEL JUCA;RUA VICENTE LINHARES;;;;Colisão Transversal;Luz do Dia;;;Cruz;Pare;Residencial;0;0;2;1;0;0;0;0;0;0;0;0;-38,49343;-3,744356
277594;1;4;2016;18:00;0;AV DES GONZAGA;;;;;Colisão Transversal;Anoitecer;;;Meio de Quadra;;;0;1;1;0;0;0;0;0;0;1;0;0;;
277588;1;4;2016;01:30;3768;AV TRISTAO GONCALVES;AV DOMINGOS OLIMPIO;;;;Colisão Lateral;;;;Cruz;Semáforo;Comercial;0;0;2;1;0;0;0;0;0;0;0;0;-38,535613;-3,735133
277591;1;4;2016;03:00;0;RUA CEL MATOS DOURADO;;;;;Capotamento;;;;Meio de Quadra;;;0;0;1;1;0;0;0;0;0;0;0;0;;
277575;1;4;2016;16:15;0;AV PASTEUR;;;;;Colisão Transversal;Luz do Dia;;;Meio de Quadra;;;0;0;2;1;0;0;0;0;0;0;0;0;;
277568;1;4;2016;15:45;26073;AV JOSE JATAHY;AV FRANCISCO SA;;;;Colisão Lateral;Luz do Dia;;;Cruz;Semáforo;Comercial;0;0;2;1;0;0;0;0;0;0;0;0;;
282917;1;4;2016;06:54;0;AV GOV RAUL BARBOSA;;;7223;;Colisão;Luz do Dia;;;Meio de Quadra;;;0;1;0;1;0;0;0;0;0;1;0;0;;
282918;1;4;2016;07:40;0;AV DIOGUINHO;;;580;;Queda;Luz do Dia;;;Meio de Quadra;;;0;1;0;0;0;0;0;0;0;1;0;0;;
282919;1;4;2016;09:14;0;RUA NEREU RAMOS;;;190;;Colisão;Luz do Dia;;;Meio de Quadra;;;0;1;0;1;0;0;0;0;0;1;0;0;-38,568562;-3,786612
282920;1;4;2016;10:13;0;RUA MOURA MATOS;;;1550;;Queda;Luz do Dia;;;Meio de Quadra;;;0;1;0;0;0;0;0;0;0;1;0;0;;
282922;1;4;2016;10:50;0;RUA LAURO MAIA;;;100;;Atropelamento;Luz do Dia;;;Meio de Quadra;;;0;1;0;0;0;0;0;0;0;1;0;0;-38,524148;-3,741312
286057;1;4;2016;09:11;19833;AV ENG HUMBERTO MONTE;AV JOVITA FEITOSA;;;;Colisão;Luz do Dia;Bom;Seca;Cruz;Semáforo;Comercial;0;0;2;0;0;0;0;0;0;0;0;0;-38,566544;-3,741963
286093;1;4;2016;05:22;19375;RUA NAPOLEAO QUEZADO;RUA CON DE CASTRO;;;;Choque c/ Obstáculo Fixo;Amanhecer;;;Cruz;Pare;Misto;0;0;1;1;0;0;0;0;0;0;0;0;-38,566777;-3,777706
282912;1;4;2016;06:15;0;AV PRS CASTELO BRANCO;;;4752;;Colisão;Luz do Dia;;;Meio de Quadra;;;0;1;0;0;0;0;1;0;0;1;0;0;-38,574633;-3,706116
282907;1;4;2016;02:10;0;AV MR HULL;;;2945;UFC;Queda;;;;Meio de Quadra;;;0;1;0;0;0;0;0;0;0;1;0;0;-38,570823;-3,736838
282908;1;4;2016;02:16;0;RUA VITAL BRASIL;;;1350;;Colisão;;;;Meio de Quadra;;;0;1;0;1;0;0;0;0;0;1;0;0;-38,593131;-3,779388
282900;1;4;2016;02:00;0;AV SGT HERMINIO SAMPAIO;;;4400;;Colisão;;;;Meio de Quadra;;;0;1;0;1;0;0;0;0;0;1;0;0;-38,579457;-3,731601
282902;1;4;2016;02:04;24348;RUA JORGE ACURCIO;RUA ARMANDO MONTEIRO;;;;Colisão;;;;Cruz;Pare;Residencial;0;1;0;1;0;0;0;0;0;1;0;0;-38,531744;-3,765184
282891;1;4;2016;01:42;24229;AV ENG ALBERTO SA;AV ENG SANTANA JUNIOR;;;;Atropelamento;;;;Cruz;Semáforo;Comercial;0;1;0;0;0;0;0;0;0;1;0;0;-38,480624;-3,733357
282897;1;4;2016;01:50;0;RUA CANDIDO MAIA;;;294;FROTINHA ANT. BEZERRA;Atropelamento;;;;Meio de Quadra;;;0;1;0;0;0;0;0;0;0;1;0;0;;
282887;1;4;2016;01:07;0;AV JOSE BASTOS;;;2088;;Colisão;;;;Meio de Quadra;;;0;1;0;0;0;0;0;0;0;0;0;0;;
282874;1;4;2016;00:13;0;AV FRE CIRILO;;;4454;;Atropelamento;;;;Meio de Quadra;;;0;1;0;1;0;0;0;0;0;0;0;0;-38,495229;-3,822332
282882;1;4;2016;00:58;0;RUA CESAR CORREIA;;;720;;Colisão;;;;Meio de Quadra;;;0;1;0;0;0;0;0;0;0;0;0;0;;
282877;1;4;2016;00:53;0;RUA DIOGO CORREIA;;;336;;Colisão;;;;Meio de Quadra;;;0;1;0;0;0;0;0;0;0;0;0;0;;
282904;1;4;2016;02:05;0;AV AUGUSTO DOS ANJOS;;;2088;;Colisão;;;;;;;0;1;0;1;0;0;0;0;0;1;0;0;-38,582447;-3,783955
278433;1;4;2016;00:40;4633;AV VIENA WEYNE;RUA DR JOSE FURTADO;;;;Colisão Traseira;;;;;;;0;0;2;1;0;0;0;0;0;0;0;0;-38,488662;-3,801201
278429;1;4;2016;07:30;2490;RUA IRINEU DE SOUZA;RUA CESAR CORREIA;;;;;Luz do Dia;;;Cruz;Pare;Residencial;0;1;0;0;0;0;0;0;0;1;0;0;-38,572377;-3,709333
278420;1;4;2016;20:30;0;AV DR SILAS MUNGUBA;;;4241;;Colisão Traseira;;;;Meio de Quadra;;;0;0;2;1;0;0;0;0;0;0;0;0;-38,537743;-3,79127
278407;1;4;2016;07:30;6733;AV ENG SANTANA JUNIOR;RUA ANDRADE FURTADO;;;;Colisão Lateral;Luz do Dia;;;T;Pare;Misto;0;1;1;1;0;0;0;0;0;1;0;0;-38,487269;-3,743312
278391;1;4;2016;16:55;11852;AV FRANCISCO SA;RUA ADRIANISTA;;;;Colisão Transversal;Luz do Dia;;;T;Pare;Residencial;0;0;2;1;1;0;0;0;0;0;0;0;-38,546023;-3,721126
278399;1;4;2016;07:05;0;RUA PEREIRA VALENTE;;;149;;Colisão Lateral;Luz do Dia;;;Meio de Quadra;;;0;1;1;1;0;0;0;0;0;1;0;0;;
278383;1;4;2016;15:00;0;AV SEN FERNANDES TAVORA;;;1599;;Colisão Traseira;Luz do Dia;;;Meio de Quadra;;;0;0;2;1;0;0;0;0;0;0;0;0;-38,586858;-3,759677
278316;1;4;2016;20:00;0;RUA DR JOSE FURTADO;;;1560;;Colisão Traseira;;;;Meio de Quadra;;;0;0;2;1;0;0;0;0;0;0;0;0;-38,488256;-3,797479
278321;1;4;2016;07:15;1578;RUA OSVALDO CRUZ (ALDEOTA);RUA GAL TERTULIANO POTYGUARA;;;;Colisão Traseira;Luz do Dia;;;Cruz;Pare;Comercial;0;0;2;1;0;0;0;0;0;0;0;0;-38,502538;-3,74248
278310;1;4;2016;18:30;20136;AV DEP PAULINO ROCHA;RUA ITABORAI D68;;;;Colisão Transversal;Anoitecer;;;T;Não Há Controle;Comercial;0;0;2;1;0;0;0;0;0;0;0;0;-38,51783;-3,810527
278914;1;4;2016;18:00;0;AV SEN CARLOS JEREISSATI (AEROPORTO);;;;KM 01;Colisão;Anoitecer;Nublado;Molhada;Meio de Quadra;;;0;0;2;0;1;0;0;0;0;0;0;0;-38,52685;-3,783753
278915;1;4;2016;20:25;0;AV SEN CARLOS JEREISSATI (AEROPORTO);;;;KM 03;Colisão;Via Iluminada;Bom;Seca;Meio de Quadra;;;0;1;1;1;0;0;0;0;0;0;0;0;-38,544038;-3,779641
278910;1;4;2016;16:20;0;AV SEN CARLOS JEREISSATI (AEROPORTO);;;;KM 01;Colisão;Luz do Dia;Bom;Seca;Meio de Quadra;;;0;0;2;0;0;0;1;0;0;0;0;0;-38,52685;-3,783753
278891;1;4;2016;17:40;0;AV MIN JOSE AMERICO;;;;;Colisão;Anoitecer;Bom;Seca;Meio de Quadra;;;0;0;2;1;0;0;0;0;0;0;0;0;;
286041;1;4;2016;07:12;0;AV DEP PAULINO ROCHA;;;;;Colisão;Luz do Dia;;;Meio de Quadra;;;0;0;2;0;0;0;0;0;0;0;0;0;;
285939;1;4;2016;06:05;760;RUA FREDERICO ANDRADE;AV TEN LISBOA;;;;Colisão;Luz do Dia;;;;;;0;1;1;0;0;0;0;0;0;1;0;0;-38,563772;-3,719823
277999;1;4;2016;21:00;7837;RUA TOMAS ACIOLI;RUA OSVALDO CRUZ (ALDEOTA);;;;Colisão Transversal;;;;Cruz;Pare;Residencial;1;0;1;1;0;0;0;0;0;1;0;0;-38,50397;-3,746886
277975;1;4;2016;18:25;19166;RUA JULIO AZEVEDO;RUA JOAQUIM LIMA;;;;Colisão Transversal;Anoitecer;;;Cruz;Pare;Residencial;0;1;1;0;1;0;0;0;1;0;0;0;-38,481001;-3,74092
277961;1;4;2016;01:08;18122;AV DIOGUINHO;RUA CEL JOAO DE ALENCAR;;;;Colisão Transversal;;;;Cruz;Não Há Controle;Comercial;0;2;0;0;0;0;0;0;0;1;0;0;-38,449778;-3,74812
277933;1;4;2016;08:32;21369;AV JOVITA FEITOSA;RUA CARVALHO MOTA;;;;Engavetamento;Luz do Dia;;;Cruz;Pare;Comercial;0;0;4;1;0;0;0;0;0;0;0;0;-38,544748;-3,737437
277958;1;4;2016;10:15;19708;RUA GUSTAVO SAMPAIO;RUA PRO LINO ENCARNACAO;;;;Colisão Lateral;Luz do Dia;;;Cruz;Pare;Comercial;0;0;2;1;0;0;0;0;0;0;0;0;-38,561651;-3,736332
278044;1;4;2016;07:20;0;RUA MARIA GOMES DE SA;;;102;;Colisão Lateral;Luz do Dia;;;Meio de Quadra;;;0;0;2;1;0;0;1;0;0;0;0;0;;
278008;1;4;2016;15:45;0;RUA MIN ALBUQUERQUE LIMA;;;947;;Colisão Lateral;Luz do Dia;;;Meio de Quadra;;;0;0;2;1;0;0;0;0;0;0;0;0;;
278022;1;4;2016;12:59;0;AV ENG HUMBERTO MONTE;;;447;;Colisão Traseira;Luz do Dia;;;Meio de Quadra;;;0;0;2;1;0;0;0;0;0;0;0;0;-38,556192;-3,754197
278030;1;4;2016;14:30;0;RUA PDE PEDRO DE ALENCAR;;;221;;Colisão Lateral;Luz do Dia;;;Meio de Quadra;;;0;0;3;1;0;0;0;0;0;1;0;0;-38,493708;-3,82943
278108;1;4;2016;16:00;0;RUA TOMAS POMPEU;;;343;;Choque c/ Obstáculo Fixo;Luz do Dia;;;Meio de Quadra;;;0;1;0;1;0;0;0;0;0;0;0;0;-38,504948;-3,726238
278113;1;4;2016;20:05;17347;RUA ALBERTO MAGNO;RUA IRM BAZET;;;;Colisão Transversal;;;;Cruz;Pare;Comercial;0;0;2;1;0;0;0;0;0;1;0;0;-38,550525;-3,765502
278101;1;4;2016;09:30;0;AV JOVITA FEITOSA;;;420;;Colisão Traseira;Luz do Dia;;;Meio de Quadra;;;0;0;2;1;0;0;0;0;0;0;0;0;-38,547407;-3,737981
278120;1;4;2016;15:00;0;AV DOMINGOS OLIMPIO;;;918;;Engavetamento;Luz do Dia;;;Meio de Quadra;;;0;0;3;1;0;0;0;0;0;0;0;0;-38,532299;-3,736305
278133;1;4;2016;19:20;19271;RUA CAIO PRADO;AV GAL OSORIO DE PAIVA;;;;Colisão Frontal;;;;Cruz;Pare;Comercial;0;0;2;1;0;0;0;0;0;0;0;0;-38,563447;-3,77319
278145;1;4;2016;21:00;0;RUA CON DE CASTRO;;;956;;Colisão Lateral;;;;Meio de Quadra;;;0;0;2;1;1;0;0;0;0;0;0;0;-38,570245;-3,781544
278159;1;4;2016;15:00;9096;AV 13 DE MAIO;RUA LAURO MAIA;;;;Atropelamento;Luz do Dia;;;T;Pare;Misto;0;1;1;0;0;0;0;0;0;1;0;0;-38,521582;-3,753653
283278;1;4;2016;08:10;0;RD BR 116;;;0;KM-14;Queda;Luz do Dia;Chuva;Molhada;Meio de Quadra;;;0;1;0;0;0;0;0;0;0;1;0;0;-38,49954149;-3,874582847
278222;1;4;2016;06:00;12835;AV DOMINGOS OLIMPIO;RUA SOLON PINHEIRO;;;;Colisão Transversal;Luz do Dia;;;Cruz;Semáforo;Comercial;0;0;2;1;0;0;0;0;0;0;0;0;-38,52865;-3,737409
278181;1;4;2016;15:00;0;AV 13 DE MAIO;;;95;;Colisão Lateral;Luz do Dia;;;Meio de Quadra;;;0;0;2;1;0;0;0;0;0;0;0;0;-38,5215;-3,753644
278238;1;4;2016;17:00;0;RUA JOAQUIM JERONIMO;;;436;;Colisão Lateral;Anoitecer;;;Meio de Quadra;;;0;0;2;1;0;0;1;0;0;0;0;0;;
278226;1;4;2016;15:30;0;RUA ANTONIO BARROS;;;356;;Colisão Traseira;Luz do Dia;;;Meio de Quadra;;;0;0;3;1;1;0;0;0;0;0;0;0;;
278300;1;4;2016;07:15;0;AV PLACIDO CASTELO;;;;;Colisão Lateral;Luz do Dia;;;Meio de Quadra;;;0;0;2;1;0;0;0;0;0;0;0;0;;
282945;1;4;2016;17:05;0;AV GAL OSORIO DE PAIVA;;;2955;;Colisão;Anoitecer;;;Meio de Quadra;;;0;1;0;0;0;0;0;0;0;0;0;0;-38,587085;-3,789314
282937;1;4;2016;15:48;0;RUA POE MARIO LINHARES (J.WALTER);;;816;;Atropelamento;Luz do Dia;;;Meio de Quadra;;;0;1;0;1;0;0;0;0;0;0;0;0;;
282932;1;4;2016;15:06;0;AV DES GONZAGA;;;10;;Colisão;Luz do Dia;;;Meio de Quadra;;;0;1;0;1;0;0;0;0;0;1;0;0;;
282933;1;4;2016;15:31;0;AV GODOFREDO MACIEL;;;6348;;Colisão;Luz do Dia;;;Meio de Quadra;;;0;1;0;0;0;0;0;0;0;1;0;0;-38,58126;-3,831901
282926;1;4;2016;13:19;0;AV FRANCISCO SA;;;6440;;Colisão;Luz do Dia;;;Meio de Quadra;;;0;1;0;1;0;0;0;0;0;1;0;0;-38,582004;-3,708791
282923;1;4;2016;12:10;0;AV PRO JOSE ARTHUR CARVALHO;;;725;;Queda;Luz do Dia;;;Meio de Quadra;;;0;1;0;0;0;1;0;0;0;0;0;0;-38,473416;-3,826492
282924;1;4;2016;13:04;0;RUA MIGUEL GURGEL;;;;;Atropelamento;Luz do Dia;;;Meio de Quadra;;;0;1;0;1;0;0;0;0;0;0;0;0;;
282951;1;4;2016;19:18;0;AV JOVITA FEITOSA;;;125;;Colisão;;;;Meio de Quadra;;;0;1;0;1;0;0;0;0;0;1;0;0;-38,544828;-3,737452
282953;1;4;2016;20:51;0;RUA BAR AQUIRAZ;;;1999;;Colisão;;;;Meio de Quadra;;;0;0;1;0;0;0;0;0;0;0;0;0;-38,481723;-3,844286
282941;1;4;2016;16:09;25227;AV D CJ CEARA;AV A CJ CEARA;;;;Colisão;Luz do Dia;;;;;;0;1;0;1;0;0;0;0;0;0;0;0;-38,601152;-3,766922
282947;1;4;2016;17:58;0;AV ALM HENRIQUE SABOIA;;;;;Colisão;Anoitecer;;;Meio de Quadra;;;0;1;0;1;0;0;0;0;0;1;0;0;;
282948;1;4;2016;18:05;0;RUA EDSON MARTINS;;;3728;;Colisão;Anoitecer;;;Meio de Quadra;;;0;1;0;1;0;0;0;0;0;1;0;0;-38,624452;-3,78272
282956;2;4;2016;00:04;0;AV CEL CARVALHO;;;2025;;Atropelamento;;;;Meio de Quadra;;;0;1;0;0;0;0;0;0;0;1;0;0;-38,587186;-3,720321
282963;2;4;2016;00:55;0;AV AGUANAMBI;;;;ROTATÓRIA;Queda;;;;Meio de Quadra;;;0;1;0;0;0;0;0;0;0;1;0;0;;
282982;2;4;2016;01:00;0;ET DO ANCURI;;;235;;Colisão;;;;Meio de Quadra;;;0;1;0;0;0;0;0;0;0;0;0;0;;
283010;2;4;2016;04:01;0;AV GAL OSORIO DE PAIVA;;;4617;;Colisão;;;;Meio de Quadra;;;0;1;0;1;0;0;0;0;0;1;0;0;-38,596697;-3,799201
283002;2;4;2016;03:48;25648;RUA FRE ODILON;RUA EDGAR FALCAO;;;;Colisão;;;;Cruz;Pare;Residencial;0;1;1;0;0;1;0;0;0;0;0;0;-38,572629;-3,732485
282997;2;4;2016;01:28;7633;AV CARNEIRO DE MENDONCA;RUA RIO GRANDE DO SUL;;;;Colisão;;;;Cruz;Semáforo;Misto;0;1;0;0;0;0;0;0;0;0;0;0;-38,570011;-3,762374
282998;2;4;2016;02:35;0;RUA RIO GRANDE DO SUL;;;2045;;Colisão;;;;Meio de Quadra;;;0;1;0;1;0;0;0;0;0;1;0;0;-38,57151;-3,765495
283064;2;4;2016;04:15;0;AV ENG LEAL LIMA VERDE (SAPIRANGA/COITE);;;570;;Colisão;;;;Meio de Quadra;;;0;1;0;0;0;0;0;0;0;0;0;0;;
283065;2;4;2016;04:37;0;AV DES FAUSTINO ALBUQUERQUE;;;222;;Colisão;;;;Meio de Quadra;;;0;1;0;1;0;0;0;0;0;0;0;0;-38,498216;-3,781539
283140;2;4;2016;12:38;0;AV FRE CIRILO;;;4785;;Colisão;Luz do Dia;;;Meio de Quadra;;;0;3;0;1;0;0;0;0;0;1;0;0;-38,493375;-3,826631
283119;2;4;2016;11:59;23509;RUA ANA GONCALVES;RUA JOSE JUSTA;;;;Colisão;Luz do Dia;;;Cruz;Pare;Misto;0;1;0;1;0;0;0;0;0;1;0;0;-38,508492;-3,759173
283123;2;4;2016;12:06;0;AV SEN CARLOS JEREISSATI (AEROPORTO);;;;;Queda;Luz do Dia;;;Meio de Quadra;;;0;1;0;0;0;1;0;0;0;0;0;0;;
283125;2;4;2016;12:19;0;RUA G CJ VILA VELHA;;;209;;Atropelamento;Luz do Dia;;;Meio de Quadra;;;0;1;0;0;0;0;0;0;0;1;0;0;;
283109;2;4;2016;11:32;0;RUA PRO HERIBALDO COSTA;;;1593;;Colisão;Luz do Dia;;;Meio de Quadra;;;1;1;1;1;0;0;0;0;0;1;0;0;-38,586976;-3,765901
283107;2;4;2016;11:26;0;RUA PRO GOMES BRASIL;;;201;;Colisão;Luz do Dia;;;Meio de Quadra;;;0;1;0;1;0;0;0;0;0;1;0;0;-38,567652;-3,774031
283077;2;4;2016;11:11;0;AV JOAO PESSOA;;;4871;;Colisão;Luz do Dia;;;Meio de Quadra;;;0;1;0;0;0;0;0;0;0;0;0;0;-38,551746;-3,754984
283068;2;4;2016;05:09;0;RUA PEDRO SAMPAIO;;;;;Colisão;Amanhecer;;;Meio de Quadra;;;0;1;0;1;0;0;0;0;0;1;0;0;;
283069;2;4;2016;06:35;0;RUA PDE PEDRO DE ALENCAR;;;2200;;Colisão;Luz do Dia;;;Meio de Quadra;;;0;2;0;0;0;0;0;0;0;0;0;0;-38,494785;-3,848127
283070;2;4;2016;07:27;0;RUA JOSE MENDONCA;;;1035;;Colisão;Luz do Dia;;;Meio de Quadra;;;0;1;0;1;0;0;0;0;0;1;0;0;-38,601736;-3,754707
283071;2;4;2016;07:28;0;AV SEN FERNANDES TAVORA;;;1039;;Colisão;Luz do Dia;;;Meio de Quadra;;;0;1;0;1;0;0;0;0;0;1;0;0;-38,582363;-3,762077
283050;2;4;2016;04:14;0;AV PONTES VIEIRA;;;743;;Atropelamento;;;;Meio de Quadra;;;0;1;0;0;0;0;1;0;0;0;0;0;-38,514372;-3,752826
283073;2;4;2016;09:25;26236;RUA BERNARDO MANUEL;AV DR SILAS MUNGUBA;;;;Queda;Luz do Dia;;;Cruz;Semáforo;Residencial;0;1;0;0;0;0;0;0;0;1;0;0;-38,54796;-3,787538
283242;2;4;2016;20:22;7245;RUA ALVES LIMA;RUA WALTER POMPEU;;;;Colisão;;;;Cruz;Pare;Residencial;0;1;0;1;0;0;0;0;0;1;0;0;-38,569653;-3,711413
283250;2;4;2016;22:05;0;ET DO JATOBA;;;;;Queda;;;;Meio de Quadra;;;0;1;0;0;0;0;0;0;0;1;0;0;;
283238;2;4;2016;20:21;0;RUA WALTER POMPEU;;;791;;Colisão;;;;Meio de Quadra;;;0;1;0;1;0;0;0;0;0;1;0;0;-38,568787;-3,71173
283245;2;4;2016;20:44;6545;AV A CJ CEARA;AV H CJ CEARA;;;;Colisão;;;;;;;0;2;0;0;0;0;0;0;0;0;0;0;-38,605924;-3,775146
283246;2;4;2016;20:48;0;AV PLACIDO CASTELO;;;323;;Queda;;;;Meio de Quadra;;;0;1;0;0;0;0;0;0;0;1;0;0;-38,50962;-3,784315
283179;2;4;2016;13:47;0;AV PERIMETRAL;;;486;;Colisão;Luz do Dia;;;Meio de Quadra;;;0;1;0;1;0;0;0;0;0;1;0;0;;
283184;2;4;2016;14:03;0;RUA RAIMUNDO MATIAS;;;312;;Colisão;Luz do Dia;;;Meio de Quadra;;;0;1;0;1;0;0;0;0;0;1;0;0;;
283185;2;4;2016;15:09;0;AV MR HULL;;;;;Atropelamento;Luz do Dia;;;Meio de Quadra;;;0;1;0;1;0;0;0;0;0;0;0;0;;
283186;2;4;2016;16:04;0;AV CASTELO DE CASTRO;;;;;Colisão;Luz do Dia;;;Meio de Quadra;;;0;1;0;0;0;0;0;0;0;0;0;0;;
283187;2;4;2016;16:47;0;AV DR SILAS MUNGUBA;;;;;Colisão;Luz do Dia;;;Meio de Quadra;;;0;1;0;1;0;0;0;0;0;1;0;0;;
283152;2;4;2016;13:27;0;AV DA INDEPENDENCIA;;;2000;;Colisão;Luz do Dia;;;Meio de Quadra;;;0;1;0;1;0;1;0;0;0;0;0;0;-38,597776;-3,724906
283205;2;4;2016;17:49;0;RUA ISABEL FERREIRA;;;798;;Colisão;Anoitecer;;;Meio de Quadra;;;1;1;0;0;0;0;0;0;0;1;0;0;-38,466369;-3,82896
283210;2;4;2016;18:39;0;RUA EVILASIO A MIRANDA;;;1173;;Atropelamento;Anoitecer;;;Meio de Quadra;;;0;1;0;0;0;0;0;0;0;1;0;0;;
283211;2;4;2016;18:54;0;RUA 212 CJ SAO CRISTOVAO;;;84;;Colisão;;;;Meio de Quadra;;;0;1;0;1;0;0;0;0;0;1;0;0;;
283199;2;4;2016;17:21;0;RUA CARLOS CHAGAS;;;99;;Colisão;Anoitecer;;;Meio de Quadra;;;0;1;0;1;0;0;0;0;0;1;0;0;-38,581101;-3,7813
283191;2;4;2016;17:01;0;RUA CARLOS CHAGAS;;;588;;Colisão;Anoitecer;;;Meio de Quadra;;;0;1;0;1;0;0;0;0;0;1;0;0;-38,585414;-3,78009
283214;2;4;2016;19:21;0;RUA JANGADA;;;720;;Colisão;;;;Meio de Quadra;;;0;1;0;0;0;0;0;0;0;0;0;0;;
283227;2;4;2016;20:11;0;RUA CRUZEIRO DO SUL;;;1482;;Queda;;;;Meio de Quadra;;;0;1;0;0;0;0;0;0;0;1;0;0;;
283225;2;4;2016;20:02;0;AV CASTELO DE CASTRO;;;327;;Colisão;;;;Meio de Quadra;;;0;1;0;1;0;0;0;0;0;1;0;0;-38,521522;-3,831857
283216;2;4;2016;19:49;0;RUA CON DE CASTRO;;;5632;;Colisão;;;;Meio de Quadra;;;0;1;0;0;0;0;0;0;0;1;0;0;;
285966;2;4;2016;14:50;0;RUA GEORGE CAVALCANTE;;;675;;Colisão;Luz do Dia;;;Meio de Quadra;;;0;0;2;0;0;0;0;0;1;0;0;0;;
285825;2;4;2016;12:40;1347;RUA JOAO CARVALHO;RUA BAR ARACATI;;;;Colisão;Luz do Dia;;;Cruz;Semáforo;Comercial;0;0;2;1;0;0;0;0;0;0;0;0;-38,512894;-3,735898
278765;2;4;2016;21:10;0;RUA JOAQUIM LIMA;;;146;;Colisão Transversal;;;;Meio de Quadra;;;0;0;2;1;0;0;0;0;0;0;0;0;-38,48542;-3,739514
278761;2;4;2016;19:20;0;AV AGUANAMBI;;;;;Colisão Traseira;;;;;;;0;0;3;1;1;0;0;0;0;0;0;0;;
278744;2;4;2016;14:00;15688;RUA CEL ERNESTO MATOS;RUA GUILHERME PESSOA;;;;Colisão Transversal;Luz do Dia;;;Cruz;Pare;Comercial;0;0;2;1;0;0;0;0;0;0;0;0;-38,489265;-3,826939
278701;2;4;2016;01:20;17341;RUA TEODORICO BARROSO;AV JOSE DO PATROCINIO;;;;Colisão Traseira;;;;;;;0;0;2;1;0;0;0;0;0;0;0;0;-38,546145;-3,765292
278729;2;4;2016;08:00;5180;RUA TEN BENEVOLO;RUA DOM JOAQUIM;;;;;Luz do Dia;;;Cruz;Pare;Residencial;0;0;3;1;0;0;0;0;0;0;0;0;-38,51667;-3,725524