COD_ACIDENTE;DIA;MES;ANO;HORA;INTERSECAO;LOG1;LOG2;LOG3;NUMERO;REFERENCIA;NATUREZA;ILUMINACAO;TEMPO;SUPERFICIEPISTA;TIPOCRUZAMENTO;CONTROLETRAFEGO;USOSOLO;MORTOS;FERIDOS;ILESOS;AUTOMOVEL;ONIBUS;BICICLETA;CAMINHAO;MICROONIBUS;CICLOMOTOR;MOTOCICLETA;TRACAOANIMAL;TREM;LONG;LAT
279116;2;4;2016;05:15;0;RD CE-040;;;;KM-02;Colisão;Amanhecer;Nublado;Molhada;Meio de Quadra;;;0;0;2;0;0;0;0;0;0;0;0;0;-38,482583;-3,76465
278481;2;4;2016;13:15;7850;RUA JOSE VILAR;RUA CEL ALVES TEIXEIRA;;;;Colisão Transversal;Luz do Dia;;;Cruz;Pare;Residencial;0;0;2;1;0;0;0;0;0;0;0;0;-38,508198;-3,746707
278501;2;4;2016;23:30;12001;RUA 204 CJ SAO CRISTOVAO;RUA 212 CJ SAO CRISTOVAO;;;;Colisão Frontal;;;;;;;0;1;1;0;0;0;0;0;0;1;0;0;-38,523598;-3,832613
278493;2;4;2016;07:40;12431;RUA RIO GRANDE DO SUL;RUA MARIO DA SILVEIRA;;;;Colisão Transversal;Luz do Dia;;;Cruz;Pare;Comercial;0;0;2;1;0;0;0;0;0;1;0;0;-38,57164;-3,765984
278486;2;4;2016;18:15;25071;AV DOS EXPEDICIONARIOS;RUA TEODORICO BARROSO;;;;Colisão Transversal;Anoitecer;;;Cruz;Pare;Comercial;0;0;2;1;0;0;0;0;0;0;0;0;-38,541696;-3,766646
278458;2;4;2016;16:30;8054;AV JOAO PESSOA;RUA APOLO;;;;Colisão Transversal;Luz do Dia;;;T;Pare;Comercial;0;1;1;1;0;0;0;0;0;1;0;0;-38,5518;-3,755045
278675;2;4;2016;06:20;0;AV ABOLICAO;;;3929;;Choque c/ Obstáculo Fixo;Luz do Dia;;;Meio de Quadra;;;0;0;1;0;1;0;0;0;0;0;0;0;-38,484434;-3,725379
278684;2;4;2016;19:00;0;RUA PRO GOMES BRASIL;;;512;LAGOA DA PARANGABA;Colisão Traseira;;;;Meio de Quadra;;;0;0;2;1;0;0;0;0;0;0;0;0;-38,569998;-3,770822
278692;2;4;2016;08:00;12892;AV DOMINGOS OLIMPIO;RUA BAR RIO BRANCO;;;;Colisão Transversal;Luz do Dia;;;Cruz;Semáforo;Comercial;0;0;3;1;0;0;0;0;0;0;0;0;-38,531494;-3,736579
278590;2;4;2016;14:47;0;AV DR SILAS MUNGUBA;;;5001;;Colisão Traseira;Luz do Dia;;;Meio de Quadra;;;0;0;2;1;0;0;0;0;0;0;0;0;-38,531633;-3,797102
278557;2;4;2016;13:00;0;RUA JOSE MENDONCA;;;141;;Colisão Frontal;Luz do Dia;;;Meio de Quadra;;;0;1;2;1;1;0;0;0;0;1;0;0;-38,602823;-3,760523
278509;2;4;2016;08:00;0;AV HERACLITO GRACA;;;1721;;Colisão Traseira;Luz do Dia;;;Meio de Quadra;;;0;0;2;0;0;0;1;0;0;0;0;0;-38,509051;-3,738721
278520;2;4;2016;15:15;0;AV TRISTAO GONCALVES;;;628;;Colisão Transversal;Luz do Dia;;;Meio de Quadra;;;0;0;2;1;1;0;0;0;0;0;0;0;-38,533228;-3,727208
286096;2;4;2016;08:41;0;AV C CJ CEARA;;;1475;;Colisão;Luz do Dia;;;Meio de Quadra;;;0;0;1;0;0;0;0;0;0;0;0;0;-38,614378;-3,77147
286097;2;4;2016;08:42;0;RUA AFONSO LOPES;;;;;Colisão;Luz do Dia;;;Meio de Quadra;;;0;0;1;0;0;0;0;0;0;0;0;0;;
286098;2;4;2016;08:45;0;RUA BERNARDO MANUEL;;;1199;;Colisão;Luz do Dia;;;Meio de Quadra;;;0;0;1;0;0;0;0;0;0;0;0;0;;
286099;2;4;2016;09:59;5468;RUA BAR ARATANHA;RUA ANTONIO POMPEU;;;;Colisão;Luz do Dia;;;Cruz;Semáforo;Residencial;0;0;1;0;0;0;0;0;0;0;0;0;-38,527351;-3,735826
286100;2;4;2016;10:02;0;RUA GUSTAVO SAMPAIO;;;1876;;Colisão;Luz do Dia;;;Meio de Quadra;;;0;0;1;0;0;0;0;0;0;0;0;0;-38,561387;-3,736274
286101;2;4;2016;10:03;11451;AV DES FAUSTINO ALBUQUERQUE;RUA PDE FRANCISCO PITA;;;;Colisão;Luz do Dia;;;Cruz;Pare;Residencial;0;0;1;0;0;0;0;0;0;0;0;0;-38,498345;-3,781966
286102;2;4;2016;11:18;12954;AV PRS COSTA E SILVA;RUA BERNARDO MANUEL;;;;Colisão;Luz do Dia;;;Cruz;Semáforo;Comercial;0;0;1;0;0;0;0;0;0;0;0;0;-38,558276;-3,821079
286115;2;4;2016;18:30;5451;AV DOM MANUEL;RUA BARBARA DE ALENCAR;;;;Choque c/ Obstáculo Fixo;Anoitecer;;;Cruz;Semáforo;Comercial;0;0;1;0;0;0;0;0;0;0;0;0;-38,523262;-3,734972
286116;2;4;2016;18:36;0;ET DO GUAJERU;;;;;Colisão;;;;Meio de Quadra;;;0;0;1;0;0;0;0;0;0;0;0;0;;
286119;2;4;2016;20:21;0;RUA JOSE ARISTOTELES GONDIM;;;90;;Colisão;;;;Meio de Quadra;;;0;0;1;0;0;0;0;0;0;0;0;0;-38,585097;-3,779272
286120;2;4;2016;20:56;0;RUA GOIANIA;;;2050;;Colisão;;;;Meio de Quadra;;;0;0;1;0;0;0;0;0;0;0;0;0;;
286125;2;4;2016;21:18;0;RUA MARTINS CARVALHO;;;3284;;Colisão;;;;Meio de Quadra;;;0;0;1;0;0;0;0;0;0;0;0;0;-38,624522;-3,789394
286127;2;4;2016;21:19;0;RUA FRE ODILON;;;624;;Colisão;;;;Meio de Quadra;;;0;0;1;0;0;0;0;0;0;0;0;0;;
286128;2;4;2016;21:48;8660;AV EDILSON B SOARES;AV WASHINGTON SOARES;;;;Colisão;;;;Outros;Semáforo;Comercial;0;0;1;0;0;0;0;0;0;0;0;0;-38,480489;-3,789444
286122;2;4;2016;21:17;12521;AV AUGUSTO DOS ANJOS;RUA JULIO BRAGA;;;;Colisão;;;;Cruz;Semáforo;Comercial;0;0;1;0;0;0;0;0;0;0;0;0;-38,576193;-3,776779
286131;2;4;2016;21:50;0;RUA 216 CJ SAO CRISTOVAO;;;84;;Atropelamento;;;;Meio de Quadra;;;0;1;1;0;0;0;0;0;0;0;0;0;;
286134;2;4;2016;22:22;11981;AV CASTELO DE CASTRO;AV CONTORNO NORTE (SAO CRSITOVAO);;;;Colisão;;;;Cruz;Semáforo;Comercial;0;0;1;0;0;0;0;0;0;0;0;0;-38,521519;-3,831735
286135;2;4;2016;22:27;0;RUA ALVES LIMA;;;789;;Colisão;;;;Meio de Quadra;;;0;0;1;0;0;0;0;0;0;0;0;0;-38,568362;-3,70759
286138;2;4;2016;22:59;0;RUA CON DE CASTRO;;;;;Colisão;;;;Meio de Quadra;;;0;0;1;0;0;0;0;0;0;0;0;0;;
286090;2;4;2016;07:42;19306;AV GAL OSORIO DE PAIVA;RUA EDUARDO PERDIGAO;;;;Colisão;Luz do Dia;;;Cruz;Semáforo;Comercial;0;0;1;0;0;0;0;0;0;0;0;0;-38,565454;-3,774747
280544;2;4;2016;13:02;0;AV JOR THOMAZ COELHO;;;;;Colisão;Luz do Dia;;;Meio de Quadra;;;0;0;2;1;0;0;1;0;0;0;0;0;;
280574;3;4;2016;22:47;0;AV FRE CIRILO;;;;;Colisão;;;;Meio de Quadra;;;0;0;2;1;0;0;0;0;0;0;0;0;;
280564;3;4;2016;18:01;0;RUA DR CARLOS R PAMPLONA;;;;;Colisão;Anoitecer;;;Meio de Quadra;;;0;0;2;1;0;0;0;0;0;0;0;0;;
280562;3;4;2016;11:58;0;AV WASHINGTON SOARES;;;;;Colisão;Luz do Dia;;;Meio de Quadra;;;0;0;2;1;0;0;0;0;0;0;0;0;;
286147;3;4;2016;06:21;0;RUA PDE PEDRO DE ALENCAR;;;2363;;Choque c/ Obstáculo Fixo;Luz do Dia;;;Meio de Quadra;;;0;0;1;0;0;0;0;0;0;0;0;0;;
286140;3;4;2016;02:09;0;AV DR SILAS MUNGUBA;;;;;Colisão;;;;Meio de Quadra;;;0;0;1;0;0;0;0;0;0;0;0;0;;
286141;3;4;2016;04:34;22055;AV JOSE BASTOS;RUA PDE CICERO;;;;Choque c/ Obstáculo Fixo;;;;Duplo T;Pare;Comercial;0;0;1;0;0;0;0;0;0;0;0;0;-38,544887;-3,744462
286142;3;4;2016;04:57;15309;RUA TEN BENEVOLO;RUA JOSE VILAR;;;;Choque c/ Obstáculo Fixo;;;;Cruz;Semáforo;Residencial;0;0;1;0;0;0;0;0;0;0;0;0;-38,502809;-3,730049
286155;3;4;2016;10:40;10421;RUA RICARDO PONTES;RUA LUIZ MARIANO;;;;Colisão;Luz do Dia;;;;;;0;0;1;0;0;0;0;0;0;0;0;0;-38,599413;-3,762081
286156;3;4;2016;11:01;743;AV PASTEUR;AV PRS CASTELO BRANCO;;;;Colisão;Luz do Dia;;;Cruz;Semáforo;Comercial;0;0;1;0;0;0;0;0;0;0;0;0;-38,558856;-3,711181
286157;3;4;2016;11:05;24967;AV ALM HENRIQUE SABOIA;AV SANTOS DUMONT;;;;Colisão;Luz do Dia;;;Cruz;Pare;Comercial;0;0;1;0;0;0;0;0;0;0;0;0;;
286158;3;4;2016;11:18;8941;RUA ODILON SOARES;RUA CARIRE;;;;Choque c/ Obstáculo Fixo;Luz do Dia;;;Cruz;Pare;Comercial;0;0;1;0;0;0;0;0;0;0;0;0;-38,541777;-3,729889
286159;3;4;2016;12:13;0;LOGRADOURO SEM NOME;;;;;Colisão;Luz do Dia;;;Meio de Quadra;;;0;0;1;0;0;0;0;0;0;0;0;0;;
286160;3;4;2016;14:31;0;RUA PDE PEDRO DE ALENCAR;;;587;;Colisão;Luz do Dia;;;Meio de Quadra;;;0;0;1;0;0;0;0;0;0;0;0;0;-38,494044;-3,833088
286161;3;4;2016;14:32;23496;RUA TIBURCIO RODRIGUES;RUA BARROS LEAL;;;;Colisão;Luz do Dia;;;;;;0;0;1;0;0;0;0;0;0;0;0;0;-38,51841;-3,758708
286149;3;4;2016;09:19;22038;RUA CEL NUNES DE MELO;RUA PRO JOAO BOSCO;;;;Colisão;Luz do Dia;;;;;;0;0;1;0;0;0;0;0;0;0;0;0;-38,545269;-3,740214
286152;3;4;2016;10:21;4190;RUA MON ROSA D20/21;RUA DOM HELIO CAMPOS D21;;;;Colisão;Luz do Dia;;;Cruz;Não Há Controle;Residencial;0;0;1;0;0;0;0;0;0;0;0;0;-38,555141;-3,71279
286167;3;4;2016;17:18;0;RUA CARLOS RIBEIRO;;;;;Colisão;Anoitecer;;;Meio de Quadra;;;0;0;1;0;0;0;0;0;0;0;0;0;;
286168;3;4;2016;17:31;0;AV SORIANO ALBUQUERQUE;;;;;Colisão;Anoitecer;;;Meio de Quadra;;;0;0;1;0;0;0;0;0;0;0;0;0;;
286170;3;4;2016;17:46;0;RUA JOSE O FIGUEIREDO;;;1820;;Colisão;Anoitecer;;;Meio de Quadra;;;0;0;1;0;0;0;0;0;0;0;0;0;;
286171;3;4;2016;19:49;0;RUA SILVA JATAHY;;;;;Colisão;;;;Meio de Quadra;;;0;0;1;0;0;0;0;0;0;0;0;0;;
286172;3;4;2016;21:08;0;AV LINEU MACHADO;;;1571;;Colisão;;;;Meio de Quadra;;;0;0;1;0;0;0;0;0;0;0;0;0;;
286174;3;4;2016;21:09;5253;RUA POCINHO;RUA GOV SAMPAIO;;;;Colisão;;;;Cruz;Não Há Controle;Comercial;0;0;1;0;0;0;0;0;0;0;0;0;-38,524268;-3,72797
286163;3;4;2016;16:04;23039;AV DR SILAS MUNGUBA;RUA PARAGUACU D45;;;;Colisão;Luz do Dia;;;Cruz;Semáforo;Comercial;0;0;1;0;0;0;0;0;0;0;0;0;-38,540724;-3,790248
286178;3;4;2016;21:19;0;LOGRADOURO SEM NOME;;;;;Colisão;;;;Meio de Quadra;;;0;0;1;0;0;0;0;0;0;0;0;0;;
279111;3;4;2016;14:00;25287;AV AUGUSTO DOS ANJOS;RUA PRIMEIRO DE MAIO D34;;;;Colisão Lateral;Luz do Dia;;;T;Pare;Comercial;0;1;1;0;0;0;0;0;0;1;0;0;-38,582915;-3,78449
279107;3;4;2016;;0;AV AGUANAMBI;;;;;Colisão Traseira;;;;Meio de Quadra;;;0;0;2;1;0;0;0;0;0;1;0;0;;
279109;3;4;2016;;12521;AV AUGUSTO DOS ANJOS;RUA JULIO BRAGA;;;;Colisão Traseira;;;;Duplo T;Não Há Controle;Comercial;0;1;1;0;0;0;0;0;0;1;0;0;-38,576193;-3,776779
279114;3;4;2016;01:30;0;AV A CJ CEARA;AV H CJ CEARA;;;;Colisão;;;;;;;0;3;1;0;0;0;0;0;0;1;0;0;-38,605924;-3,775146
278771;3;4;2016;03:00;1250;AV BAR STUDART;RUA COSTA BARROS;;;;Choque c/ Obstáculo Fixo;;;;Cruz;Semáforo;Comercial;0;0;1;1;0;0;0;0;0;0;0;0;-38,505837;-3,732231
278777;3;4;2016;19:00;15158;AV BEIRA MAR;RUA JOSE NAPOLEAO;;;;Colisão Lateral;;;;T;Pare;Residencial;0;0;2;1;0;0;0;0;1;0;0;0;-38,490598;-3,724949
278814;3;4;2016;11:00;5039;AV ALBERTO NEPOMUCENO;RUA PESSOA ANTA;;;;Colisão Traseira;Luz do Dia;;;Cruz;Semáforo;Comercial;0;0;2;1;0;0;0;0;0;0;0;0;-38,523212;-3,721257
278799;3;4;2016;18:05;9097;RUA LAURO MAIA;RUA CEL PERGENTINO FERREIRA;;;;Colisão Transversal;Anoitecer;;;Cruz;Semáforo;Comercial;0;1;1;1;0;0;0;0;0;1;0;0;-38,522736;-3,748036
278801;3;4;2016;10:34;5247;AV IMPERADOR;RUA PEDRO PEREIRA;;;;Colisão Frontal;Luz do Dia;;;Cruz;Semáforo;Comercial;0;1;1;1;0;0;0;0;0;1;0;0;-38,534609;-3,727714
278781;3;4;2016;17:30;19599;RUA NEREU RAMOS;RUA MONACO;;;;Queda;Anoitecer;;;Cruz;Pare;Residencial;0;0;1;0;0;0;0;0;0;1;0;0;-38,569609;-3,786229
278785;3;4;2016;15:00;12837;AV DOMINGOS OLIMPIO;RUA JAIME BENEVOLO;;;;;Luz do Dia;;;Cruz;Semáforo;Comercial;0;0;2;1;0;0;0;0;0;1;0;0;-38,527245;-3,73778
278826;3;4;2016;18:40;5371;RUA GAL CLARINDO DE QUEIROZ;RUA VINTE E QUATRO DE MAIO;;;;Colisão Lateral;;;;Cruz;Pare;Comercial;0;0;2;1;0;0;0;0;0;0;0;0;-38,533532;-3,731621
278831;3;4;2016;17:40;0;RUA GERMANO FRANCK;;;1005;;Colisão Transversal;Anoitecer;;;Meio de Quadra;;;0;1;1;1;0;0;0;0;0;1;0;0;-38,564653;-3,779479
278904;3;4;2016;18:30;25435;AV ALBERTO CRAVEIRO;RUA PAULA FRANCINETE;;;;Colisão Lateral;Anoitecer;;;T;Pare;Comercial;0;0;2;1;0;0;0;0;0;0;0;0;-38,518044;-3,795238
278911;3;4;2016;18:00;1286;RUA VIS MAUA;RUA MARCOS MACEDO;;;;Colisão Lateral;Anoitecer;;;Cruz;Pare;Residencial;0;0;2;1;0;0;0;0;0;0;0;0;-38,498715;-3,733909
278916;3;4;2016;00:20;0;RD CE-040;;;;KM-03;Colisão;Via Iluminada;Bom;Seca;Meio de Quadra;;;0;0;2;1;0;0;0;0;0;0;0;0;-38,481799;-3,773616
278919;3;4;2016;20:15;11339;AV GODOFREDO MACIEL;AV BENJAMIM BRASIL;;;;Colisão Transversal;;;;Cruz;Semáforo;Comercial;0;1;1;0;0;0;0;0;0;1;0;0;-38,57204;-3,803264
278921;3;4;2016;12:00;0;RUA JOAQUIM SA;;;1095;;Colisão Lateral;Luz do Dia;;;Meio de Quadra;;;0;0;2;1;0;0;0;0;0;1;0;0;;
278922;3;4;2016;05:00;0;RD CE-040;;;;KM-04;Colisão;Amanhecer;Nublado;Molhada;Meio de Quadra;;;0;0;2;1;0;0;0;0;0;0;0;0;-38,481084;-3,782614
278923;3;4;2016;10:30;0;RD CE-040;;;;KM-01;Colisão;Luz do Dia;Nublado;Molhada;Meio de Quadra;;;0;0;2;1;0;0;0;0;0;0;0;0;-38,48666;-3,758119
278933;3;4;2016;19:30;10784;RUA PORTO VELHO;RUA TERESINA;;;;Colisão Transversal;;;;Cruz;Não Há Controle;Residencial;0;0;2;1;0;0;0;0;0;1;0;0;-38,593428;-3,762585
279012;3;4;2016;21:00;0;AV OLIVEIRA PAIVA;;;;;Colisão Traseira;;;;Meio de Quadra;;;0;0;2;1;0;0;0;0;0;0;0;0;;
279081;3;4;2016;;25032;AV BAR STUDART;RUA JOAO BRIGIDO;;;;Colisão Lateral;;;;Cruz;Semáforo;Comercial;0;0;2;1;0;0;0;0;0;0;0;0;;
279094;3;4;2016;11:30;10005;RUA TAQUARI;RUA DUAS NACOES;;;;Colisão Lateral;Luz do Dia;;;Cruz;Pare;Residencial;0;0;2;1;0;0;0;0;0;0;0;0;-38,601822;-3,776149
285771;3;4;2016;07:50;1378;RUA OSVALDO CRUZ (ALDEOTA);RUA DES LEITE ALBUQUERQUE;;;;Colisão;Luz do Dia;;;Cruz;Pare;Comercial;0;1;1;1;0;0;0;0;0;1;0;0;-38,50064;-3,736598
285730;3;4;2016;05:00;0;AV JOSE BASTOS;;;26;;Choque c/ Obstáculo Fixo;Amanhecer;;;Meio de Quadra;;;0;0;1;0;0;0;1;0;0;0;0;0;;
285740;3;4;2016;21:00;0;AV AUGUSTO DOS ANJOS;;;1962;;Colisão Traseira;;;;Meio de Quadra;;;0;0;3;1;0;0;0;0;0;0;0;0;-38,581441;-3,782795
283273;3;4;2016;05:48;0;RUA RICARDO PONTES;;;739;;Colisão;Amanhecer;;;Meio de Quadra;;;0;1;0;1;0;0;0;0;0;1;0;0;;
283268;3;4;2016;05:16;0;RUA FAUSTO AGUIAR;;;150;;Queda;Amanhecer;;;Meio de Quadra;;;0;1;0;0;0;0;0;0;0;1;0;0;;
283263;3;4;2016;02:29;0;AV FRANCISCO SA;;;;;Colisão;;;;Meio de Quadra;;;0;1;0;0;0;0;0;0;0;0;0;0;;
283264;3;4;2016;03:41;0;RUA BOLIVIA;;;115;;Colisão;;;;Meio de Quadra;;;0;2;1;1;0;0;0;0;0;1;0;0;-38,565464;-3,74463
283265;3;4;2016;04:13;5247;RUA PEDRO PEREIRA;AV IMPERADOR;;;;Colisão;;;;Cruz;Semáforo;Comercial;0;1;0;1;0;0;0;0;0;1;0;0;-38,534609;-3,727714
283260;3;4;2016;02:18;0;RUA HOLANDA;;;;;Atropelamento;;;;Meio de Quadra;;;0;1;0;1;0;0;0;0;0;0;0;0;;
283257;3;4;2016;01:29;0;RUA SABIAGUABA;;;;;Queda;;;;Meio de Quadra;;;0;1;0;0;0;0;0;0;0;1;0;0;;
283255;3;4;2016;01:24;0;RUA MONTE LIBANO;;;650;;Queda;;;;Meio de Quadra;;;0;1;0;0;0;0;0;0;0;1;0;0;;
283253;3;4;2016;01:19;12457;RUA PRO GOMES BRASIL;AV AUGUSTO DOS ANJOS;;;;Atropelamento;;;;;;;0;1;0;1;0;0;0;0;0;0;0;0;-38,570427;-3,770153
283284;3;4;2016;06:19;0;AV PASTEUR;;;656;;Colisão;Luz do Dia;;;Meio de Quadra;;;0;1;0;0;0;0;0;0;0;1;0;0;-38,559038;-3,711757
283287;3;4;2016;06:49;22979;RUA FRE ALEMAO;RUA MAD ELISA BALDO;;;;Colisão;Luz do Dia;;;Cruz;Pare;Residencial;0;1;0;1;0;0;0;0;0;1;0;0;-38,544056;-3,785835
283295;3;4;2016;10:10;12837;AV DOMINGOS OLIMPIO;RUA JAIME BENEVOLO;;;;Colisão;Luz do Dia;;;Cruz;Semáforo;Residencial;0;1;0;1;0;0;0;0;0;1;0;0;-38,527245;-3,73778
283290;3;4;2016;08:09;0;RUA SANDRA GENTIL;;;700;;Colisão;Luz do Dia;;;Meio de Quadra;;;0;1;0;1;0;0;0;0;0;1;0;0;;
283292;3;4;2016;09:31;25287;AV AUGUSTO DOS ANJOS;RUA PRIMEIRO DE MAIO D34;;;;Colisão;Luz do Dia;;;T;Pare;Comercial;0;1;0;1;0;0;0;0;0;1;0;0;-38,582915;-3,78449
283302;3;4;2016;11:21;0;RUA SEN ROBERT KENNEDY;;;194;;Colisão;Luz do Dia;;;Meio de Quadra;;;0;1;0;0;0;0;0;0;0;1;0;0;-38,577804;-3,701493
283297;3;4;2016;10:52;0;AV FRANCISCO SA;;;;;Colisão;Luz do Dia;;;Meio de Quadra;;;0;1;1;1;0;0;0;0;0;1;0;0;;
283299;3;4;2016;11:16;19599;RUA NEREU RAMOS;RUA MONACO;;;;Colisão;Luz do Dia;;;Cruz;Pare;Residencial;0;1;0;1;0;0;0;0;0;1;0;0;-38,569609;-3,786229
283346;3;4;2016;18:43;0;AV C CJ CEARA;;;1455;;Queda;;;;Meio de Quadra;;;0;1;0;0;0;0;0;0;0;1;0;0;-38,61423;-3,771322
283347;3;4;2016;18:46;0;AV PERIMETRAL;;;217;;Capotamento;;;;Meio de Quadra;;;0;1;0;1;0;0;0;0;0;0;0;0;;
283337;3;4;2016;15:57;0;AV GAL OSORIO DE PAIVA;;;1127;;Colisão;Luz do Dia;;;Meio de Quadra;;;0;1;0;1;0;0;0;0;0;1;0;0;-38,57209;-3,779151
283338;3;4;2016;16:14;5729;AV OLIVEIRA PAIVA;RUA TEOFREDO GOIANA;;;;Atropelamento;Luz do Dia;;;Cruz;Pare;Comercial;0;1;0;1;0;0;0;0;0;0;0;0;-38,501221;-3,797744
283341;3;4;2016;16:53;0;AV DOS EXPEDICIONARIOS;;;3130;;Queda;Luz do Dia;;;Meio de Quadra;;;0;1;0;0;0;0;0;0;0;1;0;0;-38,535449;-3,74605
283343;3;4;2016;17:08;22081;RUA CAP FRANCISCO PEDRO;RUA GUSTAVO BRAGA;;;;Colisão;Anoitecer;;;Cruz;Pare;Residencial;0;1;0;0;0;0;0;0;0;0;0;0;-38,552452;-3,751155
283319;3;4;2016;12:45;0;RUA OLIVEIRA FILHO;;;855;;Colisão;Luz do Dia;;;Meio de Quadra;;;0;1;0;0;0;0;0;0;0;0;0;0;;
283320;3;4;2016;12:47;0;RUA OLIVEIRA FILHO;;;855;;Atropelamento;Luz do Dia;;;Meio de Quadra;;;0;1;0;0;1;0;0;0;0;0;0;0;;
283321;3;4;2016;12:57;0;RUA LAURO MAIA;;;;;Colisão;Luz do Dia;;;Meio de Quadra;;;0;1;0;1;0;0;0;0;0;1;0;0;;
283316;3;4;2016;12:44;10784;RUA PORTO VELHO;RUA TERESINA;;;;Colisão;Luz do Dia;;;Cruz;Não Há Controle;Residencial;0;1;0;1;0;0;0;0;0;1;0;0;-38,593428;-3,762585
283324;3;4;2016;13:34;0;AV GODOFREDO MACIEL;;;1005;;Colisão;Luz do Dia;;;Meio de Quadra;;;0;1;0;1;0;0;0;0;0;1;0;0;-38,566345;-3,784966
283326;3;4;2016;14:23;13592;RUA PRO CARVALHO;AV PONTES VIEIRA;;;;Colisão;Luz do Dia;;;;;;0;1;0;1;0;0;0;0;0;1;0;0;-38,514949;-3,75289
283327;3;4;2016;14:36;0;AV WASHINGTON SOARES;;;4600;;Atropelamento;Luz do Dia;;;Meio de Quadra;;;0;1;0;1;0;0;0;0;0;0;0;0;-38,479684;-3,798982
283328;3;4;2016;14:37;0;AV ENG HUMBERTO MONTE;;;;;Colisão;Luz do Dia;;;Meio de Quadra;;;0;2;0;1;0;0;0;0;0;1;0;0;;
283329;3;4;2016;14:38;0;AV GODOFREDO MACIEL;;;1005;;Colisão;Luz do Dia;;;Meio de Quadra;;;0;1;0;1;0;0;0;0;0;1;0;0;-38,566345;-3,784966
283330;3;4;2016;15:08;0;AV CASTANHOLEIRAS;;;410;;Queda;Luz do Dia;;;Meio de Quadra;;;0;1;0;0;0;0;0;0;0;1;0;0;-38,468565;-3,753089
283335;3;4;2016;15:09;0;AV ENG HUMBERTO MONTE;;;2723;;Colisão;Luz do Dia;;;Meio de Quadra;;;0;1;0;1;0;0;0;0;0;1;0;0;;
283352;4;4;2016;00:05;0;RUA CON DE CASTRO;;;;;Queda;;;;Meio de Quadra;;;0;1;0;0;0;0;0;0;0;1;0;0;;
283391;4;4;2016;01:23;19144;RUA PEREIRA DE MIRANDA;RUA DES WALDETARIO P MOTA;;;;Colisão;;;;Cruz;Pare;Residencial;0;1;0;1;0;0;0;0;0;1;0;0;-38,482385;-3,739627
283386;4;4;2016;01:07;0;AV WASHINGTON SOARES;;;1800;;Colisão;;;;Meio de Quadra;;;0;1;0;1;0;0;0;0;0;1;0;0;;
283379;4;4;2016;00:54;0;AV LUCIANO CARNEIRO;;;2500;;Queda;;;;Meio de Quadra;;;0;1;0;0;0;0;0;0;0;1;0;0;-38,538285;-3,77015
283464;4;4;2016;09:44;0;AV AUGUSTO DOS ANJOS;;;312;;Colisão;Luz do Dia;;;Meio de Quadra;;;0;1;0;1;0;0;0;0;0;1;0;0;-38,571692;-3,771877
283481;4;4;2016;11:00;0;RUA SEN POMPEU;;;;;Atropelamento;Luz do Dia;;;Meio de Quadra;;;0;1;0;0;1;0;0;0;0;0;0;0;;
283454;4;4;2016;09:01;0;TR DA LAGOA;;;3040;;Colisão;Luz do Dia;;;Meio de Quadra;;;0;1;0;1;0;0;0;0;0;1;0;0;;
283459;4;4;2016;09:12;0;AV JOAO PESSOA;;;6745;;Colisão;Luz do Dia;;;Meio de Quadra;;;0;1;0;1;0;0;0;0;0;1;0;0;-38,561031;-3,770199
283448;4;4;2016;08:36;0;RUA DR HUGO ROCHA;;;266;;Queda;Luz do Dia;;;Meio de Quadra;;;0;1;0;0;0;0;0;0;0;1;0;0;-38,570874;-3,715387
283441;4;4;2016;07:18;0;RUA PRO HERIBALDO COSTA;;;1734;;Colisão;Luz do Dia;;;Meio de Quadra;;;0;2;0;1;0;0;0;0;0;1;0;0;;
283443;4;4;2016;08:03;671;AV DR THEBERGE;RUA GOMES PASSOS;;;;Colisão;Luz do Dia;;;T;Não Há Controle;Comercial;0;1;0;1;0;0;0;0;0;1;0;0;-38,563561;-3,710415
283444;4;4;2016;08:23;0;AV ALM HENRIQUE SABOIA;;;1122;;Colisão;Luz do Dia;;;Meio de Quadra;;;0;1;0;0;0;0;0;0;0;0;0;0;;
283414;4;4;2016;02:07;0;AV FRANCISCO SA;;;3190;;Colisão;;;;Meio de Quadra;;;0;1;0;1;0;0;0;0;0;1;0;0;-38,555264;-3,718106
283416;4;4;2016;02:17;0;AV HERACLITO GRACA;;;550;;Colisão;;;;Meio de Quadra;;;0;1;0;0;0;0;0;0;0;0;0;0;-38,519502;-3,735121
283382;4;4;2016;01:05;7884;AV ANTONIO SALES;RUA VICENTE LEITE;;;;Colisão;;;;Cruz;Pare;Comercial;0;1;0;1;0;0;0;0;0;1;0;0;-38,498468;-3,746656
283402;4;4;2016;02:02;0;AV GAL OSORIO DE PAIVA;;;7723;;Colisão;;;;Meio de Quadra;;;0;1;0;1;0;0;0;0;0;1;0;0;;
283422;4;4;2016;02:57;0;AV DR SILAS MUNGUBA;;;4605;;Colisão;;;;Meio de Quadra;;;0;1;0;1;0;0;0;0;0;1;0;0;-38,534431;-3,793775
283431;4;4;2016;04:16;0;AV PRS COSTA E SILVA;;;1171;;Colisão;;;;Meio de Quadra;;;0;1;1;1;0;0;0;0;0;0;0;0;-38,5695;-3,814428
283435;4;4;2016;04:24;0;AV BEZERRA DE MENEZES;;;;;Atropelamento;;;;Meio de Quadra;;;0;1;1;1;0;0;0;0;0;0;0;0;;
283437;4;4;2016;07:06;0;RUA GUSTAVO SAMPAIO;;;1827;;Colisão;Luz do Dia;;;Meio de Quadra;;;0;1;0;1;0;0;0;0;0;1;0;0;-38,560657;-3,736114
283633;4;4;2016;15:50;0;AV E CJ CEARA;;;180;;Colisão;Luz do Dia;;;Meio de Quadra;;;0;2;0;0;0;0;0;0;0;0;0;0;-38,605405;-3,759522
283544;4;4;2016;14:46;0;AV BEZERRA DE MENEZES;;;;;Colisão;Luz do Dia;;;;;;0;1;0;1;0;0;0;0;0;1;0;0;;