COD_ACIDENTE;DIA;MES;ANO;HORA;INTERSECAO;LOG1;LOG2;LOG3;NUMERO;REFERENCIA;NATUREZA;ILUMINACAO;TEMPO;SUPERFICIEPISTA;TIPOCRUZAMENTO;CONTROLETRAFEGO;USOSOLO;MORTOS;FERIDOS;ILESOS;AUTOMOVEL;ONIBUS;BICICLETA;CAMINHAO;MICROONIBUS;CICLOMOTOR;MOTOCICLETA;TRACAOANIMAL;TREM;LONG;LAT
283494;4;4;2016;11:32;3368;RUA RIO GRANDE DO SUL;RUA AMAZONAS;;;;Colisão;Luz do Dia;;;Cruz;Pare;Comercial;0;1;0;1;0;0;0;0;0;1;0;0;-38,564164;-3,753306
283495;4;4;2016;12:34;0;RUA BOM JESUS (GRANJA LISBOA);;;3227;;Colisão;Luz do Dia;;;Meio de Quadra;;;0;1;0;1;0;0;0;0;0;1;0;0;-38,622649;-3,787682
283491;4;4;2016;11:23;0;RUA AUDISIO PINHEIRO;;;1191;;Colisão;Luz do Dia;;;Meio de Quadra;;;0;1;0;1;0;0;0;0;0;1;0;0;-38,590486;-3,761652
283505;4;4;2016;12:44;0;AV CAP WALDEMAR PAULA LIMA;;;;;Colisão;Luz do Dia;;;Meio de Quadra;;;0;1;0;0;0;0;0;0;0;1;0;0;;
283501;4;4;2016;06:10;0;RD BR 116;;;0;KM-16;Colisão Lateral;Luz do Dia;Bom;Seca;Meio de Quadra;;;0;1;1;0;0;0;1;0;1;0;0;0;;
283531;4;4;2016;14:16;0;AV SEN CARLOS JEREISSATI (AEROPORTO);;;;;Queda;Luz do Dia;;;Meio de Quadra;;;0;1;0;0;0;0;0;0;0;1;0;0;;
283526;4;4;2016;12:58;0;AV ODILON GUIMARAES;;;2436;;Colisão;Luz do Dia;;;Meio de Quadra;;;0;1;0;0;0;0;0;0;0;0;0;0;;
283518;4;4;2016;12:49;19721;RUA AMADEU FURTADO;RUA GUSTAVO SAMPAIO;;;;Colisão;Luz do Dia;;;Cruz;Não Há Controle;Residencial;0;1;0;1;0;0;0;0;0;1;0;0;-38,563828;-3,736786
285993;4;4;2016;21:15;15835;RUA CEL DIONISIO ALENCAR;RUA MANUEL CASTELO BRANCO;;;;Colisão;;;;Cruz;Pare;Comercial;0;0;2;1;0;0;0;0;0;0;0;0;-38,488281;-3,832973
278924;4;4;2016;07:30;0;RD CE-040;;;;KM-01;Colisão;Luz do Dia;;;Meio de Quadra;;;0;0;2;1;0;0;0;0;0;0;0;0;-38,48666;-3,758119
278925;4;4;2016;09:40;0;RD CE-040;;;;KM-07;Colisão;Luz do Dia;Nublado;Molhada;Meio de Quadra;;;0;0;2;1;0;0;0;0;0;0;0;0;-38,478733;-3,809597
278926;4;4;2016;10:00;0;RD CE-040;;;;KM-08;Colisão;Luz do Dia;Bom;Seca;Meio de Quadra;;;0;0;2;1;0;0;0;0;0;0;0;0;-38,483033;-3,817159
278927;4;4;2016;11:30;0;AV SEN CARLOS JEREISSATI (AEROPORTO);;;;KM 02;Colisão;Luz do Dia;Bom;Seca;Meio de Quadra;;;0;0;2;1;0;0;0;0;0;0;0;0;-38,535424;-3,782194
280228;4;4;2016;10:45;0;RUA DR ALFREDO WEYNE D14;;;55;;Colisão Traseira;Luz do Dia;Bom;Seca;Meio de Quadra;Não Há Controle;Misto;0;0;2;1;0;0;0;0;0;0;0;0;-38,533153;-3,755023
280224;4;4;2016;14:00;0;AV AGUANAMBI;;;1241;;Colisão Lateral;Luz do Dia;Nublado;Seca;Meio de Quadra;Não Há Controle;Comercial;0;0;2;1;0;0;1;0;0;0;0;0;;
280248;4;4;2016;11:40;0;AV DR SILAS MUNGUBA;;;4392;;Colisão Traseira;Luz do Dia;Bom;Seca;Meio de Quadra;Pare;Residencial;0;1;2;1;0;0;0;0;0;0;0;0;-38,535227;-3,79289
280239;4;4;2016;13:30;0;RUA MARIA TOMASIA;;;;;Colisão Traseira;Luz do Dia;Bom;Seca;Meio de Quadra;Não Há Controle;Residencial;0;1;1;0;0;0;0;0;0;1;0;0;;
280244;4;4;2016;14:00;19703;RUA GUSTAVO SAMPAIO;RUA PEDRO DE QUEIROZ;;;;Colisão;Luz do Dia;Bom;Seca;Cruz;Pare;Residencial;0;1;1;1;0;0;0;0;0;1;0;0;-38,560577;-3,736097
280114;4;4;2016;14:10;12849;RUA SALDANHA MARINHO;RUA ASSUNCAO;;;;Colisão Transversal;Luz do Dia;Nublado;Seca;Cruz;Pare;Misto;0;1;2;1;0;0;0;0;0;1;0;0;-38,531231;-3,742314
280110;4;4;2016;15:24;0;RUA BAR RIO BRANCO;;;1330;;Colisão Lateral;Luz do Dia;Bom;Seca;Meio de Quadra;Não Há Controle;Comercial;0;1;1;1;0;0;0;0;0;1;0;0;-38,529366;-3,729911
280106;4;4;2016;10:50;0;AV GODOFREDO MACIEL;;;920;;Colisão Lateral;Luz do Dia;Nublado;Seca;Meio de Quadra;Não Há Controle;Comercial;0;1;1;1;0;0;0;0;0;1;0;0;-38,566307;-3,784841
280107;4;4;2016;08:30;12905;AV AGUANAMBI;RUA MES ROSA;;;;Colisão Lateral;Luz do Dia;Bom;Seca;Y;Pare;Comercial;0;2;0;1;0;0;0;0;0;1;0;0;-38,525946;-3,741687
280142;4;4;2016;11:30;0;AV AGUANAMBI;;;68;;Colisão Lateral;Luz do Dia;Nublado;Seca;Meio de Quadra;Não Há Controle;Comercial;0;0;2;1;0;0;1;0;0;0;0;0;-38,52425;-3,737691
280140;4;4;2016;08:00;0;AV ROGACIANO LEITE;;;841;;Colisão Lateral;Luz do Dia;Nublado;Molhada;Meio de Quadra;Não Há Controle;Comercial;0;2;0;1;0;0;0;0;0;1;0;0;;
280136;4;4;2016;08:10;5357;RUA PEDRO I;RUA MAJ FACUNDO;;;;Colisão Transversal;Luz do Dia;Bom;Seca;Cruz;Pare;Comercial;0;0;2;1;0;0;0;0;0;0;0;0;-38,52899;-3,731113
280133;4;4;2016;12:45;18713;RUA DR CONDES SANDOVAL;RUA DOURADO D69;;;;Colisão Transversal;Luz do Dia;Nublado;Seca;T;Pare;Comercial;0;1;1;1;0;0;0;0;0;0;0;0;-38,522815;-3,843631
280100;4;4;2016;02:00;0;AV G CJ CEARA;;;323;;Choque c/ Obstáculo Fixo;Via Iluminada;Nublado;Molhada;Meio de Quadra;;;0;2;0;1;0;0;0;0;0;0;0;0;-38,611683;-3,772438
280101;4;4;2016;09:20;11761;AV PRS CASTELO BRANCO;RUA JACINTO MATOS;;;;Colisão Lateral;Luz do Dia;Bom;Seca;T;Semáforo;Comercial;0;1;1;1;0;0;0;0;0;1;0;0;-38,546333;-3,71463
286186;4;4;2016;06:36;0;RUA MARIA QUINTINO;;;3998;;Colisão;Luz do Dia;;;Meio de Quadra;;;0;0;1;0;0;0;0;0;0;0;0;0;;
286187;4;4;2016;07:47;0;AV JOR THOMAZ COELHO;;;3000;;Colisão;Luz do Dia;;;Meio de Quadra;;;0;0;1;0;1;0;0;0;0;0;0;0;-38,521968;-3,828868
286189;4;4;2016;07:59;0;AV FRANCISCO SA;;;3190;;Colisão;Luz do Dia;;;Meio de Quadra;;;0;0;2;0;0;0;0;0;0;0;0;0;-38,555264;-3,718106
286191;4;4;2016;08:29;0;RUA JOAQUIM DOS ANJOS;;;1161;;Colisão;Luz do Dia;;;Meio de Quadra;;;0;0;1;0;0;0;0;0;0;0;0;0;-38,571355;-3,830136
286204;4;4;2016;10:22;577;AV FRANCISCO SA;AV DR THEBERGE;;;;Colisão;Luz do Dia;;;Cruz;Semáforo;Comercial;0;0;1;0;0;0;0;0;0;0;0;0;-38,565016;-3,714822
286206;4;4;2016;10:22;577;AV FRANCISCO SA;AV DR THEBERGE;;;;Colisão;Luz do Dia;;;Cruz;Semáforo;Comercial;0;0;2;1;0;0;0;0;0;0;0;0;-38,565016;-3,714822
286223;4;4;2016;13:59;0;AV ABOLICAO;;;;;Atropelamento;Luz do Dia;;;Meio de Quadra;;;0;1;1;0;0;0;0;0;0;0;0;0;;
286225;4;4;2016;15:00;0;AV JOAO PESSOA;;;6744;;Colisão;Luz do Dia;;;Meio de Quadra;;;0;0;1;0;0;0;0;0;0;0;0;0;-38,560485;-3,76887
286226;4;4;2016;15:57;1555;RUA VICENTE LINHARES;RUA OSVALDO CRUZ (ALDEOTA);;;;Colisão;Luz do Dia;;;Cruz;Pare;Comercial;0;0;2;0;0;0;0;0;0;0;0;0;-38,502221;-3,741502
286227;4;4;2016;16:23;347;RUA PRO COSTA MENDES;RUA FRANCISCA CLOTILDE;;;;Colisão;Luz do Dia;;;Cruz;Pare;Comercial;0;0;1;0;0;0;0;0;0;0;0;0;-38,556137;-3,746335
286231;4;4;2016;18:00;0;AV DR SILAS MUNGUBA;;;;;Colisão;Anoitecer;;;Meio de Quadra;;;0;0;1;0;0;0;0;0;0;0;0;0;;
286232;4;4;2016;18:01;9618;RUA ARI MAIA;RUA BOM JESUS (GRANJA LISBOA);;;;Colisão;Anoitecer;;;;;;0;0;1;0;0;0;0;0;0;0;0;0;-38,62257;-3,787704
286193;4;4;2016;08:51;0;AV DR SILAS MUNGUBA;;;4589;;Colisão;Luz do Dia;;;Meio de Quadra;;;0;0;1;0;0;0;0;0;0;0;0;0;-38,534533;-3,793658
286194;4;4;2016;09:30;23002;RUA VILA RICA;RUA PRA HELOISA F LIMA;;;;Colisão;Luz do Dia;;;Cruz;Pare;Outros;0;0;1;0;0;0;0;0;0;0;0;0;-38,545724;-3,787573
286196;4;4;2016;09:44;0;AV B CJ ESPERANCA;;;201;;Colisão;Luz do Dia;;;Meio de Quadra;;;0;0;1;0;0;0;0;0;0;0;0;0;-38,589806;-3,816204
286198;4;4;2016;09:55;0;AV A CJ ESPERANCA;;;104;;Colisão;Luz do Dia;;;Meio de Quadra;;;0;0;1;0;0;0;0;0;0;0;0;0;-38,589578;-3,817199
286201;4;4;2016;10:07;0;AV PRS COSTA E SILVA;;;;;Colisão;Luz do Dia;;;Meio de Quadra;;;0;0;1;0;0;0;0;0;0;0;0;0;;
286208;4;4;2016;11:56;19657;RUA PRO RAIMUNDO ARRUDA;AV BEZERRA DE MENEZES;;;;Colisão;Luz do Dia;;;Cruz;Semáforo;Comercial;0;0;2;0;0;0;0;0;0;0;0;0;-38,552148;-3,733126
286209;4;4;2016;12:39;7781;AV ANTONIO SALES;AV DES MOREIRA;;;;Colisão;Luz do Dia;;;Cruz;Semáforo;Comercial;0;0;2;0;0;0;0;0;0;0;0;0;-38,50141;-3,745744
286210;4;4;2016;12:58;0;AV ENG SANTANA JUNIOR;;;;;Colisão;Luz do Dia;;;Meio de Quadra;;;0;0;2;0;0;0;0;0;0;0;0;0;;
286211;4;4;2016;12:59;11615;RUA PRO HERIBALDO COSTA;RUA CIDADE RIO BRANCO;;;;Colisão;Luz do Dia;;;Cruz;Não Há Controle;Residencial;0;0;1;0;0;0;0;0;0;0;0;0;-38,587531;-3,766979
286241;4;4;2016;18:02;0;RUA MANUEL JESUINO;;;79;;Colisão;Anoitecer;;;Meio de Quadra;;;0;0;1;0;0;0;0;0;0;0;0;0;-38,484684;-3,72623
286248;4;4;2016;19:18;0;RUA NOVA FORTALEZA (MONDUBIM);;;1842;;Colisão;;;;Meio de Quadra;;;0;0;1;0;0;0;0;0;0;0;0;0;;
286250;4;4;2016;19:18;0;RUA JOSE MESSIAS MATOS;;;230;;Colisão;;;;Meio de Quadra;;;0;0;1;0;0;0;0;0;0;0;0;0;-38,516328;-3,795364
286252;4;4;2016;19:54;4979;RUA JOSE MESSIAS MATOS;RUA QUATRO IRMAOS;;;;Colisão;;;;;;;0;0;1;0;0;0;0;0;0;0;0;0;-38,51607;-3,794125
286258;4;4;2016;19:56;0;RUA VALMIR PONTES;;;;;Colisão;;;;Meio de Quadra;;;0;0;1;0;0;0;0;0;0;0;0;0;;
286259;4;4;2016;20:21;0;RUA FREDERICO BORGES;;;;;Colisão;;;;Meio de Quadra;;;0;0;1;0;0;0;0;0;0;0;0;0;;
286261;4;4;2016;20:35;0;AV DEP PAULINO ROCHA;;;1143;;Choque c/ Obstáculo Fixo;;;;Meio de Quadra;;;0;0;1;0;0;0;0;0;0;0;0;0;;
286264;4;4;2016;20:43;0;AV BEZERRA DE MENEZES;;;;;Colisão;;;;Meio de Quadra;;;0;0;1;0;0;0;0;0;0;0;0;0;;
286270;4;4;2016;21:27;0;RUA 541 E CJ CEARA;;;180;;Atropelamento;;;;Meio de Quadra;;;0;1;1;0;0;0;0;0;0;0;0;0;-38,610402;-3,770148
286271;4;4;2016;22:49;0;AV JOVITA FEITOSA;;;2996;;Colisão;;;;Meio de Quadra;;;0;0;1;0;0;0;0;0;0;0;0;0;-38,564491;-3,741497
280576;4;4;2016;12:00;0;AV FRE CIRILO;;;;;Colisão;Luz do Dia;;;Meio de Quadra;;;0;0;2;1;0;0;0;0;0;0;0;0;;
280583;4;4;2016;16:43;13410;RUA JOAQUIM TORRES;RUA ANTONIO AUGUSTO;;;;Colisão;Luz do Dia;;;Cruz;Pare;Residencial;0;0;2;1;0;0;0;0;0;0;0;0;-38,517263;-3,741755
280447;4;4;2016;18:40;19721;RUA GUSTAVO SAMPAIO;RUA AMADEU FURTADO;;;;Colisão Lateral;;;;Cruz;Pare;Residencial;0;1;1;1;0;0;0;0;0;1;0;0;-38,563828;-3,736786
280450;4;4;2016;19:45;20221;AV 02 DE MAIO UI 503;AV CENTRAL UI 503;;;;Colisão Frontal;;;;T;Pare;Residencial;0;1;1;0;1;0;0;0;0;1;0;0;-38,537352;-3,814193
280431;4;4;2016;13:20;671;AV DR THEBERGE;RUA GOMES PASSOS;;;;Colisão Lateral;Luz do Dia;;;T;Não Há Controle;Comercial;0;1;1;1;0;0;0;0;0;1;0;0;-38,563561;-3,710415
280434;4;4;2016;19:00;12518;AV AUGUSTO DOS ANJOS;RUA CUIABA;;;;Colisão Lateral;;;;Cruz;Não Há Controle;Comercial;0;1;1;1;0;0;0;0;0;1;0;0;-38,572386;-3,772615
280420;4;4;2016;14:30;4688;RUA JOSE MARTINIANO DE ALENCAR;RUA MOREIRA LEITE;;;;Colisão Lateral;Luz do Dia;;;;;;0;0;2;0;0;0;0;0;0;0;0;0;-38,47923;-3,810867
280326;4;4;2016;08:00;9176;AV AGUANAMBI;AV EDUARDO GIRAO;;;;Colisão Transversal;Luz do Dia;;;Rotatória;Cancela;Comercial;0;0;2;1;1;0;0;0;0;0;0;0;-38,523564;-3,756564
280272;4;4;2016;07:30;0;AV ODILON GUIMARAES;;;;;Colisão Transversal;;Bom;Seca;Meio de Quadra;;Comercial;0;0;2;1;0;0;0;0;0;0;0;0;;
280276;4;4;2016;06:50;7884;AV ANTONIO SALES;RUA VICENTE LEITE;;;;Colisão Transversal;Luz do Dia;Bom;Seca;Cruz;Pare;Comercial;0;1;1;1;0;0;0;0;0;1;0;0;-38,498468;-3,746656
280290;4;4;2016;09:10;0;AV PDE ANTONIO TOMAS;;;595;;Colisão Traseira;Luz do Dia;Nublado;Seca;Meio de Quadra;Semáforo;Misto;0;0;2;1;0;0;0;0;0;0;0;0;-38,498273;-3,740608
280292;4;4;2016;06:10;5177;RUA SEN POMPEU;RUA SAO PAULO;;;;Colisão Transversal;Luz do Dia;Bom;Seca;Cruz;Não Há Controle;Comercial;0;0;2;1;0;0;0;0;0;0;0;0;-38,529196;-3,725486
280299;4;4;2016;00:30;11705;RUA DIOGO CORREIA;RUA ALVARO DE ANDRADE;;;;Colisão Transversal;Via Iluminada;Nublado;Molhada;Cruz;Pare;Comercial;0;1;1;1;0;0;0;0;0;0;0;0;-38,589436;-3,772371
280300;4;4;2016;14:30;0;RUA MON CATAO;;;1191;;Colisão Traseira;Luz do Dia;;;Meio de Quadra;;;0;0;2;1;0;0;0;0;0;0;0;0;-38,491817;-3,74263
280301;4;4;2016;09:30;0;RUA CAP FRANCISCO PEDRO;;;1210;;Colisão Lateral;Luz do Dia;Chuva;Molhada;Meio de Quadra;Pare;Comercial;0;0;2;1;1;0;0;0;0;0;0;0;-38,550177;-3,748622
280304;4;4;2016;06:55;23653;AV OLAVO BILAC;RUA BAR CRATO;;;;Colisão Lateral;Luz do Dia;Bom;Seca;T;Pare;Residencial;0;0;2;1;0;0;0;0;0;0;0;0;-38,56637;-3,723036
280305;4;4;2016;18:30;0;AV ANTONIO SALES;;;950;;Colisão;Anoitecer;;;Meio de Quadra;;;0;1;1;1;0;1;0;0;0;0;0;0;-38,513137;-3,742121
280295;4;4;2016;20:40;0;AV BAR STUDART;;;1630;;Colisão Lateral;Via Iluminada;Bom;Seca;Meio de Quadra;Semáforo;Comercial;0;1;0;1;1;0;0;0;0;0;0;0;-38,507844;-3,738504
280307;4;4;2016;08:05;0;RUA WALDIR DIOGO;;;;;Colisão Traseira;Luz do Dia;Nublado;Seca;Meio de Quadra;Outros;Residencial;0;0;2;1;0;0;0;0;0;0;0;0;;
280451;5;4;2016;10:15;0;RUA BAR RIO BRANCO;;;;;Colisão Lateral;Luz do Dia;;;Meio de Quadra;;;0;1;3;1;0;0;0;0;0;1;0;0;;
280453;5;4;2016;08:45;0;AV CENTRAL ALA LESTE;;;240;;Colisão Lateral;Luz do Dia;;;Meio de Quadra;;;0;0;2;1;0;0;1;0;0;0;0;0;-38,471587;-3,750903
280472;5;4;2016;10:10;0;RUA CASTRO E SILVA;;;81;;Colisão Lateral;Luz do Dia;;;Meio de Quadra;;;0;0;2;0;1;0;0;0;0;0;0;0;-38,526188;-3,724247
280585;5;4;2016;08:46;10844;RUA PORTO ALEGRE;RUA TUPI D35;;;;Colisão;Luz do Dia;;;Cruz;Pare;Residencial;0;0;2;1;0;0;0;0;0;1;0;0;-38,58147;-3,76512
280569;5;4;2016;13:00;0;AV DR SILAS MUNGUBA;;;;;Choque c/ Obstáculo Fixo;Luz do Dia;;;Meio de Quadra;;;0;0;1;0;0;0;0;0;0;0;0;0;;
280563;5;4;2016;17:30;12455;AV SEN FERNANDES TAVORA;RUA RIO GRANDE DO SUL;;;;Colisão Lateral;Anoitecer;;;T;Semáforo;Comercial;0;1;1;1;0;0;0;0;0;1;0;0;-38,572159;-3,768083
280550;5;4;2016;18:20;0;AV SGT HERMINIO SAMPAIO;;;1560;;Colisão Transversal;Anoitecer;;;Meio de Quadra;;;0;2;0;0;0;0;0;0;0;1;0;0;;
280551;5;4;2016;05:20;4114;AV PRS CASTELO BRANCO;RUA LUCAS PINTO;;;;Colisão Lateral;Amanhecer;;;Duplo T;Semáforo;Comercial;0;0;2;1;1;0;0;0;0;0;0;0;-38,558025;-3,711416
280554;5;4;2016;15:40;0;RUA VALMIR PONTES;;;;UNIFOR;Colisão Lateral;Luz do Dia;;;Meio de Quadra;;;0;0;2;1;0;0;0;0;0;0;0;0;;
280596;5;4;2016;12:36;0;AV JOAO PESSOA;;;;;Colisão;Luz do Dia;;;Meio de Quadra;;;0;0;2;0;0;0;0;1;0;0;0;0;;
280600;5;4;2016;13:24;0;AV N CJ JOSE WALTER;;;;;Colisão;Luz do Dia;;;Meio de Quadra;;;0;0;2;1;0;0;0;0;0;0;0;0;;
280603;5;4;2016;13:37;0;RUA PRO GOMES BRASIL;;;;;Colisão;Luz do Dia;;;Meio de Quadra;;;0;0;2;1;0;0;0;0;0;1;0;0;;
280590;5;4;2016;09:34;3244;RUA OLIVEIRA SOBRINHO;RUA THOMPSON GONCALVES;;;;Colisão;Luz do Dia;;;Cruz;Pare;Residencial;0;0;2;1;0;0;0;0;0;0;0;0;-38,583074;-3,783694
280594;5;4;2016;12:20;12445;AV SEN FERNANDES TAVORA;TR HELENA DE MARIA;;;;Colisão;Luz do Dia;;;Cruz;Não Há Controle;Comercial;0;0;2;1;0;0;0;0;0;0;0;0;-38,574916;-3,766094
280646;5;4;2016;17:00;23567;RUA ESV PINHEIRO;AV GOV RAUL BARBOSA;;;;Colisão;Anoitecer;;;Duplo T;Pare;Residencial;0;0;2;1;0;0;1;0;0;0;0;0;-38,507767;-3,761659
280647;5;4;2016;21:33;2356;RUA SEN ROBERT KENNEDY;RUA ESTEVAO DE CAMPOS;;;;Colisão;;;;Cruz;Pare;Residencial;0;0;2;1;0;0;0;0;0;0;0;0;-38,579516;-3,705131
280643;5;4;2016;15:15;0;AV I CJ CEARA;AV A CJ CEARA;;;;Colisão;Luz do Dia;;;Meio de Quadra;;;0;0;2;1;0;0;0;0;0;0;0;0;-38,601152;-3,766922
280987;5;4;2016;17:50;0;RUA SEN ROBERT KENNEDY;;;;;Colisão Lateral;Anoitecer;;;Meio de Quadra;;;0;0;2;1;0;0;0;0;0;0;0;0;;
280951;5;4;2016;19:10;1305;RUA OSVALDO CRUZ (ALDEOTA);RUA MARIA TOMASIA;;;;Colisão Traseira;;;;Cruz;Pare;Comercial;0;0;2;1;0;0;0;0;0;0;0;0;-38,499989;-3,73458
280921;5;4;2016;16:00;2378;AV FRANCISCO SA;RUA 01 UI 901;;;;Colisão Traseira;Luz do Dia;;;T;Não Há Controle;Residencial;0;1;1;1;0;0;0;0;0;1;0;0;-38,587394;-3,705552
280938;5;4;2016;08:10;0;RUA PORTO VELHO;;;;;Colisão Lateral;Luz do Dia;;;Meio de Quadra;;;0;0;2;1;0;0;1;0;0;0;0;0;;
280928;5;4;2016;14:50;25548;AV JOAO PESSOA;RUA VILA LOBOS;;;;Colisão;Luz do Dia;;;Outros;;Residencial;1;1;0;0;0;1;0;0;0;1;0;0;-38,561439;-3,771198
280924;5;4;2016;10:00;1316;AV SANTOS DUMONT;RUA TIBURCIO CAVALCANTE;;;;Colisão Lateral;Luz do Dia;;;Cruz;Semáforo;Comercial;0;0;2;1;1;0;0;0;0;0;0;0;-38,502259;-3,734979
280925;5;4;2016;03:15;0;RUA MAL DEODORO;;;;;Colisão Traseira;;;;Meio de Quadra;;;0;0;2;1;0;0;0;0;0;0;0;0;;
280942;5;4;2016;12:20;9038;RUA FLORIANO PEIXOTO;RUA PDE MIGUELINHO;;;;Colisão Transversal;Luz do Dia;;;Cruz;Pare;Residencial;0;0;1;1;0;0;0;0;0;0;0;0;-38,532341;-3,74311
280948;5;4;2016;15:30;0;AV BEZERRA DE MENEZES;;;1519;;Atropelamento;Luz do Dia;;;Meio de Quadra;;;0;1;1;0;1;0;0;0;0;0;0;0;-38,558485;-3,734415
280954;5;4;2016;10:00;1464;AV HERACLITO GRACA;RUA DR JOSE LOURENCO;;;;Colisão Lateral;Luz do Dia;;;Cruz;Semáforo;Comercial;0;1;1;0;0;0;0;0;0;1;0;0;-38,509091;-3,738709
280965;5;4;2016;08:20;0;AV BORGES DE MELO;;;806;;Engavetamento;Luz do Dia;;;;;;0;0;3;1;0;0;1;0;0;0;0;0;-38,526613;-3,760628
280821;5;4;2016;18:20;12867;RUA JAIME BENEVOLO;RUA JOAQUIM MAGALHAES;;;;Colisão Transversal;Anoitecer;;;Cruz;Pare;Comercial;0;1;1;1;0;0;0;0;0;1;0;0;-38,527961;-3,739942
280816;5;4;2016;15:40;0;RUA SALVADOR MENDONCA;;;;;Colisão Traseira;Luz do Dia;;;Meio de Quadra;;;0;1;1;1;0;0;0;0;0;1;0;0;;
280803;5;4;2016;13:30;0;AV DUQ CAXIAS;;;153;;Colisão Traseira;Luz do Dia;;;Meio de Quadra;;;0;1;1;1;0;0;0;0;0;1;0;0;-38,525922;-3,733061
280809;5;4;2016;14:30;0;RUA MON SALAZAR;;;;;Colisão Transversal;Luz do Dia;;;Meio de Quadra;;;0;0;2;1;0;0;0;0;0;0;0;0;;
280792;5;4;2016;09:00;0;RUA VALPARAISO;;;;;Colisão Lateral;Luz do Dia;;;Meio de Quadra;;;0;0;2;1;0;0;1;0;0;0;0;0;;
280794;5;4;2016;10:00;0;AV PRS COSTA E SILVA;;;4201;;Colisão Traseira;Luz do Dia;;;Meio de Quadra;;;0;0;2;0;0;0;0;0;0;0;0;0;-38,542701;-3,824912
280799;5;4;2016;12:00;0;AV RUI BARBOSA;;;1751;;Colisão Lateral;Luz do Dia;;;Meio de Quadra;;;0;1;1;1;0;0;0;0;0;1;0;0;;
280796;5;4;2016;14:30;4259;RUA NAT FEIJO;RUA PLACIDO CARVALHO;;;;Colisão Transversal;Luz do Dia;;;Cruz;Pare;Residencial;0;1;1;1;0;0;0;0;0;1;0;0;-38,555624;-3,721655
280783;5;4;2016;18:40;19527;AV DR SILAS MUNGUBA;RUA TOMAS EDSON;;;;Colisão Lateral;;;;Cruz;Não Há Controle;Comercial;0;1;2;1;0;0;0;0;0;1;0;0;-38,556241;-3,781934
280774;5;4;2016;19:20;5395;RUA TEREZA CRISTINA;RUA ANTONIO POMPEU;;;;Colisão Transversal;;;;Cruz;Pare;Comercial;0;1;1;1;0;0;0;0;0;1;0;0;-38,538356;-3,73234
280789;5;4;2016;21:30;12954;RUA BERNARDO MANUEL;AV PRS COSTA E SILVA;;;;Colisão Traseira;;;;Cruz;Semáforo;Comercial;0;0;2;1;0;0;0;0;0;0;0;0;-38,558276;-3,821079
280719;5;4;2016;15:10;9176;AV AGUANAMBI;AV EDUARDO GIRAO;;;;Colisão Traseira;Luz do Dia;;;Rotatória;Cancela;Comercial;0;0;2;1;0;0;0;0;0;0;0;0;-38,523564;-3,756564
280715;5;4;2016;16:05;22281;RUA PDE ANCHIETA;RUA LERIA DE ANDRADE;;;;Colisão Frontal;Luz do Dia;;;Cruz;Pare;Residencial;0;1;1;1;0;0;0;0;0;0;0;0;;
280723;5;4;2016;07:15;3347;AV ENG HUMBERTO MONTE;RUA GOIAS;;;;Colisão Transversal;Luz do Dia;;;T;Pare;Residencial;0;1;1;0;0;0;0;1;0;1;0;0;-38,559425;-3,750494
280727;5;4;2016;07:26;22158;AV JOSE BASTOS;RUA GUSTAVO BRAGA;;;;Colisão Transversal;Luz do Dia;;;T;Não Há Controle;Comercial;0;0;2;1;0;0;0;0;0;0;0;0;-38,551989;-3,751535
281958;5;4;2016;18:20;0;RUA CASTRO E SILVA;;;1026;;Colisão Lateral;Via Iluminada;Bom;Seca;Meio de Quadra;Não Há Controle;Residencial;0;0;2;1;0;0;0;0;0;0;0;0;-38,534478;-3,721506
286273;5;4;2016;06:40;0;AV CEL CARVALHO;;;;;Colisão;Luz do Dia;;;Meio de Quadra;;;0;0;1;0;0;0;0;0;0;0;0;0;;
286276;5;4;2016;06:40;22886;RUA INACIO PARENTE;RUA BERNARDO MANUEL;;;;Colisão;Luz do Dia;;;Cruz;Semáforo;Comercial;0;0;1;0;0;0;0;0;0;0;0;0;-38,546074;-3,781268
286287;5;4;2016;07:31;7752;AV JOAO PESSOA;AV CARNEIRO DE MENDONCA;;;;Colisão;Luz do Dia;;;Cruz;Semáforo;Misto;0;0;2;0;0;0;0;0;0;0;0;0;-38,559808;-3,767222
286288;5;4;2016;08:18;0;AV PRS CASTELO BRANCO;;;;;Colisão;Luz do Dia;;;Meio de Quadra;;;0;0;1;0;0;0;0;0;0;0;0;0;;
286289;5;4;2016;08:47;3244;RUA OLIVEIRA SOBRINHO;RUA THOMPSON GONCALVES;;;;Colisão;Luz do Dia;;;Cruz;Pare;Residencial;0;0;1;0;0;0;0;0;0;0;0;0;-38,583074;-3,783694
286290;5;4;2016;09:11;577;AV FRANCISCO SA;AV DR THEBERGE;;;;Colisão;Luz do Dia;;;Cruz;Semáforo;Comercial;0;0;2;0;0;0;0;0;0;0;0;0;-38,565016;-3,714822
286291;5;4;2016;09:19;0;RUA PEREIRA FILGUEIRAS;;;;;Colisão;Luz do Dia;;;Meio de Quadra;;;0;0;1;0;0;0;0;0;0;0;0;0;;
286292;5;4;2016;09:38;7825;RUA NUNES VALENTE;AV PONTES VIEIRA;;;;Colisão;Luz do Dia;;;Cruz;Não Há Controle;Comercial;0;0;1;0;0;0;0;0;0;0;0;0;-38,508858;-3,752172
286293;5;4;2016;10:10;0;AV PERIMETRAL;;;;;Colisão;Luz do Dia;;;Meio de Quadra;;;0;0;1;0;0;0;0;0;0;0;0;0;;
286294;5;4;2016;12:31;0;RUA CEL PERGENTINO FERREIRA;;;;;Colisão;Luz do Dia;;;;;;0;0;2;0;0;0;0;0;0;0;0;0;;