COD_ACIDENTE;DIA;MES;ANO;HORA;INTERSECAO;LOG1;LOG2;LOG3;NUMERO;REFERENCIA;NATUREZA;ILUMINACAO;TEMPO;SUPERFICIEPISTA;TIPOCRUZAMENTO;CONTROLETRAFEGO;USOSOLO;MORTOS;FERIDOS;ILESOS;AUTOMOVEL;ONIBUS;BICICLETA;CAMINHAO;MICROONIBUS;CICLOMOTOR;MOTOCICLETA;TRACAOANIMAL;TREM;LONG;LAT
286296;5;4;2016;11:02;0;AV JOAO PESSOA;;;6933;;Colisão;Luz do Dia;;;Meio de Quadra;;;0;0;1;0;0;0;0;0;0;0;0;0;-38,561088;-3,770339
286297;5;4;2016;11:13;0;AV N CJ JOSE WALTER;;;;;Colisão;Luz do Dia;;;Meio de Quadra;;;0;0;2;0;0;0;0;0;0;0;0;0;;
286298;5;4;2016;11:57;0;AV LINEU MACHADO;;;;;Colisão;Luz do Dia;;;Meio de Quadra;;;0;0;1;0;0;0;0;0;0;0;0;0;;
286299;5;4;2016;12:14;0;AV TRISTAO GONCALVES;;;1074;;Colisão;Luz do Dia;;;Meio de Quadra;;;0;0;1;0;0;0;0;0;0;0;0;0;-38,534419;-3,731137
286300;5;4;2016;13:20;0;AV N CJ JOSE WALTER;;;1052;;Colisão;Luz do Dia;;;Meio de Quadra;;;0;0;1;0;0;0;0;0;0;0;0;0;;
286301;5;4;2016;13:28;12457;RUA PRO GOMES BRASIL;AV AUGUSTO DOS ANJOS;;;;Colisão;Luz do Dia;;;Cruz;Semáforo;Comercial;0;0;1;0;0;0;0;0;0;0;0;0;-38,570427;-3,770153
286302;5;4;2016;13:36;3747;AV DEP PAULINO ROCHA;RUA JOR ANTONIO P TAVARES;;;;Colisão;Luz do Dia;;;T;;Comercial;0;0;1;0;0;0;0;0;0;0;0;0;-38,511317;-3,811714
286303;5;4;2016;13:39;0;AV PRS COSTA E SILVA;;;;;Colisão;Luz do Dia;;;Meio de Quadra;;;0;0;2;0;0;0;0;0;0;0;0;0;;
286280;5;4;2016;07:31;7752;AV CARNEIRO DE MENDONCA;AV JOAO PESSOA;;;;Colisão;Luz do Dia;;;Cruz;Semáforo;Misto;0;0;1;0;0;0;0;0;0;0;0;0;-38,559808;-3,767222
286278;5;4;2016;07:11;16057;AV PRS COSTA E SILVA;AV WENEFRIDO MELO;;;;Colisão;Luz do Dia;;;;;;0;0;1;0;0;0;0;0;0;0;0;0;-38,574739;-3,811743
286306;5;4;2016;14:06;24987;AV ANTONIO SALES;AV ALM HENRIQUE SABOIA;;;;Colisão;Luz do Dia;;;Y;Outros;Comercial;0;0;1;0;0;0;0;0;0;0;0;0;-38,492911;-3,748334
286307;5;4;2016;14:53;0;AV GAL OSORIO DE PAIVA;;;7015;;Colisão;Luz do Dia;;;Meio de Quadra;;;0;0;2;0;0;0;0;0;0;0;0;0;;
286312;5;4;2016;14:57;0;AV FRANCISCO SA;;;4664;;Colisão;Luz do Dia;;;Meio de Quadra;;;0;0;1;0;0;0;0;0;0;0;0;0;-38,566217;-3,714397
286314;5;4;2016;15:20;12520;RUA ALUISIO AZEVEDO;AV AUGUSTO DOS ANJOS;;;;Colisão;Luz do Dia;;;T;Semáforo;Comercial;0;0;1;0;0;0;0;0;0;0;0;0;;
286318;5;4;2016;15:43;19331;AV GAL OSORIO DE PAIVA;RUA PRO GOMES BRASIL;;;;Colisão;Luz do Dia;;;Cruz;Semáforo;Comercial;0;0;2;0;0;0;0;0;0;0;0;0;-38,566451;-3,775618
286319;5;4;2016;16:04;0;RUA PRO ALVARO COSTA;;;987;;Colisão;Luz do Dia;;;Meio de Quadra;;;0;0;2;0;0;0;0;0;0;0;0;0;;
286320;5;4;2016;16:12;0;RUA CARLOTA PINHEIRO;;;900;;Colisão;Luz do Dia;;;Meio de Quadra;;;0;0;2;0;0;0;0;0;0;0;0;0;;
286310;5;4;2016;14:55;0;RUA BARBOSA DE FREITAS;;;;;Colisão;Luz do Dia;;;Meio de Quadra;;;0;0;1;0;0;0;0;0;0;0;0;0;;
286332;5;4;2016;16:42;25287;AV AUGUSTO DOS ANJOS;RUA PRIMEIRO DE MAIO D34;;;;Colisão;Luz do Dia;;;T;Pare;Comercial;0;0;2;1;0;0;0;0;0;0;0;0;-38,582915;-3,78449
286336;5;4;2016;18:00;0;AV FRE CIRILO;;;;;Colisão;Anoitecer;;;Meio de Quadra;;;0;0;1;0;0;0;0;0;0;0;0;0;;
286339;5;4;2016;18:17;6737;AV ENG SANTANA JUNIOR;AV PDE ANTONIO TOMAS;;;;Colisão;Anoitecer;;;Outros;Pare;Comercial;0;0;1;0;0;0;0;0;0;0;0;0;-38,488012;-3,743981
286352;5;4;2016;18:22;0;RUA BENI DE CARVALHO;;;760;;Colisão;Anoitecer;;;Meio de Quadra;;;0;0;1;0;0;0;0;0;0;0;0;0;-38,493614;-3,746451
286353;5;4;2016;19:55;0;RUA CEL VIRGILIO NOGUEIRA (BOM JARDIM);;;744;;Colisão;;;;Meio de Quadra;;;0;0;1;0;0;0;0;0;0;0;0;0;;
286356;5;4;2016;19:58;24236;AV ENG ALBERTO SA;RUA DES WALDETARIO P MOTA;;;;Colisão;;;;Cruz;Semáforo;Residencial;0;0;1;0;0;0;0;0;0;0;0;0;-38,47869;-3,733736
286360;5;4;2016;20:28;3423;AV JOAO PESSOA;RUA ALVARO FERNANDES;;;;Colisão;;;;Cruz;Semáforo;Comercial;0;0;1;0;0;0;0;0;0;0;0;0;-38,555648;-3,759317
286364;5;4;2016;20:50;5343;RUA PDE IBIAPINA;AV BEZERRA DE MENEZES;;;;Colisão;;;;Cruz;Semáforo;Comercial;0;0;1;0;0;0;0;0;0;0;0;0;-38,539973;-3,730548
286366;5;4;2016;21:11;0;RUA SEN ROBERT KENNEDY;;;582;;Colisão;;;;Meio de Quadra;;;0;0;1;0;0;0;0;0;0;0;0;0;-38,579629;-3,705366
286367;5;4;2016;22:09;15370;AV DOM LUIS;AV SEN VIRGILIO TAVORA;;;;Colisão;;;;Cruz;Semáforo;Comercial;0;0;1;0;0;0;0;0;0;0;0;0;-38,492507;-3,734829
286370;5;4;2016;22:49;0;RUA BAR AQUIRAZ;;;;;Colisão;;;;Meio de Quadra;;;0;0;1;0;0;0;0;0;0;0;0;0;;
283740;5;4;2016;15:26;0;RUA CEL VIRGILIO NOGUEIRA (BOM JARDIM);;;744;;Queda;Luz do Dia;;;Meio de Quadra;;;0;1;0;0;0;0;0;0;0;1;0;0;;
283737;5;4;2016;13:59;1491;RUA CEL LINHARES;RUA EDUARDO GARCIA;;;;Colisão;Luz do Dia;;;Cruz;Dê Preferência;Residencial;0;1;0;1;0;0;0;0;0;1;0;0;-38,495077;-3,73948
283743;5;4;2016;15:33;0;AV ENG ALBERTO SA;;;175;;Colisão;Luz do Dia;;;Meio de Quadra;;;0;1;0;1;0;0;0;0;0;1;0;0;-38,481174;-3,73314
283747;5;4;2016;16:08;5395;RUA TEREZA CRISTINA;RUA ANTONIO POMPEU;;;;Colisão;Luz do Dia;;;Cruz;Pare;Residencial;0;1;0;0;0;0;0;0;0;0;0;0;-38,538356;-3,73234
283748;5;4;2016;18:45;0;AV ENG SANTANA JUNIOR;;;773;;Atropelamento;Luz do Dia;;;Meio de Quadra;;;0;1;0;1;0;0;0;0;0;0;0;0;;
283745;5;4;2016;15:44;0;RUA CEL VIRGILIO NOGUEIRA (BOM JARDIM);;;744;;Atropelamento de Animal;Luz do Dia;;;Meio de Quadra;;;0;1;0;0;0;1;0;0;0;0;0;0;;
283761;5;4;2016;07:20;0;RD BR 222;;;500;KM-02;Colisão Lateral;Luz do Dia;Chuva;Molhada;Meio de Quadra;;;0;0;2;1;1;0;0;0;0;0;0;0;-38,58704;-3,739009
283759;5;4;2016;07:05;0;RD BR 222;;;200;KM-04;Colisão Lateral;Luz do Dia;Chuva;Molhada;Meio de Quadra;;;0;1;1;1;0;0;0;0;0;1;0;0;;
283752;5;4;2016;19:16;0;RUA JULIO SILVA;;;440;;Queda;;;;Meio de Quadra;;;0;1;0;0;0;0;0;0;0;1;0;0;;
283755;5;4;2016;19:24;0;RUA BAR AQUIRAZ;;;1409;;Colisão;;;;Meio de Quadra;;;1;0;1;1;0;0;0;0;0;1;0;0;-38,485533;-3,840288
278331;5;4;2016;07:00;25700;RUA ROCHA LIMA;RUA J DA PENHA;;;;Colisão Transversal;Luz do Dia;;;Cruz;Pare;Residencial;0;0;2;1;0;0;0;0;0;0;0;0;-38,520356;-3,737008
279113;5;4;2016;20:50;0;RD CE-040;;;;KM-05;Colisão;Via Iluminada;Bom;Seca;Meio de Quadra;;;0;0;2;1;1;0;0;0;0;0;0;0;-38,480331;-3,791613
278928;5;4;2016;18:30;0;RD CE-040;;;;KM-01;Colisão;Anoitecer;Bom;Seca;Meio de Quadra;;;0;1;1;1;0;0;0;0;0;1;0;0;-38,48666;-3,758119
285998;5;4;2016;;1404;RUA CARLOS VASCONCELOS;RUA CATAO MAMEDE;;;;Colisão;;;;Cruz;Pare;Residencial;0;0;2;1;0;0;0;0;0;0;0;0;-38,512151;-3,737182
283514;5;4;2016;09:10;0;RD BR 116;;;200;KM-03;Colisão Traseira;Luz do Dia;Nublado;Seca;Meio de Quadra;;;0;0;2;1;0;0;0;0;0;0;0;0;-38,51386954;-3,781255671
283636;5;4;2016;01:04;25189;RUA CARLOS CHAGAS;AV AUGUSTO DOS ANJOS;;;;Colisão;;;;Duplo T;Outros;Comercial;0;1;0;1;0;0;0;0;0;1;0;0;-38,580334;-3,781512
283657;5;4;2016;02:02;1378;RUA OSVALDO CRUZ (ALDEOTA);RUA DES LEITE ALBUQUERQUE;;;;Colisão;;;;Cruz;Pare;Residencial;0;2;0;1;0;0;0;0;0;1;0;0;-38,50064;-3,736598
283642;5;4;2016;01:14;0;RUA NAT FEIJO;;;1680;;Colisão;;;;Meio de Quadra;;;0;1;0;1;0;0;0;0;0;1;0;0;;
283644;5;4;2016;01:19;0;AV PERIMETRAL;;;;;Colisão;;;;Meio de Quadra;;;0;1;0;1;0;0;0;0;0;1;0;0;;
283646;5;4;2016;01:51;0;AV AGUANAMBI;;;1686;;Colisão;;;;Meio de Quadra;;;0;1;0;1;0;0;0;0;0;1;0;0;-38,52349;-3,751403
283671;5;4;2016;03:51;15326;RUA PEREIRA FILGUEIRAS;AV BAR STUDART;;;;Queda;;;;Cruz;Semáforo;Comercial;0;1;0;0;0;0;0;0;0;1;0;0;-38,505361;-3,73081
283662;5;4;2016;02:21;0;RUA WALDIR DIOGO;;;575;;Colisão;;;;Meio de Quadra;;;0;2;0;1;0;0;0;0;0;1;0;0;-38,583052;-3,805857
283679;5;4;2016;08:30;0;AV DUQ CAXIAS;;;;;Colisão;Luz do Dia;;;Meio de Quadra;;;0;1;0;0;0;0;0;0;0;0;0;0;;
283680;5;4;2016;09:05;25287;AV AUGUSTO DOS ANJOS;RUA PRIMEIRO DE MAIO D34;;;;Colisão;Luz do Dia;;;T;Pare;Comercial;0;1;0;1;0;0;0;0;0;1;0;0;-38,582915;-3,78449
283674;5;4;2016;05:18;0;AV C CJ JOSE WALTER;;;880;;Colisão;Amanhecer;;;Meio de Quadra;;;0;1;0;1;0;0;0;0;0;1;0;0;-38,55923;-3,827654
283675;5;4;2016;06:03;0;RUA CEL MATOS DOURADO;;;513;;Colisão;Luz do Dia;;;Meio de Quadra;;;0;1;0;1;0;0;0;0;0;1;0;0;-38,585037;-3,743269
283676;5;4;2016;06:24;5364;AV TRISTAO GONCALVES;RUA GAL CLARINDO DE QUEIROZ;;;;Colisão;Luz do Dia;;;Cruz;Pare;Comercial;0;1;0;1;0;0;0;0;0;1;0;0;-38,534472;-3,731314
283682;5;4;2016;09:09;0;AV GAL OSORIO DE PAIVA;;;7015;;Colisão;Luz do Dia;;;Meio de Quadra;;;0;1;0;0;0;0;0;0;0;0;0;0;;
283664;5;4;2016;03:27;12843;RUA JAIME BENEVOLO;RUA MES ROSA;;;;Colisão;;;;Cruz;Pare;Residencial;0;1;0;1;0;0;0;0;0;1;0;0;-38,528645;-3,741987
283687;5;4;2016;09:14;0;AV JOAO PESSOA;;;5986;;Colisão;Luz do Dia;;;Meio de Quadra;;;0;1;0;0;0;0;0;0;0;0;0;0;-38,557933;-3,762681
283689;5;4;2016;09:25;0;AV FRANCISCO SA;;;;;Atropelamento;Luz do Dia;;;Meio de Quadra;;;0;1;1;0;0;0;0;0;0;1;0;0;;
283690;5;4;2016;09:48;0;RUA VICENTE NOBRE MACEDO;;;;;Colisão;Luz do Dia;;;Meio de Quadra;;;0;1;0;1;0;0;0;0;0;1;0;0;;
283714;5;4;2016;13:35;0;AV DR SILAS MUNGUBA;;;1089;;Atropelamento;Luz do Dia;;;Meio de Quadra;;;0;1;0;1;0;0;0;0;0;0;0;0;-38,556313;-3,781895
283715;5;4;2016;13:47;0;AV GAL OSORIO DE PAIVA;;;8205;;Atropelamento;Luz do Dia;;;Meio de Quadra;;;0;1;0;1;0;0;0;0;0;0;0;0;-38,618779;-3,821952
283712;5;4;2016;13:31;12867;RUA JOAQUIM MAGALHAES;RUA JAIME BENEVOLO;;;;Colisão;Luz do Dia;;;Cruz;Pare;Comercial;0;1;0;1;0;0;0;0;0;1;0;0;-38,527961;-3,739942
283709;5;4;2016;13:09;0;RUA BENI DE CARVALHO;;;768;;Queda;Luz do Dia;;;Meio de Quadra;;;0;1;0;0;0;0;0;0;0;1;0;0;-38,49352;-3,746482
283519;6;4;2016;14:10;0;RD BR 116;;;0;KM-07;Atropelamento;Luz do Dia;Bom;Seca;Meio de Quadra;;;0;1;1;0;0;0;1;0;0;0;0;0;-38,50135403;-3,814567428
283164;6;4;2016;16:00;0;RD BR 020;;;500;KM 309;Atropelamento de Animal;Luz do Dia;Bom;Seca;Meio de Quadra;;;0;0;4;0;0;0;0;0;0;0;0;0;;
278930;6;4;2016;14:15;0;RD CE-040;;;;KM-07;Colisão;Luz do Dia;Bom;Seca;Meio de Quadra;;;0;0;2;1;0;0;0;0;0;0;0;0;-38,478733;-3,809597
283760;6;4;2016;01:39;0;AV C CJ CEARA;;;725;;Colisão;;;;Meio de Quadra;;;0;1;0;0;0;0;0;0;0;1;0;0;-38,610504;-3,765081
283767;6;4;2016;02:04;0;AV PERIMETRAL;;;;;Colisão;;;;Meio de Quadra;;;0;1;0;1;0;0;0;0;0;1;0;0;;
283765;6;4;2016;02:02;0;RUA MONTE LIBANO;;;1000;;Colisão;;;;Meio de Quadra;;;0;1;0;1;0;0;0;0;0;0;0;0;-38,565222;-3,82897
283772;6;4;2016;02:11;0;AV ENG HUMBERTO MONTE;;;1957;;Queda;;;;Meio de Quadra;;;0;2;0;0;0;0;0;0;0;1;0;0;-38,564738;-3,74393
283783;6;4;2016;02:46;7718;AV CARNEIRO DE MENDONCA;AV JOSE BASTOS;;;;Colisão;;;;Cruz;Semáforo;Comercial;0;1;0;1;0;0;0;0;0;1;0;0;-38,566759;-3,764109
283785;6;4;2016;02:49;0;RUA JOSE HIPOLITO;;;307;;Colisão;;;;Meio de Quadra;;;0;1;0;1;0;0;0;0;0;1;0;0;-38,492234;-3,832986
283787;6;4;2016;03:04;0;AV JOAO PESSOA;;;6745;;Colisão;;;;Meio de Quadra;;;0;1;0;0;0;0;1;0;0;1;0;0;-38,561031;-3,770199
283788;6;4;2016;03:11;25227;AV I CJ CEARA;AV A CJ CEARA;;;;Colisão;;;;;;;0;1;0;1;0;1;0;0;0;0;0;0;-38,601152;-3,766922
283849;6;4;2016;06:49;0;RUA CATOLE;;;2450;;Colisão;Luz do Dia;;;Meio de Quadra;;;0;1;0;1;0;0;0;0;0;1;0;0;-38,521347;-3,85055
283851;6;4;2016;07:15;0;RUA VALPARAISO;;;724;;Colisão;Luz do Dia;;;Meio de Quadra;;;0;1;0;0;0;0;0;0;0;0;0;0;-38,526493;-3,843638
283853;6;4;2016;08:20;0;RD BR 116;;;7000;KM-07;Atropelamento;Luz do Dia;;;Meio de Quadra;;;0;1;0;0;0;0;1;0;0;0;0;0;-38,501101;-3,813246
283840;6;4;2016;05:51;0;AV PERIMETRAL;;;122;;Queda;Amanhecer;;;Meio de Quadra;;;0;1;0;0;0;0;0;0;0;1;0;0;;
283841;6;4;2016;06:49;0;AV DR SILAS MUNGUBA;;;1520;;Colisão;Luz do Dia;;;Meio de Quadra;;;0;1;0;1;0;0;0;0;0;1;0;0;-38,553965;-3,783869
283857;6;4;2016;09:18;11069;RUA SUECIA;RUA EQUADOR;;;;Colisão;Luz do Dia;;;Cruz;Pare;Residencial;0;1;0;1;0;0;0;0;0;1;0;0;-38,557111;-3,784449
283872;6;4;2016;13:04;0;AV PRS CASTELO BRANCO;;;3311;;Colisão;Luz do Dia;;;Meio de Quadra;;;0;1;0;1;0;0;0;0;0;1;0;0;-38,560795;-3,710551
283873;6;4;2016;13:28;12614;AV CEL CARVALHO;RUA COS LAFAYETE;;;;Colisão;Luz do Dia;;;;;;0;1;0;1;0;0;0;0;0;1;0;0;-38,587938;-3,717512
283875;6;4;2016;13:42;13625;RUA DR THOMPSON BULCAO;RUA VIRGILIO B SANTOS;;;;Colisão;Luz do Dia;;;Duplo T;Pare;Misto;0;1;0;1;0;0;0;0;0;1;0;0;-38,494018;-3,769117
283866;6;4;2016;11:23;0;AV PONTES VIEIRA;;;138;;Colisão;Luz do Dia;;;Meio de Quadra;;;0;1;0;1;0;0;0;0;0;1;0;0;-38,519226;-3,753395
283867;6;4;2016;12:25;0;AV GOV RAUL BARBOSA;;;462;;Colisão;Luz do Dia;;;Meio de Quadra;;;0;1;0;0;0;0;0;0;0;1;0;0;;
283869;6;4;2016;12:55;0;RUA BAR RIO BRANCO;;;904;;Queda;Luz do Dia;;;Meio de Quadra;;;0;1;0;0;0;0;0;0;0;1;0;0;-38,528228;-3,726342
283862;6;4;2016;09:59;0;RUA 41 CJ JOSE WALTER;;;410;;Colisão;Luz do Dia;;;Meio de Quadra;;;0;1;0;1;0;0;0;0;0;1;0;0;-38,557804;-3,830402
283883;6;4;2016;14:03;5418;RUA GAL CLARINDO DE QUEIROZ;RUA ASSUNCAO;;;;Colisão;Luz do Dia;;;Cruz;Pare;Comercial;0;1;0;1;0;0;0;0;0;1;0;0;-38,528262;-3,733329
283826;6;4;2016;04:27;0;AV DR THEBERGE;;;2486;;Colisão;;;;Meio de Quadra;;;0;1;0;1;0;0;0;0;0;1;0;0;-38,567994;-3,723944
283810;6;4;2016;03:49;0;AV C CJ CEARA;;;1545;;Colisão;;;;Meio de Quadra;;;0;1;0;0;0;0;0;0;0;0;0;0;-38,614847;-3,771913
283887;6;4;2016;14:38;0;AV PRS CASTELO BRANCO;;;;;Colisão;Luz do Dia;;;Meio de Quadra;;;0;1;0;0;0;0;0;0;0;0;0;0;;
283902;6;4;2016;16:19;0;AV AGUANAMBI;;;2280;;Queda;Luz do Dia;;;Meio de Quadra;;;0;1;0;0;0;0;0;0;0;1;0;0;-38,52354;-3,757408
283899;6;4;2016;16:15;0;RUA MARIO MAMEDE;;;949;;Colisão;Luz do Dia;;;Meio de Quadra;;;0;1;0;1;0;0;0;0;0;1;0;0;;
283891;6;4;2016;14:44;0;RUA DUARTE DA COSTA;;;512;;Queda;Luz do Dia;;;Meio de Quadra;;;0;1;0;0;0;1;0;0;0;0;0;0;-38,486755;-3,827936
283893;6;4;2016;15:54;18510;RUA TEN MARQUES;RUA MEXICO;;;;Colisão;Luz do Dia;;;Cruz;Não Há Controle;Rural;0;1;0;1;0;1;0;0;0;0;0;0;-38,573257;-3,734792
283904;6;4;2016;16:26;0;AV GAL OSORIO DE PAIVA;;;4500;;Colisão;Luz do Dia;;;Meio de Quadra;;;0;1;0;0;0;0;0;0;0;0;0;0;-38,595093;-3,797535
283909;6;4;2016;16:27;0;AV CARAPINIMA;;;1908;;Queda;Luz do Dia;;;Meio de Quadra;;;0;1;0;0;0;0;0;0;0;1;0;0;-38,537976;-3,737938
283912;6;4;2016;17:02;0;RUA PEDRO SAMPAIO;;;721;;Queda;Anoitecer;;;Meio de Quadra;;;0;1;0;0;0;0;0;0;0;1;0;0;;
283918;6;4;2016;17:22;0;AV ALBERTO CRAVEIRO;;;;;Atropelamento;Anoitecer;;;Meio de Quadra;;;0;2;0;0;0;0;0;0;0;1;0;0;;
286372;6;4;2016;07:01;0;AV SEN FERNANDES TAVORA;;;;;Colisão;Luz do Dia;;;Meio de Quadra;;;0;0;1;0;0;0;0;0;0;0;0;0;;
286375;6;4;2016;07:28;0;AV ENG HUMBERTO MONTE;;;1958;;Colisão;Luz do Dia;;;Meio de Quadra;;;0;0;2;0;0;0;0;0;0;1;0;0;;
286377;6;4;2016;08:05;0;RUA JOSE HIPOLITO;;;303;;Colisão;Luz do Dia;;;Meio de Quadra;;;0;0;2;0;0;0;0;0;0;0;0;0;-38,492306;-3,832974
286379;6;4;2016;08:08;6029;AV C CJ CEARA;RUA 208 CJ CEARA;;;;Colisão;Luz do Dia;;;;;;0;0;1;0;0;0;0;0;0;0;0;0;-38,610478;-3,765009
286382;6;4;2016;08:25;0;AV AUGUSTO DOS ANJOS;;;502;;Colisão;Luz do Dia;;;Meio de Quadra;;;0;0;2;0;1;0;0;0;0;0;0;0;-38,572933;-3,773192
286390;6;4;2016;08:30;0;RUA PDE PERDIGAO SAMPAIO;;;;;Colisão;Luz do Dia;;;Meio de Quadra;;;0;0;2;0;0;0;0;0;0;0;0;0;;
286393;6;4;2016;08:53;0;AV JOAO PESSOA;;;;;Colisão;Luz do Dia;;;Meio de Quadra;;;0;0;1;0;0;0;0;0;0;0;0;0;;
286399;6;4;2016;08:57;84;RUA PDE PERDIGAO SAMPAIO;AV MR HULL;;;;Colisão;Luz do Dia;;;;;;0;0;2;0;0;0;0;0;0;0;0;0;-38,594635;-3,740113
286411;6;4;2016;11:50;0;AV DR SILAS MUNGUBA;;;1520;;Colisão;Luz do Dia;;;Meio de Quadra;;;0;0;1;0;0;0;0;0;0;0;0;0;-38,553965;-3,783869
286428;6;4;2016;11:52;0;RUA ROSINHA SAMPAIO;;;904;;Colisão;Luz do Dia;;;Meio de Quadra;;;0;0;1;0;0;0;0;0;0;0;0;0;-38,586713;-3,726817
286430;6;4;2016;13:25;0;RUA VALPARAISO;;;;;Colisão;Luz do Dia;;;Meio de Quadra;Pare;Residencial;0;0;1;0;0;0;0;0;0;0;0;0;;
286432;6;4;2016;13:08;0;AV GODOFREDO MACIEL;;;2905;;Colisão;Luz do Dia;;;Meio de Quadra;;;0;0;1;0;0;0;0;0;0;0;0;0;-38,571277;-3,800806
286433;6;4;2016;13:33;0;AV GODOFREDO MACIEL;;;1155;;Colisão;Luz do Dia;;;Meio de Quadra;;;0;0;1;0;0;0;0;0;0;0;0;0;-38,566568;-3,785705
286434;6;4;2016;13:49;0;AV JOAO PESSOA;;;6221;;Colisão;Luz do Dia;;;Meio de Quadra;;;0;0;1;0;0;0;0;0;0;0;0;0;-38,558711;-3,764566
286435;6;4;2016;14:00;1498;AV JULIO VENTURA;RUA SILVA PAULET;;;;Colisão;Luz do Dia;;;Cruz;Semáforo;Comercial;0;0;1;0;0;0;0;0;0;0;0;0;-38,5071;-3,73964
286436;6;4;2016;14:33;0;RUA PRO GOMES BRASIL;;;240;;Colisão;Luz do Dia;;;Meio de Quadra;;;0;0;1;0;0;0;0;0;0;0;0;0;-38,567866;-3,773728
286438;6;4;2016;15:13;12925;AV DOMINGOS OLIMPIO;AV AGUANAMBI;;;;Colisão;Luz do Dia;;;;;;0;0;1;0;0;0;0;0;0;0;0;0;-38,524628;-3,738683
286439;6;4;2016;15:14;0;RUA CEL RIBEIRO DA SILVA;;;112;;Colisão;Luz do Dia;;;Meio de Quadra;;;0;0;1;0;0;0;0;0;0;0;0;0;-38,547574;-3,725599
286443;6;4;2016;15:16;9220;RUA NAPOLEAO LAUREANO;AV 13 DE MAIO;;;;Colisão;Luz do Dia;;;Cruz;Semáforo;Comercial;0;0;1;0;0;0;0;0;0;0;0;0;-38,528825;-3,749758
286458;6;4;2016;16:03;1279;RUA OSVALDO CRUZ (ALDEOTA);AV DOM LUIS;;;;Colisão;Luz do Dia;;;Cruz;Semáforo;Comercial;0;0;2;0;0;0;0;0;0;0;0;0;-38,499353;-3,732616
286460;6;4;2016;17:44;0;RUA 8 DE SETEMBRO;;;1103;;Colisão;Anoitecer;;;Meio de Quadra;;;0;0;2;0;0;0;0;0;0;0;0;0;;
286469;6;4;2016;18:21;21979;RUA GAL BERNARDO FIGUEIREDO;RUA PRO RAIMUNDO ARRUDA;;;;Colisão;Anoitecer;;;Cruz;Pare;Residencial;0;0;2;0;0;0;0;0;0;0;0;0;-38,55084;-3,739476
286473;6;4;2016;19:50;1289;AV SANTOS DUMONT;RUA SILVA PAULET;;;;Colisão;;;;Cruz;Pare;Comercial;0;0;2;0;0;0;0;0;0;0;0;0;-38,505258;-3,733985
286474;6;4;2016;21:52;7718;AV JOSE BASTOS;AV CARNEIRO DE MENDONCA;;;;Colisão;;;;Cruz;Semáforo;Comercial;0;0;1;0;0;0;0;0;0;0;0;0;-38,566759;-3,764109
286476;6;4;2016;21:53;0;AV PRO GOMES DE MATOS;;;2121;;Colisão;;;;Meio de Quadra;;;0;0;1;0;0;0;0;0;0;0;0;0;;
286471;6;4;2016;18:33;5406;RUA PRC ISABEL;RUA ANTONIO POMPEU;;;;Colisão;;;;Cruz;Pare;Comercial;0;0;2;0;0;0;0;0;0;0;0;0;-38,537283;-3,732693
286478;6;4;2016;21:54;0;AV DOMINGOS OLIMPIO;;;;;Colisão;;;;;;;0;0;2;0;0;0;0;0;0;0;0;0;;
286480;6;4;2016;22:09;0;RUA MAJ PEDRO SAMPAIO;;;721;;Colisão;;;;Meio de Quadra;;;0;0;2;0;0;0;0;0;0;0;0;0;;
281998;6;4;2016;14:45;15973;AV GODOFREDO MACIEL;RUA GAL ONOFRE;;;;Colisão Traseira;Luz do Dia;Bom;Seca;T;Pare;Comercial;0;0;2;1;1;0;0;0;0;0;0;0;-38,573268;-3,807218
282005;6;4;2016;14:00;0;AV HIS RAIMUNDO GIRAO;;;700;;Colisão Traseira;Luz do Dia;Bom;Seca;Meio de Quadra;Não Há Controle;Lazer;0;0;2;1;0;0;0;0;0;0;0;0;-38,509467;-3,721637
281914;6;4;2016;17:20;25460;RUA TABULEIRO DO NORTE;AV JOSE BASTOS;;;;Colisão Lateral;Luz do Dia;Bom;Seca;T;Semáforo;Comercial;0;0;2;1;0;0;0;0;0;1;0;0;;
281935;6;4;2016;08:20;10453;AV D CJ CEARA;AV I CJ CEARA;;;;Colisão Transversal;Luz do Dia;Bom;Seca;Cruz;Gesto;;0;1;1;1;0;1;0;0;0;0;0;0;-38,601152;-3,766922
281948;6;4;2016;10:00;19389;AV GAL OSORIO DE PAIVA;RUA PERDIGAO DE OLIVEIRA;;;;Colisão Frontal;Luz do Dia;Nublado;Seca;Cruz;Pare;Comercial;0;0;3;0;0;0;1;0;0;0;0;0;-38,570115;-3,777906
281910;6;4;2016;16:20;0;RUA CON DE CASTRO;;;7274;;Colisão Traseira;Luz do Dia;Bom;Seca;Meio de Quadra;Não Há Controle;Residencial;0;1;1;0;0;0;1;0;0;1;0;0;-38,60096;-3,817523
281885;6;4;2016;07:30;13216;RUA 58 CJ JOSE WALTER;RUA 95 CJ JOSE WALTER;;;;Colisão Transversal;Luz do Dia;Chuva;Molhada;Cruz;Não Há Controle;Residencial;0;0;2;1;0;0;0;0;0;0;0;0;-38,554039;-3,83442
281882;6;4;2016;18:20;15571;AV FRE CIRILO;RUA LETICIA;;;;Colisão Traseira;Via Iluminada;Bom;Seca;;Não Há Controle;Comercial;0;0;2;1;0;0;0;0;0;0;0;0;-38,495262;-3,822257
281878;6;4;2016;20:50;19469;AV GAL OSORIO DE PAIVA;AV AUGUSTO DOS ANJOS;;;;Colisão Transversal;Mal Iluminada;Nublado;Seca;Outros;Pare;Comercial;0;0;2;1;1;0;0;0;0;0;0;0;-38,584939;-3,787349
281820;6;4;2016;07:40;0;RUA CON DE CASTRO;;;1920;;Engavetamento;Luz do Dia;Nublado;Seca;Meio de Quadra;Não Há Controle;Comercial;0;0;3;1;0;0;0;0;0;0;0;0;-38,575844;-3,787622
281858;6;4;2016;17:30;20042;AV DR SILAS MUNGUBA;AV PRS JUSCELINO KUBITSCHEK (PASSARÉ);;;;Colisão Lateral;Anoitecer;Bom;Seca;Rotatória;Não Há Controle;Comercial;0;0;2;1;0;0;1;0;0;0;0;0;-38,524782;-3,807229