COD_ACIDENTE;DIA;MES;ANO;HORA;INTERSECAO;LOG1;LOG2;LOG3;NUMERO;REFERENCIA;NATUREZA;ILUMINACAO;TEMPO;SUPERFICIEPISTA;TIPOCRUZAMENTO;CONTROLETRAFEGO;USOSOLO;MORTOS;FERIDOS;ILESOS;AUTOMOVEL;ONIBUS;BICICLETA;CAMINHAO;MICROONIBUS;CICLOMOTOR;MOTOCICLETA;TRACAOANIMAL;TREM;LONG;LAT
281738;6;4;2016;20:00;19098;RUA AMELIA BENEBIEN;RUA JOSE CARLOS GURGEL NOGUEIRA;;;;Colisão Transversal;Via Iluminada;Bom;Seca;Cruz;Pare;Residencial;0;1;1;1;0;0;0;0;0;0;0;0;-38,476619;-3,737715
281732;6;4;2016;21:00;5433;RUA METON DE ALENCAR;RUA MAJ FACUNDO;;;;Colisão Transversal;Via Iluminada;Nublado;Seca;Cruz;Pare;Comercial;0;1;1;1;0;0;0;0;0;1;0;0;-38,529899;-3,733917
281723;6;4;2016;17:10;19729;RUA AZEVEDO BOLAO;RUA DOM JOSE LOURENCO  D27;;;;Tombamento;Anoitecer;Bom;Seca;Cruz;Pare;Residencial;0;0;2;1;0;0;0;0;0;0;0;0;-38,559267;-3,736965
281700;6;4;2016;21:40;0;AV GAL OSORIO DE PAIVA;;;4500;;Choque c/ Obstáculo Fixo;Via Iluminada;Nublado;Seca;Meio de Quadra;Não Há Controle;Industrial;0;1;0;0;0;0;0;0;0;1;0;0;-38,595093;-3,797535
281650;6;4;2016;17:00;0;AV PRS COSTA E SILVA;;;2527;;Colisão Traseira;Luz do Dia;Bom;Seca;Meio de Quadra;Outros;Comercial;0;0;2;0;0;0;0;0;0;1;0;0;-38,559519;-3,820548
281493;6;4;2016;13:00;0;RUA MELVIN JONES;;;;;Colisão Transversal;Luz do Dia;;;Meio de Quadra;;;0;0;2;1;0;0;1;0;0;0;0;0;;
281550;6;4;2016;17:00;0;RUA CEL MATOS DOURADO;;;454;;Colisão Transversal;Via Iluminada;Bom;Seca;Meio de Quadra;Pare;Comercial;0;1;1;1;0;0;0;0;0;1;0;0;-38,585057;-3,742997
281621;6;4;2016;00:00;15309;RUA TEN BENEVOLO;RUA JOSE VILAR;;;;Colisão;Via Iluminada;Bom;Seca;Cruz;Semáforo;Residencial;0;0;2;1;0;0;0;0;0;0;0;0;-38,502809;-3,730049
281577;6;4;2016;16:45;0;RUA CAMELIA;;;247;;Colisão Lateral;Mal Iluminada;Bom;Seca;Meio de Quadra;Outros;Residencial;0;1;1;1;0;0;0;0;0;1;0;0;-38,563636;-3,708983
281600;6;4;2016;02:20;9226;RUA MARIO MAMEDE;RUA PDE LEOPOLDO FERNANDES;;;;Colisão Transversal;Via Iluminada;Bom;Seca;Cruz;Pare;Residencial;0;1;1;1;0;0;0;0;0;1;0;0;-38,529139;-3,751242
282054;6;4;2016;07:00;22701;RUA MARIO ALENCAR ARARIPE;RUA TAB JOAQUIM COELHO;;;;Colisão Transversal;Luz do Dia;Chuva;Molhada;Cruz;Pare;Residencial;0;2;1;1;0;0;0;0;1;0;0;0;-38,478147;-3,796826
282032;6;4;2016;08:00;22677;RUA MARIO ALENCAR ARARIPE;AV COS GOMES DE FREITAS (SAPIRANGA/COITE);;;;Colisão Transversal;Luz do Dia;Chuva;Molhada;T;Pare;Comercial;0;2;1;0;0;0;0;0;0;1;0;0;-38,478257;-3,795569
282056;6;4;2016;14:20;5418;RUA ASSUNCAO;RUA GAL CLARINDO DE QUEIROZ;;;;Colisão Transversal;Via Iluminada;Bom;Seca;Cruz;Pare;Comercial;0;1;1;0;0;0;0;0;0;1;0;0;-38,528262;-3,733329
282059;6;4;2016;16:00;5406;RUA PRC ISABEL;RUA ANTONIO POMPEU;;;;Colisão Transversal;Luz do Dia;Bom;Seca;Cruz;Pare;Comercial;0;1;1;1;0;0;0;0;0;1;0;0;-38,537283;-3,732693
282038;6;4;2016;14:30;0;RUA BERNARDO MANUEL;;;;;Colisão Traseira;Luz do Dia;Bom;Seca;Meio de Quadra;Não Há Controle;Residencial;0;0;2;1;0;0;0;0;0;0;0;0;;
282041;6;4;2016;20:30;2313;AV PRS CASTELO BRANCO;RUA MOACIR;;;;Colisão Lateral;Via Iluminada;Bom;Seca;Cruz;Outros;Residencial;0;0;2;0;1;0;0;0;0;0;0;0;-38,579725;-3,703801
282012;6;4;2016;19:30;0;RUA DR THOMPSON BULCAO;;;647;;Colisão Transversal;Via Iluminada;Bom;Seca;Meio de Quadra;Não Há Controle;Residencial;0;2;0;1;0;0;0;0;0;1;0;0;;
282013;6;4;2016;19:00;0;RUA TABULEIRO DO NORTE;;;;;Colisão Traseira;Via Iluminada;Bom;Seca;Meio de Quadra;Semáforo;Comercial;0;0;2;1;0;0;0;0;0;0;0;0;;
282018;6;4;2016;11:30;0;AV GOV PARSIFAL BARROSO;;;;;Colisão Transversal;Luz do Dia;Bom;Seca;T;Pare;Residencial;0;0;2;1;0;0;0;0;0;0;0;0;;
282019;6;4;2016;09:00;0;AV ENG HUMBERTO MONTE;;;;;Colisão Lateral;Luz do Dia;Nublado;Seca;Meio de Quadra;Pare;Comercial;0;0;2;1;0;0;0;0;0;0;0;0;;
282020;6;4;2016;10:20;12699;AV CEL CARVALHO;RUA OTAVIO PARANHOS;;;;Colisão Lateral;Luz do Dia;Bom;Seca;Y;Semáforo;Comercial;0;0;2;0;1;0;0;0;0;1;0;0;;
282023;6;4;2016;17:40;26235;AV JOR THOMAZ COELHO;RUA FRANCISCO NEPOMUCENO;;;;Colisão Lateral;Via Iluminada;Bom;Seca;Cruz;Não Há Controle;Residencial;0;0;2;1;0;0;0;0;0;0;0;0;-38,508005;-3,830199
282027;6;4;2016;18:00;17621;RUA JOSE PEDRA;RUA JOSE LITO OLIVEIRA;;;;Colisão Transversal;Anoitecer;Bom;Seca;Cruz;Pare;Residencial;0;0;2;0;0;0;1;0;0;0;0;0;-38,549239;-3,794115
281019;6;4;2016;07:50;7883;RUA LEONARDO MOTA;RUA RAIMUNDO RESENDE;;;;Colisão Transversal;Luz do Dia;;;;;;0;1;1;0;0;0;0;0;0;1;0;0;-38,499598;-3,746829
280645;6;4;2016;18:45;21485;AV FRE CIRILO;AV MIN JOSE AMERICO;;;;Colisão;;;;Cruz;Semáforo;;0;0;2;1;1;0;0;0;0;0;0;0;-38,4995;-3,812905
280660;6;4;2016;15:58;0;TR PRIMEIRO DE MAIO D34;;;;;Colisão;Luz do Dia;;;Meio de Quadra;;;0;0;2;1;1;0;0;0;0;0;0;0;;
280649;6;4;2016;12:03;12837;RUA JAIME BENEVOLO;AV DOMINGOS OLIMPIO;;;;Colisão;Luz do Dia;Chuva;Molhada;Cruz;Semáforo;Residencial;0;0;2;1;0;0;1;0;0;0;0;0;-38,527245;-3,73778
280656;6;4;2016;12:22;0;RUA ROSINHA SAMPAIO;;;;;Colisão;Luz do Dia;;;Meio de Quadra;;;0;0;2;0;1;0;0;0;0;0;0;0;;
280657;6;4;2016;13:46;0;AV GODOFREDO MACIEL;;;;;Colisão;Luz do Dia;;;Meio de Quadra;;;0;0;2;1;0;0;0;0;0;0;0;0;;
280658;6;4;2016;13:50;0;AV PRS JUSCELINO KUBITSCHEK (PASSARÉ);;;3300;;Colisão;Luz do Dia;Bom;Seca;Meio de Quadra;Não Há Controle;Residencial;0;0;2;1;0;0;0;0;0;0;0;0;;
280654;6;4;2016;12:06;12404;AV LINEU MACHADO;AV SEN FERNANDES TAVORA;;;;Colisão;Luz do Dia;;;Cruz;Não Há Controle;Comercial;0;0;2;1;1;0;0;0;0;0;0;0;-38,57654;-3,765199
281215;6;4;2016;07:20;0;AV AGUANAMBI;;;1801;;Colisão Traseira;Luz do Dia;;;Meio de Quadra;;;0;0;2;1;1;0;0;0;0;0;0;0;-38,523412;-3,752953
280664;7;4;2016;08:42;0;RUA MARIA GOMES DE SA;;;2000;;Colisão Traseira;Luz do Dia;Bom;Seca;Meio de Quadra;Outros;Misto;0;0;2;1;0;0;0;0;0;0;0;0;-38,585453;-3,821618
280670;7;4;2016;12:15;0;AV HIS RAIMUNDO GIRAO;;;;;Colisão Lateral;Luz do Dia;Bom;Seca;Outros;;Comercial;0;0;2;1;0;0;1;0;0;0;0;0;;
280667;7;4;2016;08:54;0;RUA PESSOA ANTA;;;51;;Colisão Lateral;Luz do Dia;Chuva;Molhada;Meio de Quadra;Semáforo;Comercial;0;0;2;1;1;0;0;0;0;0;0;0;-38,522418;-3,721161
280676;7;4;2016;23:16;0;AV DR SILAS MUNGUBA;;;;;Colisão;;;;Meio de Quadra;;;0;0;3;1;1;0;0;0;0;0;0;0;;
280673;7;4;2016;15:13;1649;RUA CEL JUCA;RUA GAL TERTULIANO POTYGUARA;;;;Colisão Transversal;Luz do Dia;Bom;Seca;Cruz;Pare;Residencial;0;0;2;1;0;0;0;0;0;0;0;0;-38,493766;-3,745325
280674;7;4;2016;18:38;15104;AV HIS RAIMUNDO GIRAO;RUA ILDEFONSO ALBANO;;;;Colisão Lateral;Via Iluminada;Bom;Seca;Cruz;Semáforo;Residencial;0;0;2;1;1;0;0;0;0;0;0;0;-38,509542;-3,721603
281566;7;4;2016;18:00;0;RUA TIBURCIO CAVALCANTE;;;;;Choque c/ Obstáculo Fixo;Anoitecer;Bom;Seca;Meio de Quadra;Outros;Comercial;0;0;3;1;0;0;0;0;0;0;0;0;;
281572;7;4;2016;17:45;1507;RUA BAR ARACATI;RUA PDE VALDEVINO;;;;Colisão Transversal;Via Iluminada;Bom;Seca;Cruz;Pare;Comercial;0;0;2;1;0;0;0;0;0;0;0;0;-38,514377;-3,739898
281582;7;4;2016;17:30;0;RUA BAR ARATANHA;;;194;;Colisão Traseira;Anoitecer;Bom;Seca;Meio de Quadra;Pare;Residencial;0;0;2;1;0;0;0;0;0;0;0;0;-38,52696;-3,734645
281576;7;4;2016;10:40;25486;AV ALBERTO CRAVEIRO;AV SEN CARLOS JEREISSATI (AEROPORTO);;;;Colisão Transversal;Luz do Dia;Bom;Seca;Y;Não Há Controle;Comercial;0;0;2;1;0;0;0;0;0;1;0;0;-38,516874;-3,783767
281564;7;4;2016;17:45;1285;AV DOM LUIS;RUA VIS MAUA;;;;Colisão Transversal;Anoitecer;Bom;Seca;Cruz;Pare;Comercial;0;0;2;1;0;0;0;0;0;0;0;0;-38,49839;-3,732923
281685;7;4;2016;18:10;0;RUA BERNARDO MANUEL;;;;;Atropelamento;Anoitecer;;;Meio de Quadra;;;0;2;0;0;0;0;0;0;0;1;0;0;;
281712;7;4;2016;20:40;0;AV PRS COSTA E SILVA;;;1347;;Colisão Traseira;Mal Iluminada;Bom;Seca;Meio de Quadra;Não Há Controle;Comercial;0;0;2;1;0;0;0;0;0;0;0;0;;
281733;7;4;2016;06:15;0;AV BORGES DE MELO;;;205;;Colisão Transversal;Luz do Dia;Nublado;Seca;Meio de Quadra;Semáforo;Misto;0;0;2;1;0;0;0;0;0;0;0;0;-38,520773;-3,761269
281727;7;4;2016;07:40;0;AV JOSE BASTOS;;;5470;;Queda;Luz do Dia;Nublado;Seca;Meio de Quadra;Semáforo;Comercial;0;1;0;0;0;0;0;0;0;1;0;0;-38,564057;-3,759927
281719;7;4;2016;20:15;0;RUA DOS PACAJUS;;;97;;Choque c/ Obstáculo Fixo;Via Iluminada;Bom;Seca;Meio de Quadra;Não Há Controle;Comercial;0;0;1;0;0;0;1;0;0;0;0;0;-38,513997;-3,719474
281754;7;4;2016;09:00;23433;RUA MON SALAZAR;RUA PRO CARVALHO;;;;Colisão Transversal;Luz do Dia;Nublado;Molhada;Cruz;Pare;Comercial;0;0;2;1;0;0;0;0;0;0;0;0;-38,514308;-3,756146
281786;7;4;2016;08:40;0;AV FRE CIRILO;;;4629;;Colisão Traseira;Luz do Dia;Nublado;Seca;Meio de Quadra;Não Há Controle;Lazer;0;1;1;1;0;0;0;0;0;1;0;0;-38,494414;-3,8242
281790;7;4;2016;13:00;0;RUA OSVALDO CRUZ (ALDEOTA);;;;;Colisão Transversal;Luz do Dia;Bom;Seca;Meio de Quadra;Pare;Residencial;0;0;3;1;0;0;0;0;0;0;0;0;;
281795;7;4;2016;11:30;0;AV CAP WALDEMAR PAULA LIMA;;;21;;Colisão Frontal;Luz do Dia;Bom;Seca;Meio de Quadra;Não Há Controle;Residencial;0;0;3;1;0;0;0;0;0;0;0;0;;
281811;7;4;2016;14:10;14967;AV GODOFREDO MACIEL;RUA JULIO ALCIDES;;;;Colisão Transversal;Luz do Dia;Bom;Seca;T;Outros;Outros;0;1;1;1;0;0;0;0;0;1;0;0;-38,566785;-3,787856
281859;7;4;2016;16:45;9052;RUA LAURO MAIA;RUA DR JOAO DE DEUS D11;;;;Colisão Lateral;Luz do Dia;Bom;Seca;Cruz;Pare;Residencial;0;0;3;1;0;0;0;0;0;0;0;0;-38,52337;-3,744951
282000;7;4;2016;13:50;12819;RUA ANDRE CHAVES;AV PRO GOMES DE MATOS;;;;Colisão Lateral;Luz do Dia;Bom;Seca;Cruz;Semáforo;Comercial;0;0;2;0;0;0;0;1;0;1;0;0;-38,541533;-3,756396
282003;7;4;2016;03:00;0;AV PRS CASTELO BRANCO;;;3100;;Colisão Frontal;Mal Iluminada;Chuva;Molhada;Meio de Quadra;Outros;Residencial;0;0;2;1;0;0;0;0;0;0;0;0;-38,557253;-3,711624
281989;7;4;2016;18:30;12863;AV DOMINGOS OLIMPIO;RUA FLORIANO PEIXOTO;;;;Colisão Traseira;Via Iluminada;Bom;Seca;Cruz;Pare;Comercial;0;0;3;1;0;0;1;0;0;0;0;0;-38,530313;-3,736976
281992;7;4;2016;05:00;10300;AV SEN FERNANDES TAVORA;RUA JOSE MENDONCA;;;;Colisão Transversal;Luz do Dia;Bom;Seca;Cruz;Pare;Comercial;0;1;1;1;1;0;0;0;0;0;0;0;-38,601696;-3,754492
281994;7;4;2016;09:05;7983;AV JOAO PESSOA;RUA JOAO SORONGO;;;;Colisão Transversal;Luz do Dia;Bom;Seca;Cruz;Pare;Comercial;0;0;2;1;1;0;0;0;0;0;0;0;-38,546069;-3,748663
281996;7;4;2016;18:30;19454;AV AUGUSTO DOS ANJOS;RUA ABEL RIBEIRO;;;;Colisão Transversal;Via Iluminada;Bom;Seca;T;Pare;Comercial;0;1;1;1;0;0;0;0;0;1;0;0;-38,57903;-3,78003
281997;7;4;2016;17:00;614;AV DR THEBERGE;RUA ANA FACO;;;;Colisão Traseira;Anoitecer;Bom;Seca;Cruz;Pare;Comercial;0;1;1;1;0;0;0;0;0;1;0;0;-38,564134;-3,712143
281976;7;4;2016;;22055;AV JOSE BASTOS;RUA PDE CICERO;;;;Colisão Lateral;;Bom;Seca;Duplo T;Pare;Comercial;0;0;2;1;1;0;0;0;0;0;0;0;-38,544887;-3,744462
281978;7;4;2016;08:10;17433;RUA PRO TEODORICO;RUA CESAR ROSSAS;;;;Atropelamento;Luz do Dia;Nublado;Molhada;Y;Gesto;Comercial;0;1;1;0;0;0;0;0;0;0;0;0;-38,553473;-3,76877
281979;7;4;2016;09:50;0;AV PRS CASTELO BRANCO;;;610;VIADUTO/ALBERTO NEPOMUCENO;Colisão Lateral;Luz do Dia;Bom;Seca;Meio de Quadra;Não Há Controle;Comercial;0;0;2;0;1;0;0;0;0;0;0;0;-38,523857;-3,722425
281969;7;4;2016;16:15;0;AV PAROARAS;;;;;Colisão Lateral;Luz do Dia;Bom;Seca;Meio de Quadra;;Residencial;0;0;2;1;0;0;0;0;0;0;0;0;;
281970;7;4;2016;15:30;0;AV DOM MANUEL;;;244;;Colisão Traseira;Luz do Dia;Nublado;Molhada;Meio de Quadra;Não Há Controle;Residencial;0;0;2;1;0;0;0;0;0;0;0;0;-38,52045;-3,726295
281971;7;4;2016;11:30;22200;AV SGT HERMINIO SAMPAIO;RUA CEL MOZART GONDIM;;;;Colisão Lateral;Luz do Dia;Bom;Seca;Cruz;Pare;Comercial;0;1;1;1;0;0;0;0;0;1;0;0;-38,561327;-3,726516
281972;7;4;2016;13:10;19437;AV DR SILAS MUNGUBA;RUA CASIMIRO DE ABREU;;;;Colisão Lateral;Luz do Dia;Nublado;Seca;T;Semáforo;Comercial;0;0;2;0;1;0;0;0;0;0;0;0;-38,560637;-3,779395
286481;7;4;2016;06:36;5076;RUA DR JOAO MOREIRA;RUA SEN POMPEU;;;;Colisão;Luz do Dia;;;Cruz;Semáforo;Comercial;0;0;1;0;0;0;0;0;0;0;0;0;-38,528275;-3,7224
286483;7;4;2016;07:10;10730;AV SEN FERNANDES TAVORA;RUA VITORIA (AV. PERIMETRAL);;;;Atropelamento;Luz do Dia;;;Cruz;Semáforo Intermitente;Comercial;0;1;1;0;0;0;0;0;0;0;0;0;-38,585903;-3,760193
286486;7;4;2016;07:52;10997;RUA 15 DE NOVEMBRO;RUA EDITE BRAGA;;;;Colisão;Luz do Dia;;;Cruz;Pare;Misto;0;0;2;0;0;0;0;0;0;0;0;0;-38,554083;-3,769575
286490;7;4;2016;08:05;0;AV EDUARDO GIRAO;;;199;;Colisão;Luz do Dia;;;Meio de Quadra;;;0;0;2;0;0;0;0;0;0;0;0;0;-38,536874;-3,750696
286493;7;4;2016;10:14;356;RUA GUSTAVO BRAGA;RUA FRANCISCA CLOTILDE;;;;Colisão;Luz do Dia;;;Cruz;Pare;Comercial;0;0;1;0;0;0;0;0;0;0;0;0;-38,556863;-3,747141
286494;7;4;2016;12:00;0;RUA DR JOAO MOREIRA;;;;;Colisão;Luz do Dia;;;Meio de Quadra;;;0;0;1;0;0;0;0;0;0;0;0;0;;
286497;7;4;2016;13:05;23358;RUA EDUARDO BEZERRA;RUA PRO CARVALHO;;;;Colisão;Luz do Dia;;;T;Pare;Residencial;0;0;1;0;0;0;0;0;0;0;0;0;-38,51474;-3,753921
286500;7;4;2016;13:19;12863;AV DOMINGOS OLIMPIO;RUA FLORIANO PEIXOTO;;;;Colisão;Luz do Dia;;;Cruz;Não Há Controle;Comercial;0;0;1;0;0;0;0;0;0;0;0;0;-38,530313;-3,736976
286502;7;4;2016;13:27;0;AV AGUANAMBI;;;1479;;Colisão;Luz do Dia;;;Meio de Quadra;;;0;0;1;0;0;0;0;0;0;0;0;0;-38,523751;-3,74979
286504;7;4;2016;13:37;0;RUA TEODOMIRO DE CASTRO;;;6339;;Colisão;Luz do Dia;;;Meio de Quadra;;;0;0;1;0;0;0;0;0;0;0;0;0;-38,577092;-3,71673
286505;7;4;2016;14:00;0;AV ALM MAXIMIANO DA FONSECA;;;1018;;Colisão;Luz do Dia;;;Meio de Quadra;;;0;0;2;0;0;0;0;0;0;0;0;0;-38,487086;-3,770978
286512;7;4;2016;15:22;0;AV AGUANAMBI;;;;;Colisão;Luz do Dia;;;Meio de Quadra;;;0;0;1;0;0;0;0;0;0;0;0;0;;
286514;7;4;2016;16:05;0;AV JOSE BASTOS;;;;;Colisão;Luz do Dia;;;Meio de Quadra;;;0;0;1;0;0;0;0;0;0;0;0;0;;
286515;7;4;2016;16:07;7976;AV JOAO PESSOA;RUA MAJ WEYNE;;;;Colisão;Luz do Dia;;;Cruz;Semáforo;Misto;0;0;2;0;0;0;0;0;0;0;0;0;-38,545334;-3,747841
286524;7;4;2016;16:22;5213;RUA VIS SABOIA;RUA CONDE D´EU;;;;Colisão;Luz do Dia;;;;;;0;0;1;0;0;0;0;0;0;0;0;0;-38,525915;-3,726579
286532;7;4;2016;16:34;0;LOGRADOURO SEM NOME;;;;;Colisão;Luz do Dia;;;Meio de Quadra;;;0;0;1;0;0;0;0;0;0;0;0;0;;
286535;7;4;2016;18:04;24991;RUA ABEL RIBEIRO;AV GAL OSORIO DE PAIVA;;;;Colisão;Anoitecer;;;Cruz;Pare;Comercial;0;0;1;0;0;0;0;0;0;0;0;0;-38,576252;-3,781799
286542;7;4;2016;18:13;18528;AV BEZERRA DE MENEZES;AV ENG HUMBERTO MONTE;;;;Colisão;Anoitecer;;;;;;0;0;1;0;0;0;0;0;0;0;0;0;-38,569025;-3,736609
286545;7;4;2016;18:31;22069;AV ENG HUMBERTO MONTE;RUA PAPI JUNIOR;;;;Colisão;;;;Cruz;Pare;Residencial;0;0;1;0;0;0;0;0;0;0;0;0;-38,557697;-3,752552
286547;7;4;2016;18:44;6789;RUA JOAO ADOLFO GURGEL;RUA SAMIR HILUY;;;;Colisão;;;;Cruz;Pare;Residencial;0;0;2;0;0;0;0;0;0;0;0;0;-38,482194;-3,747725
286548;7;4;2016;19:15;18387;AV OLAVO BILAC;AV SGT HERMINIO SAMPAIO;;;;Colisão;;;;Cruz;Semáforo;Residencial;0;0;2;0;0;0;0;0;0;0;0;0;-38,56508;-3,727179
286556;7;4;2016;23:15;0;RUA EDUARDO PERDIGAO;;;;;Colisão;;;;Meio de Quadra;;;0;0;1;0;0;0;0;0;0;0;0;0;;
286550;7;4;2016;20:38;0;AV OLAVO BILAC;;;4367;;Colisão;;;;Meio de Quadra;;;0;0;1;0;0;0;0;0;0;0;0;0;;
286552;7;4;2016;20:48;18284;RUA TABAJARAS;RUA CARIRIS;;;;Colisão;;;;Cruz;Pare;Residencial;0;0;1;0;0;0;0;0;0;0;0;0;-38,517137;-3,719174
283922;7;4;2016;00:51;4080;AV JOSE BASTOS;RUA CEARA;;;;Queda;;;;Cruz;Pare;;0;1;0;0;0;0;0;0;0;1;0;0;-38,564112;-3,760008
283924;7;4;2016;01:04;0;AV PERIMETRAL;;;1174;;Atropelamento;;;;Meio de Quadra;;;0;1;0;0;0;0;0;0;0;1;0;0;-38,590201;-3,786576
283943;7;4;2016;01:54;0;RUA CESAR ROSSAS;;;179;;Atropelamento;;;;Meio de Quadra;;;0;1;0;0;0;0;1;0;0;0;0;0;-38,553572;-3,768803
283937;7;4;2016;01:36;25420;AV ALM HENRIQUE SABOIA;RUA PRO SILAS RIBEIRO;;;;Colisão;;;;T;Semáforo Intermitente;Comercial;0;1;0;0;0;0;0;0;0;1;0;0;;
283938;7;4;2016;01:41;0;RUA 15 DE NOVEMBRO;;;691;;Colisão;;;;Meio de Quadra;;;0;1;0;1;0;0;0;0;0;1;0;0;-38,554005;-3,769603
283949;7;4;2016;02:19;0;AV FRE CIRILO;;;4629;;Colisão;;;;Meio de Quadra;;;0;1;0;1;0;0;0;0;0;1;0;0;-38,494414;-3,8242
283946;7;4;2016;01:57;17433;RUA PRO TEODORICO;RUA CESAR ROSSAS;;;;Atropelamento;;;;Y;Gesto;Comercial;0;1;0;0;0;0;1;0;0;0;0;0;-38,553473;-3,76877
283959;7;4;2016;05:04;0;AV ALBERTO CRAVEIRO;;;45;;Colisão;Amanhecer;;;Meio de Quadra;;;0;1;0;1;0;0;0;0;0;1;0;0;;
284033;7;4;2016;16:27;0;AV PERIMETRAL;;;;;Colisão;Luz do Dia;;;Meio de Quadra;;;0;1;0;1;0;0;0;0;0;0;0;0;;
284036;7;4;2016;17:03;0;AV DR THEBERGE;;;;;Atropelamento;Anoitecer;;;Meio de Quadra;;;0;1;1;0;0;0;0;0;0;1;0;0;;
284037;7;4;2016;17:50;0;RUA RIO GRANDE DO SUL;;;839;;Colisão;Anoitecer;;;Meio de Quadra;;;0;1;0;0;0;0;0;0;0;0;0;0;-38,566038;-3,756247
284027;7;4;2016;15:53;0;AV I CJ CEARA;;;;;Queda;Luz do Dia;;;Meio de Quadra;;;0;1;0;0;0;0;0;0;0;1;0;0;;
284029;7;4;2016;15:58;0;AV CENTRAL;;;;;Colisão;Luz do Dia;;;Meio de Quadra;;;0;2;0;0;0;0;0;0;0;0;0;0;;
284011;7;4;2016;13:25;0;RUA BERNARDO MANUEL;;;7143;;Colisão;Luz do Dia;;;Meio de Quadra;;;0;2;0;1;0;0;0;0;0;1;0;0;-38,545751;-3,7802
284021;7;4;2016;13:55;0;AV OLIVEIRA PAIVA;;;202;VIADUTO - BR-116;Colisão;Luz do Dia;;;Meio de Quadra;;;0;1;0;1;0;0;0;0;0;1;0;0;-38,503354;-3,798688
284022;7;4;2016;14:37;0;AV OLAVO BILAC;;;647;;Colisão;Luz do Dia;;;Meio de Quadra;;;0;1;0;0;0;0;0;0;0;0;0;0;;
284023;7;4;2016;15:13;0;AV CONTORNO NORTE D71;;;1212;;Atropelamento;Luz do Dia;;;Meio de Quadra;;;0;1;0;1;0;0;0;0;0;0;0;0;-38,58795;-3,813647
284009;7;4;2016;13:01;0;AV AUGUSTO DOS ANJOS;;;1527;;Colisão;Luz do Dia;;;Meio de Quadra;;;0;1;0;1;0;0;0;0;0;1;0;0;-38,578975;-3,779969
284014;7;4;2016;13:50;22069;AV ENG HUMBERTO MONTE;RUA PAPI JUNIOR;;;;Atropelamento;Luz do Dia;;;Cruz;Pare;Residencial;0;1;0;1;0;0;0;0;0;0;0;0;-38,557697;-3,752552
284005;7;4;2016;12:17;0;AV ENG HUMBERTO MONTE;;;1333;;Colisão;Luz do Dia;;;Meio de Quadra;;;0;1;1;1;0;0;0;0;0;1;0;0;-38,561456;-3,74791
284003;7;4;2016;11:00;2810;RUA CEL VIRGILIO NOGUEIRA (BOM JARDIM);RUA MARTINS CARVALHO;;;;Atropelamento;Luz do Dia;;;;;;0;2;0;0;0;0;0;0;0;1;0;0;;
283993;7;4;2016;10:43;0;RUA ENF JOAQUIM PINTO;;;180;;Atropelamento;Luz do Dia;;;Meio de Quadra;;;0;1;0;1;0;0;0;0;0;0;0;0;;
283984;7;4;2016;10:00;0;AV OLIVEIRA PAIVA;;;450;;Atropelamento;Luz do Dia;;;Meio de Quadra;;;0;1;0;1;0;0;0;0;0;0;0;0;;
283988;7;4;2016;10:17;0;RUA ANDRE REBOUCAS;;;129;;Colisão;Luz do Dia;;;Meio de Quadra;;;0;1;0;0;0;0;0;0;0;0;0;0;-38,5896;-3,774726
283940;7;4;2016;01:52;1716;AV GAL MURILO BORGES;AV GOV RAUL BARBOSA;;;;Colisão;;;;;;;0;1;0;1;0;0;0;0;0;1;0;0;-38,508802;-3,763977
283978;7;4;2016;09:46;0;AV JOSE BASTOS;;;;;Colisão;Luz do Dia;;;Meio de Quadra;;;0;2;0;1;0;0;0;0;0;1;0;0;;
283982;7;4;2016;09:58;0;AV DA UNIVERSIDADE;;;;;Colisão;Luz do Dia;;;Meio de Quadra;;;0;1;0;1;0;0;0;0;0;1;0;0;;
283973;7;4;2016;07:20;12863;RUA FLORIANO PEIXOTO;AV DOMINGOS OLIMPIO;;;;Colisão;Luz do Dia;;;Cruz;Não Há Controle;Comercial;0;1;0;1;0;0;0;0;0;1;0;0;-38,530313;-3,736976
283974;7;4;2016;07:37;0;RUA RAIMUNDO FROTA;;;6368;;Colisão;Luz do Dia;;;Meio de Quadra;;;0;2;0;1;0;0;0;0;0;1;0;0;;
283967;7;4;2016;06:16;0;RUA PDE PEDRO DE ALENCAR;;;316;;Atropelamento;Luz do Dia;;;Meio de Quadra;;;0;1;0;0;0;0;0;0;0;1;0;0;-38,493856;-3,830464
278940;7;4;2016;13:30;0;RD CE-060;;;;KM-01;Colisão;Luz do Dia;Bom;Seca;Meio de Quadra;;;0;0;3;1;0;0;0;0;0;0;0;0;-38,58015;-3,828411
278935;7;4;2016;14:00;0;RD CE-040;;;;KM-05;Colisão;Luz do Dia;Bom;Seca;Meio de Quadra;;;0;0;2;1;0;0;1;0;0;0;0;0;-38,480331;-3,791613
278942;7;4;2016;12:30;0;AV SEN CARLOS JEREISSATI (AEROPORTO);;;;KM 02;Colisão;Luz do Dia;Bom;Seca;Meio de Quadra;;;0;0;2;1;0;0;0;0;0;0;0;0;-38,535424;-3,782194
278943;7;4;2016;17:10;0;AV SEN CARLOS JEREISSATI (AEROPORTO);;;;KM 02;Colisão;Anoitecer;Bom;Seca;Meio de Quadra;;;0;0;2;1;0;0;0;0;0;0;0;0;-38,535424;-3,782194
283233;7;4;2016;02:43;0;RUA SERGIPE;;;1120;;Colisão;;;;Meio de Quadra;;;0;1;0;0;0;0;0;0;0;0;0;0;-38,569132;-3,761642