COD_ACIDENTE;DIA;MES;ANO;HORA;INTERSECAO;LOG1;LOG2;LOG3;NUMERO;REFERENCIA;NATUREZA;ILUMINACAO;TEMPO;SUPERFICIEPISTA;TIPOCRUZAMENTO;CONTROLETRAFEGO;USOSOLO;MORTOS;FERIDOS;ILESOS;AUTOMOVEL;ONIBUS;BICICLETA;CAMINHAO;MICROONIBUS;CICLOMOTOR;MOTOCICLETA;TRACAOANIMAL;TREM;LONG;LAT
283234;7;4;2016;02:45;0;RUA ALCIDES GERARDO;;;206;;Queda;;;;Meio de Quadra;;;0;1;0;0;0;1;0;0;0;0;0;0;-38,526659;-3,845361
283520;7;4;2016;18:25;0;RD BR 116;;;800;KM-05;Engavetamento;Anoitecer;Bom;Seca;Meio de Quadra;;;0;1;3;1;0;0;0;0;0;1;0;0;-38,50847;-3,793082
286001;7;4;2016;11:40;0;RUA SEN JAGUARIBE;;;526;;Colisão;Luz do Dia;;;Meio de Quadra;;;0;1;1;0;0;0;0;0;0;1;0;0;-38,527511;-3,721844
285808;8;4;2016;07:40;0;AV FRE CIRILO;;;81;;Colisão Traseira;Luz do Dia;;;Meio de Quadra;;;0;0;2;0;0;0;0;0;0;1;0;0;;
282171;8;4;2016;;0;AV JOR THOMAZ COELHO;;;503;;Colisão Traseira;;;;Meio de Quadra;;;0;0;2;1;0;0;0;0;0;1;0;0;;
282143;8;4;2016;12:56;0;RUA VALPARAISO;;;555;;Colisão Traseira;Luz do Dia;;;Meio de Quadra;;;0;1;1;1;0;0;0;0;0;1;0;0;-38,525594;-3,844364
282185;8;4;2016;07:30;25091;AV JOAO PESSOA;RUA TELES DE SOUZA;;;;Colisão Traseira;Luz do Dia;;;T;Semáforo;Comercial;0;0;3;1;0;0;0;0;0;0;0;0;-38,556423;-3,760203
282199;8;4;2016;08:50;5295;RUA PEDRO I;AV IMPERADOR;;;;Colisão Traseira;Luz do Dia;;;Cruz;Semáforo;Comercial;0;0;2;1;0;0;0;0;0;0;0;0;-38,535035;-3,729161
282234;8;4;2016;23:30;26266;AV CHANC EDSON QUEIROZ;RUA JOR CESAR MAGALHAES;;;;Choque c/ Obstáculo Fixo;;;;;;;0;0;1;1;0;0;0;0;0;0;0;0;;
282240;8;4;2016;17:50;26073;AV FRANCISCO SA;AV JOSE JATAHY;;;;Colisão Transversal;Anoitecer;;;Cruz;Semáforo;Comercial;0;0;2;1;1;0;0;0;0;0;0;0;;
282248;8;4;2016;00:20;9097;RUA LAURO MAIA;RUA CEL PERGENTINO FERREIRA;;;;Colisão Traseira;;;;Cruz;Semáforo;Comercial;0;0;2;1;0;0;0;0;0;0;0;0;-38,522736;-3,748036
282250;8;4;2016;09:20;7839;RUA ASSIS CHATEAUBRIAND;RUA OSVALDO CRUZ (ALDEOTA);;;;Colisão Transversal;Luz do Dia;;;Cruz;Não Há Controle;Rural;0;0;2;1;0;0;0;0;0;1;0;0;-38,503671;-3,745999
282253;8;4;2016;06:00;21393;AV DES GONZAGA;RUA PEDRO H VASCONCELOS;;;;Colisão Transversal;Luz do Dia;;;Cruz;Pare;Comercial;0;1;1;0;0;0;0;0;1;0;0;0;-38,497308;-3,801053
282261;8;4;2016;08:50;19688;RUA PRO RAIMUNDO ARRUDA;RUA AZEVEDO BOLAO;;;;Colisão Transversal;Luz do Dia;;;Cruz;Não Há Controle;Residencial;0;0;2;1;0;0;0;0;0;0;0;0;-38,551701;-3,735414
282269;8;4;2016;18:20;9075;RUA CEL JOSE EUCLIDES;AV AGUANAMBI;;;;Colisão Transversal;Anoitecer;;;T;Outros;Comercial;0;0;2;1;0;0;1;0;0;0;0;0;-38,523383;-3,752233
282376;8;4;2016;18:00;21822;RUA DEP MATOSO FILHO;RUA PINHEIRO BASTOS;;;;Colisão Frontal;Anoitecer;;;;;;0;1;2;1;0;0;0;0;0;1;0;0;-38,587246;-3,731037
282391;8;4;2016;17:00;0;AV PRS CASTELO BRANCO;;;4559;;Colisão;Anoitecer;;;Meio de Quadra;;;0;1;1;0;0;0;0;0;0;1;0;0;-38,572798;-3,706802
282284;8;4;2016;01:00;12508;AV LINEU MACHADO;RUA ALUISIO AZEVEDO;;;;Colisão Traseira;;;;Cruz;Semáforo;Residencial;0;1;1;1;0;0;0;0;0;0;0;0;-38,579184;-3,770212
282296;8;4;2016;18:30;0;AV GAL OSORIO DE PAIVA;;;5858;;Colisão Traseira;Anoitecer;;;Meio de Quadra;;;0;0;2;0;0;0;0;1;0;1;0;0;-38,604929;-3,807668
282313;8;4;2016;07:20;0;AV FRE CIRILO;;;3325;;Colisão Traseira;Luz do Dia;;;Meio de Quadra;;;0;1;2;1;0;0;1;0;0;1;0;0;-38,499251;-3,81342
282322;8;4;2016;08:40;0;AV LUCIANO CARNEIRO;;;1991;;Colisão Lateral;Luz do Dia;;;Meio de Quadra;;;0;0;2;1;0;0;0;0;0;0;0;0;-38,536703;-3,765012
282339;8;4;2016;20:00;0;RUA LEIRIA DE ANDRADE;;;397;;Colisão Lateral;;;;Meio de Quadra;;;0;1;2;1;0;0;0;0;0;0;0;0;;
282129;8;4;2016;16:10;0;RUA BENI DE CARVALHO;;;483;;Colisão Traseira;Luz do Dia;;;Meio de Quadra;;;0;0;3;1;0;0;0;0;0;0;0;0;-38,496717;-3,745443
282096;8;4;2016;13:00;12479;AV AUGUSTO DOS ANJOS;RUA PERDIGAO DE OLIVEIRA;;;;Colisão Transversal;Luz do Dia;;;Cruz;Semáforo;Comercial;0;1;2;1;0;0;0;0;0;0;0;0;-38,574712;-3,775131
282113;8;4;2016;13:15;0;RUA PDE VALDEVINO;;;1448;;Colisão Traseira;Luz do Dia;;;Meio de Quadra;;;0;0;2;1;0;0;0;0;0;0;0;0;-38,511081;-3,740946
278947;8;4;2016;10:45;0;RD CE-040;;;;KM-07;Colisão;Luz do Dia;Bom;Seca;Meio de Quadra;;;0;0;2;1;0;0;0;0;0;0;0;0;-38,478733;-3,809597
278948;8;4;2016;10:30;0;RD CE-040;;;;KM-01;Colisão;Luz do Dia;Bom;Seca;Meio de Quadra;;;0;1;0;1;0;0;0;0;0;1;0;0;;
278945;8;4;2016;07:40;0;RD CE-040;;;;KM-03;Colisão;Luz do Dia;Bom;Seca;Meio de Quadra;;;0;2;1;1;0;0;0;0;0;0;0;0;-38,481799;-3,773616
278952;8;4;2016;15:30;0;RD CE-040;;;;KM-01;Colisão;Luz do Dia;Bom;Seca;Meio de Quadra;;;0;0;2;1;0;0;0;0;0;0;0;0;-38,48666;-3,758119
278953;8;4;2016;15:30;0;RD CE-040;;;;KM-01;Choque c/ Obstáculo Fixo;Luz do Dia;Chuva;Molhada;Meio de Quadra;;;0;1;0;1;0;0;0;0;0;0;0;0;-38,48666;-3,758119
291336;8;4;2016;13:40;0;RUA JOAO CORDEIRO;;;3300;;Colisão Lateral;Luz do Dia;Bom;Seca;Outros;Não Há Controle;Outros;0;0;2;0;0;0;1;0;0;1;0;0;-38,519476;-3,749359
284047;8;4;2016;01:33;0;RD BR 116;;;;;Queda;;;;Meio de Quadra;;;0;1;0;0;0;0;0;0;0;1;0;0;;
284049;8;4;2016;01:56;0;AV FRE CIRILO;;;3325;;Colisão;;;;Meio de Quadra;;;0;1;0;1;0;0;0;0;0;1;0;0;-38,499251;-3,81342
284041;8;4;2016;00:01;19328;RUA CON DE CASTRO;RUA EDUARDO PERDIGAO;;;;Colisão;;;;Cruz;Não Há Controle;Comercial;0;1;1;1;0;0;0;0;0;1;0;0;-38,564769;-3,775579
284042;8;4;2016;00:16;0;RUA PORTO VELHO;;;1156;;Colisão;;;;Meio de Quadra;;;0;1;0;0;0;0;0;0;0;0;0;0;-38,590586;-3,764038
284043;8;4;2016;01:14;0;AV ENG ALBERTO SA;;;231;;Colisão;;;;Meio de Quadra;;;0;1;0;0;0;0;0;0;0;0;0;0;-38,478768;-3,733712
284045;8;4;2016;01:22;0;AV PASTEUR;;;452;;Colisão;;;;Meio de Quadra;;;0;1;0;0;0;0;0;0;0;0;0;0;-38,558519;-3,710022
284103;8;4;2016;12:07;0;RUA SAO PAULO;;;944;;Colisão;Luz do Dia;;;Meio de Quadra;;;0;1;0;1;0;0;0;0;0;1;0;0;-38,533876;-3,723934
284086;8;4;2016;08:50;0;RUA VALPARAISO;;;555;;Colisão;Luz do Dia;;;Meio de Quadra;;;0;1;0;1;0;0;0;0;0;1;0;0;-38,525594;-3,844364
284105;8;4;2016;12:42;17412;RUA BAR SOBRAL;RUA ALBERTO MAGNO;;;;Colisão;Luz do Dia;;;Cruz;Semáforo;Comercial;0;1;0;0;0;0;0;0;0;0;0;0;-38,552417;-3,767991
284106;8;4;2016;13:12;17360;RUA ZACARIAS GONDIM;RUA ELVIRA PINHO;;;;Colisão;Luz do Dia;;;Cruz;Pare;Residencial;0;1;0;1;0;0;0;0;0;1;0;0;-38,557766;-3,766122
284098;8;4;2016;09:43;0;AV AUGUSTO DOS ANJOS;;;866;;Colisão;Luz do Dia;;;Meio de Quadra;;;0;0;1;1;0;0;0;0;0;0;0;0;-38,574969;-3,775421
284099;8;4;2016;10:45;0;RUA PAPI JUNIOR;;;1511;;Atropelamento;Luz do Dia;;;Meio de Quadra;;;0;1;0;1;0;0;0;0;0;0;0;0;-38,554936;-3,749458
284119;8;4;2016;14:46;0;AV ALBERTO CRAVEIRO;;;;;Queda;Luz do Dia;;;Meio de Quadra;;;0;1;0;0;0;0;0;0;0;1;0;0;;
284121;8;4;2016;14:59;5322;AV DUQ CAXIAS;AV IMPERADOR;;;;Queda;Luz do Dia;;;Cruz;Semáforo;Comercial;0;1;0;0;0;0;0;0;0;1;0;0;-38,535297;-3,730048
284122;8;4;2016;15:10;0;RUA PERNAMBUCO;;;2881;;Colisão;Luz do Dia;;;Meio de Quadra;;;0;1;0;0;0;0;0;0;0;1;0;0;-38,579115;-3,750367
284123;8;4;2016;15:37;15832;RUA PDE PEDRO DE ALENCAR;RUA EDUARDO PORTO;;;;Colisão;Luz do Dia;;;;;;0;1;0;0;0;0;0;0;0;0;0;0;-38,494029;-3,832741
284124;8;4;2016;16:26;0;RUA PERNAMBUCO;;;2881;;Colisão;Luz do Dia;;;Meio de Quadra;;;0;1;0;0;0;0;0;0;0;1;0;0;-38,579115;-3,750367
284125;8;4;2016;16:42;5322;AV DUQ CAXIAS;AV IMPERADOR;;;;Colisão;Luz do Dia;;;Cruz;Semáforo;Comercial;0;1;0;0;0;0;0;0;0;0;0;0;-38,535297;-3,730048
284126;8;4;2016;16:44;0;RUA TIP SALES;;;855;;Colisão;Luz do Dia;;;Meio de Quadra;;;0;1;0;1;0;0;0;0;0;1;0;0;-38,563598;-3,743392
284111;8;4;2016;14:19;0;AV JOR JOAO RAMOS;;;1200;;Colisão;Luz do Dia;;;Meio de Quadra;;;0;1;0;1;0;0;0;0;0;1;0;0;-38,568935;-3,84308
284114;8;4;2016;14:26;0;AV PRS CASTELO BRANCO;;;4550;;Colisão;Luz do Dia;;;Meio de Quadra;;;0;1;0;0;0;0;0;0;0;1;0;0;;
284116;8;4;2016;14:28;0;RUA PRO HERIBALDO COSTA;;;687;;Colisão;Luz do Dia;;;Meio de Quadra;;;0;1;0;1;0;0;0;0;0;1;0;0;;
284088;8;4;2016;09:17;0;AV AUGUSTO DOS ANJOS;;;866;;Colisão;Luz do Dia;;;Meio de Quadra;;;0;1;0;1;0;0;0;0;0;1;0;0;-38,574969;-3,775421
284089;8;4;2016;09:21;0;AV JOSE BASTOS;;;841;;Colisão;Luz do Dia;;;Meio de Quadra;;;0;1;0;0;0;0;0;0;0;0;0;0;;
284091;8;4;2016;09:39;5265;RUA PEDRO PEREIRA;RUA VINTE E QUATRO DE MAIO;;;;Colisão;Luz do Dia;;;Cruz;Pare;Comercial;0;1;0;0;0;0;0;0;0;0;0;0;-38,532486;-3,7284
284082;8;4;2016;03:41;9794;RUA MEDELIM;ET DO JATOBA;;;;Colisão;;;;;;;0;1;0;1;0;0;0;0;0;1;0;0;-38,626207;-3,791804
284083;8;4;2016;06:37;5381;AV IMPERADOR;RUA METON DE ALENCAR;;;;Queda;Luz do Dia;;;;Não Há Controle;Comercial;0;1;0;0;0;0;0;0;0;1;0;0;-38,535869;-3,731966
284078;8;4;2016;02:59;0;AV CASTELO DE CASTRO;;;277;;Queda;;;;Meio de Quadra;;;0;0;1;0;0;0;0;0;0;1;0;0;;
284075;8;4;2016;02:52;0;AV 13 DE MAIO;;;;;Atropelamento;;;;Meio de Quadra;;;0;1;0;0;0;0;0;0;0;1;0;0;;
284068;8;4;2016;02:37;18290;RUA TOMAS LOPES;RUA TIJIPIO;;;;Colisão;;;;Cruz;Pare;Residencial;0;1;0;1;0;0;0;0;0;1;0;0;-38,515703;-3,720991
284055;8;4;2016;02:27;25307;AV JOSE LEON;AV DES GONZAGA;;;;Colisão;;;;Outros;Não Há Controle;Misto;0;1;0;1;0;0;0;0;0;1;0;0;-38,504513;-3,78708
284172;8;4;2016;23:00;0;AV FRANCISCO SA;;;;;Atropelamento;;;;Meio de Quadra;;;0;1;0;0;0;0;0;0;0;0;0;0;;
284169;8;4;2016;22:51;19492;AV GAL OSORIO DE PAIVA;RUA OSVALDO ARANHA;;;;Colisão;;;;Cruz;;Comercial;0;1;0;1;0;0;0;0;0;1;0;0;-38,574902;-3,780948
284108;8;4;2016;13:20;0;RUA SEN POMPEU;;;2676;;Colisão;Luz do Dia;;;Meio de Quadra;;;0;1;0;1;0;0;0;0;0;1;0;0;-38,534195;-3,742017
284159;8;4;2016;22:25;0;RUA LIVREIRO ARLINDO;;;1;;Queda;;;;Meio de Quadra;;;0;1;0;0;0;0;0;0;0;1;0;0;;
284149;8;4;2016;21:29;0;AV GAL OSORIO DE PAIVA;;;7457;;Atropelamento de Animal;;;;Meio de Quadra;;;0;1;0;0;0;0;0;0;0;1;0;0;-38,613946;-3,816967
284143;8;4;2016;19:49;19721;RUA AMADEU FURTADO;RUA GUSTAVO SAMPAIO;;;;Colisão;;;;Cruz;Não Há Controle;Residencial;0;1;0;1;0;0;0;0;0;1;0;0;-38,563828;-3,736786
284144;8;4;2016;20:03;0;AV PERIMETRAL;;;;;Queda;;;;Meio de Quadra;;;0;1;0;0;0;0;0;0;0;1;0;0;;
284145;8;4;2016;20:12;7913;AV ANTONIO SALES;RUA VIS MAUA;;;;Colisão;;;;Cruz;Pare;Comercial;0;1;0;1;0;0;0;0;0;1;0;0;-38,50242;-3,745429
284146;8;4;2016;20:14;0;AV GAL OSORIO DE PAIVA;;;2016;;Colisão;;;;Meio de Quadra;;;0;1;0;0;0;0;0;0;0;1;0;0;-38,580159;-3,784282
284147;8;4;2016;21:26;0;AV PRS JUSCELINO KUBITSCHEK (PASSARÉ);;;3707;;Colisão;;;;Meio de Quadra;;;0;1;0;0;0;0;0;0;0;0;0;0;-38,530863;-3,815244
284136;8;4;2016;17:45;0;AV WASHINGTON SOARES;;;1500;;Colisão;Anoitecer;;;Meio de Quadra;;;0;1;0;1;0;0;0;0;0;1;0;0;-38,481913;-3,772799
284138;8;4;2016;18:09;0;RUA MARIA GOMES DE SA;;;49;;Colisão;Anoitecer;;;Meio de Quadra;;;0;1;0;1;0;0;0;0;0;1;0;0;;
284140;8;4;2016;19:14;0;RUA NEREIDE;;;345;;Colisão;;;;Meio de Quadra;;;0;2;0;1;0;0;0;0;0;1;0;0;;
284133;8;4;2016;17:37;0;RUA TIP SALES;;;;;Queda;Anoitecer;;;Meio de Quadra;;;0;1;0;0;0;0;0;0;0;1;0;0;;
284134;8;4;2016;17:43;0;AV SEN CARLOS JEREISSATI (AEROPORTO);;;;;Colisão;Anoitecer;;;Meio de Quadra;;;0;1;0;1;0;0;0;0;0;1;0;0;;
286563;8;4;2016;07:21;19360;AV GODOFREDO MACIEL;RUA EDUARDO PERDIGAO;;;;Colisão;Luz do Dia;;;Cruz;Pare;Comercial;0;0;1;0;0;0;0;0;0;0;0;0;-38,563845;-3,776654
286564;8;4;2016;07:26;0;RUA PDE PEDRO DE ALENCAR;;;81;;Colisão;Luz do Dia;;;Meio de Quadra;;;0;0;1;0;0;0;0;0;0;0;0;0;-38,49354;-3,828216
286569;8;4;2016;07:31;0;RUA PDE PEDRO DE ALENCAR;;;81;;Colisão;Luz do Dia;;;Meio de Quadra;;;0;0;2;0;0;0;0;0;0;0;0;0;-38,49354;-3,828216
286573;8;4;2016;07:59;0;RUA PDE PERDIGAO SAMPAIO;;;338;;Colisão;Luz do Dia;;;Meio de Quadra;;;0;0;2;0;0;0;0;0;0;0;0;0;-38,594699;-3,739645
286574;8;4;2016;08:27;0;AV JOSE LEON;;;;;Colisão;Luz do Dia;;;Meio de Quadra;;;0;0;1;0;0;0;0;0;0;0;0;0;;
286576;8;4;2016;08:59;9174;AV 13 DE MAIO;RUA DEP OSWALDO STUDART;;;;Colisão;Luz do Dia;;;Cruz;Semáforo Intermitente;Comercial;0;0;1;0;0;0;0;0;0;0;0;0;-38,526507;-3,751738
286578;8;4;2016;09:05;0;AV SEN FERNANDES TAVORA;;;;;Colisão;Luz do Dia;;;;;;0;0;1;0;0;0;0;0;0;0;0;0;-38,605822;-3,753698
286579;8;4;2016;19:14;9794;ET DO JATOBA;RUA MEDELIM;;;;Colisão;;;;;;;0;0;1;0;0;0;0;0;0;0;0;0;-38,626207;-3,791804
286581;8;4;2016;09:39;10475;AV SEN FERNANDES TAVORA;RUA HUMAITA D73;;;;Colisão;Luz do Dia;;;Cruz;Pare;Comercial;0;0;1;0;0;0;0;0;0;0;0;0;-38,599578;-3,75488
286557;8;4;2016;05:42;0;AV ENG ALBERTO SA;;;;;Colisão;Amanhecer;;;Meio de Quadra;;;0;0;1;0;0;0;0;0;0;0;0;0;;
286558;8;4;2016;06:22;7220;AV PASTEUR;RUA DOM QUINTINO;;;;Colisão;Luz do Dia;;;Cruz;Pare;Residencial;0;0;1;0;0;0;0;0;0;0;0;0;-38,55857;-3,710222
286559;8;4;2016;06:38;743;AV PASTEUR;AV PRS CASTELO BRANCO;;;;Colisão;Luz do Dia;;;Cruz;Semáforo;Comercial;0;0;1;0;0;0;0;0;0;0;0;0;-38,558856;-3,711181
286585;8;4;2016;11:37;0;RUA CACILDA BECKER;;;253;;Colisão;Luz do Dia;;;Meio de Quadra;;;0;0;1;0;0;0;0;0;0;0;0;0;;
286586;8;4;2016;12:28;19659;RUA CRUZ SALDANHA;AV BEZERRA DE MENEZES;;;;Colisão;Luz do Dia;;;T;Pare;Comercial;0;0;1;0;0;0;0;0;0;0;0;0;-38,554319;-3,733569
286589;8;4;2016;12:30;5356;RUA GAL SAMPAIO;AV DUQ CAXIAS;;;;Colisão;Luz do Dia;;;Cruz;Semáforo;Misto;0;0;2;1;0;0;0;0;0;0;0;0;-38,532029;-3,731096
286591;8;4;2016;13:22;0;RUA ANTONIO TEIXEIRA LEITE;;;266;;Colisão;Luz do Dia;;;Meio de Quadra;;;0;0;2;0;0;0;0;0;0;0;0;0;;
286592;8;4;2016;14:13;0;RUA CAP BRASIL;;;695;;Colisão;Luz do Dia;;;Meio de Quadra;;;0;0;1;0;0;0;0;0;0;0;0;0;-38,586333;-3,737974
286598;8;4;2016;15:12;12479;AV AUGUSTO DOS ANJOS;RUA PERDIGAO DE OLIVEIRA;;;;Colisão;Luz do Dia;;;Cruz;Semáforo;Comercial;0;0;1;0;0;0;0;0;0;0;0;0;-38,574712;-3,775131
286604;8;4;2016;15:28;5709;AV OLIVEIRA PAIVA;AV DES GONZAGA;;;;Colisão;Luz do Dia;;;Cruz;Semáforo;Lazer;0;0;1;0;0;0;0;0;0;0;0;0;-38,499953;-3,797165
286605;8;4;2016;15:38;0;AV PRS CASTELO BRANCO;;;;;Colisão;Luz do Dia;;;Meio de Quadra;;;0;0;1;0;0;0;0;0;0;0;0;0;;
286606;8;4;2016;15:39;7775;AV ANTONIO SALES;AV BAR STUDART;;;;Colisão;Luz do Dia;;;Cruz;Semáforo;Comercial;0;0;1;0;0;0;0;0;0;0;0;0;-38,509378;-3,743288
286607;8;4;2016;15:48;0;AV GAL OSORIO DE PAIVA;;;929;;Colisão;Luz do Dia;;;Meio de Quadra;;;0;0;2;1;0;0;0;0;0;0;0;0;-38,57029;-3,778016
286609;8;4;2016;16:18;0;RUA SEN POMPEU;;;2672;;Colisão;Luz do Dia;;;Meio de Quadra;;;0;0;2;0;0;0;0;0;0;0;0;0;-38,534184;-3,74198
286611;8;4;2016;16:28;0;RUA ELVIRA PINHO;;;169;;Colisão;Luz do Dia;;;Meio de Quadra;;;0;0;2;0;0;0;0;0;0;0;0;0;-38,557691;-3,766156
286613;8;4;2016;17:41;0;AV BORGES DE MELO;;;;;Colisão;Anoitecer;;;Meio de Quadra;;;0;0;1;0;0;0;0;0;0;0;0;0;;
286616;8;4;2016;17:51;0;RUA MONTEIRO LOBATO;;;;;Colisão;Anoitecer;;;Meio de Quadra;;;0;0;1;0;0;0;0;0;0;0;0;0;;
286621;8;4;2016;17:52;0;RUA PEDRO MEDEIROS;;;;;Colisão;Anoitecer;;;Meio de Quadra;;;0;0;1;0;0;0;0;0;0;0;0;0;;
286622;8;4;2016;18:00;0;AV PRS COSTA E SILVA;;;5297;;Colisão;Anoitecer;;;Meio de Quadra;;;0;0;1;0;0;0;0;0;0;0;0;0;-38,533096;-3,828174
286623;8;4;2016;18:06;303;RUA TIP SALES;RUA ROTARY;;;;Colisão;Anoitecer;;;Cruz;;Residencial;0;0;1;0;0;0;0;0;0;0;0;0;-38,563564;-3,743553
286624;8;4;2016;18:50;0;RUA ABEL RIBEIRO;;;415;;Colisão;;;;Meio de Quadra;;;0;0;1;0;0;0;0;0;0;0;0;0;-38,576542;-3,781602
286625;8;4;2016;18:50;0;RUA ABEL RIBEIRO;;;415;;Colisão;;;;Meio de Quadra;;;0;0;1;0;0;0;0;0;0;0;0;0;-38,576542;-3,781602
286626;8;4;2016;19:10;5458;RUA BARBARA DE ALENCAR;RUA RODRIGUES JUNIOR;;;;Colisão;;;;Cruz;Pare;Misto;0;0;1;0;0;0;0;0;0;0;0;0;-38,522156;-3,735343
286627;8;4;2016;19:22;0;AV VIENA WEYNE;;;;;Colisão;;;;Meio de Quadra;;;0;0;1;0;0;0;0;0;0;0;0;0;;
286630;8;4;2016;20:00;0;RUA BERNARDO MANUEL;;;8600;;Colisão;;;;Meio de Quadra;;;0;0;2;0;0;0;0;0;0;0;0;0;-38,550345;-3,795196
286631;8;4;2016;20:26;19721;RUA GUSTAVO SAMPAIO;RUA AMADEU FURTADO;;;;Colisão;;;;Cruz;Não Há Controle;Residencial;0;0;1;0;0;0;0;0;0;0;0;0;-38,563828;-3,736786
286632;8;4;2016;21:11;0;RUA REPUBLICA DO LIBANO;;;;;Colisão;;;;Meio de Quadra;;;0;0;2;0;0;0;0;0;0;0;0;0;;
286635;8;4;2016;21:12;0;AV ANTONIO SALES;;;;;Colisão;;;;Meio de Quadra;;;0;0;1;0;0;0;0;0;0;0;0;0;;
286639;8;4;2016;21:15;0;RUA DOIS;;;544;;Colisão;;;;Meio de Quadra;;;0;0;1;0;0;0;0;0;0;0;0;0;;
286640;8;4;2016;21:49;17321;RUA DES PRAXEDES;RUA CONEGUNDES RODRIGUES;;;;Colisão;;;;;;;0;0;1;0;0;0;0;0;0;0;0;0;-38,542877;-3,763037
281975;8;4;2016;08:50;0;AV DR SILAS MUNGUBA;;;2259;;Colisão Lateral;Luz do Dia;;;Meio de Quadra;;;0;0;2;0;1;0;1;0;0;0;0;0;-38,551248;-3,78583
281993;8;4;2016;15:40;11836;RUA JACINTO MATOS;RUA MON DANTAS;;;;Colisão Transversal;Luz do Dia;Bom;Seca;Cruz;Pare;Residencial;0;2;1;1;0;0;0;0;0;1;0;0;-38,5468;-3,719714
281988;8;4;2016;07:50;0;AV JOSE LEON;;;881;;Colisão Transversal;Luz do Dia;;;Meio de Quadra;;;0;1;1;1;0;0;0;0;0;1;0;0;-38,503606;-3,787335
281876;8;4;2016;13:00;5265;RUA PEDRO PEREIRA;RUA VINTE E QUATRO DE MAIO;;;;Colisão Frontal;Luz do Dia;;;Cruz;Pare;Comercial;0;1;1;0;1;0;0;0;0;1;0;0;-38,532486;-3,7284
281893;8;4;2016;11:47;25024;RUA COSTA BARROS;RUA VINTE E CINCO DE MARCO;;;;Colisão Traseira;Luz do Dia;;;Cruz;Semáforo;Comercial;0;0;2;1;0;0;0;0;0;0;0;0;-38,521787;-3,727056
281791;8;4;2016;11:37;5407;AV DUQ CAXIAS;RUA SOLON PINHEIRO;;;;Atropelamento;Luz do Dia;;;Cruz;Semáforo;Comercial;0;1;1;1;0;0;0;0;0;0;0;0;-38,527034;-3,732704
281750;8;4;2016;08:23;18290;RUA TOMAS LOPES;RUA TIJIPIO;;;;Colisão Transversal;Luz do Dia;Bom;Seca;Cruz;Pare;Residencial;0;1;1;0;0;0;0;0;0;1;0;0;-38,515703;-3,720991
281742;8;4;2016;08:20;0;RUA POMPILIO GOMES;;;279;;Queda;Luz do Dia;Bom;Seca;Meio de Quadra;Não Há Controle;Residencial;0;0;1;0;0;0;0;0;0;1;0;0;;
281724;8;4;2016;20:40;0;RUA CEL PERGENTINO FERREIRA;;;520;;Colisão Traseira;Mal Iluminada;Bom;Seca;Meio de Quadra;Não Há Controle;Misto;0;0;2;1;0;0;0;0;0;0;0;0;-38,526271;-3,748925
281718;8;4;2016;15:10;0;RUA FRANCOIS T MENEZES;;;215;;Outros;Luz do Dia;Bom;Seca;Meio de Quadra;Pare;Residencial;0;0;2;1;0;0;0;0;0;0;0;0;-38,526065;-3,757571
282011;8;4;2016;11:40;1456;AV SANTOS DUMONT;RUA CEL JUCA;;;;Colisão Transversal;Luz do Dia;;;Cruz;Semáforo;Comercial;0;0;2;1;0;0;0;1;0;0;0;0;-38,49153;-3,738438
282049;8;4;2016;09:20;0;AV GAL OSORIO DE PAIVA;;;2955;TERMINAL SIQUEIRA;Colisão Traseira;Luz do Dia;;;Meio de Quadra;;;0;0;2;1;0;0;1;0;0;0;0;0;-38,587333;-3,78959
282071;8;4;2016;13:10;24955;AV ALM HENRIQUE SABOIA;AV ANTONIO JUSTA;;;;Colisão Transversal;Luz do Dia;;;T;Pare;Residencial;0;0;2;1;0;0;1;0;0;0;0;0;-38,48235;-3,731616
280678;8;4;2016;09:13;19360;RUA EDUARDO PERDIGAO;AV GODOFREDO MACIEL;;;;Colisão;Luz do Dia;;;Cruz;Pare;Comercial;0;0;2;1;1;0;0;0;0;0;0;0;-38,563845;-3,776654
280680;8;4;2016;11:14;10475;AV SEN FERNANDES TAVORA;RUA HUMAITA D73;;;;Colisão;Luz do Dia;;;Cruz;Pare;Comercial;0;0;2;1;0;0;0;0;0;0;0;0;-38,599578;-3,75488
280681;8;4;2016;12:01;13408;RUA BAR ARACATI;AV ANTONIO SALES;;;;Colisão;Luz do Dia;;;Cruz;Pare;Comercial;0;0;2;1;0;0;0;0;0;0;0;0;-38,514894;-3,741563
280691;8;4;2016;17:39;0;RUA CAP VASCONCELOS D46;;;;;Colisão;Anoitecer;;;Meio de Quadra;;;0;0;2;1;0;0;0;0;0;0;0;0;;
280684;8;4;2016;13:05;1425;RUA JOAO CARVALHO;AV BAR STUDART;;;;Colisão Traseira;Luz do Dia;;;Cruz;Semáforo;Comercial;0;0;2;0;0;0;0;0;0;1;0;0;-38,507567;-3,737632
280688;8;4;2016;16:09;19313;RUA CON LIMA SUCUPIRA;RUA GERMANO FRANCK;;;;Colisão;Luz do Dia;;;Cruz;Pare;Residencial;0;0;2;1;0;0;0;0;0;0;0;0;-38,559584;-3,775196
280689;8;4;2016;17:18;4020;AV PRO GOMES DE MATOS;RUA SAMUEL UCHOA;;;;Colisão;Anoitecer;;;Cruz;Pare;Comercial;0;0;2;0;1;0;0;0;0;0;0;0;-38,542215;-3,757193
280695;8;4;2016;19:55;0;RUA BERNARDO MANUEL;;;;;Colisão;;;;Meio de Quadra;;;0;0;2;1;0;0;0;0;0;0;0;0;;
280693;8;4;2016;19:31;0;AV VIENA WEYNE;;;;;Colisão;;;;Meio de Quadra;;;0;0;2;0;0;0;0;0;0;0;0;0;;
280696;9;4;2016;13:30;5269;RUA PDE IBIAPINA;AV DUQ CAXIAS;;;;Colisão;Luz do Dia;Bom;Seca;Cruz;Semáforo;Comercial;0;0;2;1;1;0;0;0;0;0;0;0;-38,540226;-3,728446