COD_ACIDENTE;DIA;MES;ANO;HORA;INTERSECAO;LOG1;LOG2;LOG3;NUMERO;REFERENCIA;NATUREZA;ILUMINACAO;TEMPO;SUPERFICIEPISTA;TIPOCRUZAMENTO;CONTROLETRAFEGO;USOSOLO;MORTOS;FERIDOS;ILESOS;AUTOMOVEL;ONIBUS;BICICLETA;CAMINHAO;MICROONIBUS;CICLOMOTOR;MOTOCICLETA;TRACAOANIMAL;TREM;LONG;LAT
280697;9;4;2016;15:11;24347;AV LUCIANO CARNEIRO;RUA DES PRAXEDES;;;;Colisão;Luz do Dia;Bom;Seca;Cruz;Semáforo;Comercial;0;0;2;1;1;0;0;0;0;0;0;0;-38,536679;-3,764934
280698;9;4;2016;22:05;0;RUA ANA GONCALVES;;;;;Colisão;;;;Meio de Quadra;;;0;0;2;1;0;0;0;0;0;0;0;0;;
280699;9;4;2016;23:24;0;AV GAL OSORIO DE PAIVA;;;;;Colisão;;;;Meio de Quadra;;;0;0;2;1;0;0;0;0;0;0;0;0;;
282017;9;4;2016;06:30;18078;AV DIOGUINHO;RUA DR TURBAY BARREIRA;;;;Colisão Traseira;Luz do Dia;Bom;Seca;T;Não Há Controle;Residencial;1;0;1;1;0;0;0;0;0;0;0;0;-38,453599;-3,741131
282026;9;4;2016;16:30;0;AV SORIANO ALBUQUERQUE;;;831;;Colisão Lateral;Luz do Dia;Bom;Seca;Meio de Quadra;Não Há Controle;Residencial;0;1;2;1;0;0;0;0;0;0;0;0;;
282010;9;4;2016;10:00;17310;RUA ALBERTO MAGNO;RUA ALVARO FERNANDES;;;;Colisão Traseira;Luz do Dia;Nublado;Molhada;Cruz;Semáforo;Comercial;0;0;2;1;0;0;0;0;0;0;0;0;-38,549422;-3,764244
282028;9;4;2016;18:30;22672;AV COS GOMES DE FREITAS (SAPIRANGA/COITE);RUA ELISEU ORIA;;;;Colisão Transversal;Via Iluminada;Bom;Seca;Cruz;Pare;Comercial;0;2;1;1;0;0;0;0;0;1;0;0;-38,477418;-3,795487
282014;9;4;2016;07:10;0;AV DR SILAS MUNGUBA;;;;;Colisão Transversal;Luz do Dia;Chuva;Molhada;Meio de Quadra;Não Há Controle;Comercial;0;1;1;0;0;0;0;0;0;1;0;0;;
281813;9;4;2016;16:30;3778;AV DA UNIVERSIDADE;RUA ANTONIO POMPEU;;;;Colisão Transversal;Luz do Dia;Bom;Seca;Cruz;Semáforo;Comercial;0;0;2;1;0;0;0;0;0;0;0;0;-38,532908;-3,734083
281818;9;4;2016;12:03;12685;AV CEL CARVALHO;AV DA INDEPENDENCIA;;;;Colisão;Luz do Dia;Bom;Seca;Cruz;Semáforo;Comercial;0;4;0;1;0;0;0;0;0;0;0;0;-38,584952;-3,728711
281800;9;4;2016;13:18;12514;RUA JULIO BRAGA;AV LINEU MACHADO;;;;Colisão Lateral;Luz do Dia;Bom;Seca;Cruz;Semáforo;Residencial;0;0;2;1;1;0;0;0;0;0;0;0;-38,58179;-3,775335
281862;9;4;2016;07:00;0;AV PDE ANTONIO TOMAS;;;3433;;Colisão Lateral;Amanhecer;Nublado;Seca;Meio de Quadra;Semáforo Intermitente;Residencial;0;0;2;1;0;0;0;0;0;0;0;0;-38,481299;-3,746108
281879;9;4;2016;03:20;0;RUA PDE PEDRO DE ALENCAR;;;;;Colisão;Via Iluminada;Bom;Seca;Meio de Quadra;Não Há Controle;Comercial;0;1;1;0;0;0;0;0;0;1;0;0;;
281912;9;4;2016;11:40;15280;RUA DR JOSE LOURENCO;RUA TEN BENEVOLO;;;;Colisão Transversal;Luz do Dia;Bom;Seca;Cruz;Pare;Comercial;0;1;1;1;0;0;0;0;0;0;0;0;-38,50601;-3,729029
281918;9;4;2016;08:15;19411;AV GAL OSORIO DE PAIVA;RUA JULIO BRAGA;;;;Colisão Traseira;Luz do Dia;Bom;Seca;;Não Há Controle;Comercial;0;1;1;0;1;0;0;0;0;1;0;0;-38,571513;-3,77879
281853;9;4;2016;13:00;25226;AV GAL OSORIO DE PAIVA;RUA JARDIM FLUMINENSE;;;;Colisão Traseira;Luz do Dia;Bom;Seca;T;Pare;Residencial;0;0;2;1;0;0;0;0;0;0;0;0;-38,605395;-3,80817
281847;9;4;2016;22:45;24969;AV ALM HENRIQUE SABOIA;AV PDE ANTONIO TOMAS;;;;Colisão Transversal;Via Iluminada;Bom;Seca;Cruz;Semáforo;Outros;0;1;1;1;0;0;0;0;0;0;0;0;-38,489455;-3,743493
281829;9;4;2016;17:30;5433;RUA MAJ FACUNDO;RUA METON DE ALENCAR;;;;Outros;Anoitecer;Bom;Seca;Cruz;Pare;Residencial;0;0;2;1;0;0;0;0;0;0;0;0;-38,529899;-3,733917
281990;9;4;2016;12:30;20037;RUA OITICICAS;AV PALESTINA D68;;;;Colisão Transversal;Luz do Dia;Bom;Seca;Cruz;Pare;Residencial;0;1;1;0;0;0;0;0;0;1;0;0;-38,536013;-3,806077
282004;9;4;2016;13:00;22672;AV COS GOMES DE FREITAS (SAPIRANGA/COITE);RUA ELISEU ORIA;;;;Colisão Transversal;Luz do Dia;Bom;Seca;Cruz;Pare;Residencial;0;0;2;1;0;0;0;0;0;0;0;0;-38,477418;-3,795487
281999;9;4;2016;19:50;0;AV LINEU MACHADO;;;1255;;Colisão Lateral;Via Iluminada;Bom;Seca;Meio de Quadra;Não Há Controle;Comercial;0;0;2;1;0;0;0;0;0;0;0;0;-38,579481;-3,770835
282006;9;4;2016;08:25;0;AV BEZERRA DE MENEZES;;;1054;;Colisão Lateral;Luz do Dia;Bom;Seca;Meio de Quadra;Outros;Comercial;0;0;2;1;0;0;0;0;0;0;0;0;-38,554113;-3,733526
282007;9;4;2016;13:30;10784;RUA PORTO VELHO;RUA TERESINA;;;;Colisão Lateral;Luz do Dia;Bom;Seca;Cruz;Não Há Controle;Residencial;0;1;1;1;0;0;0;0;0;1;0;0;-38,593428;-3,762585
281982;9;4;2016;18:00;1323;AV DES MOREIRA;RUA MARIA TOMASIA;;;;Colisão Lateral;Via Iluminada;Bom;Seca;Cruz;Pare;Comercial;0;0;2;1;1;0;0;0;0;0;0;0;-38,498026;-3,735221
281937;9;4;2016;08:30;1230;RUA COSTA BARROS;RUA BAR ARACATI;;;;Colisão Transversal;Luz do Dia;Bom;Seca;Cruz;Pare;Residencial;0;1;1;0;0;0;0;0;0;1;0;0;-38,511153;-3,730488
281957;9;4;2016;11:20;0;RUA PRO JOSE DE BARCELOS;;;616;;Colisão Traseira;Luz do Dia;Bom;Seca;Meio de Quadra;Não Há Controle;Residencial;0;0;2;1;0;0;0;0;0;0;0;0;-38,550351;-3,736467
281930;9;4;2016;13:00;1242;RUA COSTA BARROS;RUA DR JOSE LOURENCO;;;;Colisão Transversal;Luz do Dia;Bom;Seca;Cruz;Pare;Residencial;0;0;2;1;0;0;0;0;0;0;0;0;-38,506927;-3,73187
286645;9;4;2016;06:17;0;AV BEZERRA DE MENEZES;;;;;Choque c/ Obstáculo Fixo;Luz do Dia;;;Meio de Quadra;;;0;0;1;0;0;0;0;0;0;0;0;0;;
286646;9;4;2016;07:52;0;RUA JOAO CORDEIRO;;;665;;Colisão;Luz do Dia;;;Meio de Quadra;;;0;0;1;0;0;0;0;0;0;0;0;0;-38,513398;-3,726436
286642;9;4;2016;00:28;0;RUA CEL DIONISIO ALENCAR;;;;;Colisão;;;;Meio de Quadra;;;0;0;1;0;0;0;0;0;0;0;0;0;;
286643;9;4;2016;05:32;0;AV GAL OSORIO DE PAIVA;;;2020;;Colisão;Amanhecer;;;Meio de Quadra;;;0;0;1;0;0;0;0;0;0;0;0;0;-38,580191;-3,784302
286649;9;4;2016;08:26;13383;RUA GONCALVES LEDO;AV ANTONIO SALES;;;;Colisão Traseira;Luz do Dia;;;Cruz;Pare;Comercial;0;0;1;0;0;0;0;0;0;0;0;0;-38,519165;-3,740227
286656;9;4;2016;09:37;0;RUA BRAGANCA;;;;;Colisão;Luz do Dia;;;;;;0;0;1;0;0;0;0;0;0;0;0;0;;
286657;9;4;2016;10:30;4194;AV FRANCISCO SA;AV TEN LISBOA;;;;Colisão;Luz do Dia;;;Cruz;Não Há Controle;Comercial;0;0;1;0;0;0;0;0;0;0;0;0;-38,555953;-3,717874
286658;9;4;2016;10:31;19106;RUA AMELIA BENEBIEN;RUA ANDRE DALL OLIO;;;;Colisão;Luz do Dia;;;Cruz;Pare;Rural;0;0;1;0;0;0;0;0;0;0;0;0;-38,478342;-3,737969
286659;9;4;2016;10:34;22947;RUA LEAO TREZE;RUA FRE ALEMAO;;;;Colisão;Luz do Dia;;;Cruz;Pare;Residencial;0;0;2;0;0;0;0;0;0;0;0;0;-38,543639;-3,784415
286660;9;4;2016;10:50;0;AV PRS COSTA E SILVA;;;;;Colisão;Luz do Dia;;;Meio de Quadra;;;0;0;1;0;0;0;0;0;0;0;0;0;;
286661;9;4;2016;11:14;12685;AV CEL CARVALHO;AV DA INDEPENDENCIA;;;;Colisão;Luz do Dia;;;Cruz;Semáforo;Comercial;0;0;1;0;0;0;0;0;0;0;0;0;-38,584952;-3,728711
286662;9;4;2016;11:27;22984;RUA EST JUCA D45;RUA MAD ELISA BALDO;;;;Colisão;Luz do Dia;;;Cruz;Não Há Controle;Misto;0;0;1;0;0;0;0;0;0;0;0;0;-38,542973;-3,786214
286665;9;4;2016;11:44;0;AV BEIRA MAR;;;;;Colisão;Luz do Dia;;;Meio de Quadra;;;0;0;2;0;0;0;0;0;0;0;0;0;;
286670;9;4;2016;12:44;0;RUA J (VILA VELHA);;;;;Colisão;Luz do Dia;;;Meio de Quadra;;;0;0;1;0;0;0;0;0;0;0;0;0;;
286675;9;4;2016;12:48;0;AV JOSE LEON;;;2054;;Colisão;Luz do Dia;;;Meio de Quadra;;;0;0;1;0;0;0;0;0;0;0;0;0;-38,493561;-3,789833
286677;9;4;2016;13:31;0;RUA RAIMUNDO MAIA;;;;;Colisão;Luz do Dia;;;Meio de Quadra;;;0;0;1;0;0;0;0;0;0;0;0;0;;
286678;9;4;2016;13:32;0;RUA PAULO FIRMEZA;;;;;Colisão;Luz do Dia;;;Meio de Quadra;;;0;0;1;0;0;0;0;0;0;0;0;0;;
286683;9;4;2016;13:58;26227;RUA AGAMENON;AV GAL OSORIO DE PAIVA;;;;Colisão;Luz do Dia;;;Cruz;Semáforo;Comercial;0;0;1;0;0;0;0;0;0;0;0;0;;
286684;9;4;2016;14:54;0;AV PRS COSTA E SILVA;;;2384;;Colisão;Luz do Dia;;;Meio de Quadra;;;0;0;1;0;0;0;0;0;0;0;0;0;-38,560521;-3,820061
286685;9;4;2016;15:50;0;RUA 1 CJ JOSE WALTER;;;;;Colisão;Luz do Dia;;;Meio de Quadra;;;0;0;1;0;0;0;0;0;0;0;0;0;;
286686;9;4;2016;15:51;0;RUA NOSSA SRA DAS GRACAS;;;245;;Colisão;Luz do Dia;;;Meio de Quadra;;;0;0;1;0;0;0;0;0;0;0;0;0;-38,550608;-3,711092
286680;9;4;2016;13:33;0;AV RAD JOSE LIMA VERDE;;;120;;Colisão;Luz do Dia;;;Meio de Quadra;;;0;0;1;0;0;0;0;0;0;0;0;0;;
286690;9;4;2016;16:16;0;AV DR SILAS MUNGUBA;;;;;Colisão;Luz do Dia;;;Meio de Quadra;;;0;0;1;0;0;0;0;0;0;0;0;0;;
286693;9;4;2016;17:29;15269;AV RUI BARBOSA;RUA TEN BENEVOLO;;;;Colisão;Anoitecer;;;Cruz;Semáforo;Residencial;0;0;1;0;0;0;0;0;0;0;0;0;-38,507048;-3,728685
286698;9;4;2016;19:50;0;RUA ROSA CORDEIRO;;;;;Colisão;;;;Meio de Quadra;;;0;0;1;0;0;0;0;0;0;0;0;0;;
286699;9;4;2016;20:28;2830;AV GAL OSORIO DE PAIVA;RUA OSCAR FRANCA;;;;Colisão;;;;T;Semáforo;Residencial;0;0;1;0;0;0;0;0;0;0;0;0;-38,592113;-3,794473
286700;9;4;2016;20:42;0;RUA MANUEL JESUINO;;;;;Colisão;;;;Meio de Quadra;;;0;0;1;0;0;0;0;0;0;0;0;0;;
286701;9;4;2016;20:42;0;RUA MANUEL JESUINO;;;945;;Colisão;;;;Meio de Quadra;;;0;0;1;0;0;0;0;0;0;0;0;0;-38,484901;-3,733875
286702;9;4;2016;21:49;0;AV GODOFREDO MACIEL;;;;;Colisão;;;;Meio de Quadra;;;0;0;1;0;0;0;0;0;0;0;0;0;;
286695;9;4;2016;18:03;0;RUA OLAVO MAIA;;;;;Colisão;Anoitecer;;;;;;0;0;1;0;0;0;0;0;0;0;0;0;;
284189;9;4;2016;00:55;0;RUA PDE PEDRO DE ALENCAR;;;1620;;Colisão;;;;;;;0;1;0;0;1;0;0;0;0;1;0;0;-38,494326;-3,842333
284203;9;4;2016;01:26;0;RUA MIGUEL GURGEL;;;;;Queda;;;;Meio de Quadra;;;0;2;0;0;0;0;0;0;0;1;0;0;;
284208;9;4;2016;01:39;0;AV GAL OSORIO DE PAIVA;;;219;;Atropelamento;;;;Meio de Quadra;;;0;1;0;0;0;0;0;0;0;1;0;0;-38,56528;-3,77461
284243;9;4;2016;03:04;0;AV PRS COSTA E SILVA;;;;;Queda;;;;Meio de Quadra;;;0;1;0;0;0;0;0;0;0;1;0;0;;
284244;9;4;2016;03:13;0;AV DIOGUINHO;;;2800;;Colisão;;;;Meio de Quadra;;;0;2;0;1;0;0;0;0;0;0;0;0;;
284238;9;4;2016;02:56;5504;RUA PDE VALDEVINO;RUA JOAO CORDEIRO;;;;Colisão;;;;Cruz;Semáforo;Residencial;0;1;0;1;0;0;0;0;0;1;0;0;-38,51755;-3,738896
284240;9;4;2016;03:03;0;RUA CEL VIRGILIO NOGUEIRA (BOM JARDIM);;;1018;;Colisão;;;;Meio de Quadra;;;0;1;0;0;0;0;0;0;0;1;0;0;;
284256;9;4;2016;03:16;0;RUA DIOGO CORREIA;;;510;;Colisão;;;;Meio de Quadra;;;0;1;0;1;0;0;0;0;0;1;0;0;-38,590648;-3,769846
284228;9;4;2016;02:22;1402;RUA BAR ARACATI;AV HERACLITO GRACA;;;;Colisão;;;;Cruz;Pare;Comercial;0;1;0;1;0;0;0;0;0;1;0;0;-38,513289;-3,737147
284222;9;4;2016;01:55;19732;RUA GUSTAVO SAMPAIO;RUA TIP SALES;;;;Colisão;;;;Cruz;Pare;Comercial;0;1;0;1;0;0;0;0;0;1;0;0;-38,564917;-3,737013
284224;9;4;2016;01:58;0;AV WASHINGTON SOARES;;;5471;;Queda;;;;Meio de Quadra;;;0;1;0;0;0;0;0;0;0;1;0;0;-38,479056;-3,807611
284219;9;4;2016;01:44;0;AV WASHINGTON SOARES;;;;;Colisão;;;;Meio de Quadra;;;0;1;0;1;0;0;0;0;0;0;0;0;;
284280;9;4;2016;07:53;0;AV RAD JOSE LIMA VERDE;;;120;;Colisão;Luz do Dia;;;Meio de Quadra;;;0;1;0;0;0;0;0;0;0;1;0;0;;
284275;9;4;2016;07:30;0;RUA PORTO VELHO;;;1638;;Colisão;Luz do Dia;;;Meio de Quadra;;;0;1;0;1;0;0;0;0;0;1;0;0;-38,593502;-3,762549
284276;9;4;2016;07:45;0;AV CEL CARVALHO;;;;;Colisão;Luz do Dia;;;Meio de Quadra;;;0;1;0;0;0;0;0;0;0;0;0;0;;
284273;9;4;2016;07:21;0;AV ENG HUMBERTO MONTE;;;;;Queda;Luz do Dia;;;Meio de Quadra;;;0;1;0;0;0;0;0;0;0;1;0;0;;
284269;9;4;2016;07:00;0;RUA C CJ VILA VELHA;;;625;;Colisão;Luz do Dia;;;Meio de Quadra;;;0;1;0;0;0;0;0;0;0;0;0;0;;
284260;9;4;2016;03:39;0;RUA BAR ARACATI;;;1090;;Colisão;;;;Meio de Quadra;;;0;1;0;1;0;0;0;0;0;1;0;0;-38,511178;-3,730566
284261;9;4;2016;04:05;0;RUA PAU BRASIL;;;;;Queda;;;;Meio de Quadra;;;0;1;0;0;0;0;0;0;0;1;0;0;;
284262;9;4;2016;04:38;0;RUA DOM PEDRO II;;;55;;Queda;;;;Meio de Quadra;;;0;1;0;0;0;0;0;0;0;1;0;0;-38,568998;-3,780629
284264;9;4;2016;05:54;0;RUA EST JUCA D45;;;328;;Atropelamento;Amanhecer;;;Meio de Quadra;;;0;1;0;1;0;0;0;0;0;0;0;0;-38,543059;-3,786504
284265;9;4;2016;06:01;0;AV WASHINGTON SOARES;;;4700;;Colisão;Luz do Dia;;;Meio de Quadra;;;0;1;0;1;0;0;0;0;0;1;0;0;-38,479574;-3,800218
284267;9;4;2016;06:02;0;RUA VER PEDRO PAULO MOREIRA;;;1021;;Colisão;Luz do Dia;;;Meio de Quadra;;;0;1;0;0;0;0;0;0;0;1;0;0;;
284289;9;4;2016;08:37;25237;RUA PRISCO BEZERRA;RUA EMIDIO LOBO;;;;Colisão;Luz do Dia;;;Cruz;Não Há Controle;Residencial;0;1;0;1;0;0;0;0;0;1;0;0;-38,470085;-3,738255
284290;9;4;2016;08:45;9200;RUA DEP JOAO PONTES;RUA JAIME BENEVOLO;;;;Colisão;Luz do Dia;;;Cruz;Pare;Residencial;0;1;0;1;0;0;0;0;0;1;0;0;-38,530076;-3,74614
284287;9;4;2016;08:16;0;RUA VIS ICO D20;;;356;;Queda;Luz do Dia;;;Meio de Quadra;;;0;1;0;0;0;0;0;0;0;1;0;0;-38,56191;-3,720714
284299;9;4;2016;09:55;0;RUA NOSSA SRA DAS GRACAS;;;544;;Atropelamento;Luz do Dia;;;Meio de Quadra;;;0;1;0;0;0;1;0;0;0;0;0;0;-38,553198;-3,71018
284301;9;4;2016;10:01;0;RUA NOSSA SRA DAS GRACAS;;;541;;Atropelamento;Luz do Dia;;;Meio de Quadra;;;0;1;0;0;0;0;0;0;0;0;0;0;-38,553151;-3,7102
284293;9;4;2016;09:14;0;AV D CJ JOSE WALTER;;;480;;Colisão;Luz do Dia;;;Meio de Quadra;;;0;1;0;0;0;0;0;0;0;0;0;0;;
284294;9;4;2016;09:20;7382;AV SEN FERNANDES TAVORA;RUA SAO LUIS D30;;;;Colisão;Luz do Dia;;;Cruz;Pare;Residencial;0;1;0;1;0;1;0;0;0;0;0;0;-38,591428;-3,757244
284392;9;4;2016;19:43;0;AV SEN FERNANDES TAVORA;;;98;;Colisão;;;;Meio de Quadra;;;0;1;0;0;0;0;0;0;0;0;0;0;-38,573267;-3,767552
284395;9;4;2016;20:09;0;RUA MARIA CLARA;;;361;;Colisão;;;;Meio de Quadra;;;0;1;0;0;0;0;0;0;0;0;0;0;-38,582038;-3,725748
284373;9;4;2016;19:36;0;AV PERIMETRAL;;;1878;;Queda;;;;Meio de Quadra;;;0;1;0;0;0;0;0;0;0;1;0;0;;
284365;9;4;2016;18:18;25287;AV AUGUSTO DOS ANJOS;RUA PRIMEIRO DE MAIO D34;;;;Queda;Anoitecer;;;T;Pare;Comercial;0;1;0;0;0;1;0;0;0;0;0;0;-38,582915;-3,78449
284366;9;4;2016;18:41;0;RUA ANA FACO;;;576;;Colisão;;;;Meio de Quadra;;;0;1;0;0;0;0;0;0;0;0;0;0;;
284369;9;4;2016;18:51;0;AV DR THEBERGE;;;21;;Queda;;;;Meio de Quadra;;;0;2;0;0;0;0;0;0;0;1;0;0;-38,562008;-3,705714
284371;9;4;2016;19:10;22072;RUA JOSE FACANHA;RUA FRE MARCELINO;;;;Atropelamento;;;;T;Pare;Residencial;0;1;0;1;0;0;0;0;0;0;0;0;-38,558786;-3,750761
284361;9;4;2016;18:14;0;RUA COELHO DA FONSECA;;;168;;Choque c/ Obstáculo Fixo;Anoitecer;;;Meio de Quadra;;;0;1;0;1;0;0;0;0;0;1;0;0;;
284356;9;4;2016;15:22;0;AV ODILON GUIMARAES;;;25;;Atropelamento;Luz do Dia;;;Meio de Quadra;;;0;1;0;1;0;0;0;0;0;0;0;0;;
284357;9;4;2016;18:11;0;RUA COELHO DA FONSECA;;;182;;Atropelamento;Anoitecer;;;Meio de Quadra;;;0;1;0;1;0;0;0;0;0;0;0;0;;
284307;9;4;2016;10:05;0;AV DR SILAS MUNGUBA;;;1555;;Colisão;Luz do Dia;;;Meio de Quadra;;;0;1;0;1;0;0;0;0;0;1;0;0;-38,55386;-3,784015
284311;9;4;2016;11:38;0;RUA CEL MATOS DOURADO;;;;;Colisão;Luz do Dia;;;Meio de Quadra;;;0;1;0;1;0;0;0;0;0;1;0;0;;
284313;9;4;2016;11:47;0;RUA BAR AQUIRAZ;;;2225;;Atropelamento;Luz do Dia;;;Meio de Quadra;;;0;1;0;0;0;0;0;0;0;1;0;0;-38,479614;-3,845472
284317;9;4;2016;13:19;0;RD BR 116;;;10000;KM-10;Colisão;Luz do Dia;;;Meio de Quadra;;;0;1;0;0;0;0;0;0;0;0;0;0;-38,503373;-3,834435
284323;9;4;2016;13:34;0;AV PDE ANTONIO TOMAS;;;1591;;Colisão;Luz do Dia;;;Meio de Quadra;;;0;1;0;1;0;1;0;0;0;0;0;0;;
284348;9;4;2016;15:11;0;RUA ROSA CORDEIRO;;;181;;Colisão;Luz do Dia;;;Meio de Quadra;;;0;1;0;1;0;0;0;0;0;1;0;0;-38,468602;-3,773244
284341;9;4;2016;14:59;0;AV PRS CASTELO BRANCO;;;5892;;Colisão;Luz do Dia;;;Meio de Quadra;;;0;2;0;0;0;0;0;0;0;0;0;0;-38,583173;-3,702204
284403;9;4;2016;20:10;12648;RUA MARIA CLARA;RUA RIO ARAGUAIA;;;;Colisão;;;;Cruz;Pare;Residencial;0;1;0;0;0;0;0;0;0;0;0;0;-38,582119;-3,725741
284406;9;4;2016;20:14;0;RUA MIGUEL GURGEL;;;;;Atropelamento;;;;Meio de Quadra;;;0;1;0;0;0;0;0;0;0;0;0;0;;
278954;9;4;2016;06:40;0;RD CE-040;;;;KM-06;Tombamento;Luz do Dia;Bom;Seca;Meio de Quadra;;;0;1;0;0;0;0;0;0;0;1;0;0;-38,479535;-3,800596
278955;9;4;2016;10:10;0;AV SEN CARLOS JEREISSATI (AEROPORTO);;;;KM 02;Colisão;Luz do Dia;Bom;Seca;Meio de Quadra;;;0;1;1;1;0;0;0;0;0;0;0;0;-38,535424;-3,782194
278956;9;4;2016;11:30;0;AV SEN CARLOS JEREISSATI (AEROPORTO);;;;KM 01;Colisão;Luz do Dia;Bom;Seca;Meio de Quadra;;;0;1;1;1;0;0;0;0;0;0;0;0;-38,52685;-3,783753
278957;9;4;2016;15:00;0;RD CE-040;;;;KM-01;Colisão;Luz do Dia;Bom;Seca;Meio de Quadra;;;0;0;2;0;0;0;1;0;0;0;0;0;-38,48666;-3,758119
278958;9;4;2016;16:00;0;AV MIN JOSE AMERICO;;;;;Colisão;Luz do Dia;Bom;Seca;Meio de Quadra;;;0;1;1;1;0;0;0;0;0;0;0;0;;
286005;9;4;2016;23:40;10368;RUA JOSE MENDONCA;RUA NOSSA SRA APARECIDA;;;;Colisão;;;;Cruz;Pare;;0;0;2;0;0;0;0;0;0;1;0;0;-38,602332;-3,757921
292002;9;4;2016;13:15;0;RUA PRO VIRGILIO DE MORAIS;;;931;;Colisão Lateral;Luz do Dia;;;Meio de Quadra;;;1;0;1;0;0;0;0;0;0;1;0;0;-38,597745;-3,756875
283535;9;4;2016;09:45;0;RD BR 116;;;0;KM-16;Choque c/ Obstáculo Fixo;Luz do Dia;Nublado;Seca;Meio de Quadra;;;0;1;0;0;0;0;0;0;0;0;0;0;;
283538;10;4;2016;05:40;0;RD BR 116;;;800;KM-07;Colisão Lateral;Amanhecer;Bom;Seca;Meio de Quadra;;;0;1;1;1;0;1;0;0;0;0;0;0;-38,50847;-3,793082
282108;10;4;2016;19:30;0;RUA BERNARDO MANUEL;;;8796;;Colisão Traseira;Via Iluminada;Bom;Seca;Meio de Quadra;Semáforo;Comercial;0;0;2;1;0;0;0;0;0;1;0;0;-38,550772;-3,796586
282104;10;4;2016;19:40;22839;RUA GALILEU;RUA GOV JOAO CARLOS;;;;Colisão Transversal;;;;Cruz;Pare;Residencial;0;0;2;1;0;0;0;0;0;1;0;0;;
282135;10;4;2016;07:15;0;RUA JULIO CESAR D12;;;1229;;Colisão;;Bom;Seca;Meio de Quadra;Não Há Controle;Lazer;0;0;2;1;0;0;0;0;0;0;0;0;-38,545917;-3,753492
282121;10;4;2016;00:00;0;RUA ILDEFONSO ALBANO;;;;;Colisão Traseira;Luz do Dia;Bom;Seca;Meio de Quadra;Pare;Comercial;0;0;3;1;0;0;0;0;0;0;0;0;;
282117;10;4;2016;21:00;10681;AV MIGUEL DIAS;RUA FIRMINO ROCHA AGUIAR;;;;Colisão Transversal;Via Iluminada;Bom;Seca;Rotatória;Dê Preferência;Comercial;0;1;1;1;0;0;0;0;0;1;0;0;-38,487708;-3,763517
282088;10;4;2016;18:30;0;RUA CEL JUCA;;;;;Choque c/ Obstáculo Fixo;Anoitecer;;;Meio de Quadra;;;0;0;1;1;0;0;0;0;0;0;0;0;;
282085;10;4;2016;16:30;0;LOGRADOURO SEM NOME;;;;;Colisão Lateral;Via Iluminada;Bom;;Meio de Quadra;Não Há Controle;Outros;0;0;2;1;0;0;0;0;0;0;0;0;;
282079;10;4;2016;09:00;19721;RUA AMADEU FURTADO;RUA GUSTAVO SAMPAIO;;;;Colisão Transversal;Luz do Dia;;;Cruz;Pare;Residencial;0;1;1;1;0;0;0;0;0;1;0;0;-38,563828;-3,736786
282144;10;4;2016;16:20;0;AV DOS JANGADEIROS;;;641;;Colisão;Luz do Dia;Bom;Seca;Meio de Quadra;Não Há Controle;Residencial;0;0;2;1;0;0;0;0;0;1;0;0;;
282128;10;4;2016;18:45;6850;AV PDE ANTONIO TOMAS;RUA BATISTA DE OLIVEIRA;;;;Colisão Lateral;;Bom;Seca;Cruz;Outros;Residencial;0;1;1;0;1;0;0;0;0;0;0;0;-38,481947;-3,745906
282138;10;4;2016;16:15;0;AV BORGES DE MELO;;;2790;;Colisão;Luz do Dia;;;Meio de Quadra;;;0;0;2;1;0;0;0;0;0;1;0;0;;
284421;10;4;2016;00:26;0;AV CONTORNO NORTE D71;;;549;;Queda;;;;Meio de Quadra;;;0;1;0;0;0;0;0;0;0;1;0;0;;
284408;10;4;2016;00:25;0;AV CONTORNO NORTE (SAO CRSITOVAO);;;549;;Queda;;;;Meio de Quadra;;;0;2;0;0;0;0;0;0;0;1;0;0;-38,52206;-3,831714
284424;10;4;2016;00:49;0;RD BR 116;;;8000;KM-08;Colisão;;;;Meio de Quadra;;;0;1;0;1;0;0;0;0;0;0;0;0;-38,503269;-3,822018
284459;10;4;2016;02:25;0;RD BR 116;;;;SVO (KM-07);Atropelamento;;;;Meio de Quadra;;;1;0;0;1;0;0;0;0;0;0;0;0;-38,501596;-3,815542
284434;10;4;2016;01:42;0;RUA ANTONIO IVO;;;449;;Colisão;;;;Meio de Quadra;;;0;1;0;1;0;0;0;0;0;0;0;0;;
284443;10;4;2016;01:53;0;AV CEL CARVALHO;;;;;Colisão;;;;Meio de Quadra;;;0;1;0;1;0;0;0;0;0;1;0;0;;
284444;10;4;2016;02:23;0;AV ENG ALBERTO SA;;;;;Colisão;;;;Meio de Quadra;;;0;2;0;0;0;0;0;0;0;1;0;0;;
284474;10;4;2016;02:29;0;RUA VITAL BRASIL;;;1500;;Colisão;;;;Meio de Quadra;;;0;2;0;0;0;0;0;0;0;0;0;0;;
284492;10;4;2016;08:20;0;AV DES MOREIRA;;;;;Queda;Luz do Dia;;;Meio de Quadra;;;0;1;0;0;0;0;0;0;0;1;0;0;;
284486;10;4;2016;03:51;743;AV PASTEUR;AV PRS CASTELO BRANCO;;;;Queda;;;;Cruz;Semáforo;Comercial;0;1;0;0;0;0;0;0;0;1;0;0;-38,558856;-3,711181
284487;10;4;2016;05:56;0;AV PERIMETRAL;;;1680;;Colisão;Amanhecer;;;Meio de Quadra;;;0;1;0;1;0;0;0;0;0;1;0;0;;
284488;10;4;2016;07:40;0;AV DR SILAS MUNGUBA;;;1522;;Colisão;Luz do Dia;;;Meio de Quadra;;;0;1;0;1;0;0;0;0;0;1;0;0;-38,553957;-3,783882
284505;10;4;2016;09:04;0;AV D CJ JOSE WALTER;;;440;;Colisão;Luz do Dia;;;Meio de Quadra;;;0;2;0;1;0;0;0;0;0;1;0;0;;