COD_ACIDENTE;DIA;MES;ANO;HORA;INTERSECAO;LOG1;LOG2;LOG3;NUMERO;REFERENCIA;NATUREZA;ILUMINACAO;TEMPO;SUPERFICIEPISTA;TIPOCRUZAMENTO;CONTROLETRAFEGO;USOSOLO;MORTOS;FERIDOS;ILESOS;AUTOMOVEL;ONIBUS;BICICLETA;CAMINHAO;MICROONIBUS;CICLOMOTOR;MOTOCICLETA;TRACAOANIMAL;TREM;LONG;LAT
284507;10;4;2016;09:31;0;RUA PORTO VELHO;;;1638;;Atropelamento;Luz do Dia;;;Meio de Quadra;;;0;1;0;1;0;0;0;0;0;0;0;0;-38,593502;-3,762549
284539;10;4;2016;11:44;15189;AV ABOLICAO;RUA FRE MANSUETO;;;;Colisão;Luz do Dia;;;Cruz;Semáforo;Comercial;0;1;0;1;0;0;0;0;0;1;0;0;-38,489324;-3,726368
284544;10;4;2016;12:09;0;AV GENIBAU;;;;;Colisão;Luz do Dia;;;Meio de Quadra;;;0;1;0;1;0;0;0;0;0;1;0;0;;
284514;10;4;2016;09:33;0;RUA JOSE MOREIRA;;;40;;Queda;Luz do Dia;;;Meio de Quadra;;;0;1;0;0;0;0;0;0;0;1;0;0;;
284526;10;4;2016;10:37;0;RUA BOM JESUS (GRANJA LISBOA);;;2790;;Colisão;Luz do Dia;;;Meio de Quadra;;;0;1;0;1;0;0;0;0;0;1;0;0;;
284527;10;4;2016;10:42;0;AV JANGADEIROS (MUCURIPE);;;641;;Colisão;Luz do Dia;;;Meio de Quadra;;;0;1;0;1;0;0;0;0;0;1;0;0;-38,477547;-3,724217
284529;10;4;2016;11:04;23516;RUA FIS VIEIRA;RUA ANA GONCALVES;;;;Colisão;Luz do Dia;;;Cruz;Pare;Comercial;0;2;0;1;0;0;0;0;0;1;0;0;-38,514701;-3,759693
284532;10;4;2016;11:36;0;RUA VITAL BRASIL;;;1701;;Colisão;Luz do Dia;;;Meio de Quadra;;;0;2;0;1;0;0;0;0;0;1;0;0;-38,596074;-3,778557
284561;10;4;2016;13:17;19667;AV BEZERRA DE MENEZES;RUA DOM LINO;;;;Atropelamento;Luz do Dia;;;;;;0;1;0;0;1;0;0;0;0;0;0;0;-38,557568;-3,734232
284552;10;4;2016;12:30;260;RUA PRO LINO ENCARNACAO;RUA GAL BERNARDO FIGUEIREDO;;;;Colisão;Luz do Dia;;;Cruz;Pare;Comercial;0;1;0;0;0;0;0;0;0;0;0;0;-38,560606;-3,741453
284553;10;4;2016;12:38;0;RUA BETEL;;;;;Atropelamento;Luz do Dia;;;Meio de Quadra;;;0;1;0;0;0;0;0;0;0;0;0;0;;
284554;10;4;2016;13:09;17412;RUA BAR SOBRAL;RUA ALBERTO MAGNO;;;;Capotamento;Luz do Dia;;;Cruz;Semáforo;Comercial;0;1;0;1;0;0;0;0;0;0;0;0;-38,552417;-3,767991
284589;10;4;2016;14:50;0;AV N CJ JOSE WALTER;;;1960;;Atropelamento;Luz do Dia;;;Meio de Quadra;;;0;1;0;1;0;0;0;0;0;0;0;0;;
284590;10;4;2016;14:51;0;AV PRS JUSCELINO KUBITSCHEK (PASSARÉ);;;;;Colisão;Luz do Dia;;;Meio de Quadra;;;0;1;0;1;0;1;0;0;0;0;0;0;;
284591;10;4;2016;15:01;0;AV MR HULL;;;;;Colisão;Luz do Dia;;;Meio de Quadra;;;0;1;0;0;0;0;0;0;0;0;0;0;;
284600;10;4;2016;15:31;0;RUA CATOLE;;;2383;;Atropelamento;Luz do Dia;;;Meio de Quadra;;;0;1;0;0;0;0;0;0;0;1;0;0;-38,521347;-3,85055
284601;10;4;2016;15:53;0;AV PDE ANTONIO TOMAS;;;3367;;Colisão;Luz do Dia;;;Meio de Quadra;;;0;1;0;0;0;0;0;0;0;0;0;0;;
284566;10;4;2016;13:24;0;RUA ALMEIDA REGO;;;500;;Colisão;Luz do Dia;;;Meio de Quadra;;;0;2;0;1;0;0;0;0;0;1;0;0;-38,494261;-3,813078
284579;10;4;2016;13:45;0;RUA FARIAS LEMOS;;;800;;Colisão;Luz do Dia;;;Meio de Quadra;;;0;1;0;1;0;0;0;0;0;1;0;0;;
284583;10;4;2016;14:21;26075;AV SGT HERMINIO SAMPAIO;AV JOSE JATAHY;;;;Atropelamento;Luz do Dia;;;;;;0;1;1;1;0;0;0;0;0;0;0;0;;
284568;10;4;2016;13:36;0;AV CEL CARVALHO;;;1760;;Colisão;Luz do Dia;;;Meio de Quadra;;;0;1;0;1;0;0;0;0;0;1;0;0;-38,587809;-3,71803
284572;10;4;2016;13:38;0;RUA PORTO VELHO;;;;;Atropelamento;Luz do Dia;;;Meio de Quadra;;;0;1;0;0;0;0;0;0;0;1;0;0;;
284605;10;4;2016;17:07;0;AV CASTELO DE CASTRO;;;921;;Colisão;Anoitecer;;;Meio de Quadra;;;0;2;0;1;0;0;0;0;0;1;0;0;-38,521716;-3,837891
284629;10;4;2016;17:47;0;RUA JOAO BARRETO;;;1274;;Queda;Anoitecer;;;Meio de Quadra;;;0;1;0;0;0;0;0;0;0;1;0;0;;
284634;10;4;2016;18:19;0;RUA QUINZE (CANINDEZINHO);;;;;Colisão;Anoitecer;;;Meio de Quadra;;;0;1;0;0;0;0;0;0;0;0;0;0;;
284651;10;4;2016;18:45;0;RUA ALMEIDA PRADO;;;260;;Colisão;;;;Meio de Quadra;;;0;1;0;1;0;1;0;0;0;0;0;0;;
284678;10;4;2016;19:24;0;RUA 5 CJ HAB ST SAO JOAO;;;1240;;Queda;;;;Meio de Quadra;;;0;1;0;0;0;0;0;0;0;1;0;0;;
284675;10;4;2016;19:22;0;RUA 35 CJ DOS BANCARIOS;;;1248;;Queda;;;;Meio de Quadra;;;0;1;0;0;0;0;0;0;0;1;0;0;;
284700;10;4;2016;22:02;0;AV C CJ CEARA;;;1425;;Colisão;;;;Meio de Quadra;;;0;1;0;0;0;0;0;0;0;0;0;0;-38,614034;-3,771117
284692;10;4;2016;21:44;0;VL PDE MAXIMILIANO;;;;;Colisão;;;;Meio de Quadra;;;0;1;0;1;0;0;0;0;0;1;0;0;;
284695;10;4;2016;21:55;0;RD BR 116;;;15000;KM-15;Queda;;;;Meio de Quadra;;;0;1;0;0;0;0;0;0;0;1;0;0;-38,501113;-3,882329
284688;10;4;2016;20:39;25158;AV ALM MAXIMIANO DA FONSECA;AV WASHINGTON SOARES;;;;Colisão;;;;Cruz;Semáforo;Escola;0;1;0;1;0;0;0;0;0;1;0;0;-38,482016;-3,771482
284684;10;4;2016;20:20;0;RUA CEL FABRICIANO;;;1201;;Colisão;;;;Meio de Quadra;;;0;1;0;1;0;1;0;0;0;0;0;0;;
286706;10;4;2016;05:08;100;RUA TOMAS RODRIGUES;AV MR HULL;;;;Colisão;Amanhecer;;;Cruz;Semáforo;Comercial;0;0;1;0;0;0;0;0;0;0;0;0;-38,593915;-3,740004
286708;10;4;2016;05:10;0;AV CEL CARVALHO;;;;;Colisão;Amanhecer;;;Meio de Quadra;;;0;0;1;0;0;0;0;0;0;0;0;0;;
286711;10;4;2016;07:05;0;RUA JULIO CESAR D04;;;;;Colisão;Luz do Dia;;;Meio de Quadra;;;0;0;1;0;0;0;0;0;0;0;0;0;;
286713;10;4;2016;07:34;0;AV JOSE BASTOS;;;;;Colisão;Luz do Dia;;;Meio de Quadra;;;0;0;1;0;0;0;0;0;0;0;0;0;;
286714;10;4;2016;08:28;0;AV PRS COSTA E SILVA;;;;;Colisão;Luz do Dia;;;Meio de Quadra;;;0;0;1;0;0;0;0;0;0;0;0;0;;
286718;10;4;2016;11:04;0;RUA CEL DIONISIO ALENCAR;;;;;Colisão;Luz do Dia;;;Meio de Quadra;;;0;0;1;0;0;0;0;0;0;0;0;0;;
286719;10;4;2016;11:30;25125;RUA ROCHA LIMA;RUA DNA LEOPOLDINA;;;;Colisão;Luz do Dia;;;Cruz;Pare;Residencial;0;0;1;0;0;0;0;0;0;0;0;0;-38,521427;-3,736665
286721;10;4;2016;12:59;0;RUA CEL GUILHERME ALENCAR;;;;;Colisão;Luz do Dia;;;Meio de Quadra;;;0;0;1;0;0;0;0;0;0;0;0;0;;
286722;10;4;2016;13:27;0;AV DOS JANGADEIROS;;;543;;Colisão;Luz do Dia;;;Meio de Quadra;;;0;0;1;0;0;0;0;0;0;0;0;0;;
286723;10;4;2016;14:05;5472;RUA ANTONIO POMPEU;RUA JAIME BENEVOLO;;;;Colisão;Luz do Dia;;;Cruz;Pare;Comercial;0;0;1;0;0;0;0;0;0;0;0;0;-38,526664;-3,736033
286724;10;4;2016;14:37;13156;AV D CJ JOSE WALTER;AV J CJ JOSE WALTER;;;;Colisão;Luz do Dia;;;T;Pare;Rural;0;0;1;0;0;0;0;0;0;0;0;0;-38,555832;-3,831599
286726;10;4;2016;15:08;0;RUA PORTO VELHO;;;1639;;Colisão;Luz do Dia;;;Meio de Quadra;;;0;0;1;0;0;0;0;0;0;0;0;0;;
286729;10;4;2016;16:31;260;RUA PRO LINO ENCARNACAO;RUA GAL BERNARDO FIGUEIREDO;;;;Colisão;Luz do Dia;;;Cruz;Pare;Comercial;0;0;1;0;0;0;0;0;0;0;0;0;-38,560606;-3,741453
286730;10;4;2016;16:49;0;RUA MANOEL B DOS SANTOS;;;68;;Colisão;Luz do Dia;;;Meio de Quadra;;;0;0;1;0;0;0;0;0;0;0;0;0;;
286738;10;4;2016;17:42;19667;AV BEZERRA DE MENEZES;RUA DOM LINO;;;;Colisão;Anoitecer;;;;;;0;0;2;0;0;0;0;0;0;0;0;0;-38,557568;-3,734232
286739;10;4;2016;17:48;0;AV CEL CARVALHO;;;1760;;Colisão;Anoitecer;;;Meio de Quadra;;;0;0;1;0;0;0;0;0;0;0;0;0;-38,587809;-3,71803
286733;10;4;2016;17:12;0;RUA PEDRO SAMPAIO;;;1008;;Colisão;Anoitecer;;;Meio de Quadra;;;0;0;1;0;0;0;0;0;0;0;0;0;;
286734;10;4;2016;17:13;0;RUA ALMEIDA REGO;;;690;;Colisão;Anoitecer;;;Meio de Quadra;;;0;0;1;0;0;0;0;0;0;0;0;0;-38,4927;-3,812372
286746;10;4;2016;17:49;0;AV ABOLICAO;;;;;Colisão;Anoitecer;;;Meio de Quadra;;;0;0;1;0;0;0;0;0;0;0;0;0;;
286749;10;4;2016;18:41;0;RUA PIERRE LUZ;;;459;;Colisão;;;;Meio de Quadra;;;0;0;1;0;0;0;0;0;0;0;0;0;;
286750;10;4;2016;18:44;0;AV PRS JUSCELINO KUBITSCHEK (PASSARÉ);;;;;Colisão;;;;Meio de Quadra;;;0;0;1;0;0;0;0;0;0;0;0;0;;
286751;10;4;2016;19:27;12523;RUA MARIA CLARA;RUA PIERRE LUZ;;;;Colisão;;;;Cruz;Pare;Misto;0;0;1;0;0;0;0;0;0;0;0;0;-38,588502;-3,72512
286752;10;4;2016;20:00;0;AV GOV RAUL BARBOSA;;;7510;;Colisão;;;;Meio de Quadra;;;0;0;1;0;0;0;0;0;0;0;0;0;-38,513701;-3,778011
286754;10;4;2016;20:21;15326;AV BAR STUDART;RUA PEREIRA FILGUEIRAS;;;;Colisão;;;;Cruz;Semáforo;Comercial;0;0;1;0;0;0;0;0;0;0;0;0;-38,505361;-3,73081
286755;10;4;2016;20:54;0;RUA PDE PERDIGAO SAMPAIO;;;683;;Colisão;;;;Meio de Quadra;;;0;0;1;0;0;0;0;0;0;0;0;0;-38,594239;-3,742872
286756;10;4;2016;21:23;18731;RUA 35 CJ HAB ST S JOAO;RUA VERDE 4 CJ ST S.JOAO;;;;Colisão;;;;;;;0;0;1;0;0;0;0;0;0;0;0;0;-38,517387;-3,847338
286758;10;4;2016;21:40;3059;RUA JULIO BRAGA;RUA CACILDA BECKER;;;;Colisão;;;;Cruz;Semáforo Danificado;;0;0;1;0;0;0;0;0;0;0;0;0;-38,587823;-3,77399
286759;10;4;2016;22:28;0;AV ALM MAXIMIANO DA FONSECA;;;;;Colisão;;;;Meio de Quadra;;;0;0;1;0;0;0;0;0;0;0;0;0;;
286760;10;4;2016;23:31;25548;AV JOAO PESSOA;AV GAL OSORIO DE PAIVA;;;;Colisão;;;;;;;0;0;1;0;0;0;0;0;0;0;0;0;-38,561379;-3,771044
282008;10;4;2016;09:30;8937;RUA ANTONIO POMPEU;RUA CARLOS SEVERO;;;;Colisão Lateral;Luz do Dia;Bom;;Cruz;;Comercial;0;0;2;0;0;0;0;0;0;0;0;0;-38,541865;-3,731863
282009;10;4;2016;19:00;0;AV BEZERRA DE MENEZES;;;1465;;Atropelamento;Anoitecer;Bom;Seca;Meio de Quadra;Semáforo;Comercial;0;1;1;0;1;0;0;0;0;0;0;0;-38,557906;-3,734294
281991;10;4;2016;19:30;19952;AV LUCIANO CARNEIRO;RUA FRANCISCO LORDA;;;;Colisão Lateral;Via Iluminada;Nublado;Seca;T;Semáforo;Comercial;0;0;2;1;0;0;0;0;0;0;0;0;-38,535431;-3,760835
282015;10;4;2016;10:20;0;AV PRS COSTA E SILVA;;;1680;;Colisão;Luz do Dia;Bom;Seca;Meio de Quadra;Não Há Controle;Residencial;0;0;2;1;0;0;0;0;0;1;0;0;-38,566913;-3,816867
282016;10;4;2016;13:20;9952;RUA EMILIO DE MENESES;RUA JOSE TORRES;;;;Colisão;Luz do Dia;;;Cruz;Pare;Comercial;0;0;2;1;0;0;0;0;0;0;0;0;-38,606283;-3,776425
282021;10;4;2016;20:00;0;RUA BOM JESUS (GRANJA LISBOA);;;2024;;Colisão;;;;Meio de Quadra;;;0;0;3;1;0;0;0;0;0;0;0;0;-38,61159;-3,791066
282029;10;4;2016;16:40;0;TR 25 DE MARCO UI 806;;;988;;Choque c/ Obstáculo Fixo;Via Iluminada;Bom;Seca;Meio de Quadra;Pare;Residencial;0;0;1;1;0;0;0;0;0;0;0;0;;
282050;10;4;2016;07:40;1272;RUA JOAQUIM NABUCO;AV DOM LUIS;;;;Colisão;Luz do Dia;Bom;Seca;Cruz;Semáforo Intermitente;Comercial;0;0;2;1;0;0;0;0;0;0;0;0;-38,500333;-3,732301
282042;10;4;2016;07:30;0;AV PRS COSTA E SILVA;;;;;Choque c/ Obstáculo Fixo;Luz do Dia;Bom;Seca;Meio de Quadra;Não Há Controle;Residencial;0;0;1;0;0;0;0;0;0;0;0;0;;
282044;10;4;2016;17:30;0;RUA OFIR;;;51;;Colisão Lateral;Luz do Dia;Bom;Seca;Meio de Quadra;Pare;Residencial;0;0;2;1;0;0;0;0;0;0;0;0;;
282036;10;4;2016;16:10;1359;RUA JOAO CARVALHO;RUA CARLOS VASCONCELOS;;;;Colisão Lateral;Luz do Dia;Bom;Seca;Cruz;Pare;Residencial;0;0;2;0;0;0;0;0;0;0;0;0;-38,511844;-3,736251
282073;10;4;2016;07:15;22176;AV JOSE BASTOS;AV ENG HUMBERTO MONTE;;;;Colisão Traseira;Luz do Dia;;;T;Semáforo;Comercial;0;0;2;1;0;0;0;0;0;0;0;0;-38,555455;-3,754966
282064;10;4;2016;07:00;2412;AV FRANCISCO SA;RUA IRAPUA;;;;Colisão;;Bom;Seca;Cruz;Pare;Residencial;0;1;1;1;0;0;0;0;0;1;0;0;-38,586099;-3,706356
282066;10;4;2016;18:00;5357;RUA MAJ FACUNDO;RUA PEDRO I;;;;Colisão Lateral;Via Iluminada;Bom;Seca;Cruz;Pare;Comercial;0;0;2;1;0;0;0;0;0;0;0;0;-38,52899;-3,731113
282055;10;4;2016;11:15;15260;RUA JOAQUIM NABUCO;RUA ANA BILHAR;;;;Colisão Lateral;Luz do Dia;Bom;Seca;Cruz;Semáforo;Residencial;0;0;2;1;0;0;0;0;0;0;0;0;-38,499077;-3,728382
282058;10;4;2016;16:20;15189;AV ABOLICAO;RUA FRE MANSUETO;;;;Colisão Lateral;Luz do Dia;Bom;Seca;Cruz;Semáforo;Comercial;0;1;1;1;0;0;0;0;0;1;0;0;-38,489324;-3,726368
282068;10;4;2016;06:20;3175;RUA VITAL BRASIL;RUA LUZIA MOREIRA;;;;Colisão Transversal;Luz do Dia;Bom;Seca;Cruz;Pare;Residencial;0;1;1;0;1;0;0;0;0;1;0;0;-38,593017;-3,77942
280700;10;4;2016;01:27;0;AV I CJ JOSE WALTER;;;;;Colisão;;;;Meio de Quadra;;;0;0;3;1;0;0;0;0;0;0;0;0;;
280701;10;4;2016;12:36;0;RUA CEL GUILHERME ALENCAR;;;;;Colisão;Luz do Dia;;;Meio de Quadra;;;0;0;2;1;1;0;0;0;0;0;0;0;;
289311;10;4;2016;01:21;0;RUA ALMEIDA REGO;;;690;;Colisão Transversal;;;;Meio de Quadra;;;1;1;1;0;0;0;0;0;1;0;0;0;-38,4927;-3,812372
280742;11;4;2016;09:24;19313;RUA GERMANO FRANCK;RUA CON LIMA SUCUPIRA;;;;Colisão Transversal;Luz do Dia;Chuva;Molhada;T;Pare;Comercial;0;0;2;1;0;0;0;0;0;1;0;0;-38,559584;-3,775196
280738;11;4;2016;07:09;0;AV DEP PAULINO ROCHA;;;;;Colisão;Luz do Dia;;;Meio de Quadra;;;0;0;2;1;0;0;0;0;0;0;0;0;;
280739;11;4;2016;08:31;1709;RUA CAP OLAVO;RUA CAP ARAGAO;;;;Colisão Lateral;Luz do Dia;Chuva;Molhada;Cruz;Pare;Comercial;0;0;2;0;1;0;0;0;0;0;0;0;-38,515937;-3,765348
280753;11;4;2016;12:04;5496;RUA PDE VALDEVINO;RUA DNA LEOPOLDINA;;;;Colisão Lateral;Luz do Dia;Bom;Seca;Cruz;Semáforo;Comercial;0;0;2;1;0;0;0;1;0;0;0;0;-38,521753;-3,737577
280754;11;4;2016;12:45;7694;RUA RIO GRANDE DO NORTE;RUA RIO GRANDE DO SUL;;;;Colisão;Luz do Dia;;;Cruz;Pare;Residencial;0;0;2;0;0;0;1;0;0;0;0;0;-38,567559;-3,758617
280786;11;4;2016;16:45;0;RUA MELO CESAR;;;496;;Colisão;Luz do Dia;Nublado;Molhada;Meio de Quadra;;Misto;0;0;2;0;0;0;1;0;0;0;0;0;-38,504132;-3,79501
280787;11;4;2016;18:35;3819;AV CARAPINIMA;RUA JUVENAL GALENO;;;;Colisão;;;;Cruz;Semáforo;Comercial;0;0;2;1;1;0;0;0;0;0;0;0;-38,539176;-3,738998
280777;11;4;2016;15:27;0;RUA MON SALAZAR;;;1161;;Colisão Traseira;Luz do Dia;Nublado;Seca;Meio de Quadra;Não Há Controle;Comercial;0;0;2;1;0;0;0;0;0;0;0;0;-38,509561;-3,755676
280773;11;4;2016;15:03;0;AV 13 DE MAIO;;;2286;;Colisão Traseira;Luz do Dia;Nublado;Molhada;Meio de Quadra;Não Há Controle;Comercial;0;0;2;0;1;0;0;1;0;0;0;0;-38,537015;-3,742751
280748;11;4;2016;10:15;0;RUA ANTONIO AUGUSTO;;;;;Colisão;Luz do Dia;;;Meio de Quadra;;;0;0;2;0;0;0;1;0;0;0;0;0;;
280762;11;4;2016;13:07;0;AV CARAPINIMA;;;2415;;Colisão Lateral;Luz do Dia;Chuva;Molhada;Meio de Quadra;Não Há Controle;Comercial;0;0;2;1;1;0;0;0;0;0;0;0;-38,540886;-3,740648
280768;11;4;2016;14:33;1822;AV ISABEL BEZERRA;RUA GUILHERME ALMEIDA;;;;Colisão;Luz do Dia;;;;;;0;0;2;1;0;0;1;0;0;0;0;0;-38,497697;-3,855541
280766;11;4;2016;13:16;0;AV AGUANAMBI;;;;;Colisão Lateral;Luz do Dia;Nublado;Molhada;Meio de Quadra;Não Há Controle;Comercial;0;0;2;1;1;0;0;0;0;0;0;0;;
280824;11;4;2016;21:01;0;RUA PERILIO TEIXEIRA;;;;;Colisão;;;;Meio de Quadra;;;0;0;2;1;0;0;0;0;0;0;0;0;;
282070;11;4;2016;13:01;1485;RUA PDE VALDEVINO;RUA ANTONIO AUGUSTO;;;;Colisão Lateral;Luz do Dia;Bom;Seca;Cruz;Pare;Comercial;0;0;2;1;0;0;0;0;0;0;0;0;-38,516489;-3,739239
282045;11;4;2016;15:00;5433;RUA METON DE ALENCAR;RUA MAJ FACUNDO;;;;Colisão Lateral;Luz do Dia;Nublado;Seca;Cruz;Pare;Comercial;0;0;2;1;0;0;0;0;0;1;0;0;-38,529899;-3,733917
282030;11;4;2016;15:20;11768;AV PRS CASTELO BRANCO;AV FILOMENO GOMES;;;;Colisão Lateral;Luz do Dia;Nublado;Molhada;Cruz;Semáforo;Comercial;0;0;2;1;0;0;0;0;0;1;0;0;-38,541982;-3,715542
282031;11;4;2016;15:30;15144;AV MON TABOSA;AV RUI BARBOSA;;;;Engavetamento;Luz do Dia;Nublado;Seca;Cruz;Semáforo;Comercial;0;0;3;1;0;0;0;0;0;0;0;0;-38,505696;-3,724441
282024;11;4;2016;16:00;0;RUA ADRIANO MARTINS;;;8;;Colisão Traseira;Anoitecer;Bom;Seca;Meio de Quadra;Pare;Residencial;0;0;2;1;0;0;0;0;0;0;0;0;-38,544173;-3,718799
282025;11;4;2016;16:00;11768;AV FILOMENO GOMES;AV PRS CASTELO BRANCO;;;;Colisão Traseira;Luz do Dia;Bom;Seca;Cruz;Semáforo;Escola;0;0;2;1;0;0;0;0;0;0;0;0;-38,541982;-3,715542
282022;11;4;2016;16:20;1564;RUA CAROLINA SUCUPIRA;RUA LEONARDO MOTA;;;;Colisão Lateral;Luz do Dia;Nublado;Seca;Cruz;Pare;Residencial;0;0;2;1;0;0;0;0;0;0;0;0;-38,497995;-3,741825
286763;11;4;2016;05:48;25548;RUA VILA LOBOS;AV JOAO PESSOA;;;;Colisão;Amanhecer;;;;;;0;0;1;0;0;0;0;0;0;0;0;0;-38,561439;-3,771198
286765;11;4;2016;06:23;5235;RUA PRC ISABEL;RUA PEDRO PEREIRA;;;;Colisão;Luz do Dia;;;Cruz;Pare;Misto;0;0;2;0;0;0;0;0;0;0;0;0;-38,535705;-3,727353
286766;11;4;2016;06:26;0;AV PDE ANTONIO TOMAS;;;630;;Colisão;Luz do Dia;;;Meio de Quadra;;;0;0;2;0;0;0;0;0;0;0;0;0;-38,49806;-3,740679
286770;11;4;2016;06:52;20042;AV PRS JUSCELINO KUBITSCHEK (PASSARÉ);AV ALBERTO CRAVEIRO;;;;Colisão;Luz do Dia;;;;;;0;0;1;0;0;0;0;0;0;0;0;0;-38,524782;-3,807229
286771;11;4;2016;07:22;0;AV DEP PAULINO ROCHA;;;2417;;Colisão;Luz do Dia;;;Meio de Quadra;;;0;0;1;0;0;0;0;0;0;0;0;0;;
286772;11;4;2016;07:29;0;AV PRS JUSCELINO KUBITSCHEK (PASSARÉ);;;;;Colisão;Luz do Dia;;;;;;0;0;1;0;0;0;0;0;0;0;0;0;-38,530912;-3,815311
286775;11;4;2016;07:36;0;RUA GERMANO FRANCK;;;267;;Colisão;Luz do Dia;;;Meio de Quadra;;;0;0;1;0;0;0;0;0;0;0;0;0;-38,559139;-3,774825
286776;11;4;2016;08:01;0;AV AUGUSTO DOS ANJOS;;;1450;;Colisão;Luz do Dia;;;Meio de Quadra;;;0;0;1;0;0;0;0;0;0;0;0;0;-38,57855;-3,779473
286777;11;4;2016;08:33;0;AV JOSE BASTOS;;;4160;;Colisão;Luz do Dia;;;Meio de Quadra;;;0;0;1;0;0;0;0;0;0;0;0;0;-38,554763;-3,7543
286778;11;4;2016;08:38;15136;RUA ANTONIO AUGUSTO;AV MON TABOSA;;;;Colisão;Luz do Dia;;;Cruz;Pare;Comercial;0;0;1;0;0;0;0;0;0;0;0;0;-38,511469;-3,724092
286779;11;4;2016;10:01;5405;RUA GAL CLARINDO DE QUEIROZ;RUA BAR RIO BRANCO;;;;Colisão;Luz do Dia;;;Cruz;Semáforo;Comercial;0;0;2;0;0;0;0;0;0;0;0;0;-38,530239;-3,732679
286782;11;4;2016;10:29;0;AV 13 DE MAIO;;;497;;Colisão;Luz do Dia;;;Meio de Quadra;;;0;0;2;0;0;0;0;0;0;0;0;0;-38,525813;-3,752324
286768;11;4;2016;06:51;266;RUA ERICO MOTA;AV JOVITA FEITOSA;;;;Colisão;Luz do Dia;;;Cruz;Semáforo;Comercial;0;0;2;0;0;0;0;0;0;0;0;0;-38,56185;-3,740938
286789;11;4;2016;10:31;0;RUA DOM HENRIQUE;;;;;Colisão;Luz do Dia;;;Meio de Quadra;;;0;0;2;0;0;0;0;0;0;0;0;0;;
286795;11;4;2016;10:35;0;AV AGUANAMBI;;;790;;Colisão;Luz do Dia;;;Meio de Quadra;;;0;0;2;0;0;0;0;0;0;0;0;0;-38,52581;-3,742898
286799;11;4;2016;10:36;0;AV PRS COSTA E SILVA;;;671;;Colisão;Luz do Dia;;;Meio de Quadra;;;0;0;2;0;0;0;0;0;0;0;0;0;;
286800;11;4;2016;10:41;0;AV JOVITA FEITOSA;;;1000;;Colisão;Luz do Dia;;;Meio de Quadra;;;0;0;1;0;0;0;0;0;0;0;0;0;-38,552158;-3,738994
286802;11;4;2016;10:46;0;RUA TEN AURELIO SAMPAIO;;;5923;;Colisão;Luz do Dia;;;Meio de Quadra;;;0;0;1;0;0;0;0;0;0;0;0;0;;
286804;11;4;2016;11:12;1282;AV BAR STUDART;AV SANTOS DUMONT;;;;Colisão;Luz do Dia;;;Cruz;Semáforo;Comercial;0;0;2;0;0;0;0;0;0;0;0;0;-38,506304;-3,733642
286805;11;4;2016;11:15;0;AV PRS COSTA E SILVA;;;671;;Colisão;Luz do Dia;;;Meio de Quadra;;;0;0;2;0;0;0;0;0;0;0;0;0;;
286811;11;4;2016;12:05;0;AV ANTONIO JUSTA;;;2083;;Colisão;Luz do Dia;;;Meio de Quadra;;;0;0;2;0;0;0;0;0;0;0;0;0;;
286812;11;4;2016;12:12;0;RUA SATIRO DIAS;;;77;;Colisão;Luz do Dia;;;Meio de Quadra;;;0;0;2;0;0;0;0;0;0;0;0;0;-38,5455;-3,763789
286813;11;4;2016;13:02;0;RUA BENJAMIM MOURA;;;;;Colisão;Luz do Dia;;;Meio de Quadra;;;0;0;2;0;0;0;0;0;0;0;0;0;;
286814;11;4;2016;13:22;2958;AV GAL OSORIO DE PAIVA;RUA URUCUTUBA;;;;Colisão;Luz do Dia;;;;;;0;0;2;0;0;0;0;0;0;0;0;0;-38,596129;-3,79862
286815;11;4;2016;13:26;0;AV SEN FERNANDES TAVORA;;;338;;Colisão;Luz do Dia;;;Meio de Quadra;;;0;0;2;0;0;0;0;0;0;0;0;0;;
286816;11;4;2016;15:22;0;AV ALM HENRIQUE SABOIA;;;;;Colisão;Luz do Dia;;;Meio de Quadra;;;0;0;1;0;0;0;0;0;0;0;0;0;;
286819;11;4;2016;15:44;21847;AV GODOFREDO PIMENTEL;RUA DEP MATOSO FILHO;;;;Colisão;Luz do Dia;;;;;;0;0;2;0;0;0;0;0;0;0;0;0;-38,589249;-3,731915
286820;11;4;2016;15:45;1496;RUA PDE VALDEVINO;RUA ILDEFONSO ALBANO;;;;Colisão;Luz do Dia;;;Cruz;Semáforo;Comercial;0;0;1;0;0;0;0;0;0;0;0;0;-38,515423;-3,739573
286821;11;4;2016;16:09;17268;RUA BENJAMIN CARNEIRO GIRAO;AV PRO GOMES DE MATOS;;;;Colisão;Luz do Dia;;;T;Pare;Comercial;0;0;1;0;0;0;0;0;0;0;0;0;-38,546409;-3,76209
286822;11;4;2016;16:16;21319;RUA GUSTAVO SAMPAIO;RUA JOSE SOMBRA;;;;Colisão;Luz do Dia;;;Cruz;Pare;Residencial;0;0;1;0;0;0;0;0;0;0;0;0;-38,54726;-3,733349
286824;11;4;2016;16:20;5812;RUA CEZIDIO ALBUQUERQUE;AV OLIVEIRA PAIVA;;;;Colisão;Luz do Dia;;;Cruz;Não Há Controle;Comercial;0;0;1;0;0;0;0;0;0;0;0;0;-38,503433;-3,798714
286825;11;4;2016;16:23;0;AV RUI BARBOSA;;;2697;;Colisão;Luz do Dia;;;Meio de Quadra;;;0;0;1;0;0;0;0;0;0;0;0;0;-38,512659;-3,746034
286826;11;4;2016;16:31;0;AV FRANCISCO SA;;;2526;;Colisão;Luz do Dia;;;Meio de Quadra;;;0;0;1;0;0;0;0;0;0;0;0;0;-38,548121;-3,72045
286828;11;4;2016;16:35;0;AV EDUARDO GIRAO;;;230;;Colisão;Luz do Dia;;;Meio de Quadra;;;0;0;1;0;0;0;0;0;0;0;0;0;;