COD_ACIDENTE;DIA;MES;ANO;HORA;INTERSECAO;LOG1;LOG2;LOG3;NUMERO;REFERENCIA;NATUREZA;ILUMINACAO;TEMPO;SUPERFICIEPISTA;TIPOCRUZAMENTO;CONTROLETRAFEGO;USOSOLO;MORTOS;FERIDOS;ILESOS;AUTOMOVEL;ONIBUS;BICICLETA;CAMINHAO;MICROONIBUS;CICLOMOTOR;MOTOCICLETA;TRACAOANIMAL;TREM;LONG;LAT
286829;11;4;2016;16:36;25090;RUA EDGAR FALCAO;AV GOV PARSIFAL BARROSO;;;;Colisão;Luz do Dia;;;T;Semáforo;Comercial;0;0;2;0;0;0;0;0;0;0;0;0;-38,569038;-3,732054
286830;11;4;2016;16:39;25553;AV EDUARDO GIRAO;RUA CAMPO AMOR ROCHA;;;;Colisão;Luz do Dia;;;;;;0;0;1;0;0;0;0;0;0;0;0;0;;
286831;11;4;2016;17:44;1273;AV SANTOS DUMONT;RUA DR JOSE LOURENCO;;;;Colisão;Anoitecer;;;Cruz;Pare;Comercial;0;0;1;0;0;0;0;0;0;0;0;0;-38,50738;-3,733299
286832;11;4;2016;17:57;0;AV CARAPINIMA;;;;;Colisão;Anoitecer;;;Meio de Quadra;;;0;0;1;0;0;0;0;0;0;0;0;0;;
286833;11;4;2016;18:30;0;AV MON TABOSA;;;;;Colisão;Anoitecer;;;Meio de Quadra;;;0;0;1;0;0;0;0;0;0;0;0;0;;
286835;11;4;2016;18:35;0;RUA DEP OSWALDO STUDART;;;;;Colisão;;;;Meio de Quadra;;;0;0;1;0;0;0;0;0;0;0;0;0;;
286836;11;4;2016;18:46;0;AV PRS COSTA E SILVA;;;;;Colisão;;;;Meio de Quadra;;;0;0;1;0;0;0;0;0;0;0;0;0;;
286839;11;4;2016;18:52;15189;AV ABOLICAO;RUA FRE MANSUETO;;;;Colisão;;;;Cruz;Semáforo;Comercial;0;0;1;0;0;0;0;0;0;0;0;0;-38,489324;-3,726368
286840;11;4;2016;18:59;0;AV GAL OSORIO DE PAIVA;;;4837;;Colisão;;;;Meio de Quadra;;;0;0;1;0;0;0;0;0;0;0;0;0;-38,598636;-3,801185
286841;11;4;2016;20:34;0;RUA JOAO AREAS;;;538;;Colisão;;;;Meio de Quadra;;;0;0;1;0;0;0;0;0;0;0;0;0;-38,575956;-3,791658
286843;11;4;2016;20:36;7759;RUA DOM EXPEDITO LOPES;AV BAR STUDART;;;;Colisão;;;;Cruz;Pare;Comercial;0;0;1;0;0;0;0;0;0;0;0;0;-38,509133;-3,742519
286845;11;4;2016;20:38;0;RUA FARIAS LEMOS;;;958;;Colisão;;;;Meio de Quadra;;;0;0;1;0;0;0;0;0;0;0;0;0;;
286846;11;4;2016;20:40;0;RUA PERILIO TEIXEIRA;;;1352;;Colisão;;;;Meio de Quadra;;;0;0;1;0;0;0;0;0;0;0;0;0;-38,600854;-3,753473
286847;11;4;2016;20:46;19109;RUA PAULO MORAIS;RUA AMELIA BENEBIEN;;;;Colisão;;;;;;;0;0;1;0;0;0;0;0;0;0;0;0;-38,479186;-3,738042
286848;11;4;2016;22:02;9442;RUA RIO TOCANTINS;AV MAJ ASSIS;;;;Colisão;;;;T;Não Há Controle;Residencial;0;0;1;0;0;0;0;0;0;0;0;0;;
286849;11;4;2016;22:04;104;RUA CAP BRASIL;AV MR HULL;;;;Colisão;;;;T;Pare;Comercial;0;0;1;0;0;0;0;0;0;0;0;0;-38,586286;-3,738879
284701;11;4;2016;00:12;0;AV DR SILAS MUNGUBA;;;5014;;Colisão;;;;Meio de Quadra;;;0;1;0;0;0;0;0;0;0;0;0;0;-38,531582;-3,797234
284733;11;4;2016;05:31;0;AV JOVITA FEITOSA;;;1054;;Colisão;Amanhecer;;;Meio de Quadra;;;0;1;0;1;0;0;0;0;0;1;0;0;-38,553323;-3,739233
284722;11;4;2016;02:29;0;AV MR HULL;;;;;Colisão;;;;Meio de Quadra;;;0;1;0;0;0;0;0;0;0;0;0;0;;
284724;11;4;2016;02:46;0;RUA BAR RIO BRANCO;;;291;;Colisão;;;;Meio de Quadra;;;0;1;0;1;0;0;0;0;0;1;0;0;;
284728;11;4;2016;02:48;0;AV SGT HERMINIO SAMPAIO;;;3793;;Colisão;;;;Meio de Quadra;;;0;1;0;1;0;0;0;0;0;1;0;0;-38,574854;-3,729797
284729;11;4;2016;03:45;0;AV FRANCISCO SA;;;;;Colisão;;;;Meio de Quadra;;;0;1;0;1;0;0;0;0;0;1;0;0;;
284720;11;4;2016;02:07;0;RUA JARDIM PARUARA;;;;;Colisão;;;;Meio de Quadra;;;0;2;0;0;0;0;0;0;0;1;0;0;;
284718;11;4;2016;01:50;7430;RUA ELESBAO VELOSO;RUA COS ARAUJO LIMA;;;;Colisão;;;;;;;0;1;0;0;0;0;0;0;0;0;0;0;-38,591361;-3,749403
284706;11;4;2016;01:44;0;AV ALBERTO CRAVEIRO;;;;;Colisão;;;;Meio de Quadra;;;0;2;0;0;0;0;0;0;0;0;0;0;;
284715;11;4;2016;01:49;6766;RUA PRO OTAVIO LOBO;AV PDE ANTONIO TOMAS;;;;Atropelamento;;;;Cruz;Semáforo;Comercial;0;1;0;1;0;0;0;0;0;0;0;0;-38,47994;-3,746548
284703;11;4;2016;01:20;0;AV JOAO PESSOA;;;6943;;Queda;;;;Meio de Quadra;;;0;1;0;0;0;0;0;0;0;1;0;0;-38,561064;-3,77028
284770;11;4;2016;11:09;0;RUA RIO GRANDE DO NORTE;;;1122;;Queda;Luz do Dia;;;Meio de Quadra;;;0;1;0;0;0;1;0;0;0;0;0;0;-38,566885;-3,759055
284775;11;4;2016;11:10;5777;RUA CHICO LEMOS;RUA JOSE A CAVALCANTE;;;;Colisão;Luz do Dia;;;Cruz;;Residencial;0;1;0;1;0;0;0;0;0;1;0;0;-38,499317;-3,790905
284779;11;4;2016;12:29;3214;RUA CARLOS CHAGAS;AV GAL OSORIO DE PAIVA;;;;Queda;Luz do Dia;;;;;;0;1;0;0;0;0;0;0;0;1;0;0;;
284735;11;4;2016;08:10;0;RUA FRANCISCA MARIA DA CONCEICAO;;;235;;Queda;Luz do Dia;;;Meio de Quadra;;;0;1;0;0;0;0;0;0;0;1;0;0;-38,56664;-3,841617
284737;11;4;2016;08:16;0;AV CARNEIRO DE MENDONCA;;;1512;;Colisão;Luz do Dia;;;Meio de Quadra;;;0;1;0;0;0;0;0;0;0;0;0;0;-38,572175;-3,761203
284738;11;4;2016;09:05;0;AV DR SILAS MUNGUBA;;;999;;Queda;Luz do Dia;;;Meio de Quadra;;;0;1;0;0;0;0;0;0;0;1;0;0;-38,556938;-3,781561
284750;11;4;2016;09:11;0;RUA MON ROSA D20/21;;;969;;Queda;Luz do Dia;;;Meio de Quadra;;;0;1;0;0;0;1;0;0;0;0;0;0;-38,55459;-3,71296
284761;11;4;2016;09:24;0;AV OLAVO BILAC;;;271;;Colisão;Luz do Dia;;;Meio de Quadra;;;0;1;0;0;0;0;1;0;0;1;0;0;-38,566306;-3,723209
284782;11;4;2016;13:09;0;AV FRANCISCO SA;;;2526;;Atropelamento;Luz do Dia;;;Meio de Quadra;;;0;1;0;0;1;0;0;0;0;0;0;0;-38,548121;-3,72045
282145;11;4;2016;17:30;0;AV LUCIANO CARNEIRO;;;841;;Colisão Lateral;Via Iluminada;Nublado;Seca;Outros;Outros;Comercial;0;0;2;1;0;0;0;0;0;0;0;0;-38,53358;-3,75476
282146;11;4;2016;06:51;0;AV WENEFRIDO MELO;;;290;;Colisão Traseira;Luz do Dia;Chuva;Molhada;Meio de Quadra;Outros;Residencial;0;1;1;1;0;0;0;0;0;1;0;0;-38,576614;-3,810045
282147;11;4;2016;18:10;0;RUA PDE PEDRO DE ALENCAR;;;148;;Colisão Lateral;Via Iluminada;Bom;Seca;Meio de Quadra;Não Há Controle;Comercial;0;0;2;0;0;0;0;1;0;0;0;0;-38,49364;-3,82896
282142;11;4;2016;09:30;0;RUA ASSUNCAO;;;37;;Colisão Lateral;Luz do Dia;Chuva;Molhada;Meio de Quadra;Não Há Controle;Comercial;0;0;2;1;0;0;1;0;0;0;0;0;-38,527267;-3,730316
282150;11;4;2016;14:00;17614;RUA CEARA;RUA MINAS GERAIS;;;;Colisão Lateral;Luz do Dia;Nublado;;Cruz;Pare;Residencial;0;0;2;1;0;0;0;0;0;1;0;0;;
282151;11;4;2016;21:00;0;AV BEZERRA DE MENEZES;;;571;ASSAI;Colisão Traseira;Via Iluminada;Bom;Seca;Meio de Quadra;Semáforo;Comercial;0;0;2;1;0;0;0;0;0;0;0;0;-38,541187;-3,730806
282153;11;4;2016;09:00;0;AV ALM HENRIQUE SABOIA;;;4068;;Colisão Traseira;Luz do Dia;Chuva;Molhada;Meio de Quadra;Não Há Controle;Outros;0;0;2;1;0;0;0;0;0;0;0;0;-38,490358;-3,744926
282155;11;4;2016;18:10;6809;RUA CESAR FONSECA;RUA BENTO ALBUQUERQUE;;;;Colisão Lateral;Via Iluminada;Nublado;Seca;Cruz;Pare;Residencial;0;0;2;1;0;0;0;0;0;1;0;0;-38,47409;-3,746679
282162;11;4;2016;14:30;0;RUA PAULA BARROS;;;46;;Colisão Lateral;Luz do Dia;Nublado;Seca;Meio de Quadra;Outros;Misto;0;0;2;1;0;0;0;0;0;1;0;0;-38,492324;-3,72675
282165;11;4;2016;07:20;9022;RUA BAR RIO BRANCO;RUA PDE ROMA;;;;Colisão Lateral;Luz do Dia;Chuva;Molhada;Cruz;Pare;Misto;0;1;1;0;0;0;0;0;0;1;0;0;-38,533796;-3,74379
282169;11;4;2016;08:30;0;AV CEL CARVALHO;;;;;Colisão Traseira;Luz do Dia;Nublado;Molhada;Meio de Quadra;Outros;Comercial;0;0;2;1;0;0;0;0;0;0;0;0;;
282086;11;4;2016;11:10;3237;RUA EMILIO DE MENESES;RUA THOMPSON GONCALVES;;;;Colisão Transversal;Luz do Dia;Chuva;Molhada;Cruz;Pare;Residencial;0;1;2;1;0;0;0;0;0;0;0;0;-38,582887;-3,783033
282091;11;4;2016;11:30;5627;AV ROGACIANO LEITE;AV JOSE LEON;;;;Colisão Transversal;Luz do Dia;Chuva;Molhada;Cruz;Semáforo;Comercial;0;0;2;1;0;0;0;0;0;0;0;0;-38,503527;-3,787355
282123;11;4;2016;19:00;0;AV PRO GOMES DE MATOS;;;1585;;Colisão Lateral;Anoitecer;Bom;Seca;Meio de Quadra;Não Há Controle;Comercial;0;0;2;0;1;0;0;0;0;0;0;0;-38,549343;-3,765479
282124;11;4;2016;18:20;0;RUA PE CARLOS DE ALENCAR;;;;;Colisão Traseira;Via Iluminada;Bom;Seca;Meio de Quadra;Não Há Controle;Residencial;0;0;2;1;1;0;0;0;0;0;0;0;;
282097;11;4;2016;08:30;7694;RUA RIO GRANDE DO NORTE;RUA RIO GRANDE DO SUL;;;;Colisão Lateral;Luz do Dia;Chuva;Molhada;Cruz;Pare;Residencial;0;0;2;1;0;0;0;0;0;1;0;0;-38,567559;-3,758617
282095;11;4;2016;13:30;22220;AV OLAVO BILAC;RUA IPE (ALAGADIÇO);;;;Colisão Transversal;Luz do Dia;Nublado;Molhada;T;Pare;Misto;0;1;1;0;0;0;1;0;0;1;0;0;-38,564604;-3,731875
283579;11;4;2016;06:20;0;RD BR 116;;;400;KM 00;Colisão Traseira;Luz do Dia;Chuva;Molhada;Meio de Quadra;;;0;0;2;1;0;0;0;0;0;0;0;0;-38,52301254;-3,755594239
283143;11;4;2016;09:00;0;RD BR 020;;;0;KM 425;Colisão Frontal;Luz do Dia;Chuva;Molhada;Meio de Quadra;;;0;3;0;0;0;0;0;0;0;0;0;0;;
278959;11;4;2016;07:20;0;RD CE-040;;;;KM-01;Colisão;Luz do Dia;;;Meio de Quadra;;;0;0;2;1;0;0;0;0;0;0;0;0;-38,48666;-3,758119
284811;11;4;2016;16:56;0;RUA JOAO AREAS;;;538;;Colisão;Luz do Dia;;;Meio de Quadra;;;0;1;0;0;0;0;0;0;0;0;0;0;-38,575956;-3,791658
284807;11;4;2016;15:11;0;AV MON TABOSA;;;592;;Queda;Luz do Dia;;;Meio de Quadra;;;0;2;0;0;0;0;0;0;0;1;0;0;-38,514053;-3,723909
284790;11;4;2016;14:53;0;RUA JOSE MENDONCA;;;246;;Colisão;Luz do Dia;;;Meio de Quadra;;;0;1;0;1;0;1;0;0;0;0;0;0;-38,602578;-3,759222
284785;11;4;2016;14:30;10842;RUA PRO HERIBALDO COSTA;RUA CUIABA;;;;Colisão;Luz do Dia;;;Cruz;Pare;Residencial;0;3;0;0;0;0;0;0;0;1;0;0;-38,586471;-3,764961
284792;11;4;2016;15:02;0;AV MR HULL;;;;;Atropelamento;Luz do Dia;;;Meio de Quadra;;;0;1;0;0;0;0;0;0;0;1;0;0;;
284821;11;4;2016;18:10;0;RUA MARCELINO DE SOUZA;;;1176;;Colisão;Anoitecer;;;Meio de Quadra;;;0;1;0;0;0;0;0;0;0;0;0;0;;
284824;11;4;2016;19:49;0;AV FRE CIRILO;;;4199;;Colisão;;;;Meio de Quadra;;;0;1;0;1;0;0;0;0;0;1;0;0;-38,495927;-3,820729
284830;12;4;2016;00:42;0;RUA BERNARDO MANUEL;;;;;Queda;;;;Meio de Quadra;;;0;1;0;0;0;0;0;0;0;1;0;0;;
284833;12;4;2016;01:04;18528;AV BEZERRA DE MENEZES;AV ENG HUMBERTO MONTE;;;;Colisão;;;;;;;0;1;0;0;0;0;0;0;0;0;0;0;-38,569025;-3,736609
284835;12;4;2016;01:09;0;AV DES MOREIRA;;;2001;;Colisão;;;;Meio de Quadra;;;0;1;0;0;0;0;0;0;0;0;0;0;-38,500277;-3,742231
284836;12;4;2016;01:12;0;AV SGT HERMINIO SAMPAIO;;;1684;;Colisão;;;;Meio de Quadra;;;0;1;0;0;0;0;0;0;0;0;0;0;-38,555719;-3,725489
284858;12;4;2016;02:54;23311;RUA PRO FRANCISCO GONCALVES;RUA SAO GABRIEL D56;;;;Colisão;;;;Cruz;Pare;Residencial;0;1;0;1;0;0;0;0;0;1;0;0;-38,492916;-3,749523
284849;12;4;2016;02:10;0;RUA JOAQUIM NABUCO;;;2303;;Colisão;;;;Meio de Quadra;;;0;1;0;1;0;0;0;0;0;1;0;0;-38,504557;-3,74545
284851;12;4;2016;02:13;1531;RUA MON BRUNO;RUA PDE VALDEVINO;;;;Colisão;;;;Cruz;Pare;Residencial;0;1;0;1;0;0;0;0;0;1;0;0;-38,512104;-3,740621
284853;12;4;2016;02:23;0;AV WASHINGTON SOARES;;;9226;;Colisão;;;;Meio de Quadra;;;0;1;0;1;0;0;0;0;0;1;0;0;-38,482444;-3,831985
284839;12;4;2016;01:36;0;RUA METON DE ALENCAR;;;1739;;Colisão;;;;Meio de Quadra;;;0;1;0;1;0;0;0;0;0;1;0;0;-38,539064;-3,730917
284883;12;4;2016;08:26;0;RUA SULAMITA PORTELA;;;31;;Queda;Luz do Dia;;;Meio de Quadra;;;0;1;0;0;0;0;0;0;0;1;0;0;-38,600129;-3,724558
284872;12;4;2016;08:07;14588;RUA JOAO REGINO;AV EDILSON B SOARES;;;;Colisão;Luz do Dia;;;Cruz;Pare;Misto;0;1;0;1;0;0;0;0;0;1;0;0;-38,483001;-3,789663
284863;12;4;2016;04:35;0;RUA TULIPA NEGRA;;;1879;;Colisão;;;;Meio de Quadra;;;0;1;0;0;0;0;0;0;0;1;0;0;-38,596472;-3,820237
284864;12;4;2016;06:01;0;RUA MIN ALBUQUERQUE LIMA;;;1631;;Colisão;Luz do Dia;;;Meio de Quadra;;;0;1;1;0;1;0;0;0;0;1;0;0;-38,59882;-3,770266
284867;12;4;2016;16:00;0;RD CE-040;;;;KM-03;Engavetamento;Luz do Dia;Bom;Seca;Meio de Quadra;;;0;0;3;1;0;0;0;0;0;0;0;0;-38,481799;-3,773616
284868;12;4;2016;06:25;0;AV GOV RAUL BARBOSA;;;5354;;Colisão;Luz do Dia;;;Meio de Quadra;;;0;1;0;0;0;0;0;0;0;1;0;0;-38,508993;-3,766404
284869;12;4;2016;07:49;0;RUA CASTRO E SILVA;;;953;;Colisão;Luz do Dia;;;Meio de Quadra;;;0;1;0;1;0;0;0;0;0;1;0;0;-38,533926;-3,721686
284897;12;4;2016;14:23;1282;AV SANTOS DUMONT;AV BAR STUDART;;;;Colisão;Luz do Dia;;;Cruz;Semáforo;Comercial;0;2;0;0;0;0;0;0;0;0;0;0;-38,506304;-3,733642
284885;12;4;2016;11:00;0;AV DR SILAS MUNGUBA;;;3049;;Colisão;Luz do Dia;;;Meio de Quadra;;;0;1;0;1;0;0;0;0;0;1;0;0;-38,546127;-3,788347
284891;12;4;2016;11:51;0;RUA JOSE HIPOLITO;;;442;;Colisão;Luz do Dia;;;Meio de Quadra;;;0;1;0;1;0;0;0;0;0;1;0;0;-38,491541;-3,833098
284892;12;4;2016;14:14;0;AV JOSE LEON;;;1843;;Colisão;Luz do Dia;;;Meio de Quadra;;;0;1;0;1;0;1;0;0;0;0;0;0;-38,495952;-3,789284
279059;12;4;2016;08:00;0;RD CE-040;;;;KM-05;Colisão;Luz do Dia;Bom;Seca;Meio de Quadra;;;0;0;2;1;0;0;0;0;0;0;0;0;-38,480331;-3,791613
279062;12;4;2016;11:23;0;RD CE-040;;;;KM-06;Colisão;Luz do Dia;Bom;Seca;Meio de Quadra;;;0;1;1;1;0;0;0;0;0;1;0;0;-38,479535;-3,800596
278960;12;4;2016;08:00;0;RD CE-040;;;;KM-05;Colisão;Luz do Dia;Bom;;Meio de Quadra;;;0;2;0;0;0;0;0;0;0;1;0;0;-38,480331;-3,791613
278941;12;4;2016;18:09;0;AV GODOFREDO MACIEL;;;4015;;Colisão;Anoitecer;;;Meio de Quadra;;;0;2;1;1;0;0;0;0;0;0;0;0;-38,574153;-3,810009
285004;12;4;2016;20:51;0;RUA 432 CJ CEARA;;;35;;Queda;;;;Meio de Quadra;;;0;1;0;0;0;1;0;0;0;0;0;0;-38,603628;-3,761218
284993;12;4;2016;20:12;0;RD BR 116;;;;;Queda;;;;Meio de Quadra;;;0;2;0;0;0;0;0;0;0;1;0;0;;
284998;12;4;2016;20:29;0;AV PERIMETRAL;;;2527;;Colisão;;;;Meio de Quadra;;;0;1;0;1;0;0;0;0;0;0;0;0;;
284990;12;4;2016;20:01;0;AV ALBERTO CRAVEIRO;;;;;Colisão;;;;Meio de Quadra;;;0;1;0;0;0;0;0;0;0;0;0;0;;
284979;12;4;2016;19:38;5463;RUA DNA LEOPOLDINA;RUA BARBARA DE ALENCAR;;;;Colisão;;;;Cruz;Pare;Comercial;0;1;0;0;0;0;0;0;0;0;0;0;-38,521102;-3,735695
284955;12;4;2016;18:13;5159;RUA GUILHERME ROCHA;AV IMPERADOR;;;;Atropelamento;Anoitecer;;;Cruz;Semáforo;Comercial;0;1;0;0;0;0;0;0;0;1;0;0;-38,533829;-3,725081
284960;12;4;2016;19:17;17347;RUA ALBERTO MAGNO;RUA IRM BAZET;;;;Colisão;;;;Cruz;Pare;Comercial;0;2;0;1;0;0;0;0;0;1;0;0;-38,550525;-3,765502
284951;12;4;2016;20:59;0;AV DOS EXPEDICIONARIOS;;;9349;;Colisão;Anoitecer;;;Meio de Quadra;;;0;1;1;1;0;0;0;0;0;1;0;0;;
284953;12;4;2016;17:53;0;AV EDILSON B SOARES;;;24;;Colisão;Anoitecer;;;Meio de Quadra;;;0;1;0;1;0;0;0;0;0;1;0;0;-38,485571;-3,789876
284938;12;4;2016;16:22;7658;RUA RIO GRANDE DO NORTE;RUA GOIAS;;;;Colisão;Luz do Dia;;;Cruz;;;0;1;0;0;0;0;0;0;0;0;0;0;;
284941;12;4;2016;16:41;0;RUA CARLOS CHAGAS;;;30;;Atropelamento;Luz do Dia;;;Meio de Quadra;;;0;1;0;0;0;0;0;0;0;1;0;0;-38,580415;-3,781498
284944;12;4;2016;16:47;16790;RUA PARAISO;RUA OSCAR ROMERO;;;;Colisão;Luz do Dia;;;;;;0;1;0;1;0;0;0;0;0;1;0;0;-38,570433;-3,832773
284932;12;4;2016;15:12;0;RUA CARLOS CHAGAS;;;731;;Colisão;Luz do Dia;;;Meio de Quadra;;;0;1;0;1;0;0;1;0;0;0;0;0;;
284935;12;4;2016;15:53;0;AV PERIMETRAL;;;1298;;Colisão;Luz do Dia;;;Meio de Quadra;;;0;1;0;0;0;0;0;0;0;0;0;0;;
284905;12;4;2016;14:41;0;RUA PDE FRANCISCO PITA;;;260;;Colisão;Luz do Dia;;;Meio de Quadra;;;0;1;0;1;0;0;0;0;0;1;0;0;-38,503563;-3,780432
284911;12;4;2016;14:54;0;AV BENJAMIM BRASIL;;;412;;Colisão;Luz do Dia;;;Meio de Quadra;;;0;1;0;1;0;0;0;0;0;1;0;0;-38,569453;-3,804067
282102;12;4;2016;17:00;12925;AV AGUANAMBI;RUA LAURO MAIA;;;;Colisão Traseira;Luz do Dia;Bom;Seca;;Semáforo;Comercial;0;0;2;1;0;0;0;0;0;0;0;0;-38,524628;-3,738683
282105;12;4;2016;08:00;0;RUA JOAQUIM NABUCO;;;2303;;Colisão Lateral;Luz do Dia;Bom;Seca;Meio de Quadra;Não Há Controle;Comercial;0;1;1;1;0;0;0;0;0;1;0;0;-38,504557;-3,74545
282130;12;4;2016;07:30;5348;RUA METON DE ALENCAR;RUA PDE MORORO;;;;Colisão Lateral;Luz do Dia;Bom;Seca;T;Não Há Controle;Comercial;0;1;2;1;0;0;0;0;0;1;0;0;-38,539143;-3,730892
282126;12;4;2016;12:00;0;AV SANTOS DUMONT;;;3646;;Colisão Lateral;Luz do Dia;Bom;Seca;Meio de Quadra;Semáforo;Comercial;0;0;2;1;0;0;0;0;0;0;0;0;-38,491451;-3,738462
282093;12;4;2016;13:25;1472;AV PDE ANTONIO TOMAS;RUA TIBURCIO CAVALCANTE;;;;Colisão Lateral;Luz do Dia;Bom;Seca;Cruz;Semáforo;Comercial;0;0;2;1;1;0;0;0;0;0;0;0;-38,503547;-3,73895
282090;12;4;2016;19:50;3177;RUA CARLOS CHAGAS;RUA ANSELMO NOGUEIRA;;;;Colisão Transversal;Via Iluminada;Bom;Seca;Cruz;Pare;Residencial;0;0;2;1;1;0;0;0;0;0;0;0;-38,586797;-3,779698
282080;12;4;2016;11:20;15224;AV BAR STUDART;RUA DEP MOREIRA DA ROCHA;;;;Colisão Traseira;Luz do Dia;Bom;Seca;Cruz;Semáforo;Comercial;0;0;2;1;0;0;0;0;0;0;0;0;-38,504238;-3,727254
282082;12;4;2016;08:30;0;AV DEP PAULINO ROCHA;;;;ROTATÓRIA;Colisão Traseira;Luz do Dia;Bom;Seca;Meio de Quadra;Pare;Lazer;0;0;2;1;1;0;0;0;0;0;0;0;;
282076;12;4;2016;07:00;0;AV JOAO PESSOA;;;5300;;Engavetamento;Luz do Dia;Bom;Seca;Outros;Gesto;Residencial;0;0;3;1;0;0;0;0;0;0;0;0;-38,554248;-3,757783
282179;12;4;2016;14:30;0;RUA METON DE ALENCAR;;;559;;Colisão Lateral;Luz do Dia;Bom;Seca;Meio de Quadra;Não Há Controle;Comercial;0;0;2;1;0;0;0;0;0;0;0;0;-38,529187;-3,734149
282181;12;4;2016;18:40;15190;RUA JOAQUIM NABUCO;AV ABOLICAO;;;;Colisão Lateral;Via Iluminada;Bom;Seca;Cruz;Semáforo;Comercial;0;0;2;1;0;0;0;0;0;1;0;0;-38,498436;-3,726373
282182;12;4;2016;07:30;26236;AV DR SILAS MUNGUBA;RUA BERNARDO MANUEL;;;;Colisão Traseira;Luz do Dia;Bom;Seca;Cruz;Semáforo;Residencial;0;0;2;1;0;0;0;0;0;0;0;0;-38,54796;-3,787538
282183;12;4;2016;19:20;20188;RUA REGINA DE FATIMA;RUA PRO MOREIRA DE SOUSA (PASSARE);;;;Colisão Transversal;Via Iluminada;Bom;Seca;Cruz;Pare;Residencial;0;0;2;1;0;0;0;0;0;0;0;0;-38,526299;-3,812775
282184;12;4;2016;18:40;3788;RUA PDE FRANCISCO PINTO;RUA WALDERY UCHOA;;;;Colisão Transversal;Anoitecer;Bom;Seca;Cruz;Pare;Residencial;0;1;1;1;0;0;0;0;0;1;0;0;-38,539138;-3,744299
282161;12;4;2016;06:45;0;AV GAL OSORIO DE PAIVA;;;4855;;Colisão Lateral;Luz do Dia;Bom;Seca;Meio de Quadra;Não Há Controle;Comercial;0;0;2;1;1;0;0;0;0;0;0;0;-38,598746;-3,801299
282174;12;4;2016;08:50;19762;RUA PRO ANACLETO;RUA PDE GUERRA;;;;Colisão Transversal;Luz do Dia;Bom;Seca;Cruz;Pare;Comercial;0;2;0;1;0;0;0;0;0;0;0;0;-38,55231;-3,737857
282137;12;4;2016;08:30;20124;AV DEP PAULINO ROCHA;RUA SAO CIPRIANO;;;;Colisão Transversal;Luz do Dia;Bom;Seca;T;Não Há Controle;Comercial;0;1;1;1;0;0;0;0;0;1;0;0;-38,520537;-3,80985
283771;12;4;2016;08:40;0;RD BR 222;;;600;KM-02;Colisão Traseira;Luz do Dia;Bom;Seca;Meio de Quadra;;;0;0;2;0;1;0;0;1;0;0;0;0;-38,58704;-3,739009
286850;12;4;2016;08:56;0;AV PONTES VIEIRA;;;;;Colisão;Luz do Dia;;;Meio de Quadra;;;0;0;1;0;0;0;0;0;0;0;0;0;;
286851;12;4;2016;08:59;15807;RUA CEL DIONISIO ALENCAR;RUA PERGENTINO MAIA;;;;Colisão;Luz do Dia;;;Cruz;Pare;Comercial;0;0;1;0;0;0;0;0;0;0;0;0;-38,487711;-3,831561
286852;12;4;2016;09:07;0;RUA EUDES CARDOSO;;;1164;;Colisão;Luz do Dia;;;Meio de Quadra;;;0;0;1;0;0;0;0;0;0;0;0;0;-38,483631;-3,826604
286853;12;4;2016;09:34;6721;RUA BENTO ALBUQUERQUE;AV ENG SANTANA JUNIOR;;;;Colisão;Luz do Dia;;;Cruz;Semáforo;Misto;0;0;1;0;0;0;0;0;0;0;0;0;-38,486538;-3,742678
286854;12;4;2016;09:47;21371;RUA PRO RAIMUNDO ARRUDA;RUA PDE GUERRA;;;;Colisão;Luz do Dia;;;Cruz;Pare;Residencial;0;0;2;0;0;0;0;0;0;0;0;0;-38,551244;-3,737612
286855;12;4;2016;11:04;15104;RUA ILDEFONSO ALBANO;AV HIS RAIMUNDO GIRAO;;;;Colisão;Luz do Dia;;;Cruz;Semáforo;Outros;0;0;1;0;0;0;0;0;0;0;0;0;-38,509542;-3,721603
286857;12;4;2016;11:05;0;AV DOS JANGADEIROS;;;577;;Colisão;Luz do Dia;;;Meio de Quadra;;;0;0;1;0;0;0;0;0;0;0;0;0;;
286858;12;4;2016;11:18;0;RUA MIN ALBUQUERQUE LIMA;;;1711;;Colisão;Luz do Dia;;;Meio de Quadra;;;0;0;1;0;0;0;0;0;0;0;0;0;-38,598401;-3,770184
286859;12;4;2016;11:26;0;AV SEN FERNANDES TAVORA;;;;;Colisão;Luz do Dia;;;Meio de Quadra;;;0;0;1;0;0;0;0;0;0;0;0;0;;
286861;12;4;2016;11:48;15141;RUA CARLOS VASCONCELOS;AV MON TABOSA;;;;Colisão;Luz do Dia;;;Cruz;Semáforo;Comercial;0;0;1;0;0;0;0;0;0;0;0;0;-38,507985;-3,724289
286862;12;4;2016;12:31;0;RUA VIS CAIRU;;;200;;Colisão;Luz do Dia;;;Meio de Quadra;;;0;0;1;0;0;0;0;0;0;0;0;0;;
286863;12;4;2016;12:32;1424;AV HERACLITO GRACA;RUA CARLOS VASCONCELOS;;;;Colisão;Luz do Dia;;;Cruz;Semáforo;Comercial;0;0;1;0;0;0;0;0;0;0;0;0;-38,512285;-3,73759
286864;12;4;2016;10:30;0;RUA TEN JURANDIR ALENCAR;;;222;;Colisão;Luz do Dia;;;Meio de Quadra;;;0;0;1;0;0;0;0;0;0;0;0;0;-38,493274;-3,831739
286865;12;4;2016;13:25;0;RUA GONCALVES LEDO;;;634;;Colisão;Luz do Dia;;;Meio de Quadra;;;0;0;1;0;0;0;0;0;0;0;0;0;-38,515573;-3,72962