COD_ACIDENTE;DIA;MES;ANO;HORA;INTERSECAO;LOG1;LOG2;LOG3;NUMERO;REFERENCIA;NATUREZA;ILUMINACAO;TEMPO;SUPERFICIEPISTA;TIPOCRUZAMENTO;CONTROLETRAFEGO;USOSOLO;MORTOS;FERIDOS;ILESOS;AUTOMOVEL;ONIBUS;BICICLETA;CAMINHAO;MICROONIBUS;CICLOMOTOR;MOTOCICLETA;TRACAOANIMAL;TREM;LONG;LAT
286868;12;4;2016;14:28;0;AV DUQ CAXIAS;;;519;;Colisão;Luz do Dia;;;Meio de Quadra;;;0;0;1;0;0;0;0;0;0;0;0;0;-38,529207;-3,732006
286869;12;4;2016;14:44;0;AV BEZERRA DE MENEZES;;;2148;;Colisão;Luz do Dia;;;Meio de Quadra;;;0;0;1;0;0;0;0;0;0;0;0;0;-38,563938;-3,735558
286870;12;4;2016;15:15;0;RUA J DA PENHA;;;500;;Colisão;Luz do Dia;;;Meio de Quadra;;;0;0;1;0;0;0;0;0;0;0;0;0;;
286871;12;4;2016;16:13;740;AV FRANCISCO SA;RUA DR HUGO ROCHA;;;;Colisão;Luz do Dia;;;T;Não Há Controle;Misto;0;0;1;0;0;0;0;0;0;0;0;0;-38,572163;-3,712346
286873;12;4;2016;16:20;0;AV AGUANAMBI;;;282;;Colisão;Luz do Dia;;;Meio de Quadra;;;0;0;1;0;0;0;0;0;0;0;0;0;-38,524772;-3,739335
286874;12;4;2016;16:46;0;AV L CJ JOSE WALTER;;;;CAIXA D'ÁGUA;Colisão;Luz do Dia;;;Meio de Quadra;;;0;0;1;0;0;0;0;0;0;0;0;0;;
286875;12;4;2016;16:47;0;RUA PDE IBIAPINA;;;;;Colisão;Luz do Dia;;;Meio de Quadra;;;0;0;1;0;0;0;0;0;0;0;0;0;;
286880;12;4;2016;16:55;0;RUA CEL GUILHERME ALENCAR;;;;;Colisão;Luz do Dia;;;;;;0;0;1;0;0;0;0;0;0;0;0;0;;
286881;12;4;2016;17:16;0;RUA DEP MATOSO FILHO;;;550;;Colisão;Anoitecer;;;Meio de Quadra;;;0;0;1;0;0;0;0;0;0;0;0;0;-38,589323;-3,731949
286882;12;4;2016;18:24;0;RUA PRO OTAVIO LOBO;;;539;;Colisão;Anoitecer;;;Meio de Quadra;;;0;0;1;0;0;0;0;0;0;0;0;0;;
286884;12;4;2016;18:25;1282;AV SANTOS DUMONT;AV BAR STUDART;;;;Colisão;Anoitecer;;;Cruz;Semáforo;Comercial;0;0;1;0;0;0;0;0;0;0;0;0;-38,506304;-3,733642
286885;12;4;2016;18:56;0;RUA N.S. AUXILIADORA;;;273;;Colisão;;;;Meio de Quadra;;;0;0;1;0;0;0;0;0;0;0;0;0;;
282037;12;4;2016;18:08;0;AV JOSE LEON;;;1843;;Colisão Transversal;Anoitecer;Bom;Seca;Meio de Quadra;Pare;Residencial;0;1;1;1;0;0;0;0;0;0;0;0;-38,495952;-3,789284
282052;12;4;2016;21:15;5395;RUA ANTONIO POMPEU;RUA TEREZA CRISTINA;;;;Colisão Transversal;Via Iluminada;Bom;Seca;Cruz;Pare;Residencial;0;0;2;1;0;0;0;0;0;0;0;0;-38,538356;-3,73234
282048;12;4;2016;18:00;3893;RUA JULIO CESAR D12;RUA ANTENOR FROTA WANDERLEY;;;;Colisão Transversal;Anoitecer;Bom;Seca;Cruz;Pare;Residencial;0;0;2;1;0;0;0;0;0;0;0;0;-38,539846;-3,746742
286886;12;4;2016;18:57;0;AV BENJAMIM BRASIL;;;412;;Colisão;;;;Meio de Quadra;;;0;0;1;0;0;0;0;0;0;0;0;0;-38,569453;-3,804067
286887;12;4;2016;19:43;26246;RUA JOSE ABILIO;RUA ANTONIO NERY;;;;Colisão;;;;;;;0;0;1;0;0;0;0;0;0;0;0;0;;
286897;12;4;2016;20:28;0;RUA CARLOS CHAGAS;;;39;;Colisão;;;;Meio de Quadra;;;0;0;1;0;0;0;0;0;0;0;0;0;-38,580513;-3,781471
286898;12;4;2016;20:35;9113;RUA DR ALFREDO WEYNE D14;RUA DEP OSWALDO STUDART;;;;Colisão;;;;T;Outros;;0;0;1;0;0;0;0;0;0;0;0;0;-38,53102;-3,756816
286899;12;4;2016;21:16;5159;RUA GUILHERME ROCHA;AV IMPERADOR;;;;Colisão;;;;Cruz;Semáforo;Comercial;0;0;1;0;0;0;0;0;0;0;0;0;-38,533829;-3,725081
286895;12;4;2016;20:25;16790;RUA OSCAR ROMERO;RUA PARAISO;;;;Choque c/ Obstáculo Fixo;;;;;;;0;0;1;0;0;0;0;0;0;0;0;0;-38,570433;-3,832773
286903;12;4;2016;21:47;0;AV DEP PAULINO ROCHA;;;1122;;Colisão;;;;Meio de Quadra;;;0;0;1;0;0;0;0;0;0;0;0;0;;
282063;12;4;2016;17:30;23041;AV DR SILAS MUNGUBA;RUA BRUNO VALENTE;;;;Colisão Transversal;Anoitecer;Bom;Seca;Cruz;Pare;Comercial;0;0;2;1;0;0;0;0;0;0;0;0;-38,540009;-3,790483
286905;12;4;2016;22:51;1443;RUA BARBARA DE ALENCAR;RUA BAR ARACATI;;;;Colisão;;;;Cruz;Pare;Residencial;0;0;1;0;0;0;0;0;0;0;0;0;-38,513608;-3,738162
280827;12;4;2016;09:37;0;AV DEP PAULINO ROCHA;;;;;Colisão;Luz do Dia;Bom;Seca;Meio de Quadra;Pare;Comercial;0;0;2;1;0;0;1;0;0;0;0;0;;
280831;12;4;2016;13:13;0;RUA CLODOALDO ARRUDA;;;;;Colisão;Luz do Dia;;;Meio de Quadra;;;0;0;2;0;0;0;1;0;0;0;0;0;;
280835;12;4;2016;13:27;1424;AV HERACLITO GRACA;RUA CARLOS VASCONCELOS;;;;Colisão;Luz do Dia;;;Cruz;Semáforo;Comercial;0;0;2;1;0;0;0;0;0;0;0;0;-38,512285;-3,73759
280840;12;4;2016;13:36;0;AV EDILSON B SOARES;;;1234;;Colisão;Luz do Dia;Bom;Seca;Meio de Quadra;Não Há Controle;Residencial;0;0;2;1;0;0;1;0;0;0;0;0;-38,474507;-3,788933
280865;12;4;2016;14:02;0;RUA ELISEU ORIA;;;;;Colisão;Luz do Dia;Bom;Seca;Meio de Quadra;Não Há Controle;Residencial;0;0;2;1;0;0;0;0;0;0;0;0;;
280866;12;4;2016;15:35;0;RUA J DA PENHA;;;;;Engavetamento;Luz do Dia;;;Meio de Quadra;;;0;0;3;1;0;0;0;0;0;0;0;0;;
280867;12;4;2016;20:11;0;AV GAL OSORIO DE PAIVA;;;;;Colisão;Via Iluminada;Bom;Seca;Meio de Quadra;Não Há Controle;Comercial;0;0;2;1;0;0;0;0;0;0;0;0;;
280868;12;4;2016;21:42;15347;AV DOM LUIS;RUA TIBURCIO CAVALCANTE;;;;Colisão;Via Iluminada;Bom;Seca;Outros;Semáforo;Comercial;0;0;2;1;0;0;1;0;0;0;0;0;-38,501313;-3,732021
280863;12;4;2016;13:47;0;AV ENG SANTANA JUNIOR;;;2591;;Colisão;Luz do Dia;Nublado;Seca;Meio de Quadra;Outros;Comercial;0;0;2;1;0;0;0;0;0;0;0;0;;
280873;13;4;2016;16:31;7873;AV PONTES VIEIRA;RUA BARBOSA DE FREITAS;;;;Colisão;Luz do Dia;Bom;Seca;Cruz;Semáforo;Comercial;0;0;2;1;0;0;0;0;0;0;0;0;-38,502094;-3,751381
286922;13;4;2016;12:09;11738;AV LINEU MACHADO;RUA VIS CAUIPE;;;;Colisão;Luz do Dia;;;Cruz;Não Há Controle;Comercial;0;0;1;0;0;0;0;0;0;0;0;0;-38,581269;-3,774312
286923;13;4;2016;12:25;0;RUA CON DE CASTRO;;;;;Colisão;Luz do Dia;;;Meio de Quadra;;;0;0;1;0;0;0;0;0;0;0;0;0;;
286925;13;4;2016;12:31;0;AV VIENA WEYNE;;;470;;Colisão;Luz do Dia;;;Meio de Quadra;;;0;0;1;0;0;0;0;0;0;0;0;0;-38,489927;-3,801549
286926;13;4;2016;12:39;0;AV ALBERTO NEPOMUCENO;;;300;;Colisão;Luz do Dia;;;Meio de Quadra;;;0;0;1;0;0;0;0;0;0;0;0;0;;
286907;13;4;2016;07:11;5397;AV DUQ CAXIAS;RUA ASSUNCAO;;;;Colisão;Luz do Dia;;;Cruz;Semáforo;Comercial;0;0;1;0;0;0;0;0;0;0;0;0;-38,527952;-3,732405
286909;13;4;2016;07:11;15423;AV FRE CIRILO;RUA ALBERTO TORRES;;;;Colisão;Luz do Dia;;;;;;0;0;1;0;0;0;0;0;0;0;0;0;-38,498012;-3,815944
286910;13;4;2016;07:50;11035;RUA GERMANO FRANCK;RUA JULIO VERNE;;;;Colisão;Luz do Dia;;;Cruz;Não Há Controle;Residencial;0;0;1;0;0;0;0;0;0;0;0;0;;
286914;13;4;2016;10:17;5292;RUA GONCALVES LEDO;RUA COSTA BARROS;;;;Colisão;Luz do Dia;;;Cruz;Pare;Comercial;0;0;1;0;0;0;0;0;0;0;0;0;-38,515426;-3,729088
286915;13;4;2016;12:08;0;RUA CESAR ROSSAS;;;328;;Colisão;Luz do Dia;;;Meio de Quadra;;;0;0;1;0;0;0;0;0;0;0;0;0;-38,554726;-3,769157
286933;13;4;2016;15:36;1826;RUA MARIA QUINTINO;TR JOAO CRISPIM 65;;;;Colisão;Luz do Dia;;;;;;0;0;2;0;0;0;0;0;0;0;0;0;-38,500902;-3,855959
286934;13;4;2016;15:38;0;AV JOSE BASTOS;;;;;Colisão;Luz do Dia;;;Meio de Quadra;;;0;0;1;0;0;0;0;0;0;0;0;0;;
286935;13;4;2016;15:47;0;AV PRS CASTELO BRANCO;;;;;Colisão;Luz do Dia;;;Meio de Quadra;;;0;0;1;0;0;0;0;0;0;0;0;0;;
286936;13;4;2016;16:10;11158;RUA JOSE MENELEU D41;RUA JULIO GASPAR;;;;Colisão;Luz do Dia;;;Cruz;Pare;Residencial;0;0;1;0;0;0;0;0;0;0;0;0;-38,560804;-3,784374
286938;13;4;2016;16:16;0;RUA 7 DE SETEMBRO;;;;;Colisão;Luz do Dia;;;Meio de Quadra;;;0;0;1;0;0;0;0;0;0;0;0;0;;
286939;13;4;2016;17:17;0;RUA ANA GONCALVES;;;308;;Colisão;Anoitecer;;;Meio de Quadra;;;0;0;1;0;0;0;0;0;0;0;0;0;-38,512777;-3,759545
286945;13;4;2016;17:24;0;AV EDUARDO GIRAO;;;;;Colisão;Anoitecer;;;Meio de Quadra;;;0;0;1;0;0;0;0;0;0;0;0;0;;
286946;13;4;2016;17:59;0;AV CEL CARVALHO;;;191;;Colisão;Anoitecer;;;Meio de Quadra;;;0;0;1;0;0;0;0;0;0;0;0;0;-38,591244;-3,704652
286947;13;4;2016;18:04;0;RUA PERNAMBUCO;;;300;;Colisão;Anoitecer;;;Meio de Quadra;;;0;0;2;0;0;0;0;0;0;0;0;0;;
286948;13;4;2016;18:22;1316;RUA TIBURCIO CAVALCANTE;AV SANTOS DUMONT;;;;Colisão;Anoitecer;;;Cruz;Semáforo;Comercial;0;0;1;0;0;0;0;0;0;0;0;0;-38,502259;-3,734979
286949;13;4;2016;18:29;0;AV BENJAMIM BRASIL;;;1685;;Colisão;Anoitecer;;;Meio de Quadra;;;0;0;1;0;0;0;0;0;0;0;0;0;-38,560749;-3,807022
286950;13;4;2016;19:01;17562;RUA ESPIRITO SANTO;RUA PARA;;;;Colisão;;;;Cruz;Pare;Residencial;0;0;1;0;0;0;0;0;0;0;0;0;-38,567954;-3,752593
286952;13;4;2016;19:27;0;RUA PDE MORORO;;;2109;;Colisão;;;;Meio de Quadra;;;0;0;1;0;0;0;0;0;0;0;0;0;-38,540329;-3,735042
286953;13;4;2016;19:29;0;RUA PDE PERDIGAO SAMPAIO;;;;;Colisão;;;;Meio de Quadra;;;0;0;1;0;0;0;0;0;0;0;0;0;;
286954;13;4;2016;20:41;6788;AV SANTOS DUMONT;RUA DES WALDETARIO P MOTA;;;;Colisão;;;;Cruz;Semáforo;Misto;0;0;1;0;0;0;0;0;0;0;0;0;-38,483309;-3,741093
286956;13;4;2016;20:45;25279;AV ROGACIANO LEITE;RUA DES WALDEMAR ALVES PEREIRA;;;;Colisão;;;;Cruz;Não Há Controle;Comercial;0;0;1;0;0;0;0;0;0;0;0;0;;
286941;13;4;2016;17:18;0;AV CASTELO DE CASTRO;;;1746;;Colisão;Anoitecer;;;Meio de Quadra;;;0;0;1;0;0;0;0;0;0;0;0;0;;
282074;13;4;2016;19:00;0;RUA SAO PAULO;;;1437;;Colisão Lateral;Via Iluminada;Bom;Seca;Meio de Quadra;Não Há Controle;Comercial;0;1;1;1;0;0;0;0;0;1;0;0;-38,538783;-3,722328
282075;13;4;2016;09:40;0;RUA DELMIRO FARIAS;;;141;;Colisão Lateral;Luz do Dia;Bom;Seca;Meio de Quadra;Não Há Controle;Residencial;0;0;2;0;0;0;0;0;0;0;0;0;-38,542147;-3,754976
286076;13;4;2016;07:20;0;RUA DAMASCENO GIRAO;;;2147;;Colisão;Luz do Dia;;;Meio de Quadra;;;0;0;2;0;0;0;0;0;0;1;0;0;-38,540424;-3,75464
282148;13;4;2016;14:00;0;RUA EDUARDO GARCIA;;;;;Colisão Lateral;Luz do Dia;Bom;Seca;Meio de Quadra;Não Há Controle;Residencial;0;0;2;1;0;0;1;0;0;0;0;0;;
282168;13;4;2016;09:40;0;AV JOVITA FEITOSA;;;500;;Colisão;Luz do Dia;Bom;Seca;Meio de Quadra;;Residencial;0;1;2;1;0;0;0;0;0;1;0;0;-38,548361;-3,738171
282157;13;4;2016;15:40;20034;RUA DOS SABIAS;AV PALESTINA D68;;;;Colisão Transversal;Luz do Dia;Bom;Seca;Cruz;Pare;Residencial;0;2;1;1;0;0;0;0;0;1;0;0;-38,538452;-3,805219
282164;13;4;2016;10:15;0;AV PDE ANTONIO TOMAS;;;386;;Colisão Lateral;Luz do Dia;Bom;Seca;Meio de Quadra;Não Há Controle;Comercial;0;0;2;1;0;0;0;0;0;0;0;0;-38,499999;-3,740057
282176;13;4;2016;22:10;0;RUA PAULA RODRIGUES;;;98;;Colisão Lateral;Via Iluminada;Bom;Seca;Meio de Quadra;;Residencial;0;1;1;1;0;0;0;0;0;0;0;0;;
282186;13;4;2016;00:40;0;AV GODOFREDO MACIEL;;;2270;MOTEL ELE E ELA;Choque c/ Obstáculo Fixo;Via Iluminada;Bom;Seca;Meio de Quadra;Não Há Controle;Comercial;1;0;0;0;0;0;0;0;0;1;0;0;-38,569683;-3,795723
282191;13;4;2016;18:19;15347;AV DOM LUIS;RUA TIBURCIO CAVALCANTE;;;;Colisão Lateral;Anoitecer;Bom;Seca;T;Semáforo;Comercial;0;0;2;1;1;0;0;0;0;0;0;0;-38,501313;-3,732021
282194;13;4;2016;19:30;1232;RUA MON BRUNO;RUA COSTA BARROS;;;;;Via Iluminada;Bom;Seca;Cruz;Pare;Comercial;0;0;2;1;0;0;0;0;0;0;0;0;-38,50904;-3,731183
282201;13;4;2016;20:30;19328;RUA EDUARDO PERDIGAO;RUA CON DE CASTRO;;;;Colisão Transversal;Via Iluminada;Bom;Seca;Cruz;Não Há Controle;Comercial;0;1;1;1;0;0;0;0;0;1;0;0;-38,564769;-3,775579
282203;13;4;2016;19:00;0;RUA PRO COSTA MENDES;;;450;;Colisão Lateral;;Bom;Seca;Meio de Quadra;Não Há Controle;;0;0;2;1;1;0;0;0;0;0;0;0;-38,54519;-3,75617
282206;13;4;2016;10:30;0;RUA BERNARDO MANUEL;;;10371;;Colisão Lateral;Luz do Dia;Bom;Seca;Meio de Quadra;Outros;Residencial;0;0;2;1;0;0;0;0;0;0;0;0;-38,554665;-3,809278
282209;13;4;2016;18:15;1716;AV GOV RAUL BARBOSA;RUA CAP ARAGAO;;;;Colisão Traseira;Via Iluminada;Bom;Seca;Outros;Gesto;Residencial;0;0;2;1;0;0;0;0;0;0;0;0;-38,508802;-3,763977
282228;13;4;2016;16:40;0;AV AGUANAMBI;;;;ROTATÓRIA;Colisão Lateral;Luz do Dia;Bom;Seca;Meio de Quadra;Semáforo;Outros;0;0;2;1;1;0;0;0;0;0;0;0;;
282213;13;4;2016;19:30;0;AV BENJAMIM BRASIL;;;;;Colisão Transversal;Via Iluminada;Bom;Seca;Meio de Quadra;Pare;Comercial;0;0;3;1;0;0;0;0;0;1;0;0;;
282218;13;4;2016;08:30;11860;RUA PDE ANCHIETA;RUA COM LUIS RIBEIRO;;;;Colisão Transversal;Luz do Dia;Bom;Seca;T;Pare;Residencial;0;1;1;1;0;0;0;0;0;1;0;0;;
282222;13;4;2016;08:23;1432;AV SEN VIRGILIO TAVORA;AV SANTOS DUMONT;;;;Colisão Traseira;Luz do Dia;Bom;Seca;Cruz;Semáforo;Comercial;0;0;2;1;0;0;0;0;0;0;0;0;-38,493482;-3,737828
282226;13;4;2016;09:00;0;AV ALBERTO NEPOMUCENO;;;;;Tombamento;Luz do Dia;Bom;Seca;Meio de Quadra;Pare;Comercial;0;0;2;1;0;0;1;0;0;0;0;0;;
282083;13;4;2016;10:29;9014;RUA FLORIANO PEIXOTO;RUA DEP JOAO PONTES;;;;Colisão Lateral;Luz do Dia;Bom;Seca;Cruz;Pare;Comercial;0;2;0;0;0;0;0;0;0;1;0;0;-38,533045;-3,745192
282122;13;4;2016;16:30;4100;AV PASTEUR;RUA 11 DE JULHO;;;;Colisão Lateral;Luz do Dia;Bom;Seca;T;Não Há Controle;Residencial;0;1;2;1;1;0;0;0;0;1;0;0;-38,560282;-3,71547
282118;13;4;2016;13:30;9072;AV VIS RIO BRANCO;AV 13 DE MAIO;;;;Colisão Traseira;Luz do Dia;Bom;Seca;Cruz;Semáforo;Comercial;0;0;2;1;0;0;0;0;0;0;0;0;-38,520486;-3,753544
282111;13;4;2016;19:30;25476;AV JOSE LEON;RUA CHICO LEMOS;;;;Colisão Lateral;Luz do Dia;Bom;Seca;T;Não Há Controle;Comercial;0;1;1;0;1;0;0;0;0;1;0;0;-38,50054;-3,788133
282101;13;4;2016;17:20;0;AV OLIVEIRA PAIVA;;;1800;;Outros;Via Iluminada;Bom;Seca;Meio de Quadra;Não Há Controle;Comercial;0;1;2;1;0;0;0;0;0;1;0;0;-38,490391;-3,795936
282098;13;4;2016;09:30;25335;RUA EGIDIO DE OLIVEIRA;AV WASHINGTON SOARES;;;;Colisão Traseira;Luz do Dia;Bom;Seca;T;;Comercial;0;0;2;1;0;0;0;0;0;0;0;0;-38,478714;-3,810766
285015;13;4;2016;00:43;0;AV MIN JOSE AMERICO;;;;;Queda;;;;Meio de Quadra;;;0;1;0;0;0;0;0;0;0;1;0;0;;
285018;13;4;2016;00:59;0;AV DR THEBERGE;;;;;Atropelamento;;;;Meio de Quadra;;;0;1;0;0;0;0;0;0;0;0;0;0;;
285022;13;4;2016;01:10;0;AV ALBERTO CRAVEIRO;;;466;;Colisão;;;;Meio de Quadra;;;0;1;0;1;0;0;0;0;0;1;0;0;-38,51656;-3,782812
285032;13;4;2016;01:31;0;AV MAE LISBOA;;;1140;;Colisão;;;;Meio de Quadra;;;0;1;0;1;0;0;0;0;0;1;0;0;;
285033;13;4;2016;02:52;0;RUA FRANCISCO DANTAS;;;151;;Queda;;;;Meio de Quadra;;;0;1;0;0;0;0;0;0;0;1;0;0;-38,46867;-3,772629
285046;13;4;2016;04:04;0;AV PRO GOMES DE MATOS;;;1326;;Queda;;;;Meio de Quadra;;;0;1;0;0;0;0;0;0;0;1;0;0;-38,548003;-3,763924
285048;13;4;2016;05:57;0;AV LINEU MACHADO;;;1680;;Colisão;Amanhecer;;;Meio de Quadra;;;0;1;0;0;0;0;0;0;0;1;0;0;-38,581232;-3,774239
285049;13;4;2016;06:01;5084;RUA SEN ALENCAR;RUA PRC ISABEL;;;;Atropelamento;Luz do Dia;;;Cruz;Pare;Comercial;0;2;0;0;0;0;0;0;0;1;0;0;-38,534356;-3,722828
285050;13;4;2016;06:09;0;RUA CESAR ROSSAS;;;342;;Atropelamento;Luz do Dia;;;Meio de Quadra;;;0;1;0;1;0;0;0;0;0;0;0;0;-38,554856;-3,769195
285061;13;4;2016;10:29;0;AV PASTEUR;;;1061;;Colisão;Luz do Dia;;;Meio de Quadra;;;0;2;0;0;0;0;0;0;0;0;0;0;-38,560255;-3,715391
285063;13;4;2016;10:42;0;AV ANTONIO SALES;;;3525;;Queda;Luz do Dia;;;Meio de Quadra;;;0;1;0;0;0;0;0;0;0;1;0;0;-38,490117;-3,749232
285064;13;4;2016;11:25;0;AV GODOFREDO MACIEL;;;;;Colisão;Luz do Dia;;;Meio de Quadra;;;0;1;0;0;0;0;0;0;0;0;0;0;;
285065;13;4;2016;11:28;0;RUA POMPILIO GOMES;;;1676;;Colisão;Luz do Dia;;;Meio de Quadra;;;0;2;0;0;0;0;0;0;0;0;0;0;-38,521172;-3,826218
285066;13;4;2016;12:01;0;AV PERIMETRAL;;;171;;Colisão;Luz do Dia;;;Meio de Quadra;;;0;1;0;1;0;0;0;0;0;1;0;0;;
285067;13;4;2016;12:08;7645;RUA PERNAMBUCO;RUA ESTADO DO RIO;;;;Colisão;Luz do Dia;;;Cruz;Pare;Misto;0;1;0;0;0;0;0;0;0;1;0;0;-38,570848;-3,758439
285052;13;4;2016;06:17;0;RUA RAIMUNDO FROTA;;;72;;Colisão;Luz do Dia;;;Meio de Quadra;;;0;1;0;0;0;0;0;0;0;1;0;0;-38,581887;-3,715194
285053;13;4;2016;08:43;1518;RUA BARBARA DE ALENCAR;RUA SILVA PAULET;;;;Atropelamento;Luz do Dia;;;Cruz;Pare;Comercial;0;1;0;1;0;0;0;0;0;0;0;0;-38,507289;-3,740248
285054;13;4;2016;08:54;25476;AV JOSE LEON;RUA CHICO LEMOS;;;;Colisão;Luz do Dia;;;Cruz;Pare;Residencial;0;1;0;0;0;0;0;0;0;0;0;0;-38,50054;-3,788133
285055;13;4;2016;09:01;0;AV AUGUSTO DOS ANJOS;;;2171;;Colisão;Luz do Dia;;;Meio de Quadra;;;0;1;0;0;0;0;0;0;0;1;0;0;-38,583276;-3,784925
285056;13;4;2016;09:47;0;RUA MARIO FILHO;;;565;;Colisão;Luz do Dia;;;Meio de Quadra;;;0;1;0;0;0;0;0;0;0;1;0;0;-38,584915;-3,807231
285069;13;4;2016;12:09;21204;RUA PERNAMBUCO;RUA ESPIRITO SANTO;;;;Colisão;Luz do Dia;;;T;Pare;Residencial;0;1;0;0;0;0;0;0;0;1;0;0;-38,571345;-3,758113
285072;13;4;2016;12:43;0;AV BENJAMIM BRASIL;;;1685;;Colisão;Luz do Dia;;;Meio de Quadra;;;0;2;0;1;0;0;0;0;0;1;0;0;-38,560749;-3,807022
285077;13;4;2016;16:03;0;RUA PAULA RODRIGUES;;;97;;Colisão;Luz do Dia;;;Meio de Quadra;;;0;1;0;0;0;0;0;0;0;0;0;0;-38,526685;-3,753222
285078;13;4;2016;16:14;0;RUA VALMIR PONTES;;;;;Atropelamento;Luz do Dia;;;Meio de Quadra;;;0;1;0;1;0;0;0;0;0;0;0;0;;
285075;13;4;2016;13:39;0;AV SANTOS DUMONT;;;5425;;Colisão;Luz do Dia;;;Meio de Quadra;;;0;1;0;1;0;0;0;0;0;1;0;0;-38,48323;-3,741118
285059;13;4;2016;09:54;0;RUA DOS SABIAS;;;257;;Colisão;Luz do Dia;;;Meio de Quadra;;;0;2;0;0;0;0;0;0;0;0;0;0;;
279067;13;4;2016;07:40;0;RD CE-025;;;;KM-01;Colisão;Luz do Dia;Bom;Seca;Meio de Quadra;;;0;2;0;1;0;0;0;0;0;1;0;0;-38,470049;-3,807811
279071;13;4;2016;10:00;0;RD CE-060;;;;KM-03;Colisão;Luz do Dia;Bom;Seca;Meio de Quadra;;;0;1;1;0;0;0;0;0;0;1;0;0;-38,585024;-3,843072
279074;13;4;2016;14:20;0;RD CE-040;;;;KM-04;Colisão;Luz do Dia;Bom;Seca;Meio de Quadra;;;0;1;1;1;1;0;0;0;0;0;0;0;-38,481084;-3,782614
279088;14;4;2016;09:15;0;AV SEN CARLOS JEREISSATI (AEROPORTO);;;;KM 01;Colisão;Luz do Dia;Bom;Seca;Meio de Quadra;;;0;0;2;1;0;0;1;0;0;0;0;0;-38,52685;-3,783753
279083;14;4;2016;08:40;0;RD CE-040;;;;KM-08;Colisão;Luz do Dia;Bom;Seca;Meio de Quadra;;;0;1;1;0;0;1;0;0;0;0;0;0;-38,483033;-3,817159
285090;14;4;2016;02:22;1516;AV DES MOREIRA;AV PDE ANTONIO TOMAS;;;;Colisão;;;;Cruz;Semáforo;Comercial;0;1;0;1;0;0;0;0;0;1;0;0;-38,499616;-3,740161
285081;14;4;2016;00:13;5504;RUA PDE VALDEVINO;RUA JOAO CORDEIRO;;;;Colisão;;;;Cruz;Semáforo;Residencial;0;1;0;0;0;0;0;0;0;0;0;0;-38,51755;-3,738896
285082;14;4;2016;01:16;0;AV AUGUSTO DOS ANJOS;;;1912;;Colisão;;;;Meio de Quadra;;;0;2;0;1;0;0;0;0;0;1;0;0;-38,580876;-3,782139
285083;14;4;2016;01:20;0;RUA VALPARAISO;;;147;;Colisão;;;;Meio de Quadra;;;0;1;0;1;0;0;0;0;0;1;0;0;-38,521854;-3,846227
285084;14;4;2016;01:33;0;AV ENG HUMBERTO MONTE;;;958;;Colisão;;;;Meio de Quadra;;;0;1;0;0;0;0;0;0;0;0;0;0;-38,559463;-3,750441
285085;14;4;2016;01:44;0;RUA OSCAR ARARIPE;;;3070;;Atropelamento;;;;Meio de Quadra;;;0;1;0;0;0;0;0;0;0;1;0;0;-38,618253;-3,785194
285086;14;4;2016;02:01;0;AV DEP PAULINO ROCHA;;;;SEMAM;Colisão;;;;Meio de Quadra;;;0;2;0;1;0;0;0;0;0;1;0;0;;
285087;14;4;2016;02:07;0;AV AUGUSTO DOS ANJOS;;;1800;;Atropelamento;;;;Meio de Quadra;;;0;2;0;0;0;0;0;0;0;1;0;0;-38,580523;-3,781722
285088;14;4;2016;02:12;3239;RUA EMILIO DE MENESES;AV GAL OSORIO DE PAIVA;;;;Colisão;;;;;;;0;1;0;0;0;0;1;0;0;1;0;0;;
285118;14;4;2016;11:06;12350;AV LINEU MACHADO;RUA MON HIPOLITO BRASIL;;;;Colisão;Luz do Dia;;;T;Outros;Residencial;0;1;0;1;0;0;0;0;0;1;0;0;-38,57445;-3,761245
285111;14;4;2016;06:32;0;AV SEN FERNANDES TAVORA;;;2983;;Atropelamento;Luz do Dia;;;Meio de Quadra;;;0;1;0;0;0;0;0;0;0;1;0;0;-38,599659;-3,754867
285112;14;4;2016;07:22;0;RUA FRANCISCO PAIVA;;;1289;;Colisão;Luz do Dia;;;Meio de Quadra;;;0;1;0;1;0;0;0;0;0;1;0;0;;
285113;14;4;2016;09:28;0;AV PERIMETRAL;;;;;Colisão;Luz do Dia;;;Meio de Quadra;;;0;2;0;1;0;0;0;0;0;1;0;0;;
285104;14;4;2016;04:47;0;RUA METON DE ALENCAR;;;1791;;Colisão;;;;Meio de Quadra;;;0;1;0;1;0;0;0;0;0;1;0;0;-38,539497;-3,730777
285115;14;4;2016;10:06;13410;RUA ANTONIO AUGUSTO;RUA JOAQUIM TORRES;;;;Colisão;Luz do Dia;;;Cruz;Pare;Residencial;0;2;0;0;0;0;0;0;0;1;0;0;-38,517263;-3,741755
285099;14;4;2016;03:41;0;AV WASHINGTON SOARES;;;3330;;Queda;;;;Meio de Quadra;;;0;1;0;0;0;1;0;0;0;0;0;0;;
285102;14;4;2016;04:09;25006;RUA BENI DE CARVALHO;RUA LEONARDO MOTA;;;;Colisão;;;;Cruz;Semáforo;Comercial;0;1;0;1;0;0;0;0;0;1;0;0;-38,498931;-3,744739
285107;14;4;2016;06:06;0;RUA PDE SEVERIANO;;;329;;Colisão;Luz do Dia;;;Meio de Quadra;;;0;1;0;0;0;0;0;0;0;1;0;0;-38,489795;-3,835546
285108;14;4;2016;06:15;0;AV PRS CASTELO BRANCO;;;2546;;Atropelamento;Luz do Dia;;;Meio de Quadra;;;0;1;0;0;0;0;0;0;0;1;0;0;-38,550734;-3,713068