COD_ACIDENTE;DIA;MES;ANO;HORA;INTERSECAO;LOG1;LOG2;LOG3;NUMERO;REFERENCIA;NATUREZA;ILUMINACAO;TEMPO;SUPERFICIEPISTA;TIPOCRUZAMENTO;CONTROLETRAFEGO;USOSOLO;MORTOS;FERIDOS;ILESOS;AUTOMOVEL;ONIBUS;BICICLETA;CAMINHAO;MICROONIBUS;CICLOMOTOR;MOTOCICLETA;TRACAOANIMAL;TREM;LONG;LAT
285109;14;4;2016;06:21;0;RUA BERNARDO MANUEL;;;7948;;Atropelamento;Luz do Dia;;;Meio de Quadra;;;0;1;0;1;0;0;0;0;0;0;0;0;-38,548418;-3,788882
285209;14;4;2016;17:50;0;AV ALBERTO CRAVEIRO;;;2511;;Queda;Anoitecer;;;Meio de Quadra;;;0;1;0;0;0;1;0;0;0;0;0;0;-38,520796;-3,802281
285203;14;4;2016;17:36;0;RD BR 116;;;3000;KM-03;Colisão;Anoitecer;;;Meio de Quadra;;;0;2;0;1;0;0;0;0;0;0;0;0;-38,514372;-3,779838
285199;14;4;2016;17:19;0;RD BR 116;;;3000;KM-03;Colisão;Anoitecer;;;Meio de Quadra;;;0;1;0;0;0;0;0;0;0;0;0;0;-38,514372;-3,779838
285200;14;4;2016;17:21;0;AV GOV RAUL BARBOSA;;;;;Colisão;Anoitecer;;;Meio de Quadra;;;0;2;0;0;0;0;0;0;0;0;0;0;;
285190;14;4;2016;16:52;20023;AV HEROIS DO ACRE;AV DR SILAS MUNGUBA;;;;Colisão;Luz do Dia;;;Cruz;Semáforo;Comercial;0;1;0;1;0;0;0;0;0;1;0;0;-38,52854;-3,803079
285185;14;4;2016;16:34;17574;RUA RIO GRANDE DO SUL;RUA PARA;;;;Colisão;Luz do Dia;;;T;Pare;Comercial;0;1;0;1;0;0;0;0;0;1;0;0;-38,564937;-3,754519
285170;14;4;2016;16:12;581;AV FRANCISCO SA;AV PASTEUR;;;;Colisão;Luz do Dia;;;Cruz;;Comercial;0;1;0;1;0;0;0;0;0;1;0;0;-38,560567;-3,716325
285168;14;4;2016;15:52;17412;RUA BAR SOBRAL;RUA ALBERTO MAGNO;;;;Atropelamento;Luz do Dia;;;Cruz;Semáforo;Comercial;0;1;0;1;0;0;0;0;0;0;0;0;-38,552417;-3,767991
285162;14;4;2016;15:26;0;RUA BAR SOBRAL;;;;;Atropelamento;Luz do Dia;;;Meio de Quadra;;;0;2;0;1;0;0;0;0;0;0;0;0;;
285136;14;4;2016;13:28;0;AV EDUARDO GIRAO;;;697;;Colisão;Luz do Dia;;;Meio de Quadra;;;0;1;0;1;0;0;0;0;0;1;0;0;-38,541398;-3,747402
285132;14;4;2016;12:30;0;AV CARNEIRO DE MENDONCA;;;456;;Colisão;Luz do Dia;;;Meio de Quadra;;;0;1;1;1;0;0;0;0;0;1;0;0;-38,563075;-3,765863
285138;14;4;2016;13:31;0;RUA AMARO JOSE DE SOUZA;;;120;;Colisão;Luz do Dia;;;Meio de Quadra;;;0;2;0;0;0;0;0;0;0;1;0;0;;
285141;14;4;2016;13:40;0;AV CENTRAL (JANGURUSSU);;;324;;Queda;Luz do Dia;;;Meio de Quadra;;;0;1;0;0;0;0;0;0;0;1;0;0;;
285216;14;4;2016;18:31;0;AV PRS COSTA E SILVA;;;;;Queda;;;;Meio de Quadra;;;0;1;0;0;0;1;0;0;0;0;0;0;;
285217;14;4;2016;18:33;0;RUA PDE IBIAPINA;;;;;Atropelamento;;;;Meio de Quadra;;;0;1;0;1;0;0;0;0;0;0;0;0;;
279110;14;4;2016;20:50;0;RD CE-040;;;;KM-01;Colisão;Via Iluminada;Nublado;Molhada;Meio de Quadra;;;0;0;2;1;0;0;0;0;0;0;0;0;-38,48666;-3,758119
279112;14;4;2016;20:55;0;RD CE-040;;;;KM-11;Colisão;Via Iluminada;Bom;Seca;Meio de Quadra;;;0;0;2;0;0;0;0;0;0;0;0;0;-38,480883;-3,842577
282220;14;4;2016;08:20;12863;AV DOMINGOS OLIMPIO;RUA FLORIANO PEIXOTO;;;;Colisão Transversal;Luz do Dia;;;Cruz;Pare;Comercial;0;1;1;1;0;0;0;0;1;0;0;0;-38,530313;-3,736976
282223;14;4;2016;16:15;1701;RUA CAP ARAGAO;RUA CAP VASCONCELOS D46;;;;Colisão Traseira;Luz do Dia;;;Cruz;Semáforo;Residencial;0;2;0;0;0;0;0;0;0;1;0;0;-38,517041;-3,765538
282217;14;4;2016;22:40;0;AV GOV RAUL BARBOSA;;;900;;Outros;;;;Meio de Quadra;;;0;1;1;1;0;0;0;0;0;1;0;0;;
282270;14;4;2016;16:10;0;RUA JOAQUIM SA;;;;;Outros;Luz do Dia;;;Meio de Quadra;;;0;0;2;0;0;0;0;0;0;0;0;0;;
282259;14;4;2016;09:00;0;AV DEP PAULINO ROCHA;;;1380;;Colisão Lateral;Luz do Dia;;;Meio de Quadra;;;0;1;1;1;0;0;0;0;0;1;0;0;-38,50964;-3,810648
282251;14;4;2016;04:58;5670;AV JOSE LEON;RUA VALTER DE CASTRO;;;;;;;;Cruz;Pare;Residencial;0;1;1;0;0;0;0;0;0;1;0;0;-38,492848;-3,789977
282247;14;4;2016;18:00;0;RUA PDE MIGUELINHO;;;;;Colisão Lateral;Anoitecer;;;Meio de Quadra;;;0;0;2;1;0;0;1;0;0;0;0;0;;
282167;14;4;2016;08:20;0;RUA DR JOAO MOREIRA;;;79;10 REGIAO MILITAR;Engavetamento;Luz do Dia;;;Meio de Quadra;;;0;0;3;1;0;0;1;0;0;0;0;0;-38,525108;-3,723517
282160;14;4;2016;19:50;0;AV GAL OSORIO DE PAIVA;;;4677;;Colisão Traseira;;;;Meio de Quadra;;;0;3;0;0;0;0;0;0;0;1;0;0;-38,597532;-3,800043
282149;14;4;2016;10:00;0;AV DEP PAULINO ROCHA;;;1091;;Colisão Lateral;Luz do Dia;;;Meio de Quadra;;;0;0;3;1;0;0;1;0;0;0;0;0;;
282156;14;4;2016;14:00;1716;AV GOV RAUL BARBOSA;AV GAL MURILO BORGES;;;;Colisão Traseira;Luz do Dia;;;;;;0;0;2;1;0;0;1;0;0;0;0;0;-38,508802;-3,763977
282295;14;4;2016;14:10;15336;RUA PEREIRA VALENTE;RUA JOAQUIM NABUCO;;;;Colisão Lateral;Luz do Dia;;;Cruz;Pare;Residencial;0;0;2;0;0;0;0;0;0;0;0;0;-38,500013;-3,731296
282282;14;4;2016;11:10;21977;RUA DELMIRO FARIAS;RUA MAJ PEDRO SAMPAIO;;;;Colisão Transversal;Luz do Dia;;;Cruz;Pare;Residencial;0;0;3;1;0;0;0;0;0;0;0;0;-38,552727;-3,745573
282387;14;4;2016;13:30;26267;RUA MARIA GOMES DE SA;RUA NORDICA;;;;Colisão Lateral;Luz do Dia;;;;;;0;1;1;1;0;0;0;0;0;1;0;0;;
282396;14;4;2016;15:30;5352;AV DOM MANUEL;RUA PINTO MADEIRA;;;;Queda;Luz do Dia;;;Cruz;Semáforo;Comercial;0;1;0;0;0;0;0;0;0;1;0;0;-38,521957;-3,730964
282390;14;4;2016;08:00;6743;AV SANTOS DUMONT;RUA ALMEIDA PRADO;;;;Colisão Traseira;Luz do Dia;;;Cruz;Semáforo;Comercial;0;0;2;1;0;0;0;0;0;0;0;0;-38,475153;-3,743712
282399;14;4;2016;14:00;0;AV CARNEIRO DE MENDONCA;;;340;;Colisão;Luz do Dia;;;Meio de Quadra;;;0;0;2;1;0;0;0;0;0;0;0;0;-38,562733;-3,766005
282407;14;4;2016;20:00;1273;AV SANTOS DUMONT;RUA DR JOSE LOURENCO;;;;Colisão Transversal;;;;Cruz;Pare;Comercial;0;2;0;0;0;0;0;0;0;1;0;0;-38,50738;-3,733299
282404;14;4;2016;19:30;0;AV AGUANAMBI;;;;ROTATÓRIA;Colisão Lateral;;;;Meio de Quadra;;;0;0;2;1;1;0;0;0;0;0;0;0;;
282405;14;4;2016;13:50;0;RUA STA ROSALIA;;;234;;Colisão Lateral Sentido Oposto;Luz do Dia;;;Meio de Quadra;;;0;1;1;1;0;0;0;0;0;1;0;0;-38,501809;-3,833278
282433;14;4;2016;05:50;0;AV SEN FERNANDES TAVORA;;;97;;Colisão Traseira;Amanhecer;;;Meio de Quadra;;;0;0;2;0;1;0;0;0;0;1;0;0;-38,572478;-3,767996
282436;14;4;2016;10:30;0;RUA JOAO EVANGELISTA;;;7;;Colisão Frontal;Luz do Dia;;Seca;Meio de Quadra;;;0;1;1;1;0;0;0;0;0;1;0;0;;
282443;14;4;2016;19:00;5310;RUA MAJ FACUNDO;RUA PEDRO PEREIRA;;;;Colisão Transversal;;;;Cruz;Semáforo;Comercial;0;2;0;0;0;0;0;0;0;1;0;0;-38,528531;-3,729683
282448;14;4;2016;07:30;303;RUA ROTARY;RUA TIP SALES;;;;Colisão Transversal;Luz do Dia;;;Cruz;;Residencial;0;0;2;1;0;0;0;0;0;0;0;0;-38,563564;-3,743553
282449;14;4;2016;;0;RUA BAR RIO BRANCO;;;1958;;Colisão Lateral;;;;Meio de Quadra;;;0;0;2;1;0;0;0;0;0;0;0;0;-38,53115;-3,735513
282450;14;4;2016;09:00;12509;AV LINEU MACHADO;RUA ARARIPE MACEDO;;;;Colisão Lateral;Luz do Dia;;;Cruz;Pare;Comercial;0;1;1;0;0;0;0;0;0;1;0;0;-38,579672;-3,771235
283601;14;4;2016;08:25;0;RD BR 116;;;0;KM-03;Colisão Traseira;Luz do Dia;Bom;Seca;Meio de Quadra;;;0;1;1;0;0;0;1;0;0;1;0;0;-38,51386954;-3,781255671
286961;14;4;2016;06:39;0;AV OLIVEIRA PAIVA;;;;;Colisão;Luz do Dia;;;Meio de Quadra;;;0;0;1;0;0;0;0;0;0;0;0;0;;
286963;14;4;2016;08:25;1516;AV DES MOREIRA;AV PDE ANTONIO TOMAS;;;;Colisão;Luz do Dia;;;Cruz;Não Há Controle;Comercial;0;0;1;0;0;0;0;0;0;0;0;0;-38,499616;-3,740161
286964;14;4;2016;09:58;0;AV GOV RAUL BARBOSA;;;5280;;Colisão;Luz do Dia;;;Meio de Quadra;;;0;0;1;0;0;0;0;0;0;0;0;0;-38,508988;-3,765712
286968;14;4;2016;10:37;4612;AV OLIVEIRA PAIVA;AV WASHINGTON SOARES;;;;Colisão;Luz do Dia;;;;;;0;0;1;0;0;0;0;0;0;0;0;0;-38,479908;-3,795695
286969;14;4;2016;10:54;0;AV PRS COSTA E SILVA;;;978;;Colisão;Luz do Dia;;;Meio de Quadra;;;0;0;1;0;0;0;0;0;0;0;0;0;-38,570633;-3,813161
286978;14;4;2016;11:01;0;AV DR SILAS MUNGUBA;;;1091;;Colisão;Luz do Dia;;;Meio de Quadra;;;0;0;1;0;0;0;0;0;0;0;0;0;;
286981;14;4;2016;13:42;0;AV PRS CASTELO BRANCO;;;2546;;Choque c/ Obstáculo Fixo;Luz do Dia;;;Meio de Quadra;;;0;0;1;0;0;0;0;0;0;0;0;0;-38,550734;-3,713068
286982;14;4;2016;11:39;5146;RUA GUILHERME ROCHA;RUA PRC ISABEL;;;;Colisão;Luz do Dia;;;Cruz;Pare;Comercial;0;0;1;0;0;0;0;0;0;0;0;0;-38,534931;-3,72472
286983;14;4;2016;11:42;0;AV N CJ JOSE WALTER;;;1914;;Colisão;Luz do Dia;;;Meio de Quadra;;;0;0;1;0;0;0;0;0;0;0;0;0;;
286984;14;4;2016;11:47;0;AV DEP PAULINO ROCHA;;;1191;;Colisão;Luz do Dia;;;Meio de Quadra;;;0;0;1;0;0;0;0;0;0;0;0;0;;
286988;14;4;2016;11:49;10475;AV SEN FERNANDES TAVORA;RUA HUMAITA D73;;;;;Luz do Dia;;;Cruz;Pare;Comercial;0;0;1;0;0;0;0;0;0;0;0;0;-38,599578;-3,75488
286989;14;4;2016;12:02;0;RUA BAR ARACATI;;;;;Colisão;Luz do Dia;;;Meio de Quadra;;;0;0;1;0;0;0;0;0;0;0;0;0;;
286990;14;4;2016;12:10;0;RUA FRANCISCO PAIVA;;;2375;;Colisão;Luz do Dia;;;Meio de Quadra;;;0;0;1;0;0;0;0;0;0;0;0;0;;
286991;14;4;2016;12:55;0;AV BEZERRA DE MENEZES;;;;;Colisão;Luz do Dia;;;Meio de Quadra;;;0;0;1;0;0;0;0;0;0;0;0;0;;
286997;14;4;2016;14:13;12925;AV AGUANAMBI;AV DOMINGOS OLIMPIO;;;;Colisão;Luz do Dia;;;;;;0;0;1;0;0;0;0;0;0;0;0;0;-38,524628;-3,738683
286998;14;4;2016;14:29;0;AV PRS COSTA E SILVA;;;1000;;Colisão;Luz do Dia;;;Meio de Quadra;;;0;0;1;0;0;0;0;0;0;0;0;0;-38,570407;-3,81327
286999;14;4;2016;15:43;0;AV DEP PAULINO ROCHA;;;;;Colisão;Luz do Dia;;;Meio de Quadra;;;0;0;1;0;0;0;0;0;0;0;0;0;;
286957;14;4;2016;06:38;0;AV WENEFRIDO MELO;;;;;Colisão;Luz do Dia;;;;;;0;0;1;0;0;0;0;0;0;0;0;0;-38,578489;-3,808362
287001;14;4;2016;15:55;0;RUA PRIMEIRO DE JANEIRO;;;;;Colisão;Luz do Dia;;;;;;0;0;1;0;0;0;0;0;0;0;0;0;;
287002;14;4;2016;15:58;0;RUA BAR RIO BRANCO;;;;;Colisão;Luz do Dia;;;;;;0;0;1;0;0;0;0;0;0;0;0;0;;
287003;14;4;2016;17:59;1279;AV DOM LUIS;RUA OSVALDO CRUZ (ALDEOTA);;;;Colisão;Anoitecer;;;Cruz;Semáforo;Comercial;0;0;1;0;0;0;0;0;0;0;0;0;-38,499353;-3,732616
287005;14;4;2016;18:42;0;AV EDUARDO GIRAO;;;697;;Colisão;;;;Meio de Quadra;;;0;0;1;0;0;0;0;0;0;0;0;0;-38,541398;-3,747402
287006;14;4;2016;18:52;0;AV ROGACIANO LEITE;;;;;Colisão;;;;Meio de Quadra;;;0;0;1;0;0;0;0;0;0;0;0;0;;
287008;14;4;2016;21:24;0;RUA RIO GRANDE DO SUL;;;676;;Colisão;;;;Meio de Quadra;;;0;0;1;0;0;0;0;0;0;0;0;0;;
286993;14;4;2016;13:16;1256;RUA JOAO CORDEIRO;RUA PDE LUIS FIGUEIRA;;;;Colisão;Luz do Dia;;;Cruz;Pare;Comercial;0;0;1;0;0;0;0;0;0;0;0;0;-38,515178;-3,732118
286994;14;4;2016;14:11;0;RUA BERNARDO MANUEL;;;7919;;Colisão;Luz do Dia;;;Meio de Quadra;;;0;0;1;0;0;0;0;0;0;0;0;0;-38,548092;-3,787884
280875;14;4;2016;06:40;5065;AV ALBERTO NEPOMUCENO;RUA JOSE AVELINO;;;;Colisão Lateral;Luz do Dia;;;Cruz;Não Há Controle;Comercial;0;0;2;1;0;0;0;0;0;0;0;0;-38,523662;-3,722081
280878;14;4;2016;16:33;0;RUA PRIMEIRO DE JANEIRO;;;;;Colisão;Luz do Dia;;;Meio de Quadra;;;0;0;2;1;1;0;0;0;0;0;0;0;;
280887;14;4;2016;21:56;0;AV GAL OSORIO DE PAIVA;;;5748;;Colisão;;;;Meio de Quadra;;;0;0;2;1;1;0;0;0;0;0;0;0;-38,604089;-3,806792
280888;15;4;2016;08:25;0;AV AGUANAMBI;;;;ROTATÓRIA;Colisão Lateral;Luz do Dia;;;Meio de Quadra;;;0;0;2;1;0;0;0;0;0;0;0;0;;
280895;15;4;2016;15:40;0;AV OLIVEIRA PAIVA;;;;;Colisão;Luz do Dia;;;Meio de Quadra;;;0;0;2;1;0;0;1;0;0;0;0;0;;
280891;15;4;2016;14:57;0;AV 13 DE MAIO;;;;;Colisão;Luz do Dia;Bom;Seca;Meio de Quadra;Não Há Controle;Comercial;0;0;2;0;1;0;0;0;0;1;0;0;;
280919;15;4;2016;22:52;0;RUA CEL DIONISIO ALENCAR;;;;;Colisão;;;;Meio de Quadra;;;0;0;2;1;0;0;0;1;0;0;0;0;;
280906;15;4;2016;16:55;0;AV CARNEIRO DE MENDONCA;;;;;Colisão;Luz do Dia;;;Meio de Quadra;;;0;0;2;1;0;0;0;0;0;0;0;0;;
287029;15;4;2016;09:20;3423;RUA ALVARO FERNANDES;AV JOAO PESSOA;;;;Colisão;Luz do Dia;;;Cruz;Semáforo;Comercial;0;0;1;0;0;0;0;0;0;0;0;0;-38,555648;-3,759317
287032;15;4;2016;10:00;11856;RUA JOSE PINTO DO CARMO;AV FRANCISCO SA;;;;Colisão;Luz do Dia;;;Cruz;Semáforo;Residencial;0;0;1;0;0;0;0;0;0;0;0;0;-38,545407;-3,721324
287034;15;4;2016;10:16;13325;AV I CJ JOSE WALTER;RUA 66 CJ JOSE WALTER;;;;Colisão;Luz do Dia;;;T;Não Há Controle;Comercial;0;0;2;0;0;0;0;0;0;0;0;0;-38,555304;-3,840228
287020;15;4;2016;08:30;23513;RUA SABINO MONTE;RUA ANA GONCALVES;;;;Colisão;Luz do Dia;;;Cruz;Pare;Rural;0;0;2;0;0;0;0;0;0;0;0;0;-38,511374;-3,759428
287025;15;4;2016;09:04;0;AV PONTES VIEIRA;;;;;Colisão;Luz do Dia;;;Meio de Quadra;;;0;0;1;0;0;0;0;0;0;0;0;0;;
287026;15;4;2016;09:12;0;AV MON TABOSA;;;656;;Colisão;Luz do Dia;;;Meio de Quadra;;;0;0;1;0;0;0;0;0;0;0;0;0;-38,513464;-3,723954
287011;15;4;2016;00:50;0;AV E CJ CEARA;;;352;;Colisão;;;;Meio de Quadra;;;0;0;1;0;0;0;0;0;0;0;0;0;-38,60702;-3,75889
287012;15;4;2016;04:30;0;AV GODOFREDO MACIEL;;;;;Colisão;;;;Meio de Quadra;;;0;0;1;0;0;0;0;0;0;0;0;0;;
287013;15;4;2016;06:36;0;AV DR SILAS MUNGUBA;;;3674;;Colisão;Luz do Dia;;;Meio de Quadra;;;0;0;1;0;0;0;0;0;0;0;0;0;-38,540622;-3,790278
287014;15;4;2016;07:16;0;RUA PRO CABRAL;;;525;;Colisão;Luz do Dia;;;Meio de Quadra;;;0;0;1;0;0;0;0;0;0;0;0;0;-38,593579;-3,817514
287015;15;4;2016;07:45;0;AV AGUANAMBI;;;;;Colisão;Luz do Dia;;;Meio de Quadra;;;0;0;1;0;0;0;0;0;0;0;0;0;;
287016;15;4;2016;07:47;11301;RUA ROSA CRUZ;RUA CLOVIS METON;;;;Colisão;Luz do Dia;;;T;Semáforo;Residencial;0;0;1;0;0;0;0;0;0;0;0;0;-38,565543;-3,7992
287017;15;4;2016;08:09;0;RUA PDE MAXIMO FEITOSA;;;463;;Colisão;Luz do Dia;;;Meio de Quadra;;;0;0;1;0;0;0;0;0;0;0;0;0;-38,57421;-3,731616
287018;15;4;2016;08:10;0;AV ALM HENRIQUE SABOIA;;;;;Colisão;Luz do Dia;;;Meio de Quadra;;;0;0;2;0;0;0;0;0;0;0;0;0;;
287042;15;4;2016;11:24;0;RUA SANTANA;;;67;;Colisão;Luz do Dia;;;Meio de Quadra;;;0;0;2;0;0;0;0;0;0;0;0;0;;
287043;15;4;2016;11:50;0;LOGRADOURO SEM NOME;;;548;;Colisão;Luz do Dia;;;Meio de Quadra;;;0;0;1;0;0;0;0;0;0;0;0;0;;
287044;15;4;2016;12:21;0;RUA MANUEL CASTELO BRANCO;;;;;Colisão;Luz do Dia;;;;;;0;0;1;0;0;0;0;0;0;0;0;0;;
287045;15;4;2016;12:47;25116;AV ROGACIANO LEITE;RUA PDE FRANCISCO PITA;;;;Colisão;Luz do Dia;;;Cruz;Pare;Comercial;0;0;1;0;0;0;0;0;0;0;0;0;-38,501766;-3,78096
287046;15;4;2016;14:00;24969;AV ALM HENRIQUE SABOIA;AV PDE ANTONIO TOMAS;;;;Colisão;Luz do Dia;;;Cruz;Semáforo;Comercial;0;0;2;0;0;0;0;0;0;1;0;0;-38,489455;-3,743493
287047;15;4;2016;14:08;12407;RUA ALUISIO AZEVEDO;RUA MELO DE OLIVEIRA;;;;Colisão;Luz do Dia;;;Cruz;Pare;Comercial;0;0;1;0;0;0;0;0;0;0;0;0;-38,577486;-3,771098
287048;15;4;2016;14:08;0;AV ROGACIANO LEITE;;;;;Colisão;Luz do Dia;;;Meio de Quadra;;;0;0;1;0;0;0;0;0;0;0;0;0;;
287036;15;4;2016;10:17;17496;RUA TEREZA HINKO;RUA DA PAZ;;;;Colisão;Luz do Dia;;;T;Semáforo;Comercial;0;0;2;1;0;0;0;0;0;0;0;0;-38,484485;-3,725162
287052;15;4;2016;14:27;0;RUA JAIME BENEVOLO;;;;;Colisão;Luz do Dia;;;;;;0;0;1;0;0;0;0;0;0;0;0;0;;
287056;15;4;2016;15:27;0;AV SEN FERNANDES TAVORA;;;;;Colisão;Luz do Dia;;;Meio de Quadra;;;0;0;1;0;0;0;0;0;0;0;0;0;;
287061;15;4;2016;15:59;24290;RUA CASTRO MONTE;RUA JULIO ABREU;;;;Colisão;Luz do Dia;;;Y;;Comercial;0;0;1;0;0;0;0;0;0;0;0;0;-38,48592;-3,735839
287062;15;4;2016;16:10;0;AV CARNEIRO DE MENDONCA;;;;;Colisão;Luz do Dia;;;Meio de Quadra;;;0;0;1;0;0;0;0;0;0;0;0;0;;
287063;15;4;2016;16:11;1716;AV GAL MURILO BORGES;AV GOV RAUL BARBOSA;;;;Colisão;Luz do Dia;;;;;;0;0;2;1;0;0;0;0;0;0;0;0;-38,508802;-3,763977
287054;15;4;2016;14:43;0;RUA VALPARAISO;;;;;Colisão;Luz do Dia;;;Meio de Quadra;;;0;0;1;0;0;0;0;0;0;0;0;0;;
287066;15;4;2016;16:17;0;AV GAL OSORIO DE PAIVA;;;;;Colisão;Luz do Dia;;;Meio de Quadra;;;0;0;2;0;0;0;0;0;0;0;0;0;;
287068;15;4;2016;16:18;0;RUA MARIA JULIA;;;1610;;Colisão;Luz do Dia;;;Meio de Quadra;;;0;0;1;0;0;0;0;0;0;0;0;0;-38,601893;-3,799171
287069;15;4;2016;16:39;0;AV 13 DE MAIO;;;;;Colisão;Luz do Dia;;;Meio de Quadra;;;0;0;1;0;0;0;0;0;0;0;0;0;;
287070;15;4;2016;17:32;0;AV DOS EXPEDICIONARIOS;;;4885;;Colisão;Anoitecer;;;Meio de Quadra;;;0;0;2;0;0;0;0;0;0;0;0;0;-38,540347;-3,76215
287071;15;4;2016;18:11;5366;RUA SEN POMPEU;AV DUQ CAXIAS;;;;Colisão;Anoitecer;;;Cruz;Semáforo;Comercial;0;0;1;0;0;0;0;0;0;0;0;0;-38,530994;-3,73143
287073;15;4;2016;18:00;0;AV CARNEIRO DE MENDONCA;;;1849;;Colisão;Anoitecer;;;Meio de Quadra;;;0;0;1;0;0;0;0;0;0;0;0;0;;
287074;15;4;2016;18:22;1483;RUA FREDERICO BORGES;AV SANTOS DUMONT;;;;Colisão;Anoitecer;;;T;Não Há Controle;Comercial;0;0;1;0;0;0;0;0;0;0;0;0;-38,488992;-3,739244
287078;15;4;2016;18:25;0;AV OLIVEIRA PAIVA;;;1930;;Colisão;Anoitecer;;;Meio de Quadra;;;0;0;1;0;0;0;0;0;0;0;0;0;-38,489011;-3,796097
287080;15;4;2016;18:55;15162;AV BEIRA MAR;RUA TIBURCIO CAVALCANTE;;;;Colisão;;;;T;Pare;Comercial;0;0;1;0;0;0;0;0;0;0;0;0;-38,499109;-3,725126
287082;15;4;2016;20:10;0;RUA PORTO VELHO;;;1378;;Colisão;;;;Meio de Quadra;;;0;0;1;0;0;0;0;0;0;0;0;0;-38,590887;-3,763883
287083;15;4;2016;21:45;0;AV CHANC EDSON QUEIROZ;;;;;Colisão;;;;;;;0;0;1;0;0;0;0;0;0;0;0;0;;
287085;15;4;2016;21:53;9081;AV 13 DE MAIO;AV AGUANAMBI;;;;Colisão;;;;Outros;Semáforo;Comercial;0;0;1;0;0;0;0;0;0;0;0;0;-38,523451;-3,753844
283781;15;4;2016;18:20;0;RD BR 222;;;800;KM 00;Colisão;Anoitecer;Bom;Seca;Meio de Quadra;;;0;2;0;0;0;1;0;0;0;1;0;0;-38,569197;-3,736664
283791;15;4;2016;23:00;0;RD BR 222;;;400;KM-01;Atropelamento;;Nublado;Molhada;Meio de Quadra;;;0;1;1;1;0;0;0;0;0;0;0;0;-38,578147;-3,737698
283604;15;4;2016;08:10;0;RD BR 116;;;800;KM-04;Colisão Traseira;Luz do Dia;Bom;Seca;Meio de Quadra;;;0;0;2;1;0;0;0;0;0;1;0;0;-38,50847;-3,793082
282287;15;4;2016;19:30;0;AV MON TABOSA;;;;;Colisão Traseira;;Bom;Seca;Meio de Quadra;Pare;Comercial;0;0;2;1;0;0;0;0;0;0;0;0;;
282297;15;4;2016;10:40;25119;RUA MIGUEL COUTO;RUA BAR AQUIRAZ;;;;Colisão Lateral;Luz do Dia;Bom;Seca;Cruz;Outros;Residencial;0;1;1;0;1;0;0;0;0;1;0;0;-38,487996;-3,837441
282298;15;4;2016;19:15;7903;AV ANTONIO SALES;RUA CEL LINHARES;;;;Colisão Lateral;Via Iluminada;Bom;Seca;Cruz;Pare;Comercial;0;0;2;0;0;0;0;0;0;1;0;0;-38,497481;-3,746964
282281;15;4;2016;15:15;1480;RUA VICENTE LEITE;RUA EDUARDO GARCIA;;;;Colisão Transversal;Luz do Dia;Bom;Seca;Cruz;Pare;Comercial;0;0;2;1;0;0;0;0;0;0;0;0;-38,496056;-3,739155
282293;15;4;2016;07:00;4562;RUA PDE PAULINO;RUA TIBURCIO PEREIRA;;;;Colisão;;Bom;Seca;Cruz;Pare;Residencial;0;1;1;0;0;0;0;0;0;1;0;0;-38,508142;-3,797721
282301;15;4;2016;20:20;0;AV ROGACIANO LEITE;;;2514;;Capotamento;Via Iluminada;Bom;Seca;Meio de Quadra;Outros;Residencial;0;0;1;0;0;0;0;0;0;0;0;0;-38,501312;-3,779212
282303;15;4;2016;09:50;19377;RUA GERMANO FRANCK;RUA EDUARDO PERDIGAO;;;;Colisão Transversal;Luz do Dia;Bom;;Cruz;Semáforo;Comercial;0;1;1;0;1;0;0;0;0;1;0;0;-38,562542;-3,777704
282314;15;4;2016;04:30;0;AV DUQ CAXIAS;;;1700;;Choque c/ Obstáculo Fixo;Luz do Dia;Bom;Seca;Meio de Quadra;Não Há Controle;Comercial;0;0;1;0;0;0;0;0;0;0;0;0;-38,539517;-3,728676
282324;15;4;2016;07:30;0;AV ANTONIO SALES;;;2900;;Colisão Traseira;Luz do Dia;Bom;Seca;Meio de Quadra;Não Há Controle;Residencial;0;0;3;1;0;0;0;0;0;0;0;0;-38,498151;-3,746754
282327;15;4;2016;10:10;0;RUA BENI DE CARVALHO;;;139;;Colisão Traseira;Luz do Dia;Bom;Seca;Meio de Quadra;;Residencial;0;0;2;1;0;0;0;0;0;0;0;0;-38,499812;-3,744441
282328;15;4;2016;07:40;25476;RUA CHICO LEMOS;AV JOSE LEON;;;;Colisão;Luz do Dia;Bom;Seca;T;Pare;Comercial;0;0;2;1;0;0;0;0;0;0;0;0;-38,50054;-3,788133
282332;15;4;2016;09:40;0;RUA PRO COSTA MENDES;;;;;Colisão Traseira;Luz do Dia;Bom;Seca;Meio de Quadra;Semáforo;Outros;0;0;2;1;0;0;0;0;0;0;0;0;;
282334;15;4;2016;16:30;12836;AV DOMINGOS OLIMPIO;RUA BAR ARATANHA;;;;Colisão;Via Iluminada;Bom;Seca;Cruz;Semáforo;Comercial;0;0;2;1;0;0;0;0;0;0;0;0;-38,527953;-3,737562
282335;15;4;2016;16:00;7913;AV ANTONIO SALES;RUA VIS MAUA;;;;Colisão Lateral;;Bom;Seca;Cruz;Pare;Comercial;0;0;2;1;0;0;0;0;0;0;0;0;-38,50242;-3,745429
282154;15;4;2016;07:45;5450;RUA ANTONIO POMPEU;RUA MAJ FACUNDO;;;;Colisão Lateral;Luz do Dia;Bom;Seca;Cruz;Pare;Comercial;0;0;2;1;0;0;0;0;0;0;0;0;-38,530216;-3,734923
282152;15;4;2016;23:21;0;RUA ARTUR DE CARVALHO;;;1168;;Colisão;Via Iluminada;Bom;Molhada;Meio de Quadra;Não Há Controle;Residencial;0;1;1;0;0;0;0;0;0;1;0;0;;
282159;15;4;2016;18:10;5371;RUA GAL CLARINDO DE QUEIROZ;RUA VINTE E QUATRO DE MAIO;;;;Colisão Lateral;Via Iluminada;Bom;Seca;Cruz;Pare;Comercial;0;0;2;1;0;0;0;0;0;0;0;0;-38,533532;-3,731621