COD_ACIDENTE;DIA;MES;ANO;HORA;INTERSECAO;LOG1;LOG2;LOG3;NUMERO;REFERENCIA;NATUREZA;ILUMINACAO;TEMPO;SUPERFICIEPISTA;TIPOCRUZAMENTO;CONTROLETRAFEGO;USOSOLO;MORTOS;FERIDOS;ILESOS;AUTOMOVEL;ONIBUS;BICICLETA;CAMINHAO;MICROONIBUS;CICLOMOTOR;MOTOCICLETA;TRACAOANIMAL;TREM;LONG;LAT
282175;15;4;2016;08:35;0;AV GOV RAUL BARBOSA;;;;;Colisão;Luz do Dia;Bom;Seca;Meio de Quadra;Não Há Controle;Outros;0;1;1;1;0;0;1;0;0;0;0;0;;
282172;15;4;2016;17:00;0;AV DOS EXPEDICIONARIOS;;;4882;;Colisão;Luz do Dia;Bom;Seca;Meio de Quadra;Não Há Controle;Comercial;0;1;1;1;0;0;0;0;0;1;0;0;-38,540335;-3,76211
282173;15;4;2016;18:40;3882;RUA MAL DEODORO;RUA COSTA SOUZA;;;;Colisão Lateral;Via Iluminada;Nublado;Seca;;Não Há Controle;Residencial;0;1;1;1;1;0;0;0;0;0;0;0;-38,537967;-3,746145
282195;15;4;2016;08:00;0;AV WENEFRIDO MELO;;;268;;Colisão Lateral;Luz do Dia;Bom;Seca;Meio de Quadra;Pare;Residencial;0;0;2;1;0;0;0;1;0;0;0;0;-38,576854;-3,809821
282193;15;4;2016;;0;AV JOAO PESSOA;;;;;Colisão Transversal;Luz do Dia;Bom;Seca;Meio de Quadra;Pare;Residencial;0;0;2;1;0;0;0;0;0;0;0;0;;
282200;15;4;2016;18:05;0;AV DOMINGOS OLIMPIO;;;;;Colisão Traseira;Via Iluminada;Bom;Seca;Meio de Quadra;Semáforo;Comercial;0;0;4;1;0;0;0;0;0;0;0;0;;
282198;15;4;2016;11:30;0;RUA FRANCISCO HOLANDA;;;715;;Colisão;Luz do Dia;Bom;Seca;Meio de Quadra;Não Há Controle;Residencial;0;0;2;1;0;0;0;0;0;0;0;0;-38,504464;-3,748738
282189;15;4;2016;08:40;9081;AV AGUANAMBI;AV 13 DE MAIO;;;;Colisão;Luz do Dia;Bom;Seca;Outros;Semáforo;Comercial;0;0;2;1;1;0;0;0;0;0;0;0;-38,523451;-3,753844
282187;15;4;2016;07:45;5114;AV MON TABOSA;RUA NOGUEIRA ACIOLI;;;;Colisão Transversal;Luz do Dia;Bom;Seca;Cruz;Pare;Comercial;0;0;2;0;0;0;0;0;0;0;0;0;-38,514949;-3,72385
282177;15;4;2016;15:50;3860;AV 13 DE MAIO;AV DA UNIVERSIDADE;;;;Colisão;Luz do Dia;Bom;Seca;;Não Há Controle;Escola;0;0;2;0;0;0;1;0;0;1;0;0;-38,539107;-3,740962
282178;15;4;2016;08:45;0;RUA CARLOS AMORA;;;136;;Colisão;Luz do Dia;Bom;Seca;Meio de Quadra;Semáforo;Comercial;0;0;2;1;0;0;0;0;0;0;0;0;-38,56373;-3,775085
282180;15;4;2016;07:57;24972;AV ALM HENRIQUE SABOIA;RUA CARVALHO JUNIOR;;;;Colisão;Luz do Dia;Bom;Seca;Cruz;Dê Preferência;;0;0;2;1;0;0;0;0;0;0;0;0;-38,504804;-3,75802
282262;15;4;2016;07:40;13530;TR MANUEL MAIA;RUA PDE CHEVALIER;;;;Colisão;Luz do Dia;Bom;Seca;T;Pare;Residencial;0;0;2;1;0;0;0;0;0;0;0;0;-38,516178;-3,747616
282265;15;4;2016;14:30;0;AV ENG SANTANA JUNIOR;;;;;Colisão;Luz do Dia;Bom;Seca;Meio de Quadra;Semáforo;Comercial;0;0;2;1;0;0;0;0;0;0;0;0;;
282271;15;4;2016;15:00;13592;AV PONTES VIEIRA;RUA PRO CARVALHO;;;;Colisão;;;;;;;0;0;2;1;0;0;0;0;0;0;0;0;-38,514949;-3,75289
282274;15;4;2016;16:30;0;AV DEP PAULINO ROCHA;;;1690;;Colisão;Luz do Dia;Bom;Seca;Meio de Quadra;Semáforo;Comercial;0;0;3;1;0;0;1;0;0;1;0;0;-38,512129;-3,811796
282279;15;4;2016;12:40;0;AV DA UNIVERSIDADE;;;;;Colisão;Luz do Dia;Bom;Seca;Meio de Quadra;Não Há Controle;Comercial;0;0;3;1;0;0;0;0;0;0;0;0;;
282219;15;4;2016;11:40;249;RUA GAL PIRAGIBE;RUA GAL BERNARDO FIGUEIREDO;;;;Colisão Transversal;Luz do Dia;Bom;Outros;Cruz;Pare;Residencial;0;1;1;1;0;0;0;0;0;1;0;0;-38,557338;-3,740799
282211;15;4;2016;11:00;0;RUA JOAO BRIGIDO;;;354;;;Luz do Dia;Bom;Seca;Meio de Quadra;Não Há Controle;;0;0;2;1;0;0;0;0;0;0;0;0;;
282224;15;4;2016;16:00;12360;RUA RIBEIRO LEITAO;RUA JOCKEY CLUBE;;;;Choque c/ Obstáculo Fixo;Luz do Dia;Bom;Seca;Cruz;Pare;Residencial;0;1;1;1;0;0;0;0;0;0;0;0;-38,577674;-3,76331
282229;15;4;2016;19:30;0;AV ENG HUMBERTO MONTE;;;;;Colisão Lateral;Via Iluminada;Bom;Seca;Meio de Quadra;Não Há Controle;Comercial;0;0;2;0;0;0;1;0;0;0;0;0;;
282230;15;4;2016;09:00;9114;AV BORGES DE MELO;RUA DEP OSWALDO STUDART;;;;Colisão;Luz do Dia;Bom;Seca;Cruz;Semáforo;Comercial;0;1;1;1;0;0;0;0;0;1;0;0;-38,532143;-3,758147
282232;15;4;2016;17:30;0;AV JOR THOMAZ COELHO;;;;;Colisão Lateral;Via Iluminada;Bom;Seca;Outros;Não Há Controle;;0;0;2;1;0;0;1;0;0;0;0;0;;
282237;15;4;2016;22:40;3205;RUA CARLOS CHAGAS;RUA THOMPSON GONCALVES;;;;Colisão Transversal;Mal Iluminada;Nublado;Molhada;Cruz;Pare;Residencial;0;0;2;0;0;0;0;0;0;1;0;0;-38,582303;-3,78097
282238;15;4;2016;07:40;25125;RUA ROCHA LIMA;RUA DNA LEOPOLDINA;;;;Colisão Transversal;Luz do Dia;Bom;Seca;Cruz;Pare;Residencial;0;0;2;1;0;0;0;0;0;0;0;0;-38,521427;-3,736665
282239;15;4;2016;17:00;19752;RUA DOM LINO;RUA DOM MANUEL DE MEDEIROS;;;;Colisão Lateral;Anoitecer;Bom;Seca;Cruz;Pare;Residencial;0;0;2;1;0;0;0;0;0;0;0;0;-38,556861;-3,737633
282243;15;4;2016;21:20;0;AV BEZERRA DE MENEZES;;;2181;;Colisão Lateral;Via Iluminada;Bom;Seca;Outros;Semáforo;Comercial;0;0;2;1;0;0;0;0;0;0;0;0;-38,564231;-3,735618
279117;15;4;2016;07:40;0;RD CE-040;;;;KM-08;Colisão;Luz do Dia;Bom;Seca;Meio de Quadra;;;0;1;1;1;0;0;0;0;0;1;0;0;-38,483033;-3,817159
279118;15;4;2016;09:30;0;RD CE-040;;;;KM-02;Colisão;Luz do Dia;Bom;Seca;Meio de Quadra;;;0;0;2;1;0;0;0;0;0;0;0;0;-38,482583;-3,76465
279120;15;4;2016;12:30;0;RD CE-040;;;;KM-04;Colisão;Luz do Dia;Bom;Seca;Meio de Quadra;;;0;2;1;1;0;1;0;0;0;1;0;0;-38,481084;-3,782614
279127;15;4;2016;20:10;0;RD CE-040;;;;KM-09;Colisão;Via Iluminada;Bom;Seca;Meio de Quadra;;;0;0;2;1;0;0;0;0;0;0;0;0;-38,481538;-3,825516
279123;15;4;2016;17:10;0;RD CE-040;;;;KM-04;Colisão;Anoitecer;Bom;Seca;Meio de Quadra;;;0;0;2;1;0;0;0;0;0;0;0;0;-38,481084;-3,782614
279124;15;4;2016;20:10;0;AV SEN CARLOS JEREISSATI (AEROPORTO);;;;KM 01;Colisão;Via Iluminada;Bom;Seca;Meio de Quadra;;;0;1;1;1;0;0;0;0;0;1;0;0;-38,52685;-3,783753
285219;15;4;2016;00:16;0;AV E CJ CEARA;;;;;Atropelamento;;;;Meio de Quadra;;;0;1;0;0;0;0;0;0;0;0;0;0;;
285224;15;4;2016;00:50;0;RUA OSCAR FRANCA;;;3289;;Queda;;;;Meio de Quadra;;;0;2;0;0;0;0;0;0;0;1;0;0;-38,620836;-3,785234
285226;15;4;2016;01:45;0;AV WASHINGTON SOARES;;;;;Colisão;;;;Meio de Quadra;;;0;1;0;1;0;0;0;0;0;1;0;0;;
285227;15;4;2016;02:14;5177;RUA SEN POMPEU;RUA SAO PAULO;;;;Queda;;;;Cruz;Não Há Controle;Comercial;0;1;0;0;0;0;0;0;0;1;0;0;-38,529196;-3,725486
285230;15;4;2016;02:16;0;RD BR 116;;;4000;KM-04;Colisão;;;;Meio de Quadra;;;0;1;0;1;0;0;0;0;0;1;0;0;-38,510646;-3,788331
285234;15;4;2016;02:24;0;AV D CJ JOSE WALTER;;;71;;Atropelamento;;;;Meio de Quadra;;;0;1;0;0;0;0;0;0;0;1;0;0;-38,553976;-3,832156
285236;15;4;2016;02:30;9176;AV EDUARDO GIRAO;AV AGUANAMBI;;;;Atropelamento;;;;Rotatória;Cancela;Comercial;0;1;0;0;0;0;0;0;0;1;0;0;-38,523564;-3,756564
285237;15;4;2016;03:13;0;AV GOV RAUL BARBOSA;;;4466;;Colisão;;;;Meio de Quadra;;;0;1;0;1;0;0;0;0;0;1;0;0;;
285239;15;4;2016;03:57;3423;AV JOAO PESSOA;RUA ALVARO FERNANDES;;;;Colisão;;;;Cruz;Semáforo;Comercial;0;1;0;1;0;0;0;0;0;1;0;0;-38,555648;-3,759317
285241;15;4;2016;04:28;11856;RUA JOSE PINTO DO CARMO;AV FRANCISCO SA;;;;Colisão;;;;Cruz;Semáforo;Residencial;0;1;0;1;0;0;0;0;0;1;0;0;-38,545407;-3,721324
285243;15;4;2016;04:37;19377;RUA GERMANO FRANCK;RUA EDUARDO PERDIGAO;;;;Colisão;;;;Cruz;Semáforo;Comercial;0;1;0;1;0;0;0;0;0;1;0;0;-38,562542;-3,777704
285244;15;4;2016;04:41;0;AV GOV RAUL BARBOSA;;;4262;;Colisão;;;;Meio de Quadra;;;0;1;0;1;0;0;0;0;0;1;0;0;-38,507689;-3,761633
285259;15;4;2016;07:08;0;AV WASHINGTON SOARES;;;;;Atropelamento;Luz do Dia;;;Meio de Quadra;;;0;1;0;0;0;0;0;0;0;1;0;0;;
285256;15;4;2016;05:22;0;RUA CHILE;;;104;;Colisão;Amanhecer;;;Meio de Quadra;;;0;1;0;0;0;0;0;0;0;0;0;0;;
285264;15;4;2016;07:10;0;AV WASHINGTON SOARES;;;2937;;Colisão;Luz do Dia;;;Meio de Quadra;;;0;1;0;0;0;0;0;0;0;0;0;0;;
285273;15;4;2016;07:46;0;AV ROGACIANO LEITE;;;2727;;Colisão;Luz do Dia;;;Meio de Quadra;;;0;1;0;0;0;0;0;0;0;0;0;0;-38,502151;-3,7825
285341;15;4;2016;14:02;0;AV SGT HERMINIO SAMPAIO;;;3787;;Colisão;Luz do Dia;;;Meio de Quadra;;;0;1;0;1;0;0;0;0;0;1;0;0;-38,574513;-3,729665
285331;15;4;2016;13:15;0;RUA BERNARDO MANUEL;;;7233;;Colisão;Luz do Dia;;;Meio de Quadra;;;0;1;0;1;0;0;0;0;0;1;0;0;-38,546357;-3,782185
285333;15;4;2016;13:17;0;AV EDUARDO GIRAO;;;;;Queda;Luz do Dia;;;Meio de Quadra;;;0;1;0;0;0;0;0;0;0;1;0;0;;
285355;15;4;2016;14:59;0;AV GOV RAUL BARBOSA;;;5770;;Colisão;Luz do Dia;;;Meio de Quadra;;;0;1;0;0;0;0;0;0;0;0;0;0;-38,510157;-3,768925
285335;15;4;2016;13:19;23686;RUA COM GARCIA;RUA DOM HENRIQUE;;;;Atropelamento;Luz do Dia;;;Cruz;Pare;Residencial;0;1;0;0;0;0;0;0;0;0;0;0;-38,57966;-3,789291
285344;15;4;2016;14:38;0;RUA PEDRO MUNIZ;;;224;;Atropelamento;Luz do Dia;;;Meio de Quadra;;;0;1;0;0;0;0;0;0;0;1;0;0;-38,562352;-3,763462
285337;15;4;2016;13:30;0;RUA SEN ROBERT KENNEDY;;;182;;Atropelamento;Luz do Dia;;;Meio de Quadra;;;0;1;0;0;0;0;0;0;0;1;0;0;-38,577657;-3,701178
285338;15;4;2016;13:56;1483;RUA FREDERICO BORGES;AV SANTOS DUMONT;;;;Colisão;Luz do Dia;;;T;Não Há Controle;Comercial;0;1;0;1;0;0;0;0;0;1;0;0;-38,488992;-3,739244
285352;15;4;2016;14:43;0;RD BR 222;;;3835;COLEGIO DA PM (KM 01);Colisão;Luz do Dia;;;Meio de Quadra;;;0;1;0;0;0;0;0;0;0;1;0;0;-38,578147;-3,737698
285319;15;4;2016;13:09;23728;RUA LEBOM MAIA;RUA MON AGOSTINHO;;;;Colisão;Luz do Dia;;;Cruz;Não Há Controle;Misto;0;1;0;1;0;0;0;0;0;1;0;0;-38,579197;-3,785799
285312;15;4;2016;13:07;0;RUA MIGUEL ARAGAO;;;635;;Atropelamento;Luz do Dia;;;Meio de Quadra;;;0;2;0;0;0;0;0;0;0;1;0;0;-38,586398;-3,834051
285306;15;4;2016;10:56;23453;RUA PAULO FIRMEZA;RUA CAP MELO;;;;Colisão;Luz do Dia;;;Cruz;Pare;Residencial;0;1;0;1;0;0;0;0;0;1;0;0;-38,512966;-3,757131
285308;15;4;2016;11:29;0;RUA MARIA JULIA;;;1610;;Colisão;Luz do Dia;;;Meio de Quadra;;;0;1;0;1;0;0;0;0;0;1;0;0;-38,601893;-3,799171
285309;15;4;2016;12:56;0;AV JOSE BASTOS;;;;;Queda;Luz do Dia;;;Meio de Quadra;;;0;1;0;0;0;0;0;0;0;1;0;0;;
285310;15;4;2016;12:58;0;RUA DOM HENRIQUE;;;152;;Colisão;Luz do Dia;;;Meio de Quadra;;;0;2;0;1;0;0;0;0;0;1;0;0;-38,579474;-3,78946
285296;15;4;2016;10:16;0;AV SEN FERNANDES TAVORA;;;725;;Colisão;Luz do Dia;;;Meio de Quadra;;;0;1;0;1;0;0;0;0;0;1;0;0;-38,579352;-3,763688
285300;15;4;2016;10:51;3074;RUA MARIA QUINTELA;RUA 12 DE JULHO;;;;Colisão;Luz do Dia;;;;;;0;1;1;1;0;0;0;0;0;1;0;0;-38,58584;-3,776106
285283;15;4;2016;09:26;0;RUA VALPARAISO;;;;;Queda;Luz do Dia;;;Meio de Quadra;;;0;1;0;0;0;0;0;0;0;1;0;0;;
285382;15;4;2016;18:41;0;AV JOVITA FEITOSA;;;1190;;Atropelamento;;;;Meio de Quadra;;;0;1;0;1;0;0;0;0;0;0;0;0;-38,554692;-3,739505
285383;15;4;2016;19:04;17352;AV JOAO PESSOA;RUA ELVIRA PINHO;;;;Colisão;;;;T;Pare;Residencial;0;1;0;1;0;0;0;0;0;1;0;0;-38,559092;-3,765499
285384;15;4;2016;19:39;0;RUA CARLOS CHAGAS;;;213;;Colisão;;;;Meio de Quadra;;;0;1;0;0;0;0;0;0;0;0;0;0;-38,582224;-3,780991
285386;15;4;2016;19:51;0;AV AGUANAMBI;;;;;Colisão;;;;Meio de Quadra;;;0;1;0;0;0;0;0;0;0;0;0;0;;
285387;15;4;2016;20:07;7623;RUA PERNAMBUCO;RUA RIO GRANDE DO SUL;;;;Colisão;;;;Cruz;Pare;Comercial;0;1;0;0;0;0;0;0;0;0;0;0;-38,568467;-3,760011
285388;15;4;2016;20:29;1716;AV GOV RAUL BARBOSA;AV GAL MURILO BORGES;;;;Colisão;;;;;;;0;1;0;0;0;0;0;0;0;0;0;0;-38,508802;-3,763977
285389;15;4;2016;21:00;0;AV MR HULL;;;4236;;Colisão;;;;Meio de Quadra;;;0;1;0;0;0;0;0;0;0;0;0;0;-38,582465;-3,738328
285367;15;4;2016;15:36;0;RD BR 116;;;4000;KM-04;Colisão;Luz do Dia;;;Meio de Quadra;;;0;1;0;0;0;0;0;0;0;0;0;0;-38,510646;-3,788331
285362;15;4;2016;15:10;0;RUA NAT FEIJO;;;1042;;Colisão;Luz do Dia;;;Meio de Quadra;;;0;1;0;1;0;0;0;0;0;1;0;0;;
285364;15;4;2016;15:14;0;RUA 14 CJ NOVA ASSUNCAO;;;57;;Colisão;Luz do Dia;;;Meio de Quadra;;;0;1;0;0;0;0;0;0;0;0;0;0;-38,51928;-3,823049
285371;15;4;2016;16:06;0;AV ALBERTO CRAVEIRO;;;;;Colisão;Luz do Dia;;;Meio de Quadra;;;0;1;0;1;0;0;0;0;0;1;0;0;;
285372;15;4;2016;16:08;0;RUA PORTO VELHO;;;1380;;Atropelamento;Luz do Dia;;;Meio de Quadra;;;0;2;0;0;0;0;0;0;0;0;0;0;-38,590931;-3,76386
285374;15;4;2016;16:28;0;AV ALBERTO CRAVEIRO;;;430;;Colisão;Luz do Dia;;;Meio de Quadra;;;0;1;0;0;0;0;0;0;0;0;0;0;-38,516505;-3,782668
285377;15;4;2016;17:46;0;RUA 860 CJ CEARA;;;;;Atropelamento;Anoitecer;;;Meio de Quadra;;;0;1;0;0;0;0;0;0;0;0;0;0;;
285378;15;4;2016;18:32;0;AV COSTA OESTE;;;1183;;Queda;;;;Meio de Quadra;;;0;1;0;0;0;0;0;0;0;1;0;0;;
285380;15;4;2016;18:36;0;AV DR SILAS MUNGUBA;;;5011;;Queda;;;;Meio de Quadra;;;0;1;0;0;0;0;0;0;0;1;0;0;-38,5316;-3,797187
284984;15;4;2016;17:05;0;AV MIN JOSE AMERICO;;;;;Colisão;Anoitecer;Bom;Seca;Meio de Quadra;;;0;0;2;1;0;0;0;0;0;0;0;0;;
284865;16;4;2016;14:30;0;RD CE-040;;;;KM-04;Colisão;Luz do Dia;Bom;Seca;Meio de Quadra;;;0;0;2;1;0;0;0;0;0;0;0;0;-38,481084;-3,782614
279130;16;4;2016;06:20;0;RD CE-040;;;;KM-02;Choque c/ Obstáculo Fixo;Luz do Dia;Bom;Seca;Meio de Quadra;;;0;1;0;1;0;0;0;0;0;0;0;0;-38,482583;-3,76465
282245;16;4;2016;13:20;1243;RUA PEREIRA FILGUEIRAS;RUA DR JOSE LOURENCO;;;;Colisão Lateral;Luz do Dia;Bom;Seca;Cruz;Pare;Misto;0;0;2;0;0;0;0;0;0;0;0;0;-38,50647;-3,730449
282246;16;4;2016;20:04;15333;RUA PRO DIAS DA ROCHA;RUA ANA BILHAR;;;;Colisão Lateral;Via Iluminada;Bom;Seca;Cruz;Pare;Lazer;0;0;2;1;0;0;0;0;0;0;0;0;-38,4903;-3,731209
282221;16;4;2016;07:26;5051;RUA SEN POMPEU;RUA SEN JAGUARIBE;;;;Colisão Transversal;Luz do Dia;Bom;Seca;Cruz;Pare;Outros;0;0;2;1;0;0;0;0;0;1;0;0;-38,528055;-3,721667
282214;16;4;2016;08:10;22278;RUA MOZART PINTO;RUA ANTONIO DRUMONT;;;;Colisão Transversal;Luz do Dia;Bom;Seca;Cruz;Pare;Residencial;0;0;2;1;0;0;0;0;0;0;0;0;-38,552182;-3,728167
282216;16;4;2016;10:50;0;RUA COSTA BARROS;;;;;Colisão Lateral;Luz do Dia;Bom;Seca;Meio de Quadra;Não Há Controle;Comercial;0;0;2;1;0;0;0;0;0;0;0;0;;
282280;16;4;2016;09:30;0;AV GAL OSORIO DE PAIVA;;;4545;;Atropelamento;Luz do Dia;Bom;Seca;Meio de Quadra;Não Há Controle;Comercial;0;1;1;0;0;0;0;0;0;1;0;0;-38,595764;-3,798239
282268;16;4;2016;18:40;0;AV GOV RAUL BARBOSA;;;5760;;Colisão Lateral;Via Iluminada;Bom;Seca;Meio de Quadra;Semáforo;Residencial;0;1;2;0;0;0;1;0;0;1;0;0;-38,510148;-3,768882
282278;16;4;2016;15:08;15664;AV FRE CIRILO;RUA NICOLAU COELHO;;;;Colisão Traseira;Luz do Dia;Bom;Seca;T;Não Há Controle;Comercial;0;0;2;1;0;0;0;0;0;0;0;0;-38,493769;-3,825721
282275;16;4;2016;20:00;23731;RUA DOM HENRIQUE;RUA ANTONIO COSTA MENDES (PQ SÃO JOSÉ);;;;Colisão Transversal;Via Iluminada;Bom;Seca;Cruz;Pare;Comercial;0;2;0;0;0;0;0;0;0;1;0;0;-38,581496;-3,787556
282276;16;4;2016;15:30;25845;RUA PDE PEDRO DE ALENCAR;RUA JOSEFA B DE ALENCAR;;;;Colisão Lateral;Luz do Dia;Bom;Seca;T;Semáforo;Comercial;0;0;3;1;0;0;1;0;0;0;0;0;;
282266;16;4;2016;17:00;0;AV BEZERRA DE MENEZES;;;2226;;Colisão Lateral;Anoitecer;Bom;Seca;Meio de Quadra;Semáforo;Comercial;0;0;2;1;0;0;1;0;0;0;0;0;-38,564548;-3,735689
282260;16;4;2016;05:50;0;RUA PDE PEDRO DE ALENCAR;;;1130;;Colisão Lateral;Luz do Dia;Bom;Seca;Meio de Quadra;Outros;Residencial;0;0;2;1;1;0;0;0;0;0;0;0;;
282263;16;4;2016;13:00;8021;AV JOAO PESSOA;RUA SAMUEL UCHOA;;;;Colisão Traseira;Luz do Dia;Bom;Seca;T;Pare;Comercial;0;0;2;1;0;0;0;0;0;0;0;0;-38,54894;-3,75184
282264;16;4;2016;19:30;0;AV OLAVO BILAC;;;;;Colisão Traseira;Via Iluminada;Bom;Seca;Meio de Quadra;Semáforo;Comercial;0;0;2;1;0;0;0;0;0;0;0;0;;
282255;16;4;2016;07:00;0;RUA PINTO MADEIRA;;;;PRAÇA DO CDL;Choque c/ Obstáculo Fixo;Luz do Dia;Bom;Seca;Meio de Quadra;Semáforo;Comercial;0;0;1;0;0;0;0;0;0;0;0;0;;
282257;16;4;2016;13:40;0;RUA TEREZA CRISTINA;;;1177;;Colisão Traseira;Luz do Dia;Bom;Seca;Meio de Quadra;Não Há Controle;Comercial;0;0;2;1;0;0;0;0;0;0;0;0;-38,537905;-3,730852
282258;16;4;2016;16:20;326;RUA PRO LINO ENCARNACAO;RUA NESTOR BARBOSA;;;;Colisão Lateral;Luz do Dia;Bom;Seca;Cruz;Pare;Misto;0;0;2;1;0;0;0;0;0;0;0;0;-38,559892;-3,744954
282249;16;4;2016;09:00;23042;AV DR SILAS MUNGUBA;RUA ONZE HORAS;;;;Colisão Traseira;Luz do Dia;Bom;Seca;Cruz;Outros;Misto;0;0;2;1;0;0;0;0;0;0;0;0;-38,539291;-3,790736
282252;16;4;2016;20:05;0;AV DOM MANUEL;;;414;;Colisão Lateral;Via Iluminada;Bom;Seca;Meio de Quadra;Semáforo;Residencial;0;0;2;0;1;0;0;0;0;0;0;0;-38,520936;-3,727808
282197;16;4;2016;05:40;23790;RUA ARRUDA CAMARA;RUA COM GARCIA;;;;Colisão Lateral;Luz do Dia;Bom;Seca;Cruz;Pare;Residencial;0;0;2;1;0;0;0;0;0;0;0;0;-38,581598;-3,791373
282210;16;4;2016;20:00;7674;RUA RIO GRANDE DO NORTE;AV JOSE BASTOS;;;;Colisão Transversal;Via Iluminada;Bom;Seca;Cruz;Pare;Residencial;0;1;1;0;0;0;0;0;0;1;0;0;-38,564477;-3,760562
282207;16;4;2016;21:00;0;RUA OSVALDO CRUZ (ALDEOTA);;;880;;Colisão Traseira;Via Iluminada;Bom;Seca;Meio de Quadra;;Comercial;0;0;2;1;0;0;0;0;0;0;0;0;-38,499511;-3,733104
282208;16;4;2016;04:30;0;AV PRS CASTELO BRANCO;;;2910;;Choque c/ Obstáculo Fixo;Amanhecer;Chuva;Molhada;Meio de Quadra;Não Há Controle;Residencial;1;0;0;1;0;0;0;0;0;0;0;0;-38,554136;-3,712139
282204;16;4;2016;07:30;18512;RUA BRAZ DE FRANCESCO;RUA 2 LT SINCOL;;;;Colisão Transversal;Luz do Dia;Nublado;Seca;T;Gesto;Comercial;0;0;2;0;1;0;0;1;0;0;0;0;-38,567333;-3,734925
282205;16;4;2016;07:40;22147;RUA GUSTAVO BRAGA;RUA PAPI JUNIOR;;;;Colisão Transversal;Luz do Dia;Bom;Seca;Cruz;Pare;Residencial;0;0;3;0;0;0;0;0;0;1;0;0;-38,554656;-3,749148
282202;16;4;2016;10:10;19509;AV GODOFREDO MACIEL;RUA CON MOURAO;;;;Colisão Traseira;Luz do Dia;Bom;Seca;T;Pare;Comercial;0;0;2;1;1;0;0;0;0;0;0;0;-38,565258;-3,781341
282302;16;4;2016;14:20;15157;RUA MON BRUNO;RUA ANTONELE BEZERRA;;;;Colisão Transversal;Luz do Dia;Bom;Seca;Cruz;Pare;Residencial;0;0;2;1;0;0;0;0;0;0;0;0;-38,507034;-3,724949
282300;16;4;2016;09:00;22081;RUA GUSTAVO BRAGA;RUA CAP FRANCISCO PEDRO;;;;;Luz do Dia;Bom;Seca;Cruz;Pare;Misto;0;1;1;1;0;0;0;0;0;1;0;0;-38,552452;-3,751155
282294;16;4;2016;09:25;1375;AV SANTOS DUMONT;RUA BARBOSA DE FREITAS;;;;Colisão Lateral;Luz do Dia;Bom;Seca;Cruz;Semáforo;Comercial;0;0;2;1;0;0;0;0;0;0;0;0;-38,497363;-3,736551
282292;16;4;2016;07:35;15204;AV ABOLICAO;RUA JULIO IBIAPINA;;;;Colisão Lateral;Luz do Dia;Bom;Seca;Cruz;Semáforo;Misto;0;0;2;1;0;0;0;0;0;0;0;0;-38,49129;-3,726679
282289;16;4;2016;13:00;7849;RUA JOSE VILAR;RUA FRANCISCO HOLANDA;;;;Colisão Lateral;Luz do Dia;Bom;Seca;Cruz;Pare;Residencial;0;1;1;1;0;0;0;0;0;0;0;0;-38,508441;-3,747448
282290;16;4;2016;15:00;1661;RUA JOAQUIM NABUCO;RUA VICENTE LINHARES;;;;Colisão Lateral;Luz do Dia;Bom;Seca;Cruz;Pare;Comercial;0;0;2;1;0;0;0;0;0;0;0;0;-38,50318;-3,741195
283609;16;4;2016;12:30;0;RD BR 116;;;500;KM-06;Atropelamento;Luz do Dia;Bom;Seca;Meio de Quadra;;;1;0;1;1;0;0;0;0;0;0;0;0;-38,50238198;-3,805924279
283614;16;4;2016;18:30;0;RD BR 116;;;0;KM-15;Atropelamento;Anoitecer;Bom;Seca;Meio de Quadra;;;0;2;0;0;0;0;0;0;0;1;0;0;-38,50122404;-3,883427193
283131;16;4;2016;13:38;0;AV PRS CASTELO BRANCO;;;;;Colisão;Luz do Dia;;;Meio de Quadra;;;0;1;1;1;0;0;0;0;0;1;0;0;;
283127;16;4;2016;12:33;0;RUA CARLOS AMORA;;;;;Queda;Luz do Dia;;;Meio de Quadra;;;0;1;0;0;0;1;0;0;0;0;0;0;;
283128;16;4;2016;12:48;15604;RUA CEL JOAO OLIVEIRA;RUA DOM SILVERIO D60;;;;Colisão;Luz do Dia;;;;;;0;1;1;1;0;0;0;0;0;1;0;0;-38,482154;-3,82357
283129;16;4;2016;13:14;0;RUA CEL FABRICIANO;;;1653;;Colisão;Luz do Dia;;;Meio de Quadra;;;0;2;0;0;0;0;0;0;0;1;0;0;-38,606157;-3,783231
283074;16;4;2016;11:01;23494;RUA FRE VIDAL;RUA TIBURCIO RODRIGUES;;;;Colisão;Luz do Dia;;;Cruz;Pare;Residencial;0;1;1;0;0;0;0;0;0;1;0;0;-38,517305;-3,758653
283018;16;4;2016;09:06;7849;RUA FRANCISCO HOLANDA;RUA JOSE VILAR;;;;Colisão;Luz do Dia;;;Cruz;Pare;Residencial;0;1;1;1;0;0;0;0;0;0;0;0;-38,508441;-3,747448
283072;16;4;2016;09:20;12613;AV CEL CARVALHO;RUA GAL TOME CORDEIRO;;;;Colisão;Luz do Dia;;;Outros;Pare;Residencial;0;1;2;1;0;0;0;0;0;1;0;0;-38,588318;-3,716001
283082;16;4;2016;12:16;0;RUA PRA HELOISA F LIMA;;;2430;;Colisão;Luz do Dia;;;Meio de Quadra;;;0;1;1;1;0;0;0;0;0;1;0;0;-38,547362;-3,79285