COD_ACIDENTE;DIA;MES;ANO;HORA;INTERSECAO;LOG1;LOG2;LOG3;NUMERO;REFERENCIA;NATUREZA;ILUMINACAO;TEMPO;SUPERFICIEPISTA;TIPOCRUZAMENTO;CONTROLETRAFEGO;USOSOLO;MORTOS;FERIDOS;ILESOS;AUTOMOVEL;ONIBUS;BICICLETA;CAMINHAO;MICROONIBUS;CICLOMOTOR;MOTOCICLETA;TRACAOANIMAL;TREM;LONG;LAT
283076;16;4;2016;11:25;19721;RUA AMADEU FURTADO;RUA GUSTAVO SAMPAIO;;;;Colisão;Luz do Dia;;;Cruz;Não Há Controle;Residencial;0;1;1;1;0;0;0;0;0;1;0;0;-38,563828;-3,736786
282990;16;4;2016;07:27;0;AV SGT HERMINIO SAMPAIO;;;;;Colisão;Luz do Dia;;;Meio de Quadra;;;0;1;1;1;0;0;0;0;0;1;0;0;;
282984;16;4;2016;03:48;0;AV GAL OSORIO DE PAIVA;;;4543;;Atropelamento;;;;Meio de Quadra;;;0;1;1;0;0;0;0;0;0;1;0;0;-38,595726;-3,798199
282986;16;4;2016;04:31;0;RUA CASTRO DE ALENCAR;;;1157;;Queda;;;;Meio de Quadra;;;0;1;0;0;0;0;0;0;0;1;0;0;;
283009;16;4;2016;08:25;0;AV LUCIANO CARNEIRO;;;721;;Colisão;Luz do Dia;;;Meio de Quadra;;;0;1;1;1;0;0;0;0;0;1;0;0;;
283007;16;4;2016;07:55;0;RD BR 116;;;5000;KM-05;Atropelamento;Luz do Dia;;;Meio de Quadra;;;0;1;1;1;0;0;0;0;0;0;0;0;-38,506787;-3,796502
282988;16;4;2016;05:42;0;RUA CEL JOAO CORREIA;;;2528;;Atropelamento;Amanhecer;;;Meio de Quadra;;;0;1;1;0;0;0;0;0;0;0;0;0;-38,615265;-3,788333
282980;16;4;2016;02:28;0;RUA VIRGILIO NOGUEIRA PAES;;;627;;Colisão;;;;Meio de Quadra;;;0;1;1;0;0;0;0;0;0;1;0;0;-38,608758;-3,788857
282975;16;4;2016;01:58;5711;RUA CHICO LEMOS;AV OLIVEIRA PAIVA;;;;Colisão;;;;Cruz;Semáforo;Comercial;0;1;1;1;0;0;0;0;0;1;0;0;-38,497091;-3,795857
282978;16;4;2016;02:15;22147;RUA PAPI JUNIOR;RUA GUSTAVO BRAGA;;;;Colisão;;;;Cruz;Pare;Residencial;0;1;2;1;0;0;0;0;0;1;0;0;-38,554656;-3,749148
282971;16;4;2016;01:25;5339;RUA SENA MADUREIRA;RUA PEDRO PEREIRA;;;;Colisão;;;;Com Via Férrea;Pare;Comercial;0;1;0;0;0;0;0;0;0;0;0;0;-38,525503;-3,730659
282972;16;4;2016;01:46;0;AV CEL CARVALHO;;;150;;Colisão;;;;Meio de Quadra;;;0;1;1;1;0;0;0;0;0;1;0;0;-38,591374;-3,704147
282973;16;4;2016;01:51;0;AV BEZERRA DE MENEZES;;;;;Queda;;;;Meio de Quadra;;;0;1;0;0;0;0;0;0;0;1;0;0;;
282960;16;4;2016;01:21;0;AV PRS CASTELO BRANCO;;;2906;;Choque c/ Obstáculo Fixo;;;;Meio de Quadra;;;0;1;0;1;0;0;0;0;0;0;0;0;-38,554043;-3,71216
282950;16;4;2016;00:35;9612;RUA SGT JOAO PINHEIRO;RUA OSCAR ARARIPE;;;;Colisão;;;;Cruz;Pare;Comercial;0;1;0;0;0;0;0;0;0;0;0;0;-38,623073;-3,783833
282946;16;4;2016;00:24;18404;AV SGT HERMINIO SAMPAIO;AV GOV PARSIFAL BARROSO;;;;Atropelamento;;;;Cruz;Semáforo;Comercial;0;1;1;0;0;0;0;0;0;0;0;0;-38,569276;-3,727916
283181;16;4;2016;14:55;0;RUA PIRAJUI;;;144;;Colisão;Luz do Dia;;;Meio de Quadra;;;0;1;1;1;0;0;0;0;0;1;0;0;;
283190;16;4;2016;15:11;10408;AV GENIBAU;RUA HUMAITA D73;;;;Colisão;Luz do Dia;;;Cruz;Pare;Comercial;0;1;1;1;0;0;0;0;0;1;0;0;-38,600613;-3,760652
283160;16;4;2016;14:48;0;AV WENEFRIDO MELO;;;167;;Colisão;Luz do Dia;;;Meio de Quadra;;;0;2;0;0;0;0;0;0;0;0;0;0;-38,577811;-3,808933
283162;16;4;2016;14:51;0;RUA BAR SOBRAL;;;11;;Colisão;Luz do Dia;;;Meio de Quadra;;;0;1;2;1;0;0;0;0;0;1;0;0;;
283192;16;4;2016;15:36;0;AV LINEU MACHADO;;;;;Colisão;Luz do Dia;;;Meio de Quadra;;;0;1;1;1;0;0;0;0;0;1;0;0;;
283193;16;4;2016;15:58;0;RUA DNA LUCIA PINHEIRO (QUINTINO CUNHA);;;84;;Capotamento;Luz do Dia;;;Meio de Quadra;;;0;1;0;1;0;0;0;0;0;0;0;0;-38,597909;-3,731997
283201;16;4;2016;16:36;0;AV N CJ JOSE WALTER;;;1104;;Colisão;Luz do Dia;;;Meio de Quadra;;;0;1;1;1;0;0;0;0;0;1;0;0;;
283196;16;4;2016;16:24;9653;RUA BOM JESUS (GRANJA LISBOA);RUA FRANCISCO PAIVA;;;;Atropelamento;Luz do Dia;;;Cruz;Não Há Controle;Residencial;0;1;1;1;0;0;0;0;0;0;0;0;-38,614088;-3,790241
283203;16;4;2016;19:29;24939;AV BEZERRA DE MENEZES;RUA CEL MOZART GONDIM;;;;Colisão;;;;Cruz;Semáforo;Comercial;0;1;1;1;0;0;0;0;0;1;0;0;-38,558651;-3,734449
287090;16;4;2016;03:23;0;AV ENG LEAL LIMA VERDE (SAPIRANGA/COITE);;;;;Colisão;;;;Meio de Quadra;;;0;0;1;0;0;0;0;0;0;0;0;0;;
287092;16;4;2016;06:13;5269;AV DUQ CAXIAS;RUA PDE IBIAPINA;;;;Colisão;Luz do Dia;;;Cruz;Semáforo;Comercial;0;0;1;0;0;0;0;0;0;0;0;0;-38,540226;-3,728446
287093;16;4;2016;06:15;8949;RUA JUSTINIANO DE SERPA;AV BEZERRA DE MENEZES;;;;Colisão;Luz do Dia;;;Cruz;Semáforo Intermitente;Comercial;0;0;1;0;0;0;0;0;0;0;0;0;-38,542857;-3,731156
287094;16;4;2016;06:30;15204;AV ABOLICAO;RUA JULIO IBIAPINA;;;;Colisão;Luz do Dia;;;Cruz;Semáforo;Residencial;0;0;1;0;0;0;0;0;0;0;0;0;-38,49129;-3,726679
287095;16;4;2016;07:23;16057;AV PRS COSTA E SILVA;AV GODOFREDO MACIEL;;;;Colisão;Luz do Dia;;;;;;0;0;1;0;0;0;0;0;0;0;0;0;-38,574739;-3,811743
287102;16;4;2016;07:58;25450;RUA LIGIA MONTE;AV PDE ANTONIO TOMAS;;;;Colisão;Luz do Dia;;;Cruz;Semáforo;Residencial;0;0;1;0;0;0;0;0;0;0;0;0;;
287103;16;4;2016;07:59;2706;RUA CEL VIRGILIO NOGUEIRA (BOM JARDIM);RUA OSCAR FRANCA;;;;Colisão;Luz do Dia;;;Cruz;Pare;Residencial;0;0;1;0;0;0;0;0;0;0;0;0;;
287105;16;4;2016;08:22;9094;AV SORIANO ALBUQUERQUE;RUA CEL PERGENTINO FERREIRA;;;;Colisão;Luz do Dia;;;Cruz;Pare;Misto;0;0;1;0;0;0;0;0;0;0;0;0;-38,521682;-3,747601
287107;16;4;2016;09:32;12864;AV DOMINGOS OLIMPIO;RUA ASSUNCAO;;;;Colisão;Luz do Dia;;;Cruz;Semáforo;Residencial;0;0;1;0;0;0;0;0;0;0;0;0;-38,529548;-3,737192
287108;16;4;2016;09:36;25008;RUA SILVIO ROMERO;RUA TEODOMIRO DE CASTRO;;;;Colisão;Luz do Dia;;;Cruz;Pare;Residencial;0;0;1;0;0;0;0;0;0;0;0;0;-38,570794;-3,719538
287098;16;4;2016;07:29;7781;AV DES MOREIRA;AV ANTONIO SALES;;;;Colisão;Luz do Dia;;;Cruz;Semáforo;Comercial;0;0;1;0;0;0;0;0;0;0;0;0;-38,50141;-3,745744
287100;16;4;2016;07:36;24369;RUA ALBERTO MONTEZUMA;RUA DOMINGOS JAGUARIBE;;;;Colisão;Luz do Dia;;;Cruz;Pare;Residencial;0;0;2;0;0;0;0;0;0;0;0;0;-38,533453;-3,766452
287110;16;4;2016;10:12;0;AV GODOFREDO MACIEL;;;556;;Colisão;Luz do Dia;;;Meio de Quadra;;;0;0;1;0;0;0;0;0;0;0;0;0;-38,565234;-3,781261
287112;16;4;2016;10:57;1507;RUA PDE VALDEVINO;RUA BAR ARACATI;;;;Colisão;Luz do Dia;;;Cruz;Pare;Comercial;0;0;1;0;0;0;0;0;0;0;0;0;-38,514377;-3,739898
287114;16;4;2016;11:00;22986;AV DR SILAS MUNGUBA;RUA BETEL;;;;Colisão;Luz do Dia;;;Cruz;Pare;Comercial;0;0;1;0;0;0;0;0;0;0;0;0;-38,550166;-3,786401
287117;16;4;2016;12:22;0;RUA SOBRAL D03;;;;;Colisão;Luz do Dia;;;Meio de Quadra;;;0;0;1;0;0;0;0;0;0;0;0;0;;
287118;16;4;2016;12:29;0;AV FRE CIRILO;;;;;Colisão;Luz do Dia;;;Meio de Quadra;;;0;0;1;0;0;0;0;0;0;0;0;0;;
287119;16;4;2016;12:32;3337;AV ENG HUMBERTO MONTE;RUA RIO GRANDE DO SUL;;;;Colisão Frontal;Luz do Dia;;;T;Pare;Comercial;0;0;1;0;0;0;0;0;0;0;0;0;-38,560374;-3,749204
287122;16;4;2016;12:35;6721;RUA BENTO ALBUQUERQUE;AV ENG SANTANA JUNIOR;;;;Colisão;Luz do Dia;;;Cruz;Semáforo;Misto;0;0;1;0;0;0;0;0;0;0;0;0;-38,486538;-3,742678
287125;16;4;2016;12:58;25011;RUA TEODOMIRO DE CASTRO;RUA TEN JOSE BARREIRA;;;;Colisão;Luz do Dia;;;;Não Há Controle;Comercial;0;0;1;0;0;0;0;0;0;0;0;0;-38,572355;-3,718743
287127;16;4;2016;13:17;0;RUA L UI 610;;;252;;Colisão;Luz do Dia;;;Meio de Quadra;;;0;0;1;0;0;0;0;0;0;0;0;0;;
287130;16;4;2016;14:46;15142;RUA MON BRUNO;AV MON TABOSA;;;;Colisão;Luz do Dia;;;Cruz;Pare;;0;0;1;0;0;0;0;0;0;0;0;0;-38,506833;-3,724369
287131;16;4;2016;14:56;0;AV FRE CIRILO;;;4810;;Colisão;Luz do Dia;;;Meio de Quadra;;;0;0;1;0;0;0;0;0;0;0;0;0;-38,4938;-3,825645
287132;16;4;2016;15:31;0;RUA OSCAR ARARIPE;;;280;;Colisão;Luz do Dia;;;Meio de Quadra;;;0;0;1;0;0;0;0;0;0;0;0;0;-38,593899;-3,792921
287133;16;4;2016;15:47;0;LOGRADOURO SEM NOME;;;;;Colisão;Luz do Dia;;;Meio de Quadra;;;0;0;1;0;0;0;0;0;0;0;0;0;;
287135;16;4;2016;15:48;0;AV SANTOS DUMONT;;;3060;;Colisão;Luz do Dia;;;Meio de Quadra;;;0;0;1;0;0;0;0;0;0;0;0;0;-38,497441;-3,736525
287136;16;4;2016;15:51;19721;RUA AMADEU FURTADO;RUA GUSTAVO SAMPAIO;;;;Colisão;Luz do Dia;;;Cruz;Não Há Controle;Residencial;0;0;1;0;0;0;0;0;0;0;0;0;-38,563828;-3,736786
287137;16;4;2016;16:18;0;AV JOVITA FEITOSA;;;1086;;Colisão;Luz do Dia;;;Meio de Quadra;;;0;0;1;0;0;0;0;0;0;0;0;0;-38,553877;-3,739343
287139;16;4;2016;16:20;9140;RUA CEL PERGENTINO FERREIRA;AV FELINO BARROSO;;;;Colisão;Luz do Dia;;;;;;0;0;1;0;0;0;0;0;0;0;0;0;-38,527957;-3,749106
287142;16;4;2016;16:29;8647;AV EDILSON B SOARES;RUA PRO SOLON FARIAS;;;;Colisão;Luz do Dia;;;Cruz;Pare;Residencial;0;0;1;0;0;0;0;0;0;0;0;0;-38,477116;-3,789155
287143;16;4;2016;17:03;5381;AV IMPERADOR;RUA METON DE ALENCAR;;;;Colisão;Anoitecer;;;;Não Há Controle;Comercial;0;0;1;0;0;0;0;0;0;0;0;0;-38,535869;-3,731966
287144;16;4;2016;18:03;0;AV PRS CASTELO BRANCO;;;;;Colisão;Anoitecer;;;Meio de Quadra;;;0;0;1;0;0;0;0;0;0;0;0;0;;
287149;16;4;2016;19:26;0;AV PRS COSTA E SILVA;;;;;Colisão;;;;Meio de Quadra;;;0;0;1;0;0;0;0;0;0;0;0;0;;
287150;16;4;2016;20:05;10408;AV GENIBAU;RUA HUMAITA D73;;;;Colisão;;;;Cruz;Pare;Comercial;0;0;1;0;0;0;0;0;0;0;0;0;-38,600613;-3,760652
287152;16;4;2016;20:16;0;AV LINEU MACHADO;;;1459;;Colisão;;;;Meio de Quadra;;;0;0;1;0;0;0;0;0;0;0;0;0;-38,580288;-3,772422
287153;16;4;2016;20:44;0;RUA DNA LUCIA PINHEIRO (QUINTINO CUNHA);;;60;;Colisão;;;;Meio de Quadra;;;0;0;1;0;0;0;0;0;0;0;0;0;-38,597779;-3,732031
287146;16;4;2016;19:11;9170;AV EDUARDO GIRAO;RUA GAL SILVA JUNIOR;;;;Colisão;;;;Cruz;Semáforo;Residencial;0;0;1;0;0;0;0;0;0;0;0;0;-38,530785;-3,754309
287147;16;4;2016;19:15;10695;RUA PRO HERIBALDO COSTA;RUA MON HIPOLITO BRASIL;;;;Colisão;;;;Cruz;Pare;Comercial;0;0;1;0;0;0;0;0;0;0;0;0;-38,582275;-3,757069
287155;16;4;2016;21:08;19935;RUA FRANCISCO LORDA;RUA JORGE ACURCIO;;;;Colisão;;;;Cruz;Pare;Residencial;0;0;1;0;0;0;0;0;0;0;0;0;-38,530533;-3,762325
287161;16;4;2016;22:08;0;RUA PERNAMBUCO;;;2261;;Colisão;;;;Meio de Quadra;;;0;0;2;0;0;0;0;0;0;0;0;0;;
287166;16;4;2016;22:36;0;AV DR SILAS MUNGUBA;;;4;;Colisão;;;;Meio de Quadra;;;0;0;1;0;0;0;0;0;0;0;0;0;;
287158;16;4;2016;21:13;0;AV N CJ JOSE WALTER;;;1162;;Colisão;;;;Meio de Quadra;;;0;0;1;0;0;0;0;0;0;0;0;0;;
280920;16;4;2016;16:30;0;RUA GOIAS;;;1513;;Colisão Lateral;Luz do Dia;Bom;Seca;Meio de Quadra;Não Há Controle;Misto;0;0;2;1;0;0;0;0;0;0;0;0;-38,566176;-3,759708
280922;16;4;2016;23:33;0;AV DR SILAS MUNGUBA;;;;;Colisão;;;;Meio de Quadra;;;0;0;2;1;0;0;0;0;0;0;0;0;;
280933;17;4;2016;13:00;19667;AV BEZERRA DE MENEZES;RUA ERETIDES MARTINS;;;;Colisão Transversal;Luz do Dia;Bom;Seca;Cruz;Semáforo;Comercial;0;0;2;1;0;0;0;0;0;0;0;0;-38,557568;-3,734232
287178;17;4;2016;05:56;7875;AV SEN VIRGILIO TAVORA;AV PONTES VIEIRA;;;;Colisão;Amanhecer;;;Cruz;Semáforo Intermitente;Residencial;0;0;1;0;0;0;0;0;0;0;0;0;-38,497652;-3,750886
287179;17;4;2016;06:29;0;RUA EDUARDO PERDIGAO;;;;;Colisão;Luz do Dia;;;Meio de Quadra;;;0;0;1;0;0;0;0;0;0;0;0;0;;
287167;17;4;2016;00:19;19672;AV BEZERRA DE MENEZES;RUA GAL PIRAGIBE;;;;Colisão;;;;Cruz;Semáforo;Residencial;0;0;1;0;0;0;0;0;0;0;0;0;-38,558651;-3,734449
287168;17;4;2016;00:21;0;AV PRS CASTELO BRANCO;;;;;Colisão;;;;Meio de Quadra;;;0;0;1;0;0;0;0;0;0;0;0;0;;
287169;17;4;2016;00:22;0;RUA ROSINHA SAMPAIO;;;1294;;Colisão;;;;Meio de Quadra;;;0;0;1;0;0;0;0;0;0;0;0;0;-38,590202;-3,726322
287170;17;4;2016;00:42;0;RUA BERNARDO MANUEL;;;;;Colisão;;;;Meio de Quadra;;;0;0;1;0;0;0;0;0;0;0;0;0;;
287183;17;4;2016;07:00;1472;RUA TIBURCIO CAVALCANTE;AV PDE ANTONIO TOMAS;;;;Colisão;Luz do Dia;;;Cruz;Semáforo;Comercial;0;0;1;0;0;0;0;0;0;0;0;0;-38,503547;-3,73895
287185;17;4;2016;08:19;0;RUA URUCUTUBA;;;1479;;Colisão;Luz do Dia;;;Meio de Quadra;;;0;0;1;0;0;0;0;0;0;0;0;0;-38,607985;-3,797539
287187;17;4;2016;09:44;0;RUA FRANCISCO BENTO;;;42;;Colisão;Luz do Dia;;;Meio de Quadra;;;0;0;1;0;0;0;0;0;0;0;0;0;;
287188;17;4;2016;10:10;0;RUA PEDRO ARTUR;;;93;;Colisão;Luz do Dia;;;Meio de Quadra;;;0;0;1;0;0;0;0;0;0;0;0;0;-38,547202;-3,714565
287190;17;4;2016;11:46;12614;AV CEL CARVALHO;RUA COS LAFAYETE;;;;Colisão;Luz do Dia;;;;;;0;0;1;0;0;0;0;0;0;0;0;0;-38,587938;-3,717512
287193;17;4;2016;15:17;0;RUA MANUEL GADELHA;;;;;Colisão;Luz do Dia;;;Meio de Quadra;;;0;0;1;0;0;0;0;0;0;0;0;0;;
287196;17;4;2016;15:41;5709;AV DES GONZAGA;AV OLIVEIRA PAIVA;;;;Colisão;Luz do Dia;;;Cruz;Semáforo;Lazer;0;0;1;0;0;0;0;0;0;0;0;0;-38,499953;-3,797165
287200;17;4;2016;15:45;22937;RUA GOV JOAO CARLOS;AV DR SILAS MUNGUBA;;;;Colisão;Luz do Dia;;;T;Semáforo;Comercial;0;0;1;0;0;0;0;0;0;0;0;0;-38,55391;-3,78395
287213;17;4;2016;16:34;9132;RUA JAIME BENEVOLO;AV 13 DE MAIO;;;;Colisão;Luz do Dia;;;Cruz;Semáforo;Comercial;0;0;1;0;0;0;0;0;0;0;0;0;-38,530741;-3,748122
287216;17;4;2016;16:56;0;AV EDILSON B SOARES;;;;;Colisão;Luz do Dia;;;Meio de Quadra;;;0;0;1;0;0;0;0;0;0;0;0;0;;
287217;17;4;2016;18:15;23406;RUA CAP GUSTAVO;RUA CAP TIBURCIO DA FROTA;;;;Colisão;Anoitecer;;;Cruz;Pare;Residencial;0;0;1;0;0;0;0;0;0;0;0;0;-38,516738;-3,755243
287218;17;4;2016;18:16;0;AV AUGUSTO DOS ANJOS;;;2060;;Colisão;Anoitecer;;;Meio de Quadra;;;0;0;1;0;0;0;0;0;0;0;0;0;-38,582119;-3,783575
287219;17;4;2016;18:54;0;AV GAL OSORIO DE PAIVA;;;;;Colisão;;;;Meio de Quadra;;;0;0;1;0;0;0;0;0;0;0;0;0;;
287220;17;4;2016;18:55;0;RUA JUIZ DE FORA;;;111;;Colisão;;;;Meio de Quadra;;;0;0;1;0;0;0;0;0;0;0;0;0;-38,488501;-3,792086
287221;17;4;2016;20:39;25871;RUA CON DE CASTRO;RUA SAO MANUEL;;;;Colisão;;;;Outros;Pare;Residencial;0;0;1;0;0;0;0;0;0;0;0;0;-38,583853;-3,796271
287222;17;4;2016;23:09;0;AV CENTRAL CJ CEARA;;;;;Colisão;;;;Meio de Quadra;;;0;0;1;0;0;0;0;0;0;0;0;0;;
287207;17;4;2016;16:07;0;AV GAL OSORIO DE PAIVA;;;;;Colisão;Luz do Dia;;;Meio de Quadra;;;0;0;1;0;0;0;0;0;0;0;0;0;;
287208;17;4;2016;16:19;0;AV I CJ JOSE WALTER;;;670;;Colisão;Luz do Dia;;;Meio de Quadra;;;0;0;1;0;0;0;0;0;0;0;0;0;-38,552185;-3,829903
283204;17;4;2016;00:09;0;RUA BERNARDO MANUEL;;;9970;;Colisão;;;;Meio de Quadra;;;0;1;1;0;0;0;0;0;0;1;0;0;-38,553161;-3,804543
283229;17;4;2016;02:42;0;RUA CON DE CASTRO;;;177;;Colisão;;;;Meio de Quadra;;;0;1;0;0;0;0;0;0;0;0;0;0;-38,56493;-3,775747
283207;17;4;2016;00:24;0;AV BEZERRA DE MENEZES;;;;;Colisão;;;;Meio de Quadra;;;0;1;1;1;0;0;0;0;0;1;0;0;;
283219;17;4;2016;01:19;18024;RUA RENATO BRAGA;AV ZEZE DIOGO;;;;Colisão;;;;Cruz;Semáforo;Comercial;1;0;1;1;0;0;0;0;0;1;0;0;-38,457892;-3,73092
283220;17;4;2016;01:42;0;AV CASTELO DE CASTRO;;;260;;Colisão;;;;Meio de Quadra;;;0;1;0;0;0;0;0;0;0;0;0;0;-38,521508;-3,831362
283222;17;4;2016;01:54;0;RD BR 116;;;3000;KM-03;Colisão;;;;Meio de Quadra;;;0;1;1;1;0;0;0;0;0;1;0;0;-38,514372;-3,779838
283252;17;4;2016;03:07;0;AV GAL OSORIO DE PAIVA;;;;;Queda;;;;Meio de Quadra;;;0;1;0;0;0;0;0;0;0;1;0;0;;
283262;17;4;2016;03:08;0;RUA EDUARDO PERDIGAO;;;;;Colisão;;;;Meio de Quadra;;;0;1;1;1;0;0;0;0;0;1;0;0;;
283270;17;4;2016;04:10;0;RUA URUCUTUBA;;;1479;RESIDENCIAL BOM JARDIM;Colisão;;;;Meio de Quadra;;;0;2;0;0;0;0;0;0;0;1;0;0;-38,607985;-3,797539
283289;17;4;2016;06:08;0;RUA PEDRO ARTUR;;;185;;Atropelamento;Luz do Dia;;;Meio de Quadra;;;0;2;1;0;0;0;0;0;0;1;0;0;-38,548593;-3,714133
283298;17;4;2016;08:01;0;AV ENG SANTANA JUNIOR;;;;;Colisão;Luz do Dia;;;Meio de Quadra;;;0;1;1;1;0;0;0;0;0;1;0;0;;
283304;17;4;2016;09:30;0;AV CASTELO DE CASTRO;;;766;;Colisão;Luz do Dia;;;Meio de Quadra;;;0;1;0;0;0;0;0;0;0;0;0;0;;
283293;17;4;2016;06:31;0;AV RAD JOSE LIMA VERDE;;;638;;Colisão;Luz do Dia;;;;;;0;1;0;0;0;0;0;0;0;0;0;0;-38,587093;-3,69852
283296;17;4;2016;07:08;0;RUA FRANCISCO DOMINGOS;;;824;;Queda;Luz do Dia;;;Meio de Quadra;;;0;1;1;0;0;0;0;0;0;1;0;0;-38,588266;-3,778562
283433;17;4;2016;19:14;0;AV JOSE BASTOS;;;;;Atropelamento;;;;Meio de Quadra;;;0;1;1;1;0;0;0;0;0;0;0;0;;
283429;17;4;2016;18:36;0;RUA BAR CRATO;;;1274;;Queda;;;;Meio de Quadra;;;0;1;0;0;0;0;0;0;0;1;0;0;-38,560869;-3,721588
283423;17;4;2016;17:43;10105;RUA MARIA JULIA;RUA GUSTAVO BARROSO;;;;Colisão;Anoitecer;;;Cruz;Pare;Comercial;0;1;1;1;0;0;0;0;0;1;0;0;-38,598031;-3,786307
283424;17;4;2016;17:58;0;RUA RAIMUNDO RIBEIRO;;;1309;;Colisão;Anoitecer;;;Meio de Quadra;;;0;1;1;0;0;0;0;0;0;1;0;0;;
283427;17;4;2016;18:04;5191;AV DOM MANUEL;RUA PEREIRA FILGUEIRAS;;;;Atropelamento;Anoitecer;;;Cruz;Semáforo;Comercial;0;1;1;0;1;0;0;0;0;0;0;0;-38,520338;-3,725943
283411;17;4;2016;15:28;10404;AV D CJ CEARA;AV E CJ CEARA;;;;Colisão;Luz do Dia;;;Cruz;;Residencial;0;2;0;0;0;0;0;0;0;1;0;0;-38,603746;-3,75993
283406;17;4;2016;15:18;0;AV WENEFRIDO MELO;;;;;Queda;Luz do Dia;;;Meio de Quadra;;;0;1;0;0;0;0;0;0;0;1;0;0;;
283417;17;4;2016;16:15;0;AV CEL CARVALHO;;;170;;Queda;Luz do Dia;;;Meio de Quadra;;;0;1;0;0;0;0;0;0;0;1;0;0;-38,591327;-3,70433
283419;17;4;2016;16:53;22672;AV COS GOMES DE FREITAS (SAPIRANGA/COITE);RUA ELISEU ORIA;;;;Colisão;Luz do Dia;;;Cruz;Pare;Residencial;0;1;1;1;0;0;0;0;0;1;0;0;-38,477418;-3,795487
283420;17;4;2016;16:56;0;RUA CON DE CASTRO;;;3198;;Colisão;Luz do Dia;;;Meio de Quadra;;;0;1;1;1;0;0;0;0;0;1;0;0;-38,583909;-3,796331
283421;17;4;2016;17:11;0;AV CEL CARVALHO;;;526;;Colisão;Anoitecer;;;Meio de Quadra;;;0;1;0;0;0;0;0;0;0;0;0;0;;
283415;17;4;2016;15:47;0;AV AUGUSTO DOS ANJOS;;;1196;;Colisão;Luz do Dia;;;Meio de Quadra;;;0;1;2;1;0;0;0;0;0;1;0;0;;
283349;17;4;2016;14:58;0;RUA JUIZ DE FORA;;;315;;Atropelamento;Luz do Dia;;;Meio de Quadra;;;0;1;1;1;0;0;0;0;0;0;0;0;-38,488683;-3,793768
283340;17;4;2016;13:55;0;AV AUGUSTO DOS ANJOS;;;2066;;Colisão;Luz do Dia;;;Meio de Quadra;;;0;1;2;1;0;0;0;0;0;1;0;0;-38,582166;-3,783629
283306;17;4;2016;09:56;0;RUA LUIS VIEIRA;;;125;;Colisão;Luz do Dia;;;Meio de Quadra;;;0;1;1;1;0;0;0;0;0;1;0;0;-38,586117;-3,797197
283333;17;4;2016;11:40;0;AV SGT HERMINIO SAMPAIO;;;1286;;Colisão;Luz do Dia;;;Meio de Quadra;;;0;1;1;0;0;0;0;0;0;1;0;0;-38,552155;-3,724845
283334;17;4;2016;11:51;0;AV DR SILAS MUNGUBA;;;1518;;Colisão;Luz do Dia;;;Meio de Quadra;;;0;1;1;1;0;0;0;0;0;1;0;0;-38,553974;-3,783857
283331;17;4;2016;11:30;0;AV AUGUSTO DOS ANJOS;;;584;;Colisão;Luz do Dia;;;Meio de Quadra;;;0;1;1;1;0;0;0;0;0;1;0;0;-38,573436;-3,773729
283318;17;4;2016;10:52;0;RUA VITORIA DA CONQUISTA;;;1676;;Colisão;Luz do Dia;;;Meio de Quadra;;;0;2;0;0;0;0;0;0;0;1;0;0;;
283641;17;4;2016;07:10;0;RD BR 116;;;400;KM-11;Colisão Frontal;Luz do Dia;Bom;Seca;Meio de Quadra;;;0;0;2;1;0;0;0;0;0;0;0;0;-38,49672673;-3,848173913
282283;17;4;2016;19:10;12521;AV AUGUSTO DOS ANJOS;RUA JULIO BRAGA;;;;Colisão Traseira;Via Iluminada;Bom;Seca;Cruz;Semáforo;Comercial;0;2;1;1;0;0;0;0;0;1;0;0;-38,576193;-3,776779
282285;17;4;2016;18:30;19561;AV GODOFREDO MACIEL;RUA ANTONIO BANDEIRA D41;;;;Colisão Lateral;Via Iluminada;Bom;Seca;T;Semáforo;Comercial;0;0;2;1;0;0;0;1;0;0;0;0;-38,565838;-3,783278
282196;17;4;2016;06:00;9287;AV BORGES DE MELO;AV DOS EXPEDICIONARIOS;;;;Colisão Traseira;Luz do Dia;Bom;Seca;Cruz;Semáforo;Residencial;0;0;2;1;0;0;0;0;0;0;0;0;-38,537674;-3,753391
282188;17;4;2016;14:45;0;RUA GASTAO JUSTA;;;580;;Choque c/ Obstáculo Fixo;Luz do Dia;Nublado;Seca;Meio de Quadra;Pare;Residencial;0;0;1;0;0;0;0;0;0;0;0;0;;
282190;17;4;2016;21:00;0;AV DOM MANUEL;;;154;;Atropelamento;Via Iluminada;Bom;Seca;Meio de Quadra;Não Há Controle;Residencial;0;1;1;0;1;0;0;0;0;0;0;0;-38,520165;-3,725398
282192;17;4;2016;13:00;0;AV BORGES DE MELO;;;201;BASE AEREA;Colisão Traseira;Luz do Dia;Bom;Seca;Outros;Não Há Controle;Residencial;0;0;2;1;0;0;0;0;0;0;0;0;-38,519958;-3,761351
282236;17;4;2016;20:20;5413;RUA GAL SAMPAIO;RUA METON DE ALENCAR;;;;Colisão Transversal;Via Iluminada;Bom;Seca;Cruz;Semáforo;Comercial;0;1;1;0;0;0;0;0;0;1;0;0;-38,5326;-3,733033
282256;17;4;2016;07:00;12520;AV AUGUSTO DOS ANJOS;RUA ALUISIO AZEVEDO;;;;Colisão Lateral;Luz do Dia;Nublado;Seca;T;Semáforo;Comercial;0;1;1;1;0;0;0;0;0;1;0;0;;
282277;17;4;2016;17:28;0;RUA ANTONIO BENTO;;;1466;;Choque c/ Obstáculo Fixo;Anoitecer;Bom;Seca;Meio de Quadra;Não Há Controle;Residencial;0;0;1;1;0;0;0;0;0;0;0;0;;
282215;17;4;2016;06:20;17585;RUA RIO GRANDE DO SUL;RUA MARANHAO;;;;Outros;Luz do Dia;Bom;Seca;Cruz;Pare;Residencial;0;1;1;1;0;0;0;0;0;1;0;0;-38,565689;-3,755695