COD_ACIDENTE;DIA;MES;ANO;HORA;INTERSECAO;LOG1;LOG2;LOG3;NUMERO;REFERENCIA;NATUREZA;ILUMINACAO;TEMPO;SUPERFICIEPISTA;TIPOCRUZAMENTO;CONTROLETRAFEGO;USOSOLO;MORTOS;FERIDOS;ILESOS;AUTOMOVEL;ONIBUS;BICICLETA;CAMINHAO;MICROONIBUS;CICLOMOTOR;MOTOCICLETA;TRACAOANIMAL;TREM;LONG;LAT
282212;17;4;2016;13:30;19068;AV ENG SANTANA JUNIOR;RUA PRO SILAS RIBEIRO;;;;Choque c/ Obstáculo Fixo;Luz do Dia;Bom;Seca;Cruz;Semáforo;Comercial;0;0;1;1;0;0;0;0;0;0;0;0;-38,482901;-3,736968
282227;17;4;2016;16:00;5159;AV IMPERADOR;RUA GUILHERME ROCHA;;;;Colisão Transversal;Luz do Dia;Bom;Seca;Cruz;Semáforo;Comercial;0;0;2;1;0;0;0;0;0;1;0;0;-38,533829;-3,725081
282225;17;4;2016;16:15;3929;RUA SEN POMPEU;RUA ANTONIO POMPEU;;;;Colisão Transversal;Luz do Dia;Nublado;Seca;Cruz;Semáforo;Comercial;0;0;2;1;0;0;0;0;0;0;0;0;-38,531891;-3,734439
282241;17;4;2016;04:30;0;AV ABOLICAO;;;2666;;Choque c/ Obstáculo Fixo;Anoitecer;Bom;Seca;Meio de Quadra;Não Há Controle;Residencial;0;0;1;1;0;0;0;0;0;0;0;0;-38,495551;-3,727303
282242;17;4;2016;06:45;5366;RUA SEN POMPEU;AV DUQ CAXIAS;;;;Colisão Lateral;Luz do Dia;Bom;Seca;Cruz;Semáforo;Comercial;0;0;3;1;0;0;0;0;0;0;0;0;-38,530994;-3,73143
282233;17;4;2016;05:30;13389;AV ANTONIO SALES;RUA JOAO CORDEIRO;;;;Colisão;Luz do Dia;Bom;Seca;Cruz;Semáforo;Comercial;0;0;2;1;0;0;0;0;0;0;0;0;-38,518068;-3,740588
279131;17;4;2016;08:00;0;RD CE-025;;;;KM-01;Colisão;Luz do Dia;Bom;Seca;Meio de Quadra;;;0;0;2;1;0;0;0;0;0;0;0;0;-38,470049;-3,807811
279132;18;4;2016;08:00;0;AV SEN CARLOS JEREISSATI (AEROPORTO);;;;KM 03;Colisão;Luz do Dia;Bom;Seca;Meio de Quadra;;;0;1;1;1;0;0;0;0;0;1;0;0;-38,544038;-3,779641
284855;18;4;2016;07:00;0;AV MIN JOSE AMERICO;;;;;Colisão;Luz do Dia;Bom;Seca;Meio de Quadra;;;0;0;2;1;0;0;0;0;0;0;0;0;;
282235;18;4;2016;09:10;0;RUA PEREIRA DE MIRANDA;;;187;;Colisão Lateral;Luz do Dia;Nublado;Seca;Meio de Quadra;Gesto;Outros;0;0;2;1;1;0;0;0;0;0;0;0;;
282231;18;4;2016;15:50;5374;RUA BAR RIO BRANCO;AV DUQ CAXIAS;;;;Outros;Luz do Dia;Bom;Seca;Cruz;Semáforo;Comercial;0;1;1;1;0;0;0;0;0;1;0;0;-38,529947;-3,731774
282244;18;4;2016;10:15;0;RUA COSTA BARROS;;;50;;Colisão Frontal;Luz do Dia;Nublado;Seca;Meio de Quadra;Gesto;Comercial;0;1;1;0;0;1;0;0;0;1;0;0;-38,522919;-3,726676
282267;18;4;2016;18:00;7432;RUA PEDRO DANTAS;RUA CAPRICHO;;;;Colisão Lateral;Anoitecer;Bom;Seca;T;Pare;Residencial;0;2;1;1;0;0;0;0;0;1;0;0;-38,524906;-3,785382
282272;18;4;2016;09:00;0;RUA FRE MANSUETO;;;1240;;Colisão Traseira;Luz do Dia;Bom;Seca;Meio de Quadra;Não Há Controle;Comercial;0;1;1;1;0;0;0;0;0;1;0;0;-38,488651;-3,735295
282273;18;4;2016;17:30;0;AV DEP PAULINO ROCHA;;;155;;Engavetamento;Anoitecer;Bom;Molhada;Meio de Quadra;Não Há Controle;Comercial;0;0;3;1;0;0;0;0;0;0;0;0;-38,50779;-3,803283
282254;18;4;2016;15:30;0;AV GOV RAUL BARBOSA;;;5380;;Colisão Lateral;Luz do Dia;Bom;Seca;Meio de Quadra;Não Há Controle;Comercial;0;0;2;1;0;0;1;0;0;0;0;0;-38,509023;-3,766647
282291;18;4;2016;11:20;12971;AV A CJ JOSE WALTER;RUA 7 CJ JOSE WALTER;;;;Colisão Transversal;Luz do Dia;Bom;Seca;T;Pare;Residencial;0;1;1;1;0;0;0;0;0;1;0;0;-38,557073;-3,823964
282288;18;4;2016;15:20;0;RUA BERNARDO MANUEL;;;1030;;Colisão Transversal;Luz do Dia;Nublado;Seca;Meio de Quadra;Pare;Comercial;0;0;2;1;0;0;1;0;0;0;0;0;;
282305;18;4;2016;08:00;805;RUA ASP MENDES;RUA TEN AURELIO SAMPAIO;;;;Colisão Lateral;Luz do Dia;Bom;Seca;Cruz;Pare;Comercial;0;0;2;1;0;0;0;0;0;1;0;0;-38,513441;-3,772954
282315;18;4;2016;09:10;0;AV JOAO DE ARAUJO LIMA;;;;;Colisão Lateral;Luz do Dia;Nublado;Seca;Meio de Quadra;Outros;Residencial;0;0;2;0;0;0;1;0;0;0;0;0;;
282316;18;4;2016;20:00;9310;RUA CESAR CORREIA;RUA SAO BERNARDO;;;;Colisão Lateral;Mal Iluminada;Bom;Seca;Cruz;Pare;Residencial;0;1;1;0;0;0;0;0;0;1;0;0;;
282308;18;4;2016;06:30;5254;RUA PEREIRA FILGUEIRAS;RUA JOAO CORDEIRO;;;;Colisão Transversal;Luz do Dia;Bom;Seca;Cruz;Semáforo;Residencial;0;0;2;1;0;0;0;0;0;0;0;0;-38,513877;-3,728001
282310;18;4;2016;16:30;22087;RUA CAP FRANCISCO PEDRO;RUA PRO COSTA MENDES;;;;Colisão Traseira;Luz do Dia;Bom;Seca;Cruz;Semáforo;Comercial;0;0;2;0;1;0;0;0;0;0;0;0;-38,551734;-3,750337
282329;18;4;2016;18:20;0;AV OLIVEIRA PAIVA;;;201;;Colisão Transversal;Via Iluminada;Bom;Seca;Meio de Quadra;Pare;Comercial;0;0;2;1;0;0;1;0;0;0;0;0;-38,503354;-3,798688
282330;18;4;2016;07:30;0;RUA VIA LACTEA;;;;;Colisão Lateral;Luz do Dia;Bom;Seca;Meio de Quadra;Não Há Controle;Outros;0;0;2;0;1;0;0;0;0;0;0;0;;
282331;18;4;2016;13:30;7694;RUA RIO GRANDE DO SUL;RUA RIO GRANDE DO NORTE;;;;Colisão Transversal;Luz do Dia;Nublado;Seca;Cruz;Pare;Residencial;0;1;1;1;0;0;0;0;0;0;0;0;-38,567559;-3,758617
282325;18;4;2016;09:55;15227;AV ABOLICAO;AV DES MOREIRA;;;;Colisão Lateral;Luz do Dia;Nublado;Seca;Y;Semáforo;Comercial;0;0;2;1;1;0;0;0;0;0;0;0;-38,495474;-3,727331
282318;18;4;2016;08:40;23373;RUA CAP TIBURCIO DA FROTA;RUA OSVALDO CRUZ (ALDEOTA);;;;Colisão Transversal;Luz do Dia;Bom;Seca;Cruz;Não Há Controle;Residencial;0;0;2;1;0;0;0;0;0;0;0;0;-38,506329;-3,754269
282319;18;4;2016;15:00;9578;RUA SOUSA CARVALHO;RUA SAO LUIZ DO OESTE;;;;Colisão Transversal;Luz do Dia;Bom;Seca;Cruz;Não Há Controle;Residencial;0;1;1;1;0;0;0;0;0;1;0;0;-38,608923;-3,777927
282320;18;4;2016;07:50;15104;AV HIS RAIMUNDO GIRAO;RUA ILDEFONSO ALBANO;;;;Colisão Traseira;Luz do Dia;Bom;Seca;Cruz;Semáforo;Comercial;0;1;1;0;0;0;0;0;0;1;0;0;-38,509542;-3,721603
282379;18;4;2016;18:30;0;AV JOR THOMAZ COELHO;;;;;Colisão Lateral;Anoitecer;Bom;Seca;Meio de Quadra;Pare;Comercial;0;0;2;1;1;0;0;0;0;0;0;0;;
282381;18;4;2016;17:00;0;AV JOR THOMAZ COELHO;;;;;Colisão Lateral;Anoitecer;Bom;Seca;Meio de Quadra;Pare;Comercial;0;0;2;1;0;0;0;0;0;0;0;0;;
282383;18;4;2016;10:50;0;AV CEL CARVALHO;;;2250;;Colisão Transversal;Luz do Dia;Bom;Seca;Meio de Quadra;Não Há Controle;Comercial;0;2;2;1;0;0;0;0;0;1;0;0;-38,586607;-3,722454
282370;18;4;2016;08:00;12904;AV AGUANAMBI;RUA SOUSA GIRAO;;;;Colisão Transversal;Luz do Dia;Bom;Seca;T;Pare;Comercial;0;0;3;1;0;0;1;0;0;0;0;0;-38,525284;-3,740908
283648;18;4;2016;16:02;0;RUA GAL SAMPAIO;;;;;Atropelamento;Luz do Dia;;;Meio de Quadra;;;0;1;1;0;1;0;0;0;0;0;0;0;;
283649;18;4;2016;16:05;0;AV ISABEL BEZERRA;;;;;Queda;Luz do Dia;;;Meio de Quadra;;;0;1;0;0;0;0;0;0;0;1;0;0;;
283645;18;4;2016;17:10;0;RD BR 116;;;500;KM-05;Colisão Lateral;Anoitecer;Bom;Seca;Meio de Quadra;;;0;1;2;1;0;1;1;0;0;0;0;0;-38,50617967;-3,797701134
283643;18;4;2016;12:30;0;RD BR 116;;;0;KM-05;Colisão Lateral;Luz do Dia;Bom;Seca;Meio de Quadra;;;0;2;0;0;0;0;0;0;0;1;0;0;-38,50617967;-3,797701134
283661;18;4;2016;19:05;10842;RUA PRO HERIBALDO COSTA;RUA CUIABA;;;;Colisão;;;;Cruz;Pare;Residencial;0;1;1;1;0;0;0;0;0;1;0;0;-38,586471;-3,764961
283651;18;4;2016;16:07;5047;RUA DR JOAO MOREIRA;RUA VINTE E QUATRO DE MAIO;;;;Atropelamento;Luz do Dia;;;T;Não Há Controle;Comercial;0;0;2;0;1;0;0;0;0;0;0;0;-38,53028;-3,721641
283652;18;4;2016;16:47;10102;RUA MARIA JULIA;RUA LUMINOSA;;;;Colisão;Luz do Dia;;;Rotatória;Não Há Controle;Residencial;0;1;0;0;0;0;0;0;0;0;0;0;-38,598232;-3,786985
283653;18;4;2016;17:08;0;AV ABOLICAO;;;;;Colisão;Anoitecer;;;Meio de Quadra;;;0;1;1;1;0;0;0;0;0;1;0;0;;
283654;18;4;2016;17:41;0;AV RAD JOSE LIMA VERDE;;;;;Colisão;Anoitecer;;;Meio de Quadra;;;0;1;1;1;0;0;0;0;0;1;0;0;;
283541;18;4;2016;12:47;5067;RUA PDE MORORO;RUA SEN ALENCAR;;;;Colisão;Luz do Dia;;;Cruz;Pare;Residencial;0;2;0;0;0;0;0;0;0;1;0;0;-38,536475;-3,72216
283546;18;4;2016;14:17;0;AV ABOLICAO;;;3773;;Colisão;Luz do Dia;;;Meio de Quadra;;;0;1;2;1;0;0;0;0;0;1;0;0;-38,485679;-3,725689
283543;18;4;2016;13:56;0;AV ENG HUMBERTO MONTE;;;1721;;Colisão;Luz do Dia;;;Meio de Quadra;;;0;1;1;1;0;0;0;0;0;1;0;0;-38,563177;-3,745905
283552;18;4;2016;14:45;0;AV DEP PAULINO ROCHA;;;;;Colisão;Luz do Dia;;;Meio de Quadra;;;0;1;0;0;0;0;0;0;0;0;0;0;;
283553;18;4;2016;15:08;0;AV WASHINGTON SOARES;;;;;Colisão;Luz do Dia;;;Meio de Quadra;;;0;1;1;1;0;0;0;0;0;1;0;0;;
283500;18;4;2016;06:50;12971;AV A CJ JOSE WALTER;RUA 7 CJ JOSE WALTER;;;;Colisão;Luz do Dia;;;T;Pare;Residencial;0;1;1;1;0;0;0;0;0;1;0;0;-38,557073;-3,823964
283513;18;4;2016;09:56;0;RUA 24 DE OUTUBRO;;;1204;;Colisão;Luz do Dia;;;Meio de Quadra;;;0;1;1;1;0;0;0;0;0;1;0;0;-38,603727;-3,75758
283521;18;4;2016;10:08;0;AV GAL OSORIO DE PAIVA;;;6770;;Colisão;Luz do Dia;;;Meio de Quadra;;;0;1;1;1;0;0;0;0;0;1;0;0;-38,610073;-3,813008
283522;18;4;2016;10:43;0;AV MIGUEL DIAS;;;414;;Queda;Luz do Dia;;;Meio de Quadra;;;0;1;0;0;0;1;0;0;0;0;0;0;-38,487981;-3,761015
283523;18;4;2016;12:00;0;RUA MARIA JULIA;;;480;;Colisão;Luz do Dia;;;Meio de Quadra;;;0;1;1;1;0;0;0;0;0;1;0;0;-38,599081;-3,789832
283508;18;4;2016;07:35;0;AV AUGUSTO DOS ANJOS;;;2390;;Atropelamento;Luz do Dia;;;Meio de Quadra;;;0;2;1;1;0;0;0;0;0;0;0;0;-38,584897;-3,787278
283509;18;4;2016;08:25;0;RD BR 116;;;6000;KM-06;Colisão;Luz do Dia;;;Meio de Quadra;;;0;2;0;0;0;0;0;0;0;1;0;0;-38,503053;-3,804691
283510;18;4;2016;08:32;0;AV MIN JOSE AMERICO;;;495;;Colisão;Luz do Dia;;;Meio de Quadra;;;0;1;1;1;0;0;0;0;0;1;0;0;-38,495344;-3,811027
283511;18;4;2016;09:26;0;AV PRS COSTA E SILVA;;;3601;;Colisão;Luz do Dia;;;Meio de Quadra;;;0;1;0;0;0;0;0;0;0;0;0;0;;
283497;18;4;2016;06:41;0;AV MIN JOSE AMERICO;;;500;;Colisão;Luz do Dia;;;Meio de Quadra;;;0;1;1;1;0;0;0;0;0;1;0;0;-38,495206;-3,810967
283458;18;4;2016;01:53;0;RUA ASP MENDES;;;291;;Colisão;;;;Meio de Quadra;;;0;1;1;1;0;0;0;0;0;1;0;0;-38,514864;-3,76504
283663;18;4;2016;21:27;0;RUA ULISSES MAGALHAES;;;;;Queda;;;;Meio de Quadra;;;0;1;0;0;0;0;0;0;0;1;0;0;;
283446;18;4;2016;00:32;25084;RUA BERNARDO MANUEL;AV BENJAMIM BRASIL;;;;Choque c/ Obstáculo Fixo;;;;T;Semáforo;Comercial;0;1;1;1;0;0;0;0;0;0;0;0;-38,554874;-3,81006
283447;18;4;2016;01:24;0;AV WASHINGTON SOARES;;;8564;;Colisão;;;;Meio de Quadra;;;0;1;0;0;0;0;0;0;0;0;0;0;-38,481712;-3,826113
283460;18;4;2016;02:23;15104;AV HIS RAIMUNDO GIRAO;RUA ILDEFONSO ALBANO;;;;Colisão;;;;Cruz;Semáforo;Outros;0;1;1;1;0;0;0;0;0;1;0;0;-38,509542;-3,721603
283456;18;4;2016;01:34;0;RUA CON DE CASTRO;;;8652;;Colisão;;;;Meio de Quadra;;;0;1;0;0;0;0;0;0;0;0;0;0;-38,603799;-3,820574
283453;18;4;2016;01:31;0;RUA ANASTACIO BRAGA;;;1258;;Colisão;;;;Meio de Quadra;;;0;2;0;0;0;0;0;0;0;0;0;0;;
283450;18;4;2016;01:27;0;AV PRS JUSCELINO KUBITSCHEK (PASSARÉ);;;4500;;Colisão;;;;Meio de Quadra;;;0;1;1;1;0;0;0;0;0;1;0;0;;
283472;18;4;2016;05:50;0;AV CEL CARVALHO;;;;;Colisão;Amanhecer;;;Meio de Quadra;;;0;1;2;1;0;0;0;0;0;1;0;0;;
287226;18;4;2016;07:29;924;AV BORGES DE MELO;RUA VIA FERREA MUCURIPE;;;;Colisão;Luz do Dia;;;Com Via Férrea;;;0;0;1;0;0;0;0;0;0;0;0;0;;
287223;18;4;2016;01:53;0;RUA BERNARDO MANUEL;;;;;Colisão;;;;Meio de Quadra;;;0;0;1;0;0;0;0;0;0;0;0;0;;
287224;18;4;2016;06:47;7674;AV JOSE BASTOS;RUA RIO GRANDE DO NORTE;;;;Colisão;Luz do Dia;;;Cruz;Pare;Residencial;0;0;1;0;0;0;0;0;0;0;0;0;-38,564477;-3,760562
287235;18;4;2016;14:06;0;RUA 24 DE OUTUBRO;;;;;Colisão;Luz do Dia;;;Meio de Quadra;;;0;0;1;0;0;0;0;0;0;0;0;0;;
287236;18;4;2016;14:49;0;AV MIGUEL DIAS;;;;;Colisão;Luz do Dia;;;Meio de Quadra;;;0;0;1;0;0;0;0;0;0;0;0;0;;
287237;18;4;2016;15:43;0;AV BEZERRA DE MENEZES;;;496;;Colisão;Luz do Dia;;;Meio de Quadra;;;0;0;1;0;0;0;0;0;0;0;0;0;-38,549437;-3,732555
287239;18;4;2016;15:56;0;TR CREUZA ROQUE;;;;;Colisão;Luz do Dia;;;Meio de Quadra;;;0;0;1;0;0;0;0;0;0;0;0;0;;
287240;18;4;2016;17:18;0;AV ENG HUMBERTO MONTE;;;1714;;Colisão;Anoitecer;;;Meio de Quadra;;;0;0;1;0;0;0;0;0;0;0;0;0;;
287241;18;4;2016;17:55;0;AV ABOLICAO;;;;;Colisão;Anoitecer;;;Meio de Quadra;;;0;0;1;0;0;0;0;0;0;0;0;0;;
287242;18;4;2016;17:55;0;RUA FRE MANSUETO;;;;;Colisão;Anoitecer;;;Meio de Quadra;;;0;0;1;0;0;0;0;0;0;0;0;0;;
287230;18;4;2016;12:18;0;RUA RIO GRANDE DO NORTE;;;;;Colisão;Luz do Dia;;;Meio de Quadra;;;0;0;1;0;0;0;0;0;0;0;0;0;;
287231;18;4;2016;12:27;0;RUA MAJ FACUNDO;;;;;Colisão;Luz do Dia;;;Meio de Quadra;;;0;0;1;0;0;0;0;0;0;0;0;0;;
287232;18;4;2016;13:18;0;AV PRS COSTA E SILVA;;;3631;;Colisão;Luz do Dia;;;Meio de Quadra;;;0;0;1;0;0;0;0;0;0;0;0;0;;
287233;18;4;2016;14:03;0;AV GAL OSORIO DE PAIVA;;;;;Colisão;Luz do Dia;;;Meio de Quadra;;;0;0;1;0;0;0;0;0;0;0;0;0;;
287244;18;4;2016;18:46;0;LOGRADOURO SEM NOME;;;;;Colisão;;;;Meio de Quadra;;;0;0;1;0;0;0;0;0;0;0;0;0;;
287245;18;4;2016;18:48;0;AV PRS CASTELO BRANCO;;;;;Colisão;;;;Meio de Quadra;;;0;0;2;0;0;0;0;0;0;0;0;0;;
287249;18;4;2016;22:18;17310;RUA ALBERTO MAGNO;RUA ALVARO FERNANDES;;;;Colisão;;;;Cruz;Semáforo;Comercial;0;0;1;0;0;0;0;0;0;0;0;0;-38,549422;-3,764244
280940;18;4;2016;16:47;15819;AV JOR THOMAZ COELHO;RUA STA EFIGENIA;;;;Colisão;Luz do Dia;;;T;Não Há Controle;Comercial;0;0;2;1;0;0;1;0;0;0;0;0;-38,50055;-3,832374
284652;18;4;2016;12:00;0;AV MIN JOSE AMERICO;;;;;Colisão;Luz do Dia;Bom;Seca;Meio de Quadra;;;0;0;2;1;0;0;0;0;0;0;0;0;;
284654;18;4;2016;11:30;0;AV MIN JOSE AMERICO;;;;;Colisão;Luz do Dia;Bom;Seca;Meio de Quadra;;;0;0;2;1;0;0;0;0;0;1;0;0;;
284691;19;4;2016;20:15;0;RD CE-040;;;;KM-03;Colisão;;Bom;Seca;Meio de Quadra;;;0;0;3;1;0;0;0;0;0;0;0;0;-38,481799;-3,773616
284682;19;4;2016;07:00;0;RD CE-040;;;;KM-04;Engavetamento;Luz do Dia;Bom;Seca;Meio de Quadra;;;0;0;3;1;0;0;0;0;0;0;0;0;-38,481084;-3,782614
283798;19;4;2016;13:05;26075;AV SGT HERMINIO SAMPAIO;AV JOSE JATAHY;;;;Colisão;Luz do Dia;;;;;;0;1;1;1;0;0;0;0;0;1;0;0;;
283795;19;4;2016;11:11;0;AV PALESTINA D68;;;523;;Colisão;Luz do Dia;;;Meio de Quadra;;;0;2;0;1;0;0;0;0;0;0;0;0;;
283796;19;4;2016;12:38;0;AV BORGES DE MELO;;;528;;Colisão;Luz do Dia;;;Meio de Quadra;;;0;1;1;1;0;0;0;0;0;1;0;0;-38,523798;-3,760936
283801;19;4;2016;13:16;0;AV BORGES DE MELO;;;;;Colisão;Luz do Dia;;;Meio de Quadra;;;0;1;1;0;0;0;0;0;0;1;0;0;;
283807;19;4;2016;13:20;8056;RUA PEDRO MACHADO;RUA WALDERY UCHOA;;;;Colisão;Luz do Dia;;;;;;0;1;2;1;0;0;0;0;0;1;0;0;-38,549178;-3,755379
283816;19;4;2016;15:02;0;RUA SOCORRO GOMES;;;91;;Colisão;Luz do Dia;;;Meio de Quadra;;;0;1;1;1;0;0;0;0;0;1;0;0;;
283817;19;4;2016;15:51;0;RUA CRUZEIRO D69;;;730;;Queda;Luz do Dia;;;Meio de Quadra;;;0;1;0;0;0;0;0;0;0;1;0;0;;
283818;19;4;2016;15:54;0;RUA CARLOS GONDIM;;;198;;Atropelamento;Luz do Dia;;;Meio de Quadra;;;0;1;0;0;0;0;0;0;0;1;0;0;;
283822;19;4;2016;16:40;0;RUA 103 CJ CEARA;;;;;Colisão;Luz do Dia;;;Meio de Quadra;;;0;1;1;1;0;0;0;0;0;1;0;0;;
283758;19;4;2016;07:38;12404;AV LINEU MACHADO;AV SEN FERNANDES TAVORA;;;;Colisão;Luz do Dia;;;Cruz;Não Há Controle;Comercial;0;1;1;1;0;0;0;0;0;1;0;0;-38,57654;-3,765199
283775;19;4;2016;09:49;0;RUA METON DE ALENCAR;;;1757;;Colisão;Luz do Dia;;;Meio de Quadra;;;0;1;1;1;0;0;0;0;0;0;0;0;-38,539293;-3,730845
283751;19;4;2016;07:22;0;AV PRS CASTELO BRANCO;;;;;Queda;Luz do Dia;;;Meio de Quadra;;;0;1;0;0;0;0;0;0;0;1;0;0;;
283738;19;4;2016;06:16;0;AV ANTONIO SALES;;;3443;;Colisão;Luz do Dia;;;Meio de Quadra;;;0;1;1;1;0;0;0;0;0;1;0;0;-38,492473;-3,748486
283741;19;4;2016;07:05;0;AV ANTONIO JUSTA;;;3113;;Queda;Luz do Dia;;;Meio de Quadra;;;0;1;0;0;0;1;0;0;0;0;0;0;-38,493476;-3,727972
283736;19;4;2016;06:04;0;AV PERIMETRAL;;;;;Queda;Luz do Dia;;;Meio de Quadra;;;0;1;0;0;0;0;0;0;0;1;0;0;;
283724;19;4;2016;03:12;0;AV H CJ CEARA;;;1822;;Atropelamento;;;;Meio de Quadra;;;0;1;1;0;0;0;0;0;0;1;0;0;-38,615004;-3,776362
283730;19;4;2016;05:22;0;RUA OSVALDO CRUZ (ALDEOTA);RUA GAL TERTULIANO POTYGUARA;;;;Colisão;Amanhecer;;;;Pare;Comercial;0;1;1;1;0;0;0;0;0;1;0;0;-38,502538;-3,74248
283731;19;4;2016;05:45;0;RD BR 116;;;1000;KM-01;Colisão;Amanhecer;;;Meio de Quadra;;;0;1;1;1;0;0;0;0;0;1;0;0;-38,518702;-3,762554
283732;19;4;2016;05:47;0;RUA PDE PEDRO DE ALENCAR;;;;;Colisão;Amanhecer;;;Meio de Quadra;;;0;1;1;0;0;0;0;0;0;1;0;0;;
283726;19;4;2016;04:57;0;AV SANTOS DUMONT;;;;;Colisão;;;;Meio de Quadra;;;0;1;0;0;0;0;0;0;0;0;0;0;;
283727;19;4;2016;05:01;0;RUA ANTONIO ARRUDA;;;1366;;Colisão;Amanhecer;;;Meio de Quadra;;;0;1;1;1;0;0;0;0;0;1;0;0;-38,593913;-3,719824
283728;19;4;2016;05:14;0;RD BR 116;;;1000;KM-01;Colisão;Amanhecer;;;Meio de Quadra;;;0;1;1;1;0;0;0;0;0;1;0;0;-38,518702;-3,762554
283813;19;4;2016;13:44;0;AV DEP PAULINO ROCHA;;;;;Colisão;Luz do Dia;;;Meio de Quadra;;;0;1;1;1;0;0;0;0;0;1;0;0;;
280949;19;4;2016;16:15;13410;RUA JOAQUIM TORRES;RUA ANTONIO AUGUSTO;;;;Colisão Transversal;Luz do Dia;Bom;Seca;Cruz;Pare;Residencial;0;0;2;1;0;0;0;0;0;0;0;0;-38,517263;-3,741755
280950;19;4;2016;17:11;15104;AV HIS RAIMUNDO GIRAO;RUA ILDEFONSO ALBANO;;;;Colisão;Anoitecer;;;Cruz;Semáforo;Outros;0;0;2;1;1;0;0;0;0;0;0;0;-38,509542;-3,721603
280947;19;4;2016;11:39;0;RUA DES LEITE ALBUQUERQUE;;;;;Colisão;Luz do Dia;;;Meio de Quadra;;;0;0;2;1;0;0;0;0;0;0;0;0;;
280943;19;4;2016;08:58;7770;RUA JOSE VILAR;RUA TOMAS ACIOLI;;;;Colisão;Luz do Dia;Bom;Seca;Cruz;Pare;Residencial;0;0;2;1;0;0;0;0;0;0;0;0;-38,507807;-3,745503
303268;19;4;2016;13:07;1297;AV SANTOS DUMONT;RUA JOSE VILAR;;0;;Colisão Frontal;Luz do Dia;Bom;Seca;Cruz;Semáforo;Comercial;0;0;2;1;0;1;0;0;0;0;0;0;-38,504194;-3,734337
287250;19;4;2016;08:06;0;RUA OITICICAS;;;201;;Colisão;Luz do Dia;;;Meio de Quadra;;;0;0;1;0;0;0;0;0;0;0;0;0;;
287251;19;4;2016;08:08;0;AV JOR THOMAZ COELHO;;;;;Colisão;Luz do Dia;;;Meio de Quadra;;;0;1;0;0;0;0;0;0;0;0;0;0;;
287252;19;4;2016;08:52;7755;RUA JOSE VILAR;RUA DOM EXPEDITO LOPES;;;;Colisão;Luz do Dia;;;Cruz;Pare;Residencial;0;0;1;0;0;0;0;0;0;0;0;0;-38,50706;-3,743178
287257;19;4;2016;09:24;0;AV C CJ CEARA;;;915;;Colisão;Luz do Dia;;;Meio de Quadra;;;0;0;1;0;0;0;0;0;0;0;0;0;-38,611448;-3,766853
287262;19;4;2016;09:55;0;RUA CARLOS VASCONCELOS;;;355;;Colisão;Luz do Dia;;;Meio de Quadra;;;0;0;1;0;0;0;0;0;0;0;0;0;-38,508289;-3,725225
287263;19;4;2016;11:08;22353;AV BEZERRA DE MENEZES;RUA AMADEU FURTADO;;;;Colisão;Luz do Dia;;;;;;0;0;1;0;0;0;0;0;0;0;0;0;-38,564079;-3,735591
287264;19;4;2016;11:34;1406;AV DES MOREIRA;RUA DES LEITE ALBUQUERQUE;;;;Colisão;Luz do Dia;;;Cruz;Semáforo;Comercial;0;0;1;0;0;0;0;0;0;0;0;0;-38,498678;-3,73722
287265;19;4;2016;11:35;0;AV AGUANAMBI;;;;;Colisão;Luz do Dia;;;Meio de Quadra;;;0;0;1;0;0;0;0;0;0;0;0;0;;
287266;19;4;2016;12:49;5709;AV OLIVEIRA PAIVA;AV DES GONZAGA;;;;Colisão;Luz do Dia;;;Cruz;Semáforo;Lazer;0;0;1;0;0;0;0;0;0;0;0;0;-38,499953;-3,797165
287267;19;4;2016;14:22;15832;RUA PDE PEDRO DE ALENCAR;RUA TEN JURANDIR ALENCAR;;;;Colisão;Luz do Dia;;;Cruz;Semáforo;Comercial;0;0;1;0;0;0;0;0;0;0;0;0;-38,493981;-3,831674
287268;19;4;2016;15:58;5348;RUA PDE MORORO;RUA METON DE ALENCAR;;;;Colisão;Luz do Dia;;;T;Não Há Controle;Comercial;0;0;1;0;0;0;0;0;0;0;0;0;-38,539143;-3,730892
287259;19;4;2016;09:30;0;RUA PDE PEDRO DE ALENCAR;;;626;;Colisão;Luz do Dia;;;Meio de Quadra;;;0;0;1;0;0;0;0;0;0;0;0;0;-38,494032;-3,832823
287260;19;4;2016;09:54;13432;AV ANTONIO SALES;AV RUI BARBOSA;;;;Colisão;Luz do Dia;;;Cruz;Semáforo;Comercial;0;0;1;0;0;0;0;0;0;0;0;0;-38,511569;-3,742611
287273;19;4;2016;16:31;0;RUA METON DE ALENCAR;;;1645;;Colisão;Luz do Dia;;;Meio de Quadra;;;0;0;1;0;0;0;0;0;0;0;0;0;-38,538099;-3,731237
287275;19;4;2016;16:34;1476;AV JULIO VENTURA;AV BAR STUDART;;;;Colisão;Luz do Dia;;;Cruz;Semáforo;Comercial;0;0;1;0;0;0;0;0;0;0;0;0;-38,508029;-3,739072
287278;19;4;2016;17:57;25942;AV SGT HERMINIO SAMPAIO;AV JOSE BASTOS;;;;Colisão;Anoitecer;;;Cruz;Semáforo;Comercial;0;0;1;0;0;0;0;0;0;0;0;0;;
287279;19;4;2016;18:45;0;LOGRADOURO SEM NOME;;;67;;Colisão;;;;Meio de Quadra;;;0;0;1;0;0;0;0;0;0;0;0;0;;
287280;19;4;2016;18:49;0;RUA PEDRO MACHADO;;;848;;Colisão;;;;Meio de Quadra;;;0;0;1;0;0;0;0;0;0;0;0;0;-38,549612;-3,755132
287281;19;4;2016;19:21;0;AV PRS CASTELO BRANCO;;;555;;Colisão;;;;Meio de Quadra;;;0;0;1;0;0;0;0;0;0;0;0;0;;