COD_ACIDENTE;DIA;MES;ANO;HORA;INTERSECAO;LOG1;LOG2;LOG3;NUMERO;REFERENCIA;NATUREZA;ILUMINACAO;TEMPO;SUPERFICIEPISTA;TIPOCRUZAMENTO;CONTROLETRAFEGO;USOSOLO;MORTOS;FERIDOS;ILESOS;AUTOMOVEL;ONIBUS;BICICLETA;CAMINHAO;MICROONIBUS;CICLOMOTOR;MOTOCICLETA;TRACAOANIMAL;TREM;LONG;LAT
287284;19;4;2016;19:42;2830;AV GAL OSORIO DE PAIVA;RUA OSCAR FRANCA;;;;Colisão;;;;T;Semáforo;Residencial;0;0;1;0;0;0;0;0;0;0;0;0;-38,592113;-3,794473
287286;19;4;2016;21:08;25138;AV 13 DE MAIO;AV FELINO BARROSO;;;;Colisão;;;;T;Não Há Controle;Comercial;0;0;1;0;0;0;0;0;0;0;0;0;;
287288;19;4;2016;21:59;0;AV JOAO PESSOA;;;;;Colisão;;;;Meio de Quadra;;;0;0;1;0;0;0;0;0;0;0;0;0;;
283673;19;4;2016;01:02;0;RUA RIO GRANDE DO SUL;;;300;;Atropelamento;;;;Meio de Quadra;;;0;1;1;0;0;0;0;0;0;1;0;0;-38,563296;-3,752038
283684;19;4;2016;01:05;738;AV FRANCISCO SA;RUA DNA MENDINHA;;;;Colisão;;;;Cruz;Pare;Residencial;0;1;1;1;0;0;0;0;0;1;0;0;-38,571238;-3,712666
283685;19;4;2016;01:16;0;RUA DOS ESTADOS;;;291;;Atropelamento;;;;Meio de Quadra;;;0;1;1;0;0;0;0;0;0;1;0;0;;
283686;19;4;2016;01:41;0;RUA FAUSTO CABRAL;;;;;Colisão;;;;Meio de Quadra;;;0;1;1;1;0;0;0;0;0;1;0;0;;
283697;19;4;2016;01:59;0;RUA ANTONIO AUGUSTO;;;1397;;Colisão;;;;Meio de Quadra;;;0;1;1;1;0;0;0;0;0;1;0;0;-38,51416;-3,732548
283707;19;4;2016;03:11;0;AV C CJ CEARA;;;915;;Colisão;;;;Meio de Quadra;;;0;1;1;1;0;0;0;0;0;1;0;0;-38,611448;-3,766853
283650;19;4;2016;07:20;0;RD BR 116;;;200;KM-05;Colisão Traseira;Luz do Dia;Bom;Seca;Meio de Quadra;;;0;0;2;1;1;0;0;0;0;0;0;0;-38,50617967;-3,797701134
282371;19;4;2016;07:00;17352;AV JOAO PESSOA;RUA ELVIRA PINHO;;;;Colisão Lateral;Luz do Dia;Bom;Seca;T;Pare;Residencial;0;1;2;1;0;0;0;0;0;1;0;0;-38,559092;-3,765499
282373;19;4;2016;08:30;0;AV BORGES DE MELO;;;1711;;Colisão Traseira;Luz do Dia;Bom;Seca;Meio de Quadra;Semáforo;Residencial;0;0;2;1;0;0;0;0;0;0;0;0;-38,534159;-3,756411
282358;19;4;2016;17:00;0;RUA ARMANDO OLIVEIRA;;;222;;Colisão Transversal;Luz do Dia;Bom;Seca;Meio de Quadra;Pare;Residencial;0;1;1;0;0;1;1;0;0;0;0;0;-38,567458;-3,738454
282361;19;4;2016;08:00;0;AV GAL OSORIO DE PAIVA;;;5852;;Colisão Traseira;Luz do Dia;Bom;Seca;Meio de Quadra;Semáforo;Comercial;0;1;1;0;0;0;0;0;0;1;0;0;-38,60486;-3,807594
282363;19;4;2016;19:15;0;AV IMPERADOR;;;941;;Colisão Traseira;Via Iluminada;Bom;Seca;Meio de Quadra;Não Há Controle;Comercial;0;0;2;1;0;0;0;0;0;0;0;0;-38,535275;-3,729969
282384;19;4;2016;18:30;0;AV BORGES DE MELO;;;502;;Colisão Lateral;Via Iluminada;Bom;Seca;Meio de Quadra;Não Há Controle;Outros;0;1;2;1;0;0;0;0;1;1;0;0;-38,523457;-3,760973
282380;19;4;2016;18:30;0;RUA JAIME BENEVOLO;;;446;;Choque c/ Obstáculo Fixo;Via Iluminada;Bom;Seca;Meio de Quadra;Não Há Controle;Residencial;0;0;1;0;0;0;1;0;0;0;0;0;-38,52669;-3,736111
282377;19;4;2016;07:50;12863;AV DOMINGOS OLIMPIO;RUA FLORIANO PEIXOTO;;;;Colisão Transversal;Luz do Dia;Bom;Seca;Cruz;Pare;Comercial;0;0;2;1;0;0;0;0;0;0;0;0;-38,530313;-3,736976
282388;19;4;2016;14:00;6573;AV H CJ CEARA;AV C CJ CEARA;;;;Colisão Traseira;Luz do Dia;Bom;Seca;T;Pare;Residencial;0;1;1;1;0;0;0;0;0;1;0;0;;
282386;19;4;2016;17:00;20043;AV PRUDENTE BRASIL;AV PALESTINA D68;;;;Colisão;Luz do Dia;Bom;Seca;Cruz;Pare;Residencial;0;1;1;1;0;0;0;0;0;0;0;0;-38,533505;-3,806944
282392;19;4;2016;13:00;0;RUA FRANCISCA CLOTILDE;;;;;Colisão Traseira;Luz do Dia;Bom;Seca;Meio de Quadra;Não Há Controle;Residencial;0;0;2;1;0;0;0;0;0;0;0;0;;
282394;19;4;2016;19:15;0;AV ALBERTO CRAVEIRO;;;2770;CASTELAO;Colisão Lateral;Via Iluminada;Bom;Seca;Meio de Quadra;Pare;Residencial;0;2;0;1;0;0;0;0;0;1;0;0;-38,523255;-3,805335
282321;19;4;2016;16:20;0;AV ABOLICAO;;;2026;;Colisão;Luz do Dia;Bom;Seca;Meio de Quadra;Não Há Controle;Comercial;0;3;0;1;0;0;0;0;0;0;0;0;-38,500966;-3,725562
282326;19;4;2016;17:00;19540;RUA JULIO GASPAR;RUA CASIMIRO DE ABREU;;;;Colisão Transversal;Via Iluminada;Bom;Seca;Cruz;Pare;Residencial;0;1;1;1;0;0;0;0;0;1;0;0;-38,563108;-3,782426
282323;19;4;2016;14:20;16971;RUA JOSE DUTRA;AV WENEFRIDO MELO;;;;Colisão Traseira;Luz do Dia;Bom;Seca;T;Não Há Controle;Residencial;0;0;2;0;0;0;0;0;0;0;0;0;-38,575417;-3,811155
282333;19;4;2016;20:06;1337;AV SANTOS DUMONT;RUA OSVALDO CRUZ (ALDEOTA);;;;Colisão;Via Iluminada;Bom;Seca;Cruz;Semáforo;Comercial;0;0;2;0;1;0;0;0;0;0;0;0;-38,500317;-3,735602
282337;19;4;2016;18:00;0;AV ODILON GUIMARAES;;;2249;;Choque c/ Obstáculo Fixo;Via Iluminada;Bom;Seca;Meio de Quadra;Não Há Controle;Residencial;0;1;0;1;0;0;0;0;0;0;0;0;-38,474737;-3,818986
282342;19;4;2016;19:30;0;AV DES GONZAGA;;;1969;;Colisão Transversal;Via Iluminada;Bom;Seca;Meio de Quadra;Pare;Comercial;0;0;2;1;0;0;0;0;0;0;0;0;;
282345;19;4;2016;08:00;20037;RUA OITICICAS;AV PALESTINA D68;;;;Colisão Lateral;Luz do Dia;Bom;Seca;Cruz;Pare;Residencial;0;1;1;0;0;0;0;0;0;1;0;0;-38,536013;-3,806077
282348;19;4;2016;12:00;22157;RUA DELMIRO FARIAS;RUA MON FURTADO;;;;Colisão Transversal;Luz do Dia;Bom;Seca;Cruz;Pare;Residencial;0;0;2;1;0;0;0;0;0;0;0;0;-38,55055;-3,747544
282352;19;4;2016;14:30;17606;RUA CEARA;RUA PARANA;;;;Colisão Transversal;Luz do Dia;Bom;Seca;Cruz;Pare;Residencial;0;1;2;1;0;0;0;0;0;1;0;0;-38,568348;-3,757261
282355;19;4;2016;09:00;0;AV EDILSON B SOARES;;;1718;;Colisão Lateral;Luz do Dia;Bom;Seca;Meio de Quadra;Não Há Controle;Comercial;0;1;1;1;0;0;0;0;0;1;0;0;-38,47045;-3,788586
282317;19;4;2016;09:45;1484;AV PDE ANTONIO TOMAS;RUA JOAQUIM NABUCO;;;;Colisão;Luz do Dia;Bom;Seca;Cruz;Semáforo;Comercial;0;0;3;1;0;0;0;0;0;0;0;0;-38,502569;-3,739222
282306;19;4;2016;07:40;19662;RUA GUSTAVO SAMPAIO;RUA PRO NOGUEIRA;;;;Colisão Lateral;Luz do Dia;Bom;Seca;Cruz;Pare;Comercial;0;1;1;1;0;0;0;0;0;1;0;0;-38,54974;-3,733875
282299;19;4;2016;17:00;15701;RUA GUILHERME PESSOA;RUA BRAS VIDAL;;;;Colisão Lateral;Luz do Dia;Bom;Seca;Cruz;Dê Preferência;Residencial;0;1;1;0;1;0;0;0;0;1;0;0;-38,484005;-3,827579
282307;20;4;2016;11:30;25140;RUA CAIO CID;AV ALM MAXIMIANO DA FONSECA;;;;Colisão Lateral;Luz do Dia;Bom;Seca;T;Não Há Controle;Comercial;0;0;2;1;0;0;0;0;0;1;0;0;-38,484125;-3,77158
282311;20;4;2016;23:30;26209;AV ROGACIANO LEITE;AV CHANC EDSON QUEIROZ;;;;Colisão Traseira;Via Iluminada;Bom;Seca;T;Semáforo;Residencial;0;0;2;1;0;0;0;0;0;0;0;0;;
282312;20;4;2016;15:35;5127;RUA GAL SAMPAIO;RUA SEN ALENCAR;;;;Colisão Lateral;Luz do Dia;Bom;Seca;Cruz;Semáforo;Comercial;0;0;2;1;0;0;0;0;0;0;0;0;-38,529984;-3,724192
282309;20;4;2016;17:30;5300;RUA BAR RIO BRANCO;RUA PEDRO PEREIRA;;;;Colisão Lateral;Luz do Dia;Bom;Seca;Cruz;Semáforo;Comercial;0;0;2;1;0;0;0;0;0;1;0;0;-38,529219;-3,729457
282349;20;4;2016;18:15;0;RUA REPUBLICA ARMENIA;;;930;;Colisão Lateral;Via Iluminada;Bom;Seca;Meio de Quadra;Não Há Controle;Comercial;0;0;2;1;0;0;0;0;0;1;0;0;-38,481258;-3,790711
282369;20;4;2016;19:10;21468;RUA EVARISTO DA VEIGA;RUA LEAO VELOSO;;;;Colisão Lateral;Via Iluminada;Bom;Seca;;Não Há Controle;Residencial;0;0;2;1;0;0;0;0;0;0;0;0;-38,494674;-3,8096
282378;20;4;2016;14:00;0;AV SANTOS DUMONT;;;5150;;Colisão Lateral;Luz do Dia;Bom;Seca;Meio de Quadra;Não Há Controle;Comercial;0;0;2;1;0;0;1;0;0;0;0;0;-38,485326;-3,740445
282434;20;4;2016;19:40;12863;AV DOMINGOS OLIMPIO;RUA FLORIANO PEIXOTO;;;;Colisão Transversal;;Bom;Seca;Cruz;Outros;Misto;0;1;1;1;1;0;0;0;0;0;0;0;-38,530313;-3,736976
282494;20;4;2016;14:00;11061;RUA JOSE PEDRA;RUA OFIR;;;;Colisão Transversal;Luz do Dia;Bom;Seca;Cruz;Pare;Residencial;0;1;1;1;0;0;0;0;0;0;0;0;-38,547694;-3,789003
282488;20;4;2016;12:15;0;AV PRS COSTA E SILVA;;;;;Colisão Lateral;Luz do Dia;Bom;Seca;Meio de Quadra;Não Há Controle;Comercial;0;0;2;1;0;0;1;0;0;0;0;0;;
282489;20;4;2016;19:00;19269;RUA PRO GOMES BRASIL;RUA MARACANA;;;;Colisão Traseira;Via Iluminada;Bom;Seca;Cruz;Pare;Comercial;0;2;0;0;0;0;0;0;0;1;0;0;-38,568438;-3,77284
282491;20;4;2016;10:48;0;AV SANTOS DUMONT;;;5500;;Colisão Traseira;Luz do Dia;Bom;Seca;Meio de Quadra;Não Há Controle;Comercial;0;0;2;1;0;0;0;0;0;0;0;0;-38,483387;-3,741068
282492;20;4;2016;10:00;0;AV ANTONIO JUSTA;;;3334;;Colisão Lateral;Luz do Dia;Bom;Seca;Meio de Quadra;Não Há Controle;Comercial;0;0;2;1;0;0;1;0;0;0;0;0;;
282496;20;4;2016;19:00;15290;RUA JOAQUIM NABUCO;RUA CANUTO DE AGUIAR;;;;Colisão Lateral;;Bom;Seca;Cruz;Pare;Residencial;0;0;2;1;0;0;0;0;0;0;0;0;-38,49939;-3,72936
282480;20;4;2016;16:10;24969;AV PDE ANTONIO TOMAS;AV ALM HENRIQUE SABOIA;;;;Colisão Transversal;Luz do Dia;Bom;Seca;Cruz;Semáforo;Comercial;0;0;2;1;0;0;0;0;0;0;0;0;-38,489455;-3,743493
282481;20;4;2016;00:00;5283;AV SANTOS DUMONT;AV DOM MANUEL;;;;Colisão Transversal;;Bom;Seca;Cruz;Semáforo;Comercial;0;1;1;1;0;0;0;0;0;1;0;0;-38,52125;-3,728774
282483;20;4;2016;07:00;8014;RUA PRO COSTA MENDES;RUA MACHADO DE ASSIS;;;;Colisão Lateral;Luz do Dia;Bom;Seca;Cruz;Semáforo;Residencial;0;0;2;1;0;0;0;0;0;0;0;0;-38,550288;-3,751652
282486;20;4;2016;14:00;0;AV DOMINGOS OLIMPIO;;;;;Colisão Traseira;Luz do Dia;Bom;Seca;Meio de Quadra;Semáforo;Comercial;0;0;2;1;0;0;0;0;0;1;0;0;;
287289;20;4;2016;02:00;0;RUA BERNARDO MANUEL;;;;;Colisão;;;;Meio de Quadra;;;0;0;1;0;0;0;0;0;0;0;0;0;;
287291;20;4;2016;07:58;7644;RUA GUANABARA;RUA CEARA;;;;Colisão;Luz do Dia;;;;;;0;0;1;0;0;0;0;0;0;0;0;0;-38,568965;-3,756873
287292;20;4;2016;08:14;0;AV SGT HERMINIO SAMPAIO;;;347;;Colisão;Luz do Dia;;;Meio de Quadra;;;0;0;1;0;0;0;0;0;0;0;0;0;-38,592642;-3,735457
287295;20;4;2016;08:32;0;RUA ANTONINA DO NORTE;;;;;Colisão;Luz do Dia;;;Meio de Quadra;;;0;0;1;0;0;0;0;0;0;0;0;0;;
287296;20;4;2016;08:50;0;RUA MARIA GOMES DE SA;;;;;Colisão;Luz do Dia;;;Meio de Quadra;;;0;0;2;0;0;0;0;0;0;0;0;0;;
287298;20;4;2016;09:25;0;AV FRANCISCO SA;;;5209;;Colisão;Luz do Dia;;;Meio de Quadra;;;0;1;0;0;0;0;0;0;0;0;0;0;-38,570776;-3,712824
287302;20;4;2016;10:04;0;AV SEN FERNANDES TAVORA;;;;;Colisão;Luz do Dia;;;Meio de Quadra;;;0;0;1;0;0;0;0;0;0;0;0;0;;
287304;20;4;2016;10:45;1716;AV GOV RAUL BARBOSA;AV GAL MURILO BORGES;;;;Colisão;Luz do Dia;;;;;;0;0;1;0;0;0;0;0;0;0;0;0;-38,508802;-3,763977
287307;20;4;2016;10:45;1716;AV GOV RAUL BARBOSA;AV GAL MURILO BORGES;;;;Colisão;Luz do Dia;;;;;;0;0;2;0;0;0;0;0;0;0;0;0;-38,508802;-3,763977
287309;20;4;2016;12:19;0;VL JOAO XXIII;;;241;;Colisão;Luz do Dia;;;Meio de Quadra;;;0;0;1;0;0;0;0;0;0;0;0;0;;
287311;20;4;2016;12:19;1434;RUA CATAO MAMEDE;AV RUI BARBOSA;;;;Colisão;Luz do Dia;;;Cruz;Não Há Controle;Residencial;0;0;1;0;0;0;0;0;0;0;0;0;-38,510042;-3,737879
287312;20;4;2016;14:00;0;AV DOM LUIS;;;160;;Colisão;Luz do Dia;;;Meio de Quadra;;;0;0;1;0;0;0;0;0;0;0;0;0;;
287313;20;4;2016;14:59;15203;RUA DEP MOREIRA DA ROCHA;RUA MON BRUNO;;;;Colisão;Luz do Dia;;;Cruz;Pare;Residencial;0;0;1;0;0;0;0;0;0;0;0;0;-38,507591;-3,726659
287314;20;4;2016;15:39;7884;AV ANTONIO SALES;RUA VICENTE LEITE;;;;Colisão;Luz do Dia;;;Cruz;Pare;Comercial;0;0;1;0;0;0;0;0;0;0;0;0;-38,498468;-3,746656
287320;20;4;2016;15:54;0;AV 13 DE MAIO;;;;;Colisão;Luz do Dia;;;Meio de Quadra;;;0;0;1;0;0;0;0;0;0;0;0;0;;
287321;20;4;2016;16:05;0;AV GODOFREDO MACIEL;;;2020;;Colisão;Luz do Dia;;;Meio de Quadra;;;0;0;1;0;0;0;0;0;0;0;0;0;-38,569046;-3,793889
287323;20;4;2016;18:15;23338;RUA EDUARDO BEZERRA;RUA OSVALDO CRUZ (ALDEOTA);;;;Colisão;Anoitecer;;;Cruz;Pare;Residencial;0;0;1;0;0;0;0;0;0;0;0;0;-38,505966;-3,753129
287324;20;4;2016;18:17;0;RUA CEL MATOS DOURADO;;;;;Colisão;Anoitecer;;;Meio de Quadra;;;0;0;1;0;0;0;0;0;0;0;0;0;;
287325;20;4;2016;18:22;0;RUA GAL AFONSO A LIMA;;;;;Colisão;Anoitecer;;;Meio de Quadra;;;0;0;1;0;0;0;0;0;0;0;0;0;;
287328;20;4;2016;18:31;0;RUA VER PEDRO PAULO MOREIRA;;;;;Colisão;;;;Meio de Quadra;;;0;0;1;0;0;0;0;0;0;0;0;0;;
287334;20;4;2016;18:45;293;RUA ERICO MOTA;RUA ROTARY;;;;Colisão;;;;Cruz;Pare;Misto;0;0;1;0;0;0;0;0;0;0;0;0;-38,561405;-3,743082
287337;20;4;2016;18:53;0;AV JOSE BASTOS;;;4600;;Colisão;;;;Meio de Quadra;;;0;0;1;0;0;0;0;0;0;0;0;0;-38,55738;-3,756783
287338;20;4;2016;18:54;0;RUA JAGUARETAMA;;;213;;Colisão;;;;Meio de Quadra;;;0;0;1;0;0;0;0;0;0;0;0;0;-38,514817;-3,737269
287343;20;4;2016;19:10;0;RUA PESSOA ANTA;;;;;Colisão;;;;Meio de Quadra;;;0;0;1;0;0;0;0;0;0;0;0;0;;
287347;20;4;2016;19:36;0;AV JULIO VENTURA;;;;;Colisão;;;;Meio de Quadra;;;0;0;1;0;0;0;0;0;0;0;0;0;;
287348;20;4;2016;19:39;9131;AV 13 DE MAIO;RUA BAR ARATANHA;;;;Colisão;;;;;;;0;0;1;0;0;0;0;0;0;0;0;0;-38,531331;-3,747615
287350;20;4;2016;19:43;0;RUA ILDEFONSO ALBANO;;;3034;;Colisão;;;;Meio de Quadra;;;0;0;1;0;0;0;0;0;0;0;0;0;-38,517916;-3,747649
287352;20;4;2016;19:44;0;TR JOSE CLAUDIO COSTA LIMA;;;180;;Colisão;;;;Meio de Quadra;;;0;0;1;0;0;0;0;0;0;0;0;0;;
287354;20;4;2016;20:09;22208;RUA DR ALBERTO ELOY COSTA;RUA DR PEDRO BORGES;;;;Colisão;;;;;;;0;0;1;0;0;0;0;0;0;0;0;0;;
287357;20;4;2016;22:15;0;AV JOAO PESSOA;;;;;Colisão;;;;;;;0;0;1;0;0;0;0;0;0;0;0;0;-38,559718;-3,766995
280957;20;4;2016;;0;RUA ILDEFONSO ALBANO;;;;;Colisão;;;;Meio de Quadra;;;0;0;2;1;0;0;0;0;0;0;0;0;;
280990;20;4;2016;07:51;22147;RUA GUSTAVO BRAGA;RUA PAPI JUNIOR;;;;Colisão Transversal;Luz do Dia;Bom;Seca;Cruz;Pare;Residencial;0;0;2;1;0;0;1;0;0;0;0;0;-38,554656;-3,749148
280996;20;4;2016;16:29;0;AV GODOFREDO MACIEL;;;;;Colisão;Luz do Dia;;;Meio de Quadra;;;0;0;2;1;1;0;0;0;0;0;0;0;;
280994;20;4;2016;09:07;12457;AV SEN FERNANDES TAVORA;AV JOSE BASTOS;;;;Colisão Traseira;Luz do Dia;Bom;Seca;Cruz;Pare;Comercial;0;0;2;1;1;0;0;0;0;0;0;0;-38,570427;-3,770153
281002;20;4;2016;22:32;0;AV VIS RIO BRANCO;;;3645;;Colisão Traseira;Via Iluminada;Bom;Seca;Meio de Quadra;Não Há Controle;Misto;0;0;2;1;0;0;0;0;0;0;0;0;-38,520528;-3,753334
280999;20;4;2016;20:11;0;RUA EDUARDO BEZERRA;;;570;;Colisão Lateral;Anoitecer;Bom;Seca;Meio de Quadra;Outros;Residencial;0;0;2;1;0;0;0;0;0;0;0;0;-38,515156;-3,753961
283888;20;4;2016;12:55;0;RUA VALPARAISO;;;;;Queda;Luz do Dia;;;Meio de Quadra;;;0;1;0;0;0;0;0;0;0;1;0;0;;
283889;20;4;2016;13:08;15333;RUA PRO DIAS DA ROCHA;RUA ANA BILHAR;;;;Colisão;Luz do Dia;;;Cruz;Pare;Lazer;0;1;1;1;0;0;0;0;0;1;0;0;-38,4903;-3,731209
283886;20;4;2016;12:34;0;RUA NOSSA SRA DAS GRACAS;;;228;;Colisão;Luz do Dia;;;Meio de Quadra;;;0;1;0;0;0;0;0;0;0;0;0;0;-38,550529;-3,711123
283960;20;4;2016;15:18;12863;AV DOMINGOS OLIMPIO;RUA FLORIANO PEIXOTO;;;;Colisão;Luz do Dia;;;Cruz;Não Há Controle;Comercial;0;1;1;1;0;0;0;0;0;1;0;0;-38,530313;-3,736976
283961;20;4;2016;15:59;0;RUA ROMEU MARTINS;;;105;;Colisão;Luz do Dia;;;Meio de Quadra;;;0;1;0;0;0;0;0;0;0;0;0;0;-38,557901;-3,762816
283956;20;4;2016;15:05;0;RUA ILDEFONSO ALBANO;;;2600;;Colisão;Luz do Dia;;;Meio de Quadra;;;0;1;1;1;0;0;0;0;0;1;0;0;-38,516739;-3,743804
283925;20;4;2016;13:33;0;AV PRS CASTELO BRANCO;;;4341;;Colisão;Luz do Dia;;;Meio de Quadra;;;0;1;1;1;0;1;0;0;0;0;0;0;-38,571261;-3,707361
283926;20;4;2016;14:07;12863;AV DOMINGOS OLIMPIO;RUA FLORIANO PEIXOTO;;;;Colisão;Luz do Dia;;;Cruz;Não Há Controle;Comercial;0;1;1;1;0;0;0;0;0;1;0;0;-38,530313;-3,736976
283927;20;4;2016;14:16;0;RUA ERICO MOTA;;;;;Colisão;Luz do Dia;;;Meio de Quadra;;;0;1;1;1;0;1;0;0;0;0;0;0;;
283928;20;4;2016;14:18;0;RUA BETEL;;;;;Queda;Luz do Dia;;;Meio de Quadra;;;0;1;0;0;0;0;0;0;0;1;0;0;;
283929;20;4;2016;14:28;0;AV PRS CASTELO BRANCO;;;;;Colisão;Luz do Dia;;;Meio de Quadra;;;0;1;1;1;0;0;0;0;0;1;0;0;;
283931;20;4;2016;14:35;0;AV JOSE BASTOS;;;;;Colisão;Luz do Dia;;;Meio de Quadra;;;0;1;1;1;0;0;0;0;0;1;0;0;;
283935;20;4;2016;14:37;0;RUA OSVALDO CRUZ;;;;;Colisão;Luz do Dia;;;Meio de Quadra;;;0;2;1;1;0;0;0;0;0;1;0;0;;
284008;20;4;2016;20:22;0;AV PASTEUR;;;852;;Atropelamento;;;;Meio de Quadra;;;0;1;0;0;0;0;0;0;0;0;0;0;-38,55971;-3,713821
284015;20;4;2016;22:06;7948;AV PONTES VIEIRA;RUA JOAQUIM NABUCO;;;;Colisão;;;;Cruz;Semáforo Intermitente;Comercial;0;1;0;0;0;0;0;0;0;0;0;0;-38,506628;-3,751917
284010;20;4;2016;21:40;0;AV OLIVEIRA PAIVA;;;;;Colisão;;;;Meio de Quadra;;;0;1;1;1;0;0;0;0;0;1;0;0;;
283989;20;4;2016;16:36;0;AV SEN VIRGILIO TAVORA;;;1085;;Colisão;Luz do Dia;;;Meio de Quadra;;;0;1;0;0;0;0;0;0;0;0;0;0;-38,493124;-3,736722
283980;20;4;2016;16:29;0;RUA PRO GOMES BRASIL;;;312;;Colisão;Luz do Dia;;;Meio de Quadra;;;0;1;1;0;0;0;0;0;0;1;0;0;-38,56837;-3,772938
283994;20;4;2016;16:41;1386;AV SEN VIRGILIO TAVORA;RUA MARIA TOMASIA;;;;Colisão;Luz do Dia;;;Cruz;Pare;Comercial;0;1;1;1;0;0;0;0;0;1;0;0;-38,49315;-3,736801
283996;20;4;2016;17:07;0;RUA ILDEFONSO ALBANO;;;3502;;Colisão;Anoitecer;;;Meio de Quadra;;;0;1;1;1;0;0;0;0;0;1;0;0;;
283997;20;4;2016;17:43;0;RUA PRO PEDRO DE MORAIS BORGES;;;;;Atropelamento;Anoitecer;;;Meio de Quadra;;;0;1;1;1;0;0;0;0;0;0;0;0;;
283998;20;4;2016;18:01;0;AV PRO GOMES DE MATOS;;;557;;Atropelamento;Anoitecer;;;Meio de Quadra;;;0;1;1;0;1;0;0;0;0;0;0;0;-38,543391;-3,758562
284000;20;4;2016;19:43;1253;AV SANTOS DUMONT;RUA CARLOS VASCONCELOS;;;;Queda;;;;Cruz;Semáforo;Comercial;0;1;0;0;0;0;0;0;0;1;0;0;-38,510558;-3,732252
284002;20;4;2016;20:00;0;AV FRE CIRILO;;;;;Colisão;;;;Meio de Quadra;;;0;1;1;1;0;0;0;0;0;1;0;0;;
283824;20;4;2016;00:41;11057;AV DR SILAS MUNGUBA;AV DOS EXPEDICIONARIOS;;;;Queda;;;;Cruz;Cancela;Comercial;0;2;0;0;0;0;0;0;0;1;0;0;;
283825;20;4;2016;01:11;9612;RUA SGT JOAO PINHEIRO;RUA OSCAR ARARIPE;;;;Colisão;;;;Cruz;Pare;Comercial;0;0;1;0;0;0;0;0;0;0;0;0;-38,623073;-3,783833
283832;20;4;2016;03:16;0;RUA MARIA GOMES DE SA;;;1753;;Colisão;;;;Meio de Quadra;;;0;1;0;1;0;0;0;0;0;1;0;0;-38,584525;-3,822769
283833;20;4;2016;04:37;0;RUA CON DE CASTRO;;;5237;;Colisão;;;;Meio de Quadra;;;0;2;0;0;0;0;0;0;0;1;0;0;-38,595533;-3,809072
283828;20;4;2016;01:17;0;AV PERIMETRAL;;;;;Colisão;;;;Meio de Quadra;;;0;0;1;0;0;0;0;0;0;0;0;0;;
283829;20;4;2016;02:01;0;AV PRS COSTA E SILVA;;;3469;;Colisão;;;;Meio de Quadra;;;0;1;0;0;0;0;0;0;0;0;0;0;;
283830;20;4;2016;02:02;15368;RUA FREDERICO BORGES;RUA PEREIRA VALENTE;;;;;;;;Cruz;Pare;Comercial;0;1;1;1;0;0;0;0;0;1;0;0;-38,489174;-3,734782
283794;20;4;2016;07:30;0;RD BR 222;;;300;KM-03;Queda;Luz do Dia;Bom;Seca;Meio de Quadra;;;0;1;0;0;0;0;0;0;0;1;0;0;-38,595941;-3,740301
283884;20;4;2016;11:42;0;RUA ANA BILHAR;;;;;Colisão;Luz do Dia;;;Meio de Quadra;;;0;1;1;1;0;0;0;0;0;1;0;0;;
283864;20;4;2016;09:11;0;RUA JOSE PEDRA;;;;;Atropelamento;Luz do Dia;;;Meio de Quadra;;;0;1;1;1;0;0;0;0;0;0;0;0;;
283878;20;4;2016;10:20;12836;AV DOMINGOS OLIMPIO;RUA BAR ARATANHA;;;;Colisão;Luz do Dia;;;Cruz;Semáforo;Comercial;0;1;1;1;0;0;0;0;0;1;0;0;-38,527953;-3,737562
283879;20;4;2016;10:48;5392;RUA PINTO MADEIRA;RUA NOGUEIRA ACIOLI;;;;Colisão;Luz do Dia;;;Cruz;Pare;Misto;0;1;1;1;0;0;0;0;0;1;0;0;-38,517559;-3,732292
283881;20;4;2016;11:30;0;AV PRO GOMES DE MATOS;;;584;;Colisão;Luz do Dia;;;Meio de Quadra;;;0;1;0;0;0;0;0;0;0;0;0;0;-38,543622;-3,758833
283882;20;4;2016;11:40;6748;RUA PRO OTAVIO LOBO;RUA DR GILBERTO STUDART;;;;Atropelamento;Luz do Dia;;;Cruz;Pare;Rural;0;1;1;1;0;0;0;0;0;0;0;0;-38,478756;-3,74432
283876;20;4;2016;09:53;0;AV WASHINGTON SOARES;;;10220;;Colisão;Luz do Dia;;;Meio de Quadra;;;0;1;1;1;1;0;0;0;0;0;0;0;;
283858;20;4;2016;09:05;5053;RUA SEN ALENCAR;RUA AGAPITO DOS SANTOS;;;;Queda;Luz do Dia;;;Cruz;Não Há Controle;Residencial;0;1;0;0;0;0;0;0;0;1;0;0;-38,537552;-3,721799
283860;20;4;2016;09:10;0;RUA JOSE PEDRA;;;126;;Colisão;Luz do Dia;;;Meio de Quadra;;;0;1;1;1;0;0;0;0;0;1;0;0;;
283854;20;4;2016;06:07;0;RUA ESTADO DO RIO;;;;;Colisão;Luz do Dia;;;Meio de Quadra;;;0;1;1;1;0;0;0;0;0;1;0;0;;
283856;20;4;2016;06:37;0;RUA CON BRAVEZA;;;770;;Colisão;Luz do Dia;;;Meio de Quadra;;;0;1;1;1;0;0;0;0;0;1;0;0;-38,498262;-3,796898
283839;20;4;2016;05:17;0;AV SEN FERNANDES TAVORA;;;;;Colisão;Amanhecer;;;Meio de Quadra;;;0;1;1;1;0;0;0;0;0;1;0;0;;
283835;20;4;2016;04:44;0;AV JOSE BASTOS;;;2426;;Queda;;;;Meio de Quadra;;;0;1;0;0;0;0;0;0;0;1;0;0;-38,543333;-3,742853