COD_ACIDENTE;DIA;MES;ANO;HORA;INTERSECAO;LOG1;LOG2;LOG3;NUMERO;REFERENCIA;NATUREZA;ILUMINACAO;TEMPO;SUPERFICIEPISTA;TIPOCRUZAMENTO;CONTROLETRAFEGO;USOSOLO;MORTOS;FERIDOS;ILESOS;AUTOMOVEL;ONIBUS;BICICLETA;CAMINHAO;MICROONIBUS;CICLOMOTOR;MOTOCICLETA;TRACAOANIMAL;TREM;LONG;LAT
284693;20;4;2016;08:45;0;RD CE-040;;;;KM-03;Colisão;Luz do Dia;Bom;Seca;Meio de Quadra;;;0;0;2;1;0;0;0;0;0;1;0;0;-38,481799;-3,773616
284697;20;4;2016;13:50;0;RD CE-040;;;;KM-08;Colisão;Luz do Dia;Bom;Seca;Meio de Quadra;;;0;0;2;1;1;0;0;0;0;0;0;0;-38,483033;-3,817159
282511;20;4;2016;19:30;6573;AV H CJ CEARA;AV C CJ CEARA;;;;Atropelamento;Via Iluminada;Bom;Seca;T;Não Há Controle;Comercial;0;1;1;0;1;0;0;0;0;0;0;0;;
282514;20;4;2016;07:30;8773;AV ENG LEAL LIMA VERDE (SAPIRANGA/COITE);RUA ALPINOPOLIS;;;;Colisão Lateral;Luz do Dia;Bom;Seca;Cruz;Outros;Residencial;0;1;1;1;0;0;0;0;0;1;0;0;-38,47598;-3,792329
282499;20;4;2016;10:50;0;RUA EDUARDO ANGELIM;;;;;Colisão Lateral;Luz do Dia;Bom;Seca;Meio de Quadra;Não Há Controle;Residencial;0;0;2;1;0;0;0;0;0;0;0;0;;
282500;20;4;2016;09:00;25069;AV DOS EXPEDICIONARIOS;RUA RAUL CABRAL;;;;Colisão Traseira;Luz do Dia;Bom;Seca;Cruz;Semáforo;Comercial;0;0;2;1;0;0;0;0;0;0;0;0;-38,542595;-3,769605
282502;20;4;2016;21:30;0;AV 13 DE MAIO;;;1694;;Engavetamento;Via Iluminada;Bom;Seca;Meio de Quadra;Semáforo;Outros;0;0;3;1;0;0;0;0;0;0;0;0;-38,533175;-3,746031
282503;20;4;2016;19:00;0;AV PRS CASTELO BRANCO;;;;;Colisão Lateral;Via Iluminada;Bom;Seca;Outros;Semáforo;Lazer;0;0;2;1;0;0;0;0;1;0;0;0;;
282504;20;4;2016;12:15;0;AV LUCIANO CARNEIRO;;;1991;;Colisão Traseira;Luz do Dia;Bom;Seca;Meio de Quadra;Não Há Controle;Comercial;0;0;2;1;0;0;0;0;0;1;0;0;-38,536703;-3,765012
282506;20;4;2016;18:20;13077;AV C CJ JOSE WALTER;RUA 35 CJ JOSE WALTER;;;;Colisão Lateral;Mal Iluminada;Bom;Seca;Cruz;Não Há Controle;Residencial;0;1;1;1;0;0;0;0;0;1;0;0;-38,558364;-3,827918
282508;20;4;2016;07:15;9043;RUA BAR ARATANHA;RUA PDE MIGUELINHO;;;;Colisão Lateral;Luz do Dia;Bom;Seca;Cruz;Pare;Residencial;0;0;2;1;0;0;0;0;0;0;0;0;-38,530045;-3,743861
282509;20;4;2016;12:00;3788;RUA PDE FRANCISCO PINTO;RUA WALDERY UCHOA;;;;Colisão Transversal;Luz do Dia;Bom;Seca;Cruz;Pare;Comercial;0;0;2;1;0;0;0;0;0;0;0;0;-38,539138;-3,744299
282505;21;4;2016;03:40;0;RUA TIBURCIO CAVALCANTE;;;2470;;Capotamento;;;;Meio de Quadra;;;0;1;1;1;0;0;0;0;0;0;0;0;-38,505919;-3,74634
282542;21;4;2016;16:10;0;AV DR SILAS MUNGUBA;;;4880;;Colisão Lateral;Luz do Dia;;;Meio de Quadra;;;0;1;1;0;0;0;1;0;0;1;0;0;-38,532294;-3,795794
282583;21;4;2016;20:30;2822;AV GAL OSORIO DE PAIVA;RUA OSCAR ARARIPE;;;;Colisão Traseira;;;;T;Semáforo;Comercial;0;0;2;0;0;0;0;0;0;0;0;0;-38,591823;-3,794165
282591;21;4;2016;13:20;15644;RUA DIOGO FEIJO;RUA AFONSO HENRIQUE;;;;Colisão Frontal;Luz do Dia;;;;;;0;0;2;1;0;0;0;0;0;1;0;0;-38,487031;-3,825092
282593;21;4;2016;15:00;25739;RUA VER PEDRO PAULO MOREIRA;RUA LIDIA BRIGIDO;;;;Colisão Traseira;Luz do Dia;;;T;Pare;Residencial;0;0;2;1;0;0;0;0;0;0;0;0;-38,485027;-3,787308
282666;21;4;2016;02:00;5062;RUA GAL SAMPAIO;RUA DR JOAO MOREIRA;;;;Colisão Lateral;;;;Cruz;Semáforo;Comercial;0;0;2;1;0;0;0;0;0;0;0;0;-38,529364;-3,72203
282671;21;4;2016;19:00;0;AV BEIRA MAR;;;4600;;Colisão Traseira;;;;Meio de Quadra;;;0;0;2;1;0;0;0;0;0;0;0;0;-38,479911;-3,72197
282674;21;4;2016;20:06;0;AV JOAO DE ARAUJO LIMA;;;281;;Colisão Transversal;;;;Meio de Quadra;;;0;1;1;1;0;0;0;0;0;1;0;0;-38,558801;-3,824294
282682;21;4;2016;17:20;12954;AV PRS COSTA E SILVA;RUA BERNARDO MANUEL;;;;Atropelamento;Anoitecer;;;Cruz;Semáforo;Comercial;0;1;1;1;0;0;0;0;0;0;0;0;-38,558276;-3,821079
282684;21;4;2016;18:00;0;RUA SILVA JATAHY;;;1404;;Colisão Transversal;Anoitecer;;;Meio de Quadra;;;0;0;3;1;0;0;0;0;0;1;0;0;;
282691;21;4;2016;12:40;24893;AV MAJ ASSIS;RUA ANTONIO ARRUDA;;;;Colisão Transversal;Luz do Dia;;;Cruz;Pare;Residencial;0;1;1;1;0;0;0;0;0;1;0;0;-38,594566;-3,722056
282698;21;4;2016;14:35;24893;AV MAJ ASSIS;RUA ANTONIO ARRUDA;;;;Colisão Transversal;Luz do Dia;;;Cruz;Pare;Residencial;0;0;2;1;0;0;0;0;0;0;0;0;-38,594566;-3,722056
282723;21;4;2016;19:00;3771;AV DA UNIVERSIDADE;AV DOMINGOS OLIMPIO;;;;Atropelamento;;;;Cruz;Semáforo;Comercial;0;1;1;1;0;0;0;0;0;0;0;0;-38,534216;-3,735594
282735;21;4;2016;05:00;1557;RUA BARBOSA DE FREITAS;RUA CAROLINA SUCUPIRA;;;;Colisão Transversal;Amanhecer;;;Cruz;Pare;Residencial;0;2;0;1;0;0;0;0;0;0;0;0;-38,498942;-3,741517
282741;21;4;2016;16:49;0;RUA CANUTO DE AGUIAR;;;880;;Colisão Transversal;Luz do Dia;;;Meio de Quadra;;;0;0;2;1;0;0;0;0;0;0;0;0;-38,494812;-3,730831
282744;21;4;2016;20:20;15246;RUA CARLOS VASCONCELOS;RUA TEN BENEVOLO;;;;Colisão Lateral;;;;Cruz;Semáforo;Comercial;0;0;2;1;0;0;0;0;0;0;0;0;-38,509174;-3,727989
284708;21;4;2016;21:30;0;RD CE-040;;;;KM-05;Colisão;;Bom;Seca;Meio de Quadra;;;0;0;2;1;0;0;0;0;0;0;0;0;-38,480331;-3,791613
284705;21;4;2016;16:00;0;RD CE-060;;;;KM-02;Queda;Luz do Dia;Bom;Material Derrapante;Meio de Quadra;;;0;0;1;0;0;0;0;0;0;1;0;0;-38,582918;-3,836668
284702;21;4;2016;15:50;0;RD CE-060;;;;KM-02;Queda;Luz do Dia;Bom;Material Derrapante;Meio de Quadra;;;0;0;2;0;0;0;0;0;0;1;0;0;-38,582918;-3,836668
284018;21;4;2016;01:41;0;AV DIOGUINHO;;;;;Atropelamento;;;;Meio de Quadra;;;0;1;1;0;0;0;0;0;0;0;0;0;;
284019;21;4;2016;02:13;0;AV J CJ CEARA;;;1123;;Queda;;;;Meio de Quadra;;;0;1;0;0;0;0;0;0;0;1;0;0;;
284016;21;4;2016;01:01;5062;RUA GAL SAMPAIO;RUA DR JOAO MOREIRA;;;;Colisão;;;;Cruz;Semáforo;Comercial;0;1;2;1;0;0;0;0;0;1;0;0;-38,529364;-3,72203
284038;21;4;2016;02:52;0;RUA SAO FRANCISCO D34;;;;;Colisão;;;;Meio de Quadra;;;0;1;0;0;0;0;0;0;0;0;0;0;;
284039;21;4;2016;03:00;0;AV E CJ CEARA;;;176;;Colisão;;;;Meio de Quadra;;;0;1;0;0;0;0;0;0;0;0;0;0;-38,605371;-3,759535
284040;21;4;2016;05:26;0;RUA PDE ANTONINO;;;;;Colisão;Amanhecer;;;Meio de Quadra;;;0;1;1;1;0;0;0;0;0;1;0;0;;
284052;21;4;2016;06:14;0;RUA AQUIRAZ;;;1836;;Colisão;Luz do Dia;;;Meio de Quadra;;;0;1;0;0;0;0;0;0;0;0;0;0;;
284069;21;4;2016;08:55;0;RUA VALPARAISO;;;;;Queda;Luz do Dia;;;Meio de Quadra;;;0;1;0;0;0;0;0;0;0;1;0;0;;
284072;21;4;2016;10:40;0;AV GODOFREDO MACIEL;;;;;Colisão;Luz do Dia;;;Meio de Quadra;;;0;2;1;0;0;0;0;0;0;1;0;0;;
284077;21;4;2016;11:10;1413;RUA JOAO CORDEIRO;RUA BARBARA DE ALENCAR;;;;Atropelamento;Luz do Dia;;;Cruz;Pare;Residencial;0;1;1;0;0;0;0;0;0;1;0;0;-38,516987;-3,737041
284092;21;4;2016;12:07;0;AV DOS EXPEDICIONARIOS;;;816;;Atropelamento;Luz do Dia;;;Meio de Quadra;;;0;1;0;0;0;0;0;0;0;0;0;0;;
284093;21;4;2016;12:11;0;VL JOAO XXIII;;;144;;Atropelamento;Luz do Dia;;;Meio de Quadra;;;0;1;1;0;0;0;0;0;0;1;0;0;;
284094;21;4;2016;12:57;0;RUA DR QUIXADA FELICIO;;;;;Queda;Luz do Dia;;;Meio de Quadra;;;0;1;0;0;0;0;0;0;0;1;0;0;;
284090;21;4;2016;11:20;0;AV DR SILAS MUNGUBA;;;4821;;Colisão;Luz do Dia;;;Meio de Quadra;;;0;1;1;1;0;0;0;0;0;1;0;0;-38,53281;-3,795308
284117;21;4;2016;19:28;12518;AV AUGUSTO DOS ANJOS;RUA CUIABA;;;;Colisão;;;;Cruz;Não Há Controle;Comercial;0;1;1;0;0;0;0;0;0;1;0;0;-38,572386;-3,772615
284115;21;4;2016;19:14;0;AV BEZERRA DE MENEZES;;;;;Colisão;;;;Meio de Quadra;;;0;1;1;1;0;0;0;0;0;1;0;0;;
284112;21;4;2016;18:27;0;AV PRS CASTELO BRANCO;;;5427;;Colisão;Anoitecer;;;Meio de Quadra;;;0;1;1;1;0;0;0;0;0;1;0;0;-38,579116;-3,704082
284113;21;4;2016;18:38;12699;AV CEL CARVALHO;AV MAJ ASSIS;;;;Atropelamento;;;;;;;0;1;1;0;0;0;0;0;0;0;0;0;-38,586255;-3,723796
284110;21;4;2016;17:56;0;RUA TEN TITO BARROS;;;;;Queda;Anoitecer;;;Meio de Quadra;;;0;0;1;0;0;0;0;0;0;1;0;0;;
284100;21;4;2016;13:24;0;RUA VITAL BRASIL;;;339;;Colisão;Luz do Dia;;;Meio de Quadra;;;0;1;1;1;0;0;0;0;0;1;0;0;-38,584308;-3,781902
284101;21;4;2016;14:47;23717;RUA DR ESTENIO GOMES;RUA ARRUDA CAMARA;;;;Colisão;Luz do Dia;;;;;;0;1;1;1;0;1;0;0;0;0;0;0;-38,58221;-3,790804
284102;21;4;2016;17:08;0;RUA DR ATUALPA (V. ELERY);;;318;;Queda;Anoitecer;;;Meio de Quadra;;;0;1;0;0;0;0;0;0;0;1;0;0;;
284107;21;4;2016;17:18;0;AV PRS CASTELO BRANCO;;;3043;;Colisão;Anoitecer;;;Meio de Quadra;;;0;1;1;1;0;0;0;0;0;1;0;0;-38,557149;-3,711636
287358;21;4;2016;02:37;0;RUA AMADEU FURTADO;;;1835;;Colisão;;;;Meio de Quadra;;;0;0;1;0;0;0;0;0;0;0;0;0;;
287360;21;4;2016;02:54;5062;RUA GAL SAMPAIO;RUA DR JOAO MOREIRA;;;;Colisão;;;;Cruz;Semáforo;Comercial;0;0;2;0;0;0;0;0;0;0;0;0;-38,529364;-3,72203
287363;21;4;2016;05:14;7141;AV PRS CASTELO BRANCO;RUA FRANCISCO CALACA;;;;Colisão;Amanhecer;;;Cruz;Pare;Residencial;0;0;1;0;0;0;0;0;0;0;0;0;-38,570498;-3,707642
287364;21;4;2016;06:25;0;RUA HOLANDA;;;1717;;Colisão;Luz do Dia;;;Meio de Quadra;;;0;0;1;0;0;0;0;0;0;0;0;0;;
287366;21;4;2016;07:18;0;AV J CJ CEARA;;;125;ESTAÇÃO DE TREM;Colisão;Luz do Dia;;;Meio de Quadra;;;0;0;1;0;0;0;0;0;0;0;0;0;;
287368;21;4;2016;08:02;15222;RUA BARBOSA DE FREITAS;AV ABOLICAO;;;;Colisão;Luz do Dia;;;Meio de Quadra;Pare;Comercial;0;0;1;0;0;0;0;0;0;0;0;0;-38,494317;-3,727149
287369;21;4;2016;10:28;0;AV BEZERRA DE MENEZES;;;;;Colisão;Luz do Dia;;;Meio de Quadra;;;0;0;1;0;0;0;0;0;0;0;0;0;;
287370;21;4;2016;10:28;0;RUA BAR AQUIRAZ;;;1836;;Colisão;Luz do Dia;;;Meio de Quadra;;;0;0;1;0;0;0;0;0;0;0;0;0;-38,483016;-3,842918
287371;21;4;2016;11:32;10006;RUA ANTONIO NERY;RUA LONDRINA;;;;Colisão;Luz do Dia;;;;;;0;0;1;0;0;0;0;0;0;0;0;0;-38,601152;-3,781614
287372;21;4;2016;12:01;25027;RUA PRA STELLA COCHRANE;AV DR SILAS MUNGUBA;;;;Colisão;Luz do Dia;;;Cruz;Semáforo;Comercial;0;0;1;0;0;0;0;0;0;0;0;0;-38,535043;-3,79309
287373;21;4;2016;12:02;0;AV ZEZE DIOGO;;;6272;;Colisão;Luz do Dia;;;Meio de Quadra;;;0;0;1;0;0;0;0;0;0;0;0;0;;
287376;21;4;2016;12:02;0;RUA DOIS;;;741;;Colisão;Luz do Dia;;;Meio de Quadra;;;0;0;1;0;0;0;0;0;0;0;0;0;;
287377;21;4;2016;12:28;17698;RUA 136 CJ TUPAN MIRIM;RUA 117 CJ TUPAN MIRIM;;;;Colisão;Luz do Dia;;;;;;0;0;1;0;0;0;0;0;0;0;0;0;;
287378;21;4;2016;12:52;0;RUA GAL PIRAGIBE;;;242;;Colisão;Luz do Dia;;;Meio de Quadra;;;0;0;1;0;0;0;0;0;0;0;0;0;-38,558202;-3,736588
287379;21;4;2016;12:56;24229;AV ENG SANTANA JUNIOR;AV ENG ALBERTO SA;;;;Colisão;Luz do Dia;;;Cruz;Semáforo;Comercial;0;0;1;0;0;0;0;0;0;0;0;0;-38,480624;-3,733357
287380;21;4;2016;13:11;3996;RUA PRO COSTA MENDES;RUA EDITE BRAGA;;;;Colisão;Luz do Dia;;;Cruz;Pare;Outros;0;0;1;0;0;0;0;0;0;0;0;0;-38,544275;-3,756932
287382;21;4;2016;13:14;0;AV SEN FERNANDES TAVORA;;;;;Colisão;Luz do Dia;;;Meio de Quadra;;;0;0;1;0;0;0;0;0;0;0;0;0;;
287384;21;4;2016;15:10;0;AV GODOFREDO MACIEL;;;;;Colisão;Luz do Dia;;;Meio de Quadra;;;0;0;1;0;0;0;0;0;0;0;0;0;;
287385;21;4;2016;15:57;0;AV DIOGUINHO;;;3000;;Colisão;Luz do Dia;;;Meio de Quadra;;;0;0;1;0;0;0;0;0;0;0;0;0;-38,452595;-3,742993
287388;21;4;2016;16:11;1381;AV HERACLITO GRACA;RUA ILDEFONSO ALBANO;;;;Colisão;Luz do Dia;;;Duplo T;Semáforo;Comercial;0;0;1;0;0;0;0;0;0;0;0;0;;
287389;21;4;2016;16:35;1413;RUA JOAO CORDEIRO;RUA BARBARA DE ALENCAR;;;;Colisão;Luz do Dia;;;Cruz;Pare;Residencial;0;0;1;0;0;0;0;0;0;0;0;0;-38,516987;-3,737041
287392;21;4;2016;16:35;0;RUA MARIA FELIX RODRIGUES;;;200;;Colisão;Luz do Dia;;;Meio de Quadra;;;0;0;1;0;0;0;0;0;0;0;0;0;-38,565985;-3,7413
287393;21;4;2016;17:13;0;AV JOR THOMAZ COELHO;;;;;Colisão;Anoitecer;;;Meio de Quadra;;;0;0;1;0;0;0;0;0;0;0;0;0;;
287395;21;4;2016;17:50;0;RUA VICENTE PINHEIRO;;;;;Colisão;Anoitecer;;;Meio de Quadra;;;0;0;1;0;0;0;0;0;0;0;0;0;;
287397;21;4;2016;18:38;3175;RUA VITAL BRASIL;RUA LUZIA MOREIRA;;;;Colisão;;;;Cruz;Pare;Residencial;0;0;1;0;0;0;0;0;0;0;0;0;-38,593017;-3,77942
287398;21;4;2016;19:18;0;AV CEL CARVALHO;;;;;Colisão;;;;Meio de Quadra;;;0;0;1;0;0;0;0;0;0;0;0;0;;
287399;21;4;2016;19:25;0;RUA MARIA JULIA;;;1575;;Colisão;;;;Meio de Quadra;;;0;0;1;0;0;0;0;0;0;0;0;0;;
287403;21;4;2016;20:28;0;RUA DAS PEDRINHAS;;;;;Colisão;;;;Meio de Quadra;;;0;0;1;0;0;0;0;0;0;0;0;0;;
287405;21;4;2016;21:38;4269;AV PRS CASTELO BRANCO;RUA ALVARO DE ALENCAR;;;;Colisão;;;;Cruz;Pare;Rural;0;0;1;0;0;0;0;0;0;0;0;0;-38,55723;-3,711624
287406;21;4;2016;21:41;0;LOGRADOURO SEM NOME;;;60;;Colisão;;;;Meio de Quadra;;;0;0;1;0;0;0;0;0;0;0;0;0;;
287408;21;4;2016;21:52;0;AV 02 DE MAIO UI 503;;;;;Colisão;;;;Meio de Quadra;;;0;0;1;0;0;0;0;0;0;0;0;0;;
287409;21;4;2016;22:04;0;RUA JOSE MENDONCA;;;1407;;Colisão;;;;Meio de Quadra;;;0;0;1;0;0;0;0;0;0;0;0;0;-38,601052;-3,751443
287410;21;4;2016;22:54;12699;AV CEL CARVALHO;AV MAJ ASSIS;;;;Colisão;;;;;;;0;0;1;0;0;0;0;0;0;0;0;0;-38,586255;-3,723796
287411;21;4;2016;22:58;0;AV LINEU MACHADO;;;1390;;Colisão;;;;Meio de Quadra;;;0;0;1;0;0;0;0;0;0;0;0;0;-38,579994;-3,771855
287412;21;4;2016;23:24;1508;RUA CATAO MAMEDE;RUA TIBURCIO CAVALCANTE;;;;Colisão;;;;Cruz;Pare;Comercial;0;0;1;0;0;0;0;0;0;0;0;0;-38,503842;-3,739901
287413;21;4;2016;23:32;19656;AV BEZERRA DE MENEZES;RUA PRO JOSE DE BARCELOS;;;;Colisão;;;;T;Semáforo;Comercial;0;0;1;0;0;0;0;0;0;0;0;0;-38,551066;-3,732898
282435;21;4;2016;15:00;3975;RUA ALBERTO MAGNO;RUA PRO COSTA MENDES;;;;Colisão Lateral;Luz do Dia;;;Cruz;Semáforo;Residencial;0;0;2;1;0;0;0;0;0;0;0;0;-38,543548;-3,757528
282439;21;4;2016;15:30;796;RUA ASP MENDES;RUA TEN JOAO ALBANO;;;;Colisão Transversal;Luz do Dia;;;Cruz;Pare;Residencial;0;0;2;1;0;0;0;0;0;1;0;0;-38,513608;-3,772068
282451;21;4;2016;16:10;1381;AV HERACLITO GRACA;RUA ILDEFONSO ALBANO;;;;Colisão Lateral;Luz do Dia;;;Duplo T;Semáforo;Comercial;0;0;2;1;1;0;0;0;0;0;0;0;;
282444;21;4;2016;15:00;0;AV PRO GOMES DE MATOS;;;1381;;Colisão Lateral;Luz do Dia;;;Meio de Quadra;;;0;0;2;1;0;0;0;0;0;0;0;0;-38,548214;-3,764172
282454;21;4;2016;09:00;17564;RUA ESTADO DO RIO;RUA PARA;;;;Colisão Transversal;Luz do Dia;;;Cruz;Pare;Residencial;0;1;1;0;0;0;0;0;0;1;0;0;-38,567337;-3,752973
282464;21;4;2016;19:10;0;RUA VITAL BRASIL;;;542;;;;;;Meio de Quadra;;;0;1;1;1;0;0;0;0;0;1;0;0;-38,586106;-3,781387
282402;21;4;2016;17:30;15184;RUA TIBURCIO CAVALCANTE;AV ABOLICAO;;;;Colisão Lateral;Anoitecer;;;Cruz;Semáforo;Comercial;0;0;2;0;0;0;0;0;0;0;0;0;-38,499409;-3,726066
283655;21;4;2016;23:00;0;RD BR 116;;;100;KM-05;Colisão Lateral;;;Molhada;Meio de Quadra;;;0;0;2;1;0;0;0;0;0;0;0;0;-38,50617967;-3,797701134
283656;22;4;2016;14:38;0;RD BR 116;;;300;KM-06;Queda;Luz do Dia;Chuva;Molhada;Meio de Quadra;;;0;1;0;0;0;0;0;0;0;1;0;0;-38,50238198;-3,805924279
282364;22;4;2016;08:00;5084;RUA SEN ALENCAR;RUA PRC ISABEL;;;;Colisão Transversal;Luz do Dia;Chuva;Molhada;Cruz;Pare;Comercial;0;0;2;1;0;0;0;0;0;0;0;0;-38,534356;-3,722828
282362;22;4;2016;07:00;805;RUA TEN AURELIO SAMPAIO;RUA ASP MENDES;;;;Colisão Transversal;Luz do Dia;Bom;Molhada;Cruz;Pare;Residencial;0;0;2;1;0;0;0;0;0;0;0;0;-38,513441;-3,772954
282359;22;4;2016;21:30;0;AV DIOGUINHO;;;4200;;Colisão;Não Iluminada;Bom;Seca;Meio de Quadra;;Comercial;0;0;2;1;1;0;0;0;0;0;0;0;-38,448347;-3,750977
282360;22;4;2016;04:40;11191;AV DR SILAS MUNGUBA;RUA JOSE MENELEU D41;;;;Colisão Transversal;Via Iluminada;Bom;Molhada;Cruz;Semáforo;Comercial;0;1;1;0;0;0;0;0;0;1;0;0;-38,558016;-3,780972
282374;22;4;2016;20:00;7693;RUA CEARA;RUA RIO GRANDE DO SUL;;;;Colisão Transversal;Via Iluminada;Nublado;Seca;Cruz;Pare;Residencial;0;0;2;1;0;0;0;0;0;1;0;0;-38,567187;-3,758036
282375;22;4;2016;19:00;614;AV DR THEBERGE;RUA ANA FACO;;;;Colisão Transversal;;Bom;Molhada;Cruz;Pare;Residencial;0;0;2;1;0;0;0;0;0;0;0;0;-38,564134;-3,712143
282372;22;4;2016;07:10;24973;AV ALM HENRIQUE SABOIA;RUA MON SALAZAR;;;;Colisão Traseira;Luz do Dia;Chuva;Molhada;T;Pare;Residencial;0;0;3;1;1;0;0;0;0;0;0;0;;
282366;22;4;2016;12:00;23041;AV DR SILAS MUNGUBA;RUA BRUNO VALENTE;;;;Colisão Traseira;Luz do Dia;Chuva;Molhada;Cruz;Pare;Comercial;0;0;2;0;0;0;0;0;0;1;0;0;-38,540009;-3,790483
282367;22;4;2016;19:40;5734;RUA BENJAMIM MOURA;RUA CON BRAVEZA;;;;Colisão Transversal;Via Iluminada;Bom;Molhada;Cruz;Pare;Residencial;0;0;2;1;0;0;0;0;0;1;0;0;-38,497542;-3,798474
282368;22;4;2016;04:30;0;AV EDILSON B SOARES;;;;;Colisão Traseira;Amanhecer;Chuva;Molhada;Meio de Quadra;Pare;Residencial;0;1;1;1;0;0;0;0;0;0;0;0;;
282350;22;4;2016;16:00;0;RUA MOREIRA DE SOUSA;;;96;;Colisão;Luz do Dia;Nublado;Seca;Meio de Quadra;Pare;Residencial;0;0;2;1;0;0;0;0;0;0;0;0;-38,566618;-3,736973
282351;22;4;2016;18:00;15101;AV HIS RAIMUNDO GIRAO;RUA JOAQUIM ALVES;;;;Colisão Lateral;Via Iluminada;Nublado;Seca;T;Não Há Controle;;0;0;2;1;0;0;0;0;0;1;0;0;-38,511073;-3,720943
282356;22;4;2016;14:00;22018;RUA PDE CICERO;RUA PAPI JUNIOR;;;;Colisão Transversal;Luz do Dia;Chuva;Molhada;Cruz;Pare;Residencial;0;0;2;1;0;0;0;0;0;0;0;0;-38,547926;-3,741672
282353;22;4;2016;18:50;21613;RUA CON DE CASTRO;RUA JOAO RAMALHO;;;;Colisão Transversal;Via Iluminada;;Seca;Duplo T;Pare;Residencial;0;0;2;1;0;0;0;0;0;0;0;0;-38,587011;-3,799654
282354;22;4;2016;05:20;0;RUA 15 DE NOVEMBRO;;;;;Colisão Transversal;Amanhecer;Chuva;Molhada;Meio de Quadra;Pare;Residencial;0;0;2;1;0;0;0;0;0;0;0;0;;
282346;22;4;2016;10:30;12892;AV DOMINGOS OLIMPIO;RUA BAR RIO BRANCO;;;;Colisão Lateral;Luz do Dia;Chuva;Molhada;Cruz;Semáforo;Comercial;0;0;2;1;0;0;1;0;0;0;0;0;-38,531494;-3,736579
282347;22;4;2016;00:00;3376;AV ENG HUMBERTO MONTE;RUA CEL NUNES DE MELO;;;;Atropelamento;Mal Iluminada;Nublado;Molhada;Cruz;Gesto;Residencial;0;2;1;1;0;0;0;0;0;0;0;0;-38,55694;-3,753384
282343;22;4;2016;15:00;15356;AV SEN VIRGILIO TAVORA;RUA REPUBLICA DO LIBANO;;;;Colisão Frontal;Luz do Dia;Chuva;Molhada;Cruz;Gesto;Comercial;0;1;2;1;0;0;0;0;0;0;0;0;-38,491882;-3,732865
282344;22;4;2016;17:00;0;RUA GAL CLARINDO DE QUEIROZ;;;1247;;Colisão Lateral;Anoitecer;Nublado;Seca;Meio de Quadra;Não Há Controle;Comercial;0;0;2;1;0;0;0;0;0;0;0;0;-38,535488;-3,730988
282338;22;4;2016;19:00;0;RUA DNA LUCIA PINHEIRO (QUINTINO CUNHA);;;2287;;Colisão;Mal Iluminada;Chuva;Molhada;Meio de Quadra;Não Há Controle;Residencial;0;1;1;0;0;0;0;0;0;1;0;0;-38,598922;-3,731722
282340;22;4;2016;13:50;0;LOGRADOURO SEM NOME;;;;;Colisão Transversal;Luz do Dia;Chuva;Molhada;Meio de Quadra;Pare;Comercial;0;0;2;1;0;0;0;0;0;0;0;0;;
282341;22;4;2016;15:00;0;AV DOMINGOS OLIMPIO;;;1021;;Colisão Traseira;Luz do Dia;Chuva;Molhada;Meio de Quadra;Semáforo;Residencial;0;0;2;1;1;0;0;0;0;0;0;0;-38,532741;-3,736095
282336;22;4;2016;12:45;19330;RUA PERDIGAO DE OLIVEIRA;RUA STA LIGIA;;;;Colisão Transversal;Luz do Dia;Bom;Seca;Cruz;Pare;Residencial;0;0;2;1;0;0;0;0;0;1;0;0;-38,57395;-3,77562
284825;22;4;2016;07:00;0;AV MIN JOSE AMERICO;;;;;Colisão;Luz do Dia;Bom;Seca;Meio de Quadra;;;0;0;2;1;0;0;0;0;0;0;0;0;;
284819;22;4;2016;10:10;0;RD CE-040;;;;KM-06;Colisão;Luz do Dia;Bom;Seca;Meio de Quadra;;;0;0;2;0;0;0;0;0;0;0;0;0;-38,479535;-3,800596
284823;22;4;2016;07:20;0;RD CE-040;;;;KM-09;Colisão;Luz do Dia;Bom;Seca;Meio de Quadra;;;0;0;2;1;0;0;0;0;0;0;0;0;-38,481538;-3,825516
285373;22;4;2016;;0;RD CE-040;;;;KM-03;Colisão;;Bom;Seca;Meio de Quadra;;;0;0;2;1;0;1;0;0;0;0;0;0;-38,481799;-3,773616
287414;22;4;2016;01:34;22298;AV BEZERRA DE MENEZES;RUA JOSE CANDIDO D08;;;;Colisão;;;;T;Não Há Controle;Comercial;0;0;1;0;0;0;0;0;0;0;0;0;-38,551501;-3,732988
287415;22;4;2016;04:05;0;AV DR SILAS MUNGUBA;;;;;Colisão;;;;;;;0;0;1;0;0;0;0;0;0;0;0;0;;
287416;22;4;2016;06:40;0;AV JOSE BASTOS;;;;;Colisão;Luz do Dia;;;Meio de Quadra;;;0;0;2;0;0;0;0;0;0;0;0;0;;
287417;22;4;2016;04:05;0;AV DR SILAS MUNGUBA;;;;;Colisão;;;;Meio de Quadra;;;0;0;1;0;0;0;0;0;0;0;0;0;;
287419;22;4;2016;07:59;9618;RUA ARI MAIA;RUA BOM JESUS (GRANJA LISBOA);;;;Colisão;Luz do Dia;;;;;;0;0;1;0;0;0;0;0;0;0;0;0;-38,62257;-3,787704
287420;22;4;2016;08:15;0;RUA ANTONIO CORREIA LIMA;;;;;Colisão;Luz do Dia;;;Meio de Quadra;;;0;0;1;0;0;0;0;0;0;0;0;0;;
287421;22;4;2016;08:16;5333;RUA GAL CLARINDO DE QUEIROZ;RUA PRC ISABEL;;;;Colisão;Luz do Dia;;;Cruz;Pare;Comercial;0;0;1;0;0;0;0;0;0;0;0;0;-38,536711;-3,730592