COD_ACIDENTE;DIA;MES;ANO;HORA;INTERSECAO;LOG1;LOG2;LOG3;NUMERO;REFERENCIA;NATUREZA;ILUMINACAO;TEMPO;SUPERFICIEPISTA;TIPOCRUZAMENTO;CONTROLETRAFEGO;USOSOLO;MORTOS;FERIDOS;ILESOS;AUTOMOVEL;ONIBUS;BICICLETA;CAMINHAO;MICROONIBUS;CICLOMOTOR;MOTOCICLETA;TRACAOANIMAL;TREM;LONG;LAT
287422;22;4;2016;08:59;0;AV CASTELO DE CASTRO;;;;;Colisão;Luz do Dia;;;Meio de Quadra;;;0;0;1;0;0;0;0;0;0;0;0;0;;
287423;22;4;2016;09:38;24969;AV PDE ANTONIO TOMAS;AV ALM HENRIQUE SABOIA;;;;Colisão;Luz do Dia;;;Cruz;Semáforo;Comercial;0;1;2;1;0;0;0;0;0;0;0;0;-38,489455;-3,743493
287424;22;4;2016;10:32;0;RUA JOSE FACANHA;;;584;;Colisão;Luz do Dia;;;Meio de Quadra;;;0;0;1;0;0;0;0;0;0;0;0;0;-38,556746;-3,752615
287425;22;4;2016;11:26;25942;AV SGT HERMINIO SAMPAIO;AV JOSE BASTOS;;;;Colisão;Luz do Dia;;;Cruz;Semáforo;Comercial;0;0;1;0;0;0;0;0;0;0;0;0;;
287426;22;4;2016;11:52;19611;RUA NEREU RAMOS;AV GODOFREDO MACIEL;;;;Colisão;Luz do Dia;;;T;Semáforo;Residencial;0;0;1;0;0;0;0;0;0;0;0;0;-38,566802;-3,78725
287427;22;4;2016;13:19;0;AV IMPERADOR;;;;;Colisão;Luz do Dia;;;Meio de Quadra;;;0;0;1;0;0;0;0;0;0;0;0;0;;
287428;22;4;2016;13:20;0;RUA PDE PERDIGAO SAMPAIO;;;295;;Colisão;Luz do Dia;;;Meio de Quadra;;;0;0;1;0;0;0;0;0;0;0;0;0;;
287429;22;4;2016;13:22;1493;AV PDE ANTONIO TOMAS;RUA OSVALDO CRUZ (ALDEOTA);;;;Colisão;Luz do Dia;;;Cruz;Semáforo;Comercial;0;0;1;0;0;0;0;0;0;0;0;0;-38,501588;-3,739538
287430;22;4;2016;13:28;0;AV GAL OSORIO DE PAIVA;;;7530;;Colisão;Luz do Dia;;;Meio de Quadra;;;0;0;1;0;0;0;0;0;0;0;0;0;-38,614823;-3,817881
287432;22;4;2016;15:49;19780;RUA PDE GUERRA;RUA COS ALVARO DE OLIVEIRA;;;;Colisão;Luz do Dia;;;Cruz;Pare;Residencial;0;0;2;0;0;0;0;0;0;0;0;0;-38,555644;-3,738519
287447;22;4;2016;15:49;19780;RUA PDE GUERRA;RUA COS ALVARO DE OLIVEIRA;;;;Colisão;Luz do Dia;;;Cruz;Pare;Residencial;0;0;1;0;0;0;0;0;0;0;0;0;-38,555644;-3,738519
287448;22;4;2016;18:07;0;AV PRS CASTELO BRANCO;;;5196;;Colisão;Anoitecer;;;Meio de Quadra;;;0;0;1;0;0;0;0;0;0;0;0;0;-38,577792;-3,704697
287450;22;4;2016;22:45;12360;RUA RIBEIRO LEITAO;RUA JOCKEY CLUBE;;;;Colisão;;;;Cruz;Pare;Residencial;0;0;1;0;0;0;0;0;0;0;0;0;-38,577674;-3,76331
287452;22;4;2016;22:58;12954;RUA BERNARDO MANUEL;AV PRS COSTA E SILVA;;;;Colisão;;;;Cruz;Semáforo;Comercial;0;0;1;0;0;0;0;0;0;0;0;0;-38,558276;-3,821079
287456;22;4;2016;23:00;25652;AV DOLOR BARREIRA;RUA PRO MOZART SOLON;;;;Colisão;;;;Meio de Quadra;Dê Preferência;Residencial;0;0;1;0;0;0;0;0;0;0;0;0;-38,465314;-3,74339
281006;22;4;2016;18:52;0;AV JOR THOMAZ COELHO;;;;;Colisão;Via Iluminada;Nublado;Seca;Meio de Quadra;Semáforo;Residencial;0;0;2;1;0;0;0;0;0;1;0;0;;
281003;22;4;2016;10:35;2869;RUA CEL VIRGILIO NOGUEIRA (BOM JARDIM);RUA BARRA MANSA;;;;Colisão;Luz do Dia;;;;;;0;0;2;1;1;0;0;0;0;0;0;0;;
284127;22;4;2016;00:05;0;AV PONTES VIEIRA;;;2600;;Queda;;;;Meio de Quadra;;;0;1;0;0;0;0;0;0;0;1;0;0;-38,498376;-3,750951
284128;22;4;2016;00:09;0;RUA GOMES PASSOS;;;547;;Colisão;;;;Meio de Quadra;;;0;1;2;1;0;0;0;0;0;1;0;0;-38,561187;-3,711206
284198;22;4;2016;09:57;0;AV 13 DE MAIO;;;;;Colisão;Luz do Dia;;;Meio de Quadra;;;0;1;1;1;0;0;0;0;0;1;0;0;;
284194;22;4;2016;07:36;0;AV DR SILAS MUNGUBA;;;3791;;Colisão;Luz do Dia;;;Meio de Quadra;;;0;1;1;1;0;0;0;0;0;1;0;0;-38,539931;-3,79051
284195;22;4;2016;08:32;0;RUA OSCAR ARARIPE;;;2498;;Atropelamento;Luz do Dia;;;Meio de Quadra;;;0;1;1;1;0;0;0;0;0;0;0;0;-38,613193;-3,78672
284178;22;4;2016;00:31;1558;RUA PDE VALDEVINO;AV BAR STUDART;;;;Queda;;;;Cruz;Semáforo;Misto;0;1;0;0;0;0;0;0;0;1;0;0;-38,508855;-3,741641
284185;22;4;2016;05:30;0;AV ENG HUMBERTO MONTE;;;584;;Colisão;Amanhecer;;;Meio de Quadra;;;0;1;1;1;0;0;0;0;0;1;0;0;-38,557583;-3,752674
284186;22;4;2016;07:15;24047;RUA DO MANZUA;AV AREIA BRANCA;;;;Colisão;Luz do Dia;;;;;;0;1;1;1;0;0;0;0;0;1;0;0;-38,473593;-3,728306
284180;22;4;2016;01:36;0;AV DR SILAS MUNGUBA;;;835;;Queda;;;;Meio de Quadra;;;0;1;0;0;0;0;0;0;0;1;0;0;-38,558088;-3,780933
284181;22;4;2016;01:58;0;RUA TEN JOSE NEWTON;;;404;;Queda;;;;Meio de Quadra;;;0;1;0;0;0;0;0;0;0;1;0;0;-38,491796;-3,825885
284182;22;4;2016;02:47;0;RUA RAUL CABRAL;;;620;;Queda;;;;Meio de Quadra;;;0;1;0;0;0;0;0;0;0;1;0;0;-38,544091;-3,769142
284731;22;4;2016;00:10;0;RD CE-040;;;;KM-03;Colisão;;Bom;Seca;Meio de Quadra;;;0;0;3;1;0;0;0;0;0;0;0;0;-38,481799;-3,773616
284736;22;4;2016;14:50;0;AV SEN CARLOS JEREISSATI (AEROPORTO);;;;KM 02;Colisão;Luz do Dia;Bom;Seca;Meio de Quadra;;;0;0;2;1;0;0;0;0;0;0;0;0;-38,535424;-3,782194
284268;22;4;2016;19:57;0;AV DR SILAS MUNGUBA;;;4410;;Colisão;;;;Meio de Quadra;;;0;1;1;1;0;0;0;0;0;1;0;0;-38,535173;-3,792948
284266;22;4;2016;19:49;15246;RUA CARLOS VASCONCELOS;RUA TEN BENEVOLO;;;;Colisão;;;;Cruz;Semáforo;Comercial;0;1;0;0;0;0;0;0;0;0;0;0;-38,509174;-3,727989
284263;22;4;2016;18:51;0;RUA SAO SERAFIM;;;162;;Queda;;;;Meio de Quadra;;;0;1;0;0;0;0;0;0;0;1;0;0;;
284232;22;4;2016;11:18;0;AV PRS COSTA E SILVA;;;;;Colisão;Luz do Dia;;;Meio de Quadra;;;0;1;1;1;0;0;0;0;0;1;0;0;;
284233;22;4;2016;11:27;3928;AV IMPERADOR;RUA ANTONIO POMPEU;;;;Colisão;Luz do Dia;;;Cruz;Semáforo;Comercial;0;1;1;1;0;0;0;0;0;1;0;0;-38,536179;-3,733045
284234;22;4;2016;13:42;19469;AV AUGUSTO DOS ANJOS;AV GAL OSORIO DE PAIVA;;;;Colisão;Luz do Dia;;;Outros;Pare;Comercial;0;0;2;0;0;0;0;0;0;1;0;0;-38,584939;-3,787349
284236;22;4;2016;13:52;0;AV WASHINGTON SOARES;;;;;Queda;Luz do Dia;;;Meio de Quadra;;;0;1;0;0;0;0;0;0;0;1;0;0;;
284257;22;4;2016;15:53;2326;AV PRS CASTELO BRANCO;RUA SEN ROBERT KENNEDY;;;;Colisão Transversal;Luz do Dia;;;Cruz;Semáforo;Residencial;0;1;1;1;0;0;0;0;0;1;0;0;-38,579042;-3,704117
284259;22;4;2016;15:54;0;AV D CJ CEARA;;;939;;Colisão;Luz do Dia;;;Meio de Quadra;;;0;1;1;1;0;0;0;0;0;1;0;0;-38,603701;-3,76005
284251;22;4;2016;15:32;5423;RUA SOLON PINHEIRO;RUA GAL CLARINDO DE QUEIROZ;;;;Atropelamento;Luz do Dia;;;Cruz;Semáforo;Comercial;0;1;0;0;0;0;0;0;0;0;0;0;-38,527353;-3,733626
284252;22;4;2016;15:48;0;RUA DO TRABALHADOR;;;2287;;Colisão;Luz do Dia;;;Meio de Quadra;;;0;1;1;1;0;0;0;0;0;1;0;0;;
284270;23;4;2016;00:04;0;AV JOSE BASTOS;;;3202;;Colisão;;;;Meio de Quadra;;;0;1;1;1;0;0;0;0;0;1;0;0;;
284271;23;4;2016;00:18;0;RUA DEMETRIO MENEZES;;;;;Queda;;;;Meio de Quadra;;;0;1;0;0;0;0;0;0;0;1;0;0;;
284274;23;4;2016;00:57;0;RUA EDUARDO PERDIGAO;;;;;Atropelamento;;;;Meio de Quadra;;;0;1;1;1;0;0;0;0;0;0;0;0;;
284295;23;4;2016;04:28;0;RUA TIRADENTES;;;638;;Colisão;;;;Meio de Quadra;;;0;2;0;1;0;0;0;0;0;0;0;0;-38,54998;-3,741276
284296;23;4;2016;04:48;0;RUA CON DE CASTRO;;;5326;;Colisão;;;;Meio de Quadra;;;0;1;1;1;0;1;0;0;0;0;0;0;-38,59621;-3,809969
284298;23;4;2016;04:59;0;RUA DR RIBAMAR LOBO;;;407;;Colisão;;;;Meio de Quadra;;;0;1;1;1;0;0;0;0;0;1;0;0;;
284284;23;4;2016;04:22;0;RUA 6 VENEZA TROPICAL;;;;;Queda;;;;Meio de Quadra;;;0;1;0;0;0;1;0;0;0;0;0;0;;
284346;23;4;2016;09:31;0;AV DOMINGOS OLIMPIO;;;;;Colisão;Luz do Dia;;;Meio de Quadra;;;0;1;1;0;0;0;0;0;0;1;0;0;;
284334;23;4;2016;07:49;0;AV ALBERTO CRAVEIRO;;;;;Colisão;Luz do Dia;;;Meio de Quadra;;;0;1;1;1;0;0;0;0;0;1;0;0;;
284332;23;4;2016;07:39;0;RUA LUIS VIEIRA;;;693;;Colisão;Luz do Dia;;;Meio de Quadra;;;0;1;1;1;0;0;0;0;0;1;0;0;-38,58807;-3,792321
284318;23;4;2016;06:16;0;RUA URUCUTUBA;;;1686;;Colisão;Luz do Dia;;;Meio de Quadra;;;0;1;1;1;0;0;0;0;0;1;0;0;-38,611579;-3,798089
284320;23;4;2016;07:14;0;RUA ARARIUS;;;693;;Colisão;Luz do Dia;;;Meio de Quadra;;;0;1;1;0;0;0;0;0;0;1;0;0;;
284329;23;4;2016;07:28;11861;AV FRANCISCO SA;RUA ADRIANO MARTINS;;;;Colisão;Luz do Dia;;;Cruz;Semáforo;Residencial;0;1;1;1;0;0;0;0;0;1;0;0;-38,544509;-3,721622
284314;23;4;2016;05:22;0;AV DR THEBERGE;;;1757;;Atropelamento;Amanhecer;;;Meio de Quadra;;;0;1;1;0;0;0;0;0;0;1;0;0;-38,56564;-3,716735
284315;23;4;2016;05:44;0;AV SEN FERNANDES TAVORA;;;3227;;Atropelamento de Animal;Amanhecer;;;Meio de Quadra;;;0;1;0;0;0;0;0;0;0;1;0;0;-38,600903;-3,754643
284312;23;4;2016;05:17;0;RUA VILEBALDO AGUIAR;;;407;;Colisão;Amanhecer;;;Meio de Quadra;;;0;1;1;1;0;0;0;0;0;1;0;0;-38,484554;-3,741603
284308;23;4;2016;05:03;0;AV DOS EXPEDICIONARIOS;;;8920;;Colisão;Amanhecer;;;Meio de Quadra;;;0;1;1;1;0;0;0;0;0;1;0;0;;
284309;23;4;2016;05:14;0;RUA VALPARAISO;;;1336;;Colisão;Amanhecer;;;Meio de Quadra;;;0;1;1;0;0;0;1;0;0;1;0;0;-38,530253;-3,840538
284364;23;4;2016;09:54;19570;RUA NEREU RAMOS;RUA ESPANHA;;;;Colisão;Luz do Dia;;;Cruz;Pare;Residencial;0;1;1;1;0;0;0;0;0;1;0;0;-38,574434;-3,783961
284368;23;4;2016;09:56;5433;RUA METON DE ALENCAR;RUA MAJ FACUNDO;;;;Colisão;Luz do Dia;;;Cruz;Pare;Residencial;0;1;2;1;0;0;0;0;0;1;0;0;-38,529899;-3,733917
284375;23;4;2016;10:27;15216;AV ABOLICAO;RUA VIS MAUA;;;;Atropelamento;Luz do Dia;;;Cruz;Pare;Comercial;0;1;1;1;0;0;0;0;0;0;0;0;-38,496477;-3,727006
284396;23;4;2016;18:07;0;AV JOVITA FEITOSA;;;1050;;Atropelamento;Anoitecer;;;Meio de Quadra;;;0;1;1;0;0;0;0;0;0;1;0;0;-38,553254;-3,73922
284397;23;4;2016;19:48;0;RUA ANTONIO FONTENELE;;;76;;Atropelamento;;;;Meio de Quadra;;;0;1;1;1;0;0;0;0;0;0;0;0;;
284398;23;4;2016;20:08;0;RUA MARIA GOMES DE SA;;;;;Colisão;;;;Meio de Quadra;;;0;1;2;1;0;0;0;0;0;1;0;0;;
284393;23;4;2016;16:13;4080;AV JOSE BASTOS;RUA CEARA;;;;Colisão;Luz do Dia;;;Cruz;Pare;;0;1;0;0;0;0;0;0;0;0;0;0;-38,564112;-3,760008
284394;23;4;2016;17:47;0;AV GENIBAU;;;716;;Queda;Anoitecer;;;Meio de Quadra;;;0;1;0;0;0;0;0;0;0;1;0;0;-38,601394;-3,760503
284381;23;4;2016;10:49;0;RD BR 116;;;3000;KM-03;Colisão;Luz do Dia;;;Meio de Quadra;;;0;2;0;0;0;0;0;0;0;0;0;0;-38,514372;-3,779838
284386;23;4;2016;12:57;0;RUA CARLOS MAGNO;;;1376;;Colisão;Luz do Dia;;;Meio de Quadra;;;0;0;2;0;0;0;0;0;0;1;0;0;;
284388;23;4;2016;14:08;0;AV PRS CASTELO BRANCO;;;3161;;Colisão;Luz do Dia;;;Meio de Quadra;;;0;2;0;0;0;0;0;0;0;0;0;0;-38,558932;-3,71115
284389;23;4;2016;15:07;0;AV DOS EXPEDICIONARIOS;;;4082;;Queda;Luz do Dia;;;Meio de Quadra;;;0;1;0;0;0;0;0;0;0;1;0;0;-38,537889;-3,754099
284390;23;4;2016;16:08;0;AV PERIMETRAL;;;575;MADEIREIRA SAO LUIS;Colisão;Luz do Dia;;;Meio de Quadra;;;0;2;0;0;0;0;0;0;0;0;0;0;;
284409;23;4;2016;20:53;3094;RUA JULIO BRAGA;RUA MELO DE OLIVEIRA;;;;Queda;;;;Cruz;Pare;Residencial;0;1;0;0;0;0;0;0;0;1;0;0;-38,579854;-3,77574
284400;23;4;2016;20:44;0;RUA CAP HUGO BEZERRA;;;1126;;Queda;;;;Meio de Quadra;;;0;1;0;0;0;1;0;0;0;0;0;0;-38,513144;-3,820413
282510;23;4;2016;05:00;14847;RUA WALDIR DIOGO;TR WALDIR DIOGO;;;;Colisão Transversal;Via Iluminada;Bom;Seca;Cruz;Pare;Residencial;0;0;2;0;0;0;0;0;0;1;0;0;;
282507;23;4;2016;13:40;12785;RUA ALBERTO MAGNO;RUA JOAO SORONGO;;;;Colisão Transversal;;Bom;Seca;Outros;Pare;Residencial;0;0;2;0;1;0;0;0;0;0;0;0;-38,540309;-3,753853
282501;23;4;2016;14:00;0;RUA BARROS LEAL;;;2400;;;Luz do Dia;Bom;Seca;Meio de Quadra;Pare;Residencial;0;0;2;1;0;0;0;0;0;0;0;0;-38,518806;-3,756185
281022;23;4;2016;15:29;0;RUA PERDIGAO DE OLIVEIRA;;;886;;Colisão Lateral;Luz do Dia;Bom;Seca;Meio de Quadra;Não Há Controle;Residencial;0;0;2;1;1;0;0;0;0;0;0;0;-38,577197;-3,774783
281023;23;4;2016;16:37;0;AV SANTOS DUMONT;;;;;Colisão;Luz do Dia;;;Meio de Quadra;;;0;0;2;0;0;0;1;0;0;0;0;0;;
281008;23;4;2016;01:33;0;RUA PRO PAULO LOPES;;;;;Colisão;;;;Meio de Quadra;;;0;0;2;1;0;0;0;0;0;0;0;0;;
281018;23;4;2016;15:12;26011;AV GAL OSORIO DE PAIVA;RUA DAS PITANGUEIRAS;;;;Colisão;Luz do Dia;;;Cruz;Não Há Controle;Residencial;0;0;2;0;1;0;1;0;0;0;0;0;-38,604569;-3,807292
281016;23;4;2016;15:06;0;AV GAL OSORIO DE PAIVA;;;;;Colisão;Luz do Dia;Bom;Seca;Meio de Quadra;;Comercial;0;0;2;1;1;0;0;0;0;0;0;0;;
281082;23;4;2016;18:43;0;RUA MIN ALBUQUERQUE LIMA;;;;;Colisão;;;;Meio de Quadra;;;0;0;2;1;0;0;0;0;0;0;0;0;;
281085;23;4;2016;22:26;1734;RUA MAJ GERARDO MENDES;RUA CAP URUGUAI D46;;;;Colisão;;;;;;;0;0;2;1;0;0;0;0;0;0;0;0;-38,513151;-3,766576
287460;23;4;2016;00:30;19833;AV ENG HUMBERTO MONTE;AV JOVITA FEITOSA;;;;Colisão;;;;Cruz;Semáforo;Comercial;0;0;1;0;0;0;0;0;0;0;0;0;-38,566544;-3,741963
287462;23;4;2016;07:21;0;AV GODOFREDO MACIEL;;;;;Colisão;Luz do Dia;;;Meio de Quadra;;;0;0;1;0;0;0;0;0;0;0;0;0;;
287463;23;4;2016;08:12;0;RUA MELO CESAR;;;454;;Colisão;Luz do Dia;;;Meio de Quadra;;;0;0;1;0;0;0;0;0;0;0;0;0;-38,504282;-3,794716
287464;23;4;2016;10:49;0;AV DEP PAULINO ROCHA;;;;;Colisão;Luz do Dia;;;Meio de Quadra;;;0;0;1;0;0;0;0;0;0;0;0;0;;
287466;23;4;2016;11:41;0;AV TRISTAO GONCALVES;;;762;;Colisão;Luz do Dia;;;Meio de Quadra;;;0;0;1;0;0;0;0;0;0;0;0;0;-38,533602;-3,728453
287469;23;4;2016;11:41;11861;AV FRANCISCO SA;RUA ADRIANO MARTINS;;;;Colisão;Luz do Dia;;;Cruz;Semáforo;Residencial;0;0;1;0;0;0;0;0;0;0;0;0;-38,544509;-3,721622
287433;23;4;2016;23:24;0;RUA MARIA GOMES DE SA;;;;;Colisão;;;;Meio de Quadra;;;0;0;1;0;0;0;0;0;0;0;0;0;;
287435;23;4;2016;22:54;1432;AV SEN VIRGILIO TAVORA;AV SANTOS DUMONT;;;;Colisão;;;;Cruz;Semáforo;Comercial;0;0;1;0;0;0;0;0;0;0;0;0;-38,493482;-3,737828
287474;23;4;2016;13:01;17573;RUA ESTADO DO RIO;RUA MARANHAO;;;;Colisão;Luz do Dia;;;;;;0;0;1;0;0;0;0;0;0;0;0;0;-38,568106;-3,754149
287475;23;4;2016;13:47;5082;RUA BAR RIO BRANCO;RUA DR JOAO MOREIRA;;;;Colisão;Luz do Dia;;;Cruz;Semáforo;Comercial;0;0;1;0;0;0;0;0;0;0;0;0;-38,527092;-3,722797
287479;23;4;2016;13:58;7873;AV PONTES VIEIRA;RUA BARBOSA DE FREITAS;;;;Colisão;Luz do Dia;;;Cruz;Semáforo;Comercial;0;0;1;0;0;0;0;0;0;0;0;0;-38,502094;-3,751381
287486;23;4;2016;14:56;15216;RUA VIS MAUA;AV ABOLICAO;;;;Colisão;Luz do Dia;;;Cruz;Pare;Comercial;0;0;1;0;0;0;0;0;0;0;0;0;-38,496477;-3,727006
287487;23;4;2016;15:28;5424;RUA BAR RIO BRANCO;RUA METON DE ALENCAR;;;;Colisão;Luz do Dia;;;Cruz;Pare;Comercial;0;0;1;0;0;0;0;0;0;0;0;0;-38,530563;-3,733701
287488;23;4;2016;15:59;0;RUA VITORIA DA CONQUISTA;;;1500;;Colisão;Luz do Dia;;;Meio de Quadra;;;0;0;1;0;0;0;0;0;0;0;0;0;;
287482;23;4;2016;14:05;19570;RUA NEREU RAMOS;RUA ESPANHA;;;;Colisão;Luz do Dia;;;Cruz;Pare;Residencial;0;0;1;0;0;0;0;0;0;0;0;0;-38,574434;-3,783961
287484;23;4;2016;16:03;0;RUA BEM AVENTURANCA;;;424;;Colisão;Luz do Dia;;;Meio de Quadra;;;0;0;1;0;0;0;0;0;0;0;0;0;-38,568563;-3,703411
287490;23;4;2016;16:00;0;AV SANTOS DUMONT;;;8199;;Colisão;Luz do Dia;;;;;;0;0;0;0;0;0;0;0;0;0;0;0;;
287493;23;4;2016;16:19;25331;AV BENJAMIM BRASIL;ET PAVUNA;;;;Colisão;Luz do Dia;;;Duplo T;Não Há Controle;Residencial;0;0;1;0;0;0;0;0;0;0;0;0;-38,556174;-3,809073
287495;23;4;2016;16:45;2652;RUA AMOR PERFEITO;RUA RAIMUNDO FROTA;;;;Colisão;Luz do Dia;;;Cruz;Não Há Controle;Residencial;0;0;1;0;0;0;0;0;0;0;0;0;-38,582332;-3,715156
287499;23;4;2016;17:02;0;AV N CJ JOSE WALTER;;;;;Colisão;Anoitecer;;;Meio de Quadra;;;0;0;1;0;0;0;0;0;0;0;0;0;;
287501;23;4;2016;18:45;0;RUA JANGADA;;;700;;Colisão;;;;Meio de Quadra;;;0;0;1;0;0;0;0;0;0;0;0;0;;
287502;23;4;2016;19:06;4006;RUA DES PRAXEDES;RUA EDITE BRAGA;;;;Colisão;;;;Cruz;Pare;Comercial;0;0;1;0;0;0;0;0;0;0;0;0;-38,547472;-3,760633
287504;23;4;2016;20:06;0;RUA EUCLIDES O DE SOUSA;;;1213;;Colisão;;;;Meio de Quadra;;;0;0;1;0;0;0;0;0;0;0;0;0;-38,469357;-3,797335
287505;23;4;2016;20:40;0;AV GAL OSORIO DE PAIVA;;;3462;;Colisão;;;;Meio de Quadra;;;0;0;1;0;0;0;0;0;0;0;0;0;-38,58918;-3,791475
287506;23;4;2016;21:42;0;AV CONTORNO NORTE D71;;;1150;;Colisão;;;;Meio de Quadra;;;0;0;1;0;0;0;0;0;0;0;0;0;;
287508;23;4;2016;21:56;1734;RUA MAJ GERARDO MENDES;RUA CAP URUGUAI D46;;;;Colisão;;;;;;;0;0;1;0;0;0;0;0;0;0;0;0;-38,513151;-3,766576
287510;23;4;2016;22:10;0;RUA ANTONIO FONTENELE;;;78;;Colisão;;;;Meio de Quadra;;;0;0;1;0;0;0;0;0;0;0;0;0;;
287431;23;4;2016;22:12;0;AV PRO GOMES DE MATOS;;;476;;Colisão;;;;Meio de Quadra;;;0;0;1;0;0;0;0;0;0;0;0;0;-38,542606;-3,757646
284874;23;4;2016;18:40;0;AV SEN CARLOS JEREISSATI (AEROPORTO);;;;KM 02;Colisão;;Bom;Seca;Meio de Quadra;;;0;0;2;1;0;0;0;0;0;0;0;0;-38,535424;-3,782194
284870;23;4;2016;17:45;0;AV SEN CARLOS JEREISSATI (AEROPORTO);;;;KM 03;Colisão;Anoitecer;Bom;Seca;Meio de Quadra;;;0;0;2;1;0;0;0;0;0;1;0;0;-38,544038;-3,779641
282385;23;4;2016;20:00;9020;RUA JAIME BENEVOLO;RUA SALDANHA MARINHO;;;;Colisão Lateral;Via Iluminada;Bom;Seca;Cruz;Semáforo;Comercial;0;0;2;1;0;0;0;0;0;0;0;0;-38,528994;-3,743046
282382;23;4;2016;18:30;15247;RUA NUNES VALENTE;RUA DEP MOREIRA DA ROCHA;;;;Colisão Lateral;Via Iluminada;Bom;Seca;Cruz;Pare;Residencial;0;0;2;1;0;0;0;0;0;1;0;0;-38,50112;-3,727994
282395;23;4;2016;14:20;3768;AV DOMINGOS OLIMPIO;AV TRISTAO GONCALVES;;;;Colisão Transversal;Luz do Dia;Bom;Seca;Cruz;Semáforo;Comercial;0;0;2;0;0;0;0;0;0;1;0;0;-38,535613;-3,735133
282393;23;4;2016;14:15;0;RUA MARANHAO;;;;;Colisão;Luz do Dia;Bom;Seca;Meio de Quadra;Pare;Residencial;0;0;2;1;0;0;0;0;0;0;0;0;;
282403;23;4;2016;14:30;5433;RUA MAJ FACUNDO;RUA METON DE ALENCAR;;;;Colisão Lateral;Luz do Dia;Bom;Seca;Cruz;Pare;Residencial;0;1;2;1;0;0;0;0;0;1;0;0;-38,529899;-3,733917
282398;23;4;2016;18:50;0;RUA OSCAR ARARIPE;;;1930;;Colisão Traseira;Anoitecer;Bom;Seca;Meio de Quadra;Semáforo;Residencial;0;0;2;1;1;0;0;0;0;0;0;0;-38,608477;-3,788239
282408;23;4;2016;08:00;1359;RUA CARLOS VASCONCELOS;RUA JOAO CARVALHO;;;;Colisão Transversal;Luz do Dia;Bom;;Cruz;Pare;Comercial;0;0;2;1;0;0;0;0;0;0;0;0;-38,511844;-3,736251
282409;23;4;2016;14:20;0;AV JOSE BASTOS;;;3610;;Colisão Traseira;Luz do Dia;Bom;Seca;Meio de Quadra;Não Há Controle;Comercial;0;0;3;1;0;0;0;0;0;0;0;0;-38,551154;-3,750691
282414;23;4;2016;06:00;0;AV DOS EXPEDICIONARIOS;;;4074;;Choque c/ Obstáculo Fixo;Mal Iluminada;Bom;Seca;Meio de Quadra;Não Há Controle;Residencial;0;0;1;0;0;0;0;0;0;1;0;0;-38,537866;-3,754023
282415;23;4;2016;10:00;0;AV GODOFREDO MACIEL;;;2900;;Colisão Transversal;Luz do Dia;Bom;Seca;Meio de Quadra;Outros;Residencial;0;2;1;0;0;0;0;0;0;1;0;0;-38,570835;-3,799452
282418;23;4;2016;10:10;17297;AV PRO GOMES DE MATOS;RUA EDUARDO ANGELIM;;;;Colisão Lateral;Luz do Dia;Bom;Seca;Cruz;Pare;Comercial;0;0;2;1;0;0;0;0;0;0;0;0;-38,547809;-3,763719
282420;23;4;2016;09:20;1350;RUA TORRES CAMARA;RUA SILVA PAULET;;;;Colisão Transversal;Luz do Dia;Bom;Seca;Cruz;Pare;Comercial;0;1;1;1;0;0;0;0;0;1;0;0;-38,505905;-3,735958
282421;23;4;2016;01:00;376;RUA PRO ANACLETO;RUA GAL BERNARDO FIGUEIREDO;;;;Colisão Transversal;Via Iluminada;Bom;Molhada;Duplo T;Pare;Residencial;0;0;2;0;1;0;0;0;0;0;0;0;-38,551931;-3,739693
282423;23;4;2016;23:50;3990;AV PRO GOMES DE MATOS;RUA PRO COSTA MENDES;;;;Colisão Transversal;Via Iluminada;Bom;Seca;Cruz;Semáforo;Comercial;0;1;1;1;0;0;0;0;0;0;0;0;-38,542936;-3,758035
282424;23;4;2016;15:00;9132;AV 13 DE MAIO;RUA JAIME BENEVOLO;;;;Colisão Traseira;Luz do Dia;Bom;Seca;;Semáforo;Comercial;0;0;2;1;0;0;0;0;0;0;0;0;-38,530741;-3,748122
282425;23;4;2016;00:00;0;AV DEP PAULINO ROCHA;;;;;Choque c/ Obstáculo Fixo;Luz do Dia;Bom;Seca;Meio de Quadra;Outros;Residencial;0;0;1;0;0;0;1;0;0;0;0;0;;
282427;23;4;2016;01:00;0;RUA BERNARDO MANUEL;;;10231;;Colisão Traseira;Via Iluminada;Bom;Molhada;Meio de Quadra;;Residencial;0;2;0;1;0;0;0;0;0;1;0;0;-38,554483;-3,808693
282428;23;4;2016;10:10;5402;RUA VINTE E QUATRO DE MAIO;RUA METON DE ALENCAR;;;;Colisão Transversal;Luz do Dia;Bom;Seca;Cruz;Pare;Comercial;0;0;2;1;0;0;0;0;0;0;0;0;-38,533848;-3,732626
282429;23;4;2016;17:30;0;AV PRS CASTELO BRANCO;;;3181;;Choque c/ Obstáculo Fixo;Via Iluminada;Bom;Seca;Meio de Quadra;Outros;Comercial;0;0;1;1;0;0;0;0;0;0;0;0;-38,559203;-3,711043
282430;23;4;2016;12:50;25072;AV DOS EXPEDICIONARIOS;RUA VICENTE SPINDOLA;;;;Colisão Lateral;Luz do Dia;Bom;Seca;Cruz;Pare;Residencial;0;0;2;0;0;0;0;0;0;1;0;0;-38,542084;-3,767922
282431;23;4;2016;22:40;26226;AV AMERICO BARREIRA;AV CARNEIRO DE MENDONCA;;;;Colisão Transversal;Via Iluminada;Bom;Seca;Cruz;Semáforo;Comercial;0;1;1;0;0;0;0;0;0;1;0;0;;