COD_ACIDENTE;DIA;MES;ANO;HORA;INTERSECAO;LOG1;LOG2;LOG3;NUMERO;REFERENCIA;NATUREZA;ILUMINACAO;TEMPO;SUPERFICIEPISTA;TIPOCRUZAMENTO;CONTROLETRAFEGO;USOSOLO;MORTOS;FERIDOS;ILESOS;AUTOMOVEL;ONIBUS;BICICLETA;CAMINHAO;MICROONIBUS;CICLOMOTOR;MOTOCICLETA;TRACAOANIMAL;TREM;LONG;LAT
282432;23;4;2016;13:00;11009;RUA EQUADOR;RUA JULIO VERNE;;;;Colisão Transversal;Luz do Dia;Bom;Seca;Cruz;Pare;Residencial;0;1;1;1;0;0;0;0;0;1;0;0;-38,552843;-3,775427
282465;23;4;2016;22:30;0;RUA ALUISIO AZEVEDO;;;580;;Colisão Lateral;;Bom;Seca;Meio de Quadra;;Comercial;0;0;2;0;1;0;0;0;0;0;0;0;-38,578052;-3,770793
282447;23;4;2016;12:15;0;AV ALM BARROSO;;;1006;;Colisão Lateral;Luz do Dia;Bom;Seca;Meio de Quadra;Não Há Controle;Comercial;0;1;2;0;0;0;0;0;0;1;0;0;-38,513567;-3,720003
282453;23;4;2016;16:45;15134;AV BEIRA MAR;AV BAR STUDART;;;;Colisão Lateral;Luz do Dia;Bom;Seca;Cruz;Pare;Comercial;0;0;2;1;0;0;0;0;0;0;0;0;-38,503156;-3,723916
282441;23;4;2016;11:00;706;AV DR THEBERGE;RUA ACUCENA;;;;Atropelamento;Luz do Dia;Bom;Seca;T;Não Há Controle;Residencial;0;2;0;0;0;0;0;0;0;1;0;0;-38,566788;-3,720185
282487;23;4;2016;14:00;25902;RUA LUIS VIEIRA;RUA ECA DE QUEIROZ;;;;Colisão Lateral;Luz do Dia;Bom;Seca;Cruz;Pare;Residencial;0;2;0;1;0;0;0;0;0;1;0;0;;
282485;23;4;2016;13:00;0;AV ALBERTO CRAVEIRO;;;2222;;Colisão Traseira;Luz do Dia;Bom;Seca;Meio de Quadra;Semáforo;Comercial;0;1;1;1;0;0;0;0;0;1;0;0;-38,518779;-3,798682
282472;23;4;2016;13:00;0;RUA TIRADENTES;;;644;;Colisão Traseira;Luz do Dia;Bom;Seca;Meio de Quadra;Não Há Controle;Residencial;0;1;1;1;0;0;0;0;0;0;0;0;-38,550036;-3,741222
282460;23;4;2016;21:00;19662;RUA PRO NOGUEIRA;RUA GUSTAVO SAMPAIO;;;;;Via Iluminada;Bom;Seca;Cruz;Pare;Comercial;0;0;2;1;0;0;0;0;0;0;0;0;-38,54974;-3,733875
283659;23;4;2016;23:30;0;RD BR 116;;;800;KM-04;Colisão Lateral;;Bom;Seca;Meio de Quadra;;;0;1;1;1;0;0;0;0;0;1;0;0;-38,50847;-3,793082
282479;24;4;2016;13:40;22677;RUA MARIO ALENCAR ARARIPE;AV COS GOMES DE FREITAS (SAPIRANGA/COITE);;;;Colisão Transversal;Luz do Dia;Bom;Seca;T;Pare;Comercial;0;0;2;1;0;0;0;0;0;0;0;0;-38,478257;-3,795569
282484;24;4;2016;14:40;1089;RUA ROBERTO GRADVOHL;AV PRS ARTUR BERNARDES;;;;Outros;Luz do Dia;Bom;Seca;Cruz;Não Há Controle;Residencial;0;0;2;1;0;0;0;0;0;0;0;0;-38,470377;-3,808872
282498;24;4;2016;20:40;0;RUA MIMOSA COELHO;;;375;;Colisão Transversal;Mal Iluminada;Bom;Seca;Meio de Quadra;Pare;Residencial;0;0;3;1;0;0;0;0;0;0;0;0;;
282490;24;4;2016;08:00;15317;RUA TEN BENEVOLO;RUA NUNES VALENTE;;;;Colisão Lateral;Luz do Dia;Bom;Seca;Cruz;Pare;Residencial;0;0;2;0;1;0;0;0;0;0;0;0;-38,501859;-3,730365
282495;24;4;2016;20:10;5097;RUA TEREZA CRISTINA;RUA SAO PAULO;;;;;;Bom;;Cruz;Pare;Residencial;0;0;2;1;0;1;0;0;0;0;0;0;-38,535693;-3,723354
282413;24;4;2016;07:00;0;AV DR SILAS MUNGUBA;;;3061;;Colisão Frontal;Luz do Dia;Bom;Seca;Meio de Quadra;Semáforo Intermitente;Comercial;0;1;1;1;0;0;0;0;0;1;0;0;-38,545882;-3,788432
282419;24;4;2016;15:30;4562;RUA PDE PAULINO;RUA TIBURCIO PEREIRA;;;;Colisão Lateral;Luz do Dia;Bom;Seca;Cruz;Não Há Controle;Comercial;0;0;2;1;0;0;1;0;0;0;0;0;-38,508142;-3,797721
282416;24;4;2016;15:45;1225;RUA COSTA BARROS;RUA ILDEFONSO ALBANO;;;;Colisão Lateral;Luz do Dia;Bom;Seca;Cruz;Semáforo;Comercial;0;0;2;1;0;0;0;0;0;0;0;0;-38,512227;-3,730135
282411;24;4;2016;18:45;5322;AV DUQ CAXIAS;AV IMPERADOR;;;;Colisão Transversal;Via Iluminada;Bom;Seca;Cruz;Semáforo;Comercial;0;1;1;1;0;0;0;0;0;1;0;0;-38,535297;-3,730048
282400;24;4;2016;17:00;0;RUA AUDISIO PINHEIRO;;;2329;;Colisão Frontal;Anoitecer;Bom;Seca;Meio de Quadra;;;0;1;1;0;1;0;0;0;0;1;0;0;-38,592123;-3,769693
282389;24;4;2016;15:30;8122;AV ZUCA ACIOLY;RUA DR GILBERTO STUDART;;;;Colisão Transversal;Luz do Dia;Bom;Seca;Cruz;Não Há Controle;Residencial;0;0;2;1;0;0;0;0;0;0;0;0;-38,466136;-3,748402
284884;24;4;2016;04:30;0;RD CE-040;;;;KM-08;Choque c/ Obstáculo Fixo;;Bom;Seca;Meio de Quadra;;;0;0;1;1;0;0;0;0;0;0;0;0;-38,483033;-3,817159
284887;24;4;2016;10:08;0;RD CE-025;;;;KM-04;Colisão;Luz do Dia;Bom;Seca;Meio de Quadra;;;0;0;2;1;0;0;0;0;0;0;0;0;-38,443339;-3,805112
287436;24;4;2016;04:40;0;RUA CEL MATOS DOURADO;;;208;;Colisão;;;;Meio de Quadra;;;0;0;1;0;0;0;0;0;0;0;0;0;-38,585223;-3,74075
287438;24;4;2016;05:25;17626;RUA JOSE PEDRA;RUA JOAO FRANCA (PQ. 2 IRMÃOS);;;;Colisão;Amanhecer;;;Cruz;Pare;Residencial;0;0;1;0;0;0;0;0;0;0;0;0;-38,549671;-3,795482
287440;24;4;2016;05:27;0;AV GAL OSORIO DE PAIVA;;;6785;;Colisão;Amanhecer;;;Meio de Quadra;;;0;0;1;0;0;0;0;0;0;0;0;0;-38,610185;-3,813122
287443;24;4;2016;06:15;0;AV PERIMETRAL;;;;;Colisão;Luz do Dia;;;Meio de Quadra;;;0;0;1;0;0;0;0;0;0;0;0;0;;
287445;24;4;2016;06:29;0;AV COLETORA NORTE/SUL;;;;;Colisão;Luz do Dia;;;Meio de Quadra;;;0;0;1;0;0;0;0;0;0;0;0;0;;
287446;24;4;2016;06:56;0;RUA 08 UI 509;;;;;Colisão;Luz do Dia;;;Meio de Quadra;;;0;0;2;0;0;0;0;0;0;0;0;0;;
287514;24;4;2016;06:56;0;RUA 08 UI 509;;;;;Colisão;Luz do Dia;;;Meio de Quadra;;;0;0;1;0;0;0;0;0;0;0;0;0;;
287515;24;4;2016;06:56;0;RUA JAMAICA;;;237;;Colisão;Luz do Dia;;;Meio de Quadra;;;0;0;1;0;0;0;0;0;0;0;0;0;;
287516;24;4;2016;07:16;0;RUA ERICO MOTA;;;1295;;Colisão;Luz do Dia;;;Meio de Quadra;;;0;0;1;0;0;0;0;0;0;0;0;0;-38,560225;-3,74935
287517;24;4;2016;07:17;0;AV DR SILAS MUNGUBA;;;5700;;Colisão;Luz do Dia;;;Meio de Quadra;;;0;0;1;0;0;0;0;0;0;0;0;0;-38,528485;-3,803141
287518;24;4;2016;07:48;0;AV BEZERRA DE MENEZES;;;;;Colisão;Luz do Dia;;;Meio de Quadra;;;0;0;1;0;0;0;0;0;0;0;0;0;;
287519;24;4;2016;09:10;15317;RUA TEN BENEVOLO;RUA NUNES VALENTE;;;;Colisão;Luz do Dia;;;Cruz;Pare;Residencial;0;0;1;0;0;0;0;0;0;0;0;0;-38,501859;-3,730365
287521;24;4;2016;12:07;0;AV GODOFREDO MACIEL;;;;;Colisão;Luz do Dia;;;Meio de Quadra;;;0;0;1;0;0;0;0;0;0;0;0;0;;
287523;24;4;2016;13:35;19684;RUA GUSTAVO SAMPAIO;RUA COS ALVARO DE OLIVEIRA;;;;Colisão;Luz do Dia;;;Cruz;Pare;Residencial;0;0;1;0;0;0;0;0;0;0;0;0;-38,556318;-3,735235
287527;24;4;2016;14:08;0;RUA ARMANDO OLIVEIRA;;;;;Colisão;Luz do Dia;;;Meio de Quadra;;;0;0;1;0;0;0;0;0;0;0;0;0;;
287528;24;4;2016;14:39;15289;AV DES MOREIRA;RUA ANA BILHAR;;;;Colisão;Luz do Dia;;;Cruz;Semáforo;Residencial;0;0;1;0;0;0;0;0;0;0;0;0;-38,496113;-3,729331
287529;24;4;2016;15:26;0;AV ALM HENRIQUE SABOIA;;;700;;Colisão;Luz do Dia;;;Meio de Quadra;;;0;0;1;0;0;0;0;0;0;0;0;0;;
287530;24;4;2016;15:27;0;AV JOAO PESSOA;;;6411;;Colisão;Luz do Dia;;;Meio de Quadra;;;0;0;1;0;0;0;0;0;0;0;0;0;-38,559406;-3,766267
287532;24;4;2016;17:15;0;RUA AUDISIO PINHEIRO;;;;;Colisão;Anoitecer;;;Meio de Quadra;;;0;0;1;0;0;0;0;0;0;0;0;0;;
287533;24;4;2016;18:25;0;AV A CJ CEARA;;;1280;;Colisão;Anoitecer;;;Meio de Quadra;;;0;0;1;0;0;0;0;0;0;0;0;0;-38,605218;-3,772579
287534;24;4;2016;18:47;0;AV EDILSON B SOARES;;;;;Colisão;;;;;;;0;0;1;0;0;0;0;0;0;0;0;0;-38,474314;-3,788917
287535;24;4;2016;18:51;0;AV PRS COSTA E SILVA;;;4427;;Colisão;;;;Meio de Quadra;;;0;0;1;0;0;0;0;0;0;0;0;0;-38,540394;-3,825452
287536;24;4;2016;18:51;0;AV PRS COSTA E SILVA;;;4427;;Colisão;;;;Meio de Quadra;;;0;0;1;0;0;0;0;0;0;0;0;0;-38,540394;-3,825452
287539;24;4;2016;19:27;0;AV PRS CASTELO BRANCO;;;;;Colisão;;;;Meio de Quadra;;;0;0;1;0;0;0;0;0;0;0;0;0;;
287540;24;4;2016;19:35;0;RUA MARIA JULIA;;;730;;Colisão;;;;Meio de Quadra;;;0;0;1;0;0;0;0;0;0;0;0;0;-38,59975;-3,791968
287541;24;4;2016;20:46;0;AV D CJ JOSE WALTER;;;;;Colisão;;;;Meio de Quadra;;;0;0;1;0;0;0;0;0;0;0;0;0;;
287542;24;4;2016;20:52;0;AV GAL OSORIO DE PAIVA;;;3477;;Colisão;;;;Meio de Quadra;;;0;0;1;0;0;0;0;0;0;0;0;0;-38,589222;-3,79152
287543;24;4;2016;21:34;9700;RUA OSCAR ARARIPE;RUA BARRA VERMELHA;;;;Colisão;;;;Cruz;Pare;Residencial;0;0;1;0;0;0;0;0;0;0;0;0;-38,614369;-3,786343
287544;24;4;2016;21:54;3010;RUA CEL VIRGILIO NOGUEIRA (BOM JARDIM);RUA URUCUTUBA;;;;Colisão;;;;Cruz;Não Há Controle;Comercial;0;0;1;0;0;0;0;0;0;0;0;0;;
287545;24;4;2016;23:04;19328;RUA EDUARDO PERDIGAO;RUA CON DE CASTRO;;;;Colisão;;;;Cruz;Não Há Controle;Comercial;0;0;1;0;0;0;0;0;0;0;0;0;-38,564769;-3,775579
287547;24;4;2016;23:09;0;AV SEN FERNANDES TAVORA;;;;;Colisão;;;;Meio de Quadra;;;0;0;1;0;0;0;0;0;0;0;0;0;;
287525;24;4;2016;13:31;0;RUA SAO PAULO;;;2148;;Colisão;Luz do Dia;;;Meio de Quadra;;;0;0;1;0;0;0;0;0;0;0;0;0;;
282599;24;4;2016;13:00;19394;AV GAL OSORIO DE PAIVA;TR OSORIO DE PAIVA;;;;Colisão Traseira;;Bom;;Meio de Quadra;;Comercial;0;0;2;1;1;0;0;0;0;0;0;0;-38,57036;-3,778061
282585;24;4;2016;16:00;1225;RUA COSTA BARROS;RUA ILDEFONSO ALBANO;;;;Colisão Transversal;Luz do Dia;Bom;Seca;Cruz;Semáforo;Residencial;0;0;2;1;0;0;0;0;0;1;0;0;-38,512227;-3,730135
282595;24;4;2016;00:00;0;AV ALBERTO CRAVEIRO;;;2505;;Choque c/ Obstáculo Fixo;Via Iluminada;Bom;Seca;Meio de Quadra;Não Há Controle;Comercial;0;0;1;1;0;0;0;0;0;0;0;0;-38,520758;-3,802234
282609;24;4;2016;19:30;0;AV N CJ JOSE WALTER;;;;;Colisão Transversal;Luz do Dia;Bom;Seca;Meio de Quadra;Pare;Residencial;0;0;2;1;0;0;0;0;0;1;0;0;;
282513;24;4;2016;00:54;26267;RUA MARIA GOMES DE SA;RUA NORDICA;;;;Colisão Transversal;Via Iluminada;Bom;Seca;T;Não Há Controle;Comercial;0;1;2;1;0;0;0;0;0;1;0;0;;
282518;24;4;2016;22:30;19328;RUA CON DE CASTRO;RUA EDUARDO PERDIGAO;;;;Colisão Transversal;Via Iluminada;Bom;Seca;Cruz;Não Há Controle;Comercial;0;2;1;0;0;0;0;0;0;1;0;0;-38,564769;-3,775579
282574;24;4;2016;18:30;0;RUA PRO DIAS DA ROCHA;;;;;Colisão Transversal;Via Iluminada;Bom;Seca;Meio de Quadra;;Comercial;0;0;2;1;0;0;0;0;0;0;0;0;;
282576;24;4;2016;11:30;19787;RUA DOM LINO;RUA PDE GUERRA;;;;Colisão Lateral;Luz do Dia;Bom;Seca;Cruz;Pare;Residencial;0;1;1;1;0;0;0;0;0;1;0;0;-38,556643;-3,738718
284412;24;4;2016;21:19;0;AV SEN FERNANDES TAVORA;;;2433;;Colisão;;;;Meio de Quadra;;;0;2;1;1;0;0;0;0;0;1;0;0;-38,594468;-3,755837
284429;24;4;2016;01:02;0;AV C CJ CEARA;;;90;;Colisão;;;;Meio de Quadra;;;0;0;2;1;0;0;0;0;0;1;0;0;;
284430;24;4;2016;01:57;0;RUA CEL MATOS DOURADO;;;208;;Colisão;;;;Meio de Quadra;;;0;1;1;1;0;0;0;0;0;1;0;0;-38,585223;-3,74075
284431;24;4;2016;02:14;9542;RUA 23 DE JUNHO;RUA ARI MAIA;;;;Queda;;;;;;;0;1;0;0;0;0;0;0;0;1;0;0;-38,62003;-3,778665
284439;24;4;2016;04:06;0;RUA PIN ANTONIO BANDEIRA;;;;;Queda;;;;Meio de Quadra;;;0;1;0;0;0;0;0;0;0;1;0;0;;
284441;24;4;2016;04:56;0;AV AREIA BRANCA;;;;;Queda;;;;Meio de Quadra;;;0;1;0;0;0;1;0;0;0;0;0;0;;
284442;24;4;2016;05:54;0;AV GODOFREDO MACIEL;;;;;Queda;Amanhecer;;;Meio de Quadra;;;0;1;0;0;0;0;0;0;0;1;0;0;;
284433;24;4;2016;02:41;0;RUA JAMAICA;;;200;;Choque c/ Obstáculo Fixo;;;;Meio de Quadra;;;0;1;0;1;0;0;0;0;0;0;0;0;;
284477;24;4;2016;10:10;0;RUA CON DE CASTRO;;;5632;;Colisão;Luz do Dia;;;Meio de Quadra;;;0;2;0;0;0;0;0;0;0;0;0;0;;
284481;24;4;2016;10:25;0;RUA HAROLDO TORRES;;;287;;Queda;Luz do Dia;;;Meio de Quadra;;;0;1;0;0;0;1;0;0;0;0;0;0;-38,556289;-3,727034
284483;24;4;2016;11:01;0;RUA PESSOA ANTA;;;327;;Colisão;Luz do Dia;;;Meio de Quadra;;;0;1;1;1;0;0;0;0;0;1;0;0;;
284479;24;4;2016;10:23;0;RUA AUDISIO PINHEIRO;;;;;Colisão;Luz do Dia;;;Meio de Quadra;;;0;1;0;0;0;0;0;0;0;0;0;0;;
284469;24;4;2016;06:43;129;RUA CEL MATOS DOURADO;AV MR HULL;;;;Colisão;Luz do Dia;;;Cruz;Não Há Controle;Comercial;0;1;1;1;0;0;0;0;0;1;0;0;-38,585377;-3,738743
284470;24;4;2016;06:59;0;AV CEL CARVALHO;;;;;Colisão;Luz do Dia;;;Meio de Quadra;;;0;1;1;1;0;0;0;0;0;1;0;0;;
284471;24;4;2016;07:16;0;RUA NOSSA SRA DAS GRACAS;;;961;;Colisão;Luz do Dia;;;Meio de Quadra;;;0;1;1;1;0;0;0;0;0;1;0;0;-38,55647;-3,70936
284472;24;4;2016;10:09;0;RUA NESTOR BARBOSA;;;305;;Atropelamento;Luz do Dia;;;Meio de Quadra;;;0;1;1;0;0;0;0;0;0;1;0;0;-38,55831;-3,744636
284435;24;4;2016;02:49;0;AV DR SILAS MUNGUBA;;;;;Colisão;;;;Meio de Quadra;;;0;1;1;1;0;0;0;0;0;1;0;0;;
284436;24;4;2016;03:35;0;AV SANTOS DUMONT;;;5060;;Queda;;;;Meio de Quadra;;;0;1;0;0;0;0;0;0;0;1;0;0;-38,486368;-3,740115
284448;24;4;2016;05:57;25144;RUA PRO HERIBALDO COSTA;RUA CEL MATOS DOURADO;;;;Colisão;Amanhecer;;;Outros;Semáforo;Residencial;0;1;0;0;0;0;0;0;0;0;0;0;-38,582309;-3,753427
284456;24;4;2016;06:23;0;RUA MARIA CLARA;;;1126;;Colisão;Luz do Dia;;;Meio de Quadra;;;0;1;1;1;0;0;0;0;0;1;0;0;-38,589605;-3,725024
284453;24;4;2016;06:22;0;AV PRS CASTELO BRANCO;;;5932;;Colisão;Luz do Dia;;;Meio de Quadra;;;0;1;2;0;1;0;0;0;0;1;0;0;-38,58354;-3,702028
284534;24;4;2016;16:10;0;RUA PRO GOMES BRASIL;;;;;Colisão;Luz do Dia;;;Meio de Quadra;;;0;1;2;1;0;0;0;0;0;1;0;0;;
284536;24;4;2016;16:10;0;RUA PRO GOMES BRASIL;;;;;Colisão;Luz do Dia;;;;;;0;0;1;1;0;0;0;0;0;1;0;0;;
284537;24;4;2016;16:32;6564;AV H CJ CEARA;AV G CJ CEARA;;;;Colisão;Luz do Dia;;;T;Pare;Misto;0;1;0;0;0;0;0;0;0;0;0;0;;
284540;24;4;2016;16:44;0;AV C CJ CEARA;;;;;Atropelamento;Luz do Dia;;;Meio de Quadra;;;0;1;1;0;0;0;0;0;0;1;0;0;;
284513;24;4;2016;12:22;0;AV PRS CASTELO BRANCO;;;;;Atropelamento;Luz do Dia;;;Meio de Quadra;;;0;1;1;1;0;0;0;0;0;0;0;0;;
284510;24;4;2016;11:58;0;AV PRS COSTA E SILVA;;;;;Colisão;Luz do Dia;;;Meio de Quadra;;;0;1;1;1;0;0;0;0;0;1;0;0;;
284511;24;4;2016;12:15;0;AV DUQ CAXIAS;;;1208;;Colisão;Luz do Dia;;;Meio de Quadra;;;0;1;1;1;0;0;0;0;0;1;0;0;-38,535219;-3,730073
284518;24;4;2016;13:38;13156;AV D CJ JOSE WALTER;AV J CJ JOSE WALTER;;;;Colisão;Luz do Dia;;;T;Pare;Rural;0;1;1;0;0;0;0;0;0;1;0;0;-38,555832;-3,831599
284519;24;4;2016;13:57;0;RUA TEREZA CRISTINA;;;303;;Colisão;Luz do Dia;;;Meio de Quadra;;;0;1;0;0;0;0;0;0;0;0;0;0;;
284520;24;4;2016;14:17;0;AV GAL OSORIO DE PAIVA;;;3454;;Colisão;Luz do Dia;;;Meio de Quadra;;;0;1;0;0;0;0;0;0;0;0;0;0;-38,589119;-3,79141
284521;24;4;2016;14:33;0;RUA OSCAR ARARIPE;;;2645;;Colisão;Luz do Dia;;;Meio de Quadra;;;0;2;0;0;0;0;0;0;0;0;0;0;-38,614401;-3,786334
284522;24;4;2016;15:10;0;RUA PESC CHICO BINDA;;;169;;Queda;Luz do Dia;;;Meio de Quadra;;;0;1;0;0;0;0;0;0;0;1;0;0;;
284523;24;4;2016;15:24;0;RUA CEL VIRGILIO NOGUEIRA (BOM JARDIM);;;;;Atropelamento;Luz do Dia;;;Meio de Quadra;;;0;1;1;0;0;0;0;0;0;0;0;0;;
284525;24;4;2016;16:00;0;AV BEZERRA DE MENEZES;;;;;Atropelamento;Luz do Dia;;;Meio de Quadra;;;0;1;1;0;0;0;0;0;0;0;0;0;;
284502;24;4;2016;11:30;0;AV A CJ CEARA;;;1279;;Atropelamento;Luz do Dia;;;Meio de Quadra;;;0;1;1;1;0;0;0;0;0;0;0;0;-38,605255;-3,772709
284503;24;4;2016;11:49;0;AV BEIRA MAR;;;;;Queda;Luz do Dia;;;Meio de Quadra;;;0;1;0;0;0;1;0;0;0;0;0;0;;
284546;25;4;2016;00:33;0;AV GOV RAUL BARBOSA;;;;;Colisão;;;;Meio de Quadra;;;0;2;0;0;0;0;0;0;0;0;0;0;;
284547;25;4;2016;00:49;0;AV SAPIRANGAS D59;;;111;;Queda;;;;Meio de Quadra;;;0;1;0;0;0;0;0;0;0;1;0;0;-38,473306;-3,789517
284549;25;4;2016;01:08;0;AV DOLOR BARREIRA;;;560;;Queda;;;;Meio de Quadra;;;0;1;0;0;0;0;0;0;0;1;0;0;-38,472331;-3,729867
284694;25;4;2016;17:32;0;RUA RIO PARAGUAI;;;246;;Colisão;Anoitecer;;;Meio de Quadra;;;0;1;1;1;0;1;0;0;0;0;0;0;;
284696;25;4;2016;17:52;0;AV OLIVEIRA PAIVA;;;;;Atropelamento de Animal;Anoitecer;;;Meio de Quadra;;;0;1;0;0;0;0;0;0;0;1;0;0;;
284636;25;4;2016;06:29;0;RUA RIO BRANCO;;;2680;;Queda;Luz do Dia;;;Meio de Quadra;;;0;1;0;0;0;1;0;0;0;0;0;0;;
284686;25;4;2016;16:35;0;AV PRS COSTA E SILVA;;;;;Colisão;Luz do Dia;;;Meio de Quadra;;;1;0;1;1;0;0;0;0;0;1;0;0;;
284687;25;4;2016;17:22;19589;RUA HUNGRIA;RUA NEREU RAMOS;;;;Queda;Anoitecer;;;Cruz;Pare;Residencial;0;1;0;0;0;1;0;0;0;0;0;0;-38,572174;-3,785289
284680;25;4;2016;15:05;0;RUA TULIPA;;;50;;Colisão;Luz do Dia;;;Meio de Quadra;;;0;1;1;1;0;0;0;0;0;1;0;0;-38,578172;-3,710773
284676;25;4;2016;14:27;0;AV DEP PAULINO ROCHA;;;1799;;Colisão;Luz do Dia;;;Meio de Quadra;;;0;1;1;1;0;0;0;0;0;1;0;0;-38,513318;-3,811639
284698;25;4;2016;18:54;0;RUA PORTO VELHO;;;1614;;Queda;;;;Meio de Quadra;;;0;1;0;0;0;0;0;0;0;1;0;0;;
284644;25;4;2016;06:38;0;RUA DR FERNANDO AUGUSTO;;;389;;;Luz do Dia;;;Meio de Quadra;;;0;2;0;0;0;0;0;0;0;1;0;0;-38,597241;-3,794985
284645;25;4;2016;08:00;24298;RUA TAVARES COUTINHO;RUA 8 DE SETEMBRO;;;;Colisão;Luz do Dia;;;Cruz;Pare;Residencial;0;1;1;1;0;1;0;0;0;0;0;0;-38,487134;-3,73261
284646;25;4;2016;09:19;5658;AV JOSE LEON;RUA MANUEL MONTEIRO;;;;Colisão;Luz do Dia;;;Cruz;Gesto;Residencial;0;1;1;1;0;0;0;0;0;1;0;0;-38,493971;-3,789742
284648;25;4;2016;10:36;0;RUA PDE PEDRO DE ALENCAR;;;;;Queda;Luz do Dia;;;Meio de Quadra;;;0;1;1;0;0;0;0;0;0;1;0;0;;
284649;25;4;2016;13:52;0;RUA FRANCISCO GLICERIO;;;290;;Atropelamento;Luz do Dia;;;Meio de Quadra;;;0;1;1;1;0;0;0;0;0;0;0;0;;
284632;25;4;2016;05:11;0;RUA 15 DE NOVEMBRO;;;654;;Atropelamento;Amanhecer;;;Meio de Quadra;;;0;1;1;0;0;0;0;0;0;1;0;0;-38,554589;-3,769392
284619;25;4;2016;04:25;0;RUA PESSOA ANTA;;;;;Atropelamento;;;;Meio de Quadra;;;0;1;1;0;0;0;0;0;0;0;0;0;;
284622;25;4;2016;04:27;0;RUA DRAGAO DO MAR;;;160;;Atropelamento;;;;Meio de Quadra;;;0;1;1;1;0;0;0;0;0;0;0;0;;
284614;25;4;2016;02:48;0;AV GAL OSORIO DE PAIVA;;;3379;;Colisão;;;;Meio de Quadra;;;0;1;1;1;0;0;0;0;0;1;0;0;-38,588381;-3,79064
284616;25;4;2016;02:53;2955;RUA MARIA JULIA;RUA SAO FRANCISCO D21;;;;Colisão;;;;Cruz;Pare;Comercial;0;1;1;0;0;0;0;0;0;1;0;0;-38,601633;-3,798608
284585;25;4;2016;01:28;0;AV SGT HERMINIO SAMPAIO;;;3342;;Colisão;;;;Meio de Quadra;;;0;1;1;0;0;0;0;0;0;1;0;0;-38,570414;-3,72813
284586;25;4;2016;01:57;0;AV WASHINGTON SOARES;;;6555;;Colisão;;;;Meio de Quadra;;;0;1;1;1;0;0;0;0;0;1;0;0;-38,482165;-3,815934
284582;25;4;2016;01:26;0;AV SEN CARLOS JEREISSATI (AEROPORTO);;;;;Colisão;;;;Meio de Quadra;;;0;1;2;1;0;0;0;0;0;1;0;0;;
284608;25;4;2016;02:35;25003;AV SGT HERMINIO SAMPAIO;AV DR THEBERGE;;;;Colisão;;;;Cruz;Semáforo;Misto;0;1;1;1;0;0;0;0;0;1;0;0;-38,569276;-3,727916
284596;25;4;2016;02:34;0;AV FRANCISCO SA;;;5810;;Colisão;;;;Meio de Quadra;;;0;1;1;1;0;0;0;0;0;1;0;0;-38,576401;-3,710892
284594;25;4;2016;02:12;0;RUA PRC ISABEL;;;674;;Colisão;;;;Meio de Quadra;;;0;1;1;1;0;0;0;0;0;1;0;0;-38,535552;-3,72683
282541;25;4;2016;07:50;9068;RUA JOAO LOBO FILHO;RUA GUILHERME MOREIRA;;;;Colisão Transversal;Luz do Dia;Bom;Seca;Cruz;Pare;Residencial;0;1;1;1;0;0;0;0;0;1;0;0;-38,523048;-3,749819
282546;25;4;2016;19:30;15820;RUA GRANJA CASTELO;AV JOR THOMAZ COELHO;;;;Colisão Lateral;Via Iluminada;Bom;Seca;Cruz;Não Há Controle;Comercial;0;0;2;1;1;0;0;0;0;0;0;0;-38,500218;-3,832383
282512;25;4;2016;12:00;0;RUA ULISSES BEZERRA;;;2237;;Colisão Lateral;Luz do Dia;Bom;Seca;Meio de Quadra;Não Há Controle;Residencial;0;1;1;1;0;0;0;0;0;0;0;0;;
282516;25;4;2016;01:30;0;AV GOV RAUL BARBOSA;;;5380;;Choque c/ Obstáculo Fixo;Via Iluminada;Bom;Seca;Meio de Quadra;Não Há Controle;Comercial;0;1;0;1;0;0;0;0;0;0;0;0;-38,509023;-3,766647
282537;25;4;2016;11:20;5448;RUA METON DE ALENCAR;RUA BAR ARATANHA;;;;Colisão Lateral;Luz do Dia;Bom;Seca;Cruz;Pare;Comercial;0;0;2;1;0;0;0;0;0;0;0;0;-38,527028;-3,734847
282528;25;4;2016;08:20;19732;RUA GUSTAVO SAMPAIO;RUA TIP SALES;;;;Colisão Transversal;Luz do Dia;Bom;Seca;Cruz;Pare;Comercial;0;2;1;1;0;0;0;0;0;1;0;0;-38,564917;-3,737013
287566;25;4;2016;11:10;10739;RUA PRO MIRAMAR DA PONTE;AV SEN FERNANDES TAVORA;;;;Colisão;Luz do Dia;;;Cruz;Semáforo;Misto;0;0;1;0;0;0;0;0;0;0;0;0;-38,585156;-3,760591
287558;25;4;2016;08:15;21838;RUA CARLOS ARAUJO;RUA DEP MATOSO FILHO;;;;Colisão;Luz do Dia;;;Cruz;Pare;Residencial;0;0;1;0;0;0;0;0;0;0;0;0;-38,58856;-3,731616
287561;25;4;2016;08:17;0;RUA PRO LINO ENCARNACAO;;;1240;;Colisão;Luz do Dia;;;Meio de Quadra;;;0;0;1;0;0;0;0;0;0;0;0;0;-38,55958;-3,74644
287563;25;4;2016;09:16;0;RUA DRAGAO DO MAR;;;160;;Colisão;Luz do Dia;;;Meio de Quadra;;;0;0;1;0;0;0;0;0;0;0;0;0;;
287564;25;4;2016;10:18;0;AV PRS CASTELO BRANCO;;;5926;;Colisão;Luz do Dia;;;Meio de Quadra;;;0;0;1;0;0;0;0;0;0;0;0;0;-38,583445;-3,702071
287568;25;4;2016;13:21;0;RUA CAP FRANCISCO PEDRO;;;1297;;Colisão;Luz do Dia;;;Meio de Quadra;;;0;0;1;0;0;0;0;0;0;0;0;0;-38,551174;-3,749719