COD_ACIDENTE;DIA;MES;ANO;HORA;INTERSECAO;LOG1;LOG2;LOG3;NUMERO;REFERENCIA;NATUREZA;ILUMINACAO;TEMPO;SUPERFICIEPISTA;TIPOCRUZAMENTO;CONTROLETRAFEGO;USOSOLO;MORTOS;FERIDOS;ILESOS;AUTOMOVEL;ONIBUS;BICICLETA;CAMINHAO;MICROONIBUS;CICLOMOTOR;MOTOCICLETA;TRACAOANIMAL;TREM;LONG;LAT
287571;25;4;2016;13:23;25163;RUA MARIA JULIA ROCHA;RUA SAO FRANCISCO D34;;;;Colisão;Luz do Dia;;;Cruz;Pare;Comercial;0;0;1;0;0;0;0;0;0;0;0;0;;
287572;25;4;2016;13:49;0;AV JOSE LEON;;;2081;;Colisão;Luz do Dia;;;Meio de Quadra;;;0;0;1;0;0;0;0;0;0;0;0;0;-38,493153;-3,78992
287577;25;4;2016;15:20;18297;AV ALM BARROSO;RUA SEN ALMINO;;;;Colisão;Luz do Dia;;;Cruz;Não Há Controle;Comercial;0;0;1;0;0;0;0;0;0;0;0;0;-38,517858;-3,720549
287574;25;4;2016;14:44;5424;RUA BAR RIO BRANCO;RUA METON DE ALENCAR;;;;Colisão;Luz do Dia;;;Cruz;Pare;Comercial;0;0;1;0;0;0;0;0;0;0;0;0;-38,530563;-3,733701
287575;25;4;2016;15:00;0;RUA PDE PEDRO DE ALENCAR;;;;;Colisão;Luz do Dia;;;Meio de Quadra;;;0;0;1;0;0;0;0;0;0;0;0;0;;
287584;25;4;2016;15:21;0;AV AGUANAMBI;;;;;Colisão;Luz do Dia;;;Meio de Quadra;;;0;0;1;0;0;0;0;0;0;0;0;0;;
287585;25;4;2016;16:47;0;AV SGT HERMINIO SAMPAIO;;;;;Colisão;Luz do Dia;;;Meio de Quadra;;;0;0;1;0;0;0;0;0;0;0;0;0;;
287586;25;4;2016;17:01;283;RUA DOM JOSE LOURENCO  D27;RUA ROTARY;;;;Colisão;Anoitecer;;;Cruz;Pare;Residencial;0;0;1;0;0;0;0;0;0;0;0;0;-38,558154;-3,74241
287587;25;4;2016;17:02;5767;RUA VIS BARBACENA D61;RUA MAXIMO LINHARES;;;;Colisão;Anoitecer;;;Cruz;Pare;Residencial;0;0;1;0;0;0;0;0;0;0;0;0;-38,489465;-3,799175
287588;25;4;2016;17:09;0;RUA CON DE CASTRO;;;4256;;Colisão;Anoitecer;;;Meio de Quadra;;;0;0;1;0;0;0;0;0;0;0;0;0;-38,590312;-3,803176
287591;25;4;2016;17:10;15209;RUA NUNES VALENTE;RUA SILVA JATAHY;;;;Colisão;Anoitecer;;;Cruz;Pare;Residencial;0;1;0;0;0;0;0;0;0;0;0;0;-38,500705;-3,726754
287592;25;4;2016;17:10;3820;AV CARAPINIMA;AV 13 DE MAIO;;;;Colisão;Anoitecer;;;Cruz;Semáforo;Comercial;0;0;1;0;0;0;0;0;0;0;0;0;-38,540239;-3,740001
287597;25;4;2016;17:46;0;AV ENG HUMBERTO MONTE;;;1490;;Colisão;Anoitecer;;;Meio de Quadra;;;0;0;1;0;0;0;0;0;0;0;0;0;;
287598;25;4;2016;17:48;0;RUA FRANCISCO GLICERIO;;;290;;Colisão;Anoitecer;;;Meio de Quadra;;;0;0;1;0;0;0;0;0;0;0;0;0;;
287599;25;4;2016;18:18;1447;AV DES MOREIRA;RUA TORRES CAMARA;;;;Colisão;Anoitecer;;;;;;0;0;1;0;0;0;0;0;0;0;0;0;-38,49898;-3,738207
287600;25;4;2016;18:34;0;AV ALBERTO CRAVEIRO;;;;;Colisão;;;;Meio de Quadra;;;0;0;1;0;0;0;0;0;0;0;0;0;;
287548;25;4;2016;05:45;0;RUA PRIMEIRO DE JANEIRO;;;928;;Colisão;Amanhecer;;;Meio de Quadra;;;0;0;1;0;0;0;0;0;0;0;0;0;;
287549;25;4;2016;07:04;0;AV ALBERTO CRAVEIRO;;;;;Colisão;Luz do Dia;;;Meio de Quadra;;;0;0;2;0;0;0;0;0;0;0;0;0;;
287552;25;4;2016;07:17;0;AV PRS JUSCELINO KUBITSCHEK (PASSARÉ);;;;;Colisão;Luz do Dia;;;Meio de Quadra;;;0;0;2;0;0;0;0;0;0;0;0;0;;
287553;25;4;2016;07:26;0;TR SANGATI;;;100;;Colisão;Luz do Dia;;;;;;0;0;1;0;0;0;0;0;0;0;0;0;;
287554;25;4;2016;07:58;0;AV FRANCISCO SA;;;5810;;Colisão;Luz do Dia;;;Meio de Quadra;;;0;0;1;0;0;0;0;0;0;0;0;0;-38,576401;-3,710892
287555;25;4;2016;08:00;0;RUA PRIMEIRO DE JANEIRO;;;928;;Colisão;Luz do Dia;;;Meio de Quadra;;;0;0;1;0;0;0;0;0;0;0;0;0;;
287608;25;4;2016;18:41;16051;AV GODOFREDO MACIEL;RUA OSCAR BENEVIDES;;;;Colisão;;;;T;Semáforo;Comercial;0;0;1;0;0;0;0;0;0;0;0;0;-38,574179;-3,810087
287609;25;4;2016;19:02;4612;AV OLIVEIRA PAIVA;AV WASHINGTON SOARES;;;;Colisão;;;;;;;0;0;1;0;0;0;0;0;0;0;0;0;-38,479908;-3,795695
287612;25;4;2016;19:02;0;AV DR THEBERGE;;;1368;;Colisão;;;;Meio de Quadra;;;0;0;1;0;0;0;0;0;0;0;0;0;-38,564921;-3,71454
287613;25;4;2016;19:43;0;AV IMPERADOR;;;1330;;Colisão;;;;Meio de Quadra;;;0;0;1;0;0;0;0;0;0;0;0;0;-38,536157;-3,732966
287614;25;4;2016;19:44;8581;RUA VER PEDRO PAULO MOREIRA;AV WASHINGTON SOARES;;;;Colisão;;;;;;;0;0;1;0;0;0;0;0;0;0;0;0;-38,480702;-3,786929
287595;25;4;2016;17:11;0;RUA ALBERTO MAGNO;;;1581;;Colisão;Anoitecer;;;Meio de Quadra;;;0;0;1;0;0;0;0;0;0;0;0;0;-38,552318;-3,767793
287619;25;4;2016;19:45;0;RUA J (VILA VELHA);;;388;;Colisão;;;;Meio de Quadra;;;0;0;1;0;0;0;0;0;0;0;0;0;-38,472748;-3,768001
287620;25;4;2016;20:22;738;AV FRANCISCO SA;RUA DNA MENDINHA;;;;Colisão;;;;Cruz;Pare;Residencial;0;0;1;0;0;0;0;0;0;0;0;0;-38,571238;-3,712666
287621;25;4;2016;20:22;17555;RUA DR JOSE LINO;RUA MERUOCA;;;;Colisão;;;;Cruz;Pare;Residencial;0;0;1;0;0;0;0;0;0;0;0;0;-38,482955;-3,730672
287622;25;4;2016;20:43;6756;AV ANTONIO SALES;AV ENG SANTANA JUNIOR;;;;Colisão;;;;Outros;Não Há Controle;Comercial;0;0;1;0;0;0;0;0;0;0;0;0;-38,490039;-3,749257
287624;25;4;2016;21:26;0;AV OLIVEIRA PAIVA;;;;;Colisão;;;;Meio de Quadra;;;0;0;1;0;0;0;0;0;0;0;0;0;;
287627;25;4;2016;21:39;0;AV PRS CASTELO BRANCO;;;;;Colisão;;;;Meio de Quadra;;;0;0;1;0;0;0;0;0;0;0;0;0;;
281091;25;4;2016;15:28;0;AV AGUANAMBI;;;;;Colisão;Luz do Dia;;;Meio de Quadra;;;0;0;2;1;0;0;1;0;0;0;0;0;;
281101;25;4;2016;20:07;0;RUA VER PEDRO PAULO MOREIRA;;;;;Colisão;;;;Meio de Quadra;;;0;0;2;1;0;0;0;0;0;0;0;0;;
284982;25;4;2016;07:10;0;AV SEN CARLOS JEREISSATI (AEROPORTO);;;;KM 03;Colisão;Luz do Dia;Bom;Seca;Meio de Quadra;;;0;1;1;1;0;0;0;0;0;1;0;0;-38,544038;-3,779641
284983;25;4;2016;14:40;0;RD CE-040;;;;KM-06;Choque c/ Obstáculo Fixo;Luz do Dia;Bom;Seca;Meio de Quadra;;;0;0;1;0;0;0;0;0;0;0;0;0;-38,479535;-3,800596
282401;25;4;2016;09:30;13736;AV ROGACIANO LEITE;RUA PINDORAMA;;;;Colisão Traseira;Luz do Dia;Bom;Seca;Cruz;Semáforo;Comercial;0;0;2;1;0;0;0;0;0;0;0;0;-38,498988;-3,773416
282397;25;4;2016;20:30;0;AV MOZART PINHEIRO DE LUCENA;;;2189;;Colisão Lateral;Via Iluminada;Bom;Seca;Meio de Quadra;Não Há Controle;Residencial;0;0;3;1;0;0;0;0;0;1;0;0;;
282412;25;4;2016;15:00;5452;AV HERACLITO GRACA;RUA J DA PENHA;;;;Colisão Traseira;Luz do Dia;Bom;Seca;Cruz;Não Há Controle;Comercial;0;1;1;1;0;0;0;0;0;1;0;0;;
282406;25;4;2016;12:40;5254;RUA JOAO CORDEIRO;RUA PEREIRA FILGUEIRAS;;;;Colisão Transversal;Luz do Dia;Bom;Seca;Cruz;Semáforo;Comercial;0;1;1;1;0;0;0;0;0;1;0;0;-38,513877;-3,728001
282410;25;4;2016;14:35;0;AV BAR STUDART;;;1425;;Colisão Traseira;Luz do Dia;Bom;Seca;Meio de Quadra;Não Há Controle;Comercial;0;0;2;1;0;0;0;0;0;0;0;0;-38,507263;-3,736656
282417;25;4;2016;02:00;12455;AV SEN FERNANDES TAVORA;RUA RIO GRANDE DO SUL;;;;Choque c/ Obstáculo Fixo;Via Iluminada;Bom;Seca;T;Semáforo;Comercial;0;1;0;1;0;0;0;0;0;0;0;0;-38,572159;-3,768083
282422;25;4;2016;10:10;19739;RUA GUSTAVO SAMPAIO;RUA MOREIRA DE SOUSA;;;;Colisão;Luz do Dia;Bom;Seca;Cruz;Pare;Comercial;0;0;2;1;0;0;0;0;0;0;0;0;-38,56665;-3,737367
282426;25;4;2016;10:20;0;AV BEZERRA DE MENEZES;;;2407;;Colisão Traseira;Luz do Dia;Bom;Seca;Meio de Quadra;Não Há Controle;Comercial;0;0;2;1;0;0;0;0;0;1;0;0;-38,566166;-3,73603
282446;25;4;2016;08:59;21838;RUA DEP MATOSO FILHO;RUA CARLOS ARAUJO;;;;Colisão Lateral;Luz do Dia;Bom;Seca;Cruz;Pare;Residencial;0;0;2;1;0;0;0;0;0;1;0;0;-38,58856;-3,731616
282456;25;4;2016;08:15;0;TR SANGATI;;;110;;Colisão Frontal;Luz do Dia;Bom;Seca;Meio de Quadra;Não Há Controle;Residencial;0;1;1;1;0;0;0;0;0;1;0;0;;
282458;25;4;2016;13:30;0;RUA FRANCISCO ALVES D26;;;288;;Colisão Lateral;Luz do Dia;Bom;Seca;Meio de Quadra;Não Há Controle;Comercial;0;0;3;1;0;0;1;0;0;0;0;0;;
282493;25;4;2016;08:00;0;AV DA UNIVERSIDADE;;;3232;;Colisão Transversal;Luz do Dia;Bom;Seca;Meio de Quadra;Não Há Controle;Comercial;0;0;2;1;0;0;0;0;0;0;0;0;-38,541606;-3,74371
282482;25;4;2016;14:00;3768;AV DOMINGOS OLIMPIO;AV TRISTAO GONCALVES;;;;Colisão Traseira;Luz do Dia;Bom;Seca;Cruz;Semáforo;Comercial;0;0;2;1;0;0;0;0;0;0;0;0;-38,535613;-3,735133
282463;25;4;2016;14:30;5767;RUA VIS BARBACENA D61;RUA MAXIMO LINHARES;;;;Colisão Transversal;Via Iluminada;Bom;Seca;Cruz;Pare;Residencial;0;0;2;1;0;0;0;0;0;0;0;0;-38,489465;-3,799175
282478;25;4;2016;19:20;25665;RUA MARVIN;RUA ANTENOR ROCHA ALEXANDRE;;;;Colisão Transversal;Via Iluminada;Bom;Seca;Cruz;Pare;Residencial;0;0;2;1;0;0;0;0;0;0;0;0;-38,483635;-3,792251
282473;25;4;2016;11:10;20814;RUA JOSE PONTES;RUA DOM MANUEL DE MEDEIROS;;;;Colisão Transversal;Luz do Dia;Bom;Seca;T;Pare;Comercial;0;0;2;1;0;0;1;0;0;0;0;0;-38,568598;-3,739964
283667;25;4;2016;08:40;0;RD BR 116;;;500;KM-01;Colisão Traseira;Luz do Dia;Bom;Seca;Meio de Quadra;;;0;0;3;1;0;0;0;0;0;0;0;0;-38,51861693;-3,7628504
283159;25;4;2016;10:00;0;RD BR 020;;;600;KM 429;Colisão Traseira;Luz do Dia;Chuva;Molhada;Meio de Quadra;;;0;0;2;1;0;0;0;0;0;0;0;0;;
283701;26;4;2016;07:30;0;RD BR 116;;;0;KM-14;Tombamento;Luz do Dia;Bom;Seca;Meio de Quadra;;;0;0;1;0;0;0;1;0;0;0;0;0;-38,49954149;-3,874582847
283704;26;4;2016;19:10;0;RD BR 116;;;0;KM-02;Colisão Traseira;;Bom;Seca;Meio de Quadra;;;0;0;2;1;0;0;0;0;0;0;0;0;-38,5163975;-3,772578051
283718;26;4;2016;22:30;0;RD BR 116;;;0;KM-11;Atropelamento de Animal;;Bom;Seca;Meio de Quadra;;;0;2;0;0;0;0;0;0;0;1;0;0;-38,49672673;-3,848173913
282474;26;4;2016;08:57;20042;AV PRS JUSCELINO KUBITSCHEK (PASSARÉ);AV DEP PAULINO ROCHA;;;;Colisão Traseira;Luz do Dia;;;;;;0;0;2;1;0;0;0;0;0;0;0;0;-38,524782;-3,807229
282475;26;4;2016;14:39;0;RUA PESSOA ANTA;;;217;;Colisão Traseira;Luz do Dia;;;Meio de Quadra;;;0;0;2;1;0;0;0;0;0;0;0;0;-38,521098;-3,720987
282476;26;4;2016;07:17;23343;AV PONTES VIEIRA;RUA TIBURCIO CAVALCANTE;;;;Colisão Traseira;Luz do Dia;;;Cruz;Semáforo Intermitente;Comercial;0;0;2;0;0;0;0;0;0;1;0;0;-38,507749;-3,752053
282477;26;4;2016;08:30;0;RUA PRO COSTA MENDES;;;1274;;Colisão Lateral;Luz do Dia;;;Meio de Quadra;;;0;0;2;1;0;0;0;0;0;0;0;0;-38,550729;-3,751251
282461;26;4;2016;03:23;15200;RUA CARLOS VASCONCELOS;RUA DEP MOREIRA DA ROCHA;;;;Colisão Transversal;;;;Cruz;Semáforo;Residencial;0;1;1;1;0;0;0;0;0;1;0;0;-38,508724;-3,72656
282459;26;4;2016;07:15;0;AV DOS EXPEDICIONARIOS;;;;;Colisão Traseira;Luz do Dia;;;Meio de Quadra;;;0;1;1;1;0;0;0;0;0;1;0;0;;
282466;26;4;2016;12:30;0;AV ALM HENRIQUE SABOIA;;;3636;;Colisão Lateral;Luz do Dia;;;Meio de Quadra;;;0;0;2;1;0;0;1;0;0;0;0;0;-38,488093;-3,74134
282468;26;4;2016;19:45;25048;AV ABOLICAO;AV SEN VIRGILIO TAVORA;;;;Colisão Lateral;;;;Cruz;Semáforo;Misto;0;0;2;1;0;0;0;1;0;0;0;0;;
282445;26;4;2016;19:35;3820;AV CARAPINIMA;AV 13 DE MAIO;;;;Colisão Lateral;;;;Cruz;Semáforo;Comercial;0;0;2;1;0;0;0;0;0;0;0;0;-38,540239;-3,740001
282442;26;4;2016;08:00;0;RUA HIL MORAES;;;258;;Atropelamento;Luz do Dia;;;Meio de Quadra;;;0;1;1;0;1;0;0;0;0;0;0;0;-38,474749;-3,772951
282440;26;4;2016;06:50;17414;RUA ZACARIAS GONDIM;RUA 15 DE NOVEMBRO;;;;Colisão Lateral Sentido Oposto;Luz do Dia;;;Cruz;Pare;Comercial;0;0;2;1;1;0;0;0;0;0;0;0;-38,558445;-3,768021
282437;26;4;2016;12:00;13343;AV I CJ JOSE WALTER;RUA 68 CJ JOSE WALTER;;;;Colisão Transversal;Luz do Dia;;;;;;0;0;2;1;0;0;0;0;0;0;0;0;-38,555585;-3,841143
282438;26;4;2016;21:30;11191;AV DR SILAS MUNGUBA;RUA JOSE MENELEU D41;;;;Colisão Traseira;;;;Cruz;Semáforo;Comercial;0;0;2;1;0;0;0;0;0;0;0;0;-38,558016;-3,780972
284985;26;4;2016;07:00;0;AV SEN CARLOS JEREISSATI (AEROPORTO);;;;KM 04;Colisão;Luz do Dia;Bom;Seca;Meio de Quadra;;;0;0;2;0;0;0;1;0;0;1;0;0;-38,544418;-3,779518
284986;26;4;2016;11:30;0;RD CE-025;;;;KM-08;Colisão;Luz do Dia;Bom;Seca;Meio de Quadra;;;0;0;2;1;0;0;0;0;0;0;0;0;-38,418615;-3,82468
284988;26;4;2016;15:40;0;RD CE-040;;;;KM-09;Colisão;Luz do Dia;Bom;Seca;Meio de Quadra;;;0;1;1;0;0;0;0;0;0;0;0;0;-38,481538;-3,825516
284989;26;4;2016;17:30;0;RD CE-040;;;;KM-01;Engavetamento;Anoitecer;Bom;Seca;Meio de Quadra;;;0;0;3;1;0;0;0;1;0;0;0;0;-38,48666;-3,758119
285139;26;4;2016;02:07;5369;RUA PEDRO I;RUA ASSUNCAO;;;;Colisão;;;;T;Pare;Comercial;0;1;1;1;0;0;0;0;0;1;0;0;-38,527661;-3,731527
285140;26;4;2016;02:21;15195;RUA JOSE NAPOLEAO;AV ABOLICAO;;;;Colisão;;;;Cruz;Semáforo Manual;Residencial;0;1;1;1;0;0;0;0;0;1;0;0;-38,490302;-3,726523
281107;26;4;2016;19:55;0;AV COS GOMES DE FREITAS (SAPIRANGA/COITE);;;;;Colisão;;;;Meio de Quadra;;;0;0;2;1;1;0;0;0;0;0;0;0;;
281110;26;4;2016;20:08;0;RUA AZEVEDO BOLAO;;;;;Colisão;;;;Meio de Quadra;;;0;0;2;0;1;0;0;0;0;0;0;0;;
287628;26;4;2016;07:00;8768;RUA PRO SOLON FARIAS;RUA CRISANTO M DA ROCHA;;;;Colisão;Luz do Dia;;;Cruz;Não Há Controle;Residencial;0;0;1;0;0;0;0;0;0;0;0;0;-38,476878;-3,792049
287630;26;4;2016;07:17;23343;AV PONTES VIEIRA;RUA TIBURCIO CAVALCANTE;;;;Colisão;Luz do Dia;;;Cruz;Semáforo Intermitente;Comercial;0;0;1;0;0;0;0;0;0;0;0;0;-38,507749;-3,752053
287631;26;4;2016;08:38;0;AV ALM HENRIQUE SABOIA;;;;;Colisão;Luz do Dia;;;Meio de Quadra;;;0;0;1;0;0;0;0;0;0;0;0;0;;
287632;26;4;2016;08:48;0;AV JOAO PESSOA;;;;;Colisão;Luz do Dia;;;Meio de Quadra;;;0;0;1;0;0;0;0;0;0;0;0;0;;
287633;26;4;2016;09:27;0;AV LINEU MACHADO;;;975;;Colisão;Luz do Dia;;;Meio de Quadra;;;0;0;1;0;0;0;0;0;0;0;0;0;-38,578159;-3,768292
287634;26;4;2016;09:35;0;AV DR SILAS MUNGUBA;;;;;Colisão;Luz do Dia;;;Meio de Quadra;;;0;0;1;0;0;0;0;0;0;0;0;0;;
287635;26;4;2016;10:37;1441;RUA PRO DIAS DA ROCHA;AV SANTOS DUMONT;;;;Colisão;Luz do Dia;;;Cruz;Pare;Comercial;0;0;1;0;0;0;0;0;0;0;0;0;-38,492502;-3,738113
287636;26;4;2016;10:49;577;AV FRANCISCO SA;AV DR THEBERGE;;;;Colisão;Luz do Dia;;;Cruz;Semáforo;Comercial;0;0;1;0;0;0;0;0;0;0;0;0;-38,565016;-3,714822
287650;26;4;2016;16:06;10974;RUA VILA LOBOS;RUA COLOMBO;;;;Colisão;Luz do Dia;;;;;;0;0;1;0;0;0;0;0;0;0;0;0;-38,554684;-3,773103
287651;26;4;2016;17:26;0;RUA TELES DE SOUZA;;;;;Colisão;Anoitecer;;;Meio de Quadra;;;0;0;1;0;0;0;0;0;0;0;0;0;;
287652;26;4;2016;17:28;0;AV AGUANAMBI;;;;;Colisão;Anoitecer;;;Meio de Quadra;;;0;0;1;0;0;0;0;0;0;0;0;0;;
287653;26;4;2016;18:54;6766;AV PDE ANTONIO TOMAS;RUA PRO OTAVIO LOBO;;;;Colisão;;;;Cruz;Semáforo;Comercial;0;0;1;0;0;0;0;0;0;0;0;0;-38,47994;-3,746548
287654;26;4;2016;19:27;0;RUA MIN ABNER VASCONCELOS;;;805;;Colisão;;;;Meio de Quadra;;;0;0;1;0;0;0;0;0;0;0;0;0;;
287655;26;4;2016;19:47;19734;RUA AZEVEDO BOLAO;RUA PEDRO DE QUEIROZ;;;;Colisão;;;;Cruz;Pare;Residencial;0;0;1;0;0;0;0;0;0;0;0;0;-38,560344;-3,7372
287656;26;4;2016;21:33;0;RUA TEN TITO BARROS;;;;;Colisão;;;;Meio de Quadra;;;0;0;1;0;0;0;0;0;0;0;0;0;;
287657;26;4;2016;21:52;0;AV EDILSON B SOARES;;;2600;;Colisão;;;;Meio de Quadra;;;0;0;1;0;0;0;0;0;0;0;0;0;-38,462599;-3,787908
287658;26;4;2016;22:36;15200;RUA CARLOS VASCONCELOS;RUA DEP MOREIRA DA ROCHA;;;;Colisão;;;;Cruz;Semáforo;Residencial;0;0;1;0;0;0;0;0;0;0;0;0;-38,508724;-3,72656
287641;26;4;2016;11:18;0;RUA CAP OLAVO;;;;;Colisão;Luz do Dia;;;Meio de Quadra;;;0;0;1;0;0;0;0;0;0;0;0;0;;
287642;26;4;2016;11:45;0;AV JOAO DE ARAUJO LIMA;;;413;;Colisão;Luz do Dia;;;Meio de Quadra;;;0;0;1;0;0;0;0;0;0;0;0;0;-38,558975;-3,825693
287643;26;4;2016;12:06;0;RUA PRC ISABEL;;;1074;;Colisão;Luz do Dia;;;Meio de Quadra;;;0;0;1;0;0;0;0;0;0;0;0;0;-38,53657;-3,730257
287639;26;4;2016;10:52;0;RUA CAP ARAGAO;;;60;;Colisão;Luz do Dia;;;Meio de Quadra;;;0;0;1;0;0;0;0;0;0;0;0;0;-38,517122;-3,765546
287645;26;4;2016;12:53;0;AV EDILSON B SOARES;;;1005;;Colisão;Luz do Dia;;;Meio de Quadra;;;0;0;1;0;0;0;0;0;0;0;0;0;-38,477033;-3,789148
287647;26;4;2016;14:07;0;AV JOAO DE ARAUJO LIMA;;;41;;Colisão;Luz do Dia;;;Meio de Quadra;;;0;0;1;0;0;0;0;0;0;0;0;0;-38,558106;-3,821591
287648;26;4;2016;14:23;0;AV CEL CARVALHO;;;2287;;Colisão;Luz do Dia;;;Meio de Quadra;;;0;0;1;0;0;0;0;0;0;0;0;0;-38,586568;-3,722602
287819;26;4;2016;10:57;0;RUA PLANALTINA (PL AYRTON SENNA);;;1590;;Colisão;Luz do Dia;;;Meio de Quadra;;;0;0;1;0;0;0;0;0;0;0;0;0;;
282529;26;4;2016;09:29;1457;RUA BARBARA DE ALENCAR;RUA CARLOS VASCONCELOS;;;;Colisão;Luz do Dia;;;Cruz;Pare;Residencial;0;0;2;1;0;0;0;0;0;0;0;0;-38,512584;-3,738487
282532;26;4;2016;11:20;12445;AV SEN FERNANDES TAVORA;TR HELENA DE MARIA;;;;Colisão Lateral;Luz do Dia;;;Cruz;Não Há Controle;Comercial;0;1;1;1;0;0;0;0;0;1;0;0;-38,574916;-3,766094
282538;26;4;2016;12:20;0;AV BEZERRA DE MENEZES;;;1441;;Engavetamento;Luz do Dia;;;Meio de Quadra;;;0;0;3;1;0;0;0;0;0;0;0;0;-38,557649;-3,734245
282543;26;4;2016;09:50;12883;RUA JOAQUIM MAGALHAES;RUA COS TRISTAO;;;;Colisão Transversal;Luz do Dia;;;Cruz;Pare;Residencial;0;0;2;1;0;0;0;0;0;0;0;0;-38,527096;-3,740231
282519;26;4;2016;22:00;0;AV DR SILAS MUNGUBA;;;722;;Choque c/ Obstáculo Fixo;;;;Meio de Quadra;;;0;1;0;1;0;0;0;0;0;0;0;0;-38,559076;-3,780411
282521;26;4;2016;07:35;0;AV DR SILAS MUNGUBA;;;824;;Colisão Traseira;Luz do Dia;;;Meio de Quadra;;;1;0;2;1;0;0;1;0;0;1;0;0;-38,558546;-3,780686
282524;26;4;2016;08:40;1507;RUA PDE VALDEVINO;RUA BAR ARACATI;;;;Colisão Transversal;Luz do Dia;;;Cruz;Pare;Comercial;0;0;2;1;0;0;0;0;0;0;0;0;-38,514377;-3,739898
282526;26;4;2016;10:20;0;AV ANTONIO SALES;;;2311;;Colisão Traseira;Luz do Dia;;;Meio de Quadra;;;0;1;1;1;0;0;0;0;0;0;0;0;-38,503228;-3,745189
282547;26;4;2016;14:00;25505;AV DR SILAS MUNGUBA;RUA OREGON;;;;Colisão Transversal;Luz do Dia;;;T;Pare;Comercial;0;1;2;1;0;0;0;0;0;1;0;0;-38,545259;-3,78864
282549;26;4;2016;22:15;5627;AV ROGACIANO LEITE;AV JOSE LEON;;;;Colisão;;;;Cruz;Semáforo;Comercial;0;0;2;1;0;0;0;0;0;0;0;0;-38,503527;-3,787355
282551;26;4;2016;13:30;1603;RUA VICENTE LINHARES;RUA PRO DIAS DA ROCHA;;;;Colisão Transversal;Luz do Dia;;;Cruz;Pare;Residencial;0;0;2;0;0;0;1;0;0;0;0;0;-38,494402;-3,744049
282553;26;4;2016;14:30;7813;RUA TIBURCIO CAVALCANTE;RUA JULIO SIQUEIRA;;;;Colisão Transversal;Luz do Dia;;;Cruz;Pare;Misto;0;1;1;1;0;0;0;0;0;0;0;0;-38,507128;-3,750135
282554;26;4;2016;18:15;23728;RUA MON AGOSTINHO;RUA LEBOM MAIA;;;;Colisão Lateral;Anoitecer;;;Cruz;Não Há Controle;Misto;0;1;1;0;0;0;0;1;0;1;0;0;-38,579197;-3,785799
282555;26;4;2016;10:15;5134;RUA GUILHERME ROCHA;RUA TEREZA CRISTINA;;;;Colisão Transversal;Luz do Dia;;;Cruz;Pare;Residencial;0;0;2;1;0;0;0;0;0;0;0;0;-38,535981;-3,724385
282556;26;4;2016;18:40;6727;RUA DR GILBERTO STUDART;RUA DES WALDETARIO P MOTA;;;;Colisão Lateral;;;;Cruz;Pare;Residencial;0;1;1;1;0;0;0;0;1;0;0;0;-38,484239;-3,742559
282557;26;4;2016;16:30;0;AV MIGUEL DIAS;;;50;;Colisão Lateral;Luz do Dia;;;Meio de Quadra;;;0;1;1;1;0;0;0;0;0;1;0;0;-38,488333;-3,757824
282558;26;4;2016;16:00;16039;AV PRS COSTA E SILVA;RUA CEL TIBURCIO;;;;Colisão;Luz do Dia;;;Cruz;Semáforo;Outros;0;0;2;1;0;0;0;0;0;0;0;0;-38,573703;-3,812167
282559;26;4;2016;18:50;0;AV DOM LUIS;;;1049;;Colisão Lateral;;;;Meio de Quadra;;;0;0;2;1;0;0;0;0;0;0;0;0;-38,49165;-3,735101
282560;26;4;2016;17:40;1312;AV DOM LUIS;RUA LEONARDO MOTA;;;;Colisão Lateral;Anoitecer;;;Cruz;;Comercial;0;1;1;1;0;0;0;0;0;1;0;0;-38,495445;-3,733872
282561;26;4;2016;09:30;0;AV JOAO PESSOA;;;6936;;Colisão Transversal;Luz do Dia;;;Meio de Quadra;;;0;1;1;1;0;0;0;0;0;1;0;0;-38,561064;-3,77028
286517;26;4;2016;14:15;0;AV ALM HENRIQUE SABOIA;;;2630;;Colisão;Luz do Dia;;;Meio de Quadra;;;0;1;1;1;0;0;1;0;0;0;0;0;;
286518;26;4;2016;15:35;7328;RUA MANAUS;RUA PRO EDGAR DE ARRUDA;;;;Colisão;Luz do Dia;;;Cruz;Pare;Residencial;0;0;2;1;0;0;0;0;0;0;0;0;-38,591676;-3,754542
284704;26;4;2016;00:57;0;RUA ALBERTO MAGNO;;;1000;;Queda;;;;Meio de Quadra;;;0;1;0;0;0;0;0;0;0;1;0;0;-38,548545;-3,763256
284709;26;4;2016;01:36;0;AV SEN CARLOS JEREISSATI (AEROPORTO);;;;;Colisão;;;;Meio de Quadra;;;0;1;0;0;0;0;0;0;0;0;0;0;;
284711;26;4;2016;01:54;0;AV GODOFREDO MACIEL;;;4293;;Colisão;;;;Meio de Quadra;;;0;1;1;1;0;0;0;0;0;1;0;0;-38,574937;-3,812299
284712;26;4;2016;03:43;0;RUA CARLOS VASCONCELOS;;;1926;;Colisão;;;;Meio de Quadra;;;0;1;1;1;0;0;0;0;0;0;0;0;-38,51261;-3,738565
284713;26;4;2016;04:36;17416;RUA ELVIRA PINHO;RUA EDITE BRAGA;;;;Colisão;;;;Cruz;Pare;Residencial;0;1;1;1;0;0;0;0;0;1;0;0;-38,553552;-3,768064
284707;26;4;2016;01:08;0;AV SGT HERMINIO SAMPAIO;;;3695;;Colisão;;;;Meio de Quadra;;;0;1;0;0;0;0;0;0;0;0;0;0;-38,573574;-3,729288