COD_ACIDENTE;DIA;MES;ANO;HORA;INTERSECAO;LOG1;LOG2;LOG3;NUMERO;REFERENCIA;NATUREZA;ILUMINACAO;TEMPO;SUPERFICIEPISTA;TIPOCRUZAMENTO;CONTROLETRAFEGO;USOSOLO;MORTOS;FERIDOS;ILESOS;AUTOMOVEL;ONIBUS;BICICLETA;CAMINHAO;MICROONIBUS;CICLOMOTOR;MOTOCICLETA;TRACAOANIMAL;TREM;LONG;LAT
284740;26;4;2016;06:34;183;AV CEL CARVALHO;AV SGT HERMINIO SAMPAIO;;;;Colisão;Luz do Dia;;;;;;0;1;1;1;0;0;0;0;0;1;0;0;;
284741;26;4;2016;07:58;0;AV DR SILAS MUNGUBA;;;3128;;Colisão;Luz do Dia;;;Meio de Quadra;;;0;1;1;1;0;0;0;0;0;1;0;0;-38,54518;-3,788665
284742;26;4;2016;09:37;0;AV WASHINGTON SOARES;;;10550;;Colisão;Luz do Dia;;;Meio de Quadra;;;0;1;1;1;0;0;0;0;0;0;0;0;-38,480868;-3,842275
284743;26;4;2016;10:33;0;AV VICENTE DE CASTRO;;;;;Queda;Luz do Dia;;;Meio de Quadra;;;0;1;0;0;0;0;0;0;0;1;0;0;;
284744;26;4;2016;11:08;0;AV ENG SANTANA JUNIOR;;;;;Colisão;Luz do Dia;;;Meio de Quadra;;;0;1;1;1;0;0;0;0;0;0;0;0;;
284746;26;4;2016;11:45;0;RUA PIAUI;;;1111;;Colisão;Luz do Dia;;;Meio de Quadra;;;0;2;0;0;0;0;0;0;0;0;0;0;;
284747;26;4;2016;12:40;0;RUA BAR AQUIRAZ;;;2401;;Atropelamento;Luz do Dia;;;Meio de Quadra;;;0;1;1;1;0;0;0;0;0;0;0;0;;
284757;26;4;2016;15:08;0;AV DR SILAS MUNGUBA;;;;;Colisão;Luz do Dia;;;Meio de Quadra;;;0;1;0;0;0;0;0;0;0;0;0;0;;
284758;26;4;2016;15:20;0;AV EDILSON B SOARES;;;2600;;Colisão;Luz do Dia;;;Meio de Quadra;;;0;1;1;1;0;0;0;0;0;1;0;0;-38,462599;-3,787908
284753;26;4;2016;12:41;0;AV WASHINGTON SOARES;;;2410;;Atropelamento;Luz do Dia;;;Meio de Quadra;;;0;1;1;1;0;0;0;0;0;0;0;0;-38,481139;-3,781664
284768;26;4;2016;16:03;0;RD BR 116;;;9000;KM-09;Atropelamento de Animal;Luz do Dia;;;Meio de Quadra;;;0;1;1;0;0;0;0;0;0;1;0;0;-38,504865;-3,830837
284760;26;4;2016;15:21;0;AV DR SILAS MUNGUBA;;;714;;Choque c/ Obstáculo Fixo;Luz do Dia;;;Meio de Quadra;;;0;1;0;1;0;0;0;0;0;0;0;0;-38,559152;-3,780372
284774;26;4;2016;16:16;17501;RUA MANUEL JESUINO;AV ABOLICAO;;;;Atropelamento;Luz do Dia;;;Cruz;Semáforo Intermitente;Comercial;0;1;1;1;0;0;0;0;0;0;0;0;-38,484515;-3,725398
282571;27;4;2016;20:00;0;AV SEN FERNANDES TAVORA;;;;;Colisão Lateral;;;;Meio de Quadra;;;0;1;2;1;0;0;0;0;0;1;0;0;;
282569;27;4;2016;09:20;12620;RUA TULIPA;RUA COS LAFAYETE;;;;Colisão Traseira;Luz do Dia;;;Cruz;Pare;Residencial;0;0;2;1;0;0;0;0;0;0;0;0;-38,580936;-3,718159
282575;27;4;2016;09:20;9231;RUA PDE BARBOSA DE JESUS;AV 13 DE MAIO;;;;Colisão Traseira;Luz do Dia;;;Y;Pare;Comercial;0;0;2;1;0;0;0;0;0;0;0;0;-38,530523;-3,748302
282582;27;4;2016;08:00;0;RUA ALEXANDRE BARAUNA;;;423;;Choque c/ Obstáculo Fixo;Luz do Dia;;;Meio de Quadra;;;0;0;1;1;0;0;0;0;0;0;0;0;;
282584;27;4;2016;14:30;22297;AV BEZERRA DE MENEZES;RUA PDE ANCHIETA;;;;Colisão Lateral;Luz do Dia;;;;Não Há Controle;Comercial;1;1;1;0;1;0;0;0;0;1;0;0;-38,552298;-3,733155
282600;27;4;2016;05:00;26150;RUA AMANCIO PEREIRA;RUA CRISTAIS PAULISTA;;;;Colisão Lateral;Amanhecer;;;Cruz;Pare;Comercial;0;0;2;1;0;0;1;0;0;0;0;0;-38,52386;-3,818428
282594;27;4;2016;13:30;21980;RUA GAL BERNARDO FIGUEIREDO;RUA PDE CICERO;;;;Colisão Transversal;Luz do Dia;;;T;Pare;Residencial;0;0;2;0;0;0;1;0;0;0;0;0;-38,550405;-3,739385
282746;27;4;2016;08:10;11191;AV DR SILAS MUNGUBA;RUA JOSE MENELEU D41;;;;Colisão Lateral;Luz do Dia;;;Cruz;Semáforo;Comercial;0;0;2;1;1;0;0;0;0;0;0;0;-38,558016;-3,780972
282739;27;4;2016;13:25;13426;RUA CARLOS VASCONCELOS;RUA JOAQUIM TORRES;;;;Colisão Transversal;Luz do Dia;;;Cruz;Pare;Comercial;0;0;2;1;0;0;0;0;0;0;0;0;-38,51387;-3,742376
282729;27;4;2016;16:45;0;AV DES GONZAGA;;;252;;Colisão Lateral;Luz do Dia;;;Meio de Quadra;;;0;1;1;1;0;0;0;0;1;0;0;0;-38,503578;-3,789171
282716;27;4;2016;16:30;1324;RUA TORRES CAMARA;RUA DR JOSE LOURENCO;;;;Colisão Transversal;Luz do Dia;;;Cruz;Pare;Comercial;0;1;1;1;0;0;0;0;0;1;0;0;-38,508053;-3,735281
282696;27;4;2016;07:38;24470;AV MOZART PINHEIRO DE LUCENA;AV A CJ POLAR;;;;Colisão Transversal;Luz do Dia;;;;;;0;0;2;1;0;0;0;0;0;0;0;0;-38,592257;-3,70645
282701;27;4;2016;09:30;589;RUA FRE TEOBALDO;AV PASTEUR;;;;Colisão Transversal;Luz do Dia;;;Cruz;Pare;Comercial;0;1;1;0;0;0;0;0;0;1;0;0;;
282707;27;4;2016;13:50;15102;AV BEIRA MAR;RUA ILDEFONSO ALBANO;;;;Colisão Traseira;Luz do Dia;;;Outros;Outros;Comercial;0;0;2;1;0;0;0;0;0;0;0;0;-38,509391;-3,721051
282692;27;4;2016;07:10;25476;AV JOSE LEON;RUA CHICO LEMOS;;;;Colisão Transversal;Luz do Dia;;;T;Pare;Comercial;0;1;2;1;0;0;0;0;0;1;0;0;-38,50054;-3,788133
282693;27;4;2016;19:00;15370;AV SEN VIRGILIO TAVORA;AV DOM LUIS;;;;Choque c/ Obstáculo Fixo;;;;Cruz;Semáforo;Comercial;0;1;0;1;0;0;0;0;0;0;0;0;-38,492507;-3,734829
287695;27;4;2016;13:21;1358;AV SANTOS DUMONT;AV DES MOREIRA;;;;Colisão;Luz do Dia;;;Cruz;Semáforo;Comercial;0;1;1;0;0;0;0;0;0;0;0;0;-38,498365;-3,736226
287697;27;4;2016;14:49;0;AV CARNEIRO DE MENDONCA;;;1849;;Colisão;Luz do Dia;;;Meio de Quadra;;;0;0;1;0;0;0;0;0;0;0;0;0;;
287677;27;4;2016;10:15;17412;RUA BAR SOBRAL;RUA ALBERTO MAGNO;;;;Colisão;Luz do Dia;;;Cruz;Semáforo;Comercial;0;0;1;0;0;0;0;0;0;0;0;0;-38,552417;-3,767991
287678;27;4;2016;10:33;21849;RUA IPIRANGA D29;RUA DNA LUCIA PINHEIRO (QUINTINO CUNHA);;;;Colisão;Luz do Dia;;;;;;0;0;1;0;0;0;0;0;0;0;0;0;-38,598103;-3,731947
287679;27;4;2016;10:51;0;RUA DNA LUCIA PINHEIRO (QUINTINO CUNHA);;;;;Colisão;Luz do Dia;;;Meio de Quadra;;;0;0;1;0;0;0;0;0;0;0;0;0;;
287680;27;4;2016;10:52;670;RUA GOMES PASSOS;RUA PRO JOSE BONIFACIO;;;;Colisão;Luz do Dia;;;Cruz;Pare;Residencial;0;0;1;0;0;0;0;0;0;0;0;0;-38,562431;-3,710794
287681;27;4;2016;11:42;0;AV 13 DE MAIO;;;133;;Colisão;Luz do Dia;;;Meio de Quadra;;;0;0;1;0;0;0;0;0;0;0;0;0;-38,521895;-3,753693
287685;27;4;2016;11:48;0;AV DUQ CAXIAS;;;;;Colisão;Luz do Dia;;;Meio de Quadra;;;0;0;1;0;0;0;0;0;0;0;0;0;;
287687;27;4;2016;11:55;0;AV MOZART PINHEIRO DE LUCENA;;;;;Colisão;Luz do Dia;;;Meio de Quadra;;;0;0;1;0;0;0;0;0;0;0;0;0;;
287688;27;4;2016;11:57;15344;RUA CANUTO DE AGUIAR;AV SEN VIRGILIO TAVORA;;;;Colisão;Luz do Dia;;;Cruz;Semáforo;Residencial;0;0;1;0;0;0;0;0;0;0;0;0;-38,491567;-3,73188
287689;27;4;2016;12:10;0;RUA BAR RIO BRANCO;;;906;;Colisão;Luz do Dia;;;Meio de Quadra;;;0;0;1;0;0;0;0;0;0;0;0;0;-38,528234;-3,726362
287701;27;4;2016;15:14;22651;RUA SANDRA GENTIL;AV COS GOMES DE FREITAS (SAPIRANGA/COITE);;;;Colisão;Luz do Dia;;;Cruz;Pare;Residencial;0;0;1;0;0;0;0;0;0;0;0;0;-38,468962;-3,794777
287702;27;4;2016;15:23;5107;AV MON TABOSA;RUA SEN ALMINO;;;;Colisão;Luz do Dia;;;Cruz;Pare;Comercial;0;0;1;0;0;0;0;0;0;0;0;0;-38,518035;-3,723661
287704;27;4;2016;18:22;21981;RUA PDE CICERO;RUA CEL NUNES DE MELO;;;;Colisão;Anoitecer;;;Cruz;Pare;Residencial;0;0;1;0;0;0;0;0;0;0;0;0;-38,547189;-3,742341
287705;27;4;2016;15:46;13402;AV ANTONIO SALES;RUA ILDEFONSO ALBANO;;;;Colisão;Luz do Dia;;;Cruz;Não Há Controle;Comercial;0;0;1;0;0;0;0;0;0;0;0;0;-38,515947;-3,741238
287706;27;4;2016;19:02;5473;AV HERACLITO GRACA;RUA JOAO CORDEIRO;;;;Choque c/ Obstáculo Fixo;;;;Duplo T;Semáforo;Comercial;0;0;1;0;0;0;0;0;0;0;0;0;;
287707;27;4;2016;16:39;0;AV JOAO PESSOA;;;6936;;Colisão;Luz do Dia;;;Meio de Quadra;;;0;0;1;0;0;0;0;0;0;0;0;0;-38,561064;-3,77028
287708;27;4;2016;16:41;7830;RUA SILVA PAULET;RUA PINHO PESSOA;;;;Colisão;Luz do Dia;;;Cruz;Outros;Residencial;0;0;1;0;0;0;0;0;0;0;0;0;-38,509094;-3,745785
287709;27;4;2016;16:59;0;AV JOAO PESSOA;;;4302;;Colisão;Luz do Dia;;;Meio de Quadra;;;0;0;1;0;0;0;0;0;0;0;0;0;-38,548212;-3,751028
287712;27;4;2016;17:56;0;AV CONTORNO SUL;;;70;;Colisão;Anoitecer;;;Meio de Quadra;;;0;0;1;0;0;0;0;0;0;0;0;0;;
287713;27;4;2016;18:10;0;RUA 04 UI;;;1027;;Colisão;Anoitecer;;;Meio de Quadra;;;0;0;1;0;0;0;0;0;0;0;0;0;;
287714;27;4;2016;18:10;0;AV FRANCISCO SA;;;5312;;Colisão;Anoitecer;;;Meio de Quadra;;;0;0;1;0;0;0;0;0;0;0;0;0;-38,571305;-3,712642
287715;27;4;2016;18:36;0;AV PRS CASTELO BRANCO;;;;;Colisão;;;;Meio de Quadra;;;0;0;1;0;0;0;0;0;0;0;0;0;;
287716;27;4;2016;18:40;0;AV BORGES DE MELO;;;;;Colisão;;;;Meio de Quadra;;;0;0;1;0;0;0;0;0;0;0;0;0;;
287717;27;4;2016;18:47;0;AV AGUANAMBI;;;;;Colisão;;;;Meio de Quadra;;;0;0;1;0;0;0;0;0;0;0;0;0;;
287699;27;4;2016;14:51;0;RUA DELMIRO FARIAS;;;;;Colisão;Luz do Dia;;;Meio de Quadra;;;0;0;1;0;0;0;0;0;0;0;0;0;;
287719;27;4;2016;21:03;0;AV ENG ALBERTO SA;;;457;;Colisão;;;;Meio de Quadra;;;0;1;0;0;0;0;0;0;0;0;0;0;-38,476658;-3,734329
287721;27;4;2016;21:36;0;RUA VALPARAISO;;;300;;Colisão;;;;Meio de Quadra;;;0;0;1;0;0;0;0;0;0;0;0;0;;
287722;27;4;2016;22:27;0;AV GAL OSORIO DE PAIVA;;;;;Colisão;;;;Meio de Quadra;;;0;0;1;0;0;0;0;0;0;0;0;0;;
287723;27;4;2016;22:38;0;AV DR SILAS MUNGUBA;;;2919;;Colisão;;;;Meio de Quadra;;;0;0;1;0;0;0;0;0;0;0;0;0;-38,54751;-3,787805
287724;27;4;2016;22:56;5352;RUA PINTO MADEIRA;AV DOM MANUEL;;;;Colisão;;;;Cruz;Semáforo;Comercial;0;0;1;0;0;0;0;0;0;0;0;0;-38,521957;-3,730964
287668;27;4;2016;09:57;11981;AV CASTELO DE CASTRO;AV CONTORNO NORTE (SAO CRSITOVAO);;;;Colisão;Luz do Dia;;;Cruz;Semáforo;Comercial;0;0;1;0;0;0;0;0;0;0;0;0;-38,521519;-3,831735
287669;27;4;2016;10:08;0;RUA CRUZ E SOUSA D21;;;;;Colisão;Luz do Dia;;;;;;0;1;0;0;0;0;0;0;0;0;0;0;;
287659;27;4;2016;00:21;7948;AV PONTES VIEIRA;RUA JOAQUIM NABUCO;;;;Colisão;;;;Cruz;Semáforo;Comercial;0;0;1;0;0;0;0;0;0;0;0;0;-38,506628;-3,751917
287660;27;4;2016;00:30;0;RUA BAR RIO BRANCO;;;;;Colisão;;;;Meio de Quadra;;;0;0;1;0;0;0;0;0;0;0;0;0;;
287661;27;4;2016;06:16;0;AV DR SILAS MUNGUBA;;;;;Colisão;Luz do Dia;;;Meio de Quadra;;;0;0;1;0;0;0;0;0;0;0;0;0;;
287662;27;4;2016;06:40;1716;AV GOV RAUL BARBOSA;AV GAL MURILO BORGES;;;;Colisão;Luz do Dia;;;;;;0;0;1;0;0;0;0;0;0;0;0;0;-38,508802;-3,763977
287663;27;4;2016;07:23;8021;AV JOAO PESSOA;RUA SAMUEL UCHOA;;;;Colisão;Luz do Dia;;;T;Pare;Comercial;0;0;1;0;0;0;0;0;0;0;0;0;-38,54894;-3,75184
287664;27;4;2016;07:28;0;RUA BERNARDO MANUEL;;;9988;;Colisão;Luz do Dia;;;Meio de Quadra;;;0;0;1;0;0;0;0;0;0;0;0;0;-38,553405;-3,805368
287665;27;4;2016;08:17;0;RUA JOSE VILAR;;;2830;;Colisão;Luz do Dia;;;Meio de Quadra;;;0;0;1;0;0;0;0;0;0;0;0;0;-38,508415;-3,74737
287666;27;4;2016;08:25;19366;AV DR SILAS MUNGUBA;RUA GERMANO FRANCK;;;;Colisão;Luz do Dia;;;Cruz;Semáforo;Comercial;0;0;1;0;0;0;0;0;0;0;0;0;-38,562004;-3,777251
281112;27;4;2016;00:19;7948;AV PONTES VIEIRA;RUA JOAQUIM NABUCO;;;;Colisão;;;;Cruz;Semáforo Intermitente;Comercial;0;0;2;1;0;0;0;0;0;0;0;0;-38,506628;-3,751917
281118;27;4;2016;12:48;0;AV PONTES VIEIRA;;;;;Colisão;Luz do Dia;;;Meio de Quadra;;;0;0;2;1;0;0;0;0;0;0;0;0;;
281115;27;4;2016;07:29;0;AV VIS RIO BRANCO;;;;;Colisão Traseira;Luz do Dia;;;;;;0;0;3;1;0;0;0;0;0;0;0;0;;
281116;27;4;2016;11:06;713;RUA CRUZ E SOUSA D21;RUA OMAR PAIVA;;;;Colisão;Luz do Dia;;;;;;0;0;2;0;0;0;1;0;0;1;0;0;-38,565372;-3,719553
281130;27;4;2016;19:11;7782;RUA JULIO SIQUEIRA;RUA OSVALDO CRUZ (ALDEOTA);;;;Colisão;;;;Cruz;Pare;Residencial;0;0;2;1;0;0;0;0;0;0;0;0;-38,5052;-3,75074
281126;27;4;2016;09:55;0;AV CASTELO DE CASTRO;AV CONTORNO NORTE (SAO CRSITOVAO);;;;Colisão Lateral;Luz do Dia;;;;;;0;0;2;1;0;0;0;0;0;1;0;0;-38,521519;-3,831735
281127;27;4;2016;13:24;0;RUA CAP CLOVIS MAIA;;;;;Colisão;Luz do Dia;;;Meio de Quadra;;;0;0;2;1;0;0;0;0;0;0;0;0;;
281128;27;4;2016;17:50;0;AV BEZERRA DE MENEZES;;;1820;;Colisão Traseira;Anoitecer;;;Meio de Quadra;;;0;0;2;1;0;0;1;0;0;0;0;0;-38,560902;-3,734929
284991;27;4;2016;17:00;0;AV WASHINGTON SOARES;;;6288;;Colisão;Anoitecer;Bom;Seca;Meio de Quadra;;;0;0;2;0;0;0;0;0;0;1;0;0;-38,480839;-3,814295
284906;27;4;2016;18:14;0;RUA LUIZA MIRANDA COELHO;;;570;;Atropelamento;Anoitecer;;;Meio de Quadra;;;0;1;1;1;0;0;0;0;0;0;0;0;-38,491311;-3,773733
284902;27;4;2016;16:55;0;RUA ANTONIO COSTA MENDES;;;1505;;Queda;Luz do Dia;;;Meio de Quadra;;;0;1;0;0;0;0;0;0;0;1;0;0;;
284903;27;4;2016;17:40;0;RUA GRACA ARANHA;;;1423;;Queda;Anoitecer;;;Meio de Quadra;;;0;1;0;0;0;0;0;0;0;1;0;0;;
284904;27;4;2016;17:44;0;AV GAL OSORIO DE PAIVA;;;;;Colisão;Anoitecer;;;Meio de Quadra;;;0;1;0;0;0;0;0;0;0;0;0;0;;
284896;27;4;2016;15:41;0;RUA VINTE E QUATRO DE MAIO;;;266;;Queda;Luz do Dia;;;Meio de Quadra;;;0;1;0;0;0;1;0;0;0;0;0;0;-38,531081;-3,724063
284898;27;4;2016;16:05;0;AV F CJ CEARA;;;;;Colisão;Luz do Dia;;;Meio de Quadra;;;0;1;0;0;0;0;0;0;0;0;0;0;;
284899;27;4;2016;16:07;0;RUA VALPARAISO;;;1315;;Queda;Luz do Dia;;;Meio de Quadra;;;0;1;0;0;0;0;0;0;0;1;0;0;-38,530311;-3,840491
284900;27;4;2016;16:45;0;AV GAL OSORIO DE PAIVA;;;;;Colisão;Luz do Dia;;;Meio de Quadra;;;0;1;1;0;0;0;1;0;0;1;0;0;;
284893;27;4;2016;15:17;22070;RUA JOSE FACANHA;RUA PAPI JUNIOR;;;;Colisão;Luz do Dia;;;Cruz;Outros;Residencial;0;1;0;0;0;0;0;0;0;0;0;0;-38,557265;-3,752136
284894;27;4;2016;15:27;0;RUA 27 CJ BEIRA RIO;;;1299;;Queda;Luz do Dia;;;Meio de Quadra;;;0;1;0;0;0;0;0;0;0;1;0;0;;
284822;27;4;2016;17:00;21981;RUA PDE CICERO;RUA CEL NUNES DE MELO;;;;Colisão;Anoitecer;;;Cruz;Pare;Residencial;0;1;1;1;0;0;0;0;0;1;0;0;-38,547189;-3,742341
284826;27;4;2016;09:34;0;RUA QUEIROZ RIBEIRO;;;943;;Atropelamento;Luz do Dia;;;Meio de Quadra;;;0;2;1;1;0;0;0;0;0;0;0;0;-38,548889;-3,766499
284827;27;4;2016;09:40;0;AV FRANCISCO SA;;;2588;;Queda;Luz do Dia;;;Meio de Quadra;;;0;1;0;0;0;0;0;0;0;1;0;0;-38,548699;-3,720267
284828;27;4;2016;09:47;0;AV HERACLITO GRACA;;;826;;Colisão;Luz do Dia;;;Meio de Quadra;;;0;1;1;1;0;0;0;0;0;1;0;0;-38,517377;-3,735799
284837;27;4;2016;10:26;0;RD BR 116;;;7000;KM-07;Colisão;Luz do Dia;;;Meio de Quadra;;;0;2;0;0;0;0;0;0;0;0;0;0;-38,501101;-3,813246
284838;27;4;2016;10:37;0;AV FRANCISCO SA;;;1411;;Queda;Luz do Dia;;;Meio de Quadra;;;0;1;0;0;0;0;0;0;0;1;0;0;;
284834;27;4;2016;10:15;0;RUA SAO MANUEL;;;1075;;Colisão;Luz do Dia;;;Meio de Quadra;;;0;1;1;1;0;0;0;0;0;1;0;0;-38,575674;-3,796669
284831;27;4;2016;10:03;13409;RUA MON BRUNO;RUA JOAO BRIGIDO;;;;Colisão;Luz do Dia;;;Cruz;Pare;Comercial;0;1;1;1;0;0;0;0;0;1;0;0;-38,512432;-3,74167
284840;27;4;2016;10:50;0;AV WASHINGTON SOARES;;;6288;;Colisão;Luz do Dia;;;Meio de Quadra;;;0;1;1;0;0;0;0;0;0;1;0;0;-38,480839;-3,814295
284841;27;4;2016;11:30;0;AV PERIMETRAL;;;1446;;Colisão;Luz do Dia;;;Meio de Quadra;;;0;0;2;1;0;0;0;0;0;0;0;0;;
284843;27;4;2016;11:51;0;RUA VITAL BRASIL;;;1820;;Atropelamento;Luz do Dia;;;Meio de Quadra;;;0;1;1;0;0;0;0;0;0;1;0;0;-38,597088;-3,778264
284844;27;4;2016;12:10;0;AV ODILON GUIMARAES;;;;;Colisão;Luz do Dia;;;Meio de Quadra;;;0;1;1;1;0;0;0;0;0;1;0;0;;
284845;27;4;2016;12:12;0;AV GOV RAUL BARBOSA;;;;;Colisão;Luz do Dia;;;Meio de Quadra;;;0;1;0;0;0;0;0;0;0;0;0;0;;
284846;27;4;2016;13:27;0;AV FRANCISCO SA;;;5594;;Colisão;Luz do Dia;;;Meio de Quadra;;;0;1;0;0;0;0;0;0;0;0;0;0;-38,57428;-3,711635
284847;27;4;2016;13:59;0;RUA RUI MONTE;;;945;;Colisão;Luz do Dia;;;Meio de Quadra;;;0;1;0;0;0;0;0;0;0;0;0;0;;
284848;27;4;2016;14:39;0;AV SEN FERNANDES TAVORA;;;337;;Colisão;Luz do Dia;;;Meio de Quadra;;;0;1;1;1;0;0;0;0;0;1;0;0;-38,575274;-3,765895
284795;27;4;2016;00:07;5421;AV DUQ CAXIAS;AV VIS RIO BRANCO;;;;Colisão;;;;;;;0;0;3;1;0;0;0;0;0;1;0;0;-38,524603;-3,733481
284796;27;4;2016;00:54;0;AV GODOFREDO MACIEL;;;654;;Atropelamento;;;;Meio de Quadra;;;0;1;1;1;0;0;0;0;0;0;0;0;-38,565494;-3,78213
284797;27;4;2016;01:11;0;RUA EMILIO DE MENESES;;;2345;;Colisão;;;;Meio de Quadra;;;0;1;1;1;0;0;0;0;0;1;0;0;-38,601974;-3,777652
284798;27;4;2016;01:28;13389;AV ANTONIO SALES;RUA JOAO CORDEIRO;;;;Colisão;;;;Cruz;Semáforo;Comercial;0;1;1;1;0;0;0;0;0;1;0;0;-38,518068;-3,740588
284801;27;4;2016;01:28;0;AV ALBERTO CRAVEIRO;;;;;Queda;;;;Meio de Quadra;;;0;1;0;0;0;0;0;0;0;1;0;0;;
284804;27;4;2016;01:41;19297;RUA LEONEL CHAVES;RUA STA JULIA;;;;Colisão;;;;Cruz;Pare;Residencial;0;1;1;1;0;0;0;0;0;1;0;0;-38,568283;-3,774531
284805;27;4;2016;04:29;3352;RUA MARIO DE ANDRADE;RUA GOIAS;;;;Colisão;;;;Cruz;Não Há Controle;Residencial;0;1;1;1;0;0;0;0;0;1;0;0;-38,560803;-3,751874
284812;27;4;2016;05:29;0;RUA GOMES PASSOS;;;655;;Colisão;Amanhecer;;;Meio de Quadra;;;0;1;1;1;0;0;0;0;0;1;0;0;-38,562352;-3,71082
284813;27;4;2016;07:03;23453;RUA CAP MELO;RUA PAULO FIRMEZA;;;;Colisão;Luz do Dia;;;Cruz;Pare;Residencial;0;1;1;1;0;0;0;0;0;1;0;0;-38,512966;-3,757131
284818;27;4;2016;08:54;0;AV MON TABOSA;;;170;;Atropelamento;Luz do Dia;;;Meio de Quadra;;;0;2;0;0;0;0;0;0;0;1;0;0;-38,517952;-3,723667
284815;27;4;2016;07:32;0;AV BEZERRA DE MENEZES;;;839;;Colisão;Luz do Dia;;;Meio de Quadra;;;0;1;0;0;0;0;0;0;0;0;0;0;-38,552223;-3,73314
284816;27;4;2016;08:03;0;TR NOSSA SRA DAS GRACAS;;;824;;Colisão;Luz do Dia;;;Meio de Quadra;;;0;1;1;1;0;0;0;0;0;1;0;0;;
282452;27;4;2016;09:00;0;RUA DEP OSWALDO STUDART;;;848;;Colisão Traseira;Luz do Dia;;;Meio de Quadra;;;0;0;3;1;1;0;0;0;0;0;0;0;-38,531072;-3,756879
282469;27;4;2016;11:05;1623;AV SEN VIRGILIO TAVORA;RUA GAL TERTULIANO POTYGUARA;;;;Colisão Traseira;Luz do Dia;;;T;Pare;Misto;0;0;2;1;0;0;0;0;0;0;0;0;-38,495684;-3,74471
282470;27;4;2016;06:03;0;AV DR SILAS MUNGUBA;;;3903;;Colisão Lateral;Luz do Dia;;;Meio de Quadra;;;0;0;2;0;1;0;0;0;0;0;0;0;-38,539212;-3,790762
282471;27;4;2016;08:30;0;RUA SEN ROBERT KENNEDY;;;214;;Colisão Traseira;Luz do Dia;;;Meio de Quadra;;;0;1;1;1;0;0;0;0;0;1;0;0;-38,577915;-3,701731
282467;27;4;2016;19:00;0;AV AGUANAMBI;;;1753;;Colisão Lateral;;;;Meio de Quadra;;;0;0;2;1;0;0;0;0;0;0;0;0;-38,523393;-3,752502
282457;27;4;2016;17:41;5322;AV IMPERADOR;AV DUQ CAXIAS;;;;Colisão Lateral;Anoitecer;;;Cruz;Semáforo;Comercial;0;1;1;1;0;0;0;0;0;1;0;0;-38,535297;-3,730048
282455;27;4;2016;16:40;22157;RUA DELMIRO FARIAS;RUA MON FURTADO;;;;Colisão Lateral;Luz do Dia;;;Cruz;Pare;Residencial;0;0;2;1;0;0;0;0;0;1;0;0;-38,55055;-3,747544
282462;27;4;2016;17:00;0;AV ALM HENRIQUE SABOIA;;;2364;;Colisão Transversal;Anoitecer;;;Meio de Quadra;;;0;0;2;1;0;0;1;0;0;0;0;0;;
283719;27;4;2016;16:48;0;RD BR 116;;;300;KM-07;Colisão Lateral;Luz do Dia;Bom;Seca;Meio de Quadra;;;0;2;1;0;0;0;0;0;0;1;0;0;-38,50135403;-3,814567428
284912;28;4;2016;01:33;0;AV GAL OSORIO DE PAIVA;;;2246;;Queda;;;;Meio de Quadra;;;0;1;0;0;0;0;0;0;0;1;0;0;;
284913;28;4;2016;02:20;0;AV CEL CARVALHO;;;160;;Colisão;;;;Meio de Quadra;;;0;1;1;1;0;0;0;0;0;1;0;0;-38,59135;-3,704239
284923;28;4;2016;05:35;15371;RUA PRO DIAS DA ROCHA;AV DOM LUIS;;;;Atropelamento;Amanhecer;;;Cruz;Pare;Comercial;0;1;1;0;1;0;0;0;0;0;0;0;-38,491572;-3,735126
284916;28;4;2016;02:59;0;AV NORTE;;;2098;;Colisão;;;;Meio de Quadra;;;0;1;1;1;0;0;0;0;0;1;0;0;;
284940;28;4;2016;06:59;0;RUA GALILEU;;;445;;Atropelamento;Luz do Dia;;;Meio de Quadra;;;0;1;1;1;0;0;0;0;0;0;0;0;-38,553017;-3,776272
284926;28;4;2016;06:50;0;AV GAL OSORIO DE PAIVA;;;2276;;Colisão;Luz do Dia;;;Meio de Quadra;;;0;1;1;1;0;0;0;0;0;1;0;0;-38,582955;-3,786056
284927;28;4;2016;06:58;0;RUA CATOLE;;;2270;;Colisão;Luz do Dia;;;Meio de Quadra;;;0;1;0;0;0;0;0;0;0;0;0;0;-38,521151;-3,849891
284908;28;4;2016;07:00;1312;AV DOM LUIS;RUA LEONARDO MOTA;;;;Colisão Transversal;Amanhecer;Bom;Seca;Cruz;Semáforo;Comercial;0;1;1;1;1;0;0;0;0;0;0;0;-38,495445;-3,733872
284909;28;4;2016;01:20;18024;AV ZEZE DIOGO;RUA RENATO BRAGA;;;;Colisão;;;;Cruz;Semáforo;Comercial;0;1;0;0;0;0;0;0;0;0;0;0;-38,457892;-3,73092
284910;28;4;2016;01:23;0;RUA SUICA;;;679;;Colisão;;;;Meio de Quadra;;;0;1;1;0;0;0;0;0;0;1;0;0;;
284946;28;4;2016;08:57;0;AV FRANCISCO SA;;;3700;;Colisão;Luz do Dia;;;Meio de Quadra;;;0;1;1;1;0;0;0;0;0;0;0;0;-38,558133;-3,71714
284947;28;4;2016;10:53;0;AV LUCIANO CARNEIRO;;;1770;;Colisão;Luz do Dia;;;Meio de Quadra;;;0;1;1;1;0;0;0;0;0;1;0;0;-38,536243;-3,763532
284948;28;4;2016;11:30;0;AV ENG SANTANA JUNIOR;;;2360;;Colisão;Luz do Dia;;;Meio de Quadra;;;0;1;1;1;0;0;0;0;0;1;0;0;-38,486614;-3,742741
284949;28;4;2016;11:35;0;RUA DR JOSE LOURENCO;;;;;Colisão;Luz do Dia;;;Meio de Quadra;;;0;1;1;0;0;0;0;0;0;1;0;0;;