COD_ACIDENTE;DIA;MES;ANO;HORA;INTERSECAO;LOG1;LOG2;LOG3;NUMERO;REFERENCIA;NATUREZA;ILUMINACAO;TEMPO;SUPERFICIEPISTA;TIPOCRUZAMENTO;CONTROLETRAFEGO;USOSOLO;MORTOS;FERIDOS;ILESOS;AUTOMOVEL;ONIBUS;BICICLETA;CAMINHAO;MICROONIBUS;CICLOMOTOR;MOTOCICLETA;TRACAOANIMAL;TREM;LONG;LAT
284950;28;4;2016;13:16;0;RUA ARTUR DE CARVALHO;;;45;;Colisão;Luz do Dia;;;Meio de Quadra;;;0;1;1;0;0;0;1;0;0;1;0;0;-38,534367;-3,759865
284952;28;4;2016;13:17;0;RUA GONCALO COELHO D73;;;1485;;Queda;Luz do Dia;;;Meio de Quadra;;;0;1;0;0;0;0;0;0;0;1;0;0;;
284967;28;4;2016;13:36;0;AV DR SILAS MUNGUBA;;;3791;;Colisão;Luz do Dia;;;Meio de Quadra;;;0;1;1;0;0;0;0;0;0;1;0;0;-38,539931;-3,79051
284968;28;4;2016;14:04;0;RUA PEDRO DANTAS;;;913;;Colisão;Luz do Dia;;;Meio de Quadra;;;0;1;1;1;0;0;0;0;0;1;0;0;;
284971;28;4;2016;14:20;0;RUA MON ROSA D20/21;;;1108;;Colisão;Luz do Dia;;;Meio de Quadra;;;0;2;0;0;0;0;0;0;0;0;0;0;-38,555664;-3,712509
284972;28;4;2016;14:22;4080;AV JOSE BASTOS;RUA CEARA;;3786;;Colisão Transversal;Via Iluminada;Bom;Seca;Cruz;Pare;Comercial;0;0;2;1;0;0;0;0;0;0;0;0;-38,564112;-3,760008
284973;28;4;2016;15:44;0;AV PRS JUSCELINO KUBITSCHEK (PASSARÉ);;;;;Colisão;Luz do Dia;;;Meio de Quadra;;;0;1;1;0;0;0;0;0;0;1;0;0;;
284975;28;4;2016;15:51;0;RUA DR ESTENIO GOMES;;;692;;Atropelamento;Luz do Dia;;;Meio de Quadra;;;0;1;1;1;0;0;0;0;0;0;0;0;-38,582097;-3,790679
284976;28;4;2016;16:29;13402;AV ANTONIO SALES;RUA ILDEFONSO ALBANO;;;;Atropelamento;Luz do Dia;;;Cruz;Não Há Controle;Comercial;0;1;1;1;0;0;0;0;0;0;0;0;-38,515947;-3,741238
284977;28;4;2016;16:54;0;RUA CON DE CASTRO;;;8712;;Queda;Luz do Dia;;;Meio de Quadra;;;0;1;0;0;0;0;0;0;0;1;0;0;-38,604179;-3,82128
285013;28;4;2016;17:57;1564;RUA LEONARDO MOTA;RUA CAROLINA SUCUPIRA;;;;Colisão;Anoitecer;;;Cruz;Pare;Residencial;0;1;1;1;0;0;0;0;0;0;0;0;-38,497995;-3,741825
285008;28;4;2016;17:42;7570;RUA CLARIM;RUA CAP JOAO FERREIRA LIMA;;;;Queda;Anoitecer;;;Cruz;Outros;Residencial;0;1;0;0;0;0;0;0;0;1;0;0;-38,52607;-3,786124
285011;28;4;2016;17:51;0;RUA MIN SERGIO MOTA;;;107;;Queda;Anoitecer;;;Meio de Quadra;;;0;1;0;0;0;0;0;0;0;1;0;0;;
285037;28;4;2016;10:15;0;RD CE-040;;;;KM-03;Colisão;Luz do Dia;Bom;Seca;Meio de Quadra;;;0;0;2;1;0;0;0;0;0;0;0;0;-38,481799;-3,773616
285116;28;4;2016;18:01;0;AV PERIMETRAL;;;671;;Colisão;Anoitecer;;;Meio de Quadra;;;0;1;1;1;0;0;0;0;0;1;0;0;;
281131;28;4;2016;11:44;0;RUA IEDA PEREIRA;;;;;Colisão;Luz do Dia;;;Meio de Quadra;;;0;0;2;1;0;0;0;0;0;0;0;0;;
281132;28;4;2016;15:14;0;AV BAR STUDART;;;;;Colisão;Luz do Dia;;;Meio de Quadra;;;0;0;2;1;0;0;0;0;0;0;0;0;;
281135;28;4;2016;19:10;0;RUA MARIA MIRIAN F  DE SOUZA;;;;;Colisão;;;;;;;0;0;2;1;0;0;0;0;0;0;0;0;;
287725;28;4;2016;06:35;11608;AV JOSE LEON;RD BR 116;;;;Colisão;Luz do Dia;;;T;Pare;Outros;0;0;1;0;0;0;0;0;0;0;0;0;-38,511246;-3,786993
287727;28;4;2016;07:14;0;AV GAL OSORIO DE PAIVA;;;2246;;Colisão;Luz do Dia;;;Meio de Quadra;;;0;1;0;0;0;0;0;0;0;0;0;0;;
287728;28;4;2016;07:16;930;AV AGUANAMBI;AV BORGES DE MELO;;;;Colisão;Luz do Dia;;;Cruz;Não Há Controle;Misto;0;0;1;0;0;0;0;0;0;0;0;0;-38,52388;-3,760928
287729;28;4;2016;07:17;18024;RUA RENATO BRAGA;AV ZEZE DIOGO;;;;Colisão;Luz do Dia;;;Cruz;Semáforo;Comercial;0;0;1;0;0;0;0;0;0;0;0;0;-38,457892;-3,73092
287733;28;4;2016;08:35;0;RUA PEDRO DE QUEIROZ;;;213;;Colisão;Luz do Dia;;;Meio de Quadra;;;0;0;1;0;0;0;0;0;0;0;0;0;-38,56036;-3,73712
287734;28;4;2016;08:57;0;AV AGUANAMBI;;;;;Colisão;Luz do Dia;;;Meio de Quadra;;;0;0;1;0;0;0;0;0;0;0;0;0;;
287735;28;4;2016;09:18;0;RUA TULIPA;;;861;;Colisão;Luz do Dia;;;Meio de Quadra;;;0;0;1;0;0;0;0;0;0;0;0;0;;
287737;28;4;2016;09:46;0;AL BEGONIAS;;;270;;Colisão;Luz do Dia;;;Meio de Quadra;;;0;0;1;0;0;0;0;0;0;0;0;0;-38,472575;-3,748882
287739;28;4;2016;09:58;12954;AV PRS COSTA E SILVA;AV DOS EXPEDICIONARIOS;;;;Colisão;Luz do Dia;;;;;;0;0;1;0;0;0;0;0;0;0;0;0;;
287740;28;4;2016;10:22;8000;AV JOAO PESSOA;RUA DELMIRO FARIAS;;;;Colisão;Luz do Dia;;;Cruz;Pare;Comercial;0;0;1;0;0;0;0;0;0;0;0;0;-38,547538;-3,750275
287741;28;4;2016;10:22;5397;AV DUQ CAXIAS;RUA ASSUNCAO;;;;Colisão;Luz do Dia;;;Cruz;Semáforo;Comercial;0;0;1;0;0;0;0;0;0;0;0;0;-38,527952;-3,732405
287743;28;4;2016;11:10;1605;AV DES MOREIRA;RUA BENI DE CARVALHO;;;;Colisão;Luz do Dia;;;;;;0;0;1;0;0;0;0;0;0;0;0;0;-38,500877;-3,744098
287745;28;4;2016;11:18;0;RUA CATOLE;;;2250;;Colisão;Luz do Dia;;;Meio de Quadra;;;0;0;1;0;0;0;0;0;0;0;0;0;-38,521088;-3,849671
287749;28;4;2016;11:53;0;AV PRS CASTELO BRANCO;;;4334;;Colisão;Luz do Dia;;;Meio de Quadra;;;0;0;1;0;0;0;0;0;0;0;0;0;-38,57106;-3,707434
287750;28;4;2016;13:35;0;RUA GAL BEZERRIL;;;730;;Colisão;Luz do Dia;;;Meio de Quadra;;;0;0;1;0;0;0;0;0;0;0;0;0;;
287751;28;4;2016;13:38;0;RUA POMPILIO GOMES;;;127;;Colisão;Luz do Dia;;;Meio de Quadra;;;0;0;1;0;0;0;0;0;0;0;0;0;;
287759;28;4;2016;14:45;24331;RUA ARMANDO MONTEIRO;AV LUCIANO CARNEIRO;;;;Colisão;Luz do Dia;;;Cruz;Pare;Comercial;0;0;1;0;0;0;0;0;0;0;0;0;-38,536219;-3,763454
287761;28;4;2016;15:01;0;RUA EDUARDO GARCIA;;;384;;Colisão;Luz do Dia;;;Meio de Quadra;;;0;0;1;0;0;0;0;0;0;0;0;0;-38,495888;-3,739209
287770;28;4;2016;15:47;6721;RUA BENTO ALBUQUERQUE;AV ENG SANTANA JUNIOR;;;;Colisão;Luz do Dia;;;Cruz;Semáforo;Misto;0;0;1;0;0;0;0;0;0;0;0;0;-38,486538;-3,742678
287772;28;4;2016;16:16;0;RUA PAULINO ROCHA D32;;;2173;;Colisão;Luz do Dia;;;Meio de Quadra;;;0;0;1;0;0;0;0;0;0;0;0;0;;
287773;28;4;2016;16:25;0;AV EDUARDO GIRAO;;;;;Colisão;Luz do Dia;;;Meio de Quadra;;;0;0;1;0;0;0;0;0;0;0;0;0;;
287777;28;4;2016;17:45;25923;RUA VITAL BRASIL;AV H CJ CEARA;;;;Colisão;Anoitecer;;;Cruz;Pare;Comercial;0;0;1;0;0;0;0;0;0;0;0;0;-38,60712;-3,775373
287784;28;4;2016;19:34;5307;AV DUQ CAXIAS;RUA PRC ISABEL;;;;Colisão;Anoitecer;;;Cruz;Semáforo;Comercial;0;0;1;0;0;0;0;0;0;0;0;0;-38,536407;-3,729687
287785;28;4;2016;19:35;20042;AV ALBERTO CRAVEIRO;AV DEP PAULINO ROCHA;;;;Colisão;;;;;;;0;0;1;0;0;0;0;0;0;0;0;0;-38,524782;-3,807229
287786;28;4;2016;20:32;13402;RUA ILDEFONSO ALBANO;AV ANTONIO SALES;;;;Colisão;;;;Cruz;Não Há Controle;Comercial;0;0;1;0;0;0;0;0;0;0;0;0;-38,515947;-3,741238
287787;28;4;2016;22:27;0;AV PRS COSTA E SILVA;;;;;Colisão;;;;Meio de Quadra;;;0;0;1;0;0;0;0;0;0;0;0;0;;
287789;28;4;2016;22:37;0;AV PONTES VIEIRA;;;;;Colisão;;;;Meio de Quadra;;;0;0;1;0;0;0;0;0;0;0;0;0;;
287782;28;4;2016;18:08;0;AV JOSE BASTOS;;;3787;;Colisão;Anoitecer;;;Meio de Quadra;;;0;0;1;0;0;0;0;0;0;0;0;0;;
282592;28;4;2016;07:00;7790;AV DES MOREIRA;AV PONTES VIEIRA;;;;Colisão Traseira;Luz do Dia;Bom;Seca;;Semáforo Intermitente;Comercial;0;0;2;1;0;0;0;0;0;0;0;0;-38,503254;-3,751526
282590;28;4;2016;14:10;14622;AV JOSE LEON;RUA HONORIO VIEIRA;;;;Colisão Lateral;Luz do Dia;Bom;Seca;T;Pare;Residencial;0;0;2;1;0;0;0;0;0;0;0;0;-38,487037;-3,791457
282586;28;4;2016;00:10;0;RUA ALBERTO MAGNO;;;452;;Colisão Transversal;Via Iluminada;Bom;Seca;Meio de Quadra;Não Há Controle;Comercial;0;1;1;1;0;0;0;0;0;1;0;0;-38,545624;-3,759889
282612;28;4;2016;19:30;0;AV PRS COSTA E SILVA;;;;;Colisão Transversal;Via Iluminada;Bom;Seca;Meio de Quadra;Pare;Residencial;0;0;1;0;0;0;0;0;0;1;0;0;;
282618;28;4;2016;00:00;19692;RUA AZEVEDO BOLAO;RUA PRO ANACLETO;;;;Colisão Lateral;Luz do Dia;Bom;Seca;Cruz;Pare;Residencial;0;0;2;1;0;0;0;0;0;0;0;0;-38,552765;-3,73564
282619;28;4;2016;13:00;1527;RUA OSVALDO CRUZ (ALDEOTA);RUA CAROLINA SUCUPIRA;;;;Colisão Traseira;Luz do Dia;Bom;Seca;Cruz;Pare;Comercial;0;0;2;1;0;0;0;0;0;0;0;0;-38,501914;-3,740552
282620;28;4;2016;12:30;4088;AV FRANCISCO SA;RUA ALVARO DE ALENCAR;;;;Colisão Transversal;Luz do Dia;Bom;Seca;Cruz;Pare;Comercial;0;0;2;1;0;0;0;0;0;0;0;0;-38,558237;-3,717106
282596;28;4;2016;16:40;4019;RUA SAMUEL UCHOA;RUA JULIO CESAR D12;;;;Colisão Lateral;Anoitecer;Bom;Seca;Cruz;Pare;Comercial;0;0;2;1;0;0;0;0;0;1;0;0;-38,54627;-3,753929
282605;28;4;2016;09:00;0;LOGRADOURO SEM NOME;;;;;Colisão Lateral;Luz do Dia;Bom;Seca;Meio de Quadra;Outros;Comercial;0;0;2;0;1;0;0;0;0;0;0;0;;
282615;28;4;2016;16:00;10842;RUA CUIABA;RUA PRO HERIBALDO COSTA;;;;Colisão Transversal;Luz do Dia;Bom;Seca;Cruz;Pare;Residencial;0;0;2;1;0;0;0;0;0;0;0;0;-38,586471;-3,764961
282625;28;4;2016;21:00;22991;RUA BERNARDO MANUEL;RUA VILA RICA;;;;Colisão Traseira;Via Iluminada;Bom;Seca;Cruz;Pare;Comercial;0;0;2;0;0;0;0;0;0;1;0;0;-38,547746;-3,786824
282580;28;4;2016;07:00;0;AV DIOGUINHO;;;;;Colisão;Luz do Dia;Bom;Seca;Meio de Quadra;Semáforo;Comercial;0;1;1;0;0;0;0;0;0;1;0;0;;
282577;28;4;2016;09:00;11285;RUA CARLOS STUDART;RUA FRANCISCO GLICERIO;;;;Colisão Transversal;Luz do Dia;Bom;Seca;Cruz;Pare;Comercial;0;0;2;1;0;0;0;0;0;1;0;0;-38,5689;-3,796234
282567;28;4;2016;16:30;7403;AV SEN FERNANDES TAVORA;RUA ARACAJU;;;;Colisão Lateral Sentido Oposto;Luz do Dia;;;Cruz;Outros;Comercial;0;1;1;0;0;0;0;0;0;1;0;0;-38,587377;-3,759398
282568;28;4;2016;16:00;12404;AV LINEU MACHADO;AV SEN FERNANDES TAVORA;;;;Colisão Traseira;Luz do Dia;Bom;Seca;Cruz;Não Há Controle;Comercial;0;1;1;0;0;0;1;0;0;0;0;0;-38,57654;-3,765199
282573;28;4;2016;18:20;0;AV GOV RAUL BARBOSA;;;1330;;;Via Iluminada;Bom;Seca;Meio de Quadra;Não Há Controle;Comercial;0;0;2;1;0;0;0;0;0;0;0;0;;
282562;28;4;2016;09:00;17275;RUA ALVARO FERNANDES;RUA BAR CANINDE;;;;Colisão;Luz do Dia;Bom;Seca;Cruz;Pare;Residencial;0;0;2;1;0;0;0;0;0;0;0;0;-38,552236;-3,762184
282552;28;4;2016;08:00;17244;RUA BAR CANINDE;RUA VASCO DA GAMA;;;;Colisão Transversal;Luz do Dia;Bom;Seca;;;;0;1;1;1;0;0;0;0;0;1;0;0;-38,550943;-3,760617
282564;28;4;2016;10:10;8000;AV JOAO PESSOA;RUA DELMIRO FARIAS;;;;Colisão Transversal;Luz do Dia;Bom;Seca;Cruz;Pare;Comercial;0;1;1;0;1;0;0;0;0;0;0;0;-38,547538;-3,750275
282565;28;4;2016;16:00;0;RUA PDE PEDRO DE ALENCAR;;;1133;;Colisão Transversal;Luz do Dia;Bom;Seca;Meio de Quadra;Semáforo;Residencial;0;0;2;1;0;0;0;0;0;0;0;0;-38,494188;-3,837709
282548;28;4;2016;18:00;3831;AV 13 DE MAIO;RUA MAL DEODORO;;;;Colisão Traseira;Via Iluminada;Bom;Seca;Cruz;Semáforo;Misto;0;0;3;1;0;0;0;0;0;0;0;0;-38,536588;-3,743122
282517;28;4;2016;08:30;0;AV BORGES DE MELO;;;;;Colisão Lateral;Luz do Dia;Bom;Seca;Meio de Quadra;Não Há Controle;Comercial;0;2;0;1;0;0;0;0;0;1;0;0;;
282515;28;4;2016;14:00;0;AV DOM MANUEL;;;310;;Colisão Traseira;Luz do Dia;;;Meio de Quadra;;;0;0;2;1;0;0;0;0;0;0;0;0;-38,520642;-3,726899
282544;28;4;2016;06:15;3964;RUA PDE MACEDO;RUA JULIO CESAR D12;;;;Capotamento;Via Iluminada;Bom;Seca;Cruz;Pare;Residencial;0;1;0;1;0;0;0;0;0;0;0;0;-38,547296;-3,75516
282545;28;4;2016;14:50;22029;RUA TIRADENTES;RUA FRE MARCELINO;;;;Colisão Transversal;Luz do Dia;Bom;Seca;Cruz;Pare;Residencial;0;0;2;1;0;0;0;0;0;0;0;0;-38,550132;-3,74113
282539;28;4;2016;19:30;10768;RUA PORTO ALEGRE;RUA EURICO MEDINA;;;;Colisão Transversal;Via Iluminada;Bom;Seca;Cruz;Pare;Residencial;0;1;1;1;0;0;0;0;0;1;0;0;-38,587686;-3,761795
282540;28;4;2016;19:10;26217;AV PRO JOSE ARTHUR CARVALHO;RUA BAR DE LUCENA D64;;;;Colisão Lateral;Via Iluminada;Bom;Seca;Y;Pare;Residencial;0;1;1;0;0;0;1;0;0;1;0;0;-38,478733;-3,825587
282535;28;4;2016;09:14;9065;RUA MILTON E. PINHEIRO;AV AGUANAMBI;;;;Choque c/ Obstáculo Fixo;Luz do Dia;Bom;Seca;T;Cancela;Comercial;0;0;1;1;0;0;0;0;0;0;0;0;-38,523857;-3,749176
282530;28;4;2016;09:00;1550;RUA PDE VALDEVINO;RUA DR JOSE LOURENCO;;;;Colisão Lateral;Luz do Dia;Bom;Seca;Cruz;Semáforo;Residencial;0;0;2;1;0;0;0;0;0;1;0;0;-38,509928;-3,741307
283800;28;4;2016;18:30;0;RD BR 222;;;600;KM-01;Colisão Transversal;Anoitecer;Bom;Seca;Meio de Quadra;;;0;0;2;1;1;0;0;0;0;0;0;0;-38,578147;-3,737698
283729;29;4;2016;09:00;0;RD BR 116;;;500;KM-05;Colisão Traseira;Luz do Dia;Bom;Seca;Meio de Quadra;;;0;0;3;1;0;0;0;0;0;0;0;0;-38,50617967;-3,797701134
283725;29;4;2016;07:40;0;RD BR 116;;;0;KM-10;Colisão Lateral;Luz do Dia;Bom;Seca;Meio de Quadra;;;0;0;2;1;0;0;1;0;0;0;0;0;-38,50066273;-3,840077107
282531;29;4;2016;14:20;0;AV SANTOS DUMONT;;;8001;;Queda;Luz do Dia;Bom;Seca;Meio de Quadra;Outros;Residencial;0;1;0;0;0;0;0;0;0;1;0;0;;
282536;29;4;2016;18:10;0;AV ALBERTO NEPOMUCENO;RUA CASTRO E SILVA;;;;Colisão Traseira;Via Iluminada;Bom;Seca;Meio de Quadra;Semáforo;Comercial;0;0;2;0;1;0;1;0;0;0;0;0;-38,525072;-3,724606
282533;29;4;2016;21:40;22928;RUA DR JUSTA ARAUJO D45;RUA MAGNOLIA;;;;Colisão Transversal;Via Iluminada;Bom;Seca;Cruz;Não Há Controle;Residencial;0;1;1;1;0;0;0;0;0;1;0;0;-38,552922;-3,783361
282534;29;4;2016;07:30;5100;AV DOM MANUEL;AV MON TABOSA;;;;Colisão Lateral;Luz do Dia;Chuva;Molhada;Cruz;Semáforo;Comercial;0;0;2;1;0;0;1;0;0;0;0;0;;
282527;29;4;2016;22:00;15320;RUA ANA BILHAR;RUA CEL LINHARES;;;;Colisão Lateral;;Bom;Seca;Cruz;Pare;Residencial;0;0;2;1;0;0;0;0;0;0;0;0;-38,492228;-3,730568
282525;29;4;2016;18:30;25888;AV JOAO PESSOA;RUA 15 DE NOVEMBRO;;;;Colisão Lateral;Via Iluminada;Nublado;Seca;Duplo T;Não Há Controle;Misto;0;0;2;1;0;0;0;0;0;0;0;0;-38,559885;-3,767432
282522;29;4;2016;08:20;25648;RUA FRE ODILON;RUA EDGAR FALCAO;;;;Colisão Transversal;Luz do Dia;Nublado;Molhada;Cruz;Pare;Residencial;0;1;1;1;0;0;0;0;0;1;0;0;-38,572629;-3,732485
282523;29;4;2016;19:40;0;AV DR SILAS MUNGUBA;;;3950;;Colisão Lateral;Amanhecer;Bom;Seca;Meio de Quadra;Semáforo;Comercial;0;0;2;1;0;0;0;0;0;0;0;0;-38,538441;-3,791022
282520;29;4;2016;18:46;20036;AV PALESTINA D68;RUA ARUEIRAS;;;;Colisão Transversal;Via Iluminada;Bom;Seca;Cruz;Pare;Residencial;0;0;2;1;0;0;0;1;0;0;0;0;-38,537243;-3,805643
282550;29;4;2016;08:00;0;AV ENG SANTANA JUNIOR;;;2760;;Colisão;Luz do Dia;Nublado;Molhada;Meio de Quadra;Outros;;0;1;1;1;0;0;0;0;0;1;0;0;-38,489224;-3,745604
282566;29;4;2016;08:50;260;RUA PRO LINO ENCARNACAO;RUA GAL BERNARDO FIGUEIREDO;;;;Colisão Transversal;Luz do Dia;Chuva;Molhada;Cruz;Pare;Comercial;0;0;4;1;0;0;0;0;0;0;0;0;-38,560606;-3,741453
282581;29;4;2016;14:15;0;AV DES MOREIRA;;;2059;;Colisão Traseira;Luz do Dia;Bom;Seca;Meio de Quadra;Não Há Controle;Comercial;0;0;2;1;0;0;0;0;0;0;0;0;-38,50067;-3,743448
282579;29;4;2016;16:40;0;RUA JULIO SIQUEIRA;;;;;Colisão Transversal;Luz do Dia;Bom;Seca;Meio de Quadra;Não Há Controle;Comercial;0;0;2;1;0;0;0;0;0;0;0;0;;
282628;29;4;2016;19:15;24967;AV ALM HENRIQUE SABOIA;AV SANTOS DUMONT;;;;Colisão Transversal;Via Iluminada;Bom;Seca;Cruz;Pare;Comercial;0;0;2;1;0;0;1;0;0;0;0;0;;
282623;29;4;2016;16:00;0;RUA FRE ODILON;;;1700;;Colisão Traseira;Luz do Dia;Bom;Seca;Meio de Quadra;Semáforo;Misto;0;1;1;1;0;0;0;0;0;1;0;0;;
282598;29;4;2016;07:30;25899;RUA CAIO PRADO;RUA LUIS SA (PARANGABA);;;;Colisão Transversal;Luz do Dia;Nublado;Seca;T;Pare;Residencial;0;0;2;1;0;0;0;1;0;0;0;0;;
282632;29;4;2016;07:35;16040;AV PRS COSTA E SILVA;RUA GAL CORDEIRO NETO;;;;Colisão Traseira;Luz do Dia;Chuva;Molhada;Cruz;Outros;Comercial;0;1;1;0;0;0;0;0;0;1;0;0;-38,572642;-3,81251
282606;29;4;2016;08:00;0;AV IMPERADOR;;;1150;;Colisão Traseira;Luz do Dia;Chuva;Molhada;Meio de Quadra;Outros;Comercial;0;0;2;1;0;0;0;0;0;0;0;0;-38,535662;-3,731273
282607;29;4;2016;08:50;0;RUA JAIME BENEVOLO;;;266;;Colisão Traseira;Luz do Dia;Bom;Seca;Meio de Quadra;Outros;Comercial;0;0;2;1;0;0;0;1;0;0;0;0;-38,526142;-3,734437
282608;29;4;2016;12:30;0;AV GAL OSORIO DE PAIVA;;;1102;;Colisão Lateral;Luz do Dia;Bom;Seca;Meio de Quadra;Não Há Controle;Residencial;0;1;1;0;0;0;1;0;0;1;0;0;-38,571608;-3,778848
282603;29;4;2016;06:30;5272;RUA PEDRO I;RUA TEREZA CRISTINA;;;;Colisão Transversal;Luz do Dia;Bom;Seca;Cruz;Pare;Comercial;0;0;2;1;0;0;0;0;0;0;0;0;-38,537196;-3,728475
282621;29;4;2016;09:30;3928;AV IMPERADOR;RUA ANTONIO POMPEU;;;;Colisão Lateral;Luz do Dia;Nublado;Molhada;Cruz;Semáforo;Comercial;0;1;1;0;0;0;0;0;0;1;0;0;-38,536179;-3,733045
282614;29;4;2016;08:00;0;AV ENG SANTANA JUNIOR;;;2760;;Colisão Lateral;Luz do Dia;Chuva;Molhada;Meio de Quadra;Outros;Comercial;0;0;2;1;0;0;0;0;0;1;0;0;-38,489224;-3,745604
282610;29;4;2016;15:00;9169;AV LUCIANO CARNEIRO;RUA DR ALFREDO WEYNE D14;;;;Colisão Transversal;Luz do Dia;Bom;Seca;T;Pare;Comercial;0;0;2;1;0;0;0;0;0;1;0;0;-38,533556;-3,754682
282587;29;4;2016;11:00;0;AV DES MOREIRA;;;2355;;Engavetamento;Luz do Dia;Bom;Seca;Meio de Quadra;Não Há Controle;Comercial;0;0;3;1;0;0;0;0;0;0;0;0;-38,501434;-3,745823
282589;29;4;2016;15:00;12863;AV DOMINGOS OLIMPIO;RUA FLORIANO PEIXOTO;;;;Colisão Traseira;Luz do Dia;Bom;Seca;Cruz;Pare;Comercial;0;1;1;0;0;0;0;0;0;1;0;0;-38,530313;-3,736976
282601;29;4;2016;07:00;2962;RUA PEDRO MARTINS;RUA MARIA JULIA;;;;Colisão Transversal;Luz do Dia;Bom;Seca;Cruz;;Residencial;0;0;2;1;0;0;1;0;0;0;0;0;-38,601929;-3,799245
282708;29;4;2016;07:45;19935;RUA JORGE ACURCIO;RUA FRANCISCO LORDA;;;;Colisão Lateral;Luz do Dia;Chuva;Molhada;Cruz;Pare;Residencial;0;0;2;1;0;0;0;0;0;0;0;0;-38,530533;-3,762325
282705;29;4;2016;07:40;22162;AV JOSE BASTOS;RUA PORFIRIO SAMPAIO;;;;Colisão Traseira;Luz do Dia;Chuva;Molhada;T;Semáforo;Comercial;0;0;2;1;1;0;0;0;0;0;0;0;-38,546271;-3,745851
282706;29;4;2016;21:30;1359;RUA CARLOS VASCONCELOS;RUA JOAO CARVALHO;;;;Colisão Transversal;Via Iluminada;Bom;Seca;Cruz;Pare;Residencial;0;0;2;1;0;0;0;0;0;0;0;0;-38,511844;-3,736251
282711;29;4;2016;00:20;0;AV CENTRAL CJ CEARA;;;;;Colisão Lateral;Via Iluminada;Bom;Seca;T;Pare;Comercial;0;0;2;1;0;0;0;0;0;1;0;0;;
282699;29;4;2016;04:30;0;AV ALM HENRIQUE SABOIA;;;;;Colisão Transversal;Luz do Dia;Chuva;Molhada;Meio de Quadra;Cancela;Comercial;0;0;2;0;0;0;1;0;0;0;0;1;;
287795;29;4;2016;06:08;0;RUA CEL MATOS DOURADO;;;290;;Colisão;Luz do Dia;;;Meio de Quadra;;;0;0;1;0;0;0;0;0;0;0;0;0;-38,585183;-3,741338
287797;29;4;2016;06:59;0;RUA CEL MATOS DOURADO;;;2000;;Colisão;Luz do Dia;;;Meio de Quadra;;;0;1;0;0;0;0;0;0;0;0;0;0;;
287798;29;4;2016;07:19;6810;RUA BENTO ALBUQUERQUE;RUA JOSE BORBA VASCONCELOS;;;;Colisão;Luz do Dia;;;Cruz;Outros;Outros;0;0;1;0;0;0;0;0;0;0;0;0;-38,472258;-3,747266
287804;29;4;2016;07:41;0;RUA URUCUTUBA;;;;;Colisão;Luz do Dia;;;Meio de Quadra;;;0;0;1;0;0;0;0;0;0;0;0;0;;
287805;29;4;2016;07:48;13594;RUA CAP GUSTAVO;AV PONTES VIEIRA;;;;Colisão;Luz do Dia;;;Cruz;Semáforo;Comercial;0;0;1;0;0;0;0;0;0;0;0;0;-38,517125;-3,753153
287806;29;4;2016;07:56;0;RUA PDE FROTA;;;564;;Choque c/ Obstáculo Fixo;Luz do Dia;;;Meio de Quadra;;;0;0;1;0;0;0;0;0;0;0;0;0;;
287807;29;4;2016;08:23;18345;AV DR THEBERGE;RUA LUIS GUIMARAES;;;;Colisão;Luz do Dia;;;T;Pare;Rural;0;0;1;0;0;0;0;0;0;0;0;0;-38,567944;-3,723788
287808;29;4;2016;08:29;5369;RUA ASSUNCAO;RUA PEDRO I;;;;Colisão;Luz do Dia;;;T;Pare;Comercial;0;0;1;0;0;0;0;0;0;0;0;0;-38,527661;-3,731527
287809;29;4;2016;08:41;19689;RUA DOM LINO;RUA GUSTAVO SAMPAIO;;;;Colisão;Luz do Dia;;;Cruz;Pare;Residencial;0;2;0;0;0;0;0;0;0;0;0;0;-38,557313;-3,735435
287810;29;4;2016;08:48;15195;AV ABOLICAO;RUA JOSE NAPOLEAO;;;;Colisão;Luz do Dia;;;Cruz;Semáforo Manual;Residencial;0;0;1;0;0;0;0;0;0;0;0;0;-38,490302;-3,726523
287790;29;4;2016;00:04;0;AV ALBERTO CRAVEIRO;;;2505;;Colisão;;;;Meio de Quadra;;;0;0;1;0;0;0;0;0;0;0;0;0;-38,520758;-3,802234
287791;29;4;2016;02:37;0;AV BORGES DE MELO;;;;;Colisão;;;;Meio de Quadra;;;0;0;1;0;0;0;0;0;0;0;0;0;;
287792;29;4;2016;03:58;0;ET DO FIO (MESSEJANA);;;;;Colisão;;;;Meio de Quadra;;;0;0;1;0;0;0;0;0;0;0;0;0;;
287855;29;4;2016;18:02;0;AV BEZERRA DE MENEZES;;;;;Colisão;Anoitecer;;;Meio de Quadra;;;0;0;1;0;0;0;0;0;0;0;0;0;;
287857;29;4;2016;18:05;1527;RUA CAROLINA SUCUPIRA;RUA OSVALDO CRUZ (ALDEOTA);;;;Colisão;Anoitecer;;;Cruz;Pare;Comercial;0;0;1;0;0;0;0;0;0;0;0;0;-38,501914;-3,740552
287860;29;4;2016;18:21;1510;AV JULIO VENTURA;RUA JOSE VILAR;;;;Colisão;Anoitecer;;;Cruz;Semáforo;Comercial;0;0;1;0;0;0;0;0;0;0;0;0;-38,506014;-3,739985
287844;29;4;2016;16:49;0;AV JOSE BASTOS;;;;;Colisão;Luz do Dia;;;Meio de Quadra;;;0;0;1;0;0;0;0;0;0;0;0;0;;