COD_ACIDENTE;DIA;MES;ANO;HORA;INTERSECAO;LOG1;LOG2;LOG3;NUMERO;REFERENCIA;NATUREZA;ILUMINACAO;TEMPO;SUPERFICIEPISTA;TIPOCRUZAMENTO;CONTROLETRAFEGO;USOSOLO;MORTOS;FERIDOS;ILESOS;AUTOMOVEL;ONIBUS;BICICLETA;CAMINHAO;MICROONIBUS;CICLOMOTOR;MOTOCICLETA;TRACAOANIMAL;TREM;LONG;LAT
287845;29;4;2016;17:14;0;AV AMERICO BARREIRA;;;4454;;Colisão;Anoitecer;;;Meio de Quadra;;;0;0;1;0;0;0;0;0;0;0;0;0;;
287846;29;4;2016;17:58;23342;RUA TIBURCIO CAVALCANTE;RUA EDUARDO BEZERRA;;;;Colisão;Anoitecer;;;Cruz;Pare;Residencial;0;0;1;0;0;0;0;0;0;0;0;0;-38,508145;-3,753329
287848;29;4;2016;17:59;7766;RUA TIBURCIO CAVALCANTE;AV ANTONIO SALES;;;;Colisão;Anoitecer;;;Cruz;Semáforo;Comercial;0;0;1;0;0;0;0;0;0;0;0;0;-38,505333;-3,744543
287801;29;4;2016;07:35;0;RUA CON DE CASTRO;;;5624;;Colisão;Luz do Dia;;;Meio de Quadra;;;0;0;1;0;0;0;0;0;0;0;0;0;-38,597835;-3,812593
287816;29;4;2016;10:42;1480;RUA EDUARDO GARCIA;RUA VICENTE LEITE;;;;Colisão;Luz do Dia;;;Cruz;Pare;Comercial;0;0;1;0;0;0;0;0;0;0;0;0;-38,496056;-3,739155
287817;29;4;2016;10:54;0;AV GAL OSORIO DE PAIVA;;;7798;;Colisão;Luz do Dia;;;Meio de Quadra;;;0;0;1;0;0;0;0;0;0;0;0;0;-38,617322;-3,820464
287822;29;4;2016;11:30;22353;AV OLAVO BILAC;AV BEZERRA DE MENEZES;;;;Colisão;Luz do Dia;;;;;;0;0;1;0;0;0;0;0;0;0;0;0;-38,564151;-3,735601
287824;29;4;2016;11:31;25130;RUA FRE MANSUETO;RUA MARIA TOMASIA;;;;Colisão;Luz do Dia;;;Cruz;;Comercial;0;0;1;0;0;0;0;0;0;0;0;0;;
287825;29;4;2016;12:41;0;AV GAL OSORIO DE PAIVA;;;4193;;Colisão;Luz do Dia;;;Meio de Quadra;;;0;0;1;0;0;0;0;0;0;0;0;0;;
287826;29;4;2016;12:44;9126;AV VIS RIO BRANCO;RD BR 116;;;;Colisão;Luz do Dia;;;T;Não Há Controle;Residencial;0;0;1;0;0;0;0;0;0;0;0;0;-38,519417;-3,758673
287827;29;4;2016;13:08;0;AV VICENTE DE CASTRO;;;4813;;Colisão;Luz do Dia;;;Meio de Quadra;;;0;0;1;0;0;0;0;0;0;0;0;0;;
287829;29;4;2016;13:37;251;RUA GAL BERNARDO FIGUEIREDO;RUA DOM JOSE LOURENCO  D27;;;;Colisão;Luz do Dia;;;Cruz;Pare;Residencial;0;0;1;0;0;0;0;0;0;0;0;0;-38,558444;-3,740999
287830;29;4;2016;14:17;0;LOGRADOURO SEM NOME;;;;;Colisão;Luz do Dia;;;Meio de Quadra;;;0;0;1;0;0;0;0;0;0;0;0;0;;
287831;29;4;2016;14:31;25336;AV FILOMENO GOMES;AV TEN LISBOA;;;;Colisão;Luz do Dia;;;Com Via Férrea;;;0;0;1;0;0;0;0;0;0;0;0;0;-38,541632;-3,718399
287833;29;4;2016;14:38;0;AV DR THEBERGE;;;2326;;Colisão;Luz do Dia;;;Meio de Quadra;;;0;0;1;0;0;0;0;0;0;0;0;0;-38,567331;-3,721956
287834;29;4;2016;14:57;15542;RUA NICOLAU COELHO;RUA 24 DE NOVEMBRO UI 403;;;;Colisão;Luz do Dia;;;T;Não Há Controle;Residencial;0;0;1;0;0;0;0;0;0;0;0;0;-38,492438;-3,821178
287835;29;4;2016;14:58;0;AV VICENTE DE CASTRO;;;5600;;Choque c/ Obstáculo Fixo;Luz do Dia;;;Meio de Quadra;;;0;0;1;0;0;0;0;0;0;0;0;0;;
287837;29;4;2016;15:07;25096;RUA RODRIGUES JUNIOR;RUA ROCHA LIMA;;;;Colisão;Luz do Dia;;;Cruz;Pare;Residencial;0;0;1;0;0;0;0;0;0;0;0;0;-38,522475;-3,73632
287838;29;4;2016;16:31;0;AV SANTOS DUMONT;;;2772;;Colisão;Luz do Dia;;;Meio de Quadra;;;0;0;1;0;0;0;0;0;0;0;0;0;-38,500016;-3,735702
287839;29;4;2016;16:31;7975;RUA CARLOS CAMARA;RUA ALVARO MARTINS;;;;Colisão;Luz do Dia;;;Cruz;Pare;Residencial;0;0;1;0;0;0;0;0;0;0;0;0;-38,543554;-3,74755
287840;29;4;2016;16:32;19278;RUA 7 DE SETEMBRO;RUA CAIO PRADO;;;;Colisão;Luz do Dia;;;Cruz;Semáforo;Comercial;0;0;2;1;0;0;0;0;0;0;0;0;-38,563028;-3,773724
287842;29;4;2016;19:15;0;RUA DEP MOREIRA DA ROCHA;;;557;;Colisão;;;;Meio de Quadra;;;0;0;1;0;0;0;0;0;0;0;0;0;-38,507673;-3,726655
287866;29;4;2016;18:23;0;AV GAL OSORIO DE PAIVA;;;;;Colisão;Anoitecer;;;Meio de Quadra;;;0;0;1;0;0;0;0;0;0;0;0;0;;
287869;29;4;2016;19:30;0;RUA ALMEIDA REGO;;;;;Colisão;;;;Meio de Quadra;;;0;0;2;0;0;0;0;0;0;0;0;0;;
287870;29;4;2016;20:07;1558;RUA PDE VALDEVINO;AV BAR STUDART;;;;Colisão;;;;Cruz;Semáforo;Residencial;0;0;1;0;0;0;0;0;0;0;0;0;-38,508855;-3,741641
287871;29;4;2016;21:07;0;RUA METON DE ALENCAR;;;;;Colisão;;;;Meio de Quadra;;;0;0;1;0;0;0;0;0;0;0;0;0;;
287872;29;4;2016;22:15;0;AV ENG HUMBERTO MONTE;;;1745;;Colisão;;;;Meio de Quadra;;;0;0;1;0;0;0;0;0;0;0;0;0;-38,563394;-3,745641
287874;29;4;2016;22:19;0;RUA CON DE CASTRO;;;1533;;Colisão;;;;Meio de Quadra;;;0;0;1;0;0;0;0;0;0;0;0;0;;
287875;29;4;2016;23:20;0;RUA JOSE BAIMA;;;19;;Colisão;;;;Meio de Quadra;;;0;0;1;0;0;0;0;0;0;0;0;0;;
281137;29;4;2016;10:26;15654;RUA VICENTE NOBRE MACEDO;RUA AFONSO HENRIQUE;;;;Colisão Transversal;Anoitecer;Bom;Seca;Cruz;Pare;Residencial;0;0;2;1;0;0;0;0;0;0;0;0;-38,484383;-3,825453
281172;29;4;2016;19:20;0;AV GAL OSORIO DE PAIVA;;;;;Colisão;;;;Meio de Quadra;;;0;0;2;1;0;0;0;0;0;0;0;0;;
281144;29;4;2016;13:23;20014;RUA ITAREMA;RUA PRO ODILIO FILHO;;;;Colisão Lateral;Luz do Dia;Bom;Seca;T;Pare;Residencial;0;0;2;1;1;0;0;0;0;0;0;0;-38,534803;-3,802199
281145;29;4;2016;17:33;15227;AV DES MOREIRA;AV ABOLICAO;;;;Colisão;Anoitecer;;;Cruz;Semáforo;Comercial;0;0;2;0;1;0;0;0;0;0;0;0;-38,495474;-3,727331
281146;29;4;2016;18:38;7957;AV PONTES VIEIRA;AV BAR STUDART;;;;Colisão;;;;T;Semáforo;Comercial;0;0;2;1;1;0;0;0;0;0;0;0;-38,512361;-3,75259
281180;29;4;2016;20:02;0;AV EDILSON B SOARES;;;;;Engavetamento;Luz do Dia;Bom;Seca;Meio de Quadra;Não Há Controle;Residencial;0;0;3;1;0;0;0;0;0;0;0;0;;
285122;29;4;2016;00:34;0;AV BORGES DE MELO;;;;;Queda;;;;Meio de Quadra;;;0;1;0;0;0;0;0;0;0;1;0;0;;
285123;29;4;2016;00:38;0;ET DO FIO (MESSEJANA);;;3125;;Choque c/ Obstáculo Fixo;;;;Meio de Quadra;;;0;1;0;0;0;0;0;0;0;0;0;0;;
285127;29;4;2016;00:59;0;RUA CEL MATOS DOURADO;;;313;;Choque c/ Obstáculo Fixo;;;;Meio de Quadra;;;0;1;0;1;0;0;0;0;0;0;0;0;;
285128;29;4;2016;01:02;0;TR SAO JOAO BATISTA;;;820;;Colisão;;;;Meio de Quadra;;;0;1;1;1;0;0;0;0;0;1;0;0;;
285129;29;4;2016;01:16;0;RUA BENTO ALBUQUERQUE;;;527;;Colisão;;;;Meio de Quadra;;;0;1;1;1;0;0;0;0;0;1;0;0;-38,483978;-3,7435
285142;29;4;2016;02:26;0;AV CARNEIRO DE MENDONCA;;;;;Queda;;;;Meio de Quadra;;;0;1;0;0;0;0;0;0;0;1;0;0;;
285144;29;4;2016;03:24;0;RUA JOSE MENDONCA;;;1107;;Queda;;;;Meio de Quadra;;;0;1;0;0;0;0;0;0;0;1;0;0;;
285125;29;4;2016;00:57;0;AV PERIMETRAL;;;294;;Colisão;;;;Meio de Quadra;;;0;0;1;1;0;0;0;0;0;0;0;0;;
285135;29;4;2016;01:34;0;AV PERIMETRAL;;;771;;Colisão;;;;Meio de Quadra;;;0;1;1;1;0;0;0;0;0;1;0;0;;
285160;29;4;2016;04:40;0;AV WASHINGTON SOARES;;;2530;;Colisão;;;;Meio de Quadra;;;0;1;1;1;0;0;0;0;0;1;0;0;-38,48111;-3,782082
285154;29;4;2016;03:29;0;RUA CEL MANUEL ANTONIO LEITE;;;197;;Atropelamento;;;;Meio de Quadra;;;0;1;1;0;0;0;0;0;0;1;0;0;-38,592288;-3,773639
285155;29;4;2016;03:59;0;RUA DELMIRO GOUVEIA;;;120;;Colisão;;;;Meio de Quadra;;;0;1;1;1;0;0;0;0;0;1;0;0;;
285156;29;4;2016;04:30;0;RUA JOAQUIM LIMA;;;;;Colisão;;;;Meio de Quadra;;;0;1;1;1;0;0;0;0;0;1;0;0;;
285157;29;4;2016;04:34;0;RUA PLANALTINA (PL AYRTON SENNA);;;;;Colisão;;;;Meio de Quadra;;;0;1;1;1;0;0;0;0;0;1;0;0;;
285165;29;4;2016;05:27;0;RUA FRE ODILON;;;1700;;Colisão;Amanhecer;;;Meio de Quadra;;;0;1;1;1;0;0;0;0;0;1;0;0;;
285166;29;4;2016;05:30;0;AV PERIMETRAL;;;;;Colisão;Amanhecer;;;Meio de Quadra;;;0;1;0;0;0;0;0;0;0;0;0;0;;
285120;29;4;2016;00:27;5364;RUA GAL CLARINDO DE QUEIROZ;AV TRISTAO GONCALVES;;;;Colisão;;;;Cruz;Pare;Comercial;0;1;1;1;0;0;0;0;0;1;0;0;-38,534472;-3,731314
285038;29;4;2016;18:45;0;RD CE-040;;;;KM-01;Choque c/ Obstáculo Fixo;;Bom;Seca;Meio de Quadra;;;0;0;1;0;0;0;0;0;0;1;0;0;-38,48666;-3,758119
285284;29;4;2016;17:40;0;RUA CON DE CASTRO;;;4356;;Colisão;Anoitecer;;;Meio de Quadra;;;0;0;1;0;0;0;0;0;0;0;0;0;-38,590896;-3,803851
285285;29;4;2016;18:32;0;RUA UM (MONDUBIM);;;295;;Colisão;;;;Meio de Quadra;;;0;2;0;0;0;0;0;0;0;0;0;0;;
285286;29;4;2016;18:39;0;AV MR HULL;;;5100;;Colisão;;;;Meio de Quadra;;;0;1;0;0;0;0;0;0;0;0;0;0;-38,589985;-3,739434
285266;29;4;2016;12:10;5421;AV HERACLITO GRACA;AV VIS RIO BRANCO;;;;Atropelamento;Luz do Dia;;;;;;0;1;1;1;0;0;0;0;0;0;0;0;-38,524603;-3,733481
285267;29;4;2016;12:38;0;AV BEZERRA DE MENEZES;;;;;Colisão;Luz do Dia;;;Meio de Quadra;;;0;1;1;1;0;0;0;0;0;1;0;0;;
285269;29;4;2016;12:53;0;AV MR HULL;;;2933;;Colisão;Luz do Dia;;;Meio de Quadra;;;0;1;0;0;0;0;0;0;0;0;0;0;-38,57069;-3,736821
285275;29;4;2016;13:00;1510;AV JULIO VENTURA;RUA JOSE VILAR;;;;Colisão;Luz do Dia;;;Cruz;Semáforo;Comercial;0;1;1;1;0;1;0;0;0;0;0;0;-38,506014;-3,739985
285276;29;4;2016;13:04;0;AV DES MOREIRA;;;245;;Queda;Luz do Dia;;;Meio de Quadra;;;0;1;0;0;0;0;0;0;0;1;0;0;-38,496087;-3,729252
285277;29;4;2016;13:13;0;AV CONTORNO SUL;;;;;Atropelamento de Animal;Luz do Dia;;;Meio de Quadra;;;0;1;0;0;0;0;0;0;0;1;0;0;;
285279;29;4;2016;13:50;0;RUA SEBASTIAO DE ABREU;;;;;Colisão;Luz do Dia;;;Meio de Quadra;;;0;1;0;0;0;0;0;0;0;0;0;0;;
285280;29;4;2016;14:59;0;AV GAL OSORIO DE PAIVA;;;7020;;Colisão;Luz do Dia;;;Meio de Quadra;;;0;1;0;0;0;0;0;0;0;0;0;0;-38,611855;-3,81481
285281;29;4;2016;16:54;0;AV LINEU MACHADO;;;1658;;Atropelamento;Luz do Dia;;;Meio de Quadra;;;0;1;1;0;0;0;0;0;0;1;0;0;-38,581136;-3,77405
285282;29;4;2016;17:25;0;AV JOSE LEON;;;7385;;Atropelamento;Anoitecer;;;Meio de Quadra;;;0;1;0;0;0;0;0;0;0;0;0;0;;
285262;29;4;2016;10:33;0;AV JOSE BASTOS;;;;;Colisão;Luz do Dia;;;Meio de Quadra;;;0;1;1;1;0;0;0;0;0;1;0;0;;
285260;29;4;2016;09:27;9155;AV LUCIANO CARNEIRO;AV EDUARDO GIRAO;;;;Colisão;Luz do Dia;;;Cruz;;Residencial;0;1;1;1;0;0;0;0;0;1;0;0;-38,532811;-3,752275
285248;29;4;2016;07:01;0;RUA CHICO LEMOS;;;347;;Colisão;Luz do Dia;;;Meio de Quadra;;;0;1;1;1;0;0;0;0;0;1;0;0;-38,499281;-3,790979
285249;29;4;2016;07:43;12508;AV LINEU MACHADO;RUA ALUISIO AZEVEDO;;;;Colisão;Luz do Dia;;;Cruz;Semáforo;Residencial;0;2;0;0;0;0;0;0;0;0;0;0;-38,579184;-3,770212
285250;29;4;2016;08:00;0;AV SANTOS DUMONT;;;7778;;Queda;Luz do Dia;;;Meio de Quadra;;;0;1;0;0;0;0;0;0;0;1;0;0;-38,463872;-3,747338
285251;29;4;2016;08:03;0;RUA ESTEVAO DE CAMPOS;;;1420;;Queda;Luz do Dia;;;Meio de Quadra;;;0;1;0;0;0;0;0;0;0;1;0;0;-38,588371;-3,700955
285252;29;4;2016;08:28;0;AV DR THEBERGE;;;2326;;Colisão;Luz do Dia;;;Meio de Quadra;;;0;1;1;1;0;0;0;0;0;1;0;0;-38,567331;-3,721956
285253;29;4;2016;09:10;0;RUA NICOLAU COELHO;;;540;;Colisão;Luz do Dia;;;Meio de Quadra;;;0;0;2;0;0;0;0;0;0;1;0;0;-38,492138;-3,819692
283720;29;4;2016;02:20;0;RD BR 116;;;1300;KM-01;Choque c/ Obstáculo Fixo;;;Outros;Meio de Quadra;;;1;0;0;0;0;0;0;0;0;1;0;0;-38,506501;-3,797171
283176;29;4;2016;07:30;0;RD BR 020;;;0;KM 429;Colisão Traseira;Luz do Dia;Bom;Seca;Meio de Quadra;;;0;0;2;0;0;0;1;0;0;0;0;0;;
285287;30;4;2016;00:27;0;AV MAJ ASSIS;;;2211;;Colisão;;;;Meio de Quadra;;;0;1;1;1;0;0;0;0;0;1;0;0;-38,599525;-3,720851
285288;30;4;2016;01:28;0;AV GAL OSORIO DE PAIVA;;;1649;;Colisão;;;;Meio de Quadra;;;0;1;1;1;0;0;0;0;0;1;0;0;-38,576621;-3,782061
285289;30;4;2016;01:34;0;AV ENG HUMBERTO MONTE;;;193;;Colisão;;;;Meio de Quadra;;;0;1;1;1;0;0;0;0;0;1;0;0;;
285290;30;4;2016;03:01;0;RUA NOSSA SRA DAS GRACAS;;;650;;Colisão;;;;Meio de Quadra;;;0;1;1;0;0;0;0;0;0;1;0;0;-38,55417;-3,709849
285291;30;4;2016;03:20;0;AV PRS COSTA E SILVA;;;3349;;Colisão;;;;Meio de Quadra;;;0;1;0;0;0;0;0;0;0;0;0;0;;
285301;30;4;2016;06:11;9723;RUA GERALDO BARBOSA;RUA GUARAREMA;;;;Colisão;Luz do Dia;;;;;;0;1;1;1;0;0;0;0;0;1;0;0;-38,619056;-3,786464
285295;30;4;2016;03:57;0;AV PRS COSTA E SILVA;;;;;Colisão;;;;Meio de Quadra;;;0;2;0;0;0;0;0;0;0;0;0;0;;
285299;30;4;2016;03:59;0;AV CASTELO DE CASTRO;;;;;Colisão;;;;;;;0;1;0;0;0;0;0;0;0;0;0;0;;
285293;30;4;2016;03:54;0;RUA MANUEL CARNEIRO;;;56;;Colisão;;;;Meio de Quadra;;;0;1;1;1;0;0;0;0;0;1;0;0;;
285311;30;4;2016;07:59;0;AV JOSE BASTOS;;;;;Colisão;Luz do Dia;;;Meio de Quadra;;;0;1;1;1;0;0;0;0;0;1;0;0;;
285307;30;4;2016;07:50;0;AV CEL CARVALHO;;;1905;;Colisão;Luz do Dia;;;Meio de Quadra;;;0;1;2;1;0;0;0;0;0;1;0;0;-38,587439;-3,719381
285303;30;4;2016;06:40;0;RUA NEREU RAMOS;;;459;;Colisão;Luz do Dia;;;Meio de Quadra;;;0;1;1;1;0;0;0;0;0;1;0;0;-38,570891;-3,785754
285304;30;4;2016;07:06;23653;AV OLAVO BILAC;RUA BAR CRATO;;;;Colisão;Luz do Dia;;;T;Pare;Residencial;0;1;1;1;0;0;0;0;0;1;0;0;-38,56637;-3,723036
285315;30;4;2016;08:17;0;RUA BARRA NOVA;;;36;;Colisão;Luz do Dia;;;Meio de Quadra;;;0;1;0;0;0;0;0;0;0;0;0;0;-38,505761;-3,785138
285316;30;4;2016;08:54;0;RUA WALDIR DIOGO;;;1030;;Colisão;Luz do Dia;;;Meio de Quadra;;;0;1;0;0;0;0;0;0;0;0;0;0;-38,58734;-3,8031
285317;30;4;2016;08:55;0;RUA COS LAFAYETE;;;545;;Colisão;Luz do Dia;;;Meio de Quadra;;;0;1;1;1;0;0;0;0;0;1;0;0;-38,583139;-3,717951
285322;30;4;2016;09:03;0;AV PERIMETRAL;;;1051;MADEIREIRA SAO LUIS;Colisão;Luz do Dia;;;Meio de Quadra;;;0;1;0;0;0;0;0;0;0;0;0;0;-38,589931;-3,785242
285426;30;4;2016;09:38;0;RUA PORTO VELHO;;;302;;Queda;Luz do Dia;;;Meio de Quadra;;;0;1;0;0;0;0;0;0;0;1;0;0;-38,583311;-3,76796
285428;30;4;2016;09:54;0;RUA AFONSO LOPES;;;117;;Colisão;Luz do Dia;;;Meio de Quadra;;;0;1;1;1;0;0;0;0;0;1;0;0;;
285430;30;4;2016;10:59;5062;RUA GAL SAMPAIO;RUA DR JOAO MOREIRA;;;;Colisão;Luz do Dia;;;Cruz;Semáforo;Comercial;0;1;1;1;0;0;0;0;0;1;0;0;-38,529364;-3,72203
285432;30;4;2016;11:36;10796;RUA ANTONIO IVO;RUA FLORIANOPOLIS;;;;Colisão;Luz do Dia;;;;;;0;1;1;1;0;0;0;0;0;1;0;0;-38,582833;-3,763131
285434;30;4;2016;12:06;0;RUA EMILIO DE MENESES;;;1301;;Colisão;Luz do Dia;;;Meio de Quadra;;;0;1;0;0;0;0;0;0;0;0;0;0;-38,593139;-3,78014
285424;30;4;2016;09:28;0;AV PRS CASTELO BRANCO;;;3127;;Atropelamento;Luz do Dia;;;Meio de Quadra;;;0;1;1;0;0;0;0;0;0;0;0;0;-38,557946;-3,711438
285469;30;4;2016;20:41;0;RUA CEL DIONISIO ALENCAR;;;2669;;Colisão;;;;Meio de Quadra;;;0;1;1;1;0;0;0;0;0;1;0;0;;
285470;30;4;2016;20:56;0;AV ISABEL BEZERRA;;;;;Colisão;;;;Meio de Quadra;;;0;1;1;1;0;0;0;0;0;1;0;0;;
285471;30;4;2016;21:00;0;AV SEN FERNANDES TAVORA;;;1661;;Colisão;;;;Meio de Quadra;;;0;1;0;0;0;0;0;0;0;0;0;0;;
285465;30;4;2016;19:11;0;RUA 1 LT ARVOREDO;;;1312;;Atropelamento;;;;Meio de Quadra;;;0;1;1;0;0;0;0;0;0;1;0;0;;
285466;30;4;2016;19:19;0;RUA EMILIA GONCALVES;;;846;;Atropelamento;;;;Meio de Quadra;;;0;1;1;0;0;0;0;0;0;1;0;0;-38,594013;-3,730168
285467;30;4;2016;19:55;0;RUA PRA HELOISA F LIMA;;;401;;Colisão;;;;Meio de Quadra;;;0;1;1;1;0;0;0;0;0;1;0;0;;
285463;30;4;2016;18:11;12819;RUA ANDRE CHAVES;AV PRO GOMES DE MATOS;;;;Atropelamento;Anoitecer;;;Cruz;Semáforo;Comercial;0;1;1;0;0;0;0;0;0;0;0;0;-38,541533;-3,756396
285459;30;4;2016;17:05;0;RUA JOAO AMORA;;;1288;;Colisão;Anoitecer;;;Meio de Quadra;;;0;1;1;1;0;1;0;0;0;0;0;0;-38,585647;-3,799636
285460;30;4;2016;17:48;23504;RUA CARVALHO JUNIOR;RUA CAP GUSTAVO;;;;Colisão;Anoitecer;;;;;;0;1;1;0;0;0;0;0;0;1;0;0;-38,515951;-3,759023
285436;30;4;2016;12:45;15734;RUA CAPANEMA;RUA DR JOAQUIM BENTO;;;;Colisão;Luz do Dia;;;;;;0;1;0;0;0;0;0;0;0;0;0;0;-38,488135;-3,82854
285437;30;4;2016;13:02;0;AV GAL OSORIO DE PAIVA;;;5834;;Colisão;Luz do Dia;;;Meio de Quadra;;;0;1;1;0;0;0;0;0;0;1;0;0;;
285440;30;4;2016;13:43;0;RUA BERNARDO MANUEL;;;8843;;Queda;Luz do Dia;;;Meio de Quadra;;;0;1;0;0;0;0;0;0;0;1;0;0;-38,550861;-3,796865
285445;30;4;2016;13:57;0;RUA MARTINS DE LIMA;;;1654;;Atropelamento;Luz do Dia;;;Meio de Quadra;;;0;1;1;0;0;0;0;0;0;1;0;0;;
285446;30;4;2016;14:36;15361;RUA CEL JUCA;RUA REPUBLICA DO LIBANO;;;;Colisão;Luz do Dia;;;Meio de Quadra;Pare;Comercial;0;3;0;0;0;0;0;0;0;0;0;0;-38,489964;-3,733462
285448;30;4;2016;15:26;0;AV ODILON GUIMARAES;;;2200;;Colisão;Luz do Dia;;;Meio de Quadra;;;0;1;1;1;0;0;0;0;0;1;0;0;-38,475006;-3,819356
285449;30;4;2016;15:36;0;AV AUGUSTO DOS ANJOS;;;194;;Colisão;Luz do Dia;;;Meio de Quadra;;;0;1;1;1;0;0;0;0;0;1;0;0;-38,570801;-3,770883
285450;30;4;2016;15:41;0;AV CONTORNO NORTE D71;;;1735;;Colisão;Luz do Dia;;;Meio de Quadra;;;0;1;0;0;0;0;0;0;0;0;0;0;-38,591574;-3,809615
285453;30;4;2016;15:47;5255;AV TRISTAO GONCALVES;RUA PEDRO PEREIRA;;;;Colisão;Luz do Dia;;;Cruz;Semáforo;Comercial;0;1;1;0;1;0;0;0;0;1;0;0;-38,533489;-3,728075
285454;30;4;2016;16:15;0;AV PRS CASTELO BRANCO;;;;;Atropelamento;Luz do Dia;;;Meio de Quadra;;;0;1;0;0;0;0;0;0;0;0;0;0;;
285455;30;4;2016;16:20;0;AV OLIVEIRA PAIVA;;;1170;;Queda;Luz do Dia;;;Meio de Quadra;;;0;1;0;0;0;1;0;0;0;0;0;0;-38,496068;-3,795486
285474;30;4;2016;22:00;0;RUA JUVENCIO VASCONCELOS;;;259;;Atropelamento;;;;Meio de Quadra;;;0;1;1;0;0;0;0;0;0;1;0;0;-38,479474;-3,724599
285476;30;4;2016;22:51;17563;RUA ESPIRITO SANTO;RUA AMAZONAS;;;;Colisão;;;;Cruz;Pare;Residencial;0;2;0;0;0;0;0;0;0;1;0;0;-38,567217;-3,751391
285457;30;4;2016;16:44;0;RUA FERREIRA DOS SANTOS;;;290;;Colisão;Luz do Dia;;;Meio de Quadra;;;0;1;0;0;0;0;0;0;0;0;0;0;;
285057;30;4;2016;12:45;0;RD CE-040;;;;KM-04;Colisão;Luz do Dia;Bom;Seca;Meio de Quadra;;;0;0;2;1;0;0;0;0;0;0;0;0;-38,481084;-3,782614
285058;30;4;2016;17:10;0;RD CE-065;;;;KM-02;Colisão;Anoitecer;Bom;Seca;Meio de Quadra;;;0;0;2;0;0;0;0;0;0;1;0;0;-38,607411;-3,810107
281173;30;4;2016;12:40;0;AV SANTOS DUMONT;;;;;Colisão;Luz do Dia;;;Meio de Quadra;;;0;0;2;1;0;0;0;0;0;0;0;0;;
281175;30;4;2016;19:27;0;RUA PALESTINA D65;;;;;Colisão;;;;;;;0;0;1;1;0;0;0;0;0;0;0;0;;
287877;30;4;2016;08:48;0;AV JOR THOMAZ COELHO;;;3078;;Colisão;Luz do Dia;;;Meio de Quadra;;;0;0;1;0;0;0;0;0;0;0;0;0;-38,523218;-3,829037
287878;30;4;2016;08:56;0;RUA CASTRO E SILVA;;;639;;Colisão;Luz do Dia;;;Meio de Quadra;;;0;0;1;0;0;0;0;0;0;0;0;0;-38,531652;-3,722368
287879;30;4;2016;08:57;0;RUA NOSSA SRA DAS GRACAS;;;650;;Colisão;Luz do Dia;;;Meio de Quadra;;;0;0;1;0;0;0;0;0;0;0;0;0;-38,55417;-3,709849
287883;30;4;2016;09:37;22124;RUA PRO COSTA MENDES;RUA MAJ PEDRO SAMPAIO;;;;Colisão;Luz do Dia;;;Cruz;Pare;Comercial;0;0;1;0;0;0;0;0;0;0;0;0;-38,554665;-3,747674
287884;30;4;2016;09:46;0;RUA TOMAS RODRIGUES;;;183;;Colisão;Luz do Dia;;;Meio de Quadra;;;0;0;1;0;0;0;0;0;0;0;0;0;-38,59416;-3,73833
287885;30;4;2016;09:48;0;AV N CJ JOSE WALTER;;;;;Colisão;Luz do Dia;;;Meio de Quadra;;;0;0;1;0;0;0;0;0;0;0;0;0;;
287886;30;4;2016;10:01;5425;AV HERACLITO GRACA;RUA VINTE E CINCO DE MARCO;;;;Colisão;Luz do Dia;;;T;Não Há Controle;Comercial;0;0;1;0;0;0;0;0;0;0;0;0;-38,523905;-3,733706
287887;30;4;2016;10:11;0;AV DES GONZAGA;;;532;;Colisão;Luz do Dia;;;Meio de Quadra;;;0;0;1;0;0;0;0;0;0;0;0;0;-38,50256;-3,791415
287888;30;4;2016;10:35;0;AV GAL OSORIO DE PAIVA;;;14;;Colisão;Luz do Dia;;;Meio de Quadra;;;0;0;1;0;0;0;0;0;0;0;0;0;-38,562299;-3,771795
287890;30;4;2016;10:35;0;AV GAL OSORIO DE PAIVA;;;;;Colisão;Luz do Dia;;;Meio de Quadra;;;0;0;1;0;0;0;0;0;0;0;0;0;;
287891;30;4;2016;10:37;3820;AV CARAPINIMA;AV 13 DE MAIO;;;;Colisão;Luz do Dia;;;Cruz;Semáforo;Comercial;0;0;1;0;0;0;0;0;0;0;0;0;-38,540239;-3,740001
287892;30;4;2016;10:44;0;RUA PORTO VELHO;;;;;Colisão;Luz do Dia;;;Meio de Quadra;;;0;0;1;0;0;0;0;0;0;0;0;0;;
287893;30;4;2016;11:00;5389;AV DUQ CAXIAS;RUA FLORIANO PEIXOTO;;;;Colisão;Luz do Dia;;;Cruz;Pare;Comercial;0;0;1;0;0;0;0;0;0;0;0;0;-38,528731;-3,732162
287894;30;4;2016;11:45;17332;RUA JOAO FIRMINO;RUA TEN MOACIR MATOS;;;;Colisão;Luz do Dia;;;Duplo T;Pare;Residencial;0;0;1;0;0;0;0;0;0;0;0;0;-38,556094;-3,764908
287895;30;4;2016;11:50;13143;AV D CJ JOSE WALTER;RUA 41 CJ JOSE WALTER;;;;Colisão;Luz do Dia;;;Cruz;Pare;Comercial;0;0;1;0;0;0;0;0;0;0;0;0;-38,557966;-3,83094
287896;30;4;2016;11:56;9723;RUA GUARAREMA;RUA GERALDO BARBOSA;;;;Colisão;Luz do Dia;;;;;;0;0;1;0;0;0;0;0;0;0;0;0;-38,619056;-3,786464
287897;30;4;2016;11:58;24967;AV ALM HENRIQUE SABOIA;AV SANTOS DUMONT;;;;Colisão;Luz do Dia;;;Cruz;Pare;Comercial;0;0;1;0;0;0;0;0;0;0;0;0;;
287898;30;4;2016;12:10;0;AV PRS CASTELO BRANCO;;;;;Colisão;Luz do Dia;;;Meio de Quadra;;;0;0;1;0;0;0;0;0;0;0;0;0;;
287899;30;4;2016;12:14;0;AV BEZERRA DE MENEZES;;;1661;;Colisão;Luz do Dia;;;Meio de Quadra;;;0;0;1;0;0;0;0;0;0;0;0;0;-38,55962;-3,734652
287904;30;4;2016;15:33;0;RUA AFONSO LOPES;;;;;Colisão;Luz do Dia;;;Meio de Quadra;;;0;0;1;0;0;0;0;0;0;0;0;0;;