COD_ACIDENTE;DIA;MES;ANO;HORA;INTERSECAO;LOG1;LOG2;LOG3;NUMERO;REFERENCIA;NATUREZA;ILUMINACAO;TEMPO;SUPERFICIEPISTA;TIPOCRUZAMENTO;CONTROLETRAFEGO;USOSOLO;MORTOS;FERIDOS;ILESOS;AUTOMOVEL;ONIBUS;BICICLETA;CAMINHAO;MICROONIBUS;CICLOMOTOR;MOTOCICLETA;TRACAOANIMAL;TREM;LONG;LAT
287905;30;4;2016;17:07;0;RUA ANSELMO NOGUEIRA;;;;;Colisão;Anoitecer;;;Meio de Quadra;;;0;0;1;0;0;0;0;0;0;0;0;0;;
287906;30;4;2016;13:10;0;RUA NEREU RAMOS;;;;;Colisão;Luz do Dia;;;Meio de Quadra;;;0;0;1;0;0;0;0;0;0;0;0;0;;
287907;30;4;2016;13:13;0;AV GAL OSORIO DE PAIVA;;;;;Colisão;Luz do Dia;;;Meio de Quadra;;;0;0;1;0;0;0;0;0;0;0;0;0;;
287908;30;4;2016;13:14;0;AV CARAPINIMA;;;1743;;Colisão;Luz do Dia;;;Meio de Quadra;;;0;0;1;0;0;0;0;0;0;0;0;0;-38,537182;-3,737034
287881;30;4;2016;09:36;0;RUA MANUEL CARNEIRO;;;56;;Colisão;Luz do Dia;;;Meio de Quadra;;;0;0;1;0;0;0;0;0;0;0;0;0;;
287901;30;4;2016;12:14;1654;AV SEN VIRGILIO TAVORA;RUA BENI DE CARVALHO;;;;Colisão;Luz do Dia;;;Cruz;Semáforo;Comercial;0;1;0;0;0;0;0;0;0;0;0;0;-38,495995;-3,745678
287902;30;4;2016;12:54;5067;RUA PDE MORORO;RUA SEN ALENCAR;;;;Colisão;Luz do Dia;;;Cruz;Pare;Residencial;0;0;1;0;0;0;0;0;0;0;0;0;-38,536475;-3,72216
287915;30;4;2016;13:10;25144;RUA PRO HERIBALDO COSTA;RUA CEL MATOS DOURADO;;;;Colisão;Luz do Dia;;;Outros;Semáforo;Residencial;0;0;1;0;0;0;0;0;0;0;0;0;-38,582309;-3,753427
287913;30;4;2016;13:16;0;RUA FRANCISCO L DA SILVA;;;146;;Colisão;Luz do Dia;;;Meio de Quadra;;;0;0;1;0;0;0;0;0;0;0;0;0;;
287919;30;4;2016;13:31;19780;RUA PDE GUERRA;RUA COS ALVARO DE OLIVEIRA;;;;Colisão;Luz do Dia;;;Cruz;Pare;Residencial;0;0;1;0;0;0;0;0;0;0;0;0;-38,555644;-3,738519
287920;30;4;2016;13:56;0;RUA WALDIR DIOGO;;;1030;;Colisão;Luz do Dia;;;Meio de Quadra;;;0;0;1;0;0;0;0;0;0;0;0;0;-38,58734;-3,8031
287925;30;4;2016;15:52;0;AV SANTOS DUMONT;;;6200;;Colisão;Luz do Dia;;;Meio de Quadra;;;0;0;1;0;0;0;0;0;0;0;0;0;-38,475998;-3,743439
287926;30;4;2016;16:12;0;AV PRS CASTELO BRANCO;;;;;Colisão;Luz do Dia;;;Meio de Quadra;;;0;0;1;0;0;0;0;0;0;0;0;0;;
287927;30;4;2016;16:16;1219;RUA COSTA BARROS;RUA JOAO CORDEIRO;;;;Colisão;Luz do Dia;;;Cruz;Semáforo;Residencial;0;0;1;0;0;0;0;0;0;0;0;0;-38,514331;-3,729449
287928;30;4;2016;16:24;0;AV LINEU MACHADO;;;;;Colisão;Luz do Dia;;;Meio de Quadra;;;0;0;1;0;0;0;0;0;0;0;0;0;;
287929;30;4;2016;16:51;0;AV OLAVO BILAC;;;;;Colisão;Luz do Dia;;;Meio de Quadra;;;0;0;1;0;0;0;0;0;0;0;0;0;;
287930;30;4;2016;16:52;0;RUA ANTONIO IVO;;;962;;Colisão;Luz do Dia;;;Meio de Quadra;;;0;0;1;0;0;0;0;0;0;0;0;0;-38,587122;-3,7713
287934;30;4;2016;18:02;0;AV PRS CASTELO BRANCO;;;4571;;Colisão;Anoitecer;;;Meio de Quadra;;;0;0;1;0;0;0;0;0;0;0;0;0;-38,572864;-3,706777
287935;30;4;2016;18:50;7342;RUA MACEIO;RUA SILVA BAIMA;;;;Colisão;;;;;;;0;0;1;0;0;0;0;0;0;0;0;0;-38,585493;-3,754059
287936;30;4;2016;19:33;0;AV PRS CASTELO BRANCO;;;2389;;Colisão;;;;Meio de Quadra;;;0;0;1;0;0;0;0;0;0;0;0;0;-38,549283;-3,713505
287937;30;4;2016;20:03;0;AV ODILON GUIMARAES;;;2380;;Colisão;;;;Meio de Quadra;;;0;0;1;0;0;0;0;0;0;0;0;0;-38,473744;-3,817944
287938;30;4;2016;20:17;0;RUA JOAO AMORA;;;1259;;Colisão;;;;Meio de Quadra;;;0;0;1;0;0;0;0;0;0;0;0;0;-38,584994;-3,799665
287939;30;4;2016;23:06;0;AV ALBERTO CRAVEIRO;;;;;Colisão;;;;Meio de Quadra;;;0;0;1;0;0;0;0;0;0;0;0;0;;
287922;30;4;2016;13:58;22159;AV JOSE BASTOS;RUA PRO COSTA MENDES;;;;Colisão;Luz do Dia;;;Cruz;Pare;Comercial;0;0;2;0;0;0;0;0;0;0;0;0;-38,551247;-3,750784
287923;30;4;2016;15:15;0;RUA OSMUNDO CAVALCANTE;;;;;Colisão;Luz do Dia;;;Meio de Quadra;;;0;0;1;0;0;0;0;0;0;0;0;0;;
287932;30;4;2016;18:02;0;AV GAL OSORIO DE PAIVA;;;5858;;Colisão;Anoitecer;;;Meio de Quadra;;;0;0;1;0;0;0;0;0;0;0;0;0;-38,604929;-3,807668
282664;30;4;2016;14:45;0;AV CONTORNO (CASTELÃO);;;;;Colisão Traseira;Luz do Dia;Bom;Seca;Meio de Quadra;Não Há Controle;Outros;0;0;2;1;0;0;0;0;0;0;0;0;;
282660;30;4;2016;08:15;5496;RUA PDE VALDEVINO;RUA DNA LEOPOLDINA;;;;Colisão Traseira;Luz do Dia;Bom;Seca;Cruz;Semáforo;Comercial;0;1;1;1;0;0;0;0;0;1;0;0;-38,521753;-3,737577
282602;30;4;2016;10:30;0;RUA PORTO VELHO;;;1669;;Colisão Traseira;Luz do Dia;Bom;Seca;Meio de Quadra;Não Há Controle;Residencial;0;0;2;1;0;0;0;0;0;1;0;0;-38,593728;-3,76244
282588;30;4;2016;14:35;25008;RUA TEODOMIRO DE CASTRO;RUA SILVIO ROMERO;;;;Outros;Luz do Dia;Bom;Seca;Cruz;Pare;Residencial;0;1;1;1;0;0;0;0;0;1;0;0;-38,570794;-3,719538
282611;30;4;2016;10:00;0;AV DUQ CAXIAS;;;450;;Colisão Traseira;Luz do Dia;Bom;Seca;Meio de Quadra;Não Há Controle;Comercial;0;1;2;1;0;0;0;0;1;0;0;0;-38,528646;-3,73219
282604;30;4;2016;10:00;17326;RUA ALBERTO MAGNO;RUA ALAN KARDEC;;;;Colisão Transversal;Luz do Dia;Bom;Seca;Cruz;Pare;Comercial;0;1;1;0;0;0;1;0;0;1;0;0;-38,549918;-3,764796
282597;30;4;2016;23:15;14450;AV SGT HERMINIO SAMPAIO;RUA HENRIQUE ELERY;;;;Outros;Via Iluminada;Bom;Seca;T;Pare;Outros;0;1;0;0;0;0;0;0;0;1;0;0;-38,559779;-3,726244
282631;30;4;2016;01:30;15152;AV BAR STUDART;AV ABOLICAO;;;;Colisão Transversal;Via Iluminada;Bom;Seca;Cruz;Semáforo;Comercial;0;0;2;1;0;0;0;0;0;0;0;0;-38,503445;-3,724762
282624;30;4;2016;01:30;19721;RUA GUSTAVO SAMPAIO;RUA AMADEU FURTADO;;;;Colisão Lateral;Via Iluminada;Bom;Seca;Cruz;Não Há Controle;Residencial;0;0;2;1;0;0;0;0;0;0;0;0;-38,563828;-3,736786
282616;30;4;2016;18:25;0;AV DES GONZAGA;;;857;;Colisão Transversal;Via Iluminada;Bom;Seca;Meio de Quadra;Outros;Comercial;0;1;1;1;0;0;0;0;0;1;0;0;-38,500922;-3,795002
282641;30;4;2016;19:00;15361;RUA CEL JUCA;RUA REPUBLICA DO LIBANO;;;;Colisão Lateral;Via Iluminada;Bom;Seca;Meio de Quadra;Pare;Comercial;0;1;1;1;0;0;0;0;0;0;0;0;-38,489964;-3,733462
282646;30;4;2016;19:00;0;AV FRANCISCO SA;;;5090;;Colisão Lateral;Via Iluminada;Bom;Seca;Meio de Quadra;Não Há Controle;Comercial;0;0;2;1;1;0;0;0;0;0;0;0;-38,569768;-3,713169
282651;30;4;2016;06:30;0;AV GAL OSORIO DE PAIVA;;;1649;;Colisão Traseira;Luz do Dia;Bom;Seca;Meio de Quadra;Semáforo;Residencial;0;1;1;0;0;0;0;0;0;1;0;0;-38,576621;-3,782061
282656;30;4;2016;09:00;23772;RUA ARAPONGA;RUA COSTA FREIRE;;;;Colisão Transversal;Luz do Dia;Bom;Seca;Cruz;Pare;Residencial;0;0;2;1;0;0;0;0;0;0;0;0;-38,577606;-3,784514
282657;30;4;2016;08:10;5496;RUA PDE VALDEVINO;RUA DNA LEOPOLDINA;;;;Colisão Transversal;Luz do Dia;Bom;Seca;Cruz;Semáforo;Comercial;0;1;1;1;0;0;0;0;0;1;0;0;-38,521753;-3,737577
282578;30;4;2016;10:00;0;AV JOR THOMAZ COELHO;;;;;Colisão Lateral;Luz do Dia;Bom;Seca;Meio de Quadra;Não Há Controle;Residencial;0;1;1;1;0;0;0;0;0;1;0;0;;
282572;30;4;2016;06:50;0;AV ENG HUMBERTO MONTE;;;;;Colisão Lateral;Luz do Dia;Bom;Seca;Meio de Quadra;Não Há Controle;Comercial;0;1;1;0;0;0;0;0;0;1;0;0;;
282570;30;4;2016;15:40;0;AV 13 DE MAIO;;;2950;;Colisão Traseira;Luz do Dia;Bom;Seca;Meio de Quadra;Não Há Controle;Comercial;0;0;2;1;0;0;0;0;0;0;0;0;-38,54123;-3,739153
282563;30;4;2016;14:00;12624;RUA COS LAFAYETE;RUA ALBERTO FERREIRA;;;;Colisão Transversal;Luz do Dia;Bom;Seca;T;Pare;Residencial;0;1;1;1;0;0;0;0;0;1;0;0;-38,582837;-3,717979
286617;30;4;2016;16:00;3863;AV 13 DE MAIO;AV DOS EXPEDICIONARIOS;;;;Colisão;Luz do Dia;;;;;;0;1;1;0;0;0;0;0;0;1;0;0;;
283802;30;4;2016;00:15;0;RD BR 222;;;400;KM-02;Colisão Traseira;;Bom;Seca;Meio de Quadra;;;0;1;1;0;0;0;1;0;0;1;0;0;-38,58704;-3,739009
283805;30;4;2016;10:30;0;RD BR 222;;;500;KM-03;Queda;Luz do Dia;Bom;Seca;Meio de Quadra;;;0;1;0;0;0;0;0;0;0;1;0;0;-38,595941;-3,740301
283987;1;5;2016;07:30;0;RD BR 116;;;700;KM-07;Colisão Lateral;Luz do Dia;Bom;Seca;Meio de Quadra;;;0;1;1;0;0;0;0;0;0;1;0;0;-38,5091;-3,791713
284588;1;5;2016;22:30;0;RD BR 222;;;800;KM-01;Colisão Traseira;;Bom;Seca;Meio de Quadra;;;0;0;2;1;0;0;0;0;0;1;0;0;-38,578147;-3,737698
286539;1;5;2016;06:42;5348;RUA PDE MORORO;RUA METON DE ALENCAR;;;;Colisão;Luz do Dia;;;T;Não Há Controle;Comercial;0;0;1;0;0;0;0;0;0;0;0;0;-38,539143;-3,730892
286331;1;5;2016;20:36;0;AV ZEZE DIOGO;;;;;Queda;;;;Meio de Quadra;;;0;1;0;0;0;0;0;0;0;1;0;0;;
286369;1;5;2016;22:34;0;RUA PARAISO;;;10;;Queda;;;;Meio de Quadra;;;0;1;0;0;0;1;0;0;0;0;0;0;;
286365;1;5;2016;22:22;0;AV PERIMETRAL;;;207;;Atropelamento;;;;Meio de Quadra;;;0;1;0;0;0;0;0;0;0;0;0;0;;
286358;1;5;2016;22:10;0;RUA ROSA CORDEIRO;;;;;Queda;;;;Meio de Quadra;;;0;1;0;0;0;0;0;0;0;1;0;0;;
286346;1;5;2016;20:48;0;AV MOZART PINHEIRO DE LUCENA;;;2951;;Colisão;;;;Meio de Quadra;;;0;1;0;1;0;0;0;0;0;1;0;0;-38,598997;-3,729909
286349;1;5;2016;21:51;0;AV SEN FERNANDES TAVORA;;;2978;;Colisão;;;;Meio de Quadra;;;0;1;0;1;0;0;0;0;0;1;0;0;-38,598299;-3,755118
286311;1;5;2016;18:43;0;AV SGT HERMINIO SAMPAIO;;;4454;;Colisão;;;;Meio de Quadra;;;0;3;0;0;0;0;0;0;0;1;0;0;-38,579822;-3,731745
286326;1;5;2016;20:32;0;AV J CJ CEARA;;;1038;;Queda;;;;Meio de Quadra;;;0;1;0;0;0;0;0;0;0;1;0;0;;
286321;1;5;2016;20:17;0;AV JOAO PESSOA;;;;;Colisão;;;;Meio de Quadra;;;0;1;0;0;0;0;0;0;0;0;0;0;;
286315;1;5;2016;19:47;0;AV PRS JUSCELINO KUBITSCHEK (PASSARÉ);;;390;;Atropelamento;;;;Meio de Quadra;;;0;1;0;1;0;0;0;0;0;0;0;0;;
286316;1;5;2016;20:09;0;AV DIOGUINHO;;;;;Queda;;;;Meio de Quadra;;;0;1;0;0;0;0;0;0;0;1;0;0;;
286308;1;5;2016;17:59;1546;RUA VICENTE LEITE;AV PDE ANTONIO TOMAS;;;;Atropelamento;Anoitecer;;;T;Pare;Comercial;0;1;0;0;0;0;0;0;0;1;0;0;-38,49669;-3,741127
286279;1;5;2016;14:55;0;AV GAL OSORIO DE PAIVA;;;3454;;Queda;Luz do Dia;;;Meio de Quadra;;;0;1;0;0;0;0;0;0;0;1;0;0;-38,589119;-3,79141
286281;1;5;2016;15:06;6059;AV C CJ CEARA;RUA MIN ALBUQUERQUE LIMA;;;;Colisão;Luz do Dia;;;Com Via Férrea;Pare;Comercial;0;1;0;1;0;1;0;0;0;0;0;0;;
286282;1;5;2016;16:33;24714;RUA ANTONIO ARRUDA;RUA RERIUTABA;;;;Atropelamento;Luz do Dia;;;Cruz;Não Há Controle;Comercial;0;1;0;1;0;0;0;0;0;0;0;0;-38,592541;-3,715126
286283;1;5;2016;17:08;25223;RUA L CJ VILA VELHA;RUA G CJ VILA VELHA;;;;Colisão;Anoitecer;;;Cruz;Não Há Controle;Residencial;0;1;0;1;0;0;0;0;0;1;0;0;;
286284;1;5;2016;17:18;0;AV CARNEIRO DE MENDONCA;;;493;;Atropelamento;Anoitecer;;;Meio de Quadra;;;0;1;0;0;0;0;0;0;0;0;0;0;-38,563904;-3,765516
286285;1;5;2016;17:21;0;RUA WALDIR DIOGO;;;514;;Colisão;Anoitecer;;;Meio de Quadra;;;0;1;0;1;0;0;0;0;0;1;0;0;-38,582559;-3,806174
286286;1;5;2016;17:22;0;AV PERIMETRAL;;;199;;Queda;Anoitecer;;;Meio de Quadra;;;0;1;0;0;0;0;0;0;0;1;0;0;;
286304;1;5;2016;17:51;0;AV AUGUSTO DOS ANJOS;;;1536;;Colisão;Anoitecer;;;;;;0;1;0;1;0;0;0;0;0;1;0;0;-38,579088;-3,780088
286305;1;5;2016;17:53;0;AV BEZERRA DE MENEZES;;;2071;;Atropelamento;Anoitecer;;;Meio de Quadra;;;0;1;0;0;0;0;0;0;0;1;0;0;-38,56291;-3,73534
286295;1;5;2016;17:26;25223;RUA G CJ VILA VELHA;RUA L CJ VILA VELHA;;;;Colisão;Anoitecer;;;Cruz;Não Há Controle;Residencial;0;1;0;1;0;0;0;0;0;1;0;0;;
286818;1;5;2016;08:03;0;AV VICENTE DE CASTRO;;;;CAIS DO PORTO;;Luz do Dia;;;Meio de Quadra;;;0;0;1;0;0;0;0;0;0;0;0;0;;
286798;1;5;2016;07:14;0;RUA AUDISIO PINHEIRO;;;33;;Colisão;Luz do Dia;;;Meio de Quadra;;;0;0;1;0;0;0;0;0;0;0;0;0;-38,585465;-3,752303
286810;1;5;2016;08:01;0;AV HIS RAIMUNDO GIRAO;;;970;;;Luz do Dia;;;Meio de Quadra;;;0;0;1;0;0;0;0;0;0;0;0;0;-38,50723;-3,722689
282654;1;5;2016;13:15;3420;AV JOAO PESSOA;RUA DES PRAXEDES;;;;Colisão Traseira;Luz do Dia;;;Cruz;Semáforo;Comercial;0;0;2;1;0;0;1;0;0;0;0;0;-38,553504;-3,756946
282655;1;5;2016;12:45;0;AV PRS CASTELO BRANCO;;;146;;Capotamento;Luz do Dia;;;Meio de Quadra;;;0;2;1;1;0;0;0;0;0;0;0;0;-38,521389;-3,723156
282652;1;5;2016;21:30;1321;RUA MARCOS MACEDO;RUA VICENTE LEITE;;;;Colisão Transversal;;;;Cruz;Pare;Comercial;0;0;3;1;0;0;0;0;0;0;0;0;-38,494787;-3,735201
282648;1;5;2016;18:00;0;AV PDE ANTONIO TOMAS;;;;;Atropelamento;Anoitecer;;;;;;0;1;2;0;0;0;0;0;0;0;0;0;;
282649;1;5;2016;;0;RUA ILDEFONSO ALBANO;;;;;Colisão Frontal;;;;Meio de Quadra;;;0;0;2;1;0;0;0;0;0;0;0;0;;
282650;1;5;2016;20:00;0;AV GAL OSORIO DE PAIVA;;;2946;;Colisão Lateral;;;;Meio de Quadra;;;0;0;2;1;0;0;0;0;0;0;0;0;-38,586023;-3,788269
282643;1;5;2016;21:30;5100;AV DOM MANUEL;AV MON TABOSA;;;;Colisão Traseira;;;;Cruz;Semáforo;Comercial;0;0;2;1;1;0;0;0;0;0;0;0;;
282644;1;5;2016;16:50;0;AV ALM HENRIQUE SABOIA;;;397;;Colisão Traseira;Luz do Dia;;;;;;0;0;3;1;0;0;0;0;0;0;0;0;;
282639;1;5;2016;09:30;0;RUA DIOGO CORREIA;;;988;;Choque c/ Obstáculo Fixo;Luz do Dia;;;Meio de Quadra;;;0;1;0;1;0;0;0;0;0;0;0;0;;
282640;1;5;2016;18:30;0;AV SGT HERMINIO SAMPAIO;;;;;Colisão Frontal;Anoitecer;;;Meio de Quadra;;;0;2;0;0;0;0;0;0;0;1;0;0;;
282629;1;5;2016;07:50;0;AV 13 DE MAIO;;;;;Engavetamento;Luz do Dia;;;Meio de Quadra;;;0;0;4;1;0;0;0;0;0;0;0;0;;
282634;1;5;2016;08:00;0;AV ENG HUMBERTO MONTE;;;;UFC;Choque c/ Obstáculo Fixo;Luz do Dia;;;Meio de Quadra;;;0;1;1;1;0;0;0;0;0;0;0;0;;
282635;1;5;2016;18:10;0;RUA ADOLFO B DE MENEZES;;;723;;Atropelamento;Anoitecer;;;Meio de Quadra;;;0;2;0;0;0;0;0;0;0;1;0;0;;
282637;1;5;2016;11:54;0;AV ABOLICAO;;;2072;;Colisão Transversal;Luz do Dia;;;Meio de Quadra;;;0;0;2;0;1;0;0;0;0;0;0;0;-38,500202;-3,725808
282622;1;5;2016;08:10;23771;RUA LEAO DO NORTE;RUA COSTA FREIRE;;;;Colisão Frontal;Luz do Dia;;;Cruz;Pare;Rural;0;0;2;1;0;0;0;0;0;0;0;0;-38,57718;-3,783935
282661;1;5;2016;09:00;7860;AV ANTONIO SALES;AV SEN VIRGILIO TAVORA;;;;Choque c/ Obstáculo Fixo;Luz do Dia;;;Cruz;Semáforo;Comercial;0;0;1;1;0;0;0;0;0;0;0;0;-38,4965;-3,747279
282662;1;5;2016;08:30;0;RUA EDUARDO PERDIGAO;;;120;;Colisão Transversal;Luz do Dia;;;Meio de Quadra;;;0;0;2;1;1;0;0;0;0;0;0;0;-38,564714;-3,775641
282663;1;5;2016;10:30;0;AV RECREIO D64;;;480;;Colisão Frontal;Luz do Dia;;;Meio de Quadra;;;1;0;1;0;1;0;0;0;1;0;0;0;-38,449274;-3,811684
282659;1;5;2016;06:20;25034;AV DES MOREIRA;AV ANTONIO JUSTA;;;;Colisão Lateral;Luz do Dia;;;Cruz;Semáforo;Outros;0;0;2;1;1;0;0;0;0;0;0;0;-38,495474;-3,727331
282694;1;5;2016;12:45;0;RUA EDUARDO BEZERRA;;;956;;Colisão;Luz do Dia;;;Meio de Quadra;;;0;1;2;1;0;0;0;0;0;0;0;0;-38,511684;-3,753638
282695;1;5;2016;07:20;0;AV PRS COSTA E SILVA;;;601;;Colisão Traseira;Luz do Dia;;;Meio de Quadra;;;0;1;2;1;0;0;0;0;0;1;0;0;;
282700;1;5;2016;09:20;0;AV GAL OSORIO DE PAIVA;;;4656;;Atropelamento;Luz do Dia;;;Meio de Quadra;;;0;1;1;1;0;0;0;0;0;0;0;0;-38,597075;-3,799576
282703;1;5;2016;07:00;1272;AV DOM LUIS;RUA JOAQUIM NABUCO;;;;Colisão Lateral;Luz do Dia;;;Cruz;Semáforo Intermitente;Comercial;0;0;2;1;0;0;0;0;0;0;0;0;-38,500333;-3,732301
282718;1;5;2016;09:00;23368;RUA VIS MAUA;RUA CAP TIBURCIO DA FROTA;;;;Capotamento;Luz do Dia;;;;;;0;0;2;1;0;0;0;0;0;0;0;0;-38,505222;-3,754187
282721;1;5;2016;11:45;15309;RUA TEN BENEVOLO;RUA JOSE VILAR;;;;Colisão Transversal;Luz do Dia;;;Cruz;Semáforo;Residencial;0;1;1;1;0;0;0;0;0;0;0;0;-38,502809;-3,730049
286275;1;5;2016;14:50;5290;AV DUQ CAXIAS;RUA PDE MORORO;;;;Colisão;Luz do Dia;;;Cruz;Semáforo;Comercial;0;1;0;1;0;1;0;0;0;0;0;0;-38,538552;-3,728983
286272;1;5;2016;14:15;0;AV IMPERADOR;;;;;Colisão;Luz do Dia;;;Meio de Quadra;;;0;1;0;0;0;0;0;0;0;0;0;0;;
286268;1;5;2016;12:56;3010;RUA URUCUTUBA;RUA CEL VIRGILIO NOGUEIRA (BOM JARDIM);;;;Colisão;Luz do Dia;;;Cruz;Não Há Controle;Comercial;0;1;0;1;0;1;0;0;0;0;0;0;;
286269;1;5;2016;13:04;7171;AV PRS CASTELO BRANCO;RUA ALVES LIMA;;;;Colisão Transversal;Luz do Dia;;;Meio de Quadra;Não Há Controle;Residencial;0;2;0;0;0;0;0;0;0;1;0;0;-38,568601;-3,708328
286265;1;5;2016;11:33;0;AV WASHINGTON SOARES;;;;;Colisão;Luz do Dia;;;Meio de Quadra;;;0;1;0;1;0;1;0;0;0;0;0;0;;
286262;1;5;2016;11:29;0;AV WASHINGTON SOARES;;;8800;;Atropelamento;Luz do Dia;;;Meio de Quadra;;;0;1;0;1;0;0;0;0;0;0;0;0;-38,48225;-3,828461
286253;1;5;2016;11:09;0;RUA MOURA MATOS;;;1242;;Colisão;Luz do Dia;;;Meio de Quadra;;;0;1;0;0;0;0;0;0;0;1;0;0;-38,539273;-3,81619
286249;1;5;2016;10:42;0;RUA HAROLDO TORRES;;;100;;Colisão;Luz do Dia;;;Meio de Quadra;;;0;1;0;0;0;0;0;0;0;0;0;0;;
286243;1;5;2016;09:00;0;RUA PARANAGUA;;;1240;;Queda;Luz do Dia;;;Meio de Quadra;;;0;1;0;0;0;0;0;0;0;1;0;0;;
286244;1;5;2016;09:21;0;RUA AZEVEDO BARRETO;;;983;;Atropelamento;Luz do Dia;;;Meio de Quadra;;;0;1;0;0;0;0;0;0;0;1;0;0;;
286234;1;5;2016;08:37;24969;AV PDE ANTONIO TOMAS;AV ALM HENRIQUE SABOIA;;;;Queda;Luz do Dia;;;Cruz;Semáforo;Comercial;0;2;0;0;0;0;0;0;0;1;0;0;-38,489455;-3,743493
286217;1;5;2016;07:21;0;RUA DIOGO CORREIA;;;484;;Colisão;Luz do Dia;;;Meio de Quadra;;;1;2;0;1;0;0;0;0;0;1;0;0;-38,590657;-3,769828
287159;1;5;2016;21:34;0;RUA DR CATUNDA GONDIM;;;;;Choque c/ Obstáculo Fixo;;;;Meio de Quadra;;;0;0;1;0;0;0;0;0;0;0;0;0;;
287162;1;5;2016;21:39;21590;RUA RAIMUNDO NERY;RUA COM GARCIA;;;;Colisão;;;;Cruz;Pare;Residencial;0;0;1;0;0;0;0;0;0;0;0;0;-38,585684;-3,795908
287156;1;5;2016;20:11;0;AV MOZART PINHEIRO DE LUCENA;;;2951;;Colisão;;;;Meio de Quadra;;;0;0;1;0;0;0;0;0;0;0;0;0;-38,598997;-3,729909
287157;1;5;2016;20:50;10416;RUA PERILIO TEIXEIRA;RUA LUIZ MARIANO;;;;Colisão;;;;;;;0;0;1;0;0;0;0;0;0;0;0;0;-38,602264;-3,761521
287145;1;5;2016;19:43;0;AV JOAO PESSOA;;;;;Colisão;;;;Meio de Quadra;;;0;0;1;0;0;0;0;0;0;0;0;0;;
287124;1;5;2016;19:25;0;AV DR THEBERGE;;;;;Atropelamento;;;;Meio de Quadra;;;0;1;1;0;0;0;0;0;0;0;0;0;;
287120;1;5;2016;19:05;0;RUA GERALDO BARBOSA;;;;;Choque c/ Obstáculo Fixo;;;;Meio de Quadra;;;0;0;1;0;0;0;0;0;0;0;0;0;;
287050;1;5;2016;17:43;0;RUA COMERCIO D57;;;261;;Choque c/ Obstáculo Fixo;Anoitecer;;;Meio de Quadra;;;0;0;1;0;0;0;0;0;0;0;0;0;-38,472112;-3,771861
286937;1;5;2016;11:40;9168;AV BORGES DE MELO;AV LUCIANO CARNEIRO;;;;Colisão;Luz do Dia;;;Cruz;Semáforo;Residencial;0;0;1;0;0;0;0;0;0;0;0;0;-38,534097;-3,756465
286992;1;5;2016;14:58;5122;AV IMPERADOR;RUA SAO PAULO;;;;Colisão;Luz do Dia;;;Cruz;Semáforo;Comercial;0;0;1;0;0;0;0;0;0;0;0;0;-38,533522;-3,724049
286980;1;5;2016;13:54;21267;RUA NOSSA SRA DAS GRACAS;RUA STA ROSA D20/21 (JACARECANGA);;;;Colisão;Luz do Dia;;;Cruz;Não Há Controle;Residencial;0;0;1;0;0;0;0;0;0;0;0;0;-38,552963;-3,710282
286970;1;5;2016;13:48;1261;AV SANTOS DUMONT;AV RUI BARBOSA;;;;Colisão;Luz do Dia;;;Cruz;Semáforo;Comercial;0;0;1;0;0;0;0;0;0;0;0;0;-38,508432;-3,732956
286901;1;5;2016;10:37;1234;RUA ANTONIO AUGUSTO;AV SANTOS DUMONT;;;;Colisão;Luz do Dia;;;Cruz;Pare;Comercial;0;0;1;0;0;0;0;0;0;0;0;0;-38,513733;-3,731222
286892;1;5;2016;08:54;26236;AV DR SILAS MUNGUBA;RUA BERNARDO MANUEL;;;;Colisão;Luz do Dia;;;Cruz;Semáforo;Comercial;0;0;1;0;0;0;0;0;0;0;0;0;-38,54796;-3,787538
286894;1;5;2016;10:36;3820;AV 13 DE MAIO;AV CARAPINIMA;;;;Colisão;Luz do Dia;;;Cruz;Semáforo;Comercial;0;0;1;0;0;0;0;0;0;0;0;0;-38,540239;-3,740001
288462;1;5;2016;22:00;0;AV DES MOREIRA;;;90;;Choque c/ Obstáculo Fixo;;;;Meio de Quadra;;;0;1;0;1;0;0;0;0;0;0;0;0;-38,4954;-3,727101
281185;1;5;2016;07:27;0;AV FRE CIRILO;;;;;Colisão;Luz do Dia;;;Meio de Quadra;;;0;0;2;1;0;0;0;0;0;0;0;0;;
285093;1;5;2016;12:30;0;RD CE-040;;;;KM-07;Atropelamento;Luz do Dia;Bom;Seca;Meio de Quadra;;;0;1;1;1;0;0;0;0;0;0;0;0;-38,478733;-3,809597
285951;1;5;2016;06:42;0;AV PERIMETRAL;;;482;;Colisão;Luz do Dia;;;Meio de Quadra;;;0;1;0;0;0;0;0;0;0;0;0;0;;
285947;1;5;2016;04:31;0;AV DR THEBERGE;;;2312;;Colisão;;;;Meio de Quadra;;;0;1;0;1;0;0;0;0;0;1;0;0;-38,567274;-3,721801
285937;1;5;2016;03:46;0;AV PRS CASTELO BRANCO;;;3048;;Colisão;;;;Meio de Quadra;;;0;1;0;0;0;0;0;0;0;0;0;0;-38,556562;-3,711726
285942;1;5;2016;04:19;0;AV PRS COSTA E SILVA;;;;;Colisão;;;;Meio de Quadra;;;0;1;0;0;0;0;0;0;0;0;0;0;;
285945;1;5;2016;04:26;0;RUA SAO VICENTE D48;;;95;;Queda;;;;Meio de Quadra;;;0;1;0;0;0;1;0;0;0;0;0;0;;
285934;1;5;2016;03:32;0;RUA TEODOMIRO DE CASTRO;;;6412;;Colisão;;;;Meio de Quadra;;;0;1;0;1;0;0;0;0;0;1;0;0;-38,577724;-3,716504
285913;1;5;2016;02:20;0;RUA CON DE CASTRO;;;611;;Colisão;;;;Meio de Quadra;;;0;1;0;0;0;0;0;0;0;0;0;0;-38,567926;-3,778972