COD_ACIDENTE;DIA;MES;ANO;HORA;INTERSECAO;LOG1;LOG2;LOG3;NUMERO;REFERENCIA;NATUREZA;ILUMINACAO;TEMPO;SUPERFICIEPISTA;TIPOCRUZAMENTO;CONTROLETRAFEGO;USOSOLO;MORTOS;FERIDOS;ILESOS;AUTOMOVEL;ONIBUS;BICICLETA;CAMINHAO;MICROONIBUS;CICLOMOTOR;MOTOCICLETA;TRACAOANIMAL;TREM;LONG;LAT
285922;1;5;2016;02:36;0;AV E CJ CEARA;;;423;;Colisão;;;;Meio de Quadra;;;0;1;0;0;0;0;0;0;0;0;0;0;-38,607543;-3,758707
285924;1;5;2016;02:57;3820;AV 13 DE MAIO;AV CARAPINIMA;;;;Colisão;;;;Cruz;Semáforo;Comercial;0;1;0;1;0;0;0;0;0;1;0;0;-38,540239;-3,740001
285925;1;5;2016;03:20;0;AV CEL CARVALHO;;;230;;Colisão;;;;Meio de Quadra;;;0;1;0;0;0;0;0;0;0;0;0;0;-38,591185;-3,70488
285909;1;5;2016;01:11;0;RUA PORTO VELHO;;;1402;;Colisão;;;;Meio de Quadra;;;0;1;0;1;0;0;0;0;0;1;0;0;-38,591416;-3,763607
285095;2;5;2016;08:37;0;RD CE-040;;;;KM-01;Colisão;Luz do Dia;Bom;Seca;Meio de Quadra;;;0;0;2;0;0;0;0;0;0;0;0;0;-38,48666;-3,758119
285186;2;5;2016;14:45;0;RD CE-040;;;;KM-01;Colisão;Luz do Dia;Bom;Seca;Meio de Quadra;;;0;0;3;1;0;0;0;0;0;0;0;0;-38,48666;-3,758119
290728;2;5;2016;13:50;5121;RUA GUILHERME ROCHA;RUA PDE MORORO;;;;Colisão Lateral;Luz do Dia;Bom;Seca;Cruz;Semáforo;Comercial;0;0;3;0;1;0;0;0;0;1;0;0;-38,537045;-3,724033
281196;2;5;2016;09:46;10051;RUA VITAL BRASIL;RUA TAUBATE;;;;Colisão;Luz do Dia;Bom;Seca;Cruz;Pare;Comercial;0;0;2;1;0;0;0;0;0;0;0;0;-38,597995;-3,778012
281206;2;5;2016;12:26;0;AV ROGACIANO LEITE;;;;;Colisão;Luz do Dia;;;Meio de Quadra;;;0;0;2;0;0;0;0;0;0;0;0;0;;
281198;2;5;2016;11:40;7818;RUA TIBURCIO CAVALCANTE;RUA FRANCISCO HOLANDA;;;;Colisão;Luz do Dia;;;Cruz;Pare;Residencial;0;0;3;1;0;0;0;0;0;0;0;0;-38,506474;-3,74809
281199;2;5;2016;11:50;22854;RUA GOV JOAO CARLOS;RUA ANTONIO SIMOES;;;;Colisão;Luz do Dia;;;Cruz;Pare;Residencial;0;0;2;1;0;0;0;0;0;1;0;0;-38,551921;-3,778973
281213;2;5;2016;17:45;19366;RUA GERMANO FRANCK;AV DR SILAS MUNGUBA;;;;Colisão;Anoitecer;;;Cruz;Semáforo;Comercial;0;0;2;1;0;0;0;0;0;0;0;0;-38,562004;-3,777251
281214;2;5;2016;17:56;0;RUA TAQUATIARA;;;;;Colisão;Anoitecer;Bom;Seca;Meio de Quadra;Outros;Comercial;0;0;2;1;1;0;0;0;0;0;0;0;;
281208;2;5;2016;14:44;0;RUA CEL OLEGARIO MEMORIA;;;;;Colisão;Luz do Dia;;;Meio de Quadra;;;0;0;2;1;1;0;0;0;0;0;0;0;;
288474;2;5;2016;19:25;24452;AV LAURO VIEIRA CHAVES;AV LUCIANO CARNEIRO;;;;Colisão Lateral;;;;T;Pare;Comercial;0;1;1;1;0;0;1;0;0;0;0;0;-38,538894;-3,772172
287177;2;5;2016;00:44;0;RUA DR CATUNDA GONDIM;;;;;Colisão;;;;Meio de Quadra;;;0;0;1;0;0;0;0;0;0;0;0;0;;
287194;2;5;2016;07:20;3769;RUA SEN POMPEU;AV DOMINGOS OLIMPIO;;;;Colisão;Luz do Dia;;;Cruz;Semáforo;Comercial;0;0;1;0;0;0;0;0;0;0;0;0;-38,532455;-3,736254
287198;2;5;2016;07:28;0;RUA ANDRADE FURTADO;;;333;;Colisão;Luz do Dia;;;Meio de Quadra;;;0;0;1;0;0;0;0;0;0;0;0;0;-38,485228;-3,744002
287192;2;5;2016;07:07;0;AV CASTELO DE CASTRO;;;835;;Colisão;Luz do Dia;;;Meio de Quadra;;;0;0;1;0;0;0;0;0;0;0;0;0;;
287467;2;5;2016;08:59;0;RUA ANTONIO FIUZA;;;240;;Colisão;Luz do Dia;;;Meio de Quadra;;;0;0;1;0;0;0;0;0;0;0;0;0;-38,552324;-3,770493
287458;2;5;2016;08:21;0;AV FELINO BARROSO;;;1155;;Colisão;Luz do Dia;;;Meio de Quadra;;;0;0;1;0;0;0;0;0;0;0;0;0;;
287496;2;5;2016;10:10;7781;AV DES MOREIRA;AV ANTONIO SALES;;;;Colisão;Luz do Dia;;;Cruz;Semáforo;Comercial;0;0;1;0;0;0;0;0;0;0;0;0;-38,50141;-3,745744
287367;2;5;2016;08:16;10963;RUA 15 DE NOVEMBRO;RUA ANTONIO FIUZA;;;;Colisão;Luz do Dia;;;Cruz;Semáforo;Residencial;0;0;1;0;0;0;0;0;0;0;0;0;-38,552228;-3,770252
287758;2;5;2016;19:05;0;AV AGUANAMBI;;;;;Colisão;;;;Meio de Quadra;;;0;0;1;0;0;0;0;0;0;0;0;0;;
287780;2;5;2016;22:25;0;RUA PDE RODOLFO;;;;;Colisão;;;;Meio de Quadra;;;0;0;1;0;0;0;0;0;0;0;0;0;;
287775;2;5;2016;20:53;0;RUA SILVINO;;;276;;Outros;;;;Meio de Quadra;;;0;0;1;0;0;0;0;0;0;0;0;0;-38,594512;-3,810864
287756;2;5;2016;17:51;13304;AV I CJ JOSE WALTER;AV G CJ JOSE WALTER;;;;Outros;Anoitecer;;;T;Pare;Residencial;0;0;1;0;0;0;0;0;0;0;0;0;-38,554956;-3,839061
287763;2;5;2016;19:35;0;RUA ANSELMO NOGUEIRA;;;10;;Colisão;;;;Meio de Quadra;;;0;0;1;0;0;0;0;0;0;0;0;0;-38,586451;-3,778487
287768;2;5;2016;20:01;0;RUA DEMETRIO MENEZES;;;;;Atropelamento;;;;Meio de Quadra;;;0;1;1;0;0;0;0;0;0;0;0;0;;
287682;2;5;2016;16:13;3219;RUA ANSELMO NOGUEIRA;RUA EMILIO DE MENESES;;;;Colisão;Luz do Dia;;;Cruz;Semáforo;Residencial;0;0;1;0;0;0;0;0;0;0;0;0;-38,587374;-3,78176
287692;2;5;2016;16:40;65;RUA MARTINS NETO;RUA HUGO VITOR;;;;Colisão;Luz do Dia;;;Cruz;Pare;Comercial;0;0;1;0;0;0;0;0;0;0;0;0;-38,591458;-3,740726
287672;2;5;2016;15:31;0;AV CEL CARVALHO;;;781;;Colisão;Luz do Dia;;;Meio de Quadra;;;0;0;1;0;0;0;0;0;0;0;0;0;;
287616;2;5;2016;14:28;1424;AV HERACLITO GRACA;RUA CARLOS VASCONCELOS;;;;Colisão;Luz do Dia;;;Cruz;Semáforo;Comercial;0;0;1;0;0;0;0;0;0;0;0;0;-38,512285;-3,73759
287603;2;5;2016;13:22;10766;AV SEN FERNANDES TAVORA;RUA NOEL ROSA;;;;;Luz do Dia;;;T;Não Há Controle;Comercial;0;0;1;0;0;0;0;0;0;0;0;0;-38,582924;-3,761784
287601;2;5;2016;13:14;9216;RUA MARIO MAMEDE;RUA NAPOLEAO LAUREANO;;;;Colisão;Luz do Dia;;;Cruz;Pare;Residencial;0;0;1;0;0;0;0;0;0;0;0;0;-38,529662;-3,750799
287573;2;5;2016;11:53;21599;RUA RAIMUNDO NERY;RUA DOM XISTO ALBANO;;;;Colisão;Luz do Dia;;;;Outros;Residencial;0;0;1;0;0;0;0;0;0;0;0;0;-38,585309;-3,796768
287569;2;5;2016;11:52;14421;AV SGT HERMINIO SAMPAIO;RUA PDE ANCHIETA;;;;Colisão;Luz do Dia;;;Cruz;Gesto;Residencial;0;0;1;0;0;0;0;0;0;0;0;0;-38,551079;-3,724693
281229;2;5;2016;18:24;26264;RUA BATURITE;AV PRS CASTELO BRANCO;;;;Colisão;Anoitecer;;;;;;0;0;4;1;1;0;0;0;0;0;0;0;-38,522916;-3,722825
281232;2;5;2016;19:45;0;AV 13 DE MAIO;;;465;;Colisão Lateral;Via Iluminada;Bom;Seca;Meio de Quadra;Semáforo;Comercial;0;0;3;1;1;0;0;0;0;0;0;0;-38,525563;-3,752537
282883;2;5;2016;12:00;0;RUA NEREU RAMOS;;;;;Colisão Traseira;Luz do Dia;Bom;Seca;Meio de Quadra;Pare;Residencial;0;0;3;1;0;0;0;0;0;0;0;0;;
282884;2;5;2016;01:30;0;AV DR SILAS MUNGUBA;;;;;Choque c/ Obstáculo Fixo;Via Iluminada;Bom;Seca;Meio de Quadra;Semáforo;Comercial;0;1;0;0;0;0;0;0;0;1;0;0;;
282886;2;5;2016;19:00;0;AV SANTOS DUMONT;;;5140;;Colisão Lateral;Via Iluminada;Bom;Seca;Meio de Quadra;Não Há Controle;Comercial;0;0;2;1;1;0;0;0;0;0;0;0;-38,485442;-3,740409
282896;2;5;2016;20:30;1282;AV SANTOS DUMONT;AV BAR STUDART;;;;;Via Iluminada;Bom;Seca;Cruz;Semáforo;Comercial;0;0;2;1;0;0;0;0;0;0;0;0;-38,506304;-3,733642
282903;2;5;2016;19:00;1603;RUA PRO DIAS DA ROCHA;RUA VICENTE LINHARES;;;;Colisão Transversal;Anoitecer;Bom;Seca;Cruz;Pare;Residencial;0;1;1;1;0;0;0;0;0;0;0;0;-38,494402;-3,744049
282911;2;5;2016;07:00;9312;RUA ADOLFO B DE MENEZES;RUA GAL MARIO HERMES;;;;Colisão Transversal;Luz do Dia;Bom;Seca;Cruz;Outros;Residencial;0;1;1;0;0;0;0;0;0;1;0;0;-38,576574;-3,714366
282864;2;5;2016;14:00;0;AV FRANCISCO SA;;;2743;;Colisão Lateral;Luz do Dia;Bom;Seca;Meio de Quadra;Semáforo;Comercial;0;0;2;1;0;0;1;0;0;0;0;0;-38,549965;-3,71985
282840;2;5;2016;16:30;12844;AV FELINO BARROSO;RUA JAIME BENEVOLO;;;;Colisão Traseira;Luz do Dia;Bom;Seca;T;Pare;Residencial;0;0;2;1;0;0;1;0;0;0;0;0;-38,528763;-3,742348
282805;2;5;2016;16:00;22672;AV COS GOMES DE FREITAS (SAPIRANGA/COITE);RUA ELISEU ORIA;;;;Colisão Transversal;Luz do Dia;Bom;Seca;Cruz;Pare;Residencial;0;0;2;1;0;0;0;0;0;1;0;0;-38,477418;-3,795487
282812;2;5;2016;13:15;0;AV GAL OSORIO DE PAIVA;;;;;Colisão Lateral;Luz do Dia;Bom;Seca;Meio de Quadra;Semáforo;Comercial;0;0;2;1;0;0;0;0;0;0;0;0;;
282820;2;5;2016;10:40;0;AV GAL OSORIO DE PAIVA;;;7560;;Colisão Lateral;Luz do Dia;Bom;Seca;Meio de Quadra;Semáforo;Residencial;0;0;2;0;0;0;1;0;0;0;0;0;-38,615154;-3,81823
282719;2;5;2016;07:10;7913;AV ANTONIO SALES;RUA VIS MAUA;;;;Colisão Transversal;Luz do Dia;Bom;Seca;Cruz;Pare;Comercial;0;0;2;1;1;0;0;0;0;0;0;0;-38,50242;-3,745429
282713;2;5;2016;08:40;15280;RUA TEN BENEVOLO;RUA DR JOSE LOURENCO;;;;Colisão Transversal;Luz do Dia;Nublado;Molhada;Cruz;Pare;Comercial;0;0;2;1;0;0;0;0;0;0;0;0;-38,50601;-3,729029
282725;2;5;2016;06:00;22990;AV DR SILAS MUNGUBA;RUA AMERICO VESPUCIO;;;;Colisão Traseira;Luz do Dia;Bom;Seca;T;Pare;Comercial;0;2;0;1;0;0;0;0;0;0;0;0;;
282686;2;5;2016;09:20;5323;RUA PEDRO PEREIRA;RUA ASSUNCAO;;;;Colisão Lateral;Luz do Dia;Bom;Seca;Cruz;Pare;Comercial;0;2;1;1;0;0;0;0;0;1;0;0;-38,527197;-3,730116
282678;2;5;2016;08:00;0;AV TRISTAO GONCALVES;;;1245;;Colisão Lateral;Luz do Dia;Bom;Seca;Meio de Quadra;Não Há Controle;Comercial;0;1;1;1;0;0;0;0;1;0;0;0;-38,5348;-3,732406
282673;2;5;2016;08:30;22288;RUA JOSE CANDIDO D08;RUA LERIA DE ANDRADE;;;;Colisão Lateral;;Bom;;Cruz;;Residencial;0;2;0;1;0;0;0;0;0;1;0;0;;
282668;2;5;2016;08:20;243;RUA COS ALVARO DE OLIVEIRA;AV JOVITA FEITOSA;;;;Colisão Transversal;Luz do Dia;Nublado;Seca;T;Pare;Comercial;0;0;2;1;0;0;0;0;0;0;0;0;-38,555411;-3,739649
282669;2;5;2016;09:36;0;RUA ILDEFONSO ALBANO;;;200;;Colisão Traseira;Luz do Dia;Nublado;Molhada;Outros;Outros;Residencial;0;0;2;1;0;0;0;0;0;1;0;0;-38,509939;-3,722886
282742;2;5;2016;10:30;26223;RUA ALBERTO FEITOSA LIMA;AV CHANC EDSON QUEIROZ;;;;Colisão Lateral;Luz do Dia;Bom;;Cruz;Não Há Controle;Residencial;0;0;2;1;0;0;0;0;0;1;0;0;;
282766;2;5;2016;19:00;0;RUA DR JOSE LOURENCO;;;972;;Colisão Traseira;Via Iluminada;Bom;Seca;Meio de Quadra;Não Há Controle;Comercial;0;0;2;1;0;0;0;0;0;0;0;0;-38,507325;-3,733127
282774;2;5;2016;01:50;6059;RUA MIN ALBUQUERQUE LIMA;AV C CJ CEARA;;;;Colisão Transversal;Via Iluminada;Bom;Seca;Com Via Férrea;Pare;Comercial;0;2;0;1;0;0;0;0;0;1;0;0;;
282779;2;5;2016;21:00;25328;RUA PORTO VELHO;RUA TUPI D35;;;;Colisão Transversal;Via Iluminada;Bom;Seca;Cruz;Não Há Controle;Residencial;0;1;1;1;0;0;0;0;0;1;0;0;-38,583018;-3,768111
282782;2;5;2016;12:42;0;RUA MAJ WEYNE;;;1242;;Colisão Transversal;Luz do Dia;Bom;Seca;Meio de Quadra;Não Há Controle;Residencial;0;1;1;1;0;0;0;0;0;0;0;0;;
282787;2;5;2016;16:30;5371;RUA VINTE E QUATRO DE MAIO;RUA GAL CLARINDO DE QUEIROZ;;;;Colisão Lateral;Luz do Dia;Bom;Seca;Cruz;Pare;Comercial;0;0;2;1;0;0;0;0;0;0;0;0;-38,533532;-3,731621
282799;2;5;2016;16:10;0;AV ANTONIO JUSTA;;;3971;;Colisão Lateral;Luz do Dia;Bom;Seca;Meio de Quadra;Não Há Controle;Residencial;0;0;2;1;0;0;1;0;0;0;0;0;-38,485556;-3,730665
282633;2;5;2016;16:15;1490;RUA CEL JUCA;RUA DES LEITE ALBUQUERQUE;;;;Colisão Transversal;Luz do Dia;Bom;Seca;Cruz;Pare;Outros;0;0;2;1;0;0;0;0;0;0;0;0;-38,491875;-3,739434
282626;2;5;2016;11:30;9200;RUA JAIME BENEVOLO;RUA DEP JOAO PONTES;;;;Colisão Transversal;Luz do Dia;Bom;Seca;Cruz;Pare;Residencial;0;0;2;1;0;0;0;0;0;0;0;0;-38,530076;-3,74614
282627;2;5;2016;08:00;5708;AV OLIVEIRA PAIVA;RUA MELO CESAR;;;;Colisão Traseira;Luz do Dia;Bom;Seca;T;Não Há Controle;Comercial;0;1;2;0;0;0;1;0;0;1;0;0;-38,502593;-3,79837
282617;2;5;2016;21:30;0;AV PRS COSTA E SILVA;;;;;Colisão Transversal;Via Iluminada;Bom;Seca;Meio de Quadra;Dê Preferência;Comercial;0;0;2;1;0;0;0;1;0;0;0;0;;
286400;2;5;2016;01:34;0;RUA GAL RABELO;;;266;;Colisão;;;;Meio de Quadra;;;0;1;0;1;0;0;0;0;0;1;0;0;-38,605471;-3,805599
286396;2;5;2016;00:52;0;AV DR SILAS MUNGUBA;;;;;Colisão;;;;Meio de Quadra;;;0;3;0;0;0;0;0;0;0;0;0;0;;
286394;2;5;2016;00:48;0;RUA VIRGILIO BRIGIDO;;;622;;Atropelamento;;;;Meio de Quadra;;;0;1;0;1;0;0;0;0;0;0;0;0;-38,568651;-3,722428
286391;2;5;2016;00:19;0;RUA VERBENA;;;300;;Choque c/ Obstáculo Fixo;;;;Meio de Quadra;;;1;0;0;0;0;0;0;0;0;1;0;0;-38,588011;-3,778434
286392;2;5;2016;00:45;0;AV DR SILAS MUNGUBA;;;5700;;Colisão;;;;Meio de Quadra;;;0;2;0;0;0;0;0;0;0;0;0;0;-38,528485;-3,803141
286442;2;5;2016;02:04;0;AV CASTELO DE CASTRO;;;1012;;Colisão;;;;Meio de Quadra;;;0;3;0;0;0;0;0;0;0;0;0;0;;
286448;2;5;2016;02:11;0;RUA EMILIO DE MENESES;;;1827;;Colisão;;;;Meio de Quadra;;;0;2;0;0;0;0;0;0;0;1;0;0;-38,597503;-3,778905
286423;2;5;2016;01:56;0;RUA RIO GRANDE DO SUL;;;1930;;Colisão;;;;Meio de Quadra;;;0;1;0;0;0;0;0;0;0;1;0;0;-38,571361;-3,764917
286413;2;5;2016;01:36;24913;AV MOZART PINHEIRO DE LUCENA;AV DA INDEPENDENCIA;;;;Colisão;;;;Cruz;Semáforo Intermitente;Misto;0;1;0;0;0;0;0;0;0;1;0;0;-38,597615;-3,724957
286415;2;5;2016;01:48;0;AV DIOGUINHO;;;;;Colisão;;;;Meio de Quadra;;;0;1;0;0;0;0;0;0;0;0;0;0;;
286416;2;5;2016;01:49;8125;RUA BENTO ALBUQUERQUE;RUA MANUEL DE QUEIROZ;;;;Colisão;;;;Cruz;Pare;Residencial;0;1;0;1;0;0;0;0;0;1;0;0;-38,467393;-3,748837
286417;2;5;2016;01:51;3249;RUA PRIMEIRO DE MAIO D34;RUA ARACA;;;;Colisão;;;;;;;0;1;0;1;0;0;0;0;0;1;0;0;-38,584428;-3,784048
286540;2;5;2016;10:37;5259;RUA SENA MADUREIRA;RUA POCINHO;;;;Colisão;Luz do Dia;;;Duplo T;Semáforo;Comercial;0;1;0;0;0;0;0;0;0;0;0;0;-38,525841;-3,728162
286541;2;5;2016;11:05;0;AV ALBERTO CRAVEIRO;;;;;Colisão;Luz do Dia;;;Meio de Quadra;;;0;1;0;1;0;0;0;0;0;1;0;0;;
286543;2;5;2016;12:02;0;AV ALBERTO CRAVEIRO;;;;;Queda;Luz do Dia;;;Meio de Quadra;;;0;1;0;0;0;0;0;0;0;1;0;0;;
286544;2;5;2016;15:37;0;RUA CARLOS AMORA;;;;;Atropelamento;Luz do Dia;;;Meio de Quadra;;;0;1;0;0;0;0;0;0;0;1;0;0;;
286538;2;5;2016;09:29;0;RUA LUIS GIRAO;;;575;;Colisão;Luz do Dia;;;Meio de Quadra;;;0;1;0;0;0;0;0;0;0;1;0;0;-38,482879;-3,800777
286561;2;5;2016;17:38;0;AV WASHINGTON SOARES;;;;;Colisão;Anoitecer;;;Meio de Quadra;;;0;1;0;0;0;0;0;0;0;0;0;0;;
286549;2;5;2016;16:23;0;RUA URUCUTUBA;;;1380;;Atropelamento;Luz do Dia;;;Meio de Quadra;;;0;1;0;0;0;0;0;0;0;1;0;0;-38,606867;-3,797375
286546;2;5;2016;15:38;23509;RUA ANA GONCALVES;RUA JOSE JUSTA;;;;Colisão;Luz do Dia;;;Cruz;Pare;Misto;0;1;0;1;0;0;0;0;0;1;0;0;-38,508492;-3,759173
286567;2;5;2016;17:49;0;RUA VICENTE LINHARES;;;1190;;Colisão;Anoitecer;;;Meio de Quadra;;;0;1;0;1;0;0;0;0;0;0;0;0;-38,494322;-3,744071
286553;2;5;2016;17:00;0;AV SEN CARLOS JEREISSATI (AEROPORTO);;;;;Atropelamento;Anoitecer;;;Meio de Quadra;;;0;1;0;0;0;0;0;0;0;1;0;0;;
286601;2;5;2016;21:22;0;RUA TOMAS GONZAGA;;;771;;Atropelamento;;;;Meio de Quadra;;;0;1;0;1;0;0;0;0;0;0;0;0;-38,569169;-3,713289
286602;2;5;2016;21:27;0;AV PERIMETRAL;;;;;Capotamento;;;;Meio de Quadra;;;0;1;0;1;0;0;0;0;0;0;0;0;;
286588;2;5;2016;18:11;0;RUA CEL FERRAZ;;;;;Atropelamento;Anoitecer;;;Meio de Quadra;;;0;1;0;1;0;0;0;0;0;0;0;0;;
286521;2;5;2016;06:17;374;RUA ERICO MOTA;RUA RUBI;;;;Queda;Luz do Dia;;;;;;0;1;0;0;0;0;0;0;0;1;0;0;-38,560224;-3,749432
286522;2;5;2016;06:22;15227;AV ABOLICAO;AV DES MOREIRA;;;;Colisão Lateral;Luz do Dia;Bom;Seca;Cruz;Semáforo;Comercial;0;1;3;1;0;0;0;0;0;0;0;0;-38,495474;-3,727331
286523;2;5;2016;06:41;0;AV AGUANAMBI;;;;;Colisão;Luz do Dia;;;Meio de Quadra;;;0;2;0;1;0;0;0;0;0;1;0;0;;
286533;2;5;2016;08:45;0;AV CEL CARVALHO;;;1260;;Queda;Luz do Dia;;;Meio de Quadra;;;0;1;0;0;0;0;0;0;0;1;0;0;-38,588929;-3,713441
286534;2;5;2016;08:56;0;AV ROGACIANO LEITE;;;2250;;Colisão Traseira;Luz do Dia;Bom;Seca;Meio de Quadra;Semáforo;Comercial;0;0;2;1;0;0;0;0;0;0;0;0;-38,499923;-3,775033
286530;2;5;2016;08:23;0;AV RAD JOSE LIMA VERDE;;;51;;Queda;Luz do Dia;;;Meio de Quadra;;;0;1;0;0;0;0;0;0;0;1;0;0;;
286531;2;5;2016;08:40;0;RUA JOSE LUCAS;;;531;;Queda;Luz do Dia;;;Meio de Quadra;;;0;1;0;0;0;0;0;0;0;1;0;0;;
286525;2;5;2016;06:43;0;RUA CARLOS VASCONCELOS;;;1500;;Colisão;Luz do Dia;;;Meio de Quadra;;;0;1;0;1;0;0;0;0;0;1;0;0;-38,511502;-3,73517
286526;2;5;2016;07:07;0;AV F CJ CEARA;;;325;;Colisão;Luz do Dia;;;Meio de Quadra;;;0;1;0;1;0;0;0;0;0;1;0;0;-38,606836;-3,76381
286527;2;5;2016;08:15;0;RUA BAR AQUIRAZ;;;960;;Colisão;Luz do Dia;;;Meio de Quadra;;;0;1;0;1;0;0;0;0;0;1;0;0;-38,48835;-3,836933
286492;2;5;2016;04:47;2652;RUA AMOR PERFEITO;RUA RAIMUNDO FROTA;;;;Colisão;;;;Cruz;Não Há Controle;Residencial;0;2;0;1;0;0;0;0;0;1;0;0;-38,582332;-3,715156
286499;2;5;2016;05:08;5394;AV TRISTAO GONCALVES;RUA METON DE ALENCAR;;;;Colisão;Amanhecer;;;Cruz;Não Há Controle;Comercial;0;1;0;1;0;0;0;0;0;1;0;0;-38,534777;-3,732327
286487;2;5;2016;03:38;0;RUA GRITO DE ALERTA;;;;;Queda;;;;Meio de Quadra;;;0;1;0;0;0;0;0;0;0;1;0;0;;
286472;2;5;2016;03:03;0;RUA ZACARIAS GONDIM;;;1015;;Atropelamento;;;;Meio de Quadra;;;0;1;0;0;0;0;0;0;0;1;0;0;-38,559727;-3,771725
286477;2;5;2016;03:33;0;RUA JOSE CANDIDO D08;;;507;;Colisão;;;;Meio de Quadra;;;0;1;0;1;0;0;0;0;0;1;0;0;-38,551027;-3,72927
286466;2;5;2016;02:48;0;AV COSTA OESTE;;;1103;;Queda;;;;Meio de Quadra;;;0;1;0;0;0;0;0;0;0;1;0;0;;
286459;2;5;2016;02:42;0;AV DR SILAS MUNGUBA;;;267;;Colisão;;;;Meio de Quadra;;;0;1;0;0;0;0;0;0;0;0;0;0;-38,561781;-3,777597
286608;3;5;2016;01:15;0;AV ANTONIO SALES;;;523;;Colisão;;;;Meio de Quadra;;;0;1;0;1;0;0;0;0;0;1;0;0;-38,516926;-3,740937
286612;3;5;2016;01:17;0;RUA BERNARDO MANUEL;;;10000;;Colisão;;;;Meio de Quadra;;;0;1;0;0;0;0;0;0;0;0;0;0;-38,553769;-3,806539
286615;3;5;2016;01:24;0;AV OLIVEIRA PAIVA;;;;;Colisão;;;;Meio de Quadra;;;0;1;0;1;0;0;0;0;0;1;0;0;;
286628;3;5;2016;02:29;0;AV PRS COSTA E SILVA;;;;;Queda;;;;Meio de Quadra;;;0;2;0;0;0;0;0;0;0;1;0;0;;
286629;3;5;2016;08:31;0;AV AUGUSTO DOS ANJOS;;;2100;;Colisão;Luz do Dia;;;Meio de Quadra;;;0;1;0;0;0;0;0;0;0;0;0;0;-38,58286;-3,784427
286731;3;5;2016;00:17;1381;AV HERACLITO GRACA;RUA ILDEFONSO ALBANO;;;;Queda;;;;Duplo T;Semáforo;Comercial;0;1;0;0;0;0;0;0;0;1;0;0;;
286728;3;5;2016;19:51;0;RUA CEL OLEGARIO MEMORIA;;;2955;;Queda;;;;Meio de Quadra;;;0;1;0;0;0;1;0;0;0;0;0;0;-38,47126;-3,791175
286725;3;5;2016;18:37;7141;AV PRS CASTELO BRANCO;RUA FRANCISCO CALACA;;;;Colisão;;;;Cruz;Pare;Residencial;0;1;0;1;0;0;0;0;0;1;0;0;-38,570498;-3,707642
286720;3;5;2016;17:39;25227;AV A CJ CEARA;AV I CJ CEARA;;;;Colisão;Anoitecer;;;;;;0;1;0;1;0;0;0;0;0;1;0;0;-38,601152;-3,766922
286716;3;5;2016;17:12;3433;RUA ESPIRITO SANTO;RUA ARGENTINA;;;;Colisão;Anoitecer;;;;;;0;2;0;0;0;0;0;0;0;0;0;0;;
286712;3;5;2016;17:09;3433;RUA ESPIRITO SANTO;RUA ARGENTINA;;;;Queda;Anoitecer;;;;;;0;1;0;0;0;0;0;0;0;1;0;0;;
286696;3;5;2016;14:55;0;RUA ROSA MISTICA;;;100;;Queda;Luz do Dia;;;Meio de Quadra;;;0;1;0;0;0;0;0;0;0;1;0;0;;
286689;3;5;2016;12:51;1927;AV ISABEL BEZERRA;RUA MARIA QUINTINO;;;;Colisão;Luz do Dia;;;Cruz;Pare;Residencial;0;1;0;1;0;0;0;0;0;1;0;0;-38,50073;-3,855018
286692;3;5;2016;14:40;0;AV JOSE BASTOS;;;5572;;Atropelamento;Luz do Dia;;;Meio de Quadra;;;0;1;0;0;0;0;0;0;0;1;0;0;-38,564431;-3,760494
286669;3;5;2016;11:32;0;AV SEN FERNANDES TAVORA;;;960;;Colisão;Luz do Dia;;;Meio de Quadra;;;0;1;0;1;0;0;0;0;0;1;0;0;-38,581571;-3,762501
286674;3;5;2016;11:38;14857;TR REJANE;RUA MARIO FILHO;;;;Colisão Transversal;Luz do Dia;Bom;Seca;Cruz;Pare;Residencial;0;1;3;1;0;0;0;0;0;1;0;0;-38,585721;-3,80671
286654;3;5;2016;10:58;0;RUA TAQUARI;;;2446;;Colisão;Luz do Dia;;;Meio de Quadra;;;0;1;0;1;0;0;0;0;0;1;0;0;-38,603653;-3,775623
286650;3;5;2016;08:09;19366;AV DR SILAS MUNGUBA;RUA GERMANO FRANCK;;;;Colisão;Luz do Dia;;;Cruz;Semáforo;Comercial;0;1;0;0;0;0;0;0;0;1;0;0;-38,562004;-3,777251
286644;3;5;2016;07:16;13935;RUA GAL CAIADO DE CASTRO;RUA VER PEDRO PAULO MOREIRA;;;;Colisão;Luz do Dia;;;Cruz;Pare;Misto;0;1;0;1;0;0;0;0;0;1;0;0;-38,488961;-3,786953
286647;3;5;2016;07:21;0;AV WASHINGTON SOARES;;;;;Colisão;Luz do Dia;;;Meio de Quadra;;;0;1;0;1;0;0;0;0;0;1;0;0;;
286648;3;5;2016;08:04;0;AV JOSE JATAHY;;;1803;;Colisão;Luz do Dia;;;Meio de Quadra;;;0;1;0;0;0;0;0;0;0;0;0;0;;
286641;3;5;2016;05:43;24331;AV LUCIANO CARNEIRO;RUA ARMANDO MONTEIRO;;;;Queda;Amanhecer;;;Cruz;Pare;Comercial;0;1;0;0;0;0;0;0;0;1;0;0;-38,536219;-3,763454
286633;3;5;2016;04:26;6285;AV C CJ CEARA;AV G CJ CEARA;;;;Colisão;;;;T;Não Há Controle;Residencial;0;1;0;1;0;0;0;0;0;1;0;0;;
282630;3;5;2016;08:00;0;AV AGUANAMBI;;;;ROTATÓRIA;Colisão Lateral;Luz do Dia;Bom;Seca;Meio de Quadra;;Comercial;0;0;2;1;0;0;1;0;0;0;0;0;;
282638;3;5;2016;06:30;13394;AV ANTONIO SALES;RUA ANTONIO AUGUSTO;;;;Colisão Transversal;Luz do Dia;Bom;Seca;Cruz;Não Há Controle;Comercial;0;1;1;1;0;0;0;0;0;1;0;0;-38,517005;-3,740913