COD_ACIDENTE;DIA;MES;ANO;HORA;INTERSECAO;LOG1;LOG2;LOG3;NUMERO;REFERENCIA;NATUREZA;ILUMINACAO;TEMPO;SUPERFICIEPISTA;TIPOCRUZAMENTO;CONTROLETRAFEGO;USOSOLO;MORTOS;FERIDOS;ILESOS;AUTOMOVEL;ONIBUS;BICICLETA;CAMINHAO;MICROONIBUS;CICLOMOTOR;MOTOCICLETA;TRACAOANIMAL;TREM;LONG;LAT
282636;3;5;2016;13:00;7957;AV PONTES VIEIRA;AV BAR STUDART;;;;Colisão Lateral;Luz do Dia;Bom;Seca;T;Semáforo;Comercial;0;0;2;1;0;0;0;0;0;0;0;0;-38,512361;-3,75259
282642;3;5;2016;14:30;0;AV AGUANAMBI;;;1386;;Colisão Traseira;Luz do Dia;Bom;Seca;Meio de Quadra;;;0;1;1;1;0;0;0;0;0;1;0;0;-38,523933;-3,748923
282645;3;5;2016;16:30;25138;AV 13 DE MAIO;AV FELINO BARROSO;;;;Colisão Traseira;Luz do Dia;Bom;Seca;T;Não Há Controle;Comercial;0;0;2;1;0;0;0;0;0;0;0;0;;
282647;3;5;2016;18:00;22081;RUA GUSTAVO BRAGA;RUA CAP FRANCISCO PEDRO;;;;Colisão Lateral;Anoitecer;Bom;Seca;Cruz;Pare;Residencial;0;0;2;1;0;0;0;0;0;0;0;0;-38,552452;-3,751155
282653;3;5;2016;12:00;1584;RUA GAL TERTULIANO POTYGUARA;RUA VIS MAUA;;;;Colisão Transversal;Luz do Dia;Bom;Seca;Cruz;Pare;Residencial;0;0;2;1;0;0;0;0;0;0;0;0;-38,501576;-3,742796
282658;3;5;2016;07:20;11582;AV ROGACIANO LEITE;RUA RICARDO A BRAGA;;;;Colisão Traseira;Luz do Dia;Bom;Molhada;Cruz;Dê Preferência;Comercial;0;0;2;1;0;0;0;0;0;1;0;0;-38,503315;-3,786671
282768;3;5;2016;14:00;0;RUA CON DE CASTRO;;;4184;;Colisão Lateral;Luz do Dia;Bom;Seca;Meio de Quadra;Não Há Controle;Residencial;0;0;2;0;0;0;0;0;0;1;0;0;;
282731;3;5;2016;12:50;5364;AV TRISTAO GONCALVES;RUA GAL CLARINDO DE QUEIROZ;;;;Colisão Traseira;Luz do Dia;Bom;Seca;Cruz;Pare;Comercial;0;0;2;1;0;0;0;0;0;0;0;0;-38,534472;-3,731314
282670;3;5;2016;11:30;0;RUA JOAQUIM NABUCO;;;;;Outros;Luz do Dia;Bom;Molhada;Meio de Quadra;Não Há Controle;Comercial;0;0;2;1;0;0;0;0;0;0;0;0;;
282672;3;5;2016;12:05;15339;RUA FRE MANSUETO;RUA ANA BILHAR;;;;Engavetamento;Luz do Dia;Bom;Seca;Cruz;Semáforo;Residencial;0;0;3;1;0;0;0;0;0;0;0;0;-38,488841;-3,731552
282676;3;5;2016;12:00;8036;RUA MATOS VASCONCELOS;RUA DONDON FEITOSA;;;;Colisão Lateral;Luz do Dia;Bom;Seca;T;Pare;Residencial;0;0;2;0;0;0;0;0;0;1;0;0;-38,552645;-3,753589
282665;3;5;2016;07:50;0;RUA FRANCISCO LEANDRO;;;276;;Colisão Lateral;Luz do Dia;Bom;Seca;Meio de Quadra;Não Há Controle;Residencial;0;1;1;1;0;0;0;0;0;1;0;0;-38,481473;-3,82254
282667;3;5;2016;09:15;11768;AV PRS CASTELO BRANCO;AV FILOMENO GOMES;;;;Colisão Traseira;Luz do Dia;Bom;Seca;T;Semáforo;Outros;0;0;2;1;0;0;0;0;0;1;0;0;-38,541982;-3,715542
282679;3;5;2016;07:20;17369;RUA ELVIRA PINHO;RUA JOAO FIRMINO;;;;Colisão Transversal;Luz do Dia;Nublado;Seca;Cruz;Pare;Residencial;0;2;1;0;0;0;0;0;0;1;0;0;-38,556968;-3,766492
282680;3;5;2016;14:00;12844;RUA JAIME BENEVOLO;AV FELINO BARROSO;;;;Colisão Traseira;Luz do Dia;Bom;Seca;Y;Pare;Comercial;0;0;2;1;0;0;0;0;0;0;0;0;-38,528763;-3,742348
282681;3;5;2016;12:00;15302;RUA PEREIRA FILGUEIRAS;RUA MON BRUNO;;;;Colisão Transversal;Luz do Dia;Bom;Seca;Cruz;Pare;Comercial;0;0;2;1;0;0;0;0;0;0;0;0;-38,50858;-3,729763
282687;3;5;2016;06:55;1701;RUA CAP VASCONCELOS D46;RUA CAP ARAGAO;;;;Colisão Transversal;Luz do Dia;Bom;Seca;Cruz;Semáforo;Residencial;0;0;2;1;0;0;0;0;0;0;0;0;-38,517041;-3,765538
282689;3;5;2016;16:35;22099;AV JOSE BASTOS;RUA JOSE FACANHA;;;;Colisão Lateral;Luz do Dia;Bom;Seca;T;Semáforo;Comercial;0;0;2;1;0;0;0;0;0;1;0;0;-38,554822;-3,754359
282727;3;5;2016;09:00;25630;RUA SANTIAGO VASQUES FILHO;RUA ANDRADE FURTADO;;;;Choque c/ Obstáculo Fixo;Luz do Dia;Bom;Seca;T;Pare;Residencial;0;0;1;1;0;0;0;0;0;0;0;0;-38,478147;-3,746228
282714;3;5;2016;09:00;0;AV BORGES DE MELO;;;80;;Colisão Traseira;Luz do Dia;Bom;Seca;Meio de Quadra;Outros;Comercial;0;0;1;1;0;0;0;0;0;0;0;0;;
282717;3;5;2016;21:35;3809;AV CARAPINIMA;RUA PDE FRANCISCO PINTO;;;;Colisão Lateral;Via Iluminada;Bom;Seca;Cruz;Semáforo;Comercial;0;0;2;1;0;0;0;0;0;0;0;0;-38,541958;-3,741723
282722;3;5;2016;18:00;0;RUA PRO FRANCISCO GONCALVES;;;260;;Engavetamento;Anoitecer;Bom;Seca;Meio de Quadra;Não Há Controle;Residencial;0;0;3;0;0;0;0;0;0;0;0;0;-38,498136;-3,747826
282704;3;5;2016;12:00;7401;RUA AUDISIO PINHEIRO;AV SEN FERNANDES TAVORA;;;;Colisão Lateral;Luz do Dia;Bom;Seca;Cruz;Semáforo;Residencial;0;0;2;1;0;0;0;0;0;0;0;0;-38,588886;-3,758593
282697;3;5;2016;16:40;22099;AV JOSE BASTOS;RUA JOSE FACANHA;;;;Colisão Lateral;Luz do Dia;Bom;Seca;T;Pare;Residencial;0;0;2;1;0;0;0;0;0;0;0;0;-38,554822;-3,754359
282712;3;5;2016;17:20;0;RUA VALMIR PONTES;;;;;Colisão Transversal;;Bom;Seca;Meio de Quadra;;Escola;0;1;0;1;0;0;0;0;0;1;0;0;;
282709;3;5;2016;19:55;0;AV BEZERRA DE MENEZES;;;1802;;;Via Iluminada;Bom;Seca;Meio de Quadra;Semáforo;Residencial;0;0;2;1;0;0;0;0;0;0;0;0;-38,560741;-3,734894
283990;3;5;2016;06:50;0;RD BR 116;;;0;KM-06;Colisão Traseira;Luz do Dia;Bom;Seca;Meio de Quadra;;;0;1;1;1;0;0;0;0;0;1;0;0;-38,50238198;-3,805924279
283991;3;5;2016;15:20;0;RD BR 116;;;200;KM-13;Choque c/ Obstáculo Fixo;Luz do Dia;Bom;Seca;Meio de Quadra;;;0;0;1;0;0;0;1;0;0;0;0;0;-38,49773912;-3,865784711
281314;3;5;2016;00:35;0;RUA GERMANO FRANCK;;;720;;Colisão;Via Iluminada;Nublado;Seca;Meio de Quadra;Semáforo;Comercial;0;0;2;1;0;0;0;1;0;0;0;0;-38,562071;-3,777298
281317;3;5;2016;16:53;0;AV GODOFREDO MACIEL;;;;;Colisão;Luz do Dia;;;Meio de Quadra;;;0;0;3;1;0;0;0;0;0;0;0;0;;
287828;3;5;2016;10:15;20444;RUA STA LUCRECIA;RUA TROPICAL;;;;Colisão;Luz do Dia;;;;;;0;0;1;0;0;0;0;0;0;0;0;0;-38,486282;-3,850151
287818;3;5;2016;10:14;0;RUA MON CATAO;;;323;;Colisão;Luz do Dia;;;Meio de Quadra;;;0;0;1;0;0;0;0;0;0;0;0;0;;
287849;3;5;2016;12:06;0;AV FRE CIRILO;;;3480;HOSPITAL DO CORAÇÃO;Colisão;Luz do Dia;;;Meio de Quadra;;;0;0;1;0;0;0;0;0;0;0;0;0;-38,498245;-3,815475
287851;3;5;2016;12:06;0;AV ALBERTO CRAVEIRO;;;507;MAKRO;Colisão;Luz do Dia;;;Meio de Quadra;;;0;0;1;0;0;0;0;0;0;0;0;0;-38,51591;-3,781154
287852;3;5;2016;12:11;0;RUA ADOLFO CAMINHA;;;121;;Colisão;Luz do Dia;;;Meio de Quadra;;;0;0;1;0;0;0;0;0;0;0;0;0;-38,524462;-3,721069
287847;3;5;2016;11:58;8383;RUA ROSA CORDEIRO;AV C LT VILLAGE COLOSSO;;;;Colisão;Luz do Dia;;;Cruz;Pare;Comercial;0;0;2;1;0;0;0;0;0;0;0;0;-38,467613;-3,773589
287949;3;5;2016;15:49;0;AV GAL OSORIO DE PAIVA;;;6299;;Colisão;Luz do Dia;;;Meio de Quadra;Não Há Controle;Comercial;0;0;2;1;0;0;0;0;0;0;0;0;;
287931;3;5;2016;;1381;RUA ILDEFONSO ALBANO;AV HERACLITO GRACA;;;;Colisão;;;;Duplo T;Semáforo;Comercial;0;0;1;0;0;0;0;0;0;0;0;0;;
287910;3;5;2016;14:14;0;AV ENG SANTANA JUNIOR;;;999;HIPER BOM PREÇO;Colisão;Luz do Dia;;;Meio de Quadra;;;0;0;1;0;0;0;0;0;0;0;0;0;-38,482858;-3,736898
287911;3;5;2016;14:23;3409;AV JOSE BASTOS;RUA MIGUEL GONCALVES;;;;Colisão;Luz do Dia;;;T;Semáforo;Misto;0;0;1;0;0;0;0;0;0;0;0;0;-38,557447;-3,75683
287900;3;5;2016;;13021;AV I CJ JOSE WALTER;AV A CJ JOSE WALTER;;;;;;;;Cruz;Pare;Residencial;0;0;2;0;0;0;0;0;0;0;0;0;-38,550935;-3,825834
287813;3;5;2016;07:17;0;AV I CJ JOSE WALTER;;;661;;Colisão;Luz do Dia;;;Meio de Quadra;;;0;0;1;0;0;0;0;0;0;0;0;0;;
288004;3;5;2016;17:53;0;AV CASTELO DE CASTRO;;;1140;;Colisão;Anoitecer;;;Meio de Quadra;;;0;0;1;0;0;0;0;0;0;0;0;0;-38,521749;-3,839052
288009;3;5;2016;18:53;0;AV SEN FERNANDES TAVORA;;;;;Colisão Lateral;Via Iluminada;Bom;Seca;Não Informado;Semáforo;Comercial;0;0;3;1;0;0;0;0;0;0;0;0;;
288014;3;5;2016;19:19;0;RUA SEN POMPEU;;;2607;;Colisão;;;;Meio de Quadra;;;0;0;2;0;0;0;0;0;0;0;0;0;-38,533965;-3,741253
287868;3;5;2016;12:14;22937;AV DR SILAS MUNGUBA;RUA GOV JOAO CARLOS;;;;Colisão;Luz do Dia;;;T;Semáforo;Comercial;0;0;1;0;0;0;0;0;0;0;0;0;-38,55391;-3,78395
288791;3;5;2016;03:40;0;RUA DA SAUDADE D04;;;207;;Choque c/ Obstáculo Fixo;;;;Meio de Quadra;;;0;0;1;0;0;0;0;0;0;0;0;0;-38,533822;-3,719675
285191;3;5;2016;07:00;0;AV MIN JOSE AMERICO;;;;;Colisão;Luz do Dia;Bom;Seca;Meio de Quadra;;;0;0;2;1;0;0;0;0;0;0;0;0;;
285189;3;5;2016;07:30;0;RD CE-040;;;;KM-07;Colisão;Luz do Dia;Bom;Seca;Meio de Quadra;;;0;0;2;1;0;0;0;0;0;0;0;0;-38,478733;-3,809597
285194;3;5;2016;14:00;0;AV MIN JOSE AMERICO;;;;;Engavetamento;Luz do Dia;Bom;Seca;Meio de Quadra;;;0;0;3;1;0;0;1;0;0;0;0;0;;
285196;3;5;2016;17:00;0;AV SEN CARLOS JEREISSATI (AEROPORTO);;;;KM 03;Colisão;Anoitecer;Bom;Seca;Meio de Quadra;;;0;0;2;1;0;0;0;0;0;0;0;0;-38,544038;-3,779641
285204;3;5;2016;17:30;0;RD CE-040;;;;KM-09;Colisão;Anoitecer;;;Meio de Quadra;;;0;0;2;0;0;0;0;0;0;1;0;0;-38,481538;-3,825516
285221;3;5;2016;20:07;0;RD CE-040;;;;KM-01;Colisão;;Bom;Seca;Meio de Quadra;;;0;0;2;1;1;0;0;0;0;0;0;0;-38,48666;-3,758119
285222;3;5;2016;20:07;0;RD CE-040;;;;KM-01;Colisão;;Bom;Seca;Meio de Quadra;;;0;0;2;1;0;0;0;0;0;0;0;0;-38,48666;-3,758119
300812;3;5;2016;18:09;0;AV GODOFREDO PIMENTEL;AV BENJAMIM BRASIL;;0;;Engavetamento;Anoitecer;Bom;Seca;Cruz;Semáforo;Comercial;0;0;3;1;0;0;0;0;0;0;0;0;;
300813;3;5;2016;19:03;25574;AV ENG HUMBERTO MONTE;RUA AZEVEDO BOLAO;;0;;Colisão Traseira;Via Iluminada;Bom;Seca;T;Pare;Escola;0;0;1;1;0;0;0;0;0;0;0;0;-38,568895;-3,738942
300814;4;5;2016;21:24;15596;RUA VASCO DE ATAIDE;RUA NICOLAU COELHO;;0;;Colisão Frontal;Via Iluminada;Bom;Seca;Cruz;Pare;Residencial;0;0;2;1;0;0;0;0;0;1;0;0;-38,492578;-3,823314
285359;4;5;2016;17:30;0;RD CE-040;;;;KM-05;Colisão;Anoitecer;Bom;Seca;Meio de Quadra;;;0;0;2;1;0;0;0;0;0;0;0;0;-38,480331;-3,791613
285356;4;5;2016;08:15;0;AV WASHINGTON SOARES;;;2251;;Colisão;Luz do Dia;Bom;Seca;Meio de Quadra;;;0;1;1;1;0;0;0;0;0;1;0;0;-38,48121;-3,780897
285357;4;5;2016;17:15;0;RD CE-040;;;;KM-10;Colisão;Anoitecer;Bom;Seca;Meio de Quadra;;;0;0;2;1;0;0;0;0;0;0;0;0;-38,482466;-3,834451
288456;4;5;2016;18:40;0;AV BEIRA MAR;;;2000;;Atropelamento;;;;Meio de Quadra;;;0;1;1;0;0;0;0;0;0;0;0;0;-38,503227;-3,723876
288449;4;5;2016;18:24;0;RUA CEL MOZART GONDIM;;;1380;;Colisão;Anoitecer;;;Meio de Quadra;;;0;0;1;0;0;0;0;0;0;0;0;0;-38,559797;-3,731404
288450;4;5;2016;18:35;0;AV JOSE BASTOS;;;5286;;Colisão;;;;Meio de Quadra;;;0;0;1;0;0;0;0;0;0;0;0;0;-38,563278;-3,758685
288451;4;5;2016;18:36;0;RUA DR CATUNDA GONDIM;;;760;;Colisão;;;;Meio de Quadra;;;0;0;1;0;0;0;0;0;0;0;0;0;;
288431;4;5;2016;18:14;0;AV GAL OSORIO DE PAIVA;;;;;Colisão;Anoitecer;;;Meio de Quadra;;;0;0;1;0;0;0;0;0;0;0;0;0;;
288437;4;5;2016;18:24;0;RUA BERNARDO MANUEL;;;10735;;Colisão Traseira;Mal Iluminada;Bom;Seca;Meio de Quadra;Não Há Controle;Comercial;0;0;3;0;0;0;0;0;0;0;0;0;-38,555814;-3,813106
288387;4;5;2016;16:25;1550;RUA DR JOSE LOURENCO;RUA PDE VALDEVINO;;;;Colisão;Luz do Dia;;;Cruz;Semáforo;Comercial;0;0;1;0;0;0;0;0;0;0;0;0;-38,509928;-3,741307
288376;4;5;2016;16:06;0;ET DO FIO (MESSEJANA);;;;;Colisão;Luz do Dia;;;Meio de Quadra;;;0;0;1;0;0;0;0;0;0;0;0;0;;
288391;4;5;2016;16:43;0;RUA DA LADEIRA;;;75;;Colisão;Luz do Dia;;;Meio de Quadra;;;0;0;1;0;0;0;0;0;0;0;0;0;;
288401;4;5;2016;17:28;3324;RUA URUGUAI;RUA VIRIATO RIBEIRO;;;;Colisão;Anoitecer;;;Cruz;Pare;Residencial;0;0;1;0;0;0;0;0;0;0;0;0;-38,563322;-3,748176
288411;4;5;2016;17:40;0;RUA L CJ VILA VELHA;;;;COLÉGIO LICEU;Atropelamento;Anoitecer;;;Meio de Quadra;;;0;1;1;0;0;0;0;0;0;0;0;0;;
288224;4;5;2016;09:23;543;AV FRANCISCO SA;RUA DR VICENTE ARRUDA;;;;Colisão;Luz do Dia;;;;;;0;0;1;0;0;0;0;0;0;0;0;0;-38,568745;-3,713521
288225;4;5;2016;10:12;0;RUA PRO DIAS DA ROCHA;;;1030;;Colisão;Luz do Dia;;;Meio de Quadra;;;0;0;1;0;0;0;0;0;0;0;0;0;-38,492687;-3,738716
288226;4;5;2016;08:50;21485;AV MIN JOSE AMERICO;AV FRE CIRILO;;;;Outros;Luz do Dia;;;Cruz;Semáforo;;0;0;1;0;0;0;0;0;0;0;0;0;-38,4995;-3,812905
288227;4;5;2016;10:14;5452;AV HERACLITO GRACA;RUA J DA PENHA;;;;Colisão;Luz do Dia;;;Cruz;Não Há Controle;Comercial;0;0;1;0;0;0;0;0;0;0;0;0;;
288236;4;5;2016;12:00;15301;RUA TEN BENEVOLO;RUA SILVA PAULET;;;;Colisão;Luz do Dia;;;T;Pare;Residencial;0;0;1;0;0;0;0;0;0;0;0;0;-38,503888;-3,729724
288238;4;5;2016;12:04;0;AV CENTRAL;;;2000;;Colisão;Luz do Dia;;;Meio de Quadra;;;0;0;1;0;0;0;0;0;0;0;0;0;;
288240;4;5;2016;13:30;7894;RUA PRO FRANCISCO GONCALVES;RUA VICENTE LEITE;;;;Colisão;Luz do Dia;;;Cruz;Pare;Escola;0;0;1;0;0;0;0;0;0;0;0;0;-38,498773;-3,747615
288245;4;5;2016;13:56;22353;AV OLAVO BILAC;AV BEZERRA DE MENEZES;;;;Colisão;Luz do Dia;;;;;;0;0;1;0;0;0;0;0;0;0;0;0;-38,564151;-3,735601
288248;4;5;2016;15:56;0;RUA ENF JOAQUIM PINTO;;;699;;Colisão;Luz do Dia;;;Meio de Quadra;;;0;0;1;0;0;0;0;0;0;0;0;0;-38,504198;-3,8019
288279;4;5;2016;14:53;0;RUA CARLOS AMORA;;;;;Colisão;Luz do Dia;;;Meio de Quadra;;;0;0;1;0;0;0;0;0;0;0;0;0;;
288290;4;5;2016;15:36;0;AV HIS RAIMUNDO GIRAO;;;;;Colisão;Luz do Dia;;;Meio de Quadra;;;0;0;1;0;0;0;0;0;0;0;0;0;;
288315;4;5;2016;16:00;0;AV PRS COSTA E SILVA;;;;;Colisão;Luz do Dia;;;Meio de Quadra;;;0;0;1;0;0;0;0;0;0;0;0;0;;
288360;4;5;2016;16:04;19528;RUA JULIO GASPAR;RUA CAMBARA;;;;Colisão;Luz do Dia;;;Cruz;Pare;Residencial;0;0;1;0;0;0;0;0;0;0;0;0;-38,563574;-3,782019
288042;4;5;2016;00:58;0;RUA JULIO ABREU;;;284;FARIAS BRITO;Colisão;;;;Meio de Quadra;;;0;0;1;0;0;0;0;0;0;0;0;0;;
288043;4;5;2016;05:47;18028;AV CESAR CALS;RUA RENATO BRAGA;;;;Colisão;Amanhecer;;;;;;0;0;1;0;0;0;0;0;0;0;0;0;-38,458889;-3,731428
288044;4;5;2016;07:16;19353;RUA GERMANO FRANCK;RUA CAIO PRADO;;;;Colisão;Luz do Dia;;;T;Não Há Controle;Comercial;0;0;1;0;0;0;0;0;0;0;0;0;-38,560982;-3,776373
288051;4;5;2016;08:19;0;AV SEN FERNANDES TAVORA;;;927;;Colisão;Luz do Dia;;;Meio de Quadra;;;0;0;1;0;0;0;0;0;0;0;0;0;-38,580967;-3,762825
288059;4;5;2016;08:21;0;RUA CON DE CASTRO;;;1780;;Colisão;Luz do Dia;;;Meio de Quadra;;;0;0;1;0;0;0;0;0;0;0;0;0;-38,574697;-3,786383
288219;4;5;2016;08:32;0;RUA TEODOMIRO DE CASTRO;;;4354;;Colisão;Luz do Dia;;;Meio de Quadra;;;0;0;1;0;0;0;0;0;0;0;0;0;-38,572281;-3,71878
281322;4;5;2016;00:18;0;AV CARAPINIMA;;;;;Colisão;;;;Meio de Quadra;;;0;0;2;1;0;0;0;0;0;0;0;0;;
281324;4;5;2016;16:20;0;RUA JOSE HIPOLITO;;;1270;;Colisão Traseira;Luz do Dia;Bom;Seca;Meio de Quadra;Não Há Controle;Comercial;0;0;2;0;1;0;0;0;0;0;0;0;-38,484817;-3,836363
282710;4;5;2016;17:47;23568;RUA DO CANAL (TAUAPE);RUA ASP MENDES;;;;Colisão Traseira;Anoitecer;Bom;Seca;Duplo T;Outros;Residencial;0;0;2;1;0;0;0;0;0;0;0;0;-38,515488;-3,761747
282702;4;5;2016;08:00;0;RUA MARTINS SALES;;;;;Choque c/ Obstáculo Fixo;Luz do Dia;Bom;Molhada;;;;0;1;0;0;0;0;0;0;0;1;0;0;;
282720;4;5;2016;10:10;24340;RUA DES PRAXEDES;RUA SAO MATEUS D14;;;;Colisão Transversal;Luz do Dia;Bom;Seca;Cruz;Pare;Residencial;0;0;2;1;0;0;0;0;0;0;0;0;-38,53873;-3,764329
282715;4;5;2016;13:20;19886;RUA JULIO DA SILVEIRA;RUA TOBIAS BARRETO;;;;Colisão Transversal;Luz do Dia;Bom;Seca;Cruz;Pare;Residencial;0;1;1;1;0;0;0;0;0;1;0;0;-38,539858;-3,75816
282728;4;5;2016;08:25;0;AV DA UNIVERSIDADE;;;1949;;Colisão Lateral;Luz do Dia;Bom;Seca;Meio de Quadra;Semáforo;Residencial;0;0;2;1;0;0;0;1;0;0;0;0;-38,534161;-3,735533
282690;4;5;2016;21:00;10919;RUA PDE SA LEITAO;RUA FRANCO ROCHA;;;;Colisão Lateral;Via Iluminada;Bom;Seca;T;Não Há Controle;Residencial;0;0;3;1;0;0;0;0;0;1;0;0;;
282688;4;5;2016;11:35;8886;RUA BELA CRUZ;RUA JUSTINIANO DE SERPA;;;;Colisão Lateral;Luz do Dia;Bom;Seca;Cruz;Pare;Residencial;0;0;2;1;0;0;0;0;0;0;0;0;;
282685;4;5;2016;15:50;11164;RUA JULIO GASPAR;RUA FAGUNDES VARELA;;;;Colisão Transversal;Luz do Dia;Bom;Seca;Cruz;Pare;Residencial;1;0;1;0;0;0;0;0;0;1;0;0;-38,562332;-3,783086
282683;4;5;2016;13:30;11163;RUA FAGUNDES VARELA;RUA INGLATERRA;;;;Colisão Lateral;Luz do Dia;Bom;Seca;Cruz;Pare;Residencial;0;0;2;1;1;0;0;0;0;0;0;0;-38,561532;-3,782099
282677;4;5;2016;10:00;25140;AV ALM MAXIMIANO DA FONSECA;RUA CAIO CID;;;;Colisão Lateral;Luz do Dia;Bom;Seca;T;Não Há Controle;Comercial;0;0;2;1;0;0;1;0;0;0;0;0;-38,484125;-3,77158
282733;4;5;2016;07:30;0;RUA ENG EDMUNDO ALMEIDA FILHO;;;;;Colisão Lateral;Luz do Dia;Bom;Seca;Meio de Quadra;Pare;Residencial;0;1;1;0;0;0;0;0;0;1;0;0;;
282748;4;5;2016;19:00;12352;RUA MON HIPOLITO BRASIL;RUA ERNESTO PEDRO SANTOS;;;;Colisão Transversal;Via Iluminada;Bom;Seca;Cruz;Pare;Comercial;0;0;2;0;0;0;0;0;0;1;0;0;-38,575314;-3,760775
282761;4;5;2016;11:00;0;RUA BAR RIO BRANCO;;;1080;;Colisão Lateral;Luz do Dia;Bom;Seca;Meio de Quadra;Não Há Controle;Comercial;0;0;2;1;0;0;0;0;0;0;0;0;-38,528693;-3,727803
282765;4;5;2016;11:56;0;AV ABOLICAO;;;2030;;Colisão Lateral;Luz do Dia;Bom;Seca;Outros;Outros;Comercial;0;0;2;1;0;0;1;0;0;0;0;0;-38,500915;-3,725578
282750;4;5;2016;20:40;9200;RUA JAIME BENEVOLO;RUA DEP JOAO PONTES;;;;Colisão Transversal;Via Iluminada;Bom;Seca;Cruz;Pare;Residencial;0;0;2;1;0;0;0;0;0;1;0;0;-38,530076;-3,74614
282738;4;5;2016;09:40;0;AV DEP PAULINO ROCHA;;;1000;;Colisão Traseira;Luz do Dia;Bom;Seca;Meio de Quadra;Outros;Residencial;0;0;2;1;0;0;0;0;0;0;0;0;;
282801;4;5;2016;21:00;25114;AV JOAO PESSOA;RUA IRM BAZET;;;;Colisão Lateral;Mal Iluminada;Bom;Seca;T;Semáforo;Residencial;0;1;1;1;0;0;0;0;0;1;0;0;-38,556566;-3,760376
282790;4;5;2016;07:40;24956;AV ALM HENRIQUE SABOIA;AV ENG ALBERTO SA;;;;Colisão Transversal;Luz do Dia;Bom;Seca;Cruz;Semáforo;Residencial;0;1;1;1;0;0;0;0;0;1;0;0;-38,48289;-3,732499
282784;4;5;2016;19:00;22667;AV COS GOMES DE FREITAS (SAPIRANGA/COITE);RUA PRO SOLON FARIAS;;;;Colisão Frontal;Via Iluminada;Bom;Seca;Cruz;Pare;Residencial;0;2;1;0;0;0;0;0;0;1;0;0;-38,476574;-3,795414
282778;4;5;2016;14:00;0;RUA CEZIDIO ALBUQUERQUE;;;;;Colisão Transversal;Luz do Dia;Bom;Seca;Meio de Quadra;Pare;Residencial;0;0;2;1;0;0;1;0;0;0;0;0;;
282781;4;5;2016;21:02;0;AV VIENA WEYNE;;;570;;Colisão Traseira;Via Iluminada;Bom;Seca;Meio de Quadra;Não Há Controle;Residencial;0;0;2;1;0;0;0;0;0;0;0;0;-38,488934;-3,801296
282770;4;5;2016;13:50;0;RUA FRANCISCO C MENDES;;;;;Outros;Luz do Dia;Bom;Seca;Meio de Quadra;Pare;Residencial;0;0;2;1;1;0;0;0;0;0;0;0;;
282821;4;5;2016;19:00;3808;RUA SEN CATUNDA;AV CARAPINIMA;;;;Colisão Transversal;Mal Iluminada;Bom;Seca;Y;Outros;Residencial;0;0;2;1;0;0;0;0;0;0;0;0;-38,538169;-3,738138
282786;4;5;2016;16:45;6800;AV SANTOS DUMONT;RUA BATISTA DE OLIVEIRA;;;;Colisão Transversal;Luz do Dia;Bom;Seca;Cruz;Semáforo;Comercial;0;0;2;0;0;0;0;0;0;1;0;0;-38,479668;-3,742258
282817;4;5;2016;19:00;3796;RUA JUVENAL GALENO;RUA PDE MORORO;;;;Colisão Transversal;Mal Iluminada;Bom;Seca;Y;Semáforo;Residencial;0;0;2;1;1;0;0;0;0;0;0;0;-38,541005;-3,737433
282830;4;5;2016;09:50;0;AV OLIVEIRA PAIVA;;;2288;;Queda;Luz do Dia;Bom;Seca;Meio de Quadra;Não Há Controle;Comercial;0;0;1;0;0;0;0;0;0;1;0;0;;
282833;4;5;2016;21:40;25120;AV SANTOS DUMONT;AV DOLOR BARREIRA;;;;Colisão Lateral;Via Iluminada;Bom;Seca;T;Não Há Controle;Comercial;0;0;2;1;0;0;0;0;0;0;0;0;-38,463794;-3,747363
282837;4;5;2016;19:38;3840;RUA MAL DEODORO;RUA PDE FRANCISCO PINTO;;;;Colisão Transversal;Via Iluminada;Bom;Seca;T;Não Há Controle;Comercial;0;0;2;1;1;0;0;0;0;0;0;0;-38,537712;-3,745565
282844;4;5;2016;08:30;12863;AV DOMINGOS OLIMPIO;RUA FLORIANO PEIXOTO;;;;Colisão Lateral;Luz do Dia;Bom;Seca;Cruz;Não Há Controle;Comercial;0;0;2;1;0;0;0;0;0;0;0;0;-38,530313;-3,736976
282852;4;5;2016;13:40;22701;RUA TAB JOAQUIM COELHO;RUA MARIO ALENCAR ARARIPE;;;;Colisão Transversal;Luz do Dia;Bom;Seca;Cruz;Pare;Residencial;0;0;2;1;0;0;0;0;0;0;0;0;-38,478147;-3,796826
282862;4;5;2016;09:15;0;RUA VIA LACTEA;;;187;;Colisão Traseira;Luz do Dia;Bom;Seca;Meio de Quadra;Não Há Controle;Residencial;0;0;2;1;1;0;0;0;0;0;0;0;;
282858;4;5;2016;20:30;0;AV AGUANAMBI;;;;;Colisão Transversal;Via Iluminada;Bom;Seca;Meio de Quadra;Semáforo;Comercial;0;0;2;1;1;0;0;0;0;0;0;0;;
282860;4;5;2016;08:00;0;AV JOVITA FEITOSA;;;658;;Colisão Traseira;Luz do Dia;Bom;Seca;Meio de Quadra;Não Há Controle;Residencial;0;0;2;1;0;0;0;0;0;1;0;0;-38,549727;-3,738471