COD_ACIDENTE;DIA;MES;ANO;HORA;INTERSECAO;LOG1;LOG2;LOG3;NUMERO;REFERENCIA;NATUREZA;ILUMINACAO;TEMPO;SUPERFICIEPISTA;TIPOCRUZAMENTO;CONTROLETRAFEGO;USOSOLO;MORTOS;FERIDOS;ILESOS;AUTOMOVEL;ONIBUS;BICICLETA;CAMINHAO;MICROONIBUS;CICLOMOTOR;MOTOCICLETA;TRACAOANIMAL;TREM;LONG;LAT
282867;4;5;2016;09:35;0;RUA VIA LACTEA;;;187;;Colisão Traseira;Luz do Dia;Bom;Seca;Meio de Quadra;Não Há Controle;Residencial;0;0;2;1;0;0;0;0;0;0;0;0;;
282869;4;5;2016;22:00;1378;RUA OSVALDO CRUZ (ALDEOTA);RUA DES LEITE ALBUQUERQUE;;;;Colisão Transversal;Anoitecer;Bom;Seca;Cruz;Pare;Residencial;0;0;2;1;0;0;0;0;0;0;0;0;-38,50064;-3,736598
282870;4;5;2016;14:00;0;AV JULIO VENTURA;;;;;Colisão Traseira;Luz do Dia;Bom;Seca;Meio de Quadra;Não Há Controle;Outros;0;0;2;1;0;0;0;0;0;0;0;0;;
282871;4;5;2016;18:06;0;RUA SUICA;;;839;;Colisão;Via Iluminada;Bom;Seca;Meio de Quadra;Pare;Residencial;0;1;1;1;0;0;0;0;0;1;0;0;-38,577053;-3,793853
286764;4;5;2016;01:13;0;RUA CAP ARAGAO;;;184;;Colisão;;;;Meio de Quadra;;;0;1;0;0;0;0;0;0;0;0;0;0;-38,516172;-3,765389
286745;4;5;2016;00:24;0;AV HERACLITO GRACA;;;1120;;Colisão;;;;Meio de Quadra;;;0;1;0;0;0;0;0;0;0;0;0;0;-38,5148;-3,736637
286808;4;5;2016;07:52;0;RUA CON DE CASTRO;;;;;Colisão;Luz do Dia;;;Meio de Quadra;;;0;1;0;1;0;0;0;0;0;1;0;0;;
286788;4;5;2016;05:02;0;AV OLIVEIRA PAIVA;;;;;Queda;Amanhecer;;;;;;0;1;0;0;0;0;0;0;0;1;0;0;;
286793;4;5;2016;06:59;455;RUA PORTO ALEGRE;RUA BELEM;;;;Colisão;Luz do Dia;;;;;;0;1;0;1;0;0;0;0;0;1;0;0;-38,593146;-3,758893
286769;4;5;2016;01:20;0;RUA BAR AQUIRAZ;;;1335;;Atropelamento;;;;Meio de Quadra;;;0;1;0;1;0;0;0;0;0;0;0;0;;
286784;4;5;2016;03:21;0;AV DA UNIVERSIDADE;;;2635;;Atropelamento;;;;Meio de Quadra;;;0;1;0;0;0;0;0;0;0;1;0;0;-38,538087;-3,739831
286785;4;5;2016;04:14;0;AV A CJ CEARA;;;1273;;Colisão;;;;Meio de Quadra;;;0;1;0;1;0;0;0;0;0;1;0;0;-38,605182;-3,772449
286780;4;5;2016;02:04;8410;RUA DR CARLOS R PAMPLONA;AV WASHINGTON SOARES;;;;Colisão;;;;;;;0;1;0;1;0;0;0;0;0;1;0;0;-38,481778;-3,774374
286781;4;5;2016;02:26;0;AV WASHINGTON SOARES;;;2261;;Colisão;;;;Meio de Quadra;;;0;1;0;1;0;0;0;0;0;1;0;0;-38,481183;-3,781182
286773;4;5;2016;01:33;0;AV ENG ALBERTO SA;;;;;Colisão;;;;Meio de Quadra;;;0;1;0;1;0;0;0;0;0;1;0;0;;
286774;4;5;2016;01:56;0;RUA NOSSA SRA DAS GRACAS;;;1113;;Colisão;;;;Meio de Quadra;;;0;1;0;1;0;0;0;0;0;1;0;0;-38,559513;-3,708345
286844;4;5;2016;12:41;0;AV GODOFREDO MACIEL;;;538;;Colisão;Luz do Dia;;;;;;0;1;0;1;0;1;0;0;0;0;0;0;-38,565158;-3,781007
286842;4;5;2016;12:25;15596;RUA VASCO DE ATAIDE;RUA NICOLAU COELHO;;;;Colisão;Luz do Dia;;;;;;0;0;2;1;0;0;0;0;0;1;0;0;-38,492578;-3,823314
286856;4;5;2016;12:53;0;RUA FRANCISCO MATIAS;;;330;;Colisão;Luz do Dia;;;Meio de Quadra;;;0;1;0;1;0;0;0;0;0;1;0;0;;
286837;4;5;2016;10:45;0;RUA ANTONIO POMPEU;;;2005;;Atropelamento;Luz do Dia;;;Meio de Quadra;;;0;1;0;0;0;0;0;0;0;0;0;0;;
286838;4;5;2016;11:55;11339;AV BENJAMIM BRASIL;AV GODOFREDO MACIEL;;;;Colisão;Luz do Dia;;;Cruz;Semáforo;Comercial;0;2;1;0;0;0;1;0;0;1;0;0;-38,57204;-3,803264
286823;4;5;2016;08:38;11012;RUA GALILEU;RUA PERU;;;;Colisão;Luz do Dia;;;Cruz;Pare;Comercial;0;1;0;0;0;0;0;0;0;0;0;0;-38,55228;-3,776513
286867;4;5;2016;13:43;0;AV GODOFREDO MACIEL;;;528;;Colisão;Luz do Dia;;;Meio de Quadra;;;0;1;1;0;1;1;0;0;0;0;0;0;-38,565116;-3,780867
286883;4;5;2016;17:39;0;AV A CJ JOSE WALTER;;;;;Colisão;Anoitecer;;;Meio de Quadra;;;0;1;0;1;0;0;0;0;0;0;0;0;;
286877;4;5;2016;15:02;0;AV JOAO PESSOA;;;5700;;Colisão;Luz do Dia;;;Meio de Quadra;;;0;2;0;0;0;0;0;0;0;0;0;0;-38,556474;-3,760267
286878;4;5;2016;15:14;20212;AV PRS JUSCELINO KUBITSCHEK (PASSARÉ);RUA SAO TOMAZ DE AQUINO;;;;Colisão;Luz do Dia;;;Cruz;Outros;Residencial;0;1;0;1;0;0;0;0;0;1;0;0;-38,529791;-3,813772
286879;4;5;2016;15:42;0;AV JOSE BASTOS;;;2415;;Colisão;Luz do Dia;;;Meio de Quadra;;;0;1;0;1;0;0;0;0;0;1;0;0;;
286872;4;5;2016;14:34;0;RUA PROF GLAUCO LOBO;;;255;;Queda;Luz do Dia;;;Meio de Quadra;;;0;1;0;0;0;0;0;0;0;1;0;0;;
286860;4;5;2016;13:07;13529;AV SORIANO ALBUQUERQUE;RUA PDE ANTONINO;;;;Atropelamento;Luz do Dia;;;Cruz;Não Há Controle;Residencial;0;2;0;0;0;0;0;0;0;1;0;0;-38,520476;-3,747537
286317;5;5;2016;15:31;5464;RUA GONCALVES LEDO;AV HERACLITO GRACA;;;;Colisão;Luz do Dia;;;T;Pare;Comercial;0;0;2;0;0;0;0;0;0;0;0;0;;
282859;5;5;2016;13:30;0;AV SGT HERMINIO SAMPAIO;;;2505;;Colisão Traseira;Luz do Dia;;;Meio de Quadra;;;0;0;3;1;0;0;0;0;0;0;0;0;-38,563004;-3,726817
282811;5;5;2016;18:55;0;AV ENG SANTANA JUNIOR;;;;;Colisão Lateral;;;;Meio de Quadra;;;0;0;2;1;1;0;0;0;0;0;0;0;;
283992;5;5;2016;19:15;0;RD BR 116;;;500;KM-01;Engavetamento;;Bom;Seca;Meio de Quadra;;;0;5;6;1;1;0;1;0;0;0;0;0;-38,51861693;-3,7628504
281330;5;5;2016;14:33;0;AV DES MOREIRA;;;;;Colisão;Luz do Dia;;;Meio de Quadra;;;0;0;2;1;0;0;1;0;0;0;0;0;;
281336;5;5;2016;20:30;0;RUA JOSE BORBA VASCONCELOS;;;600;;Choque c/ Obstáculo Fixo;Anoitecer;Bom;Seca;Outros;Pare;Residencial;0;0;4;1;0;0;0;0;0;0;0;0;-38,472308;-3,747428
281333;5;5;2016;17:28;11768;AV PRS CASTELO BRANCO;AV FILOMENO GOMES;;;;Colisão;Anoitecer;;;T;Semáforo;Outros;0;0;2;1;0;0;0;0;0;0;0;0;-38,541982;-3,715542
281338;5;5;2016;21:53;0;AV DES MOREIRA;;;;;Colisão Traseira;Via Iluminada;Bom;Seca;Rotatória;Pare;Comercial;0;1;4;1;1;0;0;0;0;0;0;0;;
286888;5;5;2016;00:13;12620;RUA COS LAFAYETE;RUA TULIPA;;;;Colisão;;;;Cruz;Pare;Residencial;0;1;0;1;0;0;0;0;0;1;0;0;-38,580936;-3,718159
286891;5;5;2016;00:52;10300;RUA JOSE MENDONCA;AV SEN FERNANDES TAVORA;;;;Colisão;;;;Cruz;Pare;Comercial;0;2;0;1;0;0;0;0;0;1;0;0;-38,601696;-3,754492
286902;5;5;2016;01:35;0;AV ENG HUMBERTO MONTE;;;;;Queda;;;;Meio de Quadra;;;0;1;0;0;0;0;0;0;0;1;0;0;;
286896;5;5;2016;01:24;0;AV DEP PAULINO ROCHA;;;;;Queda;;;;Meio de Quadra;;;0;1;0;0;0;0;0;0;0;1;0;0;;
286972;5;5;2016;11:45;0;RUA FAUSTO CABRAL;;;1131;;Colisão;Luz do Dia;;;Meio de Quadra;;;0;1;0;1;0;0;0;0;0;1;0;0;;
286973;5;5;2016;12:12;0;AV MAE LISBOA;;;3098;;Capotamento;Luz do Dia;;;Meio de Quadra;;;0;1;0;1;0;0;0;0;0;0;0;0;;
286974;5;5;2016;12:30;1496;RUA ILDEFONSO ALBANO;RUA PDE VALDEVINO;;;;Colisão;Luz do Dia;;;Cruz;Semáforo;Comercial;0;1;0;1;0;0;0;0;0;1;0;0;-38,515423;-3,739573
286975;5;5;2016;13:12;0;AV WENEFRIDO MELO;;;327;;Colisão;Luz do Dia;;;Meio de Quadra;;;0;1;0;1;0;0;0;0;0;1;0;0;-38,576155;-3,810472
286976;5;5;2016;13:28;0;AV DR SILAS MUNGUBA;;;;;Colisão;Luz do Dia;;;Meio de Quadra;;;0;1;0;1;0;0;0;0;0;1;0;0;;
286977;5;5;2016;13:36;0;AV ALM BARROSO;;;921;;Atropelamento;Luz do Dia;;;Meio de Quadra;;;0;1;0;1;0;0;0;0;0;0;0;0;-38,514729;-3,720139
286965;5;5;2016;10:18;0;RUA RIO GRANDE DO SUL;;;567;;Colisão;Luz do Dia;;;Meio de Quadra;;;0;1;0;0;0;0;0;0;0;1;0;0;-38,564192;-3,753351
286942;5;5;2016;04:15;0;RUA AMETISTA;;;691;;Colisão;;;;Meio de Quadra;;;0;1;0;1;0;0;0;0;0;1;0;0;;
286943;5;5;2016;04:20;12395;AV LINEU MACHADO;RUA CUIABA;;;;Colisão;;;;Cruz;Pare;Comercial;0;1;0;0;0;0;1;0;0;1;0;0;-38,57862;-3,769181
286944;5;5;2016;04:54;0;RUA DES PRAXEDES;;;1801;;Queda;;;;Meio de Quadra;;;0;2;0;0;0;0;0;0;0;1;0;0;-38,53928;-3,764152
286967;5;5;2016;10:44;10992;RUA BAR CANINDE;RUA DOM CARLOTO TAVORA;;;;Colisão;Luz do Dia;;;Cruz;Pare;Residencial;0;1;0;1;0;0;1;0;0;0;0;0;-38,557103;-3,769531
286979;5;5;2016;13:42;0;AV PERIMETRAL;;;893;;Queda;Luz do Dia;;;Meio de Quadra;;;0;2;0;0;0;0;0;0;0;1;0;0;;
286985;5;5;2016;14:40;0;AV PERIMETRAL;;;327;;Colisão;Luz do Dia;;;;;;0;1;1;1;0;0;0;0;0;1;0;0;;
286987;5;5;2016;15:10;0;RUA COS ARAUJO LIMA;;;1020;;Colisão;Luz do Dia;;;Meio de Quadra;;;0;1;0;0;0;0;0;0;0;0;0;0;-38,586976;-3,751683
287000;5;5;2016;16:24;0;AV ENG SANTANA JUNIOR;;;303;;Colisão;Luz do Dia;;;Meio de Quadra;;;0;1;0;0;0;0;0;0;0;0;0;0;-38,479822;-3,732068
286940;5;5;2016;04:12;12447;RUA AMETISTA;RUA WALTER SA;;;;Colisão;;;;;;;0;2;0;0;0;0;0;0;0;1;0;0;-38,576839;-3,76766
286931;5;5;2016;04:06;1571;RUA CAROLINA SUCUPIRA;RUA VICENTE LEITE;;;;Colisão;;;;Cruz;Pare;Residencial;0;1;0;1;0;0;0;0;0;1;0;0;-38,49702;-3,742124
286958;5;5;2016;05:06;0;AV ENG HUMBERTO MONTE;;;2113;;Colisão;Amanhecer;;;Meio de Quadra;;;0;1;0;1;0;0;0;0;0;1;0;0;;
286959;5;5;2016;08:12;0;AV DA UNIVERSIDADE;;;2432;;Atropelamento;Luz do Dia;;;Meio de Quadra;;;0;1;0;0;0;0;0;0;0;1;0;0;-38,536845;-3,738469
286960;5;5;2016;09:38;0;AV HERACLITO GRACA;;;826;;Colisão;Luz do Dia;;;Meio de Quadra;;;0;2;0;1;0;1;0;0;0;0;0;0;-38,517377;-3,735799
286916;5;5;2016;02:08;0;AV MR HULL;;;1900;;Colisão;;;;Meio de Quadra;;;0;1;0;1;0;0;0;0;0;1;0;0;;
286917;5;5;2016;02:25;0;AV RUI BARBOSA;;;;;Colisão;;;;Meio de Quadra;;;0;1;0;1;0;0;0;0;0;1;0;0;;
286919;5;5;2016;02:44;0;RUA ANA BATISTA;;;640;;Colisão;;;;Meio de Quadra;;;0;1;0;1;0;0;0;0;0;1;0;0;;
286913;5;5;2016;01:54;9127;AV 13 DE MAIO;RUA ASSUNCAO;;;;Colisão;;;;T;Pare;Comercial;0;1;0;1;0;0;0;0;0;1;0;0;-38,532687;-3,746449
286929;5;5;2016;03:39;0;AV ALBERTO CRAVEIRO;;;1480;;Colisão;;;;Meio de Quadra;;;0;1;0;0;0;0;0;0;0;0;0;0;-38,517613;-3,793148
286924;5;5;2016;02:48;0;AV PERIMETRAL;;;2641;;Queda;;;;Meio de Quadra;;;0;2;0;0;0;0;0;0;0;1;0;0;;
286906;5;5;2016;01:50;0;RUA BAR RIO BRANCO;;;;;Queda;;;;;;;0;1;0;0;0;0;0;0;0;1;0;0;;
287019;5;5;2016;17:22;10431;RUA 30 DE MAIO D73;RUA RICARDO PONTES;;;;Colisão;Anoitecer;;;Cruz;Não Há Controle;Residencial;0;1;0;0;0;0;0;0;0;1;0;0;-38,599638;-3,763194
287009;5;5;2016;17:21;0;RUA PORTO VELHO;;;1394;;Atropelamento;Anoitecer;;;Meio de Quadra;;;0;2;0;0;0;0;0;0;0;1;0;0;-38,591239;-3,763699
287004;5;5;2016;16:32;12614;AV CEL CARVALHO;RUA COS LAFAYETE;;;;Colisão Transversal;Via Iluminada;Bom;Seca;Cruz;Semáforo;Comercial;0;1;4;1;0;0;0;0;0;1;0;0;-38,587938;-3,717512
287027;5;5;2016;20:11;3768;AV DOMINGOS OLIMPIO;AV TRISTAO GONCALVES;;;;Colisão;;;;Cruz;Semáforo;Comercial;0;1;0;0;0;0;0;0;0;0;0;0;-38,535613;-3,735133
287021;5;5;2016;18:05;0;RUA ASA BRANCA;;;315;;Queda;Anoitecer;;;Meio de Quadra;;;0;1;0;0;0;0;0;0;0;1;0;0;;
287022;5;5;2016;18:34;0;RUA JOSE MENDONCA;;;;;Queda;;;;Meio de Quadra;;;0;1;0;0;0;0;0;0;0;1;0;0;;
287023;5;5;2016;18:59;0;AV PRS COSTA E SILVA;;;1801;;Queda;;;;Meio de Quadra;;;0;1;0;0;0;0;0;0;0;1;0;0;;
287024;5;5;2016;19:10;0;RUA CHILE;;;721;;Atropelamento;;;;Meio de Quadra;;;0;1;0;0;0;0;0;0;0;1;0;0;-38,56801;-3,748763
286996;5;5;2016;15:51;0;AV BORGES DE MELO;;;201;BASE AEREA;Colisão;Luz do Dia;;;Meio de Quadra;;;0;3;0;0;0;0;0;0;0;0;0;0;-38,519958;-3,761351
288491;5;5;2016;05:26;0;AV GAL OSORIO DE PAIVA;;;636;CEMITÉRIO DA PARANGABA;Choque c/ Obstáculo Fixo;Amanhecer;;;Meio de Quadra;;;0;0;1;0;0;0;0;0;0;0;0;0;-38,568098;-3,776636
288789;5;5;2016;15:00;0;RUA ROSA MISTICA;;;347;;Colisão;Luz do Dia;;;Meio de Quadra;;;0;0;1;0;0;0;0;0;0;0;0;0;;
288806;5;5;2016;16:04;12757;AV BORGES DE MELO;RUA DAMASCENO GIRAO;;;;Colisão;Luz do Dia;;;;;;0;0;1;0;0;0;0;0;0;0;0;0;;
288808;5;5;2016;16:09;19366;RUA GERMANO FRANCK;AV DR SILAS MUNGUBA;;;;Colisão;Luz do Dia;;;Cruz;Semáforo;Comercial;0;0;1;0;0;0;0;0;0;0;0;0;-38,562004;-3,777251
288812;5;5;2016;16:15;0;RUA VALPARAISO;;;2051;;Colisão;Luz do Dia;;;Meio de Quadra;;;0;0;1;0;0;0;0;0;0;0;0;0;;
288813;5;5;2016;16:17;10959;RUA ALM RUBIM;RUA ELCIAS LOPES;;;;Colisão;Luz do Dia;;;Cruz;Semáforo;Misto;0;0;1;0;0;0;0;0;0;0;0;0;-38,556594;-3,770752
288848;5;5;2016;17:39;13327;AV H CJ JOSE WALTER;RUA 83 CJ JOSE WALTER;;;;Colisão;Anoitecer;;;;;;0;0;1;0;0;0;0;0;0;0;0;0;-38,561662;-3,840341
288850;5;5;2016;17:43;0;AV D CJ JOSE WALTER;;;;;Colisão;Anoitecer;;;Meio de Quadra;;;0;0;1;0;0;0;0;0;0;0;0;0;;
288853;5;5;2016;18:39;23606;RUA MAJ VERISSIMO;RUA BAR CRATO;;;;Colisão;;;;Cruz;Pare;Comercial;0;0;1;0;0;0;0;0;0;0;0;0;-38,562705;-3,722084
288715;5;5;2016;15:33;0;RUA TULIPA;;;264;;Colisão;Luz do Dia;;;Meio de Quadra;;;0;0;1;0;0;0;0;0;0;0;0;0;-38,578886;-3,712714
288720;5;5;2016;13:55;0;RUA POMPILIO GOMES;;;804;;Colisão;Luz do Dia;;;Meio de Quadra;;;0;0;1;0;0;0;0;0;0;0;0;0;;
288728;5;5;2016;14:01;0;RUA MIN JOAQUIM BASTOS D14;;;11;;Colisão;Luz do Dia;;;Meio de Quadra;;;0;0;1;0;0;0;0;0;0;0;0;0;;
288767;5;5;2016;14:13;7851;AV PONTES VIEIRA;RUA JOSE VILAR;;;;Colisão;Luz do Dia;;;Cruz;Semáforo;Comercial;0;0;1;0;0;0;0;0;0;0;0;0;-38,51003;-3,752317
288771;5;5;2016;14:14;0;AV DES GONZAGA;;;844;;Colisão;Luz do Dia;;;Meio de Quadra;;;0;0;1;0;0;0;0;0;0;0;0;0;-38,501239;-3,794295
288772;5;5;2016;14:15;0;AV DEP WALTER BEZERRA SA;;;;;Colisão;Luz do Dia;;;Meio de Quadra;;;0;0;1;0;0;0;0;0;0;0;0;0;;
288781;5;5;2016;14:34;9124;AV VIS RIO BRANCO;RUA MON SALAZAR;;;;Colisão;Luz do Dia;;;Cruz;Semáforo;Residencial;0;0;1;0;0;0;0;0;0;0;0;0;-38,51987;-3,756701
288555;5;5;2016;08:26;19570;RUA ESPANHA;RUA NEREU RAMOS;;;;Colisão;Luz do Dia;;;Cruz;Pare;Residencial;0;0;1;0;0;0;0;0;0;0;0;0;-38,574434;-3,783961
288567;5;5;2016;09:00;3809;RUA PDE FRANCISCO PINTO;AV CARAPINIMA;;;;Colisão;Luz do Dia;;;Cruz;Semáforo;Comercial;0;0;1;0;0;0;0;0;0;0;0;0;-38,541958;-3,741723
288572;5;5;2016;09:33;1289;AV SANTOS DUMONT;RUA SILVA PAULET;;;;Colisão;Luz do Dia;;;Cruz;Pare;Comercial;0;0;1;0;0;0;0;0;0;0;0;0;-38,505258;-3,733985
288574;5;5;2016;09:43;1571;RUA CAROLINA SUCUPIRA;RUA VICENTE LEITE;;;;;Luz do Dia;;;Cruz;Pare;Residencial;0;0;2;0;0;0;0;0;0;0;0;0;-38,49702;-3,742124
288593;5;5;2016;10:21;6756;AV ANTONIO SALES;AV ENG SANTANA JUNIOR;;;;Colisão;Luz do Dia;;;Outros;Não Há Controle;Comercial;0;0;1;0;0;0;0;0;0;0;0;0;-38,490039;-3,749257
288601;5;5;2016;10:23;0;RUA CEL NUNES DE MELO;;;2073;;Colisão;Luz do Dia;;;Meio de Quadra;;;0;0;1;0;0;0;0;0;0;0;0;0;-38,55704;-3,753499
288609;5;5;2016;10:31;0;LOGRADOURO SEM NOME;;;2113;;Colisão;Luz do Dia;;;Meio de Quadra;;;0;0;1;0;0;0;0;0;0;0;0;0;;
288612;5;5;2016;07:03;0;AV GODOFREDO MACIEL;;;1152;;Colisão;Luz do Dia;;;Meio de Quadra;;;0;0;1;0;0;0;0;0;0;0;0;0;-38,566551;-3,785651
288620;5;5;2016;11:10;0;AV DR SILAS MUNGUBA;;;3770;SER IV;Colisão;Luz do Dia;;;Meio de Quadra;;;0;0;1;0;0;0;0;0;0;0;0;0;-38,540392;-3,790373
288668;5;5;2016;11:58;0;RUA VALMIR PONTES;;;;UNIFOR;Colisão;Luz do Dia;;;Meio de Quadra;;;0;0;1;0;0;0;0;0;0;0;0;0;;
288671;5;5;2016;12:47;0;AV FRE CIRILO;;;3451;;Colisão;Luz do Dia;;;Meio de Quadra;;;0;0;1;0;0;0;0;0;0;0;0;0;-38,49855;-3,814769
288681;5;5;2016;12:54;19106;RUA ANDRE DALL OLIO;RUA AMELIA BENEBIEN;;;;Colisão;Luz do Dia;;;Cruz;Pare;Rural;0;0;1;0;0;0;0;0;0;0;0;0;-38,478342;-3,737969
288689;5;5;2016;13:07;0;RUA PERNAMBUCO;;;499;;Colisão;Luz do Dia;;;Meio de Quadra;;;0;0;1;0;0;0;0;0;0;0;0;0;-38,570218;-3,758855
288884;5;5;2016;20:16;0;AV GODOFREDO MACIEL;;;2560;;Colisão;;;;Meio de Quadra;;;0;0;1;0;0;0;0;0;0;0;0;0;-38,570357;-3,797896
288905;5;5;2016;20:29;0;RUA PORTO VELHO;;;1400;;Colisão;;;;Meio de Quadra;;;0;0;1;0;0;0;0;0;0;0;0;0;-38,591371;-3,76363
288897;5;5;2016;20:29;7926;RUA BARBOSA DE FREITAS;AV ANTONIO SALES;;;;Colisão;;;;Cruz;Semáforo;Residencial;0;0;1;0;0;0;0;0;0;0;0;0;-38,500407;-3,746051
288914;5;5;2016;20:38;1257;RUA SILVA PAULET;RUA COSTA BARROS;;;;;;;;;Pare;Comercial;0;0;1;0;0;0;0;0;0;0;0;0;-38,504799;-3,732565
288920;5;5;2016;20:55;0;AV JOR THOMAZ COELHO;;;2343;;Colisão Transversal;Via Iluminada;Bom;Seca;Meio de Quadra;Semáforo;Comercial;0;0;3;1;0;0;0;0;0;0;0;0;-38,517295;-3,828145
288942;5;5;2016;21:25;0;AV PERIMETRAL;;;2241;;Colisão;;;;Meio de Quadra;;;0;0;1;0;0;0;0;0;0;0;0;0;;
288943;5;5;2016;;4432;AV ZEZE DIOGO;AV VICENTE DE CASTRO;;;;Colisão;;;;T;Pare;Comercial;0;0;1;0;0;0;0;0;0;0;0;0;-38,471025;-3,708627
285361;5;5;2016;07:10;0;AV MIN JOSE AMERICO;;;;;Colisão;Luz do Dia;Bom;Seca;Meio de Quadra;;;0;0;2;1;0;0;0;0;0;0;0;0;;
300815;5;5;2016;03:30;0;AV VIENA WEYNE;;;510;;Choque c/ Obstáculo Fixo;Via Iluminada;Nublado;Molhada;Meio de Quadra;Não Há Controle;Residencial;0;0;1;0;0;0;0;0;0;0;0;0;-38,489529;-3,801459
300816;5;5;2016;09:22;5246;RUA PEREIRA FILGUEIRAS;RUA GONCALVES LEDO;;0;;Colisão Transversal;Luz do Dia;Bom;Seca;Não Informado;Pare;Comercial;0;0;2;0;0;0;0;0;0;1;0;0;-38,515004;-3,727667
300817;5;5;2016;17:21;5723;AV OLIVEIRA PAIVA;RUA MON ANTERO;;0;;Colisão Traseira;Luz do Dia;Bom;Seca;T;Semáforo;Comercial;0;0;2;0;0;0;0;0;0;1;0;0;-38,493198;-3,795604
300818;5;5;2016;16:15;0;RUA BAR AQUIRAZ;;;680;;Colisão Transversal;Luz do Dia;Bom;Seca;Meio de Quadra;Dê Preferência;Comercial;0;1;1;1;0;0;0;0;0;1;0;0;-38,489384;-3,83504
300819;5;5;2016;20:28;15306;RUA ANA BILHAR;RUA LEONARDO MOTA;;0;;Colisão Lateral;Via Iluminada;Bom;Seca;Cruz;Semáforo;Residencial;0;1;1;1;0;0;0;0;0;1;0;0;-38,494191;-3,729944
285874;5;5;2016;03:40;0;AV VIENA WEYNE;;;510;;Choque c/ Obstáculo Fixo;;;;Meio de Quadra;;;0;0;1;0;0;0;0;0;0;0;0;0;-38,489529;-3,801459
285882;5;5;2016;10:00;12395;AV LINEU MACHADO;RUA CUIABA;;;;Colisão Transversal;Luz do Dia;;;Cruz;Pare;Comercial;0;0;2;0;0;0;0;0;0;1;0;0;-38,57862;-3,769181
285887;5;5;2016;09:50;1716;AV GAL MURILO BORGES;AV GOV RAUL BARBOSA;;;;Colisão Traseira;Luz do Dia;;;;;;0;0;2;1;0;0;0;0;0;0;0;0;-38,508802;-3,763977
285889;5;5;2016;00:30;0;AV PRS CASTELO BRANCO;;;2477;;Choque c/ Obstáculo Fixo;;;;Meio de Quadra;;;0;1;0;0;0;0;0;0;0;0;0;0;-38,55008;-3,713267
285840;5;5;2016;17:30;0;AV PRS COSTA E SILVA;;;327;;Colisão Lateral;Anoitecer;;;Meio de Quadra;;;0;2;1;0;0;0;0;0;0;1;0;0;;
285858;5;5;2016;10:40;0;AV GODOFREDO MACIEL;;;3416;;Colisão Traseira;Luz do Dia;;;Meio de Quadra;;;0;0;2;1;0;0;0;0;0;0;0;0;-38,57256;-3,804935
285871;5;5;2016;18:30;24226;RUA FAUSTO CABRAL;RUA DES WALDETARIO P MOTA;;;;Capotamento;Anoitecer;;;Cruz;Pare;Lazer;0;0;2;1;0;0;0;0;0;0;0;0;-38,478283;-3,733093
285872;5;5;2016;20:30;0;AV ENG SANTANA JUNIOR;;;303;;Colisão Transversal;;;;Meio de Quadra;;;0;1;1;1;0;0;0;0;0;1;0;0;-38,479822;-3,732068
285830;5;5;2016;11:20;0;AV PRS CASTELO BRANCO;;;1287;MARINHA;Colisão Lateral;Luz do Dia;;;Meio de Quadra;;;0;0;2;1;0;0;1;0;0;0;0;0;-38,543758;-3,714914
285607;5;5;2016;07:30;0;RD CE-040;;;;KM-12;Colisão;Luz do Dia;Bom;Seca;Meio de Quadra;;;0;0;2;1;0;0;0;0;1;0;0;0;-38,47607;-3,849626
283157;5;5;2016;08:20;0;AV GOV RAUL BARBOSA;;;;;Colisão Lateral;Luz do Dia;;;Meio de Quadra;;;0;1;1;1;0;0;0;0;0;1;0;0;;
283118;5;5;2016;13:10;19675;RUA GUSTAVO SAMPAIO;RUA CRUZ SALDANHA;;;;Colisão Transversal;Luz do Dia;;;Cruz;Não Há Controle;Residencial;0;0;2;1;0;0;0;0;0;0;0;0;-38,554069;-3,734763
283168;5;5;2016;12:55;22991;RUA BERNARDO MANUEL;RUA VILA RICA;;;;Colisão Traseira;Luz do Dia;;;Cruz;Pare;Comercial;0;0;2;1;0;0;0;0;0;0;0;0;-38,547746;-3,786824
282974;5;5;2016;08:00;0;AV BEZERRA DE MENEZES;;;;;Colisão Traseira;Luz do Dia;;;Meio de Quadra;;;0;0;2;1;0;0;0;0;0;1;0;0;;
283004;5;5;2016;11:30;19689;RUA DOM LINO;RUA GUSTAVO SAMPAIO;;;;Colisão Lateral;Luz do Dia;;;Cruz;Pare;Residencial;0;0;2;1;0;0;0;0;0;0;0;0;-38,557313;-3,735435
282987;5;5;2016;18:20;17377;RUA BAR CANINDE;RUA ELVIRA PINHO;;;;Colisão Lateral;Anoitecer;;;Cruz;Pare;Comercial;0;0;2;1;0;0;0;0;0;0;0;0;-38,556147;-3,766881
283056;5;5;2016;14:30;0;RUA JOAQUIM FELICIO;;;465;;Colisão Lateral;Luz do Dia;;;Meio de Quadra;;;0;0;2;1;0;0;0;0;0;0;0;0;-38,491603;-3,830109
283046;5;5;2016;07:19;11760;AV PRS CASTELO BRANCO;RUA ADRIANO MARTINS;;;;Engavetamento;Luz do Dia;;;T;Não Há Controle;Comercial;0;0;3;1;0;0;0;0;0;0;0;0;-38,545645;-3,714864
283030;5;5;2016;13:35;22176;AV JOSE BASTOS;AV ENG HUMBERTO MONTE;;;;Colisão Traseira;Luz do Dia;;;T;Semáforo;Comercial;0;1;1;1;0;0;0;0;0;1;0;0;-38,555455;-3,754966
283092;5;5;2016;06:20;3831;AV 13 DE MAIO;RUA MAL DEODORO;;;;Colisão Transversal;Luz do Dia;;;Cruz;Semáforo;Misto;0;0;2;1;0;0;0;1;0;0;0;0;-38,536588;-3,743122
283075;5;5;2016;09:35;17421;RUA CESAR ROSSAS;AV PRO GOMES DE MATOS;;;;Colisão Transversal;Luz do Dia;;;;;;0;0;2;0;1;0;0;0;0;0;0;0;-38,551793;-3,768334
283135;5;5;2016;14:56;6738;RUA DES WALDETARIO P MOTA;RUA VILEBALDO AGUIAR;;;;Colisão Lateral;Luz do Dia;;;Cruz;Pare;Residencial;0;1;1;1;0;0;0;0;0;1;0;0;-38,483787;-3,741853