COD_ACIDENTE;DIA;MES;ANO;HORA;INTERSECAO;LOG1;LOG2;LOG3;NUMERO;REFERENCIA;NATUREZA;ILUMINACAO;TEMPO;SUPERFICIEPISTA;TIPOCRUZAMENTO;CONTROLETRAFEGO;USOSOLO;MORTOS;FERIDOS;ILESOS;AUTOMOVEL;ONIBUS;BICICLETA;CAMINHAO;MICROONIBUS;CICLOMOTOR;MOTOCICLETA;TRACAOANIMAL;TREM;LONG;LAT
283149;5;5;2016;10:30;0;AV BEIRA MAR;;;4260;HOTEL GOLDEN FORTALEZA;Colisão Transversal;Luz do Dia;;;Meio de Quadra;;;0;0;2;1;0;0;1;0;0;0;0;0;-38,482859;-3,722914
282995;6;5;2016;09:30;15170;AV ABOLICAO;RUA JOSE VILAR;;;;Engavetamento;Luz do Dia;Nublado;Seca;Cruz;Pare;Residencial;0;1;3;1;0;0;0;0;0;0;0;0;-38,501373;-3,725435
283012;6;5;2016;13:40;0;AV JOSE BASTOS;;;6100;;Colisão Traseira;Luz do Dia;Bom;Seca;Meio de Quadra;Não Há Controle;Comercial;0;0;2;1;0;0;0;0;0;0;0;0;-38,567302;-3,764844
283017;6;5;2016;16:00;242;RUA GAL BERNARDO FIGUEIREDO;RUA COS ALVARO DE OLIVEIRA;;;;Colisão Transversal;Luz do Dia;Bom;Seca;Cruz;Pare;Residencial;0;1;1;1;0;0;0;0;0;1;0;0;-38,555261;-3,740373
282970;6;5;2016;20:55;3820;AV 13 DE MAIO;AV CARAPINIMA;;;;Colisão Traseira;Via Iluminada;Bom;Seca;Cruz;Semáforo;Comercial;0;0;3;1;0;0;0;0;0;0;0;0;-38,540239;-3,740001
282966;6;5;2016;17:00;1406;AV DES MOREIRA;RUA DES LEITE ALBUQUERQUE;;;;Colisão Transversal;Anoitecer;Bom;Seca;Cruz;Semáforo;Comercial;0;0;2;1;1;0;0;0;0;0;0;0;-38,498678;-3,73722
282977;6;5;2016;10:10;0;AV DES GONZAGA;;;511;;Colisão Lateral;Luz do Dia;Bom;Seca;Meio de Quadra;Pare;Comercial;0;0;2;1;0;0;0;0;0;1;0;0;;
300820;6;5;2016;07:10;16057;AV GODOFREDO MACIEL;AV WENEFRIDO MELO;;0;;Colisão Traseira;Luz do Dia;Bom;Seca;Cruz;Semáforo;Comercial;0;1;3;1;1;0;0;0;0;1;0;0;-38,574739;-3,811743
300821;6;5;2016;13:53;0;RUA ILDEFONSO ALBANO;;;343;;Colisão Lateral;Luz do Dia;Bom;Seca;Meio de Quadra;Semáforo;Comercial;0;0;3;1;0;0;0;0;0;0;0;0;-38,510309;-3,724077
300822;6;5;2016;14:33;0;AV AGUANAMBI;;;85;;Colisão Lateral;Luz do Dia;Bom;Seca;Meio de Quadra;Semáforo;Comercial;0;0;2;1;0;0;0;0;0;1;0;0;-38,524253;-3,7377
300823;6;5;2016;15:20;0;RUA DOM QUINTINO;;;235;;Colisão Lateral;Luz do Dia;Bom;Seca;Y;Pare;Residencial;0;1;1;0;0;0;0;0;0;1;0;0;;
300824;6;5;2016;21:14;10421;RUA RICARDO PONTES;RUA LUIZ MARIANO;;;;Colisão Transversal;Mal Iluminada;Bom;Seca;Cruz;Não Há Controle;Residencial;0;1;1;0;0;0;0;0;0;1;0;0;-38,599413;-3,762081
300826;6;5;2016;10:30;0;RUA ALBERTO MAGNO;;;1389;;Colisão Lateral;Luz do Dia;Bom;Seca;Meio de Quadra;Não Há Controle;Comercial;0;0;3;1;0;0;0;0;0;1;0;0;-38,551086;-3,766137
285366;6;5;2016;16:10;0;RD CE-040;;;;KM-05;Colisão;Luz do Dia;Bom;Seca;Meio de Quadra;;;0;0;2;1;0;0;0;0;0;0;0;0;-38,480331;-3,791613
285363;6;5;2016;09:00;0;RD CE-040;;;;KM-07;Engavetamento;Luz do Dia;Bom;Seca;Meio de Quadra;;;0;0;3;1;0;0;0;0;0;0;0;0;-38,478733;-3,809597
285368;6;5;2016;17:30;0;RD CE-040;;;;KM-01;Colisão;Anoitecer;Bom;Seca;Meio de Quadra;;;0;0;2;1;0;0;0;0;0;0;0;0;-38,48666;-3,758119
288956;6;5;2016;00:20;0;RUA URUCUTUBA;;;409;;Colisão;;;;Meio de Quadra;;;0;0;1;0;0;0;0;0;0;0;0;0;-38,599417;-3,797605
288973;6;5;2016;06:18;0;AV AGUANAMBI;;;1827;;Colisão;Luz do Dia;;;Meio de Quadra;;;0;0;1;0;0;0;0;0;0;0;0;0;-38,523423;-3,753197
288999;6;5;2016;07:32;0;RUA SANDRA GENTIL;;;;;Colisão;Luz do Dia;;;Meio de Quadra;;;0;0;1;0;0;0;0;0;0;0;0;0;;
289002;6;5;2016;08:16;26189;AV JOSE LEON;RUA 4 UI 307;;;;Colisão;Luz do Dia;;;Cruz;Pare;Residencial;0;0;1;0;0;0;0;0;0;0;0;0;;
289015;6;5;2016;09:55;5076;RUA SEN POMPEU;RUA DR JOAO MOREIRA;;;;Colisão;Luz do Dia;;;Cruz;Semáforo;Comercial;0;0;1;0;0;0;0;0;0;0;0;0;-38,528275;-3,7224
289038;6;5;2016;10:04;0;RUA TARCISIO PEIXOTO;;;1070;;Colisão;Luz do Dia;;;Meio de Quadra;;;0;0;1;0;0;0;0;0;0;0;0;0;;
289049;6;5;2016;11:21;0;RUA ANTONIO FIUZA;;;40;;Colisão;Luz do Dia;;;Meio de Quadra;;;0;0;1;0;0;0;0;0;0;0;0;0;-38,551658;-3,768668
289093;6;5;2016;12:40;0;RUA MAJ TELESFORO;;;225;;Colisão;Luz do Dia;;;Meio de Quadra;;;0;0;1;0;0;0;0;0;0;0;0;0;;
289101;6;5;2016;13:01;0;RUA PAULINO NOGUEIRA;;;;;Colisão;Luz do Dia;;;Meio de Quadra;;;0;0;1;0;0;0;0;0;0;0;0;0;;
289102;6;5;2016;13:05;0;RUA PAULINO NOGUEIRA;;;39;;Colisão;Luz do Dia;;;Meio de Quadra;;;0;0;1;0;0;0;0;0;0;0;0;0;-38,539068;-3,742846
289105;6;5;2016;13:50;0;AV FRE CIRILO;;;;;Colisão;Luz do Dia;;;Meio de Quadra;;;0;0;1;0;0;0;0;0;0;0;0;0;;
289106;6;5;2016;14:42;7417;RUA MACEIO;RUA MON HIPOLITO BRASIL;;;;Colisão;Luz do Dia;;;;;;0;0;1;0;0;0;0;0;0;0;0;0;-38,586016;-3,755063
289107;6;5;2016;14:45;24235;RUA FAUSTO CABRAL;RUA JULIO AZEVEDO;;;;Colisão;Luz do Dia;;;Cruz;Pare;Residencial;0;0;1;0;0;0;0;0;0;0;0;0;-38,476448;-3,733662
289108;6;5;2016;15:19;17347;RUA IRM BAZET;RUA ALBERTO MAGNO;;;;Colisão;Luz do Dia;;;Cruz;Pare;Comercial;0;0;1;0;0;0;0;0;0;0;0;0;-38,550525;-3,765502
289109;6;5;2016;15:30;0;AV CEL CARVALHO;;;210;TERMINAL ANTONIO BEZERRA;Colisão;Luz do Dia;;;Meio de Quadra;;;0;0;1;0;0;0;0;0;0;0;0;0;-38,591232;-3,704697
289116;6;5;2016;15:52;0;RUA OLYNTHO ARRUDA;;;;;Colisão;Luz do Dia;;;Meio de Quadra;;;0;0;1;0;0;0;0;0;0;0;0;0;;
289121;6;5;2016;16:04;17435;RUA PRO TEODORICO;RUA ALBERTO MAGNO;;;;Colisão;Luz do Dia;;;Cruz;Pare;Comercial;0;0;1;0;0;0;0;0;0;0;0;0;-38,552834;-3,768977
289135;6;5;2016;16:26;0;RUA SEN ROBERT KENNEDY;;;269;;Colisão;Luz do Dia;;;Meio de Quadra;;;0;0;1;0;0;0;0;0;0;0;0;0;-38,578267;-3,702487
289127;6;5;2016;16:18;0;AV CEL CARVALHO;;;;;Colisão;Luz do Dia;;;Meio de Quadra;;;0;0;1;0;0;0;0;0;0;0;0;0;;
289128;6;5;2016;16:23;19721;RUA GUSTAVO SAMPAIO;RUA AMADEU FURTADO;;;;Colisão;Luz do Dia;;;Cruz;Não Há Controle;Residencial;0;0;1;0;0;0;0;0;0;0;0;0;-38,563828;-3,736786
289139;6;5;2016;16:28;0;LOGRADOURO SEM NOME;;;;;Colisão;Luz do Dia;;;Meio de Quadra;;;0;0;1;0;0;0;0;0;0;0;0;0;;
289141;6;5;2016;16:59;6024;AV B CJ CEARA;AV F CJ CEARA;;;;Colisão;Luz do Dia;;;Cruz;Pare;Residencial;0;0;1;0;0;0;0;0;0;0;0;0;-38,604951;-3,764735
289142;6;5;2016;17:04;7650;AV CARNEIRO DE MENDONCA;RUA BELO HORIZONTE;;;;Colisão;Anoitecer;;;Cruz;Pare;Misto;0;0;1;0;0;0;0;0;0;0;0;0;-38,567567;-3,763666
289163;6;5;2016;17:05;5352;AV DOM MANUEL;RUA PINTO MADEIRA;;;;Colisão;Anoitecer;;;Cruz;Semáforo;Comercial;0;0;1;0;0;0;0;0;0;0;0;0;-38,521957;-3,730964
289176;6;5;2016;17:30;0;AV DR SILAS MUNGUBA;;;1700;UECE;Colisão;Anoitecer;;;Meio de Quadra;;;0;0;1;0;0;0;0;0;0;0;0;0;-38,552146;-3,785318
289180;6;5;2016;18:14;19753;RUA ERICO MOTA;RUA AZEVEDO BOLAO;;;;Colisão;Anoitecer;;;Cruz;Pare;Residencial;0;0;1;0;0;0;0;0;0;0;0;0;-38,562522;-3,737645
289178;6;5;2016;18:13;0;AV PERIMETRAL;;;;;Colisão;Anoitecer;;;Meio de Quadra;;;0;0;1;0;0;0;0;0;0;0;0;0;;
289190;6;5;2016;18:39;0;AV PRS CASTELO BRANCO;;;400;MARINA PARK;Colisão;;;;Meio de Quadra;;;0;0;1;0;0;0;0;0;0;0;0;0;-38,530144;-3,720316
289192;6;5;2016;18:40;0;AV JOR THOMAZ COELHO;;;;;Colisão;;;;Meio de Quadra;;;0;0;1;0;0;0;0;0;0;0;0;0;;
289194;6;5;2016;18:47;0;AV DR SILAS MUNGUBA;;;540;;Colisão;;;;Meio de Quadra;;;0;0;1;0;0;0;0;0;0;0;0;0;-38,560724;-3,779299
289196;6;5;2016;18:48;0;AV IMPERADOR;;;813;;Colisão;;;;Meio de Quadra;;;0;0;1;0;0;0;0;0;0;0;0;0;-38,534821;-3,728446
289200;6;5;2016;20:03;0;AV HEROIS DO ACRE;;;718;;Colisão;;;;Meio de Quadra;;;0;0;1;0;0;0;0;0;0;0;0;0;-38,535116;-3,803173
289209;6;5;2016;20:29;1484;AV PDE ANTONIO TOMAS;RUA JOAQUIM NABUCO;;;;Atropelamento;;;;Cruz;Semáforo;Comercial;0;1;1;0;0;0;0;0;0;0;0;0;-38,502569;-3,739222
289238;6;5;2016;20:33;14470;RUA PDE ANCHIETA;RUA ANTONIO DRUMONT;;;;Colisão;;;;Cruz;Pare;Residencial;0;0;1;0;0;0;0;0;0;0;0;0;-38,551673;-3,72823
287030;6;5;2016;01:56;0;AV BEZERRA DE MENEZES;;;2670;;Queda;;;;Meio de Quadra;;;0;1;0;0;0;1;0;0;0;0;0;0;-38,568487;-3,736496
287031;6;5;2016;02:23;0;RUA PORTO VELHO;;;;;Colisão;;;;Meio de Quadra;;;0;1;0;1;0;0;0;0;0;1;0;0;;
287033;6;5;2016;02:29;0;RUA IPE (ALAGADIÇO);;;1170;;Colisão;;;;Meio de Quadra;;;0;1;0;1;0;0;0;0;0;1;0;0;;
287028;6;5;2016;00:14;0;AV SGT HERMINIO SAMPAIO;;;2306;;Colisão;;;;Meio de Quadra;;;0;2;0;1;1;0;0;0;0;0;0;0;-38,561407;-3,726532
287051;6;5;2016;07:28;0;RUA ALVARES CABRAL;;;741;;Colisão;Luz do Dia;;;Meio de Quadra;;;0;1;0;0;0;0;0;0;0;1;0;0;;
287053;6;5;2016;07:46;26077;AV JOSE JATAHY;AV DUQ CAXIAS;;;;Colisão;Luz do Dia;;;T;Pare;Comercial;0;1;0;1;0;1;0;0;0;0;0;0;;
287037;6;5;2016;03:43;15170;AV ABOLICAO;RUA JOSE VILAR;;;;Colisão;;;;Cruz;Pare;Residencial;0;1;0;1;0;0;0;0;0;0;0;0;-38,501373;-3,725435
287038;6;5;2016;04:16;0;RUA DOM QUINTINO;;;235;;Colisão;;;;Meio de Quadra;;;0;1;0;0;0;0;0;0;0;0;0;0;;
287039;6;5;2016;05:11;0;RUA IRM BAZET;;;753;;Colisão;Amanhecer;;;Meio de Quadra;;;0;1;0;1;0;0;0;0;0;1;0;0;-38,551549;-3,76479
287040;6;5;2016;05:57;0;RUA VINTE QUATRO DE MAIO;;;865;;Atropelamento;Amanhecer;;;Meio de Quadra;;;0;1;0;1;0;0;0;0;0;0;0;0;;
287041;6;5;2016;06:50;26077;AV DUQ CAXIAS;AV JOSE JATAHY;;;;Colisão;Luz do Dia;;;T;Pare;Comercial;0;1;0;0;0;0;0;0;0;0;0;0;;
287049;6;5;2016;07:15;0;RUA CEL VIRGILIO NOGUEIRA (BOM JARDIM);;;1398;;Colisão;Luz do Dia;;;Meio de Quadra;;;0;1;0;0;0;0;0;0;0;1;0;0;;
287072;6;5;2016;12:46;0;RUA ALBERTO MAGNO;;;1389;;Colisão Lateral;Luz do Dia;;;Meio de Quadra;;;0;1;2;1;0;0;1;0;0;1;0;0;-38,551086;-3,766137
287067;6;5;2016;12:03;5464;AV HERACLITO GRACA;RUA GONCALVES LEDO;;;;Colisão;Luz do Dia;;;T;Pare;Comercial;0;2;0;0;0;0;0;0;0;0;0;0;;
287055;6;5;2016;07:47;0;RUA VALPARAISO;;;249;;Colisão;Luz do Dia;;;Meio de Quadra;;;0;2;0;0;0;0;0;0;0;0;0;0;;
287065;6;5;2016;11:48;0;AV CARNEIRO DE MENDONCA;;;;;Colisão;Luz do Dia;;;Meio de Quadra;;;0;1;0;1;0;0;0;0;0;1;0;0;;
287057;6;5;2016;10:14;1337;AV SANTOS DUMONT;RUA OSVALDO CRUZ (ALDEOTA);;;;Colisão;Luz do Dia;;;Cruz;Semáforo;Comercial;0;1;0;1;0;0;0;0;0;1;0;0;-38,500317;-3,735602
287058;6;5;2016;10:30;0;RUA VER PEDRO PAULO MOREIRA;;;833;;Colisão;Luz do Dia;;;Meio de Quadra;;;0;1;0;1;0;0;0;0;0;1;0;0;;
287060;6;5;2016;11:34;0;AV CEL CARVALHO;;;;;Colisão;Luz do Dia;;;Meio de Quadra;;;0;1;0;1;0;0;0;0;0;1;0;0;;
287121;6;5;2016;17:11;10806;RUA GOIANIA;RUA PRO MIRAMAR DA PONTE;;;;Colisão;Anoitecer;;;;;;0;1;0;1;0;0;0;0;0;1;0;0;-38,586725;-3,763567
287126;6;5;2016;17:14;0;AV DEP PAULINO ROCHA;;;1690;;Atropelamento;Anoitecer;;;Meio de Quadra;;;0;1;0;1;0;0;0;0;0;0;0;0;-38,512129;-3,811796
287141;6;5;2016;17:21;0;RUA GUERRA JUNQUEIRO;;;647;;Queda;Anoitecer;;;Meio de Quadra;;;0;1;0;0;0;0;0;0;0;1;0;0;-38,548761;-3,781155
287163;6;5;2016;17:40;0;AV CASTELO DE CASTRO;;;1320;;Colisão;Anoitecer;;;Meio de Quadra;;;0;1;0;1;0;0;0;0;0;1;0;0;-38,521759;-3,840972
287164;6;5;2016;19:13;0;AV PERIMETRAL;;;4449;;Colisão;;;;Meio de Quadra;;;0;1;0;0;0;0;0;0;0;0;0;0;;
287115;6;5;2016;17:07;0;AV DEP PAULINO ROCHA;;;1667;;Atropelamento;Anoitecer;;;Meio de Quadra;;;0;1;0;1;0;0;0;0;0;0;0;0;-38,511243;-3,811679
287113;6;5;2016;16:17;0;AV SEN FERNANDES TAVORA;;;2983;;Colisão;Luz do Dia;;;Meio de Quadra;;;0;1;0;1;0;0;0;0;0;1;0;0;-38,599659;-3,754867
287111;6;5;2016;15:55;0;AV CASTELO DE CASTRO;;;;;Colisão;Luz do Dia;;;Meio de Quadra;;;0;1;0;0;0;0;0;0;0;0;0;0;;
287109;6;5;2016;15:47;23653;AV OLAVO BILAC;RUA BAR CRATO;;;;Colisão;Luz do Dia;;;T;Pare;Residencial;0;1;0;1;0;0;0;0;0;1;0;0;-38,56637;-3,723036
287096;6;5;2016;14:56;743;AV PRS CASTELO BRANCO;AV PASTEUR;;;;Colisão Transversal;Luz do Dia;Bom;Seca;Cruz;Semáforo;Comercial;0;0;4;0;0;0;0;0;1;0;0;0;-38,558856;-3,711181
287091;6;5;2016;14:49;10421;RUA LUIZ MARIANO;RUA RICARDO PONTES;;;;Colisão;Luz do Dia;;;;;;0;2;1;0;0;0;0;0;0;1;0;0;-38,599413;-3,762081
287087;6;5;2016;14:24;0;AV PERIMETRAL;;;;;Atropelamento;Luz do Dia;;;Meio de Quadra;;;0;1;0;0;1;0;0;0;0;0;0;0;;
287084;6;5;2016;14:18;0;RUA VALPARAISO;;;1440;;Colisão;Luz do Dia;;;Meio de Quadra;;;0;1;0;1;0;0;0;0;0;1;0;0;-38,533468;-3,837904
287081;6;5;2016;14:13;12837;AV DOMINGOS OLIMPIO;RUA JAIME BENEVOLO;;2281;;Colisão Lateral;Via Iluminada;Bom;Não informada;Cruz;Semáforo;Comercial;0;0;3;1;0;0;0;0;0;1;0;0;-38,527245;-3,73778
287079;6;5;2016;13:47;0;RUA GUIMARAES PASSOS;;;768;;Queda;Luz do Dia;;;Meio de Quadra;;;0;1;0;0;0;0;0;0;0;1;0;0;;
287075;6;5;2016;12:34;0;TR CAP ARAGAO;;;798;;Colisão;Luz do Dia;;;Meio de Quadra;;;0;1;0;1;0;0;0;0;0;1;0;0;;
287076;6;5;2016;12:38;0;RUA MARIO A ARARIPE;;;3339;;Colisão;Luz do Dia;;;Meio de Quadra;;;0;1;0;0;0;0;0;0;0;0;0;0;;
287077;6;5;2016;13:41;0;AV PLACIDO CASTELO;;;;;Atropelamento;Luz do Dia;;;Meio de Quadra;;;0;1;0;0;0;0;0;0;0;1;0;0;;
287089;6;5;2016;14:46;22200;RUA CEL MOZART GONDIM;AV SGT HERMINIO SAMPAIO;;;;Colisão;Luz do Dia;;;;;;0;1;0;1;0;0;0;0;0;1;0;0;-38,561327;-3,726516
281343;6;5;2016;01:03;1267;RUA COSTA BARROS;RUA NUNES VALENTE;;;;Colisão;;;;Cruz;Gesto;Residencial;0;0;2;1;1;0;0;0;0;0;0;0;-38,502761;-3,733224
281350;6;5;2016;11:43;0;RUA BARBOSA DE FREITAS;;;1440;;Colisão Transversal;Luz do Dia;Bom;Seca;Meio de Quadra;Não Há Controle;Comercial;0;0;2;0;0;0;1;0;0;0;0;0;-38,49796;-3,738397
281354;6;5;2016;11:58;25394;RUA ALEMANHA;RUA CASIMIRO DE ABREU;;;;Colisão;Luz do Dia;;;Cruz;Pare;Residencial;0;0;2;1;0;0;0;0;0;0;0;0;-38,560984;-3,77981
281360;6;5;2016;12:52;15371;AV DOM LUIS;RUA PRO DIAS DA ROCHA;;;;Colisão Transversal;Luz do Dia;Bom;Seca;Cruz;Pare;Comercial;0;0;2;1;1;0;0;0;0;0;0;0;-38,491572;-3,735126
281361;6;5;2016;14:54;0;AV PRS COSTA E SILVA;;;1347;;Colisão Traseira;Luz do Dia;Bom;Seca;Meio de Quadra;;Misto;0;0;2;1;1;0;0;0;0;0;0;0;;
281362;6;5;2016;18:25;25056;RUA ALM JACEGUAI;RUA PESSOA ANTA;;;;Colisão Lateral;Via Iluminada;Bom;Seca;T;Semáforo;Comercial;0;0;2;1;1;0;0;0;0;0;0;0;-38,519363;-3,720749
281463;6;5;2016;18:37;0;RUA CASIMIRO DE ABREU;;;;;Colisão;;;;Meio de Quadra;;;0;0;2;1;1;0;0;0;0;0;0;0;;
281464;6;5;2016;19:24;0;RUA OSVALDO CRUZ (ALDEOTA);;;2321;;Colisão Transversal;Via Iluminada;Bom;Seca;Meio de Quadra;Não Há Controle;Residencial;0;0;2;1;0;0;0;0;0;0;0;0;-38,503844;-3,746506
281516;6;5;2016;19:55;4630;RUA BOTELHO MAGALHAES;AV VIENA WEYNE;;;;Colisão;;;;Cruz;Pare;Comercial;0;0;2;1;0;0;0;0;0;0;0;0;-38,491573;-3,801029
283999;6;5;2016;04:10;0;RD BR 116;;;700;KM-05;Choque c/ Obstáculo Fixo;;Bom;Molhada;Meio de Quadra;;;0;1;0;1;0;0;0;0;0;0;0;0;-38,5091;-3,791713
284155;6;5;2016;09:30;0;RD BR 116;;;400;KM-10;Colisão Traseira;Luz do Dia;Bom;Seca;Meio de Quadra;;;0;1;1;1;0;0;0;0;0;1;0;0;-38,50066273;-3,840077107
282827;6;5;2016;20:10;0;RUA VALPARAISO;;;1440;;Colisão Traseira;;Bom;Seca;Meio de Quadra;Não Há Controle;Misto;0;1;1;0;0;0;0;0;0;1;0;0;-38,533468;-3,837904
282857;6;5;2016;20:45;0;AV BEIRA MAR;;;3300;;Colisão Lateral;Via Iluminada;Bom;Seca;Meio de Quadra;Não Há Controle;Lazer;0;0;2;1;0;0;0;0;0;0;0;0;-38,491524;-3,725557
282853;6;5;2016;21:40;5448;RUA METON DE ALENCAR;RUA BAR ARATANHA;;;;Colisão Transversal;Via Iluminada;Bom;Seca;Cruz;Pare;Comercial;0;0;2;1;0;0;0;0;0;0;0;0;-38,527028;-3,734847
282854;6;5;2016;14:30;13937;RUA VER PEDRO PAULO MOREIRA;RUA IEDA PEREIRA;;;;Colisão Lateral;Luz do Dia;Bom;Seca;Cruz;Pare;Residencial;0;1;1;1;0;0;0;0;0;1;0;0;-38,488151;-3,78707
282855;6;5;2016;14:20;0;AV SANTOS DUMONT;;;2767;;Colisão Traseira;Luz do Dia;Bom;Seca;Meio de Quadra;Não Há Controle;Comercial;0;1;1;1;0;0;0;0;0;1;0;0;-38,500238;-3,735628
282848;6;5;2016;15:30;0;AV DOM MANUEL;;;1305;;Colisão Traseira;Luz do Dia;Bom;Seca;Meio de Quadra;Não Há Controle;Comercial;0;0;2;1;0;0;0;0;0;0;0;0;-38,523436;-3,735498
282849;6;5;2016;21:30;0;AV DEP PAULINO ROCHA;RUA JOR ANTONIO P TAVARES;;;;Atropelamento;Via Iluminada;Bom;Seca;Meio de Quadra;Semáforo;Comercial;0;1;1;0;0;0;0;0;0;0;0;0;-38,511317;-3,811714
282850;6;5;2016;07:20;13505;AV RUI BARBOSA;RUA CEL ALVES TEIXEIRA;;;;Colisão Transversal;Luz do Dia;Bom;Seca;Cruz;Pare;Comercial;0;0;2;1;0;0;0;0;0;0;0;0;-38,512684;-3,746112
282842;6;5;2016;18:25;0;AV PERIMETRAL;;;;;Colisão Lateral;Mal Iluminada;Bom;Seca;Meio de Quadra;Semáforo Manual;Residencial;0;0;2;1;1;0;0;0;0;0;0;0;;
282772;6;5;2016;01:00;24979;AV ALM HENRIQUE SABOIA;RUA PRO FRANCISCO GONCALVES;;;;Colisão Traseira;Via Iluminada;Nublado;Seca;T;Pare;Residencial;0;1;2;1;0;0;0;0;0;1;0;0;-38,493668;-3,749278
282791;6;5;2016;22:00;0;RUA BERNARDO MANUEL;;;7842;;Colisão Transversal;Via Iluminada;Bom;Seca;Meio de Quadra;Não Há Controle;Comercial;0;0;2;1;0;0;0;0;0;0;0;0;-38,547578;-3,78626
282803;6;5;2016;10:00;1425;AV BAR STUDART;RUA JOAO CARVALHO;;;;Atropelamento;Luz do Dia;Nublado;Seca;Cruz;Semáforo;Comercial;0;1;1;0;0;0;0;0;0;1;0;0;-38,507567;-3,737632
282797;6;5;2016;14:05;5206;RUA SAO JOSE D03;RUA SEN ALMIR PINTO;;;;Colisão Lateral;Luz do Dia;Bom;Seca;Cruz;Gesto;Comercial;0;0;2;1;0;0;0;0;0;0;0;0;-38,523664;-3,726414
282767;6;5;2016;00:30;22200;AV SGT HERMINIO SAMPAIO;RUA MAJ VERISSIMO;;;;Colisão Transversal;Luz do Dia;Bom;Seca;Cruz;Pare;Misto;0;1;1;0;1;0;0;0;1;0;0;0;-38,561327;-3,726516
282764;7;5;2016;13:50;0;AV GAL MURILO BORGES;;;;;Colisão Transversal;Luz do Dia;;;Meio de Quadra;;;0;1;1;1;0;0;0;0;0;1;0;0;;
282762;7;5;2016;01:40;1437;RUA JOAO CARVALHO;RUA SILVA PAULET;;;;Colisão Transversal;;;;Cruz;Pare;Comercial;0;1;1;1;0;0;0;0;0;0;0;0;-38,506557;-3,737966
282760;7;5;2016;21:00;0;RUA GERMANO FRANCK;;;935;;Colisão Transversal;Luz do Dia;;;Meio de Quadra;;;0;0;2;1;0;0;0;0;0;0;0;0;-38,564127;-3,779024
282752;7;5;2016;20:10;25942;AV SGT HERMINIO SAMPAIO;AV JOSE BASTOS;;;;Engavetamento;;;;Cruz;Semáforo;Comercial;0;2;3;0;1;0;0;1;0;0;0;0;;
282754;7;5;2016;09:08;0;AV ABOLICAO;;;3793;;Colisão Lateral;Luz do Dia;;;Meio de Quadra;;;0;0;2;1;1;0;0;0;0;0;0;0;-38,485498;-3,725644
282755;7;5;2016;23:30;0;RUA CEL MATOS DOURADO;;;499;;Colisão Traseira;Via Iluminada;Bom;Seca;Meio de Quadra;Não Há Controle;Residencial;0;1;3;1;0;0;0;0;0;1;0;0;-38,585054;-3,743026
282749;7;5;2016;22:12;5366;AV DUQ CAXIAS;RUA SEN POMPEU;;;;Colisão Traseira;;;;Cruz;Semáforo;Comercial;0;1;2;1;0;0;0;0;0;1;0;0;-38,530994;-3,73143
282747;7;5;2016;16:30;3789;AV 13 DE MAIO;RUA WALDERY UCHOA;;;;Colisão Transversal;Luz do Dia;;;Cruz;Pare;Comercial;0;0;2;1;0;0;0;0;0;0;0;0;-38,537427;-3,742399
282745;7;5;2016;08:00;3905;RUA PDE CICERO;RUA CARLOS CAMARA;;;;Colisão Transversal;Luz do Dia;;;Cruz;Pare;Residencial;0;2;1;1;0;0;0;0;0;0;0;0;-38,542599;-3,746473
282734;7;5;2016;19:30;6545;AV H CJ CEARA;AV A CJ CEARA;;;;Colisão Transversal;;;;;;;0;0;2;1;0;0;0;0;0;0;0;0;-38,605924;-3,775146
282732;7;5;2016;21:15;0;RUA VITAL BRASIL;;;;;Colisão Lateral;;;;Meio de Quadra;;;0;0;2;1;1;0;0;0;0;0;0;0;;
282800;7;5;2016;06:50;0;AV DR SILAS MUNGUBA;;;;;Colisão Traseira;Luz do Dia;;;Meio de Quadra;;;0;2;0;0;0;0;0;0;0;1;0;0;;
282802;7;5;2016;07:02;26077;AV DUQ CAXIAS;AV JOSE JATAHY;;;;Colisão Lateral;Luz do Dia;;;T;Pare;Comercial;0;1;1;1;0;0;0;0;0;1;0;0;;
282792;7;5;2016;15:40;0;RUA CON DE CASTRO;;;;;Outros;Luz do Dia;;;Meio de Quadra;;;0;1;1;1;0;0;0;0;0;1;0;0;;
282788;7;5;2016;08:10;15327;AV SEN VIRGILIO TAVORA;RUA ANA BILHAR;;;;Colisão Transversal;Luz do Dia;;;Cruz;Semáforo;Residencial;0;0;2;1;0;0;0;0;0;0;0;0;-38,491262;-3,730893
282789;7;5;2016;19:00;0;AV GAL OSORIO DE PAIVA;;;1844;;Colisão Lateral;;;;Meio de Quadra;;;0;0;2;1;1;0;0;0;0;0;0;0;-38,578096;-3,782985
282795;7;5;2016;11:10;0;RUA TUPI D35;;;1644;;Engavetamento;Luz do Dia;;;Meio de Quadra;;;0;1;1;0;0;0;0;0;0;1;0;0;-38,584742;-3,771351
282730;7;5;2016;12:50;15347;AV DOM LUIS;RUA TIBURCIO CAVALCANTE;;;;Colisão Lateral;Luz do Dia;;;T;Semáforo;Comercial;0;0;2;1;1;0;0;0;0;0;0;0;-38,501313;-3,732021
282726;7;5;2016;16:30;1316;AV SANTOS DUMONT;RUA TIBURCIO CAVALCANTE;;;;Colisão Lateral;Luz do Dia;;;Cruz;Semáforo;Comercial;0;0;2;1;0;0;0;0;0;0;0;0;-38,502259;-3,734979
282724;7;5;2016;00:10;0;AV AMERICO BARREIRA;;;3203;;Choque c/ Obstáculo Fixo;;;;Meio de Quadra;;;0;0;1;1;0;0;0;0;0;0;0;0;;