COD_ACIDENTE;DIA;MES;ANO;HORA;INTERSECAO;LOG1;LOG2;LOG3;NUMERO;REFERENCIA;NATUREZA;ILUMINACAO;TEMPO;SUPERFICIEPISTA;TIPOCRUZAMENTO;CONTROLETRAFEGO;USOSOLO;MORTOS;FERIDOS;ILESOS;AUTOMOVEL;ONIBUS;BICICLETA;CAMINHAO;MICROONIBUS;CICLOMOTOR;MOTOCICLETA;TRACAOANIMAL;TREM;LONG;LAT
282826;7;5;2016;16:25;21395;RUA CON BRAVEZA;RUA MAL LOTT;;;;Colisão Transversal;Luz do Dia;;;Cruz;Pare;Residencial;0;0;2;1;1;0;0;0;0;0;0;0;-38,49624;-3,801369
282829;7;5;2016;00:41;0;AV PRS COSTA E SILVA;;;1251;;Capotamento;;;;Meio de Quadra;;;0;0;1;0;0;0;0;0;0;0;0;0;-38,569099;-3,815002
282818;7;5;2016;08:30;17613;RUA PIAUI;RUA ACRE;;;;Colisão Transversal;Luz do Dia;;;;;;0;0;2;0;0;0;0;0;0;1;0;0;-38,564044;-3,758417
282831;7;5;2016;20:00;5407;AV DUQ CAXIAS;RUA SOLON PINHEIRO;;;;Colisão Traseira;;;;Cruz;Semáforo;Comercial;0;0;2;1;0;0;0;0;0;0;0;0;-38,527034;-3,732704
282809;7;5;2016;;0;AV 13 DE MAIO;;;;;Colisão Traseira;;;;Meio de Quadra;;;0;1;1;1;0;0;0;0;0;1;0;0;;
282806;7;5;2016;09:30;5269;AV DUQ CAXIAS;RUA PDE IBIAPINA;;;;Colisão Lateral;Luz do Dia;;;Cruz;Semáforo;Comercial;0;0;2;1;0;0;0;0;0;0;0;0;-38,540226;-3,728446
282807;7;5;2016;10:20;0;AV BEZERRA DE MENEZES;;;2714;HABBIB'S;Colisão Lateral;Luz do Dia;;;Meio de Quadra;;;0;1;2;0;1;0;0;0;0;1;0;0;-38,568945;-3,736593
282822;7;5;2016;04:10;0;RUA PDE MORORO;;;805;;Choque c/ Obstáculo Fixo;;;;Meio de Quadra;;;0;0;1;1;0;0;0;0;0;0;0;0;-38,536975;-3,723811
282813;7;5;2016;16:00;15292;AV ANTONIO JUSTA;RUA FRE MANSUETO;;;;Colisão Lateral;Luz do Dia;;;Cruz;Pare;Residencial;0;0;2;1;1;0;0;0;0;0;0;0;-38,48895;-3,729381
282815;7;5;2016;08:20;0;RUA JULIO BRAGA;;;1346;;Colisão Lateral;Luz do Dia;;;Meio de Quadra;;;0;1;1;1;0;0;0;0;0;1;0;0;-38,582959;-3,774466
284157;7;5;2016;20:00;0;RD BR 116;;;0;KM-01;Colisão Lateral;;Bom;Seca;Meio de Quadra;;;0;2;1;0;0;0;0;0;0;1;0;0;-38,51861693;-3,7628504
284160;7;5;2016;21:30;0;RD BR 116;;;0;KM-07;Colisão Traseira;;Bom;Seca;Meio de Quadra;;;3;0;3;1;0;0;0;0;0;0;0;0;-38,50135403;-3,814567428
281534;7;5;2016;23:38;0;AV GODOFREDO MACIEL;;;2947;DETRAN;Colisão;;;;Meio de Quadra;;;0;0;3;1;0;0;0;0;0;0;0;0;-38,571377;-3,801128
281523;7;5;2016;15:20;25071;AV DOS EXPEDICIONARIOS;RUA TEODORICO BARROSO;;;;Colisão;Luz do Dia;;;Cruz;Pare;Comercial;0;0;2;1;0;0;0;1;0;0;0;0;-38,541696;-3,766646
281530;7;5;2016;21:07;0;AV H CJ CEARA;;;;;Colisão;;;;Meio de Quadra;;;0;0;2;1;0;0;0;0;0;0;0;0;;
281531;7;5;2016;21:58;19343;AV GAL OSORIO DE PAIVA;RUA LEONEL CHAVES;;;;Colisão Transversal;Via Iluminada;Bom;Seca;T;Pare;Residencial;0;1;3;1;1;0;0;0;0;0;0;0;-38,567183;-3,776069
287181;7;5;2016;02:37;1433;RUA DES LEITE ALBUQUERQUE;RUA LEONARDO MOTA;;;;Colisão;;;;Cruz;Semáforo;Comercial;0;1;0;1;0;0;0;0;0;1;0;0;-38,496708;-3,737862
287182;7;5;2016;02:44;0;AV DR SILAS MUNGUBA;;;2259;;Colisão;;;;Meio de Quadra;;;0;1;0;0;0;0;0;0;0;1;0;0;-38,551248;-3,78583
287171;7;5;2016;00:54;0;AV PRS COSTA E SILVA;;;;;Colisão;;;;Meio de Quadra;;;0;1;0;0;0;0;0;0;0;0;0;0;;
287173;7;5;2016;01:23;0;RUA PDE MORORO;;;806;;Colisão;;;;Meio de Quadra;;;0;1;0;0;0;0;0;0;0;0;0;0;-38,53702;-3,723954
287174;7;5;2016;01:40;0;TERM TERMINAL DA PARANGABA;;;;;Atropelamento;;;;Meio de Quadra;;;0;1;0;0;1;0;0;0;0;0;0;0;;
287175;7;5;2016;01:42;0;AV ABOLICAO;;;;;Colisão;;;;Meio de Quadra;;;0;1;0;0;0;0;0;0;0;0;0;0;;
287176;7;5;2016;02:32;2976;RUA MARIA JULIA;RUA SAO FRANCISCO D50;;;;Colisão;;;;Cruz;Pare;Comercial;0;2;0;1;0;0;0;0;0;1;0;0;-38,602742;-3,80092
287201;7;5;2016;05:02;17587;RUA PARA;RUA ACRE;;;;Colisão;Amanhecer;;;Cruz;Pare;Residencial;0;1;0;1;0;0;0;0;0;1;0;0;-38,562527;-3,756037
287202;7;5;2016;05:15;17372;RUA IRM BAZET;RUA QUEIROZ RIBEIRO;;;;Colisão;Amanhecer;;;Cruz;Pare;Misto;0;1;0;0;0;0;0;0;0;1;0;0;-38,549039;-3,766677
287203;7;5;2016;06:12;11663;RUA JOAQUIM M DE MACEDO;RUA VIS CAUIPE;;;;Colisão;Luz do Dia;;;T;Pare;Residencial;0;1;0;1;0;0;0;0;0;1;0;0;-38,588375;-3,770317
287204;7;5;2016;06:33;0;AV JOAO PESSOA;;;5700;;Colisão;Luz do Dia;;;Meio de Quadra;;;0;1;0;0;0;0;0;0;0;0;0;0;-38,556474;-3,760267
287205;7;5;2016;07:26;0;RUA MARANGUAPE D50;;;1350;;Colisão;Luz do Dia;;;Meio de Quadra;;;0;1;0;0;0;0;0;0;0;0;0;0;;
287206;7;5;2016;08:26;2486;AV FRANCISCO SA;RUA SEN ROBERT KENNEDY;;;;Colisão Transversal;Não Informado;Bom;Seca;Cruz;Pare;Comercial;0;3;2;1;0;0;0;0;0;1;0;0;-38,581426;-3,70914
287191;7;5;2016;04:51;17372;RUA QUEIROZ RIBEIRO;RUA IRM BAZET;;;;Colisão;;;;Cruz;Pare;Misto;0;2;0;1;0;0;0;0;0;1;0;0;-38,549039;-3,766677
287189;7;5;2016;03:27;0;AV JOSE BASTOS;;;;;Colisão;;;;Meio de Quadra;;;0;1;0;1;0;0;0;0;0;0;0;0;;
287186;7;5;2016;03:03;15743;RUA HERBENE;RUA MANUEL ARRUDA;;;;Colisão;;;;Cruz;Pare;Comercial;0;1;0;0;0;0;0;0;0;0;0;0;-38,504019;-3,828948
287184;7;5;2016;03:00;0;RUA SAO SEBASTIAO D62;;;229;;Atropelamento;;;;Meio de Quadra;;;0;1;0;0;0;0;0;0;0;0;0;1;-38,517019;-3,794666
287209;7;5;2016;09:33;0;RUA TUPI D35;;;1634;;Colisão;Luz do Dia;;;Meio de Quadra;;;0;1;0;1;0;0;0;0;0;1;0;0;-38,584696;-3,771262
287210;7;5;2016;09:50;0;RUA TEODOMIRO DE CASTRO;;;3843;;Colisão;Luz do Dia;;;Meio de Quadra;;;0;1;0;0;0;0;0;0;0;0;0;0;;
287211;7;5;2016;09:54;0;AV DR SILAS MUNGUBA;;;3490;;Colisão;Luz do Dia;;;Meio de Quadra;;;0;2;0;0;0;0;0;0;0;1;0;0;-38,542143;-3,789758
287212;7;5;2016;10:03;0;AV TEN LISBOA;;;3838;;Atropelamento;Luz do Dia;;;Meio de Quadra;;;0;1;0;0;0;0;1;0;0;0;0;0;-38,554704;-3,717564
287225;7;5;2016;11:54;12674;AV CEL CARVALHO;RUA GUILHERME MENDES;;;;Colisão;Luz do Dia;;;Cruz;Pare;Misto;0;1;0;0;0;0;0;0;0;1;0;0;-38,587094;-3,720651
287243;7;5;2016;12:13;0;RUA EDITE BRAGA;;;360;;Atropelamento;Luz do Dia;;;Meio de Quadra;;;0;1;0;0;0;0;0;0;0;1;0;0;;
287229;7;5;2016;11:59;0;AV D CJ JOSE WALTER;;;740;;Queda;Luz do Dia;;;Meio de Quadra;;;0;1;0;0;0;0;0;0;0;1;0;0;-38,559259;-3,830544
287285;7;5;2016;13:13;0;AV GAL OSORIO DE PAIVA;;;1620;;Colisão;Luz do Dia;;;Meio de Quadra;;;0;1;0;1;0;0;0;0;0;1;0;0;-38,576182;-3,781755
287270;7;5;2016;12:31;0;AV DEP PAULINO ROCHA;;;1853;;Colisão;Luz do Dia;;;Meio de Quadra;;;0;2;0;0;0;0;0;0;0;0;0;0;-38,513767;-3,811523
287272;7;5;2016;12:37;0;AV WASHINGTON SOARES;;;2400;;Colisão;Luz do Dia;;;Meio de Quadra;;;0;1;0;1;0;0;0;0;0;1;0;0;-38,481141;-3,78163
287339;7;5;2016;18:57;19565;RUA ROQUET PINTO;TR ARARIBOIA;;;;Colisão;;;;;;;0;1;0;0;0;0;0;0;0;0;0;0;-38,568128;-3,783541
287340;7;5;2016;19:02;0;AV MAE LISBOA;;;3080;;Queda;;;;Meio de Quadra;;;0;1;0;0;0;0;0;0;0;1;0;0;-38,44649;-3,805186
287341;7;5;2016;19:25;0;AV CESAR CALS;;;1000;;Colisão;;;;Meio de Quadra;;;0;1;0;1;0;0;0;0;0;1;0;0;-38,461598;-3,726462
287329;7;5;2016;17:17;0;AV MAJ ASSIS;;;1167;;Queda;Anoitecer;;;Meio de Quadra;;;0;1;0;0;0;0;0;0;0;1;0;0;-38,589777;-3,723441
287330;7;5;2016;17:22;0;RUA SILVEIRA FILHO;;;938;;Queda;Anoitecer;;;Meio de Quadra;;;0;1;0;0;0;1;0;0;0;0;0;0;-38,577684;-3,773498
287317;7;5;2016;16:48;0;AV DR SILAS MUNGUBA;;;5541;;Choque c/ Obstáculo Fixo;Via Iluminada;Bom;Seca;Meio de Quadra;Semáforo;Comercial;0;0;3;1;0;0;0;0;0;1;0;0;-38,530157;-3,800821
287318;7;5;2016;16:54;2962;RUA PEDRO MARTINS;RUA MARIA JULIA;;;;Colisão;Luz do Dia;;;Cruz;;Residencial;0;2;0;0;0;0;0;0;0;1;0;0;-38,601929;-3,799245
287319;7;5;2016;17:03;15623;RUA VASCO DE ATAIDE;RUA VICENTE NOBRE MACEDO;;;;Colisão;Anoitecer;;;Cruz;Pare;Residencial;0;1;0;1;0;0;0;0;0;1;0;0;-38,484238;-3,824367
287326;7;5;2016;17:09;0;RUA COSTA BARROS;;;82;;Queda;Anoitecer;;;Meio de Quadra;;;0;1;0;0;0;0;0;0;0;1;0;0;;
287310;7;5;2016;16:35;0;AV A CJ JOSE WALTER;;;670;;Colisão;Luz do Dia;;;Meio de Quadra;;;0;2;0;0;0;0;0;0;0;0;0;0;-38,556329;-3,82419
287308;7;5;2016;16:10;0;RUA TEODOMIRO DE CASTRO;;;6468;;Colisão;Luz do Dia;;;Meio de Quadra;;;0;2;0;0;0;0;0;0;0;0;0;0;-38,578119;-3,71636
287305;7;5;2016;15:36;0;RUA OFIR;;;447;;Colisão;Luz do Dia;;;Meio de Quadra;;;0;1;0;1;0;0;0;0;0;1;0;0;;
287300;7;5;2016;14:56;0;RUA CON DE CASTRO;;;780;;Colisão;Luz do Dia;;;Meio de Quadra;;;0;2;0;1;0;0;0;0;0;1;0;0;-38,569104;-3,780301
287297;7;5;2016;14:02;0;RUA SAO PAULO;;;2093;;Colisão;Luz do Dia;;;Meio de Quadra;;;0;1;0;0;0;0;0;0;0;1;0;0;-38,54409;-3,720589
287374;7;5;2016;23:11;5366;AV DUQ CAXIAS;RUA SEN POMPEU;;;;Colisão;;;;Cruz;Semáforo;Comercial;0;2;0;1;0;0;0;0;0;1;0;0;-38,530994;-3,73143
287387;7;5;2016;23:36;0;AV MIN JOSE AMERICO;;;400;;Colisão;;;;Meio de Quadra;;;0;1;0;0;0;0;0;0;0;0;0;0;-38,496139;-3,811386
287383;7;5;2016;23:32;0;RUA CEL JUCA;;;890;;Colisão;;;;;;;0;1;0;1;0;0;0;0;0;1;0;0;-38,491896;-3,739513
287381;7;5;2016;23:23;3030;RUA DIOGO CORREIA;RUA ANDRE REBOUCAS;;;;Colisão;;;;Cruz;Semáforo;Comercial;0;1;1;1;0;0;0;0;0;1;0;0;-38,588606;-3,774008
287361;7;5;2016;22:44;0;RD BR 116;;;;;Colisão;;;;Meio de Quadra;;;0;2;0;1;0;0;0;0;0;0;0;0;;
287359;7;5;2016;21:50;7752;AV JOAO PESSOA;AV CARNEIRO DE MENDONCA;;;;Queda;Via Iluminada;Bom;Seca;T;Semáforo;Comercial;1;0;1;0;0;0;0;0;0;1;0;0;-38,559808;-3,767222
287355;7;5;2016;21:28;0;AV SGT HERMINIO SAMPAIO;;;659;;Acidente Pessoal;;;;Meio de Quadra;;;0;1;0;0;1;0;0;0;0;0;0;0;-38,546313;-3,724645
287356;7;5;2016;21:47;0;RUA GUILHERME BLHUM;;;35;;Colisão;;;;Meio de Quadra;;;0;1;0;0;0;0;0;0;0;0;0;0;;
287353;7;5;2016;21:11;0;AV PRS CASTELO BRANCO;;;;;Colisão;;;;Meio de Quadra;;;0;1;0;0;0;0;0;0;0;0;0;0;;
287351;7;5;2016;20:50;0;AV PONTES VIEIRA;;;2086;;Colisão;;;;Meio de Quadra;;;0;1;2;1;0;0;0;0;0;1;0;0;-38,502985;-3,751491
287349;7;5;2016;20:44;0;AV SGT HERMINIO SAMPAIO;;;709;;Colisão;;;;Meio de Quadra;;;0;1;0;1;0;0;0;0;0;0;0;0;-38,546991;-3,724602
287344;7;5;2016;19:34;0;RUA BERNARDO MANUEL;;;10798;;Colisão;;;;Meio de Quadra;;;0;1;0;1;0;0;0;0;0;1;0;0;-38,556039;-3,813871
287346;7;5;2016;20:03;0;RUA STA MARIA GORETE;;;2976;;Colisão;;;;Meio de Quadra;;;0;2;0;1;0;0;0;0;0;1;0;0;;
287333;7;5;2016;17:53;0;RUA SAO BENEDITO;;;5;;Queda;Anoitecer;;;Meio de Quadra;;;0;1;0;0;0;0;0;0;0;1;0;0;;
287390;7;5;2016;23:48;0;AV PERIMETRAL;;;454;;Colisão;;;;Meio de Quadra;;;0;1;0;1;0;0;0;0;0;1;0;0;;
287391;7;5;2016;00:12;0;RUA BOM JESUS (GRANJA LISBOA);;;2693;;Colisão;;;;Meio de Quadra;;;0;2;0;0;0;0;0;0;0;0;0;0;-38,61741;-3,789204
287283;7;5;2016;13:09;0;AV GODOFREDO MACIEL;;;;;Colisão;Luz do Dia;;;Meio de Quadra;;;0;1;0;0;0;0;0;0;0;0;0;0;;
287165;7;5;2016;00:20;0;AV N CJ JOSE WALTER;;;850;;Colisão;;;;Meio de Quadra;;;0;1;0;0;0;0;0;0;0;0;0;0;;
289304;7;5;2016;11:10;15817;RUA PERGENTINO MAIA;RUA PEDRO ESTANISLAU;;;;Colisão;Luz do Dia;;;;;;0;0;1;0;0;0;0;0;0;0;0;0;-38,483476;-3,832184
289317;7;5;2016;11:13;0;RUA BERNARDO MANUEL;;;8241;;Colisão;Luz do Dia;;;Meio de Quadra;;;0;0;1;0;0;0;0;0;0;0;0;0;-38,549248;-3,791601
289319;7;5;2016;11:21;13070;AV JOAO DE ARAUJO LIMA;AV C CJ JOSE WALTER;;;;Colisão;Luz do Dia;;;Cruz;Semáforo;Residencial;0;0;1;0;0;0;0;0;0;0;0;0;-38,559368;-3,827604
289327;7;5;2016;11:50;0;AV CARNEIRO DE MENDONCA;;;;;Colisão;Luz do Dia;;;Meio de Quadra;;;0;0;1;0;0;0;0;0;0;0;0;0;;
289241;7;5;2016;06:37;0;AV GAL OSORIO DE PAIVA;;;3950;;Colisão;Luz do Dia;;;Meio de Quadra;;;0;0;1;0;0;0;0;0;0;0;0;0;-38,590209;-3,79254
289243;7;5;2016;06:58;0;AV VICENTE DE CASTRO;;;;;Colisão;Luz do Dia;;;Meio de Quadra;;;0;0;1;0;0;0;0;0;0;0;0;0;;
289260;7;5;2016;09:04;0;RUA QUEIROZ RIBEIRO;;;954;;Colisão;Luz do Dia;;;Meio de Quadra;;;0;0;1;0;0;0;0;0;0;0;0;0;-38,548841;-3,766443
289264;7;5;2016;10:02;0;RUA OLIVEIRA SOBRINHO;;;2267;;Colisão;Luz do Dia;;;Meio de Quadra;;;0;0;1;0;0;0;0;0;0;0;0;0;-38,602196;-3,778326
289270;7;5;2016;10:03;13156;AV D CJ JOSE WALTER;AV J CJ JOSE WALTER;;;;Colisão;Luz do Dia;;;T;Pare;Rural;0;0;1;0;0;0;0;0;0;0;0;0;-38,555832;-3,831599
289272;7;5;2016;10:38;0;AV JOSE BASTOS;;;5750;DEMOCRITO ROCHA;Colisão;Luz do Dia;;;Meio de Quadra;;;0;0;1;0;0;0;0;0;0;0;0;0;-38,565463;-3,762086
289336;7;5;2016;11:52;0;AV PAROARAS;;;;;Colisão;Luz do Dia;;;Meio de Quadra;;;0;0;1;0;0;0;0;0;0;0;0;0;;
289338;7;5;2016;12:29;0;AV PRS JUSCELINO KUBITSCHEK (PASSARÉ);;;3750;;Colisão;Luz do Dia;;;Meio de Quadra;;;0;0;1;0;0;0;0;0;0;0;0;0;;
289340;7;5;2016;12:30;0;AV RECREIO D64;;;;LAGOA BEACH SHOW;Colisão;Luz do Dia;;;Meio de Quadra;;;0;0;1;0;0;0;0;0;0;0;0;0;;
289351;7;5;2016;12:31;0;AV PRO GOMES DE MATOS;;;;;Colisão;Luz do Dia;;;Meio de Quadra;;;0;0;1;0;0;0;0;0;0;0;0;0;;
289352;7;5;2016;12:39;12405;AV LINEU MACHADO;RUA JOCKEY CLUBE;;;;Colisão;Luz do Dia;;;Outros;Outros;Residencial;0;0;1;0;0;0;0;0;0;0;0;0;-38,576001;-3,764186
289354;7;5;2016;13:14;0;RUA CARLOS AMORA;;;;IGREJA DA PARANGABA;Colisão;Luz do Dia;;;Meio de Quadra;;;0;0;1;0;0;0;0;0;0;0;0;0;;
289355;7;5;2016;13:25;9575;RUA TEODORO DE CASTRO;RUA SAO LUIZ DO OESTE;;;;Colisão;Luz do Dia;;;Cruz;Pare;Residencial;0;0;1;0;0;0;0;0;0;0;0;0;-38,609112;-3,778623
289357;7;5;2016;13:28;12405;AV LINEU MACHADO;RUA JOCKEY CLUBE;;;;Colisão;Luz do Dia;;;Outros;Outros;Residencial;0;0;1;0;0;0;0;0;0;0;0;0;-38,576001;-3,764186
289358;7;5;2016;13:29;6766;AV PDE ANTONIO TOMAS;RUA PRO OTAVIO LOBO;;;;Colisão;Luz do Dia;;;Cruz;Semáforo;Comercial;0;0;1;0;0;0;0;0;0;0;0;0;-38,47994;-3,746548
289359;7;5;2016;13:32;0;RUA DR JOSE LOURENCO;;;500;;Colisão;Luz do Dia;;;Meio de Quadra;;;0;0;1;0;0;0;0;0;0;0;0;0;-38,505817;-3,728427
289362;7;5;2016;13:35;0;AV JOR THOMAZ COELHO;;;245;TERM. MESSEJANA;Colisão;Luz do Dia;;;Meio de Quadra;;;0;0;1;0;0;0;0;0;0;0;0;0;-38,502049;-3,831867
289368;7;5;2016;14:35;0;AV SANTOS DUMONT;;;;;Atropelamento;Luz do Dia;;;Meio de Quadra;;;0;1;1;0;0;0;0;0;0;0;0;0;;
289369;7;5;2016;15:05;12379;RUA ALUISIO AZEVEDO;RUA AGUAPE;;;;Outros;Luz do Dia;;;Cruz;Pare;Residencial;0;0;1;0;0;0;0;0;0;0;0;0;-38,574238;-3,772843
289370;7;5;2016;15:33;19654;AV BEZERRA DE MENEZES;RUA PRO NOGUEIRA;;;;Colisão;Luz do Dia;;;Cruz;Pare;Comercial;0;0;1;0;0;0;0;0;0;0;0;0;-38,549985;-3,732672
289366;7;5;2016;14:00;0;RUA MARTINS NETO;;;750;;Colisão;Luz do Dia;;;Meio de Quadra;;;0;0;1;0;0;0;0;0;0;0;0;0;-38,592006;-3,740807
289432;7;5;2016;15:53;0;RUA ALBANO AMARAL;;;892;;Colisão;Luz do Dia;;;Meio de Quadra;;;0;0;1;0;0;0;0;0;0;0;0;0;;
289433;7;5;2016;16:48;0;AV CARAPINIMA;;;1894;;Colisão Traseira;Anoitecer;Bom;Seca;Meio de Quadra;Semáforo;Comercial;0;0;4;1;1;0;0;0;0;0;0;0;-38,537929;-3,737883
289434;7;5;2016;17:02;0;RUA TEODOMIRO DE CASTRO;;;6482;;Colisão;Anoitecer;;;Meio de Quadra;;;0;0;1;0;0;0;0;0;0;0;0;0;-38,578427;-3,716252
289435;7;5;2016;17:36;2962;RUA MARIA JULIA;RUA PEDRO MARTINS;;;;Colisão;Anoitecer;;;Cruz;;Residencial;0;0;1;0;0;0;0;0;0;0;0;0;-38,601929;-3,799245
289436;7;5;2016;17:51;6756;AV ANTONIO SALES;AV ENG SANTANA JUNIOR;;;;Colisão;Anoitecer;;;Outros;Não Há Controle;Comercial;0;0;1;0;0;0;0;0;0;0;0;0;-38,490039;-3,749257
289437;7;5;2016;18:36;0;AV PERIMETRAL;;;3000;MOTEL 3000;Colisão;;;;Meio de Quadra;;;0;0;1;0;0;0;0;0;0;0;0;0;-38,521973;-3,828854
289466;7;5;2016;19:35;7790;AV PONTES VIEIRA;AV DES MOREIRA;;;;Colisão;;;;Cruz;Semáforo;Comercial;0;0;1;0;0;0;0;0;0;0;0;0;-38,503254;-3,751526
289473;7;5;2016;19:52;12871;RUA BAR ARATANHA;RUA JOAQUIM MAGALHAES;;;;Colisão;;;;Cruz;Pare;Residencial;0;0;1;0;0;0;0;0;0;0;0;0;-38,528666;-3,739716
289485;7;5;2016;20:51;0;AV PRS COSTA E SILVA;;;176;;Colisão;;;;Meio de Quadra;;;0;0;1;0;0;0;0;0;0;0;0;0;;
289488;7;5;2016;20:52;25942;AV SGT HERMINIO SAMPAIO;AV JOSE BASTOS;;;;Colisão;;;;Cruz;Semáforo;Comercial;0;0;1;0;0;0;0;0;0;0;0;0;;
289504;7;5;2016;20:53;21596;RUA COM GARCIA;RUA LUIS VIEIRA;;;;Colisão;;;;Cruz;Outros;Residencial;0;0;1;0;0;0;0;0;0;0;0;0;-38,586346;-3,796632
289560;7;5;2016;20:55;25163;RUA MARIA JULIA ROCHA;RUA SAO FRANCISCO D34;;;;Colisão;;;;Cruz;Pare;Comercial;0;0;1;0;0;0;0;0;0;0;0;0;;
289604;7;5;2016;22:22;4250;RUA PDE ANCHIETA;AV FRANCISCO SA;;;;Colisão;;;;Cruz;Semáforo;Comercial;0;0;1;0;0;0;0;0;0;0;0;0;-38,549538;-3,719988
289665;7;5;2016;22:36;0;AV GODOFREDO MACIEL;;;2546;;Colisão;;;;Meio de Quadra;;;0;0;1;0;0;0;0;0;0;0;0;0;;
289691;7;5;2016;22:39;0;RUA VILA VELHA;;;169;;Colisão;;;;Meio de Quadra;;;0;0;1;0;0;0;0;0;0;0;0;0;;
285375;7;5;2016;04:10;0;AV MIN JOSE AMERICO;;;;;Choque c/ Obstáculo Fixo;;Bom;Seca;Meio de Quadra;;;0;0;1;1;0;0;0;0;0;0;0;0;;
285376;7;5;2016;11:10;0;RD CE-040;;;;KM-13;Colisão;Luz do Dia;Bom;Seca;Meio de Quadra;;;0;0;2;0;0;0;1;0;0;0;0;0;;
300825;7;5;2016;10:34;10819;RUA PRO HERIBALDO COSTA;RUA GOIANIA;;0;;Colisão Transversal;Luz do Dia;Bom;Não informada;Cruz;Não Há Controle;Comercial;0;0;2;1;0;0;0;0;0;0;0;0;-38,585962;-3,763983
300827;8;5;2016;09:00;0;RUA RAUL CABRAL;;;158;;Colisão Lateral;Luz do Dia;Bom;Seca;Cruz;Pare;Residencial;0;0;2;1;0;0;0;0;0;0;0;0;-38,539776;-3,770452
285379;8;5;2016;19:25;0;RD CE-040;;;;KM-01;Colisão;;Bom;Seca;Meio de Quadra;;;0;0;3;1;0;0;0;0;0;1;0;0;-38,48666;-3,758119
289692;8;5;2016;05:55;7674;RUA RIO GRANDE DO NORTE;AV JOSE BASTOS;;;;Colisão;Amanhecer;;;Cruz;Pare;Residencial;0;0;1;0;0;0;0;0;0;0;0;0;-38,564477;-3,760562
289693;8;5;2016;11:30;0;RUA BENTO GONCALVES;;;737;;Colisão;Luz do Dia;;;Meio de Quadra;;;0;0;1;0;0;0;0;0;0;0;0;0;;
289704;8;5;2016;12:02;22073;RUA MAJ PEDRO SAMPAIO;RUA JOSE FACANHA;;;;Colisão;Luz do Dia;;;Cruz;Pare;Misto;0;0;1;0;0;0;0;0;0;0;0;0;-38,558312;-3,7512
289705;8;5;2016;12:04;5381;RUA METON DE ALENCAR;AV IMPERADOR;;;;Colisão;Luz do Dia;;;;Não Há Controle;Comercial;0;0;1;0;0;0;0;0;0;0;0;0;-38,535869;-3,731966
289712;8;5;2016;12:14;22672;AV COS GOMES DE FREITAS (SAPIRANGA/COITE);RUA ELISEU ORIA;;;;Colisão;Luz do Dia;;;Cruz;Pare;Residencial;0;0;1;0;0;0;0;0;0;0;0;0;-38,477418;-3,795487
289715;8;5;2016;12:34;3394;RUA PAPI JUNIOR;VL PAPI JUNIOR;;;;Colisão;Luz do Dia;;;;;;0;0;1;0;0;0;0;0;0;0;0;0;-38,560306;-3,755149
289717;8;5;2016;13:01;5258;RUA PDE MORORO;RUA PEDRO I;;;;Colisão;Luz do Dia;;;Cruz;Pare;Comercial;0;0;1;0;0;0;0;0;0;0;0;0;-38,53829;-3,728123
289722;8;5;2016;14:44;14833;RUA WALDIR DIOGO;AV CONTORNO OESTE D71;;;;Colisão;Luz do Dia;;;;;;0;0;1;0;0;0;0;0;0;0;0;0;-38,586001;-3,803951
289727;8;5;2016;14:45;3875;RUA SEN POMPEU;RUA PDE MIGUELINHO;;;;Colisão;Luz do Dia;;;Cruz;Pare;Comercial;0;0;1;0;0;0;0;0;0;0;0;0;-38,534332;-3,742469
289728;8;5;2016;14:46;0;RUA LUIS VIEIRA;;;835;POSTO CARIOCA;Colisão;Luz do Dia;;;Meio de Quadra;;;0;0;1;0;0;0;0;0;0;0;0;0;-38,588586;-3,790956
289732;8;5;2016;15:19;0;RUA EUCLIDES O DE SOUSA;;;1699;;Colisão;Luz do Dia;;;Meio de Quadra;;;0;0;1;0;0;0;0;0;0;0;0;0;;
289743;8;5;2016;17:33;0;AV JOR JOAO RAMOS;;;2674;;Colisão;Anoitecer;;;Meio de Quadra;;;0;0;1;0;0;0;0;0;0;0;0;0;;
289741;8;5;2016;16:04;8125;RUA MANUEL DE QUEIROZ;RUA BENTO ALBUQUERQUE;;;;Colisão;Luz do Dia;;;Cruz;Pare;Residencial;0;0;1;0;0;0;0;0;0;0;0;0;-38,467393;-3,748837
287513;8;5;2016;12:41;0;AV PRS COSTA E SILVA;;;58;;Queda;Luz do Dia;;;Meio de Quadra;;;0;1;0;0;0;1;0;0;0;0;0;0;;
287511;8;5;2016;12:41;0;AV PERIMETRAL;;;503;;Colisão;Luz do Dia;;;Meio de Quadra;;;0;1;0;0;0;0;0;0;0;1;0;0;;
287503;8;5;2016;11:10;1242;RUA COSTA BARROS;RUA DR JOSE LOURENCO;;;;Colisão;Luz do Dia;;;Cruz;Pare;Comercial;0;1;0;1;0;0;0;0;0;0;0;0;-38,506927;-3,73187
287491;8;5;2016;10:58;0;AV ALBERTO CRAVEIRO;;;822;;Queda;Luz do Dia;;;Meio de Quadra;;;0;1;0;0;0;0;0;0;0;1;0;0;-38,517093;-3,785395
287480;8;5;2016;10:07;0;RUA SEN POMPEU;;;;;Queda;Luz do Dia;;;Meio de Quadra;;;0;1;0;0;0;0;0;0;0;1;0;0;;
287481;8;5;2016;10:36;0;RUA OSCAR ARARIPE;;;2490;;Colisão;Luz do Dia;;;Meio de Quadra;;;0;1;0;1;0;0;0;0;0;1;0;0;-38,613127;-3,786742
287477;8;5;2016;09:19;18513;RUA MEXICO;RUA FRE JOSE MARIA;;;;Colisão;Luz do Dia;;;Cruz;Pare;Residencial;0;1;0;1;0;0;0;0;0;1;0;0;-38,57507;-3,73502
287472;8;5;2016;08:47;0;RUA PDE FRANCISCO ARAQUEM;;;412;;Queda;Luz do Dia;;;Meio de Quadra;;;0;1;0;0;0;1;0;0;0;0;0;0;;
287459;8;5;2016;08:28;14421;AV SGT HERMINIO SAMPAIO;RUA PDE ANCHIETA;;;;Colisão;Luz do Dia;;;Cruz;Gesto;Residencial;0;2;0;1;0;0;0;0;0;1;0;0;-38,551079;-3,724693