COD_ACIDENTE;DIA;MES;ANO;HORA;INTERSECAO;LOG1;LOG2;LOG3;NUMERO;REFERENCIA;NATUREZA;ILUMINACAO;TEMPO;SUPERFICIEPISTA;TIPOCRUZAMENTO;CONTROLETRAFEGO;USOSOLO;MORTOS;FERIDOS;ILESOS;AUTOMOVEL;ONIBUS;BICICLETA;CAMINHAO;MICROONIBUS;CICLOMOTOR;MOTOCICLETA;TRACAOANIMAL;TREM;LONG;LAT
287457;8;5;2016;08:09;2955;RUA SAO FRANCISCO D21;RUA MARIA JULIA;;432;;Colisão Transversal;Luz do Dia;Bom;Seca;Cruz;Pare;Escola;0;1;3;1;1;1;0;0;0;0;0;0;-38,601633;-3,798608
287453;8;5;2016;07:08;0;AV GAL OSORIO DE PAIVA;;;4800;;Colisão;Luz do Dia;;;Meio de Quadra;;;0;1;0;1;0;0;0;0;0;1;0;0;-38,598379;-3,800921
287454;8;5;2016;07:34;0;RUA PRO VIRGILIO DE MORAIS;;;2433;COLÉGIO AUTRAN NUNES;Atropelamento;Luz do Dia;;;Meio de Quadra;;;1;0;1;1;0;0;0;0;0;0;0;0;-38,597504;-3,755549
287455;8;5;2016;07:44;0;AV GAL OSORIO DE PAIVA;;;;;Colisão;Luz do Dia;;;Meio de Quadra;;;0;1;0;1;0;0;1;0;0;0;0;0;;
287444;8;5;2016;06:27;0;RUA TAB JOAQUIM COELHO;;;1060;;Colisão;Luz do Dia;;;Meio de Quadra;;;0;1;0;0;0;0;0;0;0;1;0;0;;
287451;8;5;2016;06:41;0;AV SEN FERNANDES TAVORA;;;;;Queda;Luz do Dia;;;Meio de Quadra;;;0;1;0;0;0;0;0;0;0;1;0;0;;
287449;8;5;2016;06:32;0;RUA SAO JOAO DEL REY;;;1579;;Colisão;Luz do Dia;;;Meio de Quadra;;;0;1;0;0;0;0;0;0;0;1;0;0;;
287441;8;5;2016;03:27;0;RUA PEDRO PEREIRA;;;1017;;Queda;;;;Meio de Quadra;;;0;1;0;0;0;0;0;0;0;1;0;0;;
287442;8;5;2016;03:33;25163;RUA SAO FRANCISCO D34;RUA MARIA JULIA ROCHA;;;;Colisão;;;;Cruz;Pare;Comercial;0;1;0;1;0;0;0;0;0;1;0;0;;
287439;8;5;2016;03:13;0;AV CEL CARVALHO;;;;;Colisão;;;;Meio de Quadra;;;0;1;0;1;1;0;0;0;0;0;0;0;;
287437;8;5;2016;02:58;0;AV DEP PAULINO ROCHA;;;2460;;Queda;;;;Meio de Quadra;;;0;1;0;0;0;0;0;0;0;1;0;0;-38,517989;-3,810487
287396;8;5;2016;00:27;0;RUA 26 BATALHAO;;;67;;Colisão;;;;Meio de Quadra;;;0;1;0;1;0;0;0;0;0;1;0;0;;
287394;8;5;2016;00:13;0;RUA PEREIRA COUTINHO;;;325;;Queda;;;;Meio de Quadra;;;0;1;0;0;0;0;0;0;0;1;0;0;;
287407;8;5;2016;02:31;0;AV GODOFREDO MACIEL;;;2575;;Colisão;;;;Meio de Quadra;;;0;1;0;1;0;1;0;0;0;0;0;0;-38,57047;-3,798278
287404;8;5;2016;02:27;0;AV COSTA OESTE;;;49;;Colisão;;;;Meio de Quadra;;;0;1;0;0;0;0;0;0;0;0;0;0;;
287400;8;5;2016;01:51;0;RUA TAQUARI;;;2383;;Colisão;;;;Meio de Quadra;;;0;1;0;0;0;0;0;0;0;0;0;0;-38,602576;-3,775933
287401;8;5;2016;02:18;0;AV DR THEBERGE;;;1961;;Queda;;;;Meio de Quadra;;;0;1;0;0;0;0;0;0;0;1;0;0;-38,566036;-3,717929
287402;8;5;2016;02:26;0;RUA ISAIE BORIS;;;1192;;Colisão;;;;Meio de Quadra;;;0;1;0;1;0;0;0;0;0;0;0;0;;
287565;8;5;2016;14:52;24740;RUA 35 CJ PLANALTO BARRA;AV D CJ PLANALTO BARRA;;;;Queda;Luz do Dia;;;;;;0;1;0;0;0;0;0;0;0;1;0;0;-38,598672;-3,71598
287567;8;5;2016;14:54;0;RUA 35 CJ HAB ST S JOAO;;;1339;;Colisão;Luz do Dia;;;Meio de Quadra;;;0;1;0;0;0;0;0;0;0;0;0;0;-38,519474;-3,846514
287526;8;5;2016;13:17;0;AV CASTELO DE CASTRO;;;;;Colisão;Luz do Dia;;;Meio de Quadra;;;0;1;0;1;0;0;0;0;0;1;0;0;;
287602;8;5;2016;18:19;0;RUA 9 CJ HAB ST SAO JOAO;;;301;;Queda;Anoitecer;;;Meio de Quadra;;;0;1;0;0;0;1;0;0;0;0;0;0;;
287593;8;5;2016;16:49;0;RUA CON DE CASTRO;;;4579;;Colisão Lateral;Via Iluminada;Bom;Seca;Meio de Quadra;Pare;Comercial;1;0;2;1;1;0;0;0;0;1;0;0;-38,592102;-3,805216
287594;8;5;2016;17:35;0;AV HEROIS DO ACRE;;;1500;;Queda;Anoitecer;;;Meio de Quadra;;;0;1;0;0;0;1;0;0;0;0;0;0;-38,541285;-3,803106
287589;8;5;2016;15:43;0;AV DR SILAS MUNGUBA;;;6030;;Atropelamento;Luz do Dia;;;Meio de Quadra;;;0;1;0;1;0;0;0;0;0;0;0;0;-38,526719;-3,805154
287582;8;5;2016;15:38;6725;RUA BENTO ALBUQUERQUE;RUA JULIO AZEVEDO;;;;Colisão;Luz do Dia;;;Cruz;Pare;Residencial;0;1;0;1;0;0;0;0;0;1;0;0;-38,482854;-3,743861
287556;8;5;2016;14:39;0;RUA PRO ALVARO COSTA;;;1167;;Colisão;Luz do Dia;;;Meio de Quadra;;;0;1;0;1;0;0;0;0;0;1;0;0;;
287557;8;5;2016;14:46;0;AV PRS COSTA E SILVA;;;1578;FROTINHA DE MESSEJANA;Colisão;Luz do Dia;;;Meio de Quadra;;;0;1;0;1;0;0;0;0;0;1;0;0;;
287550;8;5;2016;14:20;26099;RUA MIN ALBUQUERQUE LIMA;AV I CJ CEARA;;;;Queda;Luz do Dia;;;T;Pare;Comercial;0;1;0;0;0;0;0;0;0;1;0;0;-38,597489;-3,769977
287551;8;5;2016;14:34;0;AV JOR THOMAZ COELHO;;;1578;;Atropelamento;Luz do Dia;;;Meio de Quadra;;;0;1;0;1;0;0;0;0;0;0;0;0;-38,509057;-3,829923
287546;8;5;2016;14:16;0;AV PRS CASTELO BRANCO;;;4277;;Colisão;Luz do Dia;;;;;;0;1;0;1;0;0;0;0;0;1;0;0;-38,570575;-3,707613
287538;8;5;2016;14:15;0;AV DR SILAS MUNGUBA;;;5405;;Colisão;Luz do Dia;;;Meio de Quadra;;;0;1;1;1;0;0;0;0;0;1;0;0;;
287524;8;5;2016;12:49;0;AV CONTORNO OESTE D71;;;1310;;Colisão;Luz do Dia;;;Meio de Quadra;;;0;1;0;1;0;0;0;0;0;1;0;0;;
287522;8;5;2016;12:48;0;RUA SAO FRANCISCO DE ASSIS;;;;;Atropelamento;Luz do Dia;;;Meio de Quadra;;;0;1;0;1;0;0;0;0;0;0;0;0;;
287520;8;5;2016;12:45;0;RD BR 116;;;11000;KM-11;Colisão;Luz do Dia;;;Meio de Quadra;;;0;1;0;0;0;0;0;0;0;0;0;0;-38,497176;-3,84716
287604;8;5;2016;19:12;0;RUA PRA HELOISA F LIMA;;;420;;Atropelamento;;;;Meio de Quadra;;;0;1;0;1;0;0;0;0;0;0;0;0;;
287596;8;5;2016;18:18;0;RUA MAL BITENCOURT;;;831;;Queda;Anoitecer;;;Meio de Quadra;;;0;1;0;0;0;0;0;0;0;1;0;0;;
282773;8;5;2016;19:00;0;AV PRS CASTELO BRANCO;;;;;Colisão Transversal;Via Iluminada;Bom;Seca;Meio de Quadra;Não Há Controle;Residencial;0;0;2;1;0;0;0;0;0;1;0;0;;
282771;8;5;2016;21:00;7435;RUA MAL BITENCOURT;TR SIMAO D62;;;;Colisão Lateral;Via Iluminada;Nublado;Seca;T;Não Há Controle;Outros;0;0;2;1;0;0;0;0;0;1;0;0;-38,529702;-3,790884
282740;8;5;2016;09:45;15200;RUA DEP MOREIRA DA ROCHA;RUA CARLOS VASCONCELOS;;;;Choque c/ Obstáculo Fixo;Luz do Dia;Bom;Seca;Cruz;Semáforo;Residencial;0;0;1;1;0;0;0;0;0;0;0;0;-38,508724;-3,72656
282736;8;5;2016;12:30;19269;RUA PRO GOMES BRASIL;RUA MARACANA;;;;Colisão Traseira;Luz do Dia;Bom;Seca;Cruz;Pare;Comercial;0;0;2;1;0;0;0;0;0;0;0;0;-38,568438;-3,77284
282737;8;5;2016;09:15;0;RUA URUCUTUBA;;;;;Colisão Lateral;Luz do Dia;Bom;Seca;Meio de Quadra;Não Há Controle;Residencial;0;1;1;1;0;0;0;0;0;1;0;0;;
282743;8;5;2016;16:15;25219;RUA MARIA JULIA ROCHA;RUA PEDRO MARTINS;;;;Colisão Transversal;Luz do Dia;Nublado;Seca;Cruz;Pare;Residencial;0;1;1;1;0;0;0;0;0;1;0;0;;
282757;8;5;2016;20:50;6725;RUA BENTO ALBUQUERQUE;RUA JULIO AZEVEDO;;;;Colisão Transversal;Via Iluminada;Bom;Seca;Cruz;Pare;Residencial;0;0;2;1;0;0;0;0;0;1;0;0;-38,482854;-3,743861
282758;8;5;2016;18:45;25208;RUA SOBREIRA FILHO;AV AUGUSTO DOS ANJOS;;;;Colisão Frontal;Via Iluminada;Bom;Seca;T;Pare;Comercial;0;0;2;1;0;0;0;0;0;0;0;0;-38,57926;-3,780272
282753;8;5;2016;07:40;0;RUA DEMETRIO MENEZES;;;3686;;Colisão Traseira;Luz do Dia;Bom;Seca;Meio de Quadra;Não Há Controle;Comercial;0;1;1;1;1;0;0;0;0;0;0;0;-38,584109;-3,735755
282763;8;5;2016;15:45;1242;RUA DR JOSE LOURENCO;RUA COSTA BARROS;;;;Colisão Transversal;Luz do Dia;Bom;Seca;Cruz;Pare;Comercial;0;0;2;1;0;0;0;0;0;0;0;0;-38,506927;-3,73187
282769;8;5;2016;18:00;5062;RUA GAL SAMPAIO;RUA DR JOAO MOREIRA;;;;Colisão Transversal;Via Iluminada;Bom;Seca;Cruz;Semáforo;Comercial;0;1;1;0;1;0;0;0;1;0;0;0;-38,529364;-3,72203
282814;9;5;2016;15:40;0;AV PRS CASTELO BRANCO;;;4707;;Colisão Lateral;Luz do Dia;;;Meio de Quadra;;;0;0;2;1;0;0;0;0;1;0;0;0;;
282808;9;5;2016;15:30;26252;RUA ANTONIO BARROS;RUA PERGENTINO MAIA;;;;Colisão Transversal;Luz do Dia;;;Cruz;Pare;Comercial;0;0;2;1;1;0;0;0;0;0;0;0;;
282836;9;5;2016;13:15;0;AV CARAPINIMA;;;2420;VIADUTO-JOSÉ BASTOS;Outros;Luz do Dia;;;Meio de Quadra;;;0;1;1;1;0;0;0;0;0;1;0;0;-38,542962;-3,742605
282839;9;5;2016;07:40;0;RUA 20 DE JANEIRO;;;2126;;Colisão Traseira;Luz do Dia;;;Meio de Quadra;;;0;0;2;0;0;0;0;0;0;1;0;0;;
282824;9;5;2016;09:30;3896;RUA CARLOS CAMARA;AV EDUARDO GIRAO;;;;Colisão Lateral;Luz do Dia;;;Cruz;Pare;Comercial;0;1;1;0;1;0;0;0;0;1;0;0;-38,543106;-3,747043
282843;9;5;2016;10:50;0;RUA BENI DE CARVALHO;;;130;;Colisão Traseira;Luz do Dia;;;Meio de Quadra;;;0;0;2;1;0;0;0;0;0;0;0;0;-38,499645;-3,744501
282846;9;5;2016;16:10;0;RUA GAL SAMPAIO;;;552;;Colisão Lateral;Luz do Dia;;;Meio de Quadra;;;0;1;1;1;0;0;0;0;0;1;0;0;-38,529769;-3,723444
282866;9;5;2016;11:40;0;RUA MON LIBERATO;;;;;Colisão Transversal;Luz do Dia;;;Meio de Quadra;;;0;0;2;1;0;0;0;0;0;0;0;0;;
282861;9;5;2016;18:30;5708;AV OLIVEIRA PAIVA;RUA MELO CESAR;;;;Atropelamento;Anoitecer;;;T;Não Há Controle;Comercial;0;1;1;0;0;0;0;0;0;1;0;0;-38,502593;-3,79837
282872;9;5;2016;14:00;3767;AV DOMINGOS OLIMPIO;AV IMPERADOR;;;;Colisão Traseira;Luz do Dia;;;Cruz;Semáforo;Comercial;0;0;3;1;0;0;0;0;0;0;0;0;-38,536697;-3,73479
282873;9;5;2016;05:25;19533;AV GAL OSORIO DE PAIVA;RUA NEREU RAMOS;;;;Colisão Transversal;Amanhecer;;;Cruz;Semáforo;Comercial;0;1;1;0;1;0;0;0;1;0;0;0;-38,576828;-3,782196
282868;9;5;2016;07:05;0;AV DA UNIVERSIDADE;;;3229;;Colisão Lateral;Luz do Dia;;;Meio de Quadra;;;0;0;2;1;0;0;0;0;0;0;0;0;-38,541676;-3,743787
282906;9;5;2016;01:30;15277;RUA JULIO IBIAPINA;AV ANTONIO JUSTA;;;;Colisão Transversal;;;;;;;0;1;2;1;0;0;0;0;0;0;0;0;-38,490692;-3,728875
282901;9;5;2016;15:50;0;AV DUQ CAXIAS;;;;;Colisão Lateral;Luz do Dia;;;Meio de Quadra;;;0;0;2;1;0;0;0;0;0;1;0;0;;
282898;9;5;2016;13:00;1522;RUA CEL JUCA;RUA EDUARDO GARCIA;;;;Colisão Transversal;Luz do Dia;;;Cruz;Pare;Residencial;0;1;1;1;0;0;0;0;0;1;0;0;-38,492166;-3,740419
282892;9;5;2016;01:55;0;RUA CEL MATOS DOURADO;;;180;VIADUTO ANT.BEZERRA;Capotamento;;;;Meio de Quadra;;;0;0;1;1;0;0;0;0;0;0;0;0;-38,585272;-3,740157
282888;9;5;2016;10:40;0;AV ANTONIO SALES;;;2199;;Colisão Traseira;Luz do Dia;;;Meio de Quadra;;;0;0;2;1;1;0;0;0;0;0;0;0;-38,504146;-3,7449
282890;9;5;2016;13:00;0;AV SGT HERMINIO SAMPAIO;;;1209;;Colisão Transversal;Luz do Dia;;;Meio de Quadra;;;0;1;1;1;0;0;0;0;0;1;0;0;-38,55134;-3,724729
282879;9;5;2016;09:00;22069;AV ENG HUMBERTO MONTE;RUA PAPI JUNIOR;;;;Colisão Transversal;Luz do Dia;;;Cruz;Pare;Residencial;0;1;1;1;0;0;0;0;0;1;0;0;-38,557697;-3,752552
282885;9;5;2016;13:20;25265;AV ENG LEAL LIMA VERDE (SAPIRANGA/COITE);AV DES FELICIANO DE ATAIDE (EDSON QUEIROZ);;;;Colisão Transversal;Luz do Dia;;;Cruz;Pare;Misto;0;0;2;1;0;0;0;0;0;0;0;0;-38,476401;-3,786566
284164;9;5;2016;16:10;0;RD BR 116;;;0;KM-03;Colisão Traseira;Luz do Dia;Bom;Seca;Meio de Quadra;;;0;0;3;1;0;0;0;0;0;0;0;0;-38,51386954;-3,781255671
284592;9;5;2016;07:30;0;RD BR 222;;;600;KM-01;Atropelamento;Luz do Dia;Chuva;Molhada;Meio de Quadra;;;0;1;1;0;0;0;0;0;0;1;0;0;-38,578147;-3,737698
287617;9;5;2016;01:45;0;RUA NEREU RAMOS;;;60;;Colisão;;;;Meio de Quadra;;;0;1;0;1;0;0;0;0;0;1;0;0;-38,56749;-3,786999
287618;9;5;2016;01:48;0;AV 13 DE MAIO;;;2220;;Colisão;;;;Meio de Quadra;;;0;1;0;0;0;0;0;0;0;0;0;0;-38,536526;-3,743175
287615;9;5;2016;01:44;25125;RUA DNA LEOPOLDINA;RUA ROCHA LIMA;;;;Colisão;;;;Cruz;Pare;Residencial;0;1;0;1;0;0;0;0;0;1;0;0;-38,521427;-3,736665
287605;9;5;2016;00:29;14421;RUA PDE ANCHIETA;AV SGT HERMINIO SAMPAIO;;;;Atropelamento;;;;Cruz;Gesto;Residencial;0;1;0;0;0;0;0;0;0;0;0;0;-38,551079;-3,724693
287606;9;5;2016;00:53;15277;AV SEN VIRGILIO TAVORA;AV ANTONIO JUSTA;;;;Colisão;;;;;;;0;1;0;0;0;0;0;0;0;0;0;0;-38,490692;-3,728875
287607;9;5;2016;00:57;15277;RUA JULIO IBIAPINA;AV ANTONIO JUSTA;;;;Colisão;;;;;;;0;1;0;1;0;0;0;0;0;0;0;0;-38,490692;-3,728875
287610;9;5;2016;01:01;0;AV ENG SANTANA JUNIOR;;;;;Queda;;;;Meio de Quadra;;;0;1;0;0;0;0;0;0;0;1;0;0;;
287611;9;5;2016;01:38;19533;AV GAL OSORIO DE PAIVA;RUA NEREU RAMOS;;;;Colisão;;;;Cruz;Semáforo;Comercial;0;1;0;0;0;0;0;0;0;0;0;0;-38,576828;-3,782196
287637;9;5;2016;02:05;0;AV WASHINGTON SOARES;;;;;Colisão;;;;Meio de Quadra;;;0;1;0;1;0;0;0;0;0;1;0;0;;
287638;9;5;2016;02:15;0;AV MR HULL;;;;;Atropelamento;;;;Meio de Quadra;;;0;1;0;0;0;0;0;0;0;1;0;0;;
287629;9;5;2016;02:01;0;AV GAL OSORIO DE PAIVA;;;2319;;Queda;;;;Meio de Quadra;;;0;1;0;0;0;0;0;0;0;1;0;0;-38,582955;-3,786056
287625;9;5;2016;01:51;17412;RUA ALBERTO MAGNO;RUA BAR SOBRAL;;;;Colisão;;;;Cruz;Semáforo;Comercial;0;1;0;1;0;0;0;0;0;1;0;0;-38,552417;-3,767991
287626;9;5;2016;01:58;2837;RUA MARIA JULIA;RUA BOM JESUS (GRANJA LISBOA);;;;Colisão;;;;Cruz;Pare;Residencial;0;2;0;0;0;0;0;0;0;0;0;0;-38,600603;-3,79464
287623;9;5;2016;01:50;21319;RUA JOSE SOMBRA;RUA GUSTAVO SAMPAIO;;;;Colisão;;;;Cruz;Pare;Residencial;0;1;0;0;0;0;0;0;0;0;0;0;-38,54726;-3,733349
287673;9;5;2016;11:14;0;AV PRS CASTELO BRANCO;;;4707;;Colisão;Luz do Dia;;;Meio de Quadra;;;0;1;0;1;0;0;0;0;0;1;0;0;;
287674;9;5;2016;11:24;0;AV AGUANAMBI;;;529;;Colisão;Luz do Dia;;;Meio de Quadra;;;0;1;0;1;0;0;0;0;0;1;0;0;;
287675;9;5;2016;12:25;17341;RUA TEODORICO BARROSO;AV JOSE DO PATROCINIO;;;;Colisão;Luz do Dia;;;;;;0;1;0;0;0;0;0;0;0;1;0;0;-38,546145;-3,765292
287670;9;5;2016;09:55;0;AV JOSE BASTOS;;;2426;;Colisão;Luz do Dia;;;Meio de Quadra;;;0;1;0;1;0;0;0;0;0;1;0;0;-38,543333;-3,742853
287671;9;5;2016;10:57;0;AV PRO GOMES DE MATOS;;;1065;;Atropelamento;Luz do Dia;;;Meio de Quadra;;;0;1;0;1;0;0;0;0;0;0;0;0;-38,546267;-3,761917
287646;9;5;2016;04:09;0;RUA METON DE ALENCAR;;;;;Colisão;;;;Meio de Quadra;;;0;1;0;0;0;0;0;0;0;0;0;0;;
287640;9;5;2016;02:30;183;RUA DEMETRIO MENEZES;AV CEL CARVALHO;;;;Colisão;;;;;;;0;2;0;1;0;0;0;0;0;1;0;0;-38,584591;-3,731488
287644;9;5;2016;03:24;0;RUA ASP MENDES;;;194;;Colisão;;;;Meio de Quadra;;;0;1;0;1;0;0;0;0;0;1;0;0;-38,515036;-3,764049
287667;9;5;2016;08:22;1712;RUA DJALMA PETIT;RUA CAP OLAVO;;;;Colisão;Luz do Dia;;;Cruz;Pare;Residencial;0;1;0;1;0;0;0;0;0;1;0;0;-38,515806;-3,766206
287693;9;5;2016;13:43;0;RUA BAR RIO BRANCO;;;1345;;Queda;Luz do Dia;;;Meio de Quadra;;;0;1;0;0;0;0;0;0;0;1;0;0;-38,529399;-3,730014
287694;9;5;2016;14:06;0;RUA ANTONIO POMPEU;;;90;;Colisão;Luz do Dia;;;Meio de Quadra;;;0;1;0;1;0;0;0;0;0;1;0;0;-38,524759;-3,736634
287649;9;5;2016;05:29;0;RUA DR THOMPSON BULCAO;;;;;Colisão;Amanhecer;;;Meio de Quadra;;;0;1;0;1;0;0;0;0;0;1;0;0;;
287698;9;5;2016;15:10;0;RUA FERREIRA LIMA;;;1473;;Atropelamento;Luz do Dia;;;Meio de Quadra;;;0;1;0;0;0;0;0;0;0;0;0;0;;
287696;9;5;2016;14:28;0;AV DES FAUSTINO ALBUQUERQUE;;;774;;Colisão;Luz do Dia;;;Meio de Quadra;;;0;1;0;0;0;0;0;0;0;1;0;0;-38,499611;-3,786415
287684;9;5;2016;12:27;17341;AV JOSE DO PATROCINIO;RUA EDUARDO ANGELIM;;;;Colisão;Luz do Dia;;;;;;0;1;0;0;0;0;0;0;0;0;0;0;;
287690;9;5;2016;13:27;0;AV PRS CASTELO BRANCO;;;2983;;Queda;Luz do Dia;;;Meio de Quadra;;;0;1;0;0;0;0;0;0;0;1;0;0;-38,555777;-3,711838
287691;9;5;2016;13:30;0;AV BEZERRA DE MENEZES;;;;;Queda;Luz do Dia;;;Meio de Quadra;;;0;1;0;0;0;0;0;0;0;1;0;0;;
287700;9;5;2016;15:15;0;RUA ANTONIO POMPEU;;;;;Colisão;Luz do Dia;;;Meio de Quadra;;;0;1;0;1;0;0;0;0;0;1;0;0;;
287718;9;5;2016;15:47;0;AV JOVITA FEITOSA;;;2893;;Colisão;Luz do Dia;;;Meio de Quadra;;;0;1;0;1;0;0;0;0;0;0;0;0;-38,563603;-3,741315
287711;9;5;2016;15:28;0;RUA AUGUSTO DE ARAUJO;;;100;;Colisão;Luz do Dia;;;Meio de Quadra;;;0;1;1;1;0;0;0;0;0;1;0;0;-38,569999;-3,767478
287757;9;5;2016;21:12;17415;RUA RAUL CABRAL;RUA VENEZUELA;;;;Colisão Transversal;;;;Cruz;Semáforo;Misto;0;2;0;0;0;0;0;0;0;1;0;0;-38,546018;-3,768051
287752;9;5;2016;20:45;21605;RUA JOAO RAMALHO;RUA ANTONIO COSTA MENDES (PQ SÃO JOSÉ);;;;Queda;;;;;;;0;1;0;0;0;0;0;0;0;1;0;0;;
287754;9;5;2016;21:00;0;AV MR HULL;;;;;Colisão;;;;Meio de Quadra;;;0;1;0;1;0;0;0;0;0;1;0;0;;
287746;9;5;2016;17:46;5625;AV ROGACIANO LEITE;AV DES GONZAGA;;;;Colisão;Anoitecer;;;T;Dê Preferência;Residencial;0;1;0;1;0;1;0;0;0;0;0;0;-38,503866;-3,788545
287747;9;5;2016;19:48;0;RUA BAR AQUIRAZ;;;1336;;Colisão;;;;Meio de Quadra;;;0;1;0;1;0;0;0;0;0;1;0;0;-38,486017;-3,83984
287748;9;5;2016;20:40;0;RUA ANTONIO COSTA MENDES;;;1775;;Colisão;;;;Meio de Quadra;;;0;1;0;1;0;0;0;0;0;1;0;0;;
287744;9;5;2016;17:03;7809;RUA FRANCISCO HOLANDA;RUA VIS MAUA;;;;Colisão;Anoitecer;;;Cruz;Não Há Controle;Comercial;0;1;0;1;0;0;0;0;0;1;0;0;-38,503561;-3,749029
287731;9;5;2016;16:36;12892;AV DOMINGOS OLIMPIO;RUA BAR RIO BRANCO;;;;Colisão;Luz do Dia;;;Cruz;Semáforo;Comercial;0;1;0;1;0;0;0;0;0;1;0;0;-38,531494;-3,736579
281537;9;5;2016;07:46;0;AV ALM BARROSO;RUA ITAPIPOCA;;;;Outros;Luz do Dia;;;;;;0;0;2;1;0;0;1;0;0;0;0;0;-38,516762;-3,720403
281539;9;5;2016;10:04;0;AV CARAPINIMA;;;;;Colisão;Luz do Dia;;;Meio de Quadra;;;0;0;2;0;1;0;0;0;0;0;0;0;;
289545;9;5;2016;08:05;0;RUA JOAQUIM ALBANO;;;462;;Colisão;Luz do Dia;;;Meio de Quadra;;;0;0;2;1;0;0;0;0;0;0;0;0;-38,579654;-3,735226
289550;9;5;2016;20:10;306;RUA ERICO MOTA;RUA NELSON MACHADO;;;;Colisão Transversal;;;;Cruz;Não Há Controle;Outros;0;0;2;0;0;0;0;0;0;0;0;0;-38,561259;-3,743769
285398;9;5;2016;18:05;0;RD CE-040;;;;KM-03;Colisão;Anoitecer;Bom;Seca;Meio de Quadra;;;0;0;2;1;0;0;0;0;0;0;0;0;-38,481799;-3,773616
285394;9;5;2016;08:00;0;RD CE-040;;;;KM-01;Colisão;Luz do Dia;Bom;Seca;Meio de Quadra;;;0;0;2;1;0;0;0;0;0;0;0;0;-38,48666;-3,758119
285395;9;5;2016;07:00;0;RD CE-040;;;;KM-03;Colisão;Luz do Dia;Bom;Seca;Meio de Quadra;;;0;1;1;0;0;0;1;0;0;1;0;0;-38,481799;-3,773616
285396;9;5;2016;12:45;0;RD CE-040;;;;KM-05;Colisão;Luz do Dia;Bom;Seca;Meio de Quadra;;;0;0;5;1;0;0;0;0;0;0;0;0;-38,480331;-3,791613
300828;9;5;2016;09:10;0;AV CARAPINIMA;;;2298;;Colisão Lateral;Luz do Dia;Chuva;Molhada;Meio de Quadra;Não Há Controle;Comercial;0;0;2;0;1;0;0;0;0;0;0;0;-38,540297;-3,740058
300829;9;5;2016;14:30;1572;AV DES MOREIRA;RUA VICENTE LINHARES;;0;;Colisão Transversal;Luz do Dia;Bom;Seca;Cruz;Semáforo;Comercial;0;0;2;1;0;0;0;0;0;0;0;0;-38,500253;-3,742153
300830;9;5;2016;16:34;22886;RUA BERNARDO MANUEL;RUA INACIO PARENTE;;0;;Colisão Lateral;Luz do Dia;Bom;Seca;Cruz;Semáforo;Comercial;0;0;2;1;0;0;0;0;0;0;0;0;-38,546074;-3,781268
300831;9;5;2016;16:51;0;RUA SAO PAULO;;;1093;;Choque c/ Obstáculo Fixo;Luz do Dia;Bom;Seca;Meio de Quadra;Não Há Controle;Comercial;0;0;2;1;0;0;0;0;0;1;0;0;-38,53528;-3,723481
300832;9;5;2016;17:34;0;RUA SENA MADUREIRA;;;870;;Colisão Traseira;Anoitecer;Bom;Seca;Meio de Quadra;Não Há Controle;Comercial;0;0;2;1;0;0;0;0;0;0;0;0;-38,525775;-3,728681
300833;9;5;2016;18:40;25984;AV OLIVEIRA PAIVA;RUA VIS BARBACENA D61;;;;Colisão Lateral;Via Iluminada;Bom;Seca;T;Pare;Comercial;0;0;2;1;1;0;0;0;0;0;0;0;-38,489123;-3,796082
285609;9;5;2016;10:00;0;RD CE-040;;;;KM-13;Colisão;Luz do Dia;Bom;Seca;Meio de Quadra;;;0;0;2;0;0;0;0;0;0;1;0;0;;
300834;10;5;2016;07:42;1709;RUA CAP ARAGAO;RUA CAP OLAVO;;0;;Colisão Frontal;Luz do Dia;Bom;Seca;Cruz;Pare;Comercial;0;1;1;1;0;0;0;0;0;1;0;0;-38,515937;-3,765348
300835;10;5;2016;09:00;24261;RUA MANUEL JESUINO;RUA REPUBLICA DO LIBANO;;0;;Colisão Transversal;Luz do Dia;Bom;Seca;Cruz;Pare;Residencial;0;0;2;0;0;0;0;0;0;0;0;0;-38,484913;-3,733603
300836;10;5;2016;10:50;6752;AV SANTOS DUMONT;RUA PRO OTAVIO LOBO;;0;;Colisão Lateral;Luz do Dia;Bom;Seca;Cruz;Semáforo;Comercial;0;1;3;1;0;0;0;0;0;1;0;0;-38,477829;-3,742845
300837;10;5;2016;14:35;0;AV DOM LUIS;;;660;;Colisão Traseira;Luz do Dia;Bom;Seca;Meio de Quadra;Não Há Controle;Comercial;0;0;1;1;0;0;0;0;0;0;0;0;-38,495523;-3,733846
300838;10;5;2016;16:50;0;RUA PDE VALDEVINO;;;0;;Colisão Traseira;Luz do Dia;Bom;Seca;Meio de Quadra;Semáforo;Comercial;0;1;1;1;0;0;0;0;0;1;0;0;-38,517958;-3,738774
300839;10;5;2016;19:00;0;AV SANTOS DUMONT;;;2866;;Colisão Lateral;Via Iluminada;Bom;Seca;Não Informado;Gesto;Comercial;0;0;2;1;1;0;0;0;0;0;0;0;-38,498726;-3,736111
300853;10;5;2016;15:39;3375;RUA VIRIATO RIBEIRO;RUA CEL NUNES DE MELO;;0;;Capotamento;Luz do Dia;Bom;Seca;Cruz;Pare;Residencial;0;0;1;1;0;0;0;0;0;0;0;0;-38,557523;-3,754044
285410;10;5;2016;15:30;0;AV WASHINGTON SOARES;;;148;;Atropelamento;Luz do Dia;Bom;Seca;Meio de Quadra;;;0;1;2;1;0;0;0;0;0;1;0;0;-38,489833;-3,757355
285408;10;5;2016;11:25;0;RD CE-040;;;;KM-03;Colisão;Luz do Dia;Bom;Seca;Meio de Quadra;;;0;0;2;1;0;0;0;0;0;0;0;0;-38,481799;-3,773616
285400;10;5;2016;08:00;0;RD CE-040;;;;KM-09;Colisão;Luz do Dia;Bom;Seca;Meio de Quadra;;;0;0;2;1;0;0;0;0;0;0;0;0;-38,481538;-3,825516