COD_ACIDENTE;DIA;MES;ANO;HORA;INTERSECAO;LOG1;LOG2;LOG3;NUMERO;REFERENCIA;NATUREZA;ILUMINACAO;TEMPO;SUPERFICIEPISTA;TIPOCRUZAMENTO;CONTROLETRAFEGO;USOSOLO;MORTOS;FERIDOS;ILESOS;AUTOMOVEL;ONIBUS;BICICLETA;CAMINHAO;MICROONIBUS;CICLOMOTOR;MOTOCICLETA;TRACAOANIMAL;TREM;LONG;LAT
287762;10;5;2016;00:16;0;AV PERIMETRAL;;;;;Colisão;;;;Meio de Quadra;;;0;1;0;1;0;0;0;0;0;1;0;0;;
287764;10;5;2016;00:37;0;AV ALBERTO CRAVEIRO;;;2111;;Colisão;;;;Meio de Quadra;;;0;1;1;1;0;0;0;0;0;1;0;0;-38,518813;-3,798843
287853;10;5;2016;08:01;0;RUA ROSINHA SAMPAIO;;;969;;Atropelamento de Animal;Luz do Dia;;;Meio de Quadra;;;0;1;0;0;0;0;0;0;0;1;0;0;-38,58765;-3,726726
287854;10;5;2016;08:20;1159;RUA OLIMPIO LEITE;RUA MANUEL TEIXEIRA;;;;Colisão;Luz do Dia;;;;;;0;1;0;1;0;0;0;0;0;1;0;0;-38,479329;-3,816829
287861;10;5;2016;09:40;0;AV CEL CARVALHO;;;900;;Colisão;Luz do Dia;;;Meio de Quadra;;;0;1;0;1;0;0;0;0;0;1;0;0;-38,589715;-3,710383
287862;10;5;2016;10:03;5234;RUA NOGUEIRA ACIOLI;RUA PEREIRA FILGUEIRAS;;;;Colisão;Luz do Dia;;;Cruz;Pare;Residencial;0;1;0;0;0;0;0;0;0;1;0;0;-38,516029;-3,727333
287863;10;5;2016;10:14;0;AV WASHINGTON SOARES;;;1370;;Atropelamento;Luz do Dia;;;Meio de Quadra;;;0;1;0;1;0;0;0;0;0;0;0;0;-38,482075;-3,770851
287865;10;5;2016;11:07;3768;AV DOMINGOS OLIMPIO;AV TRISTAO GONCALVES;;;;Colisão;Luz do Dia;;;Cruz;Semáforo;Comercial;0;1;0;1;0;0;0;0;0;1;0;0;-38,535613;-3,735133
287820;10;5;2016;06:30;0;AV MAJ ASSIS;;;3380;;Atropelamento;Luz do Dia;;;Meio de Quadra;;;0;2;0;0;0;0;0;0;0;1;0;0;-38,608398;-3,717572
287802;10;5;2016;05:09;0;AV SEN FERNANDES TAVORA;;;2433;;Colisão;Amanhecer;;;Meio de Quadra;;;0;1;0;0;0;0;0;0;0;0;0;0;-38,594468;-3,755837
287803;10;5;2016;05:30;25796;RUA SGT JOAO PINHEIRO;AV H CJ CEARA;;;;Colisão;Amanhecer;;;Cruz;Não Há Controle;Residencial;0;1;0;1;0;0;0;0;0;1;0;0;;
287778;10;5;2016;00:39;0;AV DR SILAS MUNGUBA;;;;;Colisão;;;;Meio de Quadra;;;0;1;0;1;0;0;0;0;0;1;0;0;;
287779;10;5;2016;00:40;11057;AV DR SILAS MUNGUBA;AV DOS EXPEDICIONARIOS;;;;Queda;;;;Cruz;Cancela;Comercial;0;1;0;0;0;0;0;0;0;1;0;0;;
287793;10;5;2016;01:09;7328;RUA PRO EDGAR DE ARRUDA;RUA MANAUS;;;;Colisão;;;;Cruz;Pare;Residencial;0;1;0;1;0;0;0;0;0;1;0;0;-38,591676;-3,754542
287794;10;5;2016;01:17;1557;RUA CAROLINA SUCUPIRA;RUA BARBOSA DE FREITAS;;;;Colisão;;;;Cruz;Pare;Residencial;0;1;0;1;0;0;0;0;0;1;0;0;-38,498942;-3,741517
287788;10;5;2016;01:05;1709;RUA CAP OLAVO;RUA CAP ARAGAO;;;;Colisão;;;;Cruz;Pare;Comercial;0;1;0;1;0;0;0;0;0;1;0;0;-38,515937;-3,765348
287811;10;5;2016;05:33;5364;RUA GAL CLARINDO DE QUEIROZ;AV TRISTAO GONCALVES;;;;Colisão;Amanhecer;;;Cruz;Pare;Comercial;0;1;0;1;0;0;0;0;0;1;0;0;-38,534472;-3,731314
287812;10;5;2016;06:02;10949;RUA VILA LOBOS;RUA ZACARIAS GONDIM;;;;Colisão;Luz do Dia;;;Cruz;Pare;Residencial;0;2;0;1;0;0;0;0;0;1;0;0;-38,559752;-3,771803
287799;10;5;2016;02:25;0;AV CESAR CALS;;;97;;Queda;;;;Meio de Quadra;;;0;1;0;0;0;0;0;0;0;1;0;0;;
287800;10;5;2016;04:38;1337;RUA OSVALDO CRUZ (ALDEOTA);AV SANTOS DUMONT;;;;Colisão;;;;Cruz;Semáforo;Comercial;0;1;0;1;0;0;0;0;0;0;0;0;-38,500317;-3,735602
287796;10;5;2016;02:22;748;AV FRANCISCO SA;RUA FRANCISCO CALACA;;;;Colisão;;;;Y;Pare;Comercial;0;1;0;1;0;0;0;0;0;1;0;0;-38,572275;-3,71231
287783;10;5;2016;01:02;0;RUA VALPARAISO;;;130;;Colisão;;;;Meio de Quadra;;;0;1;0;1;0;0;0;0;0;1;0;0;;
287859;10;5;2016;08:21;0;RUA PEDRO I;;;978;;Colisão;Luz do Dia;;;Meio de Quadra;;;0;1;0;0;0;0;0;0;0;0;0;0;-38,533295;-3,72972
287873;10;5;2016;11:13;0;AV PRS COSTA E SILVA;;;41;;Colisão;Luz do Dia;;;Meio de Quadra;;;0;2;0;1;0;0;0;0;0;1;0;0;;
287889;10;5;2016;11:55;0;AV PERIMETRAL;;;;;Colisão;Luz do Dia;;;Meio de Quadra;;;0;1;0;1;0;0;0;0;0;1;0;0;;
287880;10;5;2016;11:22;0;RUA MANOEL B DOS SANTOS;;;892;;Colisão;Luz do Dia;;;Meio de Quadra;;;0;1;0;1;0;0;0;0;0;1;0;0;;
287912;10;5;2016;12:38;12984;AV M CJ JOSE WALTER;AV A CJ JOSE WALTER;;;;Colisão;Luz do Dia;;;Cruz;Pare;Residencial;0;1;0;1;0;0;0;0;0;1;0;0;-38,555667;-3,824397
287921;10;5;2016;18:09;0;RUA FRE TEODORO;;;1381;;Colisão;Anoitecer;;;Meio de Quadra;;;1;0;1;1;0;0;0;0;0;1;0;0;;
287914;10;5;2016;12:51;0;RUA NUNES VALENTE;;;1591;;Atropelamento;Luz do Dia;;;Meio de Quadra;;;0;1;0;1;0;0;0;0;0;0;0;0;-38,504467;-3,738521
287916;10;5;2016;13:24;0;RUA PEREIRA COUTINHO;;;1428;;Colisão;Luz do Dia;;;Meio de Quadra;;;0;1;0;0;0;0;0;0;0;1;0;0;;
287917;10;5;2016;13:26;0;RUA VICENTE LOPES;;;1071;;Queda;Luz do Dia;;;Meio de Quadra;;;0;2;0;0;0;0;0;0;0;1;0;0;-38,495606;-3,799002
287918;10;5;2016;13:51;0;AV WASHINGTON SOARES;;;;;Colisão;Luz do Dia;;;Meio de Quadra;;;0;1;0;1;0;0;0;0;0;1;0;0;;
287903;10;5;2016;11:59;0;RUA PRO TEODORICO;;;580;;Colisão;Luz do Dia;;;Meio de Quadra;;;0;1;0;1;0;0;0;0;0;1;0;0;-38,554517;-3,768383
287882;10;5;2016;11:32;0;AV M CJ JOSE WALTER;;;;;Colisão;Luz do Dia;;;Meio de Quadra;;;0;1;0;1;0;0;0;0;0;1;0;0;;
287924;10;5;2016;18:36;12173;AV CASTELO DE CASTRO;AV CONTORNO SUL;;;;Colisão;;;;Cruz;Pare;Comercial;0;1;0;1;0;0;0;0;0;1;0;0;-38,521744;-3,838809
282847;10;5;2016;13:10;0;RUA PRO EDGAR DE ARRUDA;;;1029;;Colisão Transversal;Luz do Dia;Bom;Seca;Meio de Quadra;Não Há Controle;Residencial;0;0;2;1;0;0;0;0;0;0;0;0;-38,584182;-3,75856
282841;10;5;2016;18:20;2399;RUA ESTEVAO DE CAMPOS;RUA SEIS COMPANHEIROS;;;;Colisão Transversal;Via Iluminada;Bom;Seca;Cruz;Pare;Residencial;0;1;1;1;0;0;0;0;0;0;0;0;-38,577553;-3,706053
282851;10;5;2016;04:00;0;AV JOSE BASTOS;;;6374;;Choque c/ Obstáculo Fixo;Via Iluminada;Nublado;Molhada;Meio de Quadra;Não Há Controle;Comercial;0;0;1;1;0;0;0;0;0;0;0;0;-38,56928;-3,767044
282856;10;5;2016;23:10;1542;AV RUI BARBOSA;RUA PDE VALDEVINO;;;;Colisão Traseira;Via Iluminada;Bom;Seca;Cruz;Semáforo;Residencial;0;0;2;1;0;0;0;0;0;0;0;0;-38,511029;-3,740964
282825;10;5;2016;16:00;12426;AV SEN FERNANDES TAVORA;RUA RIBEIRO LEITAO;;;;Colisão Transversal;Luz do Dia;Bom;Seca;Cruz;Pare;Comercial;0;0;2;0;0;0;0;0;0;1;0;0;-38,578199;-3,764304
282819;10;5;2016;13:20;25727;RUA MIN ALBUQUERQUE LIMA;RUA 701 CJ CEARA;;;;Colisão Lateral;Luz do Dia;Bom;Seca;Cruz;Pare;Comercial;0;0;2;1;1;0;0;0;0;0;0;0;-38,598232;-3,77015
282828;10;5;2016;14:45;0;RUA TEN ELIEZER COSTA;;;;;Colisão Transversal;Luz do Dia;Bom;Seca;Meio de Quadra;Pare;Comercial;0;1;1;1;0;0;0;0;0;0;0;0;;
282838;10;5;2016;08:20;0;RUA PAULO FIRMEZA;;;1234;;Outros;Luz do Dia;Bom;Seca;Meio de Quadra;Pare;Residencial;0;0;2;1;0;0;0;0;0;0;0;0;-38,508456;-3,756744
282832;10;5;2016;15:50;3375;RUA VIRIATO RIBEIRO;RUA CEL NUNES DE MELO;;;;Colisão Transversal;Luz do Dia;Bom;Seca;Cruz;Gesto;Residencial;0;0;2;1;0;0;0;0;0;0;0;0;-38,557523;-3,754044
282834;10;5;2016;20:09;0;AV JOSE BASTOS;;;3610;;Colisão Traseira;Anoitecer;Bom;Seca;Meio de Quadra;Não Há Controle;Comercial;0;0;2;0;0;0;0;0;0;1;0;0;-38,551154;-3,750691
282835;10;5;2016;13:00;25476;AV JOSE LEON;RUA CHICO LEMOS;;;;Colisão Lateral;Luz do Dia;Bom;Seca;Cruz;Pare;Residencial;0;0;2;1;0;0;0;0;0;0;0;0;-38,50054;-3,788133
282810;10;5;2016;13:12;5381;RUA METON DE ALENCAR;AV IMPERADOR;;;;Engavetamento;Luz do Dia;Bom;Seca;;Não Há Controle;Comercial;0;0;3;1;0;0;0;0;0;0;0;0;-38,535869;-3,731966
282816;10;5;2016;00:20;3401;AV JOSE BASTOS;RUA VIRIATO RIBEIRO;;;;Colisão Lateral;Via Iluminada;Bom;Seca;T;Pare;Comercial;0;0;2;1;0;0;0;0;0;0;0;0;-38,556028;-3,755554
282775;10;5;2016;09:00;0;RUA DR JOSE LOURENCO;;;2434;;Colisão Lateral;Luz do Dia;Bom;Seca;Outros;Outros;Comercial;0;0;2;1;0;0;0;0;0;0;0;0;-38,510994;-3,744646
282776;10;5;2016;22:40;5211;AV IMPERADOR;RUA LIBERATO BARROSO;;;;Colisão Transversal;Via Iluminada;Bom;Molhada;Cruz;Semáforo Intermitente;Comercial;0;0;2;1;1;0;0;0;0;0;0;0;-38,534257;-3,726511
282777;10;5;2016;00:30;24990;AV PRS COSTA E SILVA;AV PRS JUSCELINO KUBITSCHEK (PASSARÉ);;;;Colisão Transversal;Via Iluminada;Bom;Seca;T;Semáforo;Rural;1;0;1;1;0;0;0;0;0;1;0;0;-38,539516;-3,825648
282780;10;5;2016;13:00;0;RUA CARIRIS;;;61;;Choque c/ Obstáculo Fixo;Luz do Dia;Bom;Seca;Meio de Quadra;Não Há Controle;Comercial;0;0;2;1;0;0;0;0;0;0;0;0;-38,517215;-3,719626
282785;10;5;2016;10:30;12762;AV BORGES DE MELO;RUA JORGE DUMAR;;;;Colisão Traseira;Luz do Dia;Bom;Seca;;Semáforo;Residencial;0;0;2;1;0;0;0;0;0;0;0;0;-38,539369;-3,752695
282783;10;5;2016;16:00;5723;AV OLIVEIRA PAIVA;RUA MON ANTERO;;;;Engavetamento;Luz do Dia;Bom;Seca;Duplo T;Semáforo;Comercial;0;0;3;1;0;0;0;0;0;0;0;0;-38,493198;-3,795604
282796;10;5;2016;09:30;3901;RUA JORGE DUMAR;AV EDUARDO GIRAO;;;;Colisão Traseira;Luz do Dia;Bom;Seca;Cruz;Semáforo;Comercial;0;0;2;1;0;0;0;0;0;1;0;0;-38,538695;-3,749691
282794;10;5;2016;06:50;0;RUA JARDIM FLUMINENSE;;;1585;;Colisão Traseira;Luz do Dia;Bom;Seca;Meio de Quadra;Outros;Residencial;0;1;1;0;1;0;0;0;0;1;0;0;-38,603018;-3,809686
282804;10;5;2016;12:40;5300;RUA BAR RIO BRANCO;RUA PEDRO PEREIRA;;;;Colisão Traseira;Luz do Dia;Bom;Seca;Cruz;Semáforo;Comercial;0;0;2;1;0;0;0;0;0;0;0;0;-38,529219;-3,729457
282798;10;5;2016;07:10;7790;AV PONTES VIEIRA;AV DES MOREIRA;;;;Colisão Lateral;Luz do Dia;Bom;Seca;Cruz;Semáforo;Comercial;0;1;1;0;1;0;0;0;1;0;0;0;-38,503254;-3,751526
284167;11;5;2016;07:00;0;RD BR 116;;;100;KM-07;Colisão Frontal;Luz do Dia;Chuva;Molhada;Meio de Quadra;;;0;2;1;1;0;0;0;0;0;0;0;0;-38,50135403;-3,814567428
284170;11;5;2016;09:55;0;RD BR 116;;;0;KM-09;Choque c/ Obstáculo Fixo;Luz do Dia;Chuva;Molhada;Meio de Quadra;;;0;0;1;0;0;0;1;0;0;0;0;0;-38,5045261;-3,832025437
284171;11;5;2016;19:00;0;RD BR 116;;;0;KM-06;Colisão Lateral;;Bom;Seca;Meio de Quadra;;;0;0;2;1;0;0;1;0;0;0;0;0;-38,50238198;-3,805924279
283916;11;5;2016;05:00;0;RD BR 020;;;900;KM 423;Colisão Traseira;Amanhecer;Chuva;Molhada;Meio de Quadra;;Rural;0;0;2;0;0;0;1;0;0;0;0;0;;
287933;11;5;2016;01:08;9094;AV VIS RIO BRANCO;AV SORIANO ALBUQUERQUE;;;;Colisão;;;;;;;0;2;0;0;0;0;1;0;0;1;0;0;-38,521682;-3,747601
287954;11;5;2016;06:25;0;AV BENJAMIM BRASIL;;;1685;;Colisão;Luz do Dia;;;Meio de Quadra;;;0;1;0;1;0;0;0;0;0;1;0;0;-38,560749;-3,807022
287940;11;5;2016;01:16;0;RUA GERMANO FRANCK;;;;;Queda;;;;Meio de Quadra;;;0;2;0;0;0;0;0;0;0;1;0;0;;
287941;11;5;2016;01:21;0;AV FRE CIRILO;;;3100;VIADUTO;Colisão;;;;Meio de Quadra;;;0;1;0;1;0;0;0;0;0;1;0;0;-38,499725;-3,812466
287942;11;5;2016;01:46;0;RUA DAURA;;;512;;Colisão;;;;Meio de Quadra;;;0;1;0;1;0;0;0;0;0;1;0;0;-38,507958;-3,822751
287943;11;5;2016;02:08;0;AV BORGES DE MELO;;;;;Colisão;;;;Meio de Quadra;;;0;1;0;1;0;0;0;0;0;1;0;0;;
287945;11;5;2016;02:54;0;RUA JULIO BRAGA;;;1442;;Atropelamento;;;;Meio de Quadra;;;0;1;0;0;0;0;0;0;0;1;0;0;-38,583609;-3,773823
287946;11;5;2016;05:44;0;AV BEZERRA DE MENEZES;;;308;;Colisão;Amanhecer;;;Meio de Quadra;;;0;1;0;1;0;1;0;0;0;0;0;0;-38,54761;-3,732171
288003;11;5;2016;13:13;0;AV ENG HUMBERTO MONTE;;;;;Colisão;Luz do Dia;;;Meio de Quadra;;;0;1;1;1;0;0;0;0;0;1;0;0;;
288021;11;5;2016;16:12;0;RUA CEL VIRGILIO NOGUEIRA (BOM JARDIM);;;930;;Colisão;Luz do Dia;;;Meio de Quadra;;;0;1;0;0;0;0;0;0;0;1;0;0;;
288022;11;5;2016;16:27;4613;AV WASHINGTON SOARES;RUA TAB JOAQUIM COELHO;;;;Colisão;Luz do Dia;;;T;Pare;Comercial;0;2;0;0;0;0;0;0;0;0;0;0;-38,479883;-3,796971
288015;11;5;2016;15:21;0;AV ENG HUMBERTO MONTE;;;;UFC;Queda;Luz do Dia;;;Meio de Quadra;;;0;1;0;0;0;0;0;0;0;1;0;0;;
287996;11;5;2016;12:10;0;RUA VITAL BRASIL;;;525;;Colisão;Luz do Dia;;;Meio de Quadra;;;0;2;0;0;0;0;0;0;0;1;0;0;-38,585799;-3,781474
287984;11;5;2016;08:33;0;AV 13 DE MAIO;;;1251;;Colisão;Luz do Dia;;;Meio de Quadra;;;0;1;0;1;0;0;0;0;0;1;0;0;-38,530043;-3,748709
287990;11;5;2016;11:53;1568;RUA PAULA NEI;RUA FONSECA LOBO;;;;Colisão;Luz do Dia;;;Cruz;Pare;Rural;0;1;0;1;0;0;0;0;0;1;0;0;-38,490545;-3,742011
287962;11;5;2016;06:50;0;AV GOV PARSIFAL BARROSO;;;;;Colisão;Luz do Dia;;;Meio de Quadra;;;0;1;0;1;0;0;0;0;0;1;0;0;;
287965;11;5;2016;07:34;0;RUA 860 CJ CEARA;;;;;Atropelamento;Luz do Dia;;;Meio de Quadra;;;0;1;0;0;0;0;0;0;0;1;0;0;;
287979;11;5;2016;07:57;0;AV SIQUEIRA CAMPOS;;;1195;;Atropelamento;Luz do Dia;;;Meio de Quadra;;;0;1;0;0;0;0;0;0;0;1;0;0;-38,626861;-3,814597
287980;11;5;2016;15:00;0;AV CASTELO DE CASTRO;;;1485;;Colisão Transversal;Luz do Dia;Chuva;Inundada;Meio de Quadra;Pare;Residencial;0;1;4;0;0;0;0;0;0;1;0;0;-38,521684;-3,841819
288013;11;5;2016;13:27;0;AV FRE CIRILO;;;4241;;Atropelamento;Luz do Dia;;;Meio de Quadra;;;0;1;0;0;0;0;0;0;0;0;0;0;-38,495854;-3,820894
288074;11;5;2016;17:11;0;RUA HIPOLITO PAMPLONA;;;778;;Colisão;Anoitecer;;;Meio de Quadra;;;0;1;0;0;0;0;0;0;0;0;0;0;-38,595704;-3,747958
288063;11;5;2016;16:33;9172;RUA PAULA RODRIGUES;RUA MIN JOAQUIM BASTOS D14;;;;Colisão;Luz do Dia;;;Cruz;Pare;Residencial;0;1;0;1;0;0;0;0;0;1;0;0;-38,527598;-3,754299
288087;11;5;2016;19:21;0;RUA BAR SOBRAL;;;564;;Queda;;;;Meio de Quadra;;;0;1;0;0;0;0;0;0;0;1;0;0;-38,55405;-3,767091
288090;11;5;2016;19:42;3771;AV DA UNIVERSIDADE;AV DOMINGOS OLIMPIO;;;;Colisão;;;;Cruz;Semáforo;Comercial;0;1;0;1;0;0;0;0;0;0;0;0;-38,534216;-3,735594
288100;11;5;2016;20:48;0;AV DEP PAULINO ROCHA;;;2607;;Colisão;;;;Meio de Quadra;;;0;1;0;0;0;0;0;0;0;1;0;0;;
289574;11;5;2016;21:00;3767;AV DOMINGOS OLIMPIO;AV IMPERADOR;;;;Colisão Transversal;Via Iluminada;Chuva;Molhada;Cruz;Semáforo;Comercial;0;0;4;1;0;0;0;0;0;0;0;0;-38,536697;-3,73479
289571;11;5;2016;13:40;0;AV PRS CASTELO BRANCO;;;400;MARINA PARK;Colisão;Luz do Dia;;;Meio de Quadra;;;0;1;1;1;0;0;0;0;0;0;0;0;-38,530144;-3,720316
285413;11;5;2016;12:00;0;RD CE-040;;;;KM-01;Colisão;Luz do Dia;Bom;Seca;Meio de Quadra;;;0;0;2;1;0;0;0;0;0;0;0;0;-38,48666;-3,758119
285414;11;5;2016;19:30;4613;AV WASHINGTON SOARES;RUA TAB JOAQUIM COELHO;;;;Colisão Transversal;;Bom;Molhada;T;Pare;Comercial;0;2;1;0;0;0;0;0;0;1;0;0;-38,479883;-3,796971
285418;11;5;2016;21:15;0;RD CE-040;;;;KM-07;Colisão;;Bom;Seca;Meio de Quadra;;;0;0;2;1;0;0;0;0;0;0;0;0;-38,478733;-3,809597
285419;11;5;2016;22:30;0;RD CE-040;;;;KM-01;Colisão;;Bom;Seca;Meio de Quadra;;;0;0;1;0;0;0;0;0;0;0;0;0;-38,48666;-3,758119
300840;11;5;2016;07:55;12857;RUA FLORIANO PEIXOTO;RUA CARLOS GOMES;;0;;Colisão Lateral;Luz do Dia;Nublado;Seca;Cruz;Pare;Comercial;0;0;2;1;1;0;0;0;0;0;0;0;-38,531321;-3,739998
300841;11;5;2016;07:40;0;RUA ERICO MOTA;;;526;;Colisão Transversal;Luz do Dia;Bom;Seca;Meio de Quadra;Não Há Controle;Residencial;0;0;2;0;0;0;0;0;0;1;0;0;;
300842;11;5;2016;13:45;0;RUA JOSE ALVES CAVALCANTE;;;1266;;Colisão Lateral;Luz do Dia;Bom;Molhada;Meio de Quadra;Pare;Residencial;0;0;2;1;0;0;0;0;0;0;0;0;;
300843;11;5;2016;12:48;1716;AV GAL MURILO BORGES;AV GOV RAUL BARBOSA;;0;;Colisão Lateral;Luz do Dia;Nublado;Molhada;T;Semáforo;Comercial;0;0;2;1;0;0;0;0;0;0;0;0;-38,508802;-3,763977
285722;11;5;2016;09:25;0;RD CE-040;;;;KM-04;Colisão;Luz do Dia;Bom;Seca;Meio de Quadra;;;0;0;3;1;0;0;0;0;0;0;0;0;-38,481084;-3,782614
285724;11;5;2016;17:00;0;RD CE-040;;;;KM-06;Colisão;Anoitecer;Bom;Seca;Meio de Quadra;;;0;0;2;1;0;0;0;0;0;0;0;0;-38,479535;-3,800596
282976;11;5;2016;14:30;8660;AV EDILSON B SOARES;AV WASHINGTON SOARES;;;;Colisão Lateral;Luz do Dia;;;Outros;Semáforo;Comercial;0;1;1;1;0;0;0;0;0;1;0;0;-38,480489;-3,789444
283015;11;5;2016;07:20;0;AV VIS RIO BRANCO;;;3135;;Choque c/ Obstáculo Fixo;Luz do Dia;;;Meio de Quadra;;;0;1;1;0;0;0;1;0;0;1;0;0;-38,521492;-3,7485
283020;11;5;2016;11:00;0;AV ANTONIO SALES;;;1800;;Choque c/ Obstáculo Fixo;Luz do Dia;;;Meio de Quadra;;;0;0;2;1;0;0;0;0;0;0;0;0;-38,507996;-3,743714
283005;11;5;2016;08:30;0;AV BENJAMIM BRASIL;;;;;Colisão Transversal;Luz do Dia;;;Meio de Quadra;;;0;0;2;1;0;0;0;0;0;0;0;0;;
283011;11;5;2016;10:00;0;AV JOVITA FEITOSA;;;1096;;Colisão Lateral;Luz do Dia;;;Meio de Quadra;;;0;0;2;1;0;0;0;0;0;0;0;0;-38,554051;-3,739377
282985;11;5;2016;17:20;17349;RUA EDITE BRAGA;RUA CEL ALEXANDRINO;;;;Colisão Transversal;Anoitecer;;;Cruz;Pare;Residencial;0;0;2;1;1;0;0;0;0;0;0;0;-38,551861;-3,765675
283003;11;5;2016;15:30;3803;AV CARAPINIMA;RUA DOM JERONIMO D06;;;;Colisão Lateral;Luz do Dia;;;Outros;Pare;Comercial;0;0;2;1;0;0;0;0;0;0;0;0;-38,541784;-3,741551
282999;11;5;2016;23:00;743;AV PRS CASTELO BRANCO;AV PASTEUR;;;;Colisão Transversal;;;;Cruz;Semáforo;Comercial;0;0;2;1;0;0;0;0;0;0;0;0;-38,558856;-3,711181
283032;11;5;2016;19:08;0;AV DOMINGOS OLIMPIO;;;;;Colisão Traseira;;;;Meio de Quadra;;;0;0;2;1;0;0;0;0;0;0;0;0;;
283041;11;5;2016;14:20;0;AV ENG SANTANA JUNIOR;;;;;Colisão;Luz do Dia;;;Meio de Quadra;;;0;0;2;1;0;0;1;0;0;0;0;0;;
283043;11;5;2016;09:45;26254;AV AMERICO BARREIRA;RUA SERGIPE;;;;Colisão Traseira;Luz do Dia;;;;;;0;0;2;1;1;0;0;0;0;0;0;0;;
283044;11;5;2016;07:45;0;AV ENG SANTANA JUNIOR;;;2654;;Colisão Lateral;Luz do Dia;;;Meio de Quadra;;;0;0;2;1;0;0;1;0;0;0;0;0;-38,488809;-3,744708
283028;11;5;2016;14:10;25420;AV ALM HENRIQUE SABOIA;RUA PRO SILAS RIBEIRO;;;;Colisão Lateral;Luz do Dia;;;T;Semáforo Intermitente;Comercial;0;0;2;1;1;0;0;0;0;0;0;0;;
283029;11;5;2016;18:25;23389;RUA CAP TIBURCIO DA FROTA;RUA SABINO MONTE;;;;Colisão;Anoitecer;;;Cruz;Pare;Residencial;0;2;1;1;0;1;0;0;0;0;0;0;-38,512291;-3,754815
283022;11;5;2016;15:20;5424;RUA BAR RIO BRANCO;RUA METON DE ALENCAR;;;;Colisão Traseira;Luz do Dia;;;Cruz;Pare;Comercial;0;0;2;1;0;0;0;0;0;0;0;0;-38,530563;-3,733701
283048;11;5;2016;15:15;5490;AV VIS RIO BRANCO;RUA PDE VALDEVINO;;;;Colisão Lateral;Luz do Dia;;;Cruz;Semáforo;Comercial;0;0;2;1;0;0;0;0;0;0;0;0;-38,523967;-3,736873
283049;11;5;2016;13:50;5709;AV OLIVEIRA PAIVA;AV DES GONZAGA;;;;Colisão Traseira;Luz do Dia;;;Cruz;Semáforo;Lazer;0;0;2;1;0;0;0;0;0;0;0;0;-38,499953;-3,797165
283039;11;5;2016;15:45;0;AV ALBERTO CRAVEIRO;;;;;Colisão Lateral;Luz do Dia;;;Meio de Quadra;;;0;0;2;1;0;0;0;0;0;0;0;0;;
283120;11;5;2016;16:30;0;RUA VITAL BRASIL;;;514;;Colisão Traseira;Luz do Dia;;;Meio de Quadra;;;0;0;2;1;1;0;0;0;0;0;0;0;-38,585837;-3,781463
283122;11;5;2016;07:00;0;RUA GERMANO FRANCK;;;375;;Colisão Traseira;Luz do Dia;;;Meio de Quadra;;;0;0;2;1;0;0;0;0;0;0;0;0;-38,559647;-3,775249
283116;11;5;2016;17:30;24257;RUA TAVARES COUTINHO;RUA MANUEL JESUINO;;;;Colisão Lateral;Anoitecer;;;Cruz;Semáforo;Residencial;0;0;2;1;0;0;0;0;0;1;0;0;-38,484965;-3,7325
283110;11;5;2016;15:50;9132;AV 13 DE MAIO;RUA JAIME BENEVOLO;;;;Colisão Traseira;Luz do Dia;;;;Semáforo;Comercial;0;1;1;1;0;0;0;0;0;1;0;0;-38,530741;-3,748122
283113;11;5;2016;07:45;13239;AV F CJ JOSE WALTER;AV J CJ JOSE WALTER;;;;Colisão Lateral;Luz do Dia;;;Cruz;;Misto;0;1;1;1;0;0;0;0;0;0;0;0;-38,557143;-3,835833
283108;12;5;2016;07:30;0;RUA JOR CESAR MAGALHAES;;;;;Colisão Frontal;Luz do Dia;;;Meio de Quadra;;;0;0;2;1;0;0;0;0;0;0;0;0;;
283094;12;5;2016;15:00;0;RUA BRAGANCA;;;942;;Colisão Lateral;Luz do Dia;;;Meio de Quadra;;;0;0;2;1;0;0;0;0;0;0;0;0;-38,596997;-3,78235
283095;12;5;2016;19:40;9172;RUA PAULA RODRIGUES;RUA MIN JOAQUIM BASTOS D14;;;;Colisão Transversal;;;;Cruz;Pare;Residencial;0;1;1;1;0;0;0;0;0;1;0;0;-38,527598;-3,754299
283100;12;5;2016;08:50;0;AV SEN FERNANDES TAVORA;;;3211;;Colisão Transversal;Luz do Dia;;;Meio de Quadra;;;0;1;1;0;0;0;0;0;0;1;0;0;-38,600854;-3,754652
283117;12;5;2016;06:10;6745;RUA PRO OTAVIO LOBO;RUA BENTO ALBUQUERQUE;;;;Colisão Transversal;Luz do Dia;;;Cruz;Semáforo;Residencial;0;0;2;1;0;0;0;0;0;1;0;0;-38,479196;-3,745035
283126;12;5;2016;09:00;3808;AV CARAPINIMA;RUA SEN CATUNDA;;;;Colisão Lateral;Luz do Dia;;;Y;Outros;Residencial;0;1;1;0;0;0;0;0;0;1;0;0;-38,538169;-3,738138
283155;12;5;2016;15:40;0;AV ROGACIANO LEITE;;;900;;Colisão Traseira;Luz do Dia;;;Meio de Quadra;;;0;0;3;1;0;0;0;0;0;0;0;0;-38,495042;-3,764269
283142;12;5;2016;19:40;3820;AV CARAPINIMA;AV 13 DE MAIO;;;;Colisão Lateral;;;;Cruz;Semáforo;Comercial;0;0;2;0;1;0;0;0;0;0;0;0;-38,540239;-3,740001