COD_ACIDENTE;DIA;MES;ANO;HORA;INTERSECAO;LOG1;LOG2;LOG3;NUMERO;REFERENCIA;NATUREZA;ILUMINACAO;TEMPO;SUPERFICIEPISTA;TIPOCRUZAMENTO;CONTROLETRAFEGO;USOSOLO;MORTOS;FERIDOS;ILESOS;AUTOMOVEL;ONIBUS;BICICLETA;CAMINHAO;MICROONIBUS;CICLOMOTOR;MOTOCICLETA;TRACAOANIMAL;TREM;LONG;LAT
283137;12;5;2016;20:00;12457;AV AUGUSTO DOS ANJOS;RUA PRO GOMES BRASIL;;;;Colisão Transversal;;;;;;;0;1;1;1;0;0;0;0;0;1;0;0;-38,570427;-3,770153
283023;12;5;2016;16:20;0;RUA PDE ANCHIETA;;;1207;;Colisão Traseira;Luz do Dia;;;;;;0;2;0;0;0;0;0;0;0;1;0;0;-38,551992;-3,730736
283025;12;5;2016;14:30;23952;AV CESAR CALS;RUA MIGUEL CALMON;;;;Colisão Transversal;Luz do Dia;;;Cruz;Não Há Controle;Comercial;0;1;1;0;0;0;0;0;0;1;0;0;-38,461558;-3,726534
283035;12;5;2016;19:25;0;AV SANTOS DUMONT;;;313;;Colisão Traseira;;;;Meio de Quadra;;;0;2;1;1;0;0;0;0;0;1;0;0;-38,520397;-3,72906
283036;12;5;2016;13:10;3320;RUA VIRIATO RIBEIRO;RUA ARGENTINA;;;;Colisão Traseira;Luz do Dia;;;Cruz;Pare;Comercial;0;0;2;1;0;0;0;0;0;0;0;0;-38,564284;-3,747181
283000;12;5;2016;20:30;0;AV AMERICO BARREIRA;;;4800;;Colisão Lateral;;;;Meio de Quadra;;;0;2;1;0;0;0;0;0;0;1;0;0;;
283014;12;5;2016;21:00;3853;AV 13 DE MAIO;RUA DOS PRACINHAS;;;;Colisão Lateral;;;;;;;0;0;2;1;0;0;0;0;0;0;0;0;-38,542789;-3,73767
282979;12;5;2016;15:30;21369;AV JOVITA FEITOSA;RUA CARVALHO MOTA;;;;Outros;Luz do Dia;;;Cruz;Pare;Comercial;0;0;2;1;0;0;0;0;0;0;0;0;-38,544748;-3,737437
282968;12;5;2016;14:14;4035;RUA TABULEIRO DO NORTE;RUA TELES DE SOUZA;;;;Outros;Luz do Dia;;;Com Via Férrea;Não Há Controle;Comercial;0;0;2;1;0;0;0;0;0;0;0;0;-38,559578;-3,757446
282961;12;5;2016;11:14;0;AV DR SILAS MUNGUBA;;;4820;;Queda;Luz do Dia;;;Meio de Quadra;;;0;1;0;0;0;0;0;0;0;1;0;0;-38,532654;-3,795451
282962;12;5;2016;15:40;6721;AV ENG SANTANA JUNIOR;RUA BENTO ALBUQUERQUE;;;;Outros;Luz do Dia;;;Cruz;Semáforo;Misto;0;0;2;1;1;0;0;0;0;0;0;0;-38,486538;-3,742678
282965;12;5;2016;07:40;3324;RUA VIRIATO RIBEIRO;RUA URUGUAI;;;;Colisão Transversal;Luz do Dia;;;Cruz;Pare;Residencial;0;1;1;1;0;1;0;0;0;0;0;0;-38,563322;-3,748176
283151;12;5;2016;08:40;0;RUA CEL TIBURCIO;;;211;;Colisão Lateral;Luz do Dia;;;Meio de Quadra;;;0;0;2;1;0;0;1;0;0;0;0;0;-38,573395;-3,81123
285611;12;5;2016;09:37;0;AV SEN CARLOS JEREISSATI (AEROPORTO);;;;KM 01;Colisão;Luz do Dia;Bom;Molhada;Meio de Quadra;;;0;0;2;1;0;0;0;0;0;0;0;0;-38,52685;-3,783753
285600;12;5;2016;13:30;0;RD CE-040;;;;KM-07;Colisão;Luz do Dia;Bom;Seca;Meio de Quadra;;;0;0;2;0;0;0;0;0;1;1;0;0;-38,478733;-3,809597
285604;12;5;2016;20:00;0;RD CE-040;;;;KM-06;Colisão;;Bom;Seca;Meio de Quadra;;;1;0;1;0;0;1;0;0;0;0;0;0;-38,479535;-3,800596
285587;12;5;2016;09:40;0;AV SEN CARLOS JEREISSATI (AEROPORTO);;;;KM 01;Colisão;Luz do Dia;Bom;Molhada;Meio de Quadra;;;0;0;2;1;0;0;0;0;0;0;0;0;-38,52685;-3,783753
285584;12;5;2016;10:20;0;RD CE-040;;;;KM-06;Colisão;Luz do Dia;Bom;Molhada;Meio de Quadra;;;0;0;2;1;0;0;0;0;0;0;0;0;-38,479535;-3,800596
285585;12;5;2016;08:45;0;AV SEN CARLOS JEREISSATI (AEROPORTO);;;;KM 03;Colisão;Luz do Dia;Bom;Seca;Meio de Quadra;;;0;0;2;0;0;0;0;0;0;0;0;0;-38,544038;-3,779641
285575;12;5;2016;07:50;0;RD CE-040;;;;KM-06;Engavetamento;Luz do Dia;Bom;Molhada;Meio de Quadra;;;0;0;4;1;0;0;0;0;0;0;0;0;-38,479535;-3,800596
300844;12;5;2016;08:39;7713;AV CARNEIRO DE MENDONCA;RUA URSULA GARCIA;;0;;Colisão Frontal;Luz do Dia;Nublado;Molhada;T;Pare;Residencial;0;1;1;1;0;0;0;0;0;0;0;0;-38,562346;-3,766169
300845;12;5;2016;11:56;0;RUA OSVALDO CRUZ;RUA DES LEITE ALBUQUERQUE;;0;;Colisão Lateral;Luz do Dia;Bom;Seca;Cruz;Pare;Comercial;0;0;2;1;1;0;0;0;0;0;0;0;;
300846;12;5;2016;14:30;0;RUA PROF GLAUCO LOBO;TR WALDIR DIOGO;;0;;Colisão Lateral;Luz do Dia;Bom;Seca;Cruz;Pare;Residencial;0;0;2;0;1;0;0;0;0;0;0;0;;
300847;12;5;2016;19:01;0;RUA SEN POMPEU;;;1948;;Colisão Lateral;Via Iluminada;Bom;Não informada;Meio de Quadra;Semáforo;Comercial;0;0;4;1;0;0;0;0;0;0;0;0;-38,532148;-3,735256
300848;12;5;2016;19:00;0;AV PRS CASTELO BRANCO;;;3514;;Colisão Traseira;Via Iluminada;Bom;Seca;Meio de Quadra;Não Há Controle;Residencial;0;1;1;1;0;0;0;0;0;0;0;0;-38,562861;-3,710187
300849;12;5;2016;21:30;23358;RUA EDUARDO BEZERRA;RUA PRO CARVALHO;;0;;Colisão Lateral;Mal Iluminada;Bom;Seca;Cruz;Semáforo;Residencial;0;0;2;1;0;0;0;0;0;0;0;0;-38,51474;-3,753921
300856;12;5;2016;13:45;0;AV ENG ALBERTO SA;;;1240;;Colisão Lateral;Luz do Dia;Bom;Seca;Meio de Quadra;Dê Preferência;Comercial;0;0;2;1;0;0;0;0;0;0;0;0;-38,472073;-3,735637
300857;12;5;2016;15:20;0;AV DOS JANGADEIROS;TR SAO JOAO;;0;;Colisão Lateral;Luz do Dia;Bom;Seca;T;Não Há Controle;Comercial;0;1;1;1;0;0;0;0;0;0;0;0;;
289654;12;5;2016;15:10;0;AV PRUDENTE BRASIL;;;633;;Colisão Transversal;Luz do Dia;Bom;Seca;Meio de Quadra;Não Há Controle;Residencial;0;1;3;0;0;0;0;1;0;1;0;0;-38,534077;-3,808631
288116;12;5;2016;01:27;0;AV SEN FERNANDES TAVORA;;;2381;;Atropelamento;;;;Meio de Quadra;;;0;1;0;0;0;0;0;0;0;0;0;0;;
288130;12;5;2016;02:00;0;AV LUCIANO CARNEIRO;;;1605;;Colisão;;;;Meio de Quadra;;;0;1;0;0;0;0;0;0;0;0;0;0;;
288134;12;5;2016;02:05;0;AV RUI BARBOSA;;;3252;;Colisão;;;;Meio de Quadra;;;0;1;0;1;0;0;0;0;0;1;0;0;-38,5141;-3,751079
288140;12;5;2016;02:06;0;AV ENG HUMBERTO MONTE;;;1355;;Colisão;;;;Meio de Quadra;;;0;1;0;1;0;0;0;0;0;1;0;0;-38,561512;-3,747845
288143;12;5;2016;02:13;0;AV FRANCISCO SA;;;4275;;Colisão;;;;Meio de Quadra;;;0;1;0;1;0;0;0;0;0;1;0;0;-38,562956;-3,715522
288155;12;5;2016;03:19;0;RUA WALDIR DIOGO;;;715;;Queda;;;;Meio de Quadra;;;0;1;0;0;0;0;0;0;0;1;0;0;-38,584424;-3,804976
288146;12;5;2016;02:49;0;AV SEN FERNANDES TAVORA;;;3228;;Colisão;;;;Meio de Quadra;;;0;1;0;0;0;0;0;0;0;1;0;0;-38,600352;-3,754751
288157;12;5;2016;03:45;0;AV CARAPINIMA;;;194;;Colisão;;;;Meio de Quadra;;;0;1;0;0;0;0;0;0;0;1;0;0;;
288158;12;5;2016;03:46;0;AV ALBERTO CRAVEIRO;;;2630;;Colisão;;;;Meio de Quadra;;;0;1;0;1;0;0;0;0;0;1;0;0;-38,52138;-3,803011
288159;12;5;2016;04:00;0;RUA BERNARDO MANUEL;;;;;Colisão;;;;Meio de Quadra;;;0;1;0;1;0;0;0;0;0;1;0;0;;
288160;12;5;2016;05:37;12836;AV DOMINGOS OLIMPIO;RUA BAR ARATANHA;;;;Atropelamento;Amanhecer;;;Cruz;Semáforo;Comercial;0;1;0;0;0;0;0;0;0;1;0;0;-38,527953;-3,737562
288161;12;5;2016;05:44;0;AV DR SILAS MUNGUBA;;;4877;;Queda;Amanhecer;;;Meio de Quadra;;;0;1;0;0;0;0;0;0;0;1;0;0;-38,532416;-3,795669
288162;12;5;2016;06:15;6573;AV H CJ CEARA;AV C CJ CEARA;;;;Queda;Luz do Dia;;;T;Não Há Controle;Comercial;0;1;0;0;0;0;0;0;0;1;0;0;;
288163;12;5;2016;07:56;0;RUA CEL DIONISIO ALENCAR;;;274;;Queda;Luz do Dia;;;Meio de Quadra;;;0;1;0;0;0;0;0;0;0;1;0;0;-38,487418;-3,830836
288221;12;5;2016;18:19;12457;AV AUGUSTO DOS ANJOS;AV JOSE BASTOS;;;;Colisão;Anoitecer;;;;;;0;1;0;1;0;0;0;0;0;1;0;0;-38,570427;-3,770153
288211;12;5;2016;17:25;0;RUA COSTA BARROS;;;872;;Atropelamento;Anoitecer;;;Meio de Quadra;;;0;1;0;0;0;0;0;0;0;1;0;0;-38,515911;-3,728934
288197;12;5;2016;14:46;10772;RUA PRO HERIBALDO COSTA;RUA FLORIANOPOLIS;;;;Colisão;Luz do Dia;;;Cruz;Pare;Residencial;0;1;0;1;0;0;0;0;0;1;0;0;-38,584913;-3,76201
288198;12;5;2016;14:50;0;TR CAP ARAGAO;;;766;;Queda;Luz do Dia;;;Meio de Quadra;;;0;1;0;0;0;0;0;0;0;1;0;0;;
288199;12;5;2016;15:02;0;RUA PRO HERIBALDO COSTA;;;1018;;Colisão;Luz do Dia;;;Meio de Quadra;;;0;1;0;1;0;0;0;0;0;1;0;0;-38,584522;-3,761269
288200;12;5;2016;15:04;0;RUA AMELIA BENEBIEN;;;652;;Colisão;Luz do Dia;;;Meio de Quadra;;;0;2;0;1;0;0;0;0;0;1;0;0;;
288201;12;5;2016;16:38;0;AV SEN FERNANDES TAVORA;;;2501;;Queda;Luz do Dia;;;Meio de Quadra;;;0;0;1;0;0;0;0;0;0;1;0;0;-38,595371;-3,755666
288181;12;5;2016;09:48;0;AV WASHINGTON SOARES;;;;;Colisão;Luz do Dia;;;Meio de Quadra;;;0;1;0;1;0;0;0;0;0;1;0;0;;
288182;12;5;2016;10:14;0;RUA OSCAR ARARIPE;;;2010;;Colisão;Luz do Dia;;;Meio de Quadra;;;0;1;0;1;0;0;0;0;0;1;0;0;-38,609036;-3,788075
288183;12;5;2016;10:23;0;RUA RAIMUNDO BIZARRIA;;;1126;;Queda;Luz do Dia;;;Meio de Quadra;;;0;1;0;0;0;0;0;0;0;1;0;0;-38,580544;-3,729631
288177;12;5;2016;09:23;0;AV AUGUSTO DOS ANJOS;;;408;;Colisão;Luz do Dia;;;Meio de Quadra;;;0;2;0;1;0;0;0;0;0;1;0;0;-38,572249;-3,772471
288185;12;5;2016;10:50;9951;RUA BOM JESUS (GRANJA LISBOA);RUA TRES CORACOES;;;;Colisão;Luz do Dia;;;Cruz;Não Há Controle;Residencial;0;2;0;0;0;0;0;0;0;0;0;0;-38,61121;-3,791182
288187;12;5;2016;13:00;0;RUA TAQUARI;;;2375;;Colisão;Luz do Dia;;;Meio de Quadra;;;0;2;0;1;0;0;0;0;0;1;0;0;-38,602421;-3,775978
288188;12;5;2016;13:35;0;RUA LEBRE;;;148;;Queda;Luz do Dia;;;Meio de Quadra;;;0;1;0;0;0;0;0;0;0;1;0;0;;
288189;12;5;2016;13:49;0;AV DEP PAULINO ROCHA;;;57;;Queda;Luz do Dia;;;Meio de Quadra;;;0;1;0;0;0;0;0;0;0;1;0;0;;
288190;12;5;2016;13:58;0;RUA PEREIRA FILGUEIRAS;;;1305;;Atropelamento;Luz do Dia;;;Meio de Quadra;;;0;1;0;1;0;0;0;0;0;0;0;0;-38,511158;-3,728931
288218;12;5;2016;18:00;0;AV SANTOS DUMONT;;;3131;;Colisão;Anoitecer;;;Meio de Quadra;;;0;2;0;1;0;0;0;0;0;1;0;0;-38,497284;-3,736575
288254;12;5;2016;20:29;0;AV WASHINGTON SOARES;;;5560;;Atropelamento;;;;Meio de Quadra;;;0;1;0;1;0;0;0;0;0;0;0;0;;
288256;12;5;2016;21:21;6343;AV C CJ CEARA;RUA 1084 CJ CEARA;;;;Atropelamento;;;;Cruz;Não Há Controle;Residencial;0;1;0;1;0;0;0;0;0;0;0;0;;
288257;12;5;2016;22:19;0;RUA DR JOAQUIM BENTO;;;280;;Colisão Frontal;Mal Iluminada;Bom;Seca;Meio de Quadra;Não Há Controle;Residencial;0;1;3;1;0;0;0;0;1;0;0;0;-38,489018;-3,828823
288258;12;5;2016;22:28;0;AV EDILSON B SOARES;;;1621;;Capotamento;;;;Meio de Quadra;;;0;1;0;1;0;0;0;0;0;0;0;0;-38,471043;-3,788637
288246;12;5;2016;20:25;0;RUA CAROA CJ A TAMANDARE;;;1314;;Colisão;;;;Meio de Quadra;;;0;1;0;0;0;0;0;0;0;0;0;0;;
288242;12;5;2016;19:46;0;AV JOSE BASTOS;;;;;Colisão;;;;Meio de Quadra;;;0;1;0;1;0;0;0;0;0;1;0;0;;
288243;12;5;2016;19:54;8934;AV DOMINGOS OLIMPIO;RUA PDE MORORO;;1839;;Colisão Transversal;Via Iluminada;Bom;Seca;Cruz;Dê Preferência;Comercial;0;1;2;1;0;0;0;0;0;1;0;0;-38,539949;-3,733752
288239;12;5;2016;19:31;0;AV F CJ CEARA;;;356;;Colisão;;;;Meio de Quadra;;;0;1;0;0;0;0;0;0;0;0;0;0;-38,60662;-3,7639
288231;12;5;2016;19:08;15768;RUA CEL FRANCISCO PEREIRA (MESSEJANA);RUA JOAQUIM FELICIO;;;;Colisão Transversal;Via Iluminada;Bom;Seca;Cruz;Pare;Comercial;0;1;3;1;1;0;0;0;0;0;0;0;-38,49267;-3,829908
284187;12;5;2016;14:20;0;RD BR 116;;;0;KM-09;Colisão Lateral;Luz do Dia;Bom;Seca;Meio de Quadra;;;0;0;2;1;1;0;0;0;0;0;0;0;-38,5045261;-3,832025437
275660;12;5;2016;15:28;5415;RUA GAL CLARINDO DE QUEIROZ;RUA FLORIANO PEIXOTO;;;;Colisão Transversal;Luz do Dia;Bom;Seca;Cruz;Pare;Comercial;0;1;1;1;0;0;0;0;0;1;0;0;-38,529027;-3,733049
282913;12;5;2016;18:00;0;RUA COSTA BARROS;;;854;;Atropelamento;Anoitecer;;;Meio de Quadra;;;1;1;0;0;0;0;0;0;0;1;0;0;-38,516408;-3,72878
282915;12;5;2016;16:20;0;RUA BORIS;;;90;;Colisão Lateral Sentido Oposto;Luz do Dia;;;Meio de Quadra;;;0;0;2;1;0;0;1;0;0;0;0;0;-38,52102;-3,721249
288261;13;5;2016;00:21;0;AV HEROIS DO ACRE;;;1001;;Atropelamento;;;;Meio de Quadra;;;0;2;0;0;0;0;0;0;0;1;0;0;-38,537849;-3,803155
288269;13;5;2016;01:13;21612;RUA JOAO RAMALHO;RUA DOM XISTO ALBANO;;;;Colisão;;;;Cruz;Pare;Residencial;0;1;0;0;0;0;1;0;0;1;0;0;-38,587726;-3,799374
288277;13;5;2016;01:41;0;AV GAL OSORIO DE PAIVA;;;7002;;Colisão;;;;Meio de Quadra;;;0;1;0;1;0;1;0;0;0;0;0;0;-38,611283;-3,81421
288273;13;5;2016;01:24;0;RUA 15 DE NOVEMBRO;;;210;;Colisão;;;;Meio de Quadra;;;0;1;0;0;0;0;0;0;0;0;0;0;-38,558258;-3,768086
288281;13;5;2016;02:07;0;AV MR HULL;;;;;Colisão;;;;Meio de Quadra;;;0;1;0;1;0;0;0;0;0;1;0;0;;
288283;13;5;2016;02:53;18320;RUA ARARIUS;AV HIS RAIMUNDO GIRAO;;;;Queda;;;;Cruz;Semáforo;Residencial;0;1;0;0;0;0;0;0;0;1;0;0;-38,513581;-3,720447
288285;13;5;2016;02:55;0;RUA SEIXAS CORREIA;;;583;;Colisão;;;;Meio de Quadra;;;0;1;0;0;0;0;0;0;0;0;0;0;-38,580022;-3,778302
288286;13;5;2016;03:25;6752;AV SANTOS DUMONT;RUA PRO OTAVIO LOBO;;;;Colisão;;;;Cruz;;Residencial;0;2;0;1;0;0;0;0;0;1;0;0;-38,477829;-3,742845
288287;13;5;2016;05:49;4016;RUA PRO COSTA MENDES;RUA JULIO CESAR D12;;;;Colisão;Amanhecer;;;Cruz;Pare;Residencial;0;1;0;0;0;0;0;0;0;0;0;0;-38,546911;-3,754698
288288;13;5;2016;06:25;0;AV I CJ CEARA;;;924;;Colisão;Luz do Dia;;;Meio de Quadra;;;0;1;0;0;0;0;0;0;0;0;0;0;;
288289;13;5;2016;07:40;0;AV GAL OSORIO DE PAIVA;;;420;;Colisão;Luz do Dia;;;Meio de Quadra;;;0;1;0;1;0;0;0;0;0;1;0;0;-38,56676;-3,775801
288295;13;5;2016;08:09;10053;RUA OLIVEIRA SOBRINHO;RUA TAUBATE;;;;Colisão;Luz do Dia;;;Cruz;Não Há Controle;Residencial;0;2;0;0;0;0;0;0;0;1;0;0;-38,598381;-3,779404
288291;13;5;2016;08:06;0;RUA TAUBATE;;;1884;;Colisão;Luz do Dia;;;Meio de Quadra;;;0;1;0;1;0;0;0;0;0;1;0;0;;
288299;13;5;2016;09:50;2962;RUA PEDRO MARTINS;RUA MARIA JULIA;;;;Colisão;Luz do Dia;;;Cruz;;Residencial;0;1;0;1;0;0;0;0;0;1;0;0;-38,601929;-3,799245
288307;13;5;2016;10:54;0;RUA SAO JOAO D34 (BONSUCESSO);;;186;;Colisão;Luz do Dia;;;Meio de Quadra;;;0;1;0;1;0;0;0;0;0;1;0;0;-38,593895;-3,773081
288361;13;5;2016;17:04;0;RUA 1018 CJ CEARA;;;148;;Queda;Anoitecer;;;Meio de Quadra;;;0;1;0;0;0;0;0;0;0;1;0;0;-38,616421;-3,770193
288348;13;5;2016;16:08;7976;AV JOAO PESSOA;RUA MAJ WEYNE;;;;Colisão;Luz do Dia;;;Cruz;Semáforo;Misto;0;1;0;0;0;0;1;0;0;1;0;0;-38,545334;-3,747841
288365;13;5;2016;17:35;0;AV PRS CASTELO BRANCO;;;;;Queda;Anoitecer;;;Meio de Quadra;;;0;1;0;0;0;0;0;0;0;1;0;0;;
288373;13;5;2016;18:19;0;AV SEN FERNANDES TAVORA;;;1286;;Colisão;Anoitecer;;;Meio de Quadra;;;0;1;0;0;0;0;0;0;0;0;0;0;;
288378;13;5;2016;18:22;9140;RUA CEL PERGENTINO FERREIRA;AV FELINO BARROSO;;;;Colisão;Anoitecer;;;;;;0;1;0;1;0;0;0;0;0;1;0;0;-38,527957;-3,749106
288383;13;5;2016;18:51;12556;RUA CARLOS GONDIM;RUA GEORGE CAVALCANTE;;;;Colisão;;;;;;;0;1;0;0;0;0;0;0;0;0;0;0;-38,591931;-3,720544
288384;13;5;2016;19:18;0;AV I CJ JOSE WALTER;;;901;;Colisão;;;;Meio de Quadra;;;0;1;0;1;0;0;0;0;0;1;0;0;;
288316;13;5;2016;11:37;5395;RUA TEREZA CRISTINA;RUA ANTONIO POMPEU;;;;Colisão;Luz do Dia;;;Cruz;Pare;Residencial;0;1;0;1;0;0;0;0;0;1;0;0;-38,538356;-3,73234
288314;13;5;2016;11:04;5203;RUA AGAPITO DOS SANTOS;RUA PEDRO PEREIRA;;;;Colisão;Luz do Dia;;;Cruz;Pare;Comercial;0;1;0;1;0;0;0;0;0;1;0;0;-38,538907;-3,726324
288318;13;5;2016;11:59;3928;AV IMPERADOR;RUA ANTONIO POMPEU;;;;Colisão;Luz do Dia;;;Cruz;Semáforo;Comercial;0;1;0;0;0;0;0;0;0;1;0;0;-38,536179;-3,733045
288319;13;5;2016;12:23;0;AV OLAVO BILAC;;;1300;;Colisão;Luz do Dia;;;Meio de Quadra;;;0;2;0;1;0;0;0;0;0;1;0;0;-38,56459;-3,732041
288320;13;5;2016;13:14;0;RUA MARIA GOMES DE SA;;;991;;Colisão;Luz do Dia;;;Meio de Quadra;;;0;1;0;1;0;0;0;0;0;1;0;0;-38,580537;-3,826585
288323;13;5;2016;14:01;0;AV PRS JUSCELINO KUBITSCHEK (PASSARÉ);;;3805;;Colisão;Luz do Dia;;;Meio de Quadra;;;0;1;0;0;0;0;0;0;0;1;0;0;-38,53179;-3,816523
288336;13;5;2016;14:02;0;AV PRS COSTA E SILVA;;;1578;;Queda;Luz do Dia;;;Meio de Quadra;;;0;1;0;0;0;0;0;0;0;1;0;0;;
288339;13;5;2016;14:44;15299;RUA OSVALDO CRUZ (ALDEOTA);RUA CANUTO DE AGUIAR;;;;Colisão;Luz do Dia;;;Cruz;Pare;Comercial;0;2;0;1;0;0;0;0;0;1;0;0;-38,498405;-3,729675
288340;13;5;2016;14:48;0;RUA TEBAS;;;345;;Colisão;Luz do Dia;;;Meio de Quadra;;;0;1;0;1;0;0;0;0;0;1;0;0;;
288342;13;5;2016;15:19;0;AV MR HULL;;;;;Colisão;Luz do Dia;;;Meio de Quadra;;;0;1;0;0;0;0;0;0;0;0;0;0;;
288344;13;5;2016;15:40;5499;RUA PDE VALDEVINO;RUA J DA PENHA;;;;Colisão;Luz do Dia;;;Cruz;Pare;Comercial;0;1;0;0;0;0;0;0;0;0;0;0;-38,520695;-3,737911
288346;13;5;2016;15:43;0;RUA CAMELIA;;;510;;Atropelamento;Luz do Dia;;;Meio de Quadra;;;0;1;0;1;0;0;0;0;0;0;0;0;;
289661;13;5;2016;08:00;26099;RUA MIN ALBUQUERQUE LIMA;AV I CJ CEARA;;;;Engavetamento;Luz do Dia;;;T;Pare;Comercial;0;0;2;1;0;0;0;0;0;1;0;0;-38,597489;-3,769977
289663;13;5;2016;16:50;25159;AV ALM MAXIMIANO DA FONSECA;AV MIGUEL DIAS;;;;Colisão Transversal;Luz do Dia;;;Cruz;Pare;Residencial;0;1;1;0;0;0;0;0;0;1;0;0;-38,487945;-3,770833
300858;13;5;2016;10:00;1238;AV SANTOS DUMONT;RUA ILDEFONSO ALBANO;;1226;;Colisão Transversal;Luz do Dia;Bom;Seca;Cruz;Semáforo;Comercial;0;0;5;1;1;0;0;0;0;1;0;0;-38,512669;-3,731565
300859;13;5;2016;14:00;0;RUA LEBOM MAIA;;;151;;Colisão Lateral;Luz do Dia;Bom;Seca;Meio de Quadra;Não Há Controle;Residencial;0;0;2;1;0;0;0;0;0;0;0;0;-38,577467;-3,78745
300860;13;5;2016;16:10;12811;AV DOS EXPEDICIONARIOS;RUA PRE NOVE;;0;;Colisão Transversal;Luz do Dia;Bom;Seca;T;Semáforo;Comercial;0;0;1;1;0;0;0;0;0;0;0;0;-38,538172;-3,755028
300861;13;5;2016;19:30;0;RUA JOSE VILAR;RUA DEP MOREIRA DA ROCHA;;0;;Colisão Lateral;Via Iluminada;Bom;Seca;Cruz;Pare;Residencial;0;0;2;1;0;0;0;0;0;0;0;0;;
300850;13;5;2016;07:08;3928;AV IMPERADOR;RUA ANTONIO POMPEU;;0;;Colisão Lateral;Luz do Dia;Nublado;Molhada;Cruz;Semáforo;Não Informado;0;0;2;1;1;0;0;0;0;0;0;0;-38,536179;-3,733045
300851;13;5;2016;07:54;0;RUA 15 DE NOVEMBRO;;;210;;Choque c/ Obstáculo Fixo;Luz do Dia;Nublado;Molhada;Meio de Quadra;Não Há Controle;Comercial;0;1;0;1;0;0;0;0;0;0;0;0;-38,558258;-3,768086
300852;13;5;2016;07:00;1425;AV BAR STUDART;RUA JOAO CARVALHO;;0;;Colisão Transversal;Luz do Dia;Nublado;Molhada;Cruz;Semáforo;Comercial;0;0;2;1;0;0;0;0;0;0;0;0;-38,507567;-3,737632
300854;13;5;2016;09:06;0;AV SEN FERNANDES TAVORA;;;1103;;Engavetamento;Luz do Dia;Bom;Molhada;Meio de Quadra;Não Há Controle;Residencial;0;0;3;1;0;0;0;0;0;0;0;0;-38,582326;-3,762097
300855;13;5;2016;09:40;12925;AV DOMINGOS OLIMPIO;AV AGUANAMBI;;0;;Choque c/ Obstáculo Fixo;Luz do Dia;Bom;Seca;Meio de Quadra;Não Há Controle;Escola;0;0;1;1;0;0;0;0;0;0;0;0;-38,524628;-3,738683
283163;13;5;2016;07:30;0;AV GAL OSORIO DE PAIVA;;;5384;;Colisão Lateral;Luz do Dia;;;Meio de Quadra;;;0;0;2;0;0;0;1;0;0;0;0;0;-38,601896;-3,804551
283161;13;5;2016;17:40;19949;RUA ALBERTO MONTEZUMA;RUA FRANCISCO LORDA;;;;Colisão Lateral;Anoitecer;;;Cruz;Pare;Comercial;0;2;0;1;0;0;0;0;0;1;0;0;-38,531928;-3,7619
283169;13;5;2016;14:30;0;AV ENG SANTANA JUNIOR;;;2654;;Colisão Lateral;Luz do Dia;;;Meio de Quadra;;;0;0;2;1;0;0;1;0;0;0;0;0;-38,488809;-3,744708
283170;13;5;2016;06:00;0;AV CEL CARVALHO;;;836;;Colisão Lateral;Luz do Dia;;;Meio de Quadra;;;0;0;2;1;1;0;0;0;0;0;0;0;-38,589904;-3,709644
283172;13;5;2016;09:30;22299;RUA SOARES BULCAO;RUA JOSE CANDIDO D08;;;;Colisão Transversal;Luz do Dia;;;Cruz;Pare;Residencial;0;0;2;1;0;0;0;0;0;0;0;0;-38,551357;-3,731931
283173;13;5;2016;19:50;5709;AV DES GONZAGA;AV OLIVEIRA PAIVA;;;;Colisão Lateral;;;;Cruz;Semáforo;Lazer;0;0;2;1;0;0;0;0;0;0;0;0;-38,499953;-3,797165
283174;13;5;2016;21:00;0;AV ENG JOSÉ GUIMARÃES;;;;;Colisão Traseira;;;;Meio de Quadra;;;0;0;2;1;0;0;0;0;0;0;0;0;;
283175;13;5;2016;01:15;12712;RUA MAJ WEYNE;RUA JULIO CESAR D12;;;;Colisão Transversal;;;;Cruz;Pare;Residencial;0;1;2;1;0;0;0;0;0;0;0;0;-38,542813;-3,750019
283177;13;5;2016;21:00;0;AV JOSE BASTOS;;;;;Colisão Lateral;;;;Meio de Quadra;;;0;1;1;1;0;0;0;0;0;1;0;0;;
283178;13;5;2016;20:10;10624;AV ROGACIANO LEITE;RUA ATILANO MOURA;;;;Colisão Traseira;;;;Cruz;Semáforo;Comercial;0;2;0;1;0;0;0;0;0;0;0;0;-38,492149;-3,759455
283165;13;5;2016;19:00;502;AV SEN FERNANDES TAVORA;RUA PRO VIRGILIO DE MORAIS;;;;Colisão Traseira;;;;Cruz;Semáforo;Comercial;0;0;2;1;0;0;0;1;0;0;0;0;-38,597421;-3,755286
283138;13;5;2016;18:30;0;AV HIS RAIMUNDO GIRAO;;;1680;;Colisão Lateral;Anoitecer;;;Meio de Quadra;;;0;0;2;1;0;0;0;0;0;0;0;0;;
283139;13;5;2016;22:00;0;AV PRS COSTA E SILVA;;;1801;;Colisão Traseira;;;;Meio de Quadra;;;0;2;1;1;0;0;0;0;0;1;0;0;;
283148;13;5;2016;06:55;7393;RUA AUDISIO PINHEIRO;RUA PRO EDGAR DE ARRUDA;;;;Colisão Transversal;Luz do Dia;;;Cruz;Pare;Residencial;0;0;2;1;1;0;0;0;0;0;0;0;-38,587846;-3,756603
283156;13;5;2016;08:40;0;AV ABOLICAO;;;;;Colisão Traseira;Luz do Dia;;;Meio de Quadra;;;0;1;1;0;0;0;0;0;0;1;0;0;;