COD_ACIDENTE;DIA;MES;ANO;HORA;INTERSECAO;LOG1;LOG2;LOG3;NUMERO;REFERENCIA;NATUREZA;ILUMINACAO;TEMPO;SUPERFICIEPISTA;TIPOCRUZAMENTO;CONTROLETRAFEGO;USOSOLO;MORTOS;FERIDOS;ILESOS;AUTOMOVEL;ONIBUS;BICICLETA;CAMINHAO;MICROONIBUS;CICLOMOTOR;MOTOCICLETA;TRACAOANIMAL;TREM;LONG;LAT
283150;13;5;2016;09:20;15219;RUA TEN BENEVOLO;RUA ACARAU;;;;Colisão Transversal;Luz do Dia;;;Duplo T;Pare;Residencial;0;0;2;1;0;0;0;0;0;0;0;0;-38,511861;-3,727114
283144;13;5;2016;20:40;0;AV CARAPINIMA;;;220;SHOPPING BENFICA;Colisão Traseira;;;;Meio de Quadra;;;0;0;2;1;1;0;0;0;0;0;0;0;-38,539736;-3,739456
283136;13;5;2016;08:20;7628;RUA RIO GRANDE DO SUL;RUA ALAGOAS;;;;Colisão Lateral;Luz do Dia;;;Cruz;Não Há Controle;Residencial;0;0;2;1;0;0;0;0;0;0;0;0;-38,568934;-3,760762
283166;14;5;2016;12:30;0;AV HERACLITO GRACA;;;49;;Colisão Lateral;Luz do Dia;;;Meio de Quadra;;;0;1;1;0;0;0;0;0;0;1;0;0;-38,524118;-3,733639
283182;14;5;2016;19:30;0;AV JOR THOMAZ COELHO;;;601;;Colisão Traseira;;;;Meio de Quadra;;;0;1;1;1;0;0;0;0;0;1;0;0;-38,501278;-3,832265
283183;14;5;2016;05:03;24372;AV LUCIANO CARNEIRO;RUA ALM RUFINO;;;;Choque c/ Obstáculo Fixo;Amanhecer;;;Cruz;Semáforo;Comercial;0;0;1;1;0;0;0;0;0;0;0;0;-38,537195;-3,76658
283171;14;5;2016;12:30;5709;AV DES GONZAGA;AV OLIVEIRA PAIVA;;;;Colisão Traseira;Luz do Dia;;;Cruz;Semáforo;Lazer;0;0;2;1;0;0;0;0;0;1;0;0;-38,499953;-3,797165
283231;14;5;2016;11:40;3767;AV DOMINGOS OLIMPIO;AV IMPERADOR;;;;Colisão Lateral;Luz do Dia;;;Cruz;Semáforo;Comercial;0;0;2;1;0;0;0;0;0;0;0;0;-38,536697;-3,73479
283194;14;5;2016;11:00;3814;RUA PAULINO NOGUEIRA;RUA WALDERY UCHOA;;;;Colisão Transversal;Luz do Dia;;;Cruz;Pare;Residencial;0;0;2;1;0;0;0;0;0;0;0;0;-38,538372;-3,743449
283280;14;5;2016;11:00;8125;RUA BENTO ALBUQUERQUE;RUA MANUEL DE QUEIROZ;;;;Colisão Lateral;Luz do Dia;;;Cruz;;Misto;0;0;2;1;0;0;0;0;0;0;0;0;-38,467393;-3,748837
283294;14;5;2016;11:00;19313;RUA GERMANO FRANCK;RUA CON LIMA SUCUPIRA;;;;Colisão Frontal;Luz do Dia;;;T;Pare;Comercial;0;0;2;1;1;0;0;0;0;0;0;0;-38,559584;-3,775196
283288;14;5;2016;12:00;1658;RUA BENI DE CARVALHO;RUA MON CATAO;;;;Colisão Lateral;Luz do Dia;;;Cruz;Pare;Comercial;0;0;2;0;1;0;0;0;0;0;0;0;-38,493113;-3,746618
283276;14;5;2016;01:05;0;AV GOV RAUL BARBOSA;;;6680;;Colisão Lateral;;;;Meio de Quadra;;;0;2;1;1;0;0;0;0;0;0;0;0;-38,512428;-3,772666
283305;14;5;2016;18:12;9140;RUA CEL PERGENTINO FERREIRA;AV FELINO BARROSO;;;;Colisão Transversal;Anoitecer;;;;;;0;1;1;1;0;0;0;0;0;1;0;0;-38,527957;-3,749106
283315;14;5;2016;19:21;1358;AV DES MOREIRA;AV SANTOS DUMONT;;;;Colisão Traseira;;;;Cruz;Semáforo;Comercial;0;0;2;1;0;0;0;0;0;0;0;0;-38,498365;-3,736226
283310;14;5;2016;09:40;19675;RUA GUSTAVO SAMPAIO;RUA CRUZ SALDANHA;;;;Colisão Transversal;Luz do Dia;;;Cruz;Não Há Controle;Residencial;0;1;1;1;0;0;0;0;0;1;0;0;-38,554069;-3,734763
283308;14;5;2016;07:50;0;AV TEN LISBOA;;;3730;;Colisão Traseira;Luz do Dia;;;;;;0;1;2;1;0;0;0;0;0;1;0;0;-38,556719;-3,718126
283266;14;5;2016;23:32;0;AV CARAPINIMA;;;2415;;Colisão Traseira;;;;Meio de Quadra;;;0;0;2;1;0;0;0;0;0;0;0;0;-38,540886;-3,740648
283258;14;5;2016;06:50;1516;AV PDE ANTONIO TOMAS;AV DES MOREIRA;;;;Colisão Traseira;Luz do Dia;;;Cruz;Semáforo;Comercial;0;0;2;1;0;0;0;0;0;0;0;0;-38,499616;-3,740161
283251;14;5;2016;14:10;1269;RUA PINTO MADEIRA;RUA ANTONIO AUGUSTO;;;;Colisão Transversal;Luz do Dia;;;Cruz;Pare;Comercial;0;0;2;1;0;0;0;0;0;0;0;0;-38,51439;-3,733285
283248;14;5;2016;16:00;0;RUA AQUILES BORIS;;;122;;Colisão Lateral;Luz do Dia;;;Meio de Quadra;;;0;0;2;1;1;0;0;0;0;0;0;0;;
283237;14;5;2016;05:40;20023;AV DR SILAS MUNGUBA;AV HEROIS DO ACRE;;;;Colisão Traseira;Amanhecer;;;Cruz;Semáforo;Comercial;0;1;1;1;0;0;0;0;0;1;0;0;-38,52854;-3,803079
283243;14;5;2016;08:20;5099;RUA SEN ALENCAR;AV TRISTAO GONCALVES;;;;Colisão Transversal;Luz do Dia;;;Cruz;Pare;Comercial;0;0;2;1;0;0;1;0;0;0;0;0;-38,532122;-3,723524
283322;14;5;2016;15:51;23433;RUA MON SALAZAR;RUA PRO CARVALHO;;;;Colisão Transversal;Luz do Dia;;;Cruz;Pare;Comercial;0;1;1;1;0;0;0;0;0;1;0;0;-38,514308;-3,756146
300862;14;5;2016;11:01;9033;RUA CEL SOLON;RUA DOM SEBASTIAO LEME;;0;;Colisão Transversal;Luz do Dia;Bom;Seca;Cruz;Pare;Residencial;0;0;2;1;0;0;0;0;0;0;0;0;-38,526799;-3,742963
300863;14;5;2016;07:25;0;RUA JOAQUIM MOREIRA D36;RUA CARLOS AMORA;RUA CAIO PRADO;0;;Choque c/ Obstáculo Fixo;Amanhecer;Nublado;Molhada;Outros;Não Há Controle;Lazer;0;1;0;1;0;0;0;0;0;0;0;0;;
300864;14;5;2016;15:03;23425;RUA MON SALAZAR;RUA SABINO MONTE;;0;;Colisão Transversal;Luz do Dia;Bom;Seca;Cruz;Pare;Comercial;0;0;2;0;0;0;0;0;0;0;0;0;-38,51207;-3,755927
300865;14;5;2016;17:35;0;AV PDE ANTONIO TOMAS;RUA TIBURCIO ALBANO;;0;;Colisão Transversal;Via Iluminada;Bom;Seca;Cruz;Semáforo;Comercial;0;0;2;1;0;0;0;0;0;0;0;0;;
300866;14;5;2016;18:45;7752;AV JOAO PESSOA;AV CARNEIRO DE MENDONCA;;0;;Colisão Lateral;Via Iluminada;Bom;Seca;T;Semáforo;Comercial;0;0;2;1;0;0;0;0;0;0;0;0;-38,559808;-3,767222
300868;14;5;2016;20:30;0;AV DEP PAULINO ROCHA;;;40;;Colisão Traseira;Via Iluminada;Bom;Seca;Meio de Quadra;Não Há Controle;Comercial;0;0;2;1;0;0;0;0;0;0;0;0;-38,50733;-3,801112
285613;14;5;2016;10:30;0;RD CE-040;;;;KM-07;Colisão;Luz do Dia;Bom;Seca;Meio de Quadra;;;0;0;2;1;0;0;0;0;0;1;0;0;-38,478733;-3,809597
285619;14;5;2016;14:40;0;AV SEN CARLOS JEREISSATI (AEROPORTO);;;;KM 03;Colisão;Luz do Dia;Bom;Seca;Meio de Quadra;;;0;0;2;1;0;0;0;0;0;0;0;0;-38,544038;-3,779641
285620;14;5;2016;16:40;0;RD CE-040;;;;KM-06;Colisão;Luz do Dia;Bom;Seca;Meio de Quadra;;;0;0;2;0;0;0;0;0;0;1;0;0;-38,479535;-3,800596
288499;14;5;2016;06:01;0;AV MAE LISBOA;;;2181;;Colisão;Luz do Dia;;;Meio de Quadra;;;0;1;0;1;0;0;0;0;0;1;0;0;-38,460257;-3,807415
288505;14;5;2016;06:59;2326;AV PRS CASTELO BRANCO;RUA SEN ROBERT KENNEDY;;;;Colisão Traseira;Luz do Dia;Bom;Seca;Cruz;Semáforo;Comercial;0;1;3;1;0;0;0;0;0;1;0;0;-38,579042;-3,704117
288480;14;5;2016;02:59;0;AV CASTELO DE CASTRO;;;267;;Queda;;;;Meio de Quadra;;;0;1;0;0;0;0;0;0;0;1;0;0;;
288518;14;5;2016;07:27;12704;RUA QUINTINO CUNHA;AV EDUARDO GIRAO;;;;Colisão;Luz do Dia;;;Cruz;;Residencial;0;1;0;1;0;0;0;0;0;1;0;0;-38,541316;-3,747406
288496;14;5;2016;03:13;11293;RUA ROSA CRUZ;RUA LEON GRADVOHL;;;;Colisão;;;;Cruz;Não Há Controle;Residencial;0;1;0;1;0;0;0;0;0;1;0;0;-38,567025;-3,798812
288497;14;5;2016;04:54;0;RUA CON DE CASTRO;;;3790;;Colisão;;;;Meio de Quadra;;;0;3;0;0;0;0;0;0;0;1;0;0;-38,587123;-3,799771
288524;14;5;2016;07:31;0;RUA RAIMUNDO RIBEIRO;;;540;;Colisão;Luz do Dia;;;Meio de Quadra;;;0;1;0;1;0;0;0;0;0;1;0;0;;
288530;14;5;2016;07:35;0;RUA BERNARDO MANUEL;;;10181;;Queda;Luz do Dia;;;Meio de Quadra;;;0;1;0;0;0;0;0;0;0;1;0;0;-38,554222;-3,80787
288531;14;5;2016;07:44;5421;AV HERACLITO GRACA;AV VIS RIO BRANCO;;;;Queda;Luz do Dia;;;;;;0;1;0;0;0;0;0;0;0;1;0;0;-38,524603;-3,733481
288534;14;5;2016;14:08;0;AV CEL CARVALHO;;;2655;;Atropelamento;Luz do Dia;;;Meio de Quadra;;;0;1;1;0;0;0;0;0;0;1;0;0;-38,585664;-3,725958
288545;14;5;2016;11:30;0;AV DOS EXPEDICIONARIOS;;;8959;;Colisão;Luz do Dia;;;Meio de Quadra;;;0;1;0;1;0;0;0;0;0;1;0;0;;
288547;14;5;2016;11:31;0;AV BENJAMIM BRASIL;;;1445;;Colisão;Luz do Dia;;;Meio de Quadra;;;0;1;1;0;0;0;0;0;0;1;0;0;-38,56247;-3,80635
288410;14;5;2016;00:47;0;AV GOV RAUL BARBOSA;;;;;Colisão;;;;Meio de Quadra;;;0;3;0;1;0;0;0;0;0;0;0;0;;
288397;14;5;2016;00:07;0;AV GOV RAUL BARBOSA;;;6654;;Capotamento;;;;Meio de Quadra;;;0;2;0;1;0;0;0;0;0;0;0;0;-38,512218;-3,772433
288436;14;5;2016;01:26;0;AV DR SILAS MUNGUBA;;;5533;;Atropelamento;;;;Meio de Quadra;;;0;1;0;0;0;0;0;0;0;0;0;0;-38,53017;-3,800791
288434;14;5;2016;01:20;7718;AV CARNEIRO DE MENDONCA;AV JOSE BASTOS;;;;Atropelamento;;;;Cruz;Semáforo;Comercial;0;1;0;0;0;0;0;0;0;0;0;0;-38,566759;-3,764109
288424;14;5;2016;00:52;0;RD BR 116;;;;;Colisão;;;;Meio de Quadra;;;0;1;0;1;0;0;0;0;0;0;0;0;;
288444;14;5;2016;01:29;22838;RUA JULIO VERNE;RUA GOV JOAO CARLOS;;;;Colisão;;;;;;;0;2;0;0;0;0;0;0;0;0;0;0;-38,550908;-3,776132
288454;14;5;2016;06:00;0;RUA DOM JERONIMO D06;;;659;;Atropelamento;Luz do Dia;Bom;Seca;Meio de Quadra;Não Há Controle;Residencial;1;0;1;1;0;0;0;0;0;0;0;0;-38,542582;-3,737499
288458;14;5;2016;01:43;0;AV C CJ CEARA;;;1625;;Colisão;;;;Meio de Quadra;;;0;1;0;1;0;0;0;0;0;1;0;0;-38,615343;-3,772756
288461;14;5;2016;01:48;0;AV RECREIO D64;;;1290;;Queda;;;;Meio de Quadra;;;0;1;0;0;0;0;0;0;0;1;0;0;-38,450434;-3,817241
288621;14;5;2016;20:53;0;RUA PDE PEDRO DE ALENCAR;;;748;;Colisão;;;;Meio de Quadra;;;0;1;0;1;0;0;0;0;0;0;0;0;-38,49411;-3,834652
288611;14;5;2016;19:53;606;AV FRANCISCO SA;RUA FRANCISCO SALGADO;;;;Colisão;;;;T;Pare;Comercial;0;1;0;1;0;0;0;0;0;1;0;0;-38,56554;-3,71464
288619;14;5;2016;20:02;7393;RUA AUDISIO PINHEIRO;RUA PRO EDGAR DE ARRUDA;;;;Colisão;;;;Cruz;Pare;Residencial;0;1;0;0;0;0;0;0;0;0;0;0;-38,587846;-3,756603
288623;14;5;2016;21:08;10405;AV GENIBAU;RUA JOSE MENDONCA;;;;Colisão;;;;T;Pare;Residencial;0;1;0;0;0;0;0;0;0;0;0;0;-38,602771;-3,760237
288626;14;5;2016;21:35;0;RUA PEDRO MEDEIROS;;;84;;Colisão;;;;Meio de Quadra;;;0;1;0;1;0;0;0;0;0;1;0;0;-38,546195;-3,768396
288602;14;5;2016;19:25;0;RUA PRO EDGAR DE ARRUDA;;;76;;Colisão;;;;Meio de Quadra;;;0;1;0;1;0;0;0;0;0;1;0;0;;
288596;14;5;2016;18:20;0;AV PRS COSTA E SILVA;;;;;Atropelamento;Anoitecer;;;Meio de Quadra;;;0;1;0;0;0;0;0;0;0;1;0;0;;
288589;14;5;2016;17:21;0;RUA PRO ANTONIO VIDAL;;;86;;Colisão;Anoitecer;;;Meio de Quadra;;;0;1;0;1;0;0;0;0;0;1;0;0;-38,583425;-3,81043
288590;14;5;2016;17:34;6179;RUA 1046 CJ CEARA;RUA 1044 CJ CEARA;;;;Queda;Anoitecer;;;;;;0;1;0;0;0;0;0;0;0;1;0;0;-38,614631;-3,765256
288591;14;5;2016;17:59;0;RUA LEAO VELOSO;;;101;;Colisão;Anoitecer;;;Meio de Quadra;;;0;1;0;0;0;0;0;0;0;0;0;0;;
288554;14;5;2016;12:00;0;AV JOSE BASTOS;;;2665;;Colisão;Luz do Dia;;;Meio de Quadra;;;0;1;0;1;0;0;0;0;0;1;0;0;;
288581;14;5;2016;16:33;25072;AV DOS EXPEDICIONARIOS;RUA VICENTE SPINDOLA;;5504;;Colisão Transversal;Via Iluminada;Bom;Seca;Cruz;Gesto;Residencial;0;3;5;1;0;0;0;0;0;1;0;0;-38,542084;-3,767922
288586;14;5;2016;16:57;17414;RUA 15 DE NOVEMBRO;RUA ZACARIAS GONDIM;;;;Atropelamento;Luz do Dia;;;Cruz;Pare;Comercial;0;2;0;0;0;0;0;0;0;1;0;0;-38,558445;-3,768021
288573;14;5;2016;16:11;0;RUA DA SAUDADE (MONTESE);;;;;Atropelamento;Luz do Dia;;;Meio de Quadra;;;0;1;0;1;0;0;0;0;0;0;0;0;;
288565;14;5;2016;13:55;0;RUA ALBERTO FERREIRA;;;1010;;Colisão;Luz do Dia;;;Meio de Quadra;;;0;2;0;0;0;0;0;0;0;1;0;0;;
288576;14;5;2016;16:19;0;RUA DR LUIS MORAES CORREIA;;;405;;Atropelamento;Luz do Dia;;;Meio de Quadra;;;0;1;0;1;0;0;0;0;0;0;0;0;;
288559;14;5;2016;13:16;16280;RUA LEITAO CERQUEIRA;RUA ANTONIO BARBOSA;;;;Colisão Transversal;Via Iluminada;Bom;Seca;Cruz;Pare;Comercial;0;0;2;1;0;0;0;0;0;1;0;0;-38,563988;-3,829333
288562;14;5;2016;13:48;0;AV GAL OSORIO DE PAIVA;;;5374;;Atropelamento;Luz do Dia;;;Meio de Quadra;;;0;1;0;1;0;0;0;0;0;0;0;0;-38,601718;-3,80436
288557;14;5;2016;12:15;10695;RUA PRO HERIBALDO COSTA;RUA MON HIPOLITO BRASIL;;;;Colisão;Luz do Dia;;;Cruz;Pare;Comercial;0;1;1;1;0;0;0;0;0;1;0;0;-38,582275;-3,757069
288549;14;5;2016;11:44;25154;RUA BENI DE CARVALHO;RUA VICENTE LEITE;;;;Colisão;Luz do Dia;;;Cruz;Pare;Residencial;0;1;0;1;0;0;0;0;0;1;0;0;-38,497966;-3,745037
288550;14;5;2016;11:48;0;RUA LINDOLFO FREIRE;;;323;;Colisão;Luz do Dia;;;Meio de Quadra;;;0;1;0;0;0;0;0;0;0;1;0;0;-38,586745;-3,730404
288552;14;5;2016;11:53;25041;RUA JOSE HIPOLITO;RUA BAR AQUIRAZ;;;;Colisão;Luz do Dia;;;Cruz;Semáforo;Comercial;0;1;0;0;0;0;0;0;0;1;0;0;-38,489933;-3,833725
284191;14;5;2016;02:30;0;RD BR 116;;;500;KM-03;Colisão Traseira;;Nublado;Seca;Meio de Quadra;;;0;4;3;1;0;0;0;0;0;0;0;0;-38,51386954;-3,781255671
288686;15;5;2016;04:16;12366;RUA MON HIPOLITO BRASIL;RUA GUARANI D35 (JOAO XXIII);;;;Colisão;;;;;;;0;1;0;0;0;0;0;0;0;0;0;0;-38,577722;-3,75951
288688;15;5;2016;06:48;0;RUA PRO HERIBALDO COSTA;;;687;;Colisão;Luz do Dia;;;Meio de Quadra;;;0;1;0;1;0;1;0;0;0;0;0;0;;
288693;15;5;2016;08:30;0;AV AUGUSTO DOS ANJOS;;;2250;;Colisão;Luz do Dia;;;Meio de Quadra;;;0;1;0;1;0;0;0;0;0;1;0;0;-38,584276;-3,78627
288694;15;5;2016;08:55;0;RUA GALILEU;;;631;;Queda;Luz do Dia;;;Meio de Quadra;;;0;1;0;0;0;0;0;0;0;1;0;0;-38,55435;-3,775815
288695;15;5;2016;09:01;0;RUA PASSEIO DOS CAJUEIROS;AV ADENANTERAS;;770;;Colisão Transversal;Luz do Dia;Bom;Seca;Cruz;Gesto;Não Informado;0;0;5;1;0;0;0;0;0;1;0;0;;
288684;15;5;2016;03:55;25041;RUA JOSE HIPOLITO;RUA BAR AQUIRAZ;;;;Queda;;;;Cruz;Semáforo;Comercial;0;1;0;0;0;0;0;0;0;1;0;0;-38,489933;-3,833725
288678;15;5;2016;03:29;0;AV PRS COSTA E SILVA;;;861;;Colisão;;;;Meio de Quadra;;;0;1;0;1;0;0;0;0;0;0;0;0;-38,571512;-3,812869
288674;15;5;2016;02:46;19672;AV BEZERRA DE MENEZES;RUA GAL PIRAGIBE;;;;Atropelamento;;;;Cruz;Semáforo;Residencial;0;1;0;1;0;0;0;0;0;0;0;0;-38,558651;-3,734449
288630;15;5;2016;01:32;0;RUA FRE ODILON;;;1120;;Atropelamento;;;;Meio de Quadra;;;0;1;0;0;0;0;0;0;0;0;0;0;-38,572744;-3,729533
288628;15;5;2016;01:20;0;RUA JOSE PEDRA;;;;;Queda;;;;Meio de Quadra;;;0;1;0;0;0;0;0;0;0;1;0;0;;
288641;15;5;2016;01:46;0;AV FRANCISCO SA;;;6512;;Colisão;;;;Meio de Quadra;;;0;1;1;1;0;0;0;0;0;1;0;0;-38,582577;-3,708443
288625;15;5;2016;21:23;0;AV DR SILAS MUNGUBA;;;2620;;Colisão;;;;Meio de Quadra;;;0;2;0;1;0;0;0;0;0;1;0;0;-38,550019;-3,786471
288647;15;5;2016;01:50;0;RUA GERMANO FRANCK;;;720;TERMINAL PARANGABA;Colisão;;;;Meio de Quadra;;;0;1;0;1;0;0;0;0;0;1;0;0;-38,562071;-3,777298
288652;15;5;2016;02:06;0;AV PERIMETRAL;;;859;;Colisão;;;;Meio de Quadra;;;0;1;0;1;0;0;0;0;0;0;0;0;;
288655;15;5;2016;02:11;0;AV ENG HUMBERTO MONTE;;;2810;;Colisão;;;;Meio de Quadra;;;0;1;0;0;0;0;0;0;0;0;0;0;-38,568824;-3,739037
288658;15;5;2016;02:41;0;AV CEL CARVALHO;;;244;;Queda;;;;Meio de Quadra;;;0;2;0;0;0;0;0;0;0;1;0;0;-38,591152;-3,705009
288775;15;5;2016;14:48;0;AV E CJ CEARA;;;134;;Queda;Luz do Dia;;;Meio de Quadra;;;0;1;0;0;0;1;0;0;0;0;0;0;-38,605063;-3,759651
288773;15;5;2016;14:36;0;AV SEN FERNANDES TAVORA;;;594;;Colisão;Luz do Dia;;;Meio de Quadra;;;0;1;0;1;0;0;0;0;0;1;0;0;-38,577416;-3,76472
288759;15;5;2016;14:15;0;AV CASTELO DE CASTRO;;;486;;Colisão;Luz do Dia;;;Meio de Quadra;;;0;2;0;1;0;0;0;0;0;1;0;0;-38,521578;-3,833606
288748;15;5;2016;14:13;0;RUA PERGENTINO MAIA;;;;;Colisão;Luz do Dia;;;Meio de Quadra;;;0;1;0;1;0;0;0;0;0;1;0;0;;
288722;15;5;2016;13:35;0;RD BR 116;;;;SVO (KM-07);Queda;Luz do Dia;;;Meio de Quadra;;;0;1;0;0;0;0;0;0;0;1;0;0;-38,501596;-3,815542
288725;15;5;2016;13:39;0;RUA JULIO SILVA;;;440;;Colisão;Luz do Dia;;;Meio de Quadra;;;0;1;0;0;0;0;0;0;0;1;0;0;;
288726;15;5;2016;13:52;0;RUA RUFINO GOMES;;;1114;;Atropelamento;Luz do Dia;;;Meio de Quadra;;;0;2;0;0;0;0;0;0;0;1;0;0;;
288735;15;5;2016;14:03;2837;RUA MARIA JULIA;RUA BOM JESUS (GRANJA LISBOA);;;;Queda;Luz do Dia;;;Cruz;Pare;Residencial;0;1;0;0;0;0;0;0;0;1;0;0;-38,600603;-3,79464
288740;15;5;2016;14:04;0;AV CASTELO DE CASTRO;;;1114;;Atropelamento;Luz do Dia;;;Meio de Quadra;;;0;1;0;0;0;0;0;0;0;1;0;0;;
288718;15;5;2016;12:50;0;RUA 8;;;180;;Colisão;Luz do Dia;;;Meio de Quadra;;;0;1;0;0;0;0;0;0;0;0;0;0;-38,520159;-3,838821
288712;15;5;2016;11:47;0;AV RAD JOSE LIMA VERDE;;;88;;Colisão;Luz do Dia;;;Meio de Quadra;;;0;1;0;0;0;0;0;0;0;0;0;0;;
288713;15;5;2016;11:49;0;RUA CEL ANTONIO SAMPAIO;;;660;;Queda;Luz do Dia;;;Meio de Quadra;;;0;2;0;0;0;0;0;0;0;1;0;0;;
288706;15;5;2016;10:19;0;AV GAL OSORIO DE PAIVA;;;;;Colisão;Luz do Dia;;;Meio de Quadra;;;0;1;0;1;0;0;0;0;0;1;0;0;;
288710;15;5;2016;11:13;0;ET DO FIO (MESSEJANA);;;1625;;Colisão;Luz do Dia;;;Meio de Quadra;;;0;1;0;1;0;0;0;0;0;1;0;0;;
288810;15;5;2016;17:49;22755;RUA MARIO ALENCAR ARARIPE;RUA WALDEMAR ALCANTARA;;;;Colisão;Anoitecer;;;Cruz;Não Há Controle;Residencial;0;1;0;1;0;0;0;0;0;0;0;0;-38,477932;-3,799332
288815;15;5;2016;17:53;0;RUA CEL FABRICIANO;;;590;;Atropelamento;Anoitecer;;;Meio de Quadra;;;0;1;0;0;0;0;0;0;0;0;0;0;-38,595734;-3,786266
288816;15;5;2016;18:03;0;AV PERIMETRAL;;;;;Colisão;Anoitecer;;;Meio de Quadra;;;0;1;0;1;0;0;0;0;0;1;0;0;;
288817;15;5;2016;18:05;0;RUA VALPARAISO;;;164;;Colisão;Anoitecer;;;Meio de Quadra;;;0;1;0;1;0;0;0;0;0;1;0;0;;
288819;15;5;2016;19:47;0;RUA ALM JACEGUAI;;;;;Atropelamento;;;;Meio de Quadra;;;0;1;0;1;0;0;0;0;0;0;0;0;;
288820;15;5;2016;19:52;0;RUA MARIA GOMES DE SA;;;2081;;Queda;;;;Meio de Quadra;;;0;1;0;0;0;0;0;0;0;1;0;0;-38,585699;-3,821305
288785;15;5;2016;15:04;14682;RUA DR JOSE FURTADO;AV OLIVEIRA PAIVA;;;;Queda;Luz do Dia;;;Cruz;Semáforo;Comercial;0;1;0;0;0;0;0;0;0;1;0;0;-38,488112;-3,796201
288786;15;5;2016;16:12;0;RUA VITAL BRASIL;;;1701;;Colisão;Luz do Dia;;;Meio de Quadra;;;0;1;0;0;0;0;0;0;0;0;0;0;-38,596074;-3,778557
288792;15;5;2016;16:28;0;RUA BERNARDO MANUEL;;;10770;;Atropelamento;Luz do Dia;;;Meio de Quadra;;;0;1;0;0;0;0;0;0;0;1;0;0;-38,555896;-3,813379
285692;15;5;2016;04:20;0;RD CE-040;;;;KM-01;Colisão;;Bom;Molhada;Meio de Quadra;;;0;0;2;1;0;0;0;0;0;0;0;0;-38,48666;-3,758119
285694;15;5;2016;07:20;0;AV SEN CARLOS JEREISSATI (AEROPORTO);;;;KM 02;Choque c/ Obstáculo Fixo;Luz do Dia;Bom;Seca;Meio de Quadra;;;0;0;1;1;0;0;0;0;0;0;0;0;-38,535424;-3,782194
300869;15;5;2016;10:08;1381;AV HERACLITO GRACA;RUA ILDEFONSO ALBANO;;0;;Colisão Traseira;Luz do Dia;Bom;Seca;Cruz;Gesto;Comercial;0;0;2;1;0;0;0;0;0;0;0;0;;
300870;15;5;2016;13:40;15977;RUA GAL ONOFRE;RUA CEL TIBURCIO;;0;;Colisão Lateral;Luz do Dia;Bom;Seca;T;Pare;Residencial;0;1;1;0;0;0;0;0;0;1;0;0;-38,572181;-3,807535
300871;15;5;2016;21:25;0;RUA VALPARAISO;AV CASTELO DE CASTRO;;0;;Colisão Traseira;Via Iluminada;Bom;Seca;T;Semáforo;Comercial;0;0;2;1;0;0;0;0;0;1;0;0;-38,521936;-3,846227
283381;15;5;2016;20:10;0;AV PRS JUSCELINO KUBITSCHEK (PASSARÉ);;;;;Colisão Traseira;;;;Meio de Quadra;;;0;0;2;1;0;0;0;0;0;0;0;0;;
283388;15;5;2016;18:20;0;RUA PDE PEDRO DE ALENCAR;;;1791;;Colisão Lateral;Anoitecer;;;Meio de Quadra;;;0;1;1;1;0;0;0;0;0;1;0;0;-38,494377;-3,843723
283392;15;5;2016;04:30;0;RUA ANDRADE FURTADO;;;2296;;Choque c/ Obstáculo Fixo;;;;Meio de Quadra;;;0;0;1;1;0;0;0;0;0;0;0;0;-38,469457;-3,749095
283390;15;5;2016;18:50;0;AV BEIRA MAR;;;4258;;Atropelamento;;;;Meio de Quadra;;;0;1;1;1;0;0;0;0;0;0;0;0;-38,482875;-3,722918
283395;15;5;2016;13:50;17426;RUA ALBERTO MAGNO;RUA ELVIRA PINHO;;;;Colisão Traseira;Luz do Dia;;;Cruz;Semáforo;Comercial;0;0;2;1;0;0;0;0;0;0;0;0;-38,552656;-3,768489
283396;15;5;2016;20:40;18804;RUA VALPARAISO;RUA CAMPINENSE;;;;Colisão Transversal;;;;T;Não Há Controle;Comercial;0;1;1;1;0;0;0;0;0;1;0;0;-38,522355;-3,846155
283397;15;5;2016;11:45;10716;RUA PRO HERIBALDO COSTA;RUA PRO EDGAR DE ARRUDA;;;;Colisão Transversal;Luz do Dia;;;T;Pare;Residencial;0;1;1;1;0;1;0;0;0;0;0;0;-38,583335;-3,759016
283398;15;5;2016;04:00;0;AV PRS COSTA E SILVA;;;;CHESF;Choque c/ Obstáculo Fixo;;;;Meio de Quadra;;;0;0;1;1;0;0;0;0;0;0;0;0;;
283376;15;5;2016;14:50;0;RUA JOSE HIPOLITO;;;1339;;Colisão Lateral;Luz do Dia;;;Meio de Quadra;;;0;1;1;0;1;0;0;0;0;1;0;0;;
283378;15;5;2016;13:00;0;AV L CJ JOSE WALTER;;;1780;;Colisão Traseira;Luz do Dia;;;Meio de Quadra;;;0;2;2;1;0;0;0;0;0;1;0;0;-38,560241;-3,840093
283367;15;5;2016;13:05;1527;RUA OSVALDO CRUZ (ALDEOTA);RUA CAROLINA SUCUPIRA;;;;Colisão Transversal;Luz do Dia;;;Cruz;Pare;Comercial;0;1;1;1;0;0;0;0;0;1;0;0;-38,501914;-3,740552
283368;15;5;2016;08:30;26226;AV AMERICO BARREIRA;AV CARNEIRO DE MENDONCA;;;;Colisão Lateral;Luz do Dia;;;Cruz;Semáforo;Comercial;0;2;0;1;0;0;0;0;0;0;0;0;;
283370;15;5;2016;07:15;15200;RUA DEP MOREIRA DA ROCHA;RUA CARLOS VASCONCELOS;;;;Colisão Transversal;Luz do Dia;;;Cruz;Semáforo;Residencial;0;0;2;1;0;0;0;0;0;0;0;0;-38,508724;-3,72656