COD_ACIDENTE;DIA;MES;ANO;HORA;INTERSECAO;LOG1;LOG2;LOG3;NUMERO;REFERENCIA;NATUREZA;ILUMINACAO;TEMPO;SUPERFICIEPISTA;TIPOCRUZAMENTO;CONTROLETRAFEGO;USOSOLO;MORTOS;FERIDOS;ILESOS;AUTOMOVEL;ONIBUS;BICICLETA;CAMINHAO;MICROONIBUS;CICLOMOTOR;MOTOCICLETA;TRACAOANIMAL;TREM;LONG;LAT
283371;15;5;2016;20:20;0;AV MON TABOSA;;;1171;;Colisão Lateral;;;;Meio de Quadra;;;0;0;2;1;0;0;0;0;0;0;0;0;-38,508653;-3,724255
283413;15;5;2016;18:00;0;RUA JOR ANTONIO P TAVARES;;;918;;Colisão Frontal;Anoitecer;;;Meio de Quadra;;;0;1;1;0;0;0;0;0;0;1;0;0;-38,511269;-3,81178
283404;15;5;2016;16:40;19732;RUA GUSTAVO SAMPAIO;RUA TIP SALES;;;;Colisão Lateral;Luz do Dia;;;Cruz;Pare;Comercial;0;0;2;1;0;0;0;0;0;0;0;0;-38,564917;-3,737013
283405;15;5;2016;11:30;0;RUA MAL DEODORO;;;1150;;Colisão Traseira;Luz do Dia;;;Meio de Quadra;;;0;0;2;1;1;0;0;0;0;0;0;0;-38,537677;-3,74549
283401;15;5;2016;14:00;19713;RUA AZEVEDO BOLAO;RUA DOM LINO;;;;Colisão Transversal;Luz do Dia;;;Cruz;Pare;Comercial;0;1;2;1;0;1;0;0;0;0;0;0;-38,557088;-3,736529
283409;15;5;2016;15:00;6720;AV ENG SANTANA JUNIOR;RUA CAROLINA SUCUPIRA;;;;Colisão Lateral;Luz do Dia;;;;Não Há Controle;Comercial;0;0;2;1;0;0;0;1;0;0;0;0;-38,488863;-3,74477
283369;16;5;2016;06:10;1716;AV GOV RAUL BARBOSA;RUA CAP ARAGAO;;;;Colisão Lateral;Luz do Dia;;;;;;0;1;1;0;0;0;0;0;0;1;0;0;-38,508802;-3,763977
283375;16;5;2016;09:20;3859;AV DA UNIVERSIDADE;RUA JUVENAL GALENO;;;;Colisão Lateral;Luz do Dia;;;Cruz;Semáforo;Comercial;0;1;1;0;1;0;0;0;0;0;0;0;-38,538143;-3,739893
283366;16;5;2016;08:20;0;RUA PDE PEDRO DE ALENCAR;;;;;Colisão Traseira;Luz do Dia;;;Meio de Quadra;;;0;0;2;1;0;0;0;0;0;0;0;0;;
283360;16;5;2016;10:50;0;RUA ILDEFONSO ALBANO;;;200;;Colisão Traseira;Luz do Dia;;;Meio de Quadra;;;0;0;1;1;0;0;0;0;0;0;0;0;-38,509939;-3,722886
283399;16;5;2016;07:00;1490;RUA CEL JUCA;RUA DES LEITE ALBUQUERQUE;;;;Colisão Transversal;Luz do Dia;;;Cruz;Pare;Outros;0;0;2;1;0;0;0;0;0;0;0;0;-38,491875;-3,739434
283393;16;5;2016;16:30;25254;RUA CRISANTO M DA ROCHA;RUA JOAQUIM DE FIGUEIREDO FILHO;;;;Colisão Lateral;Luz do Dia;;;Cruz;Pare;Residencial;0;0;2;1;0;0;0;0;0;0;0;0;;
283384;16;5;2016;08:45;9099;AV EDUARDO GIRAO;RUA FRANCOIS T MENEZES;;;;Colisão Transversal;Luz do Dia;;;Cruz;Pare;Residencial;0;0;2;1;0;0;0;0;0;0;0;0;-38,525973;-3,7557
283325;16;5;2016;10:55;0;AV GAL OSORIO DE PAIVA;;;;VIADUTO-PARANGABA;Queda;Luz do Dia;;;Meio de Quadra;;;1;0;0;0;0;0;0;0;0;1;0;0;-38,564864;-3,774185
283332;16;5;2016;13:20;0;RUA DELMIRO FARIAS;;;1431;;Colisão Transversal;Luz do Dia;;;Meio de Quadra;;;0;0;2;1;0;0;0;0;0;0;0;0;-38,550737;-3,747371
283348;16;5;2016;13:20;0;AV SANTOS DUMONT;;;;;Colisão Lateral;Luz do Dia;;;Meio de Quadra;;;0;0;2;1;0;0;0;0;0;0;0;0;;
283342;16;5;2016;14:00;7760;AV ANTONIO SALES;RUA SILVA PAULET;;;;Colisão Transversal;Luz do Dia;;;Cruz;Pare;Misto;0;1;1;1;0;0;0;0;0;1;0;0;-38,508383;-3,743595
283355;16;5;2016;03:50;25455;RUA PEDRO LAZAR;AV ENG JOSÉ GUIMARÃES;;;;Colisão Transversal;;;;Cruz;Pare;Residencial;0;1;1;1;0;0;0;0;0;1;0;0;;
300872;16;5;2016;06:59;0;AV AMERICO BARREIRA;;;6138;;Colisão Traseira;Luz do Dia;Bom;Seca;Meio de Quadra;Semáforo;Comercial;0;1;1;1;1;0;0;0;0;0;0;0;;
300873;16;5;2016;08:30;0;AV SANTOS DUMONT;;;2052;;Colisão Traseira;Luz do Dia;Bom;Seca;Meio de Quadra;Não Há Controle;Comercial;0;0;3;1;0;0;0;0;0;0;0;0;-38,505717;-3,733833
300874;16;5;2016;13:15;0;RUA VILEBALDO AGUIAR;;;95;;Colisão Lateral;Luz do Dia;Bom;Seca;Meio de Quadra;Não Há Controle;Comercial;0;0;2;0;0;0;0;0;0;1;0;0;-38,487474;-3,740669
300875;16;5;2016;13:40;9572;RUA JOSE TORRES;RUA OLIVEIRA SOBRINHO;;0;;Colisão Lateral;Luz do Dia;Bom;Seca;Cruz;Pare;Comercial;0;0;2;1;0;0;0;0;0;0;0;0;-38,606477;-3,777129
300876;16;5;2016;14:00;10339;RUA JOSE MENDONCA;RUA PORTO DAS ROSAS;;0;;Colisão Transversal;Luz do Dia;Bom;Seca;Cruz;Pare;Comercial;0;1;1;1;0;0;0;0;0;1;0;0;-38,602124;-3,756772
300877;16;5;2016;15:15;17615;RUA CEARA;RUA GOIAS;;0;;Colisão Lateral;Luz do Dia;Bom;Seca;T;Pare;Residencial;0;0;2;1;0;0;0;0;0;0;0;0;;
300878;16;5;2016;16:35;0;RUA OSVALDO CRUZ (ALDEOTA);RUA GAL POTIGUARA;;0;;Colisão Lateral;Luz do Dia;Bom;Seca;Cruz;Pare;Residencial;0;0;2;1;0;0;0;0;0;0;0;0;;
300879;16;5;2016;18:36;19155;RUA PEREIRA DE MIRANDA;RUA JULIO AZEVEDO;;0;;Colisão Lateral;Via Iluminada;Bom;Seca;Cruz;Pare;Residencial;0;0;2;1;0;0;0;0;0;0;0;0;-38,480558;-3,740205
300890;16;5;2016;19:54;0;RUA BERNARDO MANUEL;;;8222;;Colisão Traseira;Via Iluminada;Bom;Seca;Meio de Quadra;Não Há Controle;Residencial;0;0;2;1;0;0;0;0;0;0;0;0;-38,549221;-3,791513
285697;16;5;2016;10:55;0;RD CE-040;;;9169;KM-08;Colisão;Luz do Dia;Bom;Seca;Meio de Quadra;;;0;1;1;0;0;0;0;0;0;1;0;0;-38,483033;-3,817159
285699;16;5;2016;16:30;0;AV MIN JOSE AMERICO;;;;;Colisão;Luz do Dia;Bom;Seca;Meio de Quadra;;;0;0;2;1;0;0;0;0;0;0;0;0;;
288821;16;5;2016;00:16;0;RUA CEL MATOS DOURADO;;;986;;Atropelamento;;;;Meio de Quadra;;;0;2;0;0;0;0;0;0;1;0;0;0;-38,58478;-3,747706
288823;16;5;2016;00:25;0;RUA MIN ALBUQUERQUE LIMA;;;;;Queda;;;;Meio de Quadra;;;0;1;0;0;0;0;0;0;0;1;0;0;;
288826;16;5;2016;00:29;0;AV CEL CARVALHO;;;987;;Colisão;;;;Meio de Quadra;;;0;1;0;1;0;0;0;0;0;1;0;0;-38,589565;-3,710979
288855;16;5;2016;03:39;15236;AV ANTONIO JUSTA;RUA BARBOSA DE FREITAS;;;;Colisão;;;;Cruz;Pare;Comercial;0;1;0;1;0;0;0;0;0;1;0;0;-38,49452;-3,727674
288841;16;5;2016;02:50;19766;RUA AZEVEDO BOLAO;RUA TIP SALES;;2309;;Colisão Transversal;Luz do Dia;Bom;Seca;Cruz;Pare;Comercial;0;2;2;1;0;0;0;0;0;1;0;0;-38,564696;-3,738108
288843;16;5;2016;03:25;26269;AV DIOGUINHO;AV DR ALDY MENTOR;;;;Colisão;;;;;;;0;2;0;1;0;0;0;0;0;1;0;0;;
288833;16;5;2016;01:41;25455;RUA PEDRO LAZAR;AV ENG JOSÉ GUIMARÃES;;;;Colisão;;;;Cruz;Pare;Residencial;0;1;0;1;0;0;0;0;0;1;0;0;;
288835;16;5;2016;01:45;0;AV PRS COSTA E SILVA;;;1578;;Colisão;;;;Meio de Quadra;;;0;1;0;0;0;0;0;0;0;0;0;0;;
288872;16;5;2016;03:43;0;RD BR 116;;;3000;KM-03;Colisão;;;;Meio de Quadra;;;0;1;0;0;0;0;0;0;0;0;0;0;-38,514372;-3,779838
288874;16;5;2016;04:01;7641;RUA GUANABARA;RUA PERNAMBUCO;;;;Colisão;;;;;;;0;1;0;1;0;0;0;0;0;1;0;0;-38,570243;-3,758836
288876;16;5;2016;04:37;0;AV AGUANAMBI;;;;ROTATÓRIA;Colisão;;;;Meio de Quadra;;;0;1;0;1;0;0;0;0;0;1;0;0;;
289048;16;5;2016;22:26;9699;RUA OSCAR FRANCA;RUA MANOEL B DOS SANTOS;;;;Colisão;;;;;;;0;1;0;0;0;0;0;0;0;1;0;0;-38,611747;-3,787952
289045;16;5;2016;22:20;0;AV PRS CASTELO BRANCO;;;5943;;Atropelamento;;;;Meio de Quadra;;;0;1;0;0;0;0;0;0;0;1;0;0;-38,583688;-3,701957
289035;16;5;2016;21:12;0;RUA BOM JESUS (BARRA DO CEARA);;;3051;;Queda;;;;Meio de Quadra;;;0;1;0;0;0;0;0;0;0;1;0;0;;
289029;16;5;2016;20:59;0;AV DIOGUINHO;;;;;Colisão;;;;Meio de Quadra;;;0;1;0;1;0;0;0;0;0;1;0;0;;
289051;16;5;2016;23:22;0;RD BR 116;;;3000;KM-03;Queda;;;;Meio de Quadra;;;0;1;0;0;0;0;0;0;0;1;0;0;-38,514372;-3,779838
289056;16;5;2016;08:20;7718;AV JOSE BASTOS;AV CARNEIRO DE MENDONCA;;;;Colisão;Luz do Dia;;;Cruz;Semáforo;Comercial;0;1;1;1;1;0;0;0;0;0;0;0;-38,566759;-3,764109
289011;16;5;2016;20:26;0;AV MR HULL;;;4442;TERMINAL ANTONIO BEZERRA;Atropelamento;;;;Meio de Quadra;;;0;1;0;1;0;0;0;0;0;0;0;0;-38,584585;-3,738616
289008;16;5;2016;19:21;0;AV WASHINGTON SOARES;;;1321;UNIFOR;Queda;;;;Meio de Quadra;;;0;1;0;0;0;1;0;0;0;0;0;0;-38,482138;-3,769811
289021;16;5;2016;20:33;0;AV MR HULL;;;;;Atropelamento;;;;Meio de Quadra;;;0;1;0;0;1;0;0;0;0;0;0;0;;
289001;16;5;2016;18:51;0;AV MR HULL;;;;;Colisão;;;;Meio de Quadra;;;0;1;0;0;0;0;0;0;0;1;0;0;;
288986;16;5;2016;16:31;0;RUA GONCALA A RODRIGUES;;;407;;Atropelamento;Luz do Dia;;;Meio de Quadra;;;0;1;0;1;0;0;0;0;0;0;0;0;;
288995;16;5;2016;17:33;0;AV CEL CARVALHO;;;1577;;Atropelamento;Anoitecer;;;Meio de Quadra;;;0;1;1;0;0;0;0;0;0;1;0;0;-38,588159;-3,716645
288983;16;5;2016;16:19;10716;RUA PRO EDGAR DE ARRUDA;RUA PRO HERIBALDO COSTA;;;;Colisão;Luz do Dia;;;T;Pare;Residencial;0;3;0;0;0;0;0;0;0;1;0;0;-38,583335;-3,759016
288988;16;5;2016;17:16;0;AV PERIMETRAL;;;97;;Colisão;Anoitecer;;;Meio de Quadra;;;0;1;0;1;0;0;0;0;0;1;0;0;;
288978;16;5;2016;14:56;0;AV AGUANAMBI;;;1588;;Colisão Traseira;Anoitecer;Bom;Seca;Meio de Quadra;Semáforo;Comercial;0;0;4;1;0;0;0;0;0;0;0;0;-38,523564;-3,750958
288979;16;5;2016;16:10;0;RUA GONCALA A RODRIGUES;;;419;;Colisão;Luz do Dia;;;Meio de Quadra;;;0;1;0;1;0;0;0;0;0;1;0;0;;
288968;16;5;2016;12:55;0;AV ODILON GUIMARAES;;;3860;;Queda;Luz do Dia;;;Meio de Quadra;;;0;1;0;0;0;0;0;0;0;1;0;0;-38,466425;-3,814256
288948;16;5;2016;11:53;8934;AV DOMINGOS OLIMPIO;RUA PDE MORORO;;;;Colisão;Luz do Dia;;;Cruz;Pare;Comercial;0;1;0;1;0;0;0;0;0;1;0;0;-38,539949;-3,733752
288952;16;5;2016;11:58;0;RUA URUCUTUBA;;;1932;;Queda;Luz do Dia;;;Meio de Quadra;;;0;1;0;0;0;0;0;0;0;1;0;0;-38,613849;-3,79847
288921;16;5;2016;08:08;0;RUA AMARO JOSE DE SOUZA;;;980;;Colisão;Luz do Dia;;;Meio de Quadra;;;0;2;0;1;0;0;0;0;0;1;0;0;;
288927;16;5;2016;08:25;22858;RUA AMERICO VESPUCIO;RUA CON LIMA SUCUPIRA;;;;Colisão;Luz do Dia;;;Cruz;Pare;Residencial;0;1;0;0;0;0;0;0;0;1;0;0;-38,547427;-3,77927
288932;16;5;2016;09:34;0;AV BENJAMIM BARROSO;;;167;;Colisão;Luz do Dia;;;Meio de Quadra;;;0;1;1;0;0;0;0;0;0;1;0;0;-38,549825;-3,726164
288933;16;5;2016;10:18;12745;RUA JULIO CESAR D12;RUA ANA NERY;;;;Colisão;Luz do Dia;;;Cruz;Pare;Misto;0;1;0;1;0;0;0;0;0;1;0;0;-38,544349;-3,751712
288934;16;5;2016;10:26;0;AV ALM MAXIMIANO DA FONSECA;;;1395;;Atropelamento;Luz do Dia;;;Meio de Quadra;;;0;2;0;0;0;0;0;0;0;1;0;0;-38,484045;-3,7716
288937;16;5;2016;11:19;12704;AV EDUARDO GIRAO;RUA QUINTINO CUNHA;;;;Queda;Luz do Dia;;;Cruz;;Residencial;0;1;0;0;0;0;0;0;0;1;0;0;-38,541316;-3,747406
288938;16;5;2016;11:28;0;AV SEN FERNANDES TAVORA;;;2433;;Colisão;Luz do Dia;;;Meio de Quadra;;;0;1;0;1;0;0;0;0;0;1;0;0;-38,594468;-3,755837
288893;16;5;2016;07:10;0;RUA DR FERNANDO AUGUSTO;;;3996;;Colisão;Luz do Dia;;;Meio de Quadra;;;0;1;0;0;0;0;0;0;0;0;0;0;-38,628087;-3,785437
288886;16;5;2016;05:29;0;AV DA UNIVERSIDADE;;;2624;;Colisão;Amanhecer;;;Meio de Quadra;;;0;1;0;1;0;0;0;0;0;1;0;0;-38,538012;-3,739749
288906;16;5;2016;07:19;0;AV GAL OSORIO DE PAIVA;;;;;Queda;Luz do Dia;;;Meio de Quadra;;;0;1;0;0;0;0;0;0;0;1;0;0;;
288878;16;5;2016;04:38;0;AV PRS CASTELO BRANCO;;;;;Colisão;;;;Meio de Quadra;;;0;1;0;1;0;0;0;0;0;1;0;0;;
284595;16;5;2016;15:55;0;RD BR 222;;;;KM-02;Colisão Traseira;Luz do Dia;Bom;Seca;Meio de Quadra;;;0;1;1;1;0;0;0;0;0;1;0;0;-38,58704;-3,739009
284351;16;5;2016;07:50;0;RD BR 116;;;0;KM-03;Colisão Traseira;Luz do Dia;Bom;Seca;Não Informado;;;0;1;4;1;0;0;0;0;0;1;0;0;-38,51386954;-3,781255671
284378;17;5;2016;07:30;0;RD BR 116;;;700;KM-01;Colisão Lateral;Luz do Dia;Bom;Seca;Meio de Quadra;;;0;1;1;1;0;0;0;0;0;1;0;0;-38,5091;-3,791713
284604;17;5;2016;20:10;0;RD BR 222;;;;KM-01;;;Bom;Seca;Meio de Quadra;;;0;2;1;1;0;0;0;0;0;1;0;0;-38,578147;-3,737698
283919;17;5;2016;19:00;0;RD BR 020;;;500;KM 429;Colisão Lateral;;Bom;Seca;Meio de Quadra;;;0;1;1;0;0;0;0;0;0;1;0;0;;
289057;17;5;2016;05:39;0;RUA SUICA;;;999;;Colisão;Amanhecer;;;Meio de Quadra;;;0;1;0;1;0;0;0;0;0;1;0;0;-38,578514;-3,793789
289059;17;5;2016;05:55;0;RUA CON DE CASTRO;;;5531;;Atropelamento;Amanhecer;;;Meio de Quadra;;;0;1;0;0;0;0;0;0;0;1;0;0;;
289052;17;5;2016;00:45;0;RD BR 116;;;11000;KM-11;Atropelamento;;;;Meio de Quadra;;;0;1;0;1;0;0;0;0;0;0;0;0;-38,497176;-3,84716
289053;17;5;2016;01:02;0;AV DES MOREIRA;;;2262;;Colisão;;;;Meio de Quadra;;;0;1;0;1;0;0;0;0;0;1;0;0;-38,501209;-3,745134
289061;17;5;2016;07:02;0;RUA CON DE CASTRO;;;5610;;Atropelamento;Luz do Dia;;;Meio de Quadra;;;0;1;0;0;0;0;0;0;0;1;0;0;-38,597756;-3,812462
289062;17;5;2016;07:06;0;RUA 212 CJ SAO CRISTOVAO;;;274;;Colisão;Luz do Dia;;;Meio de Quadra;;;0;1;0;1;0;0;0;0;0;1;0;0;-38,523585;-3,832265
289063;17;5;2016;07:20;0;AV GAL OSORIO DE PAIVA;AV ENG LUIS VIEIRA;;1431;;Colisão Transversal;Luz do Dia;Bom;Seca;Cruz;Semáforo;Comercial;0;1;3;1;0;0;0;0;0;1;0;0;-38,574151;-3,780442
289143;17;5;2016;15:59;0;RD BR 116;;;7000;KM-07;Queda;Luz do Dia;;;Meio de Quadra;;;0;2;0;0;0;0;0;0;0;1;0;0;-38,501101;-3,813246
289140;17;5;2016;15:29;0;AV ALBERTO CRAVEIRO;;;2770;CASTELAO;Queda;Luz do Dia;;;Meio de Quadra;;;0;2;0;0;0;0;0;0;0;1;0;0;-38,523255;-3,805335
289145;17;5;2016;17:31;0;AV MR HULL;;;3650;;Colisão;Anoitecer;;;Meio de Quadra;;;0;1;0;0;0;0;0;0;0;0;0;0;-38,576659;-3,737599
289147;17;5;2016;19:51;0;AV DEP PAULINO ROCHA;;;380;;Atropelamento;;;;Meio de Quadra;;;0;1;0;0;0;0;0;0;0;0;0;0;;
289149;17;5;2016;20:00;0;AV B CJ CEARA;;;30;;Queda;;;;Meio de Quadra;;;0;1;0;0;0;1;0;0;0;0;0;0;-38,60241;-3,763605
289130;17;5;2016;15:25;14372;RUA SABINO BATISTA;RUA PLACIDO CARVALHO;;;;Colisão;Luz do Dia;;;;;;0;1;0;0;0;0;0;0;0;0;0;0;-38,555713;-3,722623
289124;17;5;2016;14:05;13173;AV L CJ JOSE WALTER;RUA 56 CJ JOSE WALTER;;;;Atropelamento;Luz do Dia;;;Cruz;Não Há Controle;Comercial;0;1;0;1;0;0;0;0;0;0;0;0;-38,557872;-3,83226
289118;17;5;2016;13:26;0;AV DEP PAULINO ROCHA;;;958;;Colisão;Luz do Dia;;;Meio de Quadra;;;0;1;0;0;0;0;0;0;0;0;0;0;;
289120;17;5;2016;13:34;0;RUA HONORINA MAIA;;;250;;Colisão;Luz do Dia;;;Meio de Quadra;;;0;1;0;0;0;0;0;0;0;0;0;0;;
289113;17;5;2016;13:24;0;AV SEN FERNANDES TAVORA;;;551;;Colisão;Luz do Dia;;;Meio de Quadra;;;0;1;0;0;0;0;0;0;0;1;0;0;-38,577416;-3,76472
289114;17;5;2016;13:25;15142;RUA MON BRUNO;AV MON TABOSA;;1000;;Colisão Transversal;Luz do Dia;Bom;Seca;Cruz;Pare;Comercial;0;1;3;1;0;0;0;0;0;1;0;0;-38,506833;-3,724369
289098;17;5;2016;12:07;0;AV EDUARDO GIRAO;;;931;;Colisão;Luz do Dia;;;Meio de Quadra;;;0;1;0;1;0;1;0;0;0;0;0;0;-38,531047;-3,754044
289100;17;5;2016;12:56;9297;AV FRANCISCO SA;RUA CESAR CORREIA;;;;Colisão;Luz do Dia;;;Cruz;Pare;Comercial;0;1;0;1;0;0;0;0;0;1;0;0;-38,573313;-3,711949
289111;17;5;2016;13:20;0;RUA RIO GRANDE DO NORTE;;;11;;Colisão;Luz do Dia;;;Meio de Quadra;;;0;1;0;1;0;0;0;0;0;1;0;0;-38,570098;-3,756984
289092;17;5;2016;11:08;24286;RUA PEREIRA VALENTE;RUA CASTRO MONTE;;;;Colisão;Luz do Dia;;;Cruz;Pare;Residencial;0;1;0;1;0;0;0;0;0;1;0;0;-38,485966;-3,734725
289086;17;5;2016;10:25;0;RUA CURITIBA;;;537;;Colisão;Luz do Dia;;;Meio de Quadra;;;0;1;0;0;0;0;1;0;0;1;0;0;;
289071;17;5;2016;09:51;7903;RUA CEL LINHARES;AV ANTONIO SALES;;;;Colisão;Luz do Dia;;;Cruz;Pare;Comercial;0;1;0;1;0;0;0;0;0;1;0;0;-38,497481;-3,746964
303269;17;5;2016;07:07;24347;AV LUCIANO CARNEIRO;RUA DES PRAXEDES;;0;;Colisão Transversal;Luz do Dia;Bom;Seca;Cruz;Semáforo;Comercial;0;0;2;1;0;0;0;0;0;0;0;0;-38,536679;-3,764934
285718;17;5;2016;14:50;0;AV MIN JOSE AMERICO;;;;;Colisão;Luz do Dia;Bom;Seca;Meio de Quadra;;;0;0;2;1;0;0;0;0;0;0;0;0;;
285719;17;5;2016;19:30;0;RD CE-040;;;;KM-05;Engavetamento;;Bom;Seca;Meio de Quadra;;;0;0;3;1;0;0;0;0;0;0;0;0;-38,480331;-3,791613
285720;17;5;2016;19:20;0;RD CE-040;;;;KM-09;Colisão;;Bom;Seca;Meio de Quadra;;;0;0;2;1;0;0;0;0;0;0;0;0;-38,481538;-3,825516
285701;17;5;2016;16:00;0;RD CE-040;;;;KM-08;Colisão;Luz do Dia;Bom;Seca;Meio de Quadra;;;0;0;2;0;0;0;0;0;0;1;0;0;-38,483033;-3,817159
285702;17;5;2016;17:00;0;RD CE-025;;;;KM-02;Colisão;Anoitecer;Bom;Seca;Meio de Quadra;;;0;0;2;1;0;0;0;0;0;0;0;0;-38,461085;-3,807635
300891;17;5;2016;18:30;7158;AV PRS CASTELO BRANCO;RUA DNA MENDINHA;;0;;Colisão Traseira;Via Iluminada;Bom;Seca;T;Semáforo;Comercial;0;0;2;0;1;0;0;0;0;0;0;0;-38,56947;-3,708021
300892;17;5;2016;14:46;0;AV DR SILAS MUNGUBA;;;3902;;Colisão Lateral;Luz do Dia;Bom;Seca;Meio de Quadra;Não Há Controle;Residencial;0;1;1;1;0;0;0;0;0;1;0;0;-38,538836;-3,790889
300893;17;5;2016;20:25;1445;RUA DES LEITE ALBUQUERQUE;RUA VICENTE LEITE;;0;;Colisão Transversal;Via Iluminada;Bom;Seca;Não Informado;Pare;Comercial;0;0;2;1;0;0;0;0;0;0;0;0;-38,495734;-3,738178
300894;17;5;2016;20:26;0;AV L CJ JOSE WALTER;;;501;;Atropelamento;Via Iluminada;Bom;Não informada;Meio de Quadra;Não Há Controle;Residencial;0;1;1;1;0;0;0;0;0;0;0;0;;
300880;17;5;2016;11:49;0;AV ROGACIANO LEITE;;;1020;;Engavetamento;Luz do Dia;Bom;Seca;Meio de Quadra;Semáforo;Comercial;0;0;3;1;0;0;0;0;0;0;0;0;-38,496477;-3,766691
300881;17;5;2016;10:50;0;AV GODOFREDO PIMENTEL;RUA INGA;;684;;Colisão Transversal;Luz do Dia;Bom;Seca;Meio de Quadra;Não Há Controle;Comercial;0;0;2;1;1;0;0;0;0;0;0;0;-38,588669;-3,733196
300882;17;5;2016;12:30;0;RUA CAP TIBURCIO DA FROTA;RUA TIBURCIO CAVALCANTE;;0;;Colisão Transversal;Luz do Dia;Bom;Seca;T;Pare;Residencial;0;0;2;1;0;0;0;0;0;0;0;0;;
300883;17;5;2016;11:40;0;RUA CON DE CASTRO;;;5582;;Atropelamento;Luz do Dia;Bom;Seca;Meio de Quadra;Semáforo;Comercial;0;2;0;0;0;0;0;0;0;1;0;0;-38,597601;-3,8122
300884;17;5;2016;14:29;0;AV PAISAGISTICA;;;0;;Colisão Transversal;Luz do Dia;Bom;Seca;Meio de Quadra;Não Há Controle;Escola;0;0;2;1;0;0;0;0;0;0;0;0;;
300885;17;5;2016;13:15;9312;RUA ADOLFO B DE MENEZES;RUA GAL MARIO HERMES;;662;;Colisão Lateral;Luz do Dia;Bom;Seca;Cruz;Pare;Residencial;0;0;1;1;0;0;0;0;0;0;0;0;-38,576574;-3,714366
300886;17;5;2016;15:20;0;AV AGUANAMBI;;;94;;Colisão Lateral;Luz do Dia;Bom;Seca;Meio de Quadra;Semáforo;Comercial;0;0;2;1;0;0;0;0;0;0;0;0;-38,524263;-3,737727
300887;17;5;2016;14:30;0;AV PRS COSTA E SILVA;;;810;;Colisão Traseira;Luz do Dia;Bom;Seca;Meio de Quadra;Não Há Controle;Comercial;0;0;5;1;0;0;0;0;0;1;0;0;;
300888;17;5;2016;17:40;15874;RUA STA EFIGENIA;RUA GUARUJA;;0;;Colisão Traseira;Anoitecer;Bom;Seca;Cruz;Pare;Comercial;0;0;2;1;0;0;0;1;0;0;0;0;-38,500593;-3,834763
300889;17;5;2016;17:42;0;RUA CEL JUCA;;;1097;;Colisão Lateral;Anoitecer;Bom;Seca;Meio de Quadra;Semáforo;Comercial;0;0;3;1;0;0;0;0;0;0;0;0;;
283426;17;5;2016;20:30;0;RUA DR SULIANO;;;250;;;;;;Meio de Quadra;;;0;0;2;1;0;0;0;0;0;0;0;0;;
283432;17;5;2016;13:15;9312;RUA ADOLFO B DE MENEZES;RUA GAL MARIO HERMES;;;;Colisão Lateral;Luz do Dia;;;Cruz;Outros;Residencial;0;0;2;1;0;0;0;0;0;0;0;0;-38,576574;-3,714366
283407;17;5;2016;07:40;0;AV AGUANAMBI;;;282;;Colisão Traseira;Luz do Dia;;;Meio de Quadra;;;0;0;2;1;0;0;0;0;0;0;0;0;-38,524772;-3,739335
283474;17;5;2016;;0;RUA GIRO;;;30;;Colisão Lateral;;;;Meio de Quadra;;;0;0;2;1;1;0;0;0;0;0;0;0;-38,562085;-3,773358
283465;17;5;2016;21:00;0;RUA VALMIR PONTES;;;;UNIFOR;Colisão Lateral;;;;Meio de Quadra;;;0;1;1;0;1;0;0;0;0;1;0;0;;
283482;17;5;2016;16:00;5290;AV DUQ CAXIAS;RUA PDE MORORO;;;;Colisão Lateral;Luz do Dia;;;Cruz;Semáforo;Comercial;0;0;2;1;0;0;0;0;0;0;0;0;-38,538552;-3,728983
283479;17;5;2016;14:30;0;AV BEZERRA DE MENEZES;;;;;Colisão Traseira;Luz do Dia;;;Meio de Quadra;;;0;0;2;1;0;0;0;0;0;0;0;0;;
283476;17;5;2016;12:00;9072;AV VIS RIO BRANCO;AV PONTES VIEIRA;;;;Colisão Lateral;Luz do Dia;;;;;;0;0;2;1;0;0;0;0;0;0;0;0;-38,520486;-3,753544
283477;17;5;2016;12:40;0;RUA JOAQUIM NABUCO;;;;;Colisão Lateral;Luz do Dia;;;Meio de Quadra;;;0;0;2;1;0;0;0;0;0;0;0;0;;
283462;17;5;2016;14:30;7903;AV ANTONIO SALES;RUA CEL LINHARES;;;;Colisão Lateral;Luz do Dia;;;Cruz;Pare;Comercial;0;1;1;0;0;0;0;0;0;0;0;0;-38,497481;-3,746964
283449;17;5;2016;08:00;3804;RUA CAIO CARLOS;RUA JOAQUIM FEIJO;;;;Colisão Lateral Sentido Oposto;Luz do Dia;;;;Não Há Controle;Residencial;0;1;1;1;0;0;0;0;0;1;0;0;-38,542856;-3,738575
283439;17;5;2016;07:50;14967;AV GODOFREDO MACIEL;RUA JULIO ALCIDES;;;;Colisão Lateral;Luz do Dia;;;T;Outros;Outros;0;1;1;0;0;0;0;0;0;1;0;0;-38,566785;-3,787856
283488;17;5;2016;09:20;26226;AV AMERICO BARREIRA;AV CARNEIRO DE MENDONCA;;;;Colisão Traseira;Luz do Dia;;;Cruz;Semáforo;Comercial;0;1;1;0;1;0;0;0;0;1;0;0;;
283493;17;5;2016;23:10;15145;AV HIS RAIMUNDO GIRAO;AV BAR STUDART;;;;Colisão Lateral;;;;Cruz;Semáforo;Residencial;0;0;2;1;1;0;0;0;0;0;0;0;-38,503367;-3,724494