COD_ACIDENTE;DIA;MES;ANO;HORA;INTERSECAO;LOG1;LOG2;LOG3;NUMERO;REFERENCIA;NATUREZA;ILUMINACAO;TEMPO;SUPERFICIEPISTA;TIPOCRUZAMENTO;CONTROLETRAFEGO;USOSOLO;MORTOS;FERIDOS;ILESOS;AUTOMOVEL;ONIBUS;BICICLETA;CAMINHAO;MICROONIBUS;CICLOMOTOR;MOTOCICLETA;TRACAOANIMAL;TREM;LONG;LAT
283498;17;5;2016;08:00;23415;RUA MON SALAZAR;RUA ESV PINHEIRO;;;;Colisão Lateral;Luz do Dia;;;Cruz;Pare;Comercial;0;0;2;1;0;0;0;0;0;0;0;0;-38,507857;-3,755527
283502;17;5;2016;07:30;278;RUA ROTARY;RUA GAL PIRAGIBE;;;;Colisão Transversal;Luz do Dia;;;Cruz;Pare;Residencial;0;1;1;1;0;0;0;0;0;1;0;0;-38,557053;-3,742184
283507;17;5;2016;14:00;22110;RUA MON FURTADO;RUA TAVARES IRACEMA;;;;Colisão Transversal;Luz do Dia;;;Cruz;Não Há Controle;Residencial;0;2;1;1;0;0;0;0;0;1;0;0;-38,553916;-3,751292
283512;17;5;2016;12:00;9224;RUA MIN JOAQUIM BASTOS D14;RUA GAL SILVA JUNIOR;;;;Choque c/ Obstáculo Fixo;Luz do Dia;;;Cruz;Pare;Residencial;0;0;2;1;0;0;0;0;0;0;0;0;-38,529448;-3,752716
283490;18;5;2016;16:30;0;AV ABOLICAO;;;2685;;Colisão;Luz do Dia;;;Meio de Quadra;;;0;2;1;1;0;0;1;0;0;1;0;0;-38,495627;-3,727277
283559;18;5;2016;21:00;20042;AV DEP PAULINO ROCHA;AV DR SILAS MUNGUBA;;;;Colisão Traseira;;;;;;;0;0;2;1;0;0;0;0;0;0;0;0;-38,524782;-3,807229
283560;18;5;2016;08:00;0;RUA JORGE DUMAR;;;2078;;Colisão Frontal;Luz do Dia;;;Meio de Quadra;;;0;1;1;1;0;0;0;0;0;1;0;0;-38,539682;-3,754044
283561;18;5;2016;09:40;1242;RUA COSTA BARROS;RUA DR JOSE LOURENCO;;;;Colisão Transversal;Luz do Dia;;;Cruz;Pare;Comercial;0;1;2;1;0;0;0;0;0;0;0;0;-38,506927;-3,73187
283565;18;5;2016;04:00;0;AV SEN VIRGILIO TAVORA;;;;;Choque c/ Obstáculo Fixo;;;;Meio de Quadra;;;0;0;1;1;0;0;0;0;0;0;0;0;;
283566;18;5;2016;12:00;5737;RUA VICENTE LOPES;RUA BENJAMIM MOURA;;;;Colisão Transversal;Luz do Dia;;;Cruz;Pare;Residencial;0;0;2;1;0;0;0;0;0;0;0;0;-38,495443;-3,797497
283571;18;5;2016;16:00;1282;AV SANTOS DUMONT;AV BAR STUDART;;;;Colisão Transversal;Luz do Dia;;;Cruz;Semáforo;Comercial;0;0;2;1;0;0;0;0;0;0;0;0;-38,506304;-3,733642
283569;18;5;2016;14:30;5418;RUA GAL CLARINDO DE QUEIROZ;RUA ASSUNCAO;;;;Colisão Transversal;Luz do Dia;;;Cruz;Pare;Comercial;0;0;2;1;0;0;0;0;0;0;0;0;-38,528262;-3,733329
283576;18;5;2016;17:40;10516;RUA ANTONIO CANDEIA;RUA PERGENTINO MAIA;;;;Colisão Transversal;Anoitecer;;;;;;0;0;2;1;0;0;0;1;0;0;0;0;-38,480791;-3,832562
283573;18;5;2016;07:40;0;RUA JORGE DUMAR;;;1926;;Colisão Traseira;Luz do Dia;;;Meio de Quadra;;;0;1;1;1;0;0;0;0;0;1;0;0;-38,539398;-3,752823
283440;18;5;2016;10:00;6756;AV ANTONIO SALES;AV ENG SANTANA JUNIOR;;;;Colisão Traseira;Luz do Dia;;;Outros;Não Há Controle;Comercial;0;0;2;1;0;0;0;0;0;0;0;0;-38,490039;-3,749257
283457;18;5;2016;10:00;0;RUA BAR AQUIRAZ;;;460;;Outros;Luz do Dia;;;Meio de Quadra;;;0;0;2;1;0;0;0;0;0;0;0;0;;
283451;18;5;2016;10:50;1716;AV GAL MURILO BORGES;AV GOV RAUL BARBOSA;;;;Colisão Lateral;Luz do Dia;;;;;;0;0;2;1;0;0;0;0;0;0;0;0;-38,508802;-3,763977
283480;18;5;2016;22:45;391;AV LIBERDADE;RUA PRO VIRGILIO DE MORAIS;;;;Colisão;;;;Cruz;Pare;Residencial;0;1;1;0;1;1;0;0;0;0;0;0;-38,596325;-3,749531
283483;18;5;2016;16:50;0;AV DUQ CAXIAS;;;519;;Colisão Traseira;Luz do Dia;;;Meio de Quadra;;;0;0;2;0;0;0;0;0;0;0;0;0;-38,529207;-3,732006
283484;18;5;2016;15:30;0;AV DA UNIVERSIDADE;;;3057;;Colisão Traseira;Luz do Dia;;;Meio de Quadra;;;0;0;2;1;0;0;0;0;0;0;0;0;-38,540721;-3,742738
283485;18;5;2016;14:00;1543;RUA EDUARDO GARCIA;RUA FONSECA LOBO;;;;Colisão Lateral;Luz do Dia;;;Cruz;Pare;Residencial;0;0;2;0;0;0;0;0;0;0;0;0;-38,490232;-3,741043
283468;18;5;2016;13:50;25739;RUA VER PEDRO PAULO MOREIRA;RUA LIDIA BRIGIDO;;;;Atropelamento;Luz do Dia;;;T;Pare;Residencial;0;1;1;1;0;0;0;0;0;0;0;0;-38,485027;-3,787308
283470;18;5;2016;10:20;0;AV PONTES VIEIRA;;;;;Colisão Traseira;Luz do Dia;;;Meio de Quadra;;;0;0;2;1;0;0;0;0;0;0;0;0;;
283471;18;5;2016;18:30;5627;AV JOSE LEON;AV ROGACIANO LEITE;;;;Colisão Transversal;Anoitecer;;;Cruz;Semáforo;Comercial;0;1;2;0;0;0;0;0;0;1;0;0;-38,503527;-3,787355
283430;18;5;2016;13:47;0;AV C CJ CEARA;;;899;;Colisão Lateral;Luz do Dia;;;Meio de Quadra;;;0;0;3;1;0;0;0;0;0;0;0;0;-38,611336;-3,766733
283436;18;5;2016;17:40;1603;RUA VICENTE LINHARES;RUA PRO DIAS DA ROCHA;;;;Colisão Transversal;Anoitecer;;;Cruz;Pare;Residencial;0;0;2;1;0;0;0;0;0;0;0;0;-38,494402;-3,744049
283428;18;5;2016;16:30;10992;RUA BAR CANINDE;RUA DOM CARLOTO TAVORA;;;;Colisão Lateral;Luz do Dia;;;Cruz;Pare;Residencial;0;0;2;1;0;0;0;0;0;0;0;0;-38,557103;-3,769531
283425;18;5;2016;10:00;0;AV JOSE BASTOS;;;;;Colisão Lateral;Luz do Dia;;;Meio de Quadra;;;0;0;2;1;0;0;0;0;0;0;0;0;;
300895;18;5;2016;09:09;1534;RUA MON CATAO;RUA EDUARDO GARCIA;;0;;Colisão Transversal;Luz do Dia;Chuva;Molhada;Cruz;Pare;Residencial;0;0;2;1;0;0;0;0;0;0;0;0;-38,491196;-3,740726
285728;18;5;2016;08:30;0;AV SEN CARLOS JEREISSATI (AEROPORTO);;;;KM 01;Colisão;Luz do Dia;Bom;Seca;Meio de Quadra;;;0;0;2;0;0;0;0;0;0;1;0;0;-38,52685;-3,783753
285735;18;5;2016;07:55;0;RD CE-040;;;;KM-12;Atropelamento;Luz do Dia;Bom;Seca;Meio de Quadra;;;0;1;1;1;0;0;0;0;0;0;0;0;-38,47607;-3,849626
285736;18;5;2016;09:30;0;RD CE-040;;;;KM-10;Colisão;Luz do Dia;Bom;Seca;Meio de Quadra;;;0;0;2;1;0;0;1;0;0;0;0;0;-38,482466;-3,834451
285737;18;5;2016;08:10;0;RD CE-040;;;;KM-10;Colisão;Luz do Dia;Bom;Seca;Meio de Quadra;;;0;0;2;1;0;0;0;0;0;1;0;0;-38,482466;-3,834451
285751;18;5;2016;08:00;0;RD CE-040;;;;KM-10;Colisão;Luz do Dia;Bom;Seca;Meio de Quadra;;;0;0;2;1;0;0;0;0;0;0;0;0;-38,482466;-3,834451
289150;18;5;2016;00:37;22353;AV BEZERRA DE MENEZES;RUA AMADEU FURTADO;;;;Colisão;;;;;;;0;1;0;1;0;0;0;0;0;0;0;0;-38,564079;-3,735591
289151;18;5;2016;01:13;0;AV PRS COSTA E SILVA;;;1712;;Colisão;;;;Meio de Quadra;;;0;1;0;0;0;0;0;0;0;0;0;0;-38,566959;-3,816843
289240;18;5;2016;14:51;25163;RUA SAO FRANCISCO D34;RUA MARIA JULIA ROCHA;;;;Colisão;Luz do Dia;;;Cruz;Pare;Comercial;0;1;0;1;0;0;0;0;0;1;0;0;;
289230;18;5;2016;13:37;0;AV ENG ALBERTO SA;;;287;;Colisão;Luz do Dia;;;Meio de Quadra;;;0;1;0;1;0;0;0;0;0;1;0;0;-38,478047;-3,733917
289231;18;5;2016;13:57;26077;AV JOSE JATAHY;AV DUQ CAXIAS;;;;Colisão;Luz do Dia;;;T;Pare;Comercial;0;1;0;1;0;0;0;0;0;1;0;0;;
289219;18;5;2016;11:10;0;AV JOVITA FEITOSA;RUA OTAVIO JUSTA;;;;Colisão;Luz do Dia;;;;;;0;1;0;0;0;0;0;0;0;1;0;0;-38,547209;-3,737944
289224;18;5;2016;13:20;10300;AV SEN FERNANDES TAVORA;RUA JOSE MENDONCA;;;;Colisão;Luz do Dia;;;Cruz;Pare;Comercial;0;1;0;1;0;0;0;0;0;1;0;0;-38,601696;-3,754492
289226;18;5;2016;13:21;0;RUA ERICO MOTA;;;330;;Colisão;Luz do Dia;;;Meio de Quadra;;;0;1;0;0;0;0;0;0;0;0;0;0;-38,562283;-3,73882
289211;18;5;2016;08:27;0;RUA 109 CJ ESPERANCA;;;210;;Colisão;Luz do Dia;;;Meio de Quadra;;;0;1;0;1;0;0;0;0;0;1;0;0;-38,592317;-3,812496
289213;18;5;2016;10:29;5381;AV IMPERADOR;RUA METON DE ALENCAR;;;;Colisão;Luz do Dia;;;;Não Há Controle;Comercial;0;1;0;1;0;0;0;0;0;1;0;0;-38,535869;-3,731966
289216;18;5;2016;10:46;5089;RUA MAJ FACUNDO;RUA DR JOAO MOREIRA;;;;Colisão;Luz do Dia;;;Cruz;Não Há Controle;Comercial;0;1;0;0;0;0;0;0;0;0;0;0;-38,526361;-3,723042
289197;18;5;2016;05:21;0;AV ALBERTO CRAVEIRO;;;1085;;Atropelamento;Amanhecer;;;Meio de Quadra;;;0;1;0;0;1;0;0;0;0;0;0;0;;
289202;18;5;2016;08:07;1488;RUA CARLOS VASCONCELOS;RUA ROCHA LIMA;;;;Colisão;Luz do Dia;;;Cruz;Pare;Residencial;0;1;0;1;0;0;0;0;0;1;0;0;-38,512902;-3,739419
289206;18;5;2016;08:19;0;RUA PDE PERDIGAO SAMPAIO;;;95;;Colisão;Luz do Dia;;;Meio de Quadra;;;0;1;0;1;0;0;0;0;0;1;0;0;-38,596171;-3,733896
289195;18;5;2016;04:22;0;AV PRS ARTUR BERNARDES;;;3178;;Colisão;;;;Meio de Quadra;;;0;1;0;1;0;1;0;0;0;0;0;0;-38,471183;-3,798572
289193;18;5;2016;04:15;7982;RUA MAJ WEYNE;RUA CARLOS CAMARA;;;;Colisão;;;;Cruz;Pare;Residencial;0;1;0;1;0;0;0;0;0;1;0;0;-38,544497;-3,7486
289187;18;5;2016;03:30;15789;RUA CEL DIONISIO ALENCAR;RUA JOAQUIM FELICIO;;;;Colisão;;;;Cruz;Não Há Controle;Misto;0;1;0;1;0;0;0;0;0;1;0;0;-38,487369;-3,830711
289188;18;5;2016;03:37;0;AV 13 DE MAIO;;;;;Queda;;;;Meio de Quadra;;;0;1;0;0;0;0;0;0;0;1;0;0;;
289177;18;5;2016;03:12;0;RUA COSTA BARROS;;;831;;Colisão;;;;Meio de Quadra;;;0;1;0;1;0;0;0;0;0;1;0;0;-38,516408;-3,72878
289174;18;5;2016;02:41;0;AV PRS COSTA E SILVA;;;;;Atropelamento;;;;Meio de Quadra;;;0;1;0;1;0;0;0;0;0;0;0;0;;
289171;18;5;2016;02:28;3901;RUA JORGE DUMAR;AV EDUARDO GIRAO;;;;Colisão;;;;Cruz;Semáforo;Comercial;0;1;0;1;0;0;0;0;0;1;0;0;-38,538695;-3,749691
289167;18;5;2016;02:08;0;AV SEN CARLOS JEREISSATI (AEROPORTO);;;;;Colisão;;;;Meio de Quadra;;;0;1;0;1;0;0;0;0;0;1;0;0;;
289168;18;5;2016;02:14;0;AV D CJ CEARA;;;17;;Colisão;;;;Meio de Quadra;;;0;1;0;1;0;0;0;0;0;1;0;0;;
289169;18;5;2016;02:24;0;AV WASHINGTON SOARES;;;3150;;Colisão;;;;Meio de Quadra;;;0;1;0;1;0;0;0;0;0;1;0;0;;
289154;18;5;2016;01:16;0;RUA JAIME BENEVOLO;;;8041;;Queda;;;;Meio de Quadra;;;0;1;0;0;0;0;0;0;0;1;0;0;;
289155;18;5;2016;01:29;0;RUA PARQUE IPIRANGA;;;395;;Queda;;;;Meio de Quadra;;;0;1;0;0;0;0;0;0;0;1;0;0;;
289160;18;5;2016;01:30;0;AV GAL OSORIO DE PAIVA;;;7620;;Colisão;;;;Meio de Quadra;;;0;1;0;1;0;0;0;0;0;1;0;0;-38,615729;-3,818845
289162;18;5;2016;01:38;0;RUA LUIS SA (PARANGABA);;;20;;Colisão;;;;Meio de Quadra;;;0;1;0;0;0;0;0;0;0;1;0;0;;
289242;18;5;2016;14:52;0;AV AMERICO BARREIRA;;;4601;;Atropelamento;Luz do Dia;;;Meio de Quadra;;;0;1;0;0;0;0;0;0;0;0;0;1;;
289247;18;5;2016;14:55;22055;AV CARAPINIMA;AV JOSE BASTOS;;;;Colisão;Luz do Dia;;;;;;0;1;0;0;0;0;0;0;0;1;0;0;-38,543126;-3,742736
289251;18;5;2016;15:27;0;RD BR 116;;;3000;KM-03;Colisão;Luz do Dia;;;Meio de Quadra;;;0;1;0;0;0;0;0;0;0;0;0;0;-38,514372;-3,779838
289254;18;5;2016;16:08;0;AV BEZERRA DE MENEZES;;;2048;;Colisão;Luz do Dia;;;Meio de Quadra;;;0;1;0;1;0;0;0;0;0;1;0;0;-38,563276;-3,735412
289256;18;5;2016;16:55;0;AV WASHINGTON SOARES;;;;;Colisão;Luz do Dia;;;Meio de Quadra;;;0;1;0;0;0;0;0;0;0;0;0;0;;
284380;18;5;2016;09:30;0;RD BR 116;;;0;KM 00;Colisão Lateral;Luz do Dia;Bom;Seca;Meio de Quadra;;;0;0;2;0;1;0;0;1;0;0;0;0;-38,52301254;-3,755594239
284382;19;5;2016;23:00;0;RD BR 116;;;0;KM-11;Atropelamento;;Bom;Seca;Meio de Quadra;;Rural;0;1;1;1;0;0;0;0;0;0;0;0;-38,49672673;-3,848173913
283911;19;5;2016;19:00;0;AV BAR STUDART;;;1900;;Colisão Lateral;;;;Meio de Quadra;;;0;0;2;1;1;0;0;0;0;0;0;0;-38,50838;-3,740156
283803;19;5;2016;07:45;8935;AV DOMINGOS OLIMPIO;RUA TEREZA CRISTINA;;;;Colisão Lateral;Luz do Dia;;;Cruz;Semáforo;Residencial;0;2;0;0;0;0;0;0;0;1;0;0;-38,538883;-3,734086
283792;19;5;2016;14:00;22930;RUA BERNARDO MANUEL;RUA LEAO TREZE;;;;Colisão Transversal;Luz do Dia;;;Cruz;Pare;Comercial;0;1;1;1;0;0;0;0;0;1;0;0;-38,546723;-3,783394
283797;19;5;2016;08:10;26118;AV ALM MAXIMIANO DA FONSECA;RUA JOSE B PARENTE D59;;;;Colisão Transversal;Luz do Dia;;;T;Pare;Residencial;0;1;1;1;0;0;0;0;0;1;0;0;-38,4851;-3,771301
283733;19;5;2016;16:45;0;AV AGUANAMBI;;;;ROTATÓRIA;Colisão Lateral;Luz do Dia;;;Meio de Quadra;;;0;0;2;1;1;0;0;0;0;0;0;0;;
283723;19;5;2016;;0;AV GODOFREDO MACIEL;;;3888;;Colisão Lateral;;;;Meio de Quadra;;;0;0;2;1;0;0;0;0;0;1;0;0;-38,573867;-3,809132
283742;19;5;2016;08:40;1716;AV GAL MURILO BORGES;AV GOV RAUL BARBOSA;;;;Colisão Lateral;Luz do Dia;;;;;;0;0;2;1;0;0;1;0;0;0;0;0;-38,508802;-3,763977
283777;19;5;2016;06:02;19935;RUA FRANCISCO LORDA;RUA JORGE ACURCIO;;;;Colisão Transversal;Luz do Dia;;;Cruz;Pare;Residencial;0;2;1;0;0;0;1;0;0;1;0;0;-38,530533;-3,762325
283762;19;5;2016;14:30;0;AV ENG SANTANA JUNIOR;;;1315;VIADUTO;Engavetamento;Luz do Dia;;;Meio de Quadra;;;0;0;3;1;0;0;0;0;0;0;0;0;-38,484352;-3,739266
283754;19;5;2016;22:10;7752;AV JOAO PESSOA;AV CARNEIRO DE MENDONCA;;;;Outros;;;;Cruz;Semáforo;Misto;0;0;2;0;0;0;0;0;0;1;0;0;-38,559808;-3,767222
289257;19;5;2016;00:52;0;AV MR HULL;;;4442;TERMINAL ANTONIO BEZERRA;Atropelamento;;;;Meio de Quadra;;;0;1;0;0;0;0;0;0;0;0;0;0;-38,584585;-3,738616
289273;19;5;2016;01:42;0;RUA GERMANO FRANCK;;;1810;;Colisão;;;;Meio de Quadra;;;0;1;0;1;0;0;0;0;0;1;0;0;;
289267;19;5;2016;01:08;0;AV DOMINGOS OLIMPIO;;;108;;Colisão;;;;Meio de Quadra;;;0;1;0;1;0;0;0;0;0;1;0;0;-38,524699;-3,738655
289262;19;5;2016;00:54;0;AV VIS RIO BRANCO;;;3881;;Colisão;;;;Meio de Quadra;;;0;1;0;1;0;0;0;0;0;1;0;0;-38,520153;-3,755237
289329;19;5;2016;12:03;22120;RUA PRO COSTA MENDES;RUA CEL NUNES DE MELO;;;;Colisão;Luz do Dia;;;Cruz;Pare;Comercial;0;1;0;1;0;1;0;0;0;0;0;0;-38,553197;-3,749003
289326;19;5;2016;11:46;0;AV EDUARDO BRIGIDO MONTEIRO;;;;;Colisão;Luz do Dia;;;Meio de Quadra;;;0;1;0;0;0;0;0;0;0;1;0;0;;
289314;19;5;2016;10:39;5402;RUA METON DE ALENCAR;RUA VINTE E QUATRO DE MAIO;;;;Colisão;Luz do Dia;;;Cruz;Pare;Comercial;0;1;0;1;0;0;0;0;0;1;0;0;-38,533848;-3,732626
289310;19;5;2016;09:44;10907;RUA PORTO VELHO;RUA GUARANI D35 (JOAO XXIII);;;;Colisão;Luz do Dia;;;Cruz;Não Há Controle;Industrial;0;1;0;1;0;0;0;0;0;1;0;0;-38,582396;-3,768441
289282;19;5;2016;02:20;9243;AV EDUARDO GIRAO;AV DOS EXPEDICIONARIOS;;;;Queda;;;;Cruz;Semáforo;Residencial;0;1;0;0;0;0;0;0;0;1;0;0;-38,536849;-3,750712
289283;19;5;2016;03:26;0;AV L CJ JOSE WALTER;;;1520;;Colisão;;;;Meio de Quadra;;;0;1;0;1;0;0;0;0;0;1;0;0;-38,559783;-3,838586
289293;19;5;2016;03:57;0;AV LINEU MACHADO;;;288;;Colisão;;;;Meio de Quadra;;;0;1;0;1;0;0;0;0;0;1;0;0;-38,574974;-3,76224
289391;19;5;2016;23:16;7623;RUA RIO GRANDE DO SUL;RUA PERNAMBUCO;;;;Colisão;;;;Cruz;Pare;;0;1;1;1;0;0;0;0;0;1;0;0;-38,568467;-3,760011
289332;19;5;2016;12:43;0;AV PRS COSTA E SILVA;;;;;Atropelamento;Luz do Dia;;;Meio de Quadra;;;0;1;0;0;1;0;0;0;0;0;0;0;;
289333;19;5;2016;14:35;24886;AV MAJ ASSIS;AV MOZART PINHEIRO DE LUCENA;;;;Queda;Via Iluminada;Bom;Seca;T;Semáforo;Comercial;0;1;2;1;0;0;0;0;0;1;0;0;;
289341;19;5;2016;15:57;0;AV CONTORNO LESTE;;;;;Queda;Luz do Dia;;;Meio de Quadra;;;0;1;0;0;0;0;0;0;0;1;0;0;;
289342;19;5;2016;16:09;25314;AV DES FELICIANO DE ATAIDE (JD DAS OLIVEIRAS);RUA CARLOS JEREISSATI (JD DAS OLIVEIRAS);;;;Colisão Transversal;Via Iluminada;Bom;Seca;Cruz;Pare;Residencial;0;2;2;1;0;0;0;0;0;1;0;0;;
289343;19;5;2016;17:23;9172;RUA MIN JOAQUIM BASTOS D14;RUA PAULA RODRIGUES;;;;Colisão;Anoitecer;;;Cruz;Pare;Residencial;0;1;0;1;0;0;0;0;0;1;0;0;-38,527598;-3,754299
289344;19;5;2016;18:20;0;RD BR 116;;;;;Atropelamento;Anoitecer;;;Meio de Quadra;;;0;1;0;0;0;0;0;0;0;0;0;0;;
289346;19;5;2016;18:44;0;AV DEP PAULINO ROCHA;;;;;Colisão;;;;Meio de Quadra;;;0;1;0;0;0;0;0;0;0;0;0;0;;
289347;19;5;2016;18:45;0;AV DEP PAULINO ROCHA;;;;;Atropelamento;;;;Meio de Quadra;;;0;1;0;0;0;0;0;0;0;0;0;0;;
289799;19;5;2016;09:40;0;AV DIOGUINHO;;;1231;;Colisão;Luz do Dia;;;Meio de Quadra;;;0;1;0;1;0;0;0;0;0;0;0;0;;
285870;19;5;2016;11:10;0;AV MIN JOSE AMERICO;;;;;Engavetamento;Luz do Dia;Bom;Seca;Meio de Quadra;;;0;0;3;1;0;0;0;0;0;1;0;0;;
285915;19;5;2016;17:30;0;AV SEN CARLOS JEREISSATI (AEROPORTO);;;;KM 02;Colisão;Anoitecer;Bom;Seca;Meio de Quadra;;;0;0;2;1;0;0;0;0;0;1;0;0;-38,535424;-3,782194
300896;19;5;2016;08:12;8001;RUA ALEXANDRE BARAUNA;RUA MACHADO DE ASSIS;;0;;Colisão Lateral;Luz do Dia;Bom;Seca;Cruz;Pare;Comercial;0;1;1;1;0;0;0;0;0;1;0;0;-38,549095;-3,750339
300897;19;5;2016;14:13;20042;AV DR SILAS MUNGUBA;AV DEP PAULINO ROCHA;;0;;Colisão Traseira;Luz do Dia;Bom;Seca;Rotatória;Dê Preferência;Residencial;0;0;2;1;0;0;0;0;0;0;0;0;-38,524782;-3,807229
300898;19;5;2016;18:38;1234;AV SANTOS DUMONT;RUA ANTONIO AUGUSTO;;0;;Colisão Lateral;Anoitecer;Bom;Não informada;Cruz;Pare;Comercial;0;0;1;1;0;0;0;0;0;1;0;0;-38,513733;-3,731222
283574;19;5;2016;15:05;15336;RUA PEREIRA VALENTE;RUA JOAQUIM NABUCO;;;;Colisão Lateral;Luz do Dia;;;Cruz;Pare;Residencial;0;1;1;1;0;0;0;0;0;1;0;0;-38,500013;-3,731296
283580;19;5;2016;09:00;1404;RUA CARLOS VASCONCELOS;RUA CATAO MAMEDE;;;;Colisão Lateral;Luz do Dia;;;Cruz;Pare;Residencial;0;1;1;1;0;0;0;0;1;0;0;0;-38,512151;-3,737182
283592;19;5;2016;12:10;5131;RUA RUFINO DE ALENCAR;RUA BATURITE;;;;Colisão Traseira;Luz do Dia;;;;;;0;0;2;1;0;0;0;0;0;0;0;0;-38,523038;-3,724316
283596;19;5;2016;11:00;0;AV AUGUSTO DOS ANJOS;;;1417;;Colisão Frontal;Luz do Dia;;;Meio de Quadra;;;0;0;2;1;0;0;0;0;0;0;0;0;-38,578018;-3,778877
283615;19;5;2016;11:00;1420;AV SANTOS DUMONT;RUA CEL LINHARES;;;;Colisão Lateral;Luz do Dia;;;Cruz;Pare;Comercial;0;0;2;0;0;0;0;1;0;0;0;0;-38,494449;-3,737489
283612;19;5;2016;14:00;8936;AV DOMINGOS OLIMPIO;RUA PRC ISABEL;;;;Choque c/ Obstáculo Fixo;Luz do Dia;;;Cruz;Semáforo;Comercial;0;0;1;1;0;0;0;0;0;0;0;0;-38,53779;-3,734438
283599;19;5;2016;15:08;0;AV GAL OSORIO DE PAIVA;;;3366;;Colisão Lateral;Luz do Dia;;;Meio de Quadra;;;0;1;2;0;1;0;0;0;0;1;0;0;-38,588007;-3,790247
283603;19;5;2016;15:50;5107;AV MON TABOSA;RUA SEN ALMINO;;;;Colisão Transversal;Luz do Dia;;;Cruz;Pare;Comercial;0;0;2;1;0;0;1;0;0;0;0;0;-38,518035;-3,723661
283619;19;5;2016;16:30;0;RUA PRO COSTA MENDES;;;1679;;;Luz do Dia;;;Meio de Quadra;;;0;1;1;1;0;1;0;0;0;0;0;0;-38,553258;-3,748947
283564;19;5;2016;07:20;3820;AV CARAPINIMA;AV 13 DE MAIO;;;;Engavetamento;Luz do Dia;;;Cruz;Semáforo;Comercial;0;0;3;1;1;0;0;0;0;0;0;0;-38,540239;-3,740001
283557;19;5;2016;22:30;0;AV OLIVEIRA PAIVA;;;223;;Colisão Traseira;;;;Meio de Quadra;;;0;1;3;1;0;0;0;0;0;0;0;0;-38,503005;-3,79856
283713;19;5;2016;03:51;0;AV DEP PAULINO ROCHA;;;120;;Colisão Traseira;Luz do Dia;;;Meio de Quadra;;;0;1;1;1;0;0;0;0;0;1;0;0;;
283711;19;5;2016;08:30;2962;RUA MARIA JULIA;RUA PEDRO MARTINS;;;;Colisão Transversal;Luz do Dia;;;Cruz;;Residencial;0;0;2;1;0;0;1;0;0;0;0;0;-38,601929;-3,799245
283577;20;5;2016;00:01;0;AV DEP PAULINO ROCHA;;;3131;CASTELAO;Capotamento;;;;Meio de Quadra;;;1;0;0;1;0;0;0;0;0;0;0;0;-38,523807;-3,808405
283578;20;5;2016;07:30;0;AV JOR THOMAZ COELHO;;;3157;;Colisão Lateral;Luz do Dia;;;Meio de Quadra;;;0;2;0;0;0;0;1;0;0;1;0;0;-38,522639;-3,828961
283623;20;5;2016;09:30;7957;AV PONTES VIEIRA;AV BAR STUDART;;;;Colisão;Luz do Dia;;;T;Semáforo;Comercial;0;1;1;1;1;0;0;0;0;0;0;0;-38,512361;-3,75259
283624;20;5;2016;13:15;0;AV AGUANAMBI;;;332;;Colisão Transversal;Luz do Dia;;;Meio de Quadra;;;0;1;1;1;0;1;0;0;0;0;0;0;-38,524882;-3,739839
283600;20;5;2016;09:15;22845;RUA GOV JOAO CARLOS;RUA CON LIMA SUCUPIRA;;;;Colisão Lateral;Luz do Dia;;;Cruz;Pare;Residencial;0;0;2;1;1;0;0;0;0;0;0;0;-38,551518;-3,777951
283598;20;5;2016;07:20;24993;RUA ROCHA LIMA;AV DOM MANUEL;;;;Colisão Transversal;Luz do Dia;;;Cruz;Semáforo;Comercial;0;2;1;1;0;0;0;0;0;1;0;0;-38,523587;-3,735959
283605;20;5;2016;13:40;0;AV PDE ANTONIO TOMAS;;;2200;;Colisão Traseira;Luz do Dia;;;Meio de Quadra;;;0;0;2;1;0;0;0;0;0;0;0;0;-38,492415;-3,74252
283607;20;5;2016;10:30;0;AV ENG SANTANA JUNIOR;;;2654;;Colisão Lateral;Luz do Dia;;;Meio de Quadra;;;0;0;2;1;0;0;1;0;0;0;0;0;-38,488809;-3,744708
283602;20;5;2016;13:00;23389;RUA SABINO MONTE;RUA CAP TIBURCIO DA FROTA;;;;Colisão Transversal;Luz do Dia;;;Cruz;Pare;Residencial;0;1;1;1;0;0;0;0;0;1;0;0;-38,512291;-3,754815
283613;20;5;2016;11:40;13220;AV JOAO DE ARAUJO LIMA;AV F CJ JOSE WALTER;;;;Colisão Traseira;Luz do Dia;;;Outros;Pare;Misto;0;1;1;1;0;0;0;0;0;1;0;0;-38,560957;-3,834664
283610;20;5;2016;09:30;3857;RUA PAULINO NOGUEIRA;AV DA UNIVERSIDADE;;;;Colisão Lateral;Luz do Dia;;;;Semáforo Intermitente;Escola;0;0;2;1;0;0;0;0;0;0;0;0;-38,540042;-3,741993
283616;20;5;2016;15:30;0;AV ENG SANTANA JUNIOR;;;;;Colisão Lateral;Luz do Dia;;;Meio de Quadra;;;0;0;2;0;0;0;1;0;0;0;0;0;;
283618;20;5;2016;08:34;0;RUA ALBERTO MAGNO;;;1127;;Colisão Lateral;Luz do Dia;;;Meio de Quadra;;;0;1;1;1;0;0;0;0;0;1;0;0;;
283594;20;5;2016;10:50;0;RUA PDE PEDRO DE ALENCAR;;;632;;Colisão Lateral;Luz do Dia;;;Meio de Quadra;;;0;0;2;1;0;0;0;0;0;0;0;0;-38,494036;-3,832912