COD_ACIDENTE;DIA;MES;ANO;HORA;INTERSECAO;LOG1;LOG2;LOG3;NUMERO;REFERENCIA;NATUREZA;ILUMINACAO;TEMPO;SUPERFICIEPISTA;TIPOCRUZAMENTO;CONTROLETRAFEGO;USOSOLO;MORTOS;FERIDOS;ILESOS;AUTOMOVEL;ONIBUS;BICICLETA;CAMINHAO;MICROONIBUS;CICLOMOTOR;MOTOCICLETA;TRACAOANIMAL;TREM;LONG;LAT
300916;23;5;2016;15:32;0;AV DEP PAULINO ROCHA;;;2548;;Colisão Traseira;Luz do Dia;Bom;Seca;Meio de Quadra;Semáforo;Comercial;0;1;1;0;0;0;0;1;0;1;0;0;-38,518693;-3,810312
300917;23;5;2016;18:10;0;AV ROGACIANO LEITE;;;900;;Colisão Lateral;Via Iluminada;Bom;Seca;Meio de Quadra;Semáforo;Comercial;0;0;2;1;0;0;0;0;0;0;0;0;-38,495042;-3,764269
300918;23;5;2016;17:20;0;RUA TEN BENEVOLO;;;1888;;Colisão Traseira;Via Iluminada;Bom;Seca;Meio de Quadra;Não Há Controle;Residencial;0;0;2;1;0;0;0;0;0;0;0;0;-38,504829;-3,729415
300936;23;5;2016;10:04;20042;AV DR SILAS MUNGUBA;AV ALBERTO CRAVEIRO;;0;;Colisão Traseira;Luz do Dia;Bom;Seca;Rotatória;Dê Preferência;Residencial;0;0;2;1;0;0;0;0;0;0;0;0;-38,524782;-3,807229
300926;24;5;2016;08:00;1462;RUA JOAO CARVALHO;RUA NUNES VALENTE;;0;;Colisão Transversal;Luz do Dia;Bom;Seca;Cruz;Pare;Residencial;0;0;2;1;0;0;0;0;0;0;0;0;-38,504491;-3,738599
300927;24;5;2016;08:37;8652;AV EDILSON B SOARES;RUA MARIO ALENCAR ARARIPE;;790;;Colisão Lateral;Luz do Dia;Bom;Seca;T;Não Há Controle;Escola;0;0;1;1;0;0;0;0;0;0;0;0;-38,478792;-3,789298
300928;24;5;2016;10:30;23509;RUA ANA GONCALVES;RUA JOSE JUSTA;;0;;Colisão Transversal;Luz do Dia;Bom;Seca;Cruz;Pare;Comercial;0;0;1;1;0;0;0;0;0;0;0;0;-38,508492;-3,759173
300929;24;5;2016;13:39;7923;AV DES MOREIRA;RUA ISAC AMARAL;;0;;Colisão Transversal;Luz do Dia;Bom;Seca;Cruz;Semáforo;Comercial;0;0;2;1;0;0;0;0;0;1;0;0;-38,503726;-3,753019
300934;24;5;2016;19:00;0;RUA BERNARDO MANUEL;;;9981;;Colisão Transversal;Anoitecer;Bom;Seca;Outros;Não Há Controle;Comercial;0;0;2;1;0;0;0;0;0;0;0;0;-38,553019;-3,804076
300935;24;5;2016;21:00;7844;AV PONTES VIEIRA;RUA SILVA PAULET;;0;;Colisão Traseira;Via Iluminada;Bom;Seca;T;Pare;Comercial;0;0;2;1;0;0;0;0;0;0;0;0;-38,511225;-3,752462
289909;24;5;2016;01:37;0;RUA VALMIR PONTES;;;;UNIFOR;Colisão;;;;Meio de Quadra;;;0;1;0;1;0;0;0;0;0;1;0;0;;
289903;24;5;2016;00:41;2706;RUA OSCAR FRANCA;RUA CEL VIRGILIO NOGUEIRA (BOM JARDIM);;;;Colisão;;;;Cruz;Pare;Residencial;0;2;0;0;0;0;0;0;0;0;0;0;;
289905;24;5;2016;01:21;0;AV MIN JOSE AMERICO;;;150;;Colisão;;;;Meio de Quadra;;;0;2;0;1;0;0;0;0;0;1;0;0;-38,497411;-3,811959
289906;24;5;2016;01:24;0;RUA DA SAUDADE (MONTESE);;;297;;Atropelamento;;;;Meio de Quadra;;;0;2;0;0;0;0;0;0;0;1;0;0;-38,545532;-3,769711
289907;24;5;2016;01:31;10959;RUA ELCIAS LOPES;RUA ALM RUBIM;;;;Colisão;;;;Cruz;Semáforo;Misto;0;1;0;1;0;0;0;0;0;1;0;0;-38,556594;-3,770752
289912;24;5;2016;01:38;15370;AV SEN VIRGILIO TAVORA;AV DOM LUIS;;;;Colisão;;;;Cruz;Semáforo;Comercial;0;1;0;1;0;0;0;0;0;1;0;0;-38,492507;-3,734829
289916;24;5;2016;02:09;0;RUA SAO JOAO D34 (BONSUCESSO);;;351;;Colisão;;;;Meio de Quadra;;;0;1;0;0;0;0;0;0;0;0;0;0;;
289917;24;5;2016;02:23;0;AV PRS COSTA E SILVA;;;4381;;Colisão;;;;Meio de Quadra;;;0;1;0;1;0;0;0;0;0;1;0;0;-38,540865;-3,825349
289920;24;5;2016;03:26;0;RUA PDE PEDRO DE ALENCAR;;;1564;;Colisão;;;;Meio de Quadra;;;0;1;0;1;0;0;0;0;0;1;0;0;-38,494319;-3,842169
289930;24;5;2016;06:27;12418;RUA ALUISIO AZEVEDO;RUA REGINOPOLIS;;;;Colisão;Luz do Dia;;;Cruz;Pare;Residencial;0;1;0;1;0;0;0;0;0;1;0;0;-38,575033;-3,772409
289931;24;5;2016;06:51;7923;RUA ISAC AMARAL;AV DES MOREIRA;;;;Colisão;Luz do Dia;;;;;;0;1;0;1;0;0;0;0;0;1;0;0;-38,503726;-3,753019
289932;24;5;2016;07:44;0;AV CASTELO DE CASTRO;;;7;;Atropelamento;Luz do Dia;;;Meio de Quadra;;;0;1;0;0;0;0;0;0;0;1;0;0;;
289933;24;5;2016;08:53;0;AV PRS CASTELO BRANCO;;;3100;;Colisão;Luz do Dia;;;Meio de Quadra;;;0;2;0;0;0;0;0;0;0;0;0;0;-38,557253;-3,711624
289935;24;5;2016;09:37;16794;RUA AMARAL PEIXOTO;RUA FRE TEODORO;;;;Colisão;Luz do Dia;;;;;;0;1;0;1;0;0;0;0;0;1;0;0;-38,571998;-3,831002
289936;24;5;2016;09:57;0;AV ALBERTO CRAVEIRO;;;;;Colisão;Luz do Dia;;;Meio de Quadra;;;0;1;0;1;0;0;0;0;0;1;0;0;;
289937;24;5;2016;10:53;0;AV EDILSON B SOARES;;;1968;;Queda;Luz do Dia;;;Meio de Quadra;;;0;1;0;0;0;0;0;0;0;1;0;0;-38,46796;-3,788372
289938;24;5;2016;11:05;8937;RUA ANTONIO POMPEU;RUA CARLOS SEVERO;;;;Colisão;Luz do Dia;;;Cruz;;Comercial;0;1;0;0;0;0;0;0;0;1;0;0;-38,541865;-3,731863
289939;24;5;2016;11:14;0;RUA LIGIA MONTE;;;;;Queda;Luz do Dia;;;Meio de Quadra;;;0;1;0;0;0;1;0;0;0;0;0;0;;
289940;24;5;2016;11:15;25450;AV PDE ANTONIO TOMAS;RUA LIGIA MONTE;;;;Queda;Luz do Dia;;;Cruz;Semáforo;Residencial;0;1;0;0;0;1;0;0;0;0;0;0;;
289941;24;5;2016;11:20;11582;RUA RICARDO A BRAGA;AV ROGACIANO LEITE;;;;Colisão;Luz do Dia;;;Cruz;Dê Preferência;Comercial;0;1;0;1;0;0;0;0;0;1;0;0;-38,503315;-3,786671
289925;24;5;2016;04:19;0;RUA CEL DIONISIO ALENCAR;;;570;;Queda;;;;Meio de Quadra;;;0;1;0;0;0;0;0;0;0;1;0;0;;
289926;24;5;2016;04:41;0;AV CASTELO DE CASTRO;;;1616;;Colisão;;;;Meio de Quadra;;;0;1;0;1;0;0;0;0;0;1;0;0;;
289928;24;5;2016;04:57;0;RUA PDE PEDRO DE ALENCAR;;;2310;;Colisão;;;;Meio de Quadra;;;0;2;0;0;0;0;1;0;0;1;0;0;-38,494803;-3,848328
289922;24;5;2016;19:31;3883;AV DOS EXPEDICIONARIOS;RUA COSTA SOUZA;;;;Colisão;;;;Cruz;Pare;Comercial;0;1;1;1;0;0;0;0;0;1;0;0;-38,535932;-3,747745
289946;24;5;2016;12:23;0;AV DEP PAULINO ROCHA;;;2377;;Colisão;Luz do Dia;;;Meio de Quadra;;;0;1;0;1;0;0;0;0;0;1;0;0;;
289949;24;5;2016;12:27;0;AV DUQ CAXIAS;;;2229;;Queda;Luz do Dia;;;Meio de Quadra;;;0;1;0;0;0;0;0;0;0;1;0;0;-38,54397;-3,727203
289960;24;5;2016;13:11;292;RUA ABILIO MARTINS;RUA PRO RAIMUNDO VITOR;;;;Queda;Luz do Dia;;;Cruz;Outros;Residencial;0;1;0;0;0;1;0;0;0;0;0;0;-38,564808;-3,743066
289961;24;5;2016;13:20;15139;AV MON TABOSA;RUA BAR ARACATI;;;;Atropelamento;Luz do Dia;;;Cruz;Pare;Comercial;0;2;0;0;0;0;0;0;0;1;0;0;-38,509158;-3,724226
289962;24;5;2016;14:32;0;RUA GETULIO VARGAS;;;601;;Atropelamento;Luz do Dia;;;Meio de Quadra;;;0;1;0;1;0;0;0;0;0;0;0;0;;
289965;24;5;2016;15:37;25047;RUA CIDADE PALHANO;RUA ANTONIO ARRUDA;;;;Colisão;Luz do Dia;;;Cruz;Pare;Residencial;0;1;0;1;0;0;0;0;0;1;0;0;-38,593359;-3,717903
289966;24;5;2016;16:08;0;RUA CON DE CASTRO;;;8360;;Colisão;Luz do Dia;;;Meio de Quadra;;;0;1;0;1;0;0;0;0;0;1;0;0;;
289968;24;5;2016;16:17;0;RUA BARRA MANSA;;;639;;Colisão;Luz do Dia;;;Meio de Quadra;;;0;1;0;1;0;0;0;0;0;1;0;0;-38,614217;-3,794771
289969;24;5;2016;17:33;0;AV ENG HUMBERTO MONTE;;;2550;;Queda;Anoitecer;;;Meio de Quadra;;;0;1;0;0;0;0;0;0;0;1;0;0;-38,567994;-3,740132
289972;24;5;2016;18:20;0;AV GODOFREDO MACIEL;;;;;Queda;Anoitecer;;;Meio de Quadra;;;0;1;0;0;0;0;0;0;0;1;0;0;;
289974;24;5;2016;18:23;0;AV SGT HERMINIO SAMPAIO;;;3919;;Colisão;Anoitecer;;;Meio de Quadra;;;0;2;0;1;0;0;0;0;0;1;0;0;-38,575468;-3,73004
289952;24;5;2016;12:29;2356;RUA SEN ROBERT KENNEDY;RUA ESTEVAO DE CAMPOS;;;;Colisão;Luz do Dia;;;Cruz;Pare;Residencial;0;1;0;1;0;1;0;0;0;0;0;0;-38,579516;-3,705131
289955;24;5;2016;12:45;0;AV CARNEIRO DE MENDONCA;;;2179;;Colisão;Luz do Dia;;;Meio de Quadra;;;0;2;0;0;0;0;0;0;0;1;0;0;-38,577394;-3,758721
290046;24;5;2016;17:10;12711;RUA MAJ WEYNE;RUA QUINTINO CUNHA;;;;Colisão;Anoitecer;;;Cruz;Pare;Comercial;0;0;2;0;0;0;0;1;0;0;0;0;-38,543263;-3,74969
290049;24;5;2016;04:10;0;AV EDUARDO GIRAO;AV JOAO PESSOA;;;;Colisão Transversal;Luz do Dia;Bom;Seca;T;Pare;Comercial;0;0;5;1;1;0;0;0;0;1;0;0;-38,54395;-3,746301
284192;24;5;2016;10:30;7211;AV PRS CASTELO BRANCO;AV DR THEBERGE;;;;Colisão Traseira;Luz do Dia;;;Cruz;Semáforo;Comercial;0;0;2;1;0;0;1;0;0;0;0;0;-38,563456;-3,710079
284193;24;5;2016;23:15;0;AV VIENA WEYNE;;;;;Colisão Transversal;;;;Meio de Quadra;;;0;0;2;1;0;0;0;0;0;0;0;0;;
284199;24;5;2016;08:40;0;AV PRS COSTA E SILVA;;;4381;;Colisão Traseira;Luz do Dia;;;Meio de Quadra;;;0;1;1;1;0;0;0;0;0;1;0;0;-38,540865;-3,825349
284209;24;5;2016;18:40;7806;RUA SILVA PAULET;RUA FRANCISCO HOLANDA;;;;Colisão Transversal;;;;Cruz;Pare;Residencial;0;0;2;1;0;0;0;0;0;0;0;0;-38,509525;-3,747096
284207;24;5;2016;19:00;0;RUA PRISCO BEZERRA;;;;;Colisão Lateral;;;;Meio de Quadra;;;0;0;2;1;0;0;0;1;0;0;0;0;;
284205;24;5;2016;07:30;10959;RUA ALM RUBIM;RUA ELCIAS LOPES;;;;Colisão Lateral;Luz do Dia;;;Cruz;Semáforo;Misto;0;0;2;0;0;0;0;0;0;1;0;0;-38,556594;-3,770752
284188;24;5;2016;08:40;25102;AV FRANCISCO SA;AV FILOMENO GOMES;;;;Colisão Lateral;Luz do Dia;;;Cruz;Semáforo;Comercial;0;2;0;0;0;1;0;0;0;1;0;0;;
284190;24;5;2016;12:30;8643;AV EDILSON B SOARES;AV ENG LEAL LIMA VERDE (SAPIRANGA/COITE);;;;Colisão Transversal;Luz do Dia;;;Cruz;Pare;Residencial;0;1;1;1;0;0;0;0;0;1;0;0;-38,476215;-3,789082
284184;24;5;2016;07:50;0;RUA DA SAUDADE D04;;;209;;Atropelamento;Luz do Dia;;;Meio de Quadra;;;0;2;0;0;0;0;0;0;0;1;0;0;-38,533842;-3,719641
284175;24;5;2016;18:00;5433;RUA MAJ FACUNDO;RUA METON DE ALENCAR;;;;Colisão Traseira;Anoitecer;;;Cruz;Pare;Residencial;0;0;2;1;0;0;0;0;0;0;0;0;-38,529899;-3,733917
284176;24;5;2016;12:00;3336;RUA RIO GRANDE DO SUL;RUA VIRIATO RIBEIRO;;;;Colisão Transversal;Luz do Dia;;;Cruz;Pare;Residencial;0;0;3;1;0;0;0;0;0;0;0;0;-38,561355;-3,750184
284177;24;5;2016;15:40;20042;AV PRS JUSCELINO KUBITSCHEK (PASSARÉ);AV DEP PAULINO ROCHA;;;;Colisão Transversal;Luz do Dia;;;;;;0;2;1;1;0;0;0;0;0;1;0;0;-38,524782;-3,807229
284165;24;5;2016;09:00;13383;AV ANTONIO SALES;RUA GONCALVES LEDO;;;;Colisão Transversal;Luz do Dia;;;Cruz;Pare;Comercial;0;0;2;1;0;0;0;0;0;0;0;0;-38,519165;-3,740227
284166;24;5;2016;20:50;15370;AV DOM LUIS;AV SEN VIRGILIO TAVORA;;;;Colisão;;;;Cruz;Semáforo;Comercial;0;0;2;1;0;0;0;0;0;0;0;0;-38,492507;-3,734829
284161;24;5;2016;11:30;5082;RUA DR JOAO MOREIRA;RUA BAR RIO BRANCO;;;;Colisão Transversal;Luz do Dia;;;Cruz;Semáforo;Comercial;0;0;2;1;0;0;0;0;0;0;0;0;-38,527092;-3,722797
284162;24;5;2016;20:00;7628;RUA RIO GRANDE DO SUL;RUA ALAGOAS;;;;Colisão Transversal;;;;Cruz;Não Há Controle;Residencial;0;1;1;0;0;0;1;0;0;1;0;0;-38,568934;-3,760762
284163;24;5;2016;08:45;1587;RUA CAROLINA SUCUPIRA;RUA PRO DIAS DA ROCHA;;;;Colisão Lateral;Luz do Dia;;;Cruz;Pare;Misto;0;0;2;1;0;0;0;0;0;0;0;0;-38,494095;-3,743072
284158;24;5;2016;08:45;14680;AV OLIVEIRA PAIVA;RUA LIDIA BRIGIDO;;;;Colisão;Luz do Dia;;;Cruz;Semáforo;Comercial;0;2;0;0;0;0;0;0;0;1;0;0;-38,484139;-3,796087
284156;24;5;2016;06:30;5215;RUA PDE MORORO;RUA PEDRO PEREIRA;;;;Colisão Transversal;Luz do Dia;;;Cruz;Semáforo;Comercial;0;1;1;1;0;0;0;0;0;0;0;0;-38,537843;-3,726667
284151;24;5;2016;15:22;22176;AV JOSE BASTOS;AV ENG HUMBERTO MONTE;;;;Colisão Traseira;Luz do Dia;;;T;Semáforo;Comercial;0;0;2;1;0;0;0;0;0;0;0;0;-38,555455;-3,754966
284152;24;5;2016;14:00;12892;AV DOMINGOS OLIMPIO;RUA BAR RIO BRANCO;;;;Colisão Frontal;Luz do Dia;;;Cruz;Semáforo;Comercial;0;1;1;0;0;0;0;0;0;1;0;0;-38,531494;-3,736579
284153;24;5;2016;18:40;15347;AV DOM LUIS;RUA TIBURCIO CAVALCANTE;;;;Colisão Transversal;;;;T;Semáforo;Comercial;0;1;1;1;0;0;0;0;0;1;0;0;-38,501313;-3,732021
284074;24;5;2016;10:00;12837;AV DOMINGOS OLIMPIO;RUA JAIME BENEVOLO;;;;Colisão Lateral;Luz do Dia;;;Cruz;Semáforo;Residencial;0;0;2;1;0;0;1;0;0;0;0;0;-38,527245;-3,73778
284076;24;5;2016;13:50;17424;RUA ANTONIO FIUZA;RUA TRES MARIAS D39 (MONTESE);;;;Colisão Traseira;Luz do Dia;;;Cruz;Semáforo;Comercial;0;0;2;1;0;0;0;0;0;0;0;0;-38,551577;-3,768452
284071;24;5;2016;;0;AV JOAO PESSOA;;;2736;;Colisão Transversal;;;;Meio de Quadra;;;0;0;2;1;0;0;0;0;0;0;0;0;;
284067;24;5;2016;08:40;1282;AV SANTOS DUMONT;AV BAR STUDART;;;;Colisão Transversal;Luz do Dia;;;Cruz;Semáforo;Comercial;0;0;2;1;0;0;0;0;0;0;0;0;-38,506304;-3,733642
284061;24;5;2016;17:30;0;AV DEP PAULINO ROCHA;;;2377;;Colisão Lateral;Anoitecer;;;Meio de Quadra;;;0;1;1;1;0;0;0;0;1;0;0;0;;
284464;25;5;2016;18:20;0;RD BR 116;;;100;KM-11;Atropelamento;Anoitecer;Bom;Seca;Meio de Quadra;;;1;0;1;0;0;0;0;1;0;0;0;0;-38,49672673;-3,848173913
284462;25;5;2016;15:20;0;RD BR 116;;;0;KM-07;Queda;Luz do Dia;Bom;Seca;Meio de Quadra;;;0;1;0;0;0;0;0;0;0;1;0;0;-38,50135403;-3,814567428
284498;25;5;2016;08:02;0;AV BEZERRA DE MENEZES;;;211;;Colisão Lateral;Luz do Dia;;;Meio de Quadra;;;0;0;2;1;0;0;1;0;0;0;0;0;-38,546814;-3,732005
284499;25;5;2016;09:40;0;AV PONTES VIEIRA;;;1599;;Colisão Transversal;Luz do Dia;;;Meio de Quadra;;;0;0;2;0;1;0;0;0;0;0;0;0;-38,506546;-3,751905
284496;25;5;2016;18:20;17300;RUA ROMEU MARTINS;RUA ZACARIAS GONDIM;;;;Colisão Transversal;Anoitecer;;;Cruz;Pare;Residencial;0;0;2;1;0;0;0;0;0;1;0;0;-38,556313;-3,76376
284512;25;5;2016;20:00;0;AV BEZERRA DE MENEZES;;;2018;;Engavetamento;;;;Meio de Quadra;;;0;0;2;1;0;0;0;0;0;0;0;0;-38,562695;-3,735296
284506;25;5;2016;08:00;256;RUA PEDRO DE QUEIROZ;AV JOVITA FEITOSA;;;;Choque c/ Obstáculo Fixo;Luz do Dia;;;T;Pare;Residencial;0;0;1;1;0;0;0;0;0;0;0;0;-38,559662;-3,740484
284515;25;5;2016;12:50;7948;AV PONTES VIEIRA;RUA JOAQUIM NABUCO;;;;Colisão Transversal;Luz do Dia;;;Cruz;Semáforo Intermitente;Comercial;0;0;2;1;0;0;0;0;0;0;0;0;-38,506628;-3,751917
284220;25;5;2016;16:50;6721;AV ENG SANTANA JUNIOR;RUA BENTO ALBUQUERQUE;;;;Colisão Lateral;Luz do Dia;;;Cruz;Semáforo;Misto;0;0;2;0;0;0;1;0;0;0;0;0;-38,486538;-3,742678
284218;25;5;2016;06:15;0;RUA CEL DIONISIO ALENCAR;;;143;;Colisão Traseira;Luz do Dia;;;Meio de Quadra;;;0;2;0;0;1;1;0;0;0;0;0;0;-38,486962;-3,829625
284214;25;5;2016;06:50;3820;AV CARAPINIMA;AV 13 DE MAIO;;;;Colisão;Luz do Dia;;;Cruz;Semáforo;Comercial;0;0;2;0;1;0;1;0;0;0;0;0;-38,540239;-3,740001
284215;25;5;2016;15:20;25038;RUA JOSE HIPOLITO;RUA PDE PEDRO DE ALENCAR;;;;Colisão Transversal;Luz do Dia;;;Cruz;Semáforo;Comercial;0;1;1;0;0;0;0;0;0;1;0;0;-38,494029;-3,832741
286054;25;5;2016;06:40;0;RD CE-040;;;;KM-09;Colisão;Luz do Dia;Bom;Seca;Meio de Quadra;;;0;0;2;0;0;0;0;0;0;0;0;0;-38,481538;-3,825516
290056;25;5;2016;13:02;0;AV PERIMETRAL;;;;;Colisão;Luz do Dia;;;Meio de Quadra;;;0;1;0;0;0;0;0;0;0;0;0;0;;
290058;25;5;2016;13:53;5036;RUA PESSOA ANTA;RUA BORIS;;;;Colisão;Luz do Dia;;;Cruz;Outros;Comercial;0;1;0;1;0;0;0;0;0;1;0;0;-38,521017;-3,720976
290059;25;5;2016;14:21;0;AV GODOFREDO MACIEL;;;60;;Colisão;Luz do Dia;;;Meio de Quadra;;;0;3;0;1;0;0;0;0;0;1;0;0;;
290038;25;5;2016;09:50;0;RUA ANDRADE FURTADO;;;1631;;Colisão;Luz do Dia;;;Meio de Quadra;;;0;1;0;1;0;0;0;0;0;1;0;0;-38,475122;-3,747214
290039;25;5;2016;10:16;3769;RUA SEN POMPEU;AV DOMINGOS OLIMPIO;;;;Colisão;Luz do Dia;;;Cruz;Semáforo;Comercial;0;1;0;0;0;0;0;0;0;0;0;0;-38,532455;-3,736254
290040;25;5;2016;11:24;0;RUA CASTRO E SILVA;;;31;;Colisão;Luz do Dia;;;Meio de Quadra;;;0;1;0;1;0;0;0;0;0;1;0;0;-38,525457;-3,724485
290036;25;5;2016;09:16;0;RUA 1 CJ JOSE WALTER;;;1233;;Colisão;Luz do Dia;;;Meio de Quadra;;;0;1;0;1;0;0;0;0;0;1;0;0;;
290042;25;5;2016;11:40;0;AV JOVITA FEITOSA;;;72;;Colisão;Luz do Dia;;;Meio de Quadra;;;0;1;0;1;0;1;0;0;0;0;0;0;-38,544668;-3,737421
290044;25;5;2016;12:07;1475;AV SANTOS DUMONT;RUA FONSECA LOBO;;;;Colisão;Luz do Dia;;;Cruz;Pare;Comercial;0;1;0;1;0;0;0;0;0;1;0;0;-38,489602;-3,739062
290016;25;5;2016;04:18;0;RUA CON DE CASTRO;;;4350;;Queda;;;;Meio de Quadra;;;0;1;0;0;0;0;0;0;0;1;0;0;-38,590861;-3,80381
290021;25;5;2016;05:09;0;AV JOAO PESSOA;;;6943;;Colisão;Amanhecer;;;Meio de Quadra;;;0;1;1;0;1;0;0;0;0;1;0;0;-38,561064;-3,77028
290023;25;5;2016;06:42;0;RUA PERNAMBUCO;;;2741;;Queda;Luz do Dia;;;Meio de Quadra;;;0;1;0;0;0;0;0;0;0;1;0;0;-38,578419;-3,751098
290028;25;5;2016;07:59;0;AV PRS CASTELO BRANCO;;;;;Colisão;Luz do Dia;;;Meio de Quadra;;;0;1;0;1;0;0;0;0;0;1;0;0;;
290033;25;5;2016;08:38;0;AV PRS CASTELO BRANCO;;;;;Colisão;Luz do Dia;;;Meio de Quadra;;;0;1;0;0;0;0;0;0;0;0;0;0;;
290001;25;5;2016;02:07;0;AV N CJ JOSE WALTER;;;1766;;Colisão;;;;Meio de Quadra;;;0;1;0;1;0;0;0;0;0;1;0;0;;
289981;25;5;2016;01:07;0;RUA CEL DIONISIO ALENCAR;;;168;;Colisão;;;;Meio de Quadra;;;0;1;0;0;0;0;0;0;0;0;0;0;;
289982;25;5;2016;01:35;0;AV PRS CASTELO BRANCO;;;3181;;Atropelamento;;;;Meio de Quadra;;;0;1;0;0;0;0;0;0;0;1;0;0;-38,559203;-3,711043
290005;25;5;2016;02:12;0;RUA EDUARDO PORTO;;;191;;Colisão;;;;Meio de Quadra;;;0;1;0;1;0;0;0;0;0;1;0;0;;
290012;25;5;2016;02:33;23672;RUA VIS ICO D20;AV OLAVO BILAC;;;;Colisão;;;;T;Pare;Misto;0;1;1;1;0;0;0;0;0;1;0;0;-38,56673;-3,722023
289989;25;5;2016;01:37;0;AV PRS CASTELO BRANCO;;;3173;;Atropelamento;;;;Meio de Quadra;;;0;1;0;0;0;0;0;0;0;1;0;0;-38,559094;-3,711086
289990;25;5;2016;01:47;0;AV SEN CARLOS JEREISSATI (AEROPORTO);;;;;Colisão;;;;Meio de Quadra;;;0;1;0;1;0;1;0;0;0;0;0;0;;
290053;25;5;2016;12:25;3249;RUA ARACA;RUA PRIMEIRO DE MAIO D34;;;;Colisão;Luz do Dia;;;;;;0;1;0;0;0;0;0;0;0;1;0;0;-38,584428;-3,784048
290048;25;5;2016;12:09;0;RUA PEDRO LOPES D64;;;143;;Colisão;Luz do Dia;;;Meio de Quadra;;;0;1;0;1;1;0;0;0;0;0;0;0;;
290064;25;5;2016;14:36;0;AV CONTORNO (CASTELÃO);;;5;;Colisão;Luz do Dia;;;Meio de Quadra;;;0;2;0;1;0;0;0;0;0;1;0;0;;
290069;25;5;2016;15:17;0;AV ALM HENRIQUE SABOIA;;;2915;;Colisão;Luz do Dia;;;Meio de Quadra;;;0;1;0;1;0;0;0;0;0;1;0;0;;
290071;25;5;2016;15:42;25009;RUA TULIPA;RUA RAIMUNDO FROTA;;;;Atropelamento;Luz do Dia;;;;;;0;1;0;1;0;0;0;0;0;0;0;0;;
290072;25;5;2016;15:59;11625;RUA BOA VISTA;RUA PRO MIRAMAR DA PONTE;;;;Colisão;Luz do Dia;;;;;;0;1;1;1;0;0;0;0;0;1;0;0;-38,588817;-3,767567
290121;25;5;2016;22:30;0;AV ALM HENRIQUE SABOIA;RUA TAVARES COUTINHO;;;;Colisão Transversal;Via Iluminada;Bom;Seca;Cruz;Semáforo;Comercial;0;0;4;1;0;0;0;0;0;1;0;0;-38,48289;-3,732499
300937;25;5;2016;08:50;13233;AV L CJ JOSE WALTER;AV F CJ JOSE WALTER;;0;;Colisão Transversal;Luz do Dia;Bom;Seca;Cruz;Pare;Residencial;0;0;2;1;0;0;0;0;0;0;0;0;-38,558805;-3,835328
300938;25;5;2016;12:19;0;AV A CJ CEARA;;;1235;;Colisão Traseira;Luz do Dia;Bom;Seca;Meio de Quadra;Pare;Residencial;0;1;1;0;0;0;0;0;0;1;0;0;;
300939;25;5;2016;12:25;0;AV JOAO PESSOA;;;6943;;Colisão Lateral;Luz do Dia;Bom;Seca;Meio de Quadra;Não Há Controle;Residencial;0;1;1;0;1;0;0;0;0;1;0;0;-38,561064;-3,77028
300940;25;5;2016;12:30;23708;RUA COSTA FREIRE;RUA LEBOM MAIA;;0;;Colisão Transversal;Luz do Dia;Bom;Seca;Cruz;Pare;Residencial;0;0;2;1;0;0;0;0;0;0;0;0;-38,578967;-3,786026
300941;25;5;2016;14:45;0;AV DOM LUIS;;;176;;Colisão Lateral;Luz do Dia;Bom;Seca;Meio de Quadra;Não Há Controle;Comercial;0;0;2;0;1;0;0;0;0;0;0;0;-38,500254;-3,732325
300942;25;5;2016;18:07;0;RUA MIN ALBUQUERQUE LIMA;AV C CJ CEARA;;0;;Colisão Transversal;Anoitecer;Bom;Seca;Cruz;Dê Preferência;Residencial;0;0;4;1;0;0;0;0;0;0;0;0;;
300943;25;5;2016;18:03;5715;AV DES GONZAGA;RUA ULISSES BEZERRA;;0;;Colisão Transversal;Via Iluminada;Bom;Seca;T;Pare;Comercial;0;0;2;1;0;0;0;0;0;0;0;0;-38,499492;-3,798159
300944;25;5;2016;18:13;0;AV DEP PAULINO ROCHA;;;2175;;Colisão Traseira;Via Iluminada;Bom;Seca;Meio de Quadra;Gesto;Comercial;0;0;3;1;1;0;0;0;0;0;0;0;-38,516602;-3,810831
300945;25;5;2016;19:30;8933;AV DOMINGOS OLIMPIO;RUA RUBIA SAMPAIO;;0;;Colisão Transversal;Via Iluminada;Bom;Seca;Cruz;Pare;Residencial;0;0;2;1;0;0;0;0;0;0;0;0;-38,541015;-3,733409
300946;25;5;2016;18:43;10513;RUA PEDRO LOPES D64;RUA JOSE PEREIRA BARROS;;0;;Colisão Transversal;Via Iluminada;Bom;Seca;Cruz;Pare;Residencial;0;0;2;1;1;0;0;0;0;0;0;0;-38,479318;-3,828065
300947;26;5;2016;09:16;9176;AV AGUANAMBI;AV EDUARDO GIRAO;;0;;Colisão Lateral;Luz do Dia;Bom;Seca;Rotatória;Não Há Controle;Comercial;0;0;2;1;1;0;0;0;0;0;0;0;-38,523564;-3,756564
300948;26;5;2016;13:45;24990;AV PRS COSTA E SILVA;AV PRS JUSCELINO KUBITSCHEK (PASSARÉ);;0;;Colisão Traseira;Luz do Dia;Bom;Seca;Cruz;Semáforo;Comercial;0;0;2;1;0;0;0;0;0;0;0;0;-38,539516;-3,825648