COD_ACIDENTE;DIA;MES;ANO;HORA;INTERSECAO;LOG1;LOG2;LOG3;NUMERO;REFERENCIA;NATUREZA;ILUMINACAO;TEMPO;SUPERFICIEPISTA;TIPOCRUZAMENTO;CONTROLETRAFEGO;USOSOLO;MORTOS;FERIDOS;ILESOS;AUTOMOVEL;ONIBUS;BICICLETA;CAMINHAO;MICROONIBUS;CICLOMOTOR;MOTOCICLETA;TRACAOANIMAL;TREM;LONG;LAT
300949;26;5;2016;16:08;0;RUA ARARIPE PRATA;;;370;;Atropelamento;Luz do Dia;Bom;Seca;Meio de Quadra;Pare;Residencial;0;0;2;0;0;0;0;0;0;1;0;0;-38,569987;-3,773877
300950;26;5;2016;17:30;0;RUA AUDISIO PINHEIRO;;;473;;Colisão Traseira;Anoitecer;Bom;Seca;Meio de Quadra;Pare;Residencial;0;0;1;1;0;0;0;0;0;0;0;0;-38,587883;-3,756676
300951;26;5;2016;20:30;0;RUA GUSTAVO SAMPAIO;;;2485;;Colisão Transversal;Via Iluminada;Bom;Seca;T;Pare;Residencial;0;0;2;1;0;0;0;0;0;0;0;0;;
290126;26;5;2016;02:00;5614;AV FLAMBOYANTS;AV ADENANTERAS;;;;Choque c/ Obstáculo Fixo;;;;Com Via Férrea;Não Há Controle;Residencial;0;1;0;0;0;0;0;0;0;0;0;0;-38,476249;-3,752588
290128;26;5;2016;20:00;0;RUA CIDADE ECOLOGICA;RUA FRANCISCO DANTAS;;;;Colisão Transversal;Via Iluminada;Bom;Seca;Cruz;Gesto;Residencial;0;0;4;1;0;0;0;0;1;0;0;0;;
288398;26;5;2016;17:06;0;AV CASTELO DE CASTRO;;;242;;Queda;Anoitecer;;;Meio de Quadra;;;0;1;0;0;0;0;0;0;0;1;0;0;-38,521502;-3,831161
288394;26;5;2016;16:09;0;RUA CEL OLEGARIO MEMORIA;;;2940;;Queda;Luz do Dia;;;Meio de Quadra;;;0;1;0;0;0;0;0;0;0;1;0;0;-38,471581;-3,791215
288395;26;5;2016;16:39;0;RUA OSCAR BEZERRA ARAUJO;;;59;;Capotamento;Luz do Dia;;;Meio de Quadra;;;0;1;0;0;0;0;0;0;0;0;0;0;-38,557968;-3,761377
288392;26;5;2016;15:37;0;RUA MARIA DE JESUS;;;467;;Queda;Luz do Dia;;;Meio de Quadra;;;0;1;0;0;0;1;0;0;0;0;0;0;;
288388;26;5;2016;13:39;0;AV 13 DE MAIO;;;117;;Queda;Luz do Dia;;;Meio de Quadra;;;0;1;0;0;0;0;0;0;0;1;0;0;-38,521762;-3,753676
288345;26;5;2016;05:46;0;AV GAL MURILO BORGES;;;;;Colisão;Amanhecer;;;Meio de Quadra;;;0;1;1;1;0;0;0;0;0;1;0;0;;
288343;26;5;2016;04:42;0;AV DEP PAULINO ROCHA;;;2549;;Colisão;;;;Meio de Quadra;;;0;1;1;1;0;0;0;0;0;1;0;0;-38,51864;-3,810325
288337;26;5;2016;02:09;0;RUA LUIZ GONZAGA;;;;;Queda;;;;Meio de Quadra;;;0;1;0;0;0;0;0;0;0;1;0;0;;
288326;26;5;2016;01:02;0;AV ABOLICAO;;;2208;;Atropelamento;;;;Meio de Quadra;;;0;1;1;1;0;0;0;0;0;0;0;0;-38,499222;-3,726124
288327;26;5;2016;01:06;0;AV DEP PAULINO ROCHA;;;;;Colisão;;;;Meio de Quadra;;;0;2;2;0;0;0;0;0;0;1;0;0;;
288328;26;5;2016;01:19;0;AV PRS CASTELO BRANCO;;;4714;;Colisão;;;;Meio de Quadra;;;1;0;1;1;0;0;0;0;0;1;0;0;-38,573739;-3,706453
288385;26;5;2016;13:15;0;RUA BERNARDO MANUEL;;;370;;Colisão;Luz do Dia;;;Meio de Quadra;;;0;1;1;1;0;0;0;0;0;1;0;0;;
288370;26;5;2016;10:25;0;RUA VALPARAISO;;;640;;Atropelamento;Luz do Dia;;;Meio de Quadra;;;0;1;1;0;1;0;0;0;0;0;0;0;-38,525979;-3,844055
288366;26;5;2016;10:19;0;RUA CIDADE ECOLOGICA;;;159;;Colisão;Luz do Dia;;;Meio de Quadra;;;0;1;2;1;0;0;0;0;0;1;0;0;;
288356;26;5;2016;06:58;0;RUA REV OSMAR LIMA;;;1091;;Colisão;Luz do Dia;;;Meio de Quadra;;;0;1;2;1;0;0;0;0;0;1;0;0;;
288357;26;5;2016;08:44;0;RUA ALAGOAS;;;2940;;Colisão;Luz do Dia;;;Meio de Quadra;;;0;1;1;1;0;0;0;0;0;1;0;0;-38,577332;-3,752936
288358;26;5;2016;09:14;0;AV BEIRA MAR;;;945;;Queda;Luz do Dia;;;Meio de Quadra;;;0;1;0;0;0;1;0;0;0;0;0;0;;
288359;26;5;2016;09:18;0;RUA ARARIPE PRATA;;;323;;Atropelamento;Luz do Dia;;;Meio de Quadra;;;0;1;1;0;0;0;0;0;0;1;0;0;;
288308;26;5;2016;00:52;0;RUA CON DE CASTRO;;;4500;;Colisão;;;;Meio de Quadra;;;0;1;1;1;0;0;0;0;0;1;0;0;-38,591738;-3,804822
288309;26;5;2016;01:00;0;RUA JANDIRA;;;1087;;Colisão;;;;Meio de Quadra;;;0;1;0;0;0;0;0;0;0;0;0;0;;
287843;26;5;2016;14:51;0;RUA CEL FRANCISCO PEREIRA (MESSEJANA);;;210;;Atropelamento;Luz do Dia;;;Meio de Quadra;;;0;1;1;0;1;0;0;0;0;0;0;0;;
286055;26;5;2016;18:40;0;RD CE-040;;;;KM-01;Colisão;;Bom;Seca;Meio de Quadra;;;0;0;2;1;0;0;0;0;0;0;0;0;-38,48666;-3,758119
284528;26;5;2016;10:36;0;AV ALBERTO NEPOMUCENO;;;199;;Colisão Traseira;Luz do Dia;;;Meio de Quadra;;;0;0;2;1;0;0;0;0;0;0;0;0;;
284533;26;5;2016;18:55;9216;RUA MARIO MAMEDE;RUA NAPOLEAO LAUREANO;;;;Colisão Lateral;;;;Cruz;Pare;Residencial;0;0;2;1;0;0;0;0;0;0;0;0;-38,529662;-3,750799
284531;26;5;2016;10:05;5086;RUA PDE MORORO;RUA SAO PAULO;;;;Colisão Transversal;Luz do Dia;;;Cruz;Semáforo;Misto;0;1;1;1;0;0;0;0;0;1;0;0;-38,536741;-3,722996
284541;26;5;2016;15:30;10624;AV ROGACIANO LEITE;RUA ATILANO MOURA;;;;Engavetamento;Luz do Dia;;;Cruz;Semáforo;Comercial;0;0;2;1;0;0;0;0;0;0;0;0;-38,492149;-3,759455
284543;26;5;2016;18:00;15883;RUA PALESTINA D65;RUA PDE SEVERIANO;;;;Colisão Transversal;Anoitecer;;;Duplo T;Não Há Controle;Residencial;0;1;1;1;0;0;0;0;0;1;0;0;-38,490364;-3,835199
284545;26;5;2016;04:00;1322;AV DOM LUIS;RUA VICENTE LEITE;;;;Colisão Transversal;;;;Cruz;Semáforo;Comercial;0;0;2;1;0;0;0;0;0;0;0;0;-38,494467;-3,734197
284550;26;5;2016;12:30;4229;RUA NAT FEIJO;RUA CATARINA LABOURE D20;;;;Colisão Lateral;Luz do Dia;;;;;;0;0;2;1;0;0;0;0;0;0;0;0;-38,558212;-3,721069
284562;26;5;2016;20:50;0;AV N CJ JOSE WALTER;;;370;;Colisão Transversal;;;;Meio de Quadra;;;0;1;1;0;0;0;0;0;0;1;0;0;;
284564;26;5;2016;19:40;0;AV PRS COSTA E SILVA;;;861;;Colisão Traseira;;;;Meio de Quadra;;;0;0;2;1;0;0;0;0;0;0;0;0;-38,571512;-3,812869
284556;26;5;2016;21:25;0;AV BEZERRA DE MENEZES;;;1710;;Colisão Transversal;;;;Meio de Quadra;;;0;0;1;1;0;0;0;0;0;0;0;0;-38,559941;-3,73472
284557;26;5;2016;13:00;0;RUA VICENTE LOPES;;;543;;Acidente Pessoal;Luz do Dia;;;Meio de Quadra;;;0;0;2;1;0;0;0;0;0;0;0;0;-38,495112;-3,794389
284558;26;5;2016;16:00;11030;RUA 15 DE NOVEMBRO;RUA CESAR ROSSAS;;;;Colisão Transversal;Luz do Dia;;;Outros;Semáforo;Comercial;0;0;2;1;0;0;0;0;0;0;0;0;-38,555011;-3,769241
284559;26;5;2016;21:05;25071;AV DOS EXPEDICIONARIOS;RUA TEODORICO BARROSO;;;;Choque c/ Obstáculo Fixo;;;;Cruz;Pare;Comercial;0;0;1;1;0;0;0;0;0;0;0;0;-38,541696;-3,766646
284494;27;5;2016;06:05;0;RD BR 116;;;500;KM-05;Colisão Lateral;Luz do Dia;Bom;Seca;Meio de Quadra;;;0;0;2;0;1;0;1;0;0;0;0;0;-38,50617967;-3,797701134
284617;27;5;2016;19:29;5391;RUA JAIME BENEVOLO;RUA PEDRO I;;;;Colisão Lateral;;;;T;Semáforo Intermitente;Comercial;0;1;1;1;0;0;0;1;0;0;0;0;-38,525437;-3,732251
284635;27;5;2016;09:10;0;RUA JAIME BENEVOLO;;;21;;Colisão Lateral;Luz do Dia;;;Meio de Quadra;;;0;0;2;1;1;0;0;0;0;0;0;0;-38,525464;-3,732329
284602;27;5;2016;15:20;0;RUA BERNARDO MANUEL;;;1122;;Colisão Traseira;Luz do Dia;;;Meio de Quadra;;;0;1;3;1;0;0;0;0;0;1;0;0;;
284574;27;5;2016;07:10;0;RD BR 116;;;0;KM-03;Colisão Lateral;Luz do Dia;Chuva;Molhada;Meio de Quadra;;;0;0;2;1;0;0;0;0;0;0;0;0;-38,51386954;-3,781255671
284576;27;5;2016;18:15;0;RD BR 116;;;0;KM-05;Queda;Anoitecer;Bom;Seca;Meio de Quadra;;;0;2;0;0;0;0;0;0;0;1;0;0;-38,50617967;-3,797701134
284578;27;5;2016;18:15;0;RD BR 116;;;0;KM-05;Colisão Traseira;Anoitecer;Bom;Seca;Meio de Quadra;;;0;1;1;0;0;0;0;0;0;1;0;0;-38,50617967;-3,797701134
284748;27;5;2016;;0;RUA JONAS T. CARNEIRO;;;880;;Colisão Traseira;;;;Meio de Quadra;;;0;0;2;1;0;0;1;0;0;0;0;0;;
284749;27;5;2016;05:20;25003;AV SGT HERMINIO SAMPAIO;AV DR THEBERGE;;;;Colisão Transversal;Amanhecer;;;Cruz;Semáforo;Misto;0;0;2;1;1;0;0;0;0;0;0;0;-38,569276;-3,727916
284764;27;5;2016;09:00;1578;RUA OSVALDO CRUZ (ALDEOTA);RUA GAL TERTULIANO POTYGUARA;;;;Colisão Lateral;Luz do Dia;;;Cruz;Pare;Comercial;0;0;2;1;0;0;0;0;0;0;0;0;-38,502538;-3,74248
284767;27;5;2016;10:00;0;RUA LUIS VIEIRA;;;708;;Colisão Lateral;Luz do Dia;;;Meio de Quadra;;;0;0;2;1;0;0;1;0;0;0;0;0;;
284771;27;5;2016;14:08;0;AV SANTOS DUMONT;;;3371;;Colisão Traseira;Luz do Dia;;;Meio de Quadra;;;0;0;2;1;0;0;0;0;0;0;0;0;-38,494527;-3,737465
284772;27;5;2016;16:00;0;AV DR THEBERGE;;;;;Colisão Transversal;Luz do Dia;;;Meio de Quadra;;;0;0;2;1;0;0;0;0;0;0;0;0;;
284773;27;5;2016;11:00;0;AV 13 DE MAIO;;;2180;;Engavetamento;Luz do Dia;;;Meio de Quadra;;;0;0;4;1;0;0;0;0;0;0;0;0;-38,53628;-3,743385
284769;27;5;2016;09:00;15104;AV HIS RAIMUNDO GIRAO;RUA ILDEFONSO ALBANO;;;;Colisão Traseira;Luz do Dia;;;Cruz;Semáforo;Outros;0;0;2;1;0;0;0;0;0;0;0;0;-38,509542;-3,721603
284780;27;5;2016;18:30;9113;RUA DR ALFREDO WEYNE D14;RUA DEP OSWALDO STUDART;;;;Colisão Traseira;Anoitecer;;;T;Outros;;0;0;2;1;1;0;0;0;0;0;0;0;-38,53102;-3,756816
284777;27;5;2016;06:15;0;RUA AGAMENON;;;578;;Choque c/ Obstáculo Fixo;Luz do Dia;;;Meio de Quadra;;;0;1;0;1;0;0;0;0;0;0;0;0;;
284778;27;5;2016;13:00;0;AV PRS JUSCELINO KUBITSCHEK (PASSARÉ);;;3707;;Colisão Transversal;Luz do Dia;;;Meio de Quadra;;;0;0;2;1;0;0;1;0;0;0;0;0;-38,530863;-3,815244
284754;27;5;2016;15:00;0;RUA EMILIO DE MENESES;;;670;;Colisão Lateral;Luz do Dia;;;Meio de Quadra;;;0;0;1;1;0;0;0;0;0;0;0;0;-38,587453;-3,781737
284755;27;5;2016;08:20;0;AV AGUANAMBI;;;1439;;Colisão Traseira;Luz do Dia;;;Meio de Quadra;;;0;0;2;1;0;0;0;0;0;1;0;0;-38,52388;-3,749097
284759;27;5;2016;06:35;0;RUA TCHECOSLOVAQUIA;;;;;Colisão Frontal;Luz do Dia;;;Meio de Quadra;;;0;0;2;1;0;0;0;0;0;0;0;0;;
284762;27;5;2016;15:05;25024;RUA VINTE E CINCO DE MARCO;RUA COSTA BARROS;;;;Colisão Transversal;Luz do Dia;;;Cruz;Semáforo;Comercial;0;0;2;1;0;0;0;0;0;0;0;0;-38,521787;-3,727056
284752;27;5;2016;11:30;0;RUA DOS PACAJUS;;;97;;Colisão Lateral;Luz do Dia;;;Meio de Quadra;;;0;0;2;1;0;0;1;0;0;0;0;0;-38,513997;-3,719474
286058;27;5;2016;04:35;0;RD CE-040;;;;KM-03;Capotamento;;Bom;Seca;Meio de Quadra;;;0;0;1;1;0;0;0;0;0;0;0;0;-38,481799;-3,773616
286059;27;5;2016;08:00;0;RD CE-060;;;;KM-01;Colisão;Luz do Dia;Bom;Seca;Meio de Quadra;;;0;0;2;1;0;0;0;0;0;0;0;0;-38,58015;-3,828411
282823;27;5;2016;21:20;0;RUA BAR SOBRAL;;;;;Choque c/ Obstáculo Fixo;;;;;;;0;1;1;1;0;0;0;0;0;1;0;0;;
288399;27;5;2016;00:24;7985;RUA FILGUEIRAS LIMA;RUA MAJ WEYNE;;;;Atropelamento;;;;Cruz;Pare;Residencial;0;1;1;1;0;0;0;0;0;0;0;0;-38,544097;-3,748971
288412;27;5;2016;03:39;0;RUA EDUARDO PORTO;;;111;;Colisão;;;;Meio de Quadra;;;0;1;1;1;0;0;0;0;0;1;0;0;-38,495298;-3,832712
288419;27;5;2016;05:00;0;AV OLIVEIRA PAIVA;;;800;;Atropelamento de Animal;Amanhecer;;;Meio de Quadra;;;0;1;0;0;0;0;0;0;0;1;0;0;-38,498523;-3,796518
288415;27;5;2016;04:56;0;AV OLIVEIRA PAIVA;;;;;Colisão;;;;Meio de Quadra;;;0;1;1;1;0;0;0;0;0;1;0;0;;
288465;27;5;2016;12:34;0;RUA OLIVEIRA SOBRINHO;;;1986;;Atropelamento;Luz do Dia;;;Meio de Quadra;;;0;1;1;1;0;0;0;0;0;0;0;0;-38,599064;-3,779213
288506;27;5;2016;16:16;0;RUA CON DE CASTRO;;;1446;;Colisão;Luz do Dia;;;Meio de Quadra;;;0;1;1;0;1;1;0;0;0;0;0;0;-38,572968;-3,784485
288507;27;5;2016;17:34;0;AV DR SILAS MUNGUBA;;;1001;;Atropelamento;Anoitecer;;;Meio de Quadra;;;0;1;1;0;0;0;0;0;0;1;0;0;-38,556793;-3,781638
288508;27;5;2016;18:59;0;RUA TAUBATE;;;2005;;Colisão;;;;Meio de Quadra;;;0;1;1;1;0;0;0;0;0;1;0;0;;
288509;27;5;2016;19:20;0;RUA CLEIA;;;300;;Queda;;;;Meio de Quadra;;;0;1;0;0;0;0;0;0;0;1;0;0;-38,506424;-3,826408
290131;27;5;2016;22:20;9111;RUA DEP OSWALDO STUDART;AV EDUARDO GIRAO;;;;Colisão;;;;Cruz;Outros;;0;0;2;0;0;0;0;0;0;1;0;0;-38,529775;-3,755323
300952;27;5;2016;08:30;0;RUA ALBERTO MAGNO;;;482;;Colisão Lateral;Luz do Dia;Bom;Seca;Meio de Quadra;Não Há Controle;Comercial;0;1;1;1;0;0;0;0;0;1;0;0;-38,545801;-3,760093
300953;27;5;2016;09:47;1405;AV SANTOS DUMONT;RUA VICENTE LEITE;;3245;;Colisão Traseira;Luz do Dia;Bom;Seca;Cruz;Semáforo;Comercial;0;0;2;1;1;0;0;0;0;0;0;0;-38,495419;-3,737173
300954;27;5;2016;12:03;5437;RUA METON DE ALENCAR;RUA FLORIANO PEIXOTO;;0;;Colisão Lateral;Luz do Dia;Bom;Seca;Cruz;Pare;Comercial;0;1;1;0;0;0;0;0;1;0;0;0;-38,529358;-3,734071
300955;27;5;2016;13:16;0;RUA PRO JACINTO BOTELHO;;;60;;Colisão Transversal;Luz do Dia;Bom;Seca;Meio de Quadra;Não Há Controle;Comercial;0;0;2;1;0;0;0;0;0;0;0;0;-38,490656;-3,757771
300956;27;5;2016;13:40;0;RUA TERTULIANO SALES;;;90;;Colisão Frontal;Luz do Dia;Bom;Seca;Meio de Quadra;Semáforo;Comercial;0;0;2;1;0;0;0;0;0;0;0;0;-38,530488;-3,759662
300957;27;5;2016;16:15;5188;RUA NOGUEIRA ACIOLI;RUA TEN BENEVOLO;;0;;Colisão Lateral;Luz do Dia;Bom;Seca;Cruz;Pare;Comercial;0;1;2;1;0;0;0;0;0;0;0;0;-38,515591;-3,725858
300958;27;5;2016;16:43;0;RUA JOSE ALVES CAVALCANTE;RUA CHICO LEMOS;;0;;Colisão Transversal;Luz do Dia;Bom;Seca;Cruz;Pare;Residencial;0;0;2;1;0;0;0;0;0;0;0;0;;
300959;27;5;2016;17:20;19133;RUA PEREIRA DE MIRANDA;AV ENG SANTANA JUNIOR;;2843;;Colisão Transversal;Via Iluminada;Bom;Seca;T;Pare;Comercial;0;0;4;1;1;0;0;0;0;0;0;0;-38,484204;-3,739031
300960;27;5;2016;17:01;0;RUA DEMETRIO MENEZES;;;3339;;Colisão Lateral;Luz do Dia;Bom;Seca;Meio de Quadra;Gesto;Residencial;0;0;2;0;0;0;0;1;0;0;0;0;;
300961;27;5;2016;18:54;0;AV ALM HENRIQUE SABOIA;;;6313;;Colisão Traseira;Mal Iluminada;Bom;Não informada;Meio de Quadra;Não Há Controle;Comercial;0;0;2;1;0;0;0;0;0;0;0;0;;
300962;27;5;2016;18:15;0;RUA JUVENAL GALENO;;;532;;Colisão Lateral;Via Iluminada;Bom;Seca;Meio de Quadra;Não Há Controle;Comercial;0;0;2;1;0;0;0;0;0;0;0;0;-38,539671;-3,738573
300963;27;5;2016;19:30;15399;AV FRE CIRILO;RUA ALMEIDA REGO;;4480;;Colisão Lateral;Via Iluminada;Bom;Material Derrapante;T;Semáforo;Comercial;0;0;2;1;0;0;0;0;0;1;0;0;-38,498444;-3,814967
300964;28;5;2016;08:30;1316;AV SANTOS DUMONT;RUA TIBURCIO CAVALCANTE;;0;;Colisão Lateral;Luz do Dia;Bom;Seca;Cruz;Semáforo;Comercial;0;0;2;1;1;0;0;0;0;0;0;0;-38,502259;-3,734979
300965;28;5;2016;08:30;17708;RUA ACARAPE;RUA AFONSO LOPES;;0;;Colisão Frontal;Luz do Dia;Bom;Seca;Cruz;Não Há Controle;Comercial;0;0;2;1;0;0;0;0;0;0;0;0;-38,550292;-3,799906
300966;28;5;2016;13:46;15835;RUA MANUEL CASTELO BRANCO;RUA CEL DIONISIO ALENCAR;;0;;Colisão Transversal;Luz do Dia;Bom;Seca;Cruz;Pare;Residencial;0;0;2;1;0;0;0;0;0;0;0;0;-38,488281;-3,832973
300967;28;5;2016;14:42;0;AV JOSE BASTOS;;;3612;;Engavetamento;Luz do Dia;Bom;Seca;Meio de Quadra;Semáforo;Comercial;0;0;3;1;0;0;0;0;0;0;0;0;-38,551162;-3,750699
300968;28;5;2016;16:32;0;AV DOMINGOS OLIMPIO;;;1641;;Engavetamento;Luz do Dia;Bom;Seca;Meio de Quadra;Semáforo;Comercial;0;0;3;1;1;0;0;0;0;0;0;0;-38,538136;-3,734328
300969;28;5;2016;16:52;7855;RUA HENRIQUETA GALENO;RUA CEL JUCA;;0;;Colisão Lateral;Luz do Dia;Bom;Seca;Cruz;Pare;Comercial;0;0;2;1;1;0;0;0;0;0;0;0;-38,494284;-3,746989
300970;28;5;2016;18:34;0;AV PAROARAS;AV PRS JUSCELINO KUBITSCHEK (PASSARÉ);;0;;Colisão Transversal;Via Iluminada;Bom;Seca;Cruz;Semáforo;Comercial;0;0;2;1;0;0;0;0;0;0;0;0;;
291153;28;5;2016;02:30;0;AV CEL CARVALHO;;;117;;Colisão Lateral;;Bom;;Meio de Quadra;;Residencial;0;1;1;1;0;0;0;0;0;1;0;0;-38,591414;-3,70399
284814;28;5;2016;15:30;22142;RUA GUSTAVO BRAGA;RUA CEL NUNES DE MELO;;;;Colisão Transversal;Luz do Dia;Bom;;Cruz;Pare;Comercial;0;0;3;1;0;0;0;0;0;0;0;0;-38,553931;-3,749809
284809;28;5;2016;00:40;9442;RUA RIO TOCANTINS;AV MAJ ASSIS;;;;Colisão Frontal;Via Iluminada;Bom;Seca;T;Não Há Controle;Residencial;0;2;1;1;0;0;0;0;0;1;0;0;;
284810;28;5;2016;04:50;26025;RUA CON DE CASTRO;RUA JOAO AMORA;;;;Colisão Transversal;Luz do Dia;Bom;Seca;T;Pare;Comercial;0;0;4;1;0;0;0;0;0;0;0;0;-38,586909;-3,799546
284794;28;5;2016;12:20;0;RUA MIN ALBUQUERQUE LIMA;;;1431;;Colisão Traseira;Luz do Dia;Bom;Seca;Meio de Quadra;Não Há Controle;Residencial;0;0;2;0;1;0;0;0;0;0;0;0;-38,600082;-3,770529
284800;28;5;2016;15:30;23710;AV GAL OSORIO DE PAIVA;RUA DOM HENRIQUE;;;;Outros;Luz do Dia;Bom;Seca;Duplo T;Não Há Controle;Comercial;0;1;1;1;0;0;0;0;0;0;0;0;-38,583025;-3,7861
284786;28;5;2016;11:00;0;AV IMPERADOR;;;1463;;Outros;Luz do Dia;;;Meio de Quadra;;;0;0;2;1;0;0;1;0;0;0;0;0;-38,536449;-3,733975
284791;28;5;2016;17:30;12867;RUA JAIME BENEVOLO;RUA JOAQUIM MAGALHAES;;;;Outros;Anoitecer;Bom;Seca;Cruz;Pare;Residencial;0;0;2;1;0;0;0;0;0;0;0;0;-38,527961;-3,739942
284784;28;5;2016;09:10;8955;RUA DOM JERONIMO D06;AV BEZERRA DE MENEZES;;;;Colisão;Luz do Dia;;;Outros;Outros;Lazer;0;1;1;1;0;0;0;0;0;1;0;0;-38,543817;-3,731375
284842;28;5;2016;10:40;24331;AV LUCIANO CARNEIRO;RUA ARMANDO MONTEIRO;;;;Colisão Transversal;Luz do Dia;Bom;Seca;Cruz;Pare;Comercial;0;1;1;0;0;0;0;0;0;1;0;0;-38,536219;-3,763454
284854;28;5;2016;;0;RUA METON DE ALENCAR;;;1605;;Colisão Lateral;Luz do Dia;Bom;Seca;Meio de Quadra;Semáforo;Comercial;0;0;2;1;0;0;1;0;0;0;0;0;-38,537928;-3,731297
284850;28;5;2016;14:40;0;AV AUGUSTO DOS ANJOS;;;160;;Atropelamento;Luz do Dia;Bom;Seca;Meio de Quadra;Semáforo;Misto;0;1;1;0;0;0;0;0;0;1;0;0;-38,570511;-3,770389
284857;28;5;2016;23:45;19713;RUA DOM LINO;RUA AZEVEDO BOLAO;;;;Colisão;Via Iluminada;Bom;Seca;Cruz;Pare;Comercial;0;0;2;1;0;0;0;1;0;0;0;0;-38,557088;-3,736529
284832;28;5;2016;20:30;12862;AV DOMINGOS OLIMPIO;RUA MAJ FACUNDO;;;;Outros;Via Iluminada;Bom;Seca;Cruz;Não Há Controle;Comercial;0;0;2;1;0;0;0;0;0;0;0;0;-38,530827;-3,736813
284829;28;5;2016;15:30;0;AV HIS RAIMUNDO GIRAO;;;;;Outros;Luz do Dia;Bom;Seca;Meio de Quadra;Pare;Residencial;0;0;2;1;0;0;0;0;0;0;0;0;;
288510;28;5;2016;00:46;0;AV ABOLICAO;;;;;Queda;;;;Meio de Quadra;;;0;1;0;0;0;0;0;0;0;1;0;0;;
288546;28;5;2016;10:08;25486;AV SEN CARLOS JEREISSATI (AEROPORTO);AV ALBERTO CRAVEIRO;;;;Colisão;Luz do Dia;;;Y;Não Há Controle;Comercial;0;1;1;1;0;0;0;0;0;1;0;0;-38,516874;-3,783767
288542;28;5;2016;08:27;0;RUA MIGUEL ARAGAO;;;795;;Queda;Luz do Dia;;;Meio de Quadra;;;0;1;0;0;0;0;0;0;0;1;0;0;;
288544;28;5;2016;09:43;0;RUA JULIO BRAGA;;;1918;;Queda;Luz do Dia;;;Meio de Quadra;;;0;1;1;0;0;0;0;0;0;1;0;0;-38,586617;-3,77387
288538;28;5;2016;06:56;13505;AV RUI BARBOSA;RUA CEL ALVES TEIXEIRA;;;;Colisão;Luz do Dia;;;Cruz;Pare;Comercial;0;1;1;1;0;1;0;0;0;0;0;0;-38,512684;-3,746112
288539;28;5;2016;06:57;265;RUA GAL BERNARDO FIGUEIREDO;RUA ERICO MOTA;;;;Colisão Transversal;Luz do Dia;Bom;Seca;Cruz;Pare;Residencial;0;1;3;1;0;0;0;0;0;1;0;0;-38,561691;-3,74168
288540;28;5;2016;08:25;0;AV GAL OSORIO DE PAIVA;;;1706;;Atropelamento;Luz do Dia;;;Meio de Quadra;;;0;1;1;1;0;0;0;0;0;0;0;0;-38,577307;-3,782507
288526;28;5;2016;03:35;0;AV PRS COSTA E SILVA;;;;;Colisão;;;;Meio de Quadra;;;0;1;1;1;0;0;0;0;0;1;0;0;;
288527;28;5;2016;05:39;0;AV FRANCISCO SA;;;2048;;Colisão;Amanhecer;;;Meio de Quadra;;;0;1;1;0;0;0;0;0;0;1;0;0;-38,543784;-3,721856
288528;28;5;2016;06:17;0;AV LINEU MACHADO;;;1680;;Colisão;Luz do Dia;;;Meio de Quadra;;;0;1;1;0;0;0;0;0;0;1;0;0;-38,581232;-3,774239
288529;28;5;2016;06:18;0;RUA JULIO BRAGA;;;1680;;Colisão;Luz do Dia;;;Meio de Quadra;;;0;1;1;0;0;0;0;0;0;1;0;0;;
288519;28;5;2016;02:57;0;TR SAO CLEMENTE UI 505;;;;;Colisão;;;;Meio de Quadra;;;0;1;1;1;0;1;0;0;0;0;0;0;;
288520;28;5;2016;03:01;0;RUA PDE PEDRO DE ALENCAR;;;2310;;Queda;;;;Meio de Quadra;;;0;1;1;0;0;0;0;0;0;1;0;0;-38,494803;-3,848328
288521;28;5;2016;03:22;5709;AV DES GONZAGA;AV OLIVEIRA PAIVA;;;;Colisão;;;;Cruz;Semáforo;Lazer;0;1;1;1;0;0;0;0;0;1;0;0;-38,499953;-3,797165
288512;28;5;2016;01:22;0;RUA ZACARIAS FLORINDO;;;480;;Colisão;;;;Meio de Quadra;;;0;1;1;1;0;0;0;0;0;1;0;0;;
288513;28;5;2016;01:40;0;AV DA UNIVERSIDADE;;;2543;;Colisão;;;;Meio de Quadra;;;0;1;1;1;0;0;0;0;0;1;0;0;-38,537333;-3,739004
288514;28;5;2016;01:42;0;RUA A CJ PALMARES (G. LISBOA);;;211;;Atropelamento;;;;Meio de Quadra;;;0;1;1;1;0;0;0;0;0;0;0;0;;
288644;28;5;2016;18:16;12579;RUA MARIA CLARA;RUA PDE TEODORO (QUNTINO CUNHA);;;;Colisão;Anoitecer;;;Cruz;Não Há Controle;Residencial;0;1;1;0;0;0;0;0;0;1;0;0;-38,590933;-3,724624
288642;28;5;2016;18:08;0;AV PERIMETRAL;;;159;MADEIREIRA SAO LUIS;Colisão;Anoitecer;;;Meio de Quadra;;;0;1;1;1;0;0;0;0;0;1;0;0;;
288558;28;5;2016;11:28;0;AV C CJ CEARA;;;1145;;Colisão;Luz do Dia;;;Meio de Quadra;;;0;1;2;1;0;0;0;0;0;1;0;0;;
288560;28;5;2016;12:43;0;AV BEIRA MAR;;;3860;;Atropelamento;Luz do Dia;;;Meio de Quadra;;;0;1;1;0;0;0;0;0;0;1;0;0;-38,487193;-3,723328
288561;28;5;2016;20:00;0;RUA BERNARDO MANUEL;;;9355;;Colisão Traseira;Via Iluminada;Bom;Seca;Meio de Quadra;Semáforo;Comercial;0;1;3;1;0;0;0;0;0;1;0;0;-38,552368;-3,80191