COD_ACIDENTE;DIA;MES;ANO;HORA;INTERSECAO;LOG1;LOG2;LOG3;NUMERO;REFERENCIA;NATUREZA;ILUMINACAO;TEMPO;SUPERFICIEPISTA;TIPOCRUZAMENTO;CONTROLETRAFEGO;USOSOLO;MORTOS;FERIDOS;ILESOS;AUTOMOVEL;ONIBUS;BICICLETA;CAMINHAO;MICROONIBUS;CICLOMOTOR;MOTOCICLETA;TRACAOANIMAL;TREM;LONG;LAT
288588;28;5;2016;14:33;0;RUA PIRAJUI;;;185;;Atropelamento;Luz do Dia;;;Meio de Quadra;;;0;1;1;0;0;0;0;0;0;1;0;0;;
288582;28;5;2016;14:04;0;RUA MARCILIO DIAS;;;496;;Colisão;Luz do Dia;;;Meio de Quadra;;;0;1;1;1;0;0;0;0;0;1;0;0;-38,550275;-3,711925
288580;28;5;2016;14:01;0;RUA FRANCISCO CORDEIRO;;;70;;Colisão;Luz do Dia;;;Meio de Quadra;;;0;1;1;1;0;0;0;0;0;1;0;0;-38,550318;-3,711796
288575;28;5;2016;13:59;0;AV WASHINGTON SOARES;;;6590;;Atropelamento;Luz do Dia;;;Meio de Quadra;;;0;3;0;0;0;0;0;0;0;1;0;0;;
288597;28;5;2016;15:09;0;RUA GRACO CARDOSO;;;331;;Queda;Luz do Dia;;;Meio de Quadra;;;0;1;0;0;0;0;0;0;0;1;0;0;-38,595961;-3,751968
288603;28;5;2016;16:36;24913;AV MOZART PINHEIRO DE LUCENA;AV DA INDEPENDENCIA;;;;Colisão;Luz do Dia;;;Cruz;Semáforo Intermitente;Misto;0;1;0;0;0;0;0;0;0;0;0;0;-38,597615;-3,724957
288585;28;5;2016;14:07;23009;RUA ANITA GARIBALDI;RUA BRUNO VALENTE;;;;Colisão;Luz do Dia;;;Cruz;Pare;Residencial;0;1;0;0;0;0;0;0;0;0;0;0;-38,539228;-3,788221
288600;28;5;2016;16:24;13771;AV PINTO BANDEIRA D56;RUA LUIZA MIRANDA COELHO;;;;Colisão;Luz do Dia;;;Cruz;Pare;Residencial;0;1;1;1;0;0;0;0;0;1;0;0;-38,487283;-3,774929
288605;28;5;2016;17:08;0;AV CASTELO DE CASTRO;;;745;;Atropelamento de Animal;Anoitecer;;;Meio de Quadra;;;0;1;0;0;0;0;0;0;0;1;0;0;-38,521665;-3,836112
288614;28;5;2016;17:30;0;AV ROGACIANO LEITE;;;2319;;Colisão;Anoitecer;;;Meio de Quadra;;;0;1;0;0;0;0;0;0;0;0;0;0;-38,500185;-3,775529
286065;28;5;2016;08:10;0;AV SEN CARLOS JEREISSATI (AEROPORTO);;;;KM 02;Colisão;Luz do Dia;Bom;Seca;Meio de Quadra;;;0;0;2;1;0;0;0;0;0;0;0;0;-38,535424;-3,782194
286123;28;5;2016;17:30;0;RD CE-040;;;;KM-02;Colisão;Anoitecer;Bom;Seca;Meio de Quadra;;;0;0;2;1;0;0;0;0;0;1;0;0;-38,482583;-3,76465
286124;28;5;2016;19:00;0;RD CE-040;;;;KM-09;Colisão;;Bom;Seca;Meio de Quadra;;;0;0;2;0;0;0;0;0;0;1;0;0;-38,481538;-3,825516
284751;28;5;2016;17:15;7948;AV PONTES VIEIRA;RUA JOAQUIM NABUCO;;;;Colisão Transversal;Luz do Dia;Bom;Seca;Cruz;Semáforo;Comercial;0;0;2;1;0;0;0;0;0;0;0;0;-38,506628;-3,751917
284763;28;5;2016;12:00;14440;AV SGT HERMINIO SAMPAIO;RUA ALVARO MENDES;;;;Outros;Luz do Dia;;;;;;0;0;3;1;0;0;0;0;0;1;0;0;-38,556605;-3,725654
284756;28;5;2016;13:20;0;RUA SEN ALENCAR;;;978;;Colisão Lateral;Luz do Dia;;;Meio de Quadra;;;0;0;2;1;0;0;0;0;0;0;0;0;-38,534434;-3,722803
284781;28;5;2016;14:55;12685;AV DA INDEPENDENCIA;AV CEL CARVALHO;;;;Outros;Luz do Dia;Bom;Seca;Cruz;Semáforo;Comercial;0;0;2;0;1;0;0;0;0;0;0;0;-38,584952;-3,728711
284776;28;5;2016;09:20;13390;RUA ILDEFONSO ALBANO;RUA JOAO BRIGIDO;;;;Colisão Frontal;Luz do Dia;Bom;Seca;Cruz;Semáforo;Comercial;0;0;2;1;0;0;0;0;0;1;0;0;-38,51575;-3,740605
284730;28;5;2016;01:30;12954;RUA BERNARDO MANUEL;AV PRS COSTA E SILVA;;;;Colisão;;;;Cruz;Semáforo;Comercial;0;0;2;1;0;0;0;0;0;0;0;0;-38,558276;-3,821079
283976;28;5;2016;02:30;0;RD BR 020;;;700;KM 426;Atropelamento;;Bom;Seca;Meio de Quadra;;;0;1;1;0;0;0;0;0;0;1;0;0;;
284211;29;5;2016;23:20;0;AV CAP GUTEMBERG BAUN;;;678;;Colisão Frontal;;;;Meio de Quadra;;;0;2;2;1;0;0;0;0;0;1;0;0;-38,525618;-3,8379
284200;29;5;2016;20:15;0;RUA SILVA PAULET;;;1655;;Colisão Lateral;;;;Meio de Quadra;;;0;0;2;1;0;0;0;0;0;0;0;0;-38,506581;-3,738044
284197;29;5;2016;21:25;0;RUA PERDIGAO DE OLIVEIRA;;;278;;Colisão;;;;Meio de Quadra;;;0;0;2;1;0;0;0;0;0;0;0;0;-38,572317;-3,776587
284612;29;5;2016;10:40;0;RD BR 222;;;200;KM-04;Colisão Traseira;Luz do Dia;Bom;Seca;Meio de Quadra;;;0;0;2;0;1;0;0;0;0;0;0;0;;
286488;29;5;2016;07:00;0;RD CE-025;;;;KM-03;Choque c/ Obstáculo Fixo;Luz do Dia;Bom;Seca;Meio de Quadra;;;0;0;1;1;0;0;0;0;0;0;0;0;-38,452247;-3,805889
288646;29;5;2016;00:16;18387;AV OLAVO BILAC;AV SGT HERMINIO SAMPAIO;;;;Colisão;;;;Cruz;Semáforo;Residencial;0;1;1;1;0;0;0;0;0;1;0;0;-38,56508;-3,727179
288664;29;5;2016;02:29;5394;AV TRISTAO GONCALVES;RUA METON DE ALENCAR;;;;Colisão;;;;Cruz;Não Há Controle;Comercial;0;1;1;1;0;0;0;0;0;1;0;0;-38,534777;-3,732327
288665;29;5;2016;02:38;0;AV PRS COSTA E SILVA;;;;;Queda;;;;Meio de Quadra;;;0;1;0;0;0;0;0;0;0;1;0;0;;
288666;29;5;2016;02:39;10418;RUA JOSE MENDONCA;AV D CJ CEARA;;;;Colisão;;;;Y;Pare;Comercial;0;2;0;0;0;0;0;0;0;0;0;0;-38,603056;-3,761731
288667;29;5;2016;03:35;3347;RUA GOIAS;AV ENG HUMBERTO MONTE;;;;Queda;;;;T;Pare;Residencial;0;1;0;0;0;0;0;0;0;1;0;0;-38,559425;-3,750494
288653;29;5;2016;01:52;0;RUA VALPARAISO;;;745;;Colisão;;;;Meio de Quadra;;;0;2;0;0;0;0;0;0;0;0;0;0;-38,526652;-3,843509
288675;29;5;2016;05:19;0;RUA VIRGILIO NOGUEIRA PAES;;;1013;;Colisão;Amanhecer;;;Meio de Quadra;;;0;1;0;0;0;0;0;0;0;0;0;0;;
288662;29;5;2016;02:11;0;AV GAL OSORIO DE PAIVA;;;612;;Queda;;;;Meio de Quadra;;;0;1;0;0;0;0;0;0;0;1;0;0;-38,567927;-3,776529
288672;29;5;2016;04:15;0;AV A CJ CEARA;;;1534;;Colisão;;;;Meio de Quadra;;;0;1;1;1;0;0;0;0;0;1;0;0;-38,605831;-3,774806
288673;29;5;2016;05:14;0;RUA VALPARAISO;;;724;;Colisão;Amanhecer;;;Meio de Quadra;;;0;1;1;1;0;0;0;0;0;1;0;0;-38,526493;-3,843638
288696;29;5;2016;09:07;19707;AV BEZERRA DE MENEZES;RUA ARMANDO OLIVEIRA;;;;Colisão;Luz do Dia;;;Cruz;Semáforo;;0;1;1;0;0;0;0;0;0;1;0;0;-38,56727;-3,736264
288697;29;5;2016;09:19;0;RUA PRO COSTA MENDES;;;;;Colisão;Luz do Dia;;;Meio de Quadra;;;0;1;0;0;0;0;0;0;0;0;0;0;;
288698;29;5;2016;09:59;12520;AV AUGUSTO DOS ANJOS;RUA ALUISIO AZEVEDO;;;;Queda;Luz do Dia;;;T;Semáforo;Comercial;0;1;0;0;0;0;0;0;0;1;0;0;;
288699;29;5;2016;10:14;0;RUA BRAGANCA;;;874;;Queda;Luz do Dia;;;Meio de Quadra;;;0;1;0;0;0;1;0;0;0;0;0;0;-38,596708;-3,781277
288651;29;5;2016;00:25;7645;RUA ESTADO DO RIO;RUA PERNAMBUCO;;;;Colisão;;;;Cruz;Pare;Misto;0;1;0;0;0;0;0;0;0;0;0;0;-38,570848;-3,758439
288690;29;5;2016;07:23;0;RUA H ESPL CASTELAO;;;230;;Colisão;Luz do Dia;;;Meio de Quadra;;;0;1;1;1;0;0;0;0;0;1;0;0;;
288691;29;5;2016;07:53;6573;AV C CJ CEARA;AV H CJ CEARA;;;;Queda;Luz do Dia;;;T;Não Há Controle;Comercial;0;1;0;0;0;0;0;0;0;1;0;0;;
288692;29;5;2016;08:29;0;RUA ARI MAIA;;;1950;;Atropelamento;Luz do Dia;;;Meio de Quadra;;;0;1;1;0;0;0;0;0;0;1;0;0;;
288711;29;5;2016;12:53;5162;RUA GAL SAMPAIO;RUA SAO PAULO;;;;Choque c/ Obstáculo Fixo;Luz do Dia;;;Cruz;Semáforo;Comercial;0;1;0;1;0;0;0;0;0;0;0;0;-38,530266;-3,725134
288708;29;5;2016;11:47;0;AV PDE ANTONIO TOMAS;;;;;Queda;Luz do Dia;;;Meio de Quadra;;;0;1;0;0;0;1;0;0;0;0;0;0;;
288709;29;5;2016;11:50;0;AV ENG SANTANA JUNIOR;;;;;Queda;Luz do Dia;;;Meio de Quadra;;;0;1;0;0;0;1;0;0;0;0;0;0;;
288701;29;5;2016;10:19;0;RUA BERNARDO MANUEL;;;7525;;Atropelamento;Luz do Dia;;;Meio de Quadra;;;0;1;1;1;0;0;0;0;0;0;0;0;-38,546904;-3,783994
288702;29;5;2016;10:52;0;AV PRS CASTELO BRANCO;;;4310;;Colisão;Luz do Dia;;;Meio de Quadra;;;0;1;1;1;0;0;0;0;0;1;0;0;-38,570717;-3,70756
288714;29;5;2016;14:10;0;RUA MARIA GOMES DE SA;;;;;Colisão;Luz do Dia;;;Meio de Quadra;;;0;1;1;1;0;0;0;0;0;1;0;0;;
288737;29;5;2016;15:59;0;AV GAL OSORIO DE PAIVA;;;4800;;Colisão;Luz do Dia;;;Meio de Quadra;;;0;1;0;0;0;0;0;0;0;0;0;0;-38,598379;-3,800921
288724;29;5;2016;14:27;0;RUA CON LIMA SUCUPIRA;;;1720;;Colisão;Luz do Dia;;;Meio de Quadra;;;0;1;0;0;0;0;0;0;0;0;0;0;-38,550716;-3,778209
288731;29;5;2016;15:52;7628;RUA RIO GRANDE DO SUL;RUA ALAGOAS;;;;Colisão;Luz do Dia;;;Cruz;Não Há Controle;Residencial;0;1;1;0;0;0;1;0;0;1;0;0;-38,568934;-3,760762
288744;29;5;2016;16:36;0;AV CASTELO DE CASTRO;;;;;Colisão;Luz do Dia;;;Meio de Quadra;;;0;1;0;0;0;0;0;0;0;0;0;0;;
288745;29;5;2016;16:45;17594;RUA MARANHAO;RUA GOIAS;;;;Colisão;Luz do Dia;;;;;;0;1;1;0;0;0;0;0;0;1;0;0;-38,564486;-3,756472
288751;29;5;2016;17:07;0;AV HEROIS DO ACRE;;;;;Queda;Anoitecer;;;Meio de Quadra;;;0;1;0;0;0;0;0;0;0;1;0;0;;
288705;29;5;2016;10:58;0;RUA BAR CRATO;;;1215;;Colisão;Luz do Dia;;;Meio de Quadra;;;0;1;1;1;0;0;0;0;0;1;0;0;-38,560383;-3,721465
284876;29;5;2016;17:00;5396;RUA GAL CLARINDO DE QUEIROZ;RUA SEN POMPEU;;;;Colisão Traseira;Anoitecer;;;Cruz;Semáforo;Comercial;0;0;2;1;0;0;0;0;0;0;0;0;-38,531279;-3,732353
284877;29;5;2016;21:00;0;RUA DNA LUCIA PINHEIRO (QUINTINO CUNHA);;;2292;;Colisão Traseira;;;;Meio de Quadra;;;0;2;1;1;0;0;0;0;0;1;0;0;-38,598946;-3,731717
284871;29;5;2016;16:00;14353;RUA BAR CRATO;RUA DEMOSTENES CARVALHO;;;;Colisão Transversal;Luz do Dia;;;Cruz;Pare;Residencial;0;1;1;1;0;0;0;0;0;1;0;0;-38,560305;-3,721441
284787;29;5;2016;20:30;0;RUA NEREU RAMOS;;;920;;Colisão Transversal;;;;Meio de Quadra;;;0;0;1;1;0;0;0;0;0;1;0;0;-38,574764;-3,783719
284788;29;5;2016;21:30;9176;AV AGUANAMBI;AV EDUARDO GIRAO;;;;Colisão Traseira;;;;Rotatória;Cancela;Comercial;0;0;2;1;0;0;0;0;0;0;0;0;-38,523564;-3,756564
284789;29;5;2016;;0;RUA PRO GOMES BRASIL;;;;;Colisão Transversal;;;;Meio de Quadra;;;0;1;1;0;0;0;0;0;0;1;0;0;;
284793;29;5;2016;17:45;5162;RUA GAL SAMPAIO;RUA SAO PAULO;;;;Colisão;Anoitecer;;;Cruz;Semáforo;Comercial;0;1;1;1;0;0;0;0;0;0;0;0;-38,530266;-3,725134
284799;29;5;2016;07:30;1432;AV SANTOS DUMONT;AV SEN VIRGILIO TAVORA;;;;Colisão Transversal;Luz do Dia;;;Cruz;Semáforo;Comercial;0;1;1;1;0;0;0;0;0;1;0;0;-38,493482;-3,737828
284802;29;5;2016;11:20;12954;AV PRS COSTA E SILVA;AV DOS EXPEDICIONARIOS;;;;Colisão Lateral;Luz do Dia;;;;;;0;0;2;1;0;0;0;0;0;1;0;0;;
284803;29;5;2016;12:00;0;AV HIS RAIMUNDO GIRAO;;;815;;Colisão Lateral;Luz do Dia;;;Meio de Quadra;;;0;0;2;1;1;0;0;0;0;0;0;0;;
300971;29;5;2016;12:42;12954;AV PRS COSTA E SILVA;RUA BERNARDO MANUEL;;0;;Colisão Traseira;Luz do Dia;Bom;Seca;Cruz;Semáforo;Residencial;0;0;1;1;0;0;0;0;0;0;0;0;-38,558276;-3,821079
300972;29;5;2016;12:45;0;RUA ADEMAR PAULA;;;1630;;Colisão Transversal;Luz do Dia;Bom;Seca;Meio de Quadra;Pare;Residencial;0;1;1;0;0;0;0;0;0;1;0;0;;
300993;29;5;2016;07:43;0;AV ANTONIO SALES;;;3525;;Engavetamento;Luz do Dia;Bom;Seca;Meio de Quadra;Não Há Controle;Residencial;0;0;3;1;0;0;0;0;0;0;0;0;-38,490117;-3,749232
300973;30;5;2016;07:15;15227;AV ABOLICAO;AV DES MOREIRA;;0;;Colisão Lateral;Luz do Dia;Bom;Seca;Cruz;Semáforo;Comercial;0;0;2;1;1;0;0;0;0;0;0;0;-38,495474;-3,727331
300974;30;5;2016;08:01;18491;RUA EDGAR FALCAO;RUA TEN MARQUES;;0;;Colisão Transversal;Luz do Dia;Bom;Seca;Cruz;Pare;Residencial;0;0;2;1;0;0;0;0;0;0;0;0;-38,573515;-3,732585
300975;30;5;2016;08:00;0;RUA TEODORO DE PAIVA;;;900;;Colisão Lateral;Luz do Dia;Nublado;Seca;Meio de Quadra;Não Há Controle;Escola;0;0;2;0;0;0;0;0;0;0;0;0;;
300976;30;5;2016;09:40;15343;RUA PEREIRA FILGUEIRAS;RUA NUNES VALENTE;;0;;Colisão Transversal;Luz do Dia;Bom;Seca;Cruz;Semáforo;Residencial;0;1;2;1;0;0;0;0;0;0;0;0;-38,50231;-3,731786
300977;30;5;2016;13:35;0;AV GODOFREDO PIMENTEL;;;2743;;Engavetamento;Luz do Dia;Bom;Seca;Meio de Quadra;Semáforo;Comercial;0;0;1;1;0;0;0;0;0;0;0;0;;
300978;30;5;2016;17:30;7913;AV ANTONIO SALES;RUA VIS MAUA;;0;;Colisão Transversal;Via Iluminada;Bom;Seca;Cruz;Pare;Comercial;0;0;2;1;0;0;0;1;0;0;0;0;-38,50242;-3,745429
300979;30;5;2016;18:40;19882;RUA ARMANDO MONTEIRO;RUA ESPERANTO D14;;0;;Colisão Transversal;Via Iluminada;Bom;Seca;Cruz;Pare;Residencial;0;0;2;1;0;0;0;0;0;1;0;0;-38,53896;-3,762655
300980;30;5;2016;19:05;26077;AV JOSE JATAHY;AV DUQ CAXIAS;;0;;Colisão Lateral;Via Iluminada;Bom;Seca;Cruz;Pare;Residencial;0;0;2;1;1;0;0;0;0;0;0;0;;
283625;30;5;2016;08:00;1303;AV DOM LUIS;RUA BARBOSA DE FREITAS;;;;Colisão Transversal;Luz do Dia;;;Cruz;Semáforo;Comercial;0;1;1;1;0;0;0;0;0;1;0;0;-38,496396;-3,733564
284873;30;5;2016;09:15;5460;AV HERACLITO GRACA;RUA NOGUEIRA ACIOLI;;;;Colisão Traseira;Luz do Dia;Bom;Seca;Duplo T;Semáforo;Comercial;0;1;1;0;0;0;0;0;0;1;0;0;;
284886;30;5;2016;09:30;0;AV GAL OSORIO DE PAIVA;;;3366;;Colisão Lateral;Luz do Dia;Chuva;Molhada;Meio de Quadra;Outros;Comercial;0;0;2;1;0;0;0;0;0;0;0;0;-38,588007;-3,790247
284895;30;5;2016;08:00;0;AV DR SILAS MUNGUBA;;;;;Colisão Lateral;Luz do Dia;Nublado;Seca;Meio de Quadra;Dê Preferência;Comercial;0;0;2;1;0;0;1;0;0;0;0;0;;
284901;30;5;2016;19:50;25101;AV GAL OSORIO DE PAIVA;RUA ARARIPE PRATA;;;;Colisão Lateral;Via Iluminada;Bom;Seca;Cruz;Não Há Controle;Comercial;0;0;2;1;1;0;0;0;0;0;0;0;-38,568029;-3,776593
284860;30;5;2016;08:50;17355;RUA ROMEU MARTINS;RUA EUZEBIO DE QUEIROS;;;;Colisão Lateral;Luz do Dia;Nublado;Molhada;Cruz;Pare;Residencial;0;1;1;0;0;0;0;0;0;1;0;0;-38,553218;-3,765892
284861;30;5;2016;11:10;0;RUA GAL CLARINDO DE QUEIROZ;;;671;;Colisão Lateral;Luz do Dia;Bom;Seca;Meio de Quadra;Semáforo;Comercial;0;0;2;1;0;0;1;0;0;0;0;0;-38,53016;-3,732704
284987;30;5;2016;18:05;0;RUA VIRIATO RIBEIRO;;;;;Colisão Transversal;Via Iluminada;Bom;Seca;Meio de Quadra;Gesto;Residencial;0;1;1;1;0;0;0;0;0;0;0;0;;
284970;30;5;2016;11:00;12954;RUA BERNARDO MANUEL;AV PRS COSTA E SILVA;;;;Colisão Traseira;Luz do Dia;Bom;Seca;Cruz;Semáforo;Comercial;0;0;2;1;0;0;1;0;0;0;0;0;-38,558276;-3,821079
284965;30;5;2016;10:00;3368;RUA RIO GRANDE DO SUL;RUA AMAZONAS;;;;Colisão Lateral;Luz do Dia;Bom;Seca;Cruz;Pare;Comercial;0;0;2;1;0;0;0;0;0;0;0;0;-38,564164;-3,753306
284961;30;5;2016;08:50;1530;RUA TIBURCIO CAVALCANTE;AV JULIO VENTURA;;;;Colisão Lateral;Luz do Dia;Bom;Seca;Cruz;Semáforo;Residencial;0;0;2;1;1;0;0;0;0;0;0;0;-38,504074;-3,740609
284962;30;5;2016;00:00;3856;AV DA UNIVERSIDADE;RUA PDE FRANCISCO PINTO;;;;Colisão Transversal;Via Iluminada;Bom;Seca;Cruz;Semáforo;Comercial;0;0;2;1;0;0;0;0;0;0;0;0;-38,540777;-3,742799
284954;30;5;2016;16:50;0;AV PRS CASTELO BRANCO;;;;;Colisão Lateral;Via Iluminada;Bom;Seca;Meio de Quadra;Não Há Controle;Residencial;0;0;2;1;0;0;0;0;0;0;0;0;;
284957;30;5;2016;14:00;0;AV AGUANAMBI;;;;;Colisão Lateral;Luz do Dia;Nublado;Seca;Meio de Quadra;Semáforo;Comercial;0;0;2;1;0;0;0;0;0;0;0;0;;
284958;30;5;2016;10:00;5366;AV DUQ CAXIAS;RUA SEN POMPEU;;;;;Luz do Dia;Nublado;Seca;Cruz;Semáforo;Comercial;0;0;2;1;0;0;0;0;0;0;0;0;-38,530994;-3,73143
284959;30;5;2016;08:45;0;AV FRANCISCO SA;;;;;Queda;Via Iluminada;Bom;Seca;;Não Há Controle;Comercial;0;0;1;0;0;0;0;0;0;1;0;0;;
284943;30;5;2016;06:20;0;AV DEP PAULINO ROCHA;;;1341;;Colisão Traseira;Luz do Dia;Bom;Molhada;Meio de Quadra;Outros;Misto;0;0;2;1;0;0;0;0;0;0;0;0;;
284930;30;5;2016;11:00;20230;RUA POMPILIO GOMES;RUA PRO MOREIRA DE SOUSA (PASSARE);;;;Colisão Lateral;Luz do Dia;Bom;Seca;Cruz;Pare;Residencial;0;1;1;0;0;0;1;0;0;1;0;0;-38,520887;-3,8145
284937;30;5;2016;13:00;17555;RUA DR JOSE LINO;RUA MERUOCA;;;;Colisão Traseira;Luz do Dia;Bom;Seca;Cruz;Pare;Residencial;0;2;0;1;0;0;0;0;0;0;0;0;-38,482955;-3,730672
284934;30;5;2016;11:00;0;AV JOSE BASTOS;;;2830;;Colisão Lateral;Luz do Dia;Bom;Seca;Meio de Quadra;;Comercial;0;1;1;1;0;0;0;0;0;1;0;0;-38,545937;-3,745517
284924;30;5;2016;12:00;0;AV DA INDEPENDENCIA;;;;;;Luz do Dia;Bom;Seca;Meio de Quadra;Não Há Controle;Residencial;0;0;2;1;0;0;0;0;0;1;0;0;;
284915;30;5;2016;13:40;0;AV PRS CASTELO BRANCO;;;2250;;;Luz do Dia;Bom;Seca;Meio de Quadra;;Residencial;0;0;2;1;0;0;0;0;0;0;0;0;-38,54812;-3,713862
284907;30;5;2016;09:00;5749;AV DES GONZAGA;RUA JULIO LIMA;;;;Colisão Lateral;Luz do Dia;Nublado;Molhada;Cruz;Pare;Comercial;0;0;2;1;0;0;1;0;0;0;0;0;-38,500411;-3,796143
288752;30;5;2016;01:43;0;AV MR HULL;;;;;Queda;;;;Meio de Quadra;;;0;1;0;0;0;0;0;0;0;1;0;0;;
288753;30;5;2016;01:53;0;AV BEZERRA DE MENEZES;;;;;Queda;;;;Meio de Quadra;;;0;1;0;0;0;0;0;0;0;1;0;0;;
288754;30;5;2016;01:56;0;RD BR 116;;;13000;KM-13;Atropelamento;;;;Meio de Quadra;;;0;1;1;0;1;0;0;0;0;0;0;0;-38,497727;-3,86467
288756;30;5;2016;03:39;0;AV ALBERTO CRAVEIRO;;;;;Colisão;;;;Meio de Quadra;;;0;1;1;1;0;0;0;0;0;1;0;0;;
288757;30;5;2016;03:42;0;RUA TORRES CAMARA;;;1359;;Colisão;;;;Meio de Quadra;;;0;1;1;0;0;0;0;0;0;1;0;0;;
288758;30;5;2016;04:02;25347;AV JOVITA FEITOSA;RUA MAJ PEDRO SAMPAIO;;;;Queda;;;;T;Pare;Outros;0;1;1;0;0;0;0;0;0;1;0;0;-38,545653;-3,737617
288764;30;5;2016;04:22;0;AV GAL OSORIO DE PAIVA;;;;;Colisão;;;;Meio de Quadra;;;0;1;1;1;0;1;0;0;0;0;0;0;;
288765;30;5;2016;04:28;0;RUA RUFINO DE ALENCAR;;;134;;Queda;;;;Meio de Quadra;;;0;1;0;0;0;0;0;0;0;1;0;0;-38,523647;-3,724419
288766;30;5;2016;06:16;0;RUA SUICA;;;120;;Colisão;Luz do Dia;;;Meio de Quadra;;;0;1;0;0;0;0;0;0;0;0;0;0;-38,574047;-3,793816
288774;30;5;2016;07:48;0;AV SANTOS DUMONT;;;7373;;Capotamento;Luz do Dia;Bom;Seca;Meio de Quadra;Não Há Controle;Comercial;0;1;1;1;0;0;0;0;0;0;0;0;-38,468048;-3,746
288768;30;5;2016;06:36;12925;AV DOMINGOS OLIMPIO;AV AGUANAMBI;;;;Atropelamento;Luz do Dia;;;;;;0;1;1;0;0;0;0;0;0;1;0;0;-38,524628;-3,738683
288769;30;5;2016;06:56;24886;AV MAJ ASSIS;AV MOZART PINHEIRO DE LUCENA;;;;Queda;Luz do Dia;;;Cruz;Semáforo;Residencial;0;1;0;0;0;1;0;0;0;0;0;0;;
288770;30;5;2016;07:02;0;AV GODOFREDO MACIEL;;;2905;;Colisão;Luz do Dia;;;Meio de Quadra;;;0;1;1;1;0;0;0;0;0;1;0;0;-38,571277;-3,800806
288776;30;5;2016;07:59;19540;RUA JULIO GASPAR;RUA CASIMIRO DE ABREU;;;;Colisão;Luz do Dia;;;Cruz;Pare;Residencial;0;1;1;1;0;0;0;0;0;0;0;0;-38,563108;-3,782426
288778;30;5;2016;08:04;0;AV CASTELO DE CASTRO;;;400;;Colisão;Luz do Dia;;;Meio de Quadra;;;0;1;1;1;0;0;0;0;0;1;0;0;;
288779;30;5;2016;09:02;0;RUA DES GOMES PARENTE;;;684;;Queda;Luz do Dia;;;Meio de Quadra;;;0;1;0;0;0;0;0;0;0;1;0;0;-38,575615;-3,774155
288780;30;5;2016;09:51;15225;RUA TEN BENEVOLO;RUA ILDEFONSO ALBANO;;;;Colisão;Luz do Dia;;;Cruz;Semáforo Intermitente;Comercial;0;1;1;1;0;0;0;0;0;1;0;0;-38,511332;-3,727294
288783;30;5;2016;10:18;0;AV SGT HERMINIO SAMPAIO;;;1416;;Queda;Luz do Dia;;;Meio de Quadra;;;0;1;0;0;0;0;0;0;0;1;0;0;-38,553212;-3,725042
288784;30;5;2016;15:10;3316;RUA CHILE;RUA VIRIATO RIBEIRO;;;;Colisão;Luz do Dia;;;Cruz;Pare;Residencial;0;1;1;1;0;0;0;0;0;1;0;0;-38,565276;-3,746178
288793;30;5;2016;16:05;5180;RUA TEN BENEVOLO;RUA DOM JOAQUIM;;;;Colisão Transversal;Via Iluminada;Bom;Seca;Cruz;Não Há Controle;Residencial;0;2;2;1;0;0;0;0;0;0;0;0;-38,51667;-3,725524
288794;30;5;2016;16:42;0;AV BEZERRA DE MENEZES;;;;;Queda;Luz do Dia;;;Meio de Quadra;;;0;1;1;0;0;0;0;0;0;1;0;0;;
288796;30;5;2016;17:26;0;AV DR SILAS MUNGUBA;;;3791;;Colisão;Anoitecer;;;Meio de Quadra;;;0;1;2;1;0;0;0;0;0;1;0;0;-38,539931;-3,79051
288797;30;5;2016;18:55;0;AV MAJ ASSIS;;;3060;;Colisão;;;;Meio de Quadra;;;0;1;1;0;0;0;0;0;0;1;0;0;-38,606557;-3,71861
288798;30;5;2016;18:56;0;RUA IARA;;;;;Colisão;;;;;;;0;0;2;1;0;0;0;0;0;1;0;0;;
288799;30;5;2016;19:31;0;AV GAL OSORIO DE PAIVA;;;;;Colisão;;;;Meio de Quadra;;;0;1;1;0;0;0;0;0;0;1;0;0;;
288800;30;5;2016;19:52;0;AV ABOLICAO;;;5301;;Queda;;;;Meio de Quadra;;;0;1;0;0;0;0;0;0;0;1;0;0;;
288790;30;5;2016;15:42;0;AV WASHINGTON SOARES;;;;;Colisão;Luz do Dia;;;Meio de Quadra;;;0;1;1;0;0;0;0;0;0;1;0;0;;
286132;30;5;2016;16:40;0;RD CE-040;;;;KM-06;Colisão;Luz do Dia;Bom;Seca;Meio de Quadra;;;0;0;2;1;0;0;0;0;0;0;0;0;-38,479535;-3,800596
286129;30;5;2016;08:30;0;AV SEN CARLOS JEREISSATI (AEROPORTO);;;;KM 03;Colisão;Luz do Dia;Bom;Seca;Meio de Quadra;;;0;0;2;1;0;0;0;0;0;0;0;0;-38,544038;-3,779641
286130;30;5;2016;16:00;0;RD CE-040;;;;KM-05;Colisão;Luz do Dia;Bom;Seca;Meio de Quadra;;;0;0;2;0;0;0;0;0;0;1;0;0;-38,480331;-3,791613
284584;30;5;2016;15:35;0;RD BR 116;;;0;KM-07;Colisão Traseira;Luz do Dia;Bom;Seca;Meio de Quadra;;;0;1;1;0;0;0;0;0;0;1;0;0;-38,50135403;-3,814567428
283983;30;5;2016;17:00;0;RD BR 020;;;429;KM 429;Colisão Traseira;Anoitecer;Bom;Seca;Meio de Quadra;;;0;1;2;1;0;0;0;0;0;1;0;0;;
284618;31;5;2016;05:50;0;RD BR 222;;;300;KM-05;Colisão Traseira;Amanhecer;Chuva;Molhada;Meio de Quadra;;;0;0;2;1;0;0;0;1;0;0;0;0;;