COD_ACIDENTE;DIA;MES;ANO;HORA;INTERSECAO;LOG1;LOG2;LOG3;NUMERO;REFERENCIA;NATUREZA;ILUMINACAO;TEMPO;SUPERFICIEPISTA;TIPOCRUZAMENTO;CONTROLETRAFEGO;USOSOLO;MORTOS;FERIDOS;ILESOS;AUTOMOVEL;ONIBUS;BICICLETA;CAMINHAO;MICROONIBUS;CICLOMOTOR;MOTOCICLETA;TRACAOANIMAL;TREM;LONG;LAT
286136;31;5;2016;06:30;0;RD CE-040;;;;KM-04;Colisão;Luz do Dia;Bom;Seca;Meio de Quadra;;;0;0;2;1;0;0;0;0;0;0;0;0;-38,481084;-3,782614
286139;31;5;2016;21:20;0;RD CE-040;;;;KM-07;Colisão;;Bom;Seca;Meio de Quadra;;;0;0;3;0;0;0;0;0;0;1;0;0;-38,478733;-3,809597
286491;31;5;2016;11:30;0;RD CE-040;;;;KM-08;Colisão;Luz do Dia;Bom;Molhada;Meio de Quadra;;;0;0;2;1;0;0;0;0;0;0;0;0;-38,483033;-3,817159
288809;31;5;2016;04:08;24340;RUA DES PRAXEDES;RUA SAO MATEUS D14;;;;Colisão;;;;Cruz;Pare;Residencial;0;1;1;1;0;0;0;0;0;1;0;0;-38,53873;-3,764329
288807;31;5;2016;03:33;0;RUA ARMANDO MONTEIRO;;;4095;;Colisão;;;;Meio de Quadra;;;0;1;1;1;0;0;0;0;0;1;0;0;;
288801;31;5;2016;00:54;0;RUA TARCISIO PEIXOTO;;;329;;Queda;;;;Meio de Quadra;;;0;1;0;0;0;0;0;0;0;1;0;0;-38,587369;-3,751334
288802;31;5;2016;01:06;0;AV SEN CARLOS JEREISSATI (AEROPORTO);;;;;Queda;;;;Meio de Quadra;;;0;1;0;0;0;0;0;0;0;1;0;0;;
288803;31;5;2016;01:21;7975;RUA CARLOS CAMARA;RUA ALVARO MARTINS;;;;Colisão;;;;Cruz;Pare;Residencial;0;1;1;1;0;0;0;0;0;1;0;0;-38,543554;-3,74755
288804;31;5;2016;01:43;0;AV PRS JUSCELINO KUBITSCHEK (PASSARÉ);;;;;Colisão;;;;Meio de Quadra;;;0;2;0;1;0;0;0;0;0;1;0;0;;
288805;31;5;2016;02:31;0;AV DOS JANGADEIROS;;;970;;Colisão;;;;Meio de Quadra;;;0;1;1;1;0;0;0;0;0;1;0;0;;
288827;31;5;2016;05:40;0;AV JOVITA FEITOSA;;;3040;;Queda;Amanhecer;;;Meio de Quadra;;;0;1;0;0;0;0;0;0;0;1;0;0;-38,565004;-3,741601
288828;31;5;2016;05:42;0;AV CASTELO DE CASTRO;;;;;Colisão;Amanhecer;;;Meio de Quadra;;;0;1;1;1;0;0;0;0;0;1;0;0;;
288829;31;5;2016;07:02;0;RUA FRE VIDAL;;;2123;;Atropelamento;Luz do Dia;;;Meio de Quadra;;;0;1;1;1;0;0;0;0;0;0;0;0;;
288830;31;5;2016;07:54;0;RUA PERNAMBUCO;;;2461;;Colisão;Luz do Dia;;;Meio de Quadra;;;0;1;0;0;0;0;0;0;0;0;0;0;-38,576819;-3,752812
288831;31;5;2016;10:57;0;RUA TEODORO DE PAIVA;;;120;;Colisão;Luz do Dia;;;Meio de Quadra;;;0;1;1;1;0;0;0;0;0;1;0;0;;
288824;31;5;2016;05:18;0;AV ISABEL BEZERRA;;;480;;Colisão;Amanhecer;;;Meio de Quadra;;;0;1;1;1;0;0;0;0;0;1;0;0;;
288825;31;5;2016;05:31;1605;RUA BENI DE CARVALHO;RUA PDE VALDEVINO;;;;Colisão;Amanhecer;;;;;;0;1;1;1;0;0;0;0;0;1;0;0;-38,500877;-3,744098
288818;31;5;2016;04:38;14616;AV JOSE LEON;RUA JUIZ DE FORA;;;;Queda;;;;T;Pare;Residencial;0;1;0;0;0;0;0;0;0;1;0;0;-38,488383;-3,791096
288811;31;5;2016;04:27;0;RUA CESAR FONTENELE;;;1216;;Colisão;;;;Meio de Quadra;;;0;1;2;1;0;0;0;0;0;1;0;0;;
288814;31;5;2016;04:33;12892;AV DOMINGOS OLIMPIO;RUA BAR RIO BRANCO;;;;Colisão;;;;Cruz;Semáforo;Comercial;0;1;1;1;0;0;0;0;0;1;0;0;-38,531494;-3,736579
288837;31;5;2016;11:28;0;AV JOSE BASTOS;;;5244;;Queda;Luz do Dia;;;Meio de Quadra;;;0;1;0;0;0;0;0;0;0;1;0;0;-38,562924;-3,758305
288839;31;5;2016;11:59;0;AV AUGUSTO DOS ANJOS;;;1949;;Colisão;Luz do Dia;;;Meio de Quadra;;;0;1;1;1;0;0;0;0;0;1;0;0;-38,581455;-3,782812
288857;31;5;2016;12:04;0;RUA PORTO FRANCO;;;889;;Queda;Luz do Dia;;;Meio de Quadra;;;1;0;0;0;0;0;0;0;0;1;0;0;-38,5841;-3,81233
288858;31;5;2016;12:21;0;AV GAL OSORIO DE PAIVA;;;1620;;Colisão;Luz do Dia;;;Meio de Quadra;;;0;1;1;1;0;0;0;0;0;1;0;0;-38,576182;-3,781755
288861;31;5;2016;13:22;0;AV AUGUSTO DOS ANJOS;;;1292;;Colisão;Luz do Dia;;;Meio de Quadra;;;0;1;1;1;0;0;0;0;0;1;0;0;-38,577565;-3,77835
290113;31;5;2016;11:00;0;RUA EUZEBIO DE QUEIROS;;;5683;;Atropelamento;Luz do Dia;;;Meio de Quadra;;;0;1;0;0;1;0;0;0;0;1;0;0;;
290114;31;5;2016;12:00;348;RUA CESAR FONTENELE;RUA PRO LINO ENCARNACAO;;;;Colisão Transversal;Luz do Dia;Chuva;Molhada;Cruz;Pare;Residencial;0;1;5;1;0;0;0;0;0;0;0;0;-38,559596;-3,746359
288907;31;5;2016;15:54;9658;RUA MARTINS CARVALHO;RUA SGT BARBOSA;;;;Queda;Luz do Dia;;;;;;0;1;0;0;0;0;0;0;0;1;0;0;-38,621663;-3,790192
288904;31;5;2016;15:52;0;AV WASHINGTON SOARES;;;;;Colisão;Luz do Dia;;;Meio de Quadra;;;0;1;0;0;0;0;0;0;0;0;0;0;;
288901;31;5;2016;15:27;26236;RUA BERNARDO MANUEL;AV DR SILAS MUNGUBA;;;;Colisão Transversal;Via Iluminada;Bom;Seca;Cruz;Semáforo;Comercial;0;1;3;1;0;0;0;0;0;1;0;0;-38,54796;-3,787538
288915;31;5;2016;16:12;6817;RUA BENTO ALBUQUERQUE;RUA FRANCISCO MATOS;;;;Colisão;Luz do Dia;;;Cruz;Pare;Residencial;0;1;1;1;0;0;0;0;0;1;0;0;-38,470436;-3,747862
284999;31;5;2016;10:30;12835;AV DOMINGOS OLIMPIO;RUA SOLON PINHEIRO;;;;Colisão Lateral;Luz do Dia;Chuva;Molhada;Cruz;Semáforo;Comercial;0;0;2;1;0;0;0;0;0;0;0;0;-38,52865;-3,737409
285012;31;5;2016;10:00;24340;RUA DES PRAXEDES;RUA SAO MATEUS D14;;;;Colisão Frontal;Luz do Dia;Chuva;Molhada;Cruz;Pare;Residencial;0;0;2;1;0;0;0;0;0;1;0;0;-38,53873;-3,764329
284994;31;5;2016;17:07;25058;AV AUGUSTO DOS ANJOS;RUA VITAL BRASIL;;;;Colisão Lateral;Anoitecer;Bom;Seca;T;Não Há Controle;Comercial;0;1;1;1;0;0;0;0;0;1;0;0;-38,581387;-3,782734
285002;31;5;2016;14:30;0;AV CARAPINIMA;;;2415;;Queda;Luz do Dia;Bom;Seca;Meio de Quadra;Não Há Controle;Comercial;0;0;2;0;0;0;0;0;0;1;0;0;-38,540886;-3,740648
285006;31;5;2016;14:34;0;AV AUGUSTO DOS ANJOS;;;;;Colisão Lateral;Luz do Dia;Bom;Seca;Cruz;Pare;Comercial;0;0;2;1;0;0;0;0;0;0;0;0;;
285039;31;5;2016;08:00;3177;RUA CARLOS CHAGAS;RUA ANSELMO NOGUEIRA;;;;Colisão Transversal;Luz do Dia;Bom;Seca;Cruz;Pare;Residencial;0;0;2;1;0;0;0;0;0;0;0;0;-38,586797;-3,779698
285040;31;5;2016;19:40;1230;RUA COSTA BARROS;RUA BAR ARACATI;;;;Capotamento;Via Iluminada;Bom;Seca;Cruz;Pare;Residencial;0;0;2;1;0;0;0;0;0;0;0;0;-38,511153;-3,730488
285042;31;5;2016;13:45;0;RUA PERNAMBUCO;;;2511;;;Luz do Dia;Nublado;Seca;Meio de Quadra;Não Há Controle;Residencial;0;1;1;0;0;0;0;0;0;1;0;0;-38,57706;-3,752548
285036;31;5;2016;15:43;1422;RUA BARBOSA DE FREITAS;RUA DES LEITE ALBUQUERQUE;;;;Colisão;Luz do Dia;Bom;Seca;Cruz;Não Há Controle;Comercial;0;0;2;1;0;0;0;0;0;0;0;0;-38,497689;-3,737545
285051;31;5;2016;09:10;0;AV ALBERTO CRAVEIRO;;;;;Colisão Lateral;Luz do Dia;Nublado;Seca;Meio de Quadra;Outros;Outros;0;0;2;1;0;0;0;0;0;0;0;0;;
285047;31;5;2016;12:15;12884;RUA COS TRISTAO;RUA MES ROSA;;;;Colisão Transversal;Luz do Dia;Nublado;Seca;Cruz;Pare;Comercial;0;0;2;1;0;0;0;0;0;0;0;0;-38,527652;-3,74186
285044;31;5;2016;11:30;19596;RUA NEREU RAMOS;RUA TCHECOSLOVAQUIA;;;;Colisão Traseira;Luz do Dia;Chuva;Molhada;Cruz;Pare;Comercial;0;0;2;1;0;0;0;0;0;0;0;0;-38,570458;-3,785913
285045;31;5;2016;07:45;5294;AV SANTOS DUMONT;RUA RODRIGUES JUNIOR;;;;Colisão;Luz do Dia;Nublado;Molhada;Cruz;Pare;Residencial;0;0;2;1;1;0;0;0;0;0;0;0;-38,520153;-3,729144
285034;31;5;2016;13:20;19952;AV LUCIANO CARNEIRO;RUA FRANCISCO LORDA;;;;Colisão Lateral;Luz do Dia;Nublado;Seca;Duplo T;Semáforo;Comercial;0;0;2;1;0;0;0;0;0;0;0;0;-38,535431;-3,760835
285027;31;5;2016;12:00;0;AV PRS COSTA E SILVA;;;1900;;Colisão Traseira;Luz do Dia;Nublado;Molhada;Meio de Quadra;Semáforo;Comercial;0;0;2;1;0;0;0;0;0;0;0;0;-38,564409;-3,818193
285031;31;5;2016;11:50;0;AV JOVITA FEITOSA;;;2580;;Colisão Traseira;Luz do Dia;Chuva;Molhada;Meio de Quadra;;Comercial;0;0;2;1;0;0;0;0;0;0;0;0;-38,560434;-3,740651
285023;31;5;2016;08:00;0;AV DA UNIVERSIDADE;;;;;Colisão Traseira;Luz do Dia;Nublado;Seca;Meio de Quadra;Semáforo;Comercial;0;0;2;1;0;0;0;1;0;0;0;0;;
285019;31;5;2016;12:50;6720;RUA CAROLINA SUCUPIRA;AV ENG SANTANA JUNIOR;;;;Colisão Transversal;Luz do Dia;Bom;Seca;Cruz;Não Há Controle;Comercial;0;0;2;0;1;0;0;0;0;1;0;0;-38,488863;-3,74477
300981;31;5;2016;10:34;15189;AV ABOLICAO;RUA FRE MANSUETO;;0;;Colisão Traseira;Luz do Dia;Chuva;Molhada;Não Informado;Semáforo;Comercial;0;0;2;1;0;0;0;0;0;0;0;0;-38,489324;-3,726368
300982;31;5;2016;09:55;25420;AV ALM HENRIQUE SABOIA;RUA PRO SILAS RIBEIRO;;0;;Colisão Traseira;Luz do Dia;Nublado;Molhada;Y;Semáforo;Comercial;0;0;2;1;0;0;0;0;0;0;0;0;;
300983;31;5;2016;15:43;0;AV COS GOMES DE FREITAS (SAPIRANGA/COITE);;;0;;Colisão Transversal;Luz do Dia;Bom;Seca;Meio de Quadra;Semáforo;Comercial;0;0;2;1;0;0;0;0;0;0;0;0;;
300984;31;5;2016;16:08;0;RUA JOSE HIPOLITO;RUA CEL FRANCISCO PEREIRA (MESSEJANA);;0;;Colisão Lateral;Luz do Dia;Não Informado;Seca;T;Não Há Controle;Não Informado;0;0;2;1;1;0;0;0;0;0;0;0;-38,493075;-3,832867
300985;31;5;2016;12:27;9243;AV DOS EXPEDICIONARIOS;AV EDUARDO GIRAO;;0;;Colisão Traseira;Luz do Dia;Chuva;Molhada;Cruz;Semáforo;Comercial;0;0;2;1;0;0;0;0;0;0;0;0;-38,536849;-3,750712
300986;31;5;2016;20:25;23343;AV PONTES VIEIRA;RUA TIBURCIO CAVALCANTE;;0;;Engavetamento;Via Iluminada;Bom;Seca;Cruz;Semáforo;Comercial;0;0;3;1;0;0;0;0;0;0;0;0;-38,507749;-3,752053
300987;31;5;2016;20:00;0;AV ENG SANTANA JUNIOR;;;2591;;Colisão Lateral;Via Iluminada;Bom;Seca;Meio de Quadra;Semáforo;Comercial;0;0;3;1;1;0;0;0;0;0;0;0;;
300988;31;5;2016;20:31;0;RUA BERNARDO MANUEL;;;10241;;Colisão Traseira;Via Iluminada;Bom;Seca;Meio de Quadra;Não Há Controle;Residencial;0;0;2;1;0;0;0;0;0;0;0;0;-38,554535;-3,808857
300989;31;5;2016;17:15;0;RUA TEODORO DE PAIVA;;;120;;Colisão Frontal;Mal Iluminada;Bom;Seca;Meio de Quadra;Não Há Controle;Residencial;0;0;3;1;0;0;0;0;0;0;0;0;;
300990;31;5;2016;21:41;9136;RUA MON OTAVIO CASTRO;RUA BONFIM SOBRINHO;;0;;Colisão Lateral;Via Iluminada;Bom;Seca;Cruz;Semáforo;Comercial;0;0;2;1;1;0;0;0;0;0;0;0;-38,526287;-3,751367
300991;31;5;2016;21:40;6817;RUA FRANCISCO MATOS;RUA BENTO ALBUQUERQUE;;0;;Colisão Lateral;Via Iluminada;Bom;Seca;Cruz;Pare;Residencial;0;0;2;1;0;0;0;0;0;0;0;0;-38,470436;-3,747862
300992;1;6;2016;10:36;0;AV HIS RAIMUNDO GIRAO;;;36;;Colisão Lateral;Não Informado;Bom;Seca;Y;Não Há Controle;Comercial;0;0;2;1;0;0;0;0;0;0;0;0;-38,51525;-3,720345
286003;1;6;2016;08:43;15365;AV SEN VIRGILIO TAVORA;RUA PEREIRA VALENTE;;;;Atropelamento;Luz do Dia;;;Cruz;Semáforo;Comercial;0;1;1;0;0;0;0;0;0;0;0;0;-38,492193;-3,733834
286004;1;6;2016;09:48;0;AV JOAO DE ARAUJO LIMA;;;1631;;Colisão;Luz do Dia;;;Meio de Quadra;;;0;1;1;1;0;0;0;0;0;1;0;0;-38,561249;-3,83602
285974;1;6;2016;12:22;26236;RUA BERNARDO MANUEL;AV DR SILAS MUNGUBA;;;;Colisão;Luz do Dia;;;Cruz;Semáforo;Comercial;0;1;1;1;0;0;0;0;0;1;0;0;-38,54796;-3,787538
285975;1;6;2016;13:03;0;RUA JAIME BENEVOLO;;;898;;Colisão;Luz do Dia;;;Meio de Quadra;;;0;1;1;1;0;0;0;0;0;1;0;0;-38,527986;-3,74002
285976;1;6;2016;14:10;24937;RUA MANUEL TEOFILO;AV DR SILAS MUNGUBA;;;;Queda;Luz do Dia;;;;;;0;1;0;0;0;0;0;0;0;1;0;0;-38,558947;-3,780481
285977;1;6;2016;20:32;0;RUA BRAGANCA;;;1082;;Colisão;Luz do Dia;;;Meio de Quadra;;;0;1;0;0;0;0;0;0;0;0;0;0;-38,597172;-3,783006
285979;1;6;2016;16:58;2652;RUA RAIMUNDO FROTA;RUA AMOR PERFEITO;;;;Colisão;Luz do Dia;;;Cruz;Não Há Controle;Residencial;0;1;1;1;0;0;0;0;0;1;0;0;-38,582332;-3,715156
285972;1;6;2016;17:58;9392;RUA GUILHERME MENDES;RUA GAUDIOSO CARVALHO;;;;Colisão;Anoitecer;;;;;;0;0;2;1;0;0;0;0;0;1;0;0;-38,580255;-3,721279
285961;1;6;2016;11:22;0;AV PRS CASTELO BRANCO;;;;;Queda;Luz do Dia;;;Meio de Quadra;;;0;1;0;0;0;0;0;0;0;1;0;0;;
285970;1;6;2016;12:15;0;AV PERIMETRAL;;;10;;Queda;Luz do Dia;;;Meio de Quadra;;;0;1;0;0;0;0;0;0;0;1;0;0;;
285964;1;6;2016;11:24;0;RUA AMERICO ROCHA LIMA;;;353;;Colisão;Luz do Dia;;;Meio de Quadra;;;0;1;1;1;0;0;0;0;0;1;0;0;-38,578367;-3,79908
285965;1;6;2016;12:10;0;RD BR 116;;;12000;KM-12;Queda;Luz do Dia;;;Meio de Quadra;;;0;1;0;0;0;0;0;0;0;1;0;0;-38,496066;-3,85574
285941;1;6;2016;05:04;0;TR SAO JOAO DO OESTE;;;;;Colisão;Amanhecer;;;Meio de Quadra;;;0;1;1;0;0;0;0;0;0;1;0;0;;
285952;1;6;2016;08:47;0;AV GOV RAUL BARBOSA;;;5444;;Colisão;Luz do Dia;;;Meio de Quadra;;;0;1;1;1;0;0;0;0;0;1;0;0;-38,50919;-3,767192
285953;1;6;2016;09:08;0;RUA EDUARDO PORTO;;;;;Colisão;Luz do Dia;;;Meio de Quadra;;;0;1;1;1;0;0;0;0;0;1;0;0;;
285954;1;6;2016;10:43;0;AV SEN FERNANDES TAVORA;;;;;Atropelamento;Luz do Dia;;;Meio de Quadra;;;0;1;1;1;0;0;0;0;0;0;0;0;;
285955;1;6;2016;10:58;7762;AV ANTONIO SALES;RUA NUNES VALENTE;;;;Colisão;Luz do Dia;;;Cruz;Pare;Comercial;0;1;1;1;0;0;0;0;0;1;0;0;-38,506314;-3,744237
285956;1;6;2016;11:14;0;AV GAL OSORIO DE PAIVA;;;7000;;Colisão;Luz do Dia;;;Meio de Quadra;;;0;1;0;0;0;0;0;0;0;0;0;0;-38,611278;-3,814205
285918;1;6;2016;02:02;0;RUA DOM PEDRO II;;;;;Queda;;;;Meio de Quadra;;;0;1;0;0;0;0;0;0;0;1;0;0;;
285912;1;6;2016;01:54;0;AV PRS CASTELO BRANCO;;;641;PEFOCE;Colisão;;;;Meio de Quadra;;;0;1;1;1;0;0;0;0;0;1;0;0;;
285923;1;6;2016;02:54;0;RUA GAL ALIPIO DOS SANTOS;;;;;Queda;;;;Meio de Quadra;;;0;1;0;0;0;1;0;0;0;0;0;0;;
285920;1;6;2016;02:31;0;RUA SEBASTIAO DE ABREU;;;;;Colisão;;;;Meio de Quadra;;;0;1;1;1;0;0;0;0;0;1;0;0;;
285921;1;6;2016;02:53;0;RUA CARLOS ARAUJO;;;341;;Queda;;;;Meio de Quadra;;;0;1;0;0;0;1;0;0;0;0;0;0;-38,58922;-3,730141
285929;1;6;2016;03:53;0;AV GAL OSORIO DE PAIVA;;;2821;;Colisão;;;;Meio de Quadra;;;0;1;1;1;0;0;0;0;0;1;0;0;-38,585939;-3,788189
285931;1;6;2016;04:12;0;RUA ADOLFO MARINHO (VILA VELHA);;;50;;Queda;;;;Meio de Quadra;;;0;1;0;0;0;0;0;0;0;1;0;0;;
285932;1;6;2016;04:39;0;RUA CASTRO E SILVA;;;;;Queda;;;;Meio de Quadra;;;0;1;0;0;0;0;0;0;0;1;0;0;;
285946;1;6;2016;08:12;0;AV ABOLICAO;;;;;Colisão;Luz do Dia;;;;;;0;1;1;1;0;0;0;0;0;1;0;0;;
285943;1;6;2016;12:50;22008;RUA FRANCISCA CLOTILDE;RUA PDE CICERO;;;;Colisão Transversal;Luz do Dia;Bom;Seca;Cruz;Pare;Residencial;0;1;3;0;0;0;0;0;0;1;0;0;-38,550121;-3,739665
285864;1;6;2016;00:52;0;RUA TEODOMIRO DE CASTRO;;;388;;Colisão;;;;Meio de Quadra;;;0;1;2;1;0;1;0;0;0;0;0;0;;
285859;1;6;2016;00:09;0;AV JOSE LEON;;;1861;;Queda;;;;Meio de Quadra;;;0;1;0;0;0;0;0;0;0;1;0;0;-38,495633;-3,789366
285861;1;6;2016;00:46;0;AV WASHINGTON SOARES;;;8300;;Colisão;;;;Meio de Quadra;;;0;1;1;1;0;1;0;0;0;0;0;0;-38,481363;-3,824273
285862;1;6;2016;00:51;0;RUA MARTINS CARVALHO;;;976;;Queda;;;;Meio de Quadra;;;0;1;0;0;0;0;0;0;0;1;0;0;-38,603939;-3,795385
293017;1;6;2016;19:40;0;AV DR THEBERGE;;;2502;;Colisão;;;;Meio de Quadra;;;0;1;1;0;0;0;0;0;0;1;0;0;-38,568045;-3,724101
284980;1;6;2016;20:00;0;RUA SEN POMPEU;;;1867;;Acidente Pessoal;Luz do Dia;Bom;Seca;Meio de Quadra;Não Há Controle;Comercial;0;0;2;1;0;0;0;0;0;0;0;0;-38,532099;-3,735098
284964;1;6;2016;17:05;7762;AV ANTONIO SALES;RUA NUNES VALENTE;;;;Colisão Lateral;Anoitecer;Bom;Seca;Cruz;Pare;Comercial;0;2;0;0;0;0;0;0;0;1;0;0;-38,506314;-3,744237
284966;1;6;2016;08:00;0;RUA PRO HERIBALDO COSTA;;;1168;;Colisão Traseira;Luz do Dia;Bom;Seca;Meio de Quadra;Outros;Residencial;0;1;1;1;0;0;0;0;0;1;0;0;-38,585317;-3,762778
284969;1;6;2016;09:30;0;AV PRO GOMES DE MATOS;;;1598;;Colisão Transversal;Luz do Dia;Bom;Seca;Meio de Quadra;Não Há Controle;Comercial;0;0;2;1;0;0;0;0;0;0;0;0;-38,549587;-3,765775
284978;1;6;2016;10:00;3376;AV ENG HUMBERTO MONTE;RUA CEL NUNES DE MELO;;;;Colisão Transversal;Luz do Dia;Bom;Seca;Cruz;Pare;Residencial;0;0;2;1;0;0;0;0;0;0;0;0;-38,55694;-3,753384
285096;1;6;2016;14:30;1458;RUA CEL LINHARES;RUA DES LEITE ALBUQUERQUE;;;;Colisão Transversal;Luz do Dia;Bom;Seca;Cruz;Pare;Residencial;0;0;2;1;0;0;1;0;0;0;0;0;-38,494769;-3,738494
285097;1;6;2016;09:00;16051;AV GODOFREDO MACIEL;RUA OSCAR BENEVIDES;;;;Colisão Traseira;Luz do Dia;Bom;Seca;T;Não Há Controle;Comercial;0;0;2;1;0;0;0;1;0;0;0;0;-38,574179;-3,810087
285098;1;6;2016;02:18;0;RUA BENTO ALBUQUERQUE;;;;;Tombamento;Via Iluminada;Bom;Seca;Meio de Quadra;Não Há Controle;Residencial;0;0;1;0;0;0;1;0;0;0;0;0;;
285094;1;6;2016;13:40;1534;RUA MON CATAO;RUA EDUARDO GARCIA;;;;Colisão Transversal;Luz do Dia;Bom;Seca;Cruz;Pare;Residencial;0;0;2;1;0;0;0;0;0;0;0;0;-38,491196;-3,740726
285092;1;6;2016;07:43;0;AV ANTONIO SALES;;;;;Engavetamento;Luz do Dia;Bom;Seca;Meio de Quadra;Não Há Controle;Residencial;0;0;3;1;0;0;0;0;0;0;0;0;;
285100;1;6;2016;08:00;0;AV BORGES DE MELO;;;;;Colisão Traseira;Luz do Dia;Bom;Seca;Meio de Quadra;Semáforo;Outros;0;0;2;1;0;0;0;0;0;0;0;0;;
285073;1;6;2016;19:10;15170;RUA JOSE VILAR;AV ABOLICAO;;;;Colisão Transversal;Via Iluminada;Bom;Seca;Cruz;Pare;Residencial;0;0;2;1;1;0;0;0;0;0;0;0;-38,501373;-3,725435
285074;1;6;2016;18:00;15170;RUA JOSE VILAR;AV ABOLICAO;;;;Colisão Transversal;Via Iluminada;Bom;Seca;Cruz;Pare;Residencial;0;0;2;1;1;0;0;0;0;0;0;0;-38,501373;-3,725435
285070;1;6;2016;10:35;0;AV HIS RAIMUNDO GIRAO;;;821;;Colisão Lateral;Luz do Dia;Bom;Seca;Outros;Não Há Controle;Comercial;0;0;2;1;0;0;1;0;0;0;0;0;;
285071;1;6;2016;06:20;19377;RUA GERMANO FRANCK;RUA EDUARDO PERDIGAO;;;;Colisão Lateral;Luz do Dia;Bom;Seca;Cruz;Semáforo;Comercial;0;0;2;0;0;0;0;0;0;1;0;0;-38,562542;-3,777704
285068;1;6;2016;22:30;0;AV PRS COSTA E SILVA;;;2342;;Colisão Lateral;Via Iluminada;Bom;Seca;Meio de Quadra;Não Há Controle;Residencial;0;0;2;1;0;0;0;0;0;0;0;0;-38,560814;-3,819919
285089;1;6;2016;16:10;7812;RUA JULIO SIQUEIRA;RUA JOAQUIM NABUCO;;;;Colisão Transversal;Luz do Dia;Bom;Seca;Cruz;Pare;Comercial;0;0;2;1;0;0;0;0;0;0;0;0;-38,506154;-3,750442
285076;1;6;2016;01:06;19667;AV BEZERRA DE MENEZES;RUA ERETIDES MARTINS;;;;Colisão Lateral;Via Iluminada;Bom;Seca;Cruz;Semáforo;Comercial;0;1;1;0;1;0;0;0;0;1;0;0;-38,557568;-3,734232
285079;1;6;2016;12:15;7002;AV CONTORNO NORTE D71;AV F CJ ESPERANCA;;;;Colisão Traseira;Luz do Dia;Bom;Seca;Outros;Pare;Residencial;0;0;2;1;0;0;0;0;0;0;0;0;-38,586267;-3,815087
285080;1;6;2016;17:10;17892;AV PRS COSTA E SILVA;AV SAUDADE D68;;;;Colisão Transversal;Luz do Dia;Bom;Seca;T;Não Há Controle;Comercial;0;1;1;0;0;0;0;0;0;1;0;0;-38,543737;-3,824654
284889;1;6;2016;13:37;15175;AV ABOLICAO;RUA NUNES VALENTE;;;;Colisão Traseira;Luz do Dia;Bom;Seca;Cruz;Semáforo Intermitente;Residencial;0;1;1;1;0;0;0;0;0;1;0;0;-38,500384;-3,72575
284890;1;6;2016;07:05;0;AV DOS EXPEDICIONARIOS;;;;;Colisão Traseira;Luz do Dia;;;Meio de Quadra;;;0;0;2;1;0;0;0;0;0;0;0;0;;
288131;1;6;2016;22:27;0;RUA RAIMUNDO FROTA;;;188;;Colisão Transversal;Via Iluminada;Bom;Seca;Meio de Quadra;Não Há Controle;Residencial;0;0;2;0;0;0;0;0;0;1;0;0;-38,582776;-3,715116
288132;1;6;2016;22:29;0;AV PERIMETRAL;;;2342;;Colisão;;;;Meio de Quadra;;;0;1;0;0;0;0;0;0;0;0;0;0;;
288117;1;6;2016;16:47;0;RUA SEN POMPEU;;;;;Colisão;Luz do Dia;;;Meio de Quadra;;;0;0;1;0;0;0;0;0;0;0;0;0;;
288118;1;6;2016;17:01;0;AV SEN FERNANDES TAVORA;;;;;Colisão;Anoitecer;;;Meio de Quadra;;;0;0;1;0;0;0;0;0;0;0;0;0;;
288119;1;6;2016;17:16;25046;RUA AMERICO ROCHA LIMA;RUA FERNANDO FARIAS DE MELO (MANUEL SÁTIRO);;;;Colisão Transversal;Via Iluminada;Bom;Seca;Cruz;Não Há Controle;Residencial;0;1;3;0;0;0;0;0;0;1;0;0;-38,578449;-3,79908
288120;1;6;2016;17:34;23470;RUA PAULO FIRMEZA;RUA FRE VIDAL;;;;Colisão;Anoitecer;;;Cruz;Pare;Residencial;0;0;1;0;0;0;0;0;0;0;0;0;-38,517454;-3,757586
288121;1;6;2016;18:01;0;RUA CON DE CASTRO;;;8696;;Colisão;Anoitecer;;;Meio de Quadra;;;0;0;1;0;0;0;0;0;0;0;0;0;-38,604121;-3,821182
288122;1;6;2016;18:38;0;AV AGUANAMBI;;;;;Colisão;;;;Meio de Quadra;;;0;0;1;0;0;0;0;0;0;0;0;0;;
288123;1;6;2016;18:45;25219;RUA MARIA JULIA ROCHA;RUA PEDRO MARTINS;;;;Colisão;;;;Cruz;Pare;Residencial;0;0;1;0;0;0;0;0;0;0;0;0;;
288124;1;6;2016;21:27;0;AV PRS CASTELO BRANCO;;;2127;;Colisão;;;;Meio de Quadra;;;0;0;1;0;0;0;0;0;0;0;0;0;-38,547034;-3,714264
288125;1;6;2016;18:50;0;RUA PDE CICERO;;;;;Colisão;;;;Meio de Quadra;;;0;0;1;0;0;0;0;0;0;0;0;0;;
288126;1;6;2016;18:54;0;AV PDE ANTONIO TOMAS;;;;;Choque c/ Obstáculo Fixo;;;;Meio de Quadra;;;0;0;1;0;0;0;0;0;0;0;0;0;;
288127;1;6;2016;19:18;20112;RUA MENOR JERONIMO;RUA ANTONIO JURACY RICARTY;;;;Colisão Lateral;Via Iluminada;Bom;Seca;T;Não Há Controle;Residencial;0;0;4;1;1;0;0;0;0;0;0;0;-38,541575;-3,809409