COD_ACIDENTE;DIA;MES;ANO;HORA;INTERSECAO;LOG1;LOG2;LOG3;NUMERO;REFERENCIA;NATUREZA;ILUMINACAO;TEMPO;SUPERFICIEPISTA;TIPOCRUZAMENTO;CONTROLETRAFEGO;USOSOLO;MORTOS;FERIDOS;ILESOS;AUTOMOVEL;ONIBUS;BICICLETA;CAMINHAO;MICROONIBUS;CICLOMOTOR;MOTOCICLETA;TRACAOANIMAL;TREM;LONG;LAT
288128;1;6;2016;19:55;0;RUA JOAQUIM LEITAO;;;199;;Colisão;;;;Meio de Quadra;;;0;0;1;0;0;0;0;0;0;0;0;0;;
288129;1;6;2016;20:10;581;AV PASTEUR;AV FRANCISCO SA;;;;Colisão;;;;Cruz;;Comercial;0;0;1;0;0;0;0;0;0;0;0;0;-38,560567;-3,716325
288101;1;6;2016;12:20;0;AV ENG HUMBERTO MONTE;;;;;Colisão;Luz do Dia;;;Meio de Quadra;;;0;1;0;0;0;0;0;0;0;0;0;0;;
288102;1;6;2016;12:27;0;AV JOSE BASTOS;;;5409;;Colisão;Luz do Dia;;;Meio de Quadra;;;0;0;1;0;0;0;0;0;0;0;0;0;-38,563658;-3,759298
288095;1;6;2016;11:10;15801;RUA PERGENTINO MAIA;RUA CEL ERNESTO MATOS;;;;Colisão;Luz do Dia;;;Cruz;Pare;Comercial;0;0;2;0;0;0;0;0;0;0;0;0;-38,489871;-3,831264
288097;1;6;2016;11:14;1273;AV SANTOS DUMONT;RUA DR JOSE LOURENCO;;;;Colisão Transversal;Luz do Dia;Bom;Seca;Cruz;Pare;Comercial;0;0;2;0;1;0;0;0;0;0;0;0;-38,50738;-3,733299
288098;1;6;2016;11:44;0;AV JOSE BASTOS;;;3511;;Colisão;Luz do Dia;;;Meio de Quadra;;;0;0;1;0;0;0;0;0;0;0;0;0;;
288099;1;6;2016;12:14;1273;AV SANTOS DUMONT;RUA DR JOSE LOURENCO;;;;Colisão;Luz do Dia;;;Cruz;Pare;Comercial;0;0;1;0;0;0;0;0;0;0;0;0;-38,50738;-3,733299
288105;1;6;2016;12:50;0;AV PRO GOMES DE MATOS;;;1243;;Colisão;Luz do Dia;;;Meio de Quadra;;;0;0;1;0;0;0;0;0;0;0;0;0;-38,547388;-3,763228
288106;1;6;2016;13:26;0;RUA DES OTACILIO PEIXOTO;;;791;;Colisão;Luz do Dia;;;Meio de Quadra;;;0;0;1;0;0;0;0;0;0;0;0;0;;
288107;1;6;2016;13:48;3768;AV DOMINGOS OLIMPIO;AV TRISTAO GONCALVES;;;;Colisão;Luz do Dia;;;Cruz;Semáforo;Comercial;0;1;0;0;0;0;0;0;0;0;0;0;-38,535613;-3,735133
288108;1;6;2016;13:58;19360;AV GODOFREDO MACIEL;RUA EDUARDO PERDIGAO;;;;Colisão;Luz do Dia;;;Cruz;Pare;Comercial;0;0;2;0;1;0;0;0;0;0;0;0;-38,563845;-3,776654
288109;1;6;2016;14:00;0;AV ABOLICAO;;;2075;;Colisão;Luz do Dia;;;Meio de Quadra;;;0;0;1;0;0;0;0;0;0;0;0;0;-38,500305;-3,725775
288110;1;6;2016;14:20;0;AV ROGACIANO LEITE;;;2138;;Colisão;Luz do Dia;;;Meio de Quadra;;;0;0;1;0;0;0;0;0;0;0;0;0;-38,498961;-3,773338
288111;1;6;2016;14:21;15099;RUA JOAO CORDEIRO;AV BEIRA MAR;;;;Colisão;Luz do Dia;;;T;Pare;Comercial;0;0;1;0;0;0;0;0;0;0;0;0;-38,51141;-3,720256
288112;1;6;2016;14:48;19663;AV BEZERRA DE MENEZES;RUA COS ALVARO DE OLIVEIRA;;;;Colisão;Luz do Dia;;;Cruz;Pare;Comercial;0;0;1;0;0;0;0;0;0;0;0;0;-38,55657;-3,734032
288113;1;6;2016;15:22;0;RUA TEN JURANDIR ALENCAR;;;178;;Colisão Lateral;Luz do Dia;Bom;Seca;Meio de Quadra;Não Há Controle;Comercial;0;0;4;1;1;0;0;0;0;0;0;0;-38,49369;-3,8317
288114;1;6;2016;15:51;11761;RUA JACINTO MATOS;AV PRS CASTELO BRANCO;;;;Colisão;Luz do Dia;;;T;Semáforo;Comercial;0;0;1;0;0;0;0;0;0;0;0;0;-38,546333;-3,71463
288115;1;6;2016;16:27;0;AV SANTOS DUMONT;;;3736;;Colisão;Luz do Dia;;;Meio de Quadra;;;0;0;1;0;0;0;0;0;0;0;0;0;-38,491055;-3,738587
288091;1;6;2016;10:58;9595;RUA LONDRINA;RUA SAO LUIZ DO OESTE;;;;Colisão;Luz do Dia;;;Cruz;Não Há Controle;Residencial;0;0;2;0;0;0;0;0;0;0;0;0;-38,609308;-3,779347
288092;1;6;2016;09:59;0;AV ALM BARROSO;;;835;;Colisão;Luz do Dia;;;Meio de Quadra;;;0;0;1;0;0;0;0;0;0;0;0;0;-38,51561;-3,720243
288084;1;6;2016;10:46;0;RUA CASTRO E SILVA;;;;;Colisão;Luz do Dia;;;Meio de Quadra;;;0;0;1;0;0;0;0;0;0;0;0;0;;
288085;1;6;2016;10:52;0;RUA FRANCA;;;;;Colisão;Luz do Dia;;;Meio de Quadra;;;0;0;1;0;0;0;0;0;0;0;0;0;;
288071;1;6;2016;06:56;0;RUA TEODOMIRO DE CASTRO;;;4431;;Atropelamento;Luz do Dia;Bom;Seca;Cruz;Pare;Comercial;0;1;2;0;0;0;0;0;0;1;0;0;-38,572488;-3,718678
288078;1;6;2016;09:38;5436;RUA JAIME BENEVOLO;RUA GAL CLARINDO DE QUEIROZ;;;;Colisão;Luz do Dia;;;Cruz;Pare;Comercial;0;0;1;0;0;0;0;0;0;0;0;0;-38,526017;-3,73406
288080;1;6;2016;09:45;246;AV JOVITA FEITOSA;RUA DOM LINO;;;;Colisão;Luz do Dia;;;Cruz;Semáforo;Residencial;0;0;1;0;0;0;0;0;0;0;0;0;-38,556413;-3,73985
288081;1;6;2016;09:59;0;AV ALM BARROSO;;;835;;Colisão;Luz do Dia;;;Meio de Quadra;;;0;0;2;0;0;0;0;0;0;0;0;0;-38,51561;-3,720243
288082;1;6;2016;10:02;26268;RUA PDE BARBOSA DE JESUS;RUA COS TRISTAO;;;;Colisão Transversal;Luz do Dia;Bom;Seca;Cruz;Pare;Residencial;0;0;4;0;0;0;0;0;0;0;0;0;-38,52989;-3,748501
288064;1;6;2016;06:22;11932;AV PRS COSTA E SILVA;AV CASTELO DE CASTRO;;;;Colisão;Luz do Dia;;;Cruz;Semáforo;Misto;0;0;2;0;0;0;0;0;0;0;0;0;;
288075;1;6;2016;08:50;3245;RUA SOUSA CARVALHO;RUA ANSELMO NOGUEIRA;;;;Colisão;Luz do Dia;;;Cruz;Pare;Residencial;0;0;2;0;0;0;0;0;0;0;0;0;-38,587948;-3,783796
288060;1;6;2016;00:43;0;AV JOSE LEON;;;;;Colisão;;;;Meio de Quadra;;;0;0;1;0;0;0;0;0;0;0;0;0;;
288061;1;6;2016;06:14;5423;RUA SOLON PINHEIRO;RUA GAL CLARINDO DE QUEIROZ;;;;Colisão Transversal;Luz do Dia;Bom;Seca;Cruz;Semáforo;Comercial;0;1;3;1;1;0;0;0;0;0;0;0;-38,527353;-3,733626
287478;1;6;2016;17:30;0;RD BR 116;;;0;KM-11;Queda;Anoitecer;Bom;Seca;Meio de Quadra;;;0;1;0;0;0;0;0;0;0;1;0;0;-38,49672673;-3,848173913
286791;1;6;2016;09:40;261;AV JOVITA FEITOSA;RUA PRO LINO ENCARNACAO;;;;Colisão Transversal;Luz do Dia;;;Cruz;Semáforo Intermitente;Residencial;0;1;1;1;0;0;0;0;0;1;0;0;-38,560746;-3,74072
286180;1;6;2016;17:30;0;RD CE-040;;;;KM-02;Colisão;Anoitecer;Bom;Seca;Meio de Quadra;;;0;0;2;1;0;0;1;0;0;0;0;0;-38,482583;-3,76465
286175;1;6;2016;08:15;0;RD CE-040;;;;KM-01;Colisão;Luz do Dia;Bom;Seca;Meio de Quadra;;;0;0;2;0;0;0;0;0;0;1;0;0;-38,48666;-3,758119
286176;1;6;2016;14:10;0;AV SEN CARLOS JEREISSATI (AEROPORTO);;;;KM 01;Colisão;Luz do Dia;Bom;Seca;Meio de Quadra;;;0;0;2;1;0;0;0;0;0;0;0;0;-38,52685;-3,783753
286177;1;6;2016;16:40;0;AV MIN JOSE AMERICO;;;;;Colisão;Luz do Dia;Bom;Seca;Meio de Quadra;;;0;0;2;1;0;0;0;0;0;1;0;0;;
286181;2;6;2016;01:25;0;RD CE-025;;;;;Capotamento;;Bom;Seca;Meio de Quadra;;;0;0;1;1;0;0;0;0;0;0;0;0;;
287471;2;6;2016;16:00;0;RD BR 116;;;0;KM-07;Colisão Traseira;Luz do Dia;Bom;Seca;Meio de Quadra;;;0;0;2;0;0;0;1;0;0;0;0;0;-38,50135403;-3,814567428
287086;2;6;2016;05:00;0;RD BR 116;;;0;KM-01;Tombamento;Amanhecer;Bom;Seca;Meio de Quadra;;;0;0;1;0;0;0;0;0;0;1;0;0;-38,51861693;-3,7628504
288133;2;6;2016;06:58;0;AV ENG SANTANA JUNIOR;;;2654;;Colisão;Luz do Dia;;;Meio de Quadra;;;0;0;1;0;0;0;0;0;0;0;0;0;-38,488809;-3,744708
288135;2;6;2016;07:22;8025;RUA PRO COSTA MENDES;AV JOAO PESSOA;;;;Colisão;Luz do Dia;;;Cruz;Semáforo;Comercial;0;0;1;0;0;0;0;0;0;0;0;0;-38,549441;-3,752393
288136;2;6;2016;07:29;8647;AV EDILSON B SOARES;RUA PRO SOLON FARIAS;;;;Colisão;Luz do Dia;;;Cruz;Pare;Residencial;0;0;1;0;0;0;0;0;0;0;0;0;-38,477116;-3,789155
288137;2;6;2016;07:34;0;AV ALBERTO CRAVEIRO;;;2650;;Colisão;Luz do Dia;;;Meio de Quadra;;;0;0;1;0;0;0;0;0;0;0;0;0;-38,521477;-3,803129
288144;2;6;2016;09:25;0;AV ENG SANTANA JUNIOR;;;;;Colisão;Luz do Dia;;;Meio de Quadra;;;0;0;2;0;0;0;0;0;0;0;0;0;;
288145;2;6;2016;09:52;17369;RUA ELVIRA PINHO;RUA JOAO FIRMINO;;;;Colisão Transversal;Luz do Dia;Bom;Seca;Cruz;Pare;Residencial;0;0;3;1;0;0;0;0;0;0;0;0;-38,556968;-3,766492
288142;2;6;2016;08:14;0;RUA DR CATUNDA GONDIM;;;438;;Colisão Lateral;Luz do Dia;Bom;Seca;Meio de Quadra;Não Há Controle;Comercial;0;1;3;0;1;0;0;0;0;0;0;0;;
287570;2;6;2016;15:00;0;RD BR 222;;;;KM-01;Colisão Traseira;Luz do Dia;Bom;Seca;Meio de Quadra;;;0;0;2;1;1;0;0;0;0;0;0;0;-38,578147;-3,737698
288322;2;6;2016;17:19;0;RUA FRANCISCO GLICERIO;;;400;;Colisão Lateral;Anoitecer;Bom;Seca;Meio de Quadra;Não Há Controle;Residencial;0;0;4;0;1;0;0;0;0;0;0;0;-38,565241;-3,797357
288310;2;6;2016;14:33;14967;AV GODOFREDO MACIEL;RUA JULIO ALCIDES;;;;Colisão;Luz do Dia;;;T;Outros;Outros;0;0;2;1;0;0;0;0;0;0;0;0;-38,566785;-3,787856
288300;2;6;2016;12:34;0;AV PRS CASTELO BRANCO;;;;;Colisão;Luz do Dia;;;Meio de Quadra;;;0;0;1;0;0;0;0;0;0;0;0;0;;
288301;2;6;2016;13:11;1289;RUA SILVA PAULET;AV SANTOS DUMONT;;;;Colisão;Luz do Dia;;;Cruz;Pare;Comercial;0;0;1;0;0;0;0;0;0;0;0;0;-38,505258;-3,733985
288302;2;6;2016;13:14;0;AV CASTELO DE CASTRO;;;486;;Colisão;Luz do Dia;;;Meio de Quadra;;;0;0;1;0;0;0;0;0;0;0;0;0;-38,521578;-3,833606
288303;2;6;2016;13:15;0;AV BORGES DE MELO;;;;;Colisão;Luz do Dia;;;Meio de Quadra;;;0;0;1;0;0;0;0;0;0;0;0;0;;
288292;2;6;2016;09:53;0;RUA CON DE CASTRO;;;8486;;Colisão;Luz do Dia;;;Meio de Quadra;;;0;0;1;0;0;0;0;0;0;0;0;0;-38,602537;-3,819251
288294;2;6;2016;10:46;24969;AV PDE ANTONIO TOMAS;AV ALM HENRIQUE SABOIA;;;;Colisão;Luz do Dia;;;Cruz;Semáforo;Comercial;0;0;2;0;1;0;0;0;0;0;0;0;-38,489455;-3,743493
288349;2;6;2016;21:43;0;RUA ALBERTO MAGNO;;;18;;Colisão;;;;Meio de Quadra;;;0;0;1;0;0;0;0;0;0;0;0;0;-38,540716;-3,754299
288350;2;6;2016;22:23;7645;RUA ESTADO DO RIO;RUA PERNAMBUCO;;;;Colisão;;;;Cruz;Pare;Misto;0;0;1;0;0;0;0;0;0;0;0;0;-38,570848;-3,758439
288351;2;6;2016;22:32;10066;RUA HUMBERTO LOMEU;RUA ANTONIO NERY;;;;Colisão;;;;Cruz;Não Há Controle;Residencial;0;0;1;0;0;0;0;0;0;0;0;0;-38,601352;-3,782337
288329;2;6;2016;17:56;0;AV AGUANAMBI;;;2280;;Colisão Transversal;Luz do Dia;Bom;Seca;Outros;Não Há Controle;Residencial;0;0;4;1;0;0;0;0;0;1;0;0;-38,52354;-3,757408
288298;2;6;2016;11:38;4193;AV FRANCISCO SA;RUA DOM HELIO CAMPOS D21;;;;Colisão;Luz do Dia;;;T;Pare;Comercial;0;0;1;0;0;0;0;0;0;0;0;0;-38,556428;-3,717711
288317;2;6;2016;16:27;0;RUA SEN POMPEU;;;;;Colisão;Luz do Dia;;;Meio de Quadra;;;0;0;1;0;0;0;0;0;0;0;0;0;;
288305;2;6;2016;13:41;0;AV SEN VIRGILIO TAVORA;;;840;;Colisão;Luz do Dia;;;Meio de Quadra;;;0;0;1;0;0;0;0;0;0;0;0;0;-38,492299;-3,734173
288312;2;6;2016;15:46;0;AV GAL OSORIO DE PAIVA;;;1278;;Colisão;Luz do Dia;;;Meio de Quadra;;;0;0;1;0;0;0;0;0;0;0;0;0;-38,573238;-3,77987
288313;2;6;2016;16:00;19540;RUA JULIO GASPAR;RUA CASIMIRO DE ABREU;;;;Colisão Transversal;Luz do Dia;Bom;Seca;Cruz;Pare;Residencial;0;1;3;1;1;0;0;0;0;0;0;0;-38,563108;-3,782426
288324;2;6;2016;17:20;0;AV PRS JUSCELINO KUBITSCHEK (PASSARÉ);;;;;Colisão;Anoitecer;;;Meio de Quadra;;;0;0;1;0;0;0;0;0;0;0;0;0;;
288325;2;6;2016;17:25;12883;RUA COS TRISTAO;RUA JOAQUIM MAGALHAES;;;;Colisão;Anoitecer;;;Cruz;Pare;Residencial;0;0;2;0;0;0;0;0;0;0;0;0;-38,527096;-3,740231
288331;2;6;2016;18:39;13526;RUA BAR ARACATI;RUA PDE CHEVALIER;;;;Colisão Transversal;Via Iluminada;Bom;Seca;Cruz;Não Há Controle;Comercial;0;1;2;1;0;0;0;0;0;0;0;0;-38,516698;-3,747444
288332;2;6;2016;18:58;0;AV PRS JUSCELINO KUBITSCHEK (PASSARÉ);;;;;Colisão;;;;Meio de Quadra;;;0;0;1;0;0;0;0;0;0;0;0;0;;
288333;2;6;2016;19:31;0;AV AGUANAMBI;;;2280;;Colisão;;;;Meio de Quadra;;;0;0;1;0;0;0;0;0;0;0;0;0;-38,52354;-3,757408
288341;2;6;2016;20:05;735;AV DR THEBERGE;AV TEN LISBOA;;;;Colisão;;;;Cruz;Pare;Comercial;0;0;1;0;0;0;0;0;0;0;0;0;-38,566942;-3,720711
288347;2;6;2016;21:18;0;RUA JOAQUIM NABUCO;;;133;;Colisão Lateral;Via Iluminada;Bom;Seca;Meio de Quadra;Pare;Lazer;0;1;3;1;0;0;0;0;0;0;0;0;-38,498364;-3,726149
285101;2;6;2016;10:40;3863;AV 13 DE MAIO;RUA SEN POMPEU;;;;Engavetamento;Luz do Dia;Bom;Seca;Cruz;Semáforo;Comercial;0;0;3;1;0;0;0;0;0;0;0;0;-38,534969;-3,744515
285103;2;6;2016;08:15;0;AV GODOFREDO MACIEL;;;;;Colisão Lateral;Luz do Dia;Bom;Seca;Meio de Quadra;Não Há Controle;Comercial;0;1;2;0;0;0;0;0;0;1;0;0;;
285110;2;6;2016;14:40;12849;RUA ASSUNCAO;RUA SALDANHA MARINHO;;;;Colisão Transversal;Luz do Dia;Bom;Seca;Cruz;Pare;Residencial;0;1;1;0;0;0;0;0;0;1;0;0;-38,531231;-3,742314
285130;2;6;2016;10:10;0;AV PRS COSTA E SILVA;;;;;Colisão Traseira;Luz do Dia;Bom;Seca;Meio de Quadra;Não Há Controle;Comercial;0;0;2;1;0;0;0;0;0;0;0;0;;
285119;2;6;2016;13:30;5269;AV DUQ CAXIAS;RUA PDE IBIAPINA;;;;Colisão Traseira;Luz do Dia;Bom;Seca;Cruz;Semáforo;Comercial;0;0;2;1;0;0;0;0;0;0;0;0;-38,540226;-3,728446
285117;2;6;2016;19:30;0;AV ABOLICAO;;;1888;;Colisão Lateral;Via Iluminada;Bom;Seca;Meio de Quadra;;Residencial;0;0;2;1;0;0;1;0;0;0;0;0;-38,502333;-3,725135
285106;2;6;2016;08:50;16051;AV GODOFREDO MACIEL;RUA OSCAR BENEVIDES;;;;Colisão Lateral;Luz do Dia;Bom;Seca;T;Semáforo;Comercial;0;1;1;1;0;0;0;0;0;1;0;0;-38,574179;-3,810087
285114;2;6;2016;10:00;0;AV JOR THOMAZ COELHO;;;263;;Choque c/ Obstáculo Fixo;;Bom;;Meio de Quadra;;;0;0;1;0;0;0;0;0;0;0;0;0;;
285137;2;6;2016;09:50;23889;AV PRO MURILO DA SILVEIRA;RUA OLIVEIRA FILHO;;;;Colisão Lateral;Luz do Dia;Bom;Seca;Cruz;Não Há Controle;Residencial;0;0;2;0;1;0;0;0;0;1;0;0;-38,465091;-3,724546
285126;2;6;2016;19:20;2205;AV CEL CARVALHO;LOGRADOURO SEM NOME;;;;Colisão;;Bom;Seca;Cruz;Pare;Residencial;0;0;2;1;0;0;0;0;0;1;0;0;;
285145;2;6;2016;12:00;0;AV HERACLITO GRACA;;;362;;Colisão Lateral;Luz do Dia;Bom;Seca;Meio de Quadra;Semáforo;Residencial;0;0;2;1;0;0;0;0;0;0;0;0;-38,521391;-3,734508
285146;2;6;2016;14:50;1409;RUA ILDEFONSO ALBANO;RUA JAGUARETAMA;;;;Colisão Lateral;Luz do Dia;Bom;Seca;T;Pare;Residencial;0;0;2;1;0;0;0;0;0;1;0;0;-38,514726;-3,737302
285147;2;6;2016;14:00;23371;RUA FRE VIDAL;RUA EDUARDO BEZERRA;;;;Engavetamento;Luz do Dia;Bom;Seca;T;Dê Preferência;Outros;0;0;3;1;0;0;0;0;0;0;0;0;-38,518044;-3,754266
285143;2;6;2016;06:50;0;RUA WALDIR DIOGO;;;;;Colisão Lateral;Luz do Dia;Bom;Seca;Meio de Quadra;Pare;Comercial;0;0;2;1;0;0;0;0;0;0;0;0;;
293022;2;6;2016;01:50;21913;RUA IPIRANGA D29;RUA BAIXA DO MILAGRE;;;;Choque c/ Obstáculo Fixo;;;;;;;0;0;1;0;0;0;0;0;0;0;0;0;;
293028;2;6;2016;15:30;0;RD CE-040;;;;KM-10;Colisão;Luz do Dia;;;Meio de Quadra;;;0;1;1;1;0;0;0;0;0;1;0;0;-38,482466;-3,834451
285981;2;6;2016;00:41;0;RD BR 116;;;;;Queda;;;;Meio de Quadra;;;0;1;0;0;0;0;0;0;0;1;0;0;;
285982;2;6;2016;00:56;0;AV MR HULL;;;;;Colisão;;;;Meio de Quadra;;;0;1;1;1;0;0;0;0;0;1;0;0;;
285986;2;6;2016;01:50;7998;RUA WALDERY UCHOA;RUA JOAO SORONGO;;;;Queda;;;;;;;0;1;0;0;0;0;0;0;0;1;0;0;-38,544382;-3,750156
285984;2;6;2016;01:02;1654;RUA BENI DE CARVALHO;AV SEN VIRGILIO TAVORA;;;;Queda;;;;Cruz;Semáforo;Comercial;0;1;0;0;0;0;0;0;0;1;0;0;-38,495995;-3,745678
286006;2;6;2016;09:55;0;AV PERIMETRAL;;;700;;Colisão;Luz do Dia;;;Meio de Quadra;;;0;1;1;1;0;0;0;0;0;1;0;0;;
286007;2;6;2016;10:02;0;AV GODOFREDO MACIEL;;;;;Queda;Luz do Dia;;;Meio de Quadra;;;0;1;0;0;0;0;0;0;0;1;0;0;;
286008;2;6;2016;10:40;1576;AV PDE ANTONIO TOMAS;RUA CEL JUCA;;;;Colisão;Luz do Dia;;;Cruz;Semáforo;Misto;0;0;2;1;1;0;0;0;0;0;0;0;-38,492803;-3,742392
286009;2;6;2016;11:09;0;RUA BAR ARACATI;;;1366;;Colisão;Luz do Dia;;;Meio de Quadra;;;0;1;1;1;0;0;0;0;0;1;0;0;-38,512085;-3,733352
286010;2;6;2016;12:49;0;AV PERIMETRAL;;;3020;;Queda;Luz do Dia;;;Meio de Quadra;;;0;1;0;0;0;0;0;0;0;1;0;0;;
286011;2;6;2016;13:40;5146;RUA GUILHERME ROCHA;RUA PRC ISABEL;;;;Colisão;Luz do Dia;;;Cruz;Pare;Comercial;0;1;0;0;0;0;0;0;0;0;0;0;-38,534931;-3,72472
286012;2;6;2016;13:56;0;RUA GOIABEIRAS;;;190;;Colisão;Luz do Dia;;;Meio de Quadra;;;0;2;0;0;0;0;0;0;0;0;0;0;-38,475049;-3,749909
286013;2;6;2016;14:13;0;AV PRS JUSCELINO KUBITSCHEK (PASSARÉ);;;5471;;Colisão Lateral;Mal Iluminada;Bom;Seca;Meio de Quadra;Não Há Controle;Não Informado;0;1;3;1;0;0;0;0;0;1;0;0;-38,537324;-3,823873
286014;2;6;2016;14:15;12666;AV CEL CARVALHO;RUA ROSINHA SAMPAIO;;;;Colisão;Luz do Dia;;;Cruz;Pare;Comercial;0;1;2;1;0;0;0;0;0;1;0;0;-38,585413;-3,726938
286015;2;6;2016;17:40;0;AV DEP PAULINO ROCHA;;;40;;Colisão Transversal;Anoitecer;Bom;Seca;Meio de Quadra;Não Há Controle;Comercial;0;2;2;1;0;0;0;0;0;1;0;0;-38,50733;-3,801112
286016;2;6;2016;14:51;0;RUA PRO GOMES BRASIL;;;;;Colisão;Luz do Dia;;;Meio de Quadra;;;0;1;1;1;0;0;0;0;0;1;0;0;;
286018;2;6;2016;15:30;15834;RUA TEN JURANDIR ALENCAR;RUA CEL FRANCISCO PEREIRA (MESSEJANA);;;;Colisão;Luz do Dia;;;Cruz;Semáforo Intermitente;Comercial;0;1;1;1;0;0;0;0;0;1;0;0;-38,492929;-3,831773
286019;2;6;2016;15:42;0;AV J CJ CEARA;;;2952;;Atropelamento;Luz do Dia;;;Meio de Quadra;;;0;1;1;0;0;0;0;0;0;1;0;0;;
286020;2;6;2016;18:14;0;AV EDILSON B SOARES;;;1957;;Atropelamento;Anoitecer;;;Meio de Quadra;;;0;1;1;1;0;0;0;0;0;0;0;0;-38,46796;-3,788372
286021;2;6;2016;20:40;10148;RUA CEL FABRICIANO;RUA TAUBATE;;;;Colisão;;;;;;;0;1;0;0;0;0;0;0;0;0;0;0;-38,599911;-3,784996
300994;2;6;2016;09:22;0;AV WASHINGTON SOARES;;;55;;Colisão Lateral;Luz do Dia;Bom;Seca;Meio de Quadra;Não Há Controle;Comercial;0;0;2;1;0;0;0;0;0;0;0;0;;
300996;2;6;2016;20:19;0;AV ABOLICAO;;;1894;;Choque c/ Obstáculo Fixo;Via Iluminada;Bom;Seca;Meio de Quadra;Semáforo;Comercial;0;0;2;1;0;0;0;0;0;0;0;0;-38,502167;-3,725186
300997;3;6;2016;10:45;25065;AV DOS EXPEDICIONARIOS;RUA JULIO DA SILVEIRA;;0;;Colisão Lateral;Luz do Dia;Bom;Seca;Cruz;Pare;Comercial;0;0;2;1;0;0;0;0;0;0;0;0;-38,539181;-3,758331
300998;3;6;2016;19:28;0;AV PRS CASTELO BRANCO;;;0;;Colisão Lateral;Via Iluminada;Nublado;Seca;Meio de Quadra;Não Há Controle;Comercial;0;0;2;1;0;0;0;0;0;0;0;0;;
286022;3;6;2016;01:09;0;AV CENTRAL CJ CEARA;;;1117;;Queda;;;;Meio de Quadra;;;0;1;0;0;0;0;0;0;0;1;0;0;;
286026;3;6;2016;01:18;0;AV ROGACIANO LEITE;;;431;;Colisão;;;;Meio de Quadra;;;0;1;0;0;0;0;0;0;0;0;0;0;-38,493363;-3,761587
286038;3;6;2016;02:22;0;AV DR SILAS MUNGUBA;;;3034;;Colisão;;;;Meio de Quadra;;;0;1;1;1;0;0;0;0;0;1;0;0;-38,546529;-3,788205
286032;3;6;2016;01:35;0;RUA VALPARAISO;;;2000;;Colisão;;;;Meio de Quadra;;;0;1;1;1;0;0;0;0;0;1;0;0;-38,519766;-3,846389
286040;3;6;2016;02:37;0;RUA MARIA JULIA;;;486;;Colisão;;;;Meio de Quadra;;;0;1;1;0;0;0;0;0;0;1;0;0;-38,599106;-3,789913
286034;3;6;2016;01:51;0;AV LINEU MACHADO;;;848;;Colisão;;;;Meio de Quadra;;;0;1;1;1;0;0;0;0;0;1;0;0;-38,577724;-3,767483
286035;3;6;2016;01:56;0;AV FRE CIRILO;;;;;Colisão;;;;Meio de Quadra;;;0;1;1;1;0;0;0;0;0;1;0;0;;
286036;3;6;2016;02:07;0;AV AUGUSTO DOS ANJOS;;;71;;Queda;;;;Meio de Quadra;;;0;1;0;0;0;0;0;0;0;1;0;0;;
286042;3;6;2016;04:11;0;AV GAL MURILO BORGES;;;;;Colisão;;;;Meio de Quadra;;;0;1;1;1;0;0;0;0;0;1;0;0;;
285148;3;6;2016;16:30;0;AV VICENTE DE CASTRO;;;;;Colisão Transversal;Mal Iluminada;Bom;Seca;Meio de Quadra;Outros;Outros;0;0;2;1;0;0;1;0;0;0;0;0;;
285149;3;6;2016;20:40;0;RUA VINTE E QUATRO DE MAIO;;;72;PRAÇA DA ESTAÇÃO;Colisão Transversal;Via Iluminada;Bom;Seca;Meio de Quadra;;;0;0;2;1;0;0;0;0;0;1;0;0;-38,5305;-3,722287
285152;3;6;2016;14:45;0;AV JOSE BASTOS;;;3504;;Engavetamento;Luz do Dia;Bom;Seca;Meio de Quadra;Semáforo;Comercial;0;0;4;1;0;0;0;0;0;0;0;0;-38,550013;-3,749551
285167;3;6;2016;23:30;1585;RUA TIBURCIO CAVALCANTE;RUA PDE VALDEVINO;;;;Colisão Transversal;Via Iluminada;Bom;Seca;Cruz;Semáforo;Comercial;0;0;2;1;0;0;0;0;0;0;0;0;-38,504815;-3,742915
285169;3;6;2016;06:30;0;RUA BAR SOBRAL;;;88510;;Colisão Lateral;Luz do Dia;Bom;Seca;Meio de Quadra;Não Há Controle;Residencial;0;0;2;1;0;0;1;0;0;0;0;0;;
285171;3;6;2016;09:30;0;AV GAL OSORIO DE PAIVA;;;;;Colisão Lateral;Luz do Dia;Bom;Seca;Meio de Quadra;Não Há Controle;Comercial;0;0;2;1;0;0;0;0;0;1;0;0;;
285173;3;6;2016;16:15;0;AV AGUANAMBI;;;;;Colisão Transversal;Luz do Dia;Bom;Seca;Meio de Quadra;Outros;Comercial;0;0;2;1;0;0;1;0;0;0;0;0;;
285159;3;6;2016;09:00;26227;AV GAL OSORIO DE PAIVA;RUA AGAMENON;;;;Colisão Frontal;Luz do Dia;Bom;Seca;Cruz;Semáforo;Comercial;0;0;2;0;0;0;0;0;0;1;0;0;;
285161;3;6;2016;10:00;9543;RUA CEL FABRICIANO;RUA ARI MAIA;;;;Colisão Transversal;;Bom;;Cruz;Pare;;0;0;2;1;0;0;0;0;0;1;0;0;-38,620267;-3,779362
285163;3;6;2016;20:50;8125;RUA MANUEL DE QUEIROZ;RUA BENTO ALBUQUERQUE;;;;Colisão Transversal;Via Iluminada;Bom;Seca;Cruz;Pare;Residencial;0;0;2;1;0;0;0;0;0;0;0;0;-38,467393;-3,748837
285205;3;6;2016;02:10;0;RUA PEDRO SAMPAIO;;;;;Colisão Transversal;Via Iluminada;Bom;Molhada;Cruz;Pare;Residencial;0;0;2;1;0;0;0;0;0;1;0;0;;
285210;3;6;2016;23:30;0;AV DOM MANUEL;;;;;Colisão Lateral;Via Iluminada;Bom;Seca;Meio de Quadra;Semáforo;Comercial;0;0;2;1;0;0;0;0;0;0;0;0;;