COD_ACIDENTE;DIA;MES;ANO;HORA;INTERSECAO;LOG1;LOG2;LOG3;NUMERO;REFERENCIA;NATUREZA;ILUMINACAO;TEMPO;SUPERFICIEPISTA;TIPOCRUZAMENTO;CONTROLETRAFEGO;USOSOLO;MORTOS;FERIDOS;ILESOS;AUTOMOVEL;ONIBUS;BICICLETA;CAMINHAO;MICROONIBUS;CICLOMOTOR;MOTOCICLETA;TRACAOANIMAL;TREM;LONG;LAT
285201;3;6;2016;03:30;0;RUA TIBURCIO CAVALCANTE;;;1905;;Capotamento;Via Iluminada;Bom;Seca;Meio de Quadra;Não Há Controle;Comercial;0;0;1;1;0;0;0;0;0;0;0;0;-38,504312;-3,741319
285198;3;6;2016;07:50;0;RUA BERNARDO MANUEL;;;9360;;Colisão Traseira;Luz do Dia;Bom;Seca;Meio de Quadra;Outros;Comercial;0;0;2;1;0;0;0;0;0;0;0;0;-38,552393;-3,801985
285182;3;6;2016;11:10;0;AV CARNEIRO DE MENDONCA;;;1083;;Engavetamento;Luz do Dia;Bom;Seca;Meio de Quadra;Pare;Residencial;0;0;3;1;0;0;0;0;0;0;0;0;-38,568699;-3,763062
285193;3;6;2016;07:00;0;AV ROGACIANO LEITE;;;280;;Colisão Traseira;Luz do Dia;Bom;Seca;Meio de Quadra;Outros;Comercial;0;2;0;1;0;0;0;0;0;1;0;0;-38,492801;-3,760604
285187;3;6;2016;12:40;0;RUA ESTADO DO RIO;;;1023;;Colisão Frontal;Luz do Dia;Bom;Seca;Meio de Quadra;Não Há Controle;Comercial;0;2;1;1;0;0;0;0;0;1;0;0;-38,571794;-3,759891
285501;3;6;2016;15:15;0;AV SANTOS DUMONT;;;1912;;Colisão Traseira;Via Iluminada;Bom;Seca;Meio de Quadra;Pare;Comercial;0;0;3;1;0;0;0;0;0;0;0;0;-38,507113;-3,733383
285213;3;6;2016;05:50;0;AV DOS EXPEDICIONARIOS;;;3778;;Choque c/ Obstáculo Fixo;Luz do Dia;Bom;Molhada;Meio de Quadra;Semáforo;Outros;0;1;0;1;0;0;0;0;0;0;0;0;-38,537054;-3,751357
288352;3;6;2016;00:10;0;RUA MARCELINO LOPES;;;400;;Colisão;;;;Meio de Quadra;;;0;0;1;0;0;0;0;0;0;0;0;0;;
288353;3;6;2016;05:35;0;AV SANTOS DUMONT;;;5420;;Colisão;Amanhecer;;;Meio de Quadra;;;0;0;1;0;0;0;0;0;0;0;0;0;-38,485053;-3,74053
288354;3;6;2016;06:32;0;AV JOR THOMAZ COELHO;;;5182;;Colisão;Luz do Dia;;;Meio de Quadra;;;0;0;1;0;0;0;0;0;0;0;0;0;;
288355;3;6;2016;07:17;12681;AV DA INDEPENDENCIA;RUA ALBERTO FERREIRA;;20;;Colisão Transversal;Luz do Dia;Bom;Seca;Cruz;Pare;Comercial;0;1;3;1;0;0;0;0;0;0;0;0;-38,58386;-3,729045
288362;3;6;2016;07:19;12836;AV DOMINGOS OLIMPIO;RUA BAR ARATANHA;;;;Colisão;Luz do Dia;;;Cruz;Semáforo;Comercial;0;0;2;0;0;0;0;0;0;0;0;0;-38,527953;-3,737562
288363;3;6;2016;08:05;0;AV ALM BARROSO;;;;;Colisão;Luz do Dia;;;Meio de Quadra;;;0;0;1;0;0;0;0;0;0;0;0;0;;
288364;3;6;2016;08:44;1453;AV RUI BARBOSA;AV HERACLITO GRACA;;;;Colisão;Luz do Dia;;;Cruz;Semáforo;Comercial;0;0;1;0;0;0;0;0;0;0;0;0;-38,510199;-3,738357
288367;3;6;2016;09:21;19667;AV BEZERRA DE MENEZES;RUA DOM LINO;;;;Colisão Transversal;Luz do Dia;Bom;Seca;Cruz;Semáforo;Comercial;0;1;3;1;0;0;0;0;0;1;0;0;-38,557568;-3,734232
288368;3;6;2016;09:27;0;AV GOV RAUL BARBOSA;;;;;Colisão;Luz do Dia;;;Meio de Quadra;;;0;0;1;0;0;0;0;0;0;0;0;0;;
288371;3;6;2016;09:30;0;AV GAL OSORIO DE PAIVA;;;;;Colisão;Luz do Dia;;;Meio de Quadra;;;0;0;1;0;0;0;0;0;0;0;0;0;;
288372;3;6;2016;09:39;0;RUA GOIANESA;;;182;;Colisão;Luz do Dia;;;Meio de Quadra;;;0;0;1;0;0;0;0;0;0;0;0;0;;
288374;3;6;2016;09:51;12539;RUA ROSINHA SAMPAIO;RUA PIERRE LUZ;;;;Colisão;Luz do Dia;;;Cruz;Não Há Controle;Misto;0;0;1;0;0;0;0;0;0;0;0;0;-38,588638;-3,72664
288375;3;6;2016;10:19;0;AV DOS EXPEDICIONARIOS;;;4576;;Colisão;Luz do Dia;;;Meio de Quadra;;;0;0;2;0;0;0;0;0;0;0;0;0;;
288386;3;6;2016;12:23;0;RUA JOAQUIM FELICIO;;;167;CORREIOS;Colisão;Luz do Dia;;;Meio de Quadra;;;0;0;1;0;0;0;0;0;0;0;0;0;-38,493416;-3,829772
288379;3;6;2016;11:03;0;AV PRO GOMES DE MATOS;;;965;;Colisão;Luz do Dia;;;Meio de Quadra;;;0;0;1;0;0;0;0;0;0;0;0;0;-38,545755;-3,761312
288380;3;6;2016;11:25;0;AV CENTRAL;;;229;;Colisão;Luz do Dia;;;Meio de Quadra;;;0;0;1;0;0;0;0;0;0;0;0;0;;
288381;3;6;2016;11:25;0;RUA PAPI JUNIOR;;;1102;;Colisão;Luz do Dia;;;Meio de Quadra;;;0;0;1;0;0;0;0;0;0;0;0;0;-38,552705;-3,746961
288382;3;6;2016;12:21;21319;RUA JOSE SOMBRA;RUA GUSTAVO SAMPAIO;;;;Colisão;Luz do Dia;;;Cruz;Pare;Residencial;0;0;1;0;0;0;0;0;0;0;0;0;-38,54726;-3,733349
288407;3;6;2016;14:13;0;RUA URUCUTUBA;;;1569;;Colisão;Luz do Dia;;;Meio de Quadra;;;0;0;1;0;0;0;0;0;0;0;0;0;-38,610141;-3,797884
288403;3;6;2016;14:07;17955;RUA JOAQUIM ALBANO;RUA EUCLIDES DA CUNHA;;;;Colisão Lateral;Luz do Dia;Bom;Seca;Cruz;Pare;Residencial;0;1;2;1;0;0;0;0;0;1;0;0;-38,581042;-3,735439
288416;3;6;2016;14:13;0;RUA BRI TORRES;;;;;Colisão;Luz do Dia;;;Meio de Quadra;;;0;0;1;0;0;0;0;0;0;0;0;0;;
288417;3;6;2016;14:42;1414;RUA PDE QUINDERE;RUA NUNES VALENTE;;;;Colisão Transversal;Luz do Dia;Bom;Seca;Cruz;Pare;Residencial;0;1;3;1;0;0;0;0;0;0;0;0;-38,504153;-3,737396
288418;3;6;2016;14:59;0;RUA JUSTINIANO DE SERPA;;;281;;Colisão;Luz do Dia;;;Meio de Quadra;;;0;0;1;0;0;0;0;0;0;0;0;0;-38,542346;-3,733599
288413;3;6;2016;14:13;0;RUA URUCUTUBA;;;1569;;Colisão;Luz do Dia;;;Meio de Quadra;;;0;0;1;0;0;0;0;0;0;0;0;0;-38,610141;-3,797884
288400;3;6;2016;14:06;0;AV ALBERTO CRAVEIRO;;;1797;;Colisão;Luz do Dia;;;Meio de Quadra;;;0;0;1;0;0;0;0;0;0;0;0;0;-38,518076;-3,795387
288396;3;6;2016;12:56;0;AV BEZERRA DE MENEZES;;;2914;;Colisão;Luz do Dia;;;Meio de Quadra;;;0;0;1;0;0;0;0;0;0;0;0;0;;
288389;3;6;2016;11:28;0;AV A CJ CEARA;;;1035;;Colisão;Luz do Dia;;;Meio de Quadra;;;0;0;1;0;0;0;0;0;0;0;0;0;;
288390;3;6;2016;12:27;0;AV ALM HENRIQUE SABOIA;;;;;Colisão;Luz do Dia;;;Meio de Quadra;;;0;0;1;0;0;0;0;0;0;0;0;0;;
288393;3;6;2016;12:32;14454;RUA TEOFILO GURGEL;RUA JULIO PINTO D08;;;;Colisão;Luz do Dia;;;Cruz;Pare;Residencial;0;0;1;0;0;0;0;0;0;0;0;0;-38,546395;-3,726436
288377;3;6;2016;10:39;0;RUA CEL FABRICIANO;;;3539;;Colisão;Luz do Dia;;;Meio de Quadra;;;0;0;1;0;0;0;0;0;0;0;0;0;-38,619795;-3,779487
288443;3;6;2016;17:12;0;RUA REPUBLICA DO LIBANO;;;326;;Colisão;Anoitecer;;;Meio de Quadra;;;0;0;3;1;0;0;0;0;0;0;0;0;-38,497671;-3,730985
288457;3;6;2016;19:01;17326;RUA ALAN KARDEC;RUA ALBERTO MAGNO;;;;Colisão;;;;Cruz;Pare;Comercial;0;0;1;0;0;0;0;0;0;0;0;0;-38,549918;-3,764796
288445;3;6;2016;17:41;25573;RUA NELSON COELHO;RUA MORONI B TORGAN;;;;Colisão;Anoitecer;;;;;;0;0;1;0;0;0;0;0;0;0;0;0;;
288448;3;6;2016;17:45;12479;AV AUGUSTO DOS ANJOS;RUA PERDIGAO DE OLIVEIRA;;;;Colisão;Anoitecer;;;Cruz;Semáforo;Comercial;0;0;2;1;0;0;1;0;0;0;0;0;-38,574712;-3,775131
288440;3;6;2016;17:11;0;AV PRS CASTELO BRANCO;;;2037;;Colisão;Anoitecer;;;Meio de Quadra;;;0;0;2;1;1;0;0;0;0;0;0;0;-38,545963;-3,714756
288453;3;6;2016;18:29;24967;AV ALM HENRIQUE SABOIA;AV SANTOS DUMONT;;;;Colisão;Anoitecer;;;Cruz;Pare;Comercial;0;0;3;0;0;0;0;0;0;0;0;0;;
288421;3;6;2016;15:28;1658;RUA BENI DE CARVALHO;RUA MON CATAO;;;;Colisão;Luz do Dia;;;Cruz;Pare;Comercial;0;0;1;0;0;0;0;0;0;0;0;0;-38,493113;-3,746618
288426;3;6;2016;15:33;0;AV SANTOS DUMONT;;;1912;;Colisão;Luz do Dia;;;Meio de Quadra;;;0;0;2;0;0;0;0;0;0;0;0;0;-38,507113;-3,733383
288427;3;6;2016;15:35;2758;RUA MARIA JULIA;RUA OSCAR FRANCA;;;;Colisão;Luz do Dia;;;Cruz;Pare;Residencial;0;0;1;0;0;0;0;0;0;0;0;0;-38,599725;-3,79189
288428;3;6;2016;15:53;15362;RUA CEL LINHARES;RUA PEREIRA VALENTE;;;;Colisão;Luz do Dia;;;Cruz;Pare;Residencial;0;0;1;0;0;0;0;0;0;0;0;0;-38,493183;-3,733517
288435;3;6;2016;17:02;26226;AV AMERICO BARREIRA;AV CARNEIRO DE MENDONCA;;;;Colisão Traseira;Anoitecer;Não Informado;Seca;Cruz;Semáforo;Comercial;0;0;4;1;0;0;0;0;0;0;0;0;;
288432;3;6;2016;16:14;19161;RUA PRO OTAVIO LOBO;RUA LAURO NOGUEIRA;;;;Colisão;Luz do Dia;;;Cruz;Semáforo;Residencial;0;0;1;0;0;0;0;0;0;0;0;0;-38,476452;-3,740673
288433;3;6;2016;16:30;0;RUA CEL FRANCISCO PEREIRA (MESSEJANA);;;;;Colisão;Luz do Dia;;;Meio de Quadra;;;0;0;1;0;0;0;0;0;0;0;0;0;;
288430;3;6;2016;16:13;1360;RUA DES LEITE ALBUQUERQUE;RUA JOAQUIM NABUCO;;;;Colisão;Luz do Dia;;;Cruz;Pare;Comercial;0;0;1;0;0;0;0;0;0;0;0;0;-38,501621;-3,736273
288498;3;6;2016;21:29;5081;RUA CASTRO E SILVA;RUA VINTE E QUATRO DE MAIO;;;;Colisão;;;;Cruz;Não Há Controle;Comercial;0;0;1;0;0;0;0;0;0;0;0;0;-38,530653;-3,722746
288500;3;6;2016;21:30;0;AV GAL OSORIO DE PAIVA;;;60;;Colisão;;;;Meio de Quadra;;;0;0;1;0;0;0;0;0;0;0;0;0;-38,562741;-3,772569
288501;3;6;2016;21:36;0;AV JOSE BASTOS;;;2425;;Colisão;;;;Meio de Quadra;;;0;0;2;0;0;0;0;0;0;0;0;0;;
288502;3;6;2016;21:51;0;AV AUGUSTO DOS ANJOS;;;2250;;Colisão;;;;Meio de Quadra;;;0;0;1;0;0;0;0;0;0;0;0;0;-38,584276;-3,78627
288503;3;6;2016;22:18;0;AV DO VAQUEIRO;;;;;Colisão;;;;Meio de Quadra;;;0;0;1;0;0;0;0;0;0;0;0;0;;
288504;3;6;2016;22:41;0;RUA COMERCIO D57;;;;;Colisão;;;;;;;0;0;1;0;0;0;0;0;0;0;0;0;;
288492;3;6;2016;21:05;5415;RUA FLORIANO PEIXOTO;RUA GAL CLARINDO DE QUEIROZ;;;;Capotamento;Não Informado;Bom;Seca;Cruz;Pare;Comercial;0;1;2;1;0;0;0;0;0;0;0;0;-38,529027;-3,733049
288487;3;6;2016;21:02;0;RUA MIGUEL COUTO;;;370;;Colisão;;;;;;;0;0;1;0;0;0;0;0;0;0;0;0;;
288473;3;6;2016;20:14;0;RUA ALBERTO MAGNO;;;;;Colisão;;;;Meio de Quadra;;;0;1;1;0;0;0;0;0;0;0;0;0;;
288467;3;6;2016;19:54;0;RUA PEREIRA DE MIRANDA;;;575;;Colisão;;;;Meio de Quadra;;;0;1;0;0;0;0;0;0;0;0;0;0;;
288469;3;6;2016;20:14;0;AV JOVITA FEITOSA;;;3004;;Colisão;;;;Meio de Quadra;;;0;1;1;1;0;1;0;0;0;0;0;0;-38,564584;-3,741516
288483;3;6;2016;20:29;0;AV JOAO DE ARAUJO LIMA;;;611;;Colisão;;;;Meio de Quadra;;;0;0;1;0;0;0;0;0;0;0;0;0;-38,559348;-3,827524
287035;3;6;2016;22:54;22008;RUA FRANCISCA CLOTILDE;RUA PDE CICERO;;;;Colisão Lateral;;;;Cruz;Pare;Residencial;0;0;2;1;0;0;0;0;0;0;0;0;-38,550121;-3,739665
287473;3;6;2016;07:25;0;RD BR 116;;;0;KM-07;Colisão Transversal;Luz do Dia;;;Meio de Quadra;;;0;1;1;1;0;0;0;0;0;1;0;0;-38,50135403;-3,814567428
287197;3;6;2016;15:15;0;RD BR 116;;;0;KM-05;Colisão Traseira;Luz do Dia;Bom;Seca;Meio de Quadra;;;0;0;2;1;0;0;0;0;0;0;0;0;-38,50617967;-3,797701134
286182;3;6;2016;07:40;0;RD CE-040;;;;KM-06;Colisão;Luz do Dia;Bom;Seca;Meio de Quadra;;;0;0;2;1;0;0;0;0;0;0;0;0;-38,479535;-3,800596
286183;3;6;2016;08:30;0;RD CE-040;;;;KM-08;Colisão;Luz do Dia;Bom;Seca;Meio de Quadra;;;0;0;2;1;0;0;0;0;0;1;0;0;-38,483033;-3,817159
286184;3;6;2016;19:15;0;RD CE-040;;;;KM-10;Colisão;;Bom;Seca;Meio de Quadra;;;0;1;1;1;0;0;0;0;0;1;0;0;-38,482466;-3,834451
286185;3;6;2016;23:54;0;RD CE-040;;;;KM-10;Choque c/ Obstáculo Fixo;;Bom;Seca;Meio de Quadra;;;0;0;2;1;0;0;0;0;0;0;0;0;-38,482466;-3,834451
286072;3;6;2016;11:09;0;RUA AVILA GOULART;;;900;;Atropelamento;Luz do Dia;;;Meio de Quadra;;;0;1;1;0;0;0;0;0;0;1;0;0;;
286074;3;6;2016;12:01;0;AV PRS COSTA E SILVA;;;;;Atropelamento;Luz do Dia;;;Meio de Quadra;;;0;1;1;0;0;0;0;0;0;1;0;0;;
286091;3;6;2016;13:54;6810;RUA JOSE BORBA VASCONCELOS;RUA BENTO ALBUQUERQUE;;;;Colisão;Luz do Dia;;;Cruz;Outros;Outros;0;1;1;1;0;0;0;0;0;1;0;0;-38,472258;-3,747266
286094;3;6;2016;14:07;0;AV WASHINGTON SOARES;;;11140;;Colisão;Luz do Dia;;;Meio de Quadra;;;0;1;0;0;0;0;0;0;0;0;0;0;-38,479606;-3,845462
286095;3;6;2016;14:20;10050;RUA VITAL BRASIL;RUA BRAGANCA;;;;Colisão;Luz do Dia;;;Com Via Férrea;Pare;Misto;0;1;1;1;0;0;0;0;0;1;0;0;-38,595995;-3,77858
286079;3;6;2016;12:14;6721;AV ENG SANTANA JUNIOR;RUA BENTO ALBUQUERQUE;;;;Colisão;Luz do Dia;;;Cruz;Semáforo;Misto;0;1;1;1;0;0;0;0;0;1;0;0;-38,486538;-3,742678
286080;3;6;2016;12:47;0;AV ODILON GUIMARAES;;;1200;;Colisão;Luz do Dia;;;Meio de Quadra;;;0;1;1;1;0;0;0;0;0;1;0;0;;
286081;3;6;2016;18:34;6818;RUA DR GILBERTO STUDART;RUA FRANCISCO MATOS;;;;Colisão;Luz do Dia;;;Cruz;Pare;Residencial;0;1;1;1;0;0;0;0;0;1;0;0;-38,470191;-3,747084
286082;3;6;2016;13:27;0;RUA ZACARIAS FLORINDO;;;1693;;Queda;Luz do Dia;;;Meio de Quadra;;;0;1;0;0;0;1;0;0;0;0;0;0;;
286086;3;6;2016;13:47;0;AV WASHINGTON SOARES;;;;;Colisão;Luz do Dia;;;Meio de Quadra;;;0;1;1;1;0;0;0;0;0;1;0;0;;
286087;3;6;2016;13:48;0;AV PRS CASTELO BRANCO;;;2037;;Colisão Lateral;Via Iluminada;Bom;Seca;Meio de Quadra;Pare;Comercial;0;0;5;1;1;0;0;0;0;0;0;0;-38,545963;-3,714756
286052;3;6;2016;10:29;0;AV PERIMETRAL;;;488;;Colisão;Luz do Dia;;;Meio de Quadra;;;0;1;1;0;0;0;0;0;0;1;0;0;;
286043;3;6;2016;04:43;0;TR VIA FERREA SOBRAL;;;634;;Queda;;;;Meio de Quadra;;;0;0;1;0;0;0;0;0;0;1;0;0;;
286044;3;6;2016;05:44;0;RUA TEOFILO GURGEL;;;;;Colisão;Amanhecer;;;Meio de Quadra;;;0;1;1;1;0;0;0;0;0;1;0;0;;
286046;3;6;2016;06:33;0;RUA CANDIDO MAIA;;;294;;Queda;Luz do Dia;;;Meio de Quadra;;;0;0;1;0;0;0;0;0;0;1;0;0;;
286047;3;6;2016;08:32;0;AV FRANCISCO SA;;;3572;;Colisão;Luz do Dia;;;Meio de Quadra;;;0;1;2;1;0;0;0;0;0;1;0;0;-38,556506;-3,717686
286049;3;6;2016;09:52;0;RUA VALPARAISO;;;;;Colisão;Luz do Dia;;;Meio de Quadra;;;0;1;0;0;0;0;0;0;0;0;0;0;;
286340;3;6;2016;16:33;0;RUA MIGUEL COUTO;;;29;;Colisão;Luz do Dia;;;Meio de Quadra;;;0;0;2;1;0;0;0;0;0;1;0;0;;
286341;3;6;2016;16:45;0;RUA BERNARDO MANUEL;;;;;Colisão;Luz do Dia;;;Meio de Quadra;;;0;1;1;1;0;0;0;0;0;1;0;0;;
286343;3;6;2016;17:31;0;AV AUGUSTO DOS ANJOS;;;;;Colisão;Anoitecer;;;Meio de Quadra;;;0;1;0;0;0;0;0;0;0;0;0;0;;
286344;3;6;2016;18:31;0;RUA ROBERTO SILVA;;;55;;Colisão;;;;Meio de Quadra;;;0;1;1;0;0;0;0;0;0;1;0;0;-38,475878;-3,772605
286337;3;6;2016;14:45;0;AV JOVITA FEITOSA;;;3004;;Colisão Lateral;Luz do Dia;Nublado;Seca;Meio de Quadra;Não Há Controle;Comercial;0;2;2;1;0;0;0;0;0;1;0;0;-38,564584;-3,741516
286338;3;6;2016;16:28;0;AV HIS RAIMUNDO GIRAO;;;91;;Colisão;Luz do Dia;;;Meio de Quadra;;;0;1;1;1;0;0;0;0;0;1;0;0;;
286334;3;6;2016;14:37;0;RD BR 116;;;4880;;Queda;Luz do Dia;;;Meio de Quadra;;;0;1;0;0;0;0;0;0;0;1;0;0;;
286335;3;6;2016;15:14;0;RUA JOSIAS MENDES;;;575;;Colisão;Luz do Dia;;;Meio de Quadra;;;0;1;0;0;0;0;0;0;0;0;0;0;;
286345;4;6;2016;00:20;0;AV 13 DE MAIO;;;1367;;Colisão;;;;Meio de Quadra;;;0;1;1;1;0;0;0;0;0;1;0;0;-38,530803;-3,748068
286350;4;6;2016;01:14;0;AV GAL OSORIO DE PAIVA;;;;;Colisão;;;;Meio de Quadra;;;0;1;0;0;0;0;0;0;0;0;0;0;;
286351;4;6;2016;01:43;0;RD BR 116;;;6000;KM-06;Colisão;;;;Meio de Quadra;;;0;1;1;0;0;0;0;0;0;1;0;0;-38,503053;-3,804691
286347;4;6;2016;00:51;0;AV BEZERRA DE MENEZES;;;;;Colisão;;;;Meio de Quadra;;;0;1;1;1;0;0;0;0;0;1;0;0;;
286348;4;6;2016;01:09;0;AV SEN FERNANDES TAVORA;;;1105;;Atropelamento;;;;Meio de Quadra;;;0;1;1;1;0;0;0;0;0;0;0;0;-38,582324;-3,762097
286357;4;6;2016;02:30;9021;RUA CEL SOLON;AV FELINO BARROSO;;;;Colisão Transversal;Luz do Dia;Bom;Seca;Cruz;Pare;Residencial;0;0;5;1;0;0;0;0;0;1;0;0;-38,528653;-3,743154
286355;4;6;2016;02:18;0;AV DIOGUINHO;;;6000;;Colisão;;;;Meio de Quadra;;;0;1;1;0;0;0;0;0;0;1;0;0;-38,440577;-3,766941
286359;4;6;2016;02:32;0;RD BR 116;;;6000;KM-06;Colisão;;;;Meio de Quadra;;;0;1;2;1;0;0;0;0;0;1;0;0;-38,503053;-3,804691
286361;4;6;2016;03:01;0;AV BORGES DE MELO;;;1006;;Queda;;;;Meio de Quadra;;;0;1;0;0;0;0;0;0;0;1;0;0;-38,528408;-3,76043
286362;4;6;2016;03:13;7851;AV PONTES VIEIRA;RUA JOSE VILAR;;;;Colisão;;;;Cruz;Semáforo;Comercial;0;1;0;0;0;0;0;0;0;0;0;0;-38,51003;-3,752317
286418;4;6;2016;09:27;0;AV MOZART PINHEIRO DE LUCENA;;;;;Colisão;Luz do Dia;;;Meio de Quadra;;;0;1;2;1;0;0;0;0;0;1;0;0;;
286419;4;6;2016;10:14;0;AV PRS CASTELO BRANCO;;;2932;;Colisão;Luz do Dia;;;Meio de Quadra;;;0;1;1;1;0;0;0;0;0;1;0;0;-38,554652;-3,712024
286420;4;6;2016;10:24;0;AV ZEZE DIOGO;;;910;;Colisão;Luz do Dia;;;Meio de Quadra;;;0;1;1;1;0;0;0;0;0;1;0;0;-38,465753;-3,714731
286421;4;6;2016;10:38;0;AV I CJ CEARA;;;924;;Colisão;Luz do Dia;;;Meio de Quadra;;;0;1;0;0;0;0;0;0;0;0;0;0;;
286422;4;6;2016;17:09;0;AV PRS COSTA E SILVA;;;641;;Colisão;Anoitecer;;;Meio de Quadra;;;0;1;2;1;0;0;0;0;0;1;0;0;;
286425;4;6;2016;11:54;0;RUA ANSELMO NOGUEIRA;;;281;;Queda;Luz do Dia;;;Meio de Quadra;;;0;1;0;0;0;0;0;0;0;1;0;0;-38,587099;-3,780783
286426;4;6;2016;11:55;0;RUA CACILDA BECKER;;;257;;Queda;Luz do Dia;;;Meio de Quadra;;;0;1;0;0;0;0;0;0;0;1;0;0;;
286427;4;6;2016;12:07;2740;RUA RAIMUNDO PINHEIRO;RUA EDSON MARTINS;;;;Colisão;Luz do Dia;;;;;;0;1;0;0;0;0;0;0;0;0;0;0;-38,597621;-3,790975
286431;4;6;2016;12:57;0;AV ALBERTO CRAVEIRO;;;1795;;Colisão;Luz do Dia;;;Meio de Quadra;;;0;1;2;1;0;0;0;0;0;1;0;0;-38,518061;-3,795318
286429;4;6;2016;12:44;0;RUA SEN ROBERT KENNEDY;;;350;;Atropelamento;Luz do Dia;;;Meio de Quadra;;;0;1;1;0;0;0;0;0;0;1;0;0;-38,57861;-3,703223
286397;4;6;2016;05:19;0;RUA ARTUR DE CARVALHO;;;796;;Colisão;Amanhecer;;;Meio de Quadra;;;0;1;0;0;0;0;0;0;0;0;0;0;;
286403;4;6;2016;05:38;22886;RUA BERNARDO MANUEL;RUA INACIO PARENTE;;;;Colisão;Amanhecer;;;Cruz;Semáforo;Comercial;0;1;1;0;0;0;0;0;0;1;0;0;-38,546074;-3,781268
286406;4;6;2016;06:46;0;AV MOZART PINHEIRO DE LUCENA;;;2366;;Colisão;Luz do Dia;;;Meio de Quadra;;;0;1;1;1;0;0;0;0;0;1;0;0;-38,597504;-3,724506
286407;4;6;2016;08:36;0;RUA BOM JESUS (BARRA DO CEARA);;;1540;;Colisão;Luz do Dia;;;Meio de Quadra;;;0;1;0;0;0;0;0;0;0;0;0;0;;
286408;4;6;2016;08:58;0;AV C CJ JOSE WALTER;;;631;;Colisão;Luz do Dia;;;Meio de Quadra;;;0;1;1;1;0;0;0;0;0;1;0;0;-38,557324;-3,828231
286409;4;6;2016;09:24;0;AV PRS CASTELO BRANCO;;;4779;;Colisão;Luz do Dia;;;Meio de Quadra;;;0;1;0;0;0;0;0;0;0;0;0;0;-38,574775;-3,706063
286376;4;6;2016;03:41;0;AV FRANCISCO SA;;;;;Queda;;;;Meio de Quadra;;;0;1;0;0;0;0;0;0;0;1;0;0;;
286373;4;6;2016;03:38;0;AV AREIA BRANCA;;;209;;Colisão;;;;Meio de Quadra;;;0;1;1;1;0;0;0;0;0;1;0;0;;
286383;4;6;2016;05:13;22297;AV BEZERRA DE MENEZES;RUA PDE ANCHIETA;;;;Colisão;Amanhecer;;;;Não Há Controle;Comercial;0;1;1;0;1;0;0;0;0;1;0;0;-38,552298;-3,733155
286381;4;6;2016;07:55;9021;RUA CEL SOLON;AV FELINO BARROSO;;;;Colisão;Luz do Dia;;;Cruz;Pare;Comercial;0;1;1;1;0;0;0;0;0;1;0;0;-38,528653;-3,743154
286378;4;6;2016;04:22;0;AV GAL OSORIO DE PAIVA;;;6001;;Colisão;;;;Meio de Quadra;;;0;1;1;0;0;0;0;0;0;1;0;0;;
286212;4;6;2016;16:00;0;AV SEN CARLOS JEREISSATI (AEROPORTO);;;;KM 04;Colisão;Luz do Dia;Bom;Seca;Meio de Quadra;;;0;0;2;1;0;0;0;0;0;0;0;0;-38,544418;-3,779518
286213;4;6;2016;17:00;0;RD CE-060;;;;KM-01;Colisão;Anoitecer;Bom;Seca;Meio de Quadra;;;0;0;2;1;0;0;0;0;0;1;0;0;-38,58015;-3,828411
287290;4;6;2016;07:00;0;RD BR 116;;;0;KM-06;Colisão Transversal;Luz do Dia;Bom;Seca;Meio de Quadra;;;0;2;1;1;0;0;0;0;0;1;0;0;-38,50238198;-3,805924279
287303;4;6;2016;08:20;0;RD BR 116;;;0;KM-06;Colisão Lateral;Luz do Dia;Bom;Seca;Meio de Quadra;;;0;1;1;1;0;0;0;0;0;1;0;0;-38,50238198;-3,805924279
287981;4;6;2016;20:03;1585;RUA PDE VALDEVINO;RUA TIBURCIO CAVALCANTE;;;;Colisão;;;;Cruz;Semáforo;Comercial;0;1;0;0;0;0;0;0;0;0;0;0;-38,504815;-3,742915
287975;4;6;2016;18:31;0;RUA TAQUARI;;;492;;Colisão;;;;Meio de Quadra;;;0;1;0;1;0;0;0;0;0;0;0;0;-38,585298;-3,780884
287977;4;6;2016;19:48;0;AV MOZART PINHEIRO DE LUCENA;;;;;Colisão;;;;Meio de Quadra;;;0;1;3;1;0;0;0;0;0;1;0;0;;
287963;4;6;2016;15:10;0;AV C CJ CEARA;;;218;;Colisão;Luz do Dia;;;Meio de Quadra;;;0;1;1;1;0;0;0;0;0;1;0;0;;
287964;4;6;2016;15:35;0;BC TEODOMIRO DE CASTRO;;;6155;;Colisão;Luz do Dia;;;Meio de Quadra;;;0;1;1;1;0;0;0;0;0;1;0;0;;
287958;4;6;2016;14:26;0;RUA SUICA;;;839;;Colisão;Luz do Dia;;;Meio de Quadra;;;0;1;0;0;0;0;0;0;0;0;0;0;-38,577053;-3,793853
287959;4;6;2016;14:50;0;AV SEN FERNANDES TAVORA;;;26;;Colisão;Luz do Dia;;;Meio de Quadra;;;0;1;1;1;0;0;0;0;0;1;0;0;;
287961;4;6;2016;15:01;0;AV GAL OSORIO DE PAIVA;;;3300;;Atropelamento;Luz do Dia;;;Meio de Quadra;;;0;2;1;1;0;0;0;0;0;0;0;0;-38,587848;-3,790086
287968;4;6;2016;16:59;11788;AV TEN LISBOA;RUA JUVENCIO BARROSO;;;;Atropelamento;Luz do Dia;;;Com Via Férrea;Não Há Controle;Residencial;0;1;1;0;0;0;0;0;0;0;0;1;-38,549943;-3,717853
287970;4;6;2016;18:08;0;RUA MARIA QUINTINO;;;1991;;Atropelamento;Anoitecer;;;Meio de Quadra;;;0;1;1;0;0;0;0;0;0;1;0;0;;
287955;4;6;2016;13:16;0;AV GODOFREDO MACIEL;;;5608;;Colisão;Luz do Dia;;;Meio de Quadra;;;0;1;1;1;0;0;0;0;0;0;0;0;-38,578325;-3,82291
287956;4;6;2016;14:01;0;AV BEIRA MAR;;;982;;Colisão;Luz do Dia;;;Meio de Quadra;;;0;1;1;1;0;0;0;0;0;1;0;0;-38,510913;-3,720374
288511;4;6;2016;00:20;0;RUA 03 UI;;;;;Colisão;;;;Meio de Quadra;;;0;0;2;0;0;0;0;0;0;0;0;0;;