COD_ACIDENTE;DIA;MES;ANO;HORA;INTERSECAO;LOG1;LOG2;LOG3;NUMERO;REFERENCIA;NATUREZA;ILUMINACAO;TEMPO;SUPERFICIEPISTA;TIPOCRUZAMENTO;CONTROLETRAFEGO;USOSOLO;MORTOS;FERIDOS;ILESOS;AUTOMOVEL;ONIBUS;BICICLETA;CAMINHAO;MICROONIBUS;CICLOMOTOR;MOTOCICLETA;TRACAOANIMAL;TREM;LONG;LAT
288525;4;6;2016;07:53;0;AV DIOGUINHO;;;;;Colisão;Luz do Dia;;;Meio de Quadra;;;0;0;1;0;0;0;0;0;0;0;0;0;;
288515;4;6;2016;00:23;5191;RUA PEREIRA FILGUEIRAS;AV DOM MANUEL;;;;Colisão;;;;Cruz;Semáforo;Comercial;0;0;2;0;0;0;0;0;0;0;0;0;-38,520338;-3,725943
288516;4;6;2016;01:28;15365;RUA PEREIRA VALENTE;AV SEN VIRGILIO TAVORA;;;;Colisão;;;;Cruz;Semáforo;Comercial;0;0;1;0;0;0;0;0;0;0;0;0;-38,492193;-3,733834
288517;4;6;2016;01:29;13594;AV PONTES VIEIRA;RUA CAP GUSTAVO;;;;Colisão;;;;Cruz;Semáforo;Comercial;0;0;1;0;0;0;0;0;0;0;0;0;-38,517125;-3,753153
288522;4;6;2016;05:00;7426;AV SEN FERNANDES TAVORA;RUA NATAL;;;;Atropelamento;Amanhecer;;;Cruz;Não Há Controle;Residencial;0;1;1;0;0;0;0;0;0;0;0;0;-38,590172;-3,757915
288523;4;6;2016;05:03;0;AV PDE ANTONIO TOMAS;;;;;Colisão;Amanhecer;;;Meio de Quadra;;;0;0;1;0;0;0;0;0;0;0;0;0;;
288541;4;6;2016;10:39;2640;RUA RAIMUNDO FROTA;RUA JANDIRA;;;;Colisão;Luz do Dia;;;Cruz;Pare;Residencial;0;0;1;0;0;0;0;0;0;0;0;0;-38,586834;-3,714725
288532;4;6;2016;08:46;7825;AV PONTES VIEIRA;RUA NUNES VALENTE;;;;Colisão;Luz do Dia;;;Cruz;Não Há Controle;Comercial;0;0;1;0;0;0;0;0;0;0;0;0;-38,508858;-3,752172
288533;4;6;2016;09:15;24035;AV AREIA BRANCA;AV DOLOR BARREIRA;;;;Colisão;Luz do Dia;;;T;Pare;Comercial;0;0;1;0;0;0;0;0;0;0;0;0;-38,473174;-3,728097
288535;4;6;2016;09:17;17292;RUA QUEIROZ RIBEIRO;RUA SATIRO DIAS;;;;Colisão;Luz do Dia;;;Cruz;Pare;Comercial;0;0;1;0;0;0;0;0;0;0;0;0;-38,546118;-3,763284
288536;4;6;2016;09:44;2328;AV CEL CARVALHO;AV FRANCISCO SA;;;;Colisão;Luz do Dia;;;T;Pare;Comercial;0;0;1;0;0;0;0;0;0;0;0;0;-38,591542;-3,703499
288548;4;6;2016;10:42;0;AV DUQ CAXIAS;;;;;Colisão;Luz do Dia;;;;;;0;0;1;0;0;0;0;0;0;0;0;0;;
288607;4;6;2016;23:32;24508;AV MOZART PINHEIRO DE LUCENA;RUA TEN ELIEZER COSTA;;;;Colisão;;;;T;Pare;Misto;0;0;1;0;0;0;0;0;0;0;0;0;-38,593183;-3,709635
288604;4;6;2016;21:56;2854;RUA OSCAR BRESSANE;RUA NOVA CONQUISTA (BONSUCESSO);;;;Colisão;;;;;;;0;0;1;0;0;0;0;0;0;0;0;0;-38,601529;-3,795401
288598;4;6;2016;21:48;0;RUA TAQUARI;;;;;Colisão;;;;Meio de Quadra;;;0;0;1;0;0;0;0;0;0;0;0;0;;
288594;4;6;2016;20:36;0;RUA VITAL BRASIL;;;916;;Colisão;;;;Meio de Quadra;;;0;0;1;0;0;0;0;0;0;0;0;0;-38,589242;-3,780487
288595;4;6;2016;20:38;0;AV TEN LISBOA;;;1197;;Colisão;;;;Meio de Quadra;;;0;0;1;0;0;0;0;0;0;0;0;0;-38,576124;-3,727969
288583;4;6;2016;19:21;0;AV JOR THOMAZ COELHO;;;;;Colisão;;;;Meio de Quadra;;;0;0;1;0;0;0;0;0;0;0;0;0;;
288577;4;6;2016;14:43;0;RUA CEL MANUEL ALBANO;;;640;;Colisão;Luz do Dia;;;Meio de Quadra;;;0;0;1;0;0;0;0;0;0;0;0;0;;
288578;4;6;2016;17:09;0;AV PRS COSTA E SILVA;;;641;;Colisão;Anoitecer;;;Meio de Quadra;;;0;0;2;0;0;0;0;0;0;0;0;0;;
288579;4;6;2016;23:38;6343;AV C CJ CEARA;RUA 1084 CJ CEARA;;;;Colisão;;;;Cruz;Não Há Controle;Residencial;0;1;1;1;0;0;0;0;0;1;0;0;;
288566;4;6;2016;12:54;0;AV PRS CASTELO BRANCO;;;240;;Colisão;Luz do Dia;;;Meio de Quadra;;;0;0;1;0;0;0;0;0;0;0;0;0;;
288563;4;6;2016;11:27;0;RUA ROQUET PINTO;;;123;;Colisão;Luz do Dia;;;Meio de Quadra;;;0;0;1;0;0;0;0;0;0;0;0;0;-38,567952;-3,783617
288564;4;6;2016;12:52;0;AV CARAPINIMA;;;;;Colisão;Luz do Dia;;;Meio de Quadra;;;0;0;1;0;0;0;0;0;0;0;0;0;;
288568;4;6;2016;13:12;3809;AV CARAPINIMA;RUA PDE FRANCISCO PINTO;;;;Colisão;Luz do Dia;;;Cruz;Semáforo;Comercial;0;0;1;0;0;0;0;0;0;0;0;0;-38,541958;-3,741723
288569;4;6;2016;13:28;0;AV CARNEIRO DE MENDONCA;;;1116;;Colisão;Luz do Dia;;;Meio de Quadra;;;0;0;1;0;0;0;0;0;0;0;0;0;-38,569128;-3,762836
288570;4;6;2016;13:30;0;AV BORGES DE MELO;;;;;Colisão;Luz do Dia;;;Meio de Quadra;;;0;0;1;0;0;0;0;0;0;0;0;0;;
288571;4;6;2016;13:37;0;AV PRS COSTA E SILVA;;;;;Colisão;Luz do Dia;;;Meio de Quadra;;;0;0;1;0;0;0;0;0;0;0;0;0;;
288556;4;6;2016;11:25;7759;AV BAR STUDART;RUA DOM EXPEDITO LOPES;;;;Colisão;Luz do Dia;;;Cruz;Pare;Comercial;0;0;1;0;0;0;0;0;0;0;0;0;-38,509133;-3,742519
288553;4;6;2016;11:24;0;AV CONTORNO SUL;;;330;;Colisão;Luz do Dia;;;Meio de Quadra;;;0;0;2;1;1;0;0;0;0;0;0;0;-38,519074;-3,837317
288551;4;6;2016;11:06;4615;RUA CRISANTO M DA ROCHA;RUA JOSE ANASTACIO DIAS;;;;Colisão;Luz do Dia;;;Cruz;Pare;Comercial;0;0;1;0;0;0;0;0;0;0;0;0;-38,480432;-3,797667
285215;4;6;2016;22:00;15145;AV BAR STUDART;AV HIS RAIMUNDO GIRAO;;;;Colisão Lateral;Via Iluminada;Bom;Seca;Cruz;Semáforo;Industrial;0;0;3;1;0;0;0;0;0;1;0;0;-38,503367;-3,724494
285220;4;6;2016;07:20;0;AV DR SILAS MUNGUBA;;;5225;;Colisão;Luz do Dia;Bom;Seca;Meio de Quadra;Não Há Controle;Comercial;0;1;0;0;0;0;0;0;0;1;0;0;-38,530877;-3,799018
285218;4;6;2016;17:55;0;AV BEIRA MAR;;;;;Colisão Traseira;Anoitecer;Bom;Seca;Meio de Quadra;Não Há Controle;Residencial;0;1;2;1;0;0;0;0;0;1;0;0;;
285223;4;6;2016;08:40;13173;AV L CJ JOSE WALTER;RUA 56 CJ JOSE WALTER;;;;Colisão Lateral;Luz do Dia;Bom;Seca;Cruz;Não Há Controle;Comercial;0;1;1;1;0;0;0;0;0;1;0;0;-38,557872;-3,83226
285225;4;6;2016;18:30;0;AV SEN FERNANDES TAVORA;;;;;Engavetamento;Anoitecer;Bom;Seca;Meio de Quadra;Outros;Residencial;0;0;3;1;0;0;0;0;0;0;0;0;;
285228;4;6;2016;18:10;256;AV JOVITA FEITOSA;RUA PEDRO DE QUEIROZ;;;;Colisão Lateral;Via Iluminada;Bom;Seca;Cruz;Pare;Comercial;0;0;2;1;0;0;1;0;0;0;0;0;-38,559662;-3,740484
285229;4;6;2016;08:00;6545;AV A CJ CEARA;AV H CJ CEARA;;;;Colisão Transversal;Luz do Dia;Bom;Seca;Cruz;Pare;Comercial;0;0;2;1;0;0;0;1;0;0;0;0;-38,605924;-3,775146
285245;4;6;2016;10:48;1558;RUA PDE VALDEVINO;AV BAR STUDART;;;;Colisão Transversal;Luz do Dia;Bom;Seca;Cruz;Semáforo;Residencial;0;0;2;1;0;0;0;0;0;0;0;0;-38,508855;-3,741641
285246;4;6;2016;19:15;0;AV PRS COSTA E SILVA;;;;;Colisão Transversal;Via Iluminada;Bom;Seca;Meio de Quadra;;Residencial;0;0;2;1;1;0;0;0;0;0;0;0;;
285242;4;6;2016;00:30;9132;AV 13 DE MAIO;RUA JAIME BENEVOLO;;;;Colisão;Via Iluminada;Bom;Seca;Cruz;Semáforo;Comercial;0;0;2;0;0;0;0;0;0;1;0;0;-38,530741;-3,748122
285240;4;6;2016;08:30;0;RUA CASTRO E SILVA;;;880;;Atropelamento;Luz do Dia;Bom;Seca;Meio de Quadra;Semáforo;Comercial;0;1;1;0;0;0;0;0;0;1;0;0;-38,533049;-3,721968
285238;4;6;2016;10:00;0;RUA PRC ISABEL;;;;;;Luz do Dia;Bom;Seca;Meio de Quadra;Não Há Controle;Comercial;0;0;2;1;0;0;0;1;0;0;0;0;;
285235;4;6;2016;21:50;0;AV DR SILAS MUNGUBA;;;;;Colisão Traseira;Anoitecer;Bom;Seca;;Semáforo;Residencial;0;0;2;1;0;0;0;0;0;0;0;0;;
285231;4;6;2016;12:15;0;AV PRO GOMES DE MATOS;;;;;Colisão;Luz do Dia;Bom;Seca;Meio de Quadra;Pare;Comercial;0;0;1;0;0;0;0;0;0;0;0;0;;
285232;4;6;2016;15:45;26236;RUA BERNARDO MANUEL;AV DR SILAS MUNGUBA;;;;Colisão Transversal;Luz do Dia;Bom;Seca;Cruz;Semáforo;Comercial;0;1;1;1;0;0;0;0;0;1;0;0;-38,54796;-3,787538
285233;4;6;2016;10:30;6804;RUA ALMEIDA PRADO;RUA BENTO ALBUQUERQUE;;;;Colisão Lateral;Luz do Dia;Bom;Seca;Cruz;Semáforo;Residencial;0;0;2;1;0;0;1;0;0;0;0;0;-38,475918;-3,746101
285254;4;6;2016;22:10;6752;AV SANTOS DUMONT;RUA PRO OTAVIO LOBO;;;;Colisão Transversal;;Bom;Seca;Cruz;;Residencial;0;0;2;1;0;0;0;0;0;0;0;0;-38,477829;-3,742845
285255;4;6;2016;20:45;0;RUA BERNARDO MANUEL;;;;;Colisão Transversal;Via Iluminada;Bom;Seca;Meio de Quadra;Semáforo;Comercial;0;0;2;1;0;0;0;0;0;0;0;0;;
285261;4;6;2016;13:30;3789;AV 13 DE MAIO;RUA WALDERY UCHOA;;;;Colisão Lateral;Luz do Dia;Bom;Seca;Cruz;Outros;Comercial;0;1;1;1;0;0;0;0;0;1;0;0;-38,537427;-3,742399
285263;4;6;2016;05:00;0;AV OLIVEIRA PAIVA;;;1465;;Choque c/ Obstáculo Fixo;Luz do Dia;Bom;Seca;Meio de Quadra;Outros;Comercial;0;0;1;1;0;0;0;0;0;0;0;0;-38,493379;-3,795587
285257;4;6;2016;16:10;0;RUA AMAZONAS;;;;;Colisão Lateral;Luz do Dia;Bom;Seca;Meio de Quadra;Outros;Residencial;0;0;2;1;0;0;0;0;0;0;0;0;;
285278;4;6;2016;03:00;0;AV BEZERRA DE MENEZES;;;1001;;Colisão Transversal;Via Iluminada;Bom;;Meio de Quadra;Não Há Controle;Comercial;0;0;2;1;0;0;0;0;0;0;0;0;-38,553777;-3,733456
285270;4;6;2016;09:10;0;AV FRANCISCO SA;;;2880;;Atropelamento;Luz do Dia;Bom;Seca;Meio de Quadra;;Residencial;0;2;0;0;0;0;0;0;0;1;0;0;-38,551297;-3,719418
285271;4;6;2016;15:30;0;RUA CEL MANUEL ALBANO;;;649;;Choque c/ Obstáculo Fixo;Luz do Dia;Bom;Seca;Meio de Quadra;Não Há Controle;Residencial;0;1;0;1;0;0;0;0;0;0;0;0;;
285272;4;6;2016;17:00;19753;RUA ERICO MOTA;RUA AZEVEDO BOLAO;;;;Colisão Transversal;Anoitecer;Bom;Seca;Cruz;Pare;Residencial;0;0;2;1;0;0;0;0;0;0;0;0;-38,562522;-3,737645
285274;4;6;2016;10:30;0;AV PRO JOSE ARTHUR CARVALHO;;;795;;Colisão Traseira;Luz do Dia;Bom;Seca;Meio de Quadra;;;0;2;1;0;1;0;0;0;0;1;0;0;;
285265;4;6;2016;07:40;0;AV FRANCISCO SA;;;6100;;Colisão;;Bom;;Meio de Quadra;;;0;0;1;1;0;0;0;0;0;0;0;0;-38,578925;-3,710005
300999;4;6;2016;11:20;19657;AV BEZERRA DE MENEZES;RUA PRO RAIMUNDO ARRUDA;;0;;Colisão Lateral;Luz do Dia;Bom;Seca;Cruz;Semáforo;Comercial;0;1;1;0;1;0;0;0;0;1;0;0;-38,552148;-3,733126
301000;4;6;2016;10:45;0;RUA SAO FIDELIS D71;;;330;;Colisão Lateral;Luz do Dia;Bom;Seca;T;Não Há Controle;Residencial;0;0;2;1;1;0;0;0;0;0;0;0;-38,59181;-3,819911
301001;4;6;2016;15:20;0;AV PRS COSTA E SILVA;;;0;;Colisão Transversal;Luz do Dia;Bom;Seca;Meio de Quadra;Não Há Controle;Comercial;0;0;3;1;0;0;0;0;0;0;0;0;;
301002;4;6;2016;18:30;0;AV C CJ CEARA;;;0;;Colisão Frontal;Via Iluminada;Bom;Seca;Meio de Quadra;Pare;Residencial;0;0;2;1;0;0;0;0;0;1;0;0;;
293054;4;6;2016;04:50;0;AV GAL OSORIO DE PAIVA;;;3477;;Colisão;Luz do Dia;;;Meio de Quadra;;;0;1;1;0;1;0;0;0;0;1;0;0;-38,589222;-3,79152
293058;4;6;2016;20:50;0;AV GAL OSORIO DE PAIVA;;;6399;;Colisão;;;;Meio de Quadra;;;0;1;3;1;0;1;0;0;0;0;0;0;;
293059;4;6;2016;22:00;0;RUA MARIA JULIA;;;505;;Colisão;;;;Meio de Quadra;;;0;0;2;0;0;0;0;0;0;0;0;0;-38,599249;-3,790373
293070;5;6;2016;19:54;0;AV MR HULL;;;2840;;Colisão;;;;Meio de Quadra;;;0;1;1;1;0;0;0;0;0;1;0;0;-38,569106;-3,736619
285353;5;6;2016;20:20;5051;RUA SEN POMPEU;RUA SEN JAGUARIBE;;;;Colisão Transversal;Via Iluminada;Bom;Seca;Cruz;Pare;Comercial;0;0;2;1;0;0;1;0;0;0;0;0;-38,528055;-3,721667
285345;5;6;2016;08:30;0;RUA PDE ANCHIETA;;;;;Colisão Traseira;;Bom;;Meio de Quadra;;Comercial;0;0;2;0;0;0;0;0;0;0;0;0;;
285330;5;6;2016;04:00;11001;RUA ANTONIO FIUZA;RUA ELCIAS LOPES;;;;Colisão Lateral;Via Iluminada;Bom;Seca;Cruz;Pare;Comercial;0;1;2;1;0;0;0;0;0;0;0;0;-38,552914;-3,77209
285328;5;6;2016;21:00;0;AV AGUANAMBI;;;1396;;Colisão Traseira;Via Iluminada;Bom;Seca;Meio de Quadra;Não Há Controle;Comercial;0;0;2;1;0;0;0;0;0;0;0;0;;
285334;5;6;2016;16:12;1599;RUA VICENTE LINHARES;AV SEN VIRGILIO TAVORA;;;;Colisão Transversal;Luz do Dia;Bom;Seca;Cruz;Semáforo;Comercial;0;0;2;0;0;0;0;0;0;0;0;0;-38,49537;-3,743743
285342;5;6;2016;13:20;0;RUA PRO RAIMUNDO ARRUDA;;;65;;Colisão Transversal;Luz do Dia;Bom;Seca;Meio de Quadra;Pare;Residencial;0;0;2;1;0;0;0;0;0;0;0;0;-38,552038;-3,733696
285313;5;6;2016;22:00;5209;RUA JOAO CORDEIRO;RUA TEN BENEVOLO;;;;Colisão Transversal;;Bom;Seca;Cruz;Semáforo;Residencial;0;1;1;1;0;0;0;0;0;1;0;0;-38,513424;-3,726514
285294;5;6;2016;08:30;15289;AV DES MOREIRA;RUA ANA BILHAR;;;;Colisão Transversal;Luz do Dia;Bom;Seca;Cruz;Semáforo;Residencial;0;0;2;1;0;0;0;0;0;0;0;0;-38,496113;-3,729331
285298;5;6;2016;06:00;15204;AV ABOLICAO;RUA JULIO IBIAPINA;;;;Colisão Traseira;Luz do Dia;Bom;Seca;Cruz;Semáforo;Residencial;0;0;2;1;0;0;0;0;0;0;0;0;-38,49129;-3,726679
285302;5;6;2016;13:30;0;RUA FAUSTO CABRAL;;;941;;Engavetamento;Luz do Dia;Bom;Seca;Meio de Quadra;Não Há Controle;Residencial;0;0;3;1;0;0;0;0;0;0;0;0;-38,472698;-3,734741
288616;5;6;2016;07:53;10977;RUA JULIO VERNE;RUA OUTONO;;;;Colisão;Luz do Dia;;;Cruz;Pare;Comercial;0;0;1;0;0;0;0;0;0;0;0;0;-38,554348;-3,77493
288617;5;6;2016;07:57;0;RUA TEN ELIEZER COSTA;;;270;;Colisão;Luz do Dia;;;Meio de Quadra;;;0;0;2;0;0;0;0;0;0;0;0;0;;
288618;5;6;2016;08:00;18024;AV ZEZE DIOGO;RUA RENATO BRAGA;;;;Colisão;Luz do Dia;;;Cruz;Semáforo;Comercial;0;0;1;0;0;0;0;0;0;0;0;0;-38,457892;-3,73092
288613;5;6;2016;07:01;0;AV GAL OSORIO DE PAIVA;;;4505;;Colisão Traseira;Luz do Dia;Bom;Seca;Meio de Quadra;Não Há Controle;Comercial;0;1;3;1;1;0;0;0;0;0;0;0;-38,595561;-3,798017
288610;5;6;2016;06:48;25186;RUA REPUBLICA ARMENIA;RUA VER PEDRO PAULO MOREIRA;;;;Colisão;Luz do Dia;;;Cruz;Pare;Comercial;0;0;1;0;0;0;0;0;0;0;0;0;-38,48156;-3,787002
288627;5;6;2016;10:39;18528;AV BEZERRA DE MENEZES;AV ENG HUMBERTO MONTE;;;;Colisão;Luz do Dia;;;;;;0;0;1;0;0;0;0;0;0;0;0;0;-38,569025;-3,736609
288624;5;6;2016;09:10;6743;AV SANTOS DUMONT;RUA ALMEIDA PRADO;;;;Colisão;Luz do Dia;;;Cruz;Semáforo;Comercial;0;0;1;0;0;0;0;0;0;0;0;0;-38,475153;-3,743712
288622;5;6;2016;09:04;15104;AV HIS RAIMUNDO GIRAO;RUA ILDEFONSO ALBANO;;;;Colisão Lateral;Luz do Dia;Bom;Seca;Cruz;Semáforo;Residencial;0;0;4;1;1;0;0;0;0;0;0;0;-38,509542;-3,721603
288663;5;6;2016;21:28;0;AV OLIVEIRA PAIVA;;;1170;;Colisão Traseira;Via Iluminada;Bom;Seca;Meio de Quadra;Pare;Comercial;0;0;3;1;0;0;0;0;0;0;0;0;-38,496068;-3,795486
288654;5;6;2016;20:01;904;AV GOV RAUL BARBOSA;RD BR 116;;;;Colisão Lateral;;;;;;;0;0;2;0;1;0;0;0;0;1;0;0;;
288656;5;6;2016;20:05;23784;RUA MON AGOSTINHO;RUA RAIMUNDO NERY;;;;Colisão;;;;Cruz;Pare;Comercial;0;0;1;0;0;0;0;0;0;0;0;0;-38,587155;-3,792435
288648;5;6;2016;19:02;25519;AV ALM HENRIQUE SABOIA;AV GOV RAUL BARBOSA;;;;Colisão;;;;;Não Há Controle;Comercial;0;0;1;0;0;0;0;0;0;0;0;0;-38,50458;-3,758466
288649;5;6;2016;19:16;0;RUA JULIO BRAGA;;;;;Colisão;;;;Meio de Quadra;;;0;0;2;0;0;0;0;0;0;0;0;0;;
288650;5;6;2016;19:17;0;RUA NEREU RAMOS;;;1000;;Colisão;;;;Meio de Quadra;;;0;0;1;0;0;0;0;0;0;0;0;0;-38,575294;-3,783332
288659;5;6;2016;20:42;11253;AV GODOFREDO MACIEL;RUA EMILIO SA;;2947;;Colisão Transversal;Via Iluminada;Bom;Seca;Cruz;Pare;Residencial;0;2;2;1;0;0;0;0;0;0;0;0;-38,571541;-3,801663
288660;5;6;2016;20:46;0;AV SEN FERNANDES TAVORA;;;1628;;Colisão;;;;Meio de Quadra;;;0;0;1;0;0;0;0;0;0;0;0;0;-38,587113;-3,75954
288661;5;6;2016;21:18;0;RUA VILA VELHA;;;;;Colisão;;;;Meio de Quadra;;;0;0;1;0;0;0;0;0;0;0;0;0;;
288645;5;6;2016;18:51;0;AV JOSE LEON;RUA DA MANGUEIRA;;;;Colisão Traseira;Via Iluminada;Bom;Seca;Cruz;Pare;Residencial;0;0;3;1;0;0;0;0;0;0;0;0;;
288643;5;6;2016;18:34;0;AV SORIANO ALBUQUERQUE;;;;;Atropelamento;;;;Meio de Quadra;;;0;1;1;0;0;0;0;0;0;0;0;0;;
288629;5;6;2016;11:00;0;RUA MATOS VASCONCELOS;;;1358;;Colisão;Luz do Dia;;;Meio de Quadra;;;0;0;1;0;0;0;0;0;0;0;0;0;-38,554873;-3,756073
288631;5;6;2016;11:56;0;AV JOAO PESSOA;;;6494;;Colisão;Luz do Dia;;;Meio de Quadra;;;0;0;1;0;0;0;0;0;0;0;0;0;-38,559777;-3,767145
288632;5;6;2016;12:33;20273;RUA CRISANTO ARRUDA;RUA SAO TOMAZ DE AQUINO;;;;Colisão;Luz do Dia;;;;;;0;0;1;0;0;0;0;0;0;0;0;0;-38,524257;-3,816402
288633;5;6;2016;12:34;577;AV FRANCISCO SA;AV DR THEBERGE;;;;Colisão;Luz do Dia;;;Cruz;Semáforo;Comercial;0;0;1;0;0;0;0;0;0;0;0;0;-38,565016;-3,714822
288634;5;6;2016;13:50;0;AV AGUANAMBI;;;;;Colisão Traseira;Luz do Dia;Bom;Seca;Rotatória;Semáforo;Comercial;0;0;4;1;0;0;0;0;0;0;0;0;;
288635;5;6;2016;13:56;4875;RUA JARDIM FLUMINENSE;RUA CON DE CASTRO;;5624;;Colisão Frontal;Luz do Dia;Bom;Seca;Duplo T;Semáforo;Comercial;0;0;4;1;0;0;0;0;0;0;0;0;-38,597948;-3,812831
288636;5;6;2016;14:07;0;AV JOR THOMAZ COELHO;;;;;Colisão;Luz do Dia;;;Meio de Quadra;;;0;0;1;0;0;0;0;0;0;0;0;0;;
288637;5;6;2016;16:37;0;AV DA INDEPENDENCIA;;;132;;Colisão;Luz do Dia;;;Meio de Quadra;;;0;0;1;0;0;0;0;0;0;0;0;0;-38,583441;-3,729164
288638;5;6;2016;17:22;19353;RUA GERMANO FRANCK;RUA CAIO PRADO;;;;Colisão Transversal;Via Iluminada;Bom;Seca;T;Não Há Controle;Comercial;0;0;4;1;0;0;0;0;0;0;0;0;-38,560982;-3,776373
288639;5;6;2016;18:27;0;AV SGT HERMINIO SAMPAIO;;;3647;;Choque c/ Obstáculo Fixo;Anoitecer;;;Meio de Quadra;;;0;0;1;0;0;0;0;0;0;0;0;0;-38,573048;-3,729066
288640;5;6;2016;18:28;0;AV AGUANAMBI;;;;;Colisão;Anoitecer;;;Meio de Quadra;;;0;0;1;0;0;0;0;0;0;0;0;0;;
287982;5;6;2016;00:29;9257;AV AGUANAMBI;RUA CEL PERGENTINO FERREIRA;;;;Queda;;;;Cruz;Semáforo;Comercial;0;1;0;0;0;0;0;0;0;1;0;0;-38,524049;-3,748634
287983;5;6;2016;00:55;0;AV PRS JUSCELINO KUBITSCHEK (PASSARÉ);;;;;Colisão;;;;Meio de Quadra;;;0;1;1;1;0;0;0;0;0;1;0;0;;
287991;5;6;2016;01:51;0;RUA JULIO VERNE;;;507;;Colisão;;;;Meio de Quadra;;;0;1;1;0;0;0;0;0;0;1;0;0;-38,554269;-3,774955
287992;5;6;2016;02:13;0;AV CONTORNO SUL;;;170;;Colisão;;;;Meio de Quadra;;;0;1;1;1;0;0;0;0;0;1;0;0;-38,489591;-3,85762
287993;5;6;2016;03:40;0;AV ENG HUMBERTO MONTE;;;1693;;Colisão;;;;Meio de Quadra;;;0;1;1;0;0;1;0;0;0;1;0;0;-38,563106;-3,745988
287994;5;6;2016;04:11;0;AV BEZERRA DE MENEZES;;;;;Colisão;;;;Meio de Quadra;;;0;0;3;1;0;0;0;0;0;1;0;0;;
287995;5;6;2016;04:16;0;AV 13 DE MAIO;;;;;Colisão;;;;Meio de Quadra;;;0;1;1;0;0;0;0;0;0;1;0;0;;
287985;5;6;2016;00:56;11001;RUA ANTONIO FIUZA;RUA ELCIAS LOPES;;;;Colisão;;;;Cruz;Pare;Comercial;0;1;2;1;0;0;0;0;0;1;0;0;-38,552914;-3,77209
287986;5;6;2016;01:03;0;RUA WALDIR DIOGO;;;742;;Colisão;;;;Meio de Quadra;;;0;1;1;1;0;0;0;0;0;1;0;0;-38,584661;-3,804826
287987;5;6;2016;01:07;0;RUA ANA BRITO;;;;;Colisão;;;;Meio de Quadra;;;0;1;1;1;0;0;0;0;0;1;0;0;;
287988;5;6;2016;01:17;0;AV PERIMETRAL;;;;;Queda;;;;Meio de Quadra;;;0;1;0;0;0;0;0;0;0;1;0;0;;
287989;5;6;2016;01:19;0;RUA PDE FRANCISCO PITA;;;65;;Colisão;;;;Meio de Quadra;;;0;1;1;1;0;0;0;0;0;1;0;0;-38,505825;-3,779765
287999;5;6;2016;04:39;3407;RUA MATOS VASCONCELOS;TR SONIA MARIA;;;;Colisão;;;;T;Não Há Controle;Residencial;0;1;1;1;0;0;0;0;0;1;0;0;-38,555142;-3,756377
288000;5;6;2016;05:05;10300;AV SEN FERNANDES TAVORA;RUA JOSE MENDONCA;;;;Atropelamento;Amanhecer;;;Cruz;Pare;Comercial;0;1;1;0;0;0;0;0;0;1;0;0;-38,601696;-3,754492
288001;5;6;2016;06:11;577;AV DR THEBERGE;AV FRANCISCO SA;;;;Colisão;Luz do Dia;;;Cruz;Semáforo;Comercial;0;1;1;1;0;0;0;0;0;1;0;0;-38,565016;-3,714822
288002;5;6;2016;07:06;9413;RUA CARNAUBAL;RUA GAUDIOSO CARVALHO;;;;Colisão;Luz do Dia;;;;;;0;1;0;0;0;0;0;0;0;1;0;0;-38,580391;-3,722783
288005;5;6;2016;08:13;0;RUA TULIPA NEGRA;;;2078;;Colisão;Luz do Dia;;;Meio de Quadra;;;0;1;0;0;0;0;0;0;0;0;0;0;-38,59838;-3,818918
288006;5;6;2016;09:38;0;RUA CEL FABRICIANO;;;1550;;Queda;Luz do Dia;;;Meio de Quadra;;;0;1;0;0;0;0;0;0;0;1;0;0;-38,60593;-3,783297
288007;5;6;2016;10:14;0;RUA CAR ARCO VERDE;;;445;;Atropelamento;Luz do Dia;;;Meio de Quadra;;;0;1;1;1;0;0;0;0;0;0;0;0;;
288008;5;6;2016;11:35;13529;AV SORIANO ALBUQUERQUE;RUA PDE ANTONINO;;;;Atropelamento;Luz do Dia;;;Cruz;Não Há Controle;Residencial;0;1;1;1;0;0;0;0;0;0;0;0;-38,520476;-3,747537
288016;5;6;2016;12:24;0;RUA DIOGO CORREIA;;;68;;Colisão;Luz do Dia;;;Meio de Quadra;;;0;1;1;1;0;0;0;0;0;1;0;0;;
288017;5;6;2016;12:28;0;AV ALM HENRIQUE SABOIA;;;;;Atropelamento;Luz do Dia;;;Meio de Quadra;;;0;1;1;1;0;0;0;0;0;0;0;0;;
288018;5;6;2016;13:45;0;AV PRS COSTA E SILVA;;;1271;;Queda;Luz do Dia;;;Meio de Quadra;;;0;1;0;0;0;0;0;0;0;1;0;0;;
288019;5;6;2016;14:06;0;RUA DR FERNANDO AUGUSTO;;;158;;Colisão;Luz do Dia;;;Meio de Quadra;;;0;1;1;1;0;0;0;0;0;1;0;0;-38,595228;-3,795648
288020;5;6;2016;14:19;0;RUA CAP JOAO FERREIRA LIMA;;;200;;Colisão;Luz do Dia;;;Meio de Quadra;;;0;1;1;1;0;0;0;0;0;1;0;0;;
288010;5;6;2016;11:49;0;RUA DR ESTENIO GOMES;;;1812;;Colisão;Luz do Dia;;;Meio de Quadra;;;0;1;1;1;0;0;0;0;0;1;0;0;-38,588678;-3,798167
288011;5;6;2016;12:15;0;AV DR SILAS MUNGUBA;;;3912;;Queda;Luz do Dia;;;Meio de Quadra;;;0;1;0;0;0;0;0;0;0;1;0;0;-38,538732;-3,790924
288012;5;6;2016;12:18;9887;RUA CEL JOAO CORREIA;RUA PAULINO ROCHA D32;;;;Colisão;Luz do Dia;;;;;;0;1;1;0;0;0;0;0;0;1;0;0;-38,625118;-3,785508