COD_ACIDENTE;DIA;MES;ANO;HORA;INTERSECAO;LOG1;LOG2;LOG3;NUMERO;REFERENCIA;NATUREZA;ILUMINACAO;TEMPO;SUPERFICIEPISTA;TIPOCRUZAMENTO;CONTROLETRAFEGO;USOSOLO;MORTOS;FERIDOS;ILESOS;AUTOMOVEL;ONIBUS;BICICLETA;CAMINHAO;MICROONIBUS;CICLOMOTOR;MOTOCICLETA;TRACAOANIMAL;TREM;LONG;LAT
288030;5;6;2016;15:18;0;RUA PARQUE VILA VELHA II;;;162;;Colisão;Luz do Dia;;;Meio de Quadra;;;0;1;2;1;0;0;0;0;0;1;0;0;;
288032;5;6;2016;15:23;0;RUA FRE ODILON;;;19;;Queda;Luz do Dia;;;Meio de Quadra;;;0;1;0;0;0;1;0;0;0;0;0;0;;
288046;5;6;2016;16:57;0;AV DIOGUINHO;;;;;Colisão;Luz do Dia;;;Meio de Quadra;;;0;1;2;1;0;0;0;0;0;1;0;0;;
288048;5;6;2016;17:30;0;AV JANGADEIROS (MUCURIPE);;;668;;Colisão;Anoitecer;;;Meio de Quadra;;;0;1;1;1;0;0;0;0;0;1;0;0;-38,477693;-3,724431
288034;5;6;2016;15:34;25745;RUA FRANCISCO JOSE A PEREIRA;RUA DR WANDA SIDOU;;;;Colisão Transversal;Via Iluminada;Bom;Seca;Cruz;Não Há Controle;Residencial;0;1;4;1;0;0;0;0;0;1;0;0;;
288035;5;6;2016;15:43;0;AV SEN FERNANDES TAVORA;;;2878;;Atropelamento;Luz do Dia;;;Meio de Quadra;;;0;1;1;0;0;0;0;0;0;1;0;0;-38,597712;-3,755228
287576;5;6;2016;13:10;0;RD BR 222;;;700;KM-01;Colisão Traseira;Luz do Dia;Bom;Seca;Meio de Quadra;;;0;0;3;1;0;0;0;0;0;0;0;0;-38,578147;-3,737698
287172;5;6;2016;19:55;0;RD BR 116;;;0;KM-03;Colisão Lateral;;Bom;Seca;Meio de Quadra;;;0;0;2;0;1;0;0;0;0;1;0;0;-38,51386954;-3,781255671
288049;6;6;2016;00:06;0;RUA ARTUR DE CARVALHO;;;273;;Colisão;;;;Meio de Quadra;;;0;1;1;1;0;0;0;0;0;1;0;0;-38,534863;-3,761539
288050;6;6;2016;01:28;0;AV ALBERTO CRAVEIRO;;;2644;;Queda;;;;Meio de Quadra;;;0;1;1;0;0;0;0;0;0;1;0;0;-38,521448;-3,803094
288052;6;6;2016;01:29;0;AV GAL OSORIO DE PAIVA;;;7466;;Atropelamento;;;;Meio de Quadra;;;0;1;1;1;0;0;0;0;0;0;0;0;-38,614031;-3,817057
288053;6;6;2016;01:41;0;RUA 69 CJ JOSE WALTER;;;471;;Colisão;;;;Meio de Quadra;;;0;1;0;0;0;0;0;0;0;0;0;0;;
288054;6;6;2016;01:45;0;RUA VALPARAISO;;;1941;;Colisão;;;;Meio de Quadra;;;0;1;1;1;0;0;0;0;0;1;0;0;;
288055;6;6;2016;01:55;0;AV D CJ JOSE WALTER;;;471;;Colisão;;;;Meio de Quadra;;;0;1;1;1;0;0;0;0;0;1;0;0;-38,557143;-3,831185
288056;6;6;2016;02:03;10695;RUA PRO HERIBALDO COSTA;RUA MON HIPOLITO BRASIL;;;;Colisão;;;;Cruz;Pare;Comercial;0;1;1;1;0;0;0;0;0;1;0;0;-38,582275;-3,757069
288057;6;6;2016;02:16;0;AV FRANCISCO SA;;;;;Queda;;;;Meio de Quadra;;;0;1;0;0;0;0;0;0;0;1;0;0;;
288058;6;6;2016;02:27;0;AV DIOGUINHO;;;6361;;Colisão;;;;Meio de Quadra;;;0;1;1;1;0;0;0;0;0;1;0;0;;
288141;6;6;2016;20:11;0;RUA GERMANO FRANCK;;;80;;Colisão;;;;Meio de Quadra;;;0;1;0;0;0;0;0;0;0;0;0;0;-38,558066;-3,7739
288138;6;6;2016;19:36;0;RUA RIO GRANDE DO SUL;;;1300;;Colisão;;;;Meio de Quadra;;;0;1;1;0;0;0;0;0;0;1;0;0;-38,56806;-3,759397
288139;6;6;2016;19:47;0;AV PONTES VIEIRA;;;855;;Colisão Traseira;Via Iluminada;Bom;Seca;Meio de Quadra;Semáforo;Comercial;0;2;2;1;0;0;0;0;0;1;0;0;-38,51346;-3,752724
288103;6;6;2016;17:09;0;AV RAD JOSE LIMA VERDE;;;740;;Colisão;Anoitecer;;;Meio de Quadra;;;0;1;1;1;0;0;0;0;0;1;0;0;-38,587595;-3,699402
288104;6;6;2016;18:01;0;AV ENG SANTANA JUNIOR;;;;;Colisão;Anoitecer;;;Meio de Quadra;;;0;1;1;1;0;0;0;0;0;1;0;0;;
288062;6;6;2016;04:50;0;RUA SAO GABRIEL;;;300;;Queda;;;;Meio de Quadra;;;0;1;0;0;0;0;0;0;0;1;0;0;;
288076;6;6;2016;11:27;0;AV IMPERADOR;;;839;;Atropelamento;Luz do Dia;Bom;Seca;Meio de Quadra;Não Há Controle;Comercial;0;1;3;0;1;0;0;0;0;0;0;0;-38,534884;-3,728658
288077;6;6;2016;12:44;0;AV CASTELO DE CASTRO;;;648;;Queda;Luz do Dia;;;Meio de Quadra;;;0;1;0;0;0;0;0;0;0;1;0;0;;
288065;6;6;2016;04:54;0;RUA SEN ROBERT KENNEDY;;;203;;Colisão;;;;Meio de Quadra;;;0;2;0;0;0;0;0;0;0;0;0;0;-38,577863;-3,701618
288066;6;6;2016;06:05;0;RUA BENTO ALBUQUERQUE;;;686;;Colisão;Luz do Dia;;;Meio de Quadra;;;0;1;1;1;0;0;0;0;0;1;0;0;-38,482775;-3,743886
288067;6;6;2016;06:06;1425;AV BAR STUDART;RUA JOAO CARVALHO;;;;Atropelamento;Luz do Dia;;;Cruz;Semáforo;Comercial;0;1;1;0;0;0;0;0;0;1;0;0;-38,507567;-3,737632
288068;6;6;2016;08:29;0;AV MOZART PINHEIRO DE LUCENA;;;1575;;Colisão;Luz do Dia;;;Meio de Quadra;;;0;1;1;1;0;0;0;0;0;1;0;0;-38,59512;-3,716258
288069;6;6;2016;08:35;0;AV AGUANAMBI;;;;;Colisão;Luz do Dia;;;Meio de Quadra;;;0;1;1;1;0;0;0;0;0;1;0;0;;
288070;6;6;2016;08:58;0;RUA VITORIA REGIA;;;1884;;Colisão;Luz do Dia;;;Meio de Quadra;;;0;1;1;0;0;0;0;0;0;1;0;0;;
288083;6;6;2016;14:01;0;AV WASHINGTON SOARES;;;1010;;Colisão;Luz do Dia;;;Meio de Quadra;;;0;1;2;1;0;0;0;0;0;1;0;0;-38,482678;-3,763699
288079;6;6;2016;12:55;0;AV JOSE BASTOS;;;3602;;Colisão;Luz do Dia;;;Meio de Quadra;;;0;1;1;1;0;1;0;0;0;0;0;0;-38,55112;-3,750658
288072;6;6;2016;11:12;0;AV ALBERTO CRAVEIRO;;;2610;;Queda;Luz do Dia;;;Meio de Quadra;;;0;1;0;0;0;0;0;0;0;1;0;0;-38,521284;-3,802892
288073;6;6;2016;11:19;0;AV HERACLITO GRACA;;;909;;Colisão;Luz do Dia;;;Meio de Quadra;;;0;1;1;1;0;0;0;0;0;1;0;0;-38,516591;-3,736053
288086;6;6;2016;14:38;0;AV JOSE BASTOS;;;5285;;Queda;Luz do Dia;;;Meio de Quadra;;;0;1;0;0;0;0;0;0;0;1;0;0;-38,563251;-3,758643
288088;6;6;2016;14:39;0;AV BENJAMIM BRASIL;;;1300;;Colisão;Luz do Dia;;;Meio de Quadra;;;0;1;1;1;0;1;0;0;0;0;0;0;-38,563597;-3,805982
288089;6;6;2016;14:53;1424;AV HERACLITO GRACA;RUA CARLOS VASCONCELOS;;;;Colisão;Luz do Dia;;;Cruz;Semáforo;Comercial;0;1;1;0;0;0;0;0;0;1;0;0;-38,512285;-3,73759
288093;6;6;2016;14:55;0;AV PRS COSTA E SILVA;;;;;Colisão;Luz do Dia;;;Meio de Quadra;;;0;1;0;0;0;0;0;0;0;0;0;0;;
288094;6;6;2016;15:01;0;AV SEN FERNANDES TAVORA;;;2433;;Colisão;Luz do Dia;;;Meio de Quadra;;;0;1;0;0;0;0;0;0;0;0;0;0;-38,594468;-3,755837
288669;6;6;2016;00:54;0;AV JOR THOMAZ COELHO;;;1431;;Colisão;;;;Meio de Quadra;;;0;0;1;0;0;0;0;0;0;0;0;0;-38,508084;-3,830178
288670;6;6;2016;04:59;0;RUA ESPIRITO SANTO;;;363;;Choque c/ Obstáculo Fixo;;;;Meio de Quadra;;;0;0;1;0;0;0;0;0;0;0;0;0;-38,567293;-3,751513
288676;6;6;2016;08:01;8009;RUA DELMIRO FARIAS;RUA CARLOS CAMARA;;;;Colisão;Luz do Dia;;;Cruz;Pare;Comercial;0;0;2;0;0;0;0;0;0;0;0;0;-38,54668;-3,751026
288677;6;6;2016;08:47;11158;RUA JOSE MENELEU D41;RUA JULIO GASPAR;;;;Colisão;Luz do Dia;;;Cruz;Pare;Residencial;0;0;2;0;0;0;0;0;0;0;0;0;-38,560804;-3,784374
288679;6;6;2016;09:07;0;AV PRS COSTA E SILVA;;;2051;;Colisão;Luz do Dia;;;Meio de Quadra;;;0;0;2;0;0;0;0;0;0;0;0;0;-38,563161;-3,818812
288685;6;6;2016;10:15;23319;RUA GAL OLAVO OLIVEIRA ALBUQUERQUE;RUA SAO GABRIEL D56;;399;;Colisão Transversal;Luz do Dia;Bom;Seca;Cruz;Pare;Residencial;0;2;1;0;0;0;0;0;0;1;0;0;-38,493487;-3,751231
288682;6;6;2016;09:14;1709;RUA CAP ARAGAO;RUA CAP OLAVO;;;;Colisão Transversal;Luz do Dia;Bom;Seca;Cruz;Semáforo;Comercial;0;0;4;1;0;0;0;0;0;0;0;0;-38,515937;-3,765348
288683;6;6;2016;09:53;0;RUA OSVALDO CRUZ;;;1842;;Colisão Lateral;Luz do Dia;Bom;Seca;Meio de Quadra;Não Há Controle;Residencial;0;0;4;1;0;0;0;0;0;0;0;0;;
288687;6;6;2016;10:21;15327;RUA ANA BILHAR;AV SEN VIRGILIO TAVORA;;;;Colisão;Luz do Dia;;;Cruz;Semáforo;Residencial;0;0;1;0;0;0;0;0;0;0;0;0;-38,491262;-3,730893
288700;6;6;2016;10:26;12837;AV DOMINGOS OLIMPIO;RUA JAIME BENEVOLO;;;;Colisão Lateral;Luz do Dia;Bom;Seca;Cruz;Semáforo;Comercial;0;0;4;1;1;0;0;0;0;0;0;0;-38,527245;-3,73778
288840;6;6;2016;22:31;0;AV PONTES VIEIRA;;;855;;Colisão;;;;Meio de Quadra;;;0;1;1;1;0;0;0;0;0;1;0;0;-38,51346;-3,752724
288838;6;6;2016;21:49;0;AV ROGACIANO LEITE;;;400;;Colisão;;;;Meio de Quadra;;;0;0;2;0;0;0;0;0;0;0;0;0;-38,493409;-3,761667
288836;6;6;2016;20:22;0;AV AGUANAMBI;;;;;Colisão;;;;Meio de Quadra;;;0;0;2;1;0;0;0;0;0;0;0;0;;
288834;6;6;2016;20:02;0;AV RAD JOSE LIMA VERDE;;;;;Colisão;;;;Meio de Quadra;;;0;0;1;0;0;0;0;0;0;0;0;0;;
288832;6;6;2016;19:01;0;RUA BERNARDO MANUEL;;;7142;;Colisão Transversal;Via Iluminada;Bom;Não informada;Meio de Quadra;Não Há Controle;Residencial;0;0;4;1;0;0;0;0;0;0;0;0;-38,545751;-3,7802
288782;6;6;2016;18:20;1325;AV SANTOS DUMONT;RUA JOAQUIM NABUCO;;;;Colisão;Anoitecer;;;Cruz;Semáforo;Comercial;0;0;1;0;0;0;0;0;0;0;0;0;-38,501285;-3,735295
288777;6;6;2016;17:51;0;AV BORGES DE MELO;;;;;Colisão;Anoitecer;;;Meio de Quadra;;;0;0;1;0;0;0;0;0;0;0;0;0;;
288749;6;6;2016;17:03;1337;AV SANTOS DUMONT;RUA OSVALDO CRUZ (ALDEOTA);;;;Colisão;Anoitecer;;;Cruz;Semáforo;Comercial;0;2;0;0;1;0;0;0;0;0;0;0;-38,500317;-3,735602
288750;6;6;2016;17:10;12811;RUA PRE NOVE;AV DOS EXPEDICIONARIOS;;;;Colisão Traseira;Luz do Dia;Bom;Seca;T;Semáforo;Comercial;0;1;3;1;0;0;0;0;0;0;0;0;-38,538172;-3,755028
288760;6;6;2016;17:15;0;AV DUQ CAXIAS;;;;;Colisão;Anoitecer;;;Meio de Quadra;;;0;0;1;0;0;0;0;0;0;0;0;0;;
288761;6;6;2016;17:22;0;AV PRS CASTELO BRANCO;;;818;;Colisão;Anoitecer;;;Meio de Quadra;;;0;0;1;0;0;0;0;0;0;0;0;0;;
288762;6;6;2016;17:22;9043;RUA PDE MIGUELINHO;RUA BAR ARATANHA;;;;Colisão Lateral;Luz do Dia;Bom;Seca;Cruz;Pare;Comercial;0;2;3;1;0;0;0;0;0;0;0;0;-38,530045;-3,743861
288763;6;6;2016;17:34;10005;RUA TAQUARI;RUA DUAS NACOES;;;;Colisão Transversal;Via Iluminada;Bom;Seca;Cruz;Pare;Residencial;0;1;4;1;0;0;0;0;0;0;0;0;-38,601822;-3,776149
288746;6;6;2016;15:50;1291;RUA EDUARDO SALGADO;RUA ALFREDO SEVERO;;;;Colisão;Luz do Dia;;;;;;0;0;1;0;0;0;0;0;0;0;0;0;-38,508095;-3,734222
288747;6;6;2016;16:35;0;AV BENJAMIM BRASIL;;;1461;;Outros;Luz do Dia;;;Meio de Quadra;;;0;0;1;0;0;0;0;0;0;0;0;0;-38,562353;-3,80639
288733;6;6;2016;13:11;0;RUA APOCALIPSE (MONDUBIM);;;530;;Colisão;Luz do Dia;;;Meio de Quadra;;;0;0;1;0;0;0;0;0;0;0;0;0;;
288734;6;6;2016;13:54;24433;RUA RAUL CABRAL;RUA PRO VICENTE SILVEIRA;;;;Colisão;Luz do Dia;;;Cruz;Não Há Controle;Rural;0;0;2;0;0;0;0;0;0;0;0;0;-38,539854;-3,770427
288729;6;6;2016;12:51;5777;RUA CHICO LEMOS;RUA JOSE A CAVALCANTE;;;;Colisão;Luz do Dia;;;Cruz;;Residencial;0;0;1;0;0;0;0;0;0;0;0;0;-38,499317;-3,790905
288727;6;6;2016;12:50;0;RUA TULIPA NEGRA;;;;;Colisão;Luz do Dia;;;;;;0;0;1;0;0;0;0;0;0;0;0;0;;
288739;6;6;2016;14:28;0;AV BEZERRA DE MENEZES;;;1820;;Colisão Traseira;Luz do Dia;Bom;Seca;Meio de Quadra;Não Há Controle;Comercial;0;1;3;1;0;0;0;0;0;1;0;0;-38,560902;-3,734929
288736;6;6;2016;14:09;0;AV DES FLORIANO BENEVIDES;;;;;Colisão;Luz do Dia;;;Meio de Quadra;;;0;0;1;0;0;0;0;0;0;0;0;0;;
288741;6;6;2016;14:50;9081;AV AGUANAMBI;AV 13 DE MAIO;;1827;;Colisão Lateral;Via Iluminada;Bom;Seca;Cruz;Semáforo;Comercial;0;0;3;1;0;0;0;0;0;0;0;0;-38,523451;-3,753844
288742;6;6;2016;15:13;4830;RUA DAS PITANGUEIRAS;RUA ITATIAIA;;;;Colisão;Luz do Dia;;;Cruz;Não Há Controle;Residencial;0;0;2;0;0;0;0;0;0;0;0;0;-38,602538;-3,808917
288743;6;6;2016;15:26;25229;AV DR THEBERGE;AV OLAVO BILAC;;;;Colisão;Luz do Dia;;;Y;Pare;Misto;0;0;1;0;0;0;0;0;0;0;0;0;-38,567102;-3,721012
288716;6;6;2016;11:04;0;AV H CJ CEARA;;;1150;;Colisão;Luz do Dia;;;Meio de Quadra;;;0;0;2;0;0;0;0;0;0;0;0;0;-38,608042;-3,775514
288719;6;6;2016;11:38;0;AV FRANCISCO SA;;;;;Colisão;Luz do Dia;;;Meio de Quadra;;;0;0;1;0;0;0;0;0;0;0;0;0;;
288721;6;6;2016;12:32;17429;RUA RAUL CABRAL;RUA MIMOSA;;;;Colisão Transversal;Luz do Dia;Bom;Seca;Cruz;Pare;Comercial;0;1;3;1;0;0;0;0;0;1;0;0;-38,545143;-3,76862
288703;6;6;2016;10:54;25455;AV ENG JOSÉ GUIMARÃES;RUA PEDRO LAZAR;;;;Colisão;Luz do Dia;;;Cruz;Pare;Residencial;0;0;1;0;0;0;0;0;0;0;0;0;;
288704;6;6;2016;10:54;5382;RUA PINTO MADEIRA;RUA J DA PENHA;;;;Colisão Transversal;Luz do Dia;Bom;Seca;Cruz;Pare;Residencial;0;0;3;1;0;0;0;0;0;0;0;0;-38,518623;-3,731966
286214;6;6;2016;12:40;0;AV SEN CARLOS JEREISSATI (AEROPORTO);;;;KM 02;Colisão;Luz do Dia;Bom;Seca;Meio de Quadra;;;0;0;2;1;0;0;0;0;0;0;0;0;-38,535424;-3,782194
286215;6;6;2016;17:20;0;RD CE-040;;;;KM-09;Colisão;Anoitecer;Bom;Seca;Meio de Quadra;;;0;1;2;1;0;0;0;0;0;1;0;0;-38,481538;-3,825516
286219;6;6;2016;22:35;0;RD CE-040;;;;KM-02;Colisão;;Bom;Seca;Meio de Quadra;;;0;0;2;0;1;1;0;0;0;0;0;0;-38,482583;-3,76465
286507;6;6;2016;15:30;0;RD CE-040;;;;KM-03;Colisão;Luz do Dia;Bom;Seca;Meio de Quadra;;;0;0;2;1;0;0;0;0;0;1;0;0;-38,481799;-3,773616
285360;6;6;2016;15:29;14421;RUA PDE ANCHIETA;AV SGT HERMINIO SAMPAIO;;;;Colisão Traseira;Luz do Dia;Bom;Seca;Cruz;Gesto;Residencial;0;0;2;1;0;0;0;0;0;0;0;0;-38,551079;-3,724693
285358;6;6;2016;07:25;3348;RUA MARIO DE ANDRADE;RUA MINAS GERAIS;;;;Colisão Lateral;Anoitecer;Bom;Seca;Cruz;Pare;Residencial;0;0;2;1;0;0;0;0;0;0;0;0;-38,561389;-3,751314
285451;6;6;2016;20:40;242;RUA GAL BERNARDO FIGUEIREDO;RUA COS ALVARO DE OLIVEIRA;;;;Outros;;;;;;;0;0;2;1;0;0;0;0;0;0;0;0;-38,555261;-3,740373
285452;6;6;2016;22:10;12514;AV LINEU MACHADO;RUA JULIO BRAGA;;;;Colisão Lateral;Via Iluminada;Bom;Seca;Outros;Semáforo;Residencial;0;0;2;1;0;0;0;0;0;0;0;0;-38,58179;-3,775335
285447;6;6;2016;07:10;0;RUA VALPARAISO;;;;;Colisão Lateral;Luz do Dia;Bom;Seca;T;Pare;Residencial;0;0;2;1;0;0;0;0;0;1;0;0;-38,534096;-3,837392
285441;6;6;2016;13:00;7623;RUA RIO GRANDE DO SUL;RUA PERNAMBUCO;;;;Colisão Transversal;Luz do Dia;Bom;Seca;Cruz;Pare;Comercial;0;0;2;1;0;0;0;0;0;0;0;0;-38,568467;-3,760011
285442;6;6;2016;07:30;24990;AV PRS COSTA E SILVA;AV PRS JUSCELINO KUBITSCHEK (PASSARÉ);;;;Colisão Lateral;Luz do Dia;Bom;Seca;T;Semáforo;Outros;0;0;2;0;0;0;1;0;0;1;0;0;-38,539516;-3,825648
285464;6;6;2016;14:26;15834;RUA CEL FRANCISCO PEREIRA (MESSEJANA);RUA TEN JURANDIR ALENCAR;;;;Colisão;Luz do Dia;Bom;Seca;Cruz;Semáforo Intermitente;Comercial;0;1;1;0;1;0;0;0;0;1;0;0;-38,492929;-3,831773
285462;6;6;2016;01:00;0;AV PRO JOSE ARTHUR CARVALHO;;;;;Colisão Lateral;Via Iluminada;Bom;Seca;Meio de Quadra;;;0;1;1;1;0;0;0;0;0;1;0;0;;
285420;6;6;2016;10:30;0;AV DR SILAS MUNGUBA;;;409;;Colisão Lateral;Luz do Dia;Bom;Seca;Meio de Quadra;Semáforo;Comercial;0;0;2;0;0;0;0;1;0;1;0;0;-38,561629;-3,777873
285435;6;6;2016;14:30;1279;AV DOM LUIS;RUA OSVALDO CRUZ (ALDEOTA);;;;Colisão Traseira;Luz do Dia;Bom;Seca;Cruz;Semáforo;Comercial;0;0;2;0;0;0;1;0;0;0;0;0;-38,499353;-3,732616
285429;6;6;2016;14:30;0;AV AGUANAMBI;;;;;Colisão Lateral;Luz do Dia;Bom;Seca;Meio de Quadra;Semáforo;Comercial;0;0;2;1;0;0;1;0;0;0;0;0;;
285412;6;6;2016;14:45;5473;AV HERACLITO GRACA;RUA JOAO CORDEIRO;;;;Colisão Transversal;Luz do Dia;Bom;Seca;Duplo T;Semáforo;Comercial;0;0;2;0;0;0;0;0;0;1;0;0;;
285409;6;6;2016;12:30;4530;RUA TEN TITO BARROS;AV DEP PAULINO ROCHA;;;;Colisão Lateral;Luz do Dia;Bom;;T;Pare;Residencial;0;0;2;1;0;0;0;0;0;0;0;0;-38,507311;-3,801032
285402;6;6;2016;09:30;26252;RUA PERGENTINO MAIA;RUA ANTONIO BARROS;;;;Colisão Lateral;Luz do Dia;Bom;Seca;Cruz;Pare;Comercial;0;0;2;1;0;0;1;0;0;0;0;0;;
285407;6;6;2016;13:00;0;RUA VALPARAISO;;;511;;Colisão Traseira;Luz do Dia;Nublado;Seca;Meio de Quadra;Não Há Controle;Residencial;0;0;2;1;0;0;0;0;0;0;0;0;-38,525594;-3,844364
285404;6;6;2016;18:10;1531;RUA PDE VALDEVINO;RUA MON BRUNO;;;;Colisão;Via Iluminada;Bom;Seca;Cruz;;Residencial;0;1;1;0;0;0;0;0;0;1;0;0;-38,512104;-3,740621
285405;6;6;2016;08:30;11161;RUA MANUEL TEOFILO;RUA JULIO GASPAR;;;;Colisão Lateral;Luz do Dia;Bom;Seca;Cruz;Pare;Residencial;0;1;1;0;0;0;1;0;0;1;0;0;-38,561561;-3,783745
285397;6;6;2016;14:50;0;RUA JOSE HIPOLITO;;;;;Colisão Lateral;Luz do Dia;Bom;Seca;Cruz;Pare;Comercial;0;0;3;1;0;0;1;0;0;0;0;0;;
285399;6;6;2016;20:00;0;RUA RUA SABINO LORETO (BARROSO);;;1040;;Colisão Traseira;Via Iluminada;Bom;Molhada;Meio de Quadra;Não Há Controle;Residencial;0;0;3;1;0;0;0;0;0;0;0;0;;
285390;6;6;2016;17:35;0;AV AMERICO BARREIRA;;;;;Colisão Lateral;Anoitecer;Bom;Seca;Meio de Quadra;;;0;0;2;1;0;0;1;0;0;0;0;0;;
285385;6;6;2016;12:20;0;AV AGUANAMBI;;;1479;;Colisão Traseira;Luz do Dia;Nublado;Seca;Meio de Quadra;Não Há Controle;Comercial;0;1;2;1;0;0;0;0;0;1;0;0;-38,523751;-3,74979
285381;6;6;2016;20:20;20032;RUA JOAQUIM MARTINS;AV PALESTINA D68;;;;Colisão Traseira;Via Iluminada;Bom;Seca;T;Pare;Residencial;0;0;2;1;0;0;0;0;0;0;0;0;-38,541015;-3,804343
285370;6;6;2016;09:00;265;RUA GAL BERNARDO FIGUEIREDO;RUA ERICO MOTA;;;;Colisão Lateral;Luz do Dia;Bom;Seca;Cruz;Pare;Comercial;0;2;0;1;0;0;0;0;0;1;0;0;-38,561691;-3,74168
285365;6;6;2016;16:45;19688;RUA PRO RAIMUNDO ARRUDA;RUA AZEVEDO BOLAO;;;;Colisão Lateral;Luz do Dia;Bom;Seca;Cruz;Pare;Residencial;0;0;2;1;0;0;0;0;0;0;0;0;-38,551701;-3,735414
285178;6;6;2016;17:15;0;RD BR 116;;;;;Colisão Lateral;Anoitecer;Bom;Seca;Outros;Outros;Comercial;0;0;2;1;0;0;0;0;0;0;0;0;;
293073;6;6;2016;18:05;7328;RUA MANAUS;RUA PRO EDGAR DE ARRUDA;;;;Colisão;Anoitecer;;;Cruz;Pare;Residencial;0;0;2;1;0;0;0;0;0;0;0;0;-38,591676;-3,754542
301010;6;6;2016;16:55;0;AV JOSE BASTOS;;;3500;;Colisão Traseira;Luz do Dia;Bom;Seca;Meio de Quadra;Não Há Controle;Comercial;0;0;2;1;1;0;0;0;0;0;0;0;-38,550017;-3,749555
301011;6;6;2016;19:05;1337;AV SANTOS DUMONT;RUA OSVALDO CRUZ (ALDEOTA);;0;;Colisão Lateral;Via Iluminada;Bom;Seca;Cruz;Semáforo;Comercial;0;0;2;1;1;0;0;0;0;0;0;0;-38,500317;-3,735602
301004;7;6;2016;02:39;0;RUA ARTUR DE CARVALHO;;;0;;Colisão Frontal;Via Iluminada;Chuva;Molhada;Meio de Quadra;Não Há Controle;Comercial;0;0;1;1;0;0;0;0;0;1;0;0;;
301005;7;6;2016;17:20;0;AV VICENTE DE CASTRO;;;5151;;Colisão Lateral;Anoitecer;Bom;Seca;Meio de Quadra;Não Há Controle;Comercial;0;0;2;1;0;0;0;0;0;0;0;0;-38,475204;-3,717632
293074;7;6;2016;03:08;0;LOGRADOURO SEM NOME;;;;;Colisão;;;;Meio de Quadra;;;0;1;1;1;0;0;0;0;0;1;0;0;;
293076;7;6;2016;23:05;0;RUA EMILIA GONCALVES;;;845;;Choque c/ Obstáculo Fixo;;;;Meio de Quadra;;;0;0;1;0;0;0;0;0;0;0;0;0;;
293080;7;6;2016;20:00;0;AV DIOGUINHO;;;5920;;Colisão;;;;Meio de Quadra;;;0;2;2;1;0;0;0;0;0;1;0;0;-38,44108;-3,765887
285391;7;6;2016;14:00;9156;AV LUCIANO CARNEIRO;RUA MIN JOAQUIM BASTOS D14;;;;Colisão Traseira;Luz do Dia;Bom;Seca;T;Semáforo;Comercial;0;1;1;1;0;0;0;0;0;1;0;0;-38,53222;-3,750348
285393;7;6;2016;19:30;13217;AV J CJ JOSE WALTER;AV E CJ JOSE WALTER;;;;Colisão Lateral;Anoitecer;Bom;Seca;Cruz;Pare;Comercial;0;1;1;1;0;0;0;0;0;1;0;0;-38,556724;-3,834521
285403;7;6;2016;14:30;11852;AV FRANCISCO SA;RUA ADRIANISTA;;;;Colisão Transversal;Luz do Dia;Bom;Seca;T;Pare;Residencial;0;0;2;1;1;0;0;0;0;0;0;0;-38,546023;-3,721126
285401;7;6;2016;17:30;5130;RUA FLORIANO PEIXOTO;RUA CASTRO E SILVA;;;;Colisão Lateral;Anoitecer;Bom;Seca;Duplo T;Pare;Comercial;0;0;2;0;0;0;0;0;0;1;0;0;-38,52611;-3,724272
285415;7;6;2016;15:50;1253;AV SANTOS DUMONT;RUA CARLOS VASCONCELOS;;;;Colisão Frontal;Luz do Dia;Bom;Seca;Cruz;Semáforo;Comercial;0;1;1;1;0;0;0;0;0;0;0;0;-38,510558;-3,732252
285433;7;6;2016;21:30;26209;AV ROGACIANO LEITE;AV CHANC EDSON QUEIROZ;;;;Colisão Traseira;Via Iluminada;Bom;Seca;;Semáforo;Comercial;0;1;1;1;1;0;0;0;0;0;0;0;;
285422;7;6;2016;09:45;0;AV AGUANAMBI;;;282;;Colisão Traseira;Luz do Dia;Bom;Seca;Meio de Quadra;Semáforo;Comercial;0;0;2;1;0;0;0;0;0;0;0;0;-38,524772;-3,739335
285438;7;6;2016;21:30;0;RUA PRO HERIBALDO COSTA;;;1178;;Colisão Traseira;Luz do Dia;Bom;Seca;Meio de Quadra;Não Há Controle;Residencial;0;0;3;1;0;0;0;0;0;0;0;0;-38,585394;-3,762923
285468;7;6;2016;08:30;0;AV JOSE BASTOS;;;3800;;Colisão Transversal;Luz do Dia;Bom;Seca;Meio de Quadra;Não Há Controle;Comercial;0;0;2;1;0;0;0;0;0;1;0;0;-38,552147;-3,751694
285443;7;6;2016;13:30;3856;RUA PDE FRANCISCO PINTO;AV DA UNIVERSIDADE;;;;Colisão Lateral;Luz do Dia;Bom;Seca;Cruz;Semáforo;Comercial;0;1;1;1;0;0;0;0;0;1;0;0;-38,540777;-3,742799
285456;7;6;2016;07:10;26226;AV AMERICO BARREIRA;AV CARNEIRO DE MENDONCA;;;;Colisão Traseira;Luz do Dia;Bom;Seca;Cruz;Semáforo;Comercial;0;1;1;1;0;0;0;0;0;1;0;0;;
285484;7;6;2016;16:20;0;AV IMPERADOR;;;466;;Colisão Lateral;Luz do Dia;Bom;Seca;Meio de Quadra;Não Há Controle;Comercial;0;0;2;1;1;0;0;0;0;0;0;0;-38,533912;-3,725362
285478;7;6;2016;18:00;7903;AV ANTONIO SALES;RUA CEL LINHARES;;;;Colisão Lateral;Via Iluminada;Bom;Seca;Cruz;Pare;Comercial;0;0;2;1;0;0;0;0;0;0;0;0;-38,497481;-3,746964