COD_ACIDENTE;DIA;MES;ANO;HORA;INTERSECAO;LOG1;LOG2;LOG3;NUMERO;REFERENCIA;NATUREZA;ILUMINACAO;TEMPO;SUPERFICIEPISTA;TIPOCRUZAMENTO;CONTROLETRAFEGO;USOSOLO;MORTOS;FERIDOS;ILESOS;AUTOMOVEL;ONIBUS;BICICLETA;CAMINHAO;MICROONIBUS;CICLOMOTOR;MOTOCICLETA;TRACAOANIMAL;TREM;LONG;LAT
285482;7;6;2016;19:15;0;RUA PDE IBIAPINA;;;;;Colisão Lateral;Via Iluminada;Bom;Seca;Meio de Quadra;Semáforo;Comercial;0;0;2;0;1;0;0;0;0;0;0;0;;
285486;7;6;2016;13:10;0;AV DUQ CAXIAS;;;1700;;Colisão Traseira;Luz do Dia;Bom;Seca;Meio de Quadra;Não Há Controle;Comercial;0;0;2;1;0;0;0;0;0;0;0;0;-38,539517;-3,728676
286221;7;6;2016;14:20;0;RD CE-040;;;;KM-01;Colisão;Luz do Dia;Bom;Seca;Meio de Quadra;;;0;0;2;1;0;0;1;0;0;0;0;0;-38,48666;-3,758119
286229;7;6;2016;22:00;0;RD CE-040;;;;KM-01;Colisão;;Bom;Seca;Meio de Quadra;;;0;1;1;1;0;0;0;0;0;1;0;0;-38,48666;-3,758119
288844;7;6;2016;06:13;0;AV ENG ALBERTO SA;;;2533;;Colisão Transversal;Luz do Dia;Bom;Molhada;Com Via Férrea;Cancela;Residencial;0;0;4;0;1;0;0;0;0;0;0;0;;
288845;7;6;2016;06:44;0;RUA ALBERTO MAGNO;;;1580;;Colisão;Luz do Dia;;;Meio de Quadra;;;0;0;2;0;0;0;0;0;0;0;0;0;-38,552367;-3,767889
288846;7;6;2016;07:28;17410;RUA ALM RUBIM;RUA PRO TEODORICO;;;;Tombamento;Luz do Dia;Bom;Seca;Cruz;Pare;Comercial;0;1;4;1;1;0;0;0;0;0;0;0;-38,555605;-3,767984
288847;7;6;2016;07:37;0;RUA AMAZONAS;;;;;Colisão;Luz do Dia;;;Meio de Quadra;;;0;0;1;0;0;0;0;0;0;0;0;0;;
288851;7;6;2016;08:24;1381;AV HERACLITO GRACA;RUA ILDEFONSO ALBANO;;;;Colisão;Luz do Dia;;;Duplo T;Semáforo;Comercial;0;0;2;0;0;0;0;0;0;0;0;0;;
288852;7;6;2016;08:37;0;RUA JOSE MENDONCA;;;1033;;Colisão;Luz do Dia;;;Meio de Quadra;;;0;0;1;0;0;0;0;0;0;0;0;0;-38,601738;-3,754718
288849;7;6;2016;08:03;0;AV JOVITA FEITOSA;;;2883;;Colisão;Luz do Dia;;;Meio de Quadra;;;0;0;1;0;0;0;0;0;0;0;0;0;-38,563516;-3,741297
288862;7;6;2016;10:01;19694;RUA TIP SALES;AV BEZERRA DE MENEZES;;;;Colisão;Luz do Dia;;;T;Pare;Comercial;0;0;1;0;0;0;0;0;0;0;0;0;-38,565167;-3,735828
288863;7;6;2016;10:17;0;AV DR SILAS MUNGUBA;;;;;Colisão;Luz do Dia;;;Meio de Quadra;;;0;0;1;0;0;0;0;0;0;0;0;0;;
288864;7;6;2016;11:10;12762;AV BORGES DE MELO;RUA JORGE DUMAR;;;;Colisão;Luz do Dia;;;;Semáforo;Residencial;0;0;1;0;0;0;0;0;0;0;0;0;-38,539369;-3,752695
288865;7;6;2016;11:30;13436;AV ANTONIO SALES;RUA DR JOSE LOURENCO;;;;Colisão;Luz do Dia;;;Cruz;Semáforo;Comercial;0;0;1;0;0;0;0;0;0;0;0;0;-38,51045;-3,742954
288866;7;6;2016;11:31;0;RUA DEP MATOSO FILHO;;;;;Colisão;Luz do Dia;;;Meio de Quadra;;;0;0;1;0;0;0;0;0;0;0;0;0;;
288867;7;6;2016;11:43;17251;RUA BAR CANINDE;RUA EUGENIO GADELHA;;;;Colisão;Luz do Dia;;;Cruz;Pare;Residencial;0;0;1;0;0;0;0;0;0;0;0;0;-38,551248;-3,76098
288868;7;6;2016;12:24;22026;RUA GAL BERNARDO FIGUEIREDO;RUA CANDIDO JUCA;;;;Colisão;Luz do Dia;;;T;Pare;Residencial;0;0;2;0;0;0;0;0;0;0;0;0;-38,549549;-3,739203
288869;7;6;2016;12:54;0;RUA LUIS DE MIRANDA;;;;;Colisão;Luz do Dia;;;Meio de Quadra;;;0;0;1;0;0;0;0;0;0;0;0;0;;
288871;7;6;2016;12:54;0;RUA LUIS DE MIRANDA;;;760;;Colisão;Luz do Dia;;;Meio de Quadra;;;0;0;2;0;0;0;0;0;0;0;0;0;;
288859;7;6;2016;09:32;13593;RUA FIS VIEIRA;AV PONTES VIEIRA;;;;Colisão;Luz do Dia;;;Com Via Férrea;Não Há Controle;Comercial;0;0;1;0;0;0;0;0;0;0;0;0;-38,516023;-3,753016
288860;7;6;2016;09:48;0;AV GAL OSORIO DE PAIVA;;;848;;Colisão;Luz do Dia;;;Meio de Quadra;;;0;0;2;0;0;0;0;0;0;0;0;0;-38,56973;-3,777663
288856;7;6;2016;09:13;0;RUA ANTONIO BARBOSA;;;1491;;Colisão;Luz do Dia;;;Meio de Quadra;;;0;0;2;0;0;0;0;0;0;0;0;0;;
288854;7;6;2016;09:09;22925;RUA AMERICO VESPUCIO;RUA JAPI;;;;Colisão;Luz do Dia;;;Cruz;Não Há Controle;Lazer;0;0;1;0;0;0;0;0;0;0;0;0;-38,548783;-3,783079
288875;7;6;2016;13:42;1546;AV PDE ANTONIO TOMAS;RUA VICENTE LEITE;;;;Colisão;Luz do Dia;;;T;Pare;Comercial;0;0;2;1;0;0;0;0;0;0;0;0;-38,49669;-3,741127
288873;7;6;2016;13:30;0;AV OLIVEIRA PAIVA;;;2887;;Colisão;Luz do Dia;;;Meio de Quadra;;;0;0;1;0;0;0;0;0;0;0;0;0;-38,481854;-3,795886
288156;7;6;2016;04:44;0;AV DR SILAS MUNGUBA;;;;;Colisão;;;;Meio de Quadra;;;0;1;1;1;0;0;0;0;0;1;0;0;;
288147;7;6;2016;01:27;0;RUA NEREU RAMOS;;;1000;;Queda;;;;Meio de Quadra;;;0;1;0;0;0;0;0;0;0;1;0;0;-38,575294;-3,783332
288148;7;6;2016;01:33;0;AV AUGUSTO DOS ANJOS;;;408;;Colisão;;;;Meio de Quadra;;;0;1;0;0;0;0;0;0;0;1;0;0;-38,572249;-3,772471
288149;7;6;2016;01:59;0;AV ALBERTO CRAVEIRO;;;2059;;Colisão;;;;Meio de Quadra;;;0;1;1;1;0;0;0;0;0;0;0;0;-38,518779;-3,798682
288150;7;6;2016;02:11;0;RUA SAO DOMINGOS;;;289;;Queda;;;;Meio de Quadra;;;0;1;0;0;0;0;0;0;0;1;0;0;;
288151;7;6;2016;02:16;0;AV GOV RAUL BARBOSA;;;900;;Colisão;;;;Meio de Quadra;;;0;1;1;1;0;0;0;0;0;1;0;0;;
288152;7;6;2016;02:52;0;AV GAL MURILO BORGES;;;;;Colisão;;;;Meio de Quadra;;;0;1;1;0;0;0;0;0;0;1;0;0;;
288153;7;6;2016;04:09;0;RUA RIO BRANCO;;;;;Colisão;;;;Meio de Quadra;;;0;1;1;1;0;0;0;0;0;1;0;0;;
288154;7;6;2016;04:30;0;AV GAL OSORIO DE PAIVA;;;817;;Colisão;;;;Meio de Quadra;;;0;1;1;1;0;0;0;0;0;1;0;0;-38,569633;-3,777602
288164;7;6;2016;04:47;0;AV WASHINGTON SOARES;;;8117;;Colisão;;;;Meio de Quadra;;;0;1;1;1;0;0;0;0;0;1;0;0;-38,481281;-3,82269
288165;7;6;2016;05:39;5134;RUA GUILHERME ROCHA;RUA TEREZA CRISTINA;;;;Colisão;Amanhecer;;;Cruz;Pare;Residencial;0;1;1;0;0;0;1;0;0;1;0;0;-38,535981;-3,724385
288166;7;6;2016;05:47;0;AV SANTOS DUMONT;;;4000;;Colisão;Amanhecer;;;Meio de Quadra;;;0;1;1;1;0;0;0;0;0;1;0;0;-38,48856;-3,739395
288167;7;6;2016;06:08;0;RUA PDE SA LEITAO;;;65;;Queda;Luz do Dia;;;Meio de Quadra;;;0;1;0;0;0;0;0;0;0;1;0;0;;
288168;7;6;2016;06:34;0;RUA PRO COSTA MENDES;;;1834;;Atropelamento;Luz do Dia;;;Meio de Quadra;;;0;1;1;1;0;0;0;0;0;0;0;0;-38,55394;-3,748333
288169;7;6;2016;06:44;9132;AV 13 DE MAIO;RUA JAIME BENEVOLO;;;;Colisão;Luz do Dia;;;Cruz;Semáforo;Comercial;0;1;2;1;0;0;0;0;0;1;0;0;-38,530741;-3,748122
288170;7;6;2016;07:12;0;AV JOVITA FEITOSA;;;85;;Atropelamento;Luz do Dia;;;Meio de Quadra;;;0;1;1;1;0;0;0;0;0;0;0;0;-38,544668;-3,737421
288171;7;6;2016;07:28;614;AV DR THEBERGE;RUA ANA FACO;;;;Colisão;Luz do Dia;;;Cruz;Pare;Residencial;0;2;0;0;0;0;0;0;0;1;0;0;-38,564134;-3,712143
288172;7;6;2016;08:42;0;AV OLIVEIRA PAIVA;;;2899;;Atropelamento;Luz do Dia;Bom;Seca;Meio de Quadra;Semáforo;Comercial;0;2;1;0;0;0;0;0;0;1;0;0;-38,481732;-3,795876
288173;7;6;2016;10:15;1381;RUA ILDEFONSO ALBANO;AV HERACLITO GRACA;;;;Colisão Traseira;Luz do Dia;Bom;Seca;Duplo T;Semáforo;Comercial;0;0;4;1;0;0;0;0;0;0;0;0;;
288174;7;6;2016;11:21;0;RUA NESTOR F VASCONCELOS;;;360;;Queda;Luz do Dia;;;Meio de Quadra;;;0;1;0;0;0;0;0;0;0;1;0;0;-38,476295;-3,783256
288175;7;6;2016;12:23;0;AV SEN FERNANDES TAVORA;;;2305;;Colisão;Luz do Dia;;;Meio de Quadra;;;0;1;1;1;0;0;0;0;0;1;0;0;-38,592673;-3,75658
288176;7;6;2016;12:57;17338;RUA ZACARIAS GONDIM;RUA BAR SOBRAL;;;;Colisão;Luz do Dia;;;Cruz;Pare;Residencial;0;1;1;1;0;0;0;0;0;1;0;0;-38,557307;-3,76528
288191;7;6;2016;15:06;0;AV AREIA BRANCA;;;56;;Colisão;Luz do Dia;;;Meio de Quadra;;;0;1;1;0;0;0;0;0;0;1;0;0;;
288192;7;6;2016;15:36;0;RUA RIO GRANDE DO NORTE;;;642;;Queda;Luz do Dia;;;Meio de Quadra;;;0;1;0;0;0;0;0;0;0;1;0;0;;
288193;7;6;2016;16:58;0;RUA JUVENCIO VASCONCELOS;;;175;;Atropelamento;Luz do Dia;;;Meio de Quadra;;;0;1;1;0;0;0;0;0;0;0;0;0;-38,480061;-3,724506
288194;7;6;2016;16:59;0;RUA CORREGO DAS FLORES;;;12;;Atropelamento;Luz do Dia;;;Meio de Quadra;;;0;1;1;0;1;0;0;0;0;0;0;0;;
288195;7;6;2016;18:07;0;AV DIOGUINHO;;;433;;Colisão;Anoitecer;;;Meio de Quadra;;;0;2;0;0;0;0;0;0;0;0;0;0;;
288196;7;6;2016;19:24;0;AV WASHINGTON SOARES;;;747;;Colisão;;;;Meio de Quadra;;;0;1;2;1;0;0;0;0;0;1;0;0;-38,482967;-3,760913
288186;7;6;2016;14:57;183;AV CEL CARVALHO;AV SGT HERMINIO SAMPAIO;;;;Atropelamento;Luz do Dia;;;;;;0;1;1;0;0;0;0;0;0;1;0;0;;
288178;7;6;2016;12:58;0;RUA FLORIANO PEIXOTO;;;276;;Atropelamento;Luz do Dia;;;Meio de Quadra;;;0;1;1;0;0;0;0;0;0;1;0;0;-38,526348;-3,725013
288180;7;6;2016;14:41;0;RUA DEMETRIO MENEZES;;;;;Atropelamento;Luz do Dia;;;Meio de Quadra;;;0;1;1;0;0;0;0;0;0;1;0;0;;
288184;7;6;2016;14:46;0;AV ANTONIO SALES;;;746;;Colisão;Luz do Dia;;;Meio de Quadra;;;0;1;1;1;0;0;0;0;0;1;0;0;-38,514972;-3,741539
288202;7;6;2016;20:37;0;AV PERIMETRAL;;;;;Colisão;;;;Meio de Quadra;;;0;1;0;0;0;0;0;0;0;0;0;0;;
287578;7;6;2016;14:40;0;RD BR 222;;;300;KM-04;Atropelamento;Luz do Dia;Bom;Seca;Meio de Quadra;;;0;1;2;0;0;0;0;0;0;1;0;0;;
287676;7;6;2016;18:05;0;RD BR 020;;;200;KM 431;Colisão Lateral;Anoitecer;Bom;Seca;Meio de Quadra;;;0;1;1;1;0;0;0;0;0;1;0;0;;
287199;7;6;2016;17:10;0;RD BR 116;;;500;KM-05;Atropelamento;Anoitecer;Bom;Seca;Meio de Quadra;;;0;1;1;0;1;0;0;0;0;0;0;0;-38,50617967;-3,797701134
288916;7;6;2016;19:40;1285;RUA VIS MAUA;AV DOM LUIS;;;;Colisão;;;;Cruz;Pare;Comercial;0;0;1;0;0;0;0;0;0;0;0;0;-38,49839;-3,732923
288922;7;6;2016;22:05;20575;RUA CEL XAVIER CHAVES;RUA SIMAO SANTOS;;;;Colisão;;;;Cruz;Não Há Controle;Residencial;0;0;1;0;0;0;0;0;0;0;0;0;-38,493196;-3,862078
288924;7;6;2016;23:34;0;AV CEL CARVALHO;;;;;Colisão;;;;Meio de Quadra;;;0;0;1;0;0;0;0;0;0;0;0;0;;
288902;7;6;2016;18:35;0;AV DOM MANUEL;;;;;Colisão;;;;;;;0;0;1;0;0;0;0;0;0;0;0;0;;
288903;7;6;2016;18:38;0;AV AREIA BRANCA;;;;;Colisão;;;;Meio de Quadra;;;0;0;1;0;0;0;0;0;0;0;0;0;;
288908;7;6;2016;18:44;7903;AV ANTONIO SALES;RUA CEL LINHARES;;;;Colisão;;;;Cruz;Pare;Comercial;0;0;1;0;0;0;0;0;0;0;0;0;-38,497481;-3,746964
288910;7;6;2016;18:59;0;RUA DEMETRIO MENEZES;;;;;Colisão;;;;Meio de Quadra;;;0;0;1;0;0;0;0;0;0;0;0;0;;
288911;7;6;2016;19:15;13544;RUA DR JOSE LOURENCO;RUA JULIO SIQUEIRA;;;;Colisão;;;;Cruz;Pare;Comercial;0;0;1;0;0;0;0;0;0;0;0;0;-38,5122;-3,748473
288912;7;6;2016;19:38;7183;RUA NOSSA SRA DAS GRACAS;AV PASTEUR;;;;Colisão;;;;Cruz;Pare;Residencial;0;0;1;0;0;0;0;0;0;0;0;0;-38,558168;-3,708729
288887;7;6;2016;16:32;0;AV SEN FERNANDES TAVORA;;;2305;;Colisão;Luz do Dia;;;Meio de Quadra;;;0;0;2;0;0;0;0;0;0;0;0;0;-38,592673;-3,75658
288889;7;6;2016;17:29;0;RUA PDE VALDEVINO;;;187;;Engavetamento;Anoitecer;Bom;Seca;Meio de Quadra;Não Há Controle;Comercial;0;0;5;1;0;0;0;0;0;0;0;0;-38,522235;-3,737427
288891;7;6;2016;17:29;0;RUA NOGUEIRA ACIOLI;;;1146;;Colisão;Anoitecer;;;Meio de Quadra;;;0;0;1;0;0;0;0;0;0;0;0;0;-38,518178;-3,734311
288892;7;6;2016;17:47;0;AV ABOLICAO;;;;;Colisão;Anoitecer;;;;;;0;0;2;0;0;0;0;0;0;0;0;0;;
288894;7;6;2016;18:00;0;AV PRS JUSCELINO KUBITSCHEK (PASSARÉ);;;;;Colisão;Anoitecer;;;Meio de Quadra;;;0;0;1;0;0;0;0;0;0;0;0;0;;
288896;7;6;2016;18:03;24967;AV ALM HENRIQUE SABOIA;AV SANTOS DUMONT;;;;Colisão Lateral;Via Iluminada;Bom;Seca;Cruz;Pare;Comercial;0;1;3;1;0;0;0;0;0;0;0;0;;
288899;7;6;2016;18:23;0;RUA CABRAL DE ALENCAR;;;301;;Colisão;Anoitecer;;;Meio de Quadra;;;0;0;1;0;0;0;0;0;0;0;0;0;-38,558716;-3,771522
288900;7;6;2016;18:24;0;AV ANTONIO SALES;;;;;Colisão;Anoitecer;;;Meio de Quadra;;;0;0;1;0;0;0;0;0;0;0;0;0;;
288918;7;6;2016;21:30;0;AV PRO JOSE ARTHUR CARVALHO;;;;;Colisão;;;;Meio de Quadra;;;0;0;1;0;0;0;0;0;0;0;0;0;;
288879;7;6;2016;13:48;5220;RUA BAR RIO BRANCO;RUA GUILHERME ROCHA;;;;Colisão;Luz do Dia;;;Duplo T;Semáforo;Comercial;0;0;1;0;0;0;0;0;0;0;0;0;-38,528399;-3,726869
288880;7;6;2016;13:50;0;AV LINEU MACHADO;;;67;;Colisão;Luz do Dia;;;Meio de Quadra;;;0;0;1;0;0;0;0;0;0;0;0;0;;
288881;7;6;2016;14:35;0;RUA DEMETRIO MENEZES;;;3660;;Colisão;Luz do Dia;;;Meio de Quadra;;;0;0;1;0;0;0;0;0;0;0;0;0;-38,584151;-3,735287
288883;7;6;2016;15:59;1259;RUA ILDEFONSO ALBANO;RUA PDE LUIS FIGUEIRA;;;;Colisão;Luz do Dia;;;Cruz;Pare;Comercial;0;0;2;0;0;0;0;0;0;0;0;0;-38,513063;-3,732813
288885;7;6;2016;16:07;19366;AV DR SILAS MUNGUBA;RUA GERMANO FRANCK;;;;Colisão;Luz do Dia;;;Cruz;Semáforo;Comercial;0;0;1;1;0;0;0;0;0;0;0;0;-38,562004;-3,777251
303271;7;6;2016;07:00;0;RUA FLORENCIO FONTENELE;;;0;;Colisão Lateral;Luz do Dia;Bom;Seca;Meio de Quadra;Não Há Controle;Residencial;0;1;1;1;0;0;0;0;0;1;0;0;;
288967;8;6;2016;13:49;0;AV PRS CASTELO BRANCO;;;;;Colisão;Luz do Dia;;;Meio de Quadra;;;0;0;1;0;0;0;0;0;0;0;0;0;;
288984;8;6;2016;19:55;0;AV GOV RAUL BARBOSA;;;;;Colisão;;;;Meio de Quadra;;;0;0;2;0;0;0;0;0;0;0;0;0;;
288989;8;6;2016;20:55;0;AV OLIVEIRA PAIVA;;;;;Colisão;;;;Meio de Quadra;;;0;0;1;0;0;0;0;0;0;0;0;0;;
288991;8;6;2016;21:56;0;RUA ANTONIO ROCHA;;;625;;Colisão;;;;Meio de Quadra;;;0;0;1;0;0;0;0;0;0;0;0;0;-38,499148;-3,778353
288992;8;6;2016;22:42;0;RUA JULIO BRAGA;;;;;Colisão;;;;;;;0;0;1;0;0;0;0;0;0;0;0;0;;
288993;8;6;2016;22:52;1671;RUA CAP VASCONCELOS D46;RUA CAP NOGUEIRA;;;;Colisão Lateral;Via Iluminada;Bom;Seca;Cruz;Pare;Residencial;0;0;5;0;0;0;0;0;0;0;0;0;-38,517399;-3,763684
288987;8;6;2016;20:54;22998;RUA FRE ALEMAO;RUA MONTEVIDEU;;;;Colisão;;;;;;;0;0;2;0;0;0;0;0;0;0;0;0;-38,544455;-3,787229
288977;8;6;2016;15:36;0;AV DEP PAULINO ROCHA;;;2025;;Colisão Traseira;Luz do Dia;Bom;Seca;Meio de Quadra;Semáforo;Comercial;0;0;4;1;0;0;0;0;0;0;0;0;-38,516145;-3,810947
288917;8;6;2016;01:01;0;RUA VITAL BRASIL;;;1436;;Colisão;;;;Meio de Quadra;;;0;0;1;0;0;0;0;0;0;0;0;0;-38,593884;-3,779174
288939;8;6;2016;08:25;15120;RUA DR ATUALPA BARBOSA LIMA (P. IRACEMA);RUA ANTONIO AUGUSTO;;;;Colisão Traseira;Luz do Dia;Bom;Seca;Cruz;Pare;Residencial;0;0;4;1;0;0;0;0;0;0;0;0;-38,511198;-3,723259
288940;8;6;2016;08:26;14656;RUA JOAO A ALBUQUERQUE;AV WASHINGTON SOARES;;;;Colisão;Luz do Dia;;;;;;0;0;1;0;0;0;0;0;0;0;0;0;-38,48005;-3,794175
288928;8;6;2016;02:28;24229;AV ENG SANTANA JUNIOR;AV ENG ALBERTO SA;;;;Colisão;;;;Cruz;Semáforo;Comercial;0;0;1;0;0;0;0;0;0;0;0;0;-38,480624;-3,733357
288929;8;6;2016;06:29;0;RUA JARDIM FLUMINENSE;;;;;Colisão;Luz do Dia;;;Meio de Quadra;;;0;0;2;1;0;0;0;0;0;0;0;0;;
288930;8;6;2016;06:53;0;AV GOV RAUL BARBOSA;;;;;Colisão;Luz do Dia;;;Meio de Quadra;;;0;0;2;0;0;0;0;0;0;0;0;0;;
288954;8;6;2016;11:14;0;AV PDE ANTONIO TOMAS;;;2055;;Colisão Lateral;Luz do Dia;Bom;Seca;Meio de Quadra;Não Há Controle;Residencial;0;1;3;1;0;0;0;0;0;1;0;0;-38,494237;-3,741922
288955;8;6;2016;11:21;0;RUA ANTONIETA CLOTILDE;;;294;;Colisão;Luz do Dia;;;Meio de Quadra;;;0;0;1;0;0;0;0;0;0;0;0;0;;
288959;8;6;2016;11:49;1272;RUA JOAQUIM NABUCO;AV DOM LUIS;;;;Colisão;Luz do Dia;;;Cruz;Semáforo Intermitente;Comercial;0;0;1;0;0;0;0;0;0;0;0;0;-38,500333;-3,732301
288960;8;6;2016;12:08;0;AV GAL OSORIO DE PAIVA;;;;;Colisão;Luz do Dia;;;Meio de Quadra;;;0;0;1;0;0;0;0;0;0;0;0;0;;
288961;8;6;2016;12:09;1603;RUA PRO DIAS DA ROCHA;RUA VICENTE LINHARES;;;;Colisão;Luz do Dia;;;Cruz;Pare;Residencial;0;0;1;0;0;0;0;0;0;0;0;0;-38,494402;-3,744049
288962;8;6;2016;12:15;15245;RUA LEONARDO MOTA;AV ANTONIO JUSTA;;;;Colisão Transversal;Luz do Dia;Bom;Seca;Cruz;Pare;Comercial;0;1;3;1;0;0;0;0;0;0;0;0;-38,493542;-3,727945
288949;8;6;2016;09:58;1530;RUA TIBURCIO CAVALCANTE;AV JULIO VENTURA;;;;Colisão;Luz do Dia;;;Cruz;Semáforo;Residencial;0;0;1;0;0;0;0;0;0;0;0;0;-38,504074;-3,740609
288950;8;6;2016;10:21;0;AV SEN VIRGILIO TAVORA;;;77;;Colisão Traseira;Luz do Dia;Bom;Seca;Meio de Quadra;Semáforo;Comercial;0;0;4;1;0;0;0;0;0;0;0;0;-38,490859;-3,729529
288951;8;6;2016;11:08;0;RUA JOAQUIM FELICIO;;;179;;Colisão;Luz do Dia;;;Meio de Quadra;;;0;0;1;0;0;0;0;0;0;0;0;0;-38,493325;-3,829788
288944;8;6;2016;08:28;25334;AV D CJ CEARA;AV B CJ CEARA;;;;Colisão;Luz do Dia;;;T;Pare;Misto;0;0;1;0;0;0;0;0;0;0;0;0;-38,602328;-3,763611
288945;8;6;2016;08:57;25027;AV DR SILAS MUNGUBA;RUA PRA STELLA COCHRANE;;;;Colisão;Luz do Dia;;;Cruz;Semáforo;Comercial;0;0;2;1;0;0;0;0;0;0;0;0;-38,535043;-3,79309
288946;8;6;2016;09:22;24990;AV PRS COSTA E SILVA;AV PRS JUSCELINO KUBITSCHEK (PASSARÉ);;;;Colisão;Luz do Dia;;;T;Semáforo;Outros;0;0;2;0;0;0;0;0;0;0;0;0;-38,539516;-3,825648
288947;8;6;2016;09:35;0;RUA CEL GUILHERME ALENCAR;;;152;;Colisão;Luz do Dia;;;Meio de Quadra;;;0;0;1;0;0;0;0;0;0;0;0;0;;
288969;8;6;2016;13:54;0;RUA WALDERY UCHOA;;;260;;Colisão;Luz do Dia;;;Meio de Quadra;;;0;0;1;0;0;0;0;0;0;0;0;0;-38,539082;-3,744237
288970;8;6;2016;13:55;0;AV GAL OSORIO DE PAIVA;;;4455;;Colisão;Luz do Dia;;;Meio de Quadra;;;0;0;1;0;0;0;0;0;0;0;0;0;-38,595093;-3,797535
288971;8;6;2016;13:59;577;AV FRANCISCO SA;AV DR THEBERGE;;;;Colisão Lateral;Luz do Dia;Bom;Seca;Meio de Quadra;Semáforo;Comercial;0;1;1;1;0;0;0;0;0;0;0;0;-38,565016;-3,714822
288972;8;6;2016;14:33;8025;AV JOAO PESSOA;RUA PRO COSTA MENDES;;;;Colisão;Luz do Dia;;;Cruz;Semáforo;Comercial;0;0;4;1;0;0;0;0;0;0;0;0;-38,549441;-3,752393
288957;8;6;2016;11:43;0;AV VIENA WEYNE;;;191;;Colisão;Luz do Dia;;;Meio de Quadra;;;0;0;1;0;0;0;0;0;0;0;0;0;-38,492404;-3,800773
288964;8;6;2016;12:46;5302;AV TRISTAO GONCALVES;RUA PEDRO I;;;;Colisão;Luz do Dia;;;Cruz;Semáforo;Comercial;0;0;1;0;0;0;0;0;0;0;0;0;-38,533927;-3,729523
288965;8;6;2016;12:48;0;RUA ARTUR DE CARVALHO;;;;;Colisão Traseira;Luz do Dia;Bom;Seca;Meio de Quadra;Não Há Controle;Comercial;0;0;4;0;0;0;0;0;0;0;0;0;;
288980;8;6;2016;18:06;14606;AV JOSE LEON;RUA GAL CAIADO DE CASTRO;;;;Colisão;Anoitecer;;;T;Pare;Residencial;0;0;1;0;0;0;0;0;0;0;0;0;;
288981;8;6;2016;18:26;0;AV ALBERTO CRAVEIRO;;;2644;;Engavetamento;Via Iluminada;Bom;Seca;Meio de Quadra;Gesto;Comercial;0;0;6;1;0;0;0;0;0;1;0;0;-38,521448;-3,803094
288982;8;6;2016;18:44;12395;AV LINEU MACHADO;RUA CUIABA;;;;Colisão;;;;Cruz;Pare;Comercial;0;0;1;0;0;0;0;0;0;0;0;0;-38,57862;-3,769181
288974;8;6;2016;15:30;0;RUA SILVA PAULET;;;1940;;Colisão Lateral;Luz do Dia;Bom;Seca;Meio de Quadra;Não Há Controle;Residencial;0;0;5;1;0;0;0;0;0;0;0;0;-38,507971;-3,742326
288975;8;6;2016;15:33;0;AV SORIANO ALBUQUERQUE;;;222;;Colisão;Luz do Dia;;;Meio de Quadra;;;0;0;1;0;0;0;0;0;0;0;0;0;;
287720;8;6;2016;18:00;0;RD BR 020;;;300;KM 421;Colisão Traseira;Anoitecer;Bom;Seca;Meio de Quadra;;Rural;0;1;1;1;0;0;0;0;0;1;0;0;;
288203;8;6;2016;00:09;0;AV MAJ ASSIS;;;2087;;Colisão;;;;Meio de Quadra;;;0;1;1;1;0;0;0;0;0;1;0;0;-38,598503;-3,72116
288204;8;6;2016;00:26;0;AV PDE ANTONIO TOMAS;;;4661;;Queda;;;;Meio de Quadra;;;0;1;0;0;0;0;0;0;0;1;0;0;;
288205;8;6;2016;00:29;0;RUA PERDIGAO DE OLIVEIRA;;;1469;;Atropelamento;;;;Meio de Quadra;;;0;1;1;0;0;0;0;0;0;1;0;0;-38,582062;-3,772746
288206;8;6;2016;00:38;5201;RUA SAO PAULO;RUA FLORIANO PEIXOTO;;;;Colisão;;;;Cruz;Semáforo;Comercial;0;1;1;1;0;0;0;0;0;1;0;0;-38,526784;-3,726281
288207;8;6;2016;00:45;24229;AV ENG SANTANA JUNIOR;AV ENG ALBERTO SA;;;;Colisão;;;;Cruz;Semáforo;Comercial;0;1;0;1;0;0;0;0;0;0;0;0;-38,480624;-3,733357
288208;8;6;2016;01:24;0;AV JOSE BASTOS;;;109;;Colisão;;;;Meio de Quadra;;;0;1;0;0;0;0;0;0;0;0;0;0;;
288209;8;6;2016;01:49;12457;AV AUGUSTO DOS ANJOS;AV SEN FERNANDES TAVORA;;;;Colisão;;;;;;;0;1;1;1;0;0;0;0;0;1;0;0;-38,570427;-3,770153
288210;8;6;2016;05:26;12609;RUA ANTONIETA CLOTILDE;RUA AMOR PERFEITO;;;;Colisão;Amanhecer;;;Cruz;Pare;Residencial;0;1;0;0;0;0;0;0;0;0;0;0;-38,58253;-3,717255
288212;8;6;2016;07:28;15245;AV ANTONIO JUSTA;RUA LEONARDO MOTA;;;;Colisão;Luz do Dia;;;Cruz;Pare;Comercial;0;1;1;1;0;0;0;0;0;1;0;0;-38,493542;-3,727945
288213;8;6;2016;08:06;0;AV PRS CASTELO BRANCO;;;2568;;Colisão;Luz do Dia;;;Meio de Quadra;;;0;1;0;0;0;0;0;0;0;0;0;0;-38,550907;-3,713017
288214;8;6;2016;09:34;13233;AV F CJ JOSE WALTER;AV L CJ JOSE WALTER;;;;Colisão;Luz do Dia;;;Cruz;Pare;Residencial;0;1;1;0;0;0;0;0;0;0;0;0;-38,558805;-3,835328
288215;8;6;2016;10:21;7211;AV DR THEBERGE;AV PRS CASTELO BRANCO;;;;Atropelamento;Luz do Dia;;;Cruz;Semáforo;Comercial;0;1;1;0;0;0;1;0;0;0;0;0;-38,563456;-3,710079
288216;8;6;2016;11:27;0;AV SEN FERNANDES TAVORA;;;2433;;Atropelamento;Luz do Dia;;;Meio de Quadra;;;0;1;1;1;0;0;0;0;0;0;0;0;-38,594468;-3,755837
288217;8;6;2016;11:58;2523;RUA TULIPA;AV FRANCISCO SA;;;;Colisão;Luz do Dia;;;T;Pare;Comercial;0;1;1;0;0;0;0;0;0;1;0;0;-38,577954;-3,710359