COD_ACIDENTE;DIA;MES;ANO;HORA;INTERSECAO;LOG1;LOG2;LOG3;NUMERO;REFERENCIA;NATUREZA;ILUMINACAO;TEMPO;SUPERFICIEPISTA;TIPOCRUZAMENTO;CONTROLETRAFEGO;USOSOLO;MORTOS;FERIDOS;ILESOS;AUTOMOVEL;ONIBUS;BICICLETA;CAMINHAO;MICROONIBUS;CICLOMOTOR;MOTOCICLETA;TRACAOANIMAL;TREM;LONG;LAT
288222;8;6;2016;14:02;0;AV GAL OSORIO DE PAIVA;;;657;;Colisão;Luz do Dia;;;Meio de Quadra;;;0;1;1;1;0;0;0;0;0;1;0;0;-38,568261;-3,776739
288223;8;6;2016;14:05;0;AV DR SILAS MUNGUBA;;;3034;;Colisão;Luz do Dia;;;Meio de Quadra;;;0;1;1;0;0;0;0;0;0;1;0;0;-38,546529;-3,788205
288220;8;6;2016;13:40;19533;AV GAL OSORIO DE PAIVA;RUA NEREU RAMOS;;;;Colisão;Luz do Dia;;;Cruz;Semáforo;Comercial;0;1;1;0;0;0;0;0;0;1;0;0;-38,576828;-3,782196
288232;8;6;2016;15:26;0;RUA EUCLIDES O DE SOUSA;;;1503;;Colisão;Luz do Dia;;;Meio de Quadra;;;0;1;0;0;0;0;0;0;0;0;0;0;-38,465747;-3,797028
288233;8;6;2016;16:45;0;RUA JOSE HOLANDA FREITAS;;;920;;Queda;Luz do Dia;;;Meio de Quadra;;;0;0;1;0;0;0;0;0;0;1;0;0;-38,507938;-3,815867
288234;8;6;2016;17:13;0;AV AGUANAMBI;;;;;Colisão;Anoitecer;;;Meio de Quadra;;;0;1;1;1;0;0;0;0;0;1;0;0;;
288235;8;6;2016;18:33;22951;AV DR SILAS MUNGUBA;RUA DR JUSTA ARAUJO D45;;;;Colisão Lateral;Via Iluminada;Bom;Seca;Cruz;Semáforo;Comercial;0;0;2;0;1;0;0;0;0;1;0;0;-38,553426;-3,784586
288228;8;6;2016;14:26;0;RUA FRANCISCO CALACA;;;531;;Colisão;Luz do Dia;;;Meio de Quadra;;;0;1;0;0;0;0;0;0;0;0;0;0;-38,570142;-3,706681
288229;8;6;2016;14:50;0;AV GOV RAUL BARBOSA;;;;;Colisão;Luz do Dia;;;Meio de Quadra;;;0;1;0;0;0;0;0;0;0;0;0;0;;
288230;8;6;2016;15:05;0;RUA DR CORREIA LIMA;;;;;Colisão;Luz do Dia;;;Meio de Quadra;;;0;1;2;1;0;0;0;0;0;1;0;0;;
286235;8;6;2016;15:40;0;AV SEN CARLOS JEREISSATI (AEROPORTO);;;;KM 01;Colisão;Luz do Dia;Bom;Seca;Meio de Quadra;;;0;0;2;1;0;0;1;0;0;0;0;0;-38,52685;-3,783753
286233;8;6;2016;08:30;0;AV SEN CARLOS JEREISSATI (AEROPORTO);;;;KM 03;Colisão;Luz do Dia;Bom;Seca;Meio de Quadra;;;0;0;2;1;0;0;0;0;0;0;0;0;-38,544038;-3,779641
285487;8;6;2016;08:15;25159;AV ALM MAXIMIANO DA FONSECA;AV MIGUEL DIAS;;;;Colisão Transversal;Luz do Dia;Bom;Seca;Cruz;Pare;Residencial;0;0;2;1;0;0;0;0;0;0;0;0;-38,487945;-3,770833
285488;8;6;2016;13:35;3769;AV DOMINGOS OLIMPIO;RUA SEN POMPEU;;;;Colisão Traseira;Luz do Dia;Bom;Seca;Cruz;Semáforo;Comercial;0;0;2;1;0;0;0;0;0;1;0;0;-38,532455;-3,736254
285489;8;6;2016;07:50;12457;RUA PRO GOMES BRASIL;AV AUGUSTO DOS ANJOS;;;;Colisão Lateral;Luz do Dia;Nublado;Seca;Cruz;Semáforo;Comercial;0;1;1;0;0;0;0;0;0;0;0;0;-38,570427;-3,770153
285490;8;6;2016;08:20;0;AV DR SILAS MUNGUBA;;;3034;;Colisão Lateral;Luz do Dia;Bom;Seca;Meio de Quadra;Não Há Controle;Comercial;0;0;2;1;0;0;0;0;0;1;0;0;-38,546529;-3,788205
285491;8;6;2016;12:50;5402;RUA METON DE ALENCAR;RUA VINTE E QUATRO DE MAIO;;;;Colisão Transversal;Luz do Dia;Bom;Seca;Cruz;Pare;Comercial;0;0;2;1;0;0;0;0;0;0;0;0;-38,533848;-3,732626
285492;8;6;2016;12:50;6744;RUA BATISTA DE OLIVEIRA;RUA BENTO ALBUQUERQUE;;;;Colisão Traseira;Luz do Dia;Bom;Seca;Cruz;Semáforo;Residencial;0;1;1;1;0;0;0;0;0;1;0;0;-38,481027;-3,744448
285483;8;6;2016;13:35;2758;RUA OSCAR FRANCA;RUA MARIA JULIA;;;;Colisão Lateral;Luz do Dia;;;Cruz;Pare;Residencial;0;1;1;0;1;0;0;0;0;1;0;0;-38,599725;-3,79189
285480;8;6;2016;15:00;0;RUA BERNARDO MANUEL;;;8235;;Colisão Frontal;Luz do Dia;Bom;Seca;Outros;Gesto;Residencial;0;1;1;1;0;0;0;0;0;1;0;0;-38,549248;-3,791601
285481;8;6;2016;09:44;55;RUA SALGADO FILHO;RUA CEL JOAQUIM FRANKLIN;;;;Colisão Lateral;Luz do Dia;Bom;Seca;Cruz;Pare;Residencial;0;2;0;1;0;0;0;0;0;1;0;0;-38,594868;-3,743486
285477;8;6;2016;08:50;14777;RUA MAJ MONTENEGRO;RUA AMERICO ROCHA LIMA;;;;Colisão Frontal;Luz do Dia;Bom;Seca;Cruz;Outros;Residencial;0;0;2;1;0;0;0;0;0;0;0;0;-38,580642;-3,798981
285475;8;6;2016;15:20;0;AV DUQ CAXIAS;;;201;;Atropelamento;Luz do Dia;Bom;Seca;Meio de Quadra;Semáforo;Comercial;0;1;1;0;0;0;0;0;0;1;0;0;-38,526302;-3,732946
285494;8;6;2016;11:30;15280;RUA DR JOSE LOURENCO;RUA TEN BENEVOLO;;;;Colisão Transversal;Luz do Dia;Bom;Seca;Cruz;Pare;Comercial;0;0;3;1;0;0;0;0;0;0;0;0;-38,50601;-3,729029
285496;8;6;2016;15:40;14682;AV OLIVEIRA PAIVA;RUA DR JOSE FURTADO;;;;Colisão Lateral;Luz do Dia;Bom;Seca;Cruz;Semáforo;Comercial;0;0;2;0;0;0;0;0;0;1;0;0;-38,488112;-3,796201
285473;8;6;2016;08:40;9200;RUA JAIME BENEVOLO;RUA DEP JOAO PONTES;;;;Atropelamento;Luz do Dia;Bom;Seca;Cruz;Pare;Residencial;0;1;1;1;0;0;0;0;0;0;0;0;-38,530076;-3,74614
285511;8;6;2016;17:10;7635;AV CARNEIRO DE MENDONCA;RUA GOIAS;;;;Colisão Lateral;Anoitecer;Bom;Seca;Cruz;Pare;Comercial;0;1;1;1;0;0;0;0;0;1;0;0;-38,568394;-3,763223
301007;8;6;2016;03:45;0;AV ENG SANTANA JUNIOR;;;663;;Choque c/ Obstáculo Fixo;Via Iluminada;Bom;Seca;Meio de Quadra;Não Há Controle;Comercial;0;0;1;1;0;0;0;0;0;0;0;0;-38,481043;-3,734011
301008;8;6;2016;16:19;19331;AV GAL OSORIO DE PAIVA;RUA PRO GOMES BRASIL;;0;;Colisão Lateral;Luz do Dia;Bom;Seca;Cruz;Semáforo;Lazer;0;1;1;0;1;0;0;0;0;1;0;0;-38,566451;-3,775618
301009;8;6;2016;18:47;0;AV DIOGUINHO;;;0;;Colisão Traseira;Via Iluminada;Bom;Seca;Meio de Quadra;Não Há Controle;Não Informado;0;1;2;1;0;0;0;0;0;1;0;0;;
285525;8;6;2016;11:00;0;RUA FRE MANSUETO;;;;;Colisão Transversal;;Bom;Seca;Meio de Quadra;Pare;Comercial;0;0;2;1;0;0;0;0;0;1;0;0;;
285537;8;6;2016;16:00;8934;AV DOMINGOS OLIMPIO;RUA PDE MORORO;;;;Colisão Transversal;Luz do Dia;Bom;Seca;Cruz;Pare;Comercial;0;0;2;1;0;0;0;0;0;0;0;0;-38,539949;-3,733752
285540;8;6;2016;13:50;0;RUA GAL SAMPAIO;;;1690;;Colisão Traseira;Luz do Dia;Bom;Seca;Meio de Quadra;Não Há Controle;Comercial;0;0;2;0;1;0;0;0;0;0;0;0;-38,532623;-3,733112
285521;8;6;2016;09:00;0;AV ENG LUIS VIEIRA;;;911;;Colisão Lateral;Luz do Dia;Bom;Seca;Meio de Quadra;;Comercial;0;0;2;1;0;0;0;0;0;0;0;0;;
285543;9;6;2016;03:40;0;RUA CEL TIBURCIO;;;;;Choque c/ Obstáculo Fixo;Via Iluminada;Bom;Seca;T;Semáforo Intermitente;Residencial;0;0;1;1;0;0;0;0;0;0;0;0;;
285533;9;6;2016;07:50;0;AV JOVITA FEITOSA;;;410;;Colisão Traseira;Luz do Dia;Bom;Outros;Outros;Semáforo Intermitente;Residencial;0;0;2;1;0;0;0;0;0;0;0;0;-38,547289;-3,737959
285555;9;6;2016;16:20;8025;RUA PRO COSTA MENDES;AV JOAO PESSOA;;;;Colisão Lateral;Luz do Dia;Bom;Seca;Cruz;Semáforo;Comercial;0;1;1;1;0;0;0;0;0;1;0;0;-38,549441;-3,752393
285556;9;6;2016;10:00;0;AV BEIRA MAR;;;2270;;Colisão Traseira;Luz do Dia;Bom;Seca;Meio de Quadra;Não Há Controle;;0;0;2;1;0;0;0;0;0;0;0;0;-38,500185;-3,724842
285559;9;6;2016;16:15;0;AV ALBERTO NEPOMUCENO;;;199;;Outros;Luz do Dia;Bom;Seca;Meio de Quadra;Semáforo Intermitente;Comercial;0;0;2;1;1;0;0;0;0;0;0;0;;
285560;9;6;2016;16:04;25061;AV 13 DE MAIO;RUA COS TRISTAO;;;;Colisão Traseira;Luz do Dia;Bom;Seca;;;Comercial;0;0;2;1;0;0;0;0;0;0;0;0;-38,529981;-3,748763
285561;9;6;2016;17:15;19733;RUA DOM LINO;RUA MORENINHA IRINEU;;;;Colisão Lateral;Luz do Dia;Bom;Seca;Duplo T;Não Há Controle;Escola;0;0;2;1;0;0;0;0;0;0;0;0;-38,556958;-3,737153
285553;9;6;2016;18:25;7694;RUA RIO GRANDE DO SUL;RUA RIO GRANDE DO NORTE;;;;Colisão Lateral;Via Iluminada;Bom;Seca;Cruz;Pare;Residencial;0;0;2;0;0;0;0;0;0;1;0;0;-38,567559;-3,758617
285550;9;6;2016;17:30;0;RUA CATOLE;;;2487;;Colisão Lateral;Anoitecer;Bom;Seca;Meio de Quadra;Não Há Controle;Residencial;0;1;1;1;0;0;0;0;0;1;0;0;-38,521347;-3,85055
285547;9;6;2016;14:00;25007;AV JOAO PESSOA;RUA ROMEU MARTINS;;;;Colisão Lateral;Luz do Dia;Bom;Seca;T;Pare;Comercial;0;1;1;1;0;0;0;0;0;0;0;0;-38,557972;-3,762774
285563;9;6;2016;14:30;0;RUA PDE PEDRO DE ALENCAR;;;;;Colisão Lateral;Luz do Dia;Bom;Seca;Meio de Quadra;Não Há Controle;Outros;0;0;2;0;0;0;0;0;0;1;0;0;;
285566;9;6;2016;16:00;14847;RUA WALDIR DIOGO;TR WALDIR DIOGO;;;;Colisão Lateral;Luz do Dia;Bom;Seca;Cruz;Pare;Residencial;0;0;2;1;1;0;0;0;0;0;0;0;;
285567;9;6;2016;02:30;0;AV DOM MANUEL;;;582;;Colisão Lateral;Via Iluminada;Chuva;Molhada;Meio de Quadra;Pare;Comercial;0;1;1;1;0;0;0;0;0;0;0;0;-38,521383;-3,729207
285577;9;6;2016;13:35;0;RUA JOSE VILAR;;;1187;;Colisão Traseira;Luz do Dia;Bom;Seca;Meio de Quadra;Pare;Residencial;0;0;2;1;0;0;0;0;0;0;0;0;;
285605;9;6;2016;11:00;19271;AV GAL OSORIO DE PAIVA;RUA CAIO PRADO;;;;Colisão Lateral;;Bom;Seca;Cruz;;Comercial;0;0;2;1;0;0;0;0;0;0;0;0;-38,563447;-3,77319
285601;9;6;2016;22:30;12445;AV SEN FERNANDES TAVORA;TR HELENA DE MARIA;;;;Colisão Lateral;Via Iluminada;Bom;Seca;T;Pare;Comercial;0;2;1;1;0;0;0;0;0;1;0;0;-38,574916;-3,766094
285621;9;6;2016;00:00;10989;RUA CON LIMA SUCUPIRA;RUA TOMAS EDSON;;;;Colisão Lateral;Via Iluminada;Bom;Seca;Cruz;Pare;Residencial;0;2;1;1;0;0;0;0;0;1;0;0;-38,554272;-3,777047
285618;9;6;2016;09:30;0;AV AUGUSTO DOS ANJOS;;;930;;Colisão Lateral;Luz do Dia;Bom;Seca;Meio de Quadra;Outros;Comercial;0;0;2;1;0;0;0;0;0;1;0;0;-38,575344;-3,775835
285624;9;6;2016;10:00;0;AV ABOLICAO;;;3949;;Colisão Transversal;Luz do Dia;Bom;Seca;Meio de Quadra;Pare;Comercial;0;0;2;0;1;0;0;0;0;0;0;0;-38,483653;-3,725165
285610;9;6;2016;05:20;0;RUA VITAL BRASIL;;;;;Colisão Lateral;Luz do Dia;Bom;Seca;Meio de Quadra;Pare;Residencial;0;0;2;1;1;0;0;0;0;0;0;0;;
301013;9;6;2016;15:10;0;AV SEN FERNANDES TAVORA;;;3250;;Colisão Traseira;Luz do Dia;Bom;Seca;Meio de Quadra;Não Há Controle;Comercial;0;1;1;0;1;0;0;0;0;1;0;0;-38,600903;-3,754643
293089;9;6;2016;00:30;0;RUA HERMINIA BONAVIDES;;;;9º DP;Choque c/ Obstáculo Fixo;;;;Meio de Quadra;;;0;0;1;0;0;0;0;0;0;0;0;0;;
286237;9;6;2016;09:30;0;RD CE-040;;;;;Colisão;Luz do Dia;Bom;Seca;Meio de Quadra;;;0;0;2;0;0;0;0;0;0;0;0;0;;
286245;9;6;2016;11:15;0;RD CE-040;;;;KM-06;Colisão;Luz do Dia;Bom;Seca;Meio de Quadra;;;0;0;2;0;0;1;0;0;0;0;0;0;-38,479535;-3,800596
286246;9;6;2016;11:20;0;AV SEN CARLOS JEREISSATI (AEROPORTO);;;541;KM 01;Colisão;Luz do Dia;Bom;Seca;Meio de Quadra;;;0;1;2;0;0;0;0;0;0;1;0;0;-38,52685;-3,783753
286254;9;6;2016;15:30;0;RD CE-040;;;;KM-06;Colisão;Luz do Dia;Bom;Seca;Meio de Quadra;;;0;0;2;0;0;0;1;0;0;0;0;0;-38,479535;-3,800596
286256;9;6;2016;19:35;0;RD CE-040;;;;KM-04;Colisão;;Bom;Seca;Meio de Quadra;;;0;0;2;1;0;0;0;0;0;1;0;0;-38,481084;-3,782614
286257;9;6;2016;21:14;0;RD CE-040;;;;KM-10;Colisão;;Bom;Seca;Meio de Quadra;;;0;0;2;1;0;0;0;0;0;0;0;0;-38,482466;-3,834451
286240;9;6;2016;14:45;0;RD CE-040;;;;KM-06;Colisão;Luz do Dia;Bom;Seca;Meio de Quadra;;;0;0;2;1;0;0;0;0;0;0;0;0;-38,479535;-3,800596
286652;9;6;2016;09:03;3419;AV JOAO PESSOA;RUA MIGUEL GONCALVES;;;;Colisão;Luz do Dia;;;Cruz;Pare;Comercial;0;0;1;0;0;0;0;0;0;0;0;0;-38,55508;-3,75871
288237;9;6;2016;01:45;0;AV N CJ JOSE WALTER;;;;;Queda;;;;Meio de Quadra;;;0;1;0;0;0;0;0;0;0;1;0;0;;
288247;9;6;2016;02:59;23607;RUA BAR CRATO;RUA CAP NESTOR GOIS;;;;Atropelamento;;;;Cruz;Pare;Misto;0;2;0;0;0;0;0;0;0;1;0;0;-38,561703;-3,721812
288270;9;6;2016;16:33;0;RUA CON LIMA SUCUPIRA;;;2043;;Colisão;Luz do Dia;;;Meio de Quadra;;;0;0;2;1;0;0;0;0;0;1;0;0;-38,55353;-3,777301
288271;9;6;2016;16:42;19179;AV SANTOS DUMONT;RUA JULIO AZEVEDO;;;;Atropelamento;Luz do Dia;;;;Não Há Controle;Comercial;0;1;1;0;0;0;0;0;0;0;0;0;-38,481471;-3,741662
288272;9;6;2016;17:14;0;RD BR 116;;;6000;KM-06;Queda;Anoitecer;;;Meio de Quadra;;;0;1;0;0;0;1;0;0;0;0;0;0;-38,503053;-3,804691
288249;9;6;2016;03:29;0;AV PRS COSTA E SILVA;;;591;;Colisão;;;;Meio de Quadra;;;0;1;1;1;0;0;0;0;0;1;0;0;;
288250;9;6;2016;03:39;20226;AV PAROARAS;AV SAUDADE D68;;;;Colisão;;;;Outros;Pare;Residencial;0;1;2;1;0;0;0;0;0;1;0;0;-38,534257;-3,814399
288251;9;6;2016;05:41;0;RUA FRANCISCO GLICERIO;;;2296;;Colisão;Amanhecer;;;Meio de Quadra;;;0;1;1;1;0;1;0;0;0;0;0;0;-38,582144;-3,794528
288253;9;6;2016;06:13;0;AV GODOFREDO MACIEL;;;88;;Queda;Luz do Dia;;;Meio de Quadra;;;0;1;1;0;0;0;0;0;0;1;0;0;;
288262;9;6;2016;10:45;25697;RUA JOAO CORDEIRO;RUA ROCHA LIMA;;;;Colisão;Luz do Dia;;;Cruz;Pare;Residencial;0;1;1;1;0;0;0;0;0;1;0;0;-38,517275;-3,738
288263;9;6;2016;11:09;0;AV SEN CARLOS JEREISSATI (AEROPORTO);;;535;;Colisão;Luz do Dia;;;Meio de Quadra;;;0;1;2;1;0;0;0;0;0;1;0;0;;
288264;9;6;2016;11:32;5392;RUA PINTO MADEIRA;RUA NOGUEIRA ACIOLI;;;;Colisão;Luz do Dia;;;Cruz;Pare;Residencial;0;1;1;1;0;0;0;0;0;1;0;0;-38,517559;-3,732292
288265;9;6;2016;12:04;0;AV PRS CASTELO BRANCO;;;2985;;Colisão;Luz do Dia;;;Meio de Quadra;;;0;1;1;1;0;0;0;0;0;1;0;0;-38,555823;-3,711832
288266;9;6;2016;12:18;0;AV FRANCISCO SA;;;2903;;Colisão;Luz do Dia;;;Meio de Quadra;;;0;1;1;1;0;1;0;0;0;0;0;0;-38,551453;-3,719365
288267;9;6;2016;13:21;0;AV ENG HUMBERTO MONTE;;;233;;Colisão;Luz do Dia;;;Meio de Quadra;;;0;1;0;0;0;0;0;0;0;0;0;0;;
288268;9;6;2016;13:47;0;RD BR 116;;;16000;KM-16;Atropelamento;Luz do Dia;;;Meio de Quadra;;;0;1;1;1;0;0;0;0;0;0;0;0;;
288282;9;6;2016;18:14;15326;AV BAR STUDART;RUA PEREIRA FILGUEIRAS;;;;Colisão;Anoitecer;;;Cruz;Semáforo;Comercial;0;1;1;1;0;0;0;0;0;1;0;0;-38,505361;-3,73081
288280;9;6;2016;17:53;0;RD BR 116;;;10000;KM-10;Colisão;Anoitecer;;;Meio de Quadra;;;0;1;2;0;0;0;0;0;0;1;0;0;-38,503373;-3,834435
288274;9;6;2016;17:20;0;RUA PRO EDGAR DE ARRUDA;;;;;Colisão;Anoitecer;;;Meio de Quadra;;;0;1;0;0;0;0;0;0;0;0;0;0;;
288275;9;6;2016;17:34;0;RUA DEP MATOSO FILHO;;;671;;Colisão;Anoitecer;;;Meio de Quadra;;;0;1;1;1;0;0;0;0;0;1;0;0;-38,590384;-3,73242
288276;9;6;2016;17:45;0;AV SEN FERNANDES TAVORA;;;;;Colisão;Anoitecer;;;Meio de Quadra;;;0;1;1;1;0;0;0;0;0;1;0;0;;
288278;9;6;2016;17:45;0;AV SEN FERNANDES TAVORA;;;;;Colisão;Anoitecer;;;Meio de Quadra;;;0;1;1;1;0;0;0;0;0;1;0;0;;
288255;9;6;2016;07:19;0;AV JOAO PESSOA;;;6936;;Colisão;Luz do Dia;;;Meio de Quadra;;;0;1;2;1;0;0;0;0;0;1;0;0;-38,561064;-3,77028
287234;9;6;2016;15:00;0;RD BR 116;;;500;KM-05;Colisão Traseira;Luz do Dia;Bom;Seca;Meio de Quadra;;;0;0;2;1;0;0;1;0;0;0;0;0;-38,50617967;-3,797701134
287476;9;6;2016;23:00;0;RD BR 116;;;0;KM-10;Colisão Traseira;Via Iluminada;Bom;Seca;Meio de Quadra;;;0;2;0;0;0;0;0;0;0;1;0;0;-38,50066273;-3,840077107
289000;9;6;2016;07:16;10624;AV ROGACIANO LEITE;RUA ATILANO MOURA;;;;Colisão Traseira;Luz do Dia;Bom;Seca;Cruz;Semáforo;Residencial;0;0;4;0;0;0;0;0;0;1;0;0;-38,492149;-3,759455
288996;9;6;2016;07:06;21373;AV JOVITA FEITOSA;RUA OTAVIO JUSTA;;;;Colisão;Luz do Dia;;;;;;0;0;2;1;0;0;0;0;0;0;0;0;-38,547209;-3,737944
288998;9;6;2016;07:09;12849;RUA SALDANHA MARINHO;RUA ASSUNCAO;;;;Colisão Transversal;Luz do Dia;Bom;Seca;Cruz;Pare;Comercial;0;0;4;1;0;0;0;0;0;0;0;0;-38,531231;-3,742314
289017;9;6;2016;11:26;21484;RUA FARIAS LEMOS;RUA INACIO VASCONCELOS;;;;Colisão;Luz do Dia;;;Cruz;Pare;Residencial;0;0;1;0;0;0;0;0;0;0;0;0;-38,494795;-3,812061
289018;9;6;2016;13:05;0;AV DOS EXPEDICIONARIOS;;;3708;;Colisão;Luz do Dia;;;Meio de Quadra;;;0;0;2;0;0;0;0;0;0;0;0;0;-38,537022;-3,751256
289020;9;6;2016;13:09;9028;RUA SOLON PINHEIRO;RUA DEP JOAO PONTES;;;;Colisão;Luz do Dia;;;Cruz;Pare;Residencial;0;0;2;0;0;0;0;0;0;0;0;0;-38,531463;-3,745689
289009;9;6;2016;09:50;0;AV BEZERRA DE MENEZES;;;2500;;Colisão Lateral;Luz do Dia;Bom;Seca;Não Informado;Gesto;Comercial;0;0;4;1;0;0;0;0;0;0;0;0;-38,566794;-3,736162
289010;9;6;2016;09:52;0;AV GAL OSORIO DE PAIVA;;;;;Colisão;Luz do Dia;;;Meio de Quadra;;;0;0;1;0;0;0;0;0;0;0;0;0;;
289003;9;6;2016;08:34;11668;RUA PRO HERIBALDO COSTA;RUA CACILDA BECKER;;;;Colisão;Luz do Dia;;;Cruz;Não Há Controle;Residencial;0;0;1;0;0;0;0;0;0;0;0;0;-38,589464;-3,770715
289012;9;6;2016;10:02;19779;RUA DOM MANUEL DE MEDEIROS;RUA PRO LINO ENCARNACAO;;;;Colisão;Luz do Dia;;;Cruz;Pare;Residencial;0;0;2;0;0;0;0;0;0;0;0;0;-38,561201;-3,738513
289064;9;6;2016;16:36;5451;RUA BARBARA DE ALENCAR;AV DOM MANUEL;;;;Colisão Traseira;Luz do Dia;Bom;Seca;Cruz;Semáforo;Comercial;0;1;3;1;0;0;0;0;0;0;0;0;-38,523262;-3,734972
289065;9;6;2016;16:38;374;AV ENG HUMBERTO MONTE;RUA ERICO MOTA;;;;Colisão;Luz do Dia;;;;;;0;0;1;0;0;0;0;0;0;0;0;0;-38,560224;-3,749432
289066;9;6;2016;16:38;1325;RUA JOAQUIM NABUCO;AV SANTOS DUMONT;;;;Colisão;Luz do Dia;;;Cruz;Semáforo;Comercial;0;0;1;0;0;0;0;0;0;0;0;0;-38,501285;-3,735295
289067;9;6;2016;17:26;15371;RUA PRO DIAS DA ROCHA;AV DOM LUIS;;;;Colisão;Anoitecer;;;Cruz;Pare;Comercial;0;0;1;0;0;0;0;0;0;0;0;0;-38,491572;-3,735126
289069;9;6;2016;17:30;11675;RUA PRO HERIBALDO COSTA;RUA DIOGO CORREIA;;;;Colisão;Anoitecer;;;Cruz;Pare;Residencial;0;0;1;0;0;0;0;0;0;0;0;0;-38,590102;-3,770996
289070;9;6;2016;17:54;0;RUA CATOLE;;;529;;Colisão;Anoitecer;;;Meio de Quadra;;;0;0;1;0;0;0;0;0;0;0;0;0;;
289060;9;6;2016;16:05;8025;AV JOAO PESSOA;RUA PRO COSTA MENDES;;;;Colisão;Luz do Dia;;;Cruz;Semáforo;Comercial;0;0;1;0;0;0;0;0;0;0;0;0;-38,549441;-3,752393
289058;9;6;2016;15:46;15643;RUA AFONSO HENRIQUE;RUA CAPANEMA;;;;Colisão;Luz do Dia;;;;;;0;0;2;0;0;0;0;0;0;0;0;0;-38,487682;-3,82503
289033;9;6;2016;13:15;15327;RUA ANA BILHAR;AV SEN VIRGILIO TAVORA;;;;Colisão;Luz do Dia;;;Cruz;Semáforo;Residencial;0;0;1;0;0;0;0;0;0;0;0;0;-38,491262;-3,730893
289034;9;6;2016;13:26;0;RUA BARBOSA DE FREITAS;;;;;Colisão;Luz do Dia;;;Meio de Quadra;;;0;0;2;0;0;0;0;0;0;0;0;0;;
289006;9;6;2016;09:05;0;RUA NAT FEIJO;;;1409;;Colisão;Luz do Dia;;;Meio de Quadra;;;0;0;1;0;0;0;0;0;0;0;0;0;;
289039;9;6;2016;14:31;16679;AV PRS COSTA E SILVA;AV 1 LOT ARVOREDO;;;;Colisão;Luz do Dia;;;T;Pare;Residencial;0;0;1;0;0;0;0;0;0;0;0;0;-38,56516;-3,817735
289043;9;6;2016;15:10;0;RUA JAIME CALADO;;;;;Colisão;Luz do Dia;;;Meio de Quadra;;;0;0;1;0;0;0;0;0;0;0;0;0;;
289044;9;6;2016;15:11;0;AV FRE CIRILO;;;3325;;Colisão;Luz do Dia;;;Meio de Quadra;;;0;0;1;0;0;0;0;0;0;0;0;0;-38,499251;-3,81342
289047;9;6;2016;15:27;0;AV AGUANAMBI;;;1953;;Colisão;Luz do Dia;;;Meio de Quadra;;;0;0;2;1;1;0;0;0;0;0;0;0;-38,52347;-3,754034
289050;9;6;2016;15:34;0;RUA 23 DE JUNHO;;;1908;;Colisão;Luz do Dia;;;Meio de Quadra;;;0;0;2;0;0;0;0;0;0;0;0;0;-38,608552;-3,781804
289073;9;6;2016;18:06;0;RUA SENA MADUREIRA;;;870;;Colisão Lateral;Via Iluminada;Bom;Seca;Meio de Quadra;Não Há Controle;Comercial;0;1;2;1;0;0;0;0;0;1;0;0;-38,525775;-3,728681
289075;9;6;2016;18:11;0;AV FRE CIRILO;;;;;Colisão;Anoitecer;;;;;;0;0;1;0;0;0;0;0;0;0;0;0;;
289078;9;6;2016;18:11;8011;RUA ALEXANDRE BARAUNA;AV JOAO PESSOA;;;;Colisão;Anoitecer;;;Cruz;Semáforo;Comercial;0;0;2;0;0;0;0;0;0;0;0;0;-38,548267;-3,751089
289082;9;6;2016;19:38;3785;RUA WALDERY UCHOA;RUA ADOLFO HERBSTER;;;;Atropelamento;;;;Cruz;Pare;Residencial;0;1;1;0;0;0;0;0;0;0;0;0;-38,539914;-3,745159
289083;9;6;2016;19:54;3946;RUA DULCINEIA GONDIM;RUA FRE ORLANDO;;;;Colisão Transversal;Via Iluminada;Bom;Seca;Cruz;Pare;Residencial;0;1;3;1;0;0;0;0;0;0;0;0;-38,547738;-3,756988
289084;9;6;2016;19:57;0;RUA DEP OSWALDO STUDART;;;888;;Colisão Lateral;Via Iluminada;Bom;Seca;Meio de Quadra;Não Há Controle;Comercial;0;0;4;1;0;0;0;0;0;0;0;0;-38,53209;-3,758085
289087;9;6;2016;20:52;0;AV ANTONIO SALES;;;2097;;Colisão Traseira;Via Iluminada;Bom;Seca;Meio de Quadra;Semáforo;Comercial;0;0;4;1;0;0;0;0;0;0;0;0;-38,505253;-3,744566
289090;9;6;2016;22:46;0;RUA DEP MATOSO FILHO;;;;;Colisão;;;;Meio de Quadra;;;0;0;1;0;0;0;0;0;0;0;0;0;;
289055;9;6;2016;17:03;0;AV SEN FERNANDES TAVORA;;;3240;;Colisão;Anoitecer;;;Meio de Quadra;;;0;0;2;0;0;0;0;0;0;1;0;0;-38,600652;-3,754692
289112;10;6;2016;07:39;15244;RUA DEP MOREIRA DA ROCHA;RUA JOSE VILAR;;;;Colisão;Luz do Dia;;;Cruz;Não Há Controle;Residencial;0;0;2;0;0;0;0;0;0;0;0;0;-38,502113;-3,727832
289115;10;6;2016;08:32;7642;RUA RIO GRANDE DO NORTE;RUA ESTADO DO RIO;;;;Colisão Transversal;Luz do Dia;Bom;Seca;Cruz;Pare;Comercial;0;0;4;1;0;0;0;0;0;0;0;0;-38,569969;-3,757063
289117;10;6;2016;09:06;0;AV DOS EXPEDICIONARIOS;;;;;Colisão;Luz do Dia;;;Meio de Quadra;;;0;0;2;0;0;0;0;0;0;0;0;0;;