COD_ACIDENTE;DIA;MES;ANO;HORA;INTERSECAO;LOG1;LOG2;LOG3;NUMERO;REFERENCIA;NATUREZA;ILUMINACAO;TEMPO;SUPERFICIEPISTA;TIPOCRUZAMENTO;CONTROLETRAFEGO;USOSOLO;MORTOS;FERIDOS;ILESOS;AUTOMOVEL;ONIBUS;BICICLETA;CAMINHAO;MICROONIBUS;CICLOMOTOR;MOTOCICLETA;TRACAOANIMAL;TREM;LONG;LAT
289110;10;6;2016;07:27;0;AV JOAO PESSOA;;;6318;;Colisão;Luz do Dia;;;Meio de Quadra;;;0;0;2;0;0;0;0;0;0;0;0;0;-38,559123;-3,765575
289103;10;6;2016;05:39;3860;AV 13 DE MAIO;AV DA UNIVERSIDADE;;;;Colisão;Amanhecer;;;;Não Há Controle;Escola;0;0;1;0;0;0;0;0;0;0;0;0;-38,539107;-3,740962
289104;10;6;2016;06:23;15138;RUA ANTONIO LIMA;AV HIS RAIMUNDO GIRAO;;;;Colisão;Luz do Dia;;;Duplo T;Não Há Controle;Misto;0;0;2;0;0;0;0;0;0;0;0;0;-38,504023;-3,724196
289152;10;6;2016;15:09;0;AV SANTOS DUMONT;;;;;Engavetamento;Via Iluminada;Bom;Seca;Outros;Não Há Controle;Comercial;0;2;5;1;0;0;0;0;0;0;0;0;;
289153;10;6;2016;15:13;6721;RUA BENTO ALBUQUERQUE;AV ENG SANTANA JUNIOR;;;;Colisão;Luz do Dia;;;Cruz;Semáforo;Misto;0;0;1;0;0;0;0;0;0;0;0;0;-38,486538;-3,742678
289148;10;6;2016;14:49;0;TR SAO FRANCISCO D21;;;1604;;Colisão;Luz do Dia;;;;;;0;0;1;0;0;0;0;0;0;0;0;0;;
289146;10;6;2016;13:29;0;AV PONTES VIEIRA;;;680;;Colisão Lateral;Luz do Dia;Bom;Seca;Meio de Quadra;Não Há Controle;Comercial;0;1;3;1;0;0;0;0;0;1;0;0;-38,514817;-3,752874
289129;10;6;2016;11:13;0;AV JOSE BASTOS;;;;;Colisão;Luz do Dia;;;Meio de Quadra;;;0;0;1;0;0;0;0;0;0;0;0;0;;
289144;10;6;2016;13:17;6725;RUA BENTO ALBUQUERQUE;RUA JULIO AZEVEDO;;;;Colisão Transversal;Luz do Dia;Bom;Seca;Cruz;Pare;Residencial;0;0;4;1;0;0;0;0;0;0;0;0;-38,482854;-3,743861
289097;10;6;2016;01:43;1598;RUA MON CATAO;RUA CAROLINA SUCUPIRA;;;;Colisão;;;;Cruz;Não Há Controle;Residencial;0;0;1;0;0;0;0;0;0;0;0;0;-38,492167;-3,743696
289119;10;6;2016;09:42;9613;RUA PAULINO ROCHA D32;RUA MARTINS CARVALHO;;;;Colisão;Luz do Dia;;;Cruz;Não Há Controle;Residencial;0;1;0;1;0;0;0;0;0;1;0;0;-38,626078;-3,788964
289125;10;6;2016;11:06;0;AV DR THEBERGE;;;1742;;Colisão;Luz do Dia;;;Meio de Quadra;;;0;0;1;0;0;0;0;0;0;0;0;0;-38,565738;-3,717013
289123;10;6;2016;10:22;12883;RUA COS TRISTAO;RUA JOAQUIM MAGALHAES;;;;Colisão Transversal;Luz do Dia;Bom;Seca;Cruz;Pare;Residencial;0;0;4;1;0;0;0;0;0;0;0;0;-38,527096;-3,740231
289131;10;6;2016;11:24;0;RUA CEL QUEIROZ;;;550;;Colisão;Luz do Dia;;;Meio de Quadra;;;0;0;1;0;0;0;0;0;0;0;0;0;;
289132;10;6;2016;12:25;0;RUA JOAQUIM NABUCO;;;2725;;Colisão Traseira;Luz do Dia;Bom;Seca;Meio de Quadra;Não Há Controle;Escola;0;0;4;1;0;0;0;0;0;0;0;0;;
289133;10;6;2016;12:31;15254;AV ANTONIO JUSTA;RUA VICENTE LEITE;;;;Colisão;Luz do Dia;;;Cruz;Pare;Residencial;0;0;1;0;0;0;0;0;0;0;0;0;-38,492584;-3,72828
289136;10;6;2016;12:46;15152;AV ABOLICAO;AV BAR STUDART;;;;Colisão;Luz do Dia;;;;;;0;0;1;0;0;0;0;0;0;0;0;0;-38,503445;-3,724762
289137;10;6;2016;13:02;0;RUA RIO ARAGUAIA;;;232;;Colisão;Luz do Dia;;;Meio de Quadra;;;0;0;1;0;0;0;0;0;0;0;0;0;-38,581503;-3,718974
289138;10;6;2016;13:13;0;RUA AFONSO LOPES;;;779;;Colisão;Luz do Dia;;;Meio de Quadra;;;0;1;0;1;0;0;0;0;0;1;0;0;-38,548686;-3,794634
289205;10;6;2016;20:51;3768;AV TRISTAO GONCALVES;AV DOMINGOS OLIMPIO;;;;Colisão;;;;Cruz;Semáforo;Comercial;0;0;2;0;0;0;0;0;0;0;0;0;-38,535613;-3,735133
289198;10;6;2016;20:03;0;AV ANTONIO SALES;;;;;Colisão;;;;Meio de Quadra;;;0;0;1;0;0;0;0;0;0;0;0;0;;
289201;10;6;2016;20:06;0;AV CASTELO DE CASTRO;;;;;Colisão;;;;Meio de Quadra;;;0;0;1;0;0;0;0;0;0;0;0;0;;
289158;10;6;2016;16:24;0;AV SEN FERNANDES TAVORA;;;;;Colisão;Luz do Dia;;;Meio de Quadra;;;0;0;1;0;0;0;0;0;0;0;0;0;;
289161;10;6;2016;17:27;0;AV CASTELO DE CASTRO;;;;;Colisão;Anoitecer;;;Meio de Quadra;;;0;0;1;0;0;0;0;0;0;0;0;0;;
289156;10;6;2016;15:51;0;AV DES MOREIRA;;;;;Colisão;Luz do Dia;;;Meio de Quadra;;;0;0;1;0;0;0;0;0;0;0;0;0;;
289170;10;6;2016;18:05;0;RUA ANTONIO BENTO;;;689;;Colisão Lateral;Via Iluminada;Bom;Não informada;Meio de Quadra;Não Há Controle;Residencial;0;0;4;1;0;0;0;0;0;1;0;0;-38,548489;-3,785264
289166;10;6;2016;17:56;9670;RUA OSCAR ARARIPE;RUA ARI MAIA;;;;Colisão;Anoitecer;;;Cruz;Não Há Controle;Residencial;0;0;1;0;0;0;0;0;0;0;0;0;-38,621576;-3,784266
289182;10;6;2016;18:31;748;AV FRANCISCO SA;RUA FRANCISCO CALACA;;;;Colisão Transversal;Via Iluminada;Bom;Seca;Cruz;Pare;Comercial;0;0;4;1;0;0;0;0;0;1;0;0;-38,572275;-3,71231
289183;10;6;2016;19:11;5454;RUA METON DE ALENCAR;RUA JAIME BENEVOLO;;;;Colisão;;;;Cruz;Semáforo Danificado;Comercial;0;0;1;0;0;0;0;0;0;0;0;0;-38,526349;-3,735065
289185;10;6;2016;19:24;8014;RUA MACHADO DE ASSIS;RUA PRO COSTA MENDES;;1828;;Colisão Transversal;Via Iluminada;Bom;Seca;Cruz;Semáforo;Residencial;0;0;2;1;0;0;0;0;0;0;0;0;-38,550288;-3,751652
289189;10;6;2016;19:45;0;AV JOSE BASTOS;;;;;Colisão;;;;Meio de Quadra;;;0;0;1;0;0;0;0;0;0;0;0;0;;
289179;10;6;2016;18:29;15028;RUA LEON GRADVOHL;RUA HOLANDA;;;;Colisão;Anoitecer;;;T;Pare;Residencial;0;0;1;0;0;0;0;0;0;0;0;0;-38,5653;-3,793798
287579;10;6;2016;11:30;0;RD BR 222;;;0;KM-03;Colisão Lateral;Luz do Dia;Bom;Seca;Meio de Quadra;;;0;1;1;0;0;0;0;0;0;1;0;0;-38,595941;-3,740301
286445;10;6;2016;18:05;0;RD CE-040;;;;KM-03;Colisão;Anoitecer;Bom;Seca;Meio de Quadra;;;0;0;3;1;0;0;0;0;0;0;0;0;-38,481799;-3,773616
286441;10;6;2016;09:30;0;AV MIN JOSE AMERICO;;;;;Colisão;Luz do Dia;Bom;Seca;Meio de Quadra;;;0;1;1;0;0;0;0;0;0;1;0;0;;
286263;10;6;2016;11:35;0;AV SEN CARLOS JEREISSATI (AEROPORTO);;;;KM 04;Choque c/ Obstáculo Fixo;Luz do Dia;Bom;Seca;Meio de Quadra;;;0;0;1;0;0;0;0;0;0;0;0;0;-38,544418;-3,779518
286266;10;6;2016;08:10;0;AV MIN JOSE AMERICO;;;;;Colisão;Luz do Dia;Bom;Seca;Meio de Quadra;;;0;0;2;0;0;0;0;0;0;1;0;0;;
282845;10;6;2016;12:20;12445;AV SEN FERNANDES TAVORA;TR HELENA DE MARIA;;;;Colisão Lateral;Luz do Dia;Bom;Seca;T;Não Há Controle;Comercial;0;1;1;1;0;0;0;0;0;1;0;0;-38,574916;-3,766094
293096;10;6;2016;18:25;0;AV AGUANAMBI;;;;;Colisão;Anoitecer;;;Meio de Quadra;;;0;2;0;0;0;0;0;0;0;0;0;0;;
293097;10;6;2016;19:01;0;RUA JOAO GENTIL;;;;;Colisão;;;;Meio de Quadra;;;0;2;0;1;0;0;0;0;0;1;0;0;;
293099;10;6;2016;19:08;24250;AV ENG ALBERTO SA;RUA FAUSTO CABRAL;;;;Colisão;;;;Cruz;Pare;Residencial;0;1;0;0;0;0;0;0;0;1;0;0;-38,469684;-3,73553
293102;10;6;2016;19:53;0;AV SANTOS DUMONT;;;;;Colisão;;;;Meio de Quadra;;;0;1;0;1;0;0;0;0;0;0;0;0;;
293105;10;6;2016;19:49;0;AV CASTELO DE CASTRO;;;329;;Colisão;;;;Meio de Quadra;;;0;0;1;0;0;0;0;0;0;0;0;0;-38,521523;-3,831897
293106;10;6;2016;20:19;0;RUA ISMAEL PORDEUS;;;;;Colisão;;;;Meio de Quadra;;;0;1;0;1;0;0;0;0;0;1;0;0;;
293107;10;6;2016;20:27;0;AV GODOFREDO MACIEL;;;;;Queda;;;;Meio de Quadra;;;0;1;0;0;0;0;0;0;0;1;0;0;;
293113;10;6;2016;20:24;0;RUA NOGUEIRA CRUZ;;;;;Colisão;;;;Meio de Quadra;;;0;1;0;0;0;0;0;0;0;1;0;0;;
293114;10;6;2016;22:30;17421;RUA TRES MARIAS D39 (MONTESE);AV PRO GOMES DE MATOS;;;;Colisão Lateral;Via Iluminada;Bom;Seca;Cruz;Semáforo;Comercial;0;1;3;1;0;0;0;0;0;1;0;0;-38,551793;-3,768334
293116;10;6;2016;18:30;0;LOGRADOURO SEM NOME;;;;;Colisão;Anoitecer;;;Meio de Quadra;;;0;1;0;0;0;0;0;0;0;0;0;0;;
293117;10;6;2016;08:10;7134;RUA FELIPE CAMARAO;RUA 06 UI;;;;Colisão;Luz do Dia;;;;;;0;0;2;1;0;0;0;0;0;0;0;0;-38,564685;-3,707439
293118;10;6;2016;21:06;0;AV SEN FERNANDES TAVORA;;;1198;;Colisão;;;;Meio de Quadra;;;0;2;0;1;0;0;0;0;0;1;0;0;-38,583261;-3,761604
293119;10;6;2016;21:26;0;AV SANTOS DUMONT;;;5412;VIADUTO SANTANA JUNIOR;Colisão;;;;Meio de Quadra;;;0;1;0;0;0;0;0;0;0;0;0;0;-38,485132;-3,740506
293122;10;6;2016;22:06;0;AV ALBERTO CRAVEIRO;;;822;;Queda;;;;Meio de Quadra;;;0;1;0;0;0;0;0;0;0;1;0;0;-38,517093;-3,785395
293124;10;6;2016;22:31;0;RUA UM (MONDUBIM);;;135;;Colisão;;;;Meio de Quadra;;;0;1;0;0;0;0;0;0;0;1;0;0;;
293125;10;6;2016;23:16;0;RUA VALPARAISO;;;1665;;Atropelamento;;;;Meio de Quadra;;;0;1;0;1;0;0;0;0;0;0;0;0;-38,530868;-3,840032
293126;10;6;2016;23:22;0;RUA ODILON SOARES;;;139;;Queda;;;;Meio de Quadra;;;0;1;0;0;0;0;0;0;0;1;0;0;-38,542526;-3,730049
293075;10;6;2016;17:34;0;AV GODOFREDO MACIEL;;;3440;;Colisão;Anoitecer;;;Meio de Quadra;;;0;1;0;1;0;0;0;0;0;1;0;0;-38,572755;-3,805565
293061;10;6;2016;14:47;0;AV PAROARAS;;;;;Colisão;Luz do Dia;;;Meio de Quadra;;;0;2;0;1;0;0;0;0;0;1;0;0;;
293065;10;6;2016;16:16;10475;AV SEN FERNANDES TAVORA;RUA HUMAITA D73;;2409;;Colisão Lateral;Via Iluminada;Bom;Seca;T;Não Há Controle;Comercial;0;1;3;1;0;0;0;0;0;1;0;0;-38,599578;-3,75488
293068;10;6;2016;17:00;0;AV CASTELO DE CASTRO;;;1708;;Colisão;Anoitecer;;;Meio de Quadra;;;0;1;0;0;0;0;0;0;0;0;0;0;;
293069;10;6;2016;17:00;0;AV DOS EXPEDICIONARIOS;;;;;Colisão;Anoitecer;;;Meio de Quadra;;;0;1;0;1;0;0;0;0;0;1;0;0;;
293055;10;6;2016;14:32;0;AV CASTELO DE CASTRO;;;184;;Queda;Luz do Dia;;;Meio de Quadra;;;0;1;0;0;0;0;0;0;0;1;0;0;-38,52148;-3,830514
293043;10;6;2016;06:50;0;RUA VALPARAISO;;;1926;;Colisão;Luz do Dia;;;Meio de Quadra;;;0;1;0;1;0;0;0;0;0;1;0;0;-38,519112;-3,846407
293044;10;6;2016;06:59;5394;RUA METON DE ALENCAR;AV TRISTAO GONCALVES;;;;Colisão;Luz do Dia;;;Cruz;Semáforo Intermitente;Comercial;0;1;0;0;0;0;0;0;0;1;0;0;-38,534777;-3,732327
293045;10;6;2016;08:25;0;RUA PINTO MADEIRA;;;1030;;Colisão;Luz do Dia;;;Meio de Quadra;;;0;1;0;1;0;0;0;0;0;1;0;0;-38,515965;-3,732786
293046;10;6;2016;10:03;0;RUA PARA;;;738;;Atropelamento;Luz do Dia;Bom;Seca;Meio de Quadra;Não Há Controle;Comercial;0;1;3;0;0;0;0;0;0;1;0;0;-38,563312;-3,755538
293047;10;6;2016;10:25;0;AV GAL OSORIO DE PAIVA;;;612;;Colisão;Luz do Dia;;;Meio de Quadra;;;0;1;0;1;0;0;0;0;0;1;0;0;-38,567927;-3,776529
293050;10;6;2016;13:05;6800;AV SANTOS DUMONT;RUA BATISTA DE OLIVEIRA;;;;Colisão Traseira;Luz do Dia;Bom;Seca;Meio de Quadra;Semáforo;Comercial;0;2;2;1;0;0;0;0;0;0;0;0;-38,479668;-3,742258
293051;10;6;2016;13:32;7935;RUA NUNES VALENTE;RUA TOMAS ACIOLI;;;;Colisão;Luz do Dia;;;Cruz;Pare;Rural;0;1;0;1;0;0;0;0;0;1;0;0;-38,506825;-3,745892
293052;10;6;2016;13:51;0;AV CANAL D71;;;254;;Colisão;Luz do Dia;;;Meio de Quadra;;;0;1;0;1;0;0;0;0;0;1;0;0;-38,589595;-3,81527
293053;10;6;2016;14:16;0;RUA MENOR JERONIMO;;;3002;;Colisão;Luz do Dia;;;Meio de Quadra;;;0;1;0;0;0;0;0;0;0;1;0;0;;
293019;10;6;2016;04:33;0;AV PERIMETRAL;;;3590;;Colisão;;;;Meio de Quadra;;;0;1;0;0;0;0;0;0;0;0;0;0;;
293020;10;6;2016;04:44;0;RUA DEMETRIO MENEZES;;;3588;;Colisão;;;;Meio de Quadra;;;0;1;0;0;0;0;0;0;0;0;0;0;-38,58422;-3,734663
293015;10;6;2016;04:17;0;AV ALM BARROSO;;;;;Capotamento;;;;Meio de Quadra;;;0;1;0;1;0;0;0;0;0;0;0;0;;
301014;10;6;2016;17:20;0;AV GODOFREDO PIMENTEL;;;3440;;Colisão Lateral;Anoitecer;Bom;Seca;Meio de Quadra;Não Há Controle;Comercial;0;1;2;1;0;0;0;0;0;1;0;0;;
301012;10;6;2016;21:16;12875;RUA COS TRISTAO;AV DOMINGOS OLIMPIO;;0;;Colisão Lateral;Via Iluminada;Bom;Seca;Cruz;Pare;Comercial;0;0;2;1;0;0;0;0;0;0;0;0;-38,526351;-3,738077
285614;10;6;2016;17:40;0;AV PONTES VIEIRA;;;105;;Colisão Traseira;Anoitecer;Bom;Seca;Meio de Quadra;Pare;Comercial;0;0;2;1;1;0;0;0;0;0;0;0;-38,519163;-3,753388
285612;10;6;2016;17:40;0;AV PONTES VIEIRA;;;105;;Colisão Traseira;Anoitecer;Bom;Seca;Meio de Quadra;Pare;Comercial;0;0;2;1;0;0;0;0;0;1;0;0;-38,519163;-3,753388
285625;10;6;2016;20:10;25067;AV DOS EXPEDICIONARIOS;RUA DES PRAXEDES;;;;Colisão Lateral;Via Iluminada;Bom;Seca;Cruz;Semáforo;Comercial;0;2;0;1;0;0;0;0;0;0;0;0;-38,540839;-3,763679
285631;10;6;2016;17:00;0;RUA ANTONIO COSTA MENDES (PQ SÃO JOSÉ);;;1754;;Colisão Lateral;Via Iluminada;Bom;Seca;Meio de Quadra;Não Há Controle;Residencial;0;2;0;1;0;0;0;0;0;0;0;0;;
285636;10;6;2016;09:30;0;AV ROGACIANO LEITE;;;61;;Colisão Lateral;Luz do Dia;Bom;Seca;Meio de Quadra;Outros;Comercial;0;0;2;1;0;0;0;0;0;0;0;0;-38,491487;-3,756682
285638;10;6;2016;19:00;12863;AV DOMINGOS OLIMPIO;RUA FLORIANO PEIXOTO;;;;Colisão Transversal;Via Iluminada;Bom;Seca;Cruz;Não Há Controle;Comercial;0;1;1;1;0;0;0;0;0;1;0;0;-38,530313;-3,736976
285640;10;6;2016;06:00;0;AV BEZERRA DE MENEZES;;;51;;Atropelamento;Luz do Dia;Bom;Seca;Meio de Quadra;Semáforo;Comercial;0;1;1;0;1;0;0;0;0;0;0;0;-38,540083;-3,730567
285643;10;6;2016;05:00;0;RUA DEMETRIO MENEZES;;;3581;;Choque c/ Obstáculo Fixo;Amanhecer;Bom;Seca;Meio de Quadra;Não Há Controle;Comercial;1;0;0;0;0;0;0;0;0;1;0;0;-38,584216;-3,734694
285645;10;6;2016;13:00;15320;RUA ANA BILHAR;RUA CEL LINHARES;;;;Colisão Lateral;Luz do Dia;Bom;Seca;Cruz;Pare;Residencial;0;0;2;1;0;0;0;0;0;0;0;0;-38,492228;-3,730568
285647;10;6;2016;23:40;1598;RUA MON CATAO;RUA CAROLINA SUCUPIRA;;;;Colisão Transversal;Via Iluminada;Bom;Seca;Cruz;Não Há Controle;Residencial;0;1;1;1;0;0;0;0;0;0;0;0;-38,492167;-3,743696
285664;10;6;2016;06:50;1054;RUA MIN ABNER VASCONCELOS;GR SAO FRANCISCO;;;;Colisão Transversal;Luz do Dia;Bom;Seca;Cruz;Não Há Controle;Residencial;0;0;2;1;0;0;0;0;0;0;0;0;-38,478336;-3,804398
285687;10;6;2016;20:30;26225;RUA LICURGO MONTENEGRO;RUA FRE ODILON;;;;Outros;Via Iluminada;Bom;Seca;T;Não Há Controle;Residencial;0;0;2;1;0;0;0;0;0;1;0;0;-38,572366;-3,735009
285558;10;6;2016;06:50;0;RUA PRO VIRGILIO DE MORAIS;;;196;;Colisão Traseira;Luz do Dia;Bom;Seca;Meio de Quadra;Não Há Controle;Residencial;0;2;1;0;1;0;0;0;0;1;0;0;-38,596474;-3,750284
285595;10;6;2016;01:20;2343;AV PRS CASTELO BRANCO;RUA ARAQUEM;;;;Atropelamento;Via Iluminada;Bom;Seca;Cruz;Pare;Comercial;1;0;1;1;0;0;0;0;0;0;0;0;-38,577718;-3,704732
285581;10;6;2016;07:00;26192;AV SIQUEIRA CAMPOS;AV GAL OSORIO DE PAIVA;;;;Colisão Transversal;Luz do Dia;Bom;Seca;Cruz;Não Há Controle;Residencial;0;0;2;1;0;0;0;0;0;1;0;0;-38,618651;-3,821821
285568;10;6;2016;14:15;0;AV ALBERTO CRAVEIRO;;;2571;;Colisão Traseira;Luz do Dia;Bom;Seca;Meio de Quadra;Não Há Controle;Residencial;0;0;2;1;0;0;1;0;0;0;0;0;-38,521176;-3,802757
285564;10;6;2016;09:00;2463;RUA SEN ROBERT KENNEDY;RUA CANDIDO CASTELO BRANCO;;;;Colisão Lateral;Luz do Dia;Bom;Seca;Cruz;Não Há Controle;Residencial;0;1;1;1;0;0;0;0;0;1;0;0;-38,58083;-3,707891
285562;10;6;2016;04:00;26255;AV HIS RAIMUNDO GIRAO;RUA HIS GUARINO ALVES;;;;Choque c/ Obstáculo Fixo;Amanhecer;Bom;Seca;T;Pare;Residencial;0;1;0;0;0;0;0;0;0;0;0;0;;
285530;10;6;2016;08:30;20043;AV PRUDENTE BRASIL;AV PALESTINA D68;;;;Colisão Lateral;Luz do Dia;Bom;Seca;Cruz;Pare;Residencial;0;1;1;0;0;0;0;0;0;1;0;0;-38,533505;-3,806944
285544;10;6;2016;20:20;5749;AV DES GONZAGA;RUA JULIO LIMA;;;;Colisão Traseira;Via Iluminada;Bom;Seca;Cruz;Pare;Comercial;0;2;0;1;0;0;0;0;0;0;0;0;-38,500411;-3,796143
285514;10;6;2016;15:41;0;AV JOSE BASTOS;;;5682;;Colisão Traseira;Luz do Dia;Bom;Seca;Meio de Quadra;Não Há Controle;Comercial;0;1;1;1;0;0;0;0;0;1;0;0;-38,564999;-3,761363
285504;10;6;2016;13:40;24988;RUA FRE MANSUETO;RUA TAVARES COUTINHO;;;;Colisão Traseira;Luz do Dia;Bom;Seca;Cruz;Semáforo;Comercial;0;0;2;1;0;0;0;0;0;0;0;0;-38,488784;-3,732638
285510;11;6;2016;15:00;0;RUA BERNARDO MANUEL;;;7593;;Colisão;Luz do Dia;Bom;Seca;Meio de Quadra;Outros;Residencial;0;0;2;1;0;0;0;0;0;0;0;0;-38,54705;-3,784481
285538;11;6;2016;11:40;12954;AV PRS COSTA E SILVA;RUA BERNARDO MANUEL;;;;Colisão Traseira;Luz do Dia;;;Cruz;Semáforo;Comercial;0;0;2;1;0;0;1;0;0;0;0;0;-38,558276;-3,821079
285539;11;6;2016;08:38;0;AV GOV RAUL BARBOSA;;;;;Outros;Luz do Dia;Bom;Seca;Meio de Quadra;Pare;Residencial;0;0;2;0;0;0;1;0;0;0;0;0;;
285526;11;6;2016;15:00;0;AV HIS RAIMUNDO GIRAO;;;907;;Colisão;Luz do Dia;Bom;Seca;Meio de Quadra;Não Há Controle;Comercial;0;1;1;1;0;0;0;0;0;1;0;0;;
285557;11;6;2016;06:00;0;AV DA UNIVERSIDADE;;;3305;;Colisão Traseira;Luz do Dia;Bom;Molhada;Meio de Quadra;Semáforo;Comercial;0;0;2;0;0;0;0;0;0;0;0;0;-38,542059;-3,744207
285536;11;6;2016;09:42;0;AV ENG SERRAINE;;;474;;Colisão;Luz do Dia;Nublado;Molhada;Meio de Quadra;Não Há Controle;Comercial;0;1;1;1;0;0;0;0;0;0;0;0;;
285542;11;6;2016;16:30;5392;RUA NOGUEIRA ACIOLI;RUA PINTO MADEIRA;;;;Outros;Luz do Dia;Bom;Seca;Cruz;Pare;Residencial;0;0;2;1;0;0;0;0;0;0;0;0;-38,517559;-3,732292
285565;11;6;2016;18:00;19081;RUA EDUARDO SABOIA;RUA DES WALDETARIO P MOTA;;;;Colisão Transversal;Anoitecer;Bom;Seca;Cruz;Pare;Comercial;0;0;2;1;0;0;0;0;0;1;0;0;-38,480948;-3,737338
285583;11;6;2016;14:15;0;RUA VIRGILIO NOGUEIRA PAES;;;;;Colisão Traseira;Luz do Dia;Bom;Seca;Meio de Quadra;Pare;Residencial;0;0;2;0;0;0;0;1;0;1;0;0;;
285570;11;6;2016;12:10;6720;AV ENG SANTANA JUNIOR;RUA CAROLINA SUCUPIRA;;;;Colisão Lateral;Luz do Dia;Bom;Seca;T;Não Há Controle;Comercial;0;0;2;1;0;0;1;0;0;0;0;0;-38,488863;-3,74477
285591;11;6;2016;08:30;0;AV BEZERRA DE MENEZES;;;516;;Atropelamento;Luz do Dia;Bom;Seca;Meio de Quadra;Não Há Controle;Comercial;0;1;1;0;1;0;0;0;0;0;0;0;-38,549659;-3,732599
285634;11;6;2016;19:00;0;RUA JOSE HIPOLITO;;;1087;;Colisão Lateral;Via Iluminada;Bom;Seca;Meio de Quadra;Pare;Comercial;0;1;1;1;0;0;0;0;0;1;0;0;-38,48656;-3,835495
285627;11;6;2016;10:25;19224;AV SANTOS DUMONT;RUA FRANCISCO MATOS;;;;Colisão Transversal;Luz do Dia;Bom;Seca;Cruz;Semáforo;Comercial;0;1;1;0;1;0;0;0;0;1;0;0;-38,469675;-3,745497
285615;11;6;2016;07:10;0;AV ENG HUMBERTO MONTE;;;221;;Colisão Traseira;Luz do Dia;Bom;Seca;Meio de Quadra;Semáforo;Comercial;0;0;2;1;0;0;0;0;0;0;0;0;;
285599;11;6;2016;04:30;0;AV GODOFREDO MACIEL;;;2640;;Choque c/ Obstáculo Fixo;Via Iluminada;Nublado;Molhada;Meio de Quadra;;Comercial;0;1;0;1;0;0;0;0;0;0;0;0;-38,570546;-3,798534
291917;11;6;2016;13:30;0;AV LINEU MACHADO;;;272;;Choque c/ Obstáculo Fixo;Luz do Dia;Bom;Seca;Meio de Quadra;Não Há Controle;Comercial;0;0;4;0;1;0;0;0;0;0;0;0;-38,574974;-3,76224
301015;11;6;2016;11:00;19306;AV GAL OSORIO DE PAIVA;RUA EDUARDO PERDIGAO;;0;;Colisão Traseira;Luz do Dia;Chuva;Molhada;Cruz;Semáforo;Comercial;0;0;2;1;0;0;0;0;0;0;0;0;-38,565454;-3,774747
301016;11;6;2016;16:59;0;RUA 212 CJ SAO CRISTOVAO;;;222;;Colisão Transversal;Luz do Dia;Bom;Seca;Meio de Quadra;Pare;Residencial;0;1;1;1;0;0;0;0;0;1;0;0;;
293129;11;6;2016;19:30;0;AV PRS CASTELO BRANCO;;;749;PEFOCE;Choque c/ Obstáculo Fixo;;;;Meio de Quadra;;;0;0;1;0;0;0;0;0;0;0;0;0;-38,535806;-3,718066
293121;11;6;2016;01:02;0;RUA ANDRE REBOUCAS;;;510;;Colisão;;;;Meio de Quadra;;;0;1;1;1;0;0;0;0;1;0;0;0;-38,591305;-3,775948
293132;11;6;2016;01:06;0;RUA QUINZE (CANINDEZINHO);;;201;;Queda;;;;Meio de Quadra;;;0;1;0;0;0;0;0;0;0;1;0;0;;
293133;11;6;2016;01:07;0;AV MON TABOSA;;;111;;Atropelamento;;;;Meio de Quadra;;;0;1;0;1;0;0;0;0;0;0;0;0;-38,518117;-3,723656
293135;11;6;2016;02:10;5351;RUA GAL CLARINDO DE QUEIROZ;AV IMPERADOR;;;;Colisão;;;;Cruz;Semáforo;Comercial;0;1;0;0;0;0;0;0;0;1;0;0;-38,535566;-3,730962
293136;11;6;2016;02:14;0;AV DA INDEPENDENCIA;;;1180;;Queda;;;;Meio de Quadra;;;0;1;0;0;0;0;0;0;0;1;0;0;-38,591316;-3,726813
293138;11;6;2016;02:17;0;AV PRS COSTA E SILVA;;;;;Queda;;;;Meio de Quadra;;;0;1;0;0;0;0;0;0;0;1;0;0;;
293141;11;6;2016;03:19;0;AV GODOFREDO MACIEL;;;2595;;Colisão;;;;Meio de Quadra;;;0;2;0;1;0;0;0;0;0;1;0;0;-38,570546;-3,798534
293144;11;6;2016;04:35;0;AV PRS CASTELO BRANCO;;;;;Queda;;;;Meio de Quadra;;;0;1;0;0;0;0;0;0;0;1;0;0;;
293145;11;6;2016;05:51;0;RUA VALPARAISO;;;;;Colisão;Amanhecer;;;Meio de Quadra;;;0;3;0;0;0;0;0;0;0;1;0;0;;
293152;11;6;2016;06:04;0;AV CEL CARVALHO;;;2570;;Queda;Luz do Dia;;;Meio de Quadra;;;0;1;0;0;0;0;0;0;0;1;0;0;-38,585839;-3,725303
293155;11;6;2016;06:13;0;RD BR 116;;;;;Colisão;Luz do Dia;;;Meio de Quadra;;;0;1;0;1;0;0;0;0;0;1;0;0;;
293156;11;6;2016;06:56;0;AV JOSE BASTOS;;;3062;;Queda;Luz do Dia;;;Meio de Quadra;;;0;1;0;0;0;0;0;0;0;1;0;0;;
293157;11;6;2016;07:17;0;AV CEL CARVALHO;;;;;Queda;Luz do Dia;;;Meio de Quadra;;;0;1;0;0;0;0;0;0;0;1;0;0;;
293158;11;6;2016;07:45;0;RUA BERNARDO MANUEL;;;11175;;Colisão;Luz do Dia;;;Meio de Quadra;;;0;1;0;1;0;1;0;0;0;0;0;0;-38,557088;-3,817378
293159;11;6;2016;08:18;0;AV MR HULL;;;;;Queda;Luz do Dia;;;Meio de Quadra;;;0;1;0;0;0;0;0;0;0;1;0;0;;