COD_ACIDENTE;DIA;MES;ANO;HORA;INTERSECAO;LOG1;LOG2;LOG3;NUMERO;REFERENCIA;NATUREZA;ILUMINACAO;TEMPO;SUPERFICIEPISTA;TIPOCRUZAMENTO;CONTROLETRAFEGO;USOSOLO;MORTOS;FERIDOS;ILESOS;AUTOMOVEL;ONIBUS;BICICLETA;CAMINHAO;MICROONIBUS;CICLOMOTOR;MOTOCICLETA;TRACAOANIMAL;TREM;LONG;LAT
293160;11;6;2016;08:32;0;AV SGT HERMINIO SAMPAIO;;;3200;;Colisão;Luz do Dia;;;Meio de Quadra;;;0;1;0;1;0;0;0;0;0;1;0;0;-38,569356;-3,727933
293162;11;6;2016;08:54;0;TR STA CLARA;;;720;;Colisão;Luz do Dia;;;Meio de Quadra;;;0;1;0;1;0;0;0;0;0;1;0;0;;
293163;11;6;2016;08:58;0;AV GOV PARSIFAL BARROSO;;;119;;Colisão;Luz do Dia;;;Meio de Quadra;;;0;1;0;1;0;0;0;0;0;1;0;0;;
293164;11;6;2016;09:38;0;AV GAL OSORIO DE PAIVA;;;1431;;Colisão;Luz do Dia;;;Meio de Quadra;;;0;1;0;1;0;0;0;0;0;1;0;0;-38,574151;-3,780442
293168;11;6;2016;09:40;0;AV CEL CARVALHO;;;;;Colisão;Luz do Dia;;;Meio de Quadra;;;0;0;1;0;0;0;0;0;0;0;0;0;;
293170;11;6;2016;11:18;13771;RUA LUIZA MIRANDA COELHO;AV PINTO BANDEIRA D56;;;;Colisão;Luz do Dia;;;Cruz;Pare;Comercial;0;1;0;1;0;0;0;0;0;1;0;0;-38,487283;-3,774929
293171;11;6;2016;11:29;0;RUA CEL JOAO CORREIA;;;206;;Colisão;Luz do Dia;;;Meio de Quadra;;;0;1;0;1;0;0;0;0;0;1;0;0;-38,595035;-3,79494
293172;11;6;2016;11:31;0;RUA PEDRO MARTINS;;;;;Atropelamento;Luz do Dia;;;Meio de Quadra;;;0;1;0;1;0;0;0;0;0;0;0;0;;
293175;11;6;2016;11:36;14829;RUA PDE RODOLFO;RUA SAO RAIMUNDO D71;;;;Colisão;Luz do Dia;;;;;;0;1;0;0;0;0;1;0;0;1;0;0;-38,587811;-3,803662
293177;11;6;2016;11:40;0;AV RAD JOSE LIMA VERDE;;;1131;;Colisão;Luz do Dia;;;Meio de Quadra;;;0;1;0;0;0;0;0;0;0;0;0;0;-38,591061;-3,702443
293181;11;6;2016;11:56;0;RUA GAL CLARINDO DE QUEIROZ;;;2018;;Colisão;Luz do Dia;;;Meio de Quadra;;;0;1;0;1;0;0;0;0;0;1;0;0;-38,542731;-3,728693
293182;11;6;2016;12:56;3354;RUA RIO GRANDE DO SUL;RUA DOS ESTADOS;;;;Colisão;Luz do Dia;;;Cruz;Pare;Residencial;0;1;0;1;0;0;0;0;0;1;0;0;-38,563429;-3,752175
293186;11;6;2016;13:32;0;AV SEN VIRGILIO TAVORA;;;2270;;Colisão Transversal;Luz do Dia;Bom;Seca;Meio de Quadra;Semáforo;Comercial;0;1;2;1;0;0;0;0;0;1;0;0;-38,496476;-3,7472
293191;11;6;2016;13:42;0;AV PRS ARTUR BERNARDES;;;28;;Colisão;Luz do Dia;;;Meio de Quadra;;;0;1;0;0;0;0;0;0;0;0;0;0;;
293205;11;6;2016;13:58;0;RUA CEL VIRGILIO NOGUEIRA (BOM JARDIM);;;910;;Colisão;Luz do Dia;;;Meio de Quadra;;;0;1;0;0;0;0;0;0;0;0;0;0;;
293212;11;6;2016;14:09;0;RUA 212 CJ SAO CRISTOVAO;;;216;;Colisão;Luz do Dia;;;Meio de Quadra;;;0;1;0;1;0;0;0;0;0;1;0;0;;
293217;11;6;2016;14:41;0;AV HIS RAIMUNDO GIRAO;;;91;;Colisão;Luz do Dia;;;Meio de Quadra;;;0;1;0;1;0;0;0;0;0;1;0;0;;
293219;11;6;2016;15:19;0;RUA FIUZA DE PONTES;;;1858;;Colisão;Luz do Dia;;;Meio de Quadra;;;0;1;0;1;0;1;0;0;0;0;0;0;;
293221;11;6;2016;15:47;0;RUA MONTE PASCOAL;;;805;;Queda;Luz do Dia;;;Meio de Quadra;;;0;1;0;0;0;0;0;0;0;1;0;0;;
293228;11;6;2016;15:56;0;AV SORIANO ALBUQUERQUE;;;232;;Colisão;Luz do Dia;;;Meio de Quadra;;;0;1;0;1;0;0;0;0;0;1;0;0;;
293230;11;6;2016;18:14;0;RUA RETIRO DA FELICIDADE;;;201;;Colisão;Anoitecer;;;Meio de Quadra;;;0;1;0;0;0;0;0;0;0;1;0;0;;
293242;11;6;2016;18:29;11845;RUA SAO PAULO;RUA MON DANTAS;;;;Colisão;Anoitecer;;;;;;0;2;0;1;0;0;0;0;0;1;0;0;-38,545125;-3,720211
293248;11;6;2016;18:35;0;AV MAJ ASSIS;;;2570;;Queda;;;;Meio de Quadra;;;0;1;0;0;0;1;0;0;0;0;0;0;;
293254;11;6;2016;18:56;0;RUA JOAO VINTE TRES;;;506;;Atropelamento;;;;Meio de Quadra;;;0;1;0;1;0;0;0;0;0;0;0;0;;
293258;11;6;2016;18:56;0;RUA SGT JOAO PINHEIRO;;;;;Atropelamento;;;;Meio de Quadra;;;0;1;0;0;0;0;0;0;0;1;0;0;;
293251;11;6;2016;18:36;0;ET DO FIO (MESSEJANA);;;1093;;Colisão;;;;Meio de Quadra;;;0;1;0;0;0;0;0;0;0;0;0;0;;
293267;11;6;2016;19:15;0;AV DA INDEPENDENCIA;;;1200;;Colisão;;;;Meio de Quadra;;;0;1;0;0;0;0;0;0;0;0;0;0;;
293274;11;6;2016;19:19;0;RUA SAO FRANCISCO DE ASSIS;;;991;;Queda;;;;Meio de Quadra;;;0;1;0;0;0;0;0;0;0;1;0;0;;
293278;11;6;2016;21:06;0;RUA 20 DE JANEIRO;;;1629;;Colisão;;;;Meio de Quadra;;;0;1;0;0;0;0;0;0;0;0;0;0;;
293280;11;6;2016;21:08;0;RUA DOS ABOLICIONISTAS;;;157;;Atropelamento;;;;Meio de Quadra;;;0;1;0;0;0;0;0;0;0;1;0;0;;
293281;11;6;2016;22:02;0;RUA SEIXAS CORREIA;;;553;;Queda;;;;Meio de Quadra;;;0;1;0;0;0;0;0;0;0;1;0;0;-38,579934;-3,778363
293286;11;6;2016;22:36;0;RUA 860 CJ CEARA;;;;;Atropelamento;;;;Meio de Quadra;;;0;1;1;1;0;0;0;0;0;0;0;0;;
293287;11;6;2016;22:39;0;AV LAURO VIEIRA CHAVES;;;;;Atropelamento;;;;Meio de Quadra;;;0;1;0;0;0;0;0;0;0;1;0;0;;
293289;11;6;2016;23:03;0;RUA JOSE HIPOLITO;;;779;;Colisão;;;;Meio de Quadra;;;0;1;0;1;0;0;0;0;0;1;0;0;-38,488975;-3,834265
286450;11;6;2016;15:25;0;RD CE-040;;;;KM-02;Colisão;Luz do Dia;Bom;Seca;Meio de Quadra;;;0;0;2;1;1;0;0;0;0;0;0;0;-38,482583;-3,76465
286447;11;6;2016;03:40;0;RD CE-040;;;;KM-06;Choque c/ Obstáculo Fixo;;Chuva;Molhada;Meio de Quadra;;;0;0;1;1;0;0;0;0;0;0;0;0;-38,479535;-3,800596
287580;11;6;2016;19:10;0;RD BR 222;;;900;KM 00;Colisão Traseira;;Bom;Seca;Meio de Quadra;;;0;0;4;1;0;0;0;0;0;0;0;0;-38,569197;-3,736664
287726;11;6;2016;23:20;0;RD BR 020;;;0;KM 429;Choque c/ Obstáculo Fixo;;Bom;Seca;Meio de Quadra;;;0;0;1;0;0;0;0;0;0;0;0;0;;
287485;11;6;2016;05:15;0;RD BR 116;;;0;KM-11;Atropelamento;Amanhecer;Bom;Seca;Meio de Quadra;;;1;0;1;1;0;0;0;0;0;0;0;0;-38,49672673;-3,848173913
287489;11;6;2016;05:20;0;RD BR 116;;;0;KM-11;Colisão Traseira;Amanhecer;Nublado;Molhada;Meio de Quadra;;;0;0;2;1;0;0;1;0;0;0;0;0;-38,49672673;-3,848173913
289217;11;6;2016;06:33;19389;AV GAL OSORIO DE PAIVA;RUA PERDIGAO DE OLIVEIRA;;;;Colisão;Luz do Dia;;;Cruz;Pare;Comercial;0;0;1;0;0;0;0;0;0;0;0;0;-38,570115;-3,777906
289218;11;6;2016;07:17;24969;AV ALM HENRIQUE SABOIA;AV PDE ANTONIO TOMAS;;;;Colisão;Luz do Dia;;;Cruz;Semáforo;Comercial;0;0;1;0;0;0;0;0;0;0;0;0;-38,489455;-3,743493
289214;11;6;2016;06:30;0;RUA ILDEFONSO ALBANO;;;;;Colisão;Luz do Dia;;;Meio de Quadra;;;0;0;1;0;0;0;0;0;0;0;0;0;;
289212;11;6;2016;06:27;0;RUA HOLANDA;;;850;;Colisão;Luz do Dia;;;Meio de Quadra;;;0;0;1;0;0;0;0;0;0;0;0;0;;
289210;11;6;2016;02:19;15277;AV SEN VIRGILIO TAVORA;AV ANTONIO JUSTA;;;;Choque c/ Obstáculo Fixo;Via Iluminada;Chuva;Molhada;Cruz;Semáforo;Residencial;0;1;2;1;0;0;0;0;0;0;0;0;-38,490692;-3,728875
289239;11;6;2016;12:28;12457;AV JOSE BASTOS;RUA PRO GOMES BRASIL;;;;Colisão;Luz do Dia;;;;;;0;0;1;0;0;0;0;0;0;0;0;0;-38,570427;-3,770153
289234;11;6;2016;11:24;0;RUA PDE RODOLFO;;;800;;Colisão;Luz do Dia;;;Meio de Quadra;;;0;0;1;0;0;0;0;0;0;0;0;0;-38,586685;-3,804394
289235;11;6;2016;12:10;19306;AV GAL OSORIO DE PAIVA;RUA EDUARDO PERDIGAO;;;;Colisão;Luz do Dia;;;Cruz;Semáforo;Comercial;0;0;2;0;0;0;0;0;0;0;0;0;-38,565454;-3,774747
289232;11;6;2016;11:08;0;RUA JUNIOR ROCHA;;;1259;;Colisão;Luz do Dia;;;Meio de Quadra;;;0;0;1;0;0;0;0;0;0;0;0;0;;
289227;11;6;2016;10:54;0;AV PRO GOMES DE MATOS;;;906;;Colisão;Luz do Dia;;;Meio de Quadra;;;0;0;1;0;0;0;0;0;0;0;0;0;-38,545407;-3,7609
289229;11;6;2016;10:55;0;AV JOAO PESSOA;;;3264;;Colisão;Luz do Dia;;;Meio de Quadra;;;0;0;1;0;0;0;0;0;0;0;0;0;;
289225;11;6;2016;10:51;0;AV DOS EXPEDICIONARIOS;;;4629;;Colisão;Luz do Dia;;;Meio de Quadra;;;0;0;1;0;0;0;0;0;0;0;0;0;-38,539416;-3,759103
289221;11;6;2016;08:18;0;RUA EDGAR PINHO FILHO;;;;;Colisão;Luz do Dia;;;;;;0;0;1;0;0;0;0;0;0;0;0;0;;
289222;11;6;2016;08:54;5162;RUA GAL SAMPAIO;RUA SAO PAULO;;;;Atropelamento;Luz do Dia;;;Cruz;Semáforo;Comercial;0;2;0;0;0;0;0;0;0;1;0;0;-38,530266;-3,725134
289223;11;6;2016;09:24;0;RUA SILVA PAULET;;;1160;;Colisão Lateral;Luz do Dia;Bom;Seca;Meio de Quadra;Não Há Controle;Residencial;0;0;4;0;0;0;0;0;0;0;0;0;-38,505626;-3,735104
289126;11;6;2016;11:09;0;AV ABOLICAO;;;3552;;Colisão;Luz do Dia;;;Meio de Quadra;;;0;0;1;0;0;0;0;0;0;0;0;0;;
289389;11;6;2016;18:34;0;AV CASTANHOLEIRAS;;;1339;;Colisão;;;;Meio de Quadra;;;0;0;1;0;0;0;0;0;0;0;0;0;;
289387;11;6;2016;18:33;0;RUA BERNARDO MANUEL;;;10099;;Engavetamento;Via Iluminada;Bom;Seca;Meio de Quadra;Não Há Controle;Residencial;0;1;5;1;0;0;0;0;0;0;0;0;;
289400;11;6;2016;21:08;0;AV 20 DE JANEIRO;;;1629;;Colisão;;;;Meio de Quadra;;;0;0;1;0;0;0;0;0;0;0;0;0;-38,580971;-3,705765
289401;11;6;2016;21:51;3346;RUA GOIAS;RUA VIRIATO RIBEIRO;;;;Colisão;;;;Cruz;Pare;Misto;0;0;1;0;0;0;0;0;0;0;0;0;-38,560246;-3,751304
289402;11;6;2016;23:44;15367;RUA CEL JUCA;RUA PEREIRA VALENTE;;;;Colisão Lateral;Via Iluminada;Bom;Seca;Cruz;Pare;Comercial;0;1;3;1;0;0;0;0;0;0;0;0;-38,490267;-3,734439
289396;11;6;2016;19:55;19542;AV GODOFREDO MACIEL;RUA BISMARK;;711;;Colisão Traseira;Via Iluminada;Bom;Seca;T;Pare;Comercial;0;0;4;1;0;0;0;0;0;0;0;0;-38,565624;-3,782563
289398;11;6;2016;20:45;0;RUA NOSSA SRA DE FATIMA;;;;;Colisão;;;;;;;0;0;2;0;0;0;0;0;0;0;0;0;;
289392;11;6;2016;18:38;0;RUA FELICIDADE D18;;;201;;Colisão;;;;Meio de Quadra;;;0;0;1;0;0;0;0;0;0;0;0;0;;
289393;11;6;2016;19:30;713;RUA OMAR PAIVA;RUA CRUZ E SOUSA D21;;;;Colisão;;;;;;;0;0;1;0;0;0;0;0;0;0;0;0;-38,565372;-3,719553
289374;11;6;2016;14:50;15155;RUA NUNES VALENTE;AV BEIRA MAR;;;;Colisão;Luz do Dia;;;Cruz;Pare;Residencial;0;0;1;0;0;0;0;0;0;0;0;0;-38,500106;-3,724863
289375;11;6;2016;15:41;0;RUA PAURILO BARROSO;;;209;;Colisão;Luz do Dia;;;Meio de Quadra;;;0;0;2;0;0;0;0;0;0;0;0;0;-38,569729;-3,801088
289376;11;6;2016;16:30;0;AV ZEZE DIOGO;;;3060;;Colisão;Luz do Dia;;;Meio de Quadra;;;0;0;1;0;0;0;0;0;0;0;0;0;-38,456809;-3,732973
289377;11;6;2016;16:40;99;RUA MARTINS NETO;RUA TOMAS RODRIGUES;;;;Colisão;Luz do Dia;;;Cruz;Pare;Misto;0;0;1;0;0;0;0;0;0;0;0;0;-38,593771;-3,741063
289378;11;6;2016;17:23;0;AV CARNEIRO DE MENDONCA;;;;;Colisão;Anoitecer;;;Meio de Quadra;;;0;0;2;0;0;0;0;0;0;0;0;0;;
289382;11;6;2016;17:47;3209;RUA VITAL BRASIL;RUA ANSELMO NOGUEIRA;;;;Colisão;Anoitecer;;;Cruz;Semáforo;Residencial;0;0;1;0;0;0;0;0;0;0;0;0;-38,587181;-3,781072
289263;11;6;2016;14:02;0;RUA ILDEFONSO ALBANO;;;862;;Colisão;Luz do Dia;;;Meio de Quadra;;;0;0;1;0;0;0;0;0;0;0;0;0;-38,51171;-3,728312
289265;11;6;2016;14:21;12030;RUA 212 CJ SAO CRISTOVAO;AV BULEVAR I;;;;Colisão;Luz do Dia;;;;;;0;0;2;1;0;0;0;0;0;1;0;0;-38,523629;-3,833626
289266;11;6;2016;14:22;0;AV BEZERRA DE MENEZES;;;;;Colisão;Luz do Dia;;;Meio de Quadra;;;0;0;1;0;0;0;0;0;0;0;0;0;;
289268;11;6;2016;14:44;9257;RUA CEL PERGENTINO FERREIRA;AV AGUANAMBI;;;;Colisão Transversal;Luz do Dia;Bom;Seca;Cruz;Semáforo;Residencial;0;3;2;1;0;0;0;0;0;1;0;0;-38,524049;-3,748634
289269;11;6;2016;14:45;25311;RUA JOAO REGINO;RUA ANTENOR ROCHA ALEXANDRE;;;;Capotamento;Luz do Dia;Bom;Seca;Cruz;Pare;Residencial;0;0;4;1;0;0;0;0;0;0;0;0;-38,48281;-3,792178
289258;11;6;2016;13:27;0;RUA PEDRO MARTINS;;;124;;Colisão;Luz do Dia;;;Meio de Quadra;;;0;0;1;0;0;0;0;0;0;0;0;0;;
289255;11;6;2016;13:09;7648;AV CARNEIRO DE MENDONCA;RUA PAULO DE FRONTIM;;125;;Colisão Lateral;Luz do Dia;Bom;Molhada;Cruz;Pare;Comercial;0;0;4;1;0;0;0;0;0;0;0;0;-38,570794;-3,761949
289252;11;6;2016;12:39;0;AV DR SILAS MUNGUBA;;;4326;;Queda;Luz do Dia;Chuva;Molhada;Meio de Quadra;Não Há Controle;Residencial;0;1;3;1;0;0;0;0;0;1;0;0;-38,537035;-3,791613
289253;11;6;2016;12:41;7914;AV ANTONIO SALES;RUA LEONARDO MOTA;;;;Colisão Traseira;Luz do Dia;;;Cruz;Semáforo;Misto;0;0;2;1;0;0;0;0;0;0;0;0;-38,499442;-3,746358
289248;11;6;2016;12:34;0;AV RAD JOSE LIMA VERDE;;;1123;;Colisão;Luz do Dia;;;Meio de Quadra;;;0;0;2;0;0;0;0;0;0;0;0;0;-38,590737;-3,70227
289249;11;6;2016;12:35;0;RUA PEDRO MARTINS;;;;;Colisão;Luz do Dia;;;Meio de Quadra;;;0;0;1;0;0;0;0;0;0;0;0;0;;
289245;11;6;2016;12:29;0;AV BEZERRA DE MENEZES;;;;;Colisão;Luz do Dia;;;Meio de Quadra;;;0;0;1;0;0;0;0;0;0;0;0;0;;
289004;11;6;2016;13:20;0;RD CE-040;;;;KM-12;Colisão;Luz do Dia;Bom;Seca;Meio de Quadra;;;0;0;2;1;0;0;0;0;0;0;0;0;-38,47607;-3,849626
289297;12;6;2016;18:10;0;AV MAE LISBOA;;;;;Atropelamento;Anoitecer;;;Meio de Quadra;;;1;0;1;0;0;0;0;0;0;0;0;0;;
289301;12;6;2016;22:30;0;RUA PDE PEDRO DE ALENCAR;;;1299;;Atropelamento;;;;Meio de Quadra;;;1;0;1;1;0;0;0;0;0;0;0;0;-38,494231;-3,839199
289403;12;6;2016;02:44;7751;RUA ESTADO DO RIO;RUA CEARA;;;;Colisão;;;;Cruz;Pare;Misto;0;0;1;0;0;0;0;0;0;0;0;0;-38,569606;-3,756475
289404;12;6;2016;04:36;0;RUA JUVENAL DE CARVALHO;;;;;Colisão;;;;Meio de Quadra;;;0;0;1;0;0;0;0;0;0;0;0;0;;
289424;12;6;2016;14:06;0;AV SEN FERNANDES TAVORA;;;;;Colisão;Luz do Dia;;;Meio de Quadra;;;0;0;1;0;0;0;0;0;0;0;0;0;;
289419;12;6;2016;13:08;0;RUA CAMBARA;;;333;;Colisão;Luz do Dia;;;Meio de Quadra;;;0;0;1;0;0;0;0;0;0;0;0;0;-38,563901;-3,783117
289420;12;6;2016;13:10;23801;RUA PLACIDO DE CASTRO;RUA COSTA FREIRE;;;;Colisão;Luz do Dia;;;Cruz;Pare;Residencial;0;0;1;0;0;0;0;0;0;0;0;0;-38,584125;-3,791629
289417;12;6;2016;13:07;1350;RUA TORRES CAMARA;RUA SILVA PAULET;;;;Colisão Lateral;Luz do Dia;Bom;Seca;Cruz;Pare;Comercial;0;0;4;1;0;0;0;0;0;0;0;0;-38,505905;-3,735958
289406;12;6;2016;09:41;0;AV DIOGUINHO;;;;;Colisão;Luz do Dia;;;Meio de Quadra;;;0;0;1;0;0;0;0;0;0;0;0;0;;
289414;12;6;2016;10:15;5395;RUA TEREZA CRISTINA;RUA ANTONIO POMPEU;;;;Colisão;Luz do Dia;;;Cruz;Pare;Residencial;0;0;1;0;0;0;0;0;0;0;0;0;-38,538356;-3,73234
289415;12;6;2016;11:51;0;RUA PRO GOMES BRASIL;;;;;Colisão;Luz do Dia;;;Meio de Quadra;;;0;0;1;0;0;0;0;0;0;0;0;0;;
289412;12;6;2016;10:00;2328;AV FRANCISCO SA;AV CEL CARVALHO;;;;Colisão;Luz do Dia;;;T;Pare;Comercial;0;0;1;0;0;0;0;0;0;0;0;0;-38,591542;-3,703499
289426;12;6;2016;16:25;4387;RUA PRO HENRIQUE FIRMEZA;RUA ESPERANTINA;;;;Colisão;Luz do Dia;;;;;;0;0;1;0;0;0;0;0;0;0;0;0;-38,47354;-3,722434
289439;12;6;2016;17:22;15117;AV HIS RAIMUNDO GIRAO;RUA MON BRUNO;;;;Colisão Traseira;Via Iluminada;Bom;Seca;T;Não Há Controle;Lazer;0;0;3;1;0;0;0;0;0;0;0;0;-38,506415;-3,723076
287581;12;6;2016;11:40;0;RD BR 222;;;500;;Colisão Lateral;Luz do Dia;Bom;Seca;Meio de Quadra;;;0;1;1;0;0;1;0;0;0;1;0;0;;
286453;12;6;2016;07:05;0;RD CE-040;;;;KM-07;Choque c/ Obstáculo Fixo;Luz do Dia;Bom;Seca;Meio de Quadra;;;0;0;1;1;0;0;0;0;0;0;0;0;-38,478733;-3,809597
293290;12;6;2016;00:41;0;AV EDILSON B SOARES;;;1140;;Colisão;;;;Meio de Quadra;;;0;2;0;0;0;0;0;0;0;0;0;0;-38,476133;-3,789073
293298;12;6;2016;01:21;0;RUA TEODOMIRO DE CASTRO;;;2349;;Colisão;;;;Meio de Quadra;;;0;1;0;1;0;0;0;0;0;1;0;0;;
293309;12;6;2016;01:21;0;AV DR SILAS MUNGUBA;;;3049;;Atropelamento;;;;Meio de Quadra;;;0;1;0;0;0;0;0;0;0;0;0;0;-38,546127;-3,788347
293313;12;6;2016;02:28;0;RUA CON DE CASTRO;;;2100;;Queda;;;;Meio de Quadra;;;0;1;0;0;0;0;0;0;0;1;0;0;-38,576576;-3,788409
293322;12;6;2016;02:41;0;RUA ESTADO DO RIO;;;664;;Colisão;;;;Meio de Quadra;;;0;2;0;0;0;0;0;0;0;0;0;0;-38,569549;-3,756417
293323;12;6;2016;04:52;581;AV FRANCISCO SA;AV PASTEUR;;;;Colisão;;;;Cruz;;Comercial;0;2;0;1;0;0;0;0;0;0;0;0;-38,560567;-3,716325
293324;12;6;2016;05:51;0;ET DO FIO (MESSEJANA);;;;;Outros;Amanhecer;;;Meio de Quadra;;;0;1;0;0;0;0;0;0;0;1;0;0;;
293326;12;6;2016;07:00;0;RUA CEL MATOS DOURADO;;;;;Colisão;Luz do Dia;;;Meio de Quadra;;;0;1;0;1;0;0;0;0;0;1;0;0;;
293327;12;6;2016;08:06;0;AV CEL CARVALHO;;;2856;;Queda;Luz do Dia;;;Meio de Quadra;;;0;1;0;0;0;0;0;0;0;1;0;0;-38,585031;-3,728395
293328;12;6;2016;08:49;0;AV PRO JOSE ARTHUR CARVALHO;;;955;;Colisão;Luz do Dia;;;Meio de Quadra;;;0;1;0;0;0;0;0;0;0;1;0;0;;
293329;12;6;2016;09:38;5045;RUA SAO PAULO;AV FILOMENO GOMES;;;;Colisão;Luz do Dia;;;Cruz;Semáforo;Residencial;0;1;0;1;0;0;0;0;0;0;0;0;-38,5412;-3,721539
293331;12;6;2016;10:33;0;RUA CONRADO CABRAL;;;619;;Atropelamento;Luz do Dia;;;Meio de Quadra;;;0;1;0;1;0;0;0;0;0;0;0;0;-38,549538;-3,730095
293332;12;6;2016;11:27;0;RUA HELENA MARIA;;;337;;Colisão;Luz do Dia;;;Meio de Quadra;;;0;1;0;1;0;0;0;0;0;1;0;0;;
293334;12;6;2016;12:02;0;RUA MARIA PERDIGAO;;;295;;Queda;Luz do Dia;;;Meio de Quadra;;;0;1;0;0;0;0;0;0;0;1;0;0;-38,508112;-3,823452
293335;12;6;2016;12:49;0;AV MR HULL;;;4510;VIADUTO;Colisão;Luz do Dia;;;Meio de Quadra;;;0;1;0;1;0;0;0;0;0;1;0;0;-38,585443;-3,738726
293336;12;6;2016;13:00;0;RUA COSTA FREIRE;;;1392;;Colisão;Luz do Dia;;;Meio de Quadra;;;0;2;0;0;0;0;0;0;0;0;0;0;-38,584069;-3,791567
293337;12;6;2016;14:39;0;AV PERIMETRAL;;;;;Queda;Luz do Dia;;;Meio de Quadra;;;0;1;0;0;0;1;0;0;0;0;0;0;;
293338;12;6;2016;15:05;0;RUA MORADA NOVA;;;378;;Queda;Luz do Dia;;;Meio de Quadra;;;0;1;0;0;0;0;0;0;0;1;0;0;;
293340;12;6;2016;15:11;0;RUA ANA BRITO;;;774;;Queda;Luz do Dia;;;Meio de Quadra;;;0;1;0;0;0;0;0;0;0;1;0;0;;
293342;12;6;2016;15:30;0;RUA 6;;;10;;Atropelamento;Luz do Dia;;;Meio de Quadra;;;0;1;0;0;0;0;0;0;0;1;0;0;;
293343;12;6;2016;16:04;0;RUA CEL MATOS DOURADO;;;;;Queda;Luz do Dia;;;Meio de Quadra;;;0;1;0;0;0;1;0;0;0;0;0;0;;
293345;12;6;2016;16:08;0;RUA JAIME BENEVOLO;;;;;Colisão;Luz do Dia;;;Meio de Quadra;;;0;1;0;1;0;0;0;0;0;0;0;0;;
293347;12;6;2016;16:42;0;RUA ILHA BELA;;;98;;Colisão;Luz do Dia;;;Meio de Quadra;;;0;2;0;0;0;0;0;0;0;1;0;0;-38,576589;-3,789815
293349;12;6;2016;16:52;0;AV FILOMENO GOMES;;;733;;Colisão;Luz do Dia;;;Meio de Quadra;;;0;1;0;1;0;0;0;0;0;1;0;0;-38,541211;-3,721458
293350;12;6;2016;19:06;0;AV WASHINGTON SOARES;;;800;;Atropelamento;;;;Meio de Quadra;;;0;1;0;1;0;0;0;0;0;0;0;0;;
293357;12;6;2016;19:07;0;AV MAE LISBOA;;;800;;Atropelamento;;;;Meio de Quadra;;;0;1;0;0;0;0;0;0;0;1;0;0;-38,474739;-3,807878
293358;12;6;2016;19:22;0;RUA BANVAR BEZERRA;;;396;;Colisão;;;;Meio de Quadra;;;0;2;0;0;0;0;0;0;0;0;0;0;-38,580249;-3,733384
293360;12;6;2016;19:27;0;RUA CANARIO;;;154;;Colisão;;;;Meio de Quadra;;;0;1;0;0;0;0;0;0;0;0;0;0;;
293361;12;6;2016;19:37;0;AV PRS CASTELO BRANCO;;;2857;;Atropelamento;;;;Meio de Quadra;;;0;1;0;0;0;0;0;0;0;0;0;0;-38,553182;-3,71236
293374;12;6;2016;21:00;0;RUA SEN ROBERT KENNEDY;;;201;;Atropelamento;;;;Meio de Quadra;;;0;2;0;0;0;0;0;0;0;1;0;0;-38,577846;-3,701582
293395;12;6;2016;21:37;0;AV PRS CASTELO BRANCO;;;;;Atropelamento;;;;Meio de Quadra;;;0;1;0;0;0;0;0;0;0;1;0;0;;
293409;12;6;2016;21:55;0;AV CEL CARVALHO;;;;;Colisão;;;;Meio de Quadra;;;0;1;0;1;0;0;0;0;0;1;0;0;;
293415;12;6;2016;23:29;0;RUA ENG PLACIDO C JUNIOR D56;;;1147;;Colisão;;;;Meio de Quadra;;;0;1;0;0;0;0;0;0;0;0;0;0;;
293142;12;6;2016;21:15;2758;RUA OSCAR FRANCA;RUA MARIA JULIA;;;;Colisão Transversal;Via Iluminada;Bom;Seca;Cruz;Semáforo;Comercial;0;3;2;1;0;0;0;0;0;1;0;0;-38,599725;-3,79189
293139;12;6;2016;16:20;0;RUA DO SOL (MONDUBIM);;;200;;Atropelamento;Luz do Dia;;;Meio de Quadra;;;0;1;1;0;0;0;0;0;1;0;0;0;;
293140;12;6;2016;20:30;0;LOGRADOURO SEM NOME;;;;;Atropelamento;;;;Meio de Quadra;;;0;1;1;1;0;0;0;0;0;0;0;0;;
293137;12;6;2016;21:29;0;AV GAL OSORIO DE PAIVA;;;4336;;Queda;Via Iluminada;Bom;Seca;Meio de Quadra;Não Há Controle;Comercial;0;0;3;0;0;0;0;0;0;1;0;0;-38,593072;-3,79543
301017;12;6;2016;21:40;1332;AV DOM LUIS;RUA CEL LINHARES;;0;;Colisão Traseira;Via Iluminada;Bom;Seca;Cruz;Pare;Comercial;0;0;2;1;0;0;0;0;0;0;0;0;-38,493503;-3,734513
285515;12;6;2016;04:30;581;AV PASTEUR;AV FRANCISCO SA;;;;Colisão;;;;Cruz;;Comercial;0;1;2;1;0;0;0;0;0;0;0;0;-38,560567;-3,716325
285517;12;6;2016;15:55;5436;RUA GAL CLARINDO DE QUEIROZ;RUA JAIME BENEVOLO;;;;Outros;Luz do Dia;;;Cruz;Pare;Comercial;0;1;1;1;0;0;0;0;0;0;0;0;-38,526017;-3,73406
285513;12;6;2016;16:45;1605;AV DES MOREIRA;RUA PDE VALDEVINO;;;;Outros;Luz do Dia;;;;;;0;0;2;1;0;0;0;0;0;0;0;0;-38,500877;-3,744098
285506;12;6;2016;12:45;8995;RUA ESC PEDRO FRANCISCO DE ASSIS;AV BEZERRA DE MENEZES;;;;Colisão Traseira;Luz do Dia;;;T;Pare;Comercial;0;0;2;1;0;0;0;0;0;0;0;0;-38,548899;-3,732444
285507;12;6;2016;00:20;0;AV PRS CASTELO BRANCO;;;4720;;Colisão Traseira;;;;Meio de Quadra;;;0;0;2;1;0;0;0;0;0;0;0;0;-38,57388;-3,7064
285508;12;6;2016;02:00;8643;AV EDILSON B SOARES;AV ENG LEAL LIMA VERDE (SAPIRANGA/COITE);;;;Outros;;;;Cruz;Pare;Residencial;0;1;2;1;0;0;0;0;0;1;0;0;-38,476215;-3,789082