COD_ACIDENTE;DIA;MES;ANO;HORA;INTERSECAO;LOG1;LOG2;LOG3;NUMERO;REFERENCIA;NATUREZA;ILUMINACAO;TEMPO;SUPERFICIEPISTA;TIPOCRUZAMENTO;CONTROLETRAFEGO;USOSOLO;MORTOS;FERIDOS;ILESOS;AUTOMOVEL;ONIBUS;BICICLETA;CAMINHAO;MICROONIBUS;CICLOMOTOR;MOTOCICLETA;TRACAOANIMAL;TREM;LONG;LAT
285502;12;6;2016;14:00;0;AV GAL OSORIO DE PAIVA;;;2955;TERMINAL SIQUEIRA;Outros;Luz do Dia;;;Meio de Quadra;;;0;0;2;1;0;0;0;0;0;0;0;0;-38,587333;-3,78959
285523;13;6;2016;08:30;15177;AV BEIRA MAR;RUA PAULA BARROS;;;;Colisão Lateral;Luz do Dia;;;T;Não Há Controle;Comercial;0;0;2;1;0;0;1;0;0;0;0;0;-38,492479;-3,725755
285524;13;6;2016;13:10;0;AV FRANCISCO SA;;;3180;;Colisão Traseira;Luz do Dia;;;Meio de Quadra;;;0;1;1;0;0;0;0;0;1;1;0;0;-38,555136;-3,718148
285519;13;6;2016;18:00;5445;RUA DNA LEOPOLDINA;AV HERACLITO GRACA;;;;Colisão Traseira;Anoitecer;;;Cruz;Semáforo;Comercial;0;2;0;1;0;0;0;0;0;0;0;0;;
285548;13;6;2016;00:01;3894;AV EDUARDO GIRAO;RUA JULIO CESAR D12;;;;Colisão Transversal;;;;Cruz;Semáforo;Comercial;0;1;2;1;0;0;0;0;0;0;0;0;-38,540636;-3,74763
285549;13;6;2016;15:40;0;AV GOV RAUL BARBOSA;;;5080;;Colisão Traseira;Luz do Dia;;;Meio de Quadra;;;0;0;3;1;0;0;0;0;0;1;0;0;-38,508379;-3,762624
285551;13;6;2016;09:40;10981;RUA EQUADOR;RUA BOGARI;;;;Colisão Lateral;Luz do Dia;;;;;;0;1;1;0;0;0;1;0;0;1;0;0;-38,552515;-3,774405
285527;13;6;2016;16:15;0;RUA PEDRO PEREIRA;;;396;;Colisão Traseira;Luz do Dia;;;Meio de Quadra;;;0;0;2;1;0;0;0;0;0;0;0;0;-38,528859;-3,729575
285534;13;6;2016;03:44;0;AV PRS COSTA E SILVA;;;;;Choque c/ Obstáculo Fixo;;;;Meio de Quadra;;;0;1;0;0;0;0;0;0;0;1;0;0;;
285535;13;6;2016;11:10;11856;AV FRANCISCO SA;RUA JOSE PINTO DO CARMO;;;;Outros;Luz do Dia;;;Cruz;Semáforo;Residencial;0;2;1;1;0;0;0;0;0;1;0;0;-38,545407;-3,721324
285531;13;6;2016;14:15;15105;AV HIS RAIMUNDO GIRAO;RUA BAR ARACATI;;;;Colisão Frontal;Luz do Dia;;;T;Não Há Controle;Comercial;0;0;2;1;0;0;0;0;0;0;0;0;-38,508496;-3,722091
285532;13;6;2016;14:45;0;RUA SENA MADUREIRA;;;;;Outros;Luz do Dia;;;Meio de Quadra;;;0;0;2;1;0;0;0;0;0;0;0;0;;
285541;13;6;2016;22:50;0;AV 13 DE MAIO;;;799;;Colisão Lateral;;;;Meio de Quadra;;;0;1;1;0;1;0;0;0;0;1;0;0;-38,526981;-3,75133
285545;13;6;2016;16:27;12863;AV DOMINGOS OLIMPIO;RUA FLORIANO PEIXOTO;;;;Colisão Lateral;Luz do Dia;;;Cruz;Não Há Controle;Comercial;0;0;2;1;0;0;0;0;0;0;0;0;-38,530313;-3,736976
285546;13;6;2016;11:00;0;RUA GONCALO SOUTO;;;430;;Colisão Frontal;Luz do Dia;;;Meio de Quadra;;;0;0;2;1;0;0;0;0;0;0;0;0;-38,530651;-3,768445
301018;13;6;2016;00:57;15205;AV ABOLICAO;RUA OSVALDO CRUZ (ALDEOTA);;0;;Colisão Transversal;Via Iluminada;Bom;Seca;Cruz;Semáforo;Comercial;0;0;2;1;0;0;0;0;0;0;0;0;-38,497445;-3,72669
301019;13;6;2016;15:53;10695;RUA PRO HERIBALDO COSTA;RUA MON HIPOLITO BRASIL;;0;;Colisão Transversal;Luz do Dia;Bom;Seca;Cruz;Pare;Comercial;0;1;1;1;0;0;0;0;0;1;0;0;-38,582275;-3,757069
301020;13;6;2016;15:13;26227;AV GAL OSORIO DE PAIVA;RUA AGAMENON;;0;;Colisão Frontal;Luz do Dia;Bom;Seca;Cruz;Semáforo;Residencial;0;0;2;0;0;0;0;0;0;1;0;0;;
293143;13;6;2016;03:12;0;AV ZEZE DIOGO;;;188;;Choque c/ Obstáculo Fixo;;;;Meio de Quadra;;;0;0;1;0;0;0;0;0;0;0;0;0;-38,468341;-3,709351
293149;13;6;2016;22:50;0;LOGRADOURO SEM NOME;;;;;Colisão;;;;Meio de Quadra;;;0;0;2;0;0;0;0;0;0;0;0;0;;
293146;13;6;2016;10:30;0;LOGRADOURO SEM NOME;;;;;Choque c/ Obstáculo Fixo;Luz do Dia;;;Meio de Quadra;;;0;0;1;0;0;0;0;0;0;0;0;0;;
293147;13;6;2016;16:20;21081;RUA ALAGOAS;RUA STO AMARO DO PICI;;;;Colisão;Luz do Dia;;;Cruz;Pare;Residencial;0;0;2;1;0;0;0;0;0;0;0;0;;
292987;13;6;2016;19:00;19490;RUA EQUADOR;RUA QUITO;;;;Colisão Transversal;;;;;;;0;1;1;1;0;0;0;0;0;1;0;0;-38,554687;-3,780928
293418;13;6;2016;01:03;0;RUA CON DE CASTRO;;;8310;;Queda;;;;Meio de Quadra;;;0;1;0;0;0;0;0;0;0;1;0;0;;
293419;13;6;2016;02:49;0;RUA NEREU RAMOS;;;924;;Queda;;;;Meio de Quadra;;;0;1;0;0;0;0;0;0;0;1;0;0;-38,574791;-3,783699
293420;13;6;2016;05:43;0;AV GAL OSORIO DE PAIVA;;;2818;;Queda;Amanhecer;;;Meio de Quadra;;;0;1;0;0;0;1;0;0;0;0;0;0;-38,585535;-3,787806
293422;13;6;2016;06:41;0;AV PRS COSTA E SILVA;;;3300;;Colisão;Luz do Dia;;;Meio de Quadra;;;0;1;0;1;0;0;0;0;0;1;0;0;;
293430;13;6;2016;07:01;0;RUA EDMUNDO FALCAO;;;4090;;Atropelamento;Luz do Dia;;;Meio de Quadra;;;0;1;0;1;0;0;0;0;0;0;0;0;;
293440;13;6;2016;07:40;0;RUA DES WALDETARIO P MOTA;;;1229;;Colisão;Luz do Dia;;;Meio de Quadra;;;0;1;0;1;0;0;0;0;0;1;0;0;;
293453;13;6;2016;08:39;0;RUA JULIO SILVA;;;440;;Atropelamento;Luz do Dia;;;Meio de Quadra;;;0;1;1;0;0;0;0;0;0;0;0;0;;
293469;13;6;2016;11:06;0;AV MR HULL;;;4971;;Colisão;Luz do Dia;;;Meio de Quadra;;;0;1;0;1;0;0;0;0;0;1;0;0;;
293466;13;6;2016;10:02;0;RUA JOSE VILAR;;;1811;;Colisão;Luz do Dia;;;Meio de Quadra;;;0;1;0;1;0;0;0;0;0;1;0;0;;
293542;13;6;2016;22:47;0;RUA TARCISIO PEIXOTO;;;326;;Colisão;;;;Meio de Quadra;;;0;1;0;0;0;0;0;0;0;0;0;0;-38,587375;-3,751343
293543;13;6;2016;23:08;0;RUA ROSA FIALHO;;;30;;Queda;;;;Meio de Quadra;;;0;1;0;0;0;1;0;0;0;0;0;0;-38,507479;-3,802628
293536;13;6;2016;20:49;0;AV LINEU MACHADO;;;1176;;Colisão;;;;Meio de Quadra;;;0;1;0;1;0;0;0;0;0;1;0;0;-38,579144;-3,770139
293537;13;6;2016;21:27;17412;RUA BAR SOBRAL;RUA ALBERTO MAGNO;;;;Colisão;;;;Cruz;Semáforo;Comercial;0;1;0;1;0;0;0;0;0;0;0;0;-38,552417;-3,767991
293528;13;6;2016;20:07;0;RUA E CJ JOSE WALTER;;;1020;;Colisão;;;;Meio de Quadra;;;0;3;0;1;0;0;0;0;0;1;0;0;;
293489;13;6;2016;12:15;0;RUA GAL GOIS MONTEIRO;;;70;;Colisão;Luz do Dia;;;Meio de Quadra;;;0;2;0;1;0;0;0;0;0;1;0;0;;
293492;13;6;2016;13:14;0;RUA CEL OLEGARIO MEMORIA;;;2570;;Colisão;Luz do Dia;;;Meio de Quadra;;;0;1;0;1;0;0;0;0;0;1;0;0;-38,475098;-3,791524
293497;13;6;2016;14:29;0;RUA PRO HERIBALDO COSTA;;;;;Colisão;Luz do Dia;;;Meio de Quadra;;;0;1;0;1;0;0;0;0;0;1;0;0;;
293498;13;6;2016;14:43;0;AV JOSE BASTOS;;;4717;;Colisão;Luz do Dia;;;Meio de Quadra;;;0;1;0;1;0;0;0;0;0;1;0;0;;
293502;13;6;2016;16:58;0;RUA VILEBALDO AGUIAR;;;430;;Atropelamento;Luz do Dia;;;Meio de Quadra;;;0;1;0;0;0;0;0;0;0;1;0;0;-38,483865;-3,741827
286455;13;6;2016;13:10;0;RD CE-040;;;;KM-09;Colisão;Luz do Dia;Bom;Seca;Meio de Quadra;;;0;0;2;1;0;0;0;0;0;0;0;0;-38,481538;-3,825516
286457;13;6;2016;14:30;0;RD CE-040;;;;KM-05;Colisão;Luz do Dia;Bom;Seca;Meio de Quadra;;;0;0;2;1;0;0;0;0;0;0;0;0;-38,480331;-3,791613
286467;13;6;2016;17:00;0;AV SEN CARLOS JEREISSATI (AEROPORTO);;;;KM 03;Tombamento;Anoitecer;Bom;Seca;Meio de Quadra;;;0;1;0;0;0;0;0;0;0;1;0;0;-38,544038;-3,779641
286465;13;6;2016;16:20;0;AV MIN JOSE AMERICO;;;;;Choque c/ Obstáculo Fixo;Luz do Dia;Bom;Seca;Meio de Quadra;;;0;0;1;1;0;0;0;0;0;0;0;0;;
287492;13;6;2016;03:00;0;RD BR 116;;;0;KM-14;Colisão Traseira;;Bom;Seca;Meio de Quadra;;;0;0;2;0;0;0;0;0;0;0;0;0;-38,49954149;-3,874582847
287512;13;6;2016;18:00;0;RD BR 116;;;0;KM-14;Colisão Transversal;Anoitecer;Bom;Seca;Meio de Quadra;;;0;1;1;0;0;1;0;0;0;0;0;0;-38,49954149;-3,874582847
287316;13;6;2016;08:00;0;RD BR 116;;;500;KM-06;Atropelamento;Luz do Dia;Bom;Seca;Meio de Quadra;;;0;2;0;0;0;0;0;0;0;1;0;0;-38,50238198;-3,805924279
289440;13;6;2016;06:27;19686;AV BEZERRA DE MENEZES;RUA ERICO MOTA;;;;Colisão;Luz do Dia;;;T;Semáforo;Comercial;0;0;1;0;0;0;0;0;0;0;0;0;-38,562991;-3,735357
289442;13;6;2016;06:32;0;RUA REPUBLICA DO LIBANO;;;747;;Colisão Traseira;Luz do Dia;Bom;Seca;Meio de Quadra;Não Há Controle;Comercial;0;0;5;1;0;0;0;0;0;0;0;0;-38,493543;-3,732319
289443;13;6;2016;06:50;0;AV DR SILAS MUNGUBA;;;2333;;Colisão Lateral;Luz do Dia;Bom;Seca;Meio de Quadra;Semáforo;Comercial;0;0;4;1;0;0;0;0;0;1;0;0;-38,551022;-3,785959
289455;13;6;2016;08:19;19819;RUA AMADEU FURTADO;RUA PDE GUERRA;;;;Colisão;Luz do Dia;;;Cruz;Pare;Residencial;0;0;2;1;0;0;0;0;0;1;0;0;-38,563148;-3,740043
289456;13;6;2016;08:39;0;RUA JOAQUIM LIMA;;;381;;Colisão;Luz do Dia;;;Meio de Quadra;;;0;0;1;0;0;0;0;0;0;0;0;0;-38,482908;-3,740308
289459;13;6;2016;09:13;1358;AV SANTOS DUMONT;AV DES MOREIRA;;;;Colisão Lateral;Luz do Dia;Bom;Seca;Cruz;Semáforo;Comercial;0;1;3;0;0;0;0;0;0;1;0;0;-38,498365;-3,736226
289460;13;6;2016;09:21;5733;AV DES GONZAGA;RUA BENJAMIM MOURA;;;;Colisão Transversal;Luz do Dia;Bom;Seca;Não Informado;Pare;Comercial;0;1;3;1;0;1;0;0;0;0;0;0;-38,499021;-3,799146
289462;13;6;2016;09:35;0;AV DR SILAS MUNGUBA;;;;;Colisão;Luz do Dia;;;Meio de Quadra;;;0;0;2;0;0;0;0;0;0;0;0;0;;
289448;13;6;2016;07:32;15979;RUA PAURILO BARROSO;RUA GAL ONOFRE;;;;Colisão;Luz do Dia;;;;;;0;1;0;1;0;0;0;0;0;1;0;0;-38,571733;-3,807679
289452;13;6;2016;08:08;0;RUA STA CATARINA (BELA VISTA / PAN AMERICANO);RUA PERNAMBUCO D65;;;;Colisão Lateral;Luz do Dia;Bom;Seca;Meio de Quadra;Gesto;Residencial;0;1;3;1;0;0;0;0;0;1;0;0;;
289478;13;6;2016;13:03;22055;AV JOSE BASTOS;RUA PDE CICERO;;;;Colisão;Luz do Dia;;;;;;0;0;1;0;0;0;0;0;0;0;0;0;-38,544887;-3,744462
289475;13;6;2016;12:35;5402;RUA VINTE E QUATRO DE MAIO;RUA METON DE ALENCAR;;;;Colisão;Luz do Dia;;;Cruz;Pare;Comercial;0;0;2;0;0;0;0;0;0;0;0;0;-38,533848;-3,732626
289476;13;6;2016;12:49;13021;AV A CJ JOSE WALTER;AV I CJ JOSE WALTER;;;;Colisão Transversal;Luz do Dia;Bom;Seca;Outros;Pare;Residencial;0;0;4;1;0;0;0;0;0;0;0;0;-38,550935;-3,825834
289481;13;6;2016;13:33;13021;AV A CJ JOSE WALTER;AV I CJ JOSE WALTER;;;;Colisão;Luz do Dia;;;Cruz;Pare;Residencial;0;0;2;0;0;0;0;0;0;0;0;0;-38,550935;-3,825834
289464;13;6;2016;10:19;0;AV FRANCISCO SA;;;6620;;Colisão;Luz do Dia;;;Meio de Quadra;;;0;0;1;0;0;0;0;0;0;0;0;0;-38,58328;-3,708027
289465;13;6;2016;10:39;5072;RUA CASTRO E SILVA;AV TRISTAO GONCALVES;;662;;Colisão Transversal;Luz do Dia;Bom;Seca;T;Não Há Controle;Comercial;0;0;4;1;1;0;0;0;0;0;0;0;-38,531768;-3,72233
289467;13;6;2016;11:30;0;AV ENG SANTANA JUNIOR;;;;;Colisão;Luz do Dia;;;Meio de Quadra;;;0;0;1;0;0;0;0;0;0;0;0;0;;
289498;13;6;2016;18:39;0;RUA JULIO CESAR D12;;;;;Colisão;;;;Meio de Quadra;;;0;0;1;0;0;0;0;0;0;0;0;0;;
289493;13;6;2016;17:13;15803;RUA PDE PEDRO DE ALENCAR;RUA CEL JOAQUIM BEZERRA;;;;Colisão Lateral;Via Iluminada;Bom;Seca;T;Pare;Comercial;0;0;4;1;1;0;0;0;0;0;0;0;-38,493968;-3,831384
289494;13;6;2016;17:15;0;RUA OLIVEIRA SOBRINHO;;;702;;Colisão;Anoitecer;;;Meio de Quadra;;;0;1;0;1;0;0;0;0;0;1;0;0;-38,588563;-3,782124
289489;13;6;2016;14:52;10695;RUA MON HIPOLITO BRASIL;RUA PRO HERIBALDO COSTA;;;;Colisão;Luz do Dia;;;Cruz;Pare;Comercial;0;1;1;0;0;0;0;0;0;0;0;0;-38,582275;-3,757069
289490;13;6;2016;16:23;10992;RUA BAR CANINDE;RUA DOM CARLOTO TAVORA;;;;Colisão;Luz do Dia;;;Cruz;Pare;Residencial;0;0;2;0;0;0;0;0;0;0;0;0;-38,557103;-3,769531
289486;13;6;2016;14:45;0;AV ENG SANTANA JUNIOR;;;;;Colisão;Luz do Dia;;;Meio de Quadra;;;0;0;1;0;0;0;0;0;0;0;0;0;;
289483;13;6;2016;13:56;0;AV DR SILAS MUNGUBA;;;;;Colisão;Luz do Dia;;;Meio de Quadra;;;0;0;1;0;0;0;0;0;0;0;0;0;;
289496;13;6;2016;17:54;3928;AV IMPERADOR;RUA ANTONIO POMPEU;;;;Colisão Lateral;Anoitecer;Bom;Seca;Cruz;Semáforo;Escola;0;1;3;1;0;0;0;0;0;0;0;0;-38,536179;-3,733045
289513;13;6;2016;20:39;26215;RUA E CJ JOSE WALTER;AV D CJ JOSE WALTER;;;;Colisão;;;;;;;0;0;1;0;0;0;0;0;0;0;0;0;;
289514;13;6;2016;21:04;0;AV 13 DE MAIO;;;;;Engavetamento;Via Iluminada;Bom;Seca;Meio de Quadra;Não Há Controle;Escola;0;1;4;1;0;0;0;0;0;0;0;0;;
289502;13;6;2016;18:42;0;AV GODOFREDO MACIEL;;;3919;;Colisão;;;;Meio de Quadra;;;0;1;0;1;0;0;0;0;0;1;0;0;;
289503;13;6;2016;18:49;8933;AV DOMINGOS OLIMPIO;RUA RUBIA SAMPAIO;;;;Colisão;;;;Cruz;Pare;Residencial;0;0;1;0;0;0;0;0;0;0;0;0;-38,541015;-3,733409
289505;13;6;2016;18:58;0;RUA AZEVEDO BOLAO;;;1861;;Colisão;;;;Meio de Quadra;;;0;0;1;0;0;0;0;0;0;0;0;0;-38,56097;-3,737318
289507;13;6;2016;19:51;0;AV SEN VIRGILIO TAVORA;;;77;;Choque c/ Obstáculo Fixo;Via Iluminada;Bom;Seca;Meio de Quadra;Não Há Controle;Residencial;0;0;2;1;0;0;0;0;0;0;0;0;-38,490859;-3,729529
289508;13;6;2016;20:03;0;AV BEZERRA DE MENEZES;;;600;;Choque c/ Obstáculo Fixo;Via Iluminada;Bom;Seca;Meio de Quadra;Não Há Controle;Comercial;0;0;3;1;0;0;0;0;0;0;0;0;-38,550352;-3,732748
289525;14;6;2016;09:57;5146;RUA GUILHERME ROCHA;RUA PRC ISABEL;;;;Colisão Transversal;Luz do Dia;Bom;Seca;Cruz;Pare;Comercial;0;0;2;1;1;0;0;0;0;0;0;0;-38,534931;-3,72472
289518;14;6;2016;05:15;22353;AV BEZERRA DE MENEZES;AV OLAVO BILAC;;;;Colisão Lateral;Via Iluminada;Bom;Seca;Cruz;Semáforo;Comercial;0;0;2;1;1;0;0;0;0;0;0;0;-38,564151;-3,735601
289520;14;6;2016;07:08;25115;RUA ESTADO DO RIO;RUA AMAZONAS;;;;Colisão;Luz do Dia;;;Cruz;Pare;Residencial;0;0;1;0;0;0;0;0;0;0;0;0;-38,566565;-3,751778
289521;14;6;2016;08:00;0;AV CARNEIRO DE MENDONCA;;;;;Colisão;Luz do Dia;;;Meio de Quadra;;;0;0;2;0;0;0;0;0;0;0;0;0;;
289522;14;6;2016;08:03;15951;AV FRE CIRILO;RUA PDE PEDRO DE ALENCAR;;;;Colisão;Luz do Dia;;;T;Não Há Controle;Comercial;0;0;1;0;0;0;0;0;0;0;0;0;-38,493485;-3,827783
289535;14;6;2016;10:55;0;AV BORGES DE MELO;;;60;;Colisão;Luz do Dia;;;Meio de Quadra;;;0;0;1;0;0;0;0;0;0;0;0;0;;
289530;14;6;2016;10:12;23371;RUA EDUARDO BEZERRA;RUA FRE VIDAL;;;;Colisão Transversal;Luz do Dia;Bom;Seca;Cruz;Pare;Comercial;0;2;2;1;0;0;0;0;0;0;0;0;-38,518044;-3,754266
289532;14;6;2016;10:27;1315;AV RUI BARBOSA;RUA TORRES CAMARA;;;;Colisão;Luz do Dia;;;Cruz;Semáforo;Comercial;0;0;1;0;0;0;0;0;0;0;0;0;-38,509076;-3,734947
289537;14;6;2016;10:54;15347;RUA TIBURCIO CAVALCANTE;AV DOM LUIS;;;;Colisão;Luz do Dia;;;T;Semáforo;Comercial;0;0;1;0;0;0;0;0;0;0;0;0;-38,501313;-3,732021
289539;14;6;2016;10:57;15347;RUA TIBURCIO CAVALCANTE;AV DOM LUIS;;;;Colisão;Luz do Dia;;;T;Semáforo;Comercial;0;0;1;0;0;0;0;0;0;0;0;0;-38,501313;-3,732021
289540;14;6;2016;11:08;0;AV CONTORNO NORTE (SAO CRSITOVAO);;;645;;Colisão;Luz do Dia;;;Meio de Quadra;;;0;0;1;0;0;0;0;0;0;0;0;0;-38,52348;-3,831668
289541;14;6;2016;11:45;5191;AV DOM MANUEL;RUA PEREIRA FILGUEIRAS;;;;Colisão Transversal;Luz do Dia;Bom;Seca;Cruz;Semáforo;Comercial;0;2;2;1;0;0;0;0;0;0;0;0;-38,520338;-3,725943
289552;14;6;2016;13:04;0;AV FRANCISCO SA;;;4000;;Colisão;Luz do Dia;;;Meio de Quadra;;;0;0;1;0;0;0;0;0;0;0;0;0;-38,561173;-3,716122
289557;14;6;2016;14:22;0;AV 13 DE MAIO;;;;;Colisão;Luz do Dia;;;Meio de Quadra;;;0;0;1;0;0;0;0;0;0;0;0;0;;
289558;14;6;2016;14:49;15297;RUA CEL LINHARES;RUA SILVA JATAHY;;;;Colisão Transversal;Luz do Dia;Bom;Seca;Cruz;Pare;Residencial;0;1;3;1;0;0;0;0;0;0;0;0;-38,491915;-3,72959
289559;14;6;2016;15:12;17308;RUA ALM RUFINO;RUA ARTUR FERREIRA;;;;Colisão;Luz do Dia;;;Cruz;Pare;;0;0;1;0;0;0;0;0;0;0;0;0;-38,544716;-3,764223
289561;14;6;2016;15:29;0;AV ALM BARROSO;;;601;;Colisão;Luz do Dia;;;Meio de Quadra;;;0;0;1;0;0;0;0;0;0;0;0;0;-38,517776;-3,720538
289562;14;6;2016;15:56;7782;RUA OSVALDO CRUZ (ALDEOTA);RUA JULIO SIQUEIRA;;;;Colisão Transversal;Luz do Dia;Bom;Seca;Cruz;Pare;Residencial;0;0;4;1;0;0;0;0;0;0;0;0;-38,5052;-3,75074
289564;14;6;2016;16:03;0;RUA MON CATAO;;;1820;;Colisão;Luz do Dia;;;Meio de Quadra;;;0;0;2;0;0;0;0;0;0;0;0;0;-38,493606;-3,748068
289565;14;6;2016;16:43;0;RUA SEN POMPEU;;;1491;;Colisão Traseira;Luz do Dia;Não Informado;Seca;Meio de Quadra;Não Há Controle;Comercial;0;0;4;1;0;0;0;0;0;0;0;0;;
289566;14;6;2016;17:08;0;AV SEN CARLOS JEREISSATI (AEROPORTO);;;;;Colisão;Anoitecer;;;Meio de Quadra;;;0;0;1;0;0;0;0;0;0;0;0;0;;
289554;14;6;2016;13:10;26017;RUA LEDA PORTO FREIRE;RUA JOAOZITO ARRUDA;;;;Colisão;Luz do Dia;;;;;;0;0;1;0;0;0;0;0;0;0;0;0;;
289569;14;6;2016;17:17;0;AV EDILSON B SOARES;;;838;;Colisão Transversal;Anoitecer;Bom;Seca;Meio de Quadra;Não Há Controle;Residencial;0;0;4;1;0;0;0;0;0;0;0;0;-38,478191;-3,789245
289570;14;6;2016;17:19;9045;RUA CEL SOLON;RUA COS TRISTAO;;;;Colisão Transversal;Luz do Dia;Bom;Seca;Cruz;Pare;Residencial;0;1;3;1;1;0;0;0;0;0;0;0;-38,528081;-3,743099
289579;14;6;2016;17:29;0;AV 13 DE MAIO;;;1803;;Colisão;Anoitecer;;;Meio de Quadra;;;0;1;0;0;0;0;0;0;0;1;0;0;-38,533739;-3,745569
289580;14;6;2016;17:35;6721;RUA BENTO ALBUQUERQUE;AV ENG SANTANA JUNIOR;;;;Colisão;Anoitecer;;;Cruz;Semáforo;Misto;0;0;1;1;0;0;0;0;0;1;0;0;-38,486538;-3,742678
289593;14;6;2016;20:50;0;AV SEN FERNANDES TAVORA;;;387;;Colisão Lateral;Via Iluminada;Bom;Seca;Meio de Quadra;Não Há Controle;Comercial;0;0;5;1;0;0;0;0;0;0;0;0;-38,57647;-3,765241
289594;14;6;2016;21:29;0;AV AGUANAMBI;;;;;Colisão;;;;Meio de Quadra;;;0;0;1;0;0;0;0;0;0;0;0;0;;
289595;14;6;2016;22:08;10094;RUA ZACARIAS FLORINDO;RUA LUMINOSA;;;;Colisão;;;;;;;0;1;0;0;0;0;0;0;0;1;0;0;-38,605447;-3,784683
289544;14;6;2016;12:51;0;RUA PDE VALDEVINO;;;1699;;Engavetamento;Luz do Dia;Bom;Seca;Meio de Quadra;Semáforo;Comercial;0;0;7;1;0;0;0;0;0;1;0;0;-38,509665;-3,741387
289591;14;6;2016;20:26;0;ET DO FIO (MESSEJANA);;;983;;Colisão;;;;Meio de Quadra;;;0;0;1;0;0;0;0;0;0;0;0;0;;
289587;14;6;2016;20:13;13378;AV ANTONIO SALES;RUA NOGUEIRA ACIOLI;;;;Colisão;;;;Cruz;Semáforo;Comercial;0;0;1;0;0;0;0;0;0;0;0;0;-38,520316;-3,739866
289582;14;6;2016;18:20;5448;RUA BAR ARATANHA;RUA METON DE ALENCAR;;;;Colisão;Anoitecer;;;Cruz;Pare;Comercial;0;0;2;0;0;0;0;0;0;0;0;0;-38,527028;-3,734847
289583;14;6;2016;18:23;0;AV PRS CASTELO BRANCO;;;2164;;Atropelamento;Anoitecer;;;Meio de Quadra;;;0;1;1;0;0;0;0;0;0;0;0;0;-38,547347;-3,71414
289584;14;6;2016;18:26;25058;AV AUGUSTO DOS ANJOS;RUA VITAL BRASIL;;;;Colisão;Anoitecer;;;T;Não Há Controle;Comercial;0;0;2;1;0;0;0;0;0;0;0;0;-38,581387;-3,782734
289585;14;6;2016;19:06;0;AV GAL OSORIO DE PAIVA;;;4729;;Colisão;;;;Meio de Quadra;;;0;0;2;0;1;0;0;0;0;0;0;0;-38,597924;-3,800449
289480;14;6;2016;10:07;0;AV AUGUSTO DOS ANJOS;;;240;;Colisão;Luz do Dia;;;Meio de Quadra;;;0;1;0;1;0;0;0;0;0;1;0;0;-38,571264;-3,771423
289303;14;6;2016;11:46;0;RUA SABIAGUABA;;;;;Atropelamento;Luz do Dia;;;Meio de Quadra;;;1;0;1;0;0;0;0;0;0;0;0;0;;
289023;14;6;2016;07:00;0;RD CE-040;;;;KM-07;Tombamento;Luz do Dia;Bom;Seca;Meio de Quadra;;;0;0;1;0;0;0;0;0;0;1;0;0;-38,478733;-3,809597
286966;14;6;2016;21:00;0;RD BR 116;;;;KM 00;Colisão Lateral;Luz do Dia;Bom;Seca;Meio de Quadra;;;0;0;2;1;1;0;0;0;0;0;0;0;-38,52301254;-3,755594239
287732;14;6;2016;22:45;0;RD BR 020;;;0;KM 428;Atropelamento de Animal;;Bom;Seca;Meio de Quadra;;Rural;0;0;1;0;0;0;0;0;0;0;0;0;;
286506;14;6;2016;17:45;0;RD CE-040;;;;KM-05;Colisão;Anoitecer;Bom;Seca;Meio de Quadra;;;0;0;2;1;0;0;0;0;0;0;0;0;-38,480331;-3,791613
286503;14;6;2016;17:00;0;RD CE-040;;;;KM-10;Colisão;Anoitecer;Bom;Seca;Meio de Quadra;;;0;0;2;1;0;0;0;0;0;0;0;0;-38,482466;-3,834451
286501;14;6;2016;13:35;0;RD CE-025;;;1780;KM-02;Colisão;Luz do Dia;Bom;Seca;Meio de Quadra;;;0;1;1;0;0;0;0;0;0;1;0;0;-38,461085;-3,807635
286496;14;6;2016;12:35;0;RD CE-040;;;;KM-01;Colisão;Luz do Dia;Bom;Seca;Meio de Quadra;;;0;0;3;0;0;0;1;0;0;1;0;0;-38,48666;-3,758119
293548;14;6;2016;06:26;0;RD BR 116;;;;;Colisão;Luz do Dia;;;Meio de Quadra;;;0;1;0;1;0;0;0;0;0;1;0;0;;
293549;14;6;2016;07:25;0;RUA PEDRO DANTAS;;;129;;Colisão;Luz do Dia;;;Meio de Quadra;;;0;1;0;1;0;0;0;0;0;1;0;0;;
293555;14;6;2016;08:25;0;RUA VALPARAISO;;;1066;;Atropelamento;Luz do Dia;;;Meio de Quadra;;;0;2;0;0;0;0;0;0;0;1;0;0;-38,528485;-3,842005
293552;14;6;2016;07:38;7775;AV BAR STUDART;AV ANTONIO SALES;;;;Colisão;Luz do Dia;;;Cruz;Semáforo;Comercial;0;1;0;1;0;0;0;0;0;1;0;0;-38,509378;-3,743288
293568;14;6;2016;09:05;0;AV LINEU MACHADO;;;180;;Colisão;Luz do Dia;;;Meio de Quadra;;;0;1;0;0;0;0;1;0;0;1;0;0;-38,574918;-3,76213
293593;14;6;2016;10:27;0;AV CONTORNO NORTE (SAO CRSITOVAO);;;646;CJ SAO CRISTOVAO;Colisão;Luz do Dia;;;Meio de Quadra;;;0;1;0;0;0;0;0;0;0;1;0;0;-38,52348;-3,831668
293609;14;6;2016;10:43;0;AV ENG SANTANA JUNIOR;;;348;;Colisão;Luz do Dia;;;Meio de Quadra;;;0;1;0;1;0;0;0;0;0;1;0;0;-38,480107;-3,732518