COD_ACIDENTE;DIA;MES;ANO;HORA;INTERSECAO;LOG1;LOG2;LOG3;NUMERO;REFERENCIA;NATUREZA;ILUMINACAO;TEMPO;SUPERFICIEPISTA;TIPOCRUZAMENTO;CONTROLETRAFEGO;USOSOLO;MORTOS;FERIDOS;ILESOS;AUTOMOVEL;ONIBUS;BICICLETA;CAMINHAO;MICROONIBUS;CICLOMOTOR;MOTOCICLETA;TRACAOANIMAL;TREM;LONG;LAT
293620;14;6;2016;13:37;0;RUA CEL DIONISIO ALENCAR;;;;;Colisão;Luz do Dia;;;Meio de Quadra;;;0;1;0;0;0;0;0;0;0;0;0;0;;
293625;14;6;2016;13:42;9243;AV DOS EXPEDICIONARIOS;AV EDUARDO GIRAO;;;;Colisão Traseira;Luz do Dia;Bom;Seca;Cruz;Semáforo;Comercial;0;0;4;1;0;0;0;0;0;0;0;0;-38,536849;-3,750712
293647;14;6;2016;18:28;0;AV SEN FERNANDES TAVORA;;;597;;Queda;Anoitecer;;;Meio de Quadra;;;0;1;0;0;0;0;0;0;0;1;0;0;-38,577416;-3,76472
293648;14;6;2016;20:24;0;RUA POMAR CARIOCA;;;421;;Colisão;;;;Meio de Quadra;;;0;2;0;0;0;0;0;0;0;1;0;0;-38,591181;-3,78458
293643;14;6;2016;17:13;0;AV 13 DE MAIO;;;1806;;Atropelamento;Anoitecer;;;Meio de Quadra;;;0;1;0;0;0;0;0;0;0;1;0;0;-38,533845;-3,745477
293645;14;6;2016;18:02;0;AV PRS CASTELO BRANCO;;;2164;;Atropelamento;Anoitecer;;;Meio de Quadra;;;0;2;0;0;0;0;0;0;0;1;0;0;-38,547347;-3,71414
293655;14;6;2016;21:13;0;RUA SAO FRANCISCO D34;AV GAL OSORIO DE PAIVA;;5840;;Colisão Lateral;Via Iluminada;Bom;Seca;T;Pare;Residencial;0;1;3;1;1;0;0;0;0;1;0;0;;
293661;14;6;2016;21:30;0;RUA OSCAR ROMERO;;;701;;Colisão;;;;Meio de Quadra;;;0;1;0;1;0;0;0;0;0;1;0;0;;
293663;14;6;2016;21:33;0;RUA PERNAMBUCO;;;499;;Queda;;;;Meio de Quadra;;;0;1;0;0;0;1;0;0;0;0;0;0;-38,570218;-3,758855
293151;14;6;2016;13:30;0;RUA SAPIRANGA;;;;;Colisão;Luz do Dia;;;Meio de Quadra;;;0;1;1;0;0;0;1;0;0;1;0;0;;
293153;14;6;2016;23:50;25345;RUA PORTO VELHO;RUA VITORIA (AV. PERIMETRAL);;;;Colisão;;;;Cruz;Semáforo;Residencial;0;0;2;1;0;0;0;0;0;0;0;0;-38,588528;-3,76517
301021;14;6;2016;12:25;5247;AV IMPERADOR;RUA PEDRO PEREIRA;;0;;Colisão Transversal;Luz do Dia;Bom;Seca;Cruz;Semáforo;Comercial;0;1;1;1;0;0;0;0;0;1;0;0;-38,534609;-3,727714
301022;14;6;2016;18:46;5448;RUA BAR ARATANHA;RUA METON DE ALENCAR;;0;;Colisão Transversal;Via Iluminada;Bom;Seca;Cruz;Pare;Comercial;0;0;2;1;0;0;0;0;0;0;0;0;-38,527028;-3,734847
301023;14;6;2016;19:25;23022;AV DR SILAS MUNGUBA;RUA FRE ALEMAO;;0;;Colisão Transversal;Via Iluminada;Bom;Seca;T;Não Há Controle;Comercial;0;0;2;1;0;0;0;0;0;0;0;0;-38,544903;-3,788758
285598;14;6;2016;12:45;0;AV FRANCISCO SA;;;4411;;Atropelamento;Luz do Dia;;;Meio de Quadra;;;0;1;1;0;1;0;0;0;0;0;0;0;-38,564127;-3,71512
285602;14;6;2016;06:20;3347;RUA GOIAS;AV ENG HUMBERTO MONTE;;;;Colisão Lateral;Luz do Dia;;;T;Pare;Residencial;0;0;2;1;0;0;0;0;0;0;0;0;-38,559425;-3,750494
285606;14;6;2016;18:30;0;AV ALBERTO CRAVEIRO;;;2750;;Colisão Traseira;Anoitecer;;;Meio de Quadra;;;0;1;1;1;0;0;0;0;0;1;0;0;-38,521994;-3,803767
285590;14;6;2016;16:30;2706;RUA OSCAR FRANCA;RUA CEL VIRGILIO NOGUEIRA (BOM JARDIM);;;;Colisão Transversal;Luz do Dia;;;Cruz;Pare;Residencial;0;2;0;0;0;0;0;0;0;1;0;0;;
285578;14;6;2016;16:10;5402;RUA METON DE ALENCAR;RUA VINTE E QUATRO DE MAIO;;;;Colisão Lateral;Luz do Dia;;;Cruz;Pare;Comercial;0;0;2;0;0;0;0;0;0;0;0;0;-38,533848;-3,732626
285622;14;6;2016;08:30;26272;RUA VALPARAISO;RUA RECANTO VERDE;;;;Colisão Traseira;Luz do Dia;;;;;;0;2;0;1;0;0;0;0;0;0;0;0;;
285623;14;6;2016;08:30;8125;RUA BENTO ALBUQUERQUE;RUA MANUEL DE QUEIROZ;;;;Colisão Lateral;Luz do Dia;;;Cruz;Pare;Residencial;0;1;1;1;0;0;0;0;0;1;0;0;-38,467393;-3,748837
285773;14;6;2016;20:00;0;RUA MARIO DE ANDRADE;;;119;;Colisão Frontal;;;;;;;0;3;0;0;0;0;0;0;0;1;0;0;-38,557948;-3,754654
285774;14;6;2016;19:48;0;AV DOM LUIS;;;600;;Colisão Traseira;;;;Meio de Quadra;;;0;0;2;1;0;0;0;0;0;0;0;0;-38,496317;-3,733589
285776;14;6;2016;17:10;0;RUA BANVAR BEZERRA;;;122;;Colisão Lateral;Anoitecer;;;Meio de Quadra;;;0;1;1;1;0;0;0;0;0;1;0;0;-38,580563;-3,730799
285777;14;6;2016;13:30;0;AV JOSE BASTOS;;;3620;;Colisão Traseira;Luz do Dia;;;Meio de Quadra;;;0;0;3;1;0;0;1;0;0;0;0;0;;
285782;14;6;2016;11:05;14682;AV OLIVEIRA PAIVA;RUA DR JOSE FURTADO;;;;Colisão Lateral;Luz do Dia;;;Cruz;Semáforo;Comercial;0;0;2;1;0;0;0;0;0;0;0;0;-38,488112;-3,796201
285783;14;6;2016;19:00;0;AV PRS CASTELO BRANCO;;;3043;;Colisão Lateral;;;;Meio de Quadra;;;0;1;1;1;0;0;0;0;0;1;0;0;-38,557149;-3,711636
285779;14;6;2016;13:30;25228;RUA MANUEL CASTELO BRANCO;RUA ANTONIO BARROS;;;;Colisão Transversal;Luz do Dia;;;Cruz;Pare;Comercial;0;1;1;0;1;0;0;0;0;1;0;0;;
285780;14;6;2016;11:50;1450;RUA JOAO CARVALHO;RUA JOSE VILAR;;;;Colisão Transversal;Luz do Dia;;;Cruz;Semáforo;Residencial;0;0;2;1;0;0;0;0;0;0;0;0;-38,505477;-3,738318
293677;14;6;2016;21:38;0;RUA SAO FRANCISCO D34;;;1433;;Colisão;;;;Meio de Quadra;;;0;1;0;1;0;0;0;0;0;1;0;0;;
293679;15;6;2016;02:00;0;AV C CJ CEARA;;;236;;Queda;;;;Meio de Quadra;;;0;1;0;0;0;0;0;0;0;1;0;0;-38,609117;-3,760724
293681;15;6;2016;06:41;0;RUA MANAUS;;;500;;Colisão;Luz do Dia;;;Meio de Quadra;;;0;1;0;1;0;0;0;0;0;1;0;0;;
293683;15;6;2016;07:18;0;RD BR 116;;;2980;;Queda;Luz do Dia;;;Meio de Quadra;;;0;1;0;0;0;0;0;0;0;1;0;0;;
293687;15;6;2016;08:56;0;AV GODOFREDO MACIEL;;;;;Colisão;Luz do Dia;;;Meio de Quadra;;;0;1;0;1;0;0;0;0;0;1;0;0;;
293688;15;6;2016;09:13;0;RUA ELISEU ORIA;;;32;;Colisão;Luz do Dia;;;Meio de Quadra;;;0;1;0;1;0;0;0;0;0;1;0;0;-38,47795;-3,789307
293689;15;6;2016;11:22;0;RUA PRO COSTA MENDES;;;1987;;Queda;Luz do Dia;;;Meio de Quadra;;;0;2;0;0;0;1;0;0;0;0;0;0;;
293695;15;6;2016;11:50;0;RUA SAO LEOPOLDO D69;;;611;;Colisão;Luz do Dia;;;Meio de Quadra;;;0;1;0;1;0;0;0;0;0;1;0;0;;
293696;15;6;2016;12:15;0;AV CASTELO DE CASTRO;;;1762;;Colisão;Luz do Dia;;;Meio de Quadra;;;0;1;0;0;0;0;1;0;0;1;0;0;;
293702;15;6;2016;12:21;0;AV MON HELIO CAMPOS D22;;;377;;Colisão;Luz do Dia;;;Meio de Quadra;;;0;1;0;1;0;0;0;0;0;1;0;0;-38,56614;-3,704688
293717;15;6;2016;15:27;0;AV JOAO PESSOA;;;6845;;Colisão;Luz do Dia;;;Meio de Quadra;;;0;1;0;1;0;0;0;0;0;1;0;0;;
293718;15;6;2016;15:42;0;AV I CJ CEARA;;;1709;;Colisão;Luz do Dia;;;Meio de Quadra;;;0;1;0;1;0;0;0;0;0;1;0;0;;
293734;15;6;2016;16:20;24229;AV ENG ALBERTO SA;AV ENG SANTANA JUNIOR;;;;Atropelamento;Luz do Dia;;;Cruz;Semáforo;Comercial;0;1;0;0;1;0;0;0;0;0;0;0;-38,480624;-3,733357
293747;15;6;2016;16:50;0;AV CEL CARVALHO;;;836;;Colisão Traseira;Anoitecer;Bom;Seca;Meio de Quadra;Não Há Controle;Comercial;0;1;5;1;0;0;0;0;0;1;0;0;-38,589904;-3,709644
293757;15;6;2016;18:19;0;AV GODOFREDO MACIEL;;;2575;;Colisão;Anoitecer;;;Meio de Quadra;;;0;1;0;1;0;0;0;0;0;1;0;0;-38,57047;-3,798278
293759;15;6;2016;18:23;0;AV PERIMETRAL;;;;;Queda;Anoitecer;;;Meio de Quadra;;;0;1;0;0;0;1;0;0;0;0;0;0;;
293760;15;6;2016;18:25;0;AV MON AMARILIO RODRIGUES;;;734;;Colisão;Anoitecer;;;Meio de Quadra;;;0;2;0;1;0;0;0;0;0;1;0;0;-38,523565;-3,835139
293766;15;6;2016;18:46;0;RUA MAJ WEYNE;;;63;;Queda;;;;Meio de Quadra;;;0;1;0;0;0;0;0;0;0;1;0;0;;
293774;15;6;2016;18:48;0;RUA PERNAMBUCO;;;2671;;Queda;;;;Meio de Quadra;;;0;1;0;0;0;0;0;0;0;1;0;0;-38,577929;-3,751626
293782;15;6;2016;19:11;0;AV BORGES DE MELO;;;;;Colisão;;;;Meio de Quadra;;;0;1;0;0;0;0;0;0;0;0;0;0;;
293796;15;6;2016;19:20;0;RUA MAJ WEYNE;;;609;;Atropelamento;;;;Meio de Quadra;;;0;1;0;0;0;0;0;0;0;0;0;0;-38,542337;-3,750409
293797;15;6;2016;19:46;0;AV CASTELO DE CASTRO;;;;;Colisão;;;;Meio de Quadra;;;0;1;0;0;0;0;0;0;0;0;0;0;;
285626;15;6;2016;15:40;1516;AV PDE ANTONIO TOMAS;AV DES MOREIRA;;;;Colisão Traseira;Luz do Dia;Bom;Seca;Cruz;Não Há Controle;Comercial;0;0;2;1;0;0;0;0;0;0;0;0;-38,499616;-3,740161
285628;15;6;2016;17:00;0;LOGRADOURO SEM NOME;;;;;;Anoitecer;;;Meio de Quadra;;;0;0;2;0;0;0;0;0;0;0;0;0;;
285629;15;6;2016;00:00;15244;RUA JOSE VILAR;RUA DEP MOREIRA DA ROCHA;;;;;Luz do Dia;Bom;Seca;Cruz;Não Há Controle;Residencial;0;0;2;1;0;0;0;0;0;0;0;0;-38,502113;-3,727832
285630;15;6;2016;07:40;12496;AV CARNEIRO DE MENDONCA;AV LINEU MACHADO;;;;Colisão Frontal;Luz do Dia;Bom;Seca;Outros;Semáforo;Comercial;0;0;2;1;0;0;1;0;0;0;0;0;-38,574021;-3,760403
285635;15;6;2016;14:00;6564;AV G CJ CEARA;AV H CJ CEARA;;;;Colisão Transversal;Luz do Dia;Bom;Seca;T;Pare;Misto;0;0;2;1;1;0;0;0;0;0;0;0;;
285632;15;6;2016;13:30;0;AV DES MOREIRA;;;2120;;Colisão Lateral;Luz do Dia;Bom;Seca;Meio de Quadra;;Comercial;0;0;2;1;1;0;0;0;0;0;0;0;-38,500856;-3,744019
285633;15;6;2016;10:30;0;AV AGUANAMBI;;;636;;Colisão Lateral;Luz do Dia;Bom;Seca;Meio de Quadra;Não Há Controle;Comercial;0;0;2;0;1;0;1;0;0;0;0;0;-38,525839;-3,742718
285639;15;6;2016;22:15;12871;RUA BAR ARATANHA;RUA JOAQUIM MAGALHAES;;;;Colisão Transversal;Via Iluminada;Bom;Seca;Cruz;Pare;Residencial;0;0;2;1;0;0;0;0;0;0;0;0;-38,528666;-3,739716
285637;15;6;2016;16:00;0;RUA ILDEFONSO ALBANO;;;1414;;Colisão Transversal;Via Iluminada;Bom;Seca;Meio de Quadra;Não Há Controle;Comercial;0;0;2;1;0;0;0;0;0;0;0;0;-38,513291;-3,733531
285648;15;6;2016;17:40;12849;RUA SALDANHA MARINHO;RUA ASSUNCAO;;;;Colisão Transversal;Via Iluminada;Bom;Seca;Cruz;Pare;Residencial;0;0;2;1;0;0;0;0;0;0;0;0;-38,531231;-3,742314
285646;15;6;2016;15:15;9147;RUA DOM SEBASTIAO LEME;RUA CARLOS RIBEIRO;;;;Colisão Transversal;Luz do Dia;Bom;Seca;Cruz;Pare;Comercial;0;2;1;0;0;0;0;0;0;1;0;0;-38,526198;-3,7465
285651;15;6;2016;19:40;25125;RUA DNA LEOPOLDINA;RUA ROCHA LIMA;;;;Colisão Transversal;Via Iluminada;Bom;Seca;Cruz;Pare;Residencial;1;1;0;1;0;0;0;0;0;1;0;0;-38,521427;-3,736665
285652;15;6;2016;10:00;0;RUA JOAO BRIGIDO;;;;;Colisão Lateral;Luz do Dia;Bom;Seca;Meio de Quadra;Semáforo;Residencial;0;0;2;1;0;0;1;0;0;0;0;0;;
285642;15;6;2016;09:00;8626;AV EDILSON B SOARES;RUA MARIA IVONE;;;;Colisão Transversal;Luz do Dia;Bom;Seca;Cruz;Pare;Residencial;0;0;2;1;0;0;0;0;0;1;0;0;;
301024;15;6;2016;16:50;15227;AV ABOLICAO;AV DES MOREIRA;;0;;Colisão Lateral;Luz do Dia;Bom;Seca;Cruz;Semáforo;Comercial;0;0;1;1;1;0;0;0;0;0;0;0;-38,495474;-3,727331
301025;15;6;2016;18:50;0;AV GODOFREDO PIMENTEL;;;2575;;Colisão Traseira;Via Iluminada;Bom;Seca;Meio de Quadra;Não Há Controle;Comercial;0;0;2;1;0;0;0;0;0;1;0;0;;
301027;15;6;2016;10:33;0;RUA DR JOAO MOREIRA;;;344;;Colisão Lateral;Luz do Dia;Bom;Seca;Meio de Quadra;Não Há Controle;Comercial;0;0;2;1;0;0;0;0;0;0;0;0;;
293154;15;6;2016;08:05;7211;AV PRS CASTELO BRANCO;AV DR THEBERGE;;;;Colisão;Luz do Dia;;;Cruz;Semáforo;Residencial;0;0;2;1;0;0;0;0;0;0;0;0;-38,563456;-3,710079
293166;15;6;2016;14:10;15196;RUA DEP MOREIRA DA ROCHA;RUA BAR ARACATI;;;;Colisão;Luz do Dia;;;Cruz;Pare;Residencial;0;1;1;0;0;0;0;0;0;1;0;0;-38,509905;-3,726543
293167;15;6;2016;15:55;1599;AV SEN VIRGILIO TAVORA;RUA VICENTE LINHARES;;;;Colisão Transversal;Luz do Dia;Bom;Seca;Cruz;Semáforo;Residencial;0;1;3;1;0;0;0;0;0;0;0;0;-38,49537;-3,743743
286508;15;6;2016;10:20;0;RD CE-040;;;5190;KM-06;Colisão;Luz do Dia;Bom;Seca;Meio de Quadra;;;0;1;1;1;0;0;0;0;0;1;0;0;-38,479535;-3,800596
286511;15;6;2016;21:50;0;AV SEN CARLOS JEREISSATI (AEROPORTO);;;;KM 04;Colisão;;Bom;Seca;Meio de Quadra;;;0;1;1;1;0;0;0;0;1;0;0;0;-38,544418;-3,779518
289596;15;6;2016;07:30;20269;AV PRS JUSCELINO KUBITSCHEK (PASSARÉ);RUA ELDORADO;;;;Colisão Lateral;Luz do Dia;Bom;Seca;Cruz;Semáforo;Comercial;0;0;4;1;0;0;0;0;0;0;0;0;-38,531633;-3,816307
289597;15;6;2016;08:00;0;AV BAR STUDART;;;2406;;Atropelamento;Luz do Dia;Bom;Seca;Meio de Quadra;Não Há Controle;Comercial;0;1;1;1;0;0;0;0;0;0;0;0;-38,509843;-3,744765
289598;15;6;2016;08:02;0;RUA ROCHA LIMA;;;331;;Colisão;Luz do Dia;;;Meio de Quadra;;;0;1;0;0;0;0;0;0;0;0;0;0;-38,521348;-3,73669
289697;15;6;2016;18:19;0;RUA TORRES CAMARA;AV JULIO VENTURA;;;;Colisão Lateral;Via Iluminada;Bom;Seca;Cruz;Gesto;Comercial;0;1;3;1;0;0;0;0;0;0;0;0;;
289720;15;6;2016;20:03;7904;RUA CEL LINHARES;RUA PRO FRANCISCO GONCALVES;;;;Colisão;;;;Cruz;Pare;Residencial;0;0;1;0;0;0;0;0;0;0;0;0;-38,49779;-3,74794
289721;15;6;2016;21:29;5458;RUA BARBARA DE ALENCAR;RUA RODRIGUES JUNIOR;;;;Colisão;;;;Cruz;Pare;Misto;0;0;1;0;0;0;0;0;0;0;0;0;-38,522156;-3,735343
289711;15;6;2016;18:52;0;AV ALBERTO CRAVEIRO;;;2644;;Colisão Traseira;Via Iluminada;Bom;Seca;Meio de Quadra;Não Há Controle;Comercial;0;1;4;1;0;0;0;0;0;1;0;0;-38,521448;-3,803094
289713;15;6;2016;19:15;1325;AV SANTOS DUMONT;RUA JOAQUIM NABUCO;;;;Colisão;;;;Cruz;Semáforo;Comercial;0;0;2;0;0;0;0;0;0;0;0;0;-38,501285;-3,735295
289714;15;6;2016;19:29;7239;RUA DNA MENDINHA;RUA WALTER POMPEU;;;;Atropelamento;;;;Cruz;Pare;Residencial;0;1;0;1;0;0;0;0;0;0;0;0;-38,570673;-3,711061
289718;15;6;2016;19:34;0;RUA RAIMUNDO NERY;;;;;Colisão;;;;Meio de Quadra;;;0;0;1;0;0;0;0;0;0;0;0;0;;
289716;15;6;2016;19:33;25863;AV CESAR CALS;RUA VIS CAIRU;;;;Colisão;;;;Cruz;Pare;Residencial;0;0;1;0;0;0;0;0;0;0;0;0;-38,462102;-3,725548
289723;15;6;2016;22:14;8934;AV DOMINGOS OLIMPIO;RUA PDE MORORO;;;;Colisão Transversal;Via Iluminada;Bom;Seca;Cruz;Pare;Comercial;0;1;4;1;0;0;0;0;0;1;0;0;-38,539949;-3,733752
289724;15;6;2016;23:21;5725;RUA MARGARIDA DE QUEIROZ;RUA TEOFREDO GOIANA;;;;Colisão;;;;Cruz;Pare;Residencial;0;0;1;0;0;0;0;0;0;0;0;0;-38,503091;-3,793757
289709;15;6;2016;18:52;0;AV BAR STUDART;;;;;Colisão;;;;;;;0;0;1;0;0;0;0;0;0;0;0;0;-38,504693;-3,728702
289690;15;6;2016;17:11;15227;AV ABOLICAO;AV DES MOREIRA;;;;Colisão;Anoitecer;;;Cruz;Semáforo;Comercial;0;0;2;0;0;0;0;0;0;0;0;0;-38,495474;-3,727331
289684;15;6;2016;16:27;0;RUA ALFREDO MAMEDE;;;;;Colisão;Luz do Dia;;;Meio de Quadra;;;0;0;2;0;0;0;0;0;0;0;0;0;;
289640;15;6;2016;13:28;0;RUA CAIO PRADO;;;;;Colisão;Luz do Dia;;;Meio de Quadra;;;0;0;1;0;0;0;0;0;0;0;0;0;;
289609;15;6;2016;10:17;0;RUA ARARIPE PRATA;;;273;;Colisão;Luz do Dia;;;Meio de Quadra;;;0;0;1;0;0;0;0;0;0;0;0;0;-38,569615;-3,774369
289618;15;6;2016;12:24;5060;RUA CASTRO E SILVA;AV IMPERADOR;;;;Colisão;Luz do Dia;;;Cruz;Semáforo;Comercial;0;0;1;0;0;0;0;0;0;0;0;0;-38,532916;-3,722013
289632;15;6;2016;13:12;1269;RUA PINTO MADEIRA;RUA ANTONIO AUGUSTO;;;;Colisão;Luz do Dia;;;Cruz;Pare;Comercial;0;0;1;1;0;0;0;0;0;0;0;0;-38,51439;-3,733285
289621;15;6;2016;12:25;0;AV CONTORNO NORTE (SAO CRSITOVAO);;;;;Colisão;Luz do Dia;;;Meio de Quadra;;;0;0;1;0;0;0;0;0;0;0;0;0;;
289622;15;6;2016;12:35;22090;RUA PRO COSTA MENDES;RUA FRE MARCELINO;;;;Colisão;Luz do Dia;;;Cruz;Pare;Misto;0;0;1;0;0;0;0;0;0;0;0;0;-38,555399;-3,747005
289623;15;6;2016;12:46;0;AV MON HELIO CAMPOS D22;;;381;;Colisão;Luz do Dia;;;Meio de Quadra;;;0;0;2;0;0;0;0;0;0;0;0;0;-38,566181;-3,704667
289613;15;6;2016;10:42;1282;AV BAR STUDART;AV SANTOS DUMONT;;;;Colisão;Luz do Dia;;;Cruz;Semáforo;Comercial;0;0;2;1;1;0;0;0;0;0;0;0;-38,506304;-3,733642
289614;15;6;2016;10:47;0;RUA ISAC AMARAL;;;510;;Colisão Transversal;Luz do Dia;Bom;Seca;Meio de Quadra;Gesto;Comercial;0;0;5;1;0;0;0;0;0;0;0;0;-38,505529;-3,752556
289615;15;6;2016;11:58;7860;AV ANTONIO SALES;AV SEN VIRGILIO TAVORA;;;;Colisão;Luz do Dia;;;Cruz;Semáforo;Comercial;0;0;1;0;0;0;0;0;0;0;0;0;-38,4965;-3,747279
289603;15;6;2016;08:35;9020;RUA JAIME BENEVOLO;RUA SALDANHA MARINHO;;;;Colisão;Luz do Dia;;;Cruz;Semáforo;Comercial;0;0;1;0;0;0;0;0;0;0;0;0;-38,528994;-3,743046
289601;15;6;2016;08:26;0;AV 13 DE MAIO;;;;;Colisão;Luz do Dia;;;Meio de Quadra;;;0;0;2;0;0;0;0;0;0;0;0;0;;
289611;15;6;2016;10:18;13396;RUA JOAO BRIGIDO;RUA BAR ARACATI;;;;Colisão;Luz do Dia;;;Cruz;Pare;Residencial;0;0;1;0;0;0;0;0;0;0;0;0;-38,514697;-3,740939
289606;15;6;2016;09:32;5097;RUA SAO PAULO;RUA TEREZA CRISTINA;;;;Colisão Transversal;Luz do Dia;Bom;Seca;Cruz;Pare;Residencial;0;0;3;1;0;0;0;0;0;0;0;0;-38,535693;-3,723354
289646;15;6;2016;13:54;0;RUA DOS SABIAS;;;541;;Colisão;Luz do Dia;;;Meio de Quadra;;;0;0;1;0;0;0;0;0;0;0;0;0;;
289644;15;6;2016;13:32;15301;RUA TEN BENEVOLO;RUA SILVA PAULET;;1212;;Colisão Transversal;Luz do Dia;Bom;Seca;Cruz;Pare;Residencial;0;2;3;1;0;0;0;0;0;1;0;0;-38,503888;-3,729724
289649;15;6;2016;14:01;5709;AV OLIVEIRA PAIVA;AV DES GONZAGA;;;;Colisão;Luz do Dia;;;Cruz;Semáforo;Lazer;0;0;1;0;0;0;0;0;0;0;0;0;-38,499953;-3,797165
289669;15;6;2016;14:22;7622;RUA PERNAMBUCO;RUA STA CATARINA (BELA VISTA / PAN AMERICANO);;;;Colisão;Luz do Dia;;;Cruz;Pare;Residencial;0;0;2;0;0;0;0;0;0;0;0;0;-38,569067;-3,759605
289670;15;6;2016;14:43;7839;RUA OSVALDO CRUZ (ALDEOTA);RUA ASSIS CHATEAUBRIAND;;;;Colisão;Luz do Dia;;;Cruz;Não Há Controle;Rural;0;0;2;0;0;0;0;0;0;0;0;0;-38,503671;-3,745999
289652;15;6;2016;14:05;0;AV JOSE BASTOS;;;;;Colisão Traseira;Luz do Dia;Bom;Seca;Meio de Quadra;Não Há Controle;Comercial;0;1;5;1;0;0;0;0;0;0;0;0;;
289687;15;6;2016;16:41;1437;RUA SILVA PAULET;RUA JOAO CARVALHO;;;;Colisão;Luz do Dia;;;Cruz;Pare;Comercial;0;0;1;0;0;0;0;0;0;0;0;0;-38,506557;-3,737966
289688;15;6;2016;16:43;0;AV PRS COSTA E SILVA;;;;;Colisão;Luz do Dia;;;Meio de Quadra;;;0;0;2;0;0;0;0;0;0;0;0;0;;
289679;15;6;2016;15:20;0;RUA PRO HERIBALDO COSTA;;;500;;Colisão;Luz do Dia;;;Meio de Quadra;;;0;1;0;1;0;1;0;0;0;0;0;0;;
289680;15;6;2016;15:56;0;RUA ELDORADO;;;1336;;Colisão;Luz do Dia;;;Meio de Quadra;;;0;0;1;0;0;0;0;0;0;0;0;0;;
289677;15;6;2016;15:21;3375;RUA VIRIATO RIBEIRO;RUA CEL NUNES DE MELO;;;;Colisão Transversal;Luz do Dia;Bom;Seca;Cruz;Pare;Residencial;0;0;4;0;1;0;0;0;0;1;0;0;-38,557523;-3,754044
289673;15;6;2016;15:05;0;AV JOAO PESSOA;;;6740;;Colisão;Luz do Dia;;;Meio de Quadra;;;0;0;1;0;0;0;0;0;0;0;0;0;-38,560469;-3,768832
289664;15;6;2016;14:06;0;RUA CAIO PRADO;;;43;;Colisão;Luz do Dia;;;Meio de Quadra;;;0;0;1;0;0;0;0;0;0;0;0;0;-38,563529;-3,773081
289725;16;6;2016;04:50;24978;AV ALM HENRIQUE SABOIA;RUA ISRAEL BEZERRA;;;;Choque c/ Obstáculo Fixo;Via Iluminada;Bom;Molhada;T;Pare;Residencial;0;0;4;0;0;0;0;0;0;0;0;0;-38,494433;-3,75016
289726;16;6;2016;07:10;23433;RUA MON SALAZAR;RUA PRO CARVALHO;;;;Colisão;Luz do Dia;;;Cruz;Pare;Comercial;0;0;2;0;0;0;0;0;0;0;0;0;-38,514308;-3,756146
289730;16;6;2016;08:19;0;AV EDILSON B SOARES;RUA MARIA IVONE;;1909;;Colisão Traseira;Luz do Dia;Bom;Seca;Não Informado;Não Há Controle;Residencial;0;1;3;1;0;0;0;0;0;0;0;0;-38,468786;-3,788441
289731;16;6;2016;08:40;0;AV JOR THOMAZ COELHO;;;2227;;Colisão;Luz do Dia;;;Meio de Quadra;;;0;0;1;0;0;0;0;0;0;0;0;0;-38,515528;-3,828011
289733;16;6;2016;09:07;19656;AV BEZERRA DE MENEZES;RUA PRO JOSE DE BARCELOS;;;;Colisão;Luz do Dia;;;T;Semáforo;Comercial;0;0;2;0;0;0;0;0;0;0;0;0;-38,551066;-3,732898
289735;16;6;2016;12:25;0;RUA CAETANO SILVA (A. NUNES);;;62;;Choque c/ Obstáculo Fixo;Luz do Dia;;;Meio de Quadra;;;0;0;1;0;0;0;0;0;0;0;0;0;;
289738;16;6;2016;09:14;0;AV MON TABOSA;;;;;Colisão Traseira;Luz do Dia;Bom;Seca;Cruz;Pare;Comercial;0;3;2;1;0;0;0;0;0;0;0;0;;
289754;16;6;2016;10:33;0;AV NORTE;AV PINTO BANDEIRA D56;;;;Colisão Transversal;Luz do Dia;Bom;Seca;Cruz;Pare;Comercial;0;0;4;1;0;0;0;0;0;0;0;0;;
289746;16;6;2016;10:02;5082;RUA DR JOAO MOREIRA;RUA BAR RIO BRANCO;;;;Colisão;Luz do Dia;;;Cruz;Semáforo;Comercial;0;0;2;0;0;0;0;0;0;0;0;0;-38,527092;-3,722797
289776;16;6;2016;13:40;0;AV H CJ CEARA;AV L CJ CEARA;;1140;;Colisão Lateral;Luz do Dia;Bom;Seca;Outros;Semáforo;Residencial;0;0;3;1;0;0;0;0;0;1;0;0;-38,607917;-3,7755
289777;16;6;2016;14:10;8935;AV DOMINGOS OLIMPIO;RUA TEREZA CRISTINA;;;;Colisão Traseira;Luz do Dia;Bom;Seca;Cruz;Semáforo;Comercial;0;1;3;1;0;0;0;0;0;0;0;0;-38,538883;-3,734086
289768;16;6;2016;13:09;0;AV DOM MANUEL;;;399;;Colisão Lateral;Luz do Dia;Bom;Seca;Meio de Quadra;Não Há Controle;Comercial;0;0;4;0;1;0;0;0;0;0;0;0;-38,520887;-3,727661
289769;16;6;2016;13:12;0;AV PRO JOSE ARTHUR CARVALHO;;;;;Colisão;Luz do Dia;;;;;;0;0;1;0;0;0;0;0;0;0;0;0;;
289758;16;6;2016;10:59;0;AV ABOLICAO;;;4072;;Colisão Transversal;Luz do Dia;Bom;Seca;Meio de Quadra;Não Há Controle;Residencial;0;0;4;1;1;0;0;0;0;0;0;0;;
289759;16;6;2016;11:54;0;AV JOAO PESSOA;;;4460;;Colisão Traseira;Luz do Dia;Bom;Seca;Meio de Quadra;Não Há Controle;Comercial;0;0;5;1;0;0;0;0;0;0;0;0;-38,548945;-3,751846