COD_ACIDENTE;DIA;MES;ANO;HORA;INTERSECAO;LOG1;LOG2;LOG3;NUMERO;REFERENCIA;NATUREZA;ILUMINACAO;TEMPO;SUPERFICIEPISTA;TIPOCRUZAMENTO;CONTROLETRAFEGO;USOSOLO;MORTOS;FERIDOS;ILESOS;AUTOMOVEL;ONIBUS;BICICLETA;CAMINHAO;MICROONIBUS;CICLOMOTOR;MOTOCICLETA;TRACAOANIMAL;TREM;LONG;LAT
289760;16;6;2016;11:59;0;AV DR SILAS MUNGUBA;;;3950;;Colisão;Luz do Dia;;;Meio de Quadra;;;0;0;2;0;0;0;0;0;0;0;0;0;-38,538441;-3,791022
289816;16;6;2016;18:25;2328;AV FRANCISCO SA;AV CEL CARVALHO;;;;Colisão;Anoitecer;;;T;Pare;Comercial;0;0;2;0;0;0;0;0;0;0;0;0;-38,591542;-3,703499
289809;16;6;2016;17:12;4319;AV JOSE SABOIA;AV VICENTE DE CASTRO;;;;Colisão;Anoitecer;;;Cruz;Pare;Comercial;0;0;1;0;0;0;0;0;0;0;0;0;-38,4732;-3,713785
289810;16;6;2016;17:35;0;AV GOV RAUL BARBOSA;;;6600;;Choque c/ Obstáculo Fixo;Via Iluminada;Bom;Seca;Meio de Quadra;Não Há Controle;Lazer;0;1;2;1;0;0;0;0;0;0;0;0;-38,511745;-3,771974
289812;16;6;2016;18:12;24376;RUA JORGE ACURCIO;RUA DOMINGOS JAGUARIBE;;;;Colisão Lateral;Via Iluminada;Bom;Seca;Cruz;Pare;Residencial;0;4;2;1;0;0;0;0;0;0;0;0;-38,532384;-3,766857
289790;16;6;2016;15:48;0;AV GAL OSORIO DE PAIVA;;;5854;;Colisão;Luz do Dia;;;Meio de Quadra;;;0;2;0;1;0;0;0;0;0;1;0;0;-38,604883;-3,807618
289780;16;6;2016;14:23;1219;RUA JOAO CORDEIRO;RUA COSTA BARROS;;;;Colisão;Luz do Dia;;;Cruz;Semáforo;Residencial;0;0;1;0;0;0;0;0;0;0;0;0;-38,514331;-3,729449
289782;16;6;2016;14:38;0;AV JOR THOMAZ COELHO;;;184;;Colisão Traseira;Luz do Dia;Bom;Seca;Meio de Quadra;Não Há Controle;Comercial;0;1;2;1;0;0;0;0;0;1;0;0;;
289784;16;6;2016;14:39;0;AV PONTES VIEIRA;;;74;;Colisão;Luz do Dia;;;Meio de Quadra;;;0;0;2;0;0;0;0;0;0;1;0;0;-38,519879;-3,753471
289798;16;6;2016;15:54;0;RUA SOUSA CARVALHO;;;;;Outros;Luz do Dia;;;Meio de Quadra;;;0;0;1;0;0;0;0;0;0;0;0;0;;
289804;16;6;2016;15:55;0;RUA FREDERICO BORGES;;;;;Colisão;Luz do Dia;;;Meio de Quadra;;;0;0;2;0;0;0;0;0;0;0;0;0;;
289805;16;6;2016;16:05;0;RUA MIGUEL ARAGAO;;;635;;Colisão;Luz do Dia;;;Meio de Quadra;;;0;1;0;0;0;0;0;0;0;0;0;0;-38,586398;-3,834051
289806;16;6;2016;16:54;0;RUA BENI DE CARVALHO;;;455;;Colisão;Luz do Dia;;;Meio de Quadra;;;0;0;1;0;0;0;0;0;0;0;0;0;-38,496717;-3,745443
289850;16;6;2016;21:23;0;AV ABOLICAO;;;2021;;Colisão;;;;Meio de Quadra;;;0;0;2;0;0;0;1;0;0;0;0;0;;
289851;16;6;2016;21:27;0;AV GAL OSORIO DE PAIVA;;;1612;;Colisão;;;;Meio de Quadra;;;0;0;1;0;0;0;0;0;0;0;0;0;-38,576027;-3,781657
289852;16;6;2016;21:27;0;AV SIQUEIRA CAMPOS;;;1331;;Colisão;;;;Meio de Quadra;;;0;0;1;0;0;0;0;0;0;0;0;0;-38,627824;-3,813873
289843;16;6;2016;20:25;0;AV VIENA WEYNE;;;236;;Colisão;;;;Meio de Quadra;;;0;0;1;0;0;0;0;0;0;0;0;0;-38,491936;-3,800927
289845;16;6;2016;20:35;0;RUA CANINDE D48;;;826;;Colisão;;;;Meio de Quadra;;;0;0;1;0;0;0;0;0;0;0;0;0;-38,482139;-3,728203
289846;16;6;2016;21:07;5490;AV DOM MANUEL;AV VIS RIO BRANCO;;;;Colisão Lateral;Via Iluminada;Bom;Seca;Y;Gesto;Comercial;0;0;4;1;1;0;0;0;0;0;0;0;-38,523967;-3,736873
289847;16;6;2016;21:11;0;RUA MON HIPOLITO BRASIL;;;450;;Colisão;;;;Meio de Quadra;;;0;0;1;0;0;0;0;0;0;0;0;0;-38,578447;-3,759113
289841;16;6;2016;19:25;1605;RUA BENI DE CARVALHO;AV DES MOREIRA;;;;Colisão;;;;;;;0;1;1;1;0;0;0;0;0;0;0;0;-38,500877;-3,744098
289837;16;6;2016;19:21;15175;AV ABOLICAO;RUA NUNES VALENTE;;1810;;Colisão Transversal;Via Iluminada;Bom;Seca;Cruz;Semáforo;Comercial;0;0;4;1;0;0;0;0;0;0;0;0;-38,500384;-3,72575
289838;16;6;2016;19:22;19331;AV GAL OSORIO DE PAIVA;RUA PRO GOMES BRASIL;;;;Colisão;;;;Cruz;Semáforo;Comercial;0;1;1;0;1;1;0;0;0;0;0;0;-38,566451;-3,775618
289830;16;6;2016;18:56;0;AV JOSE BASTOS;;;3390;;Colisão Lateral;Via Iluminada;Bom;Seca;Meio de Quadra;Semáforo;Comercial;0;1;3;1;0;0;0;1;0;0;0;0;;
287736;16;6;2016;13:15;0;RD BR 020;;;0;KM 430;Choque c/ Obstáculo Fixo;Luz do Dia;Bom;Seca;Meio de Quadra;;;0;0;1;0;0;0;0;0;0;0;0;0;;
287134;16;6;2016;21:30;10955;RUA ALM RUBIM;RUA LIVINO DE CARVALHO;;;;Colisão Frontal;;;;T;Pare;Comercial;0;2;1;1;0;0;0;0;0;1;0;0;-38,55688;-3,771576
286536;16;6;2016;10:10;0;RD CE-040;;;;KM-06;Colisão;Luz do Dia;Bom;Seca;Meio de Quadra;;;0;0;2;1;0;0;0;0;0;0;0;0;-38,479535;-3,800596
286537;16;6;2016;18:30;0;RD CE-040;;;;KM-02;Engavetamento;Anoitecer;Bom;Seca;Meio de Quadra;;;0;0;4;1;0;0;0;0;0;1;0;0;-38,482583;-3,76465
293174;16;6;2016;08:30;0;LOGRADOURO SEM NOME;;;;;Colisão;Luz do Dia;;;Meio de Quadra;;;0;3;0;0;0;0;1;0;0;0;0;0;;
293237;16;6;2016;09:59;0;AV ANTONIO SALES;;;1740;;Colisão;Luz do Dia;;;Meio de Quadra;;;0;2;0;0;0;0;0;0;0;1;0;0;-38,509299;-3,743312
293310;16;6;2016;19:10;0;AV PRS COSTA E SILVA;;;;;Colisão;;;;Meio de Quadra;;;0;0;1;0;0;0;0;0;0;1;0;0;;
293299;16;6;2016;17:38;0;AV SEN FERNANDES TAVORA;;;992;;Colisão;Anoitecer;;;Meio de Quadra;;;0;1;0;1;0;0;0;0;0;0;0;0;-38,58203;-3,762258
293277;16;6;2016;15:32;0;AV AUGUSTO DOS ANJOS;;;2088;;Colisão;Luz do Dia;;;Meio de Quadra;;;0;1;0;0;0;0;0;0;0;1;0;0;-38,582447;-3,783955
293296;16;6;2016;17:37;0;AV SEN FERNANDES TAVORA;;;965;;Colisão;Anoitecer;;;Meio de Quadra;;;0;1;0;1;0;0;0;0;0;0;0;0;-38,581769;-3,762401
293288;16;6;2016;16:47;0;RUA BENI DE CARVALHO;;;455;;Atropelamento;Luz do Dia;;;Meio de Quadra;;;0;1;1;1;0;0;0;0;0;0;0;0;-38,496717;-3,745443
293284;16;6;2016;16:21;0;LOGRADOURO SEM NOME;;;;;Colisão;Luz do Dia;;;Meio de Quadra;;;0;2;0;1;0;0;0;0;0;1;0;0;;
293250;16;6;2016;13:09;0;RUA ARQUIMEDES MEMORIA;;;979;;Colisão;Luz do Dia;;;Meio de Quadra;;;0;1;1;1;0;0;0;0;0;1;0;0;;
293266;16;6;2016;15:16;1656;RUA BENI DE CARVALHO;RUA PRO DIAS DA ROCHA;;;;Colisão;Luz do Dia;;;Cruz;Pare;Comercial;0;2;0;1;0;0;0;0;0;1;0;0;-38,495024;-3,745994
293272;16;6;2016;15:29;0;AV AUGUSTO DOS ANJOS;;;2090;;Colisão;Luz do Dia;;;Meio de Quadra;;;0;1;1;1;0;0;0;0;0;1;0;0;-38,582515;-3,784033
293263;16;6;2016;14:45;0;AV PRS COSTA E SILVA;;;5556;;Queda;Luz do Dia;;;Meio de Quadra;;;0;1;0;0;0;0;0;0;0;1;0;0;;
293259;16;6;2016;13:59;2605;RUA ARQUIMEDES MEMORIA;AV HILDEBRANDO DE MELO;;;;Colisão;Luz do Dia;;;Cruz;;Comercial;0;2;0;1;0;0;0;0;0;1;0;0;-38,588124;-3,71316
293260;16;6;2016;14:42;5322;AV IMPERADOR;AV DUQ CAXIAS;;;;Colisão Frontal;Luz do Dia;;;Cruz;Semáforo;Comercial;0;1;0;1;0;0;0;0;0;0;0;0;-38,535297;-3,730048
293255;16;6;2016;13:16;5436;RUA JAIME BENEVOLO;RUA GAL CLARINDO DE QUEIROZ;;;;Colisão Transversal;Luz do Dia;;;Cruz;Pare;Comercial;0;2;0;1;0;0;0;0;0;1;0;0;-38,526017;-3,73406
293256;16;6;2016;13:21;5366;AV DUQ CAXIAS;RUA SEN POMPEU;;;;Colisão;Luz do Dia;;;Cruz;Semáforo;Comercial;0;2;0;1;0;0;0;0;0;1;0;0;-38,530994;-3,73143
293257;16;6;2016;13:30;0;AV HEROIS DO ACRE;;;7;;Colisão;Luz do Dia;;;Meio de Quadra;;;0;2;0;1;0;0;0;0;0;0;0;0;;
293245;16;6;2016;11:53;0;AV SEN FERNANDES TAVORA;;;;;Colisão;Luz do Dia;;;Meio de Quadra;;;0;1;1;1;0;0;0;0;0;1;0;0;;
293246;16;6;2016;12:57;0;AV PRO JOSE ARTHUR CARVALHO;;;1535;;Colisão;Luz do Dia;;;Meio de Quadra;;;0;1;1;1;0;0;0;0;0;1;0;0;-38,465732;-3,826525
293243;16;6;2016;10:35;0;RUA BERNARDO MANUEL;;;9400;;Queda;Luz do Dia;;;Meio de Quadra;;;0;1;0;0;0;0;0;0;0;1;0;0;-38,552612;-3,802637
293239;16;6;2016;10:15;0;AV DR SILAS MUNGUBA;;;3661;;Colisão;Luz do Dia;;;Meio de Quadra;;;0;0;1;0;0;0;0;0;0;1;0;0;-38,541045;-3,79013
293240;16;6;2016;10:29;7779;RUA DOM EXPEDITO LOPES;RUA VIS MAUA;;;;Colisão;Luz do Dia;;;Cruz;Pare;Comercial;0;0;2;1;0;0;0;0;0;0;0;0;-38,502182;-3,744731
293356;16;6;2016;22:53;0;RUA ALM RUBIM;;;105;;Colisão;;;;Meio de Quadra;;;0;2;0;1;0;0;0;0;0;1;0;0;;
293351;16;6;2016;21:29;0;AV SIQUEIRA CAMPOS;;;1360;;Colisão;;;;Meio de Quadra;;;0;1;1;1;0;0;0;0;0;1;0;0;-38,628192;-3,813597
293348;16;6;2016;21:15;0;AV BEZERRA DE MENEZES;;;1070;;Colisão;;;;Meio de Quadra;;;0;0;2;1;0;0;0;0;0;1;0;0;-38,554213;-3,733546
293346;16;6;2016;21:15;0;RUA DOM HENRIQUE;;;105;;Colisão;;;;Meio de Quadra;;;0;0;2;0;0;0;0;0;0;1;0;0;;
293333;16;6;2016;21:15;0;AV BEZERRA DE MENEZES;;;;;Colisão;;;;Meio de Quadra;;;0;1;1;1;0;0;0;0;0;1;0;0;;
293319;16;6;2016;19:16;19306;AV GAL OSORIO DE PAIVA;RUA EDUARDO PERDIGAO;;;;Atropelamento;;;;Cruz;Semáforo;Comercial;0;2;1;0;1;0;0;0;0;0;0;0;-38,565454;-3,774747
293330;16;6;2016;20:31;0;RUA BAR CANINDE;;;830;;Colisão;;;;Meio de Quadra;;;0;1;1;1;0;0;0;0;0;1;0;0;-38,554111;-3,76424
293325;16;6;2016;19:24;1605;AV DES MOREIRA;RUA PDE VALDEVINO;;;;Colisão Transversal;;;;;;;0;1;1;1;0;0;0;0;0;1;0;0;-38,500877;-3,744098
293150;16;6;2016;07:53;9191;RUA MARIO MAMEDE;RUA MARTINHO RODRIGUES;;;;Colisão;Luz do Dia;;;Cruz;Pare;Residencial;0;1;1;1;0;0;0;0;0;1;0;0;-38,526088;-3,753845
293165;16;6;2016;08:32;0;AV JOR THOMAZ COELHO;;;;;Colisão;Luz do Dia;;;Meio de Quadra;;;0;1;1;1;0;0;0;0;0;1;0;0;;
293161;16;6;2016;07:54;0;RUA DEP MARTINS RODRIGUES;;;560;;Queda;Luz do Dia;;;Meio de Quadra;;;0;1;0;0;0;0;0;0;0;1;0;0;;
293134;16;6;2016;07:41;0;AV CARNEIRO DE MENDONCA;;;456;;Colisão;Luz do Dia;;;Meio de Quadra;;;0;2;0;0;0;0;0;0;0;1;0;0;-38,563075;-3,765863
293110;16;6;2016;07:27;5202;RUA PEREIRA FILGUEIRAS;RUA RODRIGUES JUNIOR;;;;Colisão;Luz do Dia;;;Cruz;Pare;Comercial;0;2;0;1;0;0;0;0;0;1;0;0;-38,519213;-3,726304
293112;16;6;2016;07:37;0;RUA PDE PEDRO DE ALENCAR;;;465;IGREJA DA MESSEJANA;Colisão;Luz do Dia;;;Meio de Quadra;;;0;1;0;0;0;0;0;0;0;1;0;0;-38,493955;-3,831588
293103;16;6;2016;07:15;0;RUA CON LIMA SUCUPIRA;;;2369;;Colisão;Luz do Dia;;;Meio de Quadra;;;0;2;0;1;0;0;0;0;0;1;0;0;-38,556686;-3,776368
293104;16;6;2016;07:18;0;AV I CJ JOSE WALTER;;;1219;;Colisão;Luz do Dia;;;Meio de Quadra;;;0;1;0;1;0;0;0;0;0;1;0;0;-38,553853;-3,835476
293100;16;6;2016;07:03;0;AV DES MOREIRA;;;2355;;Atropelamento;Luz do Dia;Bom;Seca;Meio de Quadra;Não Há Controle;Comercial;0;3;0;0;0;0;0;0;0;1;0;0;-38,501434;-3,745823
293101;16;6;2016;07:11;0;AV F CJ JOSE WALTER;;;;;Colisão;Luz do Dia;;;Meio de Quadra;;;0;2;0;1;0;0;0;0;0;1;0;0;;
293098;16;6;2016;06:48;1661;RUA JOAQUIM NABUCO;RUA VICENTE LINHARES;;;;Colisão Transversal;Luz do Dia;Bom;Seca;Cruz;Semáforo;Residencial;0;2;2;1;0;0;0;0;0;1;0;0;-38,50318;-3,741195
293085;16;6;2016;02:41;0;AV PRS COSTA E SILVA;;;;;Colisão;;;;Meio de Quadra;;;0;1;0;1;0;0;0;0;0;1;0;0;;
290340;16;6;2016;13:00;5180;RUA DOM JOAQUIM;RUA TEN BENEVOLO;;;;Colisão Lateral;Luz do Dia;Bom;Seca;Cruz;Pare;Comercial;0;0;2;1;0;0;0;0;0;1;0;0;-38,51667;-3,725524
290344;16;6;2016;13:40;0;AV BEZERRA DE MENEZES;;;113;;Colisão Lateral;Luz do Dia;Bom;Seca;Meio de Quadra;Não Há Controle;Comercial;0;0;2;1;0;0;0;0;0;0;0;0;-38,545728;-3,731776
301028;16;6;2016;13:58;9176;AV EDUARDO GIRAO;AV AGUANAMBI;;0;;Colisão Lateral;Luz do Dia;Bom;Seca;Rotatória;Dê Preferência;Comercial;0;1;1;1;0;0;0;0;0;1;0;0;-38,523564;-3,756564
301029;16;6;2016;14:49;0;AV 13 DE MAIO;;;74;;Colisão Traseira;Luz do Dia;Bom;Seca;Meio de Quadra;Não Há Controle;Comercial;0;1;1;1;0;0;0;0;0;1;0;0;-38,521095;-3,753604
301026;16;6;2016;09:49;0;AV BEZERRA DE MENEZES;;;576;;Colisão Transversal;Luz do Dia;Bom;Seca;Meio de Quadra;Não Há Controle;Comercial;0;0;2;0;0;0;0;0;0;0;0;0;-38,550065;-3,732688
300110;16;6;2016;18:45;15360;AV DES MOREIRA;AV DOM LUIS;;;;Colisão Lateral;;;;Rotatória;Não Há Controle;Comercial;0;0;2;1;0;0;0;0;0;0;0;0;-38,497383;-3,733239
285653;16;6;2016;00:00;0;RUA CAP NOGUEIRA;;;;;Colisão Traseira;Luz do Dia;Bom;Seca;Meio de Quadra;Não Há Controle;Comercial;0;0;1;1;0;0;0;0;0;0;0;0;;
285655;16;6;2016;21:30;0;AV ENG SANTANA JUNIOR;;;636;;Colisão Traseira;Luz do Dia;Bom;Seca;Meio de Quadra;Não Há Controle;Comercial;0;0;2;1;0;0;0;0;0;0;0;0;-38,480975;-3,733905
285656;16;6;2016;15:53;25124;AV AUGUSTO DOS ANJOS;RUA OLIVEIRA SOBRINHO;;;;Colisão Lateral;Luz do Dia;Bom;Seca;Outros;Pare;Comercial;0;1;1;1;0;0;0;0;0;1;0;0;;
285657;16;6;2016;09:50;0;RUA BAR SOBRAL;;;;;;Luz do Dia;Bom;Seca;Cruz;Semáforo;Comercial;0;0;2;0;0;0;0;0;0;0;0;0;;
285658;16;6;2016;16:00;5322;AV IMPERADOR;AV DUQ CAXIAS;;;;Colisão;Luz do Dia;Bom;Seca;Cruz;Semáforo;Comercial;0;0;2;0;1;0;0;0;0;1;0;0;-38,535297;-3,730048
285659;16;6;2016;22:50;0;AV GAL OSORIO DE PAIVA;;;5852;;Colisão Traseira;Via Iluminada;Bom;Seca;Meio de Quadra;Semáforo;Residencial;0;1;1;0;0;0;0;0;0;1;0;0;-38,60486;-3,807594
285660;16;6;2016;10:30;6760;RUA GAL TERTULIANO POTYGUARA;AV ENG SANTANA JUNIOR;;;;Colisão Lateral;;Bom;Seca;T;Pare;Comercial;0;0;2;1;0;0;0;0;0;0;0;0;-38,489463;-3,746669
285661;16;6;2016;16:00;15374;AV DOM LUIS;RUA FREDERICO BORGES;;;;Colisão Lateral;Luz do Dia;Bom;Seca;Cruz;Semáforo;Comercial;0;0;2;0;1;0;0;0;0;0;0;0;-38,489136;-3,73589
285662;16;6;2016;18:30;0;AV LUCIANO CARNEIRO;;;1333;;Colisão Frontal;Via Iluminada;Bom;Seca;Meio de Quadra;Semáforo;Misto;0;0;2;1;0;0;0;0;0;1;0;0;-38,535052;-3,759593
285663;16;6;2016;13:08;5436;RUA GAL CLARINDO DE QUEIROZ;RUA JAIME BENEVOLO;;;;Colisão Transversal;Luz do Dia;Bom;Seca;Cruz;Pare;Comercial;0;1;1;1;0;0;0;0;0;0;0;0;-38,526017;-3,73406
285665;16;6;2016;19:00;23748;RUA CON DE CASTRO;RUA LEAO DO NORTE;;;;Colisão Traseira;Via Iluminada;Bom;Seca;T;Pare;Comercial;0;0;2;1;0;0;0;0;0;1;0;0;-38,574385;-3,786042
285666;16;6;2016;21:50;9655;RUA OSCAR ARARIPE;RUA MANOEL B DOS SANTOS;;;;Colisão Traseira;Via Iluminada;Bom;Seca;Meio de Quadra;Pare;Residencial;0;0;2;1;0;0;0;0;0;1;0;0;-38,611512;-3,787274
285667;16;6;2016;16:30;14422;AV SGT HERMINIO SAMPAIO;RUA MOZART PINTO;;;;Colisão Frontal;;;;;;;0;0;2;1;0;0;0;0;0;1;0;0;-38,551753;-3,724783
285668;16;6;2016;22:15;0;AV BEZERRA DE MENEZES;;;1034;;Colisão Transversal;Via Iluminada;Bom;Seca;Meio de Quadra;Não Há Controle;Comercial;0;0;2;1;0;0;0;0;0;1;0;0;-38,553988;-3,7335
285669;16;6;2016;07:00;0;RUA VALMIR PONTES;;;;;Colisão Transversal;Luz do Dia;Bom;Seca;T;Pare;Escola;0;0;2;1;0;0;1;0;0;0;0;0;-38,48034;-3,771279
285670;16;6;2016;18:45;0;AV GAL OSORIO DE PAIVA;;;1033;;Colisão Lateral;Via Iluminada;Bom;Seca;Meio de Quadra;Não Há Controle;Misto;0;1;2;1;0;0;0;0;0;1;0;0;-38,571443;-3,778745
285644;17;6;2016;17:25;18108;AV DIOGUINHO;AV SANTOS DUMONT;;;;Engavetamento;Via Iluminada;Bom;Seca;T;Semáforo;Comercial;0;0;3;1;0;0;0;0;0;0;0;0;-38,450425;-3,747029
285641;17;6;2016;15:20;15144;AV MON TABOSA;AV RUI BARBOSA;;;;Colisão Lateral;Luz do Dia;Bom;Seca;Cruz;Semáforo;Residencial;0;0;2;1;0;0;0;0;0;0;0;0;-38,505696;-3,724441
285686;17;6;2016;12:52;10766;AV SEN FERNANDES TAVORA;RUA NOEL ROSA;;;;Colisão Lateral;Luz do Dia;Bom;Seca;T;Não Há Controle;Comercial;0;1;1;1;0;0;0;0;0;1;0;0;-38,582924;-3,761784
285689;17;6;2016;17:20;0;AV DOS EXPEDICIONARIOS;;;4628;;Choque c/ Obstáculo Fixo;Luz do Dia;Bom;Seca;Meio de Quadra;;Comercial;0;1;1;1;0;0;0;0;0;0;0;0;-38,539351;-3,75889
285709;17;6;2016;14:15;5258;RUA PEDRO I;RUA PDE MORORO;;;;Colisão Lateral;Luz do Dia;Bom;Seca;Cruz;Pare;Comercial;0;0;2;1;0;0;0;0;0;0;0;0;-38,53829;-3,728123
285715;17;6;2016;13:50;0;RUA ALBERTO MAGNO;;;725;;Colisão Traseira;Luz do Dia;;Seca;Meio de Quadra;Não Há Controle;Comercial;0;0;2;1;0;0;0;0;0;0;0;0;-38,547436;-3,761957
285707;17;6;2016;16:30;0;AV DUQ CAXIAS;;;137;;Colisão Traseira;Luz do Dia;Bom;Seca;Meio de Quadra;Semáforo;Comercial;0;0;2;0;0;0;0;0;0;1;0;0;-38,525796;-3,733104
285711;17;6;2016;16:40;15185;AV BEIRA MAR;AV DES MOREIRA;;;;Colisão Lateral;Luz do Dia;Bom;Seca;T;Pare;Residencial;0;0;2;1;0;0;0;0;0;0;0;0;-38,4951;-3,726073
285756;17;6;2016;09:30;0;AV ENG SANTANA JUNIOR;;;;;Colisão Traseira;Luz do Dia;Bom;Seca;Meio de Quadra;Não Há Controle;Comercial;0;0;2;1;0;0;0;0;0;0;0;0;;
285745;17;6;2016;07:50;0;AV 13 DE MAIO;;;;;Engavetamento;Luz do Dia;Bom;Seca;Meio de Quadra;Semáforo;Comercial;0;0;3;1;0;0;0;0;0;0;0;0;;
285738;17;6;2016;10:26;0;RUA PDE VALDEVINO;;;1185;;Colisão Traseira;Luz do Dia;Bom;Seca;Meio de Quadra;;Comercial;0;0;3;1;0;0;1;0;0;0;0;0;-38,513826;-3,740084
285727;17;6;2016;16:45;6760;AV ENG SANTANA JUNIOR;RUA GAL TERTULIANO POTYGUARA;;;;Colisão Traseira;Luz do Dia;Bom;Seca;;Semáforo Intermitente;Comercial;0;0;3;1;0;0;0;0;0;0;0;0;-38,489463;-3,746669
285725;17;6;2016;18:30;0;RUA ANTONIO BANDEIRA D41;;;82;;Colisão Lateral;Mal Iluminada;Bom;Seca;Meio de Quadra;Não Há Controle;Comercial;0;1;1;1;0;0;0;0;0;1;0;0;-38,565131;-3,7835
285723;17;6;2016;09:00;7623;RUA PERNAMBUCO;RUA RIO GRANDE DO SUL;;;;Colisão Transversal;Luz do Dia;Bom;Seca;Cruz;Pare;;0;0;2;1;0;0;0;0;0;0;0;0;-38,568467;-3,760011
285796;17;6;2016;08:00;9175;AV AGUANAMBI;RUA BARTOLOMEU DE GUSMAO;;;;Colisão Traseira;Luz do Dia;Bom;Seca;T;Não Há Controle;Comercial;0;0;3;1;1;0;0;0;0;0;0;0;-38,523534;-3,757128
285764;17;6;2016;08:20;0;RUA CAP CLOVIS MAIA;;;2332;;Choque c/ Obstáculo Fixo;Luz do Dia;Bom;Seca;Meio de Quadra;Outros;Comercial;0;0;1;1;0;0;0;0;0;0;0;0;;
285817;17;6;2016;20:00;19377;RUA EDUARDO PERDIGAO;RUA GERMANO FRANCK;;;;Colisão Lateral;Via Iluminada;Bom;Seca;Outros;Semáforo;Comercial;0;0;2;1;0;0;0;1;0;0;0;0;-38,562542;-3,777704
285823;17;6;2016;13:50;0;AV DR SILAS MUNGUBA;;;5822;;Colisão Traseira;Luz do Dia;Bom;Seca;Meio de Quadra;Outros;Comercial;0;1;1;0;0;0;0;0;0;1;0;0;-38,527837;-3,803889
285789;17;6;2016;20:10;0;AV CEL CARVALHO;;;;;Colisão Traseira;Via Iluminada;Bom;Seca;Meio de Quadra;Não Há Controle;Comercial;0;0;2;1;0;0;0;0;0;1;0;0;;
285835;17;6;2016;08:30;15370;AV DOM LUIS;AV SEN VIRGILIO TAVORA;;;;Colisão Traseira;Luz do Dia;Bom;Seca;Cruz;Semáforo;Comercial;0;0;2;1;0;0;0;0;0;0;0;0;-38,492507;-3,734829
301030;17;6;2016;07:48;0;AV MOZART PINHEIRO DE LUCENA;RUA 28 CJ POLAR;;0;;Colisão Lateral;Luz do Dia;Bom;Seca;Duplo T;Pare;Comercial;0;2;0;1;0;0;0;0;0;1;0;0;;
301031;17;6;2016;16:29;0;AV SORIANO ALBUQUERQUE;;;155;;Colisão Traseira;Luz do Dia;Bom;Seca;Meio de Quadra;Não Há Controle;Comercial;0;0;2;1;0;0;0;0;0;0;0;0;;
301032;17;6;2016;17:29;0;RUA PERNAMBUCO D65;;;2671;;Choque c/ Obstáculo Fixo;Luz do Dia;Bom;Seca;Meio de Quadra;Pare;Residencial;0;0;1;1;0;0;0;0;0;0;0;0;;
293359;17;6;2016;00:38;0;RUA BERNARDO MANUEL;;;;;Queda;;;;Meio de Quadra;;;0;1;0;0;0;0;0;0;0;1;0;0;;
293393;17;6;2016;12:01;0;AV CEL CARVALHO;;;498;;Colisão;Luz do Dia;;;Meio de Quadra;;;0;2;0;1;0;0;0;0;0;1;0;0;;
293382;17;6;2016;11:23;748;RUA FRANCISCO CALACA;AV FRANCISCO SA;;;;Colisão;Luz do Dia;;;Y;Pare;Comercial;0;2;0;1;0;0;0;0;0;1;0;0;-38,572275;-3,71231
293385;17;6;2016;11:45;0;RUA GERMANO FRANCK;;;892;;Colisão;Luz do Dia;;;Meio de Quadra;;;0;2;0;1;0;0;0;0;0;1;0;0;-38,564109;-3,779008
293362;17;6;2016;02:11;0;AV DOM LUIS;;;383;;Colisão;;;;Meio de Quadra;;;0;2;0;1;0;0;0;0;0;1;0;0;;
293364;17;6;2016;07:05;0;AV CARAPINIMA;;;;;Colisão;Luz do Dia;;;Meio de Quadra;;;0;0;2;1;0;0;0;0;0;1;0;0;;
293365;17;6;2016;07:43;0;RUA CEL FABRICIANO;;;3674;;Colisão;Luz do Dia;;;Meio de Quadra;;;0;1;1;1;0;0;0;0;0;1;0;0;-38,621058;-3,779151
293367;17;6;2016;08:24;0;AV 20 DE JANEIRO;;;;;Colisão;Luz do Dia;;;Meio de Quadra;;;0;1;1;1;0;0;0;0;0;1;0;0;;
293372;17;6;2016;10:10;13261;AV JOAO DE ARAUJO LIMA;AV G CJ JOSE WALTER;;;;Colisão;Luz do Dia;;;Cruz;Gesto;Comercial;0;0;1;0;0;0;0;0;0;1;0;0;-38,561487;-3,837034
293475;17;6;2016;23:32;0;RUA DIANA;;;19;;Colisão;;;;Meio de Quadra;;;0;1;0;0;0;1;0;0;0;0;0;0;-38,555791;-3,777467
293470;17;6;2016;21:45;5395;RUA TEREZA CRISTINA;RUA ANTONIO POMPEU;;;;Colisão;;;;Cruz;Pare;Residencial;0;2;0;1;0;0;0;0;0;1;0;0;-38,538356;-3,73234
293471;17;6;2016;22:26;0;RUA PDE PERDIGAO SAMPAIO;;;251;;Colisão;;;;Meio de Quadra;;;0;2;0;1;0;0;0;0;0;1;0;0;-38,594922;-3,738051
293460;17;6;2016;19:23;0;AV CEL CARVALHO;;;;;Colisão;;;;Meio de Quadra;;;0;1;0;0;0;0;0;0;0;1;0;0;;
293461;17;6;2016;19:32;12514;AV LINEU MACHADO;RUA JULIO BRAGA;;;;Atropelamento;;;;Outros;Semáforo;Residencial;0;2;0;0;0;0;0;0;0;1;0;0;-38,58179;-3,775335
293457;17;6;2016;19:20;0;AV ALBERTO CRAVEIRO;;;2511;;Colisão;;;;Meio de Quadra;;;0;2;0;1;0;0;0;0;0;1;0;0;-38,520796;-3,802281