COD_ACIDENTE;DIA;MES;ANO;HORA;INTERSECAO;LOG1;LOG2;LOG3;NUMERO;REFERENCIA;NATUREZA;ILUMINACAO;TEMPO;SUPERFICIEPISTA;TIPOCRUZAMENTO;CONTROLETRAFEGO;USOSOLO;MORTOS;FERIDOS;ILESOS;AUTOMOVEL;ONIBUS;BICICLETA;CAMINHAO;MICROONIBUS;CICLOMOTOR;MOTOCICLETA;TRACAOANIMAL;TREM;LONG;LAT
293448;17;6;2016;18:48;0;RUA BAR SOBRAL;;;;;Colisão;;;;Meio de Quadra;;;0;2;0;1;0;0;0;0;0;1;0;0;;
293423;17;6;2016;15:03;0;RD BR 116;;;14000;KM-14;Atropelamento;Luz do Dia;;;Meio de Quadra;;;0;1;1;1;0;0;0;0;0;0;0;0;-38,499242;-3,873523
293424;17;6;2016;16:59;0;RUA BETEL;;;;;Colisão;Luz do Dia;;;Meio de Quadra;;;0;1;1;1;0;0;0;0;0;1;0;0;;
293425;17;6;2016;17:50;0;RUA ANTONIO FORTES;;;;;Colisão;Anoitecer;;;Meio de Quadra;;;0;1;1;1;0;0;0;0;0;1;0;0;;
293426;17;6;2016;17:59;0;RUA DAMASCENO GIRAO;;;1850;;Colisão;Anoitecer;;;Meio de Quadra;;;0;1;1;1;0;0;0;0;0;1;0;0;-38,539916;-3,752035
293427;17;6;2016;18:11;0;LOGRADOURO SEM NOME;;;;;Colisão;Anoitecer;;;Meio de Quadra;;;0;1;1;1;0;0;0;0;0;1;0;0;;
293421;17;6;2016;14:42;0;AV JOR THOMAZ COELHO;;;575;;Colisão;Luz do Dia;;;Meio de Quadra;;;0;2;0;1;0;0;0;0;0;1;0;0;-38,500136;-3,832385
293416;17;6;2016;13:59;0;RUA PERNAMBUCO;;;1823;;Colisão;Luz do Dia;;;Meio de Quadra;;;0;2;0;1;0;0;0;0;0;1;0;0;-38,573837;-3,755957
293417;17;6;2016;14:22;0;AV PERIMETRAL;;;267;;Queda;Luz do Dia;;;Meio de Quadra;;;0;1;0;0;0;0;0;0;0;1;0;0;;
293413;17;6;2016;13:08;5361;RUA FLORIANO PEIXOTO;RUA PEDRO I;;;;Atropelamento;Luz do Dia;;;Cruz;Pare;Comercial;0;1;1;1;0;0;0;0;0;0;0;0;-38,528436;-3,731284
293410;17;6;2016;12:50;5357;RUA PEDRO I;RUA MAJ FACUNDO;;;;Atropelamento;Luz do Dia;;;Cruz;Pare;Comercial;0;1;1;0;0;0;0;0;0;1;0;0;-38,52899;-3,731113
293400;17;6;2016;12:07;0;AV GODOFREDO MACIEL;;;905;;Colisão;Luz do Dia;;;Meio de Quadra;;;0;2;0;1;0;0;0;0;0;1;0;0;-38,566111;-3,784184
293176;17;6;2016;10:00;0;AV WASHINGTON LUIS;;;2121;;Colisão;Luz do Dia;;;Meio de Quadra;;;0;0;3;0;1;0;0;0;0;0;0;0;;
293179;17;6;2016;15:45;0;TERM TERMINAL DA PARANGABA;;;;;Colisão;Luz do Dia;;;Meio de Quadra;;;0;0;2;0;1;0;0;0;0;0;0;0;;
293180;17;6;2016;14:50;0;AV JOR THOMAZ COELHO;;;563;;Colisão;Luz do Dia;;;Meio de Quadra;;;0;0;3;1;0;0;0;0;0;0;0;0;-38,499638;-3,8324
293465;17;6;2016;19:42;0;AV CEL CARVALHO;;;;;Atropelamento;;;;Meio de Quadra;;;0;1;1;0;0;0;0;0;0;0;0;1;;
286603;17;6;2016;13:10;0;RD CE-040;;;;KM-07;Colisão;Luz do Dia;Bom;Seca;Meio de Quadra;;;0;0;2;1;0;0;0;0;0;0;0;0;-38,478733;-3,809597
286597;17;6;2016;07:30;0;AV MIN JOSE AMERICO;;;;;Colisão;Luz do Dia;Bom;Seca;Meio de Quadra;;;0;0;2;1;0;0;0;0;0;0;0;0;;
286594;17;6;2016;08:40;0;AV MIN JOSE AMERICO;;;;;Colisão;Luz do Dia;Bom;Seca;Meio de Quadra;;;0;0;2;1;0;0;0;0;0;1;0;0;;
286590;17;6;2016;06:10;0;AV SEN CARLOS JEREISSATI (AEROPORTO);;;;KM 03;Colisão;Luz do Dia;Bom;Seca;Meio de Quadra;;;0;0;2;1;0;0;0;0;0;1;0;0;-38,544038;-3,779641
286636;17;6;2016;17:09;0;RD CE-040;;;;KM-09;Colisão;Anoitecer;Bom;Seca;Meio de Quadra;;;0;0;2;1;0;0;0;0;0;0;0;0;-38,481538;-3,825516
286638;17;6;2016;18:45;0;RD CE-040;;;;KM-05;Colisão;;Bom;Seca;Meio de Quadra;;;0;0;2;1;0;0;0;0;0;0;0;0;-38,480331;-3,791613
287148;17;6;2016;10:53;10596;RUA ATILANO MOURA;RUA FRANCISCO F FILHO;;;;Acidente Pessoal;Luz do Dia;;;T;Pare;Comercial;0;0;2;1;0;0;0;0;0;0;0;0;-38,488752;-3,762899
287088;17;6;2016;08:10;0;RD BR 116;;;0;KM-01;Colisão;Luz do Dia;Bom;Seca;Meio de Quadra;;;0;1;3;0;0;0;0;0;0;1;0;0;-38,51861693;-3,7628504
287494;17;6;2016;15:00;0;RD BR 116;;;0;KM-14;Atropelamento;Luz do Dia;Bom;Seca;Meio de Quadra;;;0;1;1;0;0;0;0;0;0;0;0;0;-38,49954149;-3,874582847
289854;17;6;2016;06:08;8936;AV DOMINGOS OLIMPIO;RUA PRC ISABEL;;;;Colisão Lateral;Luz do Dia;Bom;Seca;Cruz;Semáforo;Comercial;0;1;2;1;0;0;0;0;0;0;0;0;-38,53779;-3,734438
289855;17;6;2016;06:27;2837;RUA MARIA JULIA;RUA BOM JESUS (GRANJA LISBOA);;;;Colisão;Luz do Dia;;;Cruz;Pare;Residencial;0;0;2;0;0;0;0;0;0;1;0;0;-38,600603;-3,79464
289856;17;6;2016;07:13;0;RUA PDE VALDEVINO;;;;;Colisão;Luz do Dia;;;Meio de Quadra;;;0;0;1;0;0;0;0;0;0;1;0;0;;
289857;17;6;2016;07:50;13602;AV ROGACIANO LEITE;AV GAL MURILO BORGES;;;;Colisão;Luz do Dia;;;;;;0;0;2;1;0;0;0;0;0;0;0;0;-38,496968;-3,767788
289858;17;6;2016;07:51;0;AV DR THEBERGE;;;1378;;Colisão Traseira;Luz do Dia;Bom;Seca;Meio de Quadra;Semáforo;Comercial;0;0;4;1;0;0;0;0;0;0;0;0;-38,56493;-3,714569
289859;17;6;2016;08:17;0;AV JOAO PESSOA;;;6936;;Colisão;Luz do Dia;;;Meio de Quadra;;;0;0;2;1;0;0;0;0;0;0;0;0;-38,561064;-3,77028
289860;17;6;2016;08:54;0;AV DOS EXPEDICIONARIOS;;;3489;;Colisão Traseira;Luz do Dia;Bom;Seca;Meio de Quadra;Não Há Controle;Comercial;0;1;4;1;0;0;0;0;0;0;0;0;-38,536827;-3,750633
289861;17;6;2016;09:10;0;RUA RUBIA SAMPAIO;;;1442;;Colisão;Luz do Dia;;;Meio de Quadra;;;0;0;1;0;0;0;0;0;0;0;0;0;;
289862;17;6;2016;09:52;10112;RUA RAIMUNDO PINHEIRO;RUA NEREIDE;;;;Colisão Transversal;Luz do Dia;Bom;Seca;Cruz;Pare;Residencial;0;3;3;0;0;0;0;0;0;0;0;0;-38,596824;-3,788179
289878;17;6;2016;12:13;1321;RUA VICENTE LEITE;RUA MARCOS MACEDO;;;;Colisão;Luz do Dia;;;Cruz;Pare;Comercial;0;0;1;0;0;0;0;0;0;0;0;0;-38,494787;-3,735201
289904;17;6;2016;14:42;0;RUA 101 CJ SAO CRISTOVAO;;;;;Colisão;Luz do Dia;;;Meio de Quadra;Pare;Comercial;0;0;1;0;0;0;0;0;0;0;0;0;;
289901;17;6;2016;14:40;8768;RUA PRO SOLON FARIAS;RUA CRISANTO M DA ROCHA;;;;Colisão;Luz do Dia;;;Cruz;Não Há Controle;Residencial;0;0;1;0;0;0;0;0;0;0;0;0;-38,476878;-3,792049
289899;17;6;2016;14:25;0;AV JOR THOMAZ COELHO;;;184;;Colisão;Luz do Dia;;;Meio de Quadra;;;0;0;2;0;0;0;0;0;0;0;0;0;;
289894;17;6;2016;13:36;0;AV EDILSON B SOARES;;;;;Colisão Frontal;Luz do Dia;;;Meio de Quadra;;;0;0;1;0;0;0;0;0;0;0;0;0;;
289895;17;6;2016;16:12;0;RUA PDE ASCENCO GAGO;;;810;;Colisão;Luz do Dia;;;Meio de Quadra;;;0;0;1;0;0;0;0;0;0;0;0;0;-38,542736;-3,781639
289896;17;6;2016;13:46;5448;RUA BAR ARATANHA;RUA METON DE ALENCAR;;;;Colisão;Luz do Dia;;;Cruz;Pare;Comercial;0;1;1;1;0;0;0;0;0;1;0;0;-38,527028;-3,734847
289887;17;6;2016;12:37;5729;AV OLIVEIRA PAIVA;RUA TEOFREDO GOIANA;;;;Colisão Traseira;Luz do Dia;Bom;Seca;Cruz;Pare;Comercial;0;2;3;1;0;0;0;0;0;0;0;0;-38,501221;-3,797744
289889;17;6;2016;13:05;0;AV ENG SANTANA JUNIOR;;;2654;;Colisão;Luz do Dia;;;Meio de Quadra;;;0;0;1;0;0;0;0;0;0;0;0;0;-38,488809;-3,744708
289890;17;6;2016;13:15;0;RUA PEDRO I;;;461;;Colisão;Luz do Dia;;;Meio de Quadra;;;0;0;1;0;0;0;0;0;0;0;0;0;-38,528911;-3,731133
289891;17;6;2016;13:16;0;AV PRS CASTELO BRANCO;;;;;Colisão;Luz do Dia;;;Meio de Quadra;;;0;0;1;0;0;0;0;0;0;0;0;0;;
289892;17;6;2016;13:23;0;AV PRS COSTA E SILVA;;;;;Colisão;Luz do Dia;;;Meio de Quadra;;;0;0;1;0;0;0;0;0;0;0;0;0;;
289881;17;6;2016;12:14;0;AV DOLOR BARREIRA;;;393;;Colisão;Luz do Dia;;;Meio de Quadra;;;0;0;1;0;0;0;0;0;0;0;0;0;-38,473209;-3,728023
289882;17;6;2016;12:16;25043;AV CEL CARVALHO;RUA RIO TAPAJOS;;;;Colisão;Luz do Dia;;;T;Pare;Comercial;0;0;1;0;0;0;0;0;0;0;0;0;-38,590312;-3,708154
289874;17;6;2016;12:04;0;RUA COSTA FREIRE;;;2324;;Colisão;Luz do Dia;;;Meio de Quadra;;;0;0;1;0;0;0;0;0;0;0;0;0;-38,589837;-3,798412
289875;17;6;2016;12:05;15244;RUA JOSE VILAR;RUA DEP MOREIRA DA ROCHA;;;;Colisão Transversal;Luz do Dia;Bom;Seca;Cruz;Pare;Residencial;0;0;4;1;0;0;0;0;0;0;0;0;-38,502113;-3,727832
289864;17;6;2016;10:35;3875;RUA PDE MIGUELINHO;RUA SEN POMPEU;;;;Colisão Lateral;Luz do Dia;Bom;Seca;Cruz;Não Há Controle;Escola;0;1;2;1;1;0;0;0;0;0;0;0;-38,534332;-3,742469
289865;17;6;2016;13:18;0;RUA GERMANO FRANCK;;;1630;;Colisão;Luz do Dia;;;Meio de Quadra;;;0;0;2;0;0;0;0;0;0;0;0;0;;
289991;17;6;2016;16:45;0;AV DUQ CAXIAS;;;137;;Colisão;Luz do Dia;;;Meio de Quadra;;;0;0;1;0;0;0;0;0;0;0;0;0;-38,525796;-3,733104
289992;17;6;2016;16:52;0;AV DIOGUINHO;;;;;Colisão;Luz do Dia;;;Meio de Quadra;;;0;0;1;0;0;0;0;0;0;0;0;0;;
289993;17;6;2016;16:53;0;AV CASTELO DE CASTRO;;;440;;Colisão;Luz do Dia;;;Meio de Quadra;;;0;0;1;0;0;0;0;0;0;0;0;0;-38,521559;-3,833054
289994;17;6;2016;17:14;1282;AV SANTOS DUMONT;AV BAR STUDART;;;;Colisão;Anoitecer;;;Cruz;Semáforo;Comercial;0;0;2;0;0;0;0;0;0;0;0;0;-38,506304;-3,733642
289995;17;6;2016;17:20;0;AV BEIRA MAR;;;2800;;Colisão;Anoitecer;;;Meio de Quadra;;;0;0;2;0;0;0;0;0;0;0;0;0;-38,495181;-3,726064
289996;17;6;2016;17:28;0;RUA PERNAMBUCO;;;2671;;Colisão;Anoitecer;;;Meio de Quadra;;;0;0;1;1;0;0;0;0;0;0;0;0;-38,577929;-3,751626
289997;17;6;2016;17:31;12757;RUA DAMASCENO GIRAO;AV BORGES DE MELO;;;;Colisão;Anoitecer;;;;;;0;0;1;0;0;0;0;0;0;0;0;0;;
289998;17;6;2016;17:31;0;AV AGUANAMBI;;;1356;;Colisão Traseira;Anoitecer;Bom;Seca;Meio de Quadra;Não Há Controle;Comercial;0;0;4;1;0;0;0;1;0;0;0;0;-38,524125;-3,748466
289999;17;6;2016;18:24;26230;RUA BORIS;AV PRS CASTELO BRANCO;;;;Colisão;Anoitecer;;;Cruz;Não Há Controle;Comercial;0;0;1;0;0;0;0;0;0;0;0;0;-38,521056;-3,723228
290000;17;6;2016;18:44;0;RUA BAR SOBRAL;;;1425;;Colisão;;;;Meio de Quadra;;;0;0;1;0;0;0;0;0;0;0;0;0;;
289976;17;6;2016;15:52;0;AV SORIANO ALBUQUERQUE;;;155;;Colisão;Luz do Dia;;;Meio de Quadra;;;0;0;2;0;0;0;0;0;0;0;0;0;;
289978;17;6;2016;15:55;0;AV DES GONZAGA;;;1562;;Colisão;Luz do Dia;;;Meio de Quadra;;;0;0;1;0;0;0;0;0;0;0;0;0;-38,49829;-3,799827
289979;17;6;2016;16:09;5281;RUA GAL SAMPAIO;RUA PEDRO PEREIRA;;;;Colisão;Luz do Dia;;;Cruz;Semáforo;Comercial;0;0;1;0;0;0;0;0;0;0;0;0;-38,531335;-3,728779
289980;17;6;2016;16:23;0;AV A CJ CEARA;;;1454;;Colisão;Luz do Dia;;;Meio de Quadra;;;0;1;0;0;0;0;0;0;0;0;0;0;-38,605654;-3,774169
289973;17;6;2016;15:51;0;RUA ZACARIAS GONDIM;;;560;;Colisão;Luz do Dia;;;Meio de Quadra;;;0;1;0;0;0;0;0;0;0;0;0;0;-38,55842;-3,767943
290013;17;6;2016;20:11;0;RUA GERMANO FRANCK;;;;;Colisão;;;;Meio de Quadra;;;0;0;1;0;0;0;0;0;0;0;0;0;;
290014;17;6;2016;20:19;9114;RUA DEP OSWALDO STUDART;AV BORGES DE MELO;;;;Colisão;;;;Cruz;Semáforo;Comercial;0;0;1;0;0;0;0;0;0;0;0;0;-38,532143;-3,758147
290015;17;6;2016;21:12;0;RUA ENG JAIME ROLEMBERG;;;73;;Colisão;;;;Meio de Quadra;;;0;0;1;0;0;0;0;0;0;0;0;0;;
290006;17;6;2016;19:19;0;AV CEL CARVALHO;;;2036;;Colisão;;;;Meio de Quadra;;;0;0;1;0;0;0;0;0;0;0;0;0;;
290007;17;6;2016;19:22;0;AV ALBERTO CRAVEIRO;;;2511;;Colisão;;;;Meio de Quadra;;;0;0;1;0;0;0;0;0;0;0;0;0;-38,520796;-3,802281
290008;17;6;2016;19:42;25614;AV MOZART PINHEIRO DE LUCENA;RUA DNA LUCIA PINHEIRO (QUINTINO CUNHA);;;;Colisão;;;;Cruz;Semáforo;Comercial;0;0;1;0;0;0;0;0;0;0;0;0;-38,599423;-3,731603
290009;17;6;2016;19:47;0;AV CEL CARVALHO;;;;;Colisão;;;;Meio de Quadra;;;0;0;1;0;0;0;0;0;0;0;0;0;;
290010;17;6;2016;19:49;0;RUA BERNARDO MANUEL;;;11464;;Colisão Traseira;Via Iluminada;Bom;Seca;Meio de Quadra;Não Há Controle;Comercial;0;0;3;1;0;0;0;0;0;0;0;0;;
289985;17;6;2016;16:40;1376;RUA JOAO CARVALHO;RUA MON BRUNO;;;;Colisão;Luz do Dia;;;Cruz;Pare;Comercial;0;0;2;0;0;0;0;0;0;0;0;0;-38,510792;-3,736585
289986;17;6;2016;16:41;0;RUA JUSTINO CAFE NETO;;;127;;Colisão;Luz do Dia;;;Meio de Quadra;;;0;0;1;0;0;0;0;0;0;0;0;0;-38,490819;-3,758938
290002;17;6;2016;19:13;0;AV GOV RAUL BARBOSA;;;4180;;Colisão Traseira;Via Iluminada;Bom;Seca;Meio de Quadra;Não Há Controle;Comercial;0;0;3;1;0;0;0;0;0;0;0;0;-38,506891;-3,761473
290017;17;6;2016;22:13;183;AV CEL CARVALHO;RUA DEMETRIO MENEZES;;;;Colisão;;;;;;;0;0;1;0;0;0;0;0;0;0;0;0;-38,584591;-3,731488
290018;17;6;2016;22:16;0;RUA ANTONIO POMPEU;;;1653;;Colisão;;;;Meio de Quadra;;;0;0;1;0;0;0;0;0;0;0;0;0;-38,538278;-3,732366
289276;17;6;2016;12:30;0;RUA PEDRO I;;;;;Atropelamento;Luz do Dia;;;Meio de Quadra;;;1;0;1;0;0;0;0;0;0;1;0;0;;
289277;17;6;2016;14:20;0;RUA PERNAMBUCO;;;1811;;Colisão;Luz do Dia;;;Meio de Quadra;;;1;0;2;1;0;0;0;0;0;1;0;0;-38,573752;-3,756047
290019;18;6;2016;01:50;7948;AV PONTES VIEIRA;RUA JOAQUIM NABUCO;;;;Colisão;;;;Cruz;Semáforo;Comercial;0;0;1;0;0;0;0;0;0;0;0;0;-38,506628;-3,751917
290024;18;6;2016;04:20;0;AV FRANCISCO SA;;;1600;;Colisão;;;;Meio de Quadra;;;0;0;2;0;0;0;0;0;0;0;0;0;;
290025;18;6;2016;04:25;25189;AV AUGUSTO DOS ANJOS;RUA CARLOS CHAGAS;;;;Colisão;;;;Duplo T;Outros;Comercial;0;0;1;0;0;0;0;0;0;0;0;0;-38,580334;-3,781512
290026;18;6;2016;05:55;0;AV SGT HERMINIO SAMPAIO;;;2006;;Colisão Frontal;Luz do Dia;Bom;Seca;Meio de Quadra;Não Há Controle;Comercial;0;0;4;1;1;0;0;0;0;0;0;0;-38,558438;-3,725997
290027;18;6;2016;05:57;0;RUA SAO JOAO D20;;;327;;Colisão;Amanhecer;;;Meio de Quadra;;;0;0;1;0;0;0;0;0;0;0;0;0;;
290035;18;6;2016;08:12;6817;RUA BENTO ALBUQUERQUE;RUA FRANCISCO MATOS;;;;Colisão Transversal;Luz do Dia;Bom;Seca;Cruz;Pare;Lazer;0;2;2;0;0;0;0;0;0;1;0;0;-38,470436;-3,747862
290031;18;6;2016;07:01;0;AV GAL OSORIO DE PAIVA;;;1788;;Colisão;Luz do Dia;;;Meio de Quadra;;;0;0;1;0;0;0;0;0;0;0;0;0;-38,577701;-3,782749
290032;18;6;2016;07:58;0;AV DR SILAS MUNGUBA;;;;;Colisão;Luz do Dia;;;Meio de Quadra;;;0;0;1;0;0;0;0;0;0;0;0;0;;
290037;18;6;2016;09:37;0;RUA CARNAUBAS;;;351;;Colisão;Luz do Dia;;;Meio de Quadra;;;0;0;1;0;0;0;0;0;0;0;0;0;;
290060;18;6;2016;12:54;0;AV AGUANAMBI;;;1686;;Colisão Traseira;Luz do Dia;Bom;Seca;Meio de Quadra;Semáforo;Comercial;0;0;2;1;0;0;0;0;0;0;0;0;-38,52349;-3,751403
290061;18;6;2016;13:40;0;RUA PRO GOMES BRASIL;;;342;;Colisão;Luz do Dia;;;Meio de Quadra;;;0;0;1;0;0;0;0;0;0;0;0;0;-38,56861;-3,772618
290051;18;6;2016;10:30;0;RUA CEL FABRICIANO;;;871;;Colisão;Luz do Dia;;;Meio de Quadra;;;0;0;1;0;0;0;0;0;0;0;0;0;-38,599593;-3,785093
290047;18;6;2016;10:01;24948;AV ALM HENRIQUE SABOIA;RUA OLGA BARROSO;;;;Colisão;Luz do Dia;;;;Não Há Controle;Residencial;0;0;1;0;0;0;0;0;0;0;0;0;-38,480489;-3,726156
290096;18;6;2016;22:06;0;AV GAL OSORIO DE PAIVA;;;5550;;Colisão;;;;Meio de Quadra;;;0;1;1;0;0;0;0;0;0;0;0;0;-38,602495;-3,805131
290097;18;6;2016;22:37;13345;AV H CJ JOSE WALTER;AV J CJ JOSE WALTER;;;;Colisão;;;;T;Pare;Residencial;0;2;0;0;0;0;0;0;0;1;0;0;-38,558743;-3,841244
290098;18;6;2016;23:16;5247;AV IMPERADOR;RUA PEDRO PEREIRA;;;;Colisão;;;;Cruz;Semáforo;Comercial;0;0;1;0;0;0;0;0;0;0;0;0;-38,534609;-3,727714
290099;18;6;2016;00:05;0;AV PRS CASTELO BRANCO;;;2196;;Atropelamento;;;;Meio de Quadra;;;0;1;1;0;0;0;0;0;0;0;0;0;-38,547611;-3,714034
290065;18;6;2016;13:42;0;AV SEN FERNANDES TAVORA;;;;;Colisão;Luz do Dia;;;Meio de Quadra;;;0;0;1;0;0;0;0;0;0;0;0;0;;
290066;18;6;2016;13:58;0;RUA CARLOS AMORA;;;;;Colisão;Luz do Dia;;;Meio de Quadra;;;0;0;1;0;0;0;0;0;0;0;0;0;;
290067;18;6;2016;13:59;15230;RUA JOAQUIM NABUCO;RUA SILVA JATAHY;;;;Colisão;Luz do Dia;;;Cruz;Pare;Residencial;0;0;1;0;0;0;0;0;0;0;0;0;-38,498765;-3,727387
290068;18;6;2016;14:28;13579;RUA PRO CARVALHO;RUA FRE BERNARDINO;;;;Colisão;Luz do Dia;;;Cruz;Pare;Residencial;0;1;1;1;0;0;0;0;0;1;0;0;-38,515335;-3,750745
290063;18;6;2016;13:40;3820;AV 13 DE MAIO;AV CARAPINIMA;;;;Colisão;Luz do Dia;;;Cruz;Semáforo;Comercial;0;0;1;0;0;0;0;0;0;0;0;0;-38,540239;-3,740001
290054;18;6;2016;10:33;0;AV ENG HUMBERTO MONTE;;;2545;;Colisão Traseira;Luz do Dia;Bom;Seca;Meio de Quadra;Não Há Controle;Residencial;0;1;3;1;0;0;0;0;0;0;0;0;-38,567994;-3,740132
290055;18;6;2016;12:46;6724;AV SANTOS DUMONT;AV ENG SANTANA JUNIOR;;;;Colisão;Luz do Dia;;;T;Não Há Controle;Comercial;0;0;1;0;0;0;0;0;0;0;0;0;-38,485132;-3,740506
290074;18;6;2016;14:28;0;AV FRANCISCO SA;;;;;Colisão;Luz do Dia;;;Meio de Quadra;;;0;0;1;0;0;0;0;0;0;0;0;0;;
290075;18;6;2016;14:28;0;AV FRANCISCO SA;;;4820;;Colisão;Luz do Dia;;;Meio de Quadra;;;0;0;1;0;0;0;0;0;0;0;0;0;-38,567608;-3,713917
290076;18;6;2016;14:30;0;AV JOSE BASTOS;;;3770;;Colisão;Luz do Dia;;;Meio de Quadra;;;0;0;1;0;0;0;0;0;0;0;0;0;-38,551867;-3,751411
290077;18;6;2016;14:31;0;RUA REV OSMAR LIMA;;;;;Colisão;Luz do Dia;;;Meio de Quadra;;;0;0;1;0;0;0;0;0;0;0;0;0;;
290078;18;6;2016;14:45;0;AV DR THEBERGE;;;1742;;Colisão;Luz do Dia;;;Meio de Quadra;;;0;0;1;0;0;0;0;0;0;0;0;0;-38,565738;-3,717013
290079;18;6;2016;15:07;0;AV GAL OSORIO DE PAIVA;;;;;Colisão;Luz do Dia;;;Meio de Quadra;;;0;0;1;0;0;0;0;0;0;0;0;0;;
290080;18;6;2016;15:09;0;RUA JOSE ABILIO;;;;;Colisão;Luz do Dia;;;Meio de Quadra;;;0;0;1;0;0;0;0;0;0;0;0;0;;
290082;18;6;2016;16:27;17932;RUA GAL GOIS MONTEIRO;RUA DRACON BARRETO;;;;Colisão;Luz do Dia;;;Cruz;Pare;Residencial;0;0;1;0;0;0;0;0;0;0;0;0;-38,579178;-3,733801
290083;18;6;2016;17:05;0;AV CONTORNO SUL;;;144;;Colisão;Anoitecer;;;Meio de Quadra;;;0;0;1;0;0;0;0;0;0;0;0;0;;
290085;18;6;2016;17:38;1649;RUA CEL JUCA;RUA GAL TERTULIANO POTYGUARA;;;;Colisão;Anoitecer;;;Cruz;Pare;Residencial;0;0;1;0;0;0;0;0;0;0;0;0;-38,493766;-3,745325
290086;18;6;2016;17:42;1378;RUA OSVALDO CRUZ (ALDEOTA);RUA DES LEITE ALBUQUERQUE;;;;Colisão;Anoitecer;;;Cruz;Pare;Comercial;0;0;1;0;0;0;0;0;0;0;0;0;-38,50064;-3,736598
290087;18;6;2016;18:10;4007;RUA ALBERTO MAGNO;RUA DES PRAXEDES;;;;Colisão;Anoitecer;;;Cruz;Semáforo;Residencial;0;0;1;0;0;0;0;0;0;0;0;0;-38,546795;-3,76123
290089;18;6;2016;19:05;0;RUA CEL JOAO OLIVEIRA;;;664;;Colisão;Anoitecer;;;Meio de Quadra;;;0;1;1;0;0;0;0;0;0;0;0;0;-38,487597;-3,822895
290090;18;6;2016;19:37;1243;RUA DR JOSE LOURENCO;RUA PEREIRA FILGUEIRAS;;;;Colisão;;;;Cruz;Pare;Misto;0;0;1;0;0;0;0;0;0;0;0;0;-38,50647;-3,730449
290091;18;6;2016;20:29;1358;AV DES MOREIRA;AV SANTOS DUMONT;;;;Colisão;;;;Cruz;Semáforo;Comercial;0;0;1;0;0;0;0;0;0;0;0;0;-38,498365;-3,736226
290093;18;6;2016;20:30;18320;RUA ARARIUS;AV HIS RAIMUNDO GIRAO;;;;Colisão;;;;Cruz;Semáforo;Residencial;0;0;1;0;0;0;0;0;0;0;0;0;-38,513581;-3,720447
290094;18;6;2016;21:06;19366;RUA GERMANO FRANCK;AV DR SILAS MUNGUBA;;;;Colisão;;;;Cruz;Semáforo;Comercial;0;0;1;0;0;0;0;0;0;0;0;0;-38,562004;-3,777251
286668;18;6;2016;10:00;0;RD CE-040;;;;KM-08;Colisão;Luz do Dia;Bom;Seca;Meio de Quadra;;;0;0;2;1;0;0;0;0;0;0;0;0;-38,483033;-3,817159
286672;18;6;2016;13:20;0;RD CE-040;;;;KM-05;Colisão;Luz do Dia;Bom;Seca;Meio de Quadra;;;0;0;2;0;0;0;0;0;0;1;0;0;-38,480331;-3,791613
286679;18;6;2016;14:30;0;RD CE-040;;;;KM-07;Colisão;Luz do Dia;Bom;Seca;Meio de Quadra;;;0;0;2;1;0;0;0;0;0;0;0;0;-38,478733;-3,809597
286676;18;6;2016;10:20;0;RD CE-040;;;;KM-08;Engavetamento;Luz do Dia;Bom;Seca;Meio de Quadra;;;0;0;3;1;0;0;1;0;0;0;0;0;-38,483033;-3,817159
286681;18;6;2016;17:40;0;RD CE-040;;;;KM-04;Colisão;Anoitecer;Bom;Seca;Meio de Quadra;;;0;0;2;1;0;0;0;0;0;0;0;0;-38,481084;-3,782614
293495;18;6;2016;07:46;0;AV DR SILAS MUNGUBA;;;4212;;Colisão;Luz do Dia;;;Meio de Quadra;;;0;2;0;0;0;0;0;0;0;1;0;0;-38,537896;-3,791208
293496;18;6;2016;08:25;0;AV DR THEBERGE;;;1378;;Colisão;Luz do Dia;;;;;;0;2;0;1;0;0;0;0;0;1;0;0;-38,56493;-3,714569
293518;18;6;2016;08:36;0;RUA BOM JESUS (BARRA DO CEARA);;;1740;;Colisão;Luz do Dia;;;Meio de Quadra;;;0;1;1;1;0;0;0;0;0;1;0;0;;
293503;18;6;2016;08:28;0;AV PRS CASTELO BRANCO;;;;;Colisão;Luz do Dia;;;Meio de Quadra;;;0;0;1;0;0;0;0;0;0;1;0;0;;
293491;18;6;2016;06:29;1550;RUA PDE VALDEVINO;RUA DR JOSE LOURENCO;;;;Colisão;Luz do Dia;;;Cruz;Semáforo;Comercial;0;2;0;1;0;0;0;0;0;1;0;0;-38,509928;-3,741307
293483;18;6;2016;03:30;19611;AV GODOFREDO MACIEL;RUA NEREU RAMOS;;;;Queda;;;;T;Semáforo;Comercial;0;1;0;0;0;0;0;0;0;1;0;0;-38,566802;-3,78725
293486;18;6;2016;03:38;0;RUA ULLISSES GUIMARAES;;;1246;;Capotamento;;;;Meio de Quadra;;;0;1;0;1;0;0;0;0;0;0;0;0;;
293487;18;6;2016;03:57;0;AV AUGUSTO DOS ANJOS;;;1742;;Colisão;;;;Meio de Quadra;;;0;2;0;1;0;0;0;0;0;1;0;0;-38,580279;-3,781451
293488;18;6;2016;04:54;12496;AV LINEU MACHADO;AV CARNEIRO DE MENDONCA;;;;Queda;;;;Outros;Semáforo;Comercial;0;2;0;1;0;0;0;0;0;1;0;0;-38,574021;-3,760403
293553;18;6;2016;09:45;0;AV ALM HENRIQUE SABOIA;;;;;Colisão;Luz do Dia;;;Meio de Quadra;;;0;2;0;1;0;0;0;0;0;1;0;0;;
293557;18;6;2016;11:53;3316;RUA CHILE;RUA VIRIATO RIBEIRO;;;;Colisão;Luz do Dia;;;Cruz;Pare;Comercial;0;2;0;1;0;0;0;0;0;1;0;0;-38,565276;-3,746178