COD_ACIDENTE;DIA;MES;ANO;HORA;INTERSECAO;LOG1;LOG2;LOG3;NUMERO;REFERENCIA;NATUREZA;ILUMINACAO;TEMPO;SUPERFICIEPISTA;TIPOCRUZAMENTO;CONTROLETRAFEGO;USOSOLO;MORTOS;FERIDOS;ILESOS;AUTOMOVEL;ONIBUS;BICICLETA;CAMINHAO;MICROONIBUS;CICLOMOTOR;MOTOCICLETA;TRACAOANIMAL;TREM;LONG;LAT
293558;18;6;2016;12:00;0;RUA PRO HERIBALDO COSTA;;;1010;;Atropelamento;Luz do Dia;;;Meio de Quadra;;;0;2;0;0;0;0;0;0;0;1;0;0;-38,584422;-3,761079
293559;18;6;2016;14:11;0;AV GAL OSORIO DE PAIVA;;;;;Colisão;Luz do Dia;;;Meio de Quadra;;;0;2;0;0;0;0;0;0;0;1;0;0;;
293560;18;6;2016;14:15;13579;RUA PRO CARVALHO;RUA FRE BERNARDINO;;;;Colisão;Luz do Dia;;;Cruz;Pare;Residencial;0;2;0;1;0;0;0;0;0;1;0;0;-38,515335;-3,750745
293551;18;6;2016;08:43;0;AV GAL OSORIO DE PAIVA;;;6421;;Colisão;Luz do Dia;;;Meio de Quadra;;;0;2;0;1;0;0;0;0;0;1;0;0;;
293540;18;6;2016;08:42;0;AV GAL OSORIO DE PAIVA;;;6700;;Colisão;Luz do Dia;;;Meio de Quadra;;;0;2;0;1;0;0;0;0;0;1;0;0;-38,609563;-3,812482
293626;18;6;2016;20:47;0;RUA ALVARO DE ALENCAR;;;200;;Atropelamento;;;;Meio de Quadra;;;0;2;0;0;0;0;0;0;0;1;0;0;-38,557473;-3,712935
293621;18;6;2016;19:00;0;RUA CEL JOAO OLIVEIRA;;;664;;Colisão;;;;Meio de Quadra;;;0;2;0;1;0;0;0;0;0;0;0;0;-38,487597;-3,822895
293635;18;6;2016;21:06;22055;AV CARAPINIMA;AV JOSE BASTOS;;;;Colisão;;;;;;;0;2;0;1;0;0;0;0;0;1;0;0;-38,543126;-3,742736
293636;18;6;2016;21:22;0;AV GAL OSORIO DE PAIVA;;;5560;;Colisão;;;;Meio de Quadra;;;0;2;0;1;0;0;0;0;0;1;0;0;-38,602553;-3,805191
293638;18;6;2016;22:23;0;RUA TULIPA;;;800;;Colisão;;;;Meio de Quadra;;;0;2;0;1;0;0;0;0;0;1;0;0;-38,580619;-3,717367
293639;18;6;2016;22:51;0;RUA RUBENS MONTE D43;;;;;Colisão;;;;Meio de Quadra;;;0;2;0;1;0;0;0;0;0;1;0;0;;
293640;18;6;2016;23:18;12699;AV CEL CARVALHO;AV MAJ ASSIS;;;;Colisão;;;;Cruz;Semáforo;Comercial;0;2;0;1;0;0;0;0;0;1;0;0;-38,586255;-3,723796
293624;18;6;2016;20:30;0;AV DR SILAS MUNGUBA;;;5050;;Colisão;;;;Meio de Quadra;;;0;2;0;1;0;0;0;0;0;1;0;0;-38,531465;-3,797533
293642;18;6;2016;23:41;0;AV PRS CASTELO BRANCO;;;2196;;Atropelamento;;;;Meio de Quadra;;;0;2;0;1;0;0;0;0;0;0;0;0;-38,547611;-3,714034
293604;18;6;2016;17:49;22951;AV DR SILAS MUNGUBA;RUA DR JUSTA ARAUJO D45;;;;Colisão;Anoitecer;;;Cruz;Outros;Comercial;0;2;0;1;0;0;0;0;0;1;0;0;-38,553426;-3,784586
293605;18;6;2016;18:48;0;AV PRS COSTA E SILVA;;;;;Colisão;;;;Meio de Quadra;;;0;2;0;1;0;0;0;0;0;1;0;0;;
293566;18;6;2016;14:17;0;RUA CON DE CASTRO;;;4500;;Colisão;Luz do Dia;;;Meio de Quadra;;;0;1;0;1;0;0;0;0;0;0;0;0;-38,591738;-3,804822
293570;18;6;2016;15:56;0;RUA PEDRO SAMPAIO;;;537;;Colisão;Luz do Dia;;;Meio de Quadra;;;0;2;0;1;0;0;0;0;0;1;0;0;;
293571;18;6;2016;16:33;0;AV OLIVEIRA PAIVA;;;223;;Colisão;Luz do Dia;;;Meio de Quadra;;;0;2;0;1;0;0;0;0;0;1;0;0;-38,503005;-3,79856
293582;18;6;2016;16:59;20528;AV CONTORNO SUL;RUA 6 CJ ALTO ALEGRE;;;;Colisão;Luz do Dia;;;;;;0;2;0;1;0;0;0;0;0;1;0;0;-38,489015;-3,857517
293583;18;6;2016;17:03;0;AV GAL OSORIO DE PAIVA;;;7600;;Colisão;Anoitecer;;;Meio de Quadra;;;0;2;0;1;0;0;0;0;0;1;0;0;-38,615354;-3,818444
293587;18;6;2016;17:06;0;AV GOV RAUL BARBOSA;;;7493;;Queda;Anoitecer;;;Meio de Quadra;;;0;1;0;0;0;0;0;0;0;1;0;0;-38,513274;-3,776718
293589;18;6;2016;17:42;0;RUA RAIMUNDO MAIA;;;230;;Queda;Anoitecer;;;Meio de Quadra;;;0;1;0;0;0;0;0;0;0;1;0;0;;
293591;18;6;2016;17:48;0;AV PRS CASTELO BRANCO;;;;;Atropelamento;Anoitecer;;;Meio de Quadra;;;0;2;0;0;0;1;0;0;0;0;0;0;;
293184;18;6;2016;15:17;0;RUA JAPI;;;550;;Colisão;Luz do Dia;;;Meio de Quadra;;;0;0;2;1;0;0;0;0;0;0;0;0;;
293190;18;6;2016;22:19;0;AV PRS COSTA E SILVA;;;4655;;Colisão;;;;Meio de Quadra;;;0;1;1;1;0;0;0;0;0;1;0;0;-38,538693;-3,825821
293481;18;6;2016;02:23;0;AV BORGES DE MELO;;;1711;;Queda;;;;Meio de Quadra;;;0;1;0;0;0;0;0;0;0;1;0;0;-38,534159;-3,756411
290402;18;6;2016;13:00;4021;AV PRO GOMES DE MATOS;RUA DES PRAXEDES;;;;Colisão Lateral;Luz do Dia;Bom;Seca;Cruz;Semáforo;Comercial;0;0;2;1;0;0;0;0;0;1;0;0;-38,546229;-3,761872
301034;18;6;2016;21:15;0;AV PRS COSTA E SILVA;;;4655;;Colisão Lateral;Via Iluminada;Bom;Seca;Meio de Quadra;Não Há Controle;Residencial;0;1;0;1;0;0;0;0;0;1;0;0;-38,538693;-3,825821
285690;18;6;2016;10:30;25198;RUA BAR AQUIRAZ;RUA MIGUEL GURGEL;;;;Colisão Lateral;Luz do Dia;Bom;Seca;T;Não Há Controle;Comercial;0;0;2;0;0;0;0;0;0;1;0;0;-38,48355;-3,842357
285691;18;6;2016;07:00;1550;RUA PDE VALDEVINO;RUA DR JOSE LOURENCO;;;;Colisão Traseira;Luz do Dia;Bom;Seca;Cruz;Semáforo;Residencial;0;2;0;0;0;0;0;0;0;1;0;0;-38,509928;-3,741307
285693;18;6;2016;13:30;23041;AV DR SILAS MUNGUBA;RUA BRUNO VALENTE;;;;Colisão Lateral;Luz do Dia;Bom;Seca;Cruz;Pare;Comercial;0;0;2;1;0;0;0;0;0;1;0;0;-38,540009;-3,790483
285688;18;6;2016;14:30;0;AV PRS COSTA E SILVA;;;1801;;Colisão Traseira;Luz do Dia;Bom;Seca;Meio de Quadra;Semáforo;Residencial;0;0;2;1;0;0;0;0;0;0;0;0;;
285698;18;6;2016;20:30;0;AV DR SILAS MUNGUBA;;;5050;;Choque c/ Obstáculo Fixo;Via Iluminada;Bom;Seca;Meio de Quadra;Não Há Controle;Comercial;0;0;1;1;0;0;0;0;0;0;0;0;-38,531465;-3,797533
285671;18;6;2016;06:00;17434;RUA CESAR ROSSAS;RUA EDITE BRAGA;;;;Colisão;Luz do Dia;Bom;Seca;Cruz;Pare;Misto;0;0;2;1;0;0;0;0;0;0;0;0;-38,553869;-3,768906
285672;18;6;2016;19:39;15280;RUA TEN BENEVOLO;RUA DR JOSE LOURENCO;;;;Capotamento;Via Iluminada;Bom;Seca;Cruz;Pare;Comercial;0;0;2;1;0;0;0;0;0;0;0;0;-38,50601;-3,729029
285673;18;6;2016;14:20;0;RUA ELCIAS LOPES;;;506;;Colisão Lateral;Luz do Dia;Bom;Seca;Meio de Quadra;Pare;Residencial;0;0;2;1;0;0;0;0;0;1;0;0;-38,555607;-3,771124
285674;18;6;2016;16:00;10992;RUA DOM CARLOTO TAVORA;RUA BAR CANINDE;;;;Capotamento;Luz do Dia;Bom;Seca;Cruz;Pare;Residencial;0;0;2;1;0;0;0;0;0;0;0;0;-38,557103;-3,769531
285675;18;6;2016;10:10;1550;RUA PDE VALDEVINO;RUA DR JOSE LOURENCO;;;;Colisão;Luz do Dia;Bom;Seca;Cruz;Semáforo;Comercial;0;0;2;1;0;0;0;0;0;0;0;0;-38,509928;-3,741307
285676;18;6;2016;08:36;0;RUA DOM JOSE LOURENCO  D27;;;1363;;Choque c/ Obstáculo Fixo;Luz do Dia;Bom;Seca;Meio de Quadra;Não Há Controle;Residencial;0;1;2;1;0;0;0;0;0;0;0;0;-38,557471;-3,745687
285677;18;6;2016;09:40;0;AV DR THEBERGE;;;;;Colisão Lateral;Luz do Dia;Bom;Seca;Meio de Quadra;Não Há Controle;Comercial;0;0;2;1;0;0;0;0;0;1;0;0;;
285678;18;6;2016;11:06;0;AV CEL CARVALHO;;;3110;;Colisão Lateral;Luz do Dia;Bom;Seca;Meio de Quadra;Não Há Controle;Residencial;0;0;2;0;0;0;1;0;0;0;0;0;-38,584606;-3,73135
285679;18;6;2016;08:03;22102;RUA JOSE FACANHA;RUA MON FURTADO;;;;Colisão Frontal;Luz do Dia;Bom;Seca;Cruz;Pare;Residencial;0;0;2;1;0;0;0;0;0;0;0;0;-38,55559;-3,753672
285680;18;6;2016;09:30;0;AV GAL OSORIO DE PAIVA;;;6700;;Colisão Frontal;Luz do Dia;Bom;Seca;Meio de Quadra;Semáforo Intermitente;Comercial;0;0;2;1;0;0;1;0;0;0;0;0;-38,609563;-3,812482
285681;18;6;2016;13:57;0;RUA 119 CJ CEARA;;;135;;Colisão;Luz do Dia;Bom;Seca;Meio de Quadra;Pare;Comercial;0;0;2;1;1;0;0;0;0;0;0;0;-38,60706;-3,774792
285682;18;6;2016;13:40;0;AV IMPERADOR;;;1333;;Colisão Traseira;Luz do Dia;Bom;Seca;Meio de Quadra;Semáforo;Comercial;0;0;2;1;0;0;0;0;0;0;0;0;-38,536122;-3,732846
285684;18;6;2016;14:20;0;AV IMPERADOR;;;1313;;Colisão Lateral;Luz do Dia;Bom;Seca;Meio de Quadra;Semáforo;Comercial;0;0;2;1;0;0;0;0;0;0;0;0;-38,536073;-3,732675
285685;18;6;2016;10:33;0;AV WENEFRIDO MELO;;;196;;Colisão Traseira;Luz do Dia;Bom;Seca;Outros;Não Há Controle;Residencial;0;0;2;1;0;0;0;0;0;0;0;0;-38,577683;-3,809054
285695;19;6;2016;00:30;0;RUA MARIA GOMES DE SA;;;;;Colisão Frontal;Via Iluminada;Bom;Seca;Meio de Quadra;Não Há Controle;Comercial;0;2;1;1;0;0;0;0;0;0;0;0;;
285703;19;6;2016;16:00;0;AV ALM HENRIQUE SABOIA;;;3955;;Colisão Lateral;Luz do Dia;Bom;Material Derrapante;Meio de Quadra;Não Há Controle;Comercial;0;0;2;1;0;0;0;0;0;0;0;0;-38,489498;-3,743563
285704;19;6;2016;19:45;9243;AV DOS EXPEDICIONARIOS;AV EDUARDO GIRAO;;;;Colisão Lateral;Via Iluminada;Bom;Seca;Cruz;Semáforo;Residencial;0;0;2;1;1;0;0;0;0;0;0;0;-38,536849;-3,750712
285712;19;6;2016;03:05;0;AV ENG HUMBERTO MONTE;;;1927;;Colisão;Via Iluminada;Bom;Seca;Meio de Quadra;Não Há Controle;Comercial;0;0;1;1;0;0;0;0;0;0;0;0;-38,564513;-3,74423
285713;19;6;2016;14:55;0;RUA TEODOMIRO DE CASTRO;;;4585;;Colisão;Luz do Dia;Bom;Seca;Meio de Quadra;Não Há Controle;Residencial;0;0;1;1;0;0;0;0;0;0;0;0;-38,573432;-3,718175
285714;19;6;2016;10:00;24988;RUA FRE MANSUETO;RUA TAVARES COUTINHO;;;;Colisão Transversal;Luz do Dia;Bom;Seca;Cruz;Semáforo;Residencial;0;0;2;1;0;0;0;0;0;0;0;0;-38,488784;-3,732638
285708;19;6;2016;11:54;26251;AV AMERICO BARREIRA;RUA CEARA;;;;Colisão Lateral;Luz do Dia;Bom;Seca;Cruz;Semáforo;Comercial;0;0;2;1;0;0;0;0;0;0;0;0;;
285700;19;6;2016;10:20;0;AV BEIRA MAR;;;2200;;Colisão Traseira;Luz do Dia;Bom;Seca;Meio de Quadra;Não Há Controle;Comercial;0;0;2;1;0;0;0;0;0;0;0;0;-38,500926;-3,724642
285716;19;6;2016;09:10;0;AV PRS COSTA E SILVA;;;1346;;Colisão Traseira;Luz do Dia;Bom;Seca;Meio de Quadra;Semáforo;Comercial;0;1;2;1;0;0;0;0;0;1;0;0;;
285717;19;6;2016;05:10;0;AV JOSE BASTOS;;;3250;;Colisão Traseira;Amanhecer;Bom;Seca;Meio de Quadra;Semáforo;Comercial;0;1;1;0;0;0;0;0;0;1;0;0;-38,549161;-3,748698
285706;19;6;2016;08:40;0;AV AMERICO BARREIRA;;;6510;;Colisão Traseira;Luz do Dia;Bom;Seca;Meio de Quadra;Gesto;Outros;0;2;0;1;0;0;0;0;0;1;0;0;;
290151;19;6;2016;22:14;12665;RUA CARNAUBAL;RUA RIO ARAGUAIA;;;;Colisão;;;;Cruz;Pare;Residencial;0;0;1;0;0;0;0;0;0;0;0;0;-38,581848;-3,722657
290152;19;6;2016;22:23;0;RUA SEN POMPEU;;;2920;;Colisão;;;;Meio de Quadra;;;0;0;1;0;0;0;0;0;0;0;0;0;-38,534929;-3,74439
290153;19;6;2016;22:40;0;AV N CJ JOSE WALTER;;;;;Colisão;;;;Meio de Quadra;;;0;0;1;0;0;0;0;0;0;0;0;0;;
290154;19;6;2016;23:29;0;RUA SEN ROBERT KENNEDY;;;513;;Colisão;;;;Meio de Quadra;;;0;0;1;0;0;0;0;0;0;0;0;0;-38,579182;-3,704429
290148;19;6;2016;22:05;0;RUA BETA CJ VILA VELHA;;;752;;Atropelamento;;;;Meio de Quadra;;;0;1;1;0;0;0;0;0;0;0;0;0;;
293194;19;6;2016;21:17;0;AV F CJ CEARA;;;422;;Colisão;;;;Meio de Quadra;;;0;0;2;0;1;0;0;1;0;0;0;0;-38,606136;-3,764075
293195;19;6;2016;18:10;0;RUA TARCISIO BONFIM;;;222;;Choque c/ Obstáculo Fixo;Anoitecer;;;Meio de Quadra;;;0;0;1;0;0;0;0;0;0;0;0;0;;
293196;19;6;2016;09:20;0;RUA PERPETUO SOCORRO;;;;;Colisão;Luz do Dia;;;;;;0;0;2;0;0;0;0;0;0;0;0;0;;
293199;19;6;2016;21:50;0;LOGRADOURO SEM NOME;;;;;Atropelamento;;;;Meio de Quadra;;;0;1;1;0;0;0;0;0;0;0;0;0;;
293664;19;6;2016;12:50;0;RUA SGT JOAO PINHEIRO;;;;;Colisão;Luz do Dia;;;Meio de Quadra;;;0;2;0;1;0;0;0;0;0;1;0;0;;
293662;19;6;2016;12:28;15334;RUA CANUTO DE AGUIAR;RUA VICENTE LEITE;;;;Colisão;Luz do Dia;;;Cruz;Não Há Controle;Residencial;0;2;0;1;0;0;0;0;0;1;0;0;-38,493529;-3,731247
293659;19;6;2016;09:48;0;RUA FRE MANSUETO;;;865;;Colisão;Luz do Dia;;;Meio de Quadra;;;0;2;0;1;0;0;0;0;0;1;0;0;-38,488836;-3,731634
293660;19;6;2016;10:34;0;RUA CLAUDIO GUIMARAES;;;201;;Queda;Luz do Dia;;;Meio de Quadra;;;0;1;0;0;0;1;0;0;0;0;0;0;-38,596975;-3,727386
293646;19;6;2016;01:29;0;RUA DOM JERONIMO D06;;;;;Colisão;;;;Meio de Quadra;;;0;2;0;1;0;0;0;0;0;1;0;0;;
293649;19;6;2016;02:37;0;AV GAL OSORIO DE PAIVA;;;;;Colisão;;;;Meio de Quadra;;;0;2;0;1;0;0;0;0;0;1;0;0;;
293651;19;6;2016;04:35;0;AV EDILSON B SOARES;;;;;Atropelamento;;;;Meio de Quadra;;;0;1;1;1;0;0;0;0;0;0;0;0;;
293652;19;6;2016;05:15;0;RUA ANTONIO BARBOSA;;;1190;;Queda;Amanhecer;;;Meio de Quadra;;;0;1;0;0;0;0;0;0;0;1;0;0;-38,564551;-3,830928
293654;19;6;2016;05:20;0;AV JOSE BASTOS;;;;;Colisão;Amanhecer;;;;;;0;1;1;1;0;0;0;0;0;1;0;0;;
293668;19;6;2016;14:11;0;RUA DEP MATOSO FILHO;;;1411;;Colisão;Luz do Dia;;;Meio de Quadra;;;0;1;1;1;0;0;0;0;0;1;0;0;;
293669;19;6;2016;14:11;0;RUA ANTONIO LOPES;;;935;;Colisão;Luz do Dia;;;Meio de Quadra;;;0;2;0;0;0;0;0;0;0;1;0;0;;
293670;19;6;2016;14:12;0;RUA DEP MATOSO FILHO;;;900;;Colisão;Luz do Dia;;;Meio de Quadra;;;0;3;0;1;0;0;0;0;0;1;0;0;-38,59207;-3,733169
293750;19;6;2016;22:51;0;RUA URUCUTUBA;;;159;;Colisão;;;;Meio de Quadra;;;0;2;0;1;0;0;0;0;0;1;0;0;-38,597257;-3,798285
293751;19;6;2016;22:53;0;AV JOSE BASTOS;;;;;Colisão;;;;Meio de Quadra;;;0;2;0;1;0;0;0;0;0;1;0;0;;
293714;19;6;2016;20:58;0;AV AGUANAMBI;;;;;Colisão;;;;Meio de Quadra;;;0;1;0;1;0;0;0;0;0;0;0;0;;
293720;19;6;2016;21:20;0;RUA 1 LT ARVOREDO;;;807;;Queda;;;;Meio de Quadra;;;0;1;0;0;0;0;0;0;0;1;0;0;;
293721;19;6;2016;21:30;0;AV PONTES VIEIRA;;;;;Colisão;;;;Meio de Quadra;;;0;2;0;1;0;0;0;0;0;1;0;0;;
293724;19;6;2016;21:41;0;AV JOSE BASTOS;;;;;Colisão;;;;Meio de Quadra;;;0;2;0;1;0;0;0;0;0;1;0;0;;
293728;19;6;2016;22:00;0;AV PRS COSTA E SILVA;;;;;Atropelamento;;;;Meio de Quadra;;;0;1;1;1;0;0;0;0;0;0;0;0;;
293730;19;6;2016;22:37;0;RUA BERNARDO MANUEL;;;2031;;Capotamento;;;;Meio de Quadra;;;0;1;0;1;0;0;0;0;0;0;0;0;;
293703;19;6;2016;18:11;0;RUA EMILIO DE MENESES;;;2237;;Colisão;Anoitecer;;;Meio de Quadra;;;0;2;0;0;0;0;0;0;0;1;0;0;-38,600831;-3,777975
293697;19;6;2016;17:51;0;AV WASHINGTON SOARES;;;;;Colisão;Anoitecer;;;Meio de Quadra;;;0;2;0;1;0;0;0;0;0;1;0;0;;
293698;19;6;2016;18:00;0;AV DR THEBERGE;;;2111;;Queda;Anoitecer;;;Meio de Quadra;;;0;1;0;0;0;1;0;0;0;0;0;0;;
293700;19;6;2016;18:00;0;RUA PDE PEDRO DE ALENCAR;;;;;Colisão;Anoitecer;;;Meio de Quadra;;;0;2;0;1;0;0;0;0;0;1;0;0;;
293706;19;6;2016;18:16;0;AV RECREIO D64;;;840;;Queda;Anoitecer;;;Meio de Quadra;;;0;2;0;0;0;0;0;0;0;1;0;0;-38,449597;-3,813186
293710;19;6;2016;18:17;0;RUA VERBENA;;;298;;Colisão;Anoitecer;;;Meio de Quadra;;;0;1;0;0;0;0;0;0;0;1;0;0;-38,588005;-3,778417
293711;19;6;2016;20:28;0;RUA CEL VIRGILIO NOGUEIRA (BOM JARDIM);;;;;Colisão;;;;Meio de Quadra;;;0;3;0;1;0;0;0;0;0;1;0;0;;
293685;19;6;2016;16:32;0;RUA COS LAFAYETE;;;874;;Colisão;Luz do Dia;;;Meio de Quadra;;;0;2;0;1;0;0;0;0;0;1;0;0;-38,585919;-3,71769
293692;19;6;2016;17:24;0;RUA URUCUTUBA;;;1422;;Colisão;Anoitecer;;;Meio de Quadra;;;0;1;1;1;0;0;0;0;0;1;0;0;-38,607414;-3,797446
293680;19;6;2016;16:00;3293;AV PERIMETRAL;RUA LUIS VIEIRA;;;;Colisão;Luz do Dia;;;;Não Há Controle;Comercial;0;2;0;1;0;0;0;0;0;1;0;0;-38,590193;-3,786828
293671;19;6;2016;14:33;0;AV SGT HERMINIO SAMPAIO;;;3414;;Atropelamento;Luz do Dia;;;Meio de Quadra;;;0;2;0;0;0;0;0;0;0;1;0;0;-38,571098;-3,72833
293673;19;6;2016;15:10;0;AV PRS CASTELO BRANCO;;;;;Atropelamento;Luz do Dia;;;Meio de Quadra;;;0;2;0;0;0;0;0;0;0;1;0;0;;
293676;19;6;2016;15:40;0;RUA MARIA JULIA;;;820;;Colisão;Luz do Dia;;;Meio de Quadra;;;0;2;0;1;0;0;0;0;0;1;0;0;-38,60004;-3,792881
290115;19;6;2016;16:52;12618;RUA COS LAFAYETE;RUA RIO ARAGUAIA;;;;Colisão;Luz do Dia;;;Cruz;Pare;Misto;0;0;1;0;0;0;0;0;0;0;0;0;-38,58141;-3,718123
290116;19;6;2016;17:21;0;AV MIGUEL DIAS;;;193;;Colisão Transversal;Via Iluminada;Bom;Seca;Meio de Quadra;Não Há Controle;Residencial;0;3;1;1;0;0;0;0;0;0;0;0;-38,488175;-3,759344
290117;19;6;2016;18:32;0;RUA GERMANO FRANCK;;;1763;;Colisão;;;;Meio de Quadra;;;0;0;1;0;0;0;0;0;0;0;0;0;;
290111;19;6;2016;09:18;0;RUA PIRATININGA;;;150;;Choque c/ Obstáculo Fixo;Luz do Dia;;;Meio de Quadra;;;0;0;1;0;0;0;0;0;0;0;0;0;;
290112;19;6;2016;15:05;0;RUA SABIA;;;582;;Colisão;Luz do Dia;;;Meio de Quadra;;;0;0;1;0;0;0;0;0;0;0;0;0;-38,580252;-3,779151
290119;19;6;2016;18:36;0;RUA JOAO CORDEIRO;;;2090;;Colisão;;;;Meio de Quadra;;;0;0;1;0;0;0;0;0;0;0;0;0;-38,517526;-3,738818
290120;19;6;2016;18:53;0;RUA JOCKEY CLUBE;;;320;;Colisão;;;;Meio de Quadra;;;0;0;1;0;0;0;0;0;0;0;0;0;;
290102;19;6;2016;00:08;0;AV PRS CASTELO BRANCO;;;2196;;Colisão;;;;Meio de Quadra;;;0;1;1;0;0;0;0;0;0;0;0;0;-38,547611;-3,714034
290103;19;6;2016;01:09;0;AV E CJ CEARA;;;73;;Colisão;;;;Meio de Quadra;;;0;0;1;0;0;0;0;0;0;0;0;0;-38,604398;-3,759814
290104;19;6;2016;04:15;7171;AV PRS CASTELO BRANCO;RUA ALVES LIMA;;;;Colisão;;;;Meio de Quadra;Não Há Controle;Residencial;0;0;1;0;0;0;0;0;0;0;0;0;-38,568601;-3,708328
290105;19;6;2016;04:45;0;RUA PERNAMBUCO;;;1826;;Colisão;;;;Meio de Quadra;;;0;0;1;0;0;0;0;0;0;0;0;0;;
290106;19;6;2016;08:08;0;RUA ONIX;;;15;;Colisão;Luz do Dia;;;Meio de Quadra;;;0;0;1;0;0;0;0;0;0;0;0;0;;
290108;19;6;2016;08:10;0;RUA PRO EDGAR DE ARRUDA;;;1669;;Colisão;Luz do Dia;;;Meio de Quadra;;;0;1;1;0;0;0;0;0;0;0;0;0;-38,589549;-3,755685
290109;19;6;2016;09:12;0;AV PRS CASTELO BRANCO;;;;;Outros;Luz do Dia;;;Meio de Quadra;;;0;0;1;0;0;0;0;0;0;0;0;0;;
290132;19;6;2016;21:20;0;AV H CJ CEARA;;;1150;;Colisão;;;;Meio de Quadra;;;0;0;1;0;0;0;0;0;0;0;0;0;-38,608042;-3,775514
290134;19;6;2016;21:21;0;RUA PARAGUAI;;;31;;Colisão;;;;Meio de Quadra;;;0;0;1;0;0;0;0;0;0;0;0;0;;
290137;19;6;2016;21:21;0;AV HEROIS DO ACRE;;;301;;Colisão;;;;Meio de Quadra;;;0;0;1;0;0;0;0;0;0;0;0;0;;
290138;19;6;2016;21:28;0;RUA OSVALDO ARAUJO;;;100;;Colisão;;;;Meio de Quadra;;;0;0;2;0;0;0;0;0;0;0;0;0;;
290139;19;6;2016;21:30;12662;RUA RIO PARAGUAI;RUA CARNAUBAL;;;;Colisão;;;;Cruz;Não Há Controle;Residencial;0;0;1;0;0;0;0;0;0;0;0;0;-38,583961;-3,722458
290140;19;6;2016;21:40;0;RUA SILVA JARDIM;;;995;;Colisão;;;;Meio de Quadra;;;0;0;1;0;0;0;0;0;0;0;0;0;-38,532234;-3,741076
290127;19;6;2016;20:51;0;RUA CEL VIRGILIO NOGUEIRA (BOM JARDIM);;;;;Colisão;;;;Meio de Quadra;;;0;0;1;0;0;0;0;0;0;0;0;0;;
290123;19;6;2016;19:22;0;AV CONTORNO NORTE (SAO CRSITOVAO);;;33;;Colisão;;;;Meio de Quadra;;;0;0;1;0;0;0;0;0;0;0;0;0;;
290124;19;6;2016;20:22;19664;RUA GUSTAVO SAMPAIO;RUA PRO JOSE DE BARCELOS;;;;Colisão;;;;Cruz;Pare;Residencial;0;1;0;0;0;0;0;0;0;0;0;0;-38,550829;-3,734101
290125;19;6;2016;20:35;14585;AV EDILSON B SOARES;RUA NUBIA BARROCAS;;;;Colisão;;;;Cruz;Pare;Residencial;0;0;2;0;0;0;0;0;0;0;0;0;-38,482203;-3,78959
289275;19;6;2016;17:00;0;RUA COS LAFAYETE;;;;;Atropelamento;Anoitecer;;;Meio de Quadra;;;1;0;1;1;0;0;0;0;0;0;0;0;;
289280;20;6;2016;04:00;19272;AV JOAO PESSOA;RUA GIRO;;;;Colisão Frontal;;;;T;Pare;Comercial;1;0;1;1;0;0;0;0;0;1;0;0;-38,562258;-3,773126
287497;20;6;2016;07:50;0;RD BR 116;;;0;KM-14;Queda;Luz do Dia;Bom;Seca;Meio de Quadra;;;0;1;0;0;0;0;0;0;0;1;0;0;-38,49954149;-3,874582847
287253;20;6;2016;19:00;0;RD BR 116;;;100;KM-05;Colisão Traseira;;Bom;Seca;Meio de Quadra;;;0;1;3;1;0;0;0;0;0;1;0;0;-38,50617967;-3,797701134
287195;20;6;2016;09:15;0;RD BR 116;;;500;KM-04;Choque c/ Obstáculo Fixo;Luz do Dia;Bom;Seca;Meio de Quadra;;;0;1;0;0;0;0;0;0;0;1;0;0;-38,51003863;-3,789525584
287101;20;6;2016;18:55;0;RD BR 116;;;100;KM-02;Colisão Traseira;;Bom;Seca;Meio de Quadra;;;0;0;3;1;0;0;0;0;0;0;0;0;-38,5163975;-3,772578051
286691;20;6;2016;17:30;0;AV SEN CARLOS JEREISSATI (AEROPORTO);;;;KM 01;Colisão;Anoitecer;Bom;Seca;Meio de Quadra;;;0;0;2;1;0;0;0;0;0;0;0;0;-38,52685;-3,783753
286688;20;6;2016;07:20;0;AV MIN JOSE AMERICO;;;;;Colisão;Luz do Dia;Bom;Seca;Meio de Quadra;;;0;0;2;1;0;0;1;0;0;0;0;0;;
286694;20;6;2016;19:00;0;RD CE-040;;;;KM-09;Engavetamento;;Bom;Seca;Meio de Quadra;;;0;0;3;1;0;0;1;0;0;0;0;0;-38,481538;-3,825516
286704;20;6;2016;18:15;0;RD CE-040;;;;KM-09;Colisão;Anoitecer;Bom;Seca;Meio de Quadra;;;0;0;2;1;0;0;0;0;0;0;0;0;-38,481538;-3,825516
284046;20;6;2016;08:30;26268;RUA COS TRISTAO;RUA PDE BARBOSA DE JESUS;;;;Colisão Transversal;Luz do Dia;Bom;Seca;Cruz;Pare;Residencial;0;2;0;0;0;0;0;0;0;1;0;0;-38,52989;-3,748501
293753;20;6;2016;00:19;0;RUA PACAVIRA D71;;;577;;Capotamento;;;;Meio de Quadra;;;0;0;1;1;0;0;0;0;0;0;0;0;-38,589342;-3,821321
293758;20;6;2016;00:56;0;RUA FRE TEODORO;;;1131;;Queda;;;;Meio de Quadra;;;0;1;0;0;0;0;0;0;0;1;0;0;;
293755;20;6;2016;00:56;0;RUA FRE TEODORO;;;1131;;Colisão;;;;Meio de Quadra;;;0;2;0;0;0;0;0;0;0;1;0;0;;
293779;20;6;2016;06:49;0;AV PRS CASTELO BRANCO;;;6131;;Colisão Transversal;Luz do Dia;Bom;Seca;Meio de Quadra;Não Há Controle;Comercial;0;1;3;1;0;0;0;0;0;1;0;0;-38,585477;-3,701115