COD_ACIDENTE;DIA;MES;ANO;HORA;INTERSECAO;LOG1;LOG2;LOG3;NUMERO;REFERENCIA;NATUREZA;ILUMINACAO;TEMPO;SUPERFICIEPISTA;TIPOCRUZAMENTO;CONTROLETRAFEGO;USOSOLO;MORTOS;FERIDOS;ILESOS;AUTOMOVEL;ONIBUS;BICICLETA;CAMINHAO;MICROONIBUS;CICLOMOTOR;MOTOCICLETA;TRACAOANIMAL;TREM;LONG;LAT
293785;20;6;2016;07:14;0;RD CE-040;;;2400;;Queda;Luz do Dia;;;Meio de Quadra;;;0;1;0;0;0;0;0;0;0;1;0;0;;
293787;20;6;2016;07:16;0;AV ROGACIANO LEITE;;;97;;Colisão;Luz do Dia;;;Meio de Quadra;;;0;2;0;1;0;0;0;0;0;1;0;0;-38,491525;-3,757392
293763;20;6;2016;04:05;0;AV JOAO PESSOA;;;7183;;Colisão;;;;Meio de Quadra;;;0;2;0;1;0;0;0;0;0;1;0;0;-38,562123;-3,772836
293765;20;6;2016;05:02;0;RUA CACHOEIRA;;;210;;Colisão;Amanhecer;;;Meio de Quadra;;;0;2;0;1;0;0;0;0;0;1;0;0;-38,508489;-3,785389
293790;20;6;2016;07:22;0;AV WASHINGTON SOARES;;;;;Colisão;Luz do Dia;;;;;;0;2;0;1;0;0;0;0;0;1;0;0;;
293793;20;6;2016;07:49;23918;RUA CORREGO DAS FLORES;RUA SAO JOAO D34 (BONSUCESSO);;;;Queda;Luz do Dia;;;;;;0;0;1;0;0;0;0;0;0;1;0;0;;
293804;20;6;2016;08:50;22075;RUA FRE MARCELINO;RUA VALDEMIRO CAVALCANTE;;;;Queda;Luz do Dia;;;Cruz;Pare;Residencial;0;1;0;0;0;0;0;0;0;1;0;0;-38,557474;-3,749313
293811;20;6;2016;09:45;0;AV N CJ JOSE WALTER;;;;;Colisão;Luz do Dia;;;Meio de Quadra;;;0;2;0;1;0;0;0;0;0;1;0;0;;
293801;20;6;2016;08:33;8643;AV EDILSON B SOARES;AV ENG LEAL LIMA VERDE (SAPIRANGA/COITE);;;;Colisão;Luz do Dia;;;Cruz;Pare;Residencial;0;2;0;1;0;0;0;0;0;1;0;0;-38,476215;-3,789082
293815;20;6;2016;09:48;0;RUA BERNARDO MANUEL;;;1350;;Colisão;Luz do Dia;;;Meio de Quadra;;;0;2;0;1;0;0;0;0;0;1;0;0;;
293824;20;6;2016;09:49;7633;AV CARNEIRO DE MENDONCA;RUA RIO GRANDE DO SUL;;;;Colisão;Luz do Dia;;;Cruz;Semáforo;Misto;0;3;0;1;0;0;0;0;0;1;0;0;-38,570011;-3,762374
293825;20;6;2016;09:56;0;RD BR 116;;;;;Queda;Luz do Dia;;;Meio de Quadra;;;0;1;0;0;0;0;0;0;0;1;0;0;;
293827;20;6;2016;10:38;11035;RUA GERMANO FRANCK;RUA JULIO VERNE;;267;;Colisão Frontal;Luz do Dia;Bom;Seca;Cruz;Pare;Comercial;0;1;3;1;0;0;0;0;0;1;0;0;;
293834;20;6;2016;10:52;0;RUA SEN ROBERT KENNEDY;;;6566;;Atropelamento;Luz do Dia;;;Meio de Quadra;;;0;2;0;0;0;0;0;0;0;0;0;0;;
293837;20;6;2016;11:22;26238;AV SIQUEIRA CAMPOS;RUA IRINEU MACHADO;;;;Colisão;Luz do Dia;;;;;;0;2;0;0;0;0;0;0;0;1;0;0;;
293841;20;6;2016;12:30;0;RUA PRO HERIBALDO COSTA;;;10;;Colisão;Luz do Dia;;;Meio de Quadra;;;0;2;0;1;0;0;0;0;0;1;0;0;;
293842;20;6;2016;12:55;0;RUA HUMBERTO LOMEU;;;1092;;Colisão;Luz do Dia;;;Meio de Quadra;;;0;2;0;1;0;0;0;0;0;1;0;0;;
293846;20;6;2016;13:44;19366;AV DR SILAS MUNGUBA;RUA GERMANO FRANCK;;;;Colisão;Luz do Dia;;;Cruz;Semáforo;Comercial;0;2;0;1;0;0;0;0;0;1;0;0;-38,562004;-3,777251
293848;20;6;2016;13:57;0;AV DOS EXPEDICIONARIOS;;;4400;;Colisão;Luz do Dia;;;Meio de Quadra;;;0;2;0;1;0;0;0;0;0;1;0;0;;
293857;20;6;2016;17:10;0;AV DR SILAS MUNGUBA;;;;;Colisão;Anoitecer;;;Meio de Quadra;;;0;2;0;1;0;0;0;0;0;1;0;0;;
293860;20;6;2016;18:24;0;AV GAL OSORIO DE PAIVA;;;848;;Colisão;Anoitecer;;;Meio de Quadra;;;0;2;0;1;0;0;0;0;0;1;0;0;-38,56973;-3,777663
293861;20;6;2016;20:01;15120;RUA ANTONIO AUGUSTO;RUA DR ATUALPA BARBOSA LIMA (P. IRACEMA);;;;Colisão;;;;Cruz;Pare;Residencial;0;2;0;1;0;0;0;0;0;1;0;0;-38,511198;-3,723259
293850;20;6;2016;14:05;0;AV DOS EXPEDICIONARIOS;;;4285;;Colisão;Luz do Dia;;;Meio de Quadra;;;0;2;0;1;0;0;0;0;0;1;0;0;-38,538335;-3,755562
293852;20;6;2016;14:16;5189;RUA PEDRO PEREIRA;RUA PDE IBIAPINA;;;;Colisão;Luz do Dia;;;;;;0;2;0;1;0;0;0;0;0;1;0;0;-38,540601;-3,72594
293853;20;6;2016;15:15;0;AV F CJ ESPERANCA;;;235;;Colisão;Luz do Dia;;;Meio de Quadra;;;0;2;0;1;0;0;0;0;0;1;0;0;-38,587685;-3,816666
293855;20;6;2016;17:09;20042;AV ALBERTO CRAVEIRO;AV DR SILAS MUNGUBA;;;;Colisão;Anoitecer;;;Rotatória;Gesto;Comercial;0;2;0;1;0;0;0;0;0;1;0;0;-38,524782;-3,807229
293204;20;6;2016;12:01;16281;RUA ANTONIO PEREIRA;RUA ANTONIO BARBOSA;;;;Colisão;Luz do Dia;;;Cruz;Pare;Residencial;0;1;2;1;0;0;0;0;0;1;0;0;-38,565289;-3,832952
293211;20;6;2016;00:30;0;AV AMERICO BARREIRA;;;3200;;Colisão;;;;Meio de Quadra;;;0;1;1;1;0;0;0;0;0;1;0;0;;
290163;20;6;2016;08:33;0;AV 13 DE MAIO;;;1257;;Colisão;Luz do Dia;;;Meio de Quadra;;;0;0;1;0;0;0;0;0;0;0;0;0;-38,530168;-3,748602
290164;20;6;2016;09:05;0;AV DES FAUSTINO ALBUQUERQUE;;;613;;Colisão;Luz do Dia;;;Meio de Quadra;;;0;0;2;0;0;0;0;0;0;0;0;0;-38,499167;-3,784887
290165;20;6;2016;10:46;0;RUA CARLOS RIBEIRO;;;;;Colisão;Luz do Dia;;;Meio de Quadra;;;0;0;1;0;0;0;0;0;0;0;0;0;;
290166;20;6;2016;10:59;15117;AV HIS RAIMUNDO GIRAO;RUA MON BRUNO;;;;Colisão;Luz do Dia;;;T;Não Há Controle;Rural;0;0;1;0;0;0;0;0;0;0;0;0;-38,506415;-3,723076
290168;20;6;2016;11:38;26238;AV SIQUEIRA CAMPOS;RUA IRINEU MACHADO;;;;Colisão;Luz do Dia;;;;;;0;1;1;0;0;0;0;0;0;0;0;0;;
290171;20;6;2016;11:44;13261;AV G CJ JOSE WALTER;AV JOAO DE ARAUJO LIMA;;;;Colisão;Luz do Dia;;;Cruz;Gesto;Comercial;0;0;1;0;0;0;0;0;0;0;0;0;-38,561487;-3,837034
290155;20;6;2016;04:11;0;AV JOAO PESSOA;;;;;Colisão;;;;Meio de Quadra;;;0;0;2;0;0;0;0;0;0;0;0;0;;
290156;20;6;2016;07:16;11035;RUA GERMANO FRANCK;RUA JULIO VERNE;;;;Colisão;Luz do Dia;;;Cruz;Não Há Controle;Residencial;0;1;1;1;0;0;0;0;0;1;0;0;;
290158;20;6;2016;08:15;5191;AV DOM MANUEL;RUA PEREIRA FILGUEIRAS;;;;Colisão;Luz do Dia;;;Cruz;Semáforo;Comercial;0;1;1;1;0;0;0;0;0;0;0;0;-38,520338;-3,725943
290159;20;6;2016;08:17;0;AV AGUANAMBI;;;1977;;Colisão Lateral;Luz do Dia;Bom;Seca;Meio de Quadra;Semáforo;Comercial;0;0;4;1;1;0;0;0;0;0;0;0;-38,523515;-3,754567
290160;20;6;2016;08:18;251;RUA DOM JOSE LOURENCO  D27;RUA GAL BERNARDO FIGUEIREDO;;;;Colisão;Luz do Dia;;;Cruz;Pare;Residencial;0;0;2;0;0;0;0;0;0;0;0;0;-38,558444;-3,740999
290174;20;6;2016;11:46;5421;AV DUQ CAXIAS;AV VIS RIO BRANCO;;;;Colisão;Luz do Dia;;;;;;0;0;1;0;0;0;0;0;0;0;0;0;-38,524603;-3,733481
290175;20;6;2016;12:36;4562;RUA PDE PAULINO;RUA TIBURCIO PEREIRA;;;;Colisão;Luz do Dia;;;Cruz;Não Há Controle;Comercial;0;0;1;0;0;0;0;0;0;0;0;0;-38,508142;-3,797721
290176;20;6;2016;13:05;0;AV EDUARDO GIRAO;;;;;Colisão;Luz do Dia;;;Meio de Quadra;;;0;0;1;0;0;0;0;0;0;0;0;0;;
290177;20;6;2016;14:10;7948;AV PONTES VIEIRA;RUA JOAQUIM NABUCO;;;;Colisão;Luz do Dia;;;Cruz;Semáforo;Comercial;0;0;2;1;0;0;0;0;0;0;0;0;-38,506628;-3,751917
290178;20;6;2016;14:14;0;AV DOS EXPEDICIONARIOS;;;;;Colisão;Luz do Dia;;;Meio de Quadra;;;0;0;1;0;0;0;0;0;0;0;0;0;;
290180;20;6;2016;14:17;14449;RUA JOSE CANDIDO D08;RUA DEMOCRITO ROCHA;;;;Colisão Lateral;Luz do Dia;Não Informado;Seca;Cruz;Pare;Residencial;0;0;5;1;0;0;0;0;0;1;0;0;-38,550628;-3,726149
290182;20;6;2016;14:20;0;AV OLIVEIRA PAIVA;;;;;Colisão;Luz do Dia;;;Meio de Quadra;;;0;0;1;0;0;0;0;0;0;0;0;0;;
290183;20;6;2016;15:13;0;RUA SILVA PAULET;;;1688;;Colisão Traseira;Luz do Dia;Bom;Seca;Meio de Quadra;Não Há Controle;Comercial;0;1;3;1;0;0;0;0;0;0;0;0;-38,506887;-3,738986
290184;20;6;2016;15:37;0;AV ROGACIANO LEITE;;;2680;;Colisão;Luz do Dia;;;Meio de Quadra;;;0;0;1;0;0;0;0;0;0;0;0;0;;
290185;20;6;2016;16:05;0;AV JOSE BASTOS;;;2500;;Colisão;Luz do Dia;;;Meio de Quadra;;;0;0;1;0;0;0;0;0;0;0;0;0;;
290187;20;6;2016;16:10;0;AV DR SILAS MUNGUBA;;;400;;Colisão Lateral;Luz do Dia;Bom;Seca;Outros;Não Há Controle;Comercial;0;1;3;1;0;0;0;0;0;0;0;0;-38,561629;-3,777873
290188;20;6;2016;16:19;22171;RUA CAP FRANCISCO PEDRO;RUA MAJ WEYNE;;;;Colisão;Luz do Dia;;;Cruz;Pare;Residencial;0;0;1;0;0;0;0;0;0;0;0;0;-38,547617;-3,745761
290190;20;6;2016;16:40;0;AV JOVITA FEITOSA;;;132;;Colisão Traseira;Luz do Dia;Bom;Seca;Meio de Quadra;Semáforo;Comercial;0;1;4;1;0;0;0;0;0;0;0;0;-38,54495;-3,737475
290191;20;6;2016;17:28;1574;RUA PDE VALDEVINO;RUA JOSE VILAR;;;;Colisão Lateral;Anoitecer;;;Cruz;Semáforo;Comercial;0;1;1;0;1;0;0;0;0;0;0;0;-38,506779;-3,7423
290193;20;6;2016;17:40;0;ET PAVUNA;;;;;Colisão;Anoitecer;;;Meio de Quadra;;;0;0;2;1;0;0;0;0;0;1;0;0;;
290194;20;6;2016;17:58;15374;AV DOM LUIS;RUA FREDERICO BORGES;;;;Colisão Lateral;Via Iluminada;Bom;Seca;Cruz;Semáforo;Comercial;0;0;4;1;0;0;0;0;0;1;0;0;-38,489136;-3,73589
290195;20;6;2016;18:33;19269;RUA PRO GOMES BRASIL;RUA MARACANA;;;;Colisão;;;;Cruz;Pare;Comercial;0;0;2;1;0;0;0;0;0;0;0;0;-38,568438;-3,77284
290197;20;6;2016;18:35;0;AV FRANCISCO SA;;;1801;;Atropelamento;Anoitecer;Bom;Seca;Meio de Quadra;Não Há Controle;Comercial;0;1;4;0;1;0;0;0;0;0;0;0;-38,541937;-3,722459
290198;20;6;2016;18:36;5194;RUA MAJ FACUNDO;RUA SAO PAULO;;;;Atropelamento;;;;Cruz;Semáforo;Comercial;0;1;1;0;0;0;0;0;0;0;0;0;-38,527355;-3,726091
290199;20;6;2016;19:14;1358;AV DES MOREIRA;AV SANTOS DUMONT;;;;Colisão;;;;Cruz;Semáforo;Comercial;0;0;1;0;0;0;0;0;0;0;0;0;-38,498365;-3,736226
290200;20;6;2016;19:16;0;AV GAL OSORIO DE PAIVA;;;857;;Colisão;;;;Meio de Quadra;;;0;0;2;1;0;0;0;0;0;1;0;0;-38,570045;-3,777862
290201;20;6;2016;19:18;13249;RUA 91 CJ JOSE WALTER;AV F CJ JOSE WALTER;;;;Colisão;;;;;;;0;0;1;0;0;0;0;0;0;0;0;0;-38,555478;-3,836348
290203;20;6;2016;19:21;0;AV FRANCISCO SA;;;;;Colisão;;;;Meio de Quadra;;;0;0;1;0;0;0;0;0;0;0;0;0;;
290204;20;6;2016;19:26;0;AV ALM HENRIQUE SABOIA;;;4141;;Colisão Traseira;Via Iluminada;Bom;Seca;Meio de Quadra;Não Há Controle;Residencial;0;0;4;0;0;0;0;0;0;0;0;0;;
290206;20;6;2016;19:28;0;AV ENG SANTANA JUNIOR;;;255;;Colisão;;;;Meio de Quadra;;;0;0;1;0;0;0;0;0;0;0;0;0;-38,479692;-3,731862
290208;20;6;2016;20:32;9952;RUA JOSE TORRES;RUA EMILIO DE MENESES;;;;Colisão;;;;Cruz;Pare;Comercial;0;0;1;0;0;0;0;0;0;0;0;0;-38,606283;-3,776425
290210;20;6;2016;21:49;17360;RUA ZACARIAS GONDIM;RUA ELVIRA PINHO;;;;Colisão Transversal;Via Iluminada;Bom;Seca;Cruz;Pare;Residencial;0;0;4;1;0;0;0;0;0;0;0;0;-38,557766;-3,766122
290211;20;6;2016;23:10;0;RUA SEN ALVARO ADOLFO;;;1632;;Colisão Transversal;Mal Iluminada;Bom;Seca;Cruz;Pare;Residencial;0;0;6;1;0;0;0;0;0;0;0;0;-38,582911;-3,733685
290426;20;6;2016;09:30;0;RUA PDE VALDEVINO;;;375;;Colisão Traseira;Luz do Dia;Bom;Seca;Meio de Quadra;Outros;Residencial;0;0;3;1;0;0;0;0;0;0;0;0;;
285729;20;6;2016;14:20;0;AV PONTES VIEIRA;;;2666;;Colisão Transversal;Luz do Dia;Bom;Seca;Meio de Quadra;Não Há Controle;Comercial;0;1;1;1;0;0;0;0;0;1;0;0;-38,497734;-3,750891
285733;20;6;2016;10:40;7762;AV ANTONIO SALES;RUA NUNES VALENTE;;;;Colisão;Luz do Dia;Bom;Seca;Cruz;Pare;Comercial;0;1;1;1;0;0;0;0;0;1;0;0;-38,506314;-3,744237
285747;20;6;2016;09:37;13132;AV JOAO DE ARAUJO LIMA;AV D CJ JOSE WALTER;;;;Colisão Transversal;Luz do Dia;Bom;Seca;Cruz;Semáforo;Comercial;1;1;1;0;0;0;1;0;0;1;0;0;-38,560009;-3,830303
285741;20;6;2016;13:00;24372;RUA ALM RUFINO;AV LUCIANO CARNEIRO;;;;Colisão Traseira;Luz do Dia;Bom;Seca;Cruz;Semáforo;Comercial;0;0;2;0;0;0;0;0;0;0;0;0;-38,537195;-3,76658
285743;20;6;2016;08:30;25211;RUA OSCAR ARARIPE;RUA MARIA JULIA ROCHA;;;;Colisão;Luz do Dia;Bom;Seca;Cruz;Semáforo;Comercial;0;1;1;1;0;0;0;0;0;1;0;0;;
285754;20;6;2016;10:35;0;RUA GAL TERTULIANO POTYGUARA;;;1855;;Colisão Traseira;Luz do Dia;Bom;Seca;Meio de Quadra;Não Há Controle;Residencial;0;0;2;1;0;0;0;0;0;0;0;0;-38,490571;-3,746301
285749;20;6;2016;06:35;0;AV JOSE LEON;;;1256;;Colisão Traseira;Luz do Dia;Bom;Seca;Meio de Quadra;Outros;Residencial;0;2;1;1;0;0;0;1;0;1;0;0;-38,499515;-3,788399
285710;20;6;2016;16:10;10992;RUA BAR CANINDE;RUA DOM CARLOTO TAVORA;;;;Colisão Lateral;Luz do Dia;Bom;Seca;Cruz;Pare;Residencial;0;0;2;1;0;0;0;0;0;1;0;0;-38,557103;-3,769531
285721;20;6;2016;17:30;1566;RUA PDE VALDEVINO;RUA SILVA PAULET;;;;Colisão Transversal;Anoitecer;Bom;Seca;Cruz;Pare;Residencial;0;0;4;1;1;0;1;0;0;0;0;0;-38,507851;-3,741957
285705;20;6;2016;08:00;0;AV CARAPINIMA;;;2415;;Colisão Traseira;Luz do Dia;Bom;Seca;Meio de Quadra;Não Há Controle;Comercial;0;1;1;0;0;0;0;0;0;1;0;0;-38,540886;-3,740648
285696;20;6;2016;09:00;0;AV CARAPINIMA;;;;;Colisão Lateral;Luz do Dia;Bom;Seca;Meio de Quadra;Pare;Comercial;0;1;1;1;0;0;0;0;0;1;0;0;;
285765;20;6;2016;10:25;1743;RUA CAP ARAGAO;RUA TEN BARBOSA D46;;;;Colisão Transversal;Luz do Dia;Bom;Seca;Cruz;Pare;Residencial;0;0;2;1;0;0;0;0;0;0;0;0;-38,51204;-3,76473
285759;20;6;2016;08:10;1456;AV SANTOS DUMONT;RUA CEL JUCA;;;;Colisão Lateral;Luz do Dia;Bom;Seca;Cruz;Semáforo;Comercial;0;0;2;0;0;0;0;0;0;1;0;0;-38,49153;-3,738438
285761;20;6;2016;10:00;23567;AV GOV RAUL BARBOSA;RUA ESV PINHEIRO;;;;Colisão Lateral;Luz do Dia;Bom;Seca;Duplo T;Pare;Residencial;0;0;2;1;0;0;1;0;0;0;0;0;-38,507767;-3,761659
285778;20;6;2016;17:10;0;AV ALBERTO CRAVEIRO;;;2770;CASTELAO;Colisão Lateral;Anoitecer;Bom;Seca;Meio de Quadra;Pare;Residencial;0;0;2;0;1;0;0;0;0;1;0;0;-38,523255;-3,805335
285775;20;6;2016;10:00;0;RUA BERNARDO MANUEL;;;1175;;Colisão Lateral;Luz do Dia;Bom;Seca;Outros;Não Há Controle;Residencial;0;1;1;1;0;0;0;0;0;1;0;0;;
285772;20;6;2016;06:35;25435;AV ALBERTO CRAVEIRO;RUA PAULA FRANCINETE;;;;Colisão Transversal;Luz do Dia;Bom;Seca;T;Pare;Comercial;0;1;1;0;0;0;0;1;0;1;0;0;-38,518044;-3,795238
285768;20;6;2016;12:15;5146;RUA GUILHERME ROCHA;RUA PRC ISABEL;;;;Colisão Transversal;Luz do Dia;Bom;Seca;Cruz;Pare;Comercial;0;0;2;1;1;0;0;0;0;0;0;0;-38,534931;-3,72472
285781;20;6;2016;11:45;19366;RUA GERMANO FRANCK;AV DR SILAS MUNGUBA;;;;Colisão Traseira;Luz do Dia;Bom;Seca;Cruz;Semáforo;Comercial;0;0;2;1;0;0;0;0;0;0;0;0;-38,562004;-3,777251
285786;20;6;2016;11:15;24956;AV ENG ALBERTO SA;AV ALM HENRIQUE SABOIA;;;;Colisão Lateral;Luz do Dia;Bom;Seca;Cruz;Semáforo;Comercial;0;0;2;1;0;0;1;0;0;0;0;0;-38,48289;-3,732499
285787;20;6;2016;18:40;7847;RUA JOSE VILAR;RUA JOAQUIM SA;;;;Colisão Transversal;Via Iluminada;Bom;Seca;Cruz;Pare;Residencial;0;0;2;0;0;0;1;0;0;0;0;0;-38,508665;-3,748119
301036;20;6;2016;08:30;26268;RUA COS TRISTAO;RUA PDE BARBOSA DE JESUS;;0;;Colisão Transversal;Luz do Dia;Bom;Seca;Cruz;Pare;Residencial;0;2;0;0;0;0;0;0;0;1;0;0;-38,52989;-3,748501
301037;20;6;2016;16:28;7948;AV PONTES VIEIRA;RUA JOAQUIM NABUCO;;0;;Colisão Transversal;Luz do Dia;Bom;Seca;Outros;Semáforo;Comercial;0;2;0;1;0;0;0;0;0;0;0;0;-38,506628;-3,751917
301038;20;6;2016;17:20;0;RUA VER ZELIA C DE SOUZA;RUA FRANKLIM BEZERRA;;0;;Colisão Transversal;Via Iluminada;Bom;Seca;T;Não Há Controle;Residencial;0;0;2;1;0;0;0;0;0;1;0;0;;
301039;21;6;2016;18:55;0;RUA SAO GABRIEL;RUA PRO FRANCISCO GONCALVES;;0;;Colisão Traseira;Via Iluminada;Bom;Seca;Meio de Quadra;Pare;Comercial;0;0;2;1;0;0;0;0;0;0;0;0;;
301040;21;6;2016;19:30;6733;AV ENG SANTANA JUNIOR;RUA ANDRADE FURTADO;;0;;Colisão Lateral;Via Iluminada;Bom;Seca;Meio de Quadra;Não Há Controle;Comercial;0;0;2;1;1;0;0;0;0;0;0;0;-38,487269;-3,743312
301041;21;6;2016;21:45;0;AV PRS CASTELO BRANCO;;;3804;;Colisão Traseira;Mal Iluminada;Bom;Seca;Meio de Quadra;Semáforo;Residencial;0;0;3;1;0;0;0;0;0;0;0;0;-38,566462;-3,709076
285760;21;6;2016;07:00;0;AV GAL OSORIO DE PAIVA;;;2479;;Colisão Lateral;Luz do Dia;Bom;Seca;Meio de Quadra;Não Há Controle;Comercial;0;0;2;1;0;0;0;0;0;0;0;0;-38,585007;-3,787395
285750;21;6;2016;09:30;0;AV SGT HERMINIO SAMPAIO;;;;;Colisão Traseira;;Bom;Seca;Meio de Quadra;Semáforo;Residencial;0;0;2;1;0;0;0;0;0;0;0;0;;
285752;21;6;2016;08:00;1486;RUA JOSE VILAR;RUA CATAO MAMEDE;;;;Colisão Traseira;Luz do Dia;Bom;Seca;Cruz;;Residencial;0;0;2;0;0;0;0;0;0;0;0;0;-38,505781;-3,73926
285753;21;6;2016;08:50;0;RUA JAIME BENEVOLO;;;756;;Colisão Lateral;Luz do Dia;Bom;Seca;Meio de Quadra;Não Há Controle;Residencial;0;0;2;1;0;0;0;0;0;0;0;0;-38,527569;-3,738761
285755;21;6;2016;06:30;0;RUA EMILIO DE MENESES;;;1551;;Colisão Traseira;Luz do Dia;Bom;Seca;Meio de Quadra;Outros;Residencial;0;0;2;0;1;0;0;0;0;1;0;0;-38,595057;-3,779591
285757;21;6;2016;11:00;0;RUA LUIS VIEIRA;;;;;Colisão Traseira;Luz do Dia;Bom;Seca;Meio de Quadra;;Residencial;0;0;2;0;1;0;0;0;0;0;0;0;;
285758;21;6;2016;05:00;25268;RUA JORGE ACURCIO;AV BORGES DE MELO;;;;Colisão Lateral;Luz do Dia;Bom;Seca;T;Não Há Controle;Comercial;0;0;2;1;1;0;0;0;0;0;0;0;-38,529837;-3,760118
285744;21;6;2016;15:30;0;AV SGT HERMINIO SAMPAIO;;;2076;;Colisão;Luz do Dia;Bom;Seca;Meio de Quadra;;Residencial;0;0;3;1;0;0;0;0;0;0;0;0;-38,559338;-3,726164
285742;21;6;2016;13:40;0;RUA CASIMIRO DE ABREU;;;62;;Outros;Luz do Dia;Bom;Seca;Meio de Quadra;;Residencial;0;0;2;1;0;0;0;0;0;0;0;0;-38,561035;-3,779874
285748;21;6;2016;13:30;22127;RUA MAJ PEDRO SAMPAIO;RUA GUSTAVO BRAGA;;;;Colisão Lateral;Luz do Dia;Bom;Seca;Cruz;Pare;Residencial;0;0;2;1;0;0;0;0;0;0;0;0;-38,555389;-3,748479
285746;21;6;2016;18:30;0;RUA CAP GUSTAVO;;;3411;;Colisão Traseira;Via Iluminada;Bom;Seca;Meio de Quadra;Não Há Controle;Lazer;0;0;2;1;0;0;0;0;0;1;0;0;-38,517515;-3,751152
285734;21;6;2016;13:45;0;RUA CEL TIBURCIO;;;;;Colisão Lateral;Luz do Dia;Bom;Seca;Meio de Quadra;Pare;Residencial;0;0;2;1;0;0;0;0;0;0;0;0;;
285731;21;6;2016;19:20;6737;AV ENG SANTANA JUNIOR;AV PDE ANTONIO TOMAS;;;;Colisão Lateral;Via Iluminada;Bom;Seca;Outros;Pare;Comercial;0;0;2;1;0;0;0;1;0;0;0;0;-38,488012;-3,743981
285739;21;6;2016;15:40;0;RUA PRO COSTA MENDES;;;480;;Colisão Transversal;Luz do Dia;Bom;Seca;Meio de Quadra;Não Há Controle;Residencial;0;0;2;1;1;0;0;0;0;0;0;0;-38,545324;-3,756057
285726;21;6;2016;08:20;5030;RUA ALM JACEGUAI;AV ALM BARROSO;;;;Colisão Lateral;;Bom;Seca;Cruz;Semáforo;Comercial;0;0;2;0;1;0;1;0;0;0;0;0;-38,519363;-3,720749
290212;21;6;2016;01:16;21682;AV DA INDEPENDENCIA;RUA PDE MANUEL PRIMO;;1306;;Choque c/ Obstáculo Fixo;Via Iluminada;Bom;Seca;Cruz;Pare;Residencial;0;0;4;1;0;0;0;0;0;0;0;0;-38,592488;-3,72647
290213;21;6;2016;07:17;0;RUA PRO GOMES BRASIL;;;;;Colisão;Luz do Dia;;;Meio de Quadra;;;0;0;1;0;0;0;0;0;0;0;0;0;;
290214;21;6;2016;07:23;12032;AV BULEVAR I;AV CASTELO DE CASTRO;;;;Colisão;Luz do Dia;;;Cruz;Pare;Comercial;0;0;1;0;0;0;0;0;0;0;0;0;-38,521582;-3,833689
290216;21;6;2016;07:25;0;AV GOV RAUL BARBOSA;;;7426;;Colisão;Luz do Dia;;;Meio de Quadra;;;0;0;1;0;0;0;0;0;0;0;0;0;-38,513222;-3,776587
290218;21;6;2016;07:38;0;RUA CAP BRASIL;;;366;;Colisão;Luz do Dia;;;Meio de Quadra;;;0;0;1;0;0;0;0;0;0;0;0;0;-38,586336;-3,737055
290219;21;6;2016;07:44;7733;AV JOAO PESSOA;RUA BAR SOBRAL;;;;Colisão;Luz do Dia;;;T;Semáforo;Comercial;0;0;1;0;0;0;0;0;0;0;0;0;;
290220;21;6;2016;07:57;11774;RUA JACINTO MATOS;RUA STA CLARA DE ASSIS;;;;Colisão;Luz do Dia;;;;;;0;0;1;0;0;0;0;0;0;0;0;0;-38,546457;-3,716059
290221;21;6;2016;08:55;19313;RUA GERMANO FRANCK;RUA CON LIMA SUCUPIRA;;;;Colisão Transversal;Luz do Dia;Bom;Seca;T;Pare;Comercial;0;0;4;1;0;0;0;0;0;1;0;0;-38,559584;-3,775196
290222;21;6;2016;11:18;0;RUA GERMANO FRANCK;;;100;;Choque c/ Obstáculo Fixo;Luz do Dia;;;Meio de Quadra;;;0;0;1;0;0;0;0;0;0;0;0;0;-38,558176;-3,773995
290223;21;6;2016;11:31;0;RUA GERMANO FRANCK;;;;;Choque c/ Obstáculo Fixo;Luz do Dia;;;Meio de Quadra;;;0;0;1;0;0;0;0;0;0;0;0;0;;
290225;21;6;2016;11:47;0;ET DO FIO (MESSEJANA);;;1540;;Colisão;Luz do Dia;;;Meio de Quadra;;;0;0;1;0;0;0;0;0;0;0;0;0;;
290226;21;6;2016;12:00;0;AV PRS CASTELO BRANCO;;;2985;;Colisão;Luz do Dia;;;Meio de Quadra;;;0;0;1;0;0;0;0;0;0;0;0;0;-38,555823;-3,711832
290227;21;6;2016;12:04;26236;RUA BERNARDO MANUEL;AV DR SILAS MUNGUBA;;;;Colisão;Luz do Dia;;;Cruz;Semáforo;Comercial;0;0;2;0;0;0;0;0;0;0;0;0;-38,54796;-3,787538
290228;21;6;2016;12:38;0;AV FRE CIRILO;;;;;Colisão;Luz do Dia;;;Meio de Quadra;;;0;0;1;0;0;0;0;0;0;0;0;0;;
290229;21;6;2016;13:28;1378;RUA DES LEITE ALBUQUERQUE;RUA OSVALDO CRUZ (ALDEOTA);;;;Colisão;Luz do Dia;;;Cruz;Pare;Comercial;0;0;2;0;0;0;0;0;0;0;0;0;-38,50064;-3,736598
290231;21;6;2016;13:53;19328;RUA EDUARDO PERDIGAO;RUA CON DE CASTRO;;;;Colisão;Luz do Dia;;;Cruz;Não Há Controle;Comercial;0;0;2;1;0;0;0;0;0;0;0;0;-38,564769;-3,775579
290233;21;6;2016;14:29;1303;AV DOM LUIS;RUA BARBOSA DE FREITAS;;;;Colisão Lateral;Luz do Dia;Bom;Seca;Cruz;Semáforo;Comercial;0;0;4;1;0;0;0;0;0;0;0;0;-38,496396;-3,733564