COD_ACIDENTE;DIA;MES;ANO;HORA;INTERSECAO;LOG1;LOG2;LOG3;NUMERO;REFERENCIA;NATUREZA;ILUMINACAO;TEMPO;SUPERFICIEPISTA;TIPOCRUZAMENTO;CONTROLETRAFEGO;USOSOLO;MORTOS;FERIDOS;ILESOS;AUTOMOVEL;ONIBUS;BICICLETA;CAMINHAO;MICROONIBUS;CICLOMOTOR;MOTOCICLETA;TRACAOANIMAL;TREM;LONG;LAT
290234;21;6;2016;15:56;5347;RUA PEDRO I;RUA BAR RIO BRANCO;;;;Colisão Lateral;Luz do Dia;Bom;Seca;Cruz;Semáforo;Comercial;0;0;2;1;1;0;0;0;0;0;0;0;-38,529673;-3,730887
290235;21;6;2016;15:48;0;RUA PDE VALDEVINO;;;26488;;Colisão Traseira;Luz do Dia;Não Informado;Seca;Meio de Quadra;Pare;Residencial;0;0;4;0;0;0;0;0;0;0;0;0;;
290236;21;6;2016;15:51;19702;RUA AZEVEDO BOLAO;RUA COS VIEIRA DA SILVA;;;;Atropelamento;Luz do Dia;;;Cruz;Pare;Residencial;0;1;1;0;0;0;0;0;0;0;0;0;-38,55491;-3,736076
290237;21;6;2016;16:15;6748;RUA PRO OTAVIO LOBO;RUA DR GILBERTO STUDART;;;;Colisão Traseira;Luz do Dia;Bom;Seca;Meio de Quadra;Não Há Controle;Residencial;0;0;5;1;0;0;0;0;0;0;0;0;-38,478756;-3,74432
290239;21;6;2016;16:46;0;AV CARNEIRO DE MENDONCA;;;1460;;Colisão;Luz do Dia;;;Meio de Quadra;;;0;0;1;0;0;0;0;0;0;0;0;0;-38,571664;-3,761478
290241;21;6;2016;16:51;0;RUA BENI DE CARVALHO;;;2648;;Colisão;Luz do Dia;;;Meio de Quadra;;;0;0;2;0;0;0;0;0;0;0;0;0;;
290242;21;6;2016;16:53;15292;RUA FRE MANSUETO;AV ANTONIO JUSTA;;;;Colisão;Luz do Dia;;;Cruz;Pare;Residencial;0;0;1;0;0;0;0;0;0;0;0;0;-38,48895;-3,729381
290243;21;6;2016;17:07;0;RUA JOAO CORDEIRO;;;3170;;Colisão Lateral;Via Iluminada;Bom;Seca;Meio de Quadra;Não Há Controle;Residencial;0;1;2;1;0;0;0;0;0;1;0;0;-38,519465;-3,748288
290244;21;6;2016;17:12;5448;RUA METON DE ALENCAR;RUA BAR ARATANHA;;;;Colisão Transversal;Luz do Dia;Bom;Seca;Cruz;Pare;Comercial;0;1;3;1;0;0;0;0;0;1;0;0;-38,527028;-3,734847
290246;21;6;2016;17:29;8937;RUA ANTONIO POMPEU;RUA CARLOS SEVERO;;;;Colisão;Anoitecer;;;Cruz;;Comercial;0;0;2;0;0;0;0;0;0;0;0;0;-38,541865;-3,731863
290247;21;6;2016;17:35;0;AV PRS COSTA E SILVA;;;2661;;Colisão Lateral;Mal Iluminada;Bom;Seca;Meio de Quadra;Não Há Controle;Comercial;0;0;2;1;0;0;0;0;0;0;0;0;-38,558724;-3,820924
290248;21;6;2016;18:00;0;AV GAL OSORIO DE PAIVA;;;7815;;Colisão;Anoitecer;;;Meio de Quadra;;;0;0;1;0;0;0;0;0;0;0;0;0;-38,617369;-3,820511
290255;21;6;2016;19:04;21610;RUA CON DE CASTRO;RUA PETRONILHA BEZERRA;;;;Colisão Transversal;;;;Cruz;Pare;Residencial;0;0;2;1;0;0;0;0;0;1;0;0;-38,5863;-3,798887
290257;21;6;2016;19:16;0;RUA DOS SABIAS;;;251;;Colisão;;;;Meio de Quadra;;;0;0;1;0;0;0;0;0;0;0;0;0;;
290258;21;6;2016;19:18;15424;RUA HOMEM DE MELO;RUA ARAUJO TORREAO;;;;Colisão;;;;;;;0;0;1;0;0;0;0;0;0;0;0;0;-38,495502;-3,816096
290261;21;6;2016;19:37;26226;AV CARNEIRO DE MENDONCA;AV AMERICO BARREIRA;;;;Colisão;;;;Cruz;Semáforo;Comercial;0;0;1;0;0;0;0;0;0;0;0;0;;
290264;21;6;2016;20:17;10686;RUA FRANCO ROCHA;RUA NOEL ROSA;;;;Colisão;;;;;;;0;0;1;0;0;0;0;0;0;0;0;0;-38,579551;-3,755431
290266;21;6;2016;20:41;13284;RUA 64 CJ JOSE WALTER;RUA 45 CJ JOSE WALTER;;;;Colisão;;;;;;;0;0;1;0;0;0;0;0;0;0;0;0;-38,558709;-3,838132
290267;21;6;2016;20:52;18152;AV DIOGUINHO;RUA ANTONIO A RODRIGUES;;4126;;Colisão Frontal;Via Iluminada;Bom;Seca;T;Pare;Não Informado;0;3;2;1;0;0;0;0;0;1;0;0;-38,448803;-3,75004
290270;21;6;2016;03:09;0;AV LINEU MACHADO;;;;;Colisão;;;;Meio de Quadra;;;0;0;1;0;0;0;0;0;0;0;0;0;;
290250;21;6;2016;18:41;0;AV JOR THOMAZ COELHO;;;517;;Colisão Lateral;Via Iluminada;Bom;Seca;Meio de Quadra;Semáforo;Comercial;0;2;2;1;0;0;0;0;0;0;0;0;-38,500632;-3,832378
293235;21;6;2016;12:00;183;AV SGT HERMINIO SAMPAIO;AV CEL CARVALHO;;;;Choque c/ Obstáculo Fixo;Luz do Dia;;;;;;0;1;1;1;0;0;0;0;0;1;0;0;;
293236;21;6;2016;12:11;0;RUA ALM RUFINO;;;1089;;Queda;Luz do Dia;;;Meio de Quadra;;;0;1;0;0;0;0;0;0;0;1;0;0;-38,539289;-3,765905
293231;21;6;2016;11:49;0;AV CEL CARVALHO;;;3303;;Colisão;Luz do Dia;;;Meio de Quadra;;;0;1;1;1;0;0;0;0;0;1;0;0;;
293232;21;6;2016;15:10;0;AV MR HULL;;;;;Colisão;Luz do Dia;;;Meio de Quadra;;;0;1;1;0;0;1;1;0;0;0;0;0;;
293233;21;6;2016;12:00;26236;AV DR SILAS MUNGUBA;RUA BERNARDO MANUEL;;;;Atropelamento;Luz do Dia;;;Cruz;Semáforo;Comercial;0;1;1;0;0;0;0;0;0;0;0;0;-38,54796;-3,787538
293210;21;6;2016;08:32;0;RUA 13 DE ABRIL;;;122;;Queda;Luz do Dia;;;Meio de Quadra;;;0;1;0;0;0;1;0;0;0;0;0;0;;
293198;21;6;2016;07:35;11777;RUA JACINTO MATOS;RUA PDE CONSTANTINO;;;;Colisão;Luz do Dia;;;Cruz;Pare;Residencial;0;1;1;1;0;0;0;0;0;1;0;0;-38,546479;-3,716277
293213;21;6;2016;08:37;0;RUA STA CECILIA D18;;;;;Colisão;Luz do Dia;;;Meio de Quadra;;;0;1;1;1;0;1;0;0;0;0;0;0;;
293192;21;6;2016;07:16;19611;AV GODOFREDO MACIEL;RUA NEREU RAMOS;;;;Engavetamento;Luz do Dia;Bom;Seca;T;Semáforo;Comercial;0;1;5;1;0;0;0;0;0;1;0;0;-38,566802;-3,78725
293193;21;6;2016;07:18;0;AV CEL CARVALHO;;;1751;;Atropelamento;Luz do Dia;;;Meio de Quadra;;;0;1;1;1;0;0;0;0;0;0;0;0;-38,587919;-3,717592
293187;21;6;2016;06:41;0;RUA PAULO SETUBAL;;;690;;Colisão;Luz do Dia;;;Meio de Quadra;;;0;1;1;1;0;0;0;0;0;1;0;0;-38,501864;-3,822004
293188;21;6;2016;07:01;0;AV GAL MURILO BORGES;;;;;Colisão Lateral;Luz do Dia;Bom;Seca;Meio de Quadra;Não Há Controle;Residencial;0;1;3;1;0;0;0;0;0;1;0;0;;
293189;21;6;2016;07:08;0;RUA GASTAO JUSTA;;;;;Colisão;Luz do Dia;;;Meio de Quadra;;;0;1;2;1;0;0;0;0;0;1;0;0;;
293183;21;6;2016;17:55;19269;RUA PRO GOMES BRASIL;RUA MARACANA;;;;Colisão Transversal;Anoitecer;Bom;Seca;Cruz;Pare;Comercial;0;0;3;1;0;0;0;0;0;0;0;0;-38,568438;-3,77284
293295;21;6;2016;16:33;0;RUA STO INACIO D04;;;83;;Queda;Luz do Dia;;;Meio de Quadra;;;0;1;0;0;0;1;0;0;0;0;0;0;;
293291;21;6;2016;13:17;0;RUA JOAQUIM MACHADO;;;191;;Queda;Luz do Dia;;;Meio de Quadra;;;0;1;0;0;0;1;0;0;0;0;0;0;;
293292;21;6;2016;16:00;0;AV CARNEIRO DE MENDONCA;;;1494;;Colisão;Luz do Dia;;;Meio de Quadra;;;0;1;1;1;0;0;0;0;0;1;0;0;-38,571998;-3,761298
293293;21;6;2016;16:28;0;AV PERIMETRAL;;;3309;;Atropelamento de Animal;Luz do Dia;;;Meio de Quadra;;;0;2;0;0;0;0;0;0;0;1;0;0;;
293302;21;6;2016;17:06;0;AV CARNEIRO DE MENDONCA;;;1480;;Colisão;Anoitecer;;;Meio de Quadra;;;0;1;1;1;0;0;0;0;0;1;0;0;-38,57186;-3,761372
293311;21;6;2016;17:21;0;RUA PEDRO DANTAS;;;55;;Colisão;Anoitecer;;;Meio de Quadra;;;0;1;1;1;0;0;0;0;0;1;0;0;-38,517874;-3,786636
293373;21;6;2016;20:56;0;RUA MARIA QUINTINO;;;541;;Atropelamento;;;;Meio de Quadra;;;0;1;1;1;0;0;0;0;0;0;0;0;;
293370;21;6;2016;20:20;0;AV J CJ JOSE WALTER;;;900;;Colisão;;;;Meio de Quadra;;;0;1;0;0;0;0;0;0;0;0;0;0;-38,556274;-3,833061
293371;21;6;2016;20:48;500;AV SEN FERNANDES TAVORA;RUA PRO VIEIRA;;;;Atropelamento;;;;Cruz;Não Há Controle;Comercial;0;2;1;0;0;0;0;0;0;0;0;0;-38,594591;-3,75581
293377;21;6;2016;21:05;0;AV PRS CASTELO BRANCO;;;3804;;Colisão;;;;Meio de Quadra;;;0;1;2;1;0;0;1;0;0;0;0;0;-38,566462;-3,709076
293386;21;6;2016;21:40;0;RD QUARTO ANEL VIARIO;;;;;Queda;;;;Meio de Quadra;;;0;1;0;0;0;0;0;0;0;1;0;0;;
293384;21;6;2016;21:14;0;AV PERIMETRAL;;;;;Queda;;;;Meio de Quadra;;;0;1;0;0;0;1;0;0;0;0;0;0;;
293391;21;6;2016;22:33;0;AV MOZART PINHEIRO DE LUCENA;;;1261;;Colisão;;;;Meio de Quadra;;;0;2;0;0;0;0;0;0;0;0;0;0;;
293352;21;6;2016;19:07;0;RUA DOS SABIAS;;;251;;Colisão;;;;Meio de Quadra;;;0;1;2;1;0;0;0;0;0;1;0;0;;
293353;21;6;2016;19:17;0;AV JOSE BASTOS;;;2866;;Atropelamento;;;;Meio de Quadra;;;0;1;1;0;0;0;0;0;0;1;0;0;-38,546837;-3,746409
293354;21;6;2016;19:21;23419;RUA MON SALAZAR;RUA NUNES VALENTE;;;;Colisão Transversal;Anoitecer;Bom;Seca;Cruz;Pare;Comercial;0;2;3;0;0;0;0;0;0;1;0;0;-38,508961;-3,755627
293355;21;6;2016;19:24;0;RUA GOMES DE FREITAS (PLANALTO AYRTON SENNA);;;;;Colisão;;;;Meio de Quadra;;;0;1;1;1;0;0;0;0;0;1;0;0;;
293344;21;6;2016;18:57;21607;RUA LUIS VIEIRA;RUA CON DE CASTRO;;;;Colisão;;;;Y;Dê Preferência;Residencial;0;1;1;1;0;0;0;0;0;1;0;0;-38,585845;-3,798405
293341;21;6;2016;18:20;0;AV AUGUSTO DOS ANJOS;;;759;;Atropelamento;Anoitecer;;;Meio de Quadra;;;0;1;1;0;0;0;0;0;0;1;0;0;;
293339;21;6;2016;17:56;0;AV SANTOS DUMONT;;;6400;;Colisão;Anoitecer;;;Meio de Quadra;;;0;1;0;0;0;0;0;0;0;0;0;0;-38,475231;-3,743687
286705;21;6;2016;07:30;0;RD CE-040;;;;KM-08;Colisão;Luz do Dia;Bom;Seca;Meio de Quadra;;;0;0;2;1;0;0;1;0;0;0;0;0;-38,483033;-3,817159
286707;21;6;2016;13:45;0;RD CE-040;;;;KM-06;Colisão;Luz do Dia;Bom;Seca;Meio de Quadra;;;0;0;2;1;0;0;1;0;0;0;0;0;-38,479535;-3,800596
287583;21;6;2016;06:20;0;RD BR 222;;;700;KM-02;Choque c/ Obstáculo Fixo;Luz do Dia;Bom;Seca;Meio de Quadra;;;0;1;1;1;0;0;0;0;0;0;0;0;-38,58704;-3,739009
287590;21;6;2016;11:40;0;RD BR 222;;;500;KM 00;Colisão Lateral;Luz do Dia;Bom;Seca;Meio de Quadra;;;0;0;2;1;0;0;0;0;0;0;0;0;-38,569197;-3,736664
289278;21;6;2016;13:00;3368;RUA RIO GRANDE DO SUL;RUA AMAZONAS;;;;Colisão Frontal;Luz do Dia;Bom;Seca;Cruz;Pare;Residencial;1;0;3;1;0;0;0;0;0;1;0;0;-38,564164;-3,753306
289292;21;6;2016;07:40;0;AV SEN CARLOS JEREISSATI (AEROPORTO);;;;KM 03;Colisão;Luz do Dia;Bom;Seca;Meio de Quadra;;;0;0;2;1;0;0;0;0;0;0;0;0;-38,544038;-3,779641
303243;22;6;2016;20:56;25697;RUA ROCHA LIMA;RUA JOAO CORDEIRO;;0;;Colisão Transversal;Via Iluminada;Bom;Seca;Cruz;Pare;Comercial;0;0;2;1;0;0;0;0;0;0;0;0;-38,517275;-3,738
286709;22;6;2016;11:30;0;RD CE-040;;;;KM-08;Colisão;Luz do Dia;Bom;Seca;Meio de Quadra;;;0;0;2;0;0;0;0;0;0;1;0;0;-38,483033;-3,817159
293394;22;6;2016;00:44;0;AV RAD JOSE LIMA VERDE;;;1250;;Queda;;;;Meio de Quadra;;;0;1;0;0;0;0;0;0;0;1;0;0;-38,591587;-3,703336
293482;22;6;2016;16:05;0;RUA JOAQUIM FELICIO;;;;;Colisão;Luz do Dia;;;Meio de Quadra;;;0;1;1;1;0;0;0;0;0;1;0;0;;
293476;22;6;2016;10:59;5215;RUA PEDRO PEREIRA;RUA PDE MORORO;;;;Colisão;Luz do Dia;;;Cruz;Semáforo;Comercial;0;1;0;0;0;0;0;0;0;0;0;0;-38,537843;-3,726667
293477;22;6;2016;11:51;0;RUA CECILIA MEIRELES;;;400;;Colisão;Luz do Dia;;;Meio de Quadra;;;0;1;0;0;0;0;0;0;0;0;0;0;;
293478;22;6;2016;13:27;0;AV MAJ ASSIS;;;43;;Queda;Luz do Dia;;;Meio de Quadra;;;0;1;0;0;0;0;0;0;0;1;0;0;-38,577128;-3,72479
293480;22;6;2016;14:17;0;RUA BENI DE CARVALHO;;;;;Queda;Luz do Dia;;;Meio de Quadra;;;0;1;0;0;0;0;0;0;0;1;0;0;;
293462;22;6;2016;10:04;0;AV PRS COSTA E SILVA;;;5569;;Colisão;Luz do Dia;;;Meio de Quadra;;;0;1;0;0;0;0;0;0;0;0;0;0;;
293472;22;6;2016;10:20;0;AV PERIMETRAL;;;;;Atropelamento de Animal;Luz do Dia;;;Meio de Quadra;;;0;1;0;1;0;0;0;0;0;0;0;0;;
293473;22;6;2016;10:39;0;RUA PRO JOSE SILVEIRA;;;1301;;Colisão;Luz do Dia;;;Meio de Quadra;;;0;1;1;1;0;0;0;0;0;1;0;0;;
293474;22;6;2016;10:48;25519;AV ALM HENRIQUE SABOIA;AV GOV RAUL BARBOSA;;;;Queda;Luz do Dia;;;;Não Há Controle;Comercial;0;1;0;0;0;0;0;0;0;1;0;0;-38,50458;-3,758466
293399;22;6;2016;07:19;0;AV PRS CASTELO BRANCO;;;4078;;Colisão;Luz do Dia;;;Meio de Quadra;;;0;1;1;1;0;0;0;0;0;1;0;0;-38,568938;-3,708206
293459;22;6;2016;09:07;24956;RUA TAVARES COUTINHO;AV ALM HENRIQUE SABOIA;;;;Colisão;Luz do Dia;;;;;;0;1;1;0;0;0;0;0;0;1;0;0;-38,48289;-3,732499
293401;22;6;2016;07:23;0;RUA EUCLIDES O DE SOUSA;RUA SALVADOR CORREIA SA;;;;Colisão Transversal;Luz do Dia;Bom;Seca;Cruz;Pare;Residencial;0;2;2;1;0;0;0;0;0;1;0;0;;
293397;22;6;2016;06:07;0;AV FRANCISCO SA;;;7221;;Colisão;Luz do Dia;;;Meio de Quadra;;;0;1;0;0;0;0;0;0;0;0;0;0;-38,584824;-3,707112
293411;22;6;2016;07:50;0;AV 13 DE MAIO;;;;;Queda;Luz do Dia;;;Meio de Quadra;;;0;1;0;0;0;0;0;0;0;1;0;0;;
293412;22;6;2016;08:30;0;AV LUCIANO CARNEIRO;;;;;Colisão;Luz do Dia;;;Meio de Quadra;;;0;1;1;1;0;0;0;0;0;1;0;0;;
293414;22;6;2016;08:35;0;AV JOAO PESSOA;;;4717;;Queda;Luz do Dia;;;Meio de Quadra;;;0;1;0;0;0;0;0;0;0;1;0;0;-38,550205;-3,753261
293241;22;6;2016;20:20;11618;RUA VITORIA (AV. PERIMETRAL);RUA BOA VISTA;;;;Colisão Transversal;Via Iluminada;Bom;Seca;Cruz;Não Há Controle;Residencial;0;0;5;0;0;0;0;0;0;1;0;0;-38,589601;-3,767142
293244;22;6;2016;22:30;5188;RUA TEN BENEVOLO;RUA NOGUEIRA ACIOLI;;;;Colisão Transversal;Via Iluminada;Bom;Seca;Cruz;Pare;Residencial;0;2;2;1;0;0;0;0;0;1;0;0;-38,515591;-3,725858
293238;22;6;2016;20:10;1246;AV SANTOS DUMONT;RUA BAR ARACATI;;;;Colisão Transversal;Via Iluminada;Bom;Seca;Cruz;Pare;Comercial;0;0;3;1;0;1;0;0;0;0;0;0;-38,511618;-3,731909
290273;22;6;2016;06:10;0;RUA DOM HELIO CAMPOS D21;;;272;;Colisão Lateral;Luz do Dia;Chuva;Molhada;Meio de Quadra;Não Há Controle;Residencial;0;0;4;1;0;0;0;0;0;0;0;0;-38,556061;-3,715445
290279;22;6;2016;07:52;0;AV DEP PAULINO ROCHA;;;1343;;Colisão;Luz do Dia;;;Meio de Quadra;;;0;0;1;0;0;0;0;0;0;0;0;0;;
290280;22;6;2016;07:54;0;AV 13 DE MAIO;;;;;Colisão;Luz do Dia;;;Meio de Quadra;;;0;0;1;0;0;0;0;0;0;0;0;0;;
290281;22;6;2016;08:05;23591;AV ENG SANTANA JUNIOR;RUA ISRAEL BEZERRA;;;;Engavetamento;Luz do Dia;Chuva;Molhada;Meio de Quadra;Não Há Controle;Comercial;0;1;4;1;0;0;0;0;0;0;0;0;-38,490505;-3,751428
290325;22;6;2016;14:31;1596;RUA OSVALDO CRUZ (ALDEOTA);RUA PDE VALDEVINO;;;;Colisão;Luz do Dia;;;Cruz;Pare;Residencial;0;0;1;0;0;0;0;0;0;0;0;0;-38,502862;-3,743492
290328;22;6;2016;14:46;0;AV AUGUSTO DOS ANJOS;;;;;Colisão;Luz do Dia;;;Meio de Quadra;;;0;0;1;0;0;0;0;0;0;0;0;0;;
290329;22;6;2016;15:54;10907;RUA PORTO VELHO;RUA GUARANI D35 (JOAO XXIII);;;;;Luz do Dia;;;Cruz;Não Há Controle;Industrial;0;1;1;0;0;0;0;0;0;0;0;0;-38,582396;-3,768441
290331;22;6;2016;16:03;15141;RUA CARLOS VASCONCELOS;AV MON TABOSA;;;;Colisão;Luz do Dia;;;Cruz;Semáforo;Comercial;0;0;2;0;0;0;0;0;0;0;0;0;-38,507985;-3,724289
290332;22;6;2016;16:19;0;RUA JOAQUIM FELICIO;;;330;;Colisão;Luz do Dia;;;Meio de Quadra;;;0;0;1;0;0;0;0;0;0;0;0;0;-38,491989;-3,830036
290333;22;6;2016;17:08;9004;AV BEZERRA DE MENEZES;AV JOSE BASTOS;;;;Colisão;Anoitecer;;;Cruz;Não Há Controle;Comercial;0;0;1;0;0;0;0;0;0;0;0;0;;
290277;22;6;2016;07:49;1360;RUA JOAQUIM NABUCO;RUA DES LEITE ALBUQUERQUE;;;;Colisão Transversal;Luz do Dia;Bom;Seca;Cruz;Pare;Comercial;0;1;3;0;0;0;0;0;0;1;0;0;-38,501621;-3,736273
290286;22;6;2016;09:34;0;AV DUQ CAXIAS;;;2000;;Colisão;Luz do Dia;;;Meio de Quadra;;;0;0;2;1;0;0;0;0;0;0;0;0;-38,542019;-3,727865
290288;22;6;2016;09:36;0;AV AGUANAMBI;;;654;;Colisão;Luz do Dia;;;Meio de Quadra;;;0;0;2;0;0;0;0;0;0;0;0;0;-38,525831;-3,742773
290291;22;6;2016;09:53;0;RUA CEL JOAO OLIVEIRA;;;1300;;Colisão;Luz do Dia;;;Meio de Quadra;;;0;0;1;0;0;0;0;0;0;0;0;0;-38,482886;-3,823478
290293;22;6;2016;09:54;5211;AV IMPERADOR;RUA LIBERATO BARROSO;;;;Colisão Transversal;Luz do Dia;;;Cruz;Semáforo Intermitente;Comercial;0;0;2;1;0;0;0;0;0;0;0;0;-38,534257;-3,726511
290295;22;6;2016;10:00;6729;RUA BENTO ALBUQUERQUE;RUA DES WALDETARIO P MOTA;;;;Colisão Transversal;Luz do Dia;Nublado;Seca;Cruz;Semáforo;Residencial;0;0;4;0;0;0;0;0;0;0;0;0;-38,484685;-3,743274
290298;22;6;2016;10:20;1360;RUA JOAQUIM NABUCO;RUA DES LEITE ALBUQUERQUE;;;;Colisão;Luz do Dia;;;Cruz;Pare;Comercial;0;0;2;0;0;0;0;0;0;0;0;0;-38,501621;-3,736273
290302;22;6;2016;10:36;13199;RUA 47 CJ JOSE WALTER;RUA 58 CJ JOSE WALTER;;;;Colisão;Luz do Dia;;;Duplo T;;Residencial;0;0;2;0;0;0;0;0;0;0;0;0;-38,556905;-3,833544
290305;22;6;2016;12:24;12835;AV DOMINGOS OLIMPIO;RUA SOLON PINHEIRO;;;;Colisão;Luz do Dia;;;Cruz;Semáforo;Comercial;0;0;1;0;0;0;0;0;0;0;0;0;-38,52865;-3,737409
290307;22;6;2016;12:39;0;AV SANTOS DUMONT;;;;;Colisão;Luz do Dia;;;Meio de Quadra;;;0;0;2;0;0;0;0;0;0;0;0;0;;
290313;22;6;2016;13:16;15141;AV MON TABOSA;RUA CARLOS VASCONCELOS;;;;Colisão Lateral;Luz do Dia;Bom;Seca;Cruz;Semáforo;Comercial;0;0;4;1;0;0;0;0;0;0;0;0;-38,507985;-3,724289
290314;22;6;2016;13:16;1381;RUA ILDEFONSO ALBANO;AV HERACLITO GRACA;;;;Colisão;Luz do Dia;;;Duplo T;Semáforo;Comercial;0;0;2;0;0;0;0;0;0;0;0;0;;
290317;22;6;2016;13:29;7810;RUA JOAQUIM NABUCO;RUA LIVIO BARRETO;;;;Colisão;Luz do Dia;;;Cruz;Pare;Residencial;0;0;1;0;0;0;0;0;0;0;0;0;-38,506433;-3,75132
290319;22;6;2016;13:34;0;AV MAJ ASSIS;;;1;;Colisão;Luz do Dia;;;Meio de Quadra;;;0;0;1;0;0;0;0;0;0;0;0;0;;
290321;22;6;2016;14:22;0;RUA ALBERTO MAGNO;;;1177;;Colisão;Luz do Dia;;;Meio de Quadra;;;0;0;1;0;0;0;0;0;0;0;0;0;;
290323;22;6;2016;14:23;19753;RUA ERICO MOTA;RUA AZEVEDO BOLAO;;;;Colisão Transversal;Luz do Dia;Bom;Seca;Cruz;Semáforo;Comercial;0;0;4;1;0;0;0;0;0;0;0;0;-38,562522;-3,737645
293524;22;6;2016;22:18;0;RUA EST JUCA D45;;;;;Queda;;;;Meio de Quadra;;;0;1;0;0;0;0;0;0;0;1;0;0;;
293525;22;6;2016;22:59;0;RUA BERNARDO MANUEL;;;7700;;Atropelamento;;;;Meio de Quadra;;;0;1;1;0;0;0;0;0;0;1;0;0;-38,547351;-3,7855
293526;22;6;2016;23:32;0;RUA PERGENTINO MAIA;;;496;;Colisão;;;;Meio de Quadra;;;0;1;0;0;0;0;0;0;0;0;0;0;-38,490657;-3,831156
293527;22;6;2016;23:54;0;AV FRANCISCO SA;;;3190;;Queda;;;;Meio de Quadra;;;0;1;0;0;0;0;0;0;0;1;0;0;-38,555264;-3,718106
293484;22;6;2016;17:56;0;AV PERIMETRAL;;;;;Colisão;Anoitecer;;;Meio de Quadra;;;0;2;1;1;0;0;0;0;0;1;0;0;;
293493;22;6;2016;18:44;2573;AV FRANCISCO SA;RUA GRACA ARANHA;;;;Colisão;;;;Cruz;Pare;Residencial;0;1;1;1;0;0;0;0;0;1;0;0;-38,574359;-3,711611
293494;22;6;2016;20:18;0;RUA FRE ALEMAO;;;355;;Colisão;;;;Meio de Quadra;;;0;1;0;0;0;0;0;0;0;0;0;0;-38,544078;-3,785914
293513;22;6;2016;21:39;0;RUA CON DE CASTRO;;;6110;;Colisão;;;;Meio de Quadra;;;0;1;0;0;0;0;0;0;0;0;0;0;-38,599414;-3,815445
293514;22;6;2016;21:59;0;AV CASTANHOLEIRAS;;;303;;Colisão;;;;Meio de Quadra;;;0;1;1;1;0;0;0;0;0;1;0;0;-38,468396;-3,752568
293515;22;6;2016;22:01;0;RUA DR HUGO ROCHA;;;510;;Colisão;;;;Meio de Quadra;;;0;2;0;0;0;0;0;0;0;0;0;0;-38,570431;-3,716751
293510;22;6;2016;21:38;0;AV PRO GOMES DE MATOS;;;319;;Colisão;;;;Meio de Quadra;;;0;2;0;0;0;0;0;0;0;1;0;0;-38,542035;-3,756986
285762;22;6;2016;21:00;15371;RUA PRO DIAS DA ROCHA;AV DOM LUIS;;;;Colisão Traseira;Via Iluminada;Bom;Seca;Cruz;Pare;Comercial;0;0;2;0;0;0;0;0;0;0;0;0;-38,491572;-3,735126
285763;22;6;2016;18:00;10998;RUA DOM CARLOTO TAVORA;RUA ALBERTO MAGNO;;;;Colisão Lateral;Anoitecer;Bom;Seca;Cruz;Não Há Controle;Residencial;0;0;2;1;0;0;0;0;0;0;0;0;-38,553495;-3,770832
285766;22;6;2016;23:59;12807;RUA ANA NERY;RUA ALBERTO MAGNO;;;;Colisão Frontal;Via Iluminada;Bom;Seca;Cruz;Semáforo;Residencial;0;0;2;1;0;0;0;0;0;0;0;0;-38,541058;-3,754704
285767;22;6;2016;10:31;0;AV IMPERADOR;;;1612;;Choque c/ Obstáculo Fixo;Luz do Dia;Bom;Seca;Meio de Quadra;Não Há Controle;Comercial;0;0;1;0;0;0;0;0;0;0;0;0;-38,536762;-3,735008
285769;22;6;2016;14:10;0;AV DR SILAS MUNGUBA;;;2555;;Colisão;Luz do Dia;Bom;Seca;Meio de Quadra;Não Há Controle;Misto;0;0;2;1;0;0;0;0;0;0;0;0;-38,550338;-3,786312
285770;22;6;2016;21:10;13143;AV D CJ JOSE WALTER;RUA 41 CJ JOSE WALTER;;;;Colisão;Via Iluminada;Bom;Seca;Cruz;Pare;Comercial;0;1;1;1;0;0;0;0;0;1;0;0;-38,557966;-3,83094
285848;22;6;2016;09:27;3767;AV IMPERADOR;AV DOMINGOS OLIMPIO;;;;Choque c/ Obstáculo Fixo;Luz do Dia;Bom;Seca;Cruz;Semáforo;Comercial;0;0;2;1;0;0;0;0;0;0;0;0;-38,536697;-3,73479
285845;22;6;2016;12:45;0;RUA PRO COSTA MENDES;;;1904;;Colisão Traseira;Luz do Dia;Bom;Seca;Meio de Quadra;Não Há Controle;Residencial;0;0;2;1;1;0;0;0;0;0;0;0;-38,554726;-3,747618
285863;22;6;2016;11:20;5397;AV DUQ CAXIAS;RUA ASSUNCAO;;;;Outros;Luz do Dia;Bom;Seca;Cruz;Semáforo;Comercial;0;1;1;0;0;0;0;1;0;1;0;0;-38,527952;-3,732405
285860;22;6;2016;05:30;1542;RUA PDE VALDEVINO;AV RUI BARBOSA;;;;Colisão Transversal;Amanhecer;Nublado;Seca;Cruz;Semáforo;Residencial;0;0;2;0;1;0;0;0;0;0;0;0;-38,511029;-3,740964
285854;22;6;2016;15:00;0;RUA JAIME BENEVOLO;;;1887;;Colisão Lateral;Luz do Dia;Bom;Seca;Meio de Quadra;Semáforo;Residencial;0;0;2;1;0;0;1;0;0;0;0;0;-38,531063;-3,748542
285855;22;6;2016;18:00;12837;AV DOMINGOS OLIMPIO;RUA JAIME BENEVOLO;;;;Colisão Lateral;Via Iluminada;Bom;Seca;Cruz;Semáforo;Misto;0;0;2;1;1;0;0;0;0;0;0;0;-38,527245;-3,73778