COD_ACIDENTE;DIA;MES;ANO;HORA;INTERSECAO;LOG1;LOG2;LOG3;NUMERO;REFERENCIA;NATUREZA;ILUMINACAO;TEMPO;SUPERFICIEPISTA;TIPOCRUZAMENTO;CONTROLETRAFEGO;USOSOLO;MORTOS;FERIDOS;ILESOS;AUTOMOVEL;ONIBUS;BICICLETA;CAMINHAO;MICROONIBUS;CICLOMOTOR;MOTOCICLETA;TRACAOANIMAL;TREM;LONG;LAT
285856;22;6;2016;13:50;5054;RUA ALM JACEGUAI;RUA DRAGAO DO MAR;;;;Colisão;Luz do Dia;Bom;Seca;Cruz;Pare;Comercial;0;1;1;0;0;0;0;0;0;1;0;0;-38,519333;-3,721835
285857;22;6;2016;11:30;0;AV ABOLICAO;;;;;Colisão Traseira;Luz do Dia;Bom;Molhada;Meio de Quadra;Pare;Comercial;0;0;2;1;1;0;0;0;0;0;0;0;;
285866;22;6;2016;09:30;0;RUA ALFREDO MAMEDE;;;250;;Colisão Traseira;Luz do Dia;Bom;Seca;Meio de Quadra;Outros;Residencial;0;0;2;1;0;0;0;0;0;0;0;0;;
285868;22;6;2016;19:45;0;AV ODILON GUIMARAES;;;3670;;Colisão Traseira;Via Iluminada;Bom;Seca;Meio de Quadra;Não Há Controle;Residencial;0;2;1;0;0;0;0;0;0;1;0;0;;
285877;22;6;2016;07:35;3747;RUA JOR ANTONIO P TAVARES;AV DEP PAULINO ROCHA;;;;Colisão Transversal;Luz do Dia;Nublado;;T;;Comercial;1;0;1;1;0;0;0;0;0;1;0;0;-38,511317;-3,811714
285895;22;6;2016;10:40;0;AV DA UNIVERSIDADE;;;1949;;Colisão Traseira;Luz do Dia;Bom;Seca;Meio de Quadra;Não Há Controle;Residencial;0;1;3;1;0;0;0;0;0;1;0;0;-38,534161;-3,735533
285886;22;6;2016;07:40;12863;AV DOMINGOS OLIMPIO;RUA FLORIANO PEIXOTO;;;;Colisão Lateral;Luz do Dia;Bom;Seca;Cruz;Pare;Comercial;0;0;2;1;0;0;0;0;0;0;0;0;-38,530313;-3,736976
301042;22;6;2016;17:41;20042;AV ALBERTO CRAVEIRO;AV DR SILAS MUNGUBA;;0;;Colisão Traseira;Luz do Dia;Bom;Não informada;Rotatória;Dê Preferência;Residencial;0;0;2;1;0;0;0;0;0;1;0;0;-38,524782;-3,807229
301043;22;6;2016;17:20;13449;RUA CARLOS VASCONCELOS;RUA TOMAS ACIOLI;;0;;Colisão Transversal;Via Iluminada;Bom;Seca;Cruz;Pare;Residencial;0;0;2;1;0;0;0;0;0;0;0;0;-38,514219;-3,743445
301044;22;6;2016;18:35;12469;RUA MELO DE OLIVEIRA;RUA DES GOMES PARENTE;;0;;Colisão Transversal;Via Iluminada;Bom;Seca;Cruz;Pare;Comercial;0;0;2;1;0;0;0;0;0;0;0;0;-38,578654;-3,77336
301046;23;6;2016;07:50;15350;AV DES MOREIRA;RUA PEREIRA VALENTE;;0;;Colisão Lateral;Luz do Dia;Bom;Seca;Cruz;Semáforo;Comercial;0;1;1;1;0;0;0;0;0;0;0;0;-38,497076;-3,732253
301047;23;6;2016;08:26;0;AV JOSE BASTOS;;;0;;Engavetamento;Luz do Dia;Bom;Seca;Meio de Quadra;Semáforo;Comercial;0;2;4;1;1;0;0;0;0;0;0;0;;
301048;23;6;2016;10:34;5371;RUA VINTE E QUATRO DE MAIO;RUA GAL CLARINDO DE QUEIROZ;;0;;Colisão Transversal;Luz do Dia;Bom;Seca;Cruz;Pare;Comercial;0;0;2;1;0;0;0;0;0;1;0;0;-38,533532;-3,731621
301049;23;6;2016;11:35;0;RUA SILVA PAULET;;;969;;Colisão Traseira;Luz do Dia;Bom;Seca;Meio de Quadra;Pare;Comercial;0;0;2;1;0;0;0;0;0;0;0;0;-38,505232;-3,733906
301050;23;6;2016;11:30;7875;AV PONTES VIEIRA;AV SEN VIRGILIO TAVORA;;0;;Colisão Lateral;Luz do Dia;Bom;Seca;Cruz;Semáforo;Comercial;0;0;2;1;0;0;0;0;0;0;0;0;-38,497652;-3,750886
301051;23;6;2016;14:26;5749;RUA JULIO LIMA;AV DES GONZAGA;;0;;Colisão Lateral;Luz do Dia;Bom;Seca;Cruz;Pare;Comercial;0;0;2;1;0;0;0;0;0;0;0;0;-38,500411;-3,796143
301052;23;6;2016;14:45;0;AV FRANCISCO SA;;;6223;;Colisão Lateral;Luz do Dia;Bom;Seca;Meio de Quadra;Pare;Comercial;0;2;0;1;0;0;0;0;0;1;0;0;-38,580737;-3,709384
301053;23;6;2016;16:40;0;AV ENG AGRONOMO JOSE GUIMARAES DUQUE;;;155;;Colisão Lateral;Luz do Dia;Bom;Seca;Meio de Quadra;Não Há Controle;Residencial;0;0;2;1;0;0;0;0;0;1;0;0;;
301054;23;6;2016;18:05;0;AV PONTES VIEIRA;;;639;;Colisão Traseira;Via Iluminada;Bom;Seca;Meio de Quadra;Não Há Controle;Comercial;0;0;3;1;0;0;0;0;0;0;0;0;-38,515453;-3,752952
301059;23;6;2016;20:10;0;AV BENJAMIM BRASIL;;;530;;Choque c/ Obstáculo Fixo;Via Iluminada;Bom;Seca;Meio de Quadra;Não Há Controle;Residencial;0;1;1;1;0;0;0;0;0;1;0;0;-38,568176;-3,80445
301060;23;6;2016;22:34;7645;RUA PERNAMBUCO;RUA ESTADO DO RIO;;0;;Colisão Lateral;Via Iluminada;Bom;Seca;Cruz;Pare;Comercial;0;0;2;1;0;0;0;0;0;0;0;0;-38,570848;-3,758439
301057;23;6;2016;18:54;15362;RUA CEL LINHARES;RUA PEREIRA VALENTE;;0;;Colisão Transversal;Mal Iluminada;Bom;Seca;Cruz;Pare;Residencial;0;0;2;1;0;0;0;0;0;0;0;0;-38,493183;-3,733517
285784;23;6;2016;17:10;23474;RUA BARROS LEAL;RUA PAULO FIRMEZA;;;;Colisão Lateral;Anoitecer;;;Cruz;Pare;Residencial;0;1;1;1;0;0;0;0;0;1;0;0;-38,518544;-3,757696
285785;23;6;2016;15:50;6752;AV SANTOS DUMONT;RUA PRO OTAVIO LOBO;;;;Colisão Traseira;Luz do Dia;;;Cruz;;Residencial;0;0;2;1;0;0;0;0;0;0;0;0;-38,477829;-3,742845
285797;23;6;2016;01:00;15801;RUA PERGENTINO MAIA;RUA CEL ERNESTO MATOS;;;;Colisão Transversal;;;;Cruz;Pare;Comercial;0;2;1;0;1;0;0;0;0;1;0;0;-38,489871;-3,831264
285791;23;6;2016;15:09;8938;AV BEZERRA DE MENEZES;RUA CARLOS SEVERO;;;;Colisão Lateral;Luz do Dia;;;T;Pare;Comercial;0;0;2;1;0;0;0;0;0;0;0;0;-38,542047;-3,730984
285792;23;6;2016;16:00;0;AV BEIRA MAR;;;2200;;Colisão Lateral;Luz do Dia;;;Meio de Quadra;;;0;0;2;1;0;0;1;0;0;0;0;0;-38,500926;-3,724642
285793;23;6;2016;17:10;15353;RUA PEREIRA VALENTE;RUA BARBOSA DE FREITAS;;;;Colisão Traseira;Anoitecer;;;Cruz;Pare;Residencial;0;0;2;0;0;0;0;0;0;0;0;0;-38,49608;-3,732578
285794;23;6;2016;06:40;15357;RUA LEONARDO MOTA;RUA PEREIRA VALENTE;;;;Colisão Transversal;Luz do Dia;;;Cruz;Pare;Residencial;0;0;2;1;0;0;0;0;0;0;0;0;-38,495134;-3,732885
285806;23;6;2016;19:15;11981;AV CASTELO DE CASTRO;AV CONTORNO NORTE (SAO CRSITOVAO);;;;Colisão Lateral;;;;Cruz;Semáforo;Comercial;0;0;2;0;1;0;0;0;0;1;0;0;-38,521519;-3,831735
285807;23;6;2016;16:30;5777;RUA CHICO LEMOS;RUA JOSE A CAVALCANTE;;;;Colisão;Luz do Dia;;;Cruz;;Residencial;0;0;3;1;0;0;0;0;0;0;0;0;-38,499317;-3,790905
285800;23;6;2016;13:00;0;AV JOSE SABOIA;;;500;;Colisão Transversal;Luz do Dia;;;Meio de Quadra;;;0;0;2;1;0;0;1;0;0;0;0;0;-38,467434;-3,71713
285801;23;6;2016;10:15;18387;AV SGT HERMINIO SAMPAIO;AV OLAVO BILAC;;;;Colisão Traseira;Luz do Dia;;;Cruz;Semáforo;Residencial;0;0;2;0;0;0;0;0;0;0;0;0;-38,56508;-3,727179
285802;23;6;2016;15:10;10992;RUA DOM CARLOTO TAVORA;RUA BAR CANINDE;;;;Colisão Lateral;Luz do Dia;;;Cruz;Pare;Residencial;0;0;2;0;0;0;0;0;0;0;0;0;-38,557103;-3,769531
285803;23;6;2016;13:20;22672;AV COS GOMES DE FREITAS (SAPIRANGA/COITE);RUA ELISEU ORIA;;;;Colisão Traseira;Luz do Dia;;;Cruz;Pare;Residencial;0;0;2;1;0;0;0;0;0;0;0;0;-38,477418;-3,795487
285804;23;6;2016;04:00;0;RUA JAIME BENEVOLO;;;711;;Choque c/ Obstáculo Fixo;;;;Meio de Quadra;;;2;0;0;1;0;0;0;0;0;0;0;0;-38,527407;-3,738273
285809;23;6;2016;11:40;3320;RUA ARGENTINA;RUA VIRIATO RIBEIRO;;;;Colisão Transversal;Luz do Dia;;;Cruz;Pare;Comercial;0;1;1;0;0;0;0;0;0;1;0;0;-38,564284;-3,747181
285810;23;6;2016;06:40;3059;RUA CACILDA BECKER;RUA JULIO BRAGA;;;;Colisão Transversal;Luz do Dia;;;Cruz;Semáforo Danificado;;0;0;2;1;0;0;0;0;0;1;0;0;-38,587823;-3,77399
285811;23;6;2016;08:40;12863;AV DOMINGOS OLIMPIO;RUA FLORIANO PEIXOTO;;;;Colisão Transversal;Luz do Dia;;;Cruz;Não Há Controle;Comercial;0;1;1;1;0;0;0;0;0;1;0;0;-38,530313;-3,736976
285813;23;6;2016;08:36;26226;AV AMERICO BARREIRA;AV CARNEIRO DE MENDONCA;;;;Choque c/ Obstáculo Fixo;Luz do Dia;;;Cruz;Semáforo;Comercial;0;1;0;1;0;0;0;0;0;0;0;0;;
285814;23;6;2016;07:06;0;AV ALM HENRIQUE SABOIA;;;;;Colisão Lateral;Luz do Dia;;;Meio de Quadra;;;0;0;2;1;0;0;1;0;0;0;0;0;;
285815;23;6;2016;11:40;23867;AV CESAR CALS;AV PRO MURILO DA SILVEIRA;;;;Colisão Traseira;Luz do Dia;;;Cruz;Não Há Controle;Residencial;0;0;2;0;0;0;0;0;0;0;0;0;;
285816;23;6;2016;11:00;5823;RUA CHICO LEMOS;RUA HENRIQUE JUSTA;;;;Colisão Transversal;Luz do Dia;;;T;Não Há Controle;Residencial;0;0;2;1;0;0;0;0;0;0;0;0;-38,497455;-3,795046
285819;23;6;2016;13:00;5389;AV DUQ CAXIAS;RUA FLORIANO PEIXOTO;;;;Colisão Traseira;Luz do Dia;;;Cruz;Pare;Comercial;0;0;2;1;1;0;0;0;0;0;0;0;-38,528731;-3,732162
285820;23;6;2016;18:15;5206;RUA SEN ALMIR PINTO;RUA SAO JOSE D03;;;;;Anoitecer;;;Cruz;Gesto;Comercial;0;0;2;1;0;0;0;0;0;0;0;0;-38,523664;-3,726414
293530;23;6;2016;01:21;0;AV LINEU MACHADO;;;1619;;Atropelamento;;;;Meio de Quadra;;;0;2;0;0;0;0;0;0;0;0;0;0;-38,580904;-3,773624
293532;23;6;2016;04:08;0;RUA JAIME BENEVOLO;;;1741;;Colisão;;;;Meio de Quadra;;;0;1;0;0;0;0;0;0;0;0;0;0;;
293547;23;6;2016;06:46;0;RUA RUA 1 (MONDUBIM);;;;;Colisão;Luz do Dia;;;Meio de Quadra;;;0;2;1;1;0;0;0;0;0;1;0;0;;
293556;23;6;2016;09:31;0;RUA DOM HENRIQUE;;;322;;Colisão;Luz do Dia;;;Meio de Quadra;;;0;1;1;1;0;0;0;0;0;1;0;0;-38,58063;-3,788376
293595;23;6;2016;16:28;17375;RUA ALAN KARDEC;RUA ISAIE BORIS;;;;Colisão;Luz do Dia;;;Outros;Outros;Residencial;0;1;1;1;0;0;0;0;0;1;0;0;-38,547462;-3,766831
293596;23;6;2016;16:58;0;RUA VIS MAUA;;;;;Colisão;Luz do Dia;;;Meio de Quadra;;;0;1;1;1;0;0;0;0;0;1;0;0;;
293597;23;6;2016;17:00;0;AV A CJ CEARA;;;1008;BEC;Colisão;Anoitecer;;;Meio de Quadra;;;0;1;1;1;0;0;0;0;0;1;0;0;-38,604451;-3,769808
293598;23;6;2016;17:09;0;AV DR SILAS MUNGUBA;;;3427;;Queda;Anoitecer;;;Meio de Quadra;;;0;1;0;0;0;0;0;0;0;1;0;0;-38,543111;-3,789435
293580;23;6;2016;15:45;0;RUA MARIA JULIA;;;1059;;Colisão;Luz do Dia;;;Meio de Quadra;;;0;1;1;1;0;0;0;0;0;1;0;0;-38,600744;-3,795531
293581;23;6;2016;16:11;0;RUA OSCAR FRANCA;;;608;;Colisão;Luz do Dia;;;Meio de Quadra;;;0;1;1;0;0;0;1;0;0;1;0;0;-38,598013;-3,792439
293577;23;6;2016;14:11;0;RUA HERMINIO BARROSO;;;1580;;Colisão;Luz do Dia;;;Meio de Quadra;;;0;1;1;1;0;0;0;0;0;1;0;0;;
293573;23;6;2016;12:33;0;AV ANTONIO SALES;;;2666;;Colisão;Luz do Dia;;;Meio de Quadra;;;0;1;1;1;0;0;0;0;0;1;0;0;-38,500328;-3,746075
293574;23;6;2016;13:32;0;AV FRANCISCO SA;;;6083;;Colisão;Luz do Dia;;;Meio de Quadra;;;0;2;1;1;0;0;0;0;0;1;0;0;-38,580146;-3,709603
293575;23;6;2016;13:35;0;RUA BAR RIO BRANCO;;;1921;;Colisão Traseira;Luz do Dia;Bom;Seca;Meio de Quadra;Não Há Controle;Comercial;0;0;4;1;0;0;0;0;0;0;0;0;-38,530985;-3,735001
293562;23;6;2016;09:41;0;RUA PARAIBA;;;435;;Queda;Luz do Dia;;;Meio de Quadra;;;0;1;0;0;0;0;0;0;0;1;0;0;-38,564794;-3,761412
293563;23;6;2016;11:16;0;AV JOVITA FEITOSA;;;2740;;Queda;Luz do Dia;;;Meio de Quadra;;;0;1;0;0;0;0;0;0;0;1;0;0;-38,561769;-3,740922
293564;23;6;2016;11:40;0;RUA TEODOMIRO DE CASTRO;;;4086;;Atropelamento;Luz do Dia;;;Meio de Quadra;;;0;1;1;0;0;0;0;0;0;1;0;0;-38,570115;-3,719886
293565;23;6;2016;12:20;0;RUA CREUSA ROCHA;;;562;;Queda;Luz do Dia;;;Meio de Quadra;;;0;1;0;0;0;0;0;0;0;1;0;0;;
293606;23;6;2016;19:13;0;RUA GAL CLARINDO DE QUEIROZ;;;483;;Atropelamento;;;;Meio de Quadra;;;0;1;1;1;0;0;0;0;0;0;0;0;-38,528562;-3,733233
293607;23;6;2016;19:30;0;RUA DO MIRANTE;;;1000;;Atropelamento;;;;Meio de Quadra;;;0;1;1;1;0;0;0;0;0;0;0;0;;
293600;23;6;2016;17:46;0;AV GAL OSORIO DE PAIVA;;;;;Colisão;Anoitecer;;;Meio de Quadra;;;0;1;1;1;0;0;0;0;0;1;0;0;;
293601;23;6;2016;18:11;0;AV FRANCISCO SA;;;7750;;Colisão;Anoitecer;;;Meio de Quadra;;;0;1;1;1;0;0;0;0;0;1;0;0;-38,588098;-3,705129
293603;23;6;2016;18:26;8949;RUA JUSTINIANO DE SERPA;AV BEZERRA DE MENEZES;;;;Colisão;Anoitecer;;;Cruz;Semáforo Intermitente;Comercial;0;1;1;0;0;0;0;0;0;1;0;0;-38,542857;-3,731156
293619;23;6;2016;21:23;6224;AV J CJ CEARA;RUA 1030 CJ CEARA;;;;Colisão;;;;;;;0;1;1;1;0;0;0;0;0;1;0;0;-38,616251;-3,767781
293622;23;6;2016;21:51;0;AV DOS EXPEDICIONARIOS;;;3435;;Colisão;;;;Meio de Quadra;;;0;1;1;1;0;0;0;0;0;1;0;0;-38,536013;-3,748018
293247;23;6;2016;17:02;0;AV ENG JOSÉ GUIMARÃES;;;155;;Colisão;Anoitecer;;;Meio de Quadra;;;0;1;1;1;0;0;0;0;0;1;0;0;;
293249;23;6;2016;08:35;15350;AV DES MOREIRA;RUA PEREIRA VALENTE;;;;Colisão;Luz do Dia;;;Cruz;Semáforo;Comercial;0;0;2;1;0;0;0;0;0;0;0;0;-38,497076;-3,732253
293252;23;6;2016;20:45;0;RUA ISRAEL BEZERRA;;;1033;;Colisão Traseira;Luz do Dia;Bom;Seca;Meio de Quadra;Não Há Controle;Residencial;0;1;2;1;0;0;0;0;0;1;0;0;;
286737;23;6;2016;09:35;0;RD CE-040;;;;KM-05;Colisão;Luz do Dia;Bom;Seca;Meio de Quadra;;;0;0;2;1;0;0;0;0;0;1;0;0;-38,480331;-3,791613
286753;23;6;2016;18:30;0;AV MIN JOSE AMERICO;;;;;Colisão;Anoitecer;Bom;Seca;Meio de Quadra;;;0;0;2;1;0;0;1;0;0;0;0;0;;
286761;23;6;2016;13:30;0;AV MIN JOSE AMERICO;;;;;Colisão;Luz do Dia;Bom;Seca;Meio de Quadra;;;0;0;2;1;0;0;0;0;0;1;0;0;;
286741;23;6;2016;09:00;0;AV MIN JOSE AMERICO;;;;;Colisão;Luz do Dia;Bom;Seca;Meio de Quadra;;;0;0;2;1;0;0;0;0;0;0;0;0;;
286742;23;6;2016;09:00;0;AV SEN CARLOS JEREISSATI (AEROPORTO);;;;KM 03;Colisão;Luz do Dia;Bom;Seca;Meio de Quadra;;;0;0;2;1;0;0;0;0;0;0;0;0;-38,544038;-3,779641
286743;23;6;2016;12:30;0;RD CE-040;;;;KM-01;Colisão;Luz do Dia;Bom;Seca;Meio de Quadra;;;0;0;2;1;0;0;0;0;0;0;0;0;-38,48666;-3,758119
303244;23;6;2016;18:00;13234;AV E CJ JOSE WALTER;AV I CJ JOSE WALTER;;0;;Colisão Traseira;Via Iluminada;Bom;Seca;Cruz;Pare;Comercial;0;0;2;1;0;0;0;0;0;1;0;0;-38,553829;-3,835398
303245;24;6;2016;17:30;6738;RUA DES WALDETARIO P MOTA;RUA VILEBALDO AGUIAR;;0;;Não Informado;Via Iluminada;Bom;Seca;Cruz;Pare;Comercial;0;3;2;1;0;0;0;0;0;1;0;0;-38,483787;-3,741853
289298;24;6;2016;18:30;23615;AV OLAVO BILAC;RUA GONCALO DE LAGOS;;;;Atropelamento;Anoitecer;;;;;;1;1;0;0;0;0;0;0;0;1;0;0;-38,565591;-3,725197
287258;24;6;2016;22:00;0;RD BR 116;;;0;KM-05;Queda;;Bom;Seca;Meio de Quadra;;;0;3;0;0;0;1;0;0;1;0;0;0;-38,50617967;-3,797701134
286797;24;6;2016;15:15;0;RD CE-040;;;;KM-10;Colisão;Luz do Dia;Bom;Seca;Meio de Quadra;;;0;0;2;1;0;0;0;0;0;0;0;0;-38,482466;-3,834451
286803;24;6;2016;22:00;0;AV SEN CARLOS JEREISSATI (AEROPORTO);;;;KM 03;Colisão;;Bom;Seca;Meio de Quadra;;;0;0;2;1;0;0;0;0;0;0;0;0;-38,544038;-3,779641
286801;24;6;2016;23:00;0;RD CE-040;;;;KM-06;Colisão;;Bom;Seca;Meio de Quadra;;;0;0;2;1;0;0;0;0;0;0;0;0;-38,479535;-3,800596
293264;24;6;2016;12:42;25969;RUA AFONSO LOPES;RUA ACAPULCO;;;;Colisão;Luz do Dia;;;Cruz;Pare;Residencial;0;1;1;0;0;0;0;0;0;1;0;0;;
293265;24;6;2016;13:00;0;AV SGT HERMINIO SAMPAIO;;;4152;;Colisão;Luz do Dia;;;Meio de Quadra;;;0;0;3;1;0;0;0;0;0;0;0;0;-38,577318;-3,730755
293261;24;6;2016;16:40;0;RUA JOAQUIM FROTA;;;1409;;Colisão;Luz do Dia;;;Meio de Quadra;;;0;1;2;1;0;0;0;0;0;1;0;0;;
293262;24;6;2016;13:40;17326;RUA ALAN KARDEC;RUA ALBERTO MAGNO;;;;Colisão;Luz do Dia;;;Cruz;Pare;Comercial;0;2;1;1;0;0;0;0;0;1;0;0;-38,549918;-3,764796
293628;24;6;2016;00:12;0;RUA TITAN;;;503;;Queda;;;;Meio de Quadra;;;0;1;0;0;0;0;0;0;0;1;0;0;;
293632;24;6;2016;00:32;0;AV DIOGUINHO;;;;;Queda;;;;Meio de Quadra;;;0;0;1;0;0;0;0;0;0;1;0;0;;
293633;24;6;2016;06:06;0;AV GAL OSORIO DE PAIVA;;;641;;Colisão;Luz do Dia;;;Meio de Quadra;;;0;1;1;1;0;0;0;0;0;1;0;0;-38,568098;-3,776636
293657;24;6;2016;06:46;0;AV DOMINGOS OLIMPIO;;;;;Colisão;Luz do Dia;;;Meio de Quadra;;;0;1;1;1;0;1;0;0;0;0;0;0;;
293658;24;6;2016;07:10;0;AV GAL OSORIO DE PAIVA;;;5840;;Colisão;Luz do Dia;;;Meio de Quadra;;;0;1;1;1;0;1;0;0;0;0;0;0;-38,604625;-3,807352
285824;24;6;2016;19:20;5098;RUA SEN POMPEU;RUA CASTRO E SILVA;;;;Colisão Transversal;Mal Iluminada;Bom;Seca;Cruz;Semáforo;Comercial;0;0;2;1;0;0;0;0;0;0;0;0;-38,528597;-3,723468
285818;24;6;2016;17:50;9028;RUA DEP JOAO PONTES;RUA SOLON PINHEIRO;;;;Colisão;Anoitecer;Bom;Seca;Cruz;Pare;Residencial;0;0;2;1;0;0;0;0;0;0;0;0;-38,531463;-3,745689
285829;24;6;2016;15:20;0;AV PRS COSTA E SILVA;;;2913;;Outros;Luz do Dia;Bom;Seca;Meio de Quadra;Não Há Controle;Comercial;0;0;2;1;0;0;0;0;0;1;0;0;;
285834;24;6;2016;18:10;0;AV DR SILAS MUNGUBA;;;3770;;Colisão Traseira;Via Iluminada;Bom;Seca;Meio de Quadra;Não Há Controle;Comercial;0;3;1;0;0;0;0;0;0;1;0;0;-38,540087;-3,790457
285812;24;6;2016;10:00;1378;RUA OSVALDO CRUZ (ALDEOTA);RUA DES LEITE ALBUQUERQUE;;;;Colisão Transversal;Luz do Dia;Bom;Seca;Cruz;Pare;Comercial;0;0;2;1;0;0;0;0;0;0;0;0;-38,50064;-3,736598
285805;24;6;2016;08:30;5812;AV OLIVEIRA PAIVA;RUA CEZIDIO ALBUQUERQUE;;;;Engavetamento;Luz do Dia;Bom;Seca;Cruz;Não Há Controle;Comercial;0;0;2;1;0;0;0;0;0;0;0;0;-38,503433;-3,798714
285790;24;6;2016;16:30;0;AV GOV PARSIFAL BARROSO;;;;;Colisão Traseira;Luz do Dia;Bom;Seca;Meio de Quadra;Semáforo;Residencial;0;0;3;1;0;0;0;0;0;0;0;0;;
285795;24;6;2016;12:10;19827;RUA PDE GUERRA;RUA MOREIRA DE SOUSA;;;;Colisão Frontal;Luz do Dia;Bom;Seca;Cruz;Não Há Controle;Residencial;0;1;1;1;0;0;0;0;0;1;0;0;-38,566917;-3,740814
285798;24;6;2016;16:11;19833;AV JOVITA FEITOSA;AV ENG HUMBERTO MONTE;;;;Colisão Frontal;Luz do Dia;Bom;Seca;Cruz;Semáforo;Comercial;0;1;1;1;0;0;0;0;0;0;0;0;-38,566544;-3,741963
285799;24;6;2016;11:30;5415;RUA FLORIANO PEIXOTO;RUA GAL CLARINDO DE QUEIROZ;;;;Colisão Transversal;Luz do Dia;Bom;Seca;Cruz;Pare;Comercial;0;1;1;1;0;0;0;0;0;1;0;0;-38,529027;-3,733049
285788;24;6;2016;06:30;7846;RUA JULIO SIQUEIRA;RUA JOSE VILAR;;;;Colisão Transversal;Luz do Dia;Bom;Seca;Cruz;Pare;Residencial;0;1;1;1;0;0;0;0;0;1;0;0;-38,509103;-3,749493
285892;24;6;2016;15:10;25069;AV DOS EXPEDICIONARIOS;RUA RAUL CABRAL;;;;Colisão Lateral;Luz do Dia;Bom;Seca;Cruz;Semáforo;Comercial;0;0;2;1;0;0;0;0;0;0;0;0;-38,542595;-3,769605
285901;24;6;2016;08:15;15343;RUA PEREIRA FILGUEIRAS;RUA NUNES VALENTE;;;;Colisão Transversal;Luz do Dia;Bom;Seca;Cruz;Semáforo;Comercial;0;2;0;1;0;0;0;0;0;0;0;0;-38,50231;-3,731786
285876;24;6;2016;13:50;5406;RUA ANTONIO POMPEU;RUA PRC ISABEL;;;;Colisão Transversal;Luz do Dia;Bom;Seca;Cruz;Pare;Comercial;0;1;1;1;0;0;0;0;0;1;0;0;-38,537283;-3,732693
285881;24;6;2016;12:30;0;RUA GUSTAVO SAMPAIO;;;635;;Outros;Luz do Dia;Bom;Seca;Meio de Quadra;Não Há Controle;Outros;0;1;1;0;1;0;0;0;0;1;0;0;-38,5502;-3,73397
285869;24;6;2016;14:00;0;RUA BAR SOBRAL;;;1012;;Colisão Lateral;Luz do Dia;Bom;Seca;Meio de Quadra;Outros;Residencial;0;1;1;1;0;0;0;0;0;1;0;0;-38,558096;-3,764842
285867;24;6;2016;07:50;9028;RUA DEP JOAO PONTES;RUA SOLON PINHEIRO;;;;Colisão Transversal;Luz do Dia;Bom;Seca;Cruz;Pare;Comercial;0;0;2;1;0;0;0;0;0;0;0;0;-38,531463;-3,745689
285846;24;6;2016;10:20;5403;RUA PINTO MADEIRA;RUA GONCALVES LEDO;;;;Colisão Transversal;Luz do Dia;Bom;Seca;Cruz;Pare;Residencial;0;1;1;1;0;0;0;0;1;0;0;0;-38,516497;-3,732626
285853;24;6;2016;10:00;0;AV ENG HUMBERTO MONTE;;;729;;Colisão Lateral;Luz do Dia;Bom;Seca;Meio de Quadra;Pare;Residencial;0;1;1;1;0;0;0;0;0;1;0;0;-38,558131;-3,752039
285837;24;6;2016;07:15;25101;AV GAL OSORIO DE PAIVA;RUA NAPOLEAO QUEZADO;;;;Colisão Lateral;Luz do Dia;Bom;Seca;Cruz;Não Há Controle;Comercial;0;1;1;1;0;0;0;0;0;1;0;0;-38,568029;-3,776593
285838;24;6;2016;11:40;0;RUA MARIA GOMES DE SA;;;1184;;Colisão Traseira;Luz do Dia;Bom;Seca;Meio de Quadra;Não Há Controle;Residencial;0;1;3;1;0;0;0;0;0;1;0;0;-38,581815;-3,825814
285732;24;6;2016;15:40;0;RUA BENTO ALBUQUERQUE;;;1717;;Colisão Lateral;;Bom;Seca;Meio de Quadra;Pare;Residencial;0;0;2;1;1;0;0;0;0;0;0;0;-38,473686;-3,746808
301058;24;6;2016;20:14;24978;AV ALM HENRIQUE SABOIA;RUA ISRAEL BEZERRA;;0;;Choque c/ Obstáculo Fixo;Via Iluminada;Bom;Seca;T;Gesto;Residencial;0;1;0;0;0;0;0;0;0;1;0;0;-38,494433;-3,75016
301061;24;6;2016;00:45;22167;AV JOSE BASTOS;RUA TAVARES IRACEMA;;0;;Colisão Transversal;Via Iluminada;Bom;Seca;Cruz;Pare;Comercial;0;0;2;0;0;0;0;0;0;0;0;0;-38,55277;-3,752313
301062;24;6;2016;08:10;0;RUA PEDRO PEREIRA;;;1520;;Colisão Lateral;Luz do Dia;Bom;Seca;Meio de Quadra;Não Há Controle;Residencial;0;0;2;1;1;0;0;0;0;0;0;0;-38,538568;-3,726432
301063;24;6;2016;08:55;0;RUA TEN BENEVOLO;;;411;;Colisão Traseira;Luz do Dia;Bom;Seca;Meio de Quadra;Não Há Controle;Residencial;0;0;2;1;0;0;0;0;0;0;0;0;-38,517006;-3,725419
301064;24;6;2016;09:23;0;AV ANTONIO SALES;;;1540;;Engavetamento;Luz do Dia;Bom;Seca;Meio de Quadra;Não Há Controle;Comercial;0;5;3;1;1;0;0;0;0;0;0;0;-38,509456;-3,743264
301065;24;6;2016;16:00;0;AV SEN VIRGILIO TAVORA;;;303;;Colisão Traseira;Luz do Dia;Bom;Seca;Meio de Quadra;Não Há Controle;Comercial;0;0;2;1;0;0;0;0;0;0;0;0;-38,491542;-3,731801