COD_ACIDENTE;DIA;MES;ANO;HORA;INTERSECAO;LOG1;LOG2;LOG3;NUMERO;REFERENCIA;NATUREZA;ILUMINACAO;TEMPO;SUPERFICIEPISTA;TIPOCRUZAMENTO;CONTROLETRAFEGO;USOSOLO;MORTOS;FERIDOS;ILESOS;AUTOMOVEL;ONIBUS;BICICLETA;CAMINHAO;MICROONIBUS;CICLOMOTOR;MOTOCICLETA;TRACAOANIMAL;TREM;LONG;LAT
301066;24;6;2016;16:50;0;AV DES MOREIRA;;;1500;;Colisão Traseira;Luz do Dia;Bom;Seca;Meio de Quadra;Não Há Controle;Comercial;0;0;2;1;0;0;0;0;0;0;0;0;-38,499189;-3,738888
301068;24;6;2016;17:50;0;AV AGUANAMBI;;;1370;;Colisão Lateral;Via Iluminada;Bom;Seca;Meio de Quadra;Semáforo;Comercial;0;0;2;0;1;0;0;0;0;0;0;0;-38,524083;-3,748559
301069;24;6;2016;19:30;0;AV BEIRA MAR;;;3190;;Colisão Traseira;Via Iluminada;Bom;Seca;Meio de Quadra;Não Há Controle;Residencial;0;0;2;1;1;0;0;0;0;0;0;0;-38,492397;-3,725745
301056;24;6;2016;15:40;0;RUA MARIA JULIA;;;1058;;Atropelamento;Luz do Dia;Bom;Seca;Meio de Quadra;Não Há Controle;Comercial;0;2;0;0;0;0;0;0;0;1;0;0;-38,600736;-3,795442
293940;24;6;2016;14:09;0;AV DA INDEPENDENCIA;;;;;Queda;Luz do Dia;;;Meio de Quadra;;;0;1;0;0;0;0;0;0;0;1;0;0;;
293908;24;6;2016;12:08;25007;AV JOAO PESSOA;RUA ROMEU MARTINS;;;;Atropelamento;Luz do Dia;;;T;Pare;Comercial;0;1;1;0;1;0;0;0;0;0;0;0;-38,557972;-3,762774
293909;24;6;2016;12:24;0;AV LINEU MACHADO;;;657;;Colisão;Luz do Dia;;;Meio de Quadra;;;0;1;1;1;0;0;0;0;0;1;0;0;-38,577037;-3,766158
293910;24;6;2016;12:24;0;AV PERIMETRAL;;;;;Colisão;Luz do Dia;;;Meio de Quadra;;;0;2;0;0;0;0;0;0;0;0;0;0;;
293911;24;6;2016;12:47;0;AV PONTES VIEIRA;;;;;Colisão;Luz do Dia;;;Meio de Quadra;;;0;1;0;0;0;0;0;0;0;0;0;0;;
293912;24;6;2016;13:41;805;RUA ASP MENDES;RUA TEN AURELIO SAMPAIO;;;;Choque c/ Obstáculo Fixo;Luz do Dia;;;Cruz;Pare;Residencial;0;2;1;1;0;0;0;0;0;1;0;0;-38,513441;-3,772954
294036;24;6;2016;15:04;1596;RUA PDE VALDEVINO;RUA OSVALDO CRUZ (ALDEOTA);;;;Colisão;Luz do Dia;;;Cruz;Pare;Residencial;0;1;0;0;0;0;0;0;0;0;0;0;-38,502862;-3,743492
294037;24;6;2016;15:11;21979;RUA GAL BERNARDO FIGUEIREDO;RUA PRO RAIMUNDO ARRUDA;;;;Colisão Lateral;Luz do Dia;Bom;Seca;T;Pare;Residencial;0;2;3;1;0;0;0;0;0;1;0;0;-38,55084;-3,739476
294039;24;6;2016;15:12;0;RUA ALUISIO AZEVEDO;;;655;;Colisão;Luz do Dia;;;Meio de Quadra;;;0;2;1;1;0;0;0;0;0;1;0;0;-38,578855;-3,770378
294040;24;6;2016;15:16;0;AV PRS COSTA E SILVA;;;;;Colisão;Luz do Dia;;;Meio de Quadra;;;0;1;1;1;0;0;0;0;0;1;0;0;;
294042;24;6;2016;16:10;0;RUA ARARIPE MACEDO;;;;;Colisão;Luz do Dia;;;Meio de Quadra;;;0;1;1;1;0;0;0;0;0;1;0;0;;
294043;24;6;2016;17:43;1877;RUA HONORINA MAIA;RUA CEL JOSE DE MOURA;;;;Colisão;Anoitecer;;;;;;0;1;1;1;0;0;0;0;0;1;0;0;-38,502011;-3,853815
294044;24;6;2016;17:51;0;RUA ADARIAS DE LIMA;;;53;;Atropelamento;Anoitecer;;;Meio de Quadra;;;0;1;1;0;0;0;0;0;0;1;0;0;;
294045;24;6;2016;17:54;0;AV JOSE BASTOS;;;4000;;Colisão Traseira;Via Iluminada;Bom;Seca;Meio de Quadra;Não Há Controle;Comercial;0;1;2;1;0;0;0;0;0;1;0;0;-38,553458;-3,752996
294032;24;6;2016;14:35;0;AV ROGACIANO LEITE;;;;;Colisão;Luz do Dia;;;Meio de Quadra;;;0;1;0;0;0;0;0;0;0;0;0;0;;
294047;24;6;2016;17:57;0;RUA FRANCISCO PAIVA;;;131;;Colisão;Anoitecer;;;Meio de Quadra;;;0;1;1;1;0;0;0;0;0;1;0;0;;
293773;24;6;2016;09:52;0;AV PRS COSTA E SILVA;;;;;Atropelamento;Luz do Dia;;;Meio de Quadra;;;0;1;0;0;0;0;0;0;0;0;0;0;;
293775;24;6;2016;09:56;22069;AV ENG HUMBERTO MONTE;RUA PAPI JUNIOR;;;;Colisão;Luz do Dia;;;Cruz;Pare;Residencial;0;1;1;1;0;0;0;0;0;1;0;0;-38,557697;-3,752552
293777;24;6;2016;10:07;0;AV PRS COSTA E SILVA;;;;;Colisão;Luz do Dia;;;Meio de Quadra;;;0;1;0;0;0;0;0;0;0;0;0;0;;
293788;24;6;2016;11:01;0;AV JOAO PESSOA;;;5994;;Atropelamento;Luz do Dia;;;Meio de Quadra;;;0;1;1;0;1;0;0;0;0;0;0;0;-38,558003;-3,76285
293780;24;6;2016;10:57;0;RUA ILDEFONSO ALBANO;;;272;;Colisão;Luz do Dia;;;Meio de Quadra;;;0;1;1;1;0;0;0;0;0;1;0;0;;
294050;24;6;2016;18:57;11057;AV DOS EXPEDICIONARIOS;AV DR SILAS MUNGUBA;;;;Queda;;;;Cruz;Cancela;Comercial;0;1;0;0;0;1;0;0;0;0;0;0;;
294051;24;6;2016;19:17;0;RUA BOM JESUS (GRANJA LISBOA);;;;;Colisão;;;;Meio de Quadra;;;0;1;1;0;0;0;0;0;0;1;0;0;;
294063;24;6;2016;19:54;0;RUA ARTUR DE CARVALHO;;;;;Colisão;;;;;;;0;2;1;1;0;0;0;0;0;1;0;0;;
294067;24;6;2016;20:02;0;AV PERIMETRAL;;;;;Queda;;;;Meio de Quadra;;;0;2;0;0;0;0;0;0;0;1;0;0;;
294074;24;6;2016;21:21;0;RUA LAGOA DO ABAETE;;;116;;Colisão;;;;Meio de Quadra;;;0;2;1;1;0;0;0;0;0;1;0;0;;
294080;24;6;2016;23:06;0;AV CASTELO DE CASTRO;;;538;;Colisão;;;;Meio de Quadra;;;0;1;1;0;0;0;0;0;0;1;0;0;-38,521591;-3,83396
294086;24;6;2016;23:28;0;AV GAL OSORIO DE PAIVA;;;4800;;Colisão;;;;Meio de Quadra;;;0;2;0;0;0;0;0;0;0;0;0;0;-38,598379;-3,800921
294088;24;6;2016;23:44;22845;RUA CON LIMA SUCUPIRA;RUA GOV JOAO CARLOS;;;;Capotamento;;;;Cruz;Pare;Residencial;0;1;0;1;0;0;0;0;0;0;0;0;-38,551518;-3,777951
293675;24;6;2016;07:37;7634;AV CARNEIRO DE MENDONCA;RUA MINAS GERAIS;;;;Colisão;Luz do Dia;;;Cruz;Pare;Residencial;0;2;1;1;0;0;0;0;0;1;0;0;-38,5692;-3,762798
294089;25;6;2016;23:51;0;AV PRS COSTA E SILVA;;;;;Atropelamento;;;;Meio de Quadra;;;0;1;1;0;0;0;0;0;0;0;0;0;;
294101;25;6;2016;06:14;0;AV PRS CASTELO BRANCO;;;;;Colisão;Luz do Dia;;;Meio de Quadra;;;0;2;1;1;0;0;0;0;0;1;0;0;;
294103;25;6;2016;06:39;0;AV PERIMETRAL;;;3050;;Atropelamento;Luz do Dia;;;Meio de Quadra;;;0;1;1;0;0;0;0;0;0;0;0;0;;
294104;25;6;2016;07:16;10839;RUA EURICO MEDINA;RUA PORTO VELHO;;;;Queda;Luz do Dia;;;;;;0;1;0;0;0;0;0;0;0;1;0;0;-38,589265;-3,764772
294106;25;6;2016;07:26;0;RUA DEP MATOSO FILHO;;;1134;;Colisão;Luz do Dia;;;Meio de Quadra;;;0;1;1;1;0;0;0;0;0;1;0;0;-38,594019;-3,733848
294108;25;6;2016;07:56;0;RUA DOS SABIAS;;;251;;Choque c/ Obstáculo Fixo;Luz do Dia;;;Meio de Quadra;;;0;1;0;1;0;0;0;0;0;0;0;0;;
294109;25;6;2016;08:09;1520;AV JULIO VENTURA;RUA NUNES VALENTE;;;;Colisão;Luz do Dia;;;Cruz;Semáforo;Comercial;0;1;1;0;0;0;0;0;0;1;0;0;-38,505037;-3,740301
294111;25;6;2016;08:33;0;RUA NOSSA SRA DAS GRACAS;;;1155;;Atropelamento;Luz do Dia;;;Meio de Quadra;;;0;1;1;1;0;0;0;0;0;0;0;0;-38,560418;-3,708075
294112;25;6;2016;09:11;10909;RUA PORTO VELHO;RUA BRI TORRES;;;;Colisão;Luz do Dia;;;Cruz;Não Há Controle;Rural;0;2;1;0;0;0;0;0;0;1;0;0;-38,581592;-3,768875
294155;25;6;2016;10:43;1306;RUA TORRES CAMARA;RUA MON BRUNO;;;;Colisão;Luz do Dia;;;Cruz;Pare;Comercial;0;1;0;0;0;0;0;0;0;0;0;0;-38,510152;-3,734594
294159;25;6;2016;11:19;0;RUA HUGO VITOR;;;;;Colisão;Luz do Dia;;;Meio de Quadra;;;0;1;1;1;0;0;0;0;0;1;0;0;;
294160;25;6;2016;11:27;12455;AV SEN FERNANDES TAVORA;RUA RIO GRANDE DO SUL;;;;Colisão Transversal;Luz do Dia;Bom;Seca;T;Semáforo;Comercial;0;1;3;1;0;0;0;0;0;1;0;0;-38,572159;-3,768083
294161;25;6;2016;12:00;13054;AV J CJ JOSE WALTER;AV B CJ JOSE WALTER;;;;Atropelamento;Luz do Dia;;;;;;0;1;1;1;0;0;0;0;0;0;0;0;-38,554445;-3,826939
294162;25;6;2016;12:37;12699;AV CEL CARVALHO;AV MAJ ASSIS;;;;Atropelamento;Luz do Dia;;;Cruz;Semáforo;Comercial;0;1;1;0;0;0;0;0;0;0;0;0;-38,586255;-3,723796
294168;25;6;2016;14:31;0;AV PERIMETRAL;;;424;IGREJA UNIVERSAL;Colisão;Luz do Dia;;;Meio de Quadra;;;0;1;1;1;0;0;0;0;0;1;0;0;;
294169;25;6;2016;14:37;0;RUA RAIMUNDO ARISTIDES;;;1001;;Atropelamento;Luz do Dia;;;Meio de Quadra;;;0;1;1;1;0;0;0;0;0;0;0;0;-38,59351;-3,816444
294171;25;6;2016;15:05;0;RUA JOAQUIM NABUCO;;;505;;Colisão;Luz do Dia;;;Meio de Quadra;;;0;1;0;1;0;0;0;0;0;0;0;0;-38,499605;-3,730027
294174;25;6;2016;15:42;0;RUA MIGUEL ARAGAO;;;112;;Colisão;Luz do Dia;;;Meio de Quadra;;;0;2;1;1;0;0;0;0;0;1;0;0;;
294175;25;6;2016;16:28;0;RUA PEREIRA BARBOSA;;;;;Queda;Luz do Dia;;;Meio de Quadra;;;0;1;0;0;0;0;0;0;0;1;0;0;;
294177;25;6;2016;16:38;0;AV WASHINGTON SOARES;;;;;Colisão;Luz do Dia;;;Meio de Quadra;;;0;1;1;1;0;0;0;0;0;1;0;0;;
294218;25;6;2016;16:43;12455;AV SEN FERNANDES TAVORA;RUA RIO GRANDE DO SUL;;;;Colisão;Luz do Dia;;;T;Semáforo;Comercial;0;1;1;1;0;0;0;0;0;1;0;0;-38,572159;-3,768083
294220;25;6;2016;19:24;1219;RUA COSTA BARROS;RUA JOAO CORDEIRO;;;;Colisão;;;;Cruz;Semáforo;Residencial;0;1;0;0;0;0;0;0;0;0;0;0;-38,514331;-3,729449
294225;25;6;2016;20:20;0;AV AREIA BRANCA;;;184;;Atropelamento;;;;Meio de Quadra;;;0;1;1;0;0;0;0;0;0;1;0;0;;
294227;25;6;2016;21:02;0;RUA JOSE MENDONCA;;;530;;Atropelamento;;;;Meio de Quadra;;;0;1;1;0;0;0;0;0;0;1;0;0;-38,60231;-3,757803
294229;25;6;2016;21:03;0;AV SEN FERNANDES TAVORA;;;527;;Atropelamento;;;;Meio de Quadra;;;0;1;1;0;0;0;0;0;0;0;0;0;-38,577416;-3,76472
294248;25;6;2016;21:04;10963;RUA ANTONIO FIUZA;RUA 15 DE NOVEMBRO;;;;Atropelamento;;;;Cruz;Semáforo;Misto;0;1;1;1;0;0;0;0;0;0;0;0;-38,552228;-3,770252
294250;25;6;2016;21:21;8025;AV JOAO PESSOA;RUA PRO COSTA MENDES;;;;Colisão;;;;Cruz;Semáforo Intermitente;Comercial;0;1;0;0;0;0;0;0;0;0;0;0;-38,549441;-3,752393
294253;25;6;2016;21:26;12514;AV LINEU MACHADO;RUA JULIO BRAGA;;;;Atropelamento;;;;Outros;Semáforo;Residencial;0;1;1;0;0;0;0;0;0;0;0;0;-38,58179;-3,775335
294254;25;6;2016;21:38;25458;RUA DOM HENRIQUE;AV AUGUSTO DOS ANJOS;;;;Colisão;;;;T;Pare;Comercial;0;1;1;1;0;0;0;0;0;1;0;0;-38,583695;-3,785447
294259;25;6;2016;22:42;0;AV N CJ JOSE WALTER;;;;;Colisão;;;;Meio de Quadra;;;0;2;0;0;0;0;0;0;0;0;0;0;;
294263;25;6;2016;22:45;0;AV JOSE BASTOS;;;;;Colisão;;;;Meio de Quadra;;;0;1;0;0;0;0;0;0;0;0;0;0;;
294264;25;6;2016;22:59;0;RD CE-065;;;;;Colisão;;;;Meio de Quadra;;;0;2;0;0;0;0;0;0;0;0;0;0;;
294291;25;6;2016;23:00;0;AV GAL OSORIO DE PAIVA;;;77320;;Atropelamento;;;;Meio de Quadra;;;0;2;1;0;0;0;0;0;0;1;0;0;;
294306;25;6;2016;23:27;2652;RUA AMOR PERFEITO;RUA RAIMUNDO FROTA;;;;Colisão;;;;Cruz;Não Há Controle;Residencial;0;1;0;0;0;0;0;0;0;0;0;0;-38,582332;-3,715156
301070;25;6;2016;07:00;22070;RUA JOSE FACANHA;RUA PAPI JUNIOR;;0;;Colisão Transversal;Luz do Dia;Bom;Seca;Cruz;Pare;Residencial;0;0;2;1;0;0;0;0;0;0;0;0;-38,557265;-3,752136
301071;25;6;2016;08:20;4007;RUA ALBERTO MAGNO;RUA DES PRAXEDES;;0;;Colisão Lateral;Luz do Dia;Bom;Seca;Cruz;Semáforo;Comercial;0;0;2;1;0;0;0;0;0;0;0;0;-38,546795;-3,76123
301072;25;6;2016;19:41;15138;AV HIS RAIMUNDO GIRAO;RUA ANTONIO LIMA;;0;;Colisão Traseira;Via Iluminada;Bom;Seca;T;Pare;Comercial;0;0;2;1;0;0;0;0;0;0;0;0;-38,504023;-3,724196
301073;25;6;2016;23:30;0;RUA 08 UI 509;;;120;;Colisão Transversal;Mal Iluminada;Bom;Seca;Meio de Quadra;Não Há Controle;Residencial;0;0;2;1;0;0;0;0;0;1;0;0;-38,591472;-3,805458
285839;25;6;2016;07:10;0;AV GAL OSORIO DE PAIVA;;;5870;;Colisão Traseira;Luz do Dia;;;Meio de Quadra;;;0;0;2;1;0;0;1;0;0;0;0;0;-38,605067;-3,807818
285836;25;6;2016;14:00;0;AV 13 DE MAIO;;;;;Colisão Lateral;Luz do Dia;;;Meio de Quadra;;;0;0;2;1;0;0;0;0;0;1;0;0;;
285841;25;6;2016;09:50;5965;AV C CJ CEARA;AV F CJ CEARA;;;;Colisão Lateral;Luz do Dia;;;T;Pare;Misto;0;1;1;0;0;1;1;0;0;0;0;0;;
285842;25;6;2016;17:40;2733;RUA OSCAR ARARIPE;RUA VALDEMAR PAES;;;;Colisão Transversal;Anoitecer;;;Cruz;Pare;Comercial;0;0;2;1;0;0;0;0;0;0;0;0;-38,600935;-3,790678
285844;25;6;2016;11:10;1437;RUA JOAO CARVALHO;RUA SILVA PAULET;;;;Colisão Transversal;Luz do Dia;;;Cruz;Pare;Comercial;0;0;2;1;0;0;0;0;0;0;0;0;-38,506557;-3,737966
285849;25;6;2016;23:00;12457;AV AUGUSTO DOS ANJOS;RUA PRO GOMES BRASIL;;;;Colisão Frontal;;;;Cruz;Semáforo;Comercial;0;1;1;1;0;0;0;0;0;1;0;0;-38,570427;-3,770153
285826;25;6;2016;09:40;0;AV DES MOREIRA;;;3033;;Colisão Traseira;Luz do Dia;;;Meio de Quadra;;;0;1;1;1;0;0;0;0;0;1;0;0;-38,503671;-3,752832
285827;25;6;2016;14:31;6723;RUA VILEBALDO AGUIAR;AV ENG SANTANA JUNIOR;;;;Colisão Traseira;Luz do Dia;;;T;Pare;Comercial;0;0;2;1;0;0;0;0;0;0;0;0;-38,485608;-3,741266
285831;25;6;2016;11:50;3467;RUA CAP HUGO BEZERRA;RUA VALERIA;;;;Colisão Transversal;Luz do Dia;;;Cruz;Não Há Controle;Lazer;0;1;2;1;0;0;0;0;0;1;0;0;-38,505195;-3,821114
285832;25;6;2016;12:40;0;AV DUQ CAXIAS;;;2142;;Colisão Lateral;Luz do Dia;;;Meio de Quadra;;;0;1;1;1;0;0;0;0;0;0;0;0;-38,543374;-3,727406
285833;25;6;2016;11:45;0;AV 13 DE MAIO;;;1776;;Colisão Traseira;Luz do Dia;;;Meio de Quadra;;;0;1;1;1;0;0;0;0;0;1;0;0;-38,533607;-3,745675
285821;25;6;2016;02:02;13436;AV ANTONIO SALES;RUA DR JOSE LOURENCO;;;;Colisão Lateral;;;;Cruz;Semáforo;Comercial;0;0;2;1;0;0;0;0;0;0;0;0;-38,51045;-3,742954
285822;25;6;2016;15:15;25683;RUA DAMASCENO GIRAO;RUA ANTONIO MENDES (JD AMERICA);;;;Colisão Lateral;Luz do Dia;;;Cruz;Pare;Residencial;0;0;2;1;0;0;0;0;0;0;0;0;-38,539797;-3,75151
293268;25;6;2016;16:15;23487;RUA ESV PINHEIRO;RUA CARVALHO JUNIOR;;;;Colisão;Luz do Dia;;;T;Pare;Residencial;0;0;2;0;0;0;0;0;0;0;0;0;-38,507818;-3,758341
293269;25;6;2016;17:01;19072;RUA CARLOS BARBOSA;RUA AMELIA BENEBIEN;;;;Colisão;Anoitecer;;;T;Pare;Residencial;0;1;1;0;0;0;0;0;0;1;0;0;-38,47204;-3,737053
293270;25;6;2016;00:30;0;RUA LAGOA DO ABAETE;;;100;;Colisão;;;;Meio de Quadra;;;0;0;2;1;0;0;0;0;0;1;0;0;;
293271;25;6;2016;18:13;0;AV AMERICO BARREIRA;;;;;Colisão;Anoitecer;;;Meio de Quadra;;;0;0;2;0;0;0;0;0;1;1;0;0;;
293273;25;6;2016;19:46;15316;RUA REPUBLICA DO LIBANO;RUA JOAQUIM NABUCO;;;;Colisão;;;;Cruz;Pare;Residencial;0;1;1;1;0;0;0;0;0;0;0;0;-38,4997;-3,730318
293279;25;6;2016;03:00;12032;AV CASTELO DE CASTRO;AV BULEVAR I;;;;Colisão;;;;Cruz;Pare;Comercial;0;1;1;0;0;0;0;0;0;1;0;0;-38,521582;-3,833689
293275;25;6;2016;02:39;0;RUA MIGUEL ARAGAO;;;;;Atropelamento;;;;Meio de Quadra;;;0;1;1;0;0;0;0;0;0;1;0;0;;
293282;25;6;2016;04:15;22845;RUA CON LIMA SUCUPIRA;RUA GOV JOAO CARLOS;;;;Colisão;;;;Cruz;Pare;Residencial;0;1;1;1;0;0;0;0;0;0;0;0;-38,551518;-3,777951
293283;25;6;2016;23:10;0;LOGRADOURO SEM NOME;;;;;Colisão;;;;Meio de Quadra;;;0;1;1;0;1;0;0;0;0;1;0;0;;
286809;25;6;2016;18:00;0;RD CE-040;;;;KM-04;Colisão;Anoitecer;Bom;Seca;Meio de Quadra;;;0;0;2;1;0;0;0;0;0;0;0;0;-38,481084;-3,782614
286807;25;6;2016;16:30;0;RD CE-040;;;;KM-07;Colisão;Luz do Dia;Bom;Seca;Meio de Quadra;;;0;0;3;0;0;0;0;0;0;1;0;0;-38,478733;-3,809597
289279;25;6;2016;21:00;8025;AV JOAO PESSOA;RUA PRO COSTA MENDES;;;;Colisão Transversal;;;;Cruz;Semáforo;Comercial;1;1;1;0;1;0;0;0;0;1;0;0;-38,549441;-3,752393
288338;26;6;2016;02:41;0;RUA MANUEL SATIRO;;;1150;;Colisão;;;;Meio de Quadra;;;0;1;1;1;0;0;0;0;0;1;0;0;-38,578192;-3,807939
286817;26;6;2016;01:37;0;RD CE-060;;;;KM-02;Choque c/ Obstáculo Fixo;;Bom;Seca;Meio de Quadra;;;0;0;1;1;0;0;0;0;0;0;0;0;-38,582918;-3,836668
286866;26;6;2016;19:50;0;AV SEN CARLOS JEREISSATI (AEROPORTO);;;;KM 04;Colisão;;Bom;Seca;Meio de Quadra;;;0;0;2;1;0;0;0;0;0;0;0;0;-38,544418;-3,779518
286827;26;6;2016;19:00;0;RD CE-040;;;;KM-04;Colisão;;Bom;Seca;Meio de Quadra;;;0;1;1;0;0;0;0;0;1;1;0;0;-38,481084;-3,782614
293285;26;6;2016;00:44;0;RUA 8 UI 308;;;130;;Colisão;;;;Meio de Quadra;;;0;1;1;1;0;0;0;0;0;1;0;0;;
293294;26;6;2016;13:30;13261;AV JOAO DE ARAUJO LIMA;AV G CJ JOSE WALTER;;;;Colisão;Luz do Dia;;;Cruz;Gesto;Comercial;0;0;2;0;0;0;1;0;0;0;0;0;-38,561487;-3,837034
293304;26;6;2016;09:04;0;RUA CEL JOAO CORREIA;;;2484;;Colisão;Luz do Dia;;;Meio de Quadra;;;0;0;1;0;0;0;0;0;0;0;0;0;-38,614971;-3,78841
293276;26;6;2016;09:01;0;AV A CJ JOSE WALTER;;;926;;Atropelamento;Luz do Dia;;;Meio de Quadra;;;0;0;2;0;0;0;0;0;0;0;0;0;-38,558362;-3,823571
293253;26;6;2016;08:28;0;AV MR HULL;;;5142;;Atropelamento;Luz do Dia;;;Meio de Quadra;;;0;1;1;0;0;0;0;0;0;0;0;0;-38,590394;-3,739494
293234;26;6;2016;08:02;0;AV DIOGUINHO;;;2180;;Colisão;Luz do Dia;;;Meio de Quadra;;;0;1;1;1;0;0;0;0;0;1;0;0;-38,456716;-3,735415
293227;26;6;2016;07:16;0;RUA DR CONDES SANDOVAL;;;;;Queda;Luz do Dia;;;Meio de Quadra;;;0;1;0;0;0;0;0;0;0;0;0;0;;
293229;26;6;2016;07:54;0;AV CASTELO DE CASTRO;;;;;Colisão;Luz do Dia;;;Meio de Quadra;;;0;1;1;1;0;0;0;0;0;0;0;0;;
293224;26;6;2016;07:03;0;AV CASTELO DE CASTRO;;;978;;Colisão;Luz do Dia;;;Meio de Quadra;;;0;2;0;0;0;0;0;0;0;0;0;0;-38,521732;-3,838437
293169;26;6;2016;00:45;0;RUA FRE DAMIAO;;;144;;Queda;;;;Meio de Quadra;;;0;1;0;0;0;0;0;0;0;1;0;0;-38,582562;-3,749617
293173;26;6;2016;01:10;1309;RUA ILDEFONSO ALBANO;RUA FIUZA DE PONTES;;;;Colisão;;;;Cruz;Pare;Comercial;0;1;1;0;0;0;0;0;0;0;0;0;-38,513672;-3,734722
293185;26;6;2016;01:35;5421;AV HERACLITO GRACA;AV VIS RIO BRANCO;;;;Colisão;;;;;;;0;3;0;1;0;0;0;0;0;0;0;0;-38,524603;-3,733481
293197;26;6;2016;01:49;0;AV GODOFREDO MACIEL;;;4802;;Colisão;;;;Meio de Quadra;;;0;1;0;0;0;0;0;0;0;0;0;0;-38,574708;-3,81739
293458;26;6;2016;15:09;0;RUA GAL ONOFRE;;;700;;Queda;Luz do Dia;;;Meio de Quadra;;;0;1;0;0;0;1;0;0;0;0;0;0;;
293390;26;6;2016;14:04;10046;RUA BRAGANCA;RUA EMILIO DE MENESES;;;;Atropelamento;Luz do Dia;;;Cruz;Pare;Residencial;0;1;1;1;0;0;0;0;0;0;0;0;-38,596166;-3,779277
293379;26;6;2016;13:30;0;AV WASHINGTON SOARES;;;;;Colisão;Luz do Dia;;;Meio de Quadra;;;0;1;1;1;0;0;0;0;0;1;0;0;;
293363;26;6;2016;12:21;0;AV FRANCISCO SA;;;4180;;Colisão;Luz do Dia;;;Meio de Quadra;;;0;2;0;0;0;0;0;0;0;1;0;0;-38,562154;-3,715787
293321;26;6;2016;09:20;0;AV SEN CARLOS JEREISSATI (AEROPORTO);;;;;Colisão;Luz do Dia;;;Meio de Quadra;;;0;1;1;1;0;0;0;0;0;1;0;0;;
293641;26;6;2016;18:04;0;AV H CJ CEARA;;;976;;Queda;Anoitecer;;;Meio de Quadra;;;0;1;0;0;0;0;0;0;0;1;0;0;-38,606005;-3,775154
293611;26;6;2016;16:14;13407;RUA JOAQUIM TORRES;RUA JOAO CORDEIRO;;;;Colisão;Luz do Dia;;;Cruz;Não Há Controle;Misto;0;1;0;0;0;0;0;0;0;0;0;0;-38,518357;-3,741547
293538;26;6;2016;15:43;0;RUA JULIO BRAGA;;;418;;Colisão;Luz do Dia;;;Meio de Quadra;;;0;2;0;1;0;0;0;0;0;1;0;0;-38,575349;-3,777099
285850;26;6;2016;23:30;0;AV DOS EXPEDICIONARIOS;;;2278;;Choque c/ Obstáculo Fixo;;;;Meio de Quadra;;;0;0;1;1;0;0;0;0;0;0;0;0;;
285851;26;6;2016;23:30;0;AV LUCIANO CARNEIRO;;;2278;;Choque c/ Obstáculo Fixo;;;;Meio de Quadra;;;0;0;1;1;0;0;0;0;0;0;0;0;-38,537689;-3,768185
285847;26;6;2016;03:00;5356;AV DUQ CAXIAS;RUA GAL SAMPAIO;;;;Colisão Lateral;;;;Cruz;Semáforo;Misto;0;1;1;1;0;0;0;0;0;1;0;0;-38,532029;-3,731096
285865;26;6;2016;14:03;0;AV PRS CASTELO BRANCO;;;2889;;Colisão Transversal;Luz do Dia;;;Meio de Quadra;;;0;1;1;1;0;0;0;0;0;1;0;0;-38,55363;-3,712253
285873;26;6;2016;11:21;9246;AV 13 DE MAIO;RUA BAR RIO BRANCO;;;;Colisão Lateral;Luz do Dia;;;Cruz;Semáforo;Comercial;0;1;1;1;0;0;0;0;0;1;0;0;-38,534255;-3,745129
285885;26;6;2016;21:45;0;AV ALBERTO CRAVEIRO;;;;;Colisão Traseira;;;;Meio de Quadra;;;0;0;2;1;0;0;0;0;0;0;0;0;;
285883;26;6;2016;15:20;0;AV BEIRA MAR;;;840;;Atropelamento;Luz do Dia;;;Meio de Quadra;;;0;2;0;0;0;0;0;0;0;1;0;0;-38,511603;-3,720222
285875;26;6;2016;10:20;348;RUA CESAR FONTENELE;RUA PRO LINO ENCARNACAO;;;;Colisão Transversal;Luz do Dia;;;Cruz;Pare;Misto;0;0;2;1;0;0;0;0;0;0;0;0;-38,559596;-3,746359
285878;26;6;2016;07:00;12173;AV CASTELO DE CASTRO;AV CONTORNO SUL;;;;Colisão Transversal;Luz do Dia;;;Cruz;Pare;Comercial;0;1;1;1;0;0;0;0;0;0;0;0;-38,521744;-3,838809
285879;26;6;2016;05:40;5399;AV VIS RIO BRANCO;RUA PEDRO I;;;;Colisão Lateral;Amanhecer;;;;;;0;1;1;1;0;0;0;0;0;1;0;0;-38,524814;-3,732458
285880;26;6;2016;10:30;0;AV GOV RAUL BARBOSA;;;5750;;Colisão Transversal;Luz do Dia;;;Meio de Quadra;;;0;1;1;1;0;0;0;0;0;1;0;0;-38,510139;-3,76884
301074;26;6;2016;13:30;19360;RUA EDUARDO PERDIGAO;AV GODOFREDO MACIEL;;0;;Colisão Transversal;Luz do Dia;Bom;Não informada;T;Pare;Não Informado;0;0;2;0;1;0;0;0;0;1;0;0;-38,563845;-3,776654
301075;26;6;2016;15:44;11339;AV GODOFREDO MACIEL;AV BENJAMIM BRASIL;;0;;Engavetamento;Luz do Dia;Bom;Seca;Cruz;Semáforo;Comercial;0;1;2;1;0;0;0;0;0;0;0;0;-38,57204;-3,803264
301076;26;6;2016;18:22;0;RUA ADEMAR DE CASTRO;;;75;;Choque c/ Obstáculo Fixo;Luz do Dia;Bom;Seca;Meio de Quadra;Não Há Controle;Residencial;0;1;0;0;1;0;0;0;0;0;0;0;;
301077;26;6;2016;20:36;1574;RUA JOSE VILAR;RUA PDE VALDEVINO;;0;;Colisão Lateral;Via Iluminada;Bom;Seca;Cruz;Semáforo;Residencial;0;0;4;1;0;0;0;0;0;0;0;0;-38,506779;-3,7423