COD_ACIDENTE;DIA;MES;ANO;HORA;INTERSECAO;LOG1;LOG2;LOG3;NUMERO;REFERENCIA;NATUREZA;ILUMINACAO;TEMPO;SUPERFICIEPISTA;TIPOCRUZAMENTO;CONTROLETRAFEGO;USOSOLO;MORTOS;FERIDOS;ILESOS;AUTOMOVEL;ONIBUS;BICICLETA;CAMINHAO;MICROONIBUS;CICLOMOTOR;MOTOCICLETA;TRACAOANIMAL;TREM;LONG;LAT
293778;26;6;2016;20:48;0;RUA COSME JERONIMO;;;;;Colisão;;;;Meio de Quadra;;;0;1;0;1;0;0;0;0;0;1;0;0;;
293756;26;6;2016;20:37;0;AV GODOFREDO MACIEL;;;656;;Atropelamento;;;;Meio de Quadra;;;0;1;1;0;0;0;0;0;0;0;0;0;-38,565498;-3,782142
293761;26;6;2016;20:47;0;RUA JORGE FIGUEIREDO (ANCURI);;;2029;;Colisão;;;;Meio de Quadra;;;0;1;1;0;0;0;0;0;0;0;0;0;;
293745;26;6;2016;20:31;0;AV DUQ CAXIAS;;;137;;Atropelamento;;;;Meio de Quadra;;;0;2;1;0;0;0;0;0;0;0;0;0;-38,525796;-3,733104
293741;26;6;2016;20:24;0;RUA ACUCENA;;;190;;Queda;;;;Meio de Quadra;;;0;1;1;0;0;0;0;0;0;1;0;0;;
293742;26;6;2016;20:28;0;RUA JORGE FIGUEIREDO (ANCURI);;;2023;;Colisão;;;;Meio de Quadra;;;0;2;0;1;0;0;0;0;0;1;0;0;;
293735;26;6;2016;19:46;0;AV SEN CARLOS JEREISSATI (AEROPORTO);;;785;;Colisão;;;;Meio de Quadra;;;0;0;1;0;0;0;0;0;0;0;0;0;;
293732;26;6;2016;19:22;0;AV PRS CASTELO BRANCO;;;;;Queda;;;;Meio de Quadra;;;0;1;0;0;0;1;0;0;0;0;0;0;;
293737;26;6;2016;20:01;0;AV FRE CIRILO;;;4100;;Colisão;;;;Meio de Quadra;;;0;2;0;0;0;0;0;0;0;0;0;0;-38,496273;-3,819945
293739;26;6;2016;20:10;0;AV PERIMETRAL;;;;;Colisão;;;;Meio de Quadra;;;0;1;0;0;0;0;0;0;0;0;0;0;;
293862;26;6;2016;23:26;0;RUA AUDISIO PINHEIRO;;;1261;;Colisão;;;;Meio de Quadra;;;0;1;0;0;0;0;0;0;0;0;0;0;-38,590924;-3,762492
294031;27;6;2016;08:36;0;AV PERIMETRAL;;;2000;;Colisão;Luz do Dia;;;Meio de Quadra;;;0;0;1;0;0;0;0;0;0;0;0;0;;
294007;27;6;2016;07:48;0;AV WASHINGTON SOARES;;;10511;;Colisão;Luz do Dia;;;Meio de Quadra;;;0;3;0;1;0;0;0;0;0;0;0;0;;
294023;27;6;2016;08:06;0;AV DOM MANUEL;;;909;;Queda;Luz do Dia;;;Meio de Quadra;;;0;1;0;0;0;0;0;0;0;1;0;0;-38,522267;-3,731934
293960;27;6;2016;06:47;0;RUA CONDE D´EU;;;599;;Colisão;Luz do Dia;;;Meio de Quadra;;;0;1;0;0;0;0;0;0;0;0;0;0;-38,525675;-3,726016
293924;27;6;2016;06:44;17434;RUA EDITE BRAGA;RUA CESAR ROSSAS;;;;Colisão;Luz do Dia;;;Cruz;Pare;Misto;0;1;0;1;0;0;0;1;0;0;0;0;-38,553869;-3,768906
293893;27;6;2016;06:33;9761;RUA TRES CORACOES;RUA DR FERNANDO AUGUSTO;;;;Colisão;Luz do Dia;;;;;;0;2;0;0;0;0;0;0;0;1;0;0;-38,610954;-3,790484
293900;27;6;2016;06:38;12455;AV SEN FERNANDES TAVORA;RUA RIO GRANDE DO SUL;;;;Colisão;Luz do Dia;;;T;Semáforo;Comercial;0;3;0;1;0;0;0;0;0;1;0;0;-38,572159;-3,768083
294310;27;6;2016;17:54;0;RUA VITAL BRASIL;;;829;;Colisão;Anoitecer;;;Meio de Quadra;;;0;0;1;1;0;0;0;0;0;1;0;0;;
294320;27;6;2016;18:10;0;AV WASHINGTON SOARES;;;6450;;Queda;Anoitecer;;;Meio de Quadra;;;0;1;0;0;0;1;0;0;0;0;0;0;-38,481533;-3,815152
294324;27;6;2016;18:51;0;AV WASHINGTON SOARES;;;;;Queda;;;;Meio de Quadra;;;0;1;0;0;0;1;0;0;0;0;0;0;;
294332;27;6;2016;19:39;0;AV DOS EXPEDICIONARIOS;;;1099;;Colisão;;;;Meio de Quadra;;;0;1;0;1;0;0;0;0;0;1;0;0;;
294334;27;6;2016;19:41;13390;RUA JOAO BRIGIDO;RUA ILDEFONSO ALBANO;;;;Colisão Lateral;Via Iluminada;Bom;Seca;Cruz;Semáforo;Comercial;0;1;3;1;0;0;0;0;0;1;0;0;-38,51575;-3,740605
294345;27;6;2016;19:58;0;AV WASHINGTON SOARES;;;;;;;;;;;;0;1;0;0;0;0;0;0;0;0;0;0;;
294356;27;6;2016;20:07;0;RUA DR VALE COSTA;;;890;;Colisão;;;;Meio de Quadra;;;0;1;0;0;0;0;0;0;0;0;0;0;;
294274;27;6;2016;17:25;0;AV ALBERTO CRAVEIRO;;;2505;;Colisão;Anoitecer;;;Meio de Quadra;;;0;2;0;1;0;0;0;0;0;1;0;0;-38,520758;-3,802234
294279;27;6;2016;17:26;0;AV GAL OSORIO DE PAIVA;;;7775;;Queda;Anoitecer;;;Meio de Quadra;;;0;1;0;0;0;0;0;0;0;1;0;0;-38,617259;-3,820401
294284;27;6;2016;17:38;8125;RUA BENTO ALBUQUERQUE;RUA MANUEL DE QUEIROZ;;;;Colisão;Anoitecer;;;Cruz;Pare;Residencial;0;1;0;1;0;0;0;0;0;1;0;0;-38,467393;-3,748837
294260;27;6;2016;17:19;0;RUA ADOLFO MARINHO (VILA VELHA);;;129;;Colisão;Anoitecer;;;Meio de Quadra;;;0;1;0;1;0;0;0;0;0;1;0;0;;
294224;27;6;2016;15:35;20839;RUA 21 DE ABRIL D27;AV JOVITA FEITOSA;;;;Colisão;Luz do Dia;;;Cruz;Não Há Controle;Residencial;0;1;0;1;0;0;0;0;0;0;0;0;-38,567358;-3,742913
294235;27;6;2016;16:44;0;AV PENETRACAO OESTE I;;;342;;Queda;Luz do Dia;;;Meio de Quadra;;;0;1;0;0;0;1;0;0;0;0;0;0;-38,589052;-3,815304
294233;27;6;2016;16:00;22127;RUA GUSTAVO BRAGA;RUA MAJ PEDRO SAMPAIO;;;;Colisão;Luz do Dia;;;Cruz;Pare;Residencial;0;1;0;1;0;0;0;0;0;1;0;0;-38,555389;-3,748479
294244;27;6;2016;17:10;1507;RUA BAR ARACATI;RUA PDE VALDEVINO;;;;Colisão;Anoitecer;;;Cruz;Pare;Comercial;0;1;0;1;0;0;0;0;0;1;0;0;-38,514377;-3,739898
294246;27;6;2016;17:16;5395;RUA ANTONIO POMPEU;RUA TEREZA CRISTINA;;;;Atropelamento;Luz do Dia;Bom;Seca;Cruz;Pare;Comercial;0;1;1;0;0;0;0;0;0;0;0;0;-38,538356;-3,73234
294247;27;6;2016;17:18;21478;AV MIN JOSE AMERICO;RUA ELISARIO MENDES;;;;Colisão;Anoitecer;;;Cruz;Não Há Controle;Rural;0;2;0;1;0;0;0;0;0;1;0;0;-38,496335;-3,811474
294221;27;6;2016;14:18;59;RUA CEL JOAQUIM FRANKLIN;RUA TOMAS RODRIGUES;;;;Colisão Transversal;Luz do Dia;;;Cruz;Não Há Controle;Residencial;0;3;1;1;0;0;0;0;1;0;0;0;-38,59354;-3,743315
294217;27;6;2016;14:06;0;AV CHANC EDSON QUEIROZ;;;;;Queda;Luz do Dia;;;Meio de Quadra;;;0;1;0;0;0;0;0;0;0;1;0;0;;
294207;27;6;2016;13:09;0;RUA BERNARDO MANUEL;;;8500;;Atropelamento;Luz do Dia;;;Meio de Quadra;;;0;1;1;0;0;0;1;0;0;0;0;0;-38,550091;-3,794366
294209;27;6;2016;13:36;0;AV N CJ JOSE WALTER;;;1930;;Colisão;Luz do Dia;;;Meio de Quadra;;;0;1;0;1;0;0;0;0;0;1;0;0;;
294203;27;6;2016;12:59;0;RUA OSCAR ARARIPE;;;2096;;Colisão;Luz do Dia;;;Meio de Quadra;;;0;1;0;1;0;0;0;0;0;1;0;0;-38,609894;-3,787802
294215;27;6;2016;14:03;0;AV PERIMETRAL;;;881;;Colisão;Luz do Dia;;;Meio de Quadra;;;0;1;0;0;0;0;0;0;0;1;0;0;;
294184;27;6;2016;11:18;0;RUA MAJ WEYNE;;;1040;;Colisão Traseira;Luz do Dia;Bom;Seca;Meio de Quadra;Não Há Controle;Escola;0;1;3;1;0;0;0;0;0;1;0;0;-38,545198;-3,747965
294197;27;6;2016;11:32;0;AV PRS CASTELO BRANCO;;;;;Colisão;Luz do Dia;;;Meio de Quadra;;;0;1;0;1;0;0;0;0;0;1;0;0;;
294158;27;6;2016;10:17;7359;RUA COS ARAUJO LIMA;RUA DO PAU D´ARCO;;;;Colisão;Luz do Dia;;;;;;0;0;1;0;0;0;0;0;0;1;0;0;-38,586672;-3,751853
294137;27;6;2016;09:27;12599;RUA COS LAFAYETE;RUA JANDIRA;;;;Queda;Luz do Dia;;;Cruz;Pare;Comercial;0;1;0;0;0;0;0;0;0;1;0;0;-38,587105;-3,717584
294141;27;6;2016;09:28;0;RUA JOSE TORRES;;;855;;Queda;Luz do Dia;;;Meio de Quadra;;;0;1;0;0;0;0;0;0;0;1;0;0;-38,606898;-3,778638
294113;27;6;2016;09:01;0;RUA DEP OSWALDO STUDART;;;;;Colisão;Luz do Dia;;;Meio de Quadra;;;0;2;0;1;0;0;0;0;0;1;0;0;;
294123;27;6;2016;09:20;0;AV CESAR CALS;;;755;;Colisão;Luz do Dia;;;Meio de Quadra;;;0;1;0;0;0;0;0;0;0;0;0;0;-38,462788;-3,724282
294132;27;6;2016;09:20;0;AV DIOGUINHO;;;577;;Colisão;Luz do Dia;;;Meio de Quadra;;;0;0;1;1;0;0;0;0;0;1;0;0;;
294107;27;6;2016;08:40;0;AV PERIMETRAL;;;2000;;Colisão;Luz do Dia;;;Meio de Quadra;;;0;1;0;1;0;0;0;0;0;1;0;0;;
294071;27;6;2016;08:37;0;RUA OSCAR ARARIPE;;;1750;;Colisão;Luz do Dia;;;Meio de Quadra;;;0;1;0;1;0;0;0;0;0;1;0;0;-38,606844;-3,788784
294402;27;6;2016;20:36;0;RUA MANUEL GALDINO;;;2014;;Colisão;;;;Meio de Quadra;;;0;1;0;0;0;0;0;0;0;0;0;0;;
294431;27;6;2016;20:38;0;RUA BOM JESUS (GRANJA LISBOA);;;;;Colisão;;;;Meio de Quadra;;;0;1;0;1;0;0;0;0;0;1;0;0;;
294437;27;6;2016;20:40;0;RUA DESCARTES BRAGA;;;4248;;Colisão;;;;Meio de Quadra;;;0;1;0;1;0;0;0;0;0;1;0;0;;
294480;27;6;2016;22:06;0;AV OLIVEIRA PAIVA;;;2797;SHOPPING GRANITO;Colisão;;;;Meio de Quadra;;;0;1;0;1;0;0;0;0;0;0;0;0;-38,482564;-3,795949
301078;27;6;2016;10:57;0;RUA JOAO DE FRANCA (DENDÊ);RUA AFONSO LOPES;;0;;Colisão Lateral;Luz do Dia;Bom;Seca;Cruz;Não Há Controle;Comercial;0;0;2;1;0;0;0;0;0;0;0;0;;
301079;27;6;2016;11:12;1425;AV BAR STUDART;RUA JOAO CARVALHO;;0;;Colisão Transversal;Luz do Dia;Bom;Seca;Cruz;Semáforo;Escola;0;0;2;1;0;0;0;0;0;0;0;0;-38,507567;-3,737632
301080;27;6;2016;10:30;0;AV AGUANAMBI;;;570;;Colisão Traseira;Luz do Dia;Bom;Seca;Meio de Quadra;Semáforo;Comercial;0;0;2;1;0;0;0;0;0;1;0;0;-38,525959;-3,741823
301081;27;6;2016;13:30;1378;RUA DES LEITE ALBUQUERQUE;RUA OSVALDO CRUZ (ALDEOTA);;0;;Colisão Transversal;Luz do Dia;Bom;Seca;Cruz;Pare;Comercial;0;0;2;1;0;0;0;0;0;0;0;0;-38,50064;-3,736598
301082;27;6;2016;14:30;59;RUA TOMAS RODRIGUES;RUA CEL JOAQUIM FRANKLIN;;0;;Colisão Transversal;Luz do Dia;Bom;Seca;Cruz;Pare;Residencial;0;3;1;1;0;0;0;0;1;0;0;0;-38,59354;-3,743315
301083;27;6;2016;18:30;0;AV DR SILAS MUNGUBA;;;0;;Colisão Lateral;Via Iluminada;Bom;Seca;Meio de Quadra;Semáforo;Comercial;0;0;2;1;0;0;0;0;0;1;0;0;;
301084;27;6;2016;20:29;0;RUA BERNARDO MANUEL;RUA 08 UI 509;;8099;;Colisão Lateral;Via Iluminada;Bom;Seca;T;Pare;Residencial;0;0;2;1;0;0;0;0;0;1;0;0;-38,549021;-3,790845
285884;27;6;2016;07:30;0;AV GAL OSORIO DE PAIVA;;;5870;;Colisão Traseira;Luz do Dia;;;Meio de Quadra;;;0;0;2;1;0;0;0;0;0;1;0;0;-38,605067;-3,807818
285888;27;6;2016;16:50;0;RUA JOAQUIM ALBANO;;;;TERMINAL ANTONIO BEZERRA;Colisão Lateral;Luz do Dia;;;Meio de Quadra;;;0;0;3;1;0;0;0;0;0;0;0;0;;
285903;27;6;2016;00:50;0;AV ALM BARROSO;;;435;;Colisão Lateral;;;;Meio de Quadra;;;0;1;1;1;0;0;0;0;0;1;0;0;-38,519282;-3,720734
285904;27;6;2016;14:20;17387;RUA PRO TEODORICO;RUA ZACARIAS GONDIM;;;;Colisão Lateral;Luz do Dia;;;Cruz;Pare;Misto;0;0;2;1;1;0;0;0;0;0;0;0;-38,558121;-3,76708
285910;27;6;2016;19:00;0;AV CEL CARVALHO;;;2158;;Atropelamento;;;;Meio de Quadra;;;0;3;0;0;0;0;0;0;0;1;0;0;-38,586904;-3,721351
285911;27;6;2016;14:00;13592;AV PONTES VIEIRA;RUA PRO CARVALHO;;;;Colisão Traseira;Luz do Dia;;;;;;0;0;2;1;0;0;0;0;0;0;0;0;-38,514949;-3,75289
285906;27;6;2016;15:30;0;AV ABOLICAO;;;2040;;Colisão Lateral;Luz do Dia;;;Meio de Quadra;;;0;0;2;1;0;0;0;0;0;0;0;0;-38,500789;-3,725618
285907;27;6;2016;12:50;4000;AV PRO GOMES DE MATOS;RUA RAUL UCHOA;;;;Colisão Lateral;Luz do Dia;;;Cruz;Pare;Comercial;0;0;2;0;1;0;1;0;0;0;0;0;-38,545294;-3,760768
285908;27;6;2016;22:10;24967;AV SANTOS DUMONT;AV ALM HENRIQUE SABOIA;;;;Colisão Traseira;;;;Cruz;Pare;Comercial;0;0;2;1;0;0;0;0;0;0;0;0;;
285893;27;6;2016;17:15;0;AV BEZERRA DE MENEZES;;;1811;;Choque c/ Obstáculo Fixo;Anoitecer;;;Meio de Quadra;;;0;0;1;1;0;0;0;0;0;0;0;0;-38,560902;-3,734929
285897;27;6;2016;15:30;6727;RUA DES WALDETARIO P MOTA;RUA DR GILBERTO STUDART;;;;Colisão Transversal;Luz do Dia;;;Cruz;Pare;Residencial;0;0;2;1;0;0;0;0;0;0;0;0;-38,484239;-3,742559
285899;27;6;2016;13:45;0;AV BEZERRA DE MENEZES;;;935;;Colisão Traseira;Luz do Dia;;;Meio de Quadra;;;0;0;2;1;0;0;0;0;0;1;0;0;-38,553157;-3,733335
285914;27;6;2016;15:45;15244;RUA DEP MOREIRA DA ROCHA;RUA JOSE VILAR;;;;Colisão Transversal;Luz do Dia;;;Cruz;Não Há Controle;Residencial;0;0;2;1;0;0;0;0;0;0;0;0;-38,502113;-3,727832
285919;27;6;2016;11:20;2326;AV PRS CASTELO BRANCO;RUA SEN ROBERT KENNEDY;;;;Colisão Transversal;Luz do Dia;;;Cruz;Semáforo;Residencial;0;2;1;1;0;0;0;0;1;0;0;0;-38,579042;-3,704117
285916;27;6;2016;19:00;3199;RUA VITAL BRASIL;RUA VERBENA;;;;Colisão Lateral;;;;Cruz;Semáforo;Comercial;0;1;1;1;0;0;0;0;0;1;0;0;-38,58865;-3,780666
285938;27;6;2016;13:45;3368;RUA RIO GRANDE DO SUL;RUA AMAZONAS;;;;Colisão Lateral;Luz do Dia;;;Cruz;Pare;Comercial;0;0;2;1;0;0;0;0;0;0;0;0;-38,564164;-3,753306
285933;27;6;2016;12:00;0;RUA CEARA;;;425;;Colisão Traseira;Luz do Dia;;;Meio de Quadra;;;0;0;4;1;0;0;0;0;0;1;0;0;-38,561663;-3,761638
285930;27;6;2016;11:05;19330;RUA PERDIGAO DE OLIVEIRA;RUA STA LIGIA;;;;Colisão Transversal;Luz do Dia;;;Cruz;Pare;Residencial;0;0;2;1;0;0;0;0;0;0;0;0;-38,57395;-3,77562
285928;27;6;2016;18:45;8125;RUA BENTO ALBUQUERQUE;RUA MANUEL DE QUEIROZ;;;;Colisão Transversal;;;;Cruz;Pare;Residencial;0;0;3;1;0;0;0;0;0;1;0;0;-38,467393;-3,748837
285978;27;6;2016;10:30;25254;RUA CRISANTO M DA ROCHA;RUA JOAQUIM DE FIGUEIREDO FILHO;;;;Colisão Lateral;Luz do Dia;;;Cruz;Pare;Residencial;0;0;2;1;0;0;0;0;0;0;0;0;;
285969;27;6;2016;08:00;0;AV GOV RAUL BARBOSA;;;7255;;Colisão Transversal;Luz do Dia;;;Meio de Quadra;;;0;0;2;1;0;0;1;0;0;0;0;0;-38,513053;-3,775707
285967;27;6;2016;10:15;16997;RUA COSME JERONIMO;RUA IRACEMA D71;;;;Colisão Lateral;Luz do Dia;;;;;;0;1;1;1;0;0;0;0;0;1;0;0;-38,587896;-3,823935
285957;27;6;2016;23:40;14613;AV JOSE LEON;RUA IEDA PEREIRA;;;;Colisão Lateral;;;;T;Não Há Controle;Residencial;0;0;2;1;0;0;0;0;0;1;0;0;-38,488668;-3,790996
285958;27;6;2016;18:45;0;RUA SEN ALENCAR;;;862;;Colisão Lateral;;;;Meio de Quadra;;;0;0;2;1;0;0;0;0;0;0;0;0;-38,53343;-3,723117
285960;27;6;2016;09:15;792;RUA TEN JAIME ANDRADE;RUA CAP VASCONCELOS D46;;;;Choque c/ Obstáculo Fixo;Luz do Dia;;;T;Pare;Comercial;0;0;2;1;0;0;0;0;0;0;0;0;-38,515978;-3,771671
285963;27;6;2016;16:30;0;AV 13 DE MAIO;;;441;;Colisão Traseira;Luz do Dia;;;Meio de Quadra;;;0;0;2;1;0;0;0;0;0;0;0;0;-38,525376;-3,752697
291969;27;6;2016;00:30;0;LOGRADOURO SEM NOME;;;;;Colisão;;;;Meio de Quadra;;;0;0;1;0;0;0;0;0;0;1;0;0;;
275089;27;6;2016;00:45;0;AV VIS RIO BRANCO;;;3145;;Colisão Lateral;;;;Meio de Quadra;;;0;0;2;1;0;0;1;0;0;0;0;0;-38,521473;-3,748591
293305;27;6;2016;22:10;17375;RUA RAUL CABRAL;RUA ALAN KARDEC;;;;Colisão;;;;;;;0;1;1;0;1;0;0;0;0;1;0;0;-38,547462;-3,766831
293303;27;6;2016;17:10;22127;RUA MAJ PEDRO SAMPAIO;RUA GUSTAVO BRAGA;;;;Colisão Transversal;Luz do Dia;Bom;Seca;Cruz;Pare;Residencial;0;2;3;1;0;0;0;0;0;1;0;0;-38,555389;-3,748479
293301;27;6;2016;16:41;0;AV AUGUSTO DOS ANJOS;;;220;;Colisão;Luz do Dia;;;Meio de Quadra;;;0;1;1;1;0;0;0;0;0;1;0;0;-38,571122;-3,771276
293297;27;6;2016;11:10;7623;RUA RIO GRANDE DO SUL;RUA PERNAMBUCO;;;;Colisão Transversal;Luz do Dia;Bom;Seca;Cruz;Pare;Comercial;0;1;3;1;0;0;0;0;0;1;0;0;-38,568467;-3,760011
301090;27;6;2016;17:07;4531;AV DEP PAULINO ROCHA;RUA ENF JOAQUIM PINTO;;0;;Colisão Frontal;Luz do Dia;Bom;Seca;T;Pare;Residencial;0;0;2;1;0;0;0;0;0;1;0;0;-38,507774;-3,803203
288489;27;6;2016;15:35;7660;RUA MINAS GERAIS;RUA PARAIBA;;;;Colisão;Luz do Dia;;;Cruz;Pare;Residencial;0;1;1;1;0;0;0;0;0;1;0;0;-38,567385;-3,759658
288484;27;6;2016;14:58;0;AV ALBERTO CRAVEIRO;;;;;Colisão;Luz do Dia;;;Meio de Quadra;;;0;1;1;1;0;1;0;0;0;0;0;0;;
288485;27;6;2016;15:04;0;AV GAL OSORIO DE PAIVA;;;;;Colisão;Luz do Dia;;;Meio de Quadra;;;0;1;1;0;0;0;0;0;0;1;0;0;;
288481;27;6;2016;14:30;12864;AV DOMINGOS OLIMPIO;RUA ASSUNCAO;;;;Colisão;Luz do Dia;;;Cruz;Semáforo;Residencial;0;1;0;0;0;0;0;0;0;0;0;0;-38,529548;-3,737192
288482;27;6;2016;14:32;5622;RUA PRA EMILIA PEREIRA;RUA CLEIA;;;;Atropelamento;Luz do Dia;;;;;;0;1;1;0;0;0;0;0;0;0;0;0;-38,509461;-3,788603
288478;27;6;2016;14:26;0;RD BR 116;;;5000;KM-05;Colisão;Luz do Dia;;;Meio de Quadra;;;0;1;1;1;0;0;0;0;0;1;0;0;-38,506787;-3,796502
288471;27;6;2016;13:35;13304;AV I CJ JOSE WALTER;AV G CJ JOSE WALTER;;;;Colisão;Luz do Dia;;;T;Pare;Residencial;0;1;1;1;0;0;0;0;0;1;0;0;-38,554956;-3,839061
288466;27;6;2016;13:08;16789;RUA OSCAR ROMERO;RUA SAO FRANCISCO DE ASSIS;;;;Queda;Luz do Dia;;;;;;0;1;0;0;0;1;0;0;0;0;0;0;-38,57082;-3,832611
288438;27;6;2016;11:27;0;AV GAL OSORIO DE PAIVA;;;600;;Colisão;Luz do Dia;;;Meio de Quadra;;;0;1;1;1;0;0;0;0;0;1;0;0;-38,567831;-3,776469
288429;27;6;2016;09:51;20042;AV ALBERTO CRAVEIRO;AV DR SILAS MUNGUBA;;;;Colisão Lateral;Luz do Dia;Bom;Seca;Rotatória;Não Há Controle;Lazer;0;0;3;1;0;0;0;0;0;0;0;0;-38,524782;-3,807229
288422;27;6;2016;07:10;5437;RUA FLORIANO PEIXOTO;RUA METON DE ALENCAR;;;;Colisão;Luz do Dia;;;Cruz;Pare;Comercial;0;1;1;1;0;0;0;0;0;1;0;0;-38,529358;-3,734071
288423;27;6;2016;07:25;0;RUA JOSE MENDONCA;;;154;;Colisão;Luz do Dia;;;Meio de Quadra;;;0;1;1;1;0;0;0;0;0;1;0;0;-38,602785;-3,760318
288425;27;6;2016;08:20;0;RUA JOAO CORDEIRO;;;2214;;Colisão;Luz do Dia;;;Meio de Quadra;;;0;1;1;1;0;0;0;0;0;1;0;0;-38,517893;-3,740006
288441;27;6;2016;12:09;0;RUA RIO BRANCO;;;3680;;Colisão;Luz do Dia;;;Meio de Quadra;;;0;1;1;1;0;0;0;0;0;1;0;0;;
288442;27;6;2016;12:25;0;RUA OLIVEIRA SOBRINHO;;;1936;;Atropelamento;Luz do Dia;;;Meio de Quadra;;;0;1;1;1;0;0;0;0;0;0;0;0;-38,598561;-3,779355
288463;27;6;2016;12:31;12643;RUA ALBERTO FERREIRA;RUA GUILHERME MENDES;;;;Colisão;Luz do Dia;;;Cruz;Pare;Residencial;0;1;1;1;0;0;0;0;0;1;0;0;-38,583132;-3,721019
288402;27;6;2016;00:26;0;AV DR SILAS MUNGUBA;;;835;;Queda;;;;Meio de Quadra;;;0;1;0;0;0;0;0;0;0;1;0;0;-38,558088;-3,780933
288420;27;6;2016;05:27;0;RUA TUPI D35;;;709;;Queda;Amanhecer;;;Meio de Quadra;;;0;1;0;0;0;1;0;0;0;0;0;0;-38,581366;-3,76492
288404;27;6;2016;00:58;0;AV GAL OSORIO DE PAIVA;;;1127;;Queda;;;;Meio de Quadra;;;0;1;0;0;0;0;0;0;0;1;0;0;-38,57209;-3,779151
288405;27;6;2016;01:25;0;RUA DIOGO CORREIA;;;486;;Colisão;;;;Meio de Quadra;;;0;1;1;1;0;0;0;0;0;1;0;0;-38,590656;-3,769829
288406;27;6;2016;01:33;3473;RUA FRANCISCO IGOR;RUA DAURA;;;;Colisão;;;;;;;0;1;1;1;0;0;0;0;0;1;0;0;-38,507159;-3,822816
288408;27;6;2016;01:38;0;AV PERIMETRAL;;;;;Colisão;;;;Meio de Quadra;;;0;1;1;1;0;1;0;0;0;0;0;0;;
288409;27;6;2016;03:12;0;RUA JOSE HIPOLITO;;;313;;Colisão;;;;Meio de Quadra;;;0;1;1;1;0;0;0;0;0;1;0;0;-38,492126;-3,833004
287465;27;6;2016;09:10;0;RD BR 116;;;6000;KM-06;Colisão;Luz do Dia;Bom;Seca;Meio de Quadra;;;0;1;1;0;0;1;1;0;0;0;0;0;-38,503053;-3,804691
287097;27;6;2016;06:50;0;RD BR 116;;;0;KM-01;Colisão Traseira;Luz do Dia;Bom;Seca;Meio de Quadra;;;0;0;3;1;0;0;0;0;0;0;0;0;-38,51861693;-3,7628504
286904;27;6;2016;08:00;0;RD CE-040;;;;KM-09;Colisão;Luz do Dia;Bom;Seca;Meio de Quadra;;;0;1;2;1;0;0;0;0;0;0;0;0;-38,481538;-3,825516
287755;27;6;2016;01:40;0;RD BR 020;;;0;KM 425;Tombamento;;Bom;Seca;Meio de Quadra;;Rural;0;1;0;0;0;0;0;0;0;0;0;0;;
289296;27;6;2016;09:00;0;AV CEL CARVALHO;;;;;Queda;Luz do Dia;;;Meio de Quadra;;;1;0;1;0;0;0;0;0;0;1;0;0;;
287180;28;6;2016;13:00;0;RD BR 116;;;3000;KM-03;Colisão Lateral;Luz do Dia;Bom;Seca;Meio de Quadra;;;0;2;1;0;0;0;1;0;0;1;0;0;-38,514372;-3,779838
301091;28;6;2016;13:07;5434;AV HERACLITO GRACA;AV DOM MANUEL;;0;;Colisão Lateral;Luz do Dia;Bom;Seca;Cruz;Semáforo;Comercial;0;0;1;1;0;0;0;0;0;1;0;0;-38,522952;-3,734013
301092;28;6;2016;14:30;0;AV CARAPINIMA;;;2424;;Colisão Transversal;Luz do Dia;Bom;Seca;Meio de Quadra;Não Há Controle;Residencial;0;0;2;1;1;0;0;0;0;0;0;0;-38,54117;-3,740936
301093;28;6;2016;18:38;15126;AV HIS RAIMUNDO GIRAO;AV RUI BARBOSA;;0;;Atropelamento;Via Iluminada;Bom;Seca;Cruz;Semáforo;Lazer;0;1;1;1;0;0;0;0;0;0;0;0;-38,505405;-3,723546
301094;28;6;2016;18:35;0;AV PRS COSTA E SILVA;;;0;;Colisão Traseira;Via Iluminada;Bom;Seca;Meio de Quadra;Não Há Controle;Residencial;0;0;2;1;0;0;0;0;0;0;0;0;;
301095;28;6;2016;19:00;0;AV AGUANAMBI;;;1827;;Colisão Transversal;Via Iluminada;Bom;Seca;Outros;Semáforo;Não Informado;0;1;1;1;0;0;0;0;0;1;0;0;-38,523423;-3,753197
301096;28;6;2016;19:30;7193;AV PRS CASTELO BRANCO;RUA PEDRO AMERICO;;0;;Colisão Lateral;Via Iluminada;Bom;Seca;T;Pare;Comercial;0;1;1;1;0;0;0;0;0;1;0;0;-38,565588;-3,709366
301097;28;6;2016;21:32;0;AV DOM LUIS;;;1040;;Colisão Transversal;Via Iluminada;Bom;Seca;Meio de Quadra;Não Há Controle;Comercial;0;0;2;1;0;0;0;0;0;0;0;0;-38,491844;-3,735039
301086;28;6;2016;08:55;19528;RUA CAMBARA;RUA JULIO GASPAR;;0;;Colisão Transversal;Luz do Dia;Bom;Seca;Cruz;Pare;Residencial;0;0;2;1;0;0;0;0;0;0;0;0;-38,563574;-3,782019
301087;28;6;2016;09:21;0;RUA JANDIRA;;;680;;Colisão Lateral;Luz do Dia;Bom;Seca;Meio de Quadra;Não Há Controle;Residencial;0;0;1;0;0;0;0;0;0;1;0;0;;
301088;28;6;2016;10:27;13402;AV ANTONIO SALES;RUA ILDEFONSO ALBANO;;0;;Colisão Transversal;Luz do Dia;Bom;Seca;Cruz;Semáforo;Comercial;0;0;2;1;0;0;0;0;0;0;0;0;-38,515947;-3,741238
301089;28;6;2016;10:40;0;AV PRS COSTA E SILVA;;;161;;Colisão Traseira;Não Informado;Bom;Seca;T;Não Há Controle;Comercial;0;0;4;1;0;0;0;0;0;1;0;0;;