COD_ACIDENTE;DIA;MES;ANO;HORA;INTERSECAO;LOG1;LOG2;LOG3;NUMERO;REFERENCIA;NATUREZA;ILUMINACAO;TEMPO;SUPERFICIEPISTA;TIPOCRUZAMENTO;CONTROLETRAFEGO;USOSOLO;MORTOS;FERIDOS;ILESOS;AUTOMOVEL;ONIBUS;BICICLETA;CAMINHAO;MICROONIBUS;CICLOMOTOR;MOTOCICLETA;TRACAOANIMAL;TREM;LONG;LAT
293306;28;6;2016;13:40;0;RUA PORTO VELHO;;;;;Colisão;Luz do Dia;;;Meio de Quadra;;;0;0;2;1;0;0;0;0;0;0;0;0;;
293308;28;6;2016;09:00;9028;RUA SOLON PINHEIRO;RUA DEP JOAO PONTES;;;;Colisão;Luz do Dia;;;Cruz;Pare;Residencial;0;0;2;1;0;0;0;0;0;0;0;0;-38,531463;-3,745689
285949;28;6;2016;08:15;5209;RUA DEP MOREIRA DA ROCHA;RUA JOAO CORDEIRO;;;;Colisão Traseira;Luz do Dia;Bom;Seca;;Semáforo;Comercial;0;0;2;1;0;0;0;0;0;1;0;0;-38,513424;-3,726514
285936;28;6;2016;12:00;1832;RUA MARIA QUINTINO;RUA JORGE VIEIRA;;;;Colisão Lateral;Luz do Dia;Bom;Seca;Cruz;;Residencial;0;0;2;1;0;0;0;0;0;1;0;0;-38,501309;-3,8587
285940;28;6;2016;18:45;0;AV HERACLITO GRACA;;;845;;Colisão;Via Iluminada;Bom;Seca;Meio de Quadra;Semáforo;Comercial;0;1;1;0;0;0;0;0;0;1;0;0;;
285944;28;6;2016;16:00;3788;RUA PDE FRANCISCO PINTO;RUA WALDERY UCHOA;;;;Colisão Transversal;Luz do Dia;Bom;Seca;Cruz;Pare;Comercial;0;0;2;0;1;0;0;1;0;0;0;0;-38,539138;-3,744299
285917;28;6;2016;07:40;0;AV VIS RIO BRANCO;;;;;Colisão Lateral;Luz do Dia;Bom;Seca;Meio de Quadra;Não Há Controle;Comercial;0;0;2;1;0;0;1;0;0;0;0;0;;
285926;28;6;2016;11:00;11836;RUA JACINTO MATOS;RUA MON DANTAS;;;;Colisão Lateral;Luz do Dia;Bom;Seca;Cruz;Pare;Residencial;0;0;2;1;0;0;0;0;0;1;0;0;-38,5468;-3,719714
286027;28;6;2016;22:00;0;RUA BERNARDO MANUEL;;;9213;;Colisão Transversal;Via Iluminada;Bom;Seca;Outros;Não Há Controle;Residencial;0;0;2;1;0;0;0;0;0;0;0;0;-38,551918;-3,800348
286028;28;6;2016;05:00;0;AV GODOFREDO MACIEL;;;4190;;Colisão Traseira;Luz do Dia;Bom;Seca;Meio de Quadra;Semáforo;Comercial;0;0;2;1;0;0;0;0;0;0;0;0;;
286030;28;6;2016;17:45;0;AV ENG SANTANA JUNIOR;;;;;Colisão Traseira;;Bom;Seca;Meio de Quadra;Não Há Controle;Comercial;0;0;2;1;0;0;0;0;0;0;0;0;;
286023;28;6;2016;09:30;0;AV ENG SANTANA JUNIOR;;;;;Colisão Lateral;Luz do Dia;Bom;Seca;Meio de Quadra;Não Há Controle;Comercial;0;0;2;1;0;0;0;0;0;0;0;0;;
286024;28;6;2016;21:30;15205;AV ABOLICAO;RUA OSVALDO CRUZ (ALDEOTA);;;;Colisão Transversal;Via Iluminada;Bom;Seca;Cruz;Semáforo;Comercial;0;1;1;1;0;0;0;0;0;1;0;0;-38,497445;-3,72669
286025;28;6;2016;17:00;1891;RUA PDE PEDRO DE ALENCAR;RD BR 116;;;;Colisão Transversal;Via Iluminada;Bom;Seca;Outros;Dê Preferência;Comercial;0;0;2;1;1;0;0;0;0;0;0;0;-38,495596;-3,850943
285900;28;6;2016;17:50;0;RUA CEL JOAO OLIVEIRA;;;416;;Colisão Transversal;;Bom;Seca;Meio de Quadra;Pare;Residencial;0;0;1;1;0;0;0;0;0;0;0;0;;
285905;28;6;2016;10:30;0;RUA MARIO MAMEDE;;;1125;;Colisão Traseira;Luz do Dia;Bom;Seca;Meio de Quadra;Não Há Controle;Residencial;0;1;1;1;0;0;0;0;0;1;0;0;-38,530174;-3,750363
285902;28;6;2016;07:40;0;AV CONTORNO (CASTELÃO);;;;;Colisão Traseira;Luz do Dia;Bom;Seca;Meio de Quadra;Dê Preferência;Comercial;0;0;1;0;0;0;0;0;0;0;0;0;;
301085;28;6;2016;08:29;0;AV 13 DE MAIO;;;1116;;Colisão Traseira;Luz do Dia;Bom;Seca;Meio de Quadra;Não Há Controle;Comercial;0;0;2;1;0;0;0;0;0;0;0;0;-38,529075;-3,749541
294524;28;6;2016;11:32;0;AV ALBERTO CRAVEIRO;;;2222;;Colisão;Luz do Dia;;;Meio de Quadra;;;0;1;0;1;0;0;0;0;0;1;0;0;-38,518779;-3,798682
294525;28;6;2016;11:38;0;AV DOM MANUEL;;;;;Colisão;Luz do Dia;;;Meio de Quadra;;;0;1;0;1;0;0;0;0;0;1;0;0;;
294526;28;6;2016;11:49;15280;RUA DR JOSE LOURENCO;RUA TEN BENEVOLO;;;;Colisão;Luz do Dia;;;Cruz;Pare;Residencial;0;1;0;1;0;0;0;0;0;0;0;0;-38,50601;-3,729029
294517;28;6;2016;11:07;2822;RUA OSCAR ARARIPE;AV GAL OSORIO DE PAIVA;;;;Colisão;Luz do Dia;;;T;Semáforo;Comercial;0;1;0;1;0;0;0;0;0;1;0;0;-38,591823;-3,794165
294522;28;6;2016;11:27;0;AV DUQ CAXIAS;;;2265;;Colisão;Luz do Dia;;;Meio de Quadra;;;0;2;0;0;0;0;0;0;0;0;0;0;-38,544314;-3,727085
294537;28;6;2016;11:52;0;AV ALBERTO CRAVEIRO;;;2770;CASTELAO;Colisão;Luz do Dia;;;Meio de Quadra;;;0;1;0;0;0;0;1;0;0;1;0;0;-38,523255;-3,805335
294548;28;6;2016;12:08;1654;RUA BENI DE CARVALHO;AV SEN VIRGILIO TAVORA;;;;Colisão Lateral;Luz do Dia;Bom;Seca;Cruz;Semáforo;Comercial;0;3;2;1;0;0;0;0;0;1;0;0;-38,495995;-3,745678
294545;28;6;2016;12:00;0;AV HEROIS DO ACRE;;;50;;Queda;Luz do Dia;;;Meio de Quadra;;;0;1;0;0;0;0;0;0;0;1;0;0;;
294560;28;6;2016;13:13;0;RUA PDE PEDRO DE ALENCAR;;;163;;Colisão;Luz do Dia;;;Meio de Quadra;;;0;2;0;1;0;0;0;0;0;1;0;0;-38,493656;-3,829077
294587;28;6;2016;16:10;0;RUA DOM GERONIMO;;;;;Colisão;Luz do Dia;;;Meio de Quadra;;;0;1;0;1;0;0;0;0;0;1;0;0;;
294603;28;6;2016;16:47;0;RUA MORRO BRANCO;;;;;Colisão;Luz do Dia;;;Meio de Quadra;;;0;1;0;0;0;0;0;0;0;0;0;0;;
294609;28;6;2016;17:17;0;RUA EQUADOR;;;356;;Colisão;Anoitecer;;;Meio de Quadra;;;0;1;0;1;0;0;0;0;0;1;0;0;-38,551753;-3,771881
294629;28;6;2016;18:29;0;AV 13 DE MAIO;;;;;Colisão;Anoitecer;;;Meio de Quadra;;;0;1;0;1;0;0;0;0;0;1;0;0;;
294702;28;6;2016;21:44;15205;AV ABOLICAO;RUA OSVALDO CRUZ (ALDEOTA);;;;Colisão;;;;Cruz;Semáforo;Comercial;0;1;0;1;0;0;0;0;0;1;0;0;-38,497445;-3,72669
294698;28;6;2016;19:15;7848;RUA MARCONDES PEREIRA;RUA JOSE VILAR;;;;Colisão Transversal;Via Iluminada;Bom;Seca;Cruz;Pare;Residencial;0;3;1;1;0;0;0;0;0;1;0;0;-38,508885;-3,748806
294700;28;6;2016;21:01;15258;RUA ANTONIO AUGUSTO;RUA PEREIRA FILGUEIRAS;;;;Colisão Transversal;Via Iluminada;Bom;Seca;Cruz;Pare;Residencial;0;0;4;1;0;0;0;0;0;0;0;0;-38,512866;-3,72838
294718;29;6;2016;06:13;26269;AV DR ALDY MENTOR;AV DIOGUINHO;;;;Colisão;Luz do Dia;;;;;;0;1;0;0;0;0;0;0;0;0;0;0;;
294738;29;6;2016;06:54;0;RD BR 116;;;;;Queda;Luz do Dia;;;Meio de Quadra;;;0;1;0;0;0;1;0;0;0;0;0;0;;
294733;29;6;2016;06:42;0;AV C CJ CEARA;;;1215;;Colisão;Luz do Dia;;;Meio de Quadra;;;0;1;0;0;0;0;0;0;0;0;0;0;-38,613531;-3,769253
294743;29;6;2016;09:10;0;RUA CEL FABRICIANO;;;1548;;Queda;Luz do Dia;;;Meio de Quadra;;;0;1;0;0;0;1;0;0;0;0;0;0;-38,605905;-3,783304
294769;29;6;2016;10:46;3095;RUA FRANCISCO DE SALES;RUA MARIA QUINTELA;;;;Colisão;Luz do Dia;;;Cruz;Pare;Residencial;0;1;0;1;0;0;0;0;0;1;0;0;-38,584395;-3,776801
294810;29;6;2016;11:14;9033;RUA CEL SOLON;RUA DOM SEBASTIAO LEME;;;;Colisão;Luz do Dia;;;Cruz;Pare;Residencial;0;1;0;1;0;0;0;0;0;1;0;0;-38,526799;-3,742963
294817;29;6;2016;11:17;0;AV AUGUSTO DOS ANJOS;;;687;;Colisão;Luz do Dia;;;Meio de Quadra;;;0;1;0;1;0;0;0;0;0;1;0;0;-38,573969;-3,774311
294838;29;6;2016;16:43;255;RUA GAL BERNARDO FIGUEIREDO;RUA PEDRO DE QUEIROZ;;;;Colisão;Luz do Dia;;;Cruz;Pare;Residencial;0;1;0;1;0;0;0;0;0;1;0;0;-38,559509;-3,741235
294854;29;6;2016;17:18;0;RUA COS LAFAYETE;;;763;;Colisão;Anoitecer;;;Meio de Quadra;;;0;1;0;1;0;0;0;0;0;0;0;0;-38,584859;-3,717791
294851;29;6;2016;17:09;0;RUA PRO GOMES BRASIL;;;;;Queda;Anoitecer;;;Meio de Quadra;;;0;2;0;0;0;0;0;0;0;1;0;0;;
294861;29;6;2016;18:04;0;AV N CJ JOSE WALTER;;;2190;;Colisão;Anoitecer;;;Meio de Quadra;;;0;1;0;1;0;0;0;0;0;1;0;0;;
294865;29;6;2016;18:12;3814;RUA WALDERY UCHOA;RUA PAULINO NOGUEIRA;;;;Queda;Anoitecer;;;Cruz;Pare;Residencial;0;1;0;0;0;0;0;0;0;1;0;0;-38,538372;-3,743449
294877;29;6;2016;20:05;13070;AV JOAO DE ARAUJO LIMA;AV C CJ JOSE WALTER;;;;Atropelamento;Via Iluminada;Bom;Seca;T;Semáforo;Residencial;0;1;3;0;0;0;0;0;0;1;0;0;-38,559368;-3,827604
294884;29;6;2016;21:01;0;AV MAJ ASSIS;;;1678;;Colisão;;;;Meio de Quadra;;;0;2;0;0;0;0;0;0;0;0;0;0;-38,594381;-3,722105
294893;29;6;2016;21:04;12957;RUA 9 CJ JOSE WALTER;RUA 16 CJ JOSE WALTER;;;;Colisão;;;;;;;0;1;0;1;0;0;0;0;0;1;0;0;-38,556464;-3,823593
294918;29;6;2016;21:17;0;RUA PRO CARVALHO;;;3425;;Atropelamento;;;;Meio de Quadra;;;0;1;1;0;0;0;0;0;0;0;0;0;-38,514602;-3,75462
294921;29;6;2016;21:35;0;RUA VER PEDRO PAULO MOREIRA;;;;;Colisão;;;;Meio de Quadra;;;0;1;0;1;0;0;0;0;0;1;0;0;;
294922;29;6;2016;22:02;0;RUA DES FROTA D71;;;1548;;Colisão;;;;Meio de Quadra;;;0;2;0;1;0;0;0;0;0;0;0;0;;
294925;29;6;2016;22:13;0;AV MIN JOSE AMERICO;;;660;;Colisão;;;;Meio de Quadra;;;0;1;1;0;0;0;0;0;0;0;0;0;-38,494174;-3,81052
294927;29;6;2016;22:26;24837;RUA GEORGE CAVALCANTE;RUA MORAUJO;;;;Atropelamento;;;;;;;0;1;0;1;0;0;0;0;0;0;0;0;-38,591548;-3,719178
294931;29;6;2016;23:18;19328;RUA EDUARDO PERDIGAO;RUA CON DE CASTRO;;;;Colisão;;;;Cruz;Não Há Controle;Comercial;0;1;0;0;0;0;0;0;0;0;0;0;-38,564769;-3,775579
294933;29;6;2016;23:51;0;RUA BERNARDO MANUEL;;;10911;;Atropelamento;;;;Meio de Quadra;;;0;1;1;1;0;0;0;0;0;0;0;0;;
285898;29;6;2016;09:30;0;AV PRS COSTA E SILVA;;;5309;;Colisão Traseira;Luz do Dia;;;Meio de Quadra;;;0;3;0;1;0;0;0;0;0;1;0;0;-38,532983;-3,828195
285894;29;6;2016;19:10;16977;RUA MARIA GOMES DE SA;RUA BOA VISTA;;;;Colisão;;;;Cruz;Não Há Controle;Misto;0;1;1;0;0;0;0;0;0;1;0;0;;
285896;29;6;2016;15:40;0;AV DIOGUINHO;;;4400;;Colisão Lateral;Luz do Dia;;;Meio de Quadra;;;0;1;1;1;0;0;0;0;0;1;0;0;-38,44691;-3,753908
285890;29;6;2016;01:00;0;AV ENG HUMBERTO MONTE;;;2440;;Choque c/ Obstáculo Fixo;;;;Meio de Quadra;;;0;0;1;1;0;0;0;0;0;0;0;0;-38,566852;-3,741695
286039;29;6;2016;07:00;5816;AV DES GONZAGA;RUA FIS PERDIGAO;;;;Atropelamento;Luz do Dia;;;Duplo T;Pare;Residencial;0;1;1;0;0;0;0;0;0;0;0;0;-38,498202;-3,799887
293312;29;6;2016;14:10;708;AV DR THEBERGE;RUA CRUZ E SOUSA D21;;;;Colisão Lateral;Luz do Dia;Bom;Seca;T;Semáforo;Comercial;0;1;3;1;0;0;0;0;0;1;0;0;-38,566456;-3,719218
293314;29;6;2016;14:40;4319;AV VICENTE DE CASTRO;AV JOSE SABOIA;;;;Colisão;Luz do Dia;;;Cruz;Pare;Comercial;0;0;2;0;0;0;0;0;0;0;0;0;-38,4732;-3,713785
293315;29;6;2016;22:10;19157;RUA DES WALDETARIO P MOTA;RUA JOAQUIM LIMA;;;;Colisão Lateral;Via Iluminada;Bom;Seca;Cruz;Pare;Residencial;0;0;4;1;0;0;0;0;0;1;0;0;-38,48283;-3,740333
301098;29;6;2016;08:17;0;AV TRISTAO GONCALVES;;;845;;Colisão Lateral;Luz do Dia;Bom;Seca;Meio de Quadra;Não Há Controle;Comercial;0;0;2;1;1;0;0;0;0;0;0;0;-38,533815;-3,729157
301099;29;6;2016;08:16;25311;RUA ANTENOR ROCHA ALEXANDRE;RUA JOAO REGINO;;0;;Colisão Transversal;Luz do Dia;Bom;Seca;Cruz;Pare;Residencial;0;0;2;1;0;0;0;0;0;0;0;0;-38,48281;-3,792178
301100;29;6;2016;10:55;0;AV AGUANAMBI;;;1017;;Colisão Lateral;Luz do Dia;Bom;Seca;Meio de Quadra;Não Há Controle;Comercial;0;0;2;1;0;0;0;0;0;0;0;0;-38,525342;-3,745822
301101;29;6;2016;14:39;1415;RUA FONSECA LOBO;RUA FREDERICO BORGES;;0;;Colisão Transversal;Luz do Dia;Bom;Seca;Y;Pare;Residencial;0;0;2;1;0;0;0;0;0;0;0;0;-38,489053;-3,737387
301102;29;6;2016;08:40;13534;RUA JOAO CORDEIRO;AV SORIANO ALBUQUERQUE;;0;;Colisão Lateral;Luz do Dia;Bom;Seca;Cruz;Pare;Residencial;0;0;2;1;0;0;0;0;0;0;0;0;-38,519458;-3,747871
301103;29;6;2016;16:46;154;RUA ANARIO BRAGA;RUA TOMAS RODRIGUES;;0;;Colisão Transversal;Luz do Dia;Bom;Seca;Cruz;Pare;Lazer;0;0;2;1;0;0;0;0;0;1;0;0;-38,594415;-3,736531
301105;29;6;2016;19:02;17270;RUA ALAN KARDEC;RUA JOAO FIRMINO;;0;;Colisão Transversal;Via Iluminada;Bom;Seca;T;Pare;Residencial;0;0;2;1;0;0;0;0;0;0;0;0;-38,553643;-3,762094
301106;29;6;2016;16:42;0;RUA MIN ALBUQUERQUE LIMA;;;1222;;Colisão Traseira;Luz do Dia;Bom;Seca;Outros;Não Há Controle;Comercial;0;1;1;1;0;0;0;0;0;0;0;0;-38,60192;-3,770907
301107;29;6;2016;19:35;0;AV LUCIANO CARNEIRO;RUA ANDRE CHAVES;;0;;Colisão Traseira;Via Iluminada;Bom;Seca;T;Pare;Comercial;0;0;2;1;0;0;0;0;0;0;0;0;;
301108;29;6;2016;19:00;5484;RUA JAGUARETAMA;RUA JOAO CORDEIRO;;0;;Colisão Lateral;Via Iluminada;Bom;Seca;Cruz;Pare;Residencial;0;0;2;1;0;0;0;0;0;0;0;0;-38,516815;-3,736489
301109;29;6;2016;18:30;15104;AV HIS RAIMUNDO GIRAO;RUA ILDEFONSO ALBANO;;0;;Colisão Lateral;Via Iluminada;Bom;Seca;Cruz;Semáforo;Lazer;0;0;2;1;1;0;0;0;0;0;0;0;-38,509542;-3,721603
301110;29;6;2016;20:27;0;AV GOV RAUL BARBOSA;RUA EVARISTO REIS;;0;;Colisão Lateral;Via Iluminada;Bom;Seca;Y;Pare;Comercial;0;0;2;1;0;0;0;0;0;0;0;0;-38,507767;-3,761659
301111;29;6;2016;22:06;20129;AV DEP PAULINO ROCHA;RUA POMPILIO GOMES;;0;;Colisão Lateral;Via Iluminada;Bom;Seca;T;Pare;Residencial;0;0;2;1;1;0;0;0;0;0;0;0;-38,519652;-3,810076
286053;29;6;2016;13:00;24995;AV GOV RAUL BARBOSA;RUA ANA GONCALVES;;;;Colisão Transversal;Luz do Dia;;;Duplo T;Pare;Comercial;0;0;2;1;0;0;0;0;0;1;0;0;-38,504595;-3,758848
286056;29;6;2016;16:00;7907;AV PONTES VIEIRA;RUA VICENTE LEITE;;;;Colisão Traseira;Luz do Dia;;;Cruz;Semáforo;Comercial;0;0;3;1;0;0;0;0;0;0;0;0;;
286078;29;6;2016;15:00;0;RUA PDE VALDEVINO;;;2483;;Colisão Lateral;Luz do Dia;;;Meio de Quadra;;;0;0;2;1;0;0;0;0;0;0;0;0;-38,503196;-3,743419
286063;29;6;2016;14:00;8643;AV EDILSON B SOARES;AV ENG LEAL LIMA VERDE (SAPIRANGA/COITE);;;;Colisão Transversal;Luz do Dia;;;Cruz;Pare;Residencial;0;0;2;1;0;0;0;0;0;0;0;0;-38,476215;-3,789082
286150;29;6;2016;07:50;0;RUA OSVALDO ARANHA;;;;;Colisão Transversal;Luz do Dia;;;Meio de Quadra;;;0;0;2;1;1;0;0;0;0;0;0;0;;
286148;29;6;2016;18:00;11630;RUA PRO HERIBALDO COSTA;RUA BOA VISTA;;;;Colisão Transversal;Anoitecer;;;Cruz;Pare;Residencial;0;1;1;0;1;1;0;0;0;0;0;0;-38,588035;-3,767974
286143;29;6;2016;16:20;5433;RUA METON DE ALENCAR;RUA MAJ FACUNDO;;;;Colisão Transversal;Luz do Dia;;;Cruz;Pare;Residencial;0;0;2;1;0;0;0;0;0;0;0;0;-38,529899;-3,733917
286133;29;6;2016;09:40;12863;AV DOMINGOS OLIMPIO;RUA FLORIANO PEIXOTO;;;;Colisão Transversal;Luz do Dia;;;Cruz;Não Há Controle;Comercial;0;0;4;1;0;0;0;0;0;0;0;0;-38,530313;-3,736976
286121;29;6;2016;11:45;0;AV ROGACIANO LEITE;;;340;;Colisão Traseira;Luz do Dia;;;Meio de Quadra;;;0;1;2;1;0;0;0;0;0;0;0;0;-38,493002;-3,760951
286118;29;6;2016;11:00;15815;RUA MANUEL CASTELO BRANCO;RUA CEL GUILHERME ALENCAR;;;;Colisão Traseira;Luz do Dia;;;Cruz;Pare;Comercial;0;0;2;1;0;0;1;0;0;0;0;0;-38,491829;-3,831934
286113;29;6;2016;14:30;12519;AV AUGUSTO DOS ANJOS;RUA LEONEL CHAVES;;;;Colisão Transversal;Luz do Dia;;;;;;0;2;1;1;0;0;0;0;0;1;0;0;-38,570877;-3,771013
287228;29;6;2016;16:30;0;RUA MARIA J. PESSOA;;;70;;Outros;Luz do Dia;;;Meio de Quadra;;;0;0;2;1;0;0;0;0;0;0;0;0;-38,56596;-3,804868
287509;29;6;2016;15:00;0;RD BR 116;;;0;KM-14;Colisão Traseira;Luz do Dia;Bom;Seca;Meio de Quadra;;;0;1;1;0;0;0;1;0;0;1;0;0;-38,49954149;-3,874582847
286920;29;6;2016;14:50;0;RD CE-040;;;;KM-09;Colisão;Luz do Dia;Bom;Seca;Meio de Quadra;;;0;0;2;0;0;0;1;0;0;0;0;0;-38,481538;-3,825516
287154;29;6;2016;07:10;0;RD BR 116;;;0;KM-02;Colisão Traseira;Luz do Dia;Bom;Seca;Meio de Quadra;;;0;0;2;1;1;0;0;0;0;0;0;0;-38,5163975;-3,772578051
289274;29;6;2016;17:30;15974;AV GODOFREDO MACIEL;RUA CASTRO MEIRELES;;;;Colisão Lateral;Via Iluminada;Bom;Seca;Cruz;Pare;Comercial;1;2;1;0;0;0;0;0;0;1;0;0;-38,573019;-3,806413
303272;29;6;2016;11:15;0;RUA DELMIRO GOUVEIA;;;510;;Colisão Lateral;Luz do Dia;Bom;Seca;Meio de Quadra;Não Há Controle;Comercial;0;0;2;1;0;0;0;0;0;0;0;0;-38,488377;-3,729951
286930;30;6;2016;19:00;0;RD CE-040;;;;KM-02;Colisão;;Bom;Seca;Meio de Quadra;;;0;0;2;1;0;0;0;0;0;0;0;0;-38,482583;-3,76465
286927;30;6;2016;08:30;0;RD CE-040;;;;KM-07;Colisão;Luz do Dia;Bom;Seca;Meio de Quadra;;;0;0;2;1;0;0;0;0;0;0;0;0;-38,478733;-3,809597
286932;30;6;2016;20:20;0;RD CE-040;;;;KM-06;Colisão;;Bom;Seca;Meio de Quadra;;;0;0;2;1;0;0;0;0;0;0;0;0;-38,479535;-3,800596
286137;30;6;2016;09:00;348;RUA CESAR FONTENELE;RUA PRO LINO ENCARNACAO;;;;Colisão Transversal;Luz do Dia;;;Cruz;Pare;Misto;0;1;1;1;0;0;0;0;0;0;0;0;-38,559596;-3,746359
286144;30;6;2016;10:00;0;AV GAL MURILO BORGES;;;;COCÓ;Colisão Transversal;Luz do Dia;;;Meio de Quadra;;;0;1;1;1;0;0;0;0;0;1;0;0;;
286192;30;6;2016;16:40;0;RUA PRO GOMES BRASIL;;;;;Colisão Traseira;Luz do Dia;;;Meio de Quadra;;;0;0;2;1;0;0;0;0;0;0;0;0;;
286179;30;6;2016;13:10;19305;RUA CARLOS AMORA;RUA CON DE CASTRO;;;;Colisão Traseira;Luz do Dia;;;T;Semáforo;Comercial;0;0;2;1;1;0;0;0;0;0;0;0;-38,563978;-3,774756
286165;30;6;2016;11:50;0;AV FRE CIRILO;;;4331;;Colisão Lateral;Luz do Dia;;;Meio de Quadra;;;0;0;2;1;0;0;0;0;0;1;0;0;-38,495339;-3,822076
286239;30;6;2016;18:00;22715;RUA EUCLIDES O DE SOUSA;RUA RAFAEL TOBIAS;;;;Colisão Transversal;Anoitecer;;;;Pare;Residencial;0;0;2;1;0;0;0;0;0;0;0;0;-38,472133;-3,797565
286207;30;6;2016;10:20;11761;AV PRS CASTELO BRANCO;RUA JACINTO MATOS;;;;Colisão Lateral;Luz do Dia;;;T;Semáforo;Comercial;0;0;2;1;0;0;0;0;0;0;0;0;-38,546333;-3,71463
286205;30;6;2016;09:00;0;AV PRS CASTELO BRANCO;;;;;Colisão Traseira;Luz do Dia;;;Meio de Quadra;;;0;0;3;1;0;0;0;0;0;0;0;0;;
286216;30;6;2016;08:00;0;RUA CEL TIBURCIO;;;;;Colisão Frontal;Luz do Dia;;;Meio de Quadra;;;0;0;2;1;0;0;1;0;0;0;0;0;;
286202;30;6;2016;08:10;5458;RUA BARBARA DE ALENCAR;RUA RODRIGUES JUNIOR;;;;Colisão Transversal;Luz do Dia;;;Cruz;Pare;Misto;0;0;2;1;0;0;0;0;0;0;0;0;-38,522156;-3,735343
286199;30;6;2016;18:00;19866;RUA DES PRAXEDES;RUA QUEIROZ RIBEIRO;;;;Colisão Lateral;Anoitecer;;;Cruz;Pare;Residencial;0;1;1;1;0;0;0;0;0;1;0;0;;
286197;30;6;2016;11:00;25287;AV AUGUSTO DOS ANJOS;RUA PRIMEIRO DE MAIO D34;;;;Colisão Lateral;Luz do Dia;;;T;Pare;Comercial;0;1;1;1;0;0;0;0;0;1;0;0;-38,582915;-3,78449
286092;30;6;2016;15:00;0;RUA BENI DE CARVALHO;;;183;;Capotamento;Luz do Dia;;;Meio de Quadra;;;0;0;2;1;0;0;0;0;0;0;0;0;-38,499009;-3,744715
286051;30;6;2016;17:45;7709;AV CARNEIRO DE MENDONCA;RUA PDE ANTONIO VIEIRA D37;;;;Colisão Transversal;Anoitecer;;;T;Pare;Misto;0;1;1;1;0;0;0;0;0;1;0;0;-38,564346;-3,765329
301112;30;6;2016;01:29;0;AV CASTELO DE CASTRO;;;778;;Choque c/ Obstáculo Fixo;Mal Iluminada;Bom;Seca;Meio de Quadra;Não Há Controle;Comercial;0;1;0;1;0;0;0;0;0;0;0;0;-38,521679;-3,836627
301113;30;6;2016;07:25;0;RUA ALBERTO MAGNO;AV PRS COSTA E SILVA;;0;;Colisão Traseira;Luz do Dia;Bom;Seca;Cruz;Semáforo;Comercial;0;0;2;0;0;0;0;0;0;1;0;0;;
301114;30;6;2016;06:30;1280;RUA ILDEFONSO ALBANO;RUA PINTO MADEIRA;;0;;Colisão Transversal;Luz do Dia;Bom;Seca;Cruz;Semáforo;Residencial;0;0;2;1;0;0;0;0;0;0;0;0;-38,513317;-3,73361
301115;30;6;2016;07:50;0;AV BORGES DE MELO;;;205;;Colisão Traseira;Luz do Dia;Bom;Seca;Meio de Quadra;Não Há Controle;Residencial;0;0;2;1;0;0;0;0;0;0;0;0;-38,520773;-3,761269
301116;30;6;2016;07:45;0;AV JOR THOMAZ COELHO;;;1900;;Colisão Lateral;Luz do Dia;Bom;Seca;Meio de Quadra;Semáforo;Comercial;0;0;2;1;0;0;0;0;0;0;0;0;;
301117;30;6;2016;08:30;0;AV 13 DE MAIO;;;1573;;Colisão Traseira;Luz do Dia;Bom;Seca;Meio de Quadra;Não Há Controle;Comercial;0;0;3;1;0;0;0;0;0;0;0;0;-38,532548;-3,746567
301118;30;6;2016;10:23;9160;RUA GRACILIANO RAMOS;RUA DEP OSWALDO STUDART;;0;;Colisão Transversal;Luz do Dia;Bom;Seca;Cruz;Pare;Residencial;0;0;1;1;0;0;0;0;0;0;0;0;-38,529082;-3,754499
301119;30;6;2016;12:42;0;RUA JULIO LIMA;;;501;;Colisão Frontal;Luz do Dia;Bom;Seca;Meio de Quadra;Pare;Comercial;0;0;2;1;0;0;0;0;0;0;0;0;-38,500551;-3,796209
301120;30;6;2016;12:40;22334;RUA CONRADO CABRAL;RUA JOSE MARROCOS;;0;;Colisão Lateral;Luz do Dia;Bom;Seca;Cruz;Pare;Comercial;0;0;2;1;0;0;0;0;0;0;0;0;-38,549684;-3,731242
301121;30;6;2016;13:22;0;RUA BENI DE CARVALHO;;;379;;Colisão Traseira;Luz do Dia;Bom;Seca;Meio de Quadra;Não Há Controle;Comercial;0;1;1;1;0;0;0;0;0;1;0;0;-38,497636;-3,745148
301122;30;6;2016;14:43;0;AV OLIVEIRA PAIVA;;;2288;;Colisão Traseira;Luz do Dia;Bom;Seca;Meio de Quadra;Não Há Controle;Residencial;0;0;4;1;0;0;0;0;0;0;0;0;;
301123;30;6;2016;17:48;5060;RUA CASTRO E SILVA;AV IMPERADOR;;0;;Colisão Lateral;Via Iluminada;Bom;Seca;Cruz;Semáforo;Comercial;0;0;1;0;0;0;0;0;0;1;0;0;-38,532916;-3,722013
301124;30;6;2016;18:35;23474;RUA PAULO FIRMEZA;RUA BARROS LEAL;;0;;Colisão Lateral;Luz do Dia;Bom;Seca;Cruz;Gesto;Residencial;0;0;2;1;0;0;0;0;0;1;0;0;-38,518544;-3,757696
301125;30;6;2016;17:23;9155;AV LUCIANO CARNEIRO;AV EDUARDO GIRAO;;0;;Colisão Traseira;Anoitecer;Bom;Seca;Cruz;Semáforo;Comercial;0;0;1;1;0;0;0;0;0;0;0;0;-38,532811;-3,752275