COD_ACIDENTE;DIA;MES;ANO;HORA;INTERSECAO;LOG1;LOG2;LOG3;NUMERO;REFERENCIA;NATUREZA;ILUMINACAO;TEMPO;SUPERFICIEPISTA;TIPOCRUZAMENTO;CONTROLETRAFEGO;USOSOLO;MORTOS;FERIDOS;ILESOS;AUTOMOVEL;ONIBUS;BICICLETA;CAMINHAO;MICROONIBUS;CICLOMOTOR;MOTOCICLETA;TRACAOANIMAL;TREM;LONG;LAT
301126;30;6;2016;18:40;1441;AV SANTOS DUMONT;RUA PRO DIAS DA ROCHA;;0;;Colisão Lateral;Via Iluminada;Bom;Seca;Cruz;Pare;Comercial;0;0;2;1;1;0;0;0;0;0;0;0;-38,492502;-3,738113
301127;30;6;2016;20:28;340;RUA DOM JOSE LOURENCO  D27;RUA CESAR FONTENELE;;0;;Colisão Transversal;Via Iluminada;Bom;Seca;Cruz;Pare;Residencial;0;0;2;1;0;0;0;0;0;0;0;0;-38,557429;-3,745892
301128;30;6;2016;18:45;0;AV VIENA WEYNE;;;804;;Colisão Transversal;Via Iluminada;Bom;Seca;Meio de Quadra;Não Há Controle;Comercial;0;0;2;1;0;0;0;0;0;0;0;0;-38,486609;-3,80151
301104;30;6;2016;16:50;14967;AV GODOFREDO MACIEL;RUA JULIO ALCIDES;;0;;Colisão Traseira;Anoitecer;Bom;Seca;T;Gesto;Lazer;0;0;1;1;0;0;0;0;0;1;0;0;-38,566785;-3,787856
293317;30;6;2016;09:30;23433;RUA MON SALAZAR;RUA PRO CARVALHO;;;;Colisão Transversal;Luz do Dia;Bom;Seca;Cruz;Pare;Comercial;0;2;2;0;0;0;0;0;0;1;0;0;-38,514308;-3,756146
293318;30;6;2016;08:25;0;AV SORIANO ALBUQUERQUE;;;;PÃO DE AÇÚCAR;Colisão;Luz do Dia;;;Meio de Quadra;;;0;1;2;1;0;0;0;0;0;1;0;0;;
293320;30;6;2016;20:00;0;RUA ISRAEL BEZERRA;;;1040;;Colisão Transversal;Via Iluminada;Bom;Seca;Meio de Quadra;Não Há Controle;Residencial;0;1;3;1;0;0;0;0;0;1;0;0;-38,492546;-3,750769
286031;30;6;2016;06:45;3368;RUA RIO GRANDE DO SUL;RUA AMAZONAS;;;;Colisão Lateral;Luz do Dia;;;Cruz;Pare;Comercial;0;1;1;1;0;0;0;0;0;1;0;0;-38,564164;-3,753306
286002;30;6;2016;12:45;15152;AV MON TABOSA;AV BAR STUDART;;;;Colisão Lateral;Luz do Dia;;;;;;0;0;2;1;1;0;0;0;0;0;0;0;-38,503445;-3,724762
286017;30;6;2016;13:00;8934;AV DOMINGOS OLIMPIO;RUA PDE MORORO;;;;Colisão Lateral;Luz do Dia;;;Cruz;Pare;Comercial;0;0;2;1;0;0;0;0;0;0;0;0;-38,539949;-3,733752
285927;30;6;2016;14:05;15100;RUA JOAO CORDEIRO;AV HIS RAIMUNDO GIRAO;;;;Colisão Lateral;Luz do Dia;;;Cruz;Semáforo;Comercial;0;0;3;1;0;0;0;0;0;0;0;0;-38,51163;-3,720835
285935;30;6;2016;15:00;3998;RUA SAMUEL UCHOA;RUA ALBERTO MAGNO;;;;Colisão;Luz do Dia;;;Cruz;Pare;Comercial;0;0;2;1;0;0;0;0;0;1;0;0;-38,542824;-3,756713
285959;30;6;2016;14:37;0;RUA MAJ FACUNDO;;;1775;;Colisão Traseira;Luz do Dia;;;Meio de Quadra;;;0;0;2;0;0;0;1;0;0;0;0;0;-38,531441;-3,738717
285980;30;6;2016;;0;RUA JOAQUIM NABUCO;;;1485;;Colisão Lateral;;;;Meio de Quadra;;;0;0;2;1;0;0;0;0;0;0;0;0;-38,502216;-3,738136
285891;30;6;2016;16:15;5211;AV IMPERADOR;RUA LIBERATO BARROSO;;;;Colisão Traseira;Luz do Dia;;;Cruz;Semáforo Intermitente;Comercial;0;1;2;1;0;0;0;0;0;1;0;0;-38,534257;-3,726511
294935;30;6;2016;00:03;1561;AV PDE ANTONIO TOMAS;AV SEN VIRGILIO TAVORA;;;;Colisão;;;;Outros;Semáforo Intermitente;Comercial;0;1;0;1;0;0;0;0;0;0;0;0;-38,494749;-3,74176
294941;30;6;2016;00:35;0;AV PERIMETRAL;;;721;;Colisão;;;;Meio de Quadra;;;0;1;0;1;0;0;0;0;0;1;0;0;;
294951;30;6;2016;00:39;0;RUA RAIMUNDO NERY;;;737;;Colisão;;;;Meio de Quadra;;;0;1;0;1;0;0;0;0;0;0;0;0;-38,587613;-3,791319
294954;30;6;2016;03:12;0;AV PERIMETRAL;;;;;Queda;;;;Meio de Quadra;;;0;1;0;0;0;0;0;0;0;1;0;0;;
294960;30;6;2016;06:22;0;RUA CEL PERGENTINO FERREIRA;;;210;;Colisão Traseira;Luz do Dia;Bom;Seca;Não Informado;Semáforo;Residencial;0;1;4;1;0;0;0;0;0;1;0;0;-38,523507;-3,748312
294964;30;6;2016;06:52;25095;AV MAE LISBOA;AV ENG LEAL LIMA VERDE (SAPIRANGA/COITE);;;;Queda;Luz do Dia;;;Cruz;Pare;Residencial;0;1;0;0;0;0;0;0;0;1;0;0;-38,474657;-3,807871
294966;30;6;2016;07:29;23433;RUA MON SALAZAR;RUA PRO CARVALHO;;;;Colisão;Luz do Dia;;;Cruz;Pare;Comercial;0;1;0;1;0;0;0;0;0;1;0;0;-38,514308;-3,756146
294970;30;6;2016;07:43;0;RUA ALBERTO DE OLIVEIRA;;;1779;;Colisão;Luz do Dia;;;Meio de Quadra;;;0;1;0;1;0;0;0;0;0;1;0;0;;
294974;30;6;2016;08:38;0;AV GAL OSORIO DE PAIVA;;;1127;FROTINHA DA PARANGABA;Atropelamento;Luz do Dia;;;Meio de Quadra;;;0;1;0;1;0;0;0;0;0;0;0;0;-38,572016;-3,779137
294976;30;6;2016;08:44;0;RUA PRO LINO ENCARNACAO;;;1240;;Colisão;Luz do Dia;;;Meio de Quadra;;;0;1;0;1;0;0;0;0;0;0;0;0;-38,55958;-3,74644
294985;30;6;2016;12:20;0;RUA TEN QUEIROZ;;;915;;Colisão;Luz do Dia;;;Meio de Quadra;;;0;1;0;1;0;0;0;0;0;0;0;0;;
294996;30;6;2016;12:48;17317;AV JOAO PESSOA;RUA TEN MOACIR MATOS;;;;Colisão Transversal;Luz do Dia;Bom;Seca;T;Semáforo;Comercial;0;0;3;0;0;0;0;0;0;1;0;0;-38,558316;-3,763615
294999;30;6;2016;13:01;6719;AV ENG SANTANA JUNIOR;RUA VICENTE LINHARES;;;;Colisão;Luz do Dia;;;T;Pare;Comercial;0;1;0;1;0;0;0;0;0;1;0;0;-38,489244;-3,745684
295000;30;6;2016;13:35;407;TR 25 DE MARCO UI 806;RUA ORIENTE;;;;Colisão;Luz do Dia;;;;;;0;1;0;0;0;0;0;0;0;1;0;0;-38,598167;-3,75127
295008;30;6;2016;16:51;0;RUA CANDIDO MAIA;;;;;Colisão;Luz do Dia;;;Meio de Quadra;;;0;1;0;1;0;0;0;0;0;0;0;0;;
295017;30;6;2016;17:13;3807;AV IMPERADOR;AV CARAPINIMA;;;;Colisão;Anoitecer;;;;;;0;1;0;1;0;0;0;0;0;1;0;0;-38,537423;-3,737277
295025;30;6;2016;17:36;0;AV CARNEIRO DE MENDONCA;;;490;;Colisão;Anoitecer;;;Meio de Quadra;;;0;1;0;1;0;0;0;0;0;1;0;0;-38,563932;-3,765504
295029;30;6;2016;17:40;0;RUA ISRAEL BEZERRA;;;1040;;Colisão;Anoitecer;;;Meio de Quadra;;;0;1;0;1;0;0;0;0;0;1;0;0;-38,492546;-3,750769
295034;30;6;2016;17:44;0;RUA ANTONIO COSTA MENDES (PQ SÃO JOSÉ);;;;;Atropelamento;Anoitecer;;;Meio de Quadra;;;0;1;0;0;0;0;0;0;0;1;0;0;;
295041;30;6;2016;17:46;0;RUA ANTONIO COSTA MENDES (PQ SÃO JOSÉ);;;1436;;Colisão;Anoitecer;;;Meio de Quadra;;;0;1;0;0;0;0;0;0;0;1;0;0;;
295046;30;6;2016;18:48;24261;RUA MANUEL JESUINO;RUA REPUBLICA DO LIBANO;;883;;Colisão Transversal;Via Iluminada;Bom;Seca;Cruz;Pare;Residencial;0;1;3;1;0;0;0;0;0;1;0;0;-38,484913;-3,733603
295064;30;6;2016;19:10;0;AV JOSE JATAHY;;;82;;Atropelamento;;;;Meio de Quadra;;;0;1;0;0;0;0;0;0;0;0;0;0;-38,543202;-3,740038
295066;30;6;2016;19:15;0;RUA DIOGO CORREIA;;;670;;Colisão;;;;Meio de Quadra;;;0;1;0;1;0;1;0;0;0;0;0;0;-38,591319;-3,768465
295074;30;6;2016;19:32;0;AV GOV RAUL BARBOSA;;;7510;;Colisão;;;;Meio de Quadra;;;0;1;0;1;0;0;0;0;0;1;0;0;-38,513701;-3,778011
295084;30;6;2016;20:31;0;AV PRS CASTELO BRANCO;;;593;;Atropelamento;;;;Meio de Quadra;;;0;1;0;1;0;0;0;0;0;0;0;0;;
295085;30;6;2016;21:51;0;AV I CJ JOSE WALTER;;;1219;;Colisão;;;;Meio de Quadra;;;0;1;0;1;0;0;0;0;0;0;0;0;-38,553853;-3,835476
295086;30;6;2016;22:34;2328;AV FRANCISCO SA;AV CEL CARVALHO;;;;Colisão Lateral;Via Iluminada;Bom;Seca;Cruz;Pare;Comercial;0;0;4;1;1;0;0;0;0;0;0;0;-38,591542;-3,703499
295087;30;6;2016;23:33;3779;RUA VINTE E QUATRO DE MAIO;RUA ANTONIO POMPEU;;;;Colisão;;;;Cruz;Não Há Controle;Comercial;0;1;0;0;0;0;0;0;0;0;0;0;-38,534186;-3,733667
293894;1;7;2016;13:50;0;RUA PROF GLAUCO LOBO;;;344;;Atropelamento;Luz do Dia;;;Meio de Quadra;;;0;1;0;0;0;0;0;1;0;0;0;0;;
293885;1;7;2016;13:36;0;RUA FRANCISCO DE SALES;;;912;;Colisão;Luz do Dia;;;Meio de Quadra;;;0;2;0;0;0;0;0;0;0;1;0;0;;
293920;1;7;2016;16:31;0;RUA 23 CJ POLAR;;;101;;Atropelamento;Luz do Dia;;;Meio de Quadra;;;0;1;0;1;0;0;0;0;0;0;0;0;;
293913;1;7;2016;14:39;0;RUA REGINA DE FATIMA;;;3120;;Colisão;Luz do Dia;;;Meio de Quadra;;;0;1;0;1;0;0;0;0;0;1;0;0;;
293914;1;7;2016;15:05;0;RUA GUILHERME ROCHA;;;1002;;Colisão;Luz do Dia;;;Meio de Quadra;;;0;1;0;1;0;0;0;0;0;1;0;0;-38,535009;-3,724693
293956;1;7;2016;17:44;0;RUA JOSE ARISTOTELES GONDIM;;;588;;Colisão;Anoitecer;;;Meio de Quadra;;;0;1;0;0;0;0;0;0;0;0;0;0;-38,58614;-3,783034
293964;1;7;2016;18:20;0;RUA NOSSA SRA DAS GRACAS;;;677;;Queda;Anoitecer;;;Meio de Quadra;;;0;1;0;0;0;0;0;0;0;1;0;0;;
293930;1;7;2016;16:36;18387;AV SGT HERMINIO SAMPAIO;AV OLAVO BILAC;;;;Colisão;Luz do Dia;;;Cruz;Semáforo;Residencial;0;1;0;1;0;0;0;0;0;1;0;0;-38,56508;-3,727179
293934;1;7;2016;17:31;0;RUA JOAQUIM TORRES;;;810;;Queda;Anoitecer;;;Meio de Quadra;;;0;1;0;0;0;0;0;0;0;1;0;0;;
293946;1;7;2016;17:37;12514;RUA JULIO BRAGA;AV LINEU MACHADO;;;;Colisão;Anoitecer;;;Outros;Semáforo;Residencial;0;1;0;1;0;0;0;0;0;1;0;0;-38,58179;-3,775335
293932;1;7;2016;17:28;0;TERM DE MESSEJANA;;;;;Colisão;Anoitecer;;;Meio de Quadra;;;0;1;0;1;0;1;0;0;0;0;0;0;;
293962;1;7;2016;18:12;0;RUA MARIA GOMES DE SA;;;1681;;Colisão;Anoitecer;;;Meio de Quadra;;;0;1;0;1;0;0;0;0;0;1;0;0;-38,584176;-3,823191
293972;1;7;2016;18:27;1378;RUA DES LEITE ALBUQUERQUE;RUA OSVALDO CRUZ (ALDEOTA);;;;Colisão Transversal;Luz do Dia;Bom;Seca;Cruz;Pare;Residencial;0;2;2;1;0;0;0;0;0;1;0;0;-38,50064;-3,736598
293974;1;7;2016;18:28;0;RUA CANDIDO MAIA;;;;;Atropelamento;Anoitecer;;;Meio de Quadra;;;0;1;0;0;0;0;1;0;0;0;0;0;;
293975;1;7;2016;18:52;0;RUA CON DE CASTRO;;;8810;;Colisão;;;;Meio de Quadra;;;0;1;0;0;0;0;0;0;0;1;0;0;-38,604385;-3,821935
293976;1;7;2016;19:10;0;AV MR HULL;;;;;Colisão;;;;Meio de Quadra;;;0;2;0;0;0;0;0;0;0;1;0;0;;
293979;1;7;2016;19:26;0;RUA VALPARAISO;;;1057;;Colisão;;;;Meio de Quadra;;;0;2;0;0;0;0;0;0;0;0;0;0;-38,528931;-3,841634
293980;1;7;2016;19:49;0;RUA BAR CRATO;;;1521;;Atropelamento;;;;Meio de Quadra;;;0;1;0;0;0;0;0;0;0;1;0;0;;
293982;1;7;2016;19:49;0;RUA NAT FEIJO;;;294;;Atropelamento;;;;Meio de Quadra;;;0;1;0;0;0;0;0;0;0;1;0;0;-38,551431;-3,722635
293983;1;7;2016;20:15;0;RUA CON DE CASTRO;;;;;Colisão;;;;Meio de Quadra;;;0;1;0;0;0;0;0;0;0;0;0;0;;
293985;1;7;2016;20:15;14588;AV EDILSON B SOARES;RUA JOAO REGINO;;;;Colisão;;;;Cruz;Pare;Misto;0;1;0;0;0;0;0;0;0;0;0;0;-38,483001;-3,789663
293988;1;7;2016;20:17;0;AV CONTORNO NORTE (SAO CRSITOVAO);;;1291;;Colisão;;;;Meio de Quadra;;;0;1;0;1;0;1;0;0;0;0;0;0;-38,528538;-3,834437
293939;1;7;2016;17:33;0;RUA CECILIA MEIRELES;;;249;;Queda;Anoitecer;;;Meio de Quadra;;;0;1;0;0;0;1;0;0;0;0;0;0;-38,490017;-3,819758
293996;1;7;2016;20:42;4875;RUA CON DE CASTRO;RUA JARDIM FLUMINENSE;;;;Queda;;;;T;Semáforo;Residencial;0;1;0;0;0;0;0;0;0;1;0;0;-38,597948;-3,812831
294002;1;7;2016;21:46;0;AV PRS CASTELO BRANCO;;;70;;Queda;;;;Meio de Quadra;;;0;1;0;0;0;0;0;0;0;1;0;0;-38,522837;-3,72285
294008;1;7;2016;22:00;0;AV AUGUSTO DOS ANJOS;;;2090;;Colisão;;;;Meio de Quadra;;;0;1;0;1;0;0;0;0;0;1;0;0;-38,582515;-3,784033
294009;1;7;2016;22:27;0;RUA CLUBE;;;36;;Colisão;;;;Meio de Quadra;;;0;1;0;0;0;0;0;0;0;0;0;0;-38,57832;-3,807431
294010;1;7;2016;22:30;2573;AV FRANCISCO SA;RUA GRACA ARANHA;;;;Colisão;;;;Cruz;Pare;Residencial;0;1;0;1;0;0;0;0;0;1;0;0;-38,574359;-3,711611
294011;1;7;2016;23:39;0;AV COS GOMES DE FREITAS (SAPIRANGA/COITE);;;;;Colisão;;;;Meio de Quadra;;;0;1;0;1;0;0;0;0;0;1;0;0;;
293877;1;7;2016;12:00;0;RUA BETEL;;;;;Colisão;Luz do Dia;;;Meio de Quadra;;;0;1;0;1;0;0;0;0;0;0;0;0;;
293849;1;7;2016;11:08;0;AV TRISTAO GONCALVES;;;912;;Colisão;Luz do Dia;;;Meio de Quadra;;;0;1;0;1;0;0;0;0;0;1;0;0;-38,533951;-3,729602
293844;1;7;2016;09:46;0;RUA CEL ERNESTO MATOS;;;444;;Colisão;Luz do Dia;;;Meio de Quadra;;;0;1;0;1;0;0;0;0;0;1;0;0;-38,489632;-3,829795
293831;1;7;2016;08:54;21378;RUA PRO JOSE DE BARCELOS;AV JOVITA FEITOSA;;;;Colisão Transversal;Luz do Dia;Bom;Seca;Cruz;Semáforo;Comercial;0;0;4;1;0;0;0;0;0;1;0;0;-38,549933;-3,738516
293832;1;7;2016;09:11;0;RUA VER JOSE BATISTA BARBOSA;;;102;;Queda;Luz do Dia;;;Meio de Quadra;;;0;1;0;0;0;0;0;0;0;1;0;0;-38,476531;-3,773792
293828;1;7;2016;08:28;0;AV GAL OSORIO DE PAIVA;;;5563;;Colisão;Luz do Dia;;;Meio de Quadra;;;0;1;0;0;0;0;0;0;0;0;0;0;-38,602908;-3,805558
293810;1;7;2016;07:35;0;AV AGUANAMBI;;;;;Colisão;Luz do Dia;;;Meio de Quadra;;;0;1;0;0;0;0;0;0;0;1;0;0;;
293823;1;7;2016;08:22;10113;RUA RAIMUNDO PINHEIRO;RUA CEL FABRICIANO;;;;Colisão;Luz do Dia;;;Cruz;Não Há Controle;;0;1;0;1;0;0;0;0;0;1;0;0;-38,596207;-3,786115
293817;1;7;2016;08:09;0;AV GAL OSORIO DE PAIVA;;;3957;;Colisão;Luz do Dia;;;Meio de Quadra;;;0;1;0;0;0;0;0;0;0;1;0;0;-38,590157;-3,792489
293805;1;7;2016;06:18;0;RUA METON DE ALENCAR;;;1807;;Atropelamento;Luz do Dia;Não Informado;Seca;Não Informado;Não Há Controle;Comercial;0;1;3;0;0;0;0;0;0;1;0;0;;
301129;1;7;2016;13:20;13233;AV L CJ JOSE WALTER;AV F CJ JOSE WALTER;;0;;Colisão Lateral;Luz do Dia;Bom;Seca;Cruz;Não Há Controle;Residencial;0;0;2;1;0;0;0;0;0;0;0;0;-38,558805;-3,835328
301130;1;7;2016;10:26;0;AV DEP PAULINO ROCHA;;;1000;;Colisão Traseira;Luz do Dia;Bom;Seca;Meio de Quadra;Não Há Controle;Residencial;0;0;2;1;0;0;0;0;0;0;0;0;;
301131;1;7;2016;13:00;22029;RUA TIRADENTES;RUA FRE MARCELINO;;0;;Colisão Transversal;Luz do Dia;Bom;Seca;Cruz;Pare;Residencial;0;0;2;1;0;0;0;0;0;0;0;0;-38,550132;-3,74113
301132;1;7;2016;15:01;0;AV DR SILAS MUNGUBA;;;0;;Colisão Traseira;Luz do Dia;Bom;Seca;Meio de Quadra;Semáforo;Escola;0;0;1;1;0;0;0;0;0;0;0;0;;
301133;1;7;2016;14:05;8076;RUA WALDERY UCHOA;AV EDUARDO GIRAO;;0;;Colisão Transversal;Luz do Dia;Bom;Seca;T;Pare;Comercial;0;0;2;1;0;0;0;0;0;0;0;0;-38,541834;-3,74728
301134;1;7;2016;16:17;1529;RUA JOSE VILAR;RUA BARBARA DE ALENCAR;;0;;Colisão Transversal;Luz do Dia;Bom;Seca;Cruz;Pare;Comercial;0;0;1;1;0;0;0;0;0;0;0;0;-38,506213;-3,740591
301135;1;7;2016;15:20;0;AV DOMINGOS OLIMPIO;;;746;;Colisão Lateral;Luz do Dia;Bom;Seca;Meio de Quadra;Não Há Controle;Comercial;0;0;2;0;0;0;0;0;0;0;0;0;-38,52873;-3,737392
301136;1;7;2016;16:32;0;AV GODOFREDO PIMENTEL;;;878;;Colisão Traseira;Luz do Dia;Bom;Não informada;Meio de Quadra;Não Há Controle;Residencial;0;0;2;1;0;0;0;0;0;0;0;0;;
301137;1;7;2016;16:49;0;AV VICENTE DE CASTRO;;;1813;;Colisão Traseira;Luz do Dia;Bom;Seca;Meio de Quadra;Não Há Controle;Comercial;0;0;2;1;0;0;0;0;0;0;0;0;;
301138;1;7;2016;18:20;5709;AV DES GONZAGA;AV OLIVEIRA PAIVA;;0;;Colisão Lateral;Via Iluminada;Bom;Seca;Cruz;Semáforo;Lazer;0;0;2;1;0;0;0;0;0;0;0;0;-38,499953;-3,797165
301139;1;7;2016;16:31;5163;RUA LIBERATO BARROSO;RUA AGAPITO DOS SANTOS;;0;;Colisão Transversal;Luz do Dia;Bom;Seca;Cruz;Pare;Residencial;0;0;2;1;0;0;0;0;0;0;0;0;-38,538561;-3,725165
301140;1;7;2016;19:10;15362;RUA CEL LINHARES;RUA PEREIRA VALENTE;;0;;Colisão Transversal;Via Iluminada;Bom;Seca;Cruz;Pare;Comercial;0;0;2;1;0;0;0;0;0;0;0;0;-38,493183;-3,733517
301141;1;7;2016;20:06;19269;RUA PRO GOMES BRASIL;RUA MARACANA;;0;;Colisão Lateral;Via Iluminada;Bom;Seca;Cruz;Não Há Controle;Comercial;0;0;2;1;1;0;0;0;0;0;0;0;-38,568438;-3,77284
301142;1;7;2016;11:27;0;RUA FRANCISCO HOLANDA;;;858;;Colisão Lateral;Luz do Dia;Bom;Seca;Meio de Quadra;Semáforo;Comercial;0;0;1;1;0;0;0;0;0;0;0;0;-38,502813;-3,749266
286452;1;7;2016;08:30;17390;RUA ALM RUBIM;RUA ELVIRA PINHO;;;;Colisão Transversal;Luz do Dia;;;Cruz;Pare;Residencial;0;0;2;1;0;0;0;0;0;0;0;0;-38,555324;-3,76726
286446;1;7;2016;08:50;6470;AV C CJ CEARA;RUA 315 CJ CEARA;;;;Colisão;Luz do Dia;;;;;;0;1;1;1;0;0;0;0;0;1;0;0;-38,615554;-3,773452
286444;1;7;2016;08:40;0;AV FRE CIRILO;;;4538;;Colisão Lateral;Luz do Dia;;;Meio de Quadra;;;0;1;1;1;0;0;0;0;0;1;0;0;-38,494889;-3,823113
286440;1;7;2016;09:08;0;RUA VER PEDRO PAULO MOREIRA;;;858;;Colisão Traseira;Luz do Dia;;;Meio de Quadra;;;0;0;3;1;0;0;0;0;0;0;0;0;-38,487426;-3,787167
286386;1;7;2016;07:40;0;AV GOV RAUL BARBOSA;;;7510;;Colisão Lateral;Luz do Dia;;;Meio de Quadra;;;0;1;1;1;0;0;0;0;0;1;0;0;-38,513701;-3,778011
286387;1;7;2016;09:00;13544;RUA DR JOSE LOURENCO;RUA JULIO SIQUEIRA;;;;Outros;Luz do Dia;;;Cruz;Pare;Comercial;0;0;2;1;0;0;0;0;0;1;0;0;-38,5122;-3,748473
286388;1;7;2016;07:40;0;AV AGUANAMBI;;;;;Acidente Pessoal;Luz do Dia;;;Meio de Quadra;;;0;1;1;1;0;0;0;0;0;1;0;0;;
286374;1;7;2016;10:30;12863;AV DOMINGOS OLIMPIO;RUA FLORIANO PEIXOTO;;;;Colisão Transversal;Luz do Dia;;;Cruz;Não Há Controle;Comercial;0;0;2;1;0;0;0;0;0;0;0;0;-38,530313;-3,736976
286410;1;7;2016;07:55;0;AV GAL OSORIO DE PAIVA;;;3951;;Colisão Lateral;Luz do Dia;;;Meio de Quadra;;;0;2;1;1;0;0;0;0;0;1;0;0;-38,590153;-3,792485
286405;1;7;2016;15:25;5142;RUA CASTRO E SILVA;RUA CONDE D´EU;;;;Colisão Lateral;Luz do Dia;;;Outros;Semáforo;Comercial;0;0;2;1;0;0;0;0;0;0;0;0;-38,525072;-3,724606
286412;1;7;2016;09:10;4542;AV DEP PAULINO ROCHA;RUA CEL ZACARIAS J FRANCA;;;;Colisão Traseira;Luz do Dia;;;T;Pare;Residencial;0;0;2;1;1;0;0;0;0;0;0;0;-38,508111;-3,805266
286402;1;7;2016;11:00;25697;RUA JOAO CORDEIRO;RUA ROCHA LIMA;;;;Colisão Lateral;Luz do Dia;;;Cruz;Pare;Residencial;0;2;0;1;0;0;0;0;0;0;0;0;-38,517275;-3,738
286395;1;7;2016;12:30;0;RUA PAULA BARROS;;;46;;Colisão Lateral;Luz do Dia;;;Meio de Quadra;;;0;0;2;1;0;0;1;0;0;0;0;0;-38,492324;-3,72675
286330;1;7;2016;10:40;15298;RUA ANA BILHAR;RUA BARBOSA DE FREITAS;;;;Capotamento;Luz do Dia;;;Cruz;Pare;Residencial;0;3;1;1;0;0;0;0;0;0;0;0;-38,495143;-3,729646
286333;1;7;2016;13:45;14837;RUA STA MARLUCIA;TR WALDIR DIOGO;;;;Colisão Lateral;Luz do Dia;;;Cruz;Não Há Controle;Residencial;0;1;1;0;1;0;0;0;0;1;0;0;-38,582712;-3,80518
286327;1;7;2016;09:00;19278;RUA 7 DE SETEMBRO;RUA CAIO PRADO;;;;Colisão Lateral;Luz do Dia;;;Cruz;Semáforo;Comercial;0;0;2;1;0;0;1;0;0;0;0;0;-38,563028;-3,773724
286368;1;7;2016;16:20;0;AV ALBERTO NEPOMUCENO;;;;;Colisão Transversal;Luz do Dia;;;Meio de Quadra;;;0;1;1;0;0;0;0;0;0;1;0;0;;
286324;1;7;2016;22:00;25420;RUA PRO SILAS RIBEIRO;AV ALM HENRIQUE SABOIA;;;;Colisão Traseira;;;;T;Semáforo Intermitente;Comercial;0;1;1;1;0;0;0;0;0;1;0;0;;
286220;1;7;2016;11:45;17277;RUA SATIRO DIAS;AV PRO GOMES DE MATOS;;;;Colisão Lateral;Luz do Dia;;;Cruz;Semáforo;Comercial;0;0;2;1;0;0;0;0;0;0;0;0;-38,546868;-3,762623
286236;1;7;2016;10:58;26236;RUA BERNARDO MANUEL;AV DR SILAS MUNGUBA;;;;Colisão Traseira;Luz do Dia;;;Cruz;Semáforo;Comercial;0;0;2;1;0;0;0;0;0;0;0;0;-38,54796;-3,787538
286228;1;7;2016;12:21;5310;RUA PEDRO PEREIRA;RUA MAJ FACUNDO;;;;Colisão Lateral;Luz do Dia;;;Cruz;Semáforo;Comercial;0;0;2;1;0;0;0;0;0;0;0;0;-38,528531;-3,729683
286238;1;7;2016;15:10;4080;AV JOSE BASTOS;RUA CEARA;;;;Colisão Transversal;Luz do Dia;;;Cruz;Pare;;0;0;2;1;0;0;1;0;0;0;0;0;-38,564112;-3,760008
286247;1;7;2016;13:30;5219;AV TRISTAO GONCALVES;RUA LIBERATO BARROSO;;;;Colisão;Luz do Dia;;;Cruz;Semáforo;Comercial;0;1;1;1;0;0;0;0;0;1;0;0;-38,533116;-3,726826
286255;1;7;2016;08:42;5279;RUA COSTA BARROS;RUA NOGUEIRA ACIOLI;;;;Colisão Transversal;Luz do Dia;;;Cruz;Pare;Comercial;0;0;2;1;1;0;0;0;0;0;0;0;-38,516481;-3,728753
286251;1;7;2016;18:30;0;AV DES MOREIRA;;;2222;;Colisão Traseira;Anoitecer;;;Meio de Quadra;;;0;1;1;1;0;0;0;0;0;1;0;0;-38,501159;-3,744979
286260;1;7;2016;20:00;0;AV SANTOS DUMONT;;;5160;;Colisão Lateral;;;;;;;0;0;2;1;0;0;1;0;0;0;0;0;-38,48521;-3,740482
286166;1;7;2016;18:20;0;RUA ALM JACEGUAI;;;;;Colisão;Anoitecer;;;Meio de Quadra;;;0;0;2;1;0;0;0;0;0;0;0;0;;
286153;1;7;2016;12:50;17349;RUA EDITE BRAGA;RUA CEL ALEXANDRINO;;;;Colisão Transversal;Luz do Dia;;;Cruz;Pare;Residencial;0;0;2;1;0;0;0;0;0;0;0;0;-38,551861;-3,765675
286162;1;7;2016;07:10;0;AV DR THEBERGE;;;2712;;Atropelamento;Luz do Dia;;;Meio de Quadra;;;0;2;0;0;0;0;0;0;0;1;0;0;-38,568754;-3,726276
288592;1;7;2016;08:30;0;RD CE-040;;;;KM-08;Colisão;Luz do Dia;Bom;Seca;Meio de Quadra;;;0;0;3;1;0;0;0;0;0;0;0;0;-38,483033;-3,817159
289016;1;7;2016;18:00;0;RD CE-040;;;;KM-09;Colisão;Anoitecer;Bom;Seca;Meio de Quadra;;;0;1;1;1;0;0;0;0;0;1;0;0;-38,481538;-3,825516
289025;2;7;2016;09:20;0;AV SEN CARLOS JEREISSATI (AEROPORTO);;;;KM 03;Colisão;Luz do Dia;Bom;Seca;Meio de Quadra;;;0;0;2;1;0;0;0;0;0;0;0;0;-38,544038;-3,779641
289026;2;7;2016;13:30;0;AV SEN CARLOS JEREISSATI (AEROPORTO);;;;KM 02;Colisão;Luz do Dia;Bom;Seca;Meio de Quadra;;;0;0;2;1;0;0;0;0;0;0;0;0;-38,535424;-3,782194
289022;2;7;2016;05:20;0;RD CE-040;;;;KM-04;Choque c/ Obstáculo Fixo;Amanhecer;Bom;Seca;Meio de Quadra;;;0;0;1;1;0;0;0;0;0;0;0;0;-38,481084;-3,782614