COD_ACIDENTE;DIA;MES;ANO;HORA;INTERSECAO;LOG1;LOG2;LOG3;NUMERO;REFERENCIA;NATUREZA;ILUMINACAO;TEMPO;SUPERFICIEPISTA;TIPOCRUZAMENTO;CONTROLETRAFEGO;USOSOLO;MORTOS;FERIDOS;ILESOS;AUTOMOVEL;ONIBUS;BICICLETA;CAMINHAO;MICROONIBUS;CICLOMOTOR;MOTOCICLETA;TRACAOANIMAL;TREM;LONG;LAT
289046;2;7;2016;10:30;0;RD CE-040;;;;KM-05;Colisão;Luz do Dia;Bom;Seca;Meio de Quadra;;;0;0;3;1;0;0;0;0;0;0;0;0;-38,480331;-3,791613
289041;2;7;2016;10:00;0;RD CE-025;;;;KM-01;Colisão;Luz do Dia;Bom;Seca;Meio de Quadra;;;1;0;1;1;0;1;0;0;0;0;0;0;-38,470049;-3,807811
289288;2;7;2016;11:43;0;RD CE-040;;;;KM-10;Colisão;Luz do Dia;Bom;Seca;Meio de Quadra;;;0;0;2;1;0;0;0;0;0;1;0;0;-38,482466;-3,834451
289290;2;7;2016;23:30;0;RD CE-060;;;;KM-01;Choque c/ Obstáculo Fixo;;Bom;Seca;Meio de Quadra;;;0;0;1;1;0;0;0;0;0;0;0;0;-38,58015;-3,828411
289284;2;7;2016;13:20;0;RD CE-040;;;1010;KM-08;Colisão;Luz do Dia;Bom;Seca;Meio de Quadra;;;0;1;1;1;0;0;0;0;0;1;0;0;-38,483033;-3,817159
289285;2;7;2016;15:25;0;RD CE-040;;;;KM-11;Colisão;Luz do Dia;Bom;Seca;Meio de Quadra;;;0;0;2;1;0;0;0;0;0;1;0;0;-38,480883;-3,842577
289286;2;7;2016;17:20;0;RD CE-040;;;;KM-08;Choque c/ Obstáculo Fixo;Anoitecer;Bom;Seca;Meio de Quadra;;;0;0;1;1;0;0;0;0;0;0;0;0;-38,483033;-3,817159
286277;2;7;2016;16:00;0;AV DOM LUIS;;;1233;;Colisão Transversal;Luz do Dia;;;Meio de Quadra;;;0;0;2;1;0;0;0;0;0;0;0;0;-38,48968;-3,735733
286328;2;7;2016;12:00;0;RUA PEDRO PEREIRA;;;636;;Colisão Lateral;Luz do Dia;;;Meio de Quadra;;;0;0;2;1;0;0;0;0;0;0;0;0;-38,531059;-3,728864
286384;2;7;2016;14:00;0;RUA SENA MADUREIRA;;;760;PRAÇA DOS LEÕES;Colisão Lateral;Luz do Dia;;;Meio de Quadra;;;0;1;1;1;0;0;0;0;0;1;0;0;-38,525897;-3,727654
286565;2;7;2016;10:20;10716;RUA PRO HERIBALDO COSTA;RUA PRO EDGAR DE ARRUDA;;;;Colisão Lateral;Luz do Dia;;;T;Pare;Residencial;0;0;2;1;0;0;0;0;0;0;0;0;-38,583335;-3,759016
286509;2;7;2016;08:41;25028;AV AUGUSTO DOS ANJOS;RUA ARARAQUARA;;;;Colisão Lateral;Luz do Dia;;;T;Semáforo;Comercial;0;0;2;1;0;0;0;0;0;1;0;0;-38,580678;-3,781887
286462;2;7;2016;09:50;26015;AV DOS EXPEDICIONARIOS;RUA DAS OLIMPIADAS;;;;Colisão Traseira;Luz do Dia;;;;;;0;0;2;1;0;0;0;0;0;1;0;0;;
286786;2;7;2016;01:20;3347;AV ENG HUMBERTO MONTE;RUA GOIAS;;;;Colisão;;;;T;Pare;Residencial;0;0;2;0;0;0;0;0;0;1;0;0;-38,559425;-3,750494
286767;2;7;2016;04:30;14596;AV JOSE LEON;RUA TRAJANO ALVES DE AGUIAR;;;;Choque c/ Obstáculo Fixo;Amanhecer;;;Cruz;Pare;Residencial;1;0;0;0;0;0;0;0;0;1;0;0;-38,492109;-3,790121
286735;2;7;2016;23:30;0;RUA MON SALAZAR;;;966;;Colisão Lateral;;;;Meio de Quadra;;;0;0;2;1;0;0;0;0;0;0;0;0;-38,510993;-3,755836
286682;2;7;2016;12:40;5356;AV DUQ CAXIAS;RUA GAL SAMPAIO;;;;Colisão Traseira;Luz do Dia;;;Cruz;Semáforo;Misto;0;0;2;1;0;0;0;0;0;0;0;0;-38,532029;-3,731096
286655;2;7;2016;21:58;0;RUA LAURO MAIA;;;291;;Colisão Lateral;;;;Meio de Quadra;;;0;0;2;1;0;0;0;0;0;0;0;0;-38,523788;-3,742992
286634;2;7;2016;09:00;0;AV LUCIANO CARNEIRO;;;721;;Engavetamento;Luz do Dia;;;Meio de Quadra;;;0;0;3;1;0;0;0;0;0;0;0;0;;
286651;2;7;2016;19:00;0;AV DEP PAULINO ROCHA;;;2172;;Colisão Lateral;;;;Meio de Quadra;;;0;0;2;0;0;0;0;0;0;1;0;0;;
301143;2;7;2016;13:00;12892;AV DOMINGOS OLIMPIO;RUA BAR RIO BRANCO;;0;;Colisão Traseira;Luz do Dia;Bom;Seca;Meio de Quadra;Semáforo;Escola;0;0;2;1;0;0;0;0;0;0;0;0;-38,531494;-3,736579
301144;2;7;2016;13:50;10005;RUA TAQUARI;RUA DUAS NACOES;;0;;Colisão Transversal;Luz do Dia;Bom;Seca;Cruz;Gesto;Residencial;0;0;2;1;0;0;0;0;0;0;0;0;-38,601822;-3,776149
294012;2;7;2016;02:00;0;RUA OSCAR FRANCA;;;51;;Colisão;;;;Meio de Quadra;;;0;1;0;1;0;0;0;0;0;1;0;0;;
294013;2;7;2016;02:01;0;AV ROGACIANO LEITE;;;1800;;Colisão;;;;Meio de Quadra;;;0;1;0;1;0;0;0;0;0;1;0;0;-38,49804;-3,770479
294025;2;7;2016;02:48;0;RUA DOM HENRIQUE;;;442;;Colisão;;;;Meio de Quadra;;;0;1;0;0;0;0;0;0;0;0;0;0;;
294021;2;7;2016;02:12;0;RUA CHICO LEMOS;;;1700;;Colisão;;;;Meio de Quadra;;;0;1;0;1;0;0;0;0;0;1;0;0;;
294033;2;7;2016;04:25;0;AV JOSE LEON;;;2399;;Queda;;;;Meio de Quadra;;;0;1;0;0;0;0;0;0;0;1;0;0;;
294069;2;7;2016;04:47;0;AV ENG SANTANA JUNIOR;;;;;Queda;;;;Meio de Quadra;;;0;1;0;0;0;0;0;0;0;1;0;0;;
294087;2;7;2016;06:31;0;AV DEP PAULINO ROCHA;;;2601;;Colisão;Luz do Dia;;;Meio de Quadra;;;0;1;0;1;0;1;0;0;0;0;0;0;-38,519464;-3,810121
294085;2;7;2016;04:56;9126;AV VIS RIO BRANCO;RD BR 116;;11000;;Colisão Lateral;Luz do Dia;Bom;Seca;Y;Não Há Controle;Comercial;0;0;4;1;0;0;0;0;0;1;0;0;-38,519417;-3,758673
294102;2;7;2016;07:54;1378;RUA OSVALDO CRUZ (ALDEOTA);RUA DES LEITE ALBUQUERQUE;;;;Colisão Transversal;Luz do Dia;Bom;Seca;Cruz;Pare;Residencial;0;1;3;1;0;0;0;0;0;0;0;0;-38,50064;-3,736598
294090;2;7;2016;07:06;9126;RD BR 116;AV VIS RIO BRANCO;;;;Colisão;Luz do Dia;;;T;Não Há Controle;Residencial;0;1;0;1;0;0;0;0;0;1;0;0;-38,519417;-3,758673
294127;2;7;2016;09:20;0;AV IMPERADOR;;;888;;Colisão;Luz do Dia;;;Meio de Quadra;;;0;1;0;1;0;0;0;0;0;1;0;0;-38,534995;-3,729028
294121;2;7;2016;09:01;0;AV GAL OSORIO DE PAIVA;;;4979;;Colisão;Luz do Dia;;;Meio de Quadra;;;0;1;0;1;0;0;0;0;0;1;0;0;-38,599262;-3,801836
294143;2;7;2016;09:28;9126;RD BR 116;AV VIS RIO BRANCO;;;;Colisão;Luz do Dia;;;T;Não Há Controle;Residencial;0;1;0;1;0;0;0;0;0;1;0;0;-38,519417;-3,758673
294148;2;7;2016;00:00;0;RUA JANDIRA;;;731;;Colisão;;;;Meio de Quadra;;;0;1;0;0;0;0;0;0;0;1;0;0;;
294150;2;7;2016;10:04;1378;RUA OSVALDO CRUZ (ALDEOTA);RUA DES LEITE ALBUQUERQUE;;;;Colisão;Luz do Dia;;;Cruz;Pare;Residencial;0;1;0;1;0;0;0;0;0;0;0;0;-38,50064;-3,736598
294178;2;7;2016;11:16;10300;AV SEN FERNANDES TAVORA;RUA JOSE MENDONCA;;;;Colisão;Luz do Dia;;;Cruz;Pare;Comercial;0;1;0;0;0;0;0;0;0;1;0;0;-38,601696;-3,754492
294164;2;7;2016;10:59;0;RUA JABUTICABA;;;1731;;Queda;Luz do Dia;;;Meio de Quadra;;;0;1;0;0;0;0;0;0;0;1;0;0;;
294199;2;7;2016;13:09;17438;RUA EDUARDO ANGELIM;RUA RAUL CABRAL;;;;Queda;Luz do Dia;;;Cruz;Pare;Residencial;0;1;0;0;0;0;0;0;0;1;0;0;-38,544465;-3,769018
294201;2;7;2016;13:14;0;RUA DNA LUCIA PINHEIRO (QUINTINO CUNHA);;;42;;Queda;Luz do Dia;;;Meio de Quadra;;;0;1;0;0;0;0;0;0;0;1;0;0;-38,597271;-3,732175
294187;2;7;2016;11:43;3190;RUA VITAL BRASIL;RUA ACACIAS D34;;;;Colisão;Luz do Dia;;;Cruz;Pare;Escola;0;1;0;0;0;0;0;0;0;0;0;0;-38,590085;-3,780251
294189;2;7;2016;11:44;0;AV WASHINGTON SOARES;;;;;Colisão;Luz do Dia;;;Meio de Quadra;;;0;1;0;1;0;0;0;0;0;1;0;0;;
294214;2;7;2016;13:30;26252;RUA PERGENTINO MAIA;RUA ANTONIO BARROS;;;;Colisão Lateral;Luz do Dia;Bom;Seca;Cruz;Pare;Comercial;0;1;4;1;1;0;0;0;0;1;0;0;;
294228;2;7;2016;13:33;0;RUA PDE PERDIGAO SAMPAIO;;;42;;Colisão;Luz do Dia;;;Meio de Quadra;;;0;1;0;0;0;0;0;0;0;0;0;0;;
294231;2;7;2016;13:47;0;RUA FLOR DE LIS;;;130;;Colisão;Luz do Dia;;;Meio de Quadra;;;0;1;0;1;0;0;0;0;0;1;0;0;;
294232;2;7;2016;15:06;0;AV MR HULL;;;5000;;Colisão;Luz do Dia;;;Meio de Quadra;;;0;2;0;1;0;0;0;0;0;1;0;0;-38,588748;-3,739224
294249;2;7;2016;15:11;0;RUA ILDEFONSO ALBANO;;;181;;Colisão;Luz do Dia;;;Meio de Quadra;;;0;1;0;1;0;0;0;0;0;1;0;0;;
294265;2;7;2016;16:03;0;AV JOSE SABOIA;;;905;;Colisão;Luz do Dia;;;Meio de Quadra;;;0;1;0;0;0;0;1;0;0;1;0;0;;
294266;2;7;2016;16:47;0;AV DEP PAULINO ROCHA;;;2180;;Colisão;Luz do Dia;;;Meio de Quadra;;;0;1;0;1;0;0;0;0;0;1;0;0;-38,516761;-3,810791
294277;2;7;2016;17:31;15100;RUA JOAO CORDEIRO;AV HIS RAIMUNDO GIRAO;;;;Colisão;Anoitecer;;;Cruz;Semáforo;Comercial;0;1;0;1;0;0;0;0;0;1;0;0;-38,51163;-3,720835
294262;2;7;2016;15:44;12501;AV JOSE BASTOS;RUA DIAMANTINA;;;;Colisão;Luz do Dia;;;T;Pare;Comercial;0;1;0;1;0;0;0;0;0;1;0;0;-38,567402;-3,764978
294268;2;7;2016;17:15;0;AV WASHINGTON SOARES;;;6920;;Colisão;Anoitecer;;;Meio de Quadra;;;0;1;0;1;0;0;0;0;0;0;0;0;-38,482947;-3,816937
294281;2;7;2016;17:50;0;AV PRS CASTELO BRANCO;;;400;;Colisão Transversal;Via Iluminada;Bom;Seca;Meio de Quadra;Não Há Controle;Comercial;0;1;3;1;0;0;0;0;0;0;0;0;-38,529136;-3,720706
294289;2;7;2016;18:59;0;RUA CON DE CASTRO;;;6041;;Colisão;;;;Meio de Quadra;;;0;1;0;0;0;0;0;0;0;1;0;0;-38,599437;-3,815477
294295;2;7;2016;19:29;0;AV BEIRA MAR;;;4620;;Colisão;;;;Meio de Quadra;;;0;1;0;1;0;0;0;0;0;1;0;0;-38,479663;-3,721899
294298;2;7;2016;20:04;0;RUA PORTO VELHO;;;235;;Colisão;;;;Meio de Quadra;;;0;2;0;0;0;0;0;0;0;0;0;0;-38,582946;-3,76815
294300;2;7;2016;20:15;0;RUA TEODORO DE CASTRO;;;800;;Queda;;;;Meio de Quadra;;;0;2;0;0;0;0;0;0;0;1;0;0;-38,598133;-3,781697
294301;2;7;2016;21:24;0;AV CONTORNO NORTE (SAO CRSITOVAO);;;315;;Colisão;;;;Meio de Quadra;;;0;1;0;1;0;0;0;0;0;1;0;0;-38,520025;-3,831788
294308;2;7;2016;21:44;0;RUA TULIPA NEGRA;;;1987;;Colisão;;;;Meio de Quadra;;;0;1;0;1;0;0;0;0;0;1;0;0;;
294309;2;7;2016;21:58;0;RUA SILVA ROMÉRIO;;;59;;Queda;;;;Meio de Quadra;;;0;1;0;0;0;0;0;0;0;1;0;0;;
294311;2;7;2016;23:51;24954;AV ALM HENRIQUE SABOIA;RUA DR JOSE LINO;;;;Capotamento;;;;Outros;Não Há Controle;Residencial;0;2;0;1;0;0;0;0;0;0;0;0;-38,481934;-3,730972
294312;2;7;2016;23:51;0;AV DIOGUINHO;;;;;Queda;;;;Meio de Quadra;;;0;1;0;0;0;0;0;0;0;1;0;0;;
294305;2;7;2016;21:32;0;AV 13 DE MAIO;;;1257;;Colisão;;;;Meio de Quadra;;;0;1;0;1;0;0;0;0;0;1;0;0;-38,530168;-3,748602
290681;2;7;2016;05:30;24956;AV ALM HENRIQUE SABOIA;AV ENG ALBERTO SA;;;;Colisão Lateral;Amanhecer;;;Cruz;Semáforo;Comercial;0;0;2;1;1;0;0;0;0;0;0;0;-38,48289;-3,732499
290688;2;7;2016;07:20;5402;RUA VINTE E QUATRO DE MAIO;RUA METON DE ALENCAR;;;;Colisão Lateral;Luz do Dia;;;Cruz;Pare;Comercial;0;1;1;1;0;0;0;0;0;1;0;0;-38,533848;-3,732626
290673;2;7;2016;06:30;5458;RUA BARBARA DE ALENCAR;RUA RODRIGUES JUNIOR;;;;Colisão Transversal;Luz do Dia;;;Cruz;Pare;Misto;0;0;2;1;0;0;0;0;0;0;0;0;-38,522156;-3,735343
290679;2;7;2016;08:00;20075;AV PRS JUSCELINO KUBITSCHEK (PASSARÉ);RUA PRO JOSE SILVEIRA;;;;Colisão;Luz do Dia;;;T;Pare;Residencial;0;0;2;1;1;0;0;0;0;0;0;0;-38,525745;-3,808288
291763;2;7;2016;02:55;21391;RUA MAL LOTT;RUA CHICO LEMOS;;;;Colisão Transversal;Mal Iluminada;Bom;Seca;Cruz;Pare;Residencial;1;0;1;1;0;0;0;0;0;1;0;0;-38,494904;-3,800779
291767;2;7;2016;08:30;0;AV ISABEL BEZERRA;;;464;;Atropelamento;Luz do Dia;;;Meio de Quadra;;;1;0;1;0;0;0;1;0;0;0;0;0;-38,48352;-3,781706
291770;3;7;2016;00:20;23710;AV GAL OSORIO DE PAIVA;RUA DOM HENRIQUE;;;;Colisão;;;;Duplo T;Não Há Controle;Comercial;1;1;1;1;0;0;0;0;0;1;0;0;-38,583025;-3,7861
294315;3;7;2016;00:36;2758;RUA OSCAR FRANCA;RUA MARIA JULIA;;;;Colisão;;;;Cruz;Pare;Residencial;0;2;0;0;0;0;0;0;0;1;0;0;-38,599725;-3,79189
294337;3;7;2016;01:30;0;RUA LINEU JUCA;;;150;;Colisão;;;;Meio de Quadra;;;0;2;0;0;0;0;0;0;0;0;0;0;-38,532787;-3,769052
294338;3;7;2016;02:11;0;AV LINEU MACHADO;;;1332;;Colisão;;;;Meio de Quadra;;;0;1;0;1;0;0;0;0;0;1;0;0;-38,57971;-3,771308
294358;3;7;2016;03:16;0;RUA ITAJAI;;;776;;Queda;;;;Meio de Quadra;;;0;1;0;0;0;0;0;0;0;1;0;0;;
294348;3;7;2016;02:22;0;AV GOV RAUL BARBOSA;;;305;;Queda;;;;Meio de Quadra;;;0;2;0;0;0;0;0;0;0;1;0;0;;
294350;3;7;2016;03:09;0;AV GAL OSORIO DE PAIVA;;;2955;;Colisão;;;;Meio de Quadra;;;0;1;0;0;0;0;0;0;0;0;0;0;-38,587085;-3,789314
294366;3;7;2016;03:53;0;RUA OZELIA PONTES;;;;;Colisão;;;;Meio de Quadra;;;0;1;0;0;0;0;0;0;0;0;0;0;;
294370;3;7;2016;03:58;0;RUA COS ARAUJO LIMA;;;;;Queda;;;;Meio de Quadra;;;0;1;0;0;0;0;0;0;0;1;0;0;;
294376;3;7;2016;05:16;0;RUA ARTUR DE CARVALHO;;;400;;Queda;Amanhecer;;;Meio de Quadra;;;0;1;0;0;0;0;0;0;0;1;0;0;;
294382;3;7;2016;06:35;0;RUA NAT FEIJO;;;712;;Colisão;Luz do Dia;;;Meio de Quadra;;;0;1;0;0;0;0;0;0;0;0;0;0;-38,555364;-3,721706
294508;3;7;2016;21:26;0;RUA PRO GOMES BRASIL;;;;;Colisão;;;;Meio de Quadra;;;0;1;0;1;0;0;0;0;0;1;0;0;;
294509;3;7;2016;21:31;0;RUA CON DE CASTRO;;;2648;;Atropelamento;;;;Meio de Quadra;;;0;1;0;1;0;0;0;0;0;0;0;0;-38,580437;-3,79258
294510;3;7;2016;21:43;0;RUA COM GARCIA;;;837;;Atropelamento;;;;Meio de Quadra;;;0;1;0;1;0;0;0;0;0;0;0;0;-38,581825;-3,791625
294511;3;7;2016;23:07;15299;RUA OSVALDO CRUZ (ALDEOTA);RUA CANUTO DE AGUIAR;;;;Colisão;;;;Cruz;Pare;Comercial;0;1;0;1;0;0;0;0;0;1;0;0;-38,498405;-3,729675
294479;3;7;2016;19:11;0;AV MR HULL;;;;;Atropelamento;;;;Meio de Quadra;;;0;1;0;0;0;0;0;0;0;1;0;0;;
294467;3;7;2016;16:06;2742;RUA MARIA JULIA;RUA OSCAR ARARIPE;;;;Colisão;Luz do Dia;;;Cruz;Semáforo;Comercial;0;2;0;1;0;0;0;0;0;1;0;0;-38,599484;-3,79113
294472;3;7;2016;18:20;0;AV GAL OSORIO DE PAIVA;;;1892;;Atropelamento;Anoitecer;;;Meio de Quadra;;;0;1;0;0;0;0;0;0;0;1;0;0;-38,579167;-3,783629
294483;3;7;2016;19:14;0;AV PRS COSTA E SILVA;;;801;;Queda;;;;Meio de Quadra;;;0;1;0;0;0;0;0;0;0;1;0;0;-38,572563;-3,812535
294484;3;7;2016;19:26;0;RUA JOSIAS PAULA DE SOUZA;;;410;;Colisão;;;;Meio de Quadra;;;0;2;0;1;0;0;0;0;0;1;0;0;;
294485;3;7;2016;19:52;0;AV MR HULL;;;;;Queda;;;;Meio de Quadra;;;0;1;0;0;0;0;0;0;0;1;0;0;;
294486;3;7;2016;20:22;0;AV CEL CARVALHO;;;2036;;Colisão;;;;Meio de Quadra;;;0;2;0;1;0;0;0;0;0;1;0;0;;
294487;3;7;2016;20:34;0;RUA LAURO NOGUEIRA;;;445;;Colisão;;;;Meio de Quadra;;;0;1;0;0;0;0;0;0;0;1;0;0;;
294488;3;7;2016;20:49;0;AV DOM LUIS;;;;;Colisão;;;;Meio de Quadra;;;0;1;0;1;0;0;0;0;0;0;0;0;;
294490;3;7;2016;20:50;0;RUA CON DE CASTRO;;;7105;;Colisão;;;;Meio de Quadra;;;0;1;0;0;0;0;0;0;0;0;0;0;-38,600699;-3,817192
294502;3;7;2016;20:54;0;RUA JULIO ABREU;;;175;;Atropelamento;;;;Meio de Quadra;;;0;1;0;1;0;0;0;0;0;0;0;0;-38,487088;-3,735888
294435;3;7;2016;13:11;0;AV BEZERRA DE MENEZES;;;;;Colisão;Luz do Dia;;;Meio de Quadra;;;0;1;0;1;0;1;0;0;0;0;0;0;;
294425;3;7;2016;11:45;0;RUA PDE AMBROSIO MACHADO;;;2227;;Queda;Luz do Dia;;;Meio de Quadra;;;0;1;0;0;0;1;0;0;0;0;0;0;;
294445;3;7;2016;14:08;0;AV CASTELO DE CASTRO;;;1636;;Atropelamento;Luz do Dia;;;Meio de Quadra;;;0;1;0;1;0;1;0;0;0;0;0;0;;
294446;3;7;2016;14:39;12384;RUA RIO GRANDE DO SUL;RUA PLUTAO;;;;Atropelamento;Luz do Dia;;;Cruz;Pare;Comercial;0;1;0;1;0;0;0;0;0;0;0;0;;
294450;3;7;2016;15:11;0;RUA VERBENA;;;382;;Choque c/ Obstáculo Fixo;Luz do Dia;;;Meio de Quadra;;;0;1;0;1;0;0;0;0;0;0;0;0;-38,588322;-3,779491
294448;3;7;2016;15:08;0;AV COSTA OESTE;;;969;;Colisão;Luz do Dia;;;Meio de Quadra;;;0;1;0;1;0;0;0;0;0;1;0;0;;
294397;3;7;2016;11:03;0;RD BR 116;;;3000;KM-03;Colisão;Luz do Dia;;;Meio de Quadra;;;0;1;0;1;0;0;0;0;0;1;0;0;-38,514372;-3,779838
294398;3;7;2016;11:19;0;RUA ANDRADE FURTADO;;;333;;Queda;Luz do Dia;;;Meio de Quadra;;;0;1;0;0;0;1;0;0;0;0;0;0;-38,485228;-3,744002
294393;3;7;2016;10:51;0;RUA PERNAMBUCO;;;171;;Queda;Luz do Dia;;;Meio de Quadra;;;0;1;0;0;0;0;0;0;0;1;0;0;;
301145;3;7;2016;07:09;5385;RUA GAL SAMPAIO;RUA GAL CLARINDO DE QUEIROZ;;0;;Colisão Transversal;Luz do Dia;Bom;Seca;Cruz;Semáforo;Comercial;0;0;1;1;0;0;0;0;0;0;0;0;-38,532308;-3,732028
301146;3;7;2016;07:40;7825;AV PONTES VIEIRA;RUA NUNES VALENTE;;0;;Colisão Traseira;Luz do Dia;Bom;Seca;Cruz;Pare;Comercial;0;0;1;1;0;0;0;0;0;0;0;0;-38,508858;-3,752172
301147;3;7;2016;09:52;0;AV AGUANAMBI;;;0;;Colisão Traseira;Luz do Dia;Bom;Seca;Rotatória;Semáforo;Comercial;0;0;2;1;0;0;0;0;0;0;0;0;;
301148;3;7;2016;15:53;26252;RUA PERGENTINO MAIA;RUA ANTONIO BARROS;;0;;Colisão Transversal;Luz do Dia;Bom;Seca;Cruz;Pare;Comercial;0;1;1;1;0;0;0;0;0;0;0;0;;
301149;3;7;2016;16:17;0;AV CARAPINIMA;;;1750;;Colisão Lateral;Luz do Dia;Bom;Seca;Meio de Quadra;Não Há Controle;Residencial;0;1;1;1;0;1;0;0;0;0;0;0;-38,537285;-3,737138
301150;3;7;2016;19:05;0;AV DR THEBERGE;;;2150;;Colisão Lateral;Anoitecer;Bom;Seca;Não Informado;Semáforo;Residencial;0;0;2;1;0;0;0;0;0;0;0;0;-38,566474;-3,719272
301151;3;7;2016;21:27;0;AV DEP PAULINO ROCHA;;;281;DNER;Atropelamento;Via Iluminada;Bom;Seca;Meio de Quadra;Pare;Residencial;0;1;1;0;0;0;0;0;0;1;0;0;-38,507998;-3,804574
286461;3;7;2016;10:55;23791;RUA RAIMUNDO NERY;RUA COSTA FREIRE;;;;Colisão Lateral;Luz do Dia;;;Cruz;Pare;Residencial;0;1;0;0;0;0;0;0;0;1;0;0;-38,586423;-3,794144
286468;3;7;2016;17:56;22102;RUA JOSE FACANHA;RUA MON FURTADO;;;;Colisão Lateral;Anoitecer;;;Cruz;Pare;Residencial;0;0;2;1;0;0;0;0;0;0;0;0;-38,55559;-3,753672
286470;3;7;2016;18:20;5051;RUA SEN JAGUARIBE;RUA SEN POMPEU;;;;Colisão Transversal;Anoitecer;;;Cruz;Pare;Comercial;0;0;2;1;0;0;0;0;0;0;0;0;-38,528055;-3,721667
286456;3;7;2016;08:17;0;RUA PDE ANCHIETA;;;554;;Colisão Lateral;Luz do Dia;;;Meio de Quadra;;;0;1;1;1;0;0;0;0;0;1;0;0;-38,551105;-3,724771
286454;3;7;2016;16:00;0;AV CARAPINIMA;;;1750;;Colisão Lateral;Luz do Dia;;;Meio de Quadra;;;0;1;1;1;0;1;0;0;0;0;0;0;-38,537285;-3,737138
286489;3;7;2016;07:50;3803;AV CARAPINIMA;RUA DOM JERONIMO D06;;;;Engavetamento;Luz do Dia;;;Outros;Pare;Comercial;0;0;4;1;0;0;0;0;0;0;0;0;-38,541784;-3,741551
286485;3;7;2016;15:00;0;RUA GOV JOAO CARLOS;;;960;;Acidente Pessoal;Luz do Dia;;;Meio de Quadra;;;0;1;1;1;0;0;0;0;0;1;0;0;-38,553879;-3,783873
286482;3;7;2016;19:30;25072;AV DOS EXPEDICIONARIOS;RUA VICENTE SPINDOLA;;;;Colisão Transversal;;;;Cruz;Pare;Residencial;0;2;1;1;0;0;0;0;0;1;0;0;-38,542084;-3,767922
286479;3;7;2016;17:40;7645;RUA ESTADO DO RIO;RUA PERNAMBUCO;;;;Colisão Transversal;Anoitecer;;;Cruz;Pare;Misto;0;0;2;1;1;0;0;0;0;0;0;0;-38,570848;-3,758439
286498;3;7;2016;11:00;0;AV DEP PAULINO ROCHA;;;;;Colisão Traseira;Luz do Dia;;;Meio de Quadra;;;0;1;1;1;0;0;0;0;0;1;0;0;;
289291;3;7;2016;03:00;0;RD CE-040;;;;KM-08;Choque c/ Obstáculo Fixo;;Bom;Seca;Meio de Quadra;;;0;0;1;1;0;0;0;0;0;0;0;0;-38,483033;-3,817159
289294;3;7;2016;;0;RD CE-040;;;;KM-05;Engavetamento;;Bom;Seca;Meio de Quadra;;;0;0;3;1;0;0;0;0;0;0;0;0;-38,480331;-3,791613
289299;4;7;2016;11:45;0;RD CE-040;;;;KM-04;Colisão;Luz do Dia;Bom;Seca;Meio de Quadra;;;0;0;2;0;1;0;0;0;0;0;0;0;-38,481084;-3,782614
289300;4;7;2016;17:18;0;RD CE-040;;;;KM-11;Colisão;Anoitecer;Bom;Seca;Meio de Quadra;;;0;0;2;1;0;0;0;0;0;0;0;0;-38,480883;-3,842577
303273;4;7;2016;15:20;7576;AV DR SILAS MUNGUBA;RUA XII UI 611;;0;;Colisão Traseira;Luz do Dia;Bom;Seca;T;Pare;Comercial;0;1;1;1;0;0;0;0;0;1;0;0;-38,533448;-3,794723
286528;4;7;2016;19:00;0;RUA CON DE CASTRO;;;5516;;Colisão Transversal;;;;Meio de Quadra;;;0;1;1;1;0;0;0;0;1;0;0;0;-38,597233;-3,811584
286529;4;7;2016;12:20;0;AV ODILON GUIMARAES;;;;;Colisão Lateral;Luz do Dia;;;Meio de Quadra;;;0;0;2;0;0;0;1;0;0;0;0;0;;
286519;4;7;2016;15:05;15165;AV ABOLICAO;AV HIS RAIMUNDO GIRAO;;;;Colisão Lateral;Luz do Dia;;;Cruz;Semáforo;Misto;0;0;2;1;0;0;0;0;0;0;0;0;-38,502412;-3,725111
286516;4;7;2016;03:30;0;AV GOV RAUL BARBOSA;;;1330;;Colisão Frontal;;;;Meio de Quadra;;;0;0;2;1;0;0;0;0;0;0;0;0;;
286513;4;7;2016;00:30;6405;AV A CJ CEARA;RUA 105 CJ CEARA;;;;Queda;;;;Outros;Outros;Residencial;0;1;0;0;0;0;0;0;0;1;0;0;-38,60511;-3,77218
286568;4;7;2016;14:30;21599;RUA RAIMUNDO NERY;RUA DOM XISTO ALBANO;;;;Colisão Transversal;Luz do Dia;;;;Outros;Residencial;0;0;2;1;0;0;0;0;0;0;0;0;-38,585309;-3,796768
286571;4;7;2016;00:30;0;AV E CJ CEARA;;;373;;Acidente Pessoal;;;;Meio de Quadra;;;0;1;1;1;0;0;0;0;0;1;0;0;-38,607186;-3,758825
286582;4;7;2016;13:30;22053;RUA CAP FRANCISCO PEDRO;RUA MINERVINO DE CASTRO;;;;Colisão Frontal;Luz do Dia;;;Cruz;Pare;Residencial;0;0;2;0;1;0;0;0;0;0;0;0;-38,544763;-3,742611
286577;4;7;2016;;26083;AV JOSE JATAHY;AV BEZERRA DE MENEZES;;;;Colisão Lateral;;;;Cruz;Pare;Comercial;0;0;2;1;0;0;0;0;0;0;0;0;;
286587;4;7;2016;07:40;0;RUA PDE PERDIGAO SAMPAIO;;;445;;Atropelamento;Luz do Dia;;;Meio de Quadra;;;0;2;0;0;0;0;0;0;0;1;0;0;-38,595285;-3,735922
286596;4;7;2016;07:50;19313;RUA GERMANO FRANCK;RUA CON LIMA SUCUPIRA;;;;Colisão Transversal;Luz do Dia;;;T;Pare;Comercial;0;2;0;1;0;0;0;0;0;1;0;0;-38,559584;-3,775196
286599;4;7;2016;09:50;19949;RUA ALBERTO MONTEZUMA;RUA FRANCISCO LORDA;;;;Colisão Transversal;Luz do Dia;;;Cruz;Pare;Comercial;0;0;2;1;1;0;0;0;0;0;0;0;-38,531928;-3,7619
286600;4;7;2016;07:00;0;AV DOM MANUEL;;;1803;;Colisão Lateral;Luz do Dia;;;Meio de Quadra;;;0;2;1;1;0;0;0;0;0;1;0;0;-38,523936;-3,736797