COD_ACIDENTE;DIA;MES;ANO;HORA;INTERSECAO;LOG1;LOG2;LOG3;NUMERO;REFERENCIA;NATUREZA;ILUMINACAO;TEMPO;SUPERFICIEPISTA;TIPOCRUZAMENTO;CONTROLETRAFEGO;USOSOLO;MORTOS;FERIDOS;ILESOS;AUTOMOVEL;ONIBUS;BICICLETA;CAMINHAO;MICROONIBUS;CICLOMOTOR;MOTOCICLETA;TRACAOANIMAL;TREM;LONG;LAT
286667;4;7;2016;09:40;0;AV JOSE BASTOS;;;;;Colisão Traseira;Luz do Dia;;;Meio de Quadra;;;0;1;1;1;0;0;0;0;0;1;0;0;;
286671;4;7;2016;09:20;17617;RUA CEARA;RUA ACRE;;;;Colisão Transversal;Luz do Dia;;;T;Pare;Residencial;0;2;0;0;0;0;0;0;0;1;0;0;-38,564785;-3,759573
286663;4;7;2016;03:00;0;AV DR SILAS MUNGUBA;;;5454;;Choque c/ Obstáculo Fixo;;;;Meio de Quadra;;;0;0;1;1;0;0;0;0;0;0;0;0;;
286664;4;7;2016;07:30;19561;AV GODOFREDO MACIEL;RUA ANTONIO BANDEIRA D41;;;;Atropelamento;Luz do Dia;;;T;Semáforo;Comercial;1;0;1;0;1;0;0;0;0;0;0;0;-38,565838;-3,783278
286673;4;7;2016;09:20;0;AV JOSE BASTOS;;;;;Engavetamento;Luz do Dia;;;Meio de Quadra;;;0;0;3;1;0;0;0;0;0;0;0;0;;
301152;4;7;2016;06:50;18404;AV GOV PARSIFAL BARROSO;AV SGT HERMINIO SAMPAIO;;0;;Colisão Traseira;Luz do Dia;Bom;Seca;Cruz;Semáforo;Comercial;0;0;2;1;0;0;0;0;0;0;0;0;-38,569276;-3,727916
301153;4;7;2016;08:55;0;RUA GUILHERME MOREIRA;;;480;;Colisão Lateral;Luz do Dia;Bom;Seca;Meio de Quadra;Não Há Controle;Residencial;0;0;1;1;0;0;0;0;0;0;0;0;-38,525404;-3,750054
301154;4;7;2016;14:42;0;AV BEIRA MAR;;;2655;;Colisão Traseira;Luz do Dia;Bom;Seca;Meio de Quadra;Não Há Controle;Comercial;0;0;2;1;0;0;0;0;0;0;0;0;;
301155;4;7;2016;17:21;0;AV EDUARDO GIRAO;;;0;;Colisão Traseira;Luz do Dia;Não Informado;Seca;Meio de Quadra;Não Há Controle;Comercial;0;0;2;1;0;0;0;0;0;0;0;0;;
301156;4;7;2016;17:41;0;AV AGUANAMBI;;;358;;Colisão Lateral;Anoitecer;Bom;Seca;Meio de Quadra;Gesto;Comercial;0;0;2;1;1;0;0;0;0;0;0;0;-38,524974;-3,740213
301157;4;7;2016;21:27;15226;AV ABOLICAO;AV ANTONIO JUSTA;;0;;Colisão Lateral;Via Iluminada;Bom;Seca;Y;Semáforo;Comercial;0;0;2;1;0;0;0;0;0;0;0;0;-38,495474;-3,727331
301158;4;7;2016;21:15;23433;RUA MON SALAZAR;RUA PRO CARVALHO;;0;;Colisão Transversal;Via Iluminada;Bom;Seca;Cruz;Pare;Comercial;0;0;2;1;0;0;0;0;0;0;0;0;-38,514308;-3,756146
301159;4;7;2016;20:30;15181;AV RUI BARBOSA;RUA TOMAS POMPEU;;0;;Colisão Lateral;Mal Iluminada;Bom;Seca;Cruz;Pare;Residencial;0;0;2;1;0;0;0;0;0;0;0;0;-38,50616;-3,725871
301165;4;7;2016;18:43;0;AV PRS COSTA E SILVA;;;0;;Colisão Lateral;Mal Iluminada;Bom;Seca;Meio de Quadra;Não Há Controle;Residencial;0;1;1;1;0;0;0;0;0;1;0;0;;
301166;4;7;2016;19:59;24215;AV ENG SANTANA JUNIOR;RUA FAUSTO CABRAL;;0;;Colisão Transversal;Via Iluminada;Bom;Seca;Cruz;Pare;Residencial;0;0;2;1;0;0;0;0;0;0;0;0;-38,48015;-3,732588
294512;4;7;2016;03:39;0;RUA OUTONO;;;3;;Queda;;;;Meio de Quadra;;;0;1;0;0;0;0;0;0;0;1;0;0;;
294514;4;7;2016;04:09;0;RUA FRANCISCA CLOTILDE;;;1500;;Colisão;;;;Meio de Quadra;;;0;1;0;1;0;0;0;0;0;1;0;0;-38,558806;-3,749286
294516;4;7;2016;06:35;0;AV AUGUSTO DOS ANJOS;;;4891;;Colisão;Luz do Dia;;;Meio de Quadra;;;0;1;0;0;0;0;0;0;0;0;0;0;;
294521;4;7;2016;06:49;0;RUA GERARDO FREITAS;AV ENG LUIS VIEIRA;;;;Colisão Traseira;Luz do Dia;Bom;Seca;T;Não Há Controle;Residencial;0;2;5;0;0;0;0;0;0;1;0;0;-38,465676;-3,732264
294540;4;7;2016;07:05;0;AV GAL OSORIO DE PAIVA;;;243;;Colisão;Luz do Dia;;;Meio de Quadra;;;0;1;0;0;0;0;0;0;0;0;0;0;-38,56539;-3,774696
294541;4;7;2016;07:16;0;RUA BERNARDO MANUEL;;;7998;;Atropelamento;Luz do Dia;;;Meio de Quadra;;;0;1;0;0;0;0;0;0;0;1;0;0;-38,548555;-3,78932
294635;4;7;2016;19:37;9020;RUA JAIME BENEVOLO;RUA SALDANHA MARINHO;;;;Colisão;;;;Cruz;Semáforo;Residencial;0;1;0;1;0;0;0;0;0;0;0;0;-38,528994;-3,743046
294649;4;7;2016;21:02;0;AV SGT HERMINIO SAMPAIO;;;2744;;Colisão;;;;Meio de Quadra;;;0;1;0;1;0;0;0;0;0;1;0;0;-38,564999;-3,727167
294653;4;7;2016;21:47;0;RUA BEIJA FLOR;;;61;;Queda;;;;Meio de Quadra;;;0;1;0;0;0;0;0;0;0;1;0;0;-38,506909;-3,785046
294659;4;7;2016;23:31;2412;AV FRANCISCO SA;RUA IRAPUA;;;;Colisão;;;;Cruz;Pare;Residencial;0;1;0;0;0;0;0;0;0;0;0;0;-38,586099;-3,706356
294660;4;7;2016;23:59;0;RUA ESTEVAO T DE MIRANDA;;;102;;Queda;;;;Meio de Quadra;;;0;1;0;0;0;1;0;0;0;0;0;0;;
294655;4;7;2016;22:37;0;AV PERIMETRAL;;;2241;;Colisão;;;;Meio de Quadra;;;0;1;0;1;0;0;0;0;0;0;0;0;;
294633;4;7;2016;19:15;0;RUA NOSSA SRA DAS GRACAS;;;830;;Colisão;;;;Meio de Quadra;;;0;1;0;1;0;0;0;0;0;1;0;0;-38,555812;-3,709538
294637;4;7;2016;19:51;0;AV PRS CASTELO BRANCO;;;6402;;Colisão;;;;Meio de Quadra;;;0;2;0;1;0;0;0;0;0;1;0;0;-38,588063;-3,699866
294615;4;7;2016;18:19;0;AV PERIMETRAL;;;4007;;Colisão;Anoitecer;;;Meio de Quadra;;;0;1;0;1;0;0;0;0;0;1;0;0;;
294617;4;7;2016;18:44;0;RUA CON DE CASTRO;;;5516;;Colisão;;;;Meio de Quadra;;;0;2;0;1;0;0;0;0;0;1;0;0;-38,597233;-3,811584
294623;4;7;2016;18:46;0;AV PERIMETRAL;;;;;Colisão;;;;Meio de Quadra;;;0;1;0;1;0;0;0;0;0;1;0;0;;
294624;4;7;2016;18:56;0;AV SANTOS DUMONT;;;5440;;Atropelamento;;;;Meio de Quadra;;;0;1;0;0;0;0;0;0;0;1;0;0;-38,48437;-3,740748
294611;4;7;2016;17:55;0;RUA PDE RODOLFO;;;820;;Colisão;Anoitecer;;;Meio de Quadra;;;0;1;0;1;0;0;0;0;0;1;0;0;-38,586822;-3,804304
294606;4;7;2016;17:42;0;AV GAL OSORIO DE PAIVA;;;4417;;Atropelamento;Anoitecer;;;Meio de Quadra;;;0;1;0;0;0;0;0;0;0;1;0;0;-38,594808;-3,797237
294601;4;7;2016;17:36;0;RUA FRANCISCO CALACA;;;90;;Colisão;Anoitecer;;;Meio de Quadra;;;0;1;0;0;0;1;0;0;0;1;0;0;;
294593;4;7;2016;17:16;0;RUA DR CARLOS R PAMPLONA;;;100;;Colisão;Anoitecer;;;Meio de Quadra;;;0;2;0;1;0;0;0;0;0;1;0;0;;
294589;4;7;2016;16:59;0;RUA JOAQUIM TORRES;;;265;;Atropelamento;Luz do Dia;;;Meio de Quadra;;;0;1;0;1;0;0;0;0;0;0;0;0;;
294578;4;7;2016;15:16;12495;AV CARNEIRO DE MENDONCA;RUA ERNESTO PEDRO SANTOS;;1848;;Colisão Transversal;Luz do Dia;Bom;Seca;Cruz;Pare;Comercial;0;0;4;1;0;0;0;0;0;1;0;0;-38,574887;-3,760006
294568;4;7;2016;13:52;0;RUA SABIAGUABA;;;1691;;Atropelamento;Luz do Dia;;;Meio de Quadra;;;0;1;0;1;0;0;0;0;0;0;0;0;;
294562;4;7;2016;11:42;0;AV GAL OSORIO DE PAIVA;;;8008;;Queda;Luz do Dia;;;Meio de Quadra;;;0;1;0;0;0;0;0;0;0;1;0;0;-38,618115;-3,821271
294563;4;7;2016;11:00;12847;RUA MAJ FACUNDO;RUA SALDANHA MARINHO;;2172;;Colisão Transversal;Luz do Dia;Bom;Seca;Cruz;Pare;Residencial;0;0;4;1;0;0;0;0;0;0;0;0;-38,532454;-3,741916
294564;4;7;2016;12:12;0;RUA CEL MOZART GONDIM;;;1380;;Colisão;Luz do Dia;;;Meio de Quadra;;;0;1;0;1;0;0;0;0;0;1;0;0;-38,559797;-3,731404
294565;4;7;2016;12:49;0;RUA JOSE BORBA VASCONCELOS;;;333;;Colisão;Luz do Dia;;;Meio de Quadra;;;0;1;0;0;0;0;0;0;0;1;0;0;-38,471528;-3,744974
294566;4;7;2016;13:08;0;RUA DOM XISTO ALBANO;;;2168;;Colisão;Luz do Dia;;;Meio de Quadra;;;0;2;0;1;0;0;0;0;0;0;0;1;-38,588825;-3,800506
294546;4;7;2016;07:27;0;RUA LEBOM MAIA;;;503;;Colisão;Luz do Dia;;;Meio de Quadra;;;0;1;0;0;0;0;0;0;0;1;0;0;-38,57935;-3,78565
294558;4;7;2016;10:48;348;RUA PRO LINO ENCARNACAO;RUA CESAR FONTENELE;;;;Colisão;Luz do Dia;;;Cruz;Pare;Residencial;0;1;0;1;0;0;0;0;0;1;0;0;-38,559596;-3,746359
294559;4;7;2016;11:24;0;RUA DNA LUCIA PINHEIRO (QUINTINO CUNHA);;;46;;Colisão;Luz do Dia;;;Meio de Quadra;;;0;1;0;1;0;0;0;0;0;1;0;0;-38,597404;-3,732137
294554;4;7;2016;07:33;0;AV HILDEBRANDO DE MELO;;;1408;;Colisão Traseira;Luz do Dia;Bom;Seca;Meio de Quadra;Não Há Controle;Residencial;0;0;2;1;0;0;0;0;0;0;0;0;;
294679;5;7;2016;06:56;0;AV DUQ CAXIAS;;;;;Colisão;Luz do Dia;;;Meio de Quadra;;;0;1;0;1;0;0;0;0;0;1;0;0;;
294680;5;7;2016;07:09;0;AV BEIRA MAR;;;934;;Colisão;Luz do Dia;;;Meio de Quadra;;;0;1;0;1;0;0;0;0;0;1;0;0;-38,511329;-3,720272
294682;5;7;2016;07:17;0;AV JOSE BASTOS;;;;;Colisão;Luz do Dia;;;Meio de Quadra;;;0;1;0;0;0;0;0;0;0;1;0;0;;
294683;5;7;2016;07:40;8014;RUA MACHADO DE ASSIS;RUA PRO COSTA MENDES;;683;;Colisão Transversal;Luz do Dia;Bom;Seca;Cruz;Semáforo;Residencial;0;1;3;1;0;0;0;0;0;1;0;0;-38,550288;-3,751652
294684;5;7;2016;07:56;0;RUA CASTRO ALVES;;;391;;Colisão;Luz do Dia;;;Meio de Quadra;;;0;1;0;1;0;0;0;0;0;0;0;0;;
294670;5;7;2016;06:40;0;AV MR HULL;;;4485;;Queda;Luz do Dia;;;Meio de Quadra;;;0;2;0;0;0;0;0;0;0;1;0;0;-38,585148;-3,738711
294671;5;7;2016;06:52;0;RUA PERNAMBUCO;;;1911;;Colisão;Luz do Dia;;;Meio de Quadra;;;0;1;0;1;0;0;0;0;0;1;0;0;-38,574555;-3,755194
294661;5;7;2016;04:50;0;AV GODOFREDO MACIEL;;;;;Queda;;;;Meio de Quadra;;;0;2;0;0;0;0;0;0;0;1;0;0;;
294662;5;7;2016;05:17;0;AV DOLOR BARREIRA;;;400;;Colisão;Amanhecer;;;Meio de Quadra;;;0;1;0;0;0;0;0;0;0;1;0;0;-38,47309;-3,728269
294665;5;7;2016;06:14;0;AV GODOFREDO MACIEL;;;4374;;Queda;Luz do Dia;;;Meio de Quadra;;;0;1;0;0;0;0;0;0;0;1;0;0;-38,575157;-3,813089
294726;5;7;2016;12:35;0;RUA SANTIAGO;;;724;;Colisão;Luz do Dia;;;Meio de Quadra;;;0;1;0;0;0;0;0;0;0;0;0;0;-38,548504;-3,784829
294730;5;7;2016;13:11;0;AV CEL CARVALHO;;;963;;Colisão;Luz do Dia;;;Meio de Quadra;;;0;1;0;1;0;0;0;0;0;1;0;0;-38,589586;-3,710895
294711;5;7;2016;12:28;0;RUA CEL MATOS DOURADO;;;;;Queda;Luz do Dia;;;Meio de Quadra;;;0;2;0;0;0;0;0;0;0;1;0;0;;
294686;5;7;2016;08:08;26262;AV CASTANHOLEIRAS;RUA ANDRADE FURTADO;;;;Colisão Transversal;Luz do Dia;Bom;Seca;Cruz;Pare;Residencial;0;2;3;1;0;0;0;0;0;1;0;0;-38,467499;-3,749688
294687;5;7;2016;08:21;0;RUA SEN POMPEU;;;;;Queda;Luz do Dia;;;Meio de Quadra;;;0;1;0;0;0;0;0;0;0;1;0;0;;
294688;5;7;2016;09:45;0;AV FRANCISCO SA;;;366;;Queda;Luz do Dia;;;Meio de Quadra;;;0;1;0;0;0;1;0;0;0;0;0;0;;
294692;5;7;2016;10:52;0;RUA DR WANDA SIDOU;;;;;Colisão;Luz do Dia;;;Meio de Quadra;;;0;2;0;1;0;0;0;0;0;1;0;0;;
294693;5;7;2016;11:52;0;AV LINEU MACHADO;;;;;Colisão;Luz do Dia;;;Meio de Quadra;;;0;1;0;1;0;0;0;0;0;1;0;0;;
294696;5;7;2016;11:55;12395;AV LINEU MACHADO;RUA CUIABA;;;;Colisão;Luz do Dia;;;Cruz;Pare;Comercial;0;1;0;0;0;0;0;0;0;1;0;0;-38,57862;-3,769181
294842;5;7;2016;19:59;0;RUA DOIS;;;41;;Atropelamento;;;;Meio de Quadra;;;0;1;0;0;0;0;0;0;0;0;0;0;;
294845;5;7;2016;20:14;0;RUA JOAO TINOCO;;;80;;Colisão;;;;Meio de Quadra;;;0;1;0;1;0;0;0;0;0;1;0;0;-38,587895;-3,727953
294848;5;7;2016;21:44;0;AV PERIMETRAL;;;;;Atropelamento;;;;Meio de Quadra;;;0;1;0;1;0;0;0;0;0;0;0;0;;
294850;5;7;2016;22:09;0;RUA FRANCISCO GLICERIO;;;339;;Colisão;;;;Meio de Quadra;;;0;1;0;1;0;0;0;0;0;1;0;0;-38,564745;-3,79751
294837;5;7;2016;19:53;0;AV SANTOS DUMONT;;;6915;;Colisão;;;;Meio de Quadra;;;0;1;0;1;0;0;0;0;0;1;0;0;-38,471354;-3,744943
294830;5;7;2016;18:48;0;RUA CARNAUBAL;;;475;;Queda;;;;Meio de Quadra;;;0;1;0;0;0;0;0;0;0;1;0;0;;
294832;5;7;2016;19:43;0;AV DR SILAS MUNGUBA;;;3859;;Colisão;;;;Meio de Quadra;;;0;1;0;0;0;0;0;0;0;1;0;0;-38,539368;-3,790708
294819;5;7;2016;18:34;12557;RUA CARLOS WALRAVEN;RUA GEORGE CAVALCANTE;;;;Queda;;;;Cruz;Pare;Residencial;0;1;0;0;0;0;0;0;0;1;0;0;-38,59174;-3,719866
294820;5;7;2016;18:38;0;RUA BERNARDO MANUEL;;;;;Colisão;;;;Meio de Quadra;;;0;1;0;1;0;0;0;0;0;1;0;0;;
294803;5;7;2016;17:51;0;RUA URUCUTUBA;;;22;;Colisão;Anoitecer;;;Meio de Quadra;;;0;1;0;1;0;0;0;0;0;1;0;0;-38,596341;-3,798556
294806;5;7;2016;18:01;0;RUA GAL CLARINDO DE QUEIROZ;;;848;;Colisão Lateral;Luz do Dia;Bom;Seca;Meio de Quadra;Não Há Controle;Comercial;0;1;4;1;0;0;0;0;0;0;0;0;-38,532012;-3,732125
294800;5;7;2016;17:37;0;AV GAL OSORIO DE PAIVA;;;;;Colisão;Anoitecer;;;Meio de Quadra;;;0;2;0;0;0;0;0;0;0;1;0;0;;
294768;5;7;2016;16:25;0;AV GODOFREDO MACIEL;;;5538;;Colisão;Luz do Dia;;;Meio de Quadra;;;0;1;0;1;0;0;0;0;0;1;0;0;;
294754;5;7;2016;14:39;0;RUA DR ALFREDO WEYNE D14;;;797;;Colisão;Luz do Dia;;;Meio de Quadra;;;0;1;0;1;0;0;0;0;0;1;0;0;;
294773;5;7;2016;16:26;0;AV PRS CASTELO BRANCO;;;3100;;Colisão;Luz do Dia;;;Meio de Quadra;;;0;1;0;1;0;1;0;0;0;0;0;0;-38,557253;-3,711624
294778;5;7;2016;16:31;0;AV CEL CARVALHO;;;;;Colisão;Luz do Dia;;;Meio de Quadra;;;0;1;0;0;0;0;0;0;0;0;0;0;;
294747;5;7;2016;14:37;19787;RUA PDE GUERRA;RUA DOM LINO;;;;Colisão;Luz do Dia;;;Cruz;Pare;Residencial;0;1;0;1;0;1;0;0;0;0;0;0;-38,556643;-3,738718
294761;5;7;2016;15:30;0;RUA 5 CJ JOSE WALTER;;;;;Colisão;Luz do Dia;;;Meio de Quadra;;;0;1;0;1;0;0;0;0;0;1;0;0;;
294762;5;7;2016;15:30;0;RUA PDE BARBOSA DE JESUS;;;123;;Colisão;Luz do Dia;;;Meio de Quadra;;;0;1;0;0;0;0;0;0;0;1;0;0;;
294763;5;7;2016;16:13;348;RUA PRO LINO ENCARNACAO;RUA CESAR FONTENELE;;289;;Colisão Transversal;Luz do Dia;Bom;Seca;Cruz;Pare;Comercial;0;2;2;1;0;0;0;0;0;1;0;0;-38,559596;-3,746359
301167;5;7;2016;18:30;0;AV SGT HERMINIO SAMPAIO;RUA QUADRA B CJ C BRANCO;;0;;Colisão Transversal;Via Iluminada;Bom;Não informada;Não Informado;Semáforo;Comercial;0;1;1;0;0;0;0;0;0;1;0;0;;
301160;5;7;2016;07:15;5283;AV DOM MANUEL;AV SANTOS DUMONT;;0;;Colisão Transversal;Luz do Dia;Bom;Seca;Cruz;Semáforo;Comercial;0;0;2;1;0;0;0;0;0;0;0;0;-38,52125;-3,728774
301161;5;7;2016;15:00;15292;AV ANTONIO JUSTA;RUA FRE MANSUETO;;0;;Colisão Frontal;Luz do Dia;Bom;Seca;Cruz;Pare;Comercial;0;0;2;1;0;0;0;0;0;0;0;0;-38,48895;-3,729381
301162;5;7;2016;15:14;5334;RUA DNA LEOPOLDINA;RUA FRANKLIN TAVORA;;0;;Colisão Transversal;Luz do Dia;Bom;Seca;Cruz;Pare;Residencial;0;1;1;0;0;0;0;0;0;0;0;0;-38,519361;-3,730619
301163;5;7;2016;15:35;7684;RUA PARAIBA;RUA RODRIGUES ANDRADE;;0;;Colisão Transversal;Luz do Dia;Bom;Seca;Cruz;Pare;Residencial;0;0;2;1;0;0;0;0;0;0;0;0;-38,563299;-3,762424
301164;5;7;2016;16:23;1578;RUA OSVALDO CRUZ (ALDEOTA);RUA GAL TERTULIANO POTYGUARA;;0;;Colisão Transversal;Luz do Dia;Bom;Seca;Cruz;Pare;Residencial;0;0;2;1;0;0;0;0;0;0;0;0;-38,502538;-3,74248
301169;5;7;2016;20:00;0;AV PRO GOMES DE MATOS;;;376;;Colisão Lateral;Anoitecer;Bom;Não informada;Meio de Quadra;Não Há Controle;Comercial;0;0;2;1;0;0;0;0;0;0;0;0;-38,542268;-3,757255
303246;5;7;2016;19:55;7766;RUA TIBURCIO CAVALCANTE;AV ANTONIO SALES;;0;;Colisão Lateral;Via Iluminada;Bom;Seca;Não Informado;Não Há Controle;Residencial;0;0;2;1;0;0;0;0;0;0;0;0;-38,505333;-3,744543
289302;5;7;2016;07:55;0;RD CE-040;;;;KM-05;Colisão;Luz do Dia;Bom;Seca;Meio de Quadra;;;0;0;2;1;0;0;0;0;0;0;0;0;-38,480331;-3,791613
289305;5;7;2016;10:00;0;AV SEN CARLOS JEREISSATI (AEROPORTO);;;;KM 01;Colisão;Luz do Dia;Bom;Seca;Meio de Quadra;;;0;0;2;1;0;0;0;0;0;0;0;0;-38,52685;-3,783753
289306;5;7;2016;21:55;0;RD CE-040;;;;KM-03;Colisão;;Bom;Seca;Meio de Quadra;;;0;0;2;1;0;0;0;0;0;1;0;0;-38,481799;-3,773616
288464;5;7;2016;18:40;0;RD BR 222;;;100;KM-02;Atropelamento;;Bom;Seca;Meio de Quadra;;;0;1;1;1;0;0;0;0;0;0;0;0;-38,58704;-3,739009
287246;5;7;2016;17:43;7926;AV ANTONIO SALES;RUA BARBOSA DE FREITAS;;;;Colisão Traseira;Anoitecer;;;Cruz;Semáforo;Residencial;0;0;2;1;0;0;0;0;0;0;0;0;-38,500407;-3,746051
287248;5;7;2016;10:03;15835;RUA CEL DIONISIO ALENCAR;RUA MANUEL CASTELO BRANCO;;;;Colisão Frontal;Luz do Dia;;;Cruz;Pare;Comercial;0;0;2;1;0;0;0;0;0;0;0;0;-38,488281;-3,832973
287254;5;7;2016;14:30;17421;AV PRO GOMES DE MATOS;RUA TRES MARIAS D39 (MONTESE);;;;Colisão;Luz do Dia;;;;;;0;1;1;1;0;0;0;0;0;1;0;0;-38,551793;-3,768334
287256;5;7;2016;13:25;0;RUA BENI DE CARVALHO;;;130;;Engavetamento;Luz do Dia;;;Meio de Quadra;;;0;0;3;1;0;0;0;0;0;0;0;0;-38,499645;-3,744501
287269;5;7;2016;15:30;25516;RUA JOR CESAR MAGALHAES;AV ROGACIANO LEITE;;;;Colisão;Luz do Dia;;;;Pare;Comercial;0;0;2;1;0;0;0;0;0;0;0;0;-38,493044;-3,761023
287261;5;7;2016;16:01;5039;RUA PESSOA ANTA;AV ALBERTO NEPOMUCENO;;;;Colisão Lateral;Luz do Dia;;;Cruz;Semáforo;Comercial;0;0;2;1;0;0;1;0;0;0;0;0;-38,523212;-3,721257
287276;5;7;2016;15:50;1356;RUA VICENTE LEITE;RUA MARIA TOMASIA;;;;Colisão Transversal;Luz do Dia;;;Cruz;Pare;Rural;0;1;1;1;0;0;0;0;0;1;0;0;-38,495094;-3,736169
287277;5;7;2016;18:00;0;RUA FRANCISCO L DA SILVA;;;;;Colisão Lateral;Anoitecer;;;Meio de Quadra;;;0;1;1;1;0;0;0;0;0;1;0;0;;
287287;5;7;2016;00:20;21986;RUA TIRADENTES;RUA CEL NUNES DE MELO;;;;Colisão Transversal;;;;Cruz;Pare;Residencial;0;0;2;1;0;0;0;0;0;0;0;0;-38,547927;-3,743155
287282;5;7;2016;10:40;12436;RUA MARIO DA SILVEIRA;RUA BELO HORIZONTE;;;;Colisão Transversal;Luz do Dia;;;;;;0;1;1;1;0;0;0;0;0;1;0;0;-38,56918;-3,766661
287293;5;7;2016;07:30;24990;AV PRS COSTA E SILVA;AV PRS JUSCELINO KUBITSCHEK (PASSARÉ);;;;Colisão Traseira;Luz do Dia;;;T;Semáforo;Outros;0;0;2;1;0;0;0;0;0;0;0;0;-38,539516;-3,825648
287301;5;7;2016;08:00;25334;AV D CJ CEARA;AV B CJ CEARA;;;;Colisão Lateral;Luz do Dia;;;T;Pare;Misto;0;0;2;1;0;0;0;0;0;0;0;0;-38,602328;-3,763611
287769;5;7;2016;07:35;0;RD BR 116;;;500;KM-06;Colisão Traseira;Luz do Dia;Bom;Seca;Meio de Quadra;;;0;1;1;1;0;0;0;0;1;0;0;0;-38,50238198;-3,805924279
287858;5;7;2016;09:35;0;RD BR 116;;;0;KM-06;Colisão Traseira;Luz do Dia;Bom;Seca;Meio de Quadra;;;0;1;4;1;0;0;1;0;0;0;0;0;-38,50238198;-3,805924279
287948;5;7;2016;21:15;0;RD BR 116;;;0;KM-04;Colisão Traseira;;Bom;Seca;Meio de Quadra;;;0;1;2;1;0;0;0;0;0;1;0;0;-38,51003863;-3,789525584
287867;5;7;2016;11:50;0;RD BR 116;;;0;KM-03;Colisão Lateral;Luz do Dia;Bom;Seca;Meio de Quadra;;;0;0;2;1;0;0;1;0;0;0;0;0;-38,51386954;-3,781255671
287957;6;7;2016;09:10;0;RD BR 116;;;300;KM-11;Choque c/ Obstáculo Fixo;Luz do Dia;Bom;Seca;Meio de Quadra;;;0;0;1;1;0;0;0;0;0;0;0;0;-38,49672673;-3,848173913
287967;6;7;2016;10:30;0;RD BR 116;;;900;KM-07;Colisão Lateral;Luz do Dia;Bom;Seca;Meio de Quadra;;;0;0;5;1;0;0;0;0;0;0;0;0;-38,50135403;-3,814567428
287971;6;7;2016;13:10;0;RD BR 116;;;0;KM-03;Colisão Traseira;Luz do Dia;Bom;Seca;Meio de Quadra;;;0;0;2;1;0;0;0;0;0;0;0;0;-38,51386954;-3,781255671
287972;6;7;2016;15:45;0;RD BR 116;;;0;KM-03;Colisão Lateral;Luz do Dia;Bom;Seca;Meio de Quadra;;;0;0;2;1;0;0;0;0;0;0;0;0;-38,51386954;-3,781255671
287974;6;7;2016;18:20;0;RD BR 116;;;0;KM-09;Colisão;Anoitecer;Bom;Seca;Não Informado;;Rural;0;1;1;0;0;1;0;0;0;1;0;0;-38,5045261;-3,832025437
289308;6;7;2016;07:00;0;RD CE-040;;;;KM-14;Colisão;Luz do Dia;Bom;Seca;Meio de Quadra;;;0;0;2;1;0;0;1;0;0;0;0;0;;
289316;6;7;2016;17:00;0;AV SEN CARLOS JEREISSATI (AEROPORTO);;;;KM 03;Engavetamento;Anoitecer;Bom;Seca;Meio de Quadra;;;0;0;3;1;0;0;1;0;0;0;0;0;-38,544038;-3,779641
289313;6;7;2016;12:21;0;AV MIN JOSE AMERICO;;;;;Colisão;Luz do Dia;Bom;Seca;Meio de Quadra;;;0;0;2;1;0;0;0;0;0;0;0;0;;
289095;6;7;2016;14:50;17387;RUA PRO TEODORICO;RUA ZACARIAS GONDIM;;;;Colisão;Luz do Dia;Bom;Seca;Cruz;Pare;Residencial;0;1;1;1;0;0;0;0;0;0;0;0;-38,558121;-3,76708
289096;6;7;2016;18:40;15175;AV ABOLICAO;RUA NUNES VALENTE;;;;;;Bom;Seca;;Semáforo;Comercial;0;0;2;0;1;0;0;1;0;0;0;0;-38,500384;-3,72575
289091;6;7;2016;06:30;8000;AV JOAO PESSOA;RUA DELMIRO FARIAS;;;;Colisão;Luz do Dia;Chuva;Molhada;Cruz;Pare;Comercial;1;0;1;0;1;1;0;0;0;0;0;0;-38,547538;-3,750275
289081;6;7;2016;10:00;21379;AV JOVITA FEITOSA;RUA PRO RAIMUNDO ARRUDA;;;;Colisão Traseira;Luz do Dia;Chuva;Molhada;Cruz;Semáforo;Comercial;0;0;2;1;0;0;0;1;0;0;0;0;-38,550998;-3,738742
289077;6;7;2016;10:15;0;AV JOVITA FEITOSA;;;820;;Engavetamento;Luz do Dia;Nublado;Molhada;Meio de Quadra;Não Há Controle;Comercial;0;0;3;1;0;0;0;0;0;0;0;0;-38,551282;-3,738803
289031;6;7;2016;09:00;1322;AV DOM LUIS;RUA VICENTE LEITE;;;;Colisão Traseira;Luz do Dia;Chuva;Molhada;Cruz;Semáforo;Comercial;0;0;2;1;0;0;0;0;0;0;0;0;-38,494467;-3,734197
289054;6;7;2016;06:40;8061;AV JOAO PESSOA;RUA JOSE FACANHA;;;;Colisão Lateral;Luz do Dia;Chuva;Molhada;T;Pare;Comercial;0;1;1;1;0;0;0;0;0;1;0;0;-38,552846;-3,75615
289024;6;7;2016;16:00;15768;RUA JOAQUIM FELICIO;RUA CEL FRANCISCO PEREIRA (MESSEJANA);;;;Colisão Traseira;Luz do Dia;Bom;Seca;Cruz;Pare;Comercial;0;0;2;1;0;0;0;0;0;0;0;0;-38,49267;-3,829908
289014;6;7;2016;19:35;0;AV DOM MANUEL;;;161;;Colisão Traseira;Via Iluminada;Bom;Seca;Meio de Quadra;Não Há Controle;Comercial;0;0;2;1;0;0;0;0;0;0;0;0;-38,520244;-3,725647