COD_ACIDENTE;DIA;MES;ANO;HORA;INTERSECAO;LOG1;LOG2;LOG3;NUMERO;REFERENCIA;NATUREZA;ILUMINACAO;TEMPO;SUPERFICIEPISTA;TIPOCRUZAMENTO;CONTROLETRAFEGO;USOSOLO;MORTOS;FERIDOS;ILESOS;AUTOMOVEL;ONIBUS;BICICLETA;CAMINHAO;MICROONIBUS;CICLOMOTOR;MOTOCICLETA;TRACAOANIMAL;TREM;LONG;LAT
288985;6;7;2016;21:10;15803;RUA PDE PEDRO DE ALENCAR;RUA CEL JOAQUIM BEZERRA;;;;;Via Iluminada;Bom;Seca;T;Pare;Comercial;0;0;2;1;0;0;0;0;0;0;0;0;-38,493968;-3,831384
288976;6;7;2016;14:30;19271;RUA CAIO PRADO;AV GAL OSORIO DE PAIVA;;;;Colisão Lateral;Luz do Dia;Bom;Seca;Cruz;Pare;Comercial;0;0;2;0;0;0;0;0;0;1;0;0;-38,563447;-3,77319
288966;6;7;2016;17:00;0;AV ANTONIO SALES;;;;;Colisão Transversal;Anoitecer;Bom;Seca;Meio de Quadra;Pare;Residencial;0;0;2;1;0;0;0;0;0;0;0;0;;
288958;6;7;2016;08:50;5211;AV IMPERADOR;RUA LIBERATO BARROSO;;;;Colisão Traseira;Luz do Dia;Chuva;Molhada;Cruz;Semáforo Intermitente;Comercial;0;1;1;1;0;0;0;0;0;1;0;0;-38,534257;-3,726511
288963;6;7;2016;15:40;1257;RUA COSTA BARROS;RUA SILVA PAULET;;;;Colisão Lateral;Luz do Dia;Bom;Seca;Cruz;Pare;Comercial;0;0;2;1;0;0;0;0;0;0;0;0;-38,504799;-3,732565
288953;6;7;2016;21:51;0;AV CARAPINIMA;;;2415;;Colisão Lateral;Via Iluminada;Nublado;Seca;Meio de Quadra;Não Há Controle;Comercial;0;0;2;1;0;0;0;0;0;0;0;0;-38,540886;-3,740648
288926;6;7;2016;10:15;0;AV JOVITA FEITOSA;;;762;;Colisão Traseira;Luz do Dia;Chuva;Molhada;Meio de Quadra;Não Há Controle;Comercial;0;0;2;1;1;0;0;0;0;0;0;0;-38,550796;-3,738697
303247;6;7;2016;18:30;0;RUA LEONARDO MOTA;;;774;;Colisão Transversal;Via Iluminada;Bom;Seca;Cruz;Semáforo;Residencial;0;0;2;1;0;0;0;0;0;0;0;0;-38,49542;-3,733793
301170;6;7;2016;09:20;6798;RUA JULIO AZEVEDO;RUA VILEBALDO AGUIAR;;;;Colisão Transversal;Luz do Dia;Chuva;Molhada;Cruz;Pare;Comercial;0;1;1;0;0;0;0;0;0;0;0;0;-38,481957;-3,74244
301172;6;7;2016;10:31;0;AV 13 DE MAIO;RUA PAULA BARROS;;0;;Colisão Traseira;Luz do Dia;Chuva;Molhada;T;Semáforo;Comercial;0;0;2;1;0;0;0;0;0;0;0;0;;
301173;6;7;2016;10:44;0;RUA JOAQUIM NABUCO;;;2730;;Colisão Transversal;Luz do Dia;Nublado;Molhada;Meio de Quadra;Não Há Controle;Comercial;0;0;2;1;1;0;0;0;0;0;0;0;-38,505696;-3,749005
301174;6;7;2016;18:50;9131;RUA BAR ARATANHA;AV 13 DE MAIO;;0;;Colisão Traseira;Via Iluminada;Nublado;Seca;Cruz;Não Há Controle;Residencial;0;0;2;1;0;0;0;0;0;0;0;0;-38,531331;-3,747615
301175;6;7;2016;19:07;0;RUA MARIA JULIA ROCHA;VL JOAO XXIII;;0;;Colisão Traseira;Anoitecer;Bom;Seca;Cruz;Pare;Residencial;0;0;2;1;0;0;0;0;0;0;0;0;;
294855;6;7;2016;04:24;12521;AV AUGUSTO DOS ANJOS;RUA JULIO BRAGA;;;;Colisão;;;;Cruz;Semáforo;Comercial;0;1;0;0;0;0;0;0;0;0;0;0;-38,576193;-3,776779
294856;6;7;2016;05:01;18528;AV ENG HUMBERTO MONTE;AV BEZERRA DE MENEZES;;;;Queda;Amanhecer;;;;;;0;1;0;0;0;0;0;0;0;1;0;0;-38,569025;-3,736609
294896;6;7;2016;10:22;0;RUA ILDEFONSO ALBANO;;;2361;;Colisão;Luz do Dia;;;Meio de Quadra;;;0;1;0;1;0;0;0;0;0;1;0;0;-38,516143;-3,741874
294899;6;7;2016;10:59;0;AV SEN VIRGILIO TAVORA;;;;;Queda;Luz do Dia;;;Meio de Quadra;;;0;1;0;0;0;0;0;0;0;1;0;0;;
294886;6;7;2016;09:25;5381;AV IMPERADOR;RUA METON DE ALENCAR;;;;Queda;Luz do Dia;;;;Não Há Controle;Comercial;0;1;0;0;0;0;0;0;0;1;0;0;-38,535869;-3,731966
294881;6;7;2016;08:24;0;AV ROGACIANO LEITE;;;2206;;Colisão;Luz do Dia;;;Meio de Quadra;;;0;1;0;1;0;0;0;0;0;1;0;0;-38,499681;-3,774746
294883;6;7;2016;09:10;5379;RUA SOLON PINHEIRO;RUA PEDRO I;;;;Atropelamento;Luz do Dia;;;Cruz;Não Há Controle;Comercial;0;1;0;0;0;0;0;0;0;0;0;0;-38,526757;-3,731835
294864;6;7;2016;05:57;0;AV GODOFREDO MACIEL;;;2841;;Colisão;Amanhecer;;;Meio de Quadra;;;0;1;0;0;0;0;0;0;0;1;0;0;-38,571102;-3,800271
294875;6;7;2016;08:05;0;RUA JULIO BRAGA;;;1184;;Colisão;Luz do Dia;;;Meio de Quadra;;;0;1;0;1;0;0;0;0;0;1;0;0;-38,582536;-3,774835
294871;6;7;2016;06:43;12819;RUA ANDRE CHAVES;AV PRO GOMES DE MATOS;;304;;Colisão Lateral;Luz do Dia;Chuva;Molhada;Cruz;Semáforo;Comercial;0;2;3;1;0;0;0;0;0;1;0;0;-38,541533;-3,756396
294872;6;7;2016;06:56;19721;RUA AMADEU FURTADO;RUA GUSTAVO SAMPAIO;;2115;;Colisão Transversal;Luz do Dia;Outros;Molhada;Cruz;Pare;Residencial;0;2;2;1;0;0;0;0;0;1;0;0;-38,563828;-3,736786
294873;6;7;2016;07:27;0;RUA NEREU RAMOS;;;60;;Queda;Luz do Dia;;;Meio de Quadra;;;0;1;0;0;0;0;0;0;0;1;0;0;-38,56749;-3,786999
294868;6;7;2016;06:23;0;AV PRS CASTELO BRANCO;;;2250;;Atropelamento;Luz do Dia;;;Meio de Quadra;;;0;1;0;0;0;0;0;0;0;1;0;0;-38,54812;-3,713862
294869;6;7;2016;06:26;7957;AV BAR STUDART;AV PONTES VIEIRA;;2865;;Colisão Lateral;Luz do Dia;Chuva;Molhada;T;Semáforo;Comercial;0;0;4;1;1;0;0;0;0;1;0;0;-38,512361;-3,75259
294853;6;7;2016;02:56;0;AV GODOFREDO MACIEL;;;5833;;Queda;;;;Meio de Quadra;;;0;1;0;0;0;0;0;0;0;1;0;0;-38,579182;-3,825483
294969;6;7;2016;21:31;0;RUA JOAQUIM DOS ANJOS;;;1621;;Queda;;;;Meio de Quadra;;;0;1;0;0;0;1;0;0;0;0;0;0;-38,573626;-3,82979
294982;6;7;2016;22:59;0;RUA MIGUEL ALVES DE SOUZA;;;190;;Colisão;;;;Meio de Quadra;;;0;1;0;0;0;0;0;0;0;1;0;0;;
294978;6;7;2016;22:55;0;AV WASHINGTON SOARES;;;;;Colisão;;;;Meio de Quadra;;;0;1;0;1;0;0;0;0;0;1;0;0;;
294975;6;7;2016;22:24;7211;AV PRS CASTELO BRANCO;AV DR THEBERGE;;;;Colisão;;;;Cruz;Semáforo;Residencial;0;1;0;1;0;0;0;0;0;1;0;0;-38,563456;-3,710079
294972;6;7;2016;22:00;0;RUA RODRIGUES ANDRADE;;;141;;Atropelamento;;;;Meio de Quadra;;;0;1;0;0;0;0;0;0;0;1;0;0;-38,562848;-3,761733
294973;6;7;2016;22:13;0;RUA PERGENTINO MAIA;;;286;;Colisão;;;;Meio de Quadra;;;0;1;0;0;0;0;0;0;0;0;0;0;;
294967;6;7;2016;21:18;0;AV I CJ CEARA;;;2760;;Colisão;;;;Meio de Quadra;;;0;2;0;0;0;0;0;0;0;1;0;0;;
294950;6;7;2016;19:36;19539;RUA EQUADOR;AV DR SILAS MUNGUBA;;;;Colisão;;;;Cruz;Semáforo;Comercial;0;1;0;1;0;0;0;0;0;1;0;0;-38,555434;-3,782377
294963;6;7;2016;19:41;0;AV GODOFREDO MACIEL;;;56;;Queda;;;;Meio de Quadra;;;0;1;0;0;0;0;0;0;0;1;0;0;;
294942;6;7;2016;18:37;0;RD BR 116;;;10000;KM-10;Colisão;;;;Meio de Quadra;;;0;1;0;1;0;0;0;0;0;1;0;0;-38,503373;-3,834435
294944;6;7;2016;18:43;0;RD BR 116;;;9000;KM-09;Atropelamento;;;;Meio de Quadra;;;0;1;0;1;0;0;0;0;0;0;0;0;-38,504865;-3,830837
294945;6;7;2016;18:49;0;RUA PORTO VELHO;;;1396;;Colisão;;;;Meio de Quadra;;;0;1;0;0;0;0;0;0;0;0;0;0;-38,591283;-3,763676
294946;6;7;2016;19:16;0;AV GODOFREDO MACIEL;;;;;Atropelamento;;;;Meio de Quadra;;;0;1;0;1;0;0;0;0;0;0;0;0;;
294932;6;7;2016;17:46;0;AV GAL OSORIO DE PAIVA;;;1431;;Colisão;Anoitecer;;;Meio de Quadra;;;0;1;0;1;0;0;0;0;0;1;0;0;-38,574151;-3,780442
294937;6;7;2016;17:59;10127;RUA MARIA JULIA;RUA JOAO VINTE TRES;;;;Colisão;Anoitecer;;;;;;0;1;0;1;0;0;0;0;0;1;0;0;-38,598645;-3,78837
294938;6;7;2016;18:01;20042;AV DEP PAULINO ROCHA;AV ALBERTO CRAVEIRO;;2644;;Colisão Lateral;Via Iluminada;Bom;Seca;Rotatória;Dê Preferência;Residencial;0;2;2;1;0;0;0;0;0;1;0;0;-38,524782;-3,807229
294939;6;7;2016;18:32;0;AV PRS JUSCELINO KUBITSCHEK (PASSARÉ);AV PAROARAS;;;;Colisão Transversal;Via Iluminada;Bom;Seca;Cruz;Semáforo;Residencial;0;1;2;1;0;0;0;0;0;1;0;0;;
294924;6;7;2016;16:51;7762;RUA NUNES VALENTE;AV ANTONIO SALES;;;;Colisão;Luz do Dia;;;Cruz;Pare;Residencial;0;1;0;1;0;0;0;0;0;0;0;0;-38,506314;-3,744237
294911;6;7;2016;16:26;0;AV GAL OSORIO DE PAIVA;;;7823;;Colisão;Luz do Dia;;;Meio de Quadra;;;0;1;0;1;0;0;0;0;0;1;0;0;-38,617391;-3,820533
294901;6;7;2016;11:33;0;RUA OSCAR ARARIPE;;;1750;;Colisão;Luz do Dia;;;Meio de Quadra;;;0;1;0;1;0;1;0;0;0;0;0;0;-38,606844;-3,788784
294902;6;7;2016;12:07;0;RUA MARIA GOMES DE SA;;;1436;;Atropelamento;Luz do Dia;;;Meio de Quadra;;;0;1;0;0;0;0;0;0;0;1;0;0;;
294903;6;7;2016;12:41;0;AV CENTRAL CJ CEARA;;;;;Colisão;Luz do Dia;;;Meio de Quadra;;;0;1;0;1;0;0;0;0;0;1;0;0;;
294904;6;7;2016;13:06;0;AV DES GONZAGA;;;;;Colisão;Luz do Dia;;;Meio de Quadra;;;0;1;0;0;0;0;0;0;0;0;0;0;;
294907;6;7;2016;14:54;12455;RUA RIO GRANDE DO SUL;AV SEN FERNANDES TAVORA;;;;Colisão;Luz do Dia;;;T;Semáforo;Comercial;0;1;0;1;0;0;0;0;0;1;0;0;-38,572159;-3,768083
294909;6;7;2016;15:33;0;RUA SOL;;;;;Queda;Luz do Dia;;;Meio de Quadra;;;0;1;0;0;0;1;0;0;0;0;0;0;;
294986;7;7;2016;03:33;0;AV BEIRA MAR;;;600;;Colisão;;;;Meio de Quadra;;;0;1;0;1;0;0;0;0;0;1;0;0;;
294995;7;7;2016;11:57;0;AV SANTOS DUMONT;;;3601;;Colisão;Luz do Dia;;;Meio de Quadra;;;0;1;0;1;0;0;0;0;0;1;0;0;-38,492581;-3,738091
294989;7;7;2016;05:54;0;AV GAL OSORIO DE PAIVA;;;;;Colisão;Amanhecer;;;Meio de Quadra;;;0;1;0;0;0;0;0;0;0;0;0;0;;
294990;7;7;2016;07:22;0;AV ROGACIANO LEITE;;;2222;;Colisão;Luz do Dia;;;Meio de Quadra;;;0;1;0;0;0;0;0;0;0;0;0;0;-38,499758;-3,774827
294993;7;7;2016;10:16;0;RUA TERTULIANO SALES;;;320;;Colisão;Luz do Dia;;;Meio de Quadra;;;0;1;0;1;0;0;0;0;0;1;0;0;-38,531065;-3,761566
295002;7;7;2016;12:46;23579;TR PROGRESSO;RUA DO CANAL (TAUAPE);;;;Atropelamento;Luz do Dia;;;;;;0;1;0;1;0;0;0;0;0;0;0;0;-38,512664;-3,762178
294998;7;7;2016;12:18;0;AV SEN CARLOS JEREISSATI (AEROPORTO);;;;;Queda;Luz do Dia;;;Meio de Quadra;;;0;1;0;0;0;0;0;0;0;1;0;0;;
295058;7;7;2016;14:33;17439;RUA ANTONIO CORREIA LIMA;RUA RAUL CABRAL;;;;Colisão;Luz do Dia;;;Cruz;Pare;Residencial;0;1;0;1;0;0;0;0;0;1;0;0;-38,543989;-3,769172
295044;7;7;2016;14:10;0;RUA DO COQUEIRO D75;;;;;Colisão;Luz do Dia;;;Meio de Quadra;;;0;1;0;1;0;0;0;0;0;1;0;0;;
295049;7;7;2016;14:13;0;AV DIOGUINHO;;;;;Colisão Frontal;Via Iluminada;Bom;Seca;Meio de Quadra;Não Há Controle;Residencial;0;1;1;0;0;0;0;0;0;1;0;0;;
295020;7;7;2016;13:39;9156;AV LUCIANO CARNEIRO;RUA MIN JOAQUIM BASTOS D14;;;;Colisão;Luz do Dia;;;T;Semáforo;Comercial;0;1;0;1;0;0;0;0;0;1;0;0;-38,53222;-3,750348
295080;7;7;2016;16:08;0;RUA VITAL BRASIL;;;1867;;Atropelamento;Luz do Dia;;;Meio de Quadra;;;0;2;0;0;0;0;0;0;0;1;0;0;-38,597528;-3,778139
295081;7;7;2016;16:10;0;AV PRS COSTA E SILVA;;;1672;;Atropelamento;Luz do Dia;;;Meio de Quadra;;;0;1;0;1;0;0;0;0;0;0;0;0;;
295083;7;7;2016;16:28;2205;AV CEL CARVALHO;AV RAD JOSE LIMA VERDE;;;;Colisão;Luz do Dia;;;;;;0;1;0;1;0;0;0;0;0;1;0;0;-38,591542;-3,703499
295089;7;7;2016;16:35;0;AV 13 DE MAIO;;;1573;;Colisão;Luz do Dia;;;Meio de Quadra;;;0;1;0;1;0;0;0;0;0;1;0;0;-38,532548;-3,746567
295076;7;7;2016;14:43;0;RUA PDE VALDEVINO;;;2021;;Colisão;Luz do Dia;;;Meio de Quadra;;;0;1;0;1;0;0;0;0;0;1;0;0;-38,506591;-3,742358
295102;7;7;2016;17:18;0;RUA ZACARIAS GONDIM;;;888;;Colisão;Anoitecer;;;Meio de Quadra;;;0;1;0;1;0;0;0;0;0;0;0;0;-38,559461;-3,770914
295103;7;7;2016;17:38;0;RUA HONORINA MAIA;;;16;;Colisão;Anoitecer;;;Meio de Quadra;;;0;1;0;0;0;0;0;0;0;1;0;0;;
295099;7;7;2016;16:56;15126;AV RUI BARBOSA;AV HIS RAIMUNDO GIRAO;;;;Colisão;Luz do Dia;;;Cruz;Semáforo;Comercial;0;1;0;0;0;0;0;0;0;0;0;0;-38,505405;-3,723546
295109;7;7;2016;17:41;0;AV DR SILAS MUNGUBA;;;4455;;Colisão;Anoitecer;;;Meio de Quadra;;;0;1;0;1;0;0;0;0;0;1;0;0;;
295114;7;7;2016;18:56;0;RUA DR JOSE LOURENCO;;;2588;;Colisão;;;;Meio de Quadra;;;0;1;0;1;0;0;0;0;0;1;0;0;-38,51147;-3,746178
295111;7;7;2016;18:17;0;RUA GAL PIRAGIBE;;;286;;Colisão;Anoitecer;;;Meio de Quadra;;;0;1;0;1;0;1;0;0;0;0;0;0;;
295123;7;7;2016;19:14;0;AV ODILON GUIMARAES;;;;;Queda;;;;Meio de Quadra;;;0;1;0;0;0;0;0;0;0;1;0;0;;
295124;7;7;2016;19:23;0;RUA PEDRO MEDEIROS;;;68;;Atropelamento;;;;Meio de Quadra;;;0;1;0;0;0;0;0;0;0;1;0;0;-38,546252;-3,768504
295126;7;7;2016;19:50;0;AV FRANCISCO SA;;;7450;;Atropelamento;;;;Meio de Quadra;;;0;1;0;1;0;0;0;0;0;0;0;0;-38,58539;-3,706776
295131;7;7;2016;22:14;0;AV DOM LUIS;;;1355;;Colisão;;;;Meio de Quadra;;;0;1;0;1;0;0;0;0;0;1;0;0;;
295132;7;7;2016;22:33;0;AV MAE LISBOA;;;;;Colisão;;;;Meio de Quadra;;;0;1;0;1;0;0;0;0;0;1;0;0;;
295120;7;7;2016;19:03;0;RUA STA EFIGENIA;;;145;;Colisão;;;;Meio de Quadra;;;0;1;0;0;0;0;0;0;0;0;0;0;-38,500581;-3,833938
291776;7;7;2016;10:30;25003;AV DR THEBERGE;AV SGT HERMINIO SAMPAIO;;;;Colisão Lateral;Luz do Dia;Bom;Seca;Cruz;Semáforo;Comercial;1;0;2;1;0;0;1;0;0;0;0;0;-38,569276;-3,727916
278182;7;7;2016;10:01;0;RUA OSVALDO CRUZ;;;1258;;Colisão;Luz do Dia;;;Meio de Quadra;;;0;0;2;0;0;0;0;0;0;0;0;0;;
278165;7;7;2016;08:06;0;RUA GUSTAVO SAMPAIO;;;;;Colisão;Luz do Dia;;;Meio de Quadra;;;0;2;0;1;0;0;0;0;0;1;0;0;;
301176;7;7;2016;04:06;0;AV HIS RAIMUNDO GIRAO;;;630;;Colisão Frontal;Via Iluminada;Bom;Seca;Meio de Quadra;Não Há Controle;Residencial;0;2;0;1;0;0;0;0;0;0;0;0;-38,509944;-3,721412
301177;7;7;2016;08:50;0;RUA MON SALAZAR;;;210;;Colisão Traseira;Luz do Dia;Bom;Seca;Meio de Quadra;Não Há Controle;Comercial;0;0;2;1;0;0;0;0;0;0;0;0;-38,517761;-3,756487
301178;7;7;2016;09:41;0;RUA PDE PEDRO DE ALENCAR;;;387;;Colisão Traseira;Luz do Dia;Bom;Seca;Meio de Quadra;Não Há Controle;Comercial;0;0;2;1;1;0;0;0;0;0;0;0;-38,493919;-3,830946
301179;7;7;2016;13:45;847;AV GOV RAUL BARBOSA;RUA GAL LIMA E SILVA;;0;;Colisão Lateral;Luz do Dia;Bom;Seca;Cruz;Pare;Comercial;0;0;2;0;0;0;0;0;0;0;0;0;-38,513141;-3,776311
301180;7;7;2016;15:57;19377;RUA GERMANO FRANCK;RUA EDUARDO PERDIGAO;;0;;Colisão Traseira;Luz do Dia;Bom;Seca;Cruz;Semáforo;Residencial;0;0;2;1;0;0;0;0;0;0;0;0;-38,562542;-3,777704
301181;7;7;2016;18:31;8932;AV DOMINGOS OLIMPIO;RUA CARLOS SEVERO;;;;Colisão Transversal;Via Iluminada;Bom;Seca;T;Pare;Residencial;0;1;1;1;1;0;0;0;0;0;0;0;-38,541606;-3,733228
301182;7;7;2016;19:15;21607;RUA LUIS VIEIRA;RUA CON DE CASTRO;;0;;Colisão Lateral;Mal Iluminada;Bom;Seca;Y;Pare;Comercial;0;0;2;0;0;0;0;0;0;0;0;0;-38,585845;-3,798405
301183;7;7;2016;19:00;6756;AV ANTONIO SALES;AV ENG SANTANA JUNIOR;;0;;Colisão Traseira;Via Iluminada;Bom;Seca;T;Não Há Controle;Residencial;0;0;2;1;0;0;0;0;0;0;0;0;-38,490039;-3,749257
301184;7;7;2016;18:31;11339;AV GODOFREDO MACIEL;AV BENJAMIM BRASIL;;0;;Colisão Traseira;Via Iluminada;Bom;Seca;Cruz;Semáforo;Comercial;0;0;2;1;0;0;0;0;0;0;0;0;-38,57204;-3,803264
289220;7;7;2016;21:00;18749;RUA VALPARAISO;RUA DOURADO D69;;;;Colisão Lateral;Via Iluminada;Bom;Seca;Cruz;Não Há Controle;Residencial;0;1;1;1;0;0;0;0;0;1;0;0;-38,524276;-3,845396
289215;7;7;2016;15:00;0;AV DOMINGOS OLIMPIO;;;52;;Colisão Traseira;Luz do Dia;Bom;Seca;Meio de Quadra;Semáforo;Comercial;0;0;2;1;1;0;0;0;0;0;0;0;;
289208;7;7;2016;19:10;0;RUA STA EFIGENIA;;;;;Colisão Frontal;Via Iluminada;Bom;Seca;Meio de Quadra;Pare;Residencial;0;0;2;0;1;0;0;0;0;1;0;0;;
289203;7;7;2016;16:00;24969;AV ALM HENRIQUE SABOIA;AV PDE ANTONIO TOMAS;;;;Colisão Lateral;Luz do Dia;Bom;Seca;Cruz;Semáforo;Comercial;0;0;2;1;0;0;1;0;0;0;0;0;-38,489455;-3,743493
289186;7;7;2016;08:30;348;RUA CESAR FONTENELE;RUA PRO LINO ENCARNACAO;;;;Colisão Transversal;Luz do Dia;Bom;Seca;Cruz;Pare;Comercial;0;0;3;1;0;0;0;0;0;0;0;0;-38,559596;-3,746359
289175;7;7;2016;18:25;25154;RUA BENI DE CARVALHO;RUA VICENTE LEITE;;;;Choque c/ Obstáculo Fixo;Via Iluminada;Bom;Seca;Cruz;Pare;Residencial;0;1;2;1;0;0;0;0;0;1;0;0;-38,497966;-3,745037
289173;7;7;2016;15:20;0;AV DOS JANGADEIROS;;;1114;;Colisão Frontal;Luz do Dia;Bom;Seca;Outros;Não Há Controle;Residencial;0;0;2;1;0;0;0;0;0;1;0;0;;
289157;7;7;2016;14:50;0;RUA JOAO BRIGIDO;;;594;;Colisão Traseira;Luz do Dia;Bom;Seca;Meio de Quadra;;;0;1;0;0;0;0;0;0;0;1;0;0;;
289413;7;7;2016;01:00;0;AV GODOFREDO MACIEL;;;2959;;Colisão Traseira;Via Iluminada;Bom;Seca;Meio de Quadra;;Comercial;0;2;0;0;0;0;0;0;0;1;0;0;-38,57157;-3,801758
289318;7;7;2016;12:48;0;RD CE-040;;;;KM-06;Colisão;Luz do Dia;Bom;Seca;Meio de Quadra;;;0;0;2;1;0;0;0;0;0;0;0;0;-38,479535;-3,800596
289331;7;7;2016;16:00;0;AV D CJ CEARA;;;1230;;Colisão Lateral;Luz do Dia;Bom;Seca;Meio de Quadra;;;0;2;0;1;0;0;0;0;0;1;0;0;-38,602591;-3,762938
289312;7;7;2016;17:00;1312;AV DOM LUIS;RUA LEONARDO MOTA;;;;Colisão Traseira;Luz do Dia;Bom;Seca;Cruz;Semáforo;Comercial;0;0;3;1;0;0;0;0;0;1;0;0;-38,495445;-3,733872
289295;7;7;2016;14:10;0;AV 13 DE MAIO;;;2206;;;Luz do Dia;Bom;Seca;Meio de Quadra;Semáforo;Comercial;0;0;2;1;0;0;0;0;0;0;0;0;-38,53644;-3,743248
289287;7;7;2016;09:20;0;RUA VALDEMAR PAES;;;;;Colisão Transversal;Luz do Dia;Bom;Seca;Meio de Quadra;Pare;Residencial;0;0;2;1;0;0;0;0;0;0;0;0;;
289271;7;7;2016;07:50;19533;AV GAL OSORIO DE PAIVA;RUA NEREU RAMOS;;;;Colisão Lateral;Luz do Dia;Bom;Seca;Cruz;Semáforo;Comercial;0;1;2;0;0;0;0;0;0;1;0;0;-38,576828;-3,782196
289246;7;7;2016;09:10;0;AV AGUANAMBI;;;1827;;Colisão Traseira;Luz do Dia;Bom;Seca;Meio de Quadra;Semáforo;Outros;0;0;2;1;0;0;0;1;0;0;0;0;-38,523423;-3,753197
289250;7;7;2016;20:30;7671;AV JOSE BASTOS;RUA PARAIBA;;;;Colisão Traseira;;Bom;;Cruz;Pare;Comercial;0;0;2;1;1;0;0;0;0;0;0;0;-38,564955;-3,761294
289259;7;7;2016;10:45;7622;RUA PERNAMBUCO;RUA STA CATARINA (BELA VISTA / PAN AMERICANO);;;;Colisão Transversal;Luz do Dia;Bom;Seca;Cruz;Pare;Residencial;0;0;2;1;0;0;1;0;0;0;0;0;-38,569067;-3,759605
287978;7;7;2016;07:40;0;RD BR 116;;;0;KM-06;Colisão Traseira;Luz do Dia;Bom;Seca;Meio de Quadra;;;0;1;1;1;0;0;0;0;0;1;0;0;-38,50238198;-3,805924279
288468;7;7;2016;09:50;0;RD BR 222;;;0;KM-01;Queda;Luz do Dia;Bom;Seca;Meio de Quadra;;;0;1;1;0;1;0;0;0;0;1;0;0;-38,578147;-3,737698
288470;8;7;2016;08:00;0;RD BR 222;;;0;KM-02;Colisão Traseira;Luz do Dia;Bom;Seca;Meio de Quadra;;;0;1;1;0;0;0;0;0;0;1;0;0;-38,58704;-3,739009
288025;8;7;2016;18:20;0;RD BR 116;;;900;KM-14;Atropelamento;Anoitecer;Bom;Seca;Meio de Quadra;;;0;1;1;0;0;0;0;0;0;0;0;0;-38,49954149;-3,874582847
289384;8;7;2016;08:00;0;AV GODOFREDO MACIEL;;;2915;;Colisão Traseira;Luz do Dia;Nublado;Molhada;Meio de Quadra;Semáforo;Comercial;0;0;3;1;0;0;0;0;0;0;0;0;-38,571327;-3,800964
289367;8;7;2016;16:09;0;RUA DEP OSWALDO STUDART;;;;;Colisão Lateral;Luz do Dia;Bom;Seca;Meio de Quadra;Semáforo Intermitente;Comercial;0;0;2;1;0;0;0;0;0;0;0;0;;
289335;8;7;2016;21:00;6405;RUA 105 CJ CEARA;AV A CJ CEARA;;;;Colisão Lateral;Via Iluminada;Bom;Seca;Outros;Outros;Residencial;0;0;3;1;0;0;0;0;0;1;0;0;-38,60511;-3,77218
289356;8;7;2016;06:30;0;AV ALBERTO CRAVEIRO;;;2111;;Colisão Traseira;Luz do Dia;Nublado;Seca;Meio de Quadra;Outros;Residencial;0;1;1;1;0;0;0;0;0;1;0;0;-38,518813;-3,798843
289349;8;7;2016;08:00;743;AV PASTEUR;AV PRS CASTELO BRANCO;;;;Colisão Traseira;Luz do Dia;Nublado;Molhada;Cruz;Semáforo;Comercial;0;0;2;1;0;0;0;0;0;1;0;0;-38,558856;-3,711181
289511;8;7;2016;17:19;0;AV BAR STUDART;;;2936;;Colisão Lateral;Anoitecer;Bom;Seca;Meio de Quadra;Semáforo;Comercial;0;2;0;0;0;0;0;0;0;1;0;0;-38,511168;-3,748903
289471;8;7;2016;03:00;4007;RUA ALBERTO MAGNO;RUA DES PRAXEDES;;;;Colisão Lateral;Via Iluminada;Bom;Seca;Cruz;Semáforo;Residencial;0;0;2;1;0;0;0;0;0;0;0;0;-38,546795;-3,76123
289479;8;7;2016;07:20;3461;RUA CAP HUGO BEZERRA;AV CAP WALDEMAR PAULA LIMA;;;;Colisão Traseira;Luz do Dia;Bom;Seca;Cruz;Não Há Controle;Comercial;0;0;2;1;0;0;0;0;0;0;0;0;-38,508562;-3,820835
289468;8;7;2016;07:40;15205;AV ABOLICAO;RUA OSVALDO CRUZ (ALDEOTA);;;;Choque c/ Obstáculo Fixo;Luz do Dia;Nublado;Molhada;Cruz;Semáforo;Comercial;0;0;1;0;0;0;1;0;0;0;0;0;-38,497445;-3,72669
289491;8;7;2016;07:20;6756;AV ENG SANTANA JUNIOR;AV ANTONIO SALES;;;;Colisão Traseira;Luz do Dia;Bom;Seca;Outros;Não Há Controle;Comercial;0;0;2;1;0;0;0;0;0;0;0;0;-38,490039;-3,749257
289495;8;7;2016;16:00;17288;RUA ALBERTO MAGNO;RUA EDUARDO ANGELIM;;;;Colisão Traseira;Luz do Dia;Bom;Seca;;Não Há Controle;Comercial;0;0;2;1;0;0;0;0;0;0;0;0;-38,548491;-3,763194
289501;8;7;2016;10:50;0;RUA ANA BILHAR;;;1221;;Colisão Transversal;Luz do Dia;Bom;Seca;Meio de Quadra;Semáforo;Residencial;0;0;2;1;0;0;0;0;0;0;0;0;;
289453;8;7;2016;14:40;0;RD CE-040;;;;KM-06;Colisão;Luz do Dia;Bom;Seca;Meio de Quadra;;;0;0;2;1;0;0;0;0;0;0;0;0;-38,479535;-3,800596
289454;8;7;2016;17:30;0;RUA TEREZA CRISTINA;;;1149;;Colisão Lateral;Via Iluminada;Bom;Seca;Meio de Quadra;Não Há Controle;Comercial;0;0;2;1;0;0;0;0;0;0;0;0;-38,537829;-3,730594
289449;8;7;2016;10:00;0;AV 13 DE MAIO;;;;;Queda;Luz do Dia;Bom;Seca;Outros;Semáforo Intermitente;Comercial;0;0;2;1;0;0;0;0;0;1;0;0;;