COD_ACIDENTE;DIA;MES;ANO;HORA;INTERSECAO;LOG1;LOG2;LOG3;NUMERO;REFERENCIA;NATUREZA;ILUMINACAO;TEMPO;SUPERFICIEPISTA;TIPOCRUZAMENTO;CONTROLETRAFEGO;USOSOLO;MORTOS;FERIDOS;ILESOS;AUTOMOVEL;ONIBUS;BICICLETA;CAMINHAO;MICROONIBUS;CICLOMOTOR;MOTOCICLETA;TRACAOANIMAL;TREM;LONG;LAT
289451;8;7;2016;14:00;0;RD CE-040;;;;KM-01;Colisão;Luz do Dia;Bom;Seca;Meio de Quadra;;;0;0;2;1;0;0;0;0;0;0;0;0;-38,48666;-3,758119
289445;8;7;2016;08:45;19611;RUA NEREU RAMOS;AV GODOFREDO MACIEL;;;;Colisão Traseira;Luz do Dia;Bom;Seca;Duplo T;Semáforo;Comercial;0;0;2;1;0;0;0;0;0;1;0;0;-38,566802;-3,78725
289446;8;7;2016;10:00;0;AV MIN JOSE AMERICO;;;;;Colisão;Luz do Dia;Bom;Seca;Meio de Quadra;;;0;0;2;1;0;0;0;0;0;0;0;0;;
289447;8;7;2016;16:20;0;RD CE-040;;;;KM-08;Colisão;Luz do Dia;Bom;Seca;Meio de Quadra;;;0;0;2;1;0;0;0;0;0;0;0;0;-38,483033;-3,817159
301185;8;7;2016;08:30;25769;RUA CORUMBA;AV DR SILAS MUNGUBA;;0;;Colisão Transversal;Luz do Dia;Chuva;Molhada;Duplo T;Pare;Comercial;0;0;2;1;0;0;0;0;0;0;0;0;-38,530014;-3,801188
301186;8;7;2016;08:26;0;AV LUCIANO CARNEIRO;;;1350;;Colisão Traseira;Luz do Dia;Bom;Seca;Meio de Quadra;Não Há Controle;Comercial;0;1;3;1;0;0;0;0;0;0;0;0;-38,535315;-3,760457
301187;8;7;2016;09:15;0;AV PRS COSTA E SILVA;;;0;;Colisão Lateral;Luz do Dia;Bom;Seca;Meio de Quadra;Não Há Controle;Comercial;0;0;3;1;1;0;0;0;0;0;0;0;;
301188;8;7;2016;07:30;0;AV DEP PAULINO ROCHA;;;57;;Colisão Traseira;Luz do Dia;Chuva;Molhada;Outros;Semáforo;Comercial;0;0;2;0;0;0;0;1;0;0;0;0;;
301189;8;7;2016;10:29;1292;RUA MARCOS MACEDO;AV DES MOREIRA;;0;;Colisão Traseira;Luz do Dia;Bom;Seca;Meio de Quadra;Não Há Controle;Comercial;0;0;2;1;0;0;0;0;0;0;0;0;-38,497711;-3,734244
301190;8;7;2016;12:49;0;AV DOS EXPEDICIONARIOS;;;4697;;Colisão Traseira;Luz do Dia;Bom;Seca;Meio de Quadra;Não Há Controle;Comercial;0;0;1;1;0;0;0;0;0;0;0;0;-38,539488;-3,759336
301191;8;7;2016;10:25;0;TR PARA;;;22;;Colisão Traseira;Luz do Dia;Bom;Seca;Meio de Quadra;Não Há Controle;Comercial;0;0;2;1;0;0;0;0;0;0;0;0;;
301192;8;7;2016;15:55;0;AV HERACLITO GRACA;;;144;;Engavetamento;Luz do Dia;Bom;Seca;Meio de Quadra;Não Há Controle;Comercial;0;0;2;1;0;0;0;0;0;0;0;0;-38,523096;-3,733966
301193;8;7;2016;18:49;15250;AV BAR STUDART;RUA TEN AMAURI PIO;;0;;Colisão Lateral;Anoitecer;Bom;Seca;T;Pare;Residencial;0;0;1;1;0;0;0;0;0;1;0;0;-38,504491;-3,72805
301194;8;7;2016;17:30;5576;AV CASTANHOLEIRAS;AL PACAVIRAS;;404;;Colisão Lateral;Luz do Dia;Bom;Seca;T;Pare;Residencial;0;1;1;1;1;0;0;0;0;0;0;0;-38,468633;-3,753297
301195;8;7;2016;19:20;24956;AV ENG ALBERTO SA;AV ALM HENRIQUE SABOIA;;0;;Colisão Lateral;Via Iluminada;Bom;Seca;Cruz;Semáforo;Residencial;0;0;2;0;1;0;0;0;0;0;0;0;-38,48289;-3,732499
301196;8;7;2016;19:00;0;AV PRS COSTA E SILVA;AV DO PASSARE;;0;;Colisão Frontal;Mal Iluminada;Bom;Seca;Meio de Quadra;Não Há Controle;Comercial;0;0;3;1;0;0;0;0;0;1;0;0;;
291778;8;7;2016;12:00;0;RUA ALFREDO MAMEDE;;;520;;Atropelamento;Luz do Dia;;;Meio de Quadra;;;1;0;1;0;0;0;0;0;0;0;0;0;-38,581737;-3,809975
293986;8;7;2016;23:55;0;AV ZEZE DIOGO;;;633;;Colisão;;;;Meio de Quadra;;;0;2;0;0;0;0;0;0;0;1;0;0;-38,466936;-3,712165
293978;8;7;2016;21:36;0;AV A CJ CEARA;;;1270;;Colisão;;;;Meio de Quadra;;;0;2;0;0;0;0;0;0;0;1;0;0;-38,6052;-3,772514
293973;8;7;2016;21:21;19179;AV SANTOS DUMONT;RUA JULIO AZEVEDO;;;;Colisão;;;;Cruz;Não Há Controle;Comercial;0;2;0;1;0;0;0;0;0;1;0;0;-38,481471;-3,741662
293963;8;7;2016;18:24;0;AV PERIMETRAL;;;;;Colisão;Anoitecer;;;Meio de Quadra;;;0;1;0;1;0;0;0;0;0;0;0;0;;
293933;8;7;2016;08:29;2976;RUA MARIA JULIA;RUA SAO FRANCISCO D50;;;;Colisão;Luz do Dia;;;Cruz;Pare;Comercial;0;2;0;1;0;0;0;0;0;1;0;0;-38,602742;-3,80092
293961;8;7;2016;18:15;1414;RUA NUNES VALENTE;RUA PDE QUINDERE;;1440;;Colisão Lateral;Via Iluminada;Bom;Seca;Cruz;Pare;Residencial;0;2;2;1;0;0;0;0;0;1;0;0;-38,504153;-3,737396
293947;8;7;2016;14:46;0;AV GAL OSORIO DE PAIVA;;;;;Colisão;Luz do Dia;;;Meio de Quadra;;;0;2;0;0;0;0;0;0;0;1;0;0;;
293948;8;7;2016;14:48;0;AV GAL OSORIO DE PAIVA;;;1864;;Colisão;Luz do Dia;;;Meio de Quadra;;;0;2;0;0;0;0;0;0;0;1;0;0;-38,578364;-3,783146
293949;8;7;2016;15:11;0;RUA JOSE MENDONCA;;;234;;Colisão;Luz do Dia;;;Meio de Quadra;;;0;2;0;0;0;0;0;0;0;1;0;0;-38,602606;-3,759369
293950;8;7;2016;15:11;0;RUA JOSE MENDONCA;;;234;;Colisão;Luz do Dia;;;Meio de Quadra;;;0;2;0;0;0;0;0;0;0;1;0;0;-38,602606;-3,759369
293951;8;7;2016;16:19;0;RUA CARIRIS;;;70;;Colisão;Luz do Dia;;;Meio de Quadra;;;0;2;0;1;0;1;0;0;0;0;0;0;-38,517215;-3,719626
293952;8;7;2016;16:28;0;AV JANGADEIROS (MUCURIPE);;;146;;Queda;Luz do Dia;;;Meio de Quadra;;;0;1;0;0;0;0;0;0;0;1;0;0;;
293953;8;7;2016;17:09;0;AV VICENTE DE CASTRO;;;412;;Queda;Anoitecer;;;Meio de Quadra;;;0;1;0;0;0;0;0;0;0;1;0;0;;
293954;8;7;2016;17:36;15250;AV BAR STUDART;RUA TEN AMAURI PIO;;;;Colisão;Anoitecer;;;T;Não Há Controle;Comercial;0;2;0;1;0;0;0;0;0;1;0;0;-38,504491;-3,72805
293955;8;7;2016;17:38;0;RUA ANTONIO FIUZA;;;560;;Atropelamento;Anoitecer;;;Meio de Quadra;;;0;1;1;1;0;0;0;0;0;0;0;0;-38,553357;-3,773298
293935;8;7;2016;08:42;26252;RUA PERGENTINO MAIA;RUA ANTONIO BARROS;;;;Colisão Lateral;Luz do Dia;Bom;Seca;Cruz;Pare;Comercial;0;1;4;1;1;0;0;0;0;0;0;0;;
293936;8;7;2016;10:07;8739;RUA CEL OLEGARIO MEMORIA;RUA RAFAEL TOBIAS;;;;Colisão;Luz do Dia;;;Cruz;Pare;Residencial;0;1;0;0;0;0;0;0;0;1;0;0;-38,472652;-3,79134
293937;8;7;2016;12:06;0;AV DOMINGOS OLIMPIO;;;;;Colisão;Luz do Dia;;;Meio de Quadra;;;0;2;0;1;0;0;0;0;0;1;0;0;;
293938;8;7;2016;12:14;0;RUA CON DE CASTRO;;;;;Queda;Luz do Dia;;;Meio de Quadra;;;0;1;0;0;0;1;0;0;0;0;0;0;;
293931;8;7;2016;08:14;0;RUA NEREU RAMOS;;;400;;Colisão;Luz do Dia;;;Meio de Quadra;;;0;2;0;1;0;0;0;0;0;1;0;0;-38,570535;-3,785884
293965;8;7;2016;18:33;0;RUA RIO GRANDE DO SUL;;;2180;;Colisão;;;;Meio de Quadra;;;0;2;0;1;0;1;0;0;0;0;0;0;-38,5719;-3,76705
293966;8;7;2016;18:48;0;RUA CAP CLOVIS MAIA;;;231;;Colisão;;;;Meio de Quadra;;;0;2;0;1;0;0;0;0;0;1;0;0;-38,515423;-3,768859
293967;8;7;2016;19:14;0;AV ALBERTO CRAVEIRO;;;2526;;Colisão;;;;Meio de Quadra;;;0;2;0;1;0;0;0;0;0;0;0;0;-38,520882;-3,802389
293968;8;7;2016;19:59;0;AV PLACIDO CASTELO;;;315;;Colisão;;;;Meio de Quadra;;;0;2;0;1;0;0;0;0;0;1;0;0;-38,50962;-3,784315
293969;8;7;2016;20:15;0;RUA JOSE SETUBAL PESSOA;;;217;;Colisão;;;;Meio de Quadra;;;0;1;0;0;0;0;0;0;0;1;0;0;;
293970;8;7;2016;20:29;0;AV DR THEBERGE;;;3719;;Atropelamento;;;;Meio de Quadra;;;0;1;1;0;0;0;0;0;0;0;0;1;;
293971;8;7;2016;20:37;20444;RUA TROPICAL;RUA STA LUCRECIA;;;;Colisão;;;;;;;0;2;0;1;0;0;0;0;0;0;0;0;-38,486282;-3,850151
293957;8;7;2016;17:41;7190;AV DR THEBERGE;RUA CAMELIA;;;;Colisão;Anoitecer;;;Cruz;Dê Preferência;Residencial;0;2;0;0;0;0;0;0;0;1;0;0;-38,563147;-3,709175
293958;8;7;2016;17:41;0;AV DR THEBERGE;;;624;;Colisão;Anoitecer;;;Meio de Quadra;;;0;2;0;0;0;0;0;0;0;1;0;0;-38,563173;-3,709253
293959;8;7;2016;18:14;0;RD BR 116;;;15000;KM-15;Colisão;Anoitecer;;;Meio de Quadra;;;0;1;1;0;0;0;0;0;0;0;0;0;-38,501113;-3,882329
293941;8;7;2016;12:32;0;AV JOSE BASTOS;;;5355;;Colisão;Luz do Dia;;;Meio de Quadra;;;0;2;0;0;0;0;0;0;0;1;0;0;;
293942;8;7;2016;12:34;0;AV CARAPINIMA;;;2415;;Colisão;Luz do Dia;;;Meio de Quadra;;;0;1;0;0;0;0;0;0;0;1;0;0;-38,540886;-3,740648
293943;8;7;2016;12:34;3803;AV CARAPINIMA;RUA DOM JERONIMO D06;;;;Queda;Luz do Dia;;;Outros;Pare;Comercial;0;2;0;0;0;0;0;0;0;1;0;0;-38,541784;-3,741551
293944;8;7;2016;13:05;0;RUA CON DE CASTRO;;;;;Queda;Luz do Dia;;;Meio de Quadra;;;0;1;0;0;0;1;0;0;0;0;0;0;;
293945;8;7;2016;14:26;0;AV BORGES DE MELO;;;2061;;Colisão;Luz do Dia;;;Meio de Quadra;;;0;2;0;1;0;0;0;0;0;1;0;0;-38,536504;-3,754403
293915;8;7;2016;00:21;12835;AV DOMINGOS OLIMPIO;RUA SOLON PINHEIRO;;;;Colisão;;;;Cruz;Semáforo;Comercial;0;2;0;1;0;0;0;0;0;1;0;0;-38,52865;-3,737409
293916;8;7;2016;01:07;0;RUA ANDRE REBOUCAS;;;84;;Colisão;;;;Meio de Quadra;;;0;2;0;1;0;0;0;0;0;1;0;0;-38,589174;-3,774425
293917;8;7;2016;03:58;0;RUA ALBERTO MAGNO;;;;;Colisão;;;;Meio de Quadra;;;0;2;0;1;0;0;0;0;0;0;0;0;;
293918;8;7;2016;06:07;0;AV DUQ CAXIAS;;;2000;;Colisão;Luz do Dia;;;Meio de Quadra;;;0;1;0;0;0;0;0;0;0;1;0;0;-38,542019;-3,727865
293919;8;7;2016;06:24;0;AV ENG HUMBERTO MONTE;;;36;;Colisão;Luz do Dia;;;Meio de Quadra;;;0;2;0;1;0;0;0;0;0;1;0;0;;
293921;8;7;2016;06:45;0;RUA JUVENCIO VASCONCELOS;;;266;;Colisão;Luz do Dia;;;Meio de Quadra;;;0;2;0;1;0;0;0;0;0;1;0;0;-38,479195;-3,724663
293922;8;7;2016;06:53;0;AV JOVITA FEITOSA;;;;;Colisão;Luz do Dia;;;Meio de Quadra;;;0;2;0;1;0;0;0;0;0;1;0;0;;
293923;8;7;2016;07:03;5255;RUA PEDRO PEREIRA;AV TRISTAO GONCALVES;;;;Colisão Transversal;Luz do Dia;Nublado;Molhada;Cruz;Semáforo;Comercial;0;2;1;1;0;0;0;0;0;1;0;0;-38,533489;-3,728075
293925;8;7;2016;07:04;0;AV PRS CASTELO BRANCO;;;3150;;Queda;Luz do Dia;;;Meio de Quadra;;;0;1;0;0;0;0;0;0;0;1;0;0;-38,558932;-3,71115
293926;8;7;2016;07:19;5397;AV DUQ CAXIAS;RUA ASSUNCAO;;;;Colisão;Luz do Dia;;;Cruz;Semáforo;Comercial;0;2;0;1;0;0;0;0;0;1;0;0;-38,527952;-3,732405
293927;8;7;2016;07:38;0;AV CASTELO DE CASTRO;;;383;;Colisão;Luz do Dia;;;Meio de Quadra;;;0;2;0;1;0;0;0;0;0;1;0;0;-38,521539;-3,832448
293928;8;7;2016;07:43;0;RUA JUVENCIO VASCONCELOS;;;270;;Colisão;Luz do Dia;;;Meio de Quadra;;;0;2;0;1;0;0;0;0;0;1;0;0;-38,47919;-3,724662
293929;8;7;2016;08:14;0;RUA CON DE CASTRO;;;1446;;Colisão;Luz do Dia;;;Meio de Quadra;;;0;2;0;1;0;0;0;0;0;1;0;0;-38,572968;-3,784485
293990;9;7;2016;00:26;15429;RUA HOMEM DE MELO;RUA DOMINGOS RAIOL;;;;Colisão;;;;Cruz;Pare;Residencial;0;2;0;1;0;0;0;0;0;1;0;0;-38,496508;-3,816531
293995;9;7;2016;00:45;0;RUA JOSE FACANHA;;;685;;Colisão;;;;Meio de Quadra;;;0;1;1;1;0;0;0;0;0;0;0;0;-38,557416;-3,751996
294046;9;7;2016;01:01;0;RUA JOSE FACANHA;;;8;;Colisão;;;;Meio de Quadra;;;0;2;0;1;0;0;0;0;0;0;0;0;;
294020;9;7;2016;00:26;15429;RUA HOMEM DE MELO;RUA DOMINGOS RAIOL;;;;Colisão;;;;Cruz;Pare;Residencial;0;2;0;1;0;0;0;0;0;1;0;0;-38,496508;-3,816531
294028;9;7;2016;00:45;0;AV A CJ CEARA;;;1230;;Colisão;;;;Meio de Quadra;;;0;1;0;0;0;0;0;0;0;1;0;0;-38,605087;-3,7721
294004;9;7;2016;02:15;0;RUA SAO SERAFIM;;;246;;Colisão;;;;Meio de Quadra;;;0;1;1;1;0;0;0;0;0;0;0;0;;
294283;9;7;2016;23:30;0;RUA NOSSA SRA DAS GRACAS;;;;;Colisão;;;;Meio de Quadra;;;0;1;0;0;0;0;0;0;0;1;0;0;;
294269;9;7;2016;22:28;0;AV SEN CARLOS JEREISSATI (AEROPORTO);;;;;Colisão;;;;Meio de Quadra;;;0;2;0;1;0;0;0;0;0;1;0;0;;
294273;9;7;2016;22:59;0;RD BR 116;;;;;Colisão;;;;Meio de Quadra;;;0;2;0;1;0;0;0;0;0;1;0;0;;
294278;9;7;2016;23:02;632;AV PASTEUR;RUA ENG JOAO NOGUEIRA;;;;Colisão;;;;Cruz;Pare;Comercial;0;2;0;0;0;0;0;0;0;1;0;0;-38,559415;-3,712927
294280;9;7;2016;23:18;0;RUA OSCAR ARARIPE;;;409;;Colisão;;;;Meio de Quadra;;;0;1;0;1;0;0;0;0;0;0;0;0;-38,595045;-3,79256
294285;9;7;2016;23:31;0;RUA NOSSA SRA DAS GRACAS;;;1107;;Colisão;;;;Meio de Quadra;;;0;1;0;0;0;0;0;0;0;1;0;0;-38,559356;-3,708392
294287;9;7;2016;23:51;0;RUA AMARO JOSE DE SOUZA;;;415;;Queda;;;;Meio de Quadra;;;0;1;0;0;0;0;0;0;0;1;0;0;-38,567687;-3,825136
294288;9;7;2016;23:58;15277;AV ANTONIO JUSTA;AV SEN VIRGILIO TAVORA;;;;Colisão;;;;Cruz;Semáforo;Residencial;0;2;0;1;0;0;0;0;0;1;0;0;-38,490692;-3,728875
294267;9;7;2016;22:23;3000;RUA MARIA JULIA;RUA MARCELO SANTA FE;;;;Colisão;;;;;;;0;2;0;1;0;0;0;0;0;1;0;0;-38,604002;-3,803345
294261;9;7;2016;22:09;0;AV DR THEBERGE;;;1742;;Colisão;;;;Meio de Quadra;;;0;2;0;1;0;0;0;0;0;1;0;0;-38,565738;-3,717013
294256;9;7;2016;22:01;0;AV ROGACIANO LEITE;;;444;;Capotamento;;;;Meio de Quadra;;;0;1;0;1;0;0;0;0;0;0;0;0;-38,493887;-3,762506
294252;9;7;2016;21:46;0;AV SEN CARLOS JEREISSATI (AEROPORTO);;;;;Queda;;;;Meio de Quadra;;;0;1;0;0;0;0;0;0;0;1;0;0;;
294236;9;7;2016;18:32;0;RUA FRANCISCO ALMEIDA;;;830;;Colisão Frontal;Via Iluminada;Bom;Seca;Meio de Quadra;Pare;Residencial;0;2;2;1;0;0;0;0;0;0;0;0;-38,593579;-3,821205
294237;9;7;2016;19:09;0;AV IMPERADOR;;;1397;;Colisão;;;;Meio de Quadra;;;0;2;0;1;0;0;0;0;0;1;0;0;-38,536277;-3,73339
294238;9;7;2016;19:32;0;RUA OSCAR ARARIPE;;;1563;;Colisão;;;;Meio de Quadra;;;0;2;0;1;0;0;0;0;0;1;0;0;-38,605397;-3,789253
294239;9;7;2016;20:11;0;AV 1 CANINDEZINHO;;;;;Queda;;;;Meio de Quadra;;;0;1;0;0;0;0;0;0;0;1;0;0;;
294234;9;7;2016;17:53;0;RUA ARQUIMEDES MEMORIA;;;979;;Colisão;Anoitecer;;;Meio de Quadra;;;0;2;0;1;0;0;0;0;0;0;0;0;;
294241;9;7;2016;20:46;0;AV MIN JOSE AMERICO;;;;;Colisão;;;;Meio de Quadra;;;0;2;0;0;0;0;0;0;0;1;0;0;;
294223;9;7;2016;17:45;50;RUA HIPOLITO PAMPLONA;RUA CEL JOAQUIM FRANKLIN;;;;Colisão;Anoitecer;;;Meio de Quadra;Não Há Controle;Residencial;0;2;0;1;0;0;0;0;0;1;0;0;-38,596316;-3,743697
294219;9;7;2016;17:37;9995;RUA EMILIO DE MENESES;RUA AIRES DA CUNHA;;;;Queda;Anoitecer;;;Cruz;Outros;Residencial;0;1;0;0;0;1;0;0;0;0;0;0;-38,604241;-3,777019
294216;9;7;2016;17:31;0;AV CONTORNO SUL;;;;;Colisão;Anoitecer;;;Meio de Quadra;;;0;3;0;0;0;0;0;0;0;1;0;0;;
294185;9;7;2016;15:55;0;RD BR 116;;;2777;;Colisão;Luz do Dia;;;Meio de Quadra;;;0;2;0;1;0;0;0;0;0;1;0;0;;
294186;9;7;2016;16:03;0;AV DES GONZAGA;;;68;;Colisão Lateral;Via Iluminada;Bom;Seca;Meio de Quadra;Não Há Controle;Comercial;0;0;4;1;1;0;0;0;0;0;0;0;-38,504291;-3,787618
294167;9;7;2016;12:31;7662;RUA MINAS GERAIS;RUA RIO GRANDE DO NORTE;;;;Colisão;Luz do Dia;;;Cruz;Pare;Residencial;0;2;0;0;0;0;0;0;0;1;0;0;;
294195;9;7;2016;17:28;0;AV JOSE BASTOS;;;4700;;Colisão;Anoitecer;;;Meio de Quadra;;;0;2;0;1;0;0;0;0;0;1;0;0;-38,557516;-3,756873
294165;9;7;2016;12:04;0;RUA PRO VIRGILIO DE MORAIS;;;;;Colisão;Luz do Dia;;;Meio de Quadra;;;0;1;0;1;0;0;0;0;0;0;0;0;;
294179;9;7;2016;13:08;0;RUA ALUISIO AZEVEDO;;;845;;Colisão;Luz do Dia;;;Meio de Quadra;;;0;2;0;1;0;0;0;0;0;1;0;0;-38,580089;-3,769735
294180;9;7;2016;15:28;19174;RUA PRO OTAVIO LOBO;RUA PEREIRA DE MIRANDA;;;;Colisão;Luz do Dia;;;Cruz;Pare;Residencial;0;2;0;1;0;0;0;0;0;1;0;0;-38,476904;-3,741389
294181;9;7;2016;15:41;0;AV CONTORNO SUL;;;960;;Colisão;Luz do Dia;;;Meio de Quadra;;;0;2;0;0;0;0;0;0;0;1;0;0;-38,518659;-3,836973
294182;9;7;2016;15:43;0;RUA PEREIRA DE MIRANDA;;;1005;;Colisão;Luz do Dia;;;Meio de Quadra;;;0;2;0;1;0;0;0;0;0;1;0;0;-38,47737;-3,741238
294183;9;7;2016;15:44;0;RD BR 116;;;;;Colisão;Luz do Dia;;;Meio de Quadra;;;0;2;0;0;0;0;0;0;0;1;0;0;;
294176;9;7;2016;12:58;0;AV SEN FERNANDES TAVORA;;;2433;;Colisão;Luz do Dia;;;Meio de Quadra;;;0;2;0;1;0;0;0;0;0;1;0;0;-38,594468;-3,755837
294172;9;7;2016;12:40;0;RUA ALUISIO AZEVEDO;;;830;;Colisão;Luz do Dia;;;Meio de Quadra;;;0;2;0;1;0;0;0;0;0;1;0;0;-38,579941;-3,769807
294173;9;7;2016;12:42;0;RUA CESAR CORREIA;;;1170;;Colisão;Luz do Dia;;;Meio de Quadra;;;0;1;0;0;0;1;0;0;0;0;0;0;;
294149;9;7;2016;11:45;0;ET DO ANCURI;;;242;;Atropelamento;Luz do Dia;;;Meio de Quadra;;;0;2;0;0;0;0;0;0;0;1;0;0;;
294154;9;7;2016;11:49;0;RUA PRO VIRGILIO DE MORAIS;;;931;;Colisão;Luz do Dia;;;Meio de Quadra;;;0;1;0;1;0;0;0;0;0;0;0;0;-38,597745;-3,756875
294156;9;7;2016;12:01;0;RD BR 116;;;;;Colisão;Luz do Dia;;;Meio de Quadra;;;0;2;0;1;0;0;0;0;0;1;0;0;;
294146;9;7;2016;11:10;0;AV ODILON GUIMARAES;;;3721;;Colisão;Luz do Dia;;;Meio de Quadra;;;0;2;0;1;0;0;0;0;0;1;0;0;-38,468343;-3,815177
294122;9;7;2016;07:35;0;AV GAL OSORIO DE PAIVA;;;7995;;Colisão;Luz do Dia;;;Meio de Quadra;;;0;2;0;1;0;0;0;0;0;1;0;0;-38,61798;-3,821133
294118;9;7;2016;06:56;0;AV DR THEBERGE;;;;;Colisão;Luz do Dia;;;Meio de Quadra;;;0;1;1;0;0;0;0;0;0;0;0;1;;
294128;9;7;2016;10:47;0;RUA DR JOAQUIM BENTO;;;440;;Colisão;Luz do Dia;;;Meio de Quadra;;;0;2;0;1;0;0;0;0;0;1;0;0;;
294129;9;7;2016;10:53;12190;RUA CAROA CJ A TAMANDARE;RUA MUIRA;;;;Atropelamento;Luz do Dia;;;;;;0;2;0;0;0;0;0;0;0;1;0;0;-38,516852;-3,839648
294133;9;7;2016;11:09;22882;RUA DUARTE PIMENTEL;RUA CON LIMA SUCUPIRA;;2428;;Colisão Lateral;Luz do Dia;Bom;Seca;T;Não Há Controle;Residencial;0;1;2;0;0;1;0;0;0;1;0;0;-38,542367;-3,781012
294124;9;7;2016;07:47;0;RUA MARIA GOMES DE SA;;;;;Queda;Luz do Dia;;;Meio de Quadra;;;0;1;0;0;0;0;0;0;0;1;0;0;;
294126;9;7;2016;09:28;17462;AV ABOLICAO;AV BEIRA MAR;;;;Colisão;Luz do Dia;;;Cruz;Semáforo;Comercial;0;2;0;1;0;0;0;0;0;1;0;0;-38,478759;-3,721576
294110;9;7;2016;06:43;1496;RUA ILDEFONSO ALBANO;RUA PDE VALDEVINO;;;;Colisão;Luz do Dia;;;Cruz;Semáforo;Comercial;0;2;0;1;0;0;0;0;0;1;0;0;-38,515423;-3,739573
294084;9;7;2016;06:43;1496;RUA ILDEFONSO ALBANO;RUA PDE VALDEVINO;;;;Colisão;Luz do Dia;;;Cruz;Semáforo;Comercial;0;0;1;1;0;0;0;0;0;1;0;0;-38,515423;-3,739573
294068;9;7;2016;06:21;0;RUA BAR RIO BRANCO;;;20;;Atropelamento;Luz do Dia;;;Meio de Quadra;;;0;2;0;0;0;0;0;0;0;1;0;0;;
294059;9;7;2016;04:12;0;AV DIOGUINHO;;;;;Atropelamento;;;;Meio de Quadra;;;0;1;1;1;0;0;0;0;0;0;0;0;;
294061;9;7;2016;04:19;0;AV WASHINGTON SOARES;;;;;Queda;;;;Meio de Quadra;;;0;2;0;0;0;0;0;0;0;1;0;0;;
294055;9;7;2016;03:07;0;RUA CRUZEIRO D69;;;1344;;Colisão;;;;Meio de Quadra;;;0;2;0;1;1;0;0;0;0;0;0;0;;
294057;9;7;2016;03:57;0;AV ZEZE DIOGO;;;8560;;Atropelamento;;;;Meio de Quadra;;;0;2;0;1;0;0;0;0;0;0;0;0;;
301197;9;7;2016;06:15;1279;AV DOM LUIS;RUA OSVALDO CRUZ (ALDEOTA);;0;;Colisão Transversal;Luz do Dia;Bom;Seca;Cruz;Semáforo;Comercial;0;0;1;1;0;0;0;0;0;0;0;0;-38,499353;-3,732616
301198;9;7;2016;09:30;0;RUA MANUEL JACARE;RUA DA PAZ;;0;;Colisão Transversal;Luz do Dia;Bom;Seca;Cruz;Pare;Residencial;0;0;2;1;0;0;0;0;0;0;0;0;;
301199;9;7;2016;10:12;5081;RUA VINTE E QUATRO DE MAIO;RUA CASTRO E SILVA;;0;;Colisão Traseira;Luz do Dia;Bom;Seca;Cruz;Semáforo;Comercial;0;0;2;1;1;0;0;0;0;0;0;0;-38,530653;-3,722746
301200;9;7;2016;10:45;25135;AV BEZERRA DE MENEZES;RUA CONRADO CABRAL;;0;;Colisão Transversal;Luz do Dia;Bom;Seca;T;Pare;Comercial;0;1;2;1;1;0;0;0;0;0;0;0;-38,549851;-3,732636
301201;9;7;2016;11:18;0;RUA JOAQUIM MAGALHAES;;;10;;Colisão Lateral;Luz do Dia;Bom;Seca;Meio de Quadra;Pare;Comercial;0;0;2;1;0;0;0;0;0;0;0;0;-38,535528;-3,737134
301202;9;7;2016;14:42;0;AV ROGACIANO LEITE;;;900;;Colisão Traseira;Luz do Dia;Bom;Seca;Meio de Quadra;Semáforo;Residencial;0;0;2;1;0;0;0;0;0;0;0;0;-38,495042;-3,764269
301203;9;7;2016;20:22;0;RUA CARLOS AMORA;RUA PEDRO II;;0;;Colisão Lateral;Via Iluminada;Bom;Seca;Meio de Quadra;Pare;Comercial;0;1;1;1;0;0;0;0;0;0;0;0;;
301204;9;7;2016;20:45;19689;RUA DOM LINO;RUA GUSTAVO SAMPAIO;;0;;Colisão Transversal;Via Iluminada;Bom;Seca;Cruz;Pare;Residencial;0;0;2;1;0;0;0;0;0;0;0;0;-38,557313;-3,735435
289463;9;7;2016;11:00;0;RD CE-040;;;;KM-04;Colisão;Luz do Dia;Bom;Seca;Meio de Quadra;;;0;0;2;0;0;0;0;0;0;0;0;0;-38,481084;-3,782614
289461;9;7;2016;11:20;0;RD CE-040;;;;KM-08;Colisão;Luz do Dia;Bom;Seca;Meio de Quadra;;;0;0;2;1;0;0;0;0;0;0;0;0;-38,483033;-3,817159
289458;9;7;2016;11:00;0;RD CE-040;;;;KM-07;Colisão;Luz do Dia;Bom;Seca;Meio de Quadra;;;0;0;2;1;0;0;0;0;0;0;0;0;-38,478733;-3,809597
289469;9;7;2016;20:30;0;AV MIN JOSE AMERICO;;;;;Colisão;;Bom;Seca;Meio de Quadra;;;0;0;2;0;0;0;0;0;0;1;0;0;;
289526;9;7;2016;15:30;18024;AV ZEZE DIOGO;RUA RENATO BRAGA;;;;Outros;Luz do Dia;Bom;Seca;Cruz;Semáforo;Lazer;0;0;2;1;0;0;0;0;0;0;0;0;-38,457892;-3,73092
289517;9;7;2016;09:45;22672;AV COS GOMES DE FREITAS (SAPIRANGA/COITE);RUA ELISEU ORIA;;;;Colisão Transversal;Luz do Dia;Bom;Seca;Cruz;Pare;Residencial;0;0;2;0;1;0;0;0;0;0;0;0;-38,477418;-3,795487
289542;9;7;2016;17:20;0;AV PRS CASTELO BRANCO;;;1215;;Colisão Traseira;Anoitecer;Bom;Seca;Meio de Quadra;;Comercial;0;0;2;0;0;0;0;0;0;0;0;0;-38,535102;-3,718235
289534;9;7;2016;;15225;RUA TEN BENEVOLO;RUA ILDEFONSO ALBANO;;;;Colisão Lateral;Luz do Dia;Bom;Seca;Cruz;Semáforo Intermitente;Residencial;0;0;2;1;0;0;0;0;0;0;0;0;-38,511332;-3,727294