COD_ACIDENTE;DIA;MES;ANO;HORA;INTERSECAO;LOG1;LOG2;LOG3;NUMERO;REFERENCIA;NATUREZA;ILUMINACAO;TEMPO;SUPERFICIEPISTA;TIPOCRUZAMENTO;CONTROLETRAFEGO;USOSOLO;MORTOS;FERIDOS;ILESOS;AUTOMOVEL;ONIBUS;BICICLETA;CAMINHAO;MICROONIBUS;CICLOMOTOR;MOTOCICLETA;TRACAOANIMAL;TREM;LONG;LAT
289590;9;7;2016;14:00;25070;AV DOS EXPEDICIONARIOS;RUA ALM RUFINO;;;;Colisão Lateral;Luz do Dia;Bom;Seca;Cruz;Semáforo;Comercial;0;0;2;1;0;0;0;0;0;0;0;0;-38,541286;-3,765289
289581;9;7;2016;13:30;5433;RUA METON DE ALENCAR;RUA MAJ FACUNDO;;;;Colisão Transversal;Luz do Dia;Bom;Seca;Cruz;Pare;Comercial;0;0;3;1;0;0;0;0;0;0;0;0;-38,529899;-3,733917
289568;9;7;2016;19:40;3928;AV IMPERADOR;RUA ANTONIO POMPEU;;;;Capotamento;Anoitecer;Bom;Seca;Cruz;Semáforo;Comercial;0;0;2;1;0;0;0;0;0;0;0;0;-38,536179;-3,733045
289683;9;7;2016;13:00;0;AV AGUANAMBI;;;;ROTATÓRIA;Colisão Lateral;Luz do Dia;Bom;Seca;Meio de Quadra;;Comercial;0;0;2;1;1;0;0;0;0;0;0;0;;
289608;9;7;2016;16:00;0;AV OLIVEIRA PAIVA;;;535;;Colisão Traseira;Luz do Dia;Bom;Seca;Meio de Quadra;;Escola;0;0;2;1;0;0;0;0;1;0;0;0;;
289628;9;7;2016;09:30;2976;RUA MARIA JULIA;RUA SAO FRANCISCO D50;;;;Colisão Transversal;Luz do Dia;Bom;Seca;Cruz;Pare;Comercial;0;0;2;1;0;0;0;0;0;0;0;0;-38,602742;-3,80092
289630;9;7;2016;19:30;0;AV ANTONIO JUSTA;;;4014;;Colisão Traseira;Via Iluminada;Bom;Seca;Meio de Quadra;Não Há Controle;Residencial;0;0;2;1;0;0;0;0;0;0;0;0;-38,48517;-3,730723
289634;9;7;2016;14:50;15277;AV SEN VIRGILIO TAVORA;AV ANTONIO JUSTA;;;;Colisão Transversal;Luz do Dia;Bom;Seca;Cruz;Semáforo;Comercial;0;0;2;1;0;0;0;0;0;0;0;0;-38,490692;-3,728875
289636;9;7;2016;21:40;0;AV SEN CARLOS JEREISSATI (AEROPORTO);;;;KM 02;Colisão;;Bom;Seca;Meio de Quadra;;;0;0;2;1;0;0;0;0;0;1;0;0;-38,535424;-3,782194
289639;9;7;2016;15:00;17310;RUA ALBERTO MAGNO;RUA ALVARO FERNANDES;;;;Colisão Transversal;Luz do Dia;Bom;Seca;Cruz;Semáforo;Comercial;0;0;2;1;0;0;0;0;0;0;0;0;-38,549422;-3,764244
288026;9;7;2016;15:40;0;RD BR 116;;;100;KM-15;Colisão Lateral;Luz do Dia;Bom;Seca;Meio de Quadra;;;0;3;0;0;0;0;0;0;0;1;0;0;-38,50122404;-3,883427193
288027;9;7;2016;22:55;0;RD BR 116;;;0;KM-12;Colisão Transversal;;Bom;Seca;Meio de Quadra;;;0;2;1;0;0;0;0;0;1;1;0;0;-38,49620521;-3,856910158
289633;10;7;2016;12:15;0;RD CE-040;;;;KM-06;Colisão;Luz do Dia;Bom;Seca;Meio de Quadra;;;0;0;2;1;0;0;0;0;0;1;0;0;-38,479535;-3,800596
289765;10;7;2016;20:00;9034;RUA CEL SOLON;AV AGUANAMBI;;;;Colisão Traseira;Via Iluminada;Bom;Seca;Cruz;Semáforo;Comercial;0;0;2;1;0;0;0;0;0;0;0;0;-38,525818;-3,742854
289766;10;7;2016;07:00;15224;AV BAR STUDART;RUA DEP MOREIRA DA ROCHA;;;;Engavetamento;Luz do Dia;Bom;Seca;Cruz;Semáforo;Outros;0;0;3;1;0;0;0;0;0;0;0;0;-38,504238;-3,727254
289757;10;7;2016;14:00;0;AV CAP WALDEMAR PAULA LIMA;;;386;;Choque c/ Obstáculo Fixo;Luz do Dia;Bom;Seca;Outros;Não Há Controle;Residencial;1;0;0;0;0;0;0;0;0;1;0;0;-38,50745;-3,816522
289742;10;7;2016;14:30;12674;RUA GUILHERME MENDES;AV CEL CARVALHO;;;;Colisão Lateral;Luz do Dia;Bom;Seca;Cruz;Pare;Residencial;0;0;2;1;0;0;0;0;0;0;0;0;-38,587094;-3,720651
289747;10;7;2016;18:30;0;RUA COS LAFAYETE;;;970;;Colisão Lateral;Anoitecer;Bom;Seca;Meio de Quadra;Não Há Controle;Comercial;0;2;1;1;0;0;0;0;0;1;0;0;-38,587023;-3,717589
289696;10;7;2016;00:30;15399;AV FRE CIRILO;RUA ALMEIDA REGO;;;;Colisão Lateral;Via Iluminada;Bom;Seca;T;Semáforo;Comercial;0;1;1;1;0;0;0;0;0;0;0;0;-38,498444;-3,814967
289700;10;7;2016;10:40;0;AV SANTOS DUMONT;;;5229;;Colisão Traseira;Luz do Dia;Bom;Seca;Meio de Quadra;Gesto;Comercial;0;0;2;1;0;0;0;0;0;0;0;0;-38,484972;-3,740555
289883;10;7;2016;05:40;6733;AV ENG SANTANA JUNIOR;RUA ANDRADE FURTADO;;;;Colisão Traseira;Luz do Dia;Bom;Seca;T;Não Há Controle;Comercial;0;0;2;1;0;0;0;0;0;0;0;0;-38,487269;-3,743312
289888;10;7;2016;12:00;19068;AV ENG SANTANA JUNIOR;RUA PRO SILAS RIBEIRO;;;;Colisão Lateral;Luz do Dia;Bom;Seca;Cruz;Semáforo;Comercial;0;1;1;1;0;0;0;0;0;1;0;0;-38,482901;-3,736968
289877;10;7;2016;00:01;15277;AV SEN VIRGILIO TAVORA;AV ANTONIO JUSTA;;;;;Via Iluminada;Bom;Seca;Cruz;Semáforo;Residencial;0;1;0;0;0;0;0;0;0;1;0;0;-38,490692;-3,728875
289872;10;7;2016;10:21;0;AV DEP PAULINO ROCHA;;;;;Colisão;Luz do Dia;Bom;Seca;Meio de Quadra;Pare;Comercial;0;0;2;0;0;0;0;0;0;1;0;0;;
289832;10;7;2016;18:40;12954;AV PRS COSTA E SILVA;RUA BERNARDO MANUEL;;;;Colisão Traseira;Via Iluminada;Bom;Seca;Cruz;Semáforo;Comercial;0;0;2;1;0;0;0;0;0;0;0;0;-38,558276;-3,821079
289844;10;7;2016;06:35;12457;AV AUGUSTO DOS ANJOS;RUA PRO GOMES BRASIL;;;;Colisão Traseira;Luz do Dia;Bom;Seca;Cruz;Semáforo;Comercial;0;0;2;0;0;0;0;1;0;0;0;0;-38,570427;-3,770153
289825;10;7;2016;08:30;6756;AV ENG SANTANA JUNIOR;AV ANTONIO SALES;;;;Outros;Luz do Dia;Bom;Seca;Outros;Não Há Controle;Outros;0;0;3;1;1;0;0;0;0;1;0;0;-38,490039;-3,749257
301205;10;7;2016;08:18;0;RUA DR GILBERTO STUDART;;;770;;Colisão Traseira;Luz do Dia;Bom;Seca;Meio de Quadra;Não Há Controle;Residencial;0;0;1;1;0;0;0;0;0;0;0;0;-38,481203;-3,743532
301206;10;7;2016;16:35;0;AV CARAPINIMA;;;2415;;Colisão Lateral;Luz do Dia;Bom;Seca;Meio de Quadra;Não Há Controle;Comercial;0;0;2;1;0;0;0;0;0;0;0;0;-38,540886;-3,740648
301207;10;7;2016;17:46;12440;AV AUGUSTO DOS ANJOS;RUA ARARIPE PRATA;;0;;Colisão Lateral;Luz do Dia;Bom;Seca;Cruz;Pare;Comercial;0;0;2;1;0;0;0;0;0;0;0;0;-38,571749;-3,771936
301208;10;7;2016;18:50;0;RUA CEL ALVES TEIXEIRA;;;1246;;Colisão Transversal;Via Iluminada;Bom;Seca;Meio de Quadra;Semáforo;Residencial;0;0;2;1;0;0;0;0;0;0;0;0;-38,510153;-3,746437
301209;10;7;2016;19:51;0;AV BEIRA MAR;;;4778;;Colisão Lateral;Via Iluminada;Bom;Seca;Outros;Não Há Controle;Comercial;0;0;2;1;0;0;0;0;0;0;0;0;;
301675;10;7;2016;18:05;0;RUA VERBENA;;;713;;Colisão Traseira;Luz do Dia;Bom;Seca;Meio de Quadra;Não Há Controle;Comercial;0;0;2;1;1;0;0;0;0;0;0;0;-38,589385;-3,783319
294299;10;7;2016;02:10;0;AV PRS CASTELO BRANCO;;;;;Colisão;;;;Meio de Quadra;;;0;2;0;0;0;0;0;0;0;1;0;0;;
294296;10;7;2016;00:48;0;RUA URUCUTUBA;;;2431;;Queda;;;;Meio de Quadra;;;0;1;0;0;0;0;0;0;0;1;0;0;-38,619736;-3,799168
294290;10;7;2016;00:08;0;RUA AMARO JOSE DE SOUZA;;;;;Queda;;;;Meio de Quadra;;;0;1;0;0;0;0;0;0;0;1;0;0;;
294292;10;7;2016;00:08;15277;AV ANTONIO JUSTA;AV SEN VIRGILIO TAVORA;;;;Colisão;;;;Cruz;Semáforo;Residencial;0;2;0;1;0;0;0;0;0;1;0;0;-38,490692;-3,728875
294293;10;7;2016;00:11;0;RUA ANTONIO DIVINO;;;183;;Colisão;;;;Meio de Quadra;;;0;1;0;0;0;0;0;0;0;1;0;0;;
294294;10;7;2016;00:13;0;AV FRE CIRILO;;;;;Colisão;;;;Meio de Quadra;;;0;1;0;0;0;0;0;0;0;1;0;0;;
294307;10;7;2016;02:23;19026;RUA DES WALDETARIO P MOTA;RUA RAMOS BOTELHO;;;;Colisão;;;;Cruz;Pare;Residencial;0;2;0;1;0;0;0;0;0;0;0;0;;
294313;10;7;2016;02:28;0;RUA PRO SILAS RIBEIRO;;;89;;Atropelamento;;;;Meio de Quadra;;;0;2;0;1;0;0;0;0;0;0;0;0;-38,484479;-3,73646
294314;10;7;2016;02:48;0;RUA NOSSA SRA DAS GRACAS;;;720;;Colisão;;;;Meio de Quadra;;;0;2;0;0;0;0;0;0;0;1;0;0;-38,554841;-3,709713
294316;10;7;2016;02:49;0;AV DIOGUINHO;;;;;Queda;;;;Meio de Quadra;;;0;1;0;0;0;0;0;0;0;1;0;0;;
294321;10;7;2016;04:48;0;AV ALBERTO CRAVEIRO;;;;;Colisão;;;;Meio de Quadra;;;0;1;0;0;0;0;0;0;0;1;0;0;;
294322;10;7;2016;05:27;0;RUA GERMANO FRANCK;;;;;Colisão;Amanhecer;;;Meio de Quadra;;;0;1;0;1;0;0;0;0;0;0;0;0;;
294323;10;7;2016;06:15;15659;RUA AFONSO HENRIQUE;RUA CAP SANTOS D60;;;;Colisão;Luz do Dia;;;;;;0;2;0;0;0;0;0;0;0;1;0;0;-38,483091;-3,825615
294340;10;7;2016;07:48;0;AV PERIMETRAL;;;546;;Colisão;Luz do Dia;;;Meio de Quadra;;;0;0;2;0;0;0;0;0;0;0;0;0;;
294335;10;7;2016;07:48;0;AV PERIMETRAL;;;546;;Colisão;Luz do Dia;;;Meio de Quadra;;;0;1;0;0;0;0;0;0;0;1;0;0;;
294325;10;7;2016;07:30;0;RUA OUTONO;;;531;;Colisão;Luz do Dia;;;Meio de Quadra;;;0;1;1;1;0;0;0;0;0;1;0;0;;
294318;10;7;2016;03:15;0;RUA NAPOLEAO LAUREANO;;;59;;Colisão;;;;Meio de Quadra;;;0;2;0;1;0;0;0;0;0;0;0;0;;
294319;10;7;2016;03:38;0;RUA NOSSA SRA DAS GRACAS;;;379;;Colisão;;;;Meio de Quadra;;;0;3;0;1;0;0;0;0;0;1;0;0;-38,551772;-3,710724
294327;10;7;2016;07:30;10977;RUA OUTONO;RUA JULIO VERNE;;;;Colisão;Luz do Dia;;;Cruz;Pare;Comercial;0;2;0;1;0;0;0;0;0;1;0;0;-38,554348;-3,77493
294381;10;7;2016;13:24;0;RUA MARTINS CARVALHO;;;1146;;Colisão;Luz do Dia;;;Meio de Quadra;;;0;1;0;0;0;0;0;0;0;1;0;0;-38,604749;-3,795143
294378;10;7;2016;12:40;26252;RUA ANTONIO BARROS;RUA PERGENTINO MAIA;;;;Colisão;Luz do Dia;;;Cruz;Pare;Comercial;0;2;0;1;1;0;0;0;0;0;0;0;;
294373;10;7;2016;12:12;24347;AV LUCIANO CARNEIRO;RUA DES PRAXEDES;;;;Colisão Transversal;Luz do Dia;Bom;Seca;Cruz;Semáforo;Comercial;0;1;2;1;0;0;0;0;0;0;0;0;-38,536679;-3,764934
294374;10;7;2016;12:14;0;AV PRS CASTELO BRANCO;;;486;;Colisão;Luz do Dia;;;Meio de Quadra;;;0;2;0;1;0;0;0;0;0;1;0;0;;
294367;10;7;2016;11:12;9470;RUA MARIA CLARA;RUA RIO TOCANTINS;;;;Colisão;Luz do Dia;;;Cruz;Pare;Residencial;0;2;0;1;0;0;0;0;0;1;0;0;-38,581412;-3,725805
294363;10;7;2016;09:29;0;AV MOZART PINHEIRO DE LUCENA;;;615;;Choque c/ Obstáculo Fixo;Luz do Dia;;;Meio de Quadra;;;0;2;0;1;0;1;0;0;0;0;0;0;-38,59269;-3,707984
294364;10;7;2016;10:41;0;RUA CEL MATOS DOURADO;;;1220;;Colisão;Luz do Dia;;;Meio de Quadra;;;0;2;0;1;0;0;0;0;0;1;0;0;-38,584692;-3,749092
294351;10;7;2016;09:18;0;RUA MAJ GERARDO MENDES;;;330;;Colisão;Luz do Dia;;;Meio de Quadra;;;0;1;0;0;0;1;0;0;0;0;0;0;-38,513197;-3,766319
294342;10;7;2016;07:49;4535;RUA CEL ZACARIAS J FRANCA;RUA FRANCISCA N RAMOS;;;;Colisão;Luz do Dia;;;Outros;Outros;Residencial;0;2;0;0;0;0;0;0;0;1;0;0;-38,503506;-3,807724
294343;10;7;2016;08:29;0;AV CASTELO DE CASTRO;;;;;Colisão;Luz do Dia;;;Meio de Quadra;;;0;2;0;1;0;0;0;0;0;1;0;0;;
294353;10;7;2016;09:27;0;AV MOZART PINHEIRO DE LUCENA;;;607;;Atropelamento;Luz do Dia;;;Meio de Quadra;;;0;2;0;1;0;0;0;0;0;0;0;0;-38,592643;-3,707826
294354;10;7;2016;09:29;0;AV MOZART PINHEIRO DE LUCENA;;;615;;Colisão;Luz do Dia;;;Meio de Quadra;;;0;1;0;1;0;1;0;0;0;0;0;0;-38,59269;-3,707984
294390;10;7;2016;13:40;0;AV PRS CASTELO BRANCO;;;;;Colisão;Luz do Dia;;;Meio de Quadra;;;0;2;0;0;0;0;0;0;0;1;0;0;;
294391;10;7;2016;14:40;0;AV DES MOREIRA;;;;;Colisão;Luz do Dia;;;Meio de Quadra;;;0;2;0;1;0;0;0;0;0;1;0;0;;
294392;10;7;2016;15:08;0;AV PRO GOMES DE MATOS;;;325;;Colisão;Luz do Dia;;;Meio de Quadra;;;0;2;0;0;1;0;0;0;0;0;0;0;-38,542082;-3,75704
294399;10;7;2016;16:14;0;RUA TIBIRICA;;;266;;Colisão;Luz do Dia;;;Meio de Quadra;;;0;2;0;1;0;0;0;0;0;1;0;0;;
294396;10;7;2016;15:26;23502;RUA FIS VIEIRA;RUA CARVALHO JUNIOR;;;;Colisão;Luz do Dia;;;;;;0;2;0;0;0;0;0;0;0;1;0;0;-38,514853;-3,758924
294401;10;7;2016;16:18;0;RUA BOM JESUS (GRANJA LISBOA);;;1548;;Colisão;Luz do Dia;;;Meio de Quadra;;;0;2;0;1;0;0;0;0;0;1;0;0;-38,606483;-3,792702
294404;10;7;2016;17:05;0;RUA CEL FABRICIANO;;;389;;Colisão;Anoitecer;;;Meio de Quadra;;;0;2;0;1;0;0;0;0;0;1;0;0;-38,593742;-3,786864
294405;10;7;2016;17:06;0;AV ROGACIANO LEITE;;;2160;;Colisão;Anoitecer;;;Meio de Quadra;;;0;2;0;0;0;0;0;0;0;1;0;0;-38,499111;-3,773825
294407;10;7;2016;17:42;0;RUA JULIO BRAGA;;;1372;;Colisão;Anoitecer;;;Meio de Quadra;;;0;2;0;0;0;0;0;0;0;1;0;0;-38,583256;-3,774206
294413;10;7;2016;18:54;0;AV DR SILAS MUNGUBA;;;1403;;Colisão;;;;Meio de Quadra;;;0;2;0;1;0;0;0;0;0;1;0;0;-38,554;-3,783818
294418;10;7;2016;19:15;0;RUA ANTONIO ARRUDA;;;931;;Colisão;;;;Meio de Quadra;;;0;2;0;0;0;0;0;0;0;1;0;0;;
294419;10;7;2016;19:18;0;RUA DES HERMES PARAHYBA;;;931;;Colisão;;;;Meio de Quadra;;;0;2;0;0;0;0;0;0;0;1;0;0;-38,592005;-3,712976
294420;10;7;2016;19:21;0;RUA PRO HERIBALDO COSTA;;;618;;Colisão;;;;Meio de Quadra;;;0;2;0;1;0;0;0;0;0;1;0;0;;
294410;10;7;2016;18:23;0;AV GAL OSORIO DE PAIVA;;;6112;;Choque c/ Obstáculo Fixo;Mal Iluminada;Bom;Seca;Meio de Quadra;Não Há Controle;Comercial;0;0;2;1;0;0;0;0;0;1;0;0;-38,606789;-3,809634
294411;10;7;2016;18:49;0;RUA STA LIDUINA D42;;;144;;Atropelamento;;;;Meio de Quadra;;;0;1;1;1;0;0;0;0;0;0;0;0;-38,5851;-3,799581
294422;10;7;2016;19:23;0;RUA ALVES BEZERRA;;;178;;Colisão;;;;Meio de Quadra;;;0;1;0;1;0;0;0;0;0;0;0;0;-38,607965;-3,808572
294449;10;7;2016;23:20;0;AV ENG HUMBERTO MONTE;;;;;Colisão;;;;Meio de Quadra;;;0;3;0;1;0;0;0;0;0;1;0;0;;
294439;10;7;2016;21:53;0;AV DIOGUINHO;;;;;Colisão;;;;Meio de Quadra;;;0;1;0;1;0;0;0;0;0;0;0;0;;
294426;10;7;2016;20:04;0;AV DIOGUINHO;;;5521;;Colisão;;;;Meio de Quadra;;;0;2;0;0;0;0;0;0;0;1;0;0;;
294427;10;7;2016;21:02;0;RUA NUNES VALENTE;;;1430;;Colisão Transversal;Via Iluminada;Bom;Seca;Cruz;Pare;Residencial;0;1;3;1;0;0;0;0;0;1;0;0;-38,50405;-3,737213
294429;10;7;2016;21:32;0;AV PRS JUSCELINO KUBITSCHEK (PASSARÉ);;;;;Colisão;;;;Meio de Quadra;;;0;2;0;1;0;0;0;0;0;1;0;0;;
294433;10;7;2016;21:48;0;AV JOR THOMAZ COELHO;;;;;Colisão;;;;Meio de Quadra;;;0;1;0;1;0;0;0;0;0;0;0;0;;
294441;10;7;2016;22:06;6164;AV A CJ CEARA;RUA MIN ALBUQUERQUE LIMA;;;;Queda;;;;Cruz;Semáforo;Comercial;0;1;0;0;0;0;0;0;0;1;0;0;-38,6047;-3,770669
294442;10;7;2016;22:33;0;AV CENTRAL CJ CEARA;;;;;Colisão;;;;Meio de Quadra;;;0;2;0;1;0;0;0;0;0;1;0;0;;
291780;10;7;2016;17:00;0;AV DIOGUINHO;;;5530;;Colisão;Anoitecer;;;Meio de Quadra;;;1;0;1;0;0;0;0;0;0;1;0;0;-38,443961;-3,760008
291787;10;7;2016;06:40;0;RUA GERMANO FRANCK;;;300;;Atropelamento;Luz do Dia;;;Meio de Quadra;;;1;0;1;0;0;0;0;0;0;1;0;0;-38,561044;-3,776426
291727;10;7;2016;09:00;0;AV MOZART PINHEIRO DE LUCENA;;;607;;Colisão;Luz do Dia;;;Meio de Quadra;;;1;0;1;1;0;1;0;0;0;0;0;0;-38,592643;-3,707826
291739;10;7;2016;01:20;0;RUA URUCUTUBA;;;2431;;Colisão;;;;Meio de Quadra;;;1;0;1;0;0;0;0;0;0;1;0;0;-38,619736;-3,799168
291788;11;7;2016;20:30;0;AV DIOGUINHO;;;5831;;Atropelamento;;;;Meio de Quadra;;;1;0;1;0;0;0;0;0;0;1;0;0;-38,441634;-3,764765
290161;11;7;2016;10:00;0;RUA TIBURCIO CAVALCANTE;;;;;Colisão Traseira;Luz do Dia;Bom;Seca;Meio de Quadra;Semáforo;Residencial;0;0;2;1;0;0;0;0;0;0;0;0;;
290157;11;7;2016;14:50;1716;AV GAL MURILO BORGES;AV GOV RAUL BARBOSA;;;;Colisão Traseira;Luz do Dia;Bom;Seca;;Outros;Lazer;0;0;3;1;0;0;0;0;0;0;0;0;-38,508802;-3,763977
290173;11;7;2016;19:55;0;RUA GOMES DE FREITAS (PLANALTO AYRTON SENNA);;;3188;;Colisão Transversal;Via Iluminada;Bom;Seca;Meio de Quadra;Não Há Controle;Residencial;0;0;2;1;0;0;0;0;0;0;0;0;;
294459;11;7;2016;01:05;19161;RUA PRO OTAVIO LOBO;RUA LAURO NOGUEIRA;;;;Colisão Transversal;Via Iluminada;Bom;Seca;Cruz;Semáforo;Residencial;0;1;3;1;0;0;0;0;0;1;0;0;-38,476452;-3,740673
294455;11;7;2016;00:25;0;AV SGT HERMINIO SAMPAIO;;;;;Colisão;;;;Meio de Quadra;;;0;2;0;1;0;0;0;0;0;1;0;0;;
294539;11;7;2016;10:15;19179;AV SANTOS DUMONT;RUA JULIO AZEVEDO;;1111;;Colisão Traseira;Luz do Dia;Bom;Seca;Cruz;Semáforo;Comercial;0;0;4;1;0;1;0;0;0;1;0;0;-38,481471;-3,741662
294518;11;7;2016;09:48;0;RD BR 116;;;;;Colisão;Luz do Dia;;;Meio de Quadra;;;0;2;0;1;0;0;0;0;0;1;0;0;;
294519;11;7;2016;10:14;17388;RUA PRO TEODORICO;AV JOAO PESSOA;;;;Colisão;Luz do Dia;;;Cruz;Pare;Comercial;0;2;0;1;0;1;0;0;0;0;0;0;-38,55953;-3,766574
294513;11;7;2016;08:53;0;RUA LUIS VIEIRA;;;265;;Colisão;Luz do Dia;;;Meio de Quadra;;;0;0;1;0;0;0;1;0;0;1;0;0;-38,586658;-3,795867
294500;11;7;2016;08:51;7645;RUA ESTADO DO RIO;RUA PERNAMBUCO;;;;Colisão Transversal;Luz do Dia;Bom;Seca;Cruz;Pare;Comercial;0;2;3;1;0;0;0;0;0;1;0;0;-38,570848;-3,758439
294462;11;7;2016;02:47;0;RUA LIVINO DE CARVALHO;;;1070;;Colisão;;;;Meio de Quadra;;;0;2;0;1;0;0;0;0;0;0;0;0;;
294471;11;7;2016;07:04;0;RUA JOAO FIRMINO;;;510;;Colisão;Luz do Dia;;;Meio de Quadra;;;0;2;0;1;0;0;0;0;0;1;0;0;;
294475;11;7;2016;08:15;23804;AV GAL OSORIO DE PAIVA;RUA RAIMUNDO NERY;;;;Colisão;Luz do Dia;;;;Semáforo;Comercial;0;2;0;1;0;0;0;0;0;1;0;0;-38,588065;-3,790306
294477;11;7;2016;08:48;0;AV BORGES DE MELO;;;1529;;Colisão Lateral;Luz do Dia;Bom;Seca;Meio de Quadra;Semáforo;Comercial;0;0;2;1;0;0;0;0;0;1;0;0;-38,532081;-3,7582
294703;11;7;2016;18:30;0;RUA I CIDADE OESTE;;;877;;Colisão;Anoitecer;;;Meio de Quadra;;;0;2;0;1;0;0;0;0;0;1;0;0;;
294704;11;7;2016;18:31;0;RD BR 116;;;;;Colisão;Anoitecer;;;Meio de Quadra;;;0;2;0;1;0;0;0;0;0;1;0;0;;
294720;11;7;2016;20:04;1490;RUA DES LEITE ALBUQUERQUE;RUA CEL JUCA;;;;Colisão;;;;Cruz;Pare;Residencial;0;2;0;1;0;0;0;0;0;1;0;0;-38,491875;-3,739434
294716;11;7;2016;19:28;21857;RUA PDE PERDIGAO SAMPAIO;RUA XX CIDADE OESTE;;;;Colisão;;;;;;;0;2;0;1;0;0;0;0;0;1;0;0;-38,596926;-3,732308
294717;11;7;2016;19:32;5239;RUA PEDRO I;RUA PDE IBIAPINA;;;;Colisão;;;;T;Pare;Comercial;0;1;0;0;0;1;0;0;0;0;0;0;-38,540384;-3,727485
294657;11;7;2016;17:48;0;RD BR 116;;;;;Colisão;Anoitecer;;;Meio de Quadra;;;0;2;0;1;0;0;0;0;0;1;0;0;;
294555;11;7;2016;13:39;0;AV AUGUSTO DOS ANJOS;;;2250;;Colisão;Luz do Dia;;;Meio de Quadra;;;0;2;0;1;0;0;0;0;0;1;0;0;-38,584276;-3,78627
294556;11;7;2016;11:54;0;RUA C PQ AGUA FRIA;;;;;Colisão;Luz do Dia;;;;;;0;2;0;1;0;0;0;0;0;1;0;0;;
294557;11;7;2016;12:41;14870;RUA ALFREDO MAMEDE;RUA WALDIR DIOGO;;;;Colisão Transversal;Luz do Dia;Bom;Seca;Cruz;Semáforo;Comercial;0;1;4;1;0;0;0;0;0;1;0;0;-38,580084;-3,807367
294567;11;7;2016;15:04;0;RUA SABIAGUABA;;;458;;Colisão;Luz do Dia;;;;;;0;2;0;1;0;0;0;0;0;1;0;0;-38,43342;-3,779707
294569;11;7;2016;15:43;3368;RUA RIO GRANDE DO SUL;RUA AMAZONAS;;;;Colisão Transversal;Luz do Dia;Bom;Não informada;Cruz;Pare;Comercial;0;2;2;1;0;0;0;0;0;1;0;0;-38,564164;-3,753306
294570;11;7;2016;16:07;0;RUA TEODOMIRO DE CASTRO;;;3846;;Colisão;Luz do Dia;;;Meio de Quadra;;;0;2;0;1;0;0;0;0;0;1;0;0;-38,568144;-3,720413
294571;11;7;2016;16:48;0;AV PERIMETRAL;;;2290;;Colisão;Luz do Dia;;;Meio de Quadra;;;0;2;0;1;0;0;0;0;0;1;0;0;;
294572;11;7;2016;17:28;0;RD BR 116;;;;;Colisão;Anoitecer;;;Meio de Quadra;;;0;2;0;1;0;0;0;0;0;1;0;0;;
294573;11;7;2016;17:54;0;AV BEZERRA DE MENEZES;;;2226;;Colisão;Anoitecer;;;Meio de Quadra;;;0;2;0;0;0;1;0;0;0;1;0;0;-38,564548;-3,735689
294575;11;7;2016;18:31;0;RD BR 116;;;;;Colisão;;;;Meio de Quadra;;;0;2;0;1;0;0;0;0;0;1;0;0;;
294576;11;7;2016;18:39;0;RUA FERREIRA DOS SANTOS;;;198;;Atropelamento;;;;Meio de Quadra;;;0;2;0;0;0;0;0;0;0;1;0;0;;
294577;11;7;2016;18:46;0;AV DR SILAS MUNGUBA;;;3942;;Atropelamento;;;;Meio de Quadra;;;0;2;0;1;0;0;0;0;0;0;0;0;-38,538458;-3,791017
294600;11;7;2016;11:51;0;AV AUGUSTO DOS ANJOS;;;2250;;Colisão;Luz do Dia;;;Meio de Quadra;;;0;2;0;1;0;0;0;0;0;1;0;0;-38,584276;-3,78627
294608;11;7;2016;11:54;0;RUA JOAQUIM FROTA;;;;;Colisão;Luz do Dia;;;Meio de Quadra;;;0;2;0;1;0;0;0;0;0;1;0;0;;
294621;11;7;2016;12:50;0;AV PERIMETRAL;;;;;Colisão;Luz do Dia;;;Meio de Quadra;;;0;2;0;1;0;0;0;0;0;1;0;0;;
294750;11;7;2016;20:53;0;AV BEIRA MAR;;;;;Colisão;;;;Meio de Quadra;;;0;2;0;1;0;0;0;0;0;1;0;0;;
294752;11;7;2016;20:57;0;RUA NAT FEIJO;;;797;;Colisão;;;;Meio de Quadra;;;0;2;0;1;0;0;0;0;0;1;0;0;-38,555917;-3,721589
294740;11;7;2016;20:06;7914;AV ANTONIO SALES;RUA LEONARDO MOTA;;;;Colisão Traseira;Via Iluminada;Bom;Seca;Cruz;Semáforo;Comercial;0;1;3;1;0;0;0;0;0;1;0;0;-38,499442;-3,746358
301211;11;7;2016;08:15;0;AV PRS CASTELO BRANCO;;;650;;Colisão Traseira;Luz do Dia;Bom;Seca;Meio de Quadra;Não Há Controle;Comercial;0;0;2;1;0;0;0;0;0;0;0;0;;
301212;11;7;2016;10:00;0;RUA BERNARDO MANUEL;;;8314;;Choque c/ Obstáculo Fixo;Luz do Dia;Bom;Seca;Meio de Quadra;Semáforo;Comercial;0;0;1;0;0;0;0;0;0;0;0;0;;
301213;11;7;2016;10:45;0;AV CANDIDO PORTINARI;;;151;;Colisão Traseira;Luz do Dia;Bom;Seca;Meio de Quadra;Não Há Controle;Residencial;0;0;2;1;0;0;0;0;0;0;0;0;-38,48426;-3,80193
301214;11;7;2016;15:14;0;AV CEL CARVALHO;;;1297;;Colisão Traseira;Luz do Dia;Bom;Seca;Meio de Quadra;Semáforo;Comercial;0;0;1;1;0;0;0;0;0;0;0;0;-38,588797;-3,713994
301215;11;7;2016;15:00;0;RUA BENTO ALBUQUERQUE;;;685;;Colisão Traseira;Luz do Dia;Bom;Seca;Meio de Quadra;Não Há Controle;Residencial;0;0;2;1;0;0;0;0;0;0;0;0;-38,482775;-3,743886