COD_ACIDENTE;DIA;MES;ANO;HORA;INTERSECAO;LOG1;LOG2;LOG3;NUMERO;REFERENCIA;NATUREZA;ILUMINACAO;TEMPO;SUPERFICIEPISTA;TIPOCRUZAMENTO;CONTROLETRAFEGO;USOSOLO;MORTOS;FERIDOS;ILESOS;AUTOMOVEL;ONIBUS;BICICLETA;CAMINHAO;MICROONIBUS;CICLOMOTOR;MOTOCICLETA;TRACAOANIMAL;TREM;LONG;LAT
301216;11;7;2016;16:31;7786;RUA OSVALDO CRUZ (ALDEOTA);RUA JOAQUIM SA;;0;;Colisão Lateral;Via Iluminada;Bom;Seca;Cruz;Pare;Residencial;0;0;2;1;0;0;0;0;0;0;0;0;-38,504759;-3,749392
301217;11;7;2016;19:23;5625;AV DES GONZAGA;AV ROGACIANO LEITE;;0;;Colisão Transversal;Via Iluminada;Bom;Molhada;T;Não Há Controle;Comercial;0;0;1;1;0;0;0;0;0;0;0;0;-38,503866;-3,788545
301218;11;7;2016;19:47;9072;AV VIS RIO BRANCO;AV PONTES VIEIRA;;0;;Colisão Lateral;Via Iluminada;Bom;Seca;Cruz;Semáforo;Comercial;0;0;2;0;0;0;0;0;0;0;0;0;-38,520486;-3,753544
301219;11;7;2016;20:35;0;RUA RAIMUNDO PINHEIRO;RUA PEDRO MARTINS;;0;;Colisão Frontal;Via Iluminada;Bom;Seca;Cruz;Pare;Residencial;0;0;1;1;0;0;0;0;0;0;0;0;;
289964;11;7;2016;09:50;5433;RUA MAJ FACUNDO;RUA METON DE ALENCAR;;;;Colisão Transversal;Luz do Dia;Bom;Seca;Cruz;Pare;Comercial;0;0;2;1;0;0;0;1;0;0;0;0;-38,529899;-3,733917
289950;11;7;2016;15:40;0;RUA ZELITO DE OLIVEIRA;;;166;;Colisão Traseira;Luz do Dia;Bom;Seca;Meio de Quadra;Pare;Residencial;0;0;2;1;1;0;0;0;0;0;0;0;;
289947;11;7;2016;12:30;0;AV DUQ CAXIAS;;;550;;Engavetamento;Luz do Dia;Bom;Seca;Meio de Quadra;Semáforo;Comercial;0;0;3;1;0;0;0;0;0;0;0;0;-38,529363;-3,731955
290129;11;7;2016;15:30;15144;AV MON TABOSA;AV RUI BARBOSA;;;;Colisão Lateral;Luz do Dia;;Seca;Cruz;Semáforo;Residencial;0;0;2;1;0;0;1;0;0;0;0;0;-38,505696;-3,724441
290100;11;7;2016;21:35;0;RD CE-040;;;;KM-05;Queda;;Bom;Seca;Meio de Quadra;;;0;1;0;0;0;0;0;0;0;1;0;0;-38,480331;-3,791613
290070;11;7;2016;08:30;0;AV GAL OSORIO DE PAIVA;;;3349;;Colisão Traseira;Luz do Dia;Bom;Seca;Meio de Quadra;Outros;Comercial;0;0;3;1;0;0;0;0;0;0;0;0;-38,587997;-3,790237
290062;11;7;2016;08:20;0;RUA AGAMENON;;;805;;Colisão Traseira;Luz do Dia;Bom;Seca;Meio de Quadra;Semáforo;Residencial;0;1;1;0;1;0;0;0;0;1;0;0;;
290041;11;7;2016;12:00;7775;AV BAR STUDART;AV ANTONIO SALES;;;;Colisão Transversal;Luz do Dia;Bom;Seca;Cruz;Semáforo;Comercial;0;0;2;1;0;0;0;0;0;0;0;0;-38,509378;-3,743288
290029;11;7;2016;06:43;1590;RUA JOAQUIM NABUCO;RUA PDE VALDEVINO;;;;Colisão;Luz do Dia;Bom;Seca;Cruz;Semáforo;Residencial;0;1;1;1;0;0;0;0;1;0;0;0;-38,503847;-3,743222
289944;11;7;2016;10:40;47;RUA SALGADO FILHO;RUA TEN QUEIROZ;;;;Colisão Transversal;Luz do Dia;Bom;Seca;Cruz;Pare;Residencial;0;0;2;1;0;0;0;0;0;0;0;0;-38,594561;-3,745668
290034;11;7;2016;10:00;0;AV AUGUSTO DOS ANJOS;;;;;Colisão Traseira;Luz do Dia;Bom;Seca;Meio de Quadra;Outros;Comercial;0;0;2;1;0;0;0;0;0;0;0;0;;
290003;11;7;2016;20:30;1490;RUA CEL JUCA;RUA DES LEITE ALBUQUERQUE;;;;Colisão Frontal;Anoitecer;Bom;Seca;Cruz;Pare;Comercial;0;0;3;1;0;0;0;0;0;1;0;0;-38,491875;-3,739434
289957;11;7;2016;17:20;0;AV AGUANAMBI;;;1200;ROTATÓRIA;Colisão Lateral;Anoitecer;Bom;Seca;Meio de Quadra;Outros;Comercial;0;0;2;1;0;0;1;0;0;0;0;0;-38,52475;-3,747182
289987;11;7;2016;09:40;0;RUA MIN ALBUQUERQUE LIMA;;;50;;Colisão Lateral;Luz do Dia;Bom;Seca;Meio de Quadra;Dê Preferência;Residencial;0;0;2;1;0;0;0;0;0;0;0;0;-38,610942;-3,76639
289470;11;7;2016;08:40;0;AV SEN CARLOS JEREISSATI (AEROPORTO);;;;KM 01;Colisão;Luz do Dia;Bom;Seca;Meio de Quadra;;;0;0;2;1;0;0;1;0;0;0;0;0;-38,52685;-3,783753
289474;11;7;2016;08:00;0;RD CE-040;;;;KM-12;Colisão;Luz do Dia;Bom;Seca;Meio de Quadra;;;0;0;2;0;0;0;1;0;0;1;0;0;-38,47607;-3,849626
289482;11;7;2016;18:45;0;AV SEN CARLOS JEREISSATI (AEROPORTO);;;;KM 03;Colisão;;Bom;Seca;Meio de Quadra;;;0;0;2;1;1;0;0;0;0;0;0;0;-38,544038;-3,779641
289484;11;7;2016;16:00;0;RD CE-040;;;;KM-01;Colisão;Luz do Dia;Bom;Seca;Meio de Quadra;;;0;0;2;0;0;0;0;0;0;1;0;0;-38,48666;-3,758119
290143;11;7;2016;09:10;0;RUA OSVALDO CRUZ (ALDEOTA);;;1089;;Colisão Lateral;Luz do Dia;Bom;Seca;Meio de Quadra;Outros;Comercial;0;0;2;1;0;0;1;0;0;0;0;0;-38,500014;-3,734658
303274;11;7;2016;17:14;0;RUA ALBERTO MAGNO;;;475;;Colisão Lateral;Luz do Dia;Bom;Seca;Meio de Quadra;Não Há Controle;Comercial;0;0;2;1;1;0;0;0;0;0;0;0;-38,545757;-3,760042
303248;12;7;2016;16:45;15832;RUA PDE PEDRO DE ALENCAR;RUA TEN JURANDIR ALENCAR;;0;;Colisão Transversal;Via Iluminada;Bom;Seca;Cruz;Pare;Comercial;0;0;2;1;0;0;0;0;0;0;0;0;-38,493981;-3,831674
289543;12;7;2016;08:40;0;RD CE-025;;;;KM-04;Colisão;Luz do Dia;Bom;Seca;Meio de Quadra;;;0;0;2;1;0;0;0;0;0;0;0;0;-38,443339;-3,805112
289546;12;7;2016;11:00;0;RD CE-040;;;;KM-10;Colisão;Luz do Dia;Bom;Seca;Meio de Quadra;;;0;0;2;1;0;0;0;0;0;0;0;0;-38,482466;-3,834451
290073;12;7;2016;07:40;13233;AV F CJ JOSE WALTER;AV L CJ JOSE WALTER;;;;Colisão Transversal;Luz do Dia;Bom;Seca;Cruz;Pare;Residencial;0;0;2;1;0;0;0;0;0;0;0;0;-38,558805;-3,835328
290095;12;7;2016;19:30;0;RUA ENG JAIME ROLEMBERG;;;1244;;Colisão Traseira;Via Iluminada;Bom;Seca;Meio de Quadra;Outros;Residencial;0;2;0;1;0;0;0;0;0;0;0;0;;
290110;12;7;2016;22:00;8025;AV JOAO PESSOA;RUA PRO COSTA MENDES;;;;Colisão Transversal;Mal Iluminada;Bom;Seca;Cruz;Semáforo;Comercial;0;0;2;0;1;0;0;0;0;0;0;0;-38,549441;-3,752393
290118;12;7;2016;22:45;0;RUA PERGENTINO MAIA;;;320;;Colisão Traseira;Via Iluminada;Bom;Seca;Meio de Quadra;Não Há Controle;Residencial;0;1;1;1;0;0;0;0;0;1;0;0;;
301220;12;7;2016;06:05;5333;RUA GAL CLARINDO DE QUEIROZ;RUA PRC ISABEL;;0;;Colisão Transversal;Amanhecer;Bom;Molhada;Cruz;Pare;Comercial;0;0;2;1;0;0;0;0;0;0;0;0;-38,536711;-3,730592
301221;12;7;2016;08:27;0;AV C CJ JOSE WALTER;AV F CJ JOSE WALTER;;0;;Colisão Transversal;Luz do Dia;Bom;Seca;Cruz;Pare;Residencial;0;1;1;1;0;0;0;0;0;0;0;0;;
301222;12;7;2016;08:29;5437;RUA METON DE ALENCAR;RUA FLORIANO PEIXOTO;;0;;Colisão Transversal;Luz do Dia;Bom;Seca;Cruz;Pare;Comercial;0;0;2;1;0;0;0;0;0;0;0;0;-38,529358;-3,734071
301223;12;7;2016;13:37;17359;AV PRO GOMES DE MATOS;RUA IRM BAZET;;0;;Colisão Transversal;Luz do Dia;Bom;Seca;Cruz;Pare;Comercial;0;0;2;1;0;0;0;0;0;0;0;0;-38,54981;-3,766045
301224;12;7;2016;14:57;1425;AV BAR STUDART;RUA JOAO CARVALHO;;0;;Colisão Traseira;Luz do Dia;Bom;Seca;Cruz;Semáforo;Comercial;0;0;2;1;1;0;0;0;0;0;0;0;-38,507567;-3,737632
301225;12;7;2016;13:30;0;AV PRS COSTA E SILVA;;;129;;Colisão Lateral;Luz do Dia;Bom;Seca;Meio de Quadra;Semáforo;Residencial;0;0;2;1;0;0;0;0;0;0;0;0;;
301226;12;7;2016;16:56;0;RUA BARBOSA DE FREITAS;;;0;;Colisão Traseira;Luz do Dia;Bom;Seca;Meio de Quadra;Não Há Controle;Comercial;0;0;2;1;0;0;0;0;0;0;0;0;;
301227;12;7;2016;17:38;0;RUA VITORIA;RUA PORTO VELHO;;0;;Colisão Transversal;Anoitecer;Bom;Seca;Cruz;Semáforo;Comercial;0;1;1;1;0;0;0;0;0;0;0;0;;
301228;12;7;2016;17:00;10730;RUA VITORIA (AV. PERIMETRAL);AV SEN FERNANDES TAVORA;;0;;Colisão Lateral;Anoitecer;Bom;Seca;Cruz;Semáforo;Comercial;0;0;2;1;0;0;0;0;0;0;0;0;-38,585903;-3,760193
301229;12;7;2016;17:00;0;RUA PERGENTINO MAIA;;;526;;Colisão Lateral;Via Iluminada;Bom;Seca;Meio de Quadra;Não Há Controle;Comercial;0;0;2;1;0;0;0;0;0;0;0;0;-38,490379;-3,831194
301230;12;7;2016;17:10;15204;AV ABOLICAO;RUA JULIO IBIAPINA;;0;;Colisão Traseira;Luz do Dia;Bom;Seca;Cruz;Semáforo;Comercial;0;0;2;1;0;0;0;0;0;0;0;0;-38,49129;-3,726679
301231;12;7;2016;17:00;23948;RUA CORREGO DAS FLORES;RUA OLGA BARROSO;;0;;Colisão Lateral;Luz do Dia;Bom;Seca;T;Não Há Controle;Residencial;0;0;2;1;1;0;0;0;0;0;0;0;-38,479787;-3,726499
301232;12;7;2016;20:16;0;AV JOR THOMAZ COELHO;;;609;;Colisão Traseira;Mal Iluminada;Bom;Seca;Meio de Quadra;Não Há Controle;Comercial;0;1;1;0;0;0;0;0;0;1;0;0;-38,501413;-3,832202
294779;12;7;2016;08:00;0;RUA ALAGOAS;;;1001;;Colisão;Luz do Dia;;;Meio de Quadra;;;0;2;0;1;0;0;0;0;0;1;0;0;-38,567815;-3,761485
294775;12;7;2016;07:22;5200;RUA GONCALVES LEDO;RUA TEN BENEVOLO;;;;Colisão;Luz do Dia;;;Cruz;Pare;Residencial;0;2;0;1;0;0;0;0;0;1;0;0;-38,514537;-3,726183
294776;12;7;2016;07:40;0;AV MAJ ASSIS;;;2351;;Colisão;Luz do Dia;;;Meio de Quadra;;;0;2;0;1;0;0;0;0;0;1;0;0;-38,601153;-3,720392
294765;12;7;2016;01:33;0;RUA ALBANO AMARAL;;;860;;Atropelamento;;;;Meio de Quadra;;;0;2;0;1;0;0;0;0;0;0;0;0;-38,58258;-3,79796
294767;12;7;2016;07:11;0;AV ALM HENRIQUE SABOIA;;;;;Colisão;Luz do Dia;;;Meio de Quadra;;;0;1;1;1;0;0;1;0;0;0;0;0;;
294802;12;7;2016;15:15;0;AV GAL OSORIO DE PAIVA;;;;;Colisão;Luz do Dia;;;Meio de Quadra;;;0;2;0;0;0;0;0;0;0;1;0;0;;
294795;12;7;2016;13:34;1587;RUA PRO DIAS DA ROCHA;RUA CAROLINA SUCUPIRA;;;;Colisão;Luz do Dia;;;Cruz;Pare;Misto;0;2;0;1;0;0;0;0;0;1;0;0;-38,494095;-3,743072
294796;12;7;2016;13:41;0;AV CASTELO DE CASTRO;;;745;;Colisão;Luz do Dia;;;Meio de Quadra;;;0;2;0;1;0;0;0;0;0;1;0;0;-38,521665;-3,836112
294797;12;7;2016;14:35;0;RUA BERNARDO MANUEL;;;2859;;Colisão Traseira;Luz do Dia;Bom;Seca;Meio de Quadra;Não Há Controle;Comercial;0;2;2;1;0;0;0;0;0;0;0;0;;
294798;12;7;2016;15:03;0;RUA VALPARAISO;;;1180;;Queda;Luz do Dia;;;Meio de Quadra;;;0;1;0;0;0;0;0;0;0;1;0;0;-38,529231;-3,841386
294784;12;7;2016;08:10;0;AV MAE LISBOA;;;2037;;Colisão;Luz do Dia;;;Meio de Quadra;;;0;2;0;1;0;0;0;0;0;1;0;0;-38,461376;-3,807664
294785;12;7;2016;08:16;0;RUA BERNARDO MANUEL;;;7570;;Colisão;Luz do Dia;;;Meio de Quadra;;;0;2;0;1;0;0;0;0;0;1;0;0;-38,547027;-3,784406
294786;12;7;2016;08:40;0;RUA JULIO BRAGA;;;1182;;Colisão;Luz do Dia;;;Meio de Quadra;;;0;2;0;1;0;0;0;0;0;1;0;0;-38,582385;-3,774977
294787;12;7;2016;09:11;21376;AV JOVITA FEITOSA;RUA PRO NOGUEIRA;;;;Colisão Transversal;Luz do Dia;Bom;Seca;Cruz;Pare;Comercial;0;1;3;1;0;0;0;0;0;1;0;0;-38,548839;-3,73828
294788;12;7;2016;10:54;0;AV SGT HERMINIO SAMPAIO;;;655;;Colisão;Luz do Dia;;;Meio de Quadra;;;0;2;0;0;0;0;1;0;0;0;0;0;-38,546313;-3,724645
294789;12;7;2016;11:22;0;RUA CEL FABRICIANO;;;45;;Colisão;Luz do Dia;;;Meio de Quadra;;;0;2;0;0;0;0;0;0;0;1;0;0;;
294790;12;7;2016;11:32;0;RUA PRO TEODORICO;;;;;Colisão;Luz do Dia;;;Meio de Quadra;;;0;2;0;1;0;0;0;0;0;1;0;0;;
294791;12;7;2016;12:59;0;AV SEN FERNANDES TAVORA;;;1011;;Colisão;Luz do Dia;;;Meio de Quadra;;;0;2;0;1;0;0;0;0;0;1;0;0;-38,582232;-3,762148
294792;12;7;2016;13:24;0;AV SEN FERNANDES TAVORA;;;;;Colisão;Luz do Dia;;;Meio de Quadra;;;0;2;0;1;0;0;0;0;0;1;0;0;;
294804;12;7;2016;15:50;0;AV WASHINGTON SOARES;;;2656;;Colisão;Luz do Dia;;;Meio de Quadra;;;0;2;0;1;0;1;0;0;0;0;0;0;-38,481069;-3,78252
294811;12;7;2016;16:17;0;AV DES GONZAGA;;;166;;Colisão;Luz do Dia;;;Meio de Quadra;;;0;2;0;1;0;0;0;0;0;1;0;0;;
294809;12;7;2016;15:52;0;RUA RIO GRANDE DO SUL;;;1130;;Colisão;Luz do Dia;;;Meio de Quadra;;;0;2;0;1;0;0;0;0;0;1;0;0;-38,567515;-3,758548
294814;12;7;2016;16:19;0;RUA PORTO VELHO;;;;;Colisão;Luz do Dia;;;Meio de Quadra;;;0;2;0;1;0;0;0;0;0;0;0;0;;
294863;12;7;2016;21:02;0;RUA PORTO VELHO;RUA VITORIA;;;;Colisão Transversal;Via Iluminada;Bom;Seca;Cruz;Semáforo;Residencial;0;0;3;1;1;0;0;0;0;1;0;0;;
294870;12;7;2016;22:19;9553;RUA CEL FABRICIANO;RUA BARRA VERMELHA;;;;Colisão;;;;;;Residencial;0;2;0;0;0;0;0;0;0;1;0;0;-38,612963;-3,781357
294866;12;7;2016;21:16;0;AV A CJ CEARA;;;;;Colisão;;;;Meio de Quadra;;;0;2;0;1;0;0;0;0;0;1;0;0;;
294867;12;7;2016;22:04;0;AV BENJAMIM BRASIL;;;195;;Colisão Transversal;Via Iluminada;Bom;Seca;Outros;Não Há Controle;Comercial;0;0;4;1;0;0;0;0;0;1;0;0;;
294874;12;7;2016;23:18;0;RUA DES LEITE ALBUQUERQUE;;;;;Colisão;;;;Meio de Quadra;;;0;2;0;1;0;0;0;0;0;1;0;0;;
294880;12;7;2016;23:44;0;AV GODOFREDO MACIEL;;;5750;;Colisão;;;;Meio de Quadra;;;0;1;0;0;0;0;0;0;0;1;0;0;-38,57898;-3,824903
294882;12;7;2016;23:59;0;AV GAL OSORIO DE PAIVA;;;759;;Colisão;;;;Meio de Quadra;;;0;2;0;1;0;0;0;0;0;1;0;0;-38,569036;-3,777227
294858;12;7;2016;18:50;0;AV JOR THOMAZ COELHO;;;;;Colisão;;;;Meio de Quadra;;;0;2;0;1;0;0;0;0;0;1;0;0;;
294847;12;7;2016;18:35;12556;RUA CARLOS GONDIM;RUA GEORGE CAVALCANTE;;;;Colisão;;;;;;;0;2;0;1;0;0;0;0;0;1;0;0;-38,591931;-3,720544
294831;12;7;2016;18:01;0;AV FRE CIRILO;;;4629;;Choque c/ Obstáculo Fixo;Via Iluminada;Bom;Seca;Meio de Quadra;Não Há Controle;Comercial;0;2;4;1;0;0;0;0;0;0;0;0;-38,494414;-3,8242
294816;12;7;2016;16:38;0;AV JOR THOMAZ COELHO;;;3454;;Atropelamento;Luz do Dia;;;Meio de Quadra;;;0;2;0;0;0;0;0;0;0;1;0;0;;
294826;12;7;2016;16:54;0;RUA TARCISIO BONFIM;;;;;Colisão;Luz do Dia;;;Meio de Quadra;;;0;2;0;1;0;0;0;0;0;1;0;0;;
294827;12;7;2016;17:28;7413;RUA PRO PAULO LOPES;RUA CEL MATOS DOURADO;;;;Atropelamento;Anoitecer;;;Cruz;Pare;Residencial;0;2;0;0;0;0;1;0;0;0;0;0;-38,584334;-3,757225
294841;12;7;2016;18:31;0;AV CASTELO DE CASTRO;;;2610;;Atropelamento;Anoitecer;;;Meio de Quadra;;;0;2;0;0;0;0;0;0;0;1;0;0;-38,523034;-3,850205
294834;12;7;2016;18:10;0;AV SEN FERNANDES TAVORA;;;930;;Colisão;Anoitecer;;;Meio de Quadra;;;0;2;0;1;0;0;0;0;0;0;0;0;-38,581112;-3,762747
294829;12;7;2016;17:39;0;AV BORGES DE MELO;;;230;;Colisão;Anoitecer;;;Meio de Quadra;;;0;2;0;1;0;0;0;0;0;1;0;0;-38,521474;-3,761189
290150;12;7;2016;14:00;12445;AV SEN FERNANDES TAVORA;TR HELENA DE MARIA;;;;Colisão;Luz do Dia;Bom;Seca;Cruz;Pare;Comercial;0;0;2;1;0;0;0;0;0;0;0;0;-38,574916;-3,766094
290172;12;7;2016;20:00;15359;RUA PEREIRA VALENTE;RUA VICENTE LEITE;;;;Colisão Lateral;Anoitecer;Bom;Seca;Cruz;Pare;Residencial;0;0;2;1;0;0;0;0;0;0;0;0;-38,494152;-3,733201
290162;12;7;2016;16:30;5625;AV ROGACIANO LEITE;AV DES GONZAGA;;;;Colisão Transversal;Luz do Dia;Bom;Seca;T;Pare;Residencial;0;0;2;1;0;0;0;0;0;1;0;0;-38,503866;-3,788545
290251;12;7;2016;19:00;0;AV JOVITA FEITOSA;;;985;;Colisão Transversal;Via Iluminada;Bom;Seca;Meio de Quadra;Não Há Controle;Comercial;0;0;2;1;0;0;0;0;0;1;0;0;-38,551932;-3,738945
290272;12;7;2016;07:10;0;AV ALM HENRIQUE SABOIA;;;;;Colisão Traseira;Luz do Dia;Bom;Seca;Meio de Quadra;Não Há Controle;Comercial;0;1;1;0;0;0;0;0;0;1;0;0;;
290263;12;7;2016;13:10;12745;RUA JULIO CESAR D12;RUA ANA NERY;;;;Colisão Lateral;Luz do Dia;Bom;Seca;Cruz;Pare;Residencial;0;0;2;1;0;0;0;0;0;0;0;0;-38,544349;-3,751712
290249;12;7;2016;10:30;6804;RUA BENTO ALBUQUERQUE;RUA ALMEIDA PRADO;;;;Colisão Traseira;Luz do Dia;Bom;Seca;Cruz;Semáforo;Residencial;0;0;2;1;0;0;1;0;0;0;0;0;-38,475918;-3,746101
290238;12;7;2016;11:40;0;AV BEZERRA DE MENEZES;;;1802;;Engavetamento;Luz do Dia;Bom;Seca;Meio de Quadra;Não Há Controle;Comercial;0;0;2;1;0;0;0;0;0;0;0;0;-38,560741;-3,734894
290224;12;7;2016;08:00;0;AV MAJ ASSIS;;;2347;;Colisão Lateral;Luz do Dia;Bom;Seca;Meio de Quadra;Não Há Controle;Residencial;0;1;1;1;0;0;0;0;0;1;0;0;-38,601073;-3,720415
290209;12;7;2016;19:30;14618;RUA MARTINS DE JESUS;RUA HERMINIO DE CASTRO;;;;Colisão Transversal;Via Iluminada;Bom;Seca;Cruz;Pare;Residencial;0;0;2;1;0;0;0;0;0;0;0;0;-38,486376;-3,791194
290202;12;7;2016;12:15;0;RUA ALBERTO MAGNO;;;555;;Colisão Traseira;Luz do Dia;Bom;Seca;Meio de Quadra;Semáforo;Comercial;0;0;2;1;0;0;0;0;0;0;0;0;-38,546317;-3,760679
290292;12;7;2016;14:50;25865;AV AUGUSTO DOS ANJOS;TR AUGUSTO DOS ANJOS;;;;Colisão Traseira;Luz do Dia;Bom;Seca;T;Pare;Residencial;0;0;2;1;1;0;0;0;0;0;0;0;-38,57765;-3,778451
290285;12;7;2016;10:00;0;AV SANTOS DUMONT;;;6060;;Colisão Traseira;Luz do Dia;Bom;Seca;Meio de Quadra;Semáforo;Comercial;0;1;1;1;0;0;0;0;0;0;0;0;-38,477907;-3,742821
290330;12;7;2016;16:20;19049;RUA JOSE CARLOS GURGEL NOGUEIRA;RUA CARLOS BARBOSA;;;;Colisão Lateral;Via Iluminada;Bom;Seca;Cruz;Não Há Controle;Residencial;0;1;1;1;0;0;0;0;0;1;0;0;-38,475764;-3,736014
291791;12;7;2016;22:00;0;RD BR 116;;;8000;KM-08;Tombamento;;;;Meio de Quadra;;;1;0;0;1;0;0;0;0;0;0;0;0;-38,503269;-3,822018
291793;12;7;2016;06:30;0;RUA COS LAFAYETE;;;401;;Atropelamento;Luz do Dia;;;Meio de Quadra;;;1;0;1;0;0;0;0;0;0;0;0;0;-38,581566;-3,718108
290342;13;7;2016;13:00;10749;RUA PRO HERIBALDO COSTA;AV SEN FERNANDES TAVORA;;;;;Luz do Dia;Bom;Seca;Cruz;Semáforo;Comercial;0;0;2;1;0;0;1;0;0;0;0;0;-38,584384;-3,761006
290345;13;7;2016;15:00;3302;AV GAL OSORIO DE PAIVA;RUA LUIS VIEIRA;;;;Colisão Traseira;Luz do Dia;Bom;Seca;Cruz;Semáforo Intermitente;Comercial;0;0;2;1;0;0;0;0;0;1;0;0;-38,588616;-3,790879
290347;13;7;2016;19:20;0;RUA ALTO ALEGRE D49;;;;;Colisão Lateral;Anoitecer;Bom;Seca;Meio de Quadra;Não Há Controle;Residencial;0;1;1;1;0;0;0;0;0;1;0;0;;
290350;13;7;2016;23:00;1445;RUA DES LEITE ALBUQUERQUE;RUA VICENTE LEITE;;;;Colisão Transversal;Via Iluminada;Nublado;Seca;Cruz;Pare;Comercial;0;2;0;0;0;0;0;0;0;1;0;0;-38,495734;-3,738178
290359;13;7;2016;01:45;0;AV GAL OSORIO DE PAIVA;;;759;;Colisão Lateral;Via Iluminada;Nublado;Seca;Meio de Quadra;Não Há Controle;Comercial;0;1;1;0;1;0;0;0;0;1;0;0;-38,569036;-3,777227
290367;13;7;2016;15:20;7782;RUA OSVALDO CRUZ (ALDEOTA);RUA JULIO SIQUEIRA;;;;Colisão Lateral;Luz do Dia;Bom;Seca;Cruz;Pare;Residencial;0;0;2;1;0;0;0;0;0;0;0;0;-38,5052;-3,75074
290290;13;7;2016;11:15;1378;RUA OSVALDO CRUZ (ALDEOTA);RUA DES LEITE ALBUQUERQUE;;;;Colisão Transversal;Luz do Dia;Bom;Seca;Cruz;Pare;Residencial;0;0;2;1;0;0;0;0;1;0;0;0;-38,50064;-3,736598
290278;13;7;2016;12:22;19759;RUA AZEVEDO BOLAO;RUA AMADEU FURTADO;;;;Colisão;Luz do Dia;Bom;Seca;Cruz;Pare;Residencial;0;1;1;1;0;0;0;0;0;1;0;0;-38,563588;-3,737863
290296;13;7;2016;08:00;0;AV PONTES VIEIRA;;;2666;;;Luz do Dia;Bom;Seca;Meio de Quadra;;Comercial;0;1;1;1;0;0;0;0;0;1;0;0;-38,497734;-3,750891
290322;13;7;2016;10:00;7999;RUA ANA NERY;RUA CARLOS CAMARA;;;;Colisão Transversal;Luz do Dia;Bom;Seca;Cruz;Pare;Residencial;0;1;1;1;0;0;0;0;0;0;0;0;-38,545958;-3,750211
290306;13;7;2016;07:20;5693;RUA MARGARIDA DE QUEIROZ;RUA CON BRAVEZA;;;;Colisão;Luz do Dia;Nublado;Seca;Cruz;Pare;Residencial;0;0;3;1;0;0;0;0;0;1;0;0;-38,500225;-3,792488
290196;13;7;2016;05:00;11932;AV PRS COSTA E SILVA;AV CASTELO DE CASTRO;;;;Choque c/ Obstáculo Fixo;Via Iluminada;Nublado;Molhada;Cruz;Semáforo;Comercial;0;0;1;1;0;0;0;0;0;0;0;0;;
290275;13;7;2016;17:10;14421;RUA PDE ANCHIETA;AV SGT HERMINIO SAMPAIO;;;;Colisão Lateral;Anoitecer;Bom;Seca;Cruz;Gesto;Comercial;0;0;2;1;0;0;0;0;0;0;0;0;-38,551079;-3,724693
290282;13;7;2016;08:30;0;RUA SAO PAULO;;;806;;Atropelamento;Luz do Dia;Bom;Seca;Meio de Quadra;Não Há Controle;Comercial;0;1;1;0;0;0;0;0;0;1;0;0;-38,53303;-3,724209
294887;13;7;2016;08:12;0;AV DOS EXPEDICIONARIOS;;;4949;;Colisão Lateral;Luz do Dia;Nublado;Seca;Meio de Quadra;Não Há Controle;Escola;0;1;3;1;0;0;0;0;0;1;0;0;-38,540577;-3,762909
294890;13;7;2016;08:54;0;AV LINEU MACHADO;;;1176;;Colisão;Luz do Dia;;;Meio de Quadra;;;0;2;0;1;0;0;0;0;0;1;0;0;-38,579144;-3,770139
295004;13;7;2016;20:12;16204;RUA MONTE LIBANO;RUA 5 CJ PEQ MONDUBIM;;;;Colisão;;;;Duplo T;Pare;Misto;0;2;0;1;0;0;0;0;0;1;0;0;-38,561359;-3,823957
294994;13;7;2016;19:52;0;RUA ALFREDO MAMEDE;;;874;;Queda;;;;Meio de Quadra;;;0;1;0;0;0;0;0;0;0;1;0;0;;
294992;13;7;2016;19:44;13372;RUA JOAO BRIGIDO;RUA NOGUEIRA ACIOLI;;;;Colisão Transversal;Via Iluminada;Bom;Seca;Cruz;Semáforo;Comercial;0;3;2;1;0;0;0;0;0;1;0;0;-38,520044;-3,739259
294987;13;7;2016;19:37;23009;RUA ANITA GARIBALDI;RUA BRUNO VALENTE;;710;;Colisão Transversal;Via Iluminada;Bom;Seca;Cruz;Pare;Residencial;0;2;3;1;0;0;0;0;0;1;0;0;-38,539228;-3,788221
294981;13;7;2016;19:28;0;RUA PERNAMBUCO;;;1891;;Colisão Traseira;Via Iluminada;Bom;Seca;T;Pare;Residencial;0;1;3;1;0;0;0;0;0;1;0;0;-38,574317;-3,75545
294912;13;7;2016;09:11;0;AV GODOFREDO MACIEL;;;606;;Colisão;Luz do Dia;;;Meio de Quadra;;;0;2;0;1;0;0;0;0;0;1;0;0;-38,565351;-3,781569
294915;13;7;2016;09:41;0;RUA OSCAR ARARIPE;;;2486;;Queda;Luz do Dia;;;Meio de Quadra;;;0;1;0;0;0;0;0;0;0;1;0;0;-38,613093;-3,786752
294917;13;7;2016;10:32;0;AV PRS CASTELO BRANCO;;;;;Colisão;Luz do Dia;;;Meio de Quadra;;;0;1;0;1;0;0;0;0;0;1;0;0;;