COD_ACIDENTE;DIA;MES;ANO;HORA;INTERSECAO;LOG1;LOG2;LOG3;NUMERO;REFERENCIA;NATUREZA;ILUMINACAO;TEMPO;SUPERFICIEPISTA;TIPOCRUZAMENTO;CONTROLETRAFEGO;USOSOLO;MORTOS;FERIDOS;ILESOS;AUTOMOVEL;ONIBUS;BICICLETA;CAMINHAO;MICROONIBUS;CICLOMOTOR;MOTOCICLETA;TRACAOANIMAL;TREM;LONG;LAT
294923;13;7;2016;11:18;0;AV GOV RAUL BARBOSA;;;;;Queda;Luz do Dia;;;Meio de Quadra;;;0;2;0;0;0;0;0;0;0;1;0;0;;
294928;13;7;2016;12:58;0;AV AUGUSTO DOS ANJOS;;;1599;;Colisão Traseira;Luz do Dia;Bom;Seca;Meio de Quadra;Não Há Controle;Comercial;0;2;2;1;0;0;0;0;0;1;0;0;-38,57946;-3,780508
294929;13;7;2016;14:20;0;AV MAE LISBOA;;;2010;;Queda;Luz do Dia;;;Meio de Quadra;;;0;1;0;0;0;1;0;0;0;0;0;0;;
294926;13;7;2016;11:34;22117;RUA PAPI JUNIOR;RUA PRO COSTA MENDES;;;;Colisão;Luz do Dia;;;Cruz;Pare;Residencial;0;2;0;1;0;0;0;0;0;1;0;0;-38,553931;-3,748342
294940;13;7;2016;16:01;0;AV DIOGUINHO;;;;;Colisão;Luz do Dia;;;Meio de Quadra;;;0;2;0;0;0;0;0;0;0;1;0;0;;
294934;13;7;2016;15:36;0;RUA DR ALMEIDA FILHO;;;;;Colisão;Luz do Dia;;;Meio de Quadra;;;0;2;0;0;0;0;1;0;0;1;0;0;;
294943;13;7;2016;16:09;0;RUA MARIA JULIA;;;;;Colisão;Luz do Dia;;;Meio de Quadra;;;0;2;0;1;0;0;0;0;0;0;0;0;;
294936;13;7;2016;15:57;19721;RUA GUSTAVO SAMPAIO;RUA AMADEU FURTADO;;;;Colisão;Luz do Dia;;;Cruz;Não Há Controle;Residencial;0;2;0;1;0;0;0;0;0;1;0;0;-38,563828;-3,736786
294955;13;7;2016;17:28;17312;RUA ALAN KARDEC;RUA EDITE BRAGA;;;;Colisão;Anoitecer;;;;;;0;2;0;1;0;0;0;0;0;1;0;0;-38,550631;-3,764281
294956;13;7;2016;17:38;0;RUA MARIA JULIA;;;1040;;Outros;Anoitecer;;;Meio de Quadra;;;0;0;1;0;0;0;0;0;0;0;0;0;-38,600698;-3,795031
294957;13;7;2016;17:41;0;AV PERIMETRAL;;;3021;;Colisão;Anoitecer;;;Meio de Quadra;;;0;2;0;1;0;0;0;0;0;1;0;0;;
294958;13;7;2016;17:43;0;RUA JOSE MESSIAS MATOS;;;230;;Queda;Anoitecer;;;Meio de Quadra;;;0;1;0;0;0;0;0;0;0;1;0;0;-38,516328;-3,795364
294959;13;7;2016;18:56;0;RUA JACINTO MATOS;;;278;;Queda;;;;Meio de Quadra;;;0;1;0;0;0;0;0;0;0;1;0;0;;
294948;13;7;2016;16:33;3354;RUA RIO GRANDE DO SUL;RUA DOS ESTADOS;;;;Colisão;Luz do Dia;;;Cruz;Pare;Residencial;0;2;0;1;0;0;0;0;0;0;0;0;-38,563429;-3,752175
294968;13;7;2016;19:02;22990;AV DR SILAS MUNGUBA;RUA AMERICO VESPUCIO;;;;Colisão Transversal;Via Iluminada;Bom;Seca;Cruz;Não Há Controle;Comercial;0;3;1;1;0;0;0;0;0;1;0;0;;
294979;13;7;2016;19:02;0;AV DOS JANGADEIROS;;;560;;Colisão;;;;Meio de Quadra;;;0;1;1;0;0;0;0;0;0;0;0;0;;
301233;13;7;2016;06:56;0;AV AGUANAMBI;AV SORIANO ALBUQUERQUE;;0;;Colisão Traseira;Luz do Dia;Chuva;Molhada;Meio de Quadra;Semáforo;Comercial;0;0;2;1;0;0;0;0;0;0;0;0;;
301234;13;7;2016;08:47;1573;RUA JOAQUIM NABUCO;RUA GAL TERTULIANO POTYGUARA;;0;;Colisão Lateral;Luz do Dia;Bom;Seca;Cruz;Pare;Comercial;0;0;3;1;0;0;0;0;0;1;0;0;-38,503511;-3,742164
301235;13;7;2016;08:00;0;RUA HENRIQUETA GALENO;;;576;;Colisão Transversal;Luz do Dia;Bom;Seca;Meio de Quadra;Não Há Controle;Comercial;0;0;2;1;0;0;0;0;0;0;0;0;-38,495165;-3,746706
301236;13;7;2016;18:35;15141;AV MON TABOSA;RUA CARLOS VASCONCELOS;;0;;Colisão Transversal;Via Iluminada;Bom;Seca;Cruz;Semáforo;Comercial;0;1;1;1;0;0;0;0;0;1;0;0;-38,507985;-3,724289
301237;13;7;2016;19:45;0;AV MOZART PINHEIRO DE LUCENA;;;535;;Choque c/ Obstáculo Fixo;Via Iluminada;Bom;Seca;Meio de Quadra;Não Há Controle;Residencial;0;1;1;1;0;0;0;0;0;1;0;0;-38,592406;-3,706983
301238;13;7;2016;21:00;6788;AV SANTOS DUMONT;RUA DES WALDETARIO P MOTA;;0;;Colisão Transversal;Via Iluminada;Bom;Seca;Cruz;Semáforo;Comercial;0;0;1;1;1;0;0;0;0;0;0;0;-38,483309;-3,741093
301239;13;7;2016;22:29;0;AV AGUANAMBI;;;0;;Colisão Traseira;Via Iluminada;Bom;Seca;Cruz;Semáforo;Comercial;0;0;2;1;0;0;0;0;0;0;0;0;;
301240;13;7;2016;22:13;0;AV EDILSON B SOARES;RUA MIN ABNER VASCONCELOS;RUA MARIO ALENCAR ARARIPE;0;;Colisão Traseira;Via Iluminada;Bom;Seca;Meio de Quadra;Semáforo;Comercial;0;0;2;1;0;0;0;0;0;0;0;0;-38,479613;-3,78938
303249;13;7;2016;20:46;0;RUA D UI 309;;;300;;Colisão Lateral;Via Iluminada;Bom;Seca;Cruz;Não Há Controle;Comercial;0;1;1;0;0;0;0;0;0;1;0;0;-38,549539;-3,805141
289641;14;7;2016;11:45;0;AV MIN JOSE AMERICO;;;;;Colisão;Luz do Dia;Bom;Seca;Meio de Quadra;;;0;0;2;1;1;0;0;0;0;0;0;0;;
289643;14;7;2016;14:10;0;RD CE-040;;;;KM-01;Colisão;Luz do Dia;Bom;Seca;Meio de Quadra;;;0;0;2;1;0;0;0;0;0;0;0;0;-38,48666;-3,758119
288029;14;7;2016;09:40;0;RD BR 116;;;500;KM-04;Queda;Luz do Dia;Bom;Seca;Meio de Quadra;;;0;2;0;0;0;0;0;0;0;1;0;0;-38,51003863;-3,789525584
301241;14;7;2016;07:55;7871;RUA PRO FRANCISCO GONCALVES;RUA LEONARDO MOTA;;0;;Colisão Transversal;Luz do Dia;Bom;Seca;Cruz;Pare;Comercial;0;1;1;1;0;0;0;0;0;0;0;0;-38,499748;-3,747308
301242;14;7;2016;09:30;0;RUA BARBOSA DE FREITAS;RUA JOAQUIM SA;;0;;Colisão Traseira;Luz do Dia;Bom;Seca;T;Dê Preferência;Comercial;0;2;1;0;0;0;0;0;0;1;0;0;;
301243;14;7;2016;10:15;5357;RUA PEDRO I;RUA MAJ FACUNDO;;0;;Colisão Transversal;Luz do Dia;Bom;Seca;Cruz;Pare;Comercial;0;0;2;1;0;0;0;0;0;0;0;0;-38,52899;-3,731113
301244;14;7;2016;10:15;5421;AV VIS RIO BRANCO;AV HERACLITO GRACA;;0;;Colisão Lateral;Luz do Dia;Bom;Seca;Cruz;Semáforo;Comercial;0;0;2;0;1;0;0;0;0;1;0;0;-38,524603;-3,733481
301245;14;7;2016;11:13;12869;RUA ASSUNCAO;RUA JOAQUIM MAGALHAES;;0;;Colisão Traseira;Luz do Dia;Bom;Seca;Cruz;Pare;Residencial;0;0;2;1;0;0;0;0;0;0;0;0;-38,530214;-3,739201
301246;14;7;2016;14:11;0;AV JOSE BASTOS;;;2608;;Engavetamento;Luz do Dia;Bom;Seca;Meio de Quadra;Não Há Controle;Residencial;0;0;3;1;0;0;0;0;0;0;0;0;;
301247;14;7;2016;16:39;0;AV DR SILAS MUNGUBA;;;4956;;Colisão Traseira;Luz do Dia;Bom;Seca;Meio de Quadra;Semáforo;Comercial;0;0;2;1;0;0;0;0;0;0;0;0;;
301248;14;7;2016;17:48;0;RUA ALVARO FERNANDES;;;348;;Colisão Lateral;Anoitecer;Bom;Seca;Meio de Quadra;Não Há Controle;Comercial;0;0;2;1;0;0;0;0;0;0;0;0;-38,552753;-3,761795
301249;14;7;2016;18:26;19935;RUA JORGE ACURCIO;RUA FRANCISCO LORDA;;0;;Colisão Transversal;Via Iluminada;Bom;Seca;Cruz;Pare;Comercial;0;0;1;1;0;0;0;0;0;0;0;0;-38,530533;-3,762325
301250;14;7;2016;20:22;17555;RUA MERUOCA;RUA DR JOSE LINO;;0;;Colisão Lateral;Via Iluminada;Bom;Seca;Cruz;Pare;Residencial;0;0;2;0;0;0;0;0;0;0;0;0;-38,482955;-3,730672
301251;14;7;2016;22:06;0;AV JOSE BASTOS;;;3830;;Colisão Lateral;Via Iluminada;Bom;Seca;Meio de Quadra;Semáforo;Comercial;0;0;2;1;0;0;0;0;0;0;0;0;-38,552363;-3,751911
301265;14;7;2016;20:21;0;AV ANTONIO JUSTA;;;3300;;Atropelamento;Via Iluminada;Bom;Seca;Meio de Quadra;Não Há Controle;Residencial;0;2;0;0;0;0;0;0;0;1;0;0;-38,491672;-3,728561
295007;14;7;2016;03:35;0;AV LEITE BARBOSA;;;;;Queda;;;;Meio de Quadra;;;0;1;0;0;0;0;0;0;0;1;0;0;;
295014;14;7;2016;04:40;0;AV AGUANAMBI;;;;;Colisão;;;;Meio de Quadra;;;0;1;0;0;0;0;0;0;0;1;0;0;;
295023;14;7;2016;06:43;0;RD BR 116;;;;;Colisão;Luz do Dia;;;Meio de Quadra;;;0;2;0;1;0;0;0;0;0;1;0;0;;
295035;14;7;2016;07:33;0;AV ALBERTO CRAVEIRO;;;;;Colisão;Luz do Dia;;;Meio de Quadra;;;0;2;0;1;0;0;0;0;0;1;0;0;;
295036;14;7;2016;08:03;0;AV TRISTAO GONCALVES;;;1465;;Colisão;Luz do Dia;;;Meio de Quadra;;;0;2;0;0;0;0;0;0;0;1;0;0;-38,535491;-3,734741
295037;14;7;2016;08:41;0;AV PASTEUR;;;979;;Queda;Luz do Dia;;;Meio de Quadra;;;0;1;0;0;0;0;0;0;0;1;0;0;-38,560018;-3,714666
295038;14;7;2016;09:25;0;RUA PORTO VELHO;;;1832;;Colisão;Luz do Dia;;;Meio de Quadra;;;0;2;0;1;0;0;0;0;0;1;0;0;-38,594642;-3,761985
295039;14;7;2016;09:50;0;RD BR 116;;;;;Colisão;Luz do Dia;;;Meio de Quadra;;;0;2;0;1;0;0;0;0;0;1;0;0;;
295040;14;7;2016;10:25;0;AV PRS CASTELO BRANCO;;;;;Atropelamento;Luz do Dia;;;Meio de Quadra;;;0;2;0;1;0;0;0;0;0;0;0;0;;
295032;14;7;2016;07:32;5392;RUA NOGUEIRA ACIOLI;RUA PINTO MADEIRA;;;;Colisão Lateral;Luz do Dia;Bom;Seca;Cruz;Pare;Comercial;0;1;3;1;0;0;0;0;0;1;0;0;-38,517559;-3,732292
295050;14;7;2016;14:31;0;RUA TANCREDO NEVES UI 505;;;997;;Colisão;Luz do Dia;;;Meio de Quadra;;;0;2;0;0;0;0;0;0;0;1;0;0;;
295051;14;7;2016;16:20;1232;RUA COSTA BARROS;RUA MON BRUNO;;;;Colisão;Luz do Dia;;;Cruz;Pare;Comercial;0;2;0;1;0;0;0;0;0;1;0;0;-38,50904;-3,731183
295052;14;7;2016;16:54;0;AV GAL OSORIO DE PAIVA;;;810;;Atropelamento;Luz do Dia;;;Meio de Quadra;;;0;2;0;0;0;0;0;0;0;1;0;0;-38,569415;-3,777465
295053;14;7;2016;17:01;0;AV PERIMETRAL;;;;;Colisão;Anoitecer;;;Meio de Quadra;;;0;2;0;1;0;0;0;0;0;1;0;0;;
295054;14;7;2016;17:23;0;RUA BRAGANCA;;;1094;;Colisão;Anoitecer;;;Meio de Quadra;;;0;2;0;0;0;0;0;0;0;0;0;0;-38,597441;-3,7841
295045;14;7;2016;11:05;9168;AV BORGES DE MELO;AV LUCIANO CARNEIRO;;;;Colisão;Luz do Dia;;;Cruz;Semáforo Intermitente;Comercial;0;2;0;0;0;0;1;0;0;1;0;0;-38,534097;-3,756465
295042;14;7;2016;10:40;0;RUA PESSOA ANTA;;;141;;Colisão Traseira;Luz do Dia;Bom;Seca;Meio de Quadra;Não Há Controle;Comercial;0;0;4;1;0;0;0;0;0;0;0;0;-38,521665;-3,721064
295043;14;7;2016;10:50;9168;AV BORGES DE MELO;AV LUCIANO CARNEIRO;;;;Colisão;Luz do Dia;;;Cruz;Semáforo Intermitente;Comercial;0;2;0;0;0;0;0;0;0;1;0;0;-38,534097;-3,756465
295047;14;7;2016;12:25;731;RUA PEDRO AMERICO;RUA IRINEU DE SOUZA;;;;Colisão;Luz do Dia;;;Cruz;Pare;Residencial;0;2;0;0;0;0;0;0;0;1;0;0;-38,566244;-3,711438
295048;14;7;2016;12:53;1350;RUA TORRES CAMARA;RUA SILVA PAULET;;;;Colisão Transversal;Luz do Dia;Bom;Seca;Cruz;Pare;Comercial;0;1;4;1;0;0;0;0;0;1;0;0;-38,505905;-3,735958
295056;14;7;2016;17:24;0;AV GAL OSORIO DE PAIVA;;;805;;Colisão;Anoitecer;;;Meio de Quadra;;;0;2;0;0;0;0;0;0;0;1;0;0;-38,569509;-3,777525
295098;14;7;2016;23:10;0;AV PRS COSTA E SILVA;;;;;Colisão;;;;Meio de Quadra;;;0;2;0;1;0;0;0;0;0;1;0;0;;
295077;14;7;2016;20:08;0;AV ENG SANTANA JUNIOR;;;;;Queda;;;;Meio de Quadra;;;0;1;0;0;0;0;0;0;0;1;0;0;;
295078;14;7;2016;20:19;0;AV PRS CASTELO BRANCO;;;;;Colisão;;;;Meio de Quadra;;;0;1;0;0;0;0;0;0;0;1;0;0;;
295079;14;7;2016;20:32;0;AV SEN FERNANDES TAVORA;;;2433;;Colisão;;;;Meio de Quadra;;;0;2;0;0;0;0;0;0;0;0;0;0;-38,594468;-3,755837
295075;14;7;2016;19:40;0;AV PERIMETRAL;;;430;;Colisão;;;;Meio de Quadra;;;0;2;0;0;0;0;0;0;0;0;0;0;;
295070;14;7;2016;18:30;0;AV PRO GOMES DE MATOS;;;10;;Colisão;Anoitecer;;;Meio de Quadra;;;0;2;0;1;0;0;0;0;0;1;0;0;-38,540007;-3,754612
295072;14;7;2016;19:19;0;AV MR HULL;;;;;Colisão;;;;;;;0;2;0;1;0;0;0;0;0;1;0;0;;
295073;14;7;2016;19:23;0;RUA ARACAJU;;;340;;Atropelamento;;;;Meio de Quadra;;;0;2;0;0;0;0;0;0;0;1;0;0;-38,585591;-3,756038
295067;14;7;2016;18:13;0;RUA ALAN KARDEC;;;363;;Atropelamento;Anoitecer;;;Meio de Quadra;;;0;2;0;0;0;0;0;0;0;1;0;0;-38,553138;-3,762455
295065;14;7;2016;18:00;0;AV MON TABOSA;;;115;;Colisão Traseira;Via Iluminada;Bom;Seca;Meio de Quadra;Não Há Controle;Comercial;0;1;3;1;0;0;0;0;0;1;0;0;-38,518117;-3,723656
295062;14;7;2016;18:00;1462;RUA JOAO CARVALHO;RUA NUNES VALENTE;;;;Colisão;Anoitecer;;;Cruz;Pare;Comercial;0;3;0;0;0;0;0;0;0;1;0;0;-38,504491;-3,738599
295090;14;7;2016;21:37;0;AV IRACEMA (CJ PALMEIRAS);;;;;Queda;;;;Meio de Quadra;;;0;1;0;0;0;1;0;0;0;0;0;0;;
295093;14;7;2016;21:37;0;RUA MAJ GERARDO MENDES;;;206;;Colisão;;;;Meio de Quadra;;;0;1;0;0;0;0;0;0;0;1;0;0;-38,513592;-3,764121
295096;14;7;2016;22:03;0;AV JOVITA FEITOSA;;;;;Colisão;;;;Meio de Quadra;;;0;1;0;0;0;0;0;0;0;0;0;0;;
295028;14;7;2016;06:55;3990;RUA PRO COSTA MENDES;AV PRO GOMES DE MATOS;;;;Colisão;Luz do Dia;;;Cruz;Semáforo;Comercial;0;2;0;1;0;0;0;0;0;1;0;0;-38,542936;-3,758035
295082;14;7;2016;20:50;12358;RUA JOCKEY CLUBE;RUA ERNESTO PEDRO SANTOS;;;;Colisão;;;;Cruz;Pare;Residencial;0;2;0;0;0;0;0;0;0;1;0;0;-38,57686;-3,763734
295088;14;7;2016;21:25;0;RUA SAO FRANCISCO DO PICI;;;;;Colisão;;;;Meio de Quadra;;;0;2;0;0;0;1;0;0;0;0;0;0;;
290441;14;7;2016;19:20;0;AV 13 DE MAIO;;;1271;;Colisão Lateral;Anoitecer;Bom;Seca;Meio de Quadra;Outros;Comercial;0;0;2;1;0;0;0;0;0;0;0;0;-38,53046;-3,748355
290447;14;7;2016;15:15;0;RUA J DA PENHA;;;;;Colisão;Luz do Dia;Bom;Seca;Meio de Quadra;Não Há Controle;Comercial;0;0;2;1;0;0;0;0;0;0;0;0;;
290449;14;7;2016;08:50;98;RUA SALGADO FILHO;AV MR HULL;;;;Colisão Frontal;Luz do Dia;Bom;Seca;T;Pare;Residencial;0;0;2;0;1;0;0;0;0;0;0;0;-38,59534;-3,740213
290450;14;7;2016;08:05;0;AV SANTOS DUMONT;;;2131;;Colisão Traseira;Luz do Dia;Bom;Seca;Meio de Quadra;Não Há Controle;Misto;0;0;2;1;0;0;0;0;0;0;0;0;-38,505085;-3,734042
290455;14;7;2016;18:00;20963;RUA CARLOS JEREISSATI (PICI);RUA ALAGOAS;;;;Colisão Transversal;Via Iluminada;Bom;Seca;Cruz;Pare;Comercial;0;1;1;1;0;0;0;0;0;1;0;0;-38,580066;-3,750094
290477;14;7;2016;15:20;7856;RUA HENRIQUETA GALENO;AV SEN VIRGILIO TAVORA;;;;Colisão Traseira;Luz do Dia;Bom;Seca;Cruz;Pare;Residencial;0;0;2;1;0;0;0;0;0;1;0;0;-38,496211;-3,746365
290479;14;7;2016;08:30;0;AV JOSE BASTOS;AV ENG HUMBERTO MONTE;RUA JOSE FACANHA;;;Colisão Lateral;Luz do Dia;Bom;Seca;Meio de Quadra;Não Há Controle;Comercial;0;1;2;1;0;0;0;0;0;1;0;0;-38,555455;-3,754966
290480;14;7;2016;17:52;25254;RUA CRISANTO M DA ROCHA;RUA JOAQUIM DE FIGUEIREDO FILHO;;;;Colisão Frontal;Anoitecer;Bom;Seca;Cruz;Pare;Residencial;0;1;1;1;0;0;0;0;0;1;0;0;;
290482;14;7;2016;09:20;0;RUA RODRIGUES JUNIOR;;;20;;Colisão Transversal;Luz do Dia;Bom;Seca;Meio de Quadra;Não Há Controle;Residencial;0;0;2;1;0;0;0;0;0;0;0;0;-38,518826;-3,725141
290488;14;7;2016;08:00;9124;RUA MON SALAZAR;AV VIS RIO BRANCO;;;;Colisão Traseira;Luz do Dia;Bom;Seca;Cruz;Semáforo;Comercial;0;0;2;1;0;0;0;0;0;0;0;0;-38,51987;-3,756701
290489;14;7;2016;08:50;15367;RUA CEL JUCA;RUA PEREIRA VALENTE;;;;Colisão;Luz do Dia;Bom;Seca;Cruz;Pare;Comercial;0;0;2;1;0;0;0;0;0;0;0;0;-38,490267;-3,734439
290490;14;7;2016;18:15;0;AV GOV RAUL BARBOSA;;;7140;;Colisão Lateral;Anoitecer;Bom;Seca;Meio de Quadra;Não Há Controle;Comercial;0;0;2;1;0;0;1;0;0;0;0;0;-38,512975;-3,775123
290491;14;7;2016;20:15;0;AV GOV RAUL BARBOSA;;;3048;;Colisão Traseira;Via Iluminada;Bom;Seca;Meio de Quadra;Não Há Controle;Comercial;0;0;2;1;1;0;0;0;0;0;0;0;-38,504206;-3,754128
290492;14;7;2016;10:00;3030;RUA DIOGO CORREIA;RUA ANDRE REBOUCAS;;;;Colisão;Luz do Dia;Bom;Seca;Cruz;Semáforo;Comercial;0;1;1;1;0;0;0;0;0;1;0;0;-38,588606;-3,774008
290485;14;7;2016;11:00;12869;RUA ASSUNCAO;RUA JOAQUIM MAGALHAES;;;;Colisão Traseira;Luz do Dia;Bom;Seca;Cruz;Pare;Residencial;0;0;2;1;0;0;0;0;0;0;0;0;-38,530214;-3,739201
290486;14;7;2016;16:00;12836;AV DOMINGOS OLIMPIO;RUA BAR ARATANHA;;;;Engavetamento;Luz do Dia;Bom;Seca;Cruz;Semáforo;Comercial;0;0;3;1;0;0;0;0;0;0;0;0;-38,527953;-3,737562
290399;15;7;2016;08:30;0;AV CARAPINIMA;;;2380;;Colisão Lateral;;Bom;Seca;Meio de Quadra;Pare;Residencial;0;0;2;1;1;0;0;0;0;0;0;0;-38,540866;-3,740628
290400;15;7;2016;19:00;82;RUA PDE PERDIGAO SAMPAIO;RUA PRS PRUDENTE;;;;Colisão;;;;T;Pare;Escola;0;0;2;1;0;0;0;0;0;0;0;0;-38,594911;-3,738132
290392;15;7;2016;18:15;0;RUA CAP ARAGAO;;;650;;Colisão Traseira;Via Iluminada;Bom;Seca;Meio de Quadra;Não Há Controle;Residencial;0;0;2;1;0;0;0;0;0;0;0;0;-38,512302;-3,764763
290394;15;7;2016;21:50;376;RUA PRO ANACLETO;RUA GAL BERNARDO FIGUEIREDO;;;;Colisão Traseira;Via Iluminada;Bom;Seca;Duplo T;Pare;Residencial;0;0;2;1;0;0;0;0;0;0;0;0;-38,551931;-3,739693
290397;15;7;2016;08:10;21809;RUA DEP MATOSO FILHO;RUA RAIMUNDO R. MENEZES;;;;Colisão Traseira;Luz do Dia;Bom;Seca;Cruz;Pare;Residencial;0;0;2;0;0;0;0;0;0;1;0;0;-38,585931;-3,730429
290355;15;7;2016;08:30;930;AV BORGES DE MELO;AV AGUANAMBI;;;;Engavetamento;Luz do Dia;Bom;Seca;Cruz;Não Há Controle;Residencial;0;0;4;1;0;0;0;0;0;0;0;0;-38,52388;-3,760928
290351;15;7;2016;14:30;5777;RUA CHICO LEMOS;RUA JOSE A CAVALCANTE;;;;Colisão Transversal;Luz do Dia;Bom;Seca;Cruz;Pare;Residencial;0;0;2;1;0;0;0;0;0;0;0;0;-38,499317;-3,790905
290352;15;7;2016;15:30;7837;RUA OSVALDO CRUZ (ALDEOTA);RUA TOMAS ACIOLI;;;;Colisão Transversal;Luz do Dia;Bom;Seca;Cruz;Pare;Comercial;0;0;2;1;0;0;0;0;0;0;0;0;-38,50397;-3,746886
290353;15;7;2016;19:05;16083;RUA GODOFREDO OLIVEIRA;RUA OLIMPIO NORONHA;;;;Colisão Transversal;;;;Cruz;Não Há Controle;Residencial;0;1;1;0;0;0;0;0;0;1;0;0;-38,56095;-3,81235
290348;15;7;2016;06:50;6749;RUA BATISTA DE OLIVEIRA;RUA DR GILBERTO STUDART;;;;Colisão Transversal;Luz do Dia;Bom;Seca;Cruz;Gesto;Residencial;0;0;2;1;0;0;0;0;0;0;0;0;-38,480581;-3,743734
290343;15;7;2016;00:30;9020;RUA JAIME BENEVOLO;RUA SALDANHA MARINHO;;;;Colisão Transversal;Via Iluminada;Bom;Seca;Cruz;Semáforo;Comercial;0;1;1;1;0;0;0;0;0;1;0;0;-38,528994;-3,743046
290341;15;7;2016;06:30;26215;AV D CJ JOSE WALTER;RUA E CJ JOSE WALTER;;;;Colisão Lateral;Luz do Dia;Bom;Seca;Rotatória;Dê Preferência;Misto;0;0;2;1;0;0;0;0;0;0;0;0;;
290335;15;7;2016;08:32;0;AV JOSE LEON;;;1121;;Colisão Lateral;Luz do Dia;;;Meio de Quadra;;;0;0;2;1;0;0;0;0;0;1;0;0;-38,501799;-3,787823
290336;15;7;2016;06:55;9072;AV 13 DE MAIO;AV VIS RIO BRANCO;;;;Colisão Traseira;Luz do Dia;Bom;Seca;Cruz;Semáforo;Comercial;0;0;2;1;0;0;0;0;0;0;0;0;-38,520486;-3,753544
290337;15;7;2016;16:38;1441;RUA PRO DIAS DA ROCHA;AV SANTOS DUMONT;;;;Colisão;Luz do Dia;;;Cruz;Pare;Comercial;0;1;1;1;0;0;0;0;1;0;0;0;-38,492502;-3,738113
290338;15;7;2016;17:00;17311;RUA JOAO FIRMINO;RUA ROMEU MARTINS;;;;Colisão;Anoitecer;;;Cruz;Pare;Residencial;0;0;2;1;0;0;0;0;0;0;0;0;-38,555582;-3,764274
290339;15;7;2016;00:00;0;AV ENG SANTANA JUNIOR;;;2804;;Colisão Traseira;;;;Meio de Quadra;;;0;0;2;1;0;0;1;0;0;0;0;0;-38,489258;-3,745757
295108;15;7;2016;06:38;0;AV D CJ JOSE WALTER;;;341;;Colisão;Luz do Dia;;;Meio de Quadra;;;0;2;0;0;0;0;0;0;0;0;0;0;-38,556108;-3,83151
295110;15;7;2016;06:53;0;RUA COS LAFAYETE;;;505;;Colisão;Luz do Dia;;;Meio de Quadra;;;0;2;0;1;0;0;0;0;0;1;0;0;-38,582755;-3,717988
295115;15;7;2016;07:49;0;RUA CARLOS CHAGAS;;;146;;Colisão;Luz do Dia;;;Meio de Quadra;;;0;2;0;0;0;0;0;0;0;0;0;0;-38,581605;-3,781158
295116;15;7;2016;07:52;0;AV WASHINGTON SOARES;;;;;Colisão;Luz do Dia;;;Meio de Quadra;;;0;2;0;1;0;0;0;0;0;1;0;0;;
295117;15;7;2016;07:57;0;AV MR HULL;;;;;Colisão;Luz do Dia;;;Meio de Quadra;;;0;1;0;0;0;1;0;0;0;0;0;0;;
295100;15;7;2016;00:08;1599;RUA VICENTE LINHARES;AV SEN VIRGILIO TAVORA;;;;Queda;;;;Cruz;Semáforo;Comercial;0;1;0;0;0;0;0;0;0;1;0;0;-38,49537;-3,743743
295101;15;7;2016;00:53;6584;AV H CJ CEARA;AV J CJ CEARA;;;;Colisão;;;;Cruz;Outros;Residencial;0;2;0;1;0;0;0;0;0;1;0;0;-38,621543;-3,777092
295106;15;7;2016;01:55;0;AV OLIVEIRA PAIVA;;;13;;Atropelamento;Luz do Dia;Bom;Seca;Meio de Quadra;Dê Preferência;Escola;0;2;1;0;0;0;0;0;0;1;0;0;;
295121;15;7;2016;08:20;9072;AV PONTES VIEIRA;AV VIS RIO BRANCO;;;;Colisão;Luz do Dia;;;;;;0;2;0;0;0;0;0;0;0;1;0;0;-38,520486;-3,753544
295122;15;7;2016;12:11;0;RUA CATAO MAMEDE;;;900;;Queda;Luz do Dia;;;Meio de Quadra;;;0;1;0;0;0;0;0;0;0;1;0;0;-38,50556;-3,739334
295135;15;7;2016;14:47;0;AV GODOFREDO MACIEL;RUA FRANCISCO GLICERIO;;3416;;Colisão Traseira;Luz do Dia;Bom;Seca;Cruz;Semáforo;Comercial;0;1;4;1;1;0;0;0;0;0;0;0;-38,57256;-3,804935
295136;15;7;2016;14:47;0;AV VIS RIO BRANCO;;;1400;;Colisão;Luz do Dia;;;Meio de Quadra;;;0;2;0;1;0;0;0;0;0;1;0;0;-38,524641;-3,733292
295133;15;7;2016;14:46;12849;RUA SALDANHA MARINHO;RUA ASSUNCAO;;805;;Colisão Transversal;Luz do Dia;Bom;Seca;Cruz;Pare;Comercial;0;1;6;1;0;0;0;0;0;1;0;0;-38,531231;-3,742314
295127;15;7;2016;13:06;13233;AV F CJ JOSE WALTER;AV L CJ JOSE WALTER;;;;Colisão;Luz do Dia;;;Rotatória;Dê Preferência;Residencial;0;2;0;1;0;0;0;0;0;1;0;0;-38,558805;-3,835328
295128;15;7;2016;13:19;0;RUA RUBENS MONTE D43;;;88;;Colisão Transversal;Luz do Dia;Bom;Seca;Meio de Quadra;Não Há Controle;Comercial;0;2;2;1;0;0;0;0;0;1;0;0;-38,565156;-3,804397
295129;15;7;2016;13:21;12395;AV LINEU MACHADO;RUA CUIABA;;;;Colisão;Luz do Dia;;;Cruz;Pare;Comercial;0;1;0;0;0;0;0;0;0;0;0;0;-38,57862;-3,769181