COD_ACIDENTE;DIA;MES;ANO;HORA;INTERSECAO;LOG1;LOG2;LOG3;NUMERO;REFERENCIA;NATUREZA;ILUMINACAO;TEMPO;SUPERFICIEPISTA;TIPOCRUZAMENTO;CONTROLETRAFEGO;USOSOLO;MORTOS;FERIDOS;ILESOS;AUTOMOVEL;ONIBUS;BICICLETA;CAMINHAO;MICROONIBUS;CICLOMOTOR;MOTOCICLETA;TRACAOANIMAL;TREM;LONG;LAT
295130;15;7;2016;14:33;0;AV BORGES DE MELO;;;;;Colisão;Luz do Dia;;;Meio de Quadra;;;0;2;0;1;0;0;0;0;0;1;0;0;;
295113;15;7;2016;07:16;0;RUA 15 DE NOVEMBRO;;;392;;Colisão Lateral;Luz do Dia;Bom;Seca;Meio de Quadra;Não Há Controle;Residencial;0;1;3;1;0;0;0;0;0;1;0;0;-38,556384;-3,768745
295119;15;7;2016;08:04;0;RUA BEM AVENTURANCA;;;12;;Colisão;Luz do Dia;;;Meio de Quadra;;;0;2;0;0;0;0;0;0;0;1;0;0;-38,566838;-3,70404
295138;15;7;2016;14:50;0;AV GAL OSORIO DE PAIVA;;;7457;;Atropelamento;Luz do Dia;;;Meio de Quadra;;;0;2;0;0;0;0;0;0;0;0;0;0;-38,613946;-3,816967
295139;15;7;2016;14:54;0;RUA L CJ VILA VELHA;;;841;;Colisão;Luz do Dia;;;Meio de Quadra;;;0;2;0;0;0;0;0;0;0;1;0;0;;
295143;15;7;2016;15:12;0;AV HERACLITO GRACA;;;1300;;Colisão Lateral;Luz do Dia;Bom;Seca;Meio de Quadra;Não Há Controle;Comercial;0;0;6;1;0;0;0;0;0;1;0;0;-38,513212;-3,737177
295147;15;7;2016;15:32;0;RUA FRANCO ROCHA;;;463;;Queda;Luz do Dia;;;Meio de Quadra;;;0;1;0;0;0;0;0;0;0;1;0;0;-38,580811;-3,754525
295163;15;7;2016;15:40;25254;RUA JOAQUIM DE FIGUEIREDO FILHO;RUA CRISANTO M DA ROCHA;;;;Colisão;Luz do Dia;;;Cruz;Pare;Residencial;0;2;0;1;0;0;0;0;0;1;0;0;;
295168;15;7;2016;15:51;0;RUA L CJ VILA VELHA;;;;;Colisão;Luz do Dia;;;Meio de Quadra;;;0;2;0;1;0;0;0;0;0;1;0;0;;
295169;15;7;2016;15:59;0;AV WASHINGTON SOARES;;;;;Queda;Luz do Dia;;;Meio de Quadra;;;0;1;0;0;0;1;0;0;0;0;0;0;;
295175;15;7;2016;16:04;0;AV PENETRACAO OESTE I;;;205;;Colisão;Luz do Dia;;;Meio de Quadra;;;0;2;0;0;0;0;0;0;0;0;0;0;-38,588354;-3,815037
295183;15;7;2016;16:22;14747;RUA JULIO MACIEL (MANUEL SATIRO);RUA FRANCFORT;;780;;Colisão Transversal;Mal Iluminada;Bom;Seca;Cruz;Não Há Controle;Residencial;0;0;3;1;0;0;0;0;0;1;0;0;-38,581698;-3,797299
295188;15;7;2016;16:40;0;AV SANTOS DUMONT;;;3601;;Colisão;Luz do Dia;;;Meio de Quadra;;;0;2;0;1;0;0;0;0;0;1;0;0;-38,492581;-3,738091
295190;15;7;2016;17:05;0;RUA RIO VENTURA;;;459;;Queda;Anoitecer;;;Meio de Quadra;;;0;1;0;0;0;0;0;0;0;1;0;0;;
295193;15;7;2016;17:13;0;RUA FRE CANECA;;;277;;Atropelamento;Anoitecer;;;Meio de Quadra;;;0;2;0;1;0;0;0;0;0;0;0;0;-38,508442;-3,785761
295195;15;7;2016;18:05;18445;AV SGT HERMINIO SAMPAIO;RUA PDE MAXIMO FEITOSA;;3909;;Colisão Transversal;Via Iluminada;Bom;Seca;Cruz;Pare;Residencial;0;2;4;1;0;0;0;0;0;1;0;0;-38,57493;-3,729827
295203;15;7;2016;19:44;15277;AV ANTONIO JUSTA;AV SEN VIRGILIO TAVORA;;;;Atropelamento;;;;Cruz;Semáforo;Residencial;0;2;0;0;0;0;0;0;0;1;0;0;-38,490692;-3,728875
295208;15;7;2016;20:07;0;AV DUQ CAXIAS;;;403;;Colisão Transversal;Via Iluminada;Bom;Seca;Cruz;Semáforo;Comercial;0;1;3;0;1;0;0;0;0;1;0;0;-38,528462;-3,732252
295210;15;7;2016;20:37;0;AV GAL OSORIO DE PAIVA;;;5305;;Colisão;;;;Meio de Quadra;;;0;2;0;0;0;0;0;0;0;1;0;0;-38,601392;-3,804004
295214;15;7;2016;21:30;0;RUA MARANHAO;;;709;;Colisão;;;;Meio de Quadra;;;0;2;0;1;0;1;0;0;0;0;0;0;-38,567672;-3,754423
295215;15;7;2016;21:33;0;RUA REV OSMAR LIMA;;;;;Atropelamento;;;;Meio de Quadra;;;0;2;0;0;0;0;0;0;0;1;0;0;;
295216;15;7;2016;21:40;19611;RUA NEREU RAMOS;AV GODOFREDO MACIEL;;;;Colisão;;;;T;Semáforo;Comercial;0;2;0;1;0;0;0;0;0;1;0;0;-38,566802;-3,78725
295212;15;7;2016;20:49;18528;AV ENG HUMBERTO MONTE;AV MR HULL;;;;Colisão;;;;;;;0;2;0;0;0;0;0;0;0;0;0;0;-38,569025;-3,736609
295219;15;7;2016;21:55;0;AV N CJ JOSE WALTER;;;1768;;Colisão;;;;Meio de Quadra;;;0;2;0;0;0;0;0;0;0;1;0;0;;
295221;15;7;2016;22:04;0;AV GAL OSORIO DE PAIVA;;;6652;;Queda;;;;Meio de Quadra;;;0;1;0;0;0;1;0;0;0;0;0;0;-38,608787;-3,811682
295222;15;7;2016;22:50;0;RUA SAO FRANCISCO D34;;;1085;;Queda;;;;Meio de Quadra;;;0;1;0;0;0;0;0;0;0;1;0;0;;
295223;15;7;2016;23:27;0;AV DUQ CAXIAS;;;1700;;Colisão;;;;Meio de Quadra;;;0;2;0;0;0;0;0;0;0;0;0;0;-38,539517;-3,728676
295225;15;7;2016;23:48;0;AV JOSE BASTOS;;;;;Colisão;;;;Meio de Quadra;;;0;2;0;0;0;0;0;0;0;0;0;0;;
301252;15;7;2016;07:50;15299;RUA CANUTO DE AGUIAR;RUA OSVALDO CRUZ (ALDEOTA);;0;;Colisão Transversal;Luz do Dia;Bom;Seca;Cruz;Pare;Residencial;0;0;2;0;0;0;0;0;0;1;0;0;-38,498405;-3,729675
301253;15;7;2016;06:20;11069;RUA EQUADOR;RUA SUECIA;;0;;Colisão Lateral;Luz do Dia;Bom;Seca;T;Pare;Residencial;0;0;2;1;0;0;0;0;0;1;0;0;-38,557111;-3,784449
301254;15;7;2016;08:47;0;AV PDE ANTONIO TOMAS;;;386;;Colisão Traseira;Luz do Dia;Bom;Seca;Meio de Quadra;Não Há Controle;Comercial;0;0;4;1;0;0;0;0;0;0;0;0;-38,499999;-3,740057
301255;15;7;2016;08:40;25044;RUA ARGENTINA;AV ENG HUMBERTO MONTE;;0;;Colisão Transversal;Luz do Dia;Bom;Seca;T;Semáforo;Residencial;0;0;2;1;1;0;0;0;0;0;0;0;-38,56309;-3,746008
301256;15;7;2016;08:00;0;AV GODOFREDO PIMENTEL;;;680;;Colisão Lateral;Luz do Dia;Bom;Seca;Meio de Quadra;Pare;Comercial;0;0;2;1;0;0;0;0;0;0;0;0;-38,588682;-3,733166
301257;15;7;2016;10:16;0;RUA ALBERTO MAGNO;;;203;;Colisão Lateral;Luz do Dia;Bom;Seca;Meio de Quadra;Semáforo;Comercial;0;2;2;1;1;0;0;0;0;1;0;0;-38,543971;-3,758007
301258;15;7;2016;10:15;5458;RUA BARBARA DE ALENCAR;RUA RODRIGUES JUNIOR;;0;;Colisão Transversal;Luz do Dia;Bom;Seca;Cruz;Pare;Residencial;0;0;2;0;1;0;0;0;0;0;0;0;-38,522156;-3,735343
301259;15;7;2016;10:20;11509;RUA DO MARFIM;RUA REINO UNIDO;;0;;Colisão Traseira;Luz do Dia;Bom;Seca;T;Pare;Residencial;0;0;1;0;0;0;0;0;0;1;0;0;-38,50415;-3,784212
301260;15;7;2016;11:06;5323;RUA EDGAR BORGES;RUA PEDRO PEREIRA;;0;;Colisão Transversal;Luz do Dia;Bom;Seca;Cruz;Pare;Comercial;0;0;2;1;0;0;0;0;0;0;0;0;-38,527197;-3,730116
301261;15;7;2016;11:37;0;RUA SEN ALMIR PINTO;;;72;;Colisão Traseira;Luz do Dia;Bom;Seca;Meio de Quadra;Não Há Controle;Comercial;0;0;2;1;0;0;0;0;0;0;0;0;-38,525545;-3,725916
301262;15;7;2016;14:24;1350;RUA TORRES CAMARA;RUA SILVA PAULET;;0;;Colisão Lateral;Luz do Dia;Bom;Seca;Cruz;Pare;Comercial;0;1;1;1;0;0;0;0;0;1;0;0;-38,505905;-3,735958
301263;15;7;2016;18:20;0;AV OLIVEIRA PAIVA;;;0;;Colisão Traseira;Via Iluminada;Bom;Seca;Meio de Quadra;Não Há Controle;Lazer;0;0;2;0;0;0;0;0;0;1;0;0;;
301264;15;7;2016;17:50;20042;AV DEP PAULINO ROCHA;AV ALBERTO CRAVEIRO;;0;;Colisão Lateral;Anoitecer;Bom;Seca;Rotatória;Gesto;Lazer;0;0;2;1;0;0;0;0;0;0;0;0;-38,524782;-3,807229
289648;15;7;2016;08:00;0;RD CE-040;;;;KM-07;Colisão;Luz do Dia;Bom;Seca;Meio de Quadra;;;0;0;2;0;0;0;0;0;0;1;0;0;-38,478733;-3,809597
289657;15;7;2016;07:30;0;RD CE-040;;;;KM-08;Colisão;Luz do Dia;Bom;Seca;Meio de Quadra;;;0;1;1;1;0;0;0;0;0;1;0;0;-38,483033;-3,817159
289658;15;7;2016;08:00;0;RD CE-040;;;;KM-07;Colisão;Luz do Dia;Bom;Seca;Meio de Quadra;;;0;0;1;0;0;0;0;0;0;0;0;0;-38,478733;-3,809597
289943;15;7;2016;07:10;0;RD CE-040;;;;KM-01;Colisão;Luz do Dia;Bom;Seca;Meio de Quadra;;;0;0;2;1;1;0;0;0;0;0;0;0;-38,48666;-3,758119
303250;15;7;2016;19:31;8121;RUA DR GILBERTO STUDART;RUA MANUEL DE QUEIROZ;;0;;Colisão Transversal;Via Iluminada;Bom;Seca;Cruz;Não Há Controle;Comercial;0;0;2;1;0;0;0;0;0;0;0;0;-38,467177;-3,748059
289659;16;7;2016;09:00;0;RD CE-040;;;;KM-04;Colisão;Luz do Dia;Bom;Seca;Meio de Quadra;;;0;0;2;1;0;0;0;0;0;1;0;0;-38,481084;-3,782614
289662;16;7;2016;10:40;0;RD CE-025;;;;KM-03;Colisão;Luz do Dia;Bom;Seca;Meio de Quadra;;;0;0;2;1;0;0;0;0;0;0;0;0;-38,452247;-3,805889
288033;16;7;2016;09:30;0;RD BR 116;;;700;KM-14;Colisão Lateral;Luz do Dia;Bom;Seca;Meio de Quadra;;;0;0;2;1;0;0;1;0;0;0;0;0;-38,5091;-3,791713
288472;16;7;2016;13:05;0;RD BR 222;;;800;KM-01;Colisão Traseira;Luz do Dia;Bom;Seca;Meio de Quadra;;;0;0;2;0;0;0;0;0;0;1;0;0;-38,578147;-3,737698
288476;16;7;2016;15:00;0;RD BR 222;;;600;KM-01;Colisão Traseira;Luz do Dia;Bom;Seca;Meio de Quadra;;;0;2;2;0;0;0;0;0;0;1;0;0;-38,578147;-3,737698
301266;16;7;2016;06:30;0;RUA TORRES CAMARA;;;1260;;Colisão Lateral;Luz do Dia;Bom;Seca;Não Informado;Não Há Controle;Residencial;0;1;1;0;0;0;0;0;0;1;0;0;;
301267;16;7;2016;07:33;19686;AV BEZERRA DE MENEZES;RUA ERICO MOTA;;0;;Colisão Traseira;Luz do Dia;Bom;Seca;Cruz;Semáforo;Comercial;0;0;2;1;0;0;0;0;0;1;0;0;-38,562991;-3,735357
301268;16;7;2016;10:20;0;AV AGUANAMBI;;;1953;;Colisão Lateral;Luz do Dia;Bom;Seca;Meio de Quadra;Não Há Controle;Comercial;0;0;2;1;0;0;0;0;0;0;0;0;-38,52347;-3,754034
301269;16;7;2016;13:00;0;AV JOR THOMAZ COELHO;;;3301;;Colisão Traseira;Luz do Dia;Bom;Seca;Meio de Quadra;Não Há Controle;Residencial;0;0;2;1;0;0;0;0;0;1;0;0;-38,525521;-3,829338
301270;16;7;2016;12:20;5129;RUA TEN BENEVOLO;RUA VINTE E CINCO DE MARCO;;0;;Colisão Transversal;Luz do Dia;Bom;Seca;T;Pare;Residencial;0;0;3;1;0;0;0;0;0;1;0;0;-38,520868;-3,724242
294628;16;7;2016;23:41;0;RUA VER PEDRO PAULO MOREIRA;;;1518;;Queda;;;;Meio de Quadra;;;0;1;0;0;0;0;0;0;0;1;0;0;-38,484137;-3,78723
294610;16;7;2016;23:07;1257;RUA SILVA PAULET;RUA COSTA BARROS;;;;Colisão;;;;Cruz;Pare;Residencial;0;1;1;0;0;0;0;0;0;0;0;0;-38,504799;-3,732565
294613;16;7;2016;23:33;0;AV GAL OSORIO DE PAIVA;;;;;Atropelamento;;;;Meio de Quadra;;;0;1;1;0;0;0;0;0;0;0;0;0;;
294549;16;7;2016;20:54;0;RUA JOSE HIPOLITO;;;;;Colisão;;;;Meio de Quadra;;;0;1;0;0;0;0;0;0;0;0;0;0;;
294550;16;7;2016;21:34;0;RUA PDE MORORO;;;;;Queda;;;;Meio de Quadra;;;0;1;0;0;0;0;0;0;0;1;0;0;;
294551;16;7;2016;21:45;0;RUA JURACI MAGALHAES;;;431;;Colisão;;;;Meio de Quadra;;;0;1;0;0;0;0;0;0;0;0;0;0;;
294552;16;7;2016;22:13;0;RUA SGT JOAO PINHEIRO;;;695;;Colisão;;;;Meio de Quadra;;;0;1;0;0;0;0;0;0;0;0;0;0;-38,62245;-3,781601
294553;16;7;2016;22:59;0;RUA CANDIDO MAIA;;;;FROTINHA ANT. BEZERRA;Atropelamento;;;;Meio de Quadra;;;0;1;1;1;0;0;0;0;0;0;0;0;;
294478;16;7;2016;15:03;5310;RUA PEDRO PEREIRA;RUA MAJ FACUNDO;;;;Colisão;Luz do Dia;;;Cruz;Semáforo;Comercial;0;1;0;0;0;0;0;0;0;0;0;0;-38,528531;-3,729683
294481;16;7;2016;15:13;3250;RUA VERBENA;AV PERIMETRAL;;;;Colisão;Luz do Dia;;;;;;0;1;1;1;0;0;0;0;0;1;0;0;-38,589619;-3,784113
294464;16;7;2016;14:02;0;AV MAE LISBOA;;;;;Atropelamento;Luz do Dia;;;Meio de Quadra;;;0;1;1;0;0;0;0;0;0;1;0;0;;
294466;16;7;2016;14:30;7633;AV CARNEIRO DE MENDONCA;RUA RIO GRANDE DO SUL;;;;Colisão;Luz do Dia;;;Cruz;Semáforo;Misto;0;1;0;0;0;0;0;0;0;0;0;0;-38,570011;-3,762374
294501;16;7;2016;15:43;0;AV ABOLICAO;;;;;Colisão;Luz do Dia;;;Meio de Quadra;;;0;2;0;0;0;0;0;0;0;0;0;0;;
294496;16;7;2016;15:24;0;RUA SAO PAULO;;;;;Colisão;Luz do Dia;;;;;;0;1;0;0;0;0;0;0;0;0;0;0;;
294497;16;7;2016;15:38;8955;RUA DOM JERONIMO D06;AV BEZERRA DE MENEZES;;;;Colisão;Luz do Dia;;;Outros;Outros;Lazer;0;1;0;0;0;0;0;0;0;0;0;0;-38,543817;-3,731375
294503;16;7;2016;16:25;0;TR DO CAMPO UI 303;;;;;Queda;Luz do Dia;;;Meio de Quadra;;;0;1;0;0;0;0;0;0;0;1;0;0;;
294504;16;7;2016;16:29;0;RUA ANDRADE FURTADO;;;;;Colisão;Luz do Dia;;;Meio de Quadra;;;0;1;0;0;0;0;0;0;0;0;0;0;;
294507;16;7;2016;17:27;0;AV CARNEIRO DE MENDONCA;;;;;Colisão;Anoitecer;;;;;;0;1;1;0;0;0;0;0;0;1;0;0;;
294515;16;7;2016;18:14;0;AV MAJ ASSIS;;;1132;;Atropelamento;Anoitecer;;;Meio de Quadra;;;0;1;1;1;0;0;0;0;0;0;0;0;-38,589181;-3,723592
294535;16;7;2016;18:52;0;RUA JARDIM FLUMINENSE;;;;;Queda;;;;Meio de Quadra;;;0;1;0;0;0;0;0;0;0;1;0;0;;
294544;16;7;2016;19:19;0;AV SGT HERMINIO SAMPAIO;;;2000;;Colisão Frontal;Via Iluminada;Bom;Seca;Meio de Quadra;Não Há Controle;Comercial;0;0;3;0;0;0;0;0;0;1;0;0;-38,558196;-3,725945
294414;16;7;2016;12:58;0;AV MR HULL;;;;;Colisão;Luz do Dia;;;Meio de Quadra;;;0;1;1;0;0;0;0;0;0;1;0;0;;
294415;16;7;2016;13:14;0;AV PERIMETRAL;;;;;Colisão;Luz do Dia;;;Meio de Quadra;;;0;1;1;1;0;0;0;0;0;1;0;0;;
294416;16;7;2016;13:21;0;RUA BOM JESUS (BARRA DO CEARA);;;;;Colisão;Luz do Dia;;;Meio de Quadra;;;0;1;1;0;0;0;0;0;0;1;0;0;;
294417;16;7;2016;13:37;0;AV COS GOMES DE FREITAS (SAPIRANGA/COITE);;;3188;;Colisão;Luz do Dia;;;Meio de Quadra;;;0;1;0;0;0;0;0;0;0;0;0;0;-38,478175;-3,79556
294384;16;7;2016;11:34;0;AV JOSE LEON;;;1601;;Colisão;Luz do Dia;;;Meio de Quadra;;;0;1;1;1;0;0;0;0;0;1;0;0;-38,497001;-3,789018
294385;16;7;2016;11:47;0;AV ALBERTO CRAVEIRO;;;;;Colisão;Luz do Dia;;;Meio de Quadra;;;0;1;1;1;0;0;0;0;0;1;0;0;;
294387;16;7;2016;12:49;25487;RUA VIRGILIO NOGUEIRA PAES;RUA BOM JESUS (GRANJA LISBOA);;;;Colisão;Luz do Dia;;;Cruz;Pare;Comercial;0;1;1;0;0;0;0;0;0;1;0;0;-38,609686;-3,791684
294346;16;7;2016;09:28;0;RUA VALPARAISO;;;2020;;Colisão;Luz do Dia;;;Meio de Quadra;;;0;1;1;1;0;0;0;0;0;1;0;0;-38,519966;-3,846398
294347;16;7;2016;09:34;0;RUA FRE MARCELINO;;;183;;Colisão;Luz do Dia;;;Meio de Quadra;;;0;1;1;1;0;0;0;0;0;1;0;0;;
294352;16;7;2016;09:55;0;RUA PEDRO MARTINS;;;452;;Colisão;Luz do Dia;;;Meio de Quadra;;;0;2;1;0;0;0;0;0;0;1;0;0;;
294365;16;7;2016;10:00;0;RUA ANTONIO COSTA MENDES (PQ SÃO JOSÉ);;;;;Colisão;Luz do Dia;;;Meio de Quadra;;;0;1;1;0;0;0;0;0;0;1;0;0;;
294380;16;7;2016;11:16;0;AV OLAVO BILAC;;;1173;;Atropelamento;Luz do Dia;;;Meio de Quadra;;;0;4;0;0;0;0;0;0;0;1;0;0;-38,564663;-3,731115
294377;16;7;2016;10:57;10105;RUA MARIA JULIA;RUA GUSTAVO BARROSO;;;;Colisão;Luz do Dia;;;Cruz;Pare;Comercial;0;1;1;0;0;0;0;0;0;1;0;0;-38,598031;-3,786307
294369;16;7;2016;10:29;0;AV GAL OSORIO DE PAIVA;;;6299;;Colisão Transversal;Luz do Dia;Bom;Seca;Meio de Quadra;Não Há Controle;Comercial;0;3;4;0;0;0;0;0;0;1;0;0;;
294341;16;7;2016;07:34;0;RUA TEODOMIRO DE CASTRO;;;;;Colisão;Luz do Dia;;;Meio de Quadra;;;0;1;2;1;0;0;0;0;0;1;0;0;;
294339;16;7;2016;06:36;0;RUA CARLOS CAMARA;;;1263;;Colisão;Luz do Dia;;;Meio de Quadra;;;0;1;0;0;0;0;0;0;0;0;0;0;-38,54314;-3,747088
294317;16;7;2016;06:33;0;AV BORGES DE MELO;;;;;Queda;Luz do Dia;;;Meio de Quadra;;;0;1;0;0;0;0;0;0;0;1;0;0;;
290349;16;7;2016;11:00;0;AV EDUARDO GIRAO;;;;ROTATÓRIA;Colisão Traseira;Luz do Dia;Bom;Seca;Meio de Quadra;Dê Preferência;Comercial;0;0;2;1;0;0;0;0;0;0;0;0;;
290346;16;7;2016;14:30;7623;RUA RIO GRANDE DO SUL;RUA PERNAMBUCO;;;;Colisão Transversal;Luz do Dia;Bom;Seca;Cruz;Semáforo;Comercial;1;0;1;1;0;0;0;0;0;0;0;0;-38,568467;-3,760011
290354;16;7;2016;08:00;0;AV PRS CASTELO BRANCO;;;3386;;Colisão Traseira;Luz do Dia;Bom;Seca;Meio de Quadra;Não Há Controle;Comercial;0;0;2;1;0;0;0;0;0;1;0;0;-38,561507;-3,710352
290358;16;7;2016;10:45;0;AV TRISTAO GONCALVES;;;1441;;Colisão Lateral;Luz do Dia;Bom;Seca;Meio de Quadra;Não Há Controle;Comercial;0;0;2;1;1;0;0;0;0;0;0;0;-38,535382;-3,734379
290362;16;7;2016;23:00;1257;RUA SILVA PAULET;RUA COSTA BARROS;;;;Colisão Transversal;Via Iluminada;Bom;Seca;Cruz;Pare;Residencial;0;1;1;1;1;0;0;0;0;0;0;0;-38,504799;-3,732565
290366;16;7;2016;20:19;0;RUA JOSE HIPOLITO;;;;;Colisão;Via Iluminada;Bom;Seca;Meio de Quadra;Não Há Controle;Comercial;0;1;1;1;0;0;0;0;0;0;0;0;;
290369;16;7;2016;23:30;22176;AV ENG HUMBERTO MONTE;AV JOSE BASTOS;;;;Colisão Transversal;Via Iluminada;Bom;Seca;T;Semáforo;Comercial;1;0;1;0;1;0;0;0;0;1;0;0;-38,555455;-3,754966
290309;16;7;2016;13:40;0;RD CE-025;;;;KM-03;Atropelamento;Luz do Dia;Bom;Seca;Meio de Quadra;;;0;2;0;0;0;0;0;0;0;1;0;0;-38,452247;-3,805889
290398;16;7;2016;07:15;0;RUA ITAJAI;;;559;;Colisão Traseira;Luz do Dia;Bom;Seca;Meio de Quadra;Outros;Residencial;0;1;1;1;0;0;0;0;0;1;0;0;;
290374;16;7;2016;16:40;0;RUA DR JOSE LOURENCO;;;;;Colisão Lateral;Luz do Dia;Bom;Seca;Meio de Quadra;Não Há Controle;Residencial;0;0;2;1;0;0;1;0;0;0;0;0;;
290375;16;7;2016;19:40;13239;AV F CJ JOSE WALTER;AV J CJ JOSE WALTER;;;;Colisão Lateral;Via Iluminada;Bom;Seca;Cruz;Pare;Residencial;0;0;2;0;1;0;0;0;0;1;0;0;-38,557143;-3,835833
290376;16;7;2016;08:00;0;RUA DR JUSTA ARAUJO D45;;;650;;Choque c/ Obstáculo Fixo;Luz do Dia;Bom;Seca;Meio de Quadra;Outros;Residencial;0;0;1;1;0;0;0;0;0;0;0;0;-38,552142;-3,781427
290377;16;7;2016;18:00;19029;AV ENG ALBERTO SA;RUA SOLON ONOFRE;;;;Capotamento;Via Iluminada;Bom;Seca;Cruz;Pare;Comercial;0;1;1;1;0;0;0;0;0;0;0;0;-38,473145;-3,735314
290401;16;7;2016;18:00;0;AV HEROIS DO ACRE;;;6;;Colisão Lateral;Via Iluminada;Bom;Seca;Meio de Quadra;Semáforo;Residencial;0;0;2;1;0;0;0;0;0;0;0;0;;
290383;16;7;2016;10:40;6722;AV ENG SANTANA JUNIOR;RUA DR GILBERTO STUDART;;;;Colisão Lateral;Luz do Dia;Bom;Seca;T;Gesto;Comercial;0;0;2;0;0;0;1;0;0;0;0;0;-38,486048;-3,741972
290391;16;7;2016;11:10;6798;RUA JULIO AZEVEDO;RUA VILEBALDO AGUIAR;;;;Colisão Transversal;Luz do Dia;Bom;Seca;Cruz;Gesto;Comercial;0;0;2;1;0;0;0;0;0;0;0;0;-38,481957;-3,74244
291657;16;7;2016;11:31;0;RUA PDE ANCHIETA;;;369;;Colisão Transversal;Luz do Dia;Bom;Seca;Meio de Quadra;Pare;Residencial;1;0;2;0;0;0;0;0;0;1;0;0;-38,550661;-3,72344
291649;17;7;2016;19:30;0;RUA ARTUR DE SOUZA;;;915;;Queda;;;;Meio de Quadra;;;1;0;0;1;0;0;0;0;0;0;0;0;-38,573544;-3,826941
290378;17;7;2016;06:45;25558;RUA FERNANDO FARIAS DE MELO (MANUEL SÁTIRO);RUA FRANCISCO GLICERIO;;;;Colisão Transversal;Luz do Dia;Bom;Seca;Cruz;Pare;Residencial;0;0;2;1;0;0;0;0;0;1;0;0;-38,578285;-3,79471
290380;17;7;2016;16:50;0;AV BEIRA MAR;;;2780;;Colisão Traseira;Luz do Dia;Bom;Seca;Meio de Quadra;Outros;Residencial;0;0;2;1;0;0;0;0;0;0;0;0;-38,496034;-3,725883
290382;17;7;2016;19:00;0;RUA FLORIANO PEIXOTO;;;756;;Colisão Lateral;Via Iluminada;Bom;Seca;Meio de Quadra;Não Há Controle;Comercial;0;1;1;1;0;0;0;0;0;0;0;0;-38,527672;-3,728976
290371;17;7;2016;14:00;0;RUA EDUARDO PERDIGAO;;;;;;Luz do Dia;Bom;Seca;Meio de Quadra;Semáforo;Comercial;0;0;2;1;0;0;0;0;0;1;0;0;;
290368;17;7;2016;19:00;0;AV GAL OSORIO DE PAIVA;;;5870;;Colisão Traseira;Via Iluminada;Bom;Seca;Meio de Quadra;Semáforo;Comercial;0;0;3;1;0;0;0;0;0;1;0;0;-38,605067;-3,807818
290507;17;7;2016;21:00;743;AV PRS CASTELO BRANCO;AV PASTEUR;;;;Colisão Frontal;;;;Cruz;Semáforo;Comercial;0;0;2;1;0;0;0;0;0;1;0;0;-38,558856;-3,711181
290510;17;7;2016;09:45;1230;RUA BAR ARACATI;RUA COSTA BARROS;;;;Colisão Transversal;Luz do Dia;Bom;Seca;Cruz;Pare;Comercial;0;1;1;1;0;0;0;0;0;0;0;0;-38,511153;-3,730488
294639;17;7;2016;01:25;24988;RUA FRE MANSUETO;RUA TAVARES COUTINHO;;;;Colisão;;;;Cruz;Semáforo;Residencial;0;1;1;1;0;0;0;0;0;0;0;0;-38,488784;-3,732638
294630;17;7;2016;00:49;0;AV GAL OSORIO DE PAIVA;;;;;Colisão;;;;Meio de Quadra;;;0;2;0;0;0;0;0;0;0;0;0;0;;
294681;17;7;2016;16:53;0;AV PERIMETRAL;;;;;Colisão;Luz do Dia;;;Meio de Quadra;;;0;2;1;1;0;0;0;0;0;1;0;0;;
294685;17;7;2016;17:50;1388;RUA LEONARDO MOTA;AV SANTOS DUMONT;;1200;;Colisão Lateral;Via Iluminada;Bom;Seca;Meio de Quadra;Não Há Controle;Comercial;0;2;3;1;0;0;0;0;0;1;0;0;-38,496397;-3,736857
294672;17;7;2016;12:16;0;RUA BAR CRATO;;;;;Colisão;Luz do Dia;;;Meio de Quadra;;;0;1;1;1;0;0;0;0;0;1;0;0;;
294673;17;7;2016;12:29;0;RUA 337 CONJUNTO CEARA;;;;;Colisão;Luz do Dia;;;Meio de Quadra;;;0;1;1;1;0;0;0;0;0;1;0;0;;
294674;17;7;2016;13:29;0;RUA JORGE FIGUEIREDO (ANCURI);;;2274;;Colisão;Luz do Dia;;;Meio de Quadra;;;0;1;0;0;0;0;0;0;0;0;0;0;;
294675;17;7;2016;14:38;0;RUA TAB JOAQUIM COELHO;;;;;Queda;Luz do Dia;;;Meio de Quadra;;;0;1;0;0;0;0;0;0;0;1;0;0;;
294676;17;7;2016;14:53;0;RUA GALILEU;;;635;;Queda;Luz do Dia;;;Meio de Quadra;;;0;1;0;0;0;0;0;0;0;1;0;0;-38,554407;-3,775785
294677;17;7;2016;15:07;0;AV EDUARDO GIRAO;;;1285;;Colisão;Luz do Dia;;;Meio de Quadra;;;0;2;1;1;0;0;0;0;0;1;0;0;-38,532752;-3,752333
294678;17;7;2016;16:25;0;RUA URUCUTUBA;;;;;Atropelamento;Luz do Dia;;;Meio de Quadra;;;0;1;1;0;0;0;0;0;0;1;0;0;;
294666;17;7;2016;09:01;0;RUA DES WALDETARIO P MOTA;;;651;;Colisão;Luz do Dia;;;Meio de Quadra;;;0;1;1;1;0;0;0;0;0;1;0;0;-38,479732;-3,735406
294667;17;7;2016;09:39;1230;RUA BAR ARACATI;RUA COSTA BARROS;;;;Colisão;Luz do Dia;;;Cruz;Pare;Comercial;0;1;1;1;0;0;0;0;0;1;0;0;-38,511153;-3,730488
294668;17;7;2016;10:19;0;AV JOVITA FEITOSA;;;447;;Queda;Luz do Dia;;;Meio de Quadra;;;0;1;0;0;0;1;0;0;0;0;0;0;-38,547806;-3,738054