COD_ACIDENTE;DIA;MES;ANO;HORA;INTERSECAO;LOG1;LOG2;LOG3;NUMERO;REFERENCIA;NATUREZA;ILUMINACAO;TEMPO;SUPERFICIEPISTA;TIPOCRUZAMENTO;CONTROLETRAFEGO;USOSOLO;MORTOS;FERIDOS;ILESOS;AUTOMOVEL;ONIBUS;BICICLETA;CAMINHAO;MICROONIBUS;CICLOMOTOR;MOTOCICLETA;TRACAOANIMAL;TREM;LONG;LAT
294669;17;7;2016;11:47;18051;AV ZEZE DIOGO;RUA NICACIO PINTO;;;;Atropelamento;Luz do Dia;;;T;Não Há Controle;Comercial;0;1;1;1;0;0;0;0;0;0;0;0;-38,455267;-3,735786
294663;17;7;2016;04:40;0;RUA BERNARDO MANUEL;;;12504;;Colisão;;;;Meio de Quadra;;;0;1;0;0;0;0;0;0;0;0;0;0;;
294664;17;7;2016;06:28;25219;RUA PEDRO MARTINS;RUA MARIA JULIA ROCHA;;;;Colisão;Luz do Dia;;;Cruz;Pare;Residencial;0;1;1;0;0;0;0;0;0;1;0;0;;
294654;17;7;2016;04:19;0;AV GAL OSORIO DE PAIVA;;;2955;;Colisão;;;;Meio de Quadra;;;0;1;0;0;0;0;0;0;0;0;0;0;-38,587085;-3,789314
294650;17;7;2016;02:02;0;AV PERIMETRAL;;;;;Colisão;;;;Meio de Quadra;;;0;1;0;0;0;0;0;0;0;0;0;0;;
294636;17;7;2016;01:05;0;RUA VITAL BRASIL;;;857;;Colisão;;;;Meio de Quadra;;;0;1;0;0;0;0;0;0;0;0;0;0;;
294644;17;7;2016;01:27;0;RUA JOAO GENTIL;;;;;Queda;;;;Meio de Quadra;;;0;1;0;0;0;0;0;0;0;0;0;0;;
294714;17;7;2016;18:51;0;AV GAL OSORIO DE PAIVA;;;5870;;Colisão;;;;Meio de Quadra;;;0;1;1;1;0;0;0;0;0;1;0;0;-38,605067;-3,807818
294715;17;7;2016;19:22;0;RUA GAL GOIS MONTEIRO;;;;;Colisão;;;;Meio de Quadra;;;0;1;1;1;0;0;0;0;0;1;0;0;;
294721;17;7;2016;19:29;0;AV MACIEL BEZERRA;;;1970;;Colisão;;;;Meio de Quadra;;;0;1;1;1;0;0;0;0;0;1;0;0;;
294652;17;7;2016;03:46;0;AV ROGACIANO LEITE;;;2150;;Colisão;;;;Meio de Quadra;;;0;1;0;0;0;0;0;0;0;0;0;0;-38,499058;-3,773643
294723;17;7;2016;19:32;0;AV PRS CASTELO BRANCO;;;;;Colisão;;;;Meio de Quadra;;;0;1;0;0;0;0;0;0;0;0;0;0;;
294724;17;7;2016;19:35;0;AV PRS CASTELO BRANCO;;;609;;Colisão;;;;Meio de Quadra;;;0;1;1;1;0;0;0;0;0;1;0;0;;
294725;17;7;2016;20:15;0;RUA PEDRO SAMPAIO;;;97;;Colisão;;;;Meio de Quadra;;;0;1;1;1;0;0;0;0;0;1;0;0;;
294727;17;7;2016;20:28;0;RUA BERNARDO MANUEL;;;8920;;Colisão;;;;Meio de Quadra;;;0;1;1;1;0;0;0;0;0;1;0;0;-38,551245;-3,798138
294728;17;7;2016;20:34;0;RUA SETEMBRINA;;;976;;Queda;;;;Meio de Quadra;;;0;1;0;0;0;0;0;0;0;1;0;0;;
294729;17;7;2016;21:25;0;RUA MES ANDRE;;;178;;Atropelamento;;;;Meio de Quadra;;;0;1;1;0;0;0;0;0;0;1;0;0;;
294689;17;7;2016;18:17;0;RUA OTAVIO ROCHA;;;375;;Colisão;Anoitecer;;;Meio de Quadra;;;0;1;1;1;0;0;0;0;0;1;0;0;-38,474093;-3,77472
294690;17;7;2016;18:18;5188;RUA TEN BENEVOLO;RUA NOGUEIRA ACIOLI;;;;Colisão;Anoitecer;;;Cruz;Pare;Residencial;0;2;0;0;0;0;0;0;0;0;0;0;-38,515591;-3,725858
294691;17;7;2016;18:48;0;RUA ANTONIO COSTA MENDES (PQ SÃO JOSÉ);;;1676;;Atropelamento;;;;Meio de Quadra;;;0;1;1;0;0;0;0;0;0;1;0;0;;
294770;17;7;2016;23:06;10863;RUA PRO HERIBALDO COSTA;RUA PORTO VELHO;;;;Colisão;;;;Cruz;Semáforo;Residencial;0;1;0;0;0;0;0;0;0;0;0;0;-38,587014;-3,765974
294771;17;7;2016;23:43;0;AV PDE ANTONIO TOMAS;;;871;;Choque c/ Obstáculo Fixo;;;;Meio de Quadra;;;0;1;0;1;0;0;0;0;0;0;0;0;-38,495806;-3,741411
294741;17;7;2016;22:25;0;RUA BEIJA FLOR;;;136;;Colisão;;;;Meio de Quadra;;;0;1;0;0;0;0;0;0;0;0;0;0;-38,507049;-3,785588
294734;17;7;2016;22:12;0;RUA VALE FORMOSO;;;181;;Colisão;;;;Meio de Quadra;;;0;2;0;0;0;0;0;0;0;0;0;0;-38,506608;-3,784521
294736;17;7;2016;22:21;0;AV SGT HERMINIO SAMPAIO;;;5171;;Queda;;;;Meio de Quadra;;;0;1;0;0;0;0;0;0;0;1;0;0;-38,585703;-3,73414
301271;17;7;2016;08:48;0;AV SANTOS DUMONT;;;7797;;Choque c/ Obstáculo Fixo;Luz do Dia;Bom;Seca;Meio de Quadra;Pare;Comercial;0;0;1;1;0;0;0;0;0;0;0;0;-38,46374;-3,747388
301272;17;7;2016;10:13;1312;AV DOM LUIS;RUA LEONARDO MOTA;;0;;Colisão Lateral;Luz do Dia;Bom;Seca;Cruz;Semáforo;Comercial;0;0;2;0;1;0;0;0;0;0;0;0;-38,495445;-3,733872
301273;17;7;2016;17:00;13021;AV I CJ JOSE WALTER;AV A CJ JOSE WALTER;;0;;Colisão Lateral;Luz do Dia;Bom;Seca;Cruz;Pare;Residencial;0;0;3;1;0;0;0;0;0;0;0;0;-38,550935;-3,825834
301274;17;7;2016;21:18;0;AV PRS COSTA E SILVA;;;5183;;Colisão Lateral;Mal Iluminada;Bom;Seca;Meio de Quadra;Não Há Controle;Comercial;0;0;1;1;0;0;0;0;0;1;0;0;-38,534158;-3,82797
301275;17;7;2016;19:40;0;AV ANTONIO SALES;;;3000;;Colisão Lateral;Via Iluminada;Bom;Seca;Meio de Quadra;Não Há Controle;Comercial;0;0;1;1;0;0;0;0;0;1;0;0;-38,497402;-3,746989
301276;18;7;2016;07:55;7833;AV BAR STUDART;RUA CEL ALVES TEIXEIRA;;0;;Colisão Traseira;Luz do Dia;Bom;Seca;Cruz;Semáforo;Comercial;0;1;1;0;0;0;0;0;0;1;0;0;-38,510368;-3,7464
301277;18;7;2016;09:30;22926;RUA GOV JOAO CARLOS;RUA MAGNOLIA;;0;;Colisão Transversal;Luz do Dia;Bom;Seca;Cruz;Pare;Comercial;0;0;2;1;0;0;0;0;0;0;0;0;-38,553587;-3,783145
301278;18;7;2016;10:20;0;RUA PRO RAIMUNDO ARRUDA;;;529;;Colisão Traseira;Luz do Dia;Bom;Seca;T;Não Há Controle;Residencial;0;0;2;1;0;0;0;0;0;0;0;0;-38,551268;-3,737493
301279;18;7;2016;11:00;5455;RUA FLORIANO PEIXOTO;RUA ANTONIO POMPEU;;0;;Colisão Transversal;Luz do Dia;Bom;Seca;Cruz;Pare;Comercial;0;0;2;1;0;0;0;0;0;0;0;0;-38,529685;-3,735086
301280;18;7;2016;16:40;0;RUA CARLOS VASCONCELOS;RUA IRACEMA D71;;0;;Colisão Lateral;Luz do Dia;Bom;Seca;T;Não Há Controle;Comercial;0;0;2;1;0;0;0;0;0;0;0;0;;
301281;18;7;2016;18:44;5100;AV DOM MANUEL;AV MON TABOSA;;;;Colisão Traseira;Via Iluminada;Bom;Seca;Cruz;Semáforo;Comercial;0;1;1;1;0;0;0;0;0;1;0;0;;
301283;18;7;2016;21:06;18498;AV GOV PARSIFAL BARROSO;RUA MARIA MIRIAN F  DE SOUZA;;0;;Colisão Transversal;Mal Iluminada;Bom;Seca;T;Semáforo;Residencial;0;1;1;1;0;0;0;0;0;0;0;0;-38,568958;-3,733515
288036;18;7;2016;07:45;0;RD BR 116;;;800;KM-02;Colisão Traseira;Luz do Dia;Bom;Seca;Meio de Quadra;;;0;1;1;1;0;0;0;0;0;1;0;0;-38,50847;-3,793082
288037;18;7;2016;09:00;0;RD BR 116;;;700;KM-02;Colisão Traseira;Luz do Dia;Bom;Seca;Meio de Quadra;;;0;0;5;1;0;0;0;0;0;0;0;0;-38,5091;-3,791713
289919;18;7;2016;14:50;0;RD CE-040;;;;KM-04;Colisão;Luz do Dia;Bom;Seca;Meio de Quadra;;;0;0;2;1;1;0;0;0;0;0;0;0;-38,481084;-3,782614
289913;18;7;2016;07:30;0;RD CE-040;;;;KM-11;Colisão;Luz do Dia;Bom;Seca;Meio de Quadra;;;0;0;2;0;0;0;1;0;0;1;0;0;-38,480883;-3,842577
289910;18;7;2016;02:00;0;RD CE-060;;;;KM-01;Choque c/ Obstáculo Fixo;;Bom;Seca;Meio de Quadra;;;0;0;1;0;0;0;1;0;0;0;0;0;-38,58015;-3,828411
289911;18;7;2016;11:00;0;RD CE-040;;;;KM-03;Outros;Luz do Dia;Bom;Seca;Meio de Quadra;;;0;0;2;1;0;0;0;0;0;0;0;0;-38,481799;-3,773616
303251;18;7;2016;18:03;5357;RUA MAJ FACUNDO;RUA PEDRO I;;0;;Colisão Transversal;Via Iluminada;Bom;Seca;Cruz;Não Há Controle;Residencial;0;0;2;1;0;0;0;0;0;0;0;0;-38,52899;-3,731113
294772;18;7;2016;00:34;0;RUA RAIMUNDO NERY;;;451;;Colisão;;;;Meio de Quadra;;;0;1;0;0;0;0;0;0;0;0;0;0;-38,586613;-3,793686
294774;18;7;2016;00:36;23791;RUA RAIMUNDO NERY;RUA COSTA FREIRE;;;;Colisão;;;;Cruz;Pare;Residencial;0;2;1;1;0;0;0;0;0;1;0;0;-38,586423;-3,794144
294780;18;7;2016;07:38;0;AV GAL OSORIO DE PAIVA;;;;;Atropelamento;Luz do Dia;;;Meio de Quadra;;;0;1;1;0;1;0;0;0;0;0;0;0;;
294781;18;7;2016;07:53;0;AV GODOFREDO MACIEL;;;88;;Atropelamento;Luz do Dia;;;Meio de Quadra;;;0;1;0;1;0;0;0;0;0;0;0;0;;
294782;18;7;2016;07:53;0;RD BR 116;;;6101;KM-02;Colisão;Luz do Dia;;;Meio de Quadra;;;0;1;1;1;0;0;0;0;0;1;0;0;-38,51579;-3,774798
294823;18;7;2016;09:14;0;AV ODILON GUIMARAES;;;1806;;Queda;Luz do Dia;;;Meio de Quadra;;;0;1;0;0;0;0;0;0;0;1;0;0;-38,47708;-3,822251
294813;18;7;2016;08:52;26252;RUA PERGENTINO MAIA;RUA ANTONIO BARROS;;;;Colisão;Luz do Dia;;;Cruz;Pare;Comercial;0;1;1;1;0;0;0;0;0;1;0;0;;
294793;18;7;2016;08:15;0;AV ALBERTO NEPOMUCENO;RUA FORTALEZA UI 505;;146;;Colisão Lateral;Luz do Dia;Bom;Seca;T;Pare;Comercial;0;2;2;1;0;0;0;0;0;1;0;0;-38,523816;-3,722354
294794;18;7;2016;08:39;17373;AV PRO GOMES DE MATOS;RUA CEL ALEXANDRINO;;1748;;Colisão Lateral;Luz do Dia;Bom;Seca;Cruz;Semáforo;Comercial;0;2;2;1;0;0;0;0;0;1;0;0;-38,550403;-3,766732
294878;18;7;2016;12:38;0;RUA EDGAR FALCAO;;;208;;Colisão;Luz do Dia;;;Meio de Quadra;;;0;1;1;1;0;0;0;0;0;1;0;0;-38,571788;-3,730596
294879;18;7;2016;13:05;0;RUA ANTERO QUENTAL;;;100;;Colisão;Luz do Dia;;;Meio de Quadra;;;0;1;0;0;0;0;0;0;0;0;0;0;;
294836;18;7;2016;12:03;0;RUA DOM JERONIMO D06;;;340;;Colisão;Luz do Dia;;;Meio de Quadra;;;0;0;2;1;0;0;0;0;0;1;0;0;-38,54297;-3,735626
294825;18;7;2016;10:20;0;RUA RECANTO VERDE;;;1893;;Colisão;Luz do Dia;;;Meio de Quadra;;;0;2;1;1;0;0;0;0;0;1;0;0;-38,513631;-3,843598
294846;18;7;2016;12:30;12745;RUA ANA NERY;RUA JULIO CESAR D12;;;;Colisão;Luz do Dia;;;Cruz;Pare;Residencial;0;1;1;1;0;0;0;0;0;1;0;0;-38,544349;-3,751712
294843;18;7;2016;12:14;0;AV ENG SANTANA JUNIOR;;;1002;;Colisão;Luz do Dia;;;Meio de Quadra;;;0;1;1;1;0;0;0;0;0;1;0;0;;
295057;18;7;2016;19:46;0;RUA TIBURCIO CAVALCANTE;;;134;;Atropelamento;;;;Meio de Quadra;;;0;1;0;0;0;0;0;0;0;0;0;0;-38,499542;-3,726483
295059;18;7;2016;19:53;0;RUA GUILHERME ROCHA;;;1087;;Queda;;;;Meio de Quadra;;;0;1;0;0;0;1;0;0;0;0;0;0;-38,535902;-3,724409
295060;18;7;2016;19:58;183;AV CEL CARVALHO;AV SGT HERMINIO SAMPAIO;;;;Atropelamento;;;;;;;0;1;1;0;0;0;0;0;0;1;0;0;;
295061;18;7;2016;20:11;0;AV WASHINGTON SOARES;;;;;Queda;;;;Meio de Quadra;;;0;1;0;0;0;0;0;0;0;1;0;0;;
295055;18;7;2016;19:39;580;AV FRANCISCO SA;RUA FRE TEOBALDO;;4179;;Colisão Transversal;Via Iluminada;Bom;Seca;Cruz;Não Há Controle;Comercial;0;4;1;0;0;0;0;0;0;1;0;0;-38,562077;-3,715815
295022;18;7;2016;19:06;2726;RUA OSCAR ARARIPE;RUA ITU;;;;Colisão;;;;Cruz;Pare;Residencial;0;1;1;1;0;0;0;0;0;1;0;0;-38,602413;-3,790208
295013;18;7;2016;18:13;0;AV GAL OSORIO DE PAIVA;;;4058;;Atropelamento;Anoitecer;;;Meio de Quadra;;;0;1;1;0;0;0;0;0;0;1;0;0;-38,590229;-3,792559
295016;18;7;2016;18:28;0;AV PRS CASTELO BRANCO;;;1223;;Colisão Traseira;Luz do Dia;Bom;Seca;Meio de Quadra;Semáforo;Lazer;0;2;3;1;0;0;0;0;0;1;0;0;-38,535199;-3,718204
295009;18;7;2016;17:14;0;AV ALBERTO CRAVEIRO;;;;;Colisão;Anoitecer;;;Meio de Quadra;;;0;1;1;1;0;0;0;0;0;1;0;0;;
295011;18;7;2016;17:59;1270;RUA PINTO MADEIRA;RUA JOAO CORDEIRO;;;;Colisão;Anoitecer;;;Cruz;;Residencial;0;1;1;1;0;0;0;0;0;1;0;0;-38,515428;-3,73296
295003;18;7;2016;17:14;13233;AV L CJ JOSE WALTER;AV F CJ JOSE WALTER;;;;Colisão Transversal;Via Iluminada;Bom;Seca;Cruz;Pare;Residencial;0;1;2;0;0;0;0;0;0;1;0;0;-38,558805;-3,835328
294991;18;7;2016;15:52;0;AV BEZERRA DE MENEZES;;;58;;Colisão;Luz do Dia;;;Meio de Quadra;;;0;2;1;1;0;0;0;0;0;1;0;0;-38,540095;-3,73057
294961;18;7;2016;14:43;0;AV SEN FERNANDES TAVORA;;;;;Queda;Luz do Dia;;;Meio de Quadra;;;0;1;0;0;0;1;0;0;0;0;0;0;;
294962;18;7;2016;15:11;0;AV ROGACIANO LEITE;;;1060;;Colisão;Luz do Dia;;;Meio de Quadra;;;0;2;1;1;0;0;0;0;0;1;0;0;-38,496935;-3,767713
294949;18;7;2016;13:23;0;AV DR SILAS MUNGUBA;;;1402;;Colisão Traseira;Luz do Dia;Bom;Seca;Meio de Quadra;Não Há Controle;Comercial;0;0;4;1;0;0;0;0;0;1;0;0;-38,554471;-3,78314
294952;18;7;2016;13:49;0;RUA ANTERO QUENTAL;;;;;Colisão;Luz do Dia;;;Meio de Quadra;;;0;1;1;0;0;0;0;0;0;1;0;0;;
294953;18;7;2016;14:04;0;RUA JACINTO MATOS;;;944;;Colisão;Luz do Dia;;;Meio de Quadra;;;0;1;0;0;0;0;0;0;0;0;0;0;;
295204;18;7;2016;20:07;12849;RUA SALDANHA MARINHO;RUA ASSUNCAO;;;;Colisão Transversal;Luz do Dia;Bom;Seca;Cruz;Pare;Comercial;0;0;5;1;0;0;0;0;0;0;0;0;-38,531231;-3,742314
295063;18;7;2016;23:32;0;AV GAL OSORIO DE PAIVA;;;1770;;Atropelamento;;;;Meio de Quadra;;;0;1;1;0;0;0;0;0;0;1;0;0;-38,577575;-3,782674
290405;18;7;2016;15:00;0;AV ROGACIANO LEITE;;;1060;;Colisão Traseira;Luz do Dia;Bom;Seca;Meio de Quadra;Semáforo;Comercial;0;1;1;1;0;0;0;0;0;1;0;0;-38,496935;-3,767713
290430;18;7;2016;11:00;0;AV ANTONIO JUSTA;;;3297;;Colisão;Luz do Dia;Bom;Seca;Meio de Quadra;Não Há Controle;Residencial;0;0;2;1;0;0;0;0;0;0;0;0;-38,491814;-3,728518
290419;18;7;2016;17:50;0;AV GOV RAUL BARBOSA;;;;;Colisão Lateral;Anoitecer;Bom;Seca;Meio de Quadra;Não Há Controle;Comercial;0;0;2;0;1;0;1;0;0;0;0;0;;
290422;18;7;2016;11:00;19029;AV ENG ALBERTO SA;RUA SOLON ONOFRE;;;;Colisão Transversal;Luz do Dia;Bom;Seca;Cruz;Pare;Residencial;0;1;1;1;0;0;0;0;0;1;0;0;-38,473145;-3,735314
290407;18;7;2016;11:26;0;AV JOSE LEON;;;;;Colisão Transversal;Luz do Dia;Bom;Seca;Meio de Quadra;Pare;Residencial;0;0;1;1;0;0;0;0;0;0;0;0;;
290414;18;7;2016;16:10;5749;AV DES GONZAGA;RUA JULIO LIMA;;;;Colisão Transversal;Luz do Dia;Bom;Seca;Cruz;Pare;Comercial;0;1;1;1;0;0;0;0;0;1;0;0;-38,500411;-3,796143
290417;18;7;2016;15:50;0;AV BEZERRA DE MENEZES;;;571;ASSAI;Colisão Lateral;Luz do Dia;Bom;Seca;Meio de Quadra;Não Há Controle;Comercial;0;1;1;0;0;0;1;0;0;0;0;0;-38,541187;-3,730806
290463;18;7;2016;00:50;10863;RUA PORTO VELHO;RUA PRO HERIBALDO COSTA;;;;Colisão Transversal;Via Iluminada;Bom;Seca;Cruz;Semáforo;Residencial;0;1;1;1;0;0;0;0;0;0;0;0;-38,587014;-3,765974
290461;18;7;2016;15:05;19068;AV ENG SANTANA JUNIOR;RUA PRO SILAS RIBEIRO;;;;Colisão Traseira;Luz do Dia;Bom;Seca;Cruz;Semáforo;Residencial;0;0;2;1;0;0;0;0;0;0;0;0;-38,482901;-3,736968
290456;18;7;2016;07:40;0;AV GAL OSORIO DE PAIVA;;;2955;;Atropelamento;Luz do Dia;Bom;Seca;Meio de Quadra;Pare;Outros;0;1;1;0;0;0;0;1;0;0;0;0;-38,587085;-3,789314
290425;18;7;2016;08:10;25186;RUA REPUBLICA ARMENIA;RUA VER PEDRO PAULO MOREIRA;;;;Colisão Lateral;Luz do Dia;Bom;Seca;T;Pare;Residencial;0;0;2;1;1;0;0;0;0;0;0;0;-38,48156;-3,787002
290446;18;7;2016;10:20;22158;AV JOSE BASTOS;RUA GUSTAVO BRAGA;;;;Colisão Traseira;Luz do Dia;Bom;Seca;T;Semáforo;Comercial;0;0;2;1;0;0;0;0;0;1;0;0;-38,551989;-3,751535
290434;18;7;2016;15:30;12826;AV DOS EXPEDICIONARIOS;RUA ANDRE CHAVES;;;;Colisão Lateral;Luz do Dia;Bom;Seca;Cruz;Pare;Outros;0;1;1;1;0;0;0;0;0;1;0;0;-38,538903;-3,757345
290437;18;7;2016;01:10;25144;RUA CEL MATOS DOURADO;RUA PRO HERIBALDO COSTA;;;;Colisão Transversal;Via Iluminada;Bom;Seca;Y;Semáforo Intermitente;Comercial;0;0;2;1;0;0;0;0;0;0;0;0;-38,582309;-3,753427
290418;19;7;2016;08:40;12863;AV DOMINGOS OLIMPIO;RUA FLORIANO PEIXOTO;;;;Colisão Transversal;Luz do Dia;Nublado;Seca;Cruz;Não Há Controle;Comercial;0;0;2;1;0;0;0;0;0;0;0;0;-38,530313;-3,736976
290415;19;7;2016;16:40;1267;RUA NUNES VALENTE;RUA COSTA BARROS;;;;Colisão Lateral;Luz do Dia;Bom;Seca;Cruz;Semáforo;Outros;0;0;2;0;0;0;0;0;0;1;0;0;-38,502761;-3,733224
290416;19;7;2016;07:20;23041;AV DR SILAS MUNGUBA;RUA BRUNO VALENTE;;;;Colisão Transversal;Luz do Dia;Bom;Molhada;Cruz;Pare;Comercial;0;0;2;1;0;0;0;0;0;1;0;0;-38,540009;-3,790483
290409;19;7;2016;16:20;0;AV AGUANAMBI;;;;;Colisão Lateral;Luz do Dia;Bom;Seca;Meio de Quadra;Não Há Controle;Comercial;0;0;2;1;0;0;0;0;0;0;0;0;;
290410;19;7;2016;13:30;24271;RUA PEREIRA VALENTE;RUA 8 DE SETEMBRO;;;;Colisão Traseira;Luz do Dia;;;Cruz;Pare;Residencial;0;0;2;1;0;0;0;0;0;0;0;0;-38,487036;-3,734792
290412;19;7;2016;07:20;19539;AV DR SILAS MUNGUBA;RUA EQUADOR;;;;Colisão Traseira;Luz do Dia;Nublado;Molhada;Cruz;Semáforo;Comercial;0;0;2;1;0;0;1;0;0;0;0;0;-38,555434;-3,782377
290423;19;7;2016;07:50;9034;AV AGUANAMBI;RUA CEL SOLON;;;;Colisão Lateral;Luz do Dia;Bom;Seca;Cruz;Semáforo;Comercial;0;0;2;1;0;0;0;0;0;1;0;0;-38,525818;-3,742854
290424;19;7;2016;19:10;13396;RUA BAR ARACATI;RUA JOAO BRIGIDO;;;;Colisão Transversal;Via Iluminada;Bom;Seca;Cruz;Pare;Residencial;0;0;2;1;0;0;0;0;0;1;0;0;-38,514697;-3,740939
290420;19;7;2016;13:30;26236;RUA BERNARDO MANUEL;AV DR SILAS MUNGUBA;;;;Colisão Traseira;Luz do Dia;Bom;Seca;Cruz;Semáforo;Comercial;0;0;3;1;0;0;0;1;0;0;0;0;-38,54796;-3,787538
290406;19;7;2016;11:20;0;RUA DEP OSWALDO STUDART;;;;;Colisão Transversal;Luz do Dia;Bom;Seca;Meio de Quadra;Não Há Controle;Comercial;0;0;2;1;0;0;0;0;0;1;0;0;;
290403;19;7;2016;16:40;0;AV PRS JUSCELINO KUBITSCHEK (PASSARÉ);;;;;Colisão Lateral;;Bom;Seca;Meio de Quadra;Não Há Controle;Outros;0;0;2;0;0;0;0;0;0;0;0;0;;
291654;19;7;2016;13:00;5965;AV C CJ CEARA;AV F CJ CEARA;;;;Atropelamento;Luz do Dia;Bom;Seca;Cruz;Pare;Residencial;1;2;0;0;0;0;0;0;0;1;0;0;-38,60971;-3,762667
295068;19;7;2016;05:34;3520;RUA DAURA;RUA VALERIA;;;;Colisão;Amanhecer;;;;;;0;1;0;0;0;0;0;0;0;0;0;0;-38,50536;-3,82296
295069;19;7;2016;05:59;0;AV AGUANAMBI;;;;;Colisão;Amanhecer;;;Meio de Quadra;;;0;1;0;0;0;0;0;0;0;0;0;0;;
295097;19;7;2016;07:46;0;AV JANGADEIROS (MUCURIPE);;;8;;Colisão;Luz do Dia;;;Meio de Quadra;;;0;1;1;1;0;0;0;0;0;1;0;0;;
295094;19;7;2016;07:12;0;AV CONTORNO SUL;;;;;Colisão;Luz do Dia;;;Meio de Quadra;;;0;1;1;1;0;1;0;0;0;0;0;0;;
295095;19;7;2016;07:13;0;AV DR SILAS MUNGUBA;;;;;Colisão;Luz do Dia;;;Meio de Quadra;;;0;2;1;1;0;0;0;0;0;1;0;0;;
295091;19;7;2016;06:50;0;AV ROGACIANO LEITE;;;2867;;Queda;Luz do Dia;;;Meio de Quadra;;;0;1;0;0;0;0;0;0;0;1;0;0;-38,502621;-3,784131
295092;19;7;2016;07:40;0;AV CONTORNO NORTE D71;;;960;;Queda;Luz do Dia;;;Meio de Quadra;;;0;1;0;0;0;0;0;0;0;1;0;0;;
295104;19;7;2016;07:57;0;AV DES FAUSTINO ALBUQUERQUE;;;;;Colisão;Luz do Dia;;;Meio de Quadra;;;0;1;1;1;0;0;0;0;0;1;0;0;;
295105;19;7;2016;07:59;0;AV AGUANAMBI;;;710;;Colisão Lateral;Luz do Dia;;;Meio de Quadra;;;0;2;1;0;0;0;0;0;0;1;0;0;-38,525805;-3,742927
295189;19;7;2016;13:51;1469;AV SEN VIRGILIO TAVORA;RUA DES LEITE ALBUQUERQUE;;;;Colisão;Luz do Dia;;;Cruz;Semáforo;Comercial;0;2;1;1;0;0;0;0;0;1;0;0;-38,493796;-3,73881
295179;19;7;2016;13:38;15688;RUA GUILHERME PESSOA;RUA CEL ERNESTO MATOS;;;;Colisão;Luz do Dia;;;Cruz;Pare;Residencial;0;1;1;1;0;0;1;0;0;0;0;0;-38,489265;-3,826939
295220;19;7;2016;14:59;0;AV DR SILAS MUNGUBA;;;;;Colisão;Luz do Dia;;;Meio de Quadra;;;0;1;1;1;0;0;0;0;0;1;0;0;;
295217;19;7;2016;14:25;0;AV CASTANHOLEIRAS;;;;;Colisão;Luz do Dia;;;Meio de Quadra;;;0;0;2;1;0;0;0;0;0;1;0;0;;
295218;19;7;2016;14:55;22886;RUA BERNARDO MANUEL;RUA INACIO PARENTE;;;;Colisão;Luz do Dia;;;Cruz;Semáforo;Comercial;0;1;1;1;0;0;0;0;0;1;0;0;-38,546074;-3,781268
295185;19;7;2016;13:49;0;RUA DOM XISTO ALBANO;;;1559;;Colisão;Luz do Dia;;;Meio de Quadra;;;0;1;1;1;0;0;0;0;0;1;0;0;;
295177;19;7;2016;11:32;11068;RUA EQUADOR;RUA ALEMANHA;;;;Queda;Luz do Dia;;;Cruz;Pare;Residencial;0;1;0;0;0;0;0;0;0;1;0;0;-38,556406;-3,783589
295157;19;7;2016;08:33;0;AV CARNEIRO DE MENDONCA;;;930;;Colisão;Luz do Dia;;;Meio de Quadra;;;0;1;0;0;0;0;0;0;0;0;0;0;-38,567495;-3,763705
295158;19;7;2016;08:34;0;AV JOAO PESSOA;;;4820;;Colisão;Luz do Dia;;;Meio de Quadra;;;0;1;1;1;0;0;0;0;0;1;0;0;-38,551131;-3,754275
295160;19;7;2016;08:46;23433;RUA MON SALAZAR;RUA PRO CARVALHO;;;;Colisão Traseira;Luz do Dia;Bom;Seca;Cruz;Pare;Residencial;0;0;4;0;0;0;0;0;0;1;0;0;-38,514308;-3,756146
295162;19;7;2016;08:49;0;AV H CJ CEARA;;;;;Colisão;Luz do Dia;;;Meio de Quadra;;;0;1;1;1;0;0;0;0;0;1;0;0;;
295155;19;7;2016;08:26;22930;RUA BERNARDO MANUEL;RUA LEAO TREZE;;;;Colisão;Luz do Dia;;;Cruz;Pare;Comercial;0;1;1;1;0;1;0;0;0;0;0;0;-38,546723;-3,783394
295231;19;7;2016;16:35;0;RUA SABIAGUABA;;;;;Colisão;Luz do Dia;;;Meio de Quadra;;;0;1;1;1;0;0;0;0;0;1;0;0;;
295227;19;7;2016;15:19;0;AV SANTOS DUMONT;;;;;Colisão;Luz do Dia;;;Meio de Quadra;;;0;2;0;0;0;0;0;0;0;1;0;0;;
295228;19;7;2016;16:03;15126;AV HIS RAIMUNDO GIRAO;AV RUI BARBOSA;;;;Queda;Luz do Dia;;;Cruz;Semáforo;Comercial;0;1;0;0;0;0;0;0;0;1;0;0;-38,505405;-3,723546
295249;19;7;2016;17:22;0;RD CE-040;;;;;Colisão;Anoitecer;;;Meio de Quadra;;;0;1;1;1;0;0;0;0;0;1;0;0;;
295250;19;7;2016;17:34;20963;RUA ALAGOAS;RUA CARLOS JEREISSATI (PICI);;;;Colisão Transversal;Via Iluminada;Bom;Seca;Cruz;Pare;Residencial;0;4;1;1;0;0;0;0;0;1;0;0;-38,580066;-3,750094
295247;19;7;2016;16:46;0;AV MAE LISBOA;;;1115;;Colisão;Luz do Dia;;;Meio de Quadra;;;0;1;0;0;0;0;0;0;0;0;0;0;;
295263;19;7;2016;18:40;0;RUA AQUIRAZ;;;2401;;Colisão;;;;Meio de Quadra;;;0;1;1;1;0;0;0;0;0;1;0;0;;
295382;19;7;2016;18:41;0;RD CE-040;;;2401;;Colisão;;;;Meio de Quadra;;;0;1;1;1;0;0;0;0;0;1;0;0;;