COD_ACIDENTE;DIA;MES;ANO;HORA;INTERSECAO;LOG1;LOG2;LOG3;NUMERO;REFERENCIA;NATUREZA;ILUMINACAO;TEMPO;SUPERFICIEPISTA;TIPOCRUZAMENTO;CONTROLETRAFEGO;USOSOLO;MORTOS;FERIDOS;ILESOS;AUTOMOVEL;ONIBUS;BICICLETA;CAMINHAO;MICROONIBUS;CICLOMOTOR;MOTOCICLETA;TRACAOANIMAL;TREM;LONG;LAT
295385;19;7;2016;19:12;0;RUA 1 CJ JOSE WALTER;;;235;;Colisão;;;;Meio de Quadra;;;0;1;1;1;0;0;0;0;0;1;0;0;-38,558212;-3,822785
295386;19;7;2016;19:32;0;AV JOSE BASTOS;;;2066;;Colisão;;;;Meio de Quadra;;;0;1;0;0;0;0;0;0;0;0;0;0;;
295387;19;7;2016;20:53;14967;RUA JULIO ALCIDES;AV GODOFREDO MACIEL;;;;Atropelamento;;;;T;Outros;Outros;0;1;1;1;0;0;0;0;0;0;0;0;-38,566785;-3,787856
295415;19;7;2016;22:02;0;RUA MELO DE OLIVEIRA;;;;;Atropelamento;;;;Meio de Quadra;;;0;1;1;0;0;0;0;0;0;0;0;0;;
295416;19;7;2016;23:17;0;RD BR 116;;;;;Queda;;;;Meio de Quadra;;;0;1;0;0;0;0;0;0;0;1;0;0;;
289921;19;7;2016;15:10;0;RD CE-040;;;;KM-04;Colisão;Luz do Dia;Bom;Seca;Meio de Quadra;;;0;0;2;1;0;0;0;0;0;0;0;0;-38,481084;-3,782614
289923;19;7;2016;17:30;0;RD CE-040;;;;KM-12;Colisão;Anoitecer;Bom;Seca;Meio de Quadra;;;0;0;2;1;0;0;0;0;0;1;0;0;-38,47607;-3,849626
289929;19;7;2016;19:00;0;RD CE-040;;;;KM-14;Colisão;;Bom;Seca;Meio de Quadra;;;0;0;3;1;0;0;0;0;0;1;0;0;;
288479;19;7;2016;09:15;0;RD BR 222;;;0;KM-01;Colisão Traseira;Luz do Dia;Bom;Seca;Meio de Quadra;;;0;0;3;1;0;0;0;0;0;0;0;0;-38,578147;-3,737698
301284;19;7;2016;08:20;0;AV DEP JOAQUIM F CORREIA;AV ENG AGRONOMO JOSE GUIMARAES DUQUE;;0;;Colisão Transversal;Luz do Dia;Bom;Molhada;Cruz;Não Há Controle;Residencial;0;0;1;1;0;0;0;0;0;0;0;0;;
301285;19;7;2016;11:14;13935;RUA VER PEDRO PAULO MOREIRA;RUA GAL CAIADO DE CASTRO;;0;;Colisão Transversal;Luz do Dia;Bom;Seca;Cruz;Pare;Residencial;0;0;3;1;0;0;0;0;0;0;0;0;-38,488961;-3,786953
301286;19;7;2016;10:25;0;RUA DEP OSWALDO STUDART;AV EDUARDO GIRAO;;0;;Colisão Traseira;Luz do Dia;Bom;Seca;Cruz;Semáforo;Comercial;0;0;3;1;0;0;0;0;0;0;0;0;-38,529775;-3,755323
301287;19;7;2016;10:25;1401;RUA PRO DIAS DA ROCHA;RUA MARIA TOMASIA;;0;;Colisão Lateral;Luz do Dia;Bom;Seca;Cruz;Pare;Comercial;0;0;2;1;0;0;0;0;0;0;0;0;-38,492179;-3,737108
301288;19;7;2016;12:52;0;AV AGUANAMBI;;;0;;Colisão Lateral;Luz do Dia;Bom;Seca;Rotatória;Semáforo;Lazer;0;0;2;1;0;0;0;0;0;0;0;0;;
301289;19;7;2016;16:02;22886;RUA BERNARDO MANUEL;RUA INACIO PARENTE;;0;;Colisão Transversal;Luz do Dia;Bom;Seca;Cruz;Semáforo;Comercial;0;2;0;0;0;0;0;0;0;1;0;0;-38,546074;-3,781268
301290;19;7;2016;17:49;0;AV GAL MURILO BORGES;;;0;;Colisão Traseira;Via Iluminada;Bom;Seca;Meio de Quadra;Não Há Controle;Comercial;0;0;2;1;0;0;0;0;0;0;0;0;;
301291;19;7;2016;19:57;25159;AV MIGUEL DIAS;AV ALM MAXIMIANO DA FONSECA;;0;;Colisão Lateral;Via Iluminada;Bom;Seca;Cruz;Pare;Residencial;0;0;2;1;0;0;0;1;0;0;0;0;-38,487945;-3,770833
301292;19;7;2016;19:05;0;AV DOMINGOS OLIMPIO;;;1551;;Colisão Traseira;Via Iluminada;Bom;Seca;Meio de Quadra;Semáforo;Escola;0;0;1;1;0;0;0;0;0;0;0;0;-38,537258;-3,734616
301293;20;7;2016;07:20;5709;AV DES GONZAGA;AV OLIVEIRA PAIVA;;0;;Colisão Traseira;Luz do Dia;Bom;Seca;Cruz;Semáforo;Comercial;0;0;2;1;0;0;0;0;0;0;0;0;-38,499953;-3,797165
301294;20;7;2016;08:00;0;AV GOV RAUL BARBOSA;;;5400;;Colisão Lateral;Luz do Dia;Bom;Seca;Meio de Quadra;Não Há Controle;Comercial;0;0;2;1;0;0;0;0;0;0;0;0;-38,509059;-3,766806
301295;20;7;2016;08:27;0;AV DOMINGOS OLIMPIO;;;918;;Colisão Lateral;Luz do Dia;Bom;Seca;Meio de Quadra;Não Há Controle;Comercial;0;0;4;1;1;0;0;0;0;1;0;0;-38,532299;-3,736305
301296;20;7;2016;14:06;0;AV BENJAMIM BARROSO;;;194;;Colisão Lateral;Luz do Dia;Bom;Seca;Cruz;Não Há Controle;Residencial;0;0;2;1;0;0;0;0;0;0;0;0;;
301297;20;7;2016;16:24;6760;AV ENG SANTANA JUNIOR;RUA GAL TERTULIANO POTYGUARA;;0;;Colisão Lateral;Luz do Dia;Bom;Seca;Cruz;Semáforo;Comercial;0;0;2;1;0;0;0;0;0;0;0;0;-38,489463;-3,746669
301298;20;7;2016;16:29;0;AV N CJ JOSE WALTER;;;971;;Colisão Traseira;Luz do Dia;Bom;Seca;Meio de Quadra;Não Há Controle;Comercial;0;1;0;1;0;0;0;0;0;0;0;0;;
301299;20;7;2016;17:04;5407;AV DUQ CAXIAS;RUA SOLON PINHEIRO;;0;;Colisão Traseira;Luz do Dia;Bom;Seca;Meio de Quadra;Não Há Controle;Comercial;0;0;2;1;0;0;0;0;0;0;0;0;-38,527034;-3,732704
301300;20;7;2016;18:50;0;AV ALBERTO CRAVEIRO;;;2222;;Engavetamento;Via Iluminada;Bom;Seca;Meio de Quadra;Não Há Controle;Comercial;0;0;3;1;0;0;0;0;0;0;0;0;-38,518779;-3,798682
301301;20;7;2016;20:05;0;RUA LINEU JUCA;;;664;;Colisão Lateral;Mal Iluminada;Bom;Seca;Meio de Quadra;Não Há Controle;Residencial;0;0;2;1;0;0;0;0;0;0;0;0;-38,537349;-3,767344
288038;20;7;2016;15:00;0;RD BR 116;;;100;KM-07;Colisão Lateral;Luz do Dia;Bom;Seca;Meio de Quadra;;;0;1;1;1;0;0;0;0;0;1;0;0;-38,50135403;-3,814567428
289942;20;7;2016;07:00;0;RD CE-040;;;;KM-08;Colisão;Luz do Dia;Bom;Seca;Meio de Quadra;;;0;0;2;0;0;0;1;0;0;0;0;0;-38,483033;-3,817159
290135;20;7;2016;18:59;0;RD CE-040;;;;KM-07;Colisão;;Bom;Seca;Meio de Quadra;;;0;0;2;1;0;0;0;0;0;0;0;0;-38,478733;-3,809597
290133;20;7;2016;15:35;0;RD CE-040;;;;KM-09;Colisão;Luz do Dia;Bom;Seca;Meio de Quadra;;;0;0;2;1;0;0;0;0;0;0;0;0;-38,481538;-3,825516
290101;20;7;2016;17:27;0;RD CE-040;;;;KM-05;Colisão;Anoitecer;Bom;Seca;Meio de Quadra;;;0;0;3;1;0;0;0;0;0;0;0;0;-38,480331;-3,791613
303242;20;7;2016;19:00;13544;RUA DR JOSE LOURENCO;RUA JULIO SIQUEIRA;;2870;;Colisão Transversal;Via Iluminada;Bom;Seca;Cruz;Não Há Controle;Comercial;0;0;5;1;0;0;0;0;0;0;0;0;-38,5122;-3,748473
295430;20;7;2016;08:06;0;RUA GERMANO FRANCK;;;1000;;Queda;Luz do Dia;;;Meio de Quadra;;;0;1;0;0;0;0;0;0;0;1;0;0;;
295432;20;7;2016;08:19;0;AV BEZERRA DE MENEZES;;;;;Queda;Luz do Dia;;;Meio de Quadra;;;0;1;0;0;0;1;0;0;0;0;0;0;;
295433;20;7;2016;11:01;14719;RUA FRANCISCO GLICERIO;RUA JOAO AREAS;;;;Colisão;Luz do Dia;;;;;;0;1;1;1;0;0;0;0;0;0;0;0;-38,576075;-3,794818
295451;20;7;2016;11:29;0;AV JOSE LEON;;;800;;Colisão;Luz do Dia;;;Meio de Quadra;;;0;1;1;1;0;0;0;0;0;1;0;0;;
295510;20;7;2016;13:55;0;RUA HOLANDA;;;;;Colisão;Luz do Dia;;;Meio de Quadra;;;0;1;1;1;0;0;0;0;0;1;0;0;;
295522;20;7;2016;14:14;0;AV PRO JOSE ARTHUR CARVALHO;;;1270;;Colisão;Luz do Dia;;;Meio de Quadra;;;0;1;1;1;0;0;0;0;0;0;0;0;-38,468156;-3,827321
295524;20;7;2016;16:59;0;RUA OSCAR BEZERRA ARAUJO;;;;;Queda;Luz do Dia;;;;;;0;1;0;0;0;0;0;0;0;1;0;0;-38,560073;-3,760134
295527;20;7;2016;17:01;16301;RUA ANTONIO PEREIRA;RUA JOSE LUCAS;;;;Colisão;Anoitecer;;;;;;0;2;0;0;0;0;0;0;0;1;0;0;-38,562913;-3,833819
295528;20;7;2016;17:10;19596;RUA NEREU RAMOS;RUA TCHECOSLOVAQUIA;;;;Colisão;Anoitecer;;;Cruz;Pare;Comercial;0;1;1;1;0;0;0;0;0;1;0;0;-38,570458;-3,785913
295529;20;7;2016;17:29;2573;AV FRANCISCO SA;RUA GRACA ARANHA;;1508;;Colisão Transversal;Anoitecer;Bom;Seca;Cruz;Pare;Residencial;0;2;3;1;0;0;0;0;0;1;0;0;-38,574359;-3,711611
295530;20;7;2016;17:29;0;AV GAL OSORIO DE PAIVA;;;476;;Colisão Traseira;Via Iluminada;Bom;Seca;Meio de Quadra;Não Há Controle;Residencial;0;0;4;1;0;0;0;0;0;1;0;0;;
295538;20;7;2016;18:11;0;RD CE-060;;;442;;Queda;Anoitecer;;;Meio de Quadra;;;0;1;0;0;0;0;0;0;0;1;0;0;;
295545;20;7;2016;18:34;0;AV WASHINGTON SOARES;;;4040;;Atropelamento;;;;Meio de Quadra;;;0;1;1;1;0;0;0;0;0;0;0;0;-38,480149;-3,793114
295546;20;7;2016;18:44;5496;RUA PDE VALDEVINO;RUA DNA LEOPOLDINA;;;;Colisão;;;;Cruz;Semáforo;Comercial;0;1;1;1;0;0;0;0;0;0;0;0;-38,521753;-3,737577
295548;20;7;2016;18:45;0;RUA PERGENTINO MAIA;;;272;;Colisão;;;;Meio de Quadra;;;0;1;1;1;0;0;0;0;0;1;0;0;-38,492721;-3,830878
295549;20;7;2016;19:08;0;RUA TEN BENEVOLO;;;190;;Colisão;;;;Meio de Quadra;;;0;1;0;0;0;0;0;0;0;0;0;0;-38,518977;-3,724819
295550;20;7;2016;19:59;0;AV DR THEBERGE;;;29;;Colisão;;;;Meio de Quadra;;;0;1;1;0;0;0;0;0;0;1;0;0;-38,562018;-3,705746
295551;20;7;2016;20:52;0;AV SGT HERMINIO SAMPAIO;;;;;Colisão;;;;;;;0;1;1;1;0;0;0;0;0;1;0;0;-38,572991;-3,729048
295552;20;7;2016;21:16;0;AV B CJ CEARA;;;;;Atropelamento;;;;;;;0;1;1;0;1;0;0;0;0;0;0;0;;
295553;20;7;2016;21:58;0;AV MR HULL;;;;;Atropelamento;;;;Meio de Quadra;;;0;1;1;0;0;0;0;0;0;1;0;0;;
295554;20;7;2016;22:13;10761;AV SEN FERNANDES TAVORA;RUA JOAQUIM M DE MACEDO;;;;Colisão;;;;T;Pare;Residencial;0;1;0;0;0;0;0;0;0;0;0;0;-38,583559;-3,761448
295555;20;7;2016;22:13;0;AV SEN FERNANDES TAVORA;;;1239;;Colisão;;;;Meio de Quadra;;;0;1;1;1;0;0;0;0;0;1;0;0;-38,583631;-3,761407
295558;20;7;2016;22:26;0;RUA COSTA BARROS;;;124;;Queda;;;;Meio de Quadra;;;0;1;0;0;0;0;0;0;0;1;0;0;;
295559;20;7;2016;22:37;0;RUA MANUEL CASTELO BRANCO;;;;;Colisão;;;;Meio de Quadra;;;0;1;0;0;0;0;0;0;0;0;0;0;;
295560;20;7;2016;22:40;7053;AV DR THEBERGE;RUA STA ELISA D21;;;;Colisão;;;;;;;0;2;1;1;0;0;0;0;0;1;0;0;;
295689;20;7;2016;23:46;15344;RUA CANUTO DE AGUIAR;AV SEN VIRGILIO TAVORA;;;;Atropelamento;;;;Cruz;Semáforo;Residencial;0;1;0;0;0;0;0;0;0;0;0;0;-38,491567;-3,73188
295692;20;7;2016;02:27;0;AV PRO GOMES DE MATOS;;;648;;Colisão;;;;Meio de Quadra;;;0;1;1;1;0;0;0;0;0;1;0;0;-38,543891;-3,759146
290431;20;7;2016;11:00;0;LOGRADOURO SEM NOME;;;;;Colisão Lateral;Luz do Dia;Bom;Seca;Meio de Quadra;Semáforo;Comercial;0;0;2;1;0;0;0;0;0;0;0;0;;
290432;20;7;2016;11:35;7849;RUA JOSE VILAR;RUA FRANCISCO HOLANDA;;;;Colisão Lateral;Luz do Dia;Bom;Seca;Cruz;Pare;Residencial;0;1;2;1;0;0;0;0;0;0;0;0;-38,508441;-3,747448
290429;20;7;2016;18:40;0;RUA MAL DEODORO;;;1208;;Colisão Transversal;Anoitecer;Bom;Seca;Meio de Quadra;Não Há Controle;Comercial;0;0;2;1;1;0;0;0;0;0;0;0;-38,53779;-3,745741
290439;20;7;2016;11:00;18088;RUA PAULO MENDES;RUA OLIVEIRA FILHO;;;;Choque c/ Obstáculo Fixo;Luz do Dia;Bom;Seca;;;Residencial;0;0;1;0;0;0;1;0;0;0;0;0;-38,455937;-3,743484
290442;20;7;2016;14:00;15255;RUA TEN BENEVOLO;RUA MON BRUNO;;;;Colisão Transversal;Luz do Dia;Bom;Seca;Cruz;Pare;Comercial;0;0;2;1;0;0;0;0;0;1;0;0;-38,508124;-3,728332
290445;20;7;2016;13:00;22724;RUA EUCLIDES O DE SOUSA;RUA ELISEU ORIA;;;;Colisão Transversal;Luz do Dia;Bom;Seca;Cruz;Pare;Residencial;0;1;1;1;0;0;0;0;1;0;0;0;-38,477202;-3,798011
290448;20;7;2016;14:30;25979;RUA HOLANDA;RUA 10 CAMPO DOS INGLESE;;;;Colisão Transversal;Luz do Dia;Bom;Seca;T;Não Há Controle;Residencial;0;0;2;0;0;0;0;0;0;1;0;0;-38,561766;-3,799785
290457;20;7;2016;13:15;0;AV PRO JOSE ARTHUR CARVALHO;;;1315;;Colisão Frontal;Luz do Dia;Bom;Seca;Meio de Quadra;Pare;Residencial;0;1;1;1;0;0;0;0;0;0;0;0;-38,467442;-3,827125
290458;20;7;2016;00:48;0;AV PRS COSTA E SILVA;;;;;Colisão Transversal;Via Iluminada;Bom;Seca;Meio de Quadra;Não Há Controle;Industrial;0;0;2;1;0;0;0;0;0;0;0;0;;
290451;20;7;2016;16:00;22123;RUA MAJ PEDRO SAMPAIO;RUA DES GARCIA;;;;Colisão Transversal;Luz do Dia;Bom;Seca;Cruz;Não Há Controle;Comercial;0;0;2;1;0;0;0;0;0;0;0;0;-38,554183;-3,74713
290454;20;7;2016;06:45;0;AV JOAO PESSOA;;;5700;;Colisão Traseira;Luz do Dia;Bom;Seca;Meio de Quadra;Semáforo;Misto;0;0;2;1;0;0;0;0;0;0;0;0;-38,556474;-3,760267
290462;20;7;2016;15:40;0;RUA BAR ARATANHA;;;605;;Engavetamento;Luz do Dia;Bom;Seca;Meio de Quadra;Não Há Controle;Residencial;0;0;3;1;0;0;0;0;0;0;0;0;-38,528112;-3,738085
290467;20;7;2016;08:00;3316;RUA CHILE;RUA VIRIATO RIBEIRO;;;;Colisão Transversal;Luz do Dia;Bom;Seca;Cruz;Pare;Comercial;0;2;1;1;0;0;0;0;0;1;0;0;-38,565276;-3,746178
290464;20;7;2016;19:00;15204;AV ABOLICAO;RUA JULIO IBIAPINA;;;;Colisão;Via Iluminada;Bom;Seca;Cruz;Semáforo;Residencial;0;0;3;1;1;0;0;0;0;0;0;0;-38,49129;-3,726679
290465;20;7;2016;21:05;0;AV ANTONIO SALES;;;;;Colisão Traseira;Via Iluminada;Bom;Seca;Meio de Quadra;Não Há Controle;Comercial;0;0;2;1;0;0;0;0;0;1;0;0;;
290460;20;7;2016;13:15;0;AV VIS RIO BRANCO;;;;;Colisão Lateral;Luz do Dia;Bom;Seca;Meio de Quadra;Pare;Residencial;0;0;2;1;0;0;0;0;0;0;0;0;;
290311;20;7;2016;20:30;0;RD CE-040;;;;KM-08;Colisão;;Bom;Seca;Meio de Quadra;;;0;0;2;0;0;0;1;0;0;0;0;0;-38,483033;-3,817159
290310;21;7;2016;08:40;0;AV SEN CARLOS JEREISSATI (AEROPORTO);;;;KM 03;Colisão;Luz do Dia;Bom;Seca;Meio de Quadra;;;0;0;2;1;0;0;0;0;0;1;0;0;-38,544038;-3,779641
290473;21;7;2016;19:10;0;AV BEZERRA DE MENEZES;;;2270;;Colisão Lateral;Via Iluminada;Bom;Seca;Meio de Quadra;Não Há Controle;Comercial;0;1;1;1;0;0;0;0;0;0;0;0;-38,565086;-3,73581
290469;21;7;2016;17:10;9232;AV 13 DE MAIO;RUA MON LIBERATO;;;;Colisão Traseira;Anoitecer;Bom;Seca;Cruz;Não Há Controle;Comercial;0;0;2;1;1;0;0;0;0;0;0;0;-38,529981;-3,748763
290471;21;7;2016;14:30;5247;AV IMPERADOR;RUA PEDRO PEREIRA;;;;Colisão Transversal;Luz do Dia;Bom;Seca;Cruz;Semáforo;Comercial;0;0;2;0;0;0;0;1;0;0;0;0;-38,534609;-3,727714
290466;21;7;2016;16:00;15227;AV ABOLICAO;AV DES MOREIRA;;;;Colisão Lateral;Luz do Dia;Bom;Seca;Cruz;Semáforo;Comercial;0;0;2;1;0;0;0;0;0;0;0;0;-38,495474;-3,727331
290503;21;7;2016;20:40;25970;RUA DES OTACILIO PEIXOTO;RUA ANTONIO ALEXANDRINO DOS REIS;;;;Colisão Transversal;Mal Iluminada;Bom;Seca;Cruz;Pare;Residencial;0;3;1;1;0;0;0;0;0;0;0;0;;
290498;21;7;2016;09:40;19915;RUA SAO MATEUS D14;RUA PDE AMBROSIO MACHADO;;;;Colisão Transversal;Luz do Dia;Bom;Seca;Cruz;Pare;Residencial;0;0;2;1;0;0;0;0;0;0;0;0;-38,537858;-3,761478
290483;21;7;2016;07:30;0;RUA GAL SAMPAIO;;;441;;Colisão Lateral;Luz do Dia;Bom;Seca;Meio de Quadra;Não Há Controle;Comercial;0;0;3;1;0;0;0;0;0;1;0;0;-38,529493;-3,722491
290514;21;7;2016;15:15;927;AV BORGES DE MELO;RUA DR LAUDELINO COELHO;;;;Colisão Transversal;Luz do Dia;Bom;Seca;;Não Há Controle;Residencial;0;1;1;1;0;0;0;0;0;1;0;0;-38,526753;-3,760613
290524;21;7;2016;05:30;0;AV I CJ JOSE WALTER;;;810;;Colisão Traseira;Luz do Dia;Bom;Seca;Meio de Quadra;Gesto;Residencial;0;0;2;1;0;0;1;0;0;0;0;0;;
290528;21;7;2016;09:00;9117;RUA DR ALFREDO WEYNE D14;RUA DR RATISBONA;;;;Colisão;Luz do Dia;Bom;Seca;Cruz;Gesto;Residencial;0;0;2;1;0;0;0;0;0;1;0;0;-38,531575;-3,756355
290537;21;7;2016;08:30;17311;RUA ROMEU MARTINS;RUA JOAO FIRMINO;;;;Colisão Transversal;Luz do Dia;Bom;Seca;Cruz;Gesto;Residencial;0;1;1;1;0;0;0;0;0;1;0;0;-38,555582;-3,764274
290540;21;7;2016;12:35;12835;AV DOMINGOS OLIMPIO;RUA SOLON PINHEIRO;;;;Colisão Traseira;Luz do Dia;Bom;Seca;Cruz;Semáforo;Comercial;0;0;2;1;0;0;0;0;0;0;0;0;-38,52865;-3,737409
295702;21;7;2016;02:43;0;RUA MACHADO DE ASSIS;;;582;;Queda;;;;Meio de Quadra;;;0;1;0;0;0;0;0;0;0;1;0;0;-38,549603;-3,7509
295705;21;7;2016;06:32;24943;AV ABOLICAO;AV ALM HENRIQUE SABOIA;;;;Colisão Transversal;Luz do Dia;Bom;Seca;Cruz;Semáforo;Comercial;0;2;1;0;0;0;0;0;0;1;0;0;-38,479798;-3,722615
295707;21;7;2016;07:36;0;RUA PRIMEIRO DE MAIO D34;;;;;Colisão;Luz do Dia;;;Meio de Quadra;;;0;1;1;1;0;0;0;0;0;1;0;0;;
295710;21;7;2016;07:50;0;RD BR 116;;;12000;KM-12;Colisão;Luz do Dia;;;Meio de Quadra;;;0;2;1;1;0;0;0;0;0;1;0;0;-38,496066;-3,85574
295718;21;7;2016;10:12;9192;RUA MARIO MAMEDE;RUA PAULA RODRIGUES;;;;Colisão Lateral;Luz do Dia;Bom;Seca;Cruz;Semáforo;Residencial;0;1;4;1;0;0;0;0;0;0;0;0;-38,526739;-3,753285
295715;21;7;2016;10:03;24258;RUA MANUEL JESUINO;RUA ANA BILHAR;;;;Colisão;Luz do Dia;;;T;Não Há Controle;Comercial;0;1;0;0;0;0;0;0;0;0;0;0;-38,485014;-3,731424
295722;21;7;2016;10:58;0;RUA DA COPAIBA;;;438;;Queda;Luz do Dia;;;Meio de Quadra;;;0;1;0;0;0;0;0;0;0;1;0;0;-38,507863;-3,782646
295724;21;7;2016;11:29;0;AV MAJ ASSIS;;;475;;Queda;Luz do Dia;;;Meio de Quadra;;;0;1;0;0;0;1;0;0;0;0;0;0;-38,583134;-3,724086
295726;21;7;2016;12:51;0;AV PRS CASTELO BRANCO;;;;;Atropelamento;Luz do Dia;;;Meio de Quadra;;;0;1;1;1;0;0;0;0;0;0;0;0;;
295727;21;7;2016;13:42;3172;RUA FRANCISCO DOMINGOS;RUA JOSE ARISTOTELES GONDIM;;;;Colisão Transversal;Luz do Dia;Bom;Seca;Cruz;Pare;Residencial;0;1;3;0;0;0;0;0;1;1;0;0;-38,585128;-3,779379
295730;21;7;2016;13:57;0;AV JOR JOAO RAMOS;;;1261;;Colisão;Luz do Dia;;;Meio de Quadra;;;0;1;1;1;0;0;0;0;0;1;0;0;-38,569093;-3,843036
295731;21;7;2016;14:36;0;AV DIOGUINHO;;;;;Colisão;Luz do Dia;;;Meio de Quadra;;;0;1;0;0;0;0;0;0;0;0;0;0;;
295733;21;7;2016;14:44;9084;RUA JUVENAL DE CARVALHO;RUA GUILHERME MOREIRA;;;;Colisão;Luz do Dia;;;Cruz;Pare;Residencial;0;2;1;1;0;0;0;0;0;1;0;0;-38,524706;-3,749973
295751;21;7;2016;16:29;6766;AV PDE ANTONIO TOMAS;RUA PRO OTAVIO LOBO;;;;Colisão;Luz do Dia;;;Cruz;Semáforo;Comercial;0;1;1;1;0;0;0;0;0;1;0;0;-38,47994;-3,746548
295767;21;7;2016;16:36;0;RUA CEL VIRGILIO NOGUEIRA (BOM JARDIM);;;1294;;Colisão;Luz do Dia;;;Meio de Quadra;;;0;1;0;0;0;0;0;0;0;0;0;0;;
295769;21;7;2016;16:48;0;RUA PRO GOMES BRASIL;;;341;;Colisão;Luz do Dia;;;Meio de Quadra;;;0;1;1;1;0;0;0;0;0;1;0;0;-38,568391;-3,772908
295803;21;7;2016;17:26;10995;RUA 15 DE NOVEMBRO;RUA ALM RUBIM;;484;;Colisão Transversal;Anoitecer;Bom;Seca;Cruz;Semáforo;Residencial;0;2;2;0;0;0;0;0;0;1;0;0;-38,555939;-3,768907
295805;21;7;2016;17:51;0;AV DUQ CAXIAS;;;806;;Colisão;Anoitecer;;;Meio de Quadra;;;0;1;1;1;0;0;0;0;0;1;0;0;-38,531925;-3,731127
295806;21;7;2016;18:08;0;AV HILDEBRANDO DE MELO;;;1614;;Colisão;Anoitecer;;;Meio de Quadra;;;0;1;0;0;0;0;0;0;0;0;0;0;;
295807;21;7;2016;18:19;577;AV FRANCISCO SA;AV DR THEBERGE;;;;Colisão;Anoitecer;;;Cruz;Semáforo;Comercial;0;0;2;1;0;0;0;0;0;1;0;0;-38,565016;-3,714822
295813;21;7;2016;20:34;0;AV SANTOS DUMONT;;;;;Colisão;;;;Meio de Quadra;;;0;1;0;0;0;0;0;0;0;0;0;0;;
295815;21;7;2016;22:01;0;AV GENIBAU;;;272;;Colisão;;;;Meio de Quadra;;;0;1;1;0;0;0;0;0;0;1;0;0;-38,597869;-3,761184
295818;21;7;2016;22:20;0;RUA 1131 CJ CEARA;;;353;;Queda;;;;Meio de Quadra;;;0;1;0;0;0;0;0;0;0;1;0;0;;
290136;21;7;2016;15:42;0;RD CE-025;;;;KM-07;Colisão;Luz do Dia;Bom;Seca;Meio de Quadra;;;0;0;3;1;0;0;0;0;0;1;0;0;-38,422916;-3,817237
290141;21;7;2016;21:30;0;AV SEN CARLOS JEREISSATI (AEROPORTO);;;;KM 01;Colisão;;Bom;Seca;Meio de Quadra;;;0;0;2;1;1;0;0;0;0;0;0;0;-38,52685;-3,783753
288041;21;7;2016;07:54;0;RD BR 116;;;0;KM-12;Queda;Luz do Dia;Bom;Seca;Meio de Quadra;;;0;3;1;0;0;0;0;0;0;1;0;0;-38,49620521;-3,856910158
288293;21;7;2016;09:41;0;RD BR 116;;;100;KM-11;Colisão Traseira;Luz do Dia;Bom;Seca;Meio de Quadra;;;0;0;2;1;0;0;0;0;0;0;0;0;-38,49672673;-3,848173913
301302;21;7;2016;07:25;0;AV DOM MANUEL;;;276;;Engavetamento;Luz do Dia;Bom;Seca;Não Informado;Semáforo;Residencial;0;0;3;1;0;0;0;0;0;0;0;0;-38,520544;-3,726588
301303;21;7;2016;09:32;0;RUA MAL BITENCOURT;;;429;;Colisão Transversal;Luz do Dia;Bom;Seca;Meio de Quadra;Não Há Controle;Comercial;0;1;1;1;0;0;0;0;0;1;0;0;-38,528895;-3,787926
301304;21;7;2016;10:13;7869;RUA BARBOSA DE FREITAS;RUA FRANCISCO HOLANDA;;0;;Colisão Transversal;Luz do Dia;Bom;Seca;Cruz;Pare;Comercial;0;0;2;0;0;0;0;1;0;0;0;0;-38,501555;-3,749671
301305;21;7;2016;09:15;0;AV DOMINGOS OLIMPIO;;;230;;Colisão Lateral;Luz do Dia;Bom;Seca;Meio de Quadra;Não Há Controle;Comercial;0;1;1;0;0;0;0;0;0;1;0;0;-38,526428;-3,73805
301306;21;7;2016;12:08;0;RUA BERNARDO MANUEL;;;9970;;Colisão Transversal;Luz do Dia;Bom;Seca;Meio de Quadra;Semáforo;Comercial;0;0;2;1;1;0;0;0;0;0;0;0;-38,553161;-3,804543
301307;21;7;2016;12:45;0;AV COS GOMES DE FREITAS (SAPIRANGA/COITE);;;2974;;Colisão Transversal;Luz do Dia;Bom;Seca;Meio de Quadra;Não Há Controle;Residencial;0;1;2;1;0;0;0;0;0;1;0;0;;
301308;21;7;2016;11:50;0;RUA JOAO BRIGIDO;;;1455;;Colisão Traseira;Luz do Dia;Bom;Seca;Meio de Quadra;Não Há Controle;Residencial;0;0;2;0;0;0;0;0;0;0;0;0;;
301309;21;7;2016;13:49;0;RUA CASTRO DE ALENCAR;;;1231;;Colisão Lateral;Luz do Dia;Bom;Seca;Meio de Quadra;Pare;Comercial;0;0;2;1;0;0;0;0;0;0;0;0;-38,505295;-3,782283
301310;21;7;2016;16:15;17379;RUA EDITE BRAGA;RUA TEN MOACIR MATOS;;0;;Colisão Frontal;Luz do Dia;Bom;Seca;Cruz;Pare;Residencial;0;0;1;1;0;0;0;0;0;1;0;0;-38,552921;-3,766915
301311;21;7;2016;19:01;0;AV GAL OSORIO DE PAIVA;;;5870;;Colisão Traseira;Via Iluminada;Bom;Seca;Meio de Quadra;Não Há Controle;Residencial;0;0;2;0;1;0;0;0;0;0;0;0;-38,605067;-3,807818