COD_ACIDENTE;DIA;MES;ANO;HORA;INTERSECAO;LOG1;LOG2;LOG3;NUMERO;REFERENCIA;NATUREZA;ILUMINACAO;TEMPO;SUPERFICIEPISTA;TIPOCRUZAMENTO;CONTROLETRAFEGO;USOSOLO;MORTOS;FERIDOS;ILESOS;AUTOMOVEL;ONIBUS;BICICLETA;CAMINHAO;MICROONIBUS;CICLOMOTOR;MOTOCICLETA;TRACAOANIMAL;TREM;LONG;LAT
301312;21;7;2016;18:00;0;RUA BAR RIO BRANCO;;;1911;;Colisão Transversal;Via Iluminada;Bom;Seca;Meio de Quadra;Semáforo;Comercial;0;0;2;1;0;0;0;0;0;0;0;0;-38,530958;-3,734918
301313;21;7;2016;20:06;15260;RUA ANA BILHAR;RUA JOAQUIM NABUCO;;0;;Colisão Lateral;Via Iluminada;Bom;Seca;Cruz;Semáforo;Residencial;0;0;2;1;1;0;0;0;0;0;0;0;-38,499077;-3,728382
301314;21;7;2016;21:14;0;AV BEZERRA DE MENEZES;;;2034;;Colisão Traseira;Anoitecer;Bom;Seca;Meio de Quadra;Semáforo;Comercial;0;0;2;1;0;0;0;0;0;0;0;0;-38,56291;-3,73534
301315;21;7;2016;21:40;12818;RUA ALBERTO MAGNO;RUA ANDRE CHAVES;;0;;Colisão Transversal;Via Iluminada;Bom;Seca;Cruz;Pare;Comercial;0;0;1;1;0;0;0;0;0;0;0;0;-38,54223;-3,756035
301316;22;7;2016;07:30;0;AV ENG ALBERTO SA;;;231;;Choque c/ Obstáculo Fixo;Luz do Dia;Bom;Seca;Meio de Quadra;Não Há Controle;Comercial;0;0;2;1;0;0;0;0;0;0;0;0;-38,478768;-3,733712
301317;22;7;2016;08:27;0;RUA JULIO SIQUEIRA;RUA OSVALDO CRUZ;;0;;Colisão Transversal;Luz do Dia;Bom;Seca;Cruz;Pare;Residencial;0;0;3;1;0;0;0;0;0;0;0;0;;
301318;22;7;2016;07:05;9172;RUA PAULA RODRIGUES;RUA MIN JOAQUIM BASTOS D14;;0;;Colisão Transversal;Luz do Dia;Bom;Seca;Cruz;Pare;Comercial;0;0;2;1;0;0;0;0;0;0;0;0;-38,527598;-3,754299
301319;22;7;2016;10:41;5709;AV DES GONZAGA;AV OLIVEIRA PAIVA;;0;;Colisão Traseira;Luz do Dia;Bom;Seca;Cruz;Semáforo;Comercial;0;0;2;1;0;0;0;0;0;0;0;0;-38,499953;-3,797165
301320;22;7;2016;11:23;0;AV DR SILAS MUNGUBA;;;800;;Colisão Traseira;Luz do Dia;Bom;Seca;Meio de Quadra;Não Há Controle;Residencial;0;0;2;1;0;0;0;0;0;0;0;0;-38,558873;-3,780517
301321;22;7;2016;12:53;25096;RUA ROCHA LIMA;RUA RODRIGUES JUNIOR;;0;;Colisão Transversal;Luz do Dia;Bom;Seca;Cruz;Pare;Comercial;0;0;2;1;0;0;0;0;0;0;0;0;-38,522475;-3,73632
301322;22;7;2016;13:17;15832;RUA PDE PEDRO DE ALENCAR;RUA TEN JURANDIR ALENCAR;;0;;Colisão Transversal;Não Informado;Bom;Seca;Cruz;Semáforo;Comercial;0;0;2;1;0;0;0;0;0;0;0;0;-38,493981;-3,831674
301323;22;7;2016;13:46;3318;RUA ARGENTINA;RUA 21 DE ABRIL D27;;0;;Colisão Lateral;Luz do Dia;Bom;Seca;Cruz;Pare;Residencial;0;0;2;0;0;0;0;0;0;1;0;0;-38,563799;-3,746683
301324;22;7;2016;15:20;5407;AV DUQ CAXIAS;RUA SOLON PINHEIRO;;0;;Colisão Traseira;Luz do Dia;Bom;Seca;Meio de Quadra;Semáforo;Comercial;0;0;2;1;0;0;0;0;0;0;0;0;-38,527034;-3,732704
301325;22;7;2016;15:55;0;RUA REPUBLICA DO LIBANO;RUA OSVALDO CRUZ;;0;;Colisão Lateral;Luz do Dia;Bom;Seca;Cruz;Pare;Residencial;0;0;2;1;0;0;0;0;0;0;0;0;;
301326;22;7;2016;16:46;0;AV 13 DE MAIO;;;1992;;Colisão Traseira;Luz do Dia;Bom;Seca;Meio de Quadra;Não Há Controle;Comercial;0;0;3;1;0;0;0;0;0;0;0;0;;
290142;22;7;2016;15:00;0;AV MIN JOSE AMERICO;;;;;Colisão;Luz do Dia;Bom;Seca;Meio de Quadra;;;0;0;1;1;0;0;0;0;0;0;0;0;;
290144;22;7;2016;16:40;0;AV SEN CARLOS JEREISSATI (AEROPORTO);;;;KM 02;Colisão;Luz do Dia;Bom;Seca;Meio de Quadra;;;0;0;2;1;0;0;0;0;0;1;0;0;-38,535424;-3,782194
295820;22;7;2016;00:08;0;RUA STA LUCIA;;;;;Queda;;;;;;;0;1;0;0;0;1;0;0;0;0;0;0;;
295826;22;7;2016;07:26;0;AV PRS CASTELO BRANCO;;;2426;;Colisão;Luz do Dia;;;Meio de Quadra;;;0;1;0;0;0;0;1;0;0;1;0;0;-38,54959;-3,713413
295824;22;7;2016;03:30;0;AV DIOGUINHO;;;2694;;Colisão;;;;Meio de Quadra;;;0;1;1;1;0;0;0;0;0;1;0;0;;
295885;22;7;2016;07:35;0;AV SEN FERNANDES TAVORA;;;101;;Colisão;Luz do Dia;;;Meio de Quadra;;;0;1;1;1;0;0;0;0;0;1;0;0;-38,572775;-3,767909
295888;22;7;2016;07:35;0;AV BENJAMIM BARROSO;;;272;;Queda;Luz do Dia;;;Meio de Quadra;;;0;1;0;0;0;0;0;0;0;1;0;0;;
295895;22;7;2016;08:00;0;RUA CON DE CASTRO;;;6145;;Colisão;Luz do Dia;;;Meio de Quadra;;;0;1;0;0;0;0;0;0;0;0;0;0;-38,59989;-3,816104
295900;22;7;2016;10:04;0;AV DR SILAS MUNGUBA;;;4769;;Colisão;Luz do Dia;;;Meio de Quadra;;;0;1;1;1;1;0;0;0;0;0;0;0;-38,533176;-3,794972
295898;22;7;2016;08:41;0;AV VICENTE DE CASTRO;;;6962;;Atropelamento;Luz do Dia;;;Meio de Quadra;;;0;1;1;1;0;0;0;0;0;0;0;0;-38,470796;-3,707976
295908;22;7;2016;10:12;0;RUA JARDIM PAROARAS;;;1071;;Colisão;Luz do Dia;;;Meio de Quadra;;;0;1;1;0;0;0;0;0;0;1;0;0;;
295915;22;7;2016;10:50;0;AV AGUANAMBI;;;;;Colisão;Luz do Dia;;;Meio de Quadra;;;0;1;1;1;0;0;0;0;0;1;0;0;;
295919;22;7;2016;11:37;0;RUA OSCAR ARARIPE;;;2585;;Colisão;Luz do Dia;;;Meio de Quadra;;;0;1;0;0;0;0;0;0;0;0;0;0;-38,613251;-3,786702
295920;22;7;2016;12:53;0;AV PRO GOMES DE MATOS;;;;;Colisão;Luz do Dia;;;Meio de Quadra;;;0;1;0;0;0;0;0;0;0;0;0;0;;
295939;22;7;2016;13:44;0;RUA LIMA CAMPOS;;;1100;;Colisão;Luz do Dia;;;Meio de Quadra;;;0;1;1;1;0;0;0;0;0;1;0;0;;
295940;22;7;2016;13:52;26268;RUA COS TRISTAO;RUA PDE BARBOSA DE JESUS;;;;Atropelamento;Luz do Dia;;;Cruz;Pare;Residencial;0;1;1;0;0;0;0;0;0;1;0;0;-38,52989;-3,748501
295942;22;7;2016;15:12;0;AV WASHINGTON SOARES;;;2530;;Colisão;Luz do Dia;;;Meio de Quadra;;;0;1;1;0;0;0;0;0;0;1;0;0;-38,48111;-3,782082
295946;22;7;2016;16:42;0;RUA E CJ ITAPERI;;;;;Colisão;Luz do Dia;;;;;;0;1;1;1;0;0;0;0;0;1;0;0;;
295947;22;7;2016;16:44;0;AV G CJ JOSE WALTER;;;;;Colisão;Luz do Dia;;;;;;0;1;1;1;0;0;0;0;0;1;0;0;;
295951;22;7;2016;17:05;0;RUA CON LIMA SUCUPIRA;;;2487;;Colisão;Anoitecer;;;Meio de Quadra;;;0;1;0;0;0;0;0;0;0;0;0;0;-38,558181;-3,775773
295962;22;7;2016;17:27;0;RUA WALDIR DIOGO;;;;;Colisão;Anoitecer;;;Meio de Quadra;;;0;1;0;0;0;0;0;0;0;0;0;0;;
295963;22;7;2016;18:16;0;RUA JULIO DA SILVEIRA;;;631;;Queda;Anoitecer;;;Meio de Quadra;;;0;1;0;0;0;0;0;0;0;1;0;0;-38,539937;-3,758141
295965;22;7;2016;19:27;3771;AV DOMINGOS OLIMPIO;AV DA UNIVERSIDADE;;;;Colisão;Anoitecer;;;Cruz;Semáforo Intermitente;Comercial;0;1;1;1;0;0;0;0;0;1;0;0;-38,534216;-3,735594
295986;22;7;2016;23:47;0;AV GODOFREDO MACIEL;;;;;Colisão;;;;Meio de Quadra;;;0;1;1;0;0;0;0;0;0;1;0;0;;
290538;22;7;2016;00:00;0;RUA PAULO FIRMEZA;;;330;;Colisão Lateral;Luz do Dia;Bom;Seca;Meio de Quadra;Não Há Controle;Residencial;0;0;2;0;0;0;0;0;0;1;0;0;-38,516798;-3,757507
290549;22;7;2016;10:00;0;AV DR SILAS MUNGUBA;;;;;Colisão Traseira;Luz do Dia;Bom;Seca;Meio de Quadra;Gesto;Comercial;0;0;2;1;1;0;0;0;0;0;0;0;;
290552;22;7;2016;08:00;0;TERM TERMINAL DO ANTONIO BEZERRA;;;;;Colisão;Luz do Dia;Bom;Seca;Meio de Quadra;Não Há Controle;Residencial;0;0;2;1;0;0;0;0;0;1;0;0;;
290513;22;7;2016;12:00;0;RUA OSCAR ARARIPE;;;2506;;Colisão Traseira;Luz do Dia;Bom;Seca;Meio de Quadra;Não Há Controle;Residencial;0;0;3;1;1;0;1;0;0;0;0;0;-38,613259;-3,786699
290526;22;7;2016;06:25;0;AV GODOFREDO MACIEL;;;2947;;Colisão Traseira;Luz do Dia;Bom;Seca;Meio de Quadra;Outros;Comercial;0;0;3;1;0;0;0;1;0;0;0;0;-38,571516;-3,801583
290531;22;7;2016;02:30;25980;AV SANTOS DUMONT;RUA JOAQUIM GENU;;;;Choque c/ Obstáculo Fixo;Via Iluminada;Bom;Seca;T;Não Há Controle;Residencial;0;0;1;0;0;0;0;0;0;0;0;0;-38,484292;-3,740773
290533;22;7;2016;07:30;0;AV AGUANAMBI;;;;;Colisão Lateral;Luz do Dia;Bom;Seca;Rotatória;Dê Preferência;Comercial;0;2;2;1;0;0;0;0;0;1;0;0;;
290520;22;7;2016;21:05;0;RUA NEREU RAMOS;;;234;;Colisão Traseira;Via Iluminada;Bom;Seca;Meio de Quadra;Não Há Controle;Outros;0;0;2;1;0;0;1;0;0;0;0;0;-38,569037;-3,786439
290522;22;7;2016;04:45;7694;RUA RIO GRANDE DO SUL;RUA RIO GRANDE DO NORTE;;;;Colisão Transversal;Luz do Dia;Bom;Seca;Cruz;Pare;Residencial;0;0;2;1;0;0;0;0;0;0;0;0;-38,567559;-3,758617
290517;22;7;2016;15:10;0;RUA MOREIRA DA ROCHA;;;;;Colisão;Luz do Dia;Bom;Seca;Meio de Quadra;Pare;Residencial;0;0;2;1;0;0;0;0;0;0;0;0;;
290484;22;7;2016;13:30;5203;RUA AGAPITO DOS SANTOS;RUA PEDRO PEREIRA;;;;Colisão Lateral;Luz do Dia;Bom;Seca;Cruz;Pare;Comercial;0;0;4;1;0;0;0;0;0;1;0;0;-38,538907;-3,726324
290481;22;7;2016;11:20;3771;AV DOMINGOS OLIMPIO;AV DA UNIVERSIDADE;;;;Colisão Traseira;Luz do Dia;Bom;Seca;;Semáforo;Comercial;0;0;2;1;0;0;0;0;0;0;0;0;-38,534216;-3,735594
290493;22;7;2016;16:00;3324;RUA VIRIATO RIBEIRO;RUA URUGUAI;;;;Colisão Lateral;Luz do Dia;Bom;Seca;Cruz;Pare;Residencial;0;0;2;1;0;0;0;0;0;0;0;0;-38,563322;-3,748176
290501;22;7;2016;13:25;0;AV JOAO PESSOA;;;5087;;Colisão Lateral;Luz do Dia;Bom;Seca;Meio de Quadra;Semáforo;Comercial;0;0;3;1;1;0;0;0;0;0;0;0;-38,552941;-3,756274
290487;22;7;2016;16:40;19696;RUA GUSTAVO SAMPAIO;RUA DOM JOSE LOURENCO  D27;;;;Colisão Transversal;Luz do Dia;Bom;Seca;Cruz;Pare;Comercial;0;0;2;1;0;0;0;0;0;1;0;0;-38,559501;-3,73588
290506;22;7;2016;10:25;1378;RUA DES LEITE ALBUQUERQUE;RUA OSVALDO CRUZ (ALDEOTA);;;;Colisão;Luz do Dia;Bom;Seca;Cruz;Pare;Residencial;0;0;3;1;0;0;0;0;0;0;0;0;-38,50064;-3,736598
290468;22;7;2016;10:40;0;AV GOV RAUL BARBOSA;;;4262;;Colisão Lateral;Luz do Dia;Bom;Seca;Meio de Quadra;Não Há Controle;Comercial;0;0;2;0;0;0;0;0;0;0;0;0;-38,507689;-3,761633
290472;22;7;2016;13:58;0;AV MON TABOSA;;;1181;;Colisão Lateral;;Bom;;Meio de Quadra;;Residencial;0;1;1;1;0;0;0;0;0;1;0;0;-38,508442;-3,724266
290470;22;7;2016;09:00;0;AV SEN VIRGILIO TAVORA;;;;;Colisão Traseira;Luz do Dia;Bom;Seca;Outros;Semáforo Intermitente;Comercial;0;0;2;1;0;0;0;0;0;1;0;0;;
290478;22;7;2016;17:40;0;AV PRS CASTELO BRANCO;;;2436;;Outros;Luz do Dia;Bom;Seca;Meio de Quadra;Não Há Controle;Comercial;0;0;1;0;0;0;0;0;0;1;0;0;-38,549676;-3,713388
290459;22;7;2016;12:00;12457;AV SEN FERNANDES TAVORA;AV JOSE BASTOS;;;;Colisão Traseira;Luz do Dia;Bom;Seca;Cruz;Semáforo;Comercial;0;0;2;1;0;0;0;0;0;1;0;0;-38,570427;-3,770153
290146;22;7;2016;15:30;0;RD CE-040;;;;KM-10;Colisão;Luz do Dia;Bom;Seca;Meio de Quadra;;;0;0;2;0;0;0;0;0;0;1;0;0;-38,482466;-3,834451
290147;22;7;2016;19:00;0;AV MIN JOSE AMERICO;;;;;Colisão;;Bom;Seca;Meio de Quadra;;;0;0;2;1;0;0;0;0;0;0;0;0;;
290149;23;7;2016;01:00;0;RD CE-040;;;;KM-04;Colisão;;Bom;Seca;Meio de Quadra;;;0;0;2;1;0;0;0;0;0;0;0;0;-38,481084;-3,782614
290284;23;7;2016;09:20;0;RD CE-040;;;;KM-05;Colisão;Luz do Dia;Bom;Seca;Meio de Quadra;;;0;0;5;1;0;0;0;0;0;0;0;0;-38,480331;-3,791613
290297;23;7;2016;14:00;0;RD CE-040;;;;KM-08;Colisão;Luz do Dia;Bom;Seca;Meio de Quadra;;;0;0;2;1;0;0;0;0;0;0;0;0;-38,483033;-3,817159
290289;23;7;2016;08:50;0;AV MIN JOSE AMERICO;;;;;Colisão;Luz do Dia;Bom;Seca;Meio de Quadra;;;0;0;3;1;0;0;0;0;0;0;0;0;;
290568;23;7;2016;12:15;0;AV GOV PARSIFAL BARROSO;;;300;;Engavetamento;Luz do Dia;Bom;Seca;Meio de Quadra;Não Há Controle;Residencial;0;0;4;1;0;0;0;0;0;0;0;0;-38,569183;-3,729806
290572;23;7;2016;01:30;15354;RUA CANUTO DE AGUIAR;RUA FREDERICO BORGES;;;;Colisão Transversal;Via Iluminada;Bom;Seca;Cruz;Pare;Comercial;0;0;3;1;0;0;0;0;0;0;0;0;-38,489246;-3,732629
290573;23;7;2016;14:30;15367;RUA PEREIRA VALENTE;RUA CEL JUCA;;;;Colisão Lateral;Luz do Dia;Bom;Seca;Cruz;Pare;Residencial;0;1;1;1;0;0;0;0;0;1;0;0;-38,490267;-3,734439
290575;23;7;2016;09:30;26216;AV DEP PAULINO ROCHA;AV CONTORNO (CASTELÃO);;;;Colisão Transversal;Luz do Dia;Bom;Seca;T;Pare;Misto;0;0;2;0;0;0;0;0;0;1;0;0;;
290576;23;7;2016;01:00;0;RUA ALM JACEGUAI;;;249;;Engavetamento;Via Iluminada;Bom;Seca;Meio de Quadra;Não Há Controle;Comercial;0;0;3;1;1;0;1;0;0;0;0;0;-38,519339;-3,722726
290579;23;7;2016;23:45;25902;RUA LUIS VIEIRA;RUA ECA DE QUEIROZ;;;;Colisão Lateral;Via Iluminada;Bom;Seca;Cruz;Pare;Comercial;0;0;2;1;0;0;0;0;0;0;0;0;;
290581;23;7;2016;06:50;0;AV DR SILAS MUNGUBA;;;3912;;;Luz do Dia;Bom;Seca;Meio de Quadra;Não Há Controle;Comercial;0;0;2;0;0;0;0;0;0;1;0;0;-38,538732;-3,790924
290582;23;7;2016;06:30;12352;RUA MON HIPOLITO BRASIL;RUA ERNESTO PEDRO SANTOS;;;;Colisão Transversal;;Bom;Seca;Cruz;Pare;Residencial;0;0;2;1;0;0;1;0;0;0;0;0;-38,575314;-3,760775
290561;23;7;2016;15:30;0;AV ROGACIANO LEITE;;;2001;;Colisão Traseira;;Bom;Seca;Meio de Quadra;Semáforo;Residencial;0;0;2;1;0;0;0;0;0;0;0;0;-38,498551;-3,772065
295987;23;7;2016;01:30;0;AV ENG HUMBERTO MONTE;;;;;Colisão;;;;Meio de Quadra;;;0;2;1;0;0;0;0;0;0;1;0;0;;
296019;23;7;2016;01:49;18528;AV GOV PARSIFAL BARROSO;AV ENG HUMBERTO MONTE;;;;Queda;;;;;;;0;0;1;0;0;0;0;0;0;1;0;0;-38,569025;-3,736609
296028;23;7;2016;02:00;7633;AV CARNEIRO DE MENDONCA;RUA RIO GRANDE DO SUL;;;;Colisão;;;;Cruz;Semáforo;Misto;0;1;1;1;0;0;0;0;0;1;0;0;-38,570011;-3,762374
296029;23;7;2016;02:27;0;AV JOSE BASTOS;;;;;Colisão;;;;Meio de Quadra;;;0;1;1;1;0;0;0;0;0;1;0;0;;
296031;23;7;2016;02:46;0;RUA EVILASIO A MIRANDA;;;1200;;Colisão;;;;Meio de Quadra;;;0;1;1;0;0;0;0;0;0;1;0;0;;
296034;23;7;2016;03:57;0;AV NORTE SUL;;;55;;Atropelamento;;;;Meio de Quadra;;;0;1;1;1;0;0;0;0;0;0;0;0;;
296040;23;7;2016;04:12;0;AV HEROIS DO ACRE;;;331;;Atropelamento;;;;Meio de Quadra;;;0;1;1;1;0;0;0;0;0;0;0;0;;
296042;23;7;2016;06:24;0;AV JOAO PESSOA;;;6174;;Colisão;Luz do Dia;;;Meio de Quadra;;;0;1;0;0;0;0;0;0;0;0;0;0;-38,558662;-3,764442
296059;23;7;2016;07:06;13381;RUA JOAO CORDEIRO;RUA JOAO BRIGIDO;;2201;;Colisão Transversal;Luz do Dia;Bom;Seca;Cruz;Semáforo;Residencial;0;2;4;0;0;0;0;0;0;1;0;0;-38,51787;-3,739927
296063;23;7;2016;09:15;0;RUA PDE PEDRO DE ALENCAR;;;;;Queda;Luz do Dia;;;Meio de Quadra;;;0;1;0;0;0;0;0;0;0;1;0;0;;
296072;23;7;2016;09:50;0;AV DEP PAULINO ROCHA;;;;;Colisão;Luz do Dia;;;Meio de Quadra;;;0;1;1;0;0;0;0;0;0;1;0;0;;
296073;23;7;2016;11:14;0;AV CASTELO DE CASTRO;;;900;;Atropelamento;Luz do Dia;;;Meio de Quadra;;;0;1;1;1;0;0;0;0;0;0;0;0;-38,521702;-3,837344
296075;23;7;2016;12:11;12864;AV DOMINGOS OLIMPIO;RUA ASSUNCAO;;;;Atropelamento;Luz do Dia;;;Cruz;Semáforo;Residencial;0;1;0;1;0;0;0;0;0;0;0;0;-38,529548;-3,737192
296091;23;7;2016;12:18;0;AV SEN FERNANDES TAVORA;;;2145;;Queda;Luz do Dia;;;Meio de Quadra;;;0;1;0;0;0;0;0;0;0;1;0;0;-38,591356;-3,757283
296092;23;7;2016;12:27;0;AV ROGACIANO LEITE;;;2545;;Colisão;Luz do Dia;;;Meio de Quadra;;;0;1;1;0;0;0;0;0;0;1;0;0;-38,501507;-3,779959
296093;23;7;2016;12:42;0;AV CASTELO DE CASTRO;;;1736;;Queda;Luz do Dia;;;Meio de Quadra;;;0;1;0;0;0;0;0;0;0;1;0;0;;
296094;23;7;2016;12:56;25085;RUA OSCAR ARARIPE;RUA VIRGILIO NOGUEIRA PAES;;;;Colisão;Luz do Dia;;;Cruz;Semáforo;Comercial;0;1;1;0;0;0;0;0;0;1;0;0;-38,608554;-3,788212
296096;23;7;2016;13:41;7386;RUA PRO EDGAR DE ARRUDA;RUA BELEM;;;;Colisão;Luz do Dia;;;Cruz;Não Há Controle;Residencial;0;1;1;1;0;0;0;0;0;1;0;0;-38,591051;-3,754894
296100;23;7;2016;13:47;0;AV WASHINGTON SOARES;;;6988;;Colisão Lateral Sentido Oposto;Luz do Dia;;;Meio de Quadra;;;0;1;0;1;0;0;0;0;0;0;0;0;-38,48316;-3,81788
296112;23;7;2016;14:05;0;AV MOZART PINHEIRO DE LUCENA;;;2272;;Colisão;Luz do Dia;;;Meio de Quadra;;;0;1;0;0;0;0;0;0;0;0;0;0;-38,597004;-3,722774
296113;23;7;2016;14:59;0;RUA ALBERTO MAGNO;;;628;;Queda;Luz do Dia;;;Meio de Quadra;;;0;1;0;0;0;0;0;0;0;1;0;0;-38,546741;-3,76117
296123;23;7;2016;15:01;0;RUA VALPARAISO;;;282;;Colisão;Luz do Dia;;;Meio de Quadra;;;0;1;0;0;0;0;0;0;0;0;0;0;-38,523224;-3,845959
296125;23;7;2016;15:14;0;RD BR 116;;;34000;;Colisão;Luz do Dia;;;Meio de Quadra;;;0;1;1;1;0;0;0;0;0;1;0;0;;
296140;23;7;2016;15:19;0;RD BR 116;;;7000;KM-07;Colisão;Luz do Dia;;;Meio de Quadra;;;0;1;1;1;0;0;0;0;0;1;0;0;-38,501101;-3,813246
296211;23;7;2016;15:31;0;AV JOR THOMAZ COELHO;;;575;;Colisão;Luz do Dia;;;Meio de Quadra;;;0;1;1;1;0;0;0;0;0;1;0;0;-38,500136;-3,832385
296214;23;7;2016;15:38;0;AV 13 DE MAIO;;;;;Colisão;Luz do Dia;;;Meio de Quadra;;;0;1;1;0;0;0;0;0;0;1;0;0;;
296215;23;7;2016;15:53;0;AV DR SILAS MUNGUBA;;;6453;;Colisão Lateral;Luz do Dia;Bom;Seca;Meio de Quadra;Não Há Controle;Comercial;0;1;3;1;1;0;0;1;0;0;0;0;;
296220;23;7;2016;17:57;0;AV PRS CASTELO BRANCO;;;642;;Colisão;Anoitecer;;;Meio de Quadra;;;0;1;0;0;0;0;0;0;0;0;0;0;;
296218;23;7;2016;16:36;22886;RUA BERNARDO MANUEL;RUA INACIO PARENTE;;;;Colisão;Luz do Dia;;;Cruz;Semáforo;Comercial;0;3;0;0;0;0;0;0;0;0;0;0;-38,546074;-3,781268
296224;23;7;2016;18:19;0;RD BR 116;;;6000;KM-06;Atropelamento;Anoitecer;;;Meio de Quadra;;;0;1;1;1;0;0;0;0;0;0;0;0;-38,503053;-3,804691
296227;23;7;2016;18:23;0;RUA MODESTA;;;162;;Queda;Anoitecer;;;Meio de Quadra;;;0;1;0;0;0;0;0;0;0;1;0;0;-38,521539;-3,844254
296228;23;7;2016;19:01;0;AV PASTEUR;;;824;;Colisão;;;;Meio de Quadra;;;0;1;1;1;0;0;0;0;0;1;0;0;-38,559708;-3,713816
296231;23;7;2016;19:09;0;AV TRISTAO GONCALVES;;;1390;;Atropelamento;;;;Meio de Quadra;;;0;2;1;1;0;0;0;0;0;0;0;0;-38,535193;-3,733745
296235;23;7;2016;20:02;0;AV SEN FERNANDES TAVORA;;;2997;;Colisão;;;;Meio de Quadra;;;0;1;1;1;0;0;0;0;0;1;0;0;-38,599884;-3,754834
296237;23;7;2016;20:04;0;AV SEN FERNANDES TAVORA;;;2991;;Colisão;;;;Meio de Quadra;;;0;1;1;1;0;0;0;0;0;1;0;0;-38,599787;-3,754848
296259;23;7;2016;20:11;0;RUA ILDEFONSO ALBANO;;;154;;Atropelamento;;;;Meio de Quadra;;;0;1;1;0;1;0;0;0;0;0;0;0;-38,509565;-3,721682
296265;23;7;2016;20:12;26205;RUA MIN ALBUQUERQUE LIMA;RUA 719 CJ CEARA;;;;Colisão;;;;Duplo T;Não Há Controle;Misto;0;1;1;0;0;0;0;0;0;1;0;0;-38,602002;-3,770919
296268;23;7;2016;21:09;0;RUA BERNARDO MANUEL;;;;;Queda;;;;Meio de Quadra;;;0;1;0;0;0;0;0;0;0;1;0;0;;
296270;23;7;2016;21:47;0;AV FRANCISCO SA;;;4136;;Colisão;;;;Meio de Quadra;;;0;2;0;0;0;0;0;0;0;1;0;0;-38,561902;-3,715873
296307;23;7;2016;22:13;0;RUA VINTE E QUATRO DE MAIO;;;;;Colisão;;;;Meio de Quadra;;;0;1;1;1;0;0;0;0;0;1;0;0;;
296309;23;7;2016;22:51;6545;AV A CJ CEARA;AV H CJ CEARA;;;;Colisão;;;;Cruz;Semáforo;Comercial;0;1;1;0;0;0;0;0;0;1;0;0;-38,605924;-3,775146
296314;23;7;2016;22:59;9555;RUA 23 DE JUNHO;RUA BARRA VERMELHA;;;;Atropelamento;;;;;;;0;1;1;0;0;0;0;0;0;0;0;0;-38,612764;-3,780625
303253;23;7;2016;20:15;5496;RUA DNA LEOPOLDINA;RUA PDE VALDEVINO;;0;;Colisão Transversal;Via Iluminada;Bom;Seca;Cruz;Não Há Controle;Residencial;0;0;2;1;0;0;0;0;0;0;0;0;-38,521753;-3,737577
303257;23;7;2016;20:45;5062;RUA GAL SAMPAIO;RUA DR JOAO MOREIRA;;0;;Colisão Transversal;Via Iluminada;Bom;Seca;Cruz;Pare;Comercial;0;0;2;1;0;0;0;0;0;0;0;0;-38,529364;-3,72203
288296;23;7;2016;15:30;0;RD BR 116;;;0;KM-07;Colisão Traseira;Luz do Dia;Bom;Seca;Meio de Quadra;;;0;1;1;1;0;0;0;0;0;1;0;0;-38,50135403;-3,814567428
288297;23;7;2016;18:30;0;RD BR 116;;;0;KM-06;Atropelamento;Anoitecer;Bom;Seca;Meio de Quadra;;;0;1;1;0;0;0;0;0;0;0;0;0;-38,50238198;-3,805924279
301327;23;7;2016;08:38;0;RUA CESAR ROSSAS;;;423;;Colisão Lateral;Luz do Dia;Bom;Seca;Cruz;Semáforo;Comercial;0;0;1;1;0;0;0;0;0;0;0;0;-38,55509;-3,769262
301328;23;7;2016;11:10;24988;RUA TAVARES COUTINHO;RUA FRE MANSUETO;;0;;Colisão Transversal;Luz do Dia;Bom;Seca;Cruz;Semáforo;Comercial;0;0;2;1;0;0;0;0;0;0;0;0;-38,488784;-3,732638
301329;23;7;2016;11:31;0;RUA LUIS GIRAO;RUA DR VALDEMAR DE ALCANTARA;;0;;Colisão Transversal;Luz do Dia;Bom;Seca;Cruz;Pare;Residencial;0;0;3;1;0;0;0;0;0;0;0;0;;
301330;23;7;2016;14:16;20042;AV PRS JUSCELINO KUBITSCHEK (PASSARÉ);AV DEP PAULINO ROCHA;;0;;Colisão Traseira;Luz do Dia;Bom;Seca;Rotatória;Dê Preferência;Lazer;0;0;2;1;0;0;0;0;0;0;0;0;-38,524782;-3,807229
301331;23;7;2016;20:20;1302;RUA MARCOS MACEDO;RUA BARBOSA DE FREITAS;;0;;Colisão Lateral;Via Iluminada;Bom;Seca;Meio de Quadra;Não Há Controle;Comercial;0;0;1;0;1;0;0;0;0;0;0;0;-38,496719;-3,734569
301332;24;7;2016;05:17;0;RUA PRO RAIMUNDO ARRUDA;;;309;;Choque c/ Obstáculo Fixo;Via Iluminada;Bom;Seca;Meio de Quadra;Não Há Controle;Residencial;0;0;1;1;0;0;0;0;0;0;0;0;-38,551648;-3,735675
301333;24;7;2016;14:00;5343;AV BEZERRA DE MENEZES;RUA PDE IBIAPINA;;0;;Colisão Lateral;Luz do Dia;Bom;Seca;T;Semáforo;Residencial;0;0;2;0;1;0;0;0;0;0;0;0;-38,539973;-3,730548
301334;24;7;2016;14:40;17403;RUA BAR CANINDE;RUA PRO TEODORICO;;0;;Colisão Transversal;Luz do Dia;Bom;Seca;Cruz;Pare;Residencial;0;0;2;1;0;0;0;0;0;0;0;0;-38,556436;-3,767686