COD_ACIDENTE;DIA;MES;ANO;HORA;INTERSECAO;LOG1;LOG2;LOG3;NUMERO;REFERENCIA;NATUREZA;ILUMINACAO;TEMPO;SUPERFICIEPISTA;TIPOCRUZAMENTO;CONTROLETRAFEGO;USOSOLO;MORTOS;FERIDOS;ILESOS;AUTOMOVEL;ONIBUS;BICICLETA;CAMINHAO;MICROONIBUS;CICLOMOTOR;MOTOCICLETA;TRACAOANIMAL;TREM;LONG;LAT
301335;24;7;2016;22:37;1445;RUA VICENTE LEITE;RUA DES LEITE ALBUQUERQUE;;0;;Colisão Lateral;Via Iluminada;Bom;Seca;Cruz;Pare;Residencial;0;0;2;1;0;0;0;0;0;0;0;0;-38,495734;-3,738178
295429;24;7;2016;21:47;0;RUA COM GARCIA;;;408;;Queda;;;;Meio de Quadra;;;0;1;0;0;0;0;0;0;0;1;0;0;-38,579376;-3,788985
295454;24;7;2016;22:56;0;RUA CON DE CASTRO;;;3495;;Queda;;;;Meio de Quadra;;;0;1;0;0;0;0;0;0;0;1;0;0;-38,585662;-3,798218
295456;24;7;2016;23:59;0;RUA LUIZA GUIMARAES;;;172;;Queda;;;;Meio de Quadra;;;0;1;0;0;0;0;0;0;0;1;0;0;;
295436;24;7;2016;20:06;0;RUA DES LEITE ALBUQUERQUE;;;1056;;Colisão;;;;Meio de Quadra;;;0;1;0;1;0;0;0;0;0;1;0;0;-38,495655;-3,738201
295363;24;7;2016;19:18;15584;RUA ALVES RIBEIRO;RUA LOPES TROVAO;;470;;Colisão Transversal;Via Iluminada;Bom;Seca;Cruz;Pare;Comercial;0;2;2;1;0;0;0;0;0;1;0;0;-38,501838;-3,82274
295365;24;7;2016;19:46;587;RUA FRE TEOBALDO;RUA COELHO DA FONSECA;;;;Colisão;;;;Cruz;Não Há Controle;Residencial;0;1;0;1;0;0;0;0;0;1;0;0;-38,560921;-3,714819
295371;24;7;2016;21:15;5092;AV IMPERADOR;RUA SEN ALENCAR;;;;;;;;Cruz;Semáforo;Comercial;0;1;0;0;0;0;0;0;0;0;0;0;-38,533258;-3,723171
295345;24;7;2016;14:19;0;AV FRANCISCO SA;;;4780;;Colisão;Luz do Dia;;;Meio de Quadra;;;0;1;0;1;0;0;0;0;0;1;0;0;-38,567249;-3,714043
295349;24;7;2016;17:18;0;AV CEL CARVALHO;;;2169;;Atropelamento;Anoitecer;;;Meio de Quadra;;;0;1;0;1;0;0;0;0;0;0;0;0;-38,586917;-3,7213
295353;24;7;2016;17:41;3820;AV 13 DE MAIO;AV CARAPINIMA;;;;Queda;Anoitecer;;;Cruz;Semáforo;Comercial;0;2;0;0;0;0;0;0;0;1;0;0;-38,540239;-3,740001
295354;24;7;2016;17:43;0;AV B CJ CEARA;;;490;;Queda;Anoitecer;;;Meio de Quadra;;;0;1;0;0;0;1;0;0;0;0;0;0;;
295355;24;7;2016;18:03;0;RUA VALPARAISO;;;686;;Colisão;Anoitecer;;;Meio de Quadra;;;0;1;0;1;0;0;0;0;0;1;0;0;-38,52626;-3,843827
295357;24;7;2016;18:05;10807;RUA PORTO VELHO;RUA AUDISIO PINHEIRO;;;;Colisão;Anoitecer;;;Cruz;Pare;Residencial;0;2;0;1;0;0;0;0;0;1;0;0;-38,59149;-3,76357
295310;24;7;2016;07:34;0;RUA MARIA TOMASIA;;;337;;Queda;Luz do Dia;;;Meio de Quadra;;;0;0;1;1;0;0;0;0;0;1;0;0;;
295320;24;7;2016;09:38;19297;RUA STA JULIA;RUA LEONEL CHAVES;;;;Atropelamento;Luz do Dia;;;Cruz;Pare;Residencial;0;1;0;1;0;0;0;0;0;0;0;0;-38,568283;-3,774531
295317;24;7;2016;08:47;0;AV FRE CIRILO;;;3480;;Colisão;Luz do Dia;;;Meio de Quadra;;;0;1;0;1;0;0;0;0;0;1;0;0;-38,498538;-3,81479
295324;24;7;2016;09:47;0;RUA GOV JOAO CARLOS;;;858;;Queda;Luz do Dia;;;Meio de Quadra;;;0;1;0;0;0;0;0;0;0;1;0;0;-38,553556;-3,783068
295328;24;7;2016;09:50;0;RUA TEN JOSE NEWTON;;;;;Colisão;Luz do Dia;;;Meio de Quadra;;;0;1;0;0;0;0;0;0;0;0;0;0;;
295330;24;7;2016;11:32;0;RUA TEODOMIRO DE CASTRO;;;4171;;Colisão;Luz do Dia;;;Meio de Quadra;;;0;1;0;0;0;0;0;0;0;1;0;0;-38,570867;-3,719499
295332;24;7;2016;12:39;0;RUA ARARIPE MACEDO;;;505;;Queda;Luz do Dia;;;Meio de Quadra;;;0;1;0;1;0;1;0;0;0;0;0;0;-38,578204;-3,771997
295341;24;7;2016;13:23;0;AV WASHINGTON SOARES;;;;;Colisão;Luz do Dia;;;Meio de Quadra;;;0;1;0;0;0;0;0;0;0;0;0;0;;
295343;24;7;2016;13:25;0;AV WASHINGTON SOARES;;;;;Colisão;Luz do Dia;;;Meio de Quadra;;;0;1;0;0;0;0;0;0;0;0;0;0;;
295172;24;7;2016;07:34;0;RUA MARIA TOMASIA;;;;;Queda;Luz do Dia;;;Meio de Quadra;;;0;1;0;0;0;1;0;0;0;0;0;0;;
295107;24;7;2016;01:25;0;AV GAL OSORIO DE PAIVA;;;6120;;Colisão;;;;Meio de Quadra;;;0;2;0;0;0;0;0;0;0;0;0;0;-38,606905;-3,809751
295118;24;7;2016;04:38;0;AV PRO JOSE ARTHUR CARVALHO;;;1668;;Colisão;;;;Meio de Quadra;;;0;1;0;0;0;0;0;0;0;1;0;0;-38,464558;-3,826116
295112;24;7;2016;04:29;0;AV DIOGUINHO;;;6280;;Queda;;;;Meio de Quadra;;;0;1;0;0;0;0;0;0;0;1;0;0;-38,439588;-3,768985
295134;24;7;2016;04:38;0;AV PRO JOSE ARTHUR CARVALHO;;;1671;;Colisão;;;;Meio de Quadra;;;0;1;0;0;0;0;0;0;0;0;0;0;-38,464558;-3,826116
294421;24;7;2016;00:09;0;RUA URUCUTUBA;;;3052;;Colisão;;;;Meio de Quadra;;;0;1;1;1;0;0;0;0;0;1;0;0;-38,624982;-3,798477
294424;24;7;2016;12:55;0;AV MON TABOSA;;;1716;;Colisão;Luz do Dia;;;Meio de Quadra;;;0;1;0;1;0;0;0;0;0;1;0;0;-38,503526;-3,724749
290541;24;7;2016;10:15;3423;AV JOAO PESSOA;RUA ALVARO FERNANDES;;;;Colisão Transversal;Luz do Dia;Bom;Seca;Cruz;Semáforo;Comercial;0;1;1;1;0;0;0;0;0;1;0;0;-38,555648;-3,759317
290543;24;7;2016;10:40;0;AV DEP PAULINO ROCHA;;;;;Colisão Transversal;Luz do Dia;Bom;Seca;Meio de Quadra;Não Há Controle;Residencial;0;0;2;1;0;0;1;0;0;0;0;0;;
290544;24;7;2016;21:30;1445;RUA DES LEITE ALBUQUERQUE;RUA VICENTE LEITE;;;;;;Bom;Seca;Cruz;Pare;Residencial;0;0;2;0;0;0;0;0;0;1;0;0;-38,495734;-3,738178
290545;24;7;2016;11:20;5458;RUA RODRIGUES JUNIOR;RUA BARBARA DE ALENCAR;;;;Colisão Lateral;Luz do Dia;Bom;Seca;Cruz;Pare;Misto;0;0;2;1;1;0;0;0;0;0;0;0;-38,522156;-3,735343
290546;24;7;2016;09:00;10977;RUA OUTONO;RUA JULIO VERNE;;;;Colisão Transversal;Luz do Dia;Bom;;Cruz;Pare;Comercial;0;0;2;1;0;0;1;0;0;0;0;0;-38,554348;-3,77493
290525;24;7;2016;01:20;15224;AV BAR STUDART;RUA DEP MOREIRA DA ROCHA;;;;Colisão Frontal;Via Iluminada;Bom;Seca;Cruz;Não Há Controle;Lazer;0;1;1;1;0;0;0;0;0;1;0;0;-38,504238;-3,727254
290534;24;7;2016;15:20;11035;RUA GERMANO FRANCK;RUA JULIO VERNE;;;;Colisão Transversal;Luz do Dia;Bom;Seca;Cruz;Pare;Misto;0;1;1;1;0;0;0;0;0;1;0;0;;
290532;24;7;2016;14:00;0;RUA COM GARCIA;;;715;;Colisão Lateral;Luz do Dia;Bom;Seca;Meio de Quadra;Não Há Controle;Residencial;0;0;2;0;1;0;0;0;0;0;0;0;-38,581253;-3,790994
290527;24;7;2016;12:30;4021;AV PRO GOMES DE MATOS;RUA DES PRAXEDES;;;;Colisão Frontal;Luz do Dia;Bom;Seca;Cruz;Semáforo;Comercial;0;0;4;1;0;0;0;0;0;0;0;0;-38,546229;-3,761872
290299;24;7;2016;08:30;0;AV MIN JOSE AMERICO;;;;;Colisão;Luz do Dia;Bom;Seca;Meio de Quadra;;;0;0;2;1;0;0;0;0;0;0;0;0;;
291805;24;7;2016;04:40;0;RUA MAG POMPEU;;;2764;;Colisão;;;;Meio de Quadra;;;1;0;1;0;0;0;0;0;0;1;0;0;;
290301;25;7;2016;14:35;0;RD CE-040;;;;KM-05;Colisão;Luz do Dia;Bom;Seca;Meio de Quadra;;;0;0;2;1;0;0;0;0;0;0;0;0;-38,480331;-3,791613
290303;25;7;2016;20:02;0;RD CE-040;;;;KM-13;Colisão;;Bom;Seca;Meio de Quadra;;;0;0;2;1;0;0;1;0;0;0;0;0;;
290304;25;7;2016;22:41;0;RD CE-040;;;;KM-05;Colisão;;Bom;Seca;Meio de Quadra;;;0;0;2;1;0;0;0;0;0;0;0;0;-38,480331;-3,791613
290529;25;7;2016;17:17;25096;RUA ROCHA LIMA;RUA RODRIGUES JUNIOR;;;;Colisão Lateral;Anoitecer;;;Cruz;Pare;Residencial;0;1;1;1;0;0;0;0;0;1;0;0;-38,522475;-3,73632
290535;25;7;2016;13:00;18510;RUA TEN MARQUES;RUA MEXICO;;;;Colisão Transversal;Luz do Dia;Bom;Seca;Cruz;Não Há Controle;Residencial;0;1;1;1;0;0;0;0;0;1;0;0;-38,573257;-3,734792
290519;25;7;2016;10:40;13430;RUA JOAO CORDEIRO;RUA ADOLFO SIQUEIRA;;;;Colisão Transversal;Luz do Dia;Bom;Seca;Cruz;Pare;Residencial;0;2;2;1;0;0;0;0;0;1;0;0;-38,518694;-3,742579
290515;25;7;2016;11:00;0;RUA SGT JOAO PINHEIRO;;;529;;Choque c/ Obstáculo Fixo;Luz do Dia;Bom;Seca;Meio de Quadra;Pare;Residencial;0;1;0;0;0;0;0;0;0;0;0;0;-38,622104;-3,780322
290512;25;7;2016;05:30;12835;AV DOMINGOS OLIMPIO;RUA SOLON PINHEIRO;;;;Colisão Lateral;Luz do Dia;Bom;Seca;Cruz;Semáforo;Comercial;0;1;1;1;0;0;0;0;0;1;0;0;-38,52865;-3,737409
290542;25;7;2016;09:10;0;AV AGUANAMBI;;;;;Colisão Lateral;Luz do Dia;Bom;Seca;Meio de Quadra;Semáforo;Comercial;0;0;2;1;0;0;1;0;0;0;0;0;;
290555;25;7;2016;18:25;5126;RUA RUFINO DE ALENCAR;AV DOM MANUEL;;;;Colisão Lateral;Via Iluminada;Bom;Seca;Com Via Férrea;Outros;Lazer;0;0;2;1;1;0;0;0;0;0;0;0;-38,519754;-3,724114
290556;25;7;2016;21:50;0;RUA ADOLFO CAMINHA;;;;;Colisão Transversal;Via Iluminada;Bom;Seca;Meio de Quadra;Não Há Controle;Comercial;0;0;2;1;0;0;1;0;0;0;0;0;;
290553;25;7;2016;11:00;2328;AV CEL CARVALHO;AV FRANCISCO SA;;;;Colisão Traseira;Luz do Dia;Bom;Seca;Cruz;Pare;Comercial;0;0;2;1;0;0;0;0;1;0;0;0;-38,591542;-3,703499
290570;25;7;2016;05:40;25132;AV ODILON GUIMARAES;RUA VASCO DE ATAIDE;;;;Colisão Transversal;Luz do Dia;Bom;Seca;Cruz;Pare;Comercial;0;0;2;0;1;0;0;1;0;0;0;0;-38,479805;-3,826027
290567;25;7;2016;02:30;0;AV DIOGUINHO;;;5942;;Colisão Transversal;Via Iluminada;Bom;Seca;Meio de Quadra;Não Há Controle;Residencial;0;2;1;1;0;0;0;0;0;1;0;0;-38,44077;-3,766537
290585;25;7;2016;10:15;14357;RUA HENRIQUE ELERY;RUA BAR CRATO;;;;Colisão Transversal;Luz do Dia;Bom;Seca;Cruz;Pare;Residencial;0;0;2;0;0;0;0;0;0;0;0;0;-38,561002;-3,721622
290595;25;7;2016;15:25;9072;AV VIS RIO BRANCO;AV PONTES VIEIRA;;;;Colisão Lateral;Luz do Dia;Bom;Seca;Cruz;Semáforo;Comercial;0;0;2;1;0;0;0;0;0;0;0;0;-38,520486;-3,753544
290578;25;7;2016;21:50;5180;RUA TEN BENEVOLO;RUA DOM JOAQUIM;;;;Colisão Transversal;Via Iluminada;Bom;Seca;Cruz;Pare;Comercial;0;0;3;1;0;0;0;0;0;0;0;0;-38,51667;-3,725524
290599;25;7;2016;12:30;12935;AV VIS RIO BRANCO;RUA ADOLFO SILVEIRA;;;;Colisão Transversal;Luz do Dia;Bom;Seca;T;;Comercial;0;1;1;1;0;0;0;0;0;1;0;0;-38,522697;-3,742816
290605;25;7;2016;19:30;6616;RUA STA ROSA D65 (COAÇU);RUA E ESPL MESSEJANA;;;;Colisão Traseira;Via Iluminada;Bom;Seca;T;Não Há Controle;Comercial;0;0;2;1;0;0;0;0;0;0;0;0;-38,473299;-3,845214
290609;25;7;2016;18:25;0;RUA PDE PEDRO DE ALENCAR;;;1130;;Colisão Transversal;Via Iluminada;Bom;Seca;Outros;Não Há Controle;Comercial;0;0;2;1;0;0;0;0;0;0;0;0;;
290614;25;7;2016;13:30;5247;AV IMPERADOR;RUA PEDRO PEREIRA;;;;Colisão Lateral;Luz do Dia;Bom;Seca;Cruz;Semáforo;Comercial;0;0;2;1;0;0;0;0;0;0;0;0;-38,534609;-3,727714
290621;25;7;2016;12:00;12863;AV DOMINGOS OLIMPIO;RUA FLORIANO PEIXOTO;;;;Colisão Transversal;Luz do Dia;Bom;Seca;Cruz;Não Há Controle;Comercial;0;0;2;1;0;0;0;0;0;0;0;0;-38,530313;-3,736976
290630;25;7;2016;14:30;0;AV CASTELO DE CASTRO;;;;;Colisão Lateral;Luz do Dia;Bom;Seca;Meio de Quadra;Pare;Comercial;0;1;1;0;0;0;0;0;0;1;0;0;;
290634;25;7;2016;;15699;RUA GUILHERME PESSOA;RUA MEM DE SA;;;;Colisão Lateral Sentido Oposto;Luz do Dia;Bom;Seca;Cruz;Pare;Residencial;0;0;2;1;0;0;0;0;0;1;0;0;-38,485338;-3,827417
290637;25;7;2016;09:30;12954;RUA BERNARDO MANUEL;AV PRS COSTA E SILVA;;;;Colisão Traseira;Luz do Dia;Bom;Seca;;Semáforo;Comercial;0;0;2;1;0;0;0;0;0;1;0;0;-38,558276;-3,821079
290640;25;7;2016;13:00;5709;AV DES GONZAGA;AV OLIVEIRA PAIVA;;;;Colisão Lateral;Luz do Dia;Bom;Seca;Cruz;Semáforo;Comercial;0;0;2;1;0;0;0;0;0;0;0;0;-38,499953;-3,797165
290643;25;7;2016;10:00;0;AV CHANC EDSON QUEIROZ;;;25;;Choque c/ Obstáculo Fixo;Luz do Dia;Bom;Seca;;;;1;0;0;0;0;0;0;0;0;1;0;0;-38,561871;-3,834275
295457;25;7;2016;01:03;0;RUA ADOLFO MARINHO (VILA VELHA);;;;;Queda;;;;Meio de Quadra;;;0;1;0;0;0;1;0;0;0;0;0;0;;
295463;25;7;2016;02:45;0;RUA OSCAR ARARIPE;;;2096;;Atropelamento;;;;Meio de Quadra;;;0;1;1;0;0;0;0;0;0;1;0;0;-38,609894;-3,787802
295475;25;7;2016;03:42;0;RUA RAIMUNDO PINHEIRO;;;114;;Colisão;;;;Meio de Quadra;;;0;1;0;1;0;0;0;0;0;1;0;0;;
295507;25;7;2016;09:00;0;AV PERIMETRAL;;;;;Colisão;Luz do Dia;;;Meio de Quadra;;;0;1;0;1;0;0;0;0;0;1;0;0;;
295498;25;7;2016;06:32;0;RUA GONTRAN GIFFONI;;;390;;Queda;Luz do Dia;;;Meio de Quadra;;;0;1;0;0;0;0;0;0;0;1;0;0;-38,493948;-3,767026
295501;25;7;2016;06:48;0;AV RAD JOSE LIMA VERDE;;;1490;;Colisão;Luz do Dia;;;Meio de Quadra;;;0;1;0;0;0;0;0;0;0;0;0;0;;
295503;25;7;2016;08:22;0;AV JOR JOAO RAMOS;;;1490;;Colisão;Luz do Dia;;;Meio de Quadra;;;0;1;0;0;0;0;0;0;0;1;0;0;-38,570392;-3,842682
295504;25;7;2016;08:44;25153;RUA ANTONIO COSTA MENDES;RUA RAIMUNDO NERY;;;;Queda;Luz do Dia;;;Cruz;Pare;Residencial;0;1;0;0;0;0;0;0;0;1;0;0;;
295543;25;7;2016;10:34;13430;RUA ADOLFO SIQUEIRA;RUA JOAO CORDEIRO;;;;Colisão;Luz do Dia;;;Cruz;Pare;Residencial;0;1;0;1;0;0;0;0;0;1;0;0;-38,518694;-3,742579
295516;25;7;2016;09:22;0;AV EDILSON B SOARES;;;1410;;Colisão;Luz do Dia;;;Meio de Quadra;;;0;1;0;1;0;0;0;0;0;1;0;0;-38,473352;-3,788828
295517;25;7;2016;09:33;6584;AV H CJ CEARA;AV J CJ CEARA;;;;Colisão;Luz do Dia;;;Cruz;Outros;Residencial;0;1;0;1;0;0;0;0;0;1;0;0;-38,621543;-3,777092
295518;25;7;2016;09:44;0;AV DR SILAS MUNGUBA;;;2686;;Colisão;Luz do Dia;;;Meio de Quadra;;;0;1;0;1;0;0;0;0;0;0;0;0;-38,549737;-3,786619
295519;25;7;2016;10:21;0;RUA ROSANA REIS;;;42;;Colisão;Luz do Dia;;;Meio de Quadra;;;0;1;0;1;0;0;0;0;0;0;0;0;;
295520;25;7;2016;10:22;0;RUA PAULO FIRMEZA;;;1212;;Queda;Luz do Dia;;;Meio de Quadra;;;0;1;0;0;0;0;0;0;0;1;0;0;;
295585;25;7;2016;11:45;0;AV WASHINGTON SOARES;;;5459;;Colisão;Luz do Dia;;;Meio de Quadra;;;0;1;0;1;0;0;0;0;0;1;0;0;-38,479056;-3,807088
295596;25;7;2016;11:49;25678;AV SORIANO ALBUQUERQUE;RUA ANTONIO AUGUSTO;;;;Colisão;Luz do Dia;;;T;;Comercial;0;1;0;1;0;0;0;0;0;1;0;0;-38,518931;-3,747925
295599;25;7;2016;11:56;0;AV SORIANO ALBUQUERQUE;;;318;;Colisão;Luz do Dia;;;Meio de Quadra;;;0;1;0;1;0;0;0;0;0;1;0;0;;
295605;25;7;2016;12:11;0;ET PICI;;;101;;Colisão Frontal;Luz do Dia;Bom;Seca;Meio de Quadra;Gesto;Residencial;0;2;2;1;0;0;0;0;0;1;0;0;;
295616;25;7;2016;12:32;7990;RUA JOAO SORONGO;RUA CARLOS CAMARA;;;;Colisão;Luz do Dia;;;Cruz;Pare;Comercial;0;1;0;1;0;0;0;0;0;1;0;0;-38,545224;-3,749406
295642;25;7;2016;13:55;0;AV DR SILAS MUNGUBA;;;3184;;Engavetamento;Via Iluminada;Bom;Seca;Meio de Quadra;Não Há Controle;Comercial;0;1;4;1;1;0;0;0;0;1;0;0;-38,544447;-3,788945
295912;25;7;2016;23:14;0;AV PRS COSTA E SILVA;;;;;Colisão;;;;Meio de Quadra;;;0;1;0;0;0;0;0;0;0;0;0;0;;
295830;25;7;2016;17:42;0;AV DR SILAS MUNGUBA;;;3323;;Engavetamento;Anoitecer;;;Meio de Quadra;;;0;1;0;0;0;0;0;0;0;1;0;0;-38,544071;-3,789091
295833;25;7;2016;17:56;0;AV 13 DE MAIO;;;2991;;Colisão;Anoitecer;;;Meio de Quadra;;;0;2;0;1;0;0;0;0;0;1;0;0;-38,54123;-3,739153
295816;25;7;2016;17:40;0;RUA QUEIROZ RIBEIRO;;;1026;;Colisão;Anoitecer;;;Meio de Quadra;;;0;1;0;1;0;0;0;0;0;1;0;0;-38,548498;-3,766036
295802;25;7;2016;17:18;0;AV AGUANAMBI;;;1715;;Colisão Lateral;Via Iluminada;Bom;Seca;Meio de Quadra;Não Há Controle;Comercial;0;1;1;1;0;0;0;0;0;1;0;0;-38,523402;-3,751993
295791;25;7;2016;17:17;17399;RUA ISAIE BORIS;RUA PERU;;;;Colisão;Anoitecer;;;Cruz;Semáforo;Comercial;0;1;0;1;0;0;0;0;0;1;0;0;-38,549634;-3,767501
295784;25;7;2016;17:04;0;RUA PERU;;;505;;Colisão;Anoitecer;;;Meio de Quadra;;;0;1;0;1;0;0;0;0;0;1;0;0;;
295789;25;7;2016;17:11;0;AV DR SILAS MUNGUBA;;;894;;Colisão;Anoitecer;;;Meio de Quadra;;;0;1;0;1;0;0;0;0;0;1;0;0;-38,557835;-3,781071
295773;25;7;2016;16:49;26246;RUA JOSE ABILIO;RUA ANTONIO NERY;;;;Colisão;Luz do Dia;;;;;;0;2;0;0;0;0;0;0;0;0;0;0;;
295732;25;7;2016;16:19;0;AV BEZERRA DE MENEZES;;;;;Colisão;Luz do Dia;;;Meio de Quadra;;;0;0;1;0;0;0;0;0;0;0;0;0;;
295723;25;7;2016;14:36;0;AV DES FAUSTINO ALBUQUERQUE;;;;;Colisão;Luz do Dia;;;Meio de Quadra;;;0;1;0;1;0;0;0;0;0;1;0;0;;
295703;25;7;2016;14:20;0;RUA PAULINO ROCHA D32;;;;;Colisão;Luz do Dia;;;Meio de Quadra;;;0;1;0;1;0;0;0;0;0;1;0;0;;
296256;25;7;2016;23:34;0;RD BR 116;;;;;Queda;;;;Meio de Quadra;;;0;1;0;0;0;0;0;0;0;1;0;0;;
296236;25;7;2016;18:27;0;AV CEL CARVALHO;;;;;Colisão;Anoitecer;;;Meio de Quadra;;;0;1;0;1;0;0;0;0;0;1;0;0;;
296246;25;7;2016;18:39;0;RUA FAUSTO CABRAL;;;835;;Colisão Traseira;Via Iluminada;Bom;Seca;Não Informado;Semáforo;Residencial;0;2;2;1;0;0;0;0;0;1;0;0;-38,474535;-3,734217
296248;25;7;2016;18:41;7875;AV PONTES VIEIRA;AV SEN VIRGILIO TAVORA;;;;Colisão;;;;Cruz;Semáforo Intermitente;Residencial;0;1;0;1;0;0;0;0;0;1;0;0;-38,497652;-3,750886
296250;25;7;2016;19:55;24915;AV DA INDEPENDENCIA;RUA ANTONIO ARRUDA;;;;Colisão;;;;T;Pare;Misto;0;1;0;0;0;0;0;0;0;0;0;0;-38,595586;-3,725549
296251;25;7;2016;20:19;0;RUA TEODOMIRO DE CASTRO;;;6356;;Colisão;;;;Meio de Quadra;;;0;1;0;0;0;0;0;0;0;0;0;0;-38,577157;-3,716706
296253;25;7;2016;21:20;0;RUA DIAMANTE (MONDUBIM);;;105;;Colisão;;;;Meio de Quadra;;;0;1;0;1;0;0;0;0;0;1;0;0;;
296254;25;7;2016;22:52;0;AV SEN FERNANDES TAVORA;;;;;Colisão;;;;Meio de Quadra;;;0;1;0;1;0;0;0;0;0;1;0;0;;
301336;25;7;2016;12:29;0;AV GOV RAUL BARBOSA;;;4262;;Colisão Lateral;Luz do Dia;Bom;Seca;Meio de Quadra;Não Há Controle;Comercial;0;0;2;1;0;0;0;0;0;0;0;0;-38,507689;-3,761633
301337;25;7;2016;13:09;7714;AV CARNEIRO DE MENDONCA;RUA CORREIA LIMA D39;;0;;Colisão Traseira;Luz do Dia;Bom;Seca;T;Não Há Controle;Comercial;0;0;2;1;0;0;0;0;0;0;0;0;-38,563013;-3,765889
301338;25;7;2016;13:12;7790;AV PONTES VIEIRA;AV DES MOREIRA;;0;;Engavetamento;Luz do Dia;Bom;Seca;Meio de Quadra;Semáforo;Comercial;0;0;3;1;0;0;0;0;0;0;0;0;-38,503254;-3,751526
301339;25;7;2016;11:15;0;RUA TEN JURANDIR ALENCAR;;;250;;Colisão Lateral;Luz do Dia;Bom;Seca;Meio de Quadra;Não Há Controle;Comercial;0;0;2;1;0;0;0;0;0;0;0;0;-38,49301;-3,831765
301340;25;7;2016;13:30;26200;RUA DR ADJEMIR PARAHYBA;RUA ELISEU UCHOA BECCO;;0;;Colisão Transversal;Luz do Dia;Bom;Seca;T;Não Há Controle;Residencial;0;0;2;1;0;0;0;0;0;0;0;0;-38,486297;-3,761212
301341;25;7;2016;14:18;1273;AV SANTOS DUMONT;RUA DR JOSE LOURENCO;;0;;Colisão Transversal;Luz do Dia;Bom;Seca;Cruz;Pare;Comercial;0;0;2;1;0;0;0;0;0;0;0;0;-38,50738;-3,733299
301342;25;7;2016;14:25;5383;AV DUQ CAXIAS;RUA MAJ FACUNDO;;0;;Colisão Traseira;Luz do Dia;Bom;Seca;Cruz;Semáforo;Comercial;0;0;2;1;1;0;0;0;0;0;0;0;-38,529285;-3,731981
301343;25;7;2016;16:57;0;AV EDILSON B SOARES;;;1555;;Colisão Lateral;Luz do Dia;Bom;Seca;T;Não Há Controle;Comercial;0;0;2;1;0;0;0;0;0;0;0;0;-38,47209;-3,788727
301344;25;7;2016;18:29;0;RUA DR JOAQUIM BENTO;;;817;;Colisão Transversal;Anoitecer;Bom;Seca;Outros;Não Há Controle;Comercial;0;0;2;1;0;0;0;0;0;0;0;0;-38,484333;-3,828298
301345;25;7;2016;15:48;0;RUA DOM PEDRO II;RUA EDUARDO PERDIGAO;;0;;Colisão Transversal;Luz do Dia;Bom;Seca;Duplo T;Pare;Comercial;0;0;2;1;1;0;0;0;0;0;0;0;;
301346;25;7;2016;20:39;0;RUA DEMETRIO MENEZES;;;3548;;Engavetamento;Via Iluminada;Bom;Seca;Meio de Quadra;Semáforo;Comercial;0;0;3;1;0;0;0;0;0;0;0;0;-38,584248;-3,734445
301347;25;7;2016;20:51;1381;RUA ILDEFONSO ALBANO;AV HERACLITO GRACA;;0;;Colisão Traseira;Via Iluminada;Bom;Seca;Cruz;Semáforo;Comercial;0;0;2;1;0;0;0;0;0;0;0;0;;
301354;25;7;2016;18:50;17347;RUA ALBERTO MAGNO;RUA IRM BAZET;;0;;Colisão Transversal;Anoitecer;Bom;Seca;Cruz;Pare;Comercial;0;2;1;1;0;0;0;0;0;1;0;0;-38,550525;-3,765502
288488;25;7;2016;19:00;0;RD BR 020;;;900;KM 426;Outros;;Bom;Seca;Meio de Quadra;;;0;0;1;1;0;0;0;0;0;0;0;0;;
288304;26;7;2016;10:40;0;RD BR 116;;;0;KM-07;Outros;Luz do Dia;Bom;Seca;Meio de Quadra;;Rural;0;1;1;0;0;0;0;0;0;1;0;0;-38,50135403;-3,814567428
288311;26;7;2016;20:50;0;RD BR 116;;;0;KM-04;Atropelamento;;Bom;Seca;Meio de Quadra;;;0;1;2;1;0;0;0;0;0;0;0;0;-38,51003863;-3,789525584
288306;26;7;2016;11:30;0;RD BR 116;;;0;KM-06;Colisão Transversal;Luz do Dia;Bom;Seca;Meio de Quadra;;;0;0;2;0;1;0;0;0;0;0;0;0;-38,50238198;-3,805924279
281595;26;7;2016;12:25;1378;RUA OSVALDO CRUZ (ALDEOTA);RUA DES LEITE ALBUQUERQUE;;;;Colisão Transversal;Luz do Dia;Bom;Seca;Cruz;Pare;Comercial;0;0;2;1;0;0;0;0;0;0;0;0;-38,50064;-3,736598
301355;26;7;2016;19:00;0;AV ANTONIO SALES;;;3210;;Colisão Traseira;Anoitecer;Bom;Seca;Meio de Quadra;Não Há Controle;Comercial;0;0;2;1;0;0;0;0;0;0;0;0;-38,495456;-3,74761
301356;26;7;2016;19:00;0;RUA LUCIANO ALVES;;;3199;;Atropelamento;Via Iluminada;Bom;Seca;Meio de Quadra;Não Há Controle;Residencial;0;3;1;1;0;0;0;0;0;0;0;0;;
301357;26;7;2016;21:18;0;RUA ALMEIDA PRADO;;;0;;Colisão Traseira;Anoitecer;Bom;Seca;Meio de Quadra;Não Há Controle;Residencial;0;0;2;1;0;0;0;0;0;0;0;0;;
301358;26;7;2016;21:39;10681;RUA FIRMINO ROCHA AGUIAR;AV MIGUEL DIAS;;0;;Colisão Transversal;Via Iluminada;Bom;Seca;Rotatória;Não Há Controle;Comercial;0;1;1;1;0;0;0;0;0;0;0;0;-38,487708;-3,763517