COD_ACIDENTE;DIA;MES;ANO;HORA;INTERSECAO;LOG1;LOG2;LOG3;NUMERO;REFERENCIA;NATUREZA;ILUMINACAO;TEMPO;SUPERFICIEPISTA;TIPOCRUZAMENTO;CONTROLETRAFEGO;USOSOLO;MORTOS;FERIDOS;ILESOS;AUTOMOVEL;ONIBUS;BICICLETA;CAMINHAO;MICROONIBUS;CICLOMOTOR;MOTOCICLETA;TRACAOANIMAL;TREM;LONG;LAT
301365;26;7;2016;15:18;0;RUA BENI DE CARVALHO;;;481;;Colisão Traseira;Luz do Dia;Bom;Seca;Cruz;Semáforo;Residencial;0;0;2;1;0;0;0;0;0;0;0;0;-38,496717;-3,745443
301348;26;7;2016;14:17;0;AV ENG SANTANA JUNIOR;;;3000;;Colisão Traseira;Luz do Dia;Bom;Seca;Meio de Quadra;Não Há Controle;Comercial;0;0;2;1;0;0;0;0;0;1;0;0;-38,489665;-3,747575
301349;26;7;2016;14:45;8050;AV JOAO PESSOA;RUA DONDON FEITOSA;;0;;Colisão Lateral;Luz do Dia;Bom;Seca;T;Não Há Controle;Residencial;0;1;1;1;0;0;0;0;0;1;0;0;-38,551359;-3,754529
301350;26;7;2016;16:19;13376;RUA JOAO BRIGIDO;RUA GONCALVES LEDO;;0;;Colisão Lateral;Luz do Dia;Bom;Seca;Cruz;Pare;Residencial;0;0;2;1;0;0;0;0;0;0;0;0;-38,518955;-3,739611
301351;26;7;2016;16:00;0;AV PRS CASTELO BRANCO;;;5427;;Engavetamento;Luz do Dia;Bom;Seca;Meio de Quadra;Semáforo;Comercial;0;0;3;1;0;0;0;0;0;0;0;0;-38,579116;-3,704082
301352;26;7;2016;18:21;20042;AV ALBERTO CRAVEIRO;AV DR SILAS MUNGUBA;;0;;Colisão Lateral;Via Iluminada;Bom;Seca;Rotatória;Pare;Residencial;0;0;2;1;0;0;0;0;0;0;0;0;-38,524782;-3,807229
301353;26;7;2016;17:40;5307;RUA PRC ISABEL;AV DUQ CAXIAS;;0;;Colisão Transversal;Anoitecer;Bom;Seca;Cruz;Semáforo;Comercial;0;0;1;1;0;0;0;0;0;0;0;0;-38,536407;-3,729687
296285;26;7;2016;01:50;0;RUA ALBERTO MAGNO;;;1750;;Colisão;;;;Meio de Quadra;;;0;1;0;1;0;0;0;0;0;1;0;0;-38,552806;-3,768899
296286;26;7;2016;04:30;0;RUA CON DE CASTRO;;;956;;Queda;;;;Meio de Quadra;;;0;1;0;0;0;0;0;0;0;1;0;0;-38,570245;-3,781544
296287;26;7;2016;06:36;12550;AV MAJ ASSIS;AV HILDEBRANDO DE MELO;;;;Colisão;Luz do Dia;;;Cruz;Pare;Residencial;0;1;0;1;0;0;0;0;0;1;0;0;-38,589101;-3,723609
296290;26;7;2016;09:29;0;AV DR SILAS MUNGUBA;;;3489;;Colisão Traseira;Luz do Dia;Bom;Seca;Meio de Quadra;Não Há Controle;Comercial;0;2;2;1;0;0;0;0;0;1;0;0;-38,542434;-3,78966
296291;26;7;2016;09:33;2769;RUA OSCAR FRANCA;RUA RAIMUNDO PINHEIRO;;;;Colisão;Luz do Dia;;;Cruz;Pare;Residencial;0;1;0;1;0;0;0;0;0;1;0;0;-38,598091;-3,792414
296293;26;7;2016;09:42;0;AV JOR THOMAZ COELHO;;;609;;Colisão Traseira;Luz do Dia;Bom;Seca;Meio de Quadra;Não Há Controle;Comercial;0;2;1;1;0;0;0;0;0;1;0;0;-38,501413;-3,832202
296064;26;7;2016;13:37;0;RUA PEDRO SAMPAIO;;;845;;Colisão;Luz do Dia;;;Meio de Quadra;;;0;1;0;1;0;0;0;0;0;1;0;0;;
296060;26;7;2016;11:55;0;RUA GERMANO FRANCK;;;395;;Colisão;Luz do Dia;;;Meio de Quadra;;;0;1;0;1;0;0;0;0;0;1;0;0;-38,560581;-3,776027
296033;26;7;2016;10:37;0;RUA BOM JESUS (BARRA DO CEARA);;;1639;;Colisão;Luz do Dia;;;Meio de Quadra;;;0;1;0;1;0;0;0;0;0;1;0;0;;
296025;26;7;2016;08:10;19712;AV BEZERRA DE MENEZES;RUA JOSE PONTES;;;;Colisão Lateral;Luz do Dia;Bom;Seca;T;Pare;Comercial;0;2;2;1;0;0;0;0;0;1;0;0;-38,568324;-3,736463
295945;26;7;2016;05:41;3820;AV 13 DE MAIO;AV CARAPINIMA;;;;Colisão Transversal;Amanhecer;Bom;Seca;Cruz;Semáforo;Residencial;0;0;4;0;0;0;0;0;0;0;0;0;-38,540239;-3,740001
296315;26;7;2016;13:04;0;RUA FERREIRA DOS SANTOS;;;298;;Colisão;Luz do Dia;;;Meio de Quadra;;;0;1;0;1;0;0;0;0;0;1;0;0;;
296316;26;7;2016;14:10;0;AV GODOFREDO MACIEL;;;;;Colisão;Luz do Dia;;;Meio de Quadra;;;0;1;0;1;0;0;0;0;0;1;0;0;;
296317;26;7;2016;14:28;15738;RUA INACIO ORIA;RUA JOSE BELCHIOR;;;;Colisão;Luz do Dia;;;Cruz;Pare;Residencial;0;2;0;0;0;0;0;0;0;0;0;0;-38,483978;-3,828791
296311;26;7;2016;12:12;0;RUA CAIO CID;;;275;;Queda;Luz do Dia;;;Meio de Quadra;;;0;1;0;0;0;1;0;0;0;0;0;0;-38,484536;-3,773032
296327;26;7;2016;14:36;0;AV CARNEIRO DE MENDONCA;;;1088;;Atropelamento;Luz do Dia;;;Meio de Quadra;;;0;1;0;0;0;0;0;0;0;0;0;0;-38,568784;-3,763017
296305;26;7;2016;12:10;19037;AV ENG LUIS VIEIRA;RUA CEL JOSE AURELIO CAMARA;;;;Colisão;Luz do Dia;;;;;;0;1;0;0;0;0;0;0;0;0;0;0;-38,469684;-3,73553
296295;26;7;2016;09:51;0;RUA FIRMINDO ANANIAS CARDOSO;;;606;;Colisão;Luz do Dia;;;Meio de Quadra;;;0;1;0;1;0;0;0;0;0;1;0;0;;
296297;26;7;2016;10:23;0;RUA MON JOAO LUIS SANTIAGO;;;763;;Queda;Luz do Dia;;;Meio de Quadra;;;0;1;0;0;0;0;0;0;0;1;0;0;;
296299;26;7;2016;11:11;0;RUA PORTO ALEGRE;;;418;;Colisão;Luz do Dia;;;Meio de Quadra;;;0;2;0;0;0;0;0;0;0;1;0;0;-38,582631;-3,764499
296301;26;7;2016;11:40;3996;RUA PRO COSTA MENDES;RUA EDITE BRAGA;;;;Colisão;Luz do Dia;;;Cruz;Pare;Outros;0;1;0;1;0;0;0;0;0;1;0;0;-38,544275;-3,756932
296330;26;7;2016;15:12;0;AV PLACIDO CASTELO;;;;;Queda;Luz do Dia;;;Meio de Quadra;;;0;1;0;0;0;0;0;0;0;1;0;0;;
296331;26;7;2016;16:10;0;AV CEL CARVALHO;;;2570;;Colisão;Luz do Dia;;;Meio de Quadra;;;0;1;0;0;0;0;0;0;0;0;0;0;-38,585839;-3,725303
296332;26;7;2016;17:09;0;AV PERIMETRAL;;;3169;;Colisão;Anoitecer;;;Meio de Quadra;;;0;1;0;0;0;0;0;0;0;1;0;0;;
296353;26;7;2016;18:01;0;RUA MARIA GOMES DE SA;;;;;Colisão;Anoitecer;;;Meio de Quadra;;;0;1;0;1;0;0;0;0;0;1;0;0;;
296354;26;7;2016;19:42;0;RUA BERNARDO MANUEL;;;9360;;Colisão Traseira;Via Iluminada;Bom;Seca;Meio de Quadra;Semáforo;Residencial;0;1;4;1;0;0;0;0;0;1;0;0;-38,552393;-3,801985
296364;26;7;2016;19:45;0;RUA MENDES GUIMARAES;;;125;;Queda;;;;Meio de Quadra;;;0;1;0;0;0;1;0;0;0;0;0;0;-38,571217;-3,736238
296367;26;7;2016;21:41;15120;RUA ANTONIO AUGUSTO;RUA DR ATUALPA BARBOSA LIMA (P. IRACEMA);;;;Colisão Transversal;Via Iluminada;Bom;Seca;Cruz;Pare;Comercial;0;1;3;0;0;0;0;0;0;1;0;0;-38,511198;-3,723259
296368;26;7;2016;21:53;0;RUA 26 BATALHAO;;;291;;Colisão;;;;Meio de Quadra;;;0;1;0;1;0;0;0;0;0;1;0;0;;
296379;26;7;2016;22:18;0;RUA PRO GOMES BRASIL;;;;;Queda;;;;Meio de Quadra;;;0;1;0;0;0;0;0;0;0;1;0;0;;
296382;26;7;2016;23:32;0;RUA SGT JOAO PINHEIRO;;;;;;;;;Meio de Quadra;;;0;1;0;0;0;0;0;0;0;0;0;0;;
296313;26;7;2016;12:55;18755;AV B CJ HAB ST SAO JOAO;RUA 35 CJ HAB ST S JOAO;;;;Colisão;Luz do Dia;;;Cruz;Pare;Residencial;0;1;0;1;0;0;0;0;0;1;0;0;-38,517948;-3,847111
290586;26;7;2016;11:00;0;AV DES FLORIANO BENEVIDES;;;;FORUM CLOVIS BEVILAQUA;Colisão Lateral;Luz do Dia;Bom;Seca;Meio de Quadra;Não Há Controle;Comercial;0;0;2;1;0;0;0;0;0;1;0;0;;
290588;26;7;2016;22:45;5395;RUA ANTONIO POMPEU;RUA TEREZA CRISTINA;;;;Colisão Transversal;Via Iluminada;Bom;Seca;Cruz;Pare;Residencial;0;0;2;0;1;0;0;0;0;0;0;0;-38,538356;-3,73234
290569;26;7;2016;15:45;1563;RUA VICENTE LINHARES;RUA VIS MAUA;;;;Colisão Transversal;Luz do Dia;Bom;Seca;Cruz;Pare;Comercial;0;0;2;1;0;0;0;0;0;0;0;0;-38,501243;-3,741828
290571;26;7;2016;18:30;0;AV RUI BARBOSA;;;1970;;Colisão Traseira;Via Iluminada;Bom;Seca;Meio de Quadra;Não Há Controle;Residencial;0;0;2;1;0;0;0;0;0;0;0;0;-38,510778;-3,740174
290574;26;7;2016;18:35;0;AV ALBERTO CRAVEIRO;;;2770;CASTELAO;Colisão Traseira;Anoitecer;Bom;Seca;Meio de Quadra;Dê Preferência;Comercial;0;0;2;0;0;0;0;0;0;1;0;0;-38,523255;-3,805335
290583;26;7;2016;14:40;0;RUA DES LEITE ALBUQUERQUE;;;833;;Colisão Transversal;Luz do Dia;Bom;Seca;Meio de Quadra;Não Há Controle;Comercial;0;0;2;1;0;0;0;0;0;0;0;0;-38,497609;-3,737566
290584;26;7;2016;15:00;0;AV 13 DE MAIO;;;;;Colisão Transversal;Luz do Dia;Bom;Seca;Meio de Quadra;Semáforo;Comercial;0;0;2;1;1;0;0;0;0;0;0;0;;
290580;26;7;2016;09:00;2769;RUA OSCAR FRANCA;RUA RAIMUNDO PINHEIRO;;;;Colisão Transversal;Luz do Dia;Bom;Seca;Cruz;Pare;Residencial;0;1;1;1;0;0;0;0;0;1;0;0;-38,598091;-3,792414
290577;26;7;2016;07:30;12550;AV MAJ ASSIS;AV HILDEBRANDO DE MELO;;;;Colisão Transversal;Luz do Dia;Bom;Seca;Cruz;Pare;Residencial;0;1;1;1;0;0;0;0;0;1;0;0;-38,589101;-3,723609
290554;26;7;2016;11:20;5366;AV DUQ CAXIAS;RUA SEN POMPEU;;;;Atropelamento;Luz do Dia;Bom;Seca;Cruz;Semáforo;Comercial;0;1;1;0;0;0;0;0;0;1;0;0;-38,530994;-3,73143
290551;26;7;2016;10:15;24990;AV PRS JUSCELINO KUBITSCHEK (PASSARÉ);AV PRS COSTA E SILVA;;;;Colisão Lateral;Luz do Dia;Bom;Seca;T;Semáforo;Outros;0;0;2;0;0;0;1;0;0;0;0;0;-38,539516;-3,825648
290563;26;7;2016;17:15;0;AV ALBERTO CRAVEIRO;;;2770;CASTELAO;Colisão Traseira;Anoitecer;Bom;Seca;Meio de Quadra;Dê Preferência;Comercial;0;0;2;1;0;0;0;0;0;1;0;0;-38,523255;-3,805335
290565;26;7;2016;16:30;15835;RUA MANUEL CASTELO BRANCO;RUA CEL DIONISIO ALENCAR;;;;Colisão Transversal;Luz do Dia;Bom;Seca;Cruz;Não Há Controle;Comercial;0;1;1;1;0;0;0;0;0;1;0;0;-38,488281;-3,832973
290587;27;7;2016;10:30;12666;AV CEL CARVALHO;RUA ROSINHA SAMPAIO;;;;Colisão Transversal;;Bom;;Cruz;;Comercial;0;1;1;0;0;0;0;0;0;1;0;0;-38,585413;-3,726938
290590;27;7;2016;11:43;5425;AV HERACLITO GRACA;RUA VINTE E CINCO DE MARCO;;;;Colisão Lateral;Amanhecer;Bom;Seca;Outros;Não Há Controle;Comercial;0;0;2;1;0;0;0;0;0;0;0;0;-38,523905;-3,733706
290591;27;7;2016;11:43;15317;RUA NUNES VALENTE;RUA TEN BENEVOLO;;;;Colisão Transversal;Luz do Dia;Bom;Seca;Cruz;Pare;Comercial;0;1;4;1;0;0;0;0;0;1;0;0;-38,501859;-3,730365
290592;27;7;2016;19:40;0;AV BEZERRA DE MENEZES;;;479;;Atropelamento;Luz do Dia;Bom;Seca;Meio de Quadra;Não Há Controle;Comercial;0;1;1;0;0;0;0;0;0;1;0;0;-38,548985;-3,732462
290600;27;7;2016;06:40;0;AV N CJ JOSE WALTER;;;1631;;Colisão Transversal;Luz do Dia;Bom;Seca;Meio de Quadra;Outros;Comercial;0;0;2;1;0;0;0;0;0;0;0;0;;
290601;27;7;2016;15:53;6801;RUA PRO OTAVIO LOBO;RUA ANDRADE FURTADO;;;;Colisão Transversal;Luz do Dia;Bom;Seca;Cruz;Semáforo;Residencial;0;0;2;1;0;0;0;0;0;0;0;0;-38,479651;-3,74575
290598;27;7;2016;06:30;7990;RUA CARLOS CAMARA;RUA JOAO SORONGO;;;;Colisão Transversal;Luz do Dia;Bom;Seca;Cruz;Pare;Comercial;0;1;1;1;0;0;0;0;0;1;0;0;-38,545224;-3,749406
290611;27;7;2016;18:30;0;RUA BAR SOBRAL;;;342;;Colisão Traseira;Via Iluminada;Bom;Seca;Meio de Quadra;Semáforo;Comercial;0;0;2;1;0;0;0;1;0;0;0;0;-38,552237;-3,768088
290612;27;7;2016;12:00;23009;RUA BRUNO VALENTE;RUA ANITA GARIBALDI;;;;Colisão Transversal;Luz do Dia;Bom;Seca;Cruz;Pare;Residencial;0;0;2;1;0;0;0;0;0;0;0;0;-38,539228;-3,788221
290616;27;7;2016;16:00;7650;AV CARNEIRO DE MENDONCA;RUA BELO HORIZONTE;;;;Colisão Transversal;Luz do Dia;Bom;Seca;Cruz;Não Há Controle;Comercial;0;0;2;0;0;0;0;0;0;1;0;0;-38,567567;-3,763666
290618;27;7;2016;14:00;0;RUA LAURO MAIA;;;684;;Colisão Lateral;;Bom;Seca;Meio de Quadra;Não Há Controle;Residencial;0;0;2;1;0;0;0;0;0;0;0;0;-38,522978;-3,746814
290603;27;7;2016;08:57;348;RUA CESAR FONTENELE;RUA PRO LINO ENCARNACAO;;;;Colisão Lateral;Luz do Dia;Bom;Seca;Cruz;Pare;Residencial;0;0;2;1;0;0;0;0;0;0;0;0;-38,559596;-3,746359
290604;27;7;2016;13:50;6817;RUA BENTO ALBUQUERQUE;RUA FRANCISCO MATOS;;;;Colisão Lateral;Luz do Dia;Bom;;Cruz;Pare;Residencial;0;0;2;1;0;0;0;0;0;1;0;0;-38,470436;-3,747862
290606;27;7;2016;07:00;0;RUA ANTONIO AUGUSTO;;;1415;;Colisão Lateral;Luz do Dia;Bom;Seca;Meio de Quadra;Não Há Controle;Residencial;0;0;2;1;0;0;0;0;0;0;0;0;-38,514228;-3,732767
290607;27;7;2016;13:00;0;AV JOAO DE ARAUJO LIMA;;;2161;;Colisão Lateral;Luz do Dia;Bom;Seca;Meio de Quadra;Não Há Controle;Residencial;0;1;1;0;0;0;1;0;0;1;0;0;-38,562347;-3,84106
290312;27;7;2016;15:00;0;AV SEN CARLOS JEREISSATI (AEROPORTO);;;;KM 01;Colisão;Luz do Dia;Bom;Seca;Meio de Quadra;;;0;0;2;1;0;0;0;0;0;1;0;0;-38,52685;-3,783753
290316;27;7;2016;19:00;0;RD CE-040;;;;KM-02;Colisão;;Bom;Seca;Meio de Quadra;;;0;0;2;1;0;0;0;0;0;0;0;0;-38,482583;-3,76465
292844;27;7;2016;18:20;0;RD CE-040;;;;KM-05;Colisão;Anoitecer;Bom;Seca;Meio de Quadra;;;0;0;2;1;0;0;0;0;0;1;0;0;-38,480331;-3,791613
296385;27;7;2016;06:06;7775;AV ANTONIO SALES;AV BAR STUDART;;;;Colisão;Luz do Dia;;;Cruz;Semáforo;Comercial;0;1;0;1;0;0;0;0;0;1;0;0;-38,509378;-3,743288
296388;27;7;2016;07:04;0;AV GAL OSORIO DE PAIVA;;;255;;Atropelamento;Luz do Dia;;;Meio de Quadra;;;0;1;0;1;0;0;0;0;0;0;0;0;-38,56539;-3,774696
296393;27;7;2016;07:13;7211;AV DR THEBERGE;AV PRS CASTELO BRANCO;;;;Colisão;Luz do Dia;;;Cruz;Semáforo;Residencial;0;1;0;1;0;0;0;0;0;1;0;0;-38,563456;-3,710079
296395;27;7;2016;08:33;0;AV DR THEBERGE;;;1980;;Colisão;Luz do Dia;;;Meio de Quadra;;;0;1;0;1;0;0;0;0;0;1;0;0;-38,566036;-3,717929
296412;27;7;2016;09:49;0;AV BEZERRA DE MENEZES;;;;;Colisão;Luz do Dia;;;Meio de Quadra;;;0;1;0;0;0;0;0;0;0;1;0;0;;
296427;27;7;2016;09:50;0;AV BEZERRA DE MENEZES;;;;;Atropelamento;Luz do Dia;;;Meio de Quadra;;;0;1;0;0;0;0;0;0;0;1;0;0;;
296434;27;7;2016;10:43;0;RUA ALVES BEZERRA;;;974;;Queda;Luz do Dia;;;Meio de Quadra;;;0;1;0;0;0;0;0;0;0;1;0;0;;
296459;27;7;2016;11:41;17297;AV PRO GOMES DE MATOS;RUA EDUARDO ANGELIM;;;;Colisão;Luz do Dia;;;Cruz;Pare;Comercial;0;1;0;1;0;0;0;0;0;1;0;0;-38,547809;-3,763719
296464;27;7;2016;12:04;0;AV DR SILAS MUNGUBA;;;4850;;Colisão Traseira;Luz do Dia;Bom;Seca;Meio de Quadra;Não Há Controle;Comercial;0;0;4;1;0;0;0;0;0;1;0;0;-38,53247;-3,795619
296506;27;7;2016;13:09;0;RUA TEN BENEVOLO;;;2187;;Colisão;Luz do Dia;;;Meio de Quadra;;;0;1;0;1;0;0;0;0;0;0;0;0;-38,501936;-3,730337
296517;27;7;2016;15:04;12925;AV DOMINGOS OLIMPIO;AV AGUANAMBI;;;;Atropelamento;Luz do Dia;;;;;;0;1;0;0;0;0;0;0;0;0;0;0;-38,524628;-3,738683
296527;27;7;2016;15:18;0;AV DR SILAS MUNGUBA;;;1001;;Colisão;Luz do Dia;;;Meio de Quadra;;;0;1;0;1;0;0;0;0;0;1;0;0;-38,556793;-3,781638
296532;27;7;2016;16:58;0;AV OLIVEIRA PAIVA;;;2579;;Atropelamento;Luz do Dia;;;Meio de Quadra;;;0;2;0;0;0;0;0;0;0;1;0;0;-38,483671;-3,796045
296535;27;7;2016;17:02;0;AV DR SILAS MUNGUBA;;;4850;;Colisão;Anoitecer;;;Meio de Quadra;;;0;0;1;0;0;0;0;0;0;0;0;0;-38,53247;-3,795619
296536;27;7;2016;17:50;0;AV BEZERRA DE MENEZES;;;2034;;Colisão;Anoitecer;;;Meio de Quadra;;;0;2;0;0;0;0;0;0;0;1;0;0;-38,56291;-3,73534
296556;27;7;2016;18:27;0;AV SEN FERNANDES TAVORA;;;;;Colisão;Anoitecer;;;Meio de Quadra;;;0;1;0;1;0;0;0;0;0;1;0;0;;
296557;27;7;2016;18:52;19436;RUA SEIXAS CORREIA;AV AUGUSTO DOS ANJOS;;;;Colisão;;;;Cruz;Semáforo;Comercial;0;1;0;1;0;0;0;0;0;1;0;0;-38,578496;-3,779412
296554;27;7;2016;18:12;0;RUA MARIO STUDART;;;424;;Colisão;Anoitecer;;;Meio de Quadra;;;0;1;0;1;0;0;0;0;0;1;0;0;-38,551822;-3,723364
296564;27;7;2016;19:06;5235;RUA PRC ISABEL;RUA PEDRO PEREIRA;;;;Colisão;;;;Cruz;Pare;Comercial;0;1;0;0;0;0;0;0;0;1;0;0;-38,535705;-3,727353
296596;27;7;2016;19:13;25003;AV DR THEBERGE;AV SGT HERMINIO SAMPAIO;;;;Queda;;;;Cruz;Semáforo;Misto;0;1;0;0;0;0;0;0;0;1;0;0;-38,569276;-3,727916
296090;27;7;2016;17:55;7816;RUA TIBURCIO CAVALCANTE;RUA MARCONDES PEREIRA;;;;Colisão;Anoitecer;;;Cruz;Pare;Residencial;0;1;0;1;0;0;0;0;0;1;0;0;-38,506903;-3,749447
296082;27;7;2016;07:23;7181;AV PRS CASTELO BRANCO;RUA TOMAS GONZAGA;;;;Atropelamento;Luz do Dia;;;T;Pare;Misto;0;1;0;0;0;0;0;0;0;1;0;0;-38,567577;-3,708698
296643;27;7;2016;20:44;5442;RUA GAL CLARINDO DE QUEIROZ;AV VIS RIO BRANCO;;;;Colisão;;;;Cruz;Semáforo;Comercial;0;1;0;1;0;0;0;0;0;1;0;0;-38,524385;-3,734584
296647;27;7;2016;21:12;17375;RUA RAUL CABRAL;RUA ALAN KARDEC;;;;Colisão;;;;;;;0;1;0;0;0;0;0;0;0;0;0;0;-38,547462;-3,766831
296656;27;7;2016;21:15;17375;AV JOSE DO PATROCINIO;RUA ALAN KARDEC;;;;Colisão;;;;;;;0;1;0;0;0;0;0;0;0;1;0;0;-38,547462;-3,766831
296676;27;7;2016;21:43;15280;RUA TEN BENEVOLO;RUA DR JOSE LOURENCO;;;;Colisão;;;;Cruz;Pare;Residencial;0;2;0;1;0;0;0;0;0;0;0;0;-38,50601;-3,729029
296680;27;7;2016;22:42;0;AV PRS CASTELO BRANCO;;;3334;;Colisão;;;;Meio de Quadra;;;0;1;0;0;0;0;0;0;0;0;0;0;-38,560809;-3,710547
296725;27;7;2016;23:25;0;RUA MANUEL CASTELO BRANCO;;;700;;Colisão;;;;Meio de Quadra;;;0;2;0;0;0;0;0;0;0;1;0;0;;
301366;27;7;2016;14:43;0;RUA FRANCISCA RANGEL;;;516;;Colisão Lateral;Luz do Dia;Bom;Seca;Meio de Quadra;Pare;Residencial;0;0;3;1;0;0;0;0;0;0;0;0;-38,558242;-3,739608
301367;27;7;2016;10:50;0;RUA DES LEITE ALBUQUERQUE;;;495;;Colisão Traseira;Luz do Dia;Bom;Seca;Meio de Quadra;Não Há Controle;Residencial;0;0;2;1;0;0;0;0;0;1;0;0;-38,500561;-3,736621
301369;27;7;2016;17:30;5303;AV SANTOS DUMONT;RUA DNA LEOPOLDINA;;0;;Colisão Lateral;Via Iluminada;Bom;Seca;T;Semáforo;Comercial;0;0;2;1;1;0;0;0;0;0;0;0;-38,519029;-3,729515
301370;27;7;2016;18:54;0;RUA CAROLINA SUCUPIRA;;;455;;Colisão Lateral;Anoitecer;Bom;Seca;Meio de Quadra;Não Há Controle;Residencial;0;0;2;1;0;0;0;0;0;0;0;0;-38,498863;-3,741542
301371;27;7;2016;21:34;0;AV ALBERTO NEPOMUCENO;;;71;;Colisão Lateral;Anoitecer;Bom;Seca;Meio de Quadra;Não Há Controle;Comercial;0;0;1;1;0;0;0;0;0;0;0;0;-38,523588;-3,721946
301359;27;7;2016;07:50;24307;RUA 8 DE SETEMBRO;RUA ALFREDO LADISLAU;;0;;Colisão Transversal;Luz do Dia;Bom;Seca;Cruz;Pare;Comercial;0;0;1;1;0;0;0;0;0;1;0;0;-38,486952;-3,73811
301360;27;7;2016;06:15;15347;AV DOM LUIS;RUA TIBURCIO CAVALCANTE;;0;;Colisão Lateral;Luz do Dia;Bom;Seca;T;Semáforo;Comercial;0;0;2;0;1;0;0;0;0;0;0;0;-38,501313;-3,732021
301361;27;7;2016;10:11;0;AV GOV RAUL BARBOSA;;;4289;;Colisão Lateral;Luz do Dia;Bom;Seca;Meio de Quadra;Não Há Controle;Comercial;0;0;2;0;0;0;0;1;0;0;0;0;;
301362;27;7;2016;12:04;0;AV PRS COSTA E SILVA;;;3601;;Colisão Traseira;Luz do Dia;Bom;Seca;Meio de Quadra;Semáforo;Residencial;0;0;2;1;0;0;0;0;0;0;0;0;;
301363;27;7;2016;11:00;0;RUA MARIANA P BANDEIRA;AV NORTE;;0;;Colisão Transversal;Luz do Dia;Bom;Seca;T;Pare;Residencial;0;2;0;1;0;0;0;0;0;0;0;0;;
301364;27;7;2016;14:05;0;RUA ANSELMO NOGUEIRA;;;276;;Colisão Traseira;Luz do Dia;Bom;Seca;Meio de Quadra;Não Há Controle;Residencial;0;0;2;1;0;0;0;0;0;0;0;0;-38,587039;-3,780566
288493;27;7;2016;08:20;0;RD BR 020;;;0;KM 427;Colisão Lateral;Luz do Dia;Bom;Seca;Meio de Quadra;;;0;1;1;0;0;0;0;0;0;1;0;0;;
288494;27;7;2016;17:10;0;RD BR 020;;;0;KM 425;Colisão Transversal;Anoitecer;Bom;Seca;Meio de Quadra;;;0;1;2;1;0;0;0;0;0;1;0;0;;
288330;28;7;2016;18:20;0;RD BR 116;;;0;KM-03;Colisão Traseira;Anoitecer;Bom;Seca;Meio de Quadra;;;0;1;1;1;0;0;0;0;0;1;0;0;-38,51386954;-3,781255671
288321;28;7;2016;07:00;0;RD BR 116;;;500;KM-01;Colisão Lateral;Luz do Dia;Bom;Seca;Meio de Quadra;;;0;1;1;0;0;0;0;0;1;0;0;0;-38,51861693;-3,7628504
303259;28;7;2016;17:55;0;AV ABOLICAO;;;3273;;Colisão Transversal;Via Iluminada;Bom;Seca;Meio de Quadra;Não Há Controle;Comercial;0;0;2;1;0;0;0;0;0;0;0;0;-38,49022;-3,726509
301372;28;7;2016;02:49;1475;AV SANTOS DUMONT;RUA FONSECA LOBO;;0;;Colisão Lateral;Via Iluminada;Bom;Seca;Cruz;Pare;Comercial;0;2;0;0;0;0;0;0;0;1;0;0;-38,489602;-3,739062
301373;28;7;2016;06:15;12068;AV MON AMARILIO RODRIGUES;AV CASTELO DE CASTRO;;0;;Colisão Lateral;Luz do Dia;Bom;Seca;Cruz;Semáforo;Comercial;0;0;2;1;0;0;0;0;0;0;0;0;-38,521635;-3,835217
301374;28;7;2016;10:50;15293;RUA TEN BENEVOLO;AV BAR STUDART;;0;;Colisão Traseira;Luz do Dia;Bom;Seca;Cruz;Semáforo;Comercial;0;0;2;1;1;0;0;0;0;0;0;0;-38,504908;-3,72939
301375;28;7;2016;09:30;0;AV JOSE BASTOS;;;2736;;Colisão Traseira;Luz do Dia;Bom;Seca;Meio de Quadra;Não Há Controle;Comercial;0;1;4;1;0;0;0;0;0;0;0;0;-38,54494;-3,744525
301376;28;7;2016;12:20;0;AV DUQ CAXIAS;;;1700;;Colisão Traseira;Luz do Dia;Bom;Seca;Meio de Quadra;Não Há Controle;Comercial;0;0;2;1;0;0;0;0;0;0;0;0;-38,539517;-3,728676
301377;28;7;2016;13:45;7694;RUA RIO GRANDE DO NORTE;RUA RIO GRANDE DO SUL;;0;;Colisão Transversal;Luz do Dia;Bom;Seca;Cruz;Pare;Residencial;0;0;2;1;0;0;0;0;0;0;0;0;-38,567559;-3,758617
301378;28;7;2016;14:58;25096;RUA ROCHA LIMA;RUA RODRIGUES JUNIOR;;0;;Colisão Transversal;Luz do Dia;Bom;Seca;Cruz;Pare;Comercial;0;0;2;1;1;0;0;0;0;1;0;0;-38,522475;-3,73632
301379;28;7;2016;16:21;25254;RUA JOAQUIM DE FIGUEIREDO FILHO;RUA CRISANTO M DA ROCHA;;0;;Colisão Transversal;Luz do Dia;Bom;Seca;Cruz;Pare;Residencial;0;1;1;1;0;0;0;0;0;1;0;0;;
301380;28;7;2016;15:40;0;RUA DR JOSE LOURENCO;;;117;;Colisão Frontal;Luz do Dia;Bom;Seca;Meio de Quadra;Não Há Controle;Residencial;0;0;2;1;0;0;0;0;0;0;0;0;;