COD_ACIDENTE;DIA;MES;ANO;HORA;INTERSECAO;LOG1;LOG2;LOG3;NUMERO;REFERENCIA;NATUREZA;ILUMINACAO;TEMPO;SUPERFICIEPISTA;TIPOCRUZAMENTO;CONTROLETRAFEGO;USOSOLO;MORTOS;FERIDOS;ILESOS;AUTOMOVEL;ONIBUS;BICICLETA;CAMINHAO;MICROONIBUS;CICLOMOTOR;MOTOCICLETA;TRACAOANIMAL;TREM;LONG;LAT
301381;28;7;2016;17:02;0;AV FRE CIRILO;;;0;;Colisão Traseira;Luz do Dia;Bom;Seca;Meio de Quadra;Semáforo;Comercial;0;0;2;1;0;0;0;0;0;1;0;0;;
301383;28;7;2016;15:45;0;RUA GERMANO FRANCK;RUA LIVINO DE CARVALHO;;0;;Colisão Transversal;Luz do Dia;Não Informado;Seca;T;Pare;Comercial;0;1;0;1;0;0;0;0;0;1;0;0;;
301384;28;7;2016;20:10;7957;AV PONTES VIEIRA;AV BAR STUDART;;0;;Colisão Transversal;Via Iluminada;Bom;Seca;T;Semáforo;Comercial;0;0;2;1;0;0;0;0;0;1;0;0;-38,512361;-3,75259
301385;28;7;2016;19:39;20230;RUA POMPILIO GOMES;RUA PRO MOREIRA DE SOUSA (PASSARE);;0;;Colisão Transversal;Via Iluminada;Bom;Seca;Cruz;Pare;Residencial;0;1;1;1;0;0;0;0;0;1;0;0;-38,520887;-3,8145
301387;28;7;2016;11:32;9081;AV AGUANAMBI;AV 13 DE MAIO;;0;;Colisão Transversal;Luz do Dia;Bom;Seca;Outros;Pare;Comercial;0;0;2;0;1;0;0;0;0;0;0;0;-38,523451;-3,753844
301401;28;7;2016;20:46;5075;RUA ALM JACEGUAI;RUA JOSE AVELINO;;0;;Colisão Transversal;Via Iluminada;Bom;Seca;Cruz;Pare;Lazer;0;1;1;1;0;1;0;0;0;0;0;0;-38,519311;-3,722395
296095;28;7;2016;06:50;5125;RUA RUFINO DE ALENCAR;AV ALBERTO NEPOMUCENO;;337;;Colisão Lateral;Luz do Dia;Bom;Seca;T;Semáforo;Comercial;0;0;3;0;1;0;0;0;0;0;0;0;-38,524811;-3,724108
296102;28;7;2016;17:10;0;AV SEN FERNANDES TAVORA;;;;;Colisão;Anoitecer;;;Meio de Quadra;;;0;1;0;1;0;0;0;0;0;1;0;0;;
290654;28;7;2016;08:55;0;AV BORGES DE MELO;;;855;;Colisão Lateral;Luz do Dia;Bom;Seca;Meio de Quadra;Semáforo;Comercial;0;0;2;1;0;0;1;0;0;0;0;0;-38,526672;-3,760622
290656;28;7;2016;20:00;8603;AV EDILSON B SOARES;RUA DR CORREIA LIMA;;;;Colisão Transversal;Via Iluminada;Bom;Seca;Cruz;Pare;Residencial;0;0;2;1;0;0;0;0;0;0;0;0;-38,459266;-3,787598
290661;28;7;2016;13:50;0;AV CEL CARVALHO;;;;;Colisão;Luz do Dia;Bom;Seca;Meio de Quadra;Não Há Controle;Residencial;0;0;2;1;1;0;0;0;0;0;0;0;;
290674;28;7;2016;08:00;1276;RUA CARLOS VASCONCELOS;RUA PDE LUIS FIGUEIRA;;;;Colisão Traseira;Luz do Dia;Bom;Seca;Outros;Outros;Residencial;0;0;2;1;0;0;0;0;0;0;0;0;-38,510962;-3,733509
290671;28;7;2016;14:30;0;AV CONTORNO (CASTELÃO);;;;;Colisão Traseira;Luz do Dia;Bom;Seca;Meio de Quadra;Pare;Lazer;0;0;2;0;0;0;0;0;0;0;0;0;;
290665;28;7;2016;13:47;5448;RUA BAR ARATANHA;RUA METON DE ALENCAR;;;;Colisão Transversal;Luz do Dia;Bom;Seca;Cruz;Pare;Comercial;0;0;2;1;0;0;0;0;0;1;0;0;-38,527028;-3,734847
290666;28;7;2016;10:00;15374;AV DOM LUIS;RUA FREDERICO BORGES;;;;Colisão Lateral;Luz do Dia;Bom;Seca;Cruz;Semáforo;Comercial;0;0;2;1;1;0;0;0;0;0;0;0;-38,489136;-3,73589
290667;28;7;2016;18:40;15232;RUA DEP MOREIRA DA ROCHA;RUA SILVA PAULET;;;;Colisão Lateral;Via Iluminada;Bom;Seca;Cruz;Não Há Controle;Residencial;0;1;1;1;0;0;0;0;0;1;0;0;-38,503194;-3,727526
290668;28;7;2016;12:10;25165;AV ROGACIANO LEITE;RUA HENRIQUE DE CASTRO;;;;Colisão Transversal;;Bom;;Cruz;;Comercial;0;1;1;1;0;0;0;0;0;1;0;0;-38,500639;-3,776997
290320;28;7;2016;08:10;0;AV MIN JOSE AMERICO;;;;;Colisão;Luz do Dia;Bom;Seca;Meio de Quadra;;;0;0;2;1;0;0;0;0;0;1;0;0;;
290318;28;7;2016;17:30;0;RD CE-040;;;;KM-08;Colisão;Anoitecer;Bom;Seca;Meio de Quadra;;;0;0;3;1;0;0;0;0;0;1;0;0;-38,483033;-3,817159
290622;28;7;2016;11:40;5374;AV DUQ CAXIAS;RUA BAR RIO BRANCO;;;;Colisão Lateral;Luz do Dia;Bom;Seca;Cruz;Semáforo;Comercial;0;2;0;1;0;0;0;0;0;1;0;0;-38,529947;-3,731774
290620;28;7;2016;15:10;0;AV ENG SANTANA JUNIOR;;;1510;;Engavetamento;Luz do Dia;Bom;Seca;Meio de Quadra;Outros;Comercial;0;0;3;1;0;0;0;0;0;0;0;0;;
291809;28;7;2016;01:00;0;RUA 15 DE NOVEMBRO;;;327;;Atropelamento;;;;Meio de Quadra;;;1;0;1;1;0;0;0;0;0;0;0;0;-38,557035;-3,768513
291813;29;7;2016;22:55;0;AV CEL CARVALHO;;;2180;;Choque c/ Obstáculo Fixo;Via Iluminada;Bom;Seca;Meio de Quadra;Não Há Controle;Residencial;1;1;1;0;0;0;0;0;0;1;0;0;-38,586811;-3,721692
290608;29;7;2016;09:30;0;RUA ISRAEL BEZERRA;;;1080;;Colisão;Luz do Dia;Bom;Seca;Meio de Quadra;Não Há Controle;Residencial;0;0;2;0;0;0;0;0;0;0;0;0;-38,49212;-3,750908
290610;29;7;2016;10:30;3244;RUA OLIVEIRA SOBRINHO;RUA THOMPSON GONCALVES;;;;Colisão Transversal;Luz do Dia;Bom;Seca;Cruz;Pare;Residencial;0;0;2;0;0;0;1;0;0;0;0;0;-38,583074;-3,783694
290613;29;7;2016;09:00;0;AV ZEZE DIOGO;;;3700;;Colisão Lateral;Luz do Dia;Bom;Seca;Meio de Quadra;;Comercial;0;0;2;0;0;0;0;0;0;0;0;0;;
290615;29;7;2016;14:15;23015;RUA DUARTE PIMENTEL;RUA LIBANIA (SERRINHA);;;;Colisão Lateral;Luz do Dia;Bom;Seca;T;Pare;Residencial;0;0;2;1;1;0;0;0;0;0;0;0;-38,542546;-3,788359
290596;29;7;2016;08:00;5343;AV BEZERRA DE MENEZES;RUA PDE IBIAPINA;;;;Colisão Lateral;Luz do Dia;Bom;Seca;Cruz;Semáforo;Comercial;0;0;2;1;1;0;0;0;0;0;0;0;-38,539973;-3,730548
290597;29;7;2016;07:00;5472;RUA JAIME BENEVOLO;RUA ANTONIO POMPEU;;;;Colisão Transversal;Luz do Dia;Bom;Molhada;Cruz;Semáforo;Residencial;0;1;1;1;0;0;0;0;0;1;0;0;-38,526664;-3,736033
290602;29;7;2016;07:00;25116;AV ROGACIANO LEITE;RUA PDE FRANCISCO PITA;;;;Colisão Lateral;Luz do Dia;Bom;Seca;Cruz;Pare;Comercial;0;0;2;1;0;0;0;0;0;1;0;0;-38,501766;-3,78096
290593;29;7;2016;03:30;3771;AV DOMINGOS OLIMPIO;AV DA UNIVERSIDADE;;;;Choque c/ Obstáculo Fixo;Via Iluminada;Chuva;Molhada;Cruz;Semáforo Intermitente;Comercial;0;0;2;1;0;0;1;0;0;0;0;0;-38,534216;-3,735594
290594;29;7;2016;07:00;0;RUA VALPARAISO;;;;;Colisão Transversal;Luz do Dia;Bom;Seca;Meio de Quadra;Pare;Residencial;0;1;1;0;0;0;0;0;0;1;0;0;;
290589;29;7;2016;09:45;22990;AV DR SILAS MUNGUBA;RUA AMERICO VESPUCIO;;;;Colisão Transversal;Luz do Dia;Bom;Seca;T;Pare;Comercial;0;0;2;1;0;0;0;0;0;0;0;0;;
290324;29;7;2016;10:00;0;RD CE-040;;;;KM-08;Colisão;Luz do Dia;Bom;Seca;Meio de Quadra;;;0;0;2;1;0;0;0;0;0;0;0;0;-38,483033;-3,817159
290326;29;7;2016;17:00;0;AV SEN CARLOS JEREISSATI (AEROPORTO);;;;KM 03;Colisão;Anoitecer;Bom;Seca;Meio de Quadra;;;0;0;2;1;0;0;0;0;0;0;0;0;-38,544038;-3,779641
296122;29;7;2016;05:05;0;RUA MIN ALBUQUERQUE LIMA;;;384;;Capotamento;Amanhecer;Bom;Seca;Meio de Quadra;Não Há Controle;Residencial;0;0;3;1;0;0;0;0;0;0;0;0;-38,60775;-3,768549
296170;29;7;2016;06:48;25116;AV ROGACIANO LEITE;RUA PDE FRANCISCO PITA;;;;Colisão;Luz do Dia;;;Cruz;Pare;Comercial;0;1;0;0;0;0;0;0;0;0;0;0;-38,501766;-3,78096
296179;29;7;2016;18:03;0;AV BEZERRA DE MENEZES;;;;;Atropelamento;Anoitecer;;;Meio de Quadra;;;0;1;0;0;0;0;1;0;0;0;0;0;;
296180;29;7;2016;20:50;0;RUA FRANCISCO CALACA;;;830;;Atropelamento;;;;Meio de Quadra;;;0;1;0;1;0;0;0;0;0;0;0;0;-38,571058;-3,709115
296183;29;7;2016;23:02;0;AV LAURO VIEIRA CHAVES;;;;;Queda;;;;Meio de Quadra;;;0;1;0;0;0;0;0;0;0;1;0;0;;
296190;29;7;2016;00:15;0;AV BORGES DE MELO;;;;;Colisão;;;;Meio de Quadra;;;0;1;0;0;0;0;0;0;0;0;0;0;;
296173;29;7;2016;13:09;0;RUA TAILANDIA;;;97;;Colisão;Luz do Dia;;;Meio de Quadra;;;0;1;0;1;0;0;0;0;0;1;0;0;;
296174;29;7;2016;13:41;0;RUA GERMANO FRANCK;;;1565;;Colisão;Luz do Dia;;;Meio de Quadra;;;0;1;0;1;0;0;0;0;0;1;0;0;;
296175;29;7;2016;16:20;0;RUA AUDISIO PINHEIRO;;;1480;;Queda;Luz do Dia;;;Meio de Quadra;;;0;1;0;0;0;0;0;0;0;1;0;0;-38,591671;-3,763934
301388;29;7;2016;09:41;0;AV OLIVEIRA PAIVA;;;2355;;Colisão Transversal;Luz do Dia;Bom;Seca;Meio de Quadra;Não Há Controle;Comercial;0;0;2;1;0;0;0;0;0;0;0;0;-38,485109;-3,796165
301389;29;7;2016;11:34;21873;RUA PDE PERDIGAO SAMPAIO;RUA XXI CIDADE OESTE;;0;;Colisão Lateral;Luz do Dia;Bom;Seca;T;Pare;Escola;0;1;1;1;0;0;0;0;0;1;0;0;-38,596647;-3,73285
301390;29;7;2016;12:30;0;RUA NUNES VALENTE;;;3140;;Colisão Lateral;Luz do Dia;Bom;Seca;Meio de Quadra;Não Há Controle;Residencial;0;0;2;1;0;0;0;0;0;0;0;0;;
301391;29;7;2016;14:34;12614;RUA COS LAFAYETE;AV CEL CARVALHO;;0;;Colisão Lateral;Luz do Dia;Bom;Seca;Cruz;Semáforo;Comercial;0;0;2;1;0;0;0;0;0;0;0;0;-38,587938;-3,717512
301392;29;7;2016;16:21;0;AV AGUANAMBI;;;0;;Colisão Lateral;Luz do Dia;Bom;Seca;Meio de Quadra;Não Há Controle;Comercial;0;0;4;1;0;0;0;0;0;1;0;0;;
301393;29;7;2016;14:14;17416;RUA EDITE BRAGA;RUA ELVIRA PINHO;;0;;Colisão Transversal;Luz do Dia;Bom;Seca;Cruz;Pare;Residencial;0;0;3;0;0;0;0;0;0;1;0;0;-38,553552;-3,768064
301394;29;7;2016;17:15;1405;AV SANTOS DUMONT;RUA VICENTE LEITE;;0;;Colisão Traseira;Luz do Dia;Bom;Seca;Cruz;Semáforo;Comercial;0;0;2;0;1;0;0;0;0;0;0;0;-38,495419;-3,737173
301395;29;7;2016;18:18;0;RUA BENI DE CARVALHO;;;244;;Colisão Traseira;Anoitecer;Bom;Seca;T;Semáforo;Comercial;0;0;2;0;0;0;0;0;0;0;0;0;-38,49823;-3,744958
301396;29;7;2016;18:00;7479;AV ALBERTO CRAVEIRO;RUA PEDRO DANTAS;;0;;Colisão Lateral;Via Iluminada;Bom;Seca;Y;Dê Preferência;Comercial;0;0;2;1;0;0;0;0;0;0;0;0;-38,51722;-3,786753
301397;29;7;2016;16:20;0;RUA ERICO MOTA;;;46;;Colisão Traseira;Luz do Dia;Bom;Seca;Meio de Quadra;Não Há Controle;Comercial;0;0;2;0;0;0;0;0;0;0;0;0;-38,562873;-3,735927
301398;29;7;2016;04:04;0;AV AGUANAMBI;;;616;;Capotamento;Via Iluminada;Chuva;Molhada;Meio de Quadra;Não Há Controle;Comercial;0;0;1;1;0;0;0;0;0;0;0;0;-38,52585;-3,742654
301386;29;7;2016;08:55;0;AV FRANCISCO SA;RUA ARAKEN;;0;;Engavetamento;Luz do Dia;Bom;Seca;Cruz;Semáforo;Comercial;0;0;3;1;0;0;0;0;0;0;0;0;;
301399;30;7;2016;07:00;1394;RUA TIBURCIO CAVALCANTE;RUA TORRES CAMARA;;0;;Colisão Transversal;Luz do Dia;Bom;Seca;Cruz;Semáforo;Comercial;0;0;2;1;0;0;0;0;0;0;0;0;-38,502906;-3,736933
301400;30;7;2016;11:07;0;RUA MOREIRA DA ROCHA;RUA JOSE VILAR;;0;;Colisão Transversal;Luz do Dia;Bom;Seca;Cruz;Pare;Residencial;0;0;2;1;0;0;0;0;0;0;0;0;;
301402;30;7;2016;14:16;6800;AV SANTOS DUMONT;RUA BATISTA DE OLIVEIRA;;1940;;Colisão Traseira;Luz do Dia;Bom;Seca;Cruz;Semáforo;Comercial;0;0;2;1;0;0;0;0;0;0;0;0;-38,479668;-3,742258
301403;30;7;2016;14:11;3788;RUA WALDERY UCHOA;RUA PDE FRANCISCO PINTO;;0;;Colisão Lateral;Luz do Dia;Bom;Seca;Cruz;Pare;Residencial;0;2;0;1;0;0;0;0;0;0;0;0;-38,539138;-3,744299
301404;30;7;2016;14:54;0;AV SEN CARLOS JEREISSATI (AEROPORTO);;;0;;Colisão Transversal;Luz do Dia;Bom;Seca;Meio de Quadra;Não Há Controle;Comercial;0;0;2;1;1;0;0;0;0;0;0;0;;
301405;30;7;2016;15:38;22102;RUA JOSE FACANHA;RUA MON FURTADO;;0;;Colisão Transversal;Luz do Dia;Bom;Seca;Cruz;Pare;Comercial;0;0;2;1;0;0;0;0;0;0;0;0;-38,55559;-3,753672
301406;30;7;2016;12:04;0;AV PRS COSTA E SILVA;;;4201;;Colisão Transversal;Luz do Dia;Bom;Seca;Meio de Quadra;Semáforo;Comercial;0;1;1;0;0;0;0;0;0;1;0;0;-38,542701;-3,824912
301407;30;7;2016;20:14;0;RUA ENG ANTONIO F ANTERO;;;408;;Colisão Transversal;Via Iluminada;Bom;Seca;Não Informado;Semáforo;Comercial;0;0;2;1;0;0;0;0;0;0;0;0;-38,48214;-3,788295
301408;30;7;2016;20:38;0;AV ENG LEAL LIMA VERDE (SAPIRANGA/COITE);;;41;;Colisão Lateral;Via Iluminada;Bom;Seca;Meio de Quadra;Não Há Controle;Residencial;0;0;2;1;0;0;0;0;0;0;0;0;-38,476343;-3,787299
301409;30;7;2016;20:32;0;RUA MARANHAO;RUA GASPAR LEMOS;;0;;Colisão Transversal;Mal Iluminada;Bom;Seca;T;Pare;Residencial;0;0;1;0;0;0;0;0;0;1;0;0;-38,570472;-3,751983
301410;30;7;2016;21:16;12508;RUA ALUISIO AZEVEDO;AV LINEU MACHADO;;0;;Colisão Lateral;Via Iluminada;Bom;Seca;Cruz;Semáforo;Comercial;0;2;1;1;0;0;0;0;0;1;0;0;-38,579184;-3,770212
301411;30;7;2016;18:00;19859;RUA ARMANDO MONTEIRO;RUA SAO MATEUS D14;;0;;Colisão Transversal;Via Iluminada;Bom;Seca;Cruz;Pare;Residencial;0;0;2;1;0;0;0;0;0;0;0;0;-38,53828;-3,762854
301412;30;7;2016;21:40;0;AV PRS CASTELO BRANCO;;;0;;Colisão Frontal;Mal Iluminada;Bom;Seca;Meio de Quadra;Não Há Controle;Comercial;0;0;4;1;0;0;0;0;0;0;0;0;;
296208;30;7;2016;17:38;12926;AV VIS RIO BRANCO;AV ANTONIO SALES;;;;Colisão;Anoitecer;;;;;;0;1;0;0;0;0;0;0;0;0;0;0;-38,523589;-3,738574
296192;30;7;2016;06:22;0;AV MAJ ASSIS;;;535;;Colisão;Luz do Dia;;;Meio de Quadra;;;0;1;0;0;0;0;0;0;0;1;0;0;;
296195;30;7;2016;16:58;5130;RUA CASTRO E SILVA;RUA FLORIANO PEIXOTO;;;;Colisão Transversal;Luz do Dia;Bom;Seca;Cruz;Pare;Comercial;0;4;2;1;1;0;0;0;0;0;0;0;-38,52611;-3,724272
296199;30;7;2016;17:00;0;AV MOZART PINHEIRO DE LUCENA;;;2614;;Colisão;Anoitecer;;;Meio de Quadra;;;0;1;0;0;0;0;0;0;0;1;0;0;-38,598155;-3,726894
290670;30;7;2016;03:30;0;AV PRS COSTA E SILVA;;;;;Colisão Traseira;Via Iluminada;Bom;Seca;Meio de Quadra;Semáforo;Comercial;0;1;2;0;0;0;1;0;0;1;0;0;;
290677;30;7;2016;10:50;15010;RUA HOLANDA;RUA NORUEGA;;;;Colisão Transversal;Luz do Dia;Bom;Seca;Cruz;Não Há Controle;Residencial;0;1;1;1;0;0;0;0;0;1;0;0;-38,565892;-3,793111
290678;30;7;2016;10:40;0;AV ANTONIO SALES;;;993;;Outros;Luz do Dia;Bom;Seca;Meio de Quadra;Outros;Comercial;0;0;2;0;0;0;0;0;0;0;0;0;-38,512908;-3,742191
290664;30;7;2016;15:50;16679;AV PRS COSTA E SILVA;AV 1 LOT ARVOREDO;;;;Colisão Traseira;Luz do Dia;Bom;Seca;T;Semáforo;Residencial;0;0;2;1;0;0;1;0;0;0;0;0;-38,56516;-3,817735
290659;30;7;2016;02:00;25269;AV DOS EXPEDICIONARIOS;RUA CEL AMANCIO CAVALCANTE;;;;Colisão Lateral;Via Iluminada;Bom;Seca;T;Não Há Controle;Misto;0;0;2;1;0;0;0;0;0;0;0;0;-38,538468;-3,755998
290682;30;7;2016;06:00;17375;RUA ISAIE BORIS;RUA ALAN KARDEC;;;;Colisão Frontal;Luz do Dia;Bom;Seca;Outros;Outros;Residencial;0;1;1;1;0;0;0;0;0;1;0;0;-38,547462;-3,766831
290684;30;7;2016;14:30;5323;RUA PEDRO PEREIRA;RUA ASSUNCAO;;;;Colisão Transversal;Luz do Dia;Bom;Seca;Cruz;Pare;Comercial;0;0;2;1;0;0;0;0;0;0;0;0;-38,527197;-3,730116
290691;30;7;2016;12:00;2797;RUA CEL JOAO CORREIA;RUA MARIA JULIA;;;;Colisão Transversal;Luz do Dia;Bom;Seca;Cruz;Não Há Controle;Residencial;0;1;1;0;0;0;0;0;0;1;0;0;-38,600165;-3,793274
290702;30;7;2016;08:00;0;AV PRS CASTELO BRANCO;;;4777;;Colisão Lateral;Luz do Dia;Bom;Seca;Meio de Quadra;Não Há Controle;Comercial;1;1;1;0;0;0;0;0;1;0;0;0;-38,574744;-3,706074
290709;30;7;2016;03:15;22099;AV JOSE BASTOS;RUA JOSE FACANHA;;;;Colisão Transversal;Via Iluminada;Bom;Seca;Cruz;Semáforo;Comercial;0;0;2;1;0;0;0;0;0;0;0;0;-38,554822;-3,754359
290714;30;7;2016;08:00;0;RUA UM (MONDUBIM);;;750;;Choque c/ Obstáculo Fixo;Luz do Dia;Bom;Seca;Meio de Quadra;Não Há Controle;Residencial;0;1;0;1;0;0;0;0;0;0;0;0;;
290717;30;7;2016;19:00;0;RUA MARIA JULIA;;;;;Outros;Via Iluminada;Bom;Seca;Meio de Quadra;Não Há Controle;Comercial;0;1;1;1;0;0;0;0;0;0;0;0;;
290619;30;7;2016;12:54;26210;AV CHANC EDSON QUEIROZ;AV MIGUEL DIAS;;;;Colisão Traseira;Luz do Dia;Bom;Seca;Cruz;Semáforo;Residencial;0;0;2;1;0;0;0;0;0;0;0;0;;
290617;30;7;2016;10:05;0;AV HIS RAIMUNDO GIRAO;;;821;;Colisão Traseira;Luz do Dia;Bom;Seca;Outros;Pare;Outros;0;1;1;1;0;0;0;0;0;0;0;0;;
290623;30;7;2016;19:20;20185;RUA POMPILIO GOMES;RUA MARIA AMALIA;;;;Colisão Lateral;Via Iluminada;Bom;Seca;Cruz;Pare;Residencial;0;1;1;0;0;0;0;0;1;0;0;0;-38,520415;-3,812754
293029;30;7;2016;07:00;0;AV SEN CARLOS JEREISSATI (AEROPORTO);;;;KM 03;Colisão;Luz do Dia;Bom;Seca;Meio de Quadra;;;0;0;2;1;0;0;0;0;0;1;0;0;-38,544038;-3,779641
291814;30;7;2016;22:30;0;RUA JOAO GENTIL;;;3335;;Colisão Lateral;;;;Meio de Quadra;;;1;1;1;1;0;0;0;0;0;1;0;0;-38,629334;-3,790673
292846;31;7;2016;09:40;0;RD CE-040;;;;KM-07;Colisão;Luz do Dia;Bom;Seca;Meio de Quadra;;;0;0;2;1;1;0;0;0;0;0;0;0;-38,478733;-3,809597
290327;31;7;2016;09:55;0;RD CE-040;;;;KM-07;Colisão;Luz do Dia;Bom;Seca;Meio de Quadra;;;0;0;2;1;0;0;0;0;0;0;0;0;-38,478733;-3,809597
290655;31;7;2016;12:50;15175;AV ABOLICAO;RUA NUNES VALENTE;;;;Atropelamento;Luz do Dia;Bom;Seca;Cruz;Semáforo;Comercial;0;1;1;1;0;0;0;0;0;0;0;0;-38,500384;-3,72575
290650;31;7;2016;04:00;1425;AV BAR STUDART;RUA JOAO CARVALHO;;;;Colisão Traseira;Via Iluminada;Bom;Seca;Cruz;Semáforo;Comercial;0;0;2;1;0;0;1;0;0;0;0;0;-38,507567;-3,737632
290675;31;7;2016;12:30;0;RUA EQUADOR;;;1494;;Colisão Transversal;Luz do Dia;Bom;Seca;Meio de Quadra;Não Há Controle;Residencial;0;1;1;1;0;0;0;0;0;1;0;0;;
290672;31;7;2016;04:00;5322;AV IMPERADOR;AV DUQ CAXIAS;;;;Colisão Transversal;Luz do Dia;Bom;Seca;Cruz;Semáforo;Comercial;0;2;0;1;0;0;0;0;0;0;0;0;-38,535297;-3,730048
290669;31;7;2016;19:30;0;AV GAL OSORIO DE PAIVA;;;2834;;Atropelamento;Via Iluminada;Bom;Seca;Meio de Quadra;Não Há Controle;;0;1;1;0;0;0;0;0;0;1;0;0;-38,585828;-3,788084
294764;31;7;2016;22:16;348;RUA PRO LINO ENCARNACAO;RUA CESAR FONTENELE;;;;Colisão;;;;Cruz;Pare;Residencial;0;1;1;1;0;1;0;0;0;0;0;0;-38,559596;-3,746359
296230;31;7;2016;16:13;0;AV PERIMETRAL;;;2217;;Colisão;Luz do Dia;;;Meio de Quadra;;;0;1;0;0;0;0;0;0;0;0;0;0;;
296234;31;7;2016;21:34;0;RUA VASCO DE ATAIDE;;;531;;Capotamento;;;;Meio de Quadra;;;0;1;0;0;0;0;0;0;0;0;0;0;-38,488669;-3,823808
296225;31;7;2016;11:01;0;AV ANTONIO SALES;;;;;Queda;Luz do Dia;;;Meio de Quadra;;;0;1;0;0;0;0;0;0;0;1;0;0;;
296219;31;7;2016;05:31;0;RUA JAMAICA;;;33;;Colisão;Amanhecer;;;Meio de Quadra;;;0;1;0;0;0;0;0;0;0;0;0;0;;
296221;31;7;2016;08:44;0;AV E CJ JOSE WALTER;AV A CJ JOSE WALTER;;;;Colisão Transversal;Luz do Dia;Bom;Seca;Cruz;Pare;Residencial;0;3;2;0;0;0;0;0;0;1;0;0;;
296217;31;7;2016;00:47;0;ET DO FIO (MESSEJANA);;;;;;;;;Meio de Quadra;;;0;1;0;0;0;0;0;0;0;0;0;0;;
301414;31;7;2016;05:25;0;RUA RAIMUNDO NERY;;;0;;Choque c/ Obstáculo Fixo;Amanhecer;Bom;Seca;Meio de Quadra;Não Há Controle;Comercial;0;1;0;0;0;0;0;0;0;1;0;0;-38,587549;-3,79148
301415;31;7;2016;07:48;5123;RUA MAJ FACUNDO;RUA CASTRO E SILVA;;0;;Colisão Transversal;Luz do Dia;Bom;Seca;Cruz;Semáforo;Comercial;0;1;3;1;0;0;0;0;0;1;0;0;-38,526703;-3,724082
301416;31;7;2016;11:15;0;AV ROGACIANO LEITE;RUA FRANCISCO C MENDES;;0;;Colisão Lateral;Luz do Dia;Bom;Seca;T;Pare;Comercial;0;2;1;1;0;0;0;0;0;1;0;0;;
301417;31;7;2016;12:37;0;AV FRANCISCO SA;;;4445;;Colisão Transversal;Luz do Dia;Bom;Seca;Meio de Quadra;Não Há Controle;Comercial;0;1;1;1;0;0;0;0;0;1;0;0;-38,564447;-3,715011
301418;31;7;2016;10:30;0;AV CEL CARVALHO;;;2675;;Colisão Traseira;Luz do Dia;Bom;Seca;Meio de Quadra;Não Há Controle;Comercial;0;0;2;1;0;0;0;0;0;0;0;0;-38,585554;-3,726387
301419;31;7;2016;18:16;8949;RUA JUSTINIANO DE SERPA;AV BEZERRA DE MENEZES;;0;;Engavetamento;Anoitecer;Bom;Seca;Cruz;Não Há Controle;Comercial;0;0;3;1;0;0;0;0;0;0;0;0;-38,542857;-3,731156
301420;31;7;2016;18:30;3771;AV DOMINGOS OLIMPIO;AV DA UNIVERSIDADE;;0;;Acidente Pessoal;Via Iluminada;Bom;Seca;Meio de Quadra;Semáforo;Comercial;0;0;2;1;0;0;0;0;0;0;0;0;-38,534216;-3,735594
301421;31;7;2016;20:18;17265;RUA SATIRO DIAS;RUA ALBERTO MAGNO;;0;;Colisão Lateral;Via Iluminada;Bom;Seca;Cruz;Não Há Controle;Comercial;0;0;2;1;1;0;0;0;0;0;0;0;-38,547531;-3,762063
288334;31;7;2016;08:20;0;RD BR 116;;;800;KM-13;Queda;Luz do Dia;Bom;Seca;Meio de Quadra;;;0;1;1;0;0;0;0;0;0;1;0;0;-38,50847;-3,793082
301422;1;8;2016;06:35;0;AV ENG SANTANA JUNIOR;;;1927;;Colisão Transversal;Luz do Dia;Bom;Seca;Meio de Quadra;Não Há Controle;Comercial;0;0;2;1;1;0;0;0;0;0;0;0;-38,486384;-3,742507
301423;1;8;2016;08:00;5259;RUA SENA MADUREIRA;RUA POCINHO;;0;;Colisão Lateral;Luz do Dia;Bom;Seca;T;Semáforo;Comercial;0;0;2;0;0;0;0;0;0;0;0;0;-38,525841;-3,728162
301424;1;8;2016;07:25;0;AV PRO GOMES DE MATOS;;;16;;Colisão Lateral;Luz do Dia;Bom;Seca;Meio de Quadra;Não Há Controle;Comercial;0;0;2;1;0;0;0;0;0;0;0;0;-38,540052;-3,754664
301425;1;8;2016;07:40;25445;AV PRO JOSE ARTHUR CARVALHO;RUA NELSON COELHO;;0;;Colisão Transversal;Luz do Dia;Bom;Seca;Cruz;Pare;Residencial;0;0;2;1;0;0;0;0;0;1;0;0;-38,464629;-3,826139
301426;1;8;2016;09:14;0;AV AGUANAMBI;;;0;;Colisão Traseira;Luz do Dia;Bom;Seca;Meio de Quadra;Não Há Controle;Comercial;0;0;2;1;0;0;0;0;0;0;0;0;;
301427;1;8;2016;08:00;15195;RUA JOSE NAPOLEAO;AV ABOLICAO;;0;;Colisão Transversal;Luz do Dia;Bom;Seca;Cruz;Pare;Comercial;0;1;1;0;0;0;0;0;0;1;0;0;-38,490302;-3,726523