COD_ACIDENTE;DIA;MES;ANO;HORA;INTERSECAO;LOG1;LOG2;LOG3;NUMERO;REFERENCIA;NATUREZA;ILUMINACAO;TEMPO;SUPERFICIEPISTA;TIPOCRUZAMENTO;CONTROLETRAFEGO;USOSOLO;MORTOS;FERIDOS;ILESOS;AUTOMOVEL;ONIBUS;BICICLETA;CAMINHAO;MICROONIBUS;CICLOMOTOR;MOTOCICLETA;TRACAOANIMAL;TREM;LONG;LAT
301428;1;8;2016;10:34;0;RUA BAR RIO BRANCO;;;1369;;Choque c/ Obstáculo Fixo;Luz do Dia;Bom;Seca;Meio de Quadra;Não Há Controle;Escola;0;0;3;1;0;0;0;1;0;0;0;0;-38,529469;-3,730235
301429;1;8;2016;10:30;1378;RUA OSVALDO CRUZ (ALDEOTA);RUA DES LEITE ALBUQUERQUE;;0;;Colisão Transversal;Luz do Dia;Bom;Seca;Cruz;Pare;Comercial;0;0;2;1;0;0;0;0;0;0;0;0;-38,50064;-3,736598
301430;1;8;2016;10:10;1470;RUA MON BRUNO;RUA BARBARA DE ALENCAR;;0;;Colisão Transversal;Luz do Dia;Bom;Seca;Cruz;Pare;Residencial;0;0;4;1;0;0;0;0;0;1;0;0;-38,511522;-3,73883
301431;1;8;2016;10:41;5099;AV TRISTAO GONCALVES;RUA SEN ALENCAR;;0;;Colisão Lateral;Luz do Dia;Bom;Seca;Cruz;Pare;Comercial;0;0;2;1;0;0;0;0;0;0;0;0;-38,532122;-3,723524
301432;1;8;2016;11:28;25254;RUA JOAQUIM DE FIGUEIREDO FILHO;RUA CRISANTO M DA ROCHA;;0;;Colisão Lateral;Luz do Dia;Bom;Seca;Cruz;Pare;Residencial;0;0;4;0;0;0;0;0;0;1;0;0;;
301433;1;8;2016;13:28;5625;AV DES GONZAGA;AV ROGACIANO LEITE;;0;;Colisão Traseira;Luz do Dia;Bom;Seca;T;Pare;Comercial;0;0;2;1;0;0;0;0;0;0;0;0;-38,503866;-3,788545
301434;1;8;2016;13:39;19328;RUA CON DE CASTRO;RUA EDUARDO PERDIGAO;;0;;Colisão Lateral;Luz do Dia;Bom;Seca;Cruz;Pare;Comercial;0;0;2;1;1;0;0;0;0;0;0;0;-38,564769;-3,775579
301435;1;8;2016;14:37;0;AV 13 DE MAIO;;;1232;;Colisão Traseira;Luz do Dia;Bom;Seca;Meio de Quadra;Não Há Controle;Comercial;0;0;2;1;0;0;0;0;0;0;0;0;;
301436;1;8;2016;14:00;0;AV WASHINGTON SOARES;RUA ISRAEL BEZERRA;;0;;Colisão Traseira;Luz do Dia;Bom;Seca;T;Não Há Controle;Comercial;0;0;2;1;0;0;0;0;0;0;0;0;;
301437;1;8;2016;15:00;22099;AV JOSE BASTOS;RUA JOSE FACANHA;;0;;Colisão Lateral;Luz do Dia;Bom;Seca;T;Semáforo;Comercial;0;0;2;1;0;0;0;0;0;0;0;0;-38,554822;-3,754359
301438;1;8;2016;15:32;25046;RUA FERNANDO FARIAS DE MELO (MANUEL SÁTIRO);RUA AMERICO ROCHA LIMA;;0;;Colisão Transversal;Luz do Dia;Bom;Seca;Cruz;Pare;Residencial;0;0;2;1;0;0;0;0;0;0;0;0;-38,578449;-3,79908
301439;1;8;2016;18:40;5460;AV HERACLITO GRACA;RUA NOGUEIRA ACIOLI;;0;;Colisão Traseira;Via Iluminada;Bom;Seca;Cruz;Semáforo;Comercial;0;1;3;1;0;0;0;0;0;1;0;0;;
301440;1;8;2016;20:06;26252;RUA PERGENTINO MAIA;RUA ANTONIO BARROS;;0;;Colisão Frontal;Anoitecer;Bom;Seca;Outros;Pare;Comercial;0;1;1;0;0;0;0;0;0;1;0;0;;
301441;1;8;2016;20:30;0;AV JOSE LEON;;;1078;;Colisão Lateral;Via Iluminada;Bom;Seca;Meio de Quadra;Não Há Controle;Residencial;0;0;1;1;0;0;0;0;0;0;0;0;-38,50231;-3,787692
301442;1;8;2016;20:30;0;AV CARAPINIMA;;;2425;;Colisão Lateral;Anoitecer;Bom;Seca;Meio de Quadra;Não Há Controle;Comercial;0;0;2;1;1;0;0;0;0;0;0;0;-38,541304;-3,741071
301443;1;8;2016;21:15;5075;RUA ALM JACEGUAI;RUA JOSE AVELINO;;0;;Colisão Lateral;Via Iluminada;Bom;Seca;Cruz;Pare;Comercial;0;0;2;1;0;0;0;0;0;0;0;0;-38,519311;-3,722395
292725;1;8;2016;08:10;0;AV MIN JOSE AMERICO;;;;;Colisão;Luz do Dia;Bom;Seca;Meio de Quadra;;;0;1;1;1;0;0;0;0;0;1;0;0;;
292726;1;8;2016;09:11;0;AV MIN JOSE AMERICO;;;;;Colisão;Luz do Dia;Bom;Seca;Meio de Quadra;;;0;0;2;1;0;0;0;0;0;0;0;0;;
292728;1;8;2016;18:10;0;RD CE-040;;;;KM-06;Colisão;Anoitecer;Bom;Seca;Meio de Quadra;;;0;0;2;1;0;0;0;0;0;0;0;0;-38,479535;-3,800596
295173;1;8;2016;06:13;0;RUA BENTO ALBUQUERQUE;;;588;;Colisão;Luz do Dia;;;Meio de Quadra;;;0;1;0;1;0;0;0;0;0;1;0;0;;
295178;1;8;2016;07:07;0;AV SEN CARLOS JEREISSATI (AEROPORTO);;;741;;Colisão;Luz do Dia;;;Meio de Quadra;;;0;2;0;1;0;0;0;0;0;1;0;0;;
295166;1;8;2016;05:22;0;AV CASTELO DE CASTRO;;;3000;;Colisão;Amanhecer;;;Meio de Quadra;;;0;1;0;1;0;0;0;0;0;1;0;0;;
295149;1;8;2016;03:04;0;RUA ARI MAIA;;;1692;;Colisão;;;;Meio de Quadra;;;0;1;0;0;0;0;1;0;0;1;0;0;;
295151;1;8;2016;03:05;0;RUA PIRACICABA;;;182;;Queda;;;;Meio de Quadra;;;0;1;0;0;0;1;0;0;0;0;0;0;;
295140;1;8;2016;01:02;0;RUA SABIAGUABA;;;1448;;Colisão;;;;Meio de Quadra;;;0;2;0;1;0;0;0;0;0;1;0;0;-38,440417;-3,785486
295211;1;8;2016;11:37;0;RUA JULIO BRAGA;;;;;Colisão;Luz do Dia;;;Meio de Quadra;;;0;2;0;1;0;0;0;0;0;1;0;0;;
295201;1;8;2016;10:42;0;RUA MONTE LIBANO;;;891;;Queda;Luz do Dia;;;Meio de Quadra;;;0;1;0;0;0;0;0;0;0;1;0;0;;
295202;1;8;2016;11:07;0;RUA VITORIA (AV. PERIMETRAL);;;336;;Queda;Luz do Dia;;;Meio de Quadra;;;0;1;0;0;0;0;0;0;0;1;0;0;;
295213;1;8;2016;12:04;19730;RUA CRUZ SALDANHA;RUA DOM MANUEL DE MEDEIROS;;;;Colisão;Luz do Dia;;;Cruz;Pare;Residencial;0;1;0;1;0;0;0;0;0;1;0;0;-38,553612;-3,73698
295224;1;8;2016;12:11;0;AV GAL OSORIO DE PAIVA;;;1127;;Queda;Luz do Dia;;;Meio de Quadra;;;0;1;0;0;0;0;0;0;0;1;0;0;-38,57209;-3,779151
295187;1;8;2016;09:35;0;RUA BAR CANINDE;;;1588;;Colisão;Luz do Dia;;;Meio de Quadra;;;0;1;0;1;0;0;0;0;0;1;0;0;;
295191;1;8;2016;09:46;0;RUA CEL DIONISIO ALENCAR;;;1061;;Queda;Luz do Dia;;;Meio de Quadra;;;0;1;0;0;0;0;0;0;0;1;0;0;;
295199;1;8;2016;09:51;0;AV LUCIANO CARNEIRO;;;2100;;Colisão;Luz do Dia;;;Meio de Quadra;;;0;1;0;1;0;0;0;0;0;1;0;0;-38,537171;-3,766502
295311;1;8;2016;00:31;0;RUA MANUEL DE CASTRO FEITOSA;;;1448;;Colisão;;;;Meio de Quadra;;;0;3;0;0;0;0;0;0;0;0;0;0;;
295307;1;8;2016;22:37;0;AV SGT HERMINIO SAMPAIO;;;3787;;Atropelamento;;;;Meio de Quadra;;;0;1;0;0;0;0;0;0;0;1;0;0;-38,574513;-3,729665
295262;1;8;2016;17:58;0;RUA NESTOR BARBOSA;;;728;;Colisão;Anoitecer;;;Meio de Quadra;;;0;1;0;1;0;0;0;0;0;1;0;0;-38,561211;-3,745236
295309;1;8;2016;20:21;0;AV PRS COSTA E SILVA;;;1578;;Queda;;;;Meio de Quadra;;;0;1;0;0;0;0;0;0;0;1;0;0;;
295315;1;8;2016;07:44;0;AV CARAPINIMA;;;;;Colisão;Luz do Dia;;;Meio de Quadra;;;0;1;0;0;0;0;0;0;0;0;0;0;;
295264;1;8;2016;18:05;0;RUA VASCO DE ATAIDE;;;474;;Colisão;Anoitecer;;;Meio de Quadra;;;0;1;0;0;0;0;0;0;0;0;0;0;-38,490078;-3,82363
295291;1;8;2016;19:14;0;RUA PDE SEVERIANO;;;329;;Colisão;;;;Meio de Quadra;;;0;1;0;1;0;0;0;0;0;1;0;0;-38,489795;-3,835546
295292;1;8;2016;19:26;0;RUA BAR AQUIRAZ;;;587;;Colisão;;;;Meio de Quadra;;;0;1;0;1;0;0;0;0;0;1;0;0;;
295260;1;8;2016;17:20;0;RUA PRO HERIBALDO COSTA;;;461;;Colisão;Anoitecer;;;Meio de Quadra;;;0;1;0;1;0;0;0;0;0;1;0;0;;
295300;1;8;2016;19:45;0;AV CENTRAL CJ CEARA;;;;;Atropelamento;;;;Meio de Quadra;;;0;1;0;1;0;0;0;0;0;0;0;0;;
295302;1;8;2016;20:21;0;RUA ALAGOAS;;;3720;;Colisão;;;;Meio de Quadra;;;0;1;0;1;0;0;0;0;0;1;0;0;-38,580121;-3,750033
295267;1;8;2016;18:05;0;RUA ARARIPE MACEDO;;;1340;;Colisão;Anoitecer;;;Meio de Quadra;;;0;1;0;1;0;0;0;0;0;1;0;0;;
295268;1;8;2016;18:14;0;AV GOV RAUL BARBOSA;;;3625;;Queda;Anoitecer;;;Meio de Quadra;;;0;1;0;0;0;0;0;0;0;1;0;0;;
295269;1;8;2016;18:39;0;RUA PERGENTINO MAIA;;;300;;Colisão;;;;Meio de Quadra;;;0;1;0;1;0;0;0;0;0;1;0;0;;
295270;1;8;2016;19:02;0;RUA ANTONIO BARROS;;;721;;Colisão;;;;Meio de Quadra;;;0;1;0;1;0;0;0;0;0;1;0;0;;
295271;1;8;2016;19:07;0;RUA BOM JESUS (GRANJA LISBOA);;;1837;;Colisão;;;;Meio de Quadra;;;0;1;0;0;0;0;0;0;0;1;0;0;-38,609608;-3,791709
295254;1;8;2016;16:00;0;RUA JORGE ACURCIO;;;384;;Colisão;Luz do Dia;;;Meio de Quadra;;;0;1;0;1;0;0;0;0;0;1;0;0;-38,530894;-3,7635
295256;1;8;2016;17:17;0;AV CASTELO DE CASTRO;;;;;Colisão;Anoitecer;;;Meio de Quadra;;;0;1;0;0;0;0;0;0;0;1;0;0;;
295233;1;8;2016;12:31;0;RUA OLIMPIO DE PAIVA;;;3985;;Colisão;Luz do Dia;;;Meio de Quadra;;;0;1;0;1;0;0;0;0;0;1;0;0;;
295245;1;8;2016;15:57;0;RUA CARNAUBAL;;;804;;Colisão;Luz do Dia;;;Meio de Quadra;;;0;1;0;0;0;0;0;0;0;0;0;0;-38,585313;-3,722325
295229;1;8;2016;12:28;0;AV DR SILAS MUNGUBA;;;;;Colisão;Luz do Dia;;;Meio de Quadra;;;0;1;0;1;0;0;0;0;0;1;0;0;;
295235;1;8;2016;12:37;0;RUA PAULO DE FRONTIM;;;133;;Colisão;Luz do Dia;;;Meio de Quadra;;;0;1;0;1;0;0;0;0;0;1;0;0;;
295236;1;8;2016;13:15;0;AV GAL OSORIO DE PAIVA;;;4455;;Atropelamento;Luz do Dia;;;Meio de Quadra;;;0;1;0;1;0;0;0;0;0;0;0;0;-38,595093;-3,797535
295237;1;8;2016;13:43;0;RUA OLIVEIRA FILHO;;;379;;Colisão;Luz do Dia;;;Meio de Quadra;;;0;1;0;0;0;0;0;0;0;0;0;0;;
295238;1;8;2016;14:13;0;RUA TOMAS RODRIGUES;;;644;;Atropelamento;Luz do Dia;;;Meio de Quadra;;;0;1;0;0;0;0;0;0;0;1;0;0;-38,593557;-3,743235
295239;1;8;2016;14:14;6760;AV ENG SANTANA JUNIOR;RUA GAL TERTULIANO POTYGUARA;;;;Colisão Lateral;Luz do Dia;Bom;Seca;T;Semáforo;Comercial;0;1;3;1;0;0;0;0;0;1;0;0;-38,489463;-3,746669
295241;1;8;2016;14:43;0;AV DA INDEPENDENCIA;;;810;;Colisão;Luz do Dia;;;Meio de Quadra;;;0;2;0;0;0;0;0;0;0;1;0;0;-38,58794;-3,727777
295242;1;8;2016;15:06;0;RUA ANTONIO POMPEU;;;394;;Colisão;Luz do Dia;;;Meio de Quadra;;;0;2;0;1;0;0;0;0;0;1;0;0;-38,527273;-3,735851
290676;1;8;2016;08:00;2486;AV FRANCISCO SA;RUA SEN ROBERT KENNEDY;;;;Colisão Transversal;Luz do Dia;Bom;Seca;Cruz;Pare;Residencial;0;1;0;1;0;0;0;0;0;1;0;0;-38,581426;-3,70914
290680;1;8;2016;18:00;11670;RUA ARARIPE MACEDO;RUA MON VICENTE MARTINS;;;;Colisão Lateral;Luz do Dia;Bom;Seca;Cruz;Não Há Controle;Residencial;0;0;2;0;0;0;0;0;0;1;0;0;-38,58053;-3,770783
290718;1;8;2016;;0;AV PRS JUSCELINO KUBITSCHEK (PASSARÉ);;;;;Colisão Traseira;Luz do Dia;Bom;Seca;Meio de Quadra;Semáforo;Residencial;0;0;2;0;0;0;1;0;0;0;0;0;;
290720;1;8;2016;06:00;6817;RUA BENTO ALBUQUERQUE;RUA FRANCISCO MATOS;;;;Colisão Transversal;Luz do Dia;Bom;Seca;Cruz;;Residencial;0;1;1;1;0;0;0;0;1;0;0;0;-38,470436;-3,747862
290713;1;8;2016;13:00;0;RUA OLIMPIO DE PAIVA;;;3953;;Colisão Lateral;Luz do Dia;Bom;Seca;Meio de Quadra;Não Há Controle;Residencial;0;1;1;1;0;0;0;0;0;1;0;0;;
290705;1;8;2016;14:58;0;RUA CEL FRANCISCO PEREIRA (MESSEJANA);;;;;Colisão Traseira;Luz do Dia;Bom;Seca;Meio de Quadra;Não Há Controle;Comercial;0;0;2;0;1;0;0;0;0;1;0;0;;
290701;1;8;2016;11:00;15664;AV FRE CIRILO;RUA NICOLAU COELHO;;;;Colisão Traseira;Luz do Dia;Bom;Seca;T;Pare;Comercial;0;0;2;1;0;0;0;0;0;0;0;0;-38,493769;-3,825721
290692;1;8;2016;16:00;25125;RUA ROCHA LIMA;RUA DNA LEOPOLDINA;;;;Colisão;Luz do Dia;Bom;Seca;Cruz;Pare;Outros;0;1;2;1;0;0;0;0;0;1;0;0;-38,521427;-3,736665
290696;1;8;2016;08:30;1328;RUA ILDEFONSO ALBANO;RUA JOVINO GUEDES;;;;Colisão Lateral;Luz do Dia;Bom;Seca;Cruz;Pare;Residencial;0;0;2;1;0;0;0;0;0;0;0;0;-38,513863;-3,735393
290697;1;8;2016;01:00;0;AV GODOFREDO MACIEL;;;3000;;Colisão Transversal;Via Iluminada;Bom;Seca;Meio de Quadra;Semáforo;Comercial;0;0;2;1;0;0;0;0;0;1;0;0;-38,571654;-3,802029
290683;1;8;2016;08:20;0;RUA PDE VALDEVINO;;;;;Engavetamento;Luz do Dia;Bom;Seca;Outros;Pare;Comercial;0;0;3;1;0;0;0;0;0;0;0;0;;
290689;1;8;2016;19:30;13935;RUA VER PEDRO PAULO MOREIRA;RUA GAL CAIADO DE CASTRO;;;;Colisão Transversal;Via Iluminada;Bom;Seca;Cruz;Pare;Residencial;0;1;1;1;0;0;0;0;0;1;0;0;-38,488961;-3,786953
290690;1;8;2016;18:00;0;RUA FRANCISCO MARTINS;;;454;;Colisão Lateral;Via Iluminada;Bom;Seca;Meio de Quadra;Não Há Controle;Residencial;0;0;2;0;0;0;0;0;1;0;0;0;;
290686;1;8;2016;19:00;15360;AV DOM LUIS;AV DES MOREIRA;;;;Colisão Lateral;Via Iluminada;Bom;Seca;Rotatória;Não Há Controle;Comercial;0;0;2;1;1;0;0;0;0;0;0;0;-38,497383;-3,733239
290687;1;8;2016;14:50;5450;RUA ANTONIO POMPEU;RUA MAJ FACUNDO;;;;Colisão Transversal;Luz do Dia;Bom;Seca;Cruz;Pare;Comercial;0;1;1;1;0;0;0;0;1;0;0;0;-38,530216;-3,734923
293369;1;8;2016;17:30;0;RUA FLORIANO PEIXOTO;;;597;;Colisão Transversal;Luz do Dia;Bom;Seca;Meio de Quadra;Não Há Controle;Comercial;0;2;2;1;0;0;0;0;0;1;0;0;-38,527243;-3,727569
293366;1;8;2016;08:45;0;AV AUGUSTO DOS ANJOS;;;801;;Colisão Lateral;Luz do Dia;;;Meio de Quadra;;;0;1;1;0;1;1;0;0;0;0;0;0;-38,574637;-3,77505
293380;1;8;2016;18:15;10416;RUA PERILIO TEIXEIRA;RUA LUIZ MARIANO;;236;;Colisão Transversal;Luz do Dia;Bom;Seca;Cruz;Pare;Comercial;0;1;3;1;0;0;0;0;0;1;0;0;-38,602264;-3,761521
293381;1;8;2016;20:15;0;RUA HOLANDA;RUA BERNARDO MANUEL;;;;Colisão Transversal;Luz do Dia;Bom;Seca;Meio de Quadra;Pare;Comercial;0;1;3;1;0;0;0;0;0;1;0;0;-38,554643;-3,809199
293388;1;8;2016;20:55;334;RUA NESTOR BARBOSA;RUA AMADEU FURTADO;;;;Colisão Transversal;Via Iluminada;Bom;Seca;Cruz;Pare;Residencial;0;1;3;1;0;0;0;0;0;1;0;0;-38,562047;-3,745408
293383;1;8;2016;21:50;0;RUA JOSE HIPOLITO;;;1559;;Colisão Lateral;Via Iluminada;Bom;Seca;Meio de Quadra;Não Há Controle;Comercial;0;0;4;1;0;0;0;0;0;1;0;0;;
293376;1;8;2016;10:40;1289;AV SANTOS DUMONT;RUA SILVA PAULET;;;;Colisão;Luz do Dia;;;Cruz;Pare;Comercial;0;0;2;0;0;0;0;0;0;1;0;0;-38,505258;-3,733985
293389;2;8;2016;17:00;22176;AV JOSE BASTOS;AV ENG HUMBERTO MONTE;;;;Colisão Lateral;Luz do Dia;Bom;Seca;T;Semáforo;Comercial;0;1;3;0;1;0;0;0;0;1;0;0;-38,555455;-3,754966
293387;2;8;2016;01:00;0;AV CEL CARVALHO;;;1861;;Colisão Traseira;Via Iluminada;Bom;Seca;Duplo T;Pare;Comercial;0;2;2;0;1;0;0;0;0;1;0;0;-38,587555;-3,718943
293392;2;8;2016;16:50;12863;AV DOMINGOS OLIMPIO;RUA FLORIANO PEIXOTO;;;;Choque c/ Obstáculo Fixo;Luz do Dia;;;Cruz;Não Há Controle;Comercial;0;0;1;1;0;0;0;0;0;0;0;0;-38,530313;-3,736976
293396;2;8;2016;08:00;5418;RUA GAL CLARINDO DE QUEIROZ;RUA ASSUNCAO;;;;Colisão Lateral;Luz do Dia;Bom;Seca;Cruz;Pare;Comercial;0;0;4;1;0;0;0;0;0;1;0;0;-38,528262;-3,733329
293407;2;8;2016;08:20;0;AV LAURO VIEIRA CHAVES;;;1628;;Colisão;Luz do Dia;;;Meio de Quadra;;;0;0;3;1;0;0;0;0;0;0;0;0;-38,542045;-3,771497
290731;2;8;2016;16:00;25615;AV EDILSON B SOARES;RUA NADIR SABOYA (EDSON QUEIROZ/SAPIRANGA);;;;Colisão Transversal;Luz do Dia;Bom;Seca;Cruz;Pare;Residencial;0;1;0;1;0;0;0;0;0;1;0;0;-38,465199;-3,788125
290725;2;8;2016;11:00;24340;RUA DES PRAXEDES;RUA SAO MATEUS D14;;;;Colisão Lateral;Luz do Dia;Bom;Seca;Cruz;Pare;Residencial;0;0;2;0;0;0;0;0;0;1;0;0;-38,53873;-3,764329
290734;2;8;2016;20:30;25874;RUA MARIA MIRTES PEREIRA;RUA MENOR JERONIMO;;;;Colisão Lateral;Via Iluminada;Bom;Seca;T;Não Há Controle;Outros;0;0;2;1;0;0;0;0;0;1;0;0;;
290736;2;8;2016;22:50;15195;AV ABOLICAO;RUA JOSE NAPOLEAO;;;;Colisão Lateral;Via Iluminada;Bom;Seca;Cruz;Semáforo Manual;Residencial;0;0;2;1;0;0;0;0;0;0;0;0;-38,490302;-3,726523
290741;2;8;2016;19:37;24226;RUA DES WALDETARIO P MOTA;RUA FAUSTO CABRAL;;;;Queda;Via Iluminada;Bom;Material Derrapante;Cruz;Não Há Controle;Residencial;0;1;0;0;0;0;0;0;0;1;0;0;-38,478283;-3,733093
290746;2;8;2016;15:30;5067;RUA PDE MORORO;RUA SEN ALENCAR;;;;Colisão Transversal;Luz do Dia;;;Cruz;Pare;Residencial;0;1;1;0;1;0;0;0;0;1;0;0;-38,536475;-3,72216
290748;2;8;2016;07:10;0;ET DO ANCURI;;;;;Colisão Lateral;Luz do Dia;Bom;Seca;Meio de Quadra;Não Há Controle;Residencial;0;0;2;1;0;0;0;0;0;1;0;0;;
290749;2;8;2016;14:45;20042;AV DEP PAULINO ROCHA;AV ALBERTO CRAVEIRO;;;;Colisão;Luz do Dia;Bom;Seca;;Semáforo;Comercial;0;1;1;1;0;0;0;0;0;1;0;0;-38,524782;-3,807229
290751;2;8;2016;07:20;24472;AV CEL CARVALHO;RUA RIO JURUA;;;;Colisão Transversal;Luz do Dia;Bom;Seca;Cruz;Pare;Comercial;0;0;2;1;0;0;0;0;0;0;0;0;-38,590807;-3,706322
290760;2;8;2016;08:35;12683;AV DA INDEPENDENCIA;RUA RIO PARAGUAI;;;;Colisão Traseira;Luz do Dia;Bom;Seca;Cruz;Pare;Residencial;0;0;2;1;0;0;0;0;0;0;0;0;-38,584571;-3,728827
290763;2;8;2016;13:40;12863;AV DOMINGOS OLIMPIO;RUA FLORIANO PEIXOTO;;;;Colisão Lateral;Luz do Dia;Bom;Seca;Cruz;Não Há Controle;Comercial;0;0;2;0;0;0;0;0;0;1;0;0;-38,530313;-3,736976
290765;2;8;2016;10:25;5069;RUA COS ESTELITA;RUA SAO PAULO;;;;Colisão Lateral;Luz do Dia;Bom;Seca;Cruz;Pare;Residencial;0;0;2;1;0;0;0;0;0;0;0;0;-38,538855;-3,722289
290769;2;8;2016;08:15;0;AV PRS CASTELO BRANCO;;;600;;Colisão Frontal;Luz do Dia;Bom;Seca;Meio de Quadra;;Residencial;0;0;2;1;0;0;0;0;0;1;0;0;;
290773;2;8;2016;18:15;20038;AV DR SILAS MUNGUBA;RUA CEL CHICO ALVES;;;;Colisão Lateral;Via Iluminada;Bom;Seca;T;Pare;Residencial;0;0;2;0;0;0;0;0;0;1;0;0;-38,525786;-3,806198
290775;2;8;2016;03:50;15117;AV HIS RAIMUNDO GIRAO;RUA MON BRUNO;;;;Choque c/ Obstáculo Fixo;Via Iluminada;Bom;Seca;T;Não Há Controle;Outros;0;0;1;1;0;0;0;0;0;0;0;0;-38,506415;-3,723076
290776;2;8;2016;10:20;7799;RUA JULIO SIQUEIRA;RUA ADOLFO PINHEIRO;;;;Colisão Lateral;Luz do Dia;Bom;Seca;Cruz;Pare;Comercial;0;0;2;1;0;0;0;0;0;0;0;0;-38,510432;-3,74906
295384;2;8;2016;16:06;0;AV EDILSON B SOARES;;;2293;;Colisão;Luz do Dia;;;Meio de Quadra;;;0;1;0;1;0;0;0;0;0;1;0;0;-38,465281;-3,788132
295374;2;8;2016;14:37;0;AV N CJ JOSE WALTER;;;380;;Colisão;Luz do Dia;;;Meio de Quadra;;;0;1;0;1;0;0;0;0;0;1;0;0;;
295368;2;8;2016;14:35;0;AV DR SILAS MUNGUBA;;;;;Colisão;Luz do Dia;;;Meio de Quadra;;;0;1;0;1;0;0;0;0;0;1;0;0;;
295350;2;8;2016;13:57;0;AV JOAO DE ARAUJO LIMA;;;48;;Queda;Luz do Dia;;;Meio de Quadra;;;0;1;0;0;0;0;0;0;0;1;0;0;;
295351;2;8;2016;14:10;0;RUA LOURDES VIDAL ALVES;;;766;;Colisão;Luz do Dia;;;Meio de Quadra;;;0;2;0;1;0;0;0;0;0;1;0;0;;
295346;2;8;2016;13:41;0;AV HERACLITO GRACA;;;1270;;Queda;Luz do Dia;Bom;Seca;Meio de Quadra;Não Há Controle;Comercial;0;1;2;1;0;0;0;0;0;1;0;0;;
295347;2;8;2016;13:52;0;RUA SEN ALENCAR;;;25;;Colisão;Luz do Dia;;;Meio de Quadra;;;0;1;0;1;0;0;0;0;0;1;0;0;;
295321;2;8;2016;05:53;309;AV ENG HUMBERTO MONTE;RUA ROTARY;;;;Colisão Transversal;Luz do Dia;Bom;Seca;Cruz;Pare;Comercial;0;1;5;1;0;0;0;0;0;1;0;0;-38,564784;-3,743862
295344;2;8;2016;13:25;0;RUA PDE MORORO;;;1202;;Colisão;Luz do Dia;;;Meio de Quadra;;;0;2;0;1;0;0;0;0;0;1;0;0;-38,538029;-3,727263
295342;2;8;2016;12:13;0;RUA TEN MOACIR MATOS;;;468;;Colisão;Luz do Dia;;;Meio de Quadra;;;0;1;0;1;0;0;0;0;0;1;0;0;-38,554775;-3,765733
295335;2;8;2016;09:28;23683;AV GAL OSORIO DE PAIVA;RUA GABRIEL FIUZA;;;;Colisão Transversal;Luz do Dia;Bom;Seca;Cruz;Pare;Comercial;0;0;4;1;0;0;0;0;0;1;0;0;-38,581746;-3,785294
295339;2;8;2016;10:41;0;AV OLIVEIRA PAIVA;;;1366;;Colisão;Luz do Dia;;;Meio de Quadra;;;0;1;0;1;0;0;0;0;0;1;0;0;-38,494221;-3,795488
295333;2;8;2016;08:43;0;RUA INES BRASIL;;;680;;Queda;Luz do Dia;;;Meio de Quadra;;;0;1;0;0;0;1;0;0;0;0;0;0;-38,519091;-3,803686
295329;2;8;2016;07:54;0;RUA PRO HERIBALDO COSTA;;;680;;Colisão;Luz do Dia;;;Meio de Quadra;;;0;1;0;1;0;0;0;0;0;1;0;0;;
295326;2;8;2016;06:01;0;RUA TEODOMIRO DE CASTRO;;;212;;Colisão;Luz do Dia;;;Meio de Quadra;;;0;1;0;0;0;0;0;0;0;0;0;0;;
295327;2;8;2016;07:48;0;AV PERIMETRAL;;;;;Colisão;Luz do Dia;;;Meio de Quadra;;;0;1;0;0;0;0;0;0;0;0;0;0;;
295419;2;8;2016;10:46;0;RD BR 116;;;14000;KM-14;Colisão;Luz do Dia;;;Meio de Quadra;;;0;1;0;0;0;0;0;0;0;0;0;0;-38,499242;-3,873523
295407;2;8;2016;22:38;0;AV FRANCISCO SA;;;5928;;Colisão;;;;Meio de Quadra;;;0;1;0;0;0;0;0;0;0;0;0;0;-38,57776;-3,710423
295408;2;8;2016;22:49;0;RUA DEP MATOSO FILHO;;;1039;;Colisão;;;;Meio de Quadra;;;0;2;0;0;0;0;0;0;0;0;0;0;-38,59302;-3,733486
295423;2;8;2016;20:29;3375;RUA VIRIATO RIBEIRO;RUA CEL NUNES DE MELO;;;;Capotamento;;;;Cruz;Gesto;Residencial;0;1;0;1;0;0;0;0;0;0;0;0;-38,557523;-3,754044
295388;2;8;2016;16:40;17378;RUA ALBERTO MAGNO;RUA ROMEU MARTINS;;;;Colisão Lateral;Luz do Dia;Bom;Seca;Cruz;Pare;Comercial;0;1;4;1;0;0;0;0;0;1;0;0;-38,551758;-3,766914
295391;2;8;2016;17:00;10051;RUA VITAL BRASIL;RUA TAUBATE;;;;Colisão;Anoitecer;;;Cruz;Pare;Comercial;0;1;0;0;0;0;0;0;0;0;0;0;-38,597995;-3,778012
295392;2;8;2016;17:14;0;RUA CARLINDO CRUZ;;;1000;;Queda;Anoitecer;;;Meio de Quadra;;;0;1;0;0;0;0;0;0;0;1;0;0;;
295393;2;8;2016;17:21;0;RUA BERNARDO MANUEL;;;7749;;Atropelamento;Anoitecer;;;Meio de Quadra;;;0;1;0;1;0;0;0;0;0;0;0;0;;
295394;2;8;2016;18:34;0;AV WASHINGTON SOARES;;;;;Colisão;;;;Meio de Quadra;;;0;1;0;1;0;0;0;0;0;1;0;0;;
295395;2;8;2016;18:41;0;RUA DOM HELIO CAMPOS D21;;;90;;Colisão;;;;Meio de Quadra;;;0;1;0;0;0;0;0;0;0;0;0;0;;
295399;2;8;2016;19:06;0;AV PAROARAS;;;800;;Colisão;;;;Meio de Quadra;;;0;1;0;1;0;0;0;0;0;1;0;0;-38,540679;-3,809387
295400;2;8;2016;19:22;0;RUA 112 CJ ESPERANCA;;;439;;Queda;;;;Meio de Quadra;;;0;1;0;0;0;0;0;0;0;1;0;0;;