COD_ACIDENTE;DIA;MES;ANO;HORA;INTERSECAO;LOG1;LOG2;LOG3;NUMERO;REFERENCIA;NATUREZA;ILUMINACAO;TEMPO;SUPERFICIEPISTA;TIPOCRUZAMENTO;CONTROLETRAFEGO;USOSOLO;MORTOS;FERIDOS;ILESOS;AUTOMOVEL;ONIBUS;BICICLETA;CAMINHAO;MICROONIBUS;CICLOMOTOR;MOTOCICLETA;TRACAOANIMAL;TREM;LONG;LAT
295401;2;8;2016;19:55;0;RD BR 116;;;3000;KM-03;Queda;;;;Meio de Quadra;;;0;2;0;0;0;0;0;0;0;1;0;0;-38,514372;-3,779838
295403;2;8;2016;20:26;0;AV DR SILAS MUNGUBA;;;4376;;Colisão;;;;Meio de Quadra;;;0;1;0;0;0;0;0;0;0;1;0;0;-38,536489;-3,79194
295397;2;8;2016;19:05;0;AV WASHINGTON SOARES;;;1321;;Queda;;;;Meio de Quadra;;;0;1;0;0;0;0;0;0;0;1;0;0;-38,482426;-3,766578
295405;2;8;2016;20:37;0;AV AUGUSTO DOS ANJOS;;;1915;;Colisão Transversal;Via Iluminada;Bom;Seca;Não Informado;Não Há Controle;Comercial;0;0;2;1;0;0;0;0;0;1;0;0;-38,580876;-3,782139
296755;2;8;2016;10:40;0;RD BR 116;;;15000;KM-15;Colisão Traseira;Luz do Dia;;;Meio de Quadra;;;0;1;1;0;0;1;0;0;0;0;0;0;-38,501113;-3,882329
292731;2;8;2016;07:05;0;RD CE-040;;;;KM-03;Colisão;Luz do Dia;Bom;Seca;Meio de Quadra;;;0;0;2;1;0;0;0;0;0;0;0;0;-38,481799;-3,773616
292733;2;8;2016;07:50;0;RD CE-040;;;;KM-08;Colisão;Luz do Dia;Bom;Seca;Meio de Quadra;;;0;1;1;1;0;0;0;0;0;1;0;0;-38,483033;-3,817159
292734;2;8;2016;08:20;0;AV SEN CARLOS JEREISSATI (AEROPORTO);;;;;Colisão;Luz do Dia;Bom;Seca;Meio de Quadra;;;0;0;2;1;0;0;0;0;0;0;0;0;;
292735;2;8;2016;18:37;0;RD CE-040;;;;KM-10;Queda;;Bom;Seca;Meio de Quadra;;;0;0;1;0;0;0;0;0;0;1;0;0;-38,482466;-3,834451
301444;2;8;2016;08:03;0;AV PONTES VIEIRA;;;2391;;Colisão Transversal;Luz do Dia;Bom;Seca;Não Informado;Semáforo;Comercial;0;0;2;1;0;0;0;0;0;0;0;0;;
301445;2;8;2016;08:25;0;AV PRS COSTA E SILVA;;;5183;;Colisão Lateral;Luz do Dia;Bom;Seca;Meio de Quadra;Não Há Controle;Industrial;0;0;1;0;1;0;0;0;0;0;0;0;-38,534158;-3,82797
301446;2;8;2016;11:00;0;AV BORGES DE MELO;;;0;SINDIONIBUS;Colisão Lateral;Luz do Dia;Bom;Seca;Cruz;Não Há Controle;Comercial;0;0;2;1;1;0;0;0;0;0;0;0;;
301447;2;8;2016;14:22;0;RUA MARCOS MACEDO;;;247;;Colisão Lateral;Luz do Dia;Bom;Seca;Duplo T;Não Há Controle;Comercial;0;0;2;1;0;0;0;0;0;0;0;0;-38,499465;-3,73366
301448;2;8;2016;15:45;17932;RUA DRACON BARRETO;RUA GAL GOIS MONTEIRO;;0;;Colisão Lateral;Luz do Dia;Bom;Seca;Cruz;Pare;Residencial;0;0;2;1;0;0;0;0;0;0;0;0;-38,579178;-3,733801
301449;2;8;2016;16:47;5369;RUA PEDRO I;RUA ASSUNCAO;;0;;Colisão Transversal;Luz do Dia;Bom;Seca;Cruz;Pare;Comercial;0;0;3;1;0;0;0;0;0;0;0;0;-38,527661;-3,731527
301450;2;8;2016;17:39;0;AV CARNEIRO DE MENDONCA;;;80;;Colisão Traseira;Anoitecer;Bom;Seca;Meio de Quadra;Semáforo;Residencial;0;0;2;1;0;0;0;0;0;0;0;0;-38,560537;-3,766929
301451;2;8;2016;20:20;0;AV PONTES VIEIRA;;;1000;;Colisão Traseira;Mal Iluminada;Bom;Seca;Meio de Quadra;Não Há Controle;Comercial;0;0;2;1;0;0;0;0;0;0;0;0;-38,51131;-3,752472
301452;2;8;2016;12:12;5625;AV DES GONZAGA;AV ROGACIANO LEITE;;0;;Colisão Transversal;Luz do Dia;Bom;Seca;T;Pare;Comercial;0;2;0;0;0;0;0;0;1;1;0;0;-38,503866;-3,788545
301453;3;8;2016;07:30;0;RUA VICENTE PADILHA;;;650;;Colisão Frontal;Luz do Dia;Bom;Seca;Meio de Quadra;Não Há Controle;Comercial;0;0;2;1;0;0;0;0;0;0;0;0;-38,539378;-3,771308
301454;3;8;2016;06:35;22082;RUA CAP FRANCISCO PEDRO;RUA ALEXANDRE BARAUNA;;0;;Colisão Transversal;Luz do Dia;Bom;Seca;Cruz;Pare;Comercial;0;0;2;0;0;0;0;0;0;0;0;0;-38,550539;-3,74902
301455;3;8;2016;08:10;0;AV SANTOS DUMONT;;;6400;;Engavetamento;Luz do Dia;Bom;Seca;Meio de Quadra;Não Há Controle;Residencial;0;0;3;1;0;0;0;0;0;0;0;0;-38,475231;-3,743687
301456;3;8;2016;09:20;15366;RUA PRO DIAS DA ROCHA;RUA PEREIRA VALENTE;;0;;Colisão Transversal;Luz do Dia;Bom;Seca;Cruz;Pare;Comercial;0;1;1;1;0;0;0;0;0;0;0;0;-38,491243;-3,734132
301457;3;8;2016;10:45;15372;RUA CEL JUCA;AV DOM LUIS;;0;;Colisão Transversal;Luz do Dia;Bom;Seca;Meio de Quadra;Semáforo;Comercial;0;0;2;1;0;0;0;0;0;0;0;0;-38,490579;-3,735452
301458;3;8;2016;11:59;0;AV ALBERTO CRAVEIRO;;;0;;Colisão Lateral;Luz do Dia;Bom;Seca;Rotatória;Dê Preferência;Lazer;0;0;2;1;0;0;0;0;0;0;0;0;;
301459;3;8;2016;12:00;0;AV DUQ CAXIAS;;;153;;Colisão Traseira;Luz do Dia;Bom;Seca;Meio de Quadra;Não Há Controle;Comercial;0;0;2;1;0;0;0;0;0;0;0;0;-38,525922;-3,733061
301460;3;8;2016;11:47;5438;RUA METON DE ALENCAR;RUA ASSUNCAO;;0;;Colisão Lateral;Luz do Dia;Bom;Seca;Cruz;Pare;Comercial;0;0;2;1;0;0;0;0;0;0;0;0;-38,528594;-3,734332
301461;3;8;2016;11:25;15278;RUA LEONARDO MOTA;RUA SILVA JATAHY;;0;;Colisão Transversal;Luz do Dia;Bom;Seca;Cruz;Pare;Residencial;0;0;2;1;0;0;0;0;0;0;0;0;-38,493878;-3,728986
301462;3;8;2016;18:48;0;AV ABOLICAO;;;2727;;Colisão Transversal;Anoitecer;Bom;Seca;Outros;Não Há Controle;Comercial;0;0;2;1;1;0;0;0;0;0;0;0;-38,495392;-3,727318
301463;3;8;2016;20:36;19179;AV SANTOS DUMONT;RUA JULIO AZEVEDO;;0;;Colisão Lateral;Anoitecer;Bom;Seca;Cruz;Semáforo;Comercial;0;0;2;1;1;0;0;0;0;0;0;0;-38,481471;-3,741662
301464;3;8;2016;20:39;7862;AV ANTONIO SALES;RUA PRO DIAS DA ROCHA;;0;;Colisão Transversal;Via Iluminada;Bom;Seca;Cruz;Pare;Comercial;0;0;2;1;0;0;0;0;0;0;0;0;-38,495535;-3,747586
301465;3;8;2016;19:50;7821;RUA NUNES VALENTE;RUA JULIO SIQUEIRA;;0;;Colisão Transversal;Via Iluminada;Bom;Seca;Cruz;Pare;Residencial;0;0;2;1;0;0;0;0;0;0;0;0;-38,5081;-3,749819
301466;3;8;2016;22:05;0;RUA MAL DEODORO;;;755;;Colisão Lateral;Via Iluminada;Bom;Seca;Meio de Quadra;Não Há Controle;Residencial;0;0;2;1;1;0;0;0;0;0;0;0;-38,536096;-3,742012
296773;3;8;2016;19:30;0;RD BR 116;;;2000;KM-02;Colisão Traseira;;;;Meio de Quadra;;;0;2;1;0;1;0;0;0;0;1;0;0;-38,51678;-3,771391
295521;3;8;2016;15:25;0;RUA MOURA MATOS;;;1405;;Colisão;Luz do Dia;;;Meio de Quadra;;;0;1;0;1;0;0;0;0;0;1;0;0;-38,541581;-3,814174
295515;3;8;2016;06:47;0;AV GAL OSORIO DE PAIVA;;;4729;;Colisão;Luz do Dia;;;Meio de Quadra;;;0;1;0;1;0;0;0;0;0;1;0;0;-38,597924;-3,800449
295526;3;8;2016;17:03;0;RUA OSCAR ARARIPE;;;113;;Atropelamento;Anoitecer;;;Meio de Quadra;;;0;1;0;0;0;0;0;0;0;1;0;0;-38,592325;-3,793467
295506;3;8;2016;20:12;18755;AV B CJ HAB ST SAO JOAO;RUA 35 CJ HAB ST S JOAO;;;;Colisão;;;;Cruz;Pare;Residencial;0;2;0;0;0;0;0;0;0;0;0;0;-38,517948;-3,847111
295511;3;8;2016;20:22;0;RUA CEL MANUEL ALBANO;;;;;Colisão;;;;Meio de Quadra;;;0;1;0;0;0;0;0;0;0;0;0;0;;
295512;3;8;2016;20:37;0;AV DR SILAS MUNGUBA;;;5541;;Colisão;;;;Meio de Quadra;;;0;1;0;1;0;0;0;0;0;1;0;0;-38,530157;-3,800821
295513;3;8;2016;22:02;0;RUA CON DE CASTRO;;;;;Queda;;;;Meio de Quadra;;;0;1;0;0;0;0;0;0;0;1;0;0;;
295476;3;8;2016;17:38;1424;RUA CARLOS VASCONCELOS;AV HERACLITO GRACA;;;;Colisão;Anoitecer;;;Cruz;Semáforo;Comercial;0;1;0;1;0;1;0;0;0;0;0;0;-38,512285;-3,73759
295472;3;8;2016;16:47;0;RUA 1 CJ JOSE WALTER;;;1023;;Colisão;Luz do Dia;;;Meio de Quadra;;;0;1;0;0;0;0;0;0;0;0;0;0;;
295473;3;8;2016;16:50;0;AV PERIMETRAL;;;;;Colisão;Luz do Dia;;;Meio de Quadra;;;0;2;0;1;0;0;0;0;0;0;0;0;;
295474;3;8;2016;17:33;0;RUA COSME JERONIMO;;;1322;;Colisão;Anoitecer;;;Meio de Quadra;;;0;1;0;0;0;0;0;0;0;1;0;0;;
295478;3;8;2016;17:39;614;RUA IRINEU DE SOUZA;AV DR THEBERGE;;;;Colisão;Anoitecer;;;;;;0;3;0;0;0;0;0;0;0;0;0;0;-38,564134;-3,712143
295480;3;8;2016;17:40;0;AV DOMINGOS OLIMPIO;;;472;;Atropelamento;Anoitecer;;;Meio de Quadra;;;0;1;0;0;0;0;0;0;0;1;0;0;;
295481;3;8;2016;18:40;0;AV GAL OSORIO DE PAIVA;;;7421;;Colisão;;;;Meio de Quadra;;;0;1;0;0;0;0;0;0;0;0;0;0;-38,613792;-3,816805
295490;3;8;2016;18:57;0;AV MR HULL;;;471;;Colisão;;;;Meio de Quadra;;;0;2;0;0;0;0;0;0;0;1;0;0;;
295464;3;8;2016;13:27;0;RUA PORTO VELHO;;;1040;;Colisão;Luz do Dia;;;Meio de Quadra;;;0;1;0;0;0;0;0;0;0;1;0;0;;
295468;3;8;2016;14:08;0;AV DR SILAS MUNGUBA;;;23;;Colisão;Luz do Dia;;;Meio de Quadra;;;0;1;0;1;0;0;0;0;0;1;0;0;;
295469;3;8;2016;16:30;5965;AV C CJ CEARA;AV F CJ CEARA;;;;Colisão;Luz do Dia;;;Cruz;Pare;Residencial;0;1;0;1;0;0;0;0;0;1;0;0;;
295460;3;8;2016;12:50;0;AV WASHINGTON SOARES;;;6623;;Queda;Luz do Dia;;;Meio de Quadra;;;0;1;0;0;0;0;0;0;0;1;0;0;-38,482441;-3,816268
295434;3;8;2016;19:19;0;RUA FRANCISCO LORDA;;;307;;Colisão;;;;Meio de Quadra;;;0;1;0;1;0;0;0;0;0;1;0;0;-38,53185;-3,761926
295440;3;8;2016;00:16;12646;RUA ERETIDES ALENCAR;RUA GUILHERME MENDES;;;;Colisão;;;;Cruz;Pare;Residencial;0;1;0;1;0;0;0;0;0;1;0;0;-38,582412;-3,721082
295444;3;8;2016;01:06;0;RUA CEL FRANCISCO ALVES RIBEIRO;;;241;;Colisão;;;;Meio de Quadra;;;0;1;0;1;0;0;0;0;0;1;0;0;-38,509654;-3,831917
295445;3;8;2016;06:23;0;AV MAE LISBOA;;;;;Colisão;Luz do Dia;;;Meio de Quadra;;;0;1;0;0;0;0;0;0;0;0;0;0;;
295447;3;8;2016;07:35;25766;AV H CJ CEARA;RUA UMUARAMA (GRANJA PORTUGAL);;;;Colisão Transversal;Luz do Dia;Bom;Seca;Duplo T;Pare;Comercial;0;0;4;0;0;1;0;0;0;1;0;0;;
295449;3;8;2016;07:47;0;RUA DR JUSTA ARAUJO D45;;;71;;Atropelamento;Luz do Dia;;;Meio de Quadra;;;0;1;0;0;0;0;0;0;0;1;0;0;-38,550393;-3,777051
295450;3;8;2016;07:53;0;AV FRANCISCO SA;;;5438;;Colisão;Luz do Dia;;;Meio de Quadra;;;0;1;0;1;0;0;0;0;0;1;0;0;-38,572556;-3,712213
290779;3;8;2016;00:00;0;RUA CEL FRANCISCO ALVES RIBEIRO;;;;;Colisão Transversal;Via Iluminada;Bom;Seca;Cruz;Não Há Controle;Residencial;1;0;1;0;0;0;1;0;0;1;0;0;-38,509848;-3,832836
290770;3;8;2016;08:40;0;AV 13 DE MAIO;;;;;Colisão Traseira;Luz do Dia;Bom;;Meio de Quadra;;Comercial;0;1;2;1;0;0;0;0;0;1;0;0;;
290724;3;8;2016;18:05;23567;AV GOV RAUL BARBOSA;RUA ESV PINHEIRO;;;;Colisão Transversal;Via Iluminada;Bom;Seca;T;Pare;Residencial;0;0;2;1;0;0;0;0;0;0;0;0;-38,507767;-3,761659
290740;3;8;2016;12:00;0;AV FRANCISCO SA;;;2810;;Colisão Lateral Sentido Oposto;Luz do Dia;Bom;Seca;Meio de Quadra;Não Há Controle;Comercial;0;1;1;1;0;0;0;0;0;1;0;0;-38,550705;-3,719612
290735;3;8;2016;21:00;1445;RUA DES LEITE ALBUQUERQUE;RUA VICENTE LEITE;;;;Colisão Transversal;Via Iluminada;Bom;Seca;Cruz;Pare;Comercial;0;0;2;1;0;0;0;0;0;0;0;0;-38,495734;-3,738178
290685;3;8;2016;15:15;0;AV GAL OSORIO DE PAIVA;;;3957;;Colisão Lateral;Luz do Dia;Bom;Seca;Meio de Quadra;Semáforo;Comercial;0;2;1;0;0;0;0;0;0;1;0;0;-38,590157;-3,792489
290699;3;8;2016;16:30;0;AV FRANCISCO SA;;;5156;;Colisão Lateral;Luz do Dia;Bom;Seca;Meio de Quadra;Semáforo Intermitente;Comercial;0;1;1;1;0;0;0;0;0;1;0;0;-38,5704;-3,712953
290694;3;8;2016;14:00;978;AV BORGES DE MELO;RD BR 116;;;;Queda;Luz do Dia;Bom;Seca;Outros;Pare;Outros;0;1;0;0;0;0;0;0;0;1;0;0;-38,518888;-3,761468
290704;3;8;2016;09:10;3177;RUA ANSELMO NOGUEIRA;RUA CARLOS CHAGAS;;;;Colisão Transversal;Luz do Dia;Bom;Seca;Cruz;Pare;Comercial;0;2;2;1;0;0;0;0;0;1;0;0;-38,586797;-3,779698
290788;3;8;2016;08:00;0;RUA CEL MATOS DOURADO;;;440;;Atropelamento;Luz do Dia;Bom;Seca;Meio de Quadra;;Comercial;1;1;1;0;0;0;0;0;0;1;0;0;-38,585069;-3,742839
290789;3;8;2016;15:40;19331;RUA PRO GOMES BRASIL;AV GAL OSORIO DE PAIVA;;;;Colisão Lateral;Luz do Dia;Bom;Seca;Outros;Semáforo;Comercial;0;0;2;1;1;0;0;0;0;0;0;0;-38,566451;-3,775618
290790;3;8;2016;14:00;0;AV OLIVEIRA PAIVA;;;;;Colisão Traseira;Luz do Dia;Bom;Seca;Meio de Quadra;Semáforo;Comercial;0;0;2;1;0;0;0;0;0;0;0;0;;
290794;3;8;2016;20:15;15975;AV GODOFREDO MACIEL;RUA CEL MANUEL ALBANO;;;;Colisão Transversal;Via Iluminada;Bom;Seca;Cruz;Pare;Comercial;0;0;1;1;0;0;0;0;1;0;0;0;-38,57278;-3,805644
290768;3;8;2016;15:20;0;AV CARAPINIMA;;;;;Colisão Lateral;Luz do Dia;Bom;Seca;Meio de Quadra;Não Há Controle;;0;0;2;1;1;0;0;0;0;0;0;0;;
290801;3;8;2016;16:30;17325;AV PRO GOMES DE MATOS;RUA ALVARO FERNANDES;;;;Colisão Lateral;Luz do Dia;Bom;Seca;T;Pare;Comercial;0;0;2;1;0;0;0;0;0;0;0;0;-38,548736;-3,764768
293398;3;8;2016;14:25;13233;AV F CJ JOSE WALTER;AV L CJ JOSE WALTER;;;;Colisão Transversal;Luz do Dia;Bom;Seca;Cruz;Não Há Controle;Residencial;0;1;6;1;0;0;0;0;0;1;0;0;-38,558805;-3,835328
293402;3;8;2016;12:00;0;RUA OLIVEIRA VIANA;;;220;;Colisão;Luz do Dia;;;Meio de Quadra;;;0;0;2;0;0;0;0;0;0;0;0;0;;
293403;3;8;2016;12:50;0;AV DOM MANUEL;;;1008;;Engavetamento;Luz do Dia;Bom;Seca;Meio de Quadra;Não Há Controle;Comercial;0;0;4;1;0;0;0;0;0;1;0;0;-38,522603;-3,732956
293405;3;8;2016;16:15;11729;RUA DIOGO CORREIA;RUA JOSE GASPAR;;;;Colisão;Luz do Dia;;;T;Pare;Residencial;0;1;1;0;0;0;1;0;0;1;0;0;-38,588831;-3,773538
292848;3;8;2016;13:45;0;RD CE-040;;;;KM-04;Colisão;Luz do Dia;Bom;Seca;Meio de Quadra;;;0;0;2;0;0;0;0;0;0;1;0;0;-38,481084;-3,782614
292851;3;8;2016;17:40;0;RD CE-040;;;;KM-04;Engavetamento;Anoitecer;Bom;Seca;Meio de Quadra;;;0;0;3;1;0;0;0;0;0;0;0;0;-38,481084;-3,782614
291818;3;8;2016;19:00;0;RUA TIMBAUBA;;;;;Atropelamento;;;;Meio de Quadra;;;1;1;0;0;0;0;0;0;0;1;0;0;;
291819;3;8;2016;09:38;9071;AV VIS RIO BRANCO;RUA CEL JOSE EUCLIDES;;;;Colisão Traseira;Luz do Dia;Bom;Seca;T;Pare;Comercial;1;0;1;0;0;0;0;0;0;1;0;0;-38,520804;-3,751925
292977;4;8;2016;11:20;0;AV SEN CARLOS JEREISSATI (AEROPORTO);;;;KM 02;Colisão;Luz do Dia;Bom;Seca;Meio de Quadra;;;0;0;2;0;0;0;0;0;0;0;0;0;-38,535424;-3,782194
292975;4;8;2016;07:30;0;RD CE-060;;;;KM-02;Colisão;Luz do Dia;Bom;Seca;Meio de Quadra;;;0;0;2;1;0;0;0;0;0;0;0;0;-38,582918;-3,836668
293438;4;8;2016;22:56;11977;RUA 212 CJ SAO CRISTOVAO;AV CONTORNO NORTE (SAO CRSITOVAO);;;;Colisão;;;;;;;0;0;2;1;0;0;0;0;0;0;0;0;-38,523562;-3,831663
290795;4;8;2016;18:50;0;AV JOVITA FEITOSA;;;2968;;Colisão Lateral;;;;Meio de Quadra;;;0;0;2;1;0;0;0;0;0;0;0;0;-38,564164;-3,741431
290785;4;8;2016;08:20;18743;RUA VALPARAISO;RUA CATOLE;;;;Colisão Transversal;Luz do Dia;;;Cruz;Pare;Residencial;0;0;2;1;0;0;0;0;0;0;0;0;-38,520171;-3,846407
290792;4;8;2016;20:00;839;RUA MAJ JOSE ARAUJO AGUIAR;AV GOV RAUL BARBOSA;;;;Colisão Lateral;;;;T;Pare;Comercial;0;2;1;1;0;0;0;0;0;1;0;0;-38,51302;-3,775451
290817;4;8;2016;13:00;15572;RUA NICOLAU COELHO;RUA CEL JOAO OLIVEIRA;;;;Colisão Transversal;Luz do Dia;;;Cruz;Pare;Residencial;0;0;2;1;0;0;0;0;0;0;0;0;-38,492544;-3,822264
290838;4;8;2016;15:30;13490;AV RUI BARBOSA;RUA PINHO PESSOA;;;;Colisão Transversal;Luz do Dia;;;Cruz;Pare;Misto;0;0;2;1;0;0;0;0;0;0;0;0;-38,512465;-3,745389
290800;4;8;2016;21:00;0;RUA JOSE CANDIDO D08;;;312;;Colisão;;;;Meio de Quadra;;;0;0;2;1;0;0;0;0;0;0;0;0;;
290853;4;8;2016;02:30;1493;AV PDE ANTONIO TOMAS;RUA OSVALDO CRUZ (ALDEOTA);;;;Choque c/ Obstáculo Fixo;;;;Cruz;Semáforo;Comercial;0;0;1;1;0;0;0;0;0;0;0;0;-38,501588;-3,739538
290866;4;8;2016;18:00;0;RUA JOSE ABILIO;;;885;;Colisão;Anoitecer;;;;;;0;3;0;0;0;0;0;0;0;1;0;0;;
290874;4;8;2016;16:20;0;AV PRS CASTELO BRANCO;;;2092;;Engavetamento;Luz do Dia;;;Meio de Quadra;;;0;0;3;1;0;0;1;0;0;0;0;0;-38,546758;-3,714386
290693;4;8;2016;16:20;5455;RUA ANTONIO POMPEU;RUA FLORIANO PEIXOTO;;;;Colisão Transversal;Luz do Dia;;;Cruz;Pare;Comercial;0;1;1;1;0;0;0;0;0;0;0;0;-38,529685;-3,735086
290737;4;8;2016;22:05;22296;RUA PDE ANCHIETA;RUA SOARES BULCAO;;;;Colisão Lateral;;;;Cruz;Pare;Comercial;0;0;2;1;0;0;0;0;0;0;0;0;-38,552133;-3,731832
290722;4;8;2016;20:30;24698;AV MOZART PINHEIRO DE LUCENA;RUA RERIUTABA;;;;Colisão Transversal;;;;Cruz;Outros;Residencial;0;0;2;1;1;0;0;0;0;0;0;0;-38,59462;-3,714529
290750;4;8;2016;10:20;0;RUA GERMANO FRANCK;;;;;Colisão;Luz do Dia;;;Meio de Quadra;;;0;0;2;1;0;0;0;0;0;0;0;0;;
290761;4;8;2016;23:15;26227;AV GAL OSORIO DE PAIVA;RUA AGAMENON;;;;Colisão Transversal;;;;Cruz;Semáforo;Comercial;0;1;1;1;0;0;0;0;0;1;0;0;;
290754;4;8;2016;11:25;19448;AV GAL OSORIO DE PAIVA;RUA ARMANDO PAIVA D34;;;;Colisão Transversal;Luz do Dia;;;T;Pare;Comercial;0;1;1;1;0;1;0;0;0;0;0;0;-38,57295;-3,779702
295532;4;8;2016;12:56;0;AV PERIMETRAL;;;;;Colisão;Luz do Dia;;;Meio de Quadra;;;0;1;0;1;0;0;0;0;0;1;0;0;;
295533;4;8;2016;06:52;0;RUA BERNARDO MANUEL;;;;;Colisão;Luz do Dia;;;Meio de Quadra;;;0;1;0;1;0;0;0;0;0;1;0;0;;
295534;4;8;2016;09:14;0;AV J CJ JOSE WALTER;;;1551;;Colisão;Luz do Dia;;;Meio de Quadra;;;0;1;0;1;0;1;0;0;0;0;0;0;-38,557998;-3,838749
295535;4;8;2016;10:31;0;AV PRS COSTA E SILVA;;;;;Colisão;Luz do Dia;;;Meio de Quadra;;;0;1;0;0;0;0;0;0;0;0;0;0;;
295536;4;8;2016;11:16;0;AV DA INDEPENDENCIA;;;2445;;Atropelamento;Luz do Dia;;;Meio de Quadra;;;0;1;0;0;0;0;0;0;0;1;0;0;-38,601931;-3,723683
295547;4;8;2016;16:07;0;AV COS GOMES DE FREITAS (SAPIRANGA/COITE);;;3400;;Colisão;Luz do Dia;;;Meio de Quadra;;;0;1;0;0;0;0;0;0;0;0;0;0;-38,476491;-3,795406
295539;4;8;2016;12:55;0;AV DES MOREIRA;;;;;Queda;Luz do Dia;;;Meio de Quadra;;;0;1;0;0;0;0;0;0;0;1;0;0;;
295540;4;8;2016;14:29;11164;RUA JULIO GASPAR;RUA FAGUNDES VARELA;;;;Queda;Luz do Dia;;;Cruz;Pare;Residencial;0;1;0;0;0;0;0;0;0;1;0;0;-38,562332;-3,783086
295541;4;8;2016;14:53;1354;RUA PRO DIAS DA ROCHA;RUA MARCOS MACEDO;;;;Colisão;Luz do Dia;;;Cruz;Pare;Rural;0;1;0;1;0;0;0;0;0;1;0;0;-38,491883;-3,736168
295542;4;8;2016;15:41;0;AV EDILSON B SOARES;;;1424;;Queda;Luz do Dia;;;Meio de Quadra;;;0;1;0;0;0;0;0;0;0;1;0;0;-38,473189;-3,788815
295556;4;8;2016;16:43;0;AV PERIMETRAL;;;243;;Queda;Luz do Dia;;;Meio de Quadra;;;0;1;0;0;0;0;0;0;0;1;0;0;;
295557;4;8;2016;17:23;25519;AV GOV RAUL BARBOSA;AV ALM HENRIQUE SABOIA;;;;Colisão;Anoitecer;;;;Não Há Controle;Comercial;0;1;0;1;0;0;0;0;0;1;0;0;-38,50458;-3,758466
295617;4;8;2016;23:05;0;AV CASTELO DE CASTRO;;;1698;;Colisão;;;;Meio de Quadra;;;0;1;0;0;0;0;0;0;0;0;0;0;;
295614;4;8;2016;21:03;13233;AV L CJ JOSE WALTER;AV F CJ JOSE WALTER;;;;Atropelamento;;;;Rotatória;Dê Preferência;Residencial;0;1;0;1;0;0;0;0;0;0;0;0;-38,558805;-3,835328
295606;4;8;2016;10:51;0;RUA CAUBI;;;1358;;Queda;Luz do Dia;;;Meio de Quadra;;;0;1;0;0;0;0;0;0;0;1;0;0;;
295604;4;8;2016;23:13;15280;RUA TEN BENEVOLO;RUA DR JOSE LOURENCO;;;;Colisão;;;;Cruz;Pare;Residencial;0;1;0;1;0;0;0;0;0;0;0;0;-38,50601;-3,729029
295608;4;8;2016;11:56;0;AV TRISTAO GONCALVES;;;200;;Colisão;Luz do Dia;;;Meio de Quadra;;;0;2;0;0;0;0;0;0;0;1;0;0;-38,532145;-3,723603
295595;4;8;2016;21:50;0;RUA GERMANO FRANCK;;;928;;Colisão;;;;Meio de Quadra;;;0;1;0;1;0;0;0;0;0;1;0;0;-38,564446;-3,7793
295586;4;8;2016;21:34;0;RD BR 116;;;8000;KM-08;Colisão;;;;Meio de Quadra;;;0;2;0;0;0;0;0;0;0;0;0;0;-38,503269;-3,822018
295583;4;8;2016;20:46;0;RUA BERNARDO MANUEL;;;8851;;Colisão;;;;Meio de Quadra;;;0;1;0;1;0;0;0;0;0;1;0;0;-38,550884;-3,796941
295590;4;8;2016;21:44;0;RUA CEL DIONISIO ALENCAR;;;;;Colisão;;;;Meio de Quadra;;;0;1;0;0;0;0;0;0;0;0;0;0;;
295561;4;8;2016;18:03;0;RUA SABIAGUABA;;;1810;;Colisão;Anoitecer;;;Meio de Quadra;;;0;1;0;0;0;0;0;0;0;1;0;0;-38,442124;-3,787799
295563;4;8;2016;18:06;0;AV GAL OSORIO DE PAIVA;;;8003;;Colisão;Anoitecer;;;Meio de Quadra;;;0;1;0;0;0;0;0;0;0;1;0;0;-38,618011;-3,821165
295564;4;8;2016;18:08;0;AV PDE ANTONIO TOMAS;;;;;Colisão;Anoitecer;;;Meio de Quadra;;;0;1;0;0;0;0;0;0;0;1;0;0;;
295565;4;8;2016;18:10;0;RUA CEL JOAQUIM FRANKLIN;;;525;;Colisão;Anoitecer;;;Meio de Quadra;;;0;1;0;1;0;0;0;0;0;1;0;0;-38,591035;-3,742908
295566;4;8;2016;19:22;0;RUA PRO VIRGILIO DE MORAIS;;;569;;Colisão;;;;Meio de Quadra;;;0;1;0;1;0;0;0;0;0;1;0;0;-38,597192;-3,754056
296792;4;8;2016;21:30;0;RD BR 116;;;8000;KM-08;Colisão Lateral;;;;Meio de Quadra;;;0;3;0;0;0;0;0;0;0;1;0;0;-38,503269;-3,822018
301467;4;8;2016;07:58;18498;AV GOV PARSIFAL BARROSO;RUA MARIA MIRIAN F  DE SOUZA;;0;;Colisão Traseira;Luz do Dia;Bom;Seca;Meio de Quadra;Semáforo;Residencial;0;0;2;0;0;0;0;0;0;0;0;0;-38,568958;-3,733515
301468;4;8;2016;06:50;0;RUA MATOS VASCONCELOS;;;850;;Queda;Luz do Dia;Bom;Material Derrapante;Meio de Quadra;Não Há Controle;Residencial;0;1;0;0;0;0;0;0;0;1;0;0;;
301469;4;8;2016;10:15;0;RUA PDE PEDRO DE ALENCAR;;;587;;Colisão Traseira;Luz do Dia;Bom;Seca;Cruz;Semáforo;Comercial;0;0;2;1;0;0;0;0;0;0;0;0;-38,494044;-3,833088
301470;4;8;2016;11:01;0;RUA JOAQUIM NABUCO;RUA NUNES VALENTE;;0;;Colisão Transversal;Luz do Dia;Bom;Seca;Cruz;Pare;Comercial;0;0;1;1;0;0;0;0;0;0;0;0;;