COD_ACIDENTE;DIA;MES;ANO;HORA;INTERSECAO;LOG1;LOG2;LOG3;NUMERO;REFERENCIA;NATUREZA;ILUMINACAO;TEMPO;SUPERFICIEPISTA;TIPOCRUZAMENTO;CONTROLETRAFEGO;USOSOLO;MORTOS;FERIDOS;ILESOS;AUTOMOVEL;ONIBUS;BICICLETA;CAMINHAO;MICROONIBUS;CICLOMOTOR;MOTOCICLETA;TRACAOANIMAL;TREM;LONG;LAT
301471;4;8;2016;11:25;0;RUA NOGUEIRA ACIOLI;;;1093;;Choque c/ Obstáculo Fixo;Luz do Dia;Bom;Seca;Meio de Quadra;Não Há Controle;Residencial;0;0;1;0;0;0;0;0;0;0;0;0;-38,517908;-3,733446
301472;4;8;2016;11:36;25254;RUA CRISANTO M DA ROCHA;RUA JOAQUIM DE FIGUEIREDO FILHO;;0;;Colisão Transversal;Luz do Dia;Bom;Seca;Cruz;Pare;Residencial;0;0;2;1;0;0;0;0;0;0;0;0;;
301473;4;8;2016;12:00;0;RUA CEL JOAO OLIVEIRA;;;972;;Colisão Lateral;Luz do Dia;Bom;Seca;T;Não Há Controle;Residencial;0;1;1;1;0;0;0;0;0;0;0;0;;
301474;4;8;2016;16:50;0;AV HERACLITO GRACA;;;141;;Colisão Traseira;Luz do Dia;Bom;Seca;Meio de Quadra;Não Há Controle;Comercial;0;0;4;1;0;0;0;0;0;0;0;0;-38,52303;-3,733988
301475;4;8;2016;16:34;7873;RUA BARBOSA DE FREITAS;AV PONTES VIEIRA;;0;;Colisão Traseira;Luz do Dia;Bom;Seca;Cruz;Semáforo;Comercial;0;0;2;1;0;0;0;0;0;0;0;0;-38,502094;-3,751381
301476;4;8;2016;16:10;0;RUA GERMANO FRANCK;;;720;;Colisão Traseira;Luz do Dia;Bom;Seca;Meio de Quadra;Não Há Controle;Comercial;0;0;2;1;0;0;0;0;0;0;0;0;-38,562071;-3,777298
301477;4;8;2016;16:30;0;AV JOAO DE ARAUJO LIMA;;;280;;Colisão Lateral;Luz do Dia;Bom;Seca;T;Pare;Residencial;0;0;2;0;0;0;0;0;0;0;0;0;-38,558723;-3,823717
301478;4;8;2016;20:30;15156;RUA CARLOS VASCONCELOS;RUA ANTONELE BEZERRA;;0;;Colisão Transversal;Via Iluminada;Bom;Seca;T;Semáforo;Residencial;0;0;2;1;0;0;0;0;0;0;0;0;-38,508178;-3,724886
301479;5;8;2016;00:25;15280;RUA TEN BENEVOLO;RUA DR JOSE LOURENCO;;0;;Colisão Transversal;Via Iluminada;Bom;Seca;Cruz;Pare;Comercial;0;0;2;1;0;0;0;0;0;0;0;0;-38,50601;-3,729029
301480;5;8;2016;05:40;21379;AV JOVITA FEITOSA;RUA PRO RAIMUNDO ARRUDA;;0;;Colisão Traseira;Luz do Dia;Bom;Seca;Cruz;Semáforo;Comercial;0;0;2;1;0;0;0;0;0;0;0;0;-38,550998;-3,738742
301481;5;8;2016;07:18;1593;RUA VICENTE LINHARES;RUA CEL LINHARES;;0;;Colisão Lateral;Luz do Dia;Bom;Seca;T;Gesto;Escola;0;0;2;1;0;0;0;0;0;0;0;0;-38,496335;-3,743427
301482;5;8;2016;07:58;15159;AV RUI BARBOSA;RUA ANTONELE BEZERRA;;0;;Colisão Traseira;Luz do Dia;Bom;Seca;Cruz;Pare;Residencial;0;0;3;1;0;0;0;0;0;0;0;0;-38,505881;-3,725012
301483;5;8;2016;08:16;0;RUA MIN JOAQUIM BASTOS D14;;;100;;Colisão Lateral;Luz do Dia;Bom;Seca;Meio de Quadra;Não Há Controle;Comercial;0;0;1;1;0;0;0;0;0;0;0;0;-38,526356;-3,755365
301484;5;8;2016;09:04;0;AV TRISTAO GONCALVES;;;1113;;Colisão Traseira;Luz do Dia;Bom;Seca;Meio de Quadra;Não Há Controle;Comercial;0;0;2;1;1;0;0;0;0;0;0;0;-38,534526;-3,731493
301485;5;8;2016;09:19;0;RUA MAJ WEYNE;;;336;;Colisão Transversal;Luz do Dia;Bom;Seca;Meio de Quadra;Não Há Controle;Comercial;0;0;1;1;0;0;0;0;0;1;0;0;-38,540472;-3,752103
301486;5;8;2016;08:30;13771;AV PINTO BANDEIRA D56;RUA LUIZA MIRANDA COELHO;;0;;Colisão Transversal;Luz do Dia;Bom;Seca;Cruz;Pare;Residencial;0;1;1;1;0;0;0;0;0;0;0;0;-38,487283;-3,774929
301487;5;8;2016;11:02;3767;AV DOMINGOS OLIMPIO;AV IMPERADOR;;0;;Colisão Traseira;Luz do Dia;Bom;Seca;Cruz;Semáforo;Comercial;0;0;2;1;0;0;0;0;0;0;0;0;-38,536697;-3,73479
301488;5;8;2016;11:14;1485;RUA ANTONIO AUGUSTO;RUA PDE VALDEVINO;;0;;Colisão Transversal;Luz do Dia;Bom;Seca;Cruz;Pare;Comercial;0;0;2;1;0;0;0;0;0;0;0;0;-38,516489;-3,739239
301489;5;8;2016;11:59;0;AV OLIVEIRA PAIVA;;;0;;Colisão Traseira;Luz do Dia;Bom;Seca;Meio de Quadra;Não Há Controle;Comercial;0;0;2;1;0;0;0;0;0;1;0;0;;
301490;5;8;2016;12:23;17378;RUA ALBERTO MAGNO;RUA ROMEU MARTINS;;0;;Colisão Transversal;Luz do Dia;Bom;Seca;Cruz;Pare;Comercial;0;0;2;1;0;0;0;0;0;0;0;0;-38,551758;-3,766914
301491;5;8;2016;13:11;0;RUA BENTO ALBUQUERQUE;;;333;;Colisão Lateral;Luz do Dia;Bom;Seca;Meio de Quadra;Gesto;Não Informado;0;0;2;1;0;0;0;0;0;0;0;0;-38,486459;-3,742703
301492;5;8;2016;14:08;15099;RUA JOAO CORDEIRO;AV BEIRA MAR;;0;;Colisão Traseira;Luz do Dia;Bom;Seca;T;Pare;Comercial;0;0;2;1;0;0;0;0;0;0;0;0;-38,51141;-3,720256
301493;5;8;2016;15:10;3840;RUA MAL DEODORO;RUA PDE FRANCISCO PINTO;;0;;Colisão Lateral;Luz do Dia;Bom;Não informada;T;Pare;Residencial;0;0;2;1;1;0;0;0;0;0;0;0;-38,537712;-3,745565
301494;5;8;2016;15:59;7762;AV ANTONIO SALES;RUA NUNES VALENTE;;0;;Colisão Transversal;Luz do Dia;Bom;Seca;Cruz;Pare;Residencial;0;0;1;1;1;0;0;0;0;0;0;0;-38,506314;-3,744237
301495;5;8;2016;17:29;25760;RUA JOAQUIM MOREIRA D36;RUA CARLOS AMORA;;0;;Colisão Traseira;Luz do Dia;Bom;Seca;Y;Pare;Residencial;0;0;2;1;0;0;0;0;0;0;0;0;;
301496;5;8;2016;18:10;0;AV A CJ CEARA;;;855;;Colisão Transversal;Anoitecer;Bom;Seca;Meio de Quadra;Semáforo;Comercial;0;0;2;1;1;0;0;0;0;0;0;0;;
301497;5;8;2016;21:04;0;AV VICENTE DE CASTRO;;;4753;;Colisão Lateral;Via Iluminada;Bom;Seca;T;Não Há Controle;Comercial;0;2;0;1;1;0;0;0;0;0;0;0;;
301506;5;8;2016;16:07;0;AV SGT HERMINIO SAMPAIO;TR SAO JOSE D46;;0;;Colisão Transversal;Anoitecer;Bom;Seca;T;Não Há Controle;Residencial;0;1;1;1;0;0;0;0;0;1;0;0;;
295619;5;8;2016;06:27;0;AV DOM LUIS;;;;;Queda;Luz do Dia;;;Meio de Quadra;;;0;1;0;0;0;0;0;0;0;1;0;0;;
295621;5;8;2016;06:37;0;RUA PRO JOSE HENRIQUE;;;1022;;Colisão;Luz do Dia;;;Meio de Quadra;;;0;1;0;0;0;0;0;0;0;0;0;0;;
295639;5;8;2016;12:56;0;AV WASHINGTON SOARES;;;;;Colisão;Luz do Dia;;;Meio de Quadra;;;0;1;0;1;0;0;0;0;0;0;0;0;;
295635;5;8;2016;11:14;0;RUA FRANCISCO ALMEIDA;;;524;;Atropelamento;Luz do Dia;;;Meio de Quadra;;;0;1;0;0;0;0;0;0;0;1;0;0;-38,592133;-3,819162
295636;5;8;2016;12:06;0;RUA PESSOA ANTA;;;14;;Atropelamento;Luz do Dia;;;;;;0;1;0;0;0;0;0;0;0;1;0;0;-38,52313;-3,721247
295637;5;8;2016;12:49;0;RUA GAL ONOFRE;;;;;Colisão;Luz do Dia;;;Meio de Quadra;;;0;1;0;1;0;0;0;0;0;1;0;0;;
295623;5;8;2016;06:50;0;AV AUGUSTO DOS ANJOS;;;682;;Colisão;Luz do Dia;;;Meio de Quadra;;;0;3;0;0;0;0;0;0;0;1;0;0;-38,573924;-3,774263
295624;5;8;2016;07:01;0;RUA DUAS NACOES;;;372;;Colisão;Luz do Dia;;;Meio de Quadra;;;0;1;0;0;0;0;0;0;0;1;0;0;-38,601593;-3,775312
295628;5;8;2016;07:59;0;AV PERIMETRAL;;;37;;Colisão;Luz do Dia;;;Meio de Quadra;;;0;1;0;1;0;0;0;0;0;0;0;0;;
295629;5;8;2016;07:59;0;RUA VINTE E TRES DE OUTUBRO;;;116;;Atropelamento;Luz do Dia;;;Meio de Quadra;;;0;1;0;1;0;0;0;0;0;0;0;0;;
295631;5;8;2016;08:19;0;AV GAL OSORIO DE PAIVA;;;7798;;Queda;Luz do Dia;;;Meio de Quadra;;;0;1;0;0;0;0;0;0;0;1;0;0;-38,617322;-3,820464
295632;5;8;2016;09:49;0;AV CEL CARVALHO;;;3619;;Colisão;Luz do Dia;;;Meio de Quadra;;;0;1;0;1;0;0;0;0;0;1;0;0;;
295701;5;8;2016;21:58;0;RUA BOA VISTA;;;651;;Atropelamento;;;;Meio de Quadra;;;0;1;0;0;0;0;0;0;0;1;0;0;-38,586522;-3,76878
295693;5;8;2016;19:20;0;RUA 12 CJ JOSE WALTER;;;;;Colisão;;;;Meio de Quadra;;;0;1;0;1;0;1;0;0;0;0;0;0;;
295691;5;8;2016;15:55;0;RUA MAL BITENCOURT;;;969;;Queda;Luz do Dia;;;Meio de Quadra;;;0;1;0;0;0;0;0;0;0;1;0;0;-38,529982;-3,791861
295697;5;8;2016;20:35;0;RUA PIN ANTONIO BANDEIRA;;;1030;;Colisão;;;;Meio de Quadra;;;0;1;0;0;0;0;0;0;0;1;0;0;;
295686;5;8;2016;06:46;2412;AV FRANCISCO SA;RUA IRAPUA;;7630;;Colisão Transversal;Luz do Dia;Bom;Seca;Cruz;Pare;Comercial;0;0;4;1;0;0;0;0;0;1;0;0;-38,586099;-3,706356
295679;5;8;2016;22:29;0;RUA PRO DIAS DA ROCHA;;;337;;Atropelamento;;;;Meio de Quadra;;;0;1;0;1;0;0;0;0;0;0;0;0;-38,490585;-3,732107
295680;5;8;2016;23:13;0;AV PERIMETRAL;;;;;Colisão;;;;Meio de Quadra;;;0;1;0;1;0;0;0;0;0;1;0;0;;
295682;5;8;2016;23:47;0;AV JOSE BASTOS;;;3830;;Colisão;;;;Meio de Quadra;;;0;1;0;1;0;0;0;0;0;1;0;0;-38,552363;-3,751911
295641;5;8;2016;14:12;0;RUA VENEZUELA;;;234;;Colisão;Luz do Dia;;;Meio de Quadra;;;0;1;0;1;0;0;0;0;0;1;0;0;-38,547117;-3,765982
295645;5;8;2016;14:13;2822;AV GAL OSORIO DE PAIVA;RUA OSCAR ARARIPE;;;;Colisão;Luz do Dia;;;T;Semáforo;Comercial;0;1;0;1;0;0;0;0;0;1;0;0;-38,591823;-3,794165
295651;5;8;2016;15:16;0;AV DO VAQUEIRO;;;1632;;Queda;Luz do Dia;;;Meio de Quadra;;;0;1;0;0;0;0;0;0;0;1;0;0;-38,505468;-3,858879
295652;5;8;2016;15:28;0;AV CEL CARVALHO;;;1751;;Queda;Luz do Dia;;;Meio de Quadra;;;0;1;0;0;0;0;0;0;0;1;0;0;-38,587919;-3,717592
295657;5;8;2016;16:21;0;RUA CEL FABRICIANO;;;;;Colisão;Luz do Dia;;;Meio de Quadra;;;0;1;0;1;0;1;0;0;0;0;0;0;;
295663;5;8;2016;16:22;0;AV WASHINGTON SOARES;;;1010;;Colisão;Luz do Dia;;;Meio de Quadra;;;0;1;0;1;0;0;0;0;0;1;0;0;-38,482678;-3,763699
295666;5;8;2016;17:34;0;RUA BRAGANCA;;;954;;Colisão;Anoitecer;;;Meio de Quadra;;;0;2;0;1;0;0;0;0;0;1;0;0;-38,596951;-3,782175
295668;5;8;2016;17:40;0;RUA 1018 CJ CEARA;;;148;;Atropelamento;Anoitecer;;;Meio de Quadra;;;0;1;0;0;0;0;0;0;0;0;0;0;-38,616421;-3,770193
295670;5;8;2016;18:09;0;RUA VITAL BRASIL;;;50;;Colisão;Anoitecer;;;Meio de Quadra;;;0;1;0;0;0;0;0;0;0;0;0;0;-38,581684;-3,782629
295671;5;8;2016;19:13;19539;AV DR SILAS MUNGUBA;RUA EQUADOR;;;;Colisão Traseira;Luz do Dia;Bom;Seca;Cruz;Semáforo;Comercial;0;0;3;1;1;0;0;0;0;0;0;0;-38,555434;-3,782377
295673;5;8;2016;20:35;0;RUA MIGUEL CALMON;;;290;;Colisão;;;;Meio de Quadra;;;0;0;1;0;0;0;0;0;0;1;0;0;;
295674;5;8;2016;21:06;0;RUA URUCUTUBA;;;1814;;Colisão;;;;Meio de Quadra;;;0;1;0;1;0;0;0;0;0;1;0;0;-38,612598;-3,798269
295676;5;8;2016;22:15;0;RUA BIAS MENDES;;;2158;;Queda;;;;Meio de Quadra;;;0;1;0;0;0;1;0;0;0;0;0;0;;
290756;5;8;2016;19:00;8057;AV JOAO PESSOA;RUA ANTONIO MARTINS;;;;Colisão Transversal;Via Iluminada;Bom;Seca;T;Pare;Misto;0;2;1;1;0;0;0;0;0;1;0;0;-38,552153;-3,755443
290757;5;8;2016;08:15;25307;AV DES GONZAGA;AV JOSE LEON;;;;Colisão Lateral;Luz do Dia;Bom;Seca;T;Pare;Comercial;0;1;1;1;0;0;0;0;0;1;0;0;-38,504513;-3,78708
290752;5;8;2016;10:30;0;RUA PDE PEDRO DE ALENCAR;;;523;;Colisão Traseira;Luz do Dia;Bom;Seca;Meio de Quadra;Semáforo;Comercial;0;0;2;1;0;0;0;0;0;0;0;0;-38,494025;-3,832658
290753;5;8;2016;16:30;22252;RUA MON JOAO DANTAS;RUA PDE LEOPOLDO FERNANDES;;;;Colisão Lateral;Luz do Dia;Bom;Seca;T;Pare;Residencial;0;0;2;1;0;0;0;0;0;0;0;0;-38,563705;-3,733078
290766;5;8;2016;17:30;10145;RUA LONDRINA;RUA TAUBATE;;;;Colisão Transversal;Via Iluminada;Bom;Seca;Cruz;Outros;Residencial;0;1;1;1;0;0;0;0;0;1;0;0;-38,599145;-3,782173
290767;5;8;2016;13:45;0;AV PONTES VIEIRA;;;;;Colisão Traseira;Luz do Dia;Bom;Seca;Meio de Quadra;Semáforo;Residencial;0;0;2;1;0;0;0;0;0;0;0;0;;
290706;5;8;2016;14:15;0;RUA CANDIDO HOLANDA;;;475;;Colisão Lateral;Luz do Dia;Bom;Seca;Meio de Quadra;;;0;1;1;1;0;0;0;0;0;1;0;0;;
290708;5;8;2016;02:30;1550;RUA PDE VALDEVINO;RUA DR JOSE LOURENCO;;;;Colisão Lateral;Via Iluminada;Bom;Seca;Cruz;Semáforo;Residencial;0;1;1;1;0;0;0;0;0;0;0;0;-38,509928;-3,741307
290900;5;8;2016;18:00;9758;RUA OSCAR ARARIPE;RUA TRES CORACOES;;;;Colisão;Via Iluminada;Bom;Seca;Cruz;Pare;Residencial;0;1;1;1;0;0;0;0;0;1;0;0;-38,610072;-3,787743
290901;5;8;2016;20:50;0;AV GODOFREDO MACIEL;;;917;;Colisão Lateral;Via Iluminada;Bom;Seca;Meio de Quadra;Não Há Controle;Comercial;0;0;2;1;0;0;1;0;0;0;0;0;-38,566159;-3,784339
290905;5;8;2016;00:10;12848;RUA SALDANHA MARINHO;RUA FLORIANO PEIXOTO;;;;Colisão Transversal;Via Iluminada;Bom;Seca;Cruz;Pare;Residencial;0;1;1;1;0;0;0;0;0;1;0;0;-38,532005;-3,74207
290903;5;8;2016;11:10;0;RUA PEDRO LAZAR;;;;;Colisão Transversal;Luz do Dia;Bom;Seca;Meio de Quadra;Pare;Comercial;0;0;2;1;1;0;0;0;0;0;0;0;;
290910;5;8;2016;14:40;6801;RUA ANDRADE FURTADO;RUA PRO OTAVIO LOBO;;;;Colisão Transversal;Luz do Dia;Bom;Seca;Cruz;Semáforo;Comercial;0;0;2;1;0;0;0;0;0;0;0;0;-38,479651;-3,74575
290912;5;8;2016;14:30;22083;RUA CAP FRANCISCO PEDRO;RUA DELMIRO FARIAS;;;;Colisão;Luz do Dia;Bom;Seca;Cruz;Pare;Outros;0;1;1;0;0;0;0;0;0;1;0;0;-38,549818;-3,748223
290914;5;8;2016;10:50;0;AV DEP PAULINO ROCHA;;;;ROTATÓRIA;Colisão Traseira;Luz do Dia;Bom;Seca;Meio de Quadra;Gesto;Comercial;0;0;2;1;0;0;0;0;0;1;0;0;;
293406;5;8;2016;02:00;0;AV OLIVEIRA PAIVA;;;;;Colisão;;;;Meio de Quadra;;;0;0;2;0;0;0;0;0;0;1;0;0;;
293434;5;8;2016;16:40;25231;AV PRS COSTA E SILVA;AV I CJ JOSE WALTER;;;;Colisão Transversal;Luz do Dia;Bom;Seca;Cruz;Semáforo;Rural;0;1;2;0;0;0;0;0;0;1;0;0;-38,550232;-3,823494
293435;5;8;2016;18:20;16347;RUA NOVA FORTALEZA (MONDUBIM);RUA VINTE QUATRO DE MAIO;;;;Colisão;Anoitecer;;;;;;0;1;1;0;1;1;0;0;0;0;0;0;-38,574658;-3,839344
291821;5;8;2016;18:25;0;RD BR 222;;;400;KM-01;Atropelamento;Anoitecer;;;Meio de Quadra;;;1;0;1;1;0;0;0;0;0;0;0;0;-38,578147;-3,737698
291822;5;8;2016;11:15;0;AV PRS CASTELO BRANCO;;;;;Colisão;Luz do Dia;;;Meio de Quadra;;;1;0;1;0;0;0;0;0;0;1;0;0;-38,571071;-3,707358
291731;6;8;2016;17:00;0;RUA OSCAR FRANCA;;;;;Colisão;Anoitecer;;;Meio de Quadra;;;1;0;1;0;0;0;0;0;0;1;0;0;;
291736;6;8;2016;23:20;0;RUA CATOLE;;;2865;;Choque c/ Obstáculo Fixo;;;;Meio de Quadra;;;1;0;0;0;0;0;0;0;0;1;0;0;-38,522627;-3,855034
293431;6;8;2016;20:44;15246;RUA CARLOS VASCONCELOS;RUA TEN BENEVOLO;;;;Colisão;;;;Cruz;Semáforo;Comercial;0;1;1;1;0;0;0;0;0;0;0;0;-38,509174;-3,727989
293432;6;8;2016;22:17;0;RUA ENG LUIS MONTENEGRO;;;67;;Colisão Transversal;Via Iluminada;Bom;Seca;T;Não Há Controle;Residencial;0;3;2;0;0;0;0;0;0;1;0;0;;
293429;6;8;2016;09:20;13408;AV ANTONIO SALES;RUA BAR ARACATI;;;;Colisão Lateral;Luz do Dia;Bom;Seca;Cruz;Não Há Controle;Comercial;0;1;3;1;0;0;0;0;0;1;0;0;-38,514894;-3,741563
293408;6;8;2016;10:12;10863;RUA PORTO VELHO;RUA PRO HERIBALDO COSTA;;;;Colisão;Luz do Dia;;;Cruz;Semáforo;Residencial;0;1;1;0;0;0;0;0;0;1;0;0;-38,587014;-3,765974
293439;6;8;2016;21:00;15598;RUA VASCO DE ATAIDE;RUA PERO VAZ;;;;Colisão Traseira;Via Iluminada;Bom;Seca;Cruz;Pare;Residencial;0;2;3;1;0;0;0;0;0;1;0;0;-38,492192;-3,823368
293441;6;8;2016;22:10;25949;RUA STENIO GOMES (JD OLIVEIRAS);AV DES FELICIANO DE ATAIDE (JD DAS OLIVEIRAS);;;;Colisão;;;;;;;0;1;1;1;0;0;0;0;0;1;0;0;;
292979;6;8;2016;11:15;0;RD CE-040;;;;KM-04;Colisão;Luz do Dia;Bom;Seca;Meio de Quadra;;;0;0;2;1;0;0;0;0;0;0;0;0;-38,481084;-3,782614
292980;6;8;2016;;0;RD CE-040;;;;KM-06;Colisão;;Bom;Seca;Meio de Quadra;;;0;0;2;0;0;0;0;0;0;0;0;0;-38,479535;-3,800596
292981;6;8;2016;14:40;0;AV SEN CARLOS JEREISSATI (AEROPORTO);;;;KM 03;Colisão;Luz do Dia;Bom;Seca;Meio de Quadra;;;0;0;2;1;0;0;0;0;0;0;0;0;-38,544038;-3,779641
292983;6;8;2016;17:00;0;RD CE-040;;;;KM-06;Colisão;Anoitecer;Bom;Seca;Meio de Quadra;;;0;0;2;1;0;0;0;0;0;0;0;0;-38,479535;-3,800596
292989;6;8;2016;18:50;0;RD CE-040;;;;KM-03;Colisão;;Bom;Seca;Meio de Quadra;;;0;0;2;1;0;0;0;0;0;0;0;0;-38,481799;-3,773616
292991;6;8;2016;19:00;0;RD CE-060;;;;KM-03;Atropelamento de Animal;;Bom;Seca;Meio de Quadra;;;0;0;1;1;0;0;0;0;0;0;0;0;-38,585024;-3,843072
290786;6;8;2016;10:45;0;AV SANTOS DUMONT;;;6132;;Colisão Transversal;Luz do Dia;Bom;Seca;Meio de Quadra;Não Há Controle;Comercial;0;0;2;1;0;0;1;0;0;0;0;0;-38,477171;-3,743063
290738;6;8;2016;14:40;613;AV DR THEBERGE;RUA ANTONIO FONTENELE;;;;Colisão Frontal;Luz do Dia;Bom;Seca;T;Pare;Residencial;0;0;2;1;0;0;0;0;0;1;0;0;-38,565388;-3,715989
290727;6;8;2016;02:20;5135;RUA SAO PAULO;AV TRISTAO GONCALVES;;;;Colisão Lateral;Via Iluminada;Bom;Seca;Cruz;Semáforo;Comercial;0;0;2;1;0;0;0;0;0;1;0;0;-38,532395;-3,724419
290732;6;8;2016;06:20;11630;RUA PRO HERIBALDO COSTA;RUA BOA VISTA;;;;Colisão Lateral;Luz do Dia;Bom;Seca;Cruz;Pare;Residencial;0;1;1;0;1;0;0;0;0;1;0;0;-38,588035;-3,767974
290764;6;8;2016;21:00;8025;AV JOAO PESSOA;RUA PRO COSTA MENDES;;;;Colisão Transversal;Via Iluminada;Bom;Seca;Cruz;Semáforo;Comercial;0;2;1;1;0;0;0;0;0;1;0;0;-38,549441;-3,752393
290771;6;8;2016;12:00;0;RUA PDE VALDEVINO;;;225;;Colisão Traseira;Luz do Dia;Bom;Seca;Meio de Quadra;Outros;Comercial;0;0;2;1;0;0;0;0;0;1;0;0;-38,521831;-3,737553
290774;6;8;2016;13:30;579;AV FRANCISCO SA;RUA CRUZEIRO DO SUL;;;;Colisão Transversal;Luz do Dia;Bom;Seca;Cruz;Pare;Comercial;0;1;1;1;0;0;0;0;0;1;0;0;-38,563034;-3,715499
290778;6;8;2016;13:00;5060;RUA CASTRO E SILVA;AV IMPERADOR;;;;Colisão Lateral;Luz do Dia;Bom;Seca;Cruz;Semáforo;Comercial;0;0;2;1;1;0;0;0;0;0;0;0;-38,532916;-3,722013
290781;6;8;2016;15:30;0;AV JOR THOMAZ COELHO;;;2230;;Colisão Lateral;Luz do Dia;Bom;Seca;Meio de Quadra;Não Há Controle;Comercial;0;1;1;0;1;1;0;0;0;0;0;0;-38,515246;-3,827967
290783;6;8;2016;20:30;7892;RUA PRO DIAS DA ROCHA;RUA PRO FRANCISCO GONCALVES;;;;Colisão Frontal;Via Iluminada;Bom;Seca;Cruz;Não Há Controle;Residencial;0;0;2;1;0;0;0;0;0;0;0;0;-38,495852;-3,748582
290762;6;8;2016;02:00;1423;RUA OSVALDO CRUZ (ALDEOTA);RUA TORRES CAMARA;;;;Colisão Transversal;Via Iluminada;Bom;Seca;Cruz;Semáforo;Residencial;0;0;2;1;0;0;0;0;0;0;0;0;-38,500953;-3,737574
290759;6;8;2016;10:30;16112;RUA BERNARDO MANUEL;RUA SAO JOSE D44;;;;Colisão Lateral;Luz do Dia;Bom;Seca;T;Pare;Residencial;0;0;2;1;0;0;0;0;0;0;0;0;-38,556173;-3,814338
290742;6;8;2016;08:30;13260;AV J CJ JOSE WALTER;RUA 60 CJ JOSE WALTER;;;;Queda;Luz do Dia;Bom;Seca;Cruz;Pare;Residencial;0;0;2;1;0;0;0;0;0;1;0;0;-38,55747;-3,836974
290744;6;8;2016;18:59;15835;RUA CEL DIONISIO ALENCAR;RUA MANUEL CASTELO BRANCO;;;;Colisão Transversal;Via Iluminada;Bom;Seca;Cruz;Pare;Comercial;0;0;2;1;0;0;0;0;0;0;0;0;-38,488281;-3,832973
295719;6;8;2016;02:05;15326;AV BAR STUDART;RUA PEREIRA FILGUEIRAS;;;;Colisão;;;;Cruz;Semáforo;Comercial;0;2;0;1;0;0;0;0;0;1;0;0;-38,505361;-3,73081
295714;6;8;2016;02:01;0;AV PERIMETRAL;;;1878;;Colisão;;;;Meio de Quadra;;;0;1;0;0;0;0;0;0;0;0;0;0;;
295728;6;8;2016;04:41;0;RUA QUINZE (CANINDEZINHO);;;;;Queda;;;;Meio de Quadra;;;0;1;0;0;0;0;0;0;0;1;0;0;;
295734;6;8;2016;06:40;0;RUA PRO MOREIRA DE SOUSA (PASSARE);;;397;;Colisão;Luz do Dia;;;Meio de Quadra;;;0;1;0;0;0;0;0;0;0;0;0;0;;
295741;6;8;2016;07:30;6788;RUA DES WALDETARIO P MOTA;AV SANTOS DUMONT;;;;Colisão;Luz do Dia;;;Cruz;Semáforo;Misto;0;1;0;1;0;0;0;0;0;1;0;0;-38,483309;-3,741093
295753;6;8;2016;12:15;0;RUA DES WALDETARIO P MOTA;;;1244;;Colisão;Luz do Dia;;;Meio de Quadra;;;0;1;0;0;0;0;0;0;0;0;0;0;-38,483018;-3,74063
295756;6;8;2016;12:44;0;AV PRS JUSCELINO KUBITSCHEK (PASSARÉ);;;3470;;Colisão;Luz do Dia;;;Meio de Quadra;;;0;1;0;0;0;0;0;0;0;0;0;0;;
295759;6;8;2016;14:20;0;RUA SAO CIPRIANO;;;1080;;Atropelamento;Luz do Dia;;;Meio de Quadra;;;0;1;0;1;0;0;0;0;0;0;0;0;;
295738;6;8;2016;07:11;0;RUA ARI MAIA;;;;;Colisão;Luz do Dia;;;Meio de Quadra;;;0;1;0;1;0;0;0;0;0;1;0;0;;
295746;6;8;2016;10:17;0;AV AUGUSTO DOS ANJOS;;;100;;Colisão;Luz do Dia;;;Meio de Quadra;;;0;1;0;0;0;0;0;0;0;1;0;0;;
295748;6;8;2016;10:28;0;RUA URUCUTUBA;;;;;Atropelamento;Luz do Dia;;;Meio de Quadra;;;0;1;0;1;0;0;0;0;0;0;0;0;;
295750;6;8;2016;11:12;0;RUA CEL VIRGILIO TAVORA (BARROSO);;;311;;Queda;Luz do Dia;;;Meio de Quadra;;;0;2;0;0;0;0;0;0;0;1;0;0;-38,506158;-3,819386
295766;6;8;2016;14:36;0;RUA CABO VERDE;;;646;;Colisão;Luz do Dia;;;Meio de Quadra;;;0;1;0;1;0;0;0;0;0;1;0;0;-38,521908;-3,850468
295775;6;8;2016;15:11;0;RUA OLIMPIO LEITE;;;701;;Queda;Luz do Dia;;;Meio de Quadra;;;0;1;0;0;0;1;0;0;0;0;0;0;;
295779;6;8;2016;15:24;0;AV PERIMETRAL;;;;;Colisão;Luz do Dia;;;Meio de Quadra;;;0;1;0;0;0;0;0;0;0;0;0;0;;
295781;6;8;2016;15:46;0;RUA VASCO DE ATAIDE;;;276;;Colisão;Luz do Dia;;;Meio de Quadra;;;0;1;0;0;0;0;0;0;0;0;0;0;-38,491068;-3,823505
295783;6;8;2016;16:23;0;RUA MARIO A ARARIPE;;;;;Colisão;Luz do Dia;;;Meio de Quadra;;;0;1;0;1;0;0;0;0;0;1;0;0;;
295785;6;8;2016;16:31;0;RUA ELISEU UCHOA BECCO;;;450;;Colisão;Luz do Dia;;;Meio de Quadra;;;0;1;0;1;0;0;0;0;0;1;0;0;;
295795;6;8;2016;18:05;0;AV MOZART PINHEIRO DE LUCENA;;;2654;;Atropelamento;Anoitecer;;;Meio de Quadra;;;0;1;0;0;0;0;0;0;0;1;0;0;-38,598316;-3,727462
295796;6;8;2016;18:14;0;RUA GAL CAIADO DE CASTRO;;;12;;Colisão;Anoitecer;;;Meio de Quadra;;;0;1;0;1;0;0;0;0;0;1;0;0;-38,488469;-3,783181