COD_ACIDENTE;DIA;MES;ANO;HORA;INTERSECAO;LOG1;LOG2;LOG3;NUMERO;REFERENCIA;NATUREZA;ILUMINACAO;TEMPO;SUPERFICIEPISTA;TIPOCRUZAMENTO;CONTROLETRAFEGO;USOSOLO;MORTOS;FERIDOS;ILESOS;AUTOMOVEL;ONIBUS;BICICLETA;CAMINHAO;MICROONIBUS;CICLOMOTOR;MOTOCICLETA;TRACAOANIMAL;TREM;LONG;LAT
295797;6;8;2016;18:21;0;RUA MIGUEL GURGEL;;;;;Colisão;Anoitecer;;;Meio de Quadra;;;0;1;0;1;0;0;0;0;0;0;0;0;;
295793;6;8;2016;16:50;0;AV GODOFREDO MACIEL;;;;;Colisão;Luz do Dia;;;Meio de Quadra;;;0;1;0;1;0;0;0;0;0;1;0;0;;
295799;6;8;2016;18:49;0;AV AREIA BRANCA;;;512;;Colisão;;;;Meio de Quadra;;;0;1;0;0;0;0;0;0;0;1;0;0;-38,475745;-3,727604
295800;6;8;2016;18:56;0;AV DOM MANUEL;;;929;;Queda;;;;Meio de Quadra;;;0;1;0;0;0;1;0;0;0;0;0;0;-38,52232;-3,732095
295801;6;8;2016;19:01;22124;RUA PRO COSTA MENDES;RUA MAJ PEDRO SAMPAIO;;;;Colisão;;;;Cruz;Pare;Comercial;0;1;0;1;0;1;0;0;0;0;0;0;-38,554665;-3,747674
295788;6;8;2016;16:37;1189;RUA OLIMPIO LEITE;RUA OZELIA PONTES;;;;Queda;Luz do Dia;;;;;;0;1;0;0;0;1;0;0;0;0;0;0;-38,477183;-3,818592
295817;6;8;2016;19:38;0;AV FRANCISCO SA;;;;;Colisão;;;;Meio de Quadra;;;0;1;0;0;0;0;0;0;0;0;0;0;;
295822;6;8;2016;19:55;0;AV PONTES VIEIRA;;;;;Atropelamento;;;;Meio de Quadra;;;0;1;0;0;0;0;0;0;0;1;0;0;;
295831;6;8;2016;20:21;0;AV WASHINGTON SOARES;;;7108;;Capotamento;;;;Meio de Quadra;;;0;2;0;1;0;0;0;0;0;0;0;0;-38,482953;-3,818655
295825;6;8;2016;19:55;7957;AV PONTES VIEIRA;AV BAR STUDART;;;;Atropelamento;;;;T;Semáforo Intermitente;Comercial;0;1;0;0;0;0;0;0;0;1;0;0;-38,512361;-3,75259
295827;6;8;2016;20:00;0;RUA GURGEL DO AMARAL;;;1526;;Colisão;;;;Meio de Quadra;;;0;1;0;1;0;0;0;0;0;1;0;0;;
295828;6;8;2016;20:02;9297;AV FRANCISCO SA;RUA CESAR CORREIA;;;;Colisão;;;;Cruz;Pare;Comercial;0;1;0;0;0;0;0;0;0;0;0;0;-38,573313;-3,711949
295844;6;8;2016;20:24;0;AV RUI BARBOSA;;;3361;;Queda;;;;Meio de Quadra;;;0;1;0;0;0;0;0;0;0;1;0;0;-38,513968;-3,751812
295852;6;8;2016;20:41;0;RUA DOM XISTO ALBANO;;;;;Atropelamento;;;;Meio de Quadra;;;0;2;0;0;0;0;0;0;0;1;0;0;;
295855;6;8;2016;20:48;0;AV GODOFREDO MACIEL;;;;;Colisão;;;;Meio de Quadra;;;0;1;0;0;0;0;0;0;0;0;0;0;;
295857;6;8;2016;20:53;0;AV WASHINGTON SOARES;;;;;Atropelamento;;;;Meio de Quadra;;;0;2;0;0;0;0;0;0;0;1;0;0;;
295868;6;8;2016;21:15;0;AV A CJ CEARA;;;855;;Colisão;;;;Meio de Quadra;;;0;1;0;1;0;0;0;0;0;1;0;0;;
295879;6;8;2016;22:16;5036;RUA PESSOA ANTA;RUA BORIS;;;;Colisão;;;;Cruz;Outros;Comercial;0;1;0;0;0;0;0;0;0;0;0;0;-38,521017;-3,720976
295924;6;8;2016;23:05;0;AV ENG HUMBERTO MONTE;;;2495;;Colisão;;;;Meio de Quadra;;;0;1;0;0;0;0;0;0;0;0;0;0;-38,567632;-3,740679
295927;6;8;2016;02:39;0;AV CARNEIRO DE MENDONCA;;;1730;;Queda;;;;Meio de Quadra;;;0;1;0;0;0;0;0;0;0;1;0;0;-38,573947;-3,760438
295933;6;8;2016;04:37;0;RUA CATARINA LABOURE D20;;;308;;Colisão;;;;Meio de Quadra;;;0;1;0;0;0;0;0;0;0;0;0;0;;
295954;6;8;2016;22:18;0;AV ALBERTO CRAVEIRO;;;1795;;Atropelamento;;;;Meio de Quadra;;;0;2;0;0;0;0;0;0;0;1;0;0;-38,518061;-3,795318
295956;6;8;2016;16:10;0;AV DIOGUINHO;;;;;Queda;Luz do Dia;;;Meio de Quadra;;;0;1;0;0;0;0;0;0;0;1;0;0;;
295938;6;8;2016;17:12;0;AV DOMINGOS OLIMPIO;;;1950;;Colisão;Anoitecer;;;Meio de Quadra;;;0;1;0;0;0;0;0;0;0;0;0;0;-38,540938;-3,733437
295916;6;8;2016;22:45;0;AV PRS CASTELO BRANCO;;;;;Queda;;;;Meio de Quadra;;;0;1;0;0;0;0;0;0;0;1;0;0;;
295910;6;8;2016;22:42;0;AV COS GOMES DE FREITAS (SAPIRANGA/COITE);;;333;;Colisão;;;;Meio de Quadra;;;0;1;0;1;0;0;0;0;0;1;0;0;;
296798;6;8;2016;04:00;0;RD BR 116;;;11000;KM-11;Outros;;;;Meio de Quadra;;;0;1;1;1;0;0;0;0;0;0;0;0;-38,497176;-3,84716
296804;6;8;2016;11:10;0;RD BR 116;;;11000;KM-11;Colisão Lateral;Luz do Dia;;;Meio de Quadra;;;0;0;2;1;0;0;1;0;0;0;0;0;-38,497176;-3,84716
301498;6;8;2016;05:45;1701;RUA CAP ARAGAO;RUA CAP VASCONCELOS D46;;0;;Colisão Transversal;Luz do Dia;Bom;Molhada;Cruz;Semáforo;Residencial;0;0;2;1;0;0;0;0;0;0;0;0;-38,517041;-3,765538
301499;6;8;2016;11:23;8020;RUA CARLOS CAMARA;RUA ALEXANDRE BARAUNA;;0;;Colisão Lateral;Luz do Dia;Bom;Seca;Cruz;Pare;Residencial;0;0;2;1;0;0;0;0;0;1;0;0;-38,547441;-3,75184
301500;6;8;2016;13:20;0;AV JOR THOMAZ COELHO;;;1941;;Colisão Traseira;Luz do Dia;Bom;Seca;Meio de Quadra;Não Há Controle;Comercial;0;0;2;1;0;0;0;0;0;0;0;0;;
301501;6;8;2016;14:04;15743;RUA HERBENE;RUA MANUEL ARRUDA;;0;;Colisão Transversal;Luz do Dia;Bom;Seca;Cruz;Não Há Controle;Comercial;0;0;2;1;0;0;0;0;0;0;0;0;-38,504019;-3,828948
301502;6;8;2016;18:46;15688;RUA CEL ERNESTO MATOS;RUA GUILHERME PESSOA;;0;;Colisão Transversal;Anoitecer;Bom;Seca;Cruz;Não Há Controle;Residencial;0;0;2;1;0;0;0;0;0;0;0;0;-38,489265;-3,826939
301503;6;8;2016;16:40;1432;AV SANTOS DUMONT;AV SEN VIRGILIO TAVORA;;0;;Colisão Traseira;Luz do Dia;Bom;Seca;Cruz;Semáforo;Comercial;0;0;2;1;1;0;0;0;0;0;0;0;-38,493482;-3,737828
301504;6;8;2016;20:10;0;RUA CESAR FONTENELE;;;447;;Colisão Traseira;Via Iluminada;Bom;Seca;Meio de Quadra;Não Há Controle;Comercial;0;0;2;1;1;0;0;0;0;0;0;0;-38,56037;-3,74651
301505;6;8;2016;18:55;0;AV PRS COSTA E SILVA;;;1908;;Colisão Frontal;Via Iluminada;Bom;Seca;Meio de Quadra;Não Há Controle;Residencial;0;1;2;1;0;0;0;0;0;0;0;0;;
301507;7;8;2016;10:45;3769;RUA SEN POMPEU;AV DOMINGOS OLIMPIO;;0;;Colisão Lateral;Luz do Dia;Bom;Seca;Cruz;Semáforo;Comercial;0;0;2;0;1;0;0;0;0;0;0;0;-38,532455;-3,736254
301508;7;8;2016;16:32;1408;RUA JOAO CARVALHO;RUA DR JOSE LOURENCO;;0;;Colisão Transversal;Luz do Dia;Bom;Seca;Cruz;Pare;Comercial;0;0;1;1;0;0;0;0;0;0;0;0;-38,508643;-3,737289
301509;7;8;2016;18:10;7916;RUA HENRIQUETA GALENO;RUA CEL LINHARES;;0;;Capotamento;Via Iluminada;Bom;Seca;Cruz;Pare;Residencial;0;0;2;1;0;0;0;0;0;0;0;0;-38,497191;-3,74604
301510;7;8;2016;07:19;15808;AV JOR THOMAZ COELHO;RUA STA CLARA DE ASSIS;;0;;Colisão Transversal;Luz do Dia;Bom;Seca;T;Pare;Comercial;0;0;2;1;1;0;0;0;0;0;0;0;-38,502808;-3,831579
301511;7;8;2016;22:10;19375;RUA CON DE CASTRO;RUA NAPOLEAO QUEZADO;;;;Colisão Transversal;Via Iluminada;Bom;Seca;T;Pare;Residencial;0;0;1;1;0;0;0;0;0;0;0;0;-38,566777;-3,777706
296810;7;8;2016;11:00;0;RD BR 222;;;500;;Colisão Transversal;Luz do Dia;;;Meio de Quadra;;;0;1;1;1;0;0;1;0;0;0;0;0;;
296153;7;8;2016;17:11;4462;RUA ISMAEL PORDEUS;AV ZEZE DIOGO;;;;Colisão;Anoitecer;;;Cruz;Pare;Comercial;0;1;0;0;0;0;0;0;0;0;0;0;;
296156;7;8;2016;17:54;0;AV ALM MAXIMIANO DA FONSECA;;;354;;Queda;Anoitecer;;;Meio de Quadra;;;0;1;0;0;0;1;0;0;0;0;0;0;;
296137;7;8;2016;07:06;0;AV ANTONIO SALES;;;636;;Queda;Luz do Dia;;;Meio de Quadra;;;0;1;0;0;0;0;0;0;0;1;0;0;-38,516026;-3,741218
296130;7;8;2016;06:44;21485;AV FRE CIRILO;AV MIN JOSE AMERICO;;;;Colisão;Luz do Dia;;;Cruz;Semáforo;;0;2;0;0;0;0;0;0;0;0;0;0;-38,4995;-3,812905
296144;7;8;2016;13:00;0;RUA MIGUEL GURGEL;;;;;Colisão;Luz do Dia;;;Meio de Quadra;;;0;1;0;0;0;0;0;0;0;0;0;0;;
296121;7;8;2016;06:11;0;AV DIOGUINHO;;;;;Colisão;Luz do Dia;;;Meio de Quadra;;;0;1;0;0;0;0;0;0;0;1;0;0;;
296105;7;8;2016;01:39;0;RUA NELSON COELHO;;;1668;;Colisão;;;;Meio de Quadra;;;0;1;0;0;0;0;0;0;0;0;0;0;;
296115;7;8;2016;04:48;0;RUA PDE PEDRO DE ALENCAR;;;23;;Queda;;;;Meio de Quadra;;;0;1;0;0;0;0;0;0;0;1;0;0;;
296081;7;8;2016;21:26;0;AV MOZART PINHEIRO DE LUCENA;;;1100;;Colisão;;;;Meio de Quadra;;;0;1;0;1;0;0;0;0;0;1;0;0;-38,593973;-3,712325
296097;7;8;2016;22:29;0;AV JOSE BASTOS;;;430;;Colisão;;;;Meio de Quadra;;;0;2;0;0;0;0;0;0;0;1;0;0;;
296098;7;8;2016;23:08;0;RUA AFONSO LOPES;;;1209;;Queda;;;;Meio de Quadra;;;0;1;0;0;0;1;0;0;0;0;0;0;-38,549797;-3,798276
296099;7;8;2016;01:46;0;AV FRANCISCO SA;;;;;Colisão;;;;Meio de Quadra;;;0;1;0;1;0;0;0;0;0;1;0;0;;
296085;7;8;2016;21:42;0;RUA DR HUGO ROCHA;;;510;;Colisão;;;;Meio de Quadra;;;0;1;0;0;0;0;0;0;0;1;0;0;-38,570431;-3,716751
296088;7;8;2016;22:00;0;RUA OLIVEIRA FILHO;;;857;;Queda;;;;Meio de Quadra;;;0;1;0;0;0;0;0;0;0;1;0;0;;
296089;7;8;2016;22:29;0;AV PRS JUSCELINO KUBITSCHEK (PASSARÉ);;;;;Atropelamento;;;;Meio de Quadra;;;0;1;0;0;0;0;0;0;0;0;0;0;;
296061;7;8;2016;20:48;3788;RUA WALDERY UCHOA;RUA PDE FRANCISCO PINTO;;;;Colisão Lateral;Via Iluminada;Bom;Seca;Cruz;Pare;Residencial;0;0;3;1;0;0;0;0;0;1;0;0;-38,539138;-3,744299
296044;7;8;2016;17:31;0;RUA URUCUTUBA;;;1539;;Colisão;Anoitecer;;;Meio de Quadra;;;0;1;0;1;0;0;0;0;0;1;0;0;-38,608883;-3,797676
296045;7;8;2016;18:11;0;RUA JOAQUIM CORREIA;;;1141;;Colisão;Anoitecer;;;Meio de Quadra;;;0;1;0;0;0;0;0;0;0;1;0;0;;
296046;7;8;2016;19:30;0;RUA LETICIA;;;151;;Atropelamento;;;;Meio de Quadra;;;0;1;0;1;0;0;0;0;0;0;0;0;;
296048;7;8;2016;19:41;0;RUA ELDORADO;;;1970;;Queda;;;;Meio de Quadra;;;0;1;0;0;0;0;0;0;0;1;0;0;;
296049;7;8;2016;20:05;0;RUA NOSSA SRA APARECIDA;;;215;;Queda;;;;Meio de Quadra;;;0;1;0;0;0;0;0;0;0;1;0;0;;
296005;7;8;2016;08:12;22672;RUA ELISEU ORIA;AV COS GOMES DE FREITAS (SAPIRANGA/COITE);;;;Colisão;Luz do Dia;;;Cruz;Pare;Residencial;0;2;0;1;0;0;0;0;0;1;0;0;-38,477418;-3,795487
296008;7;8;2016;09:18;0;AV ABOLICAO;;;4072;;Colisão;Luz do Dia;;;Meio de Quadra;;;0;1;0;1;0;0;0;0;0;1;0;0;;
296012;7;8;2016;10:02;0;RUA UM (MONDUBIM);;;208;;Colisão;Luz do Dia;;;Meio de Quadra;;;0;1;0;0;0;0;0;0;0;1;0;0;;
296014;7;8;2016;10:20;0;AV JOSE BASTOS;;;4800;;Colisão;Luz do Dia;;;Meio de Quadra;;;0;1;0;1;0;0;0;0;0;1;0;0;-38,559153;-3,757181
296026;7;8;2016;11:26;35;RUA PEDRO MELO;RUA JOAQUIM LEITAO;;;;Colisão;Luz do Dia;;;Cruz;Pare;Residencial;0;0;1;1;0;0;0;0;0;1;0;0;-38,5921;-3,744174
296039;7;8;2016;11:42;0;AV GODOFREDO MACIEL;;;5420;;Queda;Luz do Dia;;;Meio de Quadra;;;0;1;0;0;0;0;0;0;0;1;0;0;-38,577868;-3,821493
296037;7;8;2016;11:36;0;RUA COS LAFAYETE;;;322;;Colisão;Luz do Dia;;;Meio de Quadra;;;0;1;0;1;0;0;0;0;0;1;0;0;-38,581075;-3,718145
296041;7;8;2016;14:43;0;AV DR SILAS MUNGUBA;;;3675;;Queda;Luz do Dia;;;Meio de Quadra;;;0;1;0;0;0;0;0;0;0;1;0;0;-38,540801;-3,790219
295988;7;8;2016;07:03;0;RD BR 116;;;6000;KM-06;Queda;Luz do Dia;;;Meio de Quadra;;;0;1;0;0;0;0;0;0;0;1;0;0;-38,503053;-3,804691
295995;7;8;2016;07:29;0;RUA ILDEFONSO ALBANO;;;636;;Queda;Luz do Dia;;;Meio de Quadra;;;0;1;0;0;0;0;0;0;0;1;0;0;-38,511042;-3,726385
296000;7;8;2016;07:57;0;AV DIOGUINHO;;;6447;;Colisão;Luz do Dia;;;Meio de Quadra;;;0;1;0;0;0;0;0;0;0;1;0;0;-38,439038;-3,770107
295967;7;8;2016;00:56;0;RUA CANUTO DE AGUIAR;;;1368;;Colisão;;;;Meio de Quadra;;;0;1;0;1;0;0;0;0;0;1;0;0;-38,490532;-3,732211
295968;7;8;2016;01:00;0;AV GAL OSORIO DE PAIVA;;;2962;;Queda;;;;Meio de Quadra;;;0;1;0;0;0;0;0;0;0;1;0;0;-38,586017;-3,788263
295972;7;8;2016;01:51;0;AV PRO JOSE ARTHUR CARVALHO;;;1671;;Queda;;;;Meio de Quadra;;;0;1;0;0;0;0;0;0;0;1;0;0;-38,464558;-3,826116
295973;7;8;2016;04:10;0;RUA VASCO DA GAMA;;;607;;Queda;;;;Meio de Quadra;;;0;1;0;0;0;0;0;0;0;1;0;0;-38,549756;-3,761403
295974;7;8;2016;04:52;0;AV GODOFREDO MACIEL;;;1732;;Colisão;;;;Meio de Quadra;;;0;1;0;0;0;0;0;0;0;0;0;0;-38,568748;-3,793368
295976;7;8;2016;05:26;0;AV GAL OSORIO DE PAIVA;;;8003;;Queda;Amanhecer;;;Meio de Quadra;;;0;1;0;0;0;0;0;0;0;1;0;0;-38,618011;-3,821165
295977;7;8;2016;06:17;0;AV DIOGUINHO;;;;;Colisão;Luz do Dia;;;Meio de Quadra;;;0;1;0;0;0;0;0;0;0;0;0;0;;
295979;7;8;2016;06:19;0;RUA BAR ARATANHA;;;251;;Colisão;Luz do Dia;;;Meio de Quadra;;;0;1;0;1;0;0;0;0;0;1;0;0;-38,527142;-3,735193
295970;7;8;2016;01:00;0;AV K CJ JOSE WALTER;;;177;;Colisão;;;;Meio de Quadra;;;0;1;0;0;0;0;0;0;0;0;0;0;-38,553986;-3,824072
295959;7;8;2016;07:51;0;RUA TEN JAIME ANDRADE;;;962;;Colisão;Luz do Dia;;;Meio de Quadra;;;0;1;0;0;0;0;0;0;0;1;0;0;;
290784;7;8;2016;10:42;0;RUA PRO GOMES BRASIL;;;;;Colisão Lateral;Luz do Dia;Bom;Seca;Meio de Quadra;Semáforo Intermitente;Comercial;0;0;2;1;0;0;0;0;0;0;0;0;;
290782;7;8;2016;12:00;21368;RUA PDE GUERRA;RUA PRO JOSE DE BARCELOS;;;;Colisão Lateral;Luz do Dia;Bom;Seca;Cruz;Pare;Residencial;0;0;2;1;0;0;0;0;0;0;0;0;-38,55017;-3,737376
290780;7;8;2016;07:55;0;AV SANTOS DUMONT;;;5600;;Engavetamento;Luz do Dia;Bom;Seca;Meio de Quadra;Semáforo;Comercial;0;1;4;1;0;0;0;0;0;0;0;0;-38,482006;-3,741505
290787;7;8;2016;14:10;22127;RUA GUSTAVO BRAGA;RUA MAJ PEDRO SAMPAIO;;;;Colisão Lateral;Luz do Dia;Bom;Seca;Cruz;Pare;Residencial;0;0;2;1;0;0;0;0;0;0;0;0;-38,555389;-3,748479
290793;7;8;2016;08:45;5100;AV DOM MANUEL;AV MON TABOSA;;;;Colisão Lateral;Luz do Dia;Bom;Seca;Cruz;Semáforo;Comercial;0;0;2;1;0;0;0;0;0;1;0;0;;
290791;7;8;2016;15:43;19360;AV GODOFREDO MACIEL;RUA EDUARDO PERDIGAO;;;;Colisão Lateral;Luz do Dia;Bom;Seca;T;Outros;Residencial;0;0;2;1;1;0;0;0;0;0;0;0;-38,563845;-3,776654
290797;7;8;2016;18:06;5269;AV DUQ CAXIAS;RUA PDE IBIAPINA;;;;Colisão Traseira;Anoitecer;Bom;Seca;Cruz;Semáforo;Comercial;0;0;2;1;0;0;0;0;0;0;0;0;-38,540226;-3,728446
290799;7;8;2016;10:30;6059;AV C CJ CEARA;RUA MIN ALBUQUERQUE LIMA;;;;Colisão Transversal;Luz do Dia;Bom;Seca;Com Via Férrea;Não Há Controle;Comercial;0;0;2;1;0;0;0;0;0;1;0;0;;
290805;7;8;2016;05:30;0;RUA CESAR ROSSAS;;;;;Colisão Transversal;Amanhecer;Bom;Seca;Meio de Quadra;Semáforo;Residencial;0;0;2;1;0;0;1;0;0;0;0;0;;
290814;7;8;2016;21:00;15560;RUA LETICIA;RUA IRM AMALIA;;;;Colisão Frontal;Via Iluminada;Bom;Seca;T;Não Há Controle;Residencial;0;1;2;1;0;0;0;0;0;1;0;0;-38,493721;-3,821966
292995;7;8;2016;12:40;0;RD CE-040;;;;KM-04;Colisão;Luz do Dia;Bom;Seca;Meio de Quadra;;;0;0;2;1;0;0;0;0;0;0;0;0;-38,481084;-3,782614
292996;7;8;2016;02:20;0;AV MIN JOSE AMERICO;;;;;Colisão;;Bom;Seca;Meio de Quadra;;;0;0;2;1;0;0;0;0;0;0;0;0;;
293433;7;8;2016;09:10;15245;AV ANTONIO JUSTA;RUA LEONARDO MOTA;;;;Colisão Transversal;Luz do Dia;Bom;Seca;Cruz;Pare;Residencial;0;0;2;1;0;0;0;0;0;0;0;0;-38,493542;-3,727945
293436;7;8;2016;17:30;0;RUA NUNES VALENTE;;;3328;;Outros;Anoitecer;;;Meio de Quadra;;;0;0;2;1;0;0;0;0;0;1;0;0;-38,509181;-3,753183
293437;7;8;2016;20:50;0;RUA GOMES PASSOS;RUA MANUEL CASTELO BRANCO;;;;Colisão Lateral;Via Iluminada;Bom;Seca;Cruz;Pare;Residencial;0;1;3;0;0;0;0;0;0;1;0;0;;
291826;7;8;2016;17:00;0;RUA PDE PEDRO DE ALENCAR;;;1850;;Atropelamento;Luz do Dia;Bom;Seca;Meio de Quadra;Não Há Controle;Comercial;1;1;0;1;0;0;0;0;0;0;0;0;-38,494387;-3,843887
291663;7;8;2016;01:30;0;AV PRO JOSE ARTHUR CARVALHO;;;;;Colisão;;;;Meio de Quadra;;;1;0;1;0;0;0;0;0;0;1;0;0;;
293442;8;8;2016;21:20;21604;RUA DARCY VARGAS;RUA DOM XISTO ALBANO;;;;Colisão Transversal;Via Iluminada;Bom;Seca;Cruz;Pare;Residencial;0;1;3;1;0;0;0;0;0;1;0;0;-38,586618;-3,798206
293023;8;8;2016;11:30;0;RD CE-040;;;;KM-11;Colisão;Luz do Dia;Bom;Seca;Meio de Quadra;;;0;0;4;1;0;0;0;0;0;0;0;0;-38,480883;-3,842577
293024;8;8;2016;07:30;0;AV MIN JOSE AMERICO;;;;;Engavetamento;Luz do Dia;Bom;Seca;Meio de Quadra;;;0;0;2;1;0;0;0;0;0;0;0;0;;
293025;8;8;2016;12:30;0;RD CE-040;;;;KM-05;Colisão;Luz do Dia;Bom;Seca;Meio de Quadra;;;0;0;2;1;0;0;0;0;0;0;0;0;-38,480331;-3,791613
293018;8;8;2016;10:00;0;RD CE-040;;;;KM-03;Colisão;Luz do Dia;Bom;Seca;Meio de Quadra;;;0;0;2;1;0;0;0;0;0;0;0;0;-38,481799;-3,773616
290818;8;8;2016;07:40;0;RUA MON DANTAS;;;100;;Colisão;Luz do Dia;Chuva;Molhada;Meio de Quadra;Não Há Controle;Comercial;0;0;2;1;0;0;0;0;0;0;0;0;;
290820;8;8;2016;07:51;0;AV ENG HUMBERTO MONTE;;;1789;;Colisão Traseira;Luz do Dia;Nublado;Molhada;Meio de Quadra;Pare;Residencial;0;1;1;0;0;0;0;0;0;1;0;0;-38,563782;-3,745147
290823;8;8;2016;07:30;14353;RUA DEMOSTENES CARVALHO;RUA BAR CRATO;;;;Colisão Frontal;Luz do Dia;Chuva;Molhada;Cruz;Pare;Residencial;1;0;1;0;0;1;0;0;0;0;0;0;-38,560305;-3,721441
290826;8;8;2016;12:30;0;AV D CJ JOSE WALTER;;;241;;Colisão Lateral;Luz do Dia;Bom;Molhada;Meio de Quadra;Pare;Comercial;0;0;2;1;0;0;0;0;0;1;0;0;-38,555323;-3,83175
290867;8;8;2016;16:00;1589;AV DES MOREIRA;RUA GAL TERTULIANO POTYGUARA;;;;Colisão Lateral;Luz do Dia;Bom;Seca;Cruz;Semáforo;Comercial;0;0;2;1;0;0;0;0;0;0;0;0;-38,500568;-3,74313
290869;8;8;2016;14:20;0;AV FRE CIRILO;;;4700;;Colisão Lateral;Luz do Dia;Bom;Seca;Meio de Quadra;Outros;Misto;0;0;2;1;0;0;0;0;0;1;0;0;-38,494232;-3,824617
290873;8;8;2016;14:00;15821;AV JOR THOMAZ COELHO;RUA ANGELICA GURGEL;;;;Colisão Lateral;Luz do Dia;Bom;Seca;T;Pare;Comercial;0;0;2;1;1;0;0;0;0;0;0;0;-38,499058;-3,8324
290860;8;8;2016;06:00;0;AV JOAO PESSOA;;;4820;;Colisão;Luz do Dia;Bom;Seca;Meio de Quadra;Não Há Controle;Comercial;0;0;2;1;1;0;0;0;0;0;0;0;-38,551131;-3,754275
290863;8;8;2016;18:40;0;AV AUGUSTO DOS ANJOS;;;;;Colisão Lateral;Anoitecer;Bom;Seca;Meio de Quadra;Não Há Controle;Comercial;0;0;2;1;0;0;0;0;0;0;0;0;;
290854;8;8;2016;10:05;19694;AV BEZERRA DE MENEZES;RUA TIP SALES;;;;Colisão Lateral;Luz do Dia;Bom;Seca;T;Semáforo;Comercial;0;0;2;1;0;0;0;0;0;0;0;0;-38,565167;-3,735828
290850;8;8;2016;10:24;0;RUA PIN ANTONIO BANDEIRA;;;82;;Colisão Traseira;Luz do Dia;Bom;Seca;Meio de Quadra;Pare;;0;1;1;1;0;0;0;0;0;0;0;0;;
290858;8;8;2016;10:15;5099;AV TRISTAO GONCALVES;RUA SEN ALENCAR;;;;Colisão Frontal;Luz do Dia;Bom;Seca;Cruz;Pare;Comercial;0;0;2;0;0;0;0;0;0;1;0;0;-38,532122;-3,723524
290841;8;8;2016;16:20;5711;AV OLIVEIRA PAIVA;RUA CHICO LEMOS;;;;Colisão Lateral;Luz do Dia;Bom;Seca;Cruz;Semáforo;Comercial;0;0;2;1;0;0;0;0;0;0;0;0;-38,497091;-3,795857
290844;8;8;2016;09:09;13371;AV ANTONIO SALES;RUA DNA LEOPOLDINA;;;;;Luz do Dia;Nublado;Molhada;Cruz;Pare;Comercial;0;0;1;1;0;0;0;0;0;0;0;0;-38,522386;-3,739197
290845;8;8;2016;07:05;0;AV TRISTAO GONCALVES;;;817;;Colisão Traseira;Luz do Dia;Bom;Molhada;Meio de Quadra;Gesto;Comercial;0;0;1;0;1;0;0;0;0;0;0;0;-38,533739;-3,728906
290846;8;8;2016;13:00;0;RUA BERNARDO MANUEL;;;7593;;Colisão Lateral;Luz do Dia;Bom;Seca;Meio de Quadra;Outros;Residencial;0;0;2;1;0;0;1;0;0;0;0;0;-38,54705;-3,784481
290847;8;8;2016;09:40;22090;RUA PRO COSTA MENDES;RUA FRE MARCELINO;;;;Colisão Traseira;;Bom;Seca;Cruz;Pare;Comercial;0;0;2;0;0;0;0;0;0;0;0;0;-38,555399;-3,747005
290834;8;8;2016;09:00;8934;AV DOMINGOS OLIMPIO;RUA PDE MORORO;;;;Colisão Traseira;Luz do Dia;Bom;Seca;Cruz;Semáforo;Comercial;0;0;2;1;0;0;0;0;0;1;0;0;-38,539949;-3,733752
290835;8;8;2016;09:45;17412;RUA ALBERTO MAGNO;RUA BAR SOBRAL;;;;Colisão Lateral;Luz do Dia;Bom;Seca;Cruz;Semáforo;Comercial;0;0;2;0;1;0;0;0;0;1;0;0;-38,552417;-3,767991
290837;8;8;2016;06:30;0;AV 13 DE MAIO;;;;;Colisão Traseira;Luz do Dia;Nublado;Molhada;;;;0;0;2;1;0;0;0;0;0;0;0;0;;
290828;8;8;2016;07:00;24451;RUA JOSE FELICIO;AV LAURO VIEIRA CHAVES;;;;Colisão Lateral;Luz do Dia;Bom;Molhada;T;Pare;Residencial;0;0;2;1;0;0;0;0;0;1;0;0;-38,539334;-3,772064
290865;8;8;2016;20:20;10807;RUA PORTO VELHO;RUA AUDISIO PINHEIRO;;;;Colisão Lateral;Anoitecer;Bom;Seca;Cruz;Pare;Residencial;0;0;2;1;0;0;0;0;0;0;0;0;-38,59149;-3,76357
290875;8;8;2016;06:45;0;RUA GUARUJA;;;444;;Colisão Lateral;Luz do Dia;Bom;Seca;Meio de Quadra;Pare;Residencial;0;1;1;1;0;0;0;0;0;1;0;0;;
290878;8;8;2016;15:30;13935;RUA VER PEDRO PAULO MOREIRA;RUA GAL CAIADO DE CASTRO;;;;Colisão Transversal;Luz do Dia;Bom;Seca;Cruz;Pare;Residencial;0;0;2;1;0;0;0;0;0;0;0;0;-38,488961;-3,786953
290888;8;8;2016;16:10;0;AV HERACLITO GRACA;;;141;;Colisão Traseira;Luz do Dia;Bom;Seca;Meio de Quadra;Não Há Controle;Comercial;0;0;2;1;0;0;0;0;0;0;0;0;-38,52303;-3,733988
290890;8;8;2016;07:00;5662;AV JOSE LEON;RUA VICENTE LOPES;;;;Colisão Transversal;Luz do Dia;Chuva;Seca;Cruz;Pare;Comercial;0;0;2;1;0;0;0;0;0;0;0;0;-38,494897;-3,789544
295322;8;8;2016;19:08;0;AV DA INDEPENDENCIA;;;2538;;Colisão;;;;Meio de Quadra;;;0;2;0;0;0;0;0;0;0;1;0;0;-38,602822;-3,723423
295318;8;8;2016;07:49;15204;AV ABOLICAO;RUA JULIO IBIAPINA;;;;Colisão Lateral;Luz do Dia;Nublado;Molhada;Cruz;Semáforo;Comercial;0;0;2;1;0;0;0;0;0;1;0;0;-38,49129;-3,726679
295319;8;8;2016;09:43;0;RUA BEIJA FLOR;;;148;;Atropelamento;Luz do Dia;;;Meio de Quadra;;;0;2;0;0;0;0;0;0;0;1;0;0;-38,507067;-3,785656