COD_ACIDENTE;DIA;MES;ANO;HORA;INTERSECAO;LOG1;LOG2;LOG3;NUMERO;REFERENCIA;NATUREZA;ILUMINACAO;TEMPO;SUPERFICIEPISTA;TIPOCRUZAMENTO;CONTROLETRAFEGO;USOSOLO;MORTOS;FERIDOS;ILESOS;AUTOMOVEL;ONIBUS;BICICLETA;CAMINHAO;MICROONIBUS;CICLOMOTOR;MOTOCICLETA;TRACAOANIMAL;TREM;LONG;LAT
295308;8;8;2016;21:39;0;RUA VITAL BRASIL;;;;;Atropelamento;;;;Meio de Quadra;;;0;2;0;1;0;0;0;0;0;0;0;0;;
295312;8;8;2016;21:50;0;AV DR THEBERGE;;;1911;;Colisão;;;;Meio de Quadra;;;0;2;0;0;0;0;0;0;0;1;0;0;-38,565874;-3,717435
295313;8;8;2016;22:12;0;AV SORIANO ALBUQUERQUE;;;55;;Atropelamento;;;;Meio de Quadra;;;0;2;0;0;0;0;0;0;0;1;0;0;-38,521499;-3,747559
295314;8;8;2016;23:06;12665;RUA CARNAUBAL;RUA RIO ARAGUAIA;;;;Colisão;;;;Cruz;Pare;Residencial;0;2;0;1;1;0;0;0;0;0;0;0;-38,581848;-3,722657
295243;8;8;2016;07:18;9191;RUA MARTINHO RODRIGUES;RUA MARIO MAMEDE;;;;Colisão;Luz do Dia;;;Cruz;Pare;Residencial;0;1;0;0;0;0;0;0;0;1;0;0;-38,526088;-3,753845
295244;8;8;2016;07:21;0;AV 13 DE MAIO;;;;;Atropelamento;Luz do Dia;;;Meio de Quadra;;;0;2;0;0;0;0;0;0;0;1;0;0;;
295240;8;8;2016;07:11;0;AV PRS CASTELO BRANCO;;;6125;10º REGIÃO MILITAR;Queda;Amanhecer;Chuva;Molhada;Meio de Quadra;Não Há Controle;Comercial;0;1;1;0;0;0;0;0;0;1;0;0;-38,585387;-3,701157
295230;8;8;2016;07:42;0;AV ENG HUMBERTO MONTE;;;437;;Colisão;Luz do Dia;;;Meio de Quadra;;;0;2;0;1;0;0;0;0;0;1;0;0;-38,556192;-3,754197
295232;8;8;2016;06:55;0;AV ALBERTO CRAVEIRO;;;2111;;Queda;Luz do Dia;;;Meio de Quadra;;;0;1;0;0;0;0;0;0;0;1;0;0;-38,518813;-3,798843
295226;8;8;2016;19:51;12674;AV CEL CARVALHO;RUA GUILHERME MENDES;;2052;;Colisão Lateral;Via Iluminada;Bom;Seca;Cruz;Pare;Residencial;0;0;3;1;0;0;0;0;0;1;0;0;-38,587094;-3,720651
295246;8;8;2016;07:02;26275;RUA CHICO FRANCA;RUA LUIS CARLOS L RIBEIRO;;;;Colisão;Luz do Dia;;;;;;0;2;0;1;0;0;0;0;0;1;0;0;;
295234;8;8;2016;06:55;1653;RUA MON CATAO;RUA GAL TERTULIANO POTYGUARA;;;;Queda;Luz do Dia;;;Cruz;Não Há Controle;Comercial;0;1;0;0;0;0;0;0;0;1;0;0;-38,492797;-3,74564
295251;8;8;2016;07:34;0;AV HERACLITO GRACA;;;;;Queda;Luz do Dia;;;Meio de Quadra;;;0;1;0;0;0;0;0;0;0;1;0;0;;
295252;8;8;2016;07:40;19166;RUA JOAQUIM LIMA;RUA JULIO AZEVEDO;;;;Colisão;Luz do Dia;;;Cruz;Pare;Residencial;0;2;0;1;0;0;0;0;0;1;0;0;-38,481001;-3,74092
295253;8;8;2016;07:42;0;RUA DUARTE COELHO;;;698;;Colisão;Luz do Dia;;;Meio de Quadra;;;0;1;0;0;0;0;0;0;0;1;0;0;;
295257;8;8;2016;07:59;13371;AV ANTONIO SALES;RUA DNA LEOPOLDINA;;;;Colisão;Luz do Dia;;;Cruz;Pare;Comercial;0;2;0;1;0;0;0;0;0;1;0;0;-38,522386;-3,739197
295258;8;8;2016;08:00;0;RUA EMILIO CONDE;;;;;Colisão;Luz do Dia;;;Meio de Quadra;;;0;2;0;1;0;0;0;0;0;1;0;0;;
295259;8;8;2016;08:05;1328;RUA ILDEFONSO ALBANO;RUA JOVINO GUEDES;;;;Colisão;Luz do Dia;;;Cruz;Pare;Residencial;0;2;0;1;0;0;0;0;0;1;0;0;-38,513863;-3,735393
295255;8;8;2016;07:44;0;AV LUCIANO CARNEIRO;;;1333;;Engavetamento;Luz do Dia;Chuva;Molhada;Meio de Quadra;Não Há Controle;Comercial;0;2;5;1;0;0;0;0;0;1;0;0;-38,535052;-3,759593
295248;8;8;2016;07:32;0;AV PERIMETRAL;;;;;Colisão;Luz do Dia;;;Meio de Quadra;;;0;2;0;0;0;0;0;0;0;0;0;0;;
295272;8;8;2016;09:35;0;RUA OSCAR ARARIPE;;;825;;Atropelamento;Luz do Dia;;;Meio de Quadra;;;0;2;0;0;0;0;0;0;0;0;0;0;-38,598768;-3,791364
295273;8;8;2016;09:56;0;RUA DOM SEBASTIAO LEME;;;;;Atropelamento;Luz do Dia;;;Meio de Quadra;;;0;2;0;0;0;0;0;0;0;1;0;0;;
295275;8;8;2016;10:43;0;RUA PALESTINA D65;RUA CARNAUBAS;;;;Colisão Transversal;Luz do Dia;Bom;Seca;Cruz;Pare;Comercial;0;1;3;1;0;0;0;0;0;1;0;0;;
295276;8;8;2016;11:52;0;AV SANTOS DUMONT;;;877;;Colisão;Luz do Dia;;;Meio de Quadra;;;0;2;0;1;0;0;0;0;0;1;0;0;-38,515771;-3,730564
295277;8;8;2016;11:58;0;AV DR SILAS MUNGUBA;;;7447;;Colisão;Luz do Dia;;;Meio de Quadra;;;0;2;0;1;0;1;0;0;0;0;0;0;;
295279;8;8;2016;12:07;5099;AV TRISTAO GONCALVES;RUA SEN ALENCAR;;;;Colisão;Luz do Dia;;;Cruz;Pare;Comercial;0;2;0;0;0;0;0;0;0;1;0;0;-38,532122;-3,723524
295280;8;8;2016;12:08;19780;RUA PDE GUERRA;RUA COS ALVARO DE OLIVEIRA;;;;Colisão;Luz do Dia;;;Cruz;Pare;Residencial;0;2;0;1;0;0;0;0;0;1;0;0;-38,555644;-3,738519
295281;8;8;2016;12:43;0;TR IRMAOS CARNEIRO;;;52;;Colisão;Luz do Dia;;;Meio de Quadra;;;0;2;0;1;0;0;0;0;0;1;0;0;-38,52636;-3,743315
295282;8;8;2016;13:50;0;RUA BERNARDO MANUEL;;;9976;;Colisão;Luz do Dia;;;Meio de Quadra;;;0;2;0;0;0;0;0;0;0;0;0;0;-38,553185;-3,804622
295283;8;8;2016;14:11;0;AV IMPERADOR;;;546;;Queda;Luz do Dia;;;Meio de Quadra;;;0;1;0;0;0;0;0;0;0;1;0;0;-38,534234;-3,726432
295284;8;8;2016;14:29;15299;RUA OSVALDO CRUZ (ALDEOTA);RUA CANUTO DE AGUIAR;;;;Colisão Transversal;Luz do Dia;Bom;Seca;Cruz;Pare;Residencial;0;0;4;1;0;0;0;0;0;1;0;0;-38,498405;-3,729675
295285;8;8;2016;16:00;0;AV FILOMENO GOMES;;;735;;Colisão;Luz do Dia;;;Meio de Quadra;;;0;2;0;0;0;0;0;0;0;0;0;0;;
295287;8;8;2016;16:13;0;RUA CANAL;;;286;;Colisão;Luz do Dia;;;Meio de Quadra;;;0;2;0;1;0;0;0;0;0;1;0;0;;
295288;8;8;2016;16:42;0;AV JOSE BASTOS;;;;;Colisão;Luz do Dia;;;Meio de Quadra;;;0;2;0;0;0;0;1;0;0;1;0;0;;
295289;8;8;2016;16:53;0;AV GAL OSORIO DE PAIVA;;;1471;;Colisão;Luz do Dia;;;Meio de Quadra;;;0;2;0;1;0;0;0;0;0;1;0;0;-38,574621;-3,780758
295303;8;8;2016;21:13;0;RUA VITAL BRASIL;;;;;Colisão;;;;Meio de Quadra;;;0;2;0;1;0;0;0;0;0;0;0;0;;
295305;8;8;2016;21:27;0;AV FRANCISCO SA;;;2025;;Queda;;;;Meio de Quadra;;;0;1;0;0;0;0;0;0;0;1;0;0;;
295306;8;8;2016;21:38;0;AV DR THEBERGE;;;;;Colisão;;;;Meio de Quadra;;;0;2;0;1;0;0;0;0;0;1;0;0;;
295301;8;8;2016;20:07;0;RUA BERNARDO MANUEL;;;8120;;Colisão;;;;Meio de Quadra;;;0;1;1;1;0;0;0;0;0;1;0;0;-38,549028;-3,790872
295261;8;8;2016;08:08;25419;AV ALM HENRIQUE SABOIA;RUA JULIO ABREU;;;;Queda;Luz do Dia;;;Cruz;Semáforo;Comercial;0;1;0;0;0;0;0;0;0;1;0;0;-38,485245;-3,736144
295293;8;8;2016;16:59;5347;RUA BAR RIO BRANCO;RUA PEDRO I;;;;Colisão;Luz do Dia;;;Cruz;Semáforo;Comercial;0;2;0;1;0;0;0;0;0;1;0;0;-38,529673;-3,730887
295295;8;8;2016;17:23;0;RUA BAR RIO BRANCO;;;1404;;Colisão;Anoitecer;;;Meio de Quadra;;;0;2;0;1;0;0;0;0;0;1;0;0;-38,529576;-3,730574
295296;8;8;2016;17:25;0;RUA SEN POMPEU;;;3160;;Atropelamento;Anoitecer;;;Meio de Quadra;;;0;2;0;0;0;0;0;0;0;1;0;0;;
295298;8;8;2016;17:52;12479;RUA PERDIGAO DE OLIVEIRA;AV AUGUSTO DOS ANJOS;;;;Colisão;Anoitecer;;;Cruz;Semáforo;Comercial;0;2;0;1;0;0;0;0;0;1;0;0;-38,574712;-3,775131
295299;8;8;2016;20:07;0;RUA REV OSMAR LIMA;;;154;;Queda;;;;Meio de Quadra;;;0;1;0;0;0;0;0;0;0;1;0;0;;
295265;8;8;2016;08:41;8934;AV DOMINGOS OLIMPIO;RUA PDE MORORO;;;;Colisão;Luz do Dia;;;Cruz;Semáforo;Comercial;0;2;0;1;0;0;0;0;0;1;0;0;-38,539949;-3,733752
295266;8;8;2016;09:11;0;RUA BERNARDO MANUEL;;;;;Queda;Luz do Dia;;;Meio de Quadra;;;0;1;0;0;0;0;0;0;0;1;0;0;;
296813;8;8;2016;19:30;0;RD BR 116;;;2000;KM-02;Colisão Traseira;;;;Meio de Quadra;;;0;2;1;1;0;0;0;0;0;0;0;0;-38,51678;-3,771391
301512;8;8;2016;08:10;25000;RUA COSTA BARROS;AV DOM MANUEL;;0;;Colisão Traseira;Luz do Dia;Chuva;Molhada;Cruz;Semáforo;Comercial;0;0;2;1;0;0;0;0;0;0;0;0;-38,520793;-3,727381
301513;8;8;2016;08:26;0;AV BORGES DE MELO;;;60;;Colisão Traseira;Luz do Dia;Nublado;Seca;Meio de Quadra;Gesto;Comercial;0;0;2;1;0;0;0;0;0;0;0;0;;
301514;8;8;2016;06:50;0;AV DOS EXPEDICIONARIOS;;;3420;;Engavetamento;Luz do Dia;Chuva;Molhada;Meio de Quadra;Não Há Controle;Comercial;0;0;4;1;0;0;0;0;0;0;0;0;-38,536126;-3,748391
301515;8;8;2016;07:50;0;AV ROGACIANO LEITE;;;400;;Colisão Transversal;Luz do Dia;Bom;Seca;Meio de Quadra;Não Há Controle;Comercial;0;1;1;1;0;0;0;0;0;1;0;0;-38,493409;-3,761667
301516;8;8;2016;09:15;0;RUA PERNAMBUCO D65;RUA MINAS GERAIS;;0;;Colisão Transversal;Luz do Dia;Nublado;Seca;Cruz;Pare;Residencial;0;0;2;1;0;0;0;0;0;0;0;0;;
301517;8;8;2016;10:21;0;RUA AUGUSTO CALHEIROS;;;305;;Choque c/ Obstáculo Fixo;Luz do Dia;Bom;Seca;Y;Pare;Residencial;0;0;1;0;0;0;0;0;0;0;0;0;;
301518;8;8;2016;10:42;501;AV SEN FERNANDES TAVORA;RUA RAIMUNDO RIBEIRO;;0;;Colisão Lateral;Luz do Dia;Bom;Seca;Cruz;Pare;Comercial;0;2;0;0;0;0;0;0;0;1;0;0;-38,595294;-3,755683
301520;8;8;2016;13:21;0;AV AGUANAMBI;;;0;;Colisão Transversal;Luz do Dia;Bom;Seca;Meio de Quadra;Semáforo;Comercial;0;0;3;1;0;0;0;0;0;1;0;0;;
301521;8;8;2016;13:48;25110;AV OLAVO BILAC;RUA TAB FABIAO;;0;;Colisão Traseira;Luz do Dia;Bom;Seca;T;Pare;Comercial;0;0;2;1;0;0;0;0;0;0;0;0;-38,564485;-3,733447
301522;8;8;2016;14:05;7992;AV JOAO PESSOA;RUA ANA NERY;;0;;Colisão Lateral;Luz do Dia;Bom;Seca;Cruz;Pare;Residencial;0;0;2;1;1;0;0;0;0;0;0;0;-38,546781;-3,74946
301523;8;8;2016;14:34;24511;RUA DR QUIXADA FELICIO;AV J CJ POLAR;;0;;Colisão Transversal;Luz do Dia;Bom;Seca;Cruz;Pare;Residencial;0;0;1;1;0;0;0;0;0;0;0;0;-38,596399;-3,709781
301524;8;8;2016;08:40;0;RUA DO CRATO;RUA CONDE D´EU;;0;;Colisão Lateral;Luz do Dia;Chuva;Molhada;Cruz;Não Há Controle;Comercial;0;2;1;1;0;0;0;0;0;1;0;0;;
301525;8;8;2016;19:09;0;RUA ILDEFONSO ALBANO;;;2600;;Colisão Lateral;Anoitecer;Bom;Seca;Outros;Não Há Controle;Comercial;0;0;2;1;0;0;0;0;0;0;0;0;-38,516739;-3,743804
301526;8;8;2016;19:30;15369;RUA FRE MANSUETO;RUA PEREIRA VALENTE;;0;;Colisão Transversal;Via Iluminada;Bom;Seca;Cruz;Pare;Comercial;0;0;2;1;0;0;0;0;0;0;0;0;-38,488673;-3,734827
301527;8;8;2016;20:50;24990;AV PRS COSTA E SILVA;AV PRS JUSCELINO KUBITSCHEK (PASSARÉ);;0;;Colisão Lateral;Via Iluminada;Bom;Seca;Cruz;Semáforo;Industrial;0;0;2;1;0;0;0;0;0;0;0;0;-38,539516;-3,825648
301528;8;8;2016;22:00;0;AV DUQ CAXIAS;;;101;;Colisão Traseira;Via Iluminada;Bom;Seca;Meio de Quadra;Não Há Controle;Escola;0;0;2;1;0;0;0;0;0;1;0;0;-38,525626;-3,733161
301529;8;8;2016;10:12;0;RUA OSVALDO CRUZ;;;0;;Colisão Transversal;Luz do Dia;Bom;Seca;Meio de Quadra;Não Há Controle;Comercial;0;0;1;1;0;0;0;0;0;0;0;0;;
301540;8;8;2016;19:42;0;RUA MIGUEL GONCALVES;;;151;;Colisão Lateral;Via Iluminada;Bom;Seca;Meio de Quadra;Não Há Controle;Residencial;0;0;1;0;1;0;0;0;0;0;0;0;-38,556102;-3,757891
301541;9;8;2016;17:16;17453;RUA DES PRAXEDES;AV JOSE DO PATROCINIO;;0;;Colisão Transversal;Via Iluminada;Bom;Seca;Cruz;Pare;Residencial;0;0;2;1;0;0;0;0;0;0;0;0;-38,543752;-3,762794
301542;9;8;2016;18:56;0;AV SGT HERMINIO SAMPAIO;;;2036;;Colisão Lateral;Via Iluminada;Bom;Seca;Meio de Quadra;Semáforo;Comercial;0;0;2;1;0;0;0;0;0;1;0;0;;
301543;9;8;2016;18:10;17251;RUA EUGENIO GADELHA;RUA BAR CANINDE;;0;;Colisão Transversal;Via Iluminada;Bom;Seca;Cruz;Pare;Comercial;0;0;2;1;0;0;0;0;0;0;0;0;-38,551248;-3,76098
301553;9;8;2016;17:08;0;AV PRS COSTA E SILVA;;;1736;;Colisão Lateral;Anoitecer;Bom;Seca;Meio de Quadra;Semáforo;Residencial;0;0;2;1;0;0;0;0;0;0;0;0;-38,56557;-3,817529
301554;9;8;2016;10:50;12863;AV DOMINGOS OLIMPIO;RUA FLORIANO PEIXOTO;;0;;Colisão Transversal;Luz do Dia;Bom;Seca;Cruz;Não Há Controle;Comercial;0;1;1;1;0;0;0;0;0;0;0;0;-38,530313;-3,736976
301578;9;8;2016;18:40;0;RUA MARIA CLARA;;;384;;Colisão Transversal;Via Iluminada;Bom;Seca;Meio de Quadra;Pare;Residencial;0;0;2;0;0;0;0;0;0;1;0;0;-38,581757;-3,725778
301640;9;8;2016;15:07;21319;RUA JOSE SOMBRA;RUA GUSTAVO SAMPAIO;;0;;Colisão Transversal;Luz do Dia;Bom;Seca;Cruz;Pare;Comercial;0;0;2;1;0;0;0;0;0;0;0;0;-38,54726;-3,733349
301530;9;8;2016;07:44;0;RUA CEL SOLON;;;443;;Colisão Transversal;Luz do Dia;Bom;Seca;Cruz;Pare;Comercial;0;0;2;1;0;0;0;0;0;1;0;0;-38,527999;-3,743089
301531;9;8;2016;08:22;0;AV DA UNIVERSIDADE;;;3057;;Colisão Lateral;Luz do Dia;Bom;Não informada;Meio de Quadra;Semáforo;Comercial;0;0;2;1;0;0;0;0;0;0;0;0;-38,540721;-3,742738
301532;9;8;2016;07:50;0;AV DIOGUINHO;RUA HERMINIA BONAVIDES;;1331;;Colisão Lateral;Luz do Dia;Bom;Seca;T;Não Há Controle;Residencial;0;1;1;1;0;0;0;0;0;1;0;0;;
301533;9;8;2016;08:32;0;RUA DR JOSE LINO;;;720;;Colisão Lateral;Luz do Dia;Bom;Seca;Meio de Quadra;Não Há Controle;Residencial;0;0;2;1;0;0;0;0;0;0;0;0;-38,484779;-3,730151
301534;9;8;2016;10:00;0;RUA PDE VALDEVINO;;;1322;;Engavetamento;Luz do Dia;Bom;Seca;Meio de Quadra;Não Há Controle;Comercial;0;0;3;1;0;0;0;0;0;1;0;0;-38,512539;-3,740479
301535;9;8;2016;10:21;0;AV JOSE BASTOS;;;4400;;Choque c/ Obstáculo Fixo;Luz do Dia;Bom;Seca;Meio de Quadra;Semáforo;Comercial;0;0;1;0;1;0;0;0;0;0;0;0;-38,555506;-3,75503
301536;9;8;2016;10:44;1378;RUA DES LEITE ALBUQUERQUE;RUA OSVALDO CRUZ (ALDEOTA);;0;;Colisão Lateral;Luz do Dia;Bom;Seca;Cruz;Pare;Comercial;0;0;2;1;0;0;0;0;0;0;0;0;-38,50064;-3,736598
301537;9;8;2016;14:00;0;RUA JULIO ABREU;;;291;;Colisão Transversal;Luz do Dia;Bom;Seca;Meio de Quadra;Não Há Controle;Residencial;0;0;2;1;0;0;0;0;0;0;0;0;-38,486923;-3,735881
301538;9;8;2016;13:16;0;AV LUCIANO CARNEIRO;;;1991;;Colisão Traseira;Luz do Dia;Bom;Seca;Meio de Quadra;Semáforo;Comercial;0;0;2;1;0;0;0;0;0;0;0;0;-38,536703;-3,765012
301539;9;8;2016;14:38;0;AV DA UNIVERSIDADE;;;2536;;Engavetamento;Luz do Dia;Bom;Seca;Cruz;Pare;Comercial;0;0;3;1;1;0;0;0;0;0;0;0;-38,537468;-3,739153
296828;9;8;2016;08:30;0;RD BR 116;;;6000;KM-06;Colisão Lateral;Luz do Dia;;;Meio de Quadra;;;0;2;1;0;0;0;0;0;0;1;0;0;-38,503053;-3,804691
295567;9;8;2016;15:34;0;AV PRO GOMES DE MATOS;;;584;;Colisão;Luz do Dia;;;Meio de Quadra;;;0;2;0;1;0;0;0;0;0;1;0;0;-38,543622;-3,758833
295568;9;8;2016;16:40;5405;RUA BAR RIO BRANCO;RUA GAL CLARINDO DE QUEIROZ;;;;Colisão Traseira;Luz do Dia;Bom;Seca;Cruz;Semáforo;Comercial;0;1;1;1;0;0;0;0;0;1;0;0;-38,530239;-3,732679
295569;9;8;2016;17:11;17363;RUA ALBERTO MAGNO;RUA CEL ALEXANDRINO;;;;Queda;Anoitecer;;;Cruz;Pare;Comercial;0;1;0;0;0;0;0;0;0;1;0;0;-38,551141;-3,766199
295570;9;8;2016;17:16;0;RUA ARACAJU;;;1691;;Colisão;Anoitecer;;;Meio de Quadra;;;0;2;0;0;0;0;0;0;0;1;0;0;-38,591177;-3,76674
295571;9;8;2016;18:26;0;AV DIOGUINHO;;;;;Colisão;Anoitecer;;;Meio de Quadra;;;0;1;0;0;0;0;0;0;0;1;0;0;;
295572;9;8;2016;19:09;0;RUA JARDIM FLUMINENSE;;;889;;Colisão;;;;Meio de Quadra;;;0;2;0;1;0;0;0;0;0;1;0;0;;
295573;9;8;2016;19:42;0;AV JOAO DE ARAUJO LIMA;;;;;Colisão;;;;Meio de Quadra;;;0;2;0;1;0;0;0;0;0;1;0;0;;
295574;9;8;2016;19:45;0;RUA BERNARDO MANUEL;;;2650;;Colisão;;;;Meio de Quadra;;;0;2;0;1;0;0;0;0;0;1;0;0;;
295575;9;8;2016;21:39;0;AV SEN VIRGILIO TAVORA;;;1915;;Capotamento;;;;Meio de Quadra;;;0;1;0;1;0;0;0;0;0;0;0;0;-38,495145;-3,743023
295577;9;8;2016;21:47;0;RUA CEARA;;;404;;Colisão;;;;Meio de Quadra;;;0;2;0;1;0;0;0;0;0;1;0;0;-38,56143;-3,76179
295578;9;8;2016;14:41;10749;RUA PRO HERIBALDO COSTA;AV SEN FERNANDES TAVORA;;;;Choque c/ Obstáculo Fixo;Luz do Dia;Bom;Seca;Cruz;Semáforo;Comercial;0;2;2;0;0;0;0;0;0;0;0;0;-38,584384;-3,761006
295325;9;8;2016;02:31;5051;RUA SEN POMPEU;RUA SEN JAGUARIBE;;;;Colisão;;;;Cruz;Pare;Comercial;0;2;0;0;0;0;0;0;0;0;0;0;-38,528055;-3,721667
295323;9;8;2016;09:36;0;RUA CECI;;;36;;Colisão;Luz do Dia;;;Meio de Quadra;;;0;2;0;1;0;0;0;0;0;1;0;0;;
295334;9;8;2016;06:38;0;AV CESAR CALS;;;;;Colisão;Luz do Dia;;;;;;0;2;0;1;0;0;0;0;0;1;0;0;;
295331;9;8;2016;06:16;0;RUA CON DE CASTRO;;;226;;Colisão;Luz do Dia;;;Meio de Quadra;;;0;2;0;0;0;0;0;0;0;0;0;0;-38,565468;-3,776325
295340;9;8;2016;07:07;0;RUA BENTO ALBUQUERQUE;;;2088;;Colisão;Luz do Dia;;;Meio de Quadra;;;0;2;0;1;0;0;0;0;0;1;0;0;-38,470689;-3,747778
295337;9;8;2016;06:43;3852;RUA JUSTINIANO DE SERPA;RUA LUIS DE MIRANDA;;;;Colisão;Luz do Dia;;;Cruz;Semáforo;Comercial;0;2;3;1;1;0;0;0;0;0;0;0;;
295338;9;8;2016;06:50;11191;AV DR SILAS MUNGUBA;RUA JOSE MENELEU D41;;894;;Engavetamento;Luz do Dia;Bom;Seca;T;Semáforo;Comercial;0;1;4;1;0;0;0;0;0;0;0;0;-38,558016;-3,780972
295348;9;8;2016;07:22;0;AV I CJ JOSE WALTER;;;1219;;Colisão;Luz do Dia;;;Meio de Quadra;;;0;4;0;0;0;0;0;0;0;1;0;0;-38,553853;-3,835476
295352;9;8;2016;07:32;0;AV FRE CIRILO;;;4241;;Colisão;Luz do Dia;;;Meio de Quadra;;;0;2;0;0;0;0;0;0;0;1;0;0;-38,495854;-3,820894
295358;9;8;2016;08:03;0;RUA CON LIMA SUCUPIRA;;;1738;;Colisão;Luz do Dia;;;Meio de Quadra;;;0;2;0;1;0;0;0;0;0;1;0;0;;
295359;9;8;2016;08:11;15106;RUA DRAGAO DO MAR;RUA JOAO CORDEIRO;;;;Colisão;Luz do Dia;;;Cruz;Não Há Controle;Residencial;0;2;0;1;0;0;0;0;0;1;0;0;-38,512096;-3,722283
295360;9;8;2016;08:34;13404;RUA JOAO BRIGIDO;RUA CARLOS VASCONCELOS;;;;Colisão Traseira;Luz do Dia;Bom;Seca;Meio de Quadra;Semáforo;Comercial;0;1;3;1;0;0;0;0;0;0;0;0;-38,513526;-3,741327
295361;9;8;2016;09:39;25307;AV JOSE LEON;AV DES GONZAGA;;;;Colisão;Luz do Dia;;;T;Pare;Comercial;0;2;0;1;0;0;0;0;0;1;0;0;-38,504513;-3,78708
295362;9;8;2016;11:30;0;RUA PERDIGAO DE OLIVEIRA;;;354;;Colisão;Luz do Dia;;;Meio de Quadra;;;0;2;0;1;0;0;0;0;0;1;0;0;;
295356;9;8;2016;07:41;0;RUA VINTE E QUATRO DE MAIO;;;46;;Colisão;Luz do Dia;;;Meio de Quadra;;;0;1;0;0;0;0;0;0;0;1;0;0;;
295369;9;8;2016;14:09;0;AV WASHINGTON LUIS;;;590;;Colisão;Luz do Dia;;;Meio de Quadra;;;0;2;0;1;0;0;0;0;0;0;0;0;-38,593983;-3,716204
295370;9;8;2016;14:24;12863;RUA FLORIANO PEIXOTO;AV DOMINGOS OLIMPIO;;;;Colisão;Luz do Dia;;;Cruz;Não Há Controle;Comercial;0;2;0;1;0;0;0;0;0;1;0;0;-38,530313;-3,736976
295372;9;8;2016;14:49;5399;AV VIS RIO BRANCO;RUA PEDRO I;;;;Colisão;Luz do Dia;;;Cruz;Pare;Comercial;0;2;0;1;0;0;0;0;0;1;0;0;-38,524814;-3,732458
295373;9;8;2016;15:05;0;AV ALBERTO CRAVEIRO;;;;;Atropelamento;Luz do Dia;;;Meio de Quadra;;;0;2;0;0;0;0;0;0;0;1;0;0;;
295366;9;8;2016;12:07;0;RUA BOM JESUS (GRANJA LISBOA);;;635;;Colisão;Luz do Dia;;;Meio de Quadra;;;0;2;0;1;0;0;0;0;0;1;0;0;-38,599623;-3,794957
295367;9;8;2016;12:39;15369;RUA FRE MANSUETO;RUA PEREIRA VALENTE;;;;Colisão Transversal;Luz do Dia;Bom;Seca;Cruz;Pare;Residencial;0;3;2;1;0;0;0;0;0;1;0;0;-38,488673;-3,734827
295364;9;8;2016;11:33;0;RUA DR CONDES SANDOVAL;;;640;;Colisão;Luz do Dia;;;Meio de Quadra;;;0;2;0;1;0;0;0;0;0;1;0;0;-38,52831;-3,838997
290843;9;8;2016;17:00;22019;RUA TIRADENTES;RUA PAPI JUNIOR;;;;Colisão Transversal;Via Iluminada;Bom;Seca;Cruz;Pare;Residencial;0;0;2;1;0;0;0;0;0;0;0;0;-38,548661;-3,742487
290944;9;8;2016;12:50;12863;AV DOMINGOS OLIMPIO;RUA FLORIANO PEIXOTO;;;;Colisão Transversal;Luz do Dia;Bom;Seca;Cruz;Não Há Controle;Comercial;0;1;1;1;0;0;0;0;0;1;0;0;-38,530313;-3,736976
290951;9;8;2016;17:45;0;TR SAO RAIMUNDO;;;781;;Colisão Frontal;Anoitecer;Bom;Seca;Meio de Quadra;Não Há Controle;Residencial;0;0;2;1;0;0;0;0;0;0;0;0;;
290969;9;8;2016;07:00;0;AV FRE CIRILO;;;4241;;Colisão Traseira;Luz do Dia;Bom;Seca;Meio de Quadra;Semáforo;Comercial;0;1;1;0;0;0;0;0;0;1;0;0;-38,495854;-3,820894
290984;9;8;2016;20:45;23948;RUA CORREGO DAS FLORES;RUA OLGA BARROSO;;;;Outros;Via Iluminada;Bom;Seca;T;Não Há Controle;Residencial;0;0;2;1;1;0;0;0;0;0;0;0;-38,479787;-3,726499
290830;9;8;2016;11:00;22103;RUA MAJ WEYNE;AV JOSE BASTOS;;;;Colisão Traseira;Luz do Dia;Bom;Seca;T;Pare;Comercial;0;0;2;1;0;0;0;0;0;0;0;0;-38,546895;-3,746466
290840;9;8;2016;18:00;82;RUA PDE PERDIGAO SAMPAIO;RUA PRS PRUDENTE;;;;Colisão Lateral;Via Iluminada;;;T;Pare;Escola;0;0;2;1;0;0;1;0;0;0;0;0;-38,594911;-3,738132
290825;9;8;2016;23:00;0;AV SEN VIRGILIO TAVORA;;;1900;;Choque c/ Obstáculo Fixo;Via Iluminada;Bom;Seca;Meio de Quadra;Não Há Controle;Comercial;0;1;0;1;0;0;0;0;0;0;0;0;-38,495131;-3,74298
290811;9;8;2016;13:50;0;AV EDILSON B SOARES;;;150;;Choque c/ Obstáculo Fixo;Luz do Dia;Bom;Seca;Meio de Quadra;Outros;Residencial;0;0;1;1;0;0;0;0;0;0;0;0;-38,483936;-3,789743
290809;9;8;2016;08:21;25343;AV AUGUSTO DOS ANJOS;RUA NEREU RAMOS;;;;Colisão Traseira;Luz do Dia;Bom;Seca;Duplo T;Dê Preferência;Comercial;0;1;1;1;0;0;0;0;0;1;0;0;-38,579407;-3,780445
290802;9;8;2016;09:40;21256;RUA DOM QUINTINO;RUA DOM HELIO CAMPOS D21;;;;Colisão;Luz do Dia;Bom;Seca;Duplo T;Pare;Residencial;0;0;2;1;0;0;0;0;0;1;0;0;;
293026;9;8;2016;13:03;0;AV SEN CARLOS JEREISSATI (AEROPORTO);;;;KM 01;Colisão;Luz do Dia;Bom;Seca;Meio de Quadra;;;0;0;2;0;0;0;1;0;0;0;0;0;-38,52685;-3,783753