COD_ACIDENTE;DIA;MES;ANO;HORA;INTERSECAO;LOG1;LOG2;LOG3;NUMERO;REFERENCIA;NATUREZA;ILUMINACAO;TEMPO;SUPERFICIEPISTA;TIPOCRUZAMENTO;CONTROLETRAFEGO;USOSOLO;MORTOS;FERIDOS;ILESOS;AUTOMOVEL;ONIBUS;BICICLETA;CAMINHAO;MICROONIBUS;CICLOMOTOR;MOTOCICLETA;TRACAOANIMAL;TREM;LONG;LAT
293027;9;8;2016;17:34;0;AV SEN CARLOS JEREISSATI (AEROPORTO);;;;KM 01;Colisão;Anoitecer;Bom;Seca;Meio de Quadra;;;0;0;2;1;0;0;1;0;0;0;0;0;-38,52685;-3,783753
293443;9;8;2016;09:30;12674;AV CEL CARVALHO;RUA GUILHERME MENDES;;;;Colisão;Luz do Dia;;;Cruz;Pare;Comercial;0;1;1;1;0;0;0;0;0;1;0;0;-38,587094;-3,720651
293444;9;8;2016;09:30;7478;AV ALBERTO CRAVEIRO;RUA MARIA SARAIVA;;;;Colisão Lateral;Luz do Dia;Bom;Seca;T;Não Há Controle;Residencial;0;1;3;0;0;0;0;0;0;0;0;0;-38,517186;-3,786137
293445;9;8;2016;08:00;12535;RUA ROSA LEITE OLIVEIRA;AV MAJ ASSIS;;;;Colisão Lateral;Luz do Dia;Nublado;Seca;Cruz;Pare;Comercial;0;1;2;1;0;0;0;0;0;0;0;0;-38,586944;-3,723727
293447;9;8;2016;10:00;6760;AV ENG SANTANA JUNIOR;RUA GAL TERTULIANO POTYGUARA;;231;;Colisão Lateral;Luz do Dia;Bom;Seca;T;Semáforo;Comercial;0;1;4;0;1;0;0;0;0;1;0;0;-38,489463;-3,746669
293449;9;8;2016;11:00;0;RUA GAL AFONSO A LIMA;;;;TRIBUNAL DE JUSTICA;Colisão;Luz do Dia;;;Meio de Quadra;;;0;0;2;1;1;0;0;0;0;0;0;0;;
293450;10;8;2016;15:25;25254;RUA JOAQUIM DE FIGUEIREDO FILHO;RUA CRISANTO M DA ROCHA;;;;Colisão Transversal;Luz do Dia;Bom;Seca;Cruz;Pare;Residencial;0;0;4;1;0;0;0;0;0;1;0;0;;
293451;10;8;2016;16:50;5715;AV DES GONZAGA;RUA ULISSES BEZERRA;;;;Atropelamento;Luz do Dia;Bom;Não informada;Cruz;Não Há Controle;Comercial;0;1;2;0;0;0;0;0;0;0;0;0;-38,499492;-3,798159
293455;10;8;2016;19:40;0;AV AGUANAMBI;;;1370;;Colisão Traseira;Mal Iluminada;Bom;Seca;Meio de Quadra;Semáforo;Comercial;0;1;0;1;0;0;0;0;0;1;0;0;-38,524083;-3,748559
293456;10;8;2016;21:00;0;RUA FARIAS LEMOS;;;1069;;Colisão Transversal;Via Iluminada;Bom;Seca;Meio de Quadra;Não Há Controle;Comercial;0;0;2;1;0;0;0;0;0;0;0;0;;
293463;10;8;2016;10:27;0;AV JOSE BASTOS;;;2655;;Outros;Luz do Dia;;;Meio de Quadra;;;0;0;1;0;0;0;0;0;0;1;0;0;;
293030;10;8;2016;13:00;0;AV MIN JOSE AMERICO;;;;;Colisão;Luz do Dia;Bom;Seca;Meio de Quadra;;;0;0;2;1;0;0;0;0;0;0;0;0;;
293032;10;8;2016;14:00;0;RD CE-040;;;;KM-06;Colisão;Luz do Dia;Bom;Seca;Meio de Quadra;;;0;0;2;1;0;0;0;0;0;1;0;0;-38,479535;-3,800596
290803;10;8;2016;11:00;0;AV AGUANAMBI;;;233;;Colisão Lateral;Luz do Dia;Bom;Seca;Meio de Quadra;Não Há Controle;Comercial;0;0;2;1;0;0;1;0;0;0;0;0;;
290798;10;8;2016;11:20;26251;AV AMERICO BARREIRA;RUA CEARA;;;;Colisão Transversal;Luz do Dia;Bom;Seca;Cruz;Semáforo;Comercial;0;1;2;1;0;0;0;0;0;1;0;0;;
290810;10;8;2016;16:00;0;RUA BERNARDO MANUEL;;;7525;;Colisão Traseira;Luz do Dia;Bom;Seca;Meio de Quadra;Não Há Controle;Residencial;0;0;2;1;0;0;0;0;0;0;0;0;-38,546904;-3,783994
290808;10;8;2016;21:50;7211;AV PRS CASTELO BRANCO;AV DR THEBERGE;;;;Colisão;Via Iluminada;Bom;Seca;Cruz;Semáforo Manual;Residencial;0;1;1;1;0;0;0;0;0;1;0;0;-38,563456;-3,710079
290812;10;8;2016;01:30;20269;AV PRS JUSCELINO KUBITSCHEK (PASSARÉ);RUA ELDORADO;;;;Colisão Lateral;Via Iluminada;Bom;Seca;Cruz;Semáforo;Comercial;0;2;1;1;0;0;0;0;0;1;0;0;-38,531633;-3,816307
290813;10;8;2016;08:00;0;AV JOSE BASTOS;;;2655;;Colisão Lateral;Luz do Dia;Bom;Seca;Meio de Quadra;Outros;Residencial;0;1;1;1;0;0;0;0;0;1;0;0;;
290815;10;8;2016;09:40;0;AV BORGES DE MELO;;;;;Colisão Frontal;Luz do Dia;Bom;Seca;Meio de Quadra;Semáforo;Comercial;0;2;0;1;0;0;0;0;0;1;0;0;;
290827;10;8;2016;09:45;17622;RUA JOSE LITO OLIVEIRA;RUA AFONSO LOPES;;;;Choque c/ Obstáculo Fixo;Luz do Dia;Bom;Seca;Cruz;Pare;Residencial;0;0;1;1;0;0;0;0;0;0;0;0;-38,548583;-3,794296
290821;10;8;2016;13:45;19688;RUA PRO RAIMUNDO ARRUDA;RUA AZEVEDO BOLAO;;;;Queda;Luz do Dia;Bom;Seca;Cruz;Pare;Residencial;0;2;0;0;0;0;0;0;0;1;0;0;-38,551701;-3,735414
290819;10;8;2016;08:40;6571;AV H CJ CEARA;RUA 303 CJ CEARA;;;;Colisão Lateral;Luz do Dia;Bom;Seca;Cruz;Pare;Residencial;0;2;1;1;0;0;0;0;0;1;0;0;-38,613154;-3,776174
290842;10;8;2016;22:00;0;AV MAJ ASSIS;;;1980;;Colisão Traseira;Via Iluminada;Bom;Seca;Meio de Quadra;Não Há Controle;Residencial;0;0;5;1;0;0;0;0;0;0;0;0;-38,597495;-3,721458
290848;10;8;2016;19:30;0;RUA TIBURCIO CAVALCANTE;;;1040;;Colisão Traseira;Via Iluminada;Bom;Seca;Meio de Quadra;Não Há Controle;Residencial;0;0;2;1;0;0;0;0;0;0;0;0;-38,502055;-3,734354
290849;10;8;2016;14:30;0;RUA TAVARES COUTINHO;;;2240;;Outros;Luz do Dia;Bom;Seca;Meio de Quadra;Não Há Controle;Comercial;0;0;2;0;0;0;1;0;0;0;0;0;;
290832;10;8;2016;15:10;24287;RUA TAVARES COUTINHO;RUA CASTRO MONTE;;;;Colisão Transversal;Luz do Dia;Bom;Seca;Cruz;Pare;Comercial;0;1;2;1;0;0;0;0;1;0;0;0;-38,486062;-3,732564
290829;10;8;2016;09:40;18192;AV DIOGUINHO;RUA ALBERTO MONTEIRO;;;;Colisão Lateral;Luz do Dia;Bom;Seca;Cruz;Não Há Controle;Comercial;0;0;2;0;1;0;1;0;0;0;0;0;-38,440075;-3,767983
290839;10;8;2016;16:00;0;RUA BERNARDO MANUEL;;;;;Colisão Traseira;Luz do Dia;Bom;Seca;Meio de Quadra;Semáforo;Comercial;0;0;2;1;0;0;0;0;0;0;0;0;;
295579;10;8;2016;06:48;15418;RUA HOMEM DE MELO;RUA ELISARIO MENDES;;459;;Colisão Transversal;Luz do Dia;Bom;Seca;Cruz;Não Há Controle;Comercial;0;1;2;1;0;0;0;0;0;1;0;0;-38,494474;-3,815625
295580;10;8;2016;07:34;0;RD BR 116;;;;;Colisão;Luz do Dia;;;Meio de Quadra;;;0;2;0;1;0;0;0;0;0;1;0;0;;
295581;10;8;2016;08:06;0;AV H CJ CEARA;;;1722;;Colisão;Luz do Dia;;;Meio de Quadra;;;0;2;0;1;0;0;0;0;0;1;0;0;-38,613577;-3,776219
295584;10;8;2016;08:42;0;RUA VALPARAISO;;;;;Outros;Luz do Dia;;;Meio de Quadra;;;0;1;0;0;0;0;0;0;0;0;0;0;;
295603;10;8;2016;13:10;0;AV DR SILAS MUNGUBA;;;3061;;Colisão Transversal;Luz do Dia;Bom;Seca;Meio de Quadra;Não Há Controle;Comercial;0;0;4;1;0;0;0;1;0;0;0;0;-38,545882;-3,788432
295597;10;8;2016;12:28;1234;AV SANTOS DUMONT;RUA ANTONIO AUGUSTO;;;;Colisão;Luz do Dia;;;Cruz;Pare;Comercial;0;2;0;1;0;0;0;0;0;1;0;0;-38,513733;-3,731222
295592;10;8;2016;10:04;0;RUA RIO GRANDE DO SUL;;;990;;Queda;Luz do Dia;;;Meio de Quadra;;;0;1;0;0;0;0;0;0;0;1;0;0;-38,566814;-3,757457
295593;10;8;2016;11:28;0;AV AUGUSTO DOS ANJOS;;;;;Colisão;Luz do Dia;;;Meio de Quadra;;;0;2;0;1;0;0;0;0;0;1;0;0;;
295594;10;8;2016;11:41;0;RUA DR JUSTA ARAUJO D45;;;400;;Colisão Traseira;Luz do Dia;Bom;Seca;Meio de Quadra;Não Há Controle;Residencial;0;0;5;1;0;0;0;0;0;0;0;0;-38,551331;-3,779394
295634;10;8;2016;19:47;9160;RUA DEP OSWALDO STUDART;RUA GRACILIANO RAMOS;;;;Colisão;;;;Cruz;Pare;Comercial;0;2;0;0;0;0;0;0;0;0;0;0;-38,529082;-3,754499
295630;10;8;2016;19:07;0;RUA CEL JOAO OLIVEIRA;;;312;;Colisão;;;;Meio de Quadra;;;0;2;0;1;0;0;0;0;0;1;0;0;-38,491995;-3,822346
295626;10;8;2016;18:27;0;RUA EMILIO DE MENESES;;;;;Colisão;Anoitecer;;;Meio de Quadra;;;0;2;0;0;0;0;0;0;0;1;0;0;;
295627;10;8;2016;19:07;0;RUA CEL JOAO OLIVEIRA;;;312;;Colisão;;;;;;;0;1;0;1;0;0;0;0;0;1;0;0;-38,491995;-3,822346
295640;10;8;2016;20:46;0;RUA JOAQUIM NABUCO;;;250;;Choque c/ Obstáculo Fixo;Via Iluminada;Bom;Seca;Meio de Quadra;Não Há Controle;Comercial;0;1;2;1;0;0;0;0;0;1;0;0;-38,49879;-3,727465
295620;10;8;2016;18:14;3809;RUA PDE FRANCISCO PINTO;AV CARAPINIMA;;;;Colisão;Anoitecer;;;Cruz;Pare;Residencial;0;2;0;1;0;0;0;0;0;1;0;0;-38,541958;-3,741723
295615;10;8;2016;17:28;0;AV PERIMETRAL;;;;;Colisão;Anoitecer;;;Meio de Quadra;;;0;2;0;1;0;0;0;0;0;1;0;0;;
295618;10;8;2016;17:37;2573;AV FRANCISCO SA;RUA GRACA ARANHA;;;;Colisão;Anoitecer;;;Cruz;Pare;Residencial;0;2;0;1;0;0;0;0;0;1;0;0;-38,574359;-3,711611
295609;10;8;2016;14:43;0;RUA INES BRASIL;;;682;;Colisão;Luz do Dia;;;Meio de Quadra;;;0;2;0;0;0;0;1;0;0;1;0;0;-38,519081;-3,803674
295683;10;8;2016;08:23;0;AV PRS COSTA E SILVA;;;;;Queda;Luz do Dia;;;Meio de Quadra;;;0;1;0;0;0;1;0;0;0;0;0;0;;
295687;10;8;2016;18:49;5295;AV IMPERADOR;RUA PEDRO I;;;;Colisão Transversal;Via Iluminada;Bom;Seca;Cruz;Semáforo;Comercial;0;1;2;1;0;1;0;0;0;0;0;0;-38,535035;-3,729161
295685;10;8;2016;18:29;0;RUA TEODOMIRO DE CASTRO;;;6048;;Colisão;Anoitecer;;;Meio de Quadra;;;0;2;0;1;0;0;0;0;0;1;0;0;-38,574698;-3,71763
295665;10;8;2016;00:56;0;AV PRS JUSCELINO KUBITSCHEK (PASSARÉ);;;3259;;Colisão;;;;Meio de Quadra;;;0;2;0;1;0;0;0;0;0;1;0;0;;
295678;10;8;2016;06:51;0;RUA DR GILBERTO CAMARA;;;120;;Colisão;Luz do Dia;;;Meio de Quadra;;;0;2;0;1;0;0;0;0;0;1;0;0;-38,563978;-3,720275
295658;10;8;2016;21:37;5178;RUA PDE MORORO;RUA LIBERATO BARROSO;;;;Colisão;;;;Cruz;Não Há Controle;Comercial;0;2;0;1;0;0;0;0;0;1;0;0;-38,537495;-3,725509
295660;10;8;2016;21:57;2729;RUA CEL JOAO CORREIA;RUA CEL VIRGILIO NOGUEIRA (BOM JARDIM);;;;Colisão;;;;Cruz;Não Há Controle;Residencial;0;2;0;1;0;0;0;0;0;1;0;0;;
295662;10;8;2016;22:56;1350;RUA TORRES CAMARA;RUA SILVA PAULET;;;;Colisão;;;;Cruz;Pare;Comercial;0;2;0;1;0;0;0;0;0;0;0;0;-38,505905;-3,735958
295653;10;8;2016;21:22;0;AV PRS CASTELO BRANCO;;;3936;;Queda;;;;Meio de Quadra;;;0;1;0;0;0;0;0;0;0;1;0;0;-38,567654;-3,708671
295649;10;8;2016;21:19;17901;AV SGT HERMINIO SAMPAIO;TR SAO JOSE;;4308;;Colisão Transversal;Via Iluminada;Bom;Seca;T;Pare;Comercial;0;0;4;1;0;0;0;0;0;1;0;0;-38,578746;-3,731312
295650;10;8;2016;08:20;0;AV MIN JOSE AMERICO;;;;;Colisão;Luz do Dia;Bom;Seca;Meio de Quadra;;;0;0;2;1;0;0;0;0;0;0;0;0;;
296833;10;8;2016;08:15;0;RD BR 116;;;5000;KM-05;Colisão Traseira;Luz do Dia;;;Meio de Quadra;;;0;0;3;1;0;0;0;0;0;0;0;0;-38,506787;-3,796502
296836;10;8;2016;09:10;0;RD BR 116;;;5000;KM-05;Colisão Lateral;Luz do Dia;;;Meio de Quadra;;;0;0;2;1;1;0;0;0;0;0;0;0;-38,506787;-3,796502
301545;10;8;2016;07:57;25238;RUA PRISCO BEZERRA;RUA JOSE RANGEL;;0;;Colisão Transversal;Luz do Dia;Bom;Seca;Outros;Não Há Controle;Comercial;0;1;1;1;0;0;0;0;0;1;0;0;;
301546;10;8;2016;09:00;3419;AV JOAO PESSOA;RUA MIGUEL GONCALVES;;0;;Colisão Lateral;Luz do Dia;Bom;Seca;Cruz;Pare;Comercial;0;0;2;0;0;0;0;0;0;1;0;0;-38,55508;-3,75871
301547;10;8;2016;09:25;15200;RUA DEP MOREIRA DA ROCHA;RUA CARLOS VASCONCELOS;;0;;Engavetamento;Amanhecer;Bom;Não informada;Cruz;Semáforo;Comercial;0;1;1;1;0;0;0;0;0;0;0;0;-38,508724;-3,72656
301548;10;8;2016;10:17;0;AV RUI BARBOSA;;;687;;Colisão Traseira;Luz do Dia;Bom;Seca;Meio de Quadra;Não Há Controle;Comercial;0;0;2;0;0;0;0;0;0;0;0;0;-38,507138;-3,728942
301549;10;8;2016;11:20;0;AV PONTES VIEIRA;;;1970;;Colisão Traseira;Luz do Dia;Bom;Seca;Meio de Quadra;Não Há Controle;Comercial;0;1;1;1;0;0;0;0;0;1;0;0;-38,504072;-3,751622
301550;10;8;2016;11:39;15245;AV ANTONIO JUSTA;RUA LEONARDO MOTA;;0;;Colisão Lateral;Luz do Dia;Bom;Seca;Cruz;Pare;Comercial;0;0;1;1;0;0;0;0;0;0;0;0;-38,493542;-3,727945
301551;10;8;2016;11:40;0;AV GAL OSORIO DE PAIVA;;;3476;;Engavetamento;Luz do Dia;Bom;Seca;Não Informado;Semáforo;Residencial;0;0;3;1;0;0;0;0;0;0;0;0;-38,589386;-3,791691
301552;10;8;2016;12:01;0;AV 13 DE MAIO;;;1932;;Colisão Traseira;Luz do Dia;Bom;Seca;Meio de Quadra;Semáforo;Comercial;0;0;3;1;0;0;0;0;0;0;0;0;-38,534905;-3,744566
301561;10;8;2016;20:55;0;AV SANTOS DUMONT;;;5633;;Colisão Lateral;Via Iluminada;Bom;Seca;Meio de Quadra;Não Há Controle;Comercial;0;0;2;1;1;0;0;0;0;0;0;0;-38,481291;-3,741727
301555;10;8;2016;14:12;5437;RUA METON DE ALENCAR;RUA FLORIANO PEIXOTO;;0;;Colisão Transversal;Luz do Dia;Bom;Seca;Cruz;Pare;Comercial;0;0;2;1;0;0;0;0;0;0;0;0;-38,529358;-3,734071
301556;10;8;2016;12:37;5250;RUA PEDRO I;RUA AGAPITO DOS SANTOS;;0;;Colisão Lateral;Luz do Dia;Bom;Seca;Cruz;Pare;Residencial;0;0;2;1;0;0;0;0;0;0;0;0;-38,539337;-3,727789
301557;10;8;2016;18:09;0;AV ALBERTO CRAVEIRO;;;2511;;Colisão Traseira;Anoitecer;Bom;Seca;Meio de Quadra;Não Há Controle;Comercial;0;1;1;1;0;0;0;0;0;0;0;0;-38,520796;-3,802281
301558;10;8;2016;18:46;0;AV 13 DE MAIO;;;1700;;Colisão Lateral;Mal Iluminada;Bom;Seca;Meio de Quadra;Não Há Controle;Comercial;0;0;1;1;0;0;0;0;0;1;0;0;-38,53324;-3,745977
301559;10;8;2016;19:20;0;RUA TOMAS ACIOLI;;;696;;Colisão Transversal;Via Iluminada;Bom;Seca;Meio de Quadra;Não Há Controle;Residencial;0;0;2;1;0;0;0;0;0;0;0;0;-38,51159;-3,744279
301562;11;8;2016;08:50;0;AV ENG LUIS VIEIRA;RUA EINSTEIN;;0;;Colisão Lateral;Luz do Dia;Bom;Seca;Cruz;Pare;Comercial;0;0;2;1;0;0;0;0;0;0;0;0;;
301563;11;8;2016;10:22;0;AV ENG SANTANA JUNIOR;;;1901;;Colisão Lateral;Luz do Dia;Bom;Seca;Meio de Quadra;Semáforo;Comercial;0;0;2;1;0;0;0;0;0;0;0;0;-38,486235;-3,742276
301564;11;8;2016;10:27;0;RUA CARLOS VASCONCELOS;;;112;;Colisão Transversal;Luz do Dia;Bom;Seca;Meio de Quadra;Não Há Controle;Residencial;0;0;2;1;0;0;0;0;0;0;0;0;-38,507458;-3,722675
301565;11;8;2016;13:18;0;AV ALM HENRIQUE SABOIA;;;0;;Colisão Lateral;Luz do Dia;Bom;Seca;Meio de Quadra;Não Há Controle;Comercial;0;0;2;1;1;0;0;0;0;0;0;0;;
301566;11;8;2016;12:51;3324;RUA VIRIATO RIBEIRO;RUA URUGUAI;;0;;Colisão Transversal;Luz do Dia;Bom;Seca;Cruz;Pare;Comercial;0;0;3;1;0;0;0;0;0;0;0;0;-38,563322;-3,748176
301567;11;8;2016;14:50;1559;RUA MON CATAO;RUA PAULA NEI;;0;;Colisão Transversal;Luz do Dia;Bom;Seca;Cruz;Pare;Residencial;0;1;1;1;0;0;0;0;0;1;0;0;-38,49151;-3,741704
301568;11;8;2016;14:39;0;AV EDUARDO GIRAO;;;0;;Colisão Lateral;Luz do Dia;Bom;Seca;Rotatória;Semáforo;Comercial;0;1;1;1;1;0;0;0;0;0;0;0;;
301569;11;8;2016;16:25;0;AV HERACLITO GRACA;;;1400;;Colisão Traseira;Luz do Dia;Bom;Seca;Meio de Quadra;Não Há Controle;Comercial;0;0;2;1;0;0;0;0;0;0;0;0;-38,512358;-3,737553
301570;11;8;2016;19:00;0;AV PRS CASTELO BRANCO;;;2473;;Colisão Traseira;Via Iluminada;Bom;Seca;Meio de Quadra;Não Há Controle;Comercial;0;0;2;1;0;0;0;0;0;0;0;0;-38,550043;-3,713278
301571;11;8;2016;20:00;3819;AV CARAPINIMA;RUA JUVENAL GALENO;;0;;Colisão Lateral;Via Iluminada;Bom;Seca;Cruz;Semáforo;Comercial;0;0;2;1;1;0;0;0;0;0;0;0;-38,539176;-3,738998
295698;11;8;2016;06:38;0;AV AUGUSTO DOS ANJOS;;;362;;Colisão;Luz do Dia;;;Meio de Quadra;;;0;2;0;0;0;0;0;0;0;0;0;0;-38,571883;-3,772081
295690;11;8;2016;06:19;0;AV WASHINGTON SOARES;;;;;Colisão;Luz do Dia;;;Meio de Quadra;;;0;2;0;0;0;0;0;0;0;1;0;0;;
295713;11;8;2016;07:10;0;AV DOS EXPEDICIONARIOS;;;4722;;Colisão;Luz do Dia;;;Meio de Quadra;;;0;2;0;1;0;0;0;0;0;1;0;0;;
295696;11;8;2016;06:20;0;RD BR 116;;;;;Colisão;Luz do Dia;;;Meio de Quadra;;;0;2;0;1;1;0;0;0;0;0;0;0;;
295708;11;8;2016;06:55;0;RUA GOV 05 CJ TASSO JEREISSATI;;;;;Colisão;Luz do Dia;;;Meio de Quadra;;;0;2;0;0;0;0;0;0;0;0;0;0;;
295706;11;8;2016;06:54;15743;RUA HERBENE;RUA MANUEL ARRUDA;;471;;Colisão Lateral;Luz do Dia;Bom;Seca;Cruz;Pare;Comercial;0;2;1;1;0;0;0;0;0;1;0;0;-38,504019;-3,828948
295772;11;8;2016;17:06;0;AV AUGUSTO DOS ANJOS;;;1245;;Colisão;Anoitecer;;;Meio de Quadra;;;0;2;0;1;0;0;0;0;0;0;0;0;-38,577044;-3,777757
295764;11;8;2016;16:20;12745;RUA ANA NERY;RUA JULIO CESAR D12;;;;Colisão;Luz do Dia;;;Cruz;Pare;Residencial;0;2;0;1;0;0;0;0;0;1;0;0;-38,544349;-3,751712
295737;11;8;2016;07:32;12837;AV DOMINGOS OLIMPIO;RUA JAIME BENEVOLO;;;;Colisão;Luz do Dia;;;Cruz;Semáforo;Misto;0;2;0;0;0;0;0;0;0;0;0;0;-38,527245;-3,73778
295749;11;8;2016;12:21;0;AV 13 DE MAIO;;;;;Colisão;Luz do Dia;;;Meio de Quadra;;;0;2;0;1;0;0;0;0;0;1;0;0;;
295747;11;8;2016;10:49;0;RUA JOSE TORRES;;;;;Colisão;Luz do Dia;;;Meio de Quadra;;;0;2;0;1;0;0;0;0;0;1;0;0;;
295739;11;8;2016;07:48;0;RUA SEN ALVARO ADOLFO;;;762;;Queda;Luz do Dia;;;Meio de Quadra;;;0;1;0;0;0;0;0;0;0;1;0;0;-38,577081;-3,732988
295760;11;8;2016;15:32;0;RUA CRUZ ABREU;;;264;;Colisão;Luz do Dia;;;Meio de Quadra;;;0;2;0;1;0;0;0;0;0;1;0;0;-38,513007;-3,757935
295761;11;8;2016;15:40;0;RUA GERMANO FRANCK;;;;;Colisão;Luz do Dia;;;Meio de Quadra;;;0;2;0;1;0;0;0;0;0;1;0;0;;
295757;11;8;2016;14:37;5295;AV IMPERADOR;RUA PEDRO I;;;;Colisão;Luz do Dia;;;Cruz;Semáforo;Comercial;0;2;0;1;0;0;0;0;0;1;0;0;-38,535035;-3,729161
295742;11;8;2016;08:05;10708;RUA MON HIPOLITO BRASIL;RUA PDE SA LEITAO;;;;Colisão;Luz do Dia;;;;;;0;2;0;0;0;0;0;0;0;1;0;0;-38,579594;-3,758489
295743;11;8;2016;08:43;0;RUA MON HIPOLITO BRASIL;;;1198;;Colisão;Luz do Dia;;;Meio de Quadra;;;0;2;0;1;0;0;0;0;0;1;0;0;;
295745;11;8;2016;08:47;0;RUA ALBERTO MAGNO;;;533;;Colisão Traseira;Luz do Dia;Bom;Seca;Meio de Quadra;Não Há Controle;Comercial;0;3;2;1;0;0;0;0;0;1;0;0;-38,546135;-3,760473
295725;11;8;2016;07:31;0;ET DO ITAPERI;;;346;;Queda;Luz do Dia;;;Meio de Quadra;;;0;1;0;0;0;0;0;0;0;1;0;0;;
295716;11;8;2016;07:24;0;AV DOMINGOS OLIMPIO;;;247;;Colisão;Luz do Dia;;;Meio de Quadra;;;0;2;0;1;0;1;0;0;0;0;0;0;-38,527167;-3,737804
295867;11;8;2016;11:43;0;AV PRS CASTELO BRANCO;;;;;Colisão Lateral;Luz do Dia;Bom;Seca;Meio de Quadra;Não Há Controle;Comercial;0;0;4;1;0;1;0;0;0;0;0;0;;
295862;11;8;2016;10:47;7752;AV JOAO PESSOA;AV CARNEIRO DE MENDONCA;;;;Atropelamento;Luz do Dia;;;T;Semáforo;Comercial;0;2;0;1;0;0;0;0;0;0;0;0;-38,559808;-3,767222
295858;11;8;2016;08:08;170;AV SGT HERMINIO SAMPAIO;AV ENG SERRAINE;;;;Colisão;Luz do Dia;;;;;;0;2;0;1;0;0;0;0;0;1;0;0;-38,585621;-3,734139
295853;11;8;2016;22:27;0;AV ODILON GUIMARAES;;;;;Colisão;;;;Meio de Quadra;;;0;2;0;1;0;0;0;0;0;1;0;0;;
295854;11;8;2016;22:37;0;AV PRS COSTA E SILVA;;;2015;;Colisão Traseira;Via Iluminada;Bom;Seca;Meio de Quadra;Não Há Controle;Residencial;0;0;3;1;0;0;0;0;0;1;0;0;-38,563559;-3,81862
295845;11;8;2016;19:48;26272;RUA VALPARAISO;RUA RECANTO VERDE;;;;Colisão;;;;;;;0;2;0;1;0;0;0;0;0;0;0;0;;
295842;11;8;2016;18:50;0;RUA BERNARDO MANUEL;;;880;;Colisão;;;;Meio de Quadra;;;0;2;0;1;0;0;0;0;0;1;0;0;;
295847;11;8;2016;19:53;0;RUA NUNES VALENTE;;;2667;;Colisão Transversal;Via Iluminada;Bom;Seca;Meio de Quadra;Pare;Residencial;0;2;2;1;0;0;0;0;0;1;0;0;-38,507469;-3,747852
295849;11;8;2016;21:48;0;RUA ESTRELA DO ORIENTE;;;;;Queda;;;;Meio de Quadra;;;0;1;0;0;0;1;0;0;0;0;0;0;;
295850;11;8;2016;22:04;0;RUA MENOR JERONIMO;;;800;;Queda;;;;Meio de Quadra;;;0;1;0;0;0;0;0;0;0;1;0;0;;
295851;11;8;2016;22:27;0;AV ISABEL BEZERRA;;;;;Colisão;;;;Meio de Quadra;;;0;2;0;0;0;0;0;0;0;0;0;0;;
295834;11;8;2016;17:53;0;RUA PDE PEDRO DE ALENCAR;;;1850;;Colisão;Anoitecer;;;Meio de Quadra;;;0;2;0;1;0;0;0;0;0;1;0;0;-38,494387;-3,843887
295840;11;8;2016;18:13;0;RUA MEM DE SA;;;609;;Colisão;Anoitecer;;;Meio de Quadra;;;0;2;0;1;0;0;0;0;0;1;0;0;;
295836;11;8;2016;17:53;0;AV AGUANAMBI;;;94;;Colisão Lateral;Luz do Dia;Bom;Seca;Meio de Quadra;Não Há Controle;Comercial;0;0;5;1;1;0;0;0;0;0;0;0;-38,524263;-3,737727
295837;11;8;2016;18:06;23770;RUA COSTA FREIRE;RUA LINS DO REGO;;;;Queda;Anoitecer;;;Cruz;Pare;Residencial;0;1;0;0;0;0;0;0;0;1;0;0;-38,576684;-3,783248
290859;11;8;2016;20:00;7400;RUA PRO EDGAR DE ARRUDA;RUA CEL MATOS DOURADO;;;;Colisão Lateral;Via Iluminada;Bom;Seca;Cruz;Pare;Residencial;0;1;1;1;0;0;0;0;0;1;0;0;-38,584848;-3,758202
290851;11;8;2016;14:49;0;AV BEIRA MAR;;;872;;Colisão Traseira;Luz do Dia;Bom;Seca;Outros;Não Há Controle;Comercial;0;0;2;1;0;0;0;0;0;0;0;0;-38,511491;-3,720242
290852;11;8;2016;15:36;19261;AV GAL OSORIO DE PAIVA;RUA MON LEOPOLDO FEITOSA;;;;Colisão Lateral;Luz do Dia;Bom;Seca;Cruz;Pare;Residencial;0;0;2;1;0;0;0;0;0;0;0;0;-38,562208;-3,771715
290855;11;8;2016;07:30;1696;RUA CAP ARAGAO;RUA ASP MENDES;;;;Colisão Transversal;Luz do Dia;Bom;Seca;Cruz;Pare;Residencial;0;2;0;0;0;0;0;0;0;1;0;0;-38,514843;-3,765175
290857;11;8;2016;10:10;0;AV 13 DE MAIO;;;477;;Colisão Traseira;Luz do Dia;Bom;Seca;Meio de Quadra;Semáforo;Comercial;0;1;2;1;0;0;0;0;1;0;0;0;-38,525657;-3,752457
290864;11;8;2016;07:30;0;AV ANTONIO SALES;;;1041;;Colisão Transversal;Luz do Dia;Bom;Seca;Meio de Quadra;Não Há Controle;Comercial;0;0;2;1;0;0;0;1;0;0;0;0;-38,512527;-3,742308
290861;11;8;2016;13:00;0;RUA EMILIO DE MENESES;;;;;Colisão Transversal;Luz do Dia;Bom;Seca;Outros;Pare;Residencial;0;0;2;1;0;0;1;0;0;0;0;0;;