COD_ACIDENTE;DIA;MES;ANO;HORA;INTERSECAO;LOG1;LOG2;LOG3;NUMERO;REFERENCIA;NATUREZA;ILUMINACAO;TEMPO;SUPERFICIEPISTA;TIPOCRUZAMENTO;CONTROLETRAFEGO;USOSOLO;MORTOS;FERIDOS;ILESOS;AUTOMOVEL;ONIBUS;BICICLETA;CAMINHAO;MICROONIBUS;CICLOMOTOR;MOTOCICLETA;TRACAOANIMAL;TREM;LONG;LAT
290929;11;8;2016;20:30;0;AV SANTOS DUMONT;;;5100;;Outros;Via Iluminada;Bom;Seca;Meio de Quadra;Não Há Controle;Residencial;0;0;3;1;0;0;0;0;0;0;0;0;-38,485906;-3,740265
290936;11;8;2016;11:50;7752;AV JOAO PESSOA;AV CARNEIRO DE MENDONCA;;;;Outros;Via Iluminada;Bom;Seca;T;Semáforo;Comercial;0;1;2;1;0;0;0;0;0;0;0;0;-38,559808;-3,767222
293033;11;8;2016;07:30;0;RD CE-060;;;;KM-02;Colisão;Luz do Dia;Bom;Seca;Meio de Quadra;;;0;0;2;1;0;0;1;0;0;0;0;0;-38,582918;-3,836668
293034;11;8;2016;17:30;0;RD CE-060;;;;KM-03;Colisão;Anoitecer;Bom;Seca;Meio de Quadra;;;0;0;2;1;0;0;0;0;0;0;0;0;-38,585024;-3,843072
293035;11;8;2016;04:50;0;RD CE-040;;;;KM-06;Choque c/ Obstáculo Fixo;;Bom;Seca;Meio de Quadra;;;0;0;1;1;0;0;0;0;0;0;0;0;-38,479535;-3,800596
293031;11;8;2016;03:40;0;RD CE-040;;;;KM-11;Colisão;;Bom;Seca;Meio de Quadra;;;0;0;2;0;0;0;0;0;0;0;0;0;-38,480883;-3,842577
293464;11;8;2016;01:00;17901;AV SGT HERMINIO SAMPAIO;TR SAO JOSE;;;;Colisão;;;;;Não Há Controle;Comercial;0;2;1;1;0;0;0;0;0;1;0;0;-38,578746;-3,731312
293467;11;8;2016;18:10;0;RUA POLIANA (MONDUBIM);;;;;Choque c/ Obstáculo Fixo;Anoitecer;;;Meio de Quadra;;;0;0;1;0;0;0;0;0;0;0;0;0;;
293468;11;8;2016;08:30;0;AV SEN CARLOS JEREISSATI (AEROPORTO);;;3000;AEROPORTO;Colisão;Luz do Dia;;;Meio de Quadra;;;0;0;2;1;0;0;0;0;0;1;0;0;-38,541414;-3,780382
293499;12;8;2016;15:50;0;AV ROGACIANO LEITE;RUA FRANCISCO C MENDES;;2300;;Engavetamento;Luz do Dia;Bom;Seca;Meio de Quadra;Não Há Controle;Comercial;0;0;5;1;0;0;0;0;0;0;0;0;-38,500241;-3,775696
293500;12;8;2016;18:00;25254;RUA CRISANTO M DA ROCHA;RUA JOAQUIM DE FIGUEIREDO FILHO;;;;Colisão Lateral;Luz do Dia;Bom;Seca;Cruz;Pare;Residencial;0;0;4;0;0;0;0;0;0;0;0;0;;
293501;12;8;2016;17:51;13594;AV PONTES VIEIRA;RUA CAP GUSTAVO;;;;Colisão Traseira;Luz do Dia;Bom;Seca;Cruz;Semáforo;Comercial;0;0;3;1;0;0;0;0;0;1;0;0;-38,517125;-3,753153
291667;12;8;2016;08:00;0;RD DR MENDEL STEINBRUCH;;;;;Colisão;Luz do Dia;;;Meio de Quadra;;;1;0;1;0;1;0;0;0;0;1;0;0;;
291752;12;8;2016;21:30;10999;RUA 15 DE NOVEMBRO;RUA ALBERTO MAGNO;;;;Colisão;;;;Cruz;Pare;Residencial;1;2;0;0;0;0;0;0;1;1;0;0;-38,553169;-3,769909
290937;12;8;2016;15:35;15258;RUA PEREIRA FILGUEIRAS;RUA ANTONIO AUGUSTO;;;;Colisão Frontal;Luz do Dia;;;Cruz;Pare;Comercial;0;0;2;1;0;0;0;0;0;0;0;0;-38,512866;-3,72838
290930;12;8;2016;21:30;3189;RUA JOSE ARISTOTELES GONDIM;RUA CARLOS CHAGAS;;;;Colisão Lateral;;;;Cruz;Pare;Residencial;0;0;2;1;0;0;1;0;0;0;0;0;-38,585335;-3,780113
290934;12;8;2016;07:30;7733;AV JOAO PESSOA;RUA BAR SOBRAL;;;;Colisão Transversal;Luz do Dia;;;T;Semáforo;Comercial;0;0;2;0;0;0;0;0;0;1;0;0;;
290956;12;8;2016;23:30;1490;RUA CEL JUCA;RUA DES LEITE ALBUQUERQUE;;;;Colisão Transversal;;;;Cruz;Pare;Comercial;0;0;2;1;0;0;0;0;0;0;0;0;-38,491875;-3,739434
290965;12;8;2016;11:10;3894;AV EDUARDO GIRAO;RUA JULIO CESAR D12;;;;Colisão Transversal;Luz do Dia;;;Cruz;Semáforo;Comercial;0;0;2;1;1;0;0;0;0;0;0;0;-38,540636;-3,74763
290902;12;8;2016;19:20;5908;AV E CJ CEARA;RUA 424 CJ CEARA;;;;Colisão;;;;Cruz;Pare;Comercial;0;1;1;1;0;0;0;0;0;1;0;0;-38,605261;-3,759578
290896;12;8;2016;14:00;0;AV DES GONZAGA;;;248;;Colisão Lateral;Luz do Dia;;;Meio de Quadra;;;0;0;2;1;0;0;1;0;0;0;0;0;-38,503591;-3,789143
290879;12;8;2016;12:00;0;RUA VINTE E QUATRO DE MAIO;;;425;;Colisão;Luz do Dia;;;Meio de Quadra;;;0;0;2;1;0;0;0;0;0;1;0;0;-38,531516;-3,725457
290882;12;8;2016;08:10;17287;AV PRO GOMES DE MATOS;RUA VASCO DA GAMA;;;;Colisão;Luz do Dia;;;Cruz;Pare;Comercial;0;0;2;1;0;0;0;0;0;1;0;0;-38,547335;-3,763166
290921;12;8;2016;11:00;0;RUA ANGELO RATACASO;;;;;Colisão;Luz do Dia;;;Meio de Quadra;;;0;0;2;0;0;0;0;0;0;0;0;0;;
290918;12;8;2016;06:10;2451;AV PRS CASTELO BRANCO;RUA CESAR CORREIA;;;;Colisão Lateral;Luz do Dia;;;T;Não Há Controle;Residencial;0;1;1;0;1;0;0;0;0;0;0;0;-38,571621;-3,707235
290927;12;8;2016;;0;AV FRANCISCO SA;;;3437;;Colisão Lateral;;;;Meio de Quadra;;;0;0;2;1;0;0;1;0;0;0;0;0;-38,555744;-3,717944
290992;12;8;2016;14:30;0;RUA AFRODISIO GONDIM;;;215;;Colisão Lateral;Luz do Dia;;;Meio de Quadra;;;0;0;2;1;0;0;1;0;0;0;0;0;-38,545466;-3,757358
290996;12;8;2016;18:30;7850;RUA JOSE VILAR;RUA CEL ALVES TEIXEIRA;;;;Colisão Transversal;Anoitecer;;;Cruz;Pare;Residencial;0;0;2;1;0;0;0;0;0;0;0;0;-38,508198;-3,746707
291016;12;8;2016;19:40;0;AV B CJ JOSE WALTER;;;461;;Colisão Traseira;;;;Meio de Quadra;;;0;0;2;1;0;0;0;0;0;1;0;0;-38,557247;-3,826098
291023;12;8;2016;06:20;17399;RUA ISAIE BORIS;RUA PERU;;;;Colisão;Luz do Dia;;;;;;0;0;2;1;0;0;0;0;0;1;0;0;-38,549634;-3,767501
295871;12;8;2016;00:36;0;RUA OSCAR BENEVIDES;;;626;;Queda;;;;Meio de Quadra;;;0;1;0;0;0;0;0;0;0;1;0;0;;
295874;12;8;2016;12:44;0;RUA URUCUTUBA;;;5573;;Colisão;Luz do Dia;;;Meio de Quadra;;;0;2;0;1;0;0;0;0;0;1;0;0;;
295934;12;8;2016;22:57;0;RUA COPACABANA;;;481;;Colisão;;;;Meio de Quadra;;;0;2;0;0;0;0;0;0;0;1;0;0;;
295935;12;8;2016;23:47;0;AV PRO GOMES DE MATOS;;;153;;Colisão;;;;Meio de Quadra;;;0;2;0;0;0;0;0;0;0;0;0;0;-38,540982;-3,755754
295936;12;8;2016;10:25;0;RUA COM ACIOLI;;;367;;Colisão;Luz do Dia;;;Meio de Quadra;;;0;2;0;0;0;0;0;0;0;1;0;0;;
295937;12;8;2016;18:28;0;RUA ANARIO BRAGA;;;691;;Atropelamento;Anoitecer;;;Meio de Quadra;;;0;2;0;1;0;0;0;0;0;0;0;0;-38,592087;-3,737248
295928;12;8;2016;19:42;0;AV B CJ CEARA;;;461;;Colisão;;;;Meio de Quadra;;;0;2;0;1;0;0;0;0;0;1;0;0;-38,605767;-3,766004
295929;12;8;2016;19:59;0;RUA CEL JUSTINO F RAMOS;;;485;;Queda;;;;Meio de Quadra;;;0;1;0;0;0;1;0;0;0;0;0;0;;
295930;12;8;2016;21:14;0;AV CASTELO DE CASTRO;;;324;;Colisão;;;;Meio de Quadra;;;0;2;0;1;0;0;0;0;0;1;0;0;-38,521521;-3,831817
295932;12;8;2016;22:43;0;RUA PRO HERIBALDO COSTA;;;;;Colisão;;;;Meio de Quadra;;;0;2;0;0;0;0;0;0;0;0;0;0;;
295925;12;8;2016;19:23;0;AV A CJ CEARA;;;1170;;Colisão;;;;Meio de Quadra;;;0;2;0;1;0;1;0;0;0;0;0;0;-38,60492;-3,771485
295926;12;8;2016;19:29;5214;RUA DNA LEOPOLDINA;RUA PEREIRA FILGUEIRAS;;;;Colisão;;;;Cruz;Semáforo;Comercial;0;2;0;1;0;0;0;0;0;1;0;0;-38,518167;-3,726647
295913;12;8;2016;13:32;0;AV ALBERTO CRAVEIRO;;;;;Colisão;Luz do Dia;;;Meio de Quadra;;;0;2;0;1;0;0;0;0;0;1;0;0;;
295914;12;8;2016;13:48;0;AV PRS COSTA E SILVA;;;;;Colisão;Luz do Dia;;;Meio de Quadra;;;0;2;0;1;0;1;0;0;0;0;0;0;;
295911;12;8;2016;12:27;0;RUA PEDRO MARTINS;;;;;Colisão;Luz do Dia;;;Meio de Quadra;;;0;2;0;1;0;0;0;0;0;1;0;0;;
295909;12;8;2016;11:48;25334;AV B CJ CEARA;AV D CJ CEARA;;;;Colisão;Luz do Dia;;;T;Pare;Misto;0;2;0;1;0;0;0;0;0;1;0;0;-38,602328;-3,763611
295904;12;8;2016;07:11;0;RUA PORTO ALEGRE;;;1846;;Queda;Luz do Dia;;;Meio de Quadra;;;0;1;0;0;0;0;0;0;0;1;0;0;-38,594368;-3,758251
295905;12;8;2016;07:47;0;RD DR MENDEL STEINBRUCH;;;;;Colisão;Luz do Dia;;;Meio de Quadra;;;0;1;0;0;0;0;0;0;0;0;0;0;;
295907;12;8;2016;11:06;3894;AV EDUARDO GIRAO;RUA JULIO CESAR D12;;;;Colisão;Luz do Dia;;;Cruz;Semáforo;Comercial;0;2;0;1;0;0;0;0;0;1;0;0;-38,540636;-3,74763
295917;12;8;2016;14:06;7519;RUA PEDRO DANTAS;RUA TORRES DE MELO;;;;Colisão Transversal;Luz do Dia;Bom;Seca;Cruz;Pare;Comercial;0;0;4;1;0;0;0;0;0;1;0;0;-38,520909;-3,786094
295918;12;8;2016;14:50;0;RD BR 116;;;;;Queda;Luz do Dia;;;Meio de Quadra;;;0;1;0;0;0;0;0;0;0;1;0;0;;
295921;12;8;2016;17:00;15345;RUA REPUBLICA DO LIBANO;RUA LEONARDO MOTA;;;;Atropelamento;Anoitecer;;;Cruz;Pare;Residencial;0;2;0;1;0;0;0;0;0;0;0;0;-38,494824;-3,731908
295922;12;8;2016;17:08;15312;RUA PRO DIAS DA ROCHA;RUA SILVA JATAHY;;;;Colisão;Anoitecer;;;Cruz;Pare;Comercial;0;2;0;1;0;0;0;0;0;1;0;0;-38,489982;-3,730205
295923;12;8;2016;17:53;0;RUA URUCUTUBA;;;176;;Queda;Anoitecer;;;Meio de Quadra;;;0;1;0;0;0;0;0;0;0;1;0;0;-38,597378;-3,798249
295901;12;8;2016;06:22;0;AV CEL CARVALHO;;;;;Colisão;Luz do Dia;;;Meio de Quadra;;;0;2;0;1;0;0;0;0;0;1;0;0;;
295902;12;8;2016;06:26;0;AV PRS CASTELO BRANCO;;;4375;;Colisão;Luz do Dia;;;Meio de Quadra;;;0;2;0;1;0;0;0;0;0;1;0;0;-38,571896;-3,707135
295896;12;8;2016;03:19;21774;RUA BARRINHA;RUA STA MARIA GORETE;;;;Colisão;;;;;;;0;1;0;1;0;0;0;0;0;0;0;0;-38,603452;-3,729353
295892;12;8;2016;13:41;0;AV SEN FERNANDES TAVORA;;;;;Atropelamento;Luz do Dia;;;Meio de Quadra;;;0;2;0;1;0;0;0;0;0;0;0;0;;
295883;12;8;2016;21:50;0;AV BEZERRA DE MENEZES;;;;;Atropelamento;;;;Meio de Quadra;;;0;2;0;0;0;0;0;0;0;1;0;0;;
296839;12;8;2016;13:40;0;RD BR 116;;;3000;KM-03;Colisão Traseira;Luz do Dia;;;Meio de Quadra;;;0;1;2;1;0;0;0;0;0;1;0;0;-38,514372;-3,779838
296840;12;8;2016;22:20;0;RD BR 222;;;;KM-02;Colisão Lateral;;;;Meio de Quadra;;;0;4;1;0;0;0;0;0;0;1;0;0;-38,58704;-3,739009
301572;12;8;2016;10:07;26252;RUA PERGENTINO MAIA;RUA ANTONIO BARROS;;0;;Colisão Lateral;Luz do Dia;Bom;Seca;Cruz;Pare;Comercial;0;0;2;1;1;0;0;0;0;0;0;0;;
301573;12;8;2016;09:45;0;RUA RAIMUNDO NERY;;;549;;Colisão Lateral;Luz do Dia;Bom;Seca;Meio de Quadra;Não Há Controle;Comercial;0;0;1;0;1;0;0;0;0;0;0;0;-38,586908;-3,793006
301574;12;8;2016;13:29;15775;RUA PEDRO ESTANISLAU;RUA PRO JOSE HENRIQUE;;0;;Colisão Lateral;Luz do Dia;Bom;Seca;Cruz;Pare;Residencial;0;1;1;1;0;0;0;0;0;0;0;0;-38,483237;-3,830202
301575;12;8;2016;13:45;0;RUA JUSTINIANO DE SERPA;RUA SEN CATUNDA;;0;;Colisão Transversal;Luz do Dia;Bom;Seca;Cruz;Semáforo;Comercial;0;0;2;0;0;0;0;1;0;0;0;0;-38,541582;-3,737217
301576;12;8;2016;14:22;0;AV AGUANAMBI;;;150;;Colisão Lateral;Anoitecer;Bom;Seca;Rotatória;Semáforo;Comercial;0;0;4;1;0;0;0;0;0;0;0;0;-38,524598;-3,738607
301577;12;8;2016;15:35;0;AV ANTONIO SALES;;;1540;;Colisão Transversal;Luz do Dia;Bom;Seca;Meio de Quadra;Semáforo;Comercial;0;0;2;1;0;0;0;0;0;0;0;0;-38,509456;-3,743264
301579;12;8;2016;16:01;0;RUA PRO MARIO ROCHA;;;4;;Capotamento;Luz do Dia;Bom;Seca;Meio de Quadra;Não Há Controle;Residencial;0;0;4;1;0;0;0;0;0;0;0;0;-38,516045;-3,752354
301580;12;8;2016;17:19;0;RUA BERNARDO MANUEL;RUA HOLANDA;;0;;Colisão Transversal;Luz do Dia;Bom;Seca;T;Pare;Comercial;0;0;2;1;0;0;0;0;0;0;0;0;-38,554643;-3,809199
301581;12;8;2016;19:05;0;AV 13 DE MAIO;;;2991;;Colisão Traseira;Anoitecer;Bom;Seca;Meio de Quadra;Não Há Controle;Comercial;0;0;2;1;0;0;0;0;0;0;0;0;-38,54123;-3,739153
301582;12;8;2016;22:30;0;RUA MIGUEL COUTO;;;493;;Colisão Transversal;Via Iluminada;Bom;Seca;Meio de Quadra;Não Há Controle;Residencial;0;0;2;0;0;0;0;0;0;1;0;0;;
303263;12;8;2016;11:29;1375;AV SANTOS DUMONT;RUA BARBOSA DE FREITAS;;0;;Colisão Transversal;Luz do Dia;Bom;Seca;Cruz;Semáforo;Comercial;0;0;2;1;1;0;0;0;0;0;0;0;-38,497363;-3,736551
301583;13;8;2016;06:10;13592;AV PONTES VIEIRA;RUA PRO CARVALHO;;0;;Colisão Transversal;Luz do Dia;Bom;Seca;Cruz;Semáforo;Comercial;0;0;2;1;0;0;0;0;0;0;0;0;-38,514949;-3,75289
301584;13;8;2016;08:41;1490;RUA DES LEITE ALBUQUERQUE;RUA CEL JUCA;;0;;Colisão Transversal;Luz do Dia;Bom;Seca;Cruz;Pare;Comercial;0;0;2;1;0;0;0;0;0;0;0;0;-38,491875;-3,739434
301585;13;8;2016;10:15;0;AV PDE ANTONIO TOMAS;;;2067;;Colisão Lateral;Luz do Dia;Bom;Seca;Meio de Quadra;Não Há Controle;Comercial;0;0;2;1;1;0;0;0;0;0;0;0;-38,493978;-3,742008
301586;13;8;2016;12:00;19820;AV JOVITA FEITOSA;RUA GAL PIRAGIBE;;0;;Colisão Traseira;Luz do Dia;Bom;Seca;Cruz;Semáforo;Comercial;0;0;1;1;0;0;0;0;0;0;0;0;-38,557484;-3,740049
301587;13;8;2016;12:10;0;RUA PDE VALDEVINO;;;1778;;Colisão Traseira;Luz do Dia;Bom;Seca;Meio de Quadra;Semáforo;Comercial;0;0;3;1;0;0;0;0;0;0;0;0;-38,508013;-3,741908
301588;13;8;2016;13:33;0;AV RUI BARBOSA;;;900;;Engavetamento;Luz do Dia;Bom;Seca;Meio de Quadra;Não Há Controle;Comercial;0;0;3;1;0;0;0;0;0;0;0;0;-38,507811;-3,730968
301589;13;8;2016;17:06;0;AV AGUANAMBI;;;0;ROTATÓRIA;Colisão Lateral;Luz do Dia;Bom;Seca;Rotatória;Semáforo;Lazer;0;0;2;0;1;0;0;0;0;0;0;0;;
301590;13;8;2016;17:17;0;RUA WALDIR DIOGO;TR WALDIR DIOGO;;0;;Colisão Transversal;Luz do Dia;Bom;Seca;Cruz;Pare;Residencial;0;0;2;1;0;0;0;0;0;0;0;0;;
301592;13;8;2016;19:13;0;AV DOM MANUEL;;;772;;Choque c/ Obstáculo Fixo;Anoitecer;Bom;Seca;Meio de Quadra;Semáforo;Comercial;0;0;1;1;0;0;0;0;0;0;0;0;-38,521932;-3,730886
301593;13;8;2016;16:40;22990;AV DR SILAS MUNGUBA;RUA AMERICO VESPUCIO;;0;;Colisão Lateral;Luz do Dia;Bom;Seca;T;Pare;Comercial;0;0;2;1;0;0;0;0;0;0;0;0;;
301594;13;8;2016;16:30;0;AV CASTELO DE CASTRO;;;686;;Colisão Traseira;Luz do Dia;Bom;Seca;Meio de Quadra;Não Há Controle;Residencial;0;0;1;1;0;0;0;0;0;1;0;0;-38,521644;-3,835475
295971;13;8;2016;12:40;0;AV 13 DE MAIO;;;2112;;Colisão Transversal;Luz do Dia;Bom;Seca;Meio de Quadra;Semáforo;Residencial;0;4;2;1;0;0;0;0;0;1;0;0;-38,535752;-3,743839
295983;13;8;2016;14:06;0;AV GAL OSORIO DE PAIVA;;;6690;;Queda;Luz do Dia;;;Meio de Quadra;;;0;1;0;0;0;0;0;0;0;1;0;0;-38,6094;-3,812307
295984;13;8;2016;14:44;0;RUA TEODORO DE CASTRO;;;1740;;Colisão;Luz do Dia;;;Meio de Quadra;;;0;2;0;1;0;0;0;0;0;1;0;0;-38,606701;-3,779294
295985;13;8;2016;15:01;0;AV H CJ CEARA;;;1000;;Colisão;Luz do Dia;;;Meio de Quadra;;;0;2;0;1;0;0;0;0;0;1;0;0;-38,606282;-3,7752
295980;13;8;2016;13:26;20042;AV DR SILAS MUNGUBA;AV PRS JUSCELINO KUBITSCHEK (PASSARÉ);;;;Colisão;Luz do Dia;;;;;;0;2;0;0;0;0;0;0;0;1;0;0;-38,524782;-3,807229
295981;13;8;2016;13:53;0;AV AMERICO BARREIRA;;;5409;;Queda;Luz do Dia;;;Meio de Quadra;;;0;1;0;0;0;1;0;0;0;0;0;0;;
295975;13;8;2016;13:22;13368;RUA JOAO BRIGIDO;RUA J DA PENHA;;;;Colisão Transversal;Luz do Dia;Bom;Seca;Cruz;Pare;Comercial;0;2;2;1;0;0;0;0;0;1;0;0;-38,521117;-3,738925
295969;13;8;2016;12:22;0;AV MOZART PINHEIRO DE LUCENA;;;1684;;Queda;Luz do Dia;;;Meio de Quadra;;;0;1;0;0;0;0;0;0;0;1;0;0;-38,595442;-3,717377
295966;13;8;2016;11:23;0;AV EDILSON B SOARES;;;790;;Colisão Lateral;Luz do Dia;Bom;Seca;Meio de Quadra;Não Há Controle;Residencial;0;2;2;1;0;0;0;0;0;1;0;0;-38,479547;-3,789371
296001;13;8;2016;16:49;0;RUA URUCUTUBA;;;1422;;Colisão;Luz do Dia;;;Meio de Quadra;;;0;2;0;1;0;1;0;0;0;0;0;0;-38,607414;-3,797446
295998;13;8;2016;16:47;0;AV DA INDEPENDENCIA;;;1574;;Atropelamento;Luz do Dia;;;Meio de Quadra;;;0;2;0;1;0;0;0;0;0;0;0;0;-38,594811;-3,72579
295989;13;8;2016;15:27;0;AV NOSSA SRA DAS GRACAS;;;1177;;Queda;Luz do Dia;;;Meio de Quadra;;;0;1;0;0;0;0;0;0;0;1;0;0;;
295991;13;8;2016;15:54;2356;RUA SEN ROBERT KENNEDY;RUA ESTEVAO DE CAMPOS;;;;Colisão;Luz do Dia;;;Cruz;Pare;Residencial;0;2;0;1;0;0;0;0;0;1;0;0;-38,579516;-3,705131
295992;13;8;2016;16:11;17375;RUA ALAN KARDEC;RUA ISAIE BORIS;;;;Colisão;Luz do Dia;;;;;;0;2;0;0;0;0;0;0;0;1;0;0;-38,547462;-3,766831
295993;13;8;2016;16:30;0;AV GODOFREDO MACIEL;;;1892;;Colisão;Luz do Dia;;;Meio de Quadra;;;0;2;0;0;0;0;0;0;0;0;0;0;-38,568928;-3,793649
296043;13;8;2016;20:30;0;RUA FRE TEOBALDO;;;216;;Colisão;;;;Meio de Quadra;;;0;2;0;1;0;0;0;0;0;1;0;0;;
296030;13;8;2016;20:04;0;RUA L CJ VILA VELHA;;;1240;;Colisão;;;;Meio de Quadra;;;0;2;0;0;0;0;0;0;0;0;0;0;;
296035;13;8;2016;20:30;0;AV DR THEBERGE;;;2854;;Colisão;;;;Meio de Quadra;;;0;2;0;1;0;0;0;0;0;1;0;0;-38,569047;-3,727228
296015;13;8;2016;17:22;0;RUA EMILIO CONDE;;;339;;Colisão;Anoitecer;;;Meio de Quadra;;;0;1;0;0;0;0;0;0;0;1;0;0;-38,577331;-3,792914
296016;13;8;2016;17:58;0;RUA BALDUINO FREIRE;;;1558;;Colisão;Anoitecer;;;Meio de Quadra;;;0;2;0;1;0;0;0;0;0;1;0;0;;
296017;13;8;2016;18:22;0;AV PRS JUSCELINO KUBITSCHEK (PASSARÉ);;;4555;;Colisão;Anoitecer;;;Meio de Quadra;;;0;2;0;1;0;0;0;0;0;0;0;0;-38,533667;-3,819068
296020;13;8;2016;18:26;0;RUA TEN QUEIROZ;;;732;;Atropelamento;Anoitecer;;;Meio de Quadra;;;0;2;0;0;0;0;0;0;0;1;0;0;;
296021;13;8;2016;18:26;0;AV SGT HERMINIO SAMPAIO;;;1730;;Atropelamento;Anoitecer;;;Meio de Quadra;;;0;2;0;1;0;0;0;0;0;0;0;0;-38,556218;-3,72559
296022;13;8;2016;18:30;0;RUA DR VALDEMAR DE ALCANTARA;;;;;Colisão;Anoitecer;;;Meio de Quadra;;;0;2;0;0;0;0;0;0;0;0;0;0;;
296023;13;8;2016;19:49;0;AV PRS CASTELO BRANCO;;;;;Colisão;;;;Meio de Quadra;;;0;2;0;1;0;0;0;0;0;1;0;0;;
296050;13;8;2016;22:39;24967;AV SANTOS DUMONT;AV ALM HENRIQUE SABOIA;;;;Colisão;;;;Cruz;Pare;Comercial;0;2;0;0;0;0;0;0;0;0;0;0;;
296047;13;8;2016;21:33;0;RUA COELHO DA FONSECA;;;182;;Colisão;;;;Meio de Quadra;;;0;2;0;0;0;0;0;0;0;0;0;0;;
296052;13;8;2016;23:31;15195;AV ABOLICAO;RUA JOSE NAPOLEAO;;;;Colisão;;;;Cruz;Semáforo Manual;Residencial;0;2;0;1;0;0;0;0;0;1;0;0;-38,490302;-3,726523
296053;13;8;2016;02:52;0;AV ENG SANTANA JUNIOR;;;2900;;Colisão;;;;Meio de Quadra;;;0;2;0;1;0;0;0;0;0;1;0;0;-38,48948;-3,746749
296055;13;8;2016;11:03;0;RUA BERNARDO MANUEL;;;7940;;Colisão;Luz do Dia;;;Meio de Quadra;;;0;2;0;1;0;0;0;0;0;0;0;0;-38,548357;-3,788678
296065;13;8;2016;22:39;24967;AV ALM HENRIQUE SABOIA;AV SANTOS DUMONT;;;;Colisão;Anoitecer;;;Cruz;Pare;Comercial;0;2;0;0;0;0;0;0;0;0;0;0;;
296057;13;8;2016;11:03;0;RUA CARMEM CINIRA;;;109;;Colisão;Luz do Dia;;;Meio de Quadra;;;0;2;0;0;0;0;0;0;0;0;0;0;-38,560385;-3,728158
295897;13;8;2016;06:21;0;AV MR HULL;;;3548;;Queda;Luz do Dia;;;Meio de Quadra;;;0;2;0;0;0;0;0;0;0;1;0;0;-38,57636;-3,737562
295943;13;8;2016;20:51;0;AV DIOGUINHO;;;2950;;Queda;;;;Meio de Quadra;;;0;2;0;0;0;0;0;0;0;1;0;0;-38,453121;-3,742009
295944;13;8;2016;03:10;0;AV SGT HERMINIO SAMPAIO;;;2525;;Colisão;;;;Meio de Quadra;;;0;2;0;1;0;0;0;0;0;1;0;0;;
295960;13;8;2016;10:15;10160;RUA TAUBATE;RUA SEN MENEZES PIMENTEL;;;;Colisão;Luz do Dia;;;;;;0;2;0;1;0;0;0;0;0;1;0;0;;
295961;13;8;2016;11:09;0;RUA BERNARDO MANUEL;;;796;;Atropelamento;Luz do Dia;;;Meio de Quadra;;;0;2;0;1;0;0;0;0;0;0;0;0;;
295964;13;8;2016;11:13;17357;RUA ALAN KARDEC;RUA QUEIROZ RIBEIRO;;;;Colisão;Luz do Dia;;;Cruz;Pare;Residencial;0;2;0;1;0;0;0;0;0;1;0;0;-38,548436;-3,765962
295957;13;8;2016;09:27;0;AV SGT HERMINIO SAMPAIO;;;1468;;Colisão;Luz do Dia;;;Meio de Quadra;;;0;2;0;1;0;0;0;0;0;1;0;0;-38,553724;-3,72514
295958;13;8;2016;10:07;0;RUA JAIME PINHEIRO D 56;;;301;;Colisão;Luz do Dia;;;Meio de Quadra;;;0;2;0;1;0;0;0;0;0;1;0;0;;
295955;13;8;2016;08:48;0;AV FRANCISCO SA;;;;;Queda;Luz do Dia;;;Meio de Quadra;;;0;1;0;0;0;0;0;0;0;1;0;0;;
295952;13;8;2016;07:51;0;AV DA UNIVERSIDADE;;;3264;;Queda;Luz do Dia;;;Meio de Quadra;;;0;1;0;0;0;0;0;0;0;1;0;0;-38,541793;-3,743915
295953;13;8;2016;08:18;21715;AV GODOFREDO PIMENTEL;RUA DR JOSE GOIANA;;;;Colisão;Luz do Dia;;;Cruz;Não Há Controle;Residencial;0;2;0;1;0;0;0;0;0;1;0;0;-38,591117;-3,727699
295948;13;8;2016;03:15;0;AV SGT HERMINIO SAMPAIO;;;2645;;Colisão;;;;Meio de Quadra;;;0;2;0;1;0;0;0;0;0;1;0;0;-38,563483;-3,726898
295950;13;8;2016;07:16;0;RUA TEODOMIRO DE CASTRO;;;3945;;Colisão;Luz do Dia;;;Meio de Quadra;;;0;2;0;1;0;0;0;0;0;1;0;0;-38,568992;-3,720456
290928;13;8;2016;01:10;5352;AV DOM MANUEL;RUA PINTO MADEIRA;;;;Colisão Transversal;Via Iluminada;Bom;Seca;Cruz;Semáforo;Comercial;0;0;2;1;0;0;0;0;0;0;0;0;-38,521957;-3,730964
290922;13;8;2016;07:35;0;RUA TEODOMIRO DE CASTRO;;;3962;;Colisão;Luz do Dia;Bom;Seca;Outros;Pare;Residencial;0;0;2;1;0;0;0;0;0;1;0;0;-38,569025;-3,720439
290923;13;8;2016;21:00;0;AV DR THEBERGE;;;;;Colisão Traseira;;Bom;Seca;Meio de Quadra;Pare;Residencial;0;0;2;1;0;0;0;0;0;1;0;0;;
290924;13;8;2016;14:40;0;RUA TEODORO DE CASTRO;;;1740;;Colisão Frontal;Luz do Dia;Bom;Seca;Meio de Quadra;Outros;Residencial;0;1;1;1;0;0;0;0;0;1;0;0;-38,606701;-3,779294
290925;13;8;2016;08:30;1441;AV SANTOS DUMONT;RUA PRO DIAS DA ROCHA;;;;Colisão Lateral;Luz do Dia;Bom;Seca;Cruz;Pare;Comercial;0;0;2;1;0;0;0;1;0;0;0;0;-38,492502;-3,738113
290926;13;8;2016;07:05;20866;RUA CHILE;RUA PARAGUAI;;;;Colisão Lateral;Luz do Dia;Bom;Seca;Cruz;Pare;Comercial;0;1;1;1;0;0;0;0;0;1;0;0;-38,566962;-3,747708