COD_ACIDENTE;DIA;MES;ANO;HORA;INTERSECAO;LOG1;LOG2;LOG3;NUMERO;REFERENCIA;NATUREZA;ILUMINACAO;TEMPO;SUPERFICIEPISTA;TIPOCRUZAMENTO;CONTROLETRAFEGO;USOSOLO;MORTOS;FERIDOS;ILESOS;AUTOMOVEL;ONIBUS;BICICLETA;CAMINHAO;MICROONIBUS;CICLOMOTOR;MOTOCICLETA;TRACAOANIMAL;TREM;LONG;LAT
290913;13;8;2016;15:45;15688;RUA GUILHERME PESSOA;RUA CEL ERNESTO MATOS;;;;Colisão Transversal;Luz do Dia;Bom;Seca;Cruz;Pare;Residencial;0;0;2;1;0;0;0;0;0;0;0;0;-38,489265;-3,826939
290911;13;8;2016;15:00;12956;RUA 1 CJ JOSE WALTER;AV A CJ JOSE WALTER;;;;Colisão Lateral;Luz do Dia;Bom;Seca;T;Pare;Residencial;0;0;2;1;0;0;0;0;0;0;0;0;-38,558441;-3,823548
290904;13;8;2016;20:00;25269;AV DOS EXPEDICIONARIOS;RUA CEL AMANCIO CAVALCANTE;;;;Choque c/ Obstáculo Fixo;Via Iluminada;Bom;Seca;T;Pare;Residencial;0;0;3;1;0;0;0;0;0;1;0;0;-38,538468;-3,755998
290897;13;8;2016;14:30;0;RUA DOM QUINTINO;;;;;Colisão Lateral;Luz do Dia;Bom;Seca;Meio de Quadra;Não Há Controle;Residencial;0;0;2;1;0;0;1;0;0;0;0;0;;
290898;13;8;2016;10:00;13426;RUA JOAQUIM TORRES;RUA CARLOS VASCONCELOS;;;;Colisão Transversal;Luz do Dia;Bom;Seca;Cruz;Não Há Controle;Residencial;0;0;2;1;0;0;1;0;0;0;0;0;-38,51387;-3,742376
290899;13;8;2016;16:50;0;AV ALBERTO NEPOMUCENO;;;339;;Colisão;Anoitecer;Bom;Seca;Meio de Quadra;Semáforo Danificado;Comercial;0;3;0;0;0;0;0;0;0;1;0;0;-38,524775;-3,724035
290906;13;8;2016;00:40;5723;AV OLIVEIRA PAIVA;RUA MON ANTERO;;;;Colisão Lateral;Via Iluminada;Bom;Seca;Duplo T;Semáforo;Comercial;0;1;1;1;0;0;0;0;0;1;0;0;-38,493198;-3,795604
290908;13;8;2016;08:58;24943;AV ALM HENRIQUE SABOIA;AV ABOLICAO;;;;Colisão Lateral;Luz do Dia;Bom;Seca;;Pare;Comercial;0;0;2;1;1;0;0;0;0;0;0;0;-38,479798;-3,722615
290909;13;8;2016;12:30;0;RUA GONCALO SOUTO;;;167;;Colisão Lateral Sentido Oposto;Luz do Dia;Bom;Seca;Meio de Quadra;Não Há Controle;Comercial;0;0;2;1;0;0;0;0;0;0;0;0;-38,529772;-3,766241
290931;13;8;2016;14:00;0;RUA IEDA PEREIRA;;;779;;Outros;Luz do Dia;Bom;Seca;Meio de Quadra;Não Há Controle;Residencial;0;0;2;0;0;0;1;0;0;0;0;0;-38,488596;-3,790443
290932;13;8;2016;06:30;0;AV N CJ JOSE WALTER;;;1521;;Colisão;Luz do Dia;Bom;Seca;Meio de Quadra;Gesto;Misto;0;1;2;1;0;0;0;0;0;1;0;0;;
291670;13;8;2016;06:45;20129;AV DEP PAULINO ROCHA;RUA POMPILIO GOMES;;;;Choque c/ Obstáculo Fixo;Luz do Dia;;;T;Semáforo;Comercial;1;0;0;0;0;0;0;0;0;1;0;0;-38,519652;-3,810076
293504;13;8;2016;12:00;1716;AV GOV RAUL BARBOSA;RUA CAP ARAGAO;;;;Colisão;Luz do Dia;;;;;;0;0;2;0;1;0;0;0;0;1;0;0;-38,508802;-3,763977
293505;13;8;2016;13:20;0;RUA ELISEU UCHOA BECCO;;;301;;Colisão Lateral;Luz do Dia;Bom;Seca;T;Não Há Controle;Residencial;0;2;1;1;0;0;0;0;0;1;0;0;;
293506;13;8;2016;09:40;15101;AV HIS RAIMUNDO GIRAO;RUA JOAQUIM ALVES;;;;Colisão;Luz do Dia;;;T;Não Há Controle;;0;0;2;0;0;0;0;0;1;0;0;0;-38,511073;-3,720943
293512;13;8;2016;21:03;0;AV PRS CASTELO BRANCO;;;5986;;Colisão Traseira;Via Iluminada;Bom;Seca;Meio de Quadra;Semáforo;Comercial;0;0;4;1;0;0;0;0;0;1;0;0;-38,584191;-3,701721
293508;13;8;2016;21:30;0;AV DR SILAS MUNGUBA;;;2600;;Colisão;;;;Meio de Quadra;;;0;0;2;1;0;0;0;0;0;0;0;0;;
293516;13;8;2016;03:30;0;AV GODOFREDO PIMENTEL;AV PRS COSTA E SILVA;;;;Choque c/ Obstáculo Fixo;Via Iluminada;Bom;Seca;Cruz;Semáforo;Comercial;0;1;2;1;0;0;0;0;0;0;0;0;;
293520;13;8;2016;04:56;6760;AV ENG SANTANA JUNIOR;RUA GAL TERTULIANO POTYGUARA;;;;Colisão Lateral;Via Iluminada;Bom;Seca;Duplo T;Semáforo;Residencial;0;2;2;1;0;0;0;0;0;1;0;0;-38,489463;-3,746669
293037;13;8;2016;10:30;0;RD CE-040;;;;KM-10;Colisão;Luz do Dia;Bom;Seca;Meio de Quadra;;;0;0;3;1;0;0;0;0;0;0;0;0;-38,482466;-3,834451
293039;13;8;2016;09:30;0;RD CE-060;;;;KM-02;Colisão;Luz do Dia;Bom;Seca;Meio de Quadra;;;0;0;2;1;0;0;0;0;0;0;0;0;-38,582918;-3,836668
293041;13;8;2016;11:22;0;RD CE-040;;;;KM-03;Colisão;Luz do Dia;Bom;Seca;Meio de Quadra;;;0;0;2;1;0;0;0;0;0;0;0;0;-38,481799;-3,773616
293077;14;8;2016;05:16;0;RD CE-040;;;;KM-12;Choque c/ Obstáculo Fixo;Amanhecer;Bom;Seca;Meio de Quadra;;;0;0;1;1;0;0;0;0;0;0;0;0;-38,47607;-3,849626
293079;14;8;2016;10:30;0;RD CE-025;;;;;Colisão;Luz do Dia;Bom;Seca;Meio de Quadra;;;0;0;3;1;0;0;0;0;0;0;0;0;;
293081;14;8;2016;11:00;0;RD CE-040;;;;KM-09;Colisão;Luz do Dia;Bom;Seca;Meio de Quadra;;;0;0;2;1;0;0;0;0;0;0;0;0;-38,481538;-3,825516
293082;14;8;2016;17:50;0;RD CE-040;;;;KM-07;Colisão;Anoitecer;Bom;Seca;Meio de Quadra;;;0;1;1;1;0;0;0;0;1;0;0;0;-38,478733;-3,809597
293521;14;8;2016;11:10;0;RUA CRISANTO ARRUDA;;;150;;Colisão;Luz do Dia;;;Meio de Quadra;;;0;0;2;1;0;0;0;0;0;1;0;0;;
293522;14;8;2016;21:45;9703;RUA BARRA VERMELHA;RUA BOM JESUS (GRANJA LISBOA);;;;Colisão;;;;;;;0;1;1;1;0;0;0;0;0;0;0;0;-38,615448;-3,789808
290933;14;8;2016;22:42;0;AV ALM BARROSO;;;734;;Colisão Traseira;Via Iluminada;Bom;Seca;Meio de Quadra;Semáforo;Lazer;0;0;2;1;0;0;0;0;0;0;0;0;-38,516503;-3,72037
290938;14;8;2016;05:10;5279;RUA COSTA BARROS;RUA NOGUEIRA ACIOLI;;;;Colisão Transversal;Amanhecer;Bom;Seca;Cruz;Pare;Escola;0;1;1;1;1;0;0;0;0;0;0;0;-38,516481;-3,728753
290957;14;8;2016;08:43;0;AV CEL CARVALHO;;;597;;Colisão;Amanhecer;Bom;Seca;Meio de Quadra;Não Há Controle;Residencial;0;0;2;0;1;0;0;0;0;1;0;0;;
290958;14;8;2016;13:15;0;AV PRS CASTELO BRANCO;;;5970;;Colisão Transversal;Luz do Dia;Bom;Seca;Meio de Quadra;Semáforo;Comercial;0;0;2;1;0;0;0;0;0;1;0;0;-38,583889;-3,70186
290967;14;8;2016;11:50;5346;AV SANTOS DUMONT;RUA JOAO CORDEIRO;;;;Colisão Frontal;Luz do Dia;Bom;Seca;Cruz;Semáforo;Comercial;0;0;2;1;0;0;0;0;0;0;0;0;-38,514781;-3,730878
290962;14;8;2016;08:00;25287;AV AUGUSTO DOS ANJOS;RUA PRIMEIRO DE MAIO D34;;;;Colisão Traseira;Luz do Dia;Bom;Seca;Duplo T;Não Há Controle;Comercial;0;0;2;1;0;0;0;0;0;1;0;0;-38,582915;-3,78449
290986;14;8;2016;13:50;24606;AV MOZART PINHEIRO DE LUCENA;RUA DES HERMES PARAHYBA;;;;Colisão Transversal;Luz do Dia;Bom;Seca;Cruz;Não Há Controle;Residencial;0;1;1;1;0;0;0;0;0;1;0;0;-38,593995;-3,712404
290987;14;8;2016;07:00;5191;AV DOM MANUEL;RUA PEREIRA FILGUEIRAS;;;;Colisão Transversal;Luz do Dia;Bom;Seca;Cruz;Semáforo;Comercial;0;0;2;1;0;0;0;0;0;1;0;0;-38,520338;-3,725943
290973;14;8;2016;04:00;0;RUA MON SALAZAR;;;1174;;Colisão Frontal;Luz do Dia;Bom;Seca;Meio de Quadra;;Residencial;0;0;4;1;0;0;0;0;0;1;0;0;-38,509064;-3,755637
290982;14;8;2016;00:00;4189;AV PRS CASTELO BRANCO;RUA FRANCISCO CORDEIRO;;;;Colisão Frontal;Luz do Dia;Bom;Seca;Cruz;Semáforo;Residencial;0;0;2;1;0;0;0;0;0;0;0;0;-38,550593;-3,713113
290989;14;8;2016;09:00;0;AV ALBERTO CRAVEIRO;;;2644;;Colisão Traseira;Luz do Dia;Bom;Seca;Meio de Quadra;Não Há Controle;Comercial;0;0;2;1;0;0;0;0;0;1;0;0;-38,521448;-3,803094
290949;14;8;2016;14:16;0;RUA PORTO VELHO;;;436;;Colisão Lateral;Luz do Dia;Bom;Seca;Meio de Quadra;Não Há Controle;Residencial;0;0;2;1;0;0;0;0;0;1;0;0;-38,584848;-3,767126
296074;14;8;2016;05:14;0;AV 13 DE MAIO;;;1025;;Colisão;Amanhecer;;;Meio de Quadra;;;0;2;0;1;0;0;0;0;0;0;0;0;-38,528411;-3,750109
296076;14;8;2016;05:18;0;AV MAJ ASSIS;;;2247;;Colisão;Amanhecer;;;Meio de Quadra;;;0;2;0;0;0;0;0;0;0;0;0;0;-38,600138;-3,720675
296077;14;8;2016;05:50;0;RUA PRO JOSE SILVEIRA;;;406;;Colisão;Amanhecer;;;Meio de Quadra;;;0;1;1;1;0;0;0;0;0;1;0;0;;
296079;14;8;2016;07:29;0;AV AUGUSTO DOS ANJOS;;;1511;;Colisão;Luz do Dia;;;Meio de Quadra;;;0;2;0;1;0;0;0;0;0;1;0;0;-38,578713;-3,77966
296080;14;8;2016;08:27;0;RUA MARTINS NETO;;;442;;Atropelamento;Luz do Dia;;;Meio de Quadra;;;0;2;0;0;0;0;0;0;0;0;0;0;-38,589341;-3,740416
296067;14;8;2016;11:55;0;RUA MIN ALBUQUERQUE LIMA;;;218;;Colisão;Luz do Dia;;;Meio de Quadra;;;0;2;0;1;0;0;0;0;0;1;0;0;-38,609212;-3,767592
296068;14;8;2016;03:43;0;RUA VITAL BRASIL;;;1142;;Capotamento;;;;Meio de Quadra;;;0;1;0;1;0;0;0;0;0;0;0;0;;
296069;14;8;2016;04:14;0;RD BR 116;;;12000;KM-12;Queda;;;;Meio de Quadra;;;0;1;0;0;0;0;0;0;0;1;0;0;-38,496066;-3,85574
296070;14;8;2016;04:38;0;RUA 202 CJ CEARA;;;15;;Colisão;;;;Meio de Quadra;;;0;2;0;0;0;0;0;0;0;0;0;0;;
296071;14;8;2016;05:11;0;AV 13 DE MAIO;;;1043;;Colisão;Amanhecer;;;Meio de Quadra;;;0;2;0;1;0;0;0;0;0;1;0;0;-38,528537;-3,750001
296086;14;8;2016;09:19;0;AV CEL CARVALHO;;;2313;;Atropelamento;Luz do Dia;;;Meio de Quadra;;;0;2;0;1;0;0;0;0;0;0;0;0;-38,586511;-3,722818
296104;14;8;2016;11:07;0;RD BR 116;;;356;KM-04;Colisão;Luz do Dia;;;Meio de Quadra;;;0;2;0;1;0;0;0;0;0;1;0;0;-38,51003863;-3,789525584
296116;14;8;2016;13:48;0;RUA MANUEL DE CASTRO FEITOSA;;;1997;;Colisão;Luz do Dia;;;Meio de Quadra;;;0;1;0;0;0;0;0;0;0;1;0;0;;
296118;14;8;2016;15:31;12581;RUA PEDRO SAMPAIO;RUA PDE TEODORO (QUNTINO CUNHA);;;;Colisão;Luz do Dia;;;Cruz;Não Há Controle;Residencial;0;2;0;1;0;0;0;0;0;1;0;0;-38,591133;-3,725311
296120;14;8;2016;17:30;0;RUA A CJ VILA VELHA;;;202;;Queda;Anoitecer;;;Meio de Quadra;;;0;1;0;0;0;0;0;0;0;1;0;0;;
296108;14;8;2016;11:30;0;AV H CJ CEARA;;;1180;;Colisão;Luz do Dia;;;Meio de Quadra;;;0;2;0;0;0;0;0;0;0;0;0;0;-38,608417;-3,775565
296109;14;8;2016;12:24;0;AV DR SILAS MUNGUBA;;;155;;Colisão;Luz do Dia;;;Meio de Quadra;;;0;2;0;1;0;0;0;0;0;1;0;0;;
296110;14;8;2016;12:47;0;RUA HIPOLITO PAMPLONA;;;648;;Colisão;Luz do Dia;;;Meio de Quadra;;;0;2;0;1;0;0;0;0;0;1;0;0;-38,595934;-3,746301
296111;14;8;2016;13:19;0;AV DA INDEPENDENCIA;;;1126;;Colisão;Luz do Dia;;;Meio de Quadra;;;0;2;0;1;0;0;0;0;0;1;0;0;-38,590821;-3,726952
296114;14;8;2016;13:39;0;AV JOSE BASTOS;;;5721;;Colisão;Luz do Dia;;;Meio de Quadra;;;0;2;0;0;0;0;0;0;0;0;0;0;-38,565339;-3,761893
296126;14;8;2016;17:37;0;AV WASHINGTON SOARES;;;8280;;Colisão;Anoitecer;;;Meio de Quadra;;;0;2;0;1;0;0;0;0;0;1;0;0;-38,481349;-3,823928
296127;14;8;2016;18:03;0;RUA POMPILIO GOMES;;;1740;;Atropelamento;Anoitecer;;;Meio de Quadra;;;0;1;1;1;0;0;0;0;0;0;0;0;-38,521207;-3,826991
296128;14;8;2016;18:11;0;RD QUARTO ANEL VIARIO;;;;HANGAR;Colisão;Anoitecer;;;Meio de Quadra;;;0;2;0;1;0;0;0;0;0;1;0;0;;
296129;14;8;2016;18:19;0;RUA DA SAUDADE (MONTESE);;;183;;Atropelamento;Anoitecer;;;Meio de Quadra;;;0;2;0;1;0;0;0;0;0;0;0;0;-38,544563;-3,770087
296145;14;8;2016;20:30;0;AV DR THEBERGE;;;1129;;Colisão;Luz do Dia;;;Meio de Quadra;;;0;2;0;1;0;0;0;0;0;1;0;0;-38,564289;-3,712626
296147;14;8;2016;22:00;0;RUA ANTERO QUENTAL;;;71;;Colisão;;;;Meio de Quadra;;;0;1;0;0;0;0;0;0;0;1;0;0;;
296143;14;8;2016;19:53;11618;RUA VITORIA (AV. PERIMETRAL);RUA BOA VISTA;;;;Colisão;;;;;Não Há Controle;Comercial;0;2;0;1;0;0;0;0;0;1;0;0;-38,589601;-3,767142
296152;14;8;2016;22:38;0;AV CEL CARVALHO;;;888;;Colisão;;;;Meio de Quadra;;;0;2;0;1;0;0;0;0;0;1;0;0;-38,58974;-3,710284
296131;14;8;2016;18:44;0;AV PERIMETRAL;;;1641;;Queda;;;;Meio de Quadra;;;0;3;0;0;0;0;0;0;0;1;0;0;;
296133;14;8;2016;19:23;0;RUA ITATIAIA;;;;;Colisão;;;;Meio de Quadra;;;0;2;0;1;0;0;0;0;0;1;0;0;;
296134;14;8;2016;19:24;0;RUA FAUSTO CABRAL;;;543;;Queda;;;;Meio de Quadra;;;0;1;0;0;0;0;0;0;0;1;0;0;-38,476709;-3,73358
296135;14;8;2016;19:31;7258;AV ODILON GUIMARAES;RUA FRANCISCO LEANDRO;;;;Colisão;;;;Cruz;Semáforo;Outros;0;1;0;0;0;1;0;0;0;0;0;0;-38,478709;-3,824509
296136;14;8;2016;19:48;0;RUA SGT JOAO PINHEIRO;;;1350;;Colisão;;;;Meio de Quadra;;;0;2;0;1;0;0;0;0;0;1;0;0;;
296157;14;8;2016;07:24;0;RUA MIGUEL GURGEL;;;;;Colisão;Luz do Dia;;;Meio de Quadra;;;0;2;0;0;0;0;0;0;0;0;0;0;;
296160;14;8;2016;11:20;6803;RUA ALMEIDA PRADO;RUA DR GILBERTO STUDART;;;;Colisão Lateral;Luz do Dia;Bom;Seca;Cruz;Pare;Residencial;0;0;3;1;0;0;0;0;0;1;0;0;-38,475665;-3,745323
296161;14;8;2016;12:29;0;RUA ANARIO BRAGA;;;;;Colisão;Luz do Dia;;;Meio de Quadra;;;0;2;0;1;0;0;0;0;0;1;0;0;;
296163;14;8;2016;06:38;15807;RUA PERGENTINO MAIA;RUA CEL DIONISIO ALENCAR;;;;Colisão;Luz do Dia;;;Cruz;Pare;Comercial;0;2;0;1;0;0;0;0;0;1;0;0;-38,487711;-3,831561
296155;14;8;2016;06:03;0;AV CEL CARVALHO;;;;;Colisão;Luz do Dia;;;Meio de Quadra;;;0;2;0;0;0;0;0;0;0;0;0;0;;
296169;14;8;2016;18:44;0;AV DOS EXPEDICIONARIOS;;;197;;Colisão;;;;Meio de Quadra;;;0;1;0;0;0;0;0;0;0;1;0;0;;
296181;14;8;2016;22:17;0;AV GAL OSORIO DE PAIVA;;;7490;;Colisão;;;;Meio de Quadra;;;0;2;0;0;0;0;0;0;0;1;0;0;-38,614443;-3,817489
296177;14;8;2016;19:56;0;RUA BOM JESUS (BARRA DO CEARA);;;2524;;Colisão;;;;Meio de Quadra;;;0;2;0;1;0;0;0;0;0;1;0;0;;
301595;14;8;2016;00:20;0;RUA OSCAR ARARIPE;;;3158;;Choque c/ Obstáculo Fixo;Via Iluminada;Bom;Seca;Cruz;Pare;Residencial;0;2;0;0;0;0;0;0;0;0;0;0;-38,618808;-3,785037
301596;14;8;2016;18:24;10681;RUA FIRMINO ROCHA AGUIAR;AV MIGUEL DIAS;;0;;Colisão Transversal;Via Iluminada;Bom;Seca;Rotatória;Dê Preferência;Residencial;0;0;2;1;0;0;0;0;0;0;0;0;-38,487708;-3,763517
301597;15;8;2016;11:42;10418;RUA JOSE MENDONCA;AV D CJ CEARA;;0;;Colisão Lateral;Luz do Dia;Bom;Seca;T;Pare;Residencial;0;0;2;1;1;0;0;0;0;0;0;0;-38,603056;-3,761731
296189;15;8;2016;07:40;0;RD BR 116;;;12000;KM-12;Queda;Luz do Dia;;;Meio de Quadra;;;0;1;0;0;0;0;0;0;0;1;0;0;-38,496066;-3,85574
296191;15;8;2016;08:29;0;RUA CEL ALEXANDRINO;;;1762;;Queda;Luz do Dia;;;Meio de Quadra;;;0;1;0;0;0;0;0;0;0;1;0;0;;
296185;15;8;2016;05:20;0;AV DR SILAS MUNGUBA;;;;;Queda;Amanhecer;;;Meio de Quadra;;;0;1;0;0;0;0;0;0;0;1;0;0;;
296187;15;8;2016;05:54;0;AV PERIMETRAL;;;;;Atropelamento;Amanhecer;;;Meio de Quadra;;;0;2;0;1;0;0;0;0;0;0;0;0;;
296194;15;8;2016;09:32;19366;AV DR SILAS MUNGUBA;RUA GERMANO FRANCK;;;;Atropelamento;Luz do Dia;;;Cruz;Semáforo;Comercial;0;1;1;1;0;0;0;0;0;0;0;0;-38,562004;-3,777251
296198;15;8;2016;10:54;0;RD CE-060;;;4279;;Queda;Luz do Dia;;;Meio de Quadra;;;0;1;0;0;0;0;0;0;0;1;0;0;;
296210;15;8;2016;11:28;15144;AV MON TABOSA;AV RUI BARBOSA;;;;Colisão;Luz do Dia;;;Cruz;Semáforo;Comercial;0;2;0;1;0;0;0;0;0;1;0;0;-38,505696;-3,724441
296201;15;8;2016;10:56;0;AV GODOFREDO MACIEL;;;4320;;Colisão;Luz do Dia;;;Meio de Quadra;;;0;2;0;1;0;0;0;0;0;1;0;0;-38,575068;-3,81271
296204;15;8;2016;11:14;0;AV JOAO PESSOA;;;4782;;Queda;Luz do Dia;;;Meio de Quadra;;;0;1;0;0;0;0;0;0;0;1;0;0;-38,551131;-3,754275
296206;15;8;2016;11:26;0;ET PAVUNA;;;925;;Colisão;Luz do Dia;;;Meio de Quadra;;;0;2;0;0;0;0;0;0;0;1;0;0;-38,557293;-3,812439
296216;15;8;2016;11:48;0;ET PAVUNA;;;1010;;Colisão;Luz do Dia;;;Meio de Quadra;;;0;2;0;0;0;0;1;0;0;1;0;0;-38,557083;-3,811921
296222;15;8;2016;12:36;0;AV LUCIANO CARNEIRO;;;;;Colisão;Luz do Dia;;;Meio de Quadra;;;0;1;0;0;0;0;0;0;0;1;0;0;;
296232;15;8;2016;15:55;25760;RUA JOAQUIM MOREIRA D36;RUA CARLOS AMORA;;;;Atropelamento;Luz do Dia;;;;;;0;2;0;1;0;0;0;0;0;0;0;0;;
296229;15;8;2016;15:30;0;AV JOAO PESSOA;;;6494;;Colisão;Luz do Dia;;;Meio de Quadra;;;0;2;0;1;0;0;0;0;0;1;0;0;-38,559777;-3,767145
296238;15;8;2016;15:56;0;AV DOS EXPEDICIONARIOS;;;4285;;Colisão;Luz do Dia;;;Meio de Quadra;;;0;2;0;1;0;0;0;0;0;1;0;0;-38,538335;-3,755562
296240;15;8;2016;16:38;0;RUA PDE RODOLFO;;;527;;Queda;Luz do Dia;;;Meio de Quadra;;;0;2;0;0;0;0;0;0;0;1;0;0;-38,583557;-3,806422
296244;15;8;2016;16:41;14841;TR REJANE;RUA PDE RODOLFO;;;;Colisão;Luz do Dia;;;;;;0;2;0;1;0;0;0;0;0;1;0;0;-38,584954;-3,805515
296245;15;8;2016;17:09;0;AL MANDACARU;;;66;;Colisão;Anoitecer;;;Meio de Quadra;;;0;1;1;1;0;1;0;0;0;0;0;0;-38,554675;-3,729773
296252;15;8;2016;19:44;0;RUA ALVARO FERNANDES;;;243;;Colisão;;;;Meio de Quadra;;;0;2;0;1;0;0;0;0;0;1;0;0;-38,553913;-3,760833
296247;15;8;2016;19:03;0;RUA CARLOS AMORA;;;;;Colisão;;;;Meio de Quadra;;;0;2;0;0;0;0;0;0;0;0;0;0;;
296267;15;8;2016;22:10;0;RUA CON DE CASTRO;;;8426;;Queda;;;;Meio de Quadra;;;0;1;0;0;0;0;0;0;0;1;0;0;-38,602263;-3,818969
296276;15;8;2016;06:32;0;AV GAL OSORIO DE PAIVA;;;3109;;Colisão;Luz do Dia;;;Meio de Quadra;;;0;2;0;0;0;0;0;0;0;0;0;0;-38,587441;-3,789675
296278;15;8;2016;20:05;0;AV DIOGUINHO;;;;;Atropelamento;;;;Meio de Quadra;;;0;2;0;0;0;0;0;0;0;1;0;0;;
296279;15;8;2016;21:02;0;AV DIOGUINHO;;;6280;;Colisão;;;;Meio de Quadra;;;0;2;0;1;0;0;0;0;0;1;0;0;-38,439588;-3,768985
296281;15;8;2016;22:04;0;AV PERIMETRAL;;;;;Colisão;;;;Meio de Quadra;;;0;2;0;1;0;0;0;0;0;1;0;0;;
296260;15;8;2016;21:12;2830;RUA OSCAR FRANCA;AV GAL OSORIO DE PAIVA;;;;Colisão;;;;T;Semáforo;Residencial;0;2;0;1;0;0;0;0;0;1;0;0;-38,592113;-3,794473
296262;15;8;2016;21:34;12614;AV CEL CARVALHO;RUA COS LAFAYETE;;;;Colisão;;;;;;;0;2;0;1;0;0;0;0;0;1;0;0;-38,587938;-3,717512
296258;15;8;2016;21:07;0;AV FLAMBOYANTS;;;450;;Colisão;;;;Meio de Quadra;;;0;2;0;1;0;0;0;0;0;1;0;0;-38,475783;-3,751092
296264;15;8;2016;22:09;0;AV PERIMETRAL;;;2241;;Colisão;;;;Meio de Quadra;;;0;2;0;0;0;0;0;0;0;0;0;0;;
296271;15;8;2016;23:43;22353;RUA AMADEU FURTADO;AV BEZERRA DE MENEZES;;;;Colisão;;;;;;;0;2;0;0;0;0;0;0;0;0;0;0;-38,564079;-3,735591
296273;15;8;2016;03:35;0;AV PRO GOMES DE MATOS;;;;;Colisão;;;;Meio de Quadra;;;0;2;0;1;0;0;0;0;0;0;0;0;;
296269;15;8;2016;23:13;7766;AV ANTONIO SALES;RUA TIBURCIO CAVALCANTE;;;;Colisão;;;;Cruz;Semáforo;Comercial;0;2;0;1;0;0;0;0;0;1;0;0;-38,505333;-3,744543
291009;15;8;2016;15:36;5451;AV DOM MANUEL;RUA BARBARA DE ALENCAR;;;;Colisão Lateral;Luz do Dia;Bom;Seca;Cruz;Semáforo Intermitente;Comercial;0;0;2;1;0;0;0;1;0;0;0;0;-38,523262;-3,734972
291012;15;8;2016;09:11;64;RUA PDE PERDIGAO SAMPAIO;RUA MARTINS NETO;;;;Colisão Lateral;Luz do Dia;Bom;Seca;Cruz;Pare;Comercial;0;0;2;1;0;0;0;0;0;0;0;0;-38,594477;-3,741162
291025;15;8;2016;11:40;18051;RUA NICACIO PINTO;AV ZEZE DIOGO;;;;Colisão Traseira;Luz do Dia;Bom;Seca;T;Não Há Controle;Comercial;0;0;2;1;0;0;0;0;0;0;0;0;-38,455267;-3,735786
291019;15;8;2016;02:15;15137;AV MON TABOSA;RUA ILDEFONSO ALBANO;;;;Colisão Frontal;Via Iluminada;Bom;Seca;Cruz;Semáforo;Residencial;0;0;3;1;1;0;0;0;0;0;0;0;-38,510333;-3,724155
291015;15;8;2016;13:50;0;RUA JOAQUIM MOREIRA D36;;;;;Atropelamento;Luz do Dia;Bom;Seca;Meio de Quadra;Pare;Residencial;0;1;1;0;1;0;0;0;0;0;0;0;;
291028;15;8;2016;01:30;8025;AV JOAO PESSOA;RUA PRO COSTA MENDES;;;;Colisão;Via Iluminada;Bom;Seca;Cruz;Semáforo Intermitente;Comercial;0;1;1;0;1;0;0;0;0;1;0;0;-38,549441;-3,752393
291021;15;8;2016;03:30;17342;AV PRO GOMES DE MATOS;RUA ALAN KARDEC;;;;Colisão Transversal;Via Iluminada;Bom;Seca;Cruz;Semáforo;Comercial;0;2;1;1;0;0;0;0;0;0;0;0;-38,549213;-3,765321
290948;15;8;2016;23:00;0;AV PRS JUSCELINO KUBITSCHEK (PASSARÉ);;;5471;;;Via Iluminada;Bom;Seca;Meio de Quadra;Não Há Controle;;1;1;2;1;0;0;0;0;0;1;0;0;-38,537324;-3,823873
290915;15;8;2016;09:40;0;AV DR SILAS MUNGUBA;;;409;;Colisão Transversal;Luz do Dia;Bom;Seca;Meio de Quadra;Semáforo Intermitente;Comercial;0;1;1;1;0;0;0;0;0;1;0;0;-38,561629;-3,777873
290917;15;8;2016;17:10;0;AV AUGUSTO DOS ANJOS;;;1340;;Colisão Traseira;Luz do Dia;Bom;Seca;Meio de Quadra;Não Há Controle;Comercial;0;0;2;1;1;0;0;0;0;0;0;0;-38,577748;-3,77856
290919;15;8;2016;04:20;14499;AV ALBERTO CRAVEIRO;RUA H ESPL CASTELAO;;;;Colisão Transversal;Amanhecer;Bom;Seca;T;Não Há Controle;Residencial;0;0;2;1;0;0;0;0;0;0;0;0;-38,519994;-3,801237
290920;15;8;2016;09:00;0;AV GAL OSORIO DE PAIVA;;;2461;;Colisão Lateral;Luz do Dia;Bom;Seca;Meio de Quadra;Não Há Controle;Residencial;0;0;2;1;0;0;0;0;0;0;0;0;-38,584193;-3,786846
293529;15;8;2016;12:10;11525;RUA DA COPAIBA;RUA DA AMBAIBA;;;;Colisão;Luz do Dia;;;;;;0;0;2;1;0;0;0;0;0;0;0;0;-38,511238;-3,784632
291762;15;8;2016;12:00;0;RUA DR JOAO MOREIRA;;;;;Atropelamento;Luz do Dia;;;Meio de Quadra;;;1;0;1;0;0;0;0;0;0;0;0;0;;
291673;16;8;2016;21:00;3418;RUA ALVARO FERNANDES;RUA MATOS VASCONCELOS;;;;Colisão;;;;Cruz;Pare;Misto;1;0;1;1;0;0;0;0;0;1;0;0;-38,556905;-3,758341
293533;16;8;2016;15:45;0;AV BEZERRA DE MENEZES;;;2034;;Atropelamento;Luz do Dia;;;Meio de Quadra;;;0;1;1;0;0;0;0;0;0;0;0;0;-38,56291;-3,73534
293534;16;8;2016;10:00;3419;AV JOAO PESSOA;RUA MIGUEL GONCALVES;;;;Colisão Transversal;Luz do Dia;Bom;Seca;Cruz;Pare;Comercial;0;0;3;1;0;0;0;0;0;1;0;0;-38,55508;-3,75871