COD_ACIDENTE;DIA;MES;ANO;HORA;INTERSECAO;LOG1;LOG2;LOG3;NUMERO;REFERENCIA;NATUREZA;ILUMINACAO;TEMPO;SUPERFICIEPISTA;TIPOCRUZAMENTO;CONTROLETRAFEGO;USOSOLO;MORTOS;FERIDOS;ILESOS;AUTOMOVEL;ONIBUS;BICICLETA;CAMINHAO;MICROONIBUS;CICLOMOTOR;MOTOCICLETA;TRACAOANIMAL;TREM;LONG;LAT
293535;16;8;2016;17:20;0;AV BEIRA MAR;;;4447;;Colisão Traseira;Luz do Dia;Bom;Seca;Meio de Quadra;Gesto;Comercial;0;2;2;1;0;0;0;0;0;1;0;0;-38,481181;-3,72241
293083;16;8;2016;18:15;0;RD CE-040;;;;KM-10;Colisão;Anoitecer;Bom;Seca;Meio de Quadra;;;0;0;2;1;0;0;0;0;0;0;0;0;-38,482466;-3,834451
293084;16;8;2016;16:40;0;RD CE-040;;;;KM-03;Colisão;Luz do Dia;Bom;Seca;Meio de Quadra;;;0;0;2;1;0;0;1;0;0;0;0;0;-38,481799;-3,773616
293086;16;8;2016;18:00;0;RD CE-060;;;;KM-03;Colisão;Anoitecer;Bom;Seca;Meio de Quadra;;;0;0;2;1;0;0;0;0;0;0;0;0;-38,585024;-3,843072
290959;16;8;2016;21:51;19721;RUA AMADEU FURTADO;RUA GUSTAVO SAMPAIO;;;;Colisão;Via Iluminada;Bom;Seca;Cruz;Pare;Residencial;0;1;1;1;0;0;0;0;0;0;0;0;-38,563828;-3,736786
290939;16;8;2016;19:00;15360;AV DOM LUIS;AV DES MOREIRA;;;;Colisão Lateral;Via Iluminada;Bom;Seca;Rotatória;Não Há Controle;Comercial;0;0;2;1;0;0;1;0;0;0;0;0;-38,497383;-3,733239
290983;16;8;2016;14:00;0;RUA BENI DE CARVALHO;;;780;;Colisão Traseira;Luz do Dia;Bom;Seca;Meio de Quadra;Não Há Controle;Residencial;0;0;2;1;0;0;0;0;0;0;0;0;-38,493379;-3,746529
290980;16;8;2016;09:40;0;AV SEN FERNANDES TAVORA;;;;;Colisão Lateral;Amanhecer;Bom;Seca;Outros;Gesto;Comercial;0;0;1;1;0;0;0;0;0;0;0;0;;
290964;16;8;2016;14:20;23410;RUA FRE VIDAL;RUA CAP TIBURCIO DA FROTA;;;;Colisão Transversal;Luz do Dia;Bom;Seca;Cruz;Pare;Residencial;0;0;3;1;0;0;0;0;0;0;0;0;-38,517826;-3,755388
290953;16;8;2016;14:30;0;RUA JOSE HIPOLITO;;;221;;Colisão Lateral;Luz do Dia;Bom;Seca;Meio de Quadra;Semáforo;Comercial;0;0;3;0;1;0;1;0;0;0;0;0;-38,493156;-3,832856
290970;16;8;2016;14:40;0;AV SEN CARLOS JEREISSATI (AEROPORTO);;;3000;AEROPORTO;Colisão Lateral;Luz do Dia;Bom;Seca;Meio de Quadra;Pare;Comercial;0;0;2;1;0;0;0;0;0;0;0;0;-38,541414;-3,780382
291038;16;8;2016;09:50;15211;AV ABOLICAO;RUA PAULA BARROS;;;;Colisão Lateral;Luz do Dia;Bom;Seca;Cruz;Semáforo;Comercial;0;0;2;1;1;0;0;0;0;0;0;0;-38,492313;-3,726831
291020;16;8;2016;18:00;0;AV GOV PARSIFAL BARROSO;;;4018;;Colisão Traseira;Via Iluminada;Bom;Seca;Meio de Quadra;Não Há Controle;Residencial;0;0;4;1;0;0;0;0;0;0;0;0;;
291024;16;8;2016;16:40;11843;AV FRANCISCO SA;RUA JOAO SALGADO;;;;Colisão Lateral;Luz do Dia;Bom;Seca;T;Não Há Controle;Residencial;0;0;2;1;0;0;0;0;0;1;0;0;-38,548043;-3,720475
291014;16;8;2016;15:00;0;RUA SENA MADUREIRA;;;;;Colisão Traseira;Luz do Dia;Bom;Seca;Meio de Quadra;Semáforo;Comercial;0;0;2;0;0;0;0;0;0;0;0;0;;
291004;16;8;2016;06:40;9612;RUA OSCAR ARARIPE;RUA SGT JOAO PINHEIRO;;;;Colisão Transversal;Luz do Dia;Bom;Seca;Cruz;Pare;Comercial;0;1;1;1;0;0;0;0;0;1;0;0;-38,623073;-3,783833
291008;16;8;2016;18:45;23380;RUA NUNES VALENTE;RUA CAP TIBURCIO DA FROTA;;;;Colisão Transversal;Mal Iluminada;Bom;Seca;Cruz;Pare;Residencial;0;0;2;1;0;0;0;0;0;0;0;0;-38,509109;-3,754506
290999;16;8;2016;11:00;0;RUA PEREIRA FILGUEIRAS;;;1405;;Colisão Traseira;Luz do Dia;Nublado;Seca;Meio de Quadra;Não Há Controle;Comercial;0;0;2;1;0;0;0;0;0;0;0;0;-38,510189;-3,72924
291001;16;8;2016;17:50;24988;RUA FRE MANSUETO;RUA TAVARES COUTINHO;;;;Colisão Traseira;Via Iluminada;Bom;Seca;Cruz;Não Há Controle;Comercial;0;1;1;0;0;0;0;0;0;1;0;0;-38,488784;-3,732638
290991;16;8;2016;15:50;0;RUA PRO RAIMUNDO ARRUDA;;;543;;Engavetamento;Luz do Dia;Bom;Seca;Meio de Quadra;Semáforo;Residencial;0;0;4;1;0;0;0;0;0;0;0;0;-38,551227;-3,737686
290997;16;8;2016;21:05;0;AV BEIRA MAR;;;4753;;Colisão Traseira;Via Iluminada;Bom;Seca;Meio de Quadra;Semáforo;Residencial;0;0;2;1;0;0;1;0;0;0;0;0;-38,47883;-3,721616
297412;16;8;2016;00:06;0;AV PERIMETRAL;;;321;;Queda;;;;Meio de Quadra;;;0;1;0;0;0;0;0;0;0;1;0;0;;
297414;16;8;2016;00:07;0;RUA CEL MATOS DOURADO;;;385;;Colisão;;;;Meio de Quadra;;;0;1;0;0;0;0;0;0;0;0;0;0;-38,585111;-3,742285
297429;16;8;2016;07:28;0;AV ALBERTO CRAVEIRO;;;2630;;Colisão;Luz do Dia;;;Meio de Quadra;;;0;1;1;0;0;0;0;0;0;1;0;0;-38,52138;-3,803011
297431;16;8;2016;07:37;0;AV CARNEIRO DE MENDONCA;;;306;;Colisão;Luz do Dia;;;Meio de Quadra;;;0;1;1;1;0;0;0;0;0;1;0;0;-38,562467;-3,766117
297434;16;8;2016;08:01;0;AV I CJ CEARA;;;;;Queda;Luz do Dia;;;;;;0;1;0;0;0;0;0;0;0;1;0;0;;
297436;16;8;2016;08:21;0;AV JOAO PESSOA;;;5069;;Colisão;Luz do Dia;;;Meio de Quadra;;;0;1;1;1;0;0;0;0;0;1;0;0;;
297440;16;8;2016;09:24;0;AV PRS CASTELO BRANCO;;;5760;;Colisão Lateral;Luz do Dia;;;Meio de Quadra;;;0;2;1;1;0;0;0;0;0;1;0;0;-38,582245;-3,702642
297441;16;8;2016;09:50;0;AV EDUARDO GIRAO;;;216;;Colisão;Luz do Dia;;;Meio de Quadra;;;0;1;1;0;0;0;0;0;0;1;0;0;-38,53687;-3,750699
297438;16;8;2016;09:16;0;RUA URUCUTUBA;;;1569;;Colisão;Luz do Dia;;;Meio de Quadra;;;0;2;0;0;0;0;0;0;0;0;0;0;-38,610141;-3,797884
301598;16;8;2016;07:55;0;RUA PINTO MADEIRA;;;1550;;Colisão Lateral;Luz do Dia;Nublado;Seca;Meio de Quadra;Não Há Controle;Comercial;0;1;1;1;0;0;0;0;0;1;0;0;-38,512223;-3,733953
301599;16;8;2016;11:08;0;AV DOM LUIS;;;1137;;Engavetamento;Luz do Dia;Bom;Seca;Meio de Quadra;Não Há Controle;Comercial;0;0;3;1;0;0;0;0;0;0;0;0;-38,490917;-3,73534
301600;16;8;2016;11:00;23009;RUA ANITA GARIBALDI;RUA BRUNO VALENTE;;0;;Colisão Transversal;Luz do Dia;Bom;Seca;Cruz;Pare;Residencial;0;0;2;1;0;0;0;0;0;0;0;0;-38,539228;-3,788221
301601;16;8;2016;14:12;0;AV AMERICO BARREIRA;;;4800;;Colisão Traseira;Luz do Dia;Bom;Seca;T;Semáforo;Residencial;0;0;2;1;0;0;0;0;0;0;0;0;;
301602;16;8;2016;15:07;15372;AV DOM LUIS;RUA CEL JUCA;;0;;Engavetamento;Luz do Dia;Bom;Seca;Cruz;Semáforo;Comercial;0;0;3;1;0;0;0;0;0;0;0;0;-38,490579;-3,735452
301603;16;8;2016;15:31;0;RUA SEN POMPEU;;;2920;;Colisão Traseira;Luz do Dia;Bom;Seca;Cruz;Semáforo;Comercial;0;0;2;1;0;0;0;0;0;0;0;0;-38,534929;-3,74439
301604;16;8;2016;15:43;0;AV CARNEIRO DE MENDONCA;;;1592;;Colisão Lateral;Luz do Dia;Bom;Seca;Meio de Quadra;Não Há Controle;Comercial;0;0;2;1;0;0;0;0;0;1;0;0;-38,572586;-3,761022
301605;16;8;2016;18:27;15819;AV JOR THOMAZ COELHO;RUA STA EFIGENIA;;0;;Colisão Lateral;Via Iluminada;Bom;Seca;Meio de Quadra;Semáforo;Comercial;0;0;2;1;0;0;0;0;0;0;0;0;-38,50055;-3,832374
301606;16;8;2016;20:00;0;RUA JOAQUIM NABUCO;;;1622;;Colisão Transversal;Anoitecer;Bom;Seca;Meio de Quadra;Não Há Controle;Comercial;0;0;2;1;0;0;0;0;0;0;0;0;-38,502653;-3,739484
301607;16;8;2016;20:00;3909;RUA MAL DEODORO;RUA SEN CATUNDA;;0;;Colisão Transversal;Via Iluminada;Bom;Seca;T;Pare;Residencial;0;0;2;1;0;0;0;0;0;0;0;0;-38,535466;-3,740598
301608;16;8;2016;20:59;0;RUA MARCOS MACEDO;RUA DELMIRO GOUVEIA;;0;;Colisão Transversal;Via Iluminada;Bom;Seca;Cruz;Pare;Residencial;0;0;2;1;0;0;0;0;0;0;0;0;;
301609;16;8;2016;21:47;0;AV GAL OSORIO DE PAIVA;;;223;;Colisão Traseira;Via Iluminada;Bom;Seca;Meio de Quadra;Não Há Controle;Comercial;0;0;3;1;0;0;0;0;0;0;0;0;-38,565303;-3,774628
301620;16;8;2016;19:10;0;RUA MON CATAO;;;1470;;Colisão Traseira;Via Iluminada;Bom;Seca;Meio de Quadra;Não Há Controle;Comercial;0;0;2;1;1;0;0;0;0;0;0;0;-38,492564;-3,744948
297476;16;8;2016;10:23;0;RUA MARIA DE JESUS;;;467;;Colisão;Luz do Dia;;;Meio de Quadra;;;0;1;1;1;0;0;0;0;0;1;0;0;;
297477;16;8;2016;10:33;0;RUA CEL VIRGILIO NOGUEIRA (BOM JARDIM);;;1255;;Colisão;Luz do Dia;;;Meio de Quadra;;;0;1;1;0;0;0;0;0;0;1;0;0;;
297478;16;8;2016;10:54;0;AV GODOFREDO MACIEL;;;2575;;Colisão;Luz do Dia;;;Meio de Quadra;;;0;1;1;1;0;0;0;0;0;1;0;0;-38,57047;-3,798278
297479;16;8;2016;11:10;0;RUA ANTONIO IVO;;;135;;Colisão;Luz do Dia;;;Meio de Quadra;;;0;2;1;1;0;0;0;0;0;1;0;0;-38,579751;-3,757281
297481;16;8;2016;11:52;0;AV ENG HUMBERTO MONTE;;;;;Queda;Luz do Dia;;;Meio de Quadra;;;0;1;0;0;0;0;0;0;0;1;0;0;;
297474;16;8;2016;10:00;13381;RUA JOAO BRIGIDO;RUA JOAO CORDEIRO;;;;Colisão;Luz do Dia;;;Cruz;Semáforo;Residencial;0;1;1;1;0;0;0;0;0;1;0;0;-38,51787;-3,739927
297490;16;8;2016;12:49;99;RUA TOMAS RODRIGUES;RUA MARTINS NETO;;;;Colisão;Luz do Dia;;;Cruz;Pare;Misto;0;1;1;1;0;0;0;0;0;1;0;0;-38,593771;-3,741063
297492;16;8;2016;13:10;0;AV VIS RIO BRANCO;;;2125;;Colisão;Luz do Dia;;;Meio de Quadra;;;0;1;1;1;0;0;0;0;0;1;0;0;-38,523346;-3,739727
297504;16;8;2016;14:34;22105;RUA ANTONIO MARTINS;RUA CEL NUNES DE MELO;;;;Atropelamento;Luz do Dia;;;;;;0;1;1;1;0;0;0;0;0;0;0;0;;
297505;16;8;2016;14:45;0;RUA AMADEU FURTADO;;;153;;Colisão;Luz do Dia;;;Meio de Quadra;;;0;1;1;0;0;0;0;0;0;1;0;0;-38,563785;-3,736971
297506;16;8;2016;15:03;19721;RUA AMADEU FURTADO;RUA GUSTAVO SAMPAIO;;;;Colisão;Luz do Dia;;;Cruz;Não Há Controle;Residencial;0;1;1;0;0;0;0;0;0;1;0;0;-38,563828;-3,736786
297508;16;8;2016;15:44;0;RUA ANA BATISTA;;;606;;Atropelamento de Animal;Luz do Dia;;;Meio de Quadra;;;0;1;0;0;0;0;0;0;0;1;0;0;;
297509;16;8;2016;15:45;0;AV DA INDEPENDENCIA;;;2610;;Colisão;Luz do Dia;;;Meio de Quadra;;;0;1;0;0;0;0;0;0;0;0;0;0;;
297510;16;8;2016;16:16;0;AV WASHINGTON SOARES;;;1850;;Colisão;Luz do Dia;;;Meio de Quadra;;;0;1;0;0;0;0;0;0;0;0;0;0;-38,481738;-3,774842
297511;16;8;2016;17:06;0;RUA ARTUR DE CARVALHO;;;526;;Atropelamento;Anoitecer;;;Meio de Quadra;;;0;1;1;0;0;0;0;0;0;1;0;0;;
297512;16;8;2016;18:09;0;RUA EMILIA GONCALVES;;;669;;Colisão Lateral;Anoitecer;Bom;Seca;Meio de Quadra;Não Há Controle;Residencial;0;0;4;0;0;0;0;0;0;1;0;0;-38,594585;-3,728887
297518;16;8;2016;19:07;0;RUA PORTO FRANCO;RUA DJALMA BENEVIDES;;;;Colisão Frontal;Via Iluminada;Bom;Seca;T;Gesto;Residencial;0;1;3;1;0;0;0;0;0;1;0;0;;
297519;16;8;2016;19:22;1451;RUA ANTONIO AUGUSTO;RUA ROCHA LIMA;;;;Colisão;;;;Cruz;Pare;Residencial;0;1;1;1;0;0;0;0;0;0;0;0;-38,516207;-3,738344
297520;16;8;2016;19:49;0;RUA CEL VIRGILIO NOGUEIRA (BOM JARDIM);;;;;Colisão;;;;Meio de Quadra;;;0;1;0;0;0;0;0;0;0;0;0;0;;
297521;16;8;2016;19:52;15807;RUA CEL DIONISIO ALENCAR;RUA PERGENTINO MAIA;;;;Colisão Lateral;Via Iluminada;Bom;Seca;Cruz;Pare;Comercial;0;1;3;1;0;0;0;0;0;1;0;0;-38,487711;-3,831561
297522;16;8;2016;19:56;0;RUA VINTE QUATRO DE MAIO;;;520;;Colisão;;;;Meio de Quadra;;;0;1;0;0;0;0;0;0;0;0;0;0;;
297523;16;8;2016;20:22;0;AV MAJ ASSIS;;;2587;;Atropelamento;;;;Meio de Quadra;;;0;1;1;0;0;0;0;0;0;1;0;0;-38,603642;-3,719719
297524;16;8;2016;20:45;25544;RUA JUVENTUDE;AV 1 LOT ARVOREDO;;;;Queda;;;;;;;0;1;0;0;0;0;0;0;0;1;0;0;-38,571858;-3,828668
297525;16;8;2016;21:08;0;RUA SILVA JATAHY;;;;;Queda;;;;Meio de Quadra;;;0;1;0;0;0;0;0;0;0;1;0;0;;
297526;16;8;2016;22:17;0;AV AGUANAMBI;;;124;;Colisão Lateral;Luz do Dia;Bom;Seca;Meio de Quadra;Semáforo;Comercial;0;2;3;1;0;0;0;0;0;0;0;0;-38,524332;-3,737931
297527;16;8;2016;22:33;0;AV PRS JUSCELINO KUBITSCHEK (PASSARÉ);;;5457;;Colisão;;;;Meio de Quadra;;;0;1;0;0;0;0;0;0;0;0;0;0;-38,536962;-3,823559
297528;16;8;2016;23:17;0;RUA POMPILIO GOMES;;;;;Queda;;;;Meio de Quadra;;;0;1;0;0;0;0;0;0;0;0;0;0;;
297514;16;8;2016;18:40;0;AV BORGES DE MELO;;;1277;;Queda;;;;Meio de Quadra;;;0;1;0;0;0;0;0;0;0;1;0;0;-38,529899;-3,760064
297515;16;8;2016;18:40;0;AV DOM LUIS;;;502;PRACA PORTUGAL;Colisão;;;;Meio de Quadra;;;0;1;0;0;0;0;0;0;0;0;0;0;-38,497304;-3,733243
297516;16;8;2016;18:52;0;RUA ALFREDO MAMEDE;;;;;Colisão;;;;Meio de Quadra;;;0;1;1;1;0;0;0;0;0;1;0;0;;
297534;16;8;2016;01:16;0;AV DIOGUINHO;;;;;Queda;;;;Meio de Quadra;;;0;1;0;0;0;0;0;0;0;1;0;0;;
297535;16;8;2016;05:55;0;RUA WALDIR DIOGO;;;51;;Colisão;Amanhecer;;;Meio de Quadra;;;0;1;1;1;0;1;0;0;0;0;0;0;-38,578893;-3,80808
297536;16;8;2016;10:42;0;AV ROGACIANO LEITE;;;2296;;Queda;Luz do Dia;;;Meio de Quadra;;;0;1;0;0;0;0;0;0;0;1;0;0;-38,500227;-3,775654
297537;16;8;2016;10:32;0;RUA CARLOS STUDART;;;530;;Queda;Luz do Dia;;;Meio de Quadra;;;0;1;0;0;0;0;0;0;0;1;0;0;-38,568426;-3,794692
297538;16;8;2016;17:48;0;AV DR THEBERGE;;;400;;Colisão;Anoitecer;;;Meio de Quadra;;;0;1;1;1;0;0;0;0;0;1;0;0;-38,56268;-3,707767
297540;17;8;2016;05:42;0;RUA OSCAR FRANCA;;;949;;Atropelamento;Amanhecer;;;Meio de Quadra;;;0;1;0;0;0;0;0;0;0;0;0;0;-38,600321;-3,791694
297541;17;8;2016;08:45;5148;RUA VINTE E QUATRO DE MAIO;RUA SAO PAULO;;;;Colisão;Luz do Dia;;;Cruz;Semáforo;Comercial;0;2;1;1;0;0;0;0;0;1;0;0;-38,531314;-3,724772
297543;17;8;2016;08:50;0;RUA CEL VIRGILIO NOGUEIRA (BOM JARDIM);;;1255;;Colisão;Luz do Dia;;;Meio de Quadra;;;0;1;1;1;0;0;0;0;0;1;0;0;;
297544;17;8;2016;09:17;4016;RUA PRO COSTA MENDES;RUA JULIO CESAR D12;;;;Colisão;Luz do Dia;;;Cruz;Pare;Residencial;0;1;1;0;0;0;0;0;0;1;0;0;-38,546911;-3,754698
297746;17;8;2016;09:26;5389;AV DUQ CAXIAS;RUA FLORIANO PEIXOTO;;;;Atropelamento;Luz do Dia;;;Cruz;Pare;Comercial;0;1;1;1;0;0;0;0;0;0;0;0;-38,528731;-3,732162
297750;17;8;2016;09:46;19152;RUA LAURO NOGUEIRA;RUA BATISTA DE OLIVEIRA;;;;Colisão;Luz do Dia;;;Cruz;Pare;Residencial;0;1;1;1;0;0;0;0;0;1;0;0;-38,478301;-3,740086
297751;17;8;2016;11:44;0;RUA ARTUR DE CARVALHO;;;1220;;Atropelamento;Luz do Dia;;;Meio de Quadra;;;0;1;1;0;0;0;0;0;0;1;0;0;;
297752;17;8;2016;12:46;20042;AV DEP PAULINO ROCHA;AV ALBERTO CRAVEIRO;;;;Colisão;Luz do Dia;;;;;;0;1;1;1;0;0;0;0;0;1;0;0;-38,524782;-3,807229
297755;17;8;2016;12:50;0;AV FRE CIRILO;;;4186;;Colisão;Luz do Dia;;;Meio de Quadra;;;0;1;1;1;0;0;0;0;0;1;0;0;-38,495963;-3,820646
297756;17;8;2016;14:19;0;AV SEN FERNANDES TAVORA;;;;;Colisão;Luz do Dia;;;Meio de Quadra;;;0;1;1;1;0;0;0;0;0;1;0;0;;
297757;17;8;2016;15:04;0;RUA EMILIO DE MENESES;;;2130;;Colisão;Luz do Dia;;;Meio de Quadra;;;0;1;1;1;0;0;0;0;0;1;0;0;-38,600125;-3,778182
297759;17;8;2016;15:09;0;RUA OSCAR ROMERO;;;;;Queda;Luz do Dia;;;Meio de Quadra;;;0;1;0;0;0;1;0;0;0;0;0;0;;
297760;17;8;2016;15:09;0;AV ROGACIANO LEITE;;;2356;;Queda;Luz do Dia;;;Meio de Quadra;;;0;1;0;0;0;0;0;0;0;1;0;0;-38,500342;-3,776071
297763;17;8;2016;16:26;0;AV OLIVEIRA PAIVA;;;380;;Colisão;Luz do Dia;;;Meio de Quadra;;;0;1;1;1;0;0;0;0;0;1;0;0;-38,502229;-3,798197
297765;17;8;2016;17:22;0;AV A CJ CEARA;;;1008;BEC;Colisão;Anoitecer;;;Meio de Quadra;;;0;1;1;1;0;0;0;0;0;1;0;0;-38,604451;-3,769808
297770;17;8;2016;17:27;0;AV OLIVEIRA PAIVA;;;380;;Colisão;Anoitecer;;;Meio de Quadra;;;0;2;0;0;0;0;0;0;0;0;0;0;-38,502229;-3,798197
297779;17;8;2016;18:25;0;AV PERIMETRAL;;;;;Colisão;Anoitecer;;;Meio de Quadra;;;0;2;1;1;0;0;0;0;0;1;0;0;;
297781;17;8;2016;19:18;0;AV ODILON GUIMARAES;;;;;Colisão;;;;Meio de Quadra;;;0;1;1;1;0;0;0;0;0;1;0;0;;
297786;17;8;2016;20:23;0;AV SEN FERNANDES TAVORA;;;2472;;Colisão;;;;Meio de Quadra;;;0;1;1;1;0;0;0;0;0;1;0;0;-38,595351;-3,755671
297787;17;8;2016;21:09;1305;RUA MARIA TOMASIA;RUA OSVALDO CRUZ (ALDEOTA);;;;Atropelamento;Via Iluminada;Bom;Seca;Cruz;Pare;Comercial;0;1;2;0;0;0;0;0;0;1;0;0;-38,499989;-3,73458
297784;17;8;2016;20:00;0;RUA JOSE CARLOS GURGEL NOGUEIRA;;;208;;Atropelamento;;;;Meio de Quadra;;;0;1;1;0;0;0;0;0;0;0;0;0;;
297804;17;8;2016;22:48;0;RUA JOAO AREAS;;;429;;Queda;;;;Meio de Quadra;;;0;1;0;0;0;0;0;0;0;1;0;0;;
297805;17;8;2016;07:18;0;AV IMPERADOR;;;1429;;Queda;Luz do Dia;;;Meio de Quadra;;;0;1;0;0;0;0;0;0;0;1;0;0;-38,536359;-3,733674
297806;17;8;2016;05:40;2758;RUA OSCAR FRANCA;RUA MARIA JULIA;;;;Colisão;Amanhecer;;;Cruz;Pare;Residencial;0;2;1;1;0;0;0;0;0;1;0;0;-38,599725;-3,79189
297810;17;8;2016;10:10;0;AV PONTES VIEIRA;;;;;Colisão;Luz do Dia;;;Meio de Quadra;;;0;1;1;1;0;0;0;0;0;1;0;0;;
301621;17;8;2016;18:19;4650;RUA PEDRO LAZAR;RUA SEN PAULA PESSOA;;0;;Colisão Transversal;Via Iluminada;Bom;Seca;Cruz;Não Há Controle;Comercial;0;0;2;1;0;0;0;0;0;0;0;0;-38,488505;-3,802802
301622;17;8;2016;19:00;7648;AV CARNEIRO DE MENDONCA;RUA PAULO DE FRONTIM;;0;;Colisão Lateral;Anoitecer;Bom;Seca;Cruz;Não Há Controle;Residencial;0;0;2;1;1;0;0;0;0;0;0;0;-38,570794;-3,761949
301623;17;8;2016;17:16;13394;AV ANTONIO SALES;RUA ANTONIO AUGUSTO;;0;;Colisão Lateral;Via Iluminada;Bom;Seca;Cruz;Pare;Comercial;0;0;2;1;0;0;0;0;0;1;0;0;-38,517005;-3,740913
301624;17;8;2016;19:30;0;RUA ANSELMO NOGUEIRA;;;282;;Colisão Traseira;Via Iluminada;Bom;Seca;Meio de Quadra;Não Há Controle;Residencial;0;0;2;1;1;0;0;0;0;0;0;0;-38,587054;-3,780621
301610;17;8;2016;07:31;24448;AV LAURO VIEIRA CHAVES;RUA JORGE ACURCIO;;0;;Colisão Frontal;Luz do Dia;Bom;Seca;Outros;Pare;Comercial;0;0;2;0;0;0;0;1;0;0;0;0;-38,53484;-3,771853
301611;17;8;2016;08:04;1661;RUA JOAQUIM NABUCO;RUA VICENTE LINHARES;;0;;Colisão Lateral;Amanhecer;Bom;Seca;Cruz;Semáforo;Comercial;0;0;2;1;0;0;0;0;0;1;0;0;-38,50318;-3,741195
301612;17;8;2016;08:10;3771;AV DA UNIVERSIDADE;AV DOMINGOS OLIMPIO;;0;;Colisão Lateral;Luz do Dia;Bom;Seca;Cruz;Semáforo;Comercial;0;0;2;1;1;0;0;0;0;0;0;0;-38,534216;-3,735594
301613;17;8;2016;08:22;0;RUA CARLOS AMORA;;;150;;Colisão Lateral;Luz do Dia;Bom;Seca;Meio de Quadra;Não Há Controle;Residencial;0;0;1;0;1;0;0;0;0;0;0;0;-38,563653;-3,775187
301614;17;8;2016;08:24;0;AV SGT HERMINIO SAMPAIO;;;1627;;Colisão Traseira;Luz do Dia;Nublado;Seca;Meio de Quadra;Não Há Controle;Comercial;0;0;2;1;0;0;0;0;0;0;0;0;-38,555257;-3,725398
301615;17;8;2016;09:05;0;RUA TEODOMIRO DE CASTRO;;;6704;;Colisão Lateral;Luz do Dia;Bom;Seca;Meio de Quadra;Não Há Controle;Comercial;0;1;1;0;0;0;0;0;0;1;0;0;-38,580292;-3,715535
301616;17;8;2016;10:40;0;TR MON TABOSA D12;;;1400;;Colisão Traseira;Luz do Dia;Bom;Seca;Não Informado;Semáforo;Não Informado;0;0;2;1;0;0;0;0;0;0;0;0;;
301617;17;8;2016;11:10;0;AV MON TABOSA;;;1313;;Colisão Traseira;Luz do Dia;Nublado;Seca;Meio de Quadra;Gesto;Comercial;0;0;2;1;0;0;0;0;0;0;0;0;-38,506915;-3,724363
301618;17;8;2016;11:21;15531;AV FRE CIRILO;RUA PAULO SETUBAL;;4027;;Colisão Transversal;Luz do Dia;Bom;Seca;T;Pare;Comercial;0;2;3;1;0;0;0;0;0;1;0;0;-38,496028;-3,820502
301619;17;8;2016;16:07;0;RUA NUNES VALENTE;;;454;;Colisão Traseira;Luz do Dia;Bom;Seca;Meio de Quadra;Não Há Controle;Residencial;0;0;2;1;0;0;0;0;0;1;0;0;-38,501443;-3,729029
291135;17;8;2016;13:30;25334;AV D CJ CEARA;AV B CJ CEARA;;;;Colisão Transversal;Luz do Dia;;;T;Pare;Misto;0;1;1;0;1;0;0;0;0;1;0;0;-38,602328;-3,763611
291156;17;8;2016;12:30;4009;RUA DULCINEIA GONDIM;RUA EUZEBIO DE QUEIROS;;;;Colisão Lateral;Luz do Dia;;;;;;0;1;1;1;0;0;0;0;0;1;0;0;-38,54642;-3,758182
291158;17;8;2016;12:20;15743;RUA HERBENE;RUA MANUEL ARRUDA;;;;Colisão Frontal;Luz do Dia;;;Cruz;Não Há Controle;Comercial;0;0;2;1;0;0;0;0;0;1;0;0;-38,504019;-3,828948
291164;17;8;2016;17:30;12785;RUA ALBERTO MAGNO;RUA JOAO SORONGO;;;;Colisão Lateral;Anoitecer;;;Outros;Pare;Residencial;0;1;0;0;0;1;0;0;0;1;0;0;-38,540309;-3,753853
291182;17;8;2016;14:30;1449;RUA DR JOSE LOURENCO;RUA CATAO MAMEDE;;;;Colisão Transversal;Luz do Dia;;;Cruz;Pare;Comercial;0;0;2;1;0;0;0;0;0;0;0;0;-38,508941;-3,73824
291202;17;8;2016;17:00;0;AV OLIVEIRA PAIVA;;;;;Choque c/ Obstáculo Fixo;Anoitecer;;;Meio de Quadra;;;0;0;1;0;0;0;0;0;0;0;0;0;;
291210;17;8;2016;12:45;0;AV ENG SANTANA JUNIOR;;;1259;;Colisão;Luz do Dia;;;Meio de Quadra;;;0;0;2;0;0;0;1;0;0;0;0;0;-38,484158;-3,738963
291040;17;8;2016;08:00;0;RUA HENRIQUETA GALENO;;;567;;Colisão Lateral;Luz do Dia;;;Meio de Quadra;;;0;0;2;1;0;0;0;0;0;0;0;0;-38,495364;-3,746636
291034;17;8;2016;16:15;7781;AV ANTONIO SALES;AV DES MOREIRA;;;;Colisão Transversal;Luz do Dia;;;Cruz;Semáforo;Comercial;0;0;2;1;0;0;0;0;0;0;0;0;-38,50141;-3,745744
291042;17;8;2016;13:00;0;RUA BERNARDO MANUEL;;;7910;;Colisão Transversal;Luz do Dia;;;Meio de Quadra;;;0;0;3;1;0;0;0;0;0;0;0;0;-38,548222;-3,788242
291053;17;8;2016;14:30;9198;RUA BAR ARATANHA;RUA COSTA ARAUJO;;;;Colisão Lateral;Luz do Dia;;;Cruz;Pare;Comercial;0;0;2;1;0;0;0;0;0;1;0;0;-38,531099;-3,746946