COD_ACIDENTE;DIA;MES;ANO;HORA;INTERSECAO;LOG1;LOG2;LOG3;NUMERO;REFERENCIA;NATUREZA;ILUMINACAO;TEMPO;SUPERFICIEPISTA;TIPOCRUZAMENTO;CONTROLETRAFEGO;USOSOLO;MORTOS;FERIDOS;ILESOS;AUTOMOVEL;ONIBUS;BICICLETA;CAMINHAO;MICROONIBUS;CICLOMOTOR;MOTOCICLETA;TRACAOANIMAL;TREM;LONG;LAT
291056;17;8;2016;08:45;19780;RUA COS ALVARO DE OLIVEIRA;RUA PDE GUERRA;;;;Colisão Lateral;Luz do Dia;;;Cruz;Pare;Residencial;0;0;2;1;0;0;0;0;0;0;0;0;-38,555644;-3,738519
291063;17;8;2016;09:36;0;RUA SEN POMPEU;;;2085;;Colisão;Luz do Dia;;;Meio de Quadra;;;0;1;1;1;0;0;0;0;0;1;0;0;-38,532563;-3,736614
291110;17;8;2016;15:58;5346;AV SANTOS DUMONT;RUA JOAO CORDEIRO;;;;Colisão;Luz do Dia;;;Cruz;Semáforo;Comercial;0;0;2;1;0;0;0;0;0;0;0;0;-38,514781;-3,730878
293087;17;8;2016;07:50;0;AV SEN CARLOS JEREISSATI (AEROPORTO);;;;KM 01;Colisão;Luz do Dia;Bom;Seca;Meio de Quadra;;;0;0;4;1;0;0;0;0;0;0;0;0;-38,52685;-3,783753
293088;17;8;2016;11:00;0;AV SEN CARLOS JEREISSATI (AEROPORTO);;;;KM 03;Colisão;Luz do Dia;Bom;Seca;Meio de Quadra;;;0;0;2;1;0;0;0;0;0;0;0;0;-38,544038;-3,779641
293094;17;8;2016;20:00;0;RD CE-040;;;;KM-04;Colisão;;Bom;Seca;Meio de Quadra;;;0;0;2;1;0;0;0;0;0;0;0;0;-38,481084;-3,782614
293091;17;8;2016;15:50;0;RD CE-040;;;;KM-07;Colisão;Luz do Dia;Bom;Seca;Meio de Quadra;;;0;1;1;1;0;0;0;0;0;1;0;0;-38,478733;-3,809597
293092;17;8;2016;21:20;0;RD CE-040;;;;KM-03;Colisão;;Bom;Seca;Meio de Quadra;;;0;0;3;1;0;0;0;0;0;0;0;0;-38,481799;-3,773616
293541;17;8;2016;15:05;0;RUA SILVA PAULET;;;2355;;Colisão Traseira;Luz do Dia;Bom;Seca;Meio de Quadra;Não Há Controle;Residencial;0;1;3;0;0;0;0;0;0;1;0;0;-38,508659;-3,74446
293539;17;8;2016;15:15;12455;AV SEN FERNANDES TAVORA;RUA RIO GRANDE DO SUL;;;;Colisão;Luz do Dia;;;T;Semáforo;Comercial;0;0;2;1;0;0;0;0;0;1;0;0;-38,572159;-3,768083
293561;17;8;2016;00:35;0;AV PRS JUSCELINO KUBITSCHEK (PASSARÉ);;;;;Colisão;;;;Meio de Quadra;;;0;1;2;1;0;0;0;0;0;1;0;0;;
293550;17;8;2016;20:25;0;AV PRS COSTA E SILVA;;;755;;Colisão Transversal;Via Iluminada;Bom;Seca;T;Pare;Residencial;0;1;2;1;1;0;0;0;0;1;0;0;-38,5729;-3,812425
293544;17;8;2016;16:25;0;AV FRE CIRILO;;;4199;;Colisão;Luz do Dia;;;Meio de Quadra;;;0;1;1;1;0;0;0;0;0;1;0;0;-38,495927;-3,820729
293545;17;8;2016;18:15;15531;AV FRE CIRILO;RUA PAULO SETUBAL;;;;Colisão;Anoitecer;;;T;Pare;Comercial;0;2;1;1;0;0;0;0;0;1;0;0;-38,496028;-3,820502
293546;17;8;2016;23:50;9756;RUA GERALDO BARBOSA;RUA TRES CORACOES;;;;Colisão;;;;;;;0;0;3;0;0;0;0;0;0;1;0;0;-38,610519;-3,789127
293567;18;8;2016;17:04;0;AV GODOFREDO MACIEL;;;2534;;Colisão;Anoitecer;;;Meio de Quadra;;;0;0;2;0;0;0;0;0;0;0;0;0;-38,570294;-3,797688
293569;18;8;2016;11:40;19538;AV GODOFREDO MACIEL;RUA INGA;;;;Colisão Frontal;Luz do Dia;Bom;Seca;Meio de Quadra;Gesto;Comercial;0;0;4;1;0;0;0;0;0;0;0;0;-38,56557;-3,782382
293093;18;8;2016;20:12;0;AV MIN JOSE AMERICO;;;;;Colisão;;Bom;Seca;Meio de Quadra;;;0;0;3;1;0;0;0;0;0;0;0;0;;
293095;18;8;2016;14:15;0;RD CE-040;;;;KM-10;Colisão;Luz do Dia;Bom;Seca;Meio de Quadra;;;0;0;4;1;0;0;0;0;0;0;0;0;-38,482466;-3,834451
291829;18;8;2016;12:40;0;RD BR 116;;;7181;KM-02;Colisão;Luz do Dia;;;Meio de Quadra;;;1;1;1;1;0;0;0;0;0;0;0;0;-38,5163975;-3,772578051
291109;18;8;2016;06:30;23342;RUA TIBURCIO CAVALCANTE;RUA EDUARDO BEZERRA;;;;Colisão Transversal;Amanhecer;Bom;Seca;Cruz;Pare;Residencial;0;1;1;1;0;0;0;0;0;1;0;0;-38,508145;-3,753329
291068;18;8;2016;21:30;22036;RUA TIRADENTES;RUA CAP FRANCISCO PEDRO;;;;Colisão Lateral;Mal Iluminada;Bom;Seca;T;Pare;Residencial;0;0;2;1;0;0;0;0;0;0;0;0;-38,546446;-3,744485
291070;18;8;2016;19:35;7648;AV CARNEIRO DE MENDONCA;RUA PAULO DE FRONTIM;;;;Colisão Lateral;Via Iluminada;Bom;Seca;Cruz;Não Há Controle;Residencial;0;1;1;0;0;0;0;0;0;1;0;0;-38,570794;-3,761949
291073;18;8;2016;13:30;15152;AV MON TABOSA;AV BAR STUDART;;;;Colisão Lateral;Luz do Dia;;Seca;Cruz;Semáforo;Comercial;0;0;2;0;1;0;0;0;0;0;0;0;-38,503445;-3,724762
291077;18;8;2016;10:00;1578;RUA GAL TERTULIANO POTYGUARA;RUA OSVALDO CRUZ (ALDEOTA);;;;Colisão Lateral;Luz do Dia;Bom;Seca;Cruz;Pare;Residencial;0;0;2;1;0;0;0;0;0;0;0;0;-38,502538;-3,74248
291044;18;8;2016;14:00;3768;AV DOMINGOS OLIMPIO;AV TRISTAO GONCALVES;;;;Colisão Traseira;Luz do Dia;Bom;Seca;Cruz;Semáforo;Comercial;0;0;3;1;0;0;0;0;0;0;0;0;-38,535613;-3,735133
291029;18;8;2016;09:10;15190;AV ABOLICAO;RUA JOAQUIM NABUCO;;;;Colisão Traseira;Luz do Dia;Bom;Seca;Cruz;Semáforo;Comercial;0;0;2;1;1;0;0;0;0;0;0;0;-38,498436;-3,726373
291026;18;8;2016;11:30;9183;AV FELINO BARROSO;RUA DEP JOAO PONTES;;;;Colisão Transversal;Luz do Dia;Bom;Seca;Cruz;Pare;Comercial;0;0;2;1;0;0;0;0;0;0;0;0;-38,528224;-3,746736
290995;18;8;2016;20:00;14511;RUA ADELIA FEIJO;RUA INES BRASIL;;;;Colisão Transversal;Via Iluminada;Bom;Seca;Cruz;Pare;Residencial;0;0;2;1;0;0;0;0;0;0;0;0;-38,51897;-3,803544
290990;18;8;2016;01:10;15835;RUA CEL DIONISIO ALENCAR;RUA MANUEL CASTELO BRANCO;;;;Colisão Transversal;Via Iluminada;Bom;Seca;Cruz;Pare;Residencial;1;0;1;0;0;0;0;0;0;1;0;0;-38,488281;-3,832973
291002;18;8;2016;07:10;0;RUA JULIO VERNE;;;160;;Choque c/ Obstáculo Fixo;Luz do Dia;Bom;Seca;Meio de Quadra;;Residencial;0;1;0;0;1;0;0;0;0;0;0;0;-38,55105;-3,776078
291000;18;8;2016;16:21;0;AV DOMINGOS OLIMPIO;;;1021;;Colisão Lateral;Luz do Dia;Bom;Seca;Meio de Quadra;;Comercial;0;0;2;1;1;0;0;0;0;0;0;0;-38,532741;-3,736095
290988;18;8;2016;;5180;RUA TEN BENEVOLO;RUA DOM JOAQUIM;;;;Colisão Transversal;Via Iluminada;Bom;Seca;Cruz;Pare;Comercial;0;0;2;1;0;0;0;0;0;0;0;0;-38,51667;-3,725524
290985;18;8;2016;11:30;5302;AV TRISTAO GONCALVES;RUA PEDRO I;;;;Colisão Lateral;Luz do Dia;Bom;Seca;Cruz;Semáforo;Comercial;0;0;2;1;1;0;0;0;0;0;0;0;-38,533927;-3,729523
301625;18;8;2016;08:38;9189;RUA MARIO MAMEDE;RUA CAMPO AMOR ROCHA;;0;;Colisão Transversal;Luz do Dia;Bom;Seca;Cruz;Pare;Residencial;0;0;2;1;0;0;0;0;0;0;0;0;-38,525444;-3,754388
301626;18;8;2016;10:09;24261;RUA MANUEL JESUINO;RUA REPUBLICA DO LIBANO;;0;;Colisão Transversal;Luz do Dia;Bom;Seca;Cruz;Pare;Residencial;0;0;2;0;0;0;0;0;0;0;0;0;-38,484913;-3,733603
301627;18;8;2016;13:15;22092;AV JOSE BASTOS;RUA VALDEMIRO CAVALCANTE;;0;;Colisão Transversal;Luz do Dia;Bom;Não informada;T;Dê Preferência;Comercial;0;0;2;1;1;0;0;0;0;0;0;0;-38,5534;-3,752938
301628;18;8;2016;12:40;0;AV ALBERTO CRAVEIRO;;;2053;;Colisão Traseira;Luz do Dia;Bom;Seca;Meio de Quadra;Não Há Controle;Comercial;0;0;2;1;0;0;0;0;0;0;0;0;-38,518754;-3,798579
301629;18;8;2016;14:00;0;RUA NEREU RAMOS;;;631;;Colisão Lateral;Luz do Dia;Bom;Seca;Meio de Quadra;Não Há Controle;Residencial;0;0;2;1;1;0;0;0;0;0;0;0;-38,57248;-3,785176
301630;18;8;2016;14:50;0;AV MOZART PINHEIRO DE LUCENA;RUA BENU MARCONDES;;0;;Colisão Lateral;Luz do Dia;Bom;Seca;Duplo T;Pare;Comercial;0;0;1;1;0;0;0;0;0;0;0;0;;
301631;18;8;2016;14:57;0;AV DR SILAS MUNGUBA;;;614;;Engavetamento;Luz do Dia;Bom;Seca;Meio de Quadra;Não Há Controle;Comercial;0;0;3;1;0;0;0;0;0;0;0;0;;
301632;18;8;2016;15:51;0;RUA HIL MORAES;;;37;;Colisão Lateral;Luz do Dia;Bom;Seca;T;Pare;Residencial;0;0;1;1;0;0;0;0;0;0;0;0;;
301633;18;8;2016;16:43;9072;AV VIS RIO BRANCO;AV PONTES VIEIRA;;0;;Colisão Traseira;Luz do Dia;Bom;Seca;Cruz;Semáforo;Comercial;0;0;2;0;0;0;0;0;0;1;0;0;-38,520486;-3,753544
301634;18;8;2016;16:20;5484;RUA JOAO CORDEIRO;RUA JAGUARETAMA;;0;;Colisão Transversal;Luz do Dia;Bom;Seca;Cruz;Pare;Residencial;0;0;2;1;0;0;0;0;0;0;0;0;-38,516815;-3,736489
301635;18;8;2016;19:18;0;AV PRS COSTA E SILVA;;;1717;;Colisão Transversal;Via Iluminada;Bom;Seca;Meio de Quadra;Não Há Controle;Comercial;0;1;1;1;0;0;0;0;0;1;0;0;-38,566965;-3,81684
301636;18;8;2016;19:31;1354;RUA PRO DIAS DA ROCHA;RUA MARCOS MACEDO;;0;;Colisão Transversal;Via Iluminada;Bom;Seca;Cruz;Não Há Controle;Residencial;0;0;2;1;0;0;0;0;0;0;0;0;-38,491883;-3,736168
301637;18;8;2016;18:40;0;AV GODOFREDO PIMENTEL;;;858;;Colisão Traseira;Via Iluminada;Bom;Seca;Meio de Quadra;Semáforo;Comercial;0;0;2;1;0;0;0;0;0;0;0;0;;
301638;18;8;2016;18:10;0;RUA JULIO LIMA;;;405;;Colisão Frontal;Via Iluminada;Bom;Seca;Meio de Quadra;Não Há Controle;Lazer;0;0;3;1;0;0;0;0;0;0;0;0;-38,501613;-3,796697
301639;18;8;2016;21:24;1437;RUA JOAO CARVALHO;RUA SILVA PAULET;;0;;Colisão Transversal;Via Iluminada;Bom;Seca;Cruz;Não Há Controle;Escola;0;3;1;1;0;0;0;0;0;0;0;0;-38,506557;-3,737966
301282;18;8;2016;18:25;15138;RUA ANTONIO LIMA;AV HIS RAIMUNDO GIRAO;;0;;Colisão Lateral;Via Iluminada;Bom;Seca;T;Pare;Comercial;0;0;2;1;0;0;0;0;0;0;0;0;-38,504023;-3,724196
297815;18;8;2016;00:39;0;AV ENG SANTANA JUNIOR;;;2277;;Colisão;;;;Meio de Quadra;;;0;1;0;0;0;0;0;0;0;0;0;0;-38,486614;-3,742741
297834;18;8;2016;07:01;0;RUA VALPARAISO;;;;;Colisão;Luz do Dia;;;Meio de Quadra;;;0;1;1;1;0;0;0;0;0;1;0;0;;
297835;18;8;2016;07:40;12954;AV PRS COSTA E SILVA;RUA BERNARDO MANUEL;;8300;;Colisão Traseira;Luz do Dia;Bom;Seca;Cruz;Semáforo;Comercial;0;1;3;1;0;0;0;0;0;0;0;0;-38,558276;-3,821079
297836;18;8;2016;08:43;15835;RUA MANUEL CASTELO BRANCO;RUA CEL DIONISIO ALENCAR;;;;Colisão Transversal;Luz do Dia;Bom;Seca;Cruz;Pare;Lazer;0;2;2;1;0;0;0;0;0;1;0;0;-38,488281;-3,832973
297837;18;8;2016;08:47;0;RUA JOAO CORDEIRO;;;2408;;Colisão;Luz do Dia;;;Meio de Quadra;;;0;1;1;1;0;0;0;0;0;1;0;0;-38,518335;-3,741468
297838;18;8;2016;09:15;0;AV LINEU MACHADO;;;1480;;Colisão;Luz do Dia;;;Meio de Quadra;;;0;1;1;1;0;0;0;0;0;1;0;0;-38,580364;-3,772569
297821;18;8;2016;06:47;0;RUA JULIO VERNE;;;156;;Choque c/ Obstáculo Fixo;Luz do Dia;;;Meio de Quadra;;;0;4;0;1;0;0;0;0;0;0;0;0;-38,551006;-3,776094
297840;18;8;2016;11:09;0;RUA BIAS MENDES;;;1357;;Queda;Luz do Dia;;;Meio de Quadra;;;0;1;0;0;0;1;0;0;0;0;0;0;;
297841;18;8;2016;11:47;0;RUA GERMANO FRANCK;;;957;;Colisão;Luz do Dia;;;Meio de Quadra;;;0;1;1;1;0;0;0;0;0;1;0;0;-38,564292;-3,779167
297843;18;8;2016;12:00;0;RUA MANUEL ARRUDA;;;381;;Colisão;Luz do Dia;;;Meio de Quadra;;;0;1;1;1;0;0;0;0;0;1;0;0;-38,508122;-3,827939
297844;18;8;2016;12:36;0;RUA MAD ELISA BALDO;;;;;Queda;Luz do Dia;;;;;;0;1;0;0;0;0;0;0;0;1;0;0;;
297845;18;8;2016;12:45;0;RD BR 116;;;3000;KM-03;Atropelamento;Luz do Dia;;;Meio de Quadra;;;0;1;1;1;0;0;0;0;0;0;0;0;-38,514372;-3,779838
297847;18;8;2016;13:13;18491;RUA EDGAR FALCAO;RUA TEN MARQUES;;;;Colisão;Luz do Dia;;;;;;0;1;1;1;0;0;0;0;0;1;0;0;-38,573515;-3,732585
297854;18;8;2016;13:41;0;AV DES FLORIANO BENEVIDES;;;391;;Colisão;Luz do Dia;;;Meio de Quadra;;;0;1;1;1;0;1;0;0;0;0;0;0;-38,478131;-3,772544
297855;18;8;2016;14:19;6788;AV SANTOS DUMONT;RUA DES WALDETARIO P MOTA;;;;Colisão Transversal;Luz do Dia;Bom;Seca;Cruz;Semáforo;Comercial;0;1;1;1;0;0;0;0;0;1;0;0;-38,483309;-3,741093
297856;18;8;2016;14:34;0;AV GODOFREDO MACIEL;;;2385;;Colisão;Luz do Dia;;;Meio de Quadra;;;0;1;0;0;0;0;0;0;0;0;0;0;-38,569776;-3,796044
297857;18;8;2016;14:40;3863;AV 13 DE MAIO;RUA SEN POMPEU;;;;Queda;Luz do Dia;;;Cruz;Semáforo;Comercial;0;1;0;0;0;0;0;0;0;1;0;0;-38,534969;-3,744515
297863;18;8;2016;16:51;0;AV ZEZE DIOGO;;;2069;;Colisão Lateral;Anoitecer;Bom;Seca;Outros;Não Há Controle;Comercial;0;0;2;0;0;0;0;0;0;1;0;0;;
297864;18;8;2016;18:03;0;RUA VITAL BRASIL;;;903;;Colisão;Anoitecer;;;Meio de Quadra;;;0;2;1;1;0;0;0;0;0;1;0;0;-38,589097;-3,780528
297865;18;8;2016;18:14;0;RUA BERNARDO MANUEL;;;7200;;Colisão;Anoitecer;;;Meio de Quadra;;;0;2;1;0;0;0;0;0;0;1;0;0;-38,546051;-3,781188
297873;18;8;2016;18:47;0;RUA MARVIN;;;577;;Colisão;;;;Meio de Quadra;;;0;1;1;1;0;0;0;0;0;1;0;0;-38,48362;-3,792411
297874;18;8;2016;18:53;0;RUA PDE PERDIGAO SAMPAIO;;;;;Atropelamento;;;;Meio de Quadra;;;0;1;1;1;0;0;0;0;0;0;0;0;;
297882;18;8;2016;19:09;10013;RUA DUAS NACOES;RUA OLIVEIRA SOBRINHO;;;;Colisão;;;;Cruz;Pare;Rural;0;1;0;0;0;0;0;0;0;0;0;0;-38,602409;-3,778267
297883;18;8;2016;19:36;0;RD BR 116;;;;;Colisão;;;;Meio de Quadra;;;0;1;1;1;0;0;0;0;0;1;0;0;;
297859;18;8;2016;14:43;15152;AV ABOLICAO;AV BAR STUDART;;;;Colisão;Luz do Dia;;;;;;0;1;1;1;0;0;0;0;0;1;0;0;-38,503445;-3,724762
297861;18;8;2016;16:01;0;RUA CHICO LEMOS;;;1624;;Colisão;Luz do Dia;;;Meio de Quadra;;;0;1;1;1;0;0;0;0;0;1;0;0;-38,494936;-3,800704
297888;18;8;2016;19:13;0;RUA MARIA JULIA;;;1006;;Colisão;;;;Meio de Quadra;;;0;1;0;0;0;0;0;0;0;0;0;0;;
297895;18;8;2016;20:35;0;RUA BENEDITO MACEDO;;;77;;Queda;;;;Meio de Quadra;;;0;1;0;0;0;0;0;0;0;1;0;0;;
297896;18;8;2016;22:21;0;RUA CEL JOAO OLIVEIRA;;;1300;;Colisão;;;;Meio de Quadra;;;0;1;1;1;0;0;1;0;0;0;0;0;-38,482886;-3,823478
297892;18;8;2016;19:19;0;AV OLAVO BILAC;;;1241;;Colisão;;;;Meio de Quadra;;;0;1;0;0;0;0;0;0;0;0;0;0;-38,56461;-3,731793
297893;18;8;2016;19:55;0;AV PRS CASTELO BRANCO;;;3282;;Atropelamento;;;;Meio de Quadra;;;0;1;1;0;0;0;0;0;0;1;0;0;-38,560369;-3,710682
297903;18;8;2016;17:40;0;RUA JOAO GENTIL;;;;;Atropelamento;Anoitecer;;;;;;0;1;1;1;0;0;0;0;0;0;0;0;;
297904;18;8;2016;01:10;0;RUA NEREU RAMOS;;;775;;Queda;;;;Meio de Quadra;;;0;1;0;0;0;0;0;0;0;1;0;0;-38,573577;-3,784584
297906;18;8;2016;02:05;3790;RUA NOSSA SRA REMEDIOS;AV 13 DE MAIO;;;;Atropelamento;;;;T;;Misto;0;2;1;1;0;0;0;0;0;0;0;0;-38,537836;-3,742046
297901;19;8;2016;10:51;5421;AV VIS RIO BRANCO;AV DUQ CAXIAS;;;;Colisão Lateral;Luz do Dia;Bom;Seca;Cruz;Semáforo;Comercial;0;1;2;0;0;0;0;0;0;1;0;0;-38,524603;-3,733481
297902;19;8;2016;15:47;0;AV GAL MURILO BORGES;;;;;Colisão;Luz do Dia;;;Meio de Quadra;;;0;2;0;0;0;0;0;0;0;0;0;0;;
297899;19;8;2016;07:51;0;AV I CJ CEARA;;;921;;Queda;Luz do Dia;;;Meio de Quadra;;;0;2;0;0;0;0;0;0;0;1;0;0;;
301641;19;8;2016;08:30;1324;RUA TORRES CAMARA;RUA DR JOSE LOURENCO;;0;;Capotamento;Luz do Dia;Bom;Seca;Cruz;Pare;Comercial;0;0;2;1;0;0;0;0;0;0;0;0;-38,508053;-3,735281
301642;19;8;2016;09:10;15789;RUA CEL DIONISIO ALENCAR;RUA JOAQUIM FELICIO;;0;;Colisão Lateral;Luz do Dia;Bom;Seca;Cruz;Pare;Residencial;0;1;1;0;0;0;0;0;0;0;0;0;-38,487369;-3,830711
301643;19;8;2016;09:46;19882;RUA ARMANDO MONTEIRO;RUA ESPERANTO D14;;262;;Colisão Lateral;Luz do Dia;Bom;Seca;Cruz;Pare;Residencial;0;0;2;0;0;0;0;0;0;0;0;0;-38,53896;-3,762655
301644;19;8;2016;12:10;7897;RUA MON CATAO;RUA HENRIQUETA GALENO;;0;;Colisão Lateral;Luz do Dia;Bom;Seca;T;Não Há Controle;Comercial;0;0;2;0;1;0;0;0;0;0;0;0;-38,493338;-3,747287
301645;19;8;2016;12:00;0;RUA PDE ASCENCO GAGO;;;1355;;Choque c/ Obstáculo Fixo;Luz do Dia;Bom;Seca;Não Informado;Não Há Controle;Comercial;0;1;0;1;1;0;0;0;0;0;0;0;;
301646;19;8;2016;14:10;0;AV JOR THOMAZ COELHO;;;1680;;Colisão Lateral;Luz do Dia;Bom;Seca;Meio de Quadra;Não Há Controle;Comercial;0;0;2;0;0;0;0;0;0;1;0;0;-38,510446;-3,829592
301647;19;8;2016;15:20;0;AV BAR STUDART;;;2445;;Colisão Lateral;Luz do Dia;Bom;Seca;Meio de Quadra;Não Há Controle;Comercial;0;0;2;1;1;0;0;0;0;0;0;0;-38,509907;-3,744967
301648;19;8;2016;16:55;0;AV BENJAMIM BRASIL;RUA VER ZELIA C DE SOUZA;;0;;Colisão Lateral;Luz do Dia;Bom;Molhada;Cruz;Pare;Comercial;0;0;2;1;0;0;0;0;0;0;0;0;;
301649;19;8;2016;19:02;0;AV VICENTE DE CASTRO;;;4999;;Colisão Lateral;Via Iluminada;Bom;Seca;Meio de Quadra;Não Há Controle;Comercial;0;0;2;1;0;0;0;0;0;0;0;0;;
301650;19;8;2016;22:02;13587;RUA PRO CARVALHO;RUA PRO MARIO ROCHA;;0;;Colisão Transversal;Via Iluminada;Bom;Seca;T;Não Há Controle;Residencial;0;0;2;1;0;0;0;0;0;0;0;0;-38,515066;-3,752247
290998;19;8;2016;23:00;0;RUA JULIO BRAGA;;;1744;;Colisão Transversal;Via Iluminada;Bom;Seca;Meio de Quadra;Pare;Comercial;0;3;0;0;0;0;0;0;0;1;0;0;-38,586187;-3,773698
290993;19;8;2016;16:30;26083;AV BEZERRA DE MENEZES;AV JOSE JATAHY;;;;Colisão Lateral;Luz do Dia;Bom;Seca;T;Pare;Comercial;0;0;2;1;0;0;0;0;0;0;0;0;;
290994;19;8;2016;09:00;0;AV DOS EXPEDICIONARIOS;;;4949;;Colisão Traseira;Luz do Dia;Bom;Seca;Meio de Quadra;Não Há Controle;Comercial;0;1;4;1;1;0;0;0;0;0;0;0;-38,540577;-3,762909
291045;19;8;2016;10:17;0;RUA FRANCISCA MARIA DA CONCEICAO;;;1481;;Choque c/ Obstáculo Fixo;Luz do Dia;Bom;Seca;Meio de Quadra;Pare;Escola;0;0;1;0;0;0;0;0;0;0;0;0;-38,573071;-3,836284
291046;19;8;2016;10:30;0;AV VICENTE DE CASTRO;;;;;Colisão Lateral;Luz do Dia;Bom;Seca;Meio de Quadra;Semáforo;Comercial;0;0;2;0;0;0;0;0;0;1;0;0;;
291047;19;8;2016;03:30;9144;RUA CEL PERGENTINO FERREIRA;RUA JUVENAL DE CARVALHO;;;;Colisão Transversal;Via Iluminada;Bom;Seca;Cruz;Pare;Comercial;0;0;2;0;0;0;0;0;0;1;0;0;-38,524903;-3,748779
291048;19;8;2016;15:00;9098;RUA MIN JOAQUIM BASTOS D14;RUA CAMPO AMOR ROCHA;;;;Colisão Lateral;Luz do Dia;Bom;Seca;Cruz;Pare;Residencial;0;0;2;1;0;0;0;0;0;0;0;0;-38,526294;-3,755419
291049;19;8;2016;07:10;0;RUA CESAR CORREIA;;;1206;;Colisão Transversal;Luz do Dia;Bom;Seca;Meio de Quadra;Outros;Residencial;0;0;2;1;0;0;0;0;0;1;0;0;;
291050;19;8;2016;12:25;0;AV DOMINGOS OLIMPIO;;;794;;Colisão Traseira;Luz do Dia;Bom;Seca;Meio de Quadra;Não Há Controle;Comercial;0;0;2;1;0;0;0;0;0;0;0;0;-38,530391;-3,736951
291054;19;8;2016;13:00;0;RUA JOAQUIM LIMA;;;;;Colisão Lateral;Luz do Dia;Bom;Seca;Duplo T;Não Há Controle;Residencial;0;0;2;1;0;0;0;0;0;1;0;0;-38,478255;-3,741805
291043;19;8;2016;07:40;13127;RUA 50 CJ JOSE WALTER;RUA 65 CJ JOSE WALTER;;;;Colisão Lateral;Luz do Dia;Bom;Seca;Cruz;Outros;Residencial;0;0;2;1;0;0;0;0;0;0;0;0;-38,558329;-3,829855
291052;19;8;2016;08:00;0;RUA ERICO MOTA;;;143;;Colisão Lateral;Luz do Dia;Bom;Seca;Meio de Quadra;Pare;Residencial;0;0;2;1;0;0;0;0;0;1;0;0;-38,562652;-3,73701
295647;19;8;2016;09:15;0;RD CE-040;;;;KM-08;Colisão;Luz do Dia;Bom;Seca;Meio de Quadra;;;0;0;2;1;0;0;0;0;0;0;0;0;-38,483033;-3,817159
295644;19;8;2016;11:45;0;RD CE-040;;;;KM-05;Colisão;Luz do Dia;Bom;Seca;Meio de Quadra;;;0;0;2;1;0;0;0;0;0;0;0;0;-38,480331;-3,791613
296926;19;8;2016;08:00;0;RD BR 116;;;1000;KM-01;Colisão Traseira;Luz do Dia;;;Meio de Quadra;;;0;3;0;0;0;0;0;0;0;1;0;0;-38,518702;-3,762554
296943;19;8;2016;12:10;0;RD BR 116;;;7000;KM-07;Colisão Lateral;Luz do Dia;;;Meio de Quadra;;;0;1;1;0;1;0;0;0;0;0;0;0;-38,501101;-3,813246
293200;19;8;2016;15:00;0;AV SEN CARLOS JEREISSATI (AEROPORTO);;;;KM 03;Colisão;Luz do Dia;Bom;Seca;Meio de Quadra;;;0;0;2;1;1;0;0;0;0;0;0;0;-38,544038;-3,779641
293201;19;8;2016;18:20;0;AV SEN CARLOS JEREISSATI (AEROPORTO);;;;KM 03;Colisão;Anoitecer;Bom;Seca;Meio de Quadra;;;0;0;2;1;1;0;0;0;0;0;0;0;-38,544038;-3,779641
293202;19;8;2016;19:15;0;RD CE-040;;;;KM-02;Colisão;;Bom;Seca;Meio de Quadra;;;0;0;2;1;1;0;0;0;0;0;0;0;-38,482583;-3,76465
293584;19;8;2016;16:15;0;AV MIN JOSE AMERICO;;;;;Colisão;Luz do Dia;Bom;Seca;Meio de Quadra;;;0;0;2;1;0;0;0;0;0;0;0;0;;
293592;19;8;2016;18:30;15255;RUA MON BRUNO;RUA TEN BENEVOLO;;;;Colisão Lateral;Via Iluminada;Bom;Seca;Cruz;Pare;Residencial;0;3;2;1;0;0;0;0;0;0;0;0;-38,508124;-3,728332
293594;19;8;2016;14:40;0;RUA CON DE CASTRO;;;;;Choque c/ Obstáculo Fixo;Luz do Dia;;;Meio de Quadra;;;0;0;1;0;0;0;0;0;0;0;0;0;;
293602;20;8;2016;17:13;0;AV BEIRA MAR;;;;;Choque c/ Obstáculo Fixo;Anoitecer;;;Meio de Quadra;;;0;0;1;0;0;0;0;0;0;0;0;0;;
293608;20;8;2016;08:30;0;RUA JOSE HIPOLITO;;;1893;;Colisão;Luz do Dia;;;Meio de Quadra;;;0;0;2;1;0;0;0;0;0;1;0;0;;
293612;20;8;2016;19:42;7433;RUA PEDRO DANTAS;RUA CLARIM;;;;Colisão Lateral;Via Iluminada;Bom;Seca;T;Pare;Residencial;0;0;3;1;0;0;0;0;0;0;0;0;-38,525882;-3,785202
293610;20;8;2016;09:55;5438;RUA ASSUNCAO;RUA METON DE ALENCAR;;;;Colisão Lateral;Luz do Dia;Bom;Seca;Cruz;Pare;Comercial;0;3;1;0;0;0;0;0;0;1;0;0;-38,528594;-3,734332
293599;20;8;2016;07:38;0;AV MIN JOSE AMERICO;;;3000;CAMBEBA;Choque c/ Obstáculo Fixo;Luz do Dia;;;Meio de Quadra;;;0;0;1;1;0;0;0;0;0;0;0;0;;
293203;20;8;2016;04:00;0;AV MIN JOSE AMERICO;;;;;Choque c/ Obstáculo Fixo;;Bom;Seca;Meio de Quadra;;;0;0;1;1;0;0;0;0;0;0;0;0;;
296932;20;8;2016;08:00;0;RD BR 222;;;900;KM-02;Colisão Traseira;Luz do Dia;;;Meio de Quadra;;;0;1;1;1;0;0;0;0;0;1;0;0;-38,58704;-3,739009