COD_ACIDENTE;DIA;MES;ANO;HORA;INTERSECAO;LOG1;LOG2;LOG3;NUMERO;REFERENCIA;NATUREZA;ILUMINACAO;TEMPO;SUPERFICIEPISTA;TIPOCRUZAMENTO;CONTROLETRAFEGO;USOSOLO;MORTOS;FERIDOS;ILESOS;AUTOMOVEL;ONIBUS;BICICLETA;CAMINHAO;MICROONIBUS;CICLOMOTOR;MOTOCICLETA;TRACAOANIMAL;TREM;LONG;LAT
296952;20;8;2016;20:30;0;RD BR 222;;;;KM-02;Colisão Transversal;;;;Meio de Quadra;;;0;0;2;0;0;0;0;0;1;1;0;0;-38,58704;-3,739009
291214;20;8;2016;01:20;16057;AV PRS COSTA E SILVA;AV GODOFREDO MACIEL;;;;Colisão Traseira;Via Iluminada;Bom;Seca;Cruz;Semáforo;Comercial;0;0;2;1;0;0;0;0;0;0;0;0;-38,574739;-3,811743
291217;20;8;2016;09:30;0;AV JOR THOMAZ COELHO;;;2283;;Colisão Lateral;Luz do Dia;Bom;Seca;Meio de Quadra;Não Há Controle;Misto;0;0;2;1;0;0;0;0;0;1;0;0;-38,516552;-3,828114
291224;20;8;2016;12:30;3770;AV DOMINGOS OLIMPIO;RUA MAL DEODORO;;;;Colisão Traseira;Luz do Dia;Bom;Seca;Cruz;Pare;Residencial;0;0;2;1;0;0;0;0;0;0;0;0;-38,53336;-3,735847
291228;20;8;2016;15:30;17583;RUA ESTADO DO RIO;RUA PIAUI;;;;Colisão Lateral;Luz do Dia;Bom;Seca;Cruz;Pare;Residencial;0;1;1;1;0;0;0;0;0;1;0;0;-38,568847;-3,755344
291226;20;8;2016;20:10;0;AV AUGUSTO DOS ANJOS;;;2380;;Colisão Lateral;Via Iluminada;Bom;Seca;Meio de Quadra;Outros;Residencial;0;1;1;1;0;0;0;0;0;1;0;0;;
291254;20;8;2016;09:50;19935;RUA FRANCISCO LORDA;RUA JORGE ACURCIO;;;;Colisão Lateral;Luz do Dia;Bom;Seca;Cruz;Pare;Residencial;0;1;1;1;0;0;0;0;0;1;0;0;-38,530533;-3,762325
291270;20;8;2016;09:45;0;AV ALBERTO NEPOMUCENO;;;339;;Colisão Lateral;Amanhecer;Bom;Seca;Meio de Quadra;Semáforo Intermitente;Comercial;0;0;2;1;1;0;0;0;0;0;0;0;-38,524775;-3,724035
291172;20;8;2016;11:00;0;RUA ANSELMO NOGUEIRA;;;211;;Colisão Transversal;Luz do Dia;Bom;Seca;Meio de Quadra;Não Há Controle;Residencial;0;1;1;1;0;0;0;0;0;1;0;0;;
291191;20;8;2016;13:00;5965;AV C CJ CEARA;AV F CJ CEARA;;;;Colisão Transversal;Luz do Dia;Bom;Seca;Cruz;Pare;Residencial;0;0;2;1;0;0;0;0;0;0;0;0;;
291301;20;8;2016;;19375;RUA CON DE CASTRO;RUA NAPOLEAO QUEZADO;;;;Colisão Lateral;Via Iluminada;Bom;Seca;Cruz;Pare;Comercial;0;1;1;1;0;0;0;0;0;1;0;0;-38,566777;-3,777706
291302;20;8;2016;10:50;9153;AV 13 DE MAIO;RUA PAULA RODRIGUES;;;;Colisão Traseira;Luz do Dia;Bom;Seca;T;Semáforo;Comercial;0;0;3;1;0;0;0;0;0;0;0;0;-38,525876;-3,752271
291032;20;8;2016;18:45;21362;RUA PRO ANACLETO;RUA DOM MANUEL DE MEDEIROS;;;;;Via Iluminada;Bom;Seca;Cruz;Pare;Residencial;0;0;2;0;0;0;0;0;0;1;0;0;-38,552538;-3,736774
301651;20;8;2016;13:46;1445;RUA DES LEITE ALBUQUERQUE;RUA VICENTE LEITE;;0;;Colisão Lateral;Luz do Dia;Bom;Seca;Cruz;Pare;Escola;0;0;2;1;0;0;0;0;0;0;0;0;-38,495734;-3,738178
301652;20;8;2016;15:51;1230;RUA COSTA BARROS;RUA BAR ARACATI;;0;;Colisão Transversal;Luz do Dia;Bom;Seca;Cruz;Pare;Comercial;0;0;2;1;0;0;0;0;0;0;0;0;-38,511153;-3,730488
301653;20;8;2016;16:10;0;AV DR SILAS MUNGUBA;;;1700;;Colisão Traseira;Anoitecer;Bom;Seca;Meio de Quadra;Semáforo;Escola;0;0;2;1;0;0;0;0;0;0;0;0;-38,552974;-3,784842
301654;20;8;2016;21:23;0;AV SANTOS DUMONT;RUA OLIVEIRA FILHO;;8001;;Choque c/ Obstáculo Fixo;Via Iluminada;Bom;Seca;T;Gesto;Comercial;0;1;1;1;0;0;0;0;0;0;0;0;;
301669;20;8;2016;09:45;0;RUA PDE VALDEVINO;;;2546;;Colisão Traseira;Luz do Dia;Bom;Seca;Meio de Quadra;Não Há Controle;Comercial;0;0;2;1;0;0;0;0;0;0;0;0;-38,50261;-3,743531
301688;20;8;2016;00:20;15316;RUA JOAQUIM NABUCO;RUA REPUBLICA DO LIBANO;;0;;Colisão Transversal;Via Iluminada;Bom;Seca;Cruz;Pare;Residencial;0;0;2;1;0;0;0;1;0;0;0;0;-38,4997;-3,730318
301689;20;8;2016;04:30;15896;RUA GURGEL DO AMARAL;RUA JOSE CAVALCANTE SOBR;;0;;Colisão Lateral;Via Iluminada;Bom;Seca;T;Pare;Residencial;0;1;1;1;0;0;0;0;0;1;0;0;;
301673;20;8;2016;12:58;19611;AV GODOFREDO MACIEL;RUA NEREU RAMOS;;0;;Colisão Traseira;Luz do Dia;Bom;Seca;T;Semáforo;Comercial;0;0;2;1;0;0;0;0;0;0;0;0;-38,566802;-3,78725
297909;20;8;2016;04:04;0;AV MIN JOSE AMERICO;;;813;;Colisão;;;;Meio de Quadra;;;0;1;0;0;0;0;0;0;0;0;0;0;-38,492253;-3,809774
297910;20;8;2016;04:16;0;RUA JOSE HIPOLITO;;;1093;;Colisão;;;;Meio de Quadra;;;0;1;0;0;0;0;0;0;0;0;0;0;-38,486381;-3,835587
297911;20;8;2016;05:22;0;RUA MAJ MONTENEGRO;;;;;Colisão;Amanhecer;;;Meio de Quadra;;;0;1;0;0;0;0;0;0;0;0;0;0;;
297912;20;8;2016;05:40;0;RUA PRO EDGAR DE ARRUDA;;;;;Colisão;Amanhecer;;;Meio de Quadra;;;0;1;0;0;0;0;0;0;0;0;0;0;;
297907;20;8;2016;02:23;0;RUA GERMANO FRANCK;;;;;Colisão;;;;Meio de Quadra;;;0;1;0;0;0;0;0;0;0;0;0;0;;
297918;20;8;2016;09:20;5998;RUA 448 CJ CEARA;AV F CJ CEARA;;;;Colisão;Luz do Dia;;;Cruz;Pare;Residencial;0;1;0;0;0;0;0;0;0;0;0;0;-38,607072;-3,763714
297914;20;8;2016;06:32;3788;RUA PDE FRANCISCO PINTO;RUA WALDERY UCHOA;;;;Colisão;Luz do Dia;;;Cruz;Pare;Residencial;0;1;0;0;0;0;0;0;0;0;0;0;-38,539138;-3,744299
297915;20;8;2016;07:35;100;AV MR HULL;RUA TOMAS RODRIGUES;;;;Colisão;Luz do Dia;;;Cruz;Semáforo;Comercial;0;1;1;1;0;0;0;0;0;1;0;0;-38,593915;-3,740004
297916;20;8;2016;08:45;0;AV PERIMETRAL;;;44;;Colisão;Luz do Dia;;;Meio de Quadra;;;0;1;1;1;0;0;0;0;0;1;0;0;;
297926;20;8;2016;10:19;0;AV CAP WALDEMAR PAULA LIMA;;;;;Queda;Luz do Dia;;;Meio de Quadra;;;0;1;0;0;0;0;0;0;0;1;0;0;;
297928;20;8;2016;12:01;15835;RUA CEL DIONISIO ALENCAR;RUA MANUEL CASTELO BRANCO;;;;Colisão Lateral;Luz do Dia;Bom;Seca;Cruz;Pare;Comercial;0;0;4;0;0;0;0;0;0;1;0;0;-38,488281;-3,832973
297929;20;8;2016;12:21;0;AV CASTELO DE CASTRO;AV CONTORNO SUL D71;;;;Colisão Transversal;Luz do Dia;Bom;Seca;Cruz;Pare;Comercial;0;0;3;1;0;0;0;0;0;1;0;0;;
297930;20;8;2016;12:32;0;RUA SGT JOAO PINHEIRO;;;1680;;Queda;Luz do Dia;;;Meio de Quadra;;;0;1;0;0;0;0;0;0;0;1;0;0;-38,624019;-3,78722
297951;20;8;2016;13:10;15224;AV BAR STUDART;RUA DEP MOREIRA DA ROCHA;;;;Colisão Transversal;Luz do Dia;Bom;Seca;Cruz;Semáforo;Comercial;0;2;2;1;0;0;0;0;0;1;0;0;-38,504238;-3,727254
297958;20;8;2016;14:43;0;RUA PRO COSTA MENDES;;;530;;Colisão;Luz do Dia;;;Meio de Quadra;;;0;1;1;1;0;0;0;0;0;1;0;0;;
297955;20;8;2016;14:11;0;AV JOAO PESSOA;;;;;Colisão;Luz do Dia;;;Meio de Quadra;;;0;1;0;0;0;0;0;0;0;0;0;0;;
297981;20;8;2016;16:01;0;RUA DR JOAO GUILHERME;;;298;;Queda;Luz do Dia;;;Meio de Quadra;;;0;1;0;0;0;1;0;0;0;0;0;0;;
297983;20;8;2016;16:47;15271;RUA ILDEFONSO ALBANO;RUA PEREIRA FILGUEIRAS;;;;Colisão;Luz do Dia;;;Cruz;Semáforo;Comercial;0;1;1;1;0;0;0;0;0;1;0;0;-38,511864;-3,728706
297985;20;8;2016;17:00;0;RUA MARIA DE JESUS;;;;;Atropelamento;Anoitecer;;;Meio de Quadra;;;0;1;1;1;0;0;0;0;0;0;0;0;;
297988;20;8;2016;18:12;12361;RUA MON HIPOLITO BRASIL;RUA BRI TORRES;;;;Colisão;Anoitecer;;;Cruz;Não Há Controle;Misto;0;1;1;1;0;0;0;0;0;1;0;0;-38,576913;-3,759934
297990;20;8;2016;18:32;0;AV PRS CASTELO BRANCO;;;;;Atropelamento;;;;Meio de Quadra;;;0;1;1;0;0;0;0;0;0;1;0;0;;
297991;20;8;2016;18:32;0;RD BR 116;;;16000;KM-16;Atropelamento;;;;Meio de Quadra;;;0;1;1;0;0;0;0;0;0;1;0;0;;
297997;20;8;2016;18:44;15120;RUA DR ATUALPA BARBOSA LIMA (P. IRACEMA);RUA ANTONIO AUGUSTO;;;;Colisão;;;;Cruz;Pare;Residencial;0;1;0;0;0;0;0;0;0;0;0;0;-38,511198;-3,723259
297998;20;8;2016;19:29;0;RUA RAIMUNDO NERY;;;37;;Atropelamento;;;;Meio de Quadra;;;0;1;1;1;0;0;0;0;0;0;0;0;-38,585058;-3,797319
297999;20;8;2016;19:29;0;RUA MOREIRA DA ROCHA;;;510;;Colisão;;;;Meio de Quadra;;;0;1;0;0;0;0;0;0;0;0;0;0;;
298000;20;8;2016;20:03;0;RUA PRO ALVARO COSTA;;;556;;Queda;;;;Meio de Quadra;;;0;1;0;0;0;1;0;0;0;0;0;0;;
298001;20;8;2016;20:21;0;AV MR HULL;;;;;Colisão;;;;Meio de Quadra;;;0;1;1;1;0;0;0;0;0;1;0;0;;
298008;20;8;2016;21:08;0;RUA CON DE CASTRO;;;3696;;Colisão;;;;Meio de Quadra;;;0;1;1;1;0;0;0;0;0;1;0;0;;
298009;20;8;2016;21:39;0;RUA NAPOLEAO QUEZADO;;;419;;Colisão;;;;Meio de Quadra;;;0;1;1;1;0;0;0;0;0;1;0;0;-38,567308;-3,777276
298011;20;8;2016;21:50;19533;AV GAL OSORIO DE PAIVA;RUA NEREU RAMOS;;;;Colisão;;;;Cruz;Semáforo;Comercial;0;1;1;1;0;0;0;0;0;1;0;0;-38,576828;-3,782196
298019;20;8;2016;23:12;0;RUA FERREIRA DOS SANTOS;;;199;;Queda;;;;Meio de Quadra;;;0;1;0;0;0;0;0;0;0;1;0;0;;
298020;20;8;2016;23:38;0;AV PERIMETRAL;;;;;Colisão;;;;Meio de Quadra;;;0;1;1;1;0;0;0;0;0;1;0;0;;
298006;20;8;2016;21:08;0;RD QUARTO ANEL VIARIO;;;2700;;Queda;;;;Meio de Quadra;;;0;1;0;0;0;0;0;0;0;1;0;0;;
298035;20;8;2016;23:42;10405;RUA JOSE MENDONCA;AV GENIBAU;;;;Colisão;;;;T;Pare;Residencial;0;1;1;1;0;0;0;0;0;1;0;0;-38,602771;-3,760237
298036;20;8;2016;01:33;0;RUA ANTONIO BENTO;;;34;;Colisão;;;;Meio de Quadra;;;0;1;0;0;0;0;0;0;0;0;0;0;-38,546904;-3,779887
298040;20;8;2016;21:56;0;RUA DUARTE DA COSTA;;;597;;Colisão;;;;Meio de Quadra;;;0;2;1;1;0;0;0;0;0;1;0;0;;
298043;20;8;2016;17:26;0;RUA MIGUEL ARAGAO;;;1400;;Colisão;Anoitecer;;;Meio de Quadra;;;0;2;0;0;0;0;0;0;0;0;0;0;;
298049;21;8;2016;01:08;24954;AV ALM HENRIQUE SABOIA;RUA DR JOSE LINO;;;;Colisão;;;;Outros;Não Há Controle;Residencial;0;2;0;0;0;0;0;0;0;0;0;0;-38,481934;-3,730972
298059;21;8;2016;01:43;17363;RUA ALBERTO MAGNO;RUA CEL ALEXANDRINO;;;;Colisão;;;;Cruz;Pare;Comercial;0;1;0;0;0;0;0;0;0;0;0;0;-38,551141;-3,766199
298061;21;8;2016;02:03;10008;RUA ANTONIO NERY;RUA SOUSA CARVALHO;;;;Queda;;;;Cruz;Pare;Residencial;0;1;0;0;0;0;0;0;0;1;0;0;-38,600768;-3,780211
298062;21;8;2016;00:12;0;AV PRS CASTELO BRANCO;;;2700;;Colisão;;;;Meio de Quadra;;;0;1;1;1;0;0;0;0;0;1;0;0;-38,55195;-3,712717
298063;21;8;2016;01:32;0;AV DIOGUINHO;;;7;;Colisão;;;;Meio de Quadra;;;0;1;1;1;0;0;0;0;0;1;0;0;;
298064;21;8;2016;01:57;0;RUA DAURA;;;512;;Queda;;;;Meio de Quadra;;;0;1;0;0;0;1;0;0;0;0;0;0;-38,507958;-3,822751
298065;21;8;2016;05:34;0;AV DIOGUINHO;;;;;Queda;Amanhecer;;;Meio de Quadra;;;0;1;0;0;0;0;0;0;0;1;0;0;;
298066;21;8;2016;05:50;0;AV ENG HUMBERTO MONTE;;;179;;Colisão;Amanhecer;;;Meio de Quadra;;;0;1;0;0;0;0;0;0;0;0;0;0;;
298071;21;8;2016;06:20;0;AV MR HULL;;;;;Queda;Luz do Dia;;;Meio de Quadra;;;0;1;0;0;0;0;0;0;0;1;0;0;;
298072;21;8;2016;07:01;0;AV DR SILAS MUNGUBA;;;390;;Queda;Luz do Dia;;;Meio de Quadra;;;0;1;0;0;0;0;0;0;0;1;0;0;-38,561709;-3,777729
298085;21;8;2016;07:17;13402;AV ANTONIO SALES;RUA ILDEFONSO ALBANO;;;;Colisão;Luz do Dia;;;Cruz;Não Há Controle;Comercial;0;1;1;1;0;0;0;0;0;1;0;0;-38,515947;-3,741238
298086;21;8;2016;08:55;0;AV MIN JOSE AMERICO;;;730;;Colisão;Luz do Dia;;;Meio de Quadra;;;0;1;0;0;0;0;0;0;0;0;0;0;-38,493277;-3,81018
298093;21;8;2016;11:07;0;AV OLIVEIRA PAIVA;;;1405;;Colisão;Luz do Dia;;;Meio de Quadra;;;0;3;0;1;0;0;0;0;0;0;0;0;-38,493959;-3,795521
298095;21;8;2016;11:44;0;AV ALBERTO CRAVEIRO;;;;;Colisão;Luz do Dia;;;Meio de Quadra;;;0;1;1;1;0;0;0;0;0;1;0;0;;
298100;21;8;2016;12:40;0;AV PRS CASTELO BRANCO;;;3585;;Colisão Traseira;Luz do Dia;Bom;Seca;Meio de Quadra;Não Há Controle;Residencial;0;1;3;1;0;0;0;0;0;1;0;0;-38,564033;-3,709891
298101;21;8;2016;12:45;24574;RUA ANTONIO ARRUDA;RUA CEL ABELARDO RODRIGUES;;;;Queda;Luz do Dia;;;Cruz;Pare;Residencial;0;1;0;0;0;1;0;0;0;0;0;0;-38,591522;-3,711615
298097;21;8;2016;11:59;10863;RUA PORTO VELHO;RUA PRO HERIBALDO COSTA;;;;Colisão;Luz do Dia;;;Cruz;Semáforo;Residencial;0;1;1;1;0;0;0;0;0;1;0;0;-38,587014;-3,765974
298098;21;8;2016;12:04;8009;RUA CARLOS CAMARA;RUA DELMIRO FARIAS;;;;Colisão;Luz do Dia;;;Cruz;Pare;Comercial;0;1;1;1;0;0;0;0;0;1;0;0;-38,54668;-3,751026
298108;21;8;2016;15:06;0;RUA JAMAICA;;;;;Colisão;Luz do Dia;;;Meio de Quadra;;;0;1;1;1;0;0;0;0;0;1;0;0;;
298110;21;8;2016;17:10;0;RUA EUZEBIO DE QUEIROS;;;424;;Colisão;Anoitecer;;;Meio de Quadra;;;0;1;1;1;0;0;0;0;0;1;0;0;;
298112;21;8;2016;17:30;0;RUA SABIAGUABA;;;;;Colisão;Anoitecer;;;Meio de Quadra;;;0;1;0;0;0;0;0;0;0;0;0;0;;
298116;21;8;2016;17:42;0;RUA CRUZEIRO DO SUL;;;447;;Atropelamento;Anoitecer;;;Meio de Quadra;;;0;1;0;0;0;0;0;0;0;0;0;0;-38,561601;-3,713875
298117;21;8;2016;17:50;0;AV PRS COSTA E SILVA;;;;;Colisão;Anoitecer;;;Meio de Quadra;;;0;1;1;1;0;0;0;0;0;1;0;0;;
298118;21;8;2016;18:11;0;RD BR 116;;;9000;KM-09;Queda;Anoitecer;;;Meio de Quadra;;;0;1;0;0;0;1;0;0;0;0;0;0;-38,504865;-3,830837
298114;21;8;2016;17:37;0;RUA MIGUEL ARAGAO;;;1405;;Colisão;Anoitecer;;;Meio de Quadra;;;0;1;0;0;0;0;0;0;0;0;0;0;;
298150;21;8;2016;18:23;1561;AV PDE ANTONIO TOMAS;AV SEN VIRGILIO TAVORA;;;;Colisão;Anoitecer;;;Outros;Semáforo Intermitente;Comercial;0;1;1;1;0;0;0;0;0;1;0;0;-38,494749;-3,74176
298151;21;8;2016;18:24;0;RD BR 116;;;12000;KM-12;Queda;Anoitecer;;;Meio de Quadra;;;0;1;0;0;0;1;0;0;0;0;0;0;-38,496066;-3,85574
298152;21;8;2016;18:49;0;RUA BARRA NOVA;;;989;;Colisão;;;;Meio de Quadra;;;0;1;1;0;0;0;0;0;0;1;0;0;-38,505596;-3,784476
298169;21;8;2016;20:20;2971;RUA PEDRO MARTINS;RUA MON SABINO FEIJAO;;;;Queda;;;;Cruz;Não Há Controle;Residencial;0;1;0;0;0;0;0;0;0;1;0;0;-38,599374;-3,800394
298171;21;8;2016;20:23;0;RUA BOM JESUS (BARRA DO CEARA);;;2640;;Colisão;;;;Meio de Quadra;;;0;1;0;0;0;0;0;0;0;0;0;0;;
298165;21;8;2016;19:57;0;AV PRO JOSE ARTHUR CARVALHO;;;2706;;Colisão;;;;Meio de Quadra;;;0;2;1;0;0;0;0;0;0;1;0;0;-38,455408;-3,823739
298166;21;8;2016;20:19;0;AV CEL CARVALHO;;;;;Colisão;;;;Meio de Quadra;;;0;1;0;0;0;0;0;0;0;0;0;0;;
298179;21;8;2016;20:29;10740;RUA PORTO ALEGRE;RUA AUDISIO PINHEIRO;;;;Colisão;;;;Cruz;Pare;Residencial;0;1;1;0;0;0;0;0;0;1;0;0;-38,589942;-3,760602
298180;21;8;2016;20:56;0;RUA NOSSA SRA DAS GRACAS;;;;;Atropelamento;;;;Meio de Quadra;;;0;1;1;0;0;0;0;0;0;0;0;0;;
298181;21;8;2016;21:02;2326;AV PRS CASTELO BRANCO;RUA SEN ROBERT KENNEDY;;;;Colisão;;;;Cruz;Semáforo;Residencial;0;1;1;1;0;0;0;0;0;1;0;0;-38,579042;-3,704117
298182;21;8;2016;21:12;0;AV PRS JUSCELINO KUBITSCHEK (PASSARÉ);;;;;Colisão;;;;;;;0;1;1;1;0;0;0;0;0;0;0;0;-38,530912;-3,815311
298187;21;8;2016;21:59;0;AV C CJ CEARA;;;313;;;;;;Meio de Quadra;;;0;1;1;1;0;0;0;0;0;1;0;0;;
298188;21;8;2016;23:11;25487;RUA VIRGILIO NOGUEIRA PAES;RUA BOM JESUS (GRANJA LISBOA);;;;Colisão;;;;Cruz;Pare;Comercial;0;1;0;0;0;0;0;0;0;0;0;0;-38,609686;-3,791684
298189;21;8;2016;06:51;0;AV DR SILAS MUNGUBA;;;3919;;Colisão;Luz do Dia;;;Meio de Quadra;;;0;1;0;0;0;0;0;0;0;0;0;0;-38,538761;-3,790914
298199;21;8;2016;08:03;0;AV BEZERRA DE MENEZES;;;1156;;Colisão;Luz do Dia;;;Meio de Quadra;;;0;2;1;1;0;0;0;0;0;1;0;0;-38,555167;-3,733746
298191;21;8;2016;18:18;0;AV CASTELO DE CASTRO;;;;;Queda;Anoitecer;;;Meio de Quadra;;;0;1;0;0;0;1;0;0;0;0;0;0;;
298192;21;8;2016;20:56;0;TR NOSSA SRA DAS GRACAS;;;1157;;Colisão;;;;Meio de Quadra;;;0;1;0;0;0;0;0;0;0;0;0;0;;
298194;21;8;2016;06:02;0;RUA DEMETRIO MENEZES;;;;;Queda;Luz do Dia;;;Meio de Quadra;;;0;1;0;0;0;0;0;0;0;1;0;0;;
298195;21;8;2016;07:19;0;AV PERIMETRAL;;;462;;Colisão;Luz do Dia;;;Meio de Quadra;;;0;1;1;1;0;0;0;0;0;1;0;0;;
301655;21;8;2016;01:05;26251;AV AMERICO BARREIRA;RUA CEARA;;0;;Colisão Lateral;Via Iluminada;Bom;Seca;Cruz;Semáforo;Residencial;0;0;2;1;0;0;0;0;0;1;0;0;;
301656;21;8;2016;07:15;0;AV BEIRA MAR;;;2982;;Choque c/ Obstáculo Fixo;Amanhecer;Bom;Molhada;Outros;Não Há Controle;Lazer;0;0;1;1;0;0;0;0;0;0;0;0;-38,495018;-3,726083
301657;21;8;2016;11:45;0;AV DR SILAS MUNGUBA;;;5699;;Colisão Transversal;Luz do Dia;Bom;Seca;Meio de Quadra;Não Há Controle;Comercial;0;0;2;0;1;0;0;0;0;0;0;0;;
301658;21;8;2016;12:52;23045;AV DR SILAS MUNGUBA;RUA MALMEQUER;;0;;Colisão Transversal;Luz do Dia;Bom;Seca;Cruz;Semáforo;Comercial;0;0;3;1;0;0;0;0;0;0;0;0;-38,538571;-3,79098
301659;21;8;2016;13:14;6752;AV SANTOS DUMONT;RUA PRO OTAVIO LOBO;;0;;Colisão Transversal;Luz do Dia;Bom;Seca;Cruz;Semáforo;Comercial;0;0;2;1;0;0;0;0;0;0;0;0;-38,477829;-3,742845
301660;21;8;2016;12:49;5742;AV OLIVEIRA PAIVA;RUA MANUEL MONTEIRO;;1405;;Colisão Transversal;Luz do Dia;Bom;Seca;Cruz;Semáforo;Residencial;0;0;2;1;0;0;0;0;0;0;0;0;-38,49414;-3,795496
301661;21;8;2016;16:21;1394;RUA TORRES CAMARA;RUA TIBURCIO CAVALCANTE;;0;;Colisão Transversal;Luz do Dia;Bom;Seca;Cruz;Semáforo;Comercial;0;0;2;1;0;0;0;0;0;0;0;0;-38,502906;-3,736933
301662;21;8;2016;19:53;0;RUA CEL MATOS DOURADO;;;721;;Engavetamento;Via Iluminada;Bom;Seca;Meio de Quadra;Não Há Controle;Residencial;0;0;3;1;0;0;0;0;0;0;0;0;-38,584862;-3,745257
301663;21;8;2016;20:29;22296;RUA PDE ANCHIETA;RUA SOARES BULCAO;;0;;Capotamento;Luz do Dia;Bom;Seca;Cruz;Pare;Residencial;0;0;2;1;0;0;0;0;0;0;0;0;-38,552133;-3,731832
291041;21;8;2016;07:10;19469;AV GAL OSORIO DE PAIVA;AV AUGUSTO DOS ANJOS;;;;Colisão Frontal;Luz do Dia;Nublado;Seca;Y;Semáforo;Comercial;0;1;1;1;0;0;0;0;0;1;0;0;-38,584939;-3,787349
291039;21;8;2016;08:00;1784;RUA PEDRO DE SOUZA;RUA MARIA QUINTINO;;;;Colisão Transversal;Luz do Dia;Bom;Seca;Cruz;Pare;Comercial;0;1;1;0;0;0;0;0;0;1;0;0;-38,500227;-3,852277
291062;21;8;2016;19:00;19766;RUA TIP SALES;RUA AZEVEDO BOLAO;;;;Colisão Transversal;Via Iluminada;Bom;Seca;Cruz;Pare;Residencial;0;0;2;1;0;0;0;0;0;0;0;0;-38,564696;-3,738108
291065;21;8;2016;17:00;0;AV SANTOS DUMONT;;;6911;;Colisão Lateral;Via Iluminada;Bom;Seca;Meio de Quadra;Não Há Controle;Residencial;0;1;1;1;0;0;0;0;1;0;0;0;-38,471424;-3,744921
291069;21;8;2016;10:20;25210;RUA FRE MANSUETO;AV BEIRA MAR;;;;Colisão Traseira;Luz do Dia;Bom;Seca;T;Pare;Residencial;0;0;2;1;0;0;0;0;0;0;0;0;-38,489755;-3,724071
291078;21;8;2016;10:45;0;AV VICENTE DE CASTRO;;;4521;;Colisão Lateral;Luz do Dia;Bom;Seca;Meio de Quadra;Semáforo;Residencial;0;0;2;1;1;0;0;0;0;0;0;0;;
291081;21;8;2016;01:10;0;AV PRS COSTA E SILVA;;;4007;;Colisão Traseira;Via Iluminada;Nublado;Seca;Meio de Quadra;Não Há Controle;Comercial;0;1;1;1;0;0;0;0;0;1;0;0;;
291084;21;8;2016;21:30;0;AV JOAO PESSOA;;;;;Colisão Lateral;Via Iluminada;Bom;Seca;Meio de Quadra;Não Há Controle;Comercial;0;0;2;1;1;0;0;0;0;0;0;0;;
291087;21;8;2016;10:38;3769;AV DOMINGOS OLIMPIO;RUA SEN POMPEU;;;;Colisão Transversal;Via Iluminada;Bom;Seca;Cruz;Semáforo;Comercial;0;0;2;1;0;0;0;0;0;0;0;0;-38,532455;-3,736254
291055;21;8;2016;18:30;4119;RUA LUCAS PINTO;RUA CRUZEIRO DO SUL;;;;Colisão Transversal;Via Iluminada;Bom;Seca;Cruz;Pare;Residencial;0;1;1;1;0;0;0;0;0;1;0;0;-38,5586;-3,714293
291051;21;8;2016;14:40;0;RUA PRO VIRGILIO DE MORAIS;;;488;;Choque c/ Obstáculo Fixo;Luz do Dia;Bom;Seca;Meio de Quadra;Não Há Controle;Residencial;0;1;0;1;0;0;0;0;0;0;0;0;-38,596942;-3,75278
291089;21;8;2016;07:20;0;AV JOR THOMAZ COELHO;;;;;Colisão Lateral;Luz do Dia;Nublado;Seca;Meio de Quadra;Não Há Controle;Comercial;0;0;2;1;1;0;0;0;0;0;0;0;;
291092;21;8;2016;12:20;0;AV GODOFREDO MACIEL;;;84;;Colisão Lateral;Luz do Dia;Nublado;Seca;Meio de Quadra;Não Há Controle;Comercial;0;0;2;1;0;0;0;0;0;0;0;0;-38,563867;-3,776733
291093;21;8;2016;11:30;1257;RUA COSTA BARROS;RUA SILVA PAULET;;;;Colisão Transversal;Luz do Dia;Bom;Seca;Cruz;Pare;Residencial;1;2;0;1;1;0;0;0;0;0;0;0;-38,504799;-3,732565
296957;21;8;2016;01:40;0;RD BR 116;;;3000;KM-03;Choque c/ Obstáculo Fixo;;;;Meio de Quadra;;;0;0;1;1;0;0;0;0;0;0;0;0;-38,514372;-3,779838
293206;21;8;2016;09:00;0;RD CE-040;;;;KM-10;Colisão;Luz do Dia;Bom;Seca;Meio de Quadra;;;0;0;2;1;0;0;0;0;0;0;0;0;-38,482466;-3,834451
293207;21;8;2016;12:00;0;AV SEN CARLOS JEREISSATI (AEROPORTO);;;;KM 01;Colisão;Luz do Dia;Bom;Seca;Não Informado;;;0;0;2;1;0;0;0;0;0;1;0;0;-38,52685;-3,783753
293208;21;8;2016;03:10;0;RD CE-040;;;;KM-07;Outros;;Bom;Seca;Meio de Quadra;;;0;0;1;1;0;0;0;0;0;0;0;0;-38,478733;-3,809597
293614;21;8;2016;08:15;0;RUA JOSE FACANHA;;;725;;Queda;Luz do Dia;Nublado;Molhada;Não Informado;Não Há Controle;Residencial;0;2;1;0;0;0;0;0;0;1;0;0;-38,557723;-3,751718
293615;21;8;2016;23:50;24990;AV PRS COSTA E SILVA;AV PRS JUSCELINO KUBITSCHEK (PASSARÉ);;;;Colisão;;;;T;Semáforo;Outros;0;1;1;1;0;0;0;0;0;0;0;0;-38,539516;-3,825648
293616;21;8;2016;14:05;5742;AV OLIVEIRA PAIVA;RUA MANUEL MONTEIRO;;;;Colisão;Luz do Dia;;;Cruz;Semáforo;Comercial;0;1;2;1;0;0;0;0;0;0;0;0;-38,49414;-3,795496