COD_ACIDENTE;DIA;MES;ANO;HORA;INTERSECAO;LOG1;LOG2;LOG3;NUMERO;REFERENCIA;NATUREZA;ILUMINACAO;TEMPO;SUPERFICIEPISTA;TIPOCRUZAMENTO;CONTROLETRAFEGO;USOSOLO;MORTOS;FERIDOS;ILESOS;AUTOMOVEL;ONIBUS;BICICLETA;CAMINHAO;MICROONIBUS;CICLOMOTOR;MOTOCICLETA;TRACAOANIMAL;TREM;LONG;LAT
293617;21;8;2016;10:10;13404;RUA CARLOS VASCONCELOS;RUA JOAO BRIGIDO;;;;Colisão Transversal;Amanhecer;Nublado;Seca;Cruz;Semáforo;Residencial;0;2;2;1;0;0;0;0;0;1;0;0;-38,513526;-3,741327
293618;22;8;2016;16:00;0;AV AUGUSTO DOS ANJOS;;;1884;;Colisão;Luz do Dia;;;Meio de Quadra;;;0;0;2;1;0;0;0;0;0;1;0;0;-38,580891;-3,782157
293623;22;8;2016;20:00;10011;RUA CARLOS CHAGAS;RUA DUAS NACOES;;;;Colisão Transversal;Mal Iluminada;Bom;Seca;Cruz;Pare;Residencial;0;1;3;0;0;0;0;0;0;1;0;0;-38,601634;-3,775462
293209;22;8;2016;08:00;0;RD CE-040;;;;KM-07;Colisão;Luz do Dia;Bom;Seca;Meio de Quadra;;;0;0;2;1;0;0;0;0;0;0;0;0;-38,478733;-3,809597
293215;22;8;2016;08:30;0;AV MIN JOSE AMERICO;;;;;Colisão;Luz do Dia;Bom;Seca;Meio de Quadra;;;0;0;2;1;0;0;0;0;0;0;0;0;;
293216;22;8;2016;14:30;0;RD CE-060;;;;KM-02;Colisão;Luz do Dia;Bom;Seca;Meio de Quadra;;;0;0;2;1;0;0;0;0;0;0;0;0;-38,582918;-3,836668
293220;22;8;2016;12:40;0;RD CE-040;;;;KM-07;Colisão;Luz do Dia;Bom;Seca;Meio de Quadra;;;0;0;2;0;0;1;0;0;0;1;0;0;-38,478733;-3,809597
293218;22;8;2016;18:15;0;RD CE-040;;;;KM-04;Colisão;Anoitecer;Bom;Seca;Meio de Quadra;;;0;0;2;1;0;0;0;0;0;0;0;0;-38,481084;-3,782614
291832;22;8;2016;17:00;18552;RUA CEREJEIRAS;RUA OSORIO CORREIA;;;;Colisão Lateral;Luz do Dia;Bom;Seca;Cruz;Pare;Residencial;1;0;1;0;1;0;0;0;0;1;0;0;-38,599378;-3,821969
297099;22;8;2016;06:50;0;RD CE-040;;;;KM-12;Colisão;Luz do Dia;Bom;Seca;Meio de Quadra;;;0;0;2;1;0;0;1;0;0;0;0;0;-38,47607;-3,849626
291090;22;8;2016;10:00;0;AV RUI BARBOSA;;;1296;;Colisão Lateral;Luz do Dia;Bom;Seca;Meio de Quadra;Pare;Comercial;0;0;2;1;0;0;0;0;0;0;0;0;;
291091;22;8;2016;06:10;0;RUA PDE ANCHIETA;;;1417;;Colisão Traseira;Luz do Dia;Bom;Seca;Meio de Quadra;Outros;Comercial;0;0;2;1;0;0;0;0;0;0;0;0;-38,552268;-3,732914
291057;22;8;2016;15:30;5452;AV HERACLITO GRACA;RUA J DA PENHA;;;;Colisão Traseira;Luz do Dia;Bom;Seca;Cruz;Não Há Controle;Comercial;0;1;1;1;0;0;0;0;0;1;0;0;;
291058;22;8;2016;16:40;14611;AV JOSE LEON;RUA PDE JANUARIO CAMPOS;;;;Colisão Lateral;Anoitecer;Bom;Seca;T;Não Há Controle;Residencial;0;1;1;1;0;0;0;0;0;1;0;0;-38,48909;-3,790897
291060;22;8;2016;20:00;22990;AV DR SILAS MUNGUBA;RUA AMERICO VESPUCIO;;;;Colisão Transversal;Via Iluminada;Bom;Seca;T;Pare;Comercial;0;0;2;1;0;0;0;0;0;0;0;0;;
291061;22;8;2016;10:00;5030;AV ALM BARROSO;RUA ALM JACEGUAI;;;;Colisão Traseira;;Bom;Seca;;Semáforo;Comercial;0;0;3;1;0;0;1;0;0;0;0;0;-38,519363;-3,720749
291088;22;8;2016;11:00;1711;RUA CAP OLAVO;RUA TEN ROMA;;;;Colisão Transversal;Luz do Dia;Bom;Seca;Cruz;Pare;Residencial;0;0;2;1;0;0;0;0;0;1;0;0;-38,515485;-3,767971
291083;22;8;2016;17:00;22288;RUA JOSE CANDIDO D08;RUA LERIA DE ANDRADE;;;;Colisão Lateral;Via Iluminada;Bom;Seca;Cruz;Pare;Residencial;0;1;1;0;0;0;0;0;0;1;0;0;;
291080;22;8;2016;21:39;5433;RUA METON DE ALENCAR;RUA MAJ FACUNDO;;;;Colisão Lateral;Via Iluminada;Bom;Seca;Cruz;Pare;Comercial;0;1;1;1;0;0;0;0;0;0;0;0;-38,529899;-3,733917
291076;22;8;2016;15:00;0;RUA VICENTE LEITE;;;1161;;Colisão Lateral;Luz do Dia;Bom;Seca;Meio de Quadra;Semáforo Intermitente;Comercial;0;0;2;1;0;0;0;0;0;0;0;0;-38,495357;-3,73698
291071;22;8;2016;15:40;5436;RUA GAL CLARINDO DE QUEIROZ;RUA JAIME BENEVOLO;;;;Colisão Frontal;Luz do Dia;Bom;Seca;Cruz;Pare;Comercial;0;0;2;1;0;0;0;0;0;1;0;0;-38,526017;-3,73406
291067;22;8;2016;00:10;3767;AV DOMINGOS OLIMPIO;AV IMPERADOR;;;;Colisão Transversal;Via Iluminada;Bom;Seca;Cruz;Semáforo;Comercial;0;1;2;1;0;0;0;0;0;0;0;0;-38,536697;-3,73479
301664;22;8;2016;07:58;24372;AV LUCIANO CARNEIRO;RUA ALM RUFINO;;0;;Colisão Transversal;Luz do Dia;Bom;Seca;Cruz;Semáforo;Comercial;0;0;2;1;0;0;0;0;0;0;0;0;-38,537195;-3,76658
301665;22;8;2016;08:31;0;AV JOR THOMAZ COELHO;;;21;;Colisão Lateral;Luz do Dia;Bom;Não informada;Meio de Quadra;Não Há Controle;Comercial;0;0;2;1;0;0;0;0;0;0;0;0;;
301666;22;8;2016;09:32;12644;RUA ALBERTO FERREIRA;RUA ABELARDO FERREIRA;;0;;Colisão Transversal;Luz do Dia;Bom;Seca;Cruz;Pare;Comercial;0;0;1;1;0;0;0;0;0;0;0;0;-38,582979;-3,719517
301667;22;8;2016;09:00;0;LOGRADOURO SEM NOME;;;320;;Colisão Transversal;Luz do Dia;Bom;Material Derrapante;Meio de Quadra;Não Há Controle;Comercial;0;0;2;1;0;0;0;0;0;0;0;0;;
301668;22;8;2016;09:49;0;AV BEZERRA DE MENEZES;;;1156;;Colisão Traseira;Luz do Dia;Bom;Seca;Meio de Quadra;Gesto;Comercial;0;0;3;1;0;0;0;0;0;1;0;0;-38,555167;-3,733746
301674;22;8;2016;18:43;0;RUA PDE PEDRO DE ALENCAR;;;340;;Colisão Lateral;Via Iluminada;Bom;Seca;Cruz;Pare;Comercial;0;0;2;1;1;0;0;0;0;0;0;0;-38,493899;-3,830795
301676;22;8;2016;19:33;0;AV ANTONIO SALES;;;0;;Colisão Lateral;Via Iluminada;Bom;Seca;Meio de Quadra;Não Há Controle;Residencial;0;0;2;1;0;0;0;0;0;0;0;0;;
301677;22;8;2016;17:00;10696;RUA ANTONIO IVO;RUA SILVA BAIMA;;0;;Colisão Transversal;Luz do Dia;Bom;Seca;Cruz;Não Há Controle;Residencial;0;0;2;1;0;0;0;0;0;0;0;0;-38,579692;-3,757168
301678;22;8;2016;18:10;0;RUA BERNARDO MANUEL;;;9355;;Colisão Traseira;Via Iluminada;Bom;Seca;Meio de Quadra;Semáforo;Residencial;0;0;2;1;0;0;0;0;0;0;0;0;-38,552368;-3,80191
301679;22;8;2016;20:00;7618;RUA SERGIPE;RUA STA CATARINA (BELA VISTA / PAN AMERICANO);;0;;Colisão Frontal;Via Iluminada;Bom;Seca;T;Pare;Industrial;0;1;0;1;0;0;0;0;0;1;0;0;-38,570035;-3,761089
301670;22;8;2016;11:55;10703;RUA PRO HERIBALDO COSTA;RUA PRO PAULO LOPES;;0;;Colisão Transversal;Luz do Dia;Bom;Seca;T;Não Há Controle;Residencial;0;0;2;1;0;0;0;0;0;0;0;0;-38,5828;-3,75802
301671;22;8;2016;13:40;0;RUA GERMANO FRANCK;;;375;;Colisão Traseira;Luz do Dia;Bom;Seca;Meio de Quadra;Não Há Controle;Comercial;0;0;2;1;0;0;0;0;0;0;0;0;-38,559647;-3,775249
301672;22;8;2016;15:08;5117;RUA RUFINO DE ALENCAR;RUA BORIS;;0;;Colisão Traseira;Luz do Dia;Bom;Seca;T;Pare;Residencial;0;0;2;1;0;0;0;0;0;0;0;0;-38,521067;-3,723953
301687;22;8;2016;07:53;3968;RUA DES PRAXEDES;RUA BAR CANINDE;;0;;Colisão Traseira;Luz do Dia;Bom;Seca;T;Pare;Residencial;0;0;1;1;0;0;0;0;0;0;0;0;-38,549763;-3,759233
298207;22;8;2016;12:13;0;RUA ANTONIO FIUZA;;;;;Colisão;Luz do Dia;;;Meio de Quadra;;;0;1;1;1;0;0;0;0;0;1;0;0;;
298208;22;8;2016;12:24;0;AV TRISTAO GONCALVES;;;;;Colisão;Luz do Dia;;;Meio de Quadra;;;0;1;1;1;0;0;0;0;0;1;0;0;;
298209;22;8;2016;12:29;0;AV GODOFREDO MACIEL;;;917;;Colisão;Luz do Dia;;;Meio de Quadra;;;0;1;1;0;0;0;0;0;0;1;0;0;-38,566159;-3,784339
298200;22;8;2016;08:39;0;RUA JAIME BENEVOLO;;;;;Queda;Luz do Dia;;;Meio de Quadra;;;0;1;0;0;0;0;0;0;0;1;0;0;;
298201;22;8;2016;09:14;0;AV DR SILAS MUNGUBA;;;;;Queda;Luz do Dia;;;Meio de Quadra;;;0;1;0;0;0;1;0;0;0;0;0;0;;
298202;22;8;2016;10:40;0;RUA DR PEDRO BORGES;;;33;;Colisão;Luz do Dia;;;Meio de Quadra;;;0;1;0;0;0;0;0;0;0;0;0;0;-38,525926;-3,728162
298203;22;8;2016;10:55;0;RUA SAO PAULO;;;1888;;Colisão;Luz do Dia;;;Meio de Quadra;;;0;1;1;1;0;0;0;0;0;1;0;0;-38,541864;-3,721319
298204;22;8;2016;11:15;0;AV SEN FERNANDES TAVORA;;;137;;Colisão;Luz do Dia;;;Meio de Quadra;;;0;1;1;1;0;0;0;0;0;1;0;0;-38,574844;-3,766132
298205;22;8;2016;11:52;0;AV TRISTAO GONCALVES;;;1074;;Colisão;Luz do Dia;;;Meio de Quadra;;;0;1;1;1;0;0;0;0;0;1;0;0;-38,534419;-3,731137
298211;22;8;2016;13:26;0;RUA PASSEIO DOS CAJUEIROS;;;1339;;Queda;Luz do Dia;;;Meio de Quadra;;;0;1;0;0;0;0;0;0;0;1;0;0;;
298212;22;8;2016;14:03;1504;RUA PAULA NEI;RUA LEONARDO MOTA;;;;Colisão;Luz do Dia;;;Cruz;Pare;Residencial;0;2;1;1;0;0;0;0;0;1;0;0;-38,497332;-3,739817
298213;22;8;2016;14:48;0;AV JOAO PESSOA;;;5140;;Colisão;Luz do Dia;;;Meio de Quadra;;;0;1;1;1;0;0;0;0;0;1;0;0;-38,553142;-3,756539
298214;22;8;2016;15:46;0;AV A CJ CEARA;;;1038;;Colisão;Luz do Dia;;;Meio de Quadra;;;0;1;1;1;0;0;0;0;0;1;0;0;-38,604679;-3,77059
298215;22;8;2016;17:15;0;RUA PLANALTO DO PICI;;;1645;;Atropelamento;Anoitecer;;;Meio de Quadra;;;0;1;1;1;0;0;0;0;0;0;0;0;;
298216;22;8;2016;17:31;0;AV 13 DE MAIO;;;2180;;Colisão Lateral;Via Iluminada;Bom;Seca;Meio de Quadra;Semáforo;Escola;0;1;3;1;1;0;0;0;0;0;0;0;-38,53628;-3,743385
298217;22;8;2016;17:31;0;AV PRS CASTELO BRANCO;;;;;Queda;Anoitecer;;;Meio de Quadra;;;0;1;0;0;0;0;0;0;0;1;0;0;;
298223;22;8;2016;18:28;0;AV HERACLITO GRACA;;;400;;Colisão;Anoitecer;;;Meio de Quadra;;;0;1;1;1;0;0;0;0;0;1;0;0;-38,520929;-3,734658
298224;22;8;2016;19:15;22845;RUA GOV JOAO CARLOS;RUA CON LIMA SUCUPIRA;;312;;Colisão Transversal;Anoitecer;Bom;Seca;Cruz;Não Há Controle;Residencial;0;0;5;1;1;0;0;0;0;0;0;0;-38,551518;-3,777951
298226;22;8;2016;19:41;0;AV DEP PAULINO ROCHA;;;39;;Choque c/ Obstáculo Fixo;;;;Meio de Quadra;;;0;1;0;1;0;0;0;0;0;0;0;0;-38,507357;-3,801221
298227;22;8;2016;19:46;25643;RUA CON DE CASTRO;RUA TULIPA NEGRA;;;;Colisão Transversal;Anoitecer;Bom;Seca;Não Informado;Não Há Controle;Residencial;0;0;4;1;0;0;0;0;0;0;0;0;-38,600788;-3,81731
298241;22;8;2016;21:03;15327;RUA ANA BILHAR;AV SEN VIRGILIO TAVORA;;211;;Colisão Lateral;Via Iluminada;Bom;Seca;Cruz;Semáforo;Comercial;0;1;3;1;0;1;0;0;0;0;0;0;-38,491262;-3,730893
298243;22;8;2016;21:15;0;AV OLIVEIRA PAIVA;;;1691;;Atropelamento;Mal Iluminada;Bom;Seca;Meio de Quadra;Não Há Controle;Comercial;0;1;3;0;0;0;0;0;0;1;0;0;;
298244;22;8;2016;22:28;0;RUA ARTUR DE CARVALHO;;;;;Colisão;;;;Meio de Quadra;;;0;1;0;0;0;0;0;0;0;0;0;0;;
298245;22;8;2016;04:19;0;AV GODOFREDO MACIEL;;;;;Colisão;;;;Meio de Quadra;;;0;1;0;0;0;0;0;0;0;0;0;0;;
298246;22;8;2016;17:49;0;RUA CANDIDO MAIA;;;294;;Atropelamento;Anoitecer;;;Meio de Quadra;;;0;1;1;1;0;0;0;0;0;0;0;0;;
298250;22;8;2016;19:24;0;RUA MON SALAZAR;;;563;;Colisão;;;;Meio de Quadra;;;0;1;2;1;0;0;0;0;0;1;0;0;;
298258;22;8;2016;06:04;0;AV PRS CASTELO BRANCO;;;;;Queda;Luz do Dia;;;Meio de Quadra;;;0;1;0;0;0;0;0;0;0;1;0;0;;
298259;22;8;2016;06:06;9132;AV 13 DE MAIO;RUA JAIME BENEVOLO;;;;Colisão;Luz do Dia;;;Cruz;Semáforo;Comercial;0;1;1;1;0;0;0;0;0;1;0;0;-38,530741;-3,748122
298260;22;8;2016;06:41;0;AV SEN FERNANDES TAVORA;;;2425;;Colisão;Luz do Dia;;;Meio de Quadra;;;0;2;1;1;0;0;0;0;0;1;0;0;-38,59374;-3,756022
298261;22;8;2016;07:10;0;AV GODOFREDO MACIEL;;;5076;;Colisão;Luz do Dia;;;Meio de Quadra;;;0;1;1;1;0;0;0;0;0;1;0;0;-38,576069;-3,818695
298263;22;8;2016;07:46;0;RUA LUIS VIEIRA;;;154;;Queda;Luz do Dia;;;Meio de Quadra;;;0;1;0;0;0;0;0;0;0;1;0;0;-38,586205;-3,796981
298265;23;8;2016;08:51;0;AV ALM MAXIMIANO DA FONSECA;;;1193;;Colisão;Luz do Dia;;;Meio de Quadra;;;0;1;1;1;0;0;0;0;0;1;0;0;-38,485021;-3,771324
298266;23;8;2016;09:18;0;AV JOAO PESSOA;;;3462;;Colisão;Luz do Dia;;;Meio de Quadra;;;0;1;0;0;0;0;0;0;0;0;0;0;;
298267;23;8;2016;09:37;0;AV DA UNIVERSIDADE;;;;;Colisão;Luz do Dia;;;Meio de Quadra;;;0;1;1;1;0;0;0;0;0;1;0;0;;
298268;23;8;2016;10:31;0;RUA PRO HERIBALDO COSTA;;;1935;;Colisão;Luz do Dia;;;Meio de Quadra;;;0;1;1;1;0;0;0;0;0;1;0;0;-38,588506;-3,768905
298272;23;8;2016;11:14;0;AV ALBERTO CRAVEIRO;;;;;Colisão;Luz do Dia;;;Meio de Quadra;;;0;1;1;1;0;0;0;0;0;1;0;0;;
298273;23;8;2016;11:41;0;AV DR SILAS MUNGUBA;;;1402;;Colisão Traseira;Luz do Dia;Bom;Seca;Meio de Quadra;Semáforo;Comercial;0;1;3;1;0;0;0;0;0;1;0;0;-38,554471;-3,78314
298274;23;8;2016;11:42;0;RUA URUCUTUBA;;;1560;;Colisão;Luz do Dia;;;Meio de Quadra;;;0;1;1;0;0;0;0;0;0;1;0;0;-38,60914;-3,797715
298275;23;8;2016;12:35;15245;AV ANTONIO JUSTA;RUA LEONARDO MOTA;;;;Colisão;Luz do Dia;;;Cruz;Pare;Comercial;0;2;1;1;0;0;0;0;0;1;0;0;-38,493542;-3,727945
298279;23;8;2016;12:36;0;AV FRANCISCO SA;;;2806;;Colisão;Luz do Dia;;;Meio de Quadra;;;0;1;1;1;0;0;0;0;0;1;0;0;-38,550642;-3,719633
298280;23;8;2016;12:39;0;RUA RIO GRANDE DO NORTE;;;885;;Colisão;Luz do Dia;;;Meio de Quadra;;;0;1;1;1;0;0;0;0;0;1;0;0;-38,565132;-3,760162
298281;23;8;2016;12:51;0;AV RECREIO D64;;;;;Colisão;Luz do Dia;;;Meio de Quadra;;;0;1;1;0;0;0;0;0;0;1;0;0;;
298282;23;8;2016;12:53;0;RUA ARTUR DE CARVALHO;;;1750;;Colisão;Luz do Dia;;;Meio de Quadra;;;0;1;1;1;0;0;0;0;0;1;0;0;;
298283;23;8;2016;12:55;0;AV WASHINGTON SOARES;;;;;Colisão;Luz do Dia;;;Meio de Quadra;;;0;1;0;0;0;0;0;0;0;0;0;0;;
298299;23;8;2016;13:17;0;RUA BERNARDO MANUEL;;;7660;;Engavetamento;Anoitecer;Bom;Seca;Não Informado;Gesto;Comercial;0;0;6;1;0;0;0;0;0;1;0;0;-38,547275;-3,785243
298310;23;8;2016;16:17;0;AV PERIMETRAL;;;341;;Atropelamento;Luz do Dia;;;Meio de Quadra;;;0;1;1;0;1;0;0;0;0;0;0;0;;
298311;23;8;2016;17:28;0;RUA DES WALDETARIO P MOTA;;;862;;Colisão;Anoitecer;;;Meio de Quadra;;;0;1;0;0;0;0;0;0;0;0;0;0;-38,480568;-3,736759
298314;23;8;2016;18:04;0;AV GODOFREDO MACIEL;;;4035;;Colisão;Anoitecer;;;Meio de Quadra;;;0;1;1;1;0;0;0;0;0;1;0;0;-38,574205;-3,810165
298315;23;8;2016;18:10;0;AV DIOGUINHO;;;;PÇA.31 DE MARÇO;Colisão Traseira;Anoitecer;Bom;Seca;Meio de Quadra;Não Há Controle;Residencial;0;1;4;1;0;0;0;0;0;1;0;0;;
298316;23;8;2016;18:13;9636;RUA OSCAR FRANCA;RUA PAULINO ROCHA D32;;;;Colisão;Anoitecer;;;;;;0;1;1;1;0;0;0;0;0;1;0;0;-38,624724;-3,784132
298317;23;8;2016;18:18;0;RUA FRANCISCA CLOTILDE;;;437;;Queda;Anoitecer;;;Meio de Quadra;;;0;1;0;0;0;0;0;0;0;1;0;0;-38,552261;-3,742026
298319;23;8;2016;18:34;6564;AV H CJ CEARA;AV G CJ CEARA;;;;Queda;;;;T;Pare;Misto;0;1;0;0;0;0;0;0;0;1;0;0;;
298320;23;8;2016;19:25;0;RUA PRS SILVA;;;756;;Colisão;;;;Meio de Quadra;;;0;1;1;1;0;0;0;0;0;1;0;0;;
298323;23;8;2016;19:36;0;RUA STA ROSA D65 (COAÇU);;;;;Colisão;;;;Meio de Quadra;;;0;1;1;1;0;0;0;0;0;1;0;0;;
298328;23;8;2016;19:47;0;RUA 17 CJ NOVA ASSUNCAO;;;850;;Atropelamento;;;;Meio de Quadra;;;0;1;1;0;0;0;0;0;0;0;0;0;;
298329;23;8;2016;20:22;0;AV HERACLITO GRACA;;;148;;Colisão;;;;Meio de Quadra;;;0;1;0;0;0;0;0;0;0;0;0;0;-38,52303;-3,733988
298330;23;8;2016;21:15;0;AV PRS COSTA E SILVA;;;;;Colisão;;;;Meio de Quadra;;;0;1;1;0;0;0;0;0;0;1;0;0;;
298331;23;8;2016;22:55;0;RUA CEL DIONISIO ALENCAR;;;;;Atropelamento;;;;Meio de Quadra;;;0;1;0;0;0;0;1;0;0;0;0;0;;
298334;23;8;2016;23:57;0;RUA MIRTES CORDEIRO;;;1039;;Atropelamento;;;;Meio de Quadra;;;0;1;1;0;0;0;0;0;0;1;0;0;;
298365;23;8;2016;08:00;9232;AV 13 DE MAIO;RUA MON LIBERATO;;;;Atropelamento;Luz do Dia;;;Cruz;Não Há Controle;Comercial;0;1;1;1;0;0;0;0;0;0;0;0;-38,529981;-3,748763
298369;23;8;2016;18:23;0;AV DEP PAULINO ROCHA;;;3749;;Colisão;Anoitecer;;;Meio de Quadra;;;0;1;1;1;0;0;0;0;0;1;0;0;;
298367;23;8;2016;10:51;0;RUA JOAQUIM DOS ANJOS;;;169;;Atropelamento;Luz do Dia;;;Meio de Quadra;;;0;1;1;0;0;0;0;0;0;1;0;0;;
301680;23;8;2016;07:10;0;RUA ANTONIO BARBOSA;;;1597;;Colisão Transversal;Luz do Dia;Bom;Seca;Meio de Quadra;Não Há Controle;Residencial;0;0;1;1;0;0;0;0;0;0;0;0;-38,565477;-3,833499
301681;23;8;2016;09:48;0;RUA MON BRUNO;;;2390;;Colisão Transversal;Luz do Dia;Bom;Seca;Meio de Quadra;Não Há Controle;Residencial;0;0;1;1;0;0;0;0;0;0;0;0;;
301682;23;8;2016;09:00;13304;AV I CJ JOSE WALTER;AV G CJ JOSE WALTER;;0;;Colisão Lateral;Luz do Dia;Bom;Seca;Cruz;Não Há Controle;Residencial;0;0;2;1;0;0;0;0;0;1;0;0;-38,554956;-3,839061
301683;23;8;2016;10:25;0;RUA JOAQUIM ALBANO;;;0;;Colisão Traseira;Luz do Dia;Bom;Seca;Meio de Quadra;Semáforo;Industrial;0;0;2;1;0;0;0;0;0;0;0;0;;
301684;23;8;2016;11:14;0;RUA BOM JESUS (GRANJA LISBOA);;;121;;Colisão Traseira;Luz do Dia;Bom;Seca;Meio de Quadra;Não Há Controle;Residencial;0;0;2;1;0;0;0;0;0;0;0;0;-38,594425;-3,79666
301685;23;8;2016;11:12;9184;AV FELINO BARROSO;RUA EUSEBIO DE SOUZA;;405;;Colisão Frontal;Luz do Dia;Bom;Seca;Y;Não Há Controle;Residencial;0;0;2;1;0;0;0;0;0;0;0;0;-38,528305;-3,746103
301686;23;8;2016;12:09;0;AV DEP PAULINO ROCHA;;;57;;Colisão Traseira;Luz do Dia;Bom;Seca;Meio de Quadra;Semáforo;Comercial;0;0;2;1;0;0;0;0;0;0;0;0;;
301690;23;8;2016;11:00;3779;RUA ANTONIO POMPEU;RUA VINTE E QUATRO DE MAIO;;0;;Colisão Lateral;Luz do Dia;Bom;Seca;Cruz;Pare;Comercial;0;0;1;1;0;0;0;0;0;0;0;0;-38,534186;-3,733667
301691;23;8;2016;14:00;4007;RUA ALBERTO MAGNO;RUA DES PRAXEDES;;0;;Colisão Transversal;Luz do Dia;Bom;Seca;Cruz;Semáforo;Comercial;0;0;2;1;0;0;0;0;0;0;0;0;-38,546795;-3,76123
301692;23;8;2016;14:50;5258;RUA PDE MORORO;RUA PEDRO I;;0;;Colisão Transversal;Luz do Dia;Bom;Seca;Cruz;Pare;Comercial;0;0;2;1;0;0;0;0;0;0;0;0;-38,53829;-3,728123
301693;23;8;2016;19:27;15159;AV RUI BARBOSA;RUA ANTONELE BEZERRA;;0;;Colisão Traseira;Via Iluminada;Bom;Seca;Cruz;Pare;Residencial;0;0;2;1;0;0;0;0;0;0;0;0;-38,505881;-3,725012
301694;23;8;2016;20:39;0;AV VICENTE DE CASTRO;;;4573;;Colisão Lateral;Via Iluminada;Bom;Seca;Meio de Quadra;Não Há Controle;Residencial;0;0;2;1;0;0;0;0;0;0;0;0;;
301695;23;8;2016;21:25;0;AV AGUANAMBI;;;2000;;Colisão Lateral;Via Iluminada;Bom;Seca;Meio de Quadra;Não Há Controle;Comercial;0;0;2;1;0;0;0;0;0;0;0;0;;
301696;23;8;2016;19:40;0;RUA DEZESSETE (VL VELHA);;;850;;Atropelamento;Via Iluminada;Bom;Seca;Meio de Quadra;Não Há Controle;Residencial;0;2;0;0;0;0;0;0;0;1;0;0;;
301697;23;8;2016;11:17;7754;AV ANTONIO SALES;RUA JOSE VILAR;;0;;Colisão Traseira;Luz do Dia;Bom;Seca;Cruz;Semáforo;Comercial;0;0;3;1;0;0;0;0;0;0;0;0;-38,507303;-3,743929
301701;23;8;2016;20:55;0;AV BEZERRA DE MENEZES;;;1819;;Colisão Lateral;Via Iluminada;Bom;Seca;Meio de Quadra;Não Há Controle;Comercial;0;0;2;0;0;0;0;0;0;1;0;0;-38,561839;-3,735122
291098;23;8;2016;22:30;7782;RUA JULIO SIQUEIRA;RUA OSVALDO CRUZ (ALDEOTA);;;;Colisão Transversal;Via Iluminada;Bom;Seca;Cruz;Pare;Residencial;0;0;2;1;0;0;0;0;0;0;0;0;-38,5052;-3,75074
291102;23;8;2016;07:40;0;RUA BAR RIO BRANCO;;;2901;;Colisão Lateral;Luz do Dia;Bom;Seca;Meio de Quadra;Não Há Controle;Escola;0;0;2;1;0;0;1;0;0;0;0;0;-38,533729;-3,743585
291104;23;8;2016;23:00;0;AV HERACLITO GRACA;;;144;;Choque c/ Obstáculo Fixo;Via Iluminada;Bom;Seca;Meio de Quadra;Não Há Controle;Comercial;0;1;0;0;0;0;0;0;0;1;0;0;-38,523096;-3,733966
291107;23;8;2016;18:20;0;AV ABOLICAO;;;2026;;Colisão Traseira;Mal Iluminada;Bom;Seca;Meio de Quadra;Pare;Residencial;0;0;2;0;0;0;0;0;0;1;0;0;-38,500966;-3,725562
291121;23;8;2016;08:00;0;RUA SALVADOR CORREIA SA;;;1170;;Colisão Lateral;Luz do Dia;Bom;Seca;Meio de Quadra;Pare;Residencial;0;0;2;0;0;0;0;0;0;0;0;0;;
291112;23;8;2016;08:50;0;LOGRADOURO SEM NOME;;;;;Colisão Traseira;Luz do Dia;Bom;Seca;Meio de Quadra;Semáforo;Comercial;0;1;1;1;0;0;0;0;0;0;0;0;;
291116;23;8;2016;13:00;0;AV MOZART PINHEIRO DE LUCENA;;;;;Colisão Traseira;Luz do Dia;Bom;Seca;Meio de Quadra;Pare;Residencial;0;0;2;0;1;0;1;0;0;0;0;0;;
291118;23;8;2016;09:36;17446;RUA PRO TEODORICO;RUA EQUADOR;;;;Colisão Lateral;Luz do Dia;Bom;Seca;Cruz;Pare;Comercial;0;0;2;1;0;0;0;0;0;0;0;0;-38,550989;-3,769655
291124;23;8;2016;12:00;0;AV PRS CASTELO BRANCO;;;1223;;Colisão Traseira;Luz do Dia;Bom;Seca;Meio de Quadra;Semáforo;Comercial;0;0;2;0;1;0;0;0;0;0;0;0;-38,535199;-3,718204
291126;23;8;2016;01:50;303;RUA TIP SALES;RUA ROTARY;;;;Colisão;Via Iluminada;Bom;Seca;Cruz;Pare;Residencial;0;0;2;1;0;0;0;0;0;0;0;0;-38,563564;-3,743553
291127;23;8;2016;08:15;0;AV ROGACIANO LEITE;;;2400;;Atropelamento;Luz do Dia;Bom;Seca;Meio de Quadra;Pare;Residencial;0;1;1;1;0;0;0;0;0;0;0;0;-38,500387;-3,776229
291128;23;8;2016;07:15;0;AV FRE CIRILO;;;4561;;Colisão Lateral;Luz do Dia;Bom;Seca;Meio de Quadra;Pare;Comercial;0;0;2;1;1;0;0;0;0;0;0;0;-38,494733;-3,82347
291130;23;8;2016;10:40;11669;RUA VIS CAUIPE;RUA NOEL ROSA;;;;Colisão Transversal;Luz do Dia;Bom;Seca;Cruz;Pare;Residencial;0;2;1;0;0;0;0;0;0;1;0;0;-38,587627;-3,770714
291131;23;8;2016;18:20;16051;AV GODOFREDO MACIEL;RUA OSCAR BENEVIDES;;;;Colisão Lateral;Via Iluminada;Bom;Seca;Cruz;Semáforo;Outros;0;0;2;0;0;0;0;0;0;0;0;0;-38,574179;-3,810087