COD_ACIDENTE;DIA;MES;ANO;HORA;INTERSECAO;LOG1;LOG2;LOG3;NUMERO;REFERENCIA;NATUREZA;ILUMINACAO;TEMPO;SUPERFICIEPISTA;TIPOCRUZAMENTO;CONTROLETRAFEGO;USOSOLO;MORTOS;FERIDOS;ILESOS;AUTOMOVEL;ONIBUS;BICICLETA;CAMINHAO;MICROONIBUS;CICLOMOTOR;MOTOCICLETA;TRACAOANIMAL;TREM;LONG;LAT
291132;23;8;2016;07:00;25065;AV DOS EXPEDICIONARIOS;RUA JULIO DA SILVEIRA;;;;Colisão Lateral;Luz do Dia;Bom;Seca;Cruz;Pare;Comercial;0;0;2;1;0;0;0;0;0;1;0;0;-38,539181;-3,758331
296961;23;8;2016;18:30;0;RD BR 116;;;1000;KM-01;Colisão Traseira;Anoitecer;;;Meio de Quadra;;;0;0;3;1;0;0;0;0;0;0;0;0;-38,518702;-3,762554
293627;23;8;2016;18:00;0;RUA PROF GLAUCO LOBO;;;;;Colisão;Anoitecer;;;Meio de Quadra;;;0;1;1;0;0;0;0;1;0;0;0;0;;
293585;23;8;2016;13:40;0;AV SEN CARLOS JEREISSATI (AEROPORTO);;;;KM 02;Outros;Luz do Dia;Bom;Seca;Meio de Quadra;;;0;0;2;0;0;0;0;0;0;1;0;0;-38,535424;-3,782194
293629;24;8;2016;19:35;0;RUA GAL CLARINDO DE QUEIROZ;;;1106;;Colisão;;;;Meio de Quadra;;;0;0;2;0;0;0;0;0;0;1;0;0;-38,533965;-3,73148
293631;24;8;2016;21:20;0;AV CARNEIRO DE MENDONCA;;;490;;Choque c/ Obstáculo Fixo;Via Iluminada;Bom;Seca;Meio de Quadra;Não Há Controle;Residencial;0;1;3;0;1;0;0;0;0;0;0;0;-38,563932;-3,765504
293634;24;8;2016;17:20;10907;RUA PORTO VELHO;RUA GUARANI D35 (JOAO XXIII);;;;Colisão Transversal;Luz do Dia;Bom;Seca;Cruz;Pare;Residencial;0;1;3;1;0;0;0;0;0;1;0;0;-38,582396;-3,768441
293665;24;8;2016;12:50;15301;RUA SILVA PAULET;RUA TEN BENEVOLO;;;;Capotamento;Luz do Dia;Bom;Seca;Cruz;Pare;Residencial;0;0;3;1;0;0;0;0;0;0;0;0;-38,503888;-3,729724
293666;24;8;2016;;0;AV FRANCISCO SA;;;2502;;Atropelamento;;;;Meio de Quadra;;;0;1;1;0;1;0;0;0;0;0;0;0;-38,547956;-3,720502
293222;24;8;2016;23:10;0;RD CE-040;;;;KM-05;Colisão;;Bom;Seca;Meio de Quadra;;;0;0;2;1;1;0;0;0;0;0;0;0;-38,480331;-3,791613
296931;24;8;2016;07:17;0;AV GAL OSORIO DE PAIVA;;;426;;Colisão Lateral;Luz do Dia;Bom;Seca;Meio de Quadra;Semáforo;Escola;0;0;2;1;0;0;0;0;0;0;0;0;-38,567114;-3,776025
296968;24;8;2016;08:50;0;RD BR 222;;;200;KM-02;Colisão Lateral;Luz do Dia;;;Meio de Quadra;;;0;0;2;1;0;0;0;0;0;0;0;0;-38,58704;-3,739009
296969;24;8;2016;08:44;0;RUA PEDRO PEREIRA;;;;;Colisão;Luz do Dia;;;Meio de Quadra;;;0;1;0;1;0;0;0;0;0;1;0;0;;
296980;24;8;2016;10:00;0;AV WASHINGTON SOARES;;;;;Colisão;Luz do Dia;;;Meio de Quadra;;;0;0;1;0;0;0;0;0;0;1;0;0;;
296987;24;8;2016;10:05;12971;AV A CJ JOSE WALTER;RUA 7 CJ JOSE WALTER;;;;Colisão;Luz do Dia;;;T;Pare;Residencial;0;2;0;0;0;0;0;0;0;1;0;0;-38,557073;-3,823964
297005;24;8;2016;11:03;1658;RUA BENI DE CARVALHO;RUA MON CATAO;;;;Atropelamento;Luz do Dia;;;Cruz;Pare;Comercial;0;1;0;0;1;0;0;0;0;0;0;0;-38,493113;-3,746618
297019;24;8;2016;11:23;0;RUA MON SABINO FEIJAO;;;;;Queda;Luz do Dia;;;Meio de Quadra;;;0;1;0;0;0;0;0;0;0;1;0;0;;
297016;24;8;2016;11:21;5371;RUA VINTE E QUATRO DE MAIO;RUA GAL CLARINDO DE QUEIROZ;;;;Colisão;Luz do Dia;;;Cruz;Pare;Comercial;0;1;0;1;0;0;0;0;0;1;0;0;-38,533532;-3,731621
297028;24;8;2016;11:35;0;RUA GAL CLARINDO DE QUEIROZ;;;;;Colisão;Luz do Dia;;;Meio de Quadra;;;0;1;0;1;0;0;0;0;0;1;0;0;;
297034;24;8;2016;11:40;0;RUA DR GILBERTO CAMARA;;;316;;Colisão;Luz do Dia;;;Meio de Quadra;;;0;1;0;1;0;0;0;0;0;1;0;0;-38,563357;-3,722382
297047;24;8;2016;11:40;0;RUA JOSE MENDONCA;;;157;;Colisão;Luz do Dia;;;Meio de Quadra;;;0;2;0;1;0;0;0;0;0;1;0;0;-38,602795;-3,760374
297070;24;8;2016;12:31;0;RUA CANDIDO CASTELO BRANCO;;;;;Queda;Luz do Dia;;;Meio de Quadra;;;0;2;0;0;0;0;0;0;0;1;0;0;;
297079;24;8;2016;12:36;0;RUA REGINA DE FATIMA;;;2991;;Colisão;Luz do Dia;;;Meio de Quadra;;;0;1;0;1;0;0;0;0;0;1;0;0;;
297113;24;8;2016;13:20;0;RUA VALPARAISO;;;54;;Colisão;Luz do Dia;;;Meio de Quadra;;;0;1;0;1;0;0;0;0;0;1;0;0;-38,521263;-3,846306
297128;24;8;2016;11:44;0;AV GODOFREDO PIMENTEL;AV PRS COSTA E SILVA;;1578;;Colisão Lateral;Luz do Dia;Bom;Seca;Cruz;Semáforo;Comercial;0;3;3;1;0;0;0;0;0;1;0;0;;
297132;24;8;2016;14:36;0;AV SANTOS DUMONT;;;3465;;Colisão Traseira;Luz do Dia;Bom;Seca;Cruz;Semáforo;Comercial;0;1;3;1;0;0;0;0;0;1;0;0;-38,49355;-3,737783
297144;24;8;2016;16:02;0;AV PRS CASTELO BRANCO;;;;;Colisão;Luz do Dia;;;Meio de Quadra;;;0;1;0;1;0;0;0;0;0;0;0;0;;
296824;24;8;2016;06:56;0;RUA ARISTOTELES BEZERRA;;;332;;Colisão;Luz do Dia;;;Meio de Quadra;;;0;1;0;0;0;0;0;0;0;1;0;0;-38,556751;-3,719851
296790;24;8;2016;06:37;0;RUA GARDENIA;;;;;Colisão;Luz do Dia;;;Meio de Quadra;;;0;1;0;1;0;0;0;0;0;1;0;0;;
296772;24;8;2016;06:00;0;AV GOV RAUL BARBOSA;;;6750;;Colisão;Luz do Dia;;;Meio de Quadra;;;0;2;0;0;0;0;0;0;0;0;0;0;-38,512602;-3,773044
296746;24;8;2016;00:42;0;AV HEROIS DO ACRE;;;80;;Colisão;;;;Meio de Quadra;;;0;1;0;1;0;0;0;0;0;0;0;0;;
291166;24;8;2016;07:05;0;AV JOR THOMAZ COELHO;;;1878;;Colisão Lateral;Luz do Dia;Bom;Seca;Meio de Quadra;Outros;Comercial;0;1;1;0;1;0;0;0;1;0;0;0;;
291168;24;8;2016;11:00;0;AV JOR THOMAZ COELHO;;;;LAGOA DA MESSEJANA;Colisão Lateral;Luz do Dia;Bom;Seca;Meio de Quadra;Outros;Comercial;0;0;2;1;0;0;1;0;0;0;0;0;;
291169;24;8;2016;13:00;5423;RUA SOLON PINHEIRO;RUA GAL CLARINDO DE QUEIROZ;;;;Colisão Transversal;Luz do Dia;Bom;Seca;Cruz;Semáforo;Comercial;0;1;1;1;0;0;0;0;0;1;0;0;-38,527353;-3,733626
291179;24;8;2016;15:00;3869;RUA MAL DEODORO;RUA JOAQUIM MAGALHAES;;;;Colisão Transversal;Luz do Dia;Bom;Seca;Cruz;Pare;Residencial;0;0;2;1;0;0;0;0;0;0;0;0;-38,534258;-3,737883
291174;24;8;2016;14:10;181;RUA BALDUINO FREIRE;AV CEL CARVALHO;;;;Colisão Transversal;Luz do Dia;Bom;Seca;Cruz;Pare;Comercial;0;0;2;1;0;0;0;0;0;0;0;0;;
291176;24;8;2016;06:30;25896;RUA BAR AQUIRAZ;RUA GARDENIA;;;;Colisão Transversal;Luz do Dia;Bom;Seca;Duplo T;Não Há Controle;Residencial;0;1;1;1;0;0;0;0;0;1;0;0;-38,488394;-3,836863
291162;24;8;2016;15:50;9115;RUA GAL SILVA JUNIOR;RUA DR ALFREDO WEYNE D14;;;;Colisão Frontal;Luz do Dia;Bom;Seca;Cruz;Pare;Outros;0;1;1;0;0;0;0;0;0;1;0;0;-38,532116;-3,755893
291163;24;8;2016;11:40;0;RUA NEREU RAMOS;;;1063;;Colisão Traseira;Luz do Dia;Bom;Seca;Meio de Quadra;Não Há Controle;Residencial;0;0;2;1;0;0;0;0;0;0;0;0;-38,575887;-3,78289
291157;24;8;2016;08:00;0;AV DUQ CAXIAS;;;2121;;Choque c/ Obstáculo Fixo;Luz do Dia;Bom;Seca;Meio de Quadra;Não Há Controle;Comercial;0;1;0;0;0;0;0;0;0;1;0;0;-38,542778;-3,72761
291154;24;8;2016;22:30;10051;RUA VITAL BRASIL;RUA TAUBATE;;;;Colisão Transversal;Via Iluminada;Bom;Seca;Cruz;Pare;Comercial;1;0;1;0;1;0;0;0;0;1;0;0;-38,597995;-3,778012
291146;24;8;2016;19:00;732;AV DR THEBERGE;RUA DOM JOSE TUPINAMBA;;;;Colisão;Via Iluminada;Bom;Seca;T;Pare;Comercial;0;1;1;0;0;1;0;0;0;1;0;0;-38,564669;-3,713762
291149;24;8;2016;13:30;12757;RUA DAMASCENO GIRAO;RUA MAJ WEYNE;;;;Colisão Lateral;Luz do Dia;Bom;Seca;Cruz;Semáforo;Outros;0;1;1;1;0;0;0;0;0;0;0;0;-38,540018;-3,752487
291150;24;8;2016;12:50;5482;RUA COS TRISTAO;RUA ANTONIO POMPEU;;;;Colisão Transversal;Luz do Dia;Bom;Seca;Cruz;Pare;Comercial;0;1;1;1;0;0;0;0;0;1;0;0;-38,525733;-3,736331
291143;24;8;2016;10:00;0;RUA ALMEIDA PRADO;;;170;;Colisão Lateral;Luz do Dia;Bom;Seca;Meio de Quadra;Não Há Controle;Residencial;0;0;2;0;1;0;0;0;0;1;0;0;;
291138;24;8;2016;22:15;5135;RUA SAO PAULO;AV TRISTAO GONCALVES;;;;Colisão Frontal;Via Iluminada;Bom;Seca;Cruz;Semáforo;Comercial;0;0;2;1;0;0;0;0;0;0;0;0;-38,532395;-3,724419
291133;24;8;2016;17:00;0;AV GODOFREDO MACIEL;;;681;;Colisão Lateral;Luz do Dia;Bom;Seca;Outros;Outros;Residencial;0;1;1;1;0;0;0;0;0;1;0;0;-38,565443;-3,78195
291129;24;8;2016;16:00;15835;RUA MANUEL CASTELO BRANCO;RUA CEL DIONISIO ALENCAR;;;;Colisão Transversal;Luz do Dia;Bom;Seca;Cruz;Pare;Residencial;0;0;2;1;0;0;0;0;0;0;0;0;-38,488281;-3,832973
291125;24;8;2016;05:30;0;RUA DIADEMA;;;162;;Choque c/ Obstáculo Fixo;Luz do Dia;Bom;Seca;Meio de Quadra;Outros;Residencial;0;0;3;0;0;0;1;0;0;0;0;0;;
291123;24;8;2016;10:00;0;AV PRS CASTELO BRANCO;;;2181;;Colisão Transversal;Luz do Dia;Bom;Seca;Meio de Quadra;Não Há Controle;Residencial;0;0;2;1;0;0;1;0;0;0;0;0;-38,547479;-3,714087
291105;24;8;2016;09:30;5329;RUA SOLON PINHEIRO;RUA PEDRO PEREIRA;;;;Outros;Luz do Dia;Bom;Seca;Cruz;Semáforo;Comercial;0;0;1;1;0;0;0;0;0;0;0;0;-38,526298;-3,730414
291106;24;8;2016;08:30;1654;AV SEN VIRGILIO TAVORA;RUA BENI DE CARVALHO;;;;Colisão Traseira;Luz do Dia;Bom;Seca;Cruz;Semáforo;Comercial;0;0;2;1;0;0;0;0;0;0;0;0;-38,495995;-3,745678
290935;24;8;2016;23:40;15103;AV HIS RAIMUNDO GIRAO;RUA ANTONIO AUGUSTO;;;;Colisão Traseira;Via Iluminada;Bom;Seca;T;Pare;Residencial;0;0;2;1;0;0;0;0;0;0;0;0;-38,51051;-3,721143
294423;24;8;2016;12:05;5352;AV DOM MANUEL;RUA PINTO MADEIRA;;;;Colisão;Luz do Dia;;;Cruz;Semáforo;Comercial;0;2;0;1;0;0;0;0;0;1;0;0;-38,521957;-3,730964
301711;24;8;2016;18:27;0;AV GOV RAUL BARBOSA;RUA EVARISTO REIS;;0;;Colisão Lateral;Via Iluminada;Bom;Seca;Y;Não Há Controle;Comercial;0;0;2;1;0;0;0;0;0;0;0;0;-38,507767;-3,761659
301703;24;8;2016;18:00;0;RUA ALM JACEGUAI;;;47;;Colisão Lateral;Via Iluminada;Bom;Seca;Meio de Quadra;Semáforo;Comercial;0;0;2;1;0;0;0;0;0;0;0;0;;
301704;24;8;2016;19:13;7914;AV ANTONIO SALES;RUA LEONARDO MOTA;;0;;Colisão Lateral;Anoitecer;Bom;Seca;Cruz;Semáforo;Comercial;0;0;1;1;0;0;0;0;0;1;0;0;-38,499442;-3,746358
301705;24;8;2016;19:10;0;RUA MIN ALBUQUERQUE LIMA;AV C CJ CEARA;;0;;Colisão Transversal;Mal Iluminada;Bom;Seca;Cruz;Pare;Comercial;0;0;2;1;0;0;0;0;0;0;0;0;;
301706;24;8;2016;19:24;5214;RUA PEREIRA FILGUEIRAS;RUA DNA LEOPOLDINA;;;;Colisão Transversal;Via Iluminada;Bom;Seca;Cruz;Pare;Comercial;0;0;3;1;0;0;0;0;0;0;0;0;-38,518167;-3,726647
301707;24;8;2016;18:50;0;AV DOS EXPEDICIONARIOS;;;4773;;Colisão Traseira;Via Iluminada;Bom;Seca;Meio de Quadra;Não Há Controle;Residencial;0;0;2;1;0;0;0;0;0;0;0;0;-38,53997;-3,760917
301708;24;8;2016;20:40;24943;AV ABOLICAO;AV ALM HENRIQUE SABOIA;;0;;Colisão Lateral;Via Iluminada;Bom;Seca;Cruz;Semáforo;Comercial;0;0;2;1;0;0;0;0;0;0;0;0;-38,479798;-3,722615
301714;24;8;2016;22:33;15280;RUA TEN BENEVOLO;RUA DR JOSE LOURENCO;;0;;Colisão Lateral;Via Iluminada;Bom;Seca;Cruz;Pare;Comercial;0;1;2;1;0;0;0;0;0;1;0;0;-38,50601;-3,729029
301698;24;8;2016;07:00;5318;RUA PDE IBIAPINA;RUA GAL CLARINDO DE QUEIROZ;;0;;Colisão Transversal;Luz do Dia;Bom;Seca;Cruz;Pare;Comercial;0;0;2;0;1;0;0;1;0;0;0;0;-38,540084;-3,729518
301699;24;8;2016;09:08;0;AV DOM LUIS;;;0;PRACA PORTUGAL;Colisão Lateral;Luz do Dia;Bom;Seca;Rotatória;Não Há Controle;Residencial;0;0;2;1;1;0;0;0;0;0;0;0;;
301700;24;8;2016;10:00;12905;AV AGUANAMBI;RUA CARLOS GOMES;;0;;Colisão Lateral;Luz do Dia;Bom;Seca;T;Pare;Comercial;0;0;2;1;0;0;0;0;0;0;0;0;-38,525946;-3,741687
301751;24;8;2016;21:26;14649;RUA LOURIVAL C PINHO;RUA REPUBLICA ARMENIA;;0;;Colisão Lateral;Anoitecer;Bom;Seca;Outros;Pare;Comercial;0;0;2;0;0;0;0;0;0;0;0;0;-38,481039;-3,79328
301715;25;8;2016;15:24;19561;AV GODOFREDO MACIEL;RUA ANTONIO BANDEIRA D41;;0;;Colisão Transversal;Luz do Dia;Bom;Seca;T;Semáforo;Comercial;0;1;1;0;0;0;0;0;0;1;0;0;-38,565838;-3,783278
301716;25;8;2016;15:55;23433;RUA MON SALAZAR;RUA PRO CARVALHO;;0;;Colisão Transversal;Luz do Dia;Bom;Seca;Cruz;Pare;Residencial;0;1;1;1;0;0;0;0;0;0;0;0;-38,514308;-3,756146
301717;25;8;2016;16:07;0;AV HERACLITO GRACA;;;136;;Colisão Transversal;Luz do Dia;Bom;Seca;Meio de Quadra;Não Há Controle;Comercial;0;0;2;0;1;0;0;0;0;0;0;0;-38,523229;-3,733923
301718;25;8;2016;18:45;3767;AV IMPERADOR;AV DOMINGOS OLIMPIO;;0;;Colisão Traseira;Via Iluminada;Bom;Seca;Cruz;Semáforo;Comercial;0;0;2;1;0;0;0;0;0;0;0;0;-38,536697;-3,73479
301719;25;8;2016;17:40;19539;AV DR SILAS MUNGUBA;RUA EQUADOR;;5900;;Colisão Lateral;Via Iluminada;Bom;Seca;Cruz;Semáforo;Residencial;0;1;3;1;0;0;0;0;0;0;0;0;-38,555434;-3,782377
301720;25;8;2016;19:10;9077;AV AGUANAMBI;RUA BONFIM SOBRINHO;;0;;Colisão Transversal;Via Iluminada;Bom;Seca;T;Pare;Comercial;0;0;2;1;0;0;0;1;0;0;0;0;-38,523551;-3,751039
301721;25;8;2016;19:00;24980;AV ALM HENRIQUE SABOIA;RUA GAL TERTULIANO POTYGUARA;;0;;Colisão Lateral;Via Iluminada;Bom;Seca;T;Pare;Não Informado;0;0;2;0;0;0;0;0;0;0;0;0;-38,491196;-3,746088
301722;25;8;2016;19:00;12954;RUA BERNARDO MANUEL;AV PRS COSTA E SILVA;;0;;Colisão Transversal;Via Iluminada;Bom;Seca;Meio de Quadra;Semáforo;Comercial;0;0;2;1;0;0;0;0;0;1;0;0;-38,558276;-3,821079
301723;25;8;2016;19:51;13485;RUA MON BRUNO;RUA PINHO PESSOA;;0;;Colisão Lateral;Mal Iluminada;Bom;Seca;Cruz;Pare;Residencial;0;0;2;1;0;0;0;0;0;0;0;0;-38,513585;-3,745262
301709;25;8;2016;08:43;15743;RUA MANUEL ARRUDA;RUA HERBENE;;0;;Colisão Transversal;Luz do Dia;Bom;Seca;Cruz;Pare;Comercial;0;0;3;1;0;0;0;0;0;1;0;0;-38,504019;-3,828948
301710;25;8;2016;13:30;0;RUA CAP SANTOS D60;;;177;;Colisão Lateral;Luz do Dia;Bom;Seca;Meio de Quadra;Não Há Controle;Residencial;0;0;2;1;0;0;0;0;0;0;0;0;-38,483013;-3,825053
301712;25;8;2016;12:40;1282;AV BAR STUDART;AV SANTOS DUMONT;;0;;Colisão Transversal;Luz do Dia;Bom;Seca;Cruz;Semáforo;Comercial;0;0;2;1;0;0;0;0;0;0;0;0;-38,506304;-3,733642
301713;25;8;2016;12:39;0;AV GAL OSORIO DE PAIVA;;;4711;;Engavetamento;Luz do Dia;Bom;Seca;Meio de Quadra;Semáforo;Comercial;0;0;3;1;0;0;0;0;0;0;0;0;;
291119;25;8;2016;00:20;17265;RUA ALBERTO MAGNO;RUA SATIRO DIAS;;;;Colisão Frontal;Via Iluminada;Bom;Seca;Cruz;Pare;Comercial;0;0;2;1;0;0;0;0;0;0;0;0;-38,547531;-3,762063
293672;25;8;2016;11:15;0;RUA VALPARAISO;;;;;Colisão;Luz do Dia;;;Meio de Quadra;;;0;1;1;0;0;0;0;0;0;1;0;0;;
293674;25;8;2016;13:30;5692;AV DES GONZAGA;RUA MARGARIDA DE QUEIROZ;;;;Colisão Transversal;Luz do Dia;Bom;Seca;Cruz;Pare;Comercial;0;3;2;1;0;0;0;0;0;1;0;0;-38,501753;-3,793168
293678;25;8;2016;15:50;738;RUA DNA MENDINHA;AV FRANCISCO SA;;;;Colisão Frontal;Luz do Dia;Bom;Seca;Cruz;Pare;Comercial;0;1;4;0;0;0;0;0;0;1;0;0;-38,571238;-3,712666
293684;25;8;2016;20:30;0;RUA APOCALIPSE (MONDUBIM);;;680;;Colisão;;;;Meio de Quadra;;;0;1;1;0;1;0;0;0;0;1;0;0;;
293682;25;8;2016;12:41;0;RUA VICENTE LEITE;;;;;Colisão;Luz do Dia;;;Meio de Quadra;;;0;0;2;1;0;0;0;0;0;0;0;0;;
293693;25;8;2016;18:39;0;AV HIS RAIMUNDO GIRAO;;;700;;Colisão Traseira;Luz do Dia;Bom;Seca;Meio de Quadra;Semáforo;Lazer;0;0;4;1;0;0;0;0;0;0;0;0;-38,509467;-3,721637
293686;25;8;2016;20:11;12954;RUA BERNARDO MANUEL;AV PRS COSTA E SILVA;;;;Colisão;;;;;;;0;0;2;1;0;0;0;0;0;1;0;0;-38,558276;-3,821079
293690;25;8;2016;09:29;0;RUA EMILIO DE MENESES;;;2185;;Colisão;Luz do Dia;;;Meio de Quadra;;;0;1;1;0;0;0;0;0;0;1;0;0;-38,600282;-3,778137
293691;25;8;2016;17:43;19166;RUA JULIO AZEVEDO;RUA JOAQUIM LIMA;;;;Colisão Transversal;Luz do Dia;Bom;Seca;Cruz;Pare;Residencial;0;0;3;1;0;0;0;0;0;0;0;0;-38,481001;-3,74092
291145;25;8;2016;09:30;0;RUA ARARIUS;;;97;;Colisão Lateral;Luz do Dia;Bom;Seca;Meio de Quadra;Não Há Controle;Comercial;0;0;2;0;0;0;1;0;0;0;0;0;;
291147;25;8;2016;14:00;7625;RUA PARANA;RUA PERNAMBUCO;;;;Colisão Lateral;Luz do Dia;Bom;Seca;Cruz;Pare;Residencial;0;1;1;0;0;0;0;0;0;1;0;0;-38,569646;-3,759225
291159;25;8;2016;10:25;5433;RUA METON DE ALENCAR;RUA MAJ FACUNDO;;;;Colisão Transversal;Luz do Dia;Bom;Seca;Cruz;Pare;Comercial;0;1;1;0;0;0;0;0;0;1;0;0;-38,529899;-3,733917
291177;25;8;2016;15:00;24991;AV GAL OSORIO DE PAIVA;RUA ABEL RIBEIRO;;;;Engavetamento;Luz do Dia;Bom;Seca;Cruz;Pare;Comercial;1;0;3;1;0;0;0;0;0;1;0;0;-38,576252;-3,781799
291183;25;8;2016;13:51;19758;RUA DOM MANUEL DE MEDEIROS;RUA GAL PIRAGIBE;;;;Colisão Lateral;Luz do Dia;Bom;Seca;Cruz;Pare;Residencial;0;0;2;1;0;0;0;0;0;0;0;0;-38,557957;-3,737842
291187;25;8;2016;15:20;3779;RUA ANTONIO POMPEU;RUA VINTE E QUATRO DE MAIO;;;;Colisão Lateral;Luz do Dia;Bom;Seca;Cruz;Pare;Comercial;0;0;2;1;0;0;0;0;0;0;0;0;-38,534186;-3,733667
291188;25;8;2016;08:00;22036;RUA TIRADENTES;RUA CAP FRANCISCO PEDRO;;;;Choque c/ Obstáculo Fixo;Luz do Dia;Bom;Seca;T;Pare;Residencial;0;0;2;0;0;0;0;1;0;0;0;0;-38,546446;-3,744485
291189;25;8;2016;10:20;0;AV JOSE BASTOS;;;3190;;Colisão Traseira;Luz do Dia;Bom;Seca;Meio de Quadra;Dê Preferência;Comercial;0;1;1;1;0;0;0;0;0;1;0;0;-38,548311;-3,747847
291193;25;8;2016;22:30;0;AV JOAO PESSOA;;;4236;;Colisão Traseira;Via Iluminada;Bom;Seca;Meio de Quadra;Não Há Controle;Comercial;0;0;2;1;0;0;0;1;0;0;0;0;-38,54781;-3,750581
291195;25;8;2016;19:00;22704;RUA MIN ABNER VASCONCELOS;RUA TAB JOAQUIM COELHO;;;;Colisão Transversal;;Bom;Seca;Cruz;Pare;Residencial;0;0;2;1;0;0;0;0;0;0;0;0;-38,478979;-3,796908
291237;25;8;2016;06:20;0;AV PRS CASTELO BRANCO;;;2195;;Colisão Traseira;Luz do Dia;Bom;Seca;Meio de Quadra;Não Há Controle;Residencial;0;0;3;1;1;0;1;0;0;0;0;0;-38,547594;-3,714041
291152;25;8;2016;06:00;1564;RUA CAROLINA SUCUPIRA;RUA LEONARDO MOTA;;;;Colisão Lateral;Luz do Dia;Bom;Seca;Cruz;Pare;Residencial;0;0;2;1;0;0;0;1;0;0;0;0;-38,497995;-3,741825
291208;25;8;2016;01:20;0;AV GODOFREDO MACIEL;;;201;;Colisão Frontal;;;;Meio de Quadra;;;0;1;1;0;0;0;0;0;0;0;0;0;-38,564374;-3,778393
291209;25;8;2016;15:15;17421;RUA CESAR ROSSAS;RUA BAR SOBRAL;;;;Choque c/ Obstáculo Fixo;Luz do Dia;Bom;Seca;Cruz;Semáforo;Comercial;0;0;1;1;0;0;0;0;0;0;0;0;-38,551793;-3,768334
297148;25;8;2016;01:16;0;RUA SAO MATEUS D14;;;412;;Atropelamento;;;;Meio de Quadra;;;0;1;0;1;0;0;0;0;0;0;0;0;-38,538227;-3,762685
297160;25;8;2016;07:43;18764;RUA VALPARAISO;AV A CJ HAB ST SAO JOAO;;;;Colisão;Luz do Dia;;;;;;0;2;0;0;0;0;0;0;0;1;0;0;-38,516588;-3,846821
297161;25;8;2016;11:45;3336;RUA VIRIATO RIBEIRO;RUA RIO GRANDE DO SUL;;;;Atropelamento;Luz do Dia;;;Cruz;Pare;Residencial;0;1;0;0;0;0;0;0;0;1;0;0;-38,561355;-3,750184
297164;25;8;2016;21:58;0;AV PRS COSTA E SILVA;;;;;Colisão;;;;Meio de Quadra;;;0;1;0;0;0;0;0;0;0;0;0;0;;
296970;25;8;2016;18:00;0;RD BR 116;;;9000;KM-09;Colisão Traseira;Anoitecer;;;Meio de Quadra;;;0;1;1;0;0;0;0;0;0;1;0;0;-38,504865;-3,830837
293223;25;8;2016;08:00;0;RD CE-040;;;;KM-04;Colisão;Luz do Dia;Bom;Seca;Meio de Quadra;;;0;0;2;0;0;0;0;0;0;1;0;0;-38,481084;-3,782614
293225;25;8;2016;17:00;0;RD CE-040;;;;KM-11;Colisão;Anoitecer;Bom;Seca;Meio de Quadra;;;0;0;2;1;0;0;0;0;0;0;0;0;-38,480883;-3,842577
293226;25;8;2016;08:30;0;RD CE-025;;;;KM-07;Outros;Luz do Dia;Bom;Seca;Meio de Quadra;;;0;0;2;0;0;0;0;0;0;0;0;0;-38,422916;-3,817237
293667;25;8;2016;01:32;0;RUA DO TAMARINDO;;;;;Colisão;;;;Meio de Quadra;;;0;0;2;1;0;0;0;0;0;0;0;0;;
293509;26;8;2016;16:30;0;RD CE-040;;;;KM-02;Colisão;Luz do Dia;Bom;Seca;Meio de Quadra;;;0;0;2;1;0;0;0;0;0;0;0;0;-38,482583;-3,76465
293507;26;8;2016;07:50;0;AV SEN CARLOS JEREISSATI (AEROPORTO);;;;KM 01;Colisão;Luz do Dia;Bom;Seca;Meio de Quadra;;;0;0;3;1;0;0;0;0;0;0;0;0;-38,52685;-3,783753
291834;26;8;2016;12:00;0;RUA CON LIMA SUCUPIRA;;;1791;;Colisão;Luz do Dia;;;Meio de Quadra;;;1;1;1;1;0;0;0;0;0;1;0;0;-38,551596;-3,777925
296971;26;8;2016;17:30;0;RD BR 116;;;12000;KM-12;Colisão Lateral;Anoitecer;;;Meio de Quadra;;;0;1;1;0;0;0;1;0;1;0;0;0;-38,496066;-3,85574
296975;26;8;2016;23:04;0;RD BR 116;;;1000;;Colisão Traseira;;;;Meio de Quadra;;;0;1;1;0;0;0;0;0;0;0;0;0;;
297235;26;8;2016;15:10;0;AV DIOGUINHO;;;130;;Colisão;Luz do Dia;;;Meio de Quadra;;;0;1;0;1;0;0;0;0;0;1;0;0;;
297241;26;8;2016;07:37;0;AV NOSSA SRA DAS GRACAS;;;1048;;Atropelamento;Luz do Dia;;;Meio de Quadra;;;0;1;0;0;0;0;0;0;0;1;0;0;;
297246;26;8;2016;07:55;0;AV CEL CARVALHO;;;2093;;Colisão;Luz do Dia;;;Meio de Quadra;;;0;1;0;1;0;0;0;0;0;1;0;0;;
297273;26;8;2016;20:34;0;RUA BERNARDO MANUEL;;;;;Colisão;;;;Meio de Quadra;;;0;1;0;1;0;0;0;0;0;1;0;0;;
297274;26;8;2016;21:29;0;RUA BERNARDO MANUEL;;;10921;;Colisão Transversal;;;;Meio de Quadra;;;0;1;2;1;0;1;0;0;0;1;0;0;-38,556224;-3,814503
291148;26;8;2016;10:21;0;RUA BERNARDO MANUEL;;;1092;;Colisão Traseira;Via Iluminada;Bom;Seca;Meio de Quadra;Semáforo;Residencial;0;0;2;1;0;0;0;0;0;1;0;0;;