COD_ACIDENTE;DIA;MES;ANO;HORA;INTERSECAO;LOG1;LOG2;LOG3;NUMERO;REFERENCIA;NATUREZA;ILUMINACAO;TEMPO;SUPERFICIEPISTA;TIPOCRUZAMENTO;CONTROLETRAFEGO;USOSOLO;MORTOS;FERIDOS;ILESOS;AUTOMOVEL;ONIBUS;BICICLETA;CAMINHAO;MICROONIBUS;CICLOMOTOR;MOTOCICLETA;TRACAOANIMAL;TREM;LONG;LAT
291151;26;8;2016;06:50;0;RUA GAL CLARINDO DE QUEIROZ;;;300;;Colisão Lateral;Luz do Dia;Bom;Molhada;Outros;Semáforo Intermitente;Comercial;0;1;1;1;0;0;0;0;0;0;0;0;-38,527275;-3,733649
291144;26;8;2016;10:00;0;AV GOV RAUL BARBOSA;;;4070;;Colisão Lateral;Luz do Dia;Bom;Seca;Meio de Quadra;Não Há Controle;Comercial;0;0;2;1;0;0;0;0;0;0;0;0;-38,505827;-3,761241
291139;26;8;2016;08:45;23568;RUA DO CANAL (TAUAPE);RUA ASP MENDES;;;;Colisão;Luz do Dia;Bom;Seca;Com Via Férrea;Não Há Controle;Residencial;0;0;2;1;0;0;1;0;0;0;0;0;-38,515488;-3,761747
291140;26;8;2016;08:50;12674;AV CEL CARVALHO;RUA GUILHERME MENDES;;;;Colisão Lateral;Luz do Dia;Bom;Seca;Cruz;Pare;Comercial;0;1;1;1;0;0;0;0;0;1;0;0;-38,587094;-3,720651
291141;26;8;2016;06:30;0;RUA COSME DE ALMEIDA;;;90;;Colisão Transversal;Luz do Dia;Bom;Seca;Meio de Quadra;Não Há Controle;Residencial;0;0;2;1;0;0;1;0;0;0;0;0;;
291142;26;8;2016;17:45;15743;RUA MANUEL ARRUDA;RUA HERBENE;;;;Colisão;Mal Iluminada;Bom;Seca;Cruz;Não Há Controle;Comercial;0;0;2;1;0;0;0;0;0;0;0;0;-38,504019;-3,828948
291136;26;8;2016;13:30;9132;AV 13 DE MAIO;RUA JAIME BENEVOLO;;;;Colisão Lateral;Luz do Dia;Bom;Seca;Cruz;Semáforo;Comercial;0;0;2;1;0;0;0;0;0;0;0;0;-38,530741;-3,748122
291137;26;8;2016;10:00;23500;RUA CARVALHO JUNIOR;RUA PRO CARVALHO;;;;Colisão Lateral;Luz do Dia;Bom;Seca;Cruz;Pare;Residencial;0;0;2;0;1;0;0;0;0;0;0;0;-38,513754;-3,758815
291134;26;8;2016;08:30;0;AV DR SILAS MUNGUBA;;;2595;;Colisão Traseira;Luz do Dia;Bom;Seca;Meio de Quadra;Pare;Lazer;0;0;2;1;0;0;0;0;0;0;0;0;-38,550239;-3,786363
293694;26;8;2016;08:21;12818;RUA ALBERTO MAGNO;RUA ANDRE CHAVES;;343;;Colisão Lateral;Luz do Dia;Bom;Seca;Cruz;Pare;Comercial;0;1;3;1;0;0;0;0;0;0;0;0;-38,54223;-3,756035
293712;26;8;2016;08:35;0;AV BEZERRA DE MENEZES;;;365;;Colisão Traseira;Luz do Dia;Bom;Seca;Meio de Quadra;Semáforo;Comercial;0;2;2;0;0;0;0;0;0;0;0;0;-38,547792;-3,732209
293713;26;8;2016;14:21;22845;RUA GOV JOAO CARLOS;RUA CON LIMA SUCUPIRA;;;;;Luz do Dia;;;Cruz;Pare;Residencial;0;0;2;0;0;0;0;0;0;0;0;0;-38,551518;-3,777951
293708;26;8;2016;01:00;2411;AV CEL CARVALHO;RUA AMADEU DE CASTRO;;;;Colisão;;;;Duplo T;Dê Preferência;Comercial;0;1;1;1;0;0;0;0;0;1;0;0;-38,590807;-3,706322
293709;26;8;2016;09:50;5384;RUA ANTONIO POMPEU;RUA PDE MORORO;;;;Colisão Lateral;Luz do Dia;Bom;Seca;Cruz;Pare;Comercial;0;5;0;0;0;0;0;0;0;1;0;0;-38,53945;-3,731997
293701;26;8;2016;22:14;7637;AV CARNEIRO DE MENDONCA;RUA NETUNO;;;;Colisão Transversal;Via Iluminada;Bom;Seca;T;Pare;Comercial;0;0;3;1;0;0;0;0;0;1;0;0;-38,571592;-3,761518
293699;26;8;2016;20:31;1699;RUA JOSE BUSON;RUA NOSSA SRA DE FATIMA;;;;Colisão Transversal;Luz do Dia;Bom;Seca;Cruz;Pare;Comercial;0;0;4;1;0;0;0;0;0;1;0;0;-38,514325;-3,764062
293704;26;8;2016;20:00;0;AV DIOGUINHO;;;130;;Colisão;;;;Meio de Quadra;;;0;0;2;0;1;0;0;0;1;0;0;0;;
293705;26;8;2016;09:00;0;RUA BERNARDO MANUEL;;;10936;;Colisão;Luz do Dia;;;Meio de Quadra;;;0;0;2;1;0;0;0;0;0;1;0;0;;
301724;26;8;2016;07:42;0;AV B CJ ESPERANCA;;;2000;;Colisão Traseira;Luz do Dia;Bom;Seca;Cruz;Semáforo;Comercial;0;0;2;1;0;0;0;0;0;0;0;0;;
301725;26;8;2016;08:44;13492;RUA PINHO PESSOA;RUA DR JOSE LOURENCO;;0;;Colisão Traseira;Luz do Dia;Bom;Seca;Cruz;Pare;Residencial;0;0;2;1;0;0;0;0;0;0;0;0;-38,511254;-3,745487
301726;26;8;2016;08:39;0;AV DES MOREIRA;;;2834;;Colisão Traseira;Luz do Dia;Bom;Não informada;Meio de Quadra;Não Há Controle;Comercial;0;1;1;1;0;0;0;0;0;1;0;0;-38,502947;-3,750632
301727;26;8;2016;09:02;0;AV PRS CASTELO BRANCO;;;400;;Colisão Traseira;Luz do Dia;Bom;Seca;Meio de Quadra;Não Há Controle;Residencial;0;0;2;1;0;0;0;0;0;1;0;0;-38,529136;-3,720706
301728;26;8;2016;07:25;4022;AV JOAO PESSOA;RUA OSCAR BEZERRA ARAUJO;;0;;Colisão Lateral;Via Iluminada;Bom;Seca;T;Não Há Controle;Comercial;0;1;0;1;0;0;0;0;0;1;0;0;-38,557535;-3,761747
301729;26;8;2016;09:35;5504;RUA PDE VALDEVINO;RUA JOAO CORDEIRO;;0;;Colisão Lateral;Luz do Dia;Bom;Seca;Cruz;Semáforo;Comercial;0;0;2;1;0;0;0;0;0;0;0;0;-38,51755;-3,738896
301730;26;8;2016;12:00;0;RUA ILDEFONSO ALBANO;;;315;;Colisão Lateral;Luz do Dia;Bom;Seca;Meio de Quadra;Não Há Controle;Comercial;0;0;2;1;1;0;0;0;0;0;0;0;-38,510152;-3,723581
301731;26;8;2016;12:27;0;AV BORGES DE MELO;;;60;;Colisão Lateral;Luz do Dia;Bom;Seca;T;Semáforo;Comercial;0;0;2;1;0;0;0;0;0;0;0;0;;
301732;26;8;2016;13:17;3368;RUA AMAZONAS;RUA RIO GRANDE DO SUL;;0;;Colisão Transversal;Luz do Dia;Bom;Seca;Cruz;Pare;Comercial;0;1;1;1;0;0;0;0;0;1;0;0;-38,564164;-3,753306
301733;26;8;2016;13:23;0;RUA VINTE E QUATRO DE MAIO;;;135;;Colisão Lateral;Luz do Dia;Bom;Seca;Cruz;Semáforo;Comercial;0;0;2;1;0;0;0;0;0;0;0;0;-38,530712;-3,722922
301734;26;8;2016;13:30;15835;RUA CEL DIONISIO ALENCAR;RUA MANUEL CASTELO BRANCO;;0;;Colisão Transversal;Luz do Dia;Bom;Seca;Cruz;Pare;Residencial;0;0;2;1;0;0;0;0;0;0;0;0;-38,488281;-3,832973
301735;26;8;2016;13:53;0;RUA MIN ALBUQUERQUE LIMA;;;1245;;Colisão Traseira;Luz do Dia;Bom;Seca;T;Pare;Comercial;0;0;1;1;0;0;0;0;0;0;0;0;;
301736;26;8;2016;13:50;0;RUA TEN JURANDIR ALENCAR;;;102;;Colisão Traseira;Luz do Dia;Bom;Seca;Meio de Quadra;Não Há Controle;Comercial;0;0;2;1;0;0;0;0;0;1;0;0;-38,494352;-3,831671
301737;26;8;2016;14:06;0;AV PRO GOMES DE MATOS;RUA CAP FRANCISCO PEDRO;;0;;Colisão Traseira;Luz do Dia;Bom;Seca;Cruz;Semáforo;Comercial;0;0;1;1;0;0;0;0;0;0;0;0;;
301738;26;8;2016;14:28;0;RUA BERNARDO MANUEL;;;8929;;Colisão Transversal;Luz do Dia;Bom;Seca;Meio de Quadra;Não Há Controle;Comercial;0;1;1;1;0;0;0;0;0;1;0;0;-38,551112;-3,797691
301739;26;8;2016;14:20;11256;RUA PAURILO BARROSO;RUA EMILIO SA;;0;;Colisão Transversal;Luz do Dia;Bom;Seca;Cruz;Pare;Residencial;0;1;1;1;0;0;0;0;0;1;0;0;-38,570041;-3,802124
301740;26;8;2016;16:20;0;RUA BARBOSA DE FREITAS;;;7;;Colisão Lateral;Luz do Dia;Bom;Seca;Meio de Quadra;Não Há Controle;Comercial;0;0;2;1;0;0;0;0;0;0;0;0;;
301741;26;8;2016;15:26;0;AV PRS JUSCELINO KUBITSCHEK (PASSARÉ);;;3621;;Colisão Transversal;Luz do Dia;Bom;Seca;Meio de Quadra;Não Há Controle;Residencial;0;0;2;1;0;0;0;0;0;0;0;0;-38,529615;-3,813527
301742;26;8;2016;19:25;19790;RUA AZEVEDO BOLAO;RUA JOSE PONTES;;0;;Colisão Transversal;Via Iluminada;Bom;Seca;Cruz;Pare;Residencial;0;0;2;1;0;0;0;0;0;0;0;0;-38,568505;-3,738833
301743;26;8;2016;19:33;14421;AV SGT HERMINIO SAMPAIO;RUA PDE ANCHIETA;;0;;Colisão Lateral;Mal Iluminada;Bom;Seca;Cruz;Semáforo;Comercial;0;0;2;1;0;0;0;0;0;1;0;0;-38,551079;-3,724693
301745;26;8;2016;19:19;0;RUA PRISCO BEZERRA;;;2180;;Colisão Lateral;Via Iluminada;Bom;Seca;Meio de Quadra;Não Há Controle;Residencial;0;0;2;1;0;0;0;0;0;0;0;0;;
301747;26;8;2016;19:30;0;RUA GALILEU;;;336;;Colisão Lateral;Via Iluminada;Bom;Seca;Meio de Quadra;Pare;Comercial;0;0;2;1;1;0;0;0;0;0;0;0;-38,551616;-3,776738
301748;26;8;2016;21:44;3767;AV IMPERADOR;AV DOMINGOS OLIMPIO;;0;;Colisão Traseira;Via Iluminada;Bom;Seca;Meio de Quadra;Semáforo;Comercial;0;0;2;1;0;0;0;0;0;0;0;0;-38,536697;-3,73479
301749;26;8;2016;21:49;7782;RUA OSVALDO CRUZ (ALDEOTA);RUA JULIO SIQUEIRA;;0;;Colisão Lateral;Via Iluminada;Bom;Não informada;Cruz;Gesto;Residencial;0;0;2;1;0;0;0;0;0;0;0;0;-38,5052;-3,75074
301750;26;8;2016;20:00;18994;AV ENG SANTANA JUNIOR;RUA AVILA GOULART;;0;;Colisão Transversal;Via Iluminada;Bom;Seca;Outros;Semáforo;Comercial;0;0;2;1;1;0;0;0;0;0;0;0;-38,480624;-3,733357
301753;26;8;2016;10:36;1578;RUA OSVALDO CRUZ (ALDEOTA);RUA GAL TERTULIANO POTYGUARA;;0;;Colisão Transversal;Luz do Dia;Bom;Seca;Cruz;Pare;Residencial;0;0;2;0;0;0;0;0;0;0;0;0;-38,502538;-3,74248
301754;27;8;2016;10:26;1711;RUA TEN ROMA;RUA CAP OLAVO;;0;;Colisão Transversal;Luz do Dia;Bom;Seca;Cruz;Pare;Comercial;0;0;2;0;0;0;0;0;0;0;0;0;-38,515485;-3,767971
301755;27;8;2016;13:40;5120;RUA JOAO CORDEIRO;AV MON TABOSA;;0;;Colisão Traseira;Luz do Dia;Bom;Seca;Meio de Quadra;Semáforo;Comercial;0;0;1;1;0;0;0;0;0;0;0;0;-38,512635;-3,724009
301756;27;8;2016;15:57;7648;AV CARNEIRO DE MENDONCA;RUA PAULO DE FRONTIM;;0;;Colisão Lateral;Luz do Dia;Bom;Seca;Cruz;Pare;Comercial;0;1;3;1;1;0;0;0;0;0;0;0;-38,570794;-3,761949
301757;27;8;2016;20:53;0;AV GODOFREDO PIMENTEL;;;720;;Colisão Transversal;Via Iluminada;Bom;Seca;Meio de Quadra;Pare;Comercial;0;1;1;0;0;0;0;0;0;1;0;0;;
301758;27;8;2016;21:44;0;AV C CJ CEARA;;;1025;;Colisão Traseira;Via Iluminada;Bom;Seca;Meio de Quadra;Não Há Controle;Residencial;0;0;1;1;0;0;0;0;0;0;0;0;-38,612195;-3,767713
301752;27;8;2016;08:50;7211;AV PRS CASTELO BRANCO;AV DR THEBERGE;;0;;Colisão Frontal;Luz do Dia;Bom;Seca;Cruz;Semáforo;Comercial;0;1;1;1;0;0;0;0;0;1;0;0;-38,563456;-3,710079
293725;27;8;2016;20:00;8061;AV JOAO PESSOA;RUA JOSE FACANHA;;;;Colisão Lateral;Via Iluminada;Bom;Seca;T;Não Há Controle;Residencial;0;3;1;1;0;0;0;0;0;1;0;0;-38,552846;-3,75615
293722;27;8;2016;01:26;15763;RUA TAQUATIARA;RUA HERBENE;;;;Colisão Lateral;Via Iluminada;Bom;Seca;Cruz;Pare;Industrial;0;0;4;1;1;0;0;0;0;0;0;0;-38,504232;-3,829826
293723;27;8;2016;23:00;25307;AV DES GONZAGA;AV JOSE LEON;;;;Colisão;;;;T;Pare;Comercial;0;1;1;1;0;0;0;0;1;0;0;0;-38,504513;-3,78708
293715;27;8;2016;11:25;3815;RUA PAULINO NOGUEIRA;RUA NOSSA SRA REMEDIOS;;;;Colisão Traseira;Luz do Dia;Bom;Seca;Cruz;Pare;Residencial;0;1;2;1;0;0;0;0;0;1;0;0;-38,538777;-3,743105
293716;27;8;2016;12:50;0;RUA FRANCISCO MATIAS;;;1103;;Colisão Lateral;Luz do Dia;Bom;Seca;Meio de Quadra;Não Há Controle;Residencial;0;1;2;1;0;0;0;0;0;0;0;0;;
293719;27;8;2016;08:20;22194;RUA ERETIDES MARTINS;AV SGT HERMINIO SAMPAIO;;;;Colisão Transversal;Luz do Dia;Bom;Seca;Cruz;Semáforo;Comercial;0;1;2;0;1;0;0;0;0;1;0;0;-38,560489;-3,726371
291155;27;8;2016;19:00;20043;AV PRUDENTE BRASIL;AV PALESTINA D68;;;;Colisão Transversal;;Bom;Seca;Cruz;Pare;Residencial;0;0;2;1;0;0;0;0;0;0;0;0;-38,533505;-3,806944
291160;27;8;2016;08:30;15144;AV RUI BARBOSA;AV MON TABOSA;;;;;Luz do Dia;Bom;Seca;Cruz;Semáforo;Lazer;0;0;2;0;0;0;0;0;0;1;0;0;-38,505696;-3,724441
291161;27;8;2016;11:30;15140;AV MON TABOSA;RUA VIRGILIO VASCONCELOS;;;;Colisão Traseira;Luz do Dia;Bom;Seca;T;Outros;Comercial;0;0;2;1;1;0;0;0;0;0;0;0;-38,508525;-3,724262
291165;27;8;2016;04:00;5269;RUA PDE IBIAPINA;AV DUQ CAXIAS;;;;Colisão Transversal;Via Iluminada;Bom;Seca;Cruz;Semáforo Intermitente;Comercial;1;1;0;1;0;0;0;0;0;1;0;0;-38,540226;-3,728446
291190;27;8;2016;09:05;10749;RUA PRO HERIBALDO COSTA;AV SEN FERNANDES TAVORA;;;;Colisão Lateral;Luz do Dia;Bom;Seca;Cruz;Semáforo;Comercial;0;0;1;1;0;0;0;0;0;0;0;0;-38,584384;-3,761006
291192;27;8;2016;01:00;14606;AV JOSE LEON;RUA GAL CAIADO DE CASTRO;;;;Colisão Frontal;Via Iluminada;Bom;Seca;T;Pare;Residencial;0;0;3;1;0;0;0;0;0;0;0;0;;
291185;27;8;2016;18:20;1321;RUA VICENTE LEITE;RUA MARCOS MACEDO;;;;Colisão Transversal;;Bom;Seca;Cruz;Pare;Residencial;0;1;1;1;0;0;0;0;0;0;0;0;-38,494787;-3,735201
291186;27;8;2016;09:05;0;AV DES MOREIRA;;;;;Colisão Lateral;Luz do Dia;Bom;Seca;Meio de Quadra;Outros;Comercial;0;0;2;1;0;0;1;0;0;0;0;0;;
291180;27;8;2016;17:20;20129;AV DEP PAULINO ROCHA;RUA POMPILIO GOMES;;;;Colisão Lateral;;Nublado;Seca;T;Semáforo;Residencial;0;0;2;1;0;0;0;0;0;1;0;0;-38,519652;-3,810076
291181;27;8;2016;00:00;0;AV SANTOS DUMONT;;;;;Choque c/ Obstáculo Fixo;Via Iluminada;Bom;Seca;Meio de Quadra;Não Há Controle;Comercial;0;0;2;1;0;0;0;0;0;0;0;0;;
291178;27;8;2016;18:00;24367;RUA ALM RUFINO;RUA VICENTE PADILHA;;;;Colisão Traseira;Via Iluminada;Bom;Seca;Cruz;Pare;Residencial;0;1;2;1;0;0;0;0;0;1;0;0;-38,537853;-3,766355
291175;27;8;2016;07:00;15896;RUA JOSE CAVALCANTE SOBR;RUA GURGEL DO AMARAL;;;;Colisão Lateral;Luz do Dia;Bom;Seca;T;Pare;Residencial;0;0;2;1;0;0;0;0;0;0;0;0;;
291170;27;8;2016;08:13;0;AV AMERICO BARREIRA;;;3114;;Colisão Traseira;Luz do Dia;Bom;Seca;Meio de Quadra;Pare;Comercial;0;0;2;1;0;0;0;0;0;0;0;0;;
291167;27;8;2016;10:00;5109;AV ALBERTO NEPOMUCENO;RUA DR JOAO MOREIRA;;;;Colisão Lateral;Luz do Dia;Bom;Seca;T;;Comercial;0;0;2;1;0;0;0;0;0;0;0;0;-38,524608;-3,723737
297276;27;8;2016;11:59;0;RUA TARCISIO PEIXOTO;;;326;;Colisão;Luz do Dia;;;Meio de Quadra;;;0;1;0;0;0;0;0;0;0;0;0;0;-38,587375;-3,751343
297292;27;8;2016;00:44;0;AV GAL OSORIO DE PAIVA;;;1127;;Queda;;;;Meio de Quadra;;;0;1;0;0;0;0;0;0;0;1;0;0;-38,57209;-3,779151
297296;27;8;2016;05:24;15144;AV MON TABOSA;AV RUI BARBOSA;;;;Colisão;Amanhecer;;;Cruz;Semáforo;Comercial;0;1;0;1;0;0;0;0;0;1;0;0;-38,505696;-3,724441
297299;27;8;2016;09:03;13378;AV ANTONIO SALES;RUA NOGUEIRA ACIOLI;;;;Colisão;Luz do Dia;;;Cruz;Semáforo;Comercial;0;1;0;1;0;0;0;0;0;1;0;0;-38,520316;-3,739866
297302;27;8;2016;11:04;0;RUA ODORICO DE MORAIS;;;315;;Colisão;Luz do Dia;;;Meio de Quadra;;;0;1;0;0;0;0;0;0;0;0;0;0;;
297342;27;8;2016;18:11;0;RUA JOSE ABILIO;;;860;;Colisão;Anoitecer;;;Meio de Quadra;;;0;1;0;1;0;0;0;0;0;1;0;0;;
297346;27;8;2016;19:10;2809;RUA BOM JESUS (GRANJA LISBOA);RUA ITU;;;;Colisão;;;;;;;0;1;0;1;0;0;0;0;0;1;0;0;-38,603531;-3,793664
297347;27;8;2016;21:30;0;AV PRS COSTA E SILVA;;;;;Colisão;;;;Meio de Quadra;;;0;1;0;1;0;0;0;0;0;1;0;0;;
296978;27;8;2016;04:10;0;RD BR 222;;;800;;Colisão Traseira;;;;Meio de Quadra;;;0;0;2;1;0;0;0;0;0;0;0;0;;
291603;27;8;2016;07:30;23373;RUA CAP TIBURCIO DA FROTA;RUA OSVALDO CRUZ (ALDEOTA);;;;Colisão Transversal;Luz do Dia;Bom;Seca;Cruz;Pare;Residencial;0;0;2;1;0;0;0;0;0;0;0;0;-38,506329;-3,754269
293511;27;8;2016;10:00;0;RD CE-040;;;;KM-04;Colisão;Luz do Dia;Bom;Seca;Meio de Quadra;;;0;0;2;1;0;0;0;0;0;0;0;0;-38,481084;-3,782614
293517;27;8;2016;11:20;0;RD CE-040;;;;KM-09;Colisão;Luz do Dia;Bom;Seca;Meio de Quadra;;;0;0;2;1;0;0;0;0;0;0;0;0;-38,481538;-3,825516
293519;28;8;2016;12:25;0;RD CE-025;;;;KM-07;Colisão;Luz do Dia;Bom;Seca;Meio de Quadra;;;0;0;2;1;0;0;0;0;0;0;0;0;-38,422916;-3,817237
296984;28;8;2016;12:15;0;RD BR 116;;;10000;KM-10;Choque c/ Obstáculo Fixo;Luz do Dia;;;Meio de Quadra;;;0;1;1;1;0;0;1;0;0;0;0;0;-38,503373;-3,834435
297359;28;8;2016;19:08;0;AV ENG HUMBERTO MONTE;;;901;;Colisão;;;;Meio de Quadra;;;0;2;1;0;0;0;0;0;0;0;0;0;-38,559107;-3,750875
297366;28;8;2016;01:25;0;RUA LINEU JUCA;;;349;;Colisão;;;;Meio de Quadra;;;0;1;0;0;0;0;0;0;0;1;0;0;-38,534327;-3,768461
297394;28;8;2016;11:49;7130;AV DR THEBERGE;RUA NOSSA SRA DAS GRACAS;;;;Atropelamento;Luz do Dia;;;Cruz;Não Há Controle;Residencial;0;1;0;0;0;0;0;0;0;1;0;0;-38,562576;-3,70742
297444;28;8;2016;16:51;0;AV SEN FERNANDES TAVORA;;;;;Colisão;Luz do Dia;;;Meio de Quadra;;;0;1;0;0;0;0;0;0;0;0;0;0;;
291194;28;8;2016;09:30;5316;RUA FLORIANO PEIXOTO;RUA PEDRO PEREIRA;;;;;Luz do Dia;Bom;Seca;Cruz;Semáforo;Comercial;0;1;1;1;0;0;0;0;0;0;0;0;-38,527962;-3,729873
291197;28;8;2016;11:20;0;RUA ADOLFO CAMINHA;;;;;Colisão Traseira;Luz do Dia;Bom;Seca;;;;0;0;2;1;0;0;0;0;0;0;0;0;;
291199;28;8;2016;12:30;24954;AV ALM HENRIQUE SABOIA;RUA DR JOSE LINO;;;;Colisão Lateral;Luz do Dia;Bom;Seca;Outros;Não Há Controle;Residencial;0;1;1;0;0;0;0;0;0;1;0;0;-38,481934;-3,730972
291200;28;8;2016;10:10;735;AV DR THEBERGE;AV TEN LISBOA;;;;Colisão Transversal;;Bom;Seca;Cruz;Não Há Controle;Residencial;0;0;2;1;0;0;0;0;0;1;0;0;-38,566942;-3,720711
291201;28;8;2016;20:00;5750;RUA JULIO LIMA;RUA CON BRAVEZA;;;;Colisão Transversal;Via Iluminada;Bom;Seca;Cruz;Pare;Residencial;0;0;2;0;0;0;0;0;0;0;0;0;-38,49891;-3,795454
291207;28;8;2016;02:30;0;AV JOSE BASTOS;;;4915;;Choque c/ Obstáculo Fixo;Via Iluminada;Bom;Seca;Meio de Quadra;Não Há Controle;Comercial;0;0;1;1;0;0;0;0;0;0;0;0;-38,559864;-3,757237
291205;28;8;2016;06:35;0;RUA CARLOS AMORA;;;136;;Colisão Frontal;Luz do Dia;Bom;Seca;Meio de Quadra;Semáforo;Comercial;0;0;2;1;0;0;0;1;0;0;0;0;-38,56373;-3,775085
291213;28;8;2016;23:10;0;RUA GEORGE ROCHA;;;;;Colisão Transversal;Via Iluminada;Bom;Seca;Meio de Quadra;Dê Preferência;Comercial;0;0;2;1;0;0;0;0;0;0;0;0;;
291215;28;8;2016;18:30;13436;AV ANTONIO SALES;RUA DR JOSE LOURENCO;;;;Colisão;Via Iluminada;Bom;Seca;Cruz;Semáforo;Residencial;0;0;2;1;0;0;0;0;0;0;0;0;-38,51045;-3,742954
291220;28;8;2016;10:30;24168;RUA DO MORRO;RUA DA ALBACORA;;;;Choque c/ Obstáculo Fixo;Luz do Dia;Bom;Seca;T;;Residencial;1;0;4;0;0;0;0;0;0;1;0;0;-38,473451;-3,731042
291221;28;8;2016;12:30;4087;AV FRANCISCO SA;RUA LUCAS PINTO;;;;Colisão Lateral;Luz do Dia;Bom;Seca;Cruz;Não Há Controle;Misto;0;0;2;1;0;0;0;0;0;1;0;0;-38,559268;-3,716763
293726;28;8;2016;07:50;9020;RUA JAIME BENEVOLO;RUA SALDANHA MARINHO;;;;Colisão;Luz do Dia;;;Cruz;Semáforo;Residencial;0;0;2;1;0;0;0;0;0;1;0;0;-38,528994;-3,743046
293727;28;8;2016;08:50;15207;AV RUI BARBOSA;RUA DEP MOREIRA DA ROCHA;;;;Colisão Lateral;Amanhecer;Bom;Seca;Cruz;Semáforo;Residencial;0;2;1;1;0;0;0;0;0;0;0;0;-38,506454;-3,726748
293729;28;8;2016;21:30;0;AV SEN CARLOS JEREISSATI (AEROPORTO);;;;;Colisão;;;;Meio de Quadra;;;0;0;2;1;0;0;0;0;0;0;0;0;;
301759;28;8;2016;07:11;22147;RUA PAPI JUNIOR;RUA GUSTAVO BRAGA;;;;Choque c/ Obstáculo Fixo;Luz do Dia;Bom;Seca;Cruz;Pare;Residencial;0;0;1;0;0;0;0;0;0;0;0;0;-38,554656;-3,749148
301760;28;8;2016;12:57;0;RUA CEL DIONISIO ALENCAR;;;344;;Engavetamento;Luz do Dia;Bom;Seca;Meio de Quadra;Pare;Residencial;0;0;3;1;1;0;0;0;0;0;0;0;;
301761;28;8;2016;12:04;23039;AV DR SILAS MUNGUBA;RUA PARAGUACU D45;;0;;Colisão Transversal;Luz do Dia;Bom;Seca;Cruz;Semáforo;Comercial;0;1;1;1;0;0;0;0;0;1;0;0;-38,540724;-3,790248
301762;28;8;2016;16:14;20113;RUA CRISANTO ARRUDA;AV DEP PAULINO ROCHA;;0;;Colisão Traseira;Luz do Dia;Bom;Seca;T;Pare;Comercial;0;1;1;1;0;0;0;0;0;1;0;0;-38,522343;-3,809399
301763;28;8;2016;15:40;15322;RUA CANUTO DE AGUIAR;RUA BARBOSA DE FREITAS;;0;;Colisão Transversal;Via Iluminada;Bom;Seca;Cruz;Pare;Residencial;0;1;1;1;0;0;0;0;0;1;0;0;-38,495453;-3,730624
301764;28;8;2016;18:19;19539;AV DR SILAS MUNGUBA;RUA EQUADOR;;0;;Colisão Transversal;Via Iluminada;Bom;Seca;Cruz;Não Há Controle;Comercial;0;1;1;0;0;0;0;0;0;1;0;0;-38,555434;-3,782377
301765;28;8;2016;19:10;7733;AV JOAO PESSOA;RUA BAR SOBRAL;;0;;Colisão Lateral;Via Iluminada;Bom;Seca;Cruz;Semáforo;Residencial;0;0;2;1;1;0;0;0;0;0;0;0;;
301766;28;8;2016;18:40;0;RUA CON DE CASTRO;RUA PLACIDO DE CASTRO;;0;;Atropelamento;Mal Iluminada;Bom;Seca;Meio de Quadra;Pare;Residencial;0;2;0;0;0;0;0;0;0;1;0;0;-38,581675;-3,793924
301767;28;8;2016;19:51;0;RUA A CJ ARVOREDO;;;116;;Colisão Transversal;Via Iluminada;Bom;Seca;Meio de Quadra;Pare;Residencial;0;0;2;1;0;0;0;0;0;0;0;0;;
301768;28;8;2016;18:30;26247;RUA JOSE ABILIO;RUA DUAS NACOES;;0;;Colisão Transversal;Via Iluminada;Bom;Seca;Cruz;Pare;Residencial;0;0;2;1;0;0;0;0;0;0;0;0;;
301769;28;8;2016;20:27;19306;AV GAL OSORIO DE PAIVA;RUA EDUARDO PERDIGAO;;0;;Engavetamento;Via Iluminada;Bom;Seca;Cruz;Semáforo;Comercial;0;0;2;1;0;0;0;0;0;0;0;0;-38,565454;-3,774747
301770;28;8;2016;20:59;15238;RUA TEN BENEVOLO;RUA BAR ARACATI;;0;;Colisão Lateral;Via Iluminada;Bom;Seca;Cruz;Pare;Residencial;0;0;2;1;0;0;0;0;0;0;0;0;-38,510266;-3,727628
301771;28;8;2016;21:15;25254;RUA CRISANTO M DA ROCHA;RUA JOAQUIM DE FIGUEIREDO FILHO;;0;;Colisão Transversal;Via Iluminada;Bom;Seca;Cruz;Pare;Residencial;0;0;2;1;0;0;0;0;0;0;0;0;;
297451;28;8;2016;19:55;0;AV MAE LISBOA;;;2279;;Queda;;;;Meio de Quadra;;;0;1;0;0;0;1;0;0;0;0;0;0;-38,459389;-3,807236
297462;29;8;2016;03:57;0;AV FRANCISCO SA;;;2767;;Colisão;;;;Meio de Quadra;;;0;1;0;1;0;1;0;0;0;0;0;0;-38,550288;-3,719747
297465;29;8;2016;16:01;9150;RUA DOM SEBASTIAO LEME;RUA CEL PERGENTINO FERREIRA;;;;Queda;Luz do Dia;;;Cruz;Pare;Comercial;0;1;0;0;0;0;0;0;0;1;0;0;-38,525802;-3,748879