COD_ACIDENTE;DIA;MES;ANO;HORA;INTERSECAO;LOG1;LOG2;LOG3;NUMERO;REFERENCIA;NATUREZA;ILUMINACAO;TEMPO;SUPERFICIEPISTA;TIPOCRUZAMENTO;CONTROLETRAFEGO;USOSOLO;MORTOS;FERIDOS;ILESOS;AUTOMOVEL;ONIBUS;BICICLETA;CAMINHAO;MICROONIBUS;CICLOMOTOR;MOTOCICLETA;TRACAOANIMAL;TREM;LONG;LAT
301772;29;8;2016;08:37;0;AV EDUARDO GIRAO;RUA MAJ LAURINDO;;0;;Colisão Traseira;Luz do Dia;Bom;Seca;T;Pare;Comercial;0;0;2;1;0;0;0;0;0;0;0;0;-38,540162;-3,748246
301773;29;8;2016;08:53;19753;RUA ERICO MOTA;RUA AZEVEDO BOLAO;;0;;Colisão Transversal;Luz do Dia;Bom;Seca;Cruz;Pare;Residencial;0;1;1;1;0;0;0;0;0;1;0;0;-38,562522;-3,737645
301774;29;8;2016;11:52;0;AV CARNEIRO DE MENDONCA;;;1400;;Colisão Transversal;Luz do Dia;Bom;Seca;Meio de Quadra;Semáforo;Comercial;0;0;2;0;0;0;0;0;0;1;0;0;-38,571519;-3,761556
301775;29;8;2016;14:40;0;AV DA UNIVERSIDADE;;;3199;;Choque c/ Obstáculo Fixo;Luz do Dia;Bom;Seca;Meio de Quadra;Não Há Controle;Comercial;0;1;0;1;0;0;0;0;0;0;0;0;-38,541495;-3,743587
301776;29;8;2016;14:25;25186;RUA VER PEDRO PAULO MOREIRA;RUA REPUBLICA ARMENIA;;0;;Colisão Transversal;Luz do Dia;Bom;Seca;Cruz;Pare;Comercial;0;0;2;1;0;0;0;0;0;0;0;0;-38,48156;-3,787002
301777;29;8;2016;18:00;0;AV FRE CIRILO;;;3810;;Colisão Traseira;Via Iluminada;Bom;Seca;Meio de Quadra;Não Há Controle;Comercial;0;0;2;1;0;0;0;0;0;0;0;0;-38,497342;-3,817458
301778;29;8;2016;15:11;23436;RUA MON SALAZAR;RUA CAP GUSTAVO;;0;;Colisão Lateral;Luz do Dia;Bom;Seca;Cruz;Pare;Comercial;0;0;2;1;0;0;0;0;0;0;0;0;-38,516507;-3,756364
301779;29;8;2016;18:00;0;AV H CJ CEARA;;;1056;;Colisão Lateral;Anoitecer;Bom;Seca;Meio de Quadra;Não Há Controle;Comercial;0;0;1;0;0;0;0;0;0;1;0;0;-38,606925;-3,775328
293731;29;8;2016;08:00;22127;RUA MAJ PEDRO SAMPAIO;RUA GUSTAVO BRAGA;;;;Colisão;Luz do Dia;;;Cruz;Pare;Residencial;0;1;1;1;0;0;0;0;0;1;0;0;-38,555389;-3,748479
293740;29;8;2016;14:00;0;RUA NELSON COELHO;;;232;;Colisão Lateral;Luz do Dia;Bom;Seca;Meio de Quadra;Não Há Controle;Residencial;0;2;2;1;0;0;0;0;0;1;0;0;-38,46394;-3,827729
293738;29;8;2016;14:30;13381;RUA JOAO BRIGIDO;RUA JOAO CORDEIRO;;640;;Colisão Transversal;Luz do Dia;Bom;Seca;Cruz;Semáforo;Comercial;0;0;4;1;0;0;0;0;0;0;0;0;-38,51787;-3,739927
293733;29;8;2016;12:40;0;AV AGUANAMBI;;;628;;Colisão Transversal;Luz do Dia;Bom;Seca;Meio de Quadra;Semáforo;Comercial;0;0;2;0;0;0;0;0;0;1;0;0;-38,525843;-3,742692
293736;29;8;2016;17:50;15213;RUA TEN BENEVOLO;RUA ANTONIO AUGUSTO;;;;Colisão Lateral;Luz do Dia;Bom;Seca;Cruz;Pare;Comercial;0;2;2;1;0;0;0;0;0;1;0;0;-38,512383;-3,726933
291211;29;8;2016;14:00;18028;AV DIOGUINHO;RUA RENATO BRAGA;;;;Colisão Transversal;Luz do Dia;;;;;;0;0;2;1;0;0;0;0;0;1;0;0;-38,458889;-3,731428
291219;29;8;2016;18:00;0;AV EDILSON B SOARES;;;;;Colisão Traseira;Anoitecer;;;Meio de Quadra;;;0;0;3;1;0;0;0;0;0;0;0;0;;
291260;29;8;2016;14:55;0;RUA VIS MAUA;;;105;;Capotamento;Luz do Dia;;;Meio de Quadra;;;0;0;2;1;0;0;0;0;0;0;0;0;;
291173;29;8;2016;10:30;5415;RUA FLORIANO PEIXOTO;RUA GAL CLARINDO DE QUEIROZ;;;;Colisão Transversal;Luz do Dia;;;Cruz;Pare;Comercial;0;0;2;1;0;0;0;0;0;0;0;0;-38,529027;-3,733049
291171;29;8;2016;08:30;26177;RUA BERNARDO MANUEL;RUA H CJ MONTENEGRO I;;;;Colisão Traseira;Luz do Dia;;;T;Pare;Residencial;0;1;1;0;0;0;0;0;0;1;0;0;;
291296;29;8;2016;17:04;0;AV DOS EXPEDICIONARIOS;;;5150;;Colisão Traseira;Anoitecer;;;Meio de Quadra;;;0;0;2;1;0;0;0;0;0;0;0;0;-38,541309;-3,765368
291294;29;8;2016;09:15;0;AV DOM MANUEL;;;3;;Colisão Lateral;Luz do Dia;;;Meio de Quadra;;;0;0;2;1;0;0;0;0;0;1;0;0;-38,519601;-3,723615
291343;29;8;2016;09:40;0;RUA DES WALDETARIO P MOTA;;;;;Colisão Lateral;Luz do Dia;;;Meio de Quadra;;;0;0;2;0;1;0;0;1;0;0;0;0;;
291344;29;8;2016;18:30;0;AV ENG HUMBERTO MONTE;;;;;Colisão Traseira;Anoitecer;;;Meio de Quadra;;;0;0;2;1;0;0;0;0;0;0;0;0;;
291340;29;8;2016;21:00;13304;AV I CJ JOSE WALTER;AV G CJ JOSE WALTER;;;;Colisão Lateral;;;;T;Pare;Residencial;0;1;1;1;0;0;0;0;0;1;0;0;-38,554956;-3,839061
296992;29;8;2016;07:40;0;RD BR 116;;;10000;KM-10;Colisão Traseira;Luz do Dia;;;Meio de Quadra;;;0;0;2;1;0;0;0;0;0;0;0;0;-38,503373;-3,834435
293576;29;8;2016;16:30;0;RD CE-040;;;;KM-07;Atropelamento;Luz do Dia;Bom;Seca;Meio de Quadra;;;0;1;1;1;0;0;0;0;0;0;0;0;-38,478733;-3,809597
293572;29;8;2016;08:00;0;RD CE-040;;;;KM-08;Colisão;Luz do Dia;Bom;Seca;Meio de Quadra;;;0;0;2;1;0;0;0;0;0;0;0;0;-38,483033;-3,817159
293578;30;8;2016;08:00;0;AV SEN CARLOS JEREISSATI (AEROPORTO);;;;KM 01;Colisão;Luz do Dia;Bom;Seca;Meio de Quadra;;;0;0;2;0;0;0;0;0;0;1;0;0;-38,52685;-3,783753
293579;30;8;2016;12:00;0;RD CE-040;;;;KM-02;Colisão;Luz do Dia;Bom;Seca;Meio de Quadra;;;0;0;2;1;0;0;1;0;0;0;0;0;-38,482583;-3,76465
291847;30;8;2016;06:40;0;AV GAL OSORIO DE PAIVA;;;6197;;Colisão Lateral;Luz do Dia;Bom;Seca;Meio de Quadra;Não Há Controle;Comercial;1;0;1;1;0;0;0;0;1;0;0;0;-38,607062;-3,810051
296994;30;8;2016;08:35;0;RD BR 116;;;400;KM-05;Colisão Traseira;Luz do Dia;;;Meio de Quadra;;;0;0;2;1;1;0;0;0;0;0;0;0;-38,50617967;-3,797701134
291347;30;8;2016;07:20;2742;RUA OSCAR ARARIPE;RUA MARIA JULIA;;;;Colisão Transversal;Luz do Dia;;;Cruz;Semáforo;Comercial;0;0;2;1;0;0;0;0;1;0;0;0;-38,599484;-3,79113
291287;30;8;2016;09:00;0;AV JOSE JATAHY;;;101;;Colisão Lateral;Luz do Dia;;;Meio de Quadra;;;0;0;2;1;0;0;1;0;0;0;0;0;-38,543176;-3,740188
291288;30;8;2016;14:20;3789;AV 13 DE MAIO;RUA WALDERY UCHOA;;;;Colisão Traseira;Luz do Dia;;;Cruz;Outros;Comercial;0;0;2;1;0;0;0;0;0;0;0;0;-38,537427;-3,742399
291297;30;8;2016;09:00;0;AV 13 DE MAIO;;;;;Colisão;Luz do Dia;;;Meio de Quadra;;;0;0;3;1;0;0;1;0;0;0;0;0;;
291354;30;8;2016;17:30;0;RUA CAMPINENSE;;;;;Colisão;Anoitecer;;;Meio de Quadra;;;0;0;2;1;1;0;0;0;0;0;0;0;;
291373;30;8;2016;16:00;0;RUA MIN EDUARDO ELERY BARREIRA;;;570;;Colisão Lateral;Luz do Dia;;;Meio de Quadra;;;0;0;2;1;0;0;0;1;0;0;0;0;-38,483798;-3,7616
291392;30;8;2016;16:15;0;AV ALBERTO CRAVEIRO;;;2770;CASTELAO;Colisão Transversal;Luz do Dia;;;Meio de Quadra;;;0;0;2;1;0;0;0;0;0;1;0;0;-38,523255;-3,805335
291396;30;8;2016;07:40;15104;AV HIS RAIMUNDO GIRAO;RUA ILDEFONSO ALBANO;;;;Colisão Lateral;Luz do Dia;;;Cruz;Semáforo;Outros;0;0;2;1;1;0;0;0;0;0;0;0;-38,509542;-3,721603
291398;30;8;2016;11:50;0;AV FRANCISCO SA;;;4834;;Colisão Traseira;Luz do Dia;;;Meio de Quadra;;;0;0;2;1;0;0;1;0;0;0;0;0;-38,567734;-3,713874
291401;30;8;2016;10:30;0;AV ANTONIO SALES;;;20;;Colisão Lateral;Luz do Dia;;;Meio de Quadra;;;0;0;2;1;0;0;0;0;0;0;0;0;;
291253;30;8;2016;07:30;8692;RUA RANGEL PESTANA;RUA SALVADOR CORREIA SA;;;;Colisão Transversal;Luz do Dia;;;Cruz;Não Há Controle;Rural;0;1;1;1;0;0;0;0;0;1;0;0;-38,475295;-3,790284
291263;30;8;2016;20:50;0;AV DOMINGOS OLIMPIO;;;185;;Colisão Transversal;;;;Meio de Quadra;;;0;0;3;1;0;0;0;0;0;1;0;0;-38,526273;-3,738102
291256;30;8;2016;21:30;5219;AV TRISTAO GONCALVES;RUA LIBERATO BARROSO;;;;Colisão;;;;Cruz;Semáforo;Comercial;0;2;1;1;0;0;0;0;0;1;0;0;-38,533116;-3,726826
291218;30;8;2016;06:50;22158;AV JOSE BASTOS;RUA GUSTAVO BRAGA;;;;Colisão Transversal;Luz do Dia;;;T;Semáforo;Comercial;0;1;2;1;0;0;0;0;0;1;0;0;-38,551989;-3,751535
293743;30;8;2016;17:00;0;AV GOV RAUL BARBOSA;;;4262;;Tombamento;Luz do Dia;Bom;Seca;Outros;Não Há Controle;Comercial;0;1;5;1;0;0;0;0;0;0;0;0;-38,507689;-3,761633
293744;30;8;2016;10:00;0;RD DR MENDEL STEINBRUCH;;;6000;;Colisão;Luz do Dia;;;Meio de Quadra;;;0;0;2;0;0;0;1;0;0;1;0;0;;
293746;30;8;2016;15:36;0;RUA DR ALMEIDA LUSTOSA (MONDUBIM);;;;;Colisão;Luz do Dia;;;Meio de Quadra;;;0;0;2;0;0;0;0;0;0;1;0;0;;
293748;30;8;2016;17:10;7645;RUA ESTADO DO RIO;RUA PERNAMBUCO;;;;Colisão Transversal;Luz do Dia;Bom;Seca;Cruz;Pare;Comercial;0;2;3;1;0;0;0;0;0;0;0;0;-38,570848;-3,758439
301780;30;8;2016;07:40;0;AV I CJ JOSE WALTER;;;901;;Colisão Transversal;Luz do Dia;Bom;Seca;Meio de Quadra;Não Há Controle;Residencial;0;0;2;1;0;0;0;0;0;0;0;0;;
301781;30;8;2016;10:25;7942;RUA TOMAS ACIOLI;RUA JOAQUIM NABUCO;;0;;Colisão Lateral;Luz do Dia;Bom;Seca;Duplo T;Pare;Residencial;0;0;1;1;0;0;0;0;0;0;0;0;-38,504883;-3,746461
301782;30;8;2016;09:10;0;RUA GONTRAN GIFFONI;;;366;;Colisão Lateral;Luz do Dia;Bom;Seca;T;Pare;Comercial;0;0;2;1;0;0;0;0;0;0;0;0;-38,494078;-3,766949
301783;30;8;2016;11:21;0;AV SANTOS DUMONT;;;2161;;Colisão Transversal;Luz do Dia;Bom;Seca;Meio de Quadra;Não Há Controle;Residencial;0;0;2;1;0;0;0;0;0;0;0;0;-38,504929;-3,734094
301784;30;8;2016;11:51;0;AV DES MOREIRA;;;2889;;Colisão Traseira;Luz do Dia;Bom;Seca;Meio de Quadra;Semáforo;Comercial;0;1;1;0;0;0;0;0;0;1;0;0;-38,503442;-3,7521
301785;30;8;2016;15:17;0;AV MIGUEL DIAS;;;0;SHOPPING AUTOMOVEL;Colisão Traseira;Luz do Dia;Bom;Seca;Meio de Quadra;Semáforo;Comercial;0;0;3;1;0;0;0;0;0;0;0;0;;
301786;30;8;2016;16:10;0;AV AGUANAMBI;;;0;;Engavetamento;Luz do Dia;Bom;Seca;Meio de Quadra;Não Há Controle;Comercial;0;0;4;1;0;0;0;0;0;0;0;0;;
301787;30;8;2016;15:58;0;AV GAL OSORIO DE PAIVA;;;1200;;Colisão Transversal;Luz do Dia;Bom;Seca;Meio de Quadra;Não Há Controle;Comercial;0;0;2;1;0;0;0;0;0;0;0;0;-38,572855;-3,779641
301788;30;8;2016;18:55;0;AV PRS COSTA E SILVA;RUA VER ZELIA C DE SOUZA;;0;;Colisão Lateral;Via Iluminada;Bom;Seca;Meio de Quadra;Pare;Comercial;0;0;2;1;1;0;0;0;0;0;0;0;;
301789;30;8;2016;19:15;0;AV 13 DE MAIO;;;1331;;Colisão Traseira;Via Iluminada;Bom;Seca;Não Informado;Semáforo;Comercial;0;0;2;1;0;0;0;0;0;1;0;0;-38,530677;-3,748174
301938;30;8;2016;20:45;0;RUA GUARUJA;RUA LUIS CARLOS L RIBEIRO;;0;;Colisão Transversal;Via Iluminada;Bom;Seca;T;Não Há Controle;Residencial;0;2;0;1;0;0;0;0;0;1;0;0;;
297471;30;8;2016;07:55;0;AV CASTELO DE CASTRO;;;1126;;Colisão;Luz do Dia;;;Meio de Quadra;;;0;1;0;0;0;0;0;0;0;0;0;0;-38,521746;-3,838891
297542;30;8;2016;22:35;0;RUA VALPARAISO;;;454;;Colisão;;;;Meio de Quadra;;;0;1;0;0;0;0;0;0;0;0;0;0;-38,525268;-3,844622
297475;30;8;2016;21:25;0;AV PRS CASTELO BRANCO;;;6181;;Colisão;;;;Meio de Quadra;;;0;2;0;1;0;0;0;0;0;1;0;0;-38,585901;-3,700918
297900;30;8;2016;11:15;0;AV ALM MAXIMIANO DA FONSECA;;;1228;;Colisão;Luz do Dia;;;Meio de Quadra;;;0;2;1;1;0;0;0;0;0;1;0;0;;
297862;30;8;2016;10:53;8643;AV EDILSON B SOARES;AV ENG LEAL LIMA VERDE (SAPIRANGA/COITE);;;;Colisão Transversal;Luz do Dia;Bom;Seca;Cruz;Pare;Comercial;0;1;4;1;0;0;0;0;0;1;0;0;-38,476215;-3,789082
297878;30;8;2016;11:01;13021;AV I CJ JOSE WALTER;AV A CJ JOSE WALTER;;;;Colisão;Luz do Dia;;;Cruz;Pare;Residencial;0;2;1;1;0;0;0;0;0;1;0;0;-38,550935;-3,825834
297851;30;8;2016;09:39;0;AV I CJ JOSE WALTER;;;;;Queda;Luz do Dia;;;Meio de Quadra;;;0;1;0;1;0;0;0;0;0;1;0;0;;
297828;30;8;2016;09:26;0;RUA TEODORO DE CASTRO;;;901;;Queda;Luz do Dia;;;Meio de Quadra;;;0;1;0;0;0;1;0;0;0;0;0;0;-38,599022;-3,781445
297818;30;8;2016;09:25;0;RUA JULIO BRAGA;;;1419;;Colisão;Luz do Dia;;;Meio de Quadra;;;0;1;1;1;0;0;0;0;0;1;0;0;-38,58343;-3,774024
297812;30;8;2016;07:54;0;RUA CAIO CARLOS;;;;;Colisão;Luz do Dia;;;Meio de Quadra;;;0;1;1;1;0;0;0;0;0;1;0;0;;
297809;30;8;2016;07:33;0;RUA RANGEL PESTANA;;;1277;;Colisão;Luz do Dia;;;Meio de Quadra;;;0;1;0;1;0;0;0;0;0;1;0;0;-38,467247;-3,789572
297799;30;8;2016;06:22;0;AV PERIMETRAL;;;1720;;Colisão;Luz do Dia;;;Meio de Quadra;;;0;1;1;1;0;0;0;0;0;1;0;0;;
297993;30;8;2016;16:36;0;RUA BOM JESUS (BARRA DO CEARA);;;;;Colisão;Luz do Dia;;;Meio de Quadra;;;0;1;1;1;0;0;0;0;0;1;0;0;;
297994;30;8;2016;17:18;0;AV CEL CARVALHO;;;1997;;Colisão;Anoitecer;;;Meio de Quadra;;;0;1;1;0;0;0;0;0;0;0;0;0;-38,587245;-3,720102
297996;30;8;2016;17:27;20921;RUA CHILE;RUA BENJAMIM CONSTANT;;;;Atropelamento;Anoitecer;;;Cruz;Pare;Residencial;0;1;1;0;0;0;0;0;0;0;0;0;-38,568226;-3,749092
297986;30;8;2016;16:04;0;AV OLIVEIRA PAIVA;;;;;Atropelamento;Luz do Dia;;;Meio de Quadra;;;0;1;1;1;0;0;0;0;0;0;0;0;;
297979;30;8;2016;15:33;0;RUA ESTADO DO RIO;;;859;;Colisão;Luz do Dia;;;Meio de Quadra;;;0;1;1;1;0;0;0;0;0;1;0;0;-38,570797;-3,758377
297923;30;8;2016;12:45;0;AV GOV RAUL BARBOSA;;;;;Colisão;Luz do Dia;;;Meio de Quadra;;;0;2;1;1;0;0;0;0;0;1;0;0;;
297925;30;8;2016;13:24;0;AV ODILON GUIMARAES;;;1220;;Colisão;Luz do Dia;;;Meio de Quadra;;;0;1;1;1;0;0;0;0;0;1;0;0;-38,481217;-3,827615
297947;30;8;2016;13:34;0;AV CENTRAL;;;;;Colisão;Luz do Dia;;;Meio de Quadra;;;0;1;1;1;0;0;0;0;0;1;0;0;;
297913;30;8;2016;12:10;0;AV BORGES DE MELO;;;;;Atropelamento;Luz do Dia;;;Meio de Quadra;;;0;3;0;0;0;0;0;0;0;1;0;0;;
297905;30;8;2016;12:00;0;RUA ADOLFO MARINHO (VILA VELHA);;;587;;Colisão;Luz do Dia;;;Meio de Quadra;;;0;1;1;0;0;0;0;0;0;0;0;0;;
297795;31;8;2016;21:08;0;RUA CON DE CASTRO;;;4500;;Queda;;;;Meio de Quadra;;;0;1;0;0;0;1;0;0;0;0;0;0;-38,591738;-3,804822
297796;31;8;2016;21:20;0;AV N CJ JOSE WALTER;;;1472;;Colisão;;;;Meio de Quadra;;;0;1;0;0;0;0;0;0;0;0;0;0;;
297797;31;8;2016;21:38;22099;AV JOSE BASTOS;RUA JOSE FACANHA;;;;Queda;;;;Cruz;Semáforo;Comercial;0;1;0;0;0;0;0;0;0;1;0;0;-38,554822;-3,754359
297783;31;8;2016;20:49;0;AV GODOFREDO MACIEL;;;4289;;Colisão;;;;Meio de Quadra;;;0;1;0;0;0;0;0;0;0;0;0;0;-38,574909;-3,812226
297754;31;8;2016;19:31;10453;RUA DAS PEDRINHAS;AV I CJ CEARA;;;;Atropelamento;;;;;;;0;1;0;0;0;0;0;0;0;0;0;0;-38,601152;-3,766922
297748;31;8;2016;19:01;0;AV ENG ALBERTO SA;;;725;;Colisão;;;;Meio de Quadra;;;0;2;0;1;0;0;0;0;0;1;0;0;-38,474427;-3,734966
297749;31;8;2016;19:18;0;RUA MARTINS CARVALHO;;;3436;;Queda;;;;Meio de Quadra;;;0;1;0;0;0;0;0;0;0;1;0;0;-38,625732;-3,78906
297739;31;8;2016;17:26;0;AV ABOLICAO;;;;;Colisão;Anoitecer;;;Meio de Quadra;;;0;1;0;1;0;0;0;0;0;1;0;0;;
297740;31;8;2016;17:30;15214;RUA LEONARDO MOTA;AV ABOLICAO;;;;Atropelamento;Anoitecer;;;T;Pare;Comercial;0;3;0;0;0;0;0;0;0;0;0;0;-38,493236;-3,726977
297741;31;8;2016;17:34;7172;RUA NOSSA SRA DAS GRACAS;RUA VICENTE SABOIA;;;;Colisão;Anoitecer;;;;;;0;1;0;1;0;0;0;0;0;1;0;0;-38,559434;-3,708368
297743;31;8;2016;18:01;8652;AV EDILSON B SOARES;RUA MARIO ALENCAR ARARIPE;;;;Atropelamento;Anoitecer;;;T;Semáforo;Escola;0;1;0;1;0;0;0;0;0;0;0;0;-38,478792;-3,789298
297744;31;8;2016;18:29;0;AV AUGUSTO DOS ANJOS;;;1659;;Colisão;Anoitecer;;;Meio de Quadra;;;0;1;0;1;0;0;0;0;0;1;0;0;-38,579762;-3,780861
297745;31;8;2016;18:29;12455;AV SEN FERNANDES TAVORA;RUA RIO GRANDE DO SUL;;;;Colisão;Anoitecer;;;T;Semáforo;Comercial;0;1;0;0;0;0;0;0;0;0;0;0;-38,572159;-3,768083
297570;31;8;2016;07:36;0;AV GAL OSORIO DE PAIVA;;;3477;;Colisão;Luz do Dia;;;Meio de Quadra;;;0;1;1;1;0;0;0;0;0;1;0;0;-38,589222;-3,79152
297588;31;8;2016;12:18;0;RUA ROSINHA SAMPAIO;;;192;;Queda;Luz do Dia;;;Meio de Quadra;;;0;1;0;0;0;0;0;0;0;1;0;0;;
297628;31;8;2016;13:01;0;AV ALM BARROSO;;;647;;Colisão;Luz do Dia;;;Meio de Quadra;;;0;1;1;0;0;0;0;0;0;0;0;0;;
297637;31;8;2016;03:56;14952;RUA CON DE CASTRO;RUA FERNANDO FARIAS DE MELO (MANUEL SÁTIRO);;;;Queda;;;;Duplo T;Pare;Residencial;0;1;0;0;0;0;0;0;0;1;0;0;-38,578102;-3,790043
297644;31;8;2016;06:06;3809;AV CARAPINIMA;RUA PDE FRANCISCO PINTO;;;;Colisão;Luz do Dia;;;Cruz;Pare;Residencial;0;1;1;0;0;0;0;0;0;0;0;0;-38,541958;-3,741723
297657;31;8;2016;06:48;0;AV BEZERRA DE MENEZES;;;;;Colisão;Luz do Dia;;;Meio de Quadra;;;0;1;0;0;0;0;0;0;0;0;0;0;;
297671;31;8;2016;07:06;0;AV DR SILAS MUNGUBA;;;;;Colisão;Luz do Dia;;;Meio de Quadra;;;0;1;0;1;0;0;0;0;0;1;0;0;;
297674;31;8;2016;07:56;0;RUA GAL MARIO HERMES;;;198;;Colisão;Luz do Dia;;;Meio de Quadra;;;0;1;0;1;0;0;0;0;0;1;0;0;;
297676;31;8;2016;08:28;1336;RUA JOAO CORDEIRO;RUA PERO COELHO;;;;Colisão;Luz do Dia;;;Cruz;Não Há Controle;Misto;0;1;0;0;0;0;0;0;0;1;0;0;-38,516137;-3,73524
297678;31;8;2016;09:53;0;RUA GAL BERNARDO FIGUEIREDO;;;;;Colisão;Luz do Dia;;;Meio de Quadra;;;0;0;1;0;0;0;0;0;0;0;0;0;;
297693;31;8;2016;12:08;0;AV ANTONIO SALES;;;2850;;;Luz do Dia;;;Meio de Quadra;;;0;1;0;1;0;0;0;0;0;1;0;0;-38,498546;-3,746632
297695;31;8;2016;14:00;0;AV PERIMETRAL;;;5297;;Colisão;Luz do Dia;;;Meio de Quadra;;;0;1;0;0;0;0;1;0;0;1;0;0;;
297684;31;8;2016;09:56;25028;AV AUGUSTO DOS ANJOS;RUA ARARAQUARA;;;;Colisão;Luz do Dia;;;T;Semáforo;Comercial;0;1;0;1;0;0;0;0;0;1;0;0;-38,580678;-3,781887
297688;31;8;2016;10:48;22940;RUA BERNARDO MANUEL;RUA JAPI;;;;Colisão;Luz do Dia;;;Cruz;Pare;Misto;0;1;0;1;0;0;0;0;0;1;0;0;-38,546927;-3,784073
297689;31;8;2016;10:53;0;RUA IRM BAZET;;;153;;Queda;Luz do Dia;;;Meio de Quadra;;;0;1;0;0;0;1;0;0;0;0;0;0;-38,555623;-3,76139
297691;31;8;2016;10:58;0;RUA EMILIO DE MENESES;;;481;;Queda;Luz do Dia;;;Meio de Quadra;;;0;1;0;0;0;0;0;0;0;1;0;0;-38,585978;-3,782161
297706;31;8;2016;14:55;13856;AV PINTO BANDEIRA D56;AV CEL FRANCISCO FLAVIO CARNEIRO;;;;Atropelamento;Luz do Dia;;;Rotatória;Dê Preferência;Residencial;0;1;1;1;0;0;0;0;0;0;0;0;;
297713;31;8;2016;17:05;0;AV GAL OSORIO DE PAIVA;;;;;Colisão;Anoitecer;;;Meio de Quadra;;;0;1;0;1;0;0;0;0;0;1;0;0;;
297734;31;8;2016;17:18;0;RUA ARMANDO MONTEIRO;;;266;;Colisão;Anoitecer;;;Meio de Quadra;;;0;1;0;0;0;0;0;0;0;0;0;0;;
297546;31;8;2016;08:15;0;AV GODOFREDO MACIEL;;;4040;;Atropelamento;Luz do Dia;;;Meio de Quadra;;;0;1;0;0;0;0;0;0;0;1;0;0;-38,574228;-3,810237
297547;31;8;2016;04:17;9155;AV EDUARDO GIRAO;AV LUCIANO CARNEIRO;;;;Capotamento;Luz do Dia;Bom;Seca;Cruz;Semáforo;Residencial;0;1;1;1;0;0;0;0;0;0;0;0;-38,532811;-3,752275
301790;31;8;2016;08:40;19530;RUA ABEL RIBEIRO;RUA COSTA FREIRE;;0;;Colisão Lateral;Luz do Dia;Bom;Seca;T;Pare;Comercial;0;0;2;1;0;0;0;0;0;0;0;0;-38,5758;-3,782035
301791;31;8;2016;08:50;19759;RUA AZEVEDO BOLAO;RUA AMADEU FURTADO;;0;;Colisão Transversal;Luz do Dia;Bom;Seca;Cruz;Pare;Comercial;0;1;3;1;0;0;0;0;0;1;0;0;-38,563588;-3,737863
301792;31;8;2016;12:30;0;AV GAL OSORIO DE PAIVA;RUA ARARAQUARA;;0;;Colisão Lateral;Luz do Dia;Bom;Seca;T;Pare;Comercial;0;0;2;1;0;0;0;0;0;0;0;0;-38,578753;-3,783347
301793;31;8;2016;14:05;0;AV AGUANAMBI;;;0;ROTATÓRIA;Colisão Lateral;Luz do Dia;Bom;Seca;T;Semáforo;Comercial;0;0;2;1;0;0;0;0;0;0;0;0;;
301794;31;8;2016;16:28;0;RUA DES WALDETARIO P MOTA;;;1572;;Colisão Lateral;Luz do Dia;Bom;Seca;Meio de Quadra;Semáforo;Residencial;0;0;2;1;0;0;0;0;0;0;0;0;-38,484282;-3,742629
301800;31;8;2016;15:39;5504;RUA PDE VALDEVINO;RUA JOAO CORDEIRO;;0;;Colisão Lateral;Luz do Dia;Bom;Seca;Cruz;Gesto;Comercial;0;1;1;1;0;0;0;0;0;1;0;0;-38,51755;-3,738896
301801;31;8;2016;16:09;0;AV DEP PAULINO ROCHA;;;50;;Colisão Traseira;Anoitecer;Bom;Seca;Meio de Quadra;Não Há Controle;Comercial;0;0;3;1;0;0;0;0;1;0;0;0;-38,50755;-3,802055
293749;31;8;2016;16:10;0;AV ALM HENRIQUE SABOIA;;;;;Atropelamento;Luz do Dia;;;Meio de Quadra;;;0;1;1;0;0;0;0;0;0;0;0;0;;
293754;31;8;2016;18:55;19442;AV GODOFREDO MACIEL;RUA GERMANO FRANCK;;;;Colisão;;;;;Semáforo;Comercial;0;1;1;0;1;0;0;0;0;1;0;0;-38,564715;-3,779532
293752;31;8;2016;16:00;0;AV PRS COSTA E SILVA;;;5297;;Colisão Lateral;Luz do Dia;Bom;Seca;Meio de Quadra;Não Há Controle;Comercial;0;0;2;0;0;0;0;0;0;1;0;0;-38,533096;-3,828174
291212;31;8;2016;15:30;0;AV BORGES DE MELO;;;2061;;Colisão Traseira;Luz do Dia;Bom;Seca;Meio de Quadra;Não Há Controle;Residencial;0;0;2;1;0;0;0;0;0;0;0;0;-38,536504;-3,754403
291216;31;8;2016;13:38;9108;RUA FRANCOIS T MENEZES;RUA BARTOLOMEU DE GUSMAO;;;;Colisão Lateral;Luz do Dia;Bom;Seca;T;Pare;Residencial;0;0;2;1;0;0;0;0;0;0;0;0;-38,526108;-3,757998
291206;31;8;2016;12:30;7850;RUA CEL ALVES TEIXEIRA;RUA JOSE VILAR;;;;Colisão Transversal;Luz do Dia;Bom;Seca;Cruz;Pare;Residencial;0;0;2;1;0;0;0;0;0;0;0;0;-38,508198;-3,746707
291203;31;8;2016;09:10;0;RUA SEN POMPEU;;;562;;Colisão Lateral;Luz do Dia;Bom;Seca;Meio de Quadra;Semáforo;Comercial;0;0;2;1;0;0;0;0;0;0;0;0;-38,528621;-3,723547
291204;31;8;2016;22:00;12871;RUA BAR ARATANHA;RUA JOAQUIM MAGALHAES;;;;Colisão Frontal;Via Iluminada;Bom;Seca;Cruz;Não Há Controle;Residencial;0;1;1;1;0;0;0;0;0;1;0;0;-38,528666;-3,739716