COD_ACIDENTE;DIA;MES;ANO;HORA;INTERSECAO;LOG1;LOG2;LOG3;NUMERO;REFERENCIA;NATUREZA;ILUMINACAO;TEMPO;SUPERFICIEPISTA;TIPOCRUZAMENTO;CONTROLETRAFEGO;USOSOLO;MORTOS;FERIDOS;ILESOS;AUTOMOVEL;ONIBUS;BICICLETA;CAMINHAO;MICROONIBUS;CICLOMOTOR;MOTOCICLETA;TRACAOANIMAL;TREM;LONG;LAT
291229;31;8;2016;07:00;10012;RUA EMILIO DE MENESES;RUA DUAS NACOES;;;;Colisão Transversal;Luz do Dia;Nublado;Seca;Cruz;Pare;Residencial;0;0;2;1;0;0;0;0;0;1;0;0;-38,602223;-3,77758
291234;31;8;2016;07:20;0;AV JOR THOMAZ COELHO;;;1941;;Colisão Lateral;Luz do Dia;Bom;Seca;Meio de Quadra;Outros;Comercial;0;0;2;1;0;0;0;0;0;0;0;0;;
291232;31;8;2016;10:35;11723;RUA JOSE GASPAR;RUA CACILDA BECKER;;;;Colisão Lateral;Luz do Dia;Bom;Seca;Cruz;Pare;Comercial;0;0;2;1;0;0;0;1;0;0;0;0;-38,588227;-3,77323
291245;31;8;2016;15:30;25062;AV DOS EXPEDICIONARIOS;RUA PDE AMBROSIO MACHADO;;;;Colisão Transversal;Luz do Dia;Bom;Seca;Cruz;Pare;Residencial;0;0;2;1;0;0;0;0;0;0;0;0;-38,539946;-3,760838
291246;31;8;2016;17:00;0;AV 13 DE MAIO;;;360;VIADUTO AGUANAMBI;Colisão Lateral;Luz do Dia;Bom;Seca;Meio de Quadra;Outros;Comercial;0;0;2;1;0;0;1;0;0;0;0;0;-38,523456;-3,753843
291223;31;8;2016;13:30;21372;AV JOVITA FEITOSA;RUA JOSE SOMBRA;;;;Colisão Traseira;Luz do Dia;Bom;Seca;Cruz;Semáforo;Comercial;0;0;2;1;0;0;0;0;0;0;0;0;-38,546301;-3,737763
291252;31;8;2016;07:30;25090;AV GOV PARSIFAL BARROSO;RUA EDGAR FALCAO;;;;Colisão Traseira;Luz do Dia;Bom;Seca;Cruz;Semáforo;Residencial;0;0;2;1;0;0;0;0;0;0;0;0;-38,569038;-3,732054
291240;31;8;2016;09:00;0;AV JOR THOMAZ COELHO;;;609;;Colisão Lateral;Luz do Dia;Bom;Seca;Meio de Quadra;Outros;Comercial;0;0;2;1;0;0;0;0;0;0;0;0;-38,501413;-3,832202
291243;31;8;2016;12:49;3787;RUA PDE FRANCISCO PINTO;RUA NOSSA SRA REMEDIOS;;;;Colisão Transversal;Luz do Dia;Bom;Seca;Cruz;Pare;Residencial;0;0;2;1;0;0;0;0;0;0;0;0;-38,539539;-3,743929
291248;31;8;2016;09:00;1706;RUA CAP VASCONCELOS D46;RUA CAP CLOVIS MAIA;;;;Colisão Transversal;Luz do Dia;Bom;Seca;Rotatória;Pare;Residencial;0;0;2;1;0;0;0;0;0;1;0;0;-38,516432;-3,769075
291184;31;8;2016;08:30;0;AV PRS CASTELO BRANCO;;;4577;;Colisão Transversal;Luz do Dia;Bom;Seca;Meio de Quadra;Outros;Comercial;0;2;1;1;0;0;0;0;0;1;0;0;-38,572898;-3,706765
291198;31;8;2016;07:40;4542;AV DEP PAULINO ROCHA;RUA CEL ZACARIAS J FRANCA;;;;Colisão Traseira;Luz do Dia;Bom;Seca;T;Não Há Controle;Residencial;0;0;2;1;1;0;0;0;0;0;0;0;-38,508111;-3,805266
291196;31;8;2016;18:10;0;AV ALBERTO NEPOMUCENO;;;113;;Colisão Lateral;Anoitecer;Bom;Seca;Meio de Quadra;Não Há Controle;Comercial;0;0;2;1;0;0;0;0;0;0;0;0;-38,523707;-3,722164
296998;31;8;2016;09:30;0;RD BR 116;;;6000;KM-06;Colisão Traseira;Luz do Dia;;;Meio de Quadra;;;0;0;2;1;0;0;0;0;0;0;0;0;-38,503053;-3,804691
296999;31;8;2016;17:30;0;RD BR 222;;;500;KM-02;Colisão Traseira;Anoitecer;;;Meio de Quadra;;;0;0;2;1;0;0;0;0;0;1;0;0;-38,58704;-3,739009
296996;31;8;2016;07:30;0;RD BR 116;;;11000;KM-11;Atropelamento;Luz do Dia;;;Meio de Quadra;;;0;2;0;0;0;0;0;0;0;1;0;0;-38,497176;-3,84716
291849;31;8;2016;10:20;0;AV AUGUSTO DOS ANJOS;;;;;Atropelamento;Luz do Dia;;;Meio de Quadra;;;1;0;1;0;0;0;0;0;0;0;0;0;;
293586;31;8;2016;10:00;0;AV MIN JOSE AMERICO;;;;;Engavetamento;Luz do Dia;Bom;Seca;Meio de Quadra;;;0;0;3;1;0;0;0;0;0;0;0;0;;
293588;1;9;2016;11:05;0;RD CE-040;;;;KM-07;Colisão;Luz do Dia;Bom;Seca;Meio de Quadra;;;0;1;1;0;1;1;0;0;0;0;0;0;-38,478733;-3,809597
293590;1;9;2016;19:30;0;RD CE-065;;;;KM-03;Colisão;;Bom;Seca;Meio de Quadra;;;0;1;1;0;0;0;0;0;1;1;0;0;-38,613541;-3,816607
296272;1;9;2016;12:08;0;RUA FIRMINO ROCHA AGUIAR;;;;;Colisão;Luz do Dia;;;Meio de Quadra;;;0;1;0;1;0;0;0;0;0;1;0;0;;
296257;1;9;2016;11:02;4709;AV WASHINGTON SOARES;RUA OLIMPIO LEITE;;;;Colisão;Luz do Dia;;;;;;0;1;0;1;0;1;0;0;0;0;0;0;-38,481443;-3,815048
296275;1;9;2016;13:04;21316;RUA PDE GRACA;RUA GUSTAVO SAMPAIO;;;;Queda;Luz do Dia;;;;;;0;1;0;0;0;1;0;0;0;0;0;0;-38,545863;-3,73305
296294;1;9;2016;15:53;0;AV EDILSON B SOARES;;;790;;Colisão;Luz do Dia;;;Meio de Quadra;;;0;1;0;1;0;0;0;0;0;1;0;0;-38,479547;-3,789371
296292;1;9;2016;15:19;0;RUA GUARAREMA;;;401;;Queda;Luz do Dia;;;Meio de Quadra;;;0;1;0;0;0;0;0;0;0;1;0;0;;
296288;1;9;2016;14:04;5284;RUA PEDRO I;RUA PRC ISABEL;;;;Colisão Transversal;Luz do Dia;Bom;Seca;Cruz;Pare;Comercial;0;0;1;1;0;0;0;0;0;1;0;0;-38,536144;-3,728809
296289;1;9;2016;15:04;15423;AV FRE CIRILO;RUA SILVEIRA DA MOTA;;3371;;Colisão Transversal;Luz do Dia;Bom;Seca;Cruz;Pare;Comercial;0;1;2;1;0;0;0;0;0;0;0;0;-38,498012;-3,815944
296223;1;9;2016;10:13;0;AV PERIMETRAL;;;1281;;Queda;Luz do Dia;;;Meio de Quadra;;;0;1;0;0;0;0;0;0;0;1;0;0;;
296203;1;9;2016;07:36;0;RUA PAPI JUNIOR;;;2418;;Atropelamento;Luz do Dia;;;Meio de Quadra;;;0;1;0;1;0;0;0;0;0;0;0;0;-38,560626;-3,755485
296196;1;9;2016;06:53;5051;RUA SEN POMPEU;RUA SEN JAGUARIBE;;;;Colisão;Luz do Dia;;;Cruz;Pare;Comercial;0;1;0;1;0;0;0;0;0;1;0;0;-38,528055;-3,721667
296186;1;9;2016;06:20;5458;RUA BARBARA DE ALENCAR;RUA RODRIGUES JUNIOR;;1190;;Colisão Transversal;Luz do Dia;Bom;Seca;Cruz;Pare;Residencial;0;1;2;1;0;1;0;0;0;0;0;0;-38,522156;-3,735343
296171;1;9;2016;02:13;0;AV COSTA OESTE;;;125;;Queda;;;;Meio de Quadra;;;0;1;0;0;0;0;0;0;0;1;0;0;;
296463;1;9;2016;15:50;0;RD BR 222;;;;KM-03;Colisão Traseira;Luz do Dia;;;Meio de Quadra;;;0;0;2;1;0;0;1;0;0;0;0;0;-38,595941;-3,740301
296421;1;9;2016;21:05;0;RUA TAB JOAQUIM COELHO;;;2320;;Colisão;;;;Meio de Quadra;;;0;1;0;0;0;0;0;0;0;0;0;0;;
296422;1;9;2016;21:38;0;AV MR HULL;;;5556;;Atropelamento;;;;Meio de Quadra;;;0;1;0;1;0;0;0;0;0;0;0;0;-38,594051;-3,740024
296423;1;9;2016;22:02;12849;RUA SALDANHA MARINHO;RUA ASSUNCAO;;;;Colisão;;;;Cruz;Pare;Residencial;0;1;0;0;0;0;0;0;0;0;0;0;-38,531231;-3,742314
296424;1;9;2016;22:28;0;RUA MIGUEL GURGEL;;;;;Atropelamento;;;;Meio de Quadra;;;0;1;0;0;0;0;0;0;0;1;0;0;;
296414;1;9;2016;20:50;17947;RUA EVANDRO LUZ;RUA JOAQUIM ALBANO;;;;Colisão;;;;Cruz;Pare;Residencial;0;2;0;0;0;0;0;0;0;1;0;0;-38,57699;-3,734821
296394;1;9;2016;20:35;0;RUA EVANDRO LUZ;;;121;;Colisão;;;;Meio de Quadra;;;0;1;0;0;0;0;0;0;0;0;0;0;;
296387;1;9;2016;20:21;3274;RUA SOUSA CARVALHO;AV GAL OSORIO DE PAIVA;;;;;;;;T;Pare;Misto;0;1;0;0;0;0;0;0;0;0;0;0;;
296409;1;9;2016;20:45;9146;RUA DOM SEBASTIAO LEME;RUA BONFIM SOBRINHO;;;;Colisão Transversal;Via Iluminada;Bom;Seca;Cruz;Pare;Residencial;0;2;2;1;0;0;0;0;0;0;0;0;-38,525404;-3,751258
296384;1;9;2016;20:21;0;AV AUGUSTO DOS ANJOS;;;2195;;Colisão Transversal;;;;Meio de Quadra;;;0;1;1;1;0;0;0;0;0;1;0;0;-38,583365;-3,78504
296380;1;9;2016;19:31;0;AV GAL OSORIO DE PAIVA;;;5889;;Colisão;;;;Meio de Quadra;;;0;1;0;0;0;0;0;0;0;0;0;0;-38,605198;-3,807958
296365;1;9;2016;18:53;0;AV H CJ CEARA;;;2315;;Colisão;;;;Meio de Quadra;;;0;1;0;1;0;0;0;0;0;1;0;0;-38,618866;-3,776765
296360;1;9;2016;18:11;0;AV DES GONZAGA;;;148;;Colisão;Anoitecer;;;Meio de Quadra;;;0;1;0;0;0;0;0;0;0;1;0;0;-38,503948;-3,788378
296370;1;9;2016;19:00;25047;RUA CIDADE PALHANO;RUA ANTONIO ARRUDA;;527;;Colisão Transversal;Via Iluminada;Bom;Seca;Cruz;Pare;Residencial;0;1;2;0;1;0;0;0;0;1;0;0;-38,593359;-3,717903
296351;1;9;2016;17:08;0;AV PERIMETRAL;;;5750;;Atropelamento;Anoitecer;;;Meio de Quadra;;;0;1;0;1;0;0;0;0;0;0;0;0;;
296352;1;9;2016;17:47;0;AV GODOFREDO MACIEL;;;;;Colisão;Anoitecer;;;Meio de Quadra;;;0;2;0;1;0;1;0;0;0;0;0;0;;
296357;1;9;2016;17:51;0;RUA JORGE DUMAR;;;;;Queda;Anoitecer;;;Meio de Quadra;;;0;1;0;0;0;0;0;0;0;1;0;0;;
296334;1;9;2016;16:44;0;AV FRE CIRILO;;;4186;;Colisão;Luz do Dia;;;Meio de Quadra;;;0;1;0;1;0;0;0;0;0;1;0;0;-38,495963;-3,820646
296337;1;9;2016;16:53;0;RUA L CJ VILA VELHA;;;785;;Colisão;Luz do Dia;;;Meio de Quadra;;;0;1;0;1;0;0;0;0;0;1;0;0;;
296302;1;9;2016;16:15;0;RUA AUDISIO PINHEIRO;;;1402;;Atropelamento;Luz do Dia;;;Meio de Quadra;;;0;1;0;0;0;0;0;0;0;1;0;0;;
296284;1;9;2016;13:36;0;AV DR SILAS MUNGUBA;;;4392;;Colisão;Luz do Dia;;;Meio de Quadra;;;0;1;0;1;0;0;0;0;0;1;0;0;-38,535227;-3,79289
296304;1;9;2016;16:17;0;AV AUGUSTO DOS ANJOS;;;1000;;Colisão;Luz do Dia;;;Meio de Quadra;;;0;1;1;1;0;0;0;0;0;1;0;0;-38,576139;-3,776718
296310;1;9;2016;16:37;13372;RUA NOGUEIRA ACIOLI;RUA JOAO BRIGIDO;;;;Colisão;Luz do Dia;;;Cruz;Semáforo;Comercial;0;1;0;1;0;0;0;0;0;1;0;0;-38,520044;-3,739259
296308;1;9;2016;16:31;0;AV SEN VIRGILIO TAVORA;;;2269;;Atropelamento;Luz do Dia;;;Meio de Quadra;;;0;1;0;1;0;0;0;0;0;0;0;0;-38,496405;-3,746977
296312;1;9;2016;16:37;0;RUA SAO PAULO;;;;;Colisão;Luz do Dia;;;Meio de Quadra;;;0;1;0;1;0;0;0;0;0;1;0;0;;
291249;1;9;2016;15:50;20168;RUA MARIA AMALIA;RUA CRISANTO ARRUDA;;;;Colisão Transversal;Luz do Dia;Bom;Seca;Cruz;Não Há Controle;Residencial;0;1;1;0;0;0;0;0;0;0;0;0;-38,52303;-3,812041
291244;1;9;2016;13:40;0;AV JOSE BASTOS;;;5113;;Queda;Luz do Dia;Bom;Seca;Meio de Quadra;Não Há Controle;Comercial;0;1;0;0;0;0;0;0;0;1;0;0;-38,562297;-3,757774
291247;1;9;2016;01:30;15278;RUA LEONARDO MOTA;RUA SILVA JATAHY;;;;Colisão Transversal;Via Iluminada;Bom;Seca;Cruz;Pare;Residencial;0;1;1;1;0;0;0;0;0;1;0;0;-38,493878;-3,728986
291255;1;9;2016;15:36;25144;RUA PRO HERIBALDO COSTA;RUA CEL MATOS DOURADO;;;;Colisão Traseira;Luz do Dia;Bom;Seca;Y;Semáforo Intermitente;Residencial;0;0;1;1;0;0;0;0;0;0;0;0;-38,582309;-3,753427
291259;1;9;2016;10:34;0;RUA BRUNO VALENTE;;;1034;;Colisão Lateral;Luz do Dia;Bom;Seca;Meio de Quadra;Não Há Controle;Comercial;0;1;1;1;0;0;0;0;0;1;0;0;;
291272;1;9;2016;16:00;21369;AV JOVITA FEITOSA;RUA CARVALHO MOTA;;;;Colisão Traseira;Luz do Dia;Bom;Seca;T;Outros;Residencial;0;0;2;1;0;0;0;0;0;0;0;0;-38,544748;-3,737437
291274;1;9;2016;13:40;0;AV ROGACIANO LEITE;;;431;;Colisão Traseira;Luz do Dia;Bom;Seca;Meio de Quadra;Pare;Comercial;0;0;2;0;0;0;0;0;0;0;0;0;-38,493363;-3,761587
291275;1;9;2016;12:00;0;AV OLIVEIRA PAIVA;;;1991;;Colisão Traseira;Luz do Dia;Bom;Seca;Meio de Quadra;Cancela Danificada;Comercial;0;0;2;0;0;0;0;0;0;0;0;0;-38,488601;-3,796146
291276;1;9;2016;13:00;0;AV AGUANAMBI;;;;;Colisão Lateral;Luz do Dia;Bom;Seca;Meio de Quadra;Semáforo;Comercial;0;0;3;1;0;0;0;0;0;0;0;0;;
291233;1;9;2016;16:30;0;RUA OSVALDO CRUZ;;;1190;;Outros;Via Iluminada;Bom;Seca;Meio de Quadra;Pare;Residencial;0;0;2;1;0;0;0;0;0;0;0;0;;
291227;1;9;2016;11:50;0;AV DUQ CAXIAS;;;137;;Colisão;Luz do Dia;Bom;Seca;Meio de Quadra;Semáforo;Comercial;0;1;1;1;0;1;0;0;0;0;0;0;-38,525796;-3,733104
291236;1;9;2016;03:00;0;RUA AUDISIO PINHEIRO;;;;;Colisão;Via Iluminada;Bom;Seca;Meio de Quadra;Pare;Residencial;0;0;1;0;0;0;0;0;0;0;0;0;;
291238;1;9;2016;18:50;13594;AV PONTES VIEIRA;RUA CAP GUSTAVO;;;;Colisão Traseira;Via Iluminada;Bom;Seca;Cruz;Semáforo;Comercial;0;2;1;1;0;0;0;0;0;1;0;0;-38,517125;-3,753153
291239;1;9;2016;20:45;9170;AV EDUARDO GIRAO;RUA GAL SILVA JUNIOR;;;;Colisão Transversal;Via Iluminada;Bom;Seca;Cruz;Semáforo;Comercial;0;1;1;1;0;0;0;0;0;1;0;0;-38,530785;-3,754309
291230;1;9;2016;16:15;22154;RUA DELMIRO FARIAS;RUA PAPI JUNIOR;;;;Colisão Lateral;Via Iluminada;Bom;Seca;Cruz;Pare;Residencial;0;1;1;1;0;0;0;0;0;0;0;0;-38,552019;-3,746216
291231;1;9;2016;08:00;5420;RUA SEN POMPEU;RUA METON DE ALENCAR;;;;Colisão Lateral;Luz do Dia;Bom;Seca;Cruz;Semáforo;Comercial;0;0;2;1;0;0;0;0;0;0;0;0;-38,531575;-3,733376
291222;1;9;2016;15:30;0;RUA ANA FRANK;;;;;Colisão Transversal;Luz do Dia;Bom;Seca;Meio de Quadra;Não Há Controle;Residencial;0;0;2;1;0;0;0;0;0;1;0;0;;
291225;1;9;2016;12:00;0;AV IMPERADOR;;;478;;Colisão Lateral;Luz do Dia;Bom;Seca;Meio de Quadra;Semáforo;Comercial;0;0;2;1;0;0;1;0;0;0;0;0;-38,533953;-3,725498
291262;1;9;2016;15:00;5343;RUA PDE IBIAPINA;AV BEZERRA DE MENEZES;;;;Colisão;Luz do Dia;Bom;Seca;Y;Semáforo Intermitente;Residencial;0;0;2;1;0;0;0;0;0;0;0;0;-38,539973;-3,730548
291278;1;9;2016;15:30;2699;RUA OSCAR ARARIPE;RUA CEL VIRGILIO NOGUEIRA (BOM JARDIM);;;;Colisão Transversal;Luz do Dia;Bom;Seca;Outros;Semáforo;Residencial;0;1;1;0;0;0;0;1;0;1;0;0;;
295863;1;9;2016;23:20;0;AV MIN JOSE AMERICO;;;;;Colisão;;Bom;Seca;Meio de Quadra;;;0;0;2;1;0;0;0;0;0;1;0;0;;
293762;1;9;2016;08:55;25096;RUA RODRIGUES JUNIOR;RUA ROCHA LIMA;;;;Colisão;Luz do Dia;;;Cruz;Pare;Residencial;0;1;1;1;0;0;0;0;0;1;0;0;-38,522475;-3,73632
293767;1;9;2016;11:10;0;AV JOAO PESSOA;;;5111;;Outros;Luz do Dia;;;Meio de Quadra;;;0;1;1;0;1;0;0;0;0;1;0;0;-38,553121;-3,756511
293768;1;9;2016;15:45;11253;AV GODOFREDO MACIEL;RUA EMILIO SA;;;;Colisão;Luz do Dia;;;T;Outros;Comercial;0;1;1;0;0;0;0;0;0;1;0;0;-38,571541;-3,801663
293764;1;9;2016;10:30;7992;AV JOAO PESSOA;RUA ANA NERY;;;;Colisão Lateral;Luz do Dia;;;Cruz;Não Há Controle;Comercial;0;2;1;1;0;0;0;0;0;1;0;0;-38,546781;-3,74946
293794;1;9;2016;09:00;0;RUA MARIA ALICE FERRAZ;;;1398;;Colisão;Luz do Dia;;;Meio de Quadra;;;0;1;1;1;0;0;0;0;0;0;0;0;;
293791;1;9;2016;16:15;0;RUA CEL SOLON;RUA JAIME BENEVOLO;;;;Colisão Transversal;Luz do Dia;Bom;Seca;Cruz;Semáforo;Comercial;0;0;2;1;0;0;0;0;0;0;0;0;;
293792;1;9;2016;13:45;1230;RUA COSTA BARROS;RUA BAR ARACATI;;;;Colisão;Luz do Dia;;;Cruz;Pare;Comercial;0;1;1;1;0;0;0;0;0;0;0;0;-38,511153;-3,730488
301802;1;9;2016;12:18;0;AV PRS COSTA E SILVA;;;0;;Engavetamento;Luz do Dia;Bom;Seca;Meio de Quadra;Não Há Controle;Residencial;0;0;3;1;0;0;0;0;0;0;0;0;;
301803;1;9;2016;18:35;15531;AV FRE CIRILO;RUA PAULO SETUBAL;;0;;Colisão Lateral;Via Iluminada;Bom;Seca;T;Não Há Controle;Comercial;0;0;2;1;0;0;0;0;0;1;0;0;-38,496028;-3,820502
301804;1;9;2016;19:30;0;RUA JOAQUIM NABUCO;;;0;;Colisão Lateral;Via Iluminada;Bom;Seca;Meio de Quadra;Semáforo;Comercial;0;0;2;1;0;0;0;0;0;0;0;0;;
301805;1;9;2016;18:30;13486;RUA CEL ALVES TEIXEIRA;RUA PDE ANTONINO;;0;;Colisão Transversal;Via Iluminada;Bom;Seca;Cruz;Pare;Residencial;0;1;1;1;0;0;0;0;0;0;0;0;-38,520467;-3,745284
301806;1;9;2016;19:40;24286;RUA PEREIRA VALENTE;RUA CASTRO MONTE;;0;;Colisão Transversal;Via Iluminada;Bom;Seca;Cruz;Pare;Residencial;0;1;1;1;0;0;0;0;0;1;0;0;-38,485966;-3,734725
301807;1;9;2016;08:08;6731;AV PDE ANTONIO TOMAS;RUA ANDRADE FURTADO;;0;;Colisão Lateral;Luz do Dia;Bom;Seca;Meio de Quadra;Não Há Controle;Residencial;0;0;2;1;0;0;0;0;0;0;0;0;;
301808;1;9;2016;21:34;23425;RUA MON SALAZAR;RUA SABINO MONTE;;0;;Colisão Lateral;Via Iluminada;Bom;Seca;Cruz;Pare;Comercial;0;0;2;1;0;0;0;0;0;0;0;0;-38,51207;-3,755927
301809;1;9;2016;07:54;14421;AV SGT HERMINIO SAMPAIO;RUA PDE ANCHIETA;;0;;Colisão Lateral;Luz do Dia;Bom;Seca;Cruz;Semáforo;Comercial;0;0;2;1;1;0;0;0;0;0;0;0;-38,551079;-3,724693
301795;1;9;2016;12:30;15276;RUA TEN BENEVOLO;RUA MELQUIADES PINTO;;0;;Colisão Traseira;Luz do Dia;Bom;Seca;T;Pare;Residencial;0;0;2;1;0;0;0;0;0;0;0;0;-38,506551;-3,728847
301796;1;9;2016;14:29;55;RUA SALGADO FILHO;RUA CEL JOAQUIM FRANKLIN;;0;;Colisão Lateral;Luz do Dia;Bom;Seca;Cruz;Pare;Residencial;0;0;2;1;0;0;0;0;0;0;0;0;-38,594868;-3,743486
301797;1;9;2016;12:15;11253;AV GODOFREDO MACIEL;RUA EMILIO SA;;0;;Colisão Lateral;Luz do Dia;Bom;Seca;T;Pare;Comercial;0;1;0;0;0;0;0;0;0;0;0;0;-38,571541;-3,801663
301798;1;9;2016;13:21;0;RUA MANUEL CASTELO BRANCO;;;248;;Colisão Lateral;Luz do Dia;Bom;Seca;Meio de Quadra;Não Há Controle;Comercial;0;0;2;1;1;0;0;0;0;0;0;0;;
301799;1;9;2016;13:04;23517;AV GOV RAUL BARBOSA;RUA FLORO BARTOLOMEU;;0;;Engavetamento;Luz do Dia;Bom;Seca;Meio de Quadra;Não Há Controle;Comercial;0;0;4;1;0;0;0;0;0;0;0;0;-38,504629;-3,759723
301816;1;9;2016;18:48;0;RUA TEN JOSE NEWTON;;;151;;Choque c/ Obstáculo Fixo;Mal Iluminada;Bom;Seca;Meio de Quadra;Não Há Controle;Residencial;0;0;1;1;0;0;0;0;0;0;0;0;-38,491527;-3,82363
303255;1;9;2016;07:30;25096;RUA RODRIGUES JUNIOR;RUA ROCHA LIMA;;0;;Colisão Lateral;Luz do Dia;Bom;Seca;Cruz;Pare;Comercial;0;1;1;1;0;0;0;0;0;1;0;0;-38,522475;-3,73632
301817;2;9;2016;15:53;23567;AV GOV RAUL BARBOSA;RUA ESV PINHEIRO;;0;;Colisão Lateral;Luz do Dia;Bom;Seca;T;Pare;Comercial;0;0;2;1;0;0;0;0;0;0;0;0;-38,507767;-3,761659
301818;2;9;2016;16:18;0;AV BEZERRA DE MENEZES;;;600;;Colisão Traseira;Luz do Dia;Bom;Seca;Meio de Quadra;Semáforo;Comercial;0;0;2;1;0;0;0;0;0;0;0;0;-38,550352;-3,732748
301819;2;9;2016;16:51;1555;RUA VICENTE LINHARES;RUA OSVALDO CRUZ (ALDEOTA);;0;;Colisão Traseira;Luz do Dia;Bom;Seca;Cruz;Semáforo;Residencial;0;0;2;1;0;0;0;0;0;0;0;0;-38,502221;-3,741502
301820;2;9;2016;17:26;0;AV MON TABOSA;;;1280;;Colisão Traseira;Luz do Dia;Bom;Seca;Meio de Quadra;Não Há Controle;Residencial;0;0;1;1;0;0;0;0;0;0;0;0;-38,507902;-3,724294
301821;2;9;2016;18:51;0;AV PRS JUSCELINO KUBITSCHEK (PASSARÉ);;;4707;;Engavetamento;Via Iluminada;Bom;Seca;Meio de Quadra;Não Há Controle;Comercial;0;1;3;1;0;0;0;0;0;1;0;0;-38,534037;-3,819592
301822;2;9;2016;18:00;9131;RUA BAR ARATANHA;AV 13 DE MAIO;;0;;Colisão Lateral;Anoitecer;Bom;Seca;Cruz;Semáforo;Comercial;0;0;2;1;0;0;0;0;0;0;0;0;-38,531331;-3,747615
301823;2;9;2016;16:45;12455;AV SEN FERNANDES TAVORA;RUA RIO GRANDE DO SUL;;0;;Colisão Frontal;Luz do Dia;Bom;Seca;T;Semáforo;Comercial;0;0;1;0;0;0;0;0;0;1;0;0;-38,572159;-3,768083
301824;2;9;2016;21:20;0;AV AGUANAMBI;;;0;;Choque c/ Obstáculo Fixo;Via Iluminada;Bom;Seca;Meio de Quadra;Não Há Controle;Comercial;0;0;1;1;0;0;0;0;0;0;0;0;;
301810;2;9;2016;08:30;15177;AV BEIRA MAR;RUA PAULA BARROS;;0;;Colisão Lateral;Luz do Dia;Bom;Seca;T;Não Há Controle;Comercial;0;0;2;0;0;0;0;0;0;0;0;0;-38,492479;-3,725755
301811;2;9;2016;07:20;0;AV GOV RAUL BARBOSA;;;5800;;Colisão Traseira;Luz do Dia;Bom;Seca;Meio de Quadra;Não Há Controle;Residencial;0;0;3;1;0;0;0;0;0;0;0;0;-38,510186;-3,769054
301812;2;9;2016;09:10;19820;RUA GAL PIRAGIBE;AV JOVITA FEITOSA;;0;;Colisão Lateral;Luz do Dia;Bom;Seca;Meio de Quadra;Semáforo;Comercial;0;0;2;1;0;0;0;0;0;0;0;0;-38,557484;-3,740049
301813;2;9;2016;13:29;7926;AV ANTONIO SALES;RUA BARBOSA DE FREITAS;;2233;;Colisão Transversal;Luz do Dia;Bom;Seca;Cruz;Semáforo;Escola;0;0;4;1;0;0;0;0;0;1;0;0;-38,500407;-3,746051
301814;2;9;2016;13:49;0;RUA ULISSES BEZERRA;;;1575;;Colisão Lateral;Luz do Dia;Bom;Seca;Meio de Quadra;Não Há Controle;Comercial;0;0;2;1;0;0;0;0;0;0;0;0;;
293798;2;9;2016;14:00;19765;RUA PDE GUERRA;RUA CRUZ SALDANHA;;;;Colisão Transversal;Luz do Dia;Bom;Seca;Cruz;Pare;Residencial;0;0;3;1;1;0;0;0;0;0;0;0;-38,553396;-3,738083
293799;2;9;2016;18:00;23008;AV DR SILAS MUNGUBA;RUA AFONSO LOPES;;;;Colisão;Anoitecer;;;T;Pare;Comercial;0;1;1;0;0;0;0;0;0;1;0;0;;
293800;2;9;2016;09:00;0;AV JOR THOMAZ COELHO;;;3130;;Colisão Traseira;Luz do Dia;Bom;Seca;Meio de Quadra;Não Há Controle;Comercial;0;0;4;0;1;0;0;0;0;1;0;0;-38,524053;-3,829139
293806;2;9;2016;18:00;5816;AV DES GONZAGA;RUA FIS PERDIGAO;;1680;;Colisão Lateral;Luz do Dia;Bom;Seca;T;Pare;Comercial;0;3;2;1;0;0;0;0;0;1;0;0;-38,498202;-3,799887
293802;2;9;2016;15:50;0;AV BORGES DE MELO;;;124;;Colisão;Luz do Dia;;;Meio de Quadra;;;0;1;1;1;0;0;0;0;0;1;0;0;-38,52012;-3,761333
293803;2;9;2016;14:40;0;RUA FRANCISCO GLICERIO;;;558;;Colisão Traseira;Luz do Dia;Bom;Seca;Meio de Quadra;Não Há Controle;Residencial;0;1;4;1;0;0;0;0;0;1;0;0;;
293771;2;9;2016;10:20;9676;RUA OSCAR FRANCA;RUA GUARAREMA;;;;Colisão Lateral;Luz do Dia;Bom;Seca;Cruz;Pare;Residencial;0;0;3;1;0;0;0;0;0;1;0;0;-38,61886;-3,785787
293772;2;9;2016;22:30;0;AV SEN CARLOS JEREISSATI (AEROPORTO);;;;BASE AÉREA;Colisão;;;;Meio de Quadra;;;0;1;1;1;0;0;0;0;0;1;0;0;-38,525724;-3,782939
295491;2;9;2016;07:00;0;RD CE-040;;;;KM-08;Colisão;Luz do Dia;Bom;Seca;Meio de Quadra;;;0;0;3;0;0;0;0;0;0;0;0;0;-38,483033;-3,817159
295489;2;9;2016;09:00;0;RD CE-040;;;;KM-06;Colisão;Luz do Dia;Bom;Seca;Meio de Quadra;;;0;0;2;0;0;0;0;0;0;0;0;0;-38,479535;-3,800596