COD_ACIDENTE;DIA;MES;ANO;HORA;INTERSECAO;LOG1;LOG2;LOG3;NUMERO;REFERENCIA;NATUREZA;ILUMINACAO;TEMPO;SUPERFICIEPISTA;TIPOCRUZAMENTO;CONTROLETRAFEGO;USOSOLO;MORTOS;FERIDOS;ILESOS;AUTOMOVEL;ONIBUS;BICICLETA;CAMINHAO;MICROONIBUS;CICLOMOTOR;MOTOCICLETA;TRACAOANIMAL;TREM;LONG;LAT
295483;2;9;2016;07:15;0;RD CE-040;;;;KM-11;Colisão;Luz do Dia;Bom;Seca;Meio de Quadra;;;0;0;2;1;0;0;0;0;0;0;0;0;-38,480883;-3,842577
295497;2;9;2016;19:00;0;RD CE-040;;;;KM-03;Colisão;;Bom;Seca;Meio de Quadra;;;0;0;3;1;0;0;0;0;0;0;0;0;-38,481799;-3,773616
295494;2;9;2016;16:30;0;RD CE-040;;;;KM-08;Choque c/ Obstáculo Fixo;Luz do Dia;Bom;Seca;Meio de Quadra;;;0;0;2;1;0;0;1;0;0;0;0;0;-38,483033;-3,817159
291355;2;9;2016;10:50;5318;RUA GAL CLARINDO DE QUEIROZ;RUA PDE IBIAPINA;;;;Colisão Transversal;Não Iluminada;Bom;Seca;Cruz;Pare;Comercial;0;0;2;0;1;0;0;0;0;0;0;0;-38,540084;-3,729518
291357;2;9;2016;13:50;0;AV DA UNIVERSIDADE;;;2476;;Colisão Traseira;Luz do Dia;Bom;Seca;Meio de Quadra;Não Há Controle;Comercial;0;0;4;1;0;0;0;0;0;0;0;0;-38,537152;-3,738805
291362;2;9;2016;02:30;0;RUA GAL SAMPAIO;;;;;Choque c/ Obstáculo Fixo;Via Iluminada;Bom;Seca;Meio de Quadra;Semáforo;Comercial;0;1;3;1;0;0;0;0;0;0;0;0;;
291367;2;9;2016;18:05;0;AV ENG SANTANA JUNIOR;;;;;Colisão;Anoitecer;Bom;Seca;Outros;Não Há Controle;Comercial;0;1;1;0;1;0;0;0;0;1;0;0;;
291261;2;9;2016;08:11;0;AV JOAO PESSOA;;;5252;;Colisão Traseira;Luz do Dia;Bom;Seca;Meio de Quadra;Semáforo;Comercial;0;1;2;0;1;0;0;0;0;1;0;0;-38,553917;-3,75741
291265;2;9;2016;12:45;0;AV BEZERRA DE MENEZES;;;720;;Colisão Lateral;Luz do Dia;Bom;Seca;Meio de Quadra;Não Há Controle;Comercial;0;0;2;1;0;0;0;0;0;0;0;0;-38,55142;-3,732971
291267;2;9;2016;08:50;0;RUA JUSTINO CAFE NETO;;;247;;Colisão Traseira;Luz do Dia;Bom;Seca;Meio de Quadra;Pare;Comercial;0;0;2;1;0;0;0;0;0;0;0;0;-38,489737;-3,758887
291268;2;9;2016;09:00;0;RUA PERNAMBUCO;;;1901;;Colisão Lateral;Luz do Dia;Bom;Seca;Outros;Não Há Controle;Residencial;0;0;2;1;0;0;0;0;0;1;0;0;-38,574387;-3,755375
291257;2;9;2016;13:40;0;RUA MIN ABNER VASCONCELOS;;;1820;;Outros;Luz do Dia;Bom;Seca;Meio de Quadra;;Comercial;0;0;2;1;0;0;0;0;0;1;0;0;;
291241;2;9;2016;22:20;5396;RUA GAL CLARINDO DE QUEIROZ;RUA SEN POMPEU;;;;Colisão;Via Iluminada;Bom;Seca;Cruz;Semáforo;Comercial;0;1;1;1;0;0;0;0;0;1;0;0;-38,531279;-3,732353
291242;2;9;2016;00:24;5140;RUA TEN BENEVOLO;AV DOM MANUEL;;;;Colisão Lateral;Via Iluminada;Bom;Seca;Cruz;Semáforo;Comercial;0;0;5;1;0;0;0;0;0;1;0;0;-38,519888;-3,72454
291250;2;9;2016;13:00;0;AV ANTONIO SALES;;;2233;;Colisão Traseira;Luz do Dia;Bom;Seca;Meio de Quadra;Semáforo;Comercial;0;0;2;0;0;0;0;0;0;0;0;0;-38,503733;-3,745026
291251;2;9;2016;17:00;0;AV PRS COSTA E SILVA;;;859;;Colisão Lateral;Via Iluminada;Bom;Seca;Meio de Quadra;Não Há Controle;Comercial;0;0;2;1;0;0;0;0;0;1;0;0;-38,571914;-3,812746
296450;2;9;2016;06:30;0;AV PERIMETRAL;;;3130;;Colisão;Luz do Dia;;;Meio de Quadra;;;0;1;0;0;0;0;1;0;0;1;0;0;;
296447;2;9;2016;06:29;0;AV CASTELO DE CASTRO;;;;;Queda;Luz do Dia;;;Meio de Quadra;;;0;1;0;0;0;0;0;0;0;1;0;0;;
296466;2;9;2016;07:55;16305;RUA VIRGILIO NETO;RUA ANTONIO PEREIRA;;;;Colisão;Luz do Dia;;;;;;0;1;0;1;0;1;0;0;0;0;0;0;-38,566907;-3,83241
296467;2;9;2016;08:30;0;AV ALBERTO NEPOMUCENO;;;;;Colisão;Luz do Dia;;;Meio de Quadra;;;0;1;0;1;0;0;0;0;0;1;0;0;;
296468;2;9;2016;13:30;0;RD BR 116;;;12000;KM-12;Colisão Lateral;Luz do Dia;;;Meio de Quadra;;;0;1;2;1;0;0;0;0;0;0;0;0;-38,496066;-3,85574
296460;2;9;2016;07:12;0;AV JOAO PESSOA;;;5252;;Colisão;Luz do Dia;;;Meio de Quadra;;;0;1;0;0;0;0;0;0;0;0;0;0;-38,553917;-3,75741
296461;2;9;2016;07:41;0;AV CENTRAL;;;1534;;Atropelamento;Luz do Dia;;;Meio de Quadra;;;0;1;0;0;0;0;0;0;0;1;0;0;;
296445;2;9;2016;02:51;5237;RUA GAL SAMPAIO;RUA LIBERATO BARROSO;;;;Colisão;;;;;Semáforo;Comercial;0;3;0;0;0;0;0;0;0;0;0;0;-38,530972;-3,727405
296471;2;9;2016;08:32;0;AV PRS CASTELO BRANCO;;;3966;;Colisão Transversal;Luz do Dia;Bom;Seca;Meio de Quadra;Não Há Controle;Comercial;0;0;4;1;1;0;0;0;0;0;0;0;-38,567886;-3,708589
296489;2;9;2016;13:47;0;RUA CARLOS AMORA;;;80;;Colisão;Luz do Dia;;;Meio de Quadra;;;0;1;0;1;0;1;0;0;0;0;0;0;-38,564034;-3,774695
296490;2;9;2016;14:17;0;RUA SEN POMPEU;;;794;;Atropelamento;Luz do Dia;;;Meio de Quadra;;;0;1;0;0;0;0;0;0;0;0;0;0;-38,529245;-3,725653
296491;2;9;2016;14:49;0;RUA JULIO BRAGA;;;1583;;Colisão;Luz do Dia;;;Meio de Quadra;;;0;1;0;1;0;0;0;0;0;1;0;0;-38,584482;-3,773213
296515;2;9;2016;18:07;0;AV ODILON GUIMARAES;;;2444;;Colisão;Anoitecer;;;Meio de Quadra;;;0;2;0;1;0;0;0;0;0;1;0;0;;
296523;2;9;2016;18:22;0;RUA PRO JOSE LEITE GONDIM;;;701;;Colisão;Anoitecer;;;Meio de Quadra;;;0;1;0;1;0;0;0;0;0;1;0;0;;
296510;2;9;2016;17:45;0;AV PERIMETRAL;;;859;;Colisão;Anoitecer;;;Meio de Quadra;;;0;2;0;1;0;0;0;0;0;1;0;0;;
296508;2;9;2016;17:27;0;AV MAJ ASSIS;;;700;;Colisão;Anoitecer;;;Meio de Quadra;;;0;1;0;1;0;0;0;0;0;1;0;0;-38,585571;-3,723853
296502;2;9;2016;16:46;0;AV DR SILAS MUNGUBA;;;1518;;Colisão;Luz do Dia;;;Meio de Quadra;;;0;1;0;1;0;0;0;0;0;1;0;0;-38,553974;-3,783857
296503;2;9;2016;17:10;0;AV PERIMETRAL;;;;;Colisão;Anoitecer;;;Meio de Quadra;;;0;1;0;1;0;0;0;0;0;1;0;0;;
296486;2;9;2016;10:01;0;RUA TEODOMIRO DE CASTRO;;;4069;;Colisão;Luz do Dia;;;Meio de Quadra;;;0;1;0;1;0;0;0;0;0;1;0;0;-38,570027;-3,71993
296493;2;9;2016;14:52;0;RUA JOAO CRISPIM D65;;;2015;;Colisão;Luz do Dia;;;Meio de Quadra;;;0;1;0;1;0;0;0;0;0;1;0;0;;
296497;2;9;2016;16:10;0;AV DES GONZAGA;;;1680;;Colisão;Luz do Dia;;;Meio de Quadra;;;0;1;0;1;0;0;0;0;0;1;0;0;;
296538;2;9;2016;21:05;0;RUA CEL VIRGILIO NOGUEIRA (BOM JARDIM);;;628;;Colisão;;;;Meio de Quadra;;;0;1;0;0;0;0;0;0;0;0;0;0;;
296539;2;9;2016;21:06;0;RUA BAR AQUIRAZ;;;119;;Colisão;;;;Meio de Quadra;;;0;1;0;1;0;0;0;0;0;1;0;0;;
296533;2;9;2016;20:45;1475;AV SANTOS DUMONT;RUA FONSECA LOBO;;;;Colisão Traseira;Via Iluminada;Bom;Seca;Cruz;Não Há Controle;Comercial;0;1;3;1;0;0;0;0;0;0;0;0;-38,489602;-3,739062
296529;2;9;2016;18:44;0;AV SEN CARLOS JEREISSATI (AEROPORTO);;;;;Queda;;;;Meio de Quadra;;;0;1;0;0;0;0;0;0;0;1;0;0;;
296530;2;9;2016;19:04;0;RUA BERNARDO MANUEL;;;1200;;Colisão;;;;Meio de Quadra;;;0;2;0;1;0;0;0;0;0;1;0;0;;
296542;2;9;2016;21:56;0;RUA CEL FABRICIANO;;;3715;;Colisão;;;;Meio de Quadra;;;0;2;0;1;0;0;0;0;0;1;0;0;-38,621351;-3,779069
296543;2;9;2016;22:09;0;RUA CEL VIRGILIO NOGUEIRA (BOM JARDIM);;;627;;Colisão;;;;Meio de Quadra;;;0;1;0;0;0;0;0;0;0;0;0;0;;
296545;2;9;2016;22:18;0;RUA GUSTAVO SAMPAIO;;;1696;;Colisão;;;;Meio de Quadra;;;0;1;0;1;0;1;0;0;0;0;0;0;-38,559633;-3,735908
296546;2;9;2016;22:43;0;AV FRANCISCO SA;;;4533;;Colisão;;;;Meio de Quadra;;;0;1;0;0;0;0;0;0;0;0;0;0;-38,565462;-3,714667
291616;2;9;2016;08:50;0;RUA JOAO BRIGIDO;;;1106;;Queda;Luz do Dia;Bom;Seca;Meio de Quadra;Não Há Controle;Residencial;0;1;0;0;0;0;0;0;0;1;0;0;;
291853;3;9;2016;19:00;0;AV PERIMETRAL;;;;;Colisão;;;;Meio de Quadra;;;1;0;1;0;0;1;0;0;0;1;0;0;;
291855;3;9;2016;21:10;0;AV DR SILAS MUNGUBA;;;2525;;Atropelamento;Via Iluminada;Bom;Seca;Meio de Quadra;Pare;Comercial;1;1;0;0;0;0;0;0;0;1;0;0;-38,550412;-3,786274
296547;3;9;2016;00:39;0;RUA COELHO DA FONSECA;;;174;;Colisão;;;;Meio de Quadra;;;0;1;0;1;0;0;0;0;0;1;0;0;;
296548;3;9;2016;03:07;0;AV DR THEBERGE;;;2033;;Queda;;;;Meio de Quadra;;;0;1;0;0;0;0;0;0;0;1;0;0;-38,566129;-3,718217
296549;3;9;2016;04:41;0;AV SEN CARLOS JEREISSATI (AEROPORTO);;;;;Colisão;;;;Meio de Quadra;;;0;1;0;0;0;0;0;0;0;0;0;0;;
296550;3;9;2016;06:31;0;AV PERIMETRAL;;;618;;Colisão;Luz do Dia;;;Meio de Quadra;;;0;1;0;1;0;0;0;0;0;1;0;0;;
296551;3;9;2016;06:42;12520;AV AUGUSTO DOS ANJOS;RUA ALUISIO AZEVEDO;;;;Colisão;Luz do Dia;;;Outros;Semáforo;Comercial;0;2;0;1;0;0;0;0;0;1;0;0;;
296561;3;9;2016;07:09;0;RUA CAP ARAGAO;;;430;;Queda;Luz do Dia;;;Meio de Quadra;;;0;1;0;0;0;0;0;0;0;1;0;0;-38,514039;-3,765067
296562;3;9;2016;07:42;0;RUA JOSE ABILIO;;;1112;;Colisão;Luz do Dia;;;Meio de Quadra;;;0;2;0;0;0;0;0;0;0;1;0;0;;
296591;3;9;2016;12:54;0;RUA ANGELICA GURGEL;;;;;Colisão;Luz do Dia;;;Meio de Quadra;;;0;1;0;1;0;0;0;0;0;1;0;0;;
296599;3;9;2016;13:22;0;RUA COS LAFAYETE;;;361;;Colisão;Luz do Dia;;;Meio de Quadra;;;0;1;0;0;0;0;0;0;0;1;0;0;;
296600;3;9;2016;13:49;0;RUA PRO HERIBALDO COSTA;;;1795;;Queda;Luz do Dia;;;Meio de Quadra;;;0;1;0;0;1;0;0;0;0;0;0;0;-38,587773;-3,767445
296601;3;9;2016;14:17;0;AV MR HULL;;;;;Atropelamento;Luz do Dia;;;Meio de Quadra;;;0;1;0;0;1;0;0;0;0;0;0;0;;
296602;3;9;2016;14:32;0;RUA DEP MOREIRA DA ROCHA;;;439;;Colisão;Luz do Dia;;;Meio de Quadra;;;0;1;0;1;0;0;0;0;0;1;0;0;-38,509314;-3,726565
296604;3;9;2016;16:03;0;RUA ENG JOAO NOGUEIRA;;;1690;;Colisão;Luz do Dia;;;Meio de Quadra;;;0;1;0;1;0;0;0;0;0;1;0;0;;
296568;3;9;2016;09:21;0;RUA CEL JOAO CORREIA;;;1663;;Colisão;Luz do Dia;;;Meio de Quadra;;;0;1;0;1;0;0;0;0;0;1;0;0;-38,605878;-3,791403
296569;3;9;2016;09:33;0;AV ENG HUMBERTO MONTE;;;;UFC;Colisão;Luz do Dia;;;Meio de Quadra;;;0;1;0;1;0;0;0;0;0;1;0;0;;
296570;3;9;2016;10:00;0;AV PRS COSTA E SILVA;;;1251;;Queda;Luz do Dia;Bom;Seca;Meio de Quadra;Não Há Controle;Comercial;0;1;2;0;0;0;0;0;0;1;0;0;-38,569099;-3,815002
296571;3;9;2016;10:42;0;AV AGUANAMBI;;;674;;Colisão;Luz do Dia;;;Meio de Quadra;;;0;1;0;0;0;0;0;0;0;1;0;0;-38,525831;-3,742773
296573;3;9;2016;10:48;0;AV PRO GOMES DE MATOS;;;1740;;Atropelamento;Luz do Dia;;;Meio de Quadra;;;0;1;0;1;0;0;0;0;0;0;0;0;-38,550304;-3,766619
296574;3;9;2016;12:16;0;RUA POMPILIO GOMES;;;7;;Colisão;Luz do Dia;;;Meio de Quadra;;;0;1;0;1;0;0;0;0;0;1;0;0;;
296575;3;9;2016;12:47;0;AV PRS CASTELO BRANCO;;;2982;;Colisão;Luz do Dia;;;Meio de Quadra;;;0;2;0;1;0;0;0;0;0;1;0;0;-38,555541;-3,711874
296566;3;9;2016;09:17;0;AV SEN FERNANDES TAVORA;;;843;;Colisão;Luz do Dia;;;Meio de Quadra;;;0;1;0;1;0;0;0;0;0;1;0;0;-38,580302;-3,763185
296661;3;9;2016;21:27;12611;RUA BELEM FIGUEIREDO;RUA ANTONIETA CLOTILDE;;;;Colisão;;;;Cruz;Não Há Controle;Residencial;0;1;0;1;0;0;0;0;0;1;0;0;-38,584024;-3,717111
296662;3;9;2016;22:45;0;AV CASTELO DE CASTRO;;;;;Queda;;;;Meio de Quadra;;;0;1;0;0;0;1;0;0;0;0;0;0;;
296664;3;9;2016;23:49;0;RUA JULIO AZEVEDO;;;759;;Colisão;;;;Meio de Quadra;;;0;1;0;0;0;0;0;0;0;0;0;0;-38,478968;-3,737654
296631;3;9;2016;19:01;0;AV B CJ JOSE WALTER;;;120;;Colisão;;;;Meio de Quadra;;;0;1;0;1;0;0;0;0;0;1;0;0;-38,552617;-3,827483
296650;3;9;2016;20:34;0;AV PERIMETRAL;;;;;Colisão;;;;Meio de Quadra;;;0;1;0;1;0;0;0;0;0;1;0;0;;
296644;3;9;2016;19:44;0;RUA VISTA PARA O MAR;;;701;;Colisão;;;;Meio de Quadra;;;0;1;0;0;0;0;0;0;0;0;0;0;;
296633;3;9;2016;19:30;0;AV CASTELO DE CASTRO;;;1300;;Queda;;;;Meio de Quadra;;;0;1;0;0;0;0;0;0;0;1;0;0;-38,521771;-3,840808
296611;3;9;2016;17:36;0;AV PRS COSTA E SILVA;;;;;Colisão;Anoitecer;;;Meio de Quadra;;;0;1;0;0;0;0;0;0;0;0;0;0;;
296615;3;9;2016;18:21;0;RUA OSCAR FRANCA;;;659;;Colisão;Anoitecer;;;Meio de Quadra;;;0;1;0;0;0;0;1;0;0;1;0;0;;
296617;3;9;2016;18:35;0;AV DR SILAS MUNGUBA;;;2595;;Colisão;;;;Meio de Quadra;;;0;1;0;1;0;0;0;0;0;1;0;0;-38,550239;-3,786363
296623;3;9;2016;18:51;0;RUA DES FROTA D71;;;1463;;Colisão;;;;Meio de Quadra;;;0;1;0;1;0;0;0;0;0;1;0;0;;
291258;3;9;2016;07:40;7662;RUA RIO GRANDE DO NORTE;RUA MINAS GERAIS;;;;Colisão Transversal;Luz do Dia;Bom;Seca;Cruz;Pare;Residencial;0;0;2;1;0;0;0;0;0;0;0;0;;
291269;3;9;2016;19:00;13169;AV D CJ JOSE WALTER;RUA 91 CJ JOSE WALTER;;;;Colisão Transversal;Anoitecer;Bom;Seca;T;Não Há Controle;Residencial;0;2;1;1;0;0;0;0;0;1;0;0;-38,554201;-3,832086
291266;3;9;2016;09:35;0;RUA PERNAMBUCO;;;1755;;Colisão Transversal;Luz do Dia;Bom;Seca;Meio de Quadra;Outros;Comercial;0;1;1;0;0;0;0;1;0;1;0;0;-38,57336;-3,756467
291277;3;9;2016;01:00;1519;RUA PDE VALDEVINO;RUA CARLOS VASCONCELOS;;;;Colisão Frontal;Luz do Dia;Bom;Seca;Cruz;Semáforo;Comercial;0;1;1;1;0;0;0;0;0;1;0;0;-38,51319;-3,740277
291273;3;9;2016;07:00;0;RUA DR JOSE LOURENCO;;;;;Colisão Transversal;Luz do Dia;Bom;Seca;Meio de Quadra;Pare;Residencial;0;0;2;1;0;0;0;0;0;0;0;0;;
291271;3;9;2016;19:57;25138;AV 13 DE MAIO;AV FELINO BARROSO;;;;Atropelamento;Via Iluminada;Bom;Seca;Outros;Pare;Comercial;0;1;1;1;0;0;0;0;0;0;0;0;;
291279;3;9;2016;15:55;15144;AV MON TABOSA;AV RUI BARBOSA;;;;Colisão Traseira;Luz do Dia;Bom;Seca;Cruz;Semáforo;Comercial;0;0;2;1;0;0;1;0;0;0;0;0;-38,505696;-3,724441
291280;3;9;2016;09:50;0;RUA VINTE E CINCO DE MARCO;;;;;Outros;Luz do Dia;Bom;Seca;Meio de Quadra;Outros;Outros;0;1;1;0;0;0;0;0;0;1;0;0;;
291281;3;9;2016;12:21;0;RUA SEN JAGUARIBE;;;;;Colisão Lateral;Luz do Dia;Bom;Seca;Meio de Quadra;Não Há Controle;Comercial;0;0;2;1;0;0;0;0;0;0;0;0;;
291286;3;9;2016;16:30;0;RUA GERMANO FRANCK;;;;;Colisão Traseira;Luz do Dia;Bom;Seca;Meio de Quadra;Outros;Comercial;0;0;2;1;0;0;0;0;0;0;0;0;;
291295;3;9;2016;11:10;975;AV AGUANAMBI;RUA PRO GUILHON;;;;Choque c/ Obstáculo Fixo;Luz do Dia;Bom;Seca;Cruz;Pare;Outros;0;0;1;1;0;0;0;0;0;0;0;0;-38,523763;-3,759753
291289;3;9;2016;14:30;13432;AV ANTONIO SALES;AV RUI BARBOSA;;;;Colisão Transversal;Luz do Dia;Bom;Seca;Cruz;Semáforo;Comercial;0;0;2;1;1;0;0;0;0;0;0;0;-38,511569;-3,742611
291298;3;9;2016;18:00;5709;AV DES GONZAGA;AV OLIVEIRA PAIVA;;;;Colisão Lateral;Via Iluminada;Bom;Seca;Cruz;Semáforo;Comercial;0;0;2;1;0;0;0;0;0;0;0;0;-38,499953;-3,797165
291299;3;9;2016;12:35;329;RUA ALEXANDRE BARAUNA;RUA FRANCISCA CLOTILDE;;;;Colisão Transversal;Luz do Dia;Bom;Seca;Cruz;Pare;Residencial;0;0;2;1;0;0;0;0;0;0;0;0;-38,554975;-3,745033
291293;3;9;2016;15:10;0;AV DOMINGOS OLIMPIO;;;597;;Colisão Traseira;Luz do Dia;Bom;Seca;Meio de Quadra;Outros;Comercial;0;0;2;0;0;0;0;0;0;1;0;0;-38,529174;-3,737289
295505;3;9;2016;09:40;0;RD CE-040;;;;KM-08;Colisão;Luz do Dia;Bom;Seca;Meio de Quadra;;;0;0;2;1;0;0;0;0;0;0;0;0;-38,483033;-3,817159
295502;3;9;2016;04:10;0;RD CE-040;;;;KM-02;Colisão;;Bom;Seca;Meio de Quadra;;;0;0;2;1;0;0;0;0;0;0;0;0;-38,482583;-3,76465
295508;3;9;2016;09:20;0;RD CE-040;;;;KM-06;Colisão;Luz do Dia;Bom;Seca;Meio de Quadra;;;0;0;2;1;0;0;0;0;0;0;0;0;-38,479535;-3,800596
293776;3;9;2016;01:45;19166;RUA JULIO AZEVEDO;RUA JOAQUIM LIMA;;;;Colisão Transversal;Via Iluminada;Bom;Seca;Cruz;Pare;Comercial;0;0;3;1;0;0;0;0;0;0;0;0;-38,481001;-3,74092
293784;3;9;2016;15:50;25630;RUA ANDRADE FURTADO;RUA SANTIAGO VASQUES FILHO;;;;Colisão Lateral;Luz do Dia;Bom;Seca;T;Pare;Residencial;0;1;3;1;0;0;0;0;0;1;0;0;-38,478147;-3,746228
293807;3;9;2016;16:22;0;RUA DEP MOREIRA DA ROCHA;;;439;;Colisão Lateral;Luz do Dia;Bom;Seca;Meio de Quadra;Não Há Controle;Residencial;0;2;2;0;0;0;0;0;0;1;0;0;-38,509314;-3,726565
293808;3;9;2016;14:20;22167;AV JOSE BASTOS;RUA TAVARES IRACEMA;;3972;;Colisão Transversal;Luz do Dia;Bom;Seca;T;Pare;Comercial;0;0;4;0;0;0;0;0;0;0;0;0;-38,55277;-3,752313
301825;3;9;2016;09:40;0;RUA CAP FRANCISCO PEDRO;RUA WALDERY UCHOA;;0;;Colisão Transversal;Luz do Dia;Bom;Seca;Cruz;Pare;Residencial;0;0;2;1;0;0;0;0;0;0;0;0;;
301826;3;9;2016;13:26;0;AV GOV RAUL BARBOSA;;;4180;;Colisão Lateral;Luz do Dia;Bom;Seca;Meio de Quadra;Não Há Controle;Comercial;0;0;2;1;0;0;0;0;0;0;0;0;-38,506891;-3,761473
301827;3;9;2016;10:18;1222;RUA COSTA BARROS;RUA ANTONIO AUGUSTO;;0;;Colisão Lateral;Luz do Dia;Bom;Seca;Cruz;Pare;Residencial;0;1;2;1;0;0;0;0;0;0;0;0;-38,513288;-3,729783
301828;3;9;2016;12:50;0;RUA BAR ARATANHA;;;1515;;Colisão Transversal;Luz do Dia;Bom;Seca;Meio de Quadra;Não Há Controle;Comercial;0;1;1;1;0;0;0;0;0;1;0;0;-38,5309;-3,746372
301829;3;9;2016;11:00;11863;RUA COM LUIS RIBEIRO;RUA JOAQUIM LINO;;0;;Colisão Transversal;Luz do Dia;Bom;Seca;Cruz;Pare;Residencial;0;0;3;0;0;0;0;0;0;0;0;0;-38,549113;-3,721851
301830;3;9;2016;12:30;0;AV CASTELO DE CASTRO;;;0;;Colisão Transversal;Luz do Dia;Bom;Seca;Meio de Quadra;Não Há Controle;Comercial;0;0;2;1;0;0;0;0;0;0;0;0;;
301831;3;9;2016;13:20;0;AV SEN VIRGILIO TAVORA;;;2279;;Colisão Traseira;Luz do Dia;Bom;Seca;Meio de Quadra;Semáforo;Comercial;0;1;1;1;0;0;0;0;0;1;0;0;-38,496476;-3,7472
301832;3;9;2016;13:30;275;RUA ABILIO MARTINS;RUA PRO LINO ENCARNACAO;;0;;Colisão Transversal;Luz do Dia;Bom;Seca;Cruz;Pare;Comercial;0;0;2;1;0;0;0;0;0;0;0;0;-38,560467;-3,742159
301833;3;9;2016;14:00;1658;RUA MON CATAO;RUA BENI DE CARVALHO;;0;;Colisão Transversal;Luz do Dia;Bom;Seca;Cruz;Não Há Controle;Comercial;0;0;2;1;0;0;0;0;0;0;0;0;-38,493113;-3,746618
301834;3;9;2016;17:58;5709;AV OLIVEIRA PAIVA;AV DES GONZAGA;;;;Colisão Lateral;Via Iluminada;Bom;Seca;Meio de Quadra;Semáforo;Comercial;0;0;2;1;0;0;0;0;0;0;0;0;-38,499953;-3,797165
301835;3;9;2016;18:10;0;RUA EDGAR FALCAO;;;40;;Choque c/ Obstáculo Fixo;Via Iluminada;Bom;Seca;Meio de Quadra;Não Há Controle;Residencial;0;0;1;1;0;0;0;0;0;0;0;0;;
301836;4;9;2016;09:40;0;AV 13 DE MAIO;;;0;;Engavetamento;Luz do Dia;Bom;Seca;Meio de Quadra;Gesto;Residencial;0;1;4;1;0;0;0;0;0;0;0;0;;
301837;4;9;2016;14:35;0;AV DR SILAS MUNGUBA;;;0;;Colisão Traseira;Luz do Dia;Bom;Seca;Rotatória;Dê Preferência;Lazer;0;0;2;1;0;0;0;0;0;0;0;0;;
301838;4;9;2016;18:21;22990;AV DR SILAS MUNGUBA;RUA AMERICO VESPUCIO;;0;;Colisão Transversal;Via Iluminada;Bom;Seca;T;Não Há Controle;Comercial;0;0;1;1;0;0;0;0;0;1;0;0;;
301839;4;9;2016;18:57;0;RUA JULIO GASPAR;;;660;;Colisão Traseira;Mal Iluminada;Bom;Seca;Meio de Quadra;Não Há Controle;Residencial;0;0;3;1;0;0;0;0;0;0;0;0;;
302105;4;9;2016;09:09;12930;RUA EUSEBIO DE SOUZA;AV DOMINGOS OLIMPIO;;0;;Colisão Lateral;Luz do Dia;Bom;Seca;T;Pare;Comercial;0;0;2;1;0;0;0;0;0;0;0;0;-38,525362;-3,738402
293812;4;9;2016;02:40;0;AV BORGES DE MELO;;;73;;Choque c/ Obstáculo Fixo;;;;Meio de Quadra;;;0;1;0;0;0;0;0;0;0;1;0;0;;
293813;4;9;2016;00:30;25025;AV AUGUSTO DOS ANJOS;RUA EMILIO DE MENESES;;;;Colisão;;;;T;Semáforo;Residencial;0;0;2;1;0;0;0;0;0;0;0;0;-38,581896;-3,783313
293814;4;9;2016;18:20;0;RD QUARTO ANEL VIARIO;;;;;Colisão;Anoitecer;;;Meio de Quadra;;;0;1;1;1;0;0;0;0;0;0;0;0;;
293781;4;9;2016;05:08;26251;AV AMERICO BARREIRA;RUA CEARA;;;;Colisão Traseira;Via Iluminada;Bom;Seca;Cruz;Semáforo;Comercial;0;4;2;1;0;0;0;0;0;1;0;0;;
293789;4;9;2016;15:20;23453;RUA PAULO FIRMEZA;RUA CAP MELO;;;;Colisão Transversal;Luz do Dia;Bom;Seca;Cruz;Pare;Residencial;0;0;4;1;0;0;0;0;0;0;0;0;-38,512966;-3,757131
293786;4;9;2016;11:40;0;AV LAURO VIEIRA CHAVES;;;431;;Colisão;Luz do Dia;;;Meio de Quadra;;;0;0;2;0;1;0;0;0;0;0;0;0;-38,530151;-3,773868
295509;4;9;2016;12:25;0;RD CE-040;;;;KM-04;Colisão;Luz do Dia;Bom;Seca;Meio de Quadra;;;0;0;2;1;0;0;0;0;0;0;0;0;-38,481084;-3,782614
295514;4;9;2016;19:20;0;RD CE-040;;;;KM-08;Colisão;;Bom;Seca;Meio de Quadra;;;0;0;2;1;0;0;0;0;0;0;0;0;-38,483033;-3,817159
291311;4;9;2016;03:40;0;AV I CJ JOSE WALTER;;;901;;Colisão Traseira;Via Iluminada;Bom;Seca;Meio de Quadra;Não Há Controle;Residencial;0;0;2;1;0;0;0;0;0;1;0;0;;
291290;4;9;2016;14:37;0;AV LINEU MACHADO;;;246;;Colisão Traseira;Luz do Dia;Bom;Seca;Meio de Quadra;Outros;Comercial;0;0;2;1;0;0;0;0;0;0;0;0;-38,574974;-3,76224
291291;4;9;2016;11:30;15125;RUA ILDEFONSO ALBANO;RUA DR ATUALPA BARBOSA LIMA (P. IRACEMA);;;;Colisão Transversal;Luz do Dia;Bom;Seca;Cruz;Pare;Residencial;0;0;2;1;0;0;0;0;0;0;0;0;-38,510128;-3,723503
291292;4;9;2016;08:10;1519;RUA PDE VALDEVINO;RUA CARLOS VASCONCELOS;;;;Colisão Transversal;Luz do Dia;Bom;Seca;Cruz;Semáforo;Comercial;0;0;2;1;0;0;0;0;0;0;0;0;-38,51319;-3,740277
291282;4;9;2016;18:50;15224;RUA DEP MOREIRA DA ROCHA;AV BAR STUDART;;;;Colisão Lateral;Via Iluminada;Bom;Seca;Cruz;Semáforo;Comercial;0;0;2;1;0;0;0;0;0;0;0;0;-38,504238;-3,727254
291283;4;9;2016;20:00;21704;RUA DR JOSE GOIANA;RUA CARLOS ARAUJO;;;;Colisão Lateral;;;Seca;Cruz;Não Há Controle;;0;2;1;1;0;0;0;0;0;1;0;0;-38,590442;-3,727401