COD_ACIDENTE;DIA;MES;ANO;HORA;INTERSECAO;LOG1;LOG2;LOG3;NUMERO;REFERENCIA;NATUREZA;ILUMINACAO;TEMPO;SUPERFICIEPISTA;TIPOCRUZAMENTO;CONTROLETRAFEGO;USOSOLO;MORTOS;FERIDOS;ILESOS;AUTOMOVEL;ONIBUS;BICICLETA;CAMINHAO;MICROONIBUS;CICLOMOTOR;MOTOCICLETA;TRACAOANIMAL;TREM;LONG;LAT
301860;6;9;2016;14:01;0;AV ANTONIO SALES;;;2027;;Engavetamento;Luz do Dia;Bom;Seca;Meio de Quadra;Não Há Controle;Comercial;0;0;3;1;0;0;0;0;0;0;0;0;-38,50586;-3,744377
301861;6;9;2016;16:40;1381;AV HERACLITO GRACA;RUA ILDEFONSO ALBANO;;0;;Colisão Traseira;Luz do Dia;Bom;Seca;Meio de Quadra;Não Há Controle;Comercial;0;0;2;1;0;0;0;0;0;0;0;0;;
301862;6;9;2016;20:29;0;AV AGUANAMBI;;;0;;Engavetamento;Anoitecer;Bom;Seca;Outros;Não Há Controle;Comercial;0;0;3;0;1;0;0;1;0;0;0;0;;
301863;6;9;2016;20:53;14585;RUA NUBIA BARROCAS;AV EDILSON B SOARES;;0;;Colisão Traseira;Via Iluminada;Bom;Seca;Cruz;Pare;Comercial;0;0;2;1;0;0;0;0;0;0;0;0;-38,482203;-3,78959
302028;6;9;2016;09:01;5415;RUA FLORIANO PEIXOTO;RUA GAL CLARINDO DE QUEIROZ;;0;;Colisão Lateral;Luz do Dia;Bom;Seca;Cruz;Pare;Comercial;0;0;2;1;0;0;0;0;0;0;0;0;-38,529027;-3,733049
293829;6;9;2016;15:00;0;AV BORGES DE MELO;;;106;VIADUTO;Colisão;Luz do Dia;;;Meio de Quadra;;;0;1;1;0;1;0;0;0;0;0;0;0;-38,518994;-3,761441
295601;6;9;2016;17:00;0;RD CE-025;;;;KM-02;Colisão;Anoitecer;Bom;Seca;Meio de Quadra;;;0;0;2;1;0;0;0;0;0;0;0;0;-38,461085;-3,807635
295607;6;9;2016;17:20;0;RD CE-040;;;;KM-06;Colisão;Anoitecer;Bom;Seca;Meio de Quadra;;;0;0;3;1;0;0;0;0;0;1;0;0;-38,479535;-3,800596
291467;6;9;2016;18:20;0;AV DOS EXPEDICIONARIOS;;;3406;;Colisão Traseira;Via Iluminada;Bom;Seca;Não Informado;Não Há Controle;Residencial;0;1;1;1;0;0;0;0;0;1;0;0;-38,536079;-3,748238
291443;6;9;2016;07:15;7211;AV PRS CASTELO BRANCO;AV DR THEBERGE;;;;Colisão Lateral;Luz do Dia;Bom;Seca;Cruz;Semáforo;Residencial;0;1;1;1;0;0;0;0;0;1;0;0;-38,563456;-3,710079
291445;6;9;2016;20:00;9613;RUA PAULINO ROCHA D32;RUA MARTINS CARVALHO;;;;Colisão Lateral;Via Iluminada;Bom;Seca;Cruz;Não Há Controle;Residencial;1;1;1;0;1;0;0;0;0;1;0;0;-38,626078;-3,788964
291469;6;9;2016;18:30;3820;AV CARAPINIMA;AV 13 DE MAIO;;;;Colisão Traseira;Via Iluminada;Bom;Seca;Cruz;Não Há Controle;Comercial;0;1;1;1;0;0;0;0;0;1;0;0;-38,540239;-3,740001
291471;6;9;2016;23:00;25328;RUA PORTO VELHO;RUA TUPI D35;;;;Colisão Lateral;;;;Cruz;Não Há Controle;Residencial;1;0;1;1;0;0;0;0;1;0;0;0;-38,583018;-3,768111
291313;6;9;2016;18:00;25555;RUA EDMILSON BARROS DE OLIVEIRA;RUA PLINIO CAMARA;;;;Colisão Traseira;Anoitecer;Bom;Seca;T;Não Há Controle;Residencial;0;1;1;1;0;0;0;0;0;1;0;0;;
291318;6;9;2016;20:50;13372;RUA JOAO BRIGIDO;RUA NOGUEIRA ACIOLI;;;;Colisão Transversal;;Bom;Seca;Cruz;Semáforo;Comercial;0;0;2;1;0;0;0;0;0;0;0;0;-38,520044;-3,739259
291322;6;9;2016;16:35;11285;RUA FRANCISCO GLICERIO;RUA CARLOS STUDART;;;;Colisão Lateral;Luz do Dia;Bom;Seca;Cruz;Pare;Residencial;0;0;2;1;0;0;0;0;0;0;0;0;-38,5689;-3,796234
291368;6;9;2016;22:00;0;AV PDE ANTONIO TOMAS;;;;;Choque c/ Obstáculo Fixo;Via Iluminada;Bom;Seca;Meio de Quadra;Outros;Residencial;0;0;1;1;0;0;0;0;0;0;0;0;;
291369;6;9;2016;21:40;5356;AV DUQ CAXIAS;RUA GAL SAMPAIO;;;;Colisão Lateral;Via Iluminada;Bom;Seca;Cruz;Semáforo;Comercial;0;0;2;1;0;0;1;0;0;0;0;0;-38,532029;-3,731096
291366;6;9;2016;13:50;25821;RUA EMILIANO DE ALMEIDA BRAGA;RUA ESMERALDA (CJ HAB NOVO BARROSO);;;;Atropelamento de Animal;Luz do Dia;Bom;Seca;Cruz;Pare;Residencial;0;1;2;1;0;0;0;0;0;1;0;0;;
291376;6;9;2016;15:20;1300;RUA JOAO CORDEIRO;RUA FIUZA DE PONTES;;;;Colisão Transversal;Luz do Dia;Bom;Seca;Cruz;Pare;Residencial;0;0;2;1;0;0;0;0;0;0;0;0;-38,515775;-3,734072
291372;6;9;2016;14:12;0;AV MOZART PINHEIRO DE LUCENA;;;2305;;Colisão Lateral;Luz do Dia;Bom;Seca;Meio de Quadra;Não Há Controle;Residencial;0;0;3;1;0;0;0;1;0;0;0;0;-38,597408;-3,724131
297131;6;9;2016;05:37;0;RUA PLACIDO DE CASTRO;;;1064;;Colisão;Amanhecer;;;Meio de Quadra;;;0;1;0;1;0;0;0;0;0;1;0;0;;
297151;6;9;2016;07:13;0;RUA TUPI D35;;;721;;Colisão;Luz do Dia;;;Meio de Quadra;;;0;1;0;0;0;0;0;0;0;1;0;0;;
297153;6;9;2016;07:53;0;RUA CAP GUSTAVO;;;3552;;Colisão;Luz do Dia;;;Meio de Quadra;;;0;1;0;1;0;0;0;0;0;1;0;0;-38,517318;-3,752176
297135;6;9;2016;06:36;65;RUA HUGO VITOR;RUA MARTINS NETO;;;;Colisão;Luz do Dia;;;Cruz;Pare;Comercial;0;2;0;1;0;0;0;0;0;1;0;0;-38,591458;-3,740726
297119;6;9;2016;05:02;0;RD BR 116;;;9000;KM-09;Queda;Amanhecer;;;Meio de Quadra;;;0;2;0;0;0;0;0;0;0;1;0;0;-38,504865;-3,830837
297124;6;9;2016;05:14;0;AV RAD JOSE LIMA VERDE;;;;;Queda;Amanhecer;;;Meio de Quadra;;;0;1;0;0;0;0;0;0;0;1;0;0;;
297126;6;9;2016;05:37;0;RUA ANTONIO COSTA MENDES (PQ SÃO JOSÉ);;;;;Colisão;Amanhecer;;;Meio de Quadra;;;0;1;0;0;0;0;0;0;0;0;0;0;;
297242;6;9;2016;18:12;0;RUA PDE LUIS FIGUEIRA;;;515;;Atropelamento;Anoitecer;;;Meio de Quadra;;;0;1;0;1;0;0;0;0;0;0;0;0;-38,512331;-3,733053
297243;6;9;2016;18:30;0;AV JOSE BASTOS;;;;;Queda;Anoitecer;;;Meio de Quadra;;;0;1;0;0;0;0;0;0;0;1;0;0;;
297244;6;9;2016;18:43;0;AV PRO GOMES DE MATOS;;;1242;;Colisão;;;;Meio de Quadra;;;0;1;0;1;0;0;0;0;0;1;0;0;-38,547388;-3,763228
297245;6;9;2016;19:09;0;RUA PRO VIRGILIO DE MORAIS;;;599;;Atropelamento;;;;Meio de Quadra;;;0;2;0;0;0;0;0;0;0;1;0;0;-38,597198;-3,754083
297222;6;9;2016;17:06;0;AV WASHINGTON SOARES;;;4700;;Colisão;Anoitecer;;;Meio de Quadra;;;0;1;0;1;0;0;0;0;0;1;0;0;-38,479574;-3,800218
297230;6;9;2016;18:02;0;AV PRS CASTELO BRANCO;;;2341;;Atropelamento;Anoitecer;;;Meio de Quadra;;;0;2;0;0;0;0;0;0;0;1;0;0;-38,548759;-3,713661
297200;6;9;2016;14:36;0;RUA COS TRISTAO;;;277;;Atropelamento;Luz do Dia;;;Meio de Quadra;;;0;1;0;1;0;0;0;0;0;0;0;0;-38,525944;-3,73693
297201;6;9;2016;15:06;294;RUA NELSON MACHADO;RUA DOM JOSE LOURENCO  D27;;;;Colisão;Luz do Dia;;;;;;0;1;0;1;0;0;0;0;0;1;0;0;-38,558014;-3,743097
297215;6;9;2016;15:28;0;AV DOM MANUEL;;;1806;;Colisão;Luz do Dia;;;Meio de Quadra;;;0;1;0;1;0;0;0;0;0;1;0;0;-38,523936;-3,736797
297217;6;9;2016;16:38;23481;RUA PRO CARVALHO;RUA CRUZ ABREU;;;;Queda;Luz do Dia;;;Cruz;Não Há Controle;Residencial;0;1;0;0;0;0;0;0;0;1;0;0;-38,513917;-3,758009
297159;6;9;2016;08:47;0;AV GAL OSORIO DE PAIVA;;;;;Colisão;Luz do Dia;;;Meio de Quadra;;;0;1;0;0;0;0;0;0;0;0;0;0;;
297163;6;9;2016;08:56;0;AV A CJ JOSE WALTER;;;280;;Colisão;Luz do Dia;;;Meio de Quadra;;;0;1;0;1;0;0;0;0;0;1;0;0;-38,553154;-3,825158
297157;6;9;2016;08:26;0;RUA ALUISIO AZEVEDO;;;468;;Atropelamento;Luz do Dia;;;Meio de Quadra;;;0;1;0;0;0;0;0;0;0;1;0;0;-38,577413;-3,771136
297169;6;9;2016;10:55;0;AV PRS CASTELO BRANCO;;;3141;;Colisão;Luz do Dia;;;Meio de Quadra;;;0;3;0;0;0;0;0;0;0;0;0;0;-38,558476;-3,711284
297173;6;9;2016;11:08;0;RUA MAL BITENCOURT;;;;;Atropelamento;Luz do Dia;;;Meio de Quadra;;;0;1;0;0;0;0;0;0;0;1;0;0;;
297166;6;9;2016;09:41;0;AV GAL OSORIO DE PAIVA;;;3379;;Colisão;Luz do Dia;;;Meio de Quadra;;;0;1;0;1;0;0;0;0;0;1;0;0;-38,588381;-3,79064
297178;6;9;2016;11:15;0;AV PONTES VIEIRA;;;;;Queda;Luz do Dia;;;Meio de Quadra;;;0;2;0;0;0;0;0;0;0;1;0;0;;
297181;6;9;2016;11:27;0;RUA BENEDITO MACEDO;;;29;;Queda;Luz do Dia;;;Meio de Quadra;;;0;1;0;0;0;0;0;0;0;1;0;0;;
297183;6;9;2016;11:44;0;RUA SILVIO ROMERO;;;387;;Queda;Luz do Dia;;;Meio de Quadra;;;0;1;0;0;0;1;0;0;0;0;0;0;;
297186;6;9;2016;11:58;0;AV DEP PAULINO ROCHA;;;1551;;Atropelamento;Luz do Dia;;;Meio de Quadra;;;0;1;0;0;0;0;0;0;0;1;0;0;-38,510749;-3,811439
297189;6;9;2016;13:51;0;AV ROGACIANO LEITE;;;2440;;Atropelamento;Luz do Dia;;;Meio de Quadra;;;0;1;0;0;0;0;0;0;0;1;0;0;-38,500613;-3,776918
297193;6;9;2016;13:57;0;RUA AMANCIO PEREIRA;;;1240;;Colisão;Luz do Dia;;;Meio de Quadra;;;0;2;0;1;0;0;0;0;0;1;0;0;;
296477;6;9;2016;15:15;0;RD BR 116;;;5000;KM-05;Colisão Lateral;Luz do Dia;;;Meio de Quadra;;;0;0;2;1;0;0;1;0;0;0;0;0;-38,506787;-3,796502
297288;6;9;2016;23:13;0;RUA PEREIRA FILGUEIRAS;;;769;;Colisão;;;;Meio de Quadra;;;0;1;0;1;0;0;0;0;0;0;0;0;-38,515885;-3,727377
297285;6;9;2016;22:05;0;RUA ERICO MOTA;;;900;;Colisão;;;;Meio de Quadra;;;0;2;0;0;0;0;0;0;0;0;0;0;-38,561029;-3,744936
297286;6;9;2016;22:34;0;RUA JACINTO MATOS;;;;;Colisão;;;;Meio de Quadra;;;0;1;0;0;0;0;0;0;0;0;0;0;;
297279;6;9;2016;20:08;0;AV DR SILAS MUNGUBA;;;4410;;Colisão Lateral;Mal Iluminada;Bom;Seca;Meio de Quadra;Não Há Controle;Comercial;0;1;2;1;0;0;0;0;0;1;0;0;-38,535173;-3,792948
297280;6;9;2016;21:37;0;AV ALBERTO CRAVEIRO;;;2505;;Colisão;;;;Meio de Quadra;;;0;0;1;1;0;0;0;0;0;1;0;0;-38,520758;-3,802234
297281;6;9;2016;21:43;0;RUA ESPERANCA D51;;;340;;Colisão;;;;Meio de Quadra;;;0;1;0;1;0;1;0;0;0;0;0;0;;
297282;6;9;2016;22:01;0;AV GODOFREDO MACIEL;;;;;Queda;;;;Meio de Quadra;;;0;1;0;0;0;1;0;0;0;0;0;0;;
297271;6;9;2016;20:05;0;RUA JOAO GENTIL;;;;;Colisão;;;;Meio de Quadra;;;0;1;0;0;0;0;0;0;0;0;0;0;;
297227;6;9;2016;17:22;0;AV CARAPINIMA;;;1615;;Colisão;Anoitecer;;;Meio de Quadra;;;0;1;0;0;0;0;0;0;0;1;0;0;-38,536362;-3,736236
297249;6;9;2016;19:25;0;RUA MARIA JULIA;;;800;;Atropelamento;;;;Meio de Quadra;;;0;1;0;0;0;0;0;0;0;1;0;0;;
297257;6;9;2016;19:28;0;RUA LINS DO REGO;;;572;;Queda;;;;Meio de Quadra;;;0;1;0;0;0;1;0;0;0;0;0;0;-38,578071;-3,782082
297263;6;9;2016;19:34;0;RUA SETE BARRA;;;114;;Queda;;;;Meio de Quadra;;;0;1;0;0;0;0;0;0;0;1;0;0;;
291857;6;9;2016;13:40;0;RUA POE MARIO LINHARES (J.WALTER);;;;;Atropelamento;Luz do Dia;;;Meio de Quadra;;;1;0;1;0;0;0;0;0;0;0;0;0;;
291737;6;9;2016;18:40;0;RUA OSCAR ARARIPE;;;3164;;Choque c/ Obstáculo Fixo;;;;Meio de Quadra;;;1;0;1;0;0;0;1;0;0;1;0;0;-38,618873;-3,785019
297289;7;9;2016;02:11;0;RUA TRES CORACOES;;;87;;Queda;;;;Meio de Quadra;;;0;1;0;0;0;1;0;0;0;0;0;0;;
297305;7;9;2016;05:00;0;AV RUI BARBOSA;;;671;;Queda;Amanhecer;;;Meio de Quadra;;;0;1;0;0;0;0;0;0;0;1;0;0;-38,507075;-3,728762
297306;7;9;2016;05:13;0;AV DR SILAS MUNGUBA;;;999;;Colisão;Amanhecer;;;Meio de Quadra;;;0;1;0;0;0;0;0;0;0;0;0;0;-38,556938;-3,781561
297320;7;9;2016;08:45;0;AV FRANCISCO SA;;;4669;;Colisão;Luz do Dia;;;Meio de Quadra;;;0;1;0;0;0;0;0;0;0;1;0;0;-38,566193;-3,714406
297317;7;9;2016;07:07;3337;AV ENG HUMBERTO MONTE;RUA RIO GRANDE DO SUL;;;;Choque c/ Obstáculo Fixo;Luz do Dia;Bom;Seca;T;Não Há Controle;Comercial;0;1;0;1;0;0;0;0;0;0;0;0;-38,560374;-3,749204
297327;7;9;2016;10:28;0;RUA SILVA PAULET;;;2154;;Colisão;Luz do Dia;;;Meio de Quadra;;;0;1;0;1;0;1;0;0;0;0;0;0;-38,508609;-3,744304
297329;7;9;2016;13:31;0;RUA CONTONEIDE;;;91;;Atropelamento;Luz do Dia;;;Meio de Quadra;;;0;1;0;0;0;0;0;0;0;1;0;0;-38,474791;-3,775047
297390;7;9;2016;23:11;0;RUA CON DE CASTRO;;;4374;;Colisão;;;;Meio de Quadra;;;0;2;0;0;0;0;0;0;0;1;0;0;-38,591001;-3,803972
297400;7;9;2016;23:40;7766;RUA TIBURCIO CAVALCANTE;AV ANTONIO SALES;;;;Colisão;;;;Cruz;Semáforo;Comercial;0;1;0;0;0;0;0;0;0;0;0;0;-38,505333;-3,744543
297351;7;9;2016;19:15;0;RUA ANTONIO NERY;;;780;;Colisão;;;;Meio de Quadra;;;0;1;0;0;0;0;0;0;0;0;0;0;-38,600709;-3,779996
297364;7;9;2016;20:32;16281;RUA ANTONIO BARBOSA;RUA ANTONIO PEREIRA;;;;Colisão;;;;Cruz;Pare;Residencial;0;2;0;1;0;0;0;0;0;1;0;0;-38,565289;-3,832952
297375;7;9;2016;21:15;0;RUA BARRINHA;;;30;;Queda;;;;Meio de Quadra;;;0;2;0;0;0;0;0;0;0;1;0;0;-38,603729;-3,729271
297376;7;9;2016;21:42;0;RUA DOMINGOS DA VEIGA;;;384;;Colisão;;;;Meio de Quadra;;;0;2;0;1;0;0;0;0;0;0;0;0;;
297382;7;9;2016;21:49;0;RUA DAS PITANGUEIRAS;;;1439;;Colisão;;;;Meio de Quadra;;;0;1;0;0;0;0;0;0;0;1;0;0;;
297383;7;9;2016;21:53;15104;AV HIS RAIMUNDO GIRAO;RUA ILDEFONSO ALBANO;;;;Atropelamento;;;;Cruz;Semáforo;Outros;0;1;0;1;0;0;0;0;0;0;0;0;-38,509542;-3,721603
297386;7;9;2016;22:06;0;RUA VALDEMAR PAES;;;570;;Atropelamento;;;;Meio de Quadra;;;0;1;0;1;0;0;0;0;0;0;0;0;;
297387;7;9;2016;22:17;0;AV VICENTE DE CASTRO;;;6043;;Colisão;;;;Meio de Quadra;;;0;1;0;0;0;0;1;0;0;1;0;0;;
297367;7;9;2016;20:41;0;AV JANGADEIROS (MUCURIPE);;;960;;Atropelamento;;;;Meio de Quadra;;;0;1;0;1;0;0;0;0;0;0;0;0;-38,47875;-3,725905
297360;7;9;2016;20:23;0;RUA BERNARDO MANUEL;;;1284;;Colisão;;;;Meio de Quadra;;;0;1;0;0;0;0;0;0;0;0;0;0;;
297354;7;9;2016;19:17;0;RUA PIAUI;;;850;;Queda;;;;Meio de Quadra;;;0;1;0;0;0;1;0;0;0;0;0;0;;
297355;7;9;2016;19:44;0;RUA NAT FEIJO;;;777;;Colisão;;;;Meio de Quadra;;;0;1;0;0;0;0;0;0;0;0;0;0;;
297356;7;9;2016;19:57;0;RUA GODOFREDO OLIVEIRA;;;258;;Atropelamento;;;;Meio de Quadra;;;0;1;0;0;0;0;0;0;0;1;0;0;;
297348;7;9;2016;19:13;0;AV DIOGUINHO;;;1630;;Colisão;;;;Meio de Quadra;;;0;1;0;1;0;0;0;0;0;1;0;0;;
297343;7;9;2016;19:05;0;RUA G CJ VILA VELHA;;;280;;Colisão;;;;Meio de Quadra;;;0;1;0;0;0;0;0;0;0;0;0;0;;
297344;7;9;2016;19:06;0;RUA EMILIO DE MENESES;;;1883;;Colisão;;;;Meio de Quadra;;;0;1;0;0;0;0;0;0;0;0;0;0;-38,597938;-3,778785
297301;7;9;2016;04:52;0;AV D CJ CEARA;;;1041;;Queda;;;;Meio de Quadra;;;0;1;0;0;0;0;0;0;0;1;0;0;-38,603334;-3,760994
297334;7;9;2016;13:50;0;AV CENTRAL CJ CEARA;;;552;;Colisão;Luz do Dia;;;Meio de Quadra;;;0;2;0;0;0;0;0;0;0;0;0;0;;
297338;7;9;2016;15:58;0;AV MOZART PINHEIRO DE LUCENA;;;2382;;Colisão;Luz do Dia;;;Meio de Quadra;;;0;1;0;1;0;0;0;0;0;1;0;0;-38,597564;-3,724752
297339;7;9;2016;16:55;0;RUA PERGENTINO MAIA;;;600;;Colisão;Luz do Dia;;;Meio de Quadra;;;0;1;0;1;0;0;0;0;0;1;0;0;;
297340;7;9;2016;17:30;0;RUA CON DE CASTRO;;;472;;Colisão;Anoitecer;;;Meio de Quadra;;;0;1;0;0;0;0;0;0;0;0;0;0;-38,567132;-3,778099
297341;7;9;2016;18:10;0;RUA MAISA;;;460;;Colisão;Anoitecer;;;Meio de Quadra;;;0;1;0;1;0;1;0;0;0;0;0;0;-38,52607;-3,849429
297393;7;9;2016;23:40;0;RUA BOM JESUS (GRANJA LISBOA);;;3371;;Colisão;;;;Meio de Quadra;;;0;3;0;0;0;0;0;0;0;0;0;0;-38,623962;-3,787321
291405;7;9;2016;18:00;0;AV HERACLITO GRACA;;;1611;;Colisão;Anoitecer;;;Meio de Quadra;;;0;0;2;1;0;0;0;0;0;0;0;0;-38,510158;-3,738369
291412;7;9;2016;18:50;0;AV SANTOS DUMONT;;;7050;;Colisão;;;;Meio de Quadra;;;0;0;2;1;0;0;0;0;0;0;0;0;-38,469596;-3,745521
291418;7;9;2016;10:21;15247;RUA DEP MOREIRA DA ROCHA;RUA NUNES VALENTE;;;;Colisão Traseira;Luz do Dia;;;Cruz;Pare;Residencial;0;0;2;1;0;0;0;0;0;0;0;0;-38,50112;-3,727994
291475;7;9;2016;23:15;0;RUA SERGIPE;;;1165;;Colisão Frontal;;;;Meio de Quadra;;;0;0;2;1;0;0;0;0;0;1;0;0;-38,568865;-3,761817
291484;7;9;2016;20:00;12666;AV CEL CARVALHO;RUA ROSINHA SAMPAIO;;;;Colisão Transversal;;;;Cruz;;Comercial;0;1;2;1;0;0;0;0;0;1;0;0;-38,585413;-3,726938
291497;7;9;2016;22:00;0;AV DIOGUINHO;;;4400;;Colisão Traseira;;;;Meio de Quadra;;;0;1;1;1;0;0;0;0;0;1;0;0;-38,44691;-3,753908
291436;7;9;2016;14:45;2116;AV RAD JOSE LIMA VERDE;AV PRS CASTELO BRANCO;;;;Colisão Frontal;Luz do Dia;;;Outros;Pare;Misto;0;1;1;0;1;0;0;0;0;1;0;0;-38,588134;-3,699825
291455;7;9;2016;17:00;23648;RUA POMPEU CAVALCANTE;RUA DR ATUALPA (V. ELERY);;;;Colisão Transversal;Anoitecer;;;Cruz;Não Há Controle;Residencial;0;1;1;1;0;0;0;0;0;1;0;0;-38,563832;-3,723533
295610;7;9;2016;11:30;0;RD CE-025;;;;KM-03;Colisão;Luz do Dia;Bom;Seca;Meio de Quadra;;;0;0;2;1;0;0;0;0;0;0;0;0;-38,452247;-3,805889
293830;7;9;2016;07:39;0;AV AGUANAMBI;;;;;Colisão Traseira;Luz do Dia;Bom;Seca;Rotatória;Semáforo;Comercial;0;1;3;1;1;0;0;0;0;0;0;0;;
301864;7;9;2016;07:05;1585;RUA TIBURCIO CAVALCANTE;RUA PDE VALDEVINO;;0;;Colisão Lateral;Luz do Dia;Bom;Seca;Cruz;Semáforo;Residencial;0;0;1;1;0;0;0;0;0;0;0;0;-38,504815;-3,742915
301865;7;9;2016;10:12;0;AV 13 DE MAIO;;;0;;Colisão Lateral;Luz do Dia;Bom;Seca;Meio de Quadra;Não Há Controle;Comercial;0;0;2;1;0;0;0;0;0;0;0;0;;
301866;7;9;2016;11:40;1764;RUA TEN WILSON  D46;RUA ASP MENDES;;0;;Colisão Transversal;Luz do Dia;Bom;Seca;Cruz;Pare;Residencial;0;0;2;1;0;0;0;0;0;0;0;0;-38,514054;-3,769481
301867;7;9;2016;19:20;24369;RUA DOMINGOS JAGUARIBE;RUA ALBERTO MONTEZUMA;;0;;Colisão Transversal;Via Iluminada;Bom;Seca;Cruz;Pare;Residencial;0;2;0;0;0;0;0;0;0;1;0;0;-38,533453;-3,766452
303265;7;9;2016;16:50;19389;AV GAL OSORIO DE PAIVA;RUA PERDIGAO DE OLIVEIRA;;0;;Colisão Transversal;Luz do Dia;Bom;Seca;Cruz;Não Há Controle;Comercial;0;0;2;1;0;0;0;0;0;0;0;0;-38,570115;-3,777906
303276;8;9;2016;09:55;15353;RUA BARBOSA DE FREITAS;RUA PEREIRA VALENTE;;0;;Colisão Transversal;Luz do Dia;Bom;Seca;Cruz;Não Há Controle;Comercial;0;0;2;1;0;0;0;0;0;0;0;0;-38,49608;-3,732578
301868;8;9;2016;08:12;0;AV DUQ CAXIAS;;;0;CRASA;Colisão Lateral;Luz do Dia;Bom;Seca;Meio de Quadra;Não Há Controle;Comercial;0;0;1;1;0;0;0;0;0;0;0;0;;
301869;8;9;2016;08:50;0;RUA TORRES CAMARA;;;0;;Colisão Lateral;Luz do Dia;Bom;Seca;Meio de Quadra;Não Há Controle;Comercial;0;0;2;1;0;0;0;0;0;0;0;0;;
301870;8;9;2016;10:12;3928;AV IMPERADOR;RUA ANTONIO POMPEU;;0;;Colisão Transversal;Luz do Dia;Bom;Seca;Cruz;Semáforo;Comercial;0;0;2;1;0;0;0;0;0;0;0;0;-38,536179;-3,733045
301871;8;9;2016;08:00;25043;AV CEL CARVALHO;RUA RIO TAPAJOS;;0;;Colisão Traseira;Luz do Dia;Bom;Seca;T;Não Há Controle;Comercial;0;0;2;1;0;0;0;0;0;0;0;0;-38,590312;-3,708154
301873;8;9;2016;13:10;0;AV ALBERTO CRAVEIRO;;;0;MAKRO;Colisão Lateral;Luz do Dia;Bom;Seca;Outros;Semáforo;Comercial;0;0;2;1;0;0;0;0;0;0;0;0;;
301874;8;9;2016;14:20;0;AV SANTOS DUMONT;;;0;;Colisão Traseira;Luz do Dia;Bom;Seca;Cruz;Semáforo;Comercial;0;0;2;1;0;0;0;0;0;0;0;0;;
301875;8;9;2016;15:19;0;AV FRE CIRILO;;;0;;Colisão Transversal;Luz do Dia;Bom;Seca;T;Semáforo;Comercial;0;0;2;1;0;0;0;0;0;0;0;0;;
301876;8;9;2016;18:36;0;AV ENG SANTANA JUNIOR;;;0;;Colisão Traseira;Via Iluminada;Bom;Seca;Meio de Quadra;Não Há Controle;Comercial;0;0;2;1;0;0;0;0;0;0;0;0;;
301877;8;9;2016;19:05;1710;RUA CAP OLAVO;RUA CAP CLOVIS MAIA;;0;;Colisão Lateral;Via Iluminada;Bom;Seca;Cruz;Não Há Controle;Residencial;0;0;2;1;1;0;0;0;0;0;0;0;-38,515329;-3,768839
301878;8;9;2016;22:04;0;AV DEP PAULINO ROCHA;;;0;;Colisão Traseira;Via Iluminada;Bom;Seca;Rotatória;Dê Preferência;Lazer;0;0;2;1;0;0;0;0;0;0;0;0;;
301886;8;9;2016;19:25;0;AV DR SILAS MUNGUBA;;;2691;;Colisão Lateral;Via Iluminada;Bom;Seca;Meio de Quadra;Semáforo;Comercial;0;0;2;1;0;0;0;0;0;1;0;0;-38,549592;-3,786697
297545;8;9;2016;16:08;0;AV LAURO VIEIRA CHAVES;;;1749;;Atropelamento;Luz do Dia;;;Meio de Quadra;;;0;1;0;0;0;0;0;0;0;1;0;0;-38,542867;-3,7711
297450;8;9;2016;09:06;0;AV CARAPINIMA;;;;;Colisão;Luz do Dia;;;Meio de Quadra;;;0;1;0;1;0;0;0;0;0;1;0;0;;
297533;8;9;2016;16:04;1590;RUA PDE VALDEVINO;RUA JOAQUIM NABUCO;;2451;;Colisão Traseira;Luz do Dia;Bom;Seca;Cruz;Semáforo;Comercial;0;1;1;1;0;0;0;0;0;0;0;0;-38,503847;-3,743222
297550;8;9;2016;16:24;0;RUA FRANCISCO PAIVA;;;120;;Atropelamento;Luz do Dia;;;Meio de Quadra;;;0;1;0;0;0;0;0;0;0;1;0;0;;
297517;8;9;2016;15:39;19780;RUA PDE GUERRA;RUA COS ALVARO DE OLIVEIRA;;;;Colisão;Luz do Dia;;;Cruz;Pare;Residencial;0;1;0;1;0;0;0;0;0;1;0;0;-38,555644;-3,738519
297529;8;9;2016;16:00;0;AV DOS EXPEDICIONARIOS;;;4681;;Colisão;Luz do Dia;;;Meio de Quadra;;;0;1;0;0;0;0;0;0;0;0;0;0;-38,539488;-3,759336
297491;8;9;2016;10:54;0;RUA LUIS VIEIRA;;;490;;Colisão;Luz do Dia;;;Meio de Quadra;;;0;1;0;1;0;0;0;0;0;1;0;0;-38,587389;-3,79404
297485;8;9;2016;10:45;0;RUA MIN ALBUQUERQUE LIMA;;;283;;Colisão;Luz do Dia;;;Meio de Quadra;;;0;1;0;1;0;0;0;0;0;1;0;0;-38,608635;-3,767941
297507;8;9;2016;14:34;0;RUA CEL VIRGILIO NOGUEIRA (BOM JARDIM);;;1248;;Colisão;Luz do Dia;;;Meio de Quadra;;;0;1;0;1;0;0;0;0;0;1;0;0;;
297496;8;9;2016;11:03;0;RUA ANTONIO COSTA MENDES;;;490;;Colisão;Luz do Dia;;;Meio de Quadra;;;0;1;0;1;0;0;0;0;0;1;0;0;;
297500;8;9;2016;11:41;0;RUA GUERRA JUNQUEIRO;;;1063;;Colisão;Luz do Dia;;;Meio de Quadra;;;0;1;0;1;0;0;0;0;0;1;0;0;-38,552221;-3,780051
297501;8;9;2016;11:42;0;RUA DR JUSTA ARAUJO D45;;;512;;Colisão;Luz do Dia;;;Meio de Quadra;;;0;1;0;1;0;0;0;0;0;1;0;0;-38,551711;-3,78034
297502;8;9;2016;14:09;0;RD BR 116;;;11000;KM-11;Queda;Luz do Dia;;;Meio de Quadra;;;0;1;0;0;0;0;0;0;0;1;0;0;-38,497176;-3,84716