COD_ACIDENTE;DIA;MES;ANO;HORA;INTERSECAO;LOG1;LOG2;LOG3;NUMERO;REFERENCIA;NATUREZA;ILUMINACAO;TEMPO;SUPERFICIEPISTA;TIPOCRUZAMENTO;CONTROLETRAFEGO;USOSOLO;MORTOS;FERIDOS;ILESOS;AUTOMOVEL;ONIBUS;BICICLETA;CAMINHAO;MICROONIBUS;CICLOMOTOR;MOTOCICLETA;TRACAOANIMAL;TREM;LONG;LAT
297472;8;9;2016;09:07;0;RUA BERNARDO MANUEL;;;7941;;Queda;Luz do Dia;;;Meio de Quadra;;;0;1;0;0;0;0;0;0;0;1;0;0;-38,548344;-3,788638
297480;8;9;2016;09:38;0;RUA LAURO NOGUEIRA;;;100;;Colisão;Luz do Dia;;;Meio de Quadra;;;0;1;0;1;0;0;0;0;0;1;0;0;;
297626;8;9;2016;23:06;0;RUA 10 (CJ JOAO PAULO II);;;74;;Queda;;;;Meio de Quadra;;;0;1;0;0;0;0;0;0;0;1;0;0;;
297621;8;9;2016;21:02;0;AV SGT HERMINIO SAMPAIO;;;3919;;Colisão;;;;Meio de Quadra;;;0;1;0;1;0;0;0;0;0;1;0;0;-38,575468;-3,73004
297622;8;9;2016;21:40;0;AV GODOFREDO MACIEL;;;;;Colisão;;;;Meio de Quadra;;;0;1;0;1;0;0;0;0;0;1;0;0;;
297623;8;9;2016;21:43;0;AV PRS CASTELO BRANCO;;;;;Colisão;;;;Meio de Quadra;;;0;1;0;0;0;0;0;0;0;0;0;0;;
297624;8;9;2016;22:48;0;RUA URUCUTUBA;;;2433;;Queda;;;;Meio de Quadra;;;0;1;0;0;0;0;0;0;0;1;0;0;-38,619769;-3,799163
297602;8;9;2016;18:57;0;RUA DES FELIX CANDIDO;;;;;Colisão;;;;Meio de Quadra;;;0;1;0;1;0;0;0;0;0;1;0;0;;
297577;8;9;2016;17:52;0;AV FRANCISCO SA;;;4504;;Atropelamento;Anoitecer;;;Meio de Quadra;;;0;1;0;0;0;1;0;0;0;0;0;0;-38,564938;-3,714847
297608;8;9;2016;19:10;25334;AV B CJ CEARA;AV D CJ CEARA;;;;Colisão;;;;T;Pare;Misto;0;1;0;1;0;0;0;0;0;1;0;0;-38,602328;-3,763611
297614;8;9;2016;19:36;0;RUA EDUARDO BEZERRA;;;3330;;Colisão;;;;Meio de Quadra;;;0;1;0;0;0;0;0;0;0;0;0;0;;
297611;8;9;2016;19:25;0;RUA DES FELIX CANDIDO;;;1300;;Colisão;;;;Meio de Quadra;;;0;2;0;1;0;0;0;0;0;1;0;0;-38,580921;-3,775661
297619;8;9;2016;19:59;0;RUA PRO GOMES BRASIL;;;245;;Queda;;;;Meio de Quadra;;;0;1;0;0;0;0;0;0;0;1;0;0;-38,567952;-3,773598
297584;8;9;2016;18:20;5279;RUA NOGUEIRA ACIOLI;RUA COSTA BARROS;;850;;Colisão Transversal;Via Iluminada;Bom;Seca;Cruz;Pare;Comercial;0;0;4;1;0;0;0;0;0;1;0;0;-38,516481;-3,728753
297585;8;9;2016;18:26;0;RUA JACINTO MATOS;;;558;;Colisão;Anoitecer;;;Meio de Quadra;;;0;1;0;0;0;0;0;0;0;1;0;0;-38,546449;-3,715976
297586;8;9;2016;18:42;0;RUA 860 CJ CEARA;;;;;Atropelamento;;;;Meio de Quadra;;;0;1;0;0;0;0;0;0;0;0;0;0;;
297593;8;9;2016;18:55;0;RUA CHILE;;;290;;Colisão;;;;Meio de Quadra;;;0;1;0;1;0;0;0;0;0;1;0;0;-38,565337;-3,746232
297579;8;9;2016;18:10;0;RUA ROSINHA SAMPAIO;;;872;;Colisão;Anoitecer;;;Meio de Quadra;;;0;1;0;1;0;0;0;0;0;1;0;0;;
297580;8;9;2016;18:12;0;RUA PRC ISABEL;;;1578;;Colisão;Anoitecer;;;Meio de Quadra;;;0;1;0;1;0;0;0;0;0;1;0;0;;
297562;8;9;2016;16:42;0;RUA PERILIO TEIXEIRA;;;1354;;Colisão;Luz do Dia;;;Meio de Quadra;;;0;1;0;1;0;0;0;0;0;1;0;0;-38,60085;-3,753436
297563;8;9;2016;17:09;0;AV N CJ JOSE WALTER;;;12298;;Colisão;Anoitecer;;;Meio de Quadra;;;0;1;0;0;0;0;0;0;0;0;0;0;;
297564;8;9;2016;17:10;0;RUA GAL TERTULIANO POTYGUARA;;;575;;Colisão;Anoitecer;;;Meio de Quadra;;;0;1;0;1;0;0;0;0;0;1;0;0;-38,499184;-3,743583
297565;8;9;2016;17:23;0;AV GAL OSORIO DE PAIVA;;;2276;;Colisão;Anoitecer;;;Meio de Quadra;;;0;1;0;0;0;0;0;0;0;1;0;0;-38,582955;-3,786056
293833;8;9;2016;01:30;24369;RUA ALBERTO MONTEZUMA;RUA DOMINGOS JAGUARIBE;;;;Colisão;;;;Cruz;Pare;Residencial;0;2;0;0;0;0;0;0;0;1;0;0;-38,533453;-3,766452
293835;8;9;2016;20:10;5279;RUA COSTA BARROS;RUA NOGUEIRA ACIOLI;;;;Colisão;;;;Cruz;Pare;Residencial;0;1;1;0;0;0;0;0;0;1;0;0;-38,516481;-3,728753
293838;8;9;2016;16:00;12845;RUA BAR ARATANHA;RUA SILVA JARDIM;;;;Colisão Lateral;Luz do Dia;Bom;Seca;Cruz;Pare;Comercial;0;1;3;1;0;0;0;0;0;1;0;0;-38,529351;-3,741779
293839;8;9;2016;21:10;0;RUA SEN POMPEU;;;2748;;Colisão;;;;Meio de Quadra;;;0;1;1;1;0;0;0;0;0;1;0;0;-38,5344;-3,742692
293840;8;9;2016;01:00;7775;AV ANTONIO SALES;AV BAR STUDART;;;;Colisão;;;;Cruz;Semáforo;Comercial;0;2;0;1;0;0;0;0;0;1;0;0;-38,509378;-3,743288
293843;8;9;2016;06:30;0;RUA CIDADE ECOLOGICA;;;55;;Colisão Lateral;Luz do Dia;Bom;Seca;Y;Não Há Controle;Residencial;0;1;3;0;1;0;0;0;1;0;0;0;;
295612;8;9;2016;12:30;0;RD CE-040;;;;KM-02;Colisão;Luz do Dia;Bom;Seca;Meio de Quadra;;;0;0;2;1;0;0;0;0;0;1;0;0;-38,482583;-3,76465
291324;8;9;2016;08:20;7949;RUA ISAC AMARAL;RUA OSVALDO CRUZ (ALDEOTA);;;;Colisão Frontal;;Bom;Seca;Cruz;Pare;Residencial;0;1;1;1;0;0;0;0;0;1;0;0;-38,505756;-3,752487
291326;8;9;2016;21:10;0;AV ABOLICAO;;;4140;;Colisão Lateral;Via Iluminada;Bom;Seca;Meio de Quadra;Não Há Controle;Comercial;0;0;2;1;0;0;1;0;0;0;0;0;;
291327;8;9;2016;15:00;0;AV BEZERRA DE MENEZES;;;248;;Engavetamento;Luz do Dia;Bom;Seca;Meio de Quadra;Pare;Comercial;0;0;3;1;0;0;0;0;0;0;0;0;-38,547436;-3,732134
291329;8;9;2016;15:25;0;AV RAD JOSE LIMA VERDE;;;807;;Colisão;Luz do Dia;Bom;Seca;Meio de Quadra;Não Há Controle;Comercial;0;1;1;0;0;0;0;0;0;1;0;0;-38,587923;-3,699637
291330;8;9;2016;01:30;7766;AV ANTONIO SALES;RUA TIBURCIO CAVALCANTE;;;;Colisão Transversal;Via Iluminada;Bom;Seca;Cruz;Semáforo;Comercial;0;1;1;1;0;0;0;0;0;0;0;0;-38,505333;-3,744543
291332;8;9;2016;03:15;12347;RUA DIAMANTINA;RUA RIO GRANDE DO SUL;;;;Colisão Transversal;Via Iluminada;Bom;Seca;Cruz;Pare;Residencial;0;2;1;1;0;0;0;0;0;0;0;0;-38,570499;-3,763342
291333;8;9;2016;17:00;25588;RUA HIL MORAES;RUA ROBERTO SILVA;;;;Colisão Transversal;Via Iluminada;Bom;Seca;Cruz;Pare;Residencial;0;2;0;1;0;0;0;0;0;1;0;0;-38,474588;-3,772505
291337;8;9;2016;11:30;5189;RUA PDE IBIAPINA;RUA JULIO PINTO D04;;;;Colisão Lateral;Luz do Dia;Bom;Seca;Cruz;Pare;Comercial;0;1;1;1;0;0;0;0;0;1;0;0;-38,540601;-3,72594
291335;8;9;2016;16:30;0;RUA AZEVEDO BOLAO;;;2573;;Colisão Lateral;Luz do Dia;Bom;Seca;Meio de Quadra;Não Há Controle;Residencial;0;0;2;1;0;0;0;0;0;0;0;0;-38,567556;-3,738675
291339;8;9;2016;06:40;17397;AV PRO GOMES DE MATOS;RUA ROMEU MARTINS;;;;Colisão Transversal;Luz do Dia;Bom;Seca;Cruz;Pare;Comercial;0;0;2;1;0;0;0;0;0;0;0;0;-38,551023;-3,767447
297428;8;9;2016;07:21;5076;RUA SEN POMPEU;RUA DR JOAO MOREIRA;;;;Colisão;Luz do Dia;;;Cruz;Semáforo;Comercial;0;1;0;1;0;0;0;0;0;1;0;0;-38,528275;-3,7224
297419;8;9;2016;06:19;15137;RUA ILDEFONSO ALBANO;AV MON TABOSA;;;;Colisão;Luz do Dia;;;Cruz;Semáforo;Residencial;0;1;0;1;0;0;0;0;0;1;0;0;-38,510333;-3,724155
297421;8;9;2016;06:51;0;RUA 114 CJ TUPAN MIRIM;;;250;;Queda;Luz do Dia;;;Meio de Quadra;;;0;2;0;0;0;0;0;0;0;1;0;0;;
297422;8;9;2016;07:02;0;AV C CJ CEARA;;;1460;;Colisão;Luz do Dia;;;Meio de Quadra;;;0;1;0;1;0;0;0;0;0;1;0;0;;
297432;8;9;2016;07:26;0;RUA EST JUCA D45;;;371;;Colisão;Luz do Dia;;;Meio de Quadra;;;0;1;0;1;0;0;0;0;0;1;0;0;-38,543138;-3,786796
297407;8;9;2016;00:35;0;AV PLACIDO CASTELO;;;560;;Colisão;;;;;;;0;1;0;0;0;0;0;0;0;0;0;0;-38,506809;-3,782671
296474;9;9;2016;20:43;0;AV GAL OSORIO DE PAIVA;;;3477;;Colisão Lateral;Mal Iluminada;Bom;Seca;Meio de Quadra;Semáforo;Comercial;0;1;3;1;0;0;0;0;0;1;0;0;-38,589222;-3,79152
296465;9;9;2016;20:14;0;RUA DA SAUDADE D04;RUA PEDRO MEDEIROS;;;;Colisão Lateral;Via Iluminada;Bom;Seca;Meio de Quadra;Não Há Controle;Comercial;0;1;3;1;0;0;0;0;0;1;0;0;;
296492;9;9;2016;22:31;0;RUA VITAL BRASIL;;;2109;;Atropelamento;;;;Meio de Quadra;;;0;2;0;0;0;0;0;0;0;1;0;0;;
296479;9;9;2016;22:02;0;AV ROGACIANO LEITE;;;1800;;Colisão;;;;Meio de Quadra;;;0;2;0;1;0;0;0;0;0;1;0;0;-38,49804;-3,770479
296481;9;9;2016;22:03;0;AV GENIBAU;;;173;;Colisão;;;;Meio de Quadra;;;0;2;0;1;0;0;0;0;0;1;0;0;-38,597268;-3,761312
296483;9;9;2016;22:11;0;AV PRS COSTA E SILVA;;;1720;;Colisão;;;;Meio de Quadra;;;0;2;0;1;0;0;0;0;0;1;0;0;-38,566971;-3,816838
296446;9;9;2016;18:10;0;AV JOSE BASTOS;;;4800;;Colisão;Anoitecer;;;Meio de Quadra;;;0;2;0;1;0;0;0;0;0;1;0;0;-38,559153;-3,757181
296442;9;9;2016;18:04;0;RUA CARIUS;;;735;;Atropelamento;Anoitecer;;;Meio de Quadra;;;0;1;1;1;0;0;0;0;0;0;0;0;;
296462;9;9;2016;20:08;12711;RUA QUINTINO CUNHA;RUA MAJ WEYNE;;;;Colisão;;;;Cruz;Pare;Comercial;0;2;0;1;0;0;0;0;0;1;0;0;-38,543263;-3,74969
296469;9;9;2016;20:25;0;RUA COSTA BARROS;;;875;;Atropelamento;;;;Meio de Quadra;;;0;2;0;0;0;0;0;0;0;0;0;0;;
296448;9;9;2016;18:54;24903;RUA PEDRO SAMPAIO;AV MOZART PINHEIRO DE LUCENA;;;;Colisão;;;;Cruz;Pare;Residencial;0;2;0;0;0;0;0;0;0;0;0;0;-38,597226;-3,723515
296449;9;9;2016;19:26;0;RUA PRO SILAS RIBEIRO;;;296;;Colisão;;;;Meio de Quadra;;;0;2;0;0;0;0;0;0;0;0;0;0;-38,482448;-3,737283
296426;9;9;2016;16:01;0;RUA MIN ALBUQUERQUE LIMA;;;;;Colisão;Luz do Dia;;;Meio de Quadra;;;0;2;0;1;0;0;0;0;0;1;0;0;;
296498;9;9;2016;22:39;0;AV MOZART PINHEIRO DE LUCENA;;;1000;;Queda;;;;Meio de Quadra;;;0;1;0;0;0;0;0;0;0;1;0;0;-38,593741;-3,711532
296495;9;9;2016;22:35;25981;RUA ARGENTINA;RUA LEBRE;;;;Atropelamento;;;;T;;Comercial;0;2;0;0;0;0;0;0;0;1;0;0;-38,566109;-3,748992
296504;9;9;2016;22:57;0;AV JOSE JATAHY;;;82;;Queda;;;;Meio de Quadra;;;0;1;0;0;0;0;0;0;0;1;0;0;-38,543202;-3,740038
296509;9;9;2016;23:30;0;AV N CJ JOSE WALTER;;;1010;;Colisão;;;;Meio de Quadra;;;0;1;0;1;0;0;0;0;0;0;0;0;;
296485;9;9;2016;22:25;19832;AV JOVITA FEITOSA;RUA MARIA FELIX RODRIGUES;;;;Colisão;;;;T;Não Há Controle;Residencial;0;2;0;1;0;0;0;0;0;1;0;0;-38,565869;-3,741791
296511;9;9;2016;23:31;0;RUA BERNARDO MANUEL;;;14350;;Colisão;;;;Meio de Quadra;;;0;2;0;1;0;0;1;0;0;0;0;0;;
296516;9;9;2016;23:35;0;RUA 23 DE JUNHO;;;1260;;Colisão;;;;Meio de Quadra;;;0;5;0;0;0;0;0;0;0;0;0;0;-38,602769;-3,783439
296451;9;9;2016;19:43;0;RUA OSVALDO CRUZ (ALDEOTA);;;2664;;Colisão;;;;Meio de Quadra;;;0;2;0;1;0;0;0;0;0;1;0;0;-38,504571;-3,748809
296432;9;9;2016;16:10;0;RUA MIN ALBUQUERQUE LIMA;;;858;;Colisão;Luz do Dia;;;Meio de Quadra;;;0;2;0;0;0;0;0;0;0;0;0;0;-38,60512;-3,77053
296433;9;9;2016;17:22;0;AV OLAVO BILAC;;;265;;Colisão;Anoitecer;;;Meio de Quadra;;;0;2;0;1;0;0;0;0;0;1;0;0;-38,566341;-3,723113
296437;9;9;2016;17:32;0;AV A CJ CEARA;;;1474;;Colisão;Anoitecer;;;Meio de Quadra;;;0;2;0;1;0;0;0;0;0;1;0;0;-38,605734;-3,774458
296439;9;9;2016;17:54;0;AV CEL CARVALHO;;;237;;Colisão Frontal;Anoitecer;;;Meio de Quadra;;;0;2;0;1;0;0;0;0;0;1;0;0;-38,591138;-3,705064
296415;9;9;2016;13:18;0;ET DO ITAPERI;;;725;;Colisão;Luz do Dia;;;Meio de Quadra;;;0;2;0;1;0;0;0;0;0;1;0;0;;
296416;9;9;2016;13:19;0;AV PRS COSTA E SILVA;;;;;Atropelamento;Luz do Dia;;;Meio de Quadra;;;0;1;0;0;0;0;0;0;0;0;0;0;;
296419;9;9;2016;13:00;0;AV PRS CASTELO BRANCO;;;1287;MARINHA;Colisão Transversal;Luz do Dia;;;Meio de Quadra;;;0;2;0;0;0;0;0;0;0;1;0;0;-38,543758;-3,714914
296420;9;9;2016;14:15;0;AV JOSE BASTOS;;;3114;;Colisão;Luz do Dia;;;Meio de Quadra;;;0;2;0;0;0;0;0;0;0;0;0;0;;
296429;9;9;2016;16:02;12350;AV LINEU MACHADO;RUA MON HIPOLITO BRASIL;;;;Colisão;Luz do Dia;;;Cruz;Semáforo;Comercial;0;2;0;0;0;0;0;0;0;1;0;0;-38,57445;-3,761245
296377;9;9;2016;06:29;0;RUA BERNARDO MANUEL;;;8798;;Atropelamento;Luz do Dia;;;Meio de Quadra;;;0;2;0;1;0;0;0;0;0;0;0;0;-38,550776;-3,796602
296378;9;9;2016;07:24;0;RUA BERNARDO MANUEL;;;8848;;Atropelamento;Luz do Dia;;;Meio de Quadra;;;0;2;0;0;0;0;0;0;0;1;0;0;-38,550861;-3,796865
296386;9;9;2016;08:18;0;RUA OLIMPIO LEITE;;;306;;Atropelamento;Luz do Dia;;;Meio de Quadra;;;0;2;0;0;0;0;0;0;0;1;0;0;-38,481938;-3,814657
296390;9;9;2016;08:19;15195;AV ABOLICAO;RUA JOSE NAPOLEAO;;;;Queda;Luz do Dia;;;Cruz;Semáforo Manual;Residencial;0;1;0;0;0;0;0;0;0;1;0;0;-38,490302;-3,726523
296391;9;9;2016;08:42;0;RUA BERNARDO MANUEL;;;7620;;Colisão;Luz do Dia;;;Meio de Quadra;;;0;2;0;0;0;0;0;0;0;0;0;0;-38,547192;-3,784961
296410;9;9;2016;12:29;5702;RUA CHICO LEMOS;RUA ANTONIO DE CASTRO;;;;Colisão Lateral;Luz do Dia;Bom;Seca;Cruz;Pare;Comercial;0;1;3;1;0;0;0;0;0;1;0;0;-38,497987;-3,793843
296407;9;9;2016;12:23;0;AV RAD JOSE LIMA VERDE;;;64;;Colisão;Luz do Dia;;;Meio de Quadra;;;0;2;0;1;0;0;0;0;0;1;0;0;;
296404;9;9;2016;10:46;20509;RUA 2 CJ ALTO ALEGRE;LOGRADOURO SEM NOME;;;;Colisão;Luz do Dia;;;;;;0;2;0;1;0;0;0;0;0;1;0;0;-38,491003;-3,856577
296405;9;9;2016;11:17;0;AV F CJ ESPERANCA;;;235;;Atropelamento;Luz do Dia;;;Meio de Quadra;;;0;2;0;0;0;0;0;0;0;1;0;0;-38,587685;-3,816666
296400;9;9;2016;10:41;0;AV ALBERTO CRAVEIRO;;;;;Colisão;Luz do Dia;;;Meio de Quadra;;;0;2;0;0;0;0;0;0;0;0;0;0;;
291338;9;9;2016;11:00;0;RUA BERNARDO MANUEL;;;;;Colisão Lateral;Luz do Dia;Bom;Seca;Meio de Quadra;Pare;Residencial;0;0;2;1;0;0;1;0;0;0;0;0;;
291345;9;9;2016;10:55;0;RUA COSTA FREIRE;;;1845;;Colisão;Luz do Dia;Bom;Seca;Meio de Quadra;Não Há Controle;Comercial;0;1;1;1;0;0;0;0;0;1;0;0;;
291348;9;9;2016;15:30;0;AV ALBERTO CRAVEIRO;;;1795;;Colisão Transversal;Luz do Dia;Bom;Seca;Meio de Quadra;Não Há Controle;Comercial;0;0;2;1;0;0;0;0;0;0;0;0;-38,518061;-3,795318
291341;9;9;2016;15:50;26255;AV HIS RAIMUNDO GIRAO;RUA HIS GUARINO ALVES;;;;Outros;Luz do Dia;Bom;Seca;T;Pare;Residencial;0;0;2;0;1;0;0;0;0;0;0;0;;
291351;9;9;2016;12:15;5255;AV TRISTAO GONCALVES;RUA PEDRO PEREIRA;;;;Colisão Traseira;Luz do Dia;Bom;Seca;Cruz;Semáforo;Comercial;0;0;2;1;0;0;0;0;0;1;0;0;-38,533489;-3,728075
291334;9;9;2016;15:50;0;AV CENTRAL;;;;;Colisão Lateral;Luz do Dia;Bom;Seca;Meio de Quadra;Semáforo;Comercial;0;1;1;1;0;0;0;0;1;0;0;0;;
291331;9;9;2016;08:00;15167;AV BAR STUDART;RUA ANTONELE BEZERRA;;;;Colisão Transversal;Luz do Dia;Bom;Seca;T;Pare;Comercial;0;1;1;1;0;1;0;0;0;0;0;0;-38,503624;-3,725327
291328;9;9;2016;09:50;5379;RUA SOLON PINHEIRO;RUA PEDRO I;;;;Queda;Luz do Dia;Bom;Seca;Cruz;Não Há Controle;Comercial;0;0;3;0;0;0;0;0;0;1;0;0;-38,526757;-3,731835
291325;9;9;2016;12:20;5116;AV MON TABOSA;RUA GONCALVES LEDO;;;;Colisão Traseira;Luz do Dia;Bom;Seca;Duplo T;Pare;Comercial;0;0;2;1;0;0;0;0;0;0;0;0;-38,513833;-3,723922
291399;9;9;2016;19:15;6817;RUA BENTO ALBUQUERQUE;RUA FRANCISCO MATOS;;;;Colisão Transversal;Via Iluminada;Bom;Seca;Cruz;Pare;Residencial;0;0;2;1;0;0;0;1;0;0;0;0;-38,470436;-3,747862
291375;9;9;2016;18:30;0;RUA TEREZA CRISTINA;;;1143;;Colisão Traseira;Via Iluminada;Bom;Seca;Meio de Quadra;Não Há Controle;Comercial;0;0;2;1;0;0;0;0;0;0;0;0;-38,537812;-3,730539
291393;9;9;2016;08:00;1564;RUA LEONARDO MOTA;RUA CAROLINA SUCUPIRA;;;;Colisão Transversal;Luz do Dia;Bom;Seca;Cruz;Pare;Comercial;0;2;0;0;0;0;0;0;0;1;0;0;-38,497995;-3,741825
291377;9;9;2016;08:00;11938;RUA 101 CJ SAO CRISTOVAO;RUA 103 CJ SAO CRISTOVAO;;;;Colisão Lateral;Luz do Dia;Bom;Seca;T;Gesto;Residencial;1;0;1;0;0;0;1;0;0;1;0;0;-38,521931;-3,829074
291371;9;9;2016;07:20;0;RUA GONCALVES LEDO;;;;;Colisão Traseira;Luz do Dia;Bom;Seca;Meio de Quadra;Não Há Controle;Comercial;0;0;2;1;0;0;0;0;0;0;0;0;;
291387;9;9;2016;07:45;0;AV HIS RAIMUNDO GIRAO;;;;;Colisão Lateral;Luz do Dia;Bom;Seca;Meio de Quadra;Semáforo;Residencial;0;0;2;0;1;0;0;0;0;0;0;0;;
291353;9;9;2016;16:20;0;AV DR THEBERGE;;;1238;;Colisão Traseira;Luz do Dia;Bom;Seca;Meio de Quadra;Outros;Residencial;0;0;2;0;0;0;0;1;0;0;0;0;-38,564544;-3,713387
291360;9;9;2016;17:18;18404;AV SGT HERMINIO SAMPAIO;AV GOV PARSIFAL BARROSO;;;;Colisão Traseira;Luz do Dia;Bom;Seca;Cruz;Semáforo;Comercial;0;0;2;1;0;0;0;0;0;0;0;0;-38,569276;-3,727916
295622;9;9;2016;07:30;0;AV SEN CARLOS JEREISSATI (AEROPORTO);;;;KM 03;Colisão;Luz do Dia;Bom;Seca;;;;0;1;1;1;0;0;0;0;0;1;0;0;-38,544038;-3,779641
295643;9;9;2016;19:10;0;AV MIN JOSE AMERICO;;;;;Colisão;;Bom;Seca;Meio de Quadra;;;0;0;2;0;1;0;0;0;0;0;0;0;;
293845;9;9;2016;10:00;18539;RUA TULIPA NEGRA;RUA PORTO PRINCIPE;;;;Colisão Frontal;Luz do Dia;Bom;Seca;Cruz;Pare;Residencial;0;2;3;1;0;0;0;0;0;1;0;0;-38,599405;-3,818214
293847;9;9;2016;13:19;0;AV DOS EXPEDICIONARIOS;;;4821;;Colisão Lateral;Luz do Dia;Bom;Seca;Meio de Quadra;Não Há Controle;Residencial;0;0;3;1;0;0;0;0;0;1;0;0;-38,540131;-3,761445
293854;9;9;2016;19:52;23652;AV OLAVO BILAC;RUA DR ATUALPA (V. ELERY);;;;Colisão Transversal;Anoitecer;Bom;Seca;T;Pare;Residencial;0;2;1;0;0;0;0;0;0;1;0;0;-38,565978;-3,724121
293851;9;9;2016;12:30;0;AV WENEFRIDO MELO;;;85;;Colisão;Luz do Dia;;;Meio de Quadra;;;0;1;1;0;0;0;0;0;0;1;0;0;-38,578103;-3,808679
291754;9;9;2016;20:00;12711;RUA MAJ WEYNE;RUA QUINTINO CUNHA;;;;Colisão;;;;Cruz;Pare;Comercial;1;0;1;1;0;0;0;0;0;1;0;0;-38,543263;-3,74969
301887;9;9;2016;18:20;9075;AV AGUANAMBI;RUA CEL JOSE EUCLIDES;;0;;Colisão Lateral;Via Iluminada;Bom;Seca;T;Não Há Controle;Comercial;0;0;2;1;1;0;0;0;0;0;0;0;-38,523383;-3,752233
301888;9;9;2016;16:50;17535;RUA MANUEL JESUINO;RUA ALVARO CORREIA;;0;;Colisão Transversal;Anoitecer;Bom;Seca;Cruz;Não Há Controle;Residencial;0;0;3;1;0;0;0;0;0;0;0;0;-38,485118;-3,728674
301889;9;9;2016;21:19;12711;RUA MAJ WEYNE;RUA QUINTINO CUNHA;;0;;Colisão Transversal;Via Iluminada;Bom;Seca;Cruz;Pare;Residencial;0;1;1;1;0;0;0;0;0;1;0;0;-38,543263;-3,74969
301879;9;9;2016;08:48;0;AV HEROIS DO ACRE;;;344;;Colisão Lateral;Luz do Dia;Bom;Seca;Meio de Quadra;Não Há Controle;Comercial;0;0;2;0;0;0;0;0;0;1;0;0;-38,531956;-3,803081
301880;9;9;2016;10:10;0;AV JOAO PESSOA;;;6494;;Colisão Traseira;Luz do Dia;Bom;Seca;Meio de Quadra;Semáforo;Comercial;0;1;1;0;0;0;0;0;0;1;0;0;-38,559777;-3,767145
301881;9;9;2016;11:07;0;AV OLAVO BILAC;;;1583;;Colisão Lateral;Luz do Dia;Bom;Seca;Meio de Quadra;Não Há Controle;Comercial;0;0;1;1;0;0;0;0;0;1;0;0;-38,564453;-3,733851
301882;9;9;2016;12:10;2830;AV GAL OSORIO DE PAIVA;RUA OSCAR FRANCA;;0;;Colisão Traseira;Luz do Dia;Bom;Seca;T;Semáforo;Comercial;0;0;2;1;0;0;0;0;0;0;0;0;-38,592113;-3,794473
301883;9;9;2016;13:44;1456;AV SANTOS DUMONT;RUA CEL JUCA;;0;;Colisão Lateral;Luz do Dia;Bom;Seca;Cruz;Semáforo;Comercial;0;0;3;1;1;0;0;0;0;0;0;0;-38,49153;-3,738438
301884;9;9;2016;11:31;15832;RUA TEN JURANDIR ALENCAR;RUA PDE PEDRO DE ALENCAR;;0;;Colisão Lateral;Luz do Dia;Bom;Seca;Meio de Quadra;Não Há Controle;Comercial;0;0;2;1;0;0;0;0;0;0;0;0;-38,493981;-3,831674
301885;9;9;2016;16:04;20042;AV DR SILAS MUNGUBA;AV PRS JUSCELINO KUBITSCHEK (PASSARÉ);;0;;Colisão Lateral;Luz do Dia;Bom;Seca;Rotatória;Pare;Lazer;0;0;2;1;0;0;0;0;0;0;0;0;-38,524782;-3,807229
301544;9;9;2016;21:26;0;RUA JARDIM FLUMINENSE;;;0;;Colisão Transversal;Via Iluminada;Bom;Seca;Meio de Quadra;Não Há Controle;Residencial;0;1;1;0;0;0;0;0;0;1;0;0;;
301890;10;9;2016;06:09;0;RUA JOSE AVELINO;;;357;;Colisão Transversal;Luz do Dia;Bom;Seca;Meio de Quadra;Não Há Controle;Comercial;0;0;2;1;0;0;0;0;0;0;0;0;-38,520095;-3,722347
301891;10;9;2016;09:47;15821;AV JOR THOMAZ COELHO;RUA ANGELICA GURGEL;;0;;Colisão Lateral;Luz do Dia;Bom;Seca;T;Pare;Comercial;0;0;2;1;0;0;0;0;0;0;0;0;-38,499058;-3,8324
301892;10;9;2016;12:21;8949;AV BEZERRA DE MENEZES;RUA JUSTINIANO DE SERPA;;0;;Colisão Lateral;Luz do Dia;Bom;Seca;Cruz;Semáforo;Comercial;0;0;2;1;0;0;0;0;0;0;0;0;-38,542857;-3,731156
301893;10;9;2016;13:40;15194;RUA ILDEFONSO ALBANO;RUA DEP MOREIRA DA ROCHA;;0;;Colisão Traseira;Luz do Dia;Bom;Seca;Cruz;Pare;Comercial;0;0;2;1;0;0;0;0;0;0;0;0;-38,511072;-3,72648
301894;10;9;2016;16:00;15179;RUA MON BRUNO;RUA TOMAS POMPEU;;0;;Colisão Traseira;Luz do Dia;Bom;Seca;Cruz;Pare;Residencial;0;0;2;1;0;0;0;0;0;0;0;0;-38,507307;-3,72579
293856;10;9;2016;13:45;3859;AV DA UNIVERSIDADE;RUA JUVENAL GALENO;;;;Queda;Luz do Dia;Bom;Seca;Cruz;Semáforo;Escola;0;1;0;0;0;0;0;0;0;1;0;0;-38,538143;-3,739893
291442;10;9;2016;21:20;0;RUA DELMIRO FARIAS;;;;;Colisão Transversal;Via Iluminada;Bom;Seca;Meio de Quadra;Não Há Controle;Escola;0;0;2;1;0;0;0;0;0;0;0;0;;
291439;10;9;2016;15:00;26252;RUA ANTONIO BARROS;RUA PERGENTINO MAIA;;;;Colisão;Luz do Dia;Bom;Seca;Cruz;Pare;Comercial;0;2;0;0;0;0;0;0;0;1;0;0;;
295677;10;9;2016;23:50;0;RD CE-060;;;;;Choque c/ Obstáculo Fixo;;Bom;Seca;Meio de Quadra;;;0;0;1;1;0;0;0;0;0;0;0;0;;
295672;10;9;2016;;0;RD CE-040;;;;KM-03;Colisão;;Bom;Seca;Meio de Quadra;;;0;0;2;1;0;0;0;0;0;0;0;0;-38,481799;-3,773616