COD_ACIDENTE;DIA;MES;ANO;HORA;INTERSECAO;LOG1;LOG2;LOG3;NUMERO;REFERENCIA;NATUREZA;ILUMINACAO;TEMPO;SUPERFICIEPISTA;TIPOCRUZAMENTO;CONTROLETRAFEGO;USOSOLO;MORTOS;FERIDOS;ILESOS;AUTOMOVEL;ONIBUS;BICICLETA;CAMINHAO;MICROONIBUS;CICLOMOTOR;MOTOCICLETA;TRACAOANIMAL;TREM;LONG;LAT
295664;10;9;2016;18:50;0;RD CE-060;;;;;Colisão;Anoitecer;Bom;Seca;Meio de Quadra;;;0;0;2;1;0;0;0;0;0;0;0;0;;
295655;10;9;2016;14:30;0;RD CE-040;;;;KM-01;Colisão;Luz do Dia;Bom;Seca;Meio de Quadra;;;0;0;3;1;0;0;0;0;0;0;0;0;-38,48666;-3,758119
291359;10;9;2016;21:00;22353;AV BEZERRA DE MENEZES;AV OLAVO BILAC;;;;Colisão Transversal;Via Iluminada;Bom;Seca;Cruz;Semáforo Intermitente;Comercial;0;0;2;1;0;0;0;0;0;0;0;0;-38,564151;-3,735601
291370;10;9;2016;21:03;0;AV PRO JOSE ARTHUR CARVALHO;;;1965;;Colisão Frontal;Via Iluminada;Bom;Seca;Meio de Quadra;Pare;Residencial;0;1;1;1;0;0;0;0;0;1;0;0;-38,462417;-3,825364
291364;10;9;2016;14:20;0;RUA BERNARDO MANUEL;;;7919;;Colisão Traseira;Luz do Dia;Bom;Seca;Meio de Quadra;Não Há Controle;Residencial;0;1;1;1;0;0;0;0;0;1;0;0;-38,548092;-3,787884
291388;10;9;2016;01:15;0;RUA BERNARDO MANUEL;;;1431;;Colisão;Via Iluminada;Bom;Seca;Meio de Quadra;;Comercial;0;1;1;0;0;0;1;0;0;0;0;0;;
291389;10;9;2016;12:30;0;RUA EDUARDO SABOIA;;;;;Colisão Transversal;Luz do Dia;Bom;Seca;Cruz;Não Há Controle;Comercial;0;0;2;1;0;0;0;0;0;0;0;0;;
291390;10;9;2016;13:00;1605;AV DES MOREIRA;RUA PDE VALDEVINO;;;;Colisão Transversal;Luz do Dia;Bom;Seca;Cruz;Semáforo;Comercial;0;0;2;1;0;0;0;0;0;0;0;0;-38,500877;-3,744098
291391;10;9;2016;15:30;15227;AV ABOLICAO;AV DES MOREIRA;;;;Colisão Lateral;Amanhecer;Bom;Seca;Cruz;Semáforo;Residencial;0;0;2;1;1;0;0;0;0;0;0;0;-38,495474;-3,727331
291380;10;9;2016;11:00;20129;RUA POMPILIO GOMES;AV DEP PAULINO ROCHA;;;;Colisão Traseira;Luz do Dia;Bom;Seca;T;Semáforo;Comercial;0;1;1;0;0;0;0;0;0;1;0;0;-38,519652;-3,810076
291381;10;9;2016;15:00;19559;RUA CON DE CASTRO;RUA OSVALDO ARANHA;;;;Colisão Lateral;Luz do Dia;Bom;Seca;T;Pare;Comercial;0;0;2;1;0;0;0;0;0;0;0;0;-38,571784;-3,783218
291382;10;9;2016;15:00;0;RUA PIAUI;;;1132;;Atropelamento;Luz do Dia;Bom;Seca;Meio de Quadra;Não Há Controle;Comercial;0;1;1;0;1;0;0;0;0;0;0;0;-38,569547;-3,754919
291383;10;9;2016;13:30;7982;RUA MAJ WEYNE;RUA CARLOS CAMARA;;;;Colisão Lateral;Luz do Dia;Bom;Seca;Cruz;Pare;Residencial;0;0;2;1;0;0;0;0;0;1;0;0;-38,544497;-3,7486
291384;10;9;2016;15:22;3998;RUA ALBERTO MAGNO;RUA SAMUEL UCHOA;;;;Colisão Lateral;Luz do Dia;Bom;Seca;Cruz;Pare;Comercial;0;0;2;1;0;0;0;0;0;0;0;0;-38,542824;-3,756713
291378;10;9;2016;16:20;0;AV ODILON GUIMARAES;;;4407;;Colisão Lateral;Via Iluminada;Bom;Seca;Meio de Quadra;Pare;Residencial;0;1;1;0;1;0;0;0;0;0;0;0;-38,462192;-3,809832
291386;10;9;2016;10:40;0;AV IMPERADOR;;;966;;Atropelamento;Luz do Dia;Bom;Seca;Meio de Quadra;Semáforo;Comercial;0;1;1;0;1;0;0;0;0;0;0;0;;
291342;10;9;2016;08:16;0;AV AMERICO BARREIRA;;;3110;;Colisão Traseira;Luz do Dia;Bom;Seca;Meio de Quadra;Pare;Comercial;0;0;2;1;0;0;0;0;0;0;0;0;;
291349;10;9;2016;17:30;12877;RUA BAR RIO BRANCO;RUA JOAQUIM MAGALHAES;;;;Atropelamento;Via Iluminada;Bom;Seca;Cruz;Pare;Residencial;0;1;1;1;0;0;0;0;0;0;0;0;-38,532108;-3,738587
291346;10;9;2016;19:40;0;AV PRS CASTELO BRANCO;;;6047;;Atropelamento;Via Iluminada;Bom;Seca;Meio de Quadra;Não Há Controle;Residencial;0;1;1;1;0;0;0;0;0;0;0;0;-38,584475;-3,701587
296524;10;9;2016;06:50;0;AV DR SILAS MUNGUBA;;;3060;;Colisão;Luz do Dia;;;Meio de Quadra;;;0;2;0;1;0;0;0;0;0;1;0;0;-38,546103;-3,788355
296525;10;9;2016;07:59;0;RUA 7 DE SETEMBRO;;;80;;Queda;Luz do Dia;;;Meio de Quadra;;;0;1;0;0;0;0;0;0;0;1;0;0;-38,562837;-3,773579
296580;10;9;2016;12:02;0;AV CEL CARVALHO;;;;;Colisão;Luz do Dia;;;Meio de Quadra;;;0;2;0;1;0;0;0;0;0;1;0;0;;
296583;10;9;2016;12:05;0;RD BR 116;;;;;Colisão;Luz do Dia;;;Meio de Quadra;;;0;2;0;1;0;1;0;0;0;0;0;0;;
296585;10;9;2016;12:31;0;RUA HOMEM DE MELO;;;254;;Colisão;Luz do Dia;;;Meio de Quadra;;;0;2;0;1;0;0;0;0;0;1;0;0;-38,495577;-3,816128
296592;10;9;2016;13:46;4733;AV MIN JOSE AMERICO;AV WASHINGTON SOARES;;;;Colisão;Luz do Dia;;;;Dê Preferência;Outros;0;2;0;1;0;0;0;0;0;1;0;0;-38,479419;-3,81265
296597;10;9;2016;14:17;0;RUA EMILIO CONDE;;;420;;Queda;Luz do Dia;;;Meio de Quadra;;;0;1;0;0;0;1;0;0;0;0;0;0;-38,577949;-3,792893
296598;10;9;2016;14:31;0;AV GODOFREDO MACIEL;;;3440;;Colisão;Luz do Dia;;;Meio de Quadra;;;0;2;0;1;0;0;0;0;0;1;0;0;-38,572755;-3,805565
296587;10;9;2016;12:39;15424;RUA ARAUJO TORREAO;RUA HOMEM DE MELO;;;;Colisão;Luz do Dia;;;;;;0;2;0;1;0;0;0;0;0;1;0;0;-38,495502;-3,816096
296541;10;9;2016;10:21;0;RUA PAULO MOTA;;;242;;Atropelamento;Luz do Dia;;;Meio de Quadra;;;0;2;0;0;0;0;0;0;0;1;0;0;;
296537;10;9;2016;09:21;0;RUA ANDRE REBOUCAS;;;225;;Queda;Luz do Dia;;;Meio de Quadra;;;0;1;0;0;0;1;0;0;0;0;0;0;-38,590282;-3,775226
296534;10;9;2016;08:47;7836;RUA JOAQUIM NABUCO;RUA CEL ALVES TEIXEIRA;;;;Colisão Transversal;Luz do Dia;Bom;Seca;Cruz;Pare;Residencial;0;1;2;1;0;0;0;0;0;1;0;0;-38,505167;-3,747357
296528;10;9;2016;08:14;5234;RUA PEREIRA FILGUEIRAS;RUA NOGUEIRA ACIOLI;;;;Colisão Transversal;Luz do Dia;Bom;Seca;Cruz;Pare;Comercial;0;1;3;1;0;0;0;0;0;1;0;0;-38,516029;-3,727333
296521;10;9;2016;00:06;0;AV GODOFREDO MACIEL;;;5195;;Colisão;;;;Meio de Quadra;;;0;2;0;0;0;0;0;0;0;0;0;0;-38,577411;-3,820196
296660;10;9;2016;21:36;0;RUA CEL FABRICIANO;;;1256;;Atropelamento;;;;Meio de Quadra;;;0;2;0;0;0;0;0;0;0;1;0;0;-38,60305;-3,784101
296668;10;9;2016;23:48;0;RUA SUECIA;;;960;;Queda;;;;Meio de Quadra;;;0;1;0;0;0;0;0;0;0;1;0;0;;
296669;10;9;2016;23:49;0;AV DA INDEPENDENCIA;;;1160;;Colisão;;;;Meio de Quadra;;;0;2;0;0;0;0;0;0;0;0;0;0;-38,591133;-3,726865
296670;10;9;2016;23:58;0;AV 13 DE MAIO;;;;;Queda;;;;Meio de Quadra;;;0;2;0;0;0;0;0;0;0;1;0;0;;
296671;10;9;2016;23:58;0;AV 13 DE MAIO;;;;;Colisão;;;;Meio de Quadra;;;0;2;0;0;0;0;0;0;0;0;0;0;;
296651;10;9;2016;20:40;0;RUA 103 CJ SAO CRISTOVAO;;;;;Atropelamento;;;;Meio de Quadra;;;0;2;0;1;0;0;0;0;0;0;0;0;;
296652;10;9;2016;20:52;9069;RUA LAURO MAIA;RUA GUILHERME MOREIRA;;;;Atropelamento;;;;Cruz;Pare;Residencial;0;2;0;1;0;0;0;0;0;0;0;0;-38,522399;-3,749673
296653;10;9;2016;21:08;0;RUA ARTUR DE CARVALHO;;;2200;;Colisão;;;;Meio de Quadra;;;0;2;0;1;0;0;0;0;0;1;0;0;;
296654;10;9;2016;21:17;16796;RUA APOCALIPSE (MONDUBIM);RUA PLANALTINA (PL AYRTON SENNA);;;;Colisão;;;;Cruz;;Residencial;0;2;0;0;0;0;0;0;0;1;0;0;;
296632;10;9;2016;19:15;0;AV WASHINGTON SOARES;;;;;Colisão;;;;Meio de Quadra;;;0;2;0;1;0;0;0;0;0;1;0;0;;
296648;10;9;2016;20:37;0;RUA BOLEVAR;;;;;Atropelamento;;;;Meio de Quadra;;;0;2;0;1;0;0;0;0;0;0;0;0;;
296665;10;9;2016;22:29;0;RD BR 116;;;6000;KM-06;Queda;;;;Meio de Quadra;;;0;1;0;0;0;0;0;0;0;1;0;0;-38,503053;-3,804691
296666;10;9;2016;23:30;0;RUA EUCLIDES O DE SOUSA;;;1270;;Colisão;;;;Meio de Quadra;;;0;2;0;0;0;0;0;0;0;0;0;0;-38,468823;-3,797296
296663;10;9;2016;22:25;0;RUA PLANALTINA (PL AYRTON SENNA);;;;;Colisão;;;;Meio de Quadra;;;0;2;0;0;0;0;0;0;0;0;0;0;;
296658;10;9;2016;21:25;0;RUA ZACARIAS FLORINDO;;;358;;Colisão;;;;Meio de Quadra;;;0;2;0;0;0;0;0;0;0;0;0;0;;
296618;10;9;2016;17:27;12877;RUA BAR RIO BRANCO;RUA JOAQUIM MAGALHAES;;;;Colisão;Anoitecer;;;Cruz;Pare;Residencial;0;2;0;1;0;1;0;0;0;0;0;0;-38,532108;-3,738587
296620;10;9;2016;17:59;0;AV C CJ CEARA;;;;;Colisão;Anoitecer;;;Meio de Quadra;;;0;2;0;1;0;0;0;0;0;1;0;0;;
296621;10;9;2016;18:17;0;RUA PDE PEDRO DE ALENCAR;;;;;Colisão;Anoitecer;;;Meio de Quadra;;;0;2;0;1;0;0;0;0;0;1;0;0;;
296622;10;9;2016;18:17;0;AV DR SILAS MUNGUBA;;;4410;;Atropelamento;Anoitecer;;;Meio de Quadra;;;0;2;0;1;0;0;0;0;0;0;0;0;-38,535173;-3,792948
296616;10;9;2016;16:43;0;RUA CEL VIRGILIO NOGUEIRA (BOM JARDIM);;;1074;;Colisão;Luz do Dia;;;Meio de Quadra;;;0;2;0;0;0;0;0;0;0;1;0;0;;
296590;10;9;2016;13:13;0;RUA RAUL CABRAL;;;774;;Colisão;Luz do Dia;;;Meio de Quadra;;;0;2;0;1;0;0;0;0;0;1;0;0;;
296610;10;9;2016;14:58;0;RUA NEREU RAMOS;;;2432;;Colisão;Luz do Dia;;;Meio de Quadra;;;0;2;0;1;0;0;0;0;0;1;0;0;;
296612;10;9;2016;14:52;3010;RUA URUCUTUBA;RUA CEL VIRGILIO NOGUEIRA (BOM JARDIM);;;;Queda;Luz do Dia;;;Cruz;Não Há Controle;Comercial;0;2;0;0;0;0;0;0;0;1;0;0;;
296613;10;9;2016;16:23;0;AV ODILON GUIMARAES;;;4422;;Colisão;Luz do Dia;;;Meio de Quadra;;;0;2;0;0;1;0;0;0;0;0;0;0;-38,462445;-3,810639
296614;10;9;2016;16:35;0;RUA CAP NESTOR GOIS;;;33;;Colisão;Luz do Dia;;;Meio de Quadra;;;0;2;0;1;0;0;0;0;0;0;0;0;;
296634;10;9;2016;19:24;4796;RUA RAIMUNDO MARQUES;RUA RENE DESCARTES;;;;Colisão;;;;;;;0;2;0;0;0;0;0;0;0;0;0;0;-38,598082;-3,806761
296635;10;9;2016;19:45;5258;RUA PEDRO I;RUA PDE MORORO;;;;Colisão;;;;Cruz;Pare;Comercial;0;2;0;1;0;0;0;0;0;1;0;0;-38,53829;-3,728123
296627;10;9;2016;18:57;0;AV GAL OSORIO DE PAIVA;;;;;Colisão;;;;Meio de Quadra;;;0;2;0;0;0;0;0;0;0;0;0;0;;
296645;10;9;2016;20:34;0;AV MAJ ASSIS;;;1066;;Atropelamento;;;;Meio de Quadra;;;0;2;0;1;0;0;0;0;0;0;0;0;;
296637;10;9;2016;20:12;0;AV PRS CASTELO BRANCO;;;6033;;Colisão;;;;Meio de Quadra;;;0;2;0;1;0;0;0;0;0;0;0;0;-38,58434;-3,701651
296673;11;9;2016;00:04;0;RUA GUARANI D35 (JOAO XXIII);;;1393;;Queda;;;;Meio de Quadra;;;0;0;1;0;0;0;0;0;0;1;0;0;-38,583161;-3,769875
296682;11;9;2016;00:43;0;AV JOR JOAO RAMOS;;;;;Colisão;;;;Meio de Quadra;;;0;2;0;0;0;0;0;0;0;0;0;0;;
296683;11;9;2016;00:49;0;RUA ARTUR DE CARVALHO;;;461;;Colisão;;;;Meio de Quadra;;;0;2;0;0;0;0;0;0;0;0;0;0;;
296684;11;9;2016;01:18;0;RUA AMOR PERFEITO;;;4;;Queda;;;;Meio de Quadra;;;0;1;0;0;0;1;0;0;0;0;0;0;;
296678;11;9;2016;00:13;0;RUA DALTON ARRUDA;;;2025;;Colisão;;;;Meio de Quadra;;;0;2;0;0;0;0;0;0;0;0;0;0;;
296679;11;9;2016;00:25;0;RUA BERNARDO MANUEL;;;9977;;Atropelamento;;;;Meio de Quadra;;;0;2;0;1;0;0;0;0;0;0;0;0;-38,552986;-3,803967
296714;11;9;2016;12:09;9072;AV VIS RIO BRANCO;AV PONTES VIEIRA;;;;Atropelamento;Luz do Dia;;;;;;0;2;0;1;0;0;0;0;0;0;0;0;-38,520486;-3,753544
296709;11;9;2016;11:38;0;AV PDE ANTONIO TOMAS;;;;;Colisão;Luz do Dia;;;Meio de Quadra;;;0;1;0;0;0;1;0;0;0;0;0;0;;
296717;11;9;2016;14:31;0;RUA DIADEMA;;;267;;Colisão;Luz do Dia;;;Meio de Quadra;;;0;1;0;0;0;0;0;0;0;1;0;0;-38,522521;-3,844745
296706;11;9;2016;11:08;0;RUA DOIS IRMAOS UI 707;;;101;;Colisão;Luz do Dia;;;Meio de Quadra;;;0;2;0;0;0;0;0;0;0;0;0;0;;
296703;11;9;2016;07:40;0;AV PRS COSTA E SILVA;;;9636;;Colisão;Luz do Dia;;;Meio de Quadra;;;0;2;0;1;0;0;0;0;0;1;0;0;;
296704;11;9;2016;08:55;0;RUA MARIA JULIA;;;1580;;Colisão;Luz do Dia;;;Meio de Quadra;;;0;2;0;0;0;0;0;0;0;1;0;0;-38,601599;-3,798533
296696;11;9;2016;06:10;0;AV JOSE BASTOS;;;3800;;Colisão;Luz do Dia;;;Meio de Quadra;;;0;2;0;0;0;0;0;0;0;0;0;0;-38,552147;-3,751694
296697;11;9;2016;06:19;0;AV DIOGUINHO;;;;;Colisão;Luz do Dia;;;Meio de Quadra;;;0;2;0;0;0;0;0;0;0;0;0;0;;
296699;11;9;2016;07:16;0;AV GOV RAUL BARBOSA;;;;;Queda;Luz do Dia;;;Meio de Quadra;;;0;1;0;0;0;0;0;0;0;1;0;0;;
296700;11;9;2016;07:20;0;RUA BOM JESUS (GRANJA LISBOA);;;242;;Queda;Luz do Dia;;;Meio de Quadra;;;0;1;0;0;0;0;0;0;0;1;0;0;-38,595861;-3,796193
296701;11;9;2016;07:27;0;AV ABOLICAO;;;2308;;Colisão;Luz do Dia;;;Meio de Quadra;;;0;2;0;1;0;0;0;0;0;1;0;0;-38,498357;-3,726398
296686;11;9;2016;01:41;0;AV HERACLITO GRACA;;;;;Colisão;;;;Meio de Quadra;;;0;1;0;0;0;0;0;0;0;1;0;0;;
296687;11;9;2016;02:09;0;AV WASHINGTON SOARES;;;5471;;Queda;;;;Meio de Quadra;;;0;1;0;0;0;1;0;0;0;0;0;0;-38,479056;-3,807611
296688;11;9;2016;03:28;0;RD BR 116;;;5587;;Colisão;;;;Meio de Quadra;;;0;0;1;0;0;0;0;0;0;1;0;0;-38,517128;-3,770068
296690;11;9;2016;03:28;0;RUA JOR ANTONIO P TAVARES;;;1104;;Queda;Amanhecer;;;Meio de Quadra;;;0;1;0;0;0;0;0;0;0;1;0;0;-38,507261;-3,813664
296691;11;9;2016;05:25;0;RUA CAP ARAGAO;;;220;;Colisão;Amanhecer;;;Meio de Quadra;;;0;2;0;0;0;0;0;0;0;0;0;0;-38,516018;-3,76536
296692;11;9;2016;05:32;0;AV ALBERTO NEPOMUCENO;;;;;Colisão;Amanhecer;;;Meio de Quadra;;;0;2;0;0;0;0;0;0;0;0;0;0;;
296693;11;9;2016;05:55;0;RUA FAUSTO CABRAL;;;366;;Colisão;Amanhecer;;;Meio de Quadra;;;0;2;0;0;0;0;0;0;0;0;0;0;-38,478362;-3,733071
296694;11;9;2016;06:03;0;AV JOSE SABOIA;;;808;;Colisão;Luz do Dia;;;Meio de Quadra;;;0;2;0;0;0;0;0;0;0;0;0;0;-38,466466;-3,717796
296733;11;9;2016;16:40;0;RUA PRO EDGAR DE ARRUDA;;;1660;;Colisão;Luz do Dia;;;Meio de Quadra;;;0;2;0;0;0;0;0;0;0;1;0;0;-38,589464;-3,755732
296735;11;9;2016;17:44;0;AV JOAO PESSOA;;;4444;;Colisão;Anoitecer;;;Meio de Quadra;;;0;2;0;1;0;0;0;0;0;1;0;0;-38,548993;-3,751902
296737;11;9;2016;17:51;0;RUA FRE CASSIANO;;;835;;Atropelamento;Anoitecer;;;Meio de Quadra;;;0;1;1;0;0;0;0;0;0;0;0;0;;
296738;11;9;2016;17:54;0;RUA FRANCISCO MATIAS;;;435;;Colisão;Anoitecer;;;Meio de Quadra;;;0;2;0;0;0;0;0;0;0;0;0;0;;
296739;11;9;2016;17:55;0;AV WASHINGTON SOARES;;;;;Colisão;Anoitecer;;;Meio de Quadra;;;0;2;0;1;0;0;0;0;0;1;0;0;;
296731;11;9;2016;16:05;3290;RUA COSMONAUTAS D34;AV PERIMETRAL;;;;Colisão;Luz do Dia;;;Outros;Outros;Residencial;0;2;0;0;0;0;0;0;0;0;0;0;;
296728;11;9;2016;14:57;0;RUA UNIFLOR;;;635;;Queda;Luz do Dia;;;Meio de Quadra;;;0;1;0;0;0;0;0;0;0;1;0;0;;
296729;11;9;2016;15:07;0;RUA JULIO BRAGA;;;1635;;Queda;Luz do Dia;;;Meio de Quadra;;;0;1;0;0;0;0;0;0;0;1;0;0;-38,585181;-3,773182
296722;11;9;2016;14:35;26252;RUA PERGENTINO MAIA;RUA ANTONIO BARROS;;620;;Colisão Transversal;Luz do Dia;Bom;Seca;Cruz;Pare;Comercial;0;1;3;1;0;0;0;0;0;0;0;0;;
296723;11;9;2016;14:56;0;AV ABOLICAO;;;3839;;Colisão;Luz do Dia;;;Meio de Quadra;;;0;2;0;0;0;0;0;0;0;0;0;0;-38,485082;-3,72554
296754;11;9;2016;18:48;0;RUA VALPARAISO;;;;;Colisão;;;;Meio de Quadra;;;0;2;0;1;0;0;0;0;0;0;0;0;;
296756;11;9;2016;19:02;21624;RUA CON DE CASTRO;RUA PIRAJUI;;;;Colisão Transversal;;;;;;;0;2;0;1;0;0;0;0;0;1;0;0;-38,589623;-3,802339
296745;11;9;2016;18:19;0;RUA PIRAJUI;;;;;Colisão;Anoitecer;;;Meio de Quadra;;;0;2;0;1;0;0;0;0;0;1;0;0;;
296741;11;9;2016;18:16;0;AV MAE LISBOA;;;;;Colisão;Anoitecer;;;;;;0;2;0;0;0;0;0;0;0;0;0;0;;
296747;11;9;2016;18:23;0;AV CARNEIRO DE MENDONCA;;;694;;Colisão;Anoitecer;;;Meio de Quadra;;;0;2;0;1;0;0;0;0;0;1;0;0;-38,565821;-3,764598
296749;11;9;2016;18:24;7718;AV CARNEIRO DE MENDONCA;AV JOSE BASTOS;;;;Colisão;Anoitecer;;;Cruz;Semáforo;Comercial;0;2;0;1;0;0;0;0;0;1;0;0;-38,566759;-3,764109
296751;11;9;2016;18:39;13145;AV D CJ JOSE WALTER;AV L CJ JOSE WALTER;;440;;Queda;Via Iluminada;Bom;Seca;Rotatória;Dê Preferência;Residencial;0;2;0;1;0;0;0;0;0;1;0;0;-38,557526;-3,831074
296752;11;9;2016;18:40;7196;AV PASTEUR;RUA MARCILIO DIAS;;;;Colisão;;;;Cruz;Não Há Controle;Residencial;0;2;0;1;0;0;0;0;0;1;0;0;-38,558403;-3,709544
296758;11;9;2016;19:22;0;RUA ALM RUBIM;;;379;;Colisão;;;;Meio de Quadra;;;0;2;0;0;0;0;0;0;0;0;0;0;;
296766;11;9;2016;19:24;0;AV SEN FERNANDES TAVORA;;;2344;;Colisão;;;;Meio de Quadra;;;0;2;0;0;0;0;0;0;0;1;0;0;-38,593024;-3,756391
296776;11;9;2016;20:28;0;AV PLACIDO CASTELO;;;391;;Atropelamento;;;;Meio de Quadra;;;0;2;0;0;0;0;0;0;0;0;0;0;-38,508568;-3,783694
296778;11;9;2016;21:48;0;RUA ANTONIO AUGUSTO;;;2825;;Colisão;;;;Meio de Quadra;;;0;2;0;1;0;0;0;0;0;1;0;0;-38,518373;-3,745381
296779;11;9;2016;21:48;0;AV DR THEBERGE;;;3694;;Colisão;;;;Meio de Quadra;;;0;2;0;0;0;0;0;0;0;0;0;0;;
296780;11;9;2016;21:58;0;AV FRANCISCO SA;;;5510;;Colisão;;;;Meio de Quadra;;;0;2;0;0;0;0;0;0;0;0;0;0;-38,573391;-3,711923
296781;11;9;2016;22:13;0;AV DR THEBERGE;;;2694;;Colisão;;;;Meio de Quadra;;;0;2;0;1;0;0;0;0;0;1;0;0;-38,568705;-3,726129
296487;11;9;2016;18:50;0;RD BR 222;;;100;KM-03;Colisão Lateral;;;;Meio de Quadra;;;0;0;2;1;0;0;0;0;0;0;0;0;-38,595941;-3,740301
296138;11;9;2016;12:10;0;RD CE-040;;;;KM-05;Colisão;Luz do Dia;Bom;Seca;Meio de Quadra;;;0;0;2;1;1;0;0;0;0;0;0;0;-38,480331;-3,791613
291350;11;9;2016;22:10;0;AV MON TABOSA;;;139;;Colisão Lateral;;;;Meio de Quadra;;;0;0;2;0;0;0;0;0;0;1;0;0;-38,518117;-3,723656
291352;11;9;2016;09:00;0;AV JOSE SABOIA;;;786;;Colisão Traseira;Luz do Dia;;;Meio de Quadra;;;0;1;1;1;0;0;0;0;0;1;0;0;-38,466535;-3,717748
291394;11;9;2016;07:45;0;AV SGT HERMINIO SAMPAIO;;;1061;;Colisão Traseira;Luz do Dia;;;Meio de Quadra;;;0;0;2;1;0;0;0;0;0;0;0;0;-38,550247;-3,724628
291395;11;9;2016;15:15;25782;AV SANTOS DUMONT;RUA PRA FRANCISCA ALMEIDA DE SOUSA;;;;Colisão Lateral;Luz do Dia;;;T;Não Há Controle;Comercial;0;0;2;1;0;0;1;0;0;0;0;0;-38,456575;-3,749682
291397;11;9;2016;22:57;15370;AV DOM LUIS;AV SEN VIRGILIO TAVORA;;;;Colisão Traseira;;;;Cruz;Semáforo;Comercial;0;0;2;1;0;0;0;0;0;1;0;0;-38,492507;-3,734829
291379;11;9;2016;16:40;0;AV BEZERRA DE MENEZES;;;161;;Colisão Transversal;Luz do Dia;;;Meio de Quadra;;;0;1;1;0;1;0;0;0;0;0;0;0;;
291374;11;9;2016;18:00;0;AV BEZERRA DE MENEZES;;;365;;Engavetamento;Anoitecer;;;Meio de Quadra;;;0;0;3;1;0;0;0;0;0;0;0;0;-38,547792;-3,732209
291365;11;9;2016;19:37;5443;RUA METON DE ALENCAR;RUA SOLON PINHEIRO;;;;Colisão;;;;Cruz;Semáforo;Misto;0;0;3;1;0;0;0;0;0;0;0;0;-38,527697;-3,734622
291363;11;9;2016;15:17;15149;AV MON TABOSA;RUA ANTONIO LIMA;;;;Colisão Lateral;Luz do Dia;;;Cruz;Semáforo;Residencial;0;0;2;1;1;0;0;0;0;0;0;0;-38,504149;-3,724573
291361;11;9;2016;08:00;0;AV 13 DE MAIO;;;1367;;Colisão Traseira;Luz do Dia;;;Meio de Quadra;;;0;0;2;1;0;0;0;0;0;0;0;0;-38,530803;-3,748068
291358;11;9;2016;12:15;0;RUA CARLOS CAMARA;;;1891;;Colisão Transversal;Luz do Dia;;;Meio de Quadra;;;0;0;2;1;0;0;0;0;0;0;0;0;-38,547251;-3,75163
291356;11;9;2016;06:30;0;AV JOSE BASTOS;;;3786;;Colisão Traseira;Luz do Dia;;;Meio de Quadra;;;0;1;1;1;0;0;0;0;0;1;0;0;-38,552047;-3,751593
295709;11;9;2016;11:35;0;RD CE-040;;;;KM-06;Colisão;Luz do Dia;Bom;Seca;Meio de Quadra;;;0;0;2;1;0;0;0;0;0;0;0;0;-38,479535;-3,800596
293864;11;9;2016;04:50;0;AV PERIMETRAL;;;875;;Choque c/ Obstáculo Fixo;;;;Meio de Quadra;;;0;1;0;1;0;0;0;0;0;0;0;0;;
291860;11;9;2016;17:30;0;RUA CEL QUEIROZ;;;;;Colisão;Anoitecer;;;Meio de Quadra;;;1;0;1;0;0;0;0;0;0;1;0;0;;
301895;11;9;2016;09:16;26227;AV GAL OSORIO DE PAIVA;RUA AGAMENON;;0;;Colisão Lateral;Luz do Dia;Nublado;Seca;Cruz;Semáforo;Comercial;0;0;2;1;0;0;0;0;0;0;0;0;;
301896;11;9;2016;07:06;26252;RUA ANTONIO BARROS;RUA PERGENTINO MAIA;;0;;Colisão Lateral;Luz do Dia;Bom;Seca;Cruz;Pare;Comercial;0;0;2;1;0;0;0;0;0;0;0;0;;
301897;11;9;2016;19:42;3860;AV 13 DE MAIO;AV DA UNIVERSIDADE;;0;;Colisão Traseira;Via Iluminada;Bom;Seca;Cruz;Semáforo;Comercial;0;1;1;1;0;0;0;0;0;1;0;0;-38,539107;-3,740962
301898;11;9;2016;20:08;15341;RUA BARBOSA DE FREITAS;RUA REPUBLICA DO LIBANO;;0;;Colisão Transversal;Via Iluminada;Bom;Seca;Cruz;Não Há Controle;Residencial;0;0;2;1;0;0;0;0;0;0;0;0;-38,495765;-3,731601
301899;11;9;2016;21:15;0;AV AMERICO BARREIRA;RUA DIAMANTINA;;0;;Colisão Lateral;Via Iluminada;Bom;Seca;Cruz;Semáforo;Comercial;0;0;2;1;0;0;0;0;0;1;0;0;;
303277;11;9;2016;12:39;0;NULL;;;592;;Colisão Lateral;Luz do Dia;Bom;Seca;Meio de Quadra;Não Há Controle;Residencial;0;0;2;1;0;0;0;0;0;0;0;0;;
301900;12;9;2016;08:11;12882;RUA COS TRISTAO;RUA CARLOS GOMES;;0;;Colisão Transversal;Luz do Dia;Bom;Seca;Cruz;Pare;Residencial;0;0;2;1;0;0;0;0;0;0;0;0;-38,527443;-3,741253
301901;12;9;2016;08:00;0;AV ALBERTO CRAVEIRO;;;507;;Colisão Lateral;Luz do Dia;Bom;Seca;Meio de Quadra;Semáforo;Comercial;0;0;2;1;0;0;0;0;0;0;0;0;-38,516505;-3,782668
301902;12;9;2016;09:35;5501;RUA PDE VALDEVINO;RUA GONCALVES LEDO;;0;;Colisão Transversal;Luz do Dia;Bom;Seca;Cruz;Pare;Comercial;0;0;2;1;0;0;0;0;0;0;0;0;-38,51861;-3,738571
301903;12;9;2016;10:03;24195;AV ENG SANTANA JUNIOR;RUA PASCOAL CASTRO ALVES;;0;;Colisão Transversal;Luz do Dia;Bom;Seca;Cruz;Não Há Controle;Residencial;0;1;1;0;0;0;0;0;0;1;0;0;-38,479778;-3,731999