COD_ACIDENTE;DIA;MES;ANO;HORA;INTERSECAO;LOG1;LOG2;LOG3;NUMERO;REFERENCIA;NATUREZA;ILUMINACAO;TEMPO;SUPERFICIEPISTA;TIPOCRUZAMENTO;CONTROLETRAFEGO;USOSOLO;MORTOS;FERIDOS;ILESOS;AUTOMOVEL;ONIBUS;BICICLETA;CAMINHAO;MICROONIBUS;CICLOMOTOR;MOTOCICLETA;TRACAOANIMAL;TREM;LONG;LAT
301904;12;9;2016;11:07;3800;RUA CAIO CARLOS;AV 13 DE MAIO;;0;;Colisão Lateral;Luz do Dia;Bom;Seca;Cruz;Pare;Comercial;0;0;2;1;0;0;0;0;0;0;0;0;-38,54216;-3,738286
301905;12;9;2016;11:29;15353;RUA PEREIRA VALENTE;RUA BARBOSA DE FREITAS;;0;;Colisão Transversal;Luz do Dia;Bom;Seca;Cruz;Pare;Residencial;0;1;3;1;0;0;0;0;0;0;0;0;-38,49608;-3,732578
301906;12;9;2016;13:47;7781;AV DES MOREIRA;AV ANTONIO SALES;;19;;Colisão Lateral;Luz do Dia;Bom;Seca;Meio de Quadra;Semáforo;Comercial;0;0;3;1;1;0;0;0;0;0;0;0;-38,50141;-3,745744
301907;12;9;2016;15:31;0;AV PRS COSTA E SILVA;;;0;;Engavetamento;Luz do Dia;Bom;Seca;Meio de Quadra;Não Há Controle;Comercial;0;0;3;1;0;0;0;0;0;0;0;0;;
301908;12;9;2016;19:28;5323;RUA ASSUNCAO;RUA PEDRO PEREIRA;;0;;Colisão Transversal;Via Iluminada;Bom;Seca;Cruz;Pare;Comercial;0;1;1;1;0;0;0;0;0;1;0;0;-38,527197;-3,730116
301909;12;9;2016;19:36;5062;RUA GAL SAMPAIO;RUA DR JOAO MOREIRA;;0;;Colisão Transversal;Via Iluminada;Bom;Seca;Cruz;Semáforo;Comercial;0;0;2;1;0;0;0;0;0;0;0;0;-38,529364;-3,72203
301911;12;9;2016;10:59;19328;RUA EDUARDO PERDIGAO;RUA CON DE CASTRO;;0;;Colisão Transversal;Luz do Dia;Bom;Seca;Cruz;Pare;Residencial;0;1;1;1;0;0;0;0;0;0;0;0;-38,564769;-3,775579
291862;12;9;2016;19:00;0;RD BR 116;;;400;VIADUTO AEROLANDIA;Queda;;;;Meio de Quadra;;;1;0;0;0;0;0;0;0;0;1;0;0;-38,500482;-3,810825
293865;12;9;2016;18:00;0;AV FRE CIRILO;;;3325;;Colisão;Anoitecer;;;Meio de Quadra;;;0;1;1;0;0;0;0;0;0;1;0;0;-38,499251;-3,81342
295711;12;9;2016;07:40;0;RD CE-040;;;;KM-02;Colisão;Luz do Dia;Bom;Seca;Meio de Quadra;;;0;0;2;1;0;0;0;0;0;1;0;0;-38,482583;-3,76465
295717;12;9;2016;11:30;0;RD CE-040;;;;KM-03;Colisão;Luz do Dia;Bom;Seca;Meio de Quadra;;;0;0;2;1;0;0;0;0;0;0;0;0;-38,481799;-3,773616
291437;12;9;2016;06:20;24229;AV ENG SANTANA JUNIOR;AV ENG ALBERTO SA;;;;Colisão Transversal;Luz do Dia;Bom;Seca;Cruz;Semáforo;Comercial;0;0;2;1;0;0;1;0;0;0;0;0;-38,480624;-3,733357
291433;12;9;2016;10:00;0;AV D CJ CEARA;;;1430;;Colisão Lateral;Luz do Dia;Bom;Seca;Meio de Quadra;Não Há Controle;Residencial;0;0;2;1;1;0;0;0;0;0;0;0;-38,60192;-3,764745
291434;12;9;2016;14:30;0;AV FRE CIRILO;;;4810;;Colisão Lateral;Luz do Dia;Bom;Seca;Meio de Quadra;Pare;Comercial;0;0;2;1;0;0;0;0;0;0;0;0;-38,4938;-3,825645
291428;12;9;2016;19:00;0;AV ABOLICAO;;;2311;;Colisão Lateral;Via Iluminada;Bom;Seca;Meio de Quadra;Semáforo Manual;Comercial;0;0;2;0;0;0;0;0;0;0;0;0;-38,498514;-3,726348
291431;12;9;2016;13:10;0;AV DIOGUINHO;;;6325;;Colisão Transversal;Luz do Dia;Bom;Seca;Meio de Quadra;Não Há Controle;Residencial;0;1;1;1;0;0;0;0;0;1;0;0;-38,439588;-3,768985
291452;12;9;2016;08:00;15571;AV FRE CIRILO;RUA LETICIA;;;;Colisão Lateral;Luz do Dia;Bom;Seca;Cruz;Gesto;Comercial;0;0;2;1;0;0;0;1;0;0;0;0;-38,495262;-3,822257
291464;12;9;2016;10:10;0;AV GAL OSORIO DE PAIVA;;;3957;;Colisão Lateral;Luz do Dia;Bom;Seca;Meio de Quadra;Outros;Comercial;0;0;2;1;0;0;1;0;0;0;0;0;-38,590157;-3,792489
291459;12;9;2016;09:40;12002;AV CASTELO DE CASTRO;RUA 204 CJ SAO CRISTOVAO;;;;Colisão Lateral;Luz do Dia;Bom;Seca;Cruz;Não Há Controle;Comercial;0;1;1;1;0;0;0;0;0;1;0;0;-38,521546;-3,832675
291487;12;9;2016;16:50;0;AV OLIVEIRA PAIVA;;;;;Colisão Lateral;Luz do Dia;Bom;Seca;Meio de Quadra;Não Há Controle;Comercial;0;0;2;1;0;0;0;0;0;0;0;0;;
291485;12;9;2016;16:50;0;RUA BERNARDO MANUEL;;;7941;;Colisão Lateral;Luz do Dia;Bom;Seca;Meio de Quadra;Não Há Controle;Comercial;0;0;2;1;0;0;1;0;0;0;0;0;-38,548344;-3,788638
291385;12;9;2016;15:30;0;RUA RIO BRANCO;;;1711;;Colisão Lateral;Luz do Dia;Bom;Seca;Meio de Quadra;Não Há Controle;Comercial;0;0;2;1;0;0;0;0;0;0;0;0;;
291420;12;9;2016;11:20;0;AV DR SILAS MUNGUBA;;;;;Colisão Traseira;Luz do Dia;Bom;Seca;Meio de Quadra;Não Há Controle;Comercial;0;1;1;1;0;0;1;0;0;0;0;0;;
291421;12;9;2016;14:00;0;AV JOSE BASTOS;;;4530;;Engavetamento;Luz do Dia;Bom;Seca;Meio de Quadra;Não Há Controle;Comercial;0;0;2;1;0;0;0;0;0;0;0;0;-38,556462;-3,755977
291423;12;9;2016;11:30;0;RUA PRO COSTA MENDES;;;2050;;Colisão Lateral;Luz do Dia;Bom;Seca;Meio de Quadra;Não Há Controle;Comercial;0;1;1;1;0;0;0;0;0;1;0;0;-38,555801;-3,746638
291424;12;9;2016;16:20;0;RUA COS ALVARO DE OLIVEIRA;;;155;;Outros;Luz do Dia;Bom;Seca;Meio de Quadra;Não Há Controle;Comercial;0;0;3;1;0;0;0;0;0;0;0;0;-38,556133;-3,736127
296142;12;9;2016;18:00;0;RD CE-025;;;;KM-01;Colisão;Anoitecer;Bom;Seca;Meio de Quadra;;;0;0;2;1;0;0;0;0;0;1;0;0;-38,470049;-3,807811
296149;12;9;2016;16:15;0;RD CE-040;;;;KM-04;Colisão;Luz do Dia;;;Meio de Quadra;;;0;0;2;1;0;0;0;0;0;0;0;0;-38,481084;-3,782614
296496;12;9;2016;07:10;0;RD BR 116;;;2000;KM-02;Colisão Lateral;Luz do Dia;;;Meio de Quadra;;;0;0;2;1;0;0;0;0;0;0;0;0;-38,51678;-3,771391
296500;12;9;2016;14:20;0;RD BR 116;;;200;;Colisão Traseira;Luz do Dia;;;Meio de Quadra;;;0;0;2;1;0;0;0;0;0;0;0;0;;
296514;12;9;2016;19:00;0;RD BR 116;;;400;;Colisão Traseira;;;;Meio de Quadra;;;0;1;1;1;0;0;0;0;0;1;0;0;;
296783;12;9;2016;00:03;0;RUA CON DE CASTRO;;;5193;;Queda;;;;Meio de Quadra;;;0;2;0;0;0;0;0;0;0;1;0;0;-38,595;-3,808442
296784;12;9;2016;00:25;0;RUA MON CATAO;;;1442;;Atropelamento;;;;Meio de Quadra;;;0;2;0;0;0;0;0;0;0;0;0;0;-38,49235;-3,744262
296785;12;9;2016;05:27;0;RUA ARTUR DE CARVALHO;;;2200;;Queda;Amanhecer;;;Meio de Quadra;;;0;2;0;0;0;0;0;0;0;1;0;0;;
296786;12;9;2016;05:43;0;RUA NEREIDE;;;;;Queda;Amanhecer;;;Meio de Quadra;;;0;1;0;0;0;0;0;0;0;1;0;0;;
296787;12;9;2016;06:19;0;AV DEP PAULINO ROCHA;;;50;;Queda;Luz do Dia;;;Meio de Quadra;;;0;1;0;0;0;0;0;0;0;1;0;0;-38,50755;-3,802055
296788;12;9;2016;06:38;0;AV MR HULL;;;;;Colisão;Luz do Dia;;;Meio de Quadra;;;0;2;0;1;0;0;0;0;0;1;0;0;;
296789;12;9;2016;06:47;0;RUA MARIA JULIA;;;1927;;Colisão;Luz do Dia;;;Meio de Quadra;;;0;2;0;1;0;0;0;0;0;1;0;0;-38,603348;-3,802193
296791;12;9;2016;07:04;25588;RUA HIL MORAES;RUA ROBERTO SILVA;;;;Atropelamento;Luz do Dia;;;Cruz;Pare;Residencial;0;2;0;0;1;0;0;0;0;0;0;0;-38,474588;-3,772505
296799;12;9;2016;08:50;7983;AV JOAO PESSOA;RUA JOAO SORONGO;;3932;;Colisão Transversal;Luz do Dia;Bom;Seca;Cruz;Pare;Comercial;0;1;4;1;1;0;0;0;0;0;0;0;-38,546069;-3,748663
296800;12;9;2016;09:00;17403;RUA PRO TEODORICO;RUA BAR CANINDE;;;;Colisão Transversal;Luz do Dia;Bom;Seca;Cruz;Pare;Residencial;0;2;2;1;0;0;0;0;0;1;0;0;-38,556436;-3,767686
296793;12;9;2016;07:10;0;RUA HIL MORAES;;;490;;Atropelamento;Luz do Dia;;;Meio de Quadra;;;0;2;0;0;1;0;0;0;0;0;0;0;-38,475081;-3,774027
296794;12;9;2016;07:20;7183;AV PASTEUR;RUA NOSSA SRA DAS GRACAS;;1061;;Colisão Transversal;Luz do Dia;Bom;Seca;Cruz;Não Há Controle;Residencial;0;1;1;1;0;0;0;0;0;1;0;0;-38,558168;-3,708729
296795;12;9;2016;08:15;0;RUA MAD ELISA BALDO;;;240;;Colisão;Luz do Dia;;;Meio de Quadra;;;0;2;0;0;0;0;0;0;0;0;0;0;;
296796;12;9;2016;08:34;0;AV MR HULL;;;;;Atropelamento;Luz do Dia;;;Meio de Quadra;;;0;2;0;0;0;0;0;0;0;1;0;0;;
296802;12;9;2016;09:23;0;RUA PEREIRA DE MIRANDA;;;;;Colisão;Luz do Dia;;;Meio de Quadra;;;0;2;0;0;0;0;0;0;0;0;0;0;;
296821;12;9;2016;12:13;1559;RUA MON CATAO;RUA PAULA NEI;;;;Colisão Transversal;Luz do Dia;Bom;Seca;Cruz;Pare;Residencial;0;0;4;1;0;0;0;0;0;1;0;0;-38,49151;-3,741704
296822;12;9;2016;13:17;10778;RUA CUIABA;RUA STA FILOMENA;;;;Colisão;Luz do Dia;;;;;;0;2;0;1;0;0;0;0;0;1;0;0;-38,591629;-3,762204
296818;12;9;2016;12:03;0;AV DOMINGOS OLIMPIO;;;;;Atropelamento;Luz do Dia;;;Meio de Quadra;;;0;2;0;0;0;0;0;0;0;1;0;0;;
296814;12;9;2016;09:27;0;AV ENG SANTANA JUNIOR;;;231;;Colisão;Luz do Dia;;;Meio de Quadra;;;0;3;0;1;0;0;0;0;0;1;0;0;;
296834;12;9;2016;15:32;0;RUA SEIS COMPANHEIROS;;;595;;Colisão;Luz do Dia;;;Meio de Quadra;;;0;3;0;0;0;0;0;0;0;0;0;0;-38,577262;-3,70543
296835;12;9;2016;16:00;0;RUA AUGUSTO J BENEVIDES;;;802;;Colisão;Luz do Dia;;;Meio de Quadra;;;0;2;0;0;0;0;0;0;0;0;0;0;;
296842;12;9;2016;16:13;0;RUA RIO GRANDE DO NORTE;;;5592;;Choque c/ Obstáculo Fixo;Luz do Dia;;;Meio de Quadra;;;0;2;0;1;0;0;0;0;0;1;0;0;;
296843;12;9;2016;16:24;0;RUA JACINTO MATOS;;;944;;Colisão;Luz do Dia;;;Meio de Quadra;;;0;2;0;0;0;0;0;0;0;1;0;0;;
296844;12;9;2016;17:32;0;RUA GONCALVES LEDO;;;88;;Atropelamento;Anoitecer;;;Meio de Quadra;;;0;2;0;1;0;0;0;0;0;0;0;0;-38,514015;-3,724493
296829;12;9;2016;13:58;0;RUA JULIO SILVA;;;440;;Colisão;Luz do Dia;;;Meio de Quadra;;;0;2;0;0;0;0;0;0;0;0;0;0;;
296816;12;9;2016;11:10;0;AV DR SILAS MUNGUBA;;;;;Colisão;Luz do Dia;;;Meio de Quadra;;;0;2;0;1;0;0;1;0;0;0;0;0;;
296825;12;9;2016;13:41;0;AV GAL OSORIO DE PAIVA;;;4336;;Atropelamento;Luz do Dia;;;Meio de Quadra;;;0;2;0;0;0;0;0;0;0;1;0;0;-38,593072;-3,79543
296920;12;9;2016;12:56;0;AV MR HULL;;;;;Queda;Luz do Dia;;;Meio de Quadra;;;0;1;0;0;0;0;0;0;0;1;0;0;;
296863;12;9;2016;18:23;5323;RUA EDGAR BORGES;RUA PEDRO PEREIRA;;;;Colisão;Anoitecer;;;;;;0;2;0;1;0;0;0;0;0;1;0;0;-38,527197;-3,730116
296878;12;9;2016;20:54;0;AV MR HULL;;;;;Queda;;;;Meio de Quadra;;;0;1;0;0;0;0;0;0;0;1;0;0;;
296879;12;9;2016;21:00;1462;RUA NUNES VALENTE;RUA JOAO CARVALHO;;;;Colisão;;;;Cruz;Pare;Comercial;0;2;0;1;0;0;0;0;0;1;0;0;-38,504491;-3,738599
296880;12;9;2016;23:42;0;AV PRS CASTELO BRANCO;;;;;Queda;;;;Meio de Quadra;;;0;1;0;0;0;0;0;0;0;1;0;0;;
296881;12;9;2016;23:56;0;AV GAL OSORIO DE PAIVA;;;1127;;Atropelamento;;;;Meio de Quadra;;;0;2;0;0;0;0;0;0;0;0;0;0;-38,57209;-3,779151
296870;12;9;2016;18:47;9559;RUA BARRA VERMELHA;RUA TEODORO DE CASTRO;;;;Colisão;;;;Cruz;Pare;Comercial;0;2;0;0;0;0;0;0;0;1;0;0;-38,612011;-3,77782
296871;12;9;2016;18:48;0;AV BORGES DE MELO;;;;;Queda;;;;Meio de Quadra;;;0;1;0;0;0;0;0;0;0;1;0;0;;
296872;12;9;2016;19:18;0;AV PRS CASTELO BRANCO;;;;;Queda;;;;Meio de Quadra;;;0;1;0;0;0;1;0;0;0;0;0;0;;
296873;12;9;2016;20:07;0;AV MR HULL;;;4083;;Atropelamento;;;;Meio de Quadra;;;0;2;0;0;0;0;0;0;0;1;0;0;-38,581165;-3,738137
296874;12;9;2016;20:20;0;RUA CHICO FRANCA;;;727;;Colisão;;;;Meio de Quadra;;;0;2;0;1;0;0;0;0;0;1;0;0;;
296858;12;9;2016;18:22;5323;RUA PEDRO PEREIRA;RUA ASSUNCAO;;;;Colisão;Anoitecer;;;Cruz;Pare;Comercial;0;2;0;1;0;0;0;0;0;1;0;0;-38,527197;-3,730116
296851;12;9;2016;18:21;0;AV PRS CASTELO BRANCO;;;5818;;Colisão;Anoitecer;;;Meio de Quadra;;;0;2;0;0;0;0;0;0;0;1;0;0;-38,582394;-3,702572
296837;12;9;2016;16:11;13594;RUA CAP GUSTAVO;AV PONTES VIEIRA;;;;Colisão;Luz do Dia;;;Cruz;Semáforo;Comercial;0;2;0;1;0;0;0;0;0;1;0;0;-38,517125;-3,753153
296838;12;9;2016;16:13;0;RUA RIO GRANDE DO NORTE;;;5592;;Colisão;Luz do Dia;;;Meio de Quadra;;;0;1;0;1;0;0;0;0;0;1;0;0;;
296846;12;9;2016;17:39;0;RUA SOUSA CARVALHO;;;1566;;Atropelamento;Anoitecer;;;Meio de Quadra;;;0;2;0;1;0;0;0;0;0;0;0;0;-38,596414;-3,781443
296848;12;9;2016;17:44;7674;RUA RIO GRANDE DO NORTE;AV JOSE BASTOS;;;;Colisão;Anoitecer;;;Cruz;Pare;Residencial;0;2;0;1;0;0;0;0;0;1;0;0;-38,564477;-3,760562
296916;13;9;2016;11:48;0;AV IMPERADOR;;;456;;Colisão;Luz do Dia;;;Meio de Quadra;;;0;1;0;0;0;0;0;0;0;1;0;0;-38,533878;-3,72525
296917;13;9;2016;12:01;0;AV GAL OSORIO DE PAIVA;;;;;Atropelamento;Luz do Dia;;;Meio de Quadra;;;0;2;0;0;0;0;0;0;0;0;0;0;;
296918;13;9;2016;12:05;0;RUA DOM HENRIQUE;;;495;;Colisão;Luz do Dia;;;Meio de Quadra;;;0;2;0;1;0;0;0;0;0;1;0;0;-38,581977;-3,787101
296933;13;9;2016;15:27;0;AV FILOMENO GOMES;;;80;;Colisão;Luz do Dia;;;Meio de Quadra;;;0;2;0;1;0;0;0;0;0;1;0;0;-38,54156;-3,724077
296935;13;9;2016;16:15;0;AV PERIMETRAL;;;;;Colisão;Luz do Dia;;;Meio de Quadra;;;0;1;0;0;0;0;0;0;0;1;0;0;;
296944;13;9;2016;17:18;0;RUA LUIZA MIRANDA COELHO;;;1101;;Colisão;Anoitecer;;;Meio de Quadra;;;0;2;0;1;0;0;0;0;0;1;0;0;-38,487042;-3,775
296937;13;9;2016;16:43;23045;RUA MALMEQUER;AV DR SILAS MUNGUBA;;;;Colisão;Luz do Dia;;;Cruz;Semáforo;Comercial;0;2;0;1;0;0;0;0;0;1;0;0;-38,538571;-3,79098
296953;13;9;2016;17:33;4113;RUA LUCAS PINTO;RUA GOMES PASSOS;;;;Colisão;Anoitecer;;;Cruz;Pare;Residencial;0;2;0;1;0;0;0;0;0;1;0;0;-38,55819;-3,712266
296949;13;9;2016;17:24;0;AV GODOFREDO MACIEL;;;858;;Colisão;Anoitecer;;;Meio de Quadra;;;0;2;0;0;0;0;0;0;0;1;0;0;-38,565861;-3,783357
296950;13;9;2016;17:31;0;AV DES GONZAGA;;;531;;Colisão;Anoitecer;;;Meio de Quadra;;;0;2;0;1;0;0;0;0;0;1;0;0;-38,50256;-3,791415
296959;13;9;2016;17:37;17312;RUA ALAN KARDEC;RUA EDITE BRAGA;;;;Colisão;Anoitecer;;;;;;0;2;0;1;0;0;0;0;0;1;0;0;-38,550631;-3,764281
296963;13;9;2016;17:46;0;RUA LUCAS PINTO;;;;;Atropelamento;Anoitecer;;;Meio de Quadra;;;0;1;1;0;0;0;0;0;0;1;0;0;;
296942;13;9;2016;16:54;0;AV DR SILAS MUNGUBA;;;1000;;Colisão Lateral;Luz do Dia;;;Meio de Quadra;;;0;1;1;1;0;0;0;0;0;1;0;0;-38,557022;-3,781518
296985;13;9;2016;18:36;0;RUA VALPARAISO;;;605;;Queda;;;;Meio de Quadra;;;0;1;0;0;0;0;0;0;0;1;0;0;-38,525793;-3,8442
296986;13;9;2016;18:46;0;RUA PLANALTO DO PICI;;;805;;Atropelamento;;;;Meio de Quadra;;;0;2;0;1;0;0;0;0;0;0;0;0;;
296981;13;9;2016;18:04;0;AV PERIMETRAL;;;;;Colisão;Anoitecer;;;Meio de Quadra;;;0;2;0;1;0;0;0;0;0;1;0;0;;
296982;13;9;2016;18:07;0;RUA ANSELMO NOGUEIRA;;;77;;Colisão Lateral;Anoitecer;;;Meio de Quadra;;;0;1;1;0;1;0;0;0;0;1;0;0;-38,586728;-3,779455
296983;13;9;2016;18:24;0;RUA ELCIAS LOPES;;;;;Colisão;Anoitecer;;;;;;0;2;0;1;0;0;0;0;0;1;0;0;;
297001;13;9;2016;20:37;0;RD BR 116;;;700;;Colisão;;;;Meio de Quadra;;;0;2;0;1;0;0;0;0;0;1;0;0;;
296997;13;9;2016;20:33;0;RUA VALPARAISO;;;830;;Queda;;;;Meio de Quadra;;;0;1;0;0;0;0;0;0;0;0;0;0;;
296995;13;9;2016;20:25;0;RUA GOMES PASSOS;;;432;;Queda;;;;Meio de Quadra;;;0;2;0;0;0;0;0;0;0;1;0;0;-38,559996;-3,711624
296993;13;9;2016;20:15;0;AV MIN JOSE AMERICO;;;709;;Colisão;;;;Meio de Quadra;;;0;2;0;0;0;0;0;0;0;0;0;0;-38,494174;-3,81052
296988;13;9;2016;19:10;0;RD BR 116;;;;;Queda;;;;Meio de Quadra;;;0;1;0;0;0;0;0;0;0;1;0;0;;
296989;13;9;2016;19:57;0;RUA STA MARIA D11;;;191;;Atropelamento;;;;Meio de Quadra;;;0;2;0;0;0;0;0;0;0;1;0;0;;
296990;13;9;2016;20:12;17562;RUA ESPIRITO SANTO;RUA PARA;;;;Colisão;;;;Cruz;Pare;Residencial;0;2;0;1;0;0;0;0;0;1;0;0;-38,567954;-3,752593
297008;13;9;2016;21:12;0;AV DA INDEPENDENCIA;;;1082;;Colisão;;;;Meio de Quadra;;;0;2;0;1;0;0;0;0;0;1;0;0;-38,590341;-3,72709
297020;13;9;2016;21:41;0;RUA NAT FEIJO;;;869;;Atropelamento;;;;Meio de Quadra;;;0;1;1;1;0;0;0;0;0;0;0;0;;
297029;13;9;2016;05:51;0;RUA PRO NELSON;;;;;Colisão;Amanhecer;;;Meio de Quadra;;;0;1;0;0;0;0;0;0;0;1;0;0;;
297014;13;9;2016;21:34;0;AV IMPERADOR;;;150;;Colisão;;;;Meio de Quadra;;;0;2;0;1;0;0;0;0;0;1;0;0;-38,533089;-3,7226
296883;13;9;2016;05:44;0;RUA BERNARDO MANUEL;;;10935;;Colisão Traseira;Luz do Dia;Bom;Seca;Meio de Quadra;Semáforo;Comercial;0;0;4;1;0;0;0;0;0;0;0;0;-38,556275;-3,814653
296884;13;9;2016;06:37;0;AV DES MOREIRA;;;2029;;Colisão;Luz do Dia;;;Meio de Quadra;;;0;3;0;0;0;0;0;0;0;0;0;0;;
296885;13;9;2016;06:40;13021;AV A CJ JOSE WALTER;AV I CJ JOSE WALTER;;;;Colisão;Luz do Dia;;;Cruz;Pare;Residencial;0;2;0;1;0;0;0;0;0;1;0;0;-38,550935;-3,825834
296921;13;9;2016;13:06;15785;RUA JOAQUIM FELICIO;RUA PEDRO II;;;;Colisão;Luz do Dia;;;Cruz;Pare;Residencial;0;2;0;1;0;0;0;0;0;1;0;0;-38,487935;-3,830629
296922;13;9;2016;13:07;16039;AV PRS COSTA E SILVA;RUA CEL TIBURCIO;;;;Colisão Lateral;Luz do Dia;Bom;Não informada;Cruz;Semáforo;Residencial;0;0;3;1;1;0;0;0;0;1;0;0;-38,573703;-3,812167
296923;13;9;2016;13:24;0;AV RECREIO D64;;;1744;;Colisão;Luz do Dia;;;Meio de Quadra;;;0;2;0;1;0;0;0;0;0;1;0;0;;
296924;13;9;2016;13:37;0;RUA MALMEQUER;;;300;;Colisão;Luz do Dia;;;Meio de Quadra;;;0;2;0;1;0;0;0;0;0;1;0;0;-38,537835;-3,789049
296930;13;9;2016;13:44;0;RUA ANTONIO PEREIRA;;;291;;Colisão Lateral;Luz do Dia;Bom;Seca;Meio de Quadra;Não Há Controle;Residencial;0;1;3;1;0;0;0;0;0;1;0;0;;
296912;13;9;2016;13:57;0;AV ANTONIO SALES;;;1357;;Colisão;Luz do Dia;;;Meio de Quadra;;;0;2;0;1;0;0;0;0;0;1;0;0;-38,511647;-3,742586
296908;13;9;2016;10:27;19686;AV BEZERRA DE MENEZES;RUA ERICO MOTA;;;;Colisão Transversal;Luz do Dia;Bom;Seca;Cruz;Semáforo;Comercial;0;0;2;1;1;0;0;0;0;1;0;0;-38,562991;-3,735357
296909;13;9;2016;11:13;10145;RUA LONDRINA;RUA TAUBATE;;;;Colisão Transversal;Luz do Dia;Não Informado;Seca;Cruz;Não Há Controle;Residencial;0;1;6;1;0;0;0;0;0;1;0;0;-38,599145;-3,782173
296898;13;9;2016;07:55;13436;RUA DR JOSE LOURENCO;AV ANTONIO SALES;;;;Colisão;Luz do Dia;;;Cruz;Semáforo;Comercial;0;2;0;1;0;0;0;0;0;1;0;0;-38,51045;-3,742954
296899;13;9;2016;07:58;0;RUA LUIS DE MIRANDA;;;713;;Colisão;Luz do Dia;;;Meio de Quadra;;;0;0;1;1;0;0;0;0;0;1;0;0;;
296900;13;9;2016;08:07;25047;RUA CIDADE PALHANO;RUA ANTONIO ARRUDA;;;;Colisão;Luz do Dia;;;Cruz;Pare;Residencial;0;2;0;0;0;0;0;0;0;0;0;0;-38,593359;-3,717903
296901;13;9;2016;08:21;13436;AV ANTONIO SALES;RUA DR JOSE LOURENCO;;;;Colisão;Luz do Dia;;;Cruz;Semáforo;Comercial;0;2;0;0;0;0;0;0;0;0;0;0;-38,51045;-3,742954
296902;13;9;2016;08:29;0;RUA TRES MARIAS;;;;;Colisão;Luz do Dia;;;Meio de Quadra;;;0;2;0;1;0;0;0;0;0;1;0;0;;
296903;13;9;2016;08:32;25974;RUA PERU;RUA TRES MARIAS D39 (MONTESE);;;;Atropelamento;Luz do Dia;;;T;Não Há Controle;Residencial;0;2;0;1;0;0;0;0;0;0;0;0;-38,549898;-3,769519
296904;13;9;2016;08:38;0;AV PONTES VIEIRA;;;2449;;Colisão;Luz do Dia;;;Meio de Quadra;;;0;2;0;1;0;0;0;0;0;1;0;0;-38,499704;-3,751116
296905;13;9;2016;08:51;21369;AV JOVITA FEITOSA;RUA CARVALHO MOTA;;;;Colisão;Luz do Dia;;;T;Outros;Residencial;0;2;0;1;0;0;0;0;0;1;0;0;-38,544748;-3,737437
296906;13;9;2016;10:25;0;AV DR THEBERGE;;;1297;;Colisão;Luz do Dia;;;Meio de Quadra;;;0;2;0;1;0;0;0;0;0;1;0;0;-38,564771;-3,714088
296895;13;9;2016;07:40;0;RUA SEBASTIAO DE ABREU;;;;;Colisão;Luz do Dia;;;Meio de Quadra;;;0;2;0;1;0;0;0;0;0;0;0;0;;
296892;13;9;2016;07:36;0;RUA 5 CJ HAB ST SAO JOAO;;;351;;Colisão;Luz do Dia;;;Meio de Quadra;;;0;2;0;0;0;0;0;0;0;1;0;0;-38,518128;-3,850749
296890;13;9;2016;07:30;0;RUA ANTONIO IVO;;;1330;;Queda;Luz do Dia;;;Meio de Quadra;;;0;1;0;0;0;1;0;0;0;0;0;0;;
296888;13;9;2016;07:10;0;AV GAL OSORIO DE PAIVA;;;4832;;Queda;Luz do Dia;;;Meio de Quadra;;;0;1;0;0;0;1;0;0;0;0;0;0;-38,598803;-3,801358
296522;13;9;2016;07:40;0;RD BR 116;;;3000;KM-03;Colisão Traseira;Luz do Dia;;;Meio de Quadra;;;0;1;1;1;0;0;0;0;1;0;0;0;-38,514372;-3,779838
296531;13;9;2016;19:10;0;RD BR 116;;;14000;KM-14;Queda;;;;Meio de Quadra;;;0;2;0;0;0;0;0;0;0;1;0;0;-38,499242;-3,873523
291413;13;9;2016;19:30;17562;RUA PARA;RUA ESPIRITO SANTO;;;;Colisão;;;;Cruz;Pare;Residencial;1;0;1;1;0;0;0;0;1;0;0;0;-38,567954;-3,752593
291414;13;9;2016;12:40;0;AV GAL OSORIO DE PAIVA;;;7731;;Colisão Lateral;Luz do Dia;;;Meio de Quadra;;;0;1;1;1;0;0;0;0;0;1;0;0;-38,617139;-3,820281
291407;13;9;2016;04:00;17314;RUA ALM RUFINO;RUA JOAQUIM PIMENTA;;;;Colisão Lateral;;;;Cruz;Pare;Rural;0;1;1;1;0;0;0;0;0;1;0;0;-38,544033;-3,76444
291408;13;9;2016;10:20;0;AV JOR THOMAZ COELHO;;;1309;;Colisão Transversal;Luz do Dia;;;Meio de Quadra;;;0;2;0;0;0;1;0;0;0;1;0;0;;
291410;13;9;2016;16:30;24646;AV MOZART PINHEIRO DE LUCENA;AV C CJ NOVA ASSUNCAO;;;;Colisão Lateral;Luz do Dia;;;Cruz;Pare;Residencial;0;0;2;1;0;0;0;0;0;0;0;0;-38,594268;-3,713326
291411;13;9;2016;11:00;0;RUA PRIMEIRO DE MAIO D34;;;;;Colisão Traseira;Luz do Dia;;;Meio de Quadra;;;0;2;0;1;0;0;0;0;0;0;0;0;;
291404;13;9;2016;10:30;0;AV JOSE BASTOS;;;5592;;Colisão Traseira;Luz do Dia;;;Meio de Quadra;;;0;0;2;1;0;0;0;0;0;0;0;0;-38,564522;-3,760631
291400;13;9;2016;08:40;21369;AV JOVITA FEITOSA;RUA CARVALHO MOTA;;;;Colisão Transversal;Luz do Dia;;;T;Outros;Residencial;0;1;1;1;0;0;0;0;0;1;0;0;-38,544748;-3,737437