COD_ACIDENTE;DIA;MES;ANO;HORA;INTERSECAO;LOG1;LOG2;LOG3;NUMERO;REFERENCIA;NATUREZA;ILUMINACAO;TEMPO;SUPERFICIEPISTA;TIPOCRUZAMENTO;CONTROLETRAFEGO;USOSOLO;MORTOS;FERIDOS;ILESOS;AUTOMOVEL;ONIBUS;BICICLETA;CAMINHAO;MICROONIBUS;CICLOMOTOR;MOTOCICLETA;TRACAOANIMAL;TREM;LONG;LAT
291402;13;9;2016;16:02;5146;RUA GUILHERME ROCHA;RUA PRC ISABEL;;;;Colisão;Luz do Dia;;;Cruz;Pare;Comercial;0;1;1;0;1;0;0;0;1;0;0;0;-38,534931;-3,72472
295754;13;9;2016;07:30;0;RD CE-040;;;;KM-01;Colisão;Luz do Dia;Bom;Seca;Meio de Quadra;;;0;1;3;1;0;0;0;0;0;0;0;0;-38,48666;-3,758119
295762;13;9;2016;17:40;0;RD CE-040;;;;KM-09;Colisão;Anoitecer;Bom;Seca;Meio de Quadra;;;0;0;2;1;0;0;0;0;0;0;0;0;-38,481538;-3,825516
295774;13;9;2016;07:50;0;RD CE-040;;;;KM-07;Colisão;Luz do Dia;Bom;Seca;Meio de Quadra;;;0;0;2;1;1;0;0;0;0;0;0;0;-38,478733;-3,809597
295770;13;9;2016;20:10;0;AV MIN JOSE AMERICO;;;;;Colisão;;Bom;Seca;Meio de Quadra;;;0;0;2;0;0;0;0;0;0;0;0;0;;
295720;13;9;2016;10:50;0;AV SEN CARLOS JEREISSATI (AEROPORTO);;;;KM 03;Colisão;Luz do Dia;Bom;Seca;Meio de Quadra;;;0;0;2;1;0;0;0;0;0;0;0;0;-38,544038;-3,779641
293867;13;9;2016;11:40;657;AV DR THEBERGE;RUA RAUL POMPEIA;;;;Colisão;Luz do Dia;;;Cruz;Não Há Controle;Residencial;0;1;1;1;0;0;0;0;0;1;0;0;-38,564605;-3,713564
293868;13;9;2016;17:15;0;AV RECREIO D64;;;180;;Colisão Traseira;Luz do Dia;Bom;Seca;Meio de Quadra;Não Há Controle;Residencial;0;0;2;0;0;0;0;0;0;1;0;0;-38,449074;-3,807179
291732;13;9;2016;12:40;0;AV CEL CARVALHO;;;1399;;Colisão;Luz do Dia;;;Meio de Quadra;;;1;0;1;0;0;0;0;0;0;1;0;0;-38,588555;-3,715012
301912;13;9;2016;07:47;17314;RUA ALM RUFINO;RUA JOAQUIM PIMENTA;;0;;Colisão Transversal;Luz do Dia;Bom;Seca;Cruz;Pare;Residencial;0;0;2;1;0;0;0;0;0;0;0;0;-38,544033;-3,76444
301913;13;9;2016;08:47;0;AV CENTRAL UI 503;;;0;;Colisão Transversal;Luz do Dia;Bom;Seca;Meio de Quadra;Não Há Controle;Comercial;0;0;2;1;1;0;0;0;0;0;0;0;;
301914;13;9;2016;09:30;0;RUA GAL TERTULIANO POTYGUARA;;;854;;Choque c/ Obstáculo Fixo;Luz do Dia;Bom;Seca;Meio de Quadra;Semáforo;Escola;0;0;1;1;0;0;0;0;0;1;0;0;-38,496123;-3,744574
301915;13;9;2016;09:00;5090;RUA GUILHERME ROCHA;RUA OTO DE ALENCAR;;0;PRAÇA DO LICEU;Colisão Lateral;Luz do Dia;Bom;Seca;Cruz;Semáforo;Comercial;0;0;2;1;1;0;0;0;0;0;0;0;-38,540079;-3,723058
301916;13;9;2016;10:25;0;AV 13 DE MAIO;;;0;;Colisão Traseira;Luz do Dia;Bom;Seca;Meio de Quadra;Não Há Controle;Comercial;0;0;2;1;0;0;0;0;0;0;0;0;;
301917;13;9;2016;11:15;26209;AV ROGACIANO LEITE;AV CHANC EDSON QUEIROZ;;0;;Colisão Traseira;Luz do Dia;Bom;Seca;T;Semáforo;Comercial;0;0;2;1;0;0;0;0;0;0;0;0;;
301918;13;9;2016;12:02;0;AV ANTONIO SALES;;;1317;;Colisão Traseira;Luz do Dia;Bom;Seca;Meio de Quadra;Não Há Controle;Comercial;0;1;1;1;0;0;0;0;0;1;0;0;-38,511758;-3,74255
301919;13;9;2016;13:57;24229;AV ENG ALBERTO SA;AV ENG SANTANA JUNIOR;;784;;Colisão Transversal;Via Iluminada;Bom;Seca;Cruz;Semáforo;Comercial;0;0;4;1;1;0;0;0;0;0;0;0;-38,480624;-3,733357
301920;13;9;2016;15:35;0;RUA JOAO LOBO FILHO;;;0;;Colisão Traseira;Luz do Dia;Bom;Seca;Meio de Quadra;Não Há Controle;Residencial;0;0;3;1;0;0;0;0;0;0;0;0;;
301921;13;9;2016;18:40;0;AV SANTOS DUMONT;RUA MASCARENHAS DE MORAES;;0;;Colisão Transversal;Via Iluminada;Bom;Seca;T;Não Há Controle;Comercial;0;1;2;0;1;0;0;0;0;1;0;0;;
301922;13;9;2016;16:10;0;AV F CJ CEARA;;;144;;Colisão Lateral;Luz do Dia;Bom;Seca;Cruz;Não Há Controle;Residencial;0;0;1;1;0;0;0;0;0;0;0;0;-38,608324;-3,763196
301923;13;9;2016;22:00;15311;AV RUI BARBOSA;RUA PEREIRA FILGUEIRAS;;0;;Colisão Lateral;Via Iluminada;Bom;Seca;Cruz;Semáforo;Residencial;0;0;1;1;0;0;0;0;0;0;0;0;-38,507546;-3,730106
301924;13;9;2016;17:01;0;AV OLIVEIRA PAIVA;;;0;;Colisão Traseira;Luz do Dia;Bom;Seca;Meio de Quadra;Não Há Controle;Comercial;0;0;1;1;0;0;0;0;0;1;0;0;;
301910;13;9;2016;04:22;11339;AV GODOFREDO MACIEL;AV BENJAMIM BRASIL;;;;Choque c/ Obstáculo Fixo;Via Iluminada;Bom;Seca;Cruz;Semáforo;Comercial;0;0;1;1;0;0;0;0;0;0;0;0;-38,57204;-3,803264
301987;13;9;2016;13:52;23453;RUA CAP MELO;RUA PAULO FIRMEZA;;0;;Colisão Lateral;Luz do Dia;Bom;Seca;Cruz;Pare;Residencial;0;0;2;1;0;0;0;0;0;0;0;0;-38,512966;-3,757131
301961;14;9;2016;23:05;15170;RUA JOSE VILAR;AV ABOLICAO;;;;Colisão Lateral;Via Iluminada;Bom;Seca;Cruz;Pare;Comercial;0;0;1;1;0;0;0;0;0;0;0;0;-38,501373;-3,725435
301925;14;9;2016;07:52;0;RUA DNA LEOPOLDINA;;;810;;Colisão Transversal;Luz do Dia;Bom;Seca;Meio de Quadra;Não Há Controle;Residencial;0;0;2;1;0;0;0;0;0;0;0;0;-38,519903;-3,73244
301926;14;9;2016;07:45;7914;AV ANTONIO SALES;RUA LEONARDO MOTA;;0;;Colisão Traseira;Luz do Dia;Bom;Seca;Meio de Quadra;Não Há Controle;Comercial;0;0;3;1;0;0;0;0;0;0;0;0;-38,499442;-3,746358
301927;14;9;2016;08:29;24969;AV ALM HENRIQUE SABOIA;AV PDE ANTONIO TOMAS;;0;;Colisão Lateral;Luz do Dia;Bom;Seca;Meio de Quadra;Não Há Controle;Residencial;0;0;2;1;0;0;0;0;0;0;0;0;-38,489455;-3,743493
301928;14;9;2016;09:08;15571;AV FRE CIRILO;RUA LETICIA;;0;;Colisão Traseira;Luz do Dia;Bom;Seca;Meio de Quadra;Semáforo;Escola;0;0;2;1;0;0;0;0;0;0;0;0;-38,495262;-3,822257
301929;14;9;2016;10:00;0;AV ALM MAXIMIANO DA FONSECA;;;1395;;Colisão Transversal;Luz do Dia;Bom;Seca;Meio de Quadra;Não Há Controle;Escola;0;1;1;1;0;0;0;0;0;1;0;0;-38,484045;-3,7716
301930;14;9;2016;07:24;0;AV BORGES DE MELO;;;0;SINDIONIBUS;Engavetamento;Luz do Dia;Bom;Seca;T;Semáforo;Residencial;0;0;3;1;1;0;0;0;0;0;0;0;;
301931;14;9;2016;10:25;0;RUA WALDIR DIOGO;;;246;;Colisão Lateral;Luz do Dia;Bom;Seca;Y;Não Há Controle;Comercial;0;0;2;1;0;0;0;0;0;0;0;0;-38,58097;-3,807126
301932;14;9;2016;12:30;5735;RUA CHICO LEMOS;RUA BENJAMIM MOURA;;0;;Colisão Transversal;Luz do Dia;Bom;Seca;Cruz;Pare;Comercial;0;0;2;1;0;0;0;0;0;0;0;0;-38,496187;-3,797859
301933;14;9;2016;13:20;6797;RUA ANDRADE FURTADO;RUA BATISTA DE OLIVEIRA;;0;;Colisão Transversal;Luz do Dia;Bom;Seca;Cruz;Semáforo;Residencial;0;0;2;1;0;0;0;0;0;0;0;0;-38,481475;-3,745163
301934;14;9;2016;17:05;1485;RUA ANTONIO AUGUSTO;RUA PDE VALDEVINO;;0;;Colisão Transversal;Luz do Dia;Bom;Seca;Cruz;Pare;Comercial;0;0;2;1;0;0;0;0;0;0;0;0;-38,516489;-3,739239
301935;14;9;2016;20:17;0;RUA CORREGO DAS FLORES;;;223;;Colisão Transversal;Via Iluminada;Bom;Seca;T;Não Há Controle;Residencial;0;1;1;1;1;0;0;0;0;0;0;0;;
301936;14;9;2016;21:50;5711;AV OLIVEIRA PAIVA;RUA CHICO LEMOS;;0;;Colisão Lateral;Via Iluminada;Bom;Seca;Cruz;Semáforo;Comercial;0;1;1;1;0;0;0;0;0;1;0;0;-38,497091;-3,795857
293869;14;9;2016;08:52;14357;RUA BAR CRATO;RUA HENRIQUE ELERY;;1340;;Colisão Lateral;Luz do Dia;Bom;Seca;Cruz;Pare;Residencial;0;0;4;0;0;0;0;1;0;1;0;0;-38,561002;-3,721622
293870;14;9;2016;13:00;356;RUA FRANCISCA CLOTILDE;RUA GUSTAVO BRAGA;;;;Colisão Transversal;Luz do Dia;Bom;Seca;Cruz;Pare;Comercial;0;2;2;1;0;0;0;0;0;1;0;0;-38,556863;-3,747141
293871;14;9;2016;15:00;0;AV JOAO PESSOA;;;4693;;Colisão;Luz do Dia;;;Meio de Quadra;;;0;1;1;0;0;0;0;0;0;1;0;0;;
295809;14;9;2016;;0;RD CE-040;;;;KM-01;Colisão;;Bom;Seca;Meio de Quadra;;;0;0;2;1;0;0;0;0;0;0;0;0;-38,48666;-3,758119
295810;14;9;2016;15:00;0;RD CE-040;;;;KM-07;Colisão;Luz do Dia;Bom;Seca;Meio de Quadra;;;0;0;2;1;0;0;0;0;0;0;0;0;-38,478733;-3,809597
295811;14;9;2016;13:20;0;RD CE-040;;;;KM-06;Colisão;Luz do Dia;Bom;Seca;Meio de Quadra;;;0;0;2;1;0;0;0;0;0;0;0;0;-38,479535;-3,800596
295812;14;9;2016;17:30;0;AV MIN JOSE AMERICO;;;;;Colisão;Anoitecer;Bom;Seca;Meio de Quadra;;;0;0;3;1;0;0;0;0;0;0;0;0;;
291429;14;9;2016;16:00;5348;RUA METON DE ALENCAR;RUA PDE MORORO;;;;Colisão Lateral;Luz do Dia;Bom;Seca;T;Não Há Controle;Comercial;0;0;2;1;1;0;0;0;0;0;0;0;-38,539143;-3,730892
291403;14;9;2016;08:00;0;AV PRS CASTELO BRANCO;;;1223;;Colisão;Luz do Dia;Bom;Seca;Meio de Quadra;Não Há Controle;Outros;0;1;1;1;0;0;0;0;0;1;0;0;-38,535199;-3,718204
291406;14;9;2016;21:25;5125;AV ALBERTO NEPOMUCENO;RUA CONDE D´EU;;;;Colisão Lateral;Via Iluminada;Bom;Seca;T;Pare;Comercial;0;0;2;1;0;0;0;0;0;1;0;0;-38,525072;-3,724606
291409;14;9;2016;15:25;0;AV CARNEIRO DE MENDONCA;;;1295;;Colisão Traseira;Luz do Dia;Bom;Seca;Meio de Quadra;Outros;Comercial;0;0;2;1;0;0;0;0;0;0;0;0;-38,570658;-3,762018
291415;14;9;2016;15:20;25888;RUA 15 DE NOVEMBRO;AV JOAO PESSOA;;;;Colisão Lateral;Luz do Dia;Bom;Seca;Cruz;Não Há Controle;Comercial;0;0;2;1;0;0;0;0;0;0;0;0;-38,559885;-3,767432
291416;14;9;2016;17:43;3903;AV JOAO PESSOA;AV DA UNIVERSIDADE;;;;Colisão Transversal;Via Iluminada;Bom;Seca;T;Semáforo Manual;Comercial;0;0;2;1;0;0;0;0;0;1;0;0;-38,543442;-3,745741
291417;14;9;2016;12:40;0;AV EDUARDO GIRAO;;;;ROTATÓRIA;Colisão Traseira;Luz do Dia;Bom;Seca;Meio de Quadra;Não Há Controle;Residencial;0;0;2;1;0;0;0;0;0;0;0;0;;
291425;14;9;2016;09:00;0;RUA REPUBLICA DO LIBANO;;;881;;Colisão;Luz do Dia;Bom;Seca;Meio de Quadra;Não Há Controle;Residencial;0;0;2;1;0;0;1;0;0;0;0;0;-38,492786;-3,732565
291426;14;9;2016;00:30;0;RUA PRO GOMES BRASIL;;;;;Choque c/ Obstáculo Fixo;Via Iluminada;Bom;Seca;Outros;Semáforo;Outros;0;1;0;1;0;0;0;0;0;0;0;0;;
291427;14;9;2016;07:00;15227;AV ABOLICAO;AV DES MOREIRA;;;;Colisão Lateral;Luz do Dia;Bom;Seca;Cruz;Gesto;Comercial;0;0;2;1;1;0;0;0;0;0;0;0;-38,495474;-3,727331
291422;14;9;2016;00:52;26129;RUA MIN ALBUQUERQUE LIMA;RUA 101 CJ CEARA;;;;Colisão Traseira;Via Iluminada;Bom;Seca;Cruz;Pare;Residencial;0;1;1;1;0;0;0;0;0;1;0;0;;
291419;14;9;2016;12:50;9243;AV DOS EXPEDICIONARIOS;AV EDUARDO GIRAO;;;;Colisão Traseira;Luz do Dia;Bom;Seca;Cruz;Semáforo;Comercial;0;0;2;1;0;0;0;0;0;0;0;0;-38,536849;-3,750712
297032;14;9;2016;09:07;11657;AV E CJ CEARA;AV C CJ CEARA;;;;Queda;Luz do Dia;;;Cruz;Não Há Controle;Residencial;0;1;0;0;0;0;0;0;0;1;0;0;;
297035;14;9;2016;06:21;14357;RUA BAR CRATO;RUA HENRIQUE ELERY;;;;Colisão;Luz do Dia;;;Cruz;Pare;Residencial;0;2;0;0;0;0;0;0;0;0;0;0;-38,561002;-3,721622
297036;14;9;2016;09:24;0;AV DA INDEPENDENCIA;;;878;;Queda;Luz do Dia;;;Meio de Quadra;;;0;1;0;0;0;0;0;0;0;1;0;0;-38,588558;-3,7276
297037;14;9;2016;10:07;3189;RUA CARLOS CHAGAS;RUA JOSE ARISTOTELES GONDIM;;;;Colisão;Luz do Dia;;;Cruz;Pare;Residencial;0;2;0;1;0;0;0;0;0;1;0;0;-38,585335;-3,780113
297038;14;9;2016;10:12;0;AV VIENA WEYNE;;;630;;Colisão;Luz do Dia;;;Meio de Quadra;;;0;2;0;1;0;0;0;0;0;1;0;0;;
297039;14;9;2016;10:18;0;RUA PRO JOSE SILVEIRA;;;1621;;Colisão;Luz do Dia;;;Meio de Quadra;;;0;2;0;1;0;0;0;0;0;1;0;0;;
297058;14;9;2016;17:00;24331;AV LUCIANO CARNEIRO;RUA ARMANDO MONTEIRO;;;;Colisão Lateral;Luz do Dia;Bom;Seca;Cruz;Pare;Residencial;0;1;0;1;0;0;0;0;0;1;0;0;-38,536219;-3,763454
297053;14;9;2016;14:07;0;AV SGT HERMINIO SAMPAIO;;;3346;;Colisão;Luz do Dia;;;Meio de Quadra;;;0;2;0;1;0;0;0;0;0;1;0;0;-38,570515;-3,728173
297054;14;9;2016;15:33;0;RUA LIDIA PETRI;;;937;;Atropelamento;Luz do Dia;;;Meio de Quadra;;;0;2;0;0;0;0;0;0;0;1;0;0;;
297048;14;9;2016;12:19;0;AV GAL OSORIO DE PAIVA;;;;;Colisão;Luz do Dia;;;Meio de Quadra;;;0;2;0;1;0;0;0;0;0;1;0;0;;
297049;14;9;2016;12:51;0;AV PERIMETRAL;;;;;Colisão;Luz do Dia;;;Meio de Quadra;;;0;2;0;0;0;0;1;0;0;1;0;0;;
297050;14;9;2016;13:21;0;AV MON TABOSA;;;431;;Colisão;Luz do Dia;;;Meio de Quadra;;;0;2;0;1;0;0;0;0;0;1;0;0;-38,515435;-3,723823
297051;14;9;2016;13:28;19561;AV GODOFREDO MACIEL;RUA ANTONIO BANDEIRA D41;;;;Colisão;Luz do Dia;;;T;Semáforo;Comercial;0;2;0;1;0;0;0;0;0;1;0;0;-38,565838;-3,783278
297043;14;9;2016;11:32;0;RUA BERNARDO MANUEL;;;8710;;Colisão;Luz do Dia;;;Meio de Quadra;;;0;2;0;1;0;0;0;0;0;1;0;0;;
297045;14;9;2016;11:54;7576;AV DR SILAS MUNGUBA;RUA XII UI 611;;4741;;Colisão Lateral;Luz do Dia;Bom;Seca;T;Pare;Residencial;0;1;2;1;0;0;0;0;0;1;0;0;-38,533448;-3,794723
297067;14;9;2016;20:21;0;AV PERIMETRAL;;;339;;Colisão;;;;Meio de Quadra;;;0;2;0;0;0;0;0;0;0;1;0;0;;
297062;14;9;2016;20:08;0;AV HIS RAIMUNDO GIRAO;;;;;Colisão Lateral;Mal Iluminada;Bom;Seca;Meio de Quadra;Não Há Controle;Comercial;0;1;3;1;1;1;0;0;0;0;0;0;;
297063;14;9;2016;20:09;0;RUA VILA VELHA;;;;;Colisão;;;;Meio de Quadra;;;0;2;0;1;0;0;0;0;0;1;0;0;;
297071;14;9;2016;00:16;0;AV DR SILAS MUNGUBA;;;3791;;Colisão;;;;Meio de Quadra;;;0;2;0;0;0;0;0;0;0;1;0;0;-38,539931;-3,79051
297069;14;9;2016;20:21;0;RUA STA LIDUINA D42;;;337;;Colisão;;;;Meio de Quadra;;;0;2;0;0;0;0;0;0;0;0;0;0;-38,58518;-3,801003
297138;15;9;2016;06:40;0;RUA NOVA FORTALEZA (MONDUBIM);;;;;Colisão;Luz do Dia;;;;;;0;2;0;0;0;0;0;0;0;0;0;0;;
297133;15;9;2016;06:37;0;AV PRS CASTELO BRANCO;;;;;Queda;Luz do Dia;;;Meio de Quadra;;;0;1;0;0;0;0;0;0;0;1;0;0;;
297129;15;9;2016;06:26;0;AV DR THEBERGE;;;1980;;Queda;Luz do Dia;;;Meio de Quadra;;;0;1;0;0;0;0;0;0;0;1;0;0;-38,566036;-3,717929
297130;15;9;2016;06:34;0;AV HIS RAIMUNDO GIRAO;;;91;;Colisão Lateral;Luz do Dia;Nublado;Molhada;Meio de Quadra;Não Há Controle;Comercial;0;0;2;1;0;0;0;0;0;1;0;0;;
297155;15;9;2016;11:37;12954;AV PRS COSTA E SILVA;RUA BERNARDO MANUEL;;;;Colisão;Luz do Dia;;;;;;0;2;0;1;0;0;0;0;0;1;0;0;-38,558276;-3,821079
297152;15;9;2016;11:10;0;AV BEIRA MAR;;;2020;;Queda;Luz do Dia;;;Meio de Quadra;;;0;1;0;0;0;0;0;0;0;1;0;0;-38,502997;-3,724005
297150;15;9;2016;10:06;0;AV DES FAUSTINO ALBUQUERQUE;;;1015;;Colisão;Luz do Dia;;;Meio de Quadra;;;0;2;0;1;0;0;0;0;0;1;0;0;;
297146;15;9;2016;08:49;0;AV VIS RIO BRANCO;;;3141;;Colisão;Luz do Dia;;;Meio de Quadra;;;0;2;0;0;0;0;0;0;0;0;0;0;-38,52148;-3,748554
297140;15;9;2016;06:43;3810;RUA JUVENAL GALENO;RUA TEREZA CRISTINA;;;;Queda;Luz do Dia;;;Cruz;Semáforo;Comercial;0;1;0;0;0;0;0;0;0;1;0;0;-38,540098;-3,738203
297142;15;9;2016;07:50;0;AV PRO GOMES DE MATOS;;;1097;;Colisão;Luz do Dia;;;Meio de Quadra;;;0;2;0;0;0;0;0;0;0;0;0;0;-38,546587;-3,762293
297190;15;9;2016;23:12;0;RUA CON DE CASTRO;;;5134;;Queda;;;;Meio de Quadra;;;0;1;0;0;0;0;0;0;0;1;0;0;;
297187;15;9;2016;20:48;7172;RUA NOSSA SRA DAS GRACAS;RUA VICENTE SABOIA;;;;Colisão Transversal;;;;;;;0;2;1;0;0;0;0;0;0;1;0;0;-38,559434;-3,708368
297184;15;9;2016;19:52;24738;AV MOZART PINHEIRO DE LUCENA;AV WASHINGTON LUIS;;;;Colisão;;;;T;Pare;Comercial;0;2;0;0;0;0;0;0;0;0;0;0;-38,595019;-3,715896
297185;15;9;2016;20:01;3368;RUA RIO GRANDE DO SUL;RUA AMAZONAS;;;;Colisão;;;;Cruz;Pare;Comercial;0;2;0;1;0;0;0;0;0;1;0;0;-38,564164;-3,753306
297182;15;9;2016;19:27;0;AV CARAPINIMA;;;;;Colisão;;;;Meio de Quadra;;;0;2;0;1;0;0;0;0;0;0;0;0;;
297179;15;9;2016;19:03;1429;RUA AFONSO CELSO;RUA NUNES VALENTE;;;;Colisão;;;;Cruz;Pare;Residencial;0;2;0;1;0;0;0;0;0;1;0;0;-38,504234;-3,737785
297180;15;9;2016;19:19;0;RUA MARANGUAPE D50;;;1380;;Colisão;;;;Meio de Quadra;;;0;2;0;0;0;0;0;0;0;0;0;0;;
297167;15;9;2016;12:19;21267;RUA NOSSA SRA DAS GRACAS;RUA STA ROSA D20/21 (JACARECANGA);;;;Colisão;Luz do Dia;;;Cruz;Não Há Controle;Residencial;0;1;0;0;0;1;0;0;0;0;0;0;-38,552963;-3,710282
297168;15;9;2016;12:25;0;AV BEZERRA DE MENEZES;;;2207;;Colisão Traseira;Luz do Dia;Bom;Seca;Meio de Quadra;Não Há Controle;Comercial;0;0;3;1;0;0;0;0;0;0;0;0;-38,564467;-3,735671
297174;15;9;2016;14:59;20023;AV DR SILAS MUNGUBA;AV HEROIS DO ACRE;;;;Colisão Traseira;Luz do Dia;Nublado;Seca;T;Semáforo;Comercial;0;0;4;1;0;0;0;0;0;0;0;0;-38,52854;-3,803079
297175;15;9;2016;16:26;6573;AV H CJ CEARA;AV C CJ CEARA;;;;Colisão;Luz do Dia;;;T;Não Há Controle;Comercial;0;2;0;0;0;0;0;0;0;0;0;0;;
297176;15;9;2016;16:34;19759;RUA AZEVEDO BOLAO;RUA AMADEU FURTADO;;;;Colisão;Luz do Dia;;;Cruz;Pare;Residencial;0;2;0;1;0;0;0;0;0;1;0;0;-38,563588;-3,737863
297177;15;9;2016;17:25;0;RUA TULIPA NEGRA;;;1840;;Atropelamento;Anoitecer;;;Meio de Quadra;;;0;2;0;1;0;0;0;0;0;0;0;0;-38,596132;-3,820476
297170;15;9;2016;12:27;0;AV JOSE BASTOS;;;5300;;Choque c/ Obstáculo Fixo;Luz do Dia;;;Meio de Quadra;;;0;2;0;0;0;0;0;0;0;0;0;0;-38,563394;-3,758866
297171;15;9;2016;12:37;0;AV LINEU MACHADO;;;1284;;Colisão;Luz do Dia;;;Meio de Quadra;;;0;2;0;1;0;0;0;0;0;1;0;0;-38,579577;-3,771038
297172;15;9;2016;12:42;0;AV GAL OSORIO DE PAIVA;;;;;Colisão;Luz do Dia;;;Meio de Quadra;;;0;2;0;1;0;0;0;0;0;1;0;0;;
297203;15;9;2016;14:53;0;AV SGT HERMINIO SAMPAIO;;;33;;Colisão;Luz do Dia;;;Meio de Quadra;;;0;2;0;0;0;0;0;0;0;1;0;0;;
291430;15;9;2016;07:35;0;AV SGT HERMINIO SAMPAIO;;;873;;Engavetamento;Luz do Dia;Nublado;Molhada;Meio de Quadra;Gesto;Residencial;0;0;3;1;0;0;0;0;0;0;0;0;-38,548642;-3,724537
291432;15;9;2016;14:00;1654;AV SEN VIRGILIO TAVORA;RUA BENI DE CARVALHO;;;;Colisão Traseira;Luz do Dia;Bom;Seca;Cruz;Semáforo;Comercial;0;0;2;1;0;0;0;0;0;0;0;0;-38,495995;-3,745678
291435;15;9;2016;15:30;0;AV FRANCISCO SA;;;3787;;Colisão;Luz do Dia;Bom;Seca;Meio de Quadra;Não Há Controle;Residencial;0;0;2;1;0;0;0;0;0;0;0;0;-38,558734;-3,716941
291438;15;9;2016;10:30;0;AV PRS CASTELO BRANCO;;;4334;;Colisão Traseira;Luz do Dia;Bom;Seca;Meio de Quadra;Não Há Controle;Comercial;0;0;2;1;0;0;0;0;0;0;0;0;-38,57106;-3,707434
291440;15;9;2016;13:25;0;AV JOSE BASTOS;;;5289;;Atropelamento;Luz do Dia;Bom;Seca;Meio de Quadra;Não Há Controle;Comercial;0;1;1;0;1;0;0;0;0;0;0;0;-38,563278;-3,758685
291441;15;9;2016;08:40;24452;AV LUCIANO CARNEIRO;AV LAURO VIEIRA CHAVES;;;;Colisão Lateral;Amanhecer;Bom;Seca;T;Pare;Residencial;0;0;2;1;0;0;0;0;0;0;0;0;-38,538894;-3,772172
291444;15;9;2016;14:30;0;RUA NOSSA SRA DAS GRACAS;;;1175;;Colisão Lateral;Luz do Dia;Bom;Seca;Outros;Não Há Controle;Residencial;0;0;2;1;1;0;0;0;0;0;0;0;-38,560848;-3,707943
291446;15;9;2016;13:20;11160;RUA JOSE MENELEU D41;RUA SUECIA;;;;Choque c/ Obstáculo Fixo;Luz do Dia;Bom;Seca;Cruz;Outros;Comercial;0;1;1;0;0;0;0;0;1;0;0;0;-38,559334;-3,782586
291448;15;9;2016;11:40;0;AV VIS RIO BRANCO;;;1760;;Colisão Traseira;Luz do Dia;Bom;Seca;Outros;Semáforo Intermitente;Comercial;0;0;2;1;0;0;0;0;0;0;0;0;-38,524032;-3,736409
291460;15;9;2016;13:40;15126;AV HIS RAIMUNDO GIRAO;AV RUI BARBOSA;;;;Colisão Lateral;Luz do Dia;Bom;Seca;Cruz;Semáforo;Comercial;0;0;2;1;0;0;0;0;0;1;0;0;-38,505405;-3,723546
291462;15;9;2016;08:00;7836;RUA JOAQUIM NABUCO;RUA CEL ALVES TEIXEIRA;;;;Colisão Lateral;Luz do Dia;Bom;Seca;Cruz;Pare;Residencial;0;0;2;1;0;0;0;0;0;0;0;0;-38,505167;-3,747357
291451;15;9;2016;09:40;0;AV FRE CIRILO;;;4340;;Colisão Traseira;Luz do Dia;Bom;Seca;Meio de Quadra;Semáforo;Comercial;0;0;3;1;0;0;0;0;0;0;0;0;-38,495294;-3,822182
291456;15;9;2016;12:20;144;RUA TEN QUEIROZ;RUA RUI MONTE;;;;Colisão Transversal;Luz do Dia;Bom;Seca;Cruz;Pare;Residencial;0;0;2;1;0;0;0;0;0;0;0;0;-38,587018;-3,744643
291454;15;9;2016;12:30;0;RUA BAR RIO BRANCO;;;2005;;Colisão Lateral;Luz do Dia;Bom;Seca;Meio de Quadra;Outros;Outros;0;0;2;1;0;0;0;0;0;1;0;0;-38,53121;-3,7357
295814;15;9;2016;22:20;0;RD CE-065;;;;KM 04;Colisão;;Bom;Seca;Meio de Quadra;;;0;1;1;1;0;0;0;0;0;1;0;0;-38,617523;-3,820622
293872;15;9;2016;12:10;7884;AV ANTONIO SALES;RUA VICENTE LEITE;;;;Colisão Transversal;Luz do Dia;Bom;Seca;Cruz;Pare;Comercial;0;0;2;0;0;0;0;0;0;1;0;0;-38,498468;-3,746656
293873;15;9;2016;08:35;0;RUA BERNARDO MANUEL;;;8591;;Colisão;Luz do Dia;;;Meio de Quadra;;;0;1;1;1;0;0;0;0;0;1;0;0;-38,550173;-3,79464
293875;15;9;2016;09:50;5965;AV C CJ CEARA;AV F CJ CEARA;;;;Colisão Transversal;Luz do Dia;Bom;Seca;Rotatória;Dê Preferência;Residencial;0;0;3;0;0;0;0;1;1;0;0;0;;
293876;15;9;2016;14:20;12720;RUA JOAO SORONGO;RUA QUINTINO CUNHA;;;;Colisão Transversal;Luz do Dia;Bom;Seca;Cruz;Pare;Residencial;0;2;2;0;0;0;0;0;0;1;0;0;-38,544004;-3,750499
293878;15;9;2016;16:30;23278;AV GAL OSORIO DE PAIVA;RUA FRANCISCO MACHADO;;;;Choque c/ Obstáculo Fixo;Luz do Dia;;;;;;0;1;0;1;0;0;0;0;0;0;0;0;-38,605249;-3,808013
293879;15;9;2016;23:00;17360;RUA ELVIRA PINHO;RUA ZACARIAS GONDIM;;;;Capotamento;Via Iluminada;Bom;Seca;Cruz;Pare;Residencial;0;1;3;1;0;0;0;0;0;0;0;0;-38,557766;-3,766122