COD_ACIDENTE;DIA;MES;ANO;HORA;INTERSECAO;LOG1;LOG2;LOG3;NUMERO;REFERENCIA;NATUREZA;ILUMINACAO;TEMPO;SUPERFICIEPISTA;TIPOCRUZAMENTO;CONTROLETRAFEGO;USOSOLO;MORTOS;FERIDOS;ILESOS;AUTOMOVEL;ONIBUS;BICICLETA;CAMINHAO;MICROONIBUS;CICLOMOTOR;MOTOCICLETA;TRACAOANIMAL;TREM;LONG;LAT
301937;15;9;2016;07:19;0;RUA BERNARDO MANUEL;;;8951;;Colisão Traseira;Luz do Dia;Chuva;Molhada;Meio de Quadra;Não Há Controle;Comercial;0;3;2;1;0;0;0;0;0;1;0;0;-38,551175;-3,797903
301939;15;9;2016;09:19;9148;RUA DOM SEBASTIAO LEME;RUA GUILHERME MOREIRA;;0;;Colisão Transversal;Luz do Dia;Bom;Seca;Cruz;Pare;Residencial;0;0;2;1;0;0;0;0;0;0;0;0;-38,52559;-3,750073
301940;15;9;2016;09:29;9175;RUA BARTOLOMEU DE GUSMAO;AV AGUANAMBI;;0;;Colisão Lateral;Luz do Dia;Bom;Seca;Outros;Pare;Comercial;0;0;2;1;0;0;0;0;0;0;0;0;-38,523534;-3,757128
301941;15;9;2016;09:40;5140;AV DOM MANUEL;RUA TEN BENEVOLO;;0;;Colisão Lateral;Luz do Dia;Bom;Seca;Meio de Quadra;Não Há Controle;Comercial;0;0;1;1;0;0;0;0;0;1;0;0;-38,519888;-3,72454
301942;15;9;2016;10:43;15184;AV ABOLICAO;RUA TIBURCIO CAVALCANTE;;0;;Colisão Traseira;Luz do Dia;Bom;Seca;Cruz;Semáforo;Comercial;0;0;3;1;0;0;0;0;0;0;0;0;-38,499409;-3,726066
301943;15;9;2016;10:30;0;AV PRS CASTELO BRANCO;;;4334;;Colisão Traseira;Luz do Dia;Bom;Seca;Meio de Quadra;Não Há Controle;Comercial;0;0;2;1;0;0;0;0;0;0;0;0;-38,57106;-3,707434
301944;15;9;2016;15:40;614;RUA IRINEU DE SOUZA;AV DR THEBERGE;;0;;Colisão Lateral;Luz do Dia;Bom;Seca;Meio de Quadra;Não Há Controle;Residencial;0;0;2;1;0;0;0;0;0;0;0;0;-38,564134;-3,712143
301945;15;9;2016;17:00;25279;AV ROGACIANO LEITE;RUA DES WALDEMAR ALVES PEREIRA;;0;;Colisão Traseira;Via Iluminada;Bom;Seca;Cruz;Pare;Comercial;0;0;3;1;0;0;0;0;0;0;0;0;;
301946;15;9;2016;19:00;0;AV 13 DE MAIO;AV PRS COSTA E SILVA;;0;;Colisão Transversal;Via Iluminada;Bom;Seca;Y;Não Há Controle;Comercial;0;0;2;0;1;0;0;0;0;0;0;0;;
301947;15;9;2016;19:11;0;RUA PDE PEDRO DE ALENCAR;;;0;;Colisão Traseira;Via Iluminada;Bom;Seca;Outros;Não Há Controle;Comercial;0;0;1;0;0;0;0;1;0;1;0;0;;
301948;15;9;2016;18:20;22069;AV ENG HUMBERTO MONTE;RUA PAPI JUNIOR;;0;;Colisão Traseira;Não Informado;Bom;Seca;Cruz;Pare;Residencial;0;0;2;1;0;0;0;0;0;0;0;0;-38,557697;-3,752552
301949;15;9;2016;19:35;0;AV AGUANAMBI;;;0;;Colisão Lateral;Via Iluminada;Bom;Seca;Rotatória;Não Há Controle;Comercial;0;0;2;1;0;0;0;0;0;0;0;0;;
303260;15;9;2016;14:27;0;AV DEP PAULINO ROCHA;;;1091;;Colisão Transversal;Luz do Dia;Bom;Seca;Meio de Quadra;Não Há Controle;Comercial;0;0;2;0;0;0;0;0;0;0;0;0;;
301950;16;9;2016;10:36;3996;RUA PRO COSTA MENDES;RUA EDITE BRAGA;;0;;Colisão Lateral;Luz do Dia;Bom;Seca;Cruz;Pare;Comercial;0;1;1;1;0;0;0;0;0;1;0;0;-38,544275;-3,756932
301951;16;9;2016;15:10;1266;RUA BAR ARACATI;RUA PDE LUIS FIGUEIRA;;0;;Colisão Lateral;Luz do Dia;Bom;Seca;Meio de Quadra;Não Há Controle;Residencial;0;0;2;1;0;0;0;0;0;0;0;0;-38,512022;-3,733156
301952;16;9;2016;16:00;0;RUA BADY MIGUEL;RUA PDE PEDRO DE ALENCAR;;0;;Colisão Transversal;Luz do Dia;Bom;Seca;Cruz;Semáforo;Comercial;0;1;1;1;0;0;0;0;0;1;0;0;;
301953;16;9;2016;16:09;9072;AV PONTES VIEIRA;AV VIS RIO BRANCO;;0;;Engavetamento;Luz do Dia;Bom;Seca;Meio de Quadra;Semáforo;Comercial;0;0;3;1;0;0;0;0;0;0;0;0;-38,520486;-3,753544
301954;16;9;2016;18:00;1571;RUA CAROLINA SUCUPIRA;RUA VICENTE LEITE;;0;;Colisão Transversal;Via Iluminada;Bom;Seca;Cruz;Pare;Residencial;0;0;2;1;0;0;0;0;0;0;0;0;-38,49702;-3,742124
301955;16;9;2016;18:18;0;AV AGUANAMBI;;;0;ROTATÓRIA;Colisão Lateral;Via Iluminada;Bom;Seca;Rotatória;Semáforo;Comercial;0;0;2;1;0;0;0;0;0;0;0;0;;
301956;16;9;2016;20:28;0;AV GODOFREDO PIMENTEL;;;0;;Colisão Lateral;Via Iluminada;Bom;Seca;Meio de Quadra;Semáforo;Comercial;0;1;1;0;0;0;0;0;0;1;0;0;;
301957;16;9;2016;23:20;0;AV ROGACIANO LEITE;;;900;;Colisão Traseira;Via Iluminada;Bom;Seca;Meio de Quadra;Semáforo;Residencial;0;0;1;1;0;0;0;0;0;0;0;0;-38,495042;-3,764269
301969;16;9;2016;14:16;0;RUA EDUARDO PERDIGAO;RUA PEDRO II;;0;;Colisão Transversal;Luz do Dia;Bom;Seca;T;Pare;Comercial;0;1;1;0;1;0;0;0;0;0;0;0;;
301970;16;9;2016;15:04;0;RUA SILVINHA TELES D69;;;650;;Colisão Transversal;Luz do Dia;Bom;Seca;Meio de Quadra;Não Há Controle;Residencial;0;1;1;0;0;0;0;0;0;1;0;0;-38,527818;-3,847401
301986;16;9;2016;19:55;0;AV GAL OSORIO DE PAIVA;;;818;;Colisão Lateral;Via Iluminada;Bom;Seca;Meio de Quadra;Semáforo;Residencial;0;1;1;1;0;0;0;0;0;1;0;0;-38,569481;-3,777507
293880;16;9;2016;01:58;19656;AV BEZERRA DE MENEZES;RUA PRO JOSE DE BARCELOS;;;;Colisão Transversal;;;;T;Semáforo;Comercial;0;1;1;1;0;0;0;0;0;1;0;0;-38,551066;-3,732898
293881;16;9;2016;10:00;0;RUA HAROLDO TORRES;RUA FRE ODILON;;1248;;Colisão Transversal;Luz do Dia;Bom;Seca;Cruz;Não Há Controle;Residencial;0;0;4;1;0;0;0;0;0;1;0;0;-38,570812;-3,730214
293882;16;9;2016;10:20;5415;RUA GAL CLARINDO DE QUEIROZ;RUA FLORIANO PEIXOTO;;;;Colisão Transversal;Luz do Dia;Bom;Seca;Cruz;Pare;Comercial;0;1;3;1;0;0;0;0;0;1;0;0;-38,529027;-3,733049
295823;16;9;2016;18:05;0;RD CE-060;;;;;Colisão;Anoitecer;Bom;Seca;Meio de Quadra;;;0;0;2;1;0;0;0;1;0;0;0;0;;
295821;16;9;2016;21:10;0;AV SEN CARLOS JEREISSATI (AEROPORTO);;;;KM 03;Colisão;;Bom;Seca;Meio de Quadra;;;0;0;2;1;0;0;0;0;0;0;0;0;-38,544038;-3,779641
295819;16;9;2016;11:40;0;RD CE-040;;;;KM-01;Colisão;Luz do Dia;Bom;Seca;Meio de Quadra;;;0;0;2;1;0;0;0;0;0;0;0;0;-38,48666;-3,758119
291474;16;9;2016;12:00;1159;RUA MANUEL TEIXEIRA;RUA OLIMPIO LEITE;;;;Colisão Traseira;Luz do Dia;Bom;Seca;Cruz;Gesto;Residencial;0;0;2;1;0;0;0;0;0;0;0;0;-38,479329;-3,816829
291472;16;9;2016;08:00;24257;RUA TAVARES COUTINHO;RUA MANUEL JESUINO;;;;Outros;Luz do Dia;Bom;Seca;Cruz;Semáforo;Residencial;0;0;2;1;0;0;0;0;0;0;0;0;-38,484965;-3,7325
291478;16;9;2016;14:00;0;AV IMPERADOR;;;;;Colisão Transversal;Luz do Dia;Bom;Seca;Meio de Quadra;Não Há Controle;Comercial;0;0;2;0;0;0;0;0;0;0;0;0;;
291458;16;9;2016;11:30;0;AV ENG ALBERTO SA;;;65;;Colisão Lateral;Luz do Dia;Bom;Seca;Meio de Quadra;Semáforo;Residencial;0;0;2;1;0;0;1;0;0;0;0;0;-38,482593;-3,732641
291453;16;9;2016;15:30;0;AV JOSE BASTOS;;;3830;;Colisão Traseira;Luz do Dia;Bom;Seca;Meio de Quadra;Não Há Controle;Misto;0;0;3;1;0;0;0;0;0;0;0;0;-38,552363;-3,751911
291463;16;9;2016;14:40;22353;AV BEZERRA DE MENEZES;RUA AMADEU FURTADO;;;;Colisão Lateral;Luz do Dia;Bom;Seca;Cruz;Semáforo;Comercial;0;0;2;0;0;0;0;1;0;0;0;0;-38,564079;-3,735591
291461;16;9;2016;07:40;26025;RUA CON DE CASTRO;RUA JOAO AMORA;;;;;Luz do Dia;Bom;Seca;Cruz;Semáforo;Comercial;0;1;1;0;0;0;1;0;0;1;0;0;-38,586909;-3,799546
291449;16;9;2016;17:40;24385;RUA PRO VICENTE SILVEIRA;RUA TEODORICO BARROSO;;;;Colisão Lateral;Luz do Dia;Bom;Seca;Cruz;Pare;Residencial;0;0;2;1;0;0;0;0;0;0;0;0;-38,538951;-3,767495
291450;16;9;2016;09:00;19174;RUA PRO OTAVIO LOBO;RUA PEREIRA DE MIRANDA;;;;Colisão Traseira;Luz do Dia;Bom;Seca;Cruz;Pare;Residencial;0;1;1;1;0;0;0;0;0;0;0;0;-38,476904;-3,741389
291447;16;9;2016;15:30;0;RUA VINTE E QUATRO DE MAIO;;;1465;;Colisão Traseira;Luz do Dia;Bom;Seca;Outros;;Comercial;0;0;2;1;0;0;0;0;0;0;0;0;-38,534349;-3,7342
297204;16;9;2016;15:45;0;AV FRE CIRILO;;;61;;Colisão;Luz do Dia;;;Meio de Quadra;;;0;2;0;1;0;0;0;0;0;1;0;0;;
297205;16;9;2016;15:48;25091;AV JOAO PESSOA;RUA TELES DE SOUZA;;;;Colisão Traseira;Luz do Dia;Bom;Seca;T;Semáforo;Não Informado;0;1;1;1;0;0;0;0;0;1;0;0;-38,556423;-3,760203
297206;16;9;2016;15:53;0;RUA PEDRO LAZAR;AV ENG AGRONOMO JOSE GUIMARAES DUQUE;;1277;;Colisão Transversal;Luz do Dia;Bom;Seca;Cruz;Pare;Não Informado;0;1;0;0;0;0;0;0;1;1;0;0;;
297207;16;9;2016;16:13;0;AV SGT HERMINIO SAMPAIO;;;4541;;Colisão;Luz do Dia;;;Meio de Quadra;;;0;2;0;0;0;0;0;0;0;1;0;0;-38,580309;-3,731941
297208;16;9;2016;16:15;0;RUA MIN JOAQUIM BASTOS D14;RUA DEP OSWALDO STUDART;;;;Colisão Lateral;Luz do Dia;Bom;Seca;Meio de Quadra;Pare;Residencial;0;0;2;1;1;0;0;0;0;0;0;0;;
297209;16;9;2016;16:29;0;AV PRS CASTELO BRANCO;;;;;Colisão;Luz do Dia;;;Meio de Quadra;;;0;2;0;0;0;0;0;0;0;0;0;0;;
297210;16;9;2016;17:15;0;AV JOR THOMAZ COELHO;;;563;;Colisão;Anoitecer;;;Meio de Quadra;;;0;2;0;1;0;0;0;0;0;1;0;0;-38,499638;-3,8324
297212;16;9;2016;17:23;0;RUA FREDERICO SEVERO;;;250;;Queda;Anoitecer;;;Meio de Quadra;;;0;1;0;0;0;0;0;0;0;1;0;0;;
297213;16;9;2016;17:27;0;AV CEL CARVALHO;;;2120;;Colisão;Anoitecer;;;Meio de Quadra;;;0;2;0;1;0;0;0;0;0;1;0;0;-38,587063;-3,720761
297214;16;9;2016;17:54;0;RUA WALDEMAR ALCANTARA;;;;;Colisão;Anoitecer;;;Meio de Quadra;;;0;2;0;1;0;0;0;0;0;1;0;0;;
297218;16;9;2016;18:10;0;AV GOV RAUL BARBOSA;;;7477;;Colisão;Anoitecer;;;Meio de Quadra;;;0;2;0;1;0;0;0;0;0;1;0;0;-38,513274;-3,776718
297219;16;9;2016;18:21;1447;RUA TORRES CAMARA;AV DES MOREIRA;;;;Colisão;Anoitecer;;;;;;0;2;0;1;0;0;0;0;0;1;0;0;-38,49898;-3,738207
297220;16;9;2016;18:31;0;RUA DES PRAXEDES;;;258;;Atropelamento;;;;Meio de Quadra;;;0;2;0;1;0;0;0;0;0;0;0;0;-38,551773;-3,758111
297221;16;9;2016;18:39;0;RUA VALPARAISO;;;;;Colisão;;;;Meio de Quadra;;;0;2;0;1;0;0;0;0;0;1;0;0;;
297216;16;9;2016;18:03;19935;RUA JORGE ACURCIO;RUA FRANCISCO LORDA;;;;Colisão;Anoitecer;;;Cruz;Pare;Residencial;0;2;0;1;0;0;0;0;0;1;0;0;-38,530533;-3,762325
297202;16;9;2016;13:01;0;AV PRS CASTELO BRANCO;;;357;;Atropelamento;Luz do Dia;;;Meio de Quadra;;;0;2;0;0;0;0;0;0;0;1;0;0;;
297231;16;9;2016;19:44;0;RUA SGT NERI;;;931;;Atropelamento;;;;Meio de Quadra;;;0;2;0;0;0;0;0;0;0;1;0;0;;
297232;16;9;2016;19:44;0;RUA STA INES D20;;;;;Queda;;;;Meio de Quadra;;;0;2;0;0;0;0;0;0;0;1;0;0;;
297233;16;9;2016;21:05;0;AV JOSE BASTOS;;;3203;;Queda;;;;Meio de Quadra;;;0;1;0;0;0;1;0;0;0;0;0;0;;
297234;16;9;2016;21:20;0;AV CEL CARVALHO;;;3098;;Queda;;;;Meio de Quadra;;;0;1;0;0;0;0;0;0;0;1;0;0;-38,584629;-3,731161
297223;16;9;2016;18:44;0;RUA MON VICENTE MARTINS;;;678;;Colisão;;;;Meio de Quadra;;;0;2;0;1;0;0;0;0;0;1;0;0;;
297224;16;9;2016;19:03;0;AV DR SILAS MUNGUBA;;;2672;;Colisão;;;;Meio de Quadra;;;0;2;0;1;0;0;0;0;0;1;0;0;-38,549801;-3,786583
297225;16;9;2016;19:04;0;RUA VALPARAISO;;;;;Colisão;;;;Meio de Quadra;;;0;2;0;1;0;0;0;0;0;1;0;0;;
297226;16;9;2016;19:06;0;RUA ARARIPE MACEDO;;;676;;Colisão;;;;Meio de Quadra;;;0;2;0;0;0;0;0;0;0;0;0;0;-38,579875;-3,771126
297236;16;9;2016;21:56;0;RUA ALVES BEZERRA;;;394;;Colisão;;;;Meio de Quadra;;;0;2;0;0;0;0;0;0;0;0;0;0;-38,609261;-3,807323
297237;16;9;2016;22:35;19702;RUA AZEVEDO BOLAO;RUA COS VIEIRA DA SILVA;;;;Colisão;;;;Cruz;Pare;Residencial;0;2;0;1;0;0;0;0;0;1;0;0;-38,55491;-3,736076
297238;16;9;2016;23:17;2219;RUA CHICO XAVIER;RUA SEN ROBERT KENNEDY;;;;Colisão;;;;Cruz;Não Há Controle;Residencial;0;2;0;0;0;0;0;0;0;1;0;0;-38,578081;-3,702091
297239;16;9;2016;23:43;0;RUA DIOGO CORREIA;;;195;;Queda;;;;Meio de Quadra;;;0;1;0;0;0;0;0;0;0;1;0;0;;
297240;16;9;2016;23:57;0;AV PERIMETRAL;;;486;;Queda;;;;Meio de Quadra;;;0;1;0;0;0;0;0;0;0;1;0;0;;
297191;16;9;2016;01:13;0;RUA ALVARO CORREIA;;;333;;Colisão;;;;Meio de Quadra;;;0;2;0;0;0;0;0;0;0;0;0;0;-38,484431;-3,728884
297194;16;9;2016;07:42;0;RUA CEL MATOS DOURADO;;;;;Colisão;Luz do Dia;;;Meio de Quadra;;;0;2;0;0;0;0;0;0;0;0;0;0;;
297195;16;9;2016;10:22;25544;RUA JUVENTUDE;AV 1 LOT ARVOREDO;;;;Atropelamento;Luz do Dia;;;;;;0;2;0;1;0;0;0;0;0;0;0;0;-38,571858;-3,828668
297196;16;9;2016;10:55;0;AV JOR THOMAZ COELHO;;;575;;Atropelamento;Luz do Dia;;;Meio de Quadra;;;0;2;0;1;0;0;0;0;0;0;0;0;-38,500136;-3,832385
297197;16;9;2016;12:11;0;RUA OLIMPIO LEITE;;;780;;Colisão;Luz do Dia;;;Meio de Quadra;;;0;2;0;1;0;0;0;0;0;1;0;0;;
297198;16;9;2016;12:19;0;AV WASHINGTON SOARES;;;7700;;Colisão;Luz do Dia;;;Meio de Quadra;;;0;2;0;1;0;0;0;0;0;1;0;0;-38,481264;-3,822366
297199;16;9;2016;12:59;0;RUA VIRGILIO NETO;;;648;;Colisão;Luz do Dia;;;Meio de Quadra;;;0;1;0;0;0;0;0;0;0;1;0;0;;
297228;16;9;2016;19:27;0;AV GODOFREDO MACIEL;;;918;;Colisão;;;;Meio de Quadra;;;0;2;0;0;0;0;0;0;0;1;0;0;-38,566259;-3,784682
297229;16;9;2016;19:34;0;AV GODOFREDO MACIEL;;;920;;Colisão;;;;Meio de Quadra;;;0;2;0;0;0;0;0;0;0;1;0;0;-38,566307;-3,784841
296540;17;9;2016;20:15;0;RD BR 116;;;12000;KM-12;Colisão Lateral;;;;Meio de Quadra;;;0;1;1;1;0;0;0;0;0;1;0;0;-38,496066;-3,85574
296512;17;9;2016;23:01;0;ET DO ITAPERI;;;1620;;Queda;;;;Meio de Quadra;;;0;1;0;0;0;0;0;0;0;1;0;0;;
296513;17;9;2016;23:47;0;RUA MOREIRA DE SOUSA;;;3470;;Colisão;;;;Meio de Quadra;;;0;2;1;1;0;0;0;0;0;1;0;0;;
296501;17;9;2016;21:59;0;AV A CJ CEARA;;;;;Colisão;;;;Meio de Quadra;;;0;1;1;1;0;0;0;0;0;1;0;0;;
296507;17;9;2016;22:43;0;AV WASHINGTON SOARES;;;9290;;Colisão;;;;Meio de Quadra;;;0;1;0;0;0;0;0;0;0;0;0;0;;
296505;17;9;2016;22:04;0;RUA JULIO MACIEL D35;;;;;Colisão;;;;;;;0;1;0;0;0;0;0;0;0;0;0;0;;
296499;17;9;2016;21:27;0;RUA BERNARDO MANUEL;;;10768;;Colisão;;;;Meio de Quadra;;;0;1;0;0;0;0;0;0;0;0;0;0;-38,555896;-3,813379
296488;17;9;2016;20:48;9576;RUA TEODORO DE CASTRO;RUA JOSE TORRES;;1002;;Colisão Transversal;Via Iluminada;Bom;Seca;Cruz;Pare;Residencial;0;1;3;1;0;0;0;0;0;0;0;0;-38,607054;-3,779192
296494;17;9;2016;21:17;0;RUA 37 CJ DOS BANCARIOS;;;1581;;Atropelamento;;;;Meio de Quadra;;;0;1;1;0;0;0;0;0;0;1;0;0;;
296470;17;9;2016;18:53;0;RUA BERNARDO MANUEL;;;10570;;Colisão;;;;Meio de Quadra;;;0;2;1;1;0;0;0;0;0;1;0;0;-38,555356;-3,811728
296443;17;9;2016;15:57;0;AV GODOFREDO MACIEL;;;4020;;Colisão;Luz do Dia;;;Meio de Quadra;;;0;1;1;1;0;0;0;0;0;1;0;0;-38,574153;-3,810009
296484;17;9;2016;20:08;9560;RUA BARRA VERMELHA;RUA LONDRINA;;;;Colisão;;;;;;;0;1;0;0;0;0;0;0;0;0;0;0;-38,612199;-3,778526
296480;17;9;2016;20:04;0;RUA AQUIRAZ;;;1324;;Colisão;;;;Meio de Quadra;;;0;1;1;1;0;0;0;0;0;1;0;0;;
296472;17;9;2016;18:46;0;RUA ADOLFO MARINHO (VILA VELHA);;;50;;Queda;;;;Meio de Quadra;;;0;1;0;0;0;1;0;0;0;0;0;0;;
296473;17;9;2016;18:50;0;RUA GONCALO SOUTO;;;320;;Colisão;;;;Meio de Quadra;;;0;1;0;0;0;0;0;0;0;0;0;0;-38,530506;-3,768093
296475;17;9;2016;19:18;0;RUA PEDRO CABRAL;;;24;;Atropelamento;;;;Meio de Quadra;;;0;1;1;0;0;0;0;0;0;1;0;0;-38,589828;-3,8195
296476;17;9;2016;20:00;1243;RUA PEREIRA FILGUEIRAS;RUA DR JOSE LOURENCO;;;;Colisão Transversal;Via Iluminada;Bom;Seca;Cruz;Pare;Comercial;0;2;3;1;0;0;0;0;0;1;0;0;-38,50647;-3,730449
296478;17;9;2016;20:00;0;AV ODILON GUIMARAES;;;;;Atropelamento;;;;Meio de Quadra;;;0;3;1;1;0;0;0;0;0;0;0;0;;
296399;17;9;2016;13:47;0;RUA DO MATADOURO;;;;;Atropelamento;Luz do Dia;;;;;;0;1;1;0;0;0;0;0;0;0;0;0;;
296396;17;9;2016;10:17;0;AV BEZERRA DE MENEZES;;;944;;Colisão;Luz do Dia;;;Meio de Quadra;;;0;1;1;1;0;0;0;0;0;1;0;0;-38,553318;-3,733367
296402;17;9;2016;13:57;0;RUA MARIA JULIA;;;1404;;Colisão;Luz do Dia;;;Meio de Quadra;;;0;1;0;0;0;0;0;0;0;0;0;0;;
296392;17;9;2016;09:59;0;RUA ANTONIO COSTA MENDES;;;251;;Queda;Luz do Dia;;;Meio de Quadra;;;0;1;0;0;0;0;0;0;0;1;0;0;;
296369;17;9;2016;08:45;26226;AV CARNEIRO DE MENDONCA;AV AMERICO BARREIRA;;;;Colisão Traseira;Luz do Dia;Bom;Seca;Cruz;Semáforo;Comercial;0;0;4;1;0;0;0;0;0;1;0;0;;
296430;17;9;2016;14:33;0;AV CASTELO DE CASTRO;;;1647;;Colisão;Luz do Dia;;;Meio de Quadra;;;0;1;0;0;0;0;0;0;0;0;0;0;;
296440;17;9;2016;15:26;9243;AV EDUARDO GIRAO;AV DOS EXPEDICIONARIOS;;4363;;Colisão Lateral;Luz do Dia;Bom;Seca;Cruz;Semáforo;Comercial;0;1;3;1;0;0;0;0;0;0;0;0;-38,536849;-3,750712
296441;17;9;2016;15:29;0;AV FRANCISCO SA;;;5130;;Colisão;Luz do Dia;;;Meio de Quadra;;;0;1;0;0;0;0;0;0;0;0;0;0;-38,570137;-3,713044
296438;17;9;2016;15:10;0;RUA EDUARDO PERDIGAO;;;122;;Colisão;Luz do Dia;;;Meio de Quadra;;;0;1;1;1;0;0;0;0;0;1;0;0;-38,564698;-3,775658
296435;17;9;2016;15:02;0;RUA DIOGO CORREIA;;;2268;;Colisão;Luz do Dia;;;Meio de Quadra;;;0;1;0;0;0;0;0;0;0;0;0;0;;
296452;17;9;2016;16:16;0;RD BR 116;;;;;Colisão;Luz do Dia;;;Meio de Quadra;;;0;1;1;1;0;0;0;0;0;1;0;0;;
296453;17;9;2016;16:24;0;RD BR 116;;;3000;KM-03;Queda;Luz do Dia;;;Meio de Quadra;;;0;1;0;0;0;0;0;0;0;1;0;0;-38,514372;-3,779838
296454;17;9;2016;16:58;13257;AV I CJ JOSE WALTER;AV F CJ JOSE WALTER;;;;Colisão;Luz do Dia;;;Cruz;Pare;Rural;0;1;1;1;0;0;0;0;0;1;0;0;-38,554243;-3,836727
296455;17;9;2016;17:40;0;RUA BERNARDO MANUEL;;;10768;;Colisão Traseira;Anoitecer;Bom;Seca;Outros;Não Há Controle;Comercial;0;0;5;1;0;0;0;0;0;1;0;0;-38,555896;-3,813379
296456;17;9;2016;18:03;0;AV ALBERTO CRAVEIRO;;;2500;;Atropelamento de Animal;Anoitecer;;;Meio de Quadra;;;0;1;0;0;0;0;0;0;0;1;0;0;-38,520758;-3,802234
296457;17;9;2016;18:19;0;RUA JOSE FACANHA;;;4160;;Colisão;Anoitecer;;;Meio de Quadra;;;0;1;1;1;0;0;0;0;0;1;0;0;;
296458;17;9;2016;18:24;21612;RUA DOM XISTO ALBANO;RUA JOAO RAMALHO;;;;Colisão;Anoitecer;;;Cruz;Pare;Residencial;0;2;0;0;0;0;0;0;0;0;0;0;-38,587726;-3,799374
296358;17;9;2016;02:46;0;AV GAL OSORIO DE PAIVA;;;760;;Colisão;;;;Meio de Quadra;;;0;1;1;1;0;0;0;0;0;1;0;0;-38,569;-3,777205
296359;17;9;2016;04:03;0;AV CESAR CALS;;;;;Colisão;;;;Meio de Quadra;;;0;2;1;0;0;0;1;0;0;1;0;0;;
296355;17;9;2016;00:06;0;AV MR HULL;;;;;Colisão;;;;Meio de Quadra;;;0;1;1;1;0;0;0;0;0;1;0;0;;
296356;17;9;2016;01:57;0;RUA ARISTIDES LOBO;;;1677;;Queda;;;;Meio de Quadra;;;0;1;0;0;0;0;0;0;0;1;0;0;;
296371;17;9;2016;08:58;0;RUA TIMBAUBA;;;;;Colisão;Luz do Dia;;;Meio de Quadra;;;0;1;0;0;0;0;0;0;0;0;0;0;;
296372;17;9;2016;09:29;0;RUA SAO PAULO;;;;;Colisão;Luz do Dia;;;Meio de Quadra;;;0;0;2;1;0;0;0;0;0;1;0;0;;
296373;17;9;2016;09:52;0;AV GAL OSORIO DE PAIVA;;;1327;;Colisão;Luz do Dia;;;Meio de Quadra;;;0;1;0;0;0;0;0;0;0;0;0;0;;
296374;17;9;2016;09:54;0;RUA JOAQUIM CORREIA;;;14;;Colisão;Luz do Dia;;;Meio de Quadra;;;0;2;1;1;0;0;0;0;0;1;0;0;;
296375;17;9;2016;09:58;0;AV SANTOS DUMONT;;;7478;;Colisão Lateral;Luz do Dia;Bom;Seca;T;Pare;Comercial;0;3;2;1;0;0;0;0;0;1;0;0;;
296361;17;9;2016;05:07;7693;RUA CEARA;RUA RIO GRANDE DO SUL;;;;Colisão;Amanhecer;;;Cruz;Pare;Residencial;0;1;1;1;0;0;0;0;0;1;0;0;-38,567187;-3,758036
296363;17;9;2016;08:31;0;RUA GETULIO VARGAS;;;880;;Colisão;Luz do Dia;;;Meio de Quadra;;;0;1;1;1;0;0;0;0;0;1;0;0;;
296366;17;9;2016;08:38;0;RUA MON HIPOLITO BRASIL;;;303;;Colisão;Luz do Dia;;;Meio de Quadra;;;0;1;1;1;0;0;0;0;0;1;0;0;-38,576841;-3,759973
291506;17;9;2016;;0;RUA DJALMA PETIT;;;149;;Colisão Lateral;;;;Meio de Quadra;;;0;0;2;1;0;0;0;0;0;0;0;0;-38,517011;-3,766478
291510;17;9;2016;15:00;11675;RUA DIOGO CORREIA;RUA PRO HERIBALDO COSTA;;;;Colisão Lateral;Luz do Dia;;;Cruz;Pare;Residencial;0;0;1;0;1;0;0;0;0;1;0;0;-38,590102;-3,770996
291512;17;9;2016;15:00;5718;RUA CON BRAVEZA;RUA JOAO LEONEL;;;;Colisão Lateral;Luz do Dia;;;;;;0;0;2;1;1;0;0;0;0;0;0;0;-38,496834;-3,800039
295864;17;9;2016;07:40;0;AV SEN CARLOS JEREISSATI (AEROPORTO);;;;KM 03;Choque c/ Obstáculo Fixo;Luz do Dia;Bom;Seca;Meio de Quadra;;;0;0;1;1;0;0;0;0;0;0;0;0;-38,544038;-3,779641
295865;17;9;2016;10:40;0;AV MIN JOSE AMERICO;;;;;Colisão;Luz do Dia;Bom;Seca;Meio de Quadra;;;0;0;2;1;0;0;0;0;0;0;0;0;;
295870;17;9;2016;16:25;0;RD CE-040;;;;KM-02;Colisão;Luz do Dia;Bom;Seca;Meio de Quadra;;;0;0;2;1;1;0;0;0;0;0;0;0;-38,482583;-3,76465
295875;17;9;2016;11:50;0;AV SEN CARLOS JEREISSATI (AEROPORTO);;;;;Engavetamento;Luz do Dia;Bom;Seca;Meio de Quadra;;;0;0;3;1;0;0;0;0;0;0;0;0;;
295876;17;9;2016;22:50;0;RD CE-040;;;;KM-07;Colisão;;Bom;Seca;Meio de Quadra;;;0;0;2;0;0;0;0;0;0;0;0;0;-38,478733;-3,809597
293883;17;9;2016;11:40;9243;AV DOS EXPEDICIONARIOS;AV EDUARDO GIRAO;;;;Colisão;Luz do Dia;;;Cruz;Semáforo Intermitente;Misto;0;1;1;1;0;0;0;0;0;0;0;0;-38,536849;-3,750712
293884;17;9;2016;12:50;0;AV SANTOS DUMONT;;;;;Colisão;Luz do Dia;;;Meio de Quadra;;;0;1;1;0;0;0;1;0;0;1;0;0;;
291612;17;9;2016;07:40;25254;RUA CRISANTO M DA ROCHA;RUA JOAQUIM DE FIGUEIREDO FILHO;;;;Colisão Transversal;Luz do Dia;;;Cruz;Pare;Residencial;0;1;1;1;0;0;0;0;0;0;0;0;;