COD_ACIDENTE;DIA;MES;ANO;HORA;INTERSECAO;LOG1;LOG2;LOG3;NUMERO;REFERENCIA;NATUREZA;ILUMINACAO;TEMPO;SUPERFICIEPISTA;TIPOCRUZAMENTO;CONTROLETRAFEGO;USOSOLO;MORTOS;FERIDOS;ILESOS;AUTOMOVEL;ONIBUS;BICICLETA;CAMINHAO;MICROONIBUS;CICLOMOTOR;MOTOCICLETA;TRACAOANIMAL;TREM;LONG;LAT
291600;17;9;2016;08:40;4531;AV DEP PAULINO ROCHA;RUA ENF JOAQUIM PINTO;;;;Colisão Transversal;Luz do Dia;;;T;Pare;Residencial;0;2;1;1;0;0;0;0;0;1;0;0;-38,507774;-3,803203
291620;17;9;2016;14:30;5662;AV JOSE LEON;RUA VICENTE LOPES;;;;Colisão Transversal;Luz do Dia;;;Cruz;Pare;Comercial;0;0;2;1;0;0;0;0;0;1;0;0;-38,494897;-3,789544
291625;17;9;2016;07:30;7836;RUA JOAQUIM NABUCO;RUA CEL ALVES TEIXEIRA;;;;Colisão Transversal;Luz do Dia;;;Cruz;Não Há Controle;Residencial;0;0;2;1;0;0;0;0;0;0;0;0;-38,505167;-3,747357
291634;17;9;2016;08:30;24990;AV PRS COSTA E SILVA;AV PRS JUSCELINO KUBITSCHEK (PASSARÉ);;;;Colisão Traseira;Luz do Dia;;;T;Semáforo;Outros;0;0;2;1;0;0;0;0;0;1;0;0;-38,539516;-3,825648
291577;17;9;2016;15:00;26083;AV BEZERRA DE MENEZES;AV JOSE JATAHY;;;;Colisão Lateral;Luz do Dia;;;T;Pare;Comercial;0;1;1;0;0;0;0;0;0;1;0;0;;
291566;17;9;2016;14:23;0;RUA VICENTE LINHARES;;;380;;Colisão Frontal;Luz do Dia;;;Meio de Quadra;;;0;0;2;1;0;0;0;0;0;0;0;0;-38,501024;-3,741896
291582;17;9;2016;08:45;0;AV JOVITA FEITOSA;;;2971;;Colisão Traseira;Luz do Dia;;;Meio de Quadra;;;0;0;2;1;1;0;0;0;0;0;0;0;-38,564217;-3,741441
291592;17;9;2016;15:00;0;AV DR THEBERGE;;;2560;;Colisão Lateral;Luz do Dia;;;Meio de Quadra;;;0;0;2;1;0;0;0;0;0;1;0;0;-38,56823;-3,724668
291636;17;9;2016;13:00;11169;RUA SUECIA;RUA MANUEL TEOFILO;;;;Colisão Transversal;Luz do Dia;;;Cruz;Não Há Controle;Residencial;0;0;2;1;0;0;0;0;0;0;0;0;-38,560105;-3,781945
291640;17;9;2016;18:00;9140;AV FELINO BARROSO;RUA CEL PERGENTINO FERREIRA;;;;Colisão;Anoitecer;;;;;;0;0;2;1;0;0;0;0;0;0;0;0;-38,527957;-3,749106
291556;17;9;2016;07:30;0;RUA RIO GRANDE DO SUL;;;1357;;Colisão Frontal;Luz do Dia;;;Meio de Quadra;;;0;0;2;0;0;0;0;0;0;1;0;0;-38,568577;-3,760188
301963;17;9;2016;11:11;0;RUA PDE CHEVALIER;;;885;;Colisão Lateral;Luz do Dia;Bom;Seca;Meio de Quadra;Pare;Residencial;0;0;1;1;0;0;0;0;0;1;0;0;;
301964;17;9;2016;14:35;0;AV ENG LUIS VIEIRA;;;911;;Choque c/ Obstáculo Fixo;Luz do Dia;Bom;Seca;Meio de Quadra;Não Há Controle;Comercial;0;0;1;1;0;0;0;0;0;0;0;0;;
301965;17;9;2016;14:30;25165;RUA HENRIQUE DE CASTRO;AV ROGACIANO LEITE;;0;;Colisão Lateral;Luz do Dia;Bom;Seca;Meio de Quadra;Não Há Controle;Residencial;0;0;2;1;0;0;0;0;0;0;0;0;-38,500639;-3,776997
301966;17;9;2016;17:10;0;AV 13 DE MAIO;;;0;;Colisão Traseira;Luz do Dia;Bom;Seca;Meio de Quadra;Não Há Controle;Comercial;0;0;2;0;0;0;0;0;0;1;0;0;;
301967;17;9;2016;19:05;1578;RUA OSVALDO CRUZ (ALDEOTA);RUA GAL TERTULIANO POTYGUARA;;0;;Colisão Transversal;Via Iluminada;Bom;Seca;Cruz;Pare;Residencial;0;0;2;1;0;0;0;0;0;0;0;0;-38,502538;-3,74248
301968;17;9;2016;18:34;0;RUA 105 CJ ESPERANCA;;;191;;Colisão Lateral;Via Iluminada;Bom;Molhada;Meio de Quadra;Não Há Controle;Residencial;0;0;1;1;0;0;0;0;0;0;0;0;-38,590651;-3,813804
301979;17;9;2016;13:35;0;AV BEZERRA DE MENEZES;;;2085;;Colisão Traseira;Luz do Dia;Bom;Seca;Meio de Quadra;Não Há Controle;Comercial;0;0;2;1;0;0;0;0;0;0;0;0;-38,563071;-3,735372
301958;17;9;2016;04:00;0;AV JOSE SABOIA;;;908;;Choque c/ Obstáculo Fixo;Via Iluminada;Bom;Seca;Meio de Quadra;Não Há Controle;Comercial;0;0;2;0;0;0;0;0;0;1;0;0;;
301959;17;9;2016;08:18;19611;AV GODOFREDO MACIEL;RUA NEREU RAMOS;;0;;Colisão Traseira;Luz do Dia;Bom;Molhada;T;Semáforo;Comercial;0;0;2;1;0;0;0;0;0;0;0;0;-38,566802;-3,78725
301960;17;9;2016;09:29;0;AV BEZERRA DE MENEZES;;;926;;Choque c/ Obstáculo Fixo;Luz do Dia;Bom;Seca;Meio de Quadra;Não Há Controle;Comercial;0;0;3;1;0;0;0;0;0;1;0;0;-38,553157;-3,733335
298374;17;9;2016;00:06;0;AV MR HULL;;;;;Colisão;;;;Meio de Quadra;;;0;1;1;1;0;0;0;0;0;1;0;0;;
301980;18;9;2016;21:01;0;AV ABOLICAO;;;0;;Choque c/ Obstáculo Fixo;Mal Iluminada;Bom;Seca;Meio de Quadra;Não Há Controle;Residencial;0;0;2;1;0;0;0;0;0;0;0;0;;
301972;18;9;2016;18:50;19957;AV LUCIANO CARNEIRO;RUA STA QUITERIA;;0;;Colisão Lateral;Via Iluminada;Bom;Seca;T;Semáforo;Comercial;0;0;2;1;0;0;0;0;0;0;0;0;-38,535339;-3,760537
301973;18;9;2016;19:45;0;AV JOAO DE ARAUJO LIMA;;;1771;;Colisão Lateral;Via Iluminada;Bom;Seca;T;Semáforo;Comercial;0;1;1;1;0;0;0;0;0;1;0;0;-38,561606;-3,83757
293886;18;9;2016;14:10;0;RUA EDUARDO PERDIGAO;;;;;Colisão;Luz do Dia;;;Meio de Quadra;;;0;0;2;0;1;0;0;0;0;0;0;0;;
293887;18;9;2016;19:36;4193;AV FRANCISCO SA;RUA DOM HELIO CAMPOS D21;;3455;;Colisão Transversal;Luz do Dia;Bom;Seca;Cruz;Pare;Comercial;0;0;4;1;0;0;0;0;0;1;0;0;-38,556428;-3,717711
293888;18;9;2016;23:40;25345;RUA PORTO VELHO;RUA VITORIA (AV. PERIMETRAL);;;;Colisão Transversal;Via Iluminada;Bom;Seca;Cruz;Semáforo;Comercial;0;2;1;0;0;0;0;0;0;1;0;0;-38,588528;-3,76517
295880;18;9;2016;07:09;0;RD CE-025;;;;KM-06;Choque c/ Obstáculo Fixo;Luz do Dia;Bom;Seca;Meio de Quadra;;;0;0;1;1;0;0;0;0;0;0;0;0;-38,427081;-3,810983
295878;18;9;2016;06:00;0;AV MIN JOSE AMERICO;;;;;Colisão;Luz do Dia;Bom;Seca;Meio de Quadra;;;0;0;2;0;0;0;0;0;1;0;0;0;;
295882;18;9;2016;18:40;0;RD CE-040;;;;KM-03;Colisão;;Bom;Seca;Meio de Quadra;;;0;0;2;1;0;0;0;0;0;0;0;0;-38,481799;-3,773616
291480;18;9;2016;01:30;0;AV DES MOREIRA;;;2807;;Choque c/ Obstáculo Fixo;Via Iluminada;Bom;Seca;Meio de Quadra;Não Há Controle;Comercial;0;0;1;1;0;0;0;0;0;0;0;0;;
291482;18;9;2016;02:20;0;RUA MIN ALBUQUERQUE LIMA;;;948;;Colisão Transversal;Via Iluminada;Nublado;Seca;Meio de Quadra;Não Há Controle;Residencial;0;0;2;1;0;0;0;0;0;0;0;0;-38,604249;-3,770755
291483;18;9;2016;09:50;15225;RUA ILDEFONSO ALBANO;RUA TEN BENEVOLO;;;;Colisão Transversal;Luz do Dia;Bom;Seca;Cruz;Semáforo;Residencial;0;1;1;0;0;0;0;0;0;1;0;0;-38,511332;-3,727294
291473;18;9;2016;09:50;26073;AV JOSE JATAHY;AV FRANCISCO SA;;;;Colisão Transversal;Luz do Dia;Bom;Seca;Cruz;Semáforo;Comercial;0;1;1;0;1;0;0;0;0;1;0;0;;
291470;18;9;2016;02:30;0;RUA CEL MATOS DOURADO;;;;;Choque c/ Obstáculo Fixo;Via Iluminada;Bom;Seca;Y;Semáforo Intermitente;Residencial;0;1;0;1;0;0;0;0;0;0;0;0;;
291476;18;9;2016;09:00;0;RUA COM GARCIA;;;978;;Atropelamento;Luz do Dia;Bom;Seca;;;;1;1;0;0;0;0;0;0;0;1;0;0;-38,582834;-3,792743
291477;18;9;2016;00:10;5120;AV MON TABOSA;RUA JOAO CORDEIRO;;;;Colisão Transversal;Via Iluminada;Bom;Seca;Cruz;Não Há Controle;Comercial;0;1;1;1;0;0;0;0;0;1;0;0;-38,512635;-3,724009
291465;18;9;2016;03:05;12834;RUA BAR RIO BRANCO;RUA ANTONIO POMPEU;;;;Colisão Lateral;Via Iluminada;Bom;Seca;Cruz;Semáforo;Comercial;0;1;1;1;0;0;0;0;0;0;0;0;-38,530891;-3,734707
291466;18;9;2016;10:20;17297;AV PRO GOMES DE MATOS;RUA EDUARDO ANGELIM;;;;Colisão Lateral;Luz do Dia;Bom;Seca;Cruz;Não Há Controle;Comercial;0;0;2;1;0;0;0;0;0;1;0;0;-38,547809;-3,763719
291468;18;9;2016;14:30;0;AV BORGES DE MELO;;;1120;;Atropelamento;Luz do Dia;Bom;Seca;Meio de Quadra;Não Há Controle;Comercial;1;0;1;0;1;0;0;0;0;0;0;0;-38,529645;-3,760226
296526;18;9;2016;00:56;0;RUA CEL MATOS DOURADO;;;;;Colisão;;;;;;;0;1;0;0;0;0;0;0;0;0;0;0;;
296518;18;9;2016;00:27;10963;RUA ANTONIO FIUZA;RUA 15 DE NOVEMBRO;;;;Colisão;;;;Cruz;Semáforo;Misto;0;1;0;0;0;0;0;0;0;0;0;0;-38,552228;-3,770252
296519;18;9;2016;00:45;0;AV ALBERTO CRAVEIRO;;;;;Queda;;;;Meio de Quadra;;;0;1;0;0;0;0;0;0;0;1;0;0;;
296555;18;9;2016;21:45;0;RD BR 116;;;2000;KM-02;Colisão Traseira;;;;Meio de Quadra;;;0;1;2;1;0;0;0;0;0;0;0;0;-38,51678;-3,771391
296588;18;9;2016;09:21;0;RUA JARDIM PAROARAS;;;1103;;Colisão;Luz do Dia;;;Meio de Quadra;;;0;1;1;1;0;0;0;0;0;1;0;0;;
296589;18;9;2016;09:44;0;RUA JOSE MENDONCA;;;1044;;Atropelamento;Luz do Dia;;;Meio de Quadra;;;0;1;1;0;0;0;0;0;0;1;0;0;-38,601711;-3,754573
296593;18;9;2016;11:26;0;RUA SILVINHA TELES D69;;;620;;Colisão;Luz do Dia;;;Meio de Quadra;;;0;1;1;0;0;0;0;0;0;1;0;0;-38,527617;-3,847569
296594;18;9;2016;11:39;0;AV GAL OSORIO DE PAIVA;;;;;Queda;Luz do Dia;;;Meio de Quadra;;;0;1;0;0;0;1;0;0;0;0;0;0;;
296595;18;9;2016;13:13;0;AV DA INDEPENDENCIA;;;1200;;Colisão;Luz do Dia;;;Meio de Quadra;;;0;1;1;1;0;0;0;0;0;1;0;0;;
296605;18;9;2016;13:53;0;RUA VINTE E QUATRO DE MAIO;;;;;Atropelamento;Luz do Dia;;;Meio de Quadra;;;0;1;1;1;0;0;0;0;0;0;0;0;;
296606;18;9;2016;13:56;0;AV WASHINGTON SOARES;;;2344;;Queda;Luz do Dia;;;Meio de Quadra;;;0;1;0;0;0;0;0;0;0;1;0;0;-38,481466;-3,777924
296607;18;9;2016;13:56;0;AV MR HULL;;;2300;;Colisão;Luz do Dia;;;Meio de Quadra;;;0;1;1;1;0;0;0;0;0;1;0;0;;
296608;18;9;2016;14:35;12871;RUA BAR ARATANHA;RUA JOAQUIM MAGALHAES;;;;Choque c/ Obstáculo Fixo;Luz do Dia;Bom;Seca;Cruz;Pare;Residencial;0;1;2;1;0;0;0;0;0;0;0;0;-38,528666;-3,739716
296609;18;9;2016;15:26;9761;RUA DR FERNANDO AUGUSTO;RUA TRES CORACOES;;;;Colisão;Luz do Dia;;;;;;0;2;0;0;0;0;0;0;0;1;0;0;-38,610954;-3,790484
296603;18;9;2016;13:53;71;RUA CEL JOAQUIM FRANKLIN;RUA PRO JOAQUIM NOGUEIRA D29;;;;Colisão;Luz do Dia;;;Cruz;Pare;Residencial;0;1;1;1;0;0;0;0;0;1;0;0;-38,590031;-3,742762
296586;18;9;2016;09:19;0;RUA PARAGUACU D45;;;1574;;Queda;Luz do Dia;;;Meio de Quadra;;;0;1;0;0;0;1;0;0;0;0;0;0;-38,54007;-3,788464
296584;18;9;2016;07:56;0;AV FRANCISCO SA;;;1266;;Colisão;Luz do Dia;;;Meio de Quadra;;;0;1;0;0;0;0;0;0;0;0;0;0;;
296581;18;9;2016;05:53;4672;AV MIN JOSE AMERICO;RUA PEDRO LAZAR;;;;Colisão;Amanhecer;;;;Não Há Controle;Comercial;0;1;1;1;0;0;0;0;0;1;0;0;-38,48929;-3,808267
296582;18;9;2016;06:53;0;RUA RAIMUNDO CABRAL;;;156;;Colisão;Luz do Dia;;;Meio de Quadra;;;0;1;1;1;0;0;0;0;0;1;0;0;-38,592594;-3,775184
296576;18;9;2016;02:53;0;AV DR THEBERGE;;;;;Colisão;;;;Meio de Quadra;;;0;1;0;0;0;0;0;0;0;0;0;0;;
296577;18;9;2016;04:23;4080;RUA CEARA;AV JOSE BASTOS;;;;Atropelamento;;;;Cruz;Semáforo;Comercial;0;1;1;0;0;0;0;0;0;1;0;0;-38,564112;-3,760008
296578;18;9;2016;04:25;0;AV ALBERTO CRAVEIRO;;;;;Colisão;;;;Meio de Quadra;;;0;1;0;0;0;0;0;0;0;0;0;0;;
296579;18;9;2016;04:53;0;RUA JOAQUIM NABUCO;;;34;;Atropelamento;;;;Meio de Quadra;;;0;1;1;1;0;0;0;0;0;0;0;0;-38,498198;-3,725633
296649;18;9;2016;23:52;0;RUA OSVALDO CRUZ;;;;;Colisão;;;;;;;0;1;1;1;0;0;0;0;0;1;0;0;-38,529844;-3,835484
296638;18;9;2016;19:15;2486;AV FRANCISCO SA;RUA SEN ROBERT KENNEDY;;;;Colisão;;;;Cruz;Pare;Residencial;0;1;0;0;0;0;0;0;0;0;0;0;-38,581426;-3,70914
296639;18;9;2016;20:18;0;AV FILOMENO GOMES;;;100;;Colisão;;;;Meio de Quadra;;;0;1;0;0;0;0;0;0;0;0;0;0;-38,541483;-3,72383
296640;18;9;2016;21:28;0;RUA BOM JESUS (BARRA DO CEARA);;;385;;Queda;;;;Meio de Quadra;;;0;1;0;0;0;0;0;0;0;1;0;0;;
296641;18;9;2016;21:46;0;RD BR 116;;;40;;Capotamento;;;;Meio de Quadra;;;0;1;0;1;0;0;0;0;0;0;0;0;;
296628;18;9;2016;16:43;0;RUA COS TRISTAO;;;885;;Colisão;Luz do Dia;;;Meio de Quadra;;;0;1;1;1;0;0;0;0;0;1;0;0;;
296629;18;9;2016;16:45;25643;RUA CON DE CASTRO;RUA TULIPA NEGRA;;;;Colisão;Luz do Dia;;;T;Pare;Rural;0;1;0;0;0;0;0;0;0;0;0;0;-38,600788;-3,81731
296630;18;9;2016;17:02;4193;AV FRANCISCO SA;RUA DOM HELIO CAMPOS D21;;;;Colisão;Anoitecer;;;T;Pare;Comercial;0;1;1;1;0;0;0;0;0;1;0;0;-38,556428;-3,717711
296636;18;9;2016;19:03;0;AV GAL OSORIO DE PAIVA;;;4233;;Colisão Lateral;Via Iluminada;Bom;Seca;T;Pare;Comercial;0;0;3;0;0;0;0;0;0;1;0;0;-38,593377;-3,795754
296619;18;9;2016;15:49;0;AV CONTORNO NORTE D71;;;1748;;Colisão;Luz do Dia;;;Meio de Quadra;;;0;1;1;0;0;0;0;0;0;1;0;0;;
296624;18;9;2016;16:17;3177;RUA ANSELMO NOGUEIRA;RUA CARLOS CHAGAS;;;;Colisão Transversal;Luz do Dia;Bom;Seca;Cruz;Pare;Residencial;0;0;3;1;0;0;0;0;0;0;0;0;-38,586797;-3,779698
296625;18;9;2016;16:02;0;RUA EMILIA GONCALVES;;;600;;Colisão Lateral;Via Iluminada;Bom;Seca;Meio de Quadra;Pare;Residencial;0;2;2;1;0;0;0;0;0;1;0;0;-38,594741;-3,728542
296626;18;9;2016;16:26;0;RUA SOUSA PINTO;;;;;Atropelamento;Luz do Dia;;;Meio de Quadra;;;0;1;1;0;0;0;0;0;0;0;0;0;;
296677;19;9;2016;01:34;0;RUA UMUARAMA (GRANJA PORTUGAL);;;248;;Queda;;;;Meio de Quadra;;;0;1;0;0;0;0;0;0;0;1;0;0;;
296681;19;9;2016;06:16;0;RUA JULIO GASPAR;;;766;;Colisão;Luz do Dia;;;Meio de Quadra;;;0;1;1;1;0;0;0;0;0;1;0;0;;
296742;19;9;2016;17:02;0;RUA ARMANDO DALL OLIO;;;144;;Colisão;Anoitecer;;;Meio de Quadra;;;0;1;1;1;0;0;0;0;0;1;0;0;;
296743;19;9;2016;17:38;0;RUA CON DE CASTRO;;;6128;;Colisão Traseira;Anoitecer;Bom;Não informada;Meio de Quadra;Semáforo;Comercial;0;0;4;0;0;0;0;0;0;1;0;0;-38,599405;-3,815432
296757;19;9;2016;17:39;0;AV DR SILAS MUNGUBA;;;4392;;Colisão Traseira;Via Iluminada;Bom;Seca;Meio de Quadra;Não Há Controle;Comercial;0;0;3;1;0;0;0;0;0;1;0;0;-38,535227;-3,79289
296761;19;9;2016;17:41;0;RUA OSCAR FRANCA;;;1000;;Atropelamento;Anoitecer;Bom;Seca;Meio de Quadra;Não Há Controle;Residencial;0;0;2;1;0;0;0;0;0;0;0;0;;
296762;19;9;2016;17:56;0;RUA EDUARDO PERDIGAO;;;124;;Colisão;Anoitecer;;;Meio de Quadra;;;0;1;1;0;0;0;0;0;0;1;0;0;-38,564683;-3,775676
296763;19;9;2016;18:19;0;AV ODILON GUIMARAES;;;1280;YPIOCA;Colisão;Anoitecer;;;Meio de Quadra;;;0;1;1;1;0;0;0;0;0;1;0;0;-38,480413;-3,826879
296764;19;9;2016;18:54;0;AV CASTELO DE CASTRO;;;;;Atropelamento;;;;Meio de Quadra;;;0;1;1;0;0;0;0;0;0;1;0;0;;
296765;19;9;2016;19:06;1350;RUA TORRES CAMARA;RUA SILVA PAULET;;;;Colisão Lateral;Luz do Dia;Bom;Seca;Cruz;Pare;Comercial;0;0;4;1;0;0;0;0;0;0;0;0;-38,505905;-3,735958
296724;19;9;2016;14:12;9094;AV SORIANO ALBUQUERQUE;AV VIS RIO BRANCO;;;;Colisão Transversal;Luz do Dia;Bom;Seca;Cruz;Semáforo;Residencial;0;1;3;1;0;0;0;0;0;0;0;0;-38,521682;-3,747601
296726;19;9;2016;14:16;12925;AV DOMINGOS OLIMPIO;AV AGUANAMBI;;;;Atropelamento;Luz do Dia;;;;;;0;1;0;0;0;0;0;0;0;0;0;0;-38,524628;-3,738683
296740;19;9;2016;16:17;1611;RUA CEL JUCA;RUA VICENTE LINHARES;;;;Colisão;Luz do Dia;;;Cruz;Pare;Residencial;0;1;0;0;0;0;0;0;0;0;0;0;-38,49343;-3,744356
296736;19;9;2016;15:48;7403;AV SEN FERNANDES TAVORA;RUA ARACAJU;;;;Colisão Lateral;Luz do Dia;Bom;Seca;Cruz;Pare;Comercial;0;0;5;1;0;0;0;0;0;0;0;0;-38,587377;-3,759398
296734;19;9;2016;15:20;5402;RUA METON DE ALENCAR;RUA VINTE E QUATRO DE MAIO;;;;Colisão;Luz do Dia;;;Cruz;Pare;Comercial;0;2;1;1;0;0;0;0;0;1;0;0;-38,533848;-3,732626
296689;19;9;2016;06:58;0;RUA OSCAR ARARIPE;;;3520;;Colisão;Luz do Dia;;;Meio de Quadra;;;0;1;1;1;0;0;0;0;0;1;0;0;-38,621655;-3,784243
296708;19;9;2016;07:39;0;AV ALBERTO CRAVEIRO;;;2511;;Atropelamento;Luz do Dia;;;Meio de Quadra;;;0;1;1;0;0;0;0;0;0;1;0;0;-38,520796;-3,802281
296713;19;9;2016;08:12;14619;AV JOSE LEON;RUA JUNIOR ROCHA;;2713;;Colisão Transversal;Luz do Dia;Bom;Seca;T;Pare;Residencial;0;1;3;1;0;0;0;0;0;1;0;0;;
296711;19;9;2016;07:55;0;AV FRE CIRILO;;;4186;;Atropelamento de Animal;Luz do Dia;;;Meio de Quadra;;;0;1;1;1;0;0;0;0;0;0;0;0;-38,495963;-3,820646
296715;19;9;2016;08:24;0;AV PRS COSTA E SILVA;;;3315;;Colisão Lateral;Luz do Dia;Bom;Seca;Meio de Quadra;Não Há Controle;Comercial;0;0;3;1;0;0;0;0;0;1;0;0;;
296716;19;9;2016;09:30;0;RUA AURELIO BEZERRA D71;;;9092;;Colisão;Luz do Dia;;;Meio de Quadra;;;0;1;1;1;0;0;0;0;0;1;0;0;;
296721;19;9;2016;11:57;0;TR SATURNO;;;;;Colisão;Luz do Dia;;;Meio de Quadra;;;0;1;1;1;0;0;0;0;0;1;0;0;;
296774;19;9;2016;05:34;0;AV WASHINGTON SOARES;;;;;Queda;Amanhecer;;;Meio de Quadra;;;0;1;0;0;0;0;0;0;0;1;0;0;;
296767;19;9;2016;19:16;0;RUA DA GLORIA;;;370;;Queda;;;;Meio de Quadra;;;0;1;0;0;0;0;0;0;0;1;0;0;;
296768;19;9;2016;19:22;7211;AV DR THEBERGE;AV PRS CASTELO BRANCO;;;;Colisão;;;;Cruz;Semáforo;Residencial;0;1;1;1;0;0;0;0;0;1;0;0;-38,563456;-3,710079
296770;19;9;2016;21:35;0;RUA ACRE;;;307;;Queda;;;;Meio de Quadra;;;0;1;0;0;0;0;0;0;0;1;0;0;-38,563709;-3,757894
296759;19;9;2016;17:40;0;RUA CURITIBA;;;1130;;Colisão;Anoitecer;;;Meio de Quadra;;;0;1;1;1;0;0;0;0;0;1;0;0;;
296560;19;9;2016;11:50;0;RD BR 116;;;14000;KM-14;Colisão Lateral;Luz do Dia;;;Meio de Quadra;;;0;0;2;1;0;0;1;0;0;0;0;0;-38,499242;-3,873523
296558;19;9;2016;06:30;0;RD BR 116;;;3000;KM-03;Colisão Traseira;Luz do Dia;;;Meio de Quadra;;;0;0;2;1;1;0;0;0;0;0;0;0;-38,514372;-3,779838
291500;19;9;2016;10:35;6724;AV SANTOS DUMONT;AV ENG SANTANA JUNIOR;;;;Colisão Lateral;Luz do Dia;Bom;Seca;Cruz;Não Há Controle;Comercial;0;0;2;1;0;0;0;0;0;0;0;0;-38,485132;-3,740506
291511;19;9;2016;02:00;7855;RUA HENRIQUETA GALENO;RUA CEL JUCA;;;;Colisão Transversal;Via Iluminada;Bom;Seca;Cruz;Pare;Residencial;0;1;1;0;0;0;0;0;0;1;0;0;-38,494284;-3,746989
291514;19;9;2016;11:00;0;AV DOS EXPEDICIONARIOS;;;3489;;Colisão Traseira;Luz do Dia;Bom;Seca;Meio de Quadra;Semáforo;Outros;0;0;2;1;0;0;0;0;0;0;0;0;-38,536827;-3,750633
291509;19;9;2016;11:00;22201;AV SGT HERMINIO SAMPAIO;RUA DR GILBERTO CAMARA;;;;Colisão Lateral;Luz do Dia;Bom;Seca;Cruz;Pare;Comercial;0;1;1;1;0;0;0;0;0;1;0;0;-38,562028;-3,726645
291518;19;9;2016;15:30;0;AV PONTES VIEIRA;;;220;;Atropelamento;Luz do Dia;Bom;Seca;Meio de Quadra;Semáforo;Comercial;0;1;1;0;0;0;0;0;0;1;0;0;;
291523;19;9;2016;09:55;0;AV IMPERADOR;;;927;;Colisão Traseira;Luz do Dia;Bom;Seca;Não Informado;Semáforo;Comercial;0;0;2;1;1;0;0;0;0;0;0;0;-38,535271;-3,729959
291525;19;9;2016;10:00;0;AV ABOLICAO;;;2933;;Colisão Lateral;Luz do Dia;Chuva;Seca;Meio de Quadra;Semáforo;;0;0;2;1;0;0;0;0;0;0;0;0;-38,493154;-3,726964
291526;19;9;2016;08:30;18314;AV HIS RAIMUNDO GIRAO;RUA XAVIER DE CASTRO;;;;Colisão Transversal;Luz do Dia;Bom;Seca;T;Pare;Comercial;0;1;2;1;0;0;0;0;0;1;0;0;-38,512216;-3,720718
291531;19;9;2016;06:40;21582;RUA LUIS VIEIRA;RUA COSTA FREIRE;;;;Colisão Lateral;Luz do Dia;Nublado;Seca;Cruz;Pare;Misto;0;0;2;1;0;0;0;0;0;0;0;0;-38,587064;-3,79485
295884;19;9;2016;06:45;0;RD CE-040;;;;KM-02;Colisão;Luz do Dia;Bom;Seca;Meio de Quadra;;;0;0;2;1;0;0;0;0;0;1;0;0;-38,482583;-3,76465
295886;19;9;2016;13:10;0;RD CE-040;;;;KM-07;Colisão;Luz do Dia;Bom;Seca;Meio de Quadra;;;0;0;2;1;0;0;1;0;0;0;0;0;-38,478733;-3,809597
295887;19;9;2016;19:00;0;RD CE-040;;;;KM-02;Colisão;;Bom;Seca;Meio de Quadra;;;0;0;2;1;0;0;0;0;0;1;0;0;-38,482583;-3,76465
293890;19;9;2016;09:35;0;AV FRE CIRILO;;;4199;;Colisão Transversal;Luz do Dia;Bom;Seca;Meio de Quadra;Não Há Controle;Comercial;0;0;4;1;0;1;0;0;0;0;0;0;-38,495927;-3,820729
293891;19;9;2016;10:25;0;AV PRS CASTELO BRANCO;;;665;;Colisão Traseira;Luz do Dia;Bom;Seca;Meio de Quadra;Não Há Controle;Comercial;0;0;2;0;1;0;0;0;0;1;0;0;;
293892;19;9;2016;12:50;0;RUA PEDRO SAMPAIO;;;639;;Colisão;Luz do Dia;;;Meio de Quadra;;;0;1;1;0;0;0;0;0;0;1;0;0;;
294041;19;9;2016;23:15;0;LOGRADOURO SEM NOME;;;;;Colisão;;;;Meio de Quadra;;;0;1;3;1;0;0;0;0;0;0;0;0;;
291555;19;9;2016;11:00;0;RUA PRO OTAVIO LOBO;;;681;;Colisão Traseira;Luz do Dia;Bom;Seca;Meio de Quadra;Não Há Controle;Residencial;0;1;1;1;0;0;0;0;0;0;0;0;-38,479606;-3,74568
291551;19;9;2016;12:30;24334;RUA DES PRAXEDES;RUA TIANGUA;;;;Colisão Lateral;Luz do Dia;Bom;Seca;Cruz;Pare;Residencial;0;0;2;1;0;0;0;0;0;0;0;0;-38,54007;-3,763913
301981;19;9;2016;12:27;0;AV JOR THOMAZ COELHO;;;1580;;Colisão Traseira;Luz do Dia;Bom;Seca;T;Semáforo;Comercial;0;1;1;1;1;0;0;0;0;1;0;0;-38,509072;-3,82992
301982;19;9;2016;12:40;14365;RUA NAT FEIJO;RUA FERNANDO WEYNE;;0;;Colisão Transversal;Luz do Dia;Bom;Seca;T;Pare;Residencial;0;0;2;1;0;0;0;0;0;1;0;0;-38,553137;-3,722291
301983;19;9;2016;12:40;25095;AV MAE LISBOA;AV ENG LEAL LIMA VERDE (SAPIRANGA/COITE);;0;;Colisão Traseira;Luz do Dia;Bom;Seca;Cruz;Pare;Escola;0;0;2;1;0;0;0;0;0;0;0;0;-38,474657;-3,807871
301984;19;9;2016;14:54;0;AV SGT HERMINIO SAMPAIO;;;0;FARMACIA JAQUELINE;Colisão Traseira;Luz do Dia;Bom;Seca;T;Semáforo;Comercial;0;0;4;1;1;0;0;0;0;0;0;0;;
301985;19;9;2016;13:30;13145;AV D CJ JOSE WALTER;AV L CJ JOSE WALTER;;0;;Colisão Lateral;Luz do Dia;Bom;Seca;Rotatória;Pare;Residencial;0;0;2;0;0;0;0;0;0;0;0;0;-38,557526;-3,831074