COD_ACIDENTE;DIA;MES;ANO;HORA;INTERSECAO;LOG1;LOG2;LOG3;NUMERO;REFERENCIA;NATUREZA;ILUMINACAO;TEMPO;SUPERFICIEPISTA;TIPOCRUZAMENTO;CONTROLETRAFEGO;USOSOLO;MORTOS;FERIDOS;ILESOS;AUTOMOVEL;ONIBUS;BICICLETA;CAMINHAO;MICROONIBUS;CICLOMOTOR;MOTOCICLETA;TRACAOANIMAL;TREM;LONG;LAT
301988;19;9;2016;16:42;13592;AV PONTES VIEIRA;RUA PRO CARVALHO;;0;;Colisão Lateral;Luz do Dia;Bom;Seca;Meio de Quadra;Semáforo;Comercial;0;0;2;1;1;0;0;0;0;0;0;0;-38,514949;-3,75289
301989;19;9;2016;18:24;0;RUA JOSE DE ALENCAR RAMOS;;;600;;Colisão Transversal;Via Iluminada;Bom;Seca;Cruz;Não Há Controle;Residencial;0;2;1;1;0;0;0;0;0;1;0;0;;
301990;19;9;2016;17:45;5099;AV TRISTAO GONCALVES;RUA SEN ALENCAR;;0;;Colisão Transversal;Anoitecer;Bom;Seca;Cruz;Pare;Comercial;0;0;2;1;0;0;0;0;0;0;0;0;-38,532122;-3,723524
301991;19;9;2016;20:34;0;RUA BARBOSA DE FREITAS;;;0;;Colisão Lateral;Via Iluminada;Bom;Seca;Meio de Quadra;Não Há Controle;Comercial;0;0;2;1;0;0;0;0;0;0;0;0;;
301992;19;9;2016;21:38;15622;RUA VASCO DE ATAIDE;RUA MEM DE SA;;0;;Choque c/ Obstáculo Fixo;Via Iluminada;Bom;Seca;Cruz;Pare;Residencial;0;0;2;1;1;0;0;0;0;0;0;0;-38,484923;-3,824277
301993;19;9;2016;22:38;6811;RUA DR GILBERTO STUDART;RUA JOSE BORBA VASCONCELOS;;0;;Colisão Transversal;Via Iluminada;Bom;Seca;Cruz;Pare;Residencial;0;2;0;1;0;0;0;0;0;0;0;0;-38,472016;-3,746506
301976;19;9;2016;09:03;15189;AV ABOLICAO;RUA FRE MANSUETO;;0;;Colisão Lateral;Luz do Dia;Bom;Seca;Meio de Quadra;Pare;Comercial;0;0;2;1;0;0;0;0;0;0;0;0;-38,489324;-3,726368
301977;19;9;2016;09:26;8949;RUA JUSTINIANO DE SERPA;AV BEZERRA DE MENEZES;;0;;Colisão Transversal;Luz do Dia;Bom;Seca;Cruz;Semáforo;Comercial;0;0;2;1;0;0;0;0;0;0;0;0;-38,542857;-3,731156
301978;19;9;2016;08:43;16081;RUA VALDEMAR FIGUEIREDO;RUA GODOFREDO OLIVEIRA;;0;;Colisão Transversal;Luz do Dia;Bom;Seca;Cruz;Não Há Controle;Residencial;0;0;2;1;0;0;0;0;0;0;0;0;-38,560587;-3,811753
303262;19;9;2016;08:41;0;AV DA UNIVERSIDADE;;;2242;;Colisão Transversal;Luz do Dia;Bom;Seca;Meio de Quadra;Não Há Controle;Comercial;0;0;2;1;0;0;0;0;0;0;0;0;-38,535703;-3,737205
302034;20;9;2016;13:28;0;AV JOR JOAO RAMOS;;;692;;Colisão Lateral;Luz do Dia;Bom;Seca;Meio de Quadra;Não Há Controle;Residencial;0;0;2;1;0;0;0;0;0;0;0;0;;
301994;20;9;2016;07:20;9150;RUA DOM SEBASTIAO LEME;RUA CEL PERGENTINO FERREIRA;;0;;Colisão Transversal;Luz do Dia;Bom;Seca;Cruz;Pare;Residencial;0;1;1;1;0;0;0;0;0;1;0;0;-38,525802;-3,748879
301995;20;9;2016;08:00;24229;AV ENG ALBERTO SA;AV ENG SANTANA JUNIOR;;0;;Choque c/ Obstáculo Fixo;Luz do Dia;Bom;Seca;Cruz;Semáforo;Comercial;0;0;1;1;0;0;0;0;0;0;0;0;-38,480624;-3,733357
301996;20;9;2016;10:20;22087;RUA CAP FRANCISCO PEDRO;RUA PRO COSTA MENDES;;0;;Colisão Traseira;Via Iluminada;Bom;Seca;Meio de Quadra;Não Há Controle;Comercial;0;0;2;1;1;0;0;0;0;0;0;0;-38,551734;-3,750337
301997;20;9;2016;11:45;5448;RUA BAR ARATANHA;RUA METON DE ALENCAR;;0;;Colisão Transversal;Luz do Dia;Bom;Seca;Cruz;Pare;Comercial;0;0;2;1;0;0;0;0;0;0;0;0;-38,527028;-3,734847
301998;20;9;2016;12:40;6756;AV ENG SANTANA JUNIOR;AV ANTONIO SALES;;1740;;Colisão Lateral;Via Iluminada;Bom;Seca;T;Não Há Controle;Comercial;0;0;3;1;1;0;0;0;0;1;0;0;-38,490039;-3,749257
301999;20;9;2016;13:50;5202;RUA PEREIRA FILGUEIRAS;RUA RODRIGUES JUNIOR;;0;;Colisão Transversal;Luz do Dia;Bom;Seca;Cruz;Pare;Comercial;0;0;2;1;0;0;0;0;0;0;0;0;-38,519213;-3,726304
302000;20;9;2016;16:16;8950;RUA RUBIA SAMPAIO;AV BEZERRA DE MENEZES;;0;;Colisão Lateral;Luz do Dia;Bom;Seca;T;Pare;Comercial;0;0;2;1;0;0;0;0;0;0;0;0;-38,540176;-3,730585
302001;20;9;2016;17:00;4531;AV DEP PAULINO ROCHA;RUA ENF JOAQUIM PINTO;;0;;Colisão Lateral;Anoitecer;Bom;Seca;Y;Não Há Controle;Comercial;0;0;2;1;0;0;0;0;0;0;0;0;-38,507774;-3,803203
302002;20;9;2016;21:00;0;AV JOSE SABOIA;;;0;PETROBRAS;Colisão Lateral;Mal Iluminada;Bom;Seca;Meio de Quadra;Não Há Controle;Comercial;0;0;2;0;1;0;0;0;0;0;0;0;;
291864;20;9;2016;09:00;0;RD CE-040;;;;KM-10;Colisão;Luz do Dia;;;Meio de Quadra;;;1;0;1;1;0;0;0;0;0;1;0;0;-38,482466;-3,834451
293895;20;9;2016;10:20;22840;RUA DR JUSTA ARAUJO D45;RUA GALILEU;;;;Colisão Transversal;Luz do Dia;Bom;Seca;Cruz;Pare;Residencial;0;1;3;1;0;0;0;0;0;1;0;0;-38,550424;-3,777127
293896;20;9;2016;17:48;0;RUA CON DE CASTRO;;;2557;;Colisão Transversal;Luz do Dia;Bom;Seca;Meio de Quadra;Não Há Controle;Residencial;0;1;1;1;0;0;0;0;0;1;0;0;-38,579811;-3,791901
293897;20;9;2016;19:48;1280;RUA PINTO MADEIRA;RUA ILDEFONSO ALBANO;;;;Colisão Lateral;Luz do Dia;Bom;Seca;Cruz;Gesto;Comercial;0;1;4;1;0;0;0;0;0;1;0;0;-38,513317;-3,73361
293898;20;9;2016;18:00;0;AV DOM LUIS;;;600;;Choque c/ Obstáculo Fixo;Anoitecer;;;Meio de Quadra;;;0;0;1;0;0;0;0;0;0;0;0;0;-38,496317;-3,733589
293899;20;9;2016;12:00;13564;RUA CAP GUSTAVO;RUA CASTRO ALVES;;;;Colisão;Luz do Dia;;;Cruz;Pare;Residencial;0;1;1;0;0;0;0;0;0;1;0;0;-38,517747;-3,749887
295889;20;9;2016;09:25;0;AV SEN CARLOS JEREISSATI (AEROPORTO);;;;KM 03;Colisão;Luz do Dia;Bom;Seca;Meio de Quadra;;;0;0;2;1;0;0;0;0;0;0;0;0;-38,544038;-3,779641
295894;20;9;2016;17:50;0;AV SEN CARLOS JEREISSATI (AEROPORTO);;;;KM 03;Colisão;Anoitecer;Bom;Seca;Meio de Quadra;;;0;0;2;1;0;0;0;0;0;0;0;0;-38,544038;-3,779641
291519;20;9;2016;08:00;7733;AV JOAO PESSOA;RUA BAR SOBRAL;;;;Colisão Traseira;Luz do Dia;Bom;Seca;T;Gesto;Comercial;0;0;2;1;0;0;0;0;0;1;0;0;;
291515;20;9;2016;18:25;0;AV SGT HERMINIO SAMPAIO;;;4420;;Colisão Traseira;Via Iluminada;Bom;Seca;Meio de Quadra;Não Há Controle;Residencial;0;0;2;1;0;0;0;0;0;0;0;0;-38,579592;-3,731654
291501;20;9;2016;09:25;0;AV ABOLICAO;;;2480;;Engavetamento;Luz do Dia;Bom;Seca;Meio de Quadra;Não Há Controle;Residencial;0;0;5;1;0;0;0;0;0;0;0;0;-38,496555;-3,726981
291503;20;9;2016;20:00;0;RUA BERNARDO MANUEL;;;7223;;Colisão Traseira;Via Iluminada;Bom;Seca;Meio de Quadra;Não Há Controle;Comercial;0;0;3;1;0;0;0;0;0;0;0;0;-38,546327;-3,78209
291504;20;9;2016;17:00;1888;RUA PDE PEDRO DE ALENCAR;RUA LUIZ FERNANDES;;;;Colisão Traseira;Via Iluminada;Bom;Seca;T;Não Há Controle;Residencial;0;0;2;1;0;0;0;0;0;1;0;0;-38,494485;-3,845171
291488;20;9;2016;14:24;0;AV JOSE BASTOS;;;2864;;Colisão Traseira;Luz do Dia;Bom;Seca;Meio de Quadra;Semáforo Intermitente;Comercial;0;1;1;1;0;0;0;0;0;1;0;0;-38,546329;-3,745908
291489;20;9;2016;11:30;13278;AV L CJ JOSE WALTER;AV G CJ JOSE WALTER;;;;Colisão Frontal;Luz do Dia;Bom;Seca;T;Não Há Controle;Comercial;0;0;2;1;1;0;0;0;0;0;0;0;-38,55951;-3,837707
291490;20;9;2016;13:30;17991;RUA DEMETRIO MENEZES;AV MR HULL;;;;Colisão Transversal;Luz do Dia;Bom;Seca;Cruz;Semáforo;Comercial;0;0;2;1;1;0;0;0;0;0;0;0;-38,58382;-3,738516
291491;20;9;2016;15:20;11852;AV FRANCISCO SA;RUA ADRIANISTA;;;;Colisão Transversal;Luz do Dia;Bom;Seca;T;Pare;Residencial;0;0;2;1;1;0;0;0;0;0;0;0;-38,546023;-3,721126
291492;20;9;2016;08:00;18024;AV ZEZE DIOGO;RUA RENATO BRAGA;;;;Colisão Lateral;Luz do Dia;Bom;Seca;Cruz;Semáforo;Lazer;0;0;2;1;1;0;0;0;0;0;0;0;-38,457892;-3,73092
291494;20;9;2016;07:00;15158;RUA JOSE NAPOLEAO;AV BEIRA MAR;;;;Colisão Transversal;Luz do Dia;Bom;Seca;T;Pare;Residencial;0;0;2;1;0;0;0;0;0;0;0;0;-38,490598;-3,724949
291486;20;9;2016;20:30;15975;AV GODOFREDO MACIEL;RUA CEL MANUEL ALBANO;;;;Colisão;Via Iluminada;Bom;Seca;Cruz;Não Há Controle;Residencial;0;2;1;1;0;0;0;0;0;1;0;0;-38,57278;-3,805644
291481;20;9;2016;09:13;0;AV BAR STUDART;;;654;;Colisão Traseira;Luz do Dia;Bom;Seca;Meio de Quadra;Outros;Comercial;0;1;2;1;0;0;0;0;0;1;0;0;-38,505048;-3,729832
291479;20;9;2016;22:53;5037;RUA PESSOA ANTA;RUA GUILHERME BLHUM;;;;Colisão Lateral;Via Iluminada;Bom;Seca;Duplo T;Outros;Outros;0;1;1;1;0;0;0;0;0;1;0;0;-38,522017;-3,721113
296775;20;9;2016;06:03;3810;RUA JUVENAL GALENO;RUA TEREZA CRISTINA;;;;Queda;Luz do Dia;;;Cruz;Semáforo;Comercial;0;1;0;0;0;0;0;0;0;1;0;0;-38,540098;-3,738203
296777;20;9;2016;06:38;1546;AV PDE ANTONIO TOMAS;RUA VICENTE LEITE;;;;Queda;Luz do Dia;;;T;Pare;Comercial;0;1;0;0;0;0;0;0;0;1;0;0;-38,49669;-3,741127
296845;20;9;2016;13:56;0;RUA ALUISIO AZEVEDO;;;1176;;Colisão;Luz do Dia;;;Meio de Quadra;;;0;2;1;1;0;0;0;0;0;1;0;0;;
296832;20;9;2016;13:55;0;AV I CJ CEARA;;;1780;;Colisão;Luz do Dia;;;Meio de Quadra;;;0;1;1;1;0;0;0;0;0;1;0;0;;
296815;20;9;2016;11:33;0;AV RUI BARBOSA;;;1934;;Choque c/ Obstáculo Fixo;Luz do Dia;;;Meio de Quadra;;;0;1;1;1;0;0;0;0;0;1;0;0;-38,510604;-3,739643
296819;20;9;2016;13:44;1566;RUA PDE VALDEVINO;RUA SILVA PAULET;;;;Colisão Transversal;Luz do Dia;Bom;Seca;Cruz;Pare;Comercial;0;1;3;1;1;0;0;0;0;0;0;0;-38,507851;-3,741957
296803;20;9;2016;06:52;0;AV AGUANAMBI;;;;;Colisão Lateral;Luz do Dia;Bom;Seca;Meio de Quadra;Não Há Controle;Comercial;0;0;4;1;0;0;0;0;0;0;0;0;;
296811;20;9;2016;11:18;0;RUA PAISAGISTA;;;100;;Choque c/ Obstáculo Fixo;Luz do Dia;;;Meio de Quadra;;;0;1;0;1;0;0;0;0;0;0;0;0;;
296805;20;9;2016;07:05;12863;AV DOMINGOS OLIMPIO;RUA FLORIANO PEIXOTO;;;;Atropelamento;Luz do Dia;;;Cruz;Não Há Controle;Comercial;0;1;1;0;0;0;0;0;0;1;0;0;-38,530313;-3,736976
296806;20;9;2016;07:42;0;AV N CJ CEARA;;;;;Colisão;Luz do Dia;;;Meio de Quadra;;;0;1;1;1;0;0;0;0;0;1;0;0;;
296807;20;9;2016;08:48;0;AV WASHINGTON SOARES;;;3181;;Colisão;Luz do Dia;;;Meio de Quadra;;;0;1;1;1;0;0;0;0;0;1;0;0;;
296808;20;9;2016;08:49;20005;AV DR SILAS MUNGUBA;RUA DES OTACILIO PEIXOTO;;;;Colisão;Luz do Dia;;;T;Semáforo;Misto;0;1;1;1;0;0;0;0;0;1;0;0;-38,530329;-3,800419
296809;20;9;2016;08:49;0;AV WASHINGTON SOARES;;;3181;;Colisão;Luz do Dia;;;Meio de Quadra;;;0;1;1;1;0;0;0;0;0;1;0;0;;
296865;20;9;2016;20:54;0;RUA DOS HOLANDESES;;;243;;Colisão;;;;Meio de Quadra;;;0;1;1;1;0;0;0;0;0;1;0;0;;
296847;20;9;2016;17:16;0;AV MAJ ASSIS;;;1616;;Colisão;Anoitecer;;;Meio de Quadra;;;0;2;0;1;0;0;0;0;0;1;0;0;-38,593841;-3,722258
296853;20;9;2016;17:31;0;AV CONTORNO LESTE;;;286;;Atropelamento;Anoitecer;;;Meio de Quadra;;;0;1;1;0;0;0;1;0;0;0;0;0;-38,586876;-3,808905
296859;20;9;2016;18:45;10767;RUA LUCIANO DE QUEIROS;RUA JOCKEY CLUBE;;;;Colisão;;;;Cruz;;Residencial;0;1;1;1;0;1;0;0;0;0;0;0;-38,580519;-3,761782
296860;20;9;2016;18:54;5258;RUA PDE MORORO;RUA PEDRO I;;;;Colisão;;;;Cruz;Pare;Comercial;0;2;1;0;0;0;0;0;0;1;0;0;-38,53829;-3,728123
296861;20;9;2016;19:28;0;RUA VALPARAISO;;;38;;Colisão;;;;Meio de Quadra;;;0;1;0;0;0;0;0;0;0;0;0;0;-38,520722;-3,846381
296857;20;9;2016;18:24;0;AV PERIMETRAL;;;;;Atropelamento;Anoitecer;;;Meio de Quadra;;;0;1;1;0;0;0;0;0;0;1;0;0;;
296866;21;9;2016;05:55;0;AV CEL CARVALHO;;;2567;;Colisão;Amanhecer;;;Meio de Quadra;;;0;1;1;1;0;0;0;0;0;1;0;0;-38,585844;-3,725284
296875;21;9;2016;06:53;0;RUA ADUALDO BATISTA;;;635;;Colisão;Luz do Dia;;;Meio de Quadra;;;0;1;1;1;0;0;0;0;0;1;0;0;;
296876;21;9;2016;08:07;0;AV PRS COSTA E SILVA;;;4165;;Colisão Traseira;Luz do Dia;Bom;Seca;Meio de Quadra;Não Há Controle;Residencial;0;2;1;1;0;0;0;0;0;1;0;0;-38,543067;-3,82482
296893;21;9;2016;11:43;5108;RUA SAO PAULO;RUA PRC ISABEL;;;;Colisão;Luz do Dia;;;Cruz;Pare;Comercial;0;1;1;1;0;1;0;0;0;0;0;0;-38,534619;-3,723679
296910;21;9;2016;12:48;0;AV CONTORNO SUL;;;133;;Queda;Luz do Dia;;;Meio de Quadra;;;0;1;0;0;0;1;0;0;0;0;0;0;-38,519741;-3,837715
296911;21;9;2016;13:18;0;RUA BETEL;;;1285;;Colisão;Luz do Dia;;;Meio de Quadra;;;0;1;1;0;0;0;0;0;0;1;0;0;;
296913;21;9;2016;13:36;0;AV PRS CASTELO BRANCO;;;641;;Colisão;Luz do Dia;;;Meio de Quadra;;;0;1;1;1;0;0;0;0;0;1;0;0;;
296915;21;9;2016;13:55;0;RUA MIGUEL GURGEL;;;;;Atropelamento;Luz do Dia;;;Meio de Quadra;;;0;1;0;0;0;0;0;0;0;0;0;0;;
297015;21;9;2016;20:29;0;AV DIOGUINHO;;;907;;Colisão;;;;Meio de Quadra;;;0;1;1;1;0;0;0;0;0;1;0;0;;
297017;21;9;2016;20:59;0;RUA LAURO MAIA;;;149;;Colisão;;;;Meio de Quadra;;;0;2;1;1;0;0;0;0;0;1;0;0;-38,524074;-3,741715
297018;21;9;2016;21:10;0;AV DR THEBERGE;;;859;;Colisão;;;;Meio de Quadra;;;0;3;0;1;0;0;0;0;0;1;0;0;-38,563705;-3,710864
297009;21;9;2016;17:32;0;AV JOAO PESSOA;;;6745;;Colisão;Anoitecer;;;Meio de Quadra;;;0;1;1;1;0;0;0;0;0;1;0;0;-38,561031;-3,770199
297010;21;9;2016;18:14;2980;RUA MARANGUAPE D50;RUA MARIA JULIA;;;;Queda;Anoitecer;;;;;;0;2;0;0;0;0;0;0;0;1;0;0;-38,602951;-3,801463
297011;21;9;2016;18:24;0;AV LINEU MACHADO;;;144;;Colisão;Anoitecer;;;Meio de Quadra;;;0;1;0;0;0;0;0;0;0;0;0;0;-38,574746;-3,761805
297013;21;9;2016;20:25;15203;RUA DEP MOREIRA DA ROCHA;RUA MON BRUNO;;;;Colisão;;;;Cruz;Pare;Residencial;0;1;0;0;0;0;0;0;0;0;0;0;-38,507591;-3,726659
297006;21;9;2016;17:30;15203;RUA DEP MOREIRA DA ROCHA;RUA MON BRUNO;;;;Colisão Frontal;Via Iluminada;Bom;Seca;Cruz;Pare;Residencial;0;1;4;0;0;1;0;0;0;1;0;0;-38,507591;-3,726659
297004;21;9;2016;17:14;0;AV BEZERRA DE MENEZES;;;;;Queda;Anoitecer;;;Meio de Quadra;;;0;1;0;0;0;0;0;0;0;1;0;0;;
296967;21;9;2016;15:38;21269;RUA DOM QUINTINO;RUA ALVARO DE ALENCAR;;;;Colisão;Luz do Dia;;;Cruz;Não Há Controle;Residencial;0;2;1;0;0;0;0;0;0;1;0;0;-38,556962;-3,71061
296976;21;9;2016;16:10;0;AV DUQ CAXIAS;;;519;;Atropelamento;Luz do Dia;Bom;Seca;Meio de Quadra;Semáforo;Comercial;0;2;2;1;0;0;0;0;0;0;0;0;-38,529207;-3,732006
296977;21;9;2016;17:10;0;AV DR THEBERGE;;;1549;;Colisão;Anoitecer;;;Meio de Quadra;;;0;1;1;1;0;0;0;0;0;1;0;0;-38,56507;-3,714983
296974;21;9;2016;15:39;0;RUA DR JOSE FURTADO;;;1670;;Colisão Lateral;Luz do Dia;Bom;Seca;Meio de Quadra;Pare;Residencial;0;2;2;1;0;0;0;0;0;1;0;0;-38,48841;-3,798744
296964;21;9;2016;15:11;17682;RUA AFONSO LOPES;RUA MAJ TELESFORO;;;;Colisão;Luz do Dia;;;Cruz;Pare;Residencial;0;1;1;1;0;0;0;0;0;1;0;0;-38,549863;-3,798494
296946;21;9;2016;14:44;0;AV FRE CIRILO;;;;;Atropelamento;Luz do Dia;;;Meio de Quadra;;;0;1;1;1;0;0;0;0;0;0;0;0;;
296563;21;9;2016;14:31;0;RD BR 116;;;7000;KM-07;Colisão Transversal;Luz do Dia;;;Meio de Quadra;;;0;1;2;1;0;0;1;0;0;0;0;0;-38,501101;-3,813246
296151;21;9;2016;15:00;0;AV SEN CARLOS JEREISSATI (AEROPORTO);;;;KM 03;Colisão;Luz do Dia;Bom;Seca;Meio de Quadra;;;0;0;2;1;0;0;0;0;0;0;0;0;-38,544038;-3,779641
296154;21;9;2016;07:40;0;AV SEN CARLOS JEREISSATI (AEROPORTO);;;;KM 04;Colisão;Luz do Dia;Bom;Seca;Meio de Quadra;;;0;0;2;1;0;0;0;0;0;0;0;0;-38,544418;-3,779518
291493;21;9;2016;19:00;1230;RUA COSTA BARROS;RUA BAR ARACATI;;;;Colisão Transversal;Via Iluminada;Bom;Seca;Cruz;Pare;Comercial;0;0;2;1;0;0;0;0;0;0;0;0;-38,511153;-3,730488
291505;21;9;2016;11:50;19669;RUA PRO RAIMUNDO ARRUDA;RUA GUSTAVO SAMPAIO;;;;Colisão Lateral;Luz do Dia;Bom;Seca;Cruz;Não Há Controle;Residencial;0;1;1;1;0;0;0;0;0;1;0;0;-38,551915;-3,734328
291507;21;9;2016;16:00;19762;RUA PDE GUERRA;RUA PRO ANACLETO;;;;Colisão Frontal;Luz do Dia;Bom;Seca;Cruz;Pare;Residencial;0;0;2;1;0;0;0;0;0;0;0;0;-38,55231;-3,737857
291508;21;9;2016;08:00;15271;RUA ILDEFONSO ALBANO;RUA PEREIRA FILGUEIRAS;;;;Colisão Transversal;Luz do Dia;Nublado;Seca;Cruz;Semáforo;Residencial;0;1;1;1;0;0;0;0;0;1;0;0;-38,511864;-3,728706
291502;21;9;2016;16:30;0;RUA HOLANDA;;;944;;Colisão Traseira;Luz do Dia;Bom;Seca;Outros;Gesto;Residencial;0;0;2;1;0;0;0;0;0;1;0;0;-38,561625;-3,799968
291496;21;9;2016;14:00;25311;RUA ANTENOR ROCHA ALEXANDRE;RUA JOAO REGINO;;;;Colisão Transversal;Luz do Dia;Bom;Seca;Cruz;Pare;Residencial;0;0;2;1;0;0;0;0;0;0;0;0;-38,48281;-3,792178
291499;21;9;2016;15:28;22719;AV ENG LEAL LIMA VERDE (SAPIRANGA/COITE);RUA EUCLIDES O DE SOUSA;;;;Colisão Transversal;Luz do Dia;Bom;Seca;Cruz;Pare;Residencial;0;1;1;1;0;0;0;0;0;1;0;0;-38,475497;-3,797866
291517;21;9;2016;07:30;25145;AV BORGES DE MELO;RUA TERTULIANO SALES;;;;Colisão Traseira;Luz do Dia;Bom;Seca;T;Semáforo;Comercial;0;0;2;1;0;0;0;0;0;0;0;0;-38,530465;-3,759583
291520;21;9;2016;16:00;0;RUA ADOLFO CAMINHA;;;;;Colisão;Luz do Dia;Bom;Seca;Meio de Quadra;Não Há Controle;Comercial;0;0;3;1;0;0;0;0;0;1;0;0;;
293901;21;9;2016;09:41;0;AV JOSE BASTOS;;;3390;;Atropelamento;Luz do Dia;Bom;Seca;Meio de Quadra;Não Há Controle;Comercial;0;2;2;1;0;0;0;0;0;0;0;0;;
302003;21;9;2016;07:46;0;AV ANTONIO SALES;RUA OSVALDO CRUZ (ALDEOTA);;0;;Colisão Traseira;Luz do Dia;Bom;Seca;Cruz;Semáforo;Comercial;0;0;2;1;0;0;0;0;0;0;0;0;;
302004;21;9;2016;08:21;0;RUA JOAQUIM ALBANO;;;122;;Colisão Transversal;Luz do Dia;Bom;Seca;Meio de Quadra;Não Há Controle;Escola;0;0;2;1;0;0;0;0;0;0;0;0;-38,576078;-3,734686
302005;21;9;2016;09:33;0;RUA METON DE ALENCAR;;;771;;Colisão Transversal;Luz do Dia;Bom;Seca;Meio de Quadra;Não Há Controle;Comercial;0;0;1;1;1;0;0;0;0;0;0;0;;
302006;21;9;2016;10:29;15125;RUA ILDEFONSO ALBANO;RUA DR ATUALPA BARBOSA LIMA (P. IRACEMA);;0;;Colisão Lateral;Luz do Dia;Bom;Seca;Cruz;Pare;Residencial;0;0;2;1;0;0;0;0;0;1;0;0;-38,510128;-3,723503
302007;21;9;2016;13:40;7608;AV DR SILAS MUNGUBA;RUA MAL BITENCOURT;;0;;Colisão Traseira;Luz do Dia;Bom;Seca;T;Semáforo;Comercial;0;1;2;1;0;0;0;0;0;1;0;0;-38,531678;-3,796992
302008;21;9;2016;15:30;5436;RUA GAL CLARINDO DE QUEIROZ;RUA JAIME BENEVOLO;;0;;Colisão Transversal;Luz do Dia;Bom;Seca;Cruz;Pare;Comercial;0;0;3;1;0;0;0;0;0;0;0;0;-38,526017;-3,73406
302009;21;9;2016;17:04;0;AV ALBERTO CRAVEIRO;;;0;;Colisão Transversal;Luz do Dia;Bom;Seca;Rotatória;Dê Preferência;Lazer;0;0;2;1;0;0;0;0;0;0;0;0;;
302010;21;9;2016;18:45;5748;RUA CHICO LEMOS;RUA JULIO LIMA;;0;;Colisão Lateral;Via Iluminada;Bom;Seca;Cruz;Pare;Residencial;0;0;2;1;0;0;0;0;0;0;0;0;-38,497545;-3,794838
302011;21;9;2016;18:59;1581;AV PDE ANTONIO TOMAS;RUA MON CATAO;;0;;Colisão Lateral;Via Iluminada;Bom;Seca;Meio de Quadra;Não Há Controle;Comercial;0;0;2;1;0;0;0;0;0;0;0;0;-38,491843;-3,742708
302012;21;9;2016;19:52;2628;RUA TULIPA;RUA LARA;;0;;Colisão Transversal;Via Iluminada;Bom;Seca;Cruz;Não Há Controle;Residencial;0;0;2;1;0;0;0;0;0;0;0;0;-38,579471;-3,714268
302013;21;9;2016;22:02;0;AV AGUANAMBI;;;0;ROTATÓRIA;Colisão Transversal;Via Iluminada;Bom;Seca;Rotatória;Semáforo;Comercial;0;0;1;0;0;0;0;0;0;0;0;0;;
302014;22;9;2016;09:10;0;AV VIS RIO BRANCO;;;3070;;Colisão Transversal;Luz do Dia;Bom;Seca;Meio de Quadra;Não Há Controle;Comercial;0;0;2;1;0;0;0;0;0;0;0;0;-38,521649;-3,747746
302015;22;9;2016;08:30;5397;AV DUQ CAXIAS;RUA ASSUNCAO;;0;;Colisão Lateral;Luz do Dia;Bom;Seca;Meio de Quadra;Semáforo;Comercial;0;0;2;1;1;0;0;0;0;0;0;0;-38,527952;-3,732405
302016;22;9;2016;10:31;17317;AV JOAO PESSOA;RUA TEN MOACIR MATOS;;0;;Colisão Transversal;Luz do Dia;Bom;Seca;T;Semáforo;Residencial;0;0;2;0;1;0;0;0;0;0;0;0;-38,558316;-3,763615
302017;22;9;2016;13:50;0;AV DOMINGOS OLIMPIO;AV VIS RIO BRANCO;;0;;Colisão Traseira;Luz do Dia;Bom;Seca;Cruz;Semáforo;Comercial;0;0;2;1;0;0;0;0;0;1;0;0;-38,523589;-3,738574
302018;22;9;2016;13:55;20129;RUA POMPILIO GOMES;AV DEP PAULINO ROCHA;;1341;;Colisão Lateral;Mal Iluminada;Bom;Seca;Cruz;Semáforo;Comercial;0;0;3;1;1;0;0;0;0;0;0;0;-38,519652;-3,810076
302020;22;9;2016;14:25;3788;RUA WALDERY UCHOA;RUA PDE FRANCISCO PINTO;;0;;Choque c/ Obstáculo Fixo;Luz do Dia;Bom;Seca;Cruz;Pare;Comercial;0;1;3;1;1;0;0;0;0;0;0;0;-38,539138;-3,744299
302021;22;9;2016;16:05;13528;RUA ANTONIO AUGUSTO;TR SORIANO ALBUQUERQUE;;0;;Colisão Transversal;Luz do Dia;Bom;Seca;Cruz;Pare;Comercial;0;0;1;0;0;0;0;0;0;1;0;0;-38,518861;-3,7475
302022;22;9;2016;19:25;0;RUA BENI DE CARVALHO;;;159;;Engavetamento;Via Iluminada;Bom;Seca;Meio de Quadra;Semáforo;Residencial;0;0;3;0;0;0;0;0;0;0;0;0;-38,499322;-3,744612
302024;22;9;2016;14:00;0;RUA E LT PARAISO VERDE;RUA J LT PARAISO VERDE;;0;;Colisão Lateral;Luz do Dia;Bom;Seca;Cruz;Não Há Controle;Residencial;0;0;2;1;0;0;0;0;0;1;0;0;;
302025;22;9;2016;12:15;5749;AV DES GONZAGA;RUA JULIO LIMA;;0;;Colisão Lateral;Luz do Dia;Bom;Seca;Cruz;Pare;Comercial;0;1;0;0;0;0;0;0;0;1;0;0;-38,500411;-3,796143
302026;22;9;2016;22:08;0;AV 13 DE MAIO;;;0;;Colisão Traseira;Via Iluminada;Bom;Seca;Meio de Quadra;Semáforo;Comercial;0;1;1;1;0;0;0;0;0;1;0;0;;