COD_ACIDENTE;DIA;MES;ANO;HORA;INTERSECAO;LOG1;LOG2;LOG3;NUMERO;REFERENCIA;NATUREZA;ILUMINACAO;TEMPO;SUPERFICIEPISTA;TIPOCRUZAMENTO;CONTROLETRAFEGO;USOSOLO;MORTOS;FERIDOS;ILESOS;AUTOMOVEL;ONIBUS;BICICLETA;CAMINHAO;MICROONIBUS;CICLOMOTOR;MOTOCICLETA;TRACAOANIMAL;TREM;LONG;LAT
303275;22;9;2016;16:00;0;RUA PDE VALDEVINO;;;1174;;Engavetamento;Luz do Dia;Bom;Seca;Meio de Quadra;Não Há Controle;Comercial;0;0;2;1;0;0;0;0;0;0;0;0;-38,513826;-3,740084
293903;22;9;2016;09:19;0;AV WASHINGTON SOARES;;;909;;Choque c/ Obstáculo Fixo;Luz do Dia;;;Meio de Quadra;;;0;1;0;0;0;0;0;0;0;0;0;0;;
293904;22;9;2016;12:30;7385;RUA PRO EDGAR DE ARRUDA;RUA SAO LUIS D30;;;;Colisão;Luz do Dia;;;Cruz;Pare;Misto;0;2;1;1;0;0;0;0;0;1;0;0;-38,590365;-3,755265
293905;22;9;2016;21:22;0;RUA BERNARDO MANUEL;;;;;Colisão;;;;Meio de Quadra;;;0;1;1;0;0;0;0;0;0;0;0;0;;
293907;22;9;2016;17:40;0;RUA 41 CJ JOSE WALTER;;;550;;Colisão;Anoitecer;;;Meio de Quadra;;;0;0;2;0;1;0;0;0;0;0;0;0;-38,55746;-3,829257
294035;22;9;2016;18:32;0;RUA TOBIAS CORREIA;;;;;Colisão;;;;Meio de Quadra;;;0;1;1;0;0;0;0;0;0;0;0;0;;
291516;22;9;2016;11:48;7629;RUA ALAGOAS;RUA STA CATARINA (BELA VISTA / PAN AMERICANO);;;;Colisão Lateral;Luz do Dia;Bom;Seca;Cruz;Pare;Residencial;0;0;2;1;0;0;1;0;0;0;0;0;-38,56955;-3,760356
291513;22;9;2016;23:50;9895;RUA SGT JOAO PINHEIRO;RUA GERALDO BARBOSA;;;;Colisão Transversal;Via Iluminada;Bom;Seca;Cruz;Pare;Comercial;0;2;1;0;0;0;0;0;0;1;0;0;-38,623471;-3,785245
291522;22;9;2016;11:15;1493;RUA OSVALDO CRUZ (ALDEOTA);AV PDE ANTONIO TOMAS;;;;Colisão Traseira;Luz do Dia;Bom;Seca;Cruz;Semáforo;Comercial;0;0;3;1;0;0;0;0;0;1;0;0;-38,501588;-3,739538
291495;22;9;2016;18:00;17412;RUA ALBERTO MAGNO;RUA BAR SOBRAL;;;;Colisão Traseira;Anoitecer;Bom;Seca;Cruz;Semáforo;Comercial;0;0;3;1;0;0;0;0;0;0;0;0;-38,552417;-3,767991
291498;22;9;2016;09:10;0;AV HERACLITO GRACA;;;1046;;Colisão Traseira;Luz do Dia;Bom;Seca;Meio de Quadra;Não Há Controle;Comercial;0;0;2;1;0;0;1;0;0;0;0;0;-38,515518;-3,736406
296158;22;9;2016;08:30;0;RD CE-040;;;;KM-03;Choque c/ Obstáculo Fixo;Luz do Dia;Bom;Seca;Meio de Quadra;;;0;0;1;1;0;0;0;0;0;0;0;0;-38,481799;-3,773616
296168;22;9;2016;07:50;0;AV SEN CARLOS JEREISSATI (AEROPORTO);;;;KM 03;Colisão;Luz do Dia;Bom;Seca;Meio de Quadra;;;0;0;2;1;0;0;0;0;0;0;0;0;-38,544038;-3,779641
296165;22;9;2016;09:50;0;AV SEN CARLOS JEREISSATI (AEROPORTO);;;;KM 02;Colisão;Luz do Dia;Bom;Seca;Meio de Quadra;;;0;1;1;0;0;0;1;0;0;0;0;0;-38,535424;-3,782194
296565;22;9;2016;13:20;0;RD BR 116;;;500;;Colisão Lateral;Luz do Dia;;;Meio de Quadra;;;0;1;1;0;0;0;0;0;0;1;0;0;;
296567;22;9;2016;19:30;0;RD BR 116;;;4000;KM-04;Colisão Lateral;;;;Meio de Quadra;;;0;0;2;1;0;0;1;0;0;0;0;0;-38,510646;-3,788331
296303;22;9;2016;23:00;0;AV MIN JOSE AMERICO;;;;;Colisão;;Bom;Seca;Meio de Quadra;;;0;0;2;1;0;0;0;0;0;0;0;0;;
296300;22;9;2016;18:10;0;RD CE-040;;;;KM-05;Colisão;Anoitecer;Bom;Seca;Meio de Quadra;;;0;0;2;1;0;0;1;0;0;0;0;0;-38,480331;-3,791613
296298;22;9;2016;09:40;0;AV SEN CARLOS JEREISSATI (AEROPORTO);;;;KM 02;Colisão;Luz do Dia;Bom;Seca;Meio de Quadra;;;0;0;2;1;0;0;0;0;0;0;0;0;-38,535424;-3,782194
296296;22;9;2016;10:30;0;AV SEN CARLOS JEREISSATI (AEROPORTO);;;;KM 02;Colisão;Luz do Dia;Bom;Seca;Meio de Quadra;;;0;0;2;0;0;0;0;0;0;1;0;0;-38,535424;-3,782194
297021;22;9;2016;03:00;0;RUA SEBASTIAO DE ABREU;;;;;Queda;;;;Meio de Quadra;;;0;1;0;0;0;0;0;0;0;1;0;0;;
297022;22;9;2016;04:44;3863;AV 13 DE MAIO;RUA SEN POMPEU;;;;Colisão;;;;Cruz;Semáforo;Comercial;0;2;0;0;0;0;0;0;0;0;0;0;-38,534969;-3,744515
297023;22;9;2016;05:30;0;RUA JULIO ABREU;;;315;;Queda;Amanhecer;;;Meio de Quadra;;;0;1;0;0;0;1;0;0;0;0;0;0;-38,486002;-3,735842
297024;22;9;2016;06:18;0;AV AUGUSTO DOS ANJOS;;;1452;;Colisão;Luz do Dia;;;Meio de Quadra;;;0;1;1;1;0;0;0;0;0;1;0;0;-38,578556;-3,77948
297025;22;9;2016;06:50;19820;AV JOVITA FEITOSA;RUA GAL PIRAGIBE;;;;Queda;Luz do Dia;;;Cruz;Semáforo;Comercial;0;2;0;0;0;0;0;0;0;1;0;0;-38,557484;-3,740049
297026;22;9;2016;07:01;0;AV CARNEIRO DE MENDONCA;;;;;Colisão;Luz do Dia;;;Meio de Quadra;;;0;1;1;1;0;0;0;0;0;1;0;0;;
297027;22;9;2016;07:10;0;RUA FRANCISCO ALMEIDA;;;;;Colisão;Luz do Dia;;;;;;0;2;1;1;0;0;0;0;0;1;0;0;;
297031;22;9;2016;07:26;0;RUA VALVERDE;;;1292;;Colisão;Luz do Dia;;;Meio de Quadra;;;0;1;1;1;0;0;0;0;0;1;0;0;;
297033;22;9;2016;07:45;3211;RUA EMILIO DE MENESES;RUA VERBENA;;;;Atropelamento;Luz do Dia;;;Cruz;Semáforo;Residencial;0;1;1;1;0;0;0;0;0;0;0;0;-38,588838;-3,781344
297041;22;9;2016;10:21;0;AV PRS COSTA E SILVA;RUA PAU BRASIL;;;;Colisão Transversal;Luz do Dia;Bom;Seca;T;Semáforo;Residencial;0;0;5;1;0;0;0;0;0;1;0;0;;
297042;22;9;2016;10:23;0;RUA JOAO BRIGIDO;;;50;;Colisão;Luz do Dia;;;Meio de Quadra;;;0;1;1;1;0;0;0;0;0;1;0;0;-38,522802;-3,73849
297072;22;9;2016;15:37;0;AV E CJ CEARA;;;167;;Atropelamento;Luz do Dia;;;Meio de Quadra;;;0;1;0;0;0;0;0;0;0;0;0;0;-38,605338;-3,759548
297073;22;9;2016;15:45;0;RUA RAIMUNDO FROTA;;;664;;Colisão;Luz do Dia;;;Meio de Quadra;;;0;1;1;1;0;0;0;0;0;1;0;0;-38,587721;-3,714634
297074;22;9;2016;16:15;0;AV GOV RAUL BARBOSA;;;;;Colisão;Luz do Dia;;;Meio de Quadra;;;0;1;1;1;0;0;0;0;0;1;0;0;;
297075;22;9;2016;16:32;7862;AV ANTONIO SALES;RUA PRO DIAS DA ROCHA;;;;Colisão;Luz do Dia;;;Cruz;Pare;Comercial;0;1;1;1;0;0;0;0;0;1;0;0;-38,495535;-3,747586
297076;22;9;2016;17:05;23425;RUA MON SALAZAR;RUA SABINO MONTE;;;;Colisão Transversal;Mal Iluminada;Bom;Seca;Cruz;Pare;Comercial;0;2;3;1;0;0;0;0;0;1;0;0;-38,51207;-3,755927
297064;22;9;2016;13:02;0;RUA BERNARDO MANUEL;;;8259;;Colisão Transversal;Luz do Dia;Bom;Seca;Meio de Quadra;Não Há Controle;Comercial;0;1;3;0;0;0;0;0;0;1;0;0;-38,549248;-3,791601
297065;22;9;2016;13:30;12514;RUA JULIO BRAGA;AV LINEU MACHADO;;;;Colisão;Luz do Dia;;;Outros;Semáforo;Residencial;0;1;1;1;0;0;0;0;0;1;0;0;-38,58179;-3,775335
297068;22;9;2016;14:08;17001;RUA BOA VISTA;RUA IRACEMA D71;;;;Colisão Transversal;Luz do Dia;Bom;Seca;Cruz;Não Há Controle;Residencial;0;1;2;1;0;0;0;0;0;1;0;0;;
297060;22;9;2016;12:48;0;AV ENG ALBERTO SA;;;1220;;Colisão;Luz do Dia;;;Meio de Quadra;;;0;1;1;1;0;0;0;0;0;1;0;0;-38,472238;-3,735586
297046;22;9;2016;12:08;0;AV DOS EXPEDICIONARIOS;;;;;Colisão;Luz do Dia;;;Meio de Quadra;;;0;1;1;1;0;0;0;0;0;1;0;0;;
297044;22;9;2016;11:04;0;RUA CON DE CASTRO;;;4500;;Colisão;Luz do Dia;;;Meio de Quadra;;;0;2;1;0;0;0;0;0;0;1;0;0;-38,591738;-3,804822
297055;22;9;2016;12:09;0;AV GAL OSORIO DE PAIVA;;;1127;;Colisão;Luz do Dia;;;Meio de Quadra;;;0;1;1;0;0;0;0;0;0;1;0;0;-38,57209;-3,779151
297057;22;9;2016;12:22;0;AV FRE CIRILO;;;;;Colisão;Luz do Dia;;;Meio de Quadra;;;0;1;1;1;0;0;0;0;0;1;0;0;;
297134;22;9;2016;19:40;0;AV PERIMETRAL;;;1349;;Atropelamento;;;;Meio de Quadra;;;0;1;1;0;0;0;0;0;0;0;0;0;;
297139;22;9;2016;22:52;0;AV ROGACIANO LEITE;;;;;Colisão;;;;Meio de Quadra;;;0;1;0;0;0;0;0;0;0;0;0;0;;
297136;22;9;2016;21:32;1272;RUA JOAQUIM NABUCO;AV DOM LUIS;;;;Colisão;;;;Cruz;Semáforo Intermitente;Comercial;0;1;1;1;0;0;0;0;0;1;0;0;-38,500333;-3,732301
297137;22;9;2016;22:09;0;AV FRANCISCO SA;;;1266;;Colisão;;;;Meio de Quadra;;;0;1;1;1;0;0;0;0;0;1;0;0;;
297125;22;9;2016;19:22;0;RUA GURGEL DO AMARAL;;;;;Colisão;;;;Meio de Quadra;;;0;1;0;0;0;0;0;0;0;0;0;0;;
297120;22;9;2016;17:12;0;AV ENG HUMBERTO MONTE;;;;;Colisão;Anoitecer;;;Meio de Quadra;;;0;1;1;1;0;0;0;0;0;1;0;0;;
297121;22;9;2016;17:23;0;RUA MARTINS CARVALHO;;;;;Colisão;Anoitecer;;;Meio de Quadra;;;0;1;0;0;0;0;0;0;0;0;0;0;;
297122;22;9;2016;17:27;0;RUA ULISSES;;;103;;Atropelamento;Anoitecer;;;Meio de Quadra;;;0;1;0;0;0;0;0;0;0;0;0;0;;
297123;22;9;2016;18:29;0;AV JOSE BASTOS;;;2472;;Colisão;Anoitecer;;;Meio de Quadra;;;0;1;1;0;0;0;0;0;0;1;0;0;-38,543909;-3,743275
291865;22;9;2016;19:30;0;RUA CEL MATOS DOURADO;;;1349;;Atropelamento;;;;Meio de Quadra;;;1;0;1;0;0;0;1;0;0;0;0;0;-38,584653;-3,748424
291678;22;9;2016;14:30;0;RUA TEBAS;;;355;;Colisão Transversal;Luz do Dia;;;Meio de Quadra;;;1;0;1;1;0;0;0;0;0;1;0;0;-38,620253;-3,809903
291583;22;9;2016;10:30;0;AV DES MOREIRA;;;1250;;Colisão Lateral;Luz do Dia;Bom;Seca;Meio de Quadra;Outros;Comercial;0;0;2;1;0;0;0;0;0;0;0;0;-38,498391;-3,736304
291585;22;9;2016;08:15;15205;AV ABOLICAO;RUA OSVALDO CRUZ (ALDEOTA);;;;Colisão Traseira;Luz do Dia;Bom;Seca;Cruz;Semáforo;Comercial;0;3;1;1;0;0;0;0;0;1;0;0;-38,497445;-3,72669
291572;22;9;2016;10:00;16557;AV GODOFREDO MACIEL;RUA MIRTYL MEYER;;;;Colisão Lateral;Luz do Dia;Bom;Seca;Cruz;Pare;Comercial;0;1;1;1;0;0;0;0;0;1;0;0;-38,573893;-3,809211
291578;22;9;2016;16:30;0;AV DOMINGOS OLIMPIO;;;227;;Colisão Traseira;Luz do Dia;Bom;Seca;Meio de Quadra;;;0;1;2;1;0;0;0;0;0;0;0;0;-38,526796;-3,737922
291574;22;9;2016;08:30;26227;AV GAL OSORIO DE PAIVA;RUA AGAMENON;;;;Colisão Traseira;Luz do Dia;Bom;Seca;Cruz;Semáforo;Comercial;0;0;2;1;0;0;0;0;0;0;0;0;;
291609;22;9;2016;08:00;25980;AV SANTOS DUMONT;RUA JOAQUIM GENU;;;;Engavetamento;Luz do Dia;Bom;Seca;T;Não Há Controle;Comercial;0;0;4;1;0;0;0;0;0;0;0;0;-38,484292;-3,740773
291866;23;9;2016;21:00;0;AV JOSE SABOIA;;;500;;Atropelamento;;;;Meio de Quadra;;;1;0;1;1;0;0;0;0;0;0;0;0;-38,467434;-3,71713
297143;23;9;2016;01:42;0;AV SGT HERMINIO SAMPAIO;;;1415;;Queda;;;;Meio de Quadra;;;0;2;0;0;0;0;0;0;0;1;0;0;-38,552995;-3,724999
297141;23;9;2016;00:10;0;RUA VIRGILIO BRIGIDO;;;;;Colisão;;;;Meio de Quadra;;;0;3;0;0;0;0;0;0;0;1;0;0;;
297147;23;9;2016;02:15;0;RUA DEMETRIO MENEZES;;;;;Queda;;;;Meio de Quadra;;;0;1;0;0;0;0;0;0;0;1;0;0;;
297145;23;9;2016;01:43;0;AV CONTORNO SUL;;;71;;Queda;;;;Meio de Quadra;;;0;1;0;0;0;1;0;0;0;0;0;0;;
297149;23;9;2016;02:43;24969;AV PDE ANTONIO TOMAS;AV ALM HENRIQUE SABOIA;;;;Queda;;;;Cruz;Semáforo;Comercial;0;1;0;0;0;0;0;0;0;1;0;0;-38,489455;-3,743493
297156;23;9;2016;06:53;10935;RUA BAR CANINDE;RUA ELCIAS LOPES;;300;;Colisão Transversal;Luz do Dia;Bom;Seca;Cruz;Pare;Residencial;0;2;2;1;0;0;0;0;0;0;0;0;-38,557426;-3,770473
297101;23;9;2016;21:20;0;RD CE-025;;;;KM-04;Colisão;;Bom;Seca;Meio de Quadra;;;0;0;2;1;0;0;0;0;0;0;0;0;-38,443339;-3,805112
297158;23;9;2016;07:00;0;AV GAL OSORIO DE PAIVA;;;7683;;Queda;Luz do Dia;;;Meio de Quadra;;;0;1;0;0;0;0;0;0;0;1;0;0;-38,616465;-3,819595
297162;23;9;2016;07:15;0;AV BEZERRA DE MENEZES;;;1465;;Colisão;Luz do Dia;;;Meio de Quadra;;;0;2;1;1;0;0;0;0;0;1;0;0;-38,557906;-3,734294
297165;23;9;2016;07:34;0;AV DUQ CAXIAS;;;425;;Colisão;Luz do Dia;;;Meio de Quadra;;;0;1;1;1;0;0;0;0;0;1;0;0;-38,52856;-3,732219
296306;23;9;2016;12:55;0;RD CE-040;;;;KM-09;Colisão;Luz do Dia;Bom;Seca;Meio de Quadra;;;0;0;2;1;0;0;0;0;0;0;0;0;-38,481538;-3,825516
296318;23;9;2016;14:00;0;AV SEN CARLOS JEREISSATI (AEROPORTO);;;;;Colisão Lateral;Luz do Dia;Bom;Seca;Outros;Não Há Controle;Comercial;0;0;3;1;1;0;0;0;0;0;0;0;;
297247;23;9;2016;07:34;0;AV DUQ CAXIAS;;;425;;Colisão;Luz do Dia;;;;;;0;0;1;1;0;0;0;0;0;1;0;0;-38,52856;-3,732219
297248;23;9;2016;08:01;0;AV JOAO PESSOA;;;4976;;Colisão;Luz do Dia;;;Meio de Quadra;;;0;1;1;1;0;0;0;0;0;1;0;0;-38,552208;-3,755504
297250;23;9;2016;08:04;0;RUA ANTONIO COSTA MENDES;;;439;;Colisão;Luz do Dia;;;Meio de Quadra;;;0;1;1;1;0;0;0;0;0;1;0;0;;
297251;23;9;2016;08:10;0;RUA ARRUDA CAMARA;;;417;;Colisão;Luz do Dia;;;Meio de Quadra;;;0;0;2;1;0;0;0;0;0;1;0;0;-38,582979;-3,7901
297252;23;9;2016;08:24;0;RUA JULIO SILVA;;;440;;Colisão;Luz do Dia;;;Meio de Quadra;;;0;1;1;1;0;0;0;0;0;1;0;0;;
297253;23;9;2016;09:02;0;RUA OSVALDO CRUZ (ALDEOTA);;;2554;;Colisão;Luz do Dia;;;Meio de Quadra;;;0;1;1;1;0;0;0;0;0;1;0;0;-38,50432;-3,747996
297254;23;9;2016;09:49;0;ET DO FIO (MESSEJANA);;;2200;;Colisão;Luz do Dia;;;Meio de Quadra;;;0;1;1;1;0;0;0;0;0;1;0;0;;
297255;23;9;2016;10:19;0;RUA PEDRO PEREIRA;;;;;Colisão;Luz do Dia;;;Meio de Quadra;;;0;1;1;1;0;0;0;0;0;1;0;0;;
297259;23;9;2016;10:51;5272;RUA TEREZA CRISTINA;RUA PEDRO I;;;;Colisão;Luz do Dia;;;Cruz;Pare;Comercial;0;1;1;1;0;0;0;0;0;1;0;0;-38,537196;-3,728475
297275;23;9;2016;13:57;0;RUA PERGENTINO MAIA;;;621;;Colisão;Luz do Dia;;;Meio de Quadra;;;0;1;1;0;0;0;0;0;0;1;0;0;-38,489058;-3,83138
297265;23;9;2016;11:06;0;AV PASTEUR;;;195;;Colisão;Luz do Dia;;;Meio de Quadra;;;0;1;1;1;0;0;0;0;0;1;0;0;;
297266;23;9;2016;11:50;0;AV PRS COSTA E SILVA;;;2051;;Queda;Luz do Dia;;;Meio de Quadra;;;0;1;0;0;0;0;0;0;0;1;0;0;-38,563161;-3,818812
297283;23;9;2016;14:43;13564;RUA CAP GUSTAVO;RUA CASTRO ALVES;;327;;Colisão Transversal;Luz do Dia;Bom;Seca;Cruz;Pare;Residencial;0;4;2;0;0;0;0;0;0;1;0;0;-38,517747;-3,749887
297277;23;9;2016;14:11;0;RUA ANTONIO BARROS;;;;;Colisão;Luz do Dia;;;Meio de Quadra;Pare;Comercial;0;1;1;0;0;0;0;0;0;1;0;0;;
297278;23;9;2016;14:12;0;AV AUGUSTO DOS ANJOS;;;;;Queda;Luz do Dia;;;Meio de Quadra;;;0;1;0;0;0;0;0;0;0;1;0;0;;
297313;23;9;2016;18:27;0;AV DUQ CAXIAS;;;450;;Atropelamento;Anoitecer;;;Meio de Quadra;;;0;1;1;0;0;0;0;0;0;1;0;0;-38,528646;-3,73219
297314;23;9;2016;18:29;0;AV CASTELO DE CASTRO;;;236;;Colisão;Anoitecer;;;Meio de Quadra;;;0;2;1;0;0;0;0;0;0;1;0;0;-38,5215;-3,831094
297315;23;9;2016;18:34;0;AV SGT HERMINIO SAMPAIO;;;;;Queda;;;;Meio de Quadra;;;0;1;0;0;0;0;0;0;0;1;0;0;;
297308;23;9;2016;17:14;13732;RUA NELSON STUDART;RUA JOSE B PARENTE D59;;;;Colisão;Anoitecer;;;;;;0;1;1;1;0;0;0;0;0;1;0;0;-38,485666;-3,773264
297309;23;9;2016;17:52;0;AV FRANCISCO SA;;;;;Colisão;Anoitecer;;;Meio de Quadra;;;0;1;0;0;0;0;0;0;0;0;0;0;;
297270;23;9;2016;12:49;0;RUA BETEL;;;;;Atropelamento;Luz do Dia;;;Meio de Quadra;;;0;1;1;1;0;0;0;0;0;0;0;0;;
297291;23;9;2016;15:52;0;RUA PAULINO ROCHA D32;;;;;Colisão;Luz do Dia;;;Meio de Quadra;;;0;1;1;1;0;0;0;0;0;1;0;0;;
297293;23;9;2016;16:39;0;AV 13 DE MAIO;;;;;Colisão Traseira;Luz do Dia;Bom;Seca;Meio de Quadra;Não Há Controle;Comercial;0;0;4;1;0;0;0;0;0;0;0;0;;
297408;23;9;2016;22:48;19375;RUA NAPOLEAO QUEZADO;RUA CON DE CASTRO;;;;Queda;;;;Cruz;Pare;Comercial;0;1;0;0;0;0;0;0;0;1;0;0;-38,566777;-3,777706
297403;23;9;2016;21:07;5530;AV DAS GRAVIOLAS;AV ADENANTERAS;;;;Colisão;;;;T;Pare;Residencial;0;1;1;1;0;1;0;0;0;0;0;0;;
297391;23;9;2016;20:37;0;RUA WALDIR DIOGO;;;575;;Colisão;;;;Meio de Quadra;;;0;0;2;0;0;0;0;0;0;1;0;0;-38,583052;-3,805857
297396;23;9;2016;21:03;0;AV OLAVO BILAC;;;159;;Colisão;;;;Meio de Quadra;;;0;2;1;1;0;0;0;0;0;1;0;0;-38,566397;-3,722958
297398;23;9;2016;21:05;0;RUA BARRA MANSA;;;686;;Queda;;;;Meio de Quadra;;;0;1;0;0;0;0;0;0;0;1;0;0;-38,614716;-3,794606
297388;23;9;2016;20:24;0;RUA NICOLAU COELHO;;;369;;Atropelamento;;;;Meio de Quadra;;;0;1;1;0;0;0;0;0;0;0;0;0;;
297384;23;9;2016;19:33;3320;RUA ARGENTINA;RUA VIRIATO RIBEIRO;;1820;;Colisão Transversal;Luz do Dia;Bom;Seca;Cruz;Pare;Residencial;0;0;4;1;0;0;0;0;0;0;0;0;-38,564284;-3,747181
297380;23;9;2016;19:30;0;AV ENG LEAL LIMA VERDE (SAPIRANGA/COITE);;;;;Colisão;;;;Meio de Quadra;;;0;1;1;1;0;0;0;0;0;1;0;0;;
297335;23;9;2016;18:41;25003;AV SGT HERMINIO SAMPAIO;AV DR THEBERGE;;;;Colisão;;;;Cruz;Semáforo;Misto;0;1;1;1;0;0;0;0;0;1;0;0;-38,569276;-3,727916
297336;23;9;2016;18:46;9018;RUA SOLON PINHEIRO;RUA SALDANHA MARINHO;;724;;Colisão Transversal;Anoitecer;Bom;Seca;Cruz;Pare;Residencial;0;1;2;1;0;0;0;0;0;0;0;0;-38,530406;-3,742594
297337;23;9;2016;18:59;5675;RUA ALICE;RUA CHICO LEMOS;;;;Colisão;;;;Cruz;Pare;Residencial;0;1;1;1;0;0;0;0;0;1;0;0;-38,499726;-3,790026
297333;23;9;2016;18:38;0;RUA CARLOS AMORA;AV GAL OSORIO DE PAIVA;;;;Colisão Frontal;Luz do Dia;Bom;Seca;T;Pare;Comercial;0;1;2;0;0;0;0;0;0;1;0;0;-38,564562;-3,774032
297405;23;9;2016;21:43;0;AV ENG HUMBERTO MONTE;;;1428;;Colisão;;;;Meio de Quadra;;;0;1;0;0;0;0;0;0;0;0;0;0;-38,561688;-3,747639
297406;23;9;2016;22:38;0;AV SEN CARLOS JEREISSATI (AEROPORTO);;;;;Queda;;;;Meio de Quadra;;;0;1;0;0;0;0;0;0;0;1;0;0;;
291521;23;9;2016;13:00;7762;AV ANTONIO SALES;RUA NUNES VALENTE;;;;Colisão Transversal;Luz do Dia;Bom;Seca;Cruz;Pare;Residencial;0;0;2;1;0;0;0;0;0;1;0;0;-38,506314;-3,744237
291527;23;9;2016;19:30;0;RUA JAIME BENEVOLO;;;1571;;Colisão Traseira;Via Iluminada;Bom;Seca;Meio de Quadra;Não Há Controle;Residencial;0;0;2;1;0;0;0;0;0;0;0;0;-38,529994;-3,745896
294029;23;9;2016;12:00;0;RUA SILVA PAULET;;;;;Colisão;Luz do Dia;;;Meio de Quadra;;;0;0;2;0;0;0;0;0;0;0;0;0;;
294030;23;9;2016;12:30;0;AV ENG SANTANA JUNIOR;;;;;Engavetamento;Luz do Dia;;;Meio de Quadra;;;1;0;6;1;0;0;0;0;0;1;0;0;;
294034;23;9;2016;01:37;0;RUA CON DE CASTRO;;;1901;;Colisão;;;;Meio de Quadra;;;0;0;2;0;1;0;0;0;0;0;0;0;-38,575539;-3,787293
303261;23;9;2016;12:50;0;AV OLIVEIRA PAIVA;;;2555;;Colisão Traseira;Luz do Dia;Bom;Seca;Meio de Quadra;Não Há Controle;Comercial;0;0;2;1;0;0;0;0;0;0;0;0;-38,483793;-3,796056
303264;23;9;2016;17:30;19269;RUA PRO GOMES BRASIL;RUA MARACANA;;0;;Colisão Traseira;Anoitecer;Bom;Seca;Meio de Quadra;Não Há Controle;Comercial;0;0;2;1;0;0;0;0;0;0;0;0;-38,568438;-3,77284
303425;23;9;2016;19:32;0;AV B CJ CEARA;;;;;Queda;;;;Meio de Quadra;;;0;1;0;0;0;1;0;0;0;0;0;0;;
303426;23;9;2016;19:51;10935;RUA ELCIAS LOPES;RUA BAR CANINDE;;;;Colisão;;;;Cruz;Pare;Comercial;0;2;0;0;0;0;0;0;0;0;0;0;-38,557426;-3,770473
302027;23;9;2016;07:20;13485;RUA PINHO PESSOA;RUA MON BRUNO;;0;;Colisão Transversal;Luz do Dia;Bom;Seca;Cruz;Pare;Residencial;0;0;2;1;0;0;0;0;0;0;0;0;-38,513585;-3,745262
302029;23;9;2016;12:00;0;RUA AFONSO VISEU;;;0;;Colisão Lateral;Luz do Dia;Bom;Seca;Meio de Quadra;Não Há Controle;Comercial;0;0;2;1;0;0;0;0;0;0;0;0;;
302030;23;9;2016;14:30;1656;RUA BENI DE CARVALHO;RUA PRO DIAS DA ROCHA;;0;;Colisão Transversal;Luz do Dia;Bom;Seca;Cruz;Pare;Comercial;0;0;2;1;0;0;0;0;0;0;0;0;-38,495024;-3,745994
302035;23;9;2016;21:00;5352;AV DOM MANUEL;RUA PINTO MADEIRA;;0;;Colisão Lateral;Via Iluminada;Bom;Seca;Cruz;Semáforo;Comercial;0;0;2;1;0;0;0;0;0;0;0;0;-38,521957;-3,730964
302032;23;9;2016;17:10;0;RUA PDE GUERRA;;;254;;Colisão Lateral;Anoitecer;Bom;Seca;Meio de Quadra;Não Há Controle;Residencial;0;0;1;1;0;0;0;0;0;0;0;0;-38,545776;-3,736476
302033;23;9;2016;20:10;1350;RUA SILVA PAULET;RUA TORRES CAMARA;;0;;Colisão Transversal;Via Iluminada;Bom;Seca;Cruz;Pare;Comercial;0;0;2;1;0;0;0;0;0;0;0;0;-38,505905;-3,735958
302084;24;9;2016;18:10;0;AV OLIVEIRA PAIVA;;;0;;Colisão Traseira;Via Iluminada;Bom;Seca;Meio de Quadra;Não Há Controle;Residencial;0;0;2;1;0;0;0;0;0;0;0;0;;
302036;24;9;2016;03:29;17265;RUA ALBERTO MAGNO;RUA SATIRO DIAS;;0;;Colisão Transversal;Via Iluminada;Bom;Seca;Cruz;Pare;Comercial;0;1;2;1;0;0;0;0;0;0;0;0;-38,547531;-3,762063
302037;24;9;2016;06:29;0;RUA PDE PEDRO DE ALENCAR;;;0;;Choque c/ Obstáculo Fixo;Luz do Dia;Bom;Seca;Meio de Quadra;Não Há Controle;Comercial;0;0;1;1;0;0;0;0;0;0;0;0;;
302038;24;9;2016;08:01;0;RUA DIAMANTINA;;;56;;Colisão Transversal;Luz do Dia;Bom;Seca;Meio de Quadra;Não Há Controle;Residencial;0;0;1;1;0;0;0;0;0;0;0;0;-38,56766;-3,76484
302039;24;9;2016;08:48;13376;RUA GONCALVES LEDO;RUA JOAO BRIGIDO;;0;;Colisão Transversal;Luz do Dia;Bom;Seca;Cruz;Pare;Residencial;0;0;2;1;0;0;0;0;0;1;0;0;-38,518955;-3,739611
302040;24;9;2016;09:13;23658;AV SGT HERMINIO SAMPAIO;RUA POMPEU CAVALCANTE;;0;;Colisão Transversal;Luz do Dia;Nublado;Seca;Duplo T;Pare;Comercial;0;1;1;1;0;0;0;0;0;1;0;0;-38,562833;-3,726772
302041;24;9;2016;08:30;0;RUA DOM LINO;;;54;;Colisão Transversal;Luz do Dia;Bom;Seca;Meio de Quadra;Não Há Controle;Residencial;0;0;2;1;0;0;0;0;0;0;0;0;-38,557481;-3,73463
302042;24;9;2016;09:27;0;AV DES MOREIRA;;;2005;;Engavetamento;Amanhecer;Bom;Seca;Meio de Quadra;Semáforo;Residencial;0;0;3;1;0;0;0;0;0;0;0;0;-38,500542;-3,743052
302043;24;9;2016;09:50;9132;AV 13 DE MAIO;RUA JAIME BENEVOLO;;0;;Colisão Transversal;Luz do Dia;Bom;Seca;Cruz;Semáforo;Comercial;0;1;1;1;0;0;0;0;0;1;0;0;-38,530741;-3,748122