COD_ACIDENTE;DIA;MES;ANO;HORA;INTERSECAO;LOG1;LOG2;LOG3;NUMERO;REFERENCIA;NATUREZA;ILUMINACAO;TEMPO;SUPERFICIEPISTA;TIPOCRUZAMENTO;CONTROLETRAFEGO;USOSOLO;MORTOS;FERIDOS;ILESOS;AUTOMOVEL;ONIBUS;BICICLETA;CAMINHAO;MICROONIBUS;CICLOMOTOR;MOTOCICLETA;TRACAOANIMAL;TREM;LONG;LAT
302044;24;9;2016;10:00;0;AV PRO GOMES DE MATOS;;;1258;;Engavetamento;Luz do Dia;Bom;Seca;Meio de Quadra;Não Há Controle;Comercial;0;0;3;1;0;0;0;0;0;0;0;0;-38,54751;-3,76337
302045;24;9;2016;11:29;0;RUA MAL DEODORO;;;1224;;Colisão Traseira;Luz do Dia;Bom;Seca;Meio de Quadra;Não Há Controle;Residencial;0;0;2;1;0;0;0;0;0;0;0;0;-38,537878;-3,745943
302046;24;9;2016;10:50;0;AV JOSE BASTOS;;;3612;;Colisão Traseira;Luz do Dia;Bom;Seca;Meio de Quadra;Não Há Controle;Comercial;0;0;2;1;0;0;0;0;0;0;0;0;-38,551162;-3,750699
302048;24;9;2016;12:50;5086;RUA PDE MORORO;RUA SAO PAULO;;0;;Colisão Transversal;Luz do Dia;Bom;Seca;Cruz;Não Há Controle;Comercial;0;0;2;1;0;0;0;0;0;0;0;0;-38,536741;-3,722996
302049;24;9;2016;15:09;11161;RUA JULIO GASPAR;RUA MANUEL TEOFILO;;0;;Colisão Transversal;Luz do Dia;Bom;Seca;Cruz;Pare;Residencial;0;0;2;1;0;0;0;0;0;0;0;0;-38,561561;-3,783745
302050;24;9;2016;14:25;1598;RUA MON CATAO;RUA CAROLINA SUCUPIRA;;0;;Colisão Transversal;Luz do Dia;Bom;Seca;Cruz;Pare;Residencial;0;1;1;1;0;0;0;0;0;0;0;0;-38,492167;-3,743696
302051;24;9;2016;14:48;0;RUA JORGE DUMAR;;;2054;;Colisão Transversal;Luz do Dia;Bom;Seca;Meio de Quadra;Não Há Controle;Residencial;0;1;1;1;0;0;0;0;0;0;0;0;-38,539657;-3,753939
302052;24;9;2016;16:00;0;AV DEP PAULINO ROCHA;;;2611;;Colisão Lateral;Luz do Dia;Bom;Seca;Meio de Quadra;Não Há Controle;Residencial;0;1;1;1;0;0;0;0;0;1;0;0;;
302053;24;9;2016;15:08;0;RUA BRAZ DE FRANCESCO;;;300;;Colisão Lateral;Luz do Dia;Bom;Seca;Meio de Quadra;Não Há Controle;Comercial;0;0;3;1;0;0;0;0;0;0;0;0;-38,567314;-3,734418
302054;24;9;2016;17:20;17440;RUA ANTONIO FIUZA;RUA PRO TEODORICO;;0;;Colisão Lateral;Via Iluminada;Bom;Seca;Cruz;Pare;Comercial;0;1;0;1;0;0;0;0;0;1;0;0;-38,551898;-3,769303
298014;24;9;2016;00:22;0;AV GOV RAUL BARBOSA;;;1330;;Queda;;;;Meio de Quadra;;;0;1;0;0;0;0;0;0;0;1;0;0;;
298028;24;9;2016;10:17;11645;RUA ANTONIO IVO;RUA BOA VISTA;;;;Colisão;Luz do Dia;;;Cruz;Não Há Controle;Misto;0;2;0;0;0;0;0;0;0;1;0;0;-38,585964;-3,769076
298005;24;9;2016;00:03;0;RUA ABEL RIBEIRO;;;500;;Queda;;;;Meio de Quadra;;;0;2;0;0;0;0;0;0;0;1;0;0;-38,577981;-3,780696
298026;24;9;2016;08:13;0;RUA PIAUI;;;13;;Colisão;Luz do Dia;;;Meio de Quadra;;;0;1;1;1;0;0;0;0;0;1;0;0;;
298196;24;9;2016;23:54;0;RUA AVILA GOULART;;;;;Colisão;;;;Meio de Quadra;;;0;1;1;0;0;0;0;0;0;0;0;0;;
298190;24;9;2016;21:09;0;AV ENG SANTANA JUNIOR;;;;;Colisão;;;;;;;0;2;1;0;0;0;0;0;0;0;0;0;;
298083;24;9;2016;13:58;0;AV DEP PAULINO ROCHA;;;3131;CASTELAO;Colisão;Luz do Dia;;;Meio de Quadra;;;0;1;1;1;0;0;0;0;0;1;0;0;-38,523807;-3,808405
298147;24;9;2016;20:10;631;RUA COELHO DA FONSECA;RUA GOMES PASSOS;;;;Colisão;;;;Cruz;Não Há Controle;Residencial;0;1;1;1;0;0;0;0;0;1;0;0;-38,561401;-3,711137
298134;24;9;2016;18:34;0;RUA PORTO ALEGRE;;;1359;;Atropelamento;;;;Meio de Quadra;;;0;1;0;0;0;0;0;0;0;0;0;0;-38,590519;-3,760288
298139;24;9;2016;19:19;5210;RUA GUILHERME ROCHA;RUA SEN POMPEU;;;;Atropelamento;;;;Meio de Quadra;Semáforo;Comercial;0;1;1;1;0;0;0;0;0;0;0;0;-38,529501;-3,726508
298126;24;9;2016;18:24;265;RUA ERICO MOTA;RUA GAL BERNARDO FIGUEIREDO;;;;Queda;Anoitecer;;;Cruz;Pare;Comercial;0;1;0;0;0;1;0;0;0;0;0;0;-38,561691;-3,74168
298113;24;9;2016;17:33;4976;RUA SAO SEBASTIAO D62;RUA JOSE MESSIAS MATOS;;;;Atropelamento;Anoitecer;;;;;;0;1;1;0;0;0;0;0;0;1;0;0;-38,51622;-3,794848
294026;24;9;2016;23:30;19115;AV ENG SANTANA JUNIOR;RUA LAURO NOGUEIRA;;;;Colisão;;;;T;Pare;Comercial;0;2;1;0;1;0;0;0;0;1;0;0;-38,483756;-3,738325
294027;24;9;2016;17:20;0;AV DEP PAULINO ROCHA;;;2611;;Colisão;Anoitecer;;;Meio de Quadra;;;0;1;1;0;0;0;0;0;0;0;0;0;;
291528;24;9;2016;19:30;25115;RUA AMAZONAS;RUA ESTADO DO RIO;;;;Outros;;Bom;Seca;Cruz;Pare;Residencial;0;0;2;0;0;0;0;1;0;0;0;0;-38,566565;-3,751778
291530;24;9;2016;03:00;3419;AV JOAO PESSOA;RUA MIGUEL GONCALVES;;;;Colisão Transversal;Via Iluminada;Bom;Seca;Cruz;Pare;Comercial;1;0;1;0;0;0;0;0;0;1;0;0;-38,55508;-3,75871
291535;24;9;2016;13:15;0;AV TRISTAO GONCALVES;;;1074;;Engavetamento;Luz do Dia;Bom;Seca;Meio de Quadra;Não Há Controle;Comercial;0;1;5;1;0;0;0;0;0;1;0;0;-38,534419;-3,731137
291532;24;9;2016;17:45;0;AV IMPERADOR;;;;;Colisão Traseira;Anoitecer;Bom;Seca;Meio de Quadra;Não Há Controle;Comercial;0;0;2;1;1;0;0;0;0;0;0;0;;
291533;24;9;2016;20:30;10005;RUA DUAS NACOES;RUA TAQUARI;;;;Colisão Frontal;Via Iluminada;Bom;Seca;Cruz;Pare;Residencial;0;0;2;1;0;0;0;0;0;0;0;0;-38,601822;-3,776149
291537;24;9;2016;06:30;8631;AV EDILSON B SOARES;RUA ERNESTO MONTEIRO;;;;Colisão Transversal;Luz do Dia;Bom;Seca;Cruz;Pare;Comercial;0;1;1;1;0;0;0;0;0;0;0;0;-38,471126;-3,788645
291538;24;9;2016;10:00;13771;AV PINTO BANDEIRA D56;RUA LUIZA MIRANDA COELHO;;;;Colisão Transversal;Luz do Dia;Bom;Seca;Cruz;Pare;Misto;0;1;1;1;0;0;0;0;0;0;0;0;-38,487283;-3,774929
291539;24;9;2016;02:00;3831;AV 13 DE MAIO;RUA MAL DEODORO;;;;Colisão;Via Iluminada;Bom;Seca;;Semáforo;Misto;1;0;2;1;0;0;0;0;0;1;0;0;-38,536588;-3,743122
296319;24;9;2016;14:50;0;AV SEN CARLOS JEREISSATI (AEROPORTO);;;;KM 01;Colisão;Luz do Dia;Bom;Seca;Meio de Quadra;;;0;0;2;0;0;0;0;0;0;1;0;0;-38,52685;-3,783753
296572;24;9;2016;08:00;0;RD BR 116;;;5000;KM-05;Colisão Lateral;Luz do Dia;;;Meio de Quadra;;;0;0;2;1;0;0;1;0;0;0;0;0;-38,506787;-3,796502
296945;24;9;2016;08:30;0;AV MIN JOSE AMERICO;;;;;Colisão;Luz do Dia;Bom;Seca;Meio de Quadra;;;0;0;2;0;0;0;0;0;0;0;0;0;;
296320;25;9;2016;07:30;0;AV SEN CARLOS JEREISSATI (AEROPORTO);;;;KM 03;Colisão;Luz do Dia;Bom;Seca;Meio de Quadra;;;0;0;2;1;0;0;0;0;0;0;0;0;-38,544038;-3,779641
296322;25;9;2016;16:40;0;RD CE-040;;;;KM-03;Colisão;Luz do Dia;Bom;Seca;Meio de Quadra;;;0;0;2;1;0;0;0;1;0;0;0;0;-38,481799;-3,773616
296323;25;9;2016;18:00;0;RD CE-040;;;;KM-05;Colisão;Anoitecer;Bom;Seca;Meio de Quadra;;;0;0;2;1;0;0;0;0;0;0;0;0;-38,480331;-3,791613
291540;25;9;2016;12:00;15875;RUA GUARUJA;RUA ANGELICA GURGEL;;;;Colisão Lateral;Luz do Dia;Bom;Seca;Cruz;Pare;Escola;0;0;2;1;1;0;0;0;0;0;0;0;-38,499064;-3,834789
291534;25;9;2016;17:40;7911;AV ANTONIO SALES;RUA OSVALDO CRUZ (ALDEOTA);;;;Colisão Traseira;Anoitecer;Bom;Seca;Cruz;Semáforo;Comercial;0;1;1;0;0;0;0;0;0;1;0;0;;
291536;25;9;2016;19:30;17352;AV JOAO PESSOA;RUA ELVIRA PINHO;;;;Colisão Lateral;Via Iluminada;Bom;Seca;;Gesto;Residencial;0;0;2;1;0;0;0;0;0;0;0;0;-38,559092;-3,765499
291529;25;9;2016;22:30;9020;RUA JAIME BENEVOLO;RUA SALDANHA MARINHO;;;;Colisão Lateral;Via Iluminada;Bom;Seca;Cruz;Semáforo;Residencial;0;1;1;1;0;0;0;0;0;1;0;0;-38,528994;-3,743046
291546;25;9;2016;14:40;17310;RUA ALVARO FERNANDES;RUA ALBERTO MAGNO;;;;Colisão Transversal;Luz do Dia;Bom;Seca;Cruz;Semáforo;Comercial;0;0;2;1;0;0;0;0;0;0;0;0;-38,549422;-3,764244
294024;25;9;2016;02:15;5091;RUA CASTRO E SILVA;RUA GAL SAMPAIO;;;;Colisão;Amanhecer;;;Cruz;Semáforo;Comercial;0;2;1;1;0;0;0;0;0;1;0;0;-38,52967;-3,723098
294022;25;9;2016;17:25;0;RUA VALPARAISO;;;1272;;Colisão;Anoitecer;;;Meio de Quadra;;;0;1;1;1;0;0;0;0;0;1;0;0;-38,529834;-3,840886
294014;25;9;2016;12:40;15778;RUA TAQUATIARA;RUA STA CLARA DE ASSIS;;;;Colisão;Luz do Dia;;;Cruz;Pare;Comercial;0;1;1;0;1;0;0;0;0;1;0;0;-38,502459;-3,830267
294015;25;9;2016;13:20;0;AV DEP PAULINO ROCHA;;;2552;;Colisão Traseira;Luz do Dia;Chuva;Molhada;Meio de Quadra;Não Há Controle;Comercial;0;1;2;1;1;0;0;0;0;0;0;0;-38,518852;-3,810273
294016;25;9;2016;23:30;13107;AV C CJ JOSE WALTER;AV J CJ JOSE WALTER;;;;Colisão;;;;Rotatória;Pare;Misto;0;2;1;1;0;0;0;0;0;1;0;0;-38,555025;-3,828939
294017;25;9;2016;21:00;6818;RUA DR GILBERTO STUDART;RUA FRANCISCO MATOS;;;;Colisão Transversal;Via Iluminada;Bom;Seca;Cruz;Pare;Residencial;0;0;3;1;0;0;0;0;1;1;0;0;-38,470191;-3,747084
294018;25;9;2016;20:00;25027;AV DR SILAS MUNGUBA;RUA PRA STELLA COCHRANE;;7500;;Colisão Traseira;Via Iluminada;Bom;Seca;T;Não Há Controle;Comercial;0;2;2;1;0;0;1;0;0;1;0;0;-38,535043;-3,79309
294019;25;9;2016;20:05;0;RD BR 116;;;5000;KM-05;Colisão;;;;Meio de Quadra;;;0;1;1;0;0;0;0;0;0;1;0;0;-38,506787;-3,796502
291571;25;9;2016;14:56;5405;RUA GAL CLARINDO DE QUEIROZ;RUA BAR RIO BRANCO;;;;Colisão Lateral;Luz do Dia;Bom;Seca;Cruz;Semáforo;Comercial;0;1;1;1;0;0;0;0;0;1;0;0;-38,530239;-3,732679
291563;25;9;2016;09:20;0;AV JOAO PESSOA;;;4693;;Colisão Lateral;Luz do Dia;Bom;Seca;Meio de Quadra;Não Há Controle;Comercial;0;1;1;1;0;0;0;0;0;1;0;0;;
291567;25;9;2016;09:30;1303;RUA BARBOSA DE FREITAS;AV DOM LUIS;;;;Colisão Lateral;Luz do Dia;Bom;Seca;Cruz;Semáforo Intermitente;Comercial;0;0;2;1;0;0;0;0;0;0;0;0;-38,496396;-3,733564
291586;25;9;2016;20:40;18510;RUA MEXICO;RUA TEN MARQUES;;;;Colisão Lateral;Via Iluminada;Bom;Seca;Cruz;Pare;Residencial;0;1;2;1;0;0;0;0;0;1;0;0;-38,573257;-3,734792
291588;25;9;2016;23:00;18498;AV GOV PARSIFAL BARROSO;RUA MARIA MIRIAN F  DE SOUZA;;;;Colisão Frontal;Via Iluminada;Bom;Seca;T;Semáforo;Residencial;0;0;2;1;0;0;0;0;0;0;0;0;-38,568958;-3,733515
291589;25;9;2016;13:20;24331;AV LUCIANO CARNEIRO;RUA ARMANDO MONTEIRO;;;;Atropelamento;Luz do Dia;Bom;Seca;Cruz;Pare;Residencial;0;1;1;1;0;0;0;0;0;0;0;0;-38,536219;-3,763454
291581;25;9;2016;08:15;0;AV DR SILAS MUNGUBA;;;3791;;Colisão Transversal;Luz do Dia;Bom;Seca;Meio de Quadra;Pare;Residencial;0;2;2;1;1;0;0;0;0;0;0;0;-38,539931;-3,79051
291553;25;9;2016;14:20;1394;RUA TIBURCIO CAVALCANTE;RUA TORRES CAMARA;;;;Colisão Lateral;Luz do Dia;Bom;Seca;Cruz;Semáforo Intermitente;Residencial;0;1;1;1;0;0;0;0;0;1;0;0;-38,502906;-3,736933
291550;25;9;2016;10:45;0;RUA TEODOMIRO DE CASTRO;;;4156;;Colisão;Luz do Dia;Bom;Seca;Meio de Quadra;Pare;Residencial;0;0;4;1;0;0;0;0;0;0;0;0;-38,570944;-3,719459
291560;25;9;2016;14:45;589;AV PASTEUR;RUA FRE TEOBALDO;;;;Colisão Lateral;Luz do Dia;Bom;Seca;Cruz;Não Há Controle;Residencial;0;2;1;1;0;0;0;0;0;1;0;0;;
291557;25;9;2016;10:30;5111;AV MON TABOSA;RUA DOM JOAQUIM;;;;Engavetamento;Luz do Dia;Bom;Seca;T;Semáforo;Comercial;0;0;3;1;0;0;0;0;0;0;0;0;-38,516158;-3,723778
298221;25;9;2016;08:28;0;RUA BETEL;;;;;Colisão;Luz do Dia;;;Meio de Quadra;;;0;1;1;1;0;0;0;0;0;0;0;0;;
298218;25;9;2016;01:21;13534;RUA JOAO CORDEIRO;AV SORIANO ALBUQUERQUE;;;;Queda;;;;Cruz;Pare;Residencial;0;1;0;0;0;0;0;0;0;1;0;0;-38,519458;-3,747871
298219;25;9;2016;01:43;0;RUA REGINA DE FATIMA;;;2630;;Colisão;;;;Meio de Quadra;;;0;1;1;1;0;0;0;0;0;1;0;0;;
298230;25;9;2016;08:51;0;RUA TAQUATIARA;;;;;Colisão;Luz do Dia;;;Meio de Quadra;;;0;2;0;0;0;0;0;0;0;0;0;0;;
298277;25;9;2016;17:17;0;RUA VITORIA;;;1425;;Colisão;Anoitecer;;;Meio de Quadra;;;0;1;1;1;0;0;0;0;0;1;0;0;;
298288;25;9;2016;17:24;0;AV MR HULL;;;4035;;Atropelamento;Anoitecer;;;Meio de Quadra;;;0;2;0;0;0;0;0;0;0;1;0;0;-38,580937;-3,738105
298262;25;9;2016;11:06;0;RUA L CJ VILA VELHA;;;;;Capotamento;Luz do Dia;;;Meio de Quadra;;;0;1;0;1;0;0;0;0;0;0;0;0;;
298427;25;9;2016;21:11;0;RUA DR THOMPSON BULCAO;;;602;;Colisão;;;;Meio de Quadra;;;0;1;1;0;0;0;0;0;0;1;0;0;;
298435;25;9;2016;22:22;0;AV H CJ CEARA;;;;;Colisão;;;;Meio de Quadra;;;0;2;0;0;0;0;0;0;0;1;0;0;;
298442;25;9;2016;22:31;0;AV PRS CASTELO BRANCO;;;;;Atropelamento;;;;Meio de Quadra;;;0;1;1;1;0;0;0;0;0;0;0;0;;
302055;25;9;2016;10:01;22889;RUA VITORIANO BORGES;RUA BARBA ALARDO;;0;;Colisão Transversal;Luz do Dia;Bom;Seca;Cruz;Não Há Controle;Residencial;0;0;2;0;0;0;0;0;0;0;0;0;-38,551404;-3,781506
302056;25;9;2016;10:00;0;RUA VALPARAISO;;;1302;;Colisão Lateral;Luz do Dia;Bom;Seca;Outros;Não Há Controle;Residencial;0;1;2;1;0;0;0;0;0;1;0;0;-38,53003;-3,840723
302058;25;9;2016;20:45;1573;RUA GAL TERTULIANO POTYGUARA;RUA JOAQUIM NABUCO;;0;;Colisão Lateral;Via Iluminada;Bom;Seca;Cruz;Não Há Controle;Residencial;0;0;2;1;0;0;0;0;0;0;0;0;-38,503511;-3,742164
302047;25;9;2016;13:00;15141;AV MON TABOSA;RUA CARLOS VASCONCELOS;;0;;Engavetamento;Luz do Dia;Bom;Seca;Cruz;Semáforo;Comercial;0;0;3;1;0;0;0;0;0;0;0;0;-38,507985;-3,724289
302059;26;9;2016;07:06;0;RUA JORGE DUMAR;;;2078;;Colisão Traseira;Luz do Dia;Bom;Seca;Meio de Quadra;Não Há Controle;Escola;0;0;2;1;0;0;0;0;0;0;0;0;-38,539682;-3,754044
302060;26;9;2016;07:50;25114;RUA IRM BAZET;AV JOAO PESSOA;;0;;Colisão Lateral;Luz do Dia;Nublado;Seca;Meio de Quadra;Gesto;Escola;0;0;2;1;0;0;0;0;0;1;0;0;-38,556566;-3,760376
302061;26;9;2016;08:40;0;AV SEN VIRGILIO TAVORA;RUA BRI CORREIA DE MELO;;0;;Colisão Traseira;Luz do Dia;Bom;Seca;T;Pare;Comercial;0;0;2;1;0;0;0;0;0;0;0;0;;
302062;26;9;2016;09:24;24376;RUA DOMINGOS JAGUARIBE;RUA JORGE ACURCIO;;0;;Colisão Lateral;Luz do Dia;Bom;Seca;Cruz;Pare;Comercial;0;0;2;1;1;0;0;0;0;0;0;0;-38,532384;-3,766857
302063;26;9;2016;09:44;0;AV 13 DE MAIO;;;0;;Colisão Lateral;Luz do Dia;Bom;Seca;Meio de Quadra;Não Há Controle;Escola;0;1;1;1;0;0;0;0;0;1;0;0;;
302064;26;9;2016;12:51;1378;RUA DES LEITE ALBUQUERQUE;RUA OSVALDO CRUZ (ALDEOTA);;3263;;Colisão Transversal;Luz do Dia;Bom;Seca;Cruz;Pare;Comercial;0;0;3;1;0;0;0;0;0;1;0;0;-38,50064;-3,736598
302065;26;9;2016;14:19;17363;RUA ALBERTO MAGNO;RUA CEL ALEXANDRINO;;0;;Engavetamento;Luz do Dia;Bom;Seca;Cruz;Semáforo;Comercial;0;1;4;1;0;0;0;0;0;0;0;0;-38,551141;-3,766199
302067;26;9;2016;16:19;25065;AV DOS EXPEDICIONARIOS;RUA JULIO DA SILVEIRA;;0;;Colisão Traseira;Luz do Dia;Bom;Seca;Cruz;Pare;Residencial;0;0;2;1;0;0;0;0;0;0;0;0;-38,539181;-3,758331
302068;26;9;2016;16:15;3199;RUA VERBENA;RUA VITAL BRASIL;;0;;Colisão Lateral;Luz do Dia;Bom;Seca;Meio de Quadra;Semáforo;Comercial;0;0;2;0;0;0;0;0;0;0;0;0;-38,58865;-3,780666
302069;26;9;2016;17:18;0;AV JOAO PESSOA;;;5609;;Colisão Traseira;Luz do Dia;Bom;Seca;Meio de Quadra;Não Há Controle;Residencial;0;2;2;1;0;0;0;0;0;1;0;0;-38,556368;-3,76014
302070;26;9;2016;19:06;0;RUA JOAQUIM MAGALHAES;;;1384;;Colisão Transversal;Anoitecer;Bom;Seca;Meio de Quadra;Não Há Controle;Comercial;0;0;2;1;0;0;0;0;0;0;0;0;-38,526324;-3,740493
302071;26;9;2016;18:30;3789;AV 13 DE MAIO;RUA WALDERY UCHOA;;0;;Colisão Traseira;Via Iluminada;Bom;Seca;Cruz;Não Há Controle;Comercial;0;0;2;1;0;0;0;0;0;1;0;0;-38,537427;-3,742399
302080;26;9;2016;16:22;1250;AV BAR STUDART;RUA COSTA BARROS;;;;Queda;Luz do Dia;Bom;Seca;Cruz;Semáforo;Comercial;0;0;1;0;0;0;0;0;0;1;0;0;-38,505837;-3,732231
298446;26;9;2016;07:23;0;RD CE-040;;;2945;;Colisão;Luz do Dia;;;Meio de Quadra;;;0;1;0;1;0;0;0;0;0;1;0;0;;
298456;26;9;2016;08:19;4080;AV JOSE BASTOS;RUA CEARA;;;;Colisão;Luz do Dia;;;Cruz;Semáforo;Comercial;0;1;1;1;0;0;0;0;0;1;0;0;-38,564112;-3,760008
298460;26;9;2016;17:20;0;AV DOMINGOS OLIMPIO;;;397;;Colisão Traseira;Luz do Dia;Bom;Seca;Meio de Quadra;Não Há Controle;Comercial;0;0;4;1;0;0;0;0;0;1;0;0;-38,527874;-3,737584
298464;26;9;2016;18:16;0;AV JOSE BASTOS;;;2880;;Colisão;Anoitecer;;;Meio de Quadra;;;0;2;0;1;0;0;0;0;0;1;0;0;-38,546954;-3,746523
303256;26;9;2016;09:10;0;AV AGUANAMBI;;;0;;Colisão Transversal;Luz do Dia;Bom;Seca;Cruz;Gesto;Comercial;0;0;2;1;0;0;0;0;0;0;0;0;;
291558;26;9;2016;06:13;1550;RUA PDE VALDEVINO;RUA DR JOSE LOURENCO;;;;Colisão Lateral;Luz do Dia;Bom;Seca;Cruz;Semáforo;Comercial;0;0;2;1;0;0;0;0;0;0;0;0;-38,509928;-3,741307
291561;26;9;2016;11:00;0;AV DUQ CAXIAS;;;508;;Colisão Lateral;Luz do Dia;Bom;Seca;Meio de Quadra;Semáforo;Comercial;0;1;1;1;0;0;0;0;0;1;0;0;-38,529062;-3,732054
291562;26;9;2016;11:15;0;AV GAL OSORIO DE PAIVA;;;1854;;Colisão;Luz do Dia;Bom;Seca;Meio de Quadra;Pare;Comercial;0;1;1;1;0;0;0;0;0;1;0;0;-38,578167;-3,783027
291554;26;9;2016;16:00;6720;AV ENG SANTANA JUNIOR;RUA CAROLINA SUCUPIRA;;;;Colisão Lateral;Luz do Dia;Bom;Seca;Outros;Pare;Comercial;0;1;1;1;1;0;0;0;0;0;0;0;-38,488863;-3,74477
291552;26;9;2016;08:55;11002;RUA EQUADOR;RUA ELCIAS LOPES;;;;Colisão Transversal;Luz do Dia;Bom;Seca;Cruz;Pare;Lazer;0;1;1;1;0;0;0;0;0;1;0;0;-38,551915;-3,772451
291547;26;9;2016;14:00;0;AV ABOLICAO;;;;;Colisão Traseira;Luz do Dia;Bom;Seca;Meio de Quadra;Não Há Controle;Comercial;0;0;2;1;0;0;0;0;0;0;0;0;;
291548;26;9;2016;15:10;5053;RUA AGAPITO DOS SANTOS;RUA SEN ALENCAR;;;;Colisão Lateral;Luz do Dia;Bom;Seca;Cruz;Pare;Residencial;0;0;2;1;0;0;0;0;0;0;0;0;-38,537552;-3,721799
291549;26;9;2016;14:00;26252;RUA PERGENTINO MAIA;RUA ANTONIO BARROS;;;;Colisão Transversal;Luz do Dia;Bom;Seca;Cruz;Pare;Comercial;0;0;2;1;0;0;0;0;0;0;0;0;;
291564;26;9;2016;14:00;3969;RUA PRO COSTA MENDES;RUA FRE ORLANDO;;;;Colisão Transversal;Anoitecer;Bom;Seca;Cruz;Pare;Comercial;0;1;2;1;0;0;0;0;0;1;0;0;-38,546297;-3,755259
291565;26;9;2016;18:00;0;RUA MIN ALBUQUERQUE LIMA;;;780;;Atropelamento;Via Iluminada;Bom;Seca;Meio de Quadra;Semáforo;Comercial;0;1;1;0;0;0;0;0;0;1;0;0;-38,605931;-3,770175
294005;26;9;2016;11:00;9560;RUA BARRA VERMELHA;RUA LONDRINA;;;;Colisão;Luz do Dia;;;;;;0;2;1;0;1;0;0;0;0;1;0;0;-38,612199;-3,778526
294006;26;9;2016;09:25;0;AV PRS CASTELO BRANCO;;;595;;Atropelamento;Luz do Dia;Nublado;Seca;Meio de Quadra;Semáforo;Residencial;0;2;2;1;0;0;0;0;0;0;0;0;;
294003;26;9;2016;10:00;0;RUA PDE PITA;;;;;Colisão;Luz do Dia;;;Meio de Quadra;;;0;0;2;1;0;0;0;0;0;0;0;0;;
291541;26;9;2016;13:00;0;AV GAL OSORIO DE PAIVA;;;1706;;Colisão Traseira;Luz do Dia;Bom;Seca;Meio de Quadra;Semáforo;Comercial;0;0;2;1;0;0;0;0;0;1;0;0;-38,577307;-3,782507
291542;26;9;2016;19:00;15216;AV ABOLICAO;RUA VIS MAUA;;;;Colisão Traseira;Anoitecer;Bom;Seca;Cruz;Pare;Residencial;0;0;3;1;0;0;0;0;0;0;0;0;-38,496477;-3,727006
291543;26;9;2016;18:40;0;AV ANTONIO SALES;;;1500;;Colisão Lateral;Anoitecer;Bom;Seca;Meio de Quadra;;Residencial;0;0;2;1;0;0;0;0;0;0;0;0;-38,510187;-3,743034
291544;26;9;2016;09:05;0;AV TRISTAO GONCALVES;;;;;Colisão Lateral;Luz do Dia;Bom;Seca;Meio de Quadra;Não Há Controle;Comercial;0;0;2;1;1;0;0;0;0;0;0;0;;
291545;26;9;2016;08:40;4080;AV JOSE BASTOS;RUA CEARA;;;;Atropelamento;Luz do Dia;Nublado;Seca;Cruz;Pare;Comercial;0;1;1;0;0;0;0;0;0;1;0;0;-38,564112;-3,760008
296324;26;9;2016;20:06;0;RD CE-025;;;;KM-01;Colisão;;Bom;Seca;Meio de Quadra;;;0;0;2;1;1;0;0;0;0;0;0;0;-38,470049;-3,807811
296325;26;9;2016;23:40;0;RD CE-040;;;;KM-03;Colisão;;Bom;Seca;Meio de Quadra;;;0;0;2;0;1;0;0;0;0;0;0;0;-38,481799;-3,773616
296326;27;9;2016;09:30;0;AV MIN JOSE AMERICO;;;;;Colisão;Luz do Dia;Bom;Seca;Meio de Quadra;;;0;0;2;1;0;0;0;0;0;0;0;0;;
296655;27;9;2016;18:15;0;RD BR 116;;;11000;KM-11;Queda;Anoitecer;;;Meio de Quadra;;;0;1;1;0;0;0;0;0;1;0;0;0;-38,497176;-3,84716
296646;27;9;2016;07:00;0;RD BR 116;;;7000;KM-07;Colisão Lateral;Luz do Dia;;;Meio de Quadra;;;0;0;2;0;0;0;0;0;0;1;0;0;-38,501101;-3,813246
294000;27;9;2016;16:00;3299;AV GAL OSORIO DE PAIVA;RUA COSMONAUTAS D34;;;;Colisão;Luz do Dia;;;T;Pare;Comercial;0;1;1;1;0;0;0;0;0;1;0;0;-38,586704;-3,788924
294001;27;9;2016;14:00;0;RD BR 116;;;5000;KM-05;Choque c/ Obstáculo Fixo;Luz do Dia;;;Meio de Quadra;;;0;0;2;0;0;0;0;0;0;0;0;0;-38,506787;-3,796502
291597;27;9;2016;14:10;23707;AV GAL OSORIO DE PAIVA;RUA ARARAQUARA;;;;Colisão Lateral;Luz do Dia;Bom;Seca;Outros;Pare;Misto;0;0;2;1;0;0;0;0;0;0;0;0;-38,578753;-3,783347
291594;27;9;2016;07:40;18743;RUA VALPARAISO;RUA CATOLE;;;;Colisão Transversal;Luz do Dia;Bom;Seca;Cruz;Pare;Misto;0;0;2;1;0;0;1;0;0;0;0;0;-38,520171;-3,846407
291595;27;9;2016;17:48;1394;RUA TORRES CAMARA;RUA TIBURCIO CAVALCANTE;;;;Colisão Lateral;Via Iluminada;Bom;Seca;Cruz;Não Há Controle;Residencial;0;1;1;1;0;0;0;0;0;1;0;0;-38,502906;-3,736933
291601;27;9;2016;13:20;0;RUA CON LIMA SUCUPIRA;;;2094;;Colisão Lateral;Luz do Dia;Bom;Seca;Meio de Quadra;Não Há Controle;Residencial;0;0;2;1;0;0;1;0;0;0;0;0;-38,554793;-3,77687