COD_ACIDENTE;DIA;MES;ANO;HORA;INTERSECAO;LOG1;LOG2;LOG3;NUMERO;REFERENCIA;NATUREZA;ILUMINACAO;TEMPO;SUPERFICIEPISTA;TIPOCRUZAMENTO;CONTROLETRAFEGO;USOSOLO;MORTOS;FERIDOS;ILESOS;AUTOMOVEL;ONIBUS;BICICLETA;CAMINHAO;MICROONIBUS;CICLOMOTOR;MOTOCICLETA;TRACAOANIMAL;TREM;LONG;LAT
291604;27;9;2016;19:00;15872;RUA GUARUJA;RUA CONRADO MALTA;;;;Colisão Transversal;Via Iluminada;Bom;Seca;Cruz;Pare;Residencial;0;0;2;1;0;0;0;0;0;0;0;0;-38,502099;-3,834736
291559;27;9;2016;20:45;1258;RUA MON BRUNO;AV SANTOS DUMONT;;;;Colisão Frontal;Via Iluminada;Bom;Seca;Cruz;Pare;Comercial;0;0;2;1;0;0;0;0;0;0;0;0;-38,509506;-3,732595
303258;27;9;2016;07:30;0;AV ALBERTO CRAVEIRO;;;2644;;Colisão Transversal;Luz do Dia;Bom;Seca;Meio de Quadra;Não Há Controle;Comercial;0;2;0;0;0;0;0;0;0;1;0;0;-38,521448;-3,803094
298564;27;9;2016;09:23;22990;AV DR SILAS MUNGUBA;RUA AMERICO VESPUCIO;;2965;;Colisão Lateral;Luz do Dia;Bom;Seca;T;Pare;Residencial;0;1;2;0;0;0;0;0;0;1;0;0;;
298622;27;9;2016;10:59;19759;RUA AMADEU FURTADO;RUA AZEVEDO BOLAO;;;;Colisão;Luz do Dia;;;Cruz;Pare;Residencial;0;1;1;1;0;0;0;0;0;1;0;0;-38,563588;-3,737863
298650;27;9;2016;11:02;1358;AV SANTOS DUMONT;AV DES MOREIRA;;7800;;Colisão Lateral;Luz do Dia;Bom;Seca;Cruz;Semáforo;Comercial;0;1;4;1;1;0;0;0;0;0;0;0;-38,498365;-3,736226
302081;27;9;2016;10:00;12838;RUA SILVA JARDIM;RUA SEN POMPEU;;0;;Colisão Transversal;Luz do Dia;Bom;Seca;T;Pare;Comercial;0;0;3;1;1;0;0;0;0;0;0;0;-38,533702;-3,740379
302082;27;9;2016;13:20;1471;RUA LEONARDO MOTA;RUA EDUARDO GARCIA;;0;;Colisão Lateral;Luz do Dia;Bom;Seca;Cruz;Semáforo;Comercial;0;0;2;1;0;0;0;0;0;0;0;0;-38,497026;-3,738839
302083;27;9;2016;14:12;0;AV JOSE BASTOS;;;0;HEMOCE;Engavetamento;Luz do Dia;Bom;Seca;Meio de Quadra;Não Há Controle;Comercial;0;0;4;1;0;0;0;0;0;0;0;0;;
302074;27;9;2016;07:40;12794;AV PRO GOMES DE MATOS;RUA JORGE DUMAR;;0;;Colisão Traseira;Luz do Dia;Bom;Seca;Y;Dê Preferência;Escola;0;0;2;1;0;0;0;0;0;0;0;0;-38,539734;-3,754269
302075;27;9;2016;08:20;7496;RUA PEDRO DANTAS;RUA JOAO FONSECA;;0;;Colisão Lateral;Luz do Dia;Bom;Seca;Cruz;Pare;Comercial;0;0;2;1;0;0;0;0;0;0;0;0;-38,522903;-3,785733
302076;27;9;2016;09:28;19829;AV ENG HUMBERTO MONTE;RUA PDE GUERRA;;0;;Colisão Lateral;Luz do Dia;Bom;Seca;Meio de Quadra;Não Há Controle;Residencial;0;0;2;1;0;0;0;0;0;0;0;0;-38,567491;-3,740923
302077;27;9;2016;09:49;0;AV DEP PAULINO ROCHA;;;0;;Colisão Traseira;Luz do Dia;Bom;Seca;Rotatória;Dê Preferência;Lazer;0;0;2;1;0;0;0;0;0;0;0;0;;
302078;27;9;2016;08:30;0;RUA PDE MORORO;;;573;;Colisão Lateral;Luz do Dia;Bom;Seca;Meio de Quadra;Não Há Controle;Residencial;0;0;2;1;0;0;0;0;0;0;0;0;-38,536339;-3,72174
302079;27;9;2016;10:01;5322;AV IMPERADOR;AV DUQ CAXIAS;;0;;Colisão Lateral;Luz do Dia;Bom;Seca;Cruz;Semáforo;Comercial;0;0;2;1;1;0;0;0;0;0;0;0;-38,535297;-3,730048
302085;27;9;2016;14:02;3299;AV GAL OSORIO DE PAIVA;RUA COSMONAUTAS D34;;0;;Colisão Lateral;Luz do Dia;Bom;Seca;T;Pare;Comercial;0;1;1;1;0;0;0;0;0;1;0;0;-38,586704;-3,788924
302087;27;9;2016;14:59;1266;RUA BAR ARACATI;RUA PDE LUIS FIGUEIRA;;0;;Colisão Transversal;Luz do Dia;Bom;Seca;Cruz;Pare;Comercial;0;0;2;1;0;0;0;0;0;0;0;0;-38,512022;-3,733156
302088;27;9;2016;16:43;3769;RUA SEN POMPEU;AV DOMINGOS OLIMPIO;;0;;Colisão Traseira;Luz do Dia;Bom;Seca;Cruz;Semáforo;Escola;0;0;2;0;1;0;0;0;0;1;0;0;-38,532455;-3,736254
302089;27;9;2016;17:23;7433;RUA PEDRO DANTAS;RUA CLARIM;;0;;Colisão Transversal;Anoitecer;Bom;Seca;T;Pare;Residencial;0;0;2;1;0;0;0;0;0;0;0;0;-38,525882;-3,785202
302023;27;9;2016;20:40;26083;AV BEZERRA DE MENEZES;AV JOSE JATAHY;;0;;Engavetamento;Luz do Dia;Bom;Seca;Cruz;Semáforo;Comercial;0;0;7;1;0;0;0;0;0;0;0;0;;
302092;27;9;2016;20:41;0;RUA GAL TERTULIANO POTYGUARA;RUA OSVALDO CRUZ;;0;;Colisão Transversal;Via Iluminada;Bom;Seca;Cruz;Pare;Escola;0;0;2;1;0;0;0;0;0;1;0;0;;
302090;28;9;2016;12:12;12837;AV DOMINGOS OLIMPIO;RUA JAIME BENEVOLO;;0;;Colisão Lateral;Luz do Dia;Bom;Seca;Meio de Quadra;Não Há Controle;Comercial;0;0;2;1;0;0;0;0;0;0;0;0;-38,527245;-3,73778
302091;28;9;2016;09:16;21848;RUA DNA LUCIA PINHEIRO (QUINTINO CUNHA);RUA XXVII CIDADE OESTE;;0;;Colisão Lateral;Luz do Dia;Bom;Seca;Cruz;Pare;Residencial;0;0;2;1;0;0;0;0;0;1;0;0;-38,598175;-3,731929
302094;28;9;2016;08:26;17254;RUA EUGENIO GADELHA;RUA ALM RUBIM;;0;;Colisão Transversal;Luz do Dia;Bom;Seca;Duplo T;Pare;Residencial;0;0;2;1;0;0;0;0;0;0;0;0;-38,550252;-3,761214
302095;28;9;2016;07:30;0;AV PRS COSTA E SILVA;RUA SILVA PAULET;;0;;Colisão Transversal;Luz do Dia;Bom;Seca;Cruz;Pare;Residencial;0;0;2;1;0;0;0;0;0;0;0;0;;
302098;28;9;2016;13:32;0;AV DOS EXPEDICIONARIOS;;;3622;;Colisão Traseira;Luz do Dia;Bom;Seca;Cruz;Semáforo;Comercial;0;2;3;1;0;0;0;1;0;1;0;0;-38,536814;-3,750589
301872;28;9;2016;09:49;0;AV GOV RAUL BARBOSA;;;7152;;Colisão Traseira;Luz do Dia;Bom;Seca;Meio de Quadra;Semáforo;Comercial;0;1;1;1;0;0;0;0;0;1;0;0;-38,512998;-3,775271
298662;28;9;2016;08:26;0;AV PERIMETRAL;;;;;Colisão;Luz do Dia;;;Meio de Quadra;;;0;1;1;1;0;0;0;0;0;1;0;0;;
298732;28;9;2016;12:02;2955;RUA MARIA JULIA;RUA SAO FRANCISCO D21;;;;Colisão;Luz do Dia;;;Cruz;Pare;Comercial;0;2;0;0;0;0;1;0;0;1;0;0;-38,601633;-3,798608
298738;28;9;2016;13:32;0;AV DR THEBERGE;RUA MANACA;;;;Colisão Lateral;Luz do Dia;Bom;Seca;Duplo T;Pare;Residencial;0;4;4;1;0;0;0;0;0;1;0;0;;
298741;28;9;2016;14:59;0;RUA DO SAMBURA;;;445;;Queda;Luz do Dia;;;Meio de Quadra;;;0;1;0;0;0;0;0;0;0;1;0;0;;
298744;28;9;2016;15:24;0;AV AGUANAMBI;;;;;Colisão;Luz do Dia;;;Meio de Quadra;;;0;1;0;1;0;0;0;0;0;1;0;0;;
298745;28;9;2016;16:45;0;RUA PDE RODOLFO;;;;;Colisão;Luz do Dia;;;Meio de Quadra;;;0;1;1;1;0;0;0;0;0;1;0;0;;
298757;28;9;2016;18:27;0;AV F CJ CEARA;;;;;Atropelamento;Anoitecer;;;Meio de Quadra;;;0;1;1;0;0;0;0;0;0;0;0;0;;
298751;28;9;2016;17:00;0;AV E CJ ESPERANCA;;;265;;Atropelamento;Anoitecer;;;Meio de Quadra;;;0;2;0;0;0;0;0;0;0;1;0;0;-38,586274;-3,816839
291605;28;9;2016;19:40;22157;RUA DELMIRO FARIAS;RUA MON FURTADO;;;;Colisão Lateral;Via Iluminada;Bom;Seca;Cruz;Pare;Residencial;0;0;2;1;0;0;0;0;0;0;0;0;-38,55055;-3,747544
291602;28;9;2016;09:40;5089;RUA DR JOAO MOREIRA;RUA MAJ FACUNDO;;;;Colisão;Luz do Dia;Bom;Seca;Cruz;Outros;Comercial;0;0;2;0;0;0;1;0;0;1;0;0;-38,526361;-3,723042
291607;28;9;2016;13:30;18493;AV GOV PARSIFAL BARROSO;RUA 5  LOTE SINCOL UI 908;;;;Colisão Lateral;Luz do Dia;Bom;Seca;T;Pare;Residencial;0;1;1;1;0;0;0;0;0;1;0;0;-38,568997;-3,732917
291613;28;9;2016;22:10;1490;RUA DES LEITE ALBUQUERQUE;RUA CEL JUCA;;;;Colisão Transversal;Anoitecer;Bom;Seca;Cruz;Pare;Residencial;0;0;2;1;0;0;0;0;0;0;0;0;-38,491875;-3,739434
291611;28;9;2016;10:30;9215;RUA MARIO MAMEDE;RUA EUSEBIO DE SOUZA;;;;Colisão Transversal;Luz do Dia;Bom;Seca;Cruz;Pare;Residencial;0;1;1;1;0;0;0;0;0;0;0;0;-38,530237;-3,75031
291615;28;9;2016;08:00;25124;AV AUGUSTO DOS ANJOS;RUA OLIVEIRA SOBRINHO;;;;Colisão Lateral;Luz do Dia;Bom;Seca;Y;Não Há Controle;Comercial;0;0;2;0;0;0;0;0;0;1;0;0;;
291631;28;9;2016;13:40;0;AV ABOLICAO;;;2377;;Colisão Traseira;Luz do Dia;Bom;Seca;Meio de Quadra;Semáforo;Comercial;0;0;2;1;0;0;0;0;0;0;0;0;-38,497523;-3,726664
291624;28;9;2016;09:00;7836;RUA JOAQUIM NABUCO;RUA CEL ALVES TEIXEIRA;;;;Colisão Transversal;Luz do Dia;Bom;Seca;Cruz;Não Há Controle;Residencial;0;0;2;1;0;0;0;0;0;0;0;0;-38,505167;-3,747357
291629;28;9;2016;10:20;0;RUA ANA BILHAR;;;107;;Colisão Lateral;Luz do Dia;Bom;Seca;Meio de Quadra;Semáforo;Residencial;0;0;2;1;0;0;0;0;0;0;0;0;;
291622;28;9;2016;08:00;0;RUA 60 CJ JOSE WALTER;;;411;;Colisão Lateral;Luz do Dia;Bom;Seca;Meio de Quadra;Outros;Residencial;0;0;2;1;0;0;0;0;0;0;0;0;-38,558095;-3,836773
291618;28;9;2016;10:30;10795;RUA TUPI D35;AV SEN FERNANDES TAVORA;;;;Colisão Transversal;Luz do Dia;Bom;Seca;Cruz;Semáforo;Residencial;0;0;2;0;0;0;0;0;0;1;0;0;-38,58041;-3,76313
291596;28;9;2016;14:10;13375;AV ANTONIO SALES;RUA J DA PENHA;;;;Colisão Transversal;Luz do Dia;Bom;Seca;Cruz;Pare;Comercial;0;1;1;1;0;0;0;0;0;1;0;0;-38,521352;-3,73954
291599;28;9;2016;00:30;17412;RUA BAR SOBRAL;RUA ALBERTO MAGNO;;;;Colisão Lateral;Via Iluminada;Bom;Seca;Cruz;Semáforo;Comercial;0;0;2;1;0;0;1;0;0;0;0;0;-38,552417;-3,767991
291590;28;9;2016;20:10;0;AV JOSE LEON;;;1143;;Colisão;Via Iluminada;Bom;Seca;Meio de Quadra;Pare;Residencial;0;0;2;1;0;0;0;0;0;0;0;0;;
291591;28;9;2016;07:00;634;AV PASTEUR;RUA GOMES PASSOS;;;;Colisão Transversal;Luz do Dia;Bom;Seca;Cruz;Não Há Controle;Comercial;0;0;2;0;0;0;0;0;0;1;0;0;-38,559096;-3,711941
291587;28;9;2016;11:00;0;RUA MON CATAO;;;1170;;Outros;Luz do Dia;Bom;Seca;Meio de Quadra;Não Há Controle;Comercial;0;0;2;1;0;0;0;0;0;0;0;0;-38,491535;-3,741782
291568;28;9;2016;11:20;0;AV PDE ANTONIO TOMAS;;;3885;;Colisão Transversal;Luz do Dia;Bom;Seca;Meio de Quadra;Não Há Controle;Residencial;0;0;2;1;0;0;0;0;0;0;0;0;-38,478474;-3,74701
291569;28;9;2016;18:45;0;AV ALBERTO NEPOMUCENO;;;;;Colisão Lateral;Via Iluminada;Bom;Seca;Meio de Quadra;Pare;Comercial;0;0;2;1;0;0;0;0;0;0;0;0;;
291570;28;9;2016;13:40;0;RUA SEN POMPEU;;;;;Colisão Traseira;Luz do Dia;Bom;Seca;Meio de Quadra;;Residencial;0;0;2;1;1;0;0;0;0;0;0;0;;
291575;28;9;2016;13:30;13771;AV PINTO BANDEIRA D56;RUA LUIZA MIRANDA COELHO;;;;Colisão Transversal;Luz do Dia;Bom;Seca;Cruz;Pare;Residencial;0;1;1;1;0;0;0;0;0;0;0;0;-38,487283;-3,774929
291576;28;9;2016;16:00;1701;RUA CAP ARAGAO;RUA CAP VASCONCELOS D46;;;;Colisão Lateral;Luz do Dia;Bom;Seca;Cruz;Semáforo;Residencial;0;0;2;1;0;0;1;0;0;0;0;0;-38,517041;-3,765538
291579;28;9;2016;19:10;10995;RUA ALM RUBIM;RUA 15 DE NOVEMBRO;;;;Colisão Transversal;Via Iluminada;Bom;Seca;Cruz;Semáforo;Comercial;0;1;1;1;0;0;0;0;0;1;0;0;-38,555939;-3,768907
291580;28;9;2016;14:45;15142;AV MON TABOSA;RUA MON BRUNO;;;;Colisão Transversal;Luz do Dia;Bom;Seca;Cruz;Pare;Comercial;0;0;2;0;0;0;0;0;0;0;0;0;-38,506833;-3,724369
291638;28;9;2016;00:00;15298;RUA BARBOSA DE FREITAS;RUA ANA BILHAR;;;;Colisão Lateral;Luz do Dia;Bom;Seca;Cruz;Pare;Residencial;0;0;2;1;0;0;1;0;0;0;0;0;-38,495143;-3,729646
291868;28;9;2016;10:00;5322;AV DUQ CAXIAS;AV IMPERADOR;;;;Colisão Transversal;Luz do Dia;Bom;Seca;Cruz;Semáforo;Comercial;1;0;1;1;0;0;0;0;0;1;0;0;-38,535297;-3,730048
291730;28;9;2016;13:00;0;AV I CJ CEARA;;;;;Colisão;Luz do Dia;;;Meio de Quadra;;;1;0;1;0;0;0;0;0;0;1;0;0;;
293998;28;9;2016;10:30;1525;AV PDE ANTONIO TOMAS;RUA BARBOSA DE FREITAS;;;;Atropelamento;Luz do Dia;;;Cruz;Semáforo Intermitente;Misto;0;1;1;0;0;0;0;0;0;1;0;0;-38,498619;-3,740495
293999;28;9;2016;09:30;7711;AV CARNEIRO DE MENDONCA;RUA JOAO NEPOMUCENO;;136;;Colisão Transversal;Luz do Dia;Bom;Seca;T;Pare;Residencial;0;2;2;0;0;0;0;0;0;1;0;0;-38,561079;-3,766702
296659;28;9;2016;06:20;0;RD BR 116;;;11000;KM-11;Colisão Traseira;Luz do Dia;;;Meio de Quadra;;;0;1;2;1;0;0;0;0;0;1;0;0;-38,497176;-3,84716
296667;28;9;2016;18:05;0;RD BR 116;;;5000;KM-05;Colisão Traseira;Anoitecer;;;Meio de Quadra;;;0;0;2;1;0;0;1;0;0;0;0;0;-38,506787;-3,796502
297107;28;9;2016;08:50;0;RD CE-040;;;;KM-02;Colisão;Luz do Dia;Bom;Seca;Meio de Quadra;;;0;0;2;1;1;0;0;0;0;0;0;0;-38,482583;-3,76465
296328;28;9;2016;13:30;0;AV SEN CARLOS JEREISSATI (AEROPORTO);;;;KM 02;Colisão;Luz do Dia;Bom;Seca;Meio de Quadra;;;0;0;2;1;0;0;0;0;0;0;0;0;-38,535424;-3,782194
296335;28;9;2016;08:20;0;RD CE-040;;;;KM-04;Colisão;Luz do Dia;Bom;Seca;Meio de Quadra;;;0;0;2;1;0;0;0;0;0;1;0;0;-38,481084;-3,782614
296336;28;9;2016;13:50;0;AV SEN CARLOS JEREISSATI (AEROPORTO);;;;KM 02;Colisão;Luz do Dia;Bom;Seca;Meio de Quadra;;;0;0;2;0;0;0;0;0;0;1;0;0;-38,535424;-3,782194
296339;28;9;2016;16:20;0;AV SEN CARLOS JEREISSATI (AEROPORTO);;;;KM 02;Colisão;Luz do Dia;Bom;Seca;Meio de Quadra;;;0;0;2;1;0;0;0;0;0;0;0;0;-38,535424;-3,782194
296340;29;9;2016;09:45;0;RD CE-060;;;;KM-01;Colisão;Luz do Dia;Bom;Seca;Meio de Quadra;;;0;0;2;1;0;0;1;0;0;0;0;0;-38,58015;-3,828411
296341;29;9;2016;12:30;0;RD CE-040;;;;KM-03;Colisão;Luz do Dia;Bom;Seca;Meio de Quadra;;;0;0;3;1;0;0;0;0;0;0;0;0;-38,481799;-3,773616
296342;29;9;2016;19:00;0;RD CE-040;;;;KM-07;Colisão;;Bom;Seca;Meio de Quadra;;;0;0;2;1;0;0;1;0;0;0;0;0;-38,478733;-3,809597
293992;29;9;2016;22:20;21590;RUA RAIMUNDO NERY;RUA COM GARCIA;;;;Colisão Lateral;Via Iluminada;Bom;Seca;Cruz;Pare;Residencial;0;1;2;0;1;0;0;0;0;1;0;0;-38,585684;-3,795908
293994;29;9;2016;10:10;7926;RUA BARBOSA DE FREITAS;AV ANTONIO SALES;;;;Colisão;Luz do Dia;;;Cruz;Semáforo;Residencial;0;0;2;1;0;0;0;0;0;0;0;0;-38,500407;-3,746051
291723;29;9;2016;14:15;0;AV DOMINGOS OLIMPIO;;;2100;;Colisão Traseira;Luz do Dia;Bom;Seca;Outros;Outros;Outros;0;0;2;0;0;0;0;0;0;0;0;0;-38,542131;-3,733059
291757;29;9;2016;07:45;24340;RUA DES PRAXEDES;RUA SAO MATEUS D14;;;;Colisão Transversal;Luz do Dia;Bom;Seca;Cruz;Pare;Residencial;0;0;2;1;0;0;0;0;0;0;0;0;-38,53873;-3,764329
291743;29;9;2016;09:30;11737;RUA DIOGO CORREIA;RUA JULIO BRAGA;;;;Colisão Transversal;Luz do Dia;Bom;Seca;Cruz;Semáforo;Comercial;0;0;2;0;0;0;1;0;0;0;0;0;-38,588606;-3,774008
291773;29;9;2016;08:45;0;AV AGUANAMBI;;;;;Colisão Lateral;Luz do Dia;Bom;Seca;Meio de Quadra;Semáforo;Comercial;0;0;2;1;0;0;1;0;0;0;0;0;;
291792;29;9;2016;05:30;0;AV BEIRA MAR;;;3960;;Outros;Luz do Dia;Bom;Seca;Meio de Quadra;Não Há Controle;Outros;0;1;1;1;0;1;0;0;0;0;0;0;-38,485685;-3,723287
291769;29;9;2016;07:00;1394;RUA TIBURCIO CAVALCANTE;RUA TORRES CAMARA;;;;Colisão Transversal;Luz do Dia;Bom;Seca;Cruz;Semáforo;Comercial;0;1;1;1;0;0;0;0;0;1;0;0;-38,502906;-3,736933
291783;29;9;2016;07:30;0;AV EDUARDO GIRAO;;;;ROTATÓRIA;Colisão Traseira;Luz do Dia;Bom;Seca;Outros;Dê Preferência;Comercial;0;0;2;1;0;0;0;0;0;0;0;0;;
291799;29;9;2016;09:40;0;RUA SAO JOSE D03;;;1;;Colisão Lateral;Luz do Dia;Bom;Seca;Meio de Quadra;Semáforo;Comercial;0;1;1;1;1;0;0;0;0;0;0;0;;
291637;29;9;2016;11:20;17297;AV PRO GOMES DE MATOS;RUA EDUARDO ANGELIM;;;;Colisão Transversal;Luz do Dia;Bom;Seca;Cruz;Pare;Comercial;0;0;2;1;0;0;0;0;0;0;0;0;-38,547809;-3,763719
291641;29;9;2016;08:05;0;RUA STA CLARA DE ASSIS;;;580;;Colisão Transversal;Luz do Dia;Bom;Seca;Meio de Quadra;Não Há Controle;Comercial;0;2;1;0;0;0;0;0;0;1;0;0;;
291651;29;9;2016;07:20;26255;AV HIS RAIMUNDO GIRAO;RUA HIS GUARINO ALVES;;;;Colisão Transversal;Luz do Dia;Bom;Seca;T;Pare;Comercial;0;1;1;1;0;0;0;0;0;1;0;0;;
291674;29;9;2016;16:15;26075;AV JOSE JATAHY;AV SGT HERMINIO SAMPAIO;;;;Colisão Lateral;Luz do Dia;Bom;Seca;Cruz;Semáforo;Comercial;0;0;2;1;0;0;0;0;0;0;0;0;;
291668;29;9;2016;07:15;11761;AV PRS CASTELO BRANCO;RUA JACINTO MATOS;;;;Colisão Lateral;Luz do Dia;Bom;Seca;T;Semáforo;Residencial;0;0;2;1;0;0;0;0;0;0;0;0;-38,546333;-3,71463
291666;29;9;2016;15:30;0;AV ABOLICAO;;;1810;;Colisão Traseira;Luz do Dia;Bom;Seca;Meio de Quadra;Semáforo;Comercial;0;0;2;1;1;0;0;0;0;0;0;0;-38,50293;-3,724941
291682;29;9;2016;11:00;1926;RUA HONORINA MAIA;AV ISABEL BEZERRA;;;;Colisão Transversal;Luz do Dia;Bom;Seca;Cruz;Pare;Comercial;0;2;1;0;0;0;0;1;0;1;0;0;-38,502185;-3,854802
291672;29;9;2016;07:55;26073;AV JOSE JATAHY;AV FRANCISCO SA;;;;Colisão Traseira;Luz do Dia;Bom;Seca;Cruz;Semáforo;Comercial;0;0;2;1;0;0;0;0;0;0;0;0;;
291706;29;9;2016;12:30;7576;AV DR SILAS MUNGUBA;RUA XII UI 611;;;;Colisão Traseira;Luz do Dia;Bom;Seca;T;Pare;Comercial;0;0;3;1;0;0;0;0;0;1;0;0;-38,533448;-3,794723
291702;29;9;2016;13:15;25159;AV MIGUEL DIAS;AV ALM MAXIMIANO DA FONSECA;;;;Colisão Lateral;Luz do Dia;Bom;Seca;Cruz;Gesto;Residencial;0;1;1;1;1;0;0;0;0;0;0;0;-38,487945;-3,770833
291719;29;9;2016;13:15;0;RUA BERNARDO MANUEL;;;;;Colisão Traseira;Luz do Dia;Bom;Seca;Outros;Não Há Controle;Outros;0;0;2;1;0;0;0;0;0;0;0;0;;
291598;29;9;2016;09:00;9114;AV BORGES DE MELO;RUA DEP OSWALDO STUDART;;;;Colisão Lateral;Luz do Dia;Bom;Seca;Cruz;Semáforo;Comercial;0;0;2;1;1;0;0;0;0;0;0;0;-38,532143;-3,758147
291593;29;9;2016;18:00;20814;RUA JOSE PONTES;RUA DOM MANUEL DE MEDEIROS;;;;Colisão Transversal;Via Iluminada;Bom;Seca;Cruz;Pare;Residencial;0;0;2;1;0;0;1;0;0;0;0;0;-38,568598;-3,739964
291621;29;9;2016;07:40;13425;RUA JOAO BRIGIDO;RUA DR JOSE LOURENCO;;;;Colisão Lateral;Luz do Dia;Bom;Seca;Duplo T;Semáforo;Comercial;0;0;2;1;0;0;0;0;0;0;0;0;-38,510259;-3,742347
291630;29;9;2016;08:00;3189;RUA CARLOS CHAGAS;RUA JOSE ARISTOTELES GONDIM;;;;Colisão Transversal;Luz do Dia;Bom;Seca;Cruz;Pare;Residencial;0;2;1;1;0;0;0;0;0;0;0;0;-38,585335;-3,780113
291628;29;9;2016;10:20;25092;AV 13 DE MAIO;RUA VICENTE AGUIAR;;;;Colisão Lateral;Luz do Dia;Bom;Seca;Cruz;Pare;Comercial;0;0;2;1;0;0;1;0;0;0;0;0;;
291635;29;9;2016;13:30;0;AV PRS COSTA E SILVA;;;1347;;Colisão Traseira;Luz do Dia;Bom;Seca;Meio de Quadra;Não Há Controle;Residencial;0;1;1;0;0;0;1;0;0;0;0;0;;
291617;29;9;2016;13:50;4542;AV DEP PAULINO ROCHA;RUA CEL ZACARIAS J FRANCA;;;;Colisão Transversal;Luz do Dia;Bom;Seca;T;Pare;Residencial;0;0;2;1;0;0;0;0;0;0;0;0;-38,508111;-3,805266
291614;29;9;2016;15:10;0;RUA COSTA BARROS;;;900;;Colisão Traseira;Luz do Dia;Bom;Seca;Meio de Quadra;Não Há Controle;Comercial;0;0;2;1;0;0;0;0;0;0;0;0;-38,515911;-3,728934
291610;29;9;2016;10:30;4189;RUA FRANCISCO CORDEIRO;AV PRS CASTELO BRANCO;;;;Colisão Lateral;Luz do Dia;Bom;Seca;Cruz;Semáforo;Comercial;0;0;3;0;0;0;1;0;0;0;0;0;-38,550593;-3,713113
291606;29;9;2016;12:50;242;RUA GAL BERNARDO FIGUEIREDO;RUA COS ALVARO DE OLIVEIRA;;;;Queda;Luz do Dia;Bom;Seca;Cruz;Pare;Residencial;0;1;1;1;0;0;0;0;0;1;0;0;-38,555261;-3,740373
298770;29;9;2016;14:08;0;AV PERIMETRAL;;;;;Colisão;Luz do Dia;;;Meio de Quadra;;;0;1;1;1;0;0;0;0;0;1;0;0;;
298823;29;9;2016;22:45;0;RUA DA COPAIBA;;;262;;Colisão;;;;Meio de Quadra;;;0;1;0;0;0;0;0;0;0;0;0;0;-38,50975;-3,783766
302096;29;9;2016;14:25;3787;RUA PDE FRANCISCO PINTO;RUA NOSSA SRA REMEDIOS;;0;;Colisão Lateral;Luz do Dia;Bom;Seca;T;Pare;Residencial;0;0;2;1;0;0;0;0;0;0;0;0;-38,539539;-3,743929
302057;29;9;2016;18:00;7824;RUA NUNES VALENTE;RUA FRANCISCO HOLANDA;;;;Colisão Transversal;Não Informado;Bom;Seca;Cruz;Gesto;Residencial;0;0;2;1;0;0;0;0;0;0;0;0;-38,507444;-3,747774
302093;29;9;2016;18:46;0;RUA BERNARDO MANUEL;;;7142;;Colisão Traseira;Via Iluminada;Bom;Seca;Meio de Quadra;Não Há Controle;Residencial;0;0;2;1;0;0;0;0;0;0;0;0;-38,545751;-3,7802
302103;30;9;2016;10:17;1350;RUA TORRES CAMARA;RUA SILVA PAULET;;0;;Colisão Transversal;Luz do Dia;Bom;Seca;Cruz;Pare;Comercial;0;0;2;1;0;0;0;0;0;0;0;0;-38,505905;-3,735958
302106;30;9;2016;14:09;13534;AV SORIANO ALBUQUERQUE;RUA JOAO CORDEIRO;;0;;Colisão Transversal;Luz do Dia;Bom;Seca;Cruz;Pare;Comercial;0;0;2;1;0;0;0;0;0;0;0;0;-38,519458;-3,747871
302107;30;9;2016;13:35;19953;RUA FRANCISCO LORDA;RUA ARTUR DE CARVALHO;;0;;Colisão Transversal;Luz do Dia;Bom;Seca;Cruz;Pare;Residencial;0;0;1;1;0;0;0;0;0;0;0;0;-38,534715;-3,761042
302114;30;9;2016;08:30;0;AV N CJ JOSE WALTER;AV G CJ JOSE WALTER;;0;;Colisão Transversal;Luz do Dia;Bom;Seca;T;Semáforo;Comercial;0;1;3;0;0;0;0;0;0;1;0;0;;
302115;30;9;2016;09:51;25554;RUA DES PRAXEDES;RUA ALM RUBIM;;0;;Colisão Traseira;Luz do Dia;Bom;Seca;T;Pare;Comercial;0;0;2;0;0;0;0;0;0;0;0;0;-38,548971;-3,759538
302153;30;9;2016;14:22;6545;AV A CJ CEARA;AV H CJ CEARA;;0;;Colisão Lateral;Luz do Dia;Bom;Seca;Meio de Quadra;Semáforo;Comercial;0;1;2;1;0;0;0;0;0;1;0;0;-38,605924;-3,775146
302097;30;9;2016;11:20;0;AV PONTES VIEIRA;;;0;CEARA MOTOR;Colisão Traseira;Luz do Dia;Bom;Seca;Meio de Quadra;Não Há Controle;Comercial;0;0;1;1;0;0;0;0;0;0;0;0;;
302099;30;9;2016;13:42;20042;AV DR SILAS MUNGUBA;AV PRS JUSCELINO KUBITSCHEK (PASSARÉ);;0;;Colisão Traseira;Luz do Dia;Bom;Seca;Rotatória;Dê Preferência;Residencial;0;0;2;1;0;0;0;0;0;0;0;0;-38,524782;-3,807229