COD_ACIDENTE;DIA;MES;ANO;HORA;INTERSECAO;LOG1;LOG2;LOG3;NUMERO;REFERENCIA;NATUREZA;ILUMINACAO;TEMPO;SUPERFICIEPISTA;TIPOCRUZAMENTO;CONTROLETRAFEGO;USOSOLO;MORTOS;FERIDOS;ILESOS;AUTOMOVEL;ONIBUS;BICICLETA;CAMINHAO;MICROONIBUS;CICLOMOTOR;MOTOCICLETA;TRACAOANIMAL;TREM;LONG;LAT
302100;30;9;2016;15:27;20042;AV DEP PAULINO ROCHA;AV ALBERTO CRAVEIRO;;0;;Colisão Transversal;Luz do Dia;Bom;Seca;Rotatória;Dê Preferência;Lazer;0;0;2;1;0;0;0;0;0;0;0;0;-38,524782;-3,807229
298888;30;9;2016;11:18;0;RUA LUIZ FCO XAVIER;;;255;;Colisão;Luz do Dia;;;Meio de Quadra;;;0;2;1;1;0;0;0;0;0;1;0;0;;
298900;30;9;2016;11:38;0;RUA BETEL;;;;;Colisão;Luz do Dia;;;Meio de Quadra;;;0;1;1;0;0;0;0;0;0;0;0;0;;
298906;30;9;2016;13:56;13328;RUA BERNARDO MANUEL;RUA ILHEUS;;;;Colisão Transversal;Luz do Dia;Bom;Seca;T;Não Há Controle;Residencial;0;1;3;1;0;0;0;0;0;0;0;0;-38,56438;-3,840342
298914;30;9;2016;16:03;0;AV ABOLICAO;;;963;;Atropelamento;Luz do Dia;;;Meio de Quadra;;;0;1;1;0;0;0;0;0;0;0;0;0;;
298926;30;9;2016;17:00;0;RUA HONORATO SILVA;;;963;;Atropelamento;Anoitecer;;;Meio de Quadra;;;0;1;0;0;0;0;0;0;0;1;0;0;;
298993;30;9;2016;17:03;0;RUA ARI CAVALCANTE;;;89;;Queda;Anoitecer;;;Meio de Quadra;;;0;1;0;0;0;1;0;0;0;0;0;0;;
298996;30;9;2016;17:24;0;RD BR 116;;;;;Colisão;Anoitecer;;;Meio de Quadra;;;0;1;0;1;0;0;0;0;0;1;0;0;;
291608;30;9;2016;17:30;3769;AV DOMINGOS OLIMPIO;RUA SEN POMPEU;;;;Colisão Lateral;Anoitecer;Bom;Seca;Cruz;Semáforo;Comercial;0;0;2;0;0;0;0;0;1;0;0;0;-38,532455;-3,736254
291623;30;9;2016;09:03;0;RUA JOAO CORDEIRO;;;2000;;Colisão Lateral;Luz do Dia;Bom;Seca;Outros;Não Há Controle;Residencial;0;1;0;1;0;0;0;0;0;1;0;0;-38,517192;-3,737725
291626;30;9;2016;16:00;1378;RUA DES LEITE ALBUQUERQUE;RUA OSVALDO CRUZ (ALDEOTA);;;;Colisão Transversal;Via Iluminada;Bom;Seca;Cruz;Pare;Residencial;0;0;2;1;0;0;0;0;0;0;0;0;-38,50064;-3,736598
291876;30;9;2016;16:50;6756;AV ENG SANTANA JUNIOR;AV ANTONIO SALES;;;;Colisão Transversal;Luz do Dia;Bom;Seca;Outros;Outros;Residencial;0;0;2;1;0;0;0;1;0;0;0;0;-38,490039;-3,749257
291877;30;9;2016;16:10;0;AV PRS COSTA E SILVA;;;;;Colisão Traseira;Luz do Dia;Bom;Seca;Meio de Quadra;Não Há Controle;Residencial;0;1;2;0;1;0;0;0;0;1;0;0;;
291781;30;9;2016;16:00;0;AV ABOLICAO;;;2026;;Atropelamento;Via Iluminada;Bom;Seca;Meio de Quadra;Não Há Controle;Comercial;0;2;0;0;0;0;0;0;0;1;0;0;-38,500966;-3,725562
291782;30;9;2016;17:15;10681;AV MIGUEL DIAS;RUA FIRMINO ROCHA AGUIAR;;;;Colisão Lateral;Anoitecer;Bom;Seca;Rotatória;Dê Preferência;Residencial;0;0;2;1;0;0;0;0;0;0;0;0;-38,487708;-3,763517
291774;30;9;2016;21:40;15280;RUA TEN BENEVOLO;RUA DR JOSE LOURENCO;;;;Outros;Via Iluminada;Bom;Seca;Cruz;Pare;Residencial;0;1;1;1;1;0;0;0;0;0;0;0;-38,50601;-3,729029
291775;30;9;2016;12:00;0;RUA VASCO DE ATAIDE;;;499;;Colisão Transversal;Luz do Dia;Bom;Seca;Não Informado;Pare;Comercial;0;1;1;1;0;0;0;0;0;1;0;0;-38,488419;-3,82384
291879;30;9;2016;09:15;0;AV PRO GOMES DE MATOS;;;1381;;Colisão Traseira;Luz do Dia;Bom;Seca;Não Informado;Não Há Controle;Comercial;0;0;2;1;0;0;0;0;0;0;0;0;-38,548214;-3,764172
291883;30;9;2016;08:22;23793;RUA ANTONIO COSTA MENDES (PQ SÃO JOSÉ);RUA RAIMUNDO NERY;;;;Colisão Lateral;Luz do Dia;Bom;Seca;Cruz;Outros;Residencial;0;0;2;1;0;0;0;0;0;0;0;0;;
291889;30;9;2016;20:40;0;AV JOVITA FEITOSA;;;2680;;Engavetamento;Via Iluminada;Bom;Seca;Meio de Quadra;Não Há Controle;Residencial;0;0;3;1;0;0;0;0;0;0;0;0;-38,56114;-3,740797
291890;30;9;2016;;6854;ET SIQUEIRA;RUA BRUMADO;;;;Colisão Lateral;Anoitecer;Bom;Seca;Cruz;Não Há Controle;Residencial;0;0;2;1;0;0;0;0;0;1;0;0;-38,593484;-3,808107
291894;30;9;2016;08:20;10935;RUA BAR CANINDE;RUA ELCIAS LOPES;;;;Colisão Lateral;Luz do Dia;Bom;Seca;Cruz;Pare;Comercial;0;1;1;1;1;0;0;0;0;0;0;0;-38,557426;-3,770473
291895;30;9;2016;20:15;14847;TR WALDIR DIOGO;RUA WALDIR DIOGO;;;;Colisão Lateral;Via Iluminada;Bom;Seca;Cruz;Pare;Residencial;0;1;1;0;1;0;0;0;0;1;0;0;;
291896;30;9;2016;18:00;26025;RUA CON DE CASTRO;RUA JOAO AMORA;;;;Colisão Traseira;Via Iluminada;Bom;Seca;T;Semáforo;Comercial;0;0;2;1;0;0;1;0;0;0;0;0;-38,586909;-3,799546
291900;30;9;2016;11:40;0;AV CEL CARVALHO;;;1936;;Colisão Lateral;Luz do Dia;Bom;Seca;Meio de Quadra;Não Há Controle;Comercial;0;0;2;1;0;0;1;0;0;0;0;0;-38,587439;-3,719381
291901;30;9;2016;22:00;17416;RUA ELVIRA PINHO;RUA EDITE BRAGA;;;;Colisão Transversal;Via Iluminada;Bom;Seca;Cruz;Não Há Controle;Residencial;0;2;0;0;0;0;0;0;0;1;0;0;-38,553552;-3,768064
291902;30;9;2016;16:00;25027;AV DR SILAS MUNGUBA;RUA PRA STELLA COCHRANE;;;;Choque c/ Obstáculo Fixo;Luz do Dia;Bom;Seca;Cruz;Semáforo;Comercial;0;0;1;0;0;0;0;0;0;0;0;0;-38,535043;-3,79309
291903;30;9;2016;10:55;0;RUA DR ALFREDO WEYNE D14;;;55;;Colisão Lateral;Luz do Dia;;Seca;Meio de Quadra;Não Há Controle;Residencial;0;0;2;1;0;0;0;0;0;0;0;0;-38,533153;-3,755023
291887;30;9;2016;09:05;10418;AV D CJ CEARA;RUA JOSE MENDONCA;;;;Colisão Frontal;Luz do Dia;Bom;Seca;Outros;Outros;Residencial;0;1;1;1;0;0;0;0;0;1;0;0;-38,603056;-3,761731
291898;30;9;2016;10:00;0;AV ENG SANTANA JUNIOR;;;1215;;Colisão Transversal;Luz do Dia;Bom;Seca;Meio de Quadra;Pare;Comercial;0;0;2;1;0;0;1;0;0;0;0;0;-38,483712;-3,738256
293991;30;9;2016;19:50;17439;RUA RAUL CABRAL;RUA ANTONIO CORREIA LIMA;;;;Colisão;;;;Cruz;Pare;Residencial;0;1;1;1;0;0;0;0;0;1;0;0;-38,543989;-3,769172
293987;30;9;2016;09:00;17379;RUA TEN MOACIR MATOS;RUA EDITE BRAGA;;;;Colisão Transversal;Luz do Dia;Bom;Seca;Cruz;Pare;Residencial;0;2;2;1;0;0;0;0;0;1;0;0;-38,552921;-3,766915
293989;30;9;2016;20:45;0;AV DR SILAS MUNGUBA;;;1700;UECE;Colisão;;;;Meio de Quadra;;;0;1;1;1;0;0;0;0;0;1;0;0;-38,552146;-3,785318
293984;30;9;2016;11:50;25058;AV AUGUSTO DOS ANJOS;RUA VITAL BRASIL;;;;Colisão Transversal;Luz do Dia;Bom;Seca;T;Não Há Controle;Comercial;0;3;2;1;0;0;0;0;0;1;0;0;-38,581387;-3,782734
293981;30;9;2016;08:50;15149;AV MON TABOSA;RUA ANTONIO LIMA;;;;Colisão;Luz do Dia;;;Cruz;Semáforo;Comercial;0;1;1;1;0;0;1;0;0;0;0;0;-38,504149;-3,724573
296343;30;9;2016;14:00;0;RD CE-040;;;;KM-07;Colisão;Luz do Dia;Bom;Seca;Meio de Quadra;;;0;1;1;1;0;0;0;0;1;0;0;0;-38,478733;-3,809597
296345;30;9;2016;12:08;0;RD CE-040;;;;KM-09;Colisão;Luz do Dia;Bom;Seca;Meio de Quadra;;;0;0;2;0;0;0;1;0;0;0;0;0;-38,481538;-3,825516
296346;30;9;2016;20:20;0;RD CE-040;;;;KM-06;Colisão;;Bom;Seca;Meio de Quadra;;;0;0;2;1;0;0;0;0;0;0;0;0;-38,479535;-3,800596
296675;30;9;2016;15:40;0;RD BR 222;;;;KM-01;Colisão Lateral;Luz do Dia;;;Meio de Quadra;;;0;2;1;1;0;0;0;0;0;1;0;0;-38,578147;-3,737698
296672;30;9;2016;07:20;0;RD BR 116;;;15000;KM-15;Colisão Lateral;Luz do Dia;;;Meio de Quadra;;;0;1;1;1;0;0;0;0;0;1;0;0;-38,501113;-3,882329
296552;1;10;2016;11:30;0;RD CE-040;;;;KM-13;Colisão;Luz do Dia;Bom;Seca;Meio de Quadra;;;0;0;3;1;0;0;1;0;0;0;0;0;;
296553;1;10;2016;14:40;0;AV SEN CARLOS JEREISSATI (AEROPORTO);;;;KM 03;Colisão;Luz do Dia;Bom;Seca;Meio de Quadra;;;0;0;4;1;0;0;0;0;0;0;0;0;-38,544038;-3,779641
294048;1;10;2016;20:30;0;RUA MARTINS DE LIMA;;;;;Colisão;;;;Meio de Quadra;;;0;1;1;1;0;0;0;0;1;0;0;0;;
291897;1;10;2016;19:00;5442;AV VIS RIO BRANCO;RUA GAL CLARINDO DE QUEIROZ;;;;Colisão Lateral;;;;Cruz;Semáforo;Comercial;0;1;1;1;0;0;0;1;0;0;0;0;-38,524385;-3,734584
291925;1;10;2016;13:30;0;RUA MON LIBERATO;;;1718;;Colisão Lateral;Luz do Dia;;;Meio de Quadra;;;0;0;2;1;0;0;0;0;0;0;0;0;-38,530369;-3,749277
291934;1;10;2016;17:00;0;RUA ALBERTO MAGNO;;;1529;;Engavetamento;Anoitecer;;;Meio de Quadra;;;0;0;3;1;0;0;0;0;0;0;0;0;-38,552071;-3,767343
291970;1;10;2016;04:00;25435;AV ALBERTO CRAVEIRO;RUA PAULA FRANCINETE;;;;Choque c/ Obstáculo Fixo;;;;T;Pare;Comercial;0;4;0;1;0;0;1;0;0;0;0;0;-38,518044;-3,795238
291975;1;10;2016;01:00;0;AV SANTOS DUMONT;;;3131;;Colisão Traseira;;;;Meio de Quadra;;;0;1;1;1;0;0;0;0;0;0;0;0;-38,497284;-3,736575
291957;1;10;2016;15:20;0;AV I CJ JOSE WALTER;;;720;;Choque c/ Obstáculo Fixo;Luz do Dia;;;Meio de Quadra;;;0;0;1;1;0;0;0;0;0;0;0;0;-38,552359;-3,83047
291960;1;10;2016;07:50;14679;AV OLIVEIRA PAIVA;RUA PDE JANUARIO CAMPOS;;;;Colisão Transversal;Luz do Dia;;;T;Semáforo;Comercial;0;2;2;1;0;0;0;0;0;1;0;0;-38,489646;-3,796018
292006;1;10;2016;21:00;0;AV SGT HERMINIO SAMPAIO;;;;;Colisão;;;;;;;0;1;1;1;0;0;0;0;0;1;0;0;-38,572991;-3,729048
292012;1;10;2016;13:10;0;AV CASTELO DE CASTRO;;;1253;;Colisão Transversal;Luz do Dia;;;Meio de Quadra;;;0;0;2;1;0;0;0;0;0;1;0;0;;
292019;1;10;2016;12:00;0;AV JOSE BASTOS;;;2019;;Colisão Traseira;Luz do Dia;;;Meio de Quadra;;;0;0;2;0;1;0;0;1;0;0;0;0;;
291768;1;10;2016;20:35;25706;RUA JOSE HIPOLITO;RUA ADONIRAN BARBOSA;;;;Colisão Transversal;;;;Meio de Quadra;Não Há Controle;Residencial;0;1;1;1;0;0;0;0;0;1;0;0;-38,470917;-3,843804
291784;1;10;2016;09:10;0;RUA NEREU RAMOS;;;60;;Colisão Traseira;Luz do Dia;;;Meio de Quadra;;;0;0;2;1;0;0;0;0;0;0;0;0;-38,56749;-3,786999
291878;1;10;2016;23:15;5405;RUA BAR RIO BRANCO;RUA GAL CLARINDO DE QUEIROZ;;;;Capotamento;;;;Cruz;Semáforo;Comercial;0;0;2;1;0;0;0;0;0;0;0;0;-38,530239;-3,732679
291810;1;10;2016;10:00;0;RUA SAO PAULO;;;666;;Colisão Frontal;Luz do Dia;;;Meio de Quadra;;;0;0;2;1;0;0;1;0;0;0;0;0;-38,531565;-3,724692
291824;1;10;2016;12:40;577;AV DR THEBERGE;AV FRANCISCO SA;;;;Colisão Traseira;Luz do Dia;;;Cruz;Semáforo;Comercial;0;0;2;1;0;0;1;0;0;0;0;0;-38,565016;-3,714822
291715;1;10;2016;09:25;15501;AV FRE CIRILO;RUA FREDERICO SEVERO;;;;Colisão;Luz do Dia;;;T;Pare;Residencial;0;1;2;1;1;0;1;0;0;0;0;0;-38,496307;-3,81987
291699;1;10;2016;09:40;0;RUA NAT FEIJO;;;;;Colisão Transversal;Luz do Dia;;;Meio de Quadra;;;0;0;2;1;0;0;0;0;0;0;0;0;;
291648;1;10;2016;22:00;16557;AV GODOFREDO MACIEL;RUA MIRTYL MEYER;;;;Colisão Traseira;;;;Cruz;Pare;Comercial;0;1;1;1;0;0;0;0;0;0;0;0;-38,573893;-3,809211
291664;1;10;2016;16:45;0;RUA JOAQUIM NABUCO;;;3033;;Colisão Lateral;Luz do Dia;;;Meio de Quadra;;;0;0;2;1;0;0;0;0;0;1;0;0;-38,506409;-3,751242
291652;1;10;2016;10:35;15374;AV DOM LUIS;RUA FREDERICO BORGES;;;;Colisão Traseira;Luz do Dia;;;Cruz;Semáforo;Comercial;0;0;2;0;1;0;0;0;0;0;0;0;-38,489136;-3,73589
291650;1;10;2016;08:35;9213;AV 13 DE MAIO;RUA JAIME CALADO;;;;Choque c/ Obstáculo Fixo;Luz do Dia;;;;;;0;0;1;1;0;0;0;0;0;0;0;0;-38,527058;-3,751268
291643;1;10;2016;07:30;0;RUA AQUILES BORIS;;;;;Colisão Traseira;Luz do Dia;;;Meio de Quadra;;;0;0;2;1;0;0;0;0;0;0;0;0;;
291644;1;10;2016;08:15;0;AV DIOGUINHO;;;940;;Colisão Transversal;Luz do Dia;;;Meio de Quadra;;;0;2;1;1;0;0;0;0;0;1;0;0;;
291645;1;10;2016;20:00;0;AV BEIRA MAR;;;2982;;Colisão Transversal;;;;Meio de Quadra;;;0;0;2;1;0;0;0;0;0;0;0;0;-38,495018;-3,726083
297631;1;10;2016;00:45;0;RUA VITAL BRASIL;;;2458;;Queda;;;;Meio de Quadra;;;0;1;0;0;0;0;0;0;0;1;0;0;-38,603634;-3,776409
297735;1;10;2016;16:14;0;AV I CJ CEARA;;;1180;;Colisão;Luz do Dia;;;Meio de Quadra;;;0;1;0;1;0;0;0;0;0;1;0;0;-38,597995;-3,772616
297737;1;10;2016;17:23;0;AV DEP PAULINO ROCHA;;;2190;;Colisão;Anoitecer;;;Meio de Quadra;;;0;1;0;0;0;0;0;0;0;1;0;0;-38,516874;-3,810762
297738;1;10;2016;18:01;12954;RUA BERNARDO MANUEL;AV PRS COSTA E SILVA;;;;Colisão;Anoitecer;;;;;;0;1;0;0;0;0;0;0;0;1;0;0;-38,558276;-3,821079
297724;1;10;2016;13:07;0;RUA VALPARAISO;;;608;;Colisão;Luz do Dia;;;Meio de Quadra;;;0;1;0;1;0;0;0;0;0;1;0;0;-38,52578;-3,84421
297725;1;10;2016;13:59;0;RUA DR LUIS COSTA;;;222;;Colisão;Luz do Dia;;;Meio de Quadra;;;0;1;0;0;0;0;0;0;0;0;0;0;;
297716;1;10;2016;09:39;0;AV LAURO VIEIRA CHAVES;;;;;Queda;Luz do Dia;;;Meio de Quadra;;;0;1;0;0;0;0;0;0;0;1;0;0;;
297717;1;10;2016;10:04;0;AV GODOFREDO MACIEL;;;;;Atropelamento;Luz do Dia;;;Meio de Quadra;;;0;1;0;0;0;0;0;0;0;0;0;0;;
297718;1;10;2016;10:14;0;RUA JOAQUIM LIMA;;;;;Colisão;Luz do Dia;;;Meio de Quadra;;;0;1;0;1;0;0;0;0;0;1;0;0;;
297720;1;10;2016;11:22;0;RUA BERNARDO MANUEL;;;11505;;Colisão;Luz do Dia;;;Meio de Quadra;;;0;1;0;1;0;0;0;0;0;1;0;0;-38,558234;-3,821009
297721;1;10;2016;12:05;0;AV GAL OSORIO DE PAIVA;;;4422;;Colisão;Luz do Dia;;;Meio de Quadra;;;0;1;0;1;0;0;0;0;0;1;0;0;-38,594649;-3,797067
297722;1;10;2016;12:09;0;AV F CJ CEARA;;;1848;;Colisão;Luz do Dia;;;Meio de Quadra;;;0;1;0;1;0;0;0;0;0;1;0;0;;
297711;1;10;2016;09:17;0;AV SEN FERNANDES TAVORA;;;1835;;Queda;Luz do Dia;;;Meio de Quadra;;;0;1;0;0;0;0;0;0;0;1;0;0;-38,588464;-3,758821
297712;1;10;2016;09:23;0;AV C CJ CEARA;;;83;;Queda;Luz do Dia;;;Meio de Quadra;;;0;1;0;0;0;0;0;0;0;1;0;0;-38,608175;-3,759258
297692;1;10;2016;08:48;9191;RUA MARIO MAMEDE;RUA MARTINHO RODRIGUES;;;;Queda;Luz do Dia;;;Cruz;Pare;Residencial;0;1;0;0;0;0;0;0;0;1;0;0;-38,526088;-3,753845
297703;1;10;2016;09:02;0;RUA JULIO SILVA;;;440;;Atropelamento;Luz do Dia;;;Meio de Quadra;;;0;1;0;0;0;0;0;0;0;0;0;0;;
297690;1;10;2016;08:42;0;AV PDE ANTONIO TOMAS;;;2000;;Queda;Luz do Dia;;;Meio de Quadra;;;0;1;0;0;0;0;0;0;0;1;0;0;-38,49467;-3,741784
297685;1;10;2016;07:58;15312;RUA SILVA JATAHY;RUA PRO DIAS DA ROCHA;;;;Colisão;Luz do Dia;;;Cruz;Pare;Comercial;0;1;0;1;0;0;0;0;0;1;0;0;-38,489982;-3,730205
297687;1;10;2016;08:41;0;RUA PDE PERDIGAO SAMPAIO;;;666;;Colisão;Luz do Dia;;;Meio de Quadra;;;0;2;0;1;0;0;0;0;0;1;0;0;-38,594276;-3,74262
297679;1;10;2016;02:08;0;RUA LUCAS FRANCISCO ANTONIO;;;266;;Queda;;;;Meio de Quadra;;;0;1;0;0;0;0;0;0;0;1;0;0;-38,472752;-3,76994
297680;1;10;2016;06:00;0;RUA FRE MANSUETO;;;968;;Colisão;Luz do Dia;;;Meio de Quadra;;;0;1;0;1;0;0;0;0;0;1;0;0;-38,488776;-3,732768
297682;1;10;2016;06:52;0;RUA SILVINHA TELES D69;;;980;;Atropelamento;Luz do Dia;;;Meio de Quadra;;;0;1;0;0;1;0;0;0;0;0;0;0;-38,530188;-3,845396
297683;1;10;2016;07:44;0;RUA DNA LUCIA PINHEIRO (QUINTINO CUNHA);;;50;;Queda;Luz do Dia;;;Meio de Quadra;;;0;1;0;0;0;0;0;0;0;1;0;0;-38,597537;-3,732099
297672;1;10;2016;01:21;0;AV SANTOS DUMONT;;;3131;;Colisão;;;;Meio de Quadra;;;0;1;0;1;0;0;0;0;0;0;0;0;-38,497284;-3,736575
297664;1;10;2016;00:26;0;AV ALBERTO CRAVEIRO;;;;;Queda;;;;Meio de Quadra;;;0;1;0;0;0;0;0;0;0;1;0;0;;
297730;1;10;2016;14:30;0;RUA AVILA GOULART;;;;;Queda;Luz do Dia;;;Meio de Quadra;;;0;1;0;0;0;1;0;0;0;0;0;0;;
297731;1;10;2016;15:21;0;AV JOSE BASTOS;;;4454;;Colisão;Luz do Dia;;;Meio de Quadra;;;0;2;0;0;0;0;0;0;0;0;0;0;-38,555968;-3,755498
297742;1;10;2016;18:34;0;AV HERACLITO GRACA;;;1520;;Queda;;;;Meio de Quadra;;;0;1;0;0;0;0;0;0;0;1;0;0;-38,511361;-3,737958
297747;1;10;2016;18:48;0;RUA JOSE HIPOLITO;;;130;;Colisão;;;;Meio de Quadra;;;0;1;0;1;0;0;0;0;0;1;0;0;;
297753;1;10;2016;19:34;0;RUA PORTO VELHO;;;1605;;Colisão;;;;Meio de Quadra;;;0;1;0;1;0;0;0;0;0;1;0;0;-38,593356;-3,762624
297733;1;10;2016;15:46;0;RUA CAP URUGUAI D46;;;224;;Colisão;Luz do Dia;;;Meio de Quadra;;;0;1;0;0;0;0;0;0;0;0;0;0;-38,515874;-3,767115
297758;1;10;2016;19:46;0;AV PRS COSTA E SILVA;;;;;Queda;;;;Meio de Quadra;;;0;1;0;0;0;0;0;0;0;1;0;0;;
297802;1;10;2016;22:31;0;RUA RAUL CABRAL;;;73;;Queda;;;;Meio de Quadra;;;0;1;0;0;0;0;0;0;0;1;0;0;;
297803;1;10;2016;22:34;0;AV MR HULL;;;;;Colisão;;;;Meio de Quadra;;;0;1;0;0;0;0;0;0;0;0;0;0;;
297807;1;10;2016;22:55;0;RUA DOM HENRIQUE;;;;;Queda;;;;Meio de Quadra;;;0;1;0;0;0;0;0;0;0;1;0;0;;
297808;1;10;2016;23:18;0;AV AREIA BRANCA;;;510;;Colisão;;;;Meio de Quadra;;;0;2;0;0;0;0;0;0;0;0;0;0;;
297798;1;10;2016;22:06;0;AV PRS COSTA E SILVA;;;;;Queda;;;;Meio de Quadra;;;0;1;0;0;0;0;0;0;0;1;0;0;;
297800;1;10;2016;22:07;0;AV A CJ CEARA;;;;;Colisão;;;;Meio de Quadra;;;0;2;0;0;0;0;0;0;0;0;0;0;;
297788;1;10;2016;21:52;0;RUA URUCUTUBA;;;1671;;Colisão;;;;Meio de Quadra;;;0;1;0;0;0;0;0;0;0;0;0;0;-38,611203;-3,798038
297768;1;10;2016;20:08;0;AV SGT HERMINIO SAMPAIO;;;3470;;Colisão;;;;Meio de Quadra;;;0;1;0;1;0;0;0;0;0;1;0;0;-38,571657;-3,728504
297775;1;10;2016;20:23;0;RUA RAIMUNDO FROTA;;;100;;Colisão;;;;Meio de Quadra;;;0;1;0;0;0;0;0;0;0;0;0;0;-38,58225;-3,715156
297813;1;10;2016;23:37;0;RUA CEL QUEIROZ;;;52;;Queda;;;;Meio de Quadra;;;0;1;0;0;0;1;0;0;0;0;0;0;;
297811;1;10;2016;23:35;0;RUA DECIO DE CASTRO;;;1037;;Queda;;;;Meio de Quadra;;;0;1;0;0;0;0;0;0;0;1;0;0;;
297816;1;10;2016;23:43;0;AV CEL CARVALHO;;;2697;;Colisão;;;;Meio de Quadra;;;0;1;0;0;0;0;0;0;0;1;0;0;-38,585433;-3,726858
292030;1;10;2016;18:05;0;RUA PDE PERDIGAO SAMPAIO;;;219;;Colisão Lateral;Anoitecer;;;Meio de Quadra;;;0;1;1;0;0;0;0;0;0;0;0;0;;
292026;1;10;2016;13:20;0;AV PRS CASTELO BRANCO;;;2896;;Colisão Traseira;Luz do Dia;;;Meio de Quadra;;;0;0;3;1;0;0;0;0;0;0;0;0;-38,553808;-3,712213
292036;1;10;2016;22:05;0;RUA MON JOAO LUIS SANTIAGO;;;807;;;;;;Meio de Quadra;;;0;0;2;1;0;0;0;0;0;0;0;0;;
292038;1;10;2016;08:00;24990;AV PRS JUSCELINO KUBITSCHEK (PASSARÉ);AV PRS COSTA E SILVA;;;;Colisão Transversal;Luz do Dia;;;T;Semáforo;Outros;0;0;2;1;0;0;0;0;0;0;0;0;-38,539516;-3,825648
292043;1;10;2016;05:15;11668;RUA CACILDA BECKER;RUA PRO HERIBALDO COSTA;;;;Colisão Transversal;Amanhecer;;;Cruz;Não Há Controle;Residencial;0;0;2;1;0;0;1;0;0;0;0;0;-38,589464;-3,770715
292058;1;10;2016;17:20;0;AV DEP PAULINO ROCHA;;;3131;CASTELAO;Colisão Traseira;Anoitecer;;;Meio de Quadra;;;0;0;2;1;0;0;0;0;0;1;0;0;-38,523807;-3,808405
292074;1;10;2016;20:15;2652;RUA RAIMUNDO FROTA;RUA AMOR PERFEITO;;;;Colisão Transversal;;;;Cruz;Não Há Controle;Residencial;0;1;1;1;0;0;0;0;0;1;0;0;-38,582332;-3,715156
292082;1;10;2016;19:30;0;AV DEP PAULINO ROCHA;;;77;;Engavetamento;;;;Meio de Quadra;;;0;0;3;1;0;0;0;0;0;0;0;0;-38,507629;-3,80247
292086;1;10;2016;10:20;13366;RUA JOAO BRIGIDO;RUA DNA LEOPOLDINA;;;;Colisão Transversal;Luz do Dia;;;Cruz;Semáforo Intermitente;Residencial;0;0;2;1;0;0;0;0;0;0;0;0;-38,522203;-3,738646
302131;1;10;2016;06:36;3831;AV 13 DE MAIO;RUA MAL DEODORO;;;;Colisão Transversal;Luz do Dia;Bom;Seca;Cruz;Semáforo;Comercial;0;3;0;0;0;0;0;0;0;1;0;0;-38,536588;-3,743122
297879;2;10;2016;12:21;25096;RUA RODRIGUES JUNIOR;RUA ROCHA LIMA;;;;Colisão;Luz do Dia;;;Cruz;Pare;Residencial;0;1;0;1;0;1;0;0;0;0;0;0;-38,522475;-3,73632
297866;2;10;2016;08:45;0;RUA VIRGILIO BRIGIDO;;;1081;;Colisão;Luz do Dia;;;Meio de Quadra;;;0;2;0;1;0;0;0;0;0;1;0;0;-38,569824;-3,726223
297867;2;10;2016;10:24;0;AV SIQUEIRA CAMPOS;;;1245;;Atropelamento;Luz do Dia;;;Meio de Quadra;;;0;1;0;0;0;0;0;0;0;1;0;0;-38,627136;-3,814389
297869;2;10;2016;10:50;0;RUA JOSE BUSON;;;731;;Queda;Luz do Dia;;;Meio de Quadra;;;0;1;0;0;0;0;0;0;0;1;0;0;-38,510714;-3,763507
297870;2;10;2016;11:52;0;AV BEIRA MAR;;;2120;;Atropelamento;Luz do Dia;;;Meio de Quadra;;;0;1;0;0;0;1;0;0;0;0;0;0;-38,501531;-3,724488
297884;2;10;2016;12:57;0;AV DOMINGOS OLIMPIO;;;;;Colisão;Luz do Dia;;;Meio de Quadra;;;0;1;0;1;0;0;0;0;0;1;0;0;;
298023;2;10;2016;20:42;0;RUA JOSE MESSIAS MATOS;;;297;;Colisão;;;;Meio de Quadra;;;0;2;0;0;0;0;0;0;0;0;0;0;-38,516456;-3,795969
297827;2;10;2016;01:28;0;AV WASHINGTON SOARES;;;55;;Atropelamento;;;;Meio de Quadra;;;0;1;0;1;0;0;0;0;0;0;0;0;;
297917;2;10;2016;14:02;0;RUA BOM JESUS (GRANJA LISBOA);;;1114;;Colisão;Luz do Dia;;;Meio de Quadra;;;0;1;0;0;0;0;1;0;0;1;0;0;-38,603299;-3,793784
297919;2;10;2016;14:20;0;AV AUGUSTO DOS ANJOS;;;;;Colisão;Luz do Dia;;;Meio de Quadra;;;0;1;0;0;0;0;0;0;0;0;0;0;;
297921;2;10;2016;15:00;0;RUA PDE MANUEL PRIMO;;;246;;Colisão;Luz do Dia;;;Meio de Quadra;;;0;1;0;1;0;0;0;0;0;1;0;0;-38,591544;-3,728578
297908;2;10;2016;13:45;0;AV CEL CARVALHO;;;1260;;Colisão;Luz do Dia;;;Meio de Quadra;;;0;1;0;1;0;0;0;0;0;1;0;0;-38,588929;-3,713441
297931;2;10;2016;15:05;0;RUA DR JOSE GOIANA;;;210;;Colisão;Luz do Dia;;;Meio de Quadra;;;0;2;0;1;0;0;0;0;0;1;0;0;-38,591294;-3,727779
297932;2;10;2016;15:37;0;RUA DUARTE COELHO;;;1080;;Queda;Luz do Dia;;;Meio de Quadra;;;0;1;0;0;0;0;0;0;0;1;0;0;;
297952;2;10;2016;17:41;0;RUA ARACAJU;;;1089;;Colisão;Anoitecer;;;Meio de Quadra;;;0;1;0;0;0;0;0;0;0;0;0;0;-38,588732;-3,761953