COD_ACIDENTE;DIA;MES;ANO;HORA;INTERSECAO;LOG1;LOG2;LOG3;NUMERO;REFERENCIA;NATUREZA;ILUMINACAO;TEMPO;SUPERFICIEPISTA;TIPOCRUZAMENTO;CONTROLETRAFEGO;USOSOLO;MORTOS;FERIDOS;ILESOS;AUTOMOVEL;ONIBUS;BICICLETA;CAMINHAO;MICROONIBUS;CICLOMOTOR;MOTOCICLETA;TRACAOANIMAL;TREM;LONG;LAT
297956;2;10;2016;18:13;0;AV SGT HERMINIO SAMPAIO;;;881;;Colisão;Anoitecer;;;Meio de Quadra;;;0;1;0;1;0;0;0;0;0;1;0;0;-38,548755;-3,724537
297962;2;10;2016;18:44;0;RUA DOM JERONIMO D06;;;;;Queda;;;;Meio de Quadra;;;0;1;0;0;0;0;0;0;0;1;0;0;;
297964;2;10;2016;19:16;13594;AV PONTES VIEIRA;RUA CAP GUSTAVO;;;;Colisão;;;;Cruz;Semáforo;Comercial;0;1;0;1;0;0;0;0;0;1;0;0;-38,517125;-3,753153
297969;2;10;2016;19:32;0;RUA ALUISIO AZEVEDO;;;111;;Colisão;;;;Meio de Quadra;;;0;1;0;0;0;0;0;0;0;0;0;0;-38,574165;-3,77288
291639;2;10;2016;09:00;13492;RUA DR JOSE LOURENCO;RUA PINHO PESSOA;;;;Colisão Lateral;Luz do Dia;Bom;Seca;Cruz;Pare;Comercial;0;1;1;1;0;0;0;0;0;1;0;0;-38,511254;-3,745487
291647;2;10;2016;06:00;0;RUA POMPILIO GOMES;;;835;;Colisão Frontal;Luz do Dia;Bom;Seca;Meio de Quadra;Não Há Controle;Residencial;0;1;1;1;0;0;0;0;0;1;0;0;;
291655;2;10;2016;16:25;19366;AV DR SILAS MUNGUBA;RUA GERMANO FRANCK;;;;Colisão Lateral;Luz do Dia;Bom;Seca;Cruz;Semáforo;Comercial;0;0;2;1;0;0;0;0;0;0;0;0;-38,562004;-3,777251
291658;2;10;2016;11:20;8020;RUA ALEXANDRE BARAUNA;RUA CARLOS CAMARA;;;;Colisão Lateral;Luz do Dia;Bom;Seca;Cruz;Pare;Residencial;0;0;2;1;0;0;0;0;0;0;0;0;-38,547441;-3,75184
291676;2;10;2016;14:20;0;RUA MARTINHO RODRIGUES;;;1301;;Colisão Lateral;Luz do Dia;Bom;Seca;Meio de Quadra;Semáforo;Residencial;0;0;2;1;1;0;0;0;0;0;0;0;;
291701;2;10;2016;07:00;0;RUA RIO GRANDE DO NORTE;;;;;Colisão Traseira;Luz do Dia;Bom;Seca;Cruz;Semáforo;Comercial;0;0;2;1;0;0;0;0;0;1;0;0;-38,561239;-3,762806
291683;2;10;2016;17:04;0;RUA ALBERTO FERREIRA;;;564;;;Anoitecer;;;Meio de Quadra;;;0;0;2;1;0;0;0;0;0;0;0;0;;
291680;2;10;2016;16:15;36;RUA PEDRO MELO;RUA HUGO VITOR;;;;Colisão Lateral;Luz do Dia;Bom;Seca;Cruz;Pare;Residencial;0;2;0;1;0;0;0;0;0;0;0;0;-38,590997;-3,744019
291695;2;10;2016;01:15;0;RUA ERETIDES MARTINS;;;1491;;Colisão Traseira;Via Iluminada;Bom;Seca;Outros;Não Há Controle;Residencial;0;1;1;1;0;0;0;0;0;1;0;0;-38,558331;-3,732079
291697;2;10;2016;03:55;8954;RUA DOM JERONIMO D06;AV DOMINGOS OLIMPIO;;;;Colisão Lateral;Via Iluminada;Bom;Seca;Cruz;Pare;Residencial;0;2;0;1;0;0;0;0;0;1;0;0;-38,543457;-3,733201
291627;2;10;2016;14:30;0;RUA PERDIGAO DE OLIVEIRA;;;;;Colisão Transversal;Luz do Dia;Bom;Seca;Meio de Quadra;;;0;1;1;1;0;0;0;0;0;1;0;0;;
291619;2;10;2016;16:00;1743;RUA TEN BARBOSA D46;RUA CAP ARAGAO;;;;Colisão Traseira;Luz do Dia;Bom;Seca;Cruz;Pare;Residencial;0;0;2;1;0;0;0;0;0;0;0;0;-38,51204;-3,76473
291632;2;10;2016;17:30;0;RUA NAT FEIJO;;;680;;Colisão Transversal;Via Iluminada;Bom;Seca;Meio de Quadra;Pare;Residencial;0;0;2;1;0;0;0;0;0;0;0;0;-38,55501;-3,721788
291633;2;10;2016;06:00;19106;RUA ANDRE DALL OLIO;RUA AMELIA BENEBIEN;;;;Colisão;Luz do Dia;Bom;Seca;Cruz;Pare;Residencial;0;1;1;0;1;0;0;0;0;0;0;0;-38,478342;-3,737969
291785;2;10;2016;09:30;12892;AV DOMINGOS OLIMPIO;RUA BAR RIO BRANCO;;;;Colisão Traseira;Luz do Dia;Bom;Seca;Cruz;Semáforo;Comercial;0;0;2;1;0;0;0;0;0;0;0;0;-38,531494;-3,736579
291790;2;10;2016;11:30;0;AV HIS RAIMUNDO GIRAO;;;;;Colisão Lateral;Luz do Dia;Bom;Seca;Meio de Quadra;Outros;Comercial;0;0;2;1;0;0;0;0;0;0;0;0;;
291756;2;10;2016;16:00;9020;RUA JAIME BENEVOLO;RUA SALDANHA MARINHO;;;;Colisão Transversal;Luz do Dia;Bom;Seca;Cruz;Semáforo;Residencial;0;1;1;1;0;0;0;0;0;1;0;0;-38,528994;-3,743046
291779;2;10;2016;13:30;5177;RUA SEN POMPEU;RUA SAO PAULO;;;;Colisão Lateral;Luz do Dia;Bom;Seca;Cruz;Semáforo;Comercial;1;1;0;1;0;0;0;0;0;1;0;0;-38,529196;-3,725486
291742;2;10;2016;19:30;12379;RUA ALUISIO AZEVEDO;RUA AGUAPE;;;;Colisão Lateral;Via Iluminada;Bom;Seca;Cruz;Pare;Comercial;0;1;1;1;0;0;0;0;0;1;0;0;-38,574238;-3,772843
291728;2;10;2016;20:30;0;RUA PEREIRA FILGUEIRAS;;;1879;;Colisão Lateral;Mal Iluminada;Bom;Seca;Meio de Quadra;Não Há Controle;Comercial;0;1;1;0;0;0;0;0;0;1;0;0;-38,506013;-3,730603
291721;2;10;2016;10:45;0;RUA ANSELMO NOGUEIRA;;;;;Colisão Traseira;Luz do Dia;Bom;Seca;Meio de Quadra;Não Há Controle;Comercial;0;0;2;1;0;0;0;0;0;0;0;0;;
291705;2;10;2016;09:00;5187;RUA BAR RIO BRANCO;RUA SAO PAULO;;;;Colisão Lateral;Luz do Dia;Bom;Seca;Cruz;Semáforo;Comercial;0;0;2;1;0;0;0;0;0;1;0;0;-38,528071;-3,725856
291738;2;10;2016;20:00;0;AV BENJAMIM BRASIL;;;;;Colisão Lateral;Via Iluminada;Bom;Seca;Meio de Quadra;Não Há Controle;Residencial;0;0;2;1;0;0;0;0;0;0;0;0;;
291733;2;10;2016;20:50;0;RUA PRO HERIBALDO COSTA;;;683;;Colisão Lateral;Via Iluminada;Bom;Seca;Meio de Quadra;Pare;Residencial;0;2;1;1;0;0;0;0;0;1;0;0;-38,583219;-3,758798
296559;2;10;2016;18:00;0;RD CE-040;;;;KM-07;Colisão;Anoitecer;Bom;Seca;Meio de Quadra;;;0;0;4;1;0;0;0;0;0;0;0;0;-38,478733;-3,809597
296934;2;10;2016;18:30;0;RD CE-040;;;;KM-13;Colisão;Anoitecer;Bom;Seca;Meio de Quadra;;;0;0;2;1;0;0;0;0;0;0;0;0;;
296936;3;10;2016;08:20;0;AV SEN CARLOS JEREISSATI (AEROPORTO);;;;KM 02;Colisão;Luz do Dia;Bom;Seca;Meio de Quadra;;;0;0;2;1;0;0;0;0;0;0;0;0;-38,535424;-3,782194
296938;3;10;2016;12:30;0;RD CE-040;;;;KM-05;Colisão;Luz do Dia;Bom;Seca;Meio de Quadra;;;0;0;2;1;0;0;1;0;0;0;0;0;-38,480331;-3,791613
296939;3;10;2016;16:50;0;RD CE-040;;;;KM-05;Colisão;Luz do Dia;Bom;Seca;Meio de Quadra;;;0;0;2;1;0;0;1;0;0;0;0;0;-38,480331;-3,791613
296321;3;10;2016;20:45;0;RD BR 116;;;6000;KM-06;Colisão Transversal;;;;Meio de Quadra;;;0;1;1;1;0;0;0;0;1;0;0;0;-38,503053;-3,804691
294056;3;10;2016;20:04;620;RUA ENG JOAO NOGUEIRA;RUA COS GOUVEIA;;;;Colisão;;;;Cruz;Pare;Residencial;0;1;1;1;0;0;0;0;0;1;0;0;-38,564143;-3,717019
294052;3;10;2016;21:00;0;RUA ALBERTO FERREIRA;;;671;;Colisão;;;;Meio de Quadra;;;0;1;1;0;0;0;0;0;0;1;0;0;;
294054;3;10;2016;22:40;10530;RUA SOCORRO GOMES;ET DO GUAJERU;;;;Colisão Lateral;Via Iluminada;Bom;Seca;Meio de Quadra;Não Há Controle;Residencial;0;0;3;1;0;0;0;0;0;1;0;0;-38,4757;-3,831564
291740;3;10;2016;00:10;0;RD BR 116;;;1664;VIADUTO CIDADE DOS FUNCIONÁRIOS;Atropelamento;;;;Meio de Quadra;;;1;0;1;1;0;0;0;0;0;0;0;0;-38,505439;-3,799462
291750;3;10;2016;11:59;0;AV DR SILAS MUNGUBA;;;;;Colisão Lateral;Luz do Dia;Bom;Seca;Meio de Quadra;;Comercial;0;0;2;1;0;0;0;0;0;0;0;0;;
291870;3;10;2016;07:40;0;VL DO MAR;;;1529;;Colisão;Luz do Dia;;;Meio de Quadra;;;1;1;1;0;1;0;0;0;0;1;0;0;-38,582463;-3,694515
291681;3;10;2016;11:00;23804;RUA RAIMUNDO NERY;AV GAL OSORIO DE PAIVA;;;;Colisão;Luz do Dia;Bom;Seca;;Semáforo;Comercial;0;0;2;1;0;0;0;0;0;1;0;0;-38,588065;-3,790306
291679;3;10;2016;11:50;19759;RUA AZEVEDO BOLAO;RUA AMADEU FURTADO;;;;Colisão Transversal;Luz do Dia;Bom;Seca;Cruz;Pare;Outros;0;0;2;1;0;0;1;0;0;0;0;0;-38,563588;-3,737863
291684;3;10;2016;08:10;0;RUA BERNARDO MANUEL;;;10935;;Engavetamento;Luz do Dia;Bom;Seca;Meio de Quadra;;Comercial;0;0;3;1;0;0;0;0;0;0;0;0;-38,556275;-3,814653
291685;3;10;2016;07:50;0;AV PRS COSTA E SILVA;;;4107;;Colisão Traseira;Luz do Dia;Bom;Seca;Meio de Quadra;Não Há Controle;Residencial;0;0;2;1;0;0;0;0;0;0;0;0;-38,543657;-3,824673
291686;3;10;2016;02:40;15269;AV RUI BARBOSA;RUA TEN BENEVOLO;;;;Colisão Lateral;Via Iluminada;Bom;Seca;Cruz;Semáforo;Residencial;0;0;2;1;0;0;0;0;0;0;0;0;-38,507048;-3,728685
291687;3;10;2016;03:10;10624;AV ROGACIANO LEITE;RUA ATILANO MOURA;;;;Colisão Transversal;Via Iluminada;Bom;Seca;Cruz;Semáforo;Residencial;0;0;2;1;0;0;0;0;0;0;0;0;-38,492149;-3,759455
291688;3;10;2016;10:00;19553;AV GODOFREDO MACIEL;RUA CAP AMERICO MENEZES;;;;Colisão Lateral;Luz do Dia;Bom;Seca;T;Semáforo;Residencial;0;0;2;0;1;0;1;0;0;0;0;0;-38,565741;-3,782952
291689;3;10;2016;11:25;3820;AV 13 DE MAIO;AV CARAPINIMA;;;;Colisão Frontal;Luz do Dia;Bom;Seca;Cruz;Semáforo;Comercial;0;1;1;1;0;0;0;0;0;0;0;0;-38,540239;-3,740001
291690;3;10;2016;16:00;0;AV HERACLITO GRACA;;;421;;Colisão Lateral;Luz do Dia;Bom;Seca;Meio de Quadra;Não Há Controle;Comercial;0;0;2;0;1;0;0;1;0;0;0;0;-38,519817;-3,735019
291691;3;10;2016;18:40;0;RUA TAQUARA D72;;;233;;Colisão Lateral;Via Iluminada;Bom;Seca;Meio de Quadra;Pare;Comercial;0;0;2;1;1;0;0;0;0;0;0;0;;
291677;3;10;2016;10:30;24637;RUA GAMA;AV L CJ DOS BANCARIOS;;;;Colisão Traseira;Luz do Dia;Bom;Seca;T;Pare;Residencial;0;0;2;1;0;0;0;0;0;0;0;0;-38,599911;-3,713121
291675;3;10;2016;18:20;0;RUA FRANCISCO LORDA;;;200;;Colisão Lateral;Via Iluminada;Bom;Seca;Meio de Quadra;Não Há Controle;Residencial;0;0;2;1;0;0;0;0;0;0;0;0;-38,530982;-3,762191
291669;3;10;2016;09:50;11164;RUA FAGUNDES VARELA;RUA JULIO GASPAR;;;;Colisão Transversal;Luz do Dia;Bom;Seca;Cruz;Pare;Residencial;0;1;1;0;0;0;0;0;0;1;0;0;-38,562332;-3,783086
291671;3;10;2016;08:30;19224;AV SANTOS DUMONT;RUA FRANCISCO MATOS;;;;Colisão Transversal;Luz do Dia;Bom;Seca;Cruz;Semáforo;Comercial;0;1;1;1;0;0;0;0;0;1;0;0;-38,469675;-3,745497
291659;3;10;2016;15:10;0;AV SGT HERMINIO SAMPAIO;;;929;;Colisão Lateral;Luz do Dia;Bom;Seca;Meio de Quadra;Não Há Controle;Residencial;0;0;2;1;1;0;0;0;0;0;0;0;-38,548919;-3,724537
291660;3;10;2016;06:50;15254;AV ANTONIO JUSTA;RUA VICENTE LEITE;;;;Colisão Traseira;Luz do Dia;Bom;Seca;Cruz;Pare;Residencial;0;1;1;1;0;0;0;0;0;1;0;0;-38,492584;-3,72828
291661;3;10;2016;08:20;7800;AV BAR STUDART;RUA JULIO SIQUEIRA;;;;Colisão Lateral;Luz do Dia;Bom;Seca;Cruz;Semáforo;Comercial;0;1;1;0;0;0;1;0;0;1;0;0;-38,511144;-3,748825
291662;3;10;2016;07:00;0;AV CARNEIRO DE MENDONCA;;;1480;;Colisão Traseira;Luz do Dia;Bom;Seca;Meio de Quadra;Semáforo;Comercial;0;0;2;0;0;0;0;1;0;0;0;0;-38,57186;-3,761372
291665;3;10;2016;07:00;0;RUA TEN BENEVOLO;;;1055;;Colisão;Luz do Dia;Bom;Seca;Meio de Quadra;;Residencial;0;1;1;1;0;0;0;0;0;1;0;0;;
291656;3;10;2016;18:00;6545;AV A CJ CEARA;AV H CJ CEARA;;;;Colisão Lateral;Via Iluminada;Bom;Seca;Cruz;Semáforo;Comercial;0;1;1;1;0;0;0;0;0;1;0;0;-38,605924;-3,775146
291653;3;10;2016;09:30;19068;AV ENG SANTANA JUNIOR;RUA PRO SILAS RIBEIRO;;;;Colisão Traseira;Luz do Dia;Bom;Seca;Cruz;Semáforo;Comercial;0;0;2;1;0;0;0;0;0;0;0;0;-38,482901;-3,736968
291642;3;10;2016;18:30;10749;AV SEN FERNANDES TAVORA;RUA PRO HERIBALDO COSTA;;;;Colisão Lateral;Via Iluminada;Bom;Seca;Cruz;Semáforo;Comercial;0;1;1;1;0;0;0;0;0;1;0;0;-38,584384;-3,761006
298025;3;10;2016;00:14;0;AV OLIVEIRA PAIVA;;;;;Queda;;;;Meio de Quadra;;;0;1;0;0;0;0;0;0;0;1;0;0;;
298031;3;10;2016;00:17;0;RD BR 116;;;;;Atropelamento;;;;Meio de Quadra;;;0;1;0;1;0;0;0;0;0;0;0;0;;
298041;3;10;2016;00:28;6564;AV H CJ CEARA;AV G CJ CEARA;;;;Colisão;;;;T;Pare;Misto;0;1;0;1;0;0;0;0;0;1;0;0;;
298042;3;10;2016;00:57;0;RUA URUCUTUBA;;;2481;;Atropelamento;;;;Meio de Quadra;;;0;1;0;0;0;0;0;0;0;0;0;0;-38,620584;-3,799066
298044;3;10;2016;01:22;0;RUA JULIO SILVA;;;440;;Queda;;;;Meio de Quadra;;;0;1;0;0;0;0;0;0;0;1;0;0;;
298039;3;10;2016;00:26;0;RUA DIOGO CORREIA;;;486;;Colisão;;;;Meio de Quadra;;;0;1;0;1;0;0;0;0;0;1;0;0;-38,590656;-3,769829
298048;3;10;2016;01:37;0;RUA CEL VIRGILIO NOGUEIRA (BOM JARDIM);;;19;;Atropelamento;;;;Meio de Quadra;;;0;1;0;0;0;0;0;0;0;1;0;0;;
298050;3;10;2016;02:55;0;AV CEL CARVALHO;;;;;Queda;;;;Meio de Quadra;;;0;1;0;0;0;0;0;0;0;1;0;0;;
298052;3;10;2016;03:21;0;RUA TAPARICA;;;1105;;Queda;;;;Meio de Quadra;;;0;2;0;0;0;0;0;0;0;1;0;0;;
298184;3;10;2016;20:49;0;AV SEN FERNANDES TAVORA;;;3250;;Atropelamento;;;;Meio de Quadra;;;0;2;0;0;0;0;0;0;0;1;0;0;-38,600903;-3,754643
298186;3;10;2016;21:23;0;RUA SEBASTIAO DE ABREU;;;;;Queda;;;;Meio de Quadra;;;0;2;0;0;0;1;0;0;0;0;0;0;;
298167;3;10;2016;19:13;0;RUA OTO DE ALENCAR;;;215;;Colisão;;;;Meio de Quadra;;;0;1;0;0;0;0;0;0;0;0;0;0;-38,5406;-3,724436
298176;3;10;2016;20:16;0;RUA CEL JUSTINO F RAMOS;;;630;;Colisão;;;;Meio de Quadra;;;0;1;0;1;0;0;0;0;0;1;0;0;;
298174;3;10;2016;19:21;0;RUA PEDESTRE I;;;189;;Queda;;;;Meio de Quadra;;;0;1;0;0;0;1;0;0;0;0;0;0;-38,514485;-3,827378
298197;3;10;2016;21:34;0;RUA BARTOLOMEU DE GUSMAO;;;86;;Queda;;;;Meio de Quadra;;;0;1;0;0;0;0;0;0;0;1;0;0;;
298198;3;10;2016;22:05;0;RUA URUCUTUBA;;;1531;;Colisão;;;;Meio de Quadra;;;0;1;0;1;0;0;0;0;0;1;0;0;-38,608767;-3,797658
298206;3;10;2016;23:53;0;AV DR SILAS MUNGUBA;;;1218;;Colisão;;;;Meio de Quadra;;;0;1;0;1;0;0;0;0;0;1;0;0;-38,555208;-3,782499
298111;3;10;2016;17:58;0;AV CEL CARVALHO;;;1905;;Colisão;Anoitecer;;;Meio de Quadra;;;0;1;0;1;0;0;0;0;0;1;0;0;-38,587439;-3,719381
298109;3;10;2016;17:53;0;AV SEN FERNANDES TAVORA;;;3269;;Atropelamento;Anoitecer;;;Meio de Quadra;;;0;1;0;0;0;0;0;0;0;1;0;0;-38,601142;-3,754597
298099;3;10;2016;14:40;0;RUA RAIMUNDO NERY;;;698;;Colisão;Luz do Dia;;;Meio de Quadra;;;0;1;0;1;0;0;0;0;0;1;0;0;-38,58749;-3,791634
298140;3;10;2016;18:05;0;AV GAL OSORIO DE PAIVA;;;;;Atropelamento;Anoitecer;;;Meio de Quadra;;;0;1;0;0;0;0;0;0;0;1;0;0;;
298115;3;10;2016;18:03;13777;RUA LUIZA MIRANDA COELHO;RUA CAIO CID;;;;Colisão;Anoitecer;;;Cruz;Pare;Residencial;0;1;0;1;0;0;0;0;0;1;0;0;-38,485263;-3,775516
298161;3;10;2016;18:46;0;RUA TORRES CAMARA;RUA VIS MAUA;AV DES MOREIRA;;;Colisão Lateral;Via Iluminada;Bom;Seca;Meio de Quadra;Não Há Controle;Comercial;0;2;2;1;0;0;0;0;0;1;0;0;-38,499982;-3,73789
298155;3;10;2016;18:36;0;AV PERIMETRAL;;;;;Colisão;;;;Meio de Quadra;;;0;1;0;1;0;1;0;0;0;0;0;0;;
298102;3;10;2016;14:42;0;AV LUCIANO CARNEIRO;;;1400;;Colisão;Luz do Dia;;;Meio de Quadra;;;0;1;0;1;0;1;0;0;0;0;0;0;-38,535455;-3,760913
298103;3;10;2016;16:15;0;AV AUGUSTO DOS ANJOS;;;1366;;Colisão;Luz do Dia;;;Meio de Quadra;;;0;1;0;0;0;0;0;0;0;1;0;0;-38,577954;-3,778805
298104;3;10;2016;16:24;0;AV MOZART PINHEIRO DE LUCENA;;;3290;;Queda;Luz do Dia;;;Meio de Quadra;;;0;1;0;0;0;0;0;0;0;1;0;0;-38,599897;-3,733455
298105;3;10;2016;16:36;20403;RUA PDE PEDRO DE ALENCAR;RUA LUCIOLA;;1565;;Colisão Transversal;Luz do Dia;Bom;Não informada;T;Pare;Comercial;0;1;3;1;0;0;0;0;0;1;0;0;-38,494322;-3,842251
298106;3;10;2016;17:01;0;RUA TUPI D35;;;233;;Colisão;Anoitecer;;;Meio de Quadra;;;0;1;0;1;0;0;0;0;0;1;0;0;;
298107;3;10;2016;17:42;19833;AV JOVITA FEITOSA;AV ENG HUMBERTO MONTE;;;;Colisão;Anoitecer;;;Cruz;Semáforo;Comercial;0;1;0;0;0;0;0;0;0;1;0;0;-38,566544;-3,741963
298096;3;10;2016;13:43;0;RUA ANTONIO BARROS;;;286;;Colisão;Luz do Dia;;;Meio de Quadra;;;0;1;0;1;0;0;0;0;0;1;0;0;;
298094;3;10;2016;13:37;0;RUA VALPARAISO;;;881;;Colisão;Luz do Dia;;;Meio de Quadra;;;0;1;0;1;0;1;0;0;0;0;0;0;-38,527681;-3,84267
298088;3;10;2016;11:09;0;RUA CEL VIRGILIO NOGUEIRA (BOM JARDIM);;;1175;;Colisão;Luz do Dia;;;Meio de Quadra;;;0;1;0;1;0;0;0;0;0;1;0;0;;
298089;3;10;2016;12:22;0;AV SGT HERMINIO SAMPAIO;;;1728;;Colisão;Luz do Dia;;;Meio de Quadra;;;0;1;0;0;0;0;0;0;0;1;0;0;-38,556218;-3,72559
298090;3;10;2016;13:00;0;AV SANTOS DUMONT;;;6350;;Colisão;Luz do Dia;;;Meio de Quadra;;;0;1;0;1;0;0;0;0;0;0;0;0;-38,475422;-3,743624
298091;3;10;2016;13:22;0;RUA ERICO MOTA;;;330;;Colisão;Luz do Dia;;;Meio de Quadra;;;0;1;0;1;0;1;0;0;0;0;0;0;-38,562283;-3,73882
298073;3;10;2016;07:31;0;RUA VICENTE LEITE;;;2990;;Colisão;Luz do Dia;;;Meio de Quadra;;;0;1;0;1;0;0;0;0;0;1;0;0;;
298075;3;10;2016;07:42;0;AV FRANCISCO SA;;;2420;;Colisão;Luz do Dia;;;Meio de Quadra;;;0;1;0;0;0;0;0;0;0;0;0;0;-38,547911;-3,720518
298076;3;10;2016;07:46;0;RUA ALM RUBIM;;;497;;Colisão;Luz do Dia;;;Meio de Quadra;;;0;1;0;1;0;0;0;0;0;1;0;0;;
298077;3;10;2016;08:19;0;AV GAL OSORIO DE PAIVA;;;1884;;Colisão;Luz do Dia;;;Meio de Quadra;;;0;1;0;1;0;0;0;0;0;1;0;0;-38,579106;-3,783583
298058;3;10;2016;03:43;0;AV CEL CARVALHO;;;;;Colisão;;;;Meio de Quadra;;;0;1;0;0;0;0;0;0;0;0;0;0;;
298070;3;10;2016;07:25;0;RUA JOAQUIM NABUCO;;;1800;;Colisão;Luz do Dia;;;Meio de Quadra;;;0;1;0;1;0;0;0;0;0;1;0;0;-38,503157;-3,741116
298079;3;10;2016;08:40;0;RUA L CJ VILA VELHA;;;843;;Queda;Luz do Dia;;;Meio de Quadra;;;0;1;0;0;0;0;0;0;0;1;0;0;;
298067;3;10;2016;04:30;0;AV RAD JOSE LIMA VERDE;;;;;Colisão;;;;Meio de Quadra;;;0;1;0;0;0;0;1;0;0;1;0;0;;
298178;3;10;2016;20:48;0;RUA QUINZE (CANINDEZINHO);;;;;Queda;;;;Meio de Quadra;;;0;1;0;0;0;1;0;0;0;0;0;0;;
302109;3;10;2016;21:07;26077;AV JOSE JATAHY;AV DUQ CAXIAS;;0;;Colisão Traseira;Via Iluminada;Bom;Seca;Outros;Pare;Comercial;0;0;2;1;0;0;0;0;0;0;0;0;;
302110;3;10;2016;18:52;0;AV ABOLICAO;;;2308;;Colisão Transversal;Anoitecer;Bom;Seca;Outros;Semáforo;Comercial;0;0;2;0;1;0;0;0;0;0;0;0;-38,498357;-3,726398
302101;3;10;2016;16:00;1490;RUA CEL JUCA;RUA DES LEITE ALBUQUERQUE;;0;;Colisão Transversal;Luz do Dia;Bom;Seca;Cruz;Pare;Residencial;0;0;2;1;0;0;0;0;0;0;0;0;-38,491875;-3,739434
302102;3;10;2016;17:40;0;AV HEROIS DO ACRE;;;172;;Colisão Traseira;Anoitecer;Bom;Seca;Meio de Quadra;Não Há Controle;Residencial;0;0;2;1;0;0;0;0;0;0;0;0;-38,529;-3,803079
302086;4;10;2016;15:23;0;AV GAL OSORIO DE PAIVA;;;0;;Engavetamento;Luz do Dia;Bom;Seca;Meio de Quadra;Semáforo;Comercial;0;0;2;1;0;0;0;0;0;0;0;0;;
302031;4;10;2016;14:53;0;AV DR SILAS MUNGUBA;;;6400;;Colisão Lateral;Luz do Dia;Bom;Seca;Meio de Quadra;Não Há Controle;Comercial;0;0;2;0;1;0;0;0;0;0;0;0;;
302111;4;10;2016;20:06;0;AV ODILON GUIMARAES;;;0;;Colisão Traseira;Via Iluminada;Bom;Seca;Não Informado;Dê Preferência;Comercial;0;0;2;1;0;0;0;0;0;0;0;0;;
302112;4;10;2016;21:17;8631;RUA ERNESTO MONTEIRO;AV EDILSON B SOARES;;0;;Colisão Lateral;Anoitecer;Bom;Seca;Cruz;Não Há Controle;Comercial;0;0;2;1;0;0;0;0;0;0;0;0;-38,471126;-3,788645
302113;4;10;2016;09:40;0;AV DES FLORIANO BENEVIDES;;;0;;Colisão Lateral;Luz do Dia;Nublado;Seca;Meio de Quadra;Não Há Controle;Comercial;0;0;2;1;1;0;0;0;0;0;0;0;-38,481826;-3,772872
302108;4;10;2016;14:33;15233;RUA JULIO IBIAPINA;RUA JUAZEIRO DO NORTE;;0;;Colisão Lateral;Luz do Dia;Bom;Seca;Cruz;Não Há Controle;Comercial;0;0;2;0;0;0;0;0;0;0;0;0;-38,491155;-3,727527
302104;4;10;2016;09:23;24290;RUA JULIO ABREU;RUA CASTRO MONTE;;0;;Colisão Traseira;Luz do Dia;Bom;Seca;Meio de Quadra;Semáforo;Comercial;0;0;2;1;1;0;0;0;0;0;0;0;-38,48592;-3,735839
302128;4;10;2016;14:50;0;AV DEP PAULINO ROCHA;;;0;;Colisão Traseira;Luz do Dia;Bom;Seca;Rotatória;Dê Preferência;Lazer;0;1;1;1;0;0;0;0;0;0;0;0;;
302135;4;10;2016;18:30;14680;AV OLIVEIRA PAIVA;RUA LIDIA BRIGIDO;;0;;Colisão Transversal;Via Iluminada;Bom;Seca;Cruz;Semáforo;Comercial;0;0;2;1;0;0;0;1;0;0;0;0;-38,484139;-3,796087
302118;4;10;2016;13:58;3423;AV JOAO PESSOA;RUA ALVARO FERNANDES;;0;;Colisão Transversal;Luz do Dia;Bom;Seca;Cruz;Semáforo;Residencial;0;0;2;1;0;0;0;0;0;0;0;0;-38,555648;-3,759317
302121;4;10;2016;17:20;0;AV PRS CASTELO BRANCO;;;1045;;Colisão Transversal;Anoitecer;Bom;Seca;Meio de Quadra;Não Há Controle;Comercial;0;1;1;1;0;0;0;0;0;1;0;0;-38,533057;-3,718934
302123;4;10;2016;19:24;21883;RUA EMILIA GONCALVES;RUA DEP MATOSO FILHO;;0;;Colisão Transversal;Via Iluminada;Bom;Seca;Cruz;Pare;Residencial;0;0;2;1;0;0;0;0;0;0;0;0;-38,592575;-3,7334
302140;4;10;2016;21:30;15788;RUA PDE PEDRO DE ALENCAR;RUA PERGENTINO MAIA;;0;;Colisão Transversal;Via Iluminada;Bom;Seca;T;Pare;Comercial;0;0;2;1;0;0;0;0;0;1;0;0;-38,493889;-3,830714
302162;4;10;2016;19:52;15028;RUA HOLANDA;RUA LEON GRADVOHL;;0;;Colisão Transversal;Via Iluminada;Bom;Seca;Y;Pare;Residencial;0;1;1;1;0;0;0;0;0;1;0;0;-38,5653;-3,793798
302138;4;10;2016;13:46;0;RUA MACHADO DE ASSIS;;;292;;Colisão Lateral;Luz do Dia;Bom;Seca;Meio de Quadra;Não Há Controle;Residencial;0;0;2;1;0;0;0;0;0;0;0;0;-38,547931;-3,749054
298271;4;10;2016;11:59;0;RUA JOSE HIPOLITO;;;1470;;Colisão;Luz do Dia;;;Meio de Quadra;;;0;3;0;0;0;0;0;0;0;1;0;0;-38,481506;-3,838054
298278;4;10;2016;12:08;0;RUA PRIMEIRO DE JANEIRO;;;106;;Colisão;Luz do Dia;;;Meio de Quadra;;;0;1;0;1;0;0;0;0;0;1;0;0;-38,565214;-3,785088