COD_ACIDENTE;DIA;MES;ANO;HORA;INTERSECAO;LOG1;LOG2;LOG3;NUMERO;REFERENCIA;NATUREZA;ILUMINACAO;TEMPO;SUPERFICIEPISTA;TIPOCRUZAMENTO;CONTROLETRAFEGO;USOSOLO;MORTOS;FERIDOS;ILESOS;AUTOMOVEL;ONIBUS;BICICLETA;CAMINHAO;MICROONIBUS;CICLOMOTOR;MOTOCICLETA;TRACAOANIMAL;TREM;LONG;LAT
298284;4;10;2016;12:10;13425;RUA DR JOSE LOURENCO;RUA JOAO BRIGIDO;;;;Colisão;Luz do Dia;;;Duplo T;Semáforo;Comercial;0;1;0;0;0;0;0;0;0;1;0;0;-38,510259;-3,742347
298290;4;10;2016;12:24;0;RUA SOLON ONOFRE;;;500;;Colisão;Luz do Dia;;;Meio de Quadra;;;0;1;0;0;0;0;0;0;0;0;0;0;-38,474249;-3,737083
298292;4;10;2016;14:40;0;AV SGT HERMINIO SAMPAIO;;;169;;Colisão;Luz do Dia;;;Meio de Quadra;;;0;2;0;0;0;0;0;0;0;1;0;0;-38,591186;-3,734791
298294;4;10;2016;14:51;0;RUA ALFREDO MAMEDE;;;637;;Colisão;Luz do Dia;;;Meio de Quadra;;;0;0;2;1;0;0;0;0;0;1;0;0;-38,582885;-3,810639
298255;4;10;2016;10:38;0;RUA MAJ TELESFORO;;;24;;Colisão;Luz do Dia;;;Meio de Quadra;;;0;1;0;0;0;0;0;0;0;0;0;0;;
298256;4;10;2016;10:43;0;AV DEP PAULINO ROCHA;;;2780;;Colisão;Luz do Dia;;;Meio de Quadra;;;0;2;0;1;0;0;0;0;0;1;0;0;;
298269;4;10;2016;11:18;0;AV JOSE SABOIA;;;905;;Colisão;Luz do Dia;;;Meio de Quadra;;;0;2;0;1;0;0;0;0;0;1;0;0;;
298321;4;10;2016;18:05;0;AV DIOGUINHO;;;300;;Colisão;Anoitecer;;;Meio de Quadra;;;0;1;0;1;0;0;0;0;0;1;0;0;;
298286;4;10;2016;12:12;23340;RUA JOAQUIM NABUCO;RUA EDUARDO BEZERRA;;;;Colisão;Luz do Dia;;;Cruz;Pare;Residencial;0;1;0;1;0;0;0;0;0;1;0;0;-38,507115;-3,753238
298313;4;10;2016;18:05;0;AV FRANCISCO SA;;;4678;;Colisão;Anoitecer;;;Meio de Quadra;;;0;1;0;1;0;0;0;0;0;1;0;0;-38,566392;-3,714341
298305;4;10;2016;16:40;0;AV JOSE BASTOS;;;6510;;Colisão;Luz do Dia;;;Meio de Quadra;;;0;1;0;1;0;0;0;0;0;1;0;0;-38,569576;-3,767391
298306;4;10;2016;17:47;0;AV BEZERRA DE MENEZES;;;;;Queda;Anoitecer;;;Meio de Quadra;;;0;1;0;0;0;0;0;0;0;1;0;0;;
298296;4;10;2016;15:10;12849;RUA ASSUNCAO;RUA SALDANHA MARINHO;;;;Colisão Transversal;Luz do Dia;Bom;Seca;Cruz;Pare;Comercial;0;1;1;1;0;0;0;0;0;1;0;0;-38,531231;-3,742314
298301;4;10;2016;15:18;0;AV CASTELO DE CASTRO;;;990;;Colisão;Luz do Dia;;;Meio de Quadra;;;0;1;0;1;0;0;0;0;0;1;0;0;-38,521738;-3,838591
298302;4;10;2016;16:05;0;RUA PERNAMBUCO;;;2601;;Colisão;Luz do Dia;;;Meio de Quadra;;;0;1;0;0;0;0;0;0;0;1;0;0;-38,577576;-3,751997
298303;4;10;2016;16:13;0;RUA CEL FABRICIANO;;;355;;Colisão;Luz do Dia;;;Meio de Quadra;;;0;1;0;1;0;0;0;0;0;1;0;0;-38,593434;-3,786963
298351;4;10;2016;20:51;5159;RUA GUILHERME ROCHA;AV IMPERADOR;;;;Colisão;;;;Cruz;Semáforo;Comercial;0;1;0;1;0;0;0;0;0;1;0;0;-38,533829;-3,725081
298352;4;10;2016;21:10;0;AV DO PASSARE;;;815;;Colisão;;;;Meio de Quadra;;;0;1;0;1;0;0;0;0;0;1;0;0;;
298337;4;10;2016;18:21;5692;AV DES GONZAGA;RUA MARGARIDA DE QUEIROZ;;190;;Colisão Transversal;Via Iluminada;Bom;Seca;Cruz;Pare;Comercial;0;1;3;1;0;0;0;0;0;1;0;0;-38,501753;-3,793168
298340;4;10;2016;18:24;0;AV ALBERTO CRAVEIRO;;;;;Colisão;Anoitecer;;;Meio de Quadra;;;0;1;0;1;0;0;0;0;0;1;0;0;;
298346;4;10;2016;18:38;0;AV PRS CASTELO BRANCO;;;;;Colisão;;;;Meio de Quadra;;;0;1;0;0;0;0;0;0;0;1;0;0;;
298347;4;10;2016;19:21;0;AV H CJ CEARA;;;1096;;Atropelamento;;;;Meio de Quadra;;;0;1;0;0;0;0;0;0;0;0;0;0;-38,607405;-3,775418
298348;4;10;2016;19:29;0;AV DEP PAULINO ROCHA;;;;;Colisão Traseira;Anoitecer;Bom;Seca;Meio de Quadra;Dê Preferência;Residencial;0;1;2;1;0;0;0;0;0;1;0;0;;
298349;4;10;2016;20:07;0;AV ENG HUMBERTO MONTE;;;1296;;Atropelamento;;;;Meio de Quadra;;;0;2;0;0;0;0;0;0;0;1;0;0;-38,561277;-3,748124
298354;4;10;2016;21:13;0;RUA MAJ FACUNDO;;;1638;;Atropelamento;;;;Meio de Quadra;;;0;1;0;1;0;0;0;0;0;0;0;0;-38,530847;-3,736877
298327;4;10;2016;18:05;0;AV CANAL D71;;;380;;Queda;Anoitecer;;;Meio de Quadra;;;0;1;0;0;0;0;0;0;0;1;0;0;;
298210;4;10;2016;00:13;0;RUA GUILHERME ROCHA;;;1087;;Colisão;;;;Meio de Quadra;;;0;2;0;0;0;0;0;0;0;0;0;0;-38,535902;-3,724409
298232;4;10;2016;07:48;0;AV CARAPINIMA;;;;;Atropelamento;Luz do Dia;;;Meio de Quadra;;;0;1;0;0;0;0;0;0;0;0;0;0;;
298222;4;10;2016;06:18;0;AV GOV RAUL BARBOSA;;;;;Colisão;Luz do Dia;;;Meio de Quadra;;;0;1;0;1;0;0;0;0;0;0;0;0;;
298242;4;10;2016;08:31;0;RUA BAR ARATANHA;;;1344;;Queda;Luz do Dia;;;Meio de Quadra;;;0;1;0;0;0;0;0;0;0;1;0;0;;
298253;4;10;2016;09:04;0;AV A CJ CEARA;;;926;;Colisão;Luz do Dia;;;Meio de Quadra;;;0;1;0;1;0;0;0;0;0;1;0;0;-38,603935;-3,768456
298248;4;10;2016;09:00;6737;AV PDE ANTONIO TOMAS;AV ENG SANTANA JUNIOR;;;;Atropelamento;Luz do Dia;;;T;Não Há Controle;Comercial;0;2;0;0;0;0;0;0;0;1;0;0;-38,488012;-3,743981
291694;4;10;2016;19:35;0;AV SANTOS DUMONT;;;2122;;Colisão Lateral;Via Iluminada;Bom;Seca;Meio de Quadra;Não Há Controle;Comercial;0;0;2;1;1;0;0;0;0;0;0;0;-38,505116;-3,734031
291698;4;10;2016;17:00;0;AV ROGACIANO LEITE;;;;;Colisão Traseira;Luz do Dia;Bom;Seca;Meio de Quadra;Não Há Controle;Residencial;0;0;2;1;0;0;0;0;0;1;0;0;;
291696;4;10;2016;20:15;9155;AV EDUARDO GIRAO;AV LUCIANO CARNEIRO;;;;Colisão Lateral;Via Iluminada;Bom;Seca;Cruz;Semáforo;Comercial;0;2;0;1;0;0;1;0;0;0;0;0;-38,532811;-3,752275
291700;4;10;2016;15:40;0;RUA LEONARDO MOTA;;;;;Colisão Lateral;Luz do Dia;Bom;Seca;Meio de Quadra;Pare;Comercial;0;0;2;1;0;0;1;0;0;0;0;0;;
291707;4;10;2016;17:50;5122;AV IMPERADOR;RUA SAO PAULO;;;;Colisão Transversal;Anoitecer;Outros;Seca;Cruz;Semáforo;Comercial;0;1;1;1;0;0;0;0;0;1;0;0;-38,533522;-3,724049
291708;4;10;2016;14:30;4007;RUA ALBERTO MAGNO;RUA DES PRAXEDES;;;;Colisão;Luz do Dia;Bom;Seca;Cruz;Semáforo;Comercial;0;1;1;1;0;0;0;0;0;1;0;0;-38,546795;-3,76123
291709;4;10;2016;14:15;7897;RUA MON CATAO;RUA HENRIQUETA GALENO;;;;Colisão Traseira;Luz do Dia;Bom;Seca;Cruz;Não Há Controle;Misto;0;0;2;1;0;0;0;0;0;0;0;0;-38,493338;-3,747287
291720;4;10;2016;12:30;0;RUA VALMIR PONTES;;;;;Colisão Traseira;Luz do Dia;Bom;Seca;Meio de Quadra;Outros;Comercial;0;0;4;1;0;0;0;0;0;0;0;0;;
291703;4;10;2016;14:20;0;AV BAR STUDART;;;262;;Colisão Transversal;Luz do Dia;Nublado;Seca;Meio de Quadra;Pare;Residencial;0;1;1;1;0;0;0;0;0;1;0;0;-38,503865;-3,7261
291704;4;10;2016;09:00;0;AV PRS CASTELO BRANCO;;;;;Colisão;Luz do Dia;Bom;Seca;Meio de Quadra;Não Há Controle;Residencial;0;0;2;0;0;0;1;0;0;0;0;0;;
291712;4;10;2016;11:27;4464;AV JOSE SABOIA;TR DIOGHINHO;;;;Colisão Transversal;Luz do Dia;Bom;Seca;T;Pare;Comercial;0;1;1;1;0;0;0;0;0;1;0;0;-38,466399;-3,717843
291751;4;10;2016;08:20;22055;AV JOSE BASTOS;RUA PDE CICERO;;;;Colisão Lateral;Luz do Dia;Nublado;Seca;T;Não Há Controle;Comercial;0;3;1;1;0;0;0;0;0;1;0;0;-38,544887;-3,744462
291753;4;10;2016;15:20;5483;RUA NOGUEIRA ACIOLI;RUA BARBARA DE ALENCAR;;;;Colisão Lateral;Luz do Dia;Bom;Seca;Cruz;Pare;Comercial;0;0;2;1;0;0;0;0;0;0;0;0;-38,518995;-3,73639
291758;4;10;2016;12:10;0;AV ENG HUMBERTO MONTE;;;300;;Engavetamento;Luz do Dia;Bom;Seca;Meio de Quadra;;Residencial;0;0;4;1;0;0;0;0;0;0;0;0;-38,555584;-3,75483
291759;4;10;2016;17:25;0;AV JOVITA FEITOSA;;;835;;Colisão Frontal;Anoitecer;Bom;;Meio de Quadra;Não Há Controle;Comercial;0;0;2;1;0;0;0;0;0;0;0;0;-38,551243;-3,738795
291734;4;10;2016;16:00;0;RUA PEDRO LAZAR;;;;;Colisão Lateral;Luz do Dia;Bom;Seca;;Pare;Residencial;0;0;2;1;0;0;0;0;0;0;0;0;;
291735;4;10;2016;16:40;7760;RUA SILVA PAULET;AV ANTONIO SALES;;;;Colisão;Luz do Dia;Bom;Seca;Cruz;Semáforo;Comercial;0;0;2;1;0;0;0;0;0;0;0;0;-38,508383;-3,743595
291722;4;10;2016;15:40;22665;AV ENG LEAL LIMA VERDE (SAPIRANGA/COITE);AV COS GOMES DE FREITAS (SAPIRANGA/COITE);;;;Colisão Transversal;Luz do Dia;Bom;Seca;Rotatória;Dê Preferência;Comercial;0;0;2;1;0;0;0;0;0;0;0;0;-38,475739;-3,795341
291729;4;10;2016;09:30;0;RUA JACINTO MATOS;;;;;Colisão Transversal;Luz do Dia;Bom;Seca;Meio de Quadra;Pare;Misto;0;1;1;1;0;0;0;0;0;1;0;0;;
291724;4;10;2016;18:40;7957;AV PONTES VIEIRA;AV BAR STUDART;;;;Colisão Traseira;Anoitecer;Bom;Seca;T;Semáforo;Comercial;0;0;2;1;0;0;0;0;0;0;0;0;-38,512361;-3,75259
291725;4;10;2016;09:30;0;AV ANTONIO SALES;;;;;Colisão Traseira;Luz do Dia;Bom;Seca;Meio de Quadra;Semáforo;Comercial;0;0;2;1;0;0;0;0;0;1;0;0;;
291726;4;10;2016;09:00;6737;AV ENG SANTANA JUNIOR;AV PDE ANTONIO TOMAS;;;;Colisão Lateral;Luz do Dia;Bom;Seca;T;Não Há Controle;Comercial;0;1;1;1;0;0;0;0;0;1;0;0;-38,488012;-3,743981
291755;4;10;2016;16:30;0;AV AGUANAMBI;AV AGUANAMBI;;;;Colisão Lateral;Luz do Dia;Bom;Seca;Não Informado;Semáforo;Comercial;0;1;3;1;1;0;0;0;0;0;0;0;;
294058;4;10;2016;17:12;0;AV MIN JOSE AMERICO;;;1000;;Colisão;Anoitecer;;;Meio de Quadra;;;0;1;1;1;0;0;0;0;0;0;0;0;;
294060;4;10;2016;22:00;0;AV WASHINGTON SOARES;;;;;Colisão;;;;Meio de Quadra;;;0;2;0;0;0;0;0;0;0;0;0;0;;
296940;4;10;2016;19:00;0;RD CE-040;;;;KM-03;Colisão;;Bom;Seca;Meio de Quadra;;;0;0;2;1;0;0;0;0;0;0;0;0;-38,481799;-3,773616
296941;4;10;2016;22:25;0;RD CE-040;;;;KM-08;Capotamento;;Bom;Seca;Meio de Quadra;;;0;1;1;1;0;0;0;0;0;0;0;0;-38,483033;-3,817159
296947;5;10;2016;08:50;0;RD CE-040;;;;KM-07;Colisão;Luz do Dia;Bom;Seca;Meio de Quadra;;;0;0;2;1;0;0;0;0;0;0;0;0;-38,478733;-3,809597
296948;5;10;2016;14:40;0;AV SEN CARLOS JEREISSATI (AEROPORTO);;;;KM 01;Colisão;Luz do Dia;Bom;Seca;Meio de Quadra;;;0;1;1;1;0;0;0;0;0;1;0;0;-38,52685;-3,783753
294065;5;10;2016;20:30;0;RUA FRANCISCO JOSE A PEREIRA;;;1065;;Colisão Lateral;Via Iluminada;Bom;Seca;Meio de Quadra;Pare;Residencial;0;0;2;1;0;0;0;0;0;1;0;0;;
294066;5;10;2016;20:48;0;RUA PLACIDO DE CASTRO;RUA ANTONIO COSTA MENDES;;420;;Colisão Transversal;Luz do Dia;Bom;Seca;Meio de Quadra;Não Há Controle;Residencial;0;0;3;0;0;0;0;0;0;1;0;0;-38,584384;-3,791382
294070;5;10;2016;11:55;0;RUA BERNARDO MANUEL;;;7209;;Colisão;Luz do Dia;;;Meio de Quadra;;;0;1;1;1;0;0;0;0;0;1;0;0;-38,546195;-3,781664
291764;5;10;2016;00:15;0;RUA ALAN KARDEC;;;617;;Atropelamento;Via Iluminada;Bom;Seca;Meio de Quadra;Não Há Controle;Residencial;0;2;1;0;0;0;0;0;0;1;0;0;-38,551674;-3,763514
291765;5;10;2016;18:51;14421;RUA PDE ANCHIETA;AV SGT HERMINIO SAMPAIO;;;;Colisão Lateral;Via Iluminada;Bom;Seca;Cruz;Semáforo;Comercial;0;0;2;1;0;0;0;0;0;0;0;0;-38,551079;-3,724693
291777;5;10;2016;09:35;0;AV JOAO PESSOA;;;4331;;Colisão Traseira;Luz do Dia;Bom;Seca;Meio de Quadra;Semáforo;Residencial;0;1;2;1;0;0;0;0;0;1;0;0;-38,548372;-3,751206
291772;5;10;2016;09:45;0;AV JOAO PESSOA;;;;;Colisão Traseira;Luz do Dia;Bom;Seca;Meio de Quadra;Outros;Residencial;0;0;3;1;1;0;0;0;0;0;0;0;;
291794;5;10;2016;14:35;19759;RUA AMADEU FURTADO;RUA AZEVEDO BOLAO;;;;Colisão Transversal;Luz do Dia;Bom;Seca;Cruz;Pare;Residencial;0;1;1;1;0;0;0;0;0;1;0;0;-38,563588;-3,737863
291795;5;10;2016;11:30;19772;RUA PRO RAIMUNDO VITOR;RUA AZEVEDO BOLAO;;;;Colisão Transversal;Luz do Dia;Bom;Seca;Cruz;Não Há Controle;Residencial;0;1;1;1;0;0;0;0;0;1;0;0;-38,565762;-3,738334
291796;5;10;2016;13:15;15000;RUA CARLOS STUDART;RUA NIGERIA;;;;Colisão Transversal;Luz do Dia;Bom;Seca;Cruz;Pare;Residencial;0;0;2;1;0;0;0;0;0;1;0;0;-38,567794;-3,792651
291786;5;10;2016;12:40;3992;RUA ALBERTO MAGNO;RUA RAUL UCHOA;;;;Colisão Lateral;Luz do Dia;Bom;Seca;Cruz;Pare;Comercial;0;1;1;1;0;0;0;0;0;1;0;0;-38,545916;-3,760225
291789;5;10;2016;16:38;5434;AV HERACLITO GRACA;AV DOM MANUEL;;;;Colisão Lateral;Via Iluminada;Bom;Seca;Cruz;Semáforo;Comercial;0;0;3;1;1;0;0;0;0;0;0;0;-38,522952;-3,734013
291760;5;10;2016;16:48;0;AV PRS COSTA E SILVA;;;2715;;Colisão Lateral;Luz do Dia;Nublado;Seca;Meio de Quadra;Pare;Comercial;0;0;2;1;0;0;1;0;0;0;0;0;;
291761;5;10;2016;16:00;577;AV FRANCISCO SA;AV DR THEBERGE;;;;Colisão Transversal;Luz do Dia;Bom;Seca;Cruz;Semáforo;Comercial;0;0;3;1;0;0;1;0;0;0;0;0;-38,565016;-3,714822
291838;5;10;2016;13:10;15342;RUA OSVALDO CRUZ (ALDEOTA);RUA PEREIRA VALENTE;;;;Colisão Transversal;Luz do Dia;Bom;Seca;Cruz;Pare;Residencial;0;0;2;1;0;0;0;0;0;0;0;0;-38,499032;-3,731621
291839;5;10;2016;16:10;22176;AV ENG HUMBERTO MONTE;AV JOSE BASTOS;;;;Colisão Lateral;Luz do Dia;Bom;Seca;T;Pare;Comercial;0;0;2;1;0;0;0;0;0;0;0;0;-38,555455;-3,754966
291827;5;10;2016;10:00;9099;AV EDUARDO GIRAO;RUA MIN JOAQUIM BASTOS D14;;;;Colisão Transversal;Luz do Dia;Bom;Seca;Cruz;Pare;Residencial;0;2;0;1;0;0;0;0;0;1;0;0;-38,525973;-3,7557
291820;5;10;2016;17:30;0;RUA PROF GLAUCO LOBO;;;97;;Colisão;Luz do Dia;Bom;Seca;Meio de Quadra;Outros;Residencial;0;2;0;0;0;0;0;0;0;1;0;0;;
291836;5;10;2016;10:00;26225;RUA FRE ODILON;RUA LICURGO MONTENEGRO;;;;Colisão Lateral;Luz do Dia;Bom;Seca;T;Não Há Controle;Residencial;0;0;2;1;0;0;0;0;0;0;0;0;-38,572366;-3,735009
291833;5;10;2016;12:00;0;AV DOM LUIS;;;176;;Engavetamento;Luz do Dia;Bom;Seca;Meio de Quadra;Semáforo;Comercial;0;0;2;1;0;0;0;0;0;0;0;0;-38,500254;-3,732325
291830;5;10;2016;06:45;0;RUA WALDIR DIOGO;;;;;Colisão Transversal;Luz do Dia;Bom;Seca;Cruz;Pare;Comercial;0;1;1;1;0;0;0;0;0;1;0;0;;
291811;5;10;2016;09:00;23644;RUA BAR CRATO;RUA DR GILBERTO CAMARA;;;;Colisão Transversal;Luz do Dia;Bom;Seca;Cruz;Pare;Residencial;0;0;2;1;0;0;0;0;0;0;0;0;-38,563395;-3,722266
291812;5;10;2016;12:00;2706;RUA CEL VIRGILIO NOGUEIRA (BOM JARDIM);RUA OSCAR FRANCA;;;;Colisão Transversal;Luz do Dia;Bom;Seca;Cruz;Pare;Outros;0;1;2;1;0;0;0;0;0;0;0;0;;
291803;5;10;2016;14:00;18800;RUA VALPARAISO;RUA ISMAEL SILVA;;;;Colisão Transversal;Luz do Dia;Bom;Seca;T;Pare;Residencial;0;0;2;1;0;0;0;0;0;1;0;0;-38,523299;-3,845929
291815;5;10;2016;11:30;17539;RUA ALVARO CORREIA;RUA DR ALOISIO MAMEDE;;;;Colisão Transversal;Luz do Dia;Bom;Seca;Cruz;Não Há Controle;Comercial;0;0;2;1;0;0;0;0;0;0;0;0;-38,483762;-3,729098
291806;5;10;2016;00:00;352;RUA XAVIER DE OLIVEIRA;RUA PEDRO DE QUEIROZ;;;;Colisão Transversal;Via Iluminada;Bom;Seca;Cruz;Pare;Residencial;0;0;2;1;0;0;0;0;0;0;0;0;-38,558367;-3,746834
291808;5;10;2016;14:30;5402;RUA METON DE ALENCAR;RUA VINTE E QUATRO DE MAIO;;;;Colisão Transversal;Luz do Dia;Bom;Seca;Cruz;Pare;Comercial;0;1;1;1;0;0;0;0;0;1;0;0;-38,533848;-3,732626
291817;5;10;2016;08:30;0;LOGRADOURO SEM NOME;;;;;Colisão Traseira;Luz do Dia;Bom;Seca;Outros;Outros;Comercial;0;0;2;1;1;0;0;0;0;0;0;0;;
298410;5;10;2016;13:28;0;RUA CASTRO DE ALENCAR;;;1119;;Colisão;Luz do Dia;;;Meio de Quadra;;;0;1;0;1;0;0;0;0;0;1;0;0;-38,506096;-3,782073
298411;5;10;2016;13:31;0;RUA ALVARO DE ALENCAR;;;309;;Colisão;Luz do Dia;;;Meio de Quadra;;;0;1;0;1;0;0;0;0;0;1;0;0;-38,557664;-3,713946
298402;5;10;2016;10:49;0;RUA NOSSA SRA DAS GRACAS;;;794;;Colisão;Luz do Dia;;;Meio de Quadra;;;0;1;0;1;0;0;0;0;0;1;0;0;-38,555318;-3,70963
298382;5;10;2016;08:55;0;AV JOSE JATAHY;;;2366;;Queda;Luz do Dia;;;Meio de Quadra;;;0;1;0;0;0;1;0;0;0;0;0;0;;
298389;5;10;2016;09:30;0;RUA DR HUGO ROCHA;;;388;;Colisão;Luz do Dia;;;Meio de Quadra;;;0;1;0;1;0;1;0;0;0;0;0;0;-38,570775;-3,715693
298392;5;10;2016;09:57;0;RUA MARTINS CARVALHO;;;3880;;Colisão;Luz do Dia;;;Meio de Quadra;;;0;2;0;1;0;0;0;0;0;1;0;0;-38,62686;-3,788742
298394;5;10;2016;09:57;0;RUA BERNARDO MANUEL;;;7212;;Colisão;Luz do Dia;;;Meio de Quadra;;;0;1;0;1;0;0;0;0;0;1;0;0;-38,546113;-3,781397
298366;5;10;2016;07:57;0;AV JOSE JATAHY;;;2199;;Queda;Luz do Dia;;;Meio de Quadra;;;0;1;0;0;0;1;0;0;0;0;0;0;;
298360;5;10;2016;06:28;3768;AV DOMINGOS OLIMPIO;AV TRISTAO GONCALVES;;;;Colisão;Luz do Dia;;;Cruz;Semáforo;Comercial;0;1;0;0;0;0;0;0;0;1;0;0;-38,535613;-3,735133
298361;5;10;2016;06:47;0;AV PERIMETRAL;;;419;;Colisão;Luz do Dia;;;Meio de Quadra;;;0;1;0;0;0;0;0;0;0;0;0;0;;
298362;5;10;2016;07:05;0;RD QUARTO ANEL VIARIO;;;;;Colisão;Luz do Dia;;;Meio de Quadra;;;0;1;0;1;0;0;0;0;0;1;0;0;;
298363;5;10;2016;07:21;0;RUA JOAQUIM ALFREDO;;;;;Colisão;Luz do Dia;;;Meio de Quadra;;;0;1;0;1;0;0;0;0;0;1;0;0;;
298455;5;10;2016;18:57;0;RUA CEL JOAO OLIVEIRA;;;;;Colisão;;;;Meio de Quadra;;;0;1;0;0;0;0;0;0;0;0;0;0;;
298469;5;10;2016;19:41;0;RUA JOSE SETUBAL PESSOA;;;186;;Colisão;;;;Meio de Quadra;;;0;1;0;0;0;0;0;0;0;0;0;0;;
298471;5;10;2016;20:18;0;RUA DEP FIGUEIREDO CORREIA;;;987;;Colisão;;;;Meio de Quadra;;;0;1;0;1;0;0;0;0;0;1;0;0;;
298481;5;10;2016;21:06;0;AV DOS EXPEDICIONARIOS;;;3031;;Colisão;;;;Meio de Quadra;;;0;1;0;1;0;0;0;0;0;1;0;0;;
298485;5;10;2016;22:12;0;AV AGUANAMBI;;;1953;;Atropelamento;;;;Meio de Quadra;;;0;1;0;0;0;0;0;0;0;1;0;0;-38,52347;-3,754034
298483;5;10;2016;22:12;0;RUA TRES (DIAS MACEDO);;;1092;;Colisão;;;;Meio de Quadra;;;0;1;0;0;0;0;0;0;0;0;0;0;;
298501;5;10;2016;23:50;0;AV VIS RIO BRANCO;;;5922;;Queda;;;;Meio de Quadra;;;0;1;0;0;0;0;0;0;0;1;0;0;;
298458;5;10;2016;19:01;0;RUA PLACIDO CARVALHO;;;305;;Atropelamento;;;;Meio de Quadra;;;0;1;0;1;0;0;0;0;0;0;0;0;-38,555588;-3,721184
298451;5;10;2016;18:56;6573;AV C CJ CEARA;AV H CJ CEARA;;;;Colisão;;;;T;Não Há Controle;Comercial;0;1;0;1;0;0;0;0;0;1;0;0;;
298448;5;10;2016;17:50;0;RUA SOLON ONOFRE;AV ENG ALBERTO SA;;;;Colisão Transversal;Via Iluminada;Bom;Seca;Cruz;Pare;Comercial;0;3;1;1;0;0;0;0;0;1;0;0;-38,473145;-3,735314
298444;5;10;2016;17:23;0;RUA HONORINA MAIA;;;1170;;Atropelamento;Anoitecer;;;Meio de Quadra;;;0;1;0;0;0;0;0;0;0;0;0;0;;
298445;5;10;2016;17:36;0;AV DES FAUSTINO ALBUQUERQUE;;;1075;;Colisão;Anoitecer;;;Meio de Quadra;;;0;1;0;1;0;0;0;0;0;1;0;0;;
298426;5;10;2016;14:17;0;AV GODOFREDO MACIEL;;;;;Colisão;Luz do Dia;;;Meio de Quadra;;;0;1;0;1;0;0;0;0;0;1;0;0;;
298434;5;10;2016;15:03;0;RUA JOSE HIPOLITO;;;1476;;Colisão;Luz do Dia;;;Meio de Quadra;;;0;1;0;1;0;0;0;0;0;1;0;0;-38,48144;-3,838088
298437;5;10;2016;16:58;0;RUA VER PEDRO PAULO MOREIRA;;;1037;;Colisão;Luz do Dia;;;Meio de Quadra;;;0;1;0;1;0;1;0;0;0;0;0;0;-38,486461;-3,787296
298438;5;10;2016;17:00;0;RUA MAE NEO MIRANDA;;;220;;Queda;Anoitecer;;;Meio de Quadra;;;0;1;0;0;0;1;0;0;0;0;0;0;;
298439;5;10;2016;17:17;0;AV PERIMETRAL;;;;;Colisão;Anoitecer;;;Meio de Quadra;;;0;3;0;1;0;0;0;0;0;1;0;0;;
298430;5;10;2016;14:17;12847;RUA SALDANHA MARINHO;RUA MAJ FACUNDO;;;;Colisão;Luz do Dia;;;Cruz;Pare;Residencial;0;1;0;1;0;0;0;0;0;1;0;0;-38,532454;-3,741916
298431;5;10;2016;14:41;0;AV SEN VIRGILIO TAVORA;;;3011;;Colisão;Luz do Dia;;;Meio de Quadra;;;0;1;0;0;0;0;0;0;0;1;0;0;;
302124;5;10;2016;21:15;14585;AV EDILSON B SOARES;RUA NUBIA BARROCAS;;0;;Colisão Lateral;Via Iluminada;Bom;Seca;Cruz;Pare;Residencial;0;0;2;1;0;0;0;0;0;0;0;0;-38,482203;-3,78959
302125;5;10;2016;07:40;13635;RUA ALBERTO FEITOSA LIMA;RUA JOSE ALVES DE MORAES;;0;;Colisão Transversal;Luz do Dia;Bom;Seca;Cruz;Pare;Não Informado;0;0;2;1;0;0;0;0;0;0;0;0;-38,484227;-3,7695
302126;5;10;2016;08:46;19794;RUA PDE GUERRA;RUA GAL PIRAGIBE;;0;;Colisão Transversal;Luz do Dia;Bom;Seca;Cruz;Pare;Comercial;0;0;4;1;0;0;0;0;0;0;0;0;-38,557731;-3,738936
302122;5;10;2016;19:16;0;RUA PORTO VELHO;RUA BELEM;;0;;Colisão Transversal;Via Iluminada;Bom;Seca;Cruz;Não Há Controle;Residencial;0;1;0;1;0;0;0;0;0;1;0;0;-38,594715;-3,761949
302119;5;10;2016;10:48;0;AV FRANCISCO SA;;;5311;;Colisão Traseira;Luz do Dia;Bom;Seca;Meio de Quadra;Não Há Controle;Comercial;0;0;1;1;0;0;0;0;0;0;0;0;-38,571292;-3,712647
302120;5;10;2016;07:32;0;AV CARNEIRO DE MENDONCA;;;0;;Colisão Traseira;Luz do Dia;Bom;Seca;Outros;Não Há Controle;Residencial;0;0;2;1;0;0;0;0;0;0;0;0;;
302136;5;10;2016;17:05;0;RUA SILVA PAULET;;;0;;Colisão Traseira;Luz do Dia;Bom;Seca;Meio de Quadra;Não Há Controle;Comercial;0;0;2;1;0;0;0;0;0;0;0;0;;
302129;5;10;2016;16:34;5407;RUA SOLON PINHEIRO;AV DUQ CAXIAS;;0;;Colisão Lateral;Luz do Dia;Bom;Seca;Cruz;Semáforo;Comercial;0;1;1;0;1;0;0;0;0;0;0;0;-38,527034;-3,732704
302132;5;10;2016;13:10;0;AV CEL CARVALHO;;;0;GUARARAPES;Colisão Traseira;Luz do Dia;Bom;Seca;Meio de Quadra;Não Há Controle;Comercial;0;0;2;1;0;0;0;0;0;0;0;0;;
302133;5;10;2016;15:10;15880;RUA GUARUJA;RUA JOSE IVO;;0;;Colisão Lateral;Luz do Dia;Bom;Seca;Cruz;Pare;Residencial;0;0;2;1;1;0;0;0;0;0;0;0;-38,496061;-3,83485