COD_ACIDENTE;DIA;MES;ANO;HORA;INTERSECAO;LOG1;LOG2;LOG3;NUMERO;REFERENCIA;NATUREZA;ILUMINACAO;TEMPO;SUPERFICIEPISTA;TIPOCRUZAMENTO;CONTROLETRAFEGO;USOSOLO;MORTOS;FERIDOS;ILESOS;AUTOMOVEL;ONIBUS;BICICLETA;CAMINHAO;MICROONIBUS;CICLOMOTOR;MOTOCICLETA;TRACAOANIMAL;TREM;LONG;LAT
302116;5;10;2016;08:24;0;AV LINEU MACHADO;RUA GEORGE ROCHA;;0;;Colisão Transversal;Luz do Dia;Bom;Seca;Cruz;Semáforo;Comercial;0;1;1;1;0;0;0;0;0;1;0;0;;
302117;5;10;2016;08:39;0;RUA MIN JOAQUIM BASTOS D14;RUA DEP OSWALDO STUDART;;0;;Colisão Traseira;Luz do Dia;Bom;Seca;T;Pare;Comercial;0;0;2;1;0;0;0;0;0;0;0;0;;
302066;5;10;2016;14:29;9220;AV 13 DE MAIO;RUA NAPOLEAO LAUREANO;;0;;Colisão Transversal;Luz do Dia;Bom;Seca;Cruz;Semáforo;Comercial;0;0;3;1;1;0;0;0;0;0;0;0;-38,528825;-3,749758
302152;5;10;2016;20:25;0;RUA DR VALDEMAR DE ALCANTARA;RUA MARIO ALENCAR ARARIPE;;0;;Colisão Lateral;Anoitecer;Bom;Seca;Cruz;Pare;Residencial;0;0;2;1;0;0;0;0;0;0;0;0;;
292440;5;10;2016;19:20;0;RD BR 116;;;10300;VIADUTO MESSEJANA;Atropelamento;;;;Meio de Quadra;;;1;2;0;0;0;0;0;0;0;1;0;0;-38,501279;-3,838736
302073;6;10;2016;07:50;5729;AV OLIVEIRA PAIVA;RUA TEOFREDO GOIANA;;0;;Colisão Lateral;Luz do Dia;Bom;Não informada;T;Pare;Comercial;0;0;2;1;0;0;0;0;0;1;0;0;-38,501221;-3,797744
301962;6;10;2016;14:40;0;RUA EDUARDO PERDIGAO;;;0;HOSPITAL MENINO JESUS;Colisão Traseira;Luz do Dia;Bom;Seca;Meio de Quadra;Semáforo;Comercial;0;0;3;1;0;0;0;0;0;0;0;0;;
302134;6;10;2016;12:40;0;AV CARNEIRO DE MENDONCA;RUA GEORGE ROCHA;;0;;Colisão Lateral;Luz do Dia;Bom;Seca;T;Semáforo;Comercial;0;1;1;0;0;0;0;0;0;1;0;0;;
302130;6;10;2016;09:31;25888;AV JOAO PESSOA;RUA 15 DE NOVEMBRO;;0;;Colisão Lateral;Luz do Dia;Bom;Seca;T;Não Há Controle;Escola;0;0;2;1;0;0;0;0;0;0;0;0;-38,559885;-3,767432
302137;6;10;2016;12:40;11036;RUA CON LIMA SUCUPIRA;RUA PERU;;0;;Colisão Transversal;Luz do Dia;Bom;Seca;Cruz;Pare;Residencial;0;1;1;1;0;0;0;0;0;0;0;0;-38,552639;-3,77759
302127;6;10;2016;03:45;24347;AV LUCIANO CARNEIRO;RUA DES PRAXEDES;;0;;Colisão Transversal;Via Iluminada;Bom;Seca;Cruz;Semáforo;Comercial;0;0;2;0;0;0;0;0;0;0;0;0;-38,536679;-3,764934
302142;6;10;2016;19:49;0;AV GOV PARSIFAL BARROSO;;;0;;Colisão Traseira;Anoitecer;Bom;Seca;Outros;Não Há Controle;Residencial;0;0;2;1;0;0;0;0;0;0;0;0;;
302143;6;10;2016;19:25;7875;AV PONTES VIEIRA;AV SEN VIRGILIO TAVORA;;0;;Engavetamento;Via Iluminada;Bom;Seca;T;Semáforo;Comercial;0;0;3;1;0;0;0;0;0;0;0;0;-38,497652;-3,750886
302144;6;10;2016;19:45;0;RUA GAL BERNARDO FIGUEIREDO;;;144;;Colisão Lateral;Via Iluminada;Bom;Seca;T;Pare;Residencial;0;0;1;1;0;0;0;0;0;0;0;0;-38,549646;-3,739221
302145;6;10;2016;19:00;0;RUA NUBIA BARROCAS;RUA LOURIVAL C PINHO;;0;;Colisão Transversal;Via Iluminada;Bom;Seca;Cruz;Não Há Controle;Comercial;0;0;2;1;0;0;0;0;0;0;0;0;;
302146;6;10;2016;21:00;0;RUA CEL MATOS DOURADO;;;715;;Colisão Lateral;Não Informado;Bom;Seca;Meio de Quadra;Não Há Controle;Industrial;0;1;1;0;0;0;0;0;0;1;0;0;-38,584863;-3,745216
302148;6;10;2016;10:12;0;AV ALM MAXIMIANO DA FONSECA;;;0;FACULDADE FA7;Colisão Lateral;Luz do Dia;Bom;Seca;Meio de Quadra;Não Há Controle;Comercial;0;0;2;1;0;0;0;0;0;0;0;0;;
302175;6;10;2016;10:43;1380;RUA NUNES VALENTE;RUA TORRES CAMARA;;0;;Colisão Lateral;Luz do Dia;Bom;Seca;Cruz;Pare;Residencial;0;0;2;1;0;0;0;0;0;0;0;0;-38,503856;-3,736618
302139;6;10;2016;15:20;13423;AV ANTONIO SALES;RUA MON BRUNO;;0;;Colisão Transversal;Luz do Dia;Bom;Seca;Cruz;Pare;Comercial;0;0;1;1;0;0;0;0;0;1;0;0;-38,512634;-3,742276
298502;6;10;2016;03:56;0;AV JOSE JATAHY;;;40;;Atropelamento;;;;Meio de Quadra;;;0;1;0;0;0;0;0;0;0;0;0;0;-38,543257;-3,739724
298503;6;10;2016;05:58;0;AV PRS CASTELO BRANCO;;;2196;;Atropelamento;Amanhecer;;;Meio de Quadra;;;0;1;0;1;0;0;0;0;0;0;0;0;-38,547611;-3,714034
298505;6;10;2016;06:19;23749;RUA CON DE CASTRO;RUA LINS DO REGO;;;;Colisão Frontal;Luz do Dia;Bom;Seca;T;Não Há Controle;Residencial;0;3;2;0;0;0;0;0;0;0;0;0;-38,573794;-3,785389
298506;6;10;2016;06:36;0;AV CARNEIRO DE MENDONCA;;;;;Queda;Luz do Dia;;;Meio de Quadra;;;0;1;0;0;0;0;0;0;0;1;0;0;;
298507;6;10;2016;06:44;0;RUA PAULINO NOGUEIRA;;;135;;Colisão;Luz do Dia;;;Meio de Quadra;;;0;1;0;1;0;0;0;0;0;0;0;0;-38,539652;-3,742336
298508;6;10;2016;08:03;0;RUA CON DE CASTRO;;;1698;;Colisão;Luz do Dia;;;Meio de Quadra;;;0;1;0;1;0;0;0;0;0;1;0;0;;
298561;6;10;2016;13:19;0;RUA MOURA MATOS;;;1241;;Colisão;Luz do Dia;;;Meio de Quadra;;;0;1;0;1;0;0;0;0;0;0;0;0;-38,539488;-3,816011
298557;6;10;2016;11:36;0;RUA ALVES RIBEIRO;;;305;;Colisão;Luz do Dia;;;Meio de Quadra;;;0;1;0;1;0;0;0;0;0;1;0;0;-38,498453;-3,82164
298582;6;10;2016;17:03;0;RUA VALPARAISO;RUA CANGURU;;;;Colisão Traseira;Luz do Dia;Bom;Seca;Meio de Quadra;Pare;Residencial;0;1;4;0;0;0;0;0;0;1;0;0;-38,524276;-3,845396
298566;6;10;2016;14:27;0;AV CASTELO DE CASTRO;;;;;Atropelamento;Luz do Dia;;;Meio de Quadra;;;0;1;0;0;0;0;0;0;0;0;0;0;;
298567;6;10;2016;14:35;24924;AV SGT HERMINIO SAMPAIO;RUA VIANA DE CARVALHO;;;;Colisão Transversal;Luz do Dia;Bom;Seca;T;Não Há Controle;Comercial;0;2;2;1;0;0;0;0;0;1;0;0;-38,554694;-3,725309
298568;6;10;2016;15:50;0;RUA MON OTAVIO CASTRO;;;833;;Colisão;Luz do Dia;;;Meio de Quadra;;;0;1;0;1;0;0;0;0;0;1;0;0;-38,526458;-3,75043
298569;6;10;2016;16:53;0;RUA EVILASIO A MIRANDA;;;1121;;Colisão;Luz do Dia;;;Meio de Quadra;;;0;1;0;0;0;0;0;0;0;0;0;0;;
298593;6;10;2016;17:39;0;AV DOMINGOS OLIMPIO;;;1953;;Colisão;Anoitecer;;;Meio de Quadra;;;0;1;0;1;0;1;0;0;0;0;0;0;-38,540938;-3,733437
298594;6;10;2016;18:06;0;RUA JOSE MENDONCA;;;222;;Colisão;Anoitecer;;;Meio de Quadra;;;0;1;0;0;0;0;0;0;0;1;0;0;-38,602634;-3,759517
298513;6;10;2016;08:43;0;RUA BOM JESUS (GRANJA LISBOA);;;1024;;Colisão;Luz do Dia;;;Meio de Quadra;;;0;1;0;1;0;0;0;0;0;1;0;0;-38,602695;-3,793976
298520;6;10;2016;08:59;11164;RUA FAGUNDES VARELA;RUA JULIO GASPAR;;;;Capotamento;Luz do Dia;;;Cruz;Pare;Residencial;0;2;0;1;0;0;0;0;0;0;0;0;-38,562332;-3,783086
298521;6;10;2016;09:21;0;AV GAL OSORIO DE PAIVA;;;5430;;Colisão;Luz do Dia;;;Meio de Quadra;;;0;1;0;1;0;0;0;0;0;1;0;0;-38,602291;-3,804931
298522;6;10;2016;10:18;15685;RUA GUILHERME PESSOA;RUA BARTOLOMEU DIAS;;;;Atropelamento;Luz do Dia;;;;;;0;1;0;1;0;0;0;0;0;0;0;0;-38,490563;-3,826768
298542;6;10;2016;11:18;0;AV DEP PAULINO ROCHA;;;;;Colisão;Luz do Dia;;;Meio de Quadra;;;0;1;0;1;0;0;0;0;0;1;0;0;;
298663;6;10;2016;20:39;0;RUA MONTE LIBANO;;;441;;Colisão Lateral;Anoitecer;Bom;Seca;Cruz;Não Há Controle;Residencial;0;2;2;0;0;0;0;0;0;1;0;0;-38,561746;-3,824465
298657;6;10;2016;19:49;0;RUA MIGUEL GURGEL;;;;;Colisão;;;;Meio de Quadra;;;0;1;0;0;0;0;0;0;0;0;0;0;;
298658;6;10;2016;20:15;0;RUA CEL XAVIER CHAVES;;;251;;Colisão;;;;Meio de Quadra;;;0;1;0;1;0;0;0;0;0;1;0;0;;
298665;6;10;2016;20:40;0;RUA TEN ELIEZER COSTA;;;214;;Colisão;;;;Meio de Quadra;;;0;1;0;1;0;0;0;0;0;1;0;0;;
298668;6;10;2016;21:53;0;AV GODOFREDO MACIEL;;;2006;;Colisão;;;;Meio de Quadra;;;0;1;0;0;0;0;0;0;0;0;0;0;-38,569034;-3,793863
298670;6;10;2016;22:09;0;RUA AQUIRAZ;;;374;;Colisão;;;;Meio de Quadra;;;0;1;0;1;0;0;0;0;0;1;0;0;-38,546892;-3,757583
298653;6;10;2016;19:22;0;RUA URUCUTUBA;;;1976;;Atropelamento;;;;Meio de Quadra;;;0;1;0;0;0;0;0;0;0;1;0;0;-38,614514;-3,798565
298626;6;10;2016;19:20;0;AV PRS COSTA E SILVA;;;4201;;Engavetamento;Via Iluminada;Bom;Seca;Meio de Quadra;Não Há Controle;Comercial;0;0;4;1;0;0;0;0;0;1;0;0;-38,542701;-3,824912
298598;6;10;2016;18:41;5490;RUA ANTONIO POMPEU;AV AGUANAMBI;;;;Colisão Transversal;Via Iluminada;Bom;Seca;Cruz;Semáforo;Comercial;0;0;4;1;0;0;0;0;0;1;0;0;-38,523967;-3,736873
298613;6;10;2016;18:50;0;RUA MARIA GOMES DE SA;;;2150;;Colisão;;;;Meio de Quadra;;;0;0;1;0;0;0;0;0;0;1;0;0;-38,586467;-3,820332
291816;6;10;2016;12:40;0;RUA PESSOA ANTA;;;110;;Colisão Lateral;Luz do Dia;Bom;Seca;Meio de Quadra;Outros;Comercial;0;0;2;0;0;0;0;0;0;0;0;0;-38,522098;-3,721123
291800;6;10;2016;09:50;0;AV DR THEBERGE;;;1448;;Colisão Traseira;Via Iluminada;Bom;Seca;Meio de Quadra;Semáforo;Comercial;0;0;2;1;0;0;0;0;0;0;0;0;-38,56499;-3,714744
291801;6;10;2016;18:45;0;RUA VALMIR PONTES;;;;UNIFOR;Colisão Traseira;Via Iluminada;Bom;Seca;Meio de Quadra;Outros;Escola;0;0;2;1;0;0;0;0;0;0;0;0;;
291837;6;10;2016;14:30;0;AV ANTONIO SALES;;;3210;;Engavetamento;Luz do Dia;Bom;Seca;Meio de Quadra;Não Há Controle;Comercial;0;0;3;1;0;0;0;0;0;0;0;0;-38,495456;-3,74761
291823;6;10;2016;04:20;9142;RUA GUILHERME MOREIRA;RUA MON OTAVIO CASTRO;;;;Colisão;Luz do Dia;Bom;Seca;Cruz;Pare;Comercial;0;1;1;1;0;0;0;0;0;1;0;0;-38,526504;-3,750182
291828;6;10;2016;16:00;0;AV PRS CASTELO BRANCO;;;999;;Colisão Lateral;Luz do Dia;Bom;Seca;Meio de Quadra;Semáforo Intermitente;Comercial;0;2;0;1;0;0;0;0;0;1;0;0;-38,53251;-3,719141
291842;6;10;2016;01:07;0;AV ALM HENRIQUE SABOIA;;;58;;Choque c/ Obstáculo Fixo;Via Iluminada;Bom;Seca;Meio de Quadra;Não Há Controle;Residencial;0;2;0;1;0;0;0;0;0;0;0;0;;
291843;6;10;2016;16:30;0;RUA TOMAS ILDEFONSO;;;100;;Colisão Lateral;Luz do Dia;Bom;Seca;Meio de Quadra;Não Há Controle;Residencial;0;0;2;0;0;0;0;0;0;0;0;0;-38,483909;-3,811224
291844;6;10;2016;11:05;0;RUA BERNARDO MANUEL;;;10334;;Colisão Transversal;Luz do Dia;Bom;Seca;Meio de Quadra;;Comercial;0;0;2;0;1;0;0;0;0;0;0;0;-38,554713;-3,809448
291845;6;10;2016;14:00;13635;RUA ALBERTO FEITOSA LIMA;RUA JOSE ALVES DE MORAES;;;;Colisão Transversal;Luz do Dia;Bom;Seca;Cruz;Pare;Comercial;0;0;2;1;0;0;0;0;0;0;0;0;-38,484227;-3,7695
291993;6;10;2016;11:05;15372;AV DOM LUIS;RUA CEL JUCA;;;;Colisão Traseira;Luz do Dia;Bom;Seca;Cruz;Semáforo;Comercial;0;1;1;0;0;0;1;0;0;1;0;0;-38,490579;-3,735452
291961;6;10;2016;07:00;3815;RUA PAULINO NOGUEIRA;RUA NOSSA SRA REMEDIOS;;;;Colisão Transversal;Luz do Dia;Bom;;Cruz;Pare;Residencial;0;0;2;1;0;0;0;0;0;0;0;0;-38,538777;-3,743105
291962;6;10;2016;13:40;0;AV DOMINGOS OLIMPIO;;;1245;;Colisão Lateral;Luz do Dia;Bom;Seca;Meio de Quadra;Não Há Controle;Comercial;0;0;2;1;1;0;0;0;0;0;0;0;-38,535004;-3,735347
291963;6;10;2016;16:45;0;RUA SAO PAULO;;;1718;;Colisão Traseira;Luz do Dia;Bom;Seca;Meio de Quadra;Não Há Controle;Comercial;0;0;2;1;0;0;0;0;0;0;0;0;-38,540767;-3,721683
291956;6;10;2016;;0;RUA NOGUEIRA ACIOLI;;;1605;;Colisão Lateral;Via Iluminada;Bom;Seca;Meio de Quadra;Semáforo;Residencial;0;0;2;1;0;0;0;0;0;0;0;0;-38,519475;-3,73784
291967;6;10;2016;19:00;25497;RUA CAP TIBURCIO DA FROTA;RUA CAP MELO;;;;Colisão Transversal;Via Iluminada;Bom;Seca;Cruz;Dê Preferência;Residencial;0;3;1;1;0;0;0;0;0;1;0;0;-38,513386;-3,754915
291986;6;10;2016;05:20;0;RUA MONTE PASCOAL;;;493;;Colisão Frontal;Amanhecer;Bom;Seca;Meio de Quadra;Não Há Controle;Residencial;0;1;1;1;0;0;1;0;0;0;0;0;;
291987;6;10;2016;10:05;20001;RUA DES OTACILIO PEIXOTO;RUA ITAREMA;;;;Colisão Lateral;Luz do Dia;Bom;Seca;Cruz;Pare;Residencial;0;0;2;1;1;0;0;0;0;0;0;0;-38,534723;-3,800241
291979;6;10;2016;13:00;22093;AV JOSE BASTOS;RUA ALEXANDRE BARAUNA;;;;Colisão Traseira;Luz do Dia;Bom;Seca;Cruz;Semáforo;Residencial;0;0;2;1;1;0;0;0;0;0;0;0;-38,549978;-3,749516
291937;6;10;2016;12:20;0;AV ZEZE DIOGO;;;1330;;Colisão Traseira;Luz do Dia;Bom;Seca;Meio de Quadra;Não Há Controle;Residencial;0;0;2;1;0;0;0;1;0;0;0;0;-38,463885;-3,718777
291926;6;10;2016;15:15;13771;RUA LUIZA MIRANDA COELHO;AV PINTO BANDEIRA D56;;;;Colisão Transversal;Luz do Dia;Bom;Seca;Cruz;Pare;Comercial;0;0;2;1;0;0;0;0;0;0;0;0;-38,487283;-3,774929
291929;6;10;2016;19:00;0;RUA JUVENAL GALENO;;;532;;Colisão Transversal;Via Iluminada;Bom;Seca;Meio de Quadra;;Comercial;0;0;2;1;0;0;0;0;0;0;0;0;-38,539671;-3,738573
294073;6;10;2016;09:15;23749;RUA CON DE CASTRO;RUA LINS DO REGO;;;;Colisão Lateral;Luz do Dia;Bom;Seca;T;Não Há Controle;Residencial;0;2;3;0;1;0;0;0;0;1;0;0;-38,573794;-3,785389
294076;6;10;2016;23:15;0;RUA MIN ALBUQUERQUE LIMA;;;1524;;Colisão Transversal;Via Iluminada;Bom;Seca;T;Não Há Controle;Comercial;0;0;2;1;0;0;0;0;0;1;0;0;-38,599713;-3,770449
294077;6;10;2016;16:45;0;RUA CEL FRANCISCO ALVES RIBEIRO;RUA PALMIRA;;234;;Colisão Transversal;Luz do Dia;Bom;Seca;Cruz;Pare;Residencial;0;2;1;0;0;0;0;0;0;1;0;0;;
294078;6;10;2016;21:40;0;AV CONTORNO NORTE D71;;;1026;;Colisão Lateral;Luz do Dia;Bom;Seca;Meio de Quadra;Não Há Controle;Comercial;0;2;2;1;0;0;0;0;0;0;0;0;-38,587369;-3,814283
296951;6;10;2016;15:40;0;RD CE-040;;;;KM-01;Colisão;Luz do Dia;Bom;Seca;Meio de Quadra;;;0;0;2;1;0;0;0;0;0;0;0;0;-38,48666;-3,758119
296954;6;10;2016;18:00;0;RD CE-040;;;;KM-05;Colisão;Anoitecer;Bom;Seca;Meio de Quadra;;;0;1;1;1;0;0;0;0;0;1;0;0;-38,480331;-3,791613
296329;6;10;2016;07:20;0;RD BR 116;;;6000;KM-06;Colisão Traseira;Luz do Dia;;;Meio de Quadra;;;0;0;2;1;0;0;0;0;0;1;0;0;-38,503053;-3,804691
296333;7;10;2016;15:05;0;RD BR 116;;;4000;KM-04;Atropelamento;Luz do Dia;;;Meio de Quadra;;;0;1;1;1;0;0;0;0;0;0;0;0;-38,510646;-3,788331
296956;7;10;2016;21:20;0;RD CE-040;;;;KM-04;Colisão;;Bom;Seca;Meio de Quadra;;;0;0;2;1;0;0;0;0;0;0;0;0;-38,481084;-3,782614
296958;7;10;2016;12:00;0;RD CE-040;;;;KM-02;Colisão;Luz do Dia;Bom;Seca;Meio de Quadra;;;0;0;2;1;0;0;0;0;0;0;0;0;-38,482583;-3,76465
296965;7;10;2016;17:00;0;AV MIN JOSE AMERICO;;;;;Colisão;Anoitecer;Bom;Seca;Meio de Quadra;;;0;0;2;1;0;0;0;0;0;0;0;0;;
296966;7;10;2016;17:40;0;RD CE-040;;;;KM-08;Colisão;Anoitecer;Bom;Seca;Meio de Quadra;;;0;0;2;1;0;0;0;0;0;1;0;0;-38,483033;-3,817159
296960;7;10;2016;07:10;0;RD CE-040;;;;KM-02;Colisão;Luz do Dia;Bom;Seca;Meio de Quadra;;;0;0;2;0;1;0;0;0;0;1;0;0;-38,482583;-3,76465
296962;7;10;2016;12:10;0;AV MIN JOSE AMERICO;;;;;Colisão;Luz do Dia;Bom;Seca;Meio de Quadra;;;0;0;2;1;0;0;0;0;0;0;0;0;;
294081;7;10;2016;13:15;4167;AV FRANCISCO SA;RUA PLACIDO CARVALHO;;;;Colisão Transversal;Luz do Dia;Bom;Seca;T;Não Há Controle;Industrial;0;2;2;1;0;0;0;0;0;1;0;0;-38,555342;-3,718081
294082;7;10;2016;11:45;15907;RUA ANGELICA GURGEL;RUA AVELEDO;;;;Colisão Lateral;Luz do Dia;Bom;Seca;Cruz;Pare;Comercial;0;0;3;0;0;0;0;0;0;1;0;0;-38,499092;-3,83629
294083;7;10;2016;16:20;25246;AV H CJ CEARA;RUA EMILIO DE MENESES;;;;Colisão Lateral;Luz do Dia;Bom;Seca;Outros;Não Há Controle;Residencial;0;3;2;0;0;0;0;0;0;1;0;0;;
294091;7;10;2016;14:50;0;RUA BERNARDO MANUEL;RUA LEITAO CERQUEIRA;;;;Colisão Transversal;Luz do Dia;Bom;Seca;T;Pare;Comercial;0;3;2;1;0;0;0;0;0;0;0;0;-38,560806;-3,830461
294093;7;10;2016;23:10;10101;RUA MARIA JULIA;RUA NEREIDE;;;;Colisão;;;;Cruz;Não Há Controle;Residencial;0;1;1;1;0;0;0;0;0;1;0;0;-38,598438;-3,787683
294094;7;10;2016;22:18;25796;AV H CJ CEARA;RUA SGT JOAO PINHEIRO;;;;Colisão;;;;Cruz;Não Há Controle;Residencial;0;0;2;1;0;0;0;0;0;0;0;0;;
294095;7;10;2016;21:27;0;RUA ALTANEIRA;;;610;;Colisão Frontal;;;;Meio de Quadra;;;0;3;1;1;0;0;0;0;0;1;0;0;;
291912;7;10;2016;14:00;18416;AV SGT HERMINIO SAMPAIO;RUA AUZIR SAMPAIO;;;;Colisão;Luz do Dia;Bom;Seca;Cruz;Semáforo;Comercial;0;1;1;0;0;0;0;0;0;1;0;0;-38,571691;-3,728495
291852;7;10;2016;21:30;9168;AV LUCIANO CARNEIRO;AV BORGES DE MELO;;;;Colisão Transversal;Via Iluminada;Bom;Seca;Cruz;Semáforo Intermitente;Comercial;0;1;1;1;0;0;0;0;0;0;0;0;-38,534097;-3,756465
291891;7;10;2016;13:30;0;RUA PEREIRA FILGUEIRAS;;;729;;Colisão Traseira;Luz do Dia;Bom;Seca;Meio de Quadra;Semáforo;Comercial;0;0;3;1;1;0;0;0;0;1;0;0;;
291884;7;10;2016;07:00;12864;AV DOMINGOS OLIMPIO;RUA ASSUNCAO;;;;Colisão Transversal;Luz do Dia;Bom;Seca;Cruz;Semáforo;Residencial;0;0;2;1;0;0;0;0;0;0;0;0;-38,529548;-3,737192
291880;7;10;2016;18:30;0;AV DEP PAULINO ROCHA;;;1001;;Engavetamento;Via Iluminada;Bom;Seca;Meio de Quadra;Não Há Controle;Residencial;0;0;3;1;0;0;0;0;0;0;0;0;;
291888;7;10;2016;15:44;0;AV BEIRA MAR;;;;;Colisão Traseira;Luz do Dia;Bom;Seca;Meio de Quadra;Pare;Residencial;0;0;2;1;0;0;0;0;0;0;0;0;;
291908;7;10;2016;10:49;0;RUA CEL ALEXANDRINO;;;915;;Colisão Lateral;Amanhecer;Bom;Seca;Meio de Quadra;Gesto;Comercial;0;2;1;1;0;0;0;0;0;1;0;0;-38,550511;-3,76664
291904;7;10;2016;12:55;0;RUA MON SALAZAR;;;4000;;Colisão Lateral;Luz do Dia;Bom;Seca;Outros;Semáforo;Residencial;0;0;2;0;0;0;0;1;0;0;0;0;;
291905;7;10;2016;09:08;0;RUA MAD ELISA BALDO;;;160;;Colisão Frontal;Luz do Dia;Bom;Seca;Meio de Quadra;Não Há Controle;Residencial;0;1;1;1;0;0;0;0;0;1;0;0;;
291841;7;10;2016;09:00;26225;RUA FRE ODILON;RUA LICURGO MONTENEGRO;;;;Colisão;Luz do Dia;Bom;Seca;T;Pare;Residencial;0;1;1;0;0;1;0;0;0;1;0;0;-38,572366;-3,735009
291869;7;10;2016;15:50;5122;AV IMPERADOR;RUA SAO PAULO;;;;Colisão Transversal;Luz do Dia;Bom;Seca;Cruz;Semáforo;Comercial;0;1;2;1;0;0;0;0;0;0;0;0;-38,533522;-3,724049
291867;7;10;2016;19:10;13591;AV PONTES VIEIRA;AV RUI BARBOSA;;;;Engavetamento;Via Iluminada;Bom;Seca;Cruz;Semáforo;Comercial;0;0;3;1;0;0;0;0;0;0;0;0;-38,513797;-3,752762
291825;7;10;2016;08:53;18793;RUA VALPARAISO;RUA CABO VERDE;;;;Colisão Lateral;Luz do Dia;Bom;Seca;T;Pare;Residencial;0;1;1;0;0;0;0;0;0;1;0;0;-38,520803;-3,846371
291835;7;10;2016;10:20;0;AV ENG HUMBERTO MONTE;;;1245;;Outros;Luz do Dia;Bom;Seca;Meio de Quadra;Não Há Controle;Comercial;0;0;2;1;0;0;0;0;0;0;0;0;-38,560982;-3,748475
291831;7;10;2016;15:10;20042;AV ALBERTO CRAVEIRO;AV DR SILAS MUNGUBA;;;;Outros;Luz do Dia;Bom;Seca;Rotatória;Gesto;Comercial;0;0;2;1;0;0;1;0;0;0;0;0;-38,524782;-3,807229
291804;7;10;2016;22:20;17540;RUA PEDRO RUFINO D48;RUA DR JOSE LINO;;;;Colisão Traseira;Via Iluminada;Bom;Seca;T;Não Há Controle;Comercial;0;0;2;1;0;0;0;0;0;0;0;0;-38,488369;-3,729118
291807;7;10;2016;19:30;1389;RUA VIS MAUA;RUA DES LEITE ALBUQUERQUE;;;;Colisão Lateral;Via Iluminada;Bom;Seca;Cruz;Dê Preferência;Comercial;0;0;2;1;0;0;0;0;0;0;0;0;-38,499699;-3,736886
298672;7;10;2016;06:45;0;RUA GONCALO SOUTO;;;;;Colisão;Luz do Dia;;;Meio de Quadra;;;0;1;0;0;0;0;0;0;0;0;0;0;;
298730;7;10;2016;12:07;0;AV GENIBAU;;;126;;Colisão;Luz do Dia;;;Meio de Quadra;;;0;1;0;1;0;0;0;0;0;1;0;0;-38,595795;-3,761605
298731;7;10;2016;12:10;0;AV DR SILAS MUNGUBA;;;3128;;Colisão;Luz do Dia;;;Meio de Quadra;;;0;1;0;1;0;0;0;0;0;1;0;0;-38,54518;-3,788665
298724;7;10;2016;11:18;0;RUA TAQUARI;;;2172;;Atropelamento;Luz do Dia;;;Meio de Quadra;;;0;1;0;1;0;0;0;0;0;0;0;0;-38,60009;-3,776634
298675;7;10;2016;06:45;0;RUA ALM RUFINO;;;100;;Queda;Luz do Dia;;;Meio de Quadra;;;0;1;0;0;0;0;0;0;0;1;0;0;-38,530815;-3,76906
298682;7;10;2016;07:19;0;RUA BARRA MANSA;;;328;;Queda;Luz do Dia;;;Meio de Quadra;;;0;1;0;0;0;1;0;0;0;0;0;0;-38,611619;-3,795615
298685;7;10;2016;07:24;5254;RUA JOAO CORDEIRO;RUA PEREIRA FILGUEIRAS;;838;;Colisão Transversal;Luz do Dia;Bom;Seca;Cruz;Semáforo;Residencial;0;1;2;1;0;0;0;0;0;1;0;0;-38,513877;-3,728001
298689;7;10;2016;08:01;0;RUA VALPARAISO;;;32;;Colisão;Luz do Dia;;;Meio de Quadra;;;0;1;0;1;0;0;0;0;0;1;0;0;-38,520613;-3,846388
298691;7;10;2016;08:08;0;RUA FRE ODILON;;;1062;;Atropelamento;Luz do Dia;;;Meio de Quadra;;;0;1;0;0;0;0;0;0;0;1;0;0;-38,572715;-3,729219
298692;7;10;2016;08:28;0;AV GAL OSORIO DE PAIVA;;;5382;;Atropelamento;Luz do Dia;;;Meio de Quadra;;;0;2;0;0;0;0;0;0;0;1;0;0;-38,601913;-3,804567
298697;7;10;2016;08:49;0;RUA PRO JOSE SILVEIRA;;;1334;;Colisão Transversal;Luz do Dia;Bom;Seca;Meio de Quadra;Não Há Controle;Comercial;0;2;4;1;0;0;0;0;0;1;0;0;;
298701;7;10;2016;10:24;0;RUA SAO PAULO;;;;;Colisão;Luz do Dia;;;Meio de Quadra;;;0;1;0;1;0;0;0;0;0;0;0;0;;
298710;7;10;2016;10:37;0;RUA C (LOT PRQ ARACAPE);;;586;;Colisão;Luz do Dia;;;Meio de Quadra;;;0;1;0;1;0;0;0;0;0;1;0;0;;
298711;7;10;2016;10:50;20031;AV HEROIS DO ACRE;RUA CARNAUBAS;;459;;Colisão Transversal;Luz do Dia;Nublado;Seca;T;Pare;Comercial;0;2;2;1;0;0;0;0;0;1;0;0;-38,533651;-3,80318
298845;7;10;2016;19:17;0;RUA OSMANI;;;47;;Atropelamento;;;;Meio de Quadra;;;0;1;0;1;0;0;0;0;0;0;0;0;;