COD_ACIDENTE;DIA;MES;ANO;HORA;INTERSECAO;LOG1;LOG2;LOG3;NUMERO;REFERENCIA;NATUREZA;ILUMINACAO;TEMPO;SUPERFICIEPISTA;TIPOCRUZAMENTO;CONTROLETRAFEGO;USOSOLO;MORTOS;FERIDOS;ILESOS;AUTOMOVEL;ONIBUS;BICICLETA;CAMINHAO;MICROONIBUS;CICLOMOTOR;MOTOCICLETA;TRACAOANIMAL;TREM;LONG;LAT
298860;7;10;2016;19:24;7211;AV PRS CASTELO BRANCO;AV DR THEBERGE;;;;Atropelamento;;;;Cruz;Semáforo;Residencial;0;1;0;0;0;0;0;0;0;1;0;0;-38,563456;-3,710079
298863;7;10;2016;19:24;0;RUA UIRAPURU;;;1534;;Colisão;;;;Meio de Quadra;;;0;1;0;0;0;0;0;0;0;0;0;0;-38,577975;-3,795647
298867;7;10;2016;20:14;0;RUA CEL VIRGILIO NOGUEIRA (BOM JARDIM);;;651;;Colisão;;;;Meio de Quadra;;;0;1;0;0;0;0;0;0;0;0;0;0;;
298871;7;10;2016;20:21;0;RUA COS LAFAYETE;;;202;;Colisão;;;;Meio de Quadra;;;0;1;0;0;0;0;0;0;0;0;0;0;-38,579481;-3,718306
298876;7;10;2016;20:35;0;RUA PRO MOREIRA DE SOUSA (PASSARE);;;247;;Colisão;;;;Meio de Quadra;;;0;1;0;0;0;0;0;0;0;1;0;0;;
298877;7;10;2016;20:48;0;AV SEN VIRGILIO TAVORA;;;50;;Atropelamento;;;;Meio de Quadra;;;0;1;0;0;0;0;0;0;0;0;0;0;-38,490933;-3,729817
298831;7;10;2016;18:34;0;RUA REV OSMAR LIMA;;;2079;;Queda;;;;Meio de Quadra;;;0;2;0;0;0;0;0;0;0;1;0;0;;
298803;7;10;2016;16:35;2486;RUA SEN ROBERT KENNEDY;AV FRANCISCO SA;;;;Colisão;Luz do Dia;;;Cruz;Pare;Residencial;0;1;0;0;0;0;0;0;0;1;0;0;-38,581426;-3,70914
298804;7;10;2016;17:05;0;RUA URUCUTUBA;;;3050;;Colisão;Anoitecer;;;Meio de Quadra;;;0;1;0;1;0;0;0;0;0;1;0;0;-38,624957;-3,79848
298805;7;10;2016;17:13;0;AV MR HULL;;;4586;;Queda;Anoitecer;;;Meio de Quadra;;;0;1;0;0;0;0;0;0;0;1;0;0;-38,585502;-3,738761
298806;7;10;2016;17:35;0;AV PERIMETRAL;;;267;;Colisão;Anoitecer;;;Meio de Quadra;;;0;1;0;0;0;0;0;0;0;0;0;0;;
298807;7;10;2016;17:59;0;AV LINEU MACHADO;;;135;;Colisão;Anoitecer;;;Meio de Quadra;;;0;2;0;0;0;0;0;0;0;1;0;0;;
298808;7;10;2016;18:06;0;RUA PRIMEIRO DE JANEIRO;;;356;;Colisão;Anoitecer;;;Meio de Quadra;;;0;1;0;1;0;0;0;0;0;1;0;0;-38,563008;-3,78576
298798;7;10;2016;15:45;631;RUA GOMES PASSOS;RUA COELHO DA FONSECA;;599;;Colisão Lateral;Luz do Dia;Bom;Seca;Cruz;Pare;Residencial;0;1;2;1;0;0;0;0;0;1;0;0;-38,561401;-3,711137
298799;7;10;2016;16:16;0;RUA 23 DE JUNHO;;;3218;;Colisão;Luz do Dia;;;Meio de Quadra;;;0;1;0;1;0;0;0;0;0;1;0;0;-38,618222;-3,779135
298800;7;10;2016;16:07;0;RUA VITORIA (AV. PERIMETRAL);;;950;;Colisão;Luz do Dia;;;Meio de Quadra;;;0;1;0;1;0;0;0;0;0;1;0;0;-38,586533;-3,7614
298812;7;10;2016;18:07;5295;AV IMPERADOR;RUA PEDRO I;;;;Queda;Anoitecer;;;Cruz;Semáforo;Comercial;0;1;0;0;0;0;0;0;0;1;0;0;-38,535035;-3,729161
298774;7;10;2016;14:21;6760;AV ENG SANTANA JUNIOR;RUA GAL TERTULIANO POTYGUARA;;;;Colisão Transversal;Luz do Dia;Bom;Seca;T;Semáforo;Comercial;0;1;2;1;0;0;0;0;0;1;0;0;-38,489463;-3,746669
298748;7;10;2016;12:42;0;AV C CJ CEARA;;;1157;;Colisão;Luz do Dia;;;Meio de Quadra;;;0;1;0;1;0;0;0;0;0;1;0;0;-38,613063;-3,768715
298766;7;10;2016;13:09;0;RUA PDE PERDIGAO SAMPAIO;;;3175;;Colisão;Luz do Dia;;;Meio de Quadra;;;0;1;0;0;0;0;0;0;0;0;0;0;;
298768;7;10;2016;13:16;0;AV PERIMETRAL;;;;;Colisão;Luz do Dia;;;Meio de Quadra;;;0;1;0;1;0;0;0;0;0;1;0;0;;
298793;7;10;2016;14:58;5709;AV OLIVEIRA PAIVA;AV DES GONZAGA;;2863;;Colisão Lateral;Luz do Dia;Bom;Seca;Cruz;Semáforo;Comercial;0;0;4;1;0;0;0;0;0;1;0;0;-38,499953;-3,797165
298794;7;10;2016;15:02;0;RUA OSCAR ARARIPE;;;1750;;Colisão;Luz do Dia;;;Meio de Quadra;;;0;1;0;1;0;0;0;0;0;1;0;0;-38,606844;-3,788784
298964;7;10;2016;22:51;0;AV MAE LISBOA;;;3086;;Queda;;;;Meio de Quadra;;;0;1;0;0;0;0;0;0;0;1;0;0;-38,446468;-3,805182
298965;7;10;2016;23:00;0;RUA 856 CJ CEARA;;;;;Colisão;;;;Meio de Quadra;;;0;1;0;0;0;0;0;0;0;0;0;0;;
298966;7;10;2016;23:08;0;AV DOS EXPEDICIONARIOS;;;645;;Colisão;;;;Meio de Quadra;;;0;1;0;1;0;0;0;0;0;1;0;0;;
298970;7;10;2016;23:34;0;RUA CEL ALEXANDRINO;;;1789;;Colisão;;;;Meio de Quadra;;;0;1;0;1;0;0;0;0;0;1;0;0;;
298975;7;10;2016;23:44;0;RUA MIN ALBUQUERQUE LIMA;;;1591;;Atropelamento;;;;Meio de Quadra;;;0;1;0;0;0;0;0;0;0;1;0;0;-38,599499;-3,770407
298933;7;10;2016;21:42;0;RUA MARIA JULIA;;;200;;Colisão;;;;Meio de Quadra;;;0;1;0;0;0;0;0;0;0;0;0;0;;
298930;7;10;2016;21:34;0;RUA DR HUGO ROCHA;;;123;;Colisão;;;;Meio de Quadra;;;0;1;0;0;0;0;0;0;0;0;0;0;-38,571644;-3,713528
298957;7;10;2016;22:09;0;AV JOR THOMAZ COELHO;;;563;;Colisão;;;;Meio de Quadra;;;0;1;0;0;0;0;0;0;0;0;0;0;-38,499638;-3,8324
298962;7;10;2016;22:37;0;RUA GOV 05 CJ TASSO JEREISSATI;;;;;Colisão;;;;Meio de Quadra;;;0;1;0;0;0;0;0;0;0;0;0;0;;
302149;7;10;2016;13:44;7479;AV ALBERTO CRAVEIRO;RUA PEDRO DANTAS;;;;Colisão Traseira;Luz do Dia;Bom;Seca;Meio de Quadra;Não Há Controle;Residencial;0;2;2;0;1;0;0;0;0;1;0;0;-38,51722;-3,786753
302150;7;10;2016;13:47;0;AV SANTOS DUMONT;;;0;;Colisão Transversal;Luz do Dia;Bom;Seca;Outros;Semáforo;Comercial;0;0;2;1;0;0;0;0;0;0;0;0;;
302151;7;10;2016;14:50;0;RUA PESSOA ANTA;;;147;;Colisão Lateral;Luz do Dia;Bom;Seca;Meio de Quadra;Não Há Controle;Comercial;0;0;2;1;0;0;0;0;0;0;0;0;-38,521621;-3,721058
302147;7;10;2016;07:25;6721;AV ENG SANTANA JUNIOR;RUA BENTO ALBUQUERQUE;;0;;Colisão Traseira;Luz do Dia;Bom;Seca;Cruz;Semáforo;Comercial;0;0;2;0;1;0;0;0;0;0;0;0;-38,486538;-3,742678
302154;7;10;2016;18:00;1032;RUA JOAQUIM FROTA;AV ENG LEAL LIMA VERDE (SAPIRANGA/COITE);;0;;Colisão Lateral;Anoitecer;Bom;Seca;Rotatória;Dê Preferência;Residencial;0;1;1;1;0;0;0;0;0;0;0;0;-38,475166;-3,801619
302155;7;10;2016;19:26;0;AV DES MOREIRA;;;1954;;Colisão Transversal;Anoitecer;Bom;Seca;Outros;Semáforo;Comercial;0;0;2;1;1;0;0;0;0;0;0;0;-38,500322;-3,742375
302156;7;10;2016;19:46;1658;RUA MON CATAO;RUA BENI DE CARVALHO;;0;;Colisão Lateral;Via Iluminada;Bom;Seca;Cruz;Não Há Controle;Comercial;0;0;2;1;0;0;0;0;0;1;0;0;-38,493113;-3,746618
302157;7;10;2016;18:26;0;AV AGUANAMBI;;;0;;Colisão Lateral;Anoitecer;Bom;Seca;Rotatória;Semáforo;Comercial;0;0;2;1;0;0;0;0;0;0;0;0;;
302158;7;10;2016;21:04;22072;RUA FRE MARCELINO;RUA JOSE FACANHA;;0;;Colisão Transversal;Via Iluminada;Bom;Seca;T;Pare;Residencial;0;0;2;1;1;0;0;0;0;0;0;0;-38,558786;-3,750761
302159;7;10;2016;21:40;5146;RUA GUILHERME ROCHA;RUA PRC ISABEL;;0;;Colisão Transversal;Via Iluminada;Bom;Seca;Cruz;Pare;Comercial;0;0;2;1;0;0;0;0;0;0;0;0;-38,534931;-3,72472
301519;7;10;2016;08:22;0;AV ENG HUMBERTO MONTE;;;875;;Colisão Transversal;Luz do Dia;Bom;Seca;Meio de Quadra;Não Há Controle;Residencial;0;2;0;0;0;0;0;0;0;1;0;0;-38,558974;-3,751034
302160;8;10;2016;08:30;0;AV ALM BARROSO;;;0;;Engavetamento;Luz do Dia;Bom;Seca;Meio de Quadra;Não Há Controle;Residencial;0;0;3;1;0;0;0;0;0;0;0;0;-38,515795;-3,720266
302161;8;10;2016;13:01;0;AV ROGACIANO LEITE;;;1020;;Colisão Traseira;Luz do Dia;Bom;Seca;Meio de Quadra;Não Há Controle;Residencial;0;0;2;1;0;0;0;0;0;0;0;0;-38,496477;-3,766691
302166;8;10;2016;16:19;0;RUA TRES (PQ SANTA ROSA);;;0;;Choque c/ Obstáculo Fixo;Luz do Dia;Bom;Seca;Meio de Quadra;Pare;Residencial;0;0;2;1;0;0;0;0;0;0;0;0;;
302163;8;10;2016;15:19;0;RUA ALBERTO MONTEZUMA;;;;;Engavetamento;Luz do Dia;Bom;Seca;Meio de Quadra;Não Há Controle;Residencial;0;2;1;1;0;0;1;0;0;0;0;0;;
302164;8;10;2016;20:00;15170;AV ABOLICAO;RUA JOSE VILAR;;0;;Colisão Traseira;Via Iluminada;Bom;Seca;Meio de Quadra;Não Há Controle;Residencial;0;0;2;1;0;0;0;0;0;0;0;0;-38,501373;-3,725435
298977;8;10;2016;00:25;0;AV DA INDEPENDENCIA;;;;;Queda;;;;Meio de Quadra;;;0;1;0;0;0;0;0;0;0;1;0;0;;
298998;8;10;2016;04:04;0;AV DAS GRAVIOLAS;;;;;Queda;;;;Meio de Quadra;;;0;1;0;0;0;0;0;0;0;1;0;0;;
298983;8;10;2016;00:55;0;RUA 6 PQ BOATAN;;;1403;;Colisão;;;;Meio de Quadra;;;0;1;0;0;0;0;0;0;0;0;0;0;;
298995;8;10;2016;03:15;0;RUA PRO JOSE DE BARCELOS;;;140;;Queda;;;;Meio de Quadra;;;0;1;0;0;0;0;0;0;0;1;0;0;-38,550738;-3,734563
298825;8;10;2016;19:18;0;AV SEN CARLOS JEREISSATI (AEROPORTO);;;;KM 01;Colisão;;Bom;Seca;Meio de Quadra;;;0;1;1;1;0;0;0;0;0;0;0;0;-38,52685;-3,783753
298142;8;10;2016;16:00;0;AV SEN CARLOS JEREISSATI (AEROPORTO);;;;KM 03;Colisão;Luz do Dia;Bom;Seca;Meio de Quadra;;;0;0;2;1;0;0;0;0;0;0;0;0;-38,544038;-3,779641
291863;8;10;2016;21:00;25691;AV CONTORNO NORTE D71;RUA MOCA BONITA;;;;Colisão Transversal;Via Iluminada;Bom;Seca;T;Não Há Controle;Lazer;0;0;2;1;0;0;0;0;0;0;0;0;-38,587429;-3,814228
291861;8;10;2016;19:00;0;RUA BAR ARATANHA;;;290;;Outros;Via Iluminada;Bom;Seca;Meio de Quadra;Não Há Controle;Residencial;0;0;1;1;0;0;0;0;0;0;0;0;-38,527249;-3,735515
291848;8;10;2016;08:00;12757;RUA MAJ WEYNE;RUA DAMASCENO GIRAO;;;;Colisão Lateral;Luz do Dia;Bom;Seca;Cruz;Semáforo;Residencial;0;0;2;1;0;0;0;0;0;1;0;0;-38,540018;-3,752487
291846;8;10;2016;04:00;17326;RUA ALBERTO MAGNO;RUA ALAN KARDEC;;;;Colisão Lateral;Via Iluminada;Bom;Seca;Cruz;Pare;Comercial;0;0;2;1;0;0;0;0;0;0;0;0;-38,549918;-3,764796
291858;8;10;2016;11:40;0;AV JOSE JATAHY;;;305;;Colisão Transversal;Luz do Dia;Bom;Seca;Meio de Quadra;Não Há Controle;Comercial;0;2;1;1;0;0;0;0;0;0;0;0;-38,543092;-3,740633
291854;8;10;2016;10:20;3820;AV 13 DE MAIO;AV CARAPINIMA;;;;Colisão Lateral;Luz do Dia;Bom;Seca;Cruz;Semáforo;Comercial;0;0;2;1;0;0;0;0;0;0;0;0;-38,540239;-3,740001
291850;8;10;2016;12:45;3901;RUA JORGE DUMAR;AV EDUARDO GIRAO;;;;Colisão Lateral;Luz do Dia;Bom;Seca;Cruz;Semáforo;Comercial;0;0;2;1;1;0;0;0;0;0;0;0;-38,538695;-3,749691
291851;8;10;2016;08:15;3809;RUA PDE FRANCISCO PINTO;AV CARAPINIMA;;;;Colisão Transversal;Luz do Dia;Bom;Seca;Cruz;Pare;Residencial;0;0;2;1;0;0;0;0;0;1;0;0;-38,541958;-3,741723
291906;8;10;2016;13:00;0;RUA ARARIUS;;;88;;Atropelamento;Luz do Dia;Bom;Seca;Meio de Quadra;Dê Preferência;Residencial;0;1;1;0;0;0;0;0;0;1;0;0;-38,513655;-3,720797
291907;8;10;2016;13:25;12811;RUA PRE NOVE;AV DOS EXPEDICIONARIOS;;;;Colisão Traseira;Luz do Dia;Bom;Seca;T;Não Há Controle;Comercial;0;0;2;1;0;0;0;0;0;0;0;0;-38,538172;-3,755028
291899;8;10;2016;06:50;5433;RUA METON DE ALENCAR;RUA MAJ FACUNDO;;;;Colisão Transversal;Luz do Dia;Bom;Seca;Cruz;Pare;Comercial;0;1;1;1;0;0;0;0;0;0;0;0;-38,529899;-3,733917
291881;8;10;2016;11:40;0;AV MIGUEL DIAS;;;500;;Colisão Traseira;Luz do Dia;Bom;Seca;Meio de Quadra;Cancela Danificada;Residencial;0;0;2;1;1;0;0;0;0;0;0;0;-38,487931;-3,761449
291882;8;10;2016;02:00;0;AV PRS CASTELO BRANCO;;;2200;;Choque c/ Obstáculo Fixo;Via Iluminada;Bom;Seca;Meio de Quadra;Semáforo;Residencial;0;0;1;1;0;0;0;0;0;0;0;0;-38,547644;-3,714022
291885;8;10;2016;09:15;10005;RUA DUAS NACOES;RUA TAQUARI;;;;Colisão Lateral;Luz do Dia;Bom;Seca;Cruz;Pare;Residencial;0;0;2;1;0;0;0;0;0;0;0;0;-38,601822;-3,776149
291886;8;10;2016;03:20;1605;AV DES MOREIRA;RUA PDE VALDEVINO;;;;Colisão Transversal;Via Iluminada;Bom;Seca;Cruz;Não Há Controle;Comercial;0;0;2;1;0;0;0;0;0;0;0;0;-38,500877;-3,744098
291893;8;10;2016;18:10;0;RUA BERNARDO MANUEL;;;11350;;Colisão;Via Iluminada;Bom;Seca;Meio de Quadra;Semáforo;Comercial;0;1;1;1;0;0;0;0;0;0;0;0;-38,557018;-3,817134
299016;8;10;2016;04:50;0;RUA ALAN KARDEC;;;854;;Colisão;;;;Meio de Quadra;;;0;1;0;1;0;0;0;0;0;1;0;0;;
299025;8;10;2016;07:20;0;AV ABOLICAO;;;3773;;Colisão;Luz do Dia;;;Meio de Quadra;;;0;1;0;0;0;0;0;0;0;1;0;0;-38,485679;-3,725689
299036;8;10;2016;07:47;3809;AV CARAPINIMA;RUA PDE FRANCISCO PINTO;;;;Colisão;Luz do Dia;;;Cruz;Pare;Residencial;0;1;0;1;0;0;0;0;0;1;0;0;-38,541958;-3,741723
299040;8;10;2016;08:14;0;AV C CJ CEARA;;;1939;;Colisão;Luz do Dia;;;Meio de Quadra;;;0;1;0;1;0;0;0;0;0;1;0;0;-38,616123;-3,775396
299044;8;10;2016;08:17;7790;AV DES MOREIRA;AV PONTES VIEIRA;;438;;Engavetamento;Luz do Dia;Bom;Seca;Meio de Quadra;Não Há Controle;Residencial;0;0;6;1;0;0;0;0;0;1;0;0;-38,503254;-3,751526
299050;8;10;2016;09:00;0;RUA CEL TIBURCIO;;;;;Colisão;Luz do Dia;;;Meio de Quadra;;;0;1;0;1;0;0;0;0;0;1;0;0;;
299055;8;10;2016;09:22;0;AV GAL OSORIO DE PAIVA;;;600;;Colisão;Luz do Dia;;;Meio de Quadra;;;0;1;0;1;0;0;0;0;0;1;0;0;-38,567831;-3,776469
299056;8;10;2016;09:48;2486;AV FRANCISCO SA;RUA SEN ROBERT KENNEDY;;;;Colisão;Luz do Dia;;;Cruz;Pare;Residencial;0;1;0;0;0;0;0;0;0;1;0;0;-38,581426;-3,70914
299057;8;10;2016;11:05;0;AV MOZART PINHEIRO DE LUCENA;;;2445;;Colisão;Luz do Dia;;;Meio de Quadra;;;0;1;0;1;0;0;0;0;0;1;0;0;-38,597763;-3,725488
299059;8;10;2016;11:16;0;RUA SEN POMPEU;;;;;Queda;Luz do Dia;;;Meio de Quadra;;;0;1;0;0;0;0;0;0;0;1;0;0;;
299083;8;10;2016;12:17;24969;AV ALM HENRIQUE SABOIA;AV PDE ANTONIO TOMAS;;;;Colisão Lateral;Luz do Dia;Bom;Seca;Cruz;Semáforo;Comercial;0;0;4;1;0;0;0;0;0;1;0;0;-38,489455;-3,743493
299088;8;10;2016;13:05;0;TR CANARIO;;;144;;Colisão;Luz do Dia;;;Meio de Quadra;;;0;1;0;1;0;0;0;0;0;1;0;0;;
299096;8;10;2016;14:07;0;RUA BETEL;;;;;Queda;Luz do Dia;;;Meio de Quadra;;;0;1;0;0;0;0;0;0;0;1;0;0;;
299097;8;10;2016;14:23;0;AV AUGUSTO DOS ANJOS;;;1000;;Colisão;Luz do Dia;;;Meio de Quadra;;;0;1;0;1;0;0;0;0;0;1;0;0;-38,576139;-3,776718
299102;8;10;2016;14:48;0;AV PERIMETRAL;;;;;Colisão;Luz do Dia;;;Meio de Quadra;;;0;2;0;1;0;0;0;0;0;0;0;0;;
299104;8;10;2016;14:51;0;AV JOAO DE ARAUJO LIMA;;;561;;Atropelamento;Luz do Dia;;;Meio de Quadra;;;0;1;0;1;0;0;0;0;0;0;0;0;-38,559093;-3,826506
299106;8;10;2016;15:06;0;AV JOAO PESSOA;;;4821;;Colisão;Luz do Dia;;;Meio de Quadra;;;0;1;0;0;0;0;0;0;0;1;0;0;-38,551412;-3,754592
299109;8;10;2016;15:28;0;RUA PAULO MORAIS;;;415;;Colisão;Luz do Dia;;;Meio de Quadra;;;0;1;0;1;0;0;0;0;0;1;0;0;;
299113;8;10;2016;15:40;0;RUA DO ENTARDECER;;;90;;Atropelamento;Luz do Dia;;;Meio de Quadra;;;0;1;0;0;0;0;0;0;0;1;0;0;;
299119;8;10;2016;16:05;0;RUA AMERICO VESPUCIO;;;823;;Colisão;Luz do Dia;;;Meio de Quadra;;;0;1;0;0;0;0;0;0;0;1;0;0;-38,549368;-3,7855
299120;8;10;2016;16:15;0;RUA GRACO CARDOSO;;;103;;Queda;Luz do Dia;;;Meio de Quadra;;;0;1;0;0;0;0;0;0;0;1;0;0;-38,593698;-3,752371
299128;8;10;2016;17:55;0;RUA PARANAGUA;;;1333;;Colisão;Anoitecer;;;Meio de Quadra;;;0;1;0;0;0;0;0;0;0;1;0;0;;
299134;8;10;2016;18:56;0;RUA DOMINGOS JAGUARIBE;;;563;;Queda;;;;Meio de Quadra;;;0;1;0;0;0;0;0;0;0;1;0;0;;
299136;8;10;2016;19:24;0;RUA EMILIA GONCALVES;;;997;;Atropelamento;;;;Meio de Quadra;;;0;1;0;0;0;0;0;0;0;1;0;0;-38,593407;-3,731537
299144;8;10;2016;19:44;0;AV SEN FERNANDES TAVORA;;;;;Colisão;;;;Meio de Quadra;;;0;2;0;1;0;0;0;0;0;0;0;0;;
299145;8;10;2016;19:48;0;TR AMANCIO VALENTE;;;1878;;Queda;;;;Meio de Quadra;;;0;1;0;0;0;0;0;0;0;1;0;0;;
299146;8;10;2016;20:01;0;RUA ANTONIO ARRUDA;;;746;;Atropelamento;;;;Meio de Quadra;;;0;1;0;0;0;0;0;0;0;1;0;0;-38,592241;-3,714105
299152;8;10;2016;20:27;0;AV DR SILAS MUNGUBA;;;4410;;Colisão;;;;Meio de Quadra;;;0;2;0;1;0;0;0;0;0;1;0;0;-38,535173;-3,792948
299153;8;10;2016;20:33;0;RUA PEREIRA VALENTE;;;640;;Colisão;;;;Meio de Quadra;;;0;1;0;1;0;0;0;0;0;1;0;0;-38,496001;-3,732603
299154;8;10;2016;20:59;0;AV DIOGUINHO;;;;;Colisão;;;;Meio de Quadra;;;0;1;0;1;0;0;0;0;0;1;0;0;;
299155;8;10;2016;21:09;0;AV GAL OSORIO DE PAIVA;;;;;Colisão;;;;Meio de Quadra;;;0;1;0;1;0;0;0;0;0;1;0;0;;
299156;8;10;2016;21:15;0;AV DIOGUINHO;;;;;Colisão;;;;Meio de Quadra;;;0;1;0;1;0;0;0;0;0;1;0;0;;
299158;8;10;2016;23:29;0;RUA PERNAMBUCO;;;737;;Colisão;;;;Meio de Quadra;;;0;1;0;0;0;0;0;0;0;0;0;0;;
299159;8;10;2016;23:47;0;AV GAL OSORIO DE PAIVA;;;;;Queda;;;;Meio de Quadra;;;0;1;0;0;0;0;0;0;0;1;0;0;;
299142;8;10;2016;19:39;0;RUA JOAO GENTIL;;;;;Atropelamento;;;;Meio de Quadra;;;0;1;0;0;0;0;0;0;0;1;0;0;;
294098;8;10;2016;11:20;0;AV GAL OSORIO DE PAIVA;;;600;;Colisão Transversal;Luz do Dia;Bom;Seca;Meio de Quadra;Não Há Controle;Comercial;0;1;3;1;0;0;0;0;0;1;0;0;-38,567831;-3,776469
294100;8;10;2016;09:40;10959;RUA ALM RUBIM;RUA ELCIAS LOPES;;;;Colisão Traseira;Luz do Dia;Bom;Seca;Cruz;Semáforo;Comercial;0;1;2;1;1;0;0;1;0;0;0;0;-38,556594;-3,770752
294105;8;10;2016;13:40;11010;RUA JULIO VERNE;RUA PERU;;;;Colisão Transversal;Luz do Dia;Bom;Seca;Cruz;Pare;Residencial;0;4;1;0;0;0;0;0;0;1;0;0;-38,552009;-3,775725
294114;8;10;2016;17:55;10992;RUA BAR CANINDE;RUA DOM CARLOTO TAVORA;;;;Colisão Transversal;Anoitecer;Bom;Seca;Cruz;Pare;Comercial;0;0;5;1;1;0;0;0;0;0;0;0;-38,557103;-3,769531
294115;8;10;2016;19:00;0;AV SEN CARLOS JEREISSATI (AEROPORTO);;;;KM 01;Colisão;;;;Meio de Quadra;;;0;1;1;1;0;1;0;0;0;0;0;0;-38,52685;-3,783753
294116;8;10;2016;17:47;0;RUA DES WALDETARIO P MOTA;;;;;Colisão Lateral;Luz do Dia;Bom;Seca;Cruz;Pare;Comercial;0;1;3;0;0;0;0;0;0;1;0;0;;
294117;8;10;2016;10:26;19714;RUA ERICO MOTA;RUA GUSTAVO SAMPAIO;;;;Colisão Transversal;Luz do Dia;Bom;Seca;Cruz;Pare;Residencial;0;0;3;1;0;0;0;0;0;0;0;0;-38,562743;-3,73656
297081;8;10;2016;04:00;0;RD CE-060;;;;KM-02;Atropelamento;;Bom;Seca;Meio de Quadra;;;0;2;0;0;0;0;0;0;0;1;0;0;-38,582918;-3,836668
297083;8;10;2016;11:30;0;RD CE-040;;;;KM-06;Colisão;Luz do Dia;Bom;Seca;Meio de Quadra;;;0;0;3;1;0;0;0;0;0;0;0;0;-38,479535;-3,800596
297084;8;10;2016;12:40;0;RD CE-040;;;;KM-05;Colisão;Luz do Dia;Bom;Seca;Meio de Quadra;;;0;0;2;1;0;0;0;0;0;0;0;0;-38,480331;-3,791613
297085;8;10;2016;15:00;0;RD CE-040;;;;KM-12;Colisão;Luz do Dia;Bom;Seca;Meio de Quadra;;;0;0;2;1;0;0;0;0;0;1;0;0;-38,47607;-3,849626
297086;8;10;2016;14:50;0;RD CE-040;;;;KM-02;Colisão;Luz do Dia;Bom;Seca;Meio de Quadra;;;0;0;2;1;1;0;0;0;0;0;0;0;-38,482583;-3,76465
296338;8;10;2016;04:00;0;RD BR 116;;;7000;KM-07;Outros;;;;Meio de Quadra;;;0;1;0;1;0;0;0;0;0;0;0;0;-38,501101;-3,813246
296344;9;10;2016;03:20;0;RD BR 116;;;2000;KM-02;Outros;;;;Meio de Quadra;;;0;1;0;0;0;0;0;0;0;0;0;0;-38,51678;-3,771391
297087;9;10;2016;13:40;0;AV SEN CARLOS JEREISSATI (AEROPORTO);;;;KM 02;Colisão;Luz do Dia;Bom;Seca;Meio de Quadra;;;0;0;2;1;0;0;0;0;0;0;0;0;-38,535424;-3,782194
297088;9;10;2016;18:10;0;AV MIN JOSE AMERICO;;;;;Colisão;Anoitecer;Bom;Seca;Meio de Quadra;;;0;0;2;1;0;0;0;0;0;0;0;0;;
297413;9;10;2016;23:30;0;RUA OLIMPIO NORONHA;;;202;;Colisão;;;;Meio de Quadra;;;0;2;0;0;0;0;0;0;0;0;0;0;;
297415;9;10;2016;23:44;0;AV PERIMETRAL;;;;;Colisão;;;;Meio de Quadra;;;0;2;0;0;0;0;0;0;0;0;0;0;;
297349;9;10;2016;15:10;0;RUA COS LAFAYETE;;;102;;Colisão;Luz do Dia;;;Meio de Quadra;;;0;2;0;1;0;0;0;0;0;1;0;0;-38,579037;-3,718338
297350;9;10;2016;15:18;0;RUA VITAL BRASIL;;;;;Colisão;Luz do Dia;;;Meio de Quadra;;;0;2;0;1;0;0;0;0;0;1;0;0;;
297357;9;10;2016;16:03;0;RUA SEN POMPEU;;;2508;;Atropelamento;Luz do Dia;;;Meio de Quadra;;;0;1;1;1;0;0;0;0;0;0;0;0;-38,533725;-3,740458
297358;9;10;2016;16:11;0;AV FRANCISCO SA;;;4154;;Colisão;Luz do Dia;;;Meio de Quadra;;;0;2;0;0;1;0;0;0;0;0;0;0;-38,561999;-3,715841
297361;9;10;2016;16:17;0;AV C CJ CEARA;;;1246;;Queda;Luz do Dia;;;Meio de Quadra;;;0;1;0;0;0;0;0;0;0;1;0;0;-38,614103;-3,769525
297362;9;10;2016;16:21;0;AV GAL OSORIO DE PAIVA;;;600;;Atropelamento;Luz do Dia;;;Meio de Quadra;;;0;2;0;0;0;0;0;0;0;1;0;0;-38,567831;-3,776469
297363;9;10;2016;16:43;0;RUA PRIMEIRO DE ABRIL;;;174;;Colisão;Luz do Dia;;;Meio de Quadra;;;0;2;0;0;0;0;0;0;0;1;0;0;;
297368;9;10;2016;17:03;0;AV PRS CASTELO BRANCO;;;;;Colisão;Anoitecer;;;Meio de Quadra;;;0;2;0;1;0;0;0;0;0;1;0;0;;
297369;9;10;2016;17:09;3423;AV JOAO PESSOA;RUA ALVARO FERNANDES;;;;Colisão;Anoitecer;;;Cruz;Semáforo;Comercial;0;2;0;1;0;0;0;0;0;1;0;0;-38,555648;-3,759317
297370;9;10;2016;17:16;0;RUA PEDRO LAZAR;;;1303;;Colisão;Anoitecer;;;Meio de Quadra;;;0;2;0;0;0;0;0;0;0;1;0;0;;
297371;9;10;2016;17:33;0;AV PRS COSTA E SILVA;;;;;Queda;Anoitecer;;;Meio de Quadra;;;0;1;0;0;0;0;0;0;0;1;0;0;;
297372;9;10;2016;17:46;0;RUA SABIAGUABA;;;;;Colisão;Anoitecer;;;Meio de Quadra;;;0;2;0;1;0;0;0;0;0;1;0;0;;
297373;9;10;2016;18:05;0;RUA VALPARAISO;;;;;Colisão Transversal;Via Iluminada;Bom;Seca;Cruz;Não Há Controle;Residencial;0;0;5;0;0;0;0;0;0;1;0;0;;