COD_ACIDENTE;DIA;MES;ANO;HORA;INTERSECAO;LOG1;LOG2;LOG3;NUMERO;REFERENCIA;NATUREZA;ILUMINACAO;TEMPO;SUPERFICIEPISTA;TIPOCRUZAMENTO;CONTROLETRAFEGO;USOSOLO;MORTOS;FERIDOS;ILESOS;AUTOMOVEL;ONIBUS;BICICLETA;CAMINHAO;MICROONIBUS;CICLOMOTOR;MOTOCICLETA;TRACAOANIMAL;TREM;LONG;LAT
297381;9;10;2016;20:50;0;RUA VER PEDRO PAULO MOREIRA;;;1600;;Queda;;;;Meio de Quadra;;;0;1;0;0;0;0;0;0;0;1;0;0;-38,483973;-3,787216
297389;9;10;2016;21:36;8025;AV JOAO PESSOA;RUA PRO COSTA MENDES;;;;Colisão;;;;Cruz;Semáforo Intermitente;Comercial;0;2;0;1;0;0;0;0;0;1;0;0;-38,549441;-3,752393
297377;9;10;2016;20:08;0;AV GOV RAUL BARBOSA;;;5166;;Queda;;;;Meio de Quadra;;;0;1;0;0;0;0;0;0;0;1;0;0;-38,508883;-3,764353
297378;9;10;2016;20:21;0;RUA URUCUTUBA;;;230;;Queda;;;;Meio de Quadra;;;0;1;0;0;0;0;0;0;0;1;0;0;-38,597742;-3,798141
297379;9;10;2016;20:42;0;RUA STA ESMERALDA D56;;;110;;Queda;;;;Meio de Quadra;;;0;2;0;0;0;0;0;0;0;1;0;0;-38,498694;-3,752829
297365;9;10;2016;16:56;7855;RUA HENRIQUETA GALENO;RUA CEL JUCA;;;;Colisão Transversal;Luz do Dia;Bom;Seca;Cruz;Pare;Residencial;0;0;4;1;0;0;0;0;0;0;0;0;-38,494284;-3,746989
297352;9;10;2016;15:19;0;AV PRS CASTELO BRANCO;;;4387;;Colisão;Luz do Dia;;;Meio de Quadra;;;0;2;0;0;0;0;0;0;0;1;0;0;-38,57223;-3,707009
297353;9;10;2016;15:42;17412;RUA BAR SOBRAL;RUA ALBERTO MAGNO;;;;Colisão;Luz do Dia;;;Cruz;Semáforo;Comercial;0;2;0;1;0;0;0;0;0;0;0;0;-38,552417;-3,767991
297399;9;10;2016;22:04;0;AV CEL CARVALHO;;;854;;Colisão;;;;Meio de Quadra;;;0;2;0;1;0;0;0;0;0;1;0;0;-38,58981;-3,710006
297397;9;10;2016;21:54;0;AV AUGUSTO DOS ANJOS;;;1352;;Colisão;;;;Meio de Quadra;;;0;2;0;0;0;0;0;0;0;1;0;0;-38,577798;-3,77862
297392;9;10;2016;21:42;0;AV BENJAMIM BRASIL;;;;;Colisão;;;;Meio de Quadra;;;0;2;0;1;0;0;0;0;0;1;0;0;;
297395;9;10;2016;21:49;0;AV GAL OSORIO DE PAIVA;;;6090;;Colisão;;;;Meio de Quadra;;;0;2;0;1;0;0;0;0;0;1;0;0;-38,606783;-3,809628
297404;9;10;2016;22:24;9597;RUA LONDRINA;RUA JOSE TORRES;;;;Queda;;;;Cruz;Não Há Controle;Rural;0;1;0;0;0;0;0;0;0;1;0;0;-38,607258;-3,779916
297401;9;10;2016;22:12;0;AV LAURO VIEIRA CHAVES;;;;;Colisão;;;;Meio de Quadra;;;0;2;0;1;0;0;0;0;0;1;0;0;;
297402;9;10;2016;22:15;0;AV PRS COSTA E SILVA;;;3239;;Colisão;;;;Meio de Quadra;;;0;2;0;0;0;0;0;0;0;1;0;0;;
297409;9;10;2016;22:29;0;RUA MAL BITENCOURT;;;901;;Colisão;;;;Meio de Quadra;;;0;2;0;0;0;0;0;0;0;1;0;0;-38,529724;-3,790963
297410;9;10;2016;22:43;0;RUA OLIMPIO NORONHA;;;196;;Atropelamento;;;;Meio de Quadra;;;0;2;0;0;0;0;0;0;0;1;0;0;;
297411;9;10;2016;22:49;0;AV PERIMETRAL;;;3336;;Colisão;;;;Meio de Quadra;;;0;2;0;1;0;0;0;0;0;1;0;0;;
297294;9;10;2016;01:10;0;RUA SABIAGUABA;;;;;Queda;;;;Meio de Quadra;;;0;1;0;0;0;0;0;0;0;1;0;0;;
297297;9;10;2016;01:34;0;RUA DR JUSTA ARAUJO D45;;;421;;Queda;;;;Meio de Quadra;;;0;1;0;0;0;0;0;0;0;1;0;0;-38,551381;-3,779519
297298;9;10;2016;02:26;183;AV CEL CARVALHO;AV SGT HERMINIO SAMPAIO;;;;Colisão;;;;;;;0;2;0;0;0;0;0;0;0;0;0;0;;
297290;9;10;2016;01:04;0;RUA SGT JOAO PINHEIRO;;;;;Atropelamento;;;;Meio de Quadra;;;0;2;0;0;0;0;0;0;0;1;0;0;;
297310;9;10;2016;05:08;0;AV 1 CANINDEZINHO;;;;;Colisão;Amanhecer;;;Meio de Quadra;;;0;2;0;0;0;0;0;0;0;1;0;0;;
297311;9;10;2016;05:23;0;RUA BAR SOBRAL;;;702;;Colisão;Amanhecer;;;Meio de Quadra;;;0;1;0;1;0;0;0;0;0;0;0;0;-38,555542;-3,766261
297312;9;10;2016;05:29;0;AV MR HULL;;;;;Queda;Amanhecer;;;Meio de Quadra;;;0;1;0;0;0;0;0;0;0;1;0;0;;
297303;9;10;2016;03:58;0;AV CASTELO DE CASTRO;;;1000;;Colisão;;;;Meio de Quadra;;;0;2;0;0;0;0;0;0;0;1;0;0;;
297304;9;10;2016;04:04;10963;RUA 15 DE NOVEMBRO;RUA ANTONIO FIUZA;;;;Colisão;;;;Cruz;Semáforo;Misto;0;2;0;1;0;0;0;0;0;0;0;0;-38,552228;-3,770252
297300;9;10;2016;02:43;0;AV MOZART PINHEIRO DE LUCENA;;;;;Colisão;;;;;;;0;2;0;1;0;0;0;0;0;0;0;0;;
297316;9;10;2016;05:53;9572;RUA OLIVEIRA SOBRINHO;RUA JOSE TORRES;;;;Colisão;Amanhecer;;;Cruz;Pare;Residencial;0;2;0;1;0;0;0;0;0;1;0;0;-38,606477;-3,777129
297321;9;10;2016;11:46;0;RUA LUCAS FRANCISCO ANTONIO;;;201;;Queda;Luz do Dia;;;Meio de Quadra;;;0;1;0;0;0;0;0;0;0;1;0;0;-38,472774;-3,769684
297322;9;10;2016;11:32;0;RUA LUIZA MIRANDA COELHO;;;2025;;Queda;Luz do Dia;;;Meio de Quadra;;;0;1;0;0;0;0;0;0;0;1;0;0;;
297323;9;10;2016;12:38;0;AV PRS CASTELO BRANCO;;;;PEFOCE;Colisão Lateral;Luz do Dia;Bom;Seca;Meio de Quadra;Não Há Controle;Comercial;0;2;2;0;0;0;0;0;0;1;0;0;;
297324;9;10;2016;12:58;0;AV L CJ JOSE WALTER;;;611;;Colisão;Luz do Dia;;;Meio de Quadra;;;0;2;0;1;0;0;0;0;0;1;0;0;;
297325;9;10;2016;13:01;0;AV O CJ JOSE WALTER;;;;;Colisão;Luz do Dia;;;;;;0;2;0;1;0;0;0;0;0;1;0;0;;
297330;9;10;2016;13:52;0;AV SEN CARLOS JEREISSATI (AEROPORTO);;;;;Colisão;Luz do Dia;;;Meio de Quadra;;;0;2;0;1;0;0;0;0;0;0;0;0;;
297331;9;10;2016;13:53;17265;RUA SATIRO DIAS;RUA ALBERTO MAGNO;;;;Colisão;Luz do Dia;;;Cruz;Pare;Comercial;0;2;0;1;0;0;0;0;0;1;0;0;-38,547531;-3,762063
297332;9;10;2016;14:04;24551;RUA MENEZES DE OLIVEIRA;RUA ANTONIO ARRUDA;;;;Colisão;Luz do Dia;;;Cruz;Pare;Residencial;0;2;0;1;0;0;0;0;0;1;0;0;-38,591309;-3,710918
297328;9;10;2016;13:25;0;AV ABOLICAO;;;;;Colisão;Luz do Dia;;;Meio de Quadra;;;0;2;0;1;0;0;0;0;0;1;0;0;;
297318;9;10;2016;08:57;0;AV DES MOREIRA;;;;;Colisão Transversal;Via Iluminada;Bom;Seca;Meio de Quadra;Não Há Controle;Lazer;0;2;4;1;0;0;0;0;0;1;0;0;;
297319;9;10;2016;09:33;0;AV A CJ JOSE WALTER;;;112;;Colisão;Luz do Dia;;;Meio de Quadra;;;0;1;0;0;0;0;0;0;0;1;0;0;-38,551839;-3,825557
297287;9;10;2016;00:52;0;RUA CASTRO MONTE;;;339;;Atropelamento;;;;Meio de Quadra;;;0;2;0;1;0;0;0;0;0;0;0;0;-38,486101;-3,731315
297284;9;10;2016;00:29;0;RUA FRANCISCANO;;;1021;;Colisão Lateral;;;;Meio de Quadra;;;0;2;0;1;0;1;0;0;0;0;0;0;;
297267;9;10;2016;00:06;0;AV GAL OSORIO DE PAIVA;;;;;Queda;;;;Meio de Quadra;;;0;1;0;0;0;0;0;0;0;1;0;0;;
297272;9;10;2016;00:12;0;AV ROGACIANO LEITE;;;2450;;Colisão;;;;Meio de Quadra;;;0;2;0;1;0;0;0;0;0;1;0;0;-38,500662;-3,777076
294120;9;10;2016;16:45;0;RUA CAPRICHO;;;;PRAÇA DO RENASCER;Colisão Transversal;Via Iluminada;Bom;Seca;T;Pare;Residencial;0;0;4;1;0;0;0;0;0;0;0;0;;
294130;9;10;2016;16:20;25745;RUA DR WANDA SIDOU;RUA FRANCISCO JOSE A PEREIRA;;;;Colisão Transversal;Luz do Dia;Bom;Seca;Cruz;Não Há Controle;Residencial;0;0;4;0;0;0;0;0;0;0;0;0;;
291939;9;10;2016;14:50;10339;RUA JOSE MENDONCA;RUA PORTO DAS ROSAS;;;;Colisão Frontal;Luz do Dia;Bom;Seca;Cruz;Pare;Comercial;0;2;1;1;0;0;0;0;0;1;0;0;-38,602124;-3,756772
299295;9;10;2016;21:10;0;AV WASHINGTON SOARES;;;;;Colisão;;;;Meio de Quadra;;;0;2;0;1;0;0;0;0;0;1;0;0;;
291744;9;10;2016;18:20;0;RUA JULIO BRAGA;;;1140;;Atropelamento;Anoitecer;;;Meio de Quadra;;;1;1;0;1;0;0;0;0;0;0;0;0;-38,581274;-3,775438
298836;9;10;2016;03:30;0;RD CE-040;;;;KM-09;Choque c/ Obstáculo Fixo;;Bom;Seca;Meio de Quadra;;;0;0;1;1;0;0;0;0;0;0;0;0;-38,481538;-3,825516
292157;9;10;2016;13:15;22089;RUA GUSTAVO BRAGA;RUA FRE MARCELINO;;;;Colisão Transversal;Luz do Dia;Bom;Seca;Cruz;Pare;Misto;0;1;1;1;0;0;0;0;0;0;0;0;-38,556125;-3,747811
292158;9;10;2016;04:15;10963;RUA ANTONIO FIUZA;RUA 15 DE NOVEMBRO;;;;Colisão Transversal;Luz do Dia;Bom;Seca;Cruz;Semáforo;Misto;0;0;2;1;0;0;0;0;0;0;0;0;-38,552228;-3,770252
292162;9;10;2016;06:00;0;RUA BAR SOBRAL;;;687;;Choque c/ Obstáculo Fixo;Luz do Dia;Bom;Seca;Meio de Quadra;Outros;Misto;0;1;0;1;0;0;0;0;0;0;0;0;;
292163;9;10;2016;14:00;0;RUA OSVALDO CRUZ (ALDEOTA);;;1089;;Colisão Lateral;Luz do Dia;Bom;Seca;Meio de Quadra;Semáforo;Residencial;0;0;2;1;0;0;0;0;0;0;0;0;-38,500014;-3,734658
292170;9;10;2016;16:45;17412;RUA ALBERTO MAGNO;RUA BAR SOBRAL;;;;Colisão Lateral;Luz do Dia;Bom;Seca;Cruz;Semáforo;Comercial;0;0;2;1;0;0;0;0;0;0;0;0;-38,552417;-3,767991
292171;9;10;2016;14:50;0;RUA MENEZES DE OLIVEIRA;;;;;Colisão Lateral;Luz do Dia;Bom;Seca;Cruz;Pare;Residencial;0;1;1;1;0;0;0;0;1;0;0;0;;
292085;9;10;2016;16:55;0;RUA PESSOA ANTA;;;;;Colisão Lateral;Via Iluminada;Bom;Seca;Meio de Quadra;Não Há Controle;Lazer;0;1;2;1;0;0;0;0;0;1;0;0;;
292089;9;10;2016;21:50;0;AV DEP PAULINO ROCHA;;;;ROTATÓRIA;Colisão Lateral;Via Iluminada;Bom;Seca;Meio de Quadra;Pare;Comercial;0;0;2;1;0;0;1;0;0;0;0;0;;
292120;9;10;2016;00:15;25165;AV ROGACIANO LEITE;RUA HENRIQUE DE CASTRO;;;;Colisão Transversal;Via Iluminada;Bom;Seca;Cruz;Semáforo;Residencial;0;1;1;1;0;0;0;0;0;1;0;0;-38,500639;-3,776997
302165;9;10;2016;07:07;0;AV JOAO PESSOA;;;5243;;Choque c/ Obstáculo Fixo;Luz do Dia;Bom;Seca;Meio de Quadra;Não Há Controle;Residencial;0;0;1;0;0;0;0;0;0;0;0;0;-38,553846;-3,75733
302167;9;10;2016;13:48;5473;RUA JOAO CORDEIRO;AV HERACLITO GRACA;;0;;Colisão Transversal;Luz do Dia;Bom;Seca;Cruz;Semáforo;Comercial;0;0;2;1;0;0;0;0;0;1;0;0;;
302168;9;10;2016;15:16;0;RUA CAP TIBURCIO DA FROTA;RUA TIBURCIO CAVALCANTE;;0;;Colisão Transversal;Luz do Dia;Bom;Seca;Cruz;Pare;Residencial;0;0;2;1;0;0;0;0;0;0;0;0;;
302169;9;10;2016;14:36;17265;RUA ALBERTO MAGNO;RUA SATIRO DIAS;;;;Colisão Lateral;Luz do Dia;Bom;Seca;Cruz;Pare;Residencial;0;2;0;1;0;0;0;0;0;0;0;0;-38,547531;-3,762063
302170;9;10;2016;15:45;1701;RUA CAP VASCONCELOS D46;RUA CAP ARAGAO;;0;;Colisão Transversal;Luz do Dia;Bom;Seca;Cruz;Semáforo;Residencial;0;0;2;1;0;0;0;0;0;0;0;0;-38,517041;-3,765538
302171;9;10;2016;20:07;20042;AV ALBERTO CRAVEIRO;AV DEP PAULINO ROCHA;;0;;Colisão Transversal;Via Iluminada;Bom;Seca;Rotatória;Gesto;Comercial;0;0;2;1;0;0;0;0;0;0;0;0;-38,524782;-3,807229
302173;10;10;2016;06:30;1447;AV DES MOREIRA;RUA EDUARDO GARCIA;;0;;Colisão Transversal;Luz do Dia;Bom;Seca;Cruz;Semáforo;Comercial;0;0;3;1;0;0;0;0;0;0;0;0;-38,49898;-3,738207
302174;10;10;2016;07:00;15423;AV FRE CIRILO;RUA SILVEIRA DA MOTA;;;;Colisão Transversal;Luz do Dia;Nublado;Seca;Cruz;Pare;Comercial;0;1;1;1;0;0;0;0;0;1;0;0;-38,498012;-3,815944
302176;10;10;2016;13:00;0;RUA GAL TERTULIANO POTYGUARA;;;722;;Engavetamento;Luz do Dia;Bom;Seca;Meio de Quadra;Não Há Controle;Residencial;0;0;3;1;0;0;0;0;0;0;0;0;;
302177;10;10;2016;15:15;14419;AV SGT HERMINIO SAMPAIO;RUA JOSE CANDIDO D08;;0;;Colisão Transversal;Luz do Dia;Bom;Seca;T;Semáforo;Comercial;0;0;3;1;0;0;0;0;0;0;0;0;-38,550431;-3,724638
302178;10;10;2016;16:05;0;AV BEIRA MAR;;;3130;;Colisão Lateral;Luz do Dia;Bom;Seca;T;Não Há Controle;Residencial;0;0;2;1;0;0;0;0;0;0;0;0;-38,49256;-3,725767
302179;10;10;2016;16:53;1322;RUA VICENTE LEITE;AV DOM LUIS;;0;;Colisão Traseira;Luz do Dia;Bom;Seca;Meio de Quadra;Não Há Controle;Comercial;0;0;1;1;0;0;0;0;0;0;0;0;-38,494467;-3,734197
302180;10;10;2016;18:49;15341;RUA BARBOSA DE FREITAS;RUA REPUBLICA DO LIBANO;;0;;Colisão Transversal;Via Iluminada;Bom;Seca;Cruz;Pare;Residencial;0;0;2;1;0;0;0;0;0;0;0;0;-38,495765;-3,731601
302181;10;10;2016;18:20;0;RUA NUBIA BARROCAS;RUA VER PEDRO PAULO MOREIRA;;0;;Colisão Transversal;Via Iluminada;Bom;Seca;T;Pare;Residencial;0;0;2;0;0;0;0;0;0;0;0;0;-38,482382;-3,787078
302182;10;10;2016;18:44;0;RUA MARQ DE ABRANTES;;;433;;Colisão Lateral;Anoitecer;Bom;Seca;Meio de Quadra;Não Há Controle;Residencial;0;0;2;0;0;0;0;0;0;1;0;0;;
302183;10;10;2016;19:00;671;AV DR THEBERGE;RUA GOMES PASSOS;;0;;Colisão Lateral;Via Iluminada;Bom;Seca;T;Pare;Residencial;0;0;2;1;0;0;0;0;0;0;0;0;-38,563561;-3,710415
302184;10;10;2016;19:01;19096;AV ENG SANTANA JUNIOR;TR PARIS;;0;;Colisão Lateral;Via Iluminada;Bom;Seca;Não Informado;Pare;Comercial;0;0;2;1;0;0;0;0;0;0;0;0;-38,483348;-3,737683
302185;10;10;2016;22:07;0;RUA SEN CATUNDA;;;98;;Choque c/ Obstáculo Fixo;Anoitecer;Bom;Seca;Meio de Quadra;Não Há Controle;Residencial;0;0;2;1;0;0;0;0;0;1;0;0;-38,536289;-3,739854
297473;10;10;2016;18:16;0;RUA MIGUEL GURGEL;;;;;Atropelamento;Anoitecer;;;Meio de Quadra;;;0;2;0;1;0;0;0;0;0;0;0;0;;
297463;10;10;2016;17:41;26083;AV JOSE JATAHY;AV BEZERRA DE MENEZES;;;;Colisão;Anoitecer;;;Cruz;Semáforo;Comercial;0;2;0;1;0;0;0;0;0;1;0;0;;
297464;10;10;2016;17:43;0;AV ANTONIO SALES;;;256;;Colisão;Anoitecer;;;Meio de Quadra;;;0;2;0;1;0;0;0;0;0;1;0;0;-38,519059;-3,740262
297466;10;10;2016;17:45;0;RUA PDE PERDIGAO SAMPAIO;;;401;;Colisão;Anoitecer;;;Meio de Quadra;;;0;2;0;1;0;0;0;0;0;1;0;0;;
297467;10;10;2016;17:52;4562;RUA PDE PAULINO;RUA TIBURCIO PEREIRA;;;;Colisão;Anoitecer;;;Cruz;Não Há Controle;Comercial;0;2;0;1;0;0;0;0;0;1;0;0;-38,508142;-3,797721
297468;10;10;2016;17:52;0;RUA PDE PAULINO;;;401;;Colisão;Anoitecer;;;Meio de Quadra;;;0;2;0;1;0;0;0;0;0;1;0;0;-38,509055;-3,798153
297469;10;10;2016;18:03;0;AV ALBERTO CRAVEIRO;;;2750;;Colisão;Anoitecer;;;Meio de Quadra;;;0;2;0;1;0;0;0;0;0;1;0;0;-38,521994;-3,803767
297470;10;10;2016;18:06;0;RUA OSVALDO CRUZ (ALDEOTA);;;1722;;Colisão;Anoitecer;;;Meio de Quadra;;;0;2;0;1;0;0;0;0;0;1;0;0;;
297445;10;10;2016;10:58;0;RUA ESTEVAO DE CAMPOS;;;58;;Atropelamento;Luz do Dia;;;Meio de Quadra;;;0;2;0;0;0;0;0;0;0;1;0;0;-38,575718;-3,706982
297446;10;10;2016;11:21;23016;AV DR SILAS MUNGUBA;RUA PRA HELOISA F LIMA;;;;Queda;Luz do Dia;;;Cruz;Semáforo Intermitente;Comercial;0;2;0;0;0;0;0;0;0;1;0;0;-38,545961;-3,788406
297447;10;10;2016;11:31;3767;AV DOMINGOS OLIMPIO;AV IMPERADOR;;;;Colisão Traseira;Luz do Dia;Bom;Seca;Meio de Quadra;Semáforo;Escola;0;0;4;1;1;0;0;0;0;1;0;0;-38,536697;-3,73479
297448;10;10;2016;11:45;0;AV JOVITA FEITOSA;;;2780;;Colisão;Luz do Dia;;;Meio de Quadra;;;0;1;0;0;0;0;0;0;0;1;0;0;-38,562382;-3,741055
297449;10;10;2016;12:05;0;AV DR SILAS MUNGUBA;;;;;Colisão;Luz do Dia;;;Meio de Quadra;;;0;2;0;1;0;0;0;0;0;1;0;0;;
297452;10;10;2016;14:04;0;AV PERIMETRAL;;;;;Colisão;Luz do Dia;;;Meio de Quadra;;;0;2;0;1;0;0;0;0;0;1;0;0;;
297453;10;10;2016;14:11;15089;RUA SAO BENEDITO;RUA ROSA CRUZ;;;;Colisão;Luz do Dia;;;;;;0;2;0;0;0;0;0;0;0;0;0;0;-38,573852;-3,796752
297454;10;10;2016;15:18;0;RUA GUILHERME MENDES;;;767;;Colisão;Luz do Dia;;;Meio de Quadra;;;0;2;0;1;0;0;0;0;0;1;0;0;;
297455;10;10;2016;16:01;0;RUA JULIO VERNE;;;318;;Colisão;Luz do Dia;;;Meio de Quadra;;;0;2;0;1;0;0;0;0;0;1;0;0;-38,552387;-3,775589
297456;10;10;2016;16:20;0;RUA 4 CJ JOSE WALTER;;;2322;;Queda;Luz do Dia;;;Meio de Quadra;;;0;1;0;0;0;0;0;0;0;1;0;0;;
297457;10;10;2016;16:32;5458;RUA BARBARA DE ALENCAR;RUA RODRIGUES JUNIOR;;;;Capotamento;Luz do Dia;;;Cruz;Pare;Misto;0;1;0;1;0;0;0;0;0;0;0;0;-38,522156;-3,735343
297458;10;10;2016;16:40;0;RUA BEIRA RIO;;;163;;Queda;Luz do Dia;;;Meio de Quadra;;;0;1;0;0;0;0;0;0;0;1;0;0;;
297459;10;10;2016;17:05;0;RUA PRO TEODORICO;;;857;;Atropelamento;Anoitecer;;;Meio de Quadra;;;0;2;0;1;0;0;0;0;0;0;0;0;-38,55227;-3,769172
297461;10;10;2016;17:25;0;AV BEZERRA DE MENEZES;;;6078;;Colisão;Anoitecer;;;Meio de Quadra;;;0;2;0;1;0;0;0;0;0;1;0;0;;
297497;10;10;2016;23:28;0;AV I CJ CEARA;;;550;;Colisão;;;;Meio de Quadra;;;0;2;0;0;0;0;0;0;0;0;0;0;;
297486;10;10;2016;19:48;0;LOGRADOURO SEM NOME;;;1435;;Colisão;;;;Meio de Quadra;;;0;2;0;0;0;0;0;0;0;0;0;0;;
297488;10;10;2016;19:59;0;AV SEN FERNANDES TAVORA;;;;;Colisão;;;;Meio de Quadra;;;0;2;0;0;0;0;0;0;0;1;0;0;;
297489;10;10;2016;20:09;0;RUA ESTEFANIA M MOTA;;;700;;Colisão;;;;Meio de Quadra;;;0;2;0;1;0;0;0;0;0;1;0;0;-38,556034;-3,731974
297482;10;10;2016;19:18;0;AV PERIMETRAL;;;;;Colisão;;;;;;;0;2;0;1;0;0;0;0;0;1;0;0;;
297483;10;10;2016;19:29;0;AV L CJ CEARA;;;11;;Colisão;;;;Meio de Quadra;;;0;2;0;1;0;0;0;0;0;1;0;0;;
297484;10;10;2016;19:47;0;AV L CJ CEARA;;;;;Colisão;;;;Meio de Quadra;;;0;2;0;0;0;0;0;0;0;0;0;0;;
297493;10;10;2016;21:40;0;RUA JOSE HIPOLITO;;;1540;;Colisão;;;;Meio de Quadra;;;0;2;0;1;0;0;0;0;0;1;0;0;-38,48286;-3,837364
297494;10;10;2016;22:01;0;AV N CJ JOSE WALTER;;;1470;;Colisão;;;;Meio de Quadra;;;0;2;0;0;0;0;0;0;0;0;0;0;;
297495;10;10;2016;22:28;0;RUA GRACA ARANHA;;;;;Colisão;;;;Meio de Quadra;;;0;2;0;0;0;0;0;0;0;1;0;0;;
298144;10;10;2016;07:00;0;RD CE-040;;;;KM-07;Colisão;Luz do Dia;Bom;Seca;Meio de Quadra;;;0;0;2;1;0;0;0;0;0;0;0;0;-38,478733;-3,809597
291711;10;10;2016;09:55;0;AV PRS CASTELO BRANCO;;;749;PEFOCE;Colisão;Luz do Dia;;;Meio de Quadra;;;1;0;1;1;0;0;0;0;0;0;0;0;-38,535806;-3,718066
291940;10;10;2016;08:45;25062;AV DOS EXPEDICIONARIOS;RUA PDE AMBROSIO MACHADO;;;;Colisão;Luz do Dia;Bom;Seca;Cruz;Dê Preferência;Residencial;0;0;2;1;0;0;0;0;0;1;0;0;-38,539946;-3,760838
291944;10;10;2016;08:32;0;AV PRS JUSCELINO KUBITSCHEK (PASSARÉ);;;3635;;Colisão Traseira;Luz do Dia;Bom;Seca;Meio de Quadra;Não Há Controle;Residencial;0;2;0;1;0;0;0;0;0;0;0;0;-38,529839;-3,813838
291945;10;10;2016;09:25;24348;RUA JORGE ACURCIO;RUA ARMANDO MONTEIRO;;;;Colisão;Luz do Dia;Bom;Seca;Cruz;Pare;Residencial;0;1;1;0;0;0;0;0;0;1;0;0;-38,531744;-3,765184
291909;10;10;2016;22:26;0;AV ABOLICAO;;;3201;;Colisão Traseira;Via Iluminada;Bom;Seca;Outros;Semáforo;Residencial;0;1;1;0;0;0;0;0;0;1;0;0;-38,491208;-3,726666
291910;10;10;2016;02:00;0;RUA BAR ARACATI;;;94;;Colisão Lateral;Via Iluminada;Bom;Seca;Meio de Quadra;Pare;Residencial;0;0;2;1;0;0;0;0;0;0;0;0;;
291911;10;10;2016;11:30;0;AV CONTORNO (CASTELÃO);;;;;Colisão Lateral;Luz do Dia;Bom;Seca;Meio de Quadra;Dê Preferência;Residencial;0;0;2;1;0;0;0;0;0;0;0;0;;
291933;10;10;2016;12:00;0;RUA ANTONIO DIVINO;;;306;;Colisão Lateral;Luz do Dia;Bom;Seca;Meio de Quadra;Outros;Residencial;0;0;2;1;0;0;0;0;0;0;0;0;;
291923;10;10;2016;18:15;25434;AV ALBERTO CRAVEIRO;RUA 2 DE ABRIL;;;;Colisão Lateral;Via Iluminada;Bom;Seca;Duplo T;Não Há Controle;Residencial;0;0;1;1;0;0;0;0;0;1;0;0;-38,522158;-3,804004
291924;10;10;2016;20:20;12479;AV AUGUSTO DOS ANJOS;RUA PERDIGAO DE OLIVEIRA;;;;Colisão Transversal;Via Iluminada;Bom;Seca;Cruz;Semáforo;Comercial;0;1;1;1;0;0;0;0;0;1;0;0;-38,574712;-3,775131
291938;10;10;2016;16:20;0;RUA ESPIRITO SANTO;;;606;;Colisão Lateral;Luz do Dia;Bom;Seca;Meio de Quadra;Dê Preferência;Residencial;0;0;2;1;1;0;0;0;0;0;0;0;-38,568553;-3,753543
291935;10;10;2016;07:20;25548;AV JOAO PESSOA;RUA VILA LOBOS;;;;Colisão Transversal;Luz do Dia;Bom;Seca;Cruz;Pare;Residencial;0;1;1;1;0;0;0;0;0;1;0;0;-38,561439;-3,771198
291936;10;10;2016;13:40;0;AV RUI BARBOSA;;;2675;;Colisão Lateral;Luz do Dia;Bom;Seca;Meio de Quadra;Não Há Controle;Residencial;0;0;2;1;0;0;1;0;0;0;0;0;-38,512601;-3,745838
291947;10;10;2016;07:00;10863;RUA PRO HERIBALDO COSTA;RUA PORTO VELHO;;;;Colisão Lateral;Luz do Dia;Bom;Seca;Cruz;Semáforo;Residencial;0;0;2;1;0;0;0;0;0;0;0;0;-38,587014;-3,765974
291948;10;10;2016;09:50;0;AV JOSE BASTOS;;;3504;;Colisão Traseira;Luz do Dia;Bom;Seca;Outros;Outros;Residencial;0;0;1;1;0;0;0;0;0;0;0;0;-38,550013;-3,749551
291913;10;10;2016;19:00;0;RUA OSVALDO CRUZ;;;1760;;Colisão Transversal;Anoitecer;Bom;Seca;Meio de Quadra;Não Há Controle;Residencial;0;1;1;1;0;0;0;0;0;1;0;0;;
291914;10;10;2016;09:00;5468;RUA BAR ARATANHA;RUA ANTONIO POMPEU;;;;Colisão Traseira;Luz do Dia;Bom;Seca;Cruz;Semáforo;Comercial;0;0;2;1;0;0;0;0;0;0;0;0;-38,527351;-3,735826
291915;10;10;2016;18:30;5499;RUA PDE VALDEVINO;RUA J DA PENHA;;;;Colisão Transversal;Anoitecer;Bom;Seca;Cruz;Pare;Comercial;0;0;2;1;1;0;0;0;0;0;0;0;-38,520695;-3,737911
291916;10;10;2016;14:50;743;AV PRS CASTELO BRANCO;AV PASTEUR;;;;Colisão Traseira;Luz do Dia;Bom;Seca;;Semáforo;Comercial;0;0;2;1;0;0;0;0;0;0;0;0;-38,558856;-3,711181
291918;10;10;2016;09:00;0;RUA ANDRADE FURTADO;;;601;;Colisão Transversal;Luz do Dia;Bom;Seca;;;;0;1;1;1;0;0;0;0;0;1;0;0;-38,484026;-3,744365
291919;10;10;2016;08:30;0;AV FRE CIRILO;;;3930;;Colisão Transversal;Luz do Dia;Nublado;Seca;Meio de Quadra;;Comercial;0;0;2;1;0;0;0;0;0;0;0;0;-38,496896;-3,818496
291920;10;10;2016;06:00;0;AV WENEFRIDO MELO;;;127;;Colisão Traseira;;Bom;Seca;Meio de Quadra;Não Há Controle;Residencial;0;1;1;1;0;0;0;0;0;1;0;0;-38,577952;-3,808808
291921;10;10;2016;10:40;6817;RUA BENTO ALBUQUERQUE;RUA FRANCISCO MATOS;;;;Colisão;Luz do Dia;Bom;Seca;Cruz;Pare;Residencial;0;1;1;1;0;0;0;0;0;1;0;0;-38,470436;-3,747862