COD_ACIDENTE;DIA;MES;ANO;HORA;INTERSECAO;LOG1;LOG2;LOG3;NUMERO;REFERENCIA;NATUREZA;ILUMINACAO;TEMPO;SUPERFICIEPISTA;TIPOCRUZAMENTO;CONTROLETRAFEGO;USOSOLO;MORTOS;FERIDOS;ILESOS;AUTOMOVEL;ONIBUS;BICICLETA;CAMINHAO;MICROONIBUS;CICLOMOTOR;MOTOCICLETA;TRACAOANIMAL;TREM;LONG;LAT
291930;10;10;2016;22:00;1360;RUA JOAQUIM NABUCO;RUA DES LEITE ALBUQUERQUE;;;;Colisão Lateral;Via Iluminada;Bom;Seca;Cruz;Pare;Residencial;0;0;2;1;0;0;0;0;0;1;0;0;-38,501621;-3,736273
291931;10;10;2016;18:00;13383;AV ANTONIO SALES;RUA GONCALVES LEDO;;;;Colisão Transversal;Anoitecer;Bom;Seca;Cruz;Pare;Comercial;0;0;2;0;0;0;0;0;0;1;0;0;-38,519165;-3,740227
291927;10;10;2016;18:40;23508;RUA ANA GONCALVES;RUA ESV PINHEIRO;;;;Colisão Lateral;Via Iluminada;Bom;Seca;Cruz;Pare;Residencial;0;0;2;1;0;0;0;0;0;0;0;0;-38,507799;-3,759119
294135;10;10;2016;03:48;22008;RUA PDE CICERO;RUA FRANCISCA CLOTILDE;;;;Choque c/ Obstáculo Fixo;;;;Cruz;Pare;Residencial;0;1;0;0;0;0;0;0;0;0;0;0;-38,550121;-3,739665
294142;10;10;2016;21:09;0;AV DR SILAS MUNGUBA;;;1700;;Colisão Lateral;Via Iluminada;Bom;Seca;Meio de Quadra;Semáforo;Comercial;0;0;4;0;1;0;0;0;0;0;0;0;-38,552974;-3,784842
294138;10;10;2016;12:15;5437;RUA METON DE ALENCAR;RUA FLORIANO PEIXOTO;;;;Colisão Lateral;Luz do Dia;Bom;Seca;Cruz;Pare;Comercial;0;0;4;0;1;0;0;0;0;0;0;0;-38,529358;-3,734071
294139;10;10;2016;18:40;7762;AV ANTONIO SALES;RUA NUNES VALENTE;;;;Colisão;;;;Cruz;Pare;Residencial;0;0;2;0;0;0;0;0;0;0;0;0;-38,506314;-3,744237
297416;10;10;2016;02:18;0;AV ABOLICAO;;;;;Colisão;;;;Meio de Quadra;;;0;2;0;1;0;0;0;0;0;1;0;0;;
297417;10;10;2016;02:19;0;RUA SATIRO DIAS;;;35;;Colisão;;;;Meio de Quadra;;;0;2;0;0;0;0;0;0;0;0;0;0;-38,545108;-3,7641
297418;10;10;2016;02:49;0;RUA TRAJANO DE MORAES;;;466;;Colisão;;;;Meio de Quadra;;;0;2;0;0;0;0;0;0;0;0;0;0;;
297423;10;10;2016;05:49;0;AV WENEFRIDO MELO;;;150;;Colisão;Amanhecer;;;Meio de Quadra;;;0;2;0;0;0;0;0;0;0;0;0;0;-38,577859;-3,808888
297424;10;10;2016;06:43;0;AV JOAO PESSOA;;;6943;;Colisão;Luz do Dia;;;Meio de Quadra;;;0;2;0;1;0;0;0;0;0;1;0;0;-38,561064;-3,77028
297425;10;10;2016;06:58;5749;AV DES GONZAGA;RUA JULIO LIMA;;;;Queda;Luz do Dia;Nublado;Material Derrapante;Cruz;Pare;Comercial;0;1;2;1;0;0;0;0;0;1;0;0;-38,500411;-3,796143
297427;10;10;2016;07:07;0;AV JOAO PESSOA;;;6936;;Colisão;Luz do Dia;;;Meio de Quadra;;;0;2;0;1;0;0;0;0;0;1;0;0;-38,561064;-3,77028
297420;10;10;2016;02:59;0;RUA JOAO GENTIL;;;;;Queda;;;;Meio de Quadra;;;0;1;0;0;0;0;0;0;0;1;0;0;;
297433;10;10;2016;07:16;0;RUA VILEBALDO AGUIAR;;;680;;Colisão;Luz do Dia;;;Meio de Quadra;;;0;2;0;1;0;0;0;0;0;1;0;0;-38,481188;-3,742675
297430;10;10;2016;07:15;0;AV DUQ CAXIAS;;;101;;Colisão;Luz do Dia;;;Meio de Quadra;;;0;2;0;1;0;0;0;0;0;0;0;0;-38,525626;-3,733161
297437;10;10;2016;07:47;0;RUA CARLOS CAMARA;;;1873;;Atropelamento;Luz do Dia;;;Meio de Quadra;;;0;1;1;1;0;0;0;0;0;0;0;0;-38,547099;-3,751464
297435;10;10;2016;07:20;0;RUA LUIZA MIRANDA COELHO;;;1111;;Colisão;Luz do Dia;;;Meio de Quadra;;;0;2;0;1;0;0;0;0;0;1;0;0;-38,486908;-3,775041
297439;10;10;2016;08:00;0;RUA FRANCISCO F FILHO;;;100;;Queda;Luz do Dia;;;Meio de Quadra;;;0;1;0;0;0;0;0;0;0;1;0;0;-38,488902;-3,759708
297442;10;10;2016;08:27;0;RUA GERMANO FRANCK;;;860;;Atropelamento;Luz do Dia;;;Meio de Quadra;;;0;2;0;0;0;0;0;0;0;1;0;0;-38,563808;-3,77875
297443;10;10;2016;10:17;0;AV GAL OSORIO DE PAIVA;;;6741;;Queda;Luz do Dia;;;Meio de Quadra;;;0;1;0;0;0;0;0;0;0;1;0;0;-38,609563;-3,812482
297089;10;10;2016;07:30;0;AV SEN CARLOS JEREISSATI (AEROPORTO);;;;KM 02;Colisão;Luz do Dia;Bom;Seca;Meio de Quadra;;;0;0;3;1;0;0;0;0;0;0;0;0;-38,535424;-3,782194
297090;10;10;2016;13:40;0;RD CE-065;;;;;Colisão;Luz do Dia;Bom;Seca;Meio de Quadra;;;0;0;2;1;0;0;0;0;0;0;0;0;;
297091;10;10;2016;13:30;0;RD CE-040;;;;KM-06;Colisão;Luz do Dia;Bom;Seca;Meio de Quadra;;;0;0;2;1;1;0;0;0;0;0;0;0;-38,479535;-3,800596
297092;10;10;2016;19:00;0;RD CE-060;;;;KM-01;Colisão;;Bom;Seca;Meio de Quadra;;;0;0;2;0;0;0;0;0;0;1;0;0;-38,58015;-3,828411
294147;11;10;2016;10:40;614;AV DR THEBERGE;RUA ANA FACO;;;;Colisão Lateral;Luz do Dia;Bom;Seca;T;Pare;Residencial;0;1;3;1;0;0;0;0;0;1;0;0;-38,564134;-3,712143
294144;11;10;2016;16:40;0;RUA CON LIMA SUCUPIRA;RUA IARA;;;;Colisão Transversal;Luz do Dia;Bom;Seca;Outros;Pare;Comercial;0;2;2;1;0;0;0;0;0;1;0;0;-38,558106;-3,775806
294145;11;10;2016;10:00;630;AV PRS CASTELO BRANCO;RUA COELHO DA FONSECA;;3390;;Colisão Lateral;Luz do Dia;Bom;Seca;T;Pare;Comercial;0;2;2;0;0;0;0;0;0;1;0;0;-38,561193;-3,710441
294151;11;10;2016;16:00;0;AV LINEU MACHADO;;;278;;Choque c/ Obstáculo Fixo;Luz do Dia;;;Meio de Quadra;;;0;1;0;0;1;0;0;0;0;0;0;0;-38,574974;-3,76224
294153;11;10;2016;13:30;8934;AV DOMINGOS OLIMPIO;RUA PDE MORORO;;;;Colisão Lateral;Luz do Dia;Bom;Seca;Cruz;Semáforo;Escola;0;1;2;1;0;0;0;0;0;1;0;0;-38,539949;-3,733752
291928;11;10;2016;20:50;0;RUA CARLOS AMORA;;;150;;Colisão Traseira;Via Iluminada;Bom;Seca;Meio de Quadra;Não Há Controle;Comercial;0;0;2;1;0;0;0;0;0;1;0;0;-38,563653;-3,775187
291932;11;10;2016;06:00;17424;RUA ANTONIO FIUZA;RUA TRES MARIAS D39 (MONTESE);;;;Colisão;Luz do Dia;Bom;Seca;Cruz;Semáforo;Comercial;0;1;1;0;1;0;0;0;0;1;0;0;-38,551577;-3,768452
291922;11;10;2016;09:17;0;AV JULIO VENTURA;;;2267;;Colisão Traseira;Luz do Dia;Bom;Seca;Meio de Quadra;Não Há Controle;Residencial;0;0;2;1;0;0;0;0;0;0;0;0;;
291946;11;10;2016;09:00;0;RUA BERNARDO MANUEL;;;9630;;Engavetamento;Luz do Dia;Bom;Seca;Meio de Quadra;Semáforo;Comercial;0;1;3;1;1;0;0;0;0;0;0;0;;
291958;11;10;2016;09:00;7329;RUA MANAUS;RUA PRO PAULO LOPES;;;;Colisão Frontal;Luz do Dia;Bom;Seca;Cruz;Pare;Residencial;0;2;2;1;0;0;0;0;0;1;0;0;-38,591163;-3,753573
291941;11;10;2016;14:30;19659;AV BEZERRA DE MENEZES;RUA CRUZ SALDANHA;;;;Colisão Traseira;Luz do Dia;Bom;Seca;T;Pare;Comercial;0;0;2;1;0;0;0;0;0;0;0;0;-38,554319;-3,733569
291942;11;10;2016;10:00;15291;RUA FREDERICO BORGES;AV ANTONIO JUSTA;;;;Colisão Lateral;Luz do Dia;Bom;Seca;T;Pare;Comercial;0;0;2;1;0;0;1;0;0;0;0;0;-38,489427;-3,729283
291943;11;10;2016;13:25;15788;RUA PDE PEDRO DE ALENCAR;RUA PERGENTINO MAIA;;;;Colisão Lateral;Luz do Dia;Bom;Seca;T;Pare;Comercial;0;0;2;1;0;0;0;0;0;1;0;0;-38,493889;-3,830714
291966;11;10;2016;15:30;0;AV GODOFREDO MACIEL;;;4040;;Colisão Traseira;Luz do Dia;Bom;Seca;Meio de Quadra;Não Há Controle;Comercial;0;0;2;1;0;0;0;0;0;0;0;0;-38,574228;-3,810237
291749;11;10;2016;11:30;0;AV PRS COSTA E SILVA;;;5606;;Colisão;Luz do Dia;;;Meio de Quadra;;;1;0;1;0;0;1;1;0;0;0;0;0;-38,530529;-3,828822
297498;11;10;2016;06:39;0;AV PRS CASTELO BRANCO;;;3351;;Colisão;Luz do Dia;;;Meio de Quadra;;;0;1;1;0;0;0;0;0;0;0;0;0;;
297499;11;10;2016;07:17;0;AV DIOGUINHO;;;5757;;Colisão;Luz do Dia;;;Meio de Quadra;;;0;2;0;0;0;0;0;0;0;0;0;0;-38,441812;-3,764402
297503;11;10;2016;07:26;0;AV GODOFREDO MACIEL;;;5959;;Colisão;Luz do Dia;;;Meio de Quadra;;;0;2;0;1;0;0;0;0;0;1;0;0;-38,579636;-3,826898
297513;11;10;2016;07:44;0;AV SEN FERNANDES TAVORA;;;2433;;Colisão;Luz do Dia;;;Meio de Quadra;;;0;1;0;1;0;0;0;0;0;0;0;0;-38,594468;-3,755837
297530;11;10;2016;08:20;12904;AV AGUANAMBI;RUA JOAQUIM MAGALHAES;;570;;Colisão Transversal;Luz do Dia;Bom;Seca;T;Não Há Controle;Comercial;0;1;1;1;0;0;0;0;0;1;0;0;-38,525284;-3,740908
297531;11;10;2016;08:33;0;AV PRS CASTELO BRANCO;;;;;Colisão;Luz do Dia;;;Meio de Quadra;;;0;2;0;0;0;0;0;0;0;1;0;0;;
297532;11;10;2016;08:57;22148;RUA CAP FRANCISCO PEDRO;RUA SAMUEL UCHOA;;;;Colisão Lateral;Luz do Dia;Bom;Seca;T;Não Há Controle;Comercial;0;0;4;1;1;0;0;1;0;1;0;0;-38,551229;-3,74978
297539;11;10;2016;09:20;0;RUA MAE NEO MIRANDA;;;90;;Colisão;Luz do Dia;;;Meio de Quadra;;;0;2;0;1;0;0;0;0;0;0;0;0;;
297551;11;10;2016;10:06;12608;RUA GAL TOME CORDEIRO;RUA AMOR PERFEITO;;;;Queda;Luz do Dia;;;;;;0;1;0;0;0;1;0;0;0;0;0;0;-38,58246;-3,716549
297552;11;10;2016;10:38;6844;RUA ANDRADE FURTADO;RUA ALMEIDA PRADO;;;;Colisão;Luz do Dia;;;Cruz;Não Há Controle;Rural;0;2;0;0;0;0;0;0;0;0;0;0;-38,476163;-3,74687
297553;11;10;2016;11:13;0;AV PERIMETRAL;;;5100;;Colisão;Luz do Dia;;;Meio de Quadra;;;0;2;0;0;0;0;0;0;0;0;0;0;;
297554;11;10;2016;11:24;7209;RUA DNA MENDINHA;RUA IRINEU DE SOUZA;;;;Atropelamento;Luz do Dia;;;;;Residencial;0;2;0;1;0;0;0;0;0;0;0;0;-38,570294;-3,710048
297555;11;10;2016;11:37;13592;RUA PRO CARVALHO;AV PONTES VIEIRA;;;;Colisão;Luz do Dia;;;;;;0;2;0;1;0;0;0;0;0;1;0;0;-38,514949;-3,75289
297556;11;10;2016;11:39;5203;RUA PEDRO PEREIRA;RUA AGAPITO DOS SANTOS;;;;Colisão Traseira;Luz do Dia;Bom;Seca;Cruz;Pare;Comercial;0;0;4;1;1;0;0;0;0;0;0;0;-38,538907;-3,726324
297557;11;10;2016;13:09;1576;AV PDE ANTONIO TOMAS;RUA CEL JUCA;;;;Colisão;Luz do Dia;;;Cruz;Semáforo;Comercial;0;1;0;0;0;0;0;0;0;1;0;0;-38,492803;-3,742392
297558;11;10;2016;13:12;0;AV N CJ JOSE WALTER;;;1480;;Atropelamento;Luz do Dia;;;Meio de Quadra;;;0;2;0;1;0;0;0;0;0;0;0;0;;
297559;11;10;2016;13:48;25170;AV LINEU MACHADO;RUA PRO EDGAR DE ARRUDA;;;;Colisão;Luz do Dia;;;Cruz;Pare;Misto;0;2;0;1;0;0;0;0;0;0;0;0;-38,57548;-3,763209
297560;11;10;2016;13:59;0;RUA NAT FEIJO;;;410;;Colisão;Luz do Dia;;;Meio de Quadra;;;0;2;0;1;0;0;0;0;0;1;0;0;-38,552479;-3,722368
297561;11;10;2016;14:04;8011;AV JOAO PESSOA;RUA ALEXANDRE BARAUNA;;;;Atropelamento;Luz do Dia;;;Cruz;Semáforo;Comercial;0;2;0;0;0;0;0;0;0;1;0;0;-38,548267;-3,751089
297548;11;10;2016;09:36;0;AV WASHINGTON SOARES;;;;;Queda;Luz do Dia;;;Meio de Quadra;;;0;1;0;0;0;0;0;0;0;1;0;0;;
297578;11;10;2016;18:54;0;RUA 103 CJ NOVO MONDUBIM;;;35;;Colisão;;;;Meio de Quadra;;;0;1;1;1;0;0;0;0;0;1;0;0;-38,587277;-3,807332
297566;11;10;2016;14:10;15371;AV DOM LUIS;RUA PRO DIAS DA ROCHA;;;;Colisão Transversal;Luz do Dia;Bom;Seca;Cruz;Pare;Comercial;0;1;5;1;1;0;0;0;0;0;0;0;-38,491572;-3,735126
297567;11;10;2016;14:19;0;RUA CEL MATOS DOURADO;;;513;;Colisão;Luz do Dia;;;Meio de Quadra;;;0;2;0;1;0;0;0;0;0;1;0;0;-38,585037;-3,743269
297568;11;10;2016;15:11;0;AV LUCIANO CARNEIRO;;;1400;;Colisão;Luz do Dia;;;Meio de Quadra;;;0;2;0;1;0;0;0;0;0;1;0;0;-38,535455;-3,760913
297569;11;10;2016;15:19;0;AV GAL MURILO BORGES;;;;;Colisão;Luz do Dia;;;Meio de Quadra;;;0;2;0;0;0;0;0;0;0;0;0;0;;
297581;11;10;2016;18:54;0;AV CEL CARVALHO;;;912;;Colisão;;;;Meio de Quadra;;;0;2;0;0;0;0;0;0;0;1;0;0;;
297582;11;10;2016;19:08;0;RUA VALPARAISO;;;680;;Atropelamento;;;;Meio de Quadra;;;0;2;0;1;0;0;0;0;0;0;0;0;-38,526224;-3,843856
297583;11;10;2016;19:16;0;RUA VALPARAISO;;;700;;Atropelamento;;;;Meio de Quadra;;;0;2;0;1;0;0;0;0;0;0;0;0;-38,526346;-3,843757
297571;11;10;2016;15:52;0;AV SANTOS DUMONT;;;6701;;Queda;Luz do Dia;;;Meio de Quadra;;;0;1;0;0;0;1;0;0;0;0;0;0;-38,473241;-3,744333
297572;11;10;2016;17:02;10112;RUA RAIMUNDO PINHEIRO;RUA NEREIDE;;;;Colisão;Anoitecer;;;Cruz;Não Há Controle;Residencial;0;2;0;0;0;0;0;0;0;1;0;0;-38,596824;-3,788179
297573;11;10;2016;17:12;0;ET PAVUNA;;;711;;Colisão Lateral;Anoitecer;;;Meio de Quadra;;;0;1;1;0;0;0;0;0;0;1;0;0;;
297574;11;10;2016;17:12;0;RUA JARDIM DO EDEN;RUA ANDREAS SOARES;;;;Choque c/ Obstáculo Fixo;Anoitecer;Bom;Seca;Meio de Quadra;Não Há Controle;Rural;0;0;3;1;0;0;0;0;0;0;0;0;;
297575;11;10;2016;17:17;0;ET PAVUNA;;;761;;Atropelamento;Anoitecer;;;Meio de Quadra;;;0;2;0;0;0;0;0;0;0;1;0;0;-38,557746;-3,814303
297576;11;10;2016;17:59;0;AV DR ALDY MENTOR;;;;;Colisão;Anoitecer;;;Meio de Quadra;;;0;2;0;1;0;0;0;0;0;1;0;0;;
297587;11;10;2016;20:27;0;AV 1 CANINDEZINHO;;;;;Atropelamento;;;;Meio de Quadra;;;0;2;0;1;0;0;0;0;0;0;0;0;;
297589;11;10;2016;20:28;0;AV CAP WALDEMAR PAULA LIMA;;;;;Queda;;;;Meio de Quadra;;;0;1;0;0;0;0;0;0;0;1;0;0;;
297590;11;10;2016;22:41;0;AV SIQUEIRA CAMPOS;;;836;;Colisão;;;;Meio de Quadra;;;0;2;0;0;0;0;0;0;0;0;0;0;-38,622825;-3,817679
297591;11;10;2016;22:55;0;RUA CEL MATOS DOURADO;;;1291;;Colisão;;;;Meio de Quadra;;;0;2;0;1;0;0;0;0;0;1;0;0;-38,583703;-3,751054
302186;11;10;2016;09:30;0;AV JOR THOMAZ COELHO;;;0;;Colisão Traseira;Luz do Dia;Bom;Seca;Meio de Quadra;Não Há Controle;Comercial;0;0;2;1;0;0;0;0;0;0;0;0;;
302187;11;10;2016;10:30;25061;AV 13 DE MAIO;RUA COS TRISTAO;;0;;Atropelamento;Luz do Dia;Bom;Seca;Cruz;Pare;Comercial;0;2;1;0;0;0;0;0;0;1;0;0;-38,529981;-3,748763
302188;11;10;2016;11:00;1462;RUA NUNES VALENTE;RUA JOAO CARVALHO;;0;;Colisão Transversal;Luz do Dia;Bom;Seca;Cruz;Pare;Residencial;0;0;2;1;0;0;0;0;0;0;0;0;-38,504491;-3,738599
302189;11;10;2016;14:50;0;RUA IRACEMA D71;;;100;;Colisão Traseira;Luz do Dia;Bom;Seca;Meio de Quadra;Não Há Controle;Comercial;0;0;2;1;0;0;0;0;0;0;0;0;;
302190;11;10;2016;11:04;0;RUA CON DE CASTRO;;;3783;;Colisão Traseira;Luz do Dia;Bom;Seca;Meio de Quadra;Não Há Controle;Comercial;0;0;2;1;0;0;0;0;0;0;0;0;-38,587068;-3,799713
302191;11;10;2016;14:19;0;RUA MON CATAO;;;1380;;Colisão Traseira;Luz do Dia;Bom;Seca;Meio de Quadra;Não Há Controle;Residencial;0;0;2;1;0;0;0;0;0;0;0;0;-38,492192;-3,743774
302192;11;10;2016;19:40;0;AV ENG SANTANA JUNIOR;;;0;;Colisão Lateral;Anoitecer;Bom;Seca;Meio de Quadra;Não Há Controle;Comercial;0;0;2;1;0;0;0;0;0;0;0;0;;
302193;11;10;2016;18:50;0;AV JOSE BASTOS;AV JOSE JATAHY;;0;;Colisão Traseira;Via Iluminada;Bom;Seca;Meio de Quadra;Não Há Controle;Comercial;0;0;2;0;1;0;0;0;0;0;0;0;;
302194;11;10;2016;17:39;0;RUA GOV JOAO CARLOS;;;342;;Colisão Lateral;Luz do Dia;Bom;Seca;Meio de Quadra;Não Há Controle;Residencial;0;0;2;0;1;0;0;0;0;0;0;0;-38,551666;-3,778326
302195;11;10;2016;20:00;0;AV GODOFREDO PIMENTEL;;;0;;Colisão Lateral;Via Iluminada;Bom;Seca;Meio de Quadra;Semáforo;Comercial;0;0;2;1;1;0;0;0;0;0;0;0;;
302196;11;10;2016;10:45;6720;AV ENG SANTANA JUNIOR;RUA CAROLINA SUCUPIRA;;0;;Colisão Lateral;Luz do Dia;Bom;Seca;T;Pare;Comercial;0;0;2;0;1;0;0;0;0;0;0;0;-38,488863;-3,74477
302197;11;10;2016;20:33;0;RUA REPUBLICA DO LIBANO;;;418;;Colisão Lateral;Via Iluminada;Bom;Seca;Meio de Quadra;Não Há Controle;Residencial;0;0;2;0;0;0;0;0;0;0;0;0;-38,496571;-3,731343
302198;11;10;2016;21:01;1306;RUA TORRES CAMARA;RUA MON BRUNO;;0;;Colisão Lateral;Via Iluminada;Bom;Seca;Cruz;Pare;Residencial;0;0;1;1;0;0;0;0;0;0;0;0;-38,510152;-3,734594
302199;11;10;2016;21:45;0;AV AGUANAMBI;;;0;;Colisão Lateral;Via Iluminada;Bom;Seca;Rotatória;Não Há Controle;Industrial;0;0;2;1;1;0;0;0;0;0;0;0;;
302206;11;10;2016;22:38;6748;RUA DR GILBERTO STUDART;RUA PRO OTAVIO LOBO;;0;;Colisão Lateral;Via Iluminada;Bom;Seca;Cruz;Pare;Residencial;0;0;2;1;1;0;0;0;0;0;0;0;-38,478756;-3,74432
292438;11;10;2016;01:50;0;RUA TARCISIO PEIXOTO;;;817;;Choque c/ Obstáculo Fixo;;;;Meio de Quadra;;;1;0;0;1;0;0;0;0;0;0;0;0;-38,586566;-3,750311
302200;12;10;2016;08:36;20958;RUA ENTRADA DA LUA;RUA PLANALTO DO PICI;;0;;Colisão Transversal;Luz do Dia;Bom;Seca;Cruz;Não Há Controle;Comercial;0;1;1;1;0;0;0;0;0;1;0;0;;
302201;12;10;2016;10:14;0;RUA CON DE CASTRO;;;3635;;Colisão Traseira;Luz do Dia;Bom;Seca;Meio de Quadra;Não Há Controle;Comercial;0;0;2;1;0;0;0;0;0;0;0;0;-38,586385;-3,798981
302202;12;10;2016;10:32;14423;AV SGT HERMINIO SAMPAIO;RUA MARIO STUDART;;0;;Colisão Transversal;Luz do Dia;Bom;Seca;T;Não Há Controle;Comercial;0;0;2;0;0;0;0;0;0;1;0;0;-38,552074;-3,724837
302203;12;10;2016;18:10;0;AV ABOLICAO;;;2324;;Colisão Traseira;Via Iluminada;Bom;Seca;Meio de Quadra;Não Há Controle;Comercial;0;0;2;1;0;0;0;0;0;0;0;0;-38,498211;-3,726444
302204;12;10;2016;19:11;0;RUA SALGADO FILHO;;;272;;Engavetamento;Via Iluminada;Bom;Seca;Meio de Quadra;Não Há Controle;Residencial;0;0;3;1;0;0;0;0;0;1;0;0;-38,595248;-3,740832
302205;12;10;2016;19:43;0;RUA MARIA JULIA ROCHA;;;1554;;Atropelamento;Mal Iluminada;Bom;Seca;Meio de Quadra;Pare;Residencial;0;2;0;0;0;0;0;0;0;1;0;0;;
301746;12;10;2016;14:52;7914;AV ANTONIO SALES;RUA LEONARDO MOTA;;0;;Choque c/ Obstáculo Fixo;Luz do Dia;Bom;Seca;Cruz;Semáforo;Comercial;0;0;1;1;0;0;0;0;0;0;0;0;-38,499442;-3,746358
297592;12;10;2016;00:39;0;RUA SEN ROBERT KENNEDY;;;194;;Atropelamento;;;;Meio de Quadra;;;0;2;0;0;0;0;0;0;0;0;0;0;-38,577804;-3,701493
297594;12;10;2016;02:54;0;RUA DR ESTENIO GOMES;;;2389;;Queda;;;;Meio de Quadra;;;0;1;0;0;0;0;0;0;0;1;0;0;;
297596;12;10;2016;05:14;0;RUA DR JOAQUIM BENTO;;;412;;Atropelamento;Amanhecer;;;Meio de Quadra;;;0;2;0;0;0;0;0;0;0;1;0;0;-38,48785;-3,828451
297597;12;10;2016;05:32;15267;RUA CEL LINHARES;AV ANTONIO JUSTA;;;;Colisão;Amanhecer;;;T;Não Há Controle;Residencial;0;2;0;1;0;0;0;0;0;1;0;0;-38,491594;-3,728586
297598;12;10;2016;05:37;0;AV GAL OSORIO DE PAIVA;;;6023;;Colisão;Amanhecer;;;Meio de Quadra;;;0;2;0;1;0;0;0;0;0;1;0;0;;
297599;12;10;2016;06:17;15144;AV MON TABOSA;AV RUI BARBOSA;;;;Colisão Transversal;Luz do Dia;Bom;Seca;Cruz;Semáforo;Comercial;0;2;4;1;0;0;0;0;0;0;0;0;-38,505696;-3,724441
297600;12;10;2016;06:31;0;AV ABOLICAO;;;2194;;Colisão;Luz do Dia;;;Meio de Quadra;;;0;1;0;1;0;0;0;0;0;0;0;0;-38,49933;-3,72609
297601;12;10;2016;06:32;13516;RUA PDE CHEVALIER;RUA ILDEFONSO ALBANO;;;;Atropelamento;Luz do Dia;;;T;Pare;Residencial;0;2;0;0;0;0;0;0;0;1;0;0;;
297609;12;10;2016;14:32;17315;RUA DES PRAXEDES;RUA PDE JOAO PIAMARTA;;;;Colisão;Luz do Dia;;;Cruz;Pare;Residencial;0;2;0;1;0;0;0;0;0;1;0;0;-38,543546;-3,762866
297610;12;10;2016;14:42;670;RUA GOMES PASSOS;RUA PRO JOSE BONIFACIO;;;;Colisão;Luz do Dia;;;Cruz;Pare;Residencial;0;2;0;1;0;0;0;0;0;1;0;0;-38,562431;-3,710794
297603;12;10;2016;08:41;0;AV DIOGUINHO;;;;;Queda;Luz do Dia;;;Meio de Quadra;;;0;1;0;0;0;1;0;0;0;0;0;0;;
297604;12;10;2016;09:48;0;AV LUCIANO CARNEIRO;;;2365;;Colisão;Luz do Dia;;;Meio de Quadra;;;0;1;1;0;0;0;0;0;0;0;0;0;-38,537863;-3,768759
297605;12;10;2016;11:46;0;RUA ARMANDO OLIVEIRA;;;451;;Colisão;Luz do Dia;;;Meio de Quadra;;;0;2;0;1;0;0;0;0;0;0;0;0;;
297606;12;10;2016;12:48;0;RUA ALFREDO DE CASTRO;;;702;;Atropelamento;Luz do Dia;;;Meio de Quadra;;;0;2;0;1;0;0;0;0;0;0;0;0;-38,550053;-3,762921
297607;12;10;2016;12:53;0;AV FRE CIRILO;;;4100;;Colisão;Luz do Dia;;;Meio de Quadra;;;0;2;0;1;0;0;0;0;0;1;0;0;-38,496273;-3,819945
297620;12;10;2016;18:29;5265;RUA VINTE E QUATRO DE MAIO;RUA PEDRO PEREIRA;;;;Colisão;Anoitecer;;;Cruz;Pare;Comercial;0;2;0;1;0;0;0;0;0;1;0;0;-38,532486;-3,7284
297612;12;10;2016;14:53;0;RUA ISAIE BORIS;;;274;;Choque c/ Obstáculo Fixo;Luz do Dia;;;Meio de Quadra;;;0;1;0;0;0;0;0;0;0;1;0;0;-38,547543;-3,766822
297613;12;10;2016;15:31;0;AV WASHINGTON SOARES;;;85;;Colisão;Luz do Dia;;;Meio de Quadra;;;0;2;0;1;0;0;0;0;0;1;0;0;-38,488584;-3,757673
297615;12;10;2016;15:40;24286;RUA PEREIRA VALENTE;RUA CASTRO MONTE;;;;Colisão;Luz do Dia;;;Cruz;Pare;Residencial;0;2;0;1;0;0;0;0;0;1;0;0;-38,485966;-3,734725
297616;12;10;2016;16:23;0;AV CONTORNO NORTE D71;;;1800;;Colisão;Luz do Dia;;;Meio de Quadra;;;0;2;0;1;0;0;0;0;0;1;0;0;;
297617;12;10;2016;18:14;0;RUA 100 CJ PASSARE;;;1181;;Colisão;Anoitecer;;;Meio de Quadra;;;0;2;0;1;0;0;0;0;0;1;0;0;;
297618;12;10;2016;18:19;0;RUA MARIA JULIA;;;1538;;Atropelamento;Anoitecer;;;Meio de Quadra;;;0;2;0;0;0;0;0;0;0;1;0;0;-38,60145;-3,79809
297632;12;10;2016;20:12;0;RUA TEODOMIRO DE CASTRO;;;4451;;Colisão;;;;Meio de Quadra;;;0;2;0;1;0;0;0;0;0;1;0;0;-38,572775;-3,718509
297633;12;10;2016;21:06;9600;RUA PRIMEIRO DE MAIO D34;RUA SAO LUIZ DO OESTE;;;;Colisão;;;;;;;0;2;0;1;0;0;0;0;0;1;0;0;;
297634;12;10;2016;21:22;0;AV LINEU MACHADO;;;905;;Colisão;;;;;;;0;1;0;1;0;0;0;0;0;1;0;0;-38,578026;-3,768036
297635;12;10;2016;21:47;0;RUA RAIMUNDO GOMES;;;;;Colisão;;;;Meio de Quadra;;;0;2;0;1;0;1;0;0;0;0;0;0;;
297638;12;10;2016;21:49;0;AV BENJAMIM BRASIL;;;;;Colisão;;;;Meio de Quadra;;;0;2;0;0;0;0;0;0;0;1;0;0;;
297639;12;10;2016;21:54;0;RUA NOSSA SRA DAS GRACAS;;;686;;Atropelamento;;;;Meio de Quadra;;;0;2;0;0;0;0;0;0;0;0;0;0;-38,554622;-3,709749