COD_ACIDENTE;DIA;MES;ANO;HORA;INTERSECAO;LOG1;LOG2;LOG3;NUMERO;REFERENCIA;NATUREZA;ILUMINACAO;TEMPO;SUPERFICIEPISTA;TIPOCRUZAMENTO;CONTROLETRAFEGO;USOSOLO;MORTOS;FERIDOS;ILESOS;AUTOMOVEL;ONIBUS;BICICLETA;CAMINHAO;MICROONIBUS;CICLOMOTOR;MOTOCICLETA;TRACAOANIMAL;TREM;LONG;LAT
297640;12;10;2016;22:25;5658;AV JOSE LEON;RUA MANUEL MONTEIRO;;;;Colisão;;;;Cruz;Gesto;Residencial;0;2;0;1;0;0;0;0;0;1;0;0;-38,493971;-3,789742
297641;12;10;2016;23:18;0;RUA WALDIR DIOGO;;;760;;Colisão;;;;Meio de Quadra;;;0;2;0;1;0;0;0;0;0;1;0;0;-38,584834;-3,804713
297625;12;10;2016;19:18;26099;AV I CJ CEARA;RUA MIN ALBUQUERQUE LIMA;;;;Atropelamento;;;;T;Pare;Comercial;0;2;0;0;0;0;0;0;0;1;0;0;-38,597489;-3,769977
297627;12;10;2016;19:39;0;AV GAL OSORIO DE PAIVA;;;;;Colisão;;;;Meio de Quadra;;;0;2;0;0;0;0;0;0;0;0;0;0;;
297629;12;10;2016;19:45;12864;AV DOMINGOS OLIMPIO;RUA ASSUNCAO;;;;Colisão;;;;Cruz;Semáforo;Residencial;0;2;0;1;0;0;0;0;0;1;0;0;-38,529548;-3,737192
297630;12;10;2016;19:58;0;RUA TEODOMIRO DE CASTRO;;;4463;;Queda;;;;Meio de Quadra;;;0;1;0;0;0;0;0;0;0;1;0;0;-38,572991;-3,718401
291968;12;10;2016;04:00;3903;RUA PDE CICERO;AV JOAO PESSOA;;;;Capotamento;;Bom;;;;Residencial;0;1;1;1;0;0;0;0;0;0;0;0;-38,543442;-3,745741
291964;12;10;2016;06:50;0;AV ABOLICAO;;;2111;;Choque c/ Obstáculo Fixo;Luz do Dia;Bom;Molhada;Meio de Quadra;;Residencial;0;0;1;1;0;0;0;0;0;0;0;0;-38,499487;-3,726041
291965;12;10;2016;21:00;23710;AV GAL OSORIO DE PAIVA;RUA DOM HENRIQUE;;;;Colisão Frontal;Via Iluminada;Bom;Seca;Duplo T;;Comercial;0;1;1;0;0;0;0;0;0;1;0;0;-38,583025;-3,7861
291959;12;10;2016;19:05;3811;RUA TEREZA CRISTINA;RUA LUIS DE MIRANDA;;;;Colisão Transversal;Via Iluminada;Bom;Seca;Cruz;Pare;Residencial;0;0;2;1;0;0;0;0;0;0;0;0;;
291980;12;10;2016;11:00;1360;RUA JOAQUIM NABUCO;RUA DES LEITE ALBUQUERQUE;;;;Colisão Lateral;Luz do Dia;Bom;Seca;Cruz;Dê Preferência;Comercial;0;0;2;1;0;0;0;0;0;0;0;0;-38,501621;-3,736273
291971;12;10;2016;12:00;0;AV JOSE BASTOS;;;2850;;Engavetamento;Luz do Dia;Bom;Seca;Meio de Quadra;Semáforo;Comercial;0;0;3;1;0;0;0;0;0;1;0;0;-38,546151;-3,745726
291977;12;10;2016;11:35;22162;AV JOSE BASTOS;RUA PORFIRIO SAMPAIO;;;;Engavetamento;Luz do Dia;Bom;Seca;T;Semáforo;Comercial;0;0;3;1;0;0;0;0;0;0;0;0;-38,546271;-3,745851
291974;12;10;2016;10:28;24405;AV LUCIANO CARNEIRO;RUA JORGE SEVERIANO;;;;Colisão;Luz do Dia;Bom;Seca;T;Pare;Comercial;0;2;1;0;0;1;1;0;0;0;0;0;-38,53784;-3,76868
291949;12;10;2016;23:40;0;RUA MINAS GERAIS;;;228;;Colisão;Via Iluminada;Bom;Molhada;Meio de Quadra;Outros;Residencial;0;1;1;1;0;0;0;0;0;0;0;0;-38,562441;-3,752355
291950;12;10;2016;01:20;1514;RUA EDUARDO GARCIA;RUA PRO DIAS DA ROCHA;;;;Colisão Transversal;Via Iluminada;Bom;Seca;Cruz;Pare;Residencial;0;0;2;1;0;0;0;0;0;1;0;0;-38,493139;-3,740103
291951;12;10;2016;05:00;25004;AV 13 DE MAIO;VL STO ANTONIO;;;;Colisão Traseira;Amanhecer;Bom;Seca;T;Pare;Comercial;0;2;0;1;0;0;0;0;0;1;0;0;;
291952;12;10;2016;00:00;0;AV VICENTE DE CASTRO;;;;;Colisão Lateral;Via Iluminada;Bom;Seca;Meio de Quadra;Não Há Controle;Industrial;0;0;2;1;0;0;0;0;0;0;0;0;;
291953;12;10;2016;18:30;0;AV FRE CIRILO;;;3800;;Colisão Lateral;Via Iluminada;Bom;Seca;Meio de Quadra;Outros;Comercial;0;0;2;1;0;0;0;0;0;1;0;0;-38,49738;-3,817372
291954;12;10;2016;17:15;15227;AV DES MOREIRA;AV ABOLICAO;;;;Colisão Lateral;Anoitecer;;Seca;;Semáforo Intermitente;Comercial;0;0;2;1;1;0;0;0;0;0;0;0;-38,495474;-3,727331
294157;12;10;2016;15:58;24956;AV ALM HENRIQUE SABOIA;AV ENG ALBERTO SA;;;;Colisão;Luz do Dia;;;Cruz;Semáforo;Comercial;0;2;1;0;0;0;0;0;0;1;0;0;-38,48289;-3,732499
294166;12;10;2016;23:10;0;RUA NOSSA SRA DAS GRACAS;;;700;;Colisão;;;;Meio de Quadra;;;0;1;1;1;0;0;0;0;0;1;0;0;-38,554712;-3,709734
294170;12;10;2016;23:50;0;AV DR SILAS MUNGUBA;;;6447;;Colisão;;;;Meio de Quadra;;;0;2;0;0;0;0;0;0;0;1;0;0;;
294163;12;10;2016;20:15;0;AV SEN FERNANDES TAVORA;;;1615;;Colisão Traseira;Via Iluminada;Bom;Seca;Meio de Quadra;Semáforo;Comercial;0;0;4;1;0;0;0;0;0;1;0;0;-38,587007;-3,759597
297094;12;10;2016;17:50;0;AV SEN CARLOS JEREISSATI (AEROPORTO);;;;KM 02;Colisão;Anoitecer;Bom;Seca;Meio de Quadra;;;0;0;2;1;1;0;0;0;0;0;0;0;-38,535424;-3,782194
297097;12;10;2016;16:30;0;AV MIN JOSE AMERICO;;;;;Colisão;Luz do Dia;Bom;Seca;Meio de Quadra;;;0;1;1;1;0;0;0;0;0;1;0;0;;
297098;12;10;2016;19:15;0;AV MIN JOSE AMERICO;;;;;Colisão;;Bom;Seca;Meio de Quadra;;;0;0;2;1;0;0;0;0;0;0;0;0;;
297105;13;10;2016;19:20;0;RD CE-040;;;;KM-10;Queda;;Bom;Seca;Meio de Quadra;;;0;1;1;0;0;0;0;0;0;1;0;0;-38,482466;-3,834451
297103;13;10;2016;12:00;0;RD CE-040;;;;KM-01;Colisão;Luz do Dia;Bom;Seca;Meio de Quadra;;;0;1;1;1;0;0;0;0;0;1;0;0;-38,48666;-3,758119
296347;13;10;2016;06:20;0;RD BR 116;;;6000;KM-06;Colisão Traseira;Luz do Dia;;;Meio de Quadra;;;0;1;1;1;0;0;0;0;0;1;0;0;-38,503053;-3,804691
294188;13;10;2016;03:30;0;RUA AMADEU FURTADO;;;;;Colisão;;;;Meio de Quadra;;;0;0;2;1;0;0;0;0;0;0;0;0;;
294190;13;10;2016;04:10;0;ET DO JATOBA;;;;;Choque c/ Obstáculo Fixo;;;;Meio de Quadra;;;0;0;1;0;0;0;0;0;0;0;0;0;;
294191;13;10;2016;08:15;5383;AV DUQ CAXIAS;RUA MAJ FACUNDO;;;;Colisão;Luz do Dia;;;Cruz;Semáforo;Comercial;0;1;1;0;0;0;0;0;0;1;0;0;-38,529285;-3,731981
294194;13;10;2016;17:20;2970;AV GAL OSORIO DE PAIVA;RUA SAO FRANCISCO D21;;;;Colisão Transversal;Anoitecer;;;T;Não Há Controle;Misto;0;1;1;1;0;0;0;1;0;0;0;0;-38,5978;-3,80032
291985;13;10;2016;08:50;26086;AV JOSE JATAHY;RUA AZEVEDO BOLAO;;;;Colisão Lateral;Luz do Dia;Bom;Seca;Cruz;Semáforo;Residencial;0;0;2;1;0;0;0;0;0;1;0;0;-38,544494;-3,733663
291972;13;10;2016;09:00;5159;AV IMPERADOR;RUA GUILHERME ROCHA;;;;Colisão Lateral;Luz do Dia;Bom;Seca;Cruz;Semáforo;Comercial;0;0;2;1;0;0;0;1;0;0;0;0;-38,533829;-3,725081
291973;13;10;2016;09:20;0;RUA RUFINO DE ALENCAR;;;370;;Outros;Luz do Dia;Bom;Seca;Meio de Quadra;Pare;Comercial;0;0;1;1;0;0;0;0;0;0;0;0;-38,521618;-3,724051
291981;13;10;2016;07:19;23658;AV SGT HERMINIO SAMPAIO;RUA POMPEU CAVALCANTE;;;;Atropelamento;Luz do Dia;Bom;Seca;T;Semáforo;Comercial;0;2;0;0;0;0;0;0;0;1;0;0;-38,562833;-3,726772
291995;13;10;2016;21:00;22099;AV JOSE BASTOS;RUA JOSE FACANHA;;;;Colisão Traseira;Mal Iluminada;Bom;Seca;Cruz;Semáforo;Comercial;0;0;2;1;1;0;0;0;0;0;0;0;-38,554822;-3,754359
291996;13;10;2016;00:10;17963;RUA BANVAR BEZERRA;RUA LICURGO MONTENEGRO;;;;Colisão;Via Iluminada;Bom;Seca;Cruz;Pare;Residencial;0;1;1;1;0;0;0;0;0;1;0;0;-38,579879;-3,735918
292003;13;10;2016;06:00;7982;RUA MAJ WEYNE;RUA CARLOS CAMARA;;;;Colisão Transversal;Luz do Dia;Bom;Seca;Cruz;Pare;Residencial;0;1;3;1;1;0;0;0;0;0;0;0;-38,544497;-3,7486
292004;13;10;2016;08:00;1654;AV SEN VIRGILIO TAVORA;RUA BENI DE CARVALHO;;;;Colisão Traseira;Luz do Dia;Bom;Seca;Cruz;Semáforo;Comercial;0;0;2;1;0;0;0;0;0;0;0;0;-38,495995;-3,745678
291999;13;10;2016;12:50;0;AV DR SILAS MUNGUBA;;;5555;;Colisão Lateral;Luz do Dia;Bom;Seca;Meio de Quadra;Não Há Controle;Comercial;0;2;1;1;0;0;0;0;0;1;0;0;-38,530135;-3,800875
292010;13;10;2016;06:40;0;AV DIOGUINHO;;;1000;;Colisão;Luz do Dia;Bom;Seca;Meio de Quadra;Pare;Comercial;0;1;2;1;0;0;0;0;0;1;0;0;;
292020;13;10;2016;10:30;18758;AV B CJ HAB ST SAO JOAO;RUA 37 CJ HAB ST S JOAO;;;;Colisão Lateral;Luz do Dia;Bom;Seca;Cruz;Pare;Residencial;0;1;1;0;1;0;0;0;0;1;0;0;-38,518532;-3,848604
292014;13;10;2016;11:45;12346;RUA PAULO DE FRONTIM;RUA DIAMANTINA;;;;Colisão Lateral;Luz do Dia;Bom;Seca;T;Pare;Residencial;0;0;2;1;1;0;0;0;0;0;0;0;-38,571314;-3,762926
292016;13;10;2016;13:20;0;AV FRANCISCO SA;;;4487;;Colisão Traseira;Luz do Dia;Bom;Seca;Meio de Quadra;Não Há Controle;Comercial;0;0;2;1;1;0;0;0;0;0;0;0;-38,564843;-3,714878
292017;13;10;2016;16:30;5433;RUA METON DE ALENCAR;RUA MAJ FACUNDO;;;;Colisão Transversal;Luz do Dia;Bom;Seca;Cruz;Pare;Comercial;0;0;2;1;0;0;0;1;0;0;0;0;-38,529899;-3,733917
292018;13;10;2016;19:00;2411;AV CEL CARVALHO;RUA AMADEU DE CASTRO;;;;Colisão Traseira;Via Iluminada;Bom;Seca;Duplo T;Dê Preferência;Comercial;0;0;2;1;1;0;0;0;0;0;0;0;-38,590807;-3,706322
292022;13;10;2016;10:35;3975;RUA PRO COSTA MENDES;RUA ALBERTO MAGNO;;;;Colisão;Luz do Dia;Bom;Seca;Cruz;Semáforo;Residencial;0;1;1;1;0;0;0;0;0;1;0;0;-38,543548;-3,757528
299376;13;10;2016;17:45;0;RD CE-040;;;;KM-03;Colisão;;Bom;Seca;Meio de Quadra;;;0;0;2;1;0;0;0;0;0;0;0;0;-38,481799;-3,773616
291745;13;10;2016;22:35;25311;RUA ANTENOR ROCHA ALEXANDRE;RUA JOAO REGINO;;;;Colisão Lateral;;;;Cruz;Pare;Residencial;1;0;1;0;0;0;0;0;0;1;0;0;-38,48281;-3,792178
291746;13;10;2016;19:27;7358;RUA COS ARAUJO LIMA;RUA TARCISIO PEIXOTO;;;;Colisão Transversal;;;;Cruz;Pare;Residencial;1;1;0;1;0;0;0;0;0;1;0;0;-38,587451;-3,751437
291747;13;10;2016;10:55;0;RUA VALPARAISO;;;;;Colisão Traseira;Luz do Dia;;;Meio de Quadra;;;1;0;1;0;0;0;1;0;0;1;0;0;-38,536237;-3,836131
297642;13;10;2016;02:14;9904;RUA JOAO GENTIL;ET DO JATOBA;;;;Colisão;;;;T;;Residencial;0;2;0;0;0;0;0;0;0;0;0;0;;
297643;13;10;2016;05:55;0;RUA MAJ WEYNE;;;936;;Colisão;Amanhecer;;;Meio de Quadra;;;0;2;0;0;0;0;0;0;0;0;0;0;-38,544387;-3,748701
297665;13;10;2016;12:32;0;AV DR SILAS MUNGUBA;;;;;Colisão;Luz do Dia;;;Meio de Quadra;;;0;2;0;1;0;0;0;0;0;1;0;0;;
297666;13;10;2016;12:35;0;AV DR SILAS MUNGUBA;;;5700;;Colisão;Luz do Dia;;;Meio de Quadra;;;0;2;0;1;0;0;0;0;0;1;0;0;-38,528485;-3,803141
297667;13;10;2016;12:38;0;AV FRE CIRILO;;;3431;;Colisão;Luz do Dia;;;Meio de Quadra;;;0;2;0;0;0;0;0;0;0;1;0;0;-38,498618;-3,814644
297669;13;10;2016;13:09;0;AV DIOGUINHO;;;1820;;Colisão;Luz do Dia;;;Meio de Quadra;;;0;2;0;0;0;0;0;0;0;0;0;0;-38,458136;-3,732803
297670;13;10;2016;13:19;0;AV SEN FERNANDES TAVORA;;;2552;;Atropelamento;Luz do Dia;;;Meio de Quadra;;;0;2;0;0;0;1;0;0;0;0;0;0;-38,596688;-3,755422
297658;13;10;2016;10:38;0;ET SIQUEIRA;;;193;;Colisão;Luz do Dia;;;Meio de Quadra;;;0;2;0;1;0;0;0;0;0;1;0;0;-38,585337;-3,813604
297661;13;10;2016;11:46;0;AV WASHINGTON SOARES;;;405;;Colisão;Luz do Dia;;;Meio de Quadra;;;0;2;0;1;0;0;0;0;0;1;0;0;-38,487459;-3,757966
297662;13;10;2016;11:54;24956;AV ALM HENRIQUE SABOIA;AV ENG ALBERTO SA;;;;Colisão;Luz do Dia;;;Cruz;Semáforo;Comercial;0;2;0;1;0;0;0;0;0;1;0;0;-38,48289;-3,732499
297663;13;10;2016;12:15;0;RUA ALUISIO AZEVEDO;;;800;;Colisão;Luz do Dia;;;Meio de Quadra;;;0;2;0;1;0;0;0;0;0;1;0;0;-38,579473;-3,770056
297645;13;10;2016;05:59;7674;AV JOSE BASTOS;RUA RIO GRANDE DO NORTE;;;;Colisão;Amanhecer;;;Cruz;Pare;Residencial;0;1;0;0;0;0;0;0;0;0;0;0;-38,564477;-3,760562
297646;13;10;2016;05:59;7674;AV JOSE BASTOS;RUA RIO GRANDE DO NORTE;;;;Colisão;Amanhecer;;;Cruz;Pare;Residencial;0;2;0;0;0;0;0;0;0;0;0;0;-38,564477;-3,760562
297647;13;10;2016;06:33;5127;RUA GAL SAMPAIO;RUA SEN ALENCAR;;;;Colisão;Luz do Dia;;;Cruz;Semáforo;Comercial;0;2;0;1;0;1;0;0;0;0;0;0;-38,529984;-3,724192
297649;13;10;2016;07:02;0;RD BR 116;;;6000;KM-06;Colisão;Luz do Dia;;;Meio de Quadra;;;0;2;0;1;0;0;0;0;0;1;0;0;-38,503053;-3,804691
297650;13;10;2016;07:08;2431;RUA ESTEVAO DE CAMPOS;RUA JERONIMO ALBUQUERQUE;;;;Colisão;Luz do Dia;;;Cruz;Pare;Misto;0;2;0;1;0;0;0;0;0;1;0;0;-38,576292;-3,706713
297652;13;10;2016;07:14;24763;RUA GEORGE CAVALCANTE;AV WASHINGTON LUIS;;;;Colisão;Luz do Dia;;;Cruz;Não Há Controle;Residencial;0;2;0;1;0;0;0;0;0;1;0;0;-38,590935;-3,717097
297653;13;10;2016;07:19;0;RUA VALPARAISO;;;2051;;Colisão;Luz do Dia;;;Meio de Quadra;;;0;2;0;1;0;0;0;0;0;1;0;0;;
297654;13;10;2016;08:14;0;AV PINTO BANDEIRA D56;;;697;;Colisão;Luz do Dia;;;Meio de Quadra;;;0;2;0;0;0;0;0;0;0;0;0;0;;
297655;13;10;2016;09:50;0;AV DA UNIVERSIDADE;;;2242;;Colisão;Luz do Dia;;;Meio de Quadra;;;0;2;0;1;0;0;0;0;0;1;0;0;-38,535703;-3,737205
297656;13;10;2016;10:37;0;AV SGT HERMINIO SAMPAIO;;;3793;;Colisão;Luz do Dia;;;Meio de Quadra;;;0;2;0;1;0;0;0;0;0;1;0;0;-38,574854;-3,729797
297677;13;10;2016;17:15;0;RUA SGT JOAO PINHEIRO;;;2108;;Atropelamento;Anoitecer;;;Meio de Quadra;;;0;2;0;0;0;0;0;0;0;0;0;0;-38,62478;-3,789988
297696;13;10;2016;17:20;0;AV GAL OSORIO DE PAIVA;;;7739;;Colisão;Anoitecer;;;Meio de Quadra;;;0;1;1;0;0;0;0;0;0;1;0;0;-38,61716;-3,820302
297697;13;10;2016;17:39;3249;RUA PRIMEIRO DE MAIO D34;RUA ARACA;;;;Colisão;Anoitecer;;;;;;0;2;0;1;0;0;0;0;0;1;0;0;-38,584428;-3,784048
297699;13;10;2016;18:02;0;AV DR SILAS MUNGUBA;;;;;Colisão;Anoitecer;;;Meio de Quadra;;;0;2;0;1;0;0;0;0;0;1;0;0;;
297700;13;10;2016;18:05;0;AV DEP PAULINO ROCHA;;;2300;;Colisão Lateral;Via Iluminada;Bom;Seca;Meio de Quadra;Não Há Controle;Residencial;0;1;1;0;0;0;0;0;0;1;0;0;;
297701;13;10;2016;18:06;0;RUA JARDIM FLUMINENSE;;;1155;;Colisão;Anoitecer;;;Meio de Quadra;;;0;2;0;1;0;0;0;0;0;1;0;0;-38,60037;-3,811345
297702;13;10;2016;18:43;0;AV JOAO PESSOA;;;5215;;Colisão Lateral;Via Iluminada;Bom;Seca;Meio de Quadra;Semáforo;Comercial;0;3;2;0;0;0;0;0;0;1;0;0;-38,553678;-3,757141
297704;13;10;2016;18:57;21977;RUA DELMIRO FARIAS;RUA MAJ PEDRO SAMPAIO;;;;Colisão;;;;Cruz;Pare;Residencial;0;2;0;1;0;0;0;0;0;1;0;0;-38,552727;-3,745573
297705;13;10;2016;19:11;0;RUA COS ARAUJO LIMA;;;1040;;Colisão;;;;Meio de Quadra;;;0;2;0;0;0;0;0;0;0;0;0;0;-38,587212;-3,751559
297714;13;10;2016;22:34;0;AV 13 DE MAIO;;;2639;;Colisão;;;;Meio de Quadra;;;0;1;1;0;0;0;0;0;0;0;0;0;;
297707;13;10;2016;19:26;0;RUA A PQ SAO JOAO;;;;;Queda;;;;Meio de Quadra;;;0;1;0;0;0;0;0;0;0;1;0;0;;
297708;13;10;2016;19:29;0;AV WASHINGTON SOARES;;;2410;;Queda;;;;Meio de Quadra;;;0;1;0;0;0;0;0;0;0;1;0;0;-38,481139;-3,781664
297709;13;10;2016;19:52;10791;RUA PORTO VELHO;RUA NATAL;;;;Colisão;;;;Cruz;Não Há Controle;Residencial;0;2;0;0;0;0;0;0;0;0;0;0;-38,592785;-3,762901
297710;13;10;2016;21:18;0;RUA MAL BITENCOURT;;;840;;Colisão;;;;Meio de Quadra;;;0;2;0;0;0;0;0;0;0;0;0;0;;
292033;13;10;2016;17:25;0;RUA PESSOA ANTA;;;69;;Colisão Traseira;Anoitecer;Bom;Seca;Outros;Semáforo;Comercial;0;1;1;0;1;0;0;0;0;1;0;0;-38,522098;-3,721123
292027;13;10;2016;09:20;0;AV JOAO PESSOA;;;6745;;Colisão Frontal;Amanhecer;Bom;Seca;Meio de Quadra;Pare;Residencial;0;0;2;0;0;0;0;0;0;1;0;0;-38,561031;-3,770199
292025;13;10;2016;09:50;9198;RUA BAR ARATANHA;RUA COSTA ARAUJO;;;;Colisão Traseira;Luz do Dia;Bom;Seca;Cruz;Pare;Residencial;0;0;2;1;0;0;1;0;0;0;0;0;-38,531099;-3,746946
292029;13;10;2016;11:24;0;AV ALM BARROSO;;;531;;Colisão Lateral;Luz do Dia;Bom;Seca;Meio de Quadra;Não Há Controle;Comercial;0;0;2;1;0;0;0;0;0;0;0;0;-38,518373;-3,720616
302207;13;10;2016;07:58;0;AV AMERICO BARREIRA;RUA RIO GRANDE DO NORTE;;0;;Colisão Lateral;Luz do Dia;Bom;Seca;Meio de Quadra;Semáforo;Comercial;0;1;2;1;0;0;0;0;0;1;0;0;;
302208;13;10;2016;12:30;0;AV PRS COSTA E SILVA;;;0;;Colisão Traseira;Luz do Dia;Bom;Seca;Meio de Quadra;Não Há Controle;Comercial;0;0;2;1;0;0;0;0;0;1;0;0;;
302209;13;10;2016;14:08;3368;RUA AMAZONAS;RUA RIO GRANDE DO SUL;;0;;Colisão Lateral;Luz do Dia;Bom;Seca;Cruz;Pare;Residencial;0;0;2;0;1;0;0;0;0;1;0;0;-38,564164;-3,753306
302210;13;10;2016;14:47;14896;RUA MARIO FILHO;TR JOAQUIM ALFREDO;;0;;Colisão Transversal;Luz do Dia;Bom;Seca;Cruz;Pare;Residencial;0;0;2;1;0;0;0;0;0;0;0;0;-38,582858;-3,808563
302211;13;10;2016;14:48;12930;AV DOMINGOS OLIMPIO;RUA EUSEBIO DE SOUZA;;0;;Colisão Lateral;Luz do Dia;Bom;Seca;T;Pare;Comercial;0;0;2;0;0;0;0;0;0;0;0;0;-38,525362;-3,738402
302212;13;10;2016;18:30;0;RUA SEN POMPEU;;;1436;;Colisão Traseira;Via Iluminada;Bom;Seca;Meio de Quadra;Semáforo;Comercial;0;0;1;1;0;0;0;0;0;1;0;0;-38,530963;-3,731326
302213;13;10;2016;21:20;15126;AV HIS RAIMUNDO GIRAO;AV RUI BARBOSA;;0;;Colisão Lateral;Mal Iluminada;Bom;Seca;Cruz;Semáforo;Comercial;0;0;2;1;0;0;0;0;0;0;0;0;-38,505405;-3,723546
302214;13;10;2016;21:58;7358;RUA COS ARAUJO LIMA;RUA TARCISIO PEIXOTO;;0;;Colisão Transversal;Via Iluminada;Bom;Seca;T;Pare;Residencial;0;0;2;0;0;0;0;0;0;1;0;0;-38,587451;-3,751437
302216;14;10;2016;07:58;0;RUA LUCIOLA;;;72;;Colisão Traseira;Luz do Dia;Bom;Seca;Meio de Quadra;Não Há Controle;Residencial;0;0;2;1;0;0;0;0;0;0;0;0;;
302220;14;10;2016;12:10;1463;RUA ILDEFONSO ALBANO;RUA ROCHA LIMA;;0;;Colisão Transversal;Luz do Dia;Bom;Seca;Cruz;Pare;Comercial;0;0;2;1;0;0;0;0;0;0;0;0;-38,515157;-3,738687
302221;14;10;2016;13:22;7772;AV BAR STUDART;RUA TOMAS ACIOLI;;;;Colisão Lateral;Luz do Dia;Bom;Seca;Não Informado;Semáforo;Comercial;0;1;1;1;0;0;0;0;0;1;0;0;-38,509868;-3,744844
302222;14;10;2016;13:37;12849;RUA ASSUNCAO;RUA SALDANHA MARINHO;;0;;Colisão Transversal;Luz do Dia;Bom;Seca;Cruz;Pare;Residencial;0;0;3;1;0;0;0;0;0;0;0;0;-38,531231;-3,742314
302223;14;10;2016;14:36;0;AV ALM BARROSO;;;907;;Colisão Lateral;Luz do Dia;Bom;Seca;Meio de Quadra;Pare;Comercial;0;1;1;1;0;0;0;0;0;1;0;0;-38,514873;-3,720154
302224;14;10;2016;14:48;0;AV AGUANAMBI;;;0;POSTO SOBRAL E PALÁCIO;Colisão Lateral;Luz do Dia;Bom;Não informada;Meio de Quadra;Semáforo;Comercial;0;0;4;1;0;0;0;0;0;0;0;0;;
302225;14;10;2016;16:24;0;AV ALM HENRIQUE SABOIA;;;3955;;Colisão Lateral;Luz do Dia;Bom;Seca;Meio de Quadra;Não Há Controle;Comercial;0;0;2;1;1;0;0;0;0;0;0;0;-38,489498;-3,743563
302226;14;10;2016;17:09;19313;RUA GERMANO FRANCK;RUA CON LIMA SUCUPIRA;;;;Colisão Lateral;Luz do Dia;Bom;Seca;Meio de Quadra;Semáforo;Comercial;0;0;1;1;1;0;0;0;0;0;0;0;-38,559584;-3,775196
302227;14;10;2016;16:15;1349;AV SANTOS DUMONT;RUA VIS MAUA;;0;;Engavetamento;Luz do Dia;Bom;Seca;Cruz;Semáforo;Comercial;0;0;3;1;0;0;0;0;0;0;0;0;-38,499371;-3,735909
302218;14;10;2016;07:40;1230;RUA COSTA BARROS;RUA BAR ARACATI;;0;;Colisão Traseira;Luz do Dia;Bom;Seca;Cruz;Pare;Comercial;0;0;2;1;1;0;0;0;0;0;0;0;-38,511153;-3,730488
292439;14;10;2016;13:45;0;AV H CJ CEARA;;;1590;;Colisão Lateral;Luz do Dia;;;Meio de Quadra;;;1;1;1;1;0;0;0;0;0;1;0;0;-38,61234;-3,776061
292116;14;10;2016;00:30;1561;AV SEN VIRGILIO TAVORA;AV PDE ANTONIO TOMAS;;;;Colisão Lateral;;;;Outros;Semáforo Intermitente;Comercial;0;0;2;1;0;0;0;0;0;0;0;0;-38,494749;-3,74176
292131;14;10;2016;19:20;0;RUA ISRAEL BEZERRA;;;;;Colisão Lateral;;;;Meio de Quadra;;;0;0;2;1;0;0;1;0;0;0;0;0;;
292104;14;10;2016;17:00;0;AV VICENTE DE CASTRO;;;4521;;Colisão Lateral;Anoitecer;;;Meio de Quadra;;;0;0;2;1;1;0;0;0;0;0;0;0;;
292098;14;10;2016;10:10;9136;RUA BONFIM SOBRINHO;RUA MON OTAVIO CASTRO;;;;Choque c/ Obstáculo Fixo;Luz do Dia;;;T;Semáforo;Comercial;0;0;1;1;0;0;0;0;0;0;0;0;-38,526287;-3,751367
297715;14;10;2016;00:14;0;AV AREIA BRANCA;;;147;;Colisão;;;;Meio de Quadra;;;0;2;0;0;0;0;0;0;0;0;0;0;;
297723;14;10;2016;06:40;0;RD BR 116;;;9371;;Queda;Luz do Dia;;;Meio de Quadra;;;0;1;0;0;0;0;0;0;0;1;0;0;;
297719;14;10;2016;01:26;0;AV JOSE BASTOS;;;1585;;Colisão;;;;Meio de Quadra;;;0;2;0;0;0;0;0;0;0;0;0;0;;
297726;14;10;2016;07:02;17920;RUA EVANDRO LUZ;RUA SEN ALVARO ADOLFO;;223;;Colisão Transversal;Luz do Dia;Bom;Seca;Cruz;Pare;Residencial;0;1;2;1;0;0;0;0;0;1;0;0;-38,577262;-3,733058
297727;14;10;2016;07:09;0;AV FRANCISCO SA;;;2815;;Colisão;Luz do Dia;;;Meio de Quadra;;;0;2;0;1;0;0;0;0;0;1;0;0;-38,550579;-3,719654
297728;14;10;2016;07:12;0;RD BR 116;;;;;Colisão;Luz do Dia;;;Meio de Quadra;;;0;2;0;1;0;0;0;0;0;1;0;0;;
297729;14;10;2016;07:17;0;RD BR 116;;;10040;;Colisão;Luz do Dia;;;Meio de Quadra;;;0;2;0;1;0;0;0;0;0;1;0;0;-38,502862;-3,835421
297817;14;10;2016;17:01;0;AV SIQUEIRA CAMPOS;;;2136;;Queda;Anoitecer;;;Meio de Quadra;;;0;1;0;0;0;0;0;0;0;1;0;0;;
297819;14;10;2016;17:15;0;AV DEP PAULINO ROCHA;;;;;Colisão;Anoitecer;;;Meio de Quadra;;;0;2;0;1;0;0;0;0;0;1;0;0;;
297820;14;10;2016;17:22;0;AV EDUARDO BRIGIDO MONTEIRO;;;3000;;Colisão;Anoitecer;;;Meio de Quadra;;;0;2;0;1;0;0;0;0;0;1;0;0;;
297829;14;10;2016;19:42;17361;RUA BAR CANINDE;RUA BAR SOBRAL;;;;Colisão;;;;Cruz;Pare;Misto;0;2;0;1;0;0;0;0;0;1;0;0;-38,555751;-3,766148