COD_ACIDENTE;DIA;MES;ANO;HORA;INTERSECAO;LOG1;LOG2;LOG3;NUMERO;REFERENCIA;NATUREZA;ILUMINACAO;TEMPO;SUPERFICIEPISTA;TIPOCRUZAMENTO;CONTROLETRAFEGO;USOSOLO;MORTOS;FERIDOS;ILESOS;AUTOMOVEL;ONIBUS;BICICLETA;CAMINHAO;MICROONIBUS;CICLOMOTOR;MOTOCICLETA;TRACAOANIMAL;TREM;LONG;LAT
297831;14;10;2016;20:00;9576;RUA JOSE TORRES;RUA TEODORO DE CASTRO;;;;Atropelamento;;;;Duplo T;Pare;Residencial;0;2;0;0;0;0;0;0;0;1;0;0;-38,607054;-3,779192
297832;14;10;2016;20:14;0;RUA PRO GOMES BRASIL;;;;;Colisão;;;;Meio de Quadra;;;0;2;0;1;0;0;0;0;0;1;0;0;;
297833;14;10;2016;20:26;22937;RUA GOV JOAO CARLOS;AV DR SILAS MUNGUBA;;;;Colisão Traseira;Luz do Dia;Bom;Seca;T;Semáforo;Comercial;0;0;4;1;0;0;0;0;0;0;0;0;-38,55391;-3,78395
297839;14;10;2016;21:02;25063;AV DOS EXPEDICIONARIOS;RUA ARMANDO MONTEIRO;;;;Colisão;;;;Cruz;Pare;Residencial;0;0;2;0;0;0;0;0;0;0;0;0;-38,540372;-3,76223
297848;14;10;2016;22:20;10051;RUA VITAL BRASIL;RUA TAUBATE;;;;Colisão;;;;Cruz;Pare;Comercial;0;2;0;1;0;0;0;0;0;1;0;0;-38,597995;-3,778012
297849;14;10;2016;23:14;0;AV PERIMETRAL;;;;;Colisão;;;;Meio de Quadra;;;0;2;0;1;0;0;0;0;0;1;0;0;;
297846;14;10;2016;21:55;0;AV DOS EXPEDICIONARIOS;;;11153;;Colisão;;;;Meio de Quadra;;;0;2;0;0;0;0;0;0;0;1;0;0;;
297842;14;10;2016;21:40;10051;RUA VITAL BRASIL;RUA TAUBATE;;;;Colisão;;;;Cruz;Pare;Comercial;0;2;0;1;0;0;0;0;0;1;0;0;-38,597995;-3,778012
297824;14;10;2016;18:21;6059;AV C CJ CEARA;RUA MIN ALBUQUERQUE LIMA;;;;Atropelamento;Anoitecer;;;Com Via Férrea;Não Há Controle;Comercial;0;2;0;0;0;0;0;0;0;1;0;0;;
297825;14;10;2016;18:59;0;AV GAL OSORIO DE PAIVA;;;;;Atropelamento;;;;Meio de Quadra;;;0;2;0;0;0;0;1;0;0;0;0;0;;
297776;14;10;2016;12:26;0;RUA PRC ISABEL;;;900;;Choque c/ Obstáculo Fixo;Luz do Dia;Bom;Seca;Meio de Quadra;Não Há Controle;Comercial;0;0;2;1;0;0;0;0;0;0;0;0;;
297777;14;10;2016;14:01;17410;RUA ALM RUBIM;RUA PRO TEODORICO;;;;Colisão;Luz do Dia;;;Cruz;Pare;Residencial;0;2;0;1;0;0;0;0;0;1;0;0;-38,555605;-3,767984
297769;14;10;2016;09:19;0;AV AUGUSTO DOS ANJOS;;;2038;;Colisão;Luz do Dia;;;Meio de Quadra;;;0;2;0;1;0;0;0;0;0;1;0;0;-38,581949;-3,783375
297782;14;10;2016;14:33;0;AV JOAO PESSOA;;;6994;;Colisão;Luz do Dia;;;Meio de Quadra;;;0;2;0;1;0;0;0;0;0;1;0;0;;
297789;14;10;2016;14:54;0;AV CONTORNO SUL;;;250;;Colisão;Luz do Dia;;;Meio de Quadra;;;0;2;0;1;0;0;0;0;0;1;0;0;;
297790;14;10;2016;15:16;0;AV WASHINGTON SOARES;;;;;Colisão;Luz do Dia;;;Meio de Quadra;;;0;2;0;1;0;0;0;0;0;1;0;0;;
297791;14;10;2016;15:51;0;RUA DEP MATOSO FILHO;;;550;;Colisão;Luz do Dia;;;Meio de Quadra;;;0;2;0;1;0;0;0;0;0;1;0;0;-38,589323;-3,731949
297792;14;10;2016;16:01;0;RUA LEANDRO HENRIQUE;;;1094;;Colisão;Luz do Dia;;;Meio de Quadra;;;0;2;0;1;0;0;0;0;0;1;0;0;;
297793;14;10;2016;16:10;0;AV PRS CASTELO BRANCO;;;4334;;Colisão Lateral;Anoitecer;Bom;Seca;Outros;Não Há Controle;Comercial;0;0;4;1;0;0;0;0;0;1;0;0;-38,57106;-3,707434
297794;14;10;2016;21:01;0;RUA PDE PEDRO DE ALENCAR;;;2101;;Colisão;;;;Meio de Quadra;;;0;2;0;0;0;0;0;0;0;0;0;0;-38,494736;-3,847782
297801;14;10;2016;16:39;0;RUA LEANDRO HENRIQUE;;;130;;Colisão;Luz do Dia;;;Meio de Quadra;;;0;2;0;1;0;0;0;0;0;1;0;0;;
297785;14;10;2016;14:54;0;AV RUI BARBOSA;;;3260;;Queda;Luz do Dia;;;Meio de Quadra;;;0;1;0;0;0;1;0;0;0;0;0;0;-38,514095;-3,75111
297762;14;10;2016;07:41;0;AV FRANCISCO SA;;;2818;;Colisão;Luz do Dia;;;Meio de Quadra;;;0;2;0;1;0;0;0;0;0;1;0;0;-38,550832;-3,719571
297771;14;10;2016;09:51;0;AV ISABEL BEZERRA;;;2006;;Colisão;Luz do Dia;;;Meio de Quadra;;;0;2;0;1;0;0;0;0;0;1;0;0;;
297772;14;10;2016;10:02;0;RUA ERETIDES MARTINS;;;1236;;Colisão Lateral;Luz do Dia;Bom;Seca;Meio de Quadra;Não Há Controle;Residencial;0;0;3;1;0;0;0;0;0;0;0;0;-38,559067;-3,73014
297773;14;10;2016;10:45;1269;RUA ANTONIO AUGUSTO;RUA PINTO MADEIRA;;2501;;Colisão Transversal;Luz do Dia;Bom;Seca;Meio de Quadra;Não Há Controle;Comercial;0;1;3;1;0;0;0;0;0;0;0;0;-38,51439;-3,733285
297774;14;10;2016;10:48;0;RUA VINTE E QUATRO DE MAIO;;;1221;;Colisão;Luz do Dia;;;Meio de Quadra;;;0;2;0;1;0;0;0;0;0;1;0;0;-38,533739;-3,732279
297766;14;10;2016;08:31;0;AV DUQ CAXIAS;;;137;;Atropelamento;Luz do Dia;Bom;Seca;Meio de Quadra;Pare;Comercial;0;2;0;0;0;0;0;0;0;1;0;0;-38,525796;-3,733104
297767;14;10;2016;08:50;0;AV PRS COSTA E SILVA;;;;;Atropelamento;Luz do Dia;;;Meio de Quadra;;;0;2;0;0;0;0;0;0;0;1;0;0;;
297764;14;10;2016;07:57;1469;RUA DES LEITE ALBUQUERQUE;AV SEN VIRGILIO TAVORA;;;;Colisão;Luz do Dia;;;Cruz;Semáforo;Comercial;0;2;0;1;0;0;0;0;0;1;0;0;-38,493796;-3,73881
297732;14;10;2016;07:33;0;RUA XAVIER DA SILVEIRA;;;;;Colisão;Luz do Dia;;;Meio de Quadra;;;0;2;0;1;0;0;0;0;0;1;0;0;;
292160;14;10;2016;16:00;0;RUA BERNARDO MANUEL;;;;;Tombamento;Luz do Dia;;;Meio de Quadra;;;0;0;1;0;0;0;1;0;0;0;0;0;;
292166;14;10;2016;;0;AV PRS JUSCELINO KUBITSCHEK (PASSARÉ);;;546;;Colisão;;;;Meio de Quadra;;;0;1;1;0;1;0;0;0;0;0;0;0;;
292186;14;10;2016;17:00;0;AV PENETRACAO OESTE I;;;1055;;Colisão Frontal;Anoitecer;;;Meio de Quadra;;;0;0;2;1;0;0;1;0;0;0;0;0;;
292189;14;10;2016;17:00;7003;AV A CJ ESPERANCA;AV CONTORNO LESTE D71;;;;Colisão Lateral;Anoitecer;;;;;;0;1;1;0;0;0;0;0;0;1;0;0;-38,587283;-3,819385
292200;14;10;2016;07:20;3778;AV DA UNIVERSIDADE;RUA ANTONIO POMPEU;;;;Colisão Lateral;Luz do Dia;;;Cruz;Semáforo;Comercial;0;0;2;1;1;0;0;0;0;0;0;0;-38,532908;-3,734083
292204;14;10;2016;16:10;17373;AV PRO GOMES DE MATOS;RUA CEL ALEXANDRINO;;;;Colisão Lateral;Luz do Dia;;;Cruz;Pare;Comercial;0;0;2;1;1;0;0;0;0;0;0;0;-38,550403;-3,766732
292206;14;10;2016;10:35;17347;RUA IRM BAZET;RUA ALBERTO MAGNO;;;;Colisão Lateral;Luz do Dia;;;Cruz;Pare;Comercial;0;0;2;1;0;0;0;0;0;0;0;0;-38,550525;-3,765502
292220;14;10;2016;13:15;15152;AV ABOLICAO;AV BAR STUDART;;;;Colisão Traseira;Luz do Dia;;;;;;0;0;2;1;0;0;0;0;0;1;0;0;-38,503445;-3,724762
298997;14;10;2016;08:00;0;RD CE-040;;;;KM-09;Colisão;Luz do Dia;Bom;Seca;Meio de Quadra;;;0;0;2;1;0;0;0;0;0;0;0;0;-38,481538;-3,825516
298992;14;10;2016;07:30;0;RD CE-040;;;;KM-01;Colisão;Luz do Dia;Bom;Seca;Meio de Quadra;;;0;0;2;1;0;0;0;0;0;0;0;0;-38,48666;-3,758119
294198;14;10;2016;05:30;0;RUA SENA MADUREIRA;;;1000;;Colisão;Amanhecer;;;Meio de Quadra;;;0;1;1;0;0;0;0;0;0;1;0;0;-38,525637;-3,729863
294202;14;10;2016;20:00;5300;RUA BAR RIO BRANCO;RUA PEDRO PEREIRA;;;;Colisão Lateral;Luz do Dia;Bom;Seca;Cruz;Semáforo;Comercial;0;1;3;1;0;0;0;0;0;1;0;0;-38,529219;-3,729457
294200;14;10;2016;09:00;5724;RUA MON ANTERO;RUA VIRGILIO PAES;;;;Colisão Transversal;Luz do Dia;Bom;Seca;Cruz;Pare;Residencial;0;0;4;1;0;0;0;0;0;0;0;0;-38,493288;-3,796663
294206;14;10;2016;17:00;5729;AV OLIVEIRA PAIVA;RUA TEOFREDO GOIANA;;535;;Colisão Traseira;Luz do Dia;Bom;Seca;Cruz;Pare;Residencial;0;1;5;1;0;0;0;0;0;1;0;0;-38,501221;-3,797744
294210;14;10;2016;08:50;0;AV VIS RIO BRANCO;;;2115;;Colisão Traseira;Luz do Dia;Bom;Seca;Meio de Quadra;Não Há Controle;Escola;0;0;4;1;0;0;0;0;0;0;0;0;-38,523361;-3,73966
296348;14;10;2016;06:30;0;RD BR 116;;;8000;KM-08;Queda;Luz do Dia;;;Meio de Quadra;;;0;1;0;0;0;0;0;0;0;1;0;0;-38,503269;-3,822018
296349;14;10;2016;07:10;0;RD BR 222;;;;KM-02;Colisão Lateral;Luz do Dia;;;Meio de Quadra;;;0;1;1;1;0;0;0;0;0;1;0;0;-38,58704;-3,739009
296350;14;10;2016;06:50;0;RD BR 116;;;8000;KM-08;Colisão Lateral;Luz do Dia;;;Meio de Quadra;;;0;0;2;1;0;0;1;0;0;0;0;0;-38,503269;-3,822018
296376;14;10;2016;07:30;0;RD BR 116;;;10000;KM-10;Colisão Traseira;Luz do Dia;;;Meio de Quadra;;;0;1;2;1;0;0;0;0;0;1;0;0;-38,503373;-3,834435
296383;14;10;2016;16:00;0;RD BR 116;;;3000;KM-03;Colisão Lateral;Luz do Dia;;;Meio de Quadra;;;0;0;4;1;1;0;1;0;0;0;0;0;-38,514372;-3,779838
297108;14;10;2016;07:15;0;RD CE-040;;;;KM-09;Colisão;Luz do Dia;Bom;Seca;Meio de Quadra;;;0;0;3;0;1;0;1;0;0;0;0;0;-38,481538;-3,825516
297109;14;10;2016;11:30;0;RD CE-025;;;;KM-07;Colisão;Luz do Dia;Bom;Seca;Meio de Quadra;;;0;0;2;1;0;0;1;0;0;0;0;0;-38,422916;-3,817237
297111;14;10;2016;18:00;0;RD CE-040;;;;KM-06;Colisão;Anoitecer;Bom;Seca;Meio de Quadra;;;0;1;1;0;0;0;0;0;0;1;0;0;-38,479535;-3,800596
297112;15;10;2016;09:01;0;RD CE-040;;;;KM-10;Colisão;Luz do Dia;Bom;Seca;Meio de Quadra;;;0;0;2;0;0;0;0;0;0;0;0;0;-38,482466;-3,834451
297114;15;10;2016;08:30;0;RD CE-025;;;;KM-01;Colisão;Luz do Dia;Bom;Seca;Meio de Quadra;;;0;1;1;1;0;0;0;0;0;1;0;0;-38,470049;-3,807811
297116;15;10;2016;12:30;0;RD CE-040;;;;KM-07;Colisão;Luz do Dia;Bom;Seca;Meio de Quadra;;;0;0;3;1;0;0;0;0;0;0;0;0;-38,478733;-3,809597
296389;15;10;2016;09:30;0;RD BR 116;;;6000;KM-06;Colisão Transversal;Luz do Dia;;;Meio de Quadra;;;0;1;1;1;0;0;0;0;0;1;0;0;-38,503053;-3,804691
296397;15;10;2016;12:00;0;RD BR 116;;;1000;KM-01;Colisão Lateral;Luz do Dia;;;Meio de Quadra;;;0;2;1;1;0;0;0;0;0;1;0;0;-38,518702;-3,762554
294212;15;10;2016;13:15;0;AV ALBERTO CRAVEIRO;;;2222;;Colisão Lateral;Luz do Dia;Bom;Seca;Meio de Quadra;Não Há Controle;Comercial;0;0;3;1;0;0;0;0;0;1;0;0;-38,518779;-3,798682
294213;15;10;2016;23:00;0;AV SEN FERNANDES TAVORA;;;;;Colisão;;;;Meio de Quadra;;;0;1;1;1;1;0;0;0;0;0;0;0;;
294230;15;10;2016;17:25;19224;AV SANTOS DUMONT;RUA FRANCISCO MATOS;;;;Choque c/ Obstáculo Fixo;Anoitecer;;;Cruz;Semáforo;Comercial;0;1;0;1;0;0;0;0;0;0;0;0;-38,469675;-3,745497
292024;15;10;2016;13:00;19820;AV JOVITA FEITOSA;RUA GAL PIRAGIBE;;;;Colisão Lateral;Luz do Dia;Bom;Seca;Cruz;Semáforo;Comercial;0;1;1;1;0;0;0;0;0;1;0;0;-38,557484;-3,740049
292013;15;10;2016;08:40;0;AV CARNEIRO DE MENDONCA;;;1201;;Capotamento;Luz do Dia;Bom;Seca;Meio de Quadra;Semáforo;Comercial;0;0;2;1;0;0;0;0;0;1;0;0;-38,569712;-3,762535
291998;15;10;2016;15:30;0;AV GODOFREDO MACIEL;;;3100;;Colisão Traseira;Luz do Dia;Bom;Seca;Meio de Quadra;Semáforo;Comercial;0;0;2;1;0;0;0;0;0;0;0;0;-38,571899;-3,802813
292009;15;10;2016;04:30;0;RUA SAO PAULO;;;349;;Colisão Lateral;Luz do Dia;Bom;Seca;Meio de Quadra;Semáforo Intermitente;Comercial;0;0;2;1;0;0;1;0;0;0;0;0;-38,528988;-3,725552
291994;15;10;2016;10:28;0;AV BEZERRA DE MENEZES;;;1028;;Colisão Traseira;Luz do Dia;Bom;Seca;Meio de Quadra;Não Há Controle;Comercial;0;0;2;0;1;0;0;1;0;0;0;0;-38,553951;-3,733492
291982;15;10;2016;21:30;3814;RUA PAULINO NOGUEIRA;RUA WALDERY UCHOA;;;;Colisão Transversal;Anoitecer;Bom;Seca;Cruz;Pare;Residencial;0;0;2;1;0;0;0;0;0;0;0;0;-38,538372;-3,743449
291983;15;10;2016;04:10;1582;AV SEN VIRGILIO TAVORA;RUA CAROLINA SUCUPIRA;;;;Choque c/ Obstáculo Fixo;Via Iluminada;Bom;Seca;T;Pare;Comercial;0;0;1;1;0;0;0;0;0;0;0;0;-38,495066;-3,742765
291984;15;10;2016;04:15;13583;AV RUI BARBOSA;RUA ANTONIO FURTADO;;;;Colisão Transversal;Via Iluminada;Bom;Seca;Cruz;Pare;Residencial;0;0;2;1;0;0;0;0;0;0;0;0;-38,513983;-3,751731
291988;15;10;2016;20:30;10021;RUA BRAGANCA;RUA SOUSA CARVALHO;;;;Colisão Lateral;Via Iluminada;Bom;Seca;Cruz;Pare;Residencial;0;1;1;1;0;0;0;0;0;1;0;0;-38,596732;-3,781357
291989;15;10;2016;14:00;0;AV SGT HERMINIO SAMPAIO;;;1320;;Colisão Lateral;Luz do Dia;Bom;Seca;Meio de Quadra;Não Há Controle;Outros;0;1;1;1;0;0;0;0;0;1;0;0;-38,55241;-3,724884
291990;15;10;2016;08:30;23451;RUA PAULO FIRMEZA;RUA SABINO MONTE;;;;Colisão;Luz do Dia;Bom;Seca;Cruz;Pare;Residencial;0;1;1;1;0;0;0;0;0;1;0;0;-38,51185;-3,757031
291991;15;10;2016;06:40;0;AV 13 DE MAIO;;;2102;;Choque c/ Obstáculo Fixo;Luz do Dia;Bom;Seca;Meio de Quadra;Semáforo;Escola;0;0;1;1;0;0;0;0;0;0;0;0;-38,535675;-3,743906
291992;15;10;2016;10:10;25458;AV AUGUSTO DOS ANJOS;RUA DOM HENRIQUE;;;;Colisão Lateral;Luz do Dia;Bom;Seca;T;Não Há Controle;Residencial;0;1;1;0;0;0;0;0;0;1;0;0;-38,583695;-3,785447
300435;15;10;2016;07:50;0;AV GODOFREDO MACIEL;;;3512;;Colisão;Luz do Dia;;;Meio de Quadra;;;0;2;0;1;0;0;0;0;0;1;0;0;-38,572804;-3,805722
297970;15;10;2016;19:55;0;RUA CEL OLEGARIO MEMORIA;;;3205;;Colisão;;;;Meio de Quadra;;;0;2;0;0;0;0;0;0;0;0;0;0;-38,469308;-3,791021
297971;15;10;2016;19:59;0;RUA STA FILOMENA;;;1972;;Colisão;;;;Meio de Quadra;;;0;2;0;1;0;0;0;0;0;1;0;0;;
297972;15;10;2016;20:32;0;AV MOZART PINHEIRO DE LUCENA;;;2498;;Queda;;;;Meio de Quadra;;;0;1;0;0;0;0;0;0;0;1;0;0;-38,597869;-3,725868
297973;15;10;2016;20:52;17378;RUA ALBERTO MAGNO;RUA ROMEU MARTINS;;;;Colisão;;;;Cruz;;Comercial;0;2;0;1;0;0;0;0;0;1;0;0;-38,551758;-3,766914
297974;15;10;2016;15:10;1493;AV PDE ANTONIO TOMAS;RUA OSVALDO CRUZ (ALDEOTA);;;;Colisão;Luz do Dia;;;Cruz;Semáforo;Comercial;0;2;0;1;0;0;0;0;0;1;0;0;-38,501588;-3,739538
297975;15;10;2016;22:02;0;RUA FRANCISCO JOSE A PEREIRA;;;1015;;Colisão;;;;Meio de Quadra;;;0;2;0;1;0;0;0;0;0;1;0;0;;
297976;15;10;2016;22:32;0;RUA MANUEL GALDINO;;;1960;;Queda;;;;Meio de Quadra;;;0;1;0;0;0;0;0;0;0;1;0;0;;
297977;15;10;2016;23:11;0;AV GODOFREDO MACIEL;;;2841;;Colisão;;;;Meio de Quadra;;;0;2;0;0;0;0;0;0;0;0;0;0;-38,571102;-3,800271
297978;15;10;2016;23:33;0;AV GAL OSORIO DE PAIVA;;;4633;;Colisão Transversal;Anoitecer;Bom;Seca;Meio de Quadra;Semáforo;Comercial;0;0;4;1;0;0;0;0;0;1;0;0;-38,596936;-3,799435
297965;15;10;2016;19:05;0;AV DR SILAS MUNGUBA;;;3363;;Colisão;;;;Meio de Quadra;;;0;2;0;1;0;0;0;0;0;1;0;0;-38,543783;-3,789192
297966;15;10;2016;19:16;0;RUA ISMAEL PORDEUS;;;681;;Colisão;;;;Meio de Quadra;;;0;1;0;0;0;0;0;0;0;0;0;0;;
297967;15;10;2016;19:35;0;RUA J LT PARAISO VERDE;;;274;;Queda;;;;Meio de Quadra;;;0;1;0;0;0;1;0;0;0;0;0;0;;
297968;15;10;2016;19:42;0;RUA OSCAR ARARIPE;;;1293;;Queda;;;;Meio de Quadra;;;0;1;0;0;0;0;0;0;0;1;0;0;-38,602627;-3,790138
297963;15;10;2016;19:03;0;AV PRS CASTELO BRANCO;;;;;Queda;;;;Meio de Quadra;;;0;1;0;0;0;0;0;0;0;1;0;0;;
297957;15;10;2016;17:44;0;AV MIGUEL DIAS;;;1404;;Colisão;Anoitecer;;;Meio de Quadra;;;0;2;0;1;0;0;0;0;0;1;0;0;;
297959;15;10;2016;17:49;0;AV DEP PAULINO ROCHA;;;1851;;Colisão;Anoitecer;;;Meio de Quadra;;;0;2;0;1;0;0;0;0;0;1;0;0;-38,51375;-3,811527
297960;15;10;2016;17:52;0;RUA RAIMUNDO GOMES;;;259;;Colisão;Anoitecer;;;Meio de Quadra;;;0;1;1;1;0;0;0;0;0;1;0;0;-38,590617;-3,714184
297961;15;10;2016;18:56;2551;AV FRANCISCO SA;RUA ALBERTO DE OLIVEIRA;;;;Colisão;;;;Cruz;Pare;Comercial;0;2;0;0;0;0;0;0;0;0;0;0;-38,576582;-3,710829
297953;15;10;2016;17:23;0;RUA CEARA;;;1259;;Colisão;Anoitecer;;;Meio de Quadra;;;0;0;1;0;0;0;0;0;0;0;0;0;;
297954;15;10;2016;17:39;0;AV PRS COSTA E SILVA;;;3225;;Atropelamento;Anoitecer;;;Meio de Quadra;;;0;2;0;0;0;0;0;0;0;0;0;0;;
297948;15;10;2016;16:57;0;AV SANTOS DUMONT;;;;;Capotamento;Luz do Dia;;;Meio de Quadra;;;0;4;0;1;0;0;0;0;0;0;0;0;;
297949;15;10;2016;15:10;0;RUA GOIANESA;;;139;;Colisão;Luz do Dia;;;Meio de Quadra;;;0;2;0;1;0;0;0;0;0;1;0;0;;
297935;15;10;2016;11:39;0;AV ENG ALBERTO SA;;;220;;Colisão;Luz do Dia;;;Meio de Quadra;;;0;2;0;1;0;0;0;0;0;1;0;0;-38,47861;-3,733758
297937;15;10;2016;11:58;4251;AV FRANCISCO SA;RUA MARIO STUDART;;;;Colisão;Luz do Dia;;;T;Pare;Comercial;0;1;0;0;0;0;1;0;0;1;0;0;-38,550501;-3,71968
297939;15;10;2016;12:03;0;RD BR 116;;;;;Colisão;Luz do Dia;;;Meio de Quadra;;;0;2;0;1;0;0;0;0;0;1;0;0;;
297940;15;10;2016;12:46;0;RUA VALPARAISO;;;500;;Colisão;Luz do Dia;;;Meio de Quadra;;;0;1;0;1;0;0;0;0;0;1;0;0;-38,525575;-3,844378
297941;15;10;2016;12:45;0;RUA VALPARAISO;;;500;;Colisão;Luz do Dia;;;Meio de Quadra;;;0;2;0;1;0;0;0;0;0;1;0;0;-38,525575;-3,844378
297942;15;10;2016;13:19;0;RUA GAL PIRAGIBE;;;2230;;Colisão;Luz do Dia;;;Meio de Quadra;;;0;2;0;1;0;0;0;0;0;1;0;0;;
297943;15;10;2016;13:44;0;AV ZEZE DIOGO;;;438;;Colisão;Luz do Dia;;;Meio de Quadra;;;0;2;0;1;0;0;0;0;0;1;0;0;;
297944;15;10;2016;14:30;5123;RUA CASTRO E SILVA;RUA MAJ FACUNDO;;;;Atropelamento;Luz do Dia;;;Cruz;Semáforo;Comercial;0;2;0;0;0;0;0;0;0;1;0;0;-38,526703;-3,724082
297945;15;10;2016;14:43;0;RD BR 116;;;;;Colisão;Luz do Dia;;;Meio de Quadra;;;0;2;0;1;0;0;0;0;0;1;0;0;;
297946;15;10;2016;16:00;0;RUA PEDRO MELO;;;834;;Colisão;Luz do Dia;;;Meio de Quadra;;;0;2;0;0;0;0;0;0;0;1;0;0;;
297852;15;10;2016;00:36;0;AV FRANCISCO SA;;;5928;;Colisão;;;;Meio de Quadra;;;0;2;0;1;0;0;0;0;0;1;0;0;-38,57776;-3,710423
297853;15;10;2016;00:50;2523;AV FRANCISCO SA;RUA TULIPA;;;;Queda;;;;T;Pare;Comercial;0;2;0;0;0;0;0;0;0;1;0;0;-38,577954;-3,710359
297858;15;10;2016;04:03;1582;AV SEN VIRGILIO TAVORA;RUA CAROLINA SUCUPIRA;;;;Colisão;;;;T;Pare;Comercial;0;2;0;0;0;0;0;0;0;0;0;0;-38,495066;-3,742765
297886;15;10;2016;10:04;0;RUA ROMEU MARTINS;;;481;;Colisão;Luz do Dia;;;Meio de Quadra;;;0;2;0;1;0;0;0;0;0;1;0;0;-38,554233;-3,765197
297887;15;10;2016;10:15;0;AV AUGUSTO DOS ANJOS;;;2209;VILA FORRO;Colisão;Luz do Dia;;;Meio de Quadra;;;0;2;0;1;0;0;0;0;0;1;0;0;-38,583449;-3,785144
297889;15;10;2016;10:49;0;RUA LUIS VIEIRA;;;154;;Colisão;Luz do Dia;;;Meio de Quadra;;;0;2;0;1;0;0;0;0;0;1;0;0;-38,586205;-3,796981
297890;15;10;2016;10:50;0;AV ALBERTO CRAVEIRO;;;1795;;Colisão;Luz do Dia;;;Meio de Quadra;;;0;2;0;1;0;0;0;0;0;1;0;0;-38,518061;-3,795318
297894;15;10;2016;10:51;0;AV PERIMETRAL;;;3398;;Queda;Luz do Dia;;;Meio de Quadra;;;0;1;0;0;0;0;0;0;0;1;0;0;;
297897;15;10;2016;11:06;0;RUA JACINTO MATOS;;;900;;Colisão;Luz do Dia;;;Meio de Quadra;;;0;2;0;1;0;0;0;0;0;1;0;0;;
297898;15;10;2016;11:07;14800;RUA MANUEL DA NOBREGA;RUA CREUSA ROQUE;;;;Colisão Transversal;Luz do Dia;Bom;Seca;Cruz;Pare;Residencial;0;0;4;0;0;0;0;0;0;1;0;0;-38,584077;-3,800629
297871;15;10;2016;07:39;0;RUA SEN POMPEU;;;2764;;Queda;Luz do Dia;;;Meio de Quadra;;;0;1;0;0;0;0;0;0;0;1;0;0;-38,534439;-3,742821
297872;15;10;2016;08:06;0;AV GAL OSORIO DE PAIVA;;;6106;;Colisão;Luz do Dia;;;Meio de Quadra;;;0;2;0;1;0;0;0;0;0;1;0;0;-38,606787;-3,809632
297880;15;10;2016;08:48;0;AV DES GONZAGA;;;675;;Colisão;Luz do Dia;;;Meio de Quadra;;;0;2;0;1;0;0;0;0;0;1;0;0;-38,502245;-3,792096
297881;15;10;2016;09:19;1527;RUA OSVALDO CRUZ (ALDEOTA);RUA CAROLINA SUCUPIRA;;;;Colisão;Luz do Dia;;;Cruz;Pare;Residencial;0;2;0;1;0;0;0;0;0;1;0;0;-38,501914;-3,740552
297875;15;10;2016;08:09;10793;RUA PORTO ALEGRE;RUA PRO HERIBALDO COSTA;;;;Colisão Transversal;Luz do Dia;Bom;Seca;Cruz;Pare;Comercial;0;1;4;1;0;0;0;0;0;1;0;0;-38,585433;-3,762997
297876;15;10;2016;08:14;0;AV GOV RAUL BARBOSA;;;6871;;Colisão Traseira;Luz do Dia;Bom;Seca;Meio de Quadra;Não Há Controle;Comercial;0;4;2;1;0;0;0;0;0;0;0;0;-38,512778;-3,773893
292028;15;10;2016;08:30;12455;AV SEN FERNANDES TAVORA;RUA RIO GRANDE DO SUL;;;;Colisão Traseira;Luz do Dia;Bom;Seca;T;Semáforo;Comercial;0;0;2;1;0;0;0;0;0;0;0;0;-38,572159;-3,768083
292034;15;10;2016;09:40;1527;RUA OSVALDO CRUZ (ALDEOTA);RUA CAROLINA SUCUPIRA;;;;Colisão Frontal;Amanhecer;Bom;Seca;Cruz;Pare;Residencial;0;0;2;1;0;0;0;0;0;1;0;0;-38,501914;-3,740552
292037;15;10;2016;;1605;AV DES MOREIRA;RUA BENI DE CARVALHO;;;;;Via Iluminada;Bom;Seca;Cruz;Semáforo;Comercial;0;0;2;0;0;0;0;0;0;1;0;0;-38,500877;-3,744098
292032;15;10;2016;18:10;0;RUA RECANTO VERDE;;;1993;;Colisão Frontal;Anoitecer;Bom;Seca;Outros;;Residencial;0;3;1;0;0;0;1;0;0;1;0;0;-38,513988;-3,844507
302219;15;10;2016;10:22;0;AV JOAO PESSOA;;;5126;;Colisão Lateral;Luz do Dia;Bom;Seca;Meio de Quadra;Não Há Controle;Residencial;0;0;5;1;1;0;0;0;0;0;0;0;-38,553064;-3,756435
302250;15;10;2016;13:17;12811;AV DOS EXPEDICIONARIOS;RUA PRE NOVE;;0;;Colisão Transversal;Luz do Dia;Bom;Seca;T;Semáforo;Comercial;0;0;2;1;0;0;0;0;0;0;0;0;-38,538172;-3,755028
302228;15;10;2016;08:25;26083;AV JOSE JATAHY;AV BEZERRA DE MENEZES;;0;;Colisão Transversal;Luz do Dia;Bom;Seca;Cruz;Semáforo;Comercial;0;0;2;0;0;0;0;0;0;0;0;0;;
302229;15;10;2016;11:09;10502;RUA WILSON PEREIRA;RUA PRO JOSE HENRIQUE;;0;;Colisão Lateral;Luz do Dia;Bom;Seca;Cruz;Pare;Residencial;0;0;2;1;0;0;0;0;0;0;0;0;-38,47779;-3,830787
302230;15;10;2016;11:49;0;AV OLIVEIRA PAIVA;;;0;;Colisão Lateral;Luz do Dia;Bom;Seca;Meio de Quadra;Não Há Controle;Comercial;0;0;1;1;0;0;0;0;0;0;0;0;;