COD_ACIDENTE;DIA;MES;ANO;HORA;INTERSECAO;LOG1;LOG2;LOG3;NUMERO;REFERENCIA;NATUREZA;ILUMINACAO;TEMPO;SUPERFICIEPISTA;TIPOCRUZAMENTO;CONTROLETRAFEGO;USOSOLO;MORTOS;FERIDOS;ILESOS;AUTOMOVEL;ONIBUS;BICICLETA;CAMINHAO;MICROONIBUS;CICLOMOTOR;MOTOCICLETA;TRACAOANIMAL;TREM;LONG;LAT
302231;15;10;2016;15:39;0;AV BEZERRA DE MENEZES;;;496;;Colisão Traseira;Luz do Dia;Bom;Seca;Meio de Quadra;Não Há Controle;Comercial;0;0;1;1;0;0;0;0;0;0;0;0;-38,549437;-3,732555
302232;15;10;2016;16:42;21397;RUA JOAOZITO ARRUDA;AV DES GONZAGA;;0;;Colisão Transversal;Luz do Dia;Bom;Seca;Rotatória;Dê Preferência;Comercial;0;1;2;1;1;0;0;0;0;1;0;0;-38,496964;-3,801496
302233;15;10;2016;16:02;22665;AV COS GOMES DE FREITAS (SAPIRANGA/COITE);AV ENG LEAL LIMA VERDE (SAPIRANGA/COITE);;0;;Colisão Transversal;Luz do Dia;Bom;Seca;Rotatória;Dê Preferência;Escola;0;0;2;1;1;0;0;0;0;0;0;0;-38,475739;-3,795341
302217;15;10;2016;08:15;17265;RUA SATIRO DIAS;RUA ALBERTO MAGNO;;0;;Colisão Traseira;Luz do Dia;Bom;Seca;Cruz;Pare;Comercial;0;0;2;1;0;0;0;0;0;0;0;0;-38,547531;-3,762063
297980;16;10;2016;01:58;0;AV 13 DE MAIO;;;1000;;Colisão;;;;Meio de Quadra;;;0;2;0;1;0;1;0;0;0;0;0;0;;
297982;16;10;2016;03:28;0;RD BR 116;;;;;Capotamento;;;;Meio de Quadra;;;0;2;0;1;0;0;0;0;0;0;0;0;;
298053;16;10;2016;20:41;0;RUA ARTUR DE CARVALHO;;;541;;Queda;;;;Meio de Quadra;;;0;1;0;0;0;1;0;0;0;0;0;0;;
298055;16;10;2016;21:07;0;AV PASTEUR;;;1336;;Queda;;;;Meio de Quadra;;;0;1;0;0;0;0;0;0;0;1;0;0;-38,56099;-3,717579
298056;16;10;2016;22:07;0;RUA TRES CORACOES;;;157;;Atropelamento;;;;Meio de Quadra;;;0;2;0;0;0;0;0;0;0;1;0;0;;
298057;16;10;2016;23:28;0;RUA JARDIM FLUMINENSE;;;1728;;Colisão;;;;Meio de Quadra;;;0;2;0;0;0;0;0;0;0;0;0;0;-38,603942;-3,809094
298060;16;10;2016;20:30;0;RUA C (MONDUBIM);;;380;;Colisão;;;;Meio de Quadra;;;0;2;0;1;0;0;0;0;0;1;0;0;;
298045;16;10;2016;19:05;0;AV MR HULL;;;;;Colisão;;;;Meio de Quadra;;;0;2;0;0;0;0;0;0;0;0;0;0;;
298047;16;10;2016;19:17;0;RUA RIO TOCANTINS;;;1040;;Colisão;;;;Meio de Quadra;;;0;2;0;0;0;0;0;0;0;0;0;0;-38,581316;-3,724657
298029;16;10;2016;15:45;0;AV CAP GUTEMBERG BAUN;;;230;;Queda;Luz do Dia;;;Meio de Quadra;;;0;1;0;0;0;0;0;0;0;1;0;0;-38,523885;-3,839527
298030;16;10;2016;15:51;17626;RUA JOSE PEDRA;RUA JOAO FRANCA (PQ. 2 IRMÃOS);;;;Colisão;Luz do Dia;;;Cruz;Pare;Residencial;0;2;0;0;0;0;0;0;0;0;0;0;-38,549671;-3,795482
298032;16;10;2016;16:20;0;AV SEN FERNANDES TAVORA;;;201;;Colisão;Luz do Dia;;;Meio de Quadra;;;0;2;0;0;0;0;0;0;0;0;0;0;;
298033;16;10;2016;17:31;0;AV CAP GUTEMBERG BAUN;;;514;;Colisão;Anoitecer;;;Meio de Quadra;;;0;2;0;0;0;0;0;0;0;0;0;0;-38,526581;-3,836945
298034;16;10;2016;18:08;0;RUA ROSA LEITE OLIVEIRA;;;728;;Queda;Anoitecer;;;Meio de Quadra;;;0;1;0;0;0;0;0;0;0;1;0;0;;
298037;16;10;2016;18:41;0;RUA JUVENCIO BARROSO;;;739;;Colisão;Anoitecer;;;Meio de Quadra;;;0;1;0;0;0;1;0;0;0;0;0;0;-38,549598;-3,716696
298038;16;10;2016;19:02;0;RUA GODOFREDO OLIVEIRA;;;282;;Colisão;;;;Meio de Quadra;;;0;1;1;0;0;0;0;0;0;0;0;0;;
298027;16;10;2016;14:54;0;RUA DR MANOEL MOREIRA;;;532;;Colisão;Luz do Dia;;;Meio de Quadra;;;0;2;0;1;0;0;0;0;0;1;0;0;;
298024;16;10;2016;14:43;0;AV DA UNIVERSIDADE;;;2683;;Queda;Luz do Dia;;;Meio de Quadra;;;0;1;0;0;0;0;0;0;0;1;0;0;-38,538198;-3,739954
298007;16;10;2016;12:42;0;AV RECREIO D64;;;235;;Colisão;Luz do Dia;;;Meio de Quadra;;;0;2;0;1;0;0;0;0;0;1;0;0;;
297995;16;10;2016;07:55;9442;AV MAJ ASSIS;RUA RIO TOCANTINS;;;;Colisão;Luz do Dia;;;T;Não Há Controle;Residencial;0;2;0;1;0;0;0;0;0;1;0;0;;
298012;16;10;2016;13:01;0;AV PRS CASTELO BRANCO;;;;;Queda;Luz do Dia;;;Meio de Quadra;;;0;1;0;0;0;1;0;0;0;0;0;0;;
298013;16;10;2016;13:20;0;AV PRO JOSE ARTHUR CARVALHO;;;2727;;Colisão;Luz do Dia;;;Meio de Quadra;;;0;2;0;0;0;0;0;0;0;0;0;0;-38,454635;-3,823482
298015;16;10;2016;13:53;0;RUA ISAIE BORIS;;;541;;Queda;Luz do Dia;;;Meio de Quadra;;;0;1;0;0;0;0;0;0;0;1;0;0;-38,550035;-3,767653
298017;16;10;2016;14:22;5281;RUA GAL SAMPAIO;RUA PEDRO PEREIRA;;;;Colisão;Luz do Dia;;;Cruz;Semáforo;Comercial;0;2;0;0;0;0;0;0;0;0;0;0;-38,531335;-3,728779
298018;16;10;2016;17:04;0;AV PRS COSTA E SILVA;;;;;Colisão;Anoitecer;;;Meio de Quadra;;;0;1;0;0;0;0;0;0;0;0;0;0;;
298021;16;10;2016;20:14;0;RUA MANUEL TEIXEIRA;;;787;;Colisão;Luz do Dia;;;Meio de Quadra;;;0;2;0;1;0;0;0;0;0;0;0;0;;
298022;16;10;2016;14:04;0;RUA CEL VIRGILIO NOGUEIRA (BOM JARDIM);;;;;Queda;Luz do Dia;;;Meio de Quadra;;;0;1;0;0;0;0;0;0;0;1;0;0;;
297987;16;10;2016;06:11;0;AV GAL OSORIO DE PAIVA;;;4795;;Colisão;Luz do Dia;;;Meio de Quadra;;;0;2;0;1;1;0;0;0;0;0;0;0;-38,598379;-3,800921
297984;16;10;2016;04:16;0;RUA EQUADOR;;;258;;Colisão;;;;Meio de Quadra;;;0;1;0;1;0;0;0;0;0;0;0;0;;
297992;16;10;2016;07:23;0;AV CARNEIRO DE MENDONCA;;;406;;Colisão;Luz do Dia;;;Meio de Quadra;;;0;2;0;1;0;0;0;0;0;0;0;0;-38,563089;-3,765857
297989;16;10;2016;06:17;0;RUA ANTERO QUENTAL;;;;;Colisão;Luz do Dia;;;Meio de Quadra;;;0;2;0;1;0;0;0;0;0;0;0;0;;
298002;16;10;2016;11:09;130;RUA RUI MONTE;RUA PEDRO MELO;;;;Colisão;Luz do Dia;;;T;Não Há Controle;Residencial;0;1;0;0;0;0;0;0;0;1;0;0;-38,587243;-3,743467
298003;16;10;2016;12:14;0;RUA REV BOLIVAR P BANDEIRA;;;121;;Colisão;Luz do Dia;;;Meio de Quadra;;;0;1;0;1;0;0;0;0;0;0;0;0;;
298004;16;10;2016;12:35;7718;AV CARNEIRO DE MENDONCA;AV JOSE BASTOS;;;;Queda;Luz do Dia;;;Cruz;Semáforo;Comercial;0;1;0;0;0;0;0;0;0;1;0;0;-38,566759;-3,764109
291997;16;10;2016;20:00;0;AV ENG HUMBERTO MONTE;;;805;;Colisão Lateral;Via Iluminada;Bom;Seca;Meio de Quadra;Não Há Controle;Residencial;0;0;3;1;0;0;0;0;0;1;0;0;-38,558524;-3,751579
292005;16;10;2016;19:00;0;RUA BAR CANINDE;;;10;;Colisão Frontal;Mal Iluminada;Bom;Seca;Meio de Quadra;Pare;Residencial;0;1;2;1;0;0;0;0;0;1;0;0;;
292011;16;10;2016;13:50;15134;AV BEIRA MAR;AV BAR STUDART;;;;Colisão Lateral;Luz do Dia;Bom;Seca;T;Pare;Residencial;0;0;2;1;0;0;1;0;0;0;0;0;-38,503156;-3,723916
292000;16;10;2016;22:50;0;AV CARNEIRO DE MENDONCA;;;583;;Colisão Frontal;Via Iluminada;Bom;Seca;Meio de Quadra;Não Há Controle;Comercial;0;1;1;1;0;0;0;0;0;1;0;0;-38,56508;-3,764986
292007;16;10;2016;01:45;24236;AV ENG ALBERTO SA;RUA DES WALDETARIO P MOTA;;;;Colisão Frontal;Via Iluminada;Bom;Seca;Cruz;Semáforo;Residencial;0;1;1;1;0;0;0;0;0;0;0;0;-38,47869;-3,733736
292008;16;10;2016;23:15;7760;AV ANTONIO SALES;RUA SILVA PAULET;;;;Colisão Traseira;Via Iluminada;Bom;Seca;Cruz;Semáforo;Comercial;0;0;2;1;0;0;0;0;0;0;0;0;-38,508383;-3,743595
292021;16;10;2016;14:50;13234;AV I CJ JOSE WALTER;AV E CJ JOSE WALTER;;;;Colisão Transversal;Luz do Dia;Bom;Seca;T;Pare;Residencial;0;0;2;1;0;0;0;0;0;0;0;0;-38,553829;-3,835398
292023;16;10;2016;07:27;5433;RUA MAJ FACUNDO;RUA METON DE ALENCAR;;;;Colisão Lateral;Luz do Dia;Bom;Seca;Cruz;Pare;Comercial;0;1;1;1;0;0;0;0;0;1;0;0;-38,529899;-3,733917
291713;16;10;2016;12:52;20905;RUA PERNAMBUCO;RUA MAD TEREZA DE CALCUTA;;;;Colisão Lateral;Luz do Dia;;;T;Não Há Controle;Residencial;1;0;1;1;0;0;0;0;0;1;0;0;-38,580645;-3,748709
294240;16;10;2016;20:25;0;RUA TEN BOTELHO;;;514;;Colisão Traseira;Via Iluminada;Bom;Seca;Meio de Quadra;Não Há Controle;Residencial;0;0;5;1;0;0;0;0;0;0;0;0;;
294242;16;10;2016;22:24;0;AV FRANCISCO SA;;;7786;;Capotamento;Via Iluminada;Bom;Seca;Meio de Quadra;Não Há Controle;Residencial;0;1;5;1;0;0;0;0;0;0;0;0;-38,588575;-3,704844
294243;16;10;2016;08:50;2975;AV GAL OSORIO DE PAIVA;RUA PEDRO MARTINS;;;;Colisão;Luz do Dia;;;Cruz;Semáforo;Comercial;0;1;1;1;0;0;0;1;0;0;0;0;-38,598322;-3,800862
294245;16;10;2016;14:40;12849;RUA SALDANHA MARINHO;RUA ASSUNCAO;;;;Colisão;Luz do Dia;;;Cruz;Pare;Residencial;0;1;1;1;0;0;0;0;0;1;0;0;-38,531231;-3,742314
296401;16;10;2016;03:00;0;RD BR 116;;;11000;KM-11;Colisão Traseira;;;;Meio de Quadra;;;0;2;1;1;0;0;0;0;0;0;0;0;-38,497176;-3,84716
296403;16;10;2016;19:30;0;RD BR 222;;;600;KM-02;Colisão Traseira;;;;Meio de Quadra;;;0;1;1;0;0;0;0;0;0;1;0;0;-38,58704;-3,739009
297118;16;10;2016;16:45;0;RD CE-040;;;;KM-10;Colisão;Luz do Dia;Bom;Seca;Meio de Quadra;;;0;0;2;0;0;0;1;0;0;0;0;0;-38,482466;-3,834451
296406;17;10;2016;17:30;0;RD BR 116;;;14000;KM-14;Colisão Lateral;Anoitecer;;;Meio de Quadra;;;0;0;2;0;1;0;0;1;0;0;0;0;-38,499242;-3,873523
297260;17;10;2016;12:05;0;AV MIN JOSE AMERICO;;;;;Colisão;Luz do Dia;Bom;Seca;Meio de Quadra;;;0;0;2;1;0;0;0;0;0;1;0;0;;
297261;17;10;2016;13:50;0;AV MIN JOSE AMERICO;;;;;Colisão;Luz do Dia;Bom;Seca;Meio de Quadra;;;0;0;2;1;0;0;0;0;0;1;0;0;;
297262;17;10;2016;17:00;0;RD CE-040;;;;KM-11;Colisão;Anoitecer;Bom;Seca;Meio de Quadra;;;0;0;2;0;0;0;0;0;0;1;0;0;-38,480883;-3,842577
297264;17;10;2016;18:50;0;RD CE-040;;;;KM-12;Colisão;;Bom;Seca;Meio de Quadra;;;0;0;2;1;0;0;0;0;0;0;0;0;-38,47607;-3,849626
297258;17;10;2016;06:30;0;RD CE-040;;;;KM-05;Colisão;Luz do Dia;Bom;Seca;Meio de Quadra;;;0;0;2;1;0;0;0;1;0;0;0;0;-38,480331;-3,791613
294255;17;10;2016;21:00;5383;AV DUQ CAXIAS;RUA MAJ FACUNDO;;;;Colisão Frontal;Via Iluminada;Bom;Seca;Cruz;Semáforo;Escola;0;1;2;1;0;0;0;0;0;0;0;0;-38,529285;-3,731981
294251;17;10;2016;05:00;7775;AV BAR STUDART;AV ANTONIO SALES;;;;Colisão Traseira;Luz do Dia;Bom;Seca;Cruz;Semáforo;Comercial;0;0;5;1;0;0;0;1;0;0;0;0;-38,509378;-3,743288
294257;17;10;2016;20:30;17410;RUA ALM RUBIM;RUA PRO TEODORICO;;;;Colisão;;;;Cruz;Pare;Residencial;0;1;1;1;0;0;0;1;0;0;0;0;-38,555605;-3,767984
294258;17;10;2016;08:45;11022;RUA BAR CANINDE;RUA MUNDICA PAULA;;;;Colisão Transversal;Amanhecer;Bom;Seca;Cruz;Pare;Residencial;0;0;3;1;1;0;0;0;0;0;0;0;-38,558309;-3,773214
291741;17;10;2016;15:30;13563;AV SORIANO ALBUQUERQUE;RUA DR JOSE LOURENCO;;;;Colisão Transversal;Luz do Dia;Bom;Seca;Cruz;Pare;Residencial;1;0;1;0;0;0;0;0;0;1;0;0;-38,512631;-3,74983
298467;17;10;2016;19:13;6354;RUA 325 CJ CEARA;AV C CJ CEARA;;;;Queda;;;;Cruz;Outros;Residencial;0;1;0;0;0;0;0;0;0;1;0;0;-38,614288;-3,77138
298468;17;10;2016;19:35;25969;RUA AFONSO LOPES;RUA ACAPULCO;;;;Colisão;;;;Cruz;Pare;Residencial;0;1;0;0;0;0;0;0;0;0;0;0;;
298474;17;10;2016;20:44;0;AV OLIVEIRA PAIVA;;;2601;;Colisão;;;;Meio de Quadra;;;0;1;1;0;0;0;0;0;0;1;0;0;-38,483559;-3,796035
298475;17;10;2016;21:00;0;RUA CAP HUGO BEZERRA;;;1061;;Colisão;;;;Meio de Quadra;;;0;1;0;0;0;0;0;0;0;0;0;0;-38,512584;-3,820472
298476;17;10;2016;21:13;0;RUA MARIA JULIA;;;595;;Colisão;;;;Meio de Quadra;;;0;1;1;0;0;0;0;0;0;1;0;0;;
298477;17;10;2016;23:58;0;RUA RAIMUNDO FROTA;;;359;;Queda;;;;Meio de Quadra;;;0;1;0;0;0;0;0;0;0;1;0;0;-38,584749;-3,714935
298462;17;10;2016;18:40;5383;RUA MAJ FACUNDO;AV DUQ CAXIAS;;;;Colisão;;;;Cruz;Semáforo;Comercial;0;1;1;1;0;0;0;0;0;1;0;0;-38,529285;-3,731981
298465;17;10;2016;19:02;5265;RUA VINTE E QUATRO DE MAIO;RUA PEDRO PEREIRA;;;;Atropelamento;;;;Cruz;Pare;Comercial;0;1;1;0;1;0;0;0;0;0;0;0;-38,532486;-3,7284
298428;17;10;2016;18:06;0;RUA PDE PEDRO DE ALENCAR;;;1390;;Colisão Frontal;Via Iluminada;Bom;Seca;Meio de Quadra;Não Há Controle;Residencial;0;1;2;1;0;0;0;0;0;0;0;0;-38,49425;-3,84022
298420;17;10;2016;13:01;0;RUA DR JOAQUIM BENTO;;;584;;Colisão;Luz do Dia;;;Meio de Quadra;;;0;1;1;1;0;0;0;0;0;1;0;0;;
298443;17;10;2016;18:17;0;AV DEP PAULINO ROCHA;;;1001;;Colisão;Anoitecer;;;Meio de Quadra;;;0;2;1;0;0;0;0;0;0;1;0;0;;
298441;17;10;2016;18:14;0;AV PRO GOMES DE MATOS;;;1368;;Atropelamento;Anoitecer;;;Meio de Quadra;;;0;1;1;0;0;0;0;0;0;1;0;0;-38,548214;-3,764172
298450;17;10;2016;18:19;0;RUA STA ROSA D65 (COAÇU);;;413;;Queda;Anoitecer;;;Meio de Quadra;;;0;1;0;0;0;1;0;0;0;0;0;0;;
298452;17;10;2016;18:25;3189;RUA JOSE ARISTOTELES GONDIM;RUA CARLOS CHAGAS;;;;Colisão;Anoitecer;;;Cruz;Pare;Residencial;0;1;1;1;0;0;0;0;0;1;0;0;-38,585335;-3,780113
298454;17;10;2016;18:40;0;AV SIQUEIRA CAMPOS;;;;;Colisão;;;;Meio de Quadra;;;0;1;1;1;0;0;0;0;0;1;0;0;;
298384;17;10;2016;04:54;11022;RUA MUNDICA PAULA;RUA BAR CANINDE;;;;Colisão;;;;;;;0;2;0;0;0;0;0;0;0;0;0;0;-38,558309;-3,773214
298403;17;10;2016;08:07;0;AV OLIVEIRA PAIVA;;;1465;;Colisão;Luz do Dia;;;Meio de Quadra;;;0;2;1;1;0;0;0;0;0;1;0;0;-38,493379;-3,795587
298404;17;10;2016;08:08;0;AV CONTORNO SUL;;;;;Atropelamento;Luz do Dia;;;Meio de Quadra;;;0;1;1;1;0;0;0;0;0;0;0;0;;
298405;17;10;2016;08:13;15205;AV ABOLICAO;RUA OSVALDO CRUZ (ALDEOTA);;;;Colisão;Luz do Dia;;;Cruz;Semáforo;Comercial;0;1;1;0;0;0;0;0;0;1;0;0;-38,497445;-3,72669
298407;17;10;2016;08:59;5433;RUA MAJ FACUNDO;RUA METON DE ALENCAR;;;;Colisão;Luz do Dia;;;Cruz;Dê Preferência;Comercial;0;1;1;0;0;0;1;0;0;1;0;0;-38,529899;-3,733917
298408;17;10;2016;09:00;0;RUA MANUEL CASTELO BRANCO;;;250;;Colisão;Luz do Dia;;;Meio de Quadra;;;0;1;1;0;0;0;1;0;0;1;0;0;;
298401;17;10;2016;07:45;0;AV DR SILAS MUNGUBA;;;1530;;Colisão;Luz do Dia;;;Meio de Quadra;;;0;1;1;1;0;0;1;0;0;0;0;0;-38,55386;-3,784015
298414;17;10;2016;09:07;19820;AV JOVITA FEITOSA;RUA GAL PIRAGIBE;;2215;;Colisão Transversal;Luz do Dia;Bom;Seca;Cruz;Semáforo;Residencial;0;2;3;1;0;0;0;0;0;1;0;0;-38,557484;-3,740049
298415;17;10;2016;09:22;15834;RUA TEN JURANDIR ALENCAR;RUA CEL FRANCISCO PEREIRA (MESSEJANA);;;;Colisão;Luz do Dia;;;Cruz;Semáforo Intermitente;Comercial;0;1;1;1;0;0;0;0;0;1;0;0;-38,492929;-3,831773
298416;17;10;2016;09:28;0;RUA HERBENE;;;;;Colisão;Luz do Dia;;;Meio de Quadra;;;0;1;0;0;0;0;0;0;0;0;0;0;;
298417;17;10;2016;12:54;0;RUA BENTO ALBUQUERQUE;;;1819;;Colisão;Luz do Dia;;;Meio de Quadra;;;0;1;1;1;0;0;0;0;0;1;0;0;-38,472411;-3,747216
298422;17;10;2016;13:36;5675;RUA CHICO LEMOS;RUA ALICE;;;;Colisão;Luz do Dia;;;Cruz;Pare;Residencial;0;1;0;0;0;0;0;0;0;0;0;0;-38,499726;-3,790026
298423;17;10;2016;16:39;0;AV WASHINGTON SOARES;;;9340;;Colisão;Luz do Dia;;;Meio de Quadra;;;0;1;1;1;0;0;0;0;0;1;0;0;-38,48251;-3,832622
298424;17;10;2016;17:39;0;RUA TULIPA;;;;;Colisão;Anoitecer;;;Meio de Quadra;;;0;1;1;1;0;0;0;0;0;1;0;0;;
298425;17;10;2016;17:48;0;AV SEN FERNANDES TAVORA;;;2354;;Atropelamento;Anoitecer;;;Meio de Quadra;;;0;2;0;0;0;0;0;0;0;0;0;0;-38,593198;-3,7563
292048;17;10;2016;19:30;25395;RUA TULIPA;RUA SAO BERNARDO;;;;Colisão Transversal;Via Iluminada;Bom;Seca;T;Outros;Residencial;0;1;1;1;0;0;0;0;0;1;0;0;-38,578675;-3,712139
292049;17;10;2016;14:40;7643;RUA RIO GRANDE DO NORTE;RUA GUANABARA;;;;Colisão Transversal;Luz do Dia;Bom;Seca;Cruz;Pare;Residencial;0;0;2;1;0;0;0;0;0;0;0;0;-38,569353;-3,757469
292035;17;10;2016;09:40;0;RUA HERBENE;;;;;Colisão Transversal;Luz do Dia;Bom;Seca;;;;0;1;1;0;0;1;0;0;0;1;0;0;;
292039;17;10;2016;18:20;15743;RUA HERBENE;RUA MANUEL ARRUDA;;;;Colisão Transversal;Anoitecer;Bom;Seca;Cruz;Não Há Controle;Residencial;0;1;1;1;0;0;0;0;1;0;0;0;-38,504019;-3,828948
292031;17;10;2016;07:42;15291;AV ANTONIO JUSTA;RUA FREDERICO BORGES;;;;Colisão Frontal;Luz do Dia;Bom;Seca;T;Pare;Comercial;0;1;1;1;0;0;0;0;0;1;0;0;-38,489427;-3,729283
292095;17;10;2016;09:00;12826;AV DOS EXPEDICIONARIOS;RUA ANDRE CHAVES;;;;Colisão Traseira;Luz do Dia;Bom;Seca;Cruz;Semáforo;Comercial;0;0;2;1;0;0;0;0;0;0;0;0;-38,538903;-3,757345
292093;17;10;2016;01:00;0;RUA CON DE CASTRO;;;4233;;Choque c/ Obstáculo Fixo;Luz do Dia;Bom;Seca;Meio de Quadra;Outros;Residencial;0;0;1;1;0;0;0;0;0;0;0;0;;
292090;17;10;2016;14:30;17501;AV ABOLICAO;RUA TEREZA HINKO;;;;Colisão Lateral;Luz do Dia;Bom;Seca;Cruz;Semáforo;Comercial;0;0;2;1;0;0;0;0;0;0;0;0;-38,484515;-3,725398
292062;17;10;2016;12:30;13529;AV SORIANO ALBUQUERQUE;RUA PDE ANTONINO;;;;Colisão Transversal;Luz do Dia;Bom;Seca;Cruz;Não Há Controle;Residencial;0;0;2;1;0;0;0;0;0;0;0;0;-38,520476;-3,747537
292076;17;10;2016;16:00;7851;AV PONTES VIEIRA;RUA JOSE VILAR;;;;Engavetamento;Luz do Dia;Bom;Seca;Cruz;Semáforo;Comercial;0;0;3;1;0;0;0;0;0;0;0;0;-38,51003;-3,752317
292069;17;10;2016;00:30;7775;AV BAR STUDART;AV ANTONIO SALES;;;;Colisão Transversal;Via Iluminada;Bom;Seca;Cruz;Semáforo;Comercial;0;0;2;1;0;0;0;0;0;0;0;0;-38,509378;-3,743288
292070;17;10;2016;18:30;7907;AV PONTES VIEIRA;RUA VICENTE LEITE;;;;Colisão Traseira;Via Iluminada;Bom;Seca;Cruz;Semáforo;Comercial;0;0;2;1;0;0;0;0;0;0;0;0;;
292071;17;10;2016;20:30;13408;AV ANTONIO SALES;RUA BAR ARACATI;;;;Atropelamento;Via Iluminada;Bom;Seca;Cruz;Pare;Residencial;0;1;1;1;0;0;0;0;0;0;0;0;-38,514894;-3,741563
292106;17;10;2016;14:00;0;RUA PDE PERDIGAO SAMPAIO;;;;;Colisão Lateral;Luz do Dia;Bom;Seca;Meio de Quadra;Semáforo;Residencial;0;0;2;1;1;0;0;0;0;0;0;0;;
292100;17;10;2016;18:30;7818;RUA FRANCISCO HOLANDA;RUA TIBURCIO CAVALCANTE;;;;Colisão Frontal;Via Iluminada;Bom;Seca;Cruz;Pare;Residencial;0;0;2;1;0;0;0;0;0;1;0;0;-38,506474;-3,74809
292102;17;10;2016;20:35;0;AV BEZERRA DE MENEZES;;;415;;Colisão Traseira;Via Iluminada;Bom;Seca;Meio de Quadra;Não Há Controle;Comercial;0;0;2;0;1;0;0;0;0;0;0;0;-38,547792;-3,732209
292108;17;10;2016;18:30;0;RUA PEREIRA VALENTE;;;;;Colisão Lateral;Anoitecer;Bom;Seca;Meio de Quadra;Não Há Controle;Residencial;0;0;3;1;0;0;0;0;0;0;0;0;;
292114;17;10;2016;20:16;0;RUA PINTO MADEIRA;;;920;;Colisão Traseira;Via Iluminada;Bom;Seca;Meio de Quadra;Não Há Controle;Residencial;0;0;2;1;0;0;0;0;0;0;0;0;-38,516815;-3,73252
292133;17;10;2016;01:47;0;RUA PARQUE IPIRANGA;;;185;;Colisão Transversal;Luz do Dia;Bom;Seca;Meio de Quadra;Pare;Residencial;0;1;1;0;1;0;0;0;0;1;0;0;;
292121;17;10;2016;09:00;0;AV BULEVAR III;;;454;;Atropelamento;Luz do Dia;Bom;Seca;Meio de Quadra;Pare;Residencial;0;1;1;1;0;0;0;0;0;0;0;0;;
292156;17;10;2016;14:17;0;AV N CJ JOSE WALTER;;;1474;;Colisão Traseira;Luz do Dia;Bom;Seca;Meio de Quadra;Outros;Comercial;0;2;1;1;0;0;0;0;0;1;0;0;;
302234;17;10;2016;08:58;25149;AV DOM LUIS;RUA MON CATAO;;0;;Colisão Lateral;Luz do Dia;Bom;Seca;Cruz;Pare;Comercial;0;0;2;1;0;0;0;0;0;0;0;0;-38,489602;-3,735758
302235;17;10;2016;09:14;19019;AV ENG SANTANA JUNIOR;RUA ANDRE DALL OLIO;;0;;Colisão Transversal;Luz do Dia;Bom;Seca;Cruz;Pare;Comercial;0;0;2;1;0;0;0;0;0;0;0;0;-38,481571;-3,73485
302236;17;10;2016;09:30;0;RUA DEP OSWALDO STUDART;AV EDUARDO GIRAO;;0;;Colisão Lateral;Luz do Dia;Bom;Seca;Cruz;Semáforo;Comercial;0;1;3;1;1;0;0;0;0;0;0;0;-38,529775;-3,755323
302237;17;10;2016;07:40;1259;RUA ILDEFONSO ALBANO;RUA PDE LUIS FIGUEIRA;;315;;Colisão Transversal;Luz do Dia;Bom;Seca;Cruz;Pare;Residencial;0;0;2;1;1;0;0;0;0;0;0;0;-38,513063;-3,732813
302238;17;10;2016;10:57;0;AV N CJ JOSE WALTER;AV D CJ JOSE WALTER;;0;;Colisão Lateral;Luz do Dia;Bom;Seca;Cruz;Semáforo;Comercial;0;0;2;1;0;0;0;0;0;0;0;0;;
302239;17;10;2016;11:31;12514;AV LINEU MACHADO;RUA JULIO BRAGA;;0;;Colisão Traseira;Luz do Dia;Bom;Seca;Cruz;Semáforo;Comercial;0;1;1;1;0;0;0;0;0;1;0;0;-38,58179;-3,775335
302240;17;10;2016;11:45;20145;RUA POMPILIO GOMES;RUA PRO JOSE SILVEIRA;;0;;Colisão Lateral;Luz do Dia;Bom;Seca;Cruz;Pare;Comercial;0;0;2;1;0;0;0;0;0;0;0;0;-38,519895;-3,811008
302241;17;10;2016;14:32;2486;AV FRANCISCO SA;RUA SEN ROBERT KENNEDY;;0;;Colisão Traseira;Luz do Dia;Bom;Seca;Cruz;Pare;Residencial;0;0;2;1;0;0;0;0;0;0;0;0;-38,581426;-3,70914
302242;17;10;2016;13:45;0;AV AGUANAMBI;;;1953;;Colisão Lateral;Luz do Dia;Bom;Seca;Meio de Quadra;Não Há Controle;Comercial;0;0;2;1;0;0;0;0;0;0;0;0;-38,52347;-3,754034
302243;17;10;2016;14:20;0;RUA C (RES MARCOS FREIRE);RUA D (RES MARCOS FREIRE);;0;;Colisão Transversal;Luz do Dia;Bom;Seca;T;Não Há Controle;Residencial;0;0;2;1;0;0;0;0;0;0;0;0;;
302244;17;10;2016;15:45;9140;AV FELINO BARROSO;RUA CEL PERGENTINO FERREIRA;;0;;Colisão Transversal;Luz do Dia;Bom;Seca;Cruz;Pare;Comercial;0;0;2;1;0;0;0;0;0;0;0;0;-38,527957;-3,749106
302245;17;10;2016;14:34;0;AV TRISTAO GONCALVES;;;774;;Colisão Traseira;Luz do Dia;Bom;Seca;Meio de Quadra;Semáforo;Comercial;0;0;2;0;1;0;0;0;0;0;0;0;-38,533636;-3,728565
302246;17;10;2016;16:27;7875;AV PONTES VIEIRA;AV SEN VIRGILIO TAVORA;;0;;Colisão Traseira;Luz do Dia;Bom;Seca;T;Semáforo;Comercial;0;0;2;1;0;0;0;0;0;0;0;0;-38,497652;-3,750886