COD_ACIDENTE;DIA;MES;ANO;HORA;INTERSECAO;LOG1;LOG2;LOG3;NUMERO;REFERENCIA;NATUREZA;ILUMINACAO;TEMPO;SUPERFICIEPISTA;TIPOCRUZAMENTO;CONTROLETRAFEGO;USOSOLO;MORTOS;FERIDOS;ILESOS;AUTOMOVEL;ONIBUS;BICICLETA;CAMINHAO;MICROONIBUS;CICLOMOTOR;MOTOCICLETA;TRACAOANIMAL;TREM;LONG;LAT
302247;17;10;2016;16:30;0;RUA NAPOLEAO LAUREANO;RUA PDE JANUARIO CAMPOS;;0;;Colisão Transversal;Luz do Dia;Bom;Seca;Cruz;Pare;Residencial;0;0;2;1;0;0;0;0;0;0;0;0;;
302248;17;10;2016;15:10;19285;RUA MARACANA;RUA ARARIPE PRATA;;0;;Colisão Transversal;Luz do Dia;Bom;Seca;T;Pare;Residencial;0;0;2;0;0;0;0;0;0;0;0;0;-38,569939;-3,773944
302249;17;10;2016;15:30;0;RUA MON LIBERATO;;;1718;;Colisão Lateral;Luz do Dia;Bom;Seca;Meio de Quadra;Não Há Controle;Residencial;0;0;2;1;0;0;0;0;0;0;0;0;-38,530369;-3,749277
302273;17;10;2016;18:30;0;RUA TEN JURANDIR ALENCAR;;;124;;Atropelamento;Via Iluminada;Bom;Seca;Meio de Quadra;Não Há Controle;Comercial;0;1;1;0;1;0;0;0;0;0;0;0;-38,49414;-3,831673
302251;17;10;2016;19:00;0;AV DOM LUIS;;;0;PRACA PORTUGAL;Colisão Lateral;Via Iluminada;Bom;Seca;Rotatória;Semáforo;Comercial;0;0;2;1;0;0;0;0;0;0;0;0;;
302268;17;10;2016;19:04;0;AV FRE CIRILO;;;0;;Colisão Lateral;Via Iluminada;Bom;Seca;Y;Semáforo;Residencial;0;0;2;1;0;0;0;1;0;0;0;0;;
302255;17;10;2016;15:58;0;RUA BAR RIO BRANCO;;;1671;;Colisão Lateral;Luz do Dia;Bom;Seca;Meio de Quadra;Semáforo;Comercial;0;0;2;1;0;0;0;1;0;0;0;0;-38,530264;-3,732757
301971;17;10;2016;16:04;1658;RUA BENI DE CARVALHO;RUA MON CATAO;;0;;Colisão Lateral;Luz do Dia;Não Informado;Seca;Cruz;Pare;Residencial;0;0;2;1;1;0;0;0;0;0;0;0;-38,493113;-3,746618
301702;18;10;2016;08:30;0;RUA VICENTE LINHARES;;;380;;Colisão Lateral;Luz do Dia;Bom;Seca;Meio de Quadra;Não Há Controle;Residencial;0;0;2;1;0;0;0;0;0;0;0;0;-38,501024;-3,741896
302256;18;10;2016;08:10;25060;RUA LEONEL CHAVES;RUA PDE ELIAS SARAIVA;;0;;Colisão Transversal;Luz do Dia;Bom;Seca;Cruz;Pare;Residencial;0;1;1;1;0;0;0;0;0;1;0;0;;
302257;18;10;2016;09:05;8912;RUA TEREZA CRISTINA;RUA GIL AMORA;;;;Colisão Transversal;Luz do Dia;Bom;Seca;Cruz;Pare;Residencial;0;0;1;1;1;0;0;0;0;0;0;0;-38,539201;-3,735162
302258;18;10;2016;09:36;17414;RUA ZACARIAS GONDIM;RUA 15 DE NOVEMBRO;;0;;Colisão Lateral;Luz do Dia;Bom;Seca;Cruz;Pare;Comercial;0;0;2;1;1;0;0;0;0;0;0;0;-38,558445;-3,768021
302259;18;10;2016;08:40;0;AV DR SILAS MUNGUBA;;;0;;Colisão Traseira;Luz do Dia;Bom;Seca;Meio de Quadra;Semáforo;Comercial;0;1;3;1;0;0;0;0;0;1;0;0;;
302261;18;10;2016;13:16;19469;AV GAL OSORIO DE PAIVA;AV AUGUSTO DOS ANJOS;;0;;Colisão Transversal;Luz do Dia;Bom;Seca;Outros;Semáforo;Comercial;0;0;2;1;0;0;0;0;0;0;0;0;-38,584939;-3,787349
302262;18;10;2016;12:40;0;AV DA UNIVERSIDADE;;;3410;;Colisão Traseira;Luz do Dia;Bom;Seca;Cruz;Semáforo;Comercial;0;1;3;1;0;0;0;0;0;0;0;0;-38,542791;-3,745017
302263;18;10;2016;13:20;21997;RUA PORFIRIO SAMPAIO;RUA BAR VASCONCELOS D10;;0;;Colisão Transversal;Luz do Dia;Bom;Seca;Cruz;Pare;Comercial;0;0;2;1;1;0;0;0;0;0;0;0;-38,546657;-3,745516
302264;18;10;2016;12:35;0;RUA GERMANO FRANCK;;;50;;Colisão Traseira;Luz do Dia;Bom;Seca;Meio de Quadra;Semáforo;Residencial;0;0;2;1;0;0;0;0;0;0;0;0;-38,557471;-3,773259
302265;18;10;2016;14:05;0;RUA CON DE CASTRO;;;8542;;Engavetamento;Luz do Dia;Bom;Seca;Meio de Quadra;Não Há Controle;Residencial;0;1;4;1;0;0;0;0;0;1;0;0;-38,602801;-3,819508
302266;18;10;2016;14:00;1350;RUA SILVA PAULET;RUA TORRES CAMARA;;0;;Colisão Transversal;Luz do Dia;Bom;Seca;Meio de Quadra;Não Há Controle;Comercial;0;0;4;1;0;0;0;0;0;0;0;0;-38,505905;-3,735958
302267;18;10;2016;14:45;0;AV PRS CASTELO BRANCO;;;4334;;Colisão Lateral;Luz do Dia;Bom;Seca;Meio de Quadra;Pare;Comercial;0;1;1;1;0;0;0;0;0;1;0;0;-38,57106;-3,707434
302308;18;10;2016;22:40;0;AV JOSE BASTOS;;;3506;;Colisão Lateral;Via Iluminada;Bom;Seca;T;Pare;Não Informado;0;0;2;1;1;0;0;0;0;0;0;0;-38,550011;-3,749549
302269;18;10;2016;15:00;15175;AV ABOLICAO;RUA NUNES VALENTE;;0;;Colisão Transversal;Luz do Dia;Bom;Seca;Cruz;Semáforo;Comercial;0;0;2;1;0;0;0;0;0;0;0;0;-38,500384;-3,72575
302270;18;10;2016;15:28;0;RUA VIRIATO RIBEIRO;;;813;;Colisão Lateral;Luz do Dia;Bom;Seca;Meio de Quadra;Não Há Controle;Residencial;0;0;2;1;0;0;0;0;0;0;0;0;-38,561105;-3,750431
302271;18;10;2016;18:00;17285;RUA IRM BAZET;RUA JOAO FIRMINO;;0;;Colisão Lateral;Via Iluminada;Bom;Seca;Cruz;Pare;Residencial;0;1;2;1;0;0;0;0;0;0;0;0;-38,554308;-3,762808
302272;18;10;2016;18:10;13408;AV ANTONIO SALES;RUA BAR ARACATI;;0;;Colisão Transversal;Via Iluminada;Bom;Seca;Cruz;Pare;Comercial;0;0;2;1;0;0;0;0;0;0;0;0;-38,514894;-3,741563
302252;18;10;2016;05:33;6760;RUA GAL TERTULIANO POTYGUARA;AV ENG SANTANA JUNIOR;;0;;Colisão Lateral;Luz do Dia;Bom;Seca;T;Semáforo;Comercial;0;0;2;1;0;0;0;0;0;0;0;0;-38,489463;-3,746669
302253;18;10;2016;06:10;0;AV DEP PAULINO ROCHA;;;2835;;Queda;Luz do Dia;Bom;Seca;Não Informado;Semáforo;Residencial;0;1;0;0;0;0;0;0;0;1;0;0;-38,521811;-3,809542
302254;18;10;2016;07:05;0;AV BORGES DE MELO;;;925;;Colisão Traseira;Luz do Dia;Bom;Seca;Meio de Quadra;Semáforo;Comercial;0;0;2;1;0;0;0;0;0;0;0;0;-38,527366;-3,760541
301210;18;10;2016;20:44;0;AV AGUANAMBI;;;0;;Colisão Traseira;Via Iluminada;Bom;Seca;Meio de Quadra;Não Há Controle;Comercial;0;0;2;1;1;0;0;0;0;0;0;0;;
292123;18;10;2016;19:30;0;RUA PRO GOMES BRASIL;;;104;;Atropelamento;Via Iluminada;Bom;Seca;Meio de Quadra;Não Há Controle;Residencial;0;1;1;0;1;0;0;0;0;0;0;0;-38,567156;-3,774664
292088;18;10;2016;15:40;22677;AV COS GOMES DE FREITAS (SAPIRANGA/COITE);RUA MARIO ALENCAR ARARIPE;;;;Colisão Transversal;Luz do Dia;Bom;Seca;T;Pare;Comercial;0;2;0;0;0;0;0;0;0;1;0;0;-38,478257;-3,795569
292115;18;10;2016;15:43;5433;RUA METON DE ALENCAR;RUA MAJ FACUNDO;;;;Colisão Lateral;Luz do Dia;Bom;Seca;Cruz;Dê Preferência;Comercial;0;2;0;0;0;0;0;0;0;1;0;0;-38,529899;-3,733917
292110;18;10;2016;09:00;0;AV DES MOREIRA;;;1500;;Colisão;Luz do Dia;Bom;Seca;Meio de Quadra;Semáforo;Lazer;0;1;1;0;0;0;0;0;0;1;0;0;-38,499189;-3,738888
292111;18;10;2016;08:46;356;RUA GUSTAVO BRAGA;RUA FRANCISCA CLOTILDE;;;;Colisão Lateral;Luz do Dia;Bom;Seca;Cruz;Pare;Residencial;0;0;2;1;0;0;1;0;0;0;0;0;-38,556863;-3,747141
292112;18;10;2016;13:10;12445;AV SEN FERNANDES TAVORA;TR HELENA DE MARIA;;;;Colisão Traseira;Luz do Dia;Bom;Seca;Duplo T;Pare;Comercial;0;1;1;1;0;0;0;0;0;1;0;0;-38,574916;-3,766094
292103;18;10;2016;07:20;12520;RUA ALUISIO AZEVEDO;AV AUGUSTO DOS ANJOS;;;;Colisão Lateral;Luz do Dia;Bom;Seca;Outros;Semáforo;Comercial;0;0;2;1;0;0;0;0;0;1;0;0;;
292105;18;10;2016;14:00;0;AV DR SILAS MUNGUBA;;;894;;Engavetamento;Luz do Dia;Bom;Seca;Meio de Quadra;Semáforo;Comercial;0;0;3;1;0;0;0;0;0;0;0;0;-38,557835;-3,781071
292064;18;10;2016;10:00;4879;RUA CON DE CASTRO;RUA 3 CJ SIQUEIRA;;;;Colisão Lateral;Luz do Dia;Bom;Seca;T;Outros;Comercial;0;1;1;0;0;0;0;0;0;1;0;0;-38,598159;-3,813293
292077;18;10;2016;10:00;7982;RUA MAJ WEYNE;RUA CARLOS CAMARA;;;;Colisão Lateral;Luz do Dia;Bom;Seca;Cruz;Não Há Controle;Residencial;0;0;2;1;0;0;0;0;0;0;0;0;-38,544497;-3,7486
292057;18;10;2016;17:20;0;AV ALBERTO CRAVEIRO;;;;;Colisão Traseira;Anoitecer;Bom;Seca;Meio de Quadra;Dê Preferência;Residencial;0;0;2;1;1;0;0;0;0;0;0;0;;
292040;18;10;2016;15:00;0;RUA TORRES CAMARA;;;585;;Colisão Traseira;Luz do Dia;Bom;Seca;Meio de Quadra;Não Há Controle;Comercial;0;0;2;1;0;0;0;0;0;0;0;0;-38,506571;-3,735743
292042;18;10;2016;00:05;15975;AV GODOFREDO MACIEL;RUA CEL MANUEL ALBANO;;;;Colisão Transversal;Via Iluminada;Bom;Seca;Cruz;Pare;Comercial;0;1;2;1;0;0;0;0;0;0;0;0;-38,57278;-3,805644
292051;18;10;2016;10:30;0;RUA DR JOAO DE DEUS D11;;;480;;Outros;Luz do Dia;Bom;Seca;Meio de Quadra;Não Há Controle;Residencial;0;0;2;1;0;0;0;0;0;0;0;0;-38,526991;-3,745399
298478;18;10;2016;00:14;0;RUA RAIMUNDO PINHEIRO;;;329;;Queda;;;;Meio de Quadra;;;0;1;0;0;0;0;0;0;0;1;0;0;;
298509;18;10;2016;13:35;0;AV ALM MAXIMIANO DA FONSECA;;;1199;;Colisão;Luz do Dia;;;Meio de Quadra;;;0;1;1;1;0;0;0;0;0;1;0;0;-38,484631;-3,771439
298510;18;10;2016;13:50;5742;AV OLIVEIRA PAIVA;RUA MANUEL MONTEIRO;;;;Colisão;Luz do Dia;;;Cruz;Semáforo;Comercial;0;1;0;0;0;0;0;0;0;0;0;0;-38,49414;-3,795496
298511;18;10;2016;14:00;0;AV OLIVEIRA PAIVA;;;1366;;Colisão;Luz do Dia;;;Meio de Quadra;;;0;1;0;0;0;0;0;0;0;0;0;0;-38,494221;-3,795488
298512;18;10;2016;14:11;0;AV GAL OSORIO DE PAIVA;;;;;Queda;Luz do Dia;;;Meio de Quadra;;;0;1;0;0;0;0;0;0;0;1;0;0;;
298491;18;10;2016;07:54;0;AV DOM LUIS;;;1056;;Colisão;Luz do Dia;;;Meio de Quadra;;;0;1;1;1;0;1;0;0;0;0;0;0;;
298492;18;10;2016;08:42;0;AV DR SILAS MUNGUBA;;;5700;;Colisão;Luz do Dia;;;Meio de Quadra;;;0;1;1;1;0;0;0;0;0;1;0;0;-38,528485;-3,803141
298486;18;10;2016;07:02;0;AV JOSE BASTOS;;;6480;;Colisão;Luz do Dia;;;Meio de Quadra;;;0;1;1;1;0;0;0;0;0;1;0;0;-38,569576;-3,767391
298487;18;10;2016;07:29;25548;AV GAL OSORIO DE PAIVA;AV JOAO PESSOA;;;;Queda;Luz do Dia;;;;;;0;2;0;0;0;0;0;0;0;1;0;0;-38,561379;-3,771044
298488;18;10;2016;07:30;0;AV CONTORNO SUL;;;1405;;Colisão;Luz do Dia;;;Meio de Quadra;;;0;1;1;1;0;0;0;0;0;1;0;0;;
298489;18;10;2016;07:39;0;RUA PRO HERIBALDO COSTA;;;1898;;Colisão;Luz do Dia;;;Meio de Quadra;;;0;1;1;1;0;0;0;0;0;1;0;0;;
298539;18;10;2016;18:30;0;RUA DES WALDETARIO P MOTA;;;931;;Atropelamento;Anoitecer;;;Meio de Quadra;;;0;1;1;0;0;0;0;0;0;1;0;0;-38,48152;-3,73827
298532;18;10;2016;17:04;0;AV ALBERTO CRAVEIRO;;;;;Colisão;Anoitecer;;;Meio de Quadra;;;0;1;1;1;0;0;1;0;0;0;0;0;;
298534;18;10;2016;17:42;0;AV PRS COSTA E SILVA;;;271;;Colisão Lateral;Luz do Dia;Bom;Seca;Meio de Quadra;Não Há Controle;Comercial;0;0;4;1;0;0;0;0;0;1;0;0;;
298536;18;10;2016;17:50;0;RUA JOSE EUCLIDES F GOMES;;;425;;Colisão;Anoitecer;;;Meio de Quadra;;;0;1;1;1;0;0;0;0;0;1;0;0;;
298537;18;10;2016;17:54;24991;AV GAL OSORIO DE PAIVA;RUA ABEL RIBEIRO;;;;Colisão;Anoitecer;;;Cruz;Pare;Comercial;0;1;1;1;0;0;0;0;0;1;0;0;-38,576252;-3,781799
298545;18;10;2016;19:05;0;RUA PERGENTINO MAIA;RUA ANTONIO BARBOSA;;;;Colisão Transversal;Via Iluminada;Bom;Seca;Cruz;Pare;Residencial;0;1;3;1;0;0;0;0;0;1;0;0;;
298548;18;10;2016;19:09;0;RUA PRO GOMES BRASIL;;;;;Atropelamento;;;;Meio de Quadra;;;0;1;0;0;0;0;0;0;0;0;0;0;;
298549;18;10;2016;19:19;0;RUA AQUILES BORIS;;;183;;Engavetamento;Via Iluminada;Bom;Seca;Meio de Quadra;Não Há Controle;Residencial;0;1;3;1;0;0;0;0;0;0;0;0;;
298551;18;10;2016;19:57;9168;AV LUCIANO CARNEIRO;AV BORGES DE MELO;;;;Colisão Transversal;Via Iluminada;Bom;Seca;Cruz;Semáforo;Comercial;0;0;3;1;0;0;0;0;0;0;0;0;-38,534097;-3,756465
298552;18;10;2016;20:18;22865;RUA CON LIMA SUCUPIRA;RUA BERNARDO MANUEL;;13986;;Colisão Traseira;Luz do Dia;Bom;Seca;T;Pare;Residencial;0;0;4;1;0;0;0;0;0;0;0;0;-38,545656;-3,779874
298554;18;10;2016;20:46;19664;RUA PRO JOSE DE BARCELOS;RUA GUSTAVO SAMPAIO;;;;Colisão;;;;Cruz;Pare;Residencial;0;1;0;0;0;0;0;0;0;0;0;0;-38,550829;-3,734101
298555;18;10;2016;22:22;0;AV PERIMETRAL;;;;;Colisão;;;;Meio de Quadra;;;0;1;0;0;0;0;0;0;0;0;0;0;;
298523;18;10;2016;15:39;0;RUA LAURO MAIA;;;;;Colisão;Luz do Dia;;;Meio de Quadra;;;0;1;1;1;0;0;0;0;0;1;0;0;;
298524;18;10;2016;16:02;6573;AV H CJ CEARA;AV C CJ CEARA;;;;Colisão;Luz do Dia;;;T;Não Há Controle;Comercial;0;1;1;1;0;0;0;0;0;1;0;0;;
298525;18;10;2016;16:49;0;RUA ARARAQUARA;;;370;;Atropelamento;Luz do Dia;;;Meio de Quadra;;;0;1;1;0;0;0;0;0;0;1;0;0;;
298527;18;10;2016;16:53;0;AV PRS JUSCELINO KUBITSCHEK (PASSARÉ);;;5451;;Engavetamento;Luz do Dia;Bom;Seca;Meio de Quadra;Não Há Controle;Comercial;0;2;4;1;0;0;0;0;0;1;0;0;-38,536831;-3,823401
298530;18;10;2016;16:57;0;AV BENJAMIM BRASIL;;;;;Colisão;Luz do Dia;;;Meio de Quadra;;;0;1;1;1;0;0;0;0;0;1;0;0;;
298514;18;10;2016;14:34;0;AV GOV RAUL BARBOSA;;;900;;Colisão Transversal;Luz do Dia;Bom;Seca;Outros;Não Há Controle;Comercial;0;0;3;1;0;0;0;0;0;0;0;0;;
298494;18;10;2016;09:19;0;AV PRS COSTA E SILVA;;;;;Colisão;Luz do Dia;;;Meio de Quadra;;;0;1;1;1;0;0;0;0;0;1;0;0;;
298495;18;10;2016;09:58;0;AV ENG HUMBERTO MONTE;;;190;;Colisão;Luz do Dia;;;Meio de Quadra;;;0;1;1;1;0;0;0;0;0;1;0;0;;
298496;18;10;2016;10:08;2758;RUA MARIA JULIA;RUA OSCAR FRANCA;;;;Atropelamento;Luz do Dia;;;Cruz;Pare;Residencial;0;1;1;1;0;0;0;0;0;0;0;0;-38,599725;-3,79189
298497;18;10;2016;10:50;0;AV SANTOS DUMONT;;;3131;;Atropelamento;Luz do Dia;;;Meio de Quadra;;;0;1;1;1;0;0;0;0;0;0;0;0;-38,497284;-3,736575
298498;18;10;2016;11:56;0;AV BEZERRA DE MENEZES;;;;;Queda;Luz do Dia;;;Meio de Quadra;;;0;1;0;0;0;1;0;0;0;0;0;0;;
298499;18;10;2016;12:08;0;RUA DOM HELIO CAMPOS D21;;;221;;Queda;Luz do Dia;;;Meio de Quadra;;;0;1;0;0;0;0;0;0;0;1;0;0;-38,556181;-3,716201
298570;18;10;2016;23:01;0;RUA CAR ARCO VERDE;;;1008;;Queda;;;;Meio de Quadra;;;0;2;0;0;0;0;0;0;0;1;0;0;;
298480;18;10;2016;06:44;0;RUA FERREIRA LIMA;;;77;;Colisão;Luz do Dia;;;Meio de Quadra;;;0;1;1;1;0;0;0;0;0;1;0;0;;
294282;18;10;2016;22:00;0;AV DA INDEPENDENCIA;;;460;;Colisão Lateral;Via Iluminada;Bom;Seca;Meio de Quadra;Não Há Controle;Comercial;0;2;2;1;0;0;0;0;0;1;0;0;-38,58503;-3,728686
294275;18;10;2016;16:40;22110;RUA MON FURTADO;RUA TAVARES IRACEMA;;;;Colisão Transversal;Luz do Dia;Bom;Seca;Cruz;Pare;Residencial;0;2;2;1;0;0;0;0;0;1;0;0;-38,553916;-3,751292
294270;18;10;2016;10:30;0;AV SGT HERMINIO SAMPAIO;RUA SILVA JATAHY;;;;Colisão Transversal;Luz do Dia;Bom;Seca;Cruz;Semáforo;Comercial;0;0;4;1;0;0;0;0;0;0;0;0;;
294271;18;10;2016;08:00;11836;RUA JACINTO MATOS;RUA MON DANTAS;;;;Colisão Transversal;Luz do Dia;Bom;Não informada;Cruz;Pare;Comercial;0;2;3;1;0;0;0;0;0;1;0;0;-38,5468;-3,719714
294272;18;10;2016;17:40;12745;RUA JULIO CESAR D12;RUA ANA NERY;;;;Colisão Transversal;Luz do Dia;Bom;Seca;Cruz;Pare;Residencial;0;4;2;1;0;0;0;0;0;1;0;0;-38,544349;-3,751712
297268;18;10;2016;11:00;0;RD CE-040;;;;KM-08;Colisão;Luz do Dia;Bom;Seca;Meio de Quadra;;;0;0;2;1;0;0;0;0;0;0;0;0;-38,483033;-3,817159
296408;18;10;2016;07:40;0;RD BR 116;;;10000;KM-10;Queda;Luz do Dia;;;Meio de Quadra;;;0;2;0;0;0;0;0;0;0;1;0;0;-38,503373;-3,834435
296413;19;10;2016;16:10;0;RD BR 116;;;900;KM-05;Colisão;Luz do Dia;;;Meio de Quadra;;;0;2;0;0;0;1;0;0;0;1;0;0;-38,50617967;-3,797701134
296417;19;10;2016;18:20;0;RD BR 116;;;4000;KM-04;Atropelamento;Anoitecer;;;Meio de Quadra;;;0;3;0;0;0;0;0;0;0;1;0;0;-38,510646;-3,788331
294297;19;10;2016;17:25;0;AV MOZART PINHEIRO DE LUCENA;;;725;;Colisão Transversal;Luz do Dia;Bom;Seca;T;Pare;Residencial;0;3;0;0;0;0;0;0;0;1;0;0;-38,593009;-3,709066
294302;19;10;2016;09:30;13435;RUA ANTONIO AUGUSTO;RUA ADOLFO SIQUEIRA;;;;Colisão Transversal;Luz do Dia;Bom;Seca;Cruz;Pare;Residencial;0;0;1;1;0;0;0;0;0;0;0;0;-38,517599;-3,742786
294303;19;10;2016;16:15;0;RUA MON SALAZAR;;;1237;;Atropelamento;Luz do Dia;;;Meio de Quadra;;;0;1;1;0;0;0;0;0;0;0;0;0;-38,508794;-3,755613
291716;19;10;2016;22:45;0;RUA JOAO GENTIL;;;;;Colisão;;;;Meio de Quadra;;;1;1;0;1;0;0;0;0;0;0;0;0;;
298592;19;10;2016;05:58;0;AV OLIVEIRA PAIVA;;;;;Queda;Amanhecer;;;Meio de Quadra;;;0;1;0;0;0;0;0;0;0;1;0;0;;
298619;19;10;2016;15:06;22746;AV ENG LEAL LIMA VERDE (SAPIRANGA/COITE);RUA WALDEMAR ALCANTARA;;;;Colisão;Luz do Dia;;;Cruz;Pare;Residencial;0;1;1;1;0;0;0;0;0;1;0;0;-38,475392;-3,799114
298623;19;10;2016;15:32;4672;AV MIN JOSE AMERICO;RUA PEDRO LAZAR;;;;Colisão;Luz do Dia;;;;Não Há Controle;Comercial;0;1;1;1;0;0;0;0;0;1;0;0;-38,48929;-3,808267
298627;19;10;2016;15:43;0;RUA MOCA BONITA;;;427;;Colisão;Luz do Dia;;;Meio de Quadra;;;0;1;1;1;0;0;0;0;0;1;0;0;-38,585923;-3,812131
298629;19;10;2016;16:19;0;RUA HIL MORAES;;;25;;Queda;Luz do Dia;;;Meio de Quadra;;;0;1;0;0;0;0;0;0;0;1;0;0;;
298614;19;10;2016;14:30;7790;AV DES MOREIRA;RUA JULIO SIQUEIRA;;;;Colisão;Luz do Dia;;;;;;0;1;1;1;0;0;0;0;0;1;0;0;-38,503194;-3,751389
298615;19;10;2016;14:31;0;AV GOV RAUL BARBOSA;;;3800;;Colisão;Luz do Dia;;;Meio de Quadra;;;0;1;1;1;0;0;0;0;0;0;0;0;-38,504632;-3,759805
298616;19;10;2016;14:54;0;AV MIN JOSE AMERICO;;;1281;;Colisão;Luz do Dia;;;Meio de Quadra;;;0;1;1;1;0;0;0;0;0;0;0;0;;
298602;19;10;2016;07:32;0;AV PRS CASTELO BRANCO;;;;;Colisão;Luz do Dia;;;Meio de Quadra;;;0;1;1;1;0;0;0;0;0;1;0;0;;
298603;19;10;2016;08:01;0;AV PRS CASTELO BRANCO;;;4375;;Queda;Luz do Dia;;;Meio de Quadra;;;0;1;0;0;0;0;0;0;0;1;0;0;-38,571896;-3,707135
298604;19;10;2016;08:45;0;AV ISABEL BEZERRA;;;;;Colisão;Luz do Dia;;;Meio de Quadra;;;0;1;1;1;0;0;0;0;0;1;0;0;;
298605;19;10;2016;08:48;0;RUA MONTE LIBANO;;;445;;Colisão;Luz do Dia;;;Meio de Quadra;;;0;1;1;1;0;0;0;0;0;1;0;0;-38,56175;-3,82447
298606;19;10;2016;10:43;0;AV GODOFREDO MACIEL;;;;;Atropelamento;Luz do Dia;;;Meio de Quadra;;;0;0;2;1;0;0;0;0;0;0;0;0;;
298607;19;10;2016;10:46;0;RUA CEL FRANCISCO PEREIRA (MESSEJANA);;;144;;Atropelamento;Luz do Dia;;;Meio de Quadra;;;0;1;1;0;0;0;0;0;0;1;0;0;;
298609;19;10;2016;12:41;0;AV PRS CASTELO BRANCO;;;;;Queda;Luz do Dia;;;Meio de Quadra;;;0;1;0;0;0;1;0;0;0;0;0;0;;
298610;19;10;2016;13:10;0;RUA ESTADO DO RIO;;;394;;Queda;Luz do Dia;;;Meio de Quadra;;;0;2;0;0;0;0;0;0;0;1;0;0;-38,567869;-3,753789
298612;19;10;2016;14:12;0;AV CARAPINIMA;;;2415;;Colisão;Luz do Dia;;;Meio de Quadra;;;0;1;1;0;0;0;0;0;0;1;0;0;-38,540886;-3,740648
298673;19;10;2016;17:41;13124;AV I CJ JOSE WALTER;AV C CJ JOSE WALTER;;;;Colisão;Mal Iluminada;Bom;Seca;T;Não Há Controle;Residencial;0;1;3;1;0;0;0;0;0;1;0;0;-38,552161;-3,829824
298671;19;10;2016;17:38;0;RUA 04 CJ TUPINAMBA FROTA;;;971;;Colisão;Anoitecer;;;Meio de Quadra;;;0;1;1;1;0;0;0;0;0;1;0;0;;
298669;19;10;2016;17:28;0;RUA CAMELIA;;;20;;Colisão;Anoitecer;;;Meio de Quadra;;;0;1;0;0;0;0;0;0;0;0;0;0;;
298664;19;10;2016;17:27;0;RUA DA SAUDADE;;;;;Colisão;Anoitecer;;;;;;0;1;0;0;0;0;0;0;0;0;0;0;;
298621;19;10;2016;15:27;0;AV MOZART PINHEIRO DE LUCENA;;;719;;Colisão;Luz do Dia;;;Meio de Quadra;;;0;2;0;0;0;0;0;0;0;1;0;0;-38,592993;-3,709015
298648;19;10;2016;17:03;0;ET SIQUEIRA;;;163;;Atropelamento;Anoitecer;;;Meio de Quadra;;;0;1;1;1;0;0;0;0;0;0;0;0;-38,585131;-3,813745
298638;19;10;2016;16:20;20129;AV DEP PAULINO ROCHA;RUA POMPILIO GOMES;;;;Colisão Transversal;Luz do Dia;Bom;Seca;T;Semáforo;Comercial;0;0;4;1;0;0;0;0;0;1;0;0;-38,519652;-3,810076
298644;19;10;2016;16:23;0;RD BR 116;;;7000;KM-07;Atropelamento;Luz do Dia;;;Meio de Quadra;;;0;1;0;0;0;0;0;0;0;0;0;0;-38,501101;-3,813246
298645;19;10;2016;16:47;0;RUA CON DE CASTRO;;;2346;;Colisão;Luz do Dia;;;Meio de Quadra;;;0;1;1;1;0;0;0;0;0;1;0;0;-38,578279;-3,790235
298699;19;10;2016;23:56;0;RUA CHICO FRANCA;;;645;;Colisão;;;;Meio de Quadra;;;0;1;1;1;0;0;0;0;0;1;0;0;;
298700;19;10;2016;23:57;0;RUA GUARUJA;;;645;;Colisão;;;;Meio de Quadra;;;0;1;0;0;0;0;0;0;0;0;0;0;;
298694;19;10;2016;20:11;0;AV DEP PAULINO ROCHA;;;;;Queda;;;;Meio de Quadra;;;0;1;0;0;0;0;0;0;0;1;0;0;;
298695;19;10;2016;21:04;0;AV AGUANAMBI;;;;;Queda;;;;Meio de Quadra;;;0;2;0;0;0;0;0;0;0;1;0;0;;
298696;19;10;2016;21:37;0;AV SEN FERNANDES TAVORA;;;;;Colisão;;;;Meio de Quadra;;;0;1;0;0;0;0;0;0;0;0;0;0;;
298687;19;10;2016;19:28;0;AV ALBERTO CRAVEIRO;;;2644;;Atropelamento;;;;Meio de Quadra;;;0;1;1;0;0;0;0;0;0;1;0;0;-38,521448;-3,803094
298684;19;10;2016;19:22;0;RUA 8 DE SETEMBRO;;;1394;;Colisão;;;;Meio de Quadra;;;0;1;0;0;0;0;0;0;0;0;0;0;;
298676;19;10;2016;18:17;0;RUA JULIO BRAGA;;;;;Colisão;Anoitecer;;;;;;0;1;0;0;0;0;0;0;0;0;0;0;;
298677;19;10;2016;18:25;15149;AV MON TABOSA;RUA ANTONIO LIMA;;;;Colisão;Anoitecer;;;Cruz;Semáforo;Comercial;0;1;1;1;0;0;0;0;0;1;0;0;-38,504149;-3,724573
298678;19;10;2016;18:28;0;AV PERIMETRAL;;;;;Colisão;Anoitecer;;;Meio de Quadra;;;0;1;1;0;0;0;0;0;0;1;0;0;;