COD_ACIDENTE;DIA;MES;ANO;HORA;INTERSECAO;LOG1;LOG2;LOG3;NUMERO;REFERENCIA;NATUREZA;ILUMINACAO;TEMPO;SUPERFICIEPISTA;TIPOCRUZAMENTO;CONTROLETRAFEGO;USOSOLO;MORTOS;FERIDOS;ILESOS;AUTOMOVEL;ONIBUS;BICICLETA;CAMINHAO;MICROONIBUS;CICLOMOTOR;MOTOCICLETA;TRACAOANIMAL;TREM;LONG;LAT
298679;19;10;2016;18:38;10614;RUA JUSTINO CAFE NETO;RUA PRO JACINTO BOTELHO;;;;Colisão Transversal;Via Iluminada;Bom;Seca;Cruz;Pare;Residencial;0;2;2;1;0;0;0;0;0;1;0;0;-38,490636;-3,758929
298680;19;10;2016;18:38;0;AV ALBERTO CRAVEIRO;;;507;MAKRO;Colisão;;;;Meio de Quadra;;;0;1;1;1;0;0;0;0;0;1;0;0;-38,51591;-3,781154
298681;19;10;2016;18:50;12535;AV MAJ ASSIS;RUA ROSA LEITE OLIVEIRA;;;;Colisão;;;;Cruz;Pare;Residencial;0;1;1;1;0;0;0;0;0;1;0;0;-38,586944;-3,723727
298595;19;10;2016;06:10;0;RUA ANTONIO COSTA MENDES;;;1754;;Colisão;Luz do Dia;;;Meio de Quadra;;;0;1;1;1;0;0;0;0;0;1;0;0;;
298596;19;10;2016;07:20;0;RUA ANTONIO AUGUSTO;;;2520;;Colisão;Luz do Dia;;;Meio de Quadra;;;0;1;1;1;0;0;0;0;0;1;0;0;-38,517623;-3,742864
298597;19;10;2016;07:22;0;AV PRO JOSE ARTHUR CARVALHO;;;1510;;Colisão Transversal;Luz do Dia;Bom;Seca;T;Não Há Controle;Comercial;0;1;2;1;0;0;0;0;0;1;0;0;-38,46578;-3,826542
298573;19;10;2016;00:32;0;RUA SAO TOMAZ DE AQUINO;;;35;;Atropelamento;;;;Meio de Quadra;;;0;1;1;1;0;0;0;0;0;0;0;0;;
298574;19;10;2016;03:00;0;RUA TEBAS;;;957;;Queda;;;;Meio de Quadra;;;0;1;0;0;0;0;0;0;0;1;0;0;;
298141;19;10;2016;12:00;0;RD CE-040;;;;KM-10;Colisão;Luz do Dia;Bom;Seca;Meio de Quadra;;;0;0;3;0;0;0;0;0;0;1;0;0;-38,482466;-3,834451
298146;19;10;2016;16:00;0;RD CE-040;;;;KM-10;Colisão;Luz do Dia;Bom;Seca;Meio de Quadra;;;0;0;3;1;0;0;0;0;0;0;0;0;-38,482466;-3,834451
292052;19;10;2016;07:40;0;RUA HOLANDA;;;1600;;Colisão Traseira;Luz do Dia;Bom;Seca;Meio de Quadra;Outros;Residencial;0;0;3;1;0;0;0;0;0;0;0;0;-38,560329;-3,801853
292053;19;10;2016;15:10;1701;RUA CAP VASCONCELOS D46;RUA CAP ARAGAO;;;;Colisão Transversal;Luz do Dia;Bom;Seca;Cruz;Semáforo;Residencial;0;0;2;1;0;0;0;0;0;0;0;0;-38,517041;-3,765538
292054;19;10;2016;13:50;7861;RUA CEL JUCA;AV ANTONIO SALES;;;;Colisão Lateral;Luz do Dia;Bom;Seca;Cruz;Semáforo;Comercial;0;0;2;0;0;0;1;0;0;0;0;0;-38,494573;-3,747893
292055;19;10;2016;16:50;3814;RUA PAULINO NOGUEIRA;RUA WALDERY UCHOA;;;;Colisão Transversal;Anoitecer;Bom;Seca;Cruz;Pare;Residencial;0;1;1;1;0;0;0;0;0;1;0;0;-38,538372;-3,743449
292056;19;10;2016;09:00;0;AV CARNEIRO DE MENDONCA;;;;;Colisão Traseira;Luz do Dia;Bom;Seca;T;Semáforo;Residencial;0;0;2;1;0;0;1;0;0;0;0;0;;
292059;19;10;2016;10:00;0;AV SEN FERNANDES TAVORA;;;3249;;Atropelamento;Luz do Dia;Bom;Seca;Meio de Quadra;Não Há Controle;Residencial;0;2;2;1;0;0;0;0;0;0;0;0;;
292060;19;10;2016;14:10;0;AV GOV RAUL BARBOSA;;;900;;Colisão Lateral;Luz do Dia;Bom;Seca;Meio de Quadra;Não Há Controle;Comercial;0;1;1;1;0;0;0;0;0;0;0;0;;
292061;19;10;2016;16:15;1496;RUA ILDEFONSO ALBANO;RUA PDE VALDEVINO;;;;Colisão Lateral;;Bom;Seca;Cruz;Semáforo;Comercial;0;0;2;1;0;0;0;0;0;0;0;0;-38,515423;-3,739573
292050;19;10;2016;00:00;5039;AV ALBERTO NEPOMUCENO;RUA ADOLFO CAMINHA;;;;Colisão Lateral;Luz do Dia;Bom;Seca;Duplo T;Semáforo;Comercial;0;0;2;1;0;0;0;0;0;0;0;0;-38,523212;-3,721257
292045;19;10;2016;07:30;0;RUA BERNARDO MANUEL;;;1255;;Colisão Lateral;Luz do Dia;Bom;Seca;Meio de Quadra;Outros;Residencial;0;1;1;1;0;0;0;0;0;1;0;0;;
292046;19;10;2016;09:00;23389;RUA SABINO MONTE;RUA CAP TIBURCIO DA FROTA;;;;Atropelamento;Luz do Dia;Bom;Seca;Cruz;;Residencial;0;1;1;0;0;0;0;0;0;0;0;0;-38,512291;-3,754815
292047;19;10;2016;08:40;0;RUA JOAQUIM NABUCO;;;3275;;Colisão Transversal;Luz do Dia;Bom;Seca;Meio de Quadra;Pare;Residencial;0;0;2;1;0;0;0;0;0;0;0;0;-38,507277;-3,75373
292041;19;10;2016;17:30;0;AV CEL CARVALHO;;;625;;Colisão Traseira;Via Iluminada;Bom;Seca;Meio de Quadra;Não Há Controle;Comercial;0;1;1;1;1;0;0;0;0;0;0;0;;
292063;19;10;2016;14:00;5340;AV DUQ CAXIAS;RUA VINTE E QUATRO DE MAIO;;;;Colisão Lateral;Luz do Dia;Bom;Seca;Cruz;Semáforo;Comercial;0;0;2;0;0;0;1;1;0;0;0;0;-38,53323;-3,730708
302306;19;10;2016;15:25;5328;AV DUQ CAXIAS;AV TRISTAO GONCALVES;;0;;Colisão Traseira;Luz do Dia;Bom;Seca;Cruz;Semáforo;Comercial;0;0;2;1;0;0;0;0;0;0;0;0;-38,534196;-3,7304
302307;19;10;2016;19:15;24372;AV LUCIANO CARNEIRO;RUA ALM RUFINO;;0;;Colisão Traseira;Via Iluminada;Bom;Seca;Cruz;Semáforo;Comercial;0;1;1;1;0;0;0;0;0;1;0;0;-38,537195;-3,76658
302309;19;10;2016;21:23;5436;RUA JAIME BENEVOLO;RUA GAL CLARINDO DE QUEIROZ;;0;;Colisão Transversal;Via Iluminada;Bom;Seca;Cruz;Pare;Comercial;0;1;1;0;0;0;0;0;0;1;0;0;-38,526017;-3,73406
302274;19;10;2016;06:17;0;AV SEN CARLOS JEREISSATI (AEROPORTO);;;0;;Choque c/ Obstáculo Fixo;Amanhecer;Chuva;Molhada;Outros;Não Há Controle;Comercial;0;0;1;1;0;0;0;0;0;0;0;0;;
302275;19;10;2016;08:22;0;RUA VIA LACTEA;;;0;;Colisão Traseira;Luz do Dia;Bom;Seca;Meio de Quadra;Não Há Controle;Residencial;0;0;2;1;0;0;0;0;0;0;0;0;;
302276;19;10;2016;07:30;20113;AV DEP PAULINO ROCHA;RUA CRISANTO ARRUDA;;0;;Colisão Lateral;Luz do Dia;Bom;Seca;T;Pare;Lazer;0;1;1;1;0;0;0;0;0;1;0;0;-38,522343;-3,809399
302277;19;10;2016;09:00;0;AV AGUANAMBI;;;0;;Colisão Traseira;Luz do Dia;Bom;Seca;Rotatória;Semáforo;Comercial;0;0;2;0;1;0;0;0;0;0;0;0;;
302278;19;10;2016;12:30;19437;AV DR SILAS MUNGUBA;RUA CASIMIRO DE ABREU;;0;;Colisão Lateral;Luz do Dia;Bom;Seca;T;Semáforo;Comercial;0;0;2;0;1;0;0;0;0;0;0;0;-38,560637;-3,779395
302279;19;10;2016;12:30;10793;RUA PRO HERIBALDO COSTA;RUA PORTO ALEGRE;;0;;Colisão Lateral;Luz do Dia;Bom;Seca;Cruz;Pare;Comercial;0;0;2;1;0;0;0;0;0;0;0;0;-38,585433;-3,762997
302280;19;10;2016;11:20;0;RUA JOVINO GUEDES;;;77;;Choque c/ Obstáculo Fixo;Luz do Dia;Bom;Seca;Meio de Quadra;Não Há Controle;Residencial;0;0;2;1;0;0;0;0;0;0;0;0;-38,51431;-3,735251
302281;19;10;2016;14:18;19531;RUA COS GALVAO;AV GODOFREDO MACIEL;;;;Colisão Frontal;Luz do Dia;Bom;Seca;T;Pare;Comercial;0;1;1;1;0;1;0;0;0;0;0;0;-38,565465;-3,782029
302282;19;10;2016;14:34;1319;RUA BAR ARACATI;RUA FIUZA DE PONTES;;0;;Colisão Lateral;Luz do Dia;Bom;Seca;Cruz;Pare;Residencial;0;0;2;1;0;0;0;0;0;0;0;0;-38,512636;-3,735094
302283;19;10;2016;14:30;0;AV PRS COSTA E SILVA;;;1950;;Colisão Traseira;Luz do Dia;Bom;Seca;Meio de Quadra;Semáforo;Residencial;0;0;2;0;0;0;0;0;0;0;0;0;-38,564268;-3,818277
302284;19;10;2016;15:05;14448;AV SGT HERMINIO SAMPAIO;RUA DEMOSTENES CARVALHO;;0;;Colisão Transversal;Luz do Dia;Bom;Seca;T;Pare;Comercial;0;0;2;0;0;0;0;0;0;1;0;0;-38,559068;-3,726117
302285;19;10;2016;16:43;10681;AV MIGUEL DIAS;RUA ATILANO MOURA;;0;;Colisão Transversal;Luz do Dia;Bom;Seca;Rotatória;Dê Preferência;Residencial;0;0;2;1;0;0;0;0;0;0;0;0;-38,487708;-3,763517
302287;20;10;2016;09:51;6728;RUA JOSE C DA SILVEIRA;RUA DR GILBERTO STUDART;;0;;Colisão Transversal;Luz do Dia;Bom;Seca;T;Pare;Residencial;0;0;2;1;0;0;0;0;0;0;0;0;-38,483315;-3,742857
302288;20;10;2016;12:37;8050;AV JOAO PESSOA;RUA DONDON FEITOSA;;;;Colisão Traseira;Luz do Dia;Bom;Seca;T;Pare;Comercial;0;1;1;0;0;0;0;0;0;1;0;0;-38,551359;-3,754529
302289;20;10;2016;13:53;19151;RUA RIACHUELO;RUA ALMEIDA PRADO;;;;Colisão Transversal;Não Informado;Bom;Seca;T;Não Há Controle;Residencial;0;1;3;1;0;0;0;0;0;1;0;0;-38,473969;-3,740002
302290;20;10;2016;14:27;0;RUA PRO MIRAMAR DA PONTE;;;710;;Colisão Transversal;Luz do Dia;Bom;Seca;Cruz;Pare;Residencial;0;0;2;1;1;0;0;0;0;0;0;0;-38,585647;-3,761537
302291;20;10;2016;15:00;23371;RUA FRE VIDAL;RUA EDUARDO BEZERRA;;;;Colisão Transversal;Luz do Dia;Bom;Seca;Cruz;Pare;Residencial;0;0;1;1;0;0;0;0;0;0;0;0;-38,518044;-3,754266
302292;20;10;2016;18:55;0;RUA BERNARDO MANUEL;;;9415;;Colisão Traseira;Via Iluminada;Bom;Seca;Meio de Quadra;Não Há Controle;Comercial;0;0;3;1;0;0;0;0;0;0;0;0;-38,552645;-3,802735
302293;20;10;2016;19:04;21369;AV JOVITA FEITOSA;RUA CARVALHO MOTA;;0;;Colisão Lateral;Via Iluminada;Bom;Seca;Cruz;Não Há Controle;Comercial;0;0;2;1;0;0;0;0;0;0;0;0;-38,544748;-3,737437
302294;20;10;2016;19:50;0;AV CASTANHOLEIRAS;;;0;;Colisão Lateral;Anoitecer;Bom;Seca;Outros;Não Há Controle;Comercial;0;0;2;1;0;0;0;0;0;0;0;0;;
302295;20;10;2016;20:00;13408;AV ANTONIO SALES;RUA BAR ARACATI;;0;;Colisão Transversal;Anoitecer;Bom;Seca;Cruz;Pare;Comercial;0;0;3;1;0;0;0;0;0;0;0;0;-38,514894;-3,741563
302296;20;10;2016;16:45;5234;RUA PEREIRA FILGUEIRAS;RUA NOGUEIRA ACIOLI;;0;;Colisão Transversal;Luz do Dia;Bom;Seca;Cruz;Pare;Comercial;0;1;1;1;0;0;0;0;0;0;0;0;-38,516029;-3,727333
302297;20;10;2016;21:29;0;RUA PERNAMBUCO;RUA MONTEIRO LOBATO;;0;;Colisão Lateral;Via Iluminada;Bom;Seca;T;Pare;Residencial;0;0;2;0;0;0;0;0;0;0;0;0;;
302298;20;10;2016;19:59;0;AV AGUANAMBI;;;1827;;Colisão Traseira;Via Iluminada;Bom;Seca;Rotatória;Semáforo;Comercial;0;0;1;1;0;0;0;0;0;0;0;0;-38,523423;-3,753197
302299;20;10;2016;23:25;10863;RUA PORTO VELHO;RUA PRO HERIBALDO COSTA;;0;;Colisão Transversal;Via Iluminada;Bom;Seca;Cruz;Semáforo;Comercial;0;0;2;1;0;0;0;0;0;1;0;0;-38,587014;-3,765974
302310;20;10;2016;07:37;0;AV BORGES DE MELO;;;0;;Colisão Traseira;Luz do Dia;Chuva;Molhada;Meio de Quadra;Não Há Controle;Residencial;0;0;2;1;0;0;0;0;0;0;0;0;;
302311;20;10;2016;08:41;0;RUA JOSE ARAGAO;;;36;;Choque c/ Obstáculo Fixo;Amanhecer;Nublado;Molhada;Meio de Quadra;Não Há Controle;Residencial;0;0;1;1;0;0;0;0;0;0;0;0;;
302312;20;10;2016;09:34;9097;RUA CEL PERGENTINO FERREIRA;RUA LAURO MAIA;;0;;Colisão Traseira;Luz do Dia;Nublado;Molhada;Cruz;Semáforo;Comercial;0;0;2;1;0;0;0;0;0;0;0;0;-38,522736;-3,748036
302313;20;10;2016;10:00;0;AV VICENTE DE CASTRO;;;4753;;Colisão Transversal;Luz do Dia;Bom;Seca;Meio de Quadra;Semáforo;Residencial;0;0;2;0;1;0;0;0;0;0;0;0;;
302314;20;10;2016;09:30;26077;AV DUQ CAXIAS;AV JOSE JATAHY;;0;;Colisão Lateral;Luz do Dia;Bom;Seca;Cruz;Pare;Comercial;0;0;2;1;0;0;0;0;0;0;0;0;;
302315;20;10;2016;10:51;9170;AV EDUARDO GIRAO;RUA GAL SILVA JUNIOR;;0;;Colisão Traseira;Luz do Dia;Bom;Seca;Meio de Quadra;Semáforo;Comercial;0;0;2;1;0;0;0;0;0;0;0;0;-38,530785;-3,754309
302316;20;10;2016;11:03;930;AV BORGES DE MELO;AV AGUANAMBI;;0;;Colisão Lateral;Luz do Dia;Bom;Seca;T;Semáforo;Residencial;0;0;2;1;0;0;0;0;0;0;0;0;-38,52388;-3,760928
302317;20;10;2016;10:39;5302;AV TRISTAO GONCALVES;RUA PEDRO I;;0;;Colisão Transversal;Luz do Dia;Bom;Não informada;Cruz;Semáforo;Comercial;0;0;2;1;0;0;0;0;0;0;0;0;-38,533927;-3,729523
302328;20;10;2016;13:37;0;AV AGUANAMBI;;;0;;Colisão Traseira;Não Informado;Bom;Seca;Rotatória;Semáforo;Comercial;0;0;2;1;1;0;0;0;0;0;0;0;;
303044;20;10;2016;09:30;0;RUA ZACARIAS GONDIM;;;914;;Colisão Transversal;Luz do Dia;Bom;Seca;Não Informado;Não Há Controle;Comercial;0;0;1;1;0;0;0;0;0;1;0;0;-38,559525;-3,771109
292075;20;10;2016;20:10;26252;RUA ANTONIO BARROS;RUA PERGENTINO MAIA;;;;Colisão Transversal;Luz do Dia;Bom;Seca;Cruz;Pare;Comercial;0;0;2;1;1;0;0;0;0;0;0;0;;
292078;20;10;2016;08:45;5261;RUA FLORIANO PEIXOTO;RUA DR PEDRO BORGES;;;;Colisão Frontal;Luz do Dia;Bom;Seca;Duplo T;Não Há Controle;Comercial;0;0;2;1;0;0;0;0;0;0;0;0;-38,527486;-3,728263
292079;20;10;2016;09:00;0;AV JOAO PESSOA;;;;;Colisão Transversal;Luz do Dia;Nublado;Seca;Meio de Quadra;Não Há Controle;Comercial;0;0;2;0;1;0;0;0;0;0;0;0;;
292080;20;10;2016;20:50;0;AV PRS CASTELO BRANCO;;;4559;;Atropelamento;Via Iluminada;Bom;Seca;Meio de Quadra;Não Há Controle;Comercial;0;1;1;0;1;0;0;0;0;0;0;0;-38,572798;-3,706802
292081;20;10;2016;13:30;0;AV PRS CASTELO BRANCO;;;2344;;Colisão Traseira;Luz do Dia;Bom;Seca;Meio de Quadra;Outros;Comercial;0;0;2;1;0;0;0;0;0;0;0;0;-38,5488;-3,71365
292066;20;10;2016;00:10;22937;AV DR SILAS MUNGUBA;RUA GOV JOAO CARLOS;;;;Colisão Lateral;Via Iluminada;Bom;Seca;Cruz;Semáforo;Comercial;0;3;0;0;0;0;0;0;0;1;0;0;-38,55391;-3,78395
292067;20;10;2016;17:20;12834;RUA ANTONIO POMPEU;RUA BAR RIO BRANCO;;;;Colisão Lateral;Via Iluminada;Bom;Seca;Cruz;Semáforo;Comercial;0;0;2;1;0;0;0;0;0;1;0;0;-38,530891;-3,734707
292068;20;10;2016;01:30;0;RUA BERNARDO MANUEL;;;12350;;Colisão Lateral;Via Iluminada;Bom;Seca;Meio de Quadra;Não Há Controle;Comercial;0;0;4;1;0;0;0;0;0;1;0;0;-38,559071;-3,825311
292072;20;10;2016;08:24;0;RUA MAJ FACUNDO;;;252;;Colisão Lateral;Amanhecer;Chuva;Molhada;Meio de Quadra;;Comercial;0;0;3;1;0;0;0;0;0;0;0;0;-38,527079;-3,725256
292073;20;10;2016;13:15;9227;RUA MARIO MAMEDE;RUA JAIME BENEVOLO;;;;Colisão Lateral;Luz do Dia;Bom;Seca;Cruz;Semáforo;Comercial;0;0;2;1;0;0;0;0;0;1;0;0;-38,531586;-3,749153
292083;20;10;2016;09:00;0;AV LUCIANO CARNEIRO;;;;;Outros;Luz do Dia;Nublado;Seca;Meio de Quadra;;Comercial;0;0;2;0;0;0;1;0;0;1;0;0;;
292084;20;10;2016;19:30;0;AV AGUANAMBI;;;1733;;Colisão Lateral;Via Iluminada;Bom;Seca;Meio de Quadra;Não Há Controle;Comercial;0;0;2;1;0;0;0;1;0;0;0;0;-38,523386;-3,752315
292091;20;10;2016;07:30;8018;AV JOAO PESSOA;RUA JOSE MONTEIRO DOS SANTOS;;;;Colisão Lateral;Luz do Dia;Chuva;Molhada;Outros;Outros;Comercial;0;1;1;1;0;0;0;0;0;1;0;0;-38,548869;-3,751769
292092;20;10;2016;08:35;17265;RUA ALBERTO MAGNO;RUA SATIRO DIAS;;;;Colisão Traseira;Luz do Dia;Chuva;Molhada;Cruz;Pare;Comercial;0;0;2;1;0;0;0;0;0;0;0;0;-38,547531;-3,762063
292094;20;10;2016;09:07;17265;RUA ALBERTO MAGNO;RUA SATIRO DIAS;;;;Colisão Lateral;Luz do Dia;Bom;Molhada;Cruz;Pare;Comercial;0;0;2;1;0;0;0;0;0;1;0;0;-38,547531;-3,762063
292087;20;10;2016;17:50;11582;RUA RICARDO A BRAGA;AV ROGACIANO LEITE;;;;Colisão Lateral;Via Iluminada;Bom;Seca;Cruz;Não Há Controle;Residencial;0;0;2;1;0;0;0;0;0;0;0;0;-38,503315;-3,786671
292096;20;10;2016;10:55;9111;AV EDUARDO GIRAO;RUA DEP OSWALDO STUDART;;;;Colisão Lateral;Luz do Dia;Bom;Seca;Cruz;Semáforo Intermitente;Comercial;0;0;2;1;0;0;0;0;0;0;0;0;-38,529775;-3,755323
292097;20;10;2016;15:20;17297;AV PRO GOMES DE MATOS;RUA EDUARDO ANGELIM;;;;Colisão Transversal;Luz do Dia;Bom;Seca;Cruz;Pare;Comercial;0;1;1;0;1;0;0;0;0;1;0;0;-38,547809;-3,763719
292099;20;10;2016;09:00;0;AV JOVITA FEITOSA;;;843;;Colisão Traseira;;Nublado;;Meio de Quadra;;;0;1;1;0;0;0;0;0;0;1;0;0;-38,55128;-3,738803
292101;20;10;2016;02:40;9155;AV LUCIANO CARNEIRO;AV EDUARDO GIRAO;;;;Colisão Lateral;Via Iluminada;Bom;Seca;Cruz;Gesto;Residencial;0;1;1;1;0;0;0;0;0;0;0;0;-38,532811;-3,752275
298702;20;10;2016;05:59;0;AV CEL CARVALHO;;;1760;;Queda;Amanhecer;;;Meio de Quadra;;;0;1;0;0;0;0;0;0;0;1;0;0;-38,587809;-3,71803
298712;20;10;2016;07:26;0;AV JOAO PESSOA;;;4414;;Colisão;Luz do Dia;;;Meio de Quadra;;;0;1;1;1;0;0;0;0;0;1;0;0;-38,548904;-3,751804
298713;20;10;2016;07:41;0;AV AGUANAMBI;;;;;Colisão;Luz do Dia;;;Meio de Quadra;;;0;1;1;1;0;0;0;0;0;1;0;0;;
298714;20;10;2016;07:50;0;AV ROGACIANO LEITE;;;;;Queda;Luz do Dia;;;Meio de Quadra;;;0;1;0;0;0;0;0;0;0;1;0;0;;
298715;20;10;2016;07:52;0;RUA CEL FRANCISCO ALVES RIBEIRO;;;1350;;Atropelamento;Luz do Dia;;;Meio de Quadra;;;0;0;2;1;0;0;0;0;0;0;0;0;;
298716;20;10;2016;08:02;15137;RUA ILDEFONSO ALBANO;AV MON TABOSA;;;;Colisão;Luz do Dia;;;Cruz;Semáforo;Residencial;0;1;1;0;0;0;0;0;0;1;0;0;-38,510333;-3,724155
298717;20;10;2016;08:05;0;AV WASHINGTON SOARES;;;2340;;Colisão;Luz do Dia;;;Meio de Quadra;;;0;0;2;1;0;0;0;0;0;1;0;0;-38,481467;-3,777907
298704;20;10;2016;06:09;0;AV CEL CARVALHO;;;228;;Queda;Luz do Dia;;;Meio de Quadra;;;0;1;0;0;0;0;0;0;0;1;0;0;-38,59119;-3,704862
298705;20;10;2016;06:57;7760;AV ANTONIO SALES;RUA SILVA PAULET;;;;Colisão;Luz do Dia;;;Cruz;Semáforo;Comercial;0;1;1;1;0;0;0;0;0;0;0;0;-38,508383;-3,743595
298706;20;10;2016;07:15;0;RUA MARIO MAMEDE;;;;;Queda;Luz do Dia;;;Meio de Quadra;;;0;1;0;0;0;0;0;0;0;1;0;0;;
298707;20;10;2016;07:22;0;AV ENG HUMBERTO MONTE;;;2677;;Queda;Luz do Dia;Nublado;Molhada;Meio de Quadra;Semáforo;Comercial;0;1;2;0;0;0;0;0;0;1;0;0;;
298708;20;10;2016;07:24;0;AV DOS EXPEDICIONARIOS;;;4773;;Queda;Luz do Dia;;;Meio de Quadra;;;0;1;0;0;0;0;0;0;0;1;0;0;-38,53997;-3,760917
298721;20;10;2016;08:13;0;AV BAR STUDART;;;1957;;Queda;Luz do Dia;;;Meio de Quadra;;;0;1;0;0;0;0;0;0;0;1;0;0;-38,508554;-3,740703
298722;20;10;2016;08:14;19667;RUA DOM LINO;AV BEZERRA DE MENEZES;;;;Queda;Luz do Dia;;;;;;0;1;0;0;0;0;0;0;0;1;0;0;-38,557568;-3,734232
298837;20;10;2016;08:40;0;AV SEN CARLOS JEREISSATI (AEROPORTO);;;;KM 03;Colisão;Luz do Dia;Bom;Seca;Meio de Quadra;;;0;0;2;1;0;0;0;0;0;0;0;0;-38,544038;-3,779641
298832;20;10;2016;16:47;0;AV MIN JOSE AMERICO;;;;;Colisão;Luz do Dia;Bom;Seca;Meio de Quadra;;;0;0;3;1;0;0;1;0;0;0;0;0;;
298826;20;10;2016;02:50;0;RD CE-060;;;;KM-02;Choque c/ Obstáculo Fixo;;Bom;Seca;Meio de Quadra;;;0;0;1;0;0;0;1;0;0;0;0;0;-38,582918;-3,836668
298819;20;10;2016;10:45;5708;AV OLIVEIRA PAIVA;RUA MELO CESAR;;;;Colisão Lateral;Luz do Dia;Bom;Seca;T;Pare;Comercial;0;3;2;0;0;0;0;0;0;1;0;0;-38,502593;-3,79837
298820;20;10;2016;10:46;0;AV MAJ ASSIS;;;525;;Colisão;Luz do Dia;;;Meio de Quadra;;;0;1;1;1;0;0;0;0;0;1;0;0;-38,583322;-3,72406
298802;20;10;2016;09:34;0;AV PRS CASTELO BRANCO;;;;;Colisão;Luz do Dia;;;Meio de Quadra;;;0;1;1;1;0;0;0;0;0;1;0;0;;
298822;20;10;2016;11:02;0;AV AUGUSTO DOS ANJOS;;;1747;;Colisão;Luz do Dia;;;Meio de Quadra;;;0;1;1;1;0;0;0;0;0;1;0;0;-38,580203;-3,781366
298809;20;10;2016;09:39;0;RUA MARIA JULIA;;;1445;;Colisão;Luz do Dia;;;Meio de Quadra;;;0;1;1;0;0;0;0;0;0;1;0;0;-38,601177;-3,797126
298810;20;10;2016;09:42;11607;AV JOSE LEON;AV DR JOAO MACIEL FILHO;;;;Colisão;Luz do Dia;;;Cruz;Pare;Comercial;0;1;1;1;0;0;0;0;0;1;0;0;-38,496603;-3,78913
298811;20;10;2016;09:43;0;AV PRS CASTELO BRANCO;;;5000;;Colisão;Luz do Dia;;;Meio de Quadra;;;0;1;1;1;0;0;0;0;0;1;0;0;-38,576605;-3,705249
298795;20;10;2016;09:01;0;AV LUCIANO CARNEIRO;;;;;Queda;Luz do Dia;;;Meio de Quadra;;;0;1;0;0;0;0;0;0;0;1;0;0;;
298797;20;10;2016;09:25;0;AV JOAO PESSOA;;;;;Colisão;Luz do Dia;;;Meio de Quadra;;;0;1;1;1;0;0;0;0;0;1;0;0;;
298779;20;10;2016;08:15;0;AV GODOFREDO MACIEL;;;2841;;Colisão;Luz do Dia;;;Meio de Quadra;;;0;1;1;1;0;0;0;0;0;1;0;0;-38,571102;-3,800271
298781;20;10;2016;08:22;7409;RUA AUDISIO PINHEIRO;RUA PRO PAULO LOPES;;;;Atropelamento;Luz do Dia;;;Cruz;Pare;Residencial;0;1;1;0;0;0;0;0;0;1;0;0;-38,587319;-3,755634
298782;20;10;2016;08:35;1316;AV SANTOS DUMONT;RUA TIBURCIO CAVALCANTE;;3130;;Colisão Lateral;Luz do Dia;Bom;Seca;Cruz;Semáforo;Comercial;0;0;5;1;1;0;0;0;0;1;0;0;-38,502259;-3,734979
298830;20;10;2016;13:00;0;AV SEN CARLOS JEREISSATI (AEROPORTO);;;;KM 01;Colisão;Luz do Dia;Bom;Seca;Meio de Quadra;;;0;0;2;1;0;0;0;0;0;0;0;0;-38,52685;-3,783753
298846;20;10;2016;13:24;0;RUA MARIO MAMEDE;;;;;Colisão;Luz do Dia;;;Meio de Quadra;;;0;1;1;1;0;0;0;0;0;1;0;0;;
298848;20;10;2016;13:26;0;RUA HUMBERTO LOMEU;;;1110;;Colisão;Luz do Dia;;;Meio de Quadra;;;0;1;1;0;0;0;1;0;0;1;0;0;;
298842;20;10;2016;11:24;0;RUA VALPARAISO;;;393;;Atropelamento;Luz do Dia;;;Meio de Quadra;;;0;1;1;1;0;0;0;0;0;0;0;0;-38,52421;-3,845444
298843;20;10;2016;12:06;0;AV ALM BARROSO;;;668;;Colisão;Luz do Dia;;;Meio de Quadra;;;0;1;1;0;0;0;1;0;0;1;0;0;;
298908;20;10;2016;15:27;0;RUA DA MANGUEIRA;;;134;;Colisão;Luz do Dia;;;Meio de Quadra;;;0;1;2;1;0;0;0;0;0;1;0;0;-38,600889;-3,732174
298909;20;10;2016;16:00;0;AV PRS CASTELO BRANCO;;;4994;;Colisão;Luz do Dia;;;Meio de Quadra;;;0;1;1;1;0;0;0;0;0;1;0;0;-38,576553;-3,705274
298896;20;10;2016;13:27;0;RUA JOSE TORRES;;;;;Colisão;Luz do Dia;;;Meio de Quadra;;;0;1;1;0;0;0;1;0;0;1;0;0;;
298898;20;10;2016;14:04;2830;AV GAL OSORIO DE PAIVA;RUA OSCAR FRANCA;;;;Colisão;Luz do Dia;;;T;Semáforo;Residencial;0;1;0;0;0;0;0;0;0;0;0;0;-38,592113;-3,794473
298971;20;10;2016;18:47;7993;RUA DELMIRO FARIAS;RUA MACHADO DE ASSIS;;;;Colisão;;;;Cruz;Pare;Misto;0;1;1;1;0;0;0;0;0;1;0;0;-38,548361;-3,749533
298959;20;10;2016;18:18;10106;RUA MARIA JULIA;RUA CEL FABRICIANO;;;;Colisão;Anoitecer;;;Cruz;Pare;Comercial;0;1;1;1;0;0;0;0;0;1;0;0;-38,597824;-3,785602