COD_ACIDENTE;DIA;MES;ANO;HORA;INTERSECAO;LOG1;LOG2;LOG3;NUMERO;REFERENCIA;NATUREZA;ILUMINACAO;TEMPO;SUPERFICIEPISTA;TIPOCRUZAMENTO;CONTROLETRAFEGO;USOSOLO;MORTOS;FERIDOS;ILESOS;AUTOMOVEL;ONIBUS;BICICLETA;CAMINHAO;MICROONIBUS;CICLOMOTOR;MOTOCICLETA;TRACAOANIMAL;TREM;LONG;LAT
298960;20;10;2016;18:37;5328;AV TRISTAO GONCALVES;AV DUQ CAXIAS;;;;Colisão;;;;Cruz;Semáforo;Comercial;0;2;1;0;0;0;0;0;0;1;0;0;-38,534196;-3,7304
298955;20;10;2016;17:51;0;AV JOSE BASTOS;;;4160;;Colisão Traseira;Não Informado;Não Informado;Não informada;Não Informado;Gesto;Não Informado;0;0;4;1;0;0;0;0;0;0;0;0;-38,554763;-3,7543
298956;20;10;2016;18:08;0;AV GODOFREDO MACIEL;;;4739;;Colisão;Anoitecer;;;Meio de Quadra;;;0;0;2;1;0;0;0;0;0;1;0;0;-38,574582;-3,816977
298952;20;10;2016;17:47;0;AV WASHINGTON SOARES;;;;;Atropelamento;Anoitecer;;;Meio de Quadra;;;0;0;2;0;0;0;0;0;0;1;0;0;;
298928;20;10;2016;17:44;0;RUA TAILANDIA;;;638;;Atropelamento;Anoitecer;;;Meio de Quadra;;;0;1;1;0;1;0;0;0;0;0;0;0;;
298924;20;10;2016;17:01;9545;RUA LUMINOSA;RUA ARI MAIA;;;;Queda;Anoitecer;;;;;;0;1;0;0;0;1;0;0;0;0;0;0;-38,62067;-3,780783
298925;20;10;2016;17:27;0;RUA ROBERTO SILVA;;;423;;Atropelamento;Anoitecer;;;Meio de Quadra;;;0;1;1;0;0;0;0;0;0;1;0;0;-38,472738;-3,772319
299033;20;10;2016;21:24;0;AV BORGES DE MELO;;;;;Colisão;;;;Meio de Quadra;;;0;1;0;0;0;0;0;0;0;0;0;0;;
299020;20;10;2016;18:47;4114;RUA LUCAS PINTO;AV PRS CASTELO BRANCO;;;;Queda;;;;Duplo T;Semáforo;Comercial;0;1;0;0;0;0;0;0;0;1;0;0;-38,558025;-3,711416
299022;20;10;2016;18:58;6564;AV H CJ CEARA;AV G CJ CEARA;;;;Colisão;;;;T;Pare;Misto;0;1;1;1;0;0;0;0;0;1;0;0;;
300570;20;10;2016;17:42;0;RUA FRE CANECA;;;238;;Colisão;Anoitecer;;;Meio de Quadra;;;0;2;1;1;0;0;0;0;0;1;0;0;-38,508874;-3,785636
294333;20;10;2016;18:20;10995;RUA 15 DE NOVEMBRO;RUA ALM RUBIM;;;;Colisão;Anoitecer;;;Cruz;Semáforo;Comercial;0;1;1;0;0;0;0;0;0;0;0;0;-38,555939;-3,768907
294328;20;10;2016;11:30;0;AV PRS JUSCELINO KUBITSCHEK (PASSARÉ);AV PAROARAS;;4500;;Colisão Transversal;Luz do Dia;Bom;Seca;Cruz;Semáforo;Comercial;0;3;1;0;0;0;0;0;0;1;0;0;;
294330;20;10;2016;16:00;19009;RUA AVILA GOULART;RUA DES WALDETARIO P MOTA;;;;Colisão;Luz do Dia;;;Cruz;Semáforo;Residencial;0;1;1;1;0;0;0;0;0;0;0;0;-38,47916;-3,734478
294331;20;10;2016;16:50;0;RUA DOS COQUEIROS (EDSON QUEIROZ);;;;;Colisão;Luz do Dia;;;Meio de Quadra;;;0;0;2;0;0;0;0;0;0;0;0;0;;
294326;20;10;2016;20:05;0;RUA TAVARES COUTINHO;;;1870;;Colisão Lateral;Via Iluminada;Bom;Seca;Meio de Quadra;Não Há Controle;Comercial;0;1;2;1;0;0;0;0;0;1;0;0;-38,485919;-3,732555
294336;21;10;2016;13:50;5692;AV DES GONZAGA;RUA MARGARIDA DE QUEIROZ;;;;Colisão Lateral;Luz do Dia;Bom;Seca;Cruz;Pare;Comercial;0;0;6;1;0;0;0;0;0;1;0;0;-38,501753;-3,793168
294349;21;10;2016;16:10;22103;AV JOSE BASTOS;RUA MAJ WEYNE;;;;Colisão Lateral;Luz do Dia;Bom;Seca;Cruz;Pare;Comercial;0;1;3;1;0;0;0;0;0;1;0;0;-38,546895;-3,746466
294355;21;10;2016;17:30;0;AV GAL OSORIO DE PAIVA;;;5852;;Colisão;Anoitecer;;;Meio de Quadra;;;0;1;1;1;0;0;1;0;0;0;0;0;-38,60486;-3,807594
294357;21;10;2016;17:30;0;AV SEN FERNANDES TAVORA;RUA HELENA MARIA;;325;;Colisão Lateral;Luz do Dia;Bom;Seca;T;Pare;Escola;0;2;2;1;0;0;0;0;0;1;0;0;-38,574988;-3,766053
294359;21;10;2016;17:00;12636;RUA MISERICORDIA;RUA MARIA CLARA;;;;Colisão Transversal;Luz do Dia;Bom;Seca;Cruz;Pare;Comercial;0;0;4;1;0;0;0;0;0;1;0;0;-38,585658;-3,7254
294360;21;10;2016;09:00;0;AV DOMINGOS OLIMPIO;;;185;;Atropelamento;Luz do Dia;Bom;Seca;Meio de Quadra;Não Há Controle;Comercial;0;1;4;0;0;0;0;0;0;1;0;0;-38,526273;-3,738102
294361;21;10;2016;09:30;0;RUA BAR RIO BRANCO;;;1835;;Colisão Transversal;Luz do Dia;Bom;Seca;Não Informado;Não Há Controle;Comercial;0;1;3;1;0;0;0;0;0;1;0;0;-38,530745;-3,734276
294362;21;10;2016;09:50;6808;RUA DR GILBERTO STUDART;RUA CESAR FONSECA;;;;Colisão Transversal;Luz do Dia;Bom;Seca;Cruz;Pare;Residencial;0;0;3;1;1;0;0;0;0;0;0;0;-38,473843;-3,745919
300571;21;10;2016;18:03;255;RUA GAL BERNARDO FIGUEIREDO;RUA PEDRO DE QUEIROZ;;;;Colisão;Anoitecer;;;Cruz;Pare;Residencial;0;2;1;1;0;0;0;0;0;1;0;0;-38,559509;-3,741235
300573;21;10;2016;20:02;0;AV PRS CASTELO BRANCO;;;5818;;Atropelamento;;;;Meio de Quadra;;;0;1;1;1;0;0;0;0;0;0;0;0;-38,582394;-3,702572
300583;21;10;2016;20:46;0;RUA CEL JUCA;;;125;;Colisão;;;;Meio de Quadra;;;0;1;1;1;0;0;0;0;0;1;0;0;;
300586;21;10;2016;21:22;0;RUA BETEL;;;;;Atropelamento;;;;Meio de Quadra;;;0;1;1;1;0;0;0;0;0;0;0;0;;
300588;21;10;2016;21:24;0;RUA CREUSA ROCHA;;;681;;Colisão;;;;Meio de Quadra;;;0;1;1;0;0;0;0;0;0;1;0;0;;
300589;21;10;2016;22:15;0;RUA JUVENCIO BARROSO;;;528;;Atropelamento;;;;Meio de Quadra;;;0;1;1;0;0;0;0;0;0;1;0;0;-38,549451;-3,716221
300591;21;10;2016;22:25;0;RUA BELGICA;;;1050;;Colisão;;;;Meio de Quadra;;;0;2;0;0;0;0;0;0;0;0;0;0;-38,565497;-3,788418
300575;21;10;2016;20:45;0;RUA CEL JOAO OLIVEIRA;;;125;;Colisão;;;;Meio de Quadra;;;0;1;0;0;0;0;0;0;0;0;0;0;-38,492694;-3,822357
300669;21;10;2016;21:24;14800;RUA CREUSA ROQUE;RUA MANUEL DA NOBREGA;;;;Colisão;;;;;;;0;1;1;0;0;0;0;0;0;1;0;0;-38,584077;-3,800629
300675;21;10;2016;01:15;0;AV MON TABOSA;;;;;Colisão;;;;Meio de Quadra;;;0;1;0;0;0;0;0;0;0;0;0;0;;
300676;21;10;2016;03:43;1280;RUA PINTO MADEIRA;RUA ILDEFONSO ALBANO;;;;Colisão;;;;Cruz;Semáforo;Residencial;0;1;1;1;0;0;0;0;0;0;0;0;-38,513317;-3,73361
300679;21;10;2016;03:44;0;AV L CJ CEARA;;;;;Queda;;;;Meio de Quadra;;;0;1;0;0;0;0;0;0;0;1;0;0;;
300683;21;10;2016;04:19;12867;RUA JAIME BENEVOLO;RUA JOAQUIM MAGALHAES;;;;Colisão;;;;Cruz;Pare;Residencial;0;1;1;1;0;0;0;0;0;0;0;0;-38,527961;-3,739942
300689;21;10;2016;08:34;0;AV ODILON GUIMARAES;;;3677;;Colisão;Luz do Dia;;;Meio de Quadra;;;0;1;1;0;0;0;0;0;0;1;0;0;-38,469196;-3,815593
299052;21;10;2016;06:08;0;AV PERIMETRAL;;;21;;Queda;Luz do Dia;;;Meio de Quadra;;;0;1;0;0;0;0;0;0;0;1;0;0;;
299053;21;10;2016;06:12;0;RUA CESAR CORREIA;;;365;;Atropelamento;Luz do Dia;;;Meio de Quadra;;;0;1;1;1;0;0;0;0;0;0;0;0;;
299054;21;10;2016;06:16;0;RUA ANTONIO NERY;;;770;;Colisão;Luz do Dia;;;Meio de Quadra;;;0;2;0;0;0;0;0;0;0;0;0;0;-38,600691;-3,779928
299043;21;10;2016;01:46;0;RUA DOMINGOS DA VEIGA;;;;;Queda;;;;Meio de Quadra;;;0;1;0;0;0;0;0;0;0;1;0;0;;
299049;21;10;2016;02:15;5030;AV ALM BARROSO;RUA ALM JACEGUAI;;;;Colisão;;;;T;Semáforo Intermitente;Lazer;0;2;0;0;0;0;0;0;0;0;0;0;-38,519363;-3,720749
299073;21;10;2016;10:26;796;RUA ASP MENDES;RUA TEN JOAO ALBANO;;1091;;Colisão Transversal;Luz do Dia;Bom;Seca;Cruz;Pare;Comercial;0;1;2;1;0;0;0;0;0;1;0;0;-38,513608;-3,772068
299078;21;10;2016;11:00;0;RUA DAMIAO FERNANDES;;;;;Colisão;Luz do Dia;;;Meio de Quadra;;;0;1;1;1;0;0;0;0;0;1;0;0;;
299079;21;10;2016;12:22;0;RUA JOSE LUCAS;;;;;Colisão;Luz do Dia;;;Meio de Quadra;;;0;1;1;1;0;0;0;0;0;1;0;0;;
299080;21;10;2016;12:22;0;AV DEP PAULINO ROCHA;;;;SEMAM;Colisão Frontal;Luz do Dia;Bom;Seca;T;Pare;Comercial;0;1;3;1;0;0;0;0;0;1;0;0;;
299065;21;10;2016;07:27;0;RUA RIO BRANCO;;;1823;;Colisão;Luz do Dia;;;Meio de Quadra;;;0;1;1;1;0;0;0;0;0;1;0;0;;
299067;21;10;2016;07:37;0;RUA FRE MANSUETO;;;106;;Queda;Luz do Dia;;;Meio de Quadra;;;0;1;0;0;0;0;0;0;0;1;0;0;-38,489484;-3,725505
299070;21;10;2016;08:50;2494;AV 20 DE JANEIRO;RUA GRACA ARANHA;;;;Colisão;Luz do Dia;;;;;;0;2;1;1;0;0;0;0;0;1;0;0;-38,573603;-3,709479
299061;21;10;2016;07:10;0;AV BEZERRA DE MENEZES;;;;;Colisão;Luz do Dia;;;Meio de Quadra;;;0;1;1;1;0;0;0;0;0;1;0;0;;
299062;21;10;2016;07:10;0;AV FRE CIRILO;;;3571;;Atropelamento;Luz do Dia;;;Meio de Quadra;;;0;1;1;1;0;0;0;0;0;0;0;0;-38,498157;-3,815613
299101;21;10;2016;16:39;0;RUA OSCAR ARARIPE;;;1178;;Colisão;Luz do Dia;;;Meio de Quadra;;;0;1;1;1;0;0;0;0;0;1;0;0;-38,601953;-3,790357
299108;21;10;2016;17:08;0;RUA VALPARAISO;;;;;Colisão;Anoitecer;;;Meio de Quadra;;;0;1;0;0;0;0;0;0;0;0;0;0;;
299093;21;10;2016;12:29;0;AV CEL CARVALHO;;;;;Colisão;Luz do Dia;;;Meio de Quadra;;;0;1;1;1;0;0;0;0;0;1;0;0;;
299094;21;10;2016;13:10;0;AV CEL CARVALHO;;;;;Colisão;Luz do Dia;;;Meio de Quadra;;;0;2;0;0;0;0;0;0;0;0;0;0;;
299098;21;10;2016;16:17;0;RUA DOM PEDRO II;;;;;Colisão;Luz do Dia;;;Meio de Quadra;;;0;1;1;1;0;0;0;0;0;1;0;0;;
299099;21;10;2016;16:33;0;RUA JOAQUIM LIMA;;;536;;Colisão;Luz do Dia;;;Meio de Quadra;;;0;1;0;0;0;0;0;0;0;0;0;0;-38,481681;-3,740704
291871;21;10;2016;20:30;0;RUA CUIABA;;;152;;Atropelamento;;;;Meio de Quadra;;;1;0;1;0;0;0;0;0;0;1;0;0;-38,574933;-3,771163
298902;21;10;2016;14:00;0;RD CE-040;;;;KM-08;Colisão;Luz do Dia;Bom;Seca;Meio de Quadra;;;0;0;2;1;0;0;0;0;0;0;0;0;-38,483033;-3,817159
298904;21;10;2016;18:50;0;RD CE-040;;;;KM-01;Colisão;;Bom;Seca;Meio de Quadra;;;0;0;2;1;0;0;0;0;0;0;0;0;-38,48666;-3,758119
298839;21;10;2016;09:00;0;AV SEN CARLOS JEREISSATI (AEROPORTO);;;;KM 01;Colisão;Luz do Dia;Bom;Seca;Meio de Quadra;;;0;0;2;0;1;0;0;0;0;0;0;0;-38,52685;-3,783753
298840;21;10;2016;12:00;0;RD CE-040;;;;KM-02;Colisão;Luz do Dia;Bom;Seca;Meio de Quadra;;;0;0;3;1;0;0;0;0;0;0;0;0;-38,482583;-3,76465
292230;21;10;2016;15:35;0;AV AGUANAMBI;;;155;;Colisão Traseira;Luz do Dia;;;Meio de Quadra;;;0;0;2;1;0;0;0;0;0;0;0;0;-38,524598;-3,738607
292235;21;10;2016;07:00;0;AV PRS COSTA E SILVA;;;3000;;Colisão Lateral;Luz do Dia;;;Meio de Quadra;;;1;0;1;0;0;0;1;0;1;0;0;0;-38,541627;-3,825151
292250;21;10;2016;06:50;15991;RUA GAL ONOFRE;RUA 26 BATALHAO;;;;Colisão Lateral;Luz do Dia;;;;;;0;1;1;1;0;0;0;0;0;1;0;0;;
292260;21;10;2016;17:00;18278;AV HIS RAIMUNDO GIRAO;AV ALM BARROSO;;;;Colisão Lateral;Anoitecer;;;Y;Pare;Comercial;0;0;2;1;0;0;1;0;0;0;0;0;-38,515877;-3,720277
292282;21;10;2016;11:20;9155;AV LUCIANO CARNEIRO;AV EDUARDO GIRAO;;;;Colisão Transversal;Luz do Dia;;;Cruz;Gesto;Residencial;0;0;2;1;0;0;0;0;0;0;0;0;-38,532811;-3,752275
292283;21;10;2016;19:00;0;RUA BERNARDO MANUEL;;;9964;;Colisão Traseira;;;;Meio de Quadra;;;0;1;1;0;0;0;0;0;0;1;0;0;-38,553137;-3,804464
292279;21;10;2016;19:38;0;AV CONTORNO (CASTELÃO);;;;;Colisão Traseira;;;;Meio de Quadra;;;0;0;2;1;0;0;0;0;0;0;0;0;;
292286;21;10;2016;13:15;0;RUA MAJ PEDRO SAMPAIO;;;1281;;Colisão;Luz do Dia;;;Meio de Quadra;;;0;0;2;1;0;0;0;0;0;0;0;0;;
292292;21;10;2016;12:50;0;AV PRS CASTELO BRANCO;;;2345;;Colisão Lateral;Luz do Dia;;;Meio de Quadra;;;0;0;2;0;0;0;1;0;0;0;0;0;-38,5488;-3,71365
292289;21;10;2016;13:00;1716;AV GAL MURILO BORGES;AV GOV RAUL BARBOSA;;;;Colisão Lateral;Luz do Dia;;;;Outros;Lazer;0;0;2;1;0;0;0;0;0;0;0;0;-38,508802;-3,763977
292296;21;10;2016;14:20;7775;AV ANTONIO SALES;AV BAR STUDART;;;;Colisão Lateral;Luz do Dia;;;Cruz;Semáforo;Comercial;0;0;2;1;1;0;0;0;0;0;0;0;-38,509378;-3,743288
292297;21;10;2016;14:30;15360;AV DOM LUIS;AV DES MOREIRA;;;;Colisão Lateral;Luz do Dia;;;Rotatória;Não Há Controle;Comercial;0;0;2;0;1;0;0;0;0;0;0;0;-38,497383;-3,733239
302330;21;10;2016;08:10;0;RUA PRO FRANCISCO GONCALVES;;;1300;;Colisão Lateral;Luz do Dia;Bom;Seca;Meio de Quadra;Não Há Controle;Residencial;0;0;1;1;0;0;0;0;0;0;0;0;-38,492362;-3,749689
302318;21;10;2016;13:00;0;RUA VITAL BRASIL;;;1701;;Colisão Traseira;Luz do Dia;Bom;Seca;Meio de Quadra;Não Há Controle;Comercial;0;1;1;1;0;0;0;0;0;0;0;0;-38,596074;-3,778557
302319;21;10;2016;12:28;17309;AV PRO GOMES DE MATOS;RUA ALFREDO DE CASTRO;;1150;;Colisão Lateral;Via Iluminada;Bom;Seca;T;Não Há Controle;Comercial;0;1;3;1;0;0;0;0;0;0;0;0;-38,548267;-3,764234
302320;21;10;2016;13:40;10030;RUA TAUBATE;RUA SOUSA CARVALHO;;0;;Colisão Transversal;Luz do Dia;Bom;Seca;Cruz;Não Há Controle;Residencial;0;0;1;1;0;0;0;0;0;0;0;0;-38,598758;-3,780789
302321;21;10;2016;16:27;0;AV OLIVEIRA PAIVA;;;2633;;Colisão Traseira;Luz do Dia;Bom;Seca;Meio de Quadra;Semáforo;Comercial;0;0;2;1;0;0;0;0;0;0;0;0;-38,483397;-3,79602
302322;21;10;2016;17:14;0;AV GOV PARSIFAL BARROSO;;;0;TUNEL;Colisão Lateral;Luz do Dia;Bom;Seca;Meio de Quadra;Não Há Controle;Residencial;0;0;2;1;0;0;0;0;0;0;0;0;;
302323;21;10;2016;18:09;1716;AV GAL MURILO BORGES;AV GOV RAUL BARBOSA;;;;Colisão Transversal;Via Iluminada;Bom;Não informada;Rotatória;Dê Preferência;Comercial;0;0;1;1;0;0;0;0;0;0;0;0;-38,508802;-3,763977
302324;21;10;2016;21:29;26091;AV JOSE JATAHY;AV JOVITA FEITOSA;;0;;Colisão Transversal;Via Iluminada;Bom;Seca;Cruz;Semáforo;Residencial;0;0;2;0;0;0;0;0;0;1;0;0;-38,543936;-3,737273
302300;21;10;2016;07:51;5758;AV OLIVEIRA PAIVA;RUA VALTER DE CASTRO;;0;;Colisão Transversal;Luz do Dia;Bom;Seca;Outros;Não Há Controle;Comercial;0;0;1;1;0;0;0;0;0;0;0;0;-38,493446;-3,795578
302301;21;10;2016;09:04;24990;AV PRS COSTA E SILVA;AV PRS JUSCELINO KUBITSCHEK (PASSARÉ);;;;Colisão Traseira;Luz do Dia;Bom;Seca;T;Semáforo;Comercial;0;1;1;1;0;0;0;0;0;1;0;0;-38,539516;-3,825648
302302;21;10;2016;09:00;5026;RUA GERSON GRADWOHL;RUA GUILHERME BLHUM;;0;;Colisão Transversal;Luz do Dia;Bom;Seca;Cruz;Não Há Controle;Residencial;0;0;2;0;0;0;0;0;0;0;0;0;-38,522083;-3,720615
302303;21;10;2016;09:57;17414;RUA 15 DE NOVEMBRO;RUA ZACARIAS GONDIM;;0;;Colisão Transversal;Luz do Dia;Bom;Seca;Cruz;Pare;Comercial;0;0;2;0;0;0;0;0;0;0;0;0;-38,558445;-3,768021
302304;21;10;2016;10:20;0;RUA ALBERTO MAGNO;;;515;;Colisão Traseira;Luz do Dia;Bom;Seca;Meio de Quadra;Não Há Controle;Comercial;0;0;2;0;0;0;0;0;0;1;0;0;-38,545986;-3,760304
302305;21;10;2016;11:00;0;AV DOM LUIS;;;0;PRACA PORTUGAL;Colisão Transversal;Luz do Dia;Bom;Não informada;Rotatória;Semáforo;Comercial;0;0;2;1;1;0;0;0;0;0;0;0;;
302325;22;10;2016;04:40;0;AV PRS COSTA E SILVA;;;591;;Colisão Lateral;Via Iluminada;Nublado;Molhada;Meio de Quadra;Não Há Controle;Comercial;0;0;2;0;1;0;0;0;0;0;0;0;;
302326;22;10;2016;06:10;0;AV ANTONIO JUSTA;;;3330;;Engavetamento;Luz do Dia;Não Informado;Seca;Outros;Semáforo;Residencial;0;0;3;1;0;0;0;0;0;0;0;0;;
302327;22;10;2016;08:37;0;RUA MON CATAO;;;1400;;Colisão Transversal;Luz do Dia;Bom;Seca;Cruz;Não Há Controle;Comercial;0;0;2;1;0;0;0;0;0;0;0;0;-38,492289;-3,744074
302331;22;10;2016;13:55;0;AV ANTONIO SALES;RUA OSVALDO CRUZ (ALDEOTA);;241;;Colisão Traseira;Luz do Dia;Bom;Seca;Cruz;Semáforo;Residencial;0;0;5;1;0;0;0;0;0;1;0;0;-38,519243;-3,740204
302332;22;10;2016;11:30;0;RUA RAIMUNDO FROTA;;;50;;Colisão Traseira;Luz do Dia;Bom;Seca;Meio de Quadra;Não Há Controle;Residencial;0;0;1;0;0;0;0;0;0;1;0;0;-38,581643;-3,715214
302333;22;10;2016;13:11;0;RUA MARGARIDA DE QUEIROZ;RD BR 116;;0;;Colisão Lateral;Luz do Dia;Bom;Seca;T;Pare;Comercial;0;0;2;0;0;0;0;0;0;0;0;0;-38,507215;-3,795658
302334;22;10;2016;15:00;14841;TR REJANE;RUA PDE RODOLFO;;0;;Colisão Transversal;Luz do Dia;Bom;Seca;Cruz;Pare;Residencial;0;0;1;1;0;0;0;0;0;0;0;0;-38,584954;-3,805515
302335;22;10;2016;15:30;0;RUA RIO GRANDE DO NORTE;;;1188;;Colisão Traseira;Luz do Dia;Bom;Seca;Meio de Quadra;Não Há Controle;Residencial;0;0;2;0;0;0;0;0;0;0;0;0;-38,567016;-3,758971
302336;22;10;2016;16:40;0;RUA TIBURCIO CAVALCANTE;;;918;;Colisão Traseira;Luz do Dia;Bom;Seca;Meio de Quadra;Não Há Controle;Residencial;0;0;2;0;0;0;0;0;0;0;0;0;-38,501661;-3,733141
302329;22;10;2016;10:28;9155;AV LUCIANO CARNEIRO;AV EDUARDO GIRAO;;0;;Engavetamento;Luz do Dia;Bom;Seca;Meio de Quadra;Semáforo;Escola;0;0;3;1;0;0;0;0;0;0;0;0;-38,532811;-3,752275
302549;22;10;2016;20:00;0;AV BEIRA MAR;;;2340;;Colisão Transversal;Via Iluminada;Bom;Seca;Meio de Quadra;Não Há Controle;Comercial;0;0;1;1;0;0;0;0;0;0;0;0;-38,499606;-3,724991
301815;22;10;2016;13:06;0;AV JOSE LEON;;;1601;;Colisão Transversal;Luz do Dia;Bom;Seca;T;Pare;Residencial;0;0;1;1;0;0;0;0;0;1;0;0;-38,497001;-3,789018
302851;22;10;2016;03:08;1280;RUA ILDEFONSO ALBANO;RUA PINTO MADEIRA;;0;;Colisão Lateral;Via Iluminada;Bom;Molhada;Cruz;Não Há Controle;Residencial;0;0;2;1;0;0;0;0;0;0;0;0;-38,513317;-3,73361
292138;22;10;2016;09:00;15668;RUA MUNIZ FREIRE;RUA EUDES CARDOSO;;;;Colisão Transversal;Luz do Dia;Nublado;Seca;Cruz;Dê Preferência;Comercial;0;0;2;0;1;0;0;0;0;0;0;0;-38,488468;-3,825952
292107;22;10;2016;08:11;17399;RUA ISAIE BORIS;RUA PERU;;;;Colisão Traseira;Luz do Dia;Chuva;Molhada;Cruz;Semáforo;Comercial;0;0;2;1;1;0;0;0;0;0;0;0;-38,549634;-3,767501
292113;22;10;2016;09:00;0;RUA PEDRO DANTAS;;;530;;Colisão Traseira;Luz do Dia;Bom;Seca;Meio de Quadra;Não Há Controle;Residencial;0;0;2;1;0;0;0;0;0;0;0;0;-38,522467;-3,785807
292109;22;10;2016;20:00;3969;RUA PRO COSTA MENDES;RUA FRE ORLANDO;;;;Outros;Via Iluminada;Bom;Seca;Cruz;Pare;Residencial;0;1;1;1;0;0;0;0;0;1;0;0;-38,546297;-3,755259
292119;22;10;2016;06:00;5209;RUA TEN BENEVOLO;RUA JOAO CORDEIRO;;;;Colisão;Luz do Dia;Nublado;Seca;Cruz;Semáforo;Residencial;0;2;0;1;0;0;0;0;0;0;0;0;-38,513424;-3,726514
292117;22;10;2016;20:12;15909;RUA VENEZA;RUA PDE PEDRO DE ALENCAR;;;;Colisão Frontal;Luz do Dia;Bom;Seca;T;Semáforo;Residencial;0;0;2;1;0;0;0;0;0;0;0;0;-38,494157;-3,836296
292122;22;10;2016;16:00;0;AV PRS CASTELO BRANCO;;;3270;;Capotamento;Anoitecer;Bom;Seca;Meio de Quadra;Não Há Controle;Residencial;0;3;1;1;0;0;0;0;0;0;0;0;-38,560267;-3,710712
292132;22;10;2016;16:40;5086;RUA SAO PAULO;RUA PDE MORORO;;;;Colisão Transversal;Luz do Dia;Bom;Seca;Cruz;Semáforo;Residencial;0;0;2;1;0;0;0;0;0;0;0;0;-38,536741;-3,722996
292126;22;10;2016;04:00;11768;AV FILOMENO GOMES;AV PRS CASTELO BRANCO;;;;Colisão Transversal;Via Iluminada;Bom;Seca;T;Semáforo;Outros;0;0;2;1;0;0;1;0;0;0;0;0;-38,541982;-3,715542
292127;22;10;2016;15:15;12685;AV CEL CARVALHO;AV DA INDEPENDENCIA;;;;Colisão Traseira;Luz do Dia;Bom;Seca;Cruz;Semáforo;Comercial;0;0;2;1;0;0;0;0;0;0;0;0;-38,584952;-3,728711
292128;22;10;2016;17:00;0;RUA AFONSO LOPES;;;304;;Colisão Transversal;Via Iluminada;Bom;Seca;Meio de Quadra;Não Há Controle;Residencial;0;0;2;1;0;0;0;0;0;1;0;0;;
303299;22;10;2016;17:00;0;RUA GASPAR LEMOS;;;368;;Atropelamento de Animal;Anoitecer;;;Meio de Quadra;;;0;1;0;0;0;0;0;0;0;1;0;0;;
303295;22;10;2016;16:15;0;AV PRS CASTELO BRANCO;;;3249;;Colisão;Luz do Dia;;;Meio de Quadra;;;0;3;0;0;0;0;0;0;0;0;0;0;-38,560165;-3,710742
303296;22;10;2016;16:20;0;AV GODOFREDO MACIEL;;;2640;;Queda;Luz do Dia;;;Meio de Quadra;;;0;1;0;0;0;0;0;0;0;1;0;0;-38,570546;-3,798534
303325;22;10;2016;19:38;0;AV WASHINGTON SOARES;;;;;Queda;;;;Meio de Quadra;;;0;1;0;0;0;1;0;0;0;0;0;0;;
303327;22;10;2016;19:54;0;AV BEIRA MAR;;;3430;;Colisão;;;;Meio de Quadra;;;0;2;1;0;0;0;0;0;0;1;0;0;-38,490532;-3,724898
303329;22;10;2016;20:03;7654;RUA PERNAMBUCO;RUA MATO GROSSO;;;;Atropelamento;;;;;;;0;1;1;1;0;0;0;0;0;0;0;0;-38,566663;-3,761191
303330;22;10;2016;20:06;0;AV JOSE BASTOS;;;1396;;Atropelamento;;;;Meio de Quadra;;;0;0;2;0;0;0;0;0;0;1;0;0;;
303331;22;10;2016;20:29;7152;AV DR THEBERGE;RUA FELIPE CAMARAO;;;;Colisão;;;;;;;0;1;0;0;0;0;0;0;0;0;0;0;-38,56272;-3,707899
303332;22;10;2016;20:36;22597;RUA MARCELINO LOPES;RUA EUNICE WEVER D57;;;;Colisão;;;;;;;0;1;0;0;0;0;0;0;0;0;0;0;-38,462376;-3,791661
303305;22;10;2016;17:03;5434;AV HERACLITO GRACA;AV DOM MANUEL;;;;Colisão;Anoitecer;;;Cruz;Semáforo;Comercial;0;1;1;1;0;0;0;0;0;1;0;0;-38,522952;-3,734013
303307;22;10;2016;17:07;0;AV CEL CARVALHO;;;3573;;Atropelamento;Anoitecer;;;Meio de Quadra;;;0;1;1;0;0;0;0;0;0;1;0;0;;
303309;22;10;2016;17:13;17632;RUA AFONSO LOPES;RUA JOAO FRANCA (PQ. 2 IRMÃOS);;;;Colisão;Anoitecer;;;Cruz;Pare;Residencial;0;1;1;1;0;0;0;0;0;1;0;0;-38,54901;-3,795689
303315;22;10;2016;17:26;1325;AV SANTOS DUMONT;RUA JOAQUIM NABUCO;;;;Colisão;Anoitecer;;;Cruz;Semáforo;Comercial;0;1;0;0;0;0;0;0;0;0;0;0;-38,501285;-3,735295
303316;22;10;2016;17:29;0;RUA MOURA MATOS;;;1505;;Atropelamento;Anoitecer;;;Meio de Quadra;;;0;1;1;0;0;0;0;0;0;1;0;0;-38,54314;-3,81283
303317;22;10;2016;18:12;0;AV PRS CASTELO BRANCO;;;;;Capotamento;Anoitecer;;;Meio de Quadra;;;0;1;0;1;0;0;0;0;0;0;0;0;;