COD_ACIDENTE;DIA;MES;ANO;HORA;INTERSECAO;LOG1;LOG2;LOG3;NUMERO;REFERENCIA;NATUREZA;ILUMINACAO;TEMPO;SUPERFICIEPISTA;TIPOCRUZAMENTO;CONTROLETRAFEGO;USOSOLO;MORTOS;FERIDOS;ILESOS;AUTOMOVEL;ONIBUS;BICICLETA;CAMINHAO;MICROONIBUS;CICLOMOTOR;MOTOCICLETA;TRACAOANIMAL;TREM;LONG;LAT
303338;22;10;2016;21:24;0;RUA B CJ RESD GUAJERU;;;46;;Queda;;;;Meio de Quadra;;;0;1;0;0;0;1;0;0;0;0;0;0;;
303342;22;10;2016;21:45;13594;RUA CAP GUSTAVO;AV PONTES VIEIRA;;;;Queda;;;;Cruz;Semáforo;Comercial;0;1;0;0;0;1;0;0;0;0;0;0;-38,517125;-3,753153
303344;22;10;2016;21:45;17501;AV ABOLICAO;RUA MANUEL JESUINO;;;;Colisão;;;;;;;0;1;0;0;0;0;0;0;0;0;0;0;-38,484515;-3,725398
303345;22;10;2016;22:43;0;AV PRS COSTA E SILVA;;;;;Atropelamento;;;;Meio de Quadra;;;0;2;1;0;0;0;0;0;0;1;0;0;;
291872;22;10;2016;09:00;0;RUA CEL JOAO OLIVEIRA;;;250;;Atropelamento;Luz do Dia;Nublado;Seca;Meio de Quadra;Pare;Residencial;1;0;1;0;0;0;0;0;0;0;0;0;-38,492463;-3,822281
300687;22;10;2016;08:02;0;AV H CJ CEARA;;;1106;;Queda;Luz do Dia;;;Meio de Quadra;;;0;1;0;0;0;0;0;0;0;1;0;0;-38,607507;-3,775435
300703;22;10;2016;09:03;0;AV FRANCISCO SA;;;;;Colisão;Luz do Dia;;;Meio de Quadra;;;0;1;1;1;0;1;0;0;0;0;0;0;;
300704;22;10;2016;09:14;0;AV GODOFREDO MACIEL;;;4036;;Colisão;Luz do Dia;;;Meio de Quadra;;;0;1;1;1;0;0;0;0;0;1;0;0;-38,574205;-3,810165
300747;22;10;2016;09:55;0;AV A CJ CEARA;;;1454;;Colisão;Luz do Dia;;;Meio de Quadra;;;0;1;1;1;0;0;0;0;0;0;0;0;-38,605654;-3,774169
300753;22;10;2016;10:00;0;AV DR SILAS MUNGUBA;;;4392;;Colisão;Luz do Dia;;;Meio de Quadra;;;0;1;1;1;0;0;0;0;0;1;0;0;-38,535227;-3,79289
300754;22;10;2016;10:55;0;RUA JOAQUIM M DE MACEDO;;;2003;;Colisão;Luz do Dia;;;Meio de Quadra;;;0;1;1;1;0;0;0;0;0;1;0;0;-38,587918;-3,769387
300764;22;10;2016;11:10;0;AV 13 DE MAIO;;;1367;;Atropelamento;Luz do Dia;;;Meio de Quadra;;;0;1;1;0;0;0;0;0;0;1;0;0;-38,530803;-3,748068
300595;22;10;2016;00:07;14887;RUA JOSE ONOFRE;AV CONTORNO SUL D71;;;;Queda;;;;;;;0;1;0;0;0;0;0;0;0;1;0;0;-38,59071;-3,808033
300766;22;10;2016;11:52;0;AV GODOFREDO MACIEL;;;3407;;Colisão;Luz do Dia;;;Meio de Quadra;;;0;1;1;1;0;0;0;0;0;1;0;0;-38,572597;-3,805055
300768;22;10;2016;11:56;22167;AV JOSE BASTOS;RUA TAVARES IRACEMA;;3250;;Colisão Transversal;Luz do Dia;Bom;Seca;T;Pare;Comercial;0;0;4;1;0;0;0;0;0;0;0;0;-38,55277;-3,752313
300773;22;10;2016;13:26;0;RUA AQUIRAZ;;;200;;Queda;Luz do Dia;;;Meio de Quadra;;;0;1;0;0;0;1;0;0;0;0;0;0;-38,546133;-3,75656
300774;22;10;2016;14:08;1522;RUA CEL JUCA;RUA EDUARDO GARCIA;;;;Colisão;Luz do Dia;;;Cruz;Pare;Residencial;0;2;0;0;0;0;0;0;0;1;0;0;-38,492166;-3,740419
300777;22;10;2016;14:14;0;RUA GRANJA CASTELO;;;60;;Colisão;Luz do Dia;;;Meio de Quadra;;;0;1;0;0;0;0;0;0;0;0;0;0;-38,500185;-3,831401
300770;22;10;2016;12:30;0;RUA RAUL CABRAL;;;646;;Colisão;Luz do Dia;;;Meio de Quadra;;;0;1;1;1;0;0;0;0;0;1;0;0;-38,544246;-3,769095
300771;22;10;2016;13:22;0;RUA EQUADOR;;;920;;Colisão;Luz do Dia;;;Meio de Quadra;;;0;1;1;1;0;0;0;0;0;0;0;0;-38,552868;-3,775505
300790;22;10;2016;15:01;0;RUA JOAO GENTIL;;;;;Queda;Luz do Dia;;;Meio de Quadra;;;0;0;1;0;0;0;0;0;0;1;0;0;;
300792;22;10;2016;15:07;1242;RUA COSTA BARROS;RUA DR JOSE LOURENCO;;;;Colisão Lateral;Luz do Dia;Bom;Seca;Cruz;Pare;Comercial;0;0;4;1;0;0;0;0;0;0;0;0;-38,506927;-3,73187
300794;22;10;2016;15:40;0;AV DEP PAULINO ROCHA;;;;;Atropelamento;Luz do Dia;;;Meio de Quadra;;;0;1;1;0;0;0;0;0;0;1;0;0;;
294368;22;10;2016;10:30;0;AV RAD JOSE LIMA VERDE;;;520;;Colisão;Luz do Dia;;;Meio de Quadra;;;0;1;1;1;0;1;0;0;0;0;0;0;-38,586407;-3,696343
294375;22;10;2016;15:20;15832;RUA PDE PEDRO DE ALENCAR;RUA TEN JURANDIR ALENCAR;;;;Colisão Transversal;Não Informado;Bom;Seca;Cruz;Semáforo;Comercial;0;1;3;0;0;0;0;0;0;1;0;0;-38,493981;-3,831674
294371;22;10;2016;12:45;0;AV I CJ JOSE WALTER;;;855;;Colisão;Luz do Dia;;;Meio de Quadra;;;0;2;1;1;0;0;0;0;0;1;0;0;;
294372;22;10;2016;14:15;25324;AV ODILON GUIMARAES;RUA CAJAZEIRAS;;;;Choque c/ Obstáculo Fixo;Luz do Dia;Nublado;Seca;T;Pare;Residencial;0;0;2;1;0;0;0;0;0;0;0;0;;
294383;23;10;2016;21:10;0;AV C CJ CEARA;RUA MIN ALBUQUERQUE LIMA;;;;Colisão Lateral;Via Iluminada;Bom;Seca;Meio de Quadra;;;0;1;3;1;0;0;0;0;0;1;0;0;;
294386;23;10;2016;01:30;0;RUA MARCILIO DIAS;;;496;;Colisão;;;;Meio de Quadra;;;0;0;2;0;0;0;1;0;0;0;0;0;-38,550275;-3,711925
291748;23;10;2016;08:30;19553;AV GODOFREDO MACIEL;RUA CAP AMERICO MENEZES;;;;Colisão;Luz do Dia;;;T;Semáforo;Residencial;1;0;1;0;0;1;0;0;0;0;0;0;-38,565741;-3,782952
303346;23;10;2016;00:02;0;RUA GERALDO BARBOSA;;;1203;;Colisão;;;;Meio de Quadra;;;0;1;0;0;0;0;0;0;0;0;0;0;-38,603016;-3,791574
303347;23;10;2016;00:52;0;RUA ULISSES MAGALHAES;;;;;Colisão;;;;Meio de Quadra;;;0;1;0;0;0;0;0;0;0;0;0;0;;
303348;23;10;2016;03:51;0;AV PERIMETRAL;;;2904;;Queda;;;;Meio de Quadra;;;0;1;0;0;0;0;0;0;0;1;0;0;;
303354;23;10;2016;06:40;0;RUA RIO BRANCO;;;;;Colisão;Luz do Dia;;;Meio de Quadra;;;0;1;1;0;0;0;0;0;0;1;0;0;;
303355;23;10;2016;07:19;0;AV MR HULL;;;;;Atropelamento;Luz do Dia;;;Meio de Quadra;;;0;0;2;0;0;0;0;0;0;1;0;0;;
303356;23;10;2016;07:29;0;AV GOV RAUL BARBOSA;;;;;Colisão;Luz do Dia;;;Meio de Quadra;;;0;1;1;1;0;0;0;0;0;1;0;0;;
303351;23;10;2016;03:54;0;RUA TEODOMIRO DE CASTRO;;;4070;;Queda;;;;Meio de Quadra;;;0;1;0;0;0;1;0;0;0;0;0;0;-38,570007;-3,71994
303352;23;10;2016;05:41;5302;AV TRISTAO GONCALVES;RUA PEDRO I;;;;Colisão;Amanhecer;;;Cruz;Semáforo;Comercial;0;1;0;0;0;0;0;0;0;0;0;0;-38,533927;-3,729523
303374;23;10;2016;09:26;0;RUA VER PAULO MAMEDE;;;;;Queda;Luz do Dia;;;Meio de Quadra;;;0;0;2;0;0;1;0;0;0;0;0;0;;
303375;23;10;2016;10:34;0;RUA EMILIO SA;;;93;;Queda;Luz do Dia;;;Meio de Quadra;;;0;2;0;0;0;0;0;0;0;1;0;0;;
303372;23;10;2016;09:21;0;AV DEP PAULINO ROCHA;;;46;;Colisão;Luz do Dia;;;Meio de Quadra;;;0;1;1;1;0;0;0;0;0;1;0;0;-38,507467;-3,801657
303382;23;10;2016;11:44;25182;AV DOMINGOS OLIMPIO;RUA DOM GERONIMO;;;;Colisão;Luz do Dia;;;Meio de Quadra;Não Há Controle;Comercial;0;1;1;1;0;0;0;0;0;1;0;0;;
303387;23;10;2016;11:53;0;AV GENIBAU;;;;;Colisão;Luz do Dia;;;Meio de Quadra;;;0;2;1;1;0;0;0;0;0;1;0;0;;
303388;23;10;2016;12:15;0;AV CEL CARVALHO;;;1035;;Colisão;Luz do Dia;;;Meio de Quadra;;;0;1;1;1;0;0;0;0;0;1;0;0;-38,589499;-3,711238
303389;23;10;2016;14:15;15227;AV ABOLICAO;AV DES MOREIRA;;;;Colisão;Luz do Dia;;;Cruz;Semáforo;Comercial;0;1;1;1;0;0;0;0;0;1;0;0;-38,495474;-3,727331
303393;23;10;2016;14:37;0;RUA JULIO SILVA;;;;;Queda;Luz do Dia;;;Meio de Quadra;;;0;1;0;0;0;1;0;0;0;0;0;0;;
303400;23;10;2016;15:39;0;RUA ISAC AMARAL;;;3003;;Colisão;Luz do Dia;;;Meio de Quadra;;;0;1;0;0;0;0;0;0;0;0;0;0;;
303401;23;10;2016;16:18;0;RUA JORGE ACURCIO;;;;;Queda;Luz do Dia;;;Meio de Quadra;;;0;1;0;0;0;0;0;0;0;1;0;0;;
303398;23;10;2016;15:30;0;RUA ECA DE QUEIROZ;;;571;;Atropelamento;Luz do Dia;;;Meio de Quadra;;;0;1;1;1;0;0;0;0;0;0;0;0;-38,583247;-3,787351
303409;23;10;2016;16:40;0;RUA BERNARDO MANUEL;;;10634;;Colisão;Luz do Dia;;;Meio de Quadra;;;0;1;1;0;0;0;0;0;0;1;0;0;-38,555543;-3,812304
303410;23;10;2016;16:49;0;RUA RIO BRANCO;;;1315;;Atropelamento;Luz do Dia;;;Meio de Quadra;;;0;1;1;1;0;0;0;0;0;0;0;0;;
303416;23;10;2016;16:53;183;AV SGT HERMINIO SAMPAIO;RUA DEMETRIO MENEZES;;;;Colisão;Luz do Dia;;;Cruz;Semáforo;Residencial;0;1;1;1;0;0;0;0;0;1;0;0;-38,584316;-3,733867
303417;23;10;2016;17:05;0;AV PRS COSTA E SILVA;;;;;Colisão;Anoitecer;;;Meio de Quadra;;;0;1;1;1;0;0;0;0;0;1;0;0;;
303418;23;10;2016;17:19;0;RUA RAIMUNDO MATIAS;;;828;;Queda;Anoitecer;;;Meio de Quadra;;;0;2;0;0;0;0;0;0;0;1;0;0;;
303419;23;10;2016;17:19;0;AV HEROIS DO ACRE;;;465;;Queda;Anoitecer;;;Meio de Quadra;;;0;1;0;0;0;0;0;0;0;1;0;0;;
303420;23;10;2016;17:41;0;RUA QUINTINO CUNHA;;;837;;Colisão;Anoitecer;;;Meio de Quadra;;;0;1;0;0;0;0;0;0;0;0;0;0;-38,542413;-3,748724
303427;23;10;2016;20:25;0;AV PRO JOSE ARTHUR CARVALHO;;;2200;;Colisão;;;;Meio de Quadra;;;0;1;0;0;0;0;0;0;0;0;0;0;-38,459699;-3,824586
303414;23;10;2016;16:53;0;RUA POMPILIO GOMES;;;1184;;Queda;Luz do Dia;;;Meio de Quadra;;;0;1;0;0;0;0;0;0;0;1;0;0;;
303430;23;10;2016;20:47;0;VL PDE MAXIMILIANO;;;1395;;Colisão;;;;Meio de Quadra;;;0;1;1;1;0;0;0;0;0;1;0;0;;
303431;23;10;2016;21:15;0;RUA PEDRO SAMPAIO;;;602;;Queda;;;;Meio de Quadra;;;0;1;0;0;0;0;0;0;0;1;0;0;;
303432;23;10;2016;21:44;0;RUA RIO PARAGUAI;;;776;;Colisão;;;;Meio de Quadra;;;0;2;1;1;0;0;0;0;0;1;0;0;;
303440;23;10;2016;23:08;14736;RUA DELTA;RUA SAO MANUEL;;;;Queda;;;;;;;0;1;0;0;0;0;0;0;0;1;0;0;-38,577243;-3,7966
303424;23;10;2016;17:43;0;AV PRS COSTA E SILVA;;;;;Colisão;Anoitecer;;;Meio de Quadra;;;0;1;1;0;0;0;0;0;0;1;0;0;;
292134;23;10;2016;02:00;0;AV JOVITA FEITOSA;;;519;;Atropelamento;;;;Meio de Quadra;;;0;1;1;1;0;0;0;0;0;0;0;0;-38,548589;-3,738222
292124;23;10;2016;06:15;0;AV TRISTAO GONCALVES;;;845;;Colisão Traseira;Luz do Dia;;;Meio de Quadra;;;0;1;1;0;0;0;0;0;0;1;0;0;-38,533815;-3,729157
292118;23;10;2016;19:00;11160;RUA JOSE MENELEU D41;RUA SUECIA;;;;Colisão Transversal;;;;Cruz;Outros;Comercial;0;1;2;1;0;0;0;0;0;0;0;0;-38,559334;-3,782586
292139;23;10;2016;20:00;21989;RUA MAJ PEDRO SAMPAIO;RUA PDE CICERO;;;;Colisão Lateral;;;;Cruz;Não Há Controle;Misto;0;1;1;1;0;0;0;0;0;1;0;0;-38,548657;-3,741003
292136;23;10;2016;10:00;0;RUA VILEBALDO AGUIAR;;;179;;Choque c/ Obstáculo Fixo;Luz do Dia;;;Meio de Quadra;;;0;0;1;1;0;0;0;0;0;0;0;0;-38,485909;-3,74117
292141;23;10;2016;14:30;15184;AV ABOLICAO;RUA TIBURCIO CAVALCANTE;;;;Colisão Transversal;Luz do Dia;;;Cruz;Semáforo;Comercial;0;0;2;1;0;0;0;0;0;0;0;0;-38,499409;-3,726066
292143;23;10;2016;15:35;0;RUA GAL CLARINDO DE QUEIROZ;;;773;;Colisão Transversal;Luz do Dia;;;Meio de Quadra;;;0;0;2;1;0;0;0;0;0;0;0;0;-38,531164;-3,732391
292146;23;10;2016;;17342;AV PRO GOMES DE MATOS;RUA ALAN KARDEC;;;;Colisão Lateral;;;;Cruz;Semáforo;Comercial;0;1;1;1;0;0;0;0;0;1;0;0;-38,549213;-3,765321
292149;23;10;2016;16:30;9559;RUA TEODORO DE CASTRO;RUA BARRA VERMELHA;;;;Colisão Transversal;Luz do Dia;;;Cruz;Pare;Comercial;0;1;1;0;1;1;0;0;0;0;0;0;-38,612011;-3,77782
292151;23;10;2016;20:45;10935;RUA BAR CANINDE;RUA ELCIAS LOPES;;;;Colisão Transversal;;;;Cruz;Pare;Comercial;0;1;1;1;0;0;0;0;0;1;0;0;-38,557426;-3,770473
292153;23;10;2016;18:30;0;AV BEZERRA DE MENEZES;;;1409;;Colisão Lateral;Anoitecer;;;Meio de Quadra;;;0;0;2;1;0;0;0;1;0;0;0;0;-38,557341;-3,734185
292159;23;10;2016;;25231;AV PRS COSTA E SILVA;AV I CJ JOSE WALTER;;;;Colisão Lateral;;;;T;Não Há Controle;Residencial;0;0;3;1;0;0;0;0;0;0;0;0;-38,550232;-3,823494
292164;23;10;2016;08:15;12080;AV CONTORNO SUL;RUA 8;;;;Colisão Lateral;Luz do Dia;;;;;;0;1;1;1;0;0;0;0;0;1;0;0;-38,515289;-3,83553
292165;23;10;2016;11:00;12031;RUA CEL FRANCISCO ALVES RIBEIRO;RUA MARIA ALVES RIBEIRO;;;;Colisão Transversal;Luz do Dia;;;Cruz;Pare;Residencial;0;1;1;1;0;0;0;0;0;1;0;0;-38,510256;-3,833628
292167;23;10;2016;15:00;0;AV DIOGUINHO;;;4200;;Colisão Transversal;Luz do Dia;;;Meio de Quadra;;;0;1;2;0;1;0;0;0;1;0;0;0;-38,448347;-3,750977
292168;23;10;2016;00:20;23380;RUA CAP TIBURCIO DA FROTA;RUA NUNES VALENTE;;;;Colisão Transversal;;;;Cruz;Pare;Residencial;0;0;2;1;0;0;0;0;0;0;0;0;-38,509109;-3,754506
292169;23;10;2016;23:15;19667;RUA ERETIDES MARTINS;AV BEZERRA DE MENEZES;;;;Colisão Lateral;;;;;;;0;1;1;1;0;0;0;0;0;1;0;0;-38,557568;-3,734232
292161;23;10;2016;20:30;0;RUA NAT FEIJO;;;410;;Colisão Transversal;;;;Meio de Quadra;;;0;0;2;1;0;0;0;0;0;0;0;0;-38,552479;-3,722368
292209;23;10;2016;08:53;0;RUA RAIMUNDO FROTA;;;206;;Colisão Frontal;Luz do Dia;;;Meio de Quadra;;;0;0;2;1;0;0;0;0;0;1;0;0;;
292214;23;10;2016;12:00;8954;AV DOMINGOS OLIMPIO;RUA DOM JERONIMO D06;;;;Colisão Lateral;Luz do Dia;;;Cruz;Pare;Residencial;0;1;1;1;0;0;0;0;0;1;0;0;-38,543457;-3,733201
298907;23;10;2016;13:22;0;RD CE-040;;;;KM-01;Colisão;Luz do Dia;Bom;Seca;Meio de Quadra;;;0;1;1;1;0;0;0;0;0;0;0;0;-38,48666;-3,758119
302337;23;10;2016;21:26;0;AV ALM MAXIMIANO DA FONSECA;;;0;FACULDADE FA7;Colisão Frontal;Anoitecer;Bom;Seca;Outros;Não Há Controle;Comercial;0;0;2;1;0;0;0;0;0;0;0;0;;
302338;24;10;2016;01:39;0;AV GOV RAUL BARBOSA;;;900;;Choque c/ Obstáculo Fixo;Via Iluminada;Bom;Seca;Meio de Quadra;Não Há Controle;Comercial;0;0;1;0;0;0;0;0;0;0;0;0;;
302339;24;10;2016;07:19;19713;RUA AZEVEDO BOLAO;RUA DOM LINO;;0;;Colisão Lateral;Luz do Dia;Bom;Seca;Cruz;Pare;Residencial;0;0;2;1;0;0;0;0;0;0;0;0;-38,557088;-3,736529
302340;24;10;2016;07:34;0;AV GODOFREDO MACIEL;RUA FRANCISCO GLICERIO;;0;;Colisão Transversal;Luz do Dia;Nublado;Molhada;Cruz;Semáforo;Comercial;0;0;2;1;1;0;0;0;0;0;0;0;-38,569757;-3,795981
302341;24;10;2016;08:08;25000;RUA COSTA BARROS;AV DOM MANUEL;;;;Colisão Lateral;Luz do Dia;Nublado;Seca;Cruz;Semáforo;Comercial;0;1;1;0;0;0;0;0;0;0;0;0;-38,520793;-3,727381
302342;24;10;2016;06:40;0;AV IMPERADOR;;;372;;Colisão Lateral;Luz do Dia;Bom;Seca;Meio de Quadra;Não Há Controle;Comercial;0;0;2;0;0;0;0;0;0;0;0;0;-38,533545;-3,724128
302343;24;10;2016;09:17;26252;RUA ANTONIO BARROS;RUA PERGENTINO MAIA;;0;;Colisão Lateral;Luz do Dia;Bom;Seca;Cruz;Pare;Comercial;0;0;2;1;1;0;0;0;0;0;0;0;;
302344;24;10;2016;08:42;0;AV DOM LUIS;;;1233;;Colisão Lateral;Luz do Dia;Nublado;Seca;Meio de Quadra;Não Há Controle;Comercial;0;0;1;0;0;0;0;0;0;0;0;0;-38,48968;-3,735733
302345;24;10;2016;11:15;0;AV PINTO BANDEIRA D56;AV NORTE;;0;;Colisão Lateral;Luz do Dia;Bom;Seca;Cruz;Pare;Comercial;0;0;2;1;0;0;0;0;0;0;0;0;;
302346;24;10;2016;12:10;0;RUA CEL LINHARES;;;1870;;Colisão Lateral;Luz do Dia;Bom;Seca;Meio de Quadra;Não Há Controle;Residencial;0;0;2;1;0;0;0;0;0;0;0;0;;
302347;24;10;2016;13:15;1496;RUA ILDEFONSO ALBANO;RUA PDE VALDEVINO;;0;;Colisão Lateral;Luz do Dia;Bom;Seca;Cruz;Semáforo;Comercial;0;0;2;1;0;0;0;0;0;1;0;0;-38,515423;-3,739573
302348;24;10;2016;13:24;0;RUA DR JUSTA ARAUJO D45;;;837;;Colisão Lateral;Luz do Dia;Bom;Seca;Meio de Quadra;Não Há Controle;Residencial;0;0;2;0;1;0;0;0;0;0;0;0;-38,552834;-3,783142
302349;24;10;2016;14:02;0;AV ANTONIO SALES;;;1740;;Colisão Traseira;Luz do Dia;Bom;Seca;Meio de Quadra;Semáforo;Comercial;0;0;2;1;0;0;0;0;0;0;0;0;-38,509299;-3,743312
302350;24;10;2016;16:30;0;RUA VICENTE LEITE;;;1167;;Colisão Transversal;Luz do Dia;Bom;Seca;Meio de Quadra;Não Há Controle;Residencial;0;0;2;1;0;0;0;0;0;0;0;0;-38,49538;-3,737049
302351;24;10;2016;17:20;15301;RUA TEN BENEVOLO;RUA SILVA PAULET;;;;Colisão Transversal;Luz do Dia;Bom;Seca;Cruz;Pare;Comercial;0;2;0;1;0;0;0;0;0;0;0;0;-38,503888;-3,729724
302352;24;10;2016;18:43;0;RUA FARIAS LEMOS;RUA FREDERICO SEVERO;;0;;Colisão Transversal;Via Iluminada;Bom;Seca;Cruz;Pare;Residencial;0;0;2;1;0;0;0;0;0;0;0;0;;
302353;24;10;2016;21:08;1454;RUA JOAQUIM NABUCO;RUA AFONSO CELSO;;0;;Colisão Lateral;Anoitecer;Bom;Seca;Cruz;Pare;Comercial;0;0;1;1;0;0;0;0;0;0;0;0;-38,5023;-3,738407
302354;24;10;2016;20:30;0;AV GODOFREDO PIMENTEL;;;3399;;Colisão Traseira;Via Iluminada;Bom;Seca;Meio de Quadra;Semáforo;Comercial;0;0;1;1;0;0;0;0;0;1;0;0;;
302355;24;10;2016;18:10;0;AV BORGES DE MELO;;;925;;Colisão Traseira;Via Iluminada;Bom;Seca;Meio de Quadra;Semáforo;Escola;0;0;2;1;1;0;0;0;0;0;0;0;-38,527366;-3,760541
302356;24;10;2016;22:56;1261;AV SANTOS DUMONT;AV RUI BARBOSA;;;;Atropelamento;Via Iluminada;Bom;Seca;Cruz;Semáforo;Comercial;0;1;0;1;0;0;0;0;0;0;0;0;-38,508432;-3,732956
302360;24;10;2016;19:20;0;AV PRO JOSE ARTHUR CARVALHO;;;545;;Colisão Transversal;Via Iluminada;Bom;Seca;Cruz;Pare;Comercial;0;0;2;1;0;0;0;0;0;0;0;0;-38,474501;-3,826293
302377;24;10;2016;22:20;5310;RUA PEDRO PEREIRA;RUA MAJ FACUNDO;;0;;Colisão Transversal;Via Iluminada;Bom;Seca;Cruz;Semáforo;Comercial;0;0;2;1;0;0;0;0;0;0;0;0;-38,528531;-3,729683
302364;24;10;2016;16:32;17255;RUA EUZEBIO DE QUEIROS;RUA EUGENIO GADELHA;;0;;Colisão Transversal;Luz do Dia;Bom;Seca;Cruz;Pare;Residencial;0;0;2;1;0;0;0;0;0;0;0;0;-38,549344;-3,761386
302419;24;10;2016;07:31;9034;AV AGUANAMBI;RUA CEL SOLON;;;;Colisão Lateral;Luz do Dia;Nublado;Seca;Cruz;Semáforo;Comercial;0;1;1;1;0;0;0;0;0;1;0;0;-38,525818;-3,742854
298910;24;10;2016;00:50;0;RD CE-060;;;;KM-02;Choque c/ Obstáculo Fixo;;Bom;Seca;Meio de Quadra;;;0;1;0;1;0;0;0;0;0;0;0;0;-38,582918;-3,836668
298911;24;10;2016;14:45;0;RD CE-040;;;;KM-08;Colisão;Luz do Dia;Bom;Seca;Meio de Quadra;;;0;0;2;1;0;0;0;0;0;1;0;0;-38,483033;-3,817159
298915;24;10;2016;15:10;0;RD CE-040;;;;KM-06;Colisão;Luz do Dia;Bom;Seca;Meio de Quadra;;;0;0;4;1;0;0;0;0;0;1;0;0;-38,479535;-3,800596
298913;24;10;2016;16:00;0;RD CE-025;;;;KM-02;Colisão;Luz do Dia;Bom;Seca;Meio de Quadra;;;0;0;2;1;0;0;1;0;0;0;0;0;-38,461085;-3,807635
292183;24;10;2016;06:00;3767;AV DOMINGOS OLIMPIO;AV IMPERADOR;;;;Colisão Traseira;Luz do Dia;Bom;Seca;Cruz;Semáforo;Comercial;0;0;2;1;0;0;0;0;0;0;0;0;-38,536697;-3,73479
292173;24;10;2016;19:20;0;AV GAL OSORIO DE PAIVA;;;6120;;Colisão Lateral;Via Iluminada;Bom;Seca;Meio de Quadra;Não Há Controle;Comercial;0;0;2;1;1;0;0;0;0;0;0;0;-38,606905;-3,809751
292176;24;10;2016;09:40;0;RUA TIBURCIO CAVALCANTE;;;1440;;Colisão Traseira;Luz do Dia;Bom;Seca;Meio de Quadra;Não Há Controle;Residencial;0;1;1;1;0;0;0;0;0;0;0;0;-38,503081;-3,737516
292180;24;10;2016;14:30;5122;AV IMPERADOR;RUA SAO PAULO;;;;Colisão Transversal;Luz do Dia;Bom;Seca;Cruz;Semáforo;Comercial;0;1;1;1;0;0;0;0;0;0;0;0;-38,533522;-3,724049
292145;24;10;2016;07:20;6797;RUA ANDRADE FURTADO;RUA BATISTA DE OLIVEIRA;;;;Colisão Transversal;Luz do Dia;Bom;Seca;Cruz;Semáforo;Residencial;0;1;2;1;0;0;0;0;0;1;0;0;-38,481475;-3,745163
292150;24;10;2016;11:00;0;AV ZEZE DIOGO;;;;;Colisão Frontal;Luz do Dia;Bom;Seca;Meio de Quadra;Não Há Controle;Comercial;0;1;1;1;0;0;0;0;0;0;0;0;;
292137;24;10;2016;16:00;5292;RUA GONCALVES LEDO;RUA COSTA BARROS;;;;Colisão Transversal;Luz do Dia;;;Cruz;Pare;Comercial;0;0;2;1;0;0;0;0;0;0;0;0;-38,515426;-3,729088
292140;24;10;2016;20:00;0;RUA HOLANDA;;;1012;;Colisão Frontal;Via Iluminada;Bom;Seca;Meio de Quadra;Pare;Residencial;0;1;1;1;0;0;0;0;0;0;0;0;-38,561422;-3,800237
292135;24;10;2016;02:30;0;RUA CARLOS AMORA;;;;;Choque c/ Obstáculo Fixo;Via Iluminada;Bom;Seca;Meio de Quadra;Não Há Controle;Comercial;0;0;1;1;0;0;0;0;0;0;0;0;;
292129;24;10;2016;13:45;5202;RUA PEREIRA FILGUEIRAS;RUA RODRIGUES JUNIOR;;;;Colisão Transversal;Luz do Dia;Bom;Seca;Cruz;Pare;Comercial;0;1;1;1;0;0;0;0;0;1;0;0;-38,519213;-3,726304
292130;24;10;2016;14:30;13233;AV L CJ JOSE WALTER;AV F CJ JOSE WALTER;;;;Colisão Traseira;Luz do Dia;Bom;Seca;Rotatória;Dê Preferência;Residencial;0;0;2;1;0;0;0;0;0;0;0;0;-38,558805;-3,835328
303454;24;10;2016;06:27;21379;AV JOVITA FEITOSA;RUA PRO RAIMUNDO ARRUDA;;;;Colisão;Luz do Dia;;;Cruz;Semáforo;Comercial;0;1;0;0;0;0;0;0;0;0;0;0;-38,550998;-3,738742
303441;24;10;2016;00:52;0;AV GODOFREDO MACIEL;;;;;Queda;;;;Meio de Quadra;;;0;1;0;0;0;0;0;0;0;1;0;0;;
303445;24;10;2016;02:08;0;AV DR SILAS MUNGUBA;;;;;Colisão;;;;Meio de Quadra;;;0;1;0;0;0;0;0;0;0;0;0;0;;
303447;24;10;2016;03:34;0;AV CARNEIRO DE MENDONCA;;;;;Colisão;;;;Meio de Quadra;;;0;1;1;0;0;0;0;0;0;1;0;0;;
303448;24;10;2016;06:00;0;AV ODILON GUIMARAES;;;;;Colisão;Luz do Dia;;;Meio de Quadra;;;0;1;0;0;0;0;0;0;0;0;0;0;;
303477;24;10;2016;09:14;0;AV GAL OSORIO DE PAIVA;;;6741;;Queda;Luz do Dia;;;Meio de Quadra;;;0;1;0;0;0;0;0;0;0;1;0;0;-38,609563;-3,812482
303478;24;10;2016;10:24;0;AV PRS COSTA E SILVA;;;;;Colisão;Luz do Dia;;;Meio de Quadra;;;0;1;1;1;0;0;0;0;0;1;0;0;;
303474;24;10;2016;07:39;7762;AV ANTONIO SALES;RUA NUNES VALENTE;;;;Colisão;Luz do Dia;;;Cruz;Pare;Comercial;0;1;1;1;0;1;0;0;0;0;0;0;-38,506314;-3,744237
303482;24;10;2016;10:36;0;AV DIOGUINHO;;;;;Colisão;Luz do Dia;;;Meio de Quadra;;;0;1;1;1;0;0;0;0;0;0;0;0;;