COD_ACIDENTE;DIA;MES;ANO;HORA;INTERSECAO;LOG1;LOG2;LOG3;NUMERO;REFERENCIA;NATUREZA;ILUMINACAO;TEMPO;SUPERFICIEPISTA;TIPOCRUZAMENTO;CONTROLETRAFEGO;USOSOLO;MORTOS;FERIDOS;ILESOS;AUTOMOVEL;ONIBUS;BICICLETA;CAMINHAO;MICROONIBUS;CICLOMOTOR;MOTOCICLETA;TRACAOANIMAL;TREM;LONG;LAT
303484;24;10;2016;12:00;0;AV WASHINGTON SOARES;;;1850;;Colisão;Luz do Dia;;;Meio de Quadra;;;0;1;1;1;0;0;0;0;0;1;0;0;-38,481738;-3,774842
303485;24;10;2016;12:17;13559;RUA PRO CARVALHO;RUA CASTRO ALVES;;;;Colisão;Luz do Dia;;;Cruz;Não Há Controle;Residencial;0;1;1;1;0;1;0;0;0;0;0;0;-38,515531;-3,749706
303498;24;10;2016;14:02;25049;AV PONTES VIEIRA;RUA CAP MELO;;;;Atropelamento;Luz do Dia;;;Cruz;Semáforo;Comercial;0;1;1;0;0;0;0;0;0;1;0;0;-38,513797;-3,752762
303501;24;10;2016;14:37;0;AV FRANCISCO SA;;;5036;;Colisão;Luz do Dia;;;Meio de Quadra;;;0;1;1;1;0;0;0;0;0;1;0;0;-38,569272;-3,71334
303503;24;10;2016;14:55;0;AV WASHINGTON SOARES;;;9160;;Colisão;Luz do Dia;;;Meio de Quadra;;;0;2;1;1;0;0;0;0;0;1;0;0;-38,482417;-3,831687
303507;24;10;2016;16:11;0;RUA RAIMUNDO MATIAS;;;1076;;Capotamento;Luz do Dia;;;Meio de Quadra;;;0;1;0;1;0;0;0;0;0;0;0;0;;
303530;24;10;2016;16:48;0;RUA GALILEU;;;315;;Colisão;Luz do Dia;;;Meio de Quadra;;;0;1;1;1;0;1;0;0;0;0;0;0;-38,551268;-3,777144
303534;24;10;2016;16:52;0;AV PRS CASTELO BRANCO;;;3476;;Atropelamento;Luz do Dia;;;Meio de Quadra;;;0;1;0;0;0;0;0;0;0;0;0;0;-38,562463;-3,710175
303536;24;10;2016;17:57;0;AV CONTORNO SUL;;;431;;Colisão;Anoitecer;;;Meio de Quadra;;;0;1;1;1;0;0;0;0;0;1;0;0;;
303540;24;10;2016;18:04;0;AV ABOLICAO;;;;;Colisão;Anoitecer;;;Meio de Quadra;;;0;1;1;1;0;0;0;0;0;1;0;0;;
303551;24;10;2016;18:06;0;AV GAL OSORIO DE PAIVA;;;;;Colisão;Anoitecer;;;Meio de Quadra;;;0;1;1;1;0;0;0;0;0;1;0;0;;
303557;24;10;2016;19:03;0;RUA HOLANDA;;;1008;;Colisão;;;;Meio de Quadra;;;0;1;1;1;0;0;0;0;0;1;0;0;-38,561434;-3,800221
303571;24;10;2016;19:56;0;RUA STA ROSA (Q. CUNHA);;;130;;Queda;;;;Meio de Quadra;;;0;1;0;0;0;0;0;0;0;1;0;0;-38,594521;-3,734813
303572;24;10;2016;20:03;0;RUA JULIO SILVA;;;440;;Queda;;;;Meio de Quadra;;;0;1;0;0;0;1;0;0;0;0;0;0;;
303560;24;10;2016;19:42;0;AV 13 DE MAIO;;;149;;Atropelamento;;;;Meio de Quadra;;;0;1;0;0;0;0;0;0;0;0;0;0;-38,522027;-3,753711
294389;24;10;2016;08:48;21379;RUA PRO RAIMUNDO ARRUDA;AV JOVITA FEITOSA;;;;Engavetamento;Luz do Dia;Bom;Seca;Cruz;Semáforo;Comercial;0;2;2;1;0;0;0;0;1;1;0;0;-38,550998;-3,738742
294394;24;10;2016;15:10;5567;AV CASTANHOLEIRAS;AL AMALIA MARIA;;;;Choque c/ Obstáculo Fixo;Luz do Dia;Bom;Seca;T;Não Há Controle;Residencial;0;2;1;1;0;0;0;0;0;0;0;0;-38,467594;-3,750005
294395;24;10;2016;13:00;14710;RUA DELTA;RUA SUICA;;;;Colisão Traseira;Luz do Dia;Bom;Seca;Cruz;Pare;Residencial;0;1;3;0;0;0;0;0;0;1;0;0;-38,577135;-3,79385
294400;24;10;2016;18:00;10995;RUA ALM RUBIM;RUA 15 DE NOVEMBRO;;;;Colisão Lateral;Luz do Dia;Bom;Seca;Cruz;Pare;Comercial;0;2;2;1;0;0;0;0;0;0;0;0;-38,555939;-3,768907
294403;25;10;2016;12:25;0;AV PRO JOSE ARTHUR CARVALHO;;;1622;;Colisão Traseira;Luz do Dia;Bom;Seca;Meio de Quadra;Não Há Controle;Residencial;0;1;4;0;0;1;0;0;0;0;0;0;-38,464706;-3,826166
294412;25;10;2016;19:54;5322;AV IMPERADOR;AV DUQ CAXIAS;;;;Atropelamento;;;;Cruz;Semáforo;Comercial;0;1;1;0;1;0;0;0;0;0;0;0;-38,535297;-3,730048
294408;25;10;2016;13:20;8125;RUA BENTO ALBUQUERQUE;RUA MANUEL DE QUEIROZ;;;;Colisão Transversal;Luz do Dia;Bom;Seca;Cruz;Pare;Comercial;0;0;4;0;1;0;0;0;0;1;0;0;-38,467393;-3,748837
294409;25;10;2016;10:00;13939;RUA VER PEDRO PAULO MOREIRA;RUA HONORIO VIEIRA;;;;Colisão Frontal;Luz do Dia;Nublado;Seca;Cruz;Gesto;Residencial;0;1;3;1;0;0;0;0;0;1;0;0;-38,486544;-3,787289
296418;25;10;2016;08:00;0;RD BR 116;;;3000;KM-03;Colisão Lateral;Luz do Dia;;;Meio de Quadra;;;0;0;2;1;0;0;1;0;0;0;0;0;-38,514372;-3,779838
296425;25;10;2016;07:30;0;RD BR 116;;;3000;KM-03;Colisão Traseira;Luz do Dia;;;Meio de Quadra;;;0;0;3;1;0;0;0;0;0;0;0;0;-38,514372;-3,779838
299124;25;10;2016;06:55;2962;RUA PEDRO MARTINS;RUA MARIA JULIA;;;;Atropelamento;Luz do Dia;;;Cruz;;Residencial;0;2;0;0;0;0;0;0;0;1;0;0;-38,601929;-3,799245
299898;25;10;2016;19:56;0;RUA VICENTE LOPES;;;1110;;Colisão;;;;Meio de Quadra;;;0;1;0;1;0;0;0;0;0;1;0;0;;
299880;25;10;2016;19:01;0;AV FRANCISCO SA;;;5928;;Colisão;;;;Meio de Quadra;;;0;1;0;1;0;0;0;0;0;1;0;0;-38,57776;-3,710423
299830;25;10;2016;15:11;1456;AV SANTOS DUMONT;RUA CEL JUCA;;;;Colisão;Luz do Dia;;;Cruz;Semáforo;Comercial;0;1;0;0;0;0;0;0;0;1;0;0;-38,49153;-3,738438
299850;25;10;2016;17:08;0;RUA IRINEU DE SOUZA;;;100;;Queda;Anoitecer;;;Meio de Quadra;;;0;1;0;0;0;1;0;0;0;0;0;0;;
299855;25;10;2016;17:34;20584;RUA DUARTE COELHO;RUA SIMAO SANTOS;;456;;Colisão Transversal;Via Iluminada;Bom;Seca;Cruz;Pare;Residencial;0;0;4;1;0;0;0;0;0;1;0;0;-38,493471;-3,863165
299905;25;10;2016;20:09;5297;AV DUQ CAXIAS;RUA TEREZA CRISTINA;;;;Queda;;;;Cruz;Semáforo;Comercial;0;1;0;0;0;0;0;0;0;1;0;0;-38,537452;-3,729335
299937;25;10;2016;20:37;0;RUA CON DE CASTRO;;;163;;Colisão;;;;Meio de Quadra;;;0;0;1;0;0;0;0;0;0;0;0;0;-38,564826;-3,775638
299943;25;10;2016;22:11;0;AV DA INDEPENDENCIA;;;76;;Queda;;;;Meio de Quadra;;;0;0;1;0;0;0;0;0;0;1;0;0;-38,583345;-3,729192
299947;25;10;2016;22:28;0;RUA SILVA JATAHY;;;;;Colisão;;;;Meio de Quadra;;;0;1;0;0;0;0;0;0;0;0;0;0;;
299626;25;10;2016;06:16;0;RUA JOSE VILAR DE ANDRADE;;;3344;;Queda;Luz do Dia;;;Meio de Quadra;;;0;1;0;0;0;0;0;0;0;1;0;0;;
299649;25;10;2016;06:22;0;AV BEZERRA DE MENEZES;;;1820;;Colisão;Luz do Dia;;;Meio de Quadra;;;0;1;0;1;0;0;0;0;0;1;0;0;-38,560902;-3,734929
299651;25;10;2016;06:34;0;RUA GUSTAVO SAMPAIO;;;197;;Colisão;Luz do Dia;;;Meio de Quadra;;;0;1;0;0;0;0;1;0;0;1;0;0;-38,5463;-3,733144
299652;25;10;2016;06:34;5228;RUA VIS SABOIA;RUA GOV SAMPAIO;;;;Colisão Transversal;Amanhecer;Chuva;Molhada;Cruz;Pare;Comercial;0;1;3;1;0;0;0;0;0;1;0;0;-38,524382;-3,727076
299656;25;10;2016;06:52;0;AV CEL CARVALHO;;;;;Colisão;Luz do Dia;;;Meio de Quadra;;;0;1;0;1;0;0;0;0;0;1;0;0;;
299657;25;10;2016;07:09;9191;RUA MARTINHO RODRIGUES;RUA MARIO MAMEDE;;;;Colisão;Luz do Dia;;;Cruz;Pare;Residencial;0;1;0;1;0;0;0;0;0;1;0;0;-38,526088;-3,753845
299659;25;10;2016;07:22;0;AV DOLOR BARREIRA;;;560;;Colisão;Luz do Dia;;;Meio de Quadra;;;0;0;1;1;0;0;0;0;0;1;0;0;-38,472331;-3,729867
299663;25;10;2016;07:33;0;AV PERIMETRAL;;;338;;Colisão;Luz do Dia;;;Meio de Quadra;;;0;1;0;1;0;0;0;0;0;1;0;0;;
299664;25;10;2016;07:40;0;AV DOLOR BARREIRA;;;560;;Colisão;Luz do Dia;;;Meio de Quadra;;;0;1;0;1;0;0;0;0;0;1;0;0;-38,472331;-3,729867
299665;25;10;2016;08:41;6756;AV ANTONIO SALES;AV ENG SANTANA JUNIOR;;;;Colisão;Luz do Dia;;;Outros;Outros;Residencial;0;1;0;1;0;0;0;0;0;1;0;0;-38,490039;-3,749257
299667;25;10;2016;08:41;0;RUA MOREIRA DA ROCHA;RUA JOSE VILAR;;1221;;Colisão Transversal;Luz do Dia;Bom;Seca;Cruz;Pare;Residencial;0;2;2;1;0;0;0;0;0;0;0;0;;
299668;25;10;2016;09:50;0;AV CASTELO DE CASTRO;;;474;;Colisão;Luz do Dia;;;Meio de Quadra;;;0;1;0;1;0;0;0;0;0;1;0;0;-38,521571;-3,833412
299669;25;10;2016;11:36;0;TR CREUZA ROQUE;;;305;;Colisão;Luz do Dia;;;Meio de Quadra;;;0;1;0;0;0;0;0;0;0;1;0;0;;
299707;25;10;2016;11:42;0;AV FRANCISCO SA;;;600;;Colisão;Luz do Dia;;;Meio de Quadra;;;0;1;0;1;0;0;0;0;0;1;0;0;;
299742;25;10;2016;11:47;0;RUA L CJ VILA VELHA;;;1210;;Atropelamento;Luz do Dia;;;Meio de Quadra;;;0;1;0;0;0;0;0;0;0;1;0;0;;
299768;25;10;2016;13:03;0;RUA CEL VIRGILIO NOGUEIRA (BOM JARDIM);;;583;;Colisão;Luz do Dia;;;Meio de Quadra;;;0;0;1;0;0;0;0;0;0;0;0;0;;
299825;25;10;2016;14:34;21371;RUA PDE GUERRA;RUA PRO RAIMUNDO ARRUDA;;;;Colisão Lateral;Luz do Dia;Bom;Seca;Cruz;Pare;Comercial;0;1;3;1;0;0;0;0;0;1;0;0;-38,551244;-3,737612
292144;25;10;2016;16:12;0;AV JOR THOMAZ COELHO;;;373;;Colisão Traseira;Luz do Dia;Bom;Seca;Outros;Pare;Comercial;0;0;2;1;1;0;0;0;0;0;0;0;;
292142;25;10;2016;11:50;0;RUA SEN ALENCAR;;;401;;Colisão Lateral;Luz do Dia;Bom;Seca;Meio de Quadra;;Comercial;0;0;2;1;0;0;0;0;0;0;0;0;-38,529623;-3,724302
292147;25;10;2016;10:00;7761;RUA DOM EXPEDITO LOPES;RUA NUNES VALENTE;;;;Colisão Transversal;Luz do Dia;Bom;Seca;Cruz;Pare;Residencial;0;0;2;1;0;0;0;0;0;0;0;0;-38,506068;-3,743494
292148;25;10;2016;16:50;0;RUA MON CATAO;;;200;;Colisão Lateral;Luz do Dia;Bom;Seca;Meio de Quadra;Pare;Comercial;0;0;2;1;0;0;1;0;0;0;0;0;-38,489904;-3,736693
292154;25;10;2016;15:40;0;AV OLAVO BILAC;;;;;Colisão Transversal;;Bom;Seca;Outros;Outros;Outros;0;0;2;1;0;0;0;0;0;0;0;0;;
292155;25;10;2016;19:30;6737;AV ENG SANTANA JUNIOR;AV PDE ANTONIO TOMAS;;;;Colisão Lateral;Via Iluminada;Bom;Seca;T;Não Há Controle;Comercial;0;0;2;1;0;0;0;1;0;0;0;0;-38,488012;-3,743981
292152;25;10;2016;15:15;19389;AV GAL OSORIO DE PAIVA;RUA PERDIGAO DE OLIVEIRA;;;;Colisão Traseira;Luz do Dia;Bom;Seca;T;Semáforo;Residencial;0;0;2;1;0;0;1;0;0;0;0;0;-38,570115;-3,777906
292178;25;10;2016;13:00;8920;RUA GIL AMORA;RUA PRC ISABEL;;;;Colisão Transversal;Luz do Dia;Bom;Seca;Cruz;Pare;Residencial;0;0;2;1;0;0;0;0;0;0;0;0;-38,538096;-3,735488
292179;25;10;2016;06:20;19611;RUA NEREU RAMOS;AV GODOFREDO MACIEL;;;;Engavetamento;Luz do Dia;Nublado;Molhada;Duplo T;Semáforo;Comercial;0;0;4;1;1;0;0;0;0;0;0;0;-38,566802;-3,78725
292175;25;10;2016;19:30;0;RUA PESSOA ANTA;;;35;;Colisão Lateral;Via Iluminada;Bom;Seca;Meio de Quadra;Semáforo;Comercial;0;1;1;0;1;0;0;0;0;1;0;0;-38,522703;-3,721195
292184;25;10;2016;19:15;18512;RUA BRAZ DE FRANCESCO;RUA 2 LT SINCOL;;;;Colisão Traseira;Via Iluminada;Bom;Seca;T;Pare;Comercial;0;0;2;1;1;0;0;0;0;0;0;0;-38,567333;-3,734925
292201;25;10;2016;15:30;0;RUA MAJ FACUNDO;;;874;;Colisão Traseira;Luz do Dia;Bom;Seca;Meio de Quadra;Dê Preferência;Comercial;0;0;2;1;0;0;0;0;0;0;0;0;-38,528849;-3,730684
292188;25;10;2016;22:20;5438;RUA METON DE ALENCAR;RUA ASSUNCAO;;;;Colisão Lateral;Via Iluminada;Bom;Seca;Cruz;Pare;Comercial;0;2;2;1;0;0;0;0;0;1;0;0;-38,528594;-3,734332
292195;25;10;2016;21:05;0;RUA JUSTINIANO DE SERPA;;;527;;Colisão Lateral;Via Iluminada;Bom;Seca;Meio de Quadra;Não Há Controle;Residencial;0;0;2;1;1;0;0;0;0;0;0;0;-38,541873;-3,735852
292197;25;10;2016;12:30;0;RUA PEDRO I;;;607;;Colisão Lateral;Luz do Dia;Bom;Seca;Meio de Quadra;;Comercial;0;0;2;1;0;0;1;0;0;0;0;0;-38,530253;-3,730705
298917;25;10;2016;07:50;0;AV SEN CARLOS JEREISSATI (AEROPORTO);;;;KM 02;Colisão;Luz do Dia;Bom;Seca;Meio de Quadra;;;0;0;3;1;0;0;0;0;0;0;0;0;-38,535424;-3,782194
298931;25;10;2016;07:15;0;RD CE-025;;;;KM-01;Colisão;Luz do Dia;Bom;Seca;Meio de Quadra;;;0;0;2;1;0;0;0;0;0;0;0;0;-38,470049;-3,807811
298939;25;10;2016;12:00;0;RD CE-040;;;9206;KM-09;Colisão;Luz do Dia;Bom;Seca;Meio de Quadra;;;0;1;1;0;0;1;0;0;0;0;0;0;-38,481538;-3,825516
298934;25;10;2016;12:30;0;AV MIN JOSE AMERICO;;;;;Colisão;Luz do Dia;Bom;Seca;Meio de Quadra;;;0;0;2;1;0;0;0;0;0;0;0;0;;
298941;25;10;2016;18:50;0;RD CE-040;;;;KM-08;Colisão;;Bom;Seca;Meio de Quadra;;;0;0;2;0;0;0;0;1;0;0;0;0;-38,483033;-3,817159
298942;25;10;2016;19:40;0;RD CE-040;;;;KM-02;Colisão;;Bom;Seca;Meio de Quadra;;;0;0;4;1;0;0;0;0;0;0;0;0;-38,482583;-3,76465
302365;25;10;2016;15:43;0;RUA TORRES CAMARA;;;81;;Colisão Transversal;Luz do Dia;Bom;Seca;Meio de Quadra;Não Há Controle;Comercial;0;0;2;1;0;0;0;0;0;0;0;0;-38,51023;-3,734569
302366;25;10;2016;16:08;0;RUA ANTONIO POMPEU;RUA VINTE QUATRO DE MAIO;;0;;Colisão Transversal;Luz do Dia;Bom;Seca;Cruz;Pare;Comercial;0;1;1;1;0;0;0;0;0;1;0;0;;
302367;25;10;2016;19:05;23791;RUA RAIMUNDO NERY;RUA COSTA FREIRE;;0;;Colisão Lateral;Anoitecer;Bom;Seca;Cruz;Pare;Residencial;0;0;2;1;1;0;0;0;0;0;0;0;-38,586423;-3,794144
302368;25;10;2016;18:30;1332;AV DOM LUIS;RUA CEL LINHARES;;0;;Colisão Lateral;Via Iluminada;Bom;Seca;Cruz;Gesto;Comercial;0;1;1;1;0;0;0;0;0;1;0;0;-38,493503;-3,734513
302369;25;10;2016;20:14;0;RUA PESSOA ANTA;;;38;;Colisão Lateral;Via Iluminada;Bom;Seca;Meio de Quadra;Não Há Controle;Comercial;0;0;2;1;1;0;0;0;0;0;0;0;-38,522872;-3,721216
302370;25;10;2016;19:20;0;AV ALBERTO CRAVEIRO;;;2644;;Colisão Traseira;Via Iluminada;Bom;Seca;Meio de Quadra;Não Há Controle;Residencial;0;0;2;1;0;0;0;0;0;0;0;0;-38,521448;-3,803094
302361;25;10;2016;10:47;3768;AV DOMINGOS OLIMPIO;AV TRISTAO GONCALVES;;0;;Colisão Transversal;Luz do Dia;Bom;Seca;Cruz;Semáforo;Comercial;0;1;1;1;0;0;0;0;0;1;0;0;-38,535613;-3,735133
302362;25;10;2016;14:02;25097;AV ENG LEAL LIMA VERDE (SAPIRANGA/COITE);RUA EGIDIO DE OLIVEIRA;;0;;Colisão Lateral;Luz do Dia;Bom;Seca;Cruz;Pare;Residencial;0;0;2;1;0;0;0;0;0;0;0;0;-38,474438;-3,810421
302363;25;10;2016;14:18;0;AV DES MOREIRA;;;1313;;Engavetamento;Luz do Dia;Bom;Seca;Meio de Quadra;Semáforo;Comercial;0;0;3;1;0;0;0;0;0;0;0;0;-38,498751;-3,737465
302357;25;10;2016;06:52;0;AV DOM LUIS;;;0;;Colisão Transversal;Luz do Dia;Bom;Seca;Rotatória;Semáforo;Comercial;0;0;2;0;1;0;0;0;0;0;0;0;;
302358;25;10;2016;07:35;9114;RUA DEP OSWALDO STUDART;AV BORGES DE MELO;;0;;Colisão Traseira;Luz do Dia;Nublado;Seca;Meio de Quadra;Não Há Controle;Comercial;0;0;2;1;0;0;0;0;0;0;0;0;-38,532143;-3,758147
302359;25;10;2016;07:15;13534;AV SORIANO ALBUQUERQUE;RUA JOAO CORDEIRO;;0;;Engavetamento;Luz do Dia;Nublado;Molhada;Cruz;Pare;Residencial;0;0;3;1;0;0;0;0;0;0;0;0;-38,519458;-3,747871
302371;26;10;2016;08:30;25690;AV ODILON GUIMARAES;RUA JOSE ANDRE D64;;0;;Colisão Transversal;Luz do Dia;Bom;Seca;T;Pare;Residencial;0;0;3;1;1;0;0;0;0;0;0;0;-38,464646;-3,81339
302372;26;10;2016;07:55;0;AV SEN VIRGILIO TAVORA;;;1520;;Colisão Traseira;Luz do Dia;Bom;Seca;Não Informado;Semáforo;Comercial;0;0;2;1;0;0;0;0;0;0;0;0;-38,494078;-3,739719
302373;26;10;2016;10:10;7762;AV ANTONIO SALES;RUA NUNES VALENTE;;0;;Colisão Transversal;Luz do Dia;Bom;Seca;Cruz;Pare;Comercial;0;0;2;1;0;0;0;0;0;0;0;0;-38,506314;-3,744237
302374;26;10;2016;13:22;17410;RUA ALM RUBIM;RUA PRO TEODORICO;;0;;Colisão Transversal;Luz do Dia;Bom;Seca;Cruz;Pare;Residencial;0;0;2;0;0;0;0;0;0;0;0;0;-38,555605;-3,767984
302375;26;10;2016;13:15;0;RUA PDE CHEVALIER;;;745;;Colisão Lateral;Luz do Dia;Bom;Seca;Meio de Quadra;Não Há Controle;Comercial;0;0;2;1;0;0;0;0;0;0;0;0;;
302376;26;10;2016;16:05;12849;RUA SALDANHA MARINHO;RUA ASSUNCAO;;0;;Colisão Transversal;Luz do Dia;Bom;Seca;Cruz;Pare;Residencial;0;0;2;1;0;0;0;0;0;0;0;0;-38,531231;-3,742314
302378;26;10;2016;17:31;0;AV SEN VIRGILIO TAVORA;;;2700;;Colisão Traseira;Luz do Dia;Bom;Seca;Meio de Quadra;Não Há Controle;Comercial;0;0;2;1;0;0;0;0;0;0;0;0;-38,497625;-3,750807
302398;26;10;2016;19:21;10775;RUA JOCKEY CLUBE;RUA TUPI D35;;;;Colisão Transversal;Via Iluminada;Bom;Seca;Cruz;Pare;Residencial;0;1;1;1;0;0;0;0;0;1;0;0;-38,579897;-3,762117
292737;26;10;2016;18:00;0;RUA NELSON COELHO;;;;;Colisão;Anoitecer;;;Meio de Quadra;;;1;0;0;0;0;0;0;0;0;1;0;0;;
298953;26;10;2016;15:50;0;RD CE-040;;;;KM-02;Colisão;Luz do Dia;Bom;Seca;Meio de Quadra;;;0;0;2;1;0;0;0;1;0;0;0;0;-38,482583;-3,76465
298951;26;10;2016;12:30;0;AV WASHINGTON SOARES;;;1900;;Outros;Luz do Dia;Bom;Seca;Meio de Quadra;;;0;1;0;0;0;0;0;0;0;1;0;0;;
298990;26;10;2016;21:00;0;AV MIN JOSE AMERICO;;;;;Colisão;;Bom;Seca;Meio de Quadra;;;0;0;2;1;1;0;0;0;0;0;0;0;;
298985;26;10;2016;15:00;0;RD CE-040;;;;KM-06;Colisão;Luz do Dia;Bom;Seca;Meio de Quadra;;;0;0;2;1;0;0;0;0;0;0;0;0;-38,479535;-3,800596
292185;26;10;2016;13:50;1351;RUA DES LEITE ALBUQUERQUE;RUA TIBURCIO CAVALCANTE;;;;Colisão Lateral;Luz do Dia;Bom;Seca;Cruz;Pare;Comercial;0;0;2;1;0;0;0;0;0;0;0;0;-38,502587;-3,735956
292187;26;10;2016;20:30;0;AV DR THEBERGE;;;2630;;Colisão Transversal;Via Iluminada;Bom;Seca;Meio de Quadra;Não Há Controle;Comercial;0;0;2;1;0;0;0;0;0;0;0;0;-38,568452;-3,725354
292191;26;10;2016;19:30;25149;AV DOM LUIS;RUA MON CATAO;;;;Colisão Transversal;Via Iluminada;Bom;Seca;;Não Há Controle;Comercial;0;0;2;1;0;0;0;0;0;0;0;0;-38,489602;-3,735758
292193;26;10;2016;08:23;12930;AV DOMINGOS OLIMPIO;RUA EUSEBIO DE SOUZA;;;;Colisão Lateral;Luz do Dia;Bom;Seca;Cruz;Pare;Comercial;0;0;2;1;0;0;0;0;0;0;0;0;-38,525362;-3,738402
292177;26;10;2016;23:50;0;AV PRS COSTA E SILVA;;;;;Atropelamento;Via Iluminada;Bom;Seca;Outros;Não Há Controle;Comercial;0;1;1;1;0;0;0;0;0;0;0;0;;
292181;26;10;2016;07:00;19561;AV GODOFREDO MACIEL;RUA ANTONIO BANDEIRA D41;;;;Colisão Lateral;Luz do Dia;Bom;Seca;T;Semáforo;Comercial;0;2;1;1;0;0;0;0;0;1;0;0;-38,565838;-3,783278
292182;26;10;2016;06:20;15260;RUA JOAQUIM NABUCO;RUA ANA BILHAR;;;;Colisão Transversal;Luz do Dia;Bom;Seca;Cruz;Semáforo;Residencial;0;1;1;1;0;0;1;0;0;0;0;0;-38,499077;-3,728382
292172;26;10;2016;20:05;22886;RUA INACIO PARENTE;RUA BERNARDO MANUEL;;;;Colisão Lateral;Via Iluminada;Bom;Seca;Cruz;Semáforo;Comercial;0;0;2;1;0;0;1;0;0;0;0;0;-38,546074;-3,781268
299948;26;10;2016;06:21;0;AV MR HULL;;;3933;;Colisão;Luz do Dia;;;Meio de Quadra;;;0;1;0;0;0;0;0;0;0;1;0;0;-38,579652;-3,737919
299951;26;10;2016;06:37;0;AV JOAO PESSOA;;;;;Colisão;Luz do Dia;;;Meio de Quadra;;;0;1;0;0;0;0;0;0;0;1;0;0;;
299952;26;10;2016;07:11;0;RUA BETEL;;;1381;;Colisão;Luz do Dia;;;Meio de Quadra;;;0;2;0;1;0;0;0;0;0;1;0;0;;
299958;26;10;2016;07:46;0;RUA VALPARAISO;;;130;;Colisão;Luz do Dia;;;Meio de Quadra;;;0;0;1;1;0;1;0;0;0;0;0;0;;
299960;26;10;2016;11:38;0;AV PRS COSTA E SILVA;;;;;Colisão;Luz do Dia;;;Meio de Quadra;;;0;1;0;1;0;0;0;0;0;1;0;0;;
299973;26;10;2016;12:57;7923;RUA ISAC AMARAL;AV DES MOREIRA;;3013;;Colisão Transversal;Luz do Dia;Bom;Seca;Cruz;Semáforo;Comercial;0;2;3;1;0;0;0;0;0;1;0;0;-38,503726;-3,753019
299974;26;10;2016;13:12;0;RUA VICENTE LEITE;;;;;Colisão;Luz do Dia;;;Meio de Quadra;;;0;1;1;1;0;0;0;0;0;1;0;0;;
299966;26;10;2016;12:21;0;RUA MON AGOSTINHO;;;;;Colisão;Luz do Dia;;;Meio de Quadra;;;0;1;0;1;0;0;0;0;0;1;0;0;;
299985;26;10;2016;14:31;0;AV GOV RAUL BARBOSA;;;;;Colisão;Luz do Dia;;;Meio de Quadra;;;0;1;0;0;0;0;0;0;0;1;0;0;;
299988;26;10;2016;16:04;0;RUA TUPI D35;;;472;;Colisão;Luz do Dia;;;Meio de Quadra;;;0;1;0;1;0;0;0;0;0;1;0;0;-38,580099;-3,762522
299989;26;10;2016;16:26;0;RUA CON DE CASTRO;;;751;;Colisão;Luz do Dia;;;Meio de Quadra;;;0;1;0;0;0;0;0;0;0;0;0;0;;
299991;26;10;2016;17:01;0;AV PAROARAS;;;3141;;Colisão;Anoitecer;;;Meio de Quadra;;;0;1;0;1;0;0;0;0;0;1;0;0;;
299992;26;10;2016;17:18;0;AV WASHINGTON SOARES;;;;;Colisão;Anoitecer;;;Meio de Quadra;;;0;1;0;1;0;0;0;0;0;1;0;0;;
299999;26;10;2016;17:25;0;AV PERIMETRAL;;;3440;;Colisão;Anoitecer;;;Meio de Quadra;;;0;1;0;1;0;0;0;0;0;0;0;0;;
300004;26;10;2016;18:32;0;AV DOS EXPEDICIONARIOS;;;3368;;Colisão;;;;Meio de Quadra;;;0;1;0;1;0;0;0;0;0;1;0;0;-38,535955;-3,747824
300010;26;10;2016;18:36;1574;RUA PDE VALDEVINO;RUA JOSE VILAR;;;;Colisão;;;;Cruz;Semáforo;Comercial;0;1;0;1;0;0;0;0;0;1;0;0;-38,506779;-3,7423
300011;26;10;2016;18:39;0;RUA PDE PEDRO DE ALENCAR;;;2012;;Queda;;;;Meio de Quadra;;;0;1;0;0;0;0;0;0;0;1;0;0;-38,494523;-3,846095
300015;26;10;2016;19:40;0;RUA PDE PEDRO DE ALENCAR;;;1291;;Colisão;;;;Meio de Quadra;;;0;1;0;0;0;0;0;0;0;1;0;0;;
300013;26;10;2016;19:20;0;RUA PDE PEDRO DE ALENCAR;;;1791;;Colisão;;;;Meio de Quadra;;;0;1;0;1;0;0;0;0;0;1;0;0;-38,494377;-3,843723
300022;26;10;2016;20:28;0;AV PERIMETRAL;;;;;Colisão;;;;Meio de Quadra;;;0;1;0;0;0;0;0;0;0;0;0;0;;
300026;26;10;2016;20:41;0;RUA BELA VISTA;;;640;;Queda;;;;Meio de Quadra;;;0;1;0;0;0;0;0;0;0;1;0;0;;
300028;26;10;2016;21:07;0;RUA PDE PEDRO DE ALENCAR;;;1750;;Colisão;;;;Meio de Quadra;;;0;1;0;0;0;0;0;0;0;0;0;0;-38,49436;-3,843476
300031;26;10;2016;21:10;2822;AV GAL OSORIO DE PAIVA;RUA OSCAR ARARIPE;;;;Queda;;;;T;Semáforo;Comercial;0;1;0;0;0;0;0;0;0;1;0;0;-38,591823;-3,794165
300038;26;10;2016;22:01;0;AV PERIMETRAL;;;;;Colisão;;;;Meio de Quadra;;;0;1;0;1;0;0;0;0;0;1;0;0;;