COD_ACIDENTE;DIA;MES;ANO;HORA;INTERSECAO;LOG1;LOG2;LOG3;NUMERO;REFERENCIA;NATUREZA;ILUMINACAO;TEMPO;SUPERFICIEPISTA;TIPOCRUZAMENTO;CONTROLETRAFEGO;USOSOLO;MORTOS;FERIDOS;ILESOS;AUTOMOVEL;ONIBUS;BICICLETA;CAMINHAO;MICROONIBUS;CICLOMOTOR;MOTOCICLETA;TRACAOANIMAL;TREM;LONG;LAT
300036;26;10;2016;21:52;0;RUA ANTONIO NERY;;;2195;;Atropelamento;;;;Meio de Quadra;;;0;1;0;0;0;0;0;0;0;1;0;0;;
300043;26;10;2016;22:12;0;AV PERIMETRAL;;;412;;Colisão;;;;Meio de Quadra;;;0;2;0;0;0;0;0;0;0;0;0;0;;
299141;26;10;2016;16:51;25643;RUA CON DE CASTRO;RUA TULIPA NEGRA;;;;Atropelamento;Luz do Dia;;;T;Pare;Rural;0;1;0;0;0;0;0;0;0;0;0;0;-38,600788;-3,81731
299138;26;10;2016;13:51;0;AV GAL OSORIO DE PAIVA;;;5303;;Colisão;Luz do Dia;;;;;;0;2;0;0;0;0;0;0;0;0;0;0;-38,601385;-3,803998
299132;26;10;2016;05:48;0;AV DR THEBERGE;;;2758;;Colisão;Amanhecer;;;Meio de Quadra;;;0;1;0;1;0;0;0;0;0;1;0;0;-38,568869;-3,726654
299212;26;10;2016;18:33;0;RUA ARTUR DE CARVALHO;;;2209;;Colisão;;;;Meio de Quadra;;;0;2;0;0;0;0;0;0;0;1;0;0;;
299227;26;10;2016;20:41;0;RUA BOM JESUS (BARRA DO CEARA);;;1692;;Atropelamento;;;;Meio de Quadra;;;0;2;0;0;0;0;0;0;0;1;0;0;;
299232;26;10;2016;20:49;0;AV SEN FERNANDES TAVORA;;;2433;;Queda;;;;Meio de Quadra;;;0;1;0;0;0;0;0;0;0;1;0;0;-38,594468;-3,755837
299233;26;10;2016;21:02;0;AV PERIMETRAL;;;2615;;Atropelamento;;;;Meio de Quadra;;;0;1;1;1;0;0;0;0;0;0;0;0;;
299234;26;10;2016;22:24;0;AV GAL OSORIO DE PAIVA;;;4477;;Colisão;;;;Meio de Quadra;;;0;1;1;1;0;0;0;0;0;1;0;0;-38,5953;-3,797746
296431;26;10;2016;07:40;0;RD BR 116;;;500;KM-01;Colisão Traseira;Luz do Dia;;;Meio de Quadra;;;0;4;1;1;0;0;0;0;0;1;0;0;-38,51861693;-3,7628504
296436;26;10;2016;08:25;0;RD BR 116;;;4000;KM-04;Colisão Lateral;Luz do Dia;;;Meio de Quadra;;;0;0;2;1;0;0;1;0;0;0;0;0;-38,510646;-3,788331
294438;26;10;2016;23:10;0;RUA JOAQUIM NABUCO;;;1950;;Colisão Lateral;Via Iluminada;Bom;Seca;Meio de Quadra;Não Há Controle;Residencial;0;1;3;1;0;0;0;0;0;1;0;0;-38,503758;-3,742947
294443;26;10;2016;13:30;10954;RUA EUZEBIO DE QUEIROS;RUA DOM CARLOTO TAVORA;;;;Colisão Lateral;Luz do Dia;Bom;Seca;Cruz;Pare;Residencial;0;1;3;1;0;0;0;0;0;1;0;0;-38,555338;-3,770181
294444;26;10;2016;16:25;693;RUA ROCHA POMBO;RUA SILVIO ROMERO;;;;Choque c/ Obstáculo Fixo;Luz do Dia;;;Cruz;Não Há Controle;Outros;0;1;0;1;0;0;0;0;0;0;0;0;-38,571362;-3,720596
294434;26;10;2016;19:00;11582;AV ROGACIANO LEITE;RUA RICARDO A BRAGA;;3090;;Colisão Transversal;Luz do Dia;Bom;Seca;Cruz;Pare;Residencial;0;0;4;1;0;0;0;0;0;0;0;0;-38,503315;-3,786671
294432;26;10;2016;16:20;0;AV SANTOS DUMONT;;;1912;;Colisão Traseira;Luz do Dia;Bom;Seca;Meio de Quadra;Não Há Controle;Comercial;0;0;4;1;0;0;0;0;0;0;0;0;-38,507113;-3,733383
294430;26;10;2016;13:25;0;RUA ALBERTO MAGNO;;;560;;Colisão Traseira;Luz do Dia;Bom;Seca;Meio de Quadra;Semáforo;Comercial;0;0;4;0;0;0;0;0;0;0;0;0;-38,546267;-3,760622
294440;26;10;2016;22:10;0;RUA DR LUIS COSTA;;;575;;Colisão;;;;Meio de Quadra;;;0;1;1;0;0;0;0;0;0;1;0;0;;
294447;27;10;2016;19:45;1469;AV SEN VIRGILIO TAVORA;RUA DES LEITE ALBUQUERQUE;;;;Colisão Transversal;Luz do Dia;Bom;Seca;Cruz;Semáforo;Comercial;0;0;5;1;0;0;0;0;0;1;0;0;-38,493796;-3,73881
294451;27;10;2016;17:00;0;AV WASHINGTON SOARES;;;5005;MOTEL BALIBAR;Colisão;Anoitecer;;;Meio de Quadra;;;0;1;1;0;0;0;0;0;0;0;0;0;-38,479295;-3,803384
299235;27;10;2016;00:05;0;AV SGT HERMINIO SAMPAIO;;;;;Atropelamento;;;;Meio de Quadra;;;0;1;1;1;0;0;0;0;0;0;0;0;;
299236;27;10;2016;11:30;0;AV JOR THOMAZ COELHO;;;3173;;Colisão;Luz do Dia;;;Meio de Quadra;;;0;1;1;1;0;0;0;0;0;1;0;0;-38,523014;-3,82901
299249;27;10;2016;11:42;7703;RUA PARAIBA;RUA PDE ANTONIO VIEIRA D37;;;;Colisão;Luz do Dia;;;;;;0;2;0;0;0;0;0;0;0;0;0;0;;
299262;27;10;2016;15:35;0;RUA PRO COSTA MENDES;;;1545;;Colisão;Luz do Dia;;;Meio de Quadra;;;0;2;0;0;0;0;0;0;0;1;0;0;-38,552409;-3,749718
299274;27;10;2016;15:00;0;RD CE-040;;;;KM-07;Colisão;Luz do Dia;Bom;Seca;Meio de Quadra;;;0;0;2;1;0;0;0;0;0;0;0;0;-38,478733;-3,809597
299277;27;10;2016;16:00;0;RD CE-040;;;;KM-06;Colisão;Luz do Dia;Bom;Seca;Meio de Quadra;;;0;0;3;1;0;0;0;0;0;1;0;0;-38,479535;-3,800596
299280;27;10;2016;18:33;0;RD CE-040;;;1567;KM-05;Atropelamento;;Bom;Seca;Meio de Quadra;;;0;0;2;1;0;0;0;0;0;0;0;0;-38,480331;-3,791613
299374;27;10;2016;18:10;0;RUA VALPARAISO;;;;;Atropelamento de Animal;Anoitecer;;;Meio de Quadra;;;0;1;0;0;0;0;0;0;0;1;0;0;;
299388;27;10;2016;18:55;0;RUA VALPARAISO;;;326;;Colisão;;;;Meio de Quadra;;;0;1;0;1;0;0;0;0;0;1;0;0;;
299391;27;10;2016;20:31;0;RUA CARLOS WALRAVEN;;;610;;Atropelamento;;;;Meio de Quadra;;;0;1;1;0;0;0;0;0;0;1;0;0;-38,594799;-3,718985
300045;27;10;2016;06:35;0;AV GOV RAUL BARBOSA;;;7131;;Colisão;Luz do Dia;;;Meio de Quadra;;;0;1;0;0;0;0;0;0;0;0;0;0;-38,51296;-3,775025
300047;27;10;2016;06:54;19752;RUA DOM LINO;RUA DOM MANUEL DE MEDEIROS;;;;Colisão Transversal;Luz do Dia;Bom;Seca;Cruz;Pare;Residencial;0;0;4;0;0;0;0;0;0;1;0;0;-38,556861;-3,737633
300049;27;10;2016;07:11;0;RD BR 116;;;;;Queda;Luz do Dia;;;Meio de Quadra;;;0;1;0;0;0;0;0;0;0;1;0;0;;
300050;27;10;2016;07:14;3880;RUA SEN POMPEU;RUA OLIVIO CAMARA;;2205;;Colisão Lateral;Luz do Dia;Bom;Seca;Cruz;Pare;Residencial;0;1;3;1;0;0;0;0;0;1;0;0;-38,532902;-3,737737
300051;27;10;2016;09:44;0;AV OLAVO BILAC;RUA GONCALO DE LAGOS;RUA DR ATUALPA (V. ELERY);648;;Colisão Lateral;Luz do Dia;Bom;Seca;Duplo T;Semáforo;Residencial;0;2;3;0;1;0;0;0;0;1;0;0;;
300116;27;10;2016;18:35;0;AV N CJ JOSE WALTER;;;326;;Colisão;;;;Meio de Quadra;;;0;1;0;1;0;0;0;0;0;1;0;0;;
300120;27;10;2016;19:47;0;AV GOV RAUL BARBOSA;;;5570;;Atropelamento;;;;Meio de Quadra;;;0;1;0;1;0;0;0;0;0;0;0;0;;
300122;27;10;2016;20:02;0;RUA TEN LAURO;;;291;;Colisão;;;;Meio de Quadra;;;0;1;0;0;0;0;0;0;0;0;0;0;-38,582116;-3,749422
300126;27;10;2016;20:29;0;RUA OITICICAS;;;680;;Colisão;;;;Meio de Quadra;;;0;1;0;0;0;0;0;0;0;0;0;0;-38,537155;-3,809371
300079;27;10;2016;16:14;0;AV CAP WALDEMAR PAULA LIMA;;;21;;Colisão;Luz do Dia;;;Meio de Quadra;;;0;1;0;0;0;0;0;0;0;1;0;0;;
300093;27;10;2016;17:35;0;RD BR 116;;;2430;;Colisão;Anoitecer;;;Meio de Quadra;;;0;1;0;1;0;0;0;0;0;1;0;0;-38,502392;-3,806125
300099;27;10;2016;17:47;0;AV PERIMETRAL;;;700;;Queda;Anoitecer;;;Meio de Quadra;;;0;1;0;0;0;0;0;0;0;1;0;0;;
300100;27;10;2016;17:55;19030;RUA JOSE CARLOS GURGEL NOGUEIRA;RUA ALFEU ABOIM;;;;Colisão;Anoitecer;;;Cruz;Pare;Residencial;0;1;0;1;0;0;0;0;0;1;0;0;-38,475395;-3,735408
300102;27;10;2016;18:20;23424;RUA MON SALAZAR;RUA HERMINIO BARROSO;;;;Colisão Traseira;Mal Iluminada;Bom;Seca;Cruz;Pare;Residencial;0;0;5;1;0;0;0;0;0;0;0;0;-38,51116;-3,755854
300058;27;10;2016;13:13;0;RUA EMILIO DE MENESES;;;2347;;Colisão;Luz do Dia;;;Meio de Quadra;;;0;1;0;1;0;0;0;0;0;1;0;0;-38,601996;-3,777646
300059;27;10;2016;14:40;0;RUA NETUNO;;;23;;Colisão;Luz do Dia;;;Meio de Quadra;;;0;1;0;1;0;0;0;0;0;1;0;0;-38,571473;-3,761294
300060;27;10;2016;14:48;25371;RUA PDE ANCHIETA;RUA LEIRIA DE ANDRADE;;1039;;Colisão Transversal;Luz do Dia;Bom;Seca;Cruz;Pare;Residencial;0;0;3;1;0;0;0;0;0;1;0;0;-38,551811;-3,729315
300073;27;10;2016;14:53;0;AV JOAO DE ARAUJO LIMA;;;1631;;Atropelamento;Luz do Dia;;;Meio de Quadra;;;0;1;0;1;0;0;0;0;0;0;0;0;-38,561249;-3,83602
300088;27;10;2016;17:32;0;RUA PLACIDO DE CASTRO;;;631;;Atropelamento;Anoitecer;;;Meio de Quadra;;;0;1;0;0;1;0;0;0;0;0;0;0;-38,586011;-3,790045
300124;27;10;2016;20:28;0;RUA CARLOS VASCONCELOS;;;605;;Atropelamento;;;;Meio de Quadra;;;0;1;0;0;0;0;0;0;0;1;0;0;-38,508948;-3,727261
300131;27;10;2016;22:01;0;RUA ENG LUIS MONTENEGRO;;;750;;Colisão;;;;Meio de Quadra;;;0;2;0;0;0;0;0;0;0;1;0;0;;
300179;27;10;2016;22:06;0;RUA SEN ROBERT KENNEDY;;;;;Queda;;;;Meio de Quadra;;;0;1;0;0;0;0;0;0;0;1;0;0;;
300184;27;10;2016;22:25;0;RUA SOUSA PINTO;;;518;;Colisão;;;;Meio de Quadra;;;0;1;0;0;0;0;0;0;0;0;0;0;-38,514399;-3,762634
300188;27;10;2016;23:24;0;RUA BERNARDO MANUEL;;;8044;;Colisão;;;;Meio de Quadra;;;0;1;0;1;0;0;0;0;0;1;0;0;-38,548676;-3,789724
292190;27;10;2016;09:50;5415;RUA GAL CLARINDO DE QUEIROZ;RUA FLORIANO PEIXOTO;;;;Colisão Transversal;Luz do Dia;Bom;Seca;Cruz;Pare;Comercial;0;0;2;1;0;0;0;0;0;0;0;0;-38,529027;-3,733049
292198;27;10;2016;09:00;0;RUA PDE ANTONIO VIEIRA D37;;;140;;Choque c/ Obstáculo Fixo;Luz do Dia;Bom;Seca;Meio de Quadra;Não Há Controle;Residencial;0;0;2;1;0;0;0;0;0;0;0;0;-38,562372;-3,76222
292203;27;10;2016;21:50;1364;RUA TORRES CAMARA;RUA JOSE VILAR;;;;Capotamento;Via Iluminada;Bom;Seca;Cruz;Semáforo;Residencial;0;0;2;1;0;0;0;0;0;0;0;0;-38,50484;-3,736301
292210;27;10;2016;09:30;0;RUA VALMIR PONTES;;;;;Engavetamento;Luz do Dia;Bom;Seca;Meio de Quadra;;Comercial;0;0;3;1;0;0;1;0;0;0;0;0;;
292212;27;10;2016;18:40;9243;AV DOS EXPEDICIONARIOS;AV EDUARDO GIRAO;;;;Colisão Transversal;Via Iluminada;Bom;Seca;Cruz;Semáforo Intermitente;Misto;0;2;0;0;0;0;0;0;0;1;0;0;-38,536849;-3,750712
292216;27;10;2016;19:20;17899;AV SGT HERMINIO SAMPAIO;RUA EVANDRO LUZ;;;;Colisão Frontal;Via Iluminada;Bom;Seca;T;Pare;Residencial;0;1;1;1;0;0;0;0;0;1;0;0;-38,577549;-3,730841
292217;27;10;2016;10:00;0;AV DOS EXPEDICIONARIOS;;;;;Colisão Lateral;Luz do Dia;Bom;Seca;Meio de Quadra;Outros;Misto;0;0;2;1;0;0;0;0;0;0;0;0;;
292208;27;10;2016;15:30;7846;RUA JOSE VILAR;RUA JULIO SIQUEIRA;;;;Colisão Transversal;Luz do Dia;Bom;Seca;Cruz;Pare;Misto;0;0;2;1;0;0;0;0;0;0;0;0;-38,509103;-3,749493
292219;27;10;2016;13:05;5392;RUA PINTO MADEIRA;RUA NOGUEIRA ACIOLI;;;;Colisão Transversal;Luz do Dia;Bom;Seca;Cruz;Pare;Misto;0;0;2;1;0;0;0;0;0;0;0;0;-38,517559;-3,732292
292231;27;10;2016;10:21;0;AV ALM HENRIQUE SABOIA;;;;;Colisão Traseira;Luz do Dia;Bom;Seca;Meio de Quadra;Outros;Outros;0;0;2;1;0;0;0;0;0;0;0;0;;
292232;27;10;2016;10:40;0;AV DOMINGOS OLIMPIO;;;227;;Engavetamento;Luz do Dia;Bom;Seca;Meio de Quadra;;Comercial;0;0;4;1;0;0;0;0;0;0;0;0;-38,526796;-3,737922
292225;27;10;2016;21:40;0;AV AMERICO BARREIRA;;;;;Colisão Traseira;Via Iluminada;Bom;Seca;Meio de Quadra;Não Há Controle;Lazer;0;1;1;1;0;0;0;0;0;1;0;0;;
292226;27;10;2016;20:00;7395;RUA PRO EDGAR DE ARRUDA;RUA ARACAJU;;;;Colisão Transversal;Via Iluminada;Bom;Seca;Cruz;Pare;Residencial;0;1;2;1;0;0;0;0;0;1;0;0;-38,586324;-3,757416
292227;27;10;2016;21:30;25880;RUA ALFREDO MAMEDE;RUA MOCA BONITA;;;;Colisão Lateral;Via Iluminada;Bom;Seca;T;Pare;Comercial;0;0;2;1;0;0;0;0;0;0;0;0;;
292228;27;10;2016;11:10;0;AV MAJ ASSIS;;;911;;Colisão Traseira;Luz do Dia;Bom;Seca;Meio de Quadra;Semáforo Intermitente;Residencial;0;0;2;1;0;0;0;0;0;0;0;0;-38,586862;-3,723733
292222;27;10;2016;07:30;13224;RUA BERNARDO MANUEL;RUA MIGUEL PEREIRA;;;;Colisão Lateral;Luz do Dia;Bom;Seca;Cruz;Pare;Residencial;0;0;2;1;0;0;0;0;0;1;0;0;-38,562372;-3,834859
292223;27;10;2016;07:20;22937;AV DR SILAS MUNGUBA;RUA GOV JOAO CARLOS;;;;Colisão Lateral;Luz do Dia;Bom;Seca;T;Semáforo;Comercial;0;0;2;1;0;0;1;0;0;0;0;0;-38,55391;-3,78395
299000;27;10;2016;12:45;0;RD CE-040;;;;KM-06;Colisão;Luz do Dia;Bom;Seca;Meio de Quadra;;;0;0;3;1;0;0;0;0;0;0;0;0;-38,479535;-3,800596
302379;27;10;2016;07:20;25697;RUA JOAO CORDEIRO;RUA ROCHA LIMA;;0;;Colisão Transversal;Luz do Dia;Bom;Seca;Cruz;Pare;Comercial;0;0;2;1;0;0;0;0;0;0;0;0;-38,517275;-3,738
302380;27;10;2016;08:27;5749;AV DES GONZAGA;RUA JULIO LIMA;;0;;Colisão Lateral;Luz do Dia;Bom;Seca;Cruz;Pare;Comercial;0;0;2;1;0;0;0;0;0;0;0;0;-38,500411;-3,796143
302381;27;10;2016;07:26;0;AV BORGES DE MELO;;;138;;Engavetamento;Luz do Dia;Bom;Seca;Meio de Quadra;Semáforo;Não Informado;0;0;3;1;0;0;0;0;0;0;0;0;-38,52025;-3,76132
302382;27;10;2016;13:07;0;AV 13 DE MAIO;;;2072;;Colisão Transversal;Luz do Dia;Bom;Seca;Meio de Quadra;Semáforo;Escola;0;0;2;1;0;0;0;0;0;0;0;0;-38,535445;-3,744107
302383;27;10;2016;14:09;0;AV DEP PAULINO ROCHA;;;0;;Colisão Traseira;Luz do Dia;Bom;Seca;Rotatória;Dê Preferência;Residencial;0;0;2;1;1;0;0;0;0;0;0;0;;
302384;27;10;2016;14:16;0;AV BEZERRA DE MENEZES;;;1820;;Colisão Traseira;Luz do Dia;Bom;Seca;Meio de Quadra;Não Há Controle;Comercial;0;0;2;1;0;0;0;0;0;0;0;0;-38,560902;-3,734929
302385;27;10;2016;14:11;3819;AV CARAPINIMA;RUA JUVENAL GALENO;;0;;Colisão Lateral;Luz do Dia;Bom;Seca;Outros;Semáforo;Comercial;0;0;2;0;0;0;0;0;0;0;0;0;-38,539176;-3,738998
302386;27;10;2016;16:01;19730;RUA CRUZ SALDANHA;RUA DOM MANUEL DE MEDEIROS;;0;;Colisão Transversal;Luz do Dia;Bom;Seca;Cruz;Pare;Residencial;0;1;1;1;0;0;0;0;0;0;0;0;-38,553612;-3,73698
302387;27;10;2016;16:57;2640;RUA RAIMUNDO FROTA;RUA JANDIRA;;0;;Colisão Transversal;Luz do Dia;Bom;Seca;Cruz;Pare;Residencial;0;0;2;1;0;0;0;0;0;0;0;0;-38,586834;-3,714725
302388;27;10;2016;16:22;0;AV FRE CIRILO;;;3571;;Colisão Traseira;Via Iluminada;Bom;Seca;Meio de Quadra;Não Há Controle;Comercial;0;0;2;1;0;0;0;0;0;0;0;0;-38,498157;-3,815613
302389;27;10;2016;19:50;0;AV BORGES DE MELO;;;294;;Colisão Lateral;Via Iluminada;Bom;Seca;Meio de Quadra;Não Há Controle;Residencial;0;0;2;1;0;0;0;0;0;0;0;0;-38,52171;-3,761163
302390;27;10;2016;18:30;15195;AV ABOLICAO;RUA JOSE NAPOLEAO;;0;;Colisão Transversal;Via Iluminada;Bom;Seca;Cruz;Pare;Comercial;0;0;2;1;0;0;0;1;0;0;0;0;-38,490302;-3,726523
302391;27;10;2016;18:50;22099;AV JOSE BASTOS;RUA JOSE FACANHA;;0;;Colisão Traseira;Via Iluminada;Bom;Seca;T;Semáforo;Comercial;0;0;2;1;0;0;0;0;0;0;0;0;-38,554822;-3,754359
302392;27;10;2016;21:12;13390;RUA ILDEFONSO ALBANO;RUA JOAO BRIGIDO;;0;;Colisão Lateral;Não Informado;Bom;Seca;Cruz;Semáforo;Comercial;0;0;2;1;0;0;0;0;0;0;0;0;-38,51575;-3,740605
302393;27;10;2016;20:10;23342;RUA TIBURCIO CAVALCANTE;RUA EDUARDO BEZERRA;;0;;Colisão Transversal;Via Iluminada;Bom;Seca;Cruz;Pare;Residencial;0;0;2;1;0;0;0;0;0;0;0;0;-38,508145;-3,753329
302394;28;10;2016;04:17;19306;AV GAL OSORIO DE PAIVA;RUA EDUARDO PERDIGAO;;;;Colisão Frontal;Amanhecer;Bom;Seca;Cruz;Semáforo;Comercial;0;1;1;1;1;0;0;0;0;0;0;0;-38,565454;-3,774747
302395;28;10;2016;08:34;0;AV DOM LUIS;;;0;;Colisão Lateral;Luz do Dia;Bom;Seca;Rotatória;Semáforo;Comercial;0;0;2;1;0;0;0;0;0;0;0;0;;
302396;28;10;2016;09:12;15149;AV MON TABOSA;RUA ANTONIO LIMA;;0;;Colisão Lateral;Luz do Dia;Bom;Seca;Cruz;Dê Preferência;Residencial;0;1;0;0;0;0;0;0;0;1;0;0;-38,504149;-3,724573
302397;28;10;2016;08:50;15244;RUA JOSE VILAR;RUA DEP MOREIRA DA ROCHA;;0;;Colisão Lateral;Luz do Dia;Bom;Seca;Cruz;Pare;Residencial;0;0;2;1;1;0;0;0;0;0;0;0;-38,502113;-3,727832
302399;28;10;2016;11:10;19152;RUA LAURO NOGUEIRA;RUA BATISTA DE OLIVEIRA;;0;;Colisão Transversal;Luz do Dia;Bom;Seca;Cruz;Pare;Residencial;0;0;2;1;1;0;0;0;0;0;0;0;-38,478301;-3,740086
302400;28;10;2016;12:15;0;AV DES GONZAGA;;;1730;;Colisão Traseira;Luz do Dia;Bom;Seca;Outros;Dê Preferência;Residencial;0;0;2;1;1;0;0;0;0;0;0;0;;
302401;28;10;2016;12:20;13433;RUA ILDEFONSO ALBANO;RUA TOMAS ACIOLI;;0;;Colisão Lateral;Luz do Dia;Bom;Seca;T;Pare;Residencial;0;1;1;1;0;0;0;0;0;1;0;0;-38,516391;-3,742685
302402;28;10;2016;13:49;11009;RUA JULIO VERNE;RUA EQUADOR;;0;;Colisão Lateral;Luz do Dia;Não Informado;Seca;Cruz;Pare;Residencial;0;0;2;1;0;0;0;0;0;0;0;0;-38,552843;-3,775427
302403;28;10;2016;14:26;0;AV OLIVEIRA PAIVA;;;1901;;Colisão Traseira;Luz do Dia;Bom;Seca;Meio de Quadra;Não Há Controle;Comercial;0;1;1;1;0;0;0;0;0;1;0;0;-38,489727;-3,796009
302404;28;10;2016;14:20;5383;AV DUQ CAXIAS;RUA MAJ FACUNDO;;0;;Colisão Lateral;Luz do Dia;Bom;Seca;Meio de Quadra;Semáforo;Comercial;0;0;2;1;0;0;0;0;0;1;0;0;-38,529285;-3,731981
302405;28;10;2016;16:00;5709;AV DES GONZAGA;AV OLIVEIRA PAIVA;;0;;Colisão Transversal;Luz do Dia;Bom;Seca;Cruz;Semáforo;Comercial;0;0;2;1;0;0;0;0;0;0;0;0;-38,499953;-3,797165
302406;28;10;2016;19:04;0;RUA ALBERTO MAGNO;;;339;;Engavetamento;Via Iluminada;Bom;Seca;Meio de Quadra;Gesto;Comercial;0;2;1;1;0;0;0;0;0;0;0;0;-38,545067;-3,759259
302407;28;10;2016;19:30;0;RUA CON LIMA SUCUPIRA;;;1450;;Colisão Lateral;Mal Iluminada;Bom;Seca;Cruz;Não Há Controle;Residencial;0;0;2;1;0;0;0;0;0;0;0;0;-38,548028;-3,779069
292248;28;10;2016;21:35;0;AV CARAPINIMA;;;;;Colisão Lateral;Via Iluminada;Bom;Seca;Meio de Quadra;;Residencial;0;0;2;1;0;0;0;0;0;0;0;0;;
292261;28;10;2016;07:00;0;RUA BERNARDO MANUEL;;;;;Colisão Transversal;Luz do Dia;Bom;Seca;Meio de Quadra;Outros;Comercial;0;0;2;1;0;0;0;0;0;1;0;0;;
292259;28;10;2016;22:30;0;AV SANTOS DUMONT;;;5640;;Choque c/ Obstáculo Fixo;Via Iluminada;Bom;Seca;Meio de Quadra;;Comercial;0;1;0;1;0;0;0;0;0;0;0;0;-38,481393;-3,74169
292267;28;10;2016;17:00;0;AV BEZERRA DE MENEZES;;;1052;;Colisão Lateral;Via Iluminada;Bom;Seca;Meio de Quadra;Semáforo;Comercial;0;0;2;1;0;0;0;0;0;0;0;0;-38,5541;-3,733523
292252;28;10;2016;20:45;0;AV DES MOREIRA;;;110;;Colisão Lateral;Via Iluminada;Bom;Seca;Meio de Quadra;Semáforo;Residencial;0;0;2;1;0;0;0;0;0;1;0;0;-38,4955;-3,727409
292254;28;10;2016;16:00;0;AV GAL OSORIO DE PAIVA;;;6299;;Colisão Transversal;Via Iluminada;Bom;Seca;Meio de Quadra;Outros;Comercial;0;2;0;0;0;0;0;0;0;1;0;0;;
292255;28;10;2016;06:30;19732;RUA GUSTAVO SAMPAIO;RUA TIP SALES;;;;Colisão Lateral;Luz do Dia;Bom;Seca;Cruz;Não Há Controle;Residencial;0;0;2;0;0;0;0;1;0;1;0;0;-38,564917;-3,737013
292196;28;10;2016;20:50;18303;RUA ITAPIPOCA;AV ALM BARROSO;;;;Colisão Lateral;Via Iluminada;Bom;Seca;T;Não Há Controle;Residencial;0;0;2;1;0;0;1;0;0;0;0;0;-38,516762;-3,720403
292194;28;10;2016;13:40;7626;RUA RIO GRANDE DO NORTE;RUA PARANA;;;;Queda;Luz do Dia;Bom;Seca;Cruz;Pare;Residencial;0;2;0;0;0;0;0;0;0;1;0;0;-38,56872;-3,757867
292293;28;10;2016;10:00;0;AV GAL OSORIO DE PAIVA;;;5719;;Colisão Lateral;Luz do Dia;Bom;Seca;Meio de Quadra;Não Há Controle;Comercial;0;1;1;1;0;0;0;0;0;1;0;0;-38,604238;-3,806947
292300;28;10;2016;16:35;0;AV ABOLICAO;;;2000;;Engavetamento;Luz do Dia;Bom;Seca;Meio de Quadra;Dê Preferência;Comercial;0;0;4;1;0;0;1;0;0;0;0;0;-38,501294;-3,725459
292317;28;10;2016;14:30;17479;RUA SEN MACHADO D48;RUA TEREZA HINKO;;;;Colisão Frontal;Luz do Dia;Bom;Seca;Cruz;Pare;Residencial;0;0;2;1;0;0;0;0;0;0;0;0;-38,484407;-3,724539
300196;28;10;2016;05:38;0;AV TRISTAO GONCALVES;;;1245;;Colisão;Amanhecer;;;Meio de Quadra;;;0;1;0;1;0;0;0;0;0;1;0;0;-38,5348;-3,732406
300191;28;10;2016;00:12;0;AV FRANCISCO SA;;;2320;;Queda;;;;Meio de Quadra;;;0;1;0;0;0;0;0;0;0;1;0;0;;
300192;28;10;2016;01:28;0;AV PLACIDO CASTELO;;;1173;;Colisão;;;;Meio de Quadra;;;0;1;0;0;0;0;0;0;0;0;0;0;;
300193;28;10;2016;04:22;0;RUA EDUARDO PERDIGAO;;;;;Colisão;;;;Meio de Quadra;;;0;1;0;1;0;0;0;0;0;1;0;0;;
300204;28;10;2016;05:51;0;AV WASHINGTON SOARES;;;5333;;Queda;Amanhecer;;;Meio de Quadra;;;0;1;0;0;0;0;0;0;0;1;0;0;-38,479073;-3,805804
300215;28;10;2016;12:00;0;RUA BAR AQUIRAZ;;;2412;;Colisão;Luz do Dia;;;Meio de Quadra;;;0;1;0;1;0;0;0;0;0;1;0;0;;
300216;28;10;2016;12:39;0;RUA RIO GRANDE DO NORTE;;;;;Colisão;Luz do Dia;;;Meio de Quadra;;;0;1;0;0;0;0;0;0;0;1;0;0;;
300209;28;10;2016;06:05;0;AV GAL OSORIO DE PAIVA;;;;;Colisão;Luz do Dia;;;Meio de Quadra;;;0;2;0;0;0;0;0;0;0;0;0;0;;
300210;28;10;2016;07:12;17395;RUA ALBERTO MAGNO;RUA TEN MOACIR MATOS;;814;;Colisão Transversal;Luz do Dia;Bom;Seca;Cruz;Pare;Comercial;0;1;3;1;0;0;0;0;0;1;0;0;-38,552117;-3,767411
300211;28;10;2016;07:22;0;RUA BERNARDO MANUEL;;;9235;;Colisão;Luz do Dia;;;Meio de Quadra;;;0;1;0;1;0;0;0;0;0;1;0;0;-38,551986;-3,800576
300212;28;10;2016;09:26;0;AV GAL OSORIO DE PAIVA;;;5748;;Colisão;Luz do Dia;;;Meio de Quadra;;;0;1;0;1;0;0;0;0;0;1;0;0;-38,604089;-3,806792
300213;28;10;2016;09:58;0;RUA PRO GOMES BRASIL;;;341;;Colisão;Luz do Dia;;;Meio de Quadra;;;0;1;0;1;0;0;0;0;0;1;0;0;-38,568391;-3,772908
300224;28;10;2016;13:09;0;RUA BANDEIRA DE MELO;;;486;;Colisão;Luz do Dia;;;Meio de Quadra;;;0;2;0;0;0;0;0;0;0;0;0;0;;