COD_ACIDENTE;DIA;MES;ANO;HORA;INTERSECAO;LOG1;LOG2;LOG3;NUMERO;REFERENCIA;NATUREZA;ILUMINACAO;TEMPO;SUPERFICIEPISTA;TIPOCRUZAMENTO;CONTROLETRAFEGO;USOSOLO;MORTOS;FERIDOS;ILESOS;AUTOMOVEL;ONIBUS;BICICLETA;CAMINHAO;MICROONIBUS;CICLOMOTOR;MOTOCICLETA;TRACAOANIMAL;TREM;LONG;LAT
300206;28;10;2016;05:55;0;RUA MARTINS CARVALHO;;;2930;;Atropelamento;Amanhecer;;;Meio de Quadra;;;0;1;0;1;0;0;0;0;0;0;0;0;-38,621208;-3,790326
300246;28;10;2016;15:25;0;RUA CEL ABELARDO RODRIGUES;;;182;;Atropelamento;Luz do Dia;;;Meio de Quadra;;;0;2;0;0;0;0;0;0;0;1;0;0;;
300247;28;10;2016;15:36;17440;RUA ANTONIO FIUZA;RUA PRO TEODORICO;;;;Colisão;Luz do Dia;;;Cruz;Pare;Residencial;0;2;0;1;0;0;0;0;0;1;0;0;-38,551898;-3,769303
300253;28;10;2016;16:02;0;AV I CJ CEARA;;;;;Queda;Luz do Dia;;;Meio de Quadra;;;0;1;0;0;0;0;0;0;0;1;0;0;;
300255;28;10;2016;16:09;0;AV GAL OSORIO DE PAIVA;;;6395;;Colisão;Luz do Dia;;;Meio de Quadra;;;0;1;0;0;0;0;0;0;0;1;0;0;-38,608152;-3,811033
300260;28;10;2016;16:26;0;AV H CJ CEARA;;;1285;;Colisão;Luz do Dia;;;Meio de Quadra;;;0;1;0;0;0;0;0;0;0;1;0;0;-38,609521;-3,775715
300261;28;10;2016;16:26;0;AV JOSE JATAHY;;;1805;;Colisão;Luz do Dia;;;Meio de Quadra;;;0;0;1;1;0;0;0;0;0;1;0;0;;
300262;28;10;2016;16:45;0;AV PERIMETRAL;;;;;Colisão;Luz do Dia;;;Meio de Quadra;;;0;1;0;1;0;0;0;0;0;1;0;0;;
300272;28;10;2016;16:56;14434;AV SGT HERMINIO SAMPAIO;RUA CEL RIBEIRO DA SILVA;;;;Colisão Lateral;Luz do Dia;Bom;Seca;T;Pare;Residencial;0;1;3;1;0;0;0;0;0;1;0;0;-38,547436;-3,724573
300283;28;10;2016;17:36;0;RUA EDGAR FALCAO;;;180;;Colisão;Anoitecer;;;Meio de Quadra;;;0;1;0;1;0;0;0;0;0;1;0;0;-38,571803;-3,730803
300288;28;10;2016;17:37;0;RUA CANDIDO CASTELO BRANCO;;;5632;;Colisão;Anoitecer;;;Meio de Quadra;;;0;0;1;0;0;0;0;0;0;0;0;0;;
300298;28;10;2016;17:57;0;RUA GAL BERNARDO FIGUEIREDO;;;365;;Colisão;Anoitecer;;;Meio de Quadra;;;0;1;0;0;0;0;0;0;0;0;0;0;;
300303;28;10;2016;18:19;0;AV JOSE BASTOS;;;;;Colisão;Anoitecer;;;Meio de Quadra;;;0;0;1;1;0;0;0;0;0;1;0;0;;
300316;28;10;2016;18:34;0;RUA BERNARDO MANUEL;;;9964;;Colisão;;;;Meio de Quadra;;;0;1;0;1;0;0;0;0;0;1;0;0;-38,553137;-3,804464
300325;28;10;2016;19:29;0;RUA DEP MATOSO FILHO;;;786;;Colisão;;;;Meio de Quadra;;;0;1;0;0;0;0;0;0;0;0;0;0;-38,591377;-3,732854
300323;28;10;2016;19:29;2523;AV FRANCISCO SA;RUA TULIPA;;;;Colisão;;;;T;Pare;Comercial;0;0;1;0;0;0;0;0;0;0;0;0;-38,577954;-3,710359
300331;28;10;2016;20:42;7694;RUA RIO GRANDE DO SUL;RUA RIO GRANDE DO NORTE;;;;Colisão;;;;Cruz;Pare;Residencial;0;1;0;0;0;0;0;0;0;0;0;0;-38,567559;-3,758617
300332;28;10;2016;20:42;0;RUA RIO GRANDE DO SUL;;;;;Colisão;;;;Meio de Quadra;;;0;0;1;0;0;0;0;0;0;0;0;0;;
300337;28;10;2016;21:43;10995;RUA 15 DE NOVEMBRO;RUA ALM RUBIM;;1255;;Colisão Transversal;Via Iluminada;Bom;Seca;Cruz;Pare;Comercial;0;1;2;1;1;0;0;0;0;0;0;0;-38,555939;-3,768907
300339;28;10;2016;23:27;0;AV D CJ JOSE WALTER;;;440;;Queda;;;;Meio de Quadra;;;0;1;0;0;0;1;0;0;0;0;0;0;;
299392;28;10;2016;06:14;0;RUA GUSTAVO SAMPAIO;;;2236;;Colisão;Luz do Dia;;;Meio de Quadra;;;0;2;1;1;0;0;0;0;0;1;0;0;-38,564837;-3,736996
299394;28;10;2016;09:10;0;RUA AQUIRAZ;;;2671;;Colisão;Luz do Dia;;;Meio de Quadra;;;0;1;1;1;0;0;0;0;0;1;0;0;;
299397;28;10;2016;09:21;0;RUA RODRIGUES MEDEIROS;;;651;;Atropelamento;Luz do Dia;;;Meio de Quadra;;;0;1;0;0;0;0;0;0;0;1;0;0;;
299399;28;10;2016;11:51;0;AV SEN FERNANDES TAVORA;;;3256;;Queda;Luz do Dia;;;Meio de Quadra;;;0;2;0;0;0;0;0;0;0;1;0;0;;
299402;28;10;2016;16:25;18739;RUA MAISA;RUA CODO;;;;Colisão;Luz do Dia;;;;;;0;1;1;0;0;0;0;0;0;0;0;0;-38,52283;-3,851827
299404;28;10;2016;17:37;0;AV PRS CASTELO BRANCO;;;5632;;Colisão;Anoitecer;;;Meio de Quadra;;;0;1;1;0;0;0;0;0;0;0;0;0;-38,581231;-3,703101
299365;28;10;2016;12:25;0;AV MIN JOSE AMERICO;;;;;Colisão;Luz do Dia;Bom;Seca;Meio de Quadra;;;0;0;3;1;0;0;0;0;0;0;0;0;;
294453;28;10;2016;08:00;0;AV MR HULL;;;6555;FRIFOR;Colisão;Luz do Dia;;;Meio de Quadra;;;0;1;1;1;0;0;0;0;0;0;0;0;-38,602552;-3,741296
294454;28;10;2016;18:00;0;RUA 7 DE SETEMBRO;;;125;;Colisão;Anoitecer;;;Meio de Quadra;;;0;1;1;1;1;0;0;0;0;0;0;0;-38,563432;-3,774057
294456;28;10;2016;14:15;14467;RUA HENRIQUE AUTRAN;RUA JOAO TOME;;;;Colisão Transversal;Luz do Dia;Bom;Seca;Cruz;Não Há Controle;Residencial;0;1;2;1;0;0;0;0;0;0;0;0;-38,547342;-3,727676
294457;28;10;2016;20:52;0;RUA FARIAS LEMOS;;;1016;;Choque c/ Obstáculo Fixo;;;;Meio de Quadra;;;0;1;0;1;0;0;0;0;0;0;0;0;;
294458;29;10;2016;15:45;0;RUA JULIO BRAGA;;;1120;;Colisão;Luz do Dia;;;Meio de Quadra;;;0;1;1;0;0;0;0;0;0;1;0;0;-38,580984;-3,775497
294460;29;10;2016;20:30;14967;RUA JULIO ALCIDES;AV GODOFREDO MACIEL;;;;Colisão;;;;T;Outros;Outros;0;0;2;1;0;0;0;0;0;0;0;0;-38,566785;-3,787856
294461;29;10;2016;17:56;26176;AV ODILON GUIMARAES;RUA AFONSO HENRIQUE;;;;Colisão Lateral;Luz do Dia;Bom;Seca;T;Não Há Controle;Comercial;0;0;4;1;0;0;0;0;0;1;0;0;-38,48033;-3,82672
294463;29;10;2016;12:20;12601;RUA TULIPA;RUA ANTONIETA CLOTILDE;;;;Outros;Luz do Dia;;;;;;0;0;4;1;0;0;0;0;0;0;0;0;-38,580646;-3,717444
296444;29;10;2016;16:20;0;RD BR 116;;;7000;KM-07;Colisão Lateral;Luz do Dia;;;Meio de Quadra;;;0;2;1;0;0;0;0;0;0;1;0;0;-38,501101;-3,813246
299405;29;10;2016;00:00;0;RUA PEDRO LOPES D64;;;7;;Queda;;;;Meio de Quadra;;;0;1;0;0;0;0;0;0;0;1;0;0;;
299407;29;10;2016;04:21;15373;RUA FRE MANSUETO;AV DOM LUIS;;;;Capotamento;;;;Cruz;Semáforo;Comercial;0;3;0;1;0;0;0;0;0;0;0;0;-38,488626;-3,735861
299411;29;10;2016;06:46;0;RUA MIGUEL GURGEL;;;;;Colisão;Luz do Dia;;;Meio de Quadra;;;0;1;0;0;0;0;0;0;0;1;0;0;;
299413;29;10;2016;18:36;0;AV CASTELO DE CASTRO;;;;;Colisão;;;;Meio de Quadra;;;0;1;1;1;0;0;0;0;0;1;0;0;;
299415;29;10;2016;19:32;1406;AV DES MOREIRA;RUA DES LEITE ALBUQUERQUE;;;;Colisão;;;;Cruz;Semáforo;Comercial;0;1;0;1;0;0;0;0;0;1;0;0;-38,498678;-3,73722
299503;29;10;2016;07:30;0;RD CE-040;;;;KM-04;Colisão;Luz do Dia;Bom;Seca;Meio de Quadra;;;0;0;2;1;0;0;0;0;0;0;0;0;-38,481084;-3,782614
299418;29;10;2016;20:11;0;AV AUGUSTO DOS ANJOS;;;1659;;Colisão;;;;Meio de Quadra;;;0;1;0;1;0;0;0;0;0;1;0;0;-38,579762;-3,780861
299419;29;10;2016;21:02;0;RUA MARIA JOSE DE SOUSA;;;352;;;;;;Meio de Quadra;;;0;1;0;0;0;0;0;0;0;0;0;0;;
299420;29;10;2016;21:26;0;RUA EMILIA GONCALVES;;;1156;;Colisão;;;;Meio de Quadra;;;0;1;0;0;0;0;0;0;0;0;0;0;-38,592955;-3,732547
299423;29;10;2016;21:41;0;RUA JONAS I CARNEIRO;;;;;Colisão;;;;Meio de Quadra;;;0;1;0;1;0;0;0;0;0;1;0;0;;
300342;29;10;2016;00:41;8719;RUA SAPIRANGA;RUA CEL OLEGARIO MEMORIA;;;;Queda;;;;;;;0;1;0;0;0;0;0;0;0;1;0;0;-38,466709;-3,790791
300346;29;10;2016;03:36;0;RUA NOVA ESPERANCA;;;535;;Colisão;;;;Meio de Quadra;;;0;1;0;0;0;0;0;0;0;1;0;0;;
300354;29;10;2016;06:52;0;RUA BAR CANINDE;;;1677;;Colisão;Luz do Dia;;;Meio de Quadra;;;0;1;0;0;0;0;0;0;0;0;0;0;;
300430;29;10;2016;12:57;10804;RUA FLORIANOPOLIS;RUA PDE SA LEITAO;;830;;Colisão Transversal;Luz do Dia;Bom;Seca;Cruz;Pare;Comercial;0;2;2;1;0;0;0;0;0;0;0;0;-38,582216;-3,763456
300409;29;10;2016;10:27;0;RUA NOSSA SRA DAS GRACAS;;;1000;;Colisão;Luz do Dia;;;Meio de Quadra;;;0;1;0;0;0;0;0;0;0;0;0;0;-38,55707;-3,709162
300410;29;10;2016;10:31;12601;RUA TULIPA;RUA ANTONIETA CLOTILDE;;;;Atropelamento;Luz do Dia;;;;;;0;1;0;1;0;0;0;0;0;0;0;0;-38,580646;-3,717444
300411;29;10;2016;10:31;0;RUA NOSSA SRA DAS GRACAS;;;1008;;Colisão;Luz do Dia;;;Meio de Quadra;;;0;0;1;0;0;0;0;0;0;0;0;0;-38,557221;-3,7091
300420;29;10;2016;11:29;0;RUA NOSSA SRA DAS GRACAS;;;794;;Colisão;Luz do Dia;;;Meio de Quadra;;;0;1;0;1;0;0;0;0;0;1;0;0;-38,555318;-3,70963
300424;29;10;2016;12:04;0;AV DEP PAULINO ROCHA;;;50;;Queda;Luz do Dia;;;Meio de Quadra;;;0;1;0;0;0;0;0;0;0;1;0;0;-38,50755;-3,802055
300425;29;10;2016;12:22;0;RUA EUZEBIO DE QUEIROS;;;5;;Queda;Luz do Dia;;;Meio de Quadra;;;0;1;0;0;0;0;0;0;0;1;0;0;-38,545844;-3,757512
300401;29;10;2016;07:24;5383;RUA MAJ FACUNDO;AV DUQ CAXIAS;;;;Colisão;Luz do Dia;;;Cruz;Semáforo;Comercial;0;1;0;0;0;0;0;0;0;1;0;0;-38,529285;-3,731981
300402;29;10;2016;07:57;0;RUA CARLOS WALRAVEN;;;546;;Colisão;Luz do Dia;;;Meio de Quadra;;;0;1;0;1;0;0;0;0;0;1;0;0;;
300403;29;10;2016;07:58;6877;RUA CORACAO DE MARIA;AV CONTORNO OESTE D71;;;;Colisão;Luz do Dia;;;;;;0;1;0;1;0;0;0;0;0;1;0;0;-38,594504;-3,811219
300404;29;10;2016;08:40;26272;RUA VALPARAISO;RUA RECANTO VERDE;;;;Colisão;Luz do Dia;;;;;;0;2;0;1;0;0;0;0;0;1;0;0;;
300405;29;10;2016;08:53;0;AV SANTOS DUMONT;;;6350;;Colisão;Luz do Dia;;;Meio de Quadra;;;0;1;0;1;0;0;0;0;0;1;0;0;-38,475422;-3,743624
300406;29;10;2016;08:57;1462;RUA JOAO CARVALHO;RUA NUNES VALENTE;;;;Colisão Transversal;Luz do Dia;Bom;Seca;Cruz;Pare;Residencial;0;1;3;0;0;0;0;0;0;1;0;0;-38,504491;-3,738599
300407;29;10;2016;10:03;0;AV JOSE LEON;;;1078;;Colisão Traseira;Luz do Dia;Bom;Seca;Meio de Quadra;Semáforo;Comercial;0;2;2;1;0;0;0;0;0;1;0;0;-38,50231;-3,787692
300422;29;10;2016;11:31;0;RUA TULIPA NEGRA;;;2300;;Colisão;Luz do Dia;;;Meio de Quadra;;;0;0;1;0;0;0;0;0;0;0;0;0;;
292202;29;10;2016;21:00;0;AV BEIRA MAR;;;2500;;Colisão Lateral;Via Iluminada;Bom;Seca;Outros;Pare;Comercial;0;0;2;0;1;0;0;0;0;0;0;0;-38,499029;-3,725147
292213;29;10;2016;23:00;0;AV MOZART PINHEIRO DE LUCENA;;;2900;;Colisão Transversal;Via Iluminada;Bom;Seca;Meio de Quadra;Pare;Residencial;0;2;1;1;0;1;0;0;0;0;0;0;-38,598936;-3,729691
292211;29;10;2016;19:00;0;AV PRS CASTELO BRANCO;;;4334;;Atropelamento;Via Iluminada;Bom;Seca;Meio de Quadra;Não Há Controle;Comercial;1;0;1;1;0;0;0;0;0;0;0;0;-38,57106;-3,707434
292207;29;10;2016;08:40;0;AV PRS COSTA E SILVA;;;;;Engavetamento;Luz do Dia;Bom;Seca;Meio de Quadra;Outros;Residencial;0;0;4;1;0;0;0;0;0;0;0;0;;
292205;29;10;2016;04:45;15369;RUA FRE MANSUETO;RUA PEREIRA VALENTE;;;;Colisão Transversal;Amanhecer;Bom;Seca;Cruz;Pare;Comercial;0;1;1;1;0;0;0;0;0;0;0;0;-38,488673;-3,734827
292238;29;10;2016;09:30;0;AV ABOLICAO;;;4792;;Atropelamento;Luz do Dia;Bom;Seca;Meio de Quadra;;;0;1;1;0;1;0;0;0;0;0;0;0;;
292239;29;10;2016;12:20;0;AV ABOLICAO;;;1400;;Colisão Traseira;Luz do Dia;Bom;Seca;Meio de Quadra;;Comercial;0;0;2;1;0;0;0;0;0;0;0;0;;
292240;29;10;2016;14:50;24257;RUA TAVARES COUTINHO;RUA MANUEL JESUINO;;;;Colisão Frontal;Luz do Dia;Bom;Seca;Cruz;;Residencial;0;0;2;0;0;0;0;0;0;1;0;0;-38,484965;-3,7325
292241;29;10;2016;10:00;0;RUA NOSSA SRA DAS GRACAS;;;998;;Colisão Lateral;;Bom;Seca;Outros;Não Há Controle;Residencial;0;1;1;1;1;0;0;0;0;0;0;0;-38,557033;-3,709178
292221;29;10;2016;20:05;0;AV CARNEIRO DE MENDONCA;;;125;;Atropelamento;Via Iluminada;Bom;Seca;Meio de Quadra;Semáforo;Residencial;0;1;1;1;0;0;0;0;0;0;0;0;-38,560917;-3,766765
292218;29;10;2016;11:30;24409;RUA JORGE ACURCIO;RUA LINEU JUCA;;;;Colisão Transversal;Luz do Dia;Bom;Seca;Cruz;Pare;Residencial;0;1;1;1;0;0;0;0;0;1;0;0;-38,533216;-3,768903
292215;29;10;2016;05:30;0;RUA JOSE CARLOS GURGEL NOGUEIRA;;;;;Choque c/ Obstáculo Fixo;Amanhecer;Bom;Seca;Meio de Quadra;Não Há Controle;Comercial;0;0;1;0;0;0;0;0;0;0;0;0;;
302408;29;10;2016;07:54;9243;AV EDUARDO GIRAO;AV DOS EXPEDICIONARIOS;;0;;Colisão Traseira;Luz do Dia;Bom;Seca;Cruz;Semáforo;Comercial;0;0;2;1;0;0;0;0;0;0;0;0;-38,536849;-3,750712
302409;29;10;2016;13:13;26236;AV DR SILAS MUNGUBA;RUA BERNARDO MANUEL;;0;;Colisão Lateral;Luz do Dia;Bom;Seca;Cruz;Semáforo;Comercial;0;0;1;0;0;0;0;0;0;1;0;0;-38,54796;-3,787538
302410;29;10;2016;13:16;0;AV GAL OSORIO DE PAIVA;;;996;;Colisão Traseira;Luz do Dia;Bom;Seca;Meio de Quadra;Não Há Controle;Comercial;0;0;2;1;0;0;0;0;0;0;0;0;-38,570859;-3,778376
302411;29;10;2016;13:44;0;RUA MACHADO DE ASSIS;;;313;;Colisão Lateral;Luz do Dia;Bom;Seca;Meio de Quadra;Pare;Residencial;0;0;2;1;0;0;0;0;0;0;0;0;-38,548034;-3,74917
302412;29;10;2016;13:58;0;RUA PRO TEODORICO;;;116;;Engavetamento;Luz do Dia;Bom;Seca;Meio de Quadra;Pare;Residencial;0;0;3;1;0;0;0;0;0;0;0;0;-38,558448;-3,766961
302413;29;10;2016;11:50;22677;AV COS GOMES DE FREITAS (SAPIRANGA/COITE);RUA MARIO ALENCAR ARARIPE;;0;;Colisão Transversal;Luz do Dia;Bom;Seca;T;Pare;Comercial;0;1;1;1;0;0;0;0;0;0;0;0;-38,478257;-3,795569
302414;29;10;2016;16:32;5709;AV OLIVEIRA PAIVA;AV DES GONZAGA;;0;;Colisão Lateral;Luz do Dia;Bom;Seca;Meio de Quadra;Não Há Controle;Escola;0;1;1;1;0;0;0;0;0;1;0;0;-38,499953;-3,797165
302415;29;10;2016;21:20;0;RUA STA TEREZINHA DO MEN JES E DA SAG FACE;RUA STA ESMERALDA D56;;0;;Choque c/ Obstáculo Fixo;Via Iluminada;Bom;Seca;Meio de Quadra;Pare;Residencial;0;0;1;1;0;0;0;0;0;0;0;0;;
302427;29;10;2016;16:09;0;AV PRS JUSCELINO KUBITSCHEK (PASSARÉ);;;0;ROTATÓRIA CASTELÃO;Colisão Lateral;Luz do Dia;Bom;Seca;Meio de Quadra;Não Há Controle;Lazer;0;0;2;1;0;0;0;0;0;0;0;0;;
302416;30;10;2016;03:40;24236;AV ENG ALBERTO SA;RUA DES WALDETARIO P MOTA;;0;;Colisão Transversal;Luz do Dia;Bom;Seca;Cruz;Semáforo;Residencial;0;0;2;1;0;0;0;1;0;0;0;0;-38,47869;-3,733736
302417;30;10;2016;09:44;8031;AV JOAO PESSOA;RUA AFRODISIO GONDIM;;0;;Colisão Transversal;Luz do Dia;Bom;Seca;T;Não Há Controle;Residencial;0;0;2;1;0;0;0;0;0;0;0;0;-38,550151;-3,753199
302418;30;10;2016;14:18;0;AV ANTONIO SALES;;;165;;Colisão Traseira;Luz do Dia;Bom;Seca;Meio de Quadra;Não Há Controle;Comercial;0;0;2;1;0;0;0;0;0;0;0;0;-38,520445;-3,739822
292341;30;10;2016;15:00;0;AV CONTORNO SUL;;;1361;;Colisão Lateral;Luz do Dia;;;Meio de Quadra;;;0;1;1;1;0;0;0;0;0;1;0;0;;
292345;30;10;2016;23:45;0;AV PRS JUSCELINO KUBITSCHEK (PASSARÉ);;;;ROTATÓRIA CASTELÃO;Colisão;;;;Meio de Quadra;;;0;1;1;1;0;0;0;0;0;1;0;0;;
292346;30;10;2016;14:00;0;AV FRE CIRILO;;;;;Colisão Traseira;Luz do Dia;;;Meio de Quadra;;;0;0;2;1;0;0;0;0;0;1;0;0;;
292348;30;10;2016;14:30;25724;RUA NIGERIA;RUA SEBASTIAO DE ABREU (MONDUBIM);;;;Colisão Lateral;Luz do Dia;;;;;;0;0;2;1;0;0;0;0;0;0;0;0;-38,566905;-3,792931
292369;30;10;2016;04:00;16850;RUA ALBERTO SALES;RUA VITORIA REGIA;;;;Choque c/ Obstáculo Fixo;;;;;;;0;0;1;1;0;0;0;0;0;0;0;0;-38,573788;-3,827637
292374;30;10;2016;01:05;7976;AV JOAO PESSOA;RUA MAJ WEYNE;;;;Colisão Frontal;;;;Cruz;Semáforo;Misto;0;4;0;1;0;0;0;0;0;0;0;0;-38,545334;-3,747841
292372;30;10;2016;23:20;15135;AV HIS RAIMUNDO GIRAO;RUA FRANCISCO DIAS RIBEIRO;;;;Colisão Lateral;;;;Cruz;Não Há Controle;Residencial;0;1;1;1;0;0;0;0;0;1;0;0;-38,504397;-3,724024
292380;30;10;2016;11:00;1325;RUA JOAQUIM NABUCO;AV SANTOS DUMONT;;;;Colisão Lateral;Luz do Dia;;;Cruz;Semáforo;Comercial;0;0;2;1;0;0;0;0;0;0;0;0;-38,501285;-3,735295
292388;30;10;2016;08:20;0;AV C CJ CEARA;;;227;;Colisão Lateral;Luz do Dia;;;Meio de Quadra;;;0;0;2;1;0;0;0;0;0;1;0;0;-38,608725;-3,760582
292385;30;10;2016;20:25;0;AV AUGUSTO DOS ANJOS;;;1599;;Colisão Lateral;;;;Meio de Quadra;;;0;1;2;1;0;0;0;0;0;1;0;0;-38,57946;-3,780508
292301;30;10;2016;23:09;0;AV ENG HUMBERTO MONTE;;;2440;;Colisão Frontal;;;;Meio de Quadra;;;0;0;2;1;0;0;0;0;0;1;0;0;-38,566852;-3,741695
292303;30;10;2016;23:57;0;AV PDE ANTONIO TOMAS;;;2073;;Engavetamento;;;;Meio de Quadra;;;0;0;3;1;0;0;0;0;0;0;0;0;-38,493849;-3,742051
292306;30;10;2016;18:20;19688;RUA AZEVEDO BOLAO;RUA PRO RAIMUNDO ARRUDA;;;;Colisão Transversal;Anoitecer;;;Cruz;Pare;Residencial;0;0;2;1;0;0;0;0;0;0;0;0;-38,551701;-3,735414
292336;30;10;2016;20:24;0;RUA SILVA JATAHY;;;620;;Colisão Lateral;;;;Meio de Quadra;;;0;0;3;1;0;0;0;0;0;0;0;0;-38,498686;-3,727412
299623;30;10;2016;12:49;0;AV MIN JOSE AMERICO;;;;;Colisão;Luz do Dia;Bom;Seca;Meio de Quadra;;;0;0;2;1;0;0;0;0;0;0;0;0;;
299425;30;10;2016;00:26;0;RUA CEL VIRGILIO NOGUEIRA (BOM JARDIM);;;745;;Colisão;;;;Meio de Quadra;;;0;2;0;1;0;0;0;0;0;1;0;0;;
299426;30;10;2016;02:10;0;AV AUGUSTO DOS ANJOS;;;1388;;Colisão;;;;Meio de Quadra;;;0;2;0;1;0;0;0;0;0;1;0;0;-38,578018;-3,778877
299427;30;10;2016;02:38;0;AV JOSE BASTOS;;;;;Colisão;;;;Meio de Quadra;;;0;1;0;0;0;0;0;0;0;0;0;0;;
299428;30;10;2016;17:57;0;RUA AMADEU DE CASTRO;;;338;;Atropelamento;Anoitecer;;;Meio de Quadra;;;0;1;1;0;0;0;0;0;0;1;0;0;;
299429;30;10;2016;20:20;0;RUA BRAGANCA;;;;;Colisão;;;;Meio de Quadra;;;0;1;1;0;0;0;0;0;0;0;0;0;;
299430;30;10;2016;21:45;0;RUA TEODOMIRO DE CASTRO;;;6376;;Colisão;;;;Meio de Quadra;;;0;2;0;1;0;0;0;0;0;1;0;0;-38,577346;-3,716642
291874;30;10;2016;06:00;0;RUA GERALDO BARBOSA;;;;;Queda;Luz do Dia;;;Meio de Quadra;;;1;0;0;0;0;0;0;0;0;1;0;0;;
294473;30;10;2016;11:00;15584;RUA ALVES RIBEIRO;RUA LOPES TROVAO;;;;Colisão Transversal;Luz do Dia;Bom;Seca;Cruz;Não Há Controle;Residencial;0;1;3;1;0;0;0;0;0;0;0;0;-38,501838;-3,82274
294474;30;10;2016;19:44;1716;AV GOV RAUL BARBOSA;AV GAL MURILO BORGES;;;;Colisão Transversal;Mal Iluminada;Bom;Seca;Rotatória;Dê Preferência;Residencial;0;1;3;1;0;0;0;0;0;0;0;0;-38,508802;-3,763977
294469;30;10;2016;10:10;5433;RUA METON DE ALENCAR;RUA MAJ FACUNDO;;;;Colisão Transversal;Luz do Dia;Bom;Seca;Cruz;Pare;Comercial;0;2;3;1;0;0;0;0;0;1;0;0;-38,529899;-3,733917
294476;30;10;2016;17:20;25729;RUA ANTONIO POMPEU;AV TRISTAO GONCALVES;;;;Colisão;Anoitecer;;;Cruz;Semáforo;Comercial;0;0;2;0;1;0;0;0;0;0;0;0;-38,535088;-3,733388
294482;31;10;2016;02:51;0;AV CAP WALDEMAR PAULA LIMA;;;700;;Choque c/ Obstáculo Fixo;Via Iluminada;Bom;Seca;Meio de Quadra;Não Há Controle;Residencial;0;1;1;1;0;0;0;0;0;0;0;0;;
294491;31;10;2016;18:10;0;RD BR 116;;;5000;KM-05;Colisão;Anoitecer;;;Meio de Quadra;;;0;2;0;0;0;0;0;0;0;1;0;0;-38,506787;-3,796502
294492;31;10;2016;21:05;7884;RUA VICENTE LEITE;AV ANTONIO SALES;;;;Colisão Transversal;Via Iluminada;Bom;Seca;Cruz;Pare;Comercial;0;2;2;1;0;0;0;0;0;0;0;0;-38,498468;-3,746656
294493;31;10;2016;18:00;5418;RUA GAL CLARINDO DE QUEIROZ;RUA ASSUNCAO;;;;Colisão Transversal;Luz do Dia;Bom;Seca;Cruz;Pare;Comercial;0;1;2;0;0;0;0;0;0;1;0;0;-38,528262;-3,733329
294489;31;10;2016;00:10;15572;RUA NICOLAU COELHO;RUA CEL JOAO OLIVEIRA;;;;Colisão;;;;Cruz;Pare;Residencial;0;1;1;1;0;0;0;0;0;1;0;0;-38,492544;-3,822264
299436;31;10;2016;09:00;0;AV I CJ CEARA;;;;;Queda;Luz do Dia;;;Meio de Quadra;;;0;1;0;0;0;0;0;0;0;1;0;0;;
299438;31;10;2016;15:24;3132;RUA LUZIA MOREIRA;RUA CARLOS CHAGAS;;;;Atropelamento;Luz do Dia;;;Cruz;Pare;Residencial;0;1;1;0;0;0;0;0;0;1;0;0;-38,592628;-3,778027
299443;31;10;2016;16:44;0;RUA LUCAS AVELINO;;;5;;Colisão;Luz do Dia;;;Meio de Quadra;;;0;1;1;1;0;0;0;0;0;1;0;0;;
299445;31;10;2016;17:17;0;RUA VALPARAISO;;;1457;;Colisão;Anoitecer;;;Meio de Quadra;;;0;1;1;0;0;0;0;0;0;0;0;0;-38,533032;-3,838261
299491;31;10;2016;20:19;0;AV DR SILAS MUNGUBA;;;3415;;Atropelamento;Via Iluminada;Bom;Seca;Meio de Quadra;Semáforo;Comercial;0;1;3;1;0;0;0;0;0;0;0;0;-38,543234;-3,789391
299478;31;10;2016;20:59;19714;RUA ERICO MOTA;RUA GUSTAVO SAMPAIO;;;;Colisão Transversal;Via Iluminada;Bom;Seca;Cruz;Pare;Residencial;0;1;3;1;0;1;0;0;0;0;0;0;-38,562743;-3,73656
299473;31;10;2016;22:17;0;RUA MAL BITENCOURT;;;1067;;Colisão;;;;Meio de Quadra;;;0;1;1;1;0;0;0;0;0;1;0;0;-38,530394;-3,793289
299627;31;10;2016;17:30;0;RD CE-040;;;;;Colisão;Anoitecer;Bom;Seca;Meio de Quadra;;;0;0;2;0;0;0;0;0;0;1;0;0;;
299620;31;10;2016;09:53;6729;RUA BENTO ALBUQUERQUE;RUA DES WALDETARIO P MOTA;;;;Colisão Transversal;Luz do Dia;Bom;Seca;Cruz;Semáforo;Residencial;0;0;4;1;0;0;0;0;0;1;0;0;-38,484685;-3,743274
299622;31;10;2016;09:21;0;AV DOS EXPEDICIONARIOS;;;59;;Atropelamento;Luz do Dia;;;Meio de Quadra;;;0;1;0;0;0;0;0;0;0;1;0;0;;
299610;31;10;2016;11:31;0;RUA AMERICO ROCHA LIMA;;;;;Colisão;Luz do Dia;;;Meio de Quadra;;;0;1;0;1;0;0;0;0;0;1;0;0;;
299612;31;10;2016;11:12;0;RUA AMERICO ROCHA LIMA;;;;;Queda;Luz do Dia;;;Meio de Quadra;;;0;1;0;0;0;0;0;0;0;1;0;0;;
299614;31;10;2016;10:41;0;RUA BAR AQUIRAZ;;;1840;;Colisão;Luz do Dia;;;Meio de Quadra;;;0;1;0;1;0;0;0;0;0;1;0;0;-38,482986;-3,84295
299615;31;10;2016;10:36;0;AV PERIMETRAL;;;;;Colisão;Luz do Dia;;;Meio de Quadra;;;0;1;0;1;0;1;0;0;0;0;0;0;;