COD_ACIDENTE;DIA;MES;ANO;HORA;INTERSECAO;LOG1;LOG2;LOG3;NUMERO;REFERENCIA;NATUREZA;ILUMINACAO;TEMPO;SUPERFICIEPISTA;TIPOCRUZAMENTO;CONTROLETRAFEGO;USOSOLO;MORTOS;FERIDOS;ILESOS;AUTOMOVEL;ONIBUS;BICICLETA;CAMINHAO;MICROONIBUS;CICLOMOTOR;MOTOCICLETA;TRACAOANIMAL;TREM;LONG;LAT
299617;31;10;2016;10:33;12826;AV DOS EXPEDICIONARIOS;RUA ANDRE CHAVES;;;;Colisão;Luz do Dia;;;Cruz;Semáforo;Comercial;0;1;0;1;0;0;0;0;0;1;0;0;-38,538903;-3,757345
299586;31;10;2016;13:30;0;RUA QUINZE (CANINDEZINHO);;;;;Atropelamento;Luz do Dia;;;Meio de Quadra;;;0;1;1;0;0;0;0;0;0;0;0;0;;
299607;31;10;2016;11:35;0;RUA MARTINS CARVALHO;;;4387;;Colisão;Luz do Dia;;;Meio de Quadra;;;0;1;0;1;0;0;0;0;0;1;0;0;-38,627911;-3,788438
299625;31;10;2016;00:05;0;RD CE-040;;;;KM-02;Colisão;;Bom;Seca;Meio de Quadra;;;0;0;2;1;0;0;0;0;0;0;0;0;-38,482583;-3,76465
299530;31;10;2016;19:20;0;AV RAD JOSE LIMA VERDE;;;805;;Colisão;;;;Meio de Quadra;;;0;0;2;1;0;0;0;0;0;1;0;0;-38,587896;-3,699619
299534;31;10;2016;17:50;0;RUA DR THOMPSON BULCAO;;;;;Colisão;Anoitecer;;;Meio de Quadra;;;0;0;2;0;0;0;0;0;0;0;0;0;;
299563;31;10;2016;16:22;0;AV AGUANAMBI;;;1370;;Colisão;Luz do Dia;;;Meio de Quadra;;;0;1;0;1;0;0;0;0;0;1;0;0;-38,524083;-3,748559
299573;31;10;2016;15:08;24593;RUA G CJ VILA VELHA;RUA GAMA;;;;Colisão;Luz do Dia;;;;;;0;0;1;0;0;0;0;0;0;1;0;0;-38,602224;-3,712028
299581;31;10;2016;14:37;0;RUA MON LEOPOLDO FEITOSA;;;12;;Colisão;Luz do Dia;;;Meio de Quadra;;;0;0;2;1;0;0;0;0;0;1;0;0;-38,562628;-3,771498
292229;31;10;2016;10:05;22296;RUA PDE ANCHIETA;RUA SOARES BULCAO;;;;Outros;Luz do Dia;Bom;Inundada;Cruz;Pare;Residencial;0;0;2;1;0;0;0;0;0;0;0;0;-38,552133;-3,731832
292246;31;10;2016;08:45;3410;RUA DES PRAXEDES;RUA JOAO MELO;;;;Colisão Frontal;Luz do Dia;Bom;Seca;Cruz;Pare;Residencial;0;1;1;1;0;0;0;0;0;1;0;0;-38,554104;-3,756403
292234;31;10;2016;00:40;5279;RUA COSTA BARROS;RUA NOGUEIRA ACIOLI;;;;Colisão Frontal;Via Iluminada;Bom;Seca;Cruz;Pare;Residencial;0;0;2;1;0;0;0;0;0;0;0;0;-38,516481;-3,728753
292237;31;10;2016;10:30;0;AV PRS COSTA E SILVA;;;3503;;Colisão;Luz do Dia;Bom;Seca;;;;1;0;1;0;0;1;1;0;0;0;0;0;-38,541627;-3,825151
292243;31;10;2016;07:40;26252;RUA ANTONIO BARROS;RUA PERGENTINO MAIA;;;;Colisão Transversal;Luz do Dia;Bom;Seca;Cruz;Pare;Residencial;0;1;1;0;0;0;0;0;0;1;0;0;;
292251;31;10;2016;14:40;0;RUA BENI DE CARVALHO;;;204;;Colisão Traseira;Luz do Dia;Bom;Seca;Meio de Quadra;Semáforo;Residencial;0;0;2;1;0;0;0;0;0;0;0;0;-38,498691;-3,744814
302420;31;10;2016;08:10;19703;RUA GUSTAVO SAMPAIO;RUA PEDRO DE QUEIROZ;;0;;Colisão Lateral;Luz do Dia;Bom;Seca;Cruz;Pare;Residencial;0;1;1;1;0;0;0;0;0;1;0;0;-38,560577;-3,736097
302421;31;10;2016;08:42;0;AV DR ALDY MENTOR;;;0;;Colisão Lateral;Luz do Dia;Bom;Seca;Não Informado;Não Há Controle;Residencial;0;2;0;0;0;0;0;0;0;1;0;0;;
302422;31;10;2016;08:20;0;AV DOMINGOS OLIMPIO;;;397;;Colisão Traseira;Luz do Dia;Bom;Seca;Meio de Quadra;Não Há Controle;Comercial;0;0;2;1;0;0;0;0;0;1;0;0;-38,527874;-3,737584
302423;31;10;2016;13:53;12685;AV CEL CARVALHO;AV DA INDEPENDENCIA;;0;;Colisão Traseira;Luz do Dia;Bom;Seca;Cruz;Semáforo;Comercial;0;0;1;1;0;0;0;0;0;0;0;0;-38,584952;-3,728711
302424;31;10;2016;14:00;0;RUA BARBARA DE ALENCAR;;;1697;;Colisão Lateral;Luz do Dia;Bom;Seca;Meio de Quadra;Não Há Controle;Residencial;0;0;2;1;0;0;0;0;0;0;0;0;-38,509434;-3,739528
302425;31;10;2016;18:11;0;RUA CEL MATOS DOURADO;;;230;;Colisão Traseira;Anoitecer;Bom;Seca;Não Informado;Não Há Controle;Residencial;0;0;2;1;0;0;0;0;0;0;0;0;-38,585213;-3,740878
302426;31;10;2016;20:30;0;RUA BOA ESPERANCA D43;;;519;;Colisão Transversal;Via Iluminada;Bom;Seca;Meio de Quadra;Pare;Residencial;0;1;0;0;0;0;0;0;0;1;0;0;;
302431;31;10;2016;19:00;19882;RUA ARMANDO MONTEIRO;RUA ESPERANTO D14;;0;;Colisão Transversal;Via Iluminada;Bom;Não informada;Cruz;Pare;Residencial;0;0;2;1;0;0;0;0;0;0;0;0;-38,53896;-3,762655
302432;1;11;2016;10:32;23466;RUA PAULO FIRMEZA;RUA CAP GUSTAVO;;;;Colisão Lateral;Luz do Dia;Bom;Seca;Duplo T;Pare;Residencial;0;0;2;1;1;0;0;0;0;0;0;0;;
302433;1;11;2016;13:00;0;AV GOV PARSIFAL BARROSO;;;790;COLÉGIO STA. ISABEL;Colisão Lateral;Luz do Dia;Bom;Seca;Meio de Quadra;Não Há Controle;Escola;0;0;2;1;0;0;0;0;0;0;0;0;;
302434;1;11;2016;13:19;0;RUA DEZ (PASSARE);RUA CINCO (PASSARE);;0;;Colisão Transversal;Luz do Dia;Bom;Seca;Cruz;Não Há Controle;Residencial;0;1;1;1;0;0;0;0;0;1;0;0;;
302435;1;11;2016;14:22;0;RUA JULIO GASPAR;;;591;;Colisão Traseira;Luz do Dia;Bom;Seca;Meio de Quadra;Pare;Residencial;0;0;2;1;0;0;0;0;0;0;0;0;-38,563045;-3,782479
302436;1;11;2016;14:17;0;RUA GAL CLARINDO DE QUEIROZ;;;583;;Colisão Traseira;Luz do Dia;Bom;Seca;Meio de Quadra;Não Há Controle;Comercial;0;0;2;1;0;0;0;0;0;0;0;0;-38,529322;-3,732985
302437;1;11;2016;16:47;15808;RUA STA CLARA DE ASSIS;AV JOR THOMAZ COELHO;;0;;Colisão Traseira;Luz do Dia;Bom;Seca;Duplo T;Pare;Comercial;0;0;2;1;0;0;0;0;0;0;0;0;-38,502808;-3,831579
302438;1;11;2016;16:42;0;RUA TEN JURANDIR ALENCAR;;;250;;Colisão Lateral;Luz do Dia;Bom;Seca;Meio de Quadra;Não Há Controle;Comercial;0;0;2;1;0;0;0;0;0;0;0;0;-38,49301;-3,831765
302439;1;11;2016;19:06;5407;AV DUQ CAXIAS;RUA SOLON PINHEIRO;;0;;Colisão Transversal;Via Iluminada;Bom;Seca;Cruz;Não Há Controle;Comercial;0;1;1;1;0;0;0;0;0;0;0;0;-38,527034;-3,732704
302428;1;11;2016;06:40;0;RUA BERNARDO MANUEL;;;7212;;Colisão Traseira;Luz do Dia;Bom;Seca;Meio de Quadra;Semáforo;Residencial;0;0;2;1;0;0;0;0;0;0;0;0;-38,546113;-3,781397
302429;1;11;2016;09:05;6716;AV PDE ANTONIO TOMAS;RUA ALUYSIO SORIANO ADERALDO;;0;;Colisão Lateral;Luz do Dia;Bom;Seca;T;Pare;Residencial;0;1;1;1;0;0;0;0;0;1;0;0;;
302430;1;11;2016;09:20;0;AV TRISTAO GONCALVES;;;1470;;Colisão Traseira;Luz do Dia;Bom;Seca;Meio de Quadra;Não Há Controle;Comercial;0;0;2;1;0;0;0;0;0;1;0;0;-38,535484;-3,734715
302451;1;11;2016;19:10;5750;RUA CON BRAVEZA;RUA JULIO LIMA;;0;;Colisão Transversal;Via Iluminada;Bom;Seca;Cruz;Pare;Comercial;0;0;2;0;0;0;0;0;0;0;0;0;-38,49891;-3,795454
302700;1;11;2016;13:49;0;AV DES MOREIRA;;;908;;Colisão Lateral;Luz do Dia;Bom;Seca;Rotatória;Semáforo;Comercial;0;0;2;1;1;0;0;0;0;0;0;0;-38,497408;-3,733317
301975;1;11;2016;08:30;26077;AV JOSE JATAHY;AV DUQ CAXIAS;;0;;Colisão Lateral;Luz do Dia;Bom;Seca;Cruz;Pare;Residencial;0;0;2;1;0;0;0;0;0;0;0;0;;
292257;1;11;2016;17:20;0;AV DEP PAULINO ROCHA;;;1285;;Colisão Transversal;Anoitecer;;;Meio de Quadra;;;0;1;1;1;0;0;0;0;0;1;0;0;-38,508509;-3,80795
292258;1;11;2016;15:20;0;AV BEZERRA DE MENEZES;;;970;;Colisão Transversal;Luz do Dia;;;Meio de Quadra;;;0;0;2;1;0;0;1;0;0;0;0;0;-38,553616;-3,733424
292262;1;11;2016;16:40;5774;RUA BOTELHO MAGALHAES;RUA PEDRO FIRMEZA;;;;Colisão Transversal;Luz do Dia;;;Cruz;Pare;Residencial;0;0;2;1;0;0;0;0;0;0;0;0;-38,491378;-3,79791
292263;1;11;2016;00:45;0;AV PRS COSTA E SILVA;;;;;Colisão Lateral;;;;Meio de Quadra;;;0;1;1;0;1;0;0;0;0;1;0;0;;
292280;1;11;2016;21:45;12836;AV DOMINGOS OLIMPIO;RUA BAR ARATANHA;;;;Colisão Lateral;;;;Cruz;Semáforo;Comercial;0;0;2;1;0;0;0;0;0;0;0;0;-38,527953;-3,737562
292269;1;11;2016;18:00;0;AV DEP PAULINO ROCHA;;;;ROTATÓRIA;Colisão Lateral;Anoitecer;;;Meio de Quadra;;;0;0;2;0;1;0;0;0;0;0;0;0;;
292272;1;11;2016;08:44;5161;RUA MAJ FACUNDO;RUA SEN ALENCAR;;;;Colisão Lateral;Luz do Dia;;;Cruz;Pare;Comercial;0;0;2;1;0;0;0;0;0;0;0;0;-38,527033;-3,725114
292273;1;11;2016;;0;RUA DIAMANTINA;;;20;;Colisão;;;;Meio de Quadra;;;0;0;3;1;1;0;0;0;0;1;0;0;-38,567884;-3,764722
292275;1;11;2016;08:30;3419;AV JOAO PESSOA;RUA MIGUEL GONCALVES;;;;Colisão Frontal;Luz do Dia;;;Cruz;Pare;Comercial;0;0;3;0;0;0;0;0;0;1;0;0;-38,55508;-3,75871
292276;1;11;2016;11:31;19539;RUA EQUADOR;AV DR SILAS MUNGUBA;;;;Colisão Traseira;Luz do Dia;;;Cruz;Semáforo;Comercial;0;0;2;1;0;0;0;0;0;0;0;0;-38,555434;-3,782377
292224;1;11;2016;18:00;0;AV FRE CIRILO;;;4142;;Colisão Traseira;Anoitecer;;;Meio de Quadra;;;0;0;2;0;1;0;0;0;0;1;0;0;-38,496087;-3,820364
292236;1;11;2016;11:00;15372;RUA CEL JUCA;AV DOM LUIS;;;;Colisão Lateral;Luz do Dia;;;Cruz;Semáforo;Comercial;0;0;2;1;0;0;0;0;0;0;0;0;-38,490579;-3,735452
292233;1;11;2016;19:00;0;AV GODOFREDO MACIEL;;;1152;;Colisão Lateral;;;;Meio de Quadra;;;0;0;2;1;1;0;0;0;0;0;0;0;-38,566551;-3,785651
303252;1;11;2016;17:28;0;AV SANTOS DUMONT;;;6564;;Colisão Transversal;Via Iluminada;Bom;Seca;Meio de Quadra;Não Há Controle;Residencial;0;1;1;1;0;0;0;0;0;0;0;0;-38,474149;-3,744037
299629;1;11;2016;08:30;0;RD CE-060;;;;;Colisão;Luz do Dia;Bom;Seca;Meio de Quadra;;;0;0;3;1;0;0;0;0;0;0;0;0;;
299632;1;11;2016;15:30;0;RD CE-040;;;;KM-01;Colisão;Luz do Dia;Bom;Seca;Meio de Quadra;;;0;0;2;1;0;0;0;0;0;0;0;0;-38,48666;-3,758119
299633;1;11;2016;18:00;0;RD CE-040;;;;KM-04;Colisão;Anoitecer;Bom;Seca;Meio de Quadra;;;0;2;1;1;0;0;0;0;0;1;0;0;-38,481084;-3,782614
299686;1;11;2016;19:40;0;AV SEN CARLOS JEREISSATI (AEROPORTO);;;;KM 01;Choque c/ Obstáculo Fixo;;Bom;Seca;Meio de Quadra;;;0;0;1;1;0;0;0;0;0;0;0;0;-38,52685;-3,783753
300867;1;11;2016;18:34;0;AV BENJAMIM BRASIL;;;1445;;Colisão Transversal;Via Iluminada;Bom;Seca;Meio de Quadra;Não Há Controle;Comercial;0;1;1;0;0;0;0;0;0;1;0;0;-38,56247;-3,80635
299323;1;11;2016;16:48;0;RUA JULIO BRAGA;;;310;;Queda;Luz do Dia;;;Meio de Quadra;;;0;1;0;0;0;0;0;0;0;1;0;0;-38,574173;-3,777581
299334;1;11;2016;18:10;0;AV AGUANAMBI;;;;;Colisão;Anoitecer;;;Meio de Quadra;;;0;1;0;1;0;0;0;0;0;1;0;0;;
299276;1;11;2016;07:29;9198;RUA BAR ARATANHA;RUA COSTA ARAUJO;;1132;;Colisão Traseira;Luz do Dia;Bom;Seca;Cruz;Pare;Comercial;0;1;4;1;0;0;0;1;0;0;0;0;-38,531099;-3,746946
299282;1;11;2016;08:05;0;RUA BAR CANINDE;;;1630;;Colisão;Luz do Dia;;;Meio de Quadra;;;0;1;0;1;0;0;0;0;0;1;0;0;;
299264;1;11;2016;07:13;0;AV GOV RAUL BARBOSA;;;6871;;Queda;Luz do Dia;;;Meio de Quadra;;;0;2;0;0;0;0;0;0;0;1;0;0;-38,512778;-3,773893
299267;1;11;2016;07:28;0;AV JOAO PESSOA;;;;;Colisão;Luz do Dia;;;Meio de Quadra;;;0;1;0;1;0;0;0;0;0;1;0;0;;
299254;1;11;2016;07:03;0;AV 13 DE MAIO;;;;;Queda;Luz do Dia;;;Meio de Quadra;;;0;2;0;0;0;0;0;0;0;1;0;0;;
299298;1;11;2016;08:40;0;AV 13 DE MAIO;;;;;Atropelamento;Luz do Dia;;;Meio de Quadra;;;0;1;0;0;0;0;0;0;0;1;0;0;;
299299;1;11;2016;08:47;0;AV DOMINGOS OLIMPIO;;;1931;;Colisão Lateral;Luz do Dia;Bom;Seca;Meio de Quadra;Não Há Controle;Residencial;0;0;4;1;0;0;0;0;0;0;0;0;-38,540602;-3,733539
299300;1;11;2016;09:04;0;AV GAL OSORIO DE PAIVA;;;1850;;Colisão;Luz do Dia;;;Meio de Quadra;;;0;1;0;1;0;0;0;0;0;1;0;0;-38,578139;-3,78301
299301;1;11;2016;10:23;0;AV MAJ ASSIS;;;1357;;Colisão;Luz do Dia;;;Meio de Quadra;;;0;1;0;1;0;0;0;0;0;1;0;0;-38,591393;-3,722956
299305;1;11;2016;11:25;0;RUA 7 DE SETEMBRO;;;66;;Atropelamento;Luz do Dia;;;Meio de Quadra;;;0;1;0;1;0;0;0;0;0;0;0;0;-38,562696;-3,773463
299312;1;11;2016;12:43;0;RUA BAR CANINDE;;;1677;;Colisão;Luz do Dia;;;Meio de Quadra;;;0;1;0;1;0;0;0;0;0;1;0;0;;
299313;1;11;2016;13:59;0;RUA DR JOAO MOREIRA;;;429;;Colisão;Luz do Dia;;;Meio de Quadra;;;0;1;0;0;0;0;0;0;0;0;0;0;;
299314;1;11;2016;14:48;0;ET DO ANCURI;;;2200;;Colisão;Luz do Dia;;;Meio de Quadra;;;0;1;0;0;0;0;0;0;0;0;0;0;-38,521524;-3,867646
299315;1;11;2016;14:53;0;AV MAE LISBOA;;;4840;;Colisão;Luz do Dia;;;Meio de Quadra;;;0;1;0;0;0;0;0;0;0;0;0;0;-38,433598;-3,809998
299316;1;11;2016;15:55;0;AV SANTOS DUMONT;;;6500;;Atropelamento;Luz do Dia;;;Meio de Quadra;;;0;1;0;1;0;0;0;0;0;0;0;0;-38,475074;-3,743736
299317;1;11;2016;16:14;0;AV GODOFREDO MACIEL;;;2065;;Colisão;Luz do Dia;;;Meio de Quadra;;;0;2;0;1;0;0;0;0;0;1;0;0;;
299303;1;11;2016;11:17;0;AV C CJ CEARA;;;635;;Queda;Luz do Dia;;;Meio de Quadra;;;0;1;0;0;0;0;0;0;0;1;0;0;-38,610186;-3,764289
299320;1;11;2016;16:35;0;RUA JOSE CARLOS GURGEL NOGUEIRA;;;785;;Colisão;Luz do Dia;;;Meio de Quadra;;;0;1;0;0;0;0;0;0;0;1;0;0;;
299321;1;11;2016;16:42;5743;RUA VIRGILIO PAES;RUA MANUEL MONTEIRO;;1140;;Colisão Transversal;Luz do Dia;Bom;Seca;Cruz;Pare;Residencial;0;2;3;1;0;0;0;0;0;1;0;0;-38,494302;-3,796546
299326;1;11;2016;16:55;0;AV CEL CARVALHO;;;935;;Colisão;Luz do Dia;;;Meio de Quadra;;;0;1;0;1;0;0;0;0;0;1;0;0;-38,589612;-3,710798
299327;1;11;2016;17:01;0;AV ENG SANTANA JUNIOR;;;2277;;Queda;Anoitecer;;;Meio de Quadra;;;0;1;0;0;0;0;0;0;0;1;0;0;-38,486614;-3,742741
299328;1;11;2016;17:45;0;AV ENG SANTANA JUNIOR;;;1901;;Atropelamento;Anoitecer;;;Meio de Quadra;;;0;1;0;1;0;0;0;0;0;0;0;0;-38,486235;-3,742276
299330;1;11;2016;17:47;23508;RUA ESV PINHEIRO;RUA ANA GONCALVES;;4283;;Colisão Lateral;Via Iluminada;Bom;Seca;Cruz;Pare;Comercial;0;0;4;1;0;0;0;0;0;1;0;0;-38,507799;-3,759119
299336;1;11;2016;18:18;0;RUA ALBERTO MAGNO;;;240;;Colisão;Anoitecer;;;Meio de Quadra;;;0;1;0;0;0;0;0;0;0;0;0;0;;
299337;1;11;2016;18:20;0;AV PERIMETRAL;;;3309;;Colisão;Anoitecer;;;Meio de Quadra;;;0;1;0;0;0;0;0;0;0;1;0;0;;
299339;1;11;2016;18:45;0;AV PRS CASTELO BRANCO;;;;;Atropelamento;;;;Meio de Quadra;;;0;1;0;1;0;0;0;0;0;0;0;0;;
299340;1;11;2016;19:34;0;AV AGUANAMBI;;;;;Colisão;;;;Meio de Quadra;;;0;1;0;1;0;0;0;0;0;1;0;0;;
299341;1;11;2016;19:47;21601;RUA COM GARCIA;RUA DARCY VARGAS;;;;Colisão;;;;;;;0;2;0;0;0;0;0;0;0;0;0;0;-38,586988;-3,797338
299342;1;11;2016;20:03;0;RUA ALBERTO DE OLIVEIRA;RUA 20 DE JANEIRO;;140;;Colisão Lateral;Via Iluminada;Bom;Seca;Cruz;Não Há Controle;Residencial;0;0;4;1;0;0;0;0;0;0;0;0;;
299343;1;11;2016;22:06;0;AV CASTELO DE CASTRO;;;1209;;Atropelamento;;;;Meio de Quadra;;;0;1;0;1;0;0;0;0;0;0;0;0;;
299344;1;11;2016;22:46;0;RUA ARY LOBO D71;;;1661;;Queda;;;;Meio de Quadra;;;0;1;0;0;0;1;0;0;0;0;0;0;;
299345;1;11;2016;23:26;0;AV PERIMETRAL;;;;;Colisão;;;;Meio de Quadra;;;0;1;0;0;0;0;0;0;0;0;0;0;;
299346;1;11;2016;23:36;0;AV MAE MANOEL MAVIGNIER;;;;;Queda;;;;Meio de Quadra;;;0;2;0;0;0;0;0;0;0;1;0;0;;
299243;1;11;2016;06:25;0;RUA CATOLE;;;;;Colisão;Luz do Dia;;;Meio de Quadra;;;0;1;0;0;0;0;0;0;0;0;0;0;;
291718;1;11;2016;23:25;0;RUA BAR RIO BRANCO;;;;;Colisão;;;;Meio de Quadra;;;1;0;1;0;0;0;0;0;0;1;0;0;;
294494;1;11;2016;09:00;0;AV PRS COSTA E SILVA;;;3601;;Colisão Lateral;Luz do Dia;Bom;Seca;Meio de Quadra;Semáforo;Residencial;0;2;2;1;0;0;0;0;0;1;0;0;;
294495;1;11;2016;16:04;5076;RUA SEN POMPEU;RUA DR JOAO MOREIRA;;;;Colisão;Luz do Dia;;;Cruz;Semáforo;Comercial;0;1;1;0;0;0;0;0;0;1;0;0;-38,528275;-3,7224
294505;1;11;2016;16:13;20226;AV PAROARAS;AV SAUDADE D68;;;;Colisão Transversal;Luz do Dia;Bom;Seca;Y;Pare;Residencial;0;1;1;1;0;0;0;0;0;1;0;0;-38,534257;-3,814399
294506;1;11;2016;18:50;1246;AV SANTOS DUMONT;RUA BAR ARACATI;;6502;;Colisão Transversal;Via Iluminada;Bom;Seca;Cruz;Pare;Comercial;0;1;3;1;0;1;0;0;0;0;0;0;-38,511618;-3,731909
294523;1;11;2016;14:40;0;AV DR THEBERGE;;;2492;;Colisão Transversal;Luz do Dia;Bom;Seca;Meio de Quadra;Não Há Controle;Residencial;0;2;3;0;0;0;0;0;0;1;0;0;-38,568013;-3,724003
294520;1;11;2016;08:00;0;AV AGUANAMBI;;;1221;;Colisão Traseira;Luz do Dia;Bom;Seca;Outros;Pare;Comercial;0;0;4;1;0;0;0;0;0;1;0;0;-38,524631;-3,74743
294527;2;11;2016;08:10;17375;RUA ISAIE BORIS;RUA ALAN KARDEC;;;;Colisão Lateral;Via Iluminada;Bom;Seca;Y;Não Há Controle;Comercial;0;1;1;0;0;0;0;0;0;1;0;0;-38,547462;-3,766831
294528;2;11;2016;21:20;12521;AV AUGUSTO DOS ANJOS;RUA JULIO BRAGA;;;;Colisão Lateral;Anoitecer;Bom;Seca;Cruz;Semáforo;Comercial;0;2;4;1;0;0;0;0;0;1;0;0;-38,576193;-3,776779
294529;2;11;2016;20:20;0;RUA COSTA BARROS;;;1971;;Colisão;;;;Meio de Quadra;;;0;1;1;0;0;0;0;0;0;0;0;0;-38,506314;-3,732072
294530;2;11;2016;19:50;15103;AV HIS RAIMUNDO GIRAO;RUA ANTONIO AUGUSTO;;580;;Colisão Lateral;Via Iluminada;Bom;Seca;T;Não Há Controle;Comercial;0;1;4;1;0;0;0;0;0;1;0;0;-38,51051;-3,721143
294531;2;11;2016;21:30;0;AV ALM HENRIQUE SABOIA;;;;;Colisão Traseira;Via Iluminada;Bom;Seca;Meio de Quadra;Não Há Controle;Lazer;0;1;3;0;0;0;0;0;0;1;0;0;;
294533;2;11;2016;18:01;0;AV MR HULL;;;4442;TERMINAL ANTONIO BEZERRA;Outros;Anoitecer;;;Meio de Quadra;;;0;1;0;0;0;0;0;0;0;1;0;0;-38,584585;-3,738616
294534;2;11;2016;15:25;0;RUA PARQUE SUL;;;;;Colisão;Luz do Dia;;;Meio de Quadra;;;0;1;1;1;0;0;0;0;0;1;0;0;;
299347;2;11;2016;00:31;5188;RUA TEN BENEVOLO;RUA NOGUEIRA ACIOLI;;;;Colisão;;;;Cruz;Pare;Residencial;0;1;0;0;0;0;0;0;0;0;0;0;-38,515591;-3,725858
299348;2;11;2016;01:54;0;AV DEP PAULINO ROCHA;;;;;Queda;;;;Meio de Quadra;;;0;1;0;0;0;0;0;0;0;1;0;0;;
299349;2;11;2016;02:15;0;RUA VINTE E QUATRO DE MAIO;;;926;;Colisão;;;;Meio de Quadra;;;0;1;0;0;0;0;0;0;0;0;0;0;;
299354;2;11;2016;07:26;0;AV BORGES DE MELO;;;;;Colisão;Luz do Dia;;;Meio de Quadra;;;0;1;0;1;0;0;0;0;0;1;0;0;;
299355;2;11;2016;09:38;0;RUA URUCUTUBA;;;1479;;Colisão;Luz do Dia;;;Meio de Quadra;;;0;2;0;0;0;0;0;0;0;1;0;0;-38,607985;-3,797539
299351;2;11;2016;06:16;0;RUA TEODOMIRO DE CASTRO;;;4445;;Colisão;Luz do Dia;;;Meio de Quadra;;;0;1;0;0;0;0;0;0;0;0;0;0;-38,572688;-3,71856
299361;2;11;2016;15:38;0;RUA MAL BITENCOURT;;;79;;Colisão;Luz do Dia;;;Meio de Quadra;;;0;1;0;0;0;0;0;0;0;0;0;0;;
299375;2;11;2016;16:16;0;RUA MOZART ANSELMO (D65);;;348;;Queda;Luz do Dia;;;Meio de Quadra;;;0;1;0;0;0;0;0;0;0;1;0;0;;
299368;2;11;2016;15:50;0;RUA ILDEFONSO ALBANO;;;2388;;Atropelamento;Luz do Dia;;;Meio de Quadra;;;0;2;0;1;0;0;0;0;0;0;0;0;-38,516189;-3,742031
299379;2;11;2016;16:25;0;AV DR SILAS MUNGUBA;;;5697;;Colisão;Luz do Dia;;;Meio de Quadra;;;0;2;0;1;0;0;0;0;0;1;0;0;;
299384;2;11;2016;16:54;0;AV BORGES DE MELO;;;810;;Colisão Lateral;Luz do Dia;Bom;Seca;Meio de Quadra;Não Há Controle;Residencial;0;1;3;1;0;0;0;0;0;1;0;0;-38,526672;-3,760622
299385;2;11;2016;17:33;0;AV MR HULL;;;4442;TERMINAL ANTONIO BEZERRA;Colisão;Anoitecer;;;Meio de Quadra;;;0;2;0;1;0;0;0;0;0;1;0;0;-38,584585;-3,738616
299386;2;11;2016;17:37;0;RUA FRANCISCA CLOTILDE;;;448;;Queda;Anoitecer;;;Meio de Quadra;;;0;1;0;0;0;0;0;0;0;1;0;0;-38,552231;-3,741994
299387;2;11;2016;18:04;0;AV JOR THOMAZ COELHO;;;517;;Colisão;Anoitecer;;;Meio de Quadra;;;0;1;0;1;0;0;0;0;0;0;0;0;-38,500632;-3,832378
299398;2;11;2016;19:10;0;RUA DO GUAJIRU D56;;;630;;Colisão;;;;Meio de Quadra;;;0;1;0;1;0;0;0;0;0;1;0;0;;
299395;2;11;2016;18:31;0;AV PRO JOSE ARTHUR CARVALHO;;;2817;;Queda;Via Iluminada;Bom;Seca;Meio de Quadra;Não Há Controle;Residencial;0;1;3;0;0;0;0;0;0;1;0;0;-38,453778;-3,823198
299393;2;11;2016;18:15;0;RUA DOM HELIO CAMPOS D21;;;357;;Queda;Anoitecer;;;Meio de Quadra;;;0;1;0;0;0;0;0;0;0;1;0;0;-38,555907;-3,7145
299475;2;11;2016;23:59;0;RUA PERGENTINO MAIA;;;1303;;Queda;;;;Meio de Quadra;;;0;1;0;0;0;1;0;0;0;0;0;0;-38,484463;-3,832035
299461;2;11;2016;22:46;0;AV PRS CASTELO BRANCO;;;3529;;Colisão;;;;Meio de Quadra;;;0;1;0;1;0;0;0;0;0;1;0;0;;
299462;2;11;2016;23:02;0;RUA CAP GUSTAVO;;;3532;;Colisão;;;;Meio de Quadra;;;0;1;0;1;0;0;0;0;0;1;0;0;;
299446;2;11;2016;19:21;0;AV ALM HENRIQUE SABOIA;;;5070;;Colisão;;;;Meio de Quadra;;;0;1;0;0;0;0;0;0;0;0;0;0;;
299451;2;11;2016;19:49;0;RD BR 116;;;12000;KM-12;Colisão;;;;Meio de Quadra;;;0;1;0;1;0;0;0;0;0;1;0;0;-38,496066;-3,85574
299452;2;11;2016;21:17;0;RUA 763 CJ CEARA;;;10;;Atropelamento;;;;Meio de Quadra;;;0;1;0;0;0;0;0;0;0;1;0;0;-38,59901;-3,771758
299448;2;11;2016;19:35;0;AV GAL OSORIO DE PAIVA;;;5661;;Queda;;;;Meio de Quadra;;;0;1;0;0;0;0;0;0;0;1;0;0;-38,603743;-3,806431
299449;2;11;2016;19:40;0;AV C CJ SITIO SAO JOAO;;;336;;Atropelamento;;;;Meio de Quadra;;;0;1;0;0;0;0;0;0;0;1;0;0;;
299454;2;11;2016;21:29;10006;RUA ANTONIO NERY;RUA LONDRINA;;;;Atropelamento;;;;;;;0;1;0;1;0;0;0;0;0;0;0;0;-38,601152;-3,781614
299456;2;11;2016;22:07;0;AV B CJ CEARA;;;;;Colisão;;;;Meio de Quadra;;;0;1;0;0;0;0;0;0;0;0;0;0;;
299698;2;11;2016;22:10;0;RD CE-040;;;;KM-09;Atropelamento;;Bom;Seca;Meio de Quadra;;;0;1;1;0;0;0;0;0;0;0;0;0;-38,481538;-3,825516