COD_ACIDENTE;DIA;MES;ANO;HORA;INTERSECAO;LOG1;LOG2;LOG3;NUMERO;REFERENCIA;NATUREZA;ILUMINACAO;TEMPO;SUPERFICIEPISTA;TIPOCRUZAMENTO;CONTROLETRAFEGO;USOSOLO;MORTOS;FERIDOS;ILESOS;AUTOMOVEL;ONIBUS;BICICLETA;CAMINHAO;MICROONIBUS;CICLOMOTOR;MOTOCICLETA;TRACAOANIMAL;TREM;LONG;LAT
300147;2;11;2016;18:40;0;RD CE-040;;;;KM-07;Colisão;;Bom;Seca;Meio de Quadra;;;0;0;3;1;0;0;0;0;0;0;0;0;-38,478733;-3,809597
292281;2;11;2016;16:20;5098;RUA SEN POMPEU;RUA CASTRO E SILVA;;;;Colisão Lateral;Luz do Dia;Bom;Seca;Cruz;Semáforo;Comercial;0;0;2;1;0;0;0;0;0;0;0;0;-38,528597;-3,723468
292284;2;11;2016;04:00;5313;RUA PEDRO I;RUA VINTE E QUATRO DE MAIO;;;;Colisão Transversal;Via Iluminada;Bom;Seca;Cruz;Pare;Comercial;0;2;1;1;0;0;0;0;0;1;0;0;-38,532952;-3,72983
292288;2;11;2016;18:45;15336;RUA JOAQUIM NABUCO;RUA PEREIRA VALENTE;;;;Colisão Transversal;Via Iluminada;Bom;Seca;Cruz;Pare;Residencial;0;1;0;1;0;0;0;0;0;0;0;0;-38,500013;-3,731296
292294;2;11;2016;19:00;0;AV OLAVO BILAC;;;1133;;Colisão Transversal;Via Iluminada;Bom;Seca;Meio de Quadra;Não Há Controle;Residencial;0;1;1;1;0;0;0;0;0;1;0;0;-38,564688;-3,730797
292290;2;11;2016;06:10;24988;RUA TAVARES COUTINHO;RUA FRE MANSUETO;;;;Colisão Transversal;Luz do Dia;Bom;Seca;Cruz;Semáforo;Residencial;0;0;2;1;0;0;0;0;0;0;0;0;-38,488784;-3,732638
302440;2;11;2016;08:17;21582;RUA LUIS VIEIRA;RUA COSTA FREIRE;;0;;Colisão Transversal;Luz do Dia;Bom;Seca;Cruz;Pare;Comercial;0;0;2;1;0;0;0;0;0;0;0;0;-38,587064;-3,79485
302441;2;11;2016;10:18;7869;RUA BARBOSA DE FREITAS;RUA FRANCISCO HOLANDA;;0;;Colisão Transversal;Luz do Dia;Bom;Seca;Cruz;Pare;Residencial;0;0;2;1;0;0;0;0;0;0;0;0;-38,501555;-3,749671
302443;2;11;2016;16:32;26083;AV BEZERRA DE MENEZES;AV JOSE JATAHY;;0;;Colisão Transversal;Luz do Dia;Bom;Seca;Cruz;Semáforo;Comercial;0;0;2;1;0;0;0;0;0;1;0;0;;
292423;2;11;2016;09:25;0;RUA BERNARDO MANUEL;;;10935;;Colisão;Luz do Dia;Bom;Seca;Meio de Quadra;;Comercial;0;1;1;1;0;0;0;0;0;0;0;0;-38,556275;-3,814653
292427;2;11;2016;16:32;9155;AV LUCIANO CARNEIRO;AV EDUARDO GIRAO;;;;Colisão Traseira;Luz do Dia;Bom;Seca;Cruz;Semáforo;Residencial;0;0;2;1;0;0;0;0;0;0;0;0;-38,532811;-3,752275
292370;2;11;2016;10:35;17294;RUA JOAO FIRMINO;RUA CEL ALEXANDRINO;;;;Colisão Lateral;Luz do Dia;Bom;Seca;Cruz;Pare;Residencial;0;0;2;1;0;0;0;0;0;0;0;0;-38,554922;-3,763514
292371;2;11;2016;14:35;0;RUA BERNARDO MANUEL;;;10921;;Colisão Transversal;Luz do Dia;Bom;Seca;Meio de Quadra;Semáforo;Comercial;0;1;1;0;0;0;1;0;0;1;0;0;-38,556224;-3,814503
292368;2;11;2016;21:42;5438;RUA ASSUNCAO;RUA METON DE ALENCAR;;;;Colisão Transversal;Via Iluminada;Bom;Seca;Cruz;Pare;Comercial;0;0;2;1;0;0;0;0;0;0;0;0;-38,528594;-3,734332
292425;2;11;2016;16:45;0;AV DR SILAS MUNGUBA;;;5475;;Colisão Traseira;Luz do Dia;Bom;Seca;Meio de Quadra;;Comercial;0;0;2;0;0;0;0;0;0;1;0;0;-38,530263;-3,800571
292347;3;11;2016;14:00;17370;RUA ALM RUBIM;RUA BAR SOBRAL;;;;Colisão Frontal;Luz do Dia;Bom;Seca;Cruz;Pare;Misto;0;1;1;1;0;0;0;0;0;0;0;0;-38,554972;-3,766572
292340;3;11;2016;23:11;20129;AV DEP PAULINO ROCHA;RUA POMPILIO GOMES;;;;Colisão;;Bom;Seca;T;Semáforo;Comercial;0;2;0;0;0;0;1;0;0;1;0;0;-38,519652;-3,810076
302444;3;11;2016;08:03;15906;RUA AVELEDO;RUA JOAO IVO;;0;;Colisão Transversal;Luz do Dia;Bom;Seca;Cruz;Não Há Controle;Residencial;0;1;1;1;0;0;0;0;0;1;0;0;-38,497529;-3,836305
302445;3;11;2016;08:29;20118;AV DEP PAULINO ROCHA;RUA AMANCIO PEREIRA;;0;;Colisão Traseira;Luz do Dia;Bom;Seca;T;Pare;Comercial;0;0;2;1;0;0;0;0;0;0;0;0;-38,521431;-3,809624
302446;3;11;2016;07:14;15309;RUA TEN BENEVOLO;RUA JOSE VILAR;;0;;Colisão Lateral;Luz do Dia;Bom;Seca;Cruz;Semáforo;Residencial;0;1;1;1;0;0;0;0;0;0;0;0;-38,502809;-3,730049
302447;3;11;2016;08:20;0;AV HERACLITO GRACA;;;406;;Engavetamento;Luz do Dia;Bom;Seca;Meio de Quadra;Não Há Controle;Comercial;0;0;5;1;1;0;0;0;0;0;0;0;-38,520857;-3,734682
302449;3;11;2016;10:37;5142;RUA CASTRO E SILVA;RUA CONDE D´EU;;0;;Colisão Lateral;Luz do Dia;Bom;Seca;T;Semáforo;Comercial;0;0;2;0;0;0;0;0;0;0;0;0;-38,525072;-3,724606
302450;3;11;2016;13:08;3998;RUA SAMUEL UCHOA;RUA ALBERTO MAGNO;;0;;Colisão Lateral;Luz do Dia;Bom;Seca;Cruz;Pare;Comercial;0;0;2;1;1;0;0;0;0;0;0;0;-38,542824;-3,756713
302452;3;11;2016;14:50;0;AV JOR THOMAZ COELHO;;;1672;;Colisão Frontal;Luz do Dia;Bom;Seca;Meio de Quadra;Não Há Controle;Residencial;0;0;1;0;1;0;0;0;0;0;0;0;-38,510243;-3,829656
302453;3;11;2016;15:04;0;RUA 7 DE SETEMBRO;;;66;;Colisão Traseira;Luz do Dia;Bom;Seca;Meio de Quadra;Não Há Controle;Comercial;0;0;2;1;1;0;0;0;0;0;0;0;-38,562696;-3,773463
302454;3;11;2016;11:35;5416;RUA JAIME BENEVOLO;AV DUQ CAXIAS;;0;;Colisão Transversal;Luz do Dia;Bom;Seca;T;Pare;Comercial;0;0;2;1;0;0;0;0;0;0;0;0;-38,525704;-3,733137
302455;3;11;2016;14:25;0;AV A CJ JOSE WALTER;;;931;;Colisão Lateral;Luz do Dia;Bom;Seca;Meio de Quadra;Não Há Controle;Residencial;0;0;2;1;0;0;0;0;0;0;0;0;-38,558531;-3,823521
302456;3;11;2016;15:20;0;AV 13 DE MAIO;;;3010;;Colisão Traseira;Luz do Dia;Bom;Seca;Meio de Quadra;Semáforo;Comercial;0;0;2;1;0;0;0;0;0;0;0;0;-38,542165;-3,73828
302457;3;11;2016;17:12;0;RUA ASSUNCAO;;;751;;Colisão Traseira;Luz do Dia;Bom;Seca;Meio de Quadra;Não Há Controle;Residencial;0;0;2;1;0;0;0;0;0;0;0;0;-38,529277;-3,736387
302458;3;11;2016;13:25;0;AV AGUANAMBI;;;1299;;Colisão Traseira;Anoitecer;Bom;Seca;Meio de Quadra;Não Há Controle;Comercial;0;1;3;1;1;0;0;0;0;0;0;0;-38,524327;-3,748051
302459;3;11;2016;18:40;12386;RUA MARIO DA SILVEIRA;AV JOSE BASTOS;;;;Colisão Lateral;Via Iluminada;Bom;Seca;;;;0;1;1;1;0;0;0;0;0;1;0;0;-38,569001;-3,766788
302460;3;11;2016;22:30;0;AV DR SILAS MUNGUBA;;;2333;;Colisão Traseira;Via Iluminada;Bom;Seca;Outros;Semáforo;Escola;0;0;2;1;0;0;0;0;0;1;0;0;-38,551022;-3,785959
302461;3;11;2016;22:22;9096;AV 13 DE MAIO;RUA LAURO MAIA;;0;;Engavetamento;Via Iluminada;Bom;Seca;T;Não Há Controle;Comercial;0;2;1;1;0;0;0;0;0;0;0;0;-38,521582;-3,753653
302466;3;11;2016;14:27;0;AV DR THEBERGE;;;2150;;Colisão Traseira;Luz do Dia;Bom;Seca;T;Semáforo;Comercial;0;0;2;0;1;0;0;0;0;0;0;0;-38,566474;-3,719272
292295;3;11;2016;22:15;0;AV PRS COSTA E SILVA;;;;;Choque c/ Obstáculo Fixo;Via Iluminada;Bom;Seca;Meio de Quadra;Não Há Controle;Residencial;0;0;1;1;0;0;0;0;0;0;0;0;;
292307;3;11;2016;21:00;0;AV JOAO PESSOA;;;6079;;Colisão Lateral;;Bom;Seca;Meio de Quadra;Não Há Controle;Comercial;0;0;2;0;0;0;0;0;0;1;0;0;-38,558198;-3,763321
292318;3;11;2016;18:30;8992;RUA PDE MORORO;RUA LUIS DE MIRANDA;;;;Colisão Lateral;Via Iluminada;Bom;Seca;Duplo T;Semáforo;Residencial;0;0;2;1;0;0;0;0;0;0;0;0;;
292314;3;11;2016;08:30;0;AV GODOFREDO MACIEL;;;3081;;Colisão Traseira;Luz do Dia;Bom;Seca;Meio de Quadra;Outros;Comercial;0;0;2;1;0;0;0;0;0;0;0;0;-38,571816;-3,802546
292315;3;11;2016;02:40;0;RUA ALM RUBIM;;;1637;;Choque c/ Obstáculo Fixo;Via Iluminada;Bom;Seca;Meio de Quadra;Não Há Controle;Comercial;1;1;0;0;0;0;0;0;0;1;0;0;-38,556996;-3,771897
292316;3;11;2016;08:00;25084;RUA BERNARDO MANUEL;AV BENJAMIM BRASIL;;;;Colisão Traseira;Luz do Dia;Bom;Seca;T;Semáforo;Comercial;0;1;1;1;0;0;0;0;0;0;0;0;-38,554874;-3,81006
292309;3;11;2016;15:28;0;RUA COSTA BARROS;;;2070;;Colisão Traseira;Luz do Dia;Bom;Seca;Meio de Quadra;Pare;Comercial;0;0;2;1;0;0;0;0;0;0;0;0;-38,505758;-3,732256
292310;3;11;2016;10:15;15664;AV FRE CIRILO;RUA NICOLAU COELHO;;;;Colisão Traseira;Luz do Dia;Bom;Seca;T;Não Há Controle;Comercial;0;0;2;1;0;0;0;0;0;1;0;0;-38,493769;-3,825721
292312;3;11;2016;06:40;17430;RUA PRO TEODORICO;RUA EDITE BRAGA;;;;Colisão Transversal;Luz do Dia;Bom;Seca;Cruz;Pare;Residencial;0;0;2;1;1;0;0;0;0;0;0;0;-38,553772;-3,768643
292320;3;11;2016;15:49;0;RUA BAR RIO BRANCO;;;1092;;Colisão Traseira;Luz do Dia;Bom;Seca;Meio de Quadra;Semáforo;Comercial;0;0;2;1;0;0;1;0;0;0;0;0;-38,528727;-3,727911
292321;3;11;2016;08:00;22176;AV JOSE BASTOS;AV ENG HUMBERTO MONTE;;;;Colisão Traseira;Luz do Dia;Bom;Seca;Cruz;Semáforo;Comercial;0;0;3;1;0;0;0;0;0;0;0;0;-38,555455;-3,754966
292277;3;11;2016;00:10;0;AV ENG SANTANA JUNIOR;;;747;;Colisão Transversal;Via Iluminada;Bom;Seca;Meio de Quadra;Não Há Controle;Residencial;0;0;2;0;0;0;0;0;0;1;0;0;-38,481442;-3,734646
292274;3;11;2016;17:00;5348;RUA METON DE ALENCAR;RUA PDE MORORO;;;;Colisão Lateral;Anoitecer;Bom;Seca;T;Não Há Controle;Comercial;0;1;1;1;0;0;0;0;0;1;0;0;-38,539143;-3,730892
292270;3;11;2016;07:30;3384;RUA MARIO DE ANDRADE;RUA CEL NUNES DE MELO;;;;Colisão Lateral;Luz do Dia;Bom;Seca;Cruz;Pare;Residencial;0;0;2;1;0;0;0;0;0;0;0;0;-38,558031;-3,754578
292266;3;11;2016;13:40;4319;AV VICENTE DE CASTRO;AV JOSE SABOIA;;;;Outros;Luz do Dia;Bom;Seca;Cruz;Pare;Comercial;0;0;2;0;0;0;0;0;0;1;0;0;-38,4732;-3,713785
292242;3;11;2016;10:10;5442;AV VIS RIO BRANCO;RUA GAL CLARINDO DE QUEIROZ;;;;Colisão Traseira;Luz do Dia;Bom;Seca;Cruz;Semáforo;Comercial;0;0;2;1;0;0;1;0;0;0;0;0;-38,524385;-3,734584
292245;3;11;2016;14:16;3820;AV 13 DE MAIO;AV CARAPINIMA;;;;;Luz do Dia;Bom;Seca;Cruz;Semáforo;Comercial;0;0;1;1;0;0;0;0;0;0;0;0;-38,540239;-3,740001
292247;3;11;2016;06:50;12903;RUA BAR ARATANHA;RUA CARLOS GOMES;;;;Colisão Transversal;Luz do Dia;Bom;Seca;T;;Residencial;0;0;2;1;0;0;0;0;0;1;0;0;-38,52902;-3,740756
292249;3;11;2016;15:50;0;RUA JULIO BRAGA;;;1542;;Atropelamento;Luz do Dia;Bom;Seca;Meio de Quadra;Não Há Controle;Residencial;0;1;1;1;0;0;0;0;0;0;0;0;-38,58434;-3,773293
300152;3;11;2016;06:45;0;AV MIN JOSE AMERICO;;;;;Colisão;Luz do Dia;Bom;Seca;Meio de Quadra;;;0;0;2;1;0;0;0;0;0;0;0;0;;
299700;3;11;2016;07:30;0;AV MIN JOSE AMERICO;;;;;Colisão;Luz do Dia;Bom;Seca;Meio de Quadra;;;0;0;2;1;0;0;1;0;0;0;0;0;;
299702;3;11;2016;13:50;0;RD CE-060;;;;KM-01;Colisão;Luz do Dia;Bom;Seca;Meio de Quadra;;;0;0;2;1;0;0;0;0;0;0;0;0;-38,58015;-3,828411
299703;3;11;2016;15:40;0;RD CE-060;;;;KM-01;Choque c/ Obstáculo Fixo;Luz do Dia;Bom;Seca;Meio de Quadra;;;0;0;2;0;0;0;1;0;0;1;0;0;-38,58015;-3,828411
299636;3;11;2016;23:40;0;RUA TRES CORACOES (PASSARÉ);;;171;;Colisão;;;;Meio de Quadra;;;0;1;0;0;0;0;0;0;0;0;0;0;;
299608;3;11;2016;23:33;0;RUA TORRES CAMARA;;;1359;;Colisão;;;;Meio de Quadra;;;0;1;0;1;0;0;0;0;0;1;0;0;;
299598;3;11;2016;20:28;0;RUA FRANCISCO LEANDRO;;;160;;Colisão;;;;Meio de Quadra;;;0;1;0;0;0;0;0;0;0;0;0;0;-38,482444;-3,822416
299601;3;11;2016;22:31;0;RUA DAS PITANGUEIRAS;;;1460;;Colisão;;;;Meio de Quadra;;;0;1;0;0;0;0;0;0;0;0;0;0;;
299587;3;11;2016;18:14;26083;AV BEZERRA DE MENEZES;AV JOSE JATAHY;;;;Colisão Transversal;Mal Iluminada;Bom;Seca;Cruz;Semáforo;Comercial;0;2;3;1;0;0;0;0;0;1;0;0;;
299595;3;11;2016;19:45;0;AV GAL OSORIO DE PAIVA;;;2978;;Colisão Traseira;Via Iluminada;Bom;Seca;Meio de Quadra;Não Há Controle;Comercial;0;3;1;0;0;0;0;1;0;1;0;0;-38,586928;-3,789153
299589;3;11;2016;18:28;0;RUA PRIMEIRO DE MAIO D34;;;18;;Colisão;Anoitecer;;;Meio de Quadra;;;0;1;0;1;0;0;0;0;0;1;0;0;-38,583041;-3,78445
299572;3;11;2016;15:16;0;RUA BERNARDO MANUEL;;;;;Colisão;Luz do Dia;;;Meio de Quadra;;;0;1;0;1;0;0;0;0;0;1;0;0;;
299583;3;11;2016;17:58;0;AV MR HULL;;;5626;;Colisão;Anoitecer;;;Meio de Quadra;;;0;2;0;1;0;0;0;0;0;1;0;0;-38,594735;-3,740127
299577;3;11;2016;15:59;0;AV ODILON GUIMARAES;;;;;Colisão;Luz do Dia;;;Meio de Quadra;;;0;1;0;1;0;0;0;0;0;1;0;0;;
299578;3;11;2016;16:01;0;RUA CAP NESTOR GOIS;;;202;;Queda;Luz do Dia;;;Meio de Quadra;;;0;1;0;0;0;0;0;0;0;1;0;0;-38,561724;-3,721732
299579;3;11;2016;16:03;0;RUA BAR CRATO;;;1415;;Colisão;Luz do Dia;;;Meio de Quadra;;;0;1;0;0;0;0;0;0;0;0;0;0;-38,561854;-3,721852
299580;3;11;2016;16:59;0;RUA JOAO BRIGIDO;;;1020;;Colisão;Luz do Dia;;;Meio de Quadra;;;0;1;0;0;0;0;0;0;0;1;0;0;;
299568;3;11;2016;14:43;0;RUA VICENTE SABOIA;;;577;;Atropelamento;Luz do Dia;;;Meio de Quadra;;;0;1;0;1;0;0;0;0;0;0;0;0;-38,559458;-3,708496
299549;3;11;2016;12:18;5709;AV DES GONZAGA;AV OLIVEIRA PAIVA;;;;Colisão;Luz do Dia;;;Cruz;Semáforo;Comercial;0;1;0;1;0;0;0;0;0;1;0;0;-38,499953;-3,797165
299551;3;11;2016;12:43;0;RUA CENTRAL (CAJAZEIRAS);;;295;;Atropelamento;Luz do Dia;;;Meio de Quadra;;;0;1;0;0;0;0;0;0;0;1;0;0;;
299552;3;11;2016;13:14;0;AV JOSE BASTOS;;;;;Colisão;Luz do Dia;;;Meio de Quadra;;;0;1;0;0;0;0;0;0;0;1;0;0;;
299553;3;11;2016;13:35;0;RUA ALM RUBIM;;;998;;Colisão;Luz do Dia;;;Meio de Quadra;;;0;1;0;0;0;0;0;0;0;0;0;0;-38,554931;-3,766501
299531;3;11;2016;11:55;0;AV OLIVEIRA PAIVA;;;;;Colisão;Luz do Dia;;;Meio de Quadra;;;0;1;0;1;0;0;0;0;0;1;0;0;;
299545;3;11;2016;11:59;0;AV H CJ ESPERANCA;;;520;;Atropelamento;Luz do Dia;;;Meio de Quadra;;;0;1;0;1;0;0;0;0;0;0;0;0;;
299508;3;11;2016;07:08;0;RUA GAUDIOSO CARVALHO;;;886;;Atropelamento;Luz do Dia;;;Meio de Quadra;;;0;1;0;0;0;0;0;0;0;1;0;0;;
299509;3;11;2016;07:13;0;RUA JULIO BRAGA;;;1918;;Colisão;Luz do Dia;;;Meio de Quadra;;;0;1;0;1;0;0;0;0;0;1;0;0;-38,586617;-3,77387
299516;3;11;2016;10:41;0;AV VIS RIO BRANCO;;;4317;;Colisão;Luz do Dia;;;Meio de Quadra;;;0;1;0;0;0;0;0;0;0;0;0;0;;
299517;3;11;2016;10:53;0;RUA VERBENA;;;528;;Queda;Luz do Dia;;;Meio de Quadra;;;0;1;0;0;0;0;0;0;0;1;0;0;-38,588672;-3,780745
299513;3;11;2016;09:27;0;AV OLIVEIRA PAIVA;;;;;Colisão;Luz do Dia;;;Meio de Quadra;;;0;1;0;1;0;1;0;0;0;0;0;0;;
299523;3;11;2016;11:44;0;RUA SILVIO ROMERO;;;287;;Colisão;Luz do Dia;;;Meio de Quadra;;;0;1;0;1;0;0;0;0;0;1;0;0;;
299482;3;11;2016;01:21;0;AV GAL OSORIO DE PAIVA;;;;;Atropelamento;;;;Meio de Quadra;;;0;1;0;1;0;0;0;0;0;0;0;0;;
299504;3;11;2016;06:06;0;AV JOSE BASTOS;;;;;Colisão;Luz do Dia;;;Meio de Quadra;;;0;1;0;1;0;0;0;0;0;1;0;0;;
299505;3;11;2016;06:38;1564;RUA LEONARDO MOTA;RUA CAROLINA SUCUPIRA;;;;Colisão Lateral;Luz do Dia;Bom;Seca;Cruz;Pare;Residencial;0;0;5;1;0;0;0;0;0;0;0;0;-38,497995;-3,741825
299506;3;11;2016;06:56;0;AV PRS CASTELO BRANCO;;;4571;;Colisão Transversal;Luz do Dia;Bom;Seca;T;Não Há Controle;Comercial;0;2;2;1;0;0;0;0;0;1;0;0;-38,572864;-3,706777
299502;3;11;2016;05:58;24993;AV DOM MANUEL;RUA ROCHA LIMA;;;;Colisão;Amanhecer;;;Cruz;Semáforo;Comercial;0;1;0;1;0;0;0;0;0;1;0;0;-38,523587;-3,735959
294536;3;11;2016;17:15;0;AV ENG HUMBERTO MONTE;;;1801;;Colisão Traseira;Luz do Dia;Bom;Seca;Meio de Quadra;Não Há Controle;Residencial;0;0;3;1;0;0;0;0;0;1;0;0;-38,563882;-3,745015
294542;4;11;2016;04:25;0;AV BEZERRA DE MENEZES;;;1802;;Colisão Traseira;Via Iluminada;Bom;Seca;Não Informado;Não Há Controle;Residencial;0;2;1;1;0;0;0;0;0;0;0;0;-38,560741;-3,734894
294543;4;11;2016;01:15;0;RUA DAS PITANGUEIRAS;;;;;Colisão;;;;Meio de Quadra;;;0;1;1;0;0;0;0;0;0;1;0;0;;
294547;4;11;2016;14:50;0;RUA BIBIO FROTA;;;280;;Colisão;Luz do Dia;;;Meio de Quadra;;;0;0;2;1;0;0;0;0;0;0;0;0;-38,570125;-3,788104
294581;4;11;2016;16:10;13602;AV ROGACIANO LEITE;AV GAL MURILO BORGES;;;;Choque c/ Obstáculo Fixo;Luz do Dia;Bom;Seca;Cruz;Semáforo;Comercial;0;0;3;1;0;0;0;0;0;0;0;0;-38,496968;-3,767788
294583;4;11;2016;09:45;0;AV MR HULL;;;4465;;Colisão;Luz do Dia;;;Meio de Quadra;;;0;2;2;1;0;0;0;0;0;0;0;0;-38,584413;-3,73861
294584;4;11;2016;20:41;23698;RUA PLACIDO DE CASTRO;RUA MON AGOSTINHO;;;;Colisão Lateral;Via Iluminada;Bom;Seca;Cruz;Não Há Controle;Residencial;0;1;3;1;1;0;0;0;0;0;0;0;-38,585695;-3,790354
294585;4;11;2016;10:40;7957;AV PONTES VIEIRA;AV BAR STUDART;;;;Colisão;Luz do Dia;;;T;Semáforo Intermitente;Comercial;0;0;2;0;1;0;0;0;0;0;0;0;-38,512361;-3,75259
296141;4;11;2016;09:40;0;RD BR 116;;;2000;KM-02;Colisão Traseira;Luz do Dia;;;Meio de Quadra;;;0;1;1;0;0;0;0;0;0;1;0;0;-38,51678;-3,771391
299670;4;11;2016;10:27;0;AV WASHINGTON SOARES;;;;;Atropelamento;Luz do Dia;;;Meio de Quadra;;;0;1;0;1;0;0;0;0;0;0;0;0;;
299666;4;11;2016;08:57;0;RUA CAP FRANCISCO PEDRO;;;571;;Colisão Frontal;Luz do Dia;Bom;Seca;Meio de Quadra;Não Há Controle;Escola;0;2;2;1;0;0;0;0;0;1;0;0;-38,547001;-3,745075
299660;4;11;2016;07:20;0;RUA BULGARIA;;;207;;Colisão;Luz do Dia;;;Meio de Quadra;;;0;1;0;1;0;0;0;0;0;1;0;0;-38,579332;-3,793374
299658;4;11;2016;07:15;0;RUA 1002 CJ CEARA;;;189;;Colisão;Luz do Dia;;;Meio de Quadra;;;0;1;0;0;0;0;0;0;0;0;0;0;;
299650;4;11;2016;00:27;0;AV PERIMETRAL;;;;;Colisão;;;;Meio de Quadra;;;0;1;0;0;0;0;0;0;0;0;0;0;;
299705;4;11;2016;11:20;0;RD CE-040;;;;KM-10;Colisão;Luz do Dia;Bom;Seca;Meio de Quadra;;;0;0;2;0;0;0;0;0;0;0;0;0;-38,482466;-3,834451
299694;4;11;2016;17:53;0;RUA MON AGOSTINHO;;;833;;Colisão;Anoitecer;;;Meio de Quadra;;;0;1;0;1;1;0;0;0;0;0;0;0;-38,584873;-3,789589
299687;4;11;2016;17:50;0;RUA DAS PEDRINHAS;;;410;;Colisão;Anoitecer;;;Meio de Quadra;;;0;1;0;0;0;0;0;0;0;1;0;0;-38,600397;-3,763303
299655;4;11;2016;06:55;0;AV MAE LISBOA;;;;;Colisão;Luz do Dia;;;Meio de Quadra;;;0;1;0;0;0;0;0;0;0;0;0;0;;
299662;4;11;2016;08:16;3998;RUA ALBERTO MAGNO;RUA SAMUEL UCHOA;;120;;Colisão Transversal;Luz do Dia;Bom;Seca;Cruz;Pare;Comercial;0;0;4;1;0;0;0;0;0;0;0;0;-38,542824;-3,756713
299684;4;11;2016;16:55;0;AV PERIMETRAL;;;2554;;Colisão;Luz do Dia;;;Meio de Quadra;;;0;2;0;0;0;0;0;0;0;0;0;0;;
299672;4;11;2016;11:59;0;AV JOSE BASTOS;;;;;Colisão;Luz do Dia;;;Meio de Quadra;;;0;1;0;1;0;0;0;0;0;0;0;0;;
299673;4;11;2016;12:24;0;RUA RECANTO VERDE;;;;;Colisão;Luz do Dia;;;Meio de Quadra;;;0;1;0;0;0;0;0;0;0;0;0;0;;
299674;4;11;2016;12:41;0;RUA JOAQUIM LIMA;;;340;;Colisão;Luz do Dia;;;Meio de Quadra;;;0;1;0;0;0;0;0;0;0;0;0;0;-38,483265;-3,740193
299675;4;11;2016;13:22;0;RUA ORIENTE;;;726;;Queda;Luz do Dia;;;Meio de Quadra;;;0;1;0;0;0;1;0;0;0;0;0;0;;
299676;4;11;2016;14:10;0;RUA DR THOMPSON BULCAO;;;853;;Colisão;Luz do Dia;;;Meio de Quadra;;;0;1;0;0;0;0;0;0;0;0;0;0;-38,496557;-3,767987
299677;4;11;2016;15:12;0;AV SANTOS DUMONT;;;2456;;Queda;Luz do Dia;;;Meio de Quadra;;;0;1;0;0;0;1;0;0;0;0;0;0;-38,50315;-3,734688
299678;4;11;2016;15:16;0;RUA PRO HERIBALDO COSTA;;;1593;;Colisão;Luz do Dia;;;Meio de Quadra;;;0;1;0;0;0;0;0;0;0;1;0;0;-38,586976;-3,765901
299679;4;11;2016;15:22;0;RUA PINTO MADEIRA;;;1015;;Colisão;Luz do Dia;;;Meio de Quadra;;;0;1;0;1;0;0;0;0;0;1;0;0;-38,515991;-3,732779
299680;4;11;2016;15:31;0;AV PRS COSTA E SILVA;;;631;;Colisão;Luz do Dia;;;Meio de Quadra;;;0;1;0;0;0;0;0;0;0;0;0;0;;
299682;4;11;2016;16:03;0;AV SGT HERMINIO SAMPAIO;;;1361;;Queda;Luz do Dia;;;Meio de Quadra;;;0;1;0;0;0;0;0;0;0;1;0;0;-38,552835;-3,724967
299743;4;11;2016;21:51;0;AV SEN CARLOS JEREISSATI (AEROPORTO);;;;;Atropelamento;;;;Meio de Quadra;;;0;1;0;0;0;0;0;0;0;0;0;0;;
299744;4;11;2016;22:16;0;AV PRS CASTELO BRANCO;;;;;Atropelamento;;;;Meio de Quadra;;;0;1;0;1;0;0;0;0;0;0;0;0;;
299740;4;11;2016;21:38;0;AV GAL OSORIO DE PAIVA;;;;;Queda;;;;Meio de Quadra;;;0;1;0;0;0;0;0;0;0;1;0;0;;
299733;4;11;2016;20:53;0;AV JOSE LEON;;;2140;;Colisão;;;;Meio de Quadra;;;0;1;0;0;0;0;0;0;0;0;0;0;-38,492486;-3,79004
299713;4;11;2016;18:55;0;AV FRANCISCO SA;;;6624;;Colisão;;;;Meio de Quadra;;;0;2;0;1;0;0;0;0;0;1;0;0;;
299716;4;11;2016;19:27;0;RUA EQUADOR;;;;;Colisão;;;;Meio de Quadra;;;0;1;0;1;0;0;0;0;0;1;0;0;;
299721;4;11;2016;19:27;0;RUA MON VICENTE MARTINS;;;1676;;Atropelamento;;;;Meio de Quadra;;;0;1;0;0;0;0;0;0;0;1;0;0;-38,58172;-3,773075
299724;4;11;2016;20:08;0;RUA MARIO DE ANDRADE;;;1021;;Colisão;;;;Meio de Quadra;;;0;2;0;1;0;0;0;0;0;1;0;0;-38,563332;-3,749189
299800;4;11;2016;17:50;0;RD CE-040;;;;KM-09;Colisão;Anoitecer;Bom;Seca;Meio de Quadra;;;0;0;2;1;0;0;1;0;0;0;0;0;-38,481538;-3,825516
299746;4;11;2016;22:17;0;RUA JOSE LINHARES;;;111;;Queda;;;;Meio de Quadra;;;0;1;0;0;0;0;0;0;0;1;0;0;-38,528631;-3,838059
299747;4;11;2016;22:21;0;RUA BARRA MANSA;;;804;;Colisão;;;;Meio de Quadra;;;0;2;0;0;0;0;0;0;0;0;0;0;-38,615507;-3,794351
299748;4;11;2016;22:35;0;AV ENG HUMBERTO MONTE;;;91;UFC;Atropelamento;;;;Meio de Quadra;;;0;1;0;1;0;0;0;0;0;0;0;0;;