COD_ACIDENTE;DIA;MES;ANO;HORA;INTERSECAO;LOG1;LOG2;LOG3;NUMERO;REFERENCIA;NATUREZA;ILUMINACAO;TEMPO;SUPERFICIEPISTA;TIPOCRUZAMENTO;CONTROLETRAFEGO;USOSOLO;MORTOS;FERIDOS;ILESOS;AUTOMOVEL;ONIBUS;BICICLETA;CAMINHAO;MICROONIBUS;CICLOMOTOR;MOTOCICLETA;TRACAOANIMAL;TREM;LONG;LAT
292268;4;11;2016;07:20;10978;RUA OUTONO;RUA BOGARI;;;;Colisão Traseira;Luz do Dia;Bom;Seca;T;Pare;Residencial;0;1;1;1;0;0;0;0;0;1;0;0;-38,553625;-3,774017
292264;4;11;2016;13:00;0;AV LUCIANO CARNEIRO;;;840;;Colisão Traseira;Luz do Dia;Bom;Seca;Meio de Quadra;Não Há Controle;Residencial;0;0;3;1;0;0;0;0;0;0;0;0;;
292256;4;11;2016;15:30;17377;RUA BAR CANINDE;RUA ELVIRA PINHO;;;;Colisão Transversal;Luz do Dia;Bom;Seca;Cruz;Pare;Residencial;0;0;2;1;0;0;0;0;0;0;0;0;-38,556147;-3,766881
292253;4;11;2016;08:35;19712;AV BEZERRA DE MENEZES;RUA JOSE PONTES;;;;Colisão Traseira;Luz do Dia;Bom;Seca;;Outros;Comercial;0;1;1;1;0;0;0;0;0;1;0;0;-38,568324;-3,736463
292271;4;11;2016;23:30;0;RUA JAIME BENEVOLO;;;741;;Colisão Traseira;Via Iluminada;Bom;Seca;Meio de Quadra;Não Há Controle;Residencial;0;1;1;1;0;0;0;0;0;0;0;0;-38,527522;-3,738619
292278;4;11;2016;19:16;0;AV ABOLICAO;;;2026;;Engavetamento;Via Iluminada;Bom;Seca;Meio de Quadra;Não Há Controle;Comercial;0;0;3;1;0;0;0;0;0;0;0;0;-38,500966;-3,725562
292322;4;11;2016;12:30;0;AV JOSE BASTOS;;;4855;;Colisão Traseira;Luz do Dia;Bom;Seca;Outros;Semáforo;Comercial;0;0;2;1;0;0;0;0;0;0;0;0;;
292313;4;11;2016;12:13;9132;AV 13 DE MAIO;RUA JAIME BENEVOLO;;;;Colisão Traseira;Luz do Dia;Bom;Seca;Cruz;Semáforo;Comercial;0;0;2;1;0;0;0;0;0;0;0;0;-38,530741;-3,748122
292311;4;11;2016;17:03;19675;RUA CRUZ SALDANHA;RUA GUSTAVO SAMPAIO;;;;Colisão Transversal;Luz do Dia;Bom;Seca;Cruz;Pare;Residencial;0;0;2;1;0;0;0;0;0;0;0;0;-38,554069;-3,734763
292319;4;11;2016;06:00;10039;RUA ANTONIO NERY;RUA CARLOS CHAGAS;;;;Colisão Traseira;Amanhecer;Bom;Seca;Cruz;Pare;Residencial;0;0;2;1;0;0;0;0;0;1;0;0;-38,599613;-3,776022
292308;4;11;2016;09:30;0;AV DOMINGOS OLIMPIO;;;223;;Colisão Traseira;Luz do Dia;Bom;Seca;Meio de Quadra;Outros;Comercial;0;0;2;1;0;0;0;0;0;0;0;0;-38,526722;-3,737948
292304;4;11;2016;16:00;15975;AV GODOFREDO MACIEL;RUA CEL MANUEL ALBANO;;;;Colisão Traseira;Luz do Dia;Bom;Seca;Cruz;Pare;Comercial;0;0;2;1;1;0;0;0;0;0;0;0;-38,57278;-3,805644
292299;4;11;2016;15:00;18792;RUA VALPARAISO;RUA CODO;;;;Colisão Transversal;Luz do Dia;Bom;Seca;T;Dê Preferência;Residencial;0;0;2;1;0;0;1;0;0;0;0;0;-38,521344;-3,846299
302467;4;11;2016;11:47;25096;RUA ROCHA LIMA;RUA RODRIGUES JUNIOR;;0;;Colisão Transversal;Luz do Dia;Bom;Seca;Cruz;Pare;Comercial;0;0;3;1;1;0;0;0;0;1;0;0;-38,522475;-3,73632
302468;4;11;2016;12:48;15137;AV MON TABOSA;RUA ILDEFONSO ALBANO;;0;;Colisão Lateral;Luz do Dia;Bom;Seca;Cruz;Semáforo;Comercial;0;0;2;1;0;0;0;0;0;0;0;0;-38,510333;-3,724155
302469;4;11;2016;12:30;0;RUA BERNARDO MANUEL;;;8583;;Colisão Traseira;Luz do Dia;Bom;Seca;Meio de Quadra;Não Há Controle;Comercial;0;0;2;1;0;0;0;0;0;0;0;0;-38,550147;-3,794551
302470;4;11;2016;13:30;5364;RUA GAL CLARINDO DE QUEIROZ;AV TRISTAO GONCALVES;;0;;Colisão Transversal;Luz do Dia;Bom;Seca;Cruz;Pare;Comercial;0;0;2;1;1;0;0;0;0;0;0;0;-38,534472;-3,731314
302471;4;11;2016;09:50;15121;RUA JOAO CORDEIRO;RUA DR ATUALPA BARBOSA LIMA (P. IRACEMA);;0;;Colisão Frontal;Luz do Dia;Bom;Seca;Cruz;Pare;Residencial;0;0;2;1;0;0;0;0;0;0;0;0;-38,512434;-3,723378
302472;4;11;2016;13:56;0;AV DUQ CAXIAS;;;1787;;Colisão Traseira;Luz do Dia;Bom;Seca;Meio de Quadra;Semáforo;Comercial;0;0;2;0;1;0;0;0;0;0;0;0;-38,540062;-3,728498
302473;4;11;2016;14:08;5399;RUA PEDRO I;AV VIS RIO BRANCO;;0;;Colisão Lateral;Luz do Dia;Bom;Seca;Cruz;Semáforo;Comercial;0;0;2;1;1;0;0;0;0;0;0;0;-38,524814;-3,732458
302474;4;11;2016;14:06;9198;RUA BAR ARATANHA;RUA COSTA ARAUJO;;0;;Colisão Transversal;Luz do Dia;Bom;Seca;Cruz;Pare;Comercial;0;0;2;1;0;0;0;0;0;1;0;0;-38,531099;-3,746946
302475;4;11;2016;13:40;22665;AV ENG LEAL LIMA VERDE (SAPIRANGA/COITE);AV COS GOMES DE FREITAS (SAPIRANGA/COITE);;0;;Colisão Transversal;Luz do Dia;Bom;Seca;Rotatória;Dê Preferência;Residencial;0;0;1;1;0;0;0;0;0;0;0;0;-38,475739;-3,795341
302476;4;11;2016;14:44;12925;AV AGUANAMBI;AV DOMINGOS OLIMPIO;;0;;Colisão Lateral;Luz do Dia;Bom;Seca;Cruz;Semáforo;Comercial;0;0;2;1;0;0;0;0;0;0;0;0;-38,524628;-3,738683
302477;4;11;2016;15:22;0;AV DOS EXPEDICIONARIOS;;;4134;;Choque c/ Obstáculo Fixo;Luz do Dia;Bom;Seca;Meio de Quadra;Semáforo;Residencial;0;0;1;1;0;0;0;0;0;0;0;0;-38,538072;-3,754696
302478;4;11;2016;16:50;0;RUA CEL RAIMUNDO GUANABARA;;;608;;Colisão Lateral;Luz do Dia;Bom;Seca;Meio de Quadra;Não Há Controle;Residencial;0;0;1;1;0;0;0;0;0;0;0;0;;
302479;4;11;2016;19:00;22000;RUA ALEXANDRE BARAUNA;RUA FRE MARCELINO;;0;;Colisão Transversal;Via Iluminada;Bom;Seca;Cruz;Pare;Residencial;0;1;1;1;0;0;0;0;0;1;0;0;-38,554232;-3,745701
302480;4;11;2016;17:21;5729;RUA TEOFREDO GOIANA;AV OLIVEIRA PAIVA;;0;;Colisão Transversal;Via Iluminada;Bom;Seca;T;Pare;Comercial;0;0;2;1;0;0;0;0;0;0;0;0;-38,501221;-3,797744
302481;4;11;2016;22:40;0;RUA NOSSA SRA APARECIDA;;;300;;Colisão Frontal;Via Iluminada;Bom;Seca;Meio de Quadra;Pare;Residencial;0;0;3;1;0;0;0;0;0;1;0;0;;
302462;4;11;2016;00:05;5749;AV DES GONZAGA;RUA JULIO LIMA;;0;;Colisão Lateral;Via Iluminada;Bom;Seca;Cruz;Não Há Controle;Residencial;0;0;2;1;0;0;0;0;0;0;0;0;-38,500411;-3,796143
302463;4;11;2016;09:07;0;AV OLIVEIRA PAIVA;;;1691;;Colisão Lateral;Luz do Dia;Bom;Seca;Meio de Quadra;Não Há Controle;Comercial;0;2;2;1;0;0;0;0;0;0;0;0;;
302464;4;11;2016;10:13;0;AV DEP PAULINO ROCHA;;;50;;Colisão Traseira;Luz do Dia;Bom;Seca;Meio de Quadra;Não Há Controle;Comercial;0;0;2;1;0;0;0;0;0;0;0;0;-38,50755;-3,802055
302465;4;11;2016;10:00;0;AV ALM MAXIMIANO DA FONSECA;;;1400;;Colisão Traseira;Luz do Dia;Bom;Seca;Meio de Quadra;Não Há Controle;Comercial;0;0;2;0;0;0;0;0;0;0;0;0;;
301974;4;11;2016;10:19;19672;AV BEZERRA DE MENEZES;RUA GAL PIRAGIBE;;0;;Engavetamento;Luz do Dia;Bom;Seca;Cruz;Semáforo;Comercial;0;0;3;1;0;0;0;0;0;0;0;0;-38,558651;-3,734449
292405;4;11;2016;14:00;17379;RUA TEN MOACIR MATOS;RUA EDITE BRAGA;;;;Colisão Lateral;Luz do Dia;;;Cruz;Pare;Residencial;0;0;2;1;0;0;1;0;0;0;0;0;-38,552921;-3,766915
292386;5;11;2016;13:10;5097;RUA TEREZA CRISTINA;RUA SAO PAULO;;;;Colisão Frontal;Luz do Dia;;;Cruz;Pare;Residencial;0;0;2;1;0;0;0;0;0;0;0;0;-38,535693;-3,723354
292366;5;11;2016;06:45;0;RUA PRO HERIBALDO COSTA;;;;;Colisão Transversal;Luz do Dia;;;Meio de Quadra;;;0;1;1;1;0;0;0;0;0;1;0;0;;
292367;5;11;2016;14:00;0;RUA PDE PEDRO DE ALENCAR;;;636;;Colisão Lateral;Luz do Dia;;;Meio de Quadra;;;0;1;1;0;0;0;0;1;0;1;0;0;-38,494038;-3,832972
292356;5;11;2016;02:30;0;AV ALM BARROSO;;;;;Colisão Traseira;;;;Meio de Quadra;;;0;0;2;1;0;0;0;0;0;0;0;0;;
292354;5;11;2016;10:00;25090;AV GOV PARSIFAL BARROSO;RUA EDGAR FALCAO;;;;Colisão Traseira;Luz do Dia;;;Cruz;Semáforo;Residencial;0;0;2;1;0;0;0;0;0;0;0;0;-38,569038;-3,732054
292381;5;11;2016;01:50;19053;AV ENG SANTANA JUNIOR;RUA EDUARDO SABOIA;;;;Colisão Transversal;;;;T;Não Há Controle;Comercial;0;0;2;1;0;0;0;0;0;0;0;0;-38,482443;-3,736244
292383;5;11;2016;09:46;14419;AV SGT HERMINIO SAMPAIO;RUA JOSE CANDIDO D08;;;;Colisão Traseira;Luz do Dia;;;Cruz;Semáforo;Comercial;0;0;2;1;0;0;0;0;0;0;0;0;-38,550431;-3,724638
292373;5;11;2016;11:56;9334;RUA GRACA ARANHA;RUA COELHO NETO;;;;Colisão Transversal;Luz do Dia;;;Cruz;Pare;Residencial;0;1;1;0;0;0;0;0;0;1;0;0;-38,575966;-3,715976
292378;5;11;2016;18:50;12849;RUA ASSUNCAO;RUA SALDANHA MARINHO;;;;Colisão Transversal;;;;Cruz;Pare;Residencial;0;1;1;1;0;0;0;0;0;0;0;0;-38,531231;-3,742314
292379;5;11;2016;03:00;19656;AV BEZERRA DE MENEZES;RUA PRO JOSE DE BARCELOS;;;;Colisão Transversal;;;;T;Semáforo;Comercial;0;0;2;1;0;0;0;0;0;0;0;0;-38,551066;-3,732898
292351;5;11;2016;10:20;5812;RUA CEZIDIO ALBUQUERQUE;AV OLIVEIRA PAIVA;;;;Colisão Lateral;Luz do Dia;;;Cruz;Não Há Controle;Comercial;0;0;2;1;0;0;1;0;0;0;0;0;-38,503433;-3,798714
302482;5;11;2016;07:20;1657;RUA BENI DE CARVALHO;RUA CEL JUCA;;0;;Colisão Transversal;Luz do Dia;Bom;Seca;Cruz;Semáforo;Residencial;0;0;2;1;0;0;0;0;0;0;0;0;-38,49407;-3,746301
302483;5;11;2016;07:42;5468;RUA BAR ARATANHA;RUA ANTONIO POMPEU;;0;;Colisão Transversal;Luz do Dia;Bom;Seca;Cruz;Semáforo;Comercial;0;0;1;1;0;0;0;0;0;0;0;0;-38,527351;-3,735826
302484;5;11;2016;09:33;0;RUA PRO COSTA MENDES;;;823;;Colisão Traseira;Luz do Dia;Bom;Seca;Meio de Quadra;Não Há Controle;Residencial;0;0;2;1;0;0;0;0;0;0;0;0;-38,547647;-3,754035
302485;5;11;2016;09:45;0;RUA LEONARDO MOTA;;;1645;;Choque c/ Obstáculo Fixo;Luz do Dia;Bom;Seca;Meio de Quadra;Não Há Controle;Residencial;0;0;1;1;0;0;0;0;0;0;0;0;-38,49748;-3,740268
302486;5;11;2016;10:18;0;AV AGUANAMBI;;;1733;;Colisão Lateral;Luz do Dia;Bom;Seca;Meio de Quadra;Não Há Controle;Comercial;0;1;3;1;1;0;0;0;0;0;0;0;-38,523386;-3,752315
302487;5;11;2016;11:00;5324;RUA GAL SAMPAIO;RUA PEDRO I;;0;;Colisão Lateral;Luz do Dia;Bom;Seca;Cruz;Semáforo;Comercial;0;0;2;1;1;0;0;0;0;0;0;0;-38,531758;-3,730182
302488;5;11;2016;11:45;0;AV CARAPINIMA;;;2415;;Engavetamento;Luz do Dia;Bom;Seca;Meio de Quadra;Semáforo;Comercial;0;0;3;0;1;0;0;0;0;0;0;0;-38,540886;-3,740648
302489;5;11;2016;13:15;0;AV PRS JUSCELINO KUBITSCHEK (PASSARÉ);;;0;ROTATÓRIA CASTELÃO;Colisão Traseira;Luz do Dia;Bom;Seca;Rotatória;Dê Preferência;Lazer;0;0;2;1;0;0;0;0;0;0;0;0;;
302490;5;11;2016;13:29;0;AV JOSE BASTOS;;;4500;;Colisão Traseira;Luz do Dia;Bom;Seca;Meio de Quadra;Semáforo;Comercial;0;4;2;1;0;0;0;0;0;0;0;0;-38,556087;-3,755611
302491;5;11;2016;13:36;1222;RUA COSTA BARROS;RUA ANTONIO AUGUSTO;;0;;Colisão Lateral;Luz do Dia;Bom;Seca;Cruz;Pare;Residencial;0;0;2;1;0;0;0;0;0;0;0;0;-38,513288;-3,729783
302492;5;11;2016;13:25;0;AV 13 DE MAIO;;;2954;;Colisão Lateral;Luz do Dia;Bom;Seca;Meio de Quadra;Não Há Controle;Residencial;0;0;2;1;0;0;0;0;0;0;0;0;-38,54123;-3,739153
302493;5;11;2016;13:01;8125;RUA BENTO ALBUQUERQUE;RUA MANUEL DE QUEIROZ;;0;;Colisão Lateral;Luz do Dia;Bom;Seca;Cruz;Pare;Comercial;0;0;2;1;0;0;0;0;0;1;0;0;-38,467393;-3,748837
302543;5;11;2016;15:50;3815;RUA PAULINO NOGUEIRA;RUA NOSSA SRA REMEDIOS;;0;;Colisão Transversal;Luz do Dia;Bom;Seca;Cruz;Pare;Residencial;0;0;2;1;0;0;0;0;0;0;0;0;-38,538777;-3,743105
292302;5;11;2016;11:50;15584;RUA ALVES RIBEIRO;RUA LOPES TROVAO;;;;Colisão Transversal;Luz do Dia;;;Cruz;Não Há Controle;Residencial;0;1;1;1;0;0;0;0;0;0;0;0;-38,501838;-3,82274
292305;5;11;2016;20:00;0;AV RAD JOSE LIMA VERDE;;;770;VIADUTO;Colisão Transversal;;;;Meio de Quadra;;;0;2;1;1;0;0;0;0;0;0;0;0;-38,587838;-3,699581
292291;5;11;2016;12:50;7733;AV JOAO PESSOA;RUA BAR SOBRAL;;;;Colisão Traseira;Luz do Dia;;;T;Gesto;Comercial;0;0;2;1;0;0;0;0;0;0;0;0;;
292298;5;11;2016;18:30;0;RUA PDE PEDRO DE ALENCAR;;;1620;;Colisão Traseira;Anoitecer;;;Meio de Quadra;;;0;2;0;0;0;0;0;0;1;1;0;0;-38,494326;-3,842333
292285;5;11;2016;10:21;0;RUA EDUARDO PERDIGAO;;;131;;Colisão Traseira;Luz do Dia;;;Meio de Quadra;;;0;0;2;1;1;0;0;0;0;0;0;0;-38,564714;-3,775641
292287;5;11;2016;15:47;5098;RUA SEN POMPEU;RUA CASTRO E SILVA;;;;Colisão Frontal;Luz do Dia;;;Cruz;Semáforo;Comercial;0;0;2;1;0;0;0;0;0;0;0;0;-38,528597;-3,723468
299750;5;11;2016;02:15;0;AV ALBERTO NEPOMUCENO;;;;;Atropelamento;;;;Meio de Quadra;;;0;1;0;1;0;0;0;0;0;0;0;0;;
299751;5;11;2016;03:59;0;RUA GUARANI D65;;;415;;Queda;;;;Meio de Quadra;;;0;1;0;0;0;0;0;0;0;1;0;0;;
299753;5;11;2016;06:47;0;RUA PRO HERIBALDO COSTA;;;10;;Colisão;Luz do Dia;;;Meio de Quadra;;;0;1;0;1;0;0;0;0;0;1;0;0;;
299754;5;11;2016;07:37;0;RUA DEP OSWALDO STUDART;;;40;;Atropelamento;Luz do Dia;;;Meio de Quadra;;;0;2;0;0;0;0;0;0;0;1;0;0;-38,52656;-3,7518
299760;5;11;2016;09:09;0;RUA TAQUATIARA;;;114;;Colisão;Luz do Dia;;;Meio de Quadra;;;0;1;0;0;0;0;0;0;0;0;0;0;-38,500601;-3,830737
299761;5;11;2016;09:18;0;RUA HUMBERTO LOMEU;;;1553;;Colisão;Luz do Dia;;;Meio de Quadra;;;0;3;0;0;0;0;0;0;0;1;0;0;;
299762;5;11;2016;09:19;0;AV RAD JOSE LIMA VERDE;;;;;Queda;Luz do Dia;;;Meio de Quadra;;;0;1;0;0;0;0;0;0;0;1;0;0;;
299763;5;11;2016;09:36;0;AV SEN FERNANDES TAVORA;;;2433;;Atropelamento;Luz do Dia;;;Meio de Quadra;;;0;1;0;0;0;0;0;0;0;0;0;0;-38,594468;-3,755837
299764;5;11;2016;10:44;0;AV MAJ ASSIS;;;1690;;Colisão;Luz do Dia;;;Meio de Quadra;;;0;2;0;0;0;0;0;0;0;0;0;0;-38,594487;-3,722077
299765;5;11;2016;10:47;0;AV DOM LUIS;;;;;Colisão;Luz do Dia;;;Meio de Quadra;;;0;1;0;1;0;0;0;0;0;1;0;0;;
299766;5;11;2016;11:00;0;AV PRO GOMES DE MATOS;;;1150;;Queda;Luz do Dia;;;Meio de Quadra;;;0;1;0;0;0;0;0;0;0;1;0;0;-38,546815;-3,76256
299767;5;11;2016;12:11;0;AV COS GOMES DE FREITAS (SAPIRANGA/COITE);;;2993;;Colisão;Luz do Dia;;;Meio de Quadra;;;0;1;0;0;0;0;0;0;0;1;0;0;;
299769;5;11;2016;12:32;0;AV CARNEIRO DE MENDONCA;;;2020;;Colisão;Luz do Dia;;;Meio de Quadra;;;0;1;0;1;0;0;0;0;0;1;0;0;-38,576161;-3,759373
299770;5;11;2016;13:39;0;RUA NUNES FEIJO;;;1374;;Queda;Luz do Dia;;;Meio de Quadra;;;0;1;0;0;0;0;0;0;0;1;0;0;;
299771;5;11;2016;15:40;0;RUA JULIO VERNE;;;890;;Colisão;Luz do Dia;;;Meio de Quadra;;;0;1;0;0;0;0;0;0;0;0;0;0;;
299772;5;11;2016;15:46;0;RUA MARIA JULIA;;;801;;Colisão;Luz do Dia;;;Meio de Quadra;;;0;2;0;1;0;0;0;0;0;1;0;0;;
299773;5;11;2016;16:10;0;AV SEN CARLOS JEREISSATI (AEROPORTO);;;;;Colisão;Luz do Dia;;;Meio de Quadra;;;0;1;0;0;0;0;0;0;0;0;0;0;;
299774;5;11;2016;16:11;0;RUA BRAS VIDAL;;;;;Colisão;Luz do Dia;;;Meio de Quadra;;;0;1;0;0;0;0;0;0;0;0;0;0;;
299775;5;11;2016;16:17;0;RUA A (GRANJA LISBOA);;;3791;;Colisão;Luz do Dia;;;Meio de Quadra;;;0;1;0;1;0;1;0;0;0;0;0;0;;
299776;5;11;2016;16:19;0;RUA RUA 1 (MONDUBIM);;;130;;Colisão;Luz do Dia;;;Meio de Quadra;;;0;1;0;1;0;0;0;0;0;1;0;0;;
299756;5;11;2016;08:07;0;RUA RAD JOAO RAMOS (DUNAS);;;;;Queda;Luz do Dia;;;Meio de Quadra;;;0;2;0;0;0;0;0;0;0;1;0;0;;
299758;5;11;2016;08:30;0;AV DR SILAS MUNGUBA;;;2333;;Queda;Luz do Dia;;;Meio de Quadra;;;0;2;0;0;0;0;0;0;0;1;0;0;-38,551022;-3,785959
299781;5;11;2016;17:26;0;AV PERIMETRAL;;;753;;Atropelamento;Anoitecer;;;Meio de Quadra;;;0;1;0;0;0;0;0;0;0;1;0;0;;
299801;5;11;2016;11:45;0;RD CE-040;;;;KM-08;Colisão;Luz do Dia;Bom;Seca;Meio de Quadra;;;0;0;2;1;0;0;0;0;0;0;0;0;-38,483033;-3,817159
299809;5;11;2016;20:57;0;RUA CHICO MENDES (MONDUBIM);;;228;;Queda;;;;Meio de Quadra;;;0;1;0;0;0;0;0;0;0;1;0;0;;
299812;5;11;2016;21:54;0;AV PRO JOSE ARTHUR CARVALHO;;;2799;;Colisão;;;;Meio de Quadra;;;0;1;0;1;0;0;0;0;0;0;0;0;-38,453949;-3,823255
299818;5;11;2016;22:00;0;RUA DEZ (PASSARE);;;121;;Colisão;;;;Meio de Quadra;;;0;1;0;0;0;0;0;0;0;0;0;0;;
299785;5;11;2016;17:30;0;AV H CJ JOSE WALTER;;;710;;Queda;Anoitecer;;;Meio de Quadra;;;0;1;0;0;0;0;0;0;0;1;0;0;-38,562013;-3,840236
299786;5;11;2016;17:33;0;RUA JOSE PONTES;;;76;;Atropelamento;Anoitecer;;;Meio de Quadra;;;0;1;0;0;0;0;0;0;0;1;0;0;-38,568405;-3,737531
299787;5;11;2016;17:37;0;RUA WALDIR DIOGO;;;753;;Colisão;Anoitecer;;;Meio de Quadra;;;0;1;0;0;0;0;0;0;0;0;0;0;-38,584606;-3,804862
299779;5;11;2016;16:35;0;AV H CJ JOSE WALTER;;;701;;Colisão;Luz do Dia;;;Meio de Quadra;;;0;1;0;0;0;0;0;0;0;0;0;0;-38,56206;-3,840225
299793;5;11;2016;18:33;0;RUA ASSUNCAO;;;1400;;Colisão;;;;Meio de Quadra;;;0;1;0;0;0;0;0;0;0;0;0;0;;
299795;5;11;2016;18:35;0;RUA PDE PEDRO DE ALENCAR;;;1565;;Colisão;;;;Meio de Quadra;;;0;1;0;0;0;0;0;0;0;1;0;0;-38,494294;-3,841668
299796;5;11;2016;19:46;0;AV JOAO PESSOA;;;2;;Colisão;;;;Meio de Quadra;;;0;1;0;1;0;0;0;0;0;1;0;0;;
299803;5;11;2016;20:54;0;RUA THEOGENES GONDIM;;;513;;Queda;;;;Meio de Quadra;;;0;1;0;0;0;0;0;0;0;1;0;0;;
299828;5;11;2016;22:07;0;AV SANTOS DUMONT;;;7050;;Colisão;;;;Meio de Quadra;;;0;2;0;1;0;0;0;0;0;1;0;0;-38,469596;-3,745521
299840;5;11;2016;23:24;0;RUA JORGE DUMAR;;;2031;;Atropelamento;;;;Meio de Quadra;;;0;1;0;0;0;0;0;0;0;0;0;0;-38,539603;-3,753702
291875;5;11;2016;17:00;0;AV FRANCISCO SA;;;;;Colisão;Anoitecer;;;Meio de Quadra;;;1;0;1;0;0;0;0;0;0;1;0;0;;
294590;5;11;2016;00:20;0;RUA MUCAMBINHO (MESSEJANA);;;;;Colisão;;;;Meio de Quadra;;;0;1;1;1;0;0;0;0;0;1;0;0;;
294588;5;11;2016;21:45;0;AV IMPERADOR;;;1186;;Atropelamento;Via Iluminada;Bom;Seca;Meio de Quadra;Semáforo;Comercial;1;0;3;0;1;0;0;0;0;0;0;0;-38,535762;-3,731597
294594;5;11;2016;23:50;0;RUA EUZEBIO DE QUEIROS;;;4517;;Colisão;;;;Meio de Quadra;;;0;0;2;1;0;0;0;0;0;0;0;0;;
294596;5;11;2016;11:55;15778;RUA TAQUATIARA;RUA STA CLARA DE ASSIS;;;;Colisão Transversal;Luz do Dia;Bom;Seca;Cruz;Pare;Comercial;0;1;3;1;1;0;0;0;0;0;0;0;-38,502459;-3,830267
294597;5;11;2016;14:52;8930;RUA JUSTINIANO DE SERPA;AV DOMINGOS OLIMPIO;;;;Colisão Lateral;Luz do Dia;Bom;Seca;Cruz;Semáforo;Residencial;0;2;2;0;1;0;0;0;0;1;0;0;-38,542468;-3,733011
294599;5;11;2016;17:55;11735;RUA MON VICENTE MARTINS;RUA VIS CAUIPE;;;;Colisão;Anoitecer;;;;;;0;1;1;1;0;0;0;0;0;0;0;0;-38,582127;-3,773869
294602;6;11;2016;08:20;0;RUA DR VALDEMAR DE ALCANTARA;;;;;Colisão Lateral;Luz do Dia;Bom;Seca;Meio de Quadra;Não Há Controle;Comercial;0;1;3;1;0;0;0;0;0;1;0;0;;
294607;6;11;2016;07:05;21612;RUA JOAO RAMALHO;RUA DOM XISTO ALBANO;;125;;Colisão Lateral;Luz do Dia;Bom;Seca;T;Pare;Residencial;0;1;1;0;1;0;0;0;0;1;0;0;-38,587726;-3,799374
294614;6;11;2016;17:00;0;AV GAL OSORIO DE PAIVA;;;5751;;Colisão;Anoitecer;;;Meio de Quadra;;;0;1;2;0;1;0;0;0;0;1;0;0;-38,604511;-3,807232
294612;6;11;2016;10:30;12518;AV AUGUSTO DOS ANJOS;RUA CUIABA;;;;Colisão Transversal;Luz do Dia;Bom;Seca;Cruz;Pare;Comercial;0;1;2;1;0;0;0;0;0;1;0;0;-38,572386;-3,772615
294618;6;11;2016;21:15;0;RUA MOURA MATOS;;;1464;;Atropelamento;;;;Meio de Quadra;;;0;1;1;0;0;0;0;0;0;1;0;0;-38,542502;-3,81338
294620;6;11;2016;00:30;0;AV DR SILAS MUNGUBA;;;4300;;Engavetamento;Via Iluminada;Bom;Seca;Meio de Quadra;Não Há Controle;Residencial;0;2;3;1;0;0;0;0;0;0;0;0;-38,537307;-3,791475
296150;6;11;2016;18:00;0;RD BR 116;;;5000;KM-05;Colisão Traseira;Anoitecer;;;Meio de Quadra;;;0;0;4;1;0;0;0;0;0;0;0;0;-38,506787;-3,796502
299845;6;11;2016;02:27;0;RUA CASIMIRO DE ABREU;;;457;;Queda;;;;Meio de Quadra;;;0;1;0;0;0;0;0;0;0;1;0;0;;
299846;6;11;2016;03:43;0;AV DR SILAS MUNGUBA;;;2460;;Colisão;;;;Meio de Quadra;;;0;1;0;1;0;0;0;0;0;0;0;0;-38,551102;-3,785913
299847;6;11;2016;04:49;0;AV DEP PAULINO ROCHA;;;2607;;Colisão;;;;Meio de Quadra;;;0;1;0;1;0;0;0;0;0;0;0;0;;
299848;6;11;2016;05:44;0;RUA DNA MENDINHA;;;818;;Colisão;Amanhecer;;;Meio de Quadra;;;0;2;0;1;0;0;0;0;0;1;0;0;-38,570229;-3,709889
299842;6;11;2016;01:31;0;AV WASHINGTON SOARES;;;;;Atropelamento;;;;Meio de Quadra;;;0;1;0;1;0;0;0;0;0;0;0;0;;
299843;6;11;2016;01:46;0;RUA JULIO GASPAR;;;457;;Colisão;;;;Meio de Quadra;;;0;2;0;1;0;0;0;0;0;1;0;0;;
299859;6;11;2016;05:56;0;AV OLIVEIRA PAIVA;;;2962;;Colisão;Amanhecer;;;Meio de Quadra;;;0;1;0;1;0;0;0;0;0;1;0;0;-38,48098;-3,79581
299862;6;11;2016;06:41;0;AV PRS CASTELO BRANCO;;;;;Queda;Luz do Dia;;;Meio de Quadra;;;0;1;0;0;0;0;0;0;0;1;0;0;;
299893;6;11;2016;09:22;0;AV MAJ ASSIS;;;1784;;Queda;Luz do Dia;;;Meio de Quadra;;;0;1;0;0;0;0;0;0;0;1;0;0;-38,59529;-3,721845
299894;6;11;2016;10:41;0;RUA MARIA GOMES DE SA;;;1225;;Colisão;Luz do Dia;;;Meio de Quadra;;;0;1;0;0;0;0;0;0;0;1;0;0;;
299887;6;11;2016;07:49;0;RUA STA EDVIRGENS UI 803;;;;;Atropelamento;Luz do Dia;;;Meio de Quadra;;;0;1;0;1;0;0;0;0;0;0;0;0;;
299889;6;11;2016;08:35;12426;AV SEN FERNANDES TAVORA;RUA RIBEIRO LEITAO;;;;Colisão;Luz do Dia;;;Cruz;Pare;Comercial;0;1;0;1;0;0;0;0;0;1;0;0;-38,578199;-3,764304
299963;6;11;2016;18:57;0;AV AUGUSTO DOS ANJOS;;;2250;;Colisão;;;;Meio de Quadra;;;0;1;0;1;0;0;0;0;0;1;0;0;-38,584276;-3,78627
299964;6;11;2016;19:09;0;RUA SILVEIRA FILHO;;;454;;Queda;;;;Meio de Quadra;;;0;2;0;0;0;0;0;0;0;1;0;0;-38,575062;-3,769104