COD_ACIDENTE;DIA;MES;ANO;HORA;INTERSECAO;LOG1;LOG2;LOG3;NUMERO;REFERENCIA;NATUREZA;ILUMINACAO;TEMPO;SUPERFICIEPISTA;TIPOCRUZAMENTO;CONTROLETRAFEGO;USOSOLO;MORTOS;FERIDOS;ILESOS;AUTOMOVEL;ONIBUS;BICICLETA;CAMINHAO;MICROONIBUS;CICLOMOTOR;MOTOCICLETA;TRACAOANIMAL;TREM;LONG;LAT
299957;6;11;2016;16:51;0;RUA JOAQUIM MOREIRA D36;;;95;;Colisão;Luz do Dia;;;Meio de Quadra;;;0;1;0;1;0;0;0;0;0;1;0;0;-38,563269;-3,772065
299940;6;11;2016;16:08;0;AV GAL OSORIO DE PAIVA;;;;;Colisão;Luz do Dia;;;Meio de Quadra;;;0;1;0;1;0;0;0;0;0;1;0;0;;
299955;6;11;2016;16:13;0;ET DO FIO (MESSEJANA);;;1013;;Colisão;Luz do Dia;;;Meio de Quadra;;;0;1;0;1;0;0;0;0;0;1;0;0;;
299949;6;11;2016;16:13;0;RUA JOSE HIPOLITO;;;1007;;Colisão;Luz do Dia;;;Meio de Quadra;;;0;2;0;1;0;0;0;0;0;1;0;0;-38,487209;-3,835156
299938;6;11;2016;15:48;0;RUA DA SAUDADE D04;;;3001;;Queda;Luz do Dia;;;Meio de Quadra;;;0;1;0;0;0;0;0;0;0;1;0;0;;
299930;6;11;2016;13:43;0;AV UM (ARVOREDO);;;2520;;Colisão;Luz do Dia;;;Meio de Quadra;;;0;1;0;1;0;0;0;0;0;1;0;0;;
299932;6;11;2016;13:52;0;RUA DES PRAXEDES;;;1;;Colisão;Luz do Dia;;;Meio de Quadra;;;0;1;0;1;0;0;0;0;0;1;0;0;;
299933;6;11;2016;14:27;0;RUA GERALDO BARBOSA;;;3151;;Colisão;Luz do Dia;;;Meio de Quadra;;;0;1;0;1;0;0;0;0;0;1;0;0;-38,620194;-3,786153
299934;6;11;2016;15:10;0;AV MR HULL;;;2933;;Queda;Luz do Dia;;;Meio de Quadra;;;0;1;0;0;0;0;0;0;0;1;0;0;-38,57069;-3,736821
299936;6;11;2016;15:40;0;AV ODILON GUIMARAES;;;3875;;Queda;Luz do Dia;;;Meio de Quadra;;;0;1;0;0;0;0;0;0;0;1;0;0;-38,466334;-3,814212
299924;6;11;2016;13:03;0;RUA JOAQUIM NABUCO;;;3336;;Colisão;Luz do Dia;;;Meio de Quadra;;;0;1;0;1;0;0;0;0;0;1;0;0;-38,507327;-3,753886
299927;6;11;2016;13:10;0;RUA PORTO VELHO;;;157;;Atropelamento;Luz do Dia;;;Meio de Quadra;;;0;1;0;1;0;0;0;0;0;0;0;0;-38,582324;-3,76848
299928;6;11;2016;12:26;0;RUA EMILIA GONCALVES;;;610;;Queda;Luz do Dia;;;Meio de Quadra;;;0;1;0;0;0;0;0;0;0;1;0;0;-38,594682;-3,728673
299907;6;11;2016;11:22;15743;RUA MANUEL ARRUDA;RUA HERBENE;;;;Colisão;Luz do Dia;;;Cruz;Não Há Controle;Residencial;0;1;0;1;0;0;0;0;0;1;0;0;-38,504019;-3,828948
299913;6;11;2016;11:35;0;AV SGT HERMINIO SAMPAIO;;;5405;;Colisão;Luz do Dia;;;Meio de Quadra;;;0;1;0;1;0;0;0;0;0;1;0;0;-38,587832;-3,734063
299915;6;11;2016;11:38;0;RUA DOM SILVERIO D60;;;375;;Colisão;Luz do Dia;;;Meio de Quadra;;;0;1;0;1;0;0;0;0;0;1;0;0;-38,482599;-3,826946
299918;6;11;2016;12:35;0;RUA STA MARIA GORETE;;;70;;Colisão;Luz do Dia;;;Meio de Quadra;;;0;1;0;1;0;0;0;0;0;1;0;0;-38,602006;-3,724268
299996;6;11;2016;22:05;0;RUA 24 DE OUTUBRO;;;274;;Colisão;;;;Meio de Quadra;;;0;1;0;0;0;0;0;0;0;1;0;0;-38,602568;-3,751529
299997;6;11;2016;22:26;0;RUA FRANCISCO GLICERIO;;;839;;Colisão;;;;Meio de Quadra;;;0;1;0;1;0;0;0;0;0;1;0;0;-38,568943;-3,796221
299998;6;11;2016;22:34;0;RD BR 116;;;10000;KM-10;Colisão;;;;Meio de Quadra;;;0;1;0;1;0;0;0;0;0;1;0;0;-38,503373;-3,834435
300000;6;11;2016;22:40;0;RUA CARLOS CAMARA;;;711;;Colisão;;;;Meio de Quadra;;;0;3;0;0;0;0;0;0;0;1;0;0;;
300001;6;11;2016;22:41;0;AV AUGUSTO DOS ANJOS;;;475;;Colisão;;;;Meio de Quadra;;;0;1;0;1;0;0;0;0;0;1;0;0;-38,572521;-3,772751
300002;6;11;2016;23:22;0;RUA ALBERTO MAGNO;;;;;Colisão;;;;Meio de Quadra;;;0;1;0;1;0;0;0;0;0;1;0;0;;
299994;6;11;2016;22:01;0;AV CEL CARVALHO;;;1276;;Queda;;;;Meio de Quadra;;;0;1;0;0;0;0;0;0;0;1;0;0;-38,588886;-3,713619
299990;6;11;2016;21:46;0;AV FRANCISCO SA;;;;;Colisão;;;;Meio de Quadra;;;0;2;0;0;0;0;0;0;0;1;0;0;;
299977;6;11;2016;20:14;10624;AV ROGACIANO LEITE;RUA ATILANO MOURA;;;;Colisão;;;;Cruz;Semáforo;Residencial;0;1;0;1;0;0;0;0;0;1;0;0;-38,492149;-3,759455
299979;6;11;2016;21:41;0;RUA PRO NOGUEIRA;;;88;;Atropelamento;;;;Meio de Quadra;;;0;1;0;0;0;0;0;0;0;0;0;0;-38,549888;-3,733135
299980;6;11;2016;21:44;0;AV CASTELO DE CASTRO;;;;;Queda;;;;Meio de Quadra;;;0;1;0;0;0;0;0;0;0;1;0;0;;
292328;6;11;2016;20:35;12440;AV AUGUSTO DOS ANJOS;ET PICI;;;;Colisão Lateral;Via Iluminada;Bom;Seca;Cruz;Pare;Comercial;0;0;2;1;0;0;0;0;0;1;0;0;-38,571749;-3,771936
292337;6;11;2016;20:00;0;RUA PRO GOMES BRASIL;;;;;;;Bom;Seca;Meio de Quadra;Não Há Controle;Comercial;0;0;2;1;0;0;0;0;0;0;0;0;;
292338;6;11;2016;20:40;0;AV JOSE JATAHY;;;1960;;Atropelamento;Via Iluminada;Bom;Seca;Meio de Quadra;;Residencial;0;1;1;1;0;0;0;0;0;0;0;0;-38,543724;-3,738302
292339;6;11;2016;18:50;23375;RUA JOAQUIM NABUCO;RUA CAP TIBURCIO DA FROTA;;;;Colisão Transversal;Luz do Dia;Bom;Seca;Cruz;Pare;Residencial;0;1;1;0;0;0;0;0;0;1;0;0;-38,507482;-3,75436
292326;6;11;2016;16:00;2356;RUA SEN ROBERT KENNEDY;RUA ESTEVAO DE CAMPOS;;;;Colisão Transversal;Luz do Dia;Bom;Seca;Cruz;Pare;Residencial;0;2;1;0;0;0;0;0;0;1;0;0;-38,579516;-3,705131
292334;6;11;2016;20:50;0;AV DA UNIVERSIDADE;;;2376;;Colisão Traseira;Via Iluminada;Bom;Seca;Meio de Quadra;Não Há Controle;Comercial;0;1;2;1;0;0;0;0;0;1;0;0;-38,536496;-3,738085
302494;6;11;2016;07:34;0;RUA CAP BRASIL;;;189;;Colisão Traseira;Luz do Dia;Bom;Seca;Meio de Quadra;Não Há Controle;Residencial;0;0;2;1;0;0;0;0;0;0;0;0;-38,58635;-3,736538
302495;6;11;2016;11:31;645;RUA COS GOUVEIA;RUA FRE TEOBALDO;;0;;Colisão Transversal;Luz do Dia;Bom;Seca;Cruz;Pare;Residencial;0;0;2;1;0;0;0;0;0;0;0;0;-38,56213;-3,716611
302496;6;11;2016;13:27;0;AV PRS COSTA E SILVA;;;1100;;Engavetamento;Luz do Dia;Bom;Não informada;Meio de Quadra;Semáforo;Residencial;0;0;3;1;0;0;0;0;0;0;0;0;-38,569842;-3,813921
302497;6;11;2016;12:34;0;RUA 15 DE NOVEMBRO;;;387;;Choque c/ Obstáculo Fixo;Luz do Dia;Bom;Seca;Meio de Quadra;Semáforo;Comercial;0;0;1;1;0;0;0;0;0;0;0;0;-38,556596;-3,768668
302498;6;11;2016;14:08;0;RUA JULIO BRAGA;;;1820;;Colisão Lateral;Luz do Dia;Bom;Seca;Meio de Quadra;Não Há Controle;Residencial;0;0;2;1;0;0;0;0;0;0;0;0;-38,586429;-3,773807
302499;6;11;2016;15:23;5418;RUA ASSUNCAO;RUA GAL CLARINDO DE QUEIROZ;;0;;Colisão Transversal;Luz do Dia;Bom;Seca;Cruz;Pare;Comercial;0;0;2;1;0;0;0;0;0;0;0;0;-38,528262;-3,733329
302500;6;11;2016;15:10;0;AV CESAR CALS;;;1331;;Atropelamento;Luz do Dia;Bom;Seca;Meio de Quadra;Pare;Lazer;0;1;1;1;0;1;0;0;0;0;0;0;-38,459966;-3,729465
302501;6;11;2016;18:38;0;AV VICENTE DE CASTRO;;;4521;;Colisão Traseira;Via Iluminada;Bom;Seca;Meio de Quadra;Não Há Controle;Comercial;0;0;2;0;0;0;0;1;0;0;0;0;;
302502;6;11;2016;19:00;0;AV L CJ JOSE WALTER;;;371;;Colisão Traseira;Via Iluminada;Bom;Seca;Meio de Quadra;Não Há Controle;Residencial;0;0;2;1;0;0;0;0;0;0;0;0;-38,5566;-3,827965
302503;6;11;2016;21:43;0;RUA AMERICO ROCHA LIMA;;;227;;Colisão Lateral;Mal Iluminada;Bom;Seca;Meio de Quadra;Não Há Controle;Residencial;0;0;2;1;0;0;0;0;0;0;0;0;-38,577066;-3,799152
302504;6;11;2016;20:00;18387;AV SGT HERMINIO SAMPAIO;AV OLAVO BILAC;;0;;Colisão Traseira;Via Iluminada;Bom;Seca;Meio de Quadra;Não Há Controle;Comercial;0;0;1;1;0;0;0;0;0;0;0;0;-38,56508;-3,727179
302505;6;11;2016;22:15;13736;AV ROGACIANO LEITE;RUA PINDORAMA;;;;Colisão Transversal;Via Iluminada;Bom;Seca;Cruz;Semáforo;Comercial;0;1;2;0;1;0;0;0;0;1;0;0;-38,498988;-3,773416
302516;6;11;2016;21:28;1658;RUA MON CATAO;RUA BENI DE CARVALHO;;0;;Colisão Lateral;Via Iluminada;Bom;Seca;Cruz;Não Há Controle;Residencial;0;0;2;0;0;0;0;0;0;0;0;0;-38,493113;-3,746618
292357;6;11;2016;08:00;0;AV JOSE BASTOS;;;1642;;Colisão Traseira;Luz do Dia;Bom;Seca;Meio de Quadra;Gesto;Comercial;0;0;2;1;1;0;0;0;0;0;0;0;;
292350;6;11;2016;02:30;19511;RUA CASIMIRO DE ABREU;RUA INGLATERRA;;;;Colisão Transversal;Via Iluminada;;;Cruz;Pare;Residencial;0;1;1;0;0;0;0;0;0;1;0;0;-38,562321;-3,781448
292362;7;11;2016;08:05;3820;AV CARAPINIMA;AV 13 DE MAIO;;;;Colisão Lateral;Luz do Dia;Bom;Seca;Cruz;Semáforo;Comercial;0;0;2;1;0;0;0;0;0;1;0;0;-38,540239;-3,740001
292364;7;11;2016;09:39;19693;RUA GAL PIRAGIBE;RUA GUSTAVO SAMPAIO;;;;Colisão Frontal;Luz do Dia;Bom;Seca;Cruz;Pare;Residencial;0;0;2;1;0;0;0;0;0;0;0;0;-38,558398;-3,735661
292365;7;11;2016;09:53;0;RUA ASSUNCAO;;;309;;Colisão Lateral;Luz do Dia;Bom;Seca;Meio de Quadra;Não Há Controle;Comercial;0;0;2;1;1;0;0;0;0;0;0;0;-38,527977;-3,732483
292355;7;11;2016;01:10;11285;RUA FRANCISCO GLICERIO;RUA CARLOS STUDART;;;;Colisão Lateral;Via Iluminada;Bom;Seca;Cruz;Pare;Comercial;0;1;1;0;0;0;0;0;0;1;0;0;-38,5689;-3,796234
292360;7;11;2016;13:40;5090;RUA GUILHERME ROCHA;RUA OTO DE ALENCAR;;;;Colisão Lateral;Luz do Dia;Bom;Seca;Cruz;Semáforo;Comercial;0;1;1;0;0;0;0;0;0;1;0;0;-38,540079;-3,723058
292352;7;11;2016;08:52;15782;RUA TAQUATIARA;RUA JAQUELINE;;;;Colisão Lateral;Luz do Dia;Bom;Seca;T;Pare;Residencial;0;0;2;1;0;0;0;0;0;0;0;0;-38,501547;-3,830501
292342;7;11;2016;06:30;0;AV ODILON GUIMARAES;;;1760;;Colisão Lateral;Luz do Dia;Bom;Seca;Outros;Outros;Comercial;0;0;2;0;1;0;0;0;0;0;0;0;-38,477283;-3,822535
292450;7;11;2016;06:00;12699;AV CEL CARVALHO;AV MAJ ASSIS;;;;Colisão Transversal;Luz do Dia;;;Cruz;Semáforo;Comercial;1;1;0;1;0;0;0;0;0;1;0;0;;
302517;7;11;2016;13:11;22036;RUA TIRADENTES;RUA CAP FRANCISCO PEDRO;;0;;Colisão Transversal;Luz do Dia;Bom;Seca;T;Pare;Residencial;0;0;2;1;1;0;0;0;0;0;0;0;-38,546446;-3,744485
302518;7;11;2016;14:54;21312;AV BEZERRA DE MENEZES;RUA JOSE SOMBRA;;0;;Colisão Traseira;Luz do Dia;Bom;Seca;T;Pare;Comercial;0;0;2;1;0;0;0;0;0;0;0;0;-38,547516;-3,73215
302519;7;11;2016;15:21;0;AV CEL CARVALHO;;;3136;;Colisão Traseira;Luz do Dia;Bom;Não informada;Com Via Férrea;Cancela;Residencial;0;0;2;1;0;0;0;0;0;0;0;0;-38,5846;-3,731406
302520;7;11;2016;14:40;0;AV ENG SANTANA JUNIOR;;;1199;;Colisão Lateral;Luz do Dia;Bom;Seca;Meio de Quadra;Não Há Controle;Comercial;0;0;2;1;0;0;0;0;0;0;0;0;-38,48354;-3,737987
302521;7;11;2016;15:02;15222;AV ABOLICAO;RUA BARBOSA DE FREITAS;;0;;Colisão Lateral;Luz do Dia;Bom;Seca;T;Semáforo;Comercial;0;1;2;1;0;0;0;0;0;0;0;0;-38,494317;-3,727149
302522;7;11;2016;18:22;12930;AV DOMINGOS OLIMPIO;RUA EUSEBIO DE SOUZA;;0;;Colisão Lateral;Via Iluminada;Bom;Seca;T;Semáforo;Comercial;0;0;2;1;1;0;0;0;0;0;0;0;-38,525362;-3,738402
302523;7;11;2016;17:22;5109;AV ALBERTO NEPOMUCENO;RUA DR JOAO MOREIRA;;0;;Engavetamento;Anoitecer;Bom;Seca;Cruz;Semáforo;Comercial;0;0;3;1;0;0;0;0;0;1;0;0;-38,524608;-3,723737
302524;7;11;2016;17:08;0;AV SANTOS DUMONT;;;2719;;Colisão Lateral;Via Iluminada;Bom;Seca;Meio de Quadra;Semáforo;Comercial;0;0;2;0;0;0;0;0;0;0;0;0;-38,500732;-3,735469
302525;7;11;2016;21:00;14341;AV PRS CASTELO BRANCO;RUA SEN POMPEU;;0;;Colisão Traseira;Via Iluminada;Bom;Seca;T;Não Há Controle;Comercial;0;0;2;1;0;0;0;0;0;0;0;0;-38,527917;-3,72107
302526;7;11;2016;22:30;5253;RUA POCINHO;RUA GOV SAMPAIO;;0;;Colisão Transversal;Via Iluminada;Bom;Seca;Cruz;Pare;Comercial;0;0;2;1;0;0;0;0;0;0;0;0;-38,524268;-3,72797
302527;7;11;2016;22:00;26252;RUA PERGENTINO MAIA;RUA ANTONIO BARROS;;0;;Colisão Transversal;Via Iluminada;Bom;Seca;Cruz;Pare;Residencial;0;1;3;1;0;0;0;0;0;0;0;0;;
302536;7;11;2016;14:23;0;AV PRS COSTA E SILVA;;;591;;Colisão Traseira;Luz do Dia;Bom;Seca;T;Semáforo;Residencial;0;0;2;1;0;0;0;0;0;0;0;0;;
302506;7;11;2016;06:30;0;RUA CESAR ROSSAS;;;244;;Colisão Traseira;Luz do Dia;Nublado;Seca;Meio de Quadra;Não Há Controle;Comercial;0;0;2;1;0;0;0;0;0;1;0;0;-38,553948;-3,768929
302507;7;11;2016;07:52;17908;RUA BANVAR BEZERRA;AV SGT HERMINIO SAMPAIO;;0;;Colisão Traseira;Luz do Dia;Bom;Seca;Cruz;Semáforo;Residencial;0;0;2;1;0;0;0;0;0;0;0;0;-38,580411;-3,731982
302508;7;11;2016;07:56;1378;RUA OSVALDO CRUZ (ALDEOTA);RUA DES LEITE ALBUQUERQUE;;0;;Colisão Transversal;Luz do Dia;Bom;Não informada;Cruz;Pare;Comercial;0;0;2;1;0;0;0;0;0;0;0;0;-38,50064;-3,736598
302509;7;11;2016;08:01;0;RUA MAL DEODORO;;;0;;Colisão Transversal;Luz do Dia;Bom;Seca;Meio de Quadra;Não Há Controle;Escola;0;1;1;1;0;0;0;0;0;1;0;0;;
302510;7;11;2016;09:00;3768;AV DOMINGOS OLIMPIO;AV TRISTAO GONCALVES;;0;;Colisão Traseira;Luz do Dia;Bom;Seca;Cruz;Semáforo;Comercial;0;0;2;1;0;0;0;0;0;1;0;0;-38,535613;-3,735133
302512;7;11;2016;10:05;0;AV DEP PAULINO ROCHA;;;1001;;Colisão Traseira;Luz do Dia;Bom;Seca;Meio de Quadra;Não Há Controle;Residencial;0;0;2;1;0;0;0;0;0;0;0;0;;
302513;7;11;2016;09:35;25144;RUA PRO HERIBALDO COSTA;RUA CEL MATOS DOURADO;;0;;Colisão Transversal;Luz do Dia;Bom;Seca;Outros;Pare;Comercial;0;0;2;1;0;0;0;0;0;0;0;0;-38,582309;-3,753427
302514;7;11;2016;10:44;0;RUA PDE VALDEVINO;;;2630;;Colisão Traseira;Luz do Dia;Bom;Seca;Meio de Quadra;Não Há Controle;Comercial;0;0;3;1;0;0;0;0;0;0;0;0;-38,50207;-3,74371
302515;7;11;2016;11:00;0;AV AGUANAMBI;;;0;ROTATÓRIA;Colisão Lateral;Luz do Dia;Bom;Seca;Rotatória;Semáforo;Comercial;0;0;2;1;0;0;0;1;0;0;0;0;;
302602;7;11;2016;14:00;7645;RUA ESTADO DO RIO;RUA PERNAMBUCO;;;;Colisão Lateral;Luz do Dia;Bom;Seca;Cruz;Pare;Residencial;0;1;1;0;0;0;0;0;0;1;0;0;-38,570848;-3,758439
292335;7;11;2016;16:20;13771;RUA LUIZA MIRANDA COELHO;AV PINTO BANDEIRA D56;;;;Colisão Transversal;Luz do Dia;Bom;Seca;Cruz;Pare;Comercial;0;0;2;1;0;0;0;0;0;0;0;0;-38,487283;-3,774929
292327;7;11;2016;22:20;15227;AV ABOLICAO;AV DES MOREIRA;;;;Colisão Lateral;Via Iluminada;Bom;Seca;Cruz;Semáforo;Comercial;0;0;2;1;0;0;0;0;0;1;0;0;-38,495474;-3,727331
292329;7;11;2016;15:04;0;AV PRS COSTA E SILVA;;;1347;;Colisão Lateral;Luz do Dia;Bom;Seca;Meio de Quadra;Não Há Controle;Residencial;0;0;2;0;0;0;1;0;0;0;0;0;;
292330;7;11;2016;06:00;12699;AV CEL CARVALHO;AV MAJ ASSIS;;;;Colisão Transversal;Luz do Dia;Bom;Seca;Cruz;Semáforo;Comercial;1;0;1;0;1;0;0;0;0;1;0;0;-38,586255;-3,723796
292331;7;11;2016;13:00;15170;AV ABOLICAO;RUA JOSE VILAR;;;;Colisão Transversal;Luz do Dia;Bom;Seca;Cruz;Pare;Residencial;0;0;2;0;1;0;0;0;0;0;0;0;-38,501373;-3,725435
292332;7;11;2016;10:40;0;AV FRANCISCO SA;;;5928;;Choque c/ Obstáculo Fixo;Luz do Dia;Bom;Seca;Meio de Quadra;Não Há Controle;Comercial;0;0;1;1;0;0;0;0;0;0;0;0;-38,57776;-3,710423
292333;7;11;2016;11:30;0;AV DIOGUINHO;;;1308;;Colisão Traseira;Luz do Dia;Bom;Seca;Meio de Quadra;Não Há Controle;Residencial;0;0;2;0;0;0;0;0;0;0;0;0;;
292323;7;11;2016;18:30;0;AV FRANCISCO SA;;;3843;;Colisão Lateral;Via Iluminada;Bom;Seca;Meio de Quadra;Não Há Controle;Comercial;0;0;2;1;1;0;0;0;0;0;0;0;-38,559345;-3,716736
292324;7;11;2016;10:52;0;RUA PDE VALDEVINO;;;2121;;Colisão Traseira;Luz do Dia;Bom;Seca;Meio de Quadra;Semáforo;Residencial;0;0;2;1;0;0;0;0;0;0;0;0;-38,506045;-3,742526
300003;7;11;2016;00:04;0;AV PRS CASTELO BRANCO;;;80;;Colisão;;;;Meio de Quadra;;;0;1;0;0;0;0;0;0;0;1;0;0;;
300016;7;11;2016;09:18;0;AV DR THEBERGE;;;1168;;Colisão;Luz do Dia;;;Meio de Quadra;;;0;2;0;1;0;0;0;0;0;1;0;0;-38,564407;-3,713004
300012;7;11;2016;07:45;0;AV JOSE BASTOS;;;;;Atropelamento;Luz do Dia;;;Meio de Quadra;;;0;1;0;0;0;0;0;0;0;1;0;0;;
300007;7;11;2016;06:21;9077;AV AGUANAMBI;RUA BONFIM SOBRINHO;;;;Colisão Lateral;Luz do Dia;Bom;Molhada;Cruz;Não Há Controle;Comercial;0;0;5;1;0;0;0;0;0;0;0;0;-38,523551;-3,751039
300008;7;11;2016;07:02;0;AV JOVITA FEITOSA;;;186;;Colisão;Luz do Dia;;;Meio de Quadra;;;0;1;0;0;0;0;0;0;0;1;0;0;-38,545574;-3,737603
300032;7;11;2016;11:02;0;RUA MIN ALBUQUERQUE LIMA;;;895;;Colisão;Luz do Dia;;;Meio de Quadra;;;0;2;0;0;0;0;0;0;0;0;0;0;;
300029;7;11;2016;09:38;0;AV MR HULL;;;;;Colisão;Luz do Dia;;;Meio de Quadra;;;0;1;0;1;0;0;0;0;0;1;0;0;;
300014;7;11;2016;08:46;15347;AV DOM LUIS;RUA TIBURCIO CAVALCANTE;;1010;;Colisão Lateral;Luz do Dia;Bom;Seca;T;Semáforo;Comercial;0;1;2;1;1;0;0;0;0;0;0;0;-38,501313;-3,732021
300082;7;11;2016;18:22;0;AV JOR JOAO RAMOS;;;580;;Queda;Anoitecer;;;Meio de Quadra;;;0;1;0;0;0;0;0;0;0;1;0;0;;
300074;7;11;2016;17:50;0;RUA CACILDA BECKER;;;439;;Atropelamento;Anoitecer;;;Meio de Quadra;;;0;1;0;0;0;0;0;0;0;1;0;0;-38,588885;-3,77187
300066;7;11;2016;16:27;0;RUA TARCISIO PEIXOTO;;;1041;;Queda;Luz do Dia;;;Meio de Quadra;;;0;1;0;0;0;0;0;0;0;1;0;0;-38,586212;-3,749831
300076;7;11;2016;17:58;0;AV FRE CIRILO;;;;;Colisão;Anoitecer;;;Meio de Quadra;;;0;1;0;0;0;0;0;0;0;0;0;0;;
300042;7;11;2016;11:41;0;RUA GAL SAMPAIO;;;417;;Atropelamento;Luz do Dia;;;Meio de Quadra;;;0;1;0;0;0;0;0;0;0;1;0;0;-38,529443;-3,722314
300078;7;11;2016;17:58;25708;RUA ATILANO MOURA;RUA PRO JACINTO BOTELHO;;320;;Colisão Transversal;Via Iluminada;Bom;Seca;Cruz;Pare;Residencial;0;0;4;1;0;0;0;0;0;0;0;0;-38,490491;-3,761244
300062;7;11;2016;15:18;17306;RUA ALM RUFINO;AV JOSE DO PATROCINIO;;1158;;Colisão Transversal;Luz do Dia;Bom;Seca;Duplo T;Pare;Comercial;0;1;1;0;0;0;0;0;0;1;0;0;-38,545044;-3,764152
300064;7;11;2016;16:18;0;RUA PRC ISABEL;;;3224;;Colisão;Luz do Dia;;;Meio de Quadra;;;0;1;0;0;0;0;0;0;0;1;0;0;;
300068;7;11;2016;17:15;0;RUA SAO JOSE D03;;;126;;Colisão;Anoitecer;;;Meio de Quadra;;;0;1;0;1;0;0;0;0;0;1;0;0;-38,523656;-3,726515
300069;7;11;2016;17:37;0;RUA STA ELISA D21;;;1147;;Atropelamento;Anoitecer;;;Meio de Quadra;;;0;1;0;0;0;0;0;0;0;1;0;0;-38,562574;-3,70533
300070;7;11;2016;17:41;0;AV MR HULL;;;;;Colisão;Anoitecer;;;Meio de Quadra;;;0;1;0;0;0;0;0;0;0;1;0;0;;
300071;7;11;2016;17:42;0;AV COSTA OESTE;;;1119;;Atropelamento;Anoitecer;;;Meio de Quadra;;;0;1;0;0;0;0;0;0;0;0;0;0;;
300104;7;11;2016;18:45;0;RUA PRC ISABEL;;;441;;Colisão;;;;Meio de Quadra;;;0;1;0;1;1;0;0;0;0;0;0;0;;
300105;7;11;2016;19:04;0;AV DOM MANUEL;;;909;;Colisão;;;;Meio de Quadra;;;0;1;0;1;0;0;0;0;0;1;0;0;-38,522267;-3,731934
300106;7;11;2016;19:08;0;RUA CEL VIRGILIO NOGUEIRA (BOM JARDIM);;;24;;Colisão;;;;Meio de Quadra;;;0;1;0;1;0;0;0;0;0;1;0;0;;
300107;7;11;2016;20:03;0;RUA BERNARDO MANUEL;;;8600;;Colisão;;;;Meio de Quadra;;;0;1;0;0;0;0;0;0;0;0;0;0;-38,550345;-3,795196
300108;7;11;2016;20:30;0;AV ANTONIO SALES;;;854;;Colisão;;;;Meio de Quadra;;;0;1;0;1;0;0;0;0;0;1;0;0;-38,514107;-3,741825
300109;7;11;2016;21:06;0;RUA SAO FRANCISCO D34;;;435;;Colisão;;;;Meio de Quadra;;;0;1;0;0;0;0;0;0;0;0;0;0;-38,590194;-3,78402
300111;7;11;2016;22:22;12440;ET PICI;AV AUGUSTO DOS ANJOS;;;;Colisão;;;;Cruz;Pare;Comercial;0;1;0;1;0;0;0;0;0;1;0;0;-38,571749;-3,771936
300112;7;11;2016;22:47;0;AV GOV RAUL BARBOSA;;;7492;;Colisão Traseira;Via Iluminada;Bom;Seca;Meio de Quadra;Não Há Controle;Residencial;0;0;4;1;0;0;0;0;0;1;0;0;-38,513274;-3,776718
300113;7;11;2016;23:58;0;RUA CAIO CARLOS;;;20;;Atropelamento;;;;Meio de Quadra;;;0;1;0;1;0;0;0;0;0;0;0;0;-38,541621;-3,738058
299802;7;11;2016;11:00;0;RD CE-040;;;;KM-02;Colisão;Luz do Dia;Bom;Seca;Meio de Quadra;;;0;0;2;1;0;0;0;0;0;1;0;0;-38,482583;-3,76465
292878;7;11;2016;20:30;0;AV ANTONIO SALES;;;838;;Colisão Traseira;Via Iluminada;Bom;Seca;Meio de Quadra;Não Há Controle;Comercial;0;0;2;1;0;0;0;0;0;1;0;0;-38,514249;-3,741777
292883;7;11;2016;13:01;0;AV PRS COSTA E SILVA;;;1347;;Tombamento;Luz do Dia;Bom;Seca;Meio de Quadra;Não Há Controle;Residencial;0;1;0;0;0;0;0;0;0;0;0;0;;
296166;7;11;2016;08:45;0;RD BR 116;;;13000;KM-13;Choque c/ Obstáculo Fixo;Luz do Dia;;;Meio de Quadra;;;0;1;0;0;0;0;0;0;0;1;0;0;-38,497727;-3,86467
296167;7;11;2016;13:20;0;RD BR 116;;;10000;KM-10;Colisão Traseira;Luz do Dia;;;Meio de Quadra;;;0;0;2;1;0;0;0;0;0;0;0;0;-38,503373;-3,834435
296164;7;11;2016;07:40;0;RD BR 116;;;11000;KM-11;Colisão Traseira;Luz do Dia;;;Meio de Quadra;;;0;1;1;1;0;0;0;0;0;1;0;0;-38,497176;-3,84716
296162;7;11;2016;07:20;0;RD BR 116;;;2000;KM-02;Colisão Traseira;Luz do Dia;;;Meio de Quadra;;;0;0;4;1;0;0;0;0;0;0;0;0;-38,51678;-3,771391
294626;7;11;2016;11:00;15357;RUA PEREIRA VALENTE;RUA LEONARDO MOTA;;;;Colisão Transversal;Luz do Dia;;;Cruz;Pare;Residencial;0;1;2;1;0;0;0;0;0;0;0;0;-38,495134;-3,732885
294631;7;11;2016;18:15;10935;RUA BAR CANINDE;RUA ELCIAS LOPES;;;;Colisão Lateral;Luz do Dia;Bom;Seca;Cruz;Pare;Residencial;0;0;4;1;1;0;0;0;0;0;0;0;-38,557426;-3,770473