COD_ACIDENTE;DIA;MES;ANO;HORA;INTERSECAO;LOG1;LOG2;LOG3;NUMERO;REFERENCIA;NATUREZA;ILUMINACAO;TEMPO;SUPERFICIEPISTA;TIPOCRUZAMENTO;CONTROLETRAFEGO;USOSOLO;MORTOS;FERIDOS;ILESOS;AUTOMOVEL;ONIBUS;BICICLETA;CAMINHAO;MICROONIBUS;CICLOMOTOR;MOTOCICLETA;TRACAOANIMAL;TREM;LONG;LAT
294634;7;11;2016;09:15;25648;RUA FRE ODILON;RUA EDGAR FALCAO;;;;Colisão;Luz do Dia;;;Cruz;Pare;Residencial;0;1;1;1;0;0;0;0;0;1;0;0;-38,572629;-3,732485
294641;8;11;2016;19:25;0;AV TRAIRA;;;333;;Colisão;;;;Meio de Quadra;;;0;1;1;0;0;0;0;0;0;0;0;0;;
294642;8;11;2016;10:10;5692;AV DES GONZAGA;RUA MARGARIDA DE QUEIROZ;;;;Colisão Lateral;Luz do Dia;Bom;Seca;Cruz;Pare;Comercial;0;0;5;1;0;0;0;0;0;0;0;0;-38,501753;-3,793168
296176;8;11;2016;09:20;0;RD BR 116;;;3000;KM-03;Colisão Traseira;Luz do Dia;;;Meio de Quadra;;;0;1;1;0;0;0;0;0;0;1;0;0;-38,514372;-3,779838
296178;8;11;2016;18:30;0;RD BR 116;;;10000;KM-10;Colisão Traseira;Anoitecer;;;Meio de Quadra;;;0;1;1;0;0;0;0;0;0;1;0;0;-38,503373;-3,834435
299804;8;11;2016;18:40;0;RD CE-040;;;3727;KM-05;Colisão;;Bom;Seca;Meio de Quadra;;;0;1;1;1;0;0;0;0;0;1;0;0;-38,480331;-3,791613
299805;8;11;2016;20:20;0;RD CE-040;;;;KM-03;Colisão;;Bom;Seca;Meio de Quadra;;;0;0;2;1;0;0;0;0;0;1;0;0;-38,481799;-3,773616
300114;8;11;2016;00:37;9131;AV LUCIANO CARNEIRO;AV 13 DE MAIO;;;;Colisão;;;;;;;0;1;0;0;0;0;0;0;0;0;0;0;-38,531331;-3,747615
300157;8;11;2016;04:04;0;AV I CJ CEARA;;;1427;;Colisão;;;;Meio de Quadra;;;0;1;0;0;0;0;0;0;0;0;0;0;-38,600309;-3,773144
300168;8;11;2016;05:14;0;AV GOV RAUL BARBOSA;;;6572;;Colisão;Amanhecer;;;Meio de Quadra;;;0;1;0;1;0;0;0;0;0;1;0;0;-38,511488;-3,771749
300190;8;11;2016;07:55;0;AV 13 DE MAIO;;;1116;;Colisão;Luz do Dia;;;Meio de Quadra;;;0;2;0;0;0;0;0;0;0;1;0;0;-38,529075;-3,749541
300199;8;11;2016;08:22;0;AV 13 DE MAIO;;;1331;;Queda;Luz do Dia;;;Meio de Quadra;;;0;1;0;0;0;0;0;0;0;1;0;0;-38,530677;-3,748174
300194;8;11;2016;08:11;0;AV JOSE BASTOS;;;3950;;Colisão;Luz do Dia;;;Meio de Quadra;;;0;1;0;0;0;0;0;0;0;0;0;0;-38,553342;-3,75288
300197;8;11;2016;08:11;0;AV JOVITA FEITOSA;;;2230;;Queda;Luz do Dia;;;Meio de Quadra;;;0;1;0;0;0;0;0;0;0;1;0;0;-38,557564;-3,740065
300185;8;11;2016;07:39;3356;AV ENG HUMBERTO MONTE;RUA MAJ PEDRO SAMPAIO;;;;Colisão;Luz do Dia;;;Cruz;Pare;Comercial;0;1;0;1;0;0;0;0;0;1;0;0;-38,558609;-3,751481
300186;8;11;2016;07:47;0;RUA LIBERATO BARROSO;;;793;;Atropelamento;Luz do Dia;;;Meio de Quadra;;;0;1;0;0;0;0;0;0;0;1;0;0;-38,534335;-3,726486
300180;8;11;2016;06:14;0;AV FILOMENO GOMES;;;742;;Queda;Luz do Dia;;;Meio de Quadra;;;0;1;0;0;0;0;0;0;0;1;0;0;-38,541211;-3,721458
300181;8;11;2016;06:40;0;RUA ILDEFONSO ALBANO;;;3052;;Queda;Luz do Dia;;;Meio de Quadra;;;0;1;0;0;0;0;0;0;0;1;0;0;-38,517972;-3,747803
300182;8;11;2016;07:06;8009;RUA DELMIRO FARIAS;RUA CARLOS CAMARA;;;;Colisão;Luz do Dia;;;Cruz;Pare;Comercial;0;1;0;0;0;0;0;0;0;1;0;0;-38,54668;-3,751026
300183;8;11;2016;07:13;0;AV GOV PARSIFAL BARROSO;RUA 3 (SAO GERARDO);;;;Queda;Não Informado;Chuva;Molhada;Meio de Quadra;Semáforo;Comercial;0;1;3;0;0;0;0;0;0;1;0;0;;
300177;8;11;2016;05:32;0;AV BEIRA MAR;;;;;Queda;Amanhecer;;;Meio de Quadra;;;0;1;0;0;0;1;0;0;0;0;0;0;;
300178;8;11;2016;06:13;17390;RUA ELVIRA PINHO;RUA ALM RUBIM;;;;Colisão;Luz do Dia;;;Cruz;Pare;Residencial;0;1;0;0;0;0;0;0;0;0;0;0;-38,555324;-3,76726
300245;8;11;2016;18:35;0;AV PRS CASTELO BRANCO;;;;;Colisão;;;;Meio de Quadra;;;0;1;0;1;0;0;0;0;0;1;0;0;;
300271;8;11;2016;22:04;0;RUA CON DE CASTRO;;;8726;;Colisão;;;;Meio de Quadra;;;0;1;0;0;0;0;0;0;0;0;0;0;-38,60423;-3,821366
300265;8;11;2016;22:04;0;RUA CON DE CASTRO;;;8624;;Colisão;;;;Meio de Quadra;;;0;1;0;1;0;0;0;0;0;1;0;0;;
300256;8;11;2016;20:06;0;RUA PRO PAULO LOPES;;;250;;Queda;;;;Meio de Quadra;;;0;1;0;0;0;0;0;0;0;1;0;0;-38,584661;-3,757047
300258;8;11;2016;20:12;0;AV VIS RIO BRANCO;;;1330;;Colisão;;;;Meio de Quadra;;;0;1;0;1;0;0;0;0;0;1;0;0;-38,524796;-3,732538
300254;8;11;2016;19:32;0;AV PRS CASTELO BRANCO;;;2901;;Colisão;;;;Meio de Quadra;;;0;1;0;1;0;0;0;0;0;1;0;0;-38,553879;-3,712197
300241;8;11;2016;18:10;0;RUA DES GOMES PARENTE;;;1210;;Colisão;Anoitecer;;;Meio de Quadra;;;0;1;0;0;0;0;0;0;0;0;0;0;-38,580654;-3,772336
300239;8;11;2016;17:10;0;RUA COSTA BARROS;;;833;;Colisão;Anoitecer;;;Meio de Quadra;;;0;1;0;1;0;0;0;0;0;1;0;0;-38,516408;-3,72878
300229;8;11;2016;14:26;0;RUA OTO DE ALENCAR;;;215;;Queda;Luz do Dia;;;Meio de Quadra;;;0;1;0;0;0;0;0;0;0;1;0;0;-38,5406;-3,724436
300230;8;11;2016;14:35;0;AV DEP PAULINO ROCHA;;;1001;;Colisão Traseira;Luz do Dia;Bom;Seca;Não Informado;Não Há Controle;Residencial;0;1;3;1;0;0;0;0;0;1;0;0;;
300231;8;11;2016;14:47;0;RUA JULIO BRAGA;;;1954;;Colisão;Luz do Dia;;;Meio de Quadra;;;0;1;0;1;0;0;0;0;0;1;0;0;-38,586958;-3,773933
300234;8;11;2016;14:51;0;RUA GOV SAMPAIO;;;184;;Atropelamento;Luz do Dia;;;Meio de Quadra;;;0;1;0;0;0;0;0;0;0;1;0;0;;
300235;8;11;2016;15:01;0;AV GAL OSORIO DE PAIVA;;;4800;;Colisão;Luz do Dia;;;Meio de Quadra;;;0;1;0;0;0;0;0;0;0;0;0;0;-38,598379;-3,800921
300236;8;11;2016;15:32;5415;RUA GAL CLARINDO DE QUEIROZ;RUA FLORIANO PEIXOTO;;;;Colisão;Luz do Dia;;;Cruz;Pare;Comercial;0;2;0;0;0;0;0;0;0;1;0;0;-38,529027;-3,733049
300237;8;11;2016;16:52;0;AV ENG SANTANA JUNIOR;;;180;;Colisão;Luz do Dia;;;Meio de Quadra;;;0;1;0;1;0;0;0;0;0;1;0;0;-38,479068;-3,730866
300225;8;11;2016;12:54;0;RUA HUGO VITOR;;;730;;Queda;Luz do Dia;;;Meio de Quadra;;;0;1;0;0;0;0;0;0;0;1;0;0;;
300226;8;11;2016;14:06;23340;RUA JOAQUIM NABUCO;RUA EDUARDO BEZERRA;;3205;;Colisão Lateral;Luz do Dia;Bom;Seca;Cruz;Pare;Residencial;0;1;4;1;0;0;0;0;0;0;0;0;-38,507115;-3,753238
300227;8;11;2016;14:09;0;RUA EMILIA GONCALVES;;;549;;Atropelamento;Luz do Dia;;;Meio de Quadra;;;0;1;0;0;0;0;0;0;0;1;0;0;;
300214;8;11;2016;08:29;0;RUA JULIO CESAR D12;;;237;;Colisão;Luz do Dia;;;Meio de Quadra;;;0;1;0;1;0;0;0;0;0;1;0;0;-38,5399;-3,746804
300217;8;11;2016;08:30;0;AV PRS CASTELO BRANCO;;;5374;;Atropelamento;Luz do Dia;;;Meio de Quadra;;;0;1;0;0;0;0;0;0;0;1;0;0;-38,579594;-3,703861
300218;8;11;2016;09:33;0;RUA JULIO GASPAR;;;715;;Colisão;Luz do Dia;;;Meio de Quadra;;;0;1;0;0;0;0;0;0;0;1;0;0;-38,561623;-3,783691
300219;8;11;2016;10:11;0;AV A CJ CEARA;;;698;;Colisão;Luz do Dia;;;Meio de Quadra;;;0;1;0;1;0;0;0;0;0;1;0;0;;
300220;8;11;2016;10:33;0;RUA FREDERICO BORGES;;;855;;Atropelamento;Luz do Dia;;;Meio de Quadra;;;0;1;0;1;0;0;0;0;0;0;0;0;-38,489108;-3,736425
300221;8;11;2016;11:29;0;RUA 129 CJ CEARA;;;146;;Colisão;Luz do Dia;;;Meio de Quadra;;;0;1;0;0;0;0;0;0;0;0;0;0;;
300222;8;11;2016;11:55;2328;AV FRANCISCO SA;AV CEL CARVALHO;;;;Colisão;Luz do Dia;;;Cruz;Pare;Comercial;0;1;0;1;0;0;0;0;0;1;0;0;-38,591542;-3,703499
300223;8;11;2016;12:26;0;RUA PEDRO MELO;;;707;;Colisão;Luz do Dia;;;Meio de Quadra;;;0;1;0;1;0;0;0;0;0;1;0;0;;
302544;8;11;2016;20:12;10807;RUA AUDISIO PINHEIRO;RUA PORTO VELHO;;;;Colisão Transversal;Via Iluminada;Bom;Seca;Cruz;Pare;Residencial;0;1;1;1;0;0;0;0;0;1;0;0;-38,59149;-3,76357
302545;8;11;2016;18:50;0;AV DOM LUIS;;;0;;Colisão Lateral;Via Iluminada;Bom;Seca;Meio de Quadra;Não Há Controle;Comercial;0;0;2;0;1;0;0;0;0;0;0;0;;
302546;8;11;2016;20:10;0;AV PRS COSTA E SILVA;;;1726;;Colisão Lateral;Via Iluminada;Bom;Seca;Meio de Quadra;Não Há Controle;Comercial;0;0;1;1;0;0;0;0;0;0;0;0;-38,56614;-3,817247
302547;8;11;2016;21:07;0;AV ENG AGRONOMO JOSE GUIMARAES DUQUE;;;0;;Colisão Frontal;Via Iluminada;Bom;Seca;Meio de Quadra;Não Há Controle;Residencial;0;1;3;1;0;0;0;0;0;0;0;0;;
302537;8;11;2016;14:53;0;AV PRS CASTELO BRANCO;;;3588;;Colisão Lateral;Luz do Dia;Bom;Seca;Meio de Quadra;Não Há Controle;Residencial;0;0;2;1;0;0;0;0;0;0;0;0;-38,564078;-3,709877
302538;8;11;2016;15:44;0;AV ABOLICAO;;;2208;;Colisão Lateral;Luz do Dia;Bom;Seca;Meio de Quadra;Pare;Comercial;0;0;2;1;0;0;0;0;0;0;0;0;-38,499222;-3,726124
302539;8;11;2016;16:04;0;RUA CARLOS AMORA;RUA PEDRO II;;0;;Colisão Lateral;Luz do Dia;Bom;Seca;Cruz;Não Há Controle;Comercial;0;0;2;0;1;0;0;0;0;1;0;0;;
302540;8;11;2016;14:51;0;RUA ELISEU VIANA;RUA JULIO CESAR D12;;0;;Colisão Transversal;Luz do Dia;Bom;Seca;T;Pare;Residencial;0;0;1;1;0;0;0;0;0;1;0;0;;
302541;8;11;2016;14:30;19678;RUA GUSTAVO SAMPAIO;RUA COS VIEIRA DA SILVA;;0;;Colisão Transversal;Luz do Dia;Bom;Seca;Cruz;Pare;Comercial;0;0;2;1;0;0;0;0;0;0;0;0;-38,555148;-3,734991
302542;8;11;2016;17:21;23716;RUA COSTA FREIRE;RUA ARRUDA CAMARA;;0;;Colisão Lateral;Luz do Dia;Bom;Seca;Cruz;Pare;Residencial;0;0;2;1;0;0;0;0;0;0;0;0;-38,582846;-3,790225
302528;8;11;2016;06:32;0;AV GOV RAUL BARBOSA;;;6570;;Colisão Lateral;Luz do Dia;Nublado;Seca;Meio de Quadra;Não Há Controle;Residencial;0;1;1;1;0;0;0;0;0;1;0;0;-38,51147;-3,771732
302529;8;11;2016;08:59;15364;RUA FRE MANSUETO;RUA REPUBLICA DO LIBANO;;0;;Colisão Lateral;Luz do Dia;Chuva;Molhada;Cruz;Pare;Comercial;0;1;1;1;0;0;0;0;0;1;0;0;-38,488729;-3,733732
302530;8;11;2016;09:16;9072;AV PONTES VIEIRA;AV VIS RIO BRANCO;;0;;Colisão Traseira;Luz do Dia;Bom;Seca;Cruz;Semáforo;Comercial;0;0;2;1;0;0;0;0;0;0;0;0;-38,520486;-3,753544
302531;8;11;2016;09:29;24987;AV ALM HENRIQUE SABOIA;AV ANTONIO SALES;;0;;Colisão Traseira;Luz do Dia;Chuva;Molhada;Meio de Quadra;Não Há Controle;Comercial;0;0;7;1;0;0;0;0;0;0;0;0;-38,492911;-3,748334
302532;8;11;2016;10:32;7895;RUA VICENTE LEITE;RUA ISRAEL BEZERRA;;0;;Colisão Traseira;Luz do Dia;Bom;Seca;Cruz;Pare;Residencial;0;0;2;1;0;0;0;0;0;0;0;0;-38,499075;-3,748584
302533;8;11;2016;10:37;0;AV PRS COSTA E SILVA;;;761;;Colisão Traseira;Luz do Dia;Bom;Seca;Meio de Quadra;Não Há Controle;Comercial;0;0;2;1;0;0;0;0;0;0;0;0;-38,572833;-3,812447
302534;8;11;2016;13:28;0;AV IMPERADOR;;;545;;Colisão Traseira;Luz do Dia;Bom;Seca;Meio de Quadra;Não Há Controle;Comercial;0;0;2;1;0;0;0;0;0;0;0;0;-38,534;-3,725657
302535;8;11;2016;14:00;18510;RUA TEN MARQUES;RUA MEXICO;;0;;Colisão Transversal;Luz do Dia;Bom;Seca;Cruz;Pare;Residencial;0;0;2;1;0;0;0;0;0;0;0;0;-38,573257;-3,734792
292457;8;11;2016;01:30;11768;AV PRS CASTELO BRANCO;AV FILOMENO GOMES;;;;Choque c/ Obstáculo Fixo;Via Iluminada;Nublado;Seca;Duplo T;Semáforo;Comercial;0;0;1;0;0;0;0;0;0;0;0;0;-38,541982;-3,715542
292458;8;11;2016;20:30;0;AV JOSE BASTOS;;;3786;;Outros;Via Iluminada;Bom;Seca;Meio de Quadra;Pare;Comercial;0;0;4;1;0;0;0;0;0;1;0;0;-38,552047;-3,751593
292463;8;11;2016;15:10;5399;AV VIS RIO BRANCO;RUA PEDRO I;;;;Colisão Lateral;Luz do Dia;Bom;Seca;Cruz;Pare;Comercial;0;0;2;0;1;0;0;0;0;0;0;0;-38,524814;-3,732458
292466;8;11;2016;14:42;10935;RUA BAR CANINDE;RUA ELCIAS LOPES;;;;Colisão Lateral;Luz do Dia;Bom;Seca;Cruz;Pare;Comercial;0;1;1;1;0;0;0;0;0;0;0;0;-38,557426;-3,770473
292468;8;11;2016;22:20;5394;RUA METON DE ALENCAR;AV TRISTAO GONCALVES;;;;Colisão Lateral;;Bom;Seca;Cruz;Semáforo Intermitente;Comercial;0;1;1;0;0;0;0;0;0;1;0;0;-38,534777;-3,732327
292470;8;11;2016;15:55;22353;AV BEZERRA DE MENEZES;AV OLAVO BILAC;;;;Colisão Traseira;;Bom;Seca;Cruz;;Comercial;0;1;1;0;0;0;0;0;0;1;0;0;-38,564151;-3,735601
292473;8;11;2016;10:00;9132;AV 13 DE MAIO;RUA JAIME BENEVOLO;;;;Colisão Transversal;Luz do Dia;Bom;Seca;Cruz;Semáforo;Comercial;0;0;2;1;0;0;0;0;0;0;0;0;-38,530741;-3,748122
292477;8;11;2016;10:39;9132;AV 13 DE MAIO;RUA JAIME BENEVOLO;;;;Colisão Lateral;Luz do Dia;Bom;Seca;Cruz;Semáforo;Comercial;0;0;2;1;0;0;0;0;0;0;0;0;-38,530741;-3,748122
292481;8;11;2016;15:40;5228;RUA VIS SABOIA;RUA GOV SAMPAIO;;;;Choque c/ Obstáculo Fixo;;Bom;Seca;Cruz;Não Há Controle;Comercial;0;1;1;0;0;0;0;0;0;1;0;0;-38,524382;-3,727076
292353;8;11;2016;21:50;0;AV EDILSON B SOARES;;;;;Choque c/ Obstáculo Fixo;Via Iluminada;Bom;Seca;Meio de Quadra;Pare;Residencial;0;0;2;1;0;0;0;0;0;0;0;0;;
292349;8;11;2016;07:45;19669;RUA PRO RAIMUNDO ARRUDA;RUA GUSTAVO SAMPAIO;;;;Colisão;Luz do Dia;Chuva;Molhada;Cruz;Não Há Controle;Residencial;0;0;2;1;0;0;0;0;0;1;0;0;-38,551915;-3,734328
292361;8;11;2016;20:00;0;AV PRS CASTELO BRANCO;;;;;Choque c/ Obstáculo Fixo;;Bom;Seca;Meio de Quadra;;Comercial;0;0;2;1;0;0;0;0;0;0;0;0;;
292358;8;11;2016;17:00;13396;RUA JOAO BRIGIDO;RUA BAR ARACATI;;;;Colisão Lateral;Luz do Dia;Bom;Seca;Cruz;Pare;Residencial;0;0;2;1;0;0;0;0;0;0;0;0;-38,514697;-3,740939
292359;8;11;2016;13:40;0;AV DES MOREIRA;;;2760;;Colisão Traseira;Luz do Dia;Bom;Seca;Meio de Quadra;Semáforo;Residencial;0;0;2;1;0;0;0;0;0;0;0;0;-38,502754;-3,750024
292389;9;11;2016;17:20;2378;AV FRANCISCO SA;RUA 01 UI 901;;;;Colisão Lateral;Anoitecer;;;T;Não Há Controle;Residencial;0;1;1;1;0;1;0;0;0;0;0;0;-38,587394;-3,705552
292393;9;11;2016;08:40;0;RUA PDE MORORO;;;1259;;Colisão Lateral;Luz do Dia;;;Meio de Quadra;;;0;0;2;1;0;0;0;0;0;0;0;0;-38,538162;-3,727704
292397;9;11;2016;03:50;0;RUA FRANKLIN TAVORA;;;742;;Choque c/ Obstáculo Fixo;;;;Meio de Quadra;;;0;0;1;1;0;0;0;0;0;0;0;0;-38,517806;-3,731086
292400;9;11;2016;11:15;0;RUA CEL MATOS DOURADO;;;160;;Colisão Lateral;Luz do Dia;;;Meio de Quadra;;;0;0;2;1;0;0;0;0;0;0;0;0;;
292402;9;11;2016;09:28;0;AV ALBERTO CRAVEIRO;;;2571;;Engavetamento;Luz do Dia;;;Meio de Quadra;;;0;0;3;1;0;0;1;0;0;0;0;0;-38,521176;-3,802757
292421;9;11;2016;11:18;5352;AV DOM MANUEL;RUA PINTO MADEIRA;;;;Engavetamento;Luz do Dia;;;Cruz;Semáforo;Comercial;0;0;3;0;0;0;0;0;0;1;0;0;-38,521957;-3,730964
292410;9;11;2016;23:30;25697;RUA JOAO CORDEIRO;RUA ROCHA LIMA;;;;Colisão Transversal;;;;Cruz;Pare;Residencial;0;0;2;1;0;0;0;0;0;0;0;0;-38,517275;-3,738
292418;9;11;2016;09:03;0;AV CARNEIRO DE MENDONCA;;;750;;Colisão Lateral;Luz do Dia;;;Meio de Quadra;;;0;0;2;1;0;0;0;0;0;1;0;0;-38,566687;-3,764148
292437;9;11;2016;16:00;5396;RUA SEN POMPEU;RUA GAL CLARINDO DE QUEIROZ;;;;Colisão;Luz do Dia;;;Cruz;Semáforo;Comercial;0;0;2;1;0;0;0;0;0;0;0;0;-38,531279;-3,732353
292443;9;11;2016;15:30;0;RUA SEN POMPEU;;;1164;;Colisão Lateral;Luz do Dia;;;Meio de Quadra;;;0;0;2;1;0;0;0;0;0;0;0;0;-38,530199;-3,728816
292446;9;11;2016;15:00;18743;RUA VALPARAISO;RUA CATOLE;;;;Colisão Lateral;Luz do Dia;;;Cruz;Pare;Misto;0;0;2;1;0;0;1;0;0;0;0;0;-38,520171;-3,846407
302550;9;11;2016;07:38;0;AV DA UNIVERSIDADE;;;3107;;Engavetamento;Luz do Dia;Nublado;Molhada;Cruz;Semáforo;Comercial;0;0;3;1;0;0;0;0;0;0;0;0;-38,54094;-3,742978
302551;9;11;2016;09:16;0;RUA COM MACHADO D12;;;59;;Colisão Lateral;Luz do Dia;Nublado;Molhada;Meio de Quadra;Não Há Controle;Residencial;0;0;2;1;0;0;0;0;0;0;0;0;-38,540503;-3,749103
302552;9;11;2016;09:12;0;AV PRO GOMES DE MATOS;RUA DES PRAXEDES;;0;;Engavetamento;Luz do Dia;Chuva;Molhada;Cruz;Gesto;Comercial;0;1;2;1;0;0;0;0;0;0;0;0;-38,546229;-3,761872
302553;9;11;2016;10:02;0;ET ANTIGA PARA AQUIRAZ;;;1205;;Colisão Transversal;Luz do Dia;Chuva;Não informada;Meio de Quadra;Não Há Controle;Residencial;0;1;1;1;0;0;0;0;0;1;0;0;;
302554;9;11;2016;09:25;7957;AV PONTES VIEIRA;AV BAR STUDART;;0;;Colisão Lateral;Luz do Dia;Bom;Seca;T;Semáforo;Comercial;0;0;2;1;0;0;0;0;0;1;0;0;-38,512361;-3,75259
302555;9;11;2016;09:10;12875;AV DOMINGOS OLIMPIO;RUA COS TRISTAO;;0;;Colisão Lateral;Luz do Dia;Bom;Seca;Cruz;Pare;Comercial;0;0;3;1;0;0;0;0;0;0;0;0;-38,526351;-3,738077
302556;9;11;2016;13:12;15301;RUA TEN BENEVOLO;RUA SILVA PAULET;;0;;Colisão Traseira;Luz do Dia;Nublado;Seca;Cruz;Pare;Residencial;0;0;2;1;0;0;0;0;0;0;0;0;-38,503888;-3,729724
302557;9;11;2016;13:26;24956;AV ALM HENRIQUE SABOIA;AV ENG ALBERTO SA;;0;;Colisão Lateral;Luz do Dia;Bom;Seca;Outros;Semáforo;Comercial;0;0;2;0;0;0;0;0;0;0;0;0;-38,48289;-3,732499
302558;9;11;2016;13:00;13563;AV SORIANO ALBUQUERQUE;RUA DR JOSE LOURENCO;;0;;Colisão Transversal;Luz do Dia;Bom;Seca;Cruz;Pare;Residencial;0;0;2;1;0;0;0;0;0;0;0;0;-38,512631;-3,74983
302559;9;11;2016;13:15;0;AV 13 DE MAIO;;;1650;;Colisão Traseira;Luz do Dia;Bom;Seca;Meio de Quadra;Não Há Controle;Comercial;0;0;2;1;0;0;0;0;0;0;0;0;;
302560;9;11;2016;14:44;0;RUA CARLOS AMORA;;;204;;Colisão Lateral;Luz do Dia;Bom;Seca;Meio de Quadra;Não Há Controle;Comercial;0;1;3;1;0;0;0;1;0;0;0;0;;
302561;9;11;2016;16:10;10999;RUA 15 DE NOVEMBRO;RUA ALBERTO MAGNO;;0;;Colisão Transversal;Luz do Dia;Bom;Seca;Cruz;Pare;Comercial;0;1;1;1;0;0;0;0;0;1;0;0;-38,553169;-3,769909
302562;9;11;2016;13:30;13754;RUA ESMERINDA MENDES;RUA PINDEREMIRIM;;0;;Colisão Transversal;Luz do Dia;Bom;Seca;Cruz;Pare;Residencial;0;0;2;0;0;0;0;0;0;0;0;0;-38,500793;-3,774413
302563;9;11;2016;16:50;0;AV ANTONIO SALES;;;2377;;Colisão Traseira;Luz do Dia;Bom;Seca;Meio de Quadra;Não Há Controle;Comercial;0;0;2;1;0;0;0;0;0;0;0;0;-38,502499;-3,745409
302565;9;11;2016;22:30;6729;RUA BENTO ALBUQUERQUE;RUA DES WALDETARIO P MOTA;;0;;Colisão Transversal;Via Iluminada;Bom;Seca;Cruz;Semáforo;Residencial;0;0;2;1;0;0;0;0;0;0;0;0;-38,484685;-3,743274
302568;9;11;2016;13:58;15763;RUA HERBENE;RUA TAQUATIARA;;0;;Colisão Lateral;Luz do Dia;Bom;Não informada;Cruz;Pare;Residencial;0;0;2;0;1;0;0;0;0;0;0;0;-38,504232;-3,829826
302577;9;11;2016;10:55;1422;RUA BARBOSA DE FREITAS;RUA DES LEITE ALBUQUERQUE;;0;;Colisão Traseira;Luz do Dia;Bom;Seca;Meio de Quadra;Semáforo;Comercial;0;0;2;0;0;0;0;0;0;0;0;0;-38,497689;-3,737545
300276;9;11;2016;07:13;0;RUA PEDRO DANTAS;;;569;;Queda;Luz do Dia;;;Meio de Quadra;;;0;1;0;0;0;0;0;0;0;1;0;0;-38,522822;-3,785746
300284;9;11;2016;11:25;0;AV DR SILAS MUNGUBA;;;4997;;Colisão;Luz do Dia;;;Meio de Quadra;;;0;1;0;1;0;0;0;0;0;1;0;0;-38,531647;-3,797068
300286;9;11;2016;11:26;0;RUA HOLANDA;;;1704;;Queda;Luz do Dia;;;Meio de Quadra;;;0;1;0;0;0;0;0;0;0;1;0;0;-38,559262;-3,804054
300287;9;11;2016;11:41;0;RUA STA RITA D30;;;200;;Queda;Luz do Dia;;;Meio de Quadra;;;0;1;0;0;0;0;0;0;0;1;0;0;;
300278;9;11;2016;07:23;0;RUA WALDIR DIOGO;;;958;;Colisão;Luz do Dia;;;Meio de Quadra;;;0;1;0;1;0;0;0;0;0;1;0;0;-38,586737;-3,80348
300279;9;11;2016;08:20;0;AV CARNEIRO DE MENDONCA;;;6494;;Colisão;Luz do Dia;;;Meio de Quadra;;;0;1;0;0;0;0;0;0;0;1;0;0;;
300280;9;11;2016;09:01;5100;AV DOM MANUEL;AV MON TABOSA;;;;Colisão;Luz do Dia;;;Cruz;Semáforo;Comercial;0;1;0;1;0;0;0;0;0;0;0;0;;
300281;9;11;2016;09:29;0;AV JOVITA FEITOSA;;;1095;;Colisão;Luz do Dia;;;Meio de Quadra;;;0;1;0;1;0;1;0;0;0;0;0;0;-38,553884;-3,739344
300282;9;11;2016;11:10;0;RD BR 116;;;;;Capotamento;Luz do Dia;;;Meio de Quadra;;;0;1;0;0;0;0;0;0;0;0;0;0;;
300385;9;11;2016;23:36;0;AV SGT HERMINIO SAMPAIO;;;2148;;Queda;;;;Meio de Quadra;;;0;1;0;0;0;0;0;0;0;1;0;0;-38,559698;-3,72623
300373;9;11;2016;20:14;0;RUA AZEVEDO BOLAO;;;2474;;Queda;;;;Meio de Quadra;;;0;1;0;0;0;0;0;0;0;1;0;0;-38,566807;-3,738528
300375;9;11;2016;20:55;0;RUA CASTANHOLA;;;455;;Atropelamento;;;;Meio de Quadra;;;0;1;0;1;0;0;0;0;0;0;0;0;;
300378;9;11;2016;21:04;0;RUA GUILHERME ROCHA;;;1055;;Colisão;;;;Meio de Quadra;;;0;1;0;0;0;0;0;0;0;0;0;0;-38,535384;-3,724568
300380;9;11;2016;22:09;0;RUA WALDIR DIOGO;;;330;;Colisão;;;;Meio de Quadra;;;0;1;0;0;0;0;0;0;0;1;0;0;-38,58114;-3,807065
300383;9;11;2016;22:22;0;RUA PEDRO LAZAR;;;1307;;Colisão Lateral;Via Iluminada;Bom;Seca;Meio de Quadra;Não Há Controle;Comercial;0;1;2;1;0;0;0;0;0;1;0;0;;
300351;9;11;2016;19:04;0;AV FRANCISCO SA;;;4829;;Colisão;;;;Meio de Quadra;;;0;2;0;0;0;0;0;0;0;1;0;0;-38,566769;-3,714207
300362;9;11;2016;19:25;0;RUA MONTE PASCOAL;;;468;;Colisão;;;;Meio de Quadra;;;0;1;0;1;0;0;0;0;0;1;0;0;;
300368;9;11;2016;19:28;0;RUA CAP ARAGAO;;;287;;Atropelamento;;;;Meio de Quadra;;;0;1;0;0;0;0;0;0;0;1;0;0;-38,515732;-3,765315
300347;9;11;2016;19:03;0;RUA BAR RIO BRANCO;;;;;Colisão;;;;Meio de Quadra;;;0;1;0;0;0;0;0;0;0;0;0;0;;
300340;9;11;2016;18:10;0;AV MR HULL;;;3280;;Colisão;Anoitecer;;;Meio de Quadra;;;0;2;0;0;0;0;0;0;0;0;0;0;-38,574717;-3,73735
300330;9;11;2016;18:04;0;AV CARNEIRO DE MENDONCA;;;1512;;Colisão Traseira;Luz do Dia;Bom;Seca;T;Semáforo;Comercial;0;0;4;1;0;0;0;0;0;0;0;0;-38,572175;-3,761203