COD_ACIDENTE;DIA;MES;ANO;HORA;INTERSECAO;LOG1;LOG2;LOG3;NUMERO;REFERENCIA;NATUREZA;ILUMINACAO;TEMPO;SUPERFICIEPISTA;TIPOCRUZAMENTO;CONTROLETRAFEGO;USOSOLO;MORTOS;FERIDOS;ILESOS;AUTOMOVEL;ONIBUS;BICICLETA;CAMINHAO;MICROONIBUS;CICLOMOTOR;MOTOCICLETA;TRACAOANIMAL;TREM;LONG;LAT
300326;9;11;2016;17:21;0;RUA RECANTO VERDE;;;1464;;Colisão;Anoitecer;;;Meio de Quadra;;;0;1;0;1;0;0;0;0;0;1;0;0;-38,512079;-3,839696
300304;9;11;2016;16:38;0;RUA ALM RUBIM;;;470;;Colisão;Luz do Dia;;;Meio de Quadra;;;0;1;0;1;0;0;0;0;0;1;0;0;;
300299;9;11;2016;15:42;0;AV FRANCISCO SA;;;5286;;Colisão;Luz do Dia;;;Meio de Quadra;;;0;1;0;0;0;0;0;0;0;0;0;0;-38,571315;-3,712639
300301;9;11;2016;15:57;0;AV GAL OSORIO DE PAIVA;;;7000;;Colisão;Luz do Dia;;;Meio de Quadra;;;0;1;0;0;0;0;0;0;0;1;0;0;-38,611278;-3,814205
300289;9;11;2016;11:49;0;RUA ISMAEL SILVA;;;200;;Colisão;Luz do Dia;;;Meio de Quadra;;;0;2;0;0;0;0;0;0;0;0;0;0;-38,52335;-3,846153
300291;9;11;2016;11:57;0;RUA CON DE CASTRO;;;4579;;Colisão;Luz do Dia;;;Meio de Quadra;;;0;1;0;1;0;0;0;0;0;1;0;0;-38,592102;-3,805216
300292;9;11;2016;13:21;0;AV SEN FERNANDES TAVORA;;;2433;;Colisão;Luz do Dia;;;Meio de Quadra;;;0;1;0;1;0;1;0;0;0;0;0;0;-38,594468;-3,755837
300293;9;11;2016;13:22;0;RUA NEREU RAMOS;;;554;;Colisão;Luz do Dia;;;Meio de Quadra;;;0;1;0;1;0;0;0;0;0;1;0;0;-38,571628;-3,785484
300294;9;11;2016;13:26;0;RUA MON CARNEIRO DA CUNHA;;;200;;Colisão;Luz do Dia;;;Meio de Quadra;;;0;3;0;0;0;0;0;0;0;0;0;0;-38,494116;-3,774853
300296;9;11;2016;13:44;0;RUA PERNAMBUCO;;;1869;;Colisão;Luz do Dia;;;Meio de Quadra;;;0;1;0;0;0;0;0;0;0;0;0;0;-38,574169;-3,755621
299806;9;11;2016;08:30;0;AV MIN JOSE AMERICO;;;;;Choque c/ Obstáculo Fixo;Luz do Dia;Bom;Seca;Meio de Quadra;;;0;0;1;0;0;0;0;0;0;0;0;0;;
299807;9;11;2016;06:40;0;AV SEN CARLOS JEREISSATI (AEROPORTO);;;;KM 01;Colisão;Luz do Dia;Bom;Seca;Meio de Quadra;;;0;0;4;1;0;0;0;0;0;0;0;0;-38,52685;-3,783753
299808;9;11;2016;09:40;0;AV SEN CARLOS JEREISSATI (AEROPORTO);;;;KM 0;Colisão;Luz do Dia;Bom;Seca;Meio de Quadra;;;0;1;1;1;0;0;0;0;0;1;0;0;-38,518098;-3,78436
299810;9;11;2016;19:25;0;AV SEN CARLOS JEREISSATI (AEROPORTO);;;;KM 03;Colisão;;Bom;Seca;Meio de Quadra;;;0;0;2;1;0;0;0;0;0;0;0;0;-38,544038;-3,779641
300995;9;11;2016;19:19;7805;RUA OSVALDO CRUZ (ALDEOTA);RUA FRANCISCO HOLANDA;;0;;Colisão Transversal;Via Iluminada;Bom;Seca;Cruz;Não Há Controle;Comercial;0;0;2;1;0;0;0;0;0;0;0;0;-38,504543;-3,748713
301003;9;11;2016;19:00;23591;AV ENG SANTANA JUNIOR;RUA ISRAEL BEZERRA;;;;Colisão Lateral;Via Iluminada;Bom;Seca;T;Não Há Controle;Comercial;0;0;2;1;0;0;0;0;0;0;0;0;-38,490505;-3,751428
296182;9;11;2016;15:10;0;RD BR 222;;;400;KM-02;Colisão Lateral;Luz do Dia;;;Meio de Quadra;;;0;1;2;0;1;0;0;0;0;1;0;0;-38,58704;-3,739009
294694;9;11;2016;08:44;0;RD DR MENDEL STEINBRUCH;;;7373;;Colisão;Luz do Dia;;;Meio de Quadra;;;0;1;1;1;0;0;0;0;0;0;0;0;;
294646;9;11;2016;20:05;5112;RUA BAR RIO BRANCO;RUA CASTRO E SILVA;;;;Colisão;;;;Cruz;Semáforo;Comercial;0;1;1;1;0;0;0;0;0;0;0;0;-38,527429;-3,723847
294651;9;11;2016;16:00;0;RUA PAISAGISTA;;;;;Colisão;Luz do Dia;;;Meio de Quadra;;;0;0;2;1;0;0;0;0;0;0;0;0;;
294697;10;11;2016;11:29;26273;RUA JATOBA D64;RUA MOGNO;;;;Colisão;Luz do Dia;;;;;;0;1;1;1;0;0;0;0;0;1;0;0;;
294706;10;11;2016;17:40;0;RUA LAURO NOGUEIRA;;;;;Atropelamento;Anoitecer;;;Meio de Quadra;;;0;1;1;0;0;0;0;0;0;0;0;0;;
294708;10;11;2016;18:33;26274;RUA INACIO VASCONCELOS;RUA FAUSTO AGUIAR;;;;Colisão Frontal;Luz do Dia;Bom;Seca;Cruz;Pare;Residencial;0;0;4;0;0;0;0;0;0;1;0;0;;
294701;10;11;2016;22:45;0;RUA NOSSA SRA DAS GRACAS;;;504;;Colisão Frontal;Via Iluminada;Bom;Seca;T;Não Há Controle;Residencial;0;0;5;1;0;0;0;0;0;0;0;0;-38,552839;-3,710342
296188;10;11;2016;07:20;0;RD BR 116;;;2000;KM-02;Colisão Traseira;Luz do Dia;;;Meio de Quadra;;;0;1;1;1;0;0;0;0;0;1;0;0;-38,51678;-3,771391
296197;10;11;2016;11:50;0;RD BR 222;;;600;KM-01;Colisão;Luz do Dia;;;Meio de Quadra;;;0;2;0;0;0;1;0;0;0;1;0;0;-38,578147;-3,737698
296193;10;11;2016;01:45;0;RD BR 222;;;900;KM-02;Choque c/ Obstáculo Fixo;;;;Meio de Quadra;;;0;0;1;1;0;0;0;0;0;0;0;0;-38,58704;-3,739009
301006;10;11;2016;18:44;0;RUA EFESIO;;;453;;Queda;Mal Iluminada;Bom;Seca;Meio de Quadra;Não Há Controle;Residencial;0;0;1;1;0;0;0;0;0;0;0;0;-38,487533;-3,772276
299811;10;11;2016;07:10;0;RD CE-025;;;;KM-03;Colisão;Luz do Dia;Bom;Seca;Meio de Quadra;;;0;0;4;1;0;0;0;0;0;0;0;0;-38,452247;-3,805889
299813;10;11;2016;09:20;0;RD CE-040;;;;KM-09;Colisão;Luz do Dia;Bom;Seca;Meio de Quadra;;;0;0;2;1;0;0;0;0;0;1;0;0;-38,481538;-3,825516
299814;10;11;2016;11:45;0;AV SEN CARLOS JEREISSATI (AEROPORTO);;;;KM 03;Colisão;Luz do Dia;Bom;Seca;Meio de Quadra;;;0;1;1;1;0;0;0;0;0;1;0;0;-38,544038;-3,779641
299815;10;11;2016;16:10;0;RD CE-040;;;;KM-02;Colisão;Luz do Dia;Bom;Seca;Meio de Quadra;;;0;0;2;1;0;0;0;0;0;0;0;0;-38,482583;-3,76465
299816;10;11;2016;18:40;0;RD CE-040;;;;KM-09;Colisão;;Bom;Seca;Meio de Quadra;;;0;0;2;1;0;0;0;0;0;0;0;0;-38,481538;-3,825516
299819;10;11;2016;19:00;0;RD CE-040;;;;KM-05;Colisão;;Bom;Seca;Meio de Quadra;;;0;0;2;1;0;0;0;0;0;0;0;0;-38,480331;-3,791613
299821;10;11;2016;20:50;0;AV MIN JOSE AMERICO;;;;;Colisão;;Bom;Seca;Meio de Quadra;;;0;0;2;1;0;0;0;0;0;0;0;0;;
302569;10;11;2016;12:50;0;RUA VERBENA;;;528;;Engavetamento;Luz do Dia;Nublado;Seca;Meio de Quadra;Não Há Controle;Comercial;0;0;3;1;0;0;0;0;0;0;0;0;-38,588672;-3,780745
302570;10;11;2016;14:11;0;RUA ANA BILHAR;RUA GAL DUTRA;;0;;Colisão Transversal;Luz do Dia;Bom;Seca;T;Pare;Comercial;0;0;2;1;0;0;0;0;0;0;0;0;;
302571;10;11;2016;19:13;0;AV ABOLICAO;;;2308;;Colisão Frontal;Anoitecer;Bom;Seca;Outros;Não Há Controle;Comercial;0;0;2;1;1;0;0;0;0;0;0;0;-38,498357;-3,726398
302572;10;11;2016;20:00;13111;AV C CJ JOSE WALTER;RUA 69 CJ JOSE WALTER;;0;;Colisão Lateral;Via Iluminada;Bom;Seca;Cruz;Pare;Residencial;0;0;1;1;0;0;0;0;0;0;0;0;-38,554291;-3,829164
302573;10;11;2016;20:42;11160;RUA JOSE MENELEU D41;RUA SUECIA;;0;;Colisão Transversal;Via Iluminada;Bom;Seca;Cruz;Pare;Residencial;0;0;2;1;0;0;0;0;0;1;0;0;-38,559334;-3,782586
302566;10;11;2016;09:14;0;AV AMERICO BARREIRA;;;5373;;Colisão Traseira;Luz do Dia;Bom;Seca;Meio de Quadra;Não Há Controle;Comercial;0;0;2;1;0;0;0;0;0;0;0;0;;
302567;10;11;2016;08:45;1281;RUA MON BRUNO;RUA EDUARDO SALGADO;;0;;Colisão Lateral;Luz do Dia;Bom;Seca;Cruz;Pare;Comercial;0;0;2;1;0;0;0;0;0;0;0;0;-38,509845;-3,733644
302585;10;11;2016;14:18;0;RUA LAURO NOGUEIRA;;;150;;Atropelamento;Luz do Dia;Bom;Seca;Meio de Quadra;Pare;Comercial;0;1;1;0;0;0;0;0;0;0;0;0;;
292392;10;11;2016;11:44;5064;RUA BAR RIO BRANCO;RUA SEN JAGUARIBE;;;;Colisão Lateral;Luz do Dia;Bom;Seca;T;Pare;Outros;0;0;2;1;0;0;1;0;0;0;0;0;-38,526853;-3,722074
292416;10;11;2016;14:00;23410;RUA FRE VIDAL;RUA CAP TIBURCIO DA FROTA;;;;Colisão Lateral;Luz do Dia;Bom;Seca;Cruz;Pare;Residencial;0;0;2;1;0;0;0;0;0;0;0;0;-38,517826;-3,755388
292417;10;11;2016;16:00;3788;RUA PDE FRANCISCO PINTO;RUA WALDERY UCHOA;;;;Colisão Transversal;Luz do Dia;Bom;Seca;Cruz;Pare;Residencial;0;2;0;0;0;0;0;0;0;1;0;0;-38,539138;-3,744299
292406;10;11;2016;13:15;7850;RUA JOSE VILAR;RUA CEL ALVES TEIXEIRA;;;;Capotamento;Luz do Dia;Bom;Seca;Cruz;Pare;Residencial;0;2;1;1;0;0;0;0;0;1;0;0;-38,508198;-3,746707
292395;10;11;2016;15:00;1458;RUA DES LEITE ALBUQUERQUE;RUA CEL LINHARES;;;;;Luz do Dia;Bom;Seca;Cruz;Pare;Residencial;0;0;2;1;0;0;0;0;0;0;0;0;-38,494769;-3,738494
292387;10;11;2016;14:30;9403;RUA LUIS GUIMARAES;RUA FRE ODILON;;;;Outros;Luz do Dia;Bom;Seca;Cruz;Pare;Residencial;0;2;1;1;0;0;0;0;0;1;0;0;-38,570956;-3,722098
292390;10;11;2016;09:40;0;RUA JOAO EVANGELISTA;;;4;;Colisão Frontal;Luz do Dia;Bom;Seca;Meio de Quadra;Pare;Residencial;0;0;2;1;0;0;0;0;0;1;0;0;;
292384;10;11;2016;22:30;19544;RUA NEREU RAMOS;RUA COSTA FREIRE;;;;Colisão Lateral;Via Iluminada;Bom;Seca;Cruz;Pare;Residencial;0;1;1;1;0;0;0;0;0;1;0;0;-38,576238;-3,782632
292382;10;11;2016;06:40;26259;RUA BRAGANCA;RUA JOSE ABILIO;;;;Colisão Transversal;Luz do Dia;Bom;Seca;Cruz;Pare;Comercial;0;0;2;1;0;0;0;0;0;1;0;0;;
292375;10;11;2016;13:00;0;AV FRE CIRILO;;;;;Colisão;Luz do Dia;Bom;Seca;Meio de Quadra;Não Há Controle;Residencial;1;1;0;0;0;0;0;0;0;1;0;0;;
292376;10;11;2016;17:15;24229;AV ENG SANTANA JUNIOR;AV ENG ALBERTO SA;;;;Colisão Transversal;Luz do Dia;Bom;Seca;Cruz;Semáforo;Comercial;0;1;1;1;0;0;0;0;0;1;0;0;-38,480624;-3,733357
292377;10;11;2016;12:28;1476;AV BAR STUDART;AV JULIO VENTURA;;;;Colisão Traseira;Luz do Dia;Bom;Seca;Cruz;Semáforo;Comercial;0;0;2;0;1;0;0;0;0;0;0;0;-38,508029;-3,739072
298156;10;11;2016;12:39;0;RUA VITAL BRASIL;;;656;;Colisão;Luz do Dia;;;Meio de Quadra;;;0;2;0;1;0;0;0;0;0;1;0;0;;
298159;10;11;2016;12:42;7850;RUA CEL ALVES TEIXEIRA;RUA JOSE VILAR;;;;Colisão;Luz do Dia;;;Cruz;Pare;Residencial;0;2;0;1;0;0;0;0;0;1;0;0;-38,508198;-3,746707
298160;10;11;2016;12:47;0;RUA MAISA;;;;;Colisão;Luz do Dia;;;Meio de Quadra;;;0;2;0;1;0;0;0;0;0;1;0;0;;
298145;10;11;2016;12:11;0;RUA GUILHERME MOREIRA;;;239;;Atropelamento;Luz do Dia;;;Meio de Quadra;;;0;1;1;0;0;0;0;0;0;1;0;0;-38,523355;-3,749901
298137;10;11;2016;11:46;25021;RUA TEODOMIRO DE CASTRO;RUA DR HUGO ROCHA;;;;Colisão;Luz do Dia;;;Cruz;Pare;Comercial;0;2;0;0;0;0;0;0;0;1;0;0;;
298127;10;11;2016;07:56;0;RUA TAQUARI;;;2379;;Colisão;Luz do Dia;;;Meio de Quadra;;;0;2;0;1;0;0;0;0;0;1;0;0;-38,602498;-3,775955
298128;10;11;2016;08:51;0;AV WASHINGTON SOARES;;;610;;Colisão;Luz do Dia;;;Meio de Quadra;;;0;2;0;1;0;0;0;0;0;1;0;0;;
298129;10;11;2016;09:48;0;AV ODILON GUIMARAES;;;4346;;Queda;Luz do Dia;;;Meio de Quadra;;;0;1;0;0;0;1;0;0;0;0;0;0;-38,462613;-3,811037
298130;10;11;2016;10:02;0;ET DO JATOBA;;;138;;Colisão;Luz do Dia;;;Meio de Quadra;;;0;2;0;1;0;0;0;0;0;1;0;0;;
298131;10;11;2016;10:12;0;RUA CUIABA;;;1122;;Colisão;Luz do Dia;;;Meio de Quadra;;;0;2;0;1;0;0;0;0;0;1;0;0;;
298119;10;11;2016;07:33;0;RUA VALPARAISO;;;1252;;Colisão;Luz do Dia;;;Meio de Quadra;;;0;1;0;0;0;0;0;0;0;1;0;0;-38,529703;-3,840995
298123;10;11;2016;07:33;0;AV JOSE JATAHY;;;;;Colisão;Luz do Dia;;;Meio de Quadra;;;0;2;0;1;0;0;0;0;0;1;0;0;;
298124;10;11;2016;07:51;0;RUA PARAGUACU D45;;;864;;Colisão;Luz do Dia;;;Meio de Quadra;;;0;2;0;1;0;0;0;0;0;1;0;0;;
298068;10;11;2016;00:27;3767;AV DOMINGOS OLIMPIO;AV IMPERADOR;;;;Colisão;;;;Cruz;Semáforo;Comercial;0;2;0;1;0;0;1;0;0;0;0;0;-38,536697;-3,73479
298069;10;11;2016;00:36;0;AV I CJ JOSE WALTER;;;850;;Colisão;;;;Meio de Quadra;;;0;2;0;0;0;0;0;0;0;0;0;0;-38,552718;-3,831658
298081;10;11;2016;06:51;10169;RUA BRAGANCA;RUA MARIA JULIA;;;;Colisão;Luz do Dia;;;;;;0;2;0;0;0;0;0;0;0;0;0;0;-38,597824;-3,785602
298078;10;11;2016;00:55;12514;AV LINEU MACHADO;RUA JULIO BRAGA;;;;Queda;;;;Outros;Semáforo;Residencial;0;1;0;0;0;0;0;0;0;1;0;0;-38,58179;-3,775335
298249;10;11;2016;19:37;0;AV PRUDENTE BRASIL;;;770;;Colisão;;;;Meio de Quadra;;;0;2;0;1;0;0;0;0;0;1;0;0;-38,534366;-3,809503
298254;10;11;2016;23:16;0;RUA DOS TREVOS;;;143;;Colisão;;;;Meio de Quadra;;;0;2;0;1;0;0;0;0;0;1;0;0;;
298251;10;11;2016;20:50;0;AV MR HULL;;;;;Colisão;;;;Meio de Quadra;;;0;2;0;1;0;0;0;0;0;1;0;0;;
298252;10;11;2016;21:00;0;RUA MINAS GERAIS;;;1161;;Colisão;;;;Meio de Quadra;;;0;2;0;0;0;0;0;0;0;0;0;0;-38,567028;-3,759112
298228;10;11;2016;15:02;2768;RUA CEL VIRGILIO NOGUEIRA (BOM JARDIM);RUA NOVA CONQUISTA (BONSUCESSO);;;;Queda;Luz do Dia;;;;;;0;1;0;0;0;0;0;0;0;1;0;0;;
298234;10;11;2016;17:30;0;AV MIN JOSE AMERICO;;;;;Queda;Anoitecer;;;Meio de Quadra;;;0;1;0;0;0;0;0;0;0;1;0;0;;
298235;10;11;2016;18:30;0;RUA ENG ANTONIO F ANTERO;;;455;;Colisão;Anoitecer;;;Meio de Quadra;;;0;2;0;1;0;0;0;0;0;1;0;0;-38,48179;-3,788272
298237;10;11;2016;18:39;0;AV FRANCISCO SA;;;6449;;Colisão;;;;Meio de Quadra;;;0;2;0;1;0;0;0;0;0;1;0;0;-38,581647;-3,709004
298238;10;11;2016;18:51;0;RUA PERNAMBUCO;;;3101;;Atropelamento;;;;Meio de Quadra;;;0;2;0;0;0;0;0;0;0;1;0;0;-38,580471;-3,748901
298239;10;11;2016;19:19;0;RUA GUARANI D65;;;881;;Queda;;;;Meio de Quadra;;;0;1;0;0;0;0;0;0;0;1;0;0;;
298240;10;11;2016;19:35;0;AV MR HULL;;;;;Colisão;;;;Meio de Quadra;;;0;2;0;1;0;0;0;0;0;1;0;0;;
298220;10;11;2016;14:29;0;RUA FRE ODILON;;;200;;Colisão;Luz do Dia;;;Meio de Quadra;;;0;2;0;1;0;0;0;0;0;1;0;0;;
298175;10;11;2016;13:17;0;AV DR SILAS MUNGUBA;;;6001;;Colisão Traseira;Luz do Dia;Bom;Seca;Meio de Quadra;Dê Preferência;Comercial;0;1;3;1;0;0;0;0;0;1;0;0;;
298177;10;11;2016;13:17;0;RUA LAURO NOGUEIRA;;;;;Atropelamento;Luz do Dia;;;Meio de Quadra;;;0;2;0;1;0;0;0;0;0;0;0;0;;
298257;10;11;2016;23:32;15260;RUA JOAQUIM NABUCO;RUA ANA BILHAR;;;;Colisão;;;;Cruz;Semáforo;Residencial;0;2;0;0;0;0;1;0;0;1;0;0;-38,499077;-3,728382
298264;11;11;2016;00:32;2881;RUA VICENTE PINHEIRO;RUA BOM JESUS (GRANJA LISBOA);;;;Queda;;;;;;;0;1;0;0;0;0;0;0;0;1;0;0;;
298270;11;11;2016;05:57;25009;RUA RAIMUNDO FROTA;RUA TULIPA;;;;Colisão;Amanhecer;;;;;;0;2;0;0;0;0;0;0;0;1;0;0;;
298276;11;11;2016;07:19;0;RUA JOSE MENDONCA;;;527;;Colisão;Luz do Dia;;;Meio de Quadra;;;0;1;1;1;0;0;0;0;0;1;0;0;-38,602317;-3,757839
298295;11;11;2016;10:02;8643;AV EDILSON B SOARES;AV ENG LEAL LIMA VERDE (SAPIRANGA/COITE);;;;Colisão Transversal;Luz do Dia;Bom;Seca;Cruz;Pare;Comercial;0;2;3;1;0;0;0;0;0;1;0;0;-38,476215;-3,789082
298293;11;11;2016;09:11;0;AV CEL CARVALHO;;;800;PÓLO DE LAZER;Atropelamento;Luz do Dia;;;Meio de Quadra;;;0;1;0;0;0;0;0;0;0;1;0;0;-38,589982;-3,709371
298291;11;11;2016;08:51;5374;AV DUQ CAXIAS;RUA BAR RIO BRANCO;;;;Colisão;Luz do Dia;;;Cruz;Semáforo;Comercial;0;2;0;1;0;0;0;0;0;1;0;0;-38,529947;-3,731774
298289;11;11;2016;08:02;5421;AV VIS RIO BRANCO;AV DUQ CAXIAS;;;;Colisão;Luz do Dia;;;;;;0;2;0;1;0;0;0;0;0;1;0;0;-38,524603;-3,733481
298285;11;11;2016;07:54;0;RUA CEARA;;;100;;Colisão;Luz do Dia;;;Meio de Quadra;;;0;2;0;1;0;0;0;0;0;1;0;0;-38,559042;-3,763018
298304;11;11;2016;12:20;0;AV PRS COSTA E SILVA;;;2382;;Colisão;Luz do Dia;;;Meio de Quadra;;;0;2;0;1;0;0;0;0;0;1;0;0;-38,560535;-3,820054
298297;11;11;2016;11:18;0;AV ENG SANTANA JUNIOR;;;;;Colisão;Luz do Dia;;;Meio de Quadra;;;0;2;0;1;0;0;0;0;0;1;0;0;;
298298;11;11;2016;11:22;0;AV FRANCISCO SA;;;3945;;Colisão;Luz do Dia;;;Meio de Quadra;;;0;2;0;1;0;0;0;0;0;1;0;0;-38,560125;-3,71647
298300;11;11;2016;11:46;0;AV ROGACIANO LEITE;;;1860;;Colisão;Luz do Dia;;;Meio de Quadra;;;0;2;0;0;0;0;1;0;0;1;0;0;-38,498148;-3,770811
298307;11;11;2016;12:30;0;RUA PDE PEDRO DE ALENCAR;;;1620;;Colisão;Luz do Dia;;;Meio de Quadra;;;0;2;0;1;0;0;0;0;0;1;0;0;-38,494326;-3,842333
298309;11;11;2016;13:25;0;AV C CJ CEARA;;;805;;Colisão;Luz do Dia;;;Meio de Quadra;;;0;2;0;0;0;0;0;0;0;1;0;0;-38,610811;-3,765846
298312;11;11;2016;13:41;1488;RUA ROCHA LIMA;RUA CARLOS VASCONCELOS;;;;Colisão Lateral;Luz do Dia;Bom;Seca;Cruz;Pare;Comercial;0;1;6;1;0;0;0;0;0;1;0;0;-38,512902;-3,739419
298322;11;11;2016;14:26;0;RUA ELISEU UCHOA BECCO;;;100;;Colisão;Luz do Dia;;;Meio de Quadra;;;0;2;0;1;0;0;0;0;0;1;0;0;-38,486488;-3,758992
298318;11;11;2016;14:20;10730;AV SEN FERNANDES TAVORA;RUA VITORIA (AV. PERIMETRAL);;;;Colisão;Luz do Dia;;;Cruz;Semáforo Intermitente;Comercial;0;2;0;0;0;0;0;0;0;1;0;0;-38,585903;-3,760193
298333;11;11;2016;18:04;0;AV ALM HENRIQUE SABOIA;;;650;;Atropelamento;Anoitecer;;;Meio de Quadra;;;0;1;1;1;0;0;0;0;0;0;0;0;;
298324;11;11;2016;17:14;796;RUA ASP MENDES;RUA TEN JOAO ALBANO;;;;Colisão;Anoitecer;;;Cruz;Pare;Residencial;0;2;0;0;0;0;0;0;0;1;0;0;-38,513608;-3,772068
298325;11;11;2016;17:18;0;RUA MAJ FACUNDO;;;819;;Atropelamento;Anoitecer;;;Meio de Quadra;;;0;2;0;1;0;0;0;0;0;0;0;0;-38,52865;-3,73007
298326;11;11;2016;17:30;0;RUA DES HERMES PARAHYBA;;;9;;Queda;Anoitecer;;;Meio de Quadra;;;0;1;0;0;0;0;0;0;0;1;0;0;-38,583848;-3,71429
298353;11;11;2016;01:01;0;AV HERACLITO GRACA;;;1046;;Colisão;;;;Meio de Quadra;;;0;2;0;1;0;1;0;0;0;0;0;0;-38,515518;-3,736406
298350;11;11;2016;23:32;11630;RUA PRO HERIBALDO COSTA;RUA BOA VISTA;;;;Colisão;;;;Cruz;Pare;Residencial;0;2;0;1;0;0;0;0;0;1;0;0;-38,588035;-3,767974
298341;11;11;2016;19:27;17292;RUA SATIRO DIAS;RUA QUEIROZ RIBEIRO;;;;Colisão;;;;Cruz;Pare;Residencial;0;2;0;0;0;0;0;0;0;0;0;0;-38,546118;-3,763284
298342;11;11;2016;22:05;0;AV C CJ CEARA;;;;;Queda;;;;Meio de Quadra;;;0;1;0;0;0;0;0;0;0;1;0;0;;
298343;11;11;2016;22:16;0;RUA NELSON COELHO;;;413;;Colisão;;;;Meio de Quadra;;;0;2;0;0;0;0;0;0;0;1;0;0;-38,463271;-3,82925
298344;11;11;2016;22:38;568;RUA COELHO NETO;RUA TEN JOSE BARREIRA;;;;Colisão;;;;Cruz;Pare;Residencial;0;1;1;0;0;0;0;0;0;1;0;0;-38,571932;-3,717665
298345;11;11;2016;23:18;0;AV CEL CARVALHO;;;1678;;Colisão;;;;Meio de Quadra;;;0;2;0;1;0;0;0;0;0;1;0;0;-38,58796;-3,717416
298338;11;11;2016;19:02;0;AV PERIMETRAL;;;;;Queda;Anoitecer;;;Meio de Quadra;;;0;1;0;0;0;0;0;0;0;1;0;0;;
298339;11;11;2016;19:20;0;RUA BERNARDO MANUEL;;;;;Colisão;;;;Meio de Quadra;;;0;2;0;0;0;0;0;0;0;0;0;0;;
298335;11;11;2016;18:23;23479;RUA CRUZ ABREU;RUA CAP MELO;;;;Colisão;Anoitecer;;;Cruz;Não Há Controle;Residencial;0;2;0;0;0;0;0;0;0;1;0;0;-38,512818;-3,757918
298336;11;11;2016;18:27;0;AV WASHINGTON SOARES;;;;;Colisão;Anoitecer;;;Meio de Quadra;;;0;2;0;1;0;0;0;0;0;1;0;0;;
292391;11;11;2016;19:00;0;AV PRS CASTELO BRANCO;;;4062;;Colisão;;;;Meio de Quadra;;;0;0;3;1;0;0;0;0;0;0;0;0;-38,568799;-3,708256
292394;11;11;2016;19:50;6756;AV ENG SANTANA JUNIOR;AV ANTONIO SALES;;;;Colisão Traseira;;;;Outros;Outros;Residencial;0;0;2;1;0;0;0;0;0;0;0;0;-38,490039;-3,749257
292396;11;11;2016;22:00;0;AV ANTONIO SALES;;;3210;;Colisão Traseira;;;;Meio de Quadra;;;0;0;2;1;0;0;0;0;0;0;0;0;-38,495456;-3,74761
292398;11;11;2016;17:52;0;AV 13 DE MAIO;;;200;;Engavetamento;Anoitecer;;;Meio de Quadra;;;0;0;4;1;0;0;0;0;0;0;0;0;;
292407;11;11;2016;16:50;0;AV OLIVEIRA PAIVA;;;535;PRAÇA;Colisão Traseira;Luz do Dia;;;Meio de Quadra;;;0;0;2;1;0;0;0;0;0;1;0;0;-38,500575;-3,797419
292408;11;11;2016;22:16;0;RUA ALM RUBIM;;;1575;;Colisão Traseira;;;;Meio de Quadra;;;0;0;3;1;0;0;0;0;0;0;0;0;-38,556678;-3,770988
292409;11;11;2016;10:30;15117;AV HIS RAIMUNDO GIRAO;RUA MON BRUNO;;;;Colisão Lateral;Luz do Dia;;;T;Não Há Controle;Outros;0;0;2;1;0;0;1;0;0;0;0;0;-38,506415;-3,723076
292403;11;11;2016;03:30;0;AV JOR THOMAZ COELHO;;;;;Choque c/ Obstáculo Fixo;;;;Meio de Quadra;;;0;0;1;1;0;0;0;0;0;0;0;0;;
292404;11;11;2016;12:00;20403;RUA PDE PEDRO DE ALENCAR;RUA LUCIOLA;;;;Colisão Transversal;Luz do Dia;;;T;Não Há Controle;Residencial;0;1;2;1;0;0;0;0;0;1;0;0;-38,494322;-3,842251
292401;11;11;2016;12:20;12521;AV AUGUSTO DOS ANJOS;RUA JULIO BRAGA;;;;Colisão Lateral;Luz do Dia;;;Cruz;Semáforo;Comercial;0;1;1;1;0;0;0;0;0;1;0;0;-38,576193;-3,776779
292411;11;11;2016;11:20;0;RUA DNA LEOPOLDINA;;;1165;;Atropelamento;Luz do Dia;;;Meio de Quadra;;;0;2;0;0;0;0;0;0;0;1;0;0;-38,520804;-3,734786
292412;11;11;2016;12:40;5159;AV IMPERADOR;RUA GUILHERME ROCHA;;;;Colisão Lateral;Luz do Dia;;;Cruz;Semáforo;Comercial;0;0;2;1;0;0;0;0;0;0;0;0;-38,533829;-3,725081
292413;11;11;2016;16:05;0;RUA BERNARDO MANUEL;;;8950;MULTI POSTO;Engavetamento;Luz do Dia;;;Meio de Quadra;;;0;0;3;1;1;0;0;0;0;0;0;0;-38,551301;-3,798325
292414;11;11;2016;19:40;19753;RUA ERICO MOTA;RUA AZEVEDO BOLAO;;;;Colisão Transversal;;;;Cruz;Pare;Residencial;0;0;2;1;0;0;0;0;0;0;0;0;-38,562522;-3,737645
292415;11;11;2016;15:55;22149;AV JOSE BASTOS;RUA SAMUEL UCHOA;;;;Colisão Lateral;Luz do Dia;;;T;Pare;Comercial;0;0;2;0;0;0;1;0;0;0;0;0;-38,550718;-3,750258
302586;11;11;2016;19:07;0;RUA GAL SILVA JUNIOR;;;594;;Colisão Traseira;Luz do Dia;Bom;Seca;Meio de Quadra;Gesto;Comercial;0;0;1;1;0;0;0;0;0;0;0;0;-38,531944;-3,755689