COD_ACIDENTE;DIA;MES;ANO;HORA;INTERSECAO;LOG1;LOG2;LOG3;NUMERO;REFERENCIA;NATUREZA;ILUMINACAO;TEMPO;SUPERFICIEPISTA;TIPOCRUZAMENTO;CONTROLETRAFEGO;USOSOLO;MORTOS;FERIDOS;ILESOS;AUTOMOVEL;ONIBUS;BICICLETA;CAMINHAO;MICROONIBUS;CICLOMOTOR;MOTOCICLETA;TRACAOANIMAL;TREM;LONG;LAT
302587;11;11;2016;20:10;0;RUA DES OTACILIO PEIXOTO;;;200;;Engavetamento;Não Iluminada;Bom;Seca;T;Pare;Residencial;0;2;1;1;0;0;0;0;0;1;0;0;;
302588;11;11;2016;18:30;0;RUA JOSE MESSIAS MATOS;RUA ADEMAR PAULA;;0;;Colisão Transversal;Via Iluminada;Bom;Seca;Cruz;Pare;Residencial;0;0;1;0;1;0;0;0;0;0;0;0;;
302589;11;11;2016;20:30;0;RUA BERNARDO MANUEL;;;11350;;Colisão Traseira;Via Iluminada;Bom;Seca;Meio de Quadra;Semáforo;Comercial;0;0;2;1;0;0;0;0;0;1;0;0;-38,557018;-3,817134
302590;11;11;2016;20:35;0;AV JOVITA FEITOSA;;;2225;;Colisão Lateral;Via Iluminada;Bom;Seca;Meio de Quadra;Semáforo;Comercial;0;0;2;1;1;0;0;0;0;0;0;0;;
302593;11;11;2016;20:44;1399;RUA FRE MANSUETO;RUA MARCOS MACEDO;;0;;Colisão Frontal;Via Iluminada;Bom;Seca;Cruz;Pare;Comercial;0;0;2;1;0;0;0;0;0;0;0;0;-38,488546;-3,737071
302616;11;11;2016;18:37;6850;RUA BATISTA DE OLIVEIRA;AV PDE ANTONIO TOMAS;;0;;Colisão Transversal;Via Iluminada;Bom;Seca;Cruz;Semáforo;Residencial;0;0;2;1;0;0;0;0;0;0;0;0;-38,481947;-3,745906
302574;11;11;2016;07:31;0;AV GOV PARSIFAL BARROSO;RUA 3 (SAO GERARDO);;0;;Colisão Lateral;Luz do Dia;Bom;Seca;Meio de Quadra;Semáforo;Escola;0;0;1;1;0;0;0;0;0;0;0;0;;
302575;11;11;2016;07:59;0;RUA EDUARDO PERDIGAO;;;0;;Colisão Lateral;Luz do Dia;Bom;Seca;Com Via Férrea;Cancela;Comercial;0;0;2;1;0;0;0;0;0;1;0;0;;
302576;11;11;2016;07:30;22955;RUA MAD ELISA BALDO;RUA BERNARDO MANUEL;;0;;Colisão Lateral;Luz do Dia;Nublado;Seca;T;Pare;Residencial;0;0;2;1;0;0;0;0;0;0;0;0;-38,547134;-3,78477
302578;11;11;2016;10:38;14679;AV OLIVEIRA PAIVA;RUA PDE JANUARIO CAMPOS;;0;;Colisão Transversal;Luz do Dia;Bom;Seca;T;Semáforo;Comercial;0;0;2;1;1;0;0;0;0;0;0;0;-38,489646;-3,796018
302579;11;11;2016;10:33;7790;AV PONTES VIEIRA;AV DES MOREIRA;;0;;Colisão Transversal;Luz do Dia;Bom;Seca;Cruz;Semáforo;Comercial;0;0;2;0;0;0;0;0;0;0;0;0;-38,503254;-3,751526
302580;11;11;2016;10:43;0;RUA PEREIRA VALENTE;;;995;;Colisão Lateral;Luz do Dia;Bom;Seca;Cruz;Semáforo;Comercial;0;0;2;1;0;0;0;0;0;0;0;0;-38,492271;-3,733811
302581;11;11;2016;13:20;9099;AV EDUARDO GIRAO;RUA MIN JOAQUIM BASTOS D14;;0;;Colisão Transversal;Luz do Dia;Bom;Seca;Cruz;Pare;Residencial;0;0;2;1;1;0;0;0;0;0;0;0;-38,525973;-3,7557
302582;11;11;2016;13:37;3767;AV DOMINGOS OLIMPIO;AV IMPERADOR;;0;;Colisão Transversal;Luz do Dia;Bom;Seca;Cruz;Semáforo;Comercial;0;0;2;1;1;0;0;0;0;0;0;0;-38,536697;-3,73479
302583;11;11;2016;16:00;5724;RUA VIRGILIO PAES;RUA MON ANTERO;;0;;Colisão Transversal;Via Iluminada;Bom;Seca;Cruz;Pare;Comercial;0;0;2;1;0;0;0;0;0;0;0;0;-38,493288;-3,796663
302584;11;11;2016;18:00;0;AV AGUANAMBI;;;0;ROTATÓRIA;Colisão Lateral;Via Iluminada;Bom;Seca;Rotatória;Semáforo;Comercial;0;0;1;1;0;0;0;0;0;0;0;0;;
299826;11;11;2016;19:30;0;RD CE-025;;;;KM-02;Colisão;;Bom;Seca;Meio de Quadra;;;0;0;2;0;0;0;0;0;0;1;0;0;-38,461085;-3,807635
299823;11;11;2016;15:00;0;RD CE-040;;;;KM-08;Colisão;Luz do Dia;Bom;Seca;Meio de Quadra;;;0;0;2;1;0;0;0;0;0;0;0;0;-38,483033;-3,817159
299824;11;11;2016;16:40;0;RD CE-040;;;;KM-04;Colisão;Luz do Dia;Bom;Seca;Meio de Quadra;;;0;0;3;1;0;0;0;0;0;0;0;0;-38,481084;-3,782614
299833;11;11;2016;18:00;0;AV MIN JOSE AMERICO;;;;;Colisão;Anoitecer;Bom;Seca;Meio de Quadra;;;0;0;3;1;0;0;0;0;0;0;0;0;;
300312;11;11;2016;10:10;0;RD CE-040;;;;KM-02;Atropelamento;Luz do Dia;Bom;Seca;Meio de Quadra;;;0;0;3;0;0;0;0;0;0;0;0;0;-38,482583;-3,76465
296200;11;11;2016;19:00;0;RD BR 116;;;1000;KM-01;Colisão Traseira;;;;Meio de Quadra;;;0;1;1;1;0;0;0;0;0;1;0;0;-38,518702;-3,762554
296202;11;11;2016;03:50;0;RD BR 222;;;100;KM-01;Outros;;;;Meio de Quadra;;;0;1;0;1;0;0;0;0;0;0;0;0;-38,578147;-3,737698
294713;11;11;2016;13:55;25279;AV ROGACIANO LEITE;RUA DES WALDEMAR ALVES PEREIRA;;;;Colisão Transversal;Luz do Dia;Bom;Seca;Cruz;Pare;Comercial;0;2;5;0;0;0;0;0;0;1;0;0;;
294710;11;11;2016;15:50;0;AV PRS COSTA E SILVA;;;2596;;Outros;Luz do Dia;;;Meio de Quadra;;;0;0;1;0;0;0;0;0;0;0;0;0;-38,559043;-3,82078
294722;11;11;2016;17:40;0;AV JOAO PESSOA;;;4408;;Colisão Lateral;Via Iluminada;Bom;Seca;Meio de Quadra;Não Há Controle;Comercial;0;2;4;1;0;0;0;0;0;0;0;0;-38,548815;-3,751707
294735;11;11;2016;13:30;17268;AV PRO GOMES DE MATOS;RUA BENJAMIN CARNEIRO GIRAO;;;;Colisão Transversal;Luz do Dia;Bom;Seca;T;Pare;Comercial;0;1;3;1;0;0;0;0;0;0;0;0;-38,546409;-3,76209
294745;12;11;2016;07:10;1605;RUA PDE VALDEVINO;AV DES MOREIRA;;;;Colisão Transversal;Luz do Dia;;;;;;0;2;0;0;0;0;0;0;0;1;0;0;-38,500877;-3,744098
294742;12;11;2016;07:40;0;RUA POMPILIO GOMES;;;1188;;Choque c/ Obstáculo Fixo;Amanhecer;Bom;Seca;T;Não Há Controle;Comercial;0;0;1;1;0;0;0;0;0;0;0;0;-38,521118;-3,824909
294751;12;11;2016;16:50;0;AV GAL OSORIO DE PAIVA;;;8030;;Colisão;Luz do Dia;;;Meio de Quadra;;;0;1;1;1;0;0;0;0;0;0;0;0;-38,618194;-3,821352
299835;12;11;2016;13:30;0;RD CE-025;;;;KM-03;Engavetamento;Luz do Dia;Bom;Seca;Meio de Quadra;;;0;0;3;1;0;0;0;0;0;0;0;0;-38,452247;-3,805889
299831;12;11;2016;10:00;0;RD CE-040;;;;KM-06;Colisão;Luz do Dia;Bom;Seca;Meio de Quadra;;;0;0;2;1;0;0;0;0;0;0;0;0;-38,479535;-3,800596
299837;12;11;2016;14:30;0;RD CE-040;;;;KM-08;Queda;Luz do Dia;Bom;Seca;Meio de Quadra;;;0;0;1;0;0;0;0;0;0;1;0;0;-38,483033;-3,817159
302594;12;11;2016;12:30;0;AV ALBERTO NEPOMUCENO;;;0;;Colisão Lateral;Luz do Dia;Bom;Seca;Meio de Quadra;Semáforo;Comercial;0;0;2;1;0;0;0;0;0;0;0;0;;
302595;12;11;2016;13:57;0;AV DR THEBERGE;;;1318;;Colisão Traseira;Luz do Dia;Bom;Seca;Meio de Quadra;Pare;Residencial;0;0;1;0;1;0;0;0;0;0;0;0;-38,564771;-3,714088
302596;12;11;2016;13:54;0;AV IMPERADOR;;;1627;;Colisão Traseira;Luz do Dia;Bom;Seca;Meio de Quadra;Semáforo;Comercial;0;0;2;1;0;0;0;0;0;0;0;0;-38,536766;-3,73502
302597;12;11;2016;13:20;0;RUA MOACIR MACHADO;;;247;;Choque c/ Obstáculo Fixo;Luz do Dia;Bom;Seca;Meio de Quadra;Não Há Controle;Residencial;0;0;1;0;0;0;0;0;0;0;0;0;-38,529154;-3,767671
302598;12;11;2016;16:35;14448;AV SGT HERMINIO SAMPAIO;RUA DEMOSTENES CARVALHO;;0;;Colisão Lateral;Luz do Dia;Bom;Seca;T;Semáforo;Lazer;0;0;2;1;0;0;0;0;0;1;0;0;-38,559068;-3,726117
302599;12;11;2016;21:02;0;RUA MANUEL SATIRO;;;104;;Colisão Traseira;Via Iluminada;Bom;Seca;Outros;Não Há Controle;Residencial;0;2;1;1;0;0;0;0;0;1;0;0;;
302591;12;11;2016;01:00;12508;RUA ALUISIO AZEVEDO;AV LINEU MACHADO;;0;;Colisão Transversal;Via Iluminada;Bom;Seca;Cruz;Semáforo;Residencial;0;1;1;1;0;0;0;0;0;0;0;0;-38,579184;-3,770212
302592;12;11;2016;08:10;24362;RUA EPAMINONDAS FROTA;RUA JORGE ACURCIO;;0;;Colisão Lateral;Luz do Dia;Bom;Seca;Cruz;Pare;Residencial;0;0;2;0;0;0;0;0;0;1;0;0;-38,53207;-3,766035
292451;12;11;2016;20:20;9079;RUA BONFIM SOBRINHO;RUA LAURO MAIA;;;;Colisão Transversal;;;;Cruz;Pare;Residencial;0;0;2;0;0;0;1;0;0;0;0;0;-38,522154;-3,750867
292452;12;11;2016;05:15;26091;AV JOVITA FEITOSA;AV JOSE JATAHY;;;;Colisão Frontal;Amanhecer;;;;;;1;0;1;1;0;0;0;0;0;1;0;0;-38,543936;-3,737273
292449;12;11;2016;17:15;22167;AV JOSE BASTOS;RUA TAVARES IRACEMA;;;;Colisão Transversal;Anoitecer;;;T;Não Há Controle;Comercial;0;0;2;0;0;0;0;0;0;0;0;0;-38,55277;-3,752313
292454;12;11;2016;17:30;15189;AV ABOLICAO;RUA FRE MANSUETO;;;;Colisão Transversal;Anoitecer;;;Cruz;Semáforo;Comercial;0;0;2;1;0;0;0;1;0;0;0;0;-38,489324;-3,726368
292471;12;11;2016;13:20;25182;AV DOMINGOS OLIMPIO;RUA DOM GERONIMO;;;;Colisão Transversal;Luz do Dia;;;Meio de Quadra;Não Há Controle;Comercial;0;1;1;1;1;0;0;0;0;0;0;0;;
292478;12;11;2016;11:40;25640;RUA VIA LACTEA;RUA 13 DE ABRIL;;;;Colisão Transversal;Luz do Dia;;;T;Não Há Controle;Misto;0;0;2;1;1;0;0;0;0;0;0;0;;
292479;12;11;2016;14:00;10194;RUA EMILIO DE MENESES;RUA ITAJAI;;;;Colisão;Luz do Dia;;;T;Pare;Residencial;0;1;2;1;1;0;0;0;0;0;0;0;-38,594656;-3,779711
292480;12;11;2016;07:00;3030;RUA DIOGO CORREIA;RUA ANDRE REBOUCAS;;;;Colisão Transversal;Luz do Dia;;;Cruz;Semáforo;Comercial;0;1;1;1;0;0;0;0;0;0;0;0;-38,588606;-3,774008
292495;12;11;2016;21:19;0;AV DR THEBERGE;;;254;;Colisão Traseira;;;;Meio de Quadra;;;0;0;2;1;0;0;0;0;0;0;0;0;-38,562351;-3,706741
292517;12;11;2016;21:20;19451;RUA SEIXAS CORREIA;RUA MIRTES ROCHA;;;;Colisão Lateral;;;;;;;0;1;1;1;0;0;0;0;0;1;0;0;-38,577909;-3,779756
292531;12;11;2016;00:50;9246;AV 13 DE MAIO;RUA BAR RIO BRANCO;;;;Colisão Transversal;;;;Cruz;Semáforo;Comercial;0;0;2;1;0;0;0;0;0;0;0;0;-38,534255;-3,745129
292538;12;11;2016;09:00;7648;AV CARNEIRO DE MENDONCA;RUA PAULO DE FRONTIM;;;;Colisão Lateral;Luz do Dia;;;Cruz;Não Há Controle;Residencial;0;0;2;1;0;0;0;0;0;0;0;0;-38,570794;-3,761949
292608;12;11;2016;11:17;0;AV AMERICO BARREIRA;;;5572;;Colisão Traseira;Luz do Dia;;;Meio de Quadra;;;0;0;2;1;0;0;0;0;0;1;0;0;;
292613;12;11;2016;13:45;15246;RUA TEN BENEVOLO;RUA CARLOS VASCONCELOS;;;;Colisão Transversal;Luz do Dia;;;Cruz;Semáforo;Comercial;0;1;3;1;0;0;0;0;0;1;0;0;-38,509174;-3,727989
298355;12;11;2016;02:26;0;AV BEZERRA DE MENEZES;;;822;;Colisão;;;;Meio de Quadra;;;0;2;0;1;0;0;0;0;0;1;0;0;-38,552223;-3,73314
298356;12;11;2016;02:26;0;AV BEZERRA DE MENEZES;;;;;Colisão;;;;Meio de Quadra;;;0;2;0;0;0;0;0;0;0;0;0;0;;
298357;12;11;2016;04:48;26091;AV JOVITA FEITOSA;AV JOSE JATAHY;;;;Colisão;;;;;;;0;2;0;0;0;0;0;0;0;0;0;0;-38,543936;-3,737273
298358;12;11;2016;05:16;0;RUA CEL JOAQUIM BEZERRA;;;607;;Colisão;Amanhecer;;;Meio de Quadra;;;0;1;1;1;0;0;0;0;0;1;0;0;;
298375;12;11;2016;11:23;25639;RUA BRAZ DE FRANCESCO;RUA TAB FABIAO;;;;Colisão Transversal;Luz do Dia;Bom;Seca;Outros;Não Há Controle;Residencial;0;3;1;1;0;0;0;0;0;1;0;0;-38,567293;-3,733821
298377;12;11;2016;12:32;0;RUA CEL MANUEL ANTONIO LEITE;;;;;Colisão;Luz do Dia;;;Meio de Quadra;;;0;2;0;1;0;0;0;0;0;1;0;0;;
298378;12;11;2016;12:33;0;AV SGT HERMINIO SAMPAIO;;;2148;;Colisão;Luz do Dia;;;Meio de Quadra;;;0;2;0;1;0;0;0;0;0;1;0;0;-38,559698;-3,72623
298379;12;11;2016;12:33;0;AV SGT HERMINIO SAMPAIO;;;2295;;Queda;Luz do Dia;;;Meio de Quadra;;;0;1;0;0;0;0;0;0;0;1;0;0;-38,561229;-3,7265
298380;12;11;2016;12:52;0;AV ALBERTO CRAVEIRO;;;;;Colisão;Luz do Dia;;;Meio de Quadra;;;0;2;0;1;0;0;0;0;0;1;0;0;;
298370;12;11;2016;08:21;0;AV FRANCISCO SA;;;5928;;Colisão Traseira;Luz do Dia;Bom;Seca;Com Via Férrea;Não Há Controle;Comercial;0;0;4;1;0;0;0;0;0;1;0;0;-38,57776;-3,710423
298371;12;11;2016;09:49;0;AV JOSE BASTOS;;;2864;;Colisão;Luz do Dia;;;Meio de Quadra;;;0;2;0;1;0;0;0;0;0;1;0;0;-38,546329;-3,745908
298372;12;11;2016;11:01;11742;RUA DONZELA;RUA PDE ANTONIO NUNES GURGEL;;;;Colisão;Luz do Dia;;;;;;0;2;0;1;0;0;0;0;0;1;0;0;-38,594615;-3,771641
298373;12;11;2016;11:12;0;AV LINEU MACHADO;;;536;;Colisão;Luz do Dia;;;Meio de Quadra;;;0;2;0;1;0;0;0;0;0;1;0;0;-38,576452;-3,765032
298385;12;11;2016;13:27;0;AV CEL CARVALHO;;;857;;Atropelamento;Luz do Dia;;;Meio de Quadra;;;0;1;1;0;0;0;0;0;0;1;0;0;-38,589803;-3,710035
298386;12;11;2016;13:29;0;RUA L CJ VILA VELHA;;;771;;Colisão;Luz do Dia;;;Meio de Quadra;;;0;2;0;0;0;0;0;0;0;0;0;0;;
298387;12;11;2016;13:30;0;AV GAL OSORIO DE PAIVA;;;8020;;Colisão;Luz do Dia;;;Meio de Quadra;;;0;2;0;1;0;0;0;0;0;1;0;0;-38,618158;-3,821315
298388;12;11;2016;14:12;4672;AV MIN JOSE AMERICO;RUA PEDRO LAZAR;;;;Colisão;Luz do Dia;;;;Não Há Controle;Comercial;0;2;0;1;0;0;0;0;0;1;0;0;-38,48929;-3,808267
298383;12;11;2016;13:11;0;RUA GERMANO FRANCK;;;395;;Colisão Lateral;Via Iluminada;Bom;Seca;Meio de Quadra;Semáforo;Comercial;0;0;4;1;1;0;0;0;0;0;0;0;-38,560581;-3,776027
298368;12;11;2016;07:36;0;RUA LUCAS FRANCISCO ANTONIO;;;113;;Colisão;Luz do Dia;;;Meio de Quadra;;;0;2;0;0;0;0;0;0;0;1;0;0;-38,472841;-3,768992
298395;12;11;2016;16:21;0;AV PRO JOSE ARTHUR CARVALHO;;;2569;;Colisão;Luz do Dia;;;Meio de Quadra;;;0;2;0;1;0;0;0;0;0;1;0;0;-38,456671;-3,824091
298396;12;11;2016;17:47;0;RUA GAL BERNARDO FIGUEIREDO;;;1883;;Colisão;Anoitecer;;;Meio de Quadra;;;0;2;0;0;0;0;0;0;0;1;0;0;-38,554002;-3,740139
298397;12;11;2016;17:48;0;RUA PORTO FRANCO;;;539;;Colisão;Anoitecer;;;Meio de Quadra;;;0;2;0;1;0;0;0;0;0;1;0;0;;
298398;12;11;2016;17:59;0;AV SEN FERNANDES TAVORA;;;2983;;Colisão;Anoitecer;;;Meio de Quadra;;;0;2;0;1;0;0;0;0;0;1;0;0;-38,599659;-3,754867
298400;12;11;2016;19:56;0;RUA COS LAFAYETE;;;222;;Queda;;;;Meio de Quadra;;;0;1;0;0;0;0;0;0;0;1;0;0;-38,579779;-3,718267
298393;12;11;2016;15:49;0;AV GAL OSORIO DE PAIVA;;;599;;Colisão;Luz do Dia;;;Meio de Quadra;;;0;2;0;0;0;0;0;0;0;1;0;0;-38,56766;-3,776362
298391;12;11;2016;15:07;0;AV PERIMETRAL;;;2301;;Colisão;Luz do Dia;;;Meio de Quadra;;;0;2;0;0;0;0;0;0;0;1;0;0;;
298575;12;11;2016;18:43;0;RUA MON VICENTE MARTINS;;;1184;;Colisão;;;;Meio de Quadra;;;0;2;0;1;0;0;0;0;0;1;0;0;-38,579933;-3,769611
298576;12;11;2016;18:47;0;RUA BERNARDO MANUEL;;;9968;;Atropelamento;;;;Meio de Quadra;;;0;2;0;1;0;0;0;0;0;0;0;0;-38,553153;-3,804517
298577;12;11;2016;18:50;0;RUA PEDRO DANTAS;;;1027;;Colisão;;;;Meio de Quadra;;;0;2;0;1;0;0;0;0;0;1;0;0;-38,526794;-3,785035
298578;12;11;2016;19:10;0;AV MR HULL;;;3260;;Colisão;;;;Meio de Quadra;;;0;3;0;1;0;0;0;0;0;1;0;0;-38,574509;-3,737324
298579;12;11;2016;19:10;0;AV PRS CASTELO BRANCO;;;791;;Queda;;;;Meio de Quadra;;;0;1;0;0;0;0;0;0;0;1;0;0;-38,530019;-3,720373
298580;12;11;2016;19:28;0;AV MR HULL;;;3280;;Colisão;;;;Meio de Quadra;;;0;1;1;1;0;0;0;0;0;1;0;0;-38,574717;-3,73735
298583;12;11;2016;20:47;0;RUA ESTRELA DO ORIENTE;;;44;;Colisão;;;;Meio de Quadra;;;0;2;0;1;0;0;0;0;0;1;0;0;;
298585;12;11;2016;22:06;0;RUA MARIA DOS SANTOS;;;383;;Colisão;;;;Meio de Quadra;;;0;1;0;0;0;0;0;0;0;1;0;0;;
298586;12;11;2016;22:38;23728;RUA LEBOM MAIA;RUA MON AGOSTINHO;;;;Colisão;;;;Cruz;Não Há Controle;Misto;0;2;0;1;0;0;0;0;0;1;0;0;-38,579197;-3,785799
298587;12;11;2016;22:51;0;RUA PEDRO DE SOUZA;;;540;;Colisão;;;;Meio de Quadra;;;0;2;0;1;0;0;0;0;0;1;0;0;-38,500319;-3,852259
298588;12;11;2016;22:52;0;RUA PEDRO DE SOUZA;;;538;;Colisão;;;;Meio de Quadra;;;0;2;0;0;0;0;0;0;0;0;0;0;-38,500308;-3,852262
298589;12;11;2016;23:58;0;ET PICI;;;343;;Queda;;;;Meio de Quadra;;;0;1;0;0;0;0;0;0;0;1;0;0;-38,578701;-3,762241
298590;13;11;2016;00:13;0;RUA MARTINS NETO;;;174;;Queda;;;;Meio de Quadra;;;0;1;0;0;0;0;0;0;0;1;0;0;;
298591;13;11;2016;02:16;2822;AV GAL OSORIO DE PAIVA;RUA OSCAR ARARIPE;;;;Queda;;;;T;Semáforo;Comercial;0;1;0;0;0;0;0;0;0;1;0;0;-38,591823;-3,794165
298421;13;11;2016;16:46;2976;RUA MARIA JULIA;RUA SAO FRANCISCO D50;;;;Choque c/ Obstáculo Fixo;Luz do Dia;;;Cruz;Pare;Comercial;0;1;0;0;0;0;0;0;0;1;0;0;-38,602742;-3,80092
298429;13;11;2016;17:37;9607;RUA SGT JOAO PINHEIRO;RUA DESCARTES BRAGA;;;;Colisão;Anoitecer;;;;;;1;0;1;1;0;1;0;0;0;0;0;0;-38,624989;-3,790746
298432;13;11;2016;18:24;0;AV SGT HERMINIO SAMPAIO;;;2006;;Colisão;Anoitecer;;;Meio de Quadra;;;0;2;0;1;0;0;0;0;0;1;0;0;-38,558438;-3,725997
298418;13;11;2016;12:57;0;RUA DJALMA PETIT;;;720;;Colisão;Luz do Dia;;;Meio de Quadra;;;0;2;0;1;0;0;0;0;0;1;0;0;-38,512049;-3,765452
298419;13;11;2016;14:37;16307;RUA VIRGILIO NETO;RUA IPAUMIRIM D72;;;;Queda;Luz do Dia;;;;;;0;2;0;0;0;0;0;0;0;1;0;0;-38,566303;-3,830663
298413;13;11;2016;08:30;0;AV PRS CASTELO BRANCO;;;;;Choque c/ Obstáculo Fixo;Luz do Dia;;;Meio de Quadra;;;0;1;0;0;0;0;0;0;0;1;0;0;;
298409;13;11;2016;06:35;0;AV ABOLICAO;;;210;;Colisão;Luz do Dia;;;Meio de Quadra;;;0;2;0;0;0;0;0;0;0;1;0;0;;
298783;13;11;2016;22:24;0;RUA DOM QUINTINO;;;269;;Queda;;;;Meio de Quadra;;;0;1;0;0;0;0;0;0;0;1;0;0;-38,548507;-3,712785
298784;13;11;2016;22:39;0;RUA DO CANAL (TAUAPE);;;;;Colisão;;;;Meio de Quadra;;;0;2;0;1;0;0;0;0;0;1;0;0;;
298780;13;11;2016;22:00;2328;AV FRANCISCO SA;AV CEL CARVALHO;;;;Queda;;;;Cruz;Pare;Comercial;0;1;0;0;0;0;0;0;0;1;0;0;-38,591542;-3,703499
298752;13;11;2016;19:23;0;RUA BERNARDO MANUEL;;;9211;;Colisão;;;;Meio de Quadra;;;0;2;0;1;0;0;0;0;0;1;0;0;-38,551912;-3,800328
298775;13;11;2016;20:18;0;RUA OLIMPIO LEITE;;;310;;Colisão;;;;Meio de Quadra;;;0;2;0;0;0;0;0;0;0;0;0;0;-38,481915;-3,814675
298776;13;11;2016;20:37;0;AV GAL OSORIO DE PAIVA;;;3477;;Colisão;;;;Meio de Quadra;;;0;2;0;1;0;0;0;0;0;1;0;0;-38,589222;-3,79152
298777;13;11;2016;20:38;0;AV JOSE LEON;;;750;;Colisão;;;;Meio de Quadra;;;0;2;0;0;0;0;0;0;0;0;0;0;-38,504793;-3,786992
298778;13;11;2016;20:46;0;RUA URUCUTUBA;;;;;Queda;;;;Meio de Quadra;;;0;1;0;0;0;0;0;0;0;1;0;0;;
298771;13;11;2016;19:30;0;AV D CJ JOSE WALTER;;;100;;Atropelamento;;;;Meio de Quadra;;;0;2;0;1;0;0;0;0;0;0;0;0;-38,554122;-3,83211
298772;13;11;2016;19:40;10113;RUA RAIMUNDO PINHEIRO;RUA CEL FABRICIANO;;;;Colisão;;;;Cruz;Não Há Controle;;0;2;0;1;0;0;0;0;0;1;0;0;-38,596207;-3,786115
298773;13;11;2016;19:58;0;AV RAD JOSE LIMA VERDE;;;1964;;Colisão;;;;Meio de Quadra;;;0;2;0;1;0;0;0;0;0;1;0;0;;
298746;13;11;2016;17:26;0;RUA GOMES DE FREITAS (PLANALTO AYRTON SENNA);;;1501;;Queda;Anoitecer;;;Meio de Quadra;;;0;1;0;0;0;1;0;0;0;0;0;0;;
298642;13;11;2016;14:30;0;RUA IPAUMIRIM D68;;;578;;Queda;Luz do Dia;;;Meio de Quadra;;;0;1;0;0;0;0;0;0;0;1;0;0;;
298646;13;11;2016;15:01;0;RUA AFONSO LOPES;;;509;;Queda;Luz do Dia;;;Meio de Quadra;;;0;1;0;0;0;0;0;0;0;1;0;0;;
298647;13;11;2016;15:38;0;RUA BAR AQUIRAZ;;;1860;;Atropelamento;Luz do Dia;;;Meio de Quadra;;;0;1;0;1;0;0;0;0;0;0;0;0;-38,482832;-3,843112
298639;13;11;2016;12:31;0;AV MR HULL;;;5130;;Colisão;Luz do Dia;;;Meio de Quadra;;;0;2;0;1;0;0;0;0;0;1;0;0;-38,590297;-3,73948
298649;13;11;2016;16:24;15788;RUA PDE PEDRO DE ALENCAR;RUA PERGENTINO MAIA;;;;Colisão;Luz do Dia;;;T;Pare;Comercial;0;2;0;0;0;0;0;0;0;1;0;0;-38,493889;-3,830714
298637;13;11;2016;12:18;0;RUA COELHO NETO;;;820;;Colisão;Luz do Dia;;;Meio de Quadra;;;0;2;0;1;0;0;0;0;0;1;0;0;-38,573783;-3,716849
298654;13;11;2016;16:51;0;AV PRS COSTA E SILVA;;;1736;;Colisão;Luz do Dia;;;Meio de Quadra;;;0;1;1;0;0;0;0;0;0;0;0;0;-38,56557;-3,817529
298655;13;11;2016;17:12;0;AV PERIMETRAL;;;;;Queda;Anoitecer;;;Meio de Quadra;;;0;1;0;0;0;0;0;0;0;1;0;0;;
298656;13;11;2016;17:24;0;RUA TULIPA;;;889;;Colisão;Anoitecer;;;Meio de Quadra;;;0;2;0;1;0;0;0;0;0;1;0;0;;
298652;13;11;2016;16:28;22392;RUA SABIAGUABA;RUA MANUEL DE CASTRO FEITOSA;;;;Colisão;Luz do Dia;;;;;;0;1;0;0;0;0;0;0;0;1;0;0;-38,4347;-3,780411
298617;13;11;2016;06:42;0;AV AUGUSTO DOS ANJOS;;;6510;;Atropelamento;Luz do Dia;;;Meio de Quadra;;;0;1;1;0;0;0;0;0;0;1;0;0;;
298599;13;11;2016;03:07;0;AV CARNEIRO DE MENDONCA;;;1460;;Atropelamento;;;;Meio de Quadra;;;0;2;0;1;0;0;0;0;0;0;0;0;-38,571664;-3,761478
298600;13;11;2016;04:07;0;AV PRS CASTELO BRANCO;;;;;Atropelamento;;;;Meio de Quadra;;;0;2;0;1;0;0;0;0;0;0;0;0;;
298601;13;11;2016;05:56;0;RUA MORAUJO;;;701;;Colisão;Amanhecer;;;Meio de Quadra;;;0;2;0;1;0;0;0;0;0;1;0;0;;
298632;13;11;2016;10:22;0;RUA DEP MATOSO FILHO;;;1031;;Colisão;Luz do Dia;;;Meio de Quadra;;;0;2;0;1;0;0;0;0;0;1;0;0;-38,592737;-3,733445
298633;13;11;2016;10:27;0;TR DO CAMPO UI 303;;;;;Colisão;Luz do Dia;;;Meio de Quadra;;;0;2;0;1;0;0;0;0;0;1;0;0;;
298635;13;11;2016;13:39;0;RUA 23 DE JUNHO;;;2071;;Colisão;Luz do Dia;;;Meio de Quadra;;;0;2;0;1;0;0;0;0;0;1;0;0;-38,609687;-3,781492
298620;13;11;2016;08:50;0;AV DR SILAS MUNGUBA;;;858;;Atropelamento;Luz do Dia;;;Meio de Quadra;;;0;2;0;0;1;0;0;0;0;0;0;0;-38,558088;-3,780933
292456;13;11;2016;08:30;0;AV AUGUSTO DOS ANJOS;;;150;TERMINAL LAGOA;Atropelamento;Luz do Dia;;;Meio de Quadra;;;1;0;1;0;0;0;0;0;0;1;0;0;-38,570436;-3,77018
292453;13;11;2016;10:30;0;RUA CRISTO SALVADOR;RUA PAP PAULO VI;;113;;Colisão Transversal;Luz do Dia;Bom;Seca;Meio de Quadra;Pare;Residencial;1;0;2;1;0;0;0;0;0;1;0;0;-38,542494;-3,814851