COD_ACIDENTE;DIA;MES;ANO;HORA;INTERSECAO;LOG1;LOG2;LOG3;NUMERO;REFERENCIA;NATUREZA;ILUMINACAO;TEMPO;SUPERFICIEPISTA;TIPOCRUZAMENTO;CONTROLETRAFEGO;USOSOLO;MORTOS;FERIDOS;ILESOS;AUTOMOVEL;ONIBUS;BICICLETA;CAMINHAO;MICROONIBUS;CICLOMOTOR;MOTOCICLETA;TRACAOANIMAL;TREM;LONG;LAT
292426;13;11;2016;13:08;0;AV JOR THOMAZ COELHO;;;;LAGOA DA MESSEJANA;Engavetamento;Luz do Dia;;;Meio de Quadra;;;0;0;3;1;0;0;0;0;0;0;0;0;;
292422;13;11;2016;02:05;10995;RUA ALM RUBIM;RUA 15 DE NOVEMBRO;;;;Colisão Traseira;;;;Cruz;Semáforo;Comercial;0;1;1;1;0;0;0;0;0;0;0;0;-38,555939;-3,768907
292424;13;11;2016;03:15;0;AV CARNEIRO DE MENDONCA;;;1494;;Atropelamento;;;;Meio de Quadra;;;0;2;1;1;0;0;0;0;0;0;0;0;-38,571998;-3,761298
292428;13;11;2016;13:15;0;RUA BENTO ALBUQUERQUE;;;1360;;Colisão Lateral;Luz do Dia;;;Meio de Quadra;;;0;0;2;1;0;0;0;0;0;0;0;0;-38,476966;-3,74575
292429;13;11;2016;02:00;7637;RUA NETUNO;AV CARNEIRO DE MENDONCA;;;;Colisão Frontal;;;;T;Não Há Controle;Comercial;0;0;2;1;0;0;0;0;0;0;0;0;-38,571592;-3,761518
292430;13;11;2016;03:40;0;AV CARNEIRO DE MENDONCA;;;1404;;Colisão Lateral;;;;Meio de Quadra;;;0;2;1;1;0;0;0;0;0;1;0;0;;
292431;13;11;2016;19:47;0;AV SGT HERMINIO SAMPAIO;;;2006;;Colisão Lateral;;;;Meio de Quadra;;;0;1;1;1;0;0;0;0;0;1;0;0;-38,558438;-3,725997
302600;13;11;2016;05:09;22124;RUA PRO COSTA MENDES;RUA MAJ PEDRO SAMPAIO;;0;;Colisão Transversal;Luz do Dia;Bom;Seca;Cruz;Pare;Comercial;0;0;1;1;0;0;0;0;0;0;0;0;-38,554665;-3,747674
302601;13;11;2016;09:05;7646;RUA ESTADO DO RIO;RUA ALAGOAS;;0;;Colisão Transversal;Luz do Dia;Bom;Seca;Cruz;Pare;Residencial;0;0;2;0;0;0;0;0;0;0;0;0;-38,571323;-3,759172
302603;13;11;2016;12:39;17311;RUA ROMEU MARTINS;RUA JOAO FIRMINO;;0;;Colisão Transversal;Luz do Dia;Bom;Seca;Cruz;Pare;Residencial;0;0;2;1;0;0;0;0;0;0;0;0;-38,555582;-3,764274
302604;13;11;2016;13:57;25517;AV PDE ANTONIO TOMAS;RUA DES WALDETARIO P MOTA;;0;;Colisão Traseira;Luz do Dia;Bom;Seca;T;Semáforo;Residencial;0;0;2;1;0;0;0;0;0;0;0;0;;
302605;13;11;2016;14:00;15227;AV DES MOREIRA;AV ABOLICAO;;0;;Colisão Lateral;Luz do Dia;Nublado;Seca;Cruz;Semáforo;Comercial;0;0;2;1;1;0;0;0;0;0;0;0;-38,495474;-3,727331
302606;13;11;2016;14:30;0;AV ENG SANTANA JUNIOR;;;2277;;Colisão Traseira;Luz do Dia;Bom;Seca;Meio de Quadra;Não Há Controle;Comercial;0;0;2;1;0;0;0;0;0;0;0;0;-38,486614;-3,742741
299841;13;11;2016;13:20;0;AV SEN CARLOS JEREISSATI (AEROPORTO);;;;KM 03;Colisão;Luz do Dia;Bom;Seca;Meio de Quadra;;;0;0;2;1;0;0;0;0;0;0;0;0;-38,544038;-3,779641
299839;13;11;2016;10:20;0;RD CE-040;;;;KM-13;Colisão;Luz do Dia;Bom;Seca;Meio de Quadra;;;0;0;2;1;0;0;0;0;0;0;0;0;;
294756;13;11;2016;10:30;0;RUA MAISA;;;678;;Atropelamento;Luz do Dia;Bom;Seca;Meio de Quadra;Não Há Controle;Residencial;0;1;2;1;0;0;0;0;0;0;0;0;-38,526969;-3,848742
294758;13;11;2016;14:05;15246;RUA CARLOS VASCONCELOS;RUA TEN BENEVOLO;;;;Colisão Transversal;Luz do Dia;Bom;Seca;Cruz;Semáforo;Residencial;0;2;2;1;0;0;0;0;0;0;0;0;-38,509174;-3,727989
294799;13;11;2016;20:10;5247;AV IMPERADOR;RUA PEDRO PEREIRA;;;;Colisão Lateral;Via Iluminada;Bom;Seca;Cruz;Semáforo;Comercial;0;0;4;1;0;0;0;0;0;0;0;0;-38,534609;-3,727714
294801;13;11;2016;20:30;12359;RUA JOCKEY CLUBE;RUA BRI TORRES;;;;Colisão;;;;;;;0;1;1;1;0;0;0;0;0;1;0;0;;
294807;14;11;2016;20:00;7057;AV MON HELIO CAMPOS D22;RUA 05 UI;;;;Choque c/ Obstáculo Fixo;;;;;;;0;0;1;0;0;0;0;0;0;0;0;0;-38,564307;-3,705783
296212;14;11;2016;07:30;0;RD BR 116;;;1000;KM-01;Colisão Lateral;Luz do Dia;;;Meio de Quadra;;;0;1;1;1;0;0;0;0;0;1;0;0;-38,518702;-3,762554
296233;14;11;2016;11:20;0;RD BR 116;;;12000;KM-12;Colisão Lateral;Luz do Dia;;;Meio de Quadra;;;0;0;2;1;0;0;1;0;0;0;0;0;-38,496066;-3,85574
296239;14;11;2016;15:20;0;RD BR 116;;;900;KM-06;Tombamento;Luz do Dia;;;Meio de Quadra;;;0;1;1;0;0;0;0;0;0;1;0;0;-38,50238198;-3,805924279
299860;14;11;2016;11:00;0;AV MIN JOSE AMERICO;;;;;Colisão;Luz do Dia;Bom;Seca;Meio de Quadra;;;0;1;1;1;0;0;0;0;0;1;0;0;;
299861;14;11;2016;16:50;0;RD CE-040;;;;KM-08;Colisão;Luz do Dia;Bom;Seca;Meio de Quadra;;;0;0;2;1;0;0;0;0;0;0;0;0;-38,483033;-3,817159
302607;14;11;2016;06:30;0;AV AGUANAMBI;;;605;;Choque c/ Obstáculo Fixo;Via Iluminada;Bom;Seca;Meio de Quadra;Não Há Controle;Comercial;0;0;1;1;0;0;0;0;0;0;0;0;-38,525957;-3,741846
302608;14;11;2016;07:00;15409;RUA HOMEM DE MELO;RUA FARIAS LEMOS;;0;;Colisão Transversal;Luz do Dia;Bom;Seca;Cruz;Pare;Comercial;0;0;2;1;0;0;0;0;0;0;0;0;-38,493445;-3,815172
302609;14;11;2016;08:33;1337;AV SANTOS DUMONT;RUA OSVALDO CRUZ (ALDEOTA);;;;Colisão Lateral;Luz do Dia;Bom;Seca;Cruz;Semáforo;Comercial;0;2;1;1;0;0;0;0;0;1;0;0;-38,500317;-3,735602
302610;14;11;2016;08:56;0;RUA SAMUEL UCHOA;;;68;;Colisão Lateral;Luz do Dia;Bom;Seca;Meio de Quadra;Não Há Controle;Residencial;0;0;2;1;0;0;0;0;0;0;0;0;-38,541904;-3,757444
302611;14;11;2016;07:55;8979;AV DUQ CAXIAS;RUA JUSTINIANO DE SERPA;;0;;Colisão Transversal;Luz do Dia;Bom;Seca;Cruz;Pare;Comercial;0;0;2;0;0;0;0;0;0;0;0;0;-38,542701;-3,727637
302612;14;11;2016;09:53;0;RUA OSVALDO CRUZ;RUA DES LEITE ALBUQUERQUE;;0;;Colisão Transversal;Luz do Dia;Bom;Seca;Cruz;Pare;Comercial;0;0;2;1;0;0;0;0;0;0;0;0;;
302613;14;11;2016;15:02;0;AV 13 DE MAIO;;;1579;;Colisão Traseira;Luz do Dia;Bom;Seca;Meio de Quadra;Semáforo;Comercial;0;0;4;1;0;0;0;0;0;0;0;0;-38,532624;-3,746502
302614;14;11;2016;17:14;1623;AV SEN VIRGILIO TAVORA;RUA GAL TERTULIANO POTYGUARA;;0;;Colisão Transversal;Luz do Dia;Bom;Não informada;Cruz;Semáforo;Residencial;0;0;2;1;0;0;0;0;0;0;0;0;-38,495684;-3,74471
302615;14;11;2016;17:40;25062;AV DOS EXPEDICIONARIOS;RUA PDE AMBROSIO MACHADO;;0;;Colisão Lateral;Via Iluminada;Bom;Não informada;Cruz;Pare;Residencial;0;0;2;1;0;0;0;0;0;0;0;0;-38,539946;-3,760838
302638;14;11;2016;05:00;0;RUA ERICO MOTA;;;881;;Choque c/ Obstáculo Fixo;Amanhecer;Bom;Seca;Meio de Quadra;Não Há Controle;Residencial;0;0;1;1;0;0;0;0;0;0;0;0;-38,561087;-3,74464
302617;14;11;2016;18:58;0;RUA CEL DIONISIO ALENCAR;;;1450;;Colisão Lateral;Via Iluminada;Bom;Seca;Meio de Quadra;Não Há Controle;Comercial;0;0;2;1;0;0;0;0;0;0;0;0;;
302618;14;11;2016;18:40;0;AV AGUANAMBI;;;1953;;Colisão Lateral;Via Iluminada;Bom;Seca;Meio de Quadra;Semáforo;Comercial;0;0;2;1;1;0;0;0;0;0;0;0;-38,52347;-3,754034
302619;14;11;2016;19:49;0;ET DO FIO (MESSEJANA);RUA REGINA SA (LAGOA REDONDA);;0;;Colisão Transversal;Via Iluminada;Bom;Seca;T;Pare;Rural;0;1;1;0;0;0;0;0;0;1;0;0;;
292419;14;11;2016;14:50;0;AV DEP PAULINO ROCHA;;;;;Colisão Lateral;Luz do Dia;Bom;Seca;Meio de Quadra;;Comercial;0;0;2;1;0;0;1;0;0;0;0;0;;
292420;14;11;2016;15:00;0;RUA AFONSO LOPES;;;;;Colisão Transversal;Luz do Dia;Bom;Seca;Meio de Quadra;Pare;Residencial;0;0;2;1;0;0;0;0;0;1;0;0;;
292436;14;11;2016;09:30;0;RUA ALMEIDA PRADO;;;;;Colisão Lateral;Luz do Dia;Bom;Seca;Meio de Quadra;Semáforo;Comercial;0;1;1;0;0;0;0;0;0;1;0;0;;
292441;14;11;2016;00:30;0;RUA AZEVEDO BOLAO;;;639;;Colisão Lateral;Via Iluminada;Bom;Seca;Meio de Quadra;Não Há Controle;Comercial;0;1;1;0;0;0;0;0;0;1;0;0;-38,549967;-3,73506
292442;14;11;2016;14:10;0;AV SEN CARLOS JEREISSATI (AEROPORTO);;;;;Colisão Traseira;Luz do Dia;Bom;Seca;Outros;Não Há Controle;Outros;0;0;2;1;0;0;0;0;0;0;0;0;;
292447;14;11;2016;18:25;0;RUA ILDEFONSO ALBANO;;;1736;;Colisão Traseira;Anoitecer;Bom;Seca;Meio de Quadra;Não Há Controle;Comercial;0;0;2;1;0;0;0;0;0;0;0;0;-38,514173;-3,736312
292444;14;11;2016;01:55;0;AV ENG JOSÉ GUIMARÃES;;;154;;Colisão Lateral Sentido Oposto;Via Iluminada;Bom;Seca;Meio de Quadra;Não Há Controle;Residencial;0;0;3;1;0;0;0;0;0;0;0;0;;
292445;14;11;2016;11:40;0;AV OLIVEIRA PAIVA;;;1441;;Colisão Transversal;Luz do Dia;Bom;Seca;Meio de Quadra;Não Há Controle;Comercial;0;0;2;1;0;0;0;0;0;0;0;0;-38,493659;-3,795555
292464;14;11;2016;18:15;0;RD BR 116;;;12000;KM-12;Atropelamento;Anoitecer;;;Meio de Quadra;;;1;0;1;0;0;0;0;0;0;0;0;0;-38,496066;-3,85574
292497;14;11;2016;17:07;329;RUA FRANCISCA CLOTILDE;RUA ALEXANDRE BARAUNA;;;;Colisão Transversal;Anoitecer;Bom;Seca;Cruz;Pare;Residencial;0;0;2;1;0;0;0;1;0;0;0;0;-38,554975;-3,745033
292493;14;11;2016;11:30;15244;RUA DEP MOREIRA DA ROCHA;RUA JOSE VILAR;;;;Colisão Frontal;Luz do Dia;Bom;Seca;Cruz;Não Há Controle;Residencial;0;1;1;1;0;0;0;0;0;1;0;0;-38,502113;-3,727832
292484;14;11;2016;09:50;1273;AV SANTOS DUMONT;RUA DR JOSE LOURENCO;;;;Colisão Frontal;Luz do Dia;Bom;Seca;Cruz;Pare;Comercial;0;0;2;1;0;0;0;0;0;0;0;0;-38,50738;-3,733299
292490;14;11;2016;09:00;0;AV GAL OSORIO DE PAIVA;;;;;Colisão Traseira;Luz do Dia;Bom;Seca;Meio de Quadra;Não Há Controle;Comercial;0;0;2;1;1;0;0;0;0;0;0;0;;
292462;14;11;2016;06:45;0;AV PRS CASTELO BRANCO;;;;;Atropelamento;Luz do Dia;;;Meio de Quadra;;;1;0;1;0;0;0;0;0;0;0;0;0;;
298785;14;11;2016;00:00;0;AV PRS CASTELO BRANCO;;;;;Colisão;;;;Meio de Quadra;;;0;1;0;0;0;0;0;0;0;1;0;0;;
298786;14;11;2016;06:35;19298;RUA CARLOS AMORA;RUA 7 DE SETEMBRO;;;;Colisão;Luz do Dia;;;T;Não Há Controle;Comercial;0;2;0;0;0;0;0;0;0;0;0;0;-38,564122;-3,774601
298787;14;11;2016;06:40;0;AV FILOMENO GOMES;;;100;LICEU;Atropelamento;Luz do Dia;;;Meio de Quadra;;;0;2;0;0;0;0;0;0;0;0;0;0;-38,541483;-3,72383
298788;14;11;2016;07:13;0;AV ALBERTO CRAVEIRO;;;1480;;Colisão;Luz do Dia;;;Meio de Quadra;;;0;2;0;1;0;0;0;0;0;1;0;0;-38,517613;-3,793148
298789;14;11;2016;07:31;12733;RUA QUINTINO CUNHA;RUA ANA NERY;;684;;Colisão Lateral;Luz do Dia;Bom;Seca;Cruz;Pare;Residencial;0;2;3;1;0;0;0;0;0;1;0;0;-38,544759;-3,751332
298790;14;11;2016;07:33;0;AV BORGES DE MELO;;;;;Colisão;Luz do Dia;;;Meio de Quadra;;;0;2;0;1;0;0;0;0;0;1;0;0;;
298791;14;11;2016;07:48;0;AV FRANCISCO SA;;;6650;;Colisão;Luz do Dia;;;Meio de Quadra;;;0;2;0;1;0;0;0;0;0;1;0;0;;
298792;14;11;2016;08:26;0;RUA FLORIANO PEIXOTO;;;607;;Colisão;Luz do Dia;;;Meio de Quadra;;;0;2;0;1;0;0;0;0;0;1;0;0;-38,527279;-3,727672
298801;14;11;2016;09:36;25063;RUA ARMANDO MONTEIRO;AV DOS EXPEDICIONARIOS;;;;Colisão;Luz do Dia;;;Cruz;Pare;Residencial;0;2;0;1;0;0;0;0;0;1;0;0;-38,540372;-3,76223
298821;14;11;2016;19:52;0;AV AUGUSTO DOS ANJOS;;;2250;;Colisão;;;;Meio de Quadra;;;0;2;0;1;0;0;0;0;0;1;0;0;-38,584276;-3,78627
298828;14;11;2016;10:44;0;AV ENG SANTANA JUNIOR;;;;;Colisão;Luz do Dia;;;Meio de Quadra;;;0;2;0;1;0;0;0;0;0;1;0;0;;
298894;14;11;2016;21:24;0;AV GAL OSORIO DE PAIVA;;;8050;;Colisão;;;;Meio de Quadra;;;0;2;0;0;0;0;0;0;0;0;0;0;-38,618267;-3,821427
298889;14;11;2016;20:11;5415;RUA GAL CLARINDO DE QUEIROZ;RUA FLORIANO PEIXOTO;;;;Colisão Transversal;Via Iluminada;Bom;Seca;Cruz;Não Há Controle;Comercial;0;1;2;1;0;0;0;0;0;1;0;0;-38,529027;-3,733049
298891;14;11;2016;20:28;9168;AV LUCIANO CARNEIRO;AV BORGES DE MELO;;;;Colisão;;;;Cruz;Semáforo Intermitente;Comercial;0;2;0;1;0;0;0;0;0;1;0;0;-38,534097;-3,756465
298892;14;11;2016;20:58;0;AV JOSE JATAHY;;;;;Colisão;;;;Meio de Quadra;;;0;2;0;1;0;0;0;0;0;1;0;0;;
298882;14;11;2016;19:19;0;RD BR 116;;;;;Colisão;;;;Meio de Quadra;;;0;2;0;0;0;0;0;0;0;0;0;0;;
298886;14;11;2016;19:57;0;RUA ILDEFONSO ALBANO;;;;;Colisão;;;;Meio de Quadra;;;0;1;1;0;0;0;0;0;0;0;0;0;;
298887;14;11;2016;20:06;0;AV PERIMETRAL;;;1717;;Colisão;;;;Meio de Quadra;;;0;2;0;1;0;0;0;0;0;0;0;0;;
298855;14;11;2016;11:11;0;AV 20 DE JANEIRO;;;1101;;Atropelamento;Luz do Dia;;;Meio de Quadra;;;0;2;0;0;0;0;0;0;0;1;0;0;-38,579638;-3,7063
298856;14;11;2016;11:21;0;AV GAL OSORIO DE PAIVA;;;4455;;Colisão;Luz do Dia;;;Meio de Quadra;;;0;2;0;1;0;0;0;0;0;1;0;0;-38,595093;-3,797535
298857;14;11;2016;11:27;0;AV GAL OSORIO DE PAIVA;;;4467;;Colisão;Luz do Dia;;;Meio de Quadra;;;0;2;0;1;0;0;0;0;0;1;0;0;-38,595208;-3,797648
298858;14;11;2016;11:48;6750;RUA VILEBALDO AGUIAR;RUA BATISTA DE OLIVEIRA;;;;Colisão;Luz do Dia;;;Cruz;Não Há Controle;Residencial;0;2;0;1;0;0;0;0;0;1;0;0;-38,480134;-3,743019
298862;14;11;2016;13:14;25008;RUA TEODOMIRO DE CASTRO;RUA SILVIO ROMERO;;4585;;Colisão Lateral;Via Iluminada;Bom;Seca;Não Informado;Não Há Controle;Residencial;0;0;4;1;1;0;0;0;0;0;0;0;-38,570794;-3,719538
298864;14;11;2016;13:23;0;ET PAVUNA;;;1000;;Colisão;Luz do Dia;;;Meio de Quadra;;;0;2;0;0;0;0;0;0;0;1;0;0;-38,557118;-3,812008
298866;14;11;2016;15:48;0;RUA ANGELICA GURGEL;;;195;;Colisão;Luz do Dia;;;Meio de Quadra;;;0;2;0;1;0;0;0;0;0;1;0;0;-38,49905;-3,834185
298879;14;11;2016;18:51;0;AV VIENA WEYNE;;;955;;Queda;;;;Meio de Quadra;;;0;1;0;0;0;0;0;0;0;1;0;0;-38,48596;-3,801781
298880;14;11;2016;19:18;0;AV JOSE JATAHY;;;;;Colisão;;;;Meio de Quadra;;;0;2;0;1;0;0;0;0;0;1;0;0;;
298872;14;11;2016;17:31;23481;RUA CRUZ ABREU;RUA PRO CARVALHO;;;;Colisão Transversal;Luz do Dia;Bom;Seca;Cruz;Pare;Residencial;0;3;1;1;0;0;0;0;0;1;0;0;-38,513917;-3,758009
298873;14;11;2016;18:06;0;RUA PDE PEDRO DE ALENCAR;;;2310;;Colisão;Anoitecer;;;Meio de Quadra;;;0;2;0;0;0;0;1;0;0;1;0;0;-38,494803;-3,848328
298874;14;11;2016;18:11;19271;RUA CAIO PRADO;AV GAL OSORIO DE PAIVA;;;;Colisão;Anoitecer;;;Cruz;Pare;Comercial;0;2;0;0;0;0;1;0;0;1;0;0;-38,563447;-3,77319
298433;14;11;2016;00:02;0;RD BR 116;;;2928;POSTO TIGRÃO;Atropelamento;;;;Meio de Quadra;;;0;1;1;1;0;0;0;0;0;0;0;0;-38,501748;-3,816299
298440;14;11;2016;07:36;0;RD BR 116;;;1000;KM-01;Colisão;Luz do Dia;;;Meio de Quadra;;;0;1;1;1;0;0;0;0;0;1;0;0;-38,518702;-3,762554
298436;14;11;2016;07:16;0;RUA WALDIR DIOGO;;;396;;Colisão;Luz do Dia;;;Meio de Quadra;;;0;2;0;1;0;0;0;0;0;1;0;0;-38,58162;-3,806779
298457;14;11;2016;14:12;0;RUA AMADOR BUENO;;;1700;;Queda;Luz do Dia;;;Meio de Quadra;;;0;1;0;0;0;0;0;0;0;1;0;0;;
298459;14;11;2016;14:17;0;AV GODOFREDO MACIEL;;;4739;;Colisão;Luz do Dia;;;Meio de Quadra;;;0;2;0;1;0;0;0;0;0;1;0;0;-38,574582;-3,816977
298461;14;11;2016;14:18;0;AV I CJ JOSE WALTER;;;1219;;Colisão;Luz do Dia;;;Meio de Quadra;;;0;2;0;1;0;0;0;0;0;1;0;0;-38,553853;-3,835476
298449;14;11;2016;13:40;0;RUA BERNARDO MANUEL;;;1000;;Colisão;Luz do Dia;;;Meio de Quadra;;;0;2;0;1;0;0;0;0;0;1;0;0;;
298479;14;11;2016;22:32;735;AV DR THEBERGE;AV TEN LISBOA;;;;Colisão Lateral;Anoitecer;Bom;Seca;T;Pare;Residencial;0;0;4;1;1;0;0;0;0;0;0;0;-38,566942;-3,720711
298466;14;11;2016;14:22;0;RUA CEL FRANCISCO ALVES RIBEIRO;;;1300;;Queda;Luz do Dia;;;Meio de Quadra;;;0;1;0;0;0;0;0;0;0;1;0;0;;
298472;14;11;2016;18:50;0;RUA PRO COSTA MENDES;;;2000;;Colisão;Luz do Dia;;;Meio de Quadra;;;0;2;0;1;0;0;0;0;0;1;0;0;-38,55546;-3,746949
298473;14;11;2016;19:57;1478;RUA ILDEFONSO ALBANO;TR GUANABARA;;;;Colisão;;;;T;Semáforo;Residencial;0;2;0;1;0;0;0;0;0;1;0;0;-38,515282;-3,739103
297780;14;11;2016;14:11;0;AV OLIVEIRA PAIVA;;;444;;Colisão;Luz do Dia;;;Meio de Quadra;;;0;2;0;1;0;0;0;0;0;1;0;0;-38,501296;-3,797777
298482;15;11;2016;00:08;0;AV GAL OSORIO DE PAIVA;;;2100;;Queda;;;;Meio de Quadra;;;0;1;0;0;0;0;0;0;0;1;0;0;-38,580521;-3,784506
298490;15;11;2016;02:28;0;AV PRS COSTA E SILVA;;;1726;;Colisão Lateral;Via Iluminada;Bom;Seca;Meio de Quadra;Não Há Controle;Comercial;0;1;2;1;0;0;0;0;0;1;0;0;-38,56614;-3,817247
298493;15;11;2016;03:08;0;AV GAL OSORIO DE PAIVA;;;7775;;Colisão;;;;Meio de Quadra;;;0;1;0;1;0;0;0;0;0;1;0;0;-38,617259;-3,820401
298484;15;11;2016;00:28;0;AV ALBERTO CRAVEIRO;;;500;;Choque c/ Obstáculo Fixo;;;;Meio de Quadra;;;0;2;0;1;0;0;0;0;0;0;0;0;-38,516614;-3,782947
298500;15;11;2016;06:29;0;RUA LUIZ FCO XAVIER;;;550;;Colisão;Luz do Dia;;;Meio de Quadra;;;0;2;0;1;0;0;0;0;0;1;0;0;;
298515;15;11;2016;12:32;0;AV FRE CIRILO;;;3649;;Colisão;Luz do Dia;;;Meio de Quadra;;;0;2;0;1;0;0;0;0;0;1;0;0;-38,497977;-3,816019
298516;15;11;2016;15:10;7328;RUA PRO EDGAR DE ARRUDA;RUA MANAUS;;;;Colisão;Luz do Dia;;;Cruz;Pare;Residencial;0;1;1;1;0;0;0;0;0;1;0;0;-38,591676;-3,754542
298517;15;11;2016;15:54;659;RUA ANA FACO;RUA CRUZEIRO DO SUL;;;;Colisão;Luz do Dia;;;Cruz;Não Há Controle;Misto;0;2;0;1;0;0;0;0;0;1;0;0;-38,562314;-3,714368
298518;15;11;2016;17:59;24978;AV ALM HENRIQUE SABOIA;RUA ISRAEL BEZERRA;;;;Colisão;Anoitecer;;;T;Não Há Controle;Misto;0;1;1;1;0;0;0;0;0;1;0;0;-38,494433;-3,75016
298519;15;11;2016;19:02;17927;RUA EVANDRO LUZ;RUA GAL GOIS MONTEIRO;;;;Colisão Lateral;Via Iluminada;Bom;Seca;Cruz;Pare;Residencial;0;1;4;1;0;0;0;0;0;0;0;0;-38,577205;-3,733501
298528;15;11;2016;19:55;5662;AV JOSE LEON;RUA VICENTE LOPES;;;;Colisão;;;;Cruz;Pare;Comercial;0;2;0;1;0;0;0;0;0;1;0;0;-38,494897;-3,789544
298529;15;11;2016;21:35;0;AV COSTA OESTE;;;;;Queda;;;;Meio de Quadra;;;0;1;0;0;0;0;0;0;0;1;0;0;;
298526;15;11;2016;19:46;0;AV ENG LEAL LIMA VERDE (SAPIRANGA/COITE);;;2390;;Atropelamento;;;;Meio de Quadra;;;0;1;1;1;0;0;0;0;0;0;0;0;-38,474461;-3,810125
298901;15;11;2016;02:00;0;AV PERIMETRAL;;;1064;;Colisão;;;;Meio de Quadra;;;0;2;0;0;0;0;0;0;0;0;0;0;-38,589994;-3,785458
298899;15;11;2016;00:03;0;AV ALBERTO CRAVEIRO;;;;;Colisão;;;;Meio de Quadra;;;0;2;0;1;0;0;0;0;0;0;0;0;;
298920;15;11;2016;05:25;0;AV RAD JOSE LIMA VERDE;;;;;Colisão;Amanhecer;;;Meio de Quadra;;;0;1;0;0;0;0;0;0;0;1;0;0;;
299001;15;11;2016;20:46;0;AV PRS CASTELO BRANCO;;;;;Colisão;;;;Meio de Quadra;;;0;2;0;1;0;0;0;0;0;1;0;0;;
299003;15;11;2016;22:39;1898;RUA AUGUSTA BENEVIDES;RUA HONORINA MAIA;;;;Colisão Lateral;Mal Iluminada;Bom;Seca;T;Pare;Residencial;0;0;2;0;0;0;0;0;0;0;0;0;-38,501468;-3,849771
299004;15;11;2016;23:51;0;RUA FRE ODILON;;;624;;Colisão;;;;Meio de Quadra;;;0;2;0;0;0;0;0;0;0;1;0;0;;
298986;15;11;2016;20:21;0;AV PRS CASTELO BRANCO;;;;;Colisão;;;;Meio de Quadra;;;0;2;0;0;0;0;0;0;0;0;0;0;;
298984;15;11;2016;19:55;0;RUA LEONEL CHAVES;;;306;;Colisão;;;;Meio de Quadra;;;0;2;0;1;0;0;0;0;0;0;0;0;-38,568675;-3,774021
298989;15;11;2016;20:32;0;RUA BULGARIA;;;710;;Colisão;;;;Meio de Quadra;;;0;2;0;0;0;0;0;0;0;1;0;0;-38,579509;-3,797871
298982;15;11;2016;19:53;0;RUA CON DE CASTRO;;;8751;;Colisão;;;;Meio de Quadra;;;0;2;0;0;0;0;0;0;0;0;0;0;-38,604366;-3,821763
298980;15;11;2016;19:40;0;RUA CON DE CASTRO;;;875;;Colisão;;;;Meio de Quadra;;;0;2;0;0;0;0;0;0;0;0;0;0;;
298978;15;11;2016;19:31;0;AV BEZERRA DE MENEZES;;;944;;Colisão;;;;Meio de Quadra;;;0;1;0;0;0;1;0;0;0;0;0;0;-38,553318;-3,733367
298972;15;11;2016;19:07;0;AV PERIMETRAL;;;315;;Colisão;;;;Meio de Quadra;;;0;2;0;1;0;0;0;0;0;1;0;0;;
298973;15;11;2016;19:27;21526;RUA EDUARDO ARAUJO;RUA SAO FIDELIS D71;;;;Colisão;;;;;;;0;2;0;1;0;0;0;0;0;1;0;0;-38,592713;-3,821242
298967;15;11;2016;16:47;0;RD BR 116;;;12000;KM-12;Atropelamento;Luz do Dia;;;Meio de Quadra;;;0;2;0;0;0;0;1;0;0;0;0;0;-38,496066;-3,85574
298968;15;11;2016;17:47;0;AV C CJ CEARA;;;555;;Colisão;Anoitecer;;;Meio de Quadra;;;0;2;0;1;0;0;0;0;0;1;0;0;-38,609904;-3,763575
298969;15;11;2016;18:39;0;AV GODOFREDO MACIEL;;;2525;;Colisão Lateral;Via Iluminada;Bom;Seca;Meio de Quadra;Não Há Controle;Comercial;0;1;3;1;0;0;0;0;0;1;0;0;-38,570061;-3,796928
298954;15;11;2016;14:09;0;RUA PORTO ALEGRE;;;2115;;Colisão;Luz do Dia;;;Meio de Quadra;;;0;2;0;1;0;0;0;0;0;1;0;0;;
298944;15;11;2016;12:18;0;AV NORTE;AV PINTO BANDEIRA D56;;;;Colisão Transversal;Luz do Dia;Bom;Seca;Cruz;Dê Preferência;Residencial;0;3;2;1;0;0;0;0;0;1;0;0;;
298945;15;11;2016;12:27;0;AV DR THEBERGE;;;1620;;Colisão;Luz do Dia;;;Meio de Quadra;;;0;2;0;1;0;0;0;0;0;1;0;0;-38,565222;-3,715473
298947;15;11;2016;12:56;0;AV SANTOS DUMONT;;;7580;;Colisão;Luz do Dia;;;Meio de Quadra;;;0;2;0;1;0;0;0;0;0;1;0;0;-38,466613;-3,746469
298948;15;11;2016;13:40;0;RUA PORTO ALEGRE;;;1305;;Colisão;Luz do Dia;;;Meio de Quadra;;;0;2;0;1;0;0;0;0;0;1;0;0;;
298949;15;11;2016;13:46;18152;AV DIOGUINHO;RUA ANTONIO A RODRIGUES;;;;Colisão Lateral;Luz do Dia;Bom;Seca;T;Pare;Lazer;0;0;4;1;0;0;0;1;0;0;0;0;-38,448803;-3,75004
298950;15;11;2016;14:05;0;AV PERIMETRAL;;;;;Queda;Luz do Dia;;;Meio de Quadra;;;0;1;0;0;0;0;0;0;0;1;0;0;;