COD_ACIDENTE;DIA;MES;ANO;HORA;INTERSECAO;LOG1;LOG2;LOG3;NUMERO;REFERENCIA;NATUREZA;ILUMINACAO;TEMPO;SUPERFICIEPISTA;TIPOCRUZAMENTO;CONTROLETRAFEGO;USOSOLO;MORTOS;FERIDOS;ILESOS;AUTOMOVEL;ONIBUS;BICICLETA;CAMINHAO;MICROONIBUS;CICLOMOTOR;MOTOCICLETA;TRACAOANIMAL;TREM;LONG;LAT
298958;15;11;2016;14:23;0;RUA ROBERTO DE CARVALHO;;;;;Colisão;Luz do Dia;;;Meio de Quadra;;;0;2;0;1;0;0;0;0;0;1;0;0;;
298963;15;11;2016;15:05;0;RUA HOLANDA;RUA BETEL;;1690;;Colisão Transversal;Luz do Dia;Bom;Seca;Cruz;Pare;Residencial;0;0;5;1;0;0;0;0;0;0;0;0;-38,559533;-3,803604
298935;15;11;2016;09:52;0;AV CASTELO DE CASTRO;;;388;;Atropelamento;Luz do Dia;;;Meio de Quadra;;;0;2;0;1;0;0;0;0;0;0;0;0;-38,521541;-3,83252
298936;15;11;2016;10:13;0;RUA BENU MARCONDES;;;810;;Colisão;Luz do Dia;;;Meio de Quadra;;;0;2;0;0;0;0;0;0;0;1;0;0;;
298932;15;11;2016;09:03;0;AV HEROIS DO ACRE;;;1001;;Colisão;Luz do Dia;;;Meio de Quadra;;;0;2;0;1;0;0;0;0;0;1;0;0;-38,537849;-3,803155
298922;15;11;2016;06:29;0;RUA FRANCISCO XAVIER;;;550;;Colisão;Luz do Dia;;;Meio de Quadra;;;0;2;0;0;0;0;0;0;0;0;0;0;;
298923;15;11;2016;06:35;0;AV DR SILAS MUNGUBA;;;550;;Colisão;Luz do Dia;;;Meio de Quadra;;;0;2;0;1;0;0;0;0;0;1;0;0;-38,560165;-3,779775
298927;15;11;2016;06:50;0;RUA FRANCISCO XAVIER;;;146;;Colisão;Luz do Dia;;;Meio de Quadra;;;0;2;0;1;0;0;0;0;0;1;0;0;;
292486;15;11;2016;13:00;25036;RUA EDUARDO BEZERRA;RUA CAP MELO;;;;Colisão Frontal;Luz do Dia;Bom;Seca;Cruz;Semáforo;Residencial;0;1;3;1;0;0;0;0;0;0;0;0;-38,513607;-3,753803
292487;15;11;2016;11:15;7832;RUA CEL ALVES TEIXEIRA;RUA SILVA PAULET;;;;Colisão Transversal;Luz do Dia;Bom;Seca;Cruz;Pare;Misto;0;0;2;1;0;0;0;0;0;0;0;0;-38,50935;-3,746554
292474;15;11;2016;07:00;0;AV DR SILAS MUNGUBA;;;565;;Colisão Traseira;Luz do Dia;Bom;Seca;Meio de Quadra;Semáforo;Comercial;0;1;1;1;0;0;0;0;0;0;0;0;;
292475;15;11;2016;09:40;3401;AV JOSE BASTOS;RUA VIRIATO RIBEIRO;;;;Choque c/ Obstáculo Fixo;Luz do Dia;Bom;Seca;T;Semáforo;Comercial;0;0;1;1;0;0;0;0;0;0;0;0;-38,556028;-3,755554
292460;15;11;2016;16:50;7913;RUA VIS MAUA;AV ANTONIO SALES;;;;Colisão Traseira;Luz do Dia;Bom;Seca;Cruz;Pare;Comercial;0;0;2;1;0;0;0;0;0;0;0;0;-38,50242;-3,745429
292432;15;11;2016;11:15;0;RUA SEN POMPEU;;;1520;;Colisão Lateral;Luz do Dia;Bom;Seca;Meio de Quadra;Gesto;Comercial;0;1;1;1;0;0;0;0;0;1;0;0;-38,531165;-3,731992
302620;15;11;2016;07:00;0;RUA MAL BITENCOURT;;;545;;Choque c/ Obstáculo Fixo;Luz do Dia;Bom;Seca;T;Pare;Residencial;0;0;1;1;0;0;0;0;0;0;0;0;-38,529097;-3,788682
302621;15;11;2016;13:17;0;RUA BERNARDO MANUEL;;;7200;;Colisão Transversal;Luz do Dia;Bom;Seca;Cruz;Dê Preferência;Comercial;0;0;2;1;0;0;0;0;0;0;0;0;-38,546051;-3,781188
302622;15;11;2016;19:00;0;AV DR SILAS MUNGUBA;;;1050;;Engavetamento;Via Iluminada;Bom;Seca;Meio de Quadra;Não Há Controle;Comercial;0;0;3;1;0;0;0;0;0;0;0;0;-38,556369;-3,781864
299863;15;11;2016;00:10;0;AV SEN CARLOS JEREISSATI (AEROPORTO);;;;KM 01;Choque c/ Obstáculo Fixo;;Bom;Seca;Meio de Quadra;;;0;1;1;1;0;0;0;0;0;0;0;0;-38,52685;-3,783753
299864;15;11;2016;15:00;0;AV SEN CARLOS JEREISSATI (AEROPORTO);;;;KM 02;Colisão;Luz do Dia;Bom;Seca;Meio de Quadra;;;0;0;2;1;0;0;0;0;0;0;0;0;-38,535424;-3,782194
294808;15;11;2016;10:00;0;RUA LUIZ FCO XAVIER;;;255;;Choque c/ Obstáculo Fixo;Luz do Dia;Nublado;Seca;Meio de Quadra;Não Há Controle;Escola;0;0;3;1;0;0;0;0;0;1;0;0;;
294812;15;11;2016;15:00;15423;AV FRE CIRILO;RUA SILVEIRA DA MOTA;;;;Colisão Transversal;Luz do Dia;;;;;;0;1;1;1;0;0;0;0;0;1;0;0;-38,498012;-3,815944
294824;15;11;2016;07:20;5986;RUA MIN ALBUQUERQUE LIMA;AV J CJ CEARA;;;;Colisão Frontal;Luz do Dia;Bom;Seca;T;Não Há Controle;Residencial;0;0;3;1;0;0;0;0;0;0;0;0;-38,614357;-3,763413
294815;15;11;2016;16:20;15531;AV FRE CIRILO;RUA PAULO SETUBAL;;;;Colisão Transversal;Luz do Dia;;;T;Pare;Comercial;0;1;1;1;0;0;0;0;0;1;0;0;-38,496028;-3,820502
294821;15;11;2016;01:55;9094;AV SORIANO ALBUQUERQUE;AV VIS RIO BRANCO;;;;Colisão Transversal;Via Iluminada;Bom;Seca;Cruz;Semáforo;Residencial;0;1;4;1;0;0;0;0;0;0;0;0;-38,521682;-3,747601
294828;15;11;2016;14:30;0;AV DR ALDY MENTOR;;;;;Choque c/ Obstáculo Fixo;Luz do Dia;;;Meio de Quadra;;;0;0;1;0;0;0;0;0;0;0;0;0;;
294833;16;11;2016;15:35;0;RUA PRO CARVALHO;AV RUI BARBOSA;;;;Colisão Transversal;Luz do Dia;Nublado;Seca;Cruz;Semáforo;Comercial;0;2;2;1;0;0;0;0;0;0;0;0;;
294835;16;11;2016;17:20;19765;RUA CRUZ SALDANHA;RUA PDE GUERRA;;;;Colisão Transversal;Luz do Dia;Bom;Seca;Cruz;Pare;Residencial;0;2;3;1;0;0;0;0;0;0;0;0;-38,553396;-3,738083
294839;16;11;2016;19:30;7892;RUA PRO DIAS DA ROCHA;RUA PRO FRANCISCO GONCALVES;;;;Colisão Transversal;Mal Iluminada;Bom;Seca;Cruz;Pare;Comercial;0;2;1;1;0;0;0;0;0;0;0;0;-38,495852;-3,748582
299865;16;11;2016;06:00;0;RD CE-040;;;;KM-03;Colisão;Luz do Dia;Bom;Seca;Meio de Quadra;;;0;0;2;1;0;0;0;0;0;1;0;0;-38,481799;-3,773616
299867;16;11;2016;10:55;0;RD CE-040;;;;KM-10;Colisão;Luz do Dia;Bom;Seca;Meio de Quadra;;;0;0;2;1;0;0;0;0;0;0;0;0;-38,482466;-3,834451
299873;16;11;2016;10:00;0;RD CE-025;;;;KM-05;Tombamento;Luz do Dia;Bom;Seca;Meio de Quadra;;;0;1;0;0;0;0;0;0;0;1;0;0;-38,435948;-3,809574
301033;16;11;2016;20:45;0;RUA ARATUBA;;;22;;Colisão Traseira;Via Iluminada;Bom;Seca;Meio de Quadra;Não Há Controle;Residencial;0;0;2;1;0;0;0;0;0;0;0;0;-38,535929;-3,743389
299063;16;11;2016;18:34;16044;RUA 26 BATALHAO;RUA MIRTYL MEYER;;;;Colisão;;;;;;;0;2;0;1;0;0;0;0;0;1;0;0;-38,569706;-3,810625
299064;16;11;2016;18:37;0;AV FRANCISCO SA;;;3930;;Colisão;;;;Meio de Quadra;;;0;2;0;1;0;0;0;0;0;1;0;0;-38,560125;-3,71647
299058;16;11;2016;17:42;0;AV CARNEIRO DE MENDONCA;;;;;Colisão;Anoitecer;;;Meio de Quadra;;;0;2;0;0;0;0;0;0;0;0;0;0;;
299071;16;11;2016;19:56;0;RUA WALDIR DIOGO;;;620;;Queda;;;;Meio de Quadra;;;0;1;0;0;0;0;0;0;0;1;0;0;-38,583292;-3,805701
299072;16;11;2016;20:09;19683;RUA AZEVEDO BOLAO;RUA PRO JOSE DE BARCELOS;;;;Atropelamento;;;;Cruz;Gesto;Comercial;0;2;0;1;0;0;0;0;0;0;0;0;-38,55061;-3,735196
299069;16;11;2016;19:25;2436;RUA GRACA ARANHA;AV PRS CASTELO BRANCO;;;;Colisão;;;;;Não Há Controle;Comercial;0;2;0;1;0;0;0;0;0;1;0;0;-38,572655;-3,706856
299066;16;11;2016;19:16;0;RUA RIO GRANDE DO SUL;;;;;Colisão;;;;;;;0;2;0;1;0;0;0;0;0;1;0;0;;
299060;16;11;2016;18:27;0;AV MOZART PINHEIRO DE LUCENA;;;1708;;Colisão;Anoitecer;;;Meio de Quadra;;;0;2;0;1;0;0;0;0;0;1;0;0;-38,595498;-3,71757
299074;16;11;2016;21:22;0;RUA JOAO CRISPIM D65;;;;;Colisão;;;;Meio de Quadra;;;0;2;0;0;0;0;0;0;0;1;0;0;;
299075;16;11;2016;21:28;0;AV JOSE BASTOS;;;4800;;Colisão;;;;;;;0;2;0;1;0;0;0;0;0;1;0;0;-38,559153;-3,757181
299076;16;11;2016;21:50;0;RUA PASSEIO DOS CAJUEIROS;;;1861;;Colisão;;;;Meio de Quadra;;;0;2;0;0;0;0;0;0;0;0;0;0;;
299077;16;11;2016;22:37;0;AV JOSE BASTOS;;;;;Colisão;;;;Meio de Quadra;;;0;2;0;1;0;0;0;0;0;1;0;0;;
299046;16;11;2016;16:55;0;AV SGT HERMINIO SAMPAIO;;;59;;Atropelamento;Luz do Dia;;;Meio de Quadra;;;0;2;0;0;0;0;0;0;0;1;0;0;;
299051;16;11;2016;17:32;0;RUA BARBOSA DE FREITAS;;;;;Colisão;Anoitecer;;;Meio de Quadra;;;0;2;0;1;0;0;0;0;0;0;0;0;;
299039;16;11;2016;15:56;0;RUA ANTERO QUENTAL;;;1447;;Colisão;Luz do Dia;;;Meio de Quadra;;;0;2;0;0;0;0;0;0;0;0;0;0;;
299042;16;11;2016;16:10;0;AV GAL OSORIO DE PAIVA;;;3349;;Colisão;Luz do Dia;;;Meio de Quadra;;;0;2;0;1;0;0;0;0;0;1;0;0;-38,587997;-3,790237
299023;16;11;2016;08:39;0;AV BEIRA MAR;;;1160;;Colisão;Luz do Dia;;;Meio de Quadra;;;0;1;0;0;0;0;0;0;0;1;0;0;-38,509451;-3,720996
299021;16;11;2016;08:37;0;RUA DR CATUNDA GONDIM;;;39;;Colisão;Luz do Dia;;;Meio de Quadra;;;0;2;0;1;0;0;0;0;0;1;0;0;;
299017;16;11;2016;07:52;0;AV DR SILAS MUNGUBA;;;1402;;Colisão Lateral;Luz do Dia;Nublado;Molhada;Meio de Quadra;Não Há Controle;Comercial;0;1;4;1;1;0;0;0;0;1;0;0;-38,554471;-3,78314
299018;16;11;2016;08:14;0;RUA ACRE;;;584;;Colisão;Luz do Dia;;;Meio de Quadra;;;0;2;0;0;0;0;0;0;0;1;0;0;;
299034;16;11;2016;12:44;0;AV LINEU MACHADO;;;;;Colisão;Luz do Dia;;;Meio de Quadra;;;0;2;0;1;0;0;0;0;0;1;0;0;;
299015;16;11;2016;07:49;0;AV PERIMETRAL;;;;;Colisão;Luz do Dia;;;Meio de Quadra;;;0;1;0;0;0;0;0;0;0;1;0;0;;
299032;16;11;2016;12:14;13217;AV J CJ JOSE WALTER;AV E CJ JOSE WALTER;;;;Colisão;Luz do Dia;;;Cruz;Pare;Comercial;0;2;0;1;0;0;0;0;0;1;0;0;-38,556724;-3,834521
299027;16;11;2016;09:50;0;AV JOR THOMAZ COELHO;;;3309;;Colisão;Luz do Dia;;;Meio de Quadra;;;0;2;0;1;0;0;0;0;0;1;0;0;-38,525626;-3,829349
299030;16;11;2016;11:51;0;RUA JOAO TINOCO;;;55;;Colisão;Luz do Dia;;;Meio de Quadra;;;0;2;0;1;0;0;0;0;0;1;0;0;-38,58805;-3,728021
299013;16;11;2016;07:47;10791;RUA NATAL;RUA PORTO VELHO;;;;Colisão;Luz do Dia;;;Cruz;Não Há Controle;Residencial;0;2;0;1;0;0;0;0;0;1;0;0;-38,592785;-3,762901
299006;16;11;2016;00:27;0;RD BR 116;;;13000;KM-13;Queda;;;;Meio de Quadra;;;0;1;0;0;0;1;0;0;0;0;0;0;-38,497727;-3,86467
299007;16;11;2016;01:22;0;AV F CJ CEARA;;;;;Queda;;;;Meio de Quadra;;;0;1;0;0;0;0;0;0;0;1;0;0;;
299008;16;11;2016;06:43;0;AV MR HULL;;;2992;;Queda;Luz do Dia;;;Meio de Quadra;;;0;1;0;0;0;0;0;0;0;1;0;0;-38,571208;-3,736889
299009;16;11;2016;06:47;0;RUA DR THOMPSON BULCAO;;;310;;Colisão;Luz do Dia;;;Meio de Quadra;;;0;2;0;1;0;0;0;0;0;1;0;0;-38,492742;-3,769687
299011;16;11;2016;07:34;0;AV MR HULL;;;;;Queda;Luz do Dia;;;Meio de Quadra;;;0;1;0;0;0;0;0;0;0;1;0;0;;
302623;16;11;2016;07:48;22297;AV BEZERRA DE MENEZES;RUA PDE ANCHIETA;;0;;Colisão Transversal;Luz do Dia;Nublado;Molhada;Cruz;Semáforo;Comercial;0;0;2;1;0;0;0;0;0;1;0;0;-38,552298;-3,733155
302624;16;11;2016;06:40;19650;RUA CON DE CASTRO;RUA AFRANIO PEIXOTO;;0;;Colisão Lateral;Luz do Dia;Nublado;Molhada;T;Não Há Controle;Comercial;0;0;2;1;0;0;0;0;0;0;0;0;-38,570588;-3,781914
302625;16;11;2016;09:12;26252;RUA PERGENTINO MAIA;RUA ANTONIO BARROS;;0;;Colisão Transversal;Luz do Dia;Chuva;Molhada;Cruz;Pare;Comercial;0;0;2;1;0;0;0;0;0;0;0;0;;
302626;16;11;2016;09:45;12883;RUA COS TRISTAO;RUA JOAQUIM MAGALHAES;;0;;Colisão Transversal;Luz do Dia;Bom;Seca;Cruz;Pare;Residencial;0;0;2;1;0;0;0;0;0;0;0;0;-38,527096;-3,740231
302627;16;11;2016;09:30;0;AV IMPERADOR;;;1186;;Colisão Traseira;Luz do Dia;Bom;Seca;Meio de Quadra;Não Há Controle;Comercial;0;0;2;0;1;0;0;0;0;0;0;0;-38,535762;-3,731597
302628;16;11;2016;10:31;11851;AV FRANCISCO SA;RUA DNA MAROQUINHA;;0;;Colisão Transversal;Luz do Dia;Bom;Seca;T;Semáforo;Comercial;0;0;2;1;0;0;0;0;0;0;0;0;-38,546177;-3,72108
302629;16;11;2016;09:30;3894;AV EDUARDO GIRAO;RUA JULIO CESAR D12;;0;;Colisão Traseira;Luz do Dia;Bom;Seca;Cruz;Semáforo;Residencial;0;0;2;1;0;0;0;0;0;0;0;0;-38,540636;-3,74763
302630;16;11;2016;13:36;0;AV OLIVEIRA PAIVA;;;2565;;Colisão Traseira;Luz do Dia;Nublado;Seca;Meio de Quadra;Semáforo;Comercial;0;0;1;1;0;0;0;0;0;1;0;0;-38,483742;-3,796051
302631;16;11;2016;13:52;1611;RUA CEL JUCA;RUA VICENTE LINHARES;;0;;Colisão Traseira;Luz do Dia;Nublado;Seca;Cruz;Pare;Residencial;0;0;2;1;0;0;0;0;0;0;0;0;-38,49343;-3,744356
302632;16;11;2016;15:35;5170;RUA SOBRAL D03;RUA SAO JOSE D03;;0;;Colisão Lateral;Luz do Dia;Bom;Seca;T;Semáforo;Comercial;0;0;2;1;1;0;0;0;0;0;0;0;-38,523726;-3,725302
302633;16;11;2016;15:30;0;RUA AGAMENON;;;798;;Colisão Lateral;Luz do Dia;Bom;Seca;Meio de Quadra;Não Há Controle;Comercial;0;0;1;1;0;0;0;0;0;0;0;0;;
302634;16;11;2016;17:57;0;AV DOM LUIS;;;807;;Colisão Transversal;Anoitecer;Bom;Seca;Meio de Quadra;Semáforo;Comercial;0;0;3;1;0;0;0;0;0;0;0;0;-38,494388;-3,734222
302635;16;11;2016;17:30;10995;RUA 15 DE NOVEMBRO;RUA ALM RUBIM;;0;;Colisão Transversal;Luz do Dia;Bom;Seca;Cruz;Pare;Residencial;0;0;2;0;0;0;0;1;0;0;0;0;-38,555939;-3,768907
302636;16;11;2016;17:00;0;RUA PDE PEDRO DE ALENCAR;;;289;;Colisão Traseira;Via Iluminada;Bom;Seca;Meio de Quadra;Não Há Controle;Residencial;0;0;2;1;0;0;0;0;0;0;0;0;-38,493824;-3,830224
302637;16;11;2016;19:08;5073;RUA JOSE AVELINO;AV ALM TAMANDARE;;0;;Colisão Traseira;Via Iluminada;Bom;Seca;T;Pare;Comercial;0;0;2;1;0;0;0;0;0;0;0;0;-38,519898;-3,72236
301560;16;11;2016;21:37;0;RUA MARIO LANZA;;;1600;;Choque c/ Obstáculo Fixo;Via Iluminada;Bom;Seca;Meio de Quadra;Não Há Controle;Lazer;0;0;2;1;0;0;0;0;0;0;0;0;;
302827;16;11;2016;07:57;0;RUA CARLOS AMORA;;;24;;Choque c/ Obstáculo Fixo;Luz do Dia;Nublado;Molhada;Meio de Quadra;Semáforo;Comercial;0;0;1;0;1;0;0;0;0;0;0;0;-38,564511;-3,774097
292433;16;11;2016;08:45;0;AV CEL CARVALHO;;;1400;SEFAZ;Colisão Frontal;Luz do Dia;;;Meio de Quadra;;;0;1;3;1;0;0;0;0;0;1;0;0;-38,588613;-3,714774
292631;16;11;2016;18:00;0;RUA PORTUGAL D63;;;;;Colisão Lateral;Via Iluminada;Bom;Seca;Meio de Quadra;Semáforo;Comercial;0;0;2;1;0;0;0;0;0;0;0;0;;
292632;16;11;2016;23:30;0;AV BEZERRA DE MENEZES;;;117;;Colisão Traseira;Via Iluminada;Bom;Seca;Meio de Quadra;Semáforo;Comercial;0;0;3;1;0;0;0;0;0;0;0;0;-38,545794;-3,73179
292646;16;11;2016;17:00;24955;AV ANTONIO JUSTA;AV ALM HENRIQUE SABOIA;;;;Colisão Lateral;Anoitecer;;;T;Pare;Residencial;0;0;2;1;0;0;1;0;0;0;0;0;-38,48235;-3,731616
292647;16;11;2016;15:40;1333;RUA BARBOSA DE FREITAS;RUA MARIA TOMASIA;;;;Colisão Lateral;Luz do Dia;;;Cruz;Gesto;Comercial;0;0;2;1;0;0;0;0;0;0;0;0;-38,497042;-3,735546
292648;16;11;2016;09:40;19675;RUA GUSTAVO SAMPAIO;RUA CRUZ SALDANHA;;;;Colisão Lateral;Luz do Dia;;;Cruz;Pare;Residencial;0;0;2;1;0;0;1;0;0;0;0;0;-38,554069;-3,734763
292651;16;11;2016;15:40;748;AV FRANCISCO SA;RUA FRANCISCO CALACA;;;;Colisão Transversal;Luz do Dia;;;Y;Pare;Comercial;0;0;2;1;0;0;0;0;0;0;0;0;-38,572275;-3,71231
292652;16;11;2016;06:44;0;AV PRS JUSCELINO KUBITSCHEK (PASSARÉ);;;3653;;Colisão Traseira;Luz do Dia;;;Meio de Quadra;;;0;1;1;1;0;0;0;0;0;1;0;0;-38,530095;-3,814189
292656;16;11;2016;16:00;5331;RUA GONCALVES LEDO;AV SANTOS DUMONT;;;;Colisão Transversal;Luz do Dia;;;Cruz;Pare;Comercial;0;0;2;1;0;0;0;0;0;0;0;0;-38,515848;-3,730535
292675;16;11;2016;20:40;0;AV ALM HENRIQUE SABOIA;;;1;;Colisão Lateral;;;;Meio de Quadra;;;0;0;2;1;0;0;1;0;0;0;0;0;;
292676;16;11;2016;12:30;0;RUA JOSE VILAR;;;921;;Colisão Traseira;Luz do Dia;;;Meio de Quadra;;;0;0;2;0;0;0;0;0;0;1;0;0;-38,503854;-3,733262
292677;16;11;2016;10:10;0;AV FILOMENO GOMES;;;821;;Colisão Traseira;Luz do Dia;;;Meio de Quadra;;;0;1;1;0;0;0;0;1;0;1;0;0;-38,541129;-3,722096
292678;16;11;2016;18:00;22845;RUA GOV JOAO CARLOS;RUA CON LIMA SUCUPIRA;;;;Colisão;Anoitecer;;;Cruz;Pare;Residencial;0;0;2;0;1;0;0;1;0;0;0;0;-38,551518;-3,777951
292679;16;11;2016;17:00;14357;RUA BAR CRATO;RUA HENRIQUE ELERY;;;;Colisão Transversal;Anoitecer;;;Cruz;Pare;Residencial;0;1;1;1;0;0;0;0;0;0;0;0;-38,561002;-3,721622
292682;16;11;2016;16:25;20485;RUA ANTERO QUENTAL;RUA B RES F DE NORONHA;;;;Colisão Lateral;Luz do Dia;;;;;;0;1;1;1;0;0;0;0;0;1;0;0;-38,492422;-3,853873
298531;16;11;2016;07:55;13602;AV GAL MURILO BORGES;AV ROGACIANO LEITE;;;;Colisão;Luz do Dia;;;;;;0;2;0;1;0;0;0;0;0;1;0;0;-38,496968;-3,767788
298550;16;11;2016;22:52;24956;RUA TAVARES COUTINHO;AV ALM HENRIQUE SABOIA;;;;Colisão;;;;;;;0;2;0;1;0;0;0;0;0;1;0;0;-38,48289;-3,732499
298546;16;11;2016;20:01;0;AV ENG LEAL LIMA VERDE (SAPIRANGA/COITE);;;2520;;Colisão;;;;Meio de Quadra;;;0;1;1;1;0;1;0;0;0;0;0;0;-38,474353;-3,811351
298547;16;11;2016;22:16;12173;AV CASTELO DE CASTRO;AV CONTORNO SUL;;;;Colisão;;;;Cruz;Pare;Comercial;0;2;0;1;0;0;0;0;0;1;0;0;-38,521744;-3,838809
298538;16;11;2016;11:39;0;RUA JOAO TINOCO;;;578;;Colisão;Luz do Dia;;;Meio de Quadra;;;0;2;0;0;0;0;0;0;0;1;0;0;-38,592392;-3,729924
298540;16;11;2016;12:12;13593;RUA FIS VIEIRA;AV PONTES VIEIRA;;;;Queda;Luz do Dia;;;Com Via Férrea;Não Há Controle;Comercial;0;1;0;0;0;0;0;0;0;1;0;0;-38,516023;-3,753016
298541;16;11;2016;12:43;0;AV DEP PAULINO ROCHA;;;2549;;Atropelamento;Luz do Dia;;;Meio de Quadra;;;0;1;1;1;0;0;0;0;0;0;0;0;-38,51864;-3,810325
298543;16;11;2016;16:51;0;RUA BAR CRATO;;;1268;;Colisão;Luz do Dia;;;Meio de Quadra;;;0;2;0;1;0;0;0;0;0;1;0;0;-38,560815;-3,721574
298544;16;11;2016;19:10;0;RUA A ESPL MESSEJANA;;;155;;Colisão;;;;Meio de Quadra;;;0;1;1;0;0;0;0;0;0;1;0;0;-38,486812;-3,833774
298556;17;11;2016;07:13;0;RUA DIOGO CORREIA;;;491;;Atropelamento;Luz do Dia;;;Meio de Quadra;;;0;2;0;0;0;0;0;0;0;1;0;0;-38,590518;-3,770113
298558;17;11;2016;07:19;0;RUA FRANCISCO ALMEIDA;;;900;;Colisão;Luz do Dia;;;Meio de Quadra;;;0;2;0;1;0;0;0;0;0;1;0;0;-38,594119;-3,821998
298559;17;11;2016;16:41;0;RUA PEDRO MARTINS;;;149;;Colisão;Luz do Dia;;;Meio de Quadra;;;0;2;0;0;0;0;0;0;0;1;0;0;-38,5993;-3,800428
298560;17;11;2016;18:21;0;RUA DA PAZ;;;20019;;Colisão;Anoitecer;;;Meio de Quadra;;;0;1;1;1;0;1;0;0;0;0;0;0;;
292680;17;11;2016;09:45;15005;AV GODOFREDO MACIEL;RUA SUICA;;;;Colisão Frontal;Luz do Dia;;;T;Não Há Controle;Comercial;0;0;2;1;0;0;0;0;0;1;0;0;-38,568361;-3,792859
292695;17;11;2016;11:01;7674;RUA RIO GRANDE DO NORTE;AV JOSE BASTOS;;;;Colisão;Luz do Dia;;;Cruz;Pare;Residencial;0;1;2;0;0;0;0;0;0;1;0;0;-38,564477;-3,760562
292696;17;11;2016;16:30;12954;AV PRS COSTA E SILVA;RUA BERNARDO MANUEL;;;;Colisão Traseira;Luz do Dia;;;Cruz;Semáforo;Residencial;0;0;3;1;0;0;0;0;0;0;0;0;-38,558276;-3,821079
292692;17;11;2016;20:30;0;AV ANTONIO SALES;;;2402;;Colisão Lateral;;;;Meio de Quadra;;;0;0;2;1;0;0;0;0;0;0;0;0;;
292643;17;11;2016;14:08;0;RUA PDE VALDEVINO;;;2546;;Engavetamento;Luz do Dia;;;Meio de Quadra;;;0;0;3;1;0;0;0;0;0;0;0;0;-38,50261;-3,743531
292665;17;11;2016;14:25;11164;RUA JULIO GASPAR;RUA FAGUNDES VARELA;;;;Colisão Frontal;Luz do Dia;;;Cruz;Pare;Residencial;0;0;2;1;0;0;0;0;0;1;0;0;-38,562332;-3,783086
292672;17;11;2016;08:10;8057;AV JOAO PESSOA;RUA ANTONIO MARTINS;;;;Colisão Lateral;Luz do Dia;;;T;Pare;Misto;0;1;1;1;0;0;0;0;0;1;0;0;-38,552153;-3,755443
292653;17;11;2016;07:50;1755;RUA DJALMA PETIT;RUA CAP VASCONCELOS D46;;;;Colisão Transversal;Luz do Dia;;;Cruz;Pare;Residencial;0;1;1;1;0;0;0;0;0;0;0;0;-38,516886;-3,766452
292654;17;11;2016;20:30;12173;AV CASTELO DE CASTRO;AV CONTORNO SUL;;;;Colisão Transversal;;;;Cruz;Pare;Comercial;0;1;1;1;0;0;0;0;0;1;0;0;-38,521744;-3,838809
292640;17;11;2016;10:00;0;RUA BAR ARACATI;;;644;;Colisão;Luz do Dia;;;Meio de Quadra;;;0;0;2;1;0;0;0;0;0;0;0;0;-38,510061;-3,727032
292641;17;11;2016;12:00;0;RUA BAR RIO BRANCO;;;2881;;Colisão;Luz do Dia;;;Meio de Quadra;;;0;0;2;1;0;0;0;0;0;0;0;0;-38,533647;-3,743333
302639;17;11;2016;07:18;0;AV 13 DE MAIO;;;1586;;Colisão Lateral;Luz do Dia;Bom;Seca;T;Semáforo;Comercial;0;0;2;1;0;0;0;0;0;1;0;0;;
302640;17;11;2016;08:01;1564;RUA CAROLINA SUCUPIRA;RUA LEONARDO MOTA;;0;;Colisão Transversal;Luz do Dia;Bom;Seca;Cruz;Pare;Residencial;0;1;2;1;0;0;0;0;0;1;0;0;-38,497995;-3,741825
302641;17;11;2016;08:02;5099;AV TRISTAO GONCALVES;RUA SEN ALENCAR;;;;Colisão Transversal;Luz do Dia;Bom;Seca;Cruz;Pare;Comercial;0;1;1;0;1;0;0;0;0;1;0;0;-38,532122;-3,723524
302642;17;11;2016;09:37;5463;RUA DNA LEOPOLDINA;RUA BARBARA DE ALENCAR;;0;;Colisão Transversal;Luz do Dia;Bom;Seca;Cruz;Pare;Comercial;0;0;2;1;1;0;0;0;0;0;0;0;-38,521102;-3,735695
302643;17;11;2016;08:40;6850;RUA BATISTA DE OLIVEIRA;AV PDE ANTONIO TOMAS;;0;;Colisão Transversal;Luz do Dia;Bom;Seca;Cruz;Semáforo;Residencial;0;0;2;1;0;0;0;0;0;0;0;0;-38,481947;-3,745906
302644;17;11;2016;10:30;0;AV DUQ CAXIAS;;;733;;Engavetamento;Luz do Dia;Bom;Seca;Meio de Quadra;Não Há Controle;Comercial;0;0;4;1;0;0;0;0;0;0;0;0;-38,530915;-3,731452
302645;17;11;2016;11:10;1416;RUA MARIA TOMASIA;RUA CEL JUCA;;0;;Colisão Transversal;Luz do Dia;Bom;Seca;Cruz;Pare;Residencial;0;1;2;1;0;0;0;0;0;0;0;0;-38,491207;-3,737434
302646;17;11;2016;11:47;0;RUA MIN ALBUQUERQUE LIMA;RUA 218 CJ CEARA;;0;;Colisão Lateral;Luz do Dia;Bom;Seca;T;Pare;Residencial;0;0;2;1;0;0;0;0;0;0;0;0;;
302647;17;11;2016;13:30;19657;AV BEZERRA DE MENEZES;RUA PRO RAIMUNDO ARRUDA;;0;;Colisão Traseira;Luz do Dia;Nublado;Seca;Cruz;Semáforo;Comercial;0;0;2;1;1;0;0;0;0;0;0;0;-38,552148;-3,733126