COD_ACIDENTE;DIA;MES;ANO;HORA;INTERSECAO;LOG1;LOG2;LOG3;NUMERO;REFERENCIA;NATUREZA;ILUMINACAO;TEMPO;SUPERFICIEPISTA;TIPOCRUZAMENTO;CONTROLETRAFEGO;USOSOLO;MORTOS;FERIDOS;ILESOS;AUTOMOVEL;ONIBUS;BICICLETA;CAMINHAO;MICROONIBUS;CICLOMOTOR;MOTOCICLETA;TRACAOANIMAL;TREM;LONG;LAT
302648;17;11;2016;14:39;5091;RUA CASTRO E SILVA;RUA GAL SAMPAIO;;0;;Colisão Lateral;Luz do Dia;Bom;Seca;Cruz;Semáforo;Comercial;0;0;2;0;1;0;0;0;0;0;0;0;-38,52967;-3,723098
302649;17;11;2016;15:10;0;AV 13 DE MAIO;;;0;;Engavetamento;Luz do Dia;Bom;Seca;Outros;Não Há Controle;Comercial;0;0;3;1;0;0;0;0;0;0;0;0;;
302650;17;11;2016;15:55;0;RUA CAIO CID;;;159;;Engavetamento;Luz do Dia;Bom;Seca;Meio de Quadra;Semáforo;Residencial;0;0;3;1;1;0;0;0;0;0;0;0;-38,484372;-3,772444
302651;17;11;2016;16:20;1437;RUA SILVA PAULET;RUA JOAO CARVALHO;;0;;Colisão Transversal;Luz do Dia;Bom;Seca;Cruz;Pare;Comercial;0;1;1;1;0;0;0;0;0;1;0;0;-38,506557;-3,737966
302652;17;11;2016;18:53;0;AV N CJ JOSE WALTER;;;1760;;Colisão Traseira;Via Iluminada;Bom;Seca;Meio de Quadra;Não Há Controle;Comercial;0;0;2;0;0;0;0;0;0;0;0;0;;
302653;17;11;2016;21:38;0;AV C CJ JOSE WALTER;AV PRS COSTA E SILVA;;0;;Colisão Transversal;Via Iluminada;Bom;Seca;Cruz;Semáforo;Comercial;0;0;2;1;0;0;0;0;0;0;0;0;;
302657;17;11;2016;17:36;0;AV LINEU MACHADO;;;436;;Colisão Traseira;Luz do Dia;Bom;Seca;Meio de Quadra;Não Há Controle;Residencial;0;0;2;1;0;0;0;0;0;0;0;0;-38,57604;-3,764258
299081;17;11;2016;06:49;0;AV GODOFREDO MACIEL;;;3399;;Colisão;Luz do Dia;;;Meio de Quadra;;;0;2;0;1;0;1;0;0;0;0;0;0;-38,57256;-3,804935
299082;17;11;2016;06:52;0;AV PERIMETRAL;;;491;;Queda;Luz do Dia;;;Meio de Quadra;;;0;1;0;0;0;0;0;0;0;1;0;0;;
299089;17;11;2016;08:05;15005;AV GODOFREDO MACIEL;RUA SUICA;;;;Colisão;Luz do Dia;;;T;Não Há Controle;Comercial;0;2;0;1;0;0;0;0;0;1;0;0;-38,568361;-3,792859
299090;17;11;2016;08:31;0;RUA PDE IBIAPINA;;;1339;;Colisão;Luz do Dia;;;Meio de Quadra;;;0;2;0;1;0;0;0;0;0;1;0;0;-38,540454;-3,726942
299092;17;11;2016;08:41;0;RUA DEP MATOSO FILHO;;;601;;Colisão;Luz do Dia;;;Meio de Quadra;;;0;2;0;0;0;0;0;0;0;0;0;0;-38,590001;-3,732255
299084;17;11;2016;17:01;0;RUA FRANCISCO ALMEIDA;;;37;;Queda;Anoitecer;;;Meio de Quadra;;;0;1;0;0;0;0;0;0;0;1;0;0;;
299085;17;11;2016;07:04;17311;RUA ROMEU MARTINS;RUA JOAO FIRMINO;;306;;Colisão Transversal;Luz do Dia;Bom;Seca;Cruz;Pare;Residencial;0;2;3;1;0;0;0;0;0;0;0;0;-38,555582;-3,764274
299086;17;11;2016;07:31;0;RUA BENTO ALBUQUERQUE;;;1671;;Colisão;Luz do Dia;;;Meio de Quadra;;;0;2;0;1;0;0;0;0;0;1;0;0;;
299087;17;11;2016;07:40;17574;RUA RIO GRANDE DO SUL;RUA PARA;;;;Colisão;Luz do Dia;;;T;Pare;Comercial;0;2;0;0;0;0;0;0;0;0;0;0;-38,564937;-3,754519
299135;17;11;2016;20:18;0;AV ABOLICAO;;;3690;;Colisão Transversal;Via Iluminada;Bom;Seca;Meio de Quadra;Não Há Controle;Comercial;0;2;1;1;0;0;0;0;0;1;0;0;-38,486532;-3,72589
299137;17;11;2016;21:45;0;AV CASTELO DE CASTRO;;;;;Colisão;;;;Meio de Quadra;;;0;2;0;0;0;0;0;0;0;0;0;0;;
299140;17;11;2016;22:01;0;AV SGT HERMINIO SAMPAIO;;;4707;;Atropelamento;;;;Meio de Quadra;;;0;2;0;0;0;0;0;0;0;1;0;0;-38,582076;-3,73264
299143;17;11;2016;22:38;0;RUA ARISTIDES BARCELOS;;;65;;Atropelamento;;;;Meio de Quadra;;;0;2;0;0;0;0;0;0;0;0;0;0;;
299126;17;11;2016;16:52;0;AV GODOFREDO MACIEL;;;4000;;Colisão;Luz do Dia;;;Meio de Quadra;;;0;2;0;1;0;0;0;0;0;1;0;0;-38,573939;-3,809372
299127;17;11;2016;17:51;4194;AV FRANCISCO SA;AV TEN LISBOA;;2563;;Colisão Transversal;Luz do Dia;Bom;Seca;Cruz;Cancela;Residencial;0;1;2;0;0;0;0;0;0;0;0;1;-38,555953;-3,717874
299116;17;11;2016;13:13;0;AV SEN VIRGILIO TAVORA;;;2431;;Colisão;Luz do Dia;;;Meio de Quadra;;;0;2;0;1;0;0;0;0;0;1;0;0;-38,496525;-3,747357
299129;17;11;2016;19:08;6850;AV PDE ANTONIO TOMAS;RUA BATISTA DE OLIVEIRA;;;;Colisão;;;;Cruz;Outros;Residencial;0;2;0;1;0;0;0;0;0;1;0;0;-38,481947;-3,745906
299130;17;11;2016;19:37;0;AV L CJ CEARA;;;1116;;Colisão;;;;Meio de Quadra;;;0;2;0;0;0;0;0;0;0;0;0;0;;
299131;17;11;2016;19:59;24991;RUA ABEL RIBEIRO;AV GAL OSORIO DE PAIVA;;;;Colisão;;;;Cruz;Pare;Comercial;0;2;0;0;0;0;0;0;0;0;0;0;-38,576252;-3,781799
299121;17;11;2016;14:08;0;RUA CUIABA;;;80;;Queda;Luz do Dia;;;Meio de Quadra;;;0;1;0;0;0;0;0;0;0;1;0;0;-38,573422;-3,771973
299122;17;11;2016;15:21;4080;AV JOSE BASTOS;RUA CEARA;;;;Colisão;Luz do Dia;;;Cruz;Semáforo;Comercial;0;2;0;0;0;0;0;0;0;0;0;0;-38,564112;-3,760008
299123;17;11;2016;15:23;2695;RUA CEL VIRGILIO NOGUEIRA (BOM JARDIM);RUA EDSON MARTINS;;;;Colisão;Luz do Dia;;;;;;0;2;0;1;0;0;0;0;0;1;0;0;;
299100;17;11;2016;11:55;12857;RUA FLORIANO PEIXOTO;RUA CARLOS GOMES;;;;Colisão Transversal;Luz do Dia;Bom;Seca;Cruz;Pare;Residencial;0;1;2;1;0;0;0;0;0;1;0;0;-38,531321;-3,739998
299095;17;11;2016;08:56;21856;RUA PDE MANUEL PRIMO;RUA DEP MATOSO FILHO;;;;Atropelamento;Luz do Dia;;;Cruz;Pare;Residencial;0;6;0;0;0;0;0;0;0;1;0;0;-38,589926;-3,732222
299103;17;11;2016;12:30;5717;RUA FIS PERDIGAO;RUA CON BRAVEZA;;;;Colisão;Luz do Dia;;;Cruz;Pare;Residencial;0;2;0;1;0;0;0;0;0;1;0;0;-38,497098;-3,79947
299107;17;11;2016;12:36;3404;RUA 19 DE NOVEMBRO;RUA CEL NUNES DE MELO;;;;Atropelamento;Luz do Dia;;;;;;0;2;0;1;0;0;0;0;0;0;0;0;-38,559589;-3,756108
299105;17;11;2016;12:35;0;RUA RIO GRANDE DO SUL;;;238;;Colisão;Luz do Dia;;;Meio de Quadra;;;0;2;0;0;0;0;0;0;0;1;0;0;-38,562694;-3,751463
299919;17;11;2016;22:00;0;AV MIN JOSE AMERICO;;;;;Colisão;;Bom;Seca;Meio de Quadra;;;0;0;3;1;0;0;0;0;0;0;0;0;;
299914;17;11;2016;07:45;0;AV SEN CARLOS JEREISSATI (AEROPORTO);;;;KM 03;Colisão;Luz do Dia;Bom;Seca;Meio de Quadra;;;0;1;1;1;0;0;0;0;0;1;0;0;-38,544038;-3,779641
299906;17;11;2016;17:30;0;RD CE-040;;;;KM-04;Colisão;Anoitecer;Bom;Seca;Meio de Quadra;;;0;0;2;1;0;0;1;0;0;0;0;0;-38,481084;-3,782614
299917;17;11;2016;19:30;0;AV SEN CARLOS JEREISSATI (AEROPORTO);;;;KM 03;Colisão;;Bom;Seca;Meio de Quadra;;;0;0;3;1;0;0;0;0;0;0;0;0;-38,544038;-3,779641
300666;17;11;2016;08:30;0;RD CE-040;;;;KM-02;Colisão;Luz do Dia;Bom;Seca;Meio de Quadra;;;0;0;2;1;0;0;0;0;0;0;0;0;-38,482583;-3,76465
294844;17;11;2016;10:18;0;RUA PDE IBIAPINA;;;1327;;Colisão Lateral;Luz do Dia;Bom;Seca;Meio de Quadra;Não Há Controle;Comercial;0;1;3;1;0;0;0;0;0;1;0;0;-38,54047;-3,726826
294849;17;11;2016;17:20;0;AV ALM BARROSO;;;600;;Colisão Traseira;Luz do Dia;Bom;Seca;Meio de Quadra;Semáforo;Comercial;0;2;2;0;0;1;0;0;0;0;0;0;-38,517776;-3,720538
294859;17;11;2016;21:00;0;RUA SEN POMPEU;;;1663;;Colisão Lateral;Via Iluminada;Bom;Seca;Meio de Quadra;Semáforo;Comercial;0;1;3;1;0;0;0;0;0;0;0;0;-38,531541;-3,733261
294860;17;11;2016;20:10;0;RUA PEDRO MUNIZ;;;;;Choque c/ Obstáculo Fixo;;;;Meio de Quadra;;;0;0;2;0;0;0;0;0;0;0;0;0;;
294852;17;11;2016;07:27;17436;RUA EQUADOR;RUA TRES MARIAS D39 (MONTESE);;;;Colisão Transversal;Não Informado;Não Informado;Não informada;Cruz;Gesto;Não Informado;0;1;3;0;0;0;0;0;0;1;0;0;-38,550757;-3,768994
294857;17;11;2016;10:00;6809;RUA BENTO ALBUQUERQUE;RUA CESAR FONSECA;;;;Colisão Transversal;Luz do Dia;Bom;Seca;Cruz;Pare;Residencial;0;2;2;1;0;0;0;0;0;0;0;0;-38,47409;-3,746679
294862;17;11;2016;07:30;18581;RUA HERCULANO PENA;RUA FRANCISCO ALMEIDA;;;;Choque c/ Obstáculo Fixo;Luz do Dia;;;;;;0;2;1;0;0;0;0;0;0;1;0;0;-38,59652;-3,825586
296249;17;11;2016;08:50;0;RD BR 116;;;15000;KM-15;Colisão Traseira;Luz do Dia;;;Meio de Quadra;;;0;1;1;0;0;0;1;0;0;0;0;0;-38,501113;-3,882329
294888;18;11;2016;18:00;0;RUA BAR ARATANHA;;;1485;;Colisão Traseira;Luz do Dia;Bom;Seca;Meio de Quadra;Não Há Controle;Comercial;0;0;4;0;0;0;0;0;0;0;0;0;-38,530772;-3,746001
299922;18;11;2016;06:50;0;AV SEN CARLOS JEREISSATI (AEROPORTO);;;;;Colisão;Luz do Dia;Bom;Seca;Meio de Quadra;;;0;0;3;1;0;0;0;0;0;0;0;0;;
299926;18;11;2016;13:45;0;RD CE-040;;;;KM-06;Colisão;Luz do Dia;Bom;Seca;Meio de Quadra;;;0;0;2;1;0;0;0;0;0;1;0;0;-38,479535;-3,800596
301045;18;11;2016;21:52;0;RUA TULIPA NEGRA;;;2340;;Colisão Frontal;Via Iluminada;Bom;Seca;Meio de Quadra;Não Há Controle;Escola;0;1;1;1;0;0;0;0;0;1;0;0;-38,600129;-3,817743
299167;18;11;2016;12:33;0;RUA JOSE NAPOLEAO;;;3235;;Colisão;Luz do Dia;;;Meio de Quadra;;;0;1;1;1;0;0;0;0;0;1;0;0;;
299170;18;11;2016;12:35;13386;RUA JOAO BRIGIDO;RUA ANTONIO AUGUSTO;;;;Colisão;Luz do Dia;;;Cruz;Pare;Residencial;0;2;0;1;0;0;0;0;0;1;0;0;-38,516813;-3,740279
299160;18;11;2016;10:14;0;RUA GAL GOIS MONTEIRO;;;378;;Colisão;Luz do Dia;;;Meio de Quadra;;;0;2;0;1;0;0;0;0;0;1;0;0;;
299161;18;11;2016;10:22;10703;RUA PRO HERIBALDO COSTA;RUA PRO PAULO LOPES;;;;Colisão Lateral;Luz do Dia;Bom;Seca;T;Pare;Residencial;0;1;3;1;0;0;0;0;0;0;0;0;-38,5828;-3,75802
299162;18;11;2016;11:38;1242;RUA COSTA BARROS;RUA DR JOSE LOURENCO;;;;Colisão Transversal;Luz do Dia;Bom;Seca;Cruz;Pare;Comercial;0;1;3;1;0;0;0;0;0;1;0;0;-38,506927;-3,73187
299163;18;11;2016;11:49;0;AV SANTOS DUMONT;;;3210;;Colisão;Luz do Dia;;;Meio de Quadra;;;0;2;0;1;0;0;0;0;0;1;0;0;-38,496317;-3,736879
299164;18;11;2016;12:08;0;AV CENTRAL;;;1197;;Colisão;Luz do Dia;;;Meio de Quadra;;;0;2;0;1;0;0;0;0;0;1;0;0;;
299147;18;11;2016;07:32;0;RUA JAIME BENEVOLO;;;1349;;Colisão;Luz do Dia;;;Meio de Quadra;;;0;1;0;0;0;0;0;0;0;1;0;0;-38,529297;-3,743951
299148;18;11;2016;07:47;9612;RUA OSCAR ARARIPE;RUA SGT JOAO PINHEIRO;;;;Colisão;Luz do Dia;;;Cruz;Pare;Comercial;0;2;0;1;0;0;0;0;0;1;0;0;-38,623073;-3,783833
299149;18;11;2016;08:41;0;RUA ESTEVAO DE CAMPOS;;;431;;Colisão;Luz do Dia;;;Meio de Quadra;;;0;2;0;1;0;0;0;0;0;1;0;0;-38,578767;-3,705471
299150;18;11;2016;09:15;70;RUA PRO JOAQUIM NOGUEIRA D29;RUA TEN QUEIROZ;;;;Colisão;Luz do Dia;;;;;;0;2;0;1;0;0;0;0;0;1;0;0;-38,589725;-3,744988
299151;18;11;2016;09:36;0;AV DR SILAS MUNGUBA;;;1155;;Colisão;Luz do Dia;;;Meio de Quadra;;;0;2;0;1;0;0;0;0;0;1;0;0;-38,555768;-3,782195
299210;18;11;2016;23:59;7211;AV PRS CASTELO BRANCO;AV DR THEBERGE;;;;Queda;;;;Cruz;Semáforo;Residencial;0;2;0;0;0;0;0;0;0;1;0;0;-38,563456;-3,710079
299172;18;11;2016;12:37;0;AV ABOLICAO;;;3235;;Atropelamento;Luz do Dia;;;Meio de Quadra;;;0;2;0;0;1;0;0;0;0;0;0;0;-38,490383;-3,726536
299173;18;11;2016;13:42;0;AV CARNEIRO DE MENDONCA;;;1848;;Colisão;Luz do Dia;;;Meio de Quadra;;;0;1;0;0;0;0;0;0;0;1;0;0;-38,574812;-3,76004
299176;18;11;2016;14:42;0;RUA JOSE ARAGAO;;;36;;Colisão;Luz do Dia;;;Meio de Quadra;;;0;2;0;1;0;0;0;0;0;1;0;0;;
299177;18;11;2016;16:01;0;AV CESAR CALS;;;12131;;Colisão;Luz do Dia;;;Meio de Quadra;;;0;2;0;0;0;0;0;0;0;0;0;0;;
299178;18;11;2016;16:40;0;AV AUGUSTO DOS ANJOS;;;1822;;Colisão;Luz do Dia;;;Meio de Quadra;;;0;2;0;0;0;0;0;0;0;1;0;0;-38,580733;-3,781948
299182;18;11;2016;17:18;0;AV WASHINGTON SOARES;;;9179;;Colisão;Anoitecer;;;Meio de Quadra;;;0;2;0;0;0;0;0;0;0;0;0;0;-38,482437;-3,831907
299180;18;11;2016;17:11;0;RUA BOM JESUS (GRANJA LISBOA);;;717;;Queda;Anoitecer;;;Meio de Quadra;;;0;1;0;0;0;1;0;0;0;0;0;0;-38,60035;-3,794729
299187;18;11;2016;17:54;9995;RUA EMILIO DE MENESES;RUA AIRES DA CUNHA;;;;Colisão;Anoitecer;;;Cruz;Outros;Residencial;0;2;0;0;0;0;0;0;0;0;0;0;-38,604241;-3,777019
299189;18;11;2016;17:56;0;AV FRANCISCO SA;;;4393;;Colisão Traseira;Via Iluminada;Bom;Seca;Meio de Quadra;Pare;Comercial;0;1;3;1;0;0;0;0;0;1;0;0;-38,563951;-3,71518
299190;18;11;2016;18:17;21552;RUA CEREJEIRAS;RUA EDUARDO ARAUJO;;;;Colisão;Anoitecer;;;;;;0;2;0;0;0;0;0;0;0;0;0;0;;
299197;18;11;2016;18:49;0;AL GIRASSOIS;;;651;;Colisão;;;;Meio de Quadra;;;0;2;0;0;0;0;0;0;0;1;0;0;;
299198;18;11;2016;19:02;0;RUA DO JANGADEIRO;;;960;;Colisão;;;;Meio de Quadra;;;0;2;0;0;0;0;0;0;0;1;0;0;;
299199;18;11;2016;20:03;0;RUA ENG LUIS MONTENEGRO;;;300;;Colisão;;;;Meio de Quadra;;;0;2;0;1;0;0;0;0;0;1;0;0;;
299201;18;11;2016;20:46;0;AV ALM HENRIQUE SABOIA;;;;;Colisão;;;;Meio de Quadra;;;0;2;0;0;0;0;0;0;0;0;0;0;;
299203;18;11;2016;21:02;0;AV GODOFREDO MACIEL;;;1000;;Atropelamento;;;;Meio de Quadra;;;0;2;0;0;0;0;0;0;0;0;0;0;-38,566416;-3,785203
299205;18;11;2016;21:27;0;RUA CAP JOAO FERREIRA LIMA;;;;;Colisão;;;;Meio de Quadra;;;0;2;0;0;0;0;0;0;0;1;0;0;;
299208;18;11;2016;22:48;0;RUA DAMASCENO GIRAO;;;1588;;Colisão;;;;Meio de Quadra;;;0;2;0;0;0;0;0;0;0;0;0;0;-38,539434;-3,749873
302658;18;11;2016;12:10;13408;AV ANTONIO SALES;RUA BAR ARACATI;;0;;Colisão Transversal;Luz do Dia;Bom;Seca;Cruz;Pare;Comercial;0;1;2;1;0;0;0;0;0;1;0;0;-38,514894;-3,741563
302659;18;11;2016;13:39;1405;AV SANTOS DUMONT;RUA VICENTE LEITE;;;;Engavetamento;Luz do Dia;Bom;Seca;Cruz;Semáforo;Comercial;0;1;2;1;0;0;0;0;0;1;0;0;-38,495419;-3,737173
302660;18;11;2016;12:17;0;AV PRS COSTA E SILVA;RUA PAU BRASIL;;0;;Colisão Traseira;Luz do Dia;Bom;Seca;T;Semáforo;Residencial;0;0;2;0;0;0;0;0;0;0;0;0;;
302661;18;11;2016;14:52;12855;RUA MAJ FACUNDO;RUA CARLOS GOMES;;0;;Colisão Transversal;Mal Iluminada;Bom;Seca;Cruz;Pare;Residencial;0;1;4;1;0;0;0;0;0;0;0;0;-38,531802;-3,739845
302662;18;11;2016;15:59;0;AV DR SILAS MUNGUBA;;;5556;;Colisão Traseira;Luz do Dia;Bom;Seca;Meio de Quadra;Não Há Controle;Comercial;0;0;2;1;0;0;0;0;0;0;0;0;-38,528887;-3,802658
302663;18;11;2016;16:38;0;AV EDUARDO GIRAO;;;919;;Colisão Traseira;Luz do Dia;Bom;Seca;Meio de Quadra;Semáforo;Comercial;0;0;2;1;0;0;0;0;0;0;0;0;-38,530924;-3,754167
302664;18;11;2016;16:00;0;RUA BRUNO PORTO;RUA MARIA CONSUELO FREIRE;;0;;Colisão Transversal;Luz do Dia;Bom;Seca;Y;Não Há Controle;Residencial;0;0;2;1;0;0;0;0;0;0;0;0;;
302665;18;11;2016;18:00;0;AV IZABEL M ALENCAR;RUA DR OSVALDO AGUIAR D60;;0;;Colisão Transversal;Via Iluminada;Bom;Seca;T;Não Há Controle;Residencial;0;0;2;1;0;0;0;0;0;1;0;0;;
302666;18;11;2016;18:25;1581;AV PDE ANTONIO TOMAS;RUA MON CATAO;;0;;Colisão Traseira;Anoitecer;Bom;Seca;Cruz;Semáforo;Residencial;0;0;3;1;0;0;0;0;0;0;0;0;-38,491843;-3,742708
302667;18;11;2016;18:58;9216;RUA NAPOLEAO LAUREANO;RUA MARIO MAMEDE;;0;;Colisão Transversal;Via Iluminada;Bom;Seca;Cruz;Pare;Residencial;0;1;1;1;0;0;0;0;0;1;0;0;-38,529662;-3,750799
302668;18;11;2016;19:27;5907;AV J CJ CEARA;RUA 1127 CJ CEARA;;0;;Colisão Transversal;Mal Iluminada;Bom;Seca;T;Não Há Controle;Residencial;0;0;2;1;0;0;0;0;0;0;0;0;-38,61306;-3,760623
302669;18;11;2016;20:50;3771;AV DA UNIVERSIDADE;AV DOMINGOS OLIMPIO;;0;;Colisão Lateral;Via Iluminada;Bom;Seca;Cruz;Semáforo;Comercial;0;1;1;1;0;0;0;0;0;1;0;0;-38,534216;-3,735594
302654;18;11;2016;07:58;0;AV EDUARDO GIRAO;;;45;;Colisão Traseira;Luz do Dia;Bom;Seca;Meio de Quadra;Não Há Controle;Comercial;0;0;2;1;0;0;0;0;0;0;0;0;-38,536912;-3,750676
302655;18;11;2016;10:40;0;AV ENG LEAL LIMA VERDE (SAPIRANGA/COITE);;;2100;;Colisão Transversal;Luz do Dia;Bom;Seca;Cruz;Não Há Controle;Rural;0;0;1;0;0;0;0;0;0;1;0;0;-38,474754;-3,806713
302656;18;11;2016;10:57;0;RUA TEN BENEVOLO;;;1055;;Colisão Transversal;Luz do Dia;Bom;Seca;Cruz;Semáforo;Comercial;0;0;2;1;0;0;0;0;0;0;0;0;;
302674;18;11;2016;09:20;19714;RUA ERICO MOTA;RUA GUSTAVO SAMPAIO;;0;;Colisão Lateral;Luz do Dia;Bom;Seca;Cruz;Pare;Residencial;0;0;2;1;0;0;0;0;0;0;0;0;-38,562743;-3,73656
292465;18;11;2016;12:30;0;AV ABOLICAO;;;3235;;Atropelamento;Luz do Dia;Bom;Seca;Meio de Quadra;Não Há Controle;;1;0;1;0;1;0;0;0;0;0;0;0;-38,490383;-3,726536
292488;18;11;2016;07:20;0;RUA GUILHERME ROCHA;;;1503;;Colisão Lateral;Luz do Dia;Bom;Seca;Meio de Quadra;Pare;Residencial;0;0;2;1;0;0;1;0;0;0;0;0;-38,539256;-3,723325
292491;18;11;2016;18:40;13544;RUA DR JOSE LOURENCO;RUA JULIO SIQUEIRA;;;;Colisão Transversal;Via Iluminada;Bom;Seca;Cruz;Não Há Controle;Comercial;0;0;2;1;0;0;0;0;0;1;0;0;-38,5122;-3,748473
292492;18;11;2016;15:07;5099;AV TRISTAO GONCALVES;RUA SEN ALENCAR;;;;Colisão Frontal;Luz do Dia;Bom;Seca;Cruz;Pare;Comercial;0;0;2;1;0;0;0;0;0;0;0;0;-38,532122;-3,723524
292485;18;11;2016;09:30;5134;RUA GUILHERME ROCHA;RUA TEREZA CRISTINA;;;;Colisão Traseira;Luz do Dia;Bom;Seca;Cruz;Pare;Residencial;0;0;2;1;0;0;0;0;0;1;0;0;-38,535981;-3,724385
292483;18;11;2016;13:41;4080;AV JOSE BASTOS;RUA CEARA;;;;Colisão Frontal;Luz do Dia;Bom;Seca;Cruz;Semáforo;Comercial;0;0;2;1;1;0;0;0;0;0;0;0;-38,564112;-3,760008
292494;18;11;2016;16:01;9081;AV AGUANAMBI;AV 13 DE MAIO;;;;Colisão Lateral;Luz do Dia;Bom;Seca;Outros;Semáforo;Comercial;0;0;2;1;0;0;1;0;0;0;0;0;-38,523451;-3,753844
292498;18;11;2016;15:00;22176;AV JOSE BASTOS;AV ENG HUMBERTO MONTE;;;;Colisão Lateral;Luz do Dia;Bom;Seca;Cruz;;Comercial;0;0;2;1;0;0;0;0;0;1;0;0;-38,555455;-3,754966
292499;18;11;2016;11:10;15359;RUA VICENTE LEITE;RUA PEREIRA VALENTE;;;;Colisão Frontal;Luz do Dia;Bom;Seca;Cruz;Pare;Residencial;0;0;2;1;0;0;0;0;0;1;0;0;-38,494152;-3,733201
292501;18;11;2016;21:50;19394;AV GAL OSORIO DE PAIVA;TR OSORIO DE PAIVA;;;;Colisão Lateral;Via Iluminada;Bom;Seca;Meio de Quadra;Semáforo;Comercial;0;0;2;0;0;0;1;0;1;0;0;0;-38,57036;-3,778061
292502;18;11;2016;15:00;12508;AV LINEU MACHADO;RUA ALUISIO AZEVEDO;;;;Colisão Lateral;Luz do Dia;Bom;Seca;Cruz;Semáforo;Residencial;0;2;0;0;0;0;0;0;0;1;0;0;-38,579184;-3,770212
298562;18;11;2016;06:59;0;RD QUARTO ANEL VIARIO;;;900;;Colisão;Luz do Dia;;;Meio de Quadra;;;0;2;0;0;0;0;0;0;0;1;0;0;-38,531624;-3,861699
298563;18;11;2016;14:23;0;RUA QUINZE (CANINDEZINHO);;;50;;Queda;Luz do Dia;;;Meio de Quadra;;;0;1;0;0;0;1;0;0;0;0;0;0;;
298565;18;11;2016;16:03;0;RUA ANA FACO;;;388;;Atropelamento;Luz do Dia;;;Meio de Quadra;;;0;2;0;0;0;0;0;0;0;1;0;0;-38,563638;-3,712892
298571;18;11;2016;18:16;0;AV SEN FERNANDES TAVORA;;;2433;;Colisão;Anoitecer;;;Meio de Quadra;;;0;1;1;0;0;0;0;0;0;1;0;0;-38,594468;-3,755837
298572;18;11;2016;21:34;0;AV GAL OSORIO DE PAIVA;;;;;Colisão;;;;Meio de Quadra;;;0;1;1;1;0;0;0;0;0;1;0;0;;
292508;19;11;2016;20:10;5433;RUA METON DE ALENCAR;RUA MAJ FACUNDO;;;;Colisão Lateral;Via Iluminada;Bom;Seca;Cruz;Dê Preferência;Comercial;0;0;2;1;0;0;0;0;0;0;0;0;-38,529899;-3,733917
292467;19;11;2016;15:00;10418;AV D CJ CEARA;RUA JOSE MENDONCA;;;;Colisão Transversal;Luz do Dia;Bom;Seca;Y;Pare;Comercial;1;0;1;0;1;1;0;0;0;0;0;0;-38,603056;-3,761731
292513;19;11;2016;14:00;0;AV GOV RAUL BARBOSA;;;;;Colisão Lateral;Luz do Dia;Bom;Seca;Meio de Quadra;;Residencial;0;0;2;1;0;0;0;0;0;0;0;0;;
292514;19;11;2016;03:30;0;RUA CARLOS AMORA;;;;;Choque c/ Obstáculo Fixo;Via Iluminada;Bom;Seca;Meio de Quadra;Não Há Controle;Outros;0;0;1;1;0;0;0;0;0;0;0;0;;
292520;19;11;2016;14:50;5318;RUA GAL CLARINDO DE QUEIROZ;RUA PDE IBIAPINA;;;;Colisão Traseira;Luz do Dia;Bom;Seca;Cruz;Pare;Comercial;0;0;2;1;0;0;0;0;0;1;0;0;-38,540084;-3,729518
292521;19;11;2016;21:30;3883;AV DOS EXPEDICIONARIOS;RUA COSTA SOUZA;;;;Colisão Lateral;Via Iluminada;Bom;Seca;T;Pare;Residencial;0;1;1;1;0;0;0;0;0;1;0;0;-38,535932;-3,747745
292523;19;11;2016;20:50;10828;RUA PORTO VELHO;RUA ARACAJU;;;;Colisão Transversal;Via Iluminada;;Seca;Cruz;Pare;Residencial;0;1;1;1;0;0;0;0;0;1;0;0;-38,589992;-3,764365
292525;19;11;2016;15:45;3863;RUA SEN POMPEU;AV 13 DE MAIO;;;;Engavetamento;Luz do Dia;Bom;Seca;Cruz;Semáforo;Comercial;0;0;3;1;0;0;0;0;0;0;0;0;-38,534969;-3,744515
302702;19;11;2016;19:30;0;AV ALBERTO CRAVEIRO;;;0;;Colisão Lateral;Via Iluminada;Bom;Seca;Rotatória;Não Há Controle;Comercial;0;0;2;1;0;0;0;0;0;0;0;0;;
302670;19;11;2016;07:26;1538;AV PDE ANTONIO TOMAS;RUA LEONARDO MOTA;;3155;;Colisão Lateral;Luz do Dia;Bom;Seca;Cruz;Semáforo;Comercial;0;1;3;1;0;0;0;0;0;1;0;0;-38,497662;-3,740811
302671;19;11;2016;13:32;2326;AV PRS CASTELO BRANCO;RUA SEN ROBERT KENNEDY;;0;;Colisão Lateral;Luz do Dia;Bom;Seca;Cruz;Semáforo;Residencial;0;0;1;1;0;0;0;0;0;1;0;0;-38,579042;-3,704117
302672;19;11;2016;13:30;0;RUA COS LAFAYETE;RUA RIO TOCANTINS;;0;;Colisão Transversal;Luz do Dia;Bom;Seca;T;Pare;Comercial;0;0;2;1;0;0;0;0;0;1;0;0;-38,580697;-3,718186