COD_ACIDENTE;DIA;MES;ANO;HORA;INTERSECAO;LOG1;LOG2;LOG3;NUMERO;REFERENCIA;NATUREZA;ILUMINACAO;TEMPO;SUPERFICIEPISTA;TIPOCRUZAMENTO;CONTROLETRAFEGO;USOSOLO;MORTOS;FERIDOS;ILESOS;AUTOMOVEL;ONIBUS;BICICLETA;CAMINHAO;MICROONIBUS;CICLOMOTOR;MOTOCICLETA;TRACAOANIMAL;TREM;LONG;LAT
303301;19;11;2016;16:24;5463;RUA DNA LEOPOLDINA;RUA BARBARA DE ALENCAR;;;;Colisão;Luz do Dia;;;Cruz;Pare;Comercial;0;1;0;1;0;0;0;0;0;1;0;0;-38,521102;-3,735695
303324;19;11;2016;17:34;0;RUA MARTINS CARVALHO;;;535;;Colisão;Anoitecer;;;Meio de Quadra;;;0;1;0;0;0;0;0;0;0;0;0;0;-38,59996;-3,796646
303289;19;11;2016;16:13;0;AV ODILON GUIMARAES;;;2200;;Colisão;Luz do Dia;;;Meio de Quadra;;;0;1;0;1;0;0;0;0;0;1;0;0;-38,475006;-3,819356
303486;19;11;2016;19:16;13771;RUA LUIZA MIRANDA COELHO;AV PINTO BANDEIRA D56;;;;Colisão;;;;Cruz;Pare;Comercial;0;1;0;0;0;0;0;0;0;0;0;0;-38,487283;-3,774929
303451;19;11;2016;19:13;0;RUA PRO GOMES BRASIL;;;;;Colisão;;;;Meio de Quadra;;;0;1;0;0;0;0;0;0;0;0;0;0;;
303509;19;11;2016;19:56;0;AV PERIMETRAL;;;1097;;Colisão;;;;Meio de Quadra;;;0;1;0;1;0;0;0;0;0;1;0;0;-38,59004;-3,785618
303745;19;11;2016;22:40;0;AV JOSE BASTOS;;;;;Queda;;;;Meio de Quadra;;;0;1;0;0;0;0;0;0;0;1;0;0;;
303750;19;11;2016;23:15;0;RUA PRO ANACLETO;;;;;Colisão;;;;Meio de Quadra;;;0;0;1;0;0;0;0;0;0;0;0;0;;
303667;19;11;2016;19:57;0;AV PERIMETRAL;;;1349;;Colisão;;;;Meio de Quadra;;;0;1;0;1;0;0;0;0;0;1;0;0;;
303687;19;11;2016;20:26;0;RUA ALBERTO FERREIRA;;;320;;Atropelamento;;;;Meio de Quadra;;;0;1;0;1;0;0;0;0;0;0;0;0;;
303694;19;11;2016;20:30;0;RUA RAQUEL FLORENCIO;;;351;;Queda;;;;Meio de Quadra;;;0;1;0;0;0;0;0;0;0;1;0;0;;
303711;19;11;2016;20:40;0;AV PRS CASTELO BRANCO;;;2857;;Atropelamento;;;;Meio de Quadra;;;0;0;1;0;0;0;0;0;0;1;0;0;-38,553182;-3,71236
303721;19;11;2016;20:43;0;RUA ALVARO GARRIDO;;;560;;Queda;;;;Meio de Quadra;;;0;1;0;0;0;1;0;0;0;0;0;0;;
303726;19;11;2016;21:41;0;RUA GUILHERME MENDES;;;854;;Colisão;;;;Meio de Quadra;;;0;1;0;0;0;0;0;0;0;1;0;0;-38,586366;-3,720713
303723;19;11;2016;20:47;0;AV BEZERRA DE MENEZES;;;2714;;Colisão;;;;Meio de Quadra;;;0;2;0;1;0;0;0;0;0;1;0;0;-38,568945;-3,736593
303724;19;11;2016;21:31;0;RUA CEL MATOS DOURADO;;;;;Colisão;;;;Meio de Quadra;;;0;0;1;1;0;0;0;0;0;1;0;0;;
303740;19;11;2016;22:33;7976;AV JOAO PESSOA;RUA MAJ WEYNE;;;;Colisão;;;;Cruz;Semáforo;Comercial;0;1;0;0;0;0;0;0;0;0;0;0;-38,545334;-3,747841
300799;19;11;2016;16:03;0;AV ALM HENRIQUE SABOIA;;;;;Colisão;Luz do Dia;;;Meio de Quadra;;;0;1;1;0;0;0;1;0;0;1;0;0;;
299969;19;11;2016;17:30;0;RD CE-040;;;6600;KM-06;Colisão;Anoitecer;Bom;Seca;Meio de Quadra;;;0;0;2;1;0;0;0;0;0;1;0;0;-38,479535;-3,800596
299929;19;11;2016;00:10;0;RD CE-040;;;;KM-04;Colisão;;Bom;Seca;Meio de Quadra;;;0;0;2;1;0;0;0;0;0;0;0;0;-38,481084;-3,782614
299967;19;11;2016;16:10;0;RD CE-040;;;;KM-05;Colisão;Luz do Dia;Bom;Seca;Meio de Quadra;;;0;0;2;1;0;0;0;0;0;0;0;0;-38,480331;-3,791613
300765;19;11;2016;15:34;12954;AV PRS COSTA E SILVA;RUA BERNARDO MANUEL;;;;Colisão;Luz do Dia;;;;;;0;1;0;1;0;0;0;0;0;1;0;0;-38,558276;-3,821079
300762;19;11;2016;15:17;0;RUA EUCLIDES O DE SOUSA;;;221;;Colisão;Luz do Dia;;;Meio de Quadra;;;0;0;1;1;0;0;0;0;0;1;0;0;;
300763;19;11;2016;15:27;12479;AV AUGUSTO DOS ANJOS;RUA PERDIGAO DE OLIVEIRA;;;;Colisão;Luz do Dia;;;Cruz;Semáforo;Comercial;0;1;0;1;0;0;0;0;0;1;0;0;-38,574712;-3,775131
300757;19;11;2016;14:25;26077;AV DUQ CAXIAS;AV JOSE JATAHY;;;;Colisão;Luz do Dia;;;T;Pare;Comercial;0;1;0;0;0;0;0;0;0;1;0;0;;
300759;19;11;2016;15:08;24766;RUA ANTONIO ARRUDA;RUA PALMACIA;;;;Colisão;Luz do Dia;;;Cruz;Não Há Controle;Residencial;0;1;0;1;0;0;0;0;0;1;0;0;-38,593159;-3,717225
300755;19;11;2016;13:51;0;RUA BAR CRATO;;;1222;;Colisão;Luz do Dia;;;Meio de Quadra;;;0;1;0;0;0;0;0;0;0;0;0;0;;
300748;19;11;2016;12:01;1557;RUA CAROLINA SUCUPIRA;RUA BARBOSA DE FREITAS;;;;Colisão Transversal;Luz do Dia;Bom;Seca;Cruz;Pare;Residencial;0;1;3;0;0;0;0;0;0;1;0;0;-38,498942;-3,741517
300750;19;11;2016;13:22;25049;RUA CAP MELO;AV PONTES VIEIRA;;;;Colisão;Luz do Dia;;;Cruz;Semáforo;Comercial;0;0;0;1;0;0;0;0;0;1;0;0;;
300735;19;11;2016;07:35;0;AV JOR THOMAZ COELHO;;;2890;;Atropelamento;Luz do Dia;;;Meio de Quadra;;;0;1;0;0;0;0;0;0;0;1;0;0;-38,520856;-3,828613
300732;19;11;2016;06:05;0;AV DR THEBERGE;;;;;Queda;Luz do Dia;;;Meio de Quadra;;;0;1;0;0;0;0;0;0;0;1;0;0;;
300745;19;11;2016;08:14;0;RUA PDE PEDRO DE ALENCAR;;;718;;Queda;Luz do Dia;;;Meio de Quadra;;;0;1;0;0;0;0;0;0;0;1;0;0;-38,494093;-3,834202
300722;19;11;2016;03:06;0;AV DR THEBERGE;;;;;Colisão;;;;Meio de Quadra;;;0;1;0;0;0;0;0;0;0;1;0;0;;
300727;19;11;2016;04:04;0;RUA MONTE PASCOAL;;;2026;;Queda;;;;Meio de Quadra;;;0;1;0;0;0;1;0;0;0;0;0;0;;
300728;19;11;2016;05:42;0;AV GOV PARSIFAL BARROSO;;;;;Queda;Amanhecer;;;Meio de Quadra;;;0;1;0;0;0;0;0;0;0;1;0;0;;
300449;19;11;2016;02:58;0;RUA TAB JOAQUIM COELHO;;;1356;;Queda;;;;Meio de Quadra;;;0;1;0;0;0;0;0;0;0;1;0;0;;
300450;19;11;2016;03:03;0;RUA PRO GOMES BRASIL;;;;;Colisão;;;;Meio de Quadra;;;0;4;0;0;0;0;0;0;0;0;0;0;;
300452;19;11;2016;07:40;0;AV ALBERTO CRAVEIRO;;;;;Colisão;Luz do Dia;;;Meio de Quadra;;;0;2;0;0;0;0;0;0;0;0;0;0;;
300455;19;11;2016;07:41;0;AV SGT HERMINIO SAMPAIO;;;;;Colisão;Luz do Dia;;;Meio de Quadra;;;0;2;0;0;0;0;0;0;0;1;0;0;;
300470;19;11;2016;13:08;2980;RUA MARIA JULIA;RUA MARANGUAPE D50;;;;Colisão;Luz do Dia;;;;;;0;1;0;0;0;0;0;0;0;1;0;0;-38,602951;-3,801463
300480;19;11;2016;14:11;0;AV BEZERRA DE MENEZES;;;;;Atropelamento;Luz do Dia;;;Meio de Quadra;;;0;1;0;0;1;0;0;0;0;0;0;0;;
300538;19;11;2016;16:43;0;RUA CEL FRANCISCO ALVES RIBEIRO;;;;;Colisão;Luz do Dia;;;Meio de Quadra;;;0;1;1;0;0;0;0;0;0;1;0;0;;
300545;19;11;2016;16:47;0;RUA OSCAR FRANCA;;;2693;;Atropelamento de Animal;Luz do Dia;;;Meio de Quadra;;;0;1;0;0;0;0;0;0;0;1;0;0;-38,614572;-3,787059
300547;19;11;2016;20:06;12643;RUA GUILHERME MENDES;RUA ALBERTO FERREIRA;;;;Atropelamento;;;;Cruz;Pare;Residencial;0;1;0;1;0;0;0;0;0;0;0;0;-38,583132;-3,721019
300550;19;11;2016;21:21;0;AV PRS COSTA E SILVA;;;1578;;Queda;;;;Meio de Quadra;;;0;1;0;0;0;0;0;0;0;1;0;0;;
300551;19;11;2016;21:49;0;RUA SERRA AZUL;;;1409;;Atropelamento;;;;Meio de Quadra;;;0;2;0;0;0;0;0;0;0;0;0;0;;
294892;19;11;2016;20:06;0;AV BEZERRA DE MENEZES;;;462;;Atropelamento;;;;Meio de Quadra;;;0;1;1;0;1;0;0;0;0;0;0;0;;
296255;19;11;2016;17:00;0;RD BR 116;;;6000;KM-06;Colisão Traseira;Anoitecer;;;Meio de Quadra;;;0;0;2;1;0;0;0;0;0;0;0;0;-38,503053;-3,804691
296261;20;11;2016;05:40;0;RD BR 222;;;700;KM-02;Colisão Lateral;Amanhecer;;;Meio de Quadra;;;0;0;2;1;0;0;0;0;0;0;0;0;-38,58704;-3,739009
296263;20;11;2016;21:30;0;RD BR 222;;;;KM 00;Colisão Lateral;;;;Meio de Quadra;;;0;1;1;1;0;0;0;0;0;1;0;0;-38,569197;-3,736664
294895;20;11;2016;16:00;0;TR CAP VASCONCELOS D46;RUA TEN JAIME ANDRADE;;;;Colisão Transversal;Luz do Dia;Bom;Seca;T;Pare;Residencial;0;2;2;0;0;0;0;0;0;1;0;0;;
294900;20;11;2016;20:00;0;AV PRS COSTA E SILVA;;;;UPA (JOSE WALTER);Colisão Transversal;Via Iluminada;Bom;Seca;Meio de Quadra;Não Há Controle;Residencial;0;3;1;0;0;0;0;0;0;1;0;0;;
294898;20;11;2016;17:25;0;RUA ISRAEL ALVES DE LIMA;;;815;;Choque c/ Obstáculo Fixo;Anoitecer;;;Meio de Quadra;;;0;0;1;0;0;0;0;0;0;0;0;0;;
300552;20;11;2016;05:16;0;AV DIOGUINHO;;;2565;;Queda;Amanhecer;;;Meio de Quadra;;;0;1;0;0;0;0;0;0;0;1;0;0;-38,454904;-3,738727
300559;20;11;2016;19:30;0;AV FRE CIRILO;;;4810;;Atropelamento;;;;Meio de Quadra;;;0;1;0;0;0;0;0;0;0;1;0;0;-38,4938;-3,825645
300592;20;11;2016;23:00;26215;RUA E CJ JOSE WALTER;AV D CJ JOSE WALTER;;;;Colisão;;;;Rotatória;Dê Preferência;Misto;0;1;0;0;0;0;0;0;0;1;0;0;;
300569;20;11;2016;19:57;0;RUA ALFREDO MAMEDE;;;250;;Colisão;;;;Meio de Quadra;;;0;1;0;1;0;0;0;0;0;1;0;0;;
300118;20;11;2016;22:30;0;AV MIN JOSE AMERICO;;;;;Colisão;;Bom;Seca;Meio de Quadra;;;0;0;2;1;0;0;0;0;0;0;0;0;;
303752;20;11;2016;00:18;0;RUA TIBURCIO CAVALCANTE;;;;;Atropelamento;;;;Meio de Quadra;;;0;0;1;0;0;0;0;0;0;0;0;0;;
302675;20;11;2016;08:50;10981;RUA EQUADOR;RUA BOGARI;;;;Colisão Lateral;Luz do Dia;Bom;Seca;Cruz;Pare;Residencial;0;1;1;1;0;0;0;0;0;1;0;0;-38,552515;-3,774405
302676;20;11;2016;10:56;12849;RUA ASSUNCAO;RUA SALDANHA MARINHO;;0;;Colisão Lateral;Luz do Dia;Bom;Seca;Cruz;Pare;Residencial;0;1;1;1;0;0;0;0;0;0;0;0;-38,531231;-3,742314
302677;20;11;2016;08:22;0;AV PRS CASTELO BRANCO;;;3004;;Colisão Traseira;Luz do Dia;Bom;Seca;Meio de Quadra;Não Há Controle;Residencial;0;1;0;1;0;0;0;0;0;1;0;0;-38,555881;-3,711823
302678;20;11;2016;13:44;5415;RUA FLORIANO PEIXOTO;RUA GAL CLARINDO DE QUEIROZ;;0;;Colisão Transversal;Luz do Dia;Bom;Seca;Cruz;Pare;Comercial;0;0;6;1;0;0;0;0;0;0;0;0;-38,529027;-3,733049
302679;20;11;2016;15:32;12925;AV DOMINGOS OLIMPIO;AV AGUANAMBI;;0;;Colisão Traseira;Luz do Dia;Bom;Seca;Cruz;Semáforo;Comercial;0;0;2;1;0;0;0;0;0;0;0;0;-38,524628;-3,738683
302680;20;11;2016;20:14;0;AV DR SILAS MUNGUBA;RUA ANTONIO TEIXEIRA LEITE;;0;;Colisão Lateral;Via Iluminada;Bom;Seca;Cruz;Pare;Comercial;0;0;2;1;0;0;0;0;0;0;0;0;;
302681;20;11;2016;19:23;5463;RUA BARBARA DE ALENCAR;RUA DNA LEOPOLDINA;;0;;Colisão Transversal;Via Iluminada;Bom;Seca;Cruz;Pare;Comercial;0;0;2;1;0;0;0;0;0;0;0;0;-38,521102;-3,735695
292515;20;11;2016;04:00;0;AV PRS CASTELO BRANCO;;;;;Choque c/ Obstáculo Fixo;Amanhecer;Bom;Seca;Meio de Quadra;Outros;Residencial;0;0;1;1;0;0;0;0;0;0;0;0;;
292516;20;11;2016;15:02;0;AV GAL OSORIO DE PAIVA;;;2461;;Colisão Traseira;Luz do Dia;Bom;Seca;Outros;Semáforo;Residencial;0;0;2;1;0;0;0;0;0;1;0;0;-38,584193;-3,786846
292512;20;11;2016;21:16;21670;AV DA INDEPENDENCIA;RUA FRANCISCO MENDES DE OLIVEIRA;;;;Colisão Lateral;Via Iluminada;Bom;Seca;T;Não Há Controle;Escola;0;1;1;1;0;0;0;0;0;1;0;0;-38,595192;-3,725666
292509;20;11;2016;23:40;22990;AV DR SILAS MUNGUBA;RUA AMERICO VESPUCIO;;;;Colisão Frontal;Via Iluminada;Bom;Seca;Cruz;Pare;Comercial;0;1;1;1;0;0;0;0;0;0;0;0;;
292510;20;11;2016;14:50;0;AV ROGACIANO LEITE;;;2138;;Engavetamento;Luz do Dia;Bom;Seca;Meio de Quadra;Semáforo Intermitente;Residencial;0;0;3;1;0;0;0;0;0;0;0;0;-38,498961;-3,773338
292506;20;11;2016;13:00;25119;RUA MIGUEL COUTO;RUA BAR AQUIRAZ;;;;Colisão Transversal;Luz do Dia;Bom;Seca;Cruz;Pare;Residencial;0;1;1;1;0;0;0;0;0;0;0;0;-38,487996;-3,837441
292503;20;11;2016;05:45;13436;AV ANTONIO SALES;RUA DR JOSE LOURENCO;;;;Colisão Transversal;Luz do Dia;Bom;Seca;Cruz;Semáforo;Comercial;0;0;2;1;0;0;0;0;0;0;0;0;-38,51045;-3,742954
292504;20;11;2016;10:40;0;RUA RAIMUNDO NERY;;;46;;Colisão Lateral;Luz do Dia;Bom;Seca;Meio de Quadra;Outros;Residencial;0;0;2;1;0;0;0;0;0;0;0;0;-38,585216;-3,79697
292469;21;11;2016;19:00;0;RUA ARARIPE PRATA;;;234;;Atropelamento;;;;Meio de Quadra;;;1;0;1;0;0;0;0;0;0;1;0;0;-38,569615;-3,774369
292518;21;11;2016;14:30;0;AV DES MOREIRA;;;1020;;Colisão Lateral;Luz do Dia;Bom;Seca;Meio de Quadra;;Comercial;0;0;2;1;1;0;0;0;0;0;0;0;-38,497823;-3,734596
292524;21;11;2016;13:40;5322;AV IMPERADOR;AV DUQ CAXIAS;;;;Atropelamento;Luz do Dia;Bom;Seca;Cruz;Semáforo;Comercial;0;0;2;0;0;0;0;0;0;1;0;0;-38,535297;-3,730048
292527;21;11;2016;10:40;0;AV FRANCISCO SA;;;3843;;Colisão Traseira;Luz do Dia;Bom;Seca;Meio de Quadra;Não Há Controle;Comercial;0;0;2;1;0;0;0;0;0;0;0;0;-38,559345;-3,716736
292528;21;11;2016;06:45;15979;RUA GAL ONOFRE;RUA PAURILO BARROSO;;;;Colisão Lateral;Luz do Dia;Bom;Seca;Cruz;Pare;Comercial;0;0;1;1;0;0;1;0;0;0;0;0;-38,571733;-3,807679
292529;21;11;2016;01:30;1456;RUA CEL JUCA;AV SANTOS DUMONT;;;;Colisão Transversal;Via Iluminada;Bom;Seca;Cruz;Semáforo;Comercial;0;0;2;1;0;0;0;0;0;0;0;0;-38,49153;-3,738438
292530;21;11;2016;16:30;25458;AV AUGUSTO DOS ANJOS;RUA DOM HENRIQUE;;;;Colisão Lateral;Luz do Dia;Bom;Seca;T;Pare;Comercial;0;0;1;1;0;0;0;0;0;1;0;0;-38,583695;-3,785447
292533;21;11;2016;08:55;9034;AV AGUANAMBI;RUA CEL SOLON;;;;Colisão Traseira;Luz do Dia;Bom;Seca;Cruz;Semáforo;Comercial;0;1;1;0;0;0;0;0;0;1;0;0;-38,525818;-3,742854
292536;21;11;2016;11:00;12892;AV DOMINGOS OLIMPIO;RUA BAR RIO BRANCO;;;;Colisão Lateral;Luz do Dia;Bom;Seca;Cruz;Semáforo;Comercial;0;0;2;1;0;0;0;0;0;0;0;0;-38,531494;-3,736579
292537;21;11;2016;08:43;0;RUA ANTONIO CORREIA LIMA;;;;;Colisão Lateral;Luz do Dia;Bom;Seca;Meio de Quadra;Pare;Comercial;0;0;2;1;0;0;0;0;0;0;0;0;;
292540;21;11;2016;10:42;17311;RUA ROMEU MARTINS;RUA JOAO FIRMINO;;;;Colisão Lateral;Luz do Dia;Bom;Seca;Cruz;Pare;Residencial;0;1;1;1;0;0;0;0;0;0;0;0;-38,555582;-3,764274
292545;21;11;2016;09:35;0;AV AUGUSTO DOS ANJOS;;;311;;Colisão Frontal;Luz do Dia;Bom;Seca;Meio de Quadra;Pare;Comercial;0;0;2;1;0;0;0;0;0;1;0;0;-38,571692;-3,771877
292548;21;11;2016;11:03;17311;RUA ROMEU MARTINS;RUA JOAO FIRMINO;;;;Colisão Traseira;Luz do Dia;Bom;Seca;Cruz;Pare;Residencial;0;0;2;1;0;0;0;1;0;0;0;0;-38,555582;-3,764274
292549;21;11;2016;15:35;25467;RUA LEON GRADVOHL;AV BENJAMIM BRASIL;;;;Colisão Lateral;Luz do Dia;Bom;Seca;T;Não Há Controle;Comercial;0;1;1;0;0;0;0;0;0;1;0;0;-38,569567;-3,804034
292554;21;11;2016;00:30;3831;AV 13 DE MAIO;RUA MAL DEODORO;;;;Colisão Lateral;Via Iluminada;Bom;Seca;Cruz;Semáforo;Misto;0;0;2;1;0;0;0;0;0;0;0;0;-38,536588;-3,743122
292555;21;11;2016;14:10;26264;AV PRS CASTELO BRANCO;RUA BATURITE;;;;Colisão Lateral;Luz do Dia;Bom;Seca;Y;Semáforo;Comercial;0;0;2;1;0;0;0;0;0;1;0;0;-38,522916;-3,722825
292560;21;11;2016;22:50;17378;RUA ALBERTO MAGNO;RUA ROMEU MARTINS;;;;Colisão Transversal;;Bom;Seca;Cruz;;Comercial;0;1;1;1;1;0;0;0;0;0;0;0;-38,551758;-3,766914
292573;21;11;2016;16:00;1360;RUA JOAQUIM NABUCO;RUA DES LEITE ALBUQUERQUE;;;;Colisão Lateral;Luz do Dia;Bom;Seca;Cruz;Pare;Comercial;0;0;2;1;0;0;0;0;0;1;0;0;-38,501621;-3,736273
302682;21;11;2016;07:44;23640;RUA BAR CRATO;RUA POMPEU CAVALCANTE;;0;;Colisão Transversal;Luz do Dia;Bom;Seca;Cruz;Pare;Residencial;0;0;2;1;0;0;0;0;0;0;0;0;-38,564168;-3,722474
302683;21;11;2016;08:24;15214;AV ABOLICAO;RUA LEONARDO MOTA;;0;;Colisão Transversal;Luz do Dia;Bom;Seca;T;Pare;Comercial;0;1;3;1;0;0;0;0;0;1;0;0;-38,493236;-3,726977
302684;21;11;2016;09:00;0;RUA OSVALDO CRUZ (ALDEOTA);;;800;;Colisão Transversal;Luz do Dia;Bom;Seca;Meio de Quadra;Não Há Controle;Comercial;0;0;2;1;0;0;0;0;0;0;0;0;-38,499328;-3,732538
302685;21;11;2016;10:48;0;RUA MIN JOAQUIM BASTOS D14;RUA DEP OSWALDO STUDART;;0;;Colisão Transversal;Luz do Dia;Bom;Seca;Duplo T;Pare;Comercial;0;1;1;0;0;0;0;0;0;1;0;0;;
302686;21;11;2016;09:00;0;AV ALBERTO CRAVEIRO;;;1081;;Colisão Lateral;Luz do Dia;Bom;Seca;Meio de Quadra;Não Há Controle;Residencial;0;0;2;1;0;0;0;0;0;0;0;0;;
302687;21;11;2016;14:08;0;RUA FLORIANO PEIXOTO;;;1191;;Colisão Traseira;Luz do Dia;Bom;Seca;Meio de Quadra;Não Há Controle;Comercial;0;0;2;1;0;0;0;0;0;0;0;0;-38,528917;-3,732708
302688;21;11;2016;14:12;7926;AV ANTONIO SALES;RUA BARBOSA DE FREITAS;;7;;Colisão Transversal;Luz do Dia;Bom;Seca;Cruz;Semáforo;Comercial;0;0;5;1;0;0;0;0;0;1;0;0;-38,500407;-3,746051
302689;21;11;2016;15:10;0;AV JOAO DE ARAUJO LIMA;;;531;;Colisão Lateral;Via Iluminada;Bom;Seca;Meio de Quadra;Não Há Controle;Comercial;0;2;2;1;0;0;0;0;0;1;0;0;-38,559064;-3,826341
302690;21;11;2016;18:59;20042;AV PRS JUSCELINO KUBITSCHEK (PASSARÉ);AV DEP PAULINO ROCHA;;0;;Colisão Traseira;Via Iluminada;Bom;Seca;Rotatória;Dê Preferência;Residencial;0;0;2;1;0;0;0;0;0;0;0;0;-38,524782;-3,807229
302691;21;11;2016;22:00;0;AV SEN FERNANDES TAVORA;TV HELENA MARIA;;0;;Colisão Traseira;Via Iluminada;Bom;Seca;T;Pare;Comercial;0;0;2;1;0;0;0;0;0;0;0;0;;
302748;21;11;2016;13:45;5420;RUA METON DE ALENCAR;RUA SEN POMPEU;;0;;Colisão Lateral;Luz do Dia;Bom;Seca;Cruz;Semáforo;Comercial;0;0;1;0;0;0;0;1;0;0;0;0;-38,531575;-3,733376
302833;21;11;2016;22:37;0;RUA MATOS VASCONCELOS;;;850;;Colisão Lateral;Via Iluminada;Bom;Seca;Meio de Quadra;Não Há Controle;Residencial;0;0;2;1;1;0;0;0;0;0;0;0;;
303333;21;11;2016;07:30;0;AV MIN JOSE AMERICO;;;;;Colisão;Luz do Dia;Bom;Seca;Meio de Quadra;;;0;0;2;1;0;0;0;0;0;0;0;0;;
300119;21;11;2016;00:10;0;RD CE-040;;;;KM-03;Choque c/ Obstáculo Fixo;;Bom;Seca;Meio de Quadra;;;0;0;1;1;0;0;0;0;0;0;0;0;-38,481799;-3,773616
300604;21;11;2016;10:33;484;RUA PRO VIRGILIO DE MORAIS;RUA PORTO ALEGRE;;;;Queda;Luz do Dia;;;;;;0;1;0;0;0;0;0;0;0;1;0;0;-38,597855;-3,757439
300605;21;11;2016;11:27;0;RUA GAL CLARINDO DE QUEIROZ;;;1868;;Colisão;Luz do Dia;;;Meio de Quadra;;;0;1;0;0;0;0;0;0;0;0;0;0;-38,541019;-3,729225
300609;21;11;2016;16:31;0;AV VIENA WEYNE;;;450;LAGO JACAREY;Queda;Luz do Dia;;;Meio de Quadra;;;0;1;0;0;0;0;0;0;0;1;0;0;-38,490127;-3,801518
300610;21;11;2016;17:12;0;AV DOS EXPEDICIONARIOS;;;3925;;Atropelamento;Anoitecer;;;Meio de Quadra;;;0;1;0;1;0;0;0;0;0;0;0;0;-38,537333;-3,752267
300611;21;11;2016;17:14;0;RUA RECANTO DO MAR;;;890;;Colisão;Anoitecer;;;Meio de Quadra;;;0;2;0;1;0;0;0;0;0;1;0;0;;
300613;21;11;2016;18:52;19953;RUA FRANCISCO LORDA;RUA ARTUR DE CARVALHO;;625;;Colisão Transversal;Via Iluminada;Bom;Seca;Cruz;Pare;Residencial;0;0;3;0;0;0;0;0;0;1;0;0;-38,534715;-3,761042
300614;21;11;2016;21:18;0;RUA SABIAGUABA;;;2470;;Colisão;;;;Meio de Quadra;;;0;1;1;0;0;0;0;0;0;0;0;0;-38,445555;-3,792497
300602;21;11;2016;00:45;0;RD BR 116;;;;;Queda;;;;Meio de Quadra;;;0;1;0;0;0;0;0;0;0;1;0;0;;
300622;21;11;2016;22:59;17378;RUA ROMEU MARTINS;RUA ALBERTO MAGNO;;;;Colisão;;;;Cruz;;Comercial;0;1;0;0;0;0;0;0;0;0;0;0;-38,551758;-3,766914
300132;21;11;2016;07:45;0;AV MIN JOSE AMERICO;;;;;Colisão;Luz do Dia;Bom;Seca;Meio de Quadra;;;0;0;3;1;0;0;0;0;0;0;0;0;;
300125;21;11;2016;06:30;0;AV SEN CARLOS JEREISSATI (AEROPORTO);;;;KM 0;Colisão;Luz do Dia;Bom;Seca;Meio de Quadra;;;0;1;1;1;0;0;0;0;0;1;0;0;-38,518098;-3,78436
300135;21;11;2016;07:45;0;AV MIN JOSE AMERICO;;;;;Colisão;Luz do Dia;Bom;Seca;Meio de Quadra;;;0;0;3;1;0;0;0;0;0;0;0;0;;
300137;21;11;2016;16:30;0;RD CE-060;;;;KM-01;Colisão;Luz do Dia;Bom;Seca;Meio de Quadra;;;0;1;1;1;0;0;0;1;0;0;0;0;-38,58015;-3,828411
300138;21;11;2016;18:10;0;RD CE-025;;;;KM-01;Colisão;Anoitecer;Bom;Seca;Meio de Quadra;;;0;0;2;1;0;0;0;0;0;0;0;0;-38,470049;-3,807811
294910;21;11;2016;15:00;25460;AV JOSE BASTOS;RUA TABULEIRO DO NORTE;;;;Colisão Traseira;Luz do Dia;Bom;Seca;T;Semáforo;Comercial;0;1;2;0;0;0;0;0;0;1;0;0;;
294908;21;11;2016;08:45;0;AV DR SILAS MUNGUBA;;;4629;;Colisão Traseira;Luz do Dia;Bom;Não informada;Meio de Quadra;Semáforo;Comercial;0;2;3;1;1;0;0;0;0;1;0;0;-38,534271;-3,793945
294905;21;11;2016;15:45;0;AV N CJ JOSE WALTER;;;;;Colisão;Luz do Dia;;;Meio de Quadra;;;0;1;1;0;0;0;0;0;0;0;0;0;;
294906;21;11;2016;22:15;0;AV DES GONZAGA;;;859;;Colisão;;;;Meio de Quadra;;;0;1;1;0;1;0;0;0;0;0;0;0;-38,500906;-3,795037
296266;21;11;2016;08:00;0;RD BR 222;;;200;KM-03;Colisão Traseira;Luz do Dia;;;Meio de Quadra;;;0;0;2;1;1;0;0;0;0;0;0;0;-38,595941;-3,740301
294916;22;11;2016;11:00;0;AV JOR THOMAZ COELHO;;;3300;;Colisão Traseira;Luz do Dia;Bom;Seca;Meio de Quadra;Não Há Controle;Comercial;0;1;3;0;0;0;0;0;0;1;0;0;-38,525658;-3,829352
294919;22;11;2016;09:00;0;AV AGUANAMBI;;;;ROTATÓRIA;Colisão Lateral;Luz do Dia;Bom;Seca;Rotatória;Gesto;Comercial;0;0;3;1;0;1;0;0;0;0;0;0;;
294920;22;11;2016;16:50;3324;RUA VIRIATO RIBEIRO;RUA URUGUAI;;;;Colisão Transversal;Luz do Dia;Bom;Seca;Cruz;Pare;Comercial;0;1;3;1;1;0;0;0;0;0;0;0;-38,563322;-3,748176
294913;22;11;2016;17:40;0;RD BR 116;;;3000;KM-03;Colisão Traseira;Anoitecer;;;Meio de Quadra;;;0;1;3;0;0;0;0;0;0;1;0;0;-38,514372;-3,779838
294914;22;11;2016;09:00;0;RUA TAB JOAQUIM COELHO;;;582;;Colisão Transversal;Luz do Dia;Bom;Seca;Cruz;Pare;Residencial;0;0;3;1;0;0;0;0;0;0;0;0;;
300140;22;11;2016;07:30;0;RD CE-040;;;;KM-10;Colisão;Luz do Dia;Bom;Seca;Meio de Quadra;;;0;0;2;1;0;0;0;0;0;0;0;0;-38,482466;-3,834451