COD_ACIDENTE;DIA;MES;ANO;HORA;INTERSECAO;LOG1;LOG2;LOG3;NUMERO;REFERENCIA;NATUREZA;ILUMINACAO;TEMPO;SUPERFICIEPISTA;TIPOCRUZAMENTO;CONTROLETRAFEGO;USOSOLO;MORTOS;FERIDOS;ILESOS;AUTOMOVEL;ONIBUS;BICICLETA;CAMINHAO;MICROONIBUS;CICLOMOTOR;MOTOCICLETA;TRACAOANIMAL;TREM;LONG;LAT
300141;22;11;2016;17:20;0;RD CE-040;;;;KM-07;Colisão;Anoitecer;Bom;Seca;Meio de Quadra;;;0;0;2;1;0;0;0;0;0;0;0;0;-38,478733;-3,809597
300630;22;11;2016;09:13;0;RUA CAXAMBU;;;1140;;Queda;Luz do Dia;;;Meio de Quadra;;;0;1;0;0;0;0;0;0;0;1;0;0;;
300633;22;11;2016;15:08;643;RUA ASSIS BEZERRA;RUA CRUZEIRO DO SUL;;;;Colisão Traseira;Luz do Dia;Bom;Seca;Cruz;Não Há Controle;Residencial;0;0;3;1;0;0;0;0;0;1;0;0;-38,562551;-3,718013
300625;22;11;2016;06:29;0;RUA CEL FRANCISCO ALVES RIBEIRO;;;;;Colisão;Luz do Dia;;;Meio de Quadra;;;0;1;0;1;0;0;0;0;0;1;0;0;;
300638;22;11;2016;16:34;0;AV MAJ ASSIS;;;2085;;Colisão;Luz do Dia;;;Meio de Quadra;;;0;1;0;1;0;0;0;0;0;1;0;0;-38,598399;-3,72119
300645;22;11;2016;17:20;0;AV RAD JOSE LIMA VERDE;;;120;PÓLO DE LAZER;Colisão;Anoitecer;;;Meio de Quadra;;;0;1;0;1;0;0;0;0;0;0;0;0;-38,586469;-3,694104
300649;22;11;2016;20:33;0;RUA 10 JD CASTELAO;;;205;;Colisão;;;;Meio de Quadra;;;0;1;0;1;0;0;0;0;0;1;0;0;;
300650;22;11;2016;21:30;0;RUA BOM JESUS (BARRA DO CEARA);;;898;;Colisão;;;;Meio de Quadra;;;0;1;0;1;0;0;0;0;0;1;0;0;;
300654;22;11;2016;22:07;0;AV CEL CARVALHO;;;51;;Queda;;;;Meio de Quadra;;;0;1;0;0;0;0;0;0;0;1;0;0;;
300668;22;11;2016;17:45;0;AV MIN JOSE AMERICO;;;;;Colisão;Anoitecer;Bom;Seca;Meio de Quadra;;;0;0;2;1;0;0;0;0;0;1;0;0;;
302752;22;11;2016;19:50;0;RUA TUPI D35;;;1670;;Colisão Transversal;Via Iluminada;Bom;Seca;Meio de Quadra;Não Há Controle;Residencial;0;0;2;1;0;0;0;0;0;0;0;0;-38,584862;-3,771581
302713;22;11;2016;14:14;0;AV SGT HERMINIO SAMPAIO;;;1441;;Colisão Lateral;Luz do Dia;Bom;Seca;Meio de Quadra;Não Há Controle;Residencial;0;1;1;1;0;0;0;0;0;1;0;0;-38,553279;-3,725055
302701;22;11;2016;17:20;0;RUA BAR AQUIRAZ;;;2225;;Colisão Lateral;Anoitecer;Bom;Seca;Y;Pare;Comercial;0;1;1;1;0;0;0;0;0;1;0;0;-38,479614;-3,845472
302710;22;11;2016;08:15;0;AV PRS CASTELO BRANCO;;;2505;;Colisão Traseira;Luz do Dia;Bom;Seca;Meio de Quadra;Não Há Controle;Comercial;0;0;2;1;0;0;0;0;0;0;0;0;-38,550333;-3,71319
302706;22;11;2016;09:53;0;RUA VICENTE LOPES;;;1315;;Colisão Frontal;Luz do Dia;Bom;Seca;Meio de Quadra;Não Há Controle;Residencial;0;0;2;1;0;0;0;0;0;1;0;0;;
302740;22;11;2016;09:19;0;AV ABOLICAO;;;3090;;Colisão Lateral;Luz do Dia;Bom;Seca;Meio de Quadra;Não Há Controle;Comercial;0;0;2;0;1;0;0;0;0;0;0;0;-38,491371;-3,726692
302718;22;11;2016;20:27;1588;RUA VICENTE LEITE;RUA VICENTE LINHARES;;0;;Colisão Traseira;Via Iluminada;Bom;Seca;Cruz;Pare;Escola;0;0;1;0;0;0;0;0;0;0;0;0;-38,497368;-3,743092
302719;22;11;2016;10:15;15357;RUA PEREIRA VALENTE;RUA LEONARDO MOTA;;0;;Colisão Lateral;Luz do Dia;Bom;Seca;Cruz;Pare;Comercial;0;0;2;1;0;0;0;0;0;0;0;0;-38,495134;-3,732885
302692;22;11;2016;07:00;0;AV LUCIANO CARNEIRO;;;2010;;Colisão Transversal;Luz do Dia;Bom;Seca;Meio de Quadra;Não Há Controle;Comercial;0;1;1;1;0;0;0;0;0;1;0;0;-38,537005;-3,76598
302693;22;11;2016;08:12;1408;RUA JOAO CARVALHO;RUA DR JOSE LOURENCO;;0;;Colisão Transversal;Luz do Dia;Bom;Seca;Cruz;Pare;Residencial;0;0;2;1;0;0;0;0;0;0;0;0;-38,508643;-3,737289
302694;22;11;2016;09:19;0;AV DOM MANUEL;;;1204;;Engavetamento;Luz do Dia;Bom;Seca;Meio de Quadra;Semáforo;Comercial;0;0;3;1;0;0;0;0;0;0;0;0;-38,523171;-3,734693
302695;22;11;2016;13:10;1313;RUA VIS MAUA;RUA MARIA TOMASIA;;0;;Colisão Lateral;Luz do Dia;Bom;Seca;Cruz;Pare;Residencial;0;0;3;1;0;0;0;0;0;0;0;0;-38,499038;-3,734896
302696;22;11;2016;13:58;12525;RUA PIERRE LUZ;RUA GUILHERME MENDES;;0;;Colisão Transversal;Luz do Dia;Bom;Seca;Cruz;Não Há Controle;Residencial;0;1;1;1;0;0;0;0;0;1;0;0;-38,588079;-3,720551
302697;22;11;2016;14:05;0;RUA BENI DE CARVALHO;;;385;;Colisão Traseira;Luz do Dia;Bom;Seca;Meio de Quadra;Semáforo;Residencial;0;0;2;1;0;0;0;0;0;0;0;0;-38,497552;-3,745177
302698;22;11;2016;14:56;0;AV PRS COSTA E SILVA;;;168;;Colisão Lateral;Via Iluminada;Bom;Seca;Meio de Quadra;Não Há Controle;Não Informado;0;2;2;1;0;0;0;0;0;1;0;0;;
302699;22;11;2016;15:07;6818;RUA FRANCISCO MATOS;RUA DR GILBERTO STUDART;;0;;Colisão Transversal;Luz do Dia;Bom;Seca;Cruz;Pare;Residencial;0;0;2;1;0;0;0;0;0;0;0;0;-38,470191;-3,747084
302703;22;11;2016;19:00;26249;RUA MON SALAZAR;RUA JOAO PAULINO BARROS LEAL;;0;;Colisão Transversal;Via Iluminada;Bom;Seca;Cruz;Pare;Residencial;0;0;2;1;0;0;0;0;0;0;0;0;;
302704;22;11;2016;20:06;0;AV OLIVEIRA PAIVA;;;535;;Colisão Traseira;Via Iluminada;Bom;Seca;Meio de Quadra;Semáforo;Escola;0;0;3;1;0;0;0;0;0;0;0;0;;
292562;22;11;2016;17:15;0;RUA MAJ LAURINDO;;;1048;;Colisão Lateral;Via Iluminada;Bom;Seca;Meio de Quadra;Pare;Residencial;0;0;2;1;0;0;0;0;0;1;0;0;;
292547;22;11;2016;06:15;0;AV BEZERRA DE MENEZES;;;2557;;Colisão Lateral;Luz do Dia;Bom;Seca;Meio de Quadra;Outros;Comercial;0;0;2;1;1;0;0;0;0;0;0;0;-38,567316;-3,736273
292559;22;11;2016;17:00;4633;AV VIENA WEYNE;RUA DR JOSE FURTADO;;;;Colisão Traseira;Luz do Dia;Bom;Seca;Rotatória;Dê Preferência;Comercial;0;0;2;1;0;0;0;0;0;1;0;0;-38,488662;-3,801201
292556;22;11;2016;17:00;9952;RUA EMILIO DE MENESES;RUA JOSE TORRES;;;;Colisão Lateral;Anoitecer;Bom;Seca;Cruz;Pare;Comercial;0;0;2;1;0;0;1;0;0;0;0;0;-38,606283;-3,776425
292552;22;11;2016;17:50;243;AV JOVITA FEITOSA;RUA COS ALVARO DE OLIVEIRA;;;;Engavetamento;Anoitecer;Bom;Seca;T;Pare;Comercial;0;0;3;1;0;0;0;0;0;0;0;0;-38,555411;-3,739649
292543;22;11;2016;18:45;0;RUA BAR RIO BRANCO;;;894;;Colisão Lateral;Via Iluminada;Bom;Seca;Meio de Quadra;Não Há Controle;Comercial;0;0;2;1;0;0;0;0;0;0;0;0;-38,528196;-3,726245
292532;22;11;2016;13:00;23496;RUA TIBURCIO RODRIGUES;RUA BARROS LEAL;;;;Colisão Lateral;Luz do Dia;Bom;Seca;T;Pare;Residencial;0;0;2;1;0;0;0;0;0;0;0;0;-38,51841;-3,758708
292565;23;11;2016;16:25;0;AV JOR THOMAZ COELHO;;;1578;;Colisão;Via Iluminada;Bom;Seca;Meio de Quadra;Semáforo;Escola;0;1;1;0;1;1;0;0;0;0;0;0;-38,509057;-3,829923
292566;23;11;2016;00:30;9072;AV 13 DE MAIO;AV VIS RIO BRANCO;;;;Colisão Lateral;Via Iluminada;Bom;Seca;Cruz;Semáforo;Comercial;0;0;2;1;0;0;0;0;0;0;0;0;-38,520486;-3,753544
292569;23;11;2016;17:10;0;AV SANTOS DUMONT;;;6355;;Colisão Lateral;Via Iluminada;Bom;Seca;Meio de Quadra;Não Há Controle;Comercial;0;0;2;1;0;0;0;0;0;1;0;0;-38,47541;-3,743628
292571;23;11;2016;12:30;25140;AV ALM MAXIMIANO DA FONSECA;RUA CAIO CID;;;;Colisão Lateral;Luz do Dia;;Seca;T;Semáforo;Comercial;0;0;2;1;0;0;0;1;0;0;0;0;-38,484125;-3,77158
292576;23;11;2016;08:30;1576;RUA CEL JUCA;AV PDE ANTONIO TOMAS;;;;Colisão Transversal;Luz do Dia;Bom;Seca;Cruz;Semáforo;Comercial;0;1;1;1;0;0;0;0;0;1;0;0;-38,492803;-3,742392
292500;23;11;2016;20:30;0;AV VIS RIO BRANCO;;;;;Atropelamento;;;;Meio de Quadra;;;1;0;1;0;0;0;0;0;0;0;0;0;;
292611;23;11;2016;16:00;0;AV FRANCISCO SA;;;2270;;Colisão Lateral;Luz do Dia;Bom;Seca;Meio de Quadra;Pare;Residencial;0;0;2;0;1;0;0;0;0;0;0;0;-38,545781;-3,721205
292616;23;11;2016;11:04;0;RUA 15 DE NOVEMBRO;;;814;;Colisão Lateral;Luz do Dia;Bom;Seca;Meio de Quadra;;Comercial;0;0;2;1;0;0;0;0;0;0;0;0;-38,553016;-3,769964
292621;23;11;2016;00:50;0;AV JOR JOAO RAMOS;;;2295;;Colisão Lateral;Via Iluminada;Bom;Seca;Meio de Quadra;;Residencial;0;1;1;1;0;0;0;0;0;0;0;0;-38,576799;-3,841068
292623;23;11;2016;08:30;6817;RUA FRANCISCO MATOS;RUA BENTO ALBUQUERQUE;;;;Colisão Transversal;Luz do Dia;Bom;Seca;Cruz;Pare;Residencial;0;0;2;1;0;0;0;0;0;0;0;0;-38,470436;-3,747862
292609;23;11;2016;08:58;0;RUA CON DE CASTRO;;;3308;;Colisão Traseira;Luz do Dia;Bom;Seca;Meio de Quadra;Semáforo;Residencial;0;0;2;0;1;0;0;0;0;0;0;0;-38,584702;-3,797181
292606;23;11;2016;15:30;0;AV ENG LEAL LIMA VERDE (SAPIRANGA/COITE);;;813;;Colisão Traseira;Luz do Dia;Bom;Seca;Meio de Quadra;Outros;Residencial;0;0;2;1;0;0;0;0;0;0;0;0;-38,475699;-3,795689
302705;23;11;2016;08:00;0;RUA PDE PEDRO DE ALENCAR;;;632;;Colisão Traseira;Luz do Dia;Bom;Seca;Meio de Quadra;Não Há Controle;Comercial;0;0;2;1;0;0;0;0;0;0;0;0;-38,494036;-3,832912
302707;23;11;2016;08:54;0;AV DEP PAULINO ROCHA;;;55;;Colisão Traseira;Luz do Dia;Bom;Seca;Meio de Quadra;Semáforo;Comercial;0;1;1;1;0;0;0;0;0;1;0;0;-38,50755;-3,802055
302708;23;11;2016;08:20;0;AV DES MOREIRA;;;0;;Colisão Transversal;Luz do Dia;Bom;Seca;Rotatória;Dê Preferência;Comercial;0;0;2;1;1;0;0;0;0;0;0;0;;
302709;23;11;2016;10:21;12985;AV A CJ JOSE WALTER;AV L CJ JOSE WALTER;;0;;Colisão Lateral;Luz do Dia;Bom;Seca;Cruz;Pare;Residencial;0;0;2;1;0;0;0;0;0;0;0;0;-38,555532;-3,824443
302711;23;11;2016;12:18;0;RUA ROCHA LIMA;;;1425;;Colisão Traseira;Luz do Dia;Bom;Seca;Meio de Quadra;Não Há Controle;Residencial;0;0;2;1;0;0;0;0;0;1;0;0;-38,511402;-3,739898
302712;23;11;2016;14:20;0;RUA PIAUI;;;1516;;Colisão Traseira;Luz do Dia;Bom;Seca;Meio de Quadra;Não Há Controle;Residencial;0;0;2;1;0;0;0;0;0;0;0;0;-38,571959;-3,752595
302714;23;11;2016;16:19;5284;RUA PEDRO I;RUA PRC ISABEL;;0;;Colisão Lateral;Luz do Dia;Bom;Não informada;Cruz;Pare;Comercial;0;0;2;0;0;0;0;0;0;1;0;0;-38,536144;-3,728809
302715;23;11;2016;17:39;5749;RUA JULIO LIMA;AV DES GONZAGA;;0;;Colisão Lateral;Luz do Dia;Bom;Seca;Cruz;Pare;Comercial;0;0;2;1;0;0;0;0;0;0;0;0;-38,500411;-3,796143
302716;23;11;2016;17:55;0;RUA JULIO ABREU;;;315;;Colisão Transversal;Anoitecer;Bom;Seca;Meio de Quadra;Não Há Controle;Comercial;0;0;3;1;1;0;0;0;0;0;0;0;-38,486002;-3,735842
302717;23;11;2016;16:36;9671;RUA ARI MAIA;RUA OSCAR FRANCA;;0;;Colisão Lateral;Via Iluminada;Bom;Seca;Cruz;Pare;Residencial;0;0;2;1;0;0;0;0;0;0;0;0;-38,621799;-3,784963
300694;23;11;2016;16:11;0;RUA BAR RIO BRANCO;;;;;Colisão;Luz do Dia;;;Meio de Quadra;;;0;1;0;1;0;0;1;0;0;0;0;0;;
300695;23;11;2016;21:14;0;RUA RAQUEL FLORENCIO;;;;;Queda;;;;Meio de Quadra;;;0;1;0;0;0;0;0;0;0;1;0;0;;
300671;23;11;2016;06:42;0;RUA MOURA MATOS;;;1252;;Colisão;Luz do Dia;;;Meio de Quadra;;;0;1;0;1;0;0;0;0;0;1;0;0;-38,539834;-3,815705
300677;23;11;2016;10:32;0;RUA JOSE AVELINO;;;640;;Colisão;Luz do Dia;;;Meio de Quadra;;;0;1;0;0;0;0;0;0;0;0;0;0;-38,517871;-3,72248
300310;23;11;2016;08:00;0;AV SEN CARLOS JEREISSATI (AEROPORTO);;;;KM 04;Colisão;Luz do Dia;Bom;Seca;Meio de Quadra;;;0;0;2;0;0;0;1;0;0;1;0;0;-38,544418;-3,779518
300306;23;11;2016;07:00;0;RD CE-040;;;;KM-10;Colisão;Luz do Dia;Bom;Seca;Meio de Quadra;;;0;0;2;1;0;0;0;0;0;0;0;0;-38,482466;-3,834451
300381;23;11;2016;12:30;0;RD CE-040;;;;KM-02;Colisão;Luz do Dia;Bom;Seca;Meio de Quadra;;;0;0;2;1;0;0;0;0;0;0;0;0;-38,482583;-3,76465
294947;23;11;2016;09:30;0;AV 13 DE MAIO;;;1700;;Colisão Lateral;Luz do Dia;Nublado;Seca;Meio de Quadra;Não Há Controle;Comercial;0;2;2;1;1;0;0;0;0;1;0;0;-38,53324;-3,745977
294965;23;11;2016;11:15;25119;RUA BAR AQUIRAZ;RUA MIGUEL COUTO;;980;;Colisão Traseira;Luz do Dia;Bom;Seca;T;Não Há Controle;Comercial;0;1;2;0;0;0;0;0;0;0;0;0;-38,487996;-3,837441
294980;24;11;2016;22:30;0;AV CESAR CALS;;;;;Colisão;;;;Meio de Quadra;;;0;1;1;0;0;0;0;0;0;1;0;0;;
294977;24;11;2016;17:35;12614;AV CEL CARVALHO;RUA COS LAFAYETE;;;;Colisão;Anoitecer;;;;;;0;1;1;0;0;0;0;0;0;1;0;0;-38,587938;-3,717512
294997;24;11;2016;17:30;19776;RUA AZEVEDO BOLAO;RUA MOREIRA DE SOUSA;;;;Colisão Lateral;Luz do Dia;Bom;Seca;Cruz;Pare;Residencial;0;0;4;0;0;0;0;0;0;0;0;0;-38,566735;-3,738489
294983;24;11;2016;22:00;18108;AV SANTOS DUMONT;AV DIOGUINHO;;;;Atropelamento;;;;T;Semáforo;Comercial;0;1;1;0;0;0;0;0;0;1;0;0;-38,450425;-3,747029
294988;24;11;2016;08:30;0;AV DA UNIVERSIDADE;;;2365;;Colisão Lateral;Luz do Dia;Bom;Seca;Meio de Quadra;Não Há Controle;Comercial;0;1;4;0;1;0;0;0;0;1;0;0;-38,536447;-3,738029
300317;24;11;2016;07:20;0;RD CE-040;;;;KM-06;Colisão;Luz do Dia;Bom;Seca;Meio de Quadra;;;0;1;1;1;0;0;0;0;0;1;0;0;-38,479535;-3,800596
300320;24;11;2016;11:15;0;AV SEN CARLOS JEREISSATI (AEROPORTO);;;;KM 01;Colisão;Luz do Dia;Bom;Seca;Meio de Quadra;;;0;0;2;1;0;0;0;0;0;0;0;0;-38,52685;-3,783753
300335;24;11;2016;12:00;0;AV SEN CARLOS JEREISSATI (AEROPORTO);;;;KM 01;Colisão;Luz do Dia;Bom;Seca;Meio de Quadra;;;0;0;2;1;0;0;0;0;0;0;0;0;-38,52685;-3,783753
300336;24;11;2016;19:50;0;RD CE-025;;;;KM-05;Atropelamento;;Bom;Seca;Meio de Quadra;;;1;0;1;1;0;0;0;0;0;0;0;0;-38,435948;-3,809574
300700;24;11;2016;10:02;5763;RUA SABINA AUGUSTA;RUA VIRGILIO PAES;;;;Colisão Transversal;Luz do Dia;;;Cruz;Pare;Residencial;0;2;1;1;0;0;0;0;0;0;0;0;-38,492285;-3,796771
300706;24;11;2016;15:10;0;AV A CJ CEARA;;;698;;Atropelamento;Luz do Dia;;;Meio de Quadra;;;0;1;0;0;0;0;0;0;0;0;0;0;;
300710;24;11;2016;19:07;0;AV CEL CARVALHO;;;;;Colisão;;;;Meio de Quadra;;;0;1;0;0;0;0;0;0;0;1;0;0;;
300712;24;11;2016;20:37;0;RUA RIO BRANCO;;;311;;Colisão;;;;Meio de Quadra;;;0;1;0;0;0;0;0;0;0;0;0;0;-38,561885;-3,756346
300716;24;11;2016;21:10;0;RUA JULIO SILVA;;;440;;Atropelamento;;;;Meio de Quadra;;;0;1;0;0;0;0;0;0;0;1;0;0;;
300717;24;11;2016;21:15;0;AV ABOLICAO;;;3049;;Colisão;;;;Meio de Quadra;;;0;1;0;0;0;0;0;0;0;0;0;0;-38,492015;-3,726788
300718;24;11;2016;21:17;0;RUA JULIO SILVA;;;440;;Atropelamento;;;;Meio de Quadra;;;0;1;0;0;0;0;0;0;0;1;0;0;;
300702;24;11;2016;15:03;0;RUA URUCUTUBA;;;1657;;Atropelamento;Luz do Dia;;;Meio de Quadra;;;0;1;0;1;0;0;0;0;0;0;0;0;-38,610775;-3,797994
302754;24;11;2016;18:44;1259;RUA ILDEFONSO ALBANO;RUA PDE LUIS FIGUEIRA;;0;;Colisão Transversal;Mal Iluminada;Bom;Seca;Cruz;Pare;Comercial;0;1;1;1;0;0;0;0;0;0;0;0;-38,513063;-3,732813
302773;24;11;2016;21:32;0;AV PRS CASTELO BRANCO;;;619;;Colisão Lateral;Via Iluminada;Bom;Seca;Meio de Quadra;Não Há Controle;Lazer;0;0;2;1;0;0;0;0;0;0;0;0;;
302720;24;11;2016;07:10;0;AV AGUANAMBI;;;0;ROTATÓRIA;Colisão Lateral;Luz do Dia;Bom;Seca;Rotatória;Semáforo;Comercial;0;0;3;1;0;0;0;0;0;1;0;0;;
302721;24;11;2016;08:09;0;RUA JORGE DUMAR;;;1748;;Colisão Lateral;Luz do Dia;Bom;Seca;Meio de Quadra;Não Há Controle;Escola;0;1;1;0;0;0;0;0;0;0;0;0;-38,53912;-3,751611
302722;24;11;2016;08:17;0;RUA 44 CJ HAB ST S JOAO;;;36;;Colisão Lateral;Luz do Dia;Bom;Seca;Cruz;Não Há Controle;Residencial;0;1;1;1;0;0;0;0;0;0;0;0;-38,510628;-3,853881
302723;24;11;2016;09:03;0;TR MON TABOSA D12;;;154;;Colisão Lateral;Luz do Dia;Bom;Seca;Meio de Quadra;Não Há Controle;Residencial;0;0;1;0;0;0;0;0;0;0;0;0;-38,539448;-3,753835
302724;24;11;2016;09:13;0;RUA FARIAS LEMOS;RUA FREDERICO SEVERO;;0;;Colisão Lateral;Luz do Dia;Bom;Seca;Cruz;Pare;Residencial;0;0;2;1;0;0;0;0;0;0;0;0;;
302726;24;11;2016;10:32;0;RUA GAL SILVA JUNIOR;;;855;;Queda;Luz do Dia;Bom;Seca;Meio de Quadra;Não Há Controle;Residencial;0;0;0;1;0;0;0;0;0;0;0;0;;
302727;24;11;2016;13:23;21202;AV JOVITA FEITOSA;RUA VIRIATO RIBEIRO;;0;;Colisão Transversal;Luz do Dia;Bom;Seca;T;Não Há Controle;Residencial;0;1;1;0;0;0;0;0;0;1;0;0;-38,567768;-3,74332
302728;24;11;2016;13:10;0;RUA TAVARES COUTINHO;AV ALM HENRIQUE SABOIA;;0;;Colisão Traseira;Luz do Dia;Bom;Seca;Cruz;Semáforo;Comercial;0;0;3;1;0;0;0;0;0;0;0;0;-38,48289;-3,732499
302729;24;11;2016;14:10;0;RUA BATISTA DE OLIVEIRA;;;868;;Colisão Lateral;Luz do Dia;Bom;Seca;Meio de Quadra;Semáforo;Residencial;0;0;2;1;0;0;0;0;0;0;0;0;-38,481814;-3,745698
302730;24;11;2016;14:15;0;RUA BERNARDINO CAMPOS;;;351;;Choque c/ Obstáculo Fixo;Luz do Dia;Bom;Seca;Outros;Não Há Controle;Residencial;0;0;2;1;0;0;0;0;0;0;0;0;;
302731;24;11;2016;17:08;0;AV GOV RAUL BARBOSA;;;900;;Colisão Traseira;Luz do Dia;Bom;Seca;Meio de Quadra;Não Há Controle;Comercial;0;0;2;1;0;0;0;0;0;0;0;0;;
302732;24;11;2016;19:05;7889;AV DES MOREIRA;RUA CEL ALVES TEIXEIRA;;0;;Colisão Traseira;Via Iluminada;Bom;Seca;T;Pare;Comercial;0;0;2;1;0;0;0;0;0;1;0;0;-38,502206;-3,748295
302733;24;11;2016;19:55;0;AV BEZERRA DE MENEZES;;;420;;Colisão Traseira;Via Iluminada;Bom;Seca;Meio de Quadra;Semáforo;Escola;0;0;2;1;0;0;0;0;0;1;0;0;-38,547792;-3,732209
302734;24;11;2016;20:10;5709;AV DES GONZAGA;AV OLIVEIRA PAIVA;;0;;Colisão Lateral;Via Iluminada;Bom;Seca;Outros;Semáforo;Comercial;0;0;2;1;0;0;0;0;0;0;0;0;-38,499953;-3,797165
302735;24;11;2016;20:40;0;AV PLACIDO CASTELO;;;230;;Choque c/ Obstáculo Fixo;Via Iluminada;Bom;Seca;Meio de Quadra;Não Há Controle;Residencial;0;1;0;1;0;0;0;0;0;0;0;0;-38,50962;-3,784315
302736;24;11;2016;19:00;0;AV SORIANO ALBUQUERQUE;;;575;;Colisão Traseira;Via Iluminada;Bom;Seca;Meio de Quadra;Não Há Controle;Comercial;0;0;2;1;0;0;0;0;0;0;0;0;-38,515316;-3,748976
292577;24;11;2016;16:00;0;AV CARAPINIMA;;;1668;;Outros;Luz do Dia;Bom;Seca;Meio de Quadra;Semáforo;Comercial;0;0;2;0;0;0;0;0;0;1;0;0;-38,536784;-3,73666
292578;24;11;2016;08:32;9072;AV PONTES VIEIRA;AV 13 DE MAIO;;;;Outros;Luz do Dia;Bom;Seca;Duplo T;;Comercial;0;0;2;1;0;0;0;0;0;1;0;0;-38,520486;-3,753544
292579;24;11;2016;10:20;15236;AV ANTONIO JUSTA;RUA BARBOSA DE FREITAS;;;;Outros;Luz do Dia;Bom;Seca;Cruz;;Comercial;0;0;2;1;0;0;0;0;0;0;0;0;-38,49452;-3,727674
292581;24;11;2016;17:40;3789;AV 13 DE MAIO;RUA WALDERY UCHOA;;;;Colisão Lateral;Anoitecer;Bom;Seca;Cruz;Pare;Comercial;0;0;2;1;1;0;0;0;0;0;0;0;-38,537427;-3,742399
292582;24;11;2016;16:30;9129;AV 13 DE MAIO;RUA FLORIANO PEIXOTO;;;;Colisão Transversal;Luz do Dia;Bom;Seca;T;Pare;Comercial;0;1;1;1;0;0;0;0;0;0;0;0;-38,533303;-3,745924
292583;24;11;2016;13:00;25745;RUA FRANCISCO JOSE A PEREIRA;RUA DR WANDA SIDOU;;;;Colisão Lateral;Luz do Dia;Bom;Seca;Cruz;Não Há Controle;Residencial;0;0;2;1;0;0;0;0;0;0;0;0;;
292584;24;11;2016;14:15;2837;RUA MARIA JULIA;RUA BOM JESUS (GRANJA LISBOA);;;;Colisão Transversal;Luz do Dia;Bom;Seca;Cruz;Pare;Residencial;0;1;1;0;1;0;0;0;0;1;0;0;-38,600603;-3,79464
292585;24;11;2016;17:00;15320;RUA ANA BILHAR;RUA CEL LINHARES;;;;Choque c/ Obstáculo Fixo;Via Iluminada;Bom;Seca;Cruz;Pare;Residencial;0;1;0;1;0;0;0;0;0;0;0;0;-38,492228;-3,730568
292572;24;11;2016;08:00;0;AV AUGUSTO DOS ANJOS;;;1815;;Colisão Lateral;Luz do Dia;Bom;Seca;Meio de Quadra;Outros;Comercial;0;0;2;1;1;0;0;0;0;0;0;0;-38,580733;-3,781948
292574;24;11;2016;07:05;22915;RUA BERNARDO MANUEL;RUA IGUATU;;;;Colisão Traseira;Luz do Dia;Bom;Seca;T;Pare;Residencial;0;0;2;1;0;0;0;0;0;0;0;0;-38,54651;-3,782679
292575;24;11;2016;19:00;7718;AV JOSE BASTOS;AV CARNEIRO DE MENDONCA;;;;Colisão Transversal;Via Iluminada;Bom;Seca;Cruz;Semáforo;Comercial;0;0;2;1;1;0;0;0;0;0;0;0;-38,566759;-3,764109
292570;24;11;2016;17:40;0;AV MOZART PINHEIRO DE LUCENA;;;1580;;Outros;Via Iluminada;Bom;Seca;Meio de Quadra;Não Há Controle;Comercial;0;0;2;1;0;0;0;0;0;0;0;0;-38,595178;-3,71646
292567;24;11;2016;23:11;0;AV DR SILAS MUNGUBA;;;557;;Colisão Lateral;Via Iluminada;Bom;Seca;;;;0;1;1;1;0;0;0;0;0;1;0;0;;
292568;24;11;2016;17:30;17953;RUA JOAQUIM ALBANO;RUA BANVAR BEZERRA;;;;Colisão Transversal;Via Iluminada;Bom;Seca;Cruz;Pare;Residencial;0;0;2;1;0;0;0;0;0;0;0;0;-38,579975;-3,735275
303755;24;11;2016;19:46;0;AV TEN LISBOA;;;1610;;Colisão;;;;Meio de Quadra;;;0;1;0;0;0;0;0;0;0;0;0;0;;
303756;24;11;2016;20:15;0;AV PRS CASTELO BRANCO;;;;;Queda;;;;Meio de Quadra;;;0;0;1;0;0;0;0;0;0;0;0;0;;
303757;24;11;2016;20:33;0;AV PLACIDO CASTELO;;;;;Colisão;;;;Meio de Quadra;;;0;1;0;1;0;0;0;0;0;0;0;0;;
303759;24;11;2016;20:57;0;RUA JOSE ARISTOTELES GONDIM;;;537;;Colisão;;;;Meio de Quadra;;;0;0;1;1;0;0;0;0;0;1;0;0;-38,586004;-3,782556
303690;24;11;2016;21:17;0;RUA PRO EDGAR DE ARRUDA;;;1974;;Atropelamento;;;;Meio de Quadra;;;0;1;0;1;0;0;0;0;0;0;0;0;-38,592079;-3,754321
303692;24;11;2016;21:43;0;AV A CJ JOSE WALTER;;;;;Queda;;;;Meio de Quadra;;;0;1;0;0;0;0;0;0;0;1;0;0;;
303693;24;11;2016;22:01;0;AV ENG HUMBERTO MONTE;;;2677;;Colisão;;;;Meio de Quadra;;;0;1;0;1;0;0;0;0;0;1;0;0;;