COD_ACIDENTE;DIA;MES;ANO;HORA;INTERSECAO;LOG1;LOG2;LOG3;NUMERO;REFERENCIA;NATUREZA;ILUMINACAO;TEMPO;SUPERFICIEPISTA;TIPOCRUZAMENTO;CONTROLETRAFEGO;USOSOLO;MORTOS;FERIDOS;ILESOS;AUTOMOVEL;ONIBUS;BICICLETA;CAMINHAO;MICROONIBUS;CICLOMOTOR;MOTOCICLETA;TRACAOANIMAL;TREM;LONG;LAT
303334;25;11;2016;19:00;0;RD CE-040;;;;KM-04;Colisão;;Bom;Seca;Meio de Quadra;;;0;0;3;1;0;0;0;0;0;0;0;0;-38,481084;-3,782614
303335;25;11;2016;08:25;0;RD CE-040;;;;KM-03;Colisão;Luz do Dia;Bom;Seca;Meio de Quadra;;;0;0;3;1;0;0;0;0;0;0;0;0;-38,481799;-3,773616
292586;25;11;2016;08:10;0;RUA SAO PAULO;;;2154;;Colisão Lateral;Luz do Dia;Bom;Seca;Meio de Quadra;Não Há Controle;Residencial;0;2;0;0;0;0;0;0;0;1;0;0;-38,544319;-3,720514
292587;25;11;2016;20:30;0;AV 13 DE MAIO;;;;;Colisão Traseira;Via Iluminada;Bom;Seca;Meio de Quadra;;Comercial;0;0;2;1;0;0;0;0;0;0;0;0;;
292588;25;11;2016;13:40;6757;AV ENG SANTANA JUNIOR;RUA HENRIQUETA GALENO;;;;Colisão Lateral;Luz do Dia;Bom;Seca;Cruz;Pare;Comercial;0;0;2;1;0;0;0;0;0;0;0;0;-38,489826;-3,748298
292607;25;11;2016;09:58;3990;RUA PRO COSTA MENDES;AV PRO GOMES DE MATOS;;;;Colisão Lateral;Luz do Dia;Bom;Seca;Cruz;Semáforo;Comercial;0;0;2;1;0;0;1;0;0;0;0;0;-38,542936;-3,758035
292601;25;11;2016;15:26;0;AV JOSE BASTOS;;;2876;;Engavetamento;Luz do Dia;Bom;Seca;Meio de Quadra;Semáforo Intermitente;Comercial;0;0;3;1;0;0;0;0;0;0;0;0;;
292603;25;11;2016;15:22;5374;AV DUQ CAXIAS;RUA BAR RIO BRANCO;;;;Colisão Lateral;Luz do Dia;;Seca;Cruz;Semáforo;Comercial;0;1;1;1;0;0;0;0;0;1;0;0;-38,529947;-3,731774
292590;25;11;2016;13:00;22318;RUA CASIMIRO MONTENEGRO;AV BENJAMIM BARROSO;;;;Colisão Traseira;Luz do Dia;Bom;Seca;Cruz;Pare;Residencial;0;0;3;1;0;0;1;0;0;0;0;0;-38,55039;-3,7306
292591;25;11;2016;23:55;1574;RUA PDE VALDEVINO;RUA JOSE VILAR;;;;Colisão Lateral;Via Iluminada;Bom;Seca;Cruz;Semáforo;Comercial;0;0;2;0;0;0;0;0;0;1;0;0;-38,506779;-3,7423
292592;25;11;2016;02:40;0;AV PRS COSTA E SILVA;;;1891;;Choque c/ Obstáculo Fixo;Via Iluminada;Bom;Seca;Meio de Quadra;Não Há Controle;Comercial;0;1;0;0;0;0;0;0;0;1;0;0;;
292593;25;11;2016;19:20;5067;RUA PDE MORORO;RUA SEN ALENCAR;;;;Colisão Lateral;Via Iluminada;Bom;Seca;Cruz;Pare;Comercial;0;0;2;1;1;0;0;0;0;0;0;0;-38,536475;-3,72216
292596;25;11;2016;09:00;271;AV JOVITA FEITOSA;RUA AMADEU FURTADO;;;;Colisão Transversal;Luz do Dia;Bom;Seca;Cruz;Semáforo;Comercial;0;0;2;1;0;0;0;0;0;1;0;0;-38,562915;-3,741173
292598;25;11;2016;10:30;0;AV JOR THOMAZ COELHO;;;191;;Colisão Frontal;Luz do Dia;Bom;Seca;Meio de Quadra;Outros;Comercial;0;1;1;1;0;0;0;0;0;1;0;0;;
292619;25;11;2016;19:40;7911;AV ANTONIO SALES;RUA OSVALDO CRUZ (ALDEOTA);;;;Colisão Lateral;Via Iluminada;Bom;Seca;Cruz;Não Há Controle;Comercial;0;1;1;1;0;0;0;0;0;1;0;0;;
292617;25;11;2016;14:10;19311;RUA ARARIPE PRATA;RUA STA JULIA;;;;Colisão Transversal;Luz do Dia;Bom;Seca;Cruz;Pare;Residencial;0;2;1;1;0;0;0;0;0;1;0;0;-38,569074;-3,775083
292612;25;11;2016;23:00;12437;RUA BELO HORIZONTE;RUA BENTO LOUSADO;;;;Colisão Transversal;Via Iluminada;Bom;Seca;Cruz;Pare;Residencial;0;0;2;1;0;0;0;0;0;0;0;0;-38,568686;-3,765738
292614;25;11;2016;14:30;0;AV DEP PAULINO ROCHA;;;1001;;Colisão Traseira;Luz do Dia;Bom;Seca;Meio de Quadra;Outros;Residencial;0;0;3;1;0;0;0;0;0;0;0;0;;
292615;25;11;2016;16:10;0;RUA LIDIA BRIGIDO;;;;;Colisão Transversal;Luz do Dia;Bom;Seca;Meio de Quadra;;Comercial;0;0;2;1;0;0;0;0;0;0;0;0;;
302737;25;11;2016;07:00;9077;AV AGUANAMBI;RUA BONFIM SOBRINHO;;0;;Colisão Transversal;Via Iluminada;Bom;Seca;Cruz;Pare;Comercial;0;0;2;1;0;0;0;0;0;0;0;0;-38,523551;-3,751039
302738;25;11;2016;07:39;17259;RUA ALVARO FERNANDES;RUA JOAO FIRMINO;;0;;Colisão Lateral;Luz do Dia;Bom;Seca;Cruz;Pare;Residencial;0;0;2;1;1;0;0;0;0;0;0;0;-38,553142;-3,761505
302739;25;11;2016;07:40;12824;RUA ANDRE CHAVES;RUA JORGE DUMAR;;0;;Colisão Transversal;Luz do Dia;Bom;Seca;Cruz;Pare;Comercial;0;0;2;1;0;0;0;0;0;0;0;0;-38,540361;-3,756975
302741;25;11;2016;09:57;13491;RUA JOAO CORDEIRO;RUA CEL ALVES TEIXEIRA;;0;;Colisão Transversal;Luz do Dia;Bom;Seca;Cruz;Pare;Comercial;0;0;2;1;0;0;0;0;0;0;0;0;-38,519336;-3,745411
302742;25;11;2016;12:46;0;RUA BAR ARATANHA;;;1503;;Colisão Traseira;Anoitecer;Bom;Seca;Meio de Quadra;Semáforo;Comercial;0;0;2;1;0;0;0;0;0;0;0;0;-38,530849;-3,746223
302743;25;11;2016;07:06;0;AV DOS JANGADEIROS;;;1107;;Colisão Lateral;Luz do Dia;Bom;Seca;Meio de Quadra;Não Há Controle;Residencial;0;0;2;1;0;0;0;0;0;0;0;0;;
302744;25;11;2016;13:22;0;RUA CAP GUSTAVO;;;3552;;Colisão Lateral;Luz do Dia;Bom;Seca;Meio de Quadra;Não Há Controle;Residencial;0;0;1;1;0;0;0;0;0;0;0;0;-38,517318;-3,752176
302745;25;11;2016;13:40;1490;RUA CEL JUCA;RUA DES LEITE ALBUQUERQUE;;0;;Colisão Traseira;Luz do Dia;Bom;Seca;Cruz;Pare;Residencial;0;0;2;1;0;0;0;0;0;0;0;0;-38,491875;-3,739434
302746;25;11;2016;12:40;9148;RUA DOM SEBASTIAO LEME;RUA GUILHERME MOREIRA;;0;;Colisão Transversal;Luz do Dia;Bom;Seca;Cruz;Pare;Residencial;0;0;2;1;0;0;0;0;0;0;0;0;-38,52559;-3,750073
302747;25;11;2016;14:26;15366;RUA PEREIRA VALENTE;RUA PRO DIAS DA ROCHA;;0;;Colisão Traseira;Luz do Dia;Bom;Seca;Cruz;Pare;Comercial;0;0;2;1;0;0;0;0;0;0;0;0;-38,491243;-3,734132
302755;25;11;2016;20:21;1716;AV GAL MURILO BORGES;AV GOV RAUL BARBOSA;;0;;Colisão Traseira;Via Iluminada;Bom;Seca;Meio de Quadra;Não Há Controle;Comercial;0;0;2;1;0;0;0;0;0;0;0;0;-38,508802;-3,763977
302756;25;11;2016;21:54;22886;RUA BERNARDO MANUEL;RUA INACIO PARENTE;;0;;Colisão Frontal;Via Iluminada;Bom;Seca;Cruz;Semáforo;Comercial;0;0;1;1;0;0;0;0;0;0;0;0;-38,546074;-3,781268
302757;25;11;2016;08:47;5130;RUA CASTRO E SILVA;RUA FLORIANO PEIXOTO;;0;;Colisão Transversal;Luz do Dia;Bom;Seca;Cruz;Pare;Comercial;0;0;2;1;0;0;0;0;0;0;0;0;-38,52611;-3,724272
302749;25;11;2016;14:17;1246;AV SANTOS DUMONT;RUA BAR ARACATI;;0;;Colisão Transversal;Luz do Dia;Bom;Seca;Cruz;Pare;Comercial;0;0;1;1;0;0;0;0;0;0;0;0;-38,511618;-3,731909
302750;25;11;2016;17:09;0;AV DOM LUIS;;;30;;Colisão Lateral;Luz do Dia;Bom;Seca;Meio de Quadra;Semáforo;Comercial;0;0;2;1;0;0;0;0;0;1;0;0;-38,50105;-3,732095
302751;25;11;2016;17:02;9246;AV 13 DE MAIO;RUA BAR RIO BRANCO;;0;;Colisão Traseira;Luz do Dia;Bom;Seca;Cruz;Semáforo;Comercial;0;0;2;1;0;0;0;0;0;0;0;0;-38,534255;-3,745129
302753;25;11;2016;18:00;0;AV PRS COSTA E SILVA;;;2661;;Colisão Traseira;Via Iluminada;Bom;Seca;Meio de Quadra;Semáforo;Comercial;0;0;3;1;1;0;0;0;0;0;0;0;-38,558724;-3,820924
302764;25;11;2016;15:32;0;AV GODOFREDO MACIEL;RUA FRANCISCO GLICERIO;;0;;Colisão Traseira;Luz do Dia;Bom;Seca;Cruz;Semáforo;Comercial;0;0;2;1;0;0;0;0;0;0;0;0;-38,569757;-3,795981
298753;25;11;2016;22:52;0;RUA PDE FRANCISCO PITA;;;497;;Colisão;;;;Meio de Quadra;;;0;1;1;0;0;0;0;0;0;0;0;0;-38,501016;-3,781184
298754;25;11;2016;23:15;22905;RUA DR JUSTA ARAUJO D45;RUA PDE NOBREGA;;;;Queda;;;;;;;0;1;0;0;0;0;0;0;0;1;0;0;-38,552507;-3,782321
298755;25;11;2016;23:43;0;RUA FRANCISCO DE SALES;;;7910;;Colisão;;;;Meio de Quadra;;;0;1;1;0;0;0;0;0;0;0;0;0;;
298756;25;11;2016;23:56;0;AV IRACEMA (CJ PALMEIRAS);;;980;;Colisão;;;;Meio de Quadra;;;0;1;1;0;0;0;0;0;0;1;0;0;;
298749;25;11;2016;21:32;0;RUA MIGUEL GURGEL;;;;;Atropelamento;;;;Meio de Quadra;;;0;1;1;1;0;0;0;0;0;0;0;0;;
298750;25;11;2016;22:25;0;RUA TEN BENEVOLO;;;420;;Atropelamento;;;;Meio de Quadra;;;0;1;1;1;0;0;0;0;0;0;0;0;-38,516936;-3,725441
298624;25;11;2016;00:23;0;AV CEL CARVALHO;;;3110;;Queda;;;;Meio de Quadra;;;0;1;0;0;0;0;0;0;0;1;0;0;-38,584606;-3,73135
298625;25;11;2016;00:37;0;AV PRO JOSE ARTHUR CARVALHO;;;541;;Queda;;;;Meio de Quadra;;;0;1;0;0;0;0;0;0;0;1;0;0;-38,474536;-3,826285
298636;25;11;2016;06:56;21369;AV JOVITA FEITOSA;RUA CARVALHO MOTA;;;;Colisão;Luz do Dia;;;T;Outros;Residencial;0;1;1;1;0;0;0;0;0;1;0;0;-38,544748;-3,737437
298634;25;11;2016;06:29;0;AV JOVITA FEITOSA;;;2813;;Colisão;Luz do Dia;;;Meio de Quadra;;;0;1;1;1;0;0;0;0;0;1;0;0;-38,562834;-3,741155
298631;25;11;2016;05:54;0;AV JOSE BASTOS;;;2560;;Colisão;Amanhecer;;;Meio de Quadra;;;0;1;1;0;0;0;0;0;0;0;0;0;-38,544371;-3,743827
298659;25;11;2016;07:56;22930;RUA BERNARDO MANUEL;RUA LEAO TREZE;;;;Colisão;Luz do Dia;;;Cruz;Pare;Comercial;0;2;0;1;0;0;0;0;0;1;0;0;-38,546723;-3,783394
298660;25;11;2016;07:58;0;AV DOS EXPEDICIONARIOS;;;5360;;Colisão;Luz do Dia;;;Meio de Quadra;;;0;1;1;1;0;0;0;0;0;1;0;0;-38,54172;-3,766725
298661;25;11;2016;08:29;15643;RUA CAPANEMA;RUA AFONSO HENRIQUE;;;;Colisão;Luz do Dia;;;;;;0;1;1;0;0;0;1;0;0;1;0;0;-38,487682;-3,82503
298667;25;11;2016;08:55;0;RUA JOAO BARRETO;;;100;;Colisão;Luz do Dia;;;Meio de Quadra;;;0;1;1;1;0;0;0;0;0;1;0;0;;
298640;25;11;2016;07:29;0;AV DR SILAS MUNGUBA;;;4880;;Colisão;Luz do Dia;;;Meio de Quadra;;;0;1;1;1;0;0;0;0;0;1;0;0;-38,532294;-3,795794
298641;25;11;2016;07:32;0;RUA STA ELISA D21;;;1529;;Atropelamento;Luz do Dia;;;Meio de Quadra;;;0;1;1;1;0;0;0;0;0;0;0;0;-38,567413;-3,703257
298683;25;11;2016;09:01;0;RUA JOAO AREAS;;;749;;Colisão;Luz do Dia;;;Meio de Quadra;;;0;1;1;1;0;0;0;0;0;1;0;0;-38,576013;-3,793321
298688;25;11;2016;10:25;0;RUA PRISCO BEZERRA;;;101;;Colisão;Luz do Dia;;;Meio de Quadra;;;0;1;1;0;0;0;0;0;0;0;0;0;;
298686;25;11;2016;10:22;25063;RUA ARMANDO MONTEIRO;AV DOS EXPEDICIONARIOS;;;;Colisão;Luz do Dia;;;Cruz;Pare;Residencial;0;1;1;1;0;0;0;0;0;1;0;0;-38,540372;-3,76223
298693;25;11;2016;11:59;25519;AV GOV RAUL BARBOSA;AV ALM HENRIQUE SABOIA;;;;Colisão;Luz do Dia;;;;Não Há Controle;Comercial;0;2;0;1;0;0;0;0;0;0;0;0;-38,50458;-3,758466
298718;25;11;2016;14:41;0;AV JOSE BASTOS;;;;;Colisão;Luz do Dia;;;Meio de Quadra;;;0;2;0;1;0;0;0;0;0;1;0;0;;
298719;25;11;2016;15:17;0;RUA EDUARDO SABOIA;;;156;;Colisão;Luz do Dia;;;Meio de Quadra;;;0;1;1;1;0;0;0;0;0;1;0;0;;
298720;25;11;2016;15:23;12404;AV LINEU MACHADO;AV SEN FERNANDES TAVORA;;;;Colisão;Luz do Dia;;;Cruz;Não Há Controle;Comercial;0;1;1;0;0;0;0;0;0;1;0;0;-38,57654;-3,765199
298703;25;11;2016;13:36;0;RUA TEN ELIEZER COSTA;;;152;;Colisão;Luz do Dia;;;Meio de Quadra;;;0;1;1;0;0;0;0;0;0;0;0;0;;
298698;25;11;2016;12:35;0;RUA GEORGE ROCHA;;;;;Colisão;Luz do Dia;;;Meio de Quadra;;;0;1;1;1;0;0;0;0;0;1;0;0;;
298747;25;11;2016;21:12;530;RUA CURITIBA;RUA VIRGILIO BRANDAO;;;;Colisão;;;;;;;0;1;1;1;0;0;0;0;0;1;0;0;-38,596466;-3,754246
298742;25;11;2016;19:05;0;AV WASHINGTON LUIS;;;40;;Colisão;;;;Meio de Quadra;;;0;1;1;0;0;0;0;0;0;1;0;0;-38,589166;-3,717497
298743;25;11;2016;19:26;0;AV WASHINGTON SOARES;;;;;Colisão;;;;Meio de Quadra;;;0;1;1;0;0;0;0;0;0;0;0;0;;
298739;25;11;2016;18:57;0;AV ENG HUMBERTO MONTE;;;2450;;Colisão Traseira;Anoitecer;Bom;Seca;Meio de Quadra;Semáforo;Comercial;0;0;4;1;0;0;0;0;0;0;0;0;-38,566889;-3,741654
298740;25;11;2016;18:58;5254;RUA JOAO CORDEIRO;RUA PEREIRA FILGUEIRAS;;;;Colisão Traseira;Via Iluminada;Bom;Seca;Cruz;Semáforo;Comercial;0;2;2;1;0;0;0;0;0;1;0;0;-38,513877;-3,728001
298723;25;11;2016;15:33;9297;AV FRANCISCO SA;RUA CESAR CORREIA;;;;Colisão;Luz do Dia;;;Cruz;Pare;Comercial;0;1;1;1;0;0;0;0;0;1;0;0;-38,573313;-3,711949
298733;25;11;2016;17:33;17341;RUA EDUARDO ANGELIM;AV JOSE DO PATROCINIO;;;;Colisão;Anoitecer;;;;;;0;2;0;0;0;0;0;0;0;0;0;0;;
298734;25;11;2016;17:45;0;RUA BERNARDO MANUEL;;;;;Colisão;Anoitecer;;;Meio de Quadra;;;0;2;0;0;0;0;0;0;0;1;0;0;;
298735;25;11;2016;17:50;0;RUA BERNARDO MANUEL;;;1509;;Colisão;Anoitecer;;;Meio de Quadra;;;0;1;1;1;0;0;0;0;0;1;0;0;;
298736;25;11;2016;18:33;0;RUA JOSE ABILIO;;;1029;;Colisão;;;;Meio de Quadra;;;0;1;1;0;0;0;0;0;0;1;0;0;;
298737;25;11;2016;18:33;19375;RUA NAPOLEAO QUEZADO;RUA CON DE CASTRO;;;;Colisão;;;;Cruz;Pare;Comercial;0;1;1;0;0;0;0;0;0;0;0;0;-38,566777;-3,777706
298709;25;11;2016;13:45;5709;AV OLIVEIRA PAIVA;AV DES GONZAGA;;;;Colisão;Luz do Dia;;;Cruz;Semáforo;Comercial;0;1;1;1;0;0;0;0;0;1;0;0;-38,499953;-3,797165
298726;25;11;2016;17:01;0;RUA LUIS GUIMARAES;;;261;;Queda;Anoitecer;;;Meio de Quadra;;;0;1;0;0;0;1;0;0;0;0;0;0;;
298727;25;11;2016;17:17;0;RUA VALPARAISO;;;160;;Colisão;Anoitecer;;;Meio de Quadra;;;0;1;1;1;0;1;0;0;0;0;0;0;;
298728;25;11;2016;17:29;0;RUA CUIABA;;;1434;;Queda;Anoitecer;;;Meio de Quadra;;;0;1;0;0;0;0;0;0;0;1;0;0;-38,58731;-3,764514
300348;25;11;2016;15:10;0;RD CE-040;;;;KM-03;Colisão;Luz do Dia;Bom;Seca;Meio de Quadra;;;0;0;2;1;0;0;0;0;0;0;0;0;-38,481799;-3,773616
300344;25;11;2016;12:30;0;AV MIN JOSE AMERICO;;;;;Colisão;Luz do Dia;Bom;Seca;Meio de Quadra;;;0;0;3;1;0;0;0;0;0;0;0;0;;
300352;25;11;2016;16:30;0;RD CE-040;;;;KM-07;Colisão;Luz do Dia;Bom;Seca;Meio de Quadra;;;0;1;1;1;0;0;0;0;0;1;0;0;-38,478733;-3,809597
300355;25;11;2016;16:45;0;RD CE-040;;;;KM-07;Colisão;Luz do Dia;Bom;Seca;Meio de Quadra;;;0;0;2;1;0;0;0;0;0;1;0;0;-38,478733;-3,809597
300357;25;11;2016;17:00;0;RD CE-040;;;;KM-08;Colisão;Anoitecer;Bom;Seca;Meio de Quadra;;;0;0;2;1;0;0;0;0;0;0;0;0;-38,483033;-3,817159
295005;25;11;2016;14:20;10995;RUA ALM RUBIM;RUA 15 DE NOVEMBRO;;;;Colisão Transversal;Luz do Dia;Bom;Seca;Cruz;Pare;Comercial;0;2;1;0;0;0;0;0;0;1;0;0;-38,555939;-3,768907
295006;25;11;2016;11:30;0;AV MON TABOSA;;;189;;Colisão;Luz do Dia;;;Meio de Quadra;;;0;0;2;1;0;0;0;0;0;0;0;0;-38,517667;-3,723688
295012;25;11;2016;20:07;0;AV SGT HERMINIO SAMPAIO;;;2148;;Colisão Transversal;Via Iluminada;Bom;Seca;Meio de Quadra;Semáforo;Comercial;0;0;2;1;0;0;0;0;0;1;0;0;-38,559698;-3,72623
295010;25;11;2016;17:30;19772;RUA AZEVEDO BOLAO;RUA PRO RAIMUNDO VITOR;;;;Colisão Transversal;Luz do Dia;Bom;Seca;Cruz;Pare;Residencial;0;2;2;1;0;0;0;0;0;0;0;0;-38,565762;-3,738334
295015;26;11;2016;06:54;26252;RUA PERGENTINO MAIA;RUA ANTONIO BARROS;;;;Colisão Transversal;Luz do Dia;Bom;Seca;Cruz;Pare;Comercial;0;0;3;1;1;0;0;0;0;0;0;0;;
295019;26;11;2016;21:10;0;AV PRS COSTA E SILVA;;;2415;;Colisão Transversal;;;;Meio de Quadra;;;0;1;1;1;0;0;0;0;0;0;0;0;-38,560303;-3,820167
295024;26;11;2016;22:41;0;RUA SAO PAULO;;;195;;Choque c/ Obstáculo Fixo;;;;Meio de Quadra;;;0;0;1;0;0;0;0;0;0;0;0;0;-38,527433;-3,726067
300359;26;11;2016;15:15;0;AV SEN CARLOS JEREISSATI (AEROPORTO);;;;KM 01;Colisão;Luz do Dia;Bom;Seca;Meio de Quadra;;;0;0;2;0;0;0;1;0;0;0;0;0;-38,52685;-3,783753
300360;26;11;2016;18:00;0;AV MIN JOSE AMERICO;;;;;Colisão;Anoitecer;Bom;Seca;Meio de Quadra;;;0;0;2;1;0;0;0;0;0;0;0;0;;
298758;26;11;2016;00:05;0;AV PRS CASTELO BRANCO;;;2353;;Atropelamento;;;;Meio de Quadra;;;0;1;1;0;0;0;0;0;0;0;0;0;-38,548957;-3,713603
298759;26;11;2016;00:23;1574;RUA PDE VALDEVINO;RUA JOSE VILAR;;;;Colisão;;;;Cruz;Semáforo;Comercial;0;1;1;1;0;0;0;0;0;1;0;0;-38,506779;-3,7423
298760;26;11;2016;00:32;0;RUA NELSON COELHO;;;368;;Colisão;;;;Meio de Quadra;;;0;1;1;0;0;0;0;0;0;0;0;0;;
298761;26;11;2016;01:21;0;AV PERIMETRAL;;;;;Colisão;;;;Meio de Quadra;;;0;1;1;1;0;0;0;0;0;1;0;0;;
298762;26;11;2016;02:56;0;RUA BAR CRATO;;;1058;;Choque c/ Obstáculo Fixo;;;;Meio de Quadra;;;0;1;0;1;0;0;0;0;0;0;0;0;-38,558525;-3,720997
298763;26;11;2016;03:07;0;RUA MARIA NUBIA A CAVALCANTE;;;912;;Queda;;;;Meio de Quadra;;;0;1;1;0;0;0;0;0;0;1;0;0;;
298764;26;11;2016;05:25;0;AV GAL OSORIO DE PAIVA;;;5830;IGREJA DO CANINDEZINHO;Choque c/ Obstáculo Fixo;Amanhecer;;;Meio de Quadra;;;0;1;0;1;0;0;0;0;0;0;0;0;-38,604645;-3,807372
298765;26;11;2016;05:40;0;AV FRANCISCO SA;;;3572;;Colisão;Amanhecer;;;Meio de Quadra;;;0;1;1;1;0;0;0;0;0;1;0;0;-38,556506;-3,717686
298767;26;11;2016;07:20;15141;AV MON TABOSA;RUA CARLOS VASCONCELOS;;;;Colisão Lateral;Luz do Dia;Bom;Seca;Cruz;Semáforo;Comercial;0;2;2;1;0;0;0;0;0;1;0;0;-38,507985;-3,724289
298769;26;11;2016;07:21;0;RUA PRO ALVARO COSTA;;;124;FAROL NOVO;Colisão;Luz do Dia;;;Meio de Quadra;;;0;1;1;1;0;0;0;0;0;1;0;0;;
298829;26;11;2016;12:03;0;RUA TORRES DE MELO;;;520;;Colisão;Luz do Dia;;;Meio de Quadra;;;0;2;1;1;0;0;0;0;0;1;0;0;;
298838;26;11;2016;13:13;0;RUA RAIMUNDO NERY;;;363;;Colisão;Luz do Dia;;;Meio de Quadra;;;0;1;1;1;0;0;0;0;0;1;0;0;-38,586166;-3,794771
298833;26;11;2016;12:37;0;RUA JUSTINIANO DE SERPA;;;471;;Colisão;Luz do Dia;;;Meio de Quadra;;;0;1;1;1;0;0;0;0;0;1;0;0;-38,54199;-3,735292
298834;26;11;2016;12:41;0;AV CASTELO DE CASTRO;;;1851;;Atropelamento;Luz do Dia;;;Meio de Quadra;;;0;1;1;1;0;0;0;0;0;0;0;0;;
298835;26;11;2016;13:01;0;AV DR SILAS MUNGUBA;;;4733;;Colisão;Luz do Dia;;;Meio de Quadra;;;0;1;1;1;0;1;0;0;0;0;0;0;-38,533536;-3,79464
298827;26;11;2016;11:18;0;AV ISABEL BEZERRA;;;664;;Colisão;Luz do Dia;;;Meio de Quadra;;;0;1;1;1;0;0;0;0;0;1;0;0;;
298824;26;11;2016;10:14;0;RUA JOSE HIPOLITO;;;971;;Atropelamento;Luz do Dia;;;Meio de Quadra;;;0;1;1;1;0;0;0;0;0;0;0;0;-38,487499;-3,835002
298813;26;11;2016;07:53;0;AV SGT HERMINIO SAMPAIO;;;1520;;Colisão;Luz do Dia;;;Meio de Quadra;;;0;1;1;1;0;0;0;0;0;1;0;0;-38,554236;-3,725233
298814;26;11;2016;08:14;0;AV AGUANAMBI;;;1386;;Queda;Luz do Dia;;;Meio de Quadra;;;0;1;0;0;0;0;0;0;0;1;0;0;-38,523933;-3,748923
298815;26;11;2016;09:08;0;RUA BENI DE CARVALHO;;;377;;Engavetamento;Luz do Dia;Bom;Seca;Meio de Quadra;Não Há Controle;Lazer;0;2;3;1;0;0;0;0;0;0;0;0;-38,497664;-3,745139
298816;26;11;2016;09:22;12857;RUA FLORIANO PEIXOTO;RUA CARLOS GOMES;;;;Colisão;Luz do Dia;;;Cruz;Pare;Residencial;0;1;1;1;0;0;0;0;0;1;0;0;-38,531321;-3,739998
298817;26;11;2016;09:57;0;AV DR SILAS MUNGUBA;;;2952;;Queda;Luz do Dia;;;Meio de Quadra;;;0;1;0;0;0;1;0;0;0;0;0;0;-38,547283;-3,787915
298905;26;11;2016;23:05;0;RUA ALM RUBIM;;;1508;;Atropelamento;;;;Meio de Quadra;;;0;1;1;1;0;0;0;0;0;0;0;0;-38,556566;-3,770673
298897;26;11;2016;21:07;23708;RUA LEBOM MAIA;RUA COSTA FREIRE;;;;Colisão;;;;Cruz;Pare;Escola;0;2;0;0;0;0;0;0;0;1;0;0;-38,578967;-3,786026
298903;26;11;2016;21:26;0;AV AUGUSTO DOS ANJOS;;;472;;Queda;;;;Meio de Quadra;;;0;1;0;0;0;0;0;0;0;1;0;0;-38,572454;-3,772682
298883;26;11;2016;18:44;0;AV 13 DE MAIO;;;;;Colisão;;;;Meio de Quadra;;;0;1;1;1;0;0;0;0;0;1;0;0;;
298885;26;11;2016;19:03;0;RUA CAP PORFIRIO;;;180;;Colisão;;;;Meio de Quadra;;;0;3;0;0;0;0;0;0;0;1;0;0;;
298893;26;11;2016;19:48;0;RUA PEDRO MARTINS;;;458;;Atropelamento;;;;Meio de Quadra;;;0;1;1;0;0;0;0;0;0;1;0;0;-38,602049;-3,799193
298890;26;11;2016;19:06;3928;RUA ANTONIO POMPEU;AV IMPERADOR;;;;Colisão Transversal;Luz do Dia;Bom;Seca;Cruz;Semáforo;Escola;0;3;2;1;0;0;0;0;0;0;0;0;-38,536179;-3,733045
298881;26;11;2016;18:38;0;RUA DA BARAUNA;;;42;;Colisão;;;;Meio de Quadra;;;0;1;1;1;0;1;0;0;0;0;0;0;;
298868;26;11;2016;17:12;21590;RUA COM GARCIA;RUA RAIMUNDO NERY;;;;Colisão;Anoitecer;;;Cruz;Pare;Residencial;0;1;1;1;0;0;0;0;0;1;0;0;-38,585684;-3,795908
298869;26;11;2016;17:13;0;AV ROGACIANO LEITE;;;400;;Colisão;Anoitecer;;;Meio de Quadra;;;0;1;1;1;0;0;0;0;0;1;0;0;-38,493409;-3,761667
298861;26;11;2016;16:46;0;AV LUCIANO CARNEIRO;;;1990;;Colisão;Luz do Dia;;;Meio de Quadra;;;0;1;1;1;0;0;0;0;0;1;0;0;-38,536915;-3,765696
298859;26;11;2016;16:43;0;AV C CJ CEARA;;;1425;;Choque c/ Obstáculo Fixo;Luz do Dia;;;Meio de Quadra;;;0;1;0;0;0;0;0;0;0;1;0;0;-38,614034;-3,771117
298841;26;11;2016;13:56;0;AV PRS COSTA E SILVA;;;;JOSE WALTER;Colisão;Luz do Dia;;;Meio de Quadra;;;0;1;1;1;0;0;0;0;0;1;0;0;;
298844;26;11;2016;14:22;0;AV GAL OSORIO DE PAIVA;;;4753;;Colisão;Luz do Dia;;;Meio de Quadra;;;0;1;1;1;0;0;0;0;0;1;0;0;-38,59806;-3,80059
298849;26;11;2016;14:50;5728;AV DES GONZAGA;RUA ANTONIO DE CASTRO;;;;Colisão;Luz do Dia;;;Cruz;Pare;Comercial;0;2;0;1;0;0;0;0;0;1;0;0;-38,500858;-3,795148
298850;26;11;2016;15:29;0;RUA CESARIO LANGE;;;820;;Colisão;Luz do Dia;;;Meio de Quadra;;;0;1;1;1;0;0;0;0;0;1;0;0;-38,490431;-3,829385
298851;26;11;2016;15:53;0;RUA DOM PERO FERNANDES;;;473;;Queda;Luz do Dia;;;Meio de Quadra;;;0;1;0;0;0;1;0;0;0;0;0;0;;