COD_ACIDENTE;DIA;MES;ANO;HORA;INTERSECAO;LOG1;LOG2;LOG3;NUMERO;REFERENCIA;NATUREZA;ILUMINACAO;TEMPO;SUPERFICIEPISTA;TIPOCRUZAMENTO;CONTROLETRAFEGO;USOSOLO;MORTOS;FERIDOS;ILESOS;AUTOMOVEL;ONIBUS;BICICLETA;CAMINHAO;MICROONIBUS;CICLOMOTOR;MOTOCICLETA;TRACAOANIMAL;TREM;LONG;LAT
298852;26;11;2016;16:06;5115;RUA VINTE E QUATRO DE MAIO;RUA SEN ALENCAR;;;;Colisão;Luz do Dia;;;Cruz;Semáforo;Comercial;0;1;1;0;0;0;0;0;0;1;0;0;-38,531018;-3,723868
298853;26;11;2016;16:17;0;AV MR HULL;;;6600;;Colisão;Luz do Dia;;;Meio de Quadra;;;0;1;1;1;0;0;0;0;0;1;0;0;;
298854;26;11;2016;16:21;0;RUA A (GRANJA LISBOA);;;3791;;Colisão;Luz do Dia;;;Meio de Quadra;;;0;2;0;1;0;0;0;0;0;0;0;0;;
302765;26;11;2016;14:46;5206;RUA SEN ALMIR PINTO;RUA SAO JOSE D03;;0;;Colisão Lateral;Luz do Dia;Bom;Seca;Cruz;Pare;Comercial;0;0;2;1;0;0;0;0;0;0;0;0;-38,523664;-3,726414
302766;26;11;2016;16:30;7397;RUA CURITIBA;RUA CEL MATOS DOURADO;;0;;Choque c/ Obstáculo Fixo;Luz do Dia;Bom;Seca;Cruz;Não Há Controle;Comercial;0;0;1;1;1;0;0;0;0;0;0;0;-38,58537;-3,759188
302767;26;11;2016;16:10;0;RUA AMERICO ROCHA LIMA;;;887;;Colisão Lateral;Luz do Dia;Bom;Seca;Meio de Quadra;Pare;Residencial;0;1;1;1;0;0;0;0;0;1;0;0;-38,583151;-3,798856
302768;26;11;2016;19:23;0;AV PRS COSTA E SILVA;;;1327;;Colisão Traseira;Via Iluminada;Bom;Seca;Meio de Quadra;Semáforo;Residencial;0;1;2;1;0;0;0;0;0;0;0;0;;
302769;26;11;2016;21:55;4542;AV DEP PAULINO ROCHA;RUA CEL ZACARIAS J FRANCA;;0;;Colisão Traseira;Via Iluminada;Bom;Seca;T;Pare;Comercial;0;0;2;1;0;0;0;0;0;0;0;0;-38,508111;-3,805266
302770;26;11;2016;20:33;0;AV SGT HERMINIO SAMPAIO;;;3485;;Colisão Traseira;Via Iluminada;Bom;Seca;Meio de Quadra;Semáforo;Comercial;0;0;1;1;0;0;0;0;0;0;0;0;-38,571759;-3,72854
302772;26;11;2016;14:00;17277;AV PRO GOMES DE MATOS;RUA SATIRO DIAS;;0;;Colisão Transversal;Luz do Dia;Bom;Seca;Cruz;Semáforo;Comercial;0;0;2;1;0;0;0;0;0;0;0;0;-38,546868;-3,762623
303016;26;11;2016;17:45;0;AV CASTELO DE CASTRO;;;2243;;Colisão Lateral;Via Iluminada;Bom;Seca;Meio de Quadra;Semáforo;Residencial;0;1;1;1;0;0;0;0;0;1;0;0;-38,521996;-3,846409
302758;26;11;2016;08:35;1316;AV SANTOS DUMONT;RUA TIBURCIO CAVALCANTE;;0;;Colisão Transversal;Luz do Dia;Bom;Seca;Cruz;Semáforo;Comercial;0;0;2;1;1;0;0;0;0;0;0;0;-38,502259;-3,734979
302759;26;11;2016;10:27;5290;AV DUQ CAXIAS;RUA PDE MORORO;;0;;Colisão Lateral;Luz do Dia;Bom;Seca;Meio de Quadra;Não Há Controle;Comercial;0;1;0;0;0;0;0;0;0;1;0;0;-38,538552;-3,728983
302760;26;11;2016;10:00;15315;RUA CANUTO DE AGUIAR;AV DES MOREIRA;;0;;Colisão Transversal;Luz do Dia;Bom;Seca;Cruz;Semáforo;Comercial;0;1;1;0;0;0;0;0;0;1;0;0;-38,496432;-3,730308
302761;26;11;2016;13:30;4842;RUA CON DE CASTRO;RUA CORACAO DE MARIA;;0;;Colisão Traseira;Luz do Dia;Bom;Seca;Cruz;Pare;Residencial;0;1;1;0;0;0;0;0;0;1;0;0;-38,596258;-3,810035
302762;26;11;2016;12:10;0;RUA BENTO ALBUQUERQUE;;;399;;Colisão Traseira;Luz do Dia;Bom;Seca;Meio de Quadra;Semáforo;Residencial;0;0;2;1;0;0;0;0;0;1;0;0;-38,484763;-3,743248
302763;26;11;2016;14:14;15189;AV ABOLICAO;RUA FRE MANSUETO;;0;;Colisão Traseira;Luz do Dia;Bom;Seca;Cruz;Semáforo;Comercial;0;0;2;1;0;0;0;0;0;0;0;0;-38,489324;-3,726368
292622;26;11;2016;23:50;26083;AV BEZERRA DE MENEZES;AV JOSE JATAHY;;;;Colisão Transversal;Via Iluminada;Bom;Seca;T;Semáforo;Comercial;0;1;1;1;0;0;0;0;0;1;0;0;;
292630;26;11;2016;19:00;0;AV JOR THOMAZ COELHO;;;2854;;Colisão Traseira;Via Iluminada;Bom;Seca;Meio de Quadra;Semáforo;Comercial;0;1;1;1;0;0;0;0;0;1;0;0;-38,520463;-3,828528
292624;26;11;2016;11:00;5313;RUA VINTE E QUATRO DE MAIO;RUA PEDRO I;;;;Colisão Transversal;;Bom;Seca;Cruz;Pare;Residencial;0;0;2;1;0;0;0;0;0;0;0;0;-38,532952;-3,72983
292626;26;11;2016;10:00;0;AV JOAO PESSOA;;;3835;;Engavetamento;Luz do Dia;Bom;Seca;Meio de Quadra;Semáforo;Comercial;0;0;3;1;0;0;0;0;0;0;0;0;-38,545389;-3,747902
292627;26;11;2016;08:55;0;AV BEZERRA DE MENEZES;;;1527;;Colisão Traseira;Luz do Dia;Bom;Seca;Meio de Quadra;Semáforo;Comercial;0;1;1;1;0;0;0;0;0;1;0;0;-38,558571;-3,734433
292628;26;11;2016;11:00;0;RUA BARBOSA DE FREITAS;;;1070;;Colisão Lateral;Luz do Dia;Bom;Seca;Meio de Quadra;Pare;Comercial;0;0;2;1;0;0;0;0;0;1;0;0;-38,497069;-3,735623
292637;26;11;2016;08:32;22158;AV JOSE BASTOS;RUA GUSTAVO BRAGA;;;;Colisão Traseira;Luz do Dia;Bom;Seca;Duplo T;Semáforo;Comercial;0;0;2;1;0;0;0;0;0;0;0;0;-38,551989;-3,751535
292633;26;11;2016;09:15;6376;AV A CJ CEARA;RUA 103 CJ CEARA;;;;Colisão Traseira;Luz do Dia;Bom;Seca;T;Outros;Residencial;0;1;1;0;0;0;0;0;0;1;0;0;-38,604985;-3,771719
292634;26;11;2016;08:00;17400;RUA BAR SOBRAL;RUA EDITE BRAGA;;;;Colisão Transversal;Luz do Dia;Bom;Seca;Cruz;Pare;Residencial;0;1;1;1;0;0;0;0;0;1;0;0;-38,553278;-3,767521
292635;26;11;2016;17:05;26226;AV AMERICO BARREIRA;AV CARNEIRO DE MENDONCA;;;;Colisão Traseira;Luz do Dia;Bom;Seca;;Semáforo;Comercial;0;0;2;1;0;0;0;1;0;0;0;0;;
292636;27;11;2016;11:20;25231;AV PRS COSTA E SILVA;AV I CJ JOSE WALTER;;;;Colisão Lateral;Luz do Dia;Bom;Seca;T;Não Há Controle;Residencial;0;0;2;1;0;0;0;0;0;0;0;0;-38,550232;-3,823494
292638;27;11;2016;03:35;3975;RUA ALBERTO MAGNO;RUA PRO COSTA MENDES;;;;Colisão Transversal;Via Iluminada;Bom;;Cruz;Semáforo;Residencial;0;1;1;1;0;0;0;0;0;0;0;0;-38,543548;-3,757528
292649;27;11;2016;18:40;0;RUA PDE MORORO;;;2324;;Colisão Lateral;Anoitecer;Bom;Seca;Meio de Quadra;Não Há Controle;Residencial;0;0;2;1;0;0;0;0;0;0;0;0;-38,540884;-3,736903
292645;27;11;2016;18:30;0;RUA JOAQUIM NABUCO;;;430;;Colisão Traseira;Via Iluminada;Bom;Seca;Meio de Quadra;Não Há Controle;Residencial;0;1;1;1;0;0;0;0;0;0;0;0;-38,499364;-3,729281
292657;27;11;2016;16:12;22176;AV JOSE BASTOS;AV ENG HUMBERTO MONTE;;;;Colisão Traseira;Luz do Dia;Bom;Seca;T;Semáforo;Comercial;0;0;2;1;0;0;0;0;0;0;0;0;-38,555455;-3,754966
292629;27;11;2016;13:08;0;AV JOAO DE ARAUJO LIMA;;;631;;Colisão Traseira;Luz do Dia;Bom;Seca;Meio de Quadra;Semáforo;Comercial;0;0;2;1;0;0;0;0;0;0;0;0;-38,559348;-3,827524
292625;27;11;2016;17:24;3030;RUA ANDRE REBOUCAS;RUA DIOGO CORREIA;;;;Colisão Transversal;Anoitecer;Bom;Seca;Cruz;Semáforo;Comercial;0;1;1;1;0;0;0;0;0;1;0;0;-38,588606;-3,774008
292505;27;11;2016;21:00;0;LOGRADOURO SEM NOME;;;;;Atropelamento;;;;Meio de Quadra;;;1;0;1;0;0;0;0;0;0;0;0;0;;
302774;27;11;2016;20:25;19331;AV GAL OSORIO DE PAIVA;RUA PRO GOMES BRASIL;;0;;Colisão Lateral;Não Informado;Bom;Seca;Não Informado;Semáforo;Comercial;0;0;2;0;1;1;0;0;0;0;0;0;-38,566451;-3,775618
302771;27;11;2016;14:31;0;RUA STA TEREZINHA DO MEN JES E DA SAG FACE;;;0;;Choque c/ Obstáculo Fixo;Luz do Dia;Bom;Seca;Meio de Quadra;Não Há Controle;Residencial;0;0;0;1;0;0;0;0;0;0;0;0;;
302799;27;11;2016;18:55;16281;RUA ANTONIO BARBOSA;RUA ANTONIO PEREIRA;;0;;Colisão Transversal;Via Iluminada;Bom;Seca;Cruz;Pare;Residencial;0;0;1;1;0;0;0;0;0;0;0;0;-38,565289;-3,832952
298912;27;11;2016;00:29;6788;RUA DES WALDETARIO P MOTA;AV SANTOS DUMONT;;;;Colisão;;;;Cruz;Semáforo;Misto;0;1;1;1;0;0;0;0;0;1;0;0;-38,483309;-3,741093
298921;27;11;2016;00:54;0;RUA MARIA QUINTINO;;;800;;Queda;;;;Meio de Quadra;;;0;1;0;0;0;0;0;0;0;1;0;0;;
298919;27;11;2016;00:44;0;RUA JOAQUIM LEITAO;;;1056;;Colisão;;;;Meio de Quadra;;;0;1;1;1;0;0;0;0;0;1;0;0;-38,591596;-3,74773
298929;27;11;2016;02:00;0;RUA SEN POMPEU;;;;;Colisão;;;;Meio de Quadra;;;0;1;1;0;0;0;0;0;0;0;0;0;;
298940;27;11;2016;02:53;0;RUA PERNAMBUCO;;;2703;;Queda;;;;Meio de Quadra;;;0;1;0;0;0;0;0;0;0;1;0;0;-38,57818;-3,751359
298937;27;11;2016;02:13;0;RUA EQUADOR;;;398;;Queda;;;;Meio de Quadra;;;0;2;0;0;0;0;0;0;0;1;0;0;-38,551892;-3,772371
298938;27;11;2016;02:48;0;AV CEL CARVALHO;;;2473;;Queda;;;;Meio de Quadra;;;0;1;0;0;0;0;0;0;0;1;0;0;-38,586084;-3,724419
298943;27;11;2016;03:49;0;AV DR SILAS MUNGUBA;;;2800;;Atropelamento;;;;Meio de Quadra;;;0;1;1;1;0;0;0;0;0;0;0;0;-38,548557;-3,787232
298974;27;11;2016;05:02;0;AV DEP PAULINO ROCHA;;;2835;;Queda;Amanhecer;;;Meio de Quadra;;;0;1;0;0;0;0;0;0;0;1;0;0;-38,521811;-3,809542
298979;27;11;2016;08:22;0;RUA NOSSA SRA DAS GRACAS;;;150;;Colisão Transversal;Luz do Dia;Bom;Seca;Meio de Quadra;Não Há Controle;Residencial;0;2;2;1;0;0;0;0;0;1;0;0;-38,54985;-3,711406
298976;27;11;2016;07:19;0;AV FRANCISCO SA;;;3405;;Colisão;Luz do Dia;;;Meio de Quadra;;;0;1;1;1;0;0;0;0;0;1;0;0;-38,555419;-3,718052
298981;27;11;2016;10:22;0;RUA JOAQUIM DOS ANJOS;;;993;;Atropelamento;Luz do Dia;;;Meio de Quadra;;;0;1;1;0;0;0;0;0;0;1;0;0;-38,570461;-3,830482
298994;27;11;2016;13:56;0;AV SEN FERNANDES TAVORA;;;2433;;Queda;Luz do Dia;;;Meio de Quadra;;;0;1;0;0;0;0;0;0;0;1;0;0;-38,594468;-3,755837
298999;27;11;2016;13:57;0;RUA NOSSA SRA DAS GRACAS;;;127;;Colisão;Luz do Dia;;;Meio de Quadra;;;0;2;1;1;0;0;0;0;0;1;0;0;-38,549628;-3,711505
298991;27;11;2016;12:38;5255;AV TRISTAO GONCALVES;RUA PEDRO PEREIRA;;;;Colisão;Luz do Dia;;;Cruz;Semáforo;Comercial;0;1;1;0;0;0;0;0;0;0;0;0;-38,533489;-3,728075
298987;27;11;2016;11:45;0;AV SEN FERNANDES TAVORA;;;337;;Colisão;Luz do Dia;;;Meio de Quadra;;;0;1;1;1;0;0;0;0;0;1;0;0;-38,575274;-3,765895
298988;27;11;2016;11:55;0;RUA CEL VIRGILIO NOGUEIRA (BOM JARDIM);;;1719;;Atropelamento;Luz do Dia;;;Meio de Quadra;;;0;1;1;1;0;0;0;0;0;0;0;0;;
299002;27;11;2016;15:33;0;AV H CJ CEARA;;;1376;;Colisão Frontal;Luz do Dia;Bom;Seca;Meio de Quadra;Não Há Controle;Comercial;0;2;1;1;0;0;0;0;0;0;0;0;;
300361;27;11;2016;12:30;0;RD CE-040;;;;KM-10;Colisão;Luz do Dia;Bom;Seca;Meio de Quadra;;;0;0;2;1;0;0;0;0;0;0;0;0;-38,482466;-3,834451
300365;27;11;2016;18:00;0;AV SEN CARLOS JEREISSATI (AEROPORTO);;;;KM 03;Colisão;Anoitecer;Bom;Seca;Meio de Quadra;;;0;0;2;1;0;0;0;0;0;0;0;0;-38,544038;-3,779641
299110;27;11;2016;21:01;12666;AV CEL CARVALHO;RUA ROSINHA SAMPAIO;;;;Colisão Transversal;Via Iluminada;Bom;Seca;Cruz;Pare;Comercial;0;1;1;1;0;0;0;0;0;1;0;0;-38,585413;-3,726938
299111;27;11;2016;22:29;0;RUA HIL MORAES;;;;;Colisão;;;;Meio de Quadra;;;0;1;1;1;0;0;0;0;0;1;0;0;;
299031;27;11;2016;18:54;0;RUA JOSE PEDRA;;;;;Colisão;;;;Meio de Quadra;;;0;1;1;1;0;1;0;0;0;0;0;0;;
299028;27;11;2016;18:49;7328;RUA MANAUS;RUA PRO EDGAR DE ARRUDA;;;;Colisão Transversal;Via Iluminada;Bom;Seca;Cruz;Pare;Residencial;0;2;1;1;0;0;0;0;0;1;0;0;-38,591676;-3,754542
299035;27;11;2016;19:40;0;AV J CJ CEARA;;;2888;;Queda;;;;Meio de Quadra;;;0;1;0;0;0;0;0;0;0;1;0;0;-38,6195;-3,773292
299019;27;11;2016;16:31;0;RUA PDE PERDIGAO SAMPAIO;;;50;;Queda;Luz do Dia;;;Meio de Quadra;;;0;1;0;0;0;0;0;0;0;1;0;0;;
299024;27;11;2016;18:05;0;AV JOSE JATAHY;;;51;;Atropelamento;Anoitecer;;;Meio de Quadra;;;0;1;1;1;0;0;0;0;0;0;0;0;-38,543242;-3,739812
299045;27;11;2016;20:31;0;RUA ALEXANDRE BARAUNA;;;1581;;Colisão;;;;Meio de Quadra;;;0;1;1;1;0;0;0;0;0;1;0;0;;
299041;27;11;2016;20:12;0;RUA ASA BRANCA;;;401;;Queda;;;;Meio de Quadra;;;0;1;0;0;0;0;0;0;0;1;0;0;;
299038;27;11;2016;19:53;0;AV ROGACIANO LEITE;;;;;Colisão;;;;Meio de Quadra;;;0;2;1;1;0;0;0;0;0;1;0;0;;
299047;27;11;2016;20:40;0;AV PERIMETRAL;;;3260;ANTIGA RAMPA DO JANGURUSSU;Queda;;;;Meio de Quadra;;;0;1;0;0;0;0;0;0;0;1;0;0;-38,525255;-3,82929
299048;27;11;2016;20:42;0;AV PERIMETRAL;;;21;JOSE WALTER;Colisão;;;;Meio de Quadra;;;0;1;1;0;0;0;0;0;0;0;0;0;-38,550647;-3,823385
299012;27;11;2016;16:20;0;RUA MARIA CLARA;;;1614;;Queda;Luz do Dia;;;Meio de Quadra;;;0;1;0;0;0;0;0;0;0;1;0;0;-38,594891;-3,723453
299014;27;11;2016;16:24;0;RUA EQUADOR;;;844;;Colisão;Luz do Dia;;;Meio de Quadra;;;0;1;1;1;0;0;0;0;0;0;0;0;-38,55265;-3,774829
295026;27;11;2016;04:40;0;VL DO MAR;;;295;;Choque c/ Obstáculo Fixo;;;;Meio de Quadra;;;0;1;0;0;0;0;0;0;0;0;0;0;;
295027;27;11;2016;05:49;0;RUA ALVARO FERNANDES;;;109;;Choque c/ Obstáculo Fixo;Luz do Dia;Bom;Seca;Meio de Quadra;Não Há Controle;Residencial;0;3;1;1;0;0;0;0;0;0;0;0;-38,554833;-3,760022
295033;27;11;2016;18:40;0;AV SEN FERNANDES TAVORA;;;1578;FARM.PAGUE MENOS;Colisão Lateral;Mal Iluminada;Bom;Seca;Meio de Quadra;Pare;Residencial;0;2;1;0;0;1;0;0;0;0;0;0;-38,58664;-3,759793
295030;27;11;2016;18:09;4682;RUA CRISANTO M DA ROCHA;AV MIN JOSE AMERICO;;;;Colisão Lateral;Via Iluminada;Bom;Seca;T;Semáforo;Comercial;0;1;2;1;0;0;0;0;1;0;0;0;-38,483564;-3,810425
295031;27;11;2016;14:10;14863;TR WALDIR DIOGO;RUA JOAQUIM ALFREDO;;;;Colisão;Luz do Dia;;;;;;0;1;1;1;0;0;0;0;0;1;0;0;-38,583907;-3,807043
296274;27;11;2016;07:55;0;RD BR 222;;;5764;KM-03;Colisão Traseira;Luz do Dia;;;Meio de Quadra;;;0;7;2;1;0;0;0;1;0;0;0;0;-38,595941;-3,740301
296277;28;11;2016;15:00;0;RD BR 222;;;;KM 00;Colisão Lateral;Luz do Dia;;;Meio de Quadra;;;0;0;2;1;0;0;0;0;0;0;0;0;-38,569197;-3,736664
296282;28;11;2016;18:40;0;RD BR 116;;;500;KM-02;Atropelamento;;;;Meio de Quadra;;;0;3;0;0;0;0;0;0;0;1;0;0;-38,5163975;-3,772578051
296280;28;11;2016;17:30;0;RD BR 116;;;3000;KM-03;Colisão Traseira;Anoitecer;;;Meio de Quadra;;;0;0;2;1;1;0;0;0;0;0;0;0;-38,514372;-3,779838
295141;28;11;2016;17:49;0;AV DR SILAS MUNGUBA;;;7500;BNB;Choque c/ Obstáculo Fixo;Anoitecer;;;Meio de Quadra;;;0;1;0;1;0;0;0;0;0;0;0;0;-38,527592;-3,804173
295142;28;11;2016;16:51;0;AV GODOFREDO MACIEL;;;3407;;Colisão Transversal;Luz do Dia;Bom;Seca;Meio de Quadra;Não Há Controle;Residencial;0;2;2;1;0;0;0;0;0;1;0;0;-38,572597;-3,805055
295144;28;11;2016;10:15;581;AV FRANCISCO SA;AV PASTEUR;;;;Colisão Transversal;Luz do Dia;Bom;Seca;Cruz;Semáforo;Comercial;0;0;3;1;0;0;0;0;0;1;0;0;-38,560567;-3,716325
295145;28;11;2016;16:45;0;RUA JACAUNA;;;584;;Choque c/ Obstáculo Fixo;Luz do Dia;;;Meio de Quadra;;;0;1;0;1;0;0;0;0;0;0;0;0;;
295146;28;11;2016;15:39;0;RUA MAL BITENCOURT;;;1035;;Colisão Traseira;Luz do Dia;Bom;Seca;Cruz;Não Há Controle;Residencial;0;3;1;1;0;0;0;0;0;1;0;0;-38,530235;-3,792733
295137;28;11;2016;00:15;518;RUA TOMAS CAVALCANTE;RUA CURITIBA;;;;Colisão;;;;;;;0;1;1;0;0;0;0;0;0;1;0;0;-38,595758;-3,754417
299112;28;11;2016;00:53;0;AV PRS CASTELO BRANCO;;;4863;;Queda;;;;Meio de Quadra;;;0;2;0;0;0;0;0;0;0;1;0;0;-38,575414;-3,705793
299114;28;11;2016;01:02;25622;AV JOSE LEON;RUA BARRA NOVA;;;;Colisão;;;;T;;Comercial;0;2;1;1;0;0;0;0;0;1;0;0;-38,506133;-3,786628
299115;28;11;2016;04:43;0;AV OLIVEIRA PAIVA;;;1901;;Colisão;;;;Meio de Quadra;;;0;1;1;1;0;0;0;0;0;1;0;0;-38,489727;-3,796009
299117;28;11;2016;05:25;0;AV BORGES DE MELO;;;464;;Queda;Amanhecer;;;Meio de Quadra;;;0;1;0;0;0;0;0;0;0;1;0;0;-38,522414;-3,76109
299118;28;11;2016;06:44;0;RUA CAP BRASIL;;;364;;Colisão;Luz do Dia;;;Meio de Quadra;;;0;1;1;1;0;0;0;0;0;1;0;0;-38,586336;-3,737053
299139;28;11;2016;08:09;0;RUA MINERVA;;;109;;Colisão Transversal;Luz do Dia;Bom;Seca;Cruz;Pare;Residencial;0;0;3;1;0;0;0;0;0;1;0;0;;
299133;28;11;2016;07:14;0;AV PRS COSTA E SILVA;;;71;;Choque c/ Obstáculo Fixo;Luz do Dia;Bom;Seca;Meio de Quadra;Não Há Controle;Residencial;0;1;1;1;0;0;0;0;0;0;0;0;;
299165;28;11;2016;08:17;0;LOGRADOURO SEM NOME;;;;;Colisão;Luz do Dia;;;Meio de Quadra;;;0;1;1;1;0;0;0;0;0;1;0;0;;
299166;28;11;2016;08:20;0;AV HIS RAIMUNDO GIRAO;;;835;;Colisão;Luz do Dia;;;Meio de Quadra;;;0;1;1;1;0;0;0;0;0;1;0;0;;
299171;28;11;2016;10:11;15972;RUA GASTAO JUSTA;RUA GAL ONOFRE;;;;Colisão;Luz do Dia;;;;;;0;1;1;1;0;0;0;0;0;1;0;0;;
299168;28;11;2016;08:36;0;RUA DAS PEDRINHAS;;;1048;;Colisão;Luz do Dia;;;Meio de Quadra;;;0;1;1;0;0;0;0;0;0;1;0;0;-38,59964;-3,75952
299169;28;11;2016;10:09;1337;AV SANTOS DUMONT;RUA OSVALDO CRUZ (ALDEOTA);;;;Colisão Traseira;Luz do Dia;Bom;Seca;Cruz;Semáforo;Comercial;0;0;3;1;1;0;0;0;0;0;0;0;-38,500317;-3,735602
299209;28;11;2016;18:37;0;AV PRO JOSE ARTHUR CARVALHO;;;1001;;Colisão;;;;Meio de Quadra;;;0;1;1;0;0;0;0;0;0;0;0;0;;
299206;28;11;2016;18:29;8949;AV BEZERRA DE MENEZES;RUA JUSTINIANO DE SERPA;;;;Colisão;Anoitecer;;;Cruz;Semáforo Intermitente;Comercial;0;1;1;1;0;0;0;0;0;1;0;0;-38,542857;-3,731156
299204;28;11;2016;18:17;1272;AV DOM LUIS;RUA JOAQUIM NABUCO;;;;Colisão Lateral;Anoitecer;;;Cruz;Semáforo Intermitente;Comercial;0;1;1;1;0;0;0;0;0;1;0;0;-38,500333;-3,732301
299202;28;11;2016;17:58;23401;RUA CAP TIBURCIO DA FROTA;RUA FIS VIEIRA;;;;Atropelamento;Anoitecer;;;Cruz;Pare;Residencial;0;1;1;1;0;0;0;0;0;0;0;0;-38,515629;-3,755115
299200;28;11;2016;17:57;0;RUA BETEL;;;2545;;Queda;Anoitecer;;;Meio de Quadra;;;0;1;0;0;0;0;0;0;0;1;0;0;;
299191;28;11;2016;16:40;17414;RUA 15 DE NOVEMBRO;RUA ZACARIAS GONDIM;;201;;Colisão Traseira;Luz do Dia;Bom;Seca;Cruz;Pare;Comercial;0;1;1;1;0;0;0;0;0;1;0;0;-38,558445;-3,768021
299192;28;11;2016;17:04;0;RUA MONTEIRO LOBATO;;;50;;Colisão;Anoitecer;;;Meio de Quadra;;;0;1;1;1;0;1;0;0;0;0;0;0;-38,528084;-3,751537
299194;28;11;2016;17:14;0;RUA IPE (ALAGADIÇO);;;;;Queda;Anoitecer;;;Meio de Quadra;;;0;1;0;0;0;0;0;0;0;1;0;0;;
299195;28;11;2016;17:51;0;AV GOV RAUL BARBOSA;;;;;Colisão;Anoitecer;;;Meio de Quadra;;;0;1;1;1;0;0;0;0;0;1;0;0;;
299196;28;11;2016;17:52;0;RUA ALVES BEZERRA;;;378;;Colisão;Anoitecer;;;Meio de Quadra;;;0;1;1;0;0;0;0;0;0;0;0;0;-38,609176;-3,807406
299188;28;11;2016;15:54;0;RUA EUDES CARDOSO;;;376;;Colisão;Luz do Dia;;;Meio de Quadra;;;0;1;1;1;0;0;0;0;0;1;0;0;-38,489981;-3,825767
299181;28;11;2016;14:15;23665;RUA DR GILBERTO CAMARA;RUA VIS ICO D20;;;;Colisão;Luz do Dia;;;Cruz;Pare;Residencial;0;1;1;1;0;0;0;0;0;1;0;0;-38,563727;-3,721225
299183;28;11;2016;14:15;0;RUA VALDEMAR FIGUEIREDO;;;270;;Colisão;Luz do Dia;;;Meio de Quadra;;;0;1;1;0;0;0;0;0;0;0;0;0;;
299184;28;11;2016;15:06;0;RUA GUILHERME PERDIGAO;;;314;;Colisão;Luz do Dia;;;Meio de Quadra;;;0;1;1;1;0;0;0;0;0;1;0;0;-38,572281;-3,774696
299185;28;11;2016;15:23;0;RUA BARTOLOMEU DIAS;;;376;;Colisão;Luz do Dia;;;Meio de Quadra;;;0;1;1;1;0;0;0;0;0;1;0;0;-38,490457;-3,825965
299186;28;11;2016;15:34;0;RUA 319 CJ CEARA;;;145;;Queda;Luz do Dia;;;Meio de Quadra;;;0;1;0;0;0;0;0;0;0;1;0;0;-38,614011;-3,772928
299179;28;11;2016;12:45;0;AV ALBERTO CRAVEIRO;;;;;Colisão Lateral;Luz do Dia;Bom;Seca;Rotatória;Dê Preferência;Comercial;0;2;1;1;0;0;0;0;0;1;0;0;;
299174;28;11;2016;10:43;0;AV DR SILAS MUNGUBA;;;2620;;Colisão;Luz do Dia;;;Meio de Quadra;;;0;1;1;0;0;0;0;0;0;0;0;0;-38,550019;-3,786471
299175;28;11;2016;10:53;0;AV GAL OSORIO DE PAIVA;;;4800;;Colisão;Luz do Dia;;;Meio de Quadra;;;0;1;1;0;0;0;0;0;0;1;0;0;-38,598379;-3,800921
299211;28;11;2016;19:16;0;RUA ARACA;RUA VITAL BRASIL;;;;Colisão Transversal;Via Iluminada;Bom;Seca;Cruz;Pare;Residencial;0;0;2;1;0;0;0;0;0;1;0;0;-38,583825;-3,782029
299213;28;11;2016;19:45;0;RUA LAGO AZUL;;;460;;Atropelamento;;;;Meio de Quadra;;;0;1;1;0;0;0;0;0;0;1;0;0;;
299215;28;11;2016;19:59;0;AV BORGES DE MELO;;;1881;;Colisão Transversal;Via Iluminada;Bom;Seca;Meio de Quadra;Não Há Controle;Comercial;0;1;2;1;0;0;0;0;0;1;0;0;-38,535401;-3,755342
299216;28;11;2016;20:48;0;RUA ALBERTO MAGNO;;;1001;;Colisão Transversal;Via Iluminada;Bom;Seca;Cruz;Pare;Comercial;0;2;1;1;0;0;0;0;0;0;0;0;-38,548545;-3,763256
299217;28;11;2016;21:03;0;LOGRADOURO SEM NOME;;;;;Colisão;;;;Meio de Quadra;;;0;1;1;0;0;0;0;0;0;0;0;0;;
299218;28;11;2016;22:32;12954;RUA BERNARDO MANUEL;AV PRS COSTA E SILVA;;;;Colisão;;;;;;;0;1;1;1;0;0;0;0;0;1;0;0;-38,558276;-3,821079
300369;28;11;2016;16:30;0;RD CE-040;;;;KM-05;Colisão;Luz do Dia;Bom;Seca;Meio de Quadra;;;0;0;2;0;0;0;0;0;0;0;0;0;-38,480331;-3,791613
300367;28;11;2016;10:50;0;RD CE-040;;;;KM-05;Engavetamento;Luz do Dia;Bom;Seca;Meio de Quadra;;;0;0;4;1;0;0;0;0;0;0;0;0;-38,480331;-3,791613
302775;28;11;2016;06:20;24522;RUA DR QUIXADA FELICIO;RUA 27 CJ POLAR;;0;;Colisão Lateral;Luz do Dia;Bom;Seca;T;Pare;Residencial;0;0;2;0;1;0;0;0;0;0;0;0;-38,595267;-3,710115
302776;28;11;2016;08:05;0;RUA VIA LACTEA;;;0;;Colisão Traseira;Luz do Dia;Bom;Seca;Meio de Quadra;Não Há Controle;Residencial;0;0;2;1;0;0;0;0;0;0;0;0;;