COD_ACIDENTE;DIA;MES;ANO;HORA;INTERSECAO;LOG1;LOG2;LOG3;NUMERO;REFERENCIA;NATUREZA;ILUMINACAO;TEMPO;SUPERFICIEPISTA;TIPOCRUZAMENTO;CONTROLETRAFEGO;USOSOLO;MORTOS;FERIDOS;ILESOS;AUTOMOVEL;ONIBUS;BICICLETA;CAMINHAO;MICROONIBUS;CICLOMOTOR;MOTOCICLETA;TRACAOANIMAL;TREM;LONG;LAT
302777;28;11;2016;09:05;5436;RUA GAL CLARINDO DE QUEIROZ;RUA JAIME BENEVOLO;;0;;Colisão Transversal;Luz do Dia;Bom;Seca;Cruz;Pare;Comercial;0;1;3;1;0;0;0;0;0;0;0;0;-38,526017;-3,73406
302778;28;11;2016;08:20;13772;RUA REV BOLIVAR P BANDEIRA;RUA MON CARNEIRO DA CUNHA;;;;Colisão Transversal;Luz do Dia;Bom;Seca;;;;0;1;1;1;0;0;0;0;0;1;0;0;-38,493828;-3,77496
302779;28;11;2016;10:20;1257;RUA COSTA BARROS;RUA SILVA PAULET;;0;;Colisão Traseira;Luz do Dia;Bom;Seca;Outros;Não Há Controle;Comercial;0;0;2;1;0;0;0;0;0;0;0;0;-38,504799;-3,732565
302780;28;11;2016;10:26;9172;RUA MIN JOAQUIM BASTOS D14;RUA PAULA RODRIGUES;;0;;Colisão Lateral;Luz do Dia;Bom;Seca;Cruz;Pare;Residencial;0;0;2;1;0;0;0;0;0;0;0;0;-38,527598;-3,754299
302781;28;11;2016;11:10;5363;RUA PINTO MADEIRA;RUA RODRIGUES JUNIOR;;0;;Colisão Transversal;Luz do Dia;Bom;Seca;Cruz;Pare;Comercial;0;0;2;1;0;0;0;0;0;0;0;0;-38,520847;-3,731298
302782;28;11;2016;13:45;15142;AV MON TABOSA;RUA MON BRUNO;;0;;Colisão Transversal;Luz do Dia;Bom;Seca;Cruz;Pare;Comercial;0;0;0;1;0;0;0;0;0;0;0;0;;
302783;28;11;2016;14:24;0;AV DOM MANUEL;;;511;;Colisão Traseira;Luz do Dia;Bom;Seca;Meio de Quadra;Semáforo;Comercial;0;0;2;1;0;0;0;0;0;0;0;0;-38,521225;-3,728696
302784;28;11;2016;14:41;0;AV PRS CASTELO BRANCO;;;0;BIBLIOTECA PÚBLICA;Choque c/ Obstáculo Fixo;Luz do Dia;Bom;Seca;Meio de Quadra;Semáforo;Comercial;0;0;1;1;0;0;0;0;0;0;0;0;;
302785;28;11;2016;14:51;0;AV PRS JUSCELINO KUBITSCHEK (PASSARÉ);;;0;;Colisão Traseira;Luz do Dia;Bom;Seca;Outros;Não Há Controle;Comercial;0;0;2;1;0;0;0;0;0;0;0;0;;
302786;28;11;2016;16:43;15238;RUA TEN BENEVOLO;RUA BAR ARACATI;;0;;Colisão Lateral;Luz do Dia;Bom;Seca;Cruz;Pare;Lazer;0;0;1;1;0;0;0;0;0;0;0;0;-38,510266;-3,727628
292507;28;11;2016;19:28;0;AV DOM LUIS;;;1330;COL. FARIAS BRITO;Atropelamento;;;;Meio de Quadra;;;1;0;1;1;0;0;0;0;0;0;0;0;-38,489347;-3,735858
292700;28;11;2016;18:20;26083;AV BEZERRA DE MENEZES;AV JOSE JATAHY;;;;Colisão Transversal;Anoitecer;;;T;Semáforo;Comercial;0;0;2;1;0;0;0;0;0;0;0;0;;
292704;28;11;2016;06:10;0;AV JOAO DE ARAUJO LIMA;;;561;;Colisão Transversal;Luz do Dia;;;Meio de Quadra;;;0;1;1;0;0;0;0;0;0;1;0;0;-38,559093;-3,826506
292706;28;11;2016;16:40;19815;RUA PDE GUERRA;RUA ERICO MOTA;;;;Colisão Lateral;Luz do Dia;;;Cruz;;Residencial;0;1;1;1;0;1;0;0;0;0;0;0;-38,56208;-3,739816
292709;28;11;2016;11:20;0;AV PRS CASTELO BRANCO;;;2618;;Colisão Transversal;Luz do Dia;;;Meio de Quadra;;;0;0;2;0;1;0;0;1;0;0;0;0;-38,551302;-3,712902
292710;28;11;2016;08:40;1536;RUA PAULA NEI;AV SEN VIRGILIO TAVORA;;;;Colisão Lateral;Luz do Dia;;;;Pare;;0;0;2;1;0;0;0;0;0;0;0;0;-38,494423;-3,740746
292711;28;11;2016;08:40;0;AV DR SILAS MUNGUBA;;;3101;;Colisão;Luz do Dia;;;Meio de Quadra;;;0;0;2;1;0;0;0;0;0;1;0;0;-38,545518;-3,788552
292714;28;11;2016;10:00;24805;AV MOZART PINHEIRO DE LUCENA;RUA 22 CJ BEIRA RIO;;;;Colisão Traseira;Luz do Dia;Bom;Seca;Outros;Outros;Misto;0;0;2;0;0;0;0;0;0;0;0;0;-38,595688;-3,71823
292752;28;11;2016;14:20;0;RUA PDE PEDRO DE ALENCAR;;;302;;Colisão Lateral;Luz do Dia;;;Meio de Quadra;;;0;0;2;1;1;0;0;0;0;0;0;0;-38,493839;-3,830333
292729;28;11;2016;07:19;12887;AV VIS RIO BRANCO;RUA ABAIARA;;;;Colisão Lateral;Luz do Dia;;;Cruz;Não Há Controle;Comercial;0;1;1;1;0;0;0;0;0;1;0;0;-38,523296;-3,739966
292718;28;11;2016;14:00;15275;RUA TEN AMAURI PIO;RUA JOSE VILAR;;;;Colisão Traseira;Luz do Dia;;;T;Pare;Residencial;0;0;2;1;0;0;0;0;0;0;0;0;-38,502395;-3,728727
292721;28;11;2016;13:50;9072;AV 13 DE MAIO;AV VIS RIO BRANCO;;;;Colisão Lateral;Luz do Dia;;;;;;0;0;2;0;0;0;0;1;0;0;0;0;-38,520486;-3,753544
292750;28;11;2016;23:15;5092;RUA SEN ALENCAR;AV IMPERADOR;;;;Colisão;;;;Cruz;Semáforo;Comercial;0;0;2;0;0;0;0;0;0;1;0;0;-38,533258;-3,723171
292757;28;11;2016;00:20;15370;AV DOM LUIS;AV SEN VIRGILIO TAVORA;;;;Colisão Lateral;;;;Cruz;Semáforo;Comercial;0;1;1;1;0;0;0;0;0;0;0;0;-38,492507;-3,734829
292763;28;11;2016;17:15;1315;RUA TORRES CAMARA;AV RUI BARBOSA;;;;Colisão Traseira;Anoitecer;;;Cruz;Semáforo;Comercial;0;0;2;1;0;0;0;0;0;0;0;0;-38,509076;-3,734947
292658;29;11;2016;12:17;0;AV DEP PAULINO ROCHA;;;;;Colisão Traseira;Luz do Dia;Bom;Seca;Meio de Quadra;Semáforo;Comercial;0;0;2;0;0;0;0;0;0;1;0;0;;
292659;29;11;2016;16:20;5333;RUA GAL CLARINDO DE QUEIROZ;RUA PRC ISABEL;;;;Colisão Lateral;Luz do Dia;Bom;Seca;Cruz;Dê Preferência;Comercial;0;2;1;1;0;0;0;0;0;1;0;0;-38,536711;-3,730592
292644;29;11;2016;15:00;9176;AV AGUANAMBI;AV EDUARDO GIRAO;;;;Colisão Lateral;Luz do Dia;Bom;Seca;Rotatória;Pare;Comercial;0;0;2;1;1;0;0;0;0;0;0;0;-38,523564;-3,756564
292662;29;11;2016;12:20;22003;RUA FRANCISCA CLOTILDE;RUA IDELZUITE C LIMA;;;;Colisão Lateral;Luz do Dia;Bom;Seca;T;Pare;Residencial;0;0;2;1;0;0;0;0;0;0;0;0;-38,553136;-3,742978
292650;29;11;2016;09:00;0;AV I CJ JOSE WALTER;;;;;Colisão Traseira;Luz do Dia;Bom;Seca;Meio de Quadra;Outros;Residencial;0;0;2;1;0;0;0;0;0;0;0;0;;
292655;29;11;2016;09:30;22082;RUA CAP FRANCISCO PEDRO;RUA ALEXANDRE BARAUNA;;;;Atropelamento;Luz do Dia;Bom;Seca;Cruz;Pare;Escola;0;1;1;1;0;0;0;0;0;0;0;0;-38,550539;-3,74902
292639;29;11;2016;07:00;0;AV GAL OSORIO DE PAIVA;;;7691;;Colisão Traseira;Luz do Dia;Bom;Seca;Meio de Quadra;Não Há Controle;Residencial;1;1;0;1;0;1;0;0;0;0;0;0;-38,61659;-3,819772
292642;29;11;2016;08:20;1551;RUA EDUARDO GARCIA;RUA MAL RONDON;;;;Colisão Transversal;Luz do Dia;Bom;Seca;Cruz;Pare;Residencial;0;1;1;0;0;0;1;0;0;1;0;0;-38,489265;-3,74135
292476;29;11;2016;12:30;0;RUA DEMETRIO MENEZES;;;1861;TERM. ANTONIO BEZERRA;Atropelamento;Luz do Dia;;;Meio de Quadra;;;1;0;1;0;1;0;0;0;0;0;0;0;-38,584051;-3,736655
302787;29;11;2016;06:10;25137;RUA BENI DE CARVALHO;RUA BARBOSA DE FREITAS;;0;;Colisão Transversal;Luz do Dia;Bom;Seca;Cruz;Semáforo;Comercial;0;0;2;1;0;0;0;0;0;0;0;0;-38,49989;-3,744414
302788;29;11;2016;08:50;26252;RUA ANTONIO BARROS;RUA PERGENTINO MAIA;;0;;Colisão Transversal;Luz do Dia;Bom;Seca;Cruz;Pare;Comercial;0;0;2;1;1;0;0;0;0;0;0;0;;
302789;29;11;2016;12:15;5045;AV FILOMENO GOMES;RUA SAO PAULO;;0;;Colisão Transversal;Luz do Dia;Bom;Seca;Cruz;Semáforo;Comercial;0;0;2;1;0;0;0;0;0;0;0;0;-38,5412;-3,721539
302790;29;11;2016;13:15;17315;RUA DES PRAXEDES;RUA PDE JOAO PIAMARTA;;0;;Colisão Traseira;Luz do Dia;Bom;Seca;Cruz;Pare;Residencial;0;0;2;0;0;0;0;0;0;0;0;0;-38,543546;-3,762866
302791;29;11;2016;14:23;0;AV JOAO PESSOA;;;21;;Acidente Pessoal;Luz do Dia;Bom;Molhada;Rotatória;Pare;Residencial;0;0;1;1;0;0;0;0;0;0;0;0;;
302792;29;11;2016;14:16;0;AV AGUANAMBI;;;0;ROTATÓRIA;Engavetamento;Luz do Dia;Bom;Seca;Rotatória;Semáforo;Comercial;0;0;3;1;0;0;0;0;0;1;0;0;;
302793;29;11;2016;16:11;9081;AV AGUANAMBI;AV 13 DE MAIO;;0;;Colisão Lateral;Via Iluminada;Bom;Seca;T;Não Há Controle;Comercial;0;1;2;1;0;0;0;0;0;1;0;0;-38,523451;-3,753844
302794;29;11;2016;16:39;0;AV SEN FERNANDES TAVORA;;;137;;Colisão Lateral;Luz do Dia;Bom;Seca;Meio de Quadra;;;0;1;1;0;0;0;0;0;0;1;0;0;-38,574844;-3,766132
302795;29;11;2016;14:23;0;AV CARAPINIMA;;;2415;;Colisão Transversal;Luz do Dia;Bom;Seca;Meio de Quadra;Semáforo;Não Informado;0;1;1;1;0;0;0;0;0;1;0;0;-38,540886;-3,740648
302796;29;11;2016;18:20;0;AV JOSE BASTOS;;;0;;Colisão Traseira;Via Iluminada;Bom;Seca;Meio de Quadra;Não Há Controle;Comercial;0;0;1;1;0;0;0;0;0;1;0;0;;
302797;29;11;2016;19:45;0;RUA GALILEU;;;318;;Choque c/ Obstáculo Fixo;Via Iluminada;Bom;Seca;Meio de Quadra;Não Há Controle;Residencial;0;0;3;1;0;0;0;0;0;0;0;0;-38,55127;-3,777139
302798;29;11;2016;19:00;0;AV ENG HUMBERTO MONTE;;;1285;;Engavetamento;Via Iluminada;Bom;Seca;Meio de Quadra;Não Há Controle;Residencial;0;0;2;1;0;0;0;0;0;0;0;0;-38,561184;-3,748238
302800;29;11;2016;22:50;0;RUA CANDIDO CASTELO BRANCO;;;0;;Colisão Frontal;Via Iluminada;Bom;Seca;Meio de Quadra;Não Há Controle;Comercial;0;0;2;1;0;0;0;0;0;1;0;0;;
300374;29;11;2016;;0;AV MIN JOSE AMERICO;;;;;Capotamento;;Bom;Seca;Meio de Quadra;;;0;0;1;1;0;0;0;0;0;0;0;0;;
300371;29;11;2016;09:45;0;AV MIN JOSE AMERICO;;;;;Colisão;Luz do Dia;Bom;Seca;Meio de Quadra;;;0;0;2;1;1;0;0;0;0;0;0;0;;
300372;29;11;2016;14:30;0;AV SEN CARLOS JEREISSATI (AEROPORTO);;;;KM 01;Colisão;Luz do Dia;Bom;Seca;Meio de Quadra;;;0;0;2;1;0;0;0;0;0;0;0;0;-38,52685;-3,783753
301055;29;11;2016;20:04;9099;AV EDUARDO GIRAO;RUA FRANCOIS T MENEZES;;;;Colisão Frontal;Via Iluminada;Bom;Seca;Cruz;Gesto;Comercial;0;2;1;0;0;0;0;1;0;1;0;0;-38,525973;-3,7557
299219;29;11;2016;05:31;3233;RUA EMILIO DE MENESES;RUA ARACA;;;;Colisão;Amanhecer;;;Cruz;Pare;Comercial;0;1;1;0;0;0;0;0;0;0;0;0;-38,584038;-3,782708
299224;29;11;2016;06:29;5281;RUA PEDRO PEREIRA;RUA GAL SAMPAIO;;;;Colisão;Luz do Dia;;;Cruz;Semáforo;Comercial;0;2;0;0;0;0;0;0;0;1;0;0;-38,531335;-3,728779
299229;29;11;2016;06:51;0;RUA PDE PEDRO DE ALENCAR;;;1293;;Colisão;Luz do Dia;;;Meio de Quadra;;;0;1;1;1;0;0;0;0;0;1;0;0;-38,494231;-3,839144
299230;29;11;2016;07:36;25048;AV SEN VIRGILIO TAVORA;AV ABOLICAO;;;;Colisão;Luz do Dia;;;Cruz;Semáforo;Misto;0;1;1;1;0;0;0;0;0;1;0;0;;
299245;29;11;2016;13:08;0;RUA WALDIR DIOGO;;;246;;Colisão;Luz do Dia;;;Meio de Quadra;;;0;1;1;0;0;0;0;0;0;0;0;0;-38,58097;-3,807126
299246;29;11;2016;13:13;24998;RUA MARIA JULIA;RUA FRANCISCANO;;;;Colisão;Luz do Dia;;;;;;0;2;0;0;0;0;0;0;0;0;0;0;;
299247;29;11;2016;13:27;7778;AV DES MOREIRA;RUA DOM EXPEDITO LOPES;;;;Colisão Lateral;Luz do Dia;Bom;Seca;T;Não Há Controle;Comercial;0;2;1;1;0;0;0;0;0;1;0;0;-38,501184;-3,745056
299237;29;11;2016;10:15;0;RUA WILSON CARVALHO CIRINO;;;97;;Queda;Luz do Dia;;;Meio de Quadra;;;0;1;0;0;0;0;0;0;0;1;0;0;;
299238;29;11;2016;10:52;0;RUA TUPI D35;;;1343;;Queda;Luz do Dia;;;Meio de Quadra;;;0;1;0;0;0;0;0;0;0;1;0;0;-38,583441;-3,768907
299239;29;11;2016;11:36;0;AV DEP PAULINO ROCHA;;;3131;CASTELAO;Colisão;Luz do Dia;;;Meio de Quadra;;;0;3;0;0;0;0;0;0;0;1;0;0;-38,523807;-3,808405
299240;29;11;2016;12:00;0;RUA JOSE DANTAS VIEIRA;;;;;Queda;Luz do Dia;;;Meio de Quadra;;;0;1;0;0;0;0;0;0;0;1;0;0;;
299241;29;11;2016;12:20;0;AV CEL CARVALHO;;;;;Atropelamento;Luz do Dia;;;Meio de Quadra;;;0;1;1;0;1;0;0;0;0;0;0;0;;
299242;29;11;2016;12:27;10726;RUA PRO HERIBALDO COSTA;RUA CURITIBA;;;;Colisão;Luz do Dia;;;Cruz;Outros;Residencial;0;1;1;1;0;0;0;0;0;1;0;0;-38,583853;-3,759992
299258;29;11;2016;15:42;0;AV DR SILAS MUNGUBA;;;3059;;Colisão;Luz do Dia;;;Meio de Quadra;;;0;1;1;0;0;0;0;0;0;0;0;0;-38,546038;-3,788379
299260;29;11;2016;15:44;0;AV A CJ CEARA;;;788;;Colisão;Luz do Dia;;;Meio de Quadra;;;0;2;1;1;0;0;0;0;0;1;0;0;;
299261;29;11;2016;15:52;0;RD BR 116;;;3000;KM-03;Queda;Luz do Dia;;;Meio de Quadra;;;0;1;0;0;0;0;0;0;0;1;0;0;-38,514372;-3,779838
299250;29;11;2016;13:31;0;RUA VALPARAISO;;;;;Colisão;Luz do Dia;;;Meio de Quadra;;;0;1;1;1;0;0;0;0;0;1;0;0;;
299251;29;11;2016;13:48;0;AV JOVITA FEITOSA;;;2300;;Colisão;Luz do Dia;;;Meio de Quadra;;;0;1;1;1;0;0;0;0;0;1;0;0;-38,558099;-3,740174
299252;29;11;2016;13:48;13771;AV PINTO BANDEIRA D56;RUA LUIZA MIRANDA COELHO;;;;Colisão;Luz do Dia;;;Cruz;Pare;Comercial;0;1;1;1;0;0;0;0;0;1;0;0;-38,487283;-3,774929
299253;29;11;2016;14:17;0;AV ENG SANTANA JUNIOR;;;;;Capotamento;Luz do Dia;;;Meio de Quadra;;;0;1;0;1;0;0;0;0;0;0;0;0;;
299268;29;11;2016;17:47;11330;RUA PAURILO BARROSO;RUA RUBENS MONTE D43;;201;;Colisão Lateral;Anoitecer;Bom;Seca;Cruz;Pare;Residencial;0;0;2;1;0;0;0;0;0;1;0;0;-38,569342;-3,799816
299269;29;11;2016;18:25;0;RUA BAR RIO BRANCO;;;1572;;Colisão;Anoitecer;;;Meio de Quadra;;;0;1;1;0;0;0;0;0;0;0;0;0;-38,529996;-3,731931
299271;29;11;2016;18:26;25643;RUA TULIPA NEGRA;RUA CON DE CASTRO;;;;Colisão;Anoitecer;;;T;Pare;Rural;0;1;1;1;0;0;0;0;0;1;0;0;-38,600788;-3,81731
299272;29;11;2016;18:39;0;AV ROGACIANO LEITE;;;2533;;Queda;;;;Meio de Quadra;;;0;1;0;0;0;0;0;0;0;1;0;0;-38,501417;-3,779614
299273;29;11;2016;18:39;5374;RUA BAR RIO BRANCO;AV DUQ CAXIAS;;;;Atropelamento;;;;Cruz;Semáforo;Comercial;0;1;1;1;0;0;0;0;0;0;0;0;-38,529947;-3,731774
299265;29;11;2016;17:27;5178;RUA PDE MORORO;RUA LIBERATO BARROSO;;;;Colisão;Anoitecer;;;Cruz;Não Há Controle;Comercial;0;1;1;0;0;0;0;0;0;1;0;0;-38,537495;-3,725509
299263;29;11;2016;17:17;9168;AV BORGES DE MELO;AV LUCIANO CARNEIRO;;;;Colisão Transversal;Luz do Dia;Bom;Seca;Cruz;Não Há Controle;Comercial;0;1;2;0;0;0;0;1;0;1;0;0;-38,534097;-3,756465
299284;29;11;2016;21:08;0;RUA VALPARAISO;;;;;Colisão;;;;Meio de Quadra;;;0;1;1;1;0;0;0;0;0;1;0;0;;
299285;29;11;2016;21:39;26086;AV JOSE JATAHY;RUA AZEVEDO BOLAO;;;;Colisão;;;;Cruz;Semáforo;Residencial;0;1;1;0;0;0;0;0;0;0;0;0;-38,544494;-3,733663
299286;29;11;2016;21:52;0;AV MOZART PINHEIRO DE LUCENA;;;980;;Colisão;;;;Meio de Quadra;;;0;1;1;0;0;0;0;0;0;0;0;0;-38,593694;-3,711373
299287;29;11;2016;22:23;0;AV PRS CASTELO BRANCO;;;;;Colisão;;;;Meio de Quadra;;;0;1;1;1;0;0;0;0;0;1;0;0;;
299288;29;11;2016;23:33;0;AV DR SILAS MUNGUBA;;;1000;;Queda;;;;Meio de Quadra;;;0;1;0;0;0;0;0;0;0;1;0;0;-38,557022;-3,781518
299226;29;11;2016;06:38;7158;AV PRS CASTELO BRANCO;RUA DNA MENDINHA;;4130;;Colisão Transversal;Luz do Dia;Bom;Seca;Cruz;Pare;Comercial;0;0;3;0;0;0;0;0;0;1;0;0;-38,56947;-3,708021
299275;29;11;2016;18:49;0;RUA JACINTO MATOS;;;738;;Colisão;;;;Meio de Quadra;;;0;1;1;1;0;0;0;0;0;1;0;0;-38,546586;-3,717404
299279;29;11;2016;20:44;0;AV D CJ CEARA;;;1078;;Colisão;;;;Meio de Quadra;;;0;1;1;1;0;0;0;0;0;1;0;0;-38,603151;-3,761458
295153;29;11;2016;17:59;0;RUA GAL AFONSO A LIMA;;;;;Colisão;Anoitecer;;;Meio de Quadra;;;0;1;1;0;0;1;0;0;0;0;0;0;;
295154;29;11;2016;17:33;0;RUA BENTO ALBUQUERQUE;;;333;;Colisão Lateral;Via Iluminada;Bom;Seca;Meio de Quadra;Não Há Controle;Comercial;0;1;2;1;0;0;0;0;0;1;0;0;-38,486459;-3,742703
295156;29;11;2016;21:30;19177;RUA BATISTA DE OLIVEIRA;RUA JOAQUIM LIMA;;;;Colisão Transversal;Via Iluminada;Bom;Seca;Cruz;Pare;Residencial;0;2;2;1;0;0;0;0;0;1;0;0;-38,479209;-3,741498
295148;29;11;2016;16:00;14870;RUA ALFREDO MAMEDE;RUA WALDIR DIOGO;;;;Engavetamento;Luz do Dia;Bom;Seca;Cruz;Semáforo;Comercial;0;1;4;1;0;0;0;0;0;1;0;0;-38,580084;-3,807367
295167;30;11;2016;15:40;0;AV DES FLORIANO BENEVIDES;;;220;;Colisão Lateral;Luz do Dia;Bom;Seca;Meio de Quadra;Não Há Controle;Escola;0;0;2;1;0;0;0;0;0;0;0;0;-38,47957;-3,772671
295165;30;11;2016;14:52;15369;RUA PEREIRA VALENTE;RUA FRE MANSUETO;;;;Colisão Lateral;Luz do Dia;Bom;Seca;Cruz;Pare;Comercial;0;0;2;0;0;0;0;0;0;1;0;0;-38,488673;-3,734827
295159;30;11;2016;15:20;25231;AV PRS COSTA E SILVA;AV I CJ JOSE WALTER;;597;;Colisão Lateral;Via Iluminada;Bom;Seca;T;Semáforo;Residencial;0;0;3;1;0;0;0;0;0;1;0;0;-38,550232;-3,823494
295174;30;11;2016;21:30;0;RUA CEL JOAO CORREIA;RUA A (GRANJA LISBOA);;;;Colisão Transversal;Anoitecer;Não Informado;Seca;Cruz;Não Há Controle;Residencial;0;2;2;0;1;0;0;0;0;1;0;0;;
299306;30;11;2016;05:25;0;AV PRS CASTELO BRANCO;;;2441;;Queda;Amanhecer;;;Meio de Quadra;;;0;1;0;0;0;0;0;0;0;1;0;0;-38,549754;-3,713364
299307;30;11;2016;06:46;13563;AV SORIANO ALBUQUERQUE;RUA DR JOSE LOURENCO;;;;Colisão Transversal;Luz do Dia;Bom;Seca;Cruz;Pare;Comercial;0;2;2;0;0;0;0;0;0;1;0;0;-38,512631;-3,74983
299302;30;11;2016;00:14;0;RUA VALMIR PONTES;;;1321;;Queda;;;;Meio de Quadra;;;0;1;0;0;0;0;0;0;0;1;0;0;;
299459;30;11;2016;20:15;5099;AV TRISTAO GONCALVES;RUA SEN ALENCAR;;;;Colisão Transversal;Via Iluminada;Bom;Seca;Cruz;Pare;Comercial;0;1;2;0;1;0;0;0;0;0;0;0;-38,532122;-3,723524
299464;30;11;2016;20:42;0;AV I CJ ESPERANCA;;;1445;;Colisão;;;;Meio de Quadra;;;0;2;0;0;0;0;0;0;0;0;0;0;;
299466;30;11;2016;20:43;16083;RUA OLIMPIO NORONHA;RUA GODOFREDO OLIVEIRA;;;;Colisão;;;;Cruz;Não Há Controle;Residencial;0;1;1;0;0;0;0;0;0;0;0;0;-38,56095;-3,81235
299467;30;11;2016;20:47;0;LOGRADOURO SEM NOME;;;4;;Colisão;;;;Meio de Quadra;;;0;1;1;0;0;0;0;0;0;0;0;0;;
299468;30;11;2016;22:36;0;AV FRE CIRILO;;;7749;;Colisão;;;;Meio de Quadra;;;0;1;1;1;0;0;0;0;0;1;0;0;;
299455;30;11;2016;19:53;0;AV HERACLITO GRACA;;;915;;Colisão;;;;Meio de Quadra;;;0;1;1;0;0;0;0;0;0;0;0;0;-38,516482;-3,73609
299453;30;11;2016;19:39;9550;RUA HUMBERTO LOMEU;RUA BARRA VERMELHA;;;;Queda;;;;;;;0;1;0;0;0;0;0;0;0;1;0;0;-38,612392;-3,779259
299447;30;11;2016;19:30;0;AV MR HULL;;;2945;UFC;Queda;;;;Meio de Quadra;;;0;1;0;0;0;0;0;0;0;1;0;0;-38,570823;-3,736838
299444;30;11;2016;19:29;0;RUA TAB FABIAO;;;;;Colisão;;;;Meio de Quadra;;;0;1;1;0;0;0;0;0;0;1;0;0;;
299439;30;11;2016;18:59;0;RUA A (GRANJA LISBOA);;;877;;Colisão;;;;Meio de Quadra;;;0;1;1;0;0;0;0;0;0;0;0;0;;
299440;30;11;2016;18:59;0;AV JOSE BASTOS;;;5285;;Queda;;;;Meio de Quadra;;;0;1;0;0;0;0;0;0;0;1;0;0;-38,563251;-3,758643
299441;30;11;2016;19:15;6425;AV G CJ CEARA;AV B CJ CEARA;;;;Colisão;;;;T;Pare;Residencial;0;1;1;0;0;0;0;0;0;1;0;0;-38,611556;-3,772599
299442;30;11;2016;19:24;0;RUA CAP GUTEMBERG;;;20;;Colisão;;;;Meio de Quadra;;;0;1;1;1;0;0;0;0;0;1;0;0;-38,507325;-3,789921
299437;30;11;2016;18:56;0;RUA BRI TORRES;;;1355;;Colisão;;;;Meio de Quadra;;;0;1;1;1;0;0;0;0;0;1;0;0;-38,582033;-3,769716
299389;30;11;2016;11:09;15230;RUA JOAQUIM NABUCO;RUA SILVA JATAHY;;;;Colisão Transversal;Luz do Dia;Bom;Seca;Cruz;Pare;Residencial;0;2;2;1;0;0;0;0;0;0;0;0;-38,498765;-3,727387
299396;30;11;2016;11:24;0;AV OLIVEIRA PAIVA;;;147;;Colisão;Luz do Dia;;;Meio de Quadra;;;0;1;1;1;0;0;0;0;0;1;0;0;;
299406;30;11;2016;14:04;16057;AV GODOFREDO MACIEL;AV PRS COSTA E SILVA;;;;Colisão;Luz do Dia;;;Cruz;Semáforo;Comercial;0;1;1;1;0;0;0;0;0;1;0;0;-38,574739;-3,811743
299403;30;11;2016;12:56;0;AV FRANCISCO SA;;;5311;;Queda;Luz do Dia;;;Meio de Quadra;;;0;2;0;0;0;0;0;0;0;1;0;0;-38,571292;-3,712647
299400;30;11;2016;12:03;0;AV BORGES DE MELO;;;;;Colisão;Luz do Dia;;;Meio de Quadra;;;0;2;0;0;0;0;0;0;0;1;0;0;;
299431;30;11;2016;18:06;0;AV JOSE JATAHY;;;;;Colisão;Anoitecer;;;Meio de Quadra;;;0;1;1;1;0;0;0;0;0;1;0;0;;
299432;30;11;2016;18:10;0;RUA CAP FRANCISCO PEDRO;;;1515;;Colisão;Anoitecer;;;Meio de Quadra;;;0;1;1;1;0;0;0;0;0;1;0;0;;
299433;30;11;2016;18:27;0;RUA CON DE CASTRO;;;4740;;Colisão;Anoitecer;;;Meio de Quadra;;;0;1;1;0;0;0;0;0;0;1;0;0;-38,59386;-3,807099
299434;30;11;2016;18:52;0;AV PONTES VIEIRA;;;1010;;Colisão;;;;Meio de Quadra;;;0;1;1;1;0;0;0;0;0;1;0;0;-38,511306;-3,752472
299416;30;11;2016;18:02;15327;AV SEN VIRGILIO TAVORA;RUA ANA BILHAR;;;;Colisão;Anoitecer;;;Cruz;Semáforo;Residencial;0;1;1;1;0;0;0;0;0;1;0;0;-38,491262;-3,730893
299417;30;11;2016;18:05;7426;RUA NATAL;AV SEN FERNANDES TAVORA;;;;Colisão;Anoitecer;;;Cruz;Não Há Controle;Residencial;0;2;1;1;0;0;0;0;0;1;0;0;-38,590172;-3,757915
299412;30;11;2016;17:03;0;AV ALBERTO CRAVEIRO;;;;;Colisão;Anoitecer;;;Meio de Quadra;;;0;1;1;1;0;0;0;0;0;1;0;0;;
299409;30;11;2016;15:05;0;AV FRE CIRILO;;;;;Queda;Luz do Dia;;;Meio de Quadra;;;0;1;0;0;0;0;0;0;0;1;0;0;;
299410;30;11;2016;16:37;19568;RUA PRIMEIRO DE JANEIRO;RUA TCHECOSLOVAQUIA;;;;Colisão Lateral;Via Iluminada;Bom;Seca;Cruz;Pare;Residencial;0;1;3;1;1;0;0;0;0;0;0;0;-38,569744;-3,783877
299380;30;11;2016;09:38;0;RUA CHICO LEMOS;;;1021;;Colisão;Luz do Dia;;;Meio de Quadra;;;0;1;1;0;0;0;0;0;0;0;0;0;-38,497057;-3,795932
299381;30;11;2016;10:02;0;RUA RUI MONTE;;;473;;Colisão;Luz do Dia;;;Meio de Quadra;;;0;2;0;0;0;0;0;0;0;0;0;0;-38,58725;-3,743371
299382;30;11;2016;10:29;0;RUA ALBERTO MAGNO;;;209;;Colisão;Luz do Dia;;;Meio de Quadra;;;0;1;1;1;0;0;0;0;0;1;0;0;-38,544041;-3,758088
299369;30;11;2016;06:44;0;VL DO MAR;;;;;Colisão;Luz do Dia;;;Meio de Quadra;;;0;1;1;1;0;0;0;0;0;1;0;0;;