COD_ACIDENTE;DIA;MES;ANO;HORA;INTERSECAO;LOG1;LOG2;LOG3;NUMERO;REFERENCIA;NATUREZA;ILUMINACAO;TEMPO;SUPERFICIEPISTA;TIPOCRUZAMENTO;CONTROLETRAFEGO;USOSOLO;MORTOS;FERIDOS;ILESOS;AUTOMOVEL;ONIBUS;BICICLETA;CAMINHAO;MICROONIBUS;CICLOMOTOR;MOTOCICLETA;TRACAOANIMAL;TREM;LONG;LAT
299371;30;11;2016;07:17;0;RUA BAR RIO BRANCO;;;2173;;Colisão;Luz do Dia;;;Meio de Quadra;;;0;1;1;1;0;0;0;0;0;1;0;0;-38,531511;-3,736639
299377;30;11;2016;08:47;0;AV JOSE JATAHY;;;1350;;Queda;Luz do Dia;;;Meio de Quadra;;;0;1;0;0;0;0;0;0;0;1;0;0;;
299378;30;11;2016;09:22;0;RD BR 116;;;;;Colisão;Luz do Dia;;;Meio de Quadra;;;0;1;1;1;0;0;0;0;0;0;0;0;;
301067;30;11;2016;18:42;0;AV DOMINGOS OLIMPIO;;;32;;Engavetamento;Via Iluminada;Bom;Seca;Cruz;Não Há Controle;Comercial;0;0;4;1;0;0;0;0;0;0;0;0;-38,52367;-3,738582
300377;30;11;2016;07:50;0;AV WASHINGTON SOARES;;;9206;;Colisão Lateral;Luz do Dia;Bom;Seca;Meio de Quadra;;;0;1;1;0;0;0;0;0;0;1;0;0;-38,482436;-3,831895
300384;30;11;2016;08:30;0;AV SEN CARLOS JEREISSATI (AEROPORTO);;;;KM 02;Colisão;Luz do Dia;Bom;Seca;Meio de Quadra;;;0;0;3;1;0;0;0;0;0;0;0;0;-38,535424;-3,782194
300387;30;11;2016;15:20;0;RD CE-040;;;;KM-09;Colisão;Luz do Dia;Bom;Seca;Meio de Quadra;;;0;0;2;1;0;0;0;0;0;0;0;0;-38,481538;-3,825516
300388;30;11;2016;19:00;0;AV SEN CARLOS JEREISSATI (AEROPORTO);;;;KM 03;Engavetamento;;Bom;Seca;Meio de Quadra;;;0;0;3;1;0;0;0;0;0;0;0;0;-38,544038;-3,779641
300389;30;11;2016;18:30;0;RD CE-025;;;;KM-03;Colisão;Anoitecer;Bom;Seca;Meio de Quadra;;;0;0;2;1;0;0;0;0;0;0;0;0;-38,452247;-3,805889
302801;30;11;2016;07:00;6752;AV SANTOS DUMONT;RUA PRO OTAVIO LOBO;;0;;Colisão Lateral;Luz do Dia;Bom;Seca;Cruz;Semáforo;Comercial;0;0;2;1;0;0;0;1;0;0;0;0;-38,477829;-3,742845
302802;30;11;2016;08:41;0;RUA JORGE DUMAR;;;2597;;Colisão Lateral;Luz do Dia;Bom;Seca;Meio de Quadra;Não Há Controle;Residencial;0;0;2;1;0;0;0;0;0;0;0;0;-38,540792;-3,758739
302803;30;11;2016;09:06;0;AV DA UNIVERSIDADE;;;1895;;Colisão Lateral;Luz do Dia;Bom;Seca;Meio de Quadra;Gesto;Comercial;0;0;2;1;0;0;0;0;0;1;0;0;-38,533956;-3,735307
302804;30;11;2016;08:33;0;AV DOS EXPEDICIONARIOS;;;4333;;Colisão Traseira;Luz do Dia;Bom;Seca;Meio de Quadra;Não Há Controle;Comercial;0;0;2;1;1;0;0;0;0;0;0;0;-38,538537;-3,756219
302805;30;11;2016;09:46;0;RUA CEL JUCA;;;890;;Colisão Transversal;Luz do Dia;Bom;Seca;Cruz;Pare;Comercial;0;0;2;1;0;0;0;0;0;0;0;0;-38,491896;-3,739513
302806;30;11;2016;14:00;0;AV 13 DE MAIO;;;81;;Engavetamento;Luz do Dia;Bom;Seca;Meio de Quadra;Não Há Controle;Comercial;0;0;4;1;0;0;0;0;0;0;0;0;-38,521295;-3,753623
302807;30;11;2016;16:50;19669;RUA GUSTAVO SAMPAIO;RUA PRO RAIMUNDO ARRUDA;;0;;Colisão Lateral;Luz do Dia;Bom;Seca;Cruz;Pare;Residencial;0;0;1;0;0;0;0;0;0;1;0;0;-38,551915;-3,734328
302808;30;11;2016;16:40;9075;RUA CEL JOSE EUCLIDES;AV AGUANAMBI;;0;;Colisão Transversal;Luz do Dia;Bom;Seca;Cruz;Pare;Comercial;0;0;2;1;0;0;0;1;0;0;0;0;-38,523383;-3,752233
302809;30;11;2016;17:04;0;AV ALM HENRIQUE SABOIA;;;0;;Colisão Traseira;Luz do Dia;Bom;Seca;Meio de Quadra;Não Há Controle;Residencial;0;0;2;1;0;0;0;0;0;0;0;0;;
302810;30;11;2016;18:10;5258;RUA PDE MORORO;RUA PEDRO I;;0;;Colisão Transversal;Anoitecer;Não Informado;Seca;Cruz;Pare;Comercial;0;0;2;0;0;0;0;0;0;1;0;0;-38,53829;-3,728123
302811;30;11;2016;18:17;0;RUA VICENTE DE CASTRO FILHO;;;1700;;Colisão Lateral;Via Iluminada;Bom;Seca;Meio de Quadra;Não Há Controle;Residencial;0;0;2;1;0;0;0;0;0;0;0;0;;
302812;30;11;2016;19:03;0;AV SGT HERMINIO SAMPAIO;;;1807;;Colisão Transversal;Via Iluminada;Bom;Seca;Meio de Quadra;Não Há Controle;Comercial;0;1;1;1;0;0;0;0;0;1;0;0;;
302813;30;11;2016;17:00;26190;RUA SOUSA CARVALHO;AV AUGUSTO DOS ANJOS;;0;;Colisão Lateral;Luz do Dia;Bom;Seca;T;Não Há Controle;Residencial;0;0;2;1;0;0;0;0;0;0;0;0;-38,583417;-3,785105
302814;30;11;2016;21:08;0;RUA VITAL BRASIL;;;2825;;Colisão Lateral;Via Iluminada;Bom;Seca;Meio de Quadra;;;0;0;1;1;1;0;0;0;0;0;0;0;;
302816;30;11;2016;21:45;1550;RUA PDE VALDEVINO;RUA DR JOSE LOURENCO;;0;;Engavetamento;Via Iluminada;Bom;Seca;Meio de Quadra;Semáforo;Residencial;0;0;4;1;0;0;0;0;0;0;0;0;-38,509928;-3,741307
302883;30;11;2016;13:48;5343;RUA METON DE ALENCAR;RUA PDE IBIAPINA;;0;;Colisão Lateral;Luz do Dia;Bom;Seca;T;Semáforo;Comercial;0;0;2;1;1;0;0;0;0;0;0;0;-38,539973;-3,730548
301168;30;11;2016;20:38;0;RUA SOARES BULCAO;;;115;;Colisão Lateral;Via Iluminada;Bom;Seca;Cruz;Não Há Controle;Comercial;0;0;2;1;0;0;0;0;0;0;0;0;-38,551894;-3,731858
292703;30;11;2016;12:50;13091;AV L CJ JOSE WALTER;AV C CJ JOSE WALTER;;;;Colisão Traseira;Luz do Dia;;;Rotatória;Dê Preferência;Outros;0;0;2;0;0;0;0;0;0;1;0;0;-38,556737;-3,828424
292701;30;11;2016;17:15;9246;RUA BAR RIO BRANCO;AV 13 DE MAIO;;;;Colisão Transversal;Anoitecer;;;Cruz;Semáforo;Comercial;0;2;1;1;0;0;0;0;0;1;0;0;-38,534255;-3,745129
292693;30;11;2016;19:30;5108;RUA SAO PAULO;RUA PRC ISABEL;;;;Colisão Frontal;;;;Cruz;Pare;Comercial;0;0;2;1;0;0;0;0;0;0;0;0;-38,534619;-3,723679
292697;30;11;2016;08:55;0;AV DUQ CAXIAS;;;1037;;Colisão Lateral;Luz do Dia;;;Meio de Quadra;;;0;0;2;1;0;0;0;0;0;0;0;0;-38,533679;-3,730565
292698;30;11;2016;08:50;0;AV DUQ CAXIAS;;;1052;;Colisão Traseira;Luz do Dia;;;Meio de Quadra;;;0;0;2;1;0;0;0;0;0;0;0;0;-38,533668;-3,730569
292688;30;11;2016;08:00;13771;RUA LUIZA MIRANDA COELHO;AV PINTO BANDEIRA D56;;;;Colisão Transversal;Luz do Dia;;;Cruz;Pare;Comercial;0;1;1;1;0;0;0;0;0;1;0;0;-38,487283;-3,774929
292690;30;11;2016;19:00;15316;RUA JOAQUIM NABUCO;RUA REPUBLICA DO LIBANO;;;;Colisão Transversal;;;;Cruz;Pare;Residencial;0;2;1;1;0;0;0;0;0;1;0;0;-38,4997;-3,730318
292691;30;11;2016;18:30;5069;RUA SAO PAULO;RUA COS ESTELITA;;;;Atropelamento;Anoitecer;;;Cruz;Pare;Residencial;0;1;1;1;0;0;0;0;0;0;0;0;-38,538855;-3,722289
292685;30;11;2016;16:00;0;AV SGT HERMINIO SAMPAIO;;;4200;;Engavetamento;Luz do Dia;;;Meio de Quadra;;;0;0;3;1;0;0;0;0;0;0;0;0;-38,577472;-3,730813
292686;30;11;2016;14:00;15399;AV FRE CIRILO;RUA ALMEIDA REGO;;;;Colisão Transversal;Luz do Dia;;;T;Semáforo;Comercial;0;1;1;1;0;0;0;0;0;1;0;0;-38,498444;-3,814967
292687;1;12;2016;19:45;84;RUA PDE PERDIGAO SAMPAIO;AV MR HULL;;;;Colisão Traseira;Via Iluminada;Bom;Seca;Cruz;Semáforo;Residencial;0;0;2;1;0;0;0;0;0;0;0;0;-38,594635;-3,740113
292683;1;12;2016;16:00;3779;RUA ANTONIO POMPEU;RUA VINTE E QUATRO DE MAIO;;;;Colisão Transversal;Luz do Dia;Bom;Seca;Cruz;Não Há Controle;Comercial;0;0;2;1;0;0;0;0;0;1;0;0;-38,534186;-3,733667
292684;1;12;2016;14:45;1589;AV DES MOREIRA;RUA GAL TERTULIANO POTYGUARA;;;;Engavetamento;Luz do Dia;Bom;Seca;Cruz;Semáforo;Residencial;0;0;3;1;0;0;0;0;0;0;0;0;-38,500568;-3,74313
292681;1;12;2016;12:00;0;AV AGUANAMBI;;;;;Colisão Lateral;Luz do Dia;Bom;Seca;Meio de Quadra;Semáforo;Comercial;0;0;2;1;1;0;0;0;0;0;0;0;;
292689;1;12;2016;16:22;7790;AV PONTES VIEIRA;AV DES MOREIRA;;;;Colisão Frontal;Luz do Dia;Bom;Seca;Cruz;Semáforo;Comercial;0;1;1;1;0;0;0;0;0;1;0;0;-38,503254;-3,751526
292699;1;12;2016;18:20;14419;AV SGT HERMINIO SAMPAIO;RUA JOSE CANDIDO D08;;;;Colisão Lateral;Anoitecer;Bom;Seca;Cruz;Semáforo;Comercial;0;0;2;1;0;0;0;0;0;0;0;0;-38,550431;-3,724638
292694;1;12;2016;17:05;26091;AV 13 DE MAIO;AV JOSE JATAHY;;;;Colisão Traseira;Luz do Dia;Bom;Seca;Cruz;Semáforo;Comercial;0;0;2;0;0;0;0;0;0;1;0;0;;
292722;1;12;2016;00:10;3970;RUA PRO COSTA MENDES;RUA AQUIRAZ;;;;Colisão Traseira;Via Iluminada;Bom;Seca;Cruz;Pare;Residencial;0;1;1;1;0;0;0;0;0;1;0;0;-38,545595;-3,755837
292663;1;12;2016;04:00;0;RUA EMILIA GONCALVES;;;416;;Colisão Lateral;Via Iluminada;Bom;Seca;Meio de Quadra;Não Há Controle;Residencial;0;1;1;1;0;0;0;0;0;0;0;0;-38,59573;-3,726331
292660;1;12;2016;17:10;12905;AV AGUANAMBI;RUA LOURENCO FEITOSA;;;;Colisão Lateral;Via Iluminada;Bom;Seca;Y;;Residencial;0;0;2;1;0;0;0;0;0;0;0;0;-38,525946;-3,741687
292661;1;12;2016;23:30;15271;RUA PEREIRA FILGUEIRAS;RUA ILDEFONSO ALBANO;;;;Colisão Transversal;Via Iluminada;Bom;Seca;Cruz;Semáforo;Comercial;0;0;2;1;0;0;0;0;0;0;0;0;-38,511864;-3,728706
292671;1;12;2016;15:30;14483;AV SGT HERMINIO SAMPAIO;RUA LAVRAS DA MANGABEIRA;;;;Colisão Lateral;Via Iluminada;Bom;Seca;T;Outros;Comercial;0;1;1;1;0;0;0;0;0;1;0;0;-38,552535;-3,72491
292668;1;12;2016;21:30;0;AV PRS COSTA E SILVA;;;;;Engavetamento;Não Iluminada;Bom;Seca;Meio de Quadra;Não Há Controle;Outros;0;0;4;1;0;0;0;0;0;1;0;0;;
292511;1;12;2016;05:40;0;RD DR MENDEL STEINBRUCH;;;;;Capotamento;Amanhecer;;;Meio de Quadra;;;2;0;0;0;0;0;0;0;0;0;0;0;;
302817;1;12;2016;06:57;5436;RUA JAIME BENEVOLO;RUA GAL CLARINDO DE QUEIROZ;;0;;Colisão Transversal;Luz do Dia;Bom;Seca;Cruz;Pare;Comercial;0;0;2;1;0;0;0;1;0;0;0;0;-38,526017;-3,73406
302818;1;12;2016;07:19;12712;RUA MAJ WEYNE;RUA JULIO CESAR D12;;0;;Colisão Transversal;Luz do Dia;Bom;Seca;Cruz;Pare;Comercial;0;0;2;1;0;0;0;0;0;0;0;0;-38,542813;-3,750019
302819;1;12;2016;07:30;302;RUA PRO LINO ENCARNACAO;RUA NELSON MACHADO;;0;;Colisão Lateral;Luz do Dia;Bom;Seca;Cruz;Pare;Residencial;0;0;2;1;1;0;0;0;0;0;0;0;-38,560182;-3,743542
302820;1;12;2016;09:24;0;AV PRS CASTELO BRANCO;;;3804;;Colisão Traseira;Luz do Dia;Bom;Seca;Meio de Quadra;Não Há Controle;Comercial;0;0;2;1;0;0;0;0;0;0;0;0;-38,566462;-3,709076
302821;1;12;2016;09:10;2038;RUA DOS ABOLICIONISTAS;RUA DO POENTE;;0;;Colisão Lateral;Luz do Dia;Bom;Seca;Cruz;Pare;Residencial;0;0;2;1;1;0;0;0;0;0;0;0;-38,580343;-3,697794
302822;1;12;2016;09:50;0;RUA BETA;RUA EPISILON;;70;;Choque c/ Obstáculo Fixo;Luz do Dia;Bom;Seca;Meio de Quadra;Não Há Controle;Residencial;0;0;1;0;0;0;0;0;0;0;0;0;;
302823;1;12;2016;09:35;0;AV DUQ CAXIAS;;;49;;Colisão Traseira;Luz do Dia;Bom;Seca;Meio de Quadra;Não Há Controle;Comercial;0;0;2;1;0;0;0;0;0;0;0;0;-38,524881;-3,733393
302824;1;12;2016;11:25;11851;AV FRANCISCO SA;RUA DNA MAROQUINHA;;0;;Colisão Lateral;Luz do Dia;Bom;Seca;Duplo T;Pare;Residencial;0;0;2;1;0;0;0;0;0;1;0;0;-38,546177;-3,72108
302825;1;12;2016;13:26;17513;AV ABOLICAO;RUA MANUEL JACARE;;0;;Colisão Transversal;Luz do Dia;Bom;Seca;Cruz;Pare;Comercial;0;1;1;1;0;0;0;0;0;1;0;0;-38,487572;-3,726087
302826;1;12;2016;14:28;5742;RUA MANUEL MONTEIRO;AV OLIVEIRA PAIVA;;0;;Colisão Transversal;Luz do Dia;Bom;Seca;Cruz;Semáforo;Comercial;0;0;2;1;0;0;0;0;0;0;0;0;-38,49414;-3,795496
302828;1;12;2016;19:10;20028;AV HEROIS DO ACRE;RUA DOS SABIAS;;0;;Colisão Transversal;Mal Iluminada;Bom;Seca;T;Pare;Residencial;0;0;2;0;0;0;0;0;0;0;0;0;-38,537767;-3,803156
302829;1;12;2016;19:39;0;AV CARNEIRO DE MENDONCA;;;1273;;Colisão Lateral;Via Iluminada;Bom;Seca;Meio de Quadra;Não Há Controle;Comercial;0;0;2;1;0;0;0;0;0;0;0;0;-38,570431;-3,762141
302830;1;12;2016;20:49;24212;RUA OLIVEIRA FILHO;RUA RENATO BRAGA;;0;;Colisão Lateral;Via Iluminada;Bom;Seca;Cruz;Pare;Comercial;0;0;2;1;0;0;0;0;0;0;0;0;-38,461183;-3,732559
302831;1;12;2016;21:30;5395;RUA TEREZA CRISTINA;RUA ANTONIO POMPEU;;0;;Colisão Transversal;Via Iluminada;Bom;Seca;Cruz;Pare;Residencial;0;0;2;1;0;0;0;0;0;0;0;0;-38,538356;-3,73234
302832;1;12;2016;09:56;25442;AV ROGACIANO LEITE;RUA DORALICE COSTA;;0;;Colisão Lateral;Luz do Dia;Bom;Seca;T;Pare;Comercial;0;0;2;0;0;0;0;0;0;1;0;0;-38,497705;-3,769481
300391;1;12;2016;05:20;0;AV ALBERTO CRAVEIRO;;;;;Queda;Amanhecer;;;Meio de Quadra;;;0;1;0;0;0;0;0;0;0;1;0;0;;
300393;1;12;2016;05:29;0;AV GODOFREDO MACIEL;;;4442;;Colisão;Amanhecer;;;Meio de Quadra;;;0;1;0;1;0;0;0;0;0;0;0;0;-38,575281;-3,813663
300426;1;12;2016;14:03;0;AV CARAPINIMA;;;1849;;Atropelamento;Luz do Dia;;;Meio de Quadra;;;0;1;0;0;0;0;0;0;0;1;0;0;-38,537479;-3,737346
300421;1;12;2016;11:11;0;RUA QUINZE (CANINDEZINHO);;;;;Queda;Luz do Dia;;;Meio de Quadra;;;0;1;0;0;0;0;0;0;0;1;0;0;;
300399;1;12;2016;06:29;1501;RUA MON BRUNO;RUA ROCHA LIMA;;;;Colisão;Luz do Dia;;;Cruz;Pare;Comercial;0;1;0;0;0;0;0;0;0;0;0;0;-38,511863;-3,739762
300412;1;12;2016;09:06;0;RUA CARLOS JUACABA;;;864;;Colisão;Luz do Dia;;;Meio de Quadra;;;0;1;0;1;0;0;0;0;0;1;0;0;;
300416;1;12;2016;09:42;0;RUA POCINHO;;;196;;Atropelamento;Luz do Dia;Bom;Seca;Meio de Quadra;Não Há Controle;Comercial;0;2;1;1;1;0;0;0;0;1;0;0;-38,523933;-3,727929
300417;1;12;2016;09:57;0;AV FRE CIRILO;;;4241;;Colisão;Luz do Dia;;;Meio de Quadra;;;0;2;0;1;0;0;0;0;0;1;0;0;-38,495854;-3,820894
300418;1;12;2016;10:04;0;RUA DO CANAL (TAUAPE);;;274;;Atropelamento;Luz do Dia;;;Meio de Quadra;;;0;1;0;1;0;0;0;0;0;0;0;0;;
300419;1;12;2016;11:04;0;RUA JULIO SILVA;;;445;;Queda;Luz do Dia;;;Meio de Quadra;;;0;1;0;0;0;0;0;0;0;1;0;0;;
300443;1;12;2016;14:05;13563;RUA DR JOSE LOURENCO;AV SORIANO ALBUQUERQUE;;;;Colisão;Luz do Dia;;;Cruz;Pare;Residencial;0;1;0;1;0;0;0;0;0;0;0;0;-38,512631;-3,74983
300444;1;12;2016;14:30;0;RUA VALTER DE CASTRO;;;420;;Colisão;Luz do Dia;;;Meio de Quadra;;;0;1;0;1;0;0;0;0;0;1;0;0;-38,492875;-3,79071
300445;1;12;2016;15:49;0;AV ALM MAXIMIANO DA FONSECA;;;1500;;Colisão;Luz do Dia;;;Meio de Quadra;;;0;1;0;1;0;0;0;0;0;1;0;0;;
300540;1;12;2016;07:50;0;AV SEN CARLOS JEREISSATI (AEROPORTO);;;;KM 02;Colisão;Luz do Dia;Bom;Seca;Meio de Quadra;;;0;0;2;1;0;0;0;1;0;0;0;0;-38,535424;-3,782194
300542;1;12;2016;14:00;0;RD CE-040;;;;KM-07;Colisão;Luz do Dia;Bom;Seca;Meio de Quadra;;;0;0;2;1;0;0;0;0;0;0;0;0;-38,478733;-3,809597
300471;1;12;2016;17:22;0;AV DOS EXPEDICIONARIOS;;;4885;;Colisão;Anoitecer;;;Meio de Quadra;;;0;1;0;1;0;0;0;0;0;1;0;0;-38,540347;-3,76215
300472;1;12;2016;17:34;0;AV PRS CASTELO BRANCO;;;;;Atropelamento;Anoitecer;;;Meio de Quadra;;;0;1;0;0;0;0;0;0;0;0;0;0;;
300468;1;12;2016;17:16;0;AV TEN LISBOA;;;1736;;Atropelamento;Anoitecer;;;Meio de Quadra;;;0;1;0;1;0;0;0;0;0;0;0;0;;
300477;1;12;2016;17:35;0;RUA LICURGO MONTENEGRO;;;25;;Queda;Anoitecer;;;Meio de Quadra;;;0;1;0;0;0;0;0;0;0;1;0;0;;
300461;1;12;2016;17:11;0;AV AUGUSTO DOS ANJOS;;;;;Colisão;Anoitecer;;;Meio de Quadra;;;0;1;0;0;0;0;0;0;0;1;0;0;;
300448;1;12;2016;16:02;0;AV ALM MAXIMIANO DA FONSECA;;;;;Colisão;Luz do Dia;;;Meio de Quadra;;;0;1;0;1;0;0;0;0;0;1;0;0;;
300454;1;12;2016;16:47;0;RUA PRC ISABEL;;;1422;;Colisão;Luz do Dia;;;Meio de Quadra;;;0;1;0;1;0;0;0;0;0;1;0;0;-38,537408;-3,733128
300451;1;12;2016;16:42;0;AV CEL CARVALHO;;;;;Atropelamento;Luz do Dia;;;Meio de Quadra;;;0;1;0;0;0;0;0;0;0;1;0;0;;
300423;1;12;2016;11:20;0;RUA IRM BAZET;;;505;;Queda;Luz do Dia;;;Meio de Quadra;;;0;1;0;0;0;0;0;0;0;1;0;0;-38,553271;-3,763541
300501;1;12;2016;17:46;0;RUA COS LAFAYETE;;;856;;Colisão;Anoitecer;;;Meio de Quadra;;;0;1;0;1;0;0;0;0;0;1;0;0;-38,585742;-3,717709
300496;1;12;2016;17:37;0;RUA JORGE ACURCIO;;;564;;Colisão;Anoitecer;;;Meio de Quadra;;;0;1;0;1;0;0;0;0;0;1;0;0;-38,531717;-3,765105
300513;1;12;2016;18:18;0;AV MR HULL;;;;;Colisão;Anoitecer;;;Meio de Quadra;;;0;1;0;1;0;0;0;0;0;1;0;0;;
300516;1;12;2016;20:04;0;RUA CAETANO SILVA (A. NUNES);;;109;;Atropelamento;;;;Meio de Quadra;;;0;1;0;0;0;0;0;0;0;1;0;0;;
300520;1;12;2016;22:24;0;RUA QUINZE (CANINDEZINHO);;;;;Colisão;;;;Meio de Quadra;;;0;1;0;0;0;0;0;0;0;0;0;0;;
300521;1;12;2016;22:56;0;RUA JOAQUIM LIMA;;;950;;Colisão;;;;Meio de Quadra;;;0;1;0;1;0;0;0;0;0;0;0;0;-38,478333;-3,741779
300518;1;12;2016;21:34;0;AV VIS RIO BRANCO;;;3233;;Colisão;;;;Meio de Quadra;;;0;1;0;1;0;0;0;0;0;1;0;0;-38,521297;-3,749445
295186;1;12;2016;08:45;0;RUA MIN ALBUQUERQUE LIMA;;;1376;;Colisão;Luz do Dia;;;Meio de Quadra;;;0;0;2;1;0;0;0;0;0;0;0;0;-38,600465;-3,770603
295200;1;12;2016;01:55;0;AV FRE CIRILO;;;4613;;Colisão Transversal;Via Iluminada;Bom;Seca;Meio de Quadra;Não Há Controle;Residencial;0;1;3;1;0;0;0;0;0;1;0;0;-38,494489;-3,824028
295196;1;12;2016;14:30;23364;RUA CAP GUSTAVO;RUA EDUARDO BEZERRA;;;;Colisão Lateral;Luz do Dia;Bom;Seca;Cruz;Semáforo;Residencial;0;2;1;1;0;0;0;0;0;1;0;0;-38,516951;-3,754148
295194;1;12;2016;16:15;26083;AV BEZERRA DE MENEZES;AV JOSE JATAHY;;;;Colisão Transversal;Luz do Dia;Bom;Seca;Cruz;Semáforo;Comercial;0;0;3;0;1;0;0;0;0;0;0;0;;
295205;2;12;2016;10:30;15232;RUA SILVA PAULET;RUA DEP MOREIRA DA ROCHA;;;;Colisão Transversal;Luz do Dia;Bom;Seca;Cruz;Pare;Residencial;0;2;3;1;0;0;0;0;0;1;0;0;-38,503194;-3,727526
295207;2;12;2016;22:35;14994;RUA LUIS TORRES;RUA ITALIA D43;;;;Colisão;;;;;;;0;2;1;1;1;0;0;0;0;0;0;0;-38,564615;-3,792495
295375;2;12;2016;09:30;23720;RUA ECA DE QUEIROZ;RUA DOM HENRIQUE;;;;Colisão;Luz do Dia;;;Cruz;Pare;Residencial;0;1;1;0;0;0;0;0;0;1;0;0;-38,582331;-3,78677
300530;2;12;2016;06:38;0;AV 13 DE MAIO;;;1367;;Colisão;Luz do Dia;;;Meio de Quadra;;;0;1;0;1;0;0;0;0;0;1;0;0;-38,530803;-3,748068
300533;2;12;2016;07:22;21267;RUA NOSSA SRA DAS GRACAS;RUA STA ROSA D20/21 (JACARECANGA);;504;;Colisão Transversal;Luz do Dia;Chuva;Molhada;Cruz;Não Há Controle;Residencial;0;1;3;1;0;0;0;0;0;1;0;0;-38,552963;-3,710282
300534;2;12;2016;07:33;0;AV SEN FERNANDES TAVORA;;;419;;Colisão;Luz do Dia;;;Meio de Quadra;;;0;1;0;1;0;0;0;0;0;1;0;0;;
300535;2;12;2016;08:02;0;RUA RIO GRANDE DO SUL;;;1107;;Colisão;Luz do Dia;;;Meio de Quadra;;;0;1;0;1;0;1;0;0;0;0;0;0;-38,567437;-3,758427
300536;2;12;2016;11:07;0;AV BAR STUDART;;;350;;Atropelamento;Luz do Dia;;;Meio de Quadra;;;0;1;0;1;0;0;0;0;0;0;0;0;-38,504212;-3,727176
300537;2;12;2016;11:40;0;RUA JOAO REGINO;;;488;;Colisão;Luz do Dia;;;Meio de Quadra;;;0;1;0;1;0;0;0;0;0;1;0;0;-38,482817;-3,792096
300522;2;12;2016;01:25;0;RUA PARANAI;;;1410;;Queda;;;;Meio de Quadra;;;0;1;0;0;0;0;0;0;0;1;0;0;;
300523;2;12;2016;06:26;0;AV PERIMETRAL;;;;;Colisão;Luz do Dia;;;Meio de Quadra;;;0;1;0;1;0;0;0;0;0;1;0;0;;
300543;2;12;2016;09:10;0;RD CE-040;;;;;Colisão;Luz do Dia;Bom;Seca;Meio de Quadra;;;0;0;2;0;0;0;1;0;0;0;0;0;;
300544;2;12;2016;16:00;0;RD CE-040;;;;KM-02;Colisão;Luz do Dia;Bom;Seca;Meio de Quadra;;;0;0;2;1;0;0;0;0;0;0;0;0;-38,482583;-3,76465
300548;2;12;2016;16:00;0;AV GOV PARSIFAL BARROSO;;;108;;Colisão;Luz do Dia;;;Meio de Quadra;;;0;1;0;1;0;0;0;0;0;1;0;0;;
300549;2;12;2016;16:00;0;RUA MISERICORDIA;;;112;;Colisão;Luz do Dia;;;Meio de Quadra;;;0;1;0;1;0;0;0;0;0;1;0;0;;
300546;2;12;2016;16:25;0;AV SEN CARLOS JEREISSATI (AEROPORTO);;;;KM 03;Colisão;Luz do Dia;Bom;Seca;Meio de Quadra;;;0;0;2;1;0;0;0;0;0;0;0;0;-38,544038;-3,779641
300555;2;12;2016;17:28;0;RUA BATISTA DE OLIVEIRA;;;699;;Colisão;Anoitecer;;;Meio de Quadra;;;0;1;0;1;0;0;0;0;0;1;0;0;;
300557;2;12;2016;17:46;0;RUA RECANTO VERDE;;;1370;;Queda;Anoitecer;;;Meio de Quadra;;;0;1;0;0;0;0;0;0;0;1;0;0;-38,511409;-3,838018
300566;2;12;2016;18:16;0;AV DOM MANUEL;;;760;;Atropelamento;Anoitecer;;;Meio de Quadra;;;0;1;0;0;0;0;0;0;0;1;0;0;-38,521896;-3,730779
300561;2;12;2016;18:16;0;AV SGT HERMINIO SAMPAIO;;;4871;;Colisão;Anoitecer;;;Meio de Quadra;;;0;1;0;1;0;0;0;0;0;1;0;0;-38,583243;-3,733203
300576;2;12;2016;22:12;0;RUA MOZART PINTO;;;382;;Colisão;;;;Meio de Quadra;;;0;2;0;0;0;0;0;0;0;0;0;0;-38,552193;-3,728264
300577;2;12;2016;22:43;0;AV LAURO VIEIRA CHAVES;;;;;Queda;;;;Meio de Quadra;;;0;1;0;0;0;0;0;0;0;1;0;0;;
300568;2;12;2016;20:28;0;AV EDILSON B SOARES;;;1200;;Colisão;;;;Meio de Quadra;;;0;1;0;1;0;0;0;0;0;1;0;0;;
300572;2;12;2016;21:26;0;RUA TRES CORACOES;;;2067;;Colisão;;;;Meio de Quadra;;;0;2;0;0;0;0;0;0;0;1;0;0;;
300574;2;12;2016;21:53;0;RUA JOSE VILAR;;;640;;Queda;;;;Meio de Quadra;;;0;1;0;0;0;1;0;0;0;0;0;0;-38,503062;-3,730841
302835;2;12;2016;07:09;0;AV PRS COSTA E SILVA;;;1822;;Colisão Traseira;Luz do Dia;Chuva;Molhada;T;Semáforo;Comercial;0;0;2;1;0;0;0;0;0;0;0;0;;
302836;2;12;2016;08:26;15743;RUA HERBENE;RUA MANUEL ARRUDA;;0;;Colisão Lateral;Luz do Dia;Bom;Seca;Cruz;Pare;Comercial;0;0;2;1;0;0;0;0;0;0;0;0;-38,504019;-3,828948
302837;2;12;2016;08:17;0;RUA ADOLFO CAMINHA;;;111;;Colisão Traseira;Luz do Dia;Bom;Seca;Meio de Quadra;Não Há Controle;Comercial;0;0;2;1;0;0;0;0;0;0;0;0;-38,524363;-3,721084