COD_ACIDENTE;DIA;MES;ANO;HORA;INTERSECAO;LOG1;LOG2;LOG3;NUMERO;REFERENCIA;NATUREZA;ILUMINACAO;TEMPO;SUPERFICIEPISTA;TIPOCRUZAMENTO;CONTROLETRAFEGO;USOSOLO;MORTOS;FERIDOS;ILESOS;AUTOMOVEL;ONIBUS;BICICLETA;CAMINHAO;MICROONIBUS;CICLOMOTOR;MOTOCICLETA;TRACAOANIMAL;TREM;LONG;LAT
302838;2;12;2016;08:46;0;AV PRS CASTELO BRANCO;;;400;;Engavetamento;Luz do Dia;Bom;Seca;Meio de Quadra;Não Há Controle;Comercial;0;0;2;1;0;0;0;0;0;0;0;0;-38,529136;-3,720706
302839;2;12;2016;09:08;0;AV DR JOAO MACIEL FILHO;;;189;;Colisão Transversal;Luz do Dia;Bom;Seca;Meio de Quadra;Não Há Controle;Residencial;0;0;1;1;0;0;0;0;0;0;0;0;-38,49528;-3,784644
302840;2;12;2016;10:10;0;AV BORGES DE MELO;;;1295;;Colisão Traseira;Luz do Dia;Bom;Seca;Meio de Quadra;Não Há Controle;Residencial;0;0;2;0;0;0;0;0;0;0;0;0;-38,530578;-3,759485
302841;2;12;2016;09:23;0;AV GOV RAUL BARBOSA;;;7014;;Colisão Lateral;Luz do Dia;Bom;Seca;Meio de Quadra;Semáforo;Comercial;0;0;2;0;0;0;0;0;0;0;0;0;;
302842;2;12;2016;07:30;0;AV AGUANAMBI;;;1588;HOSPITAL ANTONIO PRUDENTE;Colisão Transversal;Luz do Dia;Bom;Seca;Meio de Quadra;Não Há Controle;Comercial;0;0;4;1;1;0;0;0;0;0;0;0;-38,523564;-3,750958
302843;2;12;2016;10:43;0;RUA GAL LIMA E SILVA;;;145;;Choque c/ Obstáculo Fixo;Luz do Dia;Bom;Seca;Meio de Quadra;Não Há Controle;Comercial;0;0;2;0;0;0;0;0;0;0;0;0;-38,514829;-3,776646
302844;2;12;2016;10:00;5286;RUA GAL BEZERRIL;RUA PERBOYRE SILVA;;0;;Colisão Lateral;Luz do Dia;Bom;Seca;Duplo T;Não Há Controle;Comercial;0;0;2;0;0;0;0;0;0;0;0;0;-38,526666;-3,728858
302845;2;12;2016;10:40;19375;RUA CON DE CASTRO;RUA NAPOLEAO QUEZADO;;0;;Colisão Transversal;Luz do Dia;Bom;Seca;Cruz;Pare;Comercial;0;0;2;1;0;0;0;0;0;0;0;0;-38,566777;-3,777706
302846;2;12;2016;13:16;18303;AV ALM BARROSO;RUA ITAPIPOCA;;0;;Colisão Transversal;Luz do Dia;Bom;Seca;T;Não Há Controle;Comercial;0;0;2;1;0;0;0;0;0;0;0;0;-38,516762;-3,720403
302847;2;12;2016;13:26;0;AV SANTOS DUMONT;;;5570;;Colisão Lateral;Luz do Dia;Bom;Seca;Meio de Quadra;Não Há Controle;Comercial;0;0;3;1;0;0;0;0;0;0;0;0;-38,482239;-3,741437
302848;2;12;2016;13:50;1324;RUA TORRES CAMARA;RUA DR JOSE LOURENCO;;0;;Colisão Transversal;Luz do Dia;Bom;Seca;Cruz;Pare;Comercial;0;0;4;1;0;0;0;0;0;1;0;0;-38,508053;-3,735281
302849;2;12;2016;14:00;0;RUA PDE PEDRO DE ALENCAR;;;1130;;Colisão Traseira;Luz do Dia;Bom;Seca;Meio de Quadra;Não Há Controle;Comercial;0;0;2;1;0;0;0;0;0;0;0;0;;
302850;2;12;2016;14:58;8937;RUA ANTONIO POMPEU;RUA CARLOS SEVERO;;;;Colisão Transversal;Luz do Dia;Bom;Seca;Cruz;Não Há Controle;Comercial;0;1;1;0;0;0;0;0;0;1;0;0;-38,541865;-3,731863
302852;2;12;2016;15:45;19675;RUA GUSTAVO SAMPAIO;RUA CRUZ SALDANHA;;0;;Colisão Transversal;Luz do Dia;Bom;Seca;Cruz;Pare;Residencial;0;0;2;1;0;0;0;0;0;0;0;0;-38,554069;-3,734763
302853;2;12;2016;15:15;0;AV SEN FERNANDES TAVORA;;;1936;;Colisão Traseira;Luz do Dia;Bom;Seca;Meio de Quadra;Semáforo;Escola;0;1;1;0;1;0;0;0;0;1;0;0;-38,589472;-3,758283
302854;2;12;2016;17:00;7926;AV ANTONIO SALES;RUA BARBOSA DE FREITAS;;0;;Colisão Traseira;Luz do Dia;Bom;Seca;Não Informado;Semáforo;Residencial;0;0;3;1;0;0;0;0;0;0;0;0;-38,500407;-3,746051
302855;2;12;2016;17:15;25643;RUA CON DE CASTRO;RUA TULIPA NEGRA;;0;;Colisão Lateral;Anoitecer;Bom;Seca;T;Não Há Controle;Residencial;0;0;2;1;1;0;0;0;0;0;0;0;-38,600788;-3,81731
302856;2;12;2016;19:58;0;AV DA UNIVERSIDADE;;;2487;;Colisão Traseira;Via Iluminada;Bom;Seca;Meio de Quadra;Não Há Controle;Comercial;0;0;1;1;0;0;0;0;0;1;0;0;-38,537191;-3,738848
302857;2;12;2016;20:07;5313;RUA VINTE E QUATRO DE MAIO;RUA PEDRO I;;0;;Colisão Traseira;Via Iluminada;Bom;Seca;Cruz;Pare;Comercial;0;0;2;1;0;0;0;0;0;1;0;0;-38,532952;-3,72983
302873;2;12;2016;18:49;0;AV PRS COSTA E SILVA;;;1736;;Colisão Transversal;Via Iluminada;Bom;Seca;T;Pare;Comercial;0;0;1;0;0;0;0;0;0;0;0;0;-38,56557;-3,817529
292669;2;12;2016;11:00;26252;RUA PERGENTINO MAIA;RUA ANTONIO BARROS;;;;Colisão Transversal;Luz do Dia;Bom;Seca;Cruz;Pare;Comercial;0;1;1;0;1;1;0;0;0;0;0;0;;
292670;2;12;2016;01:30;9043;RUA BAR ARATANHA;RUA PDE MIGUELINHO;;;;Colisão Lateral;Via Iluminada;Bom;Seca;Cruz;Pare;Comercial;0;0;3;1;0;0;0;0;0;0;0;0;-38,530045;-3,743861
292666;2;12;2016;15:10;0;RUA PEDRO I;;;1718;;Atropelamento;Luz do Dia;Bom;Seca;Meio de Quadra;Não Há Controle;Comercial;0;2;0;0;0;0;0;0;0;1;0;0;-38,539516;-3,72773
292667;2;12;2016;18:30;9282;RD BR 116;AV AGUANAMBI;;;;Colisão Lateral;Via Iluminada;Bom;Seca;Rotatória;Semáforo Intermitente;Comercial;0;0;2;1;0;0;0;0;0;0;0;0;-38,5232;-3,755351
292673;2;12;2016;00:30;12954;AV PRS COSTA E SILVA;RUA BERNARDO MANUEL;;;;Colisão Transversal;Via Iluminada;Bom;Seca;Cruz;Semáforo;Residencial;0;0;2;1;0;0;0;0;0;0;0;0;-38,558276;-3,821079
292674;2;12;2016;22:30;0;AV SANTOS DUMONT;;;6211;;Colisão Traseira;Via Iluminada;Bom;Seca;Meio de Quadra;Semáforo;Comercial;0;0;2;1;0;0;0;0;0;1;0;0;-38,475998;-3,743439
292723;2;12;2016;01:13;0;RUA CON DE CASTRO;;;;;Colisão Lateral;Luz do Dia;Bom;Seca;;;;0;1;1;0;0;0;0;0;0;1;0;0;;
292727;2;12;2016;14:22;0;AV GAL OSORIO DE PAIVA;;;;;Colisão Lateral;;Bom;Seca;Meio de Quadra;Pare;Comercial;0;0;2;1;0;0;0;0;0;1;0;0;;
292730;2;12;2016;08:40;7957;AV PONTES VIEIRA;AV BAR STUDART;;;;Colisão Lateral;Luz do Dia;Bom;Seca;T;Semáforo Intermitente;Comercial;0;0;2;1;1;0;0;0;0;0;0;0;-38,512361;-3,75259
292736;2;12;2016;16:50;0;AV ABOLICAO;;;4001;;Colisão Lateral;Luz do Dia;Bom;Seca;Meio de Quadra;Semáforo Intermitente;Comercial;0;0;2;1;0;0;0;0;0;0;0;0;-38,483388;-3,725056
292719;3;12;2016;14:20;15141;AV MON TABOSA;RUA CARLOS VASCONCELOS;;;;Colisão Traseira;Luz do Dia;Bom;Seca;Cruz;Semáforo;Comercial;0;0;2;1;0;0;0;0;0;0;0;0;-38,507985;-3,724289
292702;3;12;2016;19:00;7913;AV ANTONIO SALES;RUA VIS MAUA;;;;Colisão Transversal;Via Iluminada;Bom;Seca;Cruz;Pare;Comercial;0;0;2;1;0;0;0;0;0;0;0;0;-38,50242;-3,745429
292716;3;12;2016;03:00;0;RUA PRO ANACLETO;;;80;;Colisão Lateral;Amanhecer;Bom;Seca;Meio de Quadra;Outros;Residencial;0;1;1;1;0;0;0;0;0;0;0;0;-38,553046;-3,734256
292717;3;12;2016;01:00;0;AV DEP PAULINO ROCHA;;;;ROTATÓRIA;Colisão Traseira;Via Iluminada;Bom;Seca;Meio de Quadra;Dê Preferência;Lazer;0;0;2;1;0;0;0;0;0;0;0;0;;
292712;3;12;2016;09:50;0;RUA POCINHO;;;102;;Atropelamento;Luz do Dia;Bom;Seca;Meio de Quadra;Não Há Controle;Comercial;0;1;1;1;0;0;0;0;0;0;0;0;-38,52487;-3,728044
292713;3;12;2016;01:30;2877;AV GAL OSORIO DE PAIVA;RUA DR FERNANDO AUGUSTO;;;;Colisão Lateral;Via Iluminada;Bom;Seca;T;Não Há Controle;Comercial;0;0;2;1;0;0;0;0;0;0;0;0;-38,59376;-3,79614
292519;3;12;2016;06:17;0;AV GODOFREDO MACIEL;;;5200;;Colisão;Luz do Dia;;;Meio de Quadra;;;1;1;1;1;0;0;0;0;0;1;0;0;-38,577011;-3,819544
302858;3;12;2016;07:06;0;AV JOR THOMAZ COELHO;;;4672;;Choque c/ Obstáculo Fixo;Luz do Dia;Bom;Seca;Meio de Quadra;Não Há Controle;Comercial;0;0;1;1;0;0;0;0;0;0;0;0;;
302859;3;12;2016;07:25;0;AV ALM HENRIQUE SABOIA;;;3632;;Colisão Traseira;Luz do Dia;Bom;Seca;Meio de Quadra;Não Há Controle;Comercial;0;0;3;1;0;0;0;0;0;0;0;0;-38,488074;-3,741309
302860;3;12;2016;09:06;3302;AV GAL OSORIO DE PAIVA;RUA LUIS VIEIRA;;;;Colisão Traseira;Luz do Dia;Bom;Seca;Cruz;Semáforo Intermitente;Comercial;0;0;4;1;0;0;0;0;0;1;0;0;-38,588616;-3,790879
302861;3;12;2016;10:50;0;AV COS GOMES DE FREITAS (SAPIRANGA/COITE);;;3188;;Colisão Traseira;Luz do Dia;Bom;Seca;Meio de Quadra;Não Há Controle;Comercial;0;0;2;1;0;0;0;0;0;0;0;0;-38,478175;-3,79556
302862;3;12;2016;13:26;6748;RUA PRO OTAVIO LOBO;RUA DR GILBERTO STUDART;;0;;Colisão Transversal;Luz do Dia;Bom;Seca;Cruz;Pare;Residencial;0;0;2;0;0;0;0;0;0;0;0;0;-38,478756;-3,74432
302863;3;12;2016;12:50;9075;AV AGUANAMBI;RUA CEL JOSE EUCLIDES;;0;;Colisão Transversal;Luz do Dia;Bom;Seca;T;Pare;Comercial;0;0;2;1;0;0;0;0;0;0;0;0;-38,523383;-3,752233
302864;3;12;2016;14:02;0;AV ALBERTO CRAVEIRO;;;2900;;Colisão Traseira;Luz do Dia;Bom;Seca;Meio de Quadra;Não Há Controle;Lazer;0;0;1;1;0;0;0;0;0;1;0;0;-38,523273;-3,805357
302865;3;12;2016;15:55;5744;RUA MANUEL MONTEIRO;RUA PEDRO FIRMEZA;;0;;Colisão Lateral;Luz do Dia;Bom;Seca;Cruz;Pare;Residencial;0;0;2;1;0;0;0;0;0;1;0;0;-38,494425;-3,797578
302866;3;12;2016;16:00;13521;AV RUI BARBOSA;RUA MARCONDES PEREIRA;;;;Colisão Lateral;Luz do Dia;Bom;Seca;T;Pare;Residencial;0;0;1;1;0;0;0;0;0;0;0;0;;
302867;3;12;2016;23:19;0;RUA FRANCISCO MATOS;;;588;;Choque c/ Obstáculo Fixo;Via Iluminada;Bom;Seca;Meio de Quadra;Pare;Residencial;0;0;1;1;0;0;0;0;0;0;0;0;;
300584;3;12;2016;06:02;0;TR LUIZ TEIXEIRA;;;302;;Queda;Luz do Dia;;;Meio de Quadra;;;0;1;0;0;0;0;0;0;0;1;0;0;;
300585;3;12;2016;06:51;0;AV JOAO PESSOA;;;6411;;Atropelamento;Luz do Dia;Bom;Seca;Meio de Quadra;Semáforo;Comercial;0;1;1;1;0;0;0;0;0;0;0;0;-38,559406;-3,766267
300593;3;12;2016;07:34;0;RUA HUGO VITOR;;;643;;Colisão;Luz do Dia;;;Meio de Quadra;;;0;1;0;1;0;0;0;0;0;1;0;0;-38,590806;-3,745376
300594;3;12;2016;07:43;0;RUA MAJ FACUNDO;;;196;;Colisão;Luz do Dia;;;Meio de Quadra;;;0;1;0;0;0;0;0;0;0;0;0;0;-38,527007;-3,725035
300590;3;12;2016;07:19;9892;RUA BOM JESUS (GRANJA LISBOA);RUA SGT JOAO PINHEIRO;;;;Colisão;Luz do Dia;;;Cruz;Outros;Comercial;0;1;0;0;0;0;0;0;0;1;0;0;-38,624041;-3,787299
300587;3;12;2016;07:02;0;RUA RIO PRADO;;;;;Colisão;Luz do Dia;;;Meio de Quadra;;;0;1;0;1;0;0;0;0;0;1;0;0;;
300615;3;12;2016;14:17;0;RUA JOAQUIM NABUCO;;;1273;;Colisão;Luz do Dia;;;Meio de Quadra;;;0;1;0;1;0;0;0;0;0;1;0;0;-38,501645;-3,736351
300616;3;12;2016;15:29;7395;RUA ARACAJU;RUA PRO EDGAR DE ARRUDA;;;;Colisão;Luz do Dia;;;Cruz;Pare;Residencial;0;1;0;1;0;0;0;0;0;1;0;0;-38,586324;-3,757416
300617;3;12;2016;00:01;0;RUA MATEUS LEMOS;;;1369;;Queda;;;;Meio de Quadra;;;0;1;0;0;0;0;0;0;0;1;0;0;;
300612;3;12;2016;14:15;0;AV PRS JUSCELINO KUBITSCHEK (PASSARÉ);;;;;Colisão;Luz do Dia;;;Meio de Quadra;;;0;1;0;1;0;1;0;0;0;0;0;0;;
300606;3;12;2016;12:58;0;RUA 315 CJ CEARA;;;108;;Colisão;Luz do Dia;;;Meio de Quadra;;;0;1;0;1;0;0;0;0;0;1;0;0;-38,615343;-3,773517
300607;3;12;2016;13:03;0;RUA OSCAR ARARIPE;;;1951;;Colisão;Luz do Dia;;;Meio de Quadra;;;0;1;0;1;0;0;0;0;0;1;0;0;;
300608;3;12;2016;13:25;6724;AV SANTOS DUMONT;AV ENG SANTANA JUNIOR;;689;;Colisão Lateral;Luz do Dia;Bom;Seca;Cruz;Não Há Controle;Comercial;0;0;4;1;1;0;0;0;0;1;0;0;-38,485132;-3,740506
300596;3;12;2016;08:13;0;AV DOMINGOS OLIMPIO;;;185;;Atropelamento;Luz do Dia;;;Meio de Quadra;;;0;1;0;0;0;0;0;0;0;1;0;0;-38,526273;-3,738102
300597;3;12;2016;09:30;0;RUA TAUBATE;;;1087;;Colisão;Luz do Dia;;;Meio de Quadra;;;0;1;0;0;0;0;0;0;0;0;0;0;;
300598;3;12;2016;11:12;0;RUA GAL SAMPAIO;;;1570;;Colisão Transversal;Luz do Dia;Bom;Seca;Meio de Quadra;Semáforo;Comercial;0;0;4;1;0;0;0;0;0;1;0;0;-38,532324;-3,732109
300599;3;12;2016;11:18;0;RUA ANTONIO NERY;;;1097;;Colisão;Luz do Dia;;;Meio de Quadra;;;0;1;0;1;0;0;0;0;0;1;0;0;;
300600;3;12;2016;11:22;5468;RUA ANTONIO POMPEU;RUA BAR ARATANHA;;;;Colisão Transversal;Luz do Dia;Bom;Seca;Cruz;Semáforo;Comercial;0;0;4;1;0;0;0;0;0;1;0;0;-38,527351;-3,735826
300601;3;12;2016;12:02;0;AV CESAR CALS;;;280;;Colisão;Luz do Dia;;;Meio de Quadra;;;0;2;0;0;0;0;0;0;0;1;0;0;-38,464611;-3,720563
300578;3;12;2016;00:01;0;RUA RIO GRANDE DO NORTE;;;1072;;Queda;;;;Meio de Quadra;;;0;1;0;0;0;0;0;0;0;1;0;0;-38,566537;-3,759268
300579;3;12;2016;01:42;0;TR ESPERANCA;;;102;;Queda;;;;Meio de Quadra;;;0;1;0;0;0;1;0;0;0;0;0;0;;
300580;3;12;2016;03:47;0;RUA GUSTAVO SAMPAIO;;;876;;Atropelamento;;;;Meio de Quadra;;;0;1;0;1;0;0;0;0;0;0;0;0;-38,55286;-3,734521
300581;3;12;2016;04:29;0;AV AUGUSTO DOS ANJOS;;;1915;;Colisão;;;;Meio de Quadra;;;0;2;0;1;0;0;0;0;0;1;0;0;-38,580876;-3,782139
300582;3;12;2016;05:07;0;AV JANGADEIROS (MUCURIPE);;;620;;Queda;Amanhecer;;;Meio de Quadra;;;0;1;0;0;0;0;0;0;0;1;0;0;-38,477526;-3,724187
300556;3;12;2016;23:30;0;RD CE-040;;;;KM-03;Colisão;;Bom;Seca;Meio de Quadra;;;0;0;2;1;0;0;0;0;0;0;0;0;-38,481799;-3,773616
300643;3;12;2016;21:19;0;RUA PEDRO LUIZ SOBRINHO;;;741;;Atropelamento;;;;Meio de Quadra;;;0;1;0;1;0;0;0;0;0;0;0;0;;
300629;3;12;2016;17:51;0;RUA CARLOS VASCONCELOS;;;1355;;Colisão;Anoitecer;;;Meio de Quadra;;;0;1;0;1;0;1;0;0;0;0;0;0;-38,511065;-3,733827
300651;3;12;2016;23:55;0;AV WASHINGTON SOARES;;;3634;;Colisão;;;;Meio de Quadra;;;0;1;0;1;0;0;0;0;0;0;0;0;-38,480695;-3,787011
300646;3;12;2016;21:43;0;RUA DO MERCADO;;;;;Queda;;;;Meio de Quadra;;;0;1;0;0;0;0;0;0;0;1;0;0;;
300647;3;12;2016;22:26;0;AV JOSE JATAHY;;;550;;Queda;;;;Meio de Quadra;;;0;2;0;0;0;0;0;0;0;1;0;0;;
300648;3;12;2016;22:46;0;AV PRO JOSE ARTHUR CARVALHO;;;2727;;Colisão;;;;Meio de Quadra;;;0;1;0;1;0;0;0;0;0;1;0;0;-38,454635;-3,823482
300641;3;12;2016;20:48;0;AV PONTES VIEIRA;;;2429;;Colisão;;;;Meio de Quadra;;;0;1;0;1;0;0;0;0;0;1;0;0;-38,499952;-3,751143
300626;3;12;2016;16:51;12745;RUA JULIO CESAR D12;RUA ANA NERY;;;;Colisão;Luz do Dia;;;Cruz;Pare;Residencial;0;1;0;1;0;0;0;0;0;0;0;0;-38,544349;-3,751712
300603;3;12;2016;12:17;1267;RUA COSTA BARROS;RUA NUNES VALENTE;;;;Colisão Transversal;Luz do Dia;Bom;Seca;Cruz;Semáforo;Residencial;0;1;3;1;0;0;0;0;0;0;0;0;-38,502761;-3,733224
300620;3;12;2016;16:43;0;AV DUQ CAXIAS;;;2235;;Colisão;Luz do Dia;;;Meio de Quadra;;;0;1;0;0;0;0;0;0;0;0;0;0;-38,544111;-3,727154
300634;3;12;2016;18:41;0;AV CEL CARVALHO;;;1700;;Colisão Frontal;Via Iluminada;Bom;Seca;Cruz;Semáforo;Comercial;0;1;3;1;0;0;0;0;0;1;0;0;-38,587919;-3,717592
300631;3;12;2016;17:57;9410;RUA CARNAUBAL;RUA RIO TOCANTINS;;;;Atropelamento;Anoitecer;;;Cruz;Pare;Residencial;0;1;0;0;0;0;0;0;0;1;0;0;-38,581132;-3,72272
300632;3;12;2016;18:21;0;RUA CUIABA;;;5285;;Atropelamento;Anoitecer;;;Meio de Quadra;;;0;1;0;1;0;0;0;0;0;0;0;0;;
292821;3;12;2016;04:30;0;AV AUGUSTO DOS ANJOS;;;1915;;Colisão Frontal;;;;Meio de Quadra;;;0;0;2;1;0;0;0;0;0;1;0;0;-38,580876;-3,782139
295376;3;12;2016;08:10;0;RUA DO MANGUE;;;;;Choque c/ Obstáculo Fixo;Luz do Dia;;;Meio de Quadra;;;0;0;1;0;0;0;0;0;0;0;0;0;;
295377;3;12;2016;11:20;24348;RUA JORGE ACURCIO;RUA ARMANDO MONTEIRO;;;;Colisão Transversal;Luz do Dia;Nublado;Seca;Cruz;Pare;Comercial;0;3;2;0;0;0;0;0;0;1;0;0;-38,531744;-3,765184
295378;3;12;2016;14:40;5370;RUA METON DE ALENCAR;RUA PRC ISABEL;;;;Colisão Lateral;Luz do Dia;Bom;Seca;Meio de Quadra;Pare;Comercial;0;0;4;1;0;0;0;0;0;1;0;0;-38,536973;-3,731614
295379;3;12;2016;12:00;5161;RUA SEN ALENCAR;RUA MAJ FACUNDO;;;;Colisão Transversal;Luz do Dia;Bom;Seca;Cruz;Pare;Comercial;0;0;4;1;0;0;0;0;0;1;0;0;-38,527033;-3,725114
295380;3;12;2016;15:24;0;RUA TRES CORACOES;;;;;Choque c/ Obstáculo Fixo;Luz do Dia;;;Meio de Quadra;;;0;1;0;1;0;0;0;0;0;0;0;0;;
295383;3;12;2016;20:02;0;AV DR SILAS MUNGUBA;;;852;;Colisão Traseira;Via Iluminada;Bom;Seca;Cruz;Semáforo;Comercial;0;0;4;1;1;0;0;0;0;1;0;0;-38,558168;-3,780889
300652;4;12;2016;00:17;0;AV GAL OSORIO DE PAIVA;;;1127;;Colisão Lateral;;;;Meio de Quadra;;;0;2;0;1;0;0;0;0;0;1;0;0;-38,57209;-3,779151
300665;4;12;2016;02:48;0;RUA LIVINO DE CARVALHO;;;1067;;Atropelamento;;;;Meio de Quadra;;;0;1;0;1;0;0;0;0;0;0;0;0;;
300660;4;12;2016;00:17;0;AV GAL OSORIO DE PAIVA;;;1127;;Colisão;;;;Meio de Quadra;;;0;1;0;0;0;0;0;0;0;0;0;0;-38,57209;-3,779151
300673;4;12;2016;05:30;5098;RUA CASTRO E SILVA;RUA SEN POMPEU;;;;Colisão;Amanhecer;;;Cruz;Semáforo;Comercial;0;2;0;0;0;0;0;0;0;0;0;0;-38,528597;-3,723468
300674;4;12;2016;05:39;0;RUA DESCARTES BRAGA;;;1060;;Queda;Amanhecer;;;Meio de Quadra;;;0;1;0;0;0;0;0;0;0;1;0;0;;
300667;4;12;2016;04:17;0;AV JOR THOMAZ COELHO;;;;;Colisão;;;;Meio de Quadra;;;0;1;0;0;0;0;0;0;0;0;0;0;;
300734;4;12;2016;16:15;0;RUA GAL RABELO;;;254;;Colisão;Luz do Dia;;;Meio de Quadra;;;0;1;0;0;0;0;0;0;0;1;0;0;-38,605385;-3,805498
300724;4;12;2016;13:19;0;AV CEL CARVALHO;;;2569;;Colisão;Luz do Dia;;;Meio de Quadra;;;0;1;0;1;0;0;0;0;0;1;0;0;-38,585839;-3,725303
300726;4;12;2016;14:21;0;AV DUQ CAXIAS;;;2219;;Atropelamento;Luz do Dia;;;Meio de Quadra;;;0;1;0;0;0;0;0;0;0;1;0;0;-38,543735;-3,727285
300736;4;12;2016;16:25;5322;AV DUQ CAXIAS;AV IMPERADOR;;;;Colisão;Luz do Dia;;;Cruz;Semáforo;Comercial;0;1;0;0;0;0;0;0;0;0;0;0;-38,535297;-3,730048
300737;4;12;2016;16:35;0;AV FRE CIRILO;;;3611;;Colisão;Luz do Dia;;;Meio de Quadra;;;0;1;0;1;0;0;0;0;0;1;0;0;-38,498045;-3,815868
300738;4;12;2016;16:40;0;RUA JOSE MENDONCA;;;460;;Colisão;Luz do Dia;;;Meio de Quadra;;;0;1;0;1;0;1;0;0;0;0;0;0;-38,602464;-3,758618
300740;4;12;2016;16:52;0;AV SEN FERNANDES TAVORA;;;;;Queda;Luz do Dia;;;Meio de Quadra;;;0;1;0;0;0;0;0;0;0;1;0;0;;
300749;4;12;2016;18:40;0;RUA TAILANDIA;;;271;;Queda;;;;Meio de Quadra;;;0;1;0;0;0;0;0;0;0;1;0;0;;
300719;4;12;2016;11:47;0;RUA CON DE CASTRO;;;990;;Colisão;Luz do Dia;;;Meio de Quadra;;;0;1;0;0;0;0;1;0;0;1;0;0;-38,570466;-3,781783
300720;4;12;2016;12:14;0;AV COS GOMES DE FREITAS (SAPIRANGA/COITE);;;3340;;Colisão;Luz do Dia;;;Meio de Quadra;;;0;1;0;1;0;0;0;0;0;1;0;0;-38,477335;-3,795479
300711;4;12;2016;08:57;0;RUA LINEU JUCA;;;313;;Colisão;Luz do Dia;;;Meio de Quadra;;;0;1;0;1;0;0;0;0;0;1;0;0;-38,534025;-3,768564
300729;4;12;2016;15:06;0;RUA BARBOSA DE FREITAS;;;2939;;Queda;Luz do Dia;;;Meio de Quadra;;;0;1;0;0;0;0;0;0;0;1;0;0;-38,502447;-3,752728
300730;4;12;2016;15:34;0;RUA JOAO CORDEIRO;;;1534;;Atropelamento;Luz do Dia;;;Meio de Quadra;;;0;1;0;1;0;0;0;0;0;0;0;0;-38,515738;-3,733952
300731;4;12;2016;15:42;0;RUA JOAO CORDEIRO;;;1545;;Colisão;Luz do Dia;;;Meio de Quadra;;;0;1;0;1;0;0;0;0;0;0;0;0;-38,515739;-3,733957
300714;4;12;2016;10:06;0;AV JOSE BASTOS;;;4160;;Colisão;Luz do Dia;;;Meio de Quadra;;;0;1;0;1;0;0;0;0;0;1;0;0;-38,554763;-3,7543
300715;4;12;2016;11:14;0;RUA OSCAR ARARIPE;;;1266;;Colisão;Luz do Dia;;;Meio de Quadra;;;0;1;0;0;0;0;0;0;0;0;0;0;-38,602598;-3,790147
300707;4;12;2016;08:00;0;RUA JOSE ALVES CAVALCANTE;;;1165;;Colisão;Luz do Dia;;;Meio de Quadra;;;0;1;0;0;0;0;0;0;0;0;0;0;;
300708;4;12;2016;08:37;0;RUA VASCO DE ATAIDE;;;;;Colisão;Luz do Dia;;;Meio de Quadra;;;0;1;0;1;0;0;0;0;0;1;0;0;;
300699;4;12;2016;06:41;0;RUA SEN POMPEU;;;133;;Atropelamento;Luz do Dia;;;Meio de Quadra;;;0;1;0;0;0;0;0;0;0;1;0;0;;
300744;4;12;2016;18:28;0;RUA 15 DE NOVEMBRO;;;484;;Colisão;Anoitecer;;;Meio de Quadra;;;0;1;0;0;0;0;0;0;0;0;0;0;-38,555861;-3,768934
300796;4;12;2016;21:05;0;RUA TERESINA;;;313;;Queda;;;;Meio de Quadra;;;0;1;0;0;0;0;0;0;0;1;0;0;-38,591015;-3,757995
300797;4;12;2016;21:41;0;AV PRS CASTELO BRANCO;;;2226;;Atropelamento;;;;Meio de Quadra;;;0;1;0;0;0;0;0;0;0;1;0;0;-38,547863;-3,713949
300798;4;12;2016;22:33;0;RUA HAROLDO TORRES;;;2929;;Atropelamento;;;;Meio de Quadra;;;0;1;0;0;0;0;0;0;0;1;0;0;;
300800;4;12;2016;23:28;0;AV COS GOMES DE FREITAS (SAPIRANGA/COITE);;;;;Queda;;;;Meio de Quadra;;;0;1;0;0;0;0;0;0;0;1;0;0;;
300791;4;12;2016;20:54;0;AV H CJ CEARA;;;1001;;Queda;;;;Meio de Quadra;;;0;1;0;0;0;0;0;0;0;1;0;0;;
300788;4;12;2016;20:18;0;AV RAD JOSE LIMA VERDE;;;;;Colisão;;;;Meio de Quadra;;;0;1;0;0;0;0;0;0;0;0;0;0;;
300789;4;12;2016;20:27;0;AV PRS CASTELO BRANCO;;;6427;;Colisão;;;;Meio de Quadra;;;0;1;0;1;0;0;0;0;0;1;0;0;;
300785;4;12;2016;20:04;0;RUA JARDIM DO EDEN;;;2414;;Colisão;;;;Meio de Quadra;;;0;1;0;0;0;0;0;0;0;0;0;0;;
300779;4;12;2016;19:03;0;AV JOSE LEON;;;754;;Atropelamento;;;;Meio de Quadra;;;0;1;0;0;0;0;0;0;0;1;0;0;-38,504756;-3,787004
300780;4;12;2016;19:11;0;RUA ALMEIDA PRADO;;;;;Queda;;;;Meio de Quadra;;;0;1;0;0;0;0;0;0;0;1;0;0;;
300781;4;12;2016;19:24;0;RUA JOAQUIM PEREIRA;;;484;;Colisão;;;;Meio de Quadra;;;0;1;0;1;0;0;0;0;0;1;0;0;;
300782;4;12;2016;19:44;0;RUA CAP MELO;;;614;;Colisão;;;;Meio de Quadra;;;0;2;0;0;0;0;0;0;0;0;0;0;;
300775;4;12;2016;18:51;0;RUA CANDIDO MAIA;;;294;;Atropelamento;;;;Meio de Quadra;;;0;1;0;1;0;0;0;0;0;0;0;0;;