COD_ACIDENTE;DIA;MES;ANO;HORA;INTERSECAO;LOG1;LOG2;LOG3;NUMERO;REFERENCIA;NATUREZA;ILUMINACAO;TEMPO;SUPERFICIEPISTA;TIPOCRUZAMENTO;CONTROLETRAFEGO;USOSOLO;MORTOS;FERIDOS;ILESOS;AUTOMOVEL;ONIBUS;BICICLETA;CAMINHAO;MICROONIBUS;CICLOMOTOR;MOTOCICLETA;TRACAOANIMAL;TREM;LONG;LAT
302868;4;12;2016;07:43;0;AV IMPERADOR;;;293;;Colisão Traseira;Luz do Dia;Bom;Seca;Meio de Quadra;Semáforo;Comercial;0;0;2;1;0;0;0;0;0;1;0;0;-38,533452;-3,723817
302869;4;12;2016;08:56;3423;AV JOAO PESSOA;RUA ALVARO FERNANDES;;0;;Colisão Traseira;Luz do Dia;Bom;Seca;Cruz;Semáforo;Residencial;0;0;2;1;1;0;0;0;0;0;0;0;-38,555648;-3,759317
302870;4;12;2016;07:00;0;RUA JARDIM FLUMINENSE;;;1558;;Choque c/ Obstáculo Fixo;Luz do Dia;Bom;Seca;Meio de Quadra;Não Há Controle;Residencial;0;0;1;1;0;0;0;0;0;0;0;0;-38,60277;-3,809851
302871;4;12;2016;15:09;0;RUA CARLOS GONDIM;;;219;;Colisão Lateral;Luz do Dia;Bom;Seca;Meio de Quadra;Não Há Controle;Residencial;0;0;2;0;0;0;0;0;0;1;0;0;;
302872;4;12;2016;15:32;0;RUA IRM BAZET;;;269;;Colisão Lateral;Luz do Dia;Bom;Seca;Meio de Quadra;Não Há Controle;Residencial;0;0;1;1;0;0;0;0;0;0;0;0;-38,554946;-3,762119
302874;4;12;2016;20:23;23731;RUA DOM HENRIQUE;RUA ANTONIO COSTA MENDES (PQ SÃO JOSÉ);;;;Colisão Transversal;Via Iluminada;Bom;Seca;Cruz;Pare;Comercial;0;1;0;1;0;0;0;0;0;1;0;0;-38,581496;-3,787556
302875;4;12;2016;20:25;0;RUA JULIO SIQUEIRA;RUA OSVALDO CRUZ;;0;;Colisão Transversal;Via Iluminada;Bom;Seca;Cruz;Pare;Residencial;0;0;2;1;0;0;0;0;0;0;0;0;;
302876;4;12;2016;21:34;0;RUA NELSON COELHO;;;291;;Colisão Lateral;Anoitecer;Bom;Seca;Cruz;Pare;Comercial;0;0;2;1;0;0;0;0;0;0;0;0;-38,463794;-3,828068
302072;4;12;2016;21:45;0;AV OLIVEIRA PAIVA;;;941;;Colisão Traseira;Via Iluminada;Bom;Seca;Meio de Quadra;Não Há Controle;Comercial;0;0;2;1;0;0;0;0;0;0;0;0;-38,498373;-3,796449
292522;4;12;2016;02:13;0;AV GAL OSORIO DE PAIVA;;;6297;;Colisão;;;;Meio de Quadra;;;1;0;1;0;0;0;0;0;0;1;0;0;-38,607921;-3,810793
292526;4;12;2016;17:12;0;AV JOAO PESSOA;;;3619;;Colisão;Anoitecer;;;Meio de Quadra;;;1;0;1;0;1;1;0;0;0;0;0;0;-38,544025;-3,74634
292707;4;12;2016;15:00;0;RUA RAIMUNDO FROTA;;;664;;Colisão Lateral;Luz do Dia;;;Meio de Quadra;;;0;1;1;0;0;0;0;0;0;1;0;0;-38,587721;-3,714634
292708;4;12;2016;09:00;0;RUA JOSE ALVES CAVALCANTE;;;1072;;Choque c/ Obstáculo Fixo;Luz do Dia;;;Meio de Quadra;;;0;1;0;1;0;0;0;0;0;0;0;0;;
292705;4;12;2016;07:30;5177;RUA SEN POMPEU;RUA SAO PAULO;;;;Colisão Lateral;Luz do Dia;;;Cruz;Semáforo;Comercial;0;1;1;1;0;0;0;0;0;0;0;0;-38,529196;-3,725486
292724;4;12;2016;20:30;0;RUA BERNARDO MANUEL;;;10575;;Colisão Lateral;;;;Meio de Quadra;;;0;0;2;1;0;0;0;0;0;1;0;0;-38,555328;-3,811638
292732;4;12;2016;18:00;0;AV PRS CASTELO BRANCO;;;3127;;Colisão Traseira;Anoitecer;;;Meio de Quadra;;;0;0;4;1;0;0;0;0;0;0;0;0;-38,557946;-3,711438
292749;4;12;2016;11:45;17426;RUA ALBERTO MAGNO;RUA ELVIRA PINHO;;;;Colisão Lateral;Luz do Dia;;;Cruz;Semáforo;Comercial;0;0;2;1;0;0;0;0;0;0;0;0;-38,552656;-3,768489
292747;4;12;2016;14:50;0;AV JOVITA FEITOSA;;;303;;Colisão Traseira;Luz do Dia;;;Meio de Quadra;;;0;0;3;1;0;0;0;0;0;0;0;0;-38,5467;-3,737838
292739;4;12;2016;19:50;0;RUA JOSE MENELEU D41;;;305;;Colisão Traseira;;;;Meio de Quadra;;;0;0;2;1;0;0;0;0;0;0;0;0;-38,559803;-3,783166
292741;4;12;2016;23:30;22990;AV DR SILAS MUNGUBA;RUA AMERICO VESPUCIO;;;;Colisão Frontal;;;;Cruz;Pare;Comercial;0;0;2;1;0;0;0;0;0;0;0;0;;
292743;4;12;2016;09:50;17310;RUA ALBERTO MAGNO;RUA ALVARO FERNANDES;;;;Colisão Traseira;Luz do Dia;;;Cruz;Semáforo;Comercial;0;1;1;1;0;0;0;0;0;1;0;0;-38,549422;-3,764244
292745;4;12;2016;12:30;0;AV BORGES DE MELO;;;194;;Colisão Transversal;Luz do Dia;;;Meio de Quadra;;;0;1;1;1;0;0;0;0;0;1;0;0;-38,520773;-3,761269
292715;5;12;2016;19:00;12384;RUA RIO GRANDE DO SUL;RUA PLUTAO;;;;Colisão Lateral;Via Iluminada;Bom;Seca;Cruz;Pare;Comercial;0;0;2;1;0;0;0;0;0;0;0;0;;
292534;5;12;2016;09:30;0;AV SEN FERNANDES TAVORA;;;1010;;Atropelamento;Luz do Dia;;;Meio de Quadra;;;1;0;1;0;0;0;0;0;0;1;0;0;-38,582211;-3,762159
292766;5;12;2016;07:50;14341;AV PRS CASTELO BRANCO;RUA SEN POMPEU;;;;Colisão Lateral;Luz do Dia;;;T;Não Há Controle;Comercial;0;1;1;0;0;0;0;0;0;1;0;0;-38,527917;-3,72107
292774;5;12;2016;20:50;12938;AV JOAO DE ARAUJO LIMA;RUA 10 CJ JOSE WALTER;;;;Colisão Lateral;;;;Cruz;Outros;Comercial;0;1;2;1;0;0;0;0;0;1;0;0;-38,558351;-3,822378
292777;5;12;2016;19:30;0;AV PRS COSTA E SILVA;;;5569;;Colisão Traseira;;;;Meio de Quadra;;;0;0;3;1;0;0;0;0;0;0;0;0;;
292794;5;12;2016;18:00;0;RUA CEL MATOS DOURADO;;;1281;;Colisão Lateral;Anoitecer;;;Meio de Quadra;;;0;2;0;0;0;0;0;0;0;1;0;0;-38,584109;-3,750263
292809;5;12;2016;16:10;0;AV BAR STUDART;;;1966;;Colisão Lateral;Luz do Dia;;;Meio de Quadra;;;0;0;2;1;1;0;0;0;0;0;0;0;-38,508554;-3,740703
302877;5;12;2016;07:04;7766;AV ANTONIO SALES;RUA TIBURCIO CAVALCANTE;;0;;Colisão Lateral;Luz do Dia;Bom;Seca;Cruz;Semáforo;Comercial;0;0;1;1;0;0;0;0;0;1;0;0;-38,505333;-3,744543
302878;5;12;2016;08:42;0;AV MON TABOSA;;;643;;Colisão Traseira;Luz do Dia;Bom;Seca;Meio de Quadra;Não Há Controle;Comercial;0;0;2;1;0;0;0;0;0;0;0;0;-38,513647;-3,72394
302879;5;12;2016;09:26;0;RUA RIO GRANDE DO NORTE;RUA TIBIRICA;;0;;Colisão Lateral;Luz do Dia;Bom;Seca;T;Pare;Comercial;0;0;2;1;0;0;0;0;0;0;0;0;;
302880;5;12;2016;09:15;15233;RUA JULIO IBIAPINA;RUA JUAZEIRO DO NORTE;;0;;Colisão Lateral;Luz do Dia;Bom;Seca;Cruz;Não Há Controle;Comercial;0;0;2;1;0;0;0;0;0;0;0;0;-38,491155;-3,727527
302881;5;12;2016;09:49;0;RUA BENI DE CARVALHO;;;120;;Colisão Traseira;Luz do Dia;Bom;Seca;Cruz;Semáforo;Residencial;0;0;3;1;0;0;0;0;0;0;0;0;-38,499812;-3,744441
302882;5;12;2016;11:33;11191;AV DR SILAS MUNGUBA;RUA JOSE MENELEU D41;;0;;Colisão Lateral;Luz do Dia;Bom;Seca;Cruz;Semáforo;Comercial;0;1;1;1;0;0;0;0;0;1;0;0;-38,558016;-3,780972
302920;5;12;2016;20:05;3814;RUA PAULINO NOGUEIRA;RUA WALDERY UCHOA;;0;;Colisão Lateral;Via Iluminada;Bom;Seca;Cruz;Pare;Residencial;0;0;2;1;0;0;0;0;0;0;0;0;-38,538372;-3,743449
302884;5;12;2016;13:57;0;RUA PRO HERIBALDO COSTA;;;680;;Colisão Lateral;Luz do Dia;Bom;Seca;T;Pare;Residencial;0;0;1;1;0;0;0;0;0;1;0;0;;
302885;5;12;2016;13:12;0;RUA CAP ARAGAO;;;501;;Colisão Transversal;Luz do Dia;Bom;Seca;Meio de Quadra;Pare;Residencial;0;1;2;0;0;0;0;0;0;0;0;0;-38,513593;-3,765003
302886;5;12;2016;16:17;0;AV GAL OSORIO DE PAIVA;;;4753;;Colisão Lateral;Luz do Dia;Bom;Seca;Meio de Quadra;Não Há Controle;Residencial;0;0;2;1;1;0;0;0;0;0;0;0;-38,59806;-3,80059
302887;5;12;2016;13:48;3883;AV DOS EXPEDICIONARIOS;RUA COSTA SOUZA;;0;;Colisão Lateral;Luz do Dia;Bom;Seca;T;Pare;Residencial;0;1;1;0;0;0;0;0;0;1;0;0;-38,535932;-3,747745
302888;5;12;2016;16:10;0;RUA FRE MANSUETO;;;934;;Colisão Transversal;Luz do Dia;Bom;Seca;Meio de Quadra;Não Há Controle;Comercial;0;0;1;1;0;0;0;0;0;0;0;0;-38,48879;-3,732507
302889;5;12;2016;17:04;22940;RUA JAPI;RUA BERNARDO MANUEL;;;;Colisão Transversal;Luz do Dia;Bom;Seca;Cruz;Pare;Residencial;0;3;0;1;0;0;0;0;0;1;0;0;-38,546927;-3,784073
302890;5;12;2016;18:56;13771;AV PINTO BANDEIRA D56;RUA LUIZA MIRANDA COELHO;;0;;Colisão Lateral;Via Iluminada;Bom;Seca;Cruz;Pare;Residencial;0;0;2;1;0;0;0;0;0;0;0;0;-38,487283;-3,774929
302891;5;12;2016;18:00;0;AV SANTOS DUMONT;;;0;;Colisão Traseira;Via Iluminada;Bom;Seca;Meio de Quadra;Não Há Controle;Comercial;0;0;2;1;0;0;0;0;0;0;0;0;;
303328;5;12;2016;13:06;0;RUA JOSE MOREIRA;;;373;;Colisão;Luz do Dia;;;Meio de Quadra;;;0;1;0;1;0;0;0;0;0;1;0;0;;
303326;5;12;2016;13:05;0;RUA ZACARIAS FLORINDO;;;404;;Colisão;Luz do Dia;;;Meio de Quadra;;;0;1;0;1;0;0;0;0;0;1;0;0;;
303318;5;12;2016;10:04;0;AV ANTONIO SALES;;;3145;;Queda;Luz do Dia;;;Meio de Quadra;;;0;1;0;0;0;0;0;0;0;1;0;0;-38,495982;-3,747443
303319;5;12;2016;12:14;0;RUA PRO HERIBALDO COSTA;;;680;;Colisão;Luz do Dia;;;Meio de Quadra;;;0;1;0;1;0;0;0;0;0;1;0;0;;
303320;5;12;2016;12:54;0;AV DOM MANUEL;;;;;Colisão;Luz do Dia;;;Meio de Quadra;;;0;1;0;0;0;0;0;0;0;0;0;0;;
303341;5;12;2016;14:21;0;RUA TIJUBANA;;;531;;Colisão;Luz do Dia;;;Meio de Quadra;;;0;1;0;0;0;0;0;0;0;0;0;0;-38,540678;-3,720264
303394;5;12;2016;22:37;0;RUA PRO HERIBALDO COSTA;;;129;;Queda;;;;Meio de Quadra;;;0;1;0;0;0;1;0;0;0;0;0;0;-38,582145;-3,754276
303390;5;12;2016;20:48;19713;RUA DOM LINO;RUA AZEVEDO BOLAO;;;;Colisão;;;;Cruz;Pare;Residencial;0;1;0;0;0;0;0;0;0;0;0;0;-38,557088;-3,736529
303373;5;12;2016;19:55;0;RUA BARBOSA DE FREITAS;;;;;Atropelamento;;;;Meio de Quadra;;;0;1;0;0;0;0;0;0;0;1;0;0;;
303379;5;12;2016;20:06;0;RUA JOAQUIM NABUCO;;;2500;;Colisão;;;;Meio de Quadra;;;0;1;0;1;0;0;0;0;0;0;0;0;-38,505142;-3,747279
303380;5;12;2016;20:22;0;AV WASHINGTON SOARES;;;5353;;Queda;;;;Meio de Quadra;;;0;1;0;0;0;1;0;0;0;0;0;0;-38,479043;-3,806914
303376;5;12;2016;19:57;0;AV PRS JUSCELINO KUBITSCHEK (PASSARÉ);;;;;Colisão;;;;Meio de Quadra;;;0;1;0;0;0;0;0;0;0;1;0;0;;
303353;5;12;2016;16:23;0;AV 13 DE MAIO;;;2881;;Colisão;Luz do Dia;;;Meio de Quadra;;;0;1;0;0;0;0;0;0;0;1;0;0;-38,54108;-3,739281
303363;5;12;2016;16:31;0;AV SEN FERNANDES TAVORA;;;1255;;Colisão;Luz do Dia;;;Meio de Quadra;;;0;1;0;1;0;0;0;0;0;1;0;0;-38,583883;-3,761268
303365;5;12;2016;17:44;0;AV JOSE BASTOS;;;;;Colisão;Anoitecer;;;Meio de Quadra;;;0;1;0;1;0;0;0;0;0;1;0;0;;
303368;5;12;2016;18:47;0;AV GAL OSORIO DE PAIVA;;;7560;;Queda;;;;Meio de Quadra;;;0;1;0;0;0;0;0;0;0;1;0;0;-38,615154;-3,81823
303369;5;12;2016;18:57;0;RUA ALAGOAS;;;2624;;Colisão;;;;Meio de Quadra;;;0;2;0;1;0;0;0;0;0;1;0;0;-38,575932;-3,754393
303370;5;12;2016;18:28;0;RUA VIA LACTEA;;;51;;Colisão;Anoitecer;;;Meio de Quadra;;;0;1;0;0;0;0;0;0;0;0;0;0;;
303371;5;12;2016;19:28;0;AV PASTEUR;;;1141;;Colisão;;;;Meio de Quadra;;;0;1;0;0;0;0;0;0;0;0;0;0;-38,560342;-3,715655
303349;5;12;2016;15:56;3419;AV JOAO PESSOA;RUA MIGUEL GONCALVES;;;;Colisão Lateral;Luz do Dia;;;Cruz;Pare;Comercial;0;3;0;1;1;0;0;0;0;1;0;0;-38,55508;-3,75871
303343;5;12;2016;15:20;0;RUA VALPARAISO;;;160;;Colisão;Luz do Dia;;;Meio de Quadra;;;0;1;0;0;0;0;0;0;0;0;0;0;;
303339;5;12;2016;14:19;0;AV DOM MANUEL;;;126;;Colisão;Luz do Dia;;;Meio de Quadra;;;0;1;0;1;0;1;0;0;0;0;0;0;-38,520089;-3,725166
300801;5;12;2016;03:25;0;AV WASHINGTON SOARES;;;;;Queda;;;;Meio de Quadra;;;0;1;0;0;0;0;0;0;0;1;0;0;;
300802;5;12;2016;05:49;6752;RUA PRO OTAVIO LOBO;AV SANTOS DUMONT;;;;Colisão;Amanhecer;;;Cruz;Semáforo;Residencial;0;2;0;0;0;0;0;0;0;0;0;0;-38,477829;-3,742845
300803;5;12;2016;06:54;0;RUA EMILIO DE MENESES;;;1301;;Colisão;Luz do Dia;;;Meio de Quadra;;;0;1;0;1;0;0;0;0;0;1;0;0;-38,593139;-3,78014
300804;5;12;2016;07:02;0;RUA ENG LUIS MONTENEGRO;;;434;;Queda;Luz do Dia;;;Meio de Quadra;;;0;1;0;0;0;0;0;0;0;1;0;0;;
300805;5;12;2016;07:19;3993;RUA ALBERTO MAGNO;RUA DULCINEIA GONDIM;;;;Colisão Lateral;Luz do Dia;Bom;Seca;Cruz;Pare;Comercial;0;1;3;1;0;0;0;0;0;1;0;0;-38,54512;-3,759321
300806;5;12;2016;07:26;0;RUA ANTERO QUENTAL;;;100;;Queda;Luz do Dia;;;Meio de Quadra;;;0;1;0;0;0;0;0;0;0;1;0;0;;
300807;5;12;2016;08:39;25125;RUA DNA LEOPOLDINA;RUA ROCHA LIMA;;331;;Colisão Transversal;Luz do Dia;Nublado;Seca;Cruz;Pare;Comercial;0;1;3;1;0;0;0;0;0;1;0;0;-38,521427;-3,736665
300808;5;12;2016;09:10;0;AV ENG HUMBERTO MONTE;;;811;;Colisão;Luz do Dia;;;Meio de Quadra;;;0;1;0;1;0;0;0;0;0;1;0;0;-38,558556;-3,751543
300809;5;12;2016;09:36;0;RUA SENA MADUREIRA;;;607;;Atropelamento;Luz do Dia;;;Meio de Quadra;;;0;1;0;0;0;0;0;0;0;1;0;0;;
300810;5;12;2016;09:59;0;AV SEN FERNANDES TAVORA;;;275;;Colisão;Luz do Dia;;;Meio de Quadra;;;0;1;0;1;0;0;0;0;0;1;0;0;;
300562;5;12;2016;17:40;0;RD CE-040;;;;KM-04;Colisão;Anoitecer;Bom;Seca;Meio de Quadra;;;0;0;2;1;0;0;0;0;0;0;0;0;-38,481084;-3,782614
300560;5;12;2016;14:50;0;RD CE-040;;;;KM-07;Colisão;Luz do Dia;Bom;Seca;Meio de Quadra;;;0;0;2;1;0;0;0;0;0;0;0;0;-38,478733;-3,809597
292825;5;12;2016;19:45;21122;RUA ALAGOAS;RUA PIRATININGA;;;;Colisão Transversal;;;;Cruz;Não Há Controle;Residencial;0;1;2;1;0;0;0;0;0;1;0;0;-38,575874;-3,754452
292840;5;12;2016;10:00;3356;AV ENG HUMBERTO MONTE;RUA MAJ PEDRO SAMPAIO;;;;Colisão Lateral;Luz do Dia;;;Cruz;Pare;Comercial;0;1;1;1;0;0;0;0;0;1;0;0;-38,558609;-3,751481
292886;5;12;2016;10:06;9191;RUA MARIO MAMEDE;RUA MARTINHO RODRIGUES;;;;Colisão Lateral;Luz do Dia;;;Cruz;Pare;Residencial;0;0;2;1;0;0;0;0;0;0;0;0;-38,526088;-3,753845
292867;5;12;2016;14:20;0;AV DR SILAS MUNGUBA;;;409;;Colisão Traseira;Luz do Dia;;;Meio de Quadra;;;0;0;2;1;0;0;0;0;0;1;0;0;-38,561629;-3,777873
292900;5;12;2016;10:30;5235;RUA PRC ISABEL;RUA PEDRO PEREIRA;;;;Colisão Frontal;Luz do Dia;;;Cruz;Pare;Misto;0;0;2;1;0;0;0;0;0;0;0;0;-38,535705;-3,727353
292921;5;12;2016;14:15;5836;RUA FERNANDO PINHEIRO;RUA CHICO LEMOS;;;;Colisão;Luz do Dia;;;;;;0;0;2;1;0;0;0;0;0;0;0;0;-38,499082;-3,791402
292966;5;12;2016;02:00;0;AV SGT HERMINIO SAMPAIO;;;2315;;Colisão Transversal;;;;Meio de Quadra;;;0;0;2;1;0;0;0;0;0;0;0;0;-38,56124;-3,726503
292928;5;12;2016;14:20;277;RUA TIP SALES;AV JOVITA FEITOSA;;;;Colisão Transversal;Luz do Dia;;;T;Pare;Escola;0;0;2;1;0;0;0;0;0;1;0;0;-38,564015;-3,741401
292938;5;12;2016;06:50;2536;RUA CESAR CORREIA;AV 20 DE JANEIRO;;;;Colisão Transversal;Luz do Dia;;;;;;0;0;2;0;0;0;0;0;0;1;0;0;-38,57282;-3,710546
295406;5;12;2016;10:50;0;RUA JOAQUIM FROTA;;;520;;Choque c/ Obstáculo Fixo;Luz do Dia;Bom;Seca;Meio de Quadra;Não Há Controle;Residencial;0;0;1;0;0;0;0;0;0;0;0;0;-38,474689;-3,801578
295398;5;12;2016;16:20;8025;AV JOAO PESSOA;RUA PRO COSTA MENDES;;;;Colisão;Luz do Dia;;;Cruz;Semáforo Intermitente;Comercial;0;1;1;0;1;0;0;0;0;1;0;0;-38,549441;-3,752393
295404;5;12;2016;11:40;14665;RUA PDE JANUARIO CAMPOS;RUA DES AVELAR;;;;Colisão;Luz do Dia;;;Cruz;Pare;Residencial;0;1;1;1;0;0;0;0;0;0;0;0;;
295396;5;12;2016;15:10;0;AV DOM MANUEL;;;126;;Colisão Lateral;Luz do Dia;Nublado;Seca;Meio de Quadra;Semáforo;Comercial;0;0;3;0;1;0;0;0;0;0;0;0;-38,520089;-3,725166
295409;6;12;2016;09:55;0;AV ENG HUMBERTO MONTE;;;1245;;Colisão Traseira;Luz do Dia;Bom;Seca;Meio de Quadra;Não Há Controle;Comercial;0;1;3;1;0;0;0;0;0;1;0;0;-38,560982;-3,748475
295410;6;12;2016;13:20;0;AV A CJ CEARA;;;1028;;Colisão;Luz do Dia;;;Meio de Quadra;;;0;0;2;0;0;0;0;0;0;0;0;0;-38,604603;-3,770328
295412;6;12;2016;15:16;0;RUA SANDRA GENTIL;;;281;;Colisão Lateral;Luz do Dia;Bom;Seca;Meio de Quadra;Não Há Controle;Residencial;0;2;4;1;0;0;0;0;0;1;0;0;;
295413;6;12;2016;09:00;6253;RUA 1024 CJ CEARA;AV J CJ CEARA;;;;Atropelamento;Luz do Dia;;;;;;0;1;0;0;0;0;0;0;0;0;0;1;-38,616837;-3,768894
295414;6;12;2016;10:36;17435;RUA ALBERTO MAGNO;RUA PRO TEODORICO;;;;Colisão Lateral;Luz do Dia;Nublado;Seca;Cruz;Pare;Residencial;0;2;5;1;0;0;0;0;0;0;0;0;-38,552834;-3,768977
295982;6;12;2016;08:40;0;RD BR 116;;;1000;KM-01;Colisão Lateral;Luz do Dia;;;Meio de Quadra;;;0;1;1;0;0;0;0;0;0;1;0;0;-38,518702;-3,762554
300661;6;12;2016;09:40;0;RD CE-040;;;;KM-07;Colisão;Luz do Dia;Bom;Seca;Meio de Quadra;;;0;0;2;0;0;0;0;0;0;1;0;0;-38,478733;-3,809597
300662;6;12;2016;15:40;0;RD CE-040;;;;KM-05;Atropelamento;Luz do Dia;Bom;Seca;Meio de Quadra;;;0;2;0;0;0;0;0;0;0;1;0;0;-38,480331;-3,791613
291955;6;12;2016;22:00;0;RUA AQUIRAZ;;;380;;Colisão Lateral Sentido Oposto;Via Iluminada;Bom;Seca;Meio de Quadra;Outros;Residencial;0;1;1;1;0;0;0;0;0;1;0;0;-38,546916;-3,757617
303396;6;12;2016;06:15;0;AV ANTONIO SALES;;;3060;;Queda;Luz do Dia;;;Meio de Quadra;;;0;1;0;0;0;0;0;0;0;1;0;0;-38,496944;-3,747135
303421;6;12;2016;11:40;0;RUA DOM CARLOTO TAVORA;;;305;;Colisão;Luz do Dia;;;Meio de Quadra;;;0;1;0;1;0;0;0;0;0;1;0;0;-38,557278;-3,769472
303422;6;12;2016;12:56;0;RUA JOAQUIM ALBANO;;;378;;Colisão;Luz do Dia;;;Meio de Quadra;;;0;1;0;1;0;0;0;0;0;1;0;0;;
303423;6;12;2016;13:01;0;AV SGT HERMINIO SAMPAIO;;;3690;;Colisão;Luz do Dia;;;Meio de Quadra;;;0;1;0;1;0;0;0;0;0;1;0;0;-38,573404;-3,729215
303412;6;12;2016;09:32;0;RUA ALAGOAS;;;1637;;Colisão;Luz do Dia;;;Meio de Quadra;;;0;1;0;1;0;0;0;0;0;1;0;0;-38,57179;-3,75885
303413;6;12;2016;09:55;0;RUA TOMAS RODRIGUES;;;100;;Queda;Luz do Dia;;;Meio de Quadra;;;0;1;0;0;0;0;0;0;0;1;0;0;-38,594295;-3,737399
303399;6;12;2016;03:01;0;AV OLAVO BILAC;;;1173;;Queda;;;;Meio de Quadra;;;0;1;0;0;0;0;0;0;0;1;0;0;-38,564663;-3,731115
303405;6;12;2016;07:11;0;RUA JOR ANTONIO P TAVARES;;;809;;Colisão;Luz do Dia;;;Meio de Quadra;;;0;2;0;1;0;0;0;0;0;1;0;0;-38,510953;-3,812043
303408;6;12;2016;07:50;0;RUA PDE ANCHIETA;;;342;;Colisão;Luz do Dia;;;Meio de Quadra;;;0;1;0;1;0;0;0;0;0;1;0;0;-38,550524;-3,723015
303415;6;12;2016;09:57;0;AV PERIMETRAL;;;;;Colisão;Luz do Dia;;;Meio de Quadra;;;0;2;0;0;0;0;0;0;0;0;0;0;;
303428;6;12;2016;13:06;0;RUA DRACON BARRETO;;;380;;Colisão;Luz do Dia;;;Meio de Quadra;;;0;1;0;1;0;0;0;0;0;1;0;0;;
303429;6;12;2016;13:12;7982;RUA CARLOS CAMARA;RUA MAJ WEYNE;;;;Colisão;Luz do Dia;;;Cruz;Não Há Controle;Residencial;0;1;0;1;0;0;0;0;0;1;0;0;-38,544497;-3,7486
303453;6;12;2016;15:15;0;AV DEP PAULINO ROCHA;;;3907;;Colisão;Luz do Dia;;;Meio de Quadra;;;0;1;0;0;0;0;1;0;0;1;0;0;;
303456;6;12;2016;15:47;0;AV BEZERRA DE MENEZES;;;;;Colisão;Luz do Dia;;;Meio de Quadra;;;0;1;0;0;0;0;1;0;0;1;0;0;;
303475;6;12;2016;18:15;0;AV GAL OSORIO DE PAIVA;;;1127;;Queda;Anoitecer;;;Meio de Quadra;;;0;1;0;0;0;0;0;0;0;1;0;0;-38,57209;-3,779151
303496;6;12;2016;22:37;0;RUA BERNARDO MANUEL;;;7917;;Colisão;;;;Meio de Quadra;;;0;1;0;0;0;0;0;0;0;0;0;0;-38,548066;-3,787817
303497;6;12;2016;23:04;0;AV ROGACIANO LEITE;;;1088;;Colisão;;;;Meio de Quadra;;;0;1;0;0;0;0;0;0;0;1;0;0;;
303489;6;12;2016;18:48;0;RUA JULIO BRAGA;;;1356;;Colisão;;;;Meio de Quadra;;;0;1;0;0;0;0;0;0;0;1;0;0;-38,583063;-3,774376
303490;6;12;2016;19:29;0;RUA BAR AQUIRAZ;;;1660;;Colisão;;;;Meio de Quadra;;;0;1;0;1;0;0;0;0;0;1;0;0;-38,484274;-3,841579
303491;6;12;2016;20:01;0;RUA DA SAUDADE (MONTESE);;;526;;Colisão;;;;Meio de Quadra;;;0;1;0;0;0;0;0;0;0;0;0;0;-38,547116;-3,768761
303492;6;12;2016;21:15;0;RUA NEREIDE;;;974;;Colisão;;;;Meio de Quadra;;;0;1;0;0;0;0;0;0;0;1;0;0;;
303493;6;12;2016;22:32;0;RUA VIS CAUIPE;;;138;;Colisão;;;;Meio de Quadra;;;0;1;0;0;0;0;0;0;0;0;0;0;-38,580116;-3,774917
303494;6;12;2016;22:36;0;RUA MAJ TELESFORO;;;24;;Atropelamento;;;;Meio de Quadra;;;0;1;0;1;0;0;0;0;0;0;0;0;;
303479;6;12;2016;18:29;0;AV ALBERTO CRAVEIRO;;;;;Colisão;Anoitecer;;;Meio de Quadra;;;0;1;0;0;0;0;0;0;0;1;0;0;;
303480;6;12;2016;18:36;0;AV JOAO PESSOA;;;6886;;Colisão;;;;Meio de Quadra;;;0;2;0;1;0;0;0;0;0;1;0;0;-38,561093;-3,770351
303468;6;12;2016;17:39;0;AV PRS CASTELO BRANCO;;;;;Queda;Anoitecer;;;Meio de Quadra;;;0;1;0;0;0;0;0;0;0;1;0;0;;
303469;6;12;2016;17:55;0;AV GODOFREDO MACIEL;;;;;Atropelamento;Anoitecer;;;Meio de Quadra;;;0;1;0;1;0;0;0;0;0;0;0;0;;
303458;6;12;2016;16:07;0;RUA GUILHERME MOREIRA;;;830;;Colisão;Luz do Dia;;;Meio de Quadra;;;0;1;0;1;0;0;0;0;0;1;0;0;;
303459;6;12;2016;16:48;0;RUA MUNIZ FREIRE;;;637;;Colisão;Luz do Dia;;;Meio de Quadra;;;0;1;0;1;0;0;0;0;0;1;0;0;;
303460;6;12;2016;17:03;0;RUA CAP ARAGAO;;;;;Atropelamento;Anoitecer;;;Meio de Quadra;;;0;1;0;1;0;0;0;0;0;0;0;0;;
303461;6;12;2016;17:07;0;RUA CEZIDIO ALBUQUERQUE;;;239;;Colisão;Anoitecer;;;Meio de Quadra;;;0;1;0;1;0;0;0;0;0;1;0;0;-38,50535;-3,795917
303462;6;12;2016;17:23;0;RUA JULIO BRAGA;;;910;;Colisão;Anoitecer;;;Meio de Quadra;;;0;1;0;1;0;0;0;0;0;1;0;0;-38,579069;-3,775942
302892;6;12;2016;06:30;25169;RUA PDE ANCHIETA;RUA CARIRIACU;;0;;Colisão Traseira;Luz do Dia;Bom;Seca;T;Pare;Residencial;0;0;2;1;0;0;0;0;0;0;0;0;-38,549892;-3,721065
302893;6;12;2016;08:27;11768;AV PRS CASTELO BRANCO;AV FILOMENO GOMES;;0;;Colisão Lateral;Luz do Dia;Bom;Seca;Meio de Quadra;Não Há Controle;Residencial;0;0;2;1;0;0;0;0;0;0;0;0;-38,541982;-3,715542