COD_ACIDENTE;DIA;MES;ANO;HORA;INTERSECAO;LOG1;LOG2;LOG3;NUMERO;REFERENCIA;NATUREZA;ILUMINACAO;TEMPO;SUPERFICIEPISTA;TIPOCRUZAMENTO;CONTROLETRAFEGO;USOSOLO;MORTOS;FERIDOS;ILESOS;AUTOMOVEL;ONIBUS;BICICLETA;CAMINHAO;MICROONIBUS;CICLOMOTOR;MOTOCICLETA;TRACAOANIMAL;TREM;LONG;LAT
302894;6;12;2016;09:20;0;AV DOS EXPEDICIONARIOS;;;5055;;Engavetamento;Luz do Dia;Bom;Seca;Meio de Quadra;Não Há Controle;Comercial;0;0;3;1;0;0;0;0;0;0;0;0;-38,540943;-3,764056
302895;6;12;2016;08:48;0;AV DEP PAULINO ROCHA;;;2370;;Colisão Traseira;Luz do Dia;Bom;Seca;Meio de Quadra;Não Há Controle;Comercial;0;0;2;1;0;0;0;0;0;0;0;0;;
302896;6;12;2016;09:20;1289;AV SANTOS DUMONT;RUA SILVA PAULET;;0;;Colisão Transversal;Luz do Dia;Bom;Seca;Cruz;Pare;Residencial;0;0;1;1;0;1;0;0;0;0;0;0;-38,505258;-3,733985
302897;6;12;2016;12:50;0;AV ENG SANTANA JUNIOR;;;2846;;Engavetamento;Luz do Dia;Bom;Seca;Meio de Quadra;Não Há Controle;Comercial;0;0;3;1;0;0;0;0;0;0;0;0;-38,489258;-3,745757
302898;6;12;2016;13:31;5445;AV HERACLITO GRACA;RUA DNA LEOPOLDINA;;0;;Colisão Transversal;Luz do Dia;Bom;Seca;Duplo T;Semáforo;Comercial;0;0;2;0;1;0;0;0;0;0;0;0;;
302899;6;12;2016;13:25;24270;RUA PEREIRA VALENTE;RUA DELMIRO GOUVEIA;;0;;Colisão Transversal;Luz do Dia;Bom;Seca;Cruz;Pare;Residencial;0;0;2;1;0;0;0;0;0;0;0;0;-38,488125;-3,734817
302900;6;12;2016;14:08;12711;RUA MAJ WEYNE;RUA QUINTINO CUNHA;;0;;Engavetamento;Via Iluminada;Bom;Seca;Cruz;Pare;Residencial;0;0;5;1;0;0;0;0;0;1;0;0;-38,543263;-3,74969
302901;6;12;2016;15:20;0;RUA PERGENTINO MAIA;;;619;;Colisão Lateral;Luz do Dia;Bom;Seca;Meio de Quadra;Não Há Controle;Comercial;0;0;1;0;0;0;0;0;0;0;0;0;-38,489162;-3,831365
302902;6;12;2016;14:00;5715;AV DES GONZAGA;RUA ULISSES BEZERRA;;;;Colisão Transversal;Luz do Dia;Bom;Seca;Cruz;Pare;Comercial;0;0;1;1;0;0;0;0;0;0;0;0;-38,499492;-3,798159
302903;6;12;2016;17:40;0;RUA DES LEITE ALBUQUERQUE;;;826;;Colisão Transversal;Via Iluminada;Bom;Seca;Meio de Quadra;Não Há Controle;Comercial;0;0;2;1;0;0;0;0;0;0;0;0;-38,496786;-3,737838
302904;6;12;2016;19:26;0;AV ANTONIO SALES;;;3500;;Colisão Traseira;Via Iluminada;Bom;Seca;Meio de Quadra;Pare;Comercial;0;0;2;1;0;0;0;0;0;0;0;0;-38,492833;-3,748361
292790;6;12;2016;11:40;0;AV PONTES VIEIRA;;;639;;Engavetamento;Luz do Dia;Bom;Seca;Outros;Não Há Controle;Comercial;0;0;3;1;0;0;0;0;0;0;0;0;-38,515453;-3,752952
292785;6;12;2016;09:30;12869;RUA ASSUNCAO;RUA JOAQUIM MAGALHAES;;;;Colisão Traseira;Luz do Dia;Bom;Seca;Cruz;Pare;Residencial;0;0;2;1;0;0;0;0;0;0;0;0;-38,530214;-3,739201
292773;6;12;2016;14:00;13410;RUA ANTONIO AUGUSTO;RUA JOAQUIM TORRES;;;;Colisão Transversal;Luz do Dia;Bom;Seca;Cruz;Pare;Residencial;0;2;1;1;0;0;0;0;0;1;0;0;-38,517263;-3,741755
292776;6;12;2016;17:00;9142;RUA MON OTAVIO CASTRO;RUA GUILHERME MOREIRA;;;;Colisão Transversal;Via Iluminada;;Seca;Cruz;Pare;Comercial;0;0;2;1;0;0;0;0;0;1;0;0;-38,526504;-3,750182
292779;6;12;2016;10:35;0;AV DOM LUIS;;;600;;Colisão Lateral;Luz do Dia;Bom;Seca;Meio de Quadra;Não Há Controle;Comercial;0;1;1;1;0;0;0;0;0;1;0;0;-38,496317;-3,733589
292768;6;12;2016;07:50;6750;RUA VILEBALDO AGUIAR;RUA BATISTA DE OLIVEIRA;;;;Colisão Transversal;Luz do Dia;Bom;Seca;Cruz;Não Há Controle;Residencial;0;0;2;1;0;0;0;0;0;0;0;0;-38,480134;-3,743019
292769;6;12;2016;10:50;0;AV DUQ CAXIAS;;;;;Colisão Traseira;Luz do Dia;Bom;Seca;Meio de Quadra;Semáforo;Comercial;0;0;2;1;0;0;0;0;0;0;0;0;;
292764;6;12;2016;13:40;0;AV JOSE BASTOS;;;3030;;Engavetamento;Luz do Dia;Bom;Seca;Meio de Quadra;Outros;Comercial;0;0;4;1;0;0;1;0;0;0;0;0;-38,547595;-3,747145
292760;6;12;2016;08:38;0;RUA DR JOAO MOREIRA;;;540;;Atropelamento;Luz do Dia;Bom;Seca;Meio de Quadra;;Comercial;0;3;0;0;0;0;0;0;0;1;0;0;;
292793;6;12;2016;10:50;0;AV PONTES VIEIRA;;;1991;;Colisão Lateral;Luz do Dia;Bom;Seca;Outros;Semáforo Intermitente;Residencial;0;0;2;1;0;0;0;0;0;0;0;0;-38,503642;-3,751576
292797;6;12;2016;15:05;10998;RUA ALBERTO MAGNO;RUA DOM CARLOTO TAVORA;;;;Colisão Lateral;Luz do Dia;Bom;Seca;Cruz;Não Há Controle;Residencial;0;1;1;1;0;0;0;0;0;1;0;0;-38,553495;-3,770832
292799;6;12;2016;16:15;26091;AV 13 DE MAIO;AV JOSE JATAHY;;;;Colisão Lateral;Luz do Dia;Bom;Seca;Cruz;Semáforo;Comercial;0;0;2;1;0;0;0;0;0;1;0;0;;
292802;6;12;2016;12:05;9287;AV BORGES DE MELO;AV DOS EXPEDICIONARIOS;;;;Colisão Transversal;Luz do Dia;Bom;Seca;Cruz;Semáforo;Residencial;0;1;1;0;1;0;0;0;0;1;0;0;-38,537674;-3,753391
292535;6;12;2016;10:30;0;AV JOR THOMAZ COELHO;;;2096;;Colisão Lateral;Luz do Dia;Bom;Seca;Meio de Quadra;Não Há Controle;Residencial;1;1;1;0;1;0;0;0;1;0;0;0;-38,514557;-3,828008
292539;6;12;2016;16:30;1732;RUA CAP ARAGAO;RUA MAJ GERARDO MENDES;;;;Atropelamento;Luz do Dia;Bom;Seca;Cruz;Pare;Comercial;1;0;1;1;0;0;0;0;0;0;0;0;-38,513441;-3,764975
292742;6;12;2016;00:40;3901;RUA JORGE DUMAR;AV EDUARDO GIRAO;;;;Colisão Transversal;Via Iluminada;Bom;Seca;Cruz;Semáforo;Comercial;0;2;1;1;0;0;0;0;0;1;0;0;-38,538695;-3,749691
292740;7;12;2016;10:20;15819;AV JOR THOMAZ COELHO;RUA STA EFIGENIA;;;;Colisão Lateral;Luz do Dia;Bom;Seca;T;Não Há Controle;Comercial;0;0;2;1;0;0;1;0;0;0;0;0;-38,50055;-3,832374
292746;7;12;2016;05:00;0;AV DEP PAULINO ROCHA;;;40;;Choque c/ Obstáculo Fixo;Via Iluminada;Bom;Seca;Meio de Quadra;Não Há Controle;Residencial;0;0;1;1;0;0;0;0;0;0;0;0;-38,50733;-3,801112
292744;7;12;2016;13:40;26073;AV JOSE JATAHY;AV FRANCISCO SA;;;;Colisão Transversal;Luz do Dia;Bom;Seca;Cruz;Semáforo;Residencial;0;0;2;1;0;0;0;0;0;0;0;0;;
292748;7;12;2016;07:12;0;AV PRS JUSCELINO KUBITSCHEK (PASSARÉ);;;;;Colisão Transversal;Luz do Dia;Bom;Seca;Meio de Quadra;Outros;Industrial;0;0;2;0;1;0;0;0;0;1;0;0;;
292753;7;12;2016;07:16;5402;RUA METON DE ALENCAR;RUA VINTE E QUATRO DE MAIO;;;;Colisão Transversal;Luz do Dia;Bom;Seca;Cruz;Pare;Comercial;0;1;1;0;0;0;1;0;0;1;0;0;-38,533848;-3,732626
292754;7;12;2016;20:30;17436;RUA EQUADOR;RUA TRES MARIAS D39 (MONTESE);;;;Colisão Traseira;Via Iluminada;Bom;Seca;Cruz;Semáforo;Comercial;0;0;2;1;0;0;0;0;0;0;0;0;-38,550757;-3,768994
292755;7;12;2016;07:00;23784;RUA RAIMUNDO NERY;RUA MON AGOSTINHO;;;;Colisão Traseira;Luz do Dia;Bom;Seca;Cruz;Pare;Residencial;0;0;2;1;0;0;0;0;0;0;0;0;-38,587155;-3,792435
292756;7;12;2016;01:30;0;RUA BAR CANINDE;;;58;;Choque c/ Obstáculo Fixo;Via Iluminada;Bom;Seca;Meio de Quadra;Pare;Residencial;0;0;1;1;0;0;0;0;0;0;0;0;;
292758;7;12;2016;12:37;3800;AV 13 DE MAIO;RUA CAIO CARLOS;;;;Colisão Traseira;;Bom;Seca;Cruz;Pare;Comercial;0;0;2;0;0;0;0;0;0;1;0;0;-38,54216;-3,738286
292759;7;12;2016;21:50;17196;RUA MARIA GOMES DE SA;RUA CACHOEIRA ALEGRE;;;;Colisão Transversal;Via Iluminada;Bom;Seca;Cruz;Pare;Residencial;0;1;1;1;0;0;0;0;0;1;0;0;-38,58218;-3,825551
292751;7;12;2016;16:32;0;AV JOR THOMAZ COELHO;;;483;;Colisão Lateral;Luz do Dia;Bom;Seca;Meio de Quadra;Não Há Controle;Residencial;0;0;2;1;1;0;0;0;0;0;0;0;-38,498975;-3,8324
302905;7;12;2016;07:30;0;AV EDUARDO GIRAO;;;350;;Colisão Lateral;Luz do Dia;Bom;Seca;Rotatória;Semáforo;Comercial;0;0;2;1;0;0;0;0;0;0;0;0;-38,527002;-3,756193
302906;7;12;2016;06:45;19689;RUA DOM LINO;RUA GUSTAVO SAMPAIO;;;;Colisão Transversal;Luz do Dia;Bom;Seca;Cruz;Pare;Comercial;0;1;1;1;0;0;0;0;0;1;0;0;-38,557313;-3,735435
302907;7;12;2016;07:40;1450;RUA JOAO CARVALHO;RUA JOSE VILAR;;0;;Colisão Transversal;Luz do Dia;Bom;Seca;Cruz;Gesto;Comercial;0;0;2;1;0;0;0;0;0;0;0;0;-38,505477;-3,738318
302908;7;12;2016;07:54;25000;AV DOM MANUEL;RUA COSTA BARROS;;0;;Engavetamento;Luz do Dia;Bom;Seca;Cruz;Semáforo;Comercial;0;0;3;1;0;0;0;0;0;0;0;0;-38,520793;-3,727381
302909;7;12;2016;08:48;15361;RUA REPUBLICA DO LIBANO;RUA CEL JUCA;;0;;Colisão Transversal;Luz do Dia;Bom;Seca;Cruz;Pare;Residencial;0;0;2;1;0;0;0;0;0;0;0;0;-38,489964;-3,733462
302910;7;12;2016;07:30;99;RUA TOMAS RODRIGUES;RUA MARTINS NETO;;0;;Colisão Transversal;Luz do Dia;Bom;Seca;Cruz;Pare;Comercial;0;0;2;1;0;0;0;0;0;1;0;0;-38,593771;-3,741063
302911;7;12;2016;09:50;0;RUA PERNAMBUCO;;;3007;;Colisão Lateral;Luz do Dia;Bom;Seca;T;Não Há Controle;Residencial;0;1;1;1;0;0;0;0;0;0;0;0;-38,579889;-3,749532
302912;7;12;2016;10:15;10681;AV MIGUEL DIAS;RUA FIRMINO ROCHA AGUIAR;;;;Queda;Luz do Dia;Bom;Seca;Rotatória;Dê Preferência;Comercial;0;1;1;1;0;0;0;0;0;1;0;0;-38,487708;-3,763517
302913;7;12;2016;13:44;0;AV 13 DE MAIO;;;1549;;Engavetamento;Luz do Dia;Bom;Seca;Meio de Quadra;Semáforo;Comercial;0;0;4;1;0;0;0;0;0;0;0;0;-38,532247;-3,746828
302914;7;12;2016;13:57;0;RUA MARIO MAMEDE;;;1300;;Queda;Luz do Dia;Bom;Seca;Meio de Quadra;Semáforo;Residencial;0;0;1;1;0;0;0;0;0;0;0;0;-38,531526;-3,749209
302915;7;12;2016;13:45;0;RUA 26 BATALHAO;;;517;;Colisão Transversal;Luz do Dia;Bom;Seca;Cruz;Pare;Residencial;0;0;2;1;0;0;0;0;0;0;0;0;;
302916;7;12;2016;15:00;0;RUA OSCAR FRANCA;;;191;;Colisão Transversal;Luz do Dia;Bom;Seca;Meio de Quadra;Não Há Controle;Residencial;0;0;2;1;1;0;0;0;0;0;0;0;-38,59409;-3,793745
302917;7;12;2016;15:15;3813;AV 13 DE MAIO;RUA TEREZA CRISTINA;;0;;Colisão Traseira;Luz do Dia;Bom;Seca;T;Semáforo;Comercial;0;0;2;1;0;0;0;0;0;0;0;0;-38,541017;-3,739334
302918;7;12;2016;15:17;19957;AV LUCIANO CARNEIRO;RUA STA QUITERIA;;;;Colisão Transversal;Luz do Dia;Bom;Seca;Duplo T;Semáforo;Comercial;0;1;1;0;0;0;0;0;0;1;0;0;-38,535339;-3,760537
302919;7;12;2016;12:10;0;AV PRS JUSCELINO KUBITSCHEK (PASSARÉ);;;2631;;Colisão Lateral;Luz do Dia;Bom;Seca;Cruz;Não Há Controle;Residencial;0;0;2;1;0;0;0;0;0;0;0;0;;
302921;7;12;2016;18:00;3809;AV CARAPINIMA;RUA PDE FRANCISCO PINTO;;0;;Colisão Lateral;Via Iluminada;Bom;Seca;Duplo T;Não Há Controle;Comercial;0;2;3;1;0;0;0;0;0;0;0;0;-38,541958;-3,741723
302922;7;12;2016;19:15;0;RUA ANTONIO BARROS;;;286;;Colisão Transversal;Via Iluminada;Bom;Seca;Cruz;Pare;Comercial;0;0;2;0;1;0;0;0;0;0;0;0;;
302923;7;12;2016;20:49;25159;AV ALM MAXIMIANO DA FONSECA;AV MIGUEL DIAS;;0;;Colisão Lateral;Via Iluminada;Bom;Seca;Cruz;Semáforo;Residencial;0;0;2;1;1;0;0;0;0;0;0;0;-38,487945;-3,770833
302924;7;12;2016;21:52;0;AV ENG HUMBERTO MONTE;;;1355;;Colisão Lateral;Anoitecer;Bom;Seca;Meio de Quadra;Não Há Controle;Residencial;0;0;1;1;0;0;0;0;0;1;0;0;-38,561512;-3,747845
302925;7;12;2016;20:56;0;AV PERIMETRAL;;;1801;;Atropelamento;Via Iluminada;Bom;Seca;Meio de Quadra;Semáforo;Residencial;0;1;0;0;0;0;0;0;0;1;0;0;;
302926;7;12;2016;22:13;0;AV AGUANAMBI;;;1588;;Engavetamento;Via Iluminada;Bom;Seca;Meio de Quadra;Não Há Controle;Comercial;0;0;3;1;0;0;0;0;0;0;0;0;-38,523564;-3,750958
302928;7;12;2016;10:26;0;AV GOV RAUL BARBOSA;;;7239;;Colisão Traseira;Luz do Dia;Bom;Seca;Meio de Quadra;Semáforo;Residencial;0;0;1;0;0;0;0;0;0;0;0;0;-38,51304;-3,775607
302937;7;12;2016;11:00;0;RUA COSTA ARAUJO;RUA COS TRISTAO;;0;;Colisão Transversal;Luz do Dia;Bom;Seca;T;Não Há Controle;Residencial;0;0;2;1;0;0;0;0;0;0;0;0;;
303669;7;12;2016;06:20;0;RD CE-040;;;;KM-04;Colisão;Luz do Dia;Bom;Seca;Meio de Quadra;;;0;0;2;1;0;0;0;0;0;1;0;0;-38,481084;-3,782614
303508;7;12;2016;07:02;0;RUA VALPARAISO;;;;;Colisão;Luz do Dia;;;Meio de Quadra;;;0;1;0;1;0;0;0;0;0;1;0;0;;
303505;7;12;2016;06:08;0;RUA PDE PEDRO DE ALENCAR;;;1306;;Colisão;Luz do Dia;;;Meio de Quadra;;;0;1;0;1;1;0;0;0;0;0;0;0;-38,494233;-3,839278
303502;7;12;2016;01:03;0;RUA MUNDICA PAULA;;;681;;Colisão;;;;Meio de Quadra;;;0;2;0;1;0;0;0;0;0;0;0;0;;
303523;7;12;2016;07:23;0;AV DES MOREIRA;;;2221;;Colisão;Luz do Dia;;;Meio de Quadra;;;0;1;0;1;0;1;0;0;0;0;0;0;-38,501233;-3,745208
303576;7;12;2016;10:25;0;RUA EST JUCA D45;;;206;;Colisão;Luz do Dia;;;Meio de Quadra;;;0;1;0;1;0;0;0;0;0;1;0;0;-38,542749;-3,785501
303553;7;12;2016;09:49;0;RUA ASSIS BEZERRA;;;214;;Colisão;Luz do Dia;;;Meio de Quadra;;;0;1;0;1;0;0;0;0;0;1;0;0;;
303546;7;12;2016;08:18;0;RUA JOSE MENDONCA;;;167;;Colisão;Luz do Dia;;;Meio de Quadra;;;0;1;0;1;0;0;0;0;0;1;0;0;-38,602755;-3,760155
303587;7;12;2016;10:58;0;RUA SAO FRANCISCO D34;;;300;;Queda;Luz do Dia;;;Meio de Quadra;;;0;1;0;0;0;0;0;0;0;1;0;0;-38,58929;-3,784181
303588;7;12;2016;11:04;0;RUA PRO COSTA MENDES;;;2040;;Colisão;Luz do Dia;;;Meio de Quadra;;;0;1;0;1;0;0;0;0;0;1;0;0;-38,555733;-3,7467
303589;7;12;2016;11:37;0;AV FRANCISCO SA;;;4210;;Colisão;Luz do Dia;;;Meio de Quadra;;;0;1;0;1;0;1;0;0;0;0;0;0;-38,562413;-3,715695
303590;7;12;2016;12:01;0;AV GODOFREDO MACIEL;;;;;Colisão;Luz do Dia;;;Meio de Quadra;;;0;1;0;1;0;0;0;0;0;1;0;0;;
303591;7;12;2016;12:02;0;AV SGT HERMINIO SAMPAIO;;;3870;;Colisão;Luz do Dia;;;Meio de Quadra;;;0;1;0;1;0;0;0;0;0;1;0;0;-38,574854;-3,729797
303592;7;12;2016;12:24;0;RUA CARLOS CHAGAS;;;339;;Colisão;Luz do Dia;;;Meio de Quadra;;;0;1;0;0;0;0;0;0;0;0;0;0;-38,58332;-3,780684
303593;7;12;2016;13:33;0;AV JOSE BASTOS;;;;;Colisão;Luz do Dia;;;Meio de Quadra;;;0;1;0;1;0;0;0;0;0;1;0;0;;
303594;7;12;2016;15:59;0;AV SGT HERMINIO SAMPAIO;;;3488;;Colisão;Luz do Dia;;;Meio de Quadra;;;0;1;0;0;0;0;0;0;0;1;0;0;-38,571759;-3,72854
303595;7;12;2016;16:28;0;RUA JULIO SILVA;;;440;;Atropelamento;Luz do Dia;;;Meio de Quadra;;;0;1;0;1;0;0;0;0;0;0;0;0;;
303596;7;12;2016;17:28;0;AV FRE CIRILO;;;;;Atropelamento;Anoitecer;;;Meio de Quadra;;;0;1;0;1;0;0;0;0;0;0;0;0;;
303598;7;12;2016;17:45;0;AV JOSE BASTOS;;;2247;;Queda;Anoitecer;;;Meio de Quadra;;;0;1;0;0;0;0;0;0;0;1;0;0;;
303600;7;12;2016;17:47;0;RUA BERNARDO MANUEL;;;7770;;Colisão;Anoitecer;;;Meio de Quadra;;;0;1;0;0;0;0;0;0;0;0;0;0;-38,547531;-3,786101
303610;7;12;2016;19:18;0;RUA PRO COSTA MENDES;;;727;;Colisão;;;;Meio de Quadra;;;0;1;0;1;0;1;0;0;0;0;0;0;-38,546972;-3,754642
303611;7;12;2016;19:28;0;RUA GERMANO FRANCK;;;;;Colisão;;;;Meio de Quadra;;;0;1;0;0;0;0;0;0;0;1;0;0;;
303612;7;12;2016;20:22;0;AV BENJAMIM BRASIL;;;626;;Colisão;;;;Meio de Quadra;;;0;1;0;1;0;0;0;0;0;1;0;0;-38,567642;-3,804619
303613;7;12;2016;20:41;0;RUA VITAL BRASIL;;;385;;Queda;;;;Meio de Quadra;;;0;1;0;0;0;1;0;0;0;0;0;0;-38,584794;-3,78176
303617;7;12;2016;21:10;0;RUA ALBERTO MONTE;;;1440;;Colisão;;;;Meio de Quadra;;;0;1;0;1;0;0;0;0;0;1;0;0;;
303618;7;12;2016;22:16;0;RUA JARDIM FLUMINENSE;;;1545;;Queda;;;;Meio de Quadra;;;0;1;0;0;0;0;0;0;0;1;0;0;-38,602658;-3,809926
303619;7;12;2016;22:19;0;RUA TUPI D35;;;1303;;Atropelamento;;;;Meio de Quadra;;;0;1;0;1;0;0;0;0;0;0;0;0;-38,583258;-3,768562
303607;7;12;2016;19:04;0;RUA 24 DE OUTUBRO;;;1102;;Colisão;;;;Meio de Quadra;;;0;1;0;1;0;0;0;0;0;1;0;0;;
300663;7;12;2016;09:50;0;RD CE-040;;;;KM-02;Colisão;Luz do Dia;Bom;Seca;Meio de Quadra;;;0;0;2;1;0;0;1;0;0;0;0;0;-38,482583;-3,76465
300664;7;12;2016;18:10;0;RD CE-040;;;;KM-05;Colisão;Anoitecer;Bom;Seca;Meio de Quadra;;;0;1;1;1;0;0;0;0;0;1;0;0;-38,480331;-3,791613
295420;7;12;2016;14:40;18445;AV SGT HERMINIO SAMPAIO;RUA PDE MAXIMO FEITOSA;;3793;;Colisão Lateral;Luz do Dia;Bom;Seca;Cruz;Pare;Comercial;0;0;4;1;0;0;0;0;0;1;0;0;-38,57493;-3,729827
295417;7;12;2016;10:45;0;AV CARAPINIMA;;;2306;;Colisão Lateral;Luz do Dia;Bom;Seca;Meio de Quadra;Semáforo;Residencial;0;1;3;1;0;0;0;0;0;1;0;0;-38,540353;-3,740113
295424;7;12;2016;20:45;0;AV ALBERTO CRAVEIRO;;;2644;;Colisão Traseira;Via Iluminada;Não Informado;Seca;Meio de Quadra;Não Há Controle;Residencial;0;1;3;0;0;0;0;0;0;1;0;0;-38,521448;-3,803094
295425;8;12;2016;18:38;25279;AV ROGACIANO LEITE;RUA DES WALDEMAR ALVES PEREIRA;;;;Colisão Transversal;Via Iluminada;Bom;Seca;Cruz;Pare;Residencial;0;4;1;1;0;0;0;0;0;1;0;0;;
295426;8;12;2016;04:30;0;AV NOSSA SRA DAS GRACAS;;;803;;Colisão;;;;Meio de Quadra;;;0;1;1;0;0;0;0;0;0;1;0;0;;
295994;8;12;2016;00:40;0;RD BR 116;;;13000;KM-13;Colisão;;;;Meio de Quadra;;;0;1;1;1;0;1;0;0;0;0;0;0;-38,497727;-3,86467
295990;8;12;2016;10:00;0;RD BR 222;;;900;KM-02;Colisão Traseira;Luz do Dia;;;Meio de Quadra;;;0;0;2;1;1;0;0;0;0;0;0;0;-38,58704;-3,739009
295427;8;12;2016;12:30;0;AV ENG SANTANA JUNIOR;;;;TUNEL DEP WELLINGTON LANDIM;Colisão Transversal;Luz do Dia;Bom;Seca;Outros;Não Há Controle;Lazer;0;0;4;1;0;0;0;0;0;1;0;0;;
295428;8;12;2016;16:00;0;AV EDILSON B SOARES;;;1730;;Colisão Traseira;Luz do Dia;Bom;Seca;Meio de Quadra;Não Há Controle;Comercial;0;1;3;1;1;0;0;0;0;0;0;0;-38,470346;-3,788578
300670;8;12;2016;14:50;0;AV SEN CARLOS JEREISSATI (AEROPORTO);;;;KM 01;Colisão;Luz do Dia;Bom;Seca;Meio de Quadra;;;0;0;2;1;0;0;0;0;0;0;0;0;-38,52685;-3,783753
303627;8;12;2016;09:28;0;RUA JOSE FACANHA;;;205;;Colisão;Luz do Dia;;;Meio de Quadra;;;0;2;0;0;0;0;0;0;0;1;0;0;-38,554057;-3,755043
303623;8;12;2016;07:29;0;AV DR THEBERGE;;;2288;;Atropelamento;Luz do Dia;;;Meio de Quadra;;;0;1;0;0;1;0;0;0;0;0;0;0;-38,567178;-3,721534
303624;8;12;2016;07:39;0;AV BORGES DE MELO;;;;;Colisão;Luz do Dia;;;Meio de Quadra;;;0;1;0;1;0;0;0;0;0;1;0;0;;
303625;8;12;2016;08:08;0;AV LINEU MACHADO;;;1450;;Colisão;Luz do Dia;;;Meio de Quadra;;;0;1;0;1;0;0;0;0;0;1;0;0;-38,580288;-3,772422
303638;8;12;2016;12:46;0;AV DOMINGOS OLIMPIO;;;1021;;Atropelamento;Luz do Dia;;;Meio de Quadra;;;0;1;0;1;0;0;0;0;0;0;0;0;-38,532741;-3,736095
303639;8;12;2016;13:07;0;RUA BOA ESPERANCA D43;;;;;Colisão;Luz do Dia;;;Meio de Quadra;;;0;1;0;1;0;1;0;0;0;0;0;0;;
303640;8;12;2016;14:31;0;RUA MARIA GOMES DE SA;;;2195;;Queda;Luz do Dia;;;Meio de Quadra;;;0;1;0;0;0;0;0;0;0;1;0;0;;
303641;8;12;2016;14:35;0;RUA JOAO LOBO FILHO;;;;;Atropelamento;Luz do Dia;;;Meio de Quadra;;;0;1;0;0;0;0;0;0;0;1;0;0;;
303642;8;12;2016;15:08;0;RUA HERMINIA BONAVIDES;;;;;Colisão;Luz do Dia;;;Meio de Quadra;;;0;1;0;1;0;0;0;0;0;1;0;0;;
303643;8;12;2016;15:45;0;RUA PDE FRANCISCO ARAQUEM;;;290;;Atropelamento;Luz do Dia;;;Meio de Quadra;;;0;1;0;0;0;0;0;0;0;0;0;0;;
303644;8;12;2016;15:58;0;RUA RIO TAPAJOS;;;99;;Queda;Luz do Dia;;;Meio de Quadra;;;0;2;0;0;0;0;0;0;0;1;0;0;;
303645;8;12;2016;16:03;0;RUA ANA BILHAR;;;1481;;Colisão;Luz do Dia;;;Meio de Quadra;;;0;1;0;1;0;0;0;0;0;1;0;0;-38,486187;-3,731496
303646;8;12;2016;16:19;0;RUA LONDRINA;;;942;;Queda;Luz do Dia;;;Meio de Quadra;;;0;1;0;0;0;1;0;0;0;0;0;0;-38,599524;-3,782065
303647;8;12;2016;16:31;0;RUA TEN ROMA;;;522;;Colisão;Luz do Dia;;;Meio de Quadra;;;0;1;0;1;0;0;0;0;0;1;0;0;-38,513381;-3,767523
303648;8;12;2016;16:45;0;RUA ELCIAS LOPES;;;776;;Queda;Luz do Dia;;;Meio de Quadra;;;0;1;0;0;0;0;0;0;0;1;0;0;-38,553124;-3,772014
303649;8;12;2016;17:02;0;AV GAL OSORIO DE PAIVA;;;;;Atropelamento;Anoitecer;;;Meio de Quadra;;;0;1;0;1;0;0;0;0;0;0;0;0;;
303650;8;12;2016;17:19;0;AV ISABEL BEZERRA;;;;;Colisão;Anoitecer;;;Meio de Quadra;;;0;1;0;1;0;0;0;0;0;1;0;0;;
303630;8;12;2016;09:33;0;RUA CAETANO SILVA (A. NUNES);;;;;Atropelamento;Luz do Dia;;;Meio de Quadra;;;0;1;0;1;0;0;0;0;0;0;0;0;;
303631;8;12;2016;10:47;0;RUA METON DE ALENCAR;;;1791;;Colisão;Luz do Dia;;;Meio de Quadra;;;0;1;0;0;0;0;0;0;0;1;0;0;-38,539497;-3,730777
303633;8;12;2016;11:24;5406;RUA PRC ISABEL;RUA ANTONIO POMPEU;;;;Colisão;Luz do Dia;;;Cruz;Pare;Comercial;0;1;0;1;0;0;0;0;0;1;0;0;-38,537283;-3,732693
303652;8;12;2016;17:37;0;RUA CANUTO DE AGUIAR;;;1317;;Colisão;Anoitecer;;;Meio de Quadra;;;0;1;0;1;0;0;0;0;0;1;0;0;-38,491151;-3,732012
303653;8;12;2016;18:28;0;RUA ALVARO MARTINS;;;385;;Atropelamento;Anoitecer;;;Meio de Quadra;;;0;1;0;1;0;0;0;0;0;0;0;0;-38,54212;-3,748845
303656;8;12;2016;18:51;0;AV PRS CASTELO BRANCO;;;;;Atropelamento;;;;Meio de Quadra;;;0;1;0;0;0;0;0;0;0;1;0;0;;
303658;8;12;2016;18:58;0;RUA JOSE CANDIDO D08;;;65;;Colisão;;;;Meio de Quadra;;;0;1;0;1;0;0;0;0;0;1;0;0;-38,550514;-3,725232
303659;8;12;2016;19:23;0;RUA G CJ VILA VELHA;;;;;Atropelamento;;;;Meio de Quadra;;;0;1;0;1;0;0;0;0;0;0;0;0;;
303661;8;12;2016;19:27;0;AV PRS JUSCELINO KUBITSCHEK (PASSARÉ);;;;;Colisão;;;;Meio de Quadra;;;0;2;0;0;0;0;0;0;0;0;0;0;;
303662;8;12;2016;20:01;0;AV FRANCISCO SA;;;5700;;Colisão;;;;Meio de Quadra;;;0;2;0;0;0;0;0;0;0;0;0;0;-38,575319;-3,711273