COD_ACIDENTE;DIA;MES;ANO;HORA;INTERSECAO;LOG1;LOG2;LOG3;NUMERO;REFERENCIA;NATUREZA;ILUMINACAO;TEMPO;SUPERFICIEPISTA;TIPOCRUZAMENTO;CONTROLETRAFEGO;USOSOLO;MORTOS;FERIDOS;ILESOS;AUTOMOVEL;ONIBUS;BICICLETA;CAMINHAO;MICROONIBUS;CICLOMOTOR;MOTOCICLETA;TRACAOANIMAL;TREM;LONG;LAT
303663;8;12;2016;20:10;0;AV PRS CASTELO BRANCO;;;2546;;Queda;;;;Meio de Quadra;;;0;1;0;0;0;0;0;0;0;1;0;0;-38,550734;-3,713068
303664;8;12;2016;21:39;0;AV DES GONZAGA;;;1562;;Colisão;;;;Meio de Quadra;;;0;1;0;1;0;0;0;0;0;1;0;0;-38,49829;-3,799827
303665;8;12;2016;21:59;0;RUA ANTONIO FIUZA;;;240;;Colisão;;;;Meio de Quadra;;;0;1;0;1;0;0;0;0;0;1;0;0;-38,552324;-3,770493
303666;8;12;2016;22:12;0;RUA TARCISIO PEIXOTO;;;;;Queda;;;;Meio de Quadra;;;0;1;0;0;0;0;0;0;0;1;0;0;;
303620;8;12;2016;04:16;0;RUA NOSSA SRA DAS GRACAS;;;824;;Colisão;;;;Meio de Quadra;;;0;1;0;0;0;0;0;0;0;0;0;0;-38,555512;-3,709593
302938;8;12;2016;13:56;5067;RUA SEN ALENCAR;RUA PDE MORORO;;0;;Colisão Lateral;Luz do Dia;Bom;Seca;Cruz;Pare;Residencial;0;0;2;1;0;0;0;0;0;0;0;0;-38,536475;-3,72216
302939;8;12;2016;13:50;5468;RUA ANTONIO POMPEU;RUA BAR ARATANHA;;;;Colisão Transversal;Luz do Dia;Bom;Seca;Cruz;Semáforo;Residencial;0;2;0;0;0;0;0;0;0;1;0;0;-38,527351;-3,735826
302940;8;12;2016;16:16;0;AV GAL OSORIO DE PAIVA;;;7617;;Colisão Traseira;Luz do Dia;Bom;Seca;Meio de Quadra;Semáforo;Comercial;0;0;2;1;0;0;0;0;0;0;0;0;-38,615729;-3,818845
302941;8;12;2016;15:30;7942;RUA JOAQUIM NABUCO;RUA TOMAS ACIOLI;;0;;Colisão Transversal;Luz do Dia;Bom;Seca;T;Pare;Residencial;0;0;2;1;0;0;0;0;0;0;0;0;-38,504883;-3,746461
302942;8;12;2016;16:20;25038;RUA PDE PEDRO DE ALENCAR;RUA JOSE HIPOLITO;;0;;Colisão Lateral;Luz do Dia;Bom;Seca;Cruz;Semáforo;Comercial;0;0;2;1;0;0;0;0;0;0;0;0;-38,494029;-3,832741
302943;8;12;2016;18:59;19177;RUA BATISTA DE OLIVEIRA;RUA JOAQUIM LIMA;;0;;Colisão Transversal;Via Iluminada;Bom;Seca;Cruz;Pare;Comercial;0;0;2;1;0;0;0;0;0;0;0;0;-38,479209;-3,741498
302944;8;12;2016;19:21;5209;RUA DEP MOREIRA DA ROCHA;RUA JOAO CORDEIRO;;0;;Colisão Lateral;Luz do Dia;Bom;Seca;Cruz;Semáforo;Comercial;0;0;2;1;0;0;0;0;0;0;0;0;-38,513424;-3,726514
302945;8;12;2016;17:50;12705;RUA QUINTINO CUNHA;RUA ALVARO MARTINS;;0;;Colisão Transversal;Anoitecer;Bom;Seca;Cruz;Pare;Residencial;0;0;2;1;0;0;0;0;0;0;0;0;-38,542348;-3,748652
302946;8;12;2016;20:31;7884;AV ANTONIO SALES;RUA VICENTE LEITE;;0;;Colisão Traseira;Via Iluminada;Bom;Seca;Cruz;Pare;Comercial;0;0;2;1;0;0;0;0;0;0;0;0;-38,498468;-3,746656
302929;8;12;2016;08:10;0;RUA ARAKEN;;;149;;Colisão Lateral;Luz do Dia;Bom;Seca;Meio de Quadra;Não Há Controle;Comercial;0;0;2;1;0;0;0;0;0;0;0;0;;
302930;8;12;2016;09:31;21397;AV DES GONZAGA;RUA JOAOZITO ARRUDA;;0;;Colisão Transversal;Luz do Dia;Bom;Seca;Rotatória;Pare;Residencial;0;1;1;1;0;0;0;0;0;1;0;0;-38,496964;-3,801496
302931;8;12;2016;08:55;0;AV JOSE LEON;;;1851;;Colisão Lateral;Luz do Dia;Bom;Seca;Meio de Quadra;Gesto;Comercial;0;0;1;0;0;0;0;0;0;0;0;0;-38,495745;-3,789336
302932;8;12;2016;10:08;0;RUA BARBARA DE ALENCAR;;;1101;;Capotamento;Luz do Dia;Nublado;Seca;Meio de Quadra;Não Há Controle;Residencial;0;0;1;1;0;0;0;0;0;0;0;0;-38,514324;-3,737928
302933;8;12;2016;09:45;0;AV BAR STUDART;;;1864;;Colisão Transversal;Luz do Dia;Nublado;Seca;Meio de Quadra;Não Há Controle;Comercial;0;0;2;1;0;0;0;0;0;0;0;0;-38,508277;-3,739834
302934;8;12;2016;09:20;11840;RUA MON DANTAS;RUA DNA MAROQUINHA;;;;Colisão Transversal;Luz do Dia;Bom;Seca;Cruz;Pare;Comercial;0;1;1;0;0;0;0;0;0;1;0;0;-38,545833;-3,720021
302935;8;12;2016;09:30;0;RUA CEL FRANCISCO PEREIRA (MESSEJANA);;;400;;Colisão Lateral;Luz do Dia;Bom;Seca;Meio de Quadra;Gesto;Comercial;0;0;1;1;1;0;0;0;0;0;0;0;;
302936;8;12;2016;12:46;5370;RUA PRC ISABEL;RUA METON DE ALENCAR;;0;;Colisão Transversal;Luz do Dia;Bom;Seca;Cruz;Pare;Comercial;0;0;2;1;0;0;0;0;0;1;0;0;-38,536973;-3,731614
302927;8;12;2016;07:56;936;RUA CUMBICA;AV BORGES DE MELO;;0;;Colisão Lateral;Luz do Dia;Bom;Seca;T;Pare;Escola;0;0;2;1;0;0;0;0;0;0;0;0;-38,520039;-3,761342
302952;8;12;2016;09:10;0;RUA CEL ERNESTO MATOS;;;480;;Colisão Lateral;Luz do Dia;Bom;Seca;T;Gesto;Comercial;0;0;2;1;0;0;0;0;0;0;0;0;-38,489731;-3,83044
292761;8;12;2016;21:50;25729;AV TRISTAO GONCALVES;RUA ANTONIO POMPEU;;;;Colisão Lateral;Via Iluminada;Bom;Seca;Cruz;Semáforo;Comercial;0;1;1;1;0;0;0;0;0;1;0;0;-38,535088;-3,733388
292762;8;12;2016;07:00;22148;RUA CAP FRANCISCO PEDRO;RUA SAMUEL UCHOA;;;;Colisão Lateral;Luz do Dia;Bom;Seca;Cruz;Outros;Comercial;0;0;2;1;0;0;0;0;0;1;0;0;-38,551229;-3,74978
292765;8;12;2016;10:12;0;AV DOM MANUEL;;;85;;Colisão Traseira;Luz do Dia;Bom;Seca;Meio de Quadra;Semáforo;Comercial;0;0;2;0;0;0;0;1;0;0;0;0;-38,520023;-3,724961
292767;8;12;2016;08:00;13470;RUA PINHO PESSOA;RUA PDE ANTONIINO D13;;;;Colisão Transversal;Luz do Dia;Bom;Seca;Cruz;Pare;Residencial;0;0;2;1;0;0;0;0;0;0;0;0;-38,520432;-3,744361
292775;8;12;2016;00:00;12350;AV LINEU MACHADO;RUA MON HIPOLITO BRASIL;;;;Colisão Lateral;Luz do Dia;Bom;Seca;Cruz;Semáforo;Comercial;0;1;1;1;0;0;0;0;0;1;0;0;-38,57445;-3,761245
292771;8;12;2016;21:30;0;AV PRS JUSCELINO KUBITSCHEK (PASSARÉ);;;5451;;Colisão Transversal;Via Iluminada;Bom;Seca;Meio de Quadra;Não Há Controle;Outros;0;2;1;1;0;0;0;0;0;1;0;0;-38,536831;-3,823401
292780;8;12;2016;13:00;0;RUA PORTO VELHO;;;23;;Colisão;Luz do Dia;Bom;Seca;Meio de Quadra;;Residencial;0;1;1;0;0;0;0;0;0;1;0;0;-38,580918;-3,76925
292781;8;12;2016;06:15;10999;RUA 15 DE NOVEMBRO;RUA ALBERTO MAGNO;;;;Colisão Transversal;Luz do Dia;Bom;Seca;Cruz;Pare;Residencial;0;0;2;1;0;0;0;0;0;0;0;0;-38,553169;-3,769909
292782;8;12;2016;16:50;4189;AV PRS CASTELO BRANCO;RUA FRANCISCO CORDEIRO;;;;Choque c/ Obstáculo Fixo;;Bom;Seca;Cruz;Semáforo;Comercial;0;0;2;1;0;0;0;0;0;0;0;0;-38,550593;-3,713113
292784;8;12;2016;03:00;7897;RUA MON CATAO;RUA HENRIQUETA GALENO;;;;Choque c/ Obstáculo Fixo;Via Iluminada;Bom;Seca;Cruz;Não Há Controle;Residencial;0;0;1;1;0;0;0;0;0;0;0;0;-38,493338;-3,747287
292541;8;12;2016;06:00;0;RD DR MENDEL STEINBRUCH;;;;;Colisão;Luz do Dia;;;Meio de Quadra;;;0;0;2;0;0;0;0;0;0;1;0;0;;
292542;9;12;2016;20:30;0;AV WASHINGTON LUIS;;;6257;;Colisão;;;;Meio de Quadra;;;1;0;1;0;1;0;0;0;0;1;0;0;-38,591914;-3,716784
292544;9;12;2016;15:30;0;AV ENG HUMBERTO MONTE;;;1894;;Atropelamento;Luz do Dia;;;Meio de Quadra;;;1;1;0;0;0;0;0;0;0;1;0;0;-38,563997;-3,744874
292789;9;12;2016;09:06;13130;RUA 44 CJ JOSE WALTER;RUA 73 CJ JOSE WALTER;;;;Colisão Frontal;Luz do Dia;;;;;;0;1;1;1;0;0;0;0;0;1;0;0;-38,553914;-3,83025
292791;9;12;2016;15:00;0;RUA DR JOSE FURTADO;;;1480;;Colisão Lateral;Luz do Dia;;;Meio de Quadra;;;0;1;1;1;0;0;0;0;0;0;0;0;-38,488121;-3,796283
292792;9;12;2016;21:30;0;AV PRS CASTELO BRANCO;;;4821;;Colisão Traseira;;;;Meio de Quadra;;;0;0;3;1;0;0;0;0;0;0;0;0;-38,575106;-3,705931
292783;9;12;2016;14:15;26083;AV BEZERRA DE MENEZES;AV JOSE JATAHY;;;;Colisão Frontal;Luz do Dia;;;T;Semáforo;Comercial;0;0;3;1;0;0;0;0;0;0;0;0;;
292778;9;12;2016;15:00;0;RUA ANTONIO ALEXANDRINO DOS REIS;;;335;;Colisão Lateral;Luz do Dia;;;Meio de Quadra;;;0;0;2;1;0;0;0;0;0;0;0;0;;
292772;9;12;2016;00:10;19957;AV LUCIANO CARNEIRO;RUA STA QUITERIA;;;;Colisão Transversal;;;;Cruz;Semáforo;Comercial;0;2;0;1;0;0;0;0;0;1;0;0;-38,535339;-3,760537
292770;9;12;2016;17:16;0;AV ALM HENRIQUE SABOIA;;;700;;Colisão Lateral;Anoitecer;;;Meio de Quadra;;;0;1;1;1;0;0;0;0;0;1;0;0;;
292800;9;12;2016;16:10;0;RUA BARBOSA DE FREITAS;;;961;;Colisão Lateral;Luz do Dia;;;Meio de Quadra;;;0;0;2;1;0;0;0;0;0;0;0;0;-38,496529;-3,733981
292796;9;12;2016;17:30;25700;RUA ROCHA LIMA;RUA J DA PENHA;;;;Colisão Transversal;Anoitecer;;;Cruz;Pare;Residencial;0;1;1;0;0;0;0;0;0;1;0;0;-38,520356;-3,737008
292804;9;12;2016;15:30;0;AV DOM LUIS;;;600;;Colisão;Luz do Dia;;;Meio de Quadra;;;0;0;2;1;0;0;0;0;0;0;0;0;-38,496317;-3,733589
302953;9;12;2016;10:25;0;RUA DES LEITE ALBUQUERQUE;;;810;;Colisão Lateral;Luz do Dia;Bom;Seca;Meio de Quadra;Não Há Controle;Comercial;0;0;2;1;0;0;0;0;0;0;0;0;;
302954;9;12;2016;13:30;0;AV OLIVEIRA PAIVA;;;2163;;Colisão Traseira;Luz do Dia;Bom;Seca;Meio de Quadra;Gesto;Comercial;0;2;0;0;0;0;0;0;0;1;0;0;-38,48689;-3,796303
302955;9;12;2016;13:20;0;RUA JOAO BRIGIDO;;;1339;;Colisão Lateral;Luz do Dia;Bom;Seca;Meio de Quadra;Não Há Controle;Comercial;0;0;2;1;0;0;0;0;0;1;0;0;;
302956;9;12;2016;16:26;3788;RUA WALDERY UCHOA;RUA PDE FRANCISCO PINTO;;0;;Colisão Transversal;Luz do Dia;Bom;Seca;Cruz;Pare;Residencial;0;0;2;1;0;0;0;0;0;0;0;0;-38,539138;-3,744299
302957;9;12;2016;16:30;25231;AV PRS COSTA E SILVA;AV I CJ JOSE WALTER;;0;;Engavetamento;Luz do Dia;Bom;Seca;Meio de Quadra;Não Há Controle;Residencial;0;0;3;1;0;0;0;0;0;0;0;0;-38,550232;-3,823494
302958;9;12;2016;15:00;0;RUA CIDADE ECOLOGICA;;;683;;Colisão Frontal;Luz do Dia;Bom;Seca;Meio de Quadra;Não Há Controle;Comercial;0;0;2;0;0;0;0;0;0;1;0;0;;
302959;9;12;2016;22:30;23424;RUA MON SALAZAR;RUA HERMINIO BARROSO;;0;;Colisão Transversal;Via Iluminada;Bom;Seca;Cruz;Pare;Residencial;0;1;1;1;0;0;0;0;0;0;0;0;-38,51116;-3,755854
302970;9;12;2016;12:22;12826;AV DOS EXPEDICIONARIOS;RUA ANDRE CHAVES;;;;Colisão Traseira;Luz do Dia;Bom;Seca;Cruz;Semáforo;Comercial;0;0;1;1;0;0;0;0;0;0;0;0;-38,538903;-3,757345
302948;9;12;2016;00:48;0;RUA CON LIMA SUCUPIRA;;;1360;;Colisão Lateral;Via Iluminada;Bom;Seca;Meio de Quadra;Pare;Residencial;0;0;1;1;0;0;0;0;0;0;0;0;-38,547083;-3,779388
302949;9;12;2016;07:00;0;AV FRANCISCO SA;;;2812;;Colisão Transversal;Luz do Dia;Bom;Seca;Meio de Quadra;Não Há Controle;Comercial;0;0;1;0;0;0;0;0;0;1;0;0;-38,550737;-3,719602
302950;9;12;2016;08:32;0;RUA DOM SEBASTIAO LEME;RUA CARLOS RIBEIRO;;0;;Colisão Transversal;Luz do Dia;Bom;Seca;Cruz;Pare;Comercial;0;0;2;1;0;0;0;0;0;0;0;0;-38,526198;-3,7465
302951;9;12;2016;09:30;15192;RUA JOSE VILAR;RUA SILVA JATAHY;;0;;Colisão Traseira;Luz do Dia;Bom;Seca;Cruz;Pare;Residencial;0;0;2;1;0;0;0;0;0;0;0;0;-38,5017;-3,726429
300681;9;12;2016;01:00;0;RD CE-040;;;;KM-04;Outros;;Bom;Seca;Meio de Quadra;;;0;0;1;1;0;0;0;0;0;0;0;0;-38,481084;-3,782614
300684;9;12;2016;08:30;0;AV SEN CARLOS JEREISSATI (AEROPORTO);;;;KM 03;Colisão;Luz do Dia;Bom;Seca;Meio de Quadra;;;0;0;2;1;0;0;0;0;0;1;0;0;-38,544038;-3,779641
300685;9;12;2016;08:20;0;RD CE-040;;;;KM-06;Colisão;Luz do Dia;Bom;Seca;Meio de Quadra;;;0;0;2;1;1;0;0;0;0;0;0;0;-38,479535;-3,800596
300756;9;12;2016;09:40;0;AV SEN CARLOS JEREISSATI (AEROPORTO);;;;KM 04;Colisão;Luz do Dia;Bom;Seca;Meio de Quadra;;;0;2;2;1;0;0;0;0;0;0;0;0;-38,544418;-3,779518
300760;9;12;2016;16:45;0;RD CE-040;;;;KM-05;Colisão;Luz do Dia;Bom;Seca;Meio de Quadra;;;0;0;2;1;0;0;1;0;0;0;0;0;-38,480331;-3,791613
300758;9;12;2016;18:00;0;RD CE-040;;;;KM-05;Atropelamento;Anoitecer;Bom;Seca;Meio de Quadra;;;0;0;2;0;0;0;0;0;0;1;0;0;-38,480331;-3,791613
299726;9;12;2016;22:40;0;AV DO VAQUEIRO;;;1825;;Colisão;;;;Meio de Quadra;;;0;1;0;0;0;0;0;0;0;1;0;0;-38,506891;-3,857635
299727;9;12;2016;23:45;0;RUA GAL CAIADO DE CASTRO;;;84;;Colisão;;;;Meio de Quadra;;;0;2;0;1;0;0;0;0;0;0;0;0;-38,488587;-3,784077
299715;9;12;2016;19:17;0;RUA CARNAUBAL;RUA ARAGUAIA (PL. AIRTON SENNA);;;;Colisão Transversal;Via Iluminada;Bom;Seca;Cruz;Pare;Residencial;0;0;3;0;0;0;0;0;0;1;0;0;;
299720;9;12;2016;19:59;0;AV GOV LEONEL BRIZOLA;;;880;;Colisão;;;;Meio de Quadra;;;0;2;0;0;0;0;0;0;0;0;0;0;;
299711;9;12;2016;18:19;0;RUA METON DE ALENCAR;;;1289;;;Anoitecer;;;Meio de Quadra;;;0;1;0;0;0;0;0;0;0;1;0;0;;
299712;9;12;2016;18:26;0;AV CARNEIRO DE MENDONCA;;;1480;;Colisão Lateral;Mal Iluminada;Bom;Seca;T;Pare;Comercial;0;0;4;1;0;0;0;0;0;1;0;0;-38,57186;-3,761372
299723;9;12;2016;20:10;0;RUA CEL FABRICIANO;;;1407;;Colisão;;;;Meio de Quadra;;;0;2;0;1;0;0;0;0;0;1;0;0;-38,604497;-3,7837
299695;9;12;2016;12:23;0;RUA DR AMBROSIO CARNEIRO;;;625;;Colisão;Luz do Dia;;;Meio de Quadra;;;0;2;0;0;0;0;0;0;0;1;0;0;;
299696;9;12;2016;12:55;0;RUA ALM RUFINO;;;719;;Colisão;Luz do Dia;;;Meio de Quadra;;;0;2;0;1;0;0;0;0;0;1;0;0;-38,536116;-3,766993
299699;9;12;2016;16:59;0;AV PRS CASTELO BRANCO;;;3348;;Colisão;Luz do Dia;;;Meio de Quadra;;;0;2;0;0;0;0;0;0;0;1;0;0;-38,561034;-3,710482
299706;9;12;2016;17:34;26083;AV BEZERRA DE MENEZES;AV JOSE JATAHY;;;;Atropelamento;Anoitecer;;;Cruz;Semáforo;Comercial;0;1;1;0;0;0;0;0;0;1;0;0;;
299709;9;12;2016;17:52;0;AV FILOMENO GOMES;;;860;;Colisão;Anoitecer;;;Meio de Quadra;;;0;2;0;1;0;0;0;0;0;1;0;0;-38,54105;-3,72266
299654;9;12;2016;11:55;0;RUA GUILHERME ROCHA;;;1676;;Colisão;Luz do Dia;;;Meio de Quadra;;;0;1;1;0;0;1;0;0;0;0;0;0;;
299661;9;12;2016;11:58;12407;RUA ALUISIO AZEVEDO;RUA MELO DE OLIVEIRA;;;;Colisão;Luz do Dia;;;Cruz;Pare;Comercial;0;2;0;0;0;0;0;0;0;1;0;0;-38,577486;-3,771098
299642;9;12;2016;09:49;0;AV DR SILAS MUNGUBA;;;3003;;Atropelamento;Luz do Dia;;;Meio de Quadra;;;0;1;1;0;0;0;0;0;0;1;0;0;-38,546538;-3,788202
299646;9;12;2016;10:15;3981;RUA EDITE BRAGA;RUA PEDRO MACHADO;;;;Colisão Lateral;Luz do Dia;Bom;Seca;Cruz;Pare;Residencial;0;0;3;1;0;0;0;0;0;1;0;0;-38,545206;-3,758018
299647;9;12;2016;11:49;0;AV H CJ CEARA;;;;;Colisão;Luz do Dia;;;Meio de Quadra;;;0;3;0;0;0;0;0;0;0;1;0;0;;
299281;9;12;2016;16:24;0;RUA BERNARDO MANUEL;;;13019;;Colisão;Luz do Dia;;;Meio de Quadra;;;0;2;0;0;0;0;0;0;0;0;0;0;-38,561372;-3,832058
299290;9;12;2016;17:27;0;RUA DO GUAJIRU D56;;;473;;Colisão;Anoitecer;;;Meio de Quadra;;;0;2;0;0;0;0;0;0;0;0;0;0;;
299291;9;12;2016;17:34;0;AV BEZERRA DE MENEZES;;;1073;;Atropelamento;Anoitecer;;;Meio de Quadra;;;0;1;1;0;0;0;0;0;0;1;0;0;;
299292;9;12;2016;18:35;0;RUA BERNARDO MANUEL;;;9425;;Colisão;;;;Meio de Quadra;;;0;2;0;1;0;0;0;0;0;1;0;0;-38,552695;-3,802892
299293;9;12;2016;19:36;0;RUA BRAGANCA;;;765;;Atropelamento;;;;Meio de Quadra;;;0;2;0;0;0;0;0;0;0;0;0;0;-38,596385;-3,780077
299294;9;12;2016;19:36;5965;AV F CJ CEARA;AV C CJ CEARA;;475;;Colisão Transversal;Luz do Dia;Bom;Seca;Rotatória;Dê Preferência;Residencial;0;0;4;1;0;0;0;0;0;1;0;0;;
299255;9;12;2016;16:15;0;RUA CIDADE ECOLOGICA;;;100;;Colisão;Luz do Dia;;;Meio de Quadra;;;0;2;0;0;0;0;0;0;0;1;0;0;;
299248;9;12;2016;14:49;24331;AV LUCIANO CARNEIRO;RUA ARMANDO MONTEIRO;;;;Colisão;Luz do Dia;;;Cruz;Pare;Residencial;0;2;0;1;0;0;0;0;0;1;0;0;-38,536219;-3,763454
299231;9;12;2016;08:38;7923;AV DES MOREIRA;RUA ISAC AMARAL;;;;Colisão Transversal;Luz do Dia;Bom;Seca;Cruz;Semáforo;Comercial;0;1;3;0;0;0;0;0;0;1;0;0;-38,503726;-3,753019
299244;9;12;2016;09:07;0;RUA PERU;;;2059;;Colisão;Luz do Dia;;;Meio de Quadra;;;0;2;0;1;0;0;0;0;0;1;0;0;;
299225;9;12;2016;07:46;0;RUA NAT FEIJO;;;493;;Colisão;Luz do Dia;;;Meio de Quadra;;;0;2;0;1;0;0;0;0;0;1;0;0;-38,55325;-3,722258
299228;9;12;2016;07:55;0;RUA ASTROGILDO FONTOURA;;;351;;Queda;Luz do Dia;;;Meio de Quadra;;;0;1;0;0;0;0;0;0;0;1;0;0;-38,582539;-3,712094
299214;9;12;2016;06:11;0;AV GAL OSORIO DE PAIVA;;;504;;Colisão;Luz do Dia;;;Meio de Quadra;;;0;2;0;0;0;0;0;0;0;0;0;0;;
299220;9;12;2016;07:05;0;AV ALBERTO CRAVEIRO;;;2644;;Colisão;Luz do Dia;;;Meio de Quadra;;;0;2;0;1;0;0;0;0;0;1;0;0;-38,521448;-3,803094
299221;9;12;2016;07:39;0;RUA BERNARDO MANUEL;;;7700;;Colisão Transversal;Luz do Dia;;;Meio de Quadra;;;0;2;0;1;0;0;0;0;0;1;0;0;-38,547351;-3,7855
299222;9;12;2016;07:41;0;AV PRS CASTELO BRANCO;;;665;;Colisão Traseira;Luz do Dia;Bom;Seca;Meio de Quadra;Não Há Controle;Comercial;0;0;4;1;0;1;0;0;0;0;0;0;;
295435;9;12;2016;21:30;0;RUA CEL FABRICIANO;;;1404;;Colisão;;;;Meio de Quadra;;;0;1;1;1;0;0;0;0;0;1;0;0;-38,604409;-3,783724
295437;10;12;2016;02:30;5442;AV VIS RIO BRANCO;RUA GAL CLARINDO DE QUEIROZ;;;;Colisão;;;;Cruz;Semáforo;Comercial;0;0;2;1;0;0;0;0;0;0;0;0;-38,524385;-3,734584
295996;10;12;2016;00:40;0;RD BR 116;;;3000;KM-03;Choque c/ Obstáculo Fixo;;;;Meio de Quadra;;;0;0;1;1;0;0;0;0;0;0;0;0;-38,514372;-3,779838
295997;10;12;2016;20:45;0;RD BR 116;;;14000;KM-14;Colisão Traseira;;;;Meio de Quadra;;;0;2;1;1;0;0;0;0;0;1;0;0;-38,499242;-3,873523
299308;10;12;2016;03:54;0;AV PDE ANTONIO TOMAS;;;2302;;Choque c/ Obstáculo Fixo;Via Iluminada;Bom;Seca;Meio de Quadra;Não Há Controle;Comercial;0;0;1;0;0;0;0;0;0;1;0;0;-38,491447;-3,742836
299309;10;12;2016;10:33;12643;RUA ALBERTO FERREIRA;RUA GUILHERME MENDES;;;;Colisão;Luz do Dia;;;Cruz;Pare;Residencial;0;2;0;1;0;0;0;0;0;1;0;0;-38,583132;-3,721019
299310;10;12;2016;10:44;183;RUA DEMETRIO MENEZES;AV SGT HERMINIO SAMPAIO;;;;Colisão Transversal;Luz do Dia;Bom;Seca;Cruz;Semáforo;Residencial;0;0;4;0;1;0;0;0;0;1;0;0;-38,584316;-3,733867
299311;10;12;2016;11:05;0;AV ZEZE DIOGO;;;;;Colisão;Luz do Dia;;;Meio de Quadra;;;0;2;0;0;0;0;0;0;0;0;0;0;;
299322;10;12;2016;16:03;0;RUA FLORIANO PEIXOTO;;;;;Colisão;Luz do Dia;;;Meio de Quadra;;;0;2;0;1;0;0;0;0;0;1;0;0;;
299304;10;12;2016;03:27;0;RUA DR MANOEL MOREIRA;;;597;;Colisão;;;;Meio de Quadra;;;0;2;0;0;0;0;0;0;0;1;0;0;;
299318;10;12;2016;12:48;0;RUA CAPRICHO;;;551;;Queda;Luz do Dia;;;Meio de Quadra;;;0;1;0;0;0;0;0;0;0;1;0;0;;
299331;10;12;2016;22:12;0;RUA JOAO GENTIL;;;;;Colisão;;;;Meio de Quadra;;;0;2;0;1;0;0;0;0;0;1;0;0;;
299332;10;12;2016;23:37;0;RUA PAPI JUNIOR;;;1439;;Colisão;;;;Meio de Quadra;;;0;2;0;1;0;0;0;0;0;0;0;0;;
299333;10;12;2016;23:44;6545;AV H CJ CEARA;AV A CJ CEARA;;;;Colisão;;;;Cruz;Semáforo;Comercial;0;2;0;1;0;0;0;0;0;1;0;0;-38,605924;-3,775146
299329;10;12;2016;21:11;0;RUA MAJ PEDRO SAMPAIO;;;1351;;Atropelamento;;;;Meio de Quadra;;;0;2;0;1;0;0;0;0;0;0;0;0;-38,554879;-3,747912
299324;10;12;2016;19:22;0;TR FRAMBOESA;;;702;;Colisão;;;;Meio de Quadra;;;0;2;0;1;0;0;0;0;0;1;0;0;;
299325;10;12;2016;19:50;0;RUA JULIO SILVA;;;440;;Colisão;;;;Meio de Quadra;;;0;2;0;1;0;0;0;0;0;1;0;0;;
299732;10;12;2016;04:32;0;AV H CJ CEARA;;;1514;;Colisão;;;;Meio de Quadra;;;0;1;0;0;0;0;0;0;0;1;0;0;;
299729;10;12;2016;00:54;0;AV ENG HUMBERTO MONTE;;;1011;;Queda;;;;Meio de Quadra;;;0;1;0;0;0;0;0;0;0;1;0;0;-38,55974;-3,750099
299730;10;12;2016;04:01;0;RUA AZEVEDO BOLAO;;;639;;Colisão;;;;Meio de Quadra;;;0;2;0;0;0;0;0;0;0;0;0;0;-38,549967;-3,73506
299735;10;12;2016;06:06;0;AV GAL OSORIO DE PAIVA;;;8000;;Colisão;Luz do Dia;;;Meio de Quadra;;;0;1;0;0;0;0;0;0;0;1;0;0;-38,618086;-3,821241
299741;10;12;2016;07:37;5407;RUA SOLON PINHEIRO;AV DUQ CAXIAS;;;;Colisão;Luz do Dia;;;Cruz;Semáforo;Comercial;0;2;0;1;0;0;0;0;0;1;0;0;-38,527034;-3,732704
299737;10;12;2016;07:06;0;AV PONTES VIEIRA;;;220;;Colisão Traseira;Luz do Dia;Bom;Seca;Meio de Quadra;Não Há Controle;Comercial;0;1;3;1;0;0;0;0;0;1;0;0;;
299745;10;12;2016;07:55;17377;RUA BAR CANINDE;RUA ELVIRA PINHO;;;;Colisão;Luz do Dia;;;Cruz;Pare;Residencial;0;2;0;1;0;0;0;0;0;1;0;0;-38,556147;-3,766881
299827;10;12;2016;18:12;5662;RUA VICENTE LOPES;AV JOSE LEON;;;;Colisão;Anoitecer;;;Cruz;Pare;Comercial;0;2;0;1;0;0;0;0;0;1;0;0;-38,494897;-3,789544
299822;10;12;2016;17:44;3811;RUA TEREZA CRISTINA;RUA LUIS DE MIRANDA;;;;Colisão;Anoitecer;;;Cruz;Pare;Residencial;0;2;0;1;0;0;0;0;0;1;0;0;;
299820;10;12;2016;17:39;0;AV MR HULL;;;3556;;Colisão;Anoitecer;;;Meio de Quadra;;;0;2;0;1;0;0;0;0;0;1;0;0;-38,57645;-3,737573
299817;10;12;2016;17:36;0;RUA TEREZA CRISTINA;;;1976;;Colisão;Anoitecer;;;Meio de Quadra;;;0;2;0;1;0;0;0;0;0;1;0;0;-38,539919;-3,737603
299797;10;12;2016;16:22;0;RUA BOM JESUS (GRANJA LISBOA);;;1996;;Colisão;Luz do Dia;;;Meio de Quadra;;;0;2;0;1;0;0;0;0;0;1;0;0;;
299798;10;12;2016;16:49;0;RUA FRE HENRIQUE D60;;;388;;Queda;Luz do Dia;;;Meio de Quadra;;;0;1;0;0;0;1;0;0;0;0;0;0;-38,493156;-3,825982
299799;10;12;2016;17:12;0;RUA MON JOAO LUIS SANTIAGO;;;631;;Colisão;Anoitecer;;;Meio de Quadra;;;0;2;0;1;0;0;0;0;0;0;0;0;;