COD_ACIDENTE;DIA;MES;ANO;HORA;INTERSECAO;LOG1;LOG2;LOG3;NUMERO;REFERENCIA;NATUREZA;ILUMINACAO;TEMPO;SUPERFICIEPISTA;TIPOCRUZAMENTO;CONTROLETRAFEGO;USOSOLO;MORTOS;FERIDOS;ILESOS;AUTOMOVEL;ONIBUS;BICICLETA;CAMINHAO;MICROONIBUS;CICLOMOTOR;MOTOCICLETA;TRACAOANIMAL;TREM;LONG;LAT
299794;10;12;2016;16:18;0;RUA 1 LT ARVOREDO;;;328;;Colisão;Luz do Dia;;;Meio de Quadra;;;0;2;0;1;0;0;0;0;0;1;0;0;;
299780;10;12;2016;12:20;20042;AV ALBERTO CRAVEIRO;AV DR SILAS MUNGUBA;;;;Colisão Traseira;Luz do Dia;Bom;Seca;Rotatória;Dê Preferência;Comercial;0;0;4;1;0;0;0;0;0;1;0;0;-38,524782;-3,807229
299788;10;12;2016;14:21;5283;AV DOM MANUEL;AV SANTOS DUMONT;;;;Atropelamento;Luz do Dia;;;Cruz;Semáforo;Comercial;0;2;0;1;0;0;0;0;0;0;0;0;-38,52125;-3,728774
299789;10;12;2016;14:48;22940;RUA JAPI;RUA BERNARDO MANUEL;;;;Colisão;Luz do Dia;;;Cruz;Pare;Misto;0;2;0;1;0;0;0;0;0;1;0;0;-38,546927;-3,784073
299790;10;12;2016;18:17;0;AV JOAO PESSOA;;;4960;;Colisão Transversal;Luz do Dia;Bom;Seca;T;Não Há Controle;Residencial;0;1;4;1;1;0;0;0;0;0;0;0;-38,551854;-3,755106
299791;10;12;2016;16:09;26272;RUA VALPARAISO;RUA RECANTO VERDE;;;;Colisão;Luz do Dia;;;;;;0;2;0;1;0;0;0;0;0;1;0;0;;
299782;10;12;2016;12:25;8113;RUA HOLANDA;RUA CARLOS JUACABA;;;;Colisão;Luz do Dia;;;T;Pare;Residencial;0;2;0;1;0;0;0;0;0;1;0;0;-38,563551;-3,795545
299783;10;12;2016;12:29;0;AV PRS CASTELO BRANCO;;;3413;;Queda;Luz do Dia;;;Meio de Quadra;;;0;1;0;0;0;0;0;0;0;1;0;0;-38,561811;-3,710277
299784;10;12;2016;13:05;0;AV JOVITA FEITOSA;;;2828;;Colisão Traseira;Luz do Dia;Bom;Seca;Cruz;Semáforo;Comercial;0;0;4;1;0;0;0;0;0;0;0;0;-38,562995;-3,741189
299759;10;12;2016;09:38;0;RUA 15 DE NOVEMBRO;;;484;;Colisão;Luz do Dia;;;Meio de Quadra;;;0;2;0;1;0;0;0;0;0;1;0;0;-38,555861;-3,768934
299757;10;12;2016;09:14;0;AV AGUANAMBI;;;;;Colisão;Luz do Dia;;;Meio de Quadra;;;0;2;0;0;0;0;0;0;0;0;0;0;;
299777;10;12;2016;10:34;19305;RUA CON DE CASTRO;RUA CARLOS AMORA;;;;Colisão;Luz do Dia;;;T;Semáforo;Comercial;0;2;0;1;0;0;0;0;0;1;0;0;-38,563978;-3,774756
299778;10;12;2016;12:12;0;RUA 1149 CJ CEARA;;;236;;Colisão;Luz do Dia;;;Meio de Quadra;;;0;2;0;1;0;0;0;0;0;1;0;0;;
299755;10;12;2016;08:38;0;AV JOSE BASTOS;;;;;Colisão;Luz do Dia;;;Meio de Quadra;;;0;2;0;1;0;0;0;0;0;1;0;0;;
299752;10;12;2016;08:19;5255;AV TRISTAO GONCALVES;RUA PEDRO PEREIRA;;;;Colisão;Luz do Dia;;;Cruz;Semáforo;Comercial;0;2;0;0;0;0;0;0;0;0;0;0;-38,533489;-3,728075
299749;10;12;2016;08:17;0;AV AGUANAMBI;;;1453;;Colisão;Luz do Dia;;;Meio de Quadra;;;0;2;0;0;0;0;0;0;0;0;0;0;-38,523789;-3,749558
299871;10;12;2016;23:27;0;RUA CON DE CASTRO;;;;;Colisão;;;;Meio de Quadra;;;0;2;0;1;0;0;0;0;0;1;0;0;;
299872;10;12;2016;23:55;15352;RUA CEL LINHARES;RUA REPUBLICA DO LIBANO;;;;Colisão;;;;Cruz;Não Há Controle;Residencial;0;2;0;1;0;0;0;0;0;1;0;0;-38,492865;-3,73254
299868;10;12;2016;23:20;13771;RUA LUIZA MIRANDA COELHO;AV PINTO BANDEIRA D56;;;;Colisão;;;;Cruz;Pare;Comercial;0;2;0;1;0;0;0;0;0;1;0;0;-38,487283;-3,774929
299844;10;12;2016;19:27;2792;RUA RAIMUNDO PINHEIRO;RUA GERALDO BARBOSA;;;;Colisão;;;;;;;0;2;0;0;0;0;0;0;0;1;0;0;-38,598311;-3,79311
299856;10;12;2016;21:38;0;AV SEN FERNANDES TAVORA;;;3002;;Colisão;;;;Meio de Quadra;;;0;2;0;1;0;0;0;0;0;1;0;0;-38,599659;-3,754867
299857;10;12;2016;21:42;0;RUA URUCUTUBA;;;1993;;Colisão;;;;Meio de Quadra;;;0;2;0;0;0;0;0;0;0;0;0;0;;
299851;10;12;2016;19:57;0;RUA BERNARDO MANUEL;;;10921;;Colisão;;;;Meio de Quadra;;;0;2;0;1;0;0;0;0;0;1;0;0;-38,556224;-3,814503
299852;10;12;2016;20:05;0;RUA PRO HERIBALDO COSTA;;;1720;;Colisão;;;;Meio de Quadra;;;0;2;0;0;0;0;0;0;0;0;0;0;-38,587435;-3,766788
299853;10;12;2016;20:31;0;AV DOS EXPEDICIONARIOS;;;10921;;Colisão;;;;Meio de Quadra;;;0;2;0;1;0;0;0;0;0;1;0;0;;
299854;10;12;2016;20:51;9131;AV 13 DE MAIO;RUA BAR ARATANHA;;;;Atropelamento;;;;;;;0;2;0;1;0;0;0;0;0;0;0;0;-38,531331;-3,747615
299838;10;12;2016;19:26;0;RUA COSME JERONIMO;;;1257;;Colisão;;;;Meio de Quadra;;;0;1;0;1;0;0;0;0;0;0;0;0;;
299849;10;12;2016;19:46;0;AV DUQ CAXIAS;;;1701;;Colisão;;;;Meio de Quadra;;;0;2;0;1;0;0;0;0;0;0;0;0;-38,539517;-3,728676
299832;10;12;2016;19:07;15896;RUA GURGEL DO AMARAL;RUA JOSE CAVALCANTE SOBR;;;;Colisão;;;;T;Pare;Residencial;0;2;0;1;0;0;0;0;0;1;0;0;;
299829;10;12;2016;18:32;4007;RUA ALBERTO MAGNO;RUA DES PRAXEDES;;;;Colisão;;;;Cruz;Semáforo;Comercial;0;2;0;0;0;0;0;0;0;1;0;0;-38,546795;-3,76123
299836;10;12;2016;19:26;0;AV ZEZE DIOGO;;;1700;;Colisão;;;;Meio de Quadra;;;0;2;0;0;0;0;0;0;0;0;0;0;;
299834;10;12;2016;18:08;0;RUA JOSE HIPOLITO;;;1120;;Colisão;Anoitecer;;;Meio de Quadra;;;0;2;0;1;0;0;0;0;0;1;0;0;-38,486161;-3,835701
300761;10;12;2016;06:40;0;RD CE-040;;;;KM-05;Colisão;Luz do Dia;Bom;Seca;Meio de Quadra;;;0;0;2;1;0;0;0;0;0;0;0;0;-38,480331;-3,791613
292816;10;12;2016;00:45;5463;RUA BARBARA DE ALENCAR;RUA DNA LEOPOLDINA;;;;Colisão Lateral;Via Iluminada;Bom;Seca;Cruz;Pare;Comercial;0;0;2;1;0;0;0;0;0;0;0;0;-38,521102;-3,735695
292812;10;12;2016;07:40;5407;AV DUQ CAXIAS;RUA SOLON PINHEIRO;;;;Colisão Transversal;Luz do Dia;Bom;Seca;Cruz;Semáforo;Comercial;0;0;2;1;0;0;0;0;0;1;0;0;-38,527034;-3,732704
302960;10;12;2016;04:50;0;AV ENG ALBERTO SA;;;77;;Choque c/ Obstáculo Fixo;Amanhecer;Bom;Seca;Meio de Quadra;Não Há Controle;Residencial;0;0;0;1;0;0;0;0;0;0;0;0;;
302961;10;12;2016;08:45;19721;RUA GUSTAVO SAMPAIO;RUA AMADEU FURTADO;;0;;Colisão Transversal;Luz do Dia;Bom;Seca;Cruz;Pare;Residencial;0;0;2;1;0;0;0;0;0;0;0;0;-38,563828;-3,736786
302962;10;12;2016;14:04;7766;AV ANTONIO SALES;RUA TIBURCIO CAVALCANTE;;0;;Engavetamento;Luz do Dia;Bom;Seca;Cruz;Semáforo;Comercial;0;0;3;1;0;0;0;0;0;0;0;0;-38,505333;-3,744543
302963;10;12;2016;14:56;0;RUA TOMAS RODRIGUES;;;415;;Colisão Lateral;Luz do Dia;Bom;Seca;Meio de Quadra;Não Há Controle;Comercial;0;0;2;1;0;0;0;0;0;1;0;0;-38,593853;-3,740435
302964;10;12;2016;15:12;0;AV BEZERRA DE MENEZES;;;1051;;Colisão Lateral;Luz do Dia;Bom;Seca;Meio de Quadra;Semáforo;Comercial;0;0;1;1;0;0;0;0;0;1;0;0;-38,554238;-3,733552
302965;10;12;2016;14:15;0;AV PRS COSTA E SILVA;RUA PAU BRASIL;;0;;Colisão Traseira;Luz do Dia;Bom;Seca;T;Semáforo;Residencial;0;0;2;1;0;0;0;0;0;0;0;0;;
302966;10;12;2016;20:47;0;RUA ANA BILHAR;;;379;;Colisão Lateral;Via Iluminada;Bom;Seca;Meio de Quadra;Não Há Controle;Residencial;0;0;2;1;1;0;0;0;0;0;0;0;-38,496191;-3,729305
302967;10;12;2016;19:45;25083;AV JOR THOMAZ COELHO;RUA CEL FRANCISCO ALVES RIBEIRO;;0;;Colisão Transversal;Via Iluminada;Bom;Seca;Cruz;Semáforo;Comercial;0;0;1;1;0;0;0;0;0;0;0;0;-38,509152;-3,8299
292810;10;12;2016;00:01;4790;RUA CON DE CASTRO;RUA DR ESTENIO GOMES;;;;Colisão Transversal;Via Iluminada;Bom;Seca;Y;Pare;Residencial;0;1;1;1;0;0;0;0;0;0;0;0;-38,593357;-3,80656
292805;10;12;2016;14:48;0;AV AUGUSTO DOS ANJOS;;;682;;Colisão Traseira;;Bom;Seca;Meio de Quadra;Semáforo;Residencial;0;0;2;0;1;0;0;0;0;0;0;0;-38,573924;-3,774263
292806;10;12;2016;14:58;0;RUA PDE ANTONIO VIEIRA D37;;;510;;;Luz do Dia;Bom;Seca;Meio de Quadra;Não Há Controle;Residencial;0;0;2;1;0;0;0;0;0;0;0;0;-38,563741;-3,764404
292798;10;12;2016;04:10;0;RUA AZEVEDO BOLAO;;;683;;Colisão Transversal;Via Iluminada;Bom;Seca;Meio de Quadra;Pare;Residencial;0;0;2;1;0;0;0;0;0;0;0;0;-38,550529;-3,735178
292801;10;12;2016;08:50;17377;RUA BAR CANINDE;RUA ELVIRA PINHO;;;;Colisão Lateral;Luz do Dia;Bom;Seca;Cruz;Pare;Residencial;0;1;1;0;0;0;0;0;0;1;0;0;-38,556147;-3,766881
292803;10;12;2016;11:13;0;AV PDE ANTONIO TOMAS;;;605;;Colisão Lateral;Luz do Dia;Bom;Seca;Outros;Semáforo Intermitente;Comercial;0;0;2;1;0;0;0;0;0;0;0;0;-38,498006;-3,740697
292795;10;12;2016;12:35;0;RUA HOLANDA;;;527;;Colisão Traseira;Luz do Dia;Bom;Seca;Meio de Quadra;Outros;Residencial;0;1;1;1;0;0;0;0;0;1;0;0;-38,563612;-3,795489
292786;10;12;2016;22:40;19360;RUA EDUARDO PERDIGAO;AV GODOFREDO MACIEL;;;;Colisão Lateral;Via Iluminada;Bom;Seca;T;Outros;Comercial;0;0;2;1;0;0;0;0;0;0;0;0;-38,563845;-3,776654
292788;10;12;2016;10:50;0;AV JOSE BASTOS;;;3612;;Outros;Luz do Dia;Bom;Seca;Meio de Quadra;Pare;Comercial;0;0;3;1;0;0;0;0;0;0;0;0;-38,551162;-3,750699
303673;10;12;2016;22:00;0;RD CE-060;;;;KM-03;Choque c/ Obstáculo Fixo;;Bom;Seca;Meio de Quadra;;;0;0;1;1;0;0;0;0;0;0;0;0;-38,585024;-3,843072
303297;11;12;2016;13:00;0;RD CE-040;;;;KM-13;Colisão;Luz do Dia;Bom;Seca;Meio de Quadra;;;0;0;2;1;0;0;0;0;0;0;0;0;;
303300;11;12;2016;12:00;0;RD CE-040;;;;KM-07;Colisão;Luz do Dia;Bom;Seca;Meio de Quadra;;;0;0;3;1;0;0;0;0;0;0;0;0;-38,478733;-3,809597
292546;11;12;2016;02:30;0;RUA MELO DE OLIVEIRA;;;406;;Choque c/ Obstáculo Fixo;;;;Meio de Quadra;;;1;1;0;0;0;0;0;0;0;1;0;0;-38,57664;-3,769472
302972;11;12;2016;14:10;19611;AV GODOFREDO MACIEL;RUA NEREU RAMOS;;0;;Colisão Traseira;Luz do Dia;Bom;Seca;T;Semáforo;Residencial;0;0;2;0;1;0;0;0;0;1;0;0;-38,566802;-3,78725
292814;11;12;2016;19:10;5293;RUA SEN POMPEU;RUA PEDRO PEREIRA;;;;Colisão Transversal;Via Iluminada;Bom;Seca;Cruz;Semáforo;Comercial;0;0;2;1;0;0;0;0;0;0;0;0;-38,530289;-3,729114
292811;11;12;2016;11:30;2529;AV FRANCISCO SA;RUA JERONIMO ALBUQUERQUE;;;;Colisão Lateral;Luz do Dia;Bom;Seca;T;Pare;Comercial;0;0;2;1;1;0;0;0;0;0;0;0;-38,577688;-3,71045
299881;11;12;2016;03:22;7800;AV BAR STUDART;RUA JULIO SIQUEIRA;;;;Colisão;;;;Cruz;Semáforo;Comercial;0;2;0;1;0;0;0;0;0;1;0;0;-38,511144;-3,748825
299882;11;12;2016;05:05;25231;AV I CJ JOSE WALTER;AV PRS COSTA E SILVA;;;;Colisão;Amanhecer;;;T;Não Há Controle;Residencial;0;1;0;0;0;0;0;0;0;1;0;0;-38,550232;-3,823494
299884;11;12;2016;08:20;0;AV DEP PAULINO ROCHA;;;1751;;Queda;Luz do Dia;;;Meio de Quadra;;;0;1;0;0;0;1;0;0;0;0;0;0;-38,513041;-3,811699
299875;11;12;2016;00:08;0;RUA MELO DE OLIVEIRA;;;;;Queda;;;;Meio de Quadra;;;0;1;0;0;0;0;0;0;0;1;0;0;;
299876;11;12;2016;01:03;0;AV CARNEIRO DE MENDONCA;;;1580;;Colisão;;;;Meio de Quadra;;;0;2;0;1;0;0;0;0;0;1;0;0;-38,572466;-3,761069
299877;11;12;2016;02:23;0;RUA ANDRE REBOUCAS;;;322;;Colisão;;;;Meio de Quadra;;;0;2;0;0;0;0;0;0;0;0;0;0;-38,590882;-3,775646
299879;11;12;2016;03:10;0;AV GODOFREDO MACIEL;;;;;Colisão;;;;Meio de Quadra;;;0;2;0;0;0;0;0;0;0;0;0;0;;
299888;11;12;2016;09:04;0;AV SEN CARLOS JEREISSATI (AEROPORTO);;;;;Colisão;Luz do Dia;;;Meio de Quadra;;;0;2;0;0;0;0;0;0;0;1;0;0;;
299890;11;12;2016;10:09;0;RUA BARRA NOVA;;;983;;Colisão;Luz do Dia;;;Meio de Quadra;;;0;2;0;0;0;0;0;0;0;1;0;0;-38,505578;-3,784402
299886;11;12;2016;09:26;3798;RUA JUSTINIANO DE SERPA;RUA CAIO CARLOS;;;;Colisão;Luz do Dia;;;Duplo T;Pare;Rural;0;2;0;0;0;0;0;0;0;0;0;0;-38,541427;-3,737977
299892;11;12;2016;11:46;0;AV SANTOS DUMONT;;;6500;;Colisão Lateral;Luz do Dia;Bom;Seca;Meio de Quadra;Semáforo;Comercial;0;0;4;1;0;0;0;0;0;0;0;0;-38,475074;-3,743736
299912;11;12;2016;14:25;0;AV DA INDEPENDENCIA;;;492;;Atropelamento;Luz do Dia;;;Meio de Quadra;;;0;2;0;1;0;0;0;0;0;0;0;0;-38,58528;-3,728608
299939;11;12;2016;16:11;18423;AV SGT HERMINIO SAMPAIO;RUA FRE ODILON;;;;Colisão;Luz do Dia;;;Cruz;Não Há Controle;Residencial;0;2;0;0;0;0;0;0;0;1;0;0;-38,572692;-3,728921
299902;11;12;2016;12:12;5490;AV DOM MANUEL;RUA PDE VALDEVINO;;;;Colisão;Luz do Dia;;;;;;0;2;0;0;0;0;0;0;0;1;0;0;-38,523967;-3,736873
299910;11;12;2016;12:38;0;RUA CEL DIONISIO ALENCAR;;;211;;Colisão;Luz do Dia;;;Meio de Quadra;;;0;2;0;1;0;0;0;0;0;1;0;0;-38,487081;-3,82994
299975;11;12;2016;18:41;15227;AV DES MOREIRA;AV ABOLICAO;;;;Colisão;;;;Cruz;Semáforo;Comercial;0;2;0;1;0;0;0;0;0;1;0;0;-38,495474;-3,727331
299959;11;12;2016;17:31;0;RUA PDE PEDRO DE ALENCAR;;;44;;Colisão;Anoitecer;;;Meio de Quadra;;;0;2;0;1;0;0;0;0;0;1;0;0;-38,493495;-3,827864
299961;11;12;2016;17:45;0;AV RAD JOSE LIMA VERDE;;;;;Queda;Anoitecer;;;Meio de Quadra;;;0;1;0;0;0;0;0;0;0;1;0;0;;
299950;11;12;2016;16:39;0;RUA SABIAGUABA;;;1609;;Colisão;Luz do Dia;;;Meio de Quadra;;;0;2;0;0;0;0;0;0;0;1;0;0;;
299956;11;12;2016;17:18;0;RUA ANGELA DINIZ;;;49;;Colisão;Anoitecer;;;Meio de Quadra;;;0;2;0;1;0;0;0;0;0;1;0;0;-38,521507;-3,850487
299941;11;12;2016;16:39;0;RUA SABIAGUABA;;;1609;;Colisão;Luz do Dia;;;;;;0;2;0;0;0;0;0;0;0;1;0;0;;
299953;11;12;2016;16:55;0;AV AUGUSTO DOS ANJOS;;;888;;Colisão;Luz do Dia;;;Meio de Quadra;;;0;2;0;1;0;0;0;0;0;1;0;0;-38,575129;-3,7756
299968;11;12;2016;18:18;0;RUA VINTE E QUATRO DE MAIO;;;613;;Atropelamento;Anoitecer;;;Meio de Quadra;;;0;2;0;1;0;0;0;0;0;0;0;0;;
299982;11;12;2016;19:21;0;RUA BERNARDO MANUEL;;;9346;;Colisão;;;;Meio de Quadra;;;0;2;0;1;0;0;0;0;0;1;0;0;-38,552322;-3,801756
299986;11;12;2016;19:44;0;AV H CJ CEARA;;;1600;;Colisão;;;;Meio de Quadra;;;0;2;0;0;0;0;0;0;0;0;0;0;-38,612462;-3,776077
299995;11;12;2016;20:39;13304;AV I CJ JOSE WALTER;AV G CJ JOSE WALTER;;;;Colisão;;;;T;Pare;Residencial;0;2;0;1;0;0;0;0;0;1;0;0;-38,554956;-3,839061
299993;11;12;2016;20:25;0;AV DOS EXPEDICIONARIOS;;;9344;;Colisão;;;;Meio de Quadra;;;0;2;0;1;0;0;0;0;0;1;0;0;;
300009;11;12;2016;22:07;0;AV BENJAMIM BRASIL;;;;;Colisão;;;;Meio de Quadra;;;0;1;1;1;0;0;0;0;0;1;0;0;;
300017;11;12;2016;22:30;0;RUA LEITAO CERQUEIRA;;;28;;Colisão;;;;Meio de Quadra;;;0;1;0;0;0;0;0;0;0;1;0;0;;
300006;11;12;2016;21:09;0;RUA SABINO MONTE;;;4674;;Colisão;;;;Meio de Quadra;;;0;1;1;0;0;0;0;0;0;0;0;0;-38,510968;-3,762283
300020;11;12;2016;22:34;0;RUA DR JOSE LINO;;;;;Colisão;;;;Meio de Quadra;;;0;1;0;1;0;0;0;0;0;0;0;0;;
300023;11;12;2016;22:36;0;RUA MARIO FILHO;;;1161;;Queda;;;;Meio de Quadra;;;0;1;0;0;0;0;0;0;0;1;0;0;;
299984;11;12;2016;19:38;0;RUA JULIO BRAGA;;;;;Colisão;;;;Meio de Quadra;;;0;2;0;1;0;0;0;0;0;1;0;0;;
300025;11;12;2016;23:20;22147;RUA GUSTAVO BRAGA;RUA PAPI JUNIOR;;;;Colisão;;;;Cruz;Pare;Residencial;0;2;0;0;0;0;0;0;0;0;0;0;-38,554656;-3,749148
299335;11;12;2016;00:08;0;RUA MELO DE OLIVEIRA;;;413;;Colisão;;;;Meio de Quadra;;;0;1;0;0;0;0;0;0;0;1;0;0;-38,576608;-3,769408
299356;11;12;2016;14:25;0;AV DA INDEPENDENCIA;;;1491;;Capotamento;Luz do Dia;;;Meio de Quadra;;;0;1;0;1;0;0;0;0;0;0;0;0;-38,593953;-3,726046
299357;11;12;2016;14:42;0;RUA JULIO SILVA;;;440;;Colisão;Luz do Dia;;;Meio de Quadra;;;0;1;0;0;0;1;0;0;0;0;0;0;;
299358;11;12;2016;17:43;0;RUA L CJ VILA VELHA;;;650;;Colisão;Anoitecer;;;Meio de Quadra;;;0;2;0;0;0;0;0;0;0;0;0;0;;
299359;11;12;2016;17:45;0;AV CEL CARVALHO;;;40;;Colisão;Anoitecer;;;Meio de Quadra;;;0;1;0;0;0;0;0;0;0;1;0;0;;
299360;11;12;2016;18:05;0;AV 13 DE MAIO;;;1230;;Colisão;Anoitecer;;;Meio de Quadra;;;0;2;0;0;0;0;0;0;0;0;0;0;;
299362;11;12;2016;18:12;0;RUA BERNARDO MANUEL;;;;;Colisão;Anoitecer;;;Meio de Quadra;;;0;2;0;0;0;0;1;0;0;1;0;0;;
299363;11;12;2016;18:53;0;AV ROGACIANO LEITE;;;1701;;Colisão;;;;Meio de Quadra;;;0;2;0;1;0;0;0;0;0;1;0;0;-38,497641;-3,769329
299364;11;12;2016;20:51;0;AV PERIMETRAL;;;518;;Colisão;;;;Meio de Quadra;;;0;1;1;0;0;0;0;0;0;1;0;0;;
299352;11;12;2016;13:19;0;AV PRS CASTELO BRANCO;;;;;Queda;Luz do Dia;;;Meio de Quadra;;;0;1;0;0;0;0;0;0;0;1;0;0;;
299353;11;12;2016;13:36;10922;RUA CUIABA;RUA PDE SA LEITAO;;;;Colisão;Luz do Dia;;;;;;0;2;0;0;0;0;0;0;0;1;0;0;-38,583738;-3,766479
299366;11;12;2016;23:20;22147;RUA GUSTAVO BRAGA;RUA PAPI JUNIOR;;;;Colisão;;;;Cruz;Pare;Residencial;0;2;0;0;0;0;0;0;0;0;0;0;-38,554656;-3,749148
299367;11;12;2016;23:26;0;AV PRS COSTA E SILVA;;;;;Colisão;;;;Meio de Quadra;;;0;2;0;1;0;0;0;0;0;0;0;0;;
299350;11;12;2016;11:04;0;RUA BERNARDO MANUEL;;;;;Colisão;Luz do Dia;;;Meio de Quadra;;;0;2;0;1;0;0;0;0;0;1;0;0;;
295438;11;12;2016;19:42;12479;AV AUGUSTO DOS ANJOS;RUA PERDIGAO DE OLIVEIRA;;;;Colisão Transversal;Luz do Dia;Bom;Seca;Cruz;Semáforo;Comercial;0;1;3;1;0;0;0;0;0;1;0;0;-38,574712;-3,775131
295439;11;12;2016;14:00;5448;RUA BAR ARATANHA;RUA METON DE ALENCAR;;;;Colisão;Luz do Dia;;;Cruz;Pare;Comercial;0;1;1;1;0;0;0;0;0;0;0;0;-38,527028;-3,734847
295442;11;12;2016;15:40;5246;RUA GONCALVES LEDO;RUA PEREIRA FILGUEIRAS;;;;Colisão Transversal;Luz do Dia;Bom;Seca;Cruz;Pare;Residencial;0;2;2;1;0;0;0;0;0;1;0;0;-38,515004;-3,727667
295443;11;12;2016;17:30;0;AV DA INDEPENDENCIA;;;1495;;Choque c/ Obstáculo Fixo;Anoitecer;;;Meio de Quadra;;;0;1;1;1;0;0;0;0;0;0;0;0;-38,594015;-3,726031
295446;12;12;2016;08:55;3800;RUA CAIO CARLOS;AV 13 DE MAIO;;;;Colisão;Luz do Dia;;;Cruz;Pare;Comercial;0;1;1;1;0;0;0;0;0;1;0;0;-38,54216;-3,738286
295455;12;12;2016;17:20;25890;AV H CJ CEARA;RUA BARRA VERMELHA;;;;Colisão;Anoitecer;;;Cruz;Não Há Controle;Residencial;0;1;1;1;0;0;0;0;0;0;0;0;-38,611523;-3,775983
295452;12;12;2016;10:00;0;AV GAL OSORIO DE PAIVA;;;3109;;Queda;Via Iluminada;Bom;Seca;Meio de Quadra;Semáforo;Comercial;1;0;0;0;0;0;0;0;0;1;0;0;-38,587441;-3,789675
295453;12;12;2016;10:00;12783;TR MON TABOSA D12;RUA JORGE DUMAR;;;;Colisão Traseira;Luz do Dia;Bom;Seca;T;Pare;Comercial;0;0;4;1;0;0;0;0;0;0;0;0;-38,539625;-3,753799
295999;12;12;2016;18:20;0;RD BR 116;;;2000;KM-02;Colisão Traseira;Anoitecer;;;Meio de Quadra;;;0;1;2;1;0;0;0;0;0;1;0;0;-38,51678;-3,771391
296002;12;12;2016;19:30;0;RD BR 116;;;2000;KM-02;Colisão Lateral;;;;Meio de Quadra;;;0;0;2;1;0;0;0;1;0;0;0;0;-38,51678;-3,771391
296207;12;12;2016;13:15;0;RD BR 116;;;3000;KM-03;Colisão Frontal;Luz do Dia;;;Meio de Quadra;;;0;1;1;1;0;0;0;0;0;1;0;0;-38,514372;-3,779838
299372;12;12;2016;10:33;0;AV WASHINGTON SOARES;;;;;Atropelamento;Luz do Dia;;;Meio de Quadra;;;0;2;0;0;0;0;1;0;0;0;0;0;;
299370;12;12;2016;03:13;0;AV PERIMETRAL;;;;;Capotamento;;;;Meio de Quadra;;;0;2;0;1;0;0;0;0;0;0;0;0;;
299414;12;12;2016;13:01;24236;AV ENG ALBERTO SA;RUA DES WALDETARIO P MOTA;;;;Atropelamento;Luz do Dia;;;Cruz;Semáforo;Residencial;0;1;1;0;0;0;0;0;0;1;0;0;-38,47869;-3,733736
299408;12;12;2016;11:39;11990;AV CASTELO DE CASTRO;RUA 202 CJ SAO CRISTOVAO;;;;Colisão;Luz do Dia;;;;;;0;2;0;1;0;0;0;0;0;1;0;0;-38,521533;-3,832223
299421;12;12;2016;19:33;20145;RUA POMPILIO GOMES;RUA PRO JOSE SILVEIRA;;86;;Colisão Lateral;Via Iluminada;Bom;Seca;Cruz;Pare;Residencial;0;1;4;1;0;0;0;0;0;1;0;0;-38,519895;-3,811008
300033;12;12;2016;04:44;0;RUA JULIO SILVA;;;440;;Colisão;;;;Meio de Quadra;;;0;1;0;0;0;0;0;0;0;1;0;0;;
300035;12;12;2016;07:36;3800;AV 13 DE MAIO;RUA CAIO CARLOS;;;;Colisão;Luz do Dia;;;Cruz;Pare;Comercial;0;2;0;1;0;0;0;0;0;1;0;0;-38,54216;-3,738286
300052;12;12;2016;09:05;0;RUA GAL AFONSO A LIMA;;;;;Colisão;Luz do Dia;;;Meio de Quadra;;;0;2;0;1;0;0;0;0;0;1;0;0;;
300039;12;12;2016;07:52;0;RUA CAIO CARLOS;;;84;;Colisão;Luz do Dia;;;Meio de Quadra;;;0;2;0;1;0;0;0;0;0;1;0;0;-38,542044;-3,738237
300040;12;12;2016;08:04;0;AV GAL OSORIO DE PAIVA;;;8205;;Colisão;Luz do Dia;;;Meio de Quadra;;;0;2;0;0;0;0;0;0;0;0;0;0;-38,618779;-3,821952
300117;12;12;2016;16:00;0;RUA CON DE CASTRO;;;3826;;Colisão;Luz do Dia;;;Meio de Quadra;;;0;2;0;0;0;0;0;0;0;1;0;0;-38,587458;-3,800119
300115;12;12;2016;14:58;0;AV H CJ CEARA;;;308;;Colisão;Luz do Dia;;;Meio de Quadra;;;0;2;0;1;0;0;0;0;0;1;0;0;;
300127;12;12;2016;17:06;0;RUA CEARA;;;346;;Colisão;Anoitecer;;;Meio de Quadra;;;0;2;0;1;0;0;0;0;0;1;0;0;-38,561082;-3,762014
300128;12;12;2016;17:11;0;RUA 448 F CJ CEARA;;;70;;Colisão;Anoitecer;;;Meio de Quadra;;;0;2;0;1;0;0;0;0;0;1;0;0;-38,605391;-3,761189
300123;12;12;2016;16:48;6584;AV J CJ CEARA;AV H CJ CEARA;;;;Colisão;Luz do Dia;;;Cruz;Outros;Residencial;0;2;0;1;0;0;0;0;0;1;0;0;-38,621543;-3,777092
300103;12;12;2016;14:44;15104;AV HIS RAIMUNDO GIRAO;RUA ILDEFONSO ALBANO;;;;Colisão;Luz do Dia;;;Cruz;Semáforo;Outros;0;0;1;0;0;0;0;0;0;1;0;0;-38,509542;-3,721603
300101;12;12;2016;14:29;0;RUA NUNES FEIJO;;;1540;;Atropelamento;Luz do Dia;;;Meio de Quadra;;;0;2;0;1;0;0;0;0;0;0;0;0;;
300095;12;12;2016;12:23;24376;RUA JORGE ACURCIO;RUA DOMINGOS JAGUARIBE;;;;Colisão Transversal;Luz do Dia;Bom;Seca;Cruz;Pare;Residencial;0;0;4;1;0;0;0;0;0;1;0;0;-38,532384;-3,766857