COD_ACIDENTE;DIA;MES;ANO;HORA;INTERSECAO;LOG1;LOG2;LOG3;NUMERO;REFERENCIA;NATUREZA;ILUMINACAO;TEMPO;SUPERFICIEPISTA;TIPOCRUZAMENTO;CONTROLETRAFEGO;USOSOLO;MORTOS;FERIDOS;ILESOS;AUTOMOVEL;ONIBUS;BICICLETA;CAMINHAO;MICROONIBUS;CICLOMOTOR;MOTOCICLETA;TRACAOANIMAL;TREM;LONG;LAT
300096;12;12;2016;14:18;14343;RUA PDE MORORO;AV PRS CASTELO BRANCO;;;;Colisão;Luz do Dia;;;T;Não Há Controle;Escola;0;2;0;1;0;0;0;0;0;1;0;0;-38,535277;-3,718179
300087;12;12;2016;13:10;0;RUA PDE JUSTINO;;;;;Colisão;Luz do Dia;;;Meio de Quadra;;;0;2;0;1;0;0;0;0;0;1;0;0;;
300098;12;12;2016;14:22;0;RUA ANDRE DALL OLIO;;;785;;Colisão;Luz do Dia;;;Meio de Quadra;;;0;2;0;0;0;0;0;0;0;0;0;0;;
300063;12;12;2016;11:40;0;AV CARNEIRO DE MENDONCA;;;;;Colisão;Luz do Dia;;;Meio de Quadra;;;0;2;0;1;0;0;0;0;0;1;0;0;;
300054;12;12;2016;09:30;15658;RUA TEN JOSE NEWTON;RUA EUDES CARDOSO;;370;;Colisão Transversal;Luz do Dia;Bom;Seca;Cruz;Pare;Comercial;0;1;3;1;0;0;0;0;0;1;0;0;-38,491759;-3,825565
300055;12;12;2016;10:33;0;AV GODOFREDO MACIEL;;;858;;Colisão;Luz do Dia;;;Meio de Quadra;;;0;2;0;1;0;0;0;0;0;1;0;0;-38,565861;-3,783357
300056;12;12;2016;10:52;19366;RUA GERMANO FRANCK;AV DR SILAS MUNGUBA;;;;Colisão;Luz do Dia;;;Cruz;Semáforo;Comercial;0;2;0;1;0;0;0;0;0;1;0;0;-38,562004;-3,777251
300077;12;12;2016;13:02;0;RUA CON DE CASTRO;;;1140;;Colisão;Luz do Dia;;;Meio de Quadra;;;0;1;1;0;0;0;0;0;0;0;0;0;-38,570643;-3,781974
300067;12;12;2016;11:59;0;AV CASTELO DE CASTRO;;;1404;;Colisão;Luz do Dia;;;Meio de Quadra;;;0;2;0;0;0;0;0;0;0;1;0;0;-38,521681;-3,841857
300075;12;12;2016;13:01;24236;AV ENG ALBERTO SA;RUA DES WALDETARIO P MOTA;;;;Colisão;Luz do Dia;;;Cruz;Semáforo;Residencial;0;2;0;0;0;0;0;0;0;1;0;0;-38,47869;-3,733736
300142;12;12;2016;20:47;0;AV PRS COSTA E SILVA;;;1251;;Colisão;;;;Meio de Quadra;;;0;1;0;0;0;1;0;0;0;0;0;0;-38,569099;-3,815002
300143;12;12;2016;22:37;0;AV BEZERRA DE MENEZES;;;;;Colisão;;;;Meio de Quadra;;;0;2;0;1;0;0;0;0;0;1;0;0;;
300139;12;12;2016;19:52;10748;RUA PORTO ALEGRE;RUA MACEIO;;;;Colisão;;;;Cruz;Não Há Controle;Residencial;0;2;0;1;0;0;0;0;0;1;0;0;-38,589168;-3,761009
300130;12;12;2016;17:58;0;AV SEN FERNANDES TAVORA;;;2983;;Colisão;Anoitecer;;;Meio de Quadra;;;0;1;1;0;0;0;0;0;0;1;0;0;-38,599659;-3,754867
292815;12;12;2016;20:30;0;AV SANTOS DUMONT;;;3210;;Colisão Traseira;;;;Meio de Quadra;;;0;0;2;1;0;0;1;0;0;0;0;0;-38,496317;-3,736879
292813;12;12;2016;15:10;3769;AV DOMINGOS OLIMPIO;RUA SEN POMPEU;;;;Colisão Lateral;Luz do Dia;;;Cruz;Semáforo;Comercial;0;0;2;1;0;0;0;0;0;1;0;0;-38,532455;-3,736254
292818;12;12;2016;22:20;578;AV FRANCISCO SA;RUA ENG JOAO NOGUEIRA;;;;Colisão Frontal;;;;Cruz;Pare;Misto;0;3;0;0;0;0;0;0;0;1;0;0;-38,56405;-3,715147
292819;12;12;2016;15:30;0;RUA EDUARDO PERDIGAO;;;;;Colisão Traseira;Luz do Dia;;;Meio de Quadra;;;0;2;0;1;0;0;0;0;0;0;0;0;;
292820;12;12;2016;10:10;0;RUA CEL LINHARES;;;2272;;Colisão Transversal;Luz do Dia;;;Meio de Quadra;;;0;0;2;1;0;0;0;0;0;1;0;0;-38,497393;-3,746688
292823;12;12;2016;11:30;13591;AV PONTES VIEIRA;AV RUI BARBOSA;;;;Engavetamento;Luz do Dia;;;Cruz;Semáforo;Comercial;0;0;3;1;0;0;0;0;0;0;0;0;-38,513797;-3,752762
292828;12;12;2016;11:25;0;AV PONTES VIEIRA;;;832;;Colisão Frontal;Luz do Dia;;;Meio de Quadra;;;0;0;2;0;0;0;0;0;0;0;0;0;-38,51346;-3,752724
302973;12;12;2016;19:55;0;AV GOV RAUL BARBOSA;;;6080;;Colisão Traseira;Via Iluminada;Bom;Seca;Meio de Quadra;Não Há Controle;Comercial;0;0;2;1;0;0;0;0;0;0;0;0;-38,510662;-3,770282
302968;12;12;2016;08:40;6744;RUA BENTO ALBUQUERQUE;RUA BATISTA DE OLIVEIRA;;0;;Colisão Lateral;Luz do Dia;Bom;Seca;Cruz;Semáforo;Residencial;0;0;2;1;0;0;0;0;0;0;0;0;-38,481027;-3,744448
302969;12;12;2016;11:25;1576;AV PDE ANTONIO TOMAS;RUA CEL JUCA;;0;;Colisão Transversal;Luz do Dia;Bom;Seca;Cruz;Semáforo;Comercial;0;0;2;1;0;0;0;0;0;0;0;0;-38,492803;-3,742392
302994;12;12;2016;22:32;9068;RUA GUILHERME MOREIRA;RUA JOAO LOBO FILHO;;0;;Colisão Lateral;Via Iluminada;Bom;Seca;Cruz;Pare;Residencial;0;0;2;1;0;0;0;0;0;0;0;0;-38,523048;-3,749819
302971;12;12;2016;16:02;19693;RUA GUSTAVO SAMPAIO;RUA GAL PIRAGIBE;;0;;Colisão Lateral;Luz do Dia;Bom;Seca;Meio de Quadra;Pare;Residencial;0;0;2;0;0;0;0;0;0;0;0;0;-38,558398;-3,735661
303049;12;12;2016;16:59;1424;AV HERACLITO GRACA;RUA CARLOS VASCONCELOS;;0;;Colisão Traseira;Luz do Dia;Bom;Seca;Cruz;Semáforo;Comercial;0;0;2;1;0;0;0;0;0;0;0;0;-38,512285;-3,73759
292807;12;12;2016;14:40;6811;RUA DR GILBERTO STUDART;RUA JOSE BORBA VASCONCELOS;;;;Colisão Transversal;Luz do Dia;;;Cruz;Pare;Residencial;0;0;2;1;0;0;0;0;0;0;0;0;-38,472016;-3,746506
292808;12;12;2016;20:32;5407;AV DUQ CAXIAS;RUA SOLON PINHEIRO;;;;Colisão Lateral;;;;Cruz;Semáforo;Comercial;0;1;1;1;0;0;0;0;0;1;0;0;-38,527034;-3,732704
301382;12;12;2016;20:54;0;RUA CEL TIBURCIO;;;620;;Colisão Lateral;Anoitecer;Bom;Seca;Meio de Quadra;Não Há Controle;Comercial;0;0;2;1;0;0;0;0;0;0;0;0;-38,573728;-3,812245
303303;12;12;2016;04:30;0;AV MIN JOSE AMERICO;;;;;Colisão;;Bom;Seca;Meio de Quadra;;;0;0;2;1;0;0;0;0;0;0;0;0;;
303304;12;12;2016;10:20;0;RD CE-040;;;;KM-11;Atropelamento;Luz do Dia;Bom;Seca;Meio de Quadra;;;0;1;1;0;0;0;0;0;0;0;0;0;-38,480883;-3,842577
303240;12;12;2016;14:56;0;RUA CANDIDO CASTELO BRANCO;;;1215;;Colisão Lateral;Luz do Dia;Bom;Seca;Meio de Quadra;Não Há Controle;Comercial;0;1;1;1;0;0;0;0;0;1;0;0;;
303670;12;12;2016;09:20;0;AV MIN JOSE AMERICO;;;;;Colisão;Luz do Dia;Bom;Seca;Meio de Quadra;;;0;0;4;1;0;0;0;0;0;0;0;0;;
303310;13;12;2016;11:40;0;RD CE-040;;;;KM-12;Colisão;Luz do Dia;Bom;Seca;Meio de Quadra;;;0;0;2;1;0;0;0;0;0;1;0;0;-38,47607;-3,849626
303308;13;12;2016;08:20;0;RD CE-040;;;;KM-02;Colisão;Luz do Dia;Bom;Seca;Meio de Quadra;;;0;0;2;1;0;0;0;0;0;0;0;0;-38,482583;-3,76465
303312;13;12;2016;14:45;0;RD CE-040;;;;KM-01;Colisão;Luz do Dia;Bom;Seca;Meio de Quadra;;;0;0;2;0;0;0;0;0;0;0;0;0;-38,48666;-3,758119
303313;13;12;2016;08:30;0;RD CE-040;;;;;Colisão;Luz do Dia;Bom;Seca;Meio de Quadra;;;0;0;2;0;1;0;0;0;0;0;0;0;;
302974;13;12;2016;07:25;0;AV DA UNIVERSIDADE;;;2683;;Choque c/ Obstáculo Fixo;Luz do Dia;Bom;Seca;Meio de Quadra;Não Há Controle;Escola;0;0;1;0;0;0;0;0;0;0;0;0;-38,538198;-3,739954
302975;13;12;2016;07:35;15623;RUA VASCO DE ATAIDE;RUA VICENTE NOBRE MACEDO;;0;;Colisão Transversal;Luz do Dia;Bom;Seca;Cruz;Pare;Residencial;0;0;3;1;0;0;0;0;0;0;0;0;-38,484238;-3,824367
302976;13;12;2016;08:30;0;RUA CEL MATOS DOURADO;;;963;;Colisão Lateral;Luz do Dia;Bom;Seca;Meio de Quadra;Não Há Controle;Residencial;0;0;1;1;0;0;0;0;0;0;0;0;-38,584792;-3,747429
302977;13;12;2016;09:40;15423;AV FRE CIRILO;RUA SILVEIRA DA MOTA;;0;;Colisão Lateral;Luz do Dia;Bom;Seca;Cruz;Pare;Comercial;0;0;2;1;0;0;0;0;0;0;0;0;-38,498012;-3,815944
302978;13;12;2016;10:12;0;AV GOV RAUL BARBOSA;;;7405;;Colisão Traseira;Luz do Dia;Bom;Seca;Não Informado;Não Há Controle;Residencial;0;0;2;1;0;0;0;0;0;0;0;0;-38,513159;-3,776391
302979;13;12;2016;10:20;5406;RUA PRC ISABEL;RUA ANTONIO POMPEU;;0;;Colisão Lateral;Luz do Dia;Bom;Seca;Cruz;Pare;Comercial;0;0;2;1;0;0;0;0;0;0;0;0;-38,537283;-3,732693
302980;13;12;2016;11:45;0;RUA ELDORADO;;;510;;Colisão Lateral;Luz do Dia;Bom;Seca;Meio de Quadra;Não Há Controle;Comercial;0;0;2;1;0;0;0;0;0;0;0;0;;
302981;13;12;2016;14:23;26077;AV DUQ CAXIAS;AV JOSE JATAHY;;0;;Colisão Lateral;Luz do Dia;Nublado;Seca;T;Pare;Comercial;0;0;2;1;0;0;0;0;0;0;0;0;;
302982;13;12;2016;15:43;6809;RUA BENTO ALBUQUERQUE;RUA CESAR FONSECA;;0;;Colisão Lateral;Luz do Dia;Bom;Seca;Cruz;Pare;Comercial;0;0;2;1;0;0;0;0;0;0;0;0;-38,47409;-3,746679
302983;13;12;2016;16:33;3850;AV DA UNIVERSIDADE;RUA ANTENOR FROTA WANDERLEY;;0;;Colisão Transversal;Luz do Dia;Bom;Seca;Cruz;Pare;Comercial;0;0;2;1;0;0;0;0;0;1;0;0;-38,542317;-3,744491
302984;13;12;2016;17:10;7848;RUA JOSE VILAR;RUA MARCONDES PEREIRA;;0;;Colisão Transversal;Via Iluminada;Bom;Seca;Cruz;Pare;Residencial;0;0;1;1;0;0;0;0;0;0;0;0;-38,508885;-3,748806
302985;13;12;2016;19:48;23797;RUA ANTONIO COSTA MENDES (PQ SÃO JOSÉ);RUA PLACIDO DE CASTRO;;0;;Colisão Lateral;Anoitecer;Bom;Não informada;Cruz;Não Há Controle;Residencial;0;0;2;1;0;0;0;0;0;0;0;0;-38,584743;-3,79105
302986;13;12;2016;19:25;15225;RUA TEN BENEVOLO;RUA ILDEFONSO ALBANO;;0;;Colisão Lateral;Via Iluminada;Bom;Seca;Cruz;Semáforo;Comercial;0;0;2;1;1;0;0;0;0;0;0;0;-38,511332;-3,727294
302987;13;12;2016;21:40;0;RUA JORGE DUMAR;;;2003;;Colisão Traseira;Anoitecer;Bom;Seca;Outros;Não Há Controle;Comercial;0;0;2;1;1;0;0;0;0;0;0;0;-38,539549;-3,753465
302988;13;12;2016;22:40;5135;AV TRISTAO GONCALVES;RUA SAO PAULO;;0;;Colisão Traseira;Via Iluminada;Bom;Seca;Cruz;Semáforo;Comercial;0;0;2;1;0;0;0;0;0;0;0;0;-38,532395;-3,724419
292976;13;12;2016;21:00;0;RUA TIBURCIO CAVALCANTE;;;2100;;Colisão Traseira;;;;Meio de Quadra;;;0;0;2;1;0;0;0;0;0;0;0;0;-38,50484;-3,742993
292997;13;12;2016;08:40;0;AV DOMINGOS OLIMPIO;;;180;;Colisão Traseira;Luz do Dia;;;Meio de Quadra;;;0;0;2;0;1;0;0;0;0;0;0;0;-38,526273;-3,738102
293090;13;12;2016;14:26;0;AV HIS RAIMUNDO GIRAO;;;;;Outros;Luz do Dia;;;;;;0;0;2;0;0;0;0;0;0;1;0;0;;
293108;13;12;2016;02:00;0;AV ANTONIO SALES;;;230;;Choque c/ Obstáculo Fixo;;;;Meio de Quadra;;;0;0;1;1;0;0;0;0;0;0;0;0;-38,52;-3,739962
293109;13;12;2016;14:20;19656;AV BEZERRA DE MENEZES;RUA PRO JOSE DE BARCELOS;;;;Colisão Lateral;Luz do Dia;;;T;Semáforo;Comercial;0;1;2;0;1;0;0;1;0;0;0;0;-38,551066;-3,732898
293072;13;12;2016;09:45;9155;AV LUCIANO CARNEIRO;AV EDUARDO GIRAO;;;;Engavetamento;Luz do Dia;;;Cruz;Semáforo;Residencial;0;0;4;1;0;0;0;0;0;0;0;0;-38,532811;-3,752275
293062;13;12;2016;10:05;0;AV HIS RAIMUNDO GIRAO;;;960;;Colisão Traseira;Luz do Dia;;;Meio de Quadra;;;0;1;2;1;0;0;0;0;0;1;0;0;-38,507358;-3,722631
293040;13;12;2016;10:26;0;AV JOAO DE ARAUJO LIMA;;;545;;Colisão Traseira;Luz do Dia;;;Meio de Quadra;;;0;0;3;0;0;0;0;0;0;1;0;0;-38,559077;-3,826418
293021;13;12;2016;09:50;0;AV DOMINGOS OLIMPIO;;;697;;Colisão Traseira;Luz do Dia;;;Meio de Quadra;;;0;0;2;1;0;0;0;0;0;1;0;0;-38,529985;-3,737075
293038;13;12;2016;14:35;5418;RUA GAL CLARINDO DE QUEIROZ;RUA ASSUNCAO;;;;Colisão;Luz do Dia;;;Cruz;Pare;Comercial;0;0;2;1;0;0;0;0;0;0;0;0;-38,528262;-3,733329
293014;13;12;2016;08:30;0;RUA DIAMANTINA;;;45;;Colisão Traseira;Luz do Dia;;;Meio de Quadra;;;0;0;2;1;0;0;0;0;0;0;0;0;-38,567722;-3,764807
300176;13;12;2016;12:23;0;AV JOR THOMAZ COELHO;;;197;;Colisão;Luz do Dia;;;Meio de Quadra;;;0;2;0;1;0;0;0;0;0;1;0;0;;
300171;13;12;2016;12:01;5065;AV ALBERTO NEPOMUCENO;TR ICO  D01;;;;Colisão;Luz do Dia;;;;;;0;2;0;1;0;0;0;0;0;1;0;0;-38,523662;-3,722081
300172;13;12;2016;12:57;0;AV JOR THOMAZ COELHO;;;191;;Colisão;Luz do Dia;;;Meio de Quadra;;;0;2;0;1;0;0;0;0;0;1;0;0;;
300173;13;12;2016;13:15;0;RUA SAO FELIPE D71;;;;;Colisão;Luz do Dia;;;Meio de Quadra;;;0;2;0;1;0;0;0;0;0;0;0;0;;
300201;13;12;2016;13:29;0;AV CASTELO DE CASTRO;;;642;;Atropelamento;Luz do Dia;;;Meio de Quadra;;;0;1;1;0;0;0;0;0;0;1;0;0;-38,521632;-3,835134
300203;13;12;2016;13:58;0;AV GAL OSORIO DE PAIVA;;;6391;;Colisão;Luz do Dia;;;Meio de Quadra;;;0;2;0;0;0;0;0;0;0;1;0;0;-38,608035;-3,810912
300205;13;12;2016;15:21;0;RUA PDE PEDRO DE ALENCAR;;;2300;;Colisão;Luz do Dia;;;Meio de Quadra;;;0;2;0;1;0;0;0;0;0;1;0;0;-38,494803;-3,848328
300144;13;12;2016;06:42;0;AV H CJ CEARA;;;22;;Colisão;Luz do Dia;;;Meio de Quadra;;;0;2;0;0;0;0;0;0;0;0;0;0;;
300145;13;12;2016;07:49;0;AV PRS CASTELO BRANCO;;;1265;;Colisão;Luz do Dia;;;Meio de Quadra;;;0;2;0;0;0;0;1;0;0;1;0;0;-38,541917;-3,715592
300148;13;12;2016;07:49;0;AV PRS CASTELO BRANCO;;;609;;Colisão;Luz do Dia;;;Meio de Quadra;;;0;2;0;1;0;0;0;0;0;1;0;0;;
300150;13;12;2016;08:49;0;AV 13 DE MAIO;;;;;Colisão;Luz do Dia;;;Meio de Quadra;;;0;2;0;1;0;0;0;0;0;1;0;0;;
300166;13;12;2016;12:01;9077;AV AGUANAMBI;RUA BONFIM SOBRINHO;;;;Colisão Traseira;Luz do Dia;Bom;Seca;Cruz;Não Há Controle;Comercial;0;3;2;1;0;0;0;0;0;0;0;0;-38,523551;-3,751039
300161;13;12;2016;11:28;0;AV DEP PAULINO ROCHA;;;;;Colisão;Luz do Dia;;;Meio de Quadra;;;0;2;0;1;0;0;0;0;0;1;0;0;;
300162;13;12;2016;11:36;0;AV WASHINGTON SOARES;;;;;Colisão;Luz do Dia;;;Meio de Quadra;;;0;2;0;1;0;0;0;0;0;1;0;0;;
300163;13;12;2016;11:39;0;RUA MARIA JULIA;;;241;;Colisão;Luz do Dia;;;Meio de Quadra;;;0;2;0;1;0;0;0;0;0;1;0;0;-38,598469;-3,787789
300164;13;12;2016;11:50;0;AV DR SILAS MUNGUBA;;;;;Colisão;Luz do Dia;;;Meio de Quadra;;;0;2;0;1;0;0;0;0;0;1;0;0;;
300159;13;12;2016;10:16;0;AV N CJ JOSE WALTER;;;;;Colisão;Luz do Dia;;;Meio de Quadra;;;0;2;0;0;0;0;0;0;0;1;0;0;;
300154;13;12;2016;09:17;0;AV DR SILAS MUNGUBA;;;4741;;Colisão;Luz do Dia;;;Meio de Quadra;;;0;1;0;0;0;0;0;0;0;1;0;0;-38,533373;-3,794791
300155;13;12;2016;09:26;7840;AV BAR STUDART;AV SORIANO ALBUQUERQUE;;;;Colisão;Luz do Dia;;;Cruz;Semáforo;Misto;0;2;0;1;0;0;0;0;0;1;0;0;-38,511573;-3,750183
300156;13;12;2016;09:48;0;AV DEP PAULINO ROCHA;;;2493;;Colisão;Luz do Dia;;;Meio de Quadra;;;0;2;0;0;0;0;1;0;0;1;0;0;-38,517909;-3,810507
300285;13;12;2016;21:59;0;RUA CON DE CASTRO;;;2618;;Colisão;;;;Meio de Quadra;;;0;2;0;0;0;0;0;0;0;0;0;0;-38,580324;-3,792461
300277;13;12;2016;21:29;18511;RUA MEXICO;RUA ANTONIO LAFAYETTE;;;;Queda;;;;Cruz;Pare;Residencial;0;1;0;0;0;1;0;0;0;0;0;0;-38,574157;-3,73491
300274;13;12;2016;19:12;0;AV I CJ JOSE WALTER;;;60;;Queda;;;;Meio de Quadra;;;0;1;0;0;0;0;0;0;0;1;0;0;-38,55058;-3,824667
300275;13;12;2016;20:30;19130;RUA DES WALDETARIO P MOTA;RUA LAURO NOGUEIRA;;;;Colisão;;;;Cruz;Pare;Residencial;0;2;0;1;0;0;0;0;0;1;0;0;-38,48194;-3,738921
300269;13;12;2016;18:38;0;RUA FERREIRA DOS SANTOS;;;196;;Colisão;;;;Meio de Quadra;;;0;2;0;0;0;0;0;0;0;0;0;0;;
300242;13;12;2016;18:06;0;RUA JOSIAS PAULA DE SOUZA;;;166;;Colisão;Anoitecer;;;Meio de Quadra;;;0;2;0;1;0;0;0;0;0;1;0;0;;
300244;13;12;2016;18:09;1531;RUA PDE VALDEVINO;RUA MON BRUNO;;;;Colisão Transversal;Via Iluminada;Bom;Seca;Cruz;Pare;Residencial;0;1;3;1;0;0;0;0;1;0;0;0;-38,512104;-3,740621
300267;13;12;2016;18:22;24397;RUA ALM RUFINO;RUA JORGE ACURCIO;;;;Atropelamento;Anoitecer;;;Cruz;Pare;Residencial;0;2;0;0;0;0;0;0;0;1;0;0;-38,532951;-3,768224
300228;13;12;2016;16:09;9021;AV FELINO BARROSO;RUA CEL SOLON;;;;Colisão;Luz do Dia;;;Cruz;Pare;Comercial;0;2;0;1;0;0;0;0;0;1;0;0;-38,528653;-3,743154
300238;13;12;2016;16:35;0;RUA SGT JOAO PINHEIRO;;;;;Colisão;Luz do Dia;;;Meio de Quadra;;;0;2;0;1;0;0;0;0;0;1;0;0;;
300232;13;12;2016;16:11;6573;AV H CJ CEARA;AV C CJ CEARA;;;;Colisão;Luz do Dia;;;T;Não Há Controle;Comercial;0;2;0;0;0;0;0;0;0;1;0;0;;
300233;13;12;2016;16:34;9020;RUA SALDANHA MARINHO;RUA JAIME BENEVOLO;;;;Colisão;Luz do Dia;;;Cruz;Semáforo;Residencial;0;2;0;1;0;0;0;0;0;1;0;0;-38,528994;-3,743046
300240;13;12;2016;16:40;0;RUA SGT JOAO PINHEIRO;;;233;;Colisão;Luz do Dia;;;Meio de Quadra;;;0;1;0;0;0;0;0;0;0;1;0;0;;
300207;13;12;2016;15:52;0;RUA A CJ JD PRIMAVERA;;;46;;Queda;Luz do Dia;;;Meio de Quadra;;;0;1;0;0;0;0;0;0;0;1;0;0;-38,547095;-3,79764
300248;13;12;2016;18:19;0;RUA JOSE MENDONCA;;;410;;Colisão;Anoitecer;;;Meio de Quadra;;;0;2;0;1;0;0;0;0;0;1;0;0;-38,602518;-3,758902
300249;13;12;2016;18:19;0;AV SEN FERNANDES TAVORA;;;405;;Colisão;Anoitecer;;;Meio de Quadra;;;0;2;0;1;0;0;0;0;0;1;0;0;;
299515;13;12;2016;17:12;1488;RUA CARLOS VASCONCELOS;RUA ROCHA LIMA;;;;Colisão;Anoitecer;;;Cruz;Pare;Residencial;0;2;0;1;0;0;0;0;0;1;0;0;-38,512902;-3,739419
299522;13;12;2016;17:55;0;RUA EQUADOR;;;1438;;Colisão;Anoitecer;;;Meio de Quadra;;;0;2;0;1;0;0;0;0;0;1;0;0;-38,554436;-3,780424
299528;13;12;2016;20:38;0;RUA SGT BARBOSA;;;216;;Colisão;;;;Meio de Quadra;;;0;2;0;1;0;0;0;0;0;1;0;0;;
299529;13;12;2016;22:42;8113;RUA CARLOS JUACABA;RUA HOLANDA;;;;Colisão;;;;T;Pare;Residencial;0;2;0;0;0;0;0;0;0;0;0;0;-38,563551;-3,795545
299422;13;12;2016;00:11;0;RD BR 116;;;2000;KM-02;Atropelamento;;;;Meio de Quadra;;;0;2;0;1;0;0;0;0;0;0;0;0;-38,51678;-3,771391
299424;13;12;2016;07:32;0;RUA 28 CJ DOS BANCARIOS;;;;PRAÇA DO BEIRA RIO;Colisão;Luz do Dia;;;Meio de Quadra;;;0;3;0;0;0;0;0;0;0;1;0;0;;
299469;13;12;2016;07:43;0;RUA BETEL;;;;;Atropelamento;Luz do Dia;;;Meio de Quadra;;;0;2;0;1;0;0;0;0;0;0;0;0;;
299497;13;12;2016;16:14;0;AV PRO JOSE ARTHUR CARVALHO;;;1535;;Atropelamento;Luz do Dia;;;Meio de Quadra;;;0;2;0;0;0;0;1;0;0;0;0;0;-38,465732;-3,826525
299488;13;12;2016;15:29;24815;RUA ANTONIO ARRUDA;RUA MORAUJO;;;;Colisão;Luz do Dia;;;Cruz;Não Há Controle;Residencial;0;2;0;1;0;0;0;0;0;0;0;0;-38,593568;-3,718609
299477;13;12;2016;09:20;0;AV JOVITA FEITOSA;;;62;;Colisão;Luz do Dia;;;Meio de Quadra;;;0;2;0;0;0;0;0;0;0;1;0;0;-38,544668;-3,737421
296003;13;12;2016;11:30;0;RD BR 116;;;5000;KM-05;Colisão Lateral;Luz do Dia;;;Meio de Quadra;;;0;1;1;1;0;0;0;0;0;1;0;0;-38,506787;-3,796502
295461;13;12;2016;16:00;0;RUA SAO FELIPE D71;;;1075;;Atropelamento;Luz do Dia;;;Meio de Quadra;;;0;2;1;1;0;0;0;0;0;0;0;0;;
295458;13;12;2016;12:35;5065;AV ALBERTO NEPOMUCENO;TR ICO  D01;;;;Colisão Transversal;Luz do Dia;Bom;Seca;Outros;Pare;Comercial;0;1;3;1;0;0;0;0;0;1;0;0;-38,523662;-3,722081
295462;14;12;2016;10:41;0;AV PRS COSTA E SILVA;;;5580;;Engavetamento;Luz do Dia;Bom;Seca;Meio de Quadra;Semáforo;Residencial;0;3;4;1;0;0;0;0;0;1;0;0;;
295470;14;12;2016;23:20;25101;AV GAL OSORIO DE PAIVA;RUA ARARIPE PRATA;;;;Colisão Transversal;Via Iluminada;Bom;Seca;Cruz;Pare;Comercial;0;1;4;1;1;0;0;0;0;0;0;0;-38,568029;-3,776593
295471;14;12;2016;14:50;0;AV WASHINGTON SOARES;;;610;;Colisão;Luz do Dia;;;Meio de Quadra;;;0;0;2;1;0;0;0;0;0;0;0;0;;
295465;14;12;2016;18:00;0;RUA PAPI JUNIOR;;;272;;Queda;Luz do Dia;Bom;Seca;Meio de Quadra;Não Há Controle;Residencial;0;1;3;1;0;0;0;0;0;1;0;0;;
295466;14;12;2016;16:54;11796;RUA JACINTO MATOS;AV TEN LISBOA;;;;Colisão;Luz do Dia;;;Com Via Férrea;Cancela;Residencial;0;1;2;1;0;0;0;0;0;1;0;0;;
295467;14;12;2016;20:20;0;AV ROGACIANO LEITE;;;2619;;Colisão;;;;Meio de Quadra;;;0;0;2;1;0;0;0;0;0;0;0;0;-38,501783;-3,78104
296004;14;12;2016;17:50;0;RD BR 116;;;2000;KM-02;Colisão Traseira;Anoitecer;;;Meio de Quadra;;;0;1;2;1;0;0;0;0;0;1;0;0;-38,51678;-3,771391
299532;14;12;2016;07:03;0;AV BENJAMIM BRASIL;;;433;;Atropelamento;Luz do Dia;;;Meio de Quadra;;;0;2;0;0;0;0;0;0;0;1;0;0;;
299541;14;12;2016;12:14;0;RUA BERNARDO MANUEL;;;;;Colisão;Luz do Dia;;;Meio de Quadra;;;0;2;0;1;0;0;0;0;0;1;0;0;;
299536;14;12;2016;08:13;0;RUA JULIO SILVA;;;440;;Colisão;Luz do Dia;;;Meio de Quadra;;;0;2;0;0;0;0;0;0;0;0;0;0;;
299539;14;12;2016;09:35;0;AV MOZART PINHEIRO DE LUCENA;;;1796;;Colisão;Luz do Dia;;;Meio de Quadra;;;0;2;0;1;0;0;0;0;0;1;0;0;-38,595762;-3,718547
299565;14;12;2016;15:33;0;RUA JARDIM FLUMINENSE;;;1038;;Colisão;Luz do Dia;;;Meio de Quadra;;;0;2;0;0;0;0;0;0;0;0;0;0;-38,598729;-3,812363
299544;14;12;2016;12:39;0;RUA DIOGO CORREIA;;;472;;Colisão;Luz do Dia;;;Meio de Quadra;;;0;2;0;1;0;0;0;0;0;1;0;0;-38,590546;-3,770056
300431;14;12;2016;21:45;2775;RUA GERALDO BARBOSA;RUA MARIA JULIA;;;;Colisão;;;;Cruz;Pare;Rural;0;2;0;1;0;0;0;0;0;1;0;0;-38,599942;-3,792568
300432;14;12;2016;22:58;0;AV BEIRA MAR;;;4258;;Colisão;;;;Meio de Quadra;;;0;2;0;1;0;1;0;0;0;0;0;0;-38,482875;-3,722918
300413;14;12;2016;19:51;0;AV I CJ JOSE WALTER;;;901;;Colisão Lateral;Via Iluminada;Bom;Seca;Meio de Quadra;Não Há Controle;Residencial;0;2;4;1;0;0;0;0;0;1;0;0;;
300414;14;12;2016;20:18;0;RUA NAPOLEAO QUEZADO;;;;;Colisão;;;;Meio de Quadra;;;0;2;0;0;0;0;0;0;0;0;0;0;;
300415;14;12;2016;20:28;95;AV MR HULL;RUA MANUEL NUNES;;;;Atropelamento;;;;;;;0;2;0;1;0;0;0;0;0;0;0;0;-38,590216;-3,739469
300400;14;12;2016;18:22;0;AV SEN CARLOS JEREISSATI (AEROPORTO);;;527;;Colisão;Anoitecer;;;Meio de Quadra;;;0;2;0;1;0;0;0;0;0;1;0;0;;