COD_ACIDENTE;DIA;MES;ANO;HORA;INTERSECAO;LOG1;LOG2;LOG3;NUMERO;REFERENCIA;NATUREZA;ILUMINACAO;TEMPO;SUPERFICIEPISTA;TIPOCRUZAMENTO;CONTROLETRAFEGO;USOSOLO;MORTOS;FERIDOS;ILESOS;AUTOMOVEL;ONIBUS;BICICLETA;CAMINHAO;MICROONIBUS;CICLOMOTOR;MOTOCICLETA;TRACAOANIMAL;TREM;LONG;LAT
300427;14;12;2016;20:35;25101;AV GAL OSORIO DE PAIVA;RUA NAPOLEAO QUEZADO;;;;Colisão;;;;Cruz;Não Há Controle;Comercial;0;2;0;1;1;0;0;0;0;0;0;0;-38,568029;-3,776593
300428;14;12;2016;21:05;0;AV DUQ CAXIAS;;;672;;Colisão;;;;Meio de Quadra;;;0;1;0;0;0;0;0;0;0;1;0;0;-38,530862;-3,731466
300429;14;12;2016;21:27;0;RUA CARLOS VASCONCELOS;;;2852;;Colisão;;;;Meio de Quadra;;;0;2;0;1;0;0;0;0;0;1;0;0;-38,515257;-3,746626
300395;14;12;2016;16:28;0;RUA FRE VICENTE SALVADOR;;;1428;;Colisão;Luz do Dia;;;Meio de Quadra;;;0;1;0;0;0;0;0;0;0;1;0;0;-38,543194;-3,768999
300396;14;12;2016;17:39;0;AV MOZART PINHEIRO DE LUCENA;;;2274;;Colisão;Anoitecer;;;Meio de Quadra;;;0;2;0;0;0;0;0;0;0;0;0;0;-38,597049;-3,72293
300397;14;12;2016;18:10;0;AV PRO JOSE ARTHUR CARVALHO;;;;;Colisão;Anoitecer;;;Meio de Quadra;;;0;1;0;0;0;0;0;0;0;1;0;0;;
300398;14;12;2016;18:18;0;AV PRS COSTA E SILVA;;;483;;Colisão;Anoitecer;;;Meio de Quadra;;;0;2;0;1;0;0;0;0;0;1;0;0;;
300392;14;12;2016;14:59;0;RD CE-040;;;8243;;Colisão;Luz do Dia;;;Meio de Quadra;;;0;2;0;1;0;0;0;0;0;0;0;0;;
300386;14;12;2016;14:51;0;AV ODILON GUIMARAES;;;2491;;Colisão;Luz do Dia;;;Meio de Quadra;;;0;2;0;1;0;0;0;0;0;1;0;0;-38,47296;-3,817488
300408;14;12;2016;18:36;15245;AV ANTONIO JUSTA;RUA LEONARDO MOTA;;;;Colisão;;;;Cruz;Pare;Comercial;0;1;1;0;0;0;0;0;0;0;0;0;-38,493542;-3,727945
300390;14;12;2016;14:12;0;AV WASHINGTON SOARES;;;8123;;Colisão;Luz do Dia;;;Meio de Quadra;;;0;2;0;1;0;1;0;0;0;0;0;0;-38,481284;-3,822753
300382;14;12;2016;14:50;0;AV DEP PAULINO ROCHA;;;1001;;Colisão;Luz do Dia;;;Meio de Quadra;;;0;1;1;0;0;0;0;0;0;0;0;0;;
300379;14;12;2016;14:33;6112;AV A CJ CEARA;AV F CJ CEARA;;;;Colisão;Luz do Dia;;;Cruz;Não Há Controle;Misto;0;2;0;1;0;0;0;0;0;1;0;0;-38,603189;-3,767855
300376;14;12;2016;14:22;0;AV ODILON GUIMARAES;;;2500;;Colisão;Luz do Dia;;;Meio de Quadra;;;0;2;0;1;0;0;0;0;0;1;0;0;-38,472986;-3,817501
300370;14;12;2016;13:14;0;AV FRANCISCO SA;;;5359;;Colisão Transversal;Luz do Dia;Bom;Seca;Cruz;Pare;Comercial;0;0;4;1;1;0;0;0;0;1;0;0;-38,572219;-3,712328
300366;14;12;2016;13:12;0;AV PRS CASTELO BRANCO;;;60;;Colisão;Luz do Dia;;;Meio de Quadra;;;0;2;0;1;0;0;0;0;0;1;0;0;-38,522996;-3,722807
300363;14;12;2016;12:33;0;RUA JOAO CORDEIRO;;;2853;;Colisão;Luz do Dia;;;Meio de Quadra;;;0;2;0;1;0;0;0;0;0;1;0;0;-38,519332;-3,745329
300358;14;12;2016;12:17;0;AV PRS CASTELO BRANCO;;;5010;;Colisão;Luz do Dia;;;Meio de Quadra;;;0;1;1;0;0;0;0;0;0;0;0;0;-38,576693;-3,705209
300356;14;12;2016;12:12;0;RUA BERNARDO MANUEL;;;;;Colisão;Luz do Dia;;;Meio de Quadra;;;0;2;0;1;0;0;0;0;0;1;0;0;;
300353;14;12;2016;11:50;0;RUA MIRTES CORDEIRO;;;734;;Colisão;Luz do Dia;;;Meio de Quadra;;;0;2;0;0;0;0;0;0;0;0;0;0;;
300345;14;12;2016;11:13;0;RUA UMARIZEIRA;;;950;;Colisão;Luz do Dia;;;Meio de Quadra;;;0;2;0;0;0;0;0;0;0;1;0;0;;
300343;14;12;2016;11:10;0;RUA JORGE DUMAR;;;;;Colisão;Luz do Dia;;;Meio de Quadra;;;0;2;0;1;0;0;0;0;0;1;0;0;;
300349;14;12;2016;11:28;0;RUA MARIA JULIA;;;238;;Colisão;Luz do Dia;;;Meio de Quadra;;;0;2;0;1;0;1;0;0;0;0;0;0;-38,598511;-3,787927
300334;14;12;2016;10:38;2326;AV PRS CASTELO BRANCO;RUA SEN ROBERT KENNEDY;;;;Colisão;Luz do Dia;;;Cruz;Semáforo;Residencial;0;2;0;0;0;0;0;0;0;1;0;0;-38,579042;-3,704117
300338;14;12;2016;11:00;18554;RUA PRO CABRAL;RUA UMARIZEIRA;;;;Colisão;Luz do Dia;;;;;;0;2;0;1;0;0;0;0;0;1;0;0;-38,596741;-3,822086
300321;14;12;2016;07:55;0;AV GAL OSORIO DE PAIVA;;;;;Colisão;Luz do Dia;;;Meio de Quadra;;;0;1;0;0;0;0;0;0;0;1;0;0;;
300322;14;12;2016;08:28;25041;RUA BAR AQUIRAZ;RUA JOSE HIPOLITO;;;;Colisão;Luz do Dia;;;Cruz;Semáforo;Comercial;0;2;0;1;0;0;0;0;0;1;0;0;-38,489933;-3,833725
300309;14;12;2016;06:05;0;AV 13 DE MAIO;;;;;Colisão;Luz do Dia;;;Meio de Quadra;;;0;1;0;0;0;0;0;0;0;1;0;0;;
300315;14;12;2016;06:52;0;RUA ARARAQUARA;;;370;;Queda;Luz do Dia;;;Meio de Quadra;;;0;1;0;0;0;0;0;0;0;1;0;0;;
300318;14;12;2016;07:47;0;AV MR HULL;;;;;Colisão;Luz do Dia;;;Meio de Quadra;;;0;1;0;0;0;0;0;0;0;1;0;0;;
300327;14;12;2016;09:47;0;AV SGT HERMINIO SAMPAIO;;;809;;Colisão Transversal;Luz do Dia;Bom;Seca;T;Pare;Comercial;0;1;2;1;0;0;0;0;0;1;0;0;-38,547894;-3,72455
300328;14;12;2016;10:34;10406;RUA PERILIO TEIXEIRA;AV GENIBAU;;;;Colisão;Luz do Dia;;;Cruz;Pare;Comercial;0;2;0;1;0;0;0;0;0;1;0;0;-38,60205;-3,760373
300324;14;12;2016;09:28;0;AV AGUANAMBI;;;;;Colisão;Luz do Dia;;;Meio de Quadra;;;0;2;0;1;0;0;0;0;0;1;0;0;;
300307;14;12;2016;05:40;0;AV GODOFREDO MACIEL;;;;;Colisão;Amanhecer;;;Meio de Quadra;;;0;1;0;0;0;0;0;0;0;1;0;0;;
300305;14;12;2016;05:14;0;RD CE-060;;;;;Colisão;Amanhecer;;;Meio de Quadra;;;0;0;1;0;0;0;0;0;0;1;0;0;;
300311;14;12;2016;06:09;22176;AV ENG HUMBERTO MONTE;AV JOSE BASTOS;;;;Colisão;Luz do Dia;;;T;Semáforo;Comercial;0;2;0;1;0;0;0;0;0;1;0;0;-38,555455;-3,754966
300313;14;12;2016;06:47;0;RUA LEANDRO HENRIQUE;;;1100;;Colisão;Luz do Dia;;;Meio de Quadra;;;0;2;0;1;0;0;0;0;0;1;0;0;;
300302;14;12;2016;00:55;4188;AV PRS CASTELO BRANCO;RUA STA ROSA D20/21 (JACARECANGA);;;;Queda;;;;T;Não Há Controle;Residencial;0;3;0;0;0;0;0;0;0;1;0;0;-38,55326;-3,712336
292866;14;12;2016;21:40;0;RUA CARLOS VASCONCELOS;;;2852;;Colisão Traseira;Via Iluminada;Bom;Seca;Meio de Quadra;Não Há Controle;Residencial;0;1;3;1;0;0;0;0;0;0;0;0;-38,515257;-3,746626
292868;14;12;2016;13:40;0;RUA BERNARDO MANUEL;;;7911;;Colisão Lateral;Luz do Dia;Bom;Seca;Meio de Quadra;Não Há Controle;Comercial;0;0;2;1;0;0;0;0;0;0;0;0;-38,547989;-3,787615
292860;14;12;2016;10:52;8003;RUA ANA NERY;RUA FILGUEIRAS LIMA;;;;Colisão Lateral;Luz do Dia;Bom;Seca;T;Pare;Residencial;0;1;1;0;0;0;1;0;0;1;0;0;-38,545559;-3,750582
292870;14;12;2016;15:35;14702;RUA FERNANDO FARIAS DE MELO (MANUEL SÁTIRO);RUA EMILIO CONDE;;;;Colisão Lateral;Luz do Dia;Bom;Seca;Cruz;Não Há Controle;Comercial;0;0;2;0;0;0;1;0;0;0;0;0;-38,578217;-3,792882
292852;14;12;2016;00:10;0;RUA BETEL;;;2394;;Colisão;Via Iluminada;Bom;Seca;Meio de Quadra;Não Há Controle;Residencial;0;1;1;1;0;0;0;0;0;0;0;0;;
292849;14;12;2016;02:10;0;AV DOS EXPEDICIONARIOS;;;3910;;Colisão Traseira;Via Iluminada;Bom;Seca;Meio de Quadra;Semáforo;Escola;0;0;2;1;0;0;0;0;0;0;0;0;-38,537333;-3,752267
292845;14;12;2016;11:32;0;AV PRS CASTELO BRANCO;;;2949;;Colisão Traseira;Luz do Dia;Bom;Seca;Meio de Quadra;Semáforo;Comercial;0;0;2;1;0;0;0;0;0;0;0;0;-38,555;-3,711956
292854;14;12;2016;06:30;0;AV BAR STUDART;;;1980;;Colisão Lateral;Luz do Dia;Bom;Seca;Meio de Quadra;;Comercial;0;0;2;1;0;0;0;0;0;1;0;0;-38,508605;-3,74086
292856;14;12;2016;12:35;0;RUA CAP GUSTAVO;;;3941;;Colisão Traseira;Luz do Dia;Bom;Seca;Meio de Quadra;Não Há Controle;Residencial;0;0;2;1;0;0;0;0;0;0;0;0;-38,516646;-3,755706
292862;14;12;2016;17:00;12884;RUA MES ROSA;RUA COS TRISTAO;;;;Colisão Transversal;Anoitecer;Bom;Seca;Cruz;Pare;Residencial;0;0;2;1;0;0;0;0;0;0;0;0;-38,527652;-3,74186
292863;14;12;2016;17:00;0;RUA BAR RIO BRANCO;;;;;Colisão Lateral;Anoitecer;Bom;Seca;;;Comercial;0;0;2;1;0;0;0;0;0;0;0;0;;
292829;14;12;2016;18:15;5039;AV ALBERTO NEPOMUCENO;RUA PESSOA ANTA;;;;Colisão Traseira;Anoitecer;Bom;Seca;Cruz;Semáforo;Comercial;0;0;2;0;1;0;0;0;0;0;0;0;-38,523212;-3,721257
292832;14;12;2016;16:25;0;RUA CANUTO DE AGUIAR;;;1290;;Colisão Lateral;Luz do Dia;Bom;Seca;Meio de Quadra;Semáforo Intermitente;Comercial;0;0;1;0;0;0;0;0;0;0;0;0;-38,491488;-3,731905
292834;14;12;2016;10:55;0;RUA DEP MOREIRA DA ROCHA;;;340;;Colisão;Luz do Dia;Bom;Seca;Meio de Quadra;Não Há Controle;Comercial;0;1;1;1;0;0;0;0;0;1;0;0;-38,509987;-3,726538
292839;14;12;2016;10:57;0;AV PRS CASTELO BRANCO;;;2949;;Colisão Traseira;Luz do Dia;Bom;Seca;Meio de Quadra;Semáforo;Comercial;0;0;2;1;0;0;0;0;0;1;0;0;-38,555;-3,711956
292826;14;12;2016;14:20;0;AV ODILON GUIMARAES;;;;;Colisão Lateral;Luz do Dia;Bom;Seca;Meio de Quadra;Pare;Residencial;0;0;2;0;0;0;0;0;0;1;0;0;;
292827;14;12;2016;08:10;0;AV CEL CARVALHO;;;1900;;Colisão Frontal;Luz do Dia;Bom;Seca;Meio de Quadra;Não Há Controle;Comercial;0;0;2;1;0;0;0;0;0;0;0;0;-38,58753;-3,719042
292824;14;12;2016;10:45;0;AV DR SILAS MUNGUBA;;;435;;;Luz do Dia;;;Meio de Quadra;;;0;0;2;0;0;0;0;0;0;0;0;0;-38,561461;-3,77816
292822;14;12;2016;08:30;0;RUA CEL FRANCISCO ALVES RIBEIRO;;;1765;;Colisão Traseira;Luz do Dia;Bom;Seca;Outros;Não Há Controle;Residencial;0;0;2;1;0;0;0;0;0;0;0;0;;
292817;14;12;2016;20:40;0;RUA ALBERTO MAGNO;;;390;;Colisão Lateral;Via Iluminada;Bom;Seca;Meio de Quadra;Outros;Comercial;0;1;1;1;0;0;0;0;0;0;0;0;-38,545174;-3,759383
302989;14;12;2016;07:30;0;AV PRO GOMES DE MATOS;;;1181;;Colisão Lateral;Luz do Dia;Bom;Seca;Meio de Quadra;Não Há Controle;Comercial;0;0;2;1;1;0;0;0;0;0;0;0;-38,547075;-3,762864
302990;14;12;2016;09:30;0;AV JOR THOMAZ COELHO;;;517;;Colisão Transversal;Luz do Dia;Bom;Seca;Meio de Quadra;Não Há Controle;Comercial;0;0;2;1;1;0;0;0;0;0;0;0;-38,500632;-3,832378
302991;14;12;2016;09:50;0;AL MARIA DORALICE;;;116;;Colisão Traseira;Amanhecer;Bom;Seca;Outros;Não Há Controle;Residencial;0;0;2;1;0;0;0;0;0;0;0;0;-38,470302;-3,749853
302992;14;12;2016;11:13;0;AV JOSE LEON;;;1256;;Engavetamento;Luz do Dia;Bom;Seca;Cruz;Semáforo;Residencial;0;0;5;1;0;0;0;0;0;0;0;0;-38,499515;-3,788399
302993;14;12;2016;12:10;5318;RUA PDE IBIAPINA;RUA GAL CLARINDO DE QUEIROZ;;0;;Colisão Traseira;Luz do Dia;Bom;Seca;Cruz;Pare;Comercial;0;0;4;1;0;0;0;0;0;0;0;0;-38,540084;-3,729518
302995;14;12;2016;16:21;11158;RUA JOSE MENELEU D41;RUA JULIO GASPAR;;0;;Colisão Lateral;Luz do Dia;Bom;Seca;Cruz;Pare;Residencial;0;0;2;1;1;0;0;0;0;0;0;0;-38,560804;-3,784374
302996;14;12;2016;17:29;0;AV JOAO DE ARAUJO LIMA;;;545;;Colisão Lateral;Luz do Dia;Bom;Seca;T;Pare;Comercial;0;1;1;1;0;0;0;0;0;1;0;0;-38,559077;-3,826418
302997;14;12;2016;17:15;0;RUA PRO TEODORICO;;;116;;Engavetamento;Anoitecer;Bom;Seca;Meio de Quadra;Não Há Controle;Residencial;0;0;3;1;0;0;0;0;0;0;0;0;-38,558448;-3,766961
302998;14;12;2016;18:15;1332;AV DOM LUIS;RUA CEL LINHARES;;0;;Colisão Lateral;Via Iluminada;Bom;Seca;Cruz;Não Há Controle;Comercial;0;0;2;1;0;0;0;0;0;0;0;0;-38,493503;-3,734513
302999;14;12;2016;19:47;0;RUA NEREU RAMOS;;;160;;Colisão Traseira;Mal Iluminada;Não Informado;Seca;Meio de Quadra;Não Há Controle;Comercial;0;0;2;1;0;0;0;0;0;0;0;0;-38,56811;-3,786772
303061;14;12;2016;12:30;7817;RUA MARCONDES PEREIRA;RUA JOAQUIM NABUCO;;0;;Colisão Lateral;Luz do Dia;Bom;Seca;Cruz;Pare;Comercial;0;0;2;1;0;0;0;0;0;1;0;0;-38,505936;-3,749764
292551;14;12;2016;13:20;0;RUA CHILE;;;39;;Queda;Luz do Dia;;;Meio de Quadra;;;1;0;0;0;0;0;0;0;0;1;0;0;-38,564302;-3,745208
303336;14;12;2016;08:05;0;AV MIN JOSE AMERICO;;;;;Colisão;Luz do Dia;Bom;Seca;Meio de Quadra;;;0;0;2;1;0;0;0;0;0;1;0;0;;
303337;14;12;2016;18:00;0;AV SEN CARLOS JEREISSATI (AEROPORTO);;;;KM 02;Colisão;Anoitecer;Bom;Seca;Meio de Quadra;;;0;0;3;1;0;0;0;0;0;1;0;0;-38,535424;-3,782194
303340;15;12;2016;11:45;0;RD CE-060;;;;KM-03;Colisão;Luz do Dia;Bom;Seca;Meio de Quadra;;;0;0;2;0;0;0;0;0;0;1;0;0;-38,585024;-3,843072
292461;15;12;2016;03:40;0;AV CENTRAL;;;220;;Colisão Lateral;Mal Iluminada;Bom;Seca;Meio de Quadra;Não Há Controle;Residencial;0;0;2;1;0;0;0;0;0;0;0;0;;
303000;15;12;2016;09:50;0;RUA MAJ FACUNDO;;;907;;Colisão Lateral;Luz do Dia;Bom;Seca;Meio de Quadra;Não Há Controle;Comercial;0;0;2;1;0;0;0;0;0;1;0;0;-38,528963;-3,731036
303001;15;12;2016;12:42;0;AV BEIRA MAR;;;1000;;Colisão Traseira;Luz do Dia;Nublado;Seca;Meio de Quadra;Não Há Controle;Comercial;0;0;1;0;0;0;0;0;0;0;0;0;-38,510759;-3,720422
303002;15;12;2016;12:15;0;RUA NEWTON CRAVEIRO;;;471;;Colisão Transversal;Luz do Dia;Nublado;Seca;T;Pare;Residencial;0;0;2;1;0;0;0;0;0;0;0;0;;
303003;15;12;2016;13:36;7913;AV ANTONIO SALES;RUA VIS MAUA;;0;;Colisão Lateral;Luz do Dia;Nublado;Seca;Cruz;Pare;Residencial;0;0;2;1;0;0;0;0;0;1;0;0;-38,50242;-3,745429
303004;15;12;2016;11:00;9257;RUA CEL PERGENTINO FERREIRA;AV AGUANAMBI;;0;;Colisão Transversal;Luz do Dia;Bom;Seca;Cruz;Semáforo;Comercial;0;0;2;1;0;0;0;0;0;0;0;0;-38,524049;-3,748634
303005;15;12;2016;13:55;15195;AV ABOLICAO;RUA JOSE NAPOLEAO;;0;;Colisão Transversal;Luz do Dia;Nublado;Seca;Cruz;Pare;Comercial;0;0;2;1;1;0;0;0;0;0;0;0;-38,490302;-3,726523
303006;15;12;2016;14:03;3030;RUA DIOGO CORREIA;RUA ANDRE REBOUCAS;;0;;Colisão Transversal;Luz do Dia;Não Informado;Seca;Cruz;Semáforo;Comercial;0;1;0;1;0;0;0;0;0;1;0;0;-38,588606;-3,774008
303007;15;12;2016;14:34;0;AV 13 DE MAIO;;;2936;;Colisão Traseira;Luz do Dia;Nublado;Seca;Meio de Quadra;Não Há Controle;Comercial;0;0;2;1;0;0;0;0;0;0;0;0;-38,54123;-3,739153
303008;15;12;2016;15:26;0;RUA MARCOS MACEDO;RUA DELMIRO GOUVEIA;;0;;Colisão Transversal;Luz do Dia;Bom;Seca;Cruz;Pare;Residencial;0;0;2;1;0;0;0;0;0;0;0;0;;
303009;15;12;2016;20:30;20042;AV ALBERTO CRAVEIRO;AV DEP PAULINO ROCHA;;0;;Colisão Lateral;Via Iluminada;Bom;Seca;Rotatória;Não Há Controle;Lazer;0;0;2;1;0;0;0;0;0;0;0;0;-38,524782;-3,807229
303010;15;12;2016;21:05;0;AV MIGUEL DIAS;;;280;;Colisão Lateral;Via Iluminada;Bom;Seca;Outros;Não Há Controle;Comercial;0;0;1;1;0;0;0;0;0;1;0;0;;
303026;15;12;2016;22:13;13937;RUA IEDA PEREIRA;RUA VER PEDRO PAULO MOREIRA;;0;;Colisão Transversal;Via Iluminada;Nublado;Seca;Cruz;Pare;Residencial;0;0;2;1;0;0;0;0;0;0;0;0;-38,488151;-3,78707
292838;15;12;2016;16:15;19179;AV SANTOS DUMONT;RUA JULIO AZEVEDO;;;;Colisão Traseira;Luz do Dia;Nublado;Seca;Cruz;Não Há Controle;Comercial;0;0;2;1;0;0;0;0;0;0;0;0;-38,481471;-3,741662
292843;15;12;2016;19:55;0;AV JOSE BASTOS;;;4350;;Engavetamento;Anoitecer;Bom;Seca;Meio de Quadra;Semáforo Intermitente;Comercial;0;0;3;1;0;0;0;0;0;0;0;0;-38,554835;-3,754377
292864;15;12;2016;00:05;0;AV DR SILAS MUNGUBA;;;4629;;Colisão Traseira;Via Iluminada;Bom;Seca;Meio de Quadra;Semáforo;Residencial;0;0;2;0;1;0;1;0;0;0;0;0;-38,534271;-3,793945
292865;15;12;2016;15:01;3813;RUA TEREZA CRISTINA;AV 13 DE MAIO;;;;Colisão Lateral;Luz do Dia;Bom;Seca;;Outros;Comercial;0;0;2;1;0;0;1;0;0;0;0;0;-38,541017;-3,739334
292857;15;12;2016;20:40;15172;AV BEIRA MAR;RUA JULIO IBIAPINA;;;;Colisão Traseira;Via Iluminada;Bom;Seca;;Não Há Controle;Comercial;0;0;2;1;0;0;0;0;0;0;0;0;-38,491503;-3,725637
292847;15;12;2016;20:20;0;AV DR SILAS MUNGUBA;;;4330;;Colisão Lateral;Mal Iluminada;Bom;Seca;Meio de Quadra;;Residencial;0;0;2;1;0;0;1;0;0;0;0;0;-38,536991;-3,791639
292871;15;12;2016;11:17;0;AV DEP PAULINO ROCHA;;;1091;;Colisão Traseira;Luz do Dia;Bom;Seca;Meio de Quadra;Não Há Controle;Comercial;0;0;2;0;0;0;0;0;0;0;0;0;;
292873;15;12;2016;15:30;14451;AV BENJAMIM BARROSO;RUA DEMOCRITO ROCHA;;;;Colisão Transversal;Luz do Dia;Bom;Seca;Cruz;Não Há Controle;Residencial;0;0;2;1;0;0;0;0;0;0;0;0;-38,549837;-3,726248
292861;15;12;2016;09:30;0;RUA GAL SAMPAIO;;;553;;Colisão Traseira;Luz do Dia;Bom;Seca;Meio de Quadra;Não Há Controle;Comercial;0;0;2;1;0;0;0;0;0;0;0;0;-38,529773;-3,723459
292869;15;12;2016;08:59;15975;AV GODOFREDO MACIEL;RUA CEL MANUEL ALBANO;;;;Colisão Lateral;Luz do Dia;Bom;Seca;Cruz;Pare;Comercial;0;1;1;0;0;0;1;0;0;1;0;0;-38,57278;-3,805644
292887;15;12;2016;10:00;1416;RUA CEL JUCA;RUA MARIA TOMASIA;;;;Colisão Transversal;Luz do Dia;Bom;Seca;Cruz;Pare;Comercial;0;0;3;1;0;0;0;0;0;0;0;0;-38,491207;-3,737434
292880;15;12;2016;09:00;15337;RUA JOSE VILAR;RUA PEREIRA FILGUEIRAS;;;;Colisão Transversal;Luz do Dia;Bom;Seca;Cruz;Semáforo;Comercial;0;0;2;1;0;0;0;0;0;1;0;0;-38,503284;-3,731461
300433;15;12;2016;07:04;0;RUA EMILIO DE MENESES;;;2066;;Colisão;Luz do Dia;;;Meio de Quadra;;;0;1;0;0;0;1;0;0;0;0;0;0;-38,599463;-3,778362
300434;15;12;2016;07:42;0;RUA PDE IBIAPINA;;;1984;;Colisão;Luz do Dia;;;Meio de Quadra;;;0;1;0;0;0;0;0;0;0;1;0;0;;
300446;15;12;2016;13:42;9297;AV FRANCISCO SA;RUA CESAR CORREIA;;;;Colisão Transversal;Luz do Dia;Bom;Seca;Cruz;Pare;Residencial;0;0;4;1;0;0;0;0;0;1;0;0;-38,573313;-3,711949
300447;15;12;2016;14:45;0;AV SGT HERMINIO SAMPAIO;;;4541;;Colisão;Luz do Dia;;;Meio de Quadra;;;0;2;0;1;0;0;0;0;0;1;0;0;-38,580309;-3,731941
300436;15;12;2016;08:24;0;AV PRS COSTA E SILVA;;;;;Colisão;Luz do Dia;;;Meio de Quadra;;;0;2;0;1;0;0;0;0;0;1;0;0;;
300437;15;12;2016;08:54;12842;RUA JAIME BENEVOLO;RUA CARLOS GOMES;;;;Colisão;Luz do Dia;;;Cruz;Pare;Residencial;0;2;0;0;0;0;0;0;0;1;0;0;-38,528298;-3,740955
300438;15;12;2016;09:22;15832;RUA PDE PEDRO DE ALENCAR;RUA TEN JURANDIR ALENCAR;;;;Colisão;Luz do Dia;;;;;;0;2;0;0;1;0;0;0;0;0;0;0;-38,493981;-3,831674
300439;15;12;2016;11:47;0;AV ISABEL BEZERRA;;;5588;;Colisão;Luz do Dia;;;Meio de Quadra;;;0;2;0;1;0;0;0;0;0;1;0;0;;
300440;15;12;2016;11:54;0;AV GAL OSORIO DE PAIVA;;;5421;;Queda;Luz do Dia;;;Meio de Quadra;;;0;1;0;0;0;0;0;0;0;1;0;0;-38,601772;-3,804421
300441;15;12;2016;11:54;0;AV GAL OSORIO DE PAIVA;;;5421;;Queda;Luz do Dia;;;Meio de Quadra;;;0;1;0;0;0;0;0;0;0;1;0;0;-38,601772;-3,804421
300442;15;12;2016;12:51;1926;AV ISABEL BEZERRA;RUA HONORINA MAIA;;;;Colisão;Luz do Dia;;;Cruz;Pare;Comercial;0;2;0;1;0;0;0;0;0;1;0;0;-38,502185;-3,854802
300453;15;12;2016;16:51;0;AV DEP PAULINO ROCHA;;;1350;;Colisão;Luz do Dia;;;Meio de Quadra;;;0;2;0;1;0;1;0;0;0;0;0;0;-38,509497;-3,810465
300462;15;12;2016;18:35;0;AV GAL OSORIO DE PAIVA;;;5590;;Colisão;;;;Meio de Quadra;;;0;2;0;1;0;0;0;0;0;1;0;0;-38,602729;-3,805373
300463;15;12;2016;18:37;0;AV PRO JOSE ARTHUR CARVALHO;;;;;Colisão;;;;Meio de Quadra;;;0;2;0;0;0;0;0;0;0;0;0;0;;
300464;15;12;2016;18:50;26083;AV BEZERRA DE MENEZES;AV JOSE JATAHY;;720;;Colisão Traseira;Luz do Dia;Nublado;Seca;T;Pare;Comercial;0;0;4;1;0;0;0;0;0;0;0;0;;
300465;15;12;2016;18:51;0;AV PRS COSTA E SILVA;;;121;;Colisão;;;;Meio de Quadra;;;0;2;0;1;0;0;0;0;0;1;0;0;;
300466;15;12;2016;19:31;2326;AV PRS CASTELO BRANCO;RUA SEN ROBERT KENNEDY;;;;Colisão;;;;Cruz;Semáforo;Residencial;0;2;0;0;0;0;0;0;0;0;0;0;-38,579042;-3,704117
300467;15;12;2016;21:39;10774;AV SEN FERNANDES TAVORA;RUA ANTONIO IVO;;;;Colisão;;;;Cruz;Não Há Controle;Residencial;0;2;0;1;0;0;0;0;0;1;0;0;-38,582305;-3,762109
300456;15;12;2016;17:32;24347;AV LUCIANO CARNEIRO;RUA DES PRAXEDES;;;;Colisão;Anoitecer;;;Cruz;Semáforo;Comercial;0;2;0;1;0;0;0;0;0;1;0;0;-38,536679;-3,764934
300457;15;12;2016;17:38;0;AV GAL OSORIO DE PAIVA;;;5723;;Colisão;Anoitecer;;;Meio de Quadra;;;0;1;0;0;0;1;0;0;0;0;0;0;-38,604272;-3,806982
300458;15;12;2016;18:00;0;AV I CJ JOSE WALTER;;;140;;Colisão;Anoitecer;;;Meio de Quadra;;;0;1;0;0;0;1;0;0;0;0;0;0;-38,550817;-3,825445
300459;15;12;2016;18:23;0;AV PERIMETRAL;;;151;;Colisão;Anoitecer;;;Meio de Quadra;;;0;2;0;1;0;0;0;0;0;1;0;0;;
300460;15;12;2016;18:30;0;RUA JOAO PAULO II D18;;;;;Queda;Anoitecer;;;Meio de Quadra;;;0;1;0;0;0;0;0;0;0;1;0;0;;
300469;15;12;2016;22:21;0;AV SEN FERNANDES TAVORA;;;1629;;Colisão;;;;Meio de Quadra;;;0;2;0;0;0;0;0;0;0;0;0;0;-38,587137;-3,759527
300473;15;12;2016;22:51;7633;AV CARNEIRO DE MENDONCA;RUA RIO GRANDE DO SUL;;;;Colisão;;;;Cruz;Semáforo;Misto;0;2;0;1;0;0;0;0;0;1;0;0;-38,570011;-3,762374
299567;15;12;2016;10:43;16028;RUA GAL CORDEIRO NETO;RUA COM ROCHA D72;;;;Colisão;Luz do Dia;;;;;;0;2;0;0;0;0;1;0;0;1;0;0;-38,573895;-3,81641
299569;15;12;2016;11:54;0;AV GAL OSORIO DE PAIVA;;;5521;;Queda;Luz do Dia;;;Meio de Quadra;;;0;1;0;0;0;0;0;0;0;1;0;0;-38,602684;-3,805326
299570;15;12;2016;15:26;0;RUA JULIO SILVA;;;440;;Colisão;Luz do Dia;;;Meio de Quadra;;;0;2;0;1;0;0;0;0;0;0;0;0;;
299571;15;12;2016;16:47;0;AV DEP PAULINO ROCHA;;;1336;;Colisão;Luz do Dia;;;Meio de Quadra;;;0;2;0;1;0;0;0;0;0;1;0;0;;