COD_ACIDENTE;DIA;MES;ANO;HORA;INTERSECAO;LOG1;LOG2;LOG3;NUMERO;REFERENCIA;NATUREZA;ILUMINACAO;TEMPO;SUPERFICIEPISTA;TIPOCRUZAMENTO;CONTROLETRAFEGO;USOSOLO;MORTOS;FERIDOS;ILESOS;AUTOMOVEL;ONIBUS;BICICLETA;CAMINHAO;MICROONIBUS;CICLOMOTOR;MOTOCICLETA;TRACAOANIMAL;TREM;LONG;LAT
299599;15;12;2016;18:41;0;RUA JOAO PAULO II D18;;;;;Colisão;;;;Meio de Quadra;;;0;2;0;0;0;0;0;0;0;1;0;0;;
299600;15;12;2016;20:44;0;RUA CHICO XAVIER;;;210;;Colisão;;;;Meio de Quadra;;;0;2;0;1;0;0;0;0;0;1;0;0;;
296007;15;12;2016;23:50;0;RD BR 116;;;11000;KM-11;Colisão Traseira;;;;Meio de Quadra;;;0;1;1;1;0;0;0;0;0;1;0;0;-38,497176;-3,84716
295482;15;12;2016;17:00;16754;RUA PARANAI;RUA CEL QUEIROZ;;;;Colisão;Anoitecer;;;;;;0;1;1;0;1;0;0;0;0;1;0;0;-38,569055;-3,833641
295479;15;12;2016;00:36;99;RUA MARTINS NETO;RUA TOMAS RODRIGUES;;;;Colisão;;;;Cruz;Pare;Misto;0;1;1;0;0;0;0;0;0;1;0;0;-38,593771;-3,741063
295477;15;12;2016;16:00;1469;RUA DES LEITE ALBUQUERQUE;AV SEN VIRGILIO TAVORA;;;;Colisão Traseira;Via Iluminada;Bom;Seca;Meio de Quadra;Não Há Controle;Comercial;0;0;4;1;0;0;0;0;0;0;0;0;-38,493796;-3,73881
295485;16;12;2016;00:05;10995;RUA ALM RUBIM;RUA 15 DE NOVEMBRO;;;;Colisão Lateral;Via Iluminada;Bom;Seca;Cruz;Pare;Residencial;0;1;3;1;0;0;0;0;0;0;0;0;-38,555939;-3,768907
295486;16;12;2016;00:30;10935;RUA BAR CANINDE;RUA ELCIAS LOPES;;;;Colisão;;;;Cruz;Pare;Comercial;0;0;2;0;0;0;0;0;0;0;0;0;-38,557426;-3,770473
295488;16;12;2016;05:23;0;RUA SEBASTIAO DE ABREU;;;;IGUATEMI;Choque c/ Obstáculo Fixo;Amanhecer;;;Meio de Quadra;;;0;1;0;1;0;0;0;0;0;0;0;0;-38,48347;-3,756245
295492;16;12;2016;15:25;0;AV CEL CARVALHO;;;1166;;Colisão;Luz do Dia;;;Meio de Quadra;;;0;0;3;1;0;0;0;0;0;0;0;0;-38,589099;-3,712743
295495;16;12;2016;16:05;0;AV CEL CARVALHO;;;;;Colisão;Luz do Dia;;;Meio de Quadra;;;0;1;1;1;0;0;0;0;0;0;0;0;;
295499;16;12;2016;17:15;19683;RUA PRO JOSE DE BARCELOS;RUA AZEVEDO BOLAO;;;;Colisão;Anoitecer;;;Cruz;Gesto;Comercial;0;1;1;1;0;0;0;0;0;1;0;0;-38,55061;-3,735196
295500;16;12;2016;17:55;26276;RUA HENRIQUE AUTRAN;RUA DR SEBASTIAO F BAIMA;;;;Colisão;Anoitecer;;;;;;0;1;1;0;0;0;0;0;0;1;0;0;;
295582;16;12;2016;17:00;0;AV GAL OSORIO DE PAIVA;;;3991;;Colisão;Anoitecer;;;Meio de Quadra;;;0;1;1;1;0;0;1;0;0;0;0;0;-38,590184;-3,792515
295576;16;12;2016;09:40;10935;RUA BAR CANINDE;RUA ELCIAS LOPES;;;;Colisão;Luz do Dia;;;Cruz;Pare;Comercial;0;1;1;0;1;0;0;0;0;1;0;0;-38,557426;-3,770473
296006;16;12;2016;13:30;0;RD BR 222;;;500;;Colisão Traseira;Luz do Dia;;;Meio de Quadra;;;0;1;1;1;0;0;0;0;0;1;0;0;;
296058;16;12;2016;15:10;0;RD BR 116;;;1000;KM-01;Colisão;Luz do Dia;;;Meio de Quadra;;;0;2;1;0;0;0;0;0;0;1;0;0;-38,518702;-3,762554
299603;16;12;2016;05:30;0;AV ABOLICAO;;;3877;;Colisão;Amanhecer;;;Meio de Quadra;;;0;1;1;0;0;0;0;0;0;0;0;0;-38,484738;-3,725454
299604;16;12;2016;08:13;11990;AV CASTELO DE CASTRO;RUA 202 CJ SAO CRISTOVAO;;;;Colisão;Luz do Dia;;;;;;0;2;0;0;0;0;0;0;0;0;0;0;-38,521533;-3,832223
299605;16;12;2016;11:32;0;AV MOZART PINHEIRO DE LUCENA;;;3313;;Colisão;Luz do Dia;;;Meio de Quadra;;;0;2;0;0;0;0;0;0;0;1;0;0;-38,599941;-3,733616
299606;16;12;2016;11:55;0;RUA BAR ARACATI;;;2396;;Colisão;Luz do Dia;;;Meio de Quadra;;;0;2;0;1;0;1;0;0;0;0;0;0;-38,515107;-3,74223
299624;16;12;2016;15:21;0;AV ROGACIANO LEITE;;;2352;;Colisão;Luz do Dia;;;Meio de Quadra;;;0;2;0;0;0;0;0;0;0;0;0;0;-38,500342;-3,776071
299638;16;12;2016;22:37;9039;RUA BAR RIO BRANCO;RUA PDE MIGUELINHO;;;;Colisão;;;;Cruz;Pare;Residencial;0;2;0;1;0;0;0;0;0;1;0;0;-38,53346;-3,742749
299635;16;12;2016;18:06;15245;RUA LEONARDO MOTA;AV ANTONIO JUSTA;;;;Atropelamento;Anoitecer;;;Cruz;Pare;Comercial;0;2;0;0;1;0;0;0;0;0;0;0;-38,493542;-3,727945
300474;16;12;2016;00:21;0;RD BR 116;;;1000;KM-01;Colisão;;;;Meio de Quadra;;;0;2;0;1;0;0;0;0;0;1;0;0;-38,518702;-3,762554
300475;16;12;2016;00:22;10935;RUA BAR CANINDE;RUA ELCIAS LOPES;;;;Colisão;;;;Cruz;Pare;Comercial;0;2;0;1;0;0;0;0;0;1;0;0;-38,557426;-3,770473
300476;16;12;2016;00:52;0;RUA DNA LUCIA PINHEIRO (QUINTINO CUNHA);;;;;Colisão;;;;Meio de Quadra;;;0;1;0;0;0;0;0;0;0;1;0;0;;
300479;16;12;2016;04:09;0;AV SEN FERNANDES TAVORA;;;2878;;Colisão;;;;Meio de Quadra;;;0;1;0;1;0;0;0;0;0;0;0;0;-38,597712;-3,755228
300481;16;12;2016;04:17;0;RD BR 116;;;;;Colisão;;;;Meio de Quadra;;;0;2;0;1;0;0;0;0;0;0;0;0;;
300482;16;12;2016;04:50;0;RUA CHICO LEMOS;;;1011;;Colisão;;;;Meio de Quadra;;;0;2;0;1;0;0;0;0;0;1;0;0;;
300483;16;12;2016;06:23;0;AV WASHINGTON SOARES;;;;;Colisão;Luz do Dia;;;Meio de Quadra;;;0;1;0;0;0;0;0;0;0;1;0;0;;
300484;16;12;2016;06:48;0;AV GAL OSORIO DE PAIVA;;;3927;;Colisão;Luz do Dia;;;Meio de Quadra;;;0;2;0;1;0;0;0;0;0;1;0;0;-38,589445;-3,791752
300486;16;12;2016;07:49;7752;AV JOAO PESSOA;AV CARNEIRO DE MENDONCA;;1506;;Colisão Lateral;Luz do Dia;Nublado;Seca;T;Semáforo;Comercial;0;1;3;0;1;0;0;0;0;1;0;0;-38,559808;-3,767222
300488;16;12;2016;08:16;0;RUA BAR CANINDE;;;1677;;Colisão;Luz do Dia;;;Meio de Quadra;;;0;2;0;0;0;0;0;0;0;0;0;0;;
300489;16;12;2016;08:18;10935;RUA ELCIAS LOPES;RUA BAR CANINDE;;;;Colisão;Luz do Dia;;;Cruz;Pare;Comercial;0;2;0;0;0;0;0;0;0;0;0;0;-38,557426;-3,770473
300490;16;12;2016;08:42;0;RUA STA TEREZINHA DO MEN JES E DA SAG FACE;;;;;Colisão;Luz do Dia;;;Meio de Quadra;;;0;1;0;0;0;0;0;0;0;1;0;0;;
300491;16;12;2016;09:51;0;RUA VALDEMAR QUEIROZ;;;101;;Queda;Luz do Dia;;;Meio de Quadra;;;0;1;0;0;0;0;0;0;0;1;0;0;;
300492;16;12;2016;11:02;0;RUA CEZIDIO ALBUQUERQUE;;;196;;Queda;Luz do Dia;;;Meio de Quadra;;;0;1;0;0;0;0;0;0;0;1;0;0;-38,505487;-3,795612
300493;16;12;2016;11:55;0;AV IMPERADOR;;;;;Atropelamento;Luz do Dia;;;Meio de Quadra;;;0;2;0;1;0;0;0;0;0;0;0;0;;
300494;16;12;2016;12:04;0;AV TRISTAO GONCALVES;;;510;;Colisão;Luz do Dia;;;Meio de Quadra;;;0;2;0;1;0;0;0;0;0;0;0;0;;
300495;16;12;2016;12:13;26276;RUA HENRIQUE AUTRAN;RUA DR SEBASTIAO F BAIMA;;;;Colisão;Luz do Dia;;;;;;0;2;0;1;0;0;0;0;0;1;0;0;;
300524;16;12;2016;18:08;0;RUA JOSE HIPOLITO;;;1523;;Queda;Anoitecer;;;Meio de Quadra;;;0;1;0;0;0;0;0;0;0;1;0;0;;
300525;16;12;2016;18:13;0;AV SGT HERMINIO SAMPAIO;;;;;Colisão;Anoitecer;;;Meio de Quadra;;;0;2;0;1;0;0;0;0;0;1;0;0;;
300526;16;12;2016;18:17;0;AV SGT HERMINIO SAMPAIO;;;;;Colisão;Anoitecer;;;Meio de Quadra;;;0;0;1;1;0;0;0;0;0;1;0;0;;
300527;16;12;2016;18:21;0;AV PONTES VIEIRA;;;2112;;Colisão Transversal;Via Iluminada;Bom;Não informada;Meio de Quadra;Não Há Controle;Comercial;0;1;3;1;0;0;0;0;0;1;0;0;-38,502175;-3,751391
300528;16;12;2016;18:26;0;RUA ANTONIO FONTENELE;;;;;Colisão;Anoitecer;;;Meio de Quadra;;;0;2;0;1;0;0;0;0;0;1;0;0;;
300529;16;12;2016;18:28;0;RUA DEP MATOSO FILHO;;;1192;;Colisão;Anoitecer;;;Meio de Quadra;;;0;2;0;1;1;0;0;0;0;0;0;0;-38,59423;-3,733942
300531;16;12;2016;18:36;0;RUA DEP MATOSO FILHO;;;;;Colisão;;;;Meio de Quadra;;;0;1;1;1;1;0;0;0;0;0;0;0;;
300519;16;12;2016;23:04;18280;AV ALM BARROSO;RUA TREMEMBES;;;;Colisão;;;;T;Não Há Controle;Comercial;0;2;0;0;0;0;0;0;0;0;0;0;-38,516088;-3,720313
300517;16;12;2016;22:08;18662;RUA PENSAMENTO;AV IRACEMA (CJ PALMEIRAS);;;;Colisão;;;;;;;0;2;0;1;0;1;0;0;0;0;0;0;-38,527367;-3,843588
300514;16;12;2016;19:50;13304;AV I CJ JOSE WALTER;AV G CJ JOSE WALTER;;;;Colisão;;;;T;Pare;Residencial;0;2;0;0;0;0;0;0;0;0;0;0;-38,554956;-3,839061
300515;16;12;2016;21:33;0;RUA PEREIRA COUTINHO;;;1523;;Colisão;;;;Meio de Quadra;;;0;2;0;1;0;0;0;0;0;1;0;0;;
300497;16;12;2016;12:26;15694;RUA DUARTE DA COSTA;RUA GUILHERME PESSOA;;;;Colisão;Luz do Dia;;;Cruz;Pare;Residencial;0;2;0;1;0;0;0;0;0;1;0;0;-38,486663;-3,827264
300498;16;12;2016;13:07;0;RUA FRANCISCO LORDA;;;264;;Colisão;Luz do Dia;;;Meio de Quadra;;;0;2;0;1;0;0;0;0;0;1;0;0;-38,531554;-3,762019
300499;16;12;2016;18:01;0;RUA FRANCISCO DOMINGOS;;;826;;Colisão;Anoitecer;;;Meio de Quadra;;;0;2;0;1;0;0;0;0;0;1;0;0;-38,588253;-3,778565
300500;16;12;2016;19:12;0;RUA PDE PEDRO DE ALENCAR;;;1791;;Colisão;;;;Meio de Quadra;;;0;2;0;1;0;0;0;0;0;1;0;0;-38,494377;-3,843723
300502;16;12;2016;19:54;0;RUA BERNARDO MANUEL;;;7210;;Colisão;;;;Meio de Quadra;;;0;2;0;1;0;0;0;0;0;0;0;0;-38,546105;-3,781372
300503;16;12;2016;14:17;0;AV PERIMETRAL;;;;;Colisão;Luz do Dia;;;Meio de Quadra;;;0;1;0;0;1;0;0;0;0;0;0;0;;
300504;16;12;2016;14:22;14969;RUA JULIO ALCIDES;RUA NORUEGA;;;;Colisão;Luz do Dia;;;;;;0;2;0;1;0;0;0;0;0;1;0;0;-38,564477;-3,78856
300506;16;12;2016;14:25;0;RUA NORUEGA;;;3;;Colisão;Luz do Dia;;;Meio de Quadra;;;0;2;0;1;0;0;0;0;0;1;0;0;;
300507;16;12;2016;16:18;0;RUA MOREIRA DA ROCHA;;;1360;;Colisão;Luz do Dia;;;Meio de Quadra;;;0;2;0;1;0;0;0;0;0;1;0;0;;
300508;16;12;2016;16:40;0;AV SGT HERMINIO SAMPAIO;;;2180;;Colisão;Luz do Dia;;;Meio de Quadra;;;0;2;0;1;0;0;0;0;0;1;0;0;-38,560408;-3,726358
300509;16;12;2016;16:44;4627;RUA CRISANTO M DA ROCHA;RUA FCO PARACAMPOS;;595;;Colisão Transversal;Anoitecer;Nublado;Seca;Cruz;Pare;Residencial;0;1;3;0;0;0;0;0;0;1;0;0;-38,481183;-3,800753
300510;16;12;2016;17:26;0;AV ANTONIO JUSTA;;;2904;;Colisão;Anoitecer;;;Meio de Quadra;;;0;2;0;0;1;0;0;0;0;0;0;0;-38,493621;-3,727923
300511;16;12;2016;17:57;23644;RUA BAR CRATO;RUA DR GILBERTO CAMARA;;;;Colisão;Anoitecer;;;Cruz;Pare;Residencial;0;2;0;1;0;0;0;0;0;1;0;0;-38,563395;-3,722266
300512;16;12;2016;17:58;0;RUA DR GILBERTO CAMARA;;;369;;Colisão;Anoitecer;;;Meio de Quadra;;;0;2;0;1;0;0;0;0;0;1;0;0;-38,56307;-3,723291
292850;16;12;2016;15:50;0;AV SGT HERMINIO SAMPAIO;;;3913;;Colisão;Luz do Dia;;;Meio de Quadra;;;0;0;4;1;0;0;0;0;0;0;0;0;-38,575294;-3,729971
292853;16;12;2016;12:45;0;RUA EDGAR PINHO FILHO;;;264;;Colisão Lateral;Luz do Dia;;;Meio de Quadra;;;0;0;2;1;0;0;0;0;0;0;0;0;;
292858;16;12;2016;07:30;10819;RUA PRO HERIBALDO COSTA;RUA GOIANIA;;;;Colisão Lateral;Luz do Dia;;;Cruz;Pare;Escola;0;2;0;1;0;0;0;0;0;1;0;0;-38,585962;-3,763983
292855;16;12;2016;00:50;13537;AV SORIANO ALBUQUERQUE;RUA CAP GUSTAVO;;;;Colisão Transversal;;;;Cruz;Semáforo;Misto;0;1;1;1;0;0;0;0;0;0;0;0;-38,518063;-3,748124
292841;16;12;2016;09:50;0;RUA MIGUEL ARAGAO;;;1255;;Colisão;Luz do Dia;;;Meio de Quadra;;;0;0;2;1;0;0;0;0;0;0;0;0;-38,590506;-3,83096
292842;16;12;2016;16:40;0;AV CARAPINIMA;;;2424;;Colisão Traseira;Luz do Dia;;;Meio de Quadra;;;0;0;3;1;0;0;0;0;0;0;0;0;-38,54117;-3,740936
292835;16;12;2016;10:49;0;RUA BRI CORREIA DE MELO;;;55;;Colisão Traseira;Luz do Dia;;;Meio de Quadra;;;0;0;2;1;0;0;0;0;0;0;0;0;-38,497792;-3,750008
292836;16;12;2016;11:32;15104;AV HIS RAIMUNDO GIRAO;RUA ILDEFONSO ALBANO;;;;Colisão Lateral;Luz do Dia;;;Cruz;Semáforo;Outros;0;0;2;0;1;0;1;0;0;0;0;0;-38,509542;-3,721603
292837;16;12;2016;12:10;0;AV TRISTAO GONCALVES;;;570;;Atropelamento;Luz do Dia;;;Meio de Quadra;;;0;1;1;1;0;0;0;0;0;0;0;0;-38,532955;-3,72629
292830;16;12;2016;17:29;5135;RUA SAO PAULO;AV TRISTAO GONCALVES;;;;Atropelamento;Anoitecer;;;Cruz;Semáforo;Comercial;0;2;1;1;0;0;0;0;0;0;0;0;-38,532395;-3,724419
292831;16;12;2016;19:30;7780;RUA LEONARDO MOTA;RUA HENRIQUETA GALENO;;;;Colisão Transversal;;;;Cruz;Pare;Comercial;0;0;2;1;0;0;0;0;0;0;0;0;-38,499138;-3,745418
303011;16;12;2016;08:29;9169;AV LUCIANO CARNEIRO;RUA DR ALFREDO WEYNE D14;;0;;Colisão Traseira;Luz do Dia;Chuva;Molhada;T;Pare;Comercial;0;1;1;1;0;0;0;0;0;0;0;0;-38,533556;-3,754682
303012;16;12;2016;09:30;3769;AV DOMINGOS OLIMPIO;RUA SEN POMPEU;;0;;Colisão Lateral;Luz do Dia;Bom;Seca;Cruz;Semáforo;Comercial;0;0;2;1;1;0;0;0;0;0;0;0;-38,532455;-3,736254
303013;16;12;2016;09:42;7873;AV PONTES VIEIRA;RUA BARBOSA DE FREITAS;;0;;Colisão Lateral;Luz do Dia;Bom;Seca;Cruz;Semáforo;Comercial;0;0;2;1;0;0;0;0;0;0;0;0;-38,502094;-3,751381
303014;16;12;2016;07:26;0;AV 13 DE MAIO;;;2032;;Colisão Traseira;Luz do Dia;Não Informado;Seca;Meio de Quadra;Semáforo;Escola;0;1;3;1;0;0;0;0;0;1;0;0;-38,535321;-3,744215
303015;16;12;2016;12:00;0;AV HERACLITO GRACA;;;1670;;Colisão Traseira;Luz do Dia;Bom;Seca;Meio de Quadra;Semáforo;Comercial;0;0;2;1;0;0;0;0;0;0;0;0;;
303073;16;12;2016;16:01;1522;RUA EDUARDO GARCIA;RUA CEL JUCA;;0;;Colisão Traseira;Luz do Dia;Bom;Seca;Cruz;Pare;Residencial;0;0;2;1;0;0;0;0;0;0;0;0;-38,492166;-3,740419
303017;16;12;2016;14:00;5433;RUA METON DE ALENCAR;RUA MAJ FACUNDO;;0;;Colisão Transversal;Luz do Dia;Nublado;Seca;Cruz;Pare;Comercial;0;0;2;0;0;0;0;0;0;0;0;0;-38,529899;-3,733917
303018;16;12;2016;14:00;10716;RUA PRO HERIBALDO COSTA;RUA PRO EDGAR DE ARRUDA;;0;;Colisão Transversal;Luz do Dia;Bom;Seca;T;Não Há Controle;Residencial;0;0;2;1;0;0;0;0;0;0;0;0;-38,583335;-3,759016
303019;16;12;2016;15:59;19721;RUA GUSTAVO SAMPAIO;RUA AMADEU FURTADO;;0;;Colisão Lateral;Luz do Dia;Bom;Seca;Cruz;Pare;Residencial;0;0;2;1;0;0;0;0;0;0;0;0;-38,563828;-3,736786
303020;16;12;2016;15:20;0;RUA PDE VALDEVINO;;;2415;;Colisão Traseira;Luz do Dia;Nublado;Seca;Meio de Quadra;Semáforo;Comercial;0;2;2;1;0;0;0;0;0;1;0;0;-38,503925;-3,743198
303021;16;12;2016;16:40;21979;RUA GAL BERNARDO FIGUEIREDO;RUA PRO RAIMUNDO ARRUDA;;0;;Colisão Transversal;Luz do Dia;Nublado;Seca;T;Pare;Residencial;0;0;2;1;0;0;0;0;0;0;0;0;-38,55084;-3,739476
303022;16;12;2016;16:40;10999;RUA ALBERTO MAGNO;RUA 15 DE NOVEMBRO;;0;;Colisão Traseira;Via Iluminada;Bom;Seca;Cruz;Pare;Residencial;0;0;2;1;0;0;0;0;0;0;0;0;-38,553169;-3,769909
303023;16;12;2016;18:30;0;AV DOM MANUEL;;;124;;Colisão Lateral;Via Iluminada;Bom;Seca;Meio de Quadra;Não Há Controle;Comercial;0;0;2;1;0;0;0;0;0;0;0;0;-38,520084;-3,725149
303024;16;12;2016;20:21;0;AV ENG LEAL LIMA VERDE (SAPIRANGA/COITE);;;965;;Colisão Traseira;Via Iluminada;Nublado;Seca;Meio de Quadra;Não Há Controle;Residencial;0;0;2;1;0;0;0;0;0;0;0;0;-38,475508;-3,79772
303025;16;12;2016;20:50;0;AV AMERICO BARREIRA;;;6122;;Colisão Traseira;Via Iluminada;Bom;Seca;Meio de Quadra;Semáforo;Comercial;0;0;1;1;0;0;0;0;0;0;0;0;;
303064;16;12;2016;11:20;0;AV PRS COSTA E SILVA;;;5183;;Colisão Traseira;Luz do Dia;Bom;Seca;Meio de Quadra;Não Há Controle;Industrial;0;0;2;1;0;0;0;0;0;0;0;0;-38,534158;-3,82797
292553;16;12;2016;08:21;0;AV CASTELO DE CASTRO;;;130;;Engavetamento;Luz do Dia;;;Meio de Quadra;;;1;1;2;1;0;1;1;0;0;0;0;0;-38,521465;-3,830081
292557;16;12;2016;10:00;0;RUA BRAGANCA;;;;;Queda;Luz do Dia;;;Meio de Quadra;;;1;0;0;0;0;0;0;0;0;1;0;0;;
303350;16;12;2016;04:00;0;RD CE-040;;;;KM-01;Choque c/ Obstáculo Fixo;;Bom;Seca;Meio de Quadra;;;0;1;0;1;0;0;0;0;0;0;0;0;-38,48666;-3,758119
303357;16;12;2016;08:15;0;AV SEN CARLOS JEREISSATI (AEROPORTO);;;;KM 02;Colisão;Luz do Dia;Bom;Seca;Meio de Quadra;;;0;0;2;1;0;0;0;0;0;0;0;0;-38,535424;-3,782194
303358;16;12;2016;16:42;0;AV SEN CARLOS JEREISSATI (AEROPORTO);;;;KM 04;Colisão;Luz do Dia;Bom;Seca;Meio de Quadra;;;0;0;3;1;0;0;0;0;0;0;0;0;-38,544418;-3,779518
303359;16;12;2016;16:45;0;RD CE-040;;;;KM-05;Colisão;Luz do Dia;Bom;Seca;Meio de Quadra;;;0;0;3;1;0;0;0;0;0;0;0;0;-38,480331;-3,791613
303360;17;12;2016;15:20;0;AV MIN JOSE AMERICO;;;;;Colisão;Luz do Dia;Bom;Seca;Meio de Quadra;;;0;0;2;1;0;0;0;0;0;0;0;0;;
303361;17;12;2016;07:50;0;AV SEN CARLOS JEREISSATI (AEROPORTO);;;;KM 03;Colisão;Luz do Dia;Bom;Seca;Meio de Quadra;;;0;0;2;1;0;0;0;0;0;0;0;0;-38,544038;-3,779641
292558;17;12;2016;11:45;0;RUA PORFIRIO SAMPAIO;;;;;Colisão;Luz do Dia;;;Meio de Quadra;;;1;0;1;0;0;0;0;0;0;1;0;0;;
292561;17;12;2016;20:00;0;RD BR 222;;;500;;Choque c/ Obstáculo Fixo;;;;Meio de Quadra;;;1;0;0;0;0;0;0;0;0;1;0;0;-38,594063;-3,74008
292563;17;12;2016;23:00;0;AV DA UNIVERSIDADE;;;;;Colisão;;;;Meio de Quadra;;;1;1;0;1;0;0;0;0;0;1;0;0;;
303027;17;12;2016;00:37;0;AV 13 DE MAIO;;;303;;Colisão Traseira;Via Iluminada;Nublado;Seca;Meio de Quadra;Não Há Controle;Comercial;0;0;2;1;0;0;0;0;0;0;0;0;-38,524172;-3,753648
303028;17;12;2016;01:53;1654;AV SEN VIRGILIO TAVORA;RUA BENI DE CARVALHO;;;;Colisão;Via Iluminada;Nublado;Seca;Cruz;Semáforo;Comercial;0;2;1;1;0;1;0;0;0;0;0;0;-38,495995;-3,745678
303029;17;12;2016;07:38;23045;AV DR SILAS MUNGUBA;RUA MALMEQUER;;0;;Colisão Traseira;Luz do Dia;Bom;Seca;Cruz;Semáforo;Comercial;0;1;1;1;0;0;0;0;0;0;0;0;-38,538571;-3,79098
303030;17;12;2016;07:10;3398;RUA AMAZONAS;RUA PAPI JUNIOR;;0;;Colisão Transversal;Luz do Dia;Bom;Seca;Duplo T;Pare;Residencial;0;2;0;0;0;0;0;0;0;1;0;0;-38,560679;-3,755547
303031;17;12;2016;14:27;0;AV DES MOREIRA;;;2699;;Colisão Lateral;Luz do Dia;Bom;Seca;Cruz;Semáforo;Comercial;0;0;2;1;0;0;0;0;0;0;0;0;-38,502515;-3,749276
303032;17;12;2016;13:20;0;AV FRE CIRILO;;;4340;SEMINARIO SERAFICO;Colisão Lateral;Luz do Dia;Bom;Seca;Cruz;Semáforo;Residencial;0;1;1;1;0;0;0;0;0;0;0;0;-38,495294;-3,822182
303033;17;12;2016;15:07;5292;RUA COSTA BARROS;RUA GONCALVES LEDO;;0;;Colisão Transversal;Luz do Dia;Bom;Seca;Cruz;Pare;Comercial;0;1;1;1;0;0;0;0;0;0;0;0;-38,515426;-3,729088
303034;17;12;2016;16:39;0;AV AGUANAMBI;;;1733;;Colisão Transversal;Luz do Dia;Bom;Seca;Meio de Quadra;Dê Preferência;Comercial;0;0;2;1;0;0;0;1;0;0;0;0;-38,523386;-3,752315
303035;17;12;2016;15:08;0;AV ALM MAXIMIANO DA FONSECA;;;1190;;Engavetamento;Luz do Dia;Bom;Seca;Meio de Quadra;Semáforo;Residencial;0;0;3;1;0;0;0;0;0;0;0;0;-38,485021;-3,771324
303036;17;12;2016;17:29;0;RUA TEN BENEVOLO;;;201;;Choque c/ Obstáculo Fixo;Luz do Dia;Bom;Seca;T;Não Há Controle;Residencial;0;0;2;1;0;0;0;0;0;0;0;0;-38,518667;-3,724916
292881;17;12;2016;20:00;14611;AV JOSE LEON;RUA PDE JANUARIO CAMPOS;;;;Engavetamento;Via Iluminada;Bom;Seca;T;Não Há Controle;Residencial;0;0;4;1;0;0;0;0;0;0;0;0;-38,48909;-3,790897
292882;17;12;2016;23:00;5030;AV ALM BARROSO;RUA ALM JACEGUAI;;;;Colisão Lateral;Via Iluminada;Bom;Seca;T;Semáforo Intermitente;Lazer;0;0;2;1;1;0;0;0;0;0;0;0;-38,519363;-3,720749
292879;17;12;2016;21:00;3069;RUA ANDRE REBOUCAS;RUA HENRIQUE CALLES;;;;Colisão Transversal;Via Iluminada;Bom;Seca;T;Não Há Controle;Residencial;0;1;1;1;0;0;0;0;0;0;0;0;-38,591239;-3,7759
292884;17;12;2016;23:55;246;AV JOVITA FEITOSA;RUA DOM LINO;;;;Colisão Lateral;Via Iluminada;Nublado;Seca;Cruz;Semáforo;Residencial;0;1;2;1;0;0;0;0;0;0;0;0;-38,556413;-3,73985
292874;17;12;2016;18:10;0;AV DA UNIVERSIDADE;;;;;Colisão Lateral;Via Iluminada;Bom;Seca;Meio de Quadra;Semáforo;Comercial;0;0;2;1;1;0;0;0;0;0;0;0;;
292875;17;12;2016;03:30;0;AV BORGES DE MELO;;;97;;Atropelamento;Via Iluminada;Bom;Seca;Meio de Quadra;Não Há Controle;Comercial;0;2;0;0;0;0;0;0;0;1;0;0;-38,538404;-3,752926
292876;17;12;2016;10:10;12785;RUA DAMASCENO GIRAO;RUA ALBERTO MAGNO;;;;Colisão;Luz do Dia;Bom;Seca;Y;Não Há Controle;Comercial;0;1;1;1;0;1;0;0;0;0;0;0;-38,540309;-3,753853
292877;17;12;2016;16:20;0;AV JOAO PESSOA;;;4204;;Colisão Lateral;Luz do Dia;Bom;Seca;Meio de Quadra;Pare;Residencial;0;0;2;1;0;0;1;0;0;0;0;0;-38,547615;-3,750364
292897;17;12;2016;18:10;0;AV SGT HERMINIO SAMPAIO;;;3626;;Colisão Traseira;Via Iluminada;Bom;Seca;Meio de Quadra;Semáforo;Residencial;0;1;2;1;0;0;0;0;0;0;0;0;-38,572885;-3,729002
299562;17;12;2016;18:00;0;RUA BETA CJ VILA VELHA;;;224;;Atropelamento;Anoitecer;;;Meio de Quadra;;;0;1;1;0;0;0;0;0;0;1;0;0;;
299558;17;12;2016;17:40;24775;AV WASHINGTON LUIS;AV HILDEBRANDO DE MELO;;;;Colisão;Anoitecer;;;;;;0;2;1;1;0;0;0;0;0;1;0;0;-38,588855;-3,717485
299560;17;12;2016;17:47;0;RUA JOSIAS PAULA DE SOUZA;;;388;;Queda;Anoitecer;;;Meio de Quadra;;;0;1;0;0;0;0;0;0;0;1;0;0;-38,469625;-3,72763
299554;17;12;2016;16:45;0;RD BR 116;;;3000;KM-03;Queda;Luz do Dia;;;Meio de Quadra;;;0;1;0;0;0;0;0;0;0;1;0;0;-38,514372;-3,779838
299555;17;12;2016;17:00;7147;AV PASTEUR;RUA SAO RAIMUNDO (PIRAMBU);;;;Colisão;Anoitecer;;;;Não Há Controle;Residencial;0;1;0;1;0;0;0;0;0;1;0;0;;
299550;17;12;2016;16:45;0;RUA POE MARIO LINHARES (J.WALTER);;;41;;Colisão;Luz do Dia;;;Meio de Quadra;;;0;2;0;1;0;0;0;0;0;1;0;0;;