COD_ACIDENTE;DIA;MES;ANO;HORA;INTERSECAO;LOG1;LOG2;LOG3;NUMERO;REFERENCIA;NATUREZA;ILUMINACAO;TEMPO;SUPERFICIEPISTA;TIPOCRUZAMENTO;CONTROLETRAFEGO;USOSOLO;MORTOS;FERIDOS;ILESOS;AUTOMOVEL;ONIBUS;BICICLETA;CAMINHAO;MICROONIBUS;CICLOMOTOR;MOTOCICLETA;TRACAOANIMAL;TREM;LONG;LAT
299547;17;12;2016;15:00;0;AV HERACLITO GRACA;;;330;;Colisão Lateral;Luz do Dia;Bom;Seca;Meio de Quadra;Não Há Controle;Comercial;0;1;3;1;0;0;0;0;0;1;0;0;-38,521752;-3,734398
299548;17;12;2016;15:30;9220;RUA NAPOLEAO LAUREANO;AV 13 DE MAIO;;;;Colisão;Luz do Dia;;;Cruz;Semáforo;Comercial;0;1;1;1;0;0;0;0;0;1;0;0;-38,528825;-3,749758
299942;17;12;2016;23:00;239;AV JOVITA FEITOSA;RUA CRUZ SALDANHA;;;;Atropelamento;;;;Cruz;Não Há Controle;Residencial;0;1;0;0;0;0;0;0;0;1;0;0;-38,553174;-3,739205
299920;17;12;2016;22:20;0;RUA CAP FRANCISCO PEDRO;;;828;;Colisão;;;;Meio de Quadra;;;0;1;0;0;0;0;0;0;0;1;0;0;;
299923;17;12;2016;22:50;0;AV JOSE BASTOS;;;2090;;Colisão;;;;Meio de Quadra;;;0;0;2;1;0;0;0;0;0;1;0;0;;
299925;17;12;2016;23:00;9132;RUA JAIME BENEVOLO;AV 13 DE MAIO;;;;Colisão;;;;Cruz;Semáforo;Comercial;0;1;0;0;0;0;0;0;0;1;0;0;-38,530741;-3,748122
299891;17;12;2016;20:30;7733;RUA BAR SOBRAL;AV JOAO PESSOA;;;;Colisão;;;;T;Gesto;Comercial;0;1;1;1;0;0;0;0;0;1;0;0;;
299895;17;12;2016;21:00;20263;RUA 28 DE AGOSTO UI 503;AV CENTRAL UI 503;;;;Atropelamento;;;;;;;0;1;0;0;0;0;0;0;0;1;0;0;-38,538361;-3,815876
299900;17;12;2016;21:20;2738;RUA OSCAR FRANCA;RUA ITU;;;;Colisão Transversal;;;;Cruz;Não Há Controle;Residencial;0;2;0;0;0;0;0;0;0;1;0;0;-38,602642;-3,790923
299878;17;12;2016;19:30;0;RUA MEM DE SA;;;395;;Queda;;;;Meio de Quadra;;;0;1;0;0;0;1;0;0;0;0;0;0;-38,485249;-3,826747
299885;17;12;2016;19:40;0;RUA ESPIRITO SANTO;;;507;;Queda;;;;Meio de Quadra;;;0;1;0;0;0;0;0;0;0;1;0;0;-38,568078;-3,752794
299869;17;12;2016;19:00;0;AV JOSE LEON;;;1078;;Colisão;;;;Meio de Quadra;;;0;1;1;1;0;0;0;0;0;1;0;0;-38,50231;-3,787692
299858;17;12;2016;19:00;21127;RUA PIAUI;RUA URUGUAIANA;;;;Colisão;;;;Cruz;Não Há Controle;Residencial;0;1;1;1;0;0;0;0;0;1;0;0;-38,570012;-3,754621
299490;17;12;2016;12:40;0;RUA ADARIAS DE LIMA;;;152;;Colisão;Luz do Dia;;;Meio de Quadra;;;0;1;0;0;0;0;0;0;0;0;0;0;;
299494;17;12;2016;12:50;0;AV CASTELO DE CASTRO;;;1864;;Colisão;Luz do Dia;;;Meio de Quadra;;;0;0;2;0;0;0;0;0;0;0;0;0;;
299495;17;12;2016;13:30;0;RUA COSTA BARROS;;;225;;;Luz do Dia;;;Meio de Quadra;;;0;1;1;1;0;0;0;0;0;1;0;0;-38,521708;-3,727081
299496;17;12;2016;14:20;5228;RUA VIS SABOIA;RUA GOV SAMPAIO;;;;Colisão;Luz do Dia;;;Cruz;Não Há Controle;Comercial;0;0;2;1;0;0;0;0;0;1;0;0;-38,524382;-3,727076
299498;17;12;2016;15:00;0;RUA GAL CORDEIRO NETO;;;1020;;Atropelamento;Luz do Dia;;;Meio de Quadra;;;0;0;2;1;0;0;0;0;0;0;0;0;;
299500;17;12;2016;15:00;0;RUA BERNARDO MANUEL;;;9964;;Colisão;Luz do Dia;;;Meio de Quadra;;;0;1;1;1;0;0;0;0;0;1;0;0;-38,553137;-3,804464
299484;17;12;2016;12:00;0;RUA OTAVIO PARANHOS;;;29;;Atropelamento;Luz do Dia;;;Meio de Quadra;;;0;1;1;1;0;0;0;0;0;0;0;0;;
299486;17;12;2016;12:20;6732;RUA ANDRADE FURTADO;RUA JULIO AZEVEDO;;;;Colisão Transversal;Luz do Dia;Bom;Seca;Cruz;Pare;Comercial;0;1;3;1;0;0;0;0;0;1;0;0;-38,483306;-3,744567
299463;17;12;2016;07:30;0;AV GODOFREDO MACIEL;;;4036;;Colisão;Luz do Dia;;;Meio de Quadra;;;0;3;0;1;0;0;0;0;0;1;0;0;-38,574205;-3,810165
299479;17;12;2016;10:30;0;RUA GONCALVES LEDO;;;130;;Colisão;Luz do Dia;;;Meio de Quadra;;;0;1;1;0;0;0;0;0;0;1;0;0;-38,514244;-3,725231
299460;17;12;2016;06:56;9442;RUA RIO TOCANTINS;AV MAJ ASSIS;;;;Atropelamento;Luz do Dia;;;T;Não Há Controle;Residencial;0;1;1;0;0;0;0;0;0;1;0;0;;
299457;17;12;2016;06:15;13021;AV I CJ JOSE WALTER;AV A CJ JOSE WALTER;;;;Queda;Luz do Dia;;;Cruz;Pare;Residencial;0;1;0;0;0;0;0;0;0;1;0;0;-38,550935;-3,825834
296013;17;12;2016;18:20;0;RD BR 116;;;11000;KM-11;Colisão Traseira;Anoitecer;;;Meio de Quadra;;;0;1;1;1;0;0;0;0;0;1;0;0;-38,497176;-3,84716
296009;17;12;2016;10:15;0;RD BR 116;;;11000;KM-11;Colisão Traseira;Luz do Dia;;;Meio de Quadra;;;0;1;1;0;0;0;0;0;0;1;0;0;-38,497176;-3,84716
296011;17;12;2016;16:30;0;RD BR 116;;;13000;KM-13;Outros;Luz do Dia;;;Meio de Quadra;;;0;0;1;1;0;0;0;0;0;0;0;0;-38,497727;-3,86467
295602;17;12;2016;15:35;0;AV JOR JOAO RAMOS;;;1200;;Colisão;Luz do Dia;;;Meio de Quadra;;;0;1;1;1;0;0;0;0;0;1;0;0;-38,568935;-3,84308
295598;17;12;2016;09:55;7983;AV JOAO PESSOA;RUA JOAO SORONGO;;;;Colisão Transversal;Luz do Dia;Nublado;Seca;Cruz;Pare;Comercial;0;2;2;1;1;0;0;0;0;0;0;0;-38,546069;-3,748663
295591;17;12;2016;16:50;7775;AV BAR STUDART;AV ANTONIO SALES;;;;Colisão;Luz do Dia;;;Cruz;Semáforo;Comercial;0;0;2;1;0;0;0;0;0;0;0;0;-38,509378;-3,743288
295587;17;12;2016;10:55;5177;RUA SEN POMPEU;RUA SAO PAULO;;;;Atropelamento;Luz do Dia;;;Cruz;Semáforo;Comercial;0;1;1;0;0;0;0;0;0;0;0;0;-38,529196;-3,725486
295589;17;12;2016;11:57;1230;RUA COSTA BARROS;RUA BAR ARACATI;;;;Colisão;Luz do Dia;;;Cruz;Pare;Comercial;0;1;1;1;0;0;0;0;0;1;0;0;-38,511153;-3,730488
295625;17;12;2016;19:30;0;RUA JOSE MENDONCA;;;461;;Colisão;;;;Meio de Quadra;;;0;1;1;1;0;0;0;0;0;1;0;0;-38,60241;-3,758341
295611;17;12;2016;20:45;0;RUA MINAS GERAIS;;;772;;Atropelamento;Via Iluminada;Bom;Seca;Meio de Quadra;Não Há Controle;Residencial;0;3;2;0;0;0;0;0;0;0;0;0;-38,564713;-3,755485
295638;18;12;2016;18:10;0;AV MR HULL;;;5759;SCHINCHARIOL;Outros;Anoitecer;;;Meio de Quadra;;;0;1;0;1;0;0;0;0;0;0;0;0;-38,595421;-3,740224
295656;18;12;2016;12:50;0;RUA COSTA BARROS;;;;;Colisão Transversal;Luz do Dia;Chuva;Molhada;Cruz;Pare;Comercial;0;0;4;1;0;0;0;0;0;1;0;0;;
295646;18;12;2016;20:40;0;AV PRS JUSCELINO KUBITSCHEK (PASSARÉ);;;3314;;Atropelamento;Via Iluminada;Nublado;Seca;Meio de Quadra;Não Há Controle;Residencial;0;1;3;0;1;0;0;0;0;0;0;0;;
295648;18;12;2016;23:30;0;RD CE-040;;;;KM-07;Colisão;;;;Meio de Quadra;;;0;1;1;1;0;0;0;0;0;1;0;0;-38,478733;-3,809597
295654;18;12;2016;00:30;3769;AV DOMINGOS OLIMPIO;RUA SEN POMPEU;;;;Capotamento;;;;Cruz;Semáforo;Comercial;0;1;0;0;0;0;0;0;0;1;0;0;-38,532455;-3,736254
292894;18;12;2016;14:35;0;RUA PRO OTAVIO LOBO;;;;;Colisão Traseira;Luz do Dia;Bom;Seca;Meio de Quadra;Semáforo;Residencial;0;0;2;1;0;0;0;0;0;0;0;0;;
292895;18;12;2016;16:00;0;AV PRS CASTELO BRANCO;;;1251;;Colisão Lateral;Via Iluminada;Bom;Seca;Meio de Quadra;Outros;Comercial;0;0;2;1;0;0;0;0;0;1;0;0;-38,541917;-3,715592
292890;18;12;2016;07:30;0;AV SANTOS DUMONT;;;1789;;Queda;Luz do Dia;Bom;Molhada;Meio de Quadra;Não Há Controle;Comercial;0;1;0;0;0;0;0;0;0;1;0;0;-38,507881;-3,733134
292905;18;12;2016;08:12;5436;RUA JAIME BENEVOLO;RUA GAL CLARINDO DE QUEIROZ;;;;Colisão Transversal;Luz do Dia;Chuva;Molhada;Cruz;Pare;Comercial;0;1;1;1;0;0;0;0;0;1;0;0;-38,526017;-3,73406
292908;18;12;2016;04:30;0;RUA PERNAMBUCO;;;3001;;Choque c/ Obstáculo Fixo;Luz do Dia;Chuva;Molhada;Meio de Quadra;Outros;Residencial;0;1;1;1;0;0;0;0;0;0;0;0;-38,579862;-3,749562
292919;18;12;2016;16:05;0;RUA PDE PERDIGAO SAMPAIO;;;221;;Colisão Lateral;Luz do Dia;Bom;Seca;Meio de Quadra;;Residencial;0;1;1;1;0;0;0;0;0;1;0;0;-38,595151;-3,736498
292912;18;12;2016;11:00;0;AV DR SILAS MUNGUBA;;;912;;Colisão Traseira;Luz do Dia;Chuva;Molhada;Meio de Quadra;Semáforo;Residencial;0;0;2;1;1;0;0;0;0;0;0;0;-38,557606;-3,781193
292916;18;12;2016;09:40;23686;RUA DOM HENRIQUE;RUA COM GARCIA;;;;Colisão Lateral;Via Iluminada;Bom;Seca;Cruz;Pare;Residencial;0;0;2;0;1;0;0;0;0;1;0;0;-38,57966;-3,789291
292964;18;12;2016;23:00;19721;RUA GUSTAVO SAMPAIO;RUA AMADEU FURTADO;;;;Colisão Transversal;Via Iluminada;Bom;Seca;Cruz;Não Há Controle;Residencial;0;0;2;1;0;0;0;0;0;0;0;0;-38,563828;-3,736786
292940;18;12;2016;23:10;20023;AV DR SILAS MUNGUBA;AV HEROIS DO ACRE;;;;Colisão Frontal;Via Iluminada;Chuva;Molhada;Cruz;Semáforo;Comercial;0;1;1;1;1;0;0;0;0;0;0;0;-38,52854;-3,803079
292934;18;12;2016;21:10;19532;RUA TEN COSTA;RUA BISMARK;;;;Colisão Frontal;Mal Iluminada;Bom;Molhada;Cruz;Não Há Controle;Residencial;0;0;2;1;0;0;0;0;0;0;0;0;-38,566611;-3,782138
292945;18;12;2016;08:20;0;AV DOS EXPEDICIONARIOS;;;3489;;Colisão Traseira;Luz do Dia;Chuva;Molhada;Meio de Quadra;Não Há Controle;Comercial;0;0;2;0;0;0;0;0;0;0;0;0;-38,536827;-3,750633
292955;18;12;2016;15:00;23508;RUA ESV PINHEIRO;RUA ANA GONCALVES;;;;Colisão Transversal;Luz do Dia;Nublado;Seca;Cruz;Pare;Residencial;0;1;2;1;0;0;0;0;0;0;0;0;-38,507799;-3,759119
292960;18;12;2016;10:40;15311;AV RUI BARBOSA;RUA PEREIRA FILGUEIRAS;;;;Colisão Transversal;Luz do Dia;Nublado;Molhada;Cruz;Semáforo Danificado;Residencial;0;0;2;1;0;0;0;0;0;0;0;0;-38,507546;-3,730106
292961;18;12;2016;08:00;5235;RUA PEDRO PEREIRA;RUA PRC ISABEL;;;;Colisão Transversal;Luz do Dia;Chuva;Molhada;Cruz;Pare;Comercial;0;0;2;1;0;0;0;0;0;0;0;0;-38,535705;-3,727353
303037;18;12;2016;11:00;0;AV DR SILAS MUNGUBA;;;894;;Colisão Traseira;Luz do Dia;Chuva;Molhada;Meio de Quadra;Gesto;Comercial;0;1;2;1;0;0;0;0;0;1;0;0;-38,557835;-3,781071
303038;18;12;2016;14:30;3769;RUA SEN POMPEU;AV DOMINGOS OLIMPIO;;0;;Colisão Transversal;Luz do Dia;Nublado;Seca;Cruz;Semáforo;Comercial;0;0;2;0;0;0;0;0;0;0;0;0;-38,532455;-3,736254
303039;18;12;2016;15:10;0;RUA PORTO VELHO;;;1710;;Colisão Traseira;Luz do Dia;Nublado;Não informada;Meio de Quadra;Não Há Controle;Comercial;0;1;1;1;0;0;0;0;0;1;0;0;-38,593926;-3,762343
303040;18;12;2016;16:40;24956;AV ALM HENRIQUE SABOIA;RUA MERUOCA;;0;;Colisão Traseira;Luz do Dia;Bom;Seca;Meio de Quadra;Semáforo;Comercial;0;0;2;1;0;0;0;0;0;0;0;0;-38,48289;-3,732499
303041;18;12;2016;19:57;0;AV CARNEIRO DE MENDONCA;;;1592;;Colisão Lateral;Via Iluminada;Bom;Seca;Meio de Quadra;Não Há Controle;Comercial;0;0;2;1;0;0;0;0;0;0;0;0;-38,572586;-3,761022
303042;18;12;2016;19:30;13771;RUA LUIZA MIRANDA COELHO;AV PINTO BANDEIRA D56;;0;;Colisão Lateral;Via Iluminada;Bom;Seca;Cruz;Pare;Residencial;0;0;2;1;0;0;0;0;0;0;0;0;-38,487283;-3,774929
301744;18;12;2016;10:31;22143;RUA PAPI JUNIOR;RUA ANTONIO MARTINS;;;;Colisão Transversal;Luz do Dia;Chuva;Molhada;Cruz;Pare;Residencial;0;1;1;0;0;0;0;0;0;1;0;0;-38,556608;-3,751375
303671;18;12;2016;00:27;0;AV SGT HERMINIO SAMPAIO;;;5269;;Colisão;;;;Meio de Quadra;;;0;1;0;0;0;0;0;0;0;0;0;0;-38,586808;-3,734166
303672;18;12;2016;00:29;0;RUA LUCIANO ALVES;;;2878;;Queda;;;;Meio de Quadra;;;0;1;0;0;0;0;0;0;0;1;0;0;;
303668;18;12;2016;00:04;0;RUA JORGE FIGUEIREDO (ANCURI);;;3600;;Queda;;;;Meio de Quadra;;;0;1;0;0;0;0;0;0;0;1;0;0;;
303674;18;12;2016;01:32;0;AV AGUANAMBI;;;674;;Colisão;;;;Meio de Quadra;;;0;1;0;1;0;0;0;0;0;1;0;0;-38,525831;-3,742773
303675;18;12;2016;02:31;0;AV CASTELO DE CASTRO;;;174;;Queda;;;;Meio de Quadra;;;0;1;0;0;0;0;0;0;0;1;0;0;;
303676;18;12;2016;02:33;0;RUA CON DE CASTRO;;;;;Atropelamento;;;;Meio de Quadra;;;0;1;0;0;0;0;0;0;0;0;0;0;;
303677;18;12;2016;03:06;0;RUA BAR SOBRAL;;;490;;Colisão;;;;Meio de Quadra;;;0;1;0;0;0;0;0;0;0;0;0;0;-38,553351;-3,767483
303678;18;12;2016;05:41;0;RUA TEN BENEVOLO;;;671;;Colisão;Amanhecer;;;Meio de Quadra;;;0;1;0;1;0;0;0;0;0;1;0;0;-38,515545;-3,725871
303691;18;12;2016;08:07;0;AV PASTEUR;;;664;;Queda;Luz do Dia;;;Meio de Quadra;;;0;1;0;0;0;0;0;0;0;1;0;0;-38,559072;-3,711863
303685;18;12;2016;07:48;5200;RUA GONCALVES LEDO;RUA TEN BENEVOLO;;;;Colisão;Luz do Dia;;;Cruz;Pare;Residencial;0;1;0;1;0;0;0;0;0;1;0;0;-38,514537;-3,726183
303695;18;12;2016;08:45;0;RUA PRO ODILIO FILHO;;;324;;Colisão;Luz do Dia;;;Meio de Quadra;;;0;1;0;1;0;0;0;0;0;0;0;0;;
303698;18;12;2016;09:02;0;RUA CAP OLAVO;;;219;;Colisão;Luz do Dia;;;Meio de Quadra;;;0;1;0;1;0;0;0;0;0;1;0;0;-38,516114;-3,764164
303699;18;12;2016;09:07;0;RD QUARTO ANEL VIARIO;;;;;Colisão;Luz do Dia;;;Meio de Quadra;;;0;1;0;1;0;0;0;0;0;1;0;0;;
303741;18;12;2016;22:34;0;RUA FLORENCIO ALENCAR;;;81;;Atropelamento;;;;Meio de Quadra;;;0;1;0;0;0;0;0;0;0;0;0;0;-38,58175;-3,711206
303742;18;12;2016;22:04;0;AV WASHINGTON SOARES;;;;;Colisão;;;;Meio de Quadra;;;0;1;0;0;0;0;0;0;0;0;0;0;;
303743;18;12;2016;22:02;0;RUA JULIO SILVA;;;440;;Colisão;;;;Meio de Quadra;;;0;1;0;0;0;0;0;0;0;0;0;0;;
303744;18;12;2016;21:46;0;AV WASHINGTON SOARES;;;187;;Colisão;;;;Meio de Quadra;;;0;2;0;0;0;0;0;0;0;0;0;0;;
303738;18;12;2016;23:34;0;RUA JOSE HIPOLITO;;;;;Queda;;;;Meio de Quadra;;;0;1;0;0;0;0;0;0;0;1;0;0;;
303739;18;12;2016;23:15;0;RUA CEL JOAQUIM FRANKLIN;;;374;;Colisão;;;;Meio de Quadra;;;0;0;1;0;0;0;0;0;0;0;0;0;;
303710;18;12;2016;09:39;0;AV DOMINGOS OLIMPIO;;;450;;Queda;Luz do Dia;;;Meio de Quadra;;;0;1;0;0;0;0;0;0;0;1;0;0;-38,527874;-3,737584
303704;18;12;2016;09:17;0;AV LIBERDADE;;;;;Queda;Luz do Dia;;;Meio de Quadra;;;0;1;0;0;0;0;0;0;0;1;0;0;;
303707;18;12;2016;09:25;0;RUA PRO HERIBALDO COSTA;;;1228;;Colisão;Luz do Dia;;;Meio de Quadra;;;0;3;0;1;0;0;0;0;0;1;0;0;-38,585472;-3,763069
303708;18;12;2016;09:25;271;RUA AMADEU FURTADO;AV JOVITA FEITOSA;;;;Queda;Luz do Dia;;;Cruz;Semáforo;Comercial;0;2;0;0;0;0;0;0;0;1;0;0;-38,562915;-3,741173
303712;18;12;2016;10:50;0;RUA DOM HENRIQUE;;;161;;Colisão;Luz do Dia;;;Meio de Quadra;;;0;1;0;0;0;0;0;0;0;0;0;0;-38,579543;-3,789397
303713;18;12;2016;11:08;0;RUA COSTA BARROS;;;;;Colisão;Luz do Dia;;;Meio de Quadra;;;0;1;0;1;0;0;0;0;0;1;0;0;;
303714;18;12;2016;12:35;0;RUA PEREIRA VALENTE;;;786;;Queda;Luz do Dia;;;Meio de Quadra;;;0;1;0;0;0;0;0;0;0;1;0;0;;
303715;18;12;2016;13:21;6577;AV H CJ CEARA;RUA 916 CJ CEARA;;;;Colisão;Luz do Dia;;;;;;0;1;0;1;0;0;0;0;0;1;0;0;-38,618043;-3,776674
303716;18;12;2016;14:11;0;RUA PDE PEDRO DE ALENCAR;;;1791;;Colisão;Luz do Dia;;;Meio de Quadra;;;0;1;0;1;0;1;0;0;0;0;0;0;-38,494377;-3,843723
303717;18;12;2016;14:45;0;ET DO JATOBA;;;2762;;Colisão;Luz do Dia;;;Meio de Quadra;;;0;1;0;1;0;0;0;0;0;1;0;0;;
303718;18;12;2016;15:12;0;AV DIOGUINHO;;;;;Colisão;Luz do Dia;;;Meio de Quadra;;;0;1;0;1;0;0;0;0;0;1;0;0;;
303760;18;12;2016;15:44;0;AV GAL OSORIO DE PAIVA;;;4645;;Colisão;Luz do Dia;;;Meio de Quadra;;;0;1;0;1;0;0;0;0;0;1;0;0;-38,597116;-3,799619
303761;18;12;2016;16:30;0;RUA OSCAR ARARIPE;;;2653;;Colisão;Luz do Dia;;;Meio de Quadra;;;0;1;0;0;0;0;1;0;0;1;0;0;-38,614401;-3,786334
303762;18;12;2016;16:36;0;RUA PARANA;;;;;Atropelamento;Luz do Dia;;;Meio de Quadra;;;0;2;0;0;0;0;0;0;0;1;0;0;;
303763;18;12;2016;17:21;0;RUA OSCAR ARARIPE;;;213;;Queda;Anoitecer;;;Meio de Quadra;;;0;1;0;0;0;0;0;0;0;1;0;0;-38,593257;-3,793134
303764;18;12;2016;18:08;0;AV WASHINGTON SOARES;;;6180;;Colisão;Anoitecer;;;Meio de Quadra;;;0;2;0;1;0;0;0;0;0;0;0;0;-38,479739;-3,812976
303765;18;12;2016;18:31;0;RUA VITAL BRASIL;;;;;Colisão;;;;Meio de Quadra;;;0;1;0;0;0;0;0;0;0;0;0;0;;
303766;18;12;2016;19:06;0;AV ALBERTO CRAVEIRO;;;3290;;Atropelamento;;;;Meio de Quadra;;;0;1;0;0;0;0;0;0;0;0;0;0;;
303767;18;12;2016;19:16;0;AV DR SILAS MUNGUBA;;;5555;;Queda;;;;Meio de Quadra;;;0;1;0;0;0;0;0;0;0;1;0;0;-38,530135;-3,800875
303768;18;12;2016;19:33;0;AV IMPERADOR;;;790;;Atropelamento;;;;Meio de Quadra;;;0;1;0;0;1;0;0;0;0;0;0;0;-38,534736;-3,728151
303769;18;12;2016;19:35;0;RUA VALPARAISO;;;168;;Queda;;;;Meio de Quadra;;;0;1;0;0;0;0;0;0;0;1;0;0;;
303770;18;12;2016;19:39;0;RUA JOSE EUCLIDES F GOMES;;;101;;Queda;;;;Meio de Quadra;;;0;1;0;0;0;0;0;0;0;1;0;0;;
303771;18;12;2016;21:08;0;AV BEIRA MAR;;;2450;;Queda;;;;Meio de Quadra;;;0;1;0;0;0;1;0;0;0;0;0;0;;
303772;18;12;2016;21:24;0;RUA JOAQUIM NABUCO;;;3336;;Atropelamento;;;;Meio de Quadra;;;0;1;0;1;0;0;0;0;0;0;0;0;-38,507327;-3,753886
303773;18;12;2016;20:01;0;AV DIOGUINHO;;;2180;;Colisão;;;;Meio de Quadra;;;0;1;0;0;0;0;0;0;0;0;0;0;-38,456716;-3,735415
303774;18;12;2016;21:07;0;RUA DAS OLIVEIRAS;;;280;;Atropelamento;;;;Meio de Quadra;;;0;1;0;0;0;0;0;0;0;0;0;0;;
303775;18;12;2016;21:31;0;RUA NAT FEIJO;;;736;;Colisão;;;;Meio de Quadra;;;0;1;0;1;0;0;0;0;0;1;0;0;;
303776;18;12;2016;21:37;0;AV MAE LISBOA;;;;;Colisão;;;;Meio de Quadra;;;0;1;0;0;0;0;0;0;0;0;0;0;;
303720;19;12;2016;17:16;0;AV DOS EXPEDICIONARIOS;;;5712;;Atropelamento;Anoitecer;;;Meio de Quadra;;;0;1;1;1;0;0;0;0;0;0;0;0;-38,542705;-3,769964
303636;19;12;2016;14:57;12404;AV LINEU MACHADO;AV SEN FERNANDES TAVORA;;;;Colisão;Luz do Dia;;;Cruz;Semáforo;Comercial;0;1;0;0;0;0;0;0;0;0;0;0;-38,57654;-3,765199
303722;19;12;2016;17:40;6737;AV ENG SANTANA JUNIOR;AV PDE ANTONIO TOMAS;;;;Queda;Anoitecer;;;T;Não Há Controle;Comercial;0;1;0;0;0;0;0;0;0;1;0;0;-38,488012;-3,743981
303725;19;12;2016;18:07;0;AV RAD JOSE LIMA VERDE;;;3964;;Atropelamento;Anoitecer;;;Meio de Quadra;;;0;0;2;0;0;0;0;0;0;1;0;0;;
303727;19;12;2016;18:21;0;RUA CEL RIBEIRO DA SILVA;;;334;;Atropelamento;Anoitecer;;;Meio de Quadra;;;0;1;1;0;0;1;0;0;0;0;0;0;;
303728;19;12;2016;18:35;0;AV BEZERRA DE MENEZES;;;;;Colisão;;;;Meio de Quadra;;;0;1;1;1;0;0;0;0;0;1;0;0;;
303729;19;12;2016;19:16;0;AV DEP PAULINO ROCHA;;;;;Colisão;;;;Meio de Quadra;;;0;1;1;1;0;0;0;0;0;1;0;0;;
303730;19;12;2016;21:05;0;RUA CON DE CASTRO;;;4068;;Colisão;;;;Meio de Quadra;;;0;1;1;1;0;0;0;0;0;1;0;0;-38,588986;-3,801685
303731;19;12;2016;03:57;0;AV JOAO PESSOA;;;;;Queda;;;;Meio de Quadra;;;0;1;0;0;0;0;0;0;0;1;0;0;;
303732;19;12;2016;02:52;0;AV GAL OSORIO DE PAIVA;;;4385;;Queda;;;;Meio de Quadra;;;0;1;0;0;0;0;0;0;0;1;0;0;-38,594421;-3,796824
303733;19;12;2016;01:56;0;RUA GOMES PASSOS;;;473;;Colisão;;;;Meio de Quadra;;;0;1;0;0;0;0;0;0;0;0;0;0;;
303734;19;12;2016;00:52;0;RUA LAURO NOGUEIRA;;;357;;Atropelamento;;;;Meio de Quadra;;;0;1;0;0;0;0;0;0;0;0;0;0;;
303735;19;12;2016;00:21;0;AV FRE CIRILO;;;;;Queda;;;;Meio de Quadra;;;0;1;0;0;0;0;0;0;0;1;0;0;;
303736;19;12;2016;00:02;0;AV PRS COSTA E SILVA;;;1578;;Queda;;;;Meio de Quadra;;;0;1;0;0;0;0;0;0;0;1;0;0;;
303737;19;12;2016;00:01;0;AV H CJ CEARA;;;;;Colisão;;;;Meio de Quadra;;;0;1;0;0;0;0;0;0;0;0;0;0;;
303696;19;12;2016;16:33;0;AV JOSE BASTOS;;;5417;;Colisão;Luz do Dia;;;Meio de Quadra;;;0;1;0;0;0;0;0;0;0;1;0;0;-38,563706;-3,759376
303697;19;12;2016;16:50;0;RD BR 116;;;9000;KM-09;Colisão;Luz do Dia;;;Meio de Quadra;;;0;2;1;1;0;0;0;0;0;1;0;0;-38,504865;-3,830837
303682;19;12;2016;16:20;0;RUA FRANCISCA CLOTILDE;;;292;;Colisão;Luz do Dia;;;Meio de Quadra;;;0;1;1;1;0;0;0;0;0;1;0;0;;
303621;19;12;2016;12:21;1222;RUA COSTA BARROS;RUA ANTONIO AUGUSTO;;;;Colisão;Luz do Dia;;;Cruz;Pare;Residencial;0;1;1;1;0;0;0;0;0;1;0;0;-38,513288;-3,729783
303622;19;12;2016;13:22;0;RUA CATOLE;;;2647;;Colisão;Luz do Dia;;;Meio de Quadra;;;0;1;1;1;0;0;0;0;0;1;0;0;-38,522083;-3,853134
303614;19;12;2016;11:23;0;RUA EDUARDO PERDIGAO;;;;;Atropelamento;Luz do Dia;;;Meio de Quadra;;;0;1;1;0;0;0;0;0;0;1;0;0;;
303615;19;12;2016;11:49;0;RUA DALAS;;;57;;Colisão;Luz do Dia;;;Meio de Quadra;;;0;1;0;0;0;0;0;0;0;0;0;0;;
303601;19;12;2016;07:29;0;RUA CAP FRANCISCO PEDRO;;;1467;;Colisão;Luz do Dia;;;Meio de Quadra;;;0;2;1;1;0;0;0;0;0;1;0;0;;
303599;19;12;2016;07:05;0;AV L CJ CEARA;;;234;;Queda;Luz do Dia;;;Meio de Quadra;;;0;1;0;0;0;0;0;0;0;1;0;0;;
303603;19;12;2016;09:44;0;AV DR SILAS MUNGUBA;;;2686;;Colisão;Luz do Dia;;;Meio de Quadra;;;0;1;1;1;0;1;0;0;0;0;0;0;-38,549737;-3,786619
303604;19;12;2016;10:22;0;AV JOR JOAO RAMOS;;;1261;;Colisão;Luz do Dia;;;Meio de Quadra;;;0;1;1;1;0;0;0;0;0;1;0;0;-38,569093;-3,843036
303605;19;12;2016;10:09;0;AV CASTELO DE CASTRO;;;1205;;Colisão;Luz do Dia;;;Meio de Quadra;;;0;1;1;1;0;0;0;0;0;1;0;0;;
303597;19;12;2016;06:52;0;RUA TEODOMIRO DE CASTRO;;;6290;;Colisão;Luz do Dia;;;Meio de Quadra;;;0;1;1;1;0;0;0;0;0;1;0;0;-38,576545;-3,716948
303626;19;12;2016;13:50;0;RUA RODRIGUES MEDEIROS;;;717;;Colisão;Luz do Dia;;;Meio de Quadra;;;0;1;1;1;0;0;0;0;0;1;0;0;;
303628;19;12;2016;14:35;0;RUA EQUADOR;;;;;Colisão;Luz do Dia;;;Meio de Quadra;;;0;1;1;1;0;0;0;0;0;1;0;0;;
303362;19;12;2016;13:10;0;RD CE-040;;;;KM-09;Colisão;Luz do Dia;Bom;Seca;Meio de Quadra;;;0;0;5;1;0;0;0;0;0;0;0;0;-38,481538;-3,825516