COD_ACIDENTE;DIA;MES;ANO;HORA;INTERSECAO;LOG1;LOG2;LOG3;NUMERO;REFERENCIA;NATUREZA;ILUMINACAO;TEMPO;SUPERFICIEPISTA;TIPOCRUZAMENTO;CONTROLETRAFEGO;USOSOLO;MORTOS;FERIDOS;ILESOS;AUTOMOVEL;ONIBUS;BICICLETA;CAMINHAO;MICROONIBUS;CICLOMOTOR;MOTOCICLETA;TRACAOANIMAL;TREM;LONG;LAT
303043;19;12;2016;07:41;10995;RUA 15 DE NOVEMBRO;RUA ALM RUBIM;;0;;Colisão Transversal;Luz do Dia;Nublado;Seca;Cruz;Pare;Comercial;0;0;2;1;0;0;0;0;0;0;0;0;-38,555939;-3,768907
303053;19;12;2016;17:08;0;AV AMERICO BARREIRA;;;5391;;Colisão Transversal;Luz do Dia;Nublado;Seca;Meio de Quadra;Não Há Controle;Comercial;0;0;1;0;0;0;0;0;0;1;0;0;;
303054;19;12;2016;17:30;0;RUA ANTONIO FURTADO;;;970;;Colisão Transversal;Via Iluminada;Nublado;Seca;Meio de Quadra;Não Há Controle;Comercial;0;0;2;1;0;0;0;0;0;0;0;0;-38,51124;-3,75143
303055;19;12;2016;19:25;581;AV FRANCISCO SA;AV PASTEUR;;;;Atropelamento;Via Iluminada;Bom;Seca;Cruz;Semáforo;Comercial;0;1;1;0;0;0;0;0;0;1;0;0;-38,560567;-3,716325
303056;19;12;2016;18:50;0;AV DEP PAULINO ROCHA;;;1100;;Colisão Traseira;Luz do Dia;Bom;Seca;Meio de Quadra;Não Há Controle;Comercial;0;0;1;1;0;0;0;0;0;1;0;0;;
303057;19;12;2016;17:10;5086;RUA PDE MORORO;RUA SAO PAULO;;0;;Colisão Lateral;Anoitecer;Bom;Seca;Cruz;Semáforo;Comercial;0;1;1;1;0;0;0;0;0;1;0;0;-38,536741;-3,722996
303058;19;12;2016;21:00;0;RUA CON DE CASTRO;;;4072;;Engavetamento;Via Iluminada;Bom;Seca;Meio de Quadra;Não Há Controle;Comercial;0;0;2;1;1;0;0;0;0;0;0;0;-38,589013;-3,801712
303050;19;12;2016;14:13;0;RUA LUCIANO DE QUEIROS;;;1187;;Colisão Lateral;Luz do Dia;Bom;Seca;Meio de Quadra;Não Há Controle;Residencial;0;0;2;1;0;0;0;0;0;0;0;0;-38,583319;-3,76718
303051;19;12;2016;14:19;5343;RUA PDE IBIAPINA;AV BEZERRA DE MENEZES;;0;;Colisão Traseira;Luz do Dia;Bom;Seca;T;Semáforo;Comercial;0;1;1;1;0;0;0;0;0;0;0;0;-38,539973;-3,730548
303045;19;12;2016;08:55;24310;RUA OSORIO PALMELLA;RUA DELMIRO GOUVEIA;;0;;Colisão Transversal;Luz do Dia;Bom;Seca;Cruz;Pare;Residencial;0;0;2;1;0;0;0;0;0;0;0;0;-38,488032;-3,737052
303046;19;12;2016;10:03;0;AV WASHINGTON LUIS;;;680;;Colisão Lateral;Luz do Dia;Bom;Seca;Meio de Quadra;Pare;Comercial;0;0;1;1;0;0;0;0;0;0;0;0;-38,594941;-3,715919
303047;19;12;2016;10:54;0;AV ABOLICAO;;;3480;;Colisão Lateral;Luz do Dia;Nublado;Seca;Meio de Quadra;Semáforo;Comercial;0;0;2;1;1;0;0;0;0;0;0;0;-38,488329;-3,726197
303048;19;12;2016;12:56;0;RUA PDE HAROLDO COELHO;;;3830;;Colisão Lateral;Luz do Dia;Bom;Seca;Meio de Quadra;Não Há Controle;Residencial;0;0;2;1;0;0;0;0;0;0;0;0;;
303079;19;12;2016;18:33;7906;RUA BARBOSA DE FREITAS;RUA PRO FRANCISCO GONCALVES;;0;;Colisão Lateral;Via Iluminada;Bom;Seca;T;Pare;Comercial;0;0;2;1;0;0;0;0;0;0;0;0;-38,500705;-3,746993
303104;19;12;2016;20:42;0;RUA VIRIATO RIBEIRO;;;1269;;Colisão Frontal;Via Iluminada;Bom;Seca;Meio de Quadra;Não Há Controle;Residencial;0;1;1;0;1;0;0;0;0;1;0;0;-38,564075;-3,747395
303092;19;12;2016;13:57;0;RUA JORGE DUMAR;AV EDUARDO GIRAO;;0;;Colisão Lateral;Luz do Dia;Bom;Seca;Cruz;Semáforo;Comercial;0;0;2;1;0;0;0;0;0;0;0;0;-38,538695;-3,749691
292589;19;12;2016;06:15;5076;RUA DR JOAO MOREIRA;RUA SEN POMPEU;;;;Colisão;Luz do Dia;;;Cruz;Semáforo;Comercial;1;0;1;0;1;0;0;0;0;1;0;0;-38,528275;-3,7224
292906;19;12;2016;01:00;25407;RUA CEL MATOS DOURADO;RUA CEL JOAQUIM FRANKLIN;;;;Colisão Transversal;Via Iluminada;Nublado;Molhada;T;Semáforo;Comercial;0;1;1;1;0;0;0;0;0;1;0;0;-38,585133;-3,742009
292901;19;12;2016;10:05;0;AV ALBERTO CRAVEIRO;;;2720;;Colisão Traseira;Luz do Dia;Bom;Seca;Meio de Quadra;Outros;Residencial;0;1;1;1;0;0;0;0;0;0;0;0;-38,52181;-3,803549
292903;19;12;2016;10:35;0;AV DOM MANUEL;;;77;;Colisão Lateral;Luz do Dia;Bom;Seca;Meio de Quadra;Semáforo;Residencial;0;0;2;0;1;0;0;0;0;0;0;0;-38,52;-3,724888
292904;19;12;2016;15:04;0;AV IMPERADOR;;;508;;Colisão Traseira;Luz do Dia;Nublado;Seca;Meio de Quadra;Semáforo;Comercial;0;0;2;0;0;0;1;0;0;1;0;0;-38,534049;-3,725818
292898;19;12;2016;07:40;0;AV GAL OSORIO DE PAIVA;;;3638;;Colisão Lateral;Luz do Dia;Bom;Seca;Meio de Quadra;Outros;Comercial;0;1;1;1;0;0;0;0;0;1;0;0;-38,590037;-3,792369
292899;19;12;2016;20:20;0;AV HIS RAIMUNDO GIRAO;;;1337;;Colisão Lateral;Via Iluminada;Bom;Seca;Meio de Quadra;Outros;Comercial;0;2;1;1;0;0;0;0;0;0;0;0;-38,504321;-3,724056
292885;19;12;2016;02:30;0;AV DOS EXPEDICIONARIOS;;;3794;;Colisão Lateral;Via Iluminada;Bom;Seca;Meio de Quadra;Não Há Controle;Residencial;0;0;3;1;0;0;0;0;0;0;0;0;-38,537119;-3,751575
295669;19;12;2016;22:15;25371;RUA PDE ANCHIETA;RUA LEIRIA DE ANDRADE;;;;Colisão Transversal;Via Iluminada;Bom;Seca;Cruz;Não Há Controle;Residencial;0;1;2;1;0;0;0;0;0;1;0;0;-38,551811;-3,729315
295667;19;12;2016;09:10;22081;RUA CAP FRANCISCO PEDRO;RUA GUSTAVO BRAGA;;;;Colisão Transversal;Luz do Dia;Bom;Seca;Cruz;Pare;Comercial;0;1;3;1;0;0;0;0;0;1;0;0;-38,552452;-3,751155
295675;19;12;2016;16:20;8025;RUA PRO COSTA MENDES;AV JOAO PESSOA;;;;Colisão Transversal;Luz do Dia;Nublado;Seca;Cruz;Semáforo;Comercial;0;1;6;0;1;0;0;0;0;1;0;0;-38,549441;-3,752393
295684;19;12;2016;14:30;0;RD CE-060;;;4810;KM-03;Atropelamento;Luz do Dia;;;Meio de Quadra;;;0;2;1;0;0;0;0;0;0;1;0;0;-38,585024;-3,843072
295681;19;12;2016;10:40;0;RD BR 116;;;1664;VIADUTO CIDADE DOS FUNCIONÁRIOS;Colisão;Luz do Dia;;;Meio de Quadra;;;0;0;2;1;0;0;0;0;0;0;0;0;-38,505439;-3,799462
296032;19;12;2016;12:25;0;RD BR 116;;;3000;KM-03;Colisão Lateral;Luz do Dia;;;Meio de Quadra;;;0;1;2;1;1;0;0;0;0;1;0;0;-38,514372;-3,779838
296038;19;12;2016;14:45;0;RD BR 222;;;;KM-02;Colisão Traseira;Luz do Dia;;;Meio de Quadra;;;0;2;3;1;0;0;0;0;0;0;0;0;-38,58704;-3,739009
296051;20;12;2016;;0;RD BR 116;;;300;;Colisão Traseira;;;;Meio de Quadra;;;0;0;2;0;1;0;0;0;0;0;0;0;;
295694;20;12;2016;08:40;0;AV CARAPINIMA;;;2306;;Colisão Traseira;Luz do Dia;Bom;Seca;Meio de Quadra;Gesto;Comercial;0;1;4;1;0;0;0;0;0;1;0;0;-38,540353;-3,740113
292889;20;12;2016;00:00;15149;AV MON TABOSA;RUA ANTONIO LIMA;;;;Colisão Transversal;Via Iluminada;Bom;Seca;Cruz;Semáforo;Comercial;0;0;2;1;1;0;0;0;0;0;0;0;-38,504149;-3,724573
292896;20;12;2016;16:50;5122;AV IMPERADOR;RUA SAO PAULO;;;;Engavetamento;Luz do Dia;Bom;Seca;Cruz;Semáforo;Comercial;0;0;3;1;0;0;0;0;0;0;0;0;-38,533522;-3,724049
292891;20;12;2016;02:00;15311;AV RUI BARBOSA;RUA PEREIRA FILGUEIRAS;;;;Colisão Transversal;Via Iluminada;Bom;Seca;Cruz;Semáforo;Comercial;0;0;2;1;0;0;0;0;0;0;0;0;-38,507546;-3,730106
292892;20;12;2016;20:00;0;RUA FREDERICO BORGES;;;426;;Colisão Lateral;Via Iluminada;Bom;Seca;Meio de Quadra;Não Há Controle;Comercial;0;0;2;1;0;0;0;0;0;0;0;0;-38,489221;-3,733309
292893;20;12;2016;11:20;0;AV ALBERTO NEPOMUCENO;;;199;;Colisão Lateral;Luz do Dia;Bom;Seca;Meio de Quadra;Semáforo;Comercial;0;0;2;1;0;0;0;0;0;0;0;0;;
292902;20;12;2016;20:45;0;AV PRS CASTELO BRANCO;;;400;;Engavetamento;;Bom;Seca;Meio de Quadra;Não Há Controle;Comercial;0;0;3;1;0;0;0;0;0;0;0;0;-38,529136;-3,720706
292917;20;12;2016;15:20;0;AV AGUANAMBI;;;1733;;Colisão Traseira;Luz do Dia;Bom;Seca;Meio de Quadra;Semáforo;Comercial;0;0;3;1;0;0;0;0;0;0;0;0;-38,523386;-3,752315
292910;20;12;2016;10:30;0;AV ANTONIO SALES;;;3443;;Colisão Lateral;Luz do Dia;Bom;Seca;Meio de Quadra;;Comercial;0;1;2;1;0;0;0;0;0;1;0;0;-38,492473;-3,748486
292925;20;12;2016;14:30;1479;RUA PRO DIAS DA ROCHA;RUA DES LEITE ALBUQUERQUE;;;;Colisão Lateral;Luz do Dia;Bom;Seca;Cruz;Pare;Comercial;0;0;2;1;0;0;0;0;0;0;0;0;-38,492823;-3,739126
292926;20;12;2016;11:50;5670;AV JOSE LEON;RUA VALTER DE CASTRO;;;;Colisão Lateral;Luz do Dia;Bom;Seca;Cruz;Pare;Residencial;0;1;1;1;0;0;0;0;0;1;0;0;-38,492848;-3,789977
292927;20;12;2016;15:30;0;RUA PINHO PESSOA;;;;;Colisão Lateral;Luz do Dia;Bom;Seca;Outros;Não Há Controle;Residencial;0;0;2;0;0;0;1;0;0;0;0;0;;
292941;20;12;2016;13:40;0;RUA DNA LEOPOLDINA;;;1259;;Colisão Lateral;Luz do Dia;Bom;Seca;Meio de Quadra;Não Há Controle;Residencial;0;1;1;1;0;0;0;0;0;1;0;0;-38,521258;-3,736162
303087;20;12;2016;16:30;4844;RUA JARDIM FLUMINENSE;RUA RIO GRANDENSE;;0;;Colisão Transversal;Luz do Dia;Bom;Seca;Cruz;Pare;Residencial;0;0;1;1;0;0;0;0;0;0;0;0;-38,601821;-3,810454
303080;20;12;2016;21:19;5246;RUA PEREIRA FILGUEIRAS;RUA GONCALVES LEDO;;0;;Colisão Lateral;Via Iluminada;Bom;Seca;Cruz;Pare;Residencial;0;1;1;1;0;0;0;0;0;0;0;0;-38,515004;-3,727667
303081;20;12;2016;19:30;0;RUA PEDRO DANTAS;;;673;;Atropelamento;Via Iluminada;Bom;Seca;Meio de Quadra;Pare;Residencial;0;1;1;1;0;0;0;0;0;0;0;0;-38,523804;-3,785576
303074;20;12;2016;16:15;0;AV ALBERTO CRAVEIRO;;;0;;Colisão Traseira;Luz do Dia;Bom;Seca;Rotatória;Dê Preferência;Comercial;0;0;2;1;0;0;0;0;0;0;0;0;;
303075;20;12;2016;14:30;13389;AV ANTONIO SALES;RUA JOAO CORDEIRO;;0;;Engavetamento;Luz do Dia;Bom;Seca;Cruz;Semáforo;Comercial;0;1;2;1;0;0;0;0;0;0;0;0;-38,518068;-3,740588
303076;20;12;2016;19:20;14967;AV GODOFREDO MACIEL;RUA JULIO ALCIDES;;;;Colisão Transversal;Via Iluminada;Bom;Seca;T;Dê Preferência;Comercial;0;1;1;1;0;0;0;0;0;1;0;0;-38,566785;-3,787856
303077;20;12;2016;21:59;0;AV BEZERRA DE MENEZES;;;2450;NORTH SHOPPING;Colisão Traseira;Anoitecer;Bom;Seca;Meio de Quadra;Não Há Controle;Comercial;0;0;2;1;0;0;0;0;0;0;0;0;-38,566142;-3,736024
303078;20;12;2016;18:43;23470;RUA PAULO FIRMEZA;RUA FRE VIDAL;;0;;Colisão Transversal;Via Iluminada;Bom;Seca;Cruz;Pare;Residencial;0;0;2;1;1;0;0;0;0;0;0;0;-38,517454;-3,757586
303062;20;12;2016;07:05;12404;AV LINEU MACHADO;AV SEN FERNANDES TAVORA;;0;;Colisão Transversal;Luz do Dia;Bom;Seca;Cruz;Semáforo;Comercial;0;0;2;1;0;0;0;0;0;0;0;0;-38,57654;-3,765199
303063;20;12;2016;08:15;1581;AV PDE ANTONIO TOMAS;RUA MON CATAO;;;;Colisão Transversal;Luz do Dia;Bom;Seca;Cruz;Semáforo;Comercial;0;5;0;0;0;0;0;0;0;1;0;0;-38,491843;-3,742708
303052;20;12;2016;13:27;23793;RUA RAIMUNDO NERY;RUA ANTONIO COSTA MENDES (PQ SÃO JOSÉ);;;;Colisão Lateral;Luz do Dia;Nublado;Seca;Cruz;Outros;Residencial;0;1;1;1;0;0;0;0;0;1;0;0;;
303059;20;12;2016;08:26;7674;RUA BAR SOBRAL;AV JOSE BASTOS;;0;;Colisão Lateral;Luz do Dia;Bom;Seca;Duplo T;Pare;Residencial;0;0;2;1;0;0;0;0;0;0;0;0;;
303060;20;12;2016;08:13;1550;RUA PDE VALDEVINO;RUA DR JOSE LOURENCO;;0;;Colisão Traseira;Luz do Dia;Bom;Seca;Cruz;Semáforo;Comercial;0;0;2;1;0;0;0;0;0;0;0;0;-38,509928;-3,741307
303065;20;12;2016;09:15;1522;RUA CEL JUCA;RUA EDUARDO GARCIA;;0;;Colisão Transversal;Luz do Dia;Bom;Seca;Cruz;Pare;Residencial;0;0;2;1;0;0;0;0;0;0;0;0;-38,492166;-3,740419
303066;20;12;2016;09:45;0;AV DEP PAULINO ROCHA;;;77;;Colisão Traseira;Luz do Dia;Bom;Seca;Meio de Quadra;Gesto;Comercial;0;1;1;1;0;0;0;0;0;1;0;0;-38,507629;-3,80247
303067;20;12;2016;13:05;0;AV DR SILAS MUNGUBA;;;2616;;Colisão Traseira;Via Iluminada;Bom;Seca;Meio de Quadra;Não Há Controle;Comercial;0;0;2;1;0;0;0;0;0;0;0;0;-38,550091;-3,786436
303068;20;12;2016;12:30;1527;RUA OSVALDO CRUZ (ALDEOTA);RUA CAROLINA SUCUPIRA;;;;Colisão Transversal;Luz do Dia;Bom;Seca;Cruz;Pare;Residencial;0;1;1;1;0;0;0;0;0;1;0;0;-38,501914;-3,740552
303069;20;12;2016;14:52;0;RUA GERMANO FRANCK;;;395;;Colisão Traseira;Luz do Dia;Bom;Seca;Meio de Quadra;Semáforo;Comercial;0;1;2;1;0;0;0;0;0;0;0;0;-38,560581;-3,776027
303070;20;12;2016;14:00;0;RUA CANUTO DE AGUIAR;;;1400;;Colisão Traseira;Luz do Dia;Bom;Seca;Meio de Quadra;Não Há Controle;Comercial;0;0;2;1;0;0;0;0;0;0;0;0;-38,490215;-3,732313
303071;20;12;2016;15:23;0;AV BEZERRA DE MENEZES;;;684;;Colisão Lateral;Luz do Dia;Bom;Seca;Meio de Quadra;Semáforo;Comercial;0;0;2;1;0;0;0;0;0;0;0;0;-38,550986;-3,73288
303072;20;12;2016;15:36;0;RUA BAR RIO BRANCO;;;1486;;Colisão Lateral;Luz do Dia;Bom;Seca;Meio de Quadra;Não Há Controle;Comercial;0;0;2;1;0;0;0;0;0;0;0;0;-38,52979;-3,73127
303366;20;12;2016;09:10;0;AV SEN CARLOS JEREISSATI (AEROPORTO);;;;KM 03;Colisão;Luz do Dia;Bom;Seca;Meio de Quadra;;;0;0;2;1;0;0;0;0;0;0;0;0;-38,544038;-3,779641
303194;20;12;2016;17:17;0;AV ROGACIANO LEITE;;;2150;;Colisão Traseira;Luz do Dia;Bom;Seca;Meio de Quadra;Não Há Controle;Comercial;0;0;2;1;0;0;0;0;0;1;0;0;-38,499058;-3,773643
303561;20;12;2016;18:14;0;RUA CEL MOZART GONDIM;;;1074;;Queda;Anoitecer;;;Meio de Quadra;;;0;1;0;0;0;1;0;0;0;0;0;0;;
303547;20;12;2016;16:02;12727;RUA JOAO SORONGO;RUA JULIO CESAR D12;;;;Queda;Luz do Dia;;;Cruz;Pare;Residencial;0;1;0;0;0;0;0;0;0;1;0;0;-38,543596;-3,750879
303548;20;12;2016;16:27;19377;RUA EDUARDO PERDIGAO;RUA GERMANO FRANCK;;;;Colisão Transversal;Luz do Dia;;;Cruz;Semáforo;Residencial;0;1;1;1;0;0;0;0;0;1;0;0;-38,562542;-3,777704
303549;20;12;2016;16:34;0;RUA EVALDO BRAGA;;;750;;Atropelamento;Luz do Dia;;;Meio de Quadra;;;0;1;1;0;0;0;0;0;0;1;0;0;-38,526505;-3,846073
303550;20;12;2016;16:49;0;RUA VALPARAISO;;;2000;;Queda;Luz do Dia;;;Meio de Quadra;;;0;1;0;0;0;0;0;0;0;1;0;0;-38,519766;-3,846389
303543;20;12;2016;14:55;2769;RUA OSCAR FRANCA;RUA RAIMUNDO PINHEIRO;;;;Colisão Transversal;Luz do Dia;;;Cruz;Pare;Residencial;0;1;0;1;0;0;1;0;0;0;0;0;-38,598091;-3,792414
303544;20;12;2016;15:50;0;AV GOV PARSIFAL BARROSO;;;2563;;Colisão Lateral;Luz do Dia;;;Meio de Quadra;;;0;1;1;1;0;0;0;0;0;1;0;0;;
303552;20;12;2016;16:54;0;AV JOAO PESSOA;;;5988;;Colisão;Luz do Dia;;;Meio de Quadra;;;0;1;1;1;0;0;0;0;0;1;0;0;-38,557941;-3,762698
303558;20;12;2016;17:41;0;RUA BERNARDO MANUEL;;;7525;;Colisão Lateral;Anoitecer;;;Meio de Quadra;;;0;1;0;1;0;0;0;0;0;1;0;0;-38,546904;-3,783994
303555;20;12;2016;17:22;0;RUA VITAL BRASIL;;;1184;;Colisão;Anoitecer;;;Meio de Quadra;;;0;1;0;0;0;0;0;0;0;0;0;0;-38,591891;-3,779733
303577;20;12;2016;23:00;0;AV F CJ CEARA;;;295;;Queda;;;;Meio de Quadra;;;0;1;0;0;0;0;0;0;0;1;0;0;-38,607191;-3,76366
303573;20;12;2016;21:40;0;RD BR 222;;;;KM-03;Colisão Lateral;;;;Meio de Quadra;;;0;2;0;1;0;0;0;0;0;1;0;0;-38,595941;-3,740301
303563;20;12;2016;18:18;17574;RUA RIO GRANDE DO SUL;RUA PARA;;;;Colisão Transversal;Anoitecer;;;T;Pare;Comercial;0;1;1;1;0;1;0;0;0;0;0;0;-38,564937;-3,754519
303564;20;12;2016;18:22;0;RUA PRO SILAS RIBEIRO;;;2616;;Colisão Lateral;Anoitecer;;;Meio de Quadra;;;0;1;0;1;0;0;0;0;0;1;0;0;;
303565;20;12;2016;18:30;0;RUA PERNAMBUCO;;;2713;;Colisão Lateral;Anoitecer;;;Meio de Quadra;;;0;2;0;1;0;0;0;0;0;1;0;0;-38,578225;-3,751309
303566;20;12;2016;19:00;0;AV ODILON GUIMARAES;;;1772;;Colisão;;;;Meio de Quadra;;;0;1;0;0;0;0;0;0;0;1;0;0;-38,47708;-3,822251
303567;20;12;2016;19:15;10054;RUA OLIVEIRA SOBRINHO;RUA ANTONIO NERY;;;;Colisão Transversal;;;;Cruz;Pare;Comercial;0;1;0;1;0;0;0;0;0;1;0;0;-38,600388;-3,778827
303568;20;12;2016;19:33;14759;RUA ALBANO AMARAL;RUA FRANCFORT;;;;Colisão Lateral;;;;Cruz;;Residencial;0;2;0;0;0;0;0;0;0;1;0;0;-38,581729;-3,798014
303569;20;12;2016;19:50;3185;RUA TAQUARI;RUA VERBENA;;;;Atropelamento;;;;Cruz;Não Há Controle;Misto;0;1;1;0;0;0;0;0;0;1;0;0;-38,588455;-3,77997
303570;20;12;2016;21:36;0;RUA DR VALE COSTA;;;396;;Queda;;;;Meio de Quadra;;;0;1;0;0;0;0;0;0;0;1;0;0;;
303514;20;12;2016;01:00;0;RUA 9 CJ JOSE WALTER;;;170;;Choque c/ Obstáculo Fixo;;;;Meio de Quadra;;;0;1;0;1;0;0;0;0;0;0;0;0;-38,556435;-3,823502
303515;20;12;2016;05:12;0;AV CURIO;;;840;YPIOCA;Choque c/ Obstáculo Fixo;Amanhecer;;;Meio de Quadra;;;0;2;0;1;0;0;0;0;0;0;0;0;;
303526;20;12;2016;10:04;0;AV MON TABOSA;;;1277;;Colisão Lateral;Luz do Dia;;;Meio de Quadra;;;0;1;0;1;0;0;0;0;0;1;0;0;-38,507803;-3,7243
303528;20;12;2016;11:15;26073;AV FRANCISCO SA;AV JOSE JATAHY;;;;Colisão;Luz do Dia;;;Cruz;Semáforo;Residencial;0;1;0;0;0;0;0;0;0;0;0;0;;
303538;20;12;2016;14:50;0;AV BEZERRA DE MENEZES;;;100;;Atropelamento;Luz do Dia;;;Meio de Quadra;;;0;1;1;1;0;0;0;0;0;0;0;0;-38,546029;-3,73184
303535;20;12;2016;13:06;0;RUA BARTOLOMEU DE GUSMAO;;;2270;;Colisão Lateral;Luz do Dia;;;Meio de Quadra;;;0;1;0;1;0;0;0;0;0;1;0;0;;
303532;20;12;2016;11:58;0;AV I CJ CEARA;;;915;;Colisão;Luz do Dia;;;Meio de Quadra;;;0;1;0;0;0;0;0;0;1;0;0;0;;
303533;20;12;2016;12:00;0;RUA PEDRO DE SOUZA;;;100;;Colisão Lateral;Luz do Dia;;;Meio de Quadra;;;0;1;1;1;0;0;0;0;0;1;0;0;-38,496918;-3,852846
303517;20;12;2016;06:30;0;RUA PEDRO DANTAS;;;671;;Choque c/ Obstáculo Fixo;Luz do Dia;;;Meio de Quadra;;;0;1;0;1;0;0;0;0;0;0;0;0;-38,523784;-3,785579
303519;20;12;2016;07:52;0;AV WASHINGTON SOARES;;;2416;;Colisão;Luz do Dia;;;Meio de Quadra;;;0;1;1;1;0;0;0;0;0;1;0;0;-38,481138;-3,781685
303520;20;12;2016;08:15;0;AV PRS COSTA E SILVA;;;;;Colisão;Luz do Dia;;;Meio de Quadra;;;0;1;0;0;0;0;0;0;0;0;0;0;;
303521;20;12;2016;08:18;0;RUA FRANCISCO ALMEIDA;;;500;;Colisão;Luz do Dia;;;Meio de Quadra;;;0;1;0;1;0;0;0;0;0;1;0;0;-38,592056;-3,81905
303512;21;12;2016;06:07;0;AV HERACLITO GRACA;;;406;;Colisão;Luz do Dia;;;Meio de Quadra;;;0;1;0;0;0;0;0;0;0;0;0;0;-38,520857;-3,734682
303513;21;12;2016;07:01;0;AV EDUARDO GIRAO;;;;;Colisão;Luz do Dia;;;Meio de Quadra;;;0;1;0;1;0;0;0;0;0;1;0;0;;
303537;21;12;2016;08:28;0;AV ENG LUIS VIEIRA;;;567;;Colisão;Luz do Dia;;;Meio de Quadra;;;0;0;1;1;0;0;0;0;0;1;0;0;;
303516;21;12;2016;08:24;0;RUA CAP ARAGAO;;;509;;Colisão;Luz do Dia;;;Meio de Quadra;;;0;1;0;1;0;0;0;0;0;1;0;0;-38,513521;-3,76499
303554;21;12;2016;10:46;0;RUA GOV SAMPAIO;;;33;;Atropelamento;Luz do Dia;;;Meio de Quadra;;;0;1;0;1;0;0;0;0;0;0;0;0;-38,524596;-3,725341
303541;21;12;2016;09:26;2695;RUA EDSON MARTINS;RUA CEL VIRGILIO NOGUEIRA (BOM JARDIM);;;;Colisão;Luz do Dia;;;;;;0;1;0;1;0;0;0;0;0;1;0;0;;
303585;21;12;2016;13:20;0;RUA ANDRADE FURTADO;;;34;;Colisão;Luz do Dia;;;Meio de Quadra;;;0;1;0;1;0;0;0;0;0;1;0;0;;
303586;21;12;2016;13:45;12985;AV A CJ JOSE WALTER;AV L CJ JOSE WALTER;;;;Colisão;Luz do Dia;;;Cruz;Pare;Residencial;0;1;0;1;0;0;0;0;0;1;0;0;-38,555532;-3,824443
303581;21;12;2016;11:17;0;RUA ISAIE BORIS;;;;;Colisão;Luz do Dia;;;Meio de Quadra;;;0;1;0;1;0;0;0;0;0;1;0;0;;
303582;21;12;2016;12:26;0;RUA GUILHERME MENDES;;;1011;;Colisão;Luz do Dia;;;Meio de Quadra;;;0;1;0;1;0;0;0;0;0;1;0;0;-38,587502;-3,720599
303583;21;12;2016;12:49;0;AV ALBERTO CRAVEIRO;;;;;Colisão;Luz do Dia;;;Meio de Quadra;;;0;1;0;1;0;1;0;0;0;0;0;0;;
303606;21;12;2016;14:27;0;AV I CJ CEARA;;;305;;Queda;Luz do Dia;;;Meio de Quadra;;;0;1;0;0;0;0;0;0;0;1;0;0;-38,597248;-3,766218
303602;21;12;2016;13:49;0;AV GODOFREDO MACIEL;;;3512;;Colisão;Luz do Dia;;;Meio de Quadra;;;0;0;1;1;0;0;0;0;0;1;0;0;-38,572804;-3,805722
303608;21;12;2016;16:33;0;AV GAL OSORIO DE PAIVA;;;6748;;Colisão;Luz do Dia;;;Meio de Quadra;;;0;1;0;0;0;0;0;0;0;0;0;0;-38,609816;-3,812745
303609;21;12;2016;17:26;0;RUA UIRAPURU;;;1700;;Queda;Anoitecer;;;Meio de Quadra;;;0;1;0;0;0;0;0;0;0;1;0;0;-38,578767;-3,795614
303651;21;12;2016;19:43;10842;RUA PRO HERIBALDO COSTA;RUA CUIABA;;;;Colisão;;;;Cruz;Pare;Residencial;0;2;0;1;0;0;0;0;0;1;0;0;-38,586471;-3,764961
303660;21;12;2016;07:01;0;RUA MON AGOSTINHO;;;464;;Colisão;Luz do Dia;;;Meio de Quadra;;;0;1;0;1;0;0;0;0;0;1;0;0;;
303657;21;12;2016;22:35;0;RUA OTAVIO ROCHA;;;507;;Queda;;;;Meio de Quadra;;;0;1;0;0;0;0;0;0;0;1;0;0;-38,473991;-3,77594
303654;21;12;2016;20:02;0;RUA JULIO SILVA;;;440;;Queda;;;;Meio de Quadra;;;0;1;0;0;0;1;0;0;0;0;0;0;;
303655;21;12;2016;22:09;0;RUA TEODORO DE CASTRO;;;;;Colisão;;;;Meio de Quadra;;;0;1;0;0;0;0;0;0;0;0;0;0;;
303634;21;12;2016;18:30;0;RUA AUGUSTA BENEVIDES;;;1161;;Colisão;Anoitecer;;;Meio de Quadra;;;0;1;0;0;0;0;0;0;0;0;0;0;;
303635;21;12;2016;18:34;0;RUA DOM QUINTINO;;;550;;Atropelamento;;;;Meio de Quadra;;;0;0;1;0;0;0;0;0;0;1;0;0;-38,552875;-3,711652
303719;21;12;2016;17:00;24441;AV LUCIANO CARNEIRO;RUA RAUL CABRAL;;;;Colisão Transversal;Anoitecer;;;Cruz;Pare;Residencial;0;1;1;1;0;1;0;0;0;0;0;0;-38,538495;-3,770842
303082;21;12;2016;07:35;25034;AV DES MOREIRA;AV ANTONIO JUSTA;;0;;Colisão Transversal;Luz do Dia;Nublado;Molhada;Y;Dê Preferência;Comercial;0;0;2;1;1;0;0;0;0;0;0;0;-38,495474;-3,727331