COD_ACIDENTE;DIA;MES;ANO;HORA;INTERSECAO;LOG1;LOG2;LOG3;NUMERO;REFERENCIA;NATUREZA;ILUMINACAO;TEMPO;SUPERFICIEPISTA;TIPOCRUZAMENTO;CONTROLETRAFEGO;USOSOLO;MORTOS;FERIDOS;ILESOS;AUTOMOVEL;ONIBUS;BICICLETA;CAMINHAO;MICROONIBUS;CICLOMOTOR;MOTOCICLETA;TRACAOANIMAL;TREM;LONG;LAT
303083;21;12;2016;07:40;1714;AV GOV RAUL BARBOSA;RUA TEN ROMA;;5482;;Colisão Transversal;Luz do Dia;Bom;Seca;T;Pare;Comercial;0;0;2;1;0;0;0;0;0;0;0;0;-38,509033;-3,766728
303084;21;12;2016;09:37;0;RUA PAULO FIRMEZA;;;889;;Colisão Lateral;Luz do Dia;Bom;Seca;Meio de Quadra;Não Há Controle;Residencial;0;0;2;1;0;0;0;0;0;0;0;0;-38,511767;-3,757023
303085;21;12;2016;11:11;0;AV BORGES DE MELO;;;1711;;Colisão Traseira;Luz do Dia;Bom;Seca;Meio de Quadra;Semáforo;Comercial;0;0;2;1;0;0;0;0;0;0;0;0;-38,534159;-3,756411
303086;21;12;2016;10:59;10999;RUA 15 DE NOVEMBRO;RUA ALBERTO MAGNO;;0;;Colisão Lateral;Luz do Dia;Bom;Seca;Cruz;Pare;Comercial;0;0;2;1;0;0;0;0;0;0;0;0;-38,553169;-3,769909
303105;21;12;2016;19:34;0;RUA CON DE CASTRO;;;3580;;Colisão Transversal;Via Iluminada;Bom;Seca;Meio de Quadra;Não Há Controle;Comercial;0;1;1;0;0;0;0;0;0;1;0;0;-38,586122;-3,798689
303106;21;12;2016;21:23;12666;AV CEL CARVALHO;RUA ROSINHA SAMPAIO;;0;;Colisão Traseira;Anoitecer;Bom;Seca;Cruz;Pare;Residencial;0;0;2;0;0;0;0;0;0;1;0;0;-38,585413;-3,726938
303107;21;12;2016;21:51;9072;AV PONTES VIEIRA;AV VIS RIO BRANCO;;0;;Colisão Traseira;Via Iluminada;Bom;Seca;Meio de Quadra;Não Há Controle;Comercial;0;0;2;0;1;0;0;0;0;0;0;0;-38,520486;-3,753544
303108;21;12;2016;22:41;20136;RUA ITABORAI D68;AV DEP PAULINO ROCHA;;0;;Colisão Lateral;Via Iluminada;Nublado;Seca;T;Pare;Residencial;0;0;2;1;0;0;0;0;0;0;0;0;-38,51783;-3,810527
303088;21;12;2016;12:36;17424;RUA ANTONIO FIUZA;RUA TRES MARIAS D39 (MONTESE);;0;;Colisão Traseira;Luz do Dia;Bom;Seca;Cruz;Semáforo;Comercial;0;0;2;1;0;0;0;0;0;0;0;0;-38,551577;-3,768452
303089;21;12;2016;08:38;0;AV JOAO PESSOA;;;3789;;Colisão Traseira;Luz do Dia;Nublado;Seca;Meio de Quadra;Semáforo;Comercial;0;0;2;1;0;0;0;0;0;1;0;0;-38,545085;-3,747558
303090;21;12;2016;12:30;14968;RUA JULIO ALCIDES;RUA BELGICA;;0;;Colisão Lateral;Luz do Dia;Bom;Seca;T;Não Há Controle;Comercial;0;0;2;1;0;0;0;0;0;0;0;0;-38,565449;-3,788262
303091;21;12;2016;13:00;0;RUA PDE PEDRO DE ALENCAR;;;253;;Colisão Transversal;Luz do Dia;Bom;Seca;Meio de Quadra;Pare;Comercial;0;0;2;1;0;0;0;0;0;0;0;0;-38,493766;-3,829791
303093;21;12;2016;14:07;7648;RUA PAULO DE FRONTIM;AV CARNEIRO DE MENDONCA;;0;;Colisão Lateral;Luz do Dia;Bom;Seca;Cruz;Pare;Comercial;0;0;2;1;0;0;0;0;0;0;0;0;-38,570794;-3,761949
303094;21;12;2016;14:55;7766;AV ANTONIO SALES;RUA TIBURCIO CAVALCANTE;;;;Colisão Transversal;Luz do Dia;Bom;Seca;Cruz;Pare;Comercial;0;1;2;1;0;0;0;0;0;1;0;0;-38,505333;-3,744543
303095;21;12;2016;15:03;0;AV GAL OSORIO DE PAIVA;;;3383;;Colisão Traseira;Luz do Dia;Bom;Seca;Meio de Quadra;Semáforo;Comercial;0;0;2;1;0;0;0;0;0;0;0;0;-38,58847;-3,79073
303096;21;12;2016;09:20;12609;RUA ANTONIETA CLOTILDE;RUA AMOR PERFEITO;;0;;Colisão Transversal;Luz do Dia;Bom;Seca;Cruz;Pare;Residencial;0;0;2;1;0;0;0;0;0;0;0;0;-38,58253;-3,717255
303097;21;12;2016;15:15;14680;AV OLIVEIRA PAIVA;RUA LIDIA BRIGIDO;;0;;Colisão Traseira;Luz do Dia;Bom;Seca;Cruz;Semáforo;Comercial;0;0;2;1;0;0;0;0;0;0;0;0;-38,484139;-3,796087
303098;21;12;2016;15:10;0;AV AREIA BRANCA;;;70;;Colisão Lateral;Luz do Dia;Bom;Seca;Meio de Quadra;Não Há Controle;Comercial;0;0;2;1;1;0;0;0;0;0;0;0;;
303099;21;12;2016;14:45;0;RUA HUGO VITOR;;;412;;Atropelamento;Luz do Dia;Bom;Seca;Meio de Quadra;Não Há Controle;Residencial;0;1;1;1;0;0;0;0;0;0;0;0;-38,591094;-3,743334
303100;21;12;2016;15:30;20131;RUA CRISANTO ARRUDA;RUA PRO JOSE SILVEIRA;;0;;Colisão Transversal;Luz do Dia;Bom;Seca;Cruz;Pare;Residencial;0;0;2;1;0;0;0;0;0;0;0;0;-38,522564;-3,810268
303101;21;12;2016;16:48;14588;AV EDILSON B SOARES;RUA JOAO REGINO;;0;;Colisão Lateral;Luz do Dia;Bom;Seca;Cruz;Pare;Residencial;0;1;1;1;0;0;0;0;0;1;0;0;-38,483001;-3,789663
303102;21;12;2016;16:35;0;AV BEIRA MAR;;;2982;;Atropelamento;Luz do Dia;Bom;Seca;Meio de Quadra;Não Há Controle;Comercial;0;1;1;0;0;0;0;0;0;0;0;0;-38,495018;-3,726083
303103;21;12;2016;16:01;0;AV ENG HUMBERTO MONTE;RUA DR ABDENAGO;;0;;Colisão Transversal;Luz do Dia;Bom;Seca;T;Pare;Comercial;0;0;2;1;0;0;0;0;0;0;0;0;;
303123;21;12;2016;03:45;0;AV DES GONZAGA;;;1430;;Choque c/ Obstáculo Fixo;Via Iluminada;Bom;Seca;Meio de Quadra;Não Há Controle;Residencial;0;0;1;1;0;0;0;0;0;0;0;0;-38,498912;-3,799373
292911;21;12;2016;15:00;0;AV EDUARDO GIRAO;;;51;;Colisão Lateral;Luz do Dia;Bom;Seca;Meio de Quadra;;Comercial;0;0;2;1;1;0;0;0;0;0;0;0;-38,536911;-3,750677
292918;21;12;2016;19:42;3336;RUA VIRIATO RIBEIRO;RUA RIO GRANDE DO SUL;;;;Colisão Transversal;Mal Iluminada;Bom;Molhada;Cruz;Pare;Residencial;0;0;2;1;0;0;0;0;0;1;0;0;-38,561355;-3,750184
292913;21;12;2016;09:50;12479;AV AUGUSTO DOS ANJOS;RUA PERDIGAO DE OLIVEIRA;;;;Colisão Traseira;Luz do Dia;Bom;Seca;Cruz;Semáforo;Comercial;0;0;2;1;0;0;1;0;0;0;0;0;-38,574712;-3,775131
292914;21;12;2016;13:45;8000;AV JOAO PESSOA;RUA DELMIRO FARIAS;;;;Colisão Transversal;Luz do Dia;Bom;Seca;Cruz;Pare;Residencial;0;0;2;0;0;0;1;0;0;0;0;0;-38,547538;-3,750275
292915;21;12;2016;13:15;0;RUA ALBERTO MAGNO;;;1334;;;Luz do Dia;Bom;Seca;Meio de Quadra;Não Há Controle;Comercial;0;0;2;0;0;0;0;0;0;0;0;0;;
292907;21;12;2016;08:49;17377;RUA BAR CANINDE;RUA ELVIRA PINHO;;;;Colisão Frontal;Luz do Dia;Bom;Seca;Cruz;Pare;Residencial;0;0;2;0;0;0;0;0;0;1;0;0;-38,556147;-3,766881
292909;21;12;2016;00:55;0;RUA CARLOS AMORA;;;24;;Colisão Lateral;Via Iluminada;Bom;Seca;Meio de Quadra;Pare;Residencial;0;0;2;1;0;0;1;0;0;0;0;0;-38,564511;-3,774097
295695;21;12;2016;07:45;2199;AV PRS CASTELO BRANCO;RUA JANGADA;;5986;;Colisão Lateral;Via Iluminada;Bom;Seca;T;Pare;Comercial;0;0;3;1;0;0;0;0;1;0;0;0;-38,584266;-3,701687
295699;21;12;2016;16:27;5773;RUA BOTELHO MAGALHAES;RUA MAXIMO LINHARES;;;;Colisão Transversal;Luz do Dia;Bom;Seca;Cruz;Pare;Residencial;0;4;1;1;0;0;0;0;0;0;0;0;-38,491474;-3,798941
295721;21;12;2016;08:20;7976;AV JOAO PESSOA;RUA MAJ WEYNE;;;;Colisão Transversal;Amanhecer;Chuva;Molhada;Cruz;Semáforo;Comercial;0;0;2;1;0;0;0;0;0;1;0;0;-38,545334;-3,747841
295704;21;12;2016;20:24;0;RUA VALPARAISO;;;244;;Colisão Transversal;Anoitecer;Nublado;Seca;Meio de Quadra;Não Há Controle;Residencial;0;2;1;1;0;0;0;1;0;1;0;0;;
295740;22;12;2016;10:50;0;ET DO FIO (MESSEJANA);;;2986;;Colisão;Luz do Dia;;;Meio de Quadra;;;0;1;1;0;0;0;0;0;0;1;0;0;;
295735;22;12;2016;23:00;15821;AV JOR THOMAZ COELHO;RUA ANGELICA GURGEL;;;;Colisão;;;;T;Pare;Comercial;0;1;1;1;0;0;0;0;0;1;0;0;-38,499058;-3,8324
292924;22;12;2016;19:48;13935;RUA GAL CAIADO DE CASTRO;RUA VER PEDRO PAULO MOREIRA;;;;Colisão Lateral;Via Iluminada;Bom;Seca;Cruz;Pare;Comercial;0;0;2;1;0;0;0;0;0;0;0;0;-38,488961;-3,786953
292920;22;12;2016;03:30;0;RUA EQUADOR;;;680;;Choque c/ Obstáculo Fixo;Via Iluminada;Bom;Seca;Meio de Quadra;Semáforo;Residencial;0;0;1;1;0;0;0;0;0;0;0;0;-38,552098;-3,773107
292922;22;12;2016;15:00;620;RUA COS GOUVEIA;RUA ENG JOAO NOGUEIRA;;;;Colisão Traseira;Luz do Dia;Nublado;Seca;Cruz;Pare;Residencial;0;0;2;0;0;0;0;0;0;1;0;0;-38,564143;-3,717019
292943;22;12;2016;08:40;24272;RUA TAVARES COUTINHO;RUA DR ALOISIO MAMEDE;;;;Colisão Lateral;Luz do Dia;Bom;Seca;Cruz;Pare;Residencial;0;1;1;1;0;0;0;0;0;1;0;0;-38,483864;-3,732445
292936;22;12;2016;09:30;10998;RUA ALBERTO MAGNO;RUA DOM CARLOTO TAVORA;;;;Colisão Lateral;;Bom;Seca;Cruz;Pare;Residencial;0;0;2;0;0;0;0;0;0;0;0;0;-38,553495;-3,770832
292932;22;12;2016;23:55;26091;AV JOSE JATAHY;AV 13 DE MAIO;;;;Colisão Lateral;Anoitecer;Bom;Seca;Cruz;Semáforo;Residencial;0;0;2;1;0;0;0;0;0;0;0;0;;
292930;22;12;2016;07:00;0;RUA NEREU RAMOS;;;;;Colisão Traseira;Luz do Dia;Nublado;Molhada;Meio de Quadra;Outros;Residencial;0;0;2;1;0;0;0;0;0;0;0;0;;
292956;22;12;2016;02:30;0;AV DA UNIVERSIDADE;;;;;Colisão Traseira;Via Iluminada;Bom;Seca;Meio de Quadra;Semáforo;Comercial;0;0;2;1;0;0;0;0;0;0;0;0;;
292948;22;12;2016;04:20;0;RUA WALDIR DIOGO;;;700;;Choque c/ Obstáculo Fixo;Via Iluminada;Bom;Seca;Meio de Quadra;Não Há Controle;Residencial;0;0;1;1;0;0;0;0;0;0;0;0;-38,584112;-3,805169
292950;22;12;2016;06:30;23828;AV CESAR CALS;RUA ARISTIDES BARCELOS;;;;Colisão Lateral;Luz do Dia;Nublado;Seca;T;Outros;Residencial;0;0;2;1;0;0;1;0;0;0;0;0;;
292951;22;12;2016;12:20;0;RUA ROCHA LIMA;;;1140;;Outros;Luz do Dia;Bom;Seca;Meio de Quadra;Não Há Controle;Comercial;0;0;2;1;0;0;0;0;0;0;0;0;-38,514384;-3,738942
292952;22;12;2016;12:50;5108;RUA SAO PAULO;RUA PRC ISABEL;;;;Colisão Lateral;Luz do Dia;Bom;Seca;Cruz;Pare;Comercial;0;2;1;1;0;0;0;0;0;1;0;0;-38,534619;-3,723679
292954;22;12;2016;02:00;5361;RUA FLORIANO PEIXOTO;RUA PEDRO I;;;;Colisão Transversal;Via Iluminada;Bom;Seca;Cruz;Pare;Comercial;0;2;1;1;0;0;0;0;0;1;0;0;-38,528436;-3,731284
303152;22;12;2016;19:59;7634;RUA MINAS GERAIS;AV CARNEIRO DE MENDONCA;;0;;Colisão Transversal;Via Iluminada;Nublado;Seca;Cruz;Pare;Residencial;0;0;2;0;0;0;0;0;0;0;0;0;-38,5692;-3,762798
303109;22;12;2016;07:40;10935;RUA BAR CANINDE;RUA ELCIAS LOPES;;0;;Colisão Transversal;Luz do Dia;Não Informado;Molhada;Não Informado;Pare;Residencial;0;0;2;1;0;0;0;0;0;0;0;0;-38,557426;-3,770473
303110;22;12;2016;08:54;0;AV DEP PAULINO ROCHA;;;1285;;Colisão Transversal;Luz do Dia;Nublado;Molhada;T;Pare;Comercial;0;0;2;1;0;0;0;0;0;0;0;0;-38,508509;-3,80795
303111;22;12;2016;10:08;0;AV AGUANAMBI;;;1386;;Colisão Lateral;Não Informado;Bom;Seca;Meio de Quadra;Não Há Controle;Comercial;0;0;2;1;1;0;0;0;0;0;0;0;-38,523933;-3,748923
303112;22;12;2016;10:46;0;RUA BAR SOBRAL;;;768;;Colisão Traseira;Luz do Dia;Bom;Seca;Meio de Quadra;Semáforo;Residencial;0;0;2;1;0;0;0;0;0;0;0;0;-38,556246;-3,765869
303113;22;12;2016;10:45;24990;AV PRS COSTA E SILVA;AV PRS JUSCELINO KUBITSCHEK (PASSARÉ);;0;;Colisão Traseira;Luz do Dia;Bom;Seca;Cruz;Semáforo;Residencial;0;0;2;1;0;0;0;0;0;0;0;0;-38,539516;-3,825648
303114;22;12;2016;10:35;0;RUA DEMETRIO MENEZES;;;3750;;Colisão Traseira;Luz do Dia;Bom;Seca;Meio de Quadra;Não Há Controle;Comercial;0;1;2;0;1;0;0;0;0;1;0;0;-38,584041;-3,736494
303115;22;12;2016;15:50;0;RUA PDE PEDRO DE ALENCAR;;;99;;Colisão Transversal;Luz do Dia;Bom;Seca;Meio de Quadra;Não Há Controle;Comercial;0;0;2;0;1;0;0;0;0;1;0;0;-38,493582;-3,828534
303116;22;12;2016;14:59;0;AV DIOGUINHO;;;1261;;Colisão Transversal;Luz do Dia;Bom;Seca;Meio de Quadra;Não Há Controle;Comercial;0;1;1;1;0;0;0;0;0;1;0;0;;
303117;22;12;2016;17:00;2529;AV FRANCISCO SA;RUA JERONIMO ALBUQUERQUE;;0;;Colisão Lateral;Luz do Dia;Bom;Seca;T;Pare;Comercial;0;0;2;0;0;0;0;0;0;0;0;0;-38,577688;-3,71045
303118;22;12;2016;19:00;0;AV JOR THOMAZ COELHO;;;1432;;Colisão Transversal;Anoitecer;Bom;Seca;Meio de Quadra;Pare;Residencial;0;1;3;1;0;0;0;0;0;1;0;0;;
303119;22;12;2016;20:29;0;RUA ANTONIO FIUZA;;;181;;Colisão Traseira;Anoitecer;Bom;Seca;Meio de Quadra;Não Há Controle;Comercial;0;0;2;0;0;0;0;0;0;0;0;0;-38,551606;-3,768529
303120;22;12;2016;19:50;25640;RUA VIA LACTEA;RUA 13 DE ABRIL;;0;;Colisão Lateral;Via Iluminada;Bom;Seca;Outros;Pare;Comercial;0;0;2;1;0;0;0;0;0;0;0;0;;
303121;22;12;2016;19:42;5324;RUA GAL SAMPAIO;RUA PEDRO I;;;;Colisão Transversal;Mal Iluminada;Bom;Seca;Cruz;Semáforo;Comercial;0;1;1;1;0;0;0;0;0;0;0;0;-38,531758;-3,730182
303122;22;12;2016;21:00;0;RUA CON LIMA SUCUPIRA;RUA IARA;;0;;Colisão Lateral;Via Iluminada;Bom;Seca;Cruz;Pare;Residencial;0;0;1;1;0;0;0;0;0;0;0;0;-38,558106;-3,775806
303679;22;12;2016;07:20;0;RD CE-040;;;;KM-07;Colisão;Luz do Dia;Bom;Seca;Meio de Quadra;;;0;0;2;1;0;0;0;0;0;0;0;0;-38,478733;-3,809597
303680;22;12;2016;19:40;0;AV MIN JOSE AMERICO;;;;;Colisão;;Bom;Seca;Meio de Quadra;;;0;0;2;1;0;0;0;0;0;0;0;0;;
303406;22;12;2016;10:59;0;RUA ANTONIO AUGUSTO;;;2923;;Colisão;Luz do Dia;;;Meio de Quadra;;;0;1;1;0;0;0;0;0;0;0;0;0;;
303407;22;12;2016;11:13;5406;RUA ANTONIO POMPEU;RUA PRC ISABEL;;;;Colisão;Luz do Dia;;;Cruz;Pare;Comercial;0;1;1;1;0;0;0;0;0;1;0;0;-38,537283;-3,732693
303397;22;12;2016;09:02;7751;RUA ESTADO DO RIO;RUA CEARA;;;;Colisão;Luz do Dia;;;Cruz;Pare;Misto;0;1;1;1;0;0;0;0;0;1;0;0;-38,569606;-3,756475
303395;22;12;2016;08:26;271;AV JOVITA FEITOSA;RUA AMADEU FURTADO;;;;Colisão;Luz do Dia;;;Cruz;Semáforo;Comercial;0;1;1;1;0;0;0;0;0;1;0;0;-38,562915;-3,741173
303402;22;12;2016;09:07;0;RUA F PQ MORUMBI;;;58;;Colisão;Luz do Dia;;;Meio de Quadra;;;0;1;1;0;0;0;0;0;0;1;0;0;-38,518533;-3,827073
303403;22;12;2016;09:21;0;RUA MACEIO;;;627;;Atropelamento;Luz do Dia;;;Meio de Quadra;;;0;1;1;1;0;0;0;0;0;0;0;0;-38,588334;-3,759425
303404;22;12;2016;09:59;0;AV WASHINGTON SOARES;;;3131;;Colisão;Luz do Dia;;;Meio de Quadra;;;0;1;1;1;0;0;0;0;0;1;0;0;;
303391;22;12;2016;06:48;0;AV WASHINGTON SOARES;;;;;Colisão;Luz do Dia;;;Meio de Quadra;;;0;1;1;1;0;0;0;0;0;1;0;0;;
303392;22;12;2016;07:46;0;AV ENG HUMBERTO MONTE;;;1297;;Colisão;Luz do Dia;;;Meio de Quadra;;;0;1;1;0;0;0;0;0;0;1;0;0;-38,561277;-3,748124
303384;22;12;2016;00:52;0;RUA DALVA DE OLIVEIRA;;;831;;Queda;;;;Meio de Quadra;;;0;1;0;0;0;0;0;0;0;1;0;0;-38,528141;-3,845324
303385;22;12;2016;01:31;0;RUA ANDRADE FURTADO;;;172;;Queda;;;;Meio de Quadra;;;0;1;0;0;0;1;0;0;0;0;0;0;;
303386;22;12;2016;01:38;0;AV JOSE BASTOS;;;5116;;Colisão;;;;Meio de Quadra;;;0;1;1;0;0;0;0;0;0;1;0;0;-38,562297;-3,757774
303463;22;12;2016;18:33;5965;AV C CJ CEARA;AV F CJ CEARA;;;;Colisão;;;;Cruz;Pare;Residencial;0;1;1;1;0;0;0;0;0;1;0;0;;
303464;22;12;2016;18:43;0;RUA ZACARIAS GONDIM;;;200;;Colisão;;;;Meio de Quadra;;;0;1;1;1;0;0;0;0;0;1;0;0;;
303465;22;12;2016;18:52;0;AV PRS COSTA E SILVA;;;;;Colisão;;;;Meio de Quadra;;;0;1;1;1;0;0;0;0;0;1;0;0;;
303466;22;12;2016;20:51;0;AV G CJ CEARA;;;269;;Queda;;;;Meio de Quadra;;;0;2;0;0;0;0;0;0;0;1;0;0;-38,612065;-3,771962
303467;22;12;2016;21:35;0;RUA CEL FABRICIANO;;;1736;;Queda;;;;Meio de Quadra;;;0;2;0;0;0;1;0;0;0;0;0;0;-38,607367;-3,782889
303457;22;12;2016;18:22;0;AV FRANCISCO SA;;;7630;;Colisão;Anoitecer;;;Meio de Quadra;;;0;1;1;0;0;0;0;0;0;0;0;0;-38,586168;-3,706312
303455;22;12;2016;18:08;0;RUA JOSE MENDONCA;;;130;;Atropelamento;Anoitecer;;;Meio de Quadra;;;0;1;1;1;0;0;0;0;0;0;0;0;-38,602864;-3,760741
303452;22;12;2016;17:42;0;RUA DOM PEDRO II;;;148;;Colisão;Anoitecer;;;Meio de Quadra;;;0;1;1;1;0;0;0;0;0;1;0;0;-38,57341;-3,785581
303450;22;12;2016;17:40;0;RUA CUIABA;;;1127;;Colisão;Anoitecer;;;Meio de Quadra;;;0;1;1;0;0;0;0;0;0;1;0;0;-38,584624;-3,765999
303446;22;12;2016;17:26;0;AV GAL OSORIO DE PAIVA;;;5430;;Atropelamento;Anoitecer;;;Meio de Quadra;;;0;1;1;1;0;0;0;0;0;0;0;0;-38,602291;-3,804931
303442;22;12;2016;17:14;0;RUA CARLOS VASCONCELOS;;;350;;Queda;Anoitecer;;;Meio de Quadra;;;0;1;0;0;0;1;0;0;0;0;0;0;-38,508316;-3,725305
303443;22;12;2016;17:17;0;AV PRS JUSCELINO KUBITSCHEK (PASSARÉ);;;3999;;Atropelamento;Anoitecer;;;Meio de Quadra;;;0;1;1;0;0;0;0;0;0;1;0;0;-38,532271;-3,817185
303444;22;12;2016;17:20;0;AV CAP WALDEMAR PAULA LIMA;;;700;;Colisão;Anoitecer;;;Meio de Quadra;;;0;1;1;1;0;0;0;0;0;1;0;0;;
303433;22;12;2016;11:28;0;RUA PEDRO LAZAR;;;630;;Colisão;Luz do Dia;;;Meio de Quadra;;;0;1;1;1;0;1;0;0;0;0;0;0;;
303434;22;12;2016;11:35;0;RUA ITU;;;2234;;Queda;Luz do Dia;;;Meio de Quadra;;;0;2;0;0;0;1;0;0;0;0;0;0;;
303435;22;12;2016;11:51;0;AV C CJ CEARA;;;;;Colisão;Luz do Dia;;;Meio de Quadra;;;0;1;1;0;0;0;0;0;0;1;0;0;;
303436;22;12;2016;13:44;0;AV AGUANAMBI;;;;;Colisão;Luz do Dia;;;Meio de Quadra;;;0;1;1;0;0;0;1;0;0;1;0;0;;
303437;22;12;2016;15:23;0;RUA BOM JESUS (GRANJA LISBOA);;;1548;;Colisão;Luz do Dia;;;Meio de Quadra;;;0;2;1;0;0;0;1;0;0;1;0;0;-38,606483;-3,792702
303438;22;12;2016;17:09;0;AV AGUANAMBI;;;1637;;Colisão;Anoitecer;;;Meio de Quadra;;;0;2;1;1;0;0;0;0;0;1;0;0;-38,523538;-3,75112
303471;23;12;2016;04:49;0;AV MR HULL;;;;;Atropelamento;;;;Meio de Quadra;;;0;1;1;0;0;0;0;0;0;1;0;0;;
303472;23;12;2016;07:56;0;AV SEN FERNANDES TAVORA;;;1255;;Colisão;Luz do Dia;;;Meio de Quadra;;;0;1;1;1;0;0;0;0;0;1;0;0;-38,583883;-3,761268
303473;23;12;2016;08:14;0;AV BEZERRA DE MENEZES;;;;;Queda;Luz do Dia;;;Meio de Quadra;;;0;2;0;0;0;0;0;0;0;1;0;0;;
303481;23;12;2016;09:03;0;AV HILDEBRANDO DE MELO;;;1408;;Colisão;Luz do Dia;;;Meio de Quadra;;;0;1;1;1;0;0;0;0;0;1;0;0;;
303495;23;12;2016;10:37;0;RUA OSCAR ARARIPE;;;1107;;Colisão;Luz do Dia;;;Meio de Quadra;;;0;1;1;1;0;0;0;0;0;1;0;0;-38,601252;-3,790578
303499;23;12;2016;10:52;2573;AV FRANCISCO SA;RUA GRACA ARANHA;;;;Colisão;Luz do Dia;;;Cruz;Pare;Residencial;0;1;1;1;0;0;0;0;0;0;0;0;-38,574359;-3,711611
303500;23;12;2016;13:14;0;AV DR SILAS MUNGUBA;;;;;Atropelamento;Luz do Dia;;;Meio de Quadra;;;0;1;1;0;0;0;0;0;0;1;0;0;;
303476;23;12;2016;08:21;0;RUA 12 (CJ JOAO PAULO II);;;16;;Queda;Luz do Dia;;;Meio de Quadra;;;0;1;0;0;0;0;0;0;0;1;0;0;;
303483;23;12;2016;09:19;0;RUA A CJ ITAPERI;;;895;;Colisão;Luz do Dia;;;Meio de Quadra;;;0;1;1;1;0;0;0;0;0;1;0;0;;
303487;23;12;2016;09:44;15291;RUA FREDERICO BORGES;AV ANTONIO JUSTA;;;;Colisão;Luz do Dia;;;T;Pare;Comercial;0;1;1;1;0;0;0;0;0;1;0;0;-38,489427;-3,729283
303488;23;12;2016;10:32;0;RUA BARRA NOVA;;;900;;Atropelamento;Luz do Dia;;;Meio de Quadra;;;0;1;1;0;0;0;0;0;0;1;0;0;-38,505394;-3,783661
303681;23;12;2016;16:20;0;RD CE-040;;;;KM-12;Colisão;Luz do Dia;Bom;Seca;Meio de Quadra;;;0;1;2;0;0;0;0;0;0;1;0;0;-38,47607;-3,849626
303683;23;12;2016;19:45;0;RD CE-040;;;;KM-05;Colisão;;Bom;Seca;Meio de Quadra;;;0;0;2;1;0;0;0;0;0;0;0;0;-38,480331;-3,791613
303584;23;12;2016;23:15;0;RUA IPAUMIRIM D68;;;;;Atropelamento;;;;Meio de Quadra;;;0;1;1;0;0;0;0;0;0;1;0;0;;
303562;23;12;2016;18:23;0;AV AUGUSTO DOS ANJOS;;;1417;;Colisão;Anoitecer;;;Meio de Quadra;;;0;1;1;1;0;0;0;0;0;1;0;0;-38,578018;-3,778877
303542;23;12;2016;17:59;0;RUA CON DE CASTRO;;;;;Atropelamento;Anoitecer;;;Meio de Quadra;;;0;1;1;0;0;0;0;0;0;1;0;0;;
303556;23;12;2016;18:09;12620;RUA COS LAFAYETE;RUA TULIPA;;;;Colisão;Anoitecer;;;Cruz;Pare;Residencial;0;1;1;0;0;0;0;0;0;1;0;0;-38,580936;-3,718159
303559;23;12;2016;18:16;0;AV PRS CASTELO BRANCO;;;;;Atropelamento;Anoitecer;;;Meio de Quadra;;;0;1;0;1;0;0;0;0;0;0;0;0;;
303574;23;12;2016;20:51;0;AV GAL OSORIO DE PAIVA;;;1120;;Atropelamento;;;;Meio de Quadra;;;0;1;1;0;0;0;0;0;0;1;0;0;-38,571839;-3,778992
303575;23;12;2016;21:02;0;AV LINEU MACHADO;;;725;;Colisão;;;;Meio de Quadra;;;0;2;0;0;0;0;0;0;0;1;0;0;-38,577112;-3,766304
303578;23;12;2016;21:28;0;AV DR SILAS MUNGUBA;;;3791;;Colisão;;;;Meio de Quadra;;;0;1;1;1;0;0;0;0;0;1;0;0;-38,539931;-3,79051
303579;23;12;2016;21:40;0;RUA LIVREIRO ARLINDO;;;218;;Queda;;;;Meio de Quadra;;;0;1;0;0;0;0;0;0;0;1;0;0;-38,543633;-3,728739
303580;23;12;2016;21:47;0;AV FRANCISCO SA;;;5383;;Atropelamento;;;;Meio de Quadra;;;0;1;1;0;0;0;0;0;0;0;0;0;-38,572352;-3,712282
303524;23;12;2016;15:52;5269;AV DUQ CAXIAS;RUA PDE IBIAPINA;;;;Colisão;Luz do Dia;;;Cruz;Semáforo Intermitente;Comercial;0;1;1;0;0;0;0;0;0;1;0;0;-38,540226;-3,728446
303525;23;12;2016;16:11;0;AV WASHINGTON SOARES;;;;;Colisão;Luz do Dia;;;Meio de Quadra;;;0;2;1;1;0;0;0;0;0;1;0;0;;
303529;23;12;2016;17:16;0;RUA GUSTAVO SAMPAIO;;;;;Colisão;Anoitecer;;;Meio de Quadra;;;0;1;1;1;0;0;0;0;0;1;0;0;;
303531;23;12;2016;17:39;0;RUA POMPILIO GOMES;;;127;;Colisão;Anoitecer;;;Meio de Quadra;;;0;1;1;1;0;0;0;0;0;1;0;0;;
303539;23;12;2016;17:55;0;RUA ANSELMO NOGUEIRA;;;577;;Colisão;Anoitecer;;;Meio de Quadra;;;0;1;1;1;0;0;0;0;0;1;0;0;;