COD_ACIDENTE;DIA;MES;ANO;HORA;INTERSECAO;LOG1;LOG2;LOG3;NUMERO;REFERENCIA;NATUREZA;ILUMINACAO;TEMPO;SUPERFICIEPISTA;TIPOCRUZAMENTO;CONTROLETRAFEGO;USOSOLO;MORTOS;FERIDOS;ILESOS;AUTOMOVEL;ONIBUS;BICICLETA;CAMINHAO;MICROONIBUS;CICLOMOTOR;MOTOCICLETA;TRACAOANIMAL;TREM;LONG;LAT
303510;23;12;2016;14:46;21279;RUA DOM QUINTINO;RUA STA ROSA D20/21 (JACARECANGA);;;;Colisão;Luz do Dia;;;Cruz;Não Há Controle;Residencial;0;1;1;1;0;0;0;0;0;1;0;0;-38,553154;-3,711558
303511;23;12;2016;15:07;0;RUA ANDRADE FURTADO;;;1926;;Colisão;Luz do Dia;;;Meio de Quadra;;;0;1;1;1;0;0;0;0;0;1;0;0;;
303522;23;12;2016;15:44;5407;AV DUQ CAXIAS;RUA SOLON PINHEIRO;;;;Atropelamento;Luz do Dia;;;Cruz;Semáforo;Comercial;0;1;1;0;0;0;0;0;0;1;0;0;-38,527034;-3,732704
303504;23;12;2016;14:20;0;AV SEN FERNANDES TAVORA;;;790;;Colisão;Luz do Dia;;;Meio de Quadra;;;0;1;1;0;0;0;0;0;0;1;0;0;;
303506;23;12;2016;14:29;0;AV LUCIANO CARNEIRO;;;1733;;Colisão;Luz do Dia;;;Meio de Quadra;;;0;2;0;0;0;0;0;0;0;0;0;0;;
303124;23;12;2016;05:25;13537;AV SORIANO ALBUQUERQUE;RUA CAP GUSTAVO;;;;Choque c/ Obstáculo Fixo;Amanhecer;Bom;Seca;Duplo T;Semáforo;Comercial;0;0;1;0;0;0;0;0;0;0;0;0;-38,518063;-3,748124
303125;23;12;2016;07:24;21813;RUA DEP MATOSO FILHO;RUA LINDOLFO FREIRE;;0;;Colisão Transversal;Luz do Dia;Bom;Seca;Cruz;Pare;Residencial;0;0;1;1;0;0;0;0;0;0;0;0;-38,586603;-3,730729
303126;23;12;2016;08:00;24990;AV PRS COSTA E SILVA;AV PRS JUSCELINO KUBITSCHEK (PASSARÉ);;;;Colisão Lateral;Luz do Dia;Bom;Seca;Cruz;Gesto;Comercial;0;2;1;1;0;0;0;0;0;1;0;0;-38,539516;-3,825648
303127;23;12;2016;09:00;0;AV SANTOS DUMONT;;;6333;;Colisão Traseira;Luz do Dia;Bom;Seca;Meio de Quadra;Não Há Controle;Comercial;0;0;2;1;0;0;0;0;0;0;0;0;-38,4755;-3,743598
303128;23;12;2016;10:09;6727;RUA DR GILBERTO STUDART;RUA DES WALDETARIO P MOTA;;0;;Colisão Traseira;Luz do Dia;Bom;Seca;Cruz;Pare;Residencial;0;0;1;0;0;0;0;0;0;0;0;0;-38,484239;-3,742559
303129;23;12;2016;10:30;0;RUA PAULO FIRMEZA;RUA JOAO PAULINO BARROS LEAL;;0;;Colisão Lateral;Luz do Dia;Bom;Seca;Cruz;Pare;Residencial;0;0;2;1;0;0;0;0;0;1;0;0;;
303130;23;12;2016;12:01;0;AV DR SILAS MUNGUBA;;;5050;;Colisão Traseira;Luz do Dia;Bom;Seca;Meio de Quadra;Não Há Controle;Comercial;0;0;2;1;0;0;0;0;0;0;0;0;-38,531465;-3,797533
303131;23;12;2016;13:30;1527;RUA OSVALDO CRUZ (ALDEOTA);RUA CAROLINA SUCUPIRA;;0;;Colisão Lateral;Luz do Dia;Bom;Seca;Cruz;Pare;Residencial;0;0;2;1;0;0;0;0;0;0;0;0;-38,501914;-3,740552
303132;23;12;2016;13:56;0;RUA GERMANO FRANCK;;;1005;;Colisão Transversal;Luz do Dia;Bom;Seca;Cruz;Semáforo;Comercial;0;0;2;1;0;0;0;0;0;0;0;0;-38,564653;-3,779479
303133;23;12;2016;14:25;0;AV RUI BARBOSA;;;2992;;Colisão Traseira;Luz do Dia;Bom;Seca;Meio de Quadra;Semáforo;Residencial;0;0;1;1;0;0;0;0;0;1;0;0;-38,513693;-3,74924
303134;23;12;2016;12:45;0;AV PRS COSTA E SILVA;;;1347;;Colisão Traseira;Luz do Dia;Bom;Seca;Outros;Não Há Controle;Comercial;0;1;1;1;0;0;0;0;0;1;0;0;;
303135;23;12;2016;17:47;25934;RUA CEZIDIO ALBUQUERQUE;RUA ULISSES BEZERRA;;0;;Colisão Lateral;Via Iluminada;Bom;Seca;T;Pare;Residencial;0;0;2;1;0;0;0;0;0;0;0;0;;
303136;23;12;2016;19:16;15245;RUA LEONARDO MOTA;AV ANTONIO JUSTA;;;;Colisão Lateral;Anoitecer;Bom;Seca;Cruz;Pare;Residencial;0;1;1;0;0;0;0;0;0;1;0;0;-38,493542;-3,727945
303137;23;12;2016;20:01;0;AV BENJAMIM BRASIL;;;1635;;Colisão Lateral;Via Iluminada;Bom;Seca;T;Não Há Controle;Comercial;0;0;2;1;0;0;0;0;0;0;0;0;-38,561095;-3,806852
303138;23;12;2016;20:40;0;AV JOSE LEON;;;1111;;Colisão Transversal;Via Iluminada;Bom;Seca;Meio de Quadra;Pare;Residencial;0;2;1;1;0;0;0;0;0;1;0;0;;
303139;23;12;2016;15:20;0;AV ZEZE DIOGO;RUA RENATO BRAGA;;;;Colisão Lateral;Luz do Dia;Bom;Seca;Meio de Quadra;;;0;1;1;0;1;0;0;0;0;1;0;0;-38,457892;-3,73092
303163;23;12;2016;09:30;0;RUA PDE VALDEVINO;;;547;;Colisão Traseira;Luz do Dia;Bom;Seca;Meio de Quadra;Não Há Controle;Comercial;0;0;2;1;0;0;0;0;0;0;0;0;-38,518688;-3,738547
292594;23;12;2016;09:40;0;AV AREIA BRANCA;;;360;;Atropelamento;Luz do Dia;;;Meio de Quadra;;;1;1;0;0;0;0;0;0;0;1;0;0;-38,47523;-3,727917
292595;23;12;2016;15:00;0;AV BEZERRA DE MENEZES;;;950;;Colisão;Luz do Dia;Bom;Seca;Meio de Quadra;Semáforo;Comercial;1;0;1;0;0;0;0;1;0;0;0;0;-38,553386;-3,73338
292923;23;12;2016;19:20;3163;RUA ANSELMO NOGUEIRA;RUA FRANCISCO DOMINGOS;;;;Colisão Transversal;;;;Cruz;Pare;Residencial;0;1;2;1;1;0;0;0;0;1;0;0;;
293115;23;12;2016;05:00;25796;RUA SGT JOAO PINHEIRO;AV H CJ CEARA;;;;Choque c/ Obstáculo Fixo;Amanhecer;;;Cruz;Não Há Controle;Residencial;0;0;1;1;0;0;0;0;0;0;0;0;;
293131;23;12;2016;15:30;4100;AV PASTEUR;RUA 11 DE JULHO;;;;Colisão Lateral;Luz do Dia;;;T;Não Há Controle;Residencial;0;0;1;1;0;0;0;0;0;0;0;0;-38,560282;-3,71547
293148;23;12;2016;09:50;13143;AV D CJ JOSE WALTER;RUA 41 CJ JOSE WALTER;;;;Colisão;Luz do Dia;;;Cruz;Pare;Comercial;0;1;1;0;0;0;0;0;0;1;0;0;-38,557966;-3,83094
295758;23;12;2016;13:45;9334;RUA COELHO NETO;RUA GRACA ARANHA;;;;Colisão Lateral;Luz do Dia;Bom;Seca;Cruz;Pare;Residencial;0;2;2;1;0;0;0;0;0;1;0;0;-38,575966;-3,715976
295768;23;12;2016;22:50;7817;RUA JOAQUIM NABUCO;RUA MARCONDES PEREIRA;;;;Colisão Lateral;Via Iluminada;Bom;Seca;Cruz;Pare;Residencial;0;2;2;1;0;0;0;0;0;0;0;0;-38,505936;-3,749764
295776;23;12;2016;17:45;3861;AV DA UNIVERSIDADE;RUA SEN CATUNDA;;;;Colisão;Anoitecer;;;Cruz;Pare;Comercial;0;1;1;1;0;0;0;0;0;1;0;0;-38,537278;-3,738943
295777;24;12;2016;14:35;12609;RUA AMOR PERFEITO;RUA ANTONIETA CLOTILDE;;;;Colisão Transversal;Luz do Dia;Bom;Seca;Cruz;Pare;Residencial;0;2;2;1;0;0;0;0;0;1;0;0;-38,58253;-3,717255
295778;24;12;2016;01:35;0;AV 13 DE MAIO;RUA CAIO CARLOS;;;;Colisão;;;;Meio de Quadra;;;0;1;1;1;0;0;0;0;0;1;0;0;-38,54216;-3,738286
295782;24;12;2016;17:50;4250;RUA PDE ANCHIETA;AV FRANCISCO SA;;;;Colisão Lateral;Luz do Dia;Bom;Seca;Cruz;Semáforo;Comercial;0;3;1;1;0;0;0;0;0;1;0;0;-38,549538;-3,719988
292970;24;12;2016;00:30;0;RUA JOAQUIM ALBANO;;;;TERMINAL ANTONIO BEZERRA;Choque c/ Obstáculo Fixo;;;;Meio de Quadra;;;0;0;1;1;0;0;0;0;0;0;0;0;;
292971;24;12;2016;02:10;17397;AV PRO GOMES DE MATOS;RUA ROMEU MARTINS;;;;Colisão Transversal;;;;Cruz;Pare;Comercial;0;1;1;1;0;0;0;0;0;0;0;0;-38,551023;-3,767447
292974;24;12;2016;07:40;0;AV AGUANAMBI;;;1213;;Colisão Traseira;Luz do Dia;;;Meio de Quadra;;;0;0;2;1;0;0;0;0;0;1;0;0;-38,524652;-3,747387
292946;24;12;2016;09:20;0;AV PRS CASTELO BRANCO;;;5753;;Colisão Traseira;Luz do Dia;;;Meio de Quadra;;;0;3;0;0;0;0;0;0;0;1;0;0;-38,582245;-3,702642
292931;24;12;2016;18:40;0;RUA PRO SILAS RIBEIRO;;;310;;Colisão Traseira;;;;Meio de Quadra;;;0;0;2;1;0;0;0;0;0;0;0;0;-38,482232;-3,73744
292929;24;12;2016;00:01;15184;AV ABOLICAO;RUA TIBURCIO CAVALCANTE;;;;Colisão Lateral;;;;Cruz;Semáforo;Comercial;0;0;2;1;0;0;0;0;0;0;0;0;-38,499409;-3,726066
292933;24;12;2016;10:40;0;AV ALBERTO CRAVEIRO;;;3595;;Colisão Traseira;Luz do Dia;;;Meio de Quadra;;;0;1;1;1;0;0;0;0;0;1;0;0;;
292935;24;12;2016;09:30;0;RUA CAIO PRADO;;;121;;Colisão Lateral;Luz do Dia;;;Meio de Quadra;;;0;0;2;0;1;0;0;0;0;0;0;0;-38,562727;-3,774113
292937;24;12;2016;06:30;0;RUA MARIA GOMES DE SA;;;1919;;Colisão Traseira;Luz do Dia;;;Meio de Quadra;;;0;0;3;1;0;0;0;0;0;0;0;0;-38,585332;-3,821771
292939;24;12;2016;09:16;5125;RUA RUFINO DE ALENCAR;AV ALBERTO NEPOMUCENO;;;;Colisão Lateral;Luz do Dia;;;;;;0;0;2;1;1;0;0;0;0;0;0;0;-38,524811;-3,724108
292944;24;12;2016;00:30;55;RUA CEL JOAQUIM FRANKLIN;RUA SALGADO FILHO;;;;Colisão Frontal;;;;Cruz;Pare;Residencial;0;2;1;1;0;0;0;0;0;1;0;0;-38,594868;-3,743486
292942;24;12;2016;08:20;0;RUA CEL MATOS DOURADO;;;540;;Colisão Lateral;Luz do Dia;;;Meio de Quadra;;;0;1;1;1;0;0;0;0;0;1;0;0;-38,585025;-3,74346
300811;24;12;2016;22:27;0;AV GODOFREDO MACIEL;;;5696;;Atropelamento;;;;Meio de Quadra;;;0;1;1;1;0;0;0;0;0;0;0;0;-38,578872;-3,824598
300795;24;12;2016;23:21;0;RUA CON DE CASTRO;;;4206;;Colisão;;;;Meio de Quadra;;;0;1;1;0;0;0;0;0;0;0;0;0;-38,589777;-3,802564
300793;24;12;2016;23:44;0;RUA ROSA CRUZ;;;51;;Colisão;;;;Meio de Quadra;;;0;1;1;1;0;0;0;0;0;1;0;0;-38,564727;-3,800312
303140;24;12;2016;04:46;25211;RUA OSCAR ARARIPE;RUA MARIA JULIA ROCHA;;;;Colisão Transversal;Luz do Dia;Nublado;Seca;Cruz;Semáforo;Residencial;0;1;0;1;0;0;0;0;0;0;0;0;;
303141;24;12;2016;07:35;0;AV SEN CARLOS JEREISSATI (AEROPORTO);;;0;AEROPORTO;Colisão Lateral;Luz do Dia;Chuva;Seca;Meio de Quadra;Semáforo;Comercial;0;0;2;1;0;0;0;0;0;0;0;0;;
303142;24;12;2016;09:30;0;RUA ANA BILHAR;;;1250;;Choque c/ Obstáculo Fixo;Via Iluminada;Bom;Seca;Meio de Quadra;Não Há Controle;Residencial;0;0;1;1;0;0;0;0;0;0;0;0;-38,489199;-3,731537
303143;24;12;2016;09:00;0;AV 13 DE MAIO;;;2976;;Colisão Transversal;Luz do Dia;Bom;Seca;Meio de Quadra;Não Há Controle;Comercial;0;0;2;1;0;0;0;0;0;1;0;0;-38,54123;-3,739153
303144;24;12;2016;13:26;12999;AV A CJ JOSE WALTER;AV K CJ JOSE WALTER;;0;;Colisão Transversal;Luz do Dia;Bom;Seca;Cruz;Pare;Residencial;0;0;2;1;0;0;0;0;0;0;0;0;-38,554226;-3,82484
303145;24;12;2016;13:27;0;AV PDE ANTONIO TOMAS;;;2067;;Colisão Transversal;Luz do Dia;Nublado;Seca;Meio de Quadra;Não Há Controle;Comercial;0;0;2;0;1;0;0;0;0;0;0;0;-38,493978;-3,742008
303146;24;12;2016;13:16;3423;AV JOAO PESSOA;RUA ALVARO FERNANDES;;;;Colisão Transversal;Luz do Dia;Bom;Seca;Cruz;Semáforo;Comercial;0;1;1;1;0;0;0;0;0;1;0;0;-38,555648;-3,759317
303147;24;12;2016;14:27;0;RUA RAIMUNDO NERY;;;375;;Colisão Traseira;Luz do Dia;Bom;Seca;Meio de Quadra;Não Há Controle;Residencial;0;0;1;0;0;0;0;0;0;0;0;0;-38,586303;-3,79444
303148;24;12;2016;18:55;0;RUA 69 CJ JOSE WALTER;;;90;;Colisão Transversal;Via Iluminada;Bom;Seca;Meio de Quadra;;;0;2;1;1;0;0;0;0;0;1;0;0;-38,554858;-3,831025
303684;24;12;2016;13:50;0;RD CE-040;;;;KM-10;Colisão;Luz do Dia;Bom;Seca;Meio de Quadra;;;0;0;2;1;0;0;0;0;0;0;0;0;-38,482466;-3,834451
303686;24;12;2016;14:20;0;RD CE-040;;;;KM-10;Colisão;Luz do Dia;Bom;Seca;Meio de Quadra;;;0;0;2;1;0;0;0;0;0;0;0;0;-38,482466;-3,834451
303688;24;12;2016;18:28;0;AV SEN CARLOS JEREISSATI (AEROPORTO);;;;KM 01;Atropelamento;Anoitecer;Bom;Seca;Meio de Quadra;;;0;1;1;1;0;0;0;0;0;0;0;0;-38,52685;-3,783753
303383;24;12;2016;00:42;0;RUA NEREU RAMOS;;;;;Colisão;;;;Meio de Quadra;;;0;3;0;0;0;0;0;0;0;0;0;0;;
303377;24;12;2016;08:35;1299;RUA ANTONIO AUGUSTO;RUA FIUZA DE PONTES;;;;Colisão;Luz do Dia;;;Cruz;Pare;Misto;0;1;1;1;0;0;0;0;0;1;0;0;-38,514739;-3,734379
303378;24;12;2016;07:07;0;AV ALBERTO CRAVEIRO;;;3300;;Queda;Luz do Dia;;;Meio de Quadra;;;0;1;0;0;0;0;0;0;0;1;0;0;;
303381;24;12;2016;03:26;0;RUA GERMANO FRANCK;;;1005;;Colisão;;;;Meio de Quadra;;;0;1;1;0;0;0;0;0;0;0;0;0;-38,564653;-3,779479
303209;24;12;2016;08:30;0;RUA GONCALVES LEDO;;;702;;Colisão Lateral;Luz do Dia;Bom;Seca;Meio de Quadra;Pare;Comercial;0;1;1;1;0;0;0;0;0;1;0;0;;
303314;24;12;2016;12:44;0;AV WASHINGTON SOARES;;;;;Colisão;Luz do Dia;;;Meio de Quadra;;;0;1;1;1;0;0;0;0;0;1;0;0;;
303311;24;12;2016;14:49;0;AV BEZERRA DE MENEZES;;;981;;Colisão;Luz do Dia;;;Meio de Quadra;;;0;1;1;1;0;0;0;0;0;1;0;0;-38,553318;-3,733367
303306;24;12;2016;15:41;0;AV PERIMETRAL;;;;;Queda;Luz do Dia;;;Meio de Quadra;;;0;1;0;0;0;0;0;0;0;1;0;0;;
303321;24;12;2016;12:32;17311;RUA ROMEU MARTINS;RUA JOAO FIRMINO;;;;Colisão;Luz do Dia;;;Cruz;Pare;Residencial;0;2;1;1;0;0;0;0;0;1;0;0;-38,555582;-3,764274
303322;24;12;2016;10:16;3121;AV LINEU MACHADO;RUA MARIA QUINTELA;;;;Colisão;Luz do Dia;;;;;;0;2;1;1;0;0;0;0;0;1;0;0;-38,583045;-3,777615
303323;24;12;2016;10:00;0;RUA PDE PEDRO DE ALENCAR;;;805;;Colisão;Luz do Dia;;;Meio de Quadra;;;0;1;1;1;0;0;0;0;0;1;0;0;-38,494156;-3,836214
303298;24;12;2016;15:48;0;RUA AFONSO LOPES;;;141;;Colisão;Luz do Dia;;;Meio de Quadra;;;0;1;1;1;0;0;0;0;0;1;0;0;-38,547085;-3,78939
303290;24;12;2016;18:13;0;AV SEN CARLOS JEREISSATI (AEROPORTO);;;;;Atropelamento;Anoitecer;;;Meio de Quadra;;;0;1;1;1;0;0;0;0;0;0;0;0;;
303291;24;12;2016;17:46;0;AV IMPERADOR;;;1750;;Atropelamento;Anoitecer;;;Meio de Quadra;;;0;1;1;0;1;0;0;0;0;0;0;0;-38,537259;-3,736637
303292;24;12;2016;17:43;0;RUA BENTO ALBUQUERQUE;;;170;;Colisão;Anoitecer;;;Meio de Quadra;;;0;1;1;1;0;0;0;0;0;1;0;0;-38,486703;-3,742623
303293;24;12;2016;15:53;0;AV FRANCISCO SA;;;4722;;Colisão;Luz do Dia;;;Meio de Quadra;;;0;1;1;1;0;0;0;0;0;1;0;0;-38,566769;-3,714207
303294;24;12;2016;15:53;0;AV GODOFREDO MACIEL;;;4358;;Queda;Luz do Dia;;;;;;0;2;0;0;0;0;0;0;0;1;0;0;-38,575118;-3,812956
303278;24;12;2016;22:02;0;AV SEN FERNANDES TAVORA;;;2881;;Choque c/ Obstáculo Fixo;;;;Meio de Quadra;;;0;1;0;1;0;0;0;0;0;0;0;0;-38,59803;-3,755172
303279;24;12;2016;22:02;0;RUA L CJ VILA VELHA;;;;;Colisão;;;;Meio de Quadra;;;0;1;1;0;0;0;0;0;0;0;0;0;;
303280;24;12;2016;20:31;20215;AV 02 DE MAIO UI 503;RUA D UI 503;;;;Colisão;;;;;;;0;1;1;1;0;0;0;0;0;1;0;0;-38,537723;-3,813939
303281;24;12;2016;21:15;0;RUA GERMANO FRANCK;;;1005;;Colisão;;;;Meio de Quadra;;;0;1;1;1;0;0;0;0;0;1;0;0;-38,564653;-3,779479
303282;24;12;2016;20:39;3336;RUA RIO GRANDE DO SUL;RUA VIRIATO RIBEIRO;;;;Colisão;;;;Cruz;Pare;Residencial;0;1;1;1;0;0;0;0;0;1;0;0;-38,561355;-3,750184
303283;24;12;2016;20:33;25345;RUA PORTO VELHO;RUA VITORIA (AV. PERIMETRAL);;;;Colisão;;;;Cruz;Semáforo;Comercial;0;1;1;1;0;0;0;0;0;1;0;0;-38,588528;-3,76517
303284;24;12;2016;19:50;0;RUA SILVA BAIMA;;;625;;Queda;;;;Meio de Quadra;;;0;2;0;0;0;0;0;0;0;1;0;0;-38,583931;-3,754886
303285;24;12;2016;19:34;0;RUA PRINCIPADO;;;1242;;Queda;;;;Meio de Quadra;;;0;1;0;0;0;0;0;0;0;1;0;0;;
303286;24;12;2016;19:12;0;AV PRS CASTELO BRANCO;;;;;Atropelamento;;;;Meio de Quadra;;;0;1;1;1;0;0;0;0;0;0;0;0;;
303287;24;12;2016;19:03;0;AV ODILON GUIMARAES;;;2027;;Colisão;;;;Meio de Quadra;;;0;1;1;0;0;0;0;0;0;1;0;0;-38,475886;-3,820579
303288;24;12;2016;18:25;0;AV GAL OSORIO DE PAIVA;;;;;Atropelamento;Anoitecer;;;Meio de Quadra;;;0;1;1;0;1;0;0;0;0;0;0;0;;
303195;25;12;2016;15:11;20939;RUA BENJAMIM CONSTANT;TR PRUDENTE DE MORAIS;;;;Colisão Transversal;Luz do Dia;Bom;Seca;T;Não Há Controle;Residencial;0;0;2;0;0;0;0;0;0;1;0;0;-38,567624;-3,749471
303700;25;12;2016;07:30;0;AV SEN CARLOS JEREISSATI (AEROPORTO);;;;KM 01;Capotamento;Luz do Dia;Bom;Seca;Meio de Quadra;;;0;2;0;1;0;0;0;0;0;0;0;0;-38,52685;-3,783753
303701;25;12;2016;14:40;0;RD CE-040;;;;KM-05;Colisão;Luz do Dia;Bom;Seca;Meio de Quadra;;;0;0;2;1;0;0;0;0;0;0;0;0;-38,480331;-3,791613
303702;25;12;2016;16:20;0;AV SEN CARLOS JEREISSATI (AEROPORTO);;;;KM 01;Colisão;Luz do Dia;Bom;Seca;Meio de Quadra;;;0;0;2;1;0;0;0;0;0;0;0;0;-38,52685;-3,783753
303149;25;12;2016;06:59;0;RUA JULIO VERNE;;;305;;Engavetamento;Amanhecer;Bom;Seca;Meio de Quadra;Não Há Controle;Residencial;0;0;3;1;0;0;0;0;0;0;0;0;-38,552289;-3,775624
303150;25;12;2016;06:40;0;AV PRS CASTELO BRANCO;;;5071;;Atropelamento;Luz do Dia;Bom;Seca;Meio de Quadra;Não Há Controle;Comercial;0;1;1;0;1;0;0;0;0;0;0;0;-38,577;-3,705065
303151;25;12;2016;09:09;0;AV MAJ ASSIS;AV L CJ NOVA ASSUNCAO;;0;;Colisão Transversal;Luz do Dia;Bom;Seca;Cruz;Pare;Residencial;0;0;1;1;0;0;0;0;0;0;0;0;;
303153;25;12;2016;19:29;25228;RUA MANUEL CASTELO BRANCO;RUA ANTONIO BARROS;;0;;Colisão Transversal;Via Iluminada;Bom;Seca;Cruz;Pare;Residencial;0;0;2;1;0;0;0;1;0;0;0;0;;
303154;25;12;2016;18:53;19669;RUA GUSTAVO SAMPAIO;RUA PRO RAIMUNDO ARRUDA;;0;;Colisão Transversal;Luz do Dia;Bom;Seca;Cruz;Pare;Residencial;0;0;2;1;0;0;0;0;0;0;0;0;-38,551915;-3,734328
303155;25;12;2016;19:14;0;RUA VERBENA;;;467;;Choque c/ Obstáculo Fixo;Via Iluminada;Bom;Seca;Meio de Quadra;Não Há Controle;Comercial;0;0;2;0;1;0;0;0;0;0;0;0;-38,588551;-3,780307
303156;25;12;2016;20:00;12954;AV PRS COSTA E SILVA;RUA BERNARDO MANUEL;;0;;Colisão Lateral;Via Iluminada;Bom;Seca;Meio de Quadra;Não Há Controle;Comercial;0;0;2;1;0;0;0;0;0;0;0;0;-38,558276;-3,821079
292597;25;12;2016;00:10;0;RUA 12 DE JULHO;;;290;;Atropelamento;;;;Meio de Quadra;;;1;0;1;0;0;0;0;0;0;1;0;0;-38,584623;-3,773646
299556;25;12;2016;13:42;0;AV SGT HERMINIO SAMPAIO;;;880;;Queda;Luz do Dia;;;Meio de Quadra;;;0;1;0;0;0;0;0;0;0;1;0;0;-38,548919;-3,724537
299557;25;12;2016;15:09;0;AV PLACIDO CASTELO;;;223;;Atropelamento;Luz do Dia;;;Meio de Quadra;;;0;1;1;0;0;0;0;0;0;1;0;0;;
299561;25;12;2016;16:30;0;RUA PDE FRANCISCO PITA;;;538;;Colisão;Luz do Dia;;;Meio de Quadra;;;0;1;1;0;0;0;0;0;0;0;0;0;-38,500925;-3,78121
299559;25;12;2016;15:11;0;AV ENG HUMBERTO MONTE;;;2810;;Queda;Luz do Dia;;;Meio de Quadra;;;0;1;0;0;0;0;0;0;0;1;0;0;-38,568824;-3,739037
299574;25;12;2016;17:59;0;AV CEL CARVALHO;;;;;Colisão;Anoitecer;;;Meio de Quadra;;;0;1;1;1;0;0;0;0;0;1;0;0;;
299575;25;12;2016;19:39;0;RUA AMERICO VESPUCIO;;;;;Colisão;;;;Meio de Quadra;;;0;1;1;0;0;0;0;0;0;0;0;0;;
299576;25;12;2016;19:42;0;RUA CEL FABRICIANO;;;2296;;Queda;;;;Meio de Quadra;;;0;1;0;0;0;0;0;0;0;1;0;0;-38,611328;-3,781803
299584;25;12;2016;20:19;0;AV I CJ JOSE WALTER;;;;;Colisão;;;;Meio de Quadra;;;0;1;1;0;0;0;0;0;0;0;0;0;;
299585;25;12;2016;20:32;0;RD BR 116;;;9955;PAU DE ARARA;Colisão;;;;Meio de Quadra;;;0;1;1;1;0;0;0;0;0;1;0;0;-38,504016;-3,832986
299582;25;12;2016;20:00;0;AV PERIMETRAL;;;7700;;Colisão;;;;Meio de Quadra;;;0;1;1;1;0;0;0;0;0;1;0;0;;
299540;25;12;2016;10:44;9614;RUA SGT JOAO PINHEIRO;RUA MARTINS CARVALHO;;;;Colisão;Luz do Dia;;;Cruz;Pare;Residencial;0;2;0;0;0;0;0;0;0;1;0;0;-38,624612;-3,78937
299537;25;12;2016;09:23;0;AV SGT HERMINIO SAMPAIO;;;3669;;Queda;Luz do Dia;;;Meio de Quadra;;;0;1;0;0;0;0;0;0;0;1;0;0;-38,573048;-3,729066
299538;25;12;2016;09:35;0;AV DIOGUINHO;;;4126;;Colisão Transversal;Luz do Dia;Bom;Seca;Cruz;Não Há Controle;Residencial;0;1;2;1;0;0;0;0;0;0;0;0;-38,448766;-3,750114
299542;25;12;2016;11:34;0;RUA CAP GUTEMBERG;;;419;;Queda;Luz do Dia;;;Meio de Quadra;;;0;1;0;0;0;0;0;0;0;1;0;0;;
299543;25;12;2016;12:05;0;RUA BARBACENA D68;;;298;;Queda;Luz do Dia;;;Meio de Quadra;;;0;1;0;0;0;0;0;0;0;1;0;0;-38,554987;-3,813527
299546;25;12;2016;12:22;0;AV JOVITA FEITOSA;;;3300;;Colisão;Luz do Dia;;;Meio de Quadra;;;0;1;1;1;0;0;0;0;0;1;0;0;-38,567299;-3,742856
299533;25;12;2016;07:45;0;AV PRS CASTELO BRANCO;;;;;Colisão;Luz do Dia;;;Meio de Quadra;;;0;1;1;1;0;1;0;0;0;0;0;0;;
299535;25;12;2016;07:49;3901;AV EDUARDO GIRAO;RUA JORGE DUMAR;;;;Colisão;Luz do Dia;;;Cruz;Semáforo;Comercial;0;1;1;1;0;0;0;0;0;1;0;0;-38,538695;-3,749691
299514;25;12;2016;04:12;0;AV PRS CASTELO BRANCO;;;;;Queda;;;;Meio de Quadra;;;0;1;1;0;0;0;0;0;0;1;0;0;;
299524;25;12;2016;05:54;0;AV PRS COSTA E SILVA;;;;JOSE WALTER;Queda;Amanhecer;;;Meio de Quadra;;;0;1;0;0;0;0;0;0;0;1;0;0;;
299525;25;12;2016;07:10;0;RUA VIRGILIO BRANDAO;;;768;;Atropelamento;Luz do Dia;;;Meio de Quadra;;;0;1;1;0;0;0;0;0;0;1;0;0;-38,596804;-3,755963
299526;25;12;2016;07:12;0;AV SEN VIRGILIO TAVORA;;;280;;Queda;Luz do Dia;;;Meio de Quadra;;;0;1;0;0;0;0;0;0;0;1;0;0;-38,491393;-3,731319
299518;25;12;2016;04:28;0;AV OLIVEIRA PAIVA;;;1206;;Choque c/ Obstáculo Fixo;;;;Meio de Quadra;;;0;1;0;1;0;0;0;0;0;0;0;0;-38,495533;-3,795388
299519;25;12;2016;04:40;0;RUA FRANCISCO LEANDRO;;;100;;Colisão;;;;Meio de Quadra;;;0;1;0;0;0;0;0;0;0;0;0;0;-38,482946;-3,82235
299520;25;12;2016;05:24;0;RUA PAULA FRANCINETE;;;301;;Queda;Amanhecer;;;Meio de Quadra;;;0;1;0;0;0;0;0;0;0;1;0;0;-38,517021;-3,795423
299510;25;12;2016;03:39;0;RUA AURELIANO LEAL;;;333;;Queda;;;;Meio de Quadra;;;0;1;0;0;0;0;0;0;0;1;0;0;;
299511;25;12;2016;03:48;0;AV AREIA BRANCA;;;209;;Colisão;;;;Meio de Quadra;;;0;2;1;1;0;0;0;0;0;1;0;0;;
299512;25;12;2016;04:10;0;AV GAL OSORIO DE PAIVA;;;;;Atropelamento;;;;Meio de Quadra;;;0;2;0;0;0;0;0;0;0;1;0;0;;
299480;25;12;2016;00:20;0;RUA GRITO DE ALERTA;;;;;Atropelamento;;;;Meio de Quadra;;;0;1;1;0;0;0;0;0;0;0;0;0;;
299481;25;12;2016;00:21;3031;RUA 12 DE JULHO;TR JORDANIA;;;;Atropelamento;;;;;;;0;3;0;0;0;0;0;0;0;1;0;0;-38,585128;-3,77463