COD_ACIDENTE;DIA;MES;ANO;HORA;INTERSECAO;LOG1;LOG2;LOG3;NUMERO;REFERENCIA;NATUREZA;ILUMINACAO;TEMPO;SUPERFICIEPISTA;TIPOCRUZAMENTO;CONTROLETRAFEGO;USOSOLO;MORTOS;FERIDOS;ILESOS;AUTOMOVEL;ONIBUS;BICICLETA;CAMINHAO;MICROONIBUS;CICLOMOTOR;MOTOCICLETA;TRACAOANIMAL;TREM;LONG;LAT
299472;25;12;2016;00:17;0;AV PAROARAS;;;196;;Colisão;;;;Meio de Quadra;;;0;1;1;0;0;0;0;0;0;0;0;0;-38,537158;-3,811853
299487;25;12;2016;01:11;0;RUA PRO HERIBALDO COSTA;;;925;;Colisão;;;;Meio de Quadra;;;0;1;1;1;0;0;0;0;0;1;0;0;-38,584236;-3,760723
299485;25;12;2016;01:02;0;RUA PEDESTRE IV;;;38;;Queda;;;;Meio de Quadra;;;0;1;0;0;0;0;0;0;0;1;0;0;;
299483;25;12;2016;00:22;0;RUA PEDRO SAMPAIO;;;976;;Queda;;;;Meio de Quadra;;;0;1;0;0;0;0;0;0;0;1;0;0;;
299476;25;12;2016;00:19;0;AV PRS COSTA E SILVA;;;4427;UPA (JOSE WALTER);Atropelamento;;;;Meio de Quadra;;;0;1;1;1;0;0;0;0;0;0;0;0;-38,540394;-3,825452
299499;25;12;2016;02:23;0;AV JOVITA FEITOSA;;;444;;Colisão;;;;Meio de Quadra;;;0;1;1;1;0;1;0;0;0;0;0;0;-38,547693;-3,738033
299507;25;12;2016;03:32;2706;RUA CEL VIRGILIO NOGUEIRA (BOM JARDIM);RUA OSCAR FRANCA;;;;Colisão;;;;Cruz;Pare;Outros;0;1;1;0;0;0;0;0;0;0;0;0;;
299492;25;12;2016;01:32;0;RUA VITAL BRASIL;;;;;Colisão;;;;Meio de Quadra;;;0;1;1;1;0;1;0;0;0;0;0;0;;
299493;25;12;2016;01:52;10759;RUA ARACAJU;RUA PORTO ALEGRE;;;;Colisão;;;;Cruz;Pare;Comercial;0;1;1;1;0;0;0;0;0;1;0;0;-38,588435;-3,761398
299489;25;12;2016;01:12;9700;RUA OSCAR ARARIPE;RUA BARRA VERMELHA;;;;Queda;;;;Cruz;Pare;Residencial;0;2;0;0;0;0;0;0;0;1;0;0;-38,614369;-3,786343
292947;25;12;2016;05:30;7001;ET SIQUEIRA;TR ESPERANCA;;;;Choque c/ Obstáculo Fixo;Luz do Dia;Bom;Seca;T;Outros;Residencial;0;1;0;1;0;0;0;0;0;0;0;0;-38,592305;-3,808929
292949;25;12;2016;01:30;9055;RUA ARTHUR TEMOTEO;AV VIS RIO BRANCO;;;;Colisão Transversal;Via Iluminada;Bom;Seca;Cruz;Pare;Comercial;0;2;1;1;0;0;0;0;0;1;0;0;-38,522164;-3,745349
292953;25;12;2016;21:00;0;AV EDILSON B SOARES;;;;;Colisão Frontal;Via Iluminada;Bom;Seca;Meio de Quadra;Pare;Residencial;0;0;2;1;0;0;0;0;0;1;0;0;;
292957;25;12;2016;02:10;15834;RUA CEL FRANCISCO PEREIRA (MESSEJANA);RUA TEN JURANDIR ALENCAR;;;;Colisão Transversal;Via Iluminada;Bom;Seca;Cruz;Semáforo Intermitente;Comercial;0;2;2;1;1;0;0;0;0;0;0;0;-38,492929;-3,831773
295794;25;12;2016;16:00;0;RUA PORTO VELHO;RUA BRI TORRES;;;;Colisão Transversal;Luz do Dia;Bom;Seca;Cruz;Pare;Residencial;0;1;3;1;0;0;0;0;0;0;0;0;-38,581592;-3,768875
295798;25;12;2016;20:50;0;AV DR SILAS MUNGUBA;;;;;Colisão;;;;Meio de Quadra;;;0;1;1;1;0;0;0;0;0;1;0;0;;
295786;25;12;2016;03:35;25158;AV WASHINGTON SOARES;AV ALM MAXIMIANO DA FONSECA;;;;Colisão;;;;Cruz;Semáforo;Escola;0;2;1;0;0;0;0;0;0;1;0;0;-38,482016;-3,771482
295790;25;12;2016;08:10;0;AV SEN CARLOS JEREISSATI (AEROPORTO);;;;KM 01;Choque c/ Obstáculo Fixo;Luz do Dia;;;Meio de Quadra;;;0;1;0;1;0;0;0;0;0;0;0;0;-38,52685;-3,783753
295808;26;12;2016;18:00;17430;RUA PRO TEODORICO;RUA EDITE BRAGA;;683;;Colisão Transversal;Luz do Dia;Bom;Seca;Cruz;Pare;Comercial;0;1;1;1;0;0;0;0;0;1;0;0;-38,553772;-3,768643
295829;26;12;2016;14:00;5455;RUA FLORIANO PEIXOTO;RUA ANTONIO POMPEU;;;;Colisão;Luz do Dia;;;Cruz;Pare;Comercial;0;1;1;1;0;0;0;0;0;1;0;0;-38,529685;-3,735086
292958;26;12;2016;17:05;1269;RUA PINTO MADEIRA;RUA ANTONIO AUGUSTO;;;;Colisão Lateral;;Bom;Seca;Cruz;Pare;Comercial;0;0;2;1;0;0;0;0;0;0;0;0;-38,51439;-3,733285
292959;26;12;2016;15:51;0;AV DOMINGOS OLIMPIO;;;1551;;Colisão Traseira;Luz do Dia;Bom;Seca;Meio de Quadra;Semáforo;Comercial;0;0;2;1;0;0;0;0;0;1;0;0;-38,537258;-3,734616
292962;26;12;2016;18:10;0;AV HIS RAIMUNDO GIRAO;;;1810;;Colisão Traseira;Anoitecer;Bom;Seca;Meio de Quadra;Semáforo;Residencial;0;0;2;1;0;0;0;0;0;1;0;0;;
292986;26;12;2016;20:00;24955;AV ALM HENRIQUE SABOIA;AV ANTONIO JUSTA;;;;Colisão Lateral;Mal Iluminada;Bom;Seca;T;;Residencial;0;0;2;0;0;0;1;0;0;0;0;0;-38,48235;-3,731616
292984;26;12;2016;23:45;14606;AV JOSE LEON;RUA GAL CAIADO DE CASTRO;;;;Colisão Transversal;Via Iluminada;Bom;Seca;T;Pare;Residencial;0;0;2;1;0;0;0;0;0;0;0;0;;
292978;26;12;2016;13:30;24508;AV MOZART PINHEIRO DE LUCENA;RUA TEN ELIEZER COSTA;;;;Colisão Transversal;Luz do Dia;Bom;Seca;Cruz;Não Há Controle;Residencial;0;1;1;1;0;0;0;0;0;1;0;0;-38,593183;-3,709635
292965;26;12;2016;14:00;1502;RUA MON CATAO;RUA DES LEITE ALBUQUERQUE;;;;Colisão Transversal;Luz do Dia;Nublado;Seca;Outros;Pare;Residencial;0;0;2;1;0;0;0;0;0;0;0;0;-38,490892;-3,73975
292967;26;12;2016;14:00;7983;AV JOAO PESSOA;RUA JOAO SORONGO;;;;Colisão Transversal;Luz do Dia;Bom;Seca;Cruz;Pare;Residencial;0;1;1;1;0;0;0;0;0;1;0;0;-38,546069;-3,748663
292973;26;12;2016;01:40;0;AV DR SILAS MUNGUBA;;;;;Colisão Traseira;Via Iluminada;Bom;Seca;Meio de Quadra;Não Há Controle;Comercial;0;1;1;1;0;0;0;0;0;0;0;0;;
292982;26;12;2016;02:30;0;RUA ANTONIO FIUZA;;;438;;Choque c/ Obstáculo Fixo;Via Iluminada;Bom;Seca;Meio de Quadra;Não Há Controle;Comercial;0;0;1;1;0;0;0;0;0;0;0;0;-38,553013;-3,772362
299637;26;12;2016;16:31;0;RUA DOM REGO MEDEIROS;;;;;Colisão;Luz do Dia;;;Meio de Quadra;;;0;1;1;1;0;0;0;0;0;1;0;0;;
299634;26;12;2016;16:28;35;RUA JOAQUIM LEITAO;RUA PEDRO MELO;;;;Colisão;Luz do Dia;;;Cruz;Pare;Residencial;0;1;1;0;0;0;0;0;0;1;0;0;-38,5921;-3,744174
299631;26;12;2016;16:18;0;AV AGUANAMBI;;;332;;Colisão;Luz do Dia;;;Meio de Quadra;;;0;1;0;0;0;0;0;0;0;1;0;0;-38,524882;-3,739839
299639;26;12;2016;17:41;17389;RUA ISAIE BORIS;RUA IRM BAZET;;;;Colisão;Anoitecer;;;Cruz;Não Há Controle;Comercial;0;1;1;1;0;0;0;0;0;1;0;0;-38,548585;-3,767093
299640;26;12;2016;18:04;0;AV ALBERTO CRAVEIRO;;;;;Queda;Anoitecer;;;Meio de Quadra;;;0;1;0;0;0;1;0;0;0;0;0;0;;
299641;26;12;2016;18:15;22930;RUA BERNARDO MANUEL;RUA LEAO TREZE;;72;;Colisão Lateral;Via Iluminada;Bom;Seca;Cruz;Semáforo;Comercial;0;1;3;1;0;0;0;0;0;1;0;0;-38,546723;-3,783394
299648;26;12;2016;19:05;0;RUA JOSE TORRES;;;833;;Atropelamento;;;;Meio de Quadra;;;0;2;0;0;0;0;0;0;0;1;0;0;;
299644;26;12;2016;18:35;0;AV DUQ CAXIAS;;;135;;Colisão Lateral;Via Iluminada;Bom;Seca;Meio de Quadra;Não Há Controle;Comercial;0;2;0;0;0;0;0;0;0;1;0;0;-38,525781;-3,73311
299645;26;12;2016;18:56;0;RUA ALBERTO MAGNO;;;1770;;Colisão;;;;Meio de Quadra;;;0;1;1;1;0;0;0;0;0;1;0;0;-38,552901;-3,769165
299671;26;12;2016;19:10;0;RUA DO MERCADO;;;973;;Colisão;;;;Meio de Quadra;;;0;2;0;0;0;0;0;0;0;0;0;0;;
299628;26;12;2016;16:14;0;RUA PRO ANACLETO;;;125;;Colisão;Luz do Dia;;;Meio de Quadra;;;0;1;1;0;0;0;0;0;0;1;0;0;;
299621;26;12;2016;16:10;0;RUA JOAO SORONGO;;;91;;Atropelamento;Luz do Dia;;;Meio de Quadra;;;0;1;1;1;0;0;0;0;0;0;0;0;-38,540885;-3,753332
299618;26;12;2016;14:48;0;AV PRO JOSE ARTHUR CARVALHO;;;310;;Queda;Luz do Dia;;;Meio de Quadra;;;0;1;0;0;0;1;0;0;0;0;0;0;-38,47638;-3,825971
299619;26;12;2016;15:36;0;AV GOV PARSIFAL BARROSO;;;;;Colisão;Luz do Dia;;;Meio de Quadra;;;0;1;1;0;0;0;0;0;0;1;0;0;;
299616;26;12;2016;14:42;0;RUA CIDADE ECOLOGICA;;;55;;Colisão;Luz do Dia;;;Meio de Quadra;;;0;1;1;1;0;0;0;0;0;1;0;0;;
299613;26;12;2016;14:33;0;RUA CON DE CASTRO;;;5170;;Colisão;Luz do Dia;;;Meio de Quadra;;;0;1;1;1;0;0;0;0;0;1;0;0;-38,594536;-3,807893
299611;26;12;2016;13:33;0;RUA DA COPAIBA;;;62;;Colisão;Luz do Dia;;;Meio de Quadra;;;0;1;1;1;0;0;0;0;0;1;0;0;-38,511001;-3,784495
299609;26;12;2016;13:15;0;AV GOV RAUL BARBOSA;;;;;Colisão;Luz do Dia;;;Meio de Quadra;;;0;1;1;1;0;0;0;0;0;1;0;0;;
299590;26;12;2016;10:28;7420;RUA MON HIPOLITO BRASIL;RUA CEL MATOS DOURADO;;;;Colisão;Luz do Dia;;;Cruz;Pare;Residencial;0;2;0;1;0;0;0;0;0;1;0;0;-38,583823;-3,756247
299591;26;12;2016;10:44;0;AV JOR THOMAZ COELHO;;;3173;;Colisão;Luz do Dia;;;Meio de Quadra;;;0;1;1;1;0;0;0;0;0;1;0;0;-38,523014;-3,82901
299592;26;12;2016;11:19;23430;RUA MON SALAZAR;RUA CAP MELO;;;;Colisão;Luz do Dia;;;Cruz;Semáforo;Misto;0;1;1;1;0;0;0;0;0;1;0;0;-38,51318;-3,756019
299593;26;12;2016;11:25;0;RUA DR AMBROSIO CARNEIRO;;;811;;Colisão;Luz do Dia;;;Meio de Quadra;;;0;1;1;1;0;0;0;0;0;1;0;0;;
299594;26;12;2016;11:27;0;AV JOSE BASTOS;;;3738;;Colisão;Luz do Dia;;;Meio de Quadra;;;0;1;1;1;0;0;0;0;0;1;0;0;-38,55161;-3,751151
299596;26;12;2016;12:13;0;AV PRS CASTELO BRANCO;;;5943;;Colisão;Luz do Dia;;;Meio de Quadra;;;0;1;1;1;0;0;0;0;0;1;0;0;-38,583688;-3,701957
299597;26;12;2016;12:54;0;AV PRS COSTA E SILVA;;;5217;RAMPA DO JANGURUSSU;Queda;Luz do Dia;;;Meio de Quadra;;;0;1;0;0;0;0;0;0;0;1;0;0;-38,533846;-3,828052
299588;26;12;2016;08:41;0;AV CONTORNO NORTE D71;;;1552;;Atropelamento;Luz do Dia;;;Meio de Quadra;;;0;1;1;1;0;0;0;0;0;0;0;0;-38,58969;-3,811536
299701;26;12;2016;23:12;0;RUA CAR ARCO VERDE;;;;;Atropelamento;;;;Meio de Quadra;;;0;1;1;1;0;0;0;0;0;0;0;0;;
299697;26;12;2016;22:18;6128;AV B CJ CEARA;RUA MIN ALBUQUERQUE LIMA;;;;Queda;;;;Cruz;Semáforo;Residencial;0;1;0;0;0;1;0;0;0;0;0;0;-38,607506;-3,768744
299683;26;12;2016;19:22;0;RUA EUCLIDES PAULINO BARROSO;RUA ELISA DE OLIVEIRA (CANINDEZINHO);;2234;;Colisão Lateral;Via Iluminada;Bom;Material Derrapante;Cruz;Não Há Controle;Residencial;0;0;3;1;0;0;0;0;0;1;0;0;;
299685;26;12;2016;19:48;0;RUA ISABEL FERREIRA;;;1000;;Colisão;;;;Meio de Quadra;;;0;2;1;1;0;0;0;0;0;1;0;0;;
299688;26;12;2016;20:43;0;AV SAPIRANGAS D59;;;844;;Queda;;;;Meio de Quadra;;;0;1;0;0;0;1;0;0;0;0;0;0;;
299689;26;12;2016;20:51;0;RUA NEREIDE;;;345;;Colisão;;;;Meio de Quadra;;;0;1;1;1;0;0;0;0;0;1;0;0;;
299692;26;12;2016;21:49;0;RUA SAO FRANCISCO D21;;;765;;Queda;;;;Meio de Quadra;;;0;1;0;0;0;0;0;0;0;1;0;0;;
299693;26;12;2016;21:51;0;RUA LEBOM MAIA;;;464;;Colisão;;;;Meio de Quadra;;;0;1;1;1;0;0;0;0;0;1;0;0;-38,579559;-3,785445
292599;26;12;2016;20:30;0;AV 02 DE MAIO UI 503;;;;;Colisão;;;;Meio de Quadra;;;1;0;1;0;0;0;0;0;0;1;0;0;-38,535774;-3,815259
292600;26;12;2016;10:50;10695;RUA MON HIPOLITO BRASIL;RUA PRO HERIBALDO COSTA;;;;Colisão Frontal;Luz do Dia;Nublado;Seca;Cruz;Semáforo Danificado;Residencial;1;0;1;0;0;0;0;0;0;1;0;0;-38,582275;-3,757069
303157;26;12;2016;06:00;1261;AV RUI BARBOSA;AV SANTOS DUMONT;;0;;Colisão Transversal;Luz do Dia;Bom;Seca;Cruz;Semáforo;Residencial;0;0;2;1;1;0;0;0;0;0;0;0;-38,508432;-3,732956
303158;26;12;2016;07:15;5213;RUA SENA MADUREIRA;RUA VIS SABOIA;;0;;Colisão Lateral;Luz do Dia;Chuva;Molhada;Cruz;Semáforo;Comercial;0;0;2;1;0;0;0;0;0;0;0;0;-38,525915;-3,726579
303159;26;12;2016;07:15;12836;AV DOMINGOS OLIMPIO;RUA BAR ARATANHA;;0;;Colisão Transversal;Luz do Dia;Bom;Seca;Cruz;Semáforo;Comercial;0;0;2;1;0;0;0;0;0;0;0;0;-38,527953;-3,737562
303160;26;12;2016;08:15;3168;RUA VERBENA;RUA CARLOS CHAGAS;;0;;Colisão Lateral;Luz do Dia;Nublado;Seca;Cruz;Pare;Comercial;0;2;0;1;0;0;0;0;0;1;0;0;-38,58826;-3,779273
303161;26;12;2016;08:15;0;AV AGUANAMBI;;;0;ROTATÓRIA;Colisão Lateral;Luz do Dia;Bom;Seca;Rotatória;Semáforo;Comercial;0;0;2;1;0;0;0;0;0;0;0;0;;
303162;26;12;2016;09:40;19539;RUA EQUADOR;AV DR SILAS MUNGUBA;;0;;Colisão Traseira;Luz do Dia;Bom;Seca;Cruz;Semáforo;Residencial;0;0;3;1;0;0;0;0;0;1;0;0;-38,555434;-3,782377
303164;26;12;2016;11:25;14588;RUA JOAO REGINO;AV EDILSON B SOARES;;0;;Colisão Transversal;Luz do Dia;Bom;Seca;Cruz;Pare;Comercial;0;1;1;1;0;0;0;0;0;1;0;0;-38,483001;-3,789663
303165;26;12;2016;13:11;15136;AV MON TABOSA;RUA ANTONIO AUGUSTO;;0;;Colisão Lateral;Luz do Dia;Bom;Seca;Cruz;Não Há Controle;Comercial;0;0;2;1;0;0;0;0;0;0;0;0;-38,511469;-3,724092
303703;26;12;2016;14:10;0;RD CE-040;;;;KM-01;Colisão;Luz do Dia;Bom;Seca;Meio de Quadra;;;0;0;2;1;1;0;0;0;0;0;0;0;-38,48666;-3,758119
303705;26;12;2016;16:50;0;RD CE-040;;;;KM-04;Colisão;Luz do Dia;Bom;Seca;Meio de Quadra;;;0;0;2;1;0;0;0;0;0;0;0;0;-38,481084;-3,782614
303166;26;12;2016;19:21;6125;AV I CJ CEARA;RUA 870 CJ CEARA;;0;;Colisão Transversal;Via Iluminada;Bom;Seca;T;Pare;Comercial;0;0;2;0;0;0;0;0;0;1;0;0;-38,597193;-3,768602
303167;26;12;2016;18:34;19730;RUA CRUZ SALDANHA;RUA DOM MANUEL DE MEDEIROS;;0;;Colisão Lateral;Luz do Dia;Bom;Seca;Cruz;Pare;Residencial;0;0;1;1;0;0;0;0;0;1;0;0;-38,553612;-3,73698
303168;26;12;2016;19:46;0;AV WENEFRIDO MELO;;;0;;Colisão Lateral;Anoitecer;Bom;Seca;Outros;Não Há Controle;Comercial;0;0;2;0;0;0;0;0;0;1;0;0;-38,578457;-3,808381
303169;26;12;2016;20:48;5739;RUA DES AVELAR;RUA VALTER DE CASTRO;;0;;Colisão Transversal;Via Iluminada;Bom;Seca;Cruz;Pare;Residencial;0;0;2;1;0;0;0;0;0;0;0;0;;
303170;27;12;2016;08:37;0;AV FRANCISCO SA;;;5090;;Colisão Traseira;Luz do Dia;Bom;Seca;Outros;Semáforo;Comercial;0;0;2;1;0;0;0;0;0;0;0;0;-38,569768;-3,713169
303171;27;12;2016;08:10;0;RUA AZEVEDO BOLAO;;;1011;;Colisão Transversal;Luz do Dia;Bom;Seca;Meio de Quadra;Não Há Controle;Residencial;0;0;2;1;0;0;0;0;0;1;0;0;-38,553348;-3,735759
303172;27;12;2016;09:18;0;AV CASTELO DE CASTRO;;;382;;Colisão Transversal;Luz do Dia;Bom;Seca;Meio de Quadra;Não Há Controle;Comercial;0;0;2;0;0;0;0;0;0;0;0;0;-38,521539;-3,832448
303173;27;12;2016;08:00;1516;AV PDE ANTONIO TOMAS;AV DES MOREIRA;;0;;Colisão Traseira;Luz do Dia;Bom;Seca;Meio de Quadra;Semáforo;Comercial;0;0;2;1;0;0;0;0;0;0;0;0;-38,499616;-3,740161
303175;27;12;2016;10:33;26083;AV BEZERRA DE MENEZES;AV JOSE JATAHY;;0;;Colisão Lateral;Luz do Dia;Bom;Seca;Cruz;Semáforo;Comercial;0;0;2;1;1;0;0;0;0;0;0;0;;
303176;27;12;2016;09:00;1333;RUA BARBOSA DE FREITAS;RUA MARIA TOMASIA;;0;;Colisão Transversal;Luz do Dia;Bom;Seca;Cruz;Pare;Comercial;0;1;1;1;0;0;0;0;0;0;0;0;-38,497042;-3,735546
303177;27;12;2016;11:50;25524;AV AUGUSTO DOS ANJOS;RUA LEBOM MAIA;;0;;Colisão Transversal;Luz do Dia;Bom;Seca;T;Pare;Escola;0;0;1;1;1;0;0;0;0;0;0;0;-38,58172;-3,783112
303178;27;12;2016;13:35;0;AV GAL OSORIO DE PAIVA;;;39;;Colisão Lateral;Luz do Dia;Bom;Seca;Meio de Quadra;Não Há Controle;Residencial;0;1;0;1;0;0;0;0;0;1;0;0;-38,562647;-3,772359
303179;27;12;2016;15:09;0;AV ENG ALBERTO SA;RUA JOSE CARLOS GURGEL NOGUEIRA;;0;;Colisão Lateral;Luz do Dia;Bom;Seca;Cruz;Semáforo;Comercial;0;0;2;1;0;0;0;0;0;0;0;0;-38,475012;-3,7348
303180;27;12;2016;17:04;0;AV HIS RAIMUNDO GIRAO;;;574;;Colisão Traseira;Luz do Dia;Bom;Seca;Meio de Quadra;Não Há Controle;Comercial;0;0;2;0;0;0;0;0;0;0;0;0;-38,510992;-3,720962
303181;27;12;2016;18:37;0;RUA PEROLINA DE MORAIS;;;257;;Colisão Lateral;Anoitecer;Bom;Seca;Não Informado;Não Há Controle;Residencial;0;0;2;1;0;0;0;0;0;0;0;0;;
303182;27;12;2016;14:20;0;AV FRANCISCO SA;;;3593;;Colisão Transversal;Luz do Dia;Bom;Seca;Meio de Quadra;Não Há Controle;Residencial;0;1;3;1;0;0;0;0;0;1;0;0;-38,557573;-3,717336
303189;27;12;2016;09:37;0;RUA BERNARDO MANUEL;;;8297;;Colisão Transversal;Luz do Dia;Bom;Seca;Meio de Quadra;Não Há Controle;Comercial;0;0;2;0;1;0;0;0;0;0;0;0;-38,549248;-3,791601
303706;27;12;2016;12:10;0;RD CE-040;;;;KM-08;Colisão;Luz do Dia;Bom;Seca;Meio de Quadra;;;0;0;2;1;0;0;0;0;0;0;0;0;-38,483033;-3,817159
303709;27;12;2016;17:20;0;RD CE-040;;;;KM-01;Colisão;Anoitecer;Bom;Seca;Meio de Quadra;;;0;0;2;1;0;0;0;0;0;0;0;0;-38,48666;-3,758119
303746;27;12;2016;23:30;0;AV MIN JOSE AMERICO;;;;;Colisão;;Bom;Seca;Meio de Quadra;;;0;0;2;1;0;0;0;0;0;0;0;0;;
292602;27;12;2016;07:20;19935;RUA FRANCISCO LORDA;RUA JORGE ACURCIO;;;;Colisão Lateral;Luz do Dia;Bom;Seca;Cruz;Pare;Residencial;1;1;0;0;1;0;0;0;0;1;0;0;-38,530533;-3,762325
299710;27;12;2016;06:46;0;AV SGT HERMINIO SAMPAIO;;;3581;;Atropelamento;Luz do Dia;;;Meio de Quadra;;;0;1;1;0;0;0;0;0;0;1;0;0;-38,572563;-3,728864
299708;27;12;2016;04:18;0;AV DOM MANUEL;;;1803;;Queda;;;;Meio de Quadra;;;0;1;0;0;0;0;0;0;0;1;0;0;-38,523936;-3,736797
299738;27;12;2016;12:38;25072;AV DOS EXPEDICIONARIOS;RUA VICENTE SPINDOLA;;;;Colisão;Luz do Dia;;;Cruz;Pare;Residencial;0;1;1;1;0;0;0;0;0;1;0;0;-38,542084;-3,767922
299739;27;12;2016;14:13;0;AV COS GOMES DE FREITAS (SAPIRANGA/COITE);;;339;;Colisão;Luz do Dia;;;Meio de Quadra;;;0;1;1;1;0;0;0;0;0;1;0;0;;
299736;27;12;2016;12:17;0;RUA 838 CJ CEARA;;;71;;Colisão;Luz do Dia;;;Meio de Quadra;;;0;1;1;1;0;0;0;0;0;1;0;0;-38,604184;-3,770254
299734;27;12;2016;11:42;10995;RUA 15 DE NOVEMBRO;RUA ALM RUBIM;;484;;Colisão Transversal;Luz do Dia;Bom;Seca;Cruz;Pare;Comercial;0;2;2;1;0;0;0;0;0;1;0;0;-38,555939;-3,768907
299731;27;12;2016;10:38;18244;AV DIOGUINHO;AV SALUSTIO DE PINHO;;;;Colisão;Luz do Dia;;;Meio de Quadra;Gesto;Residencial;0;1;1;1;0;0;0;0;0;1;0;0;-38,447809;-3,752084
299714;27;12;2016;09:44;0;AV TRISTAO GONCALVES;;;;;Queda;Luz do Dia;;;Meio de Quadra;;;0;1;0;0;0;0;0;0;0;1;0;0;;
299717;27;12;2016;09:44;0;RUA TAUBATE;;;301;;Colisão;Luz do Dia;;;Meio de Quadra;;;0;1;1;0;0;0;0;0;0;0;0;0;;
299718;27;12;2016;09:50;0;RUA SEIS COMPANHEIROS;;;438;;Atropelamento;Luz do Dia;;;Meio de Quadra;;;0;1;1;0;0;0;0;0;0;1;0;0;-38,576805;-3,704442
299719;27;12;2016;09:58;10853;RUA PORTO VELHO;RUA PRO MIRAMAR DA PONTE;;;;Colisão Transversal;Luz do Dia;Bom;Seca;Cruz;Dê Preferência;Residencial;0;2;1;1;0;0;0;0;0;1;0;0;-38,58778;-3,765567
299722;27;12;2016;10:08;0;AV CARAPINIMA;;;;;Colisão;Luz do Dia;;;Meio de Quadra;;;0;1;1;1;0;0;0;0;0;1;0;0;;
299728;27;12;2016;10:30;0;AV DA INDEPENDENCIA;;;1106;;Colisão;Luz do Dia;;;Meio de Quadra;;;0;1;1;1;0;0;0;0;0;1;0;0;-38,590535;-3,727034
299725;27;12;2016;10:14;0;AV DES FAUSTINO ALBUQUERQUE;;;853;;Colisão;Luz do Dia;;;Meio de Quadra;;;0;1;1;1;0;0;0;0;0;1;0;0;-38,499773;-3,786992
299866;27;12;2016;14:24;0;AV PRS CASTELO BRANCO;;;;;Colisão Traseira;Luz do Dia;Bom;Seca;Outros;Não Há Controle;Comercial;0;3;1;1;0;0;0;0;0;1;0;0;;
299870;27;12;2016;15:51;0;AV I CJ CEARA;;;1577;;Queda;Luz do Dia;;;Meio de Quadra;;;0;1;0;0;0;0;0;0;0;1;0;0;;
299874;27;12;2016;16:21;13771;AV PINTO BANDEIRA D56;RUA LUIZA MIRANDA COELHO;;;;Colisão;Luz do Dia;;;Cruz;Pare;Comercial;0;1;1;1;0;0;0;0;0;1;0;0;-38,487283;-3,774929
299901;27;12;2016;17:34;0;AV TEN LISBOA;;;1900;;Colisão;Anoitecer;;;Meio de Quadra;;;0;1;1;1;0;0;0;0;0;1;0;0;;
299899;27;12;2016;17:07;0;AV ABOLICAO;;;3790;PAO DE ACUCAR;Colisão;Anoitecer;;;Meio de Quadra;;;0;1;1;1;0;0;0;0;0;1;0;0;-38,48622;-3,72584
299896;27;12;2016;16:42;0;AV MOZART PINHEIRO DE LUCENA;;;2646;;Colisão Transversal;Luz do Dia;Bom;Seca;Outros;Não Há Controle;Comercial;0;1;2;0;0;0;0;0;0;1;0;0;-38,59824;-3,727195
299931;27;12;2016;18:47;0;AV MR HULL;;;;;Atropelamento;;;;Meio de Quadra;;;0;1;1;0;0;1;0;0;0;0;0;0;;
299921;27;12;2016;18:45;0;AV ANTONIO SALES;;;445;;Atropelamento;;;;Meio de Quadra;;;0;1;1;1;0;0;0;0;0;0;0;0;-38,517989;-3,740612
299916;27;12;2016;18:30;0;RUA MIGUEL GURGEL;;;;;Queda;Anoitecer;;;Meio de Quadra;;;0;1;0;0;0;0;0;0;0;1;0;0;;
299911;27;12;2016;18:24;0;RUA ANDRE REBOUCAS;;;225;;Colisão Transversal;Via Iluminada;Bom;Seca;T;Não Há Controle;Comercial;0;3;2;1;0;0;0;0;0;1;0;0;-38,590282;-3,775226
299908;27;12;2016;18:05;0;RUA 28 DE AGOSTO UI 503;;;1195;;Colisão;Anoitecer;;;Meio de Quadra;;;0;1;1;1;0;0;0;0;0;1;0;0;;
299909;27;12;2016;18:24;0;AV ENG HUMBERTO MONTE;;;245;;Colisão;Anoitecer;;;Meio de Quadra;;;0;1;1;1;0;0;0;0;0;1;0;0;;
299904;27;12;2016;17:56;0;RUA DES HERMES PARAHYBA;;;1017;;Queda;Anoitecer;;;Meio de Quadra;;;0;1;0;0;0;0;0;0;0;1;0;0;-38,593114;-3,712656
299954;27;12;2016;23:13;0;RUA BAR CANINDE;;;;;Colisão;;;;Meio de Quadra;;;0;1;1;1;0;0;0;0;0;1;0;0;;
299944;27;12;2016;19:01;0;AV CORA CORALINA;;;669;;Queda;;;;Meio de Quadra;;;0;1;0;0;0;0;0;0;0;1;0;0;;
299945;27;12;2016;21:07;0;RUA VALPARAISO;;;;;Queda;;;;Meio de Quadra;;;0;1;0;0;0;0;0;0;0;1;0;0;;
299946;27;12;2016;22:08;0;RUA VALPARAISO;;;1430;;Colisão;;;;Meio de Quadra;;;0;1;1;1;0;0;0;0;0;1;0;0;-38,533596;-3,837799
292968;27;12;2016;08:00;6274;AV C CJ CEARA;RUA 1078 CJ CEARA;;;;Colisão Transversal;Luz do Dia;Bom;Seca;T;;Residencial;0;0;2;1;0;0;0;0;0;1;0;0;;