COD_ACIDENTE;DIA;MES;ANO;HORA;INTERSECAO;LOG1;LOG2;LOG3;NUMERO;REFERENCIA;NATUREZA;ILUMINACAO;TEMPO;SUPERFICIEPISTA;TIPOCRUZAMENTO;CONTROLETRAFEGO;USOSOLO;MORTOS;FERIDOS;ILESOS;AUTOMOVEL;ONIBUS;BICICLETA;CAMINHAO;MICROONIBUS;CICLOMOTOR;MOTOCICLETA;TRACAOANIMAL;TREM;LONG;LAT
292998;27;12;2016;10:30;4251;AV FRANCISCO SA;RUA MARIO STUDART;;;;Colisão Frontal;Luz do Dia;Bom;Seca;T;Pare;Comercial;0;1;1;1;0;0;0;0;0;1;0;0;-38,550501;-3,71968
292993;27;12;2016;07:20;0;AV VIS RIO BRANCO;;;;;Colisão Traseira;Luz do Dia;Nublado;Seca;Meio de Quadra;Semáforo;Comercial;0;0;2;1;1;0;0;0;0;0;0;0;;
292990;27;12;2016;21:00;0;AV VICENTE DE CASTRO;;;5151;;Outros;Via Iluminada;Bom;Molhada;Meio de Quadra;Não Há Controle;Industrial;0;0;1;1;0;0;0;0;0;0;0;0;-38,475204;-3,717632
292963;27;12;2016;06:30;19611;AV GODOFREDO MACIEL;RUA NEREU RAMOS;;;;Colisão Traseira;Luz do Dia;Bom;Seca;T;Semáforo;Comercial;0;0;2;0;0;0;0;1;0;0;0;0;-38,566802;-3,78725
293130;27;12;2016;06:30;12521;AV AUGUSTO DOS ANJOS;RUA JULIO BRAGA;;;;Colisão Traseira;Luz do Dia;Bom;Seca;Cruz;Semáforo;Comercial;0;0;2;1;0;0;0;0;0;0;0;0;-38,576193;-3,776779
293128;27;12;2016;21:00;0;RUA CON DE CASTRO;;;5680;;Colisão Lateral;Via Iluminada;Bom;Seca;Meio de Quadra;Pare;Comercial;0;1;1;1;0;0;0;0;0;1;0;0;-38,598192;-3,813368
293120;27;12;2016;19:00;15227;AV ABOLICAO;AV DES MOREIRA;;;;Colisão Lateral;Via Iluminada;Bom;Seca;Cruz;Semáforo;Comercial;0;0;2;1;0;0;0;0;0;0;0;0;-38,495474;-3,727331
293007;27;12;2016;20:00;0;RUA BATISTA DE OLIVEIRA;;;;;Colisão Lateral;Via Iluminada;Bom;Seca;Meio de Quadra;;Comercial;0;1;1;1;0;0;0;0;0;1;0;0;;
295832;27;12;2016;23:00;0;AV IMPERADOR;;;1463;;Colisão Traseira;Via Iluminada;Bom;Seca;Outros;Semáforo;Escola;0;0;3;1;0;0;0;0;0;0;0;0;-38,536449;-3,733975
295835;27;12;2016;20:08;0;RUA JULIO BRAGA;;;1824;;Colisão Traseira;Via Iluminada;Bom;Seca;Cruz;Pare;Comercial;0;1;2;1;0;0;0;0;0;1;0;0;-38,586442;-3,773812
296056;27;12;2016;00:20;0;RD BR 116;;;14000;KM-14;Queda;Luz do Dia;;;Meio de Quadra;;;0;2;0;0;0;0;0;0;0;1;0;0;-38,499242;-3,873523
295841;28;12;2016;20:00;21060;RUA PERNAMBUCO;RUA STO AMARO DO PICI;;;;Colisão;;;;T;Não Há Controle;Residencial;0;1;1;0;0;0;0;0;0;1;0;0;-38,577179;-3,752417
295838;28;12;2016;09:50;4562;RUA PDE PAULINO;RUA TIBURCIO PEREIRA;;618;;Colisão Transversal;Luz do Dia;Nublado;Seca;Cruz;Pare;Residencial;0;1;1;1;0;0;0;0;0;0;0;0;-38,508142;-3,797721
295839;28;12;2016;15:50;10863;RUA PRO HERIBALDO COSTA;RUA PORTO VELHO;;;;Colisão Transversal;Luz do Dia;Bom;Seca;Cruz;Semáforo;Comercial;0;1;3;1;0;0;0;0;1;0;0;0;-38,587014;-3,765974
293008;28;12;2016;09:00;0;AV JOVITA FEITOSA;;;62;;Engavetamento;Luz do Dia;Nublado;Seca;Meio de Quadra;Semáforo Intermitente;Comercial;0;0;4;1;0;0;0;0;0;0;0;0;-38,544668;-3,737421
293005;28;12;2016;12:33;15363;RUA FREDERICO BORGES;RUA REPUBLICA DO LIBANO;;;;Colisão Lateral;Luz do Dia;Bom;Seca;Cruz;Pare;Comercial;0;2;1;1;0;0;0;0;0;1;0;0;-38,489208;-3,733723
293000;28;12;2016;07:30;0;AV DR SILAS MUNGUBA;;;;;Queda;Luz do Dia;Chuva;Molhada;Meio de Quadra;Outros;Comercial;0;1;0;0;0;0;0;0;0;1;0;0;;
293002;28;12;2016;15:35;0;AV GAL OSORIO DE PAIVA;RUA OSCAR ARARIPE;;;;Colisão Traseira;Luz do Dia;Bom;Seca;Meio de Quadra;;;0;1;2;0;1;0;0;0;0;1;0;0;-38,591823;-3,794165
293013;28;12;2016;13:10;15227;AV ABOLICAO;AV DES MOREIRA;;;;Colisão Lateral;Luz do Dia;Bom;Seca;Cruz;Semáforo;Comercial;0;0;2;1;0;0;0;0;0;0;0;0;-38,495474;-3,727331
293010;28;12;2016;13:20;17292;RUA SATIRO DIAS;RUA QUEIROZ RIBEIRO;;;;Colisão Transversal;Luz do Dia;Bom;Seca;Cruz;Pare;Residencial;0;0;2;1;0;0;0;0;0;0;0;0;-38,546118;-3,763284
293011;28;12;2016;14:00;0;RUA NELSON COELHO;;;295;;Colisão Lateral;Luz do Dia;Bom;Seca;Meio de Quadra;Não Há Controle;Comercial;0;1;2;1;0;0;0;0;0;1;0;0;-38,463646;-3,828397
292985;28;12;2016;18:50;12954;RUA BERNARDO MANUEL;AV DOS EXPEDICIONARIOS;;;;Choque c/ Obstáculo Fixo;Via Iluminada;Bom;Seca;Cruz;Não Há Controle;Comercial;0;1;1;1;0;0;0;0;0;0;0;0;;
292969;28;12;2016;20:05;0;AV AUGUSTO DOS ANJOS;;;2185;;Colisão Lateral;Via Iluminada;Bom;Seca;Meio de Quadra;Outros;Comercial;0;1;1;1;0;0;0;0;0;1;0;0;-38,583327;-3,784992
292972;28;12;2016;06:55;3387;AV ENG HUMBERTO MONTE;RUA MON FURTADO;;;;Colisão Traseira;Luz do Dia;Nublado;Molhada;Cruz;Pare;Comercial;0;0;2;1;1;0;0;0;0;0;0;0;-38,556153;-3,754242
299962;28;12;2016;00:12;9094;AV SORIANO ALBUQUERQUE;AV VIS RIO BRANCO;;;;Colisão Transversal;Via Iluminada;Bom;Seca;Cruz;Semáforo;Comercial;0;0;3;1;0;0;0;0;0;1;0;0;-38,521682;-3,747601
299965;28;12;2016;01:08;0;AV WASHINGTON SOARES;;;;;Colisão;;;;Meio de Quadra;;;0;1;1;0;0;0;0;0;0;0;0;0;;
299976;28;12;2016;07:08;0;AV JOR JOAO RAMOS;;;2156;;Colisão;Luz do Dia;;;Meio de Quadra;;;0;1;1;1;0;0;0;0;0;1;0;0;;
299970;28;12;2016;06:26;0;AV DR SILAS MUNGUBA;;;;;Queda;Luz do Dia;;;Meio de Quadra;;;0;1;0;0;0;0;0;0;0;1;0;0;;
299971;28;12;2016;06:30;0;AV FRE CIRILO;;;4510;;Queda;Luz do Dia;;;Meio de Quadra;;;0;1;0;0;0;0;0;0;0;1;0;0;-38,495002;-3,822852
299972;28;12;2016;06:55;0;AV CARNEIRO DE MENDONCA;;;415;;Queda;Luz do Dia;;;Meio de Quadra;;;0;1;0;0;0;0;0;0;0;1;0;0;-38,563085;-3,765858
300084;28;12;2016;18:12;0;AV SEN CARLOS JEREISSATI (AEROPORTO);;;3000;AEROPORTO;Colisão;Anoitecer;;;Meio de Quadra;;;0;1;1;0;0;0;0;0;0;0;0;0;-38,541414;-3,780382
300085;28;12;2016;18:26;0;RUA COSTA FREIRE;;;2082;;Outros;Anoitecer;;;Meio de Quadra;;;0;1;0;0;0;0;0;0;0;1;0;0;-38,58857;-3,796592
300086;28;12;2016;18:48;10740;RUA AUDISIO PINHEIRO;RUA PORTO ALEGRE;;;;Colisão;;;;Cruz;Pare;Residencial;0;1;1;1;0;1;0;0;0;0;0;0;-38,589942;-3,760602
300089;28;12;2016;19:54;0;RUA CEL MATOS DOURADO;;;745;;Queda;;;;Meio de Quadra;;;0;1;0;0;0;0;0;0;0;1;0;0;-38,584858;-3,74542
300090;28;12;2016;20:30;0;AV MR HULL;;;;;Queda;;;;Meio de Quadra;;;0;1;0;0;0;1;0;0;0;0;0;0;;
300091;28;12;2016;21:46;0;AV GODOFREDO MACIEL;;;4773;;Colisão;;;;Meio de Quadra;;;0;1;1;1;0;0;0;0;0;1;0;0;-38,574855;-3,817632
300057;28;12;2016;13:30;0;RUA ENG LUIS MONTENEGRO;;;349;;Colisão;Luz do Dia;;;Meio de Quadra;;;0;1;1;0;0;0;1;0;0;1;0;0;;
300061;28;12;2016;15:32;0;AV DR THEBERGE;;;1516;;Colisão;Luz do Dia;;;Meio de Quadra;;;0;1;1;1;0;0;0;0;0;1;0;0;;
300065;28;12;2016;15:35;0;AV MR HULL;;;;;Colisão;Luz do Dia;;;Meio de Quadra;;;0;1;1;0;0;0;1;0;0;1;0;0;;
300072;28;12;2016;16:31;0;RUA BERNARDO MANUEL;;;10919;PRAÇA DO ITAPERY;Colisão;Luz do Dia;;;Meio de Quadra;;;0;2;0;0;0;0;0;0;0;0;0;0;-38,556217;-3,814481
300097;28;12;2016;22:32;0;AV DOS EXPEDICIONARIOS;;;5216;;Colisão;;;;Meio de Quadra;;;0;1;1;0;0;0;0;0;0;1;0;0;-38,541523;-3,766074
300094;28;12;2016;22:08;0;AV MOZART PINHEIRO DE LUCENA;;;840;;Atropelamento;;;;Meio de Quadra;;;0;1;1;0;0;0;0;0;0;1;0;0;-38,593358;-3,710233
300080;28;12;2016;16:52;0;AV PRS CASTELO BRANCO;;;;;Atropelamento;Luz do Dia;;;Meio de Quadra;;;0;1;1;1;0;0;0;0;0;0;0;0;;
300041;28;12;2016;10:48;0;RUA SAO FIDELIS D71;;;725;;Atropelamento;Luz do Dia;;;Meio de Quadra;;;0;1;1;1;0;0;0;0;0;0;0;0;;
300044;28;12;2016;11:00;0;AV N CJ JOSE WALTER;;;370;;Queda;Luz do Dia;;;Meio de Quadra;;;0;1;0;0;0;0;0;0;0;1;0;0;;
300037;28;12;2016;09:07;0;AV JOVITA FEITOSA;;;342;;Queda;Luz do Dia;;;Meio de Quadra;;;0;1;0;0;0;0;0;0;0;1;0;0;-38,54686;-3,737871
300053;28;12;2016;11:37;0;RUA MON FURTADO;;;2450;;Colisão;Luz do Dia;;;Meio de Quadra;;;0;1;1;1;0;0;0;0;0;1;0;0;-38,558708;-3,756763
300048;28;12;2016;11:25;13189;AV L CJ JOSE WALTER;RUA 58 CJ JOSE WALTER;;;;Colisão;Luz do Dia;;;;;;0;1;1;1;0;0;0;0;0;1;0;0;-38,558142;-3,833174
300046;28;12;2016;11:06;0;RUA ANTONIO MONTEIRO;;;1452;;Queda;Luz do Dia;;;Meio de Quadra;;;0;1;0;0;0;1;0;0;0;0;0;0;;
300030;28;12;2016;08:18;1547;AV DES MOREIRA;RUA CAROLINA SUCUPIRA;;;;Queda;Luz do Dia;;;Cruz;Semáforo;Comercial;0;1;0;0;0;0;0;0;0;1;0;0;-38,499948;-3,741192
300027;28;12;2016;08:18;0;RD BR 116;;;;;Queda;Luz do Dia;;;Meio de Quadra;;;0;1;0;0;0;0;0;0;0;1;0;0;;
300024;28;12;2016;08:10;0;AV JOVITA FEITOSA;;;2680;;Colisão;Luz do Dia;;;Meio de Quadra;;;0;1;1;0;0;0;0;0;0;0;0;0;-38,56114;-3,740797
300021;28;12;2016;08:09;0;AV MOZART PINHEIRO DE LUCENA;;;1711;;Colisão;Luz do Dia;;;Meio de Quadra;;;0;1;1;1;0;0;0;0;0;1;0;0;-38,5956;-3,717925
300018;28;12;2016;08:02;9154;AV 13 DE MAIO;RUA MARTINHO RODRIGUES;;;;Colisão;Luz do Dia;;;Cruz;Pare;Comercial;0;1;1;1;0;0;0;0;0;1;0;0;-38,525221;-3,752832
300019;28;12;2016;08:08;19688;RUA AZEVEDO BOLAO;RUA PRO RAIMUNDO ARRUDA;;;;Queda;Luz do Dia;;;Cruz;Pare;Residencial;0;1;0;0;0;0;0;0;0;1;0;0;-38,551701;-3,735414
299983;28;12;2016;07:34;0;AV DR SILAS MUNGUBA;;;4757;;Colisão;Luz do Dia;;;Meio de Quadra;;;0;2;1;1;0;0;0;0;0;1;0;0;-38,53326;-3,794895
299981;28;12;2016;07:31;0;RUA SGT JOAO PINHEIRO;;;1359;;Colisão;Luz do Dia;;;Meio de Quadra;;;0;1;1;1;0;0;0;0;0;1;0;0;-38,623449;-3,785166
299978;28;12;2016;07:28;19721;RUA AMADEU FURTADO;RUA GUSTAVO SAMPAIO;;;;Colisão;Luz do Dia;;;Cruz;Não Há Controle;Residencial;0;4;0;0;0;0;0;0;0;1;0;0;-38,563828;-3,736786
303747;28;12;2016;17:00;0;RD CE-040;;;;KM-11;Colisão;Anoitecer;Bom;Seca;Meio de Quadra;;;0;0;2;1;0;0;1;0;0;0;0;0;-38,480883;-3,842577
303748;28;12;2016;18:00;0;AV SEN CARLOS JEREISSATI (AEROPORTO);;;;KM 03;Colisão;Anoitecer;Bom;Seca;Meio de Quadra;;;0;0;2;1;0;0;0;0;0;0;0;0;-38,544038;-3,779641
303749;28;12;2016;18:10;0;AV SEN CARLOS JEREISSATI (AEROPORTO);;;;KM 01;Choque c/ Obstáculo Fixo;Anoitecer;Bom;Seca;Meio de Quadra;;;0;1;1;1;0;0;0;0;0;1;0;0;-38,52685;-3,783753
303751;28;12;2016;21:20;0;AV MIN JOSE AMERICO;;;;;Colisão;;Bom;Seca;Meio de Quadra;;;0;0;2;1;0;0;0;0;0;0;0;0;;
303190;28;12;2016;18:50;0;RUA BERNARDO MANUEL;;;7168;;Engavetamento;Anoitecer;Bom;Seca;Meio de Quadra;Não Há Controle;Comercial;0;0;3;1;0;0;0;0;0;0;0;0;-38,545955;-3,780849
303191;28;12;2016;17:40;0;RUA MALMEQUER;;;555;;Colisão Lateral;Via Iluminada;Bom;Seca;Meio de Quadra;Não Há Controle;Comercial;0;0;2;1;1;0;0;0;0;0;0;0;-38,538751;-3,791544
303192;28;12;2016;19:13;1351;RUA DES LEITE ALBUQUERQUE;RUA TIBURCIO CAVALCANTE;;0;;Colisão Lateral;Anoitecer;Bom;Seca;Cruz;Pare;Residencial;0;0;2;1;0;0;0;0;0;0;0;0;-38,502587;-3,735956
303193;28;12;2016;19:12;0;AV H CJ CEARA;;;2476;;Colisão Lateral;Via Iluminada;Bom;Seca;T;Pare;Residencial;0;0;2;1;0;0;0;0;0;0;0;0;-38,621462;-3,777076
303196;28;12;2016;20:19;24257;RUA TAVARES COUTINHO;RUA MANUEL JESUINO;;0;;Colisão Transversal;Via Iluminada;Bom;Seca;Cruz;Semáforo;Residencial;0;0;1;1;0;0;0;0;0;1;0;0;-38,484965;-3,7325
303197;28;12;2016;20:34;15366;RUA PEREIRA VALENTE;RUA PRO DIAS DA ROCHA;;0;;Colisão Lateral;Via Iluminada;Bom;Seca;Cruz;Pare;Comercial;0;0;2;1;0;0;0;0;0;0;0;0;-38,491243;-3,734132
303198;28;12;2016;20:33;0;AV I CJ CEARA;RUA 818 CJ CEARA;;0;;Colisão Lateral;Via Iluminada;Bom;Seca;Cruz;Pare;Comercial;0;0;2;1;0;0;0;0;0;0;0;0;-38,601152;-3,766922
303199;28;12;2016;21:25;5039;AV ALBERTO NEPOMUCENO;RUA ADOLFO CAMINHA;;0;;Colisão Lateral;Via Iluminada;Bom;Seca;Cruz;Semáforo;Comercial;0;0;2;1;0;0;0;0;0;0;0;0;-38,523212;-3,721257
303241;28;12;2016;00:10;0;AV ABOLICAO;;;2308;;Colisão Traseira;Via Iluminada;Bom;Seca;Não Informado;Não Há Controle;Comercial;0;0;1;1;0;0;0;0;0;0;0;0;-38,498357;-3,726398
303183;28;12;2016;05:45;17390;RUA ALM RUBIM;RUA ELVIRA PINHO;;0;;Colisão Transversal;Luz do Dia;Nublado;Molhada;Cruz;Pare;Escola;0;0;2;1;0;0;0;0;0;0;0;0;-38,555324;-3,76726
303184;28;12;2016;08:15;7837;RUA TOMAS ACIOLI;RUA OSVALDO CRUZ (ALDEOTA);;0;;Colisão Transversal;Luz do Dia;Nublado;Molhada;Cruz;Pare;Residencial;0;0;2;1;0;0;0;0;0;0;0;0;-38,50397;-3,746886
303185;28;12;2016;08:15;6817;RUA FRANCISCO MATOS;RUA BENTO ALBUQUERQUE;;0;;Colisão Transversal;Luz do Dia;Nublado;Molhada;Não Informado;Pare;Residencial;0;0;2;1;0;0;0;0;0;1;0;0;-38,470436;-3,747862
303186;28;12;2016;07:55;0;AV SGT HERMINIO SAMPAIO;;;797;;Colisão Traseira;Luz do Dia;Chuva;Molhada;Meio de Quadra;Não Há Controle;Comercial;0;0;2;1;0;0;0;0;0;0;0;0;-38,547885;-3,72455
303187;28;12;2016;13:25;1572;RUA VICENTE LINHARES;AV DES MOREIRA;;0;;Colisão Traseira;Luz do Dia;Bom;Seca;Cruz;Semáforo;Comercial;0;0;2;1;0;0;0;0;0;0;0;0;-38,500253;-3,742153
303188;28;12;2016;13:52;5246;RUA PEREIRA FILGUEIRAS;RUA GONCALVES LEDO;;0;;Colisão Lateral;Luz do Dia;Bom;Seca;Cruz;Pare;Residencial;0;0;2;1;0;0;0;0;0;0;0;0;-38,515004;-3,727667
303210;29;12;2016;12:31;0;AV MON TABOSA;;;135;;Colisão Transversal;Luz do Dia;Nublado;Seca;Não Informado;Não Há Controle;Comercial;0;0;2;1;0;0;0;0;0;0;0;0;-38,518117;-3,723656
303211;29;12;2016;14:00;1564;RUA CAROLINA SUCUPIRA;RUA LEONARDO MOTA;;0;;Capotamento;Luz do Dia;Bom;Molhada;Cruz;Pare;Residencial;0;0;2;1;0;0;0;0;0;0;0;0;-38,497995;-3,741825
303212;29;12;2016;14:32;0;AV AGUANAMBI;;;0;ROTATÓRIA;Colisão Traseira;Luz do Dia;Bom;Seca;Rotatória;Dê Preferência;Comercial;0;0;2;1;0;0;0;0;0;1;0;0;;
303213;29;12;2016;15:15;12550;AV MAJ ASSIS;AV HILDEBRANDO DE MELO;;0;;Colisão Transversal;Luz do Dia;Bom;Seca;Cruz;Pare;Residencial;0;0;2;1;0;0;0;0;0;0;0;0;-38,589101;-3,723609
303214;29;12;2016;16:55;242;RUA GAL BERNARDO FIGUEIREDO;RUA COS ALVARO DE OLIVEIRA;;0;;Colisão Lateral;Luz do Dia;Bom;Seca;Cruz;Pare;Residencial;0;0;2;1;0;0;0;0;0;0;0;0;-38,555261;-3,740373
303215;29;12;2016;16:00;0;AV DR THEBERGE;;;1869;;Colisão Transversal;Luz do Dia;Bom;Seca;Meio de Quadra;Não Há Controle;Comercial;0;0;2;1;0;0;0;0;0;0;0;0;-38,565823;-3,717276
303216;29;12;2016;21:38;1321;RUA VICENTE LEITE;RUA MARCOS MACEDO;;0;;Colisão Lateral;Anoitecer;Bom;Não informada;Cruz;Pare;Residencial;0;0;2;1;0;0;0;0;0;0;0;0;-38,494787;-3,735201
303217;29;12;2016;20:10;13402;AV ANTONIO SALES;RUA ILDEFONSO ALBANO;;0;;Colisão Transversal;Via Iluminada;Bom;Seca;Cruz;Semáforo;Comercial;0;0;2;1;1;0;0;0;0;0;0;0;-38,515947;-3,741238
303218;29;12;2016;21:55;0;AV AGUANAMBI;;;1227;;Queda;Via Iluminada;Bom;Seca;Meio de Quadra;Não Há Controle;Comercial;0;2;0;0;0;0;0;0;0;1;0;0;-38,524616;-3,747462
303200;29;12;2016;05:29;25760;RUA CARLOS AMORA;RUA JOAQUIM MOREIRA D36;;0;;Queda;Amanhecer;Chuva;Molhada;Não Informado;Não Há Controle;Lazer;0;0;1;0;0;0;0;0;0;0;0;0;;
303201;29;12;2016;05:50;0;RUA GUILHERME ROCHA;;;1299;;Colisão Traseira;Luz do Dia;Bom;Seca;Meio de Quadra;Não Há Controle;Comercial;0;0;2;1;0;0;0;0;0;1;0;0;-38,538046;-3,723702
303202;29;12;2016;08:15;0;AV GAL OSORIO DE PAIVA;;;6770;;Choque c/ Obstáculo Fixo;Luz do Dia;Nublado;Seca;Meio de Quadra;Não Há Controle;Comercial;0;0;1;1;0;0;0;0;0;0;0;0;-38,610073;-3,813008
303203;29;12;2016;08:04;0;RUA COSTA BARROS;;;1101;;Colisão Traseira;Luz do Dia;Bom;Seca;Não Informado;Semáforo;Comercial;0;0;2;1;0;0;0;0;0;0;0;0;;
303204;29;12;2016;08:00;5290;AV DUQ CAXIAS;RUA PDE MORORO;;;;Colisão Traseira;Luz do Dia;Nublado;Molhada;Meio de Quadra;Não Há Controle;Comercial;0;0;2;1;1;0;0;0;0;0;0;0;-38,538552;-3,728983
303205;29;12;2016;09:15;1507;RUA PDE VALDEVINO;RUA BAR ARACATI;;0;;Colisão Traseira;Luz do Dia;Nublado;Seca;Cruz;Pare;Comercial;0;1;3;1;1;0;0;0;0;0;0;0;-38,514377;-3,739898
303206;29;12;2016;09:45;0;AV PRS CASTELO BRANCO;;;400;;Colisão Traseira;Luz do Dia;Nublado;Seca;Meio de Quadra;Dê Preferência;Comercial;0;0;4;1;0;0;0;0;0;0;0;0;-38,529136;-3,720706
303207;29;12;2016;09:32;7947;RUA ISAC AMARAL;RUA TIBURCIO CAVALCANTE;;0;;Colisão Lateral;Luz do Dia;Nublado;Seca;T;Pare;Comercial;0;0;2;0;0;0;0;0;0;0;0;0;-38,507695;-3,751894
303208;29;12;2016;10:44;3903;RUA PDE CICERO;AV JOAO PESSOA;;0;;Colisão Traseira;Luz do Dia;Bom;Seca;Cruz;Semáforo;Comercial;0;0;2;1;0;0;0;0;0;0;0;0;-38,543442;-3,745741
303753;29;12;2016;08:35;0;AV SEN CARLOS JEREISSATI (AEROPORTO);;;;KM 02;Colisão;Luz do Dia;Bom;Seca;Meio de Quadra;;;0;0;2;1;0;0;0;0;0;0;0;0;-38,535424;-3,782194
303754;29;12;2016;11:27;0;RD CE-025;;;;KM-01;Colisão;Luz do Dia;Bom;Seca;Meio de Quadra;;;0;0;2;1;0;0;0;0;0;0;0;0;-38,470049;-3,807811
292604;29;12;2016;13:10;0;AV CASTELO DE CASTRO;;;1023;;Colisão;Luz do Dia;;;Meio de Quadra;;;1;0;1;0;0;0;0;0;0;1;0;0;-38,521736;-3,838539
292605;29;12;2016;11:00;0;AV RAD JOSE LIMA VERDE;;;993;;Colisão Traseira;Luz do Dia;Nublado;Molhada;Meio de Quadra;Não Há Controle;Comercial;1;0;2;1;1;0;0;0;0;1;0;0;-38,588933;-3,700806
292610;29;12;2016;21:10;0;RUA CAP FRANCISCO PEDRO;;;118;;Atropelamento;;;;Meio de Quadra;;;1;0;1;0;1;0;0;0;0;0;0;0;-38,560888;-3,707567
300121;29;12;2016;01:35;15189;RUA FRE MANSUETO;AV ABOLICAO;;;;Queda;;;;Cruz;Semáforo;Comercial;0;1;0;0;0;0;0;0;0;1;0;0;-38,489324;-3,726368
300129;29;12;2016;05:25;0;RD BR 116;;;12000;KM-12;Atropelamento;Amanhecer;;;Meio de Quadra;;;0;1;1;1;0;0;0;0;0;0;0;0;-38,496066;-3,85574
300300;29;12;2016;18:30;3177;RUA ANSELMO NOGUEIRA;RUA CARLOS CHAGAS;;;;Colisão Lateral;Via Iluminada;Bom;Seca;Cruz;Pare;Residencial;0;2;2;1;0;0;0;0;0;1;0;0;-38,586797;-3,779698
300314;29;12;2016;20:24;0;AV GOV RAUL BARBOSA;;;;;Queda;;;;Meio de Quadra;;;0;1;0;0;0;0;0;0;0;1;0;0;;
300308;29;12;2016;20:09;0;RUA ANA BATISTA;;;724;MERCANTIL PAIS E FILHOS;Atropelamento;;;;Meio de Quadra;;;0;2;0;0;0;0;0;0;0;1;0;0;;
300333;29;12;2016;21:45;0;RUA CEL JOAO CORREIA;;;3725;;Colisão;;;;Meio de Quadra;;;0;2;1;1;0;0;0;1;0;0;0;0;-38,626075;-3,785236
300329;29;12;2016;21:15;0;RUA PRO COSTA MENDES;;;;;Colisão;;;;Meio de Quadra;;;0;1;1;0;0;0;0;0;0;0;0;0;;
300319;29;12;2016;20:52;0;RUA TIBURCIO CAVALCANTE;;;3314;;Colisão;;;;Meio de Quadra;;;0;1;1;0;0;0;0;0;0;0;0;0;-38,508336;-3,753969
300250;29;12;2016;16:31;0;RUA ALBERTO MAGNO;;;318;;Colisão Transversal;Luz do Dia;Bom;Seca;Não Informado;Não Há Controle;Comercial;0;1;1;1;0;0;0;0;0;1;0;0;-38,544964;-3,759138
300252;29;12;2016;16:52;0;RUA BERNARDO MANUEL;;;125;;Atropelamento;Luz do Dia;;;Meio de Quadra;;;0;1;1;0;0;0;0;0;0;0;0;0;;
300208;29;12;2016;15:10;0;AV BEZERRA DE MENEZES;;;;;Colisão;Luz do Dia;;;Meio de Quadra;;;0;1;1;0;0;0;0;0;0;1;0;0;;
300268;29;12;2016;18:28;0;RUA JOAO FIRMINO;;;306;;Colisão;Anoitecer;;;Meio de Quadra;;;0;2;1;1;0;0;0;0;0;1;0;0;;
300266;29;12;2016;18:16;0;AV EDILSON B SOARES;;;72;;Colisão;Anoitecer;;;Meio de Quadra;;;0;2;1;1;0;0;0;0;0;1;0;0;;
300263;29;12;2016;18:10;0;RUA CEL MATOS DOURADO;;;1313;;Colisão Traseira;Luz do Dia;Nublado;Seca;Meio de Quadra;Não Há Controle;Comercial;0;0;3;1;0;0;0;0;0;0;0;0;-38,583348;-3,751738
300264;29;12;2016;18:14;10005;RUA TAQUARI;RUA DUAS NACOES;;;;Colisão Transversal;Via Iluminada;Bom;Seca;Cruz;Pare;Residencial;0;0;4;1;0;0;0;0;0;1;0;0;-38,601822;-3,776149
300259;29;12;2016;17:59;0;AV GAL OSORIO DE PAIVA;;;4505;;Colisão Lateral;Via Iluminada;Bom;Seca;Outros;Não Há Controle;Comercial;0;0;2;1;0;0;0;0;0;0;0;0;-38,595561;-3,798017
300257;29;12;2016;17:51;0;AV DEP PAULINO ROCHA;;;1690;;Colisão Lateral;Anoitecer;Bom;Seca;Meio de Quadra;Semáforo;Comercial;0;1;1;0;0;1;0;0;0;1;0;0;-38,512129;-3,811796
300270;29;12;2016;18:28;0;RUA ROMEU MARTINS;;;310;;Colisão;Anoitecer;;;Meio de Quadra;;;0;1;1;1;0;0;0;0;0;1;0;0;-38,555434;-3,764372
300153;29;12;2016;07:45;0;AV ENG HUMBERTO MONTE;;;1933;;Colisão;Luz do Dia;;;Meio de Quadra;;;0;1;1;1;0;0;0;0;0;1;0;0;-38,56456;-3,744172
300160;29;12;2016;07:51;0;RUA JOSE FACANHA;;;676;;Queda;Luz do Dia;;;Meio de Quadra;;;0;1;0;0;0;0;0;0;0;1;0;0;-38,557325;-3,75208
300158;29;12;2016;07:51;0;AV GOV PARSIFAL BARROSO;;;25;;Queda;Luz do Dia;;;Meio de Quadra;;;0;1;0;0;0;0;0;0;0;1;0;0;;
300165;29;12;2016;08:27;0;RUA CLUBE;;;;;Queda;Luz do Dia;;;Meio de Quadra;;;0;1;0;0;0;0;0;0;0;1;0;0;;
300167;29;12;2016;08:28;0;RUA ALFREDO MAMEDE;;;250;;Colisão;Luz do Dia;;;Meio de Quadra;;;0;1;1;0;0;1;0;0;0;0;0;0;;
300170;29;12;2016;09:52;0;AV CEL CARVALHO;;;;;Colisão;Luz do Dia;;;Meio de Quadra;;;0;2;1;1;0;0;0;0;0;1;0;0;;
300151;29;12;2016;07:32;0;RD QUARTO ANEL VIARIO;;;1700;;Queda;Luz do Dia;;;Meio de Quadra;;;0;2;0;0;0;0;0;0;0;1;0;0;-38,524694;-3,863296