COD_ACIDENTE;DIA;MES;ANO;HORA;INTERSECAO;LOG1;LOG2;LOG3;NUMERO;REFERENCIA;NATUREZA;ILUMINACAO;TEMPO;SUPERFICIEPISTA;TIPOCRUZAMENTO;CONTROLETRAFEGO;USOSOLO;MORTOS;FERIDOS;ILESOS;AUTOMOVEL;ONIBUS;BICICLETA;CAMINHAO;MICROONIBUS;CICLOMOTOR;MOTOCICLETA;TRACAOANIMAL;TREM;LONG;LAT
300149;29;12;2016;07:27;0;RUA TEODOMIRO DE CASTRO;;;6280;;Colisão;Luz do Dia;;;Meio de Quadra;;;0;1;1;1;0;0;0;0;0;1;0;0;-38,57641;-3,717003
300146;29;12;2016;07:27;3368;RUA RIO GRANDE DO SUL;RUA AMAZONAS;;;;Colisão Transversal;Luz do Dia;Nublado;Molhada;Cruz;Pare;Residencial;0;2;1;1;0;0;0;0;0;1;0;0;-38,564164;-3,753306
300136;29;12;2016;06:51;0;AV 13 DE MAIO;;;1579;;Atropelamento;Luz do Dia;Chuva;Molhada;Meio de Quadra;Não Há Controle;Comercial;0;1;2;1;0;0;0;0;0;0;0;0;-38,532624;-3,746502
300134;29;12;2016;06:47;3819;RUA JUVENAL GALENO;AV CARAPINIMA;;;;Queda;Luz do Dia;;;Cruz;Semáforo;Comercial;0;2;0;0;0;0;0;0;0;1;0;0;-38,539176;-3,738998
300202;29;12;2016;11:49;9097;RUA CEL PERGENTINO FERREIRA;RUA LAURO MAIA;;;;Queda;Luz do Dia;;;Cruz;Semáforo;Comercial;0;1;0;0;0;0;0;0;0;1;0;0;-38,522736;-3,748036
300200;29;12;2016;11:44;0;AV CONTORNO SUL;;;1155;;Colisão;Luz do Dia;;;Meio de Quadra;;;0;1;1;0;0;0;0;0;0;0;0;0;;
300198;29;12;2016;11:40;0;AV CASTELO DE CASTRO;;;1017;JANGURUSSU;Colisão;Luz do Dia;;;Meio de Quadra;;;0;1;1;0;0;0;0;0;0;0;0;0;-38,521733;-3,838463
300189;29;12;2016;11:05;5122;AV IMPERADOR;RUA SAO PAULO;;;;Colisão;Luz do Dia;;;Cruz;Semáforo;Comercial;0;1;1;0;0;0;0;0;0;1;0;0;-38,533522;-3,724049
300195;29;12;2016;11:12;3819;AV CARAPINIMA;RUA JUVENAL GALENO;;;;Queda;Luz do Dia;;;Cruz;Semáforo;Comercial;0;1;0;0;0;0;0;0;0;1;0;0;-38,539176;-3,738998
300174;29;12;2016;09:57;0;AV RAD JOSE LIMA VERDE;;;991;;Colisão;Luz do Dia;;;Meio de Quadra;;;0;2;1;0;1;0;0;0;0;1;0;0;-38,588902;-3,700777
300175;29;12;2016;10:10;25149;RUA MON CATAO;AV DOM LUIS;;;;Colisão Lateral;Luz do Dia;Bom;Seca;Duplo T;Pare;Comercial;0;1;3;1;0;1;0;0;0;0;0;0;-38,489602;-3,735758
300187;29;12;2016;10:22;0;AV GODOFREDO MACIEL;;;3512;;Colisão;Luz do Dia;;;Meio de Quadra;;;0;3;1;1;0;0;0;0;0;0;0;0;-38,572804;-3,805722
292988;29;12;2016;18:41;24331;AV LUCIANO CARNEIRO;RUA ARMANDO MONTEIRO;;;;Colisão Transversal;Via Iluminada;Bom;Seca;Cruz;Pare;Residencial;0;2;1;1;0;0;0;0;0;1;0;0;-38,536219;-3,763454
292999;29;12;2016;00:56;1534;RUA MON CATAO;RUA EDUARDO GARCIA;;;;Colisão Lateral;Via Iluminada;Bom;Seca;Cruz;Pare;Residencial;0;3;0;1;0;0;0;0;0;0;0;0;-38,491196;-3,740726
293003;29;12;2016;23:20;0;AV JOVITA FEITOSA;;;;;Choque c/ Obstáculo Fixo;Mal Iluminada;Bom;Seca;Meio de Quadra;Não Há Controle;Comercial;0;0;1;1;0;0;0;0;0;0;0;0;;
293004;29;12;2016;18:00;26083;AV BEZERRA DE MENEZES;AV JOSE JATAHY;;;;Colisão Lateral;Luz do Dia;Bom;Seca;Cruz;Semáforo;Comercial;0;1;1;0;1;0;0;0;0;1;0;0;;
293001;29;12;2016;16:40;22110;RUA MON FURTADO;RUA TAVARES IRACEMA;;;;Colisão Lateral;Luz do Dia;Bom;Seca;Cruz;Não Há Controle;Residencial;0;1;1;0;0;0;0;0;0;1;0;0;-38,553916;-3,751292
293006;29;12;2016;14:20;24221;RUA JOSE CARLOS GURGEL NOGUEIRA;RUA PRO HERACLITO;;;;Colisão Transversal;Luz do Dia;Bom;Seca;Cruz;Pare;Residencial;0;2;1;1;0;0;0;0;0;1;0;0;-38,47386;-3,732973
293009;29;12;2016;22:30;0;RUA SAO JOSE DE RIBAMAR;;;;;Colisão Lateral;Via Iluminada;Bom;Seca;;;Residencial;0;0;2;1;0;0;0;0;0;0;0;0;;
295848;29;12;2016;14:30;0;AV SGT HERMINIO SAMPAIO;;;2755;;Colisão Lateral;Luz do Dia;Bom;Seca;T;Pare;Residencial;0;1;2;1;0;0;0;0;0;1;0;0;-38,564626;-3,727104
295843;29;12;2016;08:00;5965;AV C CJ CEARA;AV F CJ CEARA;;;;Colisão;Luz do Dia;;;Cruz;Pare;Residencial;0;0;2;1;0;0;0;0;0;0;0;0;;
295846;29;12;2016;10:00;0;RUA MIGUEL COUTO;;;611;;Colisão;Luz do Dia;;;Meio de Quadra;;;0;1;1;0;0;0;0;0;0;1;0;0;;
295856;29;12;2016;14:57;17613;RUA ACRE;RUA PIAUI;;;;Colisão Frontal;Luz do Dia;Bom;Seca;Cruz;Pare;Industrial;0;0;3;0;0;0;0;0;0;0;0;0;-38,564044;-3,758417
295860;30;12;2016;08:35;15254;AV ANTONIO JUSTA;RUA VICENTE LEITE;;;;Colisão Traseira;Luz do Dia;Bom;Seca;Cruz;Pare;Residencial;0;1;1;1;0;0;0;0;0;0;0;0;-38,492584;-3,72828
295861;30;12;2016;21:00;0;AV TEN LISBOA;;;581;TRILHO;Atropelamento;;;;Meio de Quadra;;;0;1;1;0;0;0;0;0;0;0;0;1;-38,57255;-3,726392
295872;30;12;2016;12:30;0;AV ABOLICAO;;;3201;;Colisão Traseira;Luz do Dia;Bom;Seca;Meio de Quadra;Semáforo;Comercial;0;1;3;1;0;0;0;0;0;0;0;0;-38,491208;-3,726666
295877;30;12;2016;22:26;0;AV MAE LISBOA;;;393;;Choque c/ Obstáculo Fixo;;;;Meio de Quadra;;;0;1;0;1;0;0;0;0;0;0;0;0;-38,477959;-3,808171
295869;30;12;2016;16:55;0;AV JOSE BASTOS;;;;;Colisão;Luz do Dia;;;Meio de Quadra;;;0;1;1;1;0;0;0;0;0;0;0;0;;
293012;30;12;2016;19:51;0;RUA CEL FABRICIANO;;;1060;;Colisão Lateral;Anoitecer;Bom;Seca;Meio de Quadra;Não Há Controle;Residencial;0;2;1;1;0;0;0;0;0;1;0;0;-38,601165;-3,784624
293016;30;12;2016;08:25;0;RUA RUFINO DE ALENCAR;;;300;;Colisão Frontal;Luz do Dia;Bom;Seca;Meio de Quadra;Pare;Residencial;0;2;0;0;0;0;0;0;1;1;0;0;-38,522244;-3,724168
293063;30;12;2016;15:45;0;AV N CJ JOSE WALTER;;;1770;;Colisão Lateral;Luz do Dia;Bom;Seca;Meio de Quadra;Não Há Controle;Comercial;0;0;2;1;0;0;0;0;0;0;0;0;;
293064;30;12;2016;12:53;0;AV MON TABOSA;;;1253;;Colisão Lateral;Via Iluminada;Bom;Seca;Meio de Quadra;;Comercial;0;0;2;1;0;0;1;0;0;0;0;0;-38,508077;-3,724283
293042;30;12;2016;12:40;22088;RUA PRO COSTA MENDES;RUA MON FURTADO;;;;Colisão Traseira;Luz do Dia;Bom;Seca;Duplo T;Outros;Residencial;0;0;2;1;0;0;0;0;0;0;0;0;-38,55247;-3,749663
293060;30;12;2016;12:39;11077;RUA OREGON;RUA DR PEDRO WILSON D45;;;;Colisão Transversal;Luz do Dia;Bom;Seca;Cruz;Pare;Comercial;0;0;2;0;0;0;0;0;0;1;0;0;;
293056;30;12;2016;12:00;0;AV BAR STUDART;;;1043;;Colisão Traseira;Luz do Dia;Bom;Seca;Meio de Quadra;Não Há Controle;Comercial;0;0;2;1;0;0;0;0;0;0;0;0;-38,506259;-3,733508
293057;30;12;2016;00:20;9616;RUA CEL JOAO CORREIA;RUA ARI MAIA;;;;Colisão Transversal;;Bom;Seca;Cruz;;Residencial;0;0;2;1;0;0;0;0;0;0;0;0;-38,622171;-3,786338
293048;30;12;2016;14:00;5030;AV ALM BARROSO;RUA ALM JACEGUAI;;;;Colisão Lateral;Luz do Dia;Bom;Seca;T;Semáforo Intermitente;Lazer;0;0;2;1;0;0;1;0;0;0;0;0;-38,519363;-3,720749
300341;30;12;2016;07:34;0;RUA MON HIPOLITO BRASIL;;;392;;Atropelamento;Luz do Dia;;;Meio de Quadra;;;0;1;1;1;0;0;0;0;0;0;0;0;-38,577649;-3,759547
300350;30;12;2016;07:41;0;AV GODOFREDO MACIEL;;;5616;;Colisão;Luz do Dia;;;Meio de Quadra;;;0;1;1;1;0;0;0;0;0;1;0;0;-38,57855;-3,82361
300364;30;12;2016;07:43;0;AV GAL OSORIO DE PAIVA;;;5299;;Colisão;Luz do Dia;;;Meio de Quadra;;;0;1;1;1;0;0;0;0;0;1;0;0;-38,601371;-3,803984
300532;30;12;2016;07:56;0;AV PERIMETRAL;;;;;Colisão;Luz do Dia;;;Meio de Quadra;;;0;1;1;1;0;0;0;0;0;0;0;0;;
300567;30;12;2016;13:27;1312;RUA LEONARDO MOTA;AV DOM LUIS;;;;Colisão Transversal;Luz do Dia;Bom;Seca;Cruz;Semáforo;Comercial;0;1;2;0;0;0;0;0;0;1;0;0;-38,495445;-3,733872
300563;30;12;2016;10:16;0;AV PRS CASTELO BRANCO;;;2364;;Engavetamento;Luz do Dia;Bom;Seca;Meio de Quadra;Não Há Controle;Comercial;0;0;6;1;0;0;0;0;0;0;0;0;-38,549059;-3,713572
300564;30;12;2016;11:44;0;RUA NAT FEIJO;;;1002;;Queda;Luz do Dia;;;Meio de Quadra;;;0;1;0;0;0;1;0;0;0;0;0;0;-38,557601;-3,721207
300565;30;12;2016;11:56;0;AV MR HULL;;;;;Atropelamento;Luz do Dia;;;Meio de Quadra;Semáforo;Comercial;0;1;1;1;0;0;0;0;0;0;0;0;;
300558;30;12;2016;08:12;0;AV SGT HERMINIO SAMPAIO;;;3300;;Colisão;Luz do Dia;;;Meio de Quadra;;;0;1;1;1;0;0;0;0;0;1;0;0;-38,570258;-3,728096
300554;30;12;2016;08:10;0;RUA CAETANO SILVA (PASSARÉ);;;1648;;Colisão;Luz do Dia;;;Meio de Quadra;;;0;1;1;1;0;0;0;0;0;1;0;0;;
300618;30;12;2016;14:14;0;RUA 34 CJ HAB ST S JOAO;;;22;;Colisão;Luz do Dia;;;Meio de Quadra;;;0;1;1;1;0;0;0;0;0;1;0;0;-38,519508;-3,84382
300619;30;12;2016;15:02;0;AV FRE CIRILO;;;4186;;Colisão;Luz do Dia;;;Meio de Quadra;;;0;1;1;1;0;0;0;0;0;1;0;0;-38,495963;-3,820646
300644;30;12;2016;20:55;1437;RUA SILVA PAULET;RUA JOAO CARVALHO;;;;Colisão Lateral;Mal Iluminada;Bom;Não informada;Cruz;Pare;Comercial;0;1;3;1;0;0;0;0;0;1;0;0;-38,506557;-3,737966
300642;30;12;2016;20:49;0;AV CEL CARVALHO;;;344;;Colisão Traseira;Via Iluminada;Bom;Seca;Meio de Quadra;Não Há Controle;Comercial;0;1;2;1;0;0;0;0;0;1;0;0;-38,590878;-3,70606
300639;30;12;2016;19:08;0;AV JOAO PESSOA;;;;;Colisão;;;;Meio de Quadra;;;0;1;1;1;0;0;0;0;0;1;0;0;;
300640;30;12;2016;20:06;0;RUA STA ELISA D21;;;262;;Atropelamento;;;;Meio de Quadra;;;0;1;1;0;0;0;0;0;0;1;0;0;-38,554987;-3,708184
300623;30;12;2016;15:57;22877;RUA GUERRA JUNQUEIRO;RUA EFREN GONDIM;;;;Colisão;Luz do Dia;;;;;;0;1;1;1;0;0;0;0;0;1;0;0;-38,550309;-3,780673
300624;30;12;2016;16:37;0;AV ALBERTO CRAVEIRO;;;2750;;Colisão;Luz do Dia;;;Meio de Quadra;;;0;1;1;0;0;0;0;0;0;1;0;0;-38,521994;-3,803767
300635;30;12;2016;18:38;3360;RUA MINAS GERAIS;RUA DOS ESTADOS;;;;Atropelamento;;;;;;;0;1;1;1;0;0;0;0;0;0;0;0;-38,562835;-3,752753
300636;30;12;2016;18:54;0;AV CENTRAL CJ CEARA;;;;;Colisão;;;;Meio de Quadra;;;0;1;1;1;0;1;0;0;0;0;0;0;;
300637;30;12;2016;18:57;0;RUA CEL VIRGILIO NOGUEIRA (BOM JARDIM);;;1034;;Colisão;;;;Meio de Quadra;;;0;1;1;1;0;0;0;0;0;1;0;0;;
300621;30;12;2016;15:34;22353;AV BEZERRA DE MENEZES;RUA AMADEU FURTADO;;;;Colisão Traseira;Luz do Dia;Bom;Seca;Cruz;Semáforo;Comercial;0;0;4;1;0;0;0;0;0;0;0;0;-38,564079;-3,735591
300627;30;12;2016;16:56;11021;RUA MUNDICA PAULA;RUA GERMANO FRANCK;;;;Colisão;Luz do Dia;;;;;;0;1;1;1;0;0;0;0;0;1;0;0;-38,55747;-3,773259
300628;30;12;2016;17:30;10760;RUA JOCKEY CLUBE;RUA PDE SA LEITAO;;;;Colisão Lateral;Anoitecer;Bom;Seca;Cruz;Pare;Residencial;0;1;2;0;0;0;0;0;0;1;0;0;-38,581152;-3,761438
303758;30;12;2016;12:00;0;RD CE-025;;;;;Colisão;Luz do Dia;Bom;Seca;Meio de Quadra;;;0;0;2;1;0;0;0;0;0;1;0;0;;
303233;30;12;2016;21:15;0;RUA BAR ARATANHA;;;1390;;Colisão Lateral;Via Iluminada;Bom;Seca;Meio de Quadra;Pare;Comercial;0;0;2;1;0;0;0;0;0;0;0;0;;
303219;30;12;2016;08:30;0;RUA DIOGO CORREIA;;;501;;Colisão Traseira;Luz do Dia;Bom;Seca;Meio de Quadra;;;0;0;2;1;0;0;0;0;0;0;0;0;;
303220;30;12;2016;10:25;25450;RUA LIGIA MONTE;AV PDE ANTONIO TOMAS;;0;;Colisão Traseira;Luz do Dia;Bom;Seca;T;Não Há Controle;Residencial;0;0;2;1;0;0;0;0;0;0;0;0;;
303221;30;12;2016;12:45;4021;AV PRO GOMES DE MATOS;RUA DES PRAXEDES;;;;Colisão Transversal;Luz do Dia;Bom;Seca;Cruz;Semáforo;Comercial;0;0;1;1;0;0;0;0;0;1;0;0;-38,546229;-3,761872
303222;30;12;2016;13:35;15298;RUA ANA BILHAR;RUA BARBOSA DE FREITAS;;0;;Colisão Lateral;Luz do Dia;Bom;Seca;Cruz;Pare;Residencial;0;1;1;1;0;0;0;0;0;0;0;0;-38,495143;-3,729646
303223;30;12;2016;14:21;0;AL ROSAS;;;108;;Colisão Transversal;Luz do Dia;Bom;Seca;Meio de Quadra;Não Há Controle;Residencial;0;0;2;1;0;0;1;0;0;0;0;0;-38,470519;-3,752211
303224;30;12;2016;14:51;25901;RUA RAIMUNDO NERY;RUA ECA DE QUEIROZ;;0;;Colisão Lateral;Luz do Dia;Bom;Seca;Cruz;Pare;Comercial;0;0;2;1;1;0;0;0;0;0;0;0;;
303225;30;12;2016;15:32;0;AV HEROIS DO ACRE;;;160;;Colisão Traseira;Luz do Dia;Bom;Seca;Meio de Quadra;Não Há Controle;Comercial;0;0;2;1;0;0;0;0;0;0;0;0;-38,528793;-3,803079
303226;30;12;2016;16:34;23389;RUA CAP TIBURCIO DA FROTA;RUA SABINO MONTE;;0;;Colisão Lateral;Luz do Dia;Bom;Seca;Cruz;Pare;Residencial;0;0;1;1;0;0;0;0;0;0;0;0;-38,512291;-3,754815
303227;30;12;2016;16:53;0;AV DES GONZAGA;;;1720;;Colisão Traseira;Luz do Dia;Bom;Seca;Meio de Quadra;Semáforo;Comercial;0;0;2;1;0;0;0;0;0;0;0;0;;
303228;30;12;2016;15:00;631;RUA GOMES PASSOS;RUA COELHO DA FONSECA;;0;;Colisão Transversal;Luz do Dia;Bom;Seca;Cruz;Não Há Controle;Residencial;0;0;2;1;0;0;0;0;0;0;0;0;-38,561401;-3,711137
303229;30;12;2016;20:05;0;AV GOV RAUL BARBOSA;;;6700;;Colisão Lateral;Via Iluminada;Bom;Seca;Meio de Quadra;Não Há Controle;Comercial;0;0;2;1;0;0;0;0;0;1;0;0;-38,512532;-3,772857
303230;30;12;2016;19:15;0;AV JOSE JATAHY;;;1010;;Colisão Lateral;Via Iluminada;Não Informado;Seca;Meio de Quadra;Semáforo;Comercial;0;0;2;1;1;0;0;0;0;0;0;0;;
303231;30;12;2016;20:06;12954;AV PRS COSTA E SILVA;RUA BERNARDO MANUEL;;0;;Colisão Lateral;Anoitecer;Bom;Não informada;Cruz;Semáforo;Comercial;0;0;2;1;0;0;0;0;0;0;0;0;-38,558276;-3,821079
303232;31;12;2016;19:39;0;AV JOAO PESSOA;;;0;;Colisão Frontal;Luz do Dia;Bom;Seca;Meio de Quadra;Semáforo;Comercial;0;1;2;1;1;0;0;0;1;0;0;0;;
303234;31;12;2016;07:37;17583;RUA ESTADO DO RIO;RUA PIAUI;;0;;Colisão Lateral;Luz do Dia;Bom;Seca;Cruz;Pare;Residencial;0;0;0;1;1;0;0;0;0;0;0;0;;
303235;31;12;2016;12:25;0;AV CESAR CALS;AV PRO MURILO DA SILVEIRA;;0;;Colisão Transversal;Luz do Dia;Bom;Seca;Cruz;Pare;Comercial;0;0;4;1;1;0;0;0;0;1;0;0;;
303236;31;12;2016;11:40;15292;AV ANTONIO JUSTA;RUA FRE MANSUETO;;0;;Colisão Traseira;Luz do Dia;Bom;Seca;Cruz;Pare;Comercial;0;0;2;1;0;0;0;0;0;0;0;0;-38,48895;-3,729381
303238;31;12;2016;14:30;0;AV GODOFREDO MACIEL;;;3512;;Colisão Transversal;Luz do Dia;Bom;Seca;Cruz;Não Há Controle;Comercial;0;0;2;1;0;0;0;0;0;0;0;0;-38,572804;-3,805722
303239;31;12;2016;14:00;0;AV GOV RAUL BARBOSA;;;501;;Colisão Traseira;Luz do Dia;Bom;Seca;Meio de Quadra;Não Há Controle;Residencial;0;0;2;1;0;0;0;0;0;1;0;0;;
292618;31;12;2016;09:00;0;AV PRS COSTA E SILVA;;;681;;Colisão Lateral;Luz do Dia;Bom;Seca;Meio de Quadra;Não Há Controle;Residencial;1;0;1;0;1;0;0;0;0;1;0;0;-38,516002;-3,805938
300655;31;12;2016;00:47;0;RD BR 116;;;8000;KM-08;Colisão;;;;Meio de Quadra;;;0;1;1;0;0;0;0;0;0;0;0;0;-38,503269;-3,822018
300657;31;12;2016;08:19;0;AV JUSCELINO KUBITSCHEK (CANINDEZINHO);;;1951;;Colisão;Luz do Dia;;;Meio de Quadra;;;0;1;1;1;0;0;0;0;0;1;0;0;;
300658;31;12;2016;08:28;0;RUA RUI MONTE;;;95;;Choque c/ Obstáculo Fixo;Luz do Dia;;;Meio de Quadra;;;0;1;0;1;0;0;0;0;0;0;0;0;-38,587499;-3,740046
300659;31;12;2016;09:29;4016;RUA JULIO CESAR D12;RUA PRO COSTA MENDES;;;;Colisão Transversal;Luz do Dia;Bom;Seca;Cruz;Pare;Comercial;0;1;4;1;0;0;0;0;0;1;0;0;-38,546911;-3,754698
300672;31;12;2016;10:36;0;AV JOSE JATAHY;;;1512;;Atropelamento;Luz do Dia;;;Meio de Quadra;;;0;1;1;0;0;0;0;0;0;1;0;0;;
300686;31;12;2016;13:51;0;RUA CACILDA BECKER;;;271;;Colisão;Luz do Dia;;;Meio de Quadra;;;0;1;1;1;0;0;0;0;0;1;0;0;-38,58827;-3,773136
300690;31;12;2016;14:43;0;RUA DOZE;;;543;;Colisão;Luz do Dia;;;Meio de Quadra;;;0;1;1;1;0;0;0;0;0;1;0;0;;
300691;31;12;2016;14:55;0;RUA ORIENTE;;;;;Colisão;Luz do Dia;;;Meio de Quadra;;;0;1;1;1;0;0;0;0;0;0;0;0;;
300692;31;12;2016;15:05;0;AV FRANCISCO SA;;;6100;;Colisão;Luz do Dia;;;Meio de Quadra;;;0;1;1;1;0;0;0;0;0;1;0;0;-38,578925;-3,710005
300693;31;12;2016;15:26;21262;RUA MARCILIO DIAS;RUA ALVARO DE ALENCAR;;;;Colisão;Luz do Dia;;;Cruz;;Misto;0;1;1;0;0;0;0;0;0;1;0;0;-38,55673;-3,709959
300682;31;12;2016;13:07;0;AV GAL OSORIO DE PAIVA;;;6297;;Colisão;Luz do Dia;;;Meio de Quadra;;;0;2;1;0;0;0;0;0;0;1;0;0;-38,607921;-3,810793
300680;31;12;2016;11:16;0;AV DIOGUINHO;;;615;;Colisão;Luz do Dia;;;Meio de Quadra;;;0;1;1;0;0;0;0;0;0;0;0;0;;
300678;31;12;2016;11:09;0;AV PRS CASTELO BRANCO;;;2930;;Colisão;Luz do Dia;;;Meio de Quadra;;;0;1;1;1;0;0;0;0;0;1;0;0;-38,554605;-3,712034
300751;31;12;2016;20:56;0;RUA CEL JOAQUIM FRANKLIN;;;312;;Atropelamento;;;;Meio de Quadra;;;0;1;1;0;0;0;0;0;0;1;0;0;-38,588318;-3,742498
300752;31;12;2016;21:01;0;AV SGT HERMINIO SAMPAIO;;;;;Colisão;;;;;;;0;0;1;1;0;0;0;0;0;1;0;0;;
300741;31;12;2016;18:44;0;RUA GOMES PASSOS;;;411;;Colisão;;;;Meio de Quadra;;;0;1;1;1;0;0;0;0;0;1;0;0;-38,559711;-3,711724
300742;31;12;2016;18:56;0;AV MR HULL;;;;;Colisão;;;;Meio de Quadra;;;0;1;1;0;0;0;0;0;0;0;0;0;;
300743;31;12;2016;20:29;0;AV ABOLICAO;;;3991;;Colisão;;;;Meio de Quadra;;;0;1;1;1;0;0;0;0;0;1;0;0;-38,4835;-3,725104
300733;31;12;2016;18:16;0;RD BR 020;;;;;Queda;Anoitecer;;;Meio de Quadra;;;0;1;0;0;0;0;0;0;0;1;0;0;;
300746;31;12;2016;20:37;0;RUA DR LUIS COSTA;;;106;;Atropelamento;;;;Meio de Quadra;;;0;1;1;0;0;0;0;0;0;0;0;0;;
300688;31;12;2016;14:33;0;RUA 816 CJ CEARA;;;202;;Colisão;Luz do Dia;;;Meio de Quadra;;;0;1;1;0;0;0;0;0;0;0;0;0;;
300696;31;12;2016;15:49;0;RUA CEL DIONISIO ALENCAR;;;790;CAMPO MURILAO;Colisão;Luz do Dia;;;Meio de Quadra;;;0;1;1;1;1;0;0;0;0;0;0;0;;
300697;31;12;2016;16:00;0;AV MIN JOSE AMERICO;;;495;;Colisão;Luz do Dia;;;Meio de Quadra;;;0;2;1;1;0;0;0;0;0;1;0;0;-38,495344;-3,811027
300709;31;12;2016;17:05;0;RUA BENTO GONCALVES;;;700;;Colisão;Anoitecer;;;Meio de Quadra;;;0;1;1;0;0;0;1;0;0;1;0;0;;
300701;31;12;2016;16:14;0;AV SIQUEIRA CAMPOS;;;185;;Colisão;Luz do Dia;;;Meio de Quadra;;;0;1;1;1;0;0;0;0;0;1;0;0;-38,619513;-3,820966
300705;31;12;2016;16:57;0;RUA MAJ TELESFORO;;;85;;Atropelamento;Luz do Dia;;;Meio de Quadra;;;0;1;1;1;0;0;0;0;0;0;0;0;;
300723;31;12;2016;18:01;0;RUA MARTINS CARVALHO;;;2870;;Atropelamento;Anoitecer;;;Meio de Quadra;;;0;1;1;0;1;0;0;0;0;0;0;0;-38,620615;-3,790501
300713;31;12;2016;17:25;0;AV DR THEBERGE;;;1452;;Colisão;Anoitecer;;;Meio de Quadra;;;0;2;1;1;0;0;0;0;0;1;0;0;-38,56499;-3,714744
300721;31;12;2016;17:26;0;RUA BERNARDO MANUEL;;;7845;;Colisão;Anoitecer;;;Meio de Quadra;;;0;1;1;0;0;0;0;0;0;0;0;0;-38,547723;-3,786745
300776;31;12;2016;22:55;0;AV PRS CASTELO BRANCO;;;6417;CUCA CHE GUEVARA;Atropelamento;;;;Meio de Quadra;;;0;2;0;0;0;1;0;0;0;0;0;0;-38,586864;-3,700439
300769;31;12;2016;22:02;0;RUA FRANCISCO TEIXEIRA DE ALCANTARA;;;300;;Queda;;;;Meio de Quadra;;;0;1;0;0;0;0;0;0;0;1;0;0;;
300767;31;12;2016;20:37;0;AV SGT HERMINIO SAMPAIO;;;4562;;Colisão;;;;Meio de Quadra;;;0;1;1;1;0;0;0;0;0;1;0;0;;
300784;31;12;2016;23:31;0;RUA ABILIO FARIAS;;;35;;Colisão;;;;Meio de Quadra;;;0;1;1;0;0;0;0;0;0;0;0;0;;
300786;31;12;2016;23:41;0;RUA GOMES DE FREITAS (PLANALTO AYRTON SENNA);;;726;;Colisão;;;;Meio de Quadra;;;0;1;1;0;0;0;0;0;0;0;0;0;;
300787;31;12;2016;23:51;0;RUA GASPAR LEMOS;;;356;;Colisão;;;;Meio de Quadra;;;0;1;1;1;0;1;0;0;0;0;0;0;;
300772;31;12;2016;22:45;0;AV MR HULL;;;;;Colisão;;;;Meio de Quadra;;;0;1;1;1;0;0;0;0;0;1;0;0;;
293066;31;12;2016;11:40;0;AV GAL OSORIO DE PAIVA;;;1350;;Colisão Lateral;Luz do Dia;Bom;Seca;Meio de Quadra;Semáforo;Comercial;0;0;2;1;0;0;0;0;0;1;0;0;-38,573462;-3,78
293067;31;12;2016;04:00;15832;RUA PDE PEDRO DE ALENCAR;RUA EDUARDO PORTO;;;;Choque c/ Obstáculo Fixo;Via Iluminada;Bom;Seca;Cruz;Semáforo;Comercial;0;0;1;1;0;0;0;0;0;0;0;0;-38,494029;-3,832741
293078;31;12;2016;02:44;0;RUA SATIRO DIAS;;;43;;Choque c/ Obstáculo Fixo;Via Iluminada;Bom;Seca;Meio de Quadra;Pare;Residencial;2;0;0;0;0;0;0;0;0;1;0;0;-38,545182;-3,76404
293071;31;12;2016;00:30;0;AV 13 DE MAIO;;;1025;;Colisão Traseira;Via Iluminada;Bom;Seca;Meio de Quadra;Semáforo;Comercial;0;0;2;1;0;0;0;0;0;0;0;0;-38,528411;-3,750109
295873;31;12;2016;07:50;15184;AV ABOLICAO;RUA TIBURCIO CAVALCANTE;;;;Colisão Traseira;Luz do Dia;Bom;Seca;Meio de Quadra;Semáforo;Residencial;0;1;3;1;1;0;0;0;0;1;0;0;-38,499409;-3,726066
295881;31;12;2016;03:20;5965;AV C CJ CEARA;AV F CJ CEARA;;;;Colisão Transversal;Via Iluminada;Bom;Seca;Cruz;Pare;Residencial;0;1;2;1;0;0;0;0;0;0;0;0;;
295890;31;12;2016;12:45;0;RUA PERNAMBUCO;;;2391;;Colisão;Luz do Dia;;;Meio de Quadra;;;0;1;1;1;0;0;0;0;0;0;0;0;-38,576549;-3,753108
295893;31;12;2016;13:20;0;AV PRO GOMES DE MATOS;;;777;;Colisão Transversal;Luz do Dia;Bom;Seca;Meio de Quadra;Não Há Controle;Comercial;0;2;2;1;0;0;0;0;0;1;0;0;-38,54487;-3,760281
295903;31;12;2016;18:30;3831;AV 13 DE MAIO;RUA MAL DEODORO;;;;Colisão Lateral;Via Iluminada;Bom;Seca;Cruz;Semáforo;Comercial;0;1;3;1;0;0;0;0;0;1;0;0;-38,536588;-3,743122
295899;31;12;2016;20:00;0;AV C CJ JOSE WALTER;;;1135;;Colisão;;;;Meio de Quadra;;;0;1;1;0;1;0;0;0;0;1;0;0;;
296062;31;12;2016;13:00;0;RD BR 116;;;8000;KM-08;Colisão Traseira;Luz do Dia;;;Meio de Quadra;;;0;2;2;1;0;0;0;0;0;0;0;0;-38,503269;-3,822018